time,edge,vehicles,speed,waiting,halting,traveltime,congestion
1,N2C,1,13.89,0.0,0,17.25,0.006
1,S2C,1,13.4615,0.0,0,17.8,0.0122
1,E2C,1,13.89,0.0,0,17.25,0.006
1,W2C,1,13.89,0.0,0,17.25,0.006
2,N2C,1,13.2784,0.0,0,18.04,0.0148
2,S2C,1,13.0561,0.0,0,18.35,0.018
2,E2C,1,13.5495,0.0,0,17.68,0.0109
2,W2C,1,13.4471,0.0,0,17.82,0.0124
3,N2C,1,13.2541,0.0,0,18.08,0.0152
3,S2C,1,13.2147,0.0,0,18.13,0.0157
3,E2C,1,13.4511,0.0,0,17.81,0.0123
3,W2C,1,13.8511,0.0,0,17.3,0.0066
4,N2C,1,13.3091,0.0,0,18.0,0.0144
4,S2C,1,12.8743,0.0,0,18.61,0.0206
4,E2C,1,13.5912,0.0,0,17.63,0.0103
4,W2C,1,13.602,0.0,0,17.61,0.0101
5,N2C,1,13.8625,0.0,0,17.28,0.0064
5,S2C,1,13.3115,0.0,0,18.0,0.0143
5,E2C,1,13.8108,0.0,0,17.35,0.0071
5,W2C,1,13.2412,0.0,0,18.09,0.0153
6,N2C,1,13.8031,0.0,0,17.36,0.0073
6,S2C,1,12.8839,0.0,0,18.6,0.0205
6,E2C,1,13.6898,0.0,0,17.5,0.0089
6,W2C,1,13.3881,0.0,0,17.9,0.0132
7,N2C,1,13.4333,0.0,0,17.84,0.0126
7,S2C,1,13.1676,0.0,0,18.2,0.0164
7,E2C,1,13.5311,0.0,0,17.71,0.0112
7,W2C,1,13.2565,0.0,0,18.07,0.0151
8,N2C,1,13.3396,0.0,0,17.96,0.0139
8,S2C,1,13.4053,0.0,0,17.87,0.013
8,E2C,1,13.7234,0.0,0,17.46,0.0084
8,W2C,1,13.3824,0.0,0,17.9,0.0133
9,N2C,1,13.6171,0.0,0,17.6,0.0099
9,S2C,1,13.2033,0.0,0,18.15,0.0159
9,E2C,1,13.5333,0.0,0,17.7,0.0111
9,W2C,1,13.3384,0.0,0,17.96,0.0139
10,N2C,1,13.5008,0.0,0,17.75,0.0116
10,S2C,1,12.9316,0.0,0,18.53,0.0198
10,E2C,1,13.8527,0.0,0,17.3,0.0065
10,W2C,1,13.2612,0.0,0,18.07,0.0151
11,N2C,1,13.3875,0.0,0,17.9,0.0132
11,S2C,1,13.4552,0.0,0,17.81,0.0123
11,E2C,1,13.4579,0.0,0,17.8,0.0122
11,W2C,1,13.8313,0.0,0,17.32,0.0068
12,N2C,1,13.3523,0.0,0,17.94,0.0137
12,S2C,1,13.1457,0.0,0,18.23,0.0167
12,E2C,1,13.47,0.0,0,17.79,0.012
12,W2C,1,13.733,0.0,0,17.45,0.0083
13,N2C,1,13.5803,0.0,0,17.64,0.0105
13,S2C,1,13.1522,0.0,0,18.22,0.0166
13,E2C,1,13.6361,0.0,0,17.57,0.0097
13,W2C,1,13.3179,0.0,0,17.99,0.0142
14,N2C,1,13.5555,0.0,0,17.68,0.0108
14,S2C,1,13.0873,0.0,0,18.31,0.0176
14,E2C,1,13.4315,0.0,0,17.84,0.0126
14,W2C,1,13.6685,0.0,0,17.53,0.0092
15,N2C,1,13.7014,0.0,0,17.49,0.0087
15,S2C,1,13.4205,0.0,0,17.85,0.0128
15,E2C,1,13.4455,0.0,0,17.82,0.0124
15,W2C,1,13.7735,0.0,0,17.4,0.0077
16,N2C,1,13.2802,0.0,0,18.04,0.0148
16,S2C,1,13.2428,0.0,0,18.09,0.0153
16,E2C,1,13.6601,0.0,0,17.54,0.0093
16,W2C,1,13.8344,0.0,0,17.32,0.0068
17,N2C,1,13.8643,0.0,0,17.28,0.0064
17,S2C,1,12.8969,0.0,0,18.58,0.0203
17,E2C,1,13.2853,0.0,0,18.03,0.0147
17,W2C,1,13.3021,0.0,0,18.01,0.0145
18,N2C,1,13.7699,0.0,0,17.4,0.0077
18,S2C,1,13.1691,0.0,0,18.19,0.0164
18,E2C,1,12.225,0.0,0,19.6,0.03
18,W2C,1,12.8146,0.0,0,18.7,0.0215
19,N2C,1,13.89,0.0,0,17.25,0.006
19,S2C,2,11.8497,0.0,0,20.22,0.0414
19,E2C,2,10.3329,0.0,0,23.19,0.0632
19,W2C,2,9.7729,0.0,0,24.52,0.0713
20,N2C,1,13.3663,0.0,0,17.93,0.0135
20,S2C,1,12.075,0.0,0,19.84,0.0321
20,E2C,2,8.3062,0.0,0,28.85,0.0924
20,W2C,2,7.2841,0.0,0,32.89,0.1071
21,N2C,1,13.4851,0.0,0,17.77,0.0118
21,S2C,1,12.3571,0.0,0,19.39,0.0281
21,E2C,2,7.1762,0.0,0,33.39,0.1087
21,W2C,2,6.2213,0.0,0,38.51,0.1224
22,N2C,1,13.7551,0.0,0,17.42,0.0079
22,S2C,1,12.4281,0.0,0,19.28,0.027
22,E2C,2,6.4374,0.0,0,37.22,0.1193
22,W2C,2,5.8471,0.0,0,40.98,0.1278
23,N2C,1,13.8611,0.0,0,17.29,0.0064
23,S2C,1,12.2556,0.0,0,19.55,0.0295
23,E2C,2,6.6473,0.0,0,36.04,0.1163
23,W2C,2,5.7964,1.0,1,41.34,0.1352
24,N2C,1,13.6324,0.0,0,17.58,0.0097
24,S2C,1,12.5611,0.0,0,19.07,0.0251
24,E2C,2,6.3712,1.0,1,37.61,0.1269
24,W2C,2,5.5649,2.0,1,43.06,0.1392
25,N2C,1,13.8574,0.0,0,17.29,0.0065
25,S2C,1,12.5015,0.0,0,19.17,0.026
25,E2C,2,6.7308,2.0,1,35.6,0.1224
25,W2C,2,5.9012,3.0,1,40.6,0.135
26,N2C,1,13.8686,0.0,0,17.28,0.0063
26,S2C,1,12.6579,0.0,0,18.93,0.0237
26,E2C,2,6.8786,3.0,1,34.83,0.121
26,W2C,2,6.1048,4.0,1,39.25,0.1328
27,N2C,1,13.463,0.0,0,17.8,0.0121
27,S2C,1,12.2789,0.0,0,19.51,0.0292
27,E2C,2,6.3998,4.0,1,37.44,0.1285
27,W2C,2,5.7021,5.0,1,42.02,0.1392
28,N2C,1,13.3744,0.0,0,17.91,0.0134
28,S2C,1,12.5408,0.0,0,19.11,0.0254
28,E2C,2,6.768,5.0,1,35.4,0.1239
28,W2C,2,5.5118,6.0,1,43.47,0.1426
29,N2C,1,13.5601,0.0,0,17.67,0.0107
29,S2C,1,12.6267,0.0,0,18.98,0.0242
29,E2C,2,6.7767,6.0,1,35.36,0.1244
29,W2C,2,6.0674,7.0,1,39.49,0.1353
30,N2C,1,13.3837,0.0,0,17.9,0.0133
30,S2C,1,12.6055,0.0,0,19.01,0.0245
30,E2C,2,6.5999,7.0,1,36.3,0.1276
30,W2C,2,5.953,8.0,1,40.25,0.1376
31,N2C,1,13.7615,0.0,0,17.41,0.0079
31,S2C,1,12.4771,0.0,0,19.2,0.0263
31,E2C,2,6.513,8.0,1,36.79,0.1296
31,W2C,2,5.8003,9.0,1,41.31,0.1405
32,N2C,1,13.7387,0.0,0,17.44,0.0082
32,S2C,1,12.2711,0.0,0,19.53,0.0293
32,E2C,2,6.6153,9.0,1,36.22,0.1287
32,W2C,2,5.8303,10.0,1,41.1,0.1407
33,N2C,1,13.681,0.0,0,17.51,0.009
33,S2C,1,12.3398,0.0,0,19.42,0.0283
33,E2C,2,6.7184,10.0,1,35.66,0.1279
33,W2C,2,5.7784,11.0,1,41.46,0.1421
34,N2C,1,13.4857,0.0,0,17.77,0.0118
34,S2C,1,12.5579,0.0,0,19.08,0.0252
34,E2C,1,13.7274,0.0,0,17.45,0.0083
34,W2C,1,12.5222,0.0,0,19.13,0.0257
35,N2C,1,13.5815,0.0,0,17.64,0.0104
35,S2C,1,12.1778,0.0,0,19.68,0.0307
35,E2C,1,13.4599,0.0,0,17.8,0.0122
35,W2C,1,12.8805,0.0,0,18.6,0.0205
36,N2C,1,12.0902,0.0,0,19.82,0.0319
36,S2C,1,12.3402,0.0,0,19.42,0.0283
36,E2C,1,13.6163,0.0,0,17.6,0.0099
36,W2C,1,12.961,0.0,0,18.49,0.0194
37,N2C,2,9.9862,0.0,0,23.99,0.0682
37,S2C,2,11.492,0.0,0,20.85,0.0465
37,E2C,1,13.89,0.0,0,17.25,0.006
37,W2C,2,12.897,0.0,0,18.58,0.0263
38,N2C,2,7.7133,0.0,0,31.06,0.1009
38,S2C,2,11.1125,0.0,0,21.56,0.052
38,E2C,1,13.8285,0.0,0,17.33,0.0069
38,W2C,2,12.6554,0.0,0,18.93,0.0298
39,N2C,2,6.7296,0.0,0,35.6,0.1151
39,S2C,2,11.5395,0.0,0,20.76,0.0458
39,E2C,1,13.7783,0.0,0,17.39,0.0076
39,W2C,2,12.7489,0.0,0,18.79,0.0284
40,N2C,2,6.3656,0.0,0,37.64,0.1203
40,S2C,2,9.9854,0.0,0,23.99,0.0682
40,E2C,1,13.5129,0.0,0,17.73,0.0114
40,W2C,1,13.7732,0.0,0,17.4,0.0077
41,N2C,2,6.3165,1.0,1,37.93,0.1277
41,S2C,2,8.1991,0.0,0,29.22,0.0939
41,E2C,1,13.5719,0.0,0,17.65,0.0106
41,W2C,1,13.6802,0.0,0,17.51,0.009
42,N2C,2,6.4183,2.0,1,37.33,0.1269
42,S2C,2,6.1914,0.0,0,38.7,0.1229
42,E2C,1,13.3159,0.0,0,17.99,0.0143
42,W2C,1,13.2445,0.0,0,18.09,0.0153
43,N2C,2,6.2171,3.0,1,38.54,0.1305
43,S2C,2,5.7613,0.0,0,41.59,0.129
43,E2C,1,13.5812,0.0,0,17.64,0.0104
43,W2C,1,13.3356,0.0,0,17.97,0.014
44,N2C,2,6.3914,4.0,1,37.49,0.1286
44,S2C,2,5.4643,0.0,0,43.85,0.1333
44,E2C,1,13.2642,0.0,0,18.06,0.015
44,W2C,1,13.5983,0.0,0,17.62,0.0102
45,N2C,2,6.3953,5.0,1,37.46,0.1292
45,S2C,2,5.5387,1.0,1,43.26,0.1389
45,E2C,1,13.5556,0.0,0,17.68,0.0108
45,W2C,1,13.7875,0.0,0,17.38,0.0075
46,N2C,2,6.3217,6.0,1,37.9,0.131
46,S2C,2,5.4915,2.0,1,43.63,0.1403
46,E2C,1,13.5326,0.0,0,17.71,0.0111
46,W2C,1,13.4361,0.0,0,17.83,0.0125
47,N2C,2,6.3319,7.0,1,37.84,0.1315
47,S2C,2,5.4309,3.0,1,44.12,0.1418
47,E2C,1,13.3353,0.0,0,17.97,0.014
47,W2C,1,13.2881,0.0,0,18.03,0.0147
48,N2C,2,6.3133,8.0,1,37.95,0.1324
48,S2C,2,5.7716,4.0,1,41.51,0.1376
48,E2C,1,13.6471,0.0,0,17.56,0.0095
48,W2C,1,13.4817,0.0,0,17.77,0.0119
49,N2C,2,6.3276,9.0,1,37.87,0.1329
49,S2C,2,5.4906,5.0,1,43.64,0.1423
49,E2C,1,13.8686,0.0,0,17.28,0.0063
49,W2C,1,13.4303,0.0,0,17.84,0.0126
50,N2C,2,5.9617,10.0,1,40.19,0.1388
50,S2C,2,5.6969,6.0,1,42.06,0.14
50,E2C,1,13.4832,0.0,0,17.77,0.0119
50,W2C,1,13.6067,0.0,0,17.61,0.0101
51,N2C,2,6.2777,11.0,1,38.17,0.1349
51,S2C,2,5.8762,7.0,1,40.77,0.1381
51,E2C,1,13.7526,0.0,0,17.42,0.008
51,W2C,1,13.532,0.0,0,17.71,0.0112
52,N2C,2,5.8869,12.0,1,40.7,0.1412
52,S2C,2,5.5859,8.0,1,42.89,0.1429
52,E2C,1,13.254,0.0,0,18.08,0.0152
52,W2C,1,13.8539,0.0,0,17.29,0.0065
53,N2C,2,5.9182,13.0,1,40.49,0.1415
53,S2C,2,5.3895,9.0,1,44.46,0.1464
53,E2C,1,13.4179,0.0,0,17.86,0.0128
53,W2C,1,13.3906,0.0,0,17.89,0.0132
54,N2C,2,6.1365,14.0,1,39.04,0.139
54,S2C,2,5.8711,10.0,1,40.81,0.1401
54,E2C,1,13.3793,0.0,0,17.91,0.0134
54,W2C,1,13.6112,0.0,0,17.6,0.01
55,N2C,3,8.1583,15.0,1,29.37,0.1165
55,S2C,3,8.1678,11.0,1,29.33,0.1137
55,E2C,1,13.8289,0.0,0,17.33,0.0069
55,W2C,1,13.3816,0.0,0,17.91,0.0133
56,N2C,3,6.9833,16.0,1,34.31,0.1341
56,S2C,3,8.2784,12.0,1,28.94,0.1128
56,E2C,1,13.7163,0.0,0,17.47,0.0085
56,W2C,1,13.2916,0.0,0,18.03,0.0146
57,N2C,3,5.2118,17.0,1,45.97,0.1603
57,S2C,3,7.7795,13.0,1,30.8,0.1207
57,E2C,1,13.2223,0.0,0,18.12,0.0156
57,W2C,1,12.9893,0.0,0,18.45,0.019
58,N2C,3,4.4219,19.0,2,54.19,0.179
58,S2C,3,6.5359,14.0,1,36.66,0.1392
58,E2C,1,13.4867,0.0,0,17.77,0.0118
58,W2C,1,13.204,0.0,0,18.15,0.0159
59,N2C,3,4.4918,21.0,2,53.34,0.1793
59,S2C,3,5.6183,15.0,1,42.65,0.1531
59,E2C,1,13.2116,0.0,0,18.14,0.0158
59,W2C,1,13.2435,0.0,0,18.09,0.0153
60,N2C,3,4.334,23.0,2,55.28,0.1829
60,S2C,3,4.6707,16.0,1,51.3,0.1674
60,E2C,1,13.6789,0.0,0,17.52,0.009
60,W2C,1,13.36,0.0,0,17.93,0.0136
61,N2C,3,4.6151,25.0,2,51.92,0.1802
61,S2C,3,4.5366,18.0,2,52.81,0.1767
61,E2C,1,13.3261,0.0,0,17.98,0.0141
61,W2C,1,12.7352,0.0,0,18.81,0.0226
62,N2C,3,4.5864,27.0,2,52.24,0.182
62,S2C,3,4.4664,20.0,2,53.64,0.179
62,E2C,1,13.5462,0.0,0,17.69,0.011
62,W2C,1,12.8621,0.0,0,18.63,0.0208
63,N2C,3,4.3477,29.0,2,55.11,0.1867
63,S2C,3,4.341,22.0,2,55.19,0.1822
63,E2C,1,13.2153,0.0,0,18.13,0.0157
63,W2C,1,13.341,0.0,0,17.96,0.0139
64,N2C,3,4.3974,31.0,2,54.49,0.1873
64,S2C,3,4.2308,24.0,2,56.63,0.1851
64,E2C,1,13.6272,0.0,0,17.58,0.0098
64,W2C,1,12.9025,0.0,0,18.57,0.0202
65,N2C,3,4.2403,33.0,2,56.51,0.1909
65,S2C,3,4.627,26.0,2,51.78,0.1807
65,E2C,1,13.4235,0.0,0,17.85,0.0127
65,W2C,1,12.7403,0.0,0,18.81,0.0226
66,N2C,3,4.604,35.0,2,52.04,0.187
66,S2C,3,4.4478,28.0,2,53.87,0.1846
66,E2C,1,13.7347,0.0,0,17.44,0.0082
66,W2C,1,12.7921,0.0,0,18.73,0.0218
67,N2C,1,13.7894,0.0,0,17.38,0.0074
67,S2C,1,13.6049,0.0,0,17.61,0.0101
67,E2C,1,13.3995,0.0,0,17.88,0.0131
67,W2C,1,13.292,0.0,0,18.03,0.0146
68,N2C,1,13.4663,0.0,0,17.79,0.0121
68,S2C,1,13.8729,0.0,0,17.27,0.0062
68,E2C,1,13.3945,0.0,0,17.89,0.0131
68,W2C,1,13.2691,0.0,0,18.06,0.0149
69,N2C,1,13.5272,0.0,0,17.71,0.0112
69,S2C,1,13.328,0.0,0,17.98,0.0141
69,E2C,1,13.444,0.0,0,17.82,0.0124
69,W2C,1,13.076,0.0,0,18.32,0.0177
70,N2C,1,13.8535,0.0,0,17.3,0.0065
70,S2C,1,13.4249,0.0,0,17.85,0.0127
70,E2C,1,13.534,0.0,0,17.7,0.0111
70,W2C,1,12.7359,0.0,0,18.81,0.0226
71,N2C,1,13.8557,0.0,0,17.29,0.0065
71,S2C,1,13.2467,0.0,0,18.09,0.0153
71,E2C,1,13.8229,0.0,0,17.33,0.007
71,W2C,1,13.3517,0.0,0,17.95,0.0138
72,N2C,1,13.7026,0.0,0,17.49,0.0087
72,S2C,1,13.4513,0.0,0,17.81,0.0123
72,E2C,1,12.832,0.0,0,18.67,0.0212
72,W2C,1,12.7905,0.0,0,18.73,0.0218
73,N2C,1,13.0455,0.0,0,18.37,0.0182
73,S2C,1,13.483,0.0,0,17.77,0.0119
73,E2C,2,10.2216,0.0,0,23.44,0.0648
73,W2C,2,12.7317,0.0,0,18.82,0.0287
74,N2C,1,12.5011,0.0,0,19.17,0.026
74,S2C,1,12.8672,0.0,0,18.62,0.0207
74,E2C,2,8.2763,0.0,0,28.95,0.0928
74,W2C,2,10.589,0.0,0,22.63,0.0595
75,N2C,1,12.8447,0.0,0,18.65,0.0211
75,S2C,1,13.3495,0.0,0,17.95,0.0138
75,E2C,2,6.7358,0.0,0,35.57,0.115
75,W2C,2,8.9998,0.0,0,26.62,0.0824
76,N2C,1,12.931,0.0,0,18.53,0.0198
76,S2C,1,12.9746,0.0,0,18.47,0.0192
76,E2C,2,6.2847,0.0,0,38.12,0.1215
76,W2C,2,6.9807,0.0,0,34.32,0.1115
77,N2C,1,12.8696,0.0,0,18.62,0.0207
77,S2C,1,13.1279,0.0,0,18.25,0.017
77,E2C,2,5.995,1.0,1,39.97,0.1323
77,W2C,2,6.6316,0.0,0,36.13,0.1165
78,N2C,1,12.7355,0.0,0,18.81,0.0226
78,S2C,1,13.4442,0.0,0,17.82,0.0124
78,E2C,2,6.1513,2.0,1,38.95,0.1308
78,W2C,2,6.7693,1.0,1,35.39,0.1212
79,N2C,1,12.6911,0.0,0,18.88,0.0233
79,S2C,1,13.0959,0.0,0,18.3,0.0174
79,E2C,2,5.9721,3.0,1,40.12,0.134
79,W2C,2,6.8372,2.0,1,35.04,0.1209
80,N2C,1,12.7999,0.0,0,18.72,0.0217
80,S2C,1,13.4502,0.0,0,17.81,0.0123
80,E2C,2,6.2958,4.0,1,38.06,0.13
80,W2C,2,6.6594,3.0,1,35.98,0.1241
81,N2C,1,12.6219,0.0,0,18.98,0.0243
81,S2C,1,13.0881,0.0,0,18.31,0.0175
81,E2C,2,6.2764,5.0,1,38.17,0.131
81,W2C,2,6.3636,4.0,1,37.65,0.129
82,N2C,1,12.4831,0.0,0,19.19,0.0263
82,S2C,1,13.2113,0.0,0,18.14,0.0158
82,E2C,2,6.0115,6.0,1,39.86,0.1354
82,W2C,2,6.8982,5.0,1,34.73,0.122
83,N2C,1,12.5544,0.0,0,19.09,0.0252
83,S2C,1,13.1466,0.0,0,18.23,0.0167
83,E2C,2,6.4516,7.0,1,37.14,0.1298
83,W2C,2,6.6474,6.0,1,36.04,0.1263
84,N2C,1,12.4874,0.0,0,19.19,0.0262
84,S2C,1,13.4599,0.0,0,17.8,0.0122
84,E2C,2,6.2771,8.0,1,38.17,0.133
84,W2C,2,6.6425,7.0,1,36.07,0.127
85,N2C,1,12.9513,0.0,0,18.5,0.0195
85,S2C,1,13.4018,0.0,0,17.88,0.013
85,E2C,2,6.0119,9.0,1,39.85,0.1374
85,W2C,2,6.8897,8.0,1,34.78,0.1241
86,N2C,1,12.7933,0.0,0,18.73,0.0218
86,S2C,1,12.9653,0.0,0,18.48,0.0193
86,E2C,2,6.4085,10.0,1,37.39,0.1324
86,W2C,2,6.7221,9.0,1,35.64,0.1272
87,N2C,1,12.8009,0.0,0,18.72,0.0217
87,S2C,1,13.2395,0.0,0,18.1,0.0154
87,E2C,2,5.9818,11.0,1,40.06,0.1392
87,W2C,2,6.2993,10.0,1,38.04,0.134
88,N2C,1,13.0171,0.0,0,18.41,0.0186
88,S2C,1,12.9043,0.0,0,18.57,0.0202
88,E2C,2,6.4726,12.0,1,37.02,0.1328
88,W2C,2,6.3034,11.0,1,38.01,0.1346
89,N2C,1,12.939,0.0,0,18.52,0.0197
89,S2C,1,12.9165,0.0,0,18.55,0.02
89,E2C,2,6.4263,13.0,1,37.28,0.1341
89,W2C,2,6.8382,12.0,1,35.04,0.1275
90,N2C,1,12.7012,0.0,0,18.86,0.0231
90,S2C,1,13.4417,0.0,0,17.83,0.0125
90,E2C,2,6.3255,14.0,1,37.88,0.1363
90,W2C,2,5.8786,13.0,1,40.76,0.142
91,N2C,2,12.4412,0.0,0,19.26,0.0329
91,S2C,2,13.4301,0.0,0,17.84,0.0186
91,E2C,3,8.225,15.0,1,29.13,0.1156
91,W2C,3,6.6069,14.0,1,36.27,0.1382
92,N2C,2,12.1569,0.0,0,19.71,0.037
92,S2C,1,13.6887,0.0,0,17.5,0.0089
92,E2C,3,6.5522,16.0,1,36.57,0.1403
92,W2C,3,4.9529,15.0,1,48.38,0.1627
93,N2C,2,12.5895,0.0,0,19.03,0.0307
93,S2C,1,13.7748,0.0,0,17.39,0.0077
93,E2C,3,5.4742,17.0,1,43.77,0.1565
93,W2C,3,4.0787,16.0,1,58.74,0.1759
94,N2C,1,13.8172,0.0,0,17.34,0.007
94,S2C,1,13.6402,0.0,0,17.57,0.0096
94,E2C,3,4.7029,18.0,1,50.95,0.1683
94,W2C,3,4.0098,18.0,2,59.75,0.1843
95,N2C,1,13.5795,0.0,0,17.64,0.0105
95,S2C,1,13.8805,0.0,0,17.26,0.0061
95,E2C,3,4.4151,19.0,1,54.27,0.1731
95,W2C,3,3.9159,20.0,2,61.19,0.1869
96,N2C,1,13.3639,0.0,0,17.93,0.0136
96,S2C,1,13.433,0.0,0,17.84,0.0126
96,E2C,3,4.1043,21.0,2,58.38,0.1849
96,W2C,3,4.0857,22.0,2,58.64,0.1858
97,N2C,1,13.7271,0.0,0,17.45,0.0083
97,S2C,1,13.2809,0.0,0,18.04,0.0148
97,E2C,3,4.5132,23.0,2,53.09,0.1803
97,W2C,3,4.0332,24.0,2,59.41,0.1879
98,N2C,1,13.2522,0.0,0,18.08,0.0152
98,S2C,1,13.2954,0.0,0,18.02,0.0146
98,E2C,3,4.3905,25.0,2,54.57,0.1834
98,W2C,3,3.876,26.0,2,61.82,0.1915
99,N2C,1,13.4803,0.0,0,17.77,0.0119
99,S2C,1,13.7476,0.0,0,17.43,0.0081
99,E2C,3,4.2619,27.0,2,56.22,0.1866
99,W2C,3,3.7389,28.0,2,64.08,0.1948
100,N2C,1,13.2674,0.0,0,18.06,0.015
100,S2C,1,13.5056,0.0,0,17.74,0.0115
100,E2C,1,13.4135,0.0,0,17.86,0.0129
100,W2C,1,12.7802,0.0,0,18.75,0.022
101,N2C,1,13.435,0.0,0,17.83,0.0126
101,S2C,1,13.4085,0.0,0,17.87,0.0129
101,E2C,1,13.5527,0.0,0,17.68,0.0109
101,W2C,1,12.6639,0.0,0,18.92,0.0237
102,N2C,1,13.4179,0.0,0,17.86,0.0128
102,S2C,1,13.8501,0.0,0,17.3,0.0066
102,E2C,1,13.527,0.0,0,17.71,0.0112
102,W2C,1,12.8437,0.0,0,18.66,0.0211
103,N2C,1,13.8474,0.0,0,17.3,0.0066
103,S2C,1,13.5663,0.0,0,17.66,0.0107
103,E2C,1,13.2552,0.0,0,18.08,0.0151
103,W2C,1,12.8681,0.0,0,18.62,0.0207
104,N2C,1,13.7521,0.0,0,17.42,0.008
104,S2C,1,13.42,0.0,0,17.85,0.0128
104,E2C,1,13.3614,0.0,0,17.93,0.0136
104,W2C,1,12.6601,0.0,0,18.93,0.0237
105,N2C,1,13.7951,0.0,0,17.37,0.0074
105,S2C,1,13.2989,0.0,0,18.02,0.0145
105,E2C,1,13.1773,0.0,0,18.18,0.0163
105,W2C,1,13.0594,0.0,0,18.35,0.018
106,N2C,1,13.5757,0.0,0,17.65,0.0105
106,S2C,1,13.5039,0.0,0,17.74,0.0116
106,E2C,1,13.1244,0.0,0,18.26,0.017
106,W2C,1,12.5782,0.0,0,19.05,0.0249
107,N2C,1,13.8676,0.0,0,17.28,0.0063
107,S2C,1,13.7067,0.0,0,17.48,0.0086
107,E2C,1,13.0922,0.0,0,18.3,0.0175
107,W2C,1,12.7512,0.0,0,18.79,0.0224
108,N2C,1,12.2667,0.0,0,19.53,0.0294
108,S2C,1,12.6744,0.0,0,18.9,0.0235
108,E2C,1,13.6133,0.0,0,17.6,0.01
108,W2C,1,12.5286,0.0,0,19.12,0.0256
109,N2C,2,9.4405,0.0,0,25.38,0.0761
109,S2C,2,9.5396,0.0,0,25.12,0.0746
109,E2C,2,12.5427,0.0,0,19.1,0.0314
109,W2C,2,12.403,0.0,0,19.32,0.0334
110,N2C,2,7.0191,0.0,0,34.14,0.1109
110,S2C,2,6.8143,0.0,0,35.16,0.1139
110,E2C,1,13.2107,0.0,0,18.14,0.0158
110,W2C,2,11.8514,0.0,0,20.22,0.0414
111,N2C,2,5.7271,0.0,0,41.84,0.1295
111,S2C,2,6.0663,0.0,0,39.5,0.1247
111,E2C,1,13.309,0.0,0,18.0,0.0144
111,W2C,2,11.6678,0.0,0,20.54,0.044
112,N2C,2,5.683,0.0,0,42.16,0.1302
112,S2C,2,6.0375,0.0,0,39.69,0.1251
112,E2C,1,13.0962,0.0,0,18.3,0.0174
112,W2C,1,12.9063,0.0,0,18.56,0.0202
113,N2C,2,5.1348,1.0,1,46.66,0.1447
113,S2C,2,5.9717,1.0,1,40.12,0.1327
113,E2C,1,12.9154,0.0,0,18.55,0.02
113,W2C,1,13.0002,0.0,0,18.43,0.0188
114,N2C,2,5.6854,2.0,1,42.14,0.1375
114,S2C,2,5.5857,2.0,1,42.9,0.1389
114,E2C,1,12.7525,0.0,0,18.79,0.0224
114,W2C,1,13.0369,0.0,0,18.38,0.0183
115,N2C,2,5.3227,3.0,1,45.01,0.1434
115,S2C,2,5.848,3.0,1,40.97,0.1358
115,E2C,1,12.769,0.0,0,18.76,0.0221
115,W2C,1,13.0542,0.0,0,18.35,0.018
116,N2C,2,5.5792,4.0,1,42.95,0.1403
116,S2C,2,5.7872,4.0,1,41.4,0.1373
116,E2C,1,12.8459,0.0,0,18.65,0.021
116,W2C,1,13.2052,0.0,0,18.14,0.0159
117,N2C,2,5.423,5.0,1,44.18,0.1432
117,S2C,2,5.7783,5.0,1,41.47,0.1381
117,E2C,1,13.1671,0.0,0,18.2,0.0164
117,W2C,1,13.3953,0.0,0,17.89,0.0131
118,N2C,2,5.7226,6.0,1,41.87,0.1396
118,S2C,2,5.4433,6.0,1,44.02,0.1436
118,E2C,1,13.0194,0.0,0,18.4,0.0185
118,W2C,1,13.2835,0.0,0,18.04,0.0147
119,N2C,2,5.6258,7.0,1,42.59,0.1417
119,S2C,2,5.7505,7.0,1,41.67,0.1399
119,E2C,1,12.7057,0.0,0,18.86,0.0231
119,W2C,1,13.3726,0.0,0,17.92,0.0134
120,N2C,2,5.5068,8.0,1,43.51,0.144
120,S2C,2,5.4695,8.0,1,43.81,0.1446
120,E2C,1,12.8409,0.0,0,18.66,0.0211
120,W2C,1,13.3035,0.0,0,18.01,0.0144
121,N2C,2,5.2219,9.0,1,45.88,0.1488
121,S2C,2,5.6647,9.0,1,42.3,0.1424
121,E2C,1,13.2074,0.0,0,18.14,0.0158
121,W2C,1,13.0087,0.0,0,18.42,0.0187
122,N2C,2,5.17,10.0,1,46.34,0.1502
122,S2C,2,5.503,10.0,1,43.54,0.1454
122,E2C,1,13.2814,0.0,0,18.04,0.0148
122,W2C,1,13.2588,0.0,0,18.07,0.0151
123,N2C,2,5.5454,11.0,1,43.21,0.1455
123,S2C,2,5.4512,11.0,1,43.95,0.1468
123,E2C,1,13.1375,0.0,0,18.24,0.0168
123,W2C,1,13.5155,0.0,0,17.73,0.0114
124,N2C,2,5.1252,12.0,1,46.75,0.1522
124,S2C,2,5.445,12.0,1,44.0,0.1476
124,E2C,1,13.2154,0.0,0,18.13,0.0157
124,W2C,1,13.1825,0.0,0,18.18,0.0162
125,N2C,2,5.1825,13.0,1,46.23,0.152
125,S2C,2,5.5792,13.0,1,42.95,0.1463
125,E2C,1,12.7488,0.0,0,18.79,0.0224
125,W2C,1,13.4532,0.0,0,17.81,0.0123
126,N2C,2,5.5141,14.0,1,43.45,0.1479
126,S2C,2,5.4482,14.0,1,43.98,0.1489
126,E2C,1,12.7448,0.0,0,18.8,0.0225
126,W2C,1,13.3041,0.0,0,18.01,0.0144
127,N2C,3,8.0444,15.0,1,29.78,0.1182
127,S2C,3,8.1296,15.0,1,29.47,0.1169
127,E2C,2,13.231,0.0,0,18.11,0.0215
127,W2C,2,13.2275,0.0,0,18.11,0.0215
128,N2C,3,7.7699,16.0,1,30.84,0.1228
128,S2C,3,7.8229,16.0,1,30.63,0.122
128,E2C,2,12.8884,0.0,0,18.59,0.0264
128,W2C,1,13.4176,0.0,0,17.86,0.0128
129,N2C,3,7.8044,17.0,1,30.7,0.123
129,S2C,3,7.63,17.0,1,31.4,0.1255
129,E2C,1,13.5851,0.0,0,17.64,0.0104
129,W2C,1,13.6846,0.0,0,17.51,0.009
130,N2C,3,7.6253,18.0,1,31.42,0.1262
130,S2C,3,5.9781,18.0,1,40.08,0.1499
130,E2C,1,13.3822,0.0,0,17.9,0.0133
130,W2C,1,13.5669,0.0,0,17.66,0.0107
131,N2C,3,6.2607,19.0,1,38.27,0.1465
131,S2C,3,4.7001,19.0,1,50.98,0.169
131,E2C,1,13.6678,0.0,0,17.53,0.0092
131,W2C,1,13.7366,0.0,0,17.44,0.0082
132,N2C,3,5.2811,20.0,1,45.37,0.1613
132,S2C,3,4.3102,20.0,1,55.59,0.1753
132,E2C,1,13.6453,0.0,0,17.56,0.0095
132,W2C,1,13.7808,0.0,0,17.39,0.0076
133,N2C,1,13.8286,0.0,0,17.33,0.0069
133,S2C,1,12.8913,0.0,0,18.59,0.0204
133,E2C,1,13.5698,0.0,0,17.66,0.0106
133,W2C,1,13.8596,0.0,0,17.29,0.0064
134,N2C,1,13.7431,0.0,0,17.43,0.0081
134,S2C,1,13.1353,0.0,0,18.24,0.0169
134,E2C,1,13.2444,0.0,0,18.09,0.0153
134,W2C,1,13.8729,0.0,0,17.27,0.0062
135,N2C,1,13.5005,0.0,0,17.75,0.0116
135,S2C,1,13.2426,0.0,0,18.09,0.0153
135,E2C,1,13.3973,0.0,0,17.88,0.0131
135,W2C,1,13.3189,0.0,0,17.99,0.0142
136,N2C,1,13.3006,0.0,0,18.01,0.0145
136,S2C,1,13.3704,0.0,0,17.92,0.0135
136,E2C,1,13.872,0.0,0,17.27,0.0063
136,W2C,1,13.5532,0.0,0,17.68,0.0108
137,N2C,1,13.3098,0.0,0,18.0,0.0144
137,S2C,1,12.9055,0.0,0,18.57,0.0202
137,E2C,1,13.7436,0.0,0,17.43,0.0081
137,W2C,1,13.7842,0.0,0,17.38,0.0075
138,N2C,1,13.7565,0.0,0,17.42,0.0079
138,S2C,1,12.8139,0.0,0,18.7,0.0215
138,E2C,1,13.3912,0.0,0,17.89,0.0132
138,W2C,1,13.3663,0.0,0,17.93,0.0135
139,N2C,1,13.8492,0.0,0,17.3,0.0066
139,S2C,1,13.2133,0.0,0,18.13,0.0157
139,E2C,1,13.3388,0.0,0,17.96,0.0139
139,W2C,1,13.7884,0.0,0,17.38,0.0075
140,N2C,1,13.4261,0.0,0,17.85,0.0127
140,S2C,1,13.3808,0.0,0,17.91,0.0133
140,E2C,1,13.5352,0.0,0,17.7,0.0111
140,W2C,1,13.6764,0.0,0,17.52,0.0091
141,N2C,1,13.6374,0.0,0,17.57,0.0096
141,S2C,1,12.8059,0.0,0,18.71,0.0216
141,E2C,1,13.2848,0.0,0,18.04,0.0147
141,W2C,1,13.8467,0.0,0,17.3,0.0066
142,N2C,1,13.7819,0.0,0,17.39,0.0076
142,S2C,1,13.1152,0.0,0,18.27,0.0172
142,E2C,1,13.5572,0.0,0,17.67,0.0108
142,W2C,1,13.4771,0.0,0,17.78,0.0119
143,N2C,1,13.5274,0.0,0,17.71,0.0112
143,S2C,1,12.8274,0.0,0,18.68,0.0213
143,E2C,1,13.3596,0.0,0,17.93,0.0136
143,W2C,1,13.735,0.0,0,17.44,0.0082
144,N2C,1,13.6334,0.0,0,17.57,0.0097
144,S2C,1,13.1579,0.0,0,18.21,0.0165
144,E2C,1,12.4996,0.0,0,19.17,0.026
144,W2C,1,12.0275,0.0,0,19.92,0.0328
145,N2C,1,13.89,0.0,0,17.25,0.006
145,S2C,2,12.7815,0.0,0,18.75,0.028
145,E2C,2,10.9671,0.0,0,21.85,0.0541
145,W2C,2,9.7775,0.0,0,24.51,0.0712
146,N2C,1,13.25,0.0,0,18.08,0.0152
146,S2C,2,12.9313,0.0,0,18.53,0.0258
146,E2C,2,8.6576,0.0,0,27.67,0.0873
146,W2C,2,8.1778,0.0,0,29.3,0.0942
147,N2C,1,13.3509,0.0,0,17.95,0.0138
147,S2C,1,13.5977,0.0,0,17.62,0.0102
147,E2C,2,6.9008,0.0,0,34.72,0.1126
147,W2C,2,6.8437,0.0,0,35.01,0.1135
148,N2C,1,13.636,0.0,0,17.57,0.0097
148,S2C,1,13.4902,0.0,0,17.76,0.0118
148,E2C,2,6.5753,0.0,0,36.44,0.1173
148,W2C,2,6.8183,0.0,0,35.14,0.1138
149,N2C,1,13.8698,0.0,0,17.27,0.0063
149,S2C,1,13.463,0.0,0,17.8,0.0121
149,E2C,2,6.7261,1.0,1,35.62,0.1218
149,W2C,2,6.7574,0.0,0,35.46,0.1147
150,N2C,1,13.616,0.0,0,17.6,0.0099
150,S2C,1,13.2862,0.0,0,18.03,0.0147
150,E2C,2,6.6272,2.0,1,36.15,0.1239
150,W2C,2,6.7836,1.0,1,35.32,0.121
151,N2C,1,13.8528,0.0,0,17.3,0.0065
151,S2C,1,13.3138,0.0,0,18.0,0.0143
151,E2C,2,6.66,3.0,1,35.98,0.1241
151,W2C,2,6.8632,2.0,1,34.91,0.1205
152,N2C,1,13.6502,0.0,0,17.55,0.0095
152,S2C,1,13.2538,0.0,0,18.08,0.0152
152,E2C,2,6.2951,4.0,1,38.06,0.13
152,W2C,2,6.3586,3.0,1,37.68,0.1284
153,N2C,1,13.7984,0.0,0,17.36,0.0073
153,S2C,1,13.8802,0.0,0,17.26,0.0061
153,E2C,2,6.6999,5.0,1,35.76,0.1249
153,W2C,2,6.674,4.0,1,35.9,0.1246
154,N2C,1,13.562,0.0,0,17.67,0.0107
154,S2C,1,13.6661,0.0,0,17.53,0.0092
154,E2C,2,6.3459,6.0,1,37.76,0.1306
154,W2C,2,6.4053,5.0,1,37.41,0.1291
155,N2C,1,13.481,0.0,0,17.77,0.0119
155,S2C,1,13.4287,0.0,0,17.84,0.0126
155,E2C,2,6.2597,7.0,1,38.28,0.1325
155,W2C,2,6.4155,6.0,1,37.35,0.1296
156,N2C,1,13.3345,0.0,0,17.97,0.014
156,S2C,1,13.4823,0.0,0,17.77,0.0119
156,E2C,2,6.5109,8.0,1,36.8,0.1296
156,W2C,2,6.4663,7.0,1,37.05,0.1296
157,N2C,1,13.3311,0.0,0,17.97,0.014
157,S2C,1,13.2408,0.0,0,18.1,0.0153
157,E2C,2,6.7568,9.0,1,35.46,0.1267
157,W2C,2,6.7956,8.0,1,35.26,0.1255
158,N2C,1,13.402,0.0,0,17.88,0.013
158,S2C,1,13.6502,0.0,0,17.55,0.0095
158,E2C,2,6.8005,10.0,1,35.23,0.1267
158,W2C,2,6.8185,9.0,1,35.14,0.1258
159,N2C,1,13.4865,0.0,0,17.77,0.0118
159,S2C,1,13.5831,0.0,0,17.64,0.0104
159,E2C,2,6.423,11.0,1,37.3,0.1328
159,W2C,2,6.9439,10.0,1,34.5,0.1247
160,N2C,1,13.5883,0.0,0,17.63,0.0103
160,S2C,1,13.6523,0.0,0,17.55,0.0094
160,E2C,2,6.4189,12.0,1,37.33,0.1336
160,W2C,2,6.4525,11.0,1,37.13,0.1324
161,N2C,1,13.7243,0.0,0,17.46,0.0084
161,S2C,1,13.2506,0.0,0,18.08,0.0152
161,E2C,2,6.6186,13.0,1,36.2,0.1314
161,W2C,2,6.3811,12.0,1,37.55,0.1341
162,N2C,1,13.606,0.0,0,17.61,0.0101
162,S2C,1,13.6774,0.0,0,17.52,0.0091
162,E2C,2,6.1476,14.0,1,38.97,0.1388
162,W2C,2,5.6964,13.0,1,42.06,0.1446
163,N2C,1,13.7039,0.0,0,17.48,0.0087
163,S2C,1,13.89,0.0,0,17.25,0.006
163,E2C,3,7.2284,15.0,1,33.15,0.1299
163,W2C,3,6.4674,14.0,1,37.05,0.1402
164,N2C,1,13.4205,0.0,0,17.85,0.0128
164,S2C,1,13.4263,0.0,0,17.85,0.0127
164,E2C,3,5.6163,16.0,1,42.66,0.1538
164,W2C,3,4.7125,15.0,1,50.84,0.1661
165,N2C,1,13.4663,0.0,0,17.79,0.0121
165,S2C,1,13.3145,0.0,0,18.0,0.0143
165,E2C,3,4.5684,17.0,1,52.45,0.1696
165,W2C,3,4.1541,16.0,1,57.68,0.1749
166,N2C,1,13.0922,0.0,0,18.3,0.0175
166,S2C,1,13.3066,0.0,0,18.01,0.0144
166,E2C,1,13.558,0.0,0,17.67,0.0108
166,W2C,1,13.0069,0.0,0,18.42,0.0187
167,N2C,1,13.0874,0.0,0,18.31,0.0176
167,S2C,1,13.5778,0.0,0,17.65,0.0105
167,E2C,1,13.4668,0.0,0,17.79,0.0121
167,W2C,1,12.8758,0.0,0,18.61,0.0206
168,N2C,1,13.4178,0.0,0,17.86,0.0128
168,S2C,1,13.5618,0.0,0,17.67,0.0107
168,E2C,1,13.6269,0.0,0,17.58,0.0098
168,W2C,1,13.0253,0.0,0,18.39,0.0185
169,N2C,1,13.5502,0.0,0,17.68,0.0109
169,S2C,1,13.3179,0.0,0,17.99,0.0142
169,E2C,1,13.7434,0.0,0,17.43,0.0081
169,W2C,1,13.1132,0.0,0,18.27,0.0172
170,N2C,1,13.6522,0.0,0,17.55,0.0094
170,S2C,1,13.5645,0.0,0,17.66,0.0107
170,E2C,1,13.5715,0.0,0,17.65,0.0106
170,W2C,1,13.1732,0.0,0,18.19,0.0163
171,N2C,1,13.3084,0.0,0,18.0,0.0144
171,S2C,1,13.4129,0.0,0,17.86,0.0129
171,E2C,1,13.6481,0.0,0,17.56,0.0095
171,W2C,1,13.1486,0.0,0,18.22,0.0167
172,N2C,1,13.5082,0.0,0,17.74,0.0115
172,S2C,1,13.6098,0.0,0,17.6,0.01
172,E2C,1,13.6515,0.0,0,17.55,0.0094
172,W2C,1,12.7098,0.0,0,18.85,0.023
173,N2C,1,13.1865,0.0,0,18.17,0.0161
173,S2C,1,13.8279,0.0,0,17.33,0.0069
173,E2C,1,13.6601,0.0,0,17.54,0.0093
173,W2C,1,12.8247,0.0,0,18.68,0.0213
174,N2C,1,13.6211,0.0,0,17.59,0.0099
174,S2C,1,13.5785,0.0,0,17.65,0.0105
174,E2C,1,13.8347,0.0,0,17.32,0.0068
174,W2C,1,12.822,0.0,0,18.69,0.0214
175,N2C,1,13.122,0.0,0,18.26,0.0171
175,S2C,1,13.2814,0.0,0,18.04,0.0148
175,E2C,1,13.8692,0.0,0,17.28,0.0063
175,W2C,1,13.0888,0.0,0,18.31,0.0175
176,N2C,1,13.7002,0.0,0,17.49,0.0087
176,S2C,1,13.814,0.0,0,17.34,0.0071
176,E2C,1,13.2727,0.0,0,18.05,0.0149
176,W2C,1,13.1971,0.0,0,18.16,0.016
177,N2C,1,13.4517,0.0,0,17.81,0.0123
177,S2C,1,13.3726,0.0,0,17.92,0.0134
177,E2C,1,13.3154,0.0,0,17.99,0.0143
177,W2C,1,12.7299,0.0,0,18.82,0.0227
178,N2C,1,13.6034,0.0,0,17.61,0.0101
178,S2C,1,13.7648,0.0,0,17.41,0.0078
178,E2C,1,13.8577,0.0,0,17.29,0.0065
178,W2C,1,12.5676,0.0,0,19.06,0.025
179,N2C,1,13.0757,0.0,0,18.32,0.0177
179,S2C,1,13.6388,0.0,0,17.57,0.0096
179,E2C,1,13.3159,0.0,0,17.99,0.0143
179,W2C,1,12.8685,0.0,0,18.62,0.0207
180,N2C,1,13.4689,0.0,0,17.79,0.0121
180,S2C,1,13.0481,0.0,0,18.36,0.0181
180,E2C,1,13.6714,0.0,0,17.53,0.0091
180,W2C,1,12.8957,0.0,0,18.58,0.0203
181,N2C,2,11.474,0.0,0,20.88,0.0468
181,S2C,2,10.5001,0.0,0,22.82,0.0608
181,E2C,1,13.89,0.0,0,17.25,0.006
181,W2C,2,13.1526,0.0,0,18.22,0.0226
182,N2C,2,8.6939,0.0,0,27.56,0.0868
182,S2C,2,7.8242,0.0,0,30.62,0.0993
182,E2C,1,13.2778,0.0,0,18.05,0.0148
182,W2C,2,12.4848,0.0,0,19.19,0.0322
183,N2C,2,6.617,0.0,0,36.21,0.1167
183,S2C,2,6.4649,0.0,0,37.06,0.1189
183,E2C,1,13.4015,0.0,0,17.88,0.013
183,W2C,1,13.5541,0.0,0,17.68,0.0108
184,N2C,2,6.8047,0.0,0,35.21,0.114
184,S2C,2,6.2842,0.0,0,38.13,0.1215
184,E2C,1,13.8251,0.0,0,17.33,0.0069
184,W2C,1,13.6639,0.0,0,17.54,0.0093
185,N2C,2,6.8988,1.0,1,34.73,0.1193
185,S2C,2,6.3573,1.0,1,37.69,0.1271
185,E2C,1,13.7041,0.0,0,17.48,0.0087
185,W2C,1,13.4078,0.0,0,17.87,0.0129
186,N2C,2,6.6671,2.0,1,35.94,0.1233
186,S2C,2,6.4829,2.0,1,36.96,0.126
186,E2C,1,13.4839,0.0,0,17.77,0.0118
186,W2C,1,13.6607,0.0,0,17.54,0.0093
187,N2C,2,6.7935,3.0,1,35.27,0.1222
187,S2C,2,6.0497,3.0,1,39.61,0.1329
187,E2C,1,13.3571,0.0,0,17.94,0.0137
187,W2C,1,13.4506,0.0,0,17.81,0.0123
188,N2C,2,6.9279,4.0,1,34.58,0.1209
188,S2C,2,6.1061,4.0,1,39.24,0.1327
188,E2C,1,13.2467,0.0,0,18.09,0.0153
188,W2C,1,13.5881,0.0,0,17.63,0.0103
189,N2C,2,6.7561,5.0,1,35.46,0.1241
189,S2C,2,6.1999,5.0,1,38.65,0.1321
189,E2C,1,13.2992,0.0,0,18.02,0.0145
189,W2C,1,13.3539,0.0,0,17.94,0.0137
190,N2C,2,6.5007,6.0,1,36.86,0.1284
190,S2C,2,6.5364,6.0,1,36.66,0.1279
190,E2C,1,13.8484,0.0,0,17.3,0.0066
190,W2C,1,13.6055,0.0,0,17.61,0.0101
191,N2C,2,6.8177,7.0,1,35.14,0.1245
191,S2C,2,6.5195,7.0,1,36.75,0.1288
191,E2C,1,13.5949,0.0,0,17.62,0.0102
191,W2C,1,13.3431,0.0,0,17.96,0.0139
192,N2C,2,6.657,8.0,1,35.99,0.1275
192,S2C,2,6.3778,8.0,1,37.57,0.1315
192,E2C,1,13.3585,0.0,0,17.94,0.0137
192,W2C,1,13.576,0.0,0,17.65,0.0105
193,N2C,2,6.6582,9.0,1,35.99,0.1281
193,S2C,2,6.4763,9.0,1,37.0,0.1307
193,E2C,1,13.3409,0.0,0,17.96,0.0139
193,W2C,1,13.5011,0.0,0,17.75,0.0116
194,N2C,2,6.6603,10.0,1,35.97,0.1288
194,S2C,2,6.5382,10.0,1,36.65,0.1305
194,E2C,1,13.3218,0.0,0,17.99,0.0142
194,W2C,1,13.4766,0.0,0,17.78,0.012
195,N2C,2,6.5415,11.0,1,36.63,0.1311
195,S2C,2,6.0405,11.0,1,39.67,0.1384
195,E2C,1,13.8305,0.0,0,17.32,0.0069
195,W2C,1,13.4613,0.0,0,17.8,0.0122
196,N2C,2,6.4932,12.0,1,36.9,0.1325
196,S2C,2,6.2726,12.0,1,38.2,0.1357
196,E2C,1,13.6099,0.0,0,17.6,0.01
196,W2C,1,13.5349,0.0,0,17.7,0.0111
197,N2C,2,6.5043,13.0,1,36.84,0.133
197,S2C,2,6.3007,13.0,1,38.03,0.1359
197,E2C,1,13.3284,0.0,0,17.98,0.0141
197,W2C,1,13.3238,0.0,0,17.98,0.0142
198,N2C,2,5.4769,14.0,1,43.75,0.1485
198,S2C,2,6.1562,14.0,1,38.92,0.1387
198,E2C,1,12.8011,0.0,0,18.72,0.0217
198,W2C,1,13.1955,0.0,0,18.16,0.016
199,N2C,1,13.89,0.0,0,17.25,0.006
199,S2C,2,12.9976,0.0,0,18.43,0.0248
199,E2C,2,10.7581,0.0,0,22.27,0.0571
199,W2C,2,10.2545,0.0,0,23.37,0.0643
200,N2C,1,13.5882,0.0,0,17.63,0.0103
200,S2C,1,13.8568,0.0,0,17.29,0.0065
200,E2C,2,9.2802,0.0,0,25.82,0.0784
200,W2C,2,7.5537,0.0,0,31.72,0.1032
201,N2C,1,13.3619,0.0,0,17.93,0.0136
201,S2C,1,13.2406,0.0,0,18.1,0.0154
201,E2C,2,6.4819,0.0,0,36.96,0.1187
201,W2C,2,6.314,0.0,0,37.95,0.1211
202,N2C,1,13.4943,0.0,0,17.76,0.0117
202,S2C,1,13.7174,0.0,0,17.47,0.0085
202,E2C,2,6.5485,1.0,1,36.59,0.1244
202,W2C,2,6.115,0.0,0,39.18,0.124
203,N2C,1,13.871,0.0,0,17.27,0.0063
203,S2C,1,13.7115,0.0,0,17.47,0.0086
203,E2C,2,6.8305,2.0,1,35.08,0.121
203,W2C,2,5.9892,1.0,1,40.01,0.1324
204,N2C,1,13.6382,0.0,0,17.57,0.0096
204,S2C,1,13.5934,0.0,0,17.63,0.0103
204,E2C,2,6.3315,3.0,1,37.84,0.1288
204,W2C,2,6.1825,2.0,1,38.75,0.1303
205,N2C,1,13.6323,0.0,0,17.58,0.0097
205,S2C,1,13.801,0.0,0,17.36,0.0073
205,E2C,2,6.7406,4.0,1,35.55,0.1236
205,W2C,2,5.6266,3.0,1,42.58,0.139
206,N2C,1,13.3486,0.0,0,17.95,0.0138
206,S2C,1,13.4097,0.0,0,17.87,0.0129
206,E2C,2,6.4497,5.0,1,37.15,0.1285
206,W2C,2,5.7087,4.0,1,41.97,0.1385
207,N2C,1,13.3125,0.0,0,18.0,0.0143
207,S2C,1,13.553,0.0,0,17.68,0.0109
207,E2C,2,6.5303,6.0,1,36.69,0.128
207,W2C,2,6.0547,5.0,1,39.57,0.1342
208,N2C,1,13.6627,0.0,0,17.54,0.0093
208,S2C,1,13.8267,0.0,0,17.33,0.0069
208,E2C,2,6.8052,7.0,1,35.21,0.1247
208,W2C,2,6.1368,6.0,1,39.04,0.1336
209,N2C,1,13.5414,0.0,0,17.69,0.011
209,S2C,1,13.7565,0.0,0,17.42,0.0079
209,E2C,2,6.9102,8.0,1,34.67,0.1238
209,W2C,2,5.831,7.0,1,41.09,0.1387
210,N2C,1,13.2562,0.0,0,18.07,0.0151
210,S2C,1,13.4323,0.0,0,17.84,0.0126
210,E2C,2,6.4899,9.0,1,36.92,0.1306
210,W2C,2,6.1082,8.0,1,39.23,0.1354
211,N2C,1,13.5762,0.0,0,17.65,0.0105
211,S2C,1,13.3082,0.0,0,18.0,0.0144
211,E2C,2,6.5439,10.0,1,36.61,0.1304
211,W2C,2,5.7402,9.0,1,41.74,0.1413
212,N2C,1,13.4698,0.0,0,17.79,0.012
212,S2C,1,13.3367,0.0,0,17.97,0.014
212,E2C,2,6.5881,11.0,1,36.37,0.1305
212,W2C,2,5.67,10.0,1,42.26,0.143
213,N2C,1,13.716,0.0,0,17.47,0.0085
213,S2C,1,13.8698,0.0,0,17.27,0.0063
213,E2C,2,6.2926,12.0,1,38.08,0.1354
213,W2C,2,6.0895,11.0,1,39.35,0.1377
214,N2C,1,13.5476,0.0,0,17.69,0.0109
214,S2C,1,13.7818,0.0,0,17.39,0.0076
214,E2C,2,6.7182,13.0,1,35.66,0.1299
214,W2C,2,5.9858,12.0,1,40.03,0.1398
215,N2C,1,13.3344,0.0,0,17.97,0.014
215,S2C,1,13.4617,0.0,0,17.8,0.0122
215,E2C,2,6.6637,14.0,1,35.96,0.1314
215,W2C,2,5.6441,13.0,1,42.45,0.1454
216,N2C,1,13.6343,0.0,0,17.57,0.0097
216,S2C,1,13.2791,0.0,0,18.04,0.0148
216,E2C,2,5.8109,15.0,1,41.23,0.1443
216,W2C,2,5.8316,14.0,1,41.09,0.1434
217,N2C,1,13.0351,0.0,0,18.38,0.0183
217,S2C,1,12.851,0.0,0,18.64,0.021
217,E2C,3,6.3321,16.0,1,37.84,0.1435
217,W2C,3,8.6932,15.0,1,27.56,0.1088
218,N2C,1,12.7872,0.0,0,18.74,0.0219
218,S2C,1,12.6604,0.0,0,18.93,0.0237
218,E2C,3,4.9418,17.0,1,48.48,0.1642
218,W2C,3,7.9385,16.0,1,30.18,0.1204
219,N2C,1,12.7757,0.0,0,18.75,0.022
219,S2C,1,12.3523,0.0,0,19.4,0.0281
219,E2C,3,3.8677,18.0,1,61.95,0.1803
219,W2C,3,7.0435,17.0,1,34.02,0.1339
220,N2C,1,12.8297,0.0,0,18.68,0.0213
220,S2C,1,12.2665,0.0,0,19.53,0.0294
220,E2C,3,3.7607,20.0,2,63.71,0.1892
220,W2C,3,5.3586,18.0,1,44.71,0.1588
221,N2C,1,13.0191,0.0,0,18.4,0.0185
221,S2C,1,12.3341,0.0,0,19.43,0.0284
221,E2C,3,3.9005,22.0,2,61.43,0.1885
221,W2C,3,4.3724,19.0,1,54.8,0.1737
222,N2C,1,12.8831,0.0,0,18.6,0.0205
222,S2C,1,12.8413,0.0,0,18.66,0.0211
222,E2C,3,3.541,24.0,2,67.66,0.195
222,W2C,3,4.4642,21.0,2,53.67,0.1797
223,N2C,1,12.4293,0.0,0,19.28,0.027
223,S2C,1,12.3781,0.0,0,19.36,0.0278
223,E2C,3,3.7192,26.0,2,64.42,0.1938
223,W2C,3,4.5532,23.0,2,52.62,0.1798
224,N2C,1,12.4309,0.0,0,19.27,0.027
224,S2C,1,12.6981,0.0,0,18.87,0.0232
224,E2C,3,3.6025,28.0,2,66.51,0.1968
224,W2C,3,4.4449,25.0,2,53.9,0.1827
225,N2C,1,12.6216,0.0,0,18.98,0.0243
225,S2C,1,12.4471,0.0,0,19.25,0.0268
225,E2C,3,3.9047,30.0,2,61.36,0.1938
225,W2C,3,4.3448,27.0,2,55.15,0.1854
226,N2C,1,12.8533,0.0,0,18.64,0.0209
226,S2C,1,12.3586,0.0,0,19.39,0.0281
226,E2C,3,3.6052,32.0,2,66.46,0.1994
226,W2C,3,4.566,29.0,2,52.47,0.1836
227,N2C,1,12.5715,0.0,0,19.06,0.025
227,S2C,1,12.2982,0.0,0,19.48,0.0289
227,E2C,3,3.8737,34.0,2,61.85,0.1969
227,W2C,3,4.5372,31.0,2,52.81,0.1853
228,N2C,1,12.4434,0.0,0,19.26,0.0268
228,S2C,1,12.8008,0.0,0,18.72,0.0217
228,E2C,3,3.7278,36.0,2,64.27,0.2003
228,W2C,3,4.4772,33.0,2,53.52,0.1875
229,N2C,1,12.5938,0.0,0,19.03,0.0247
229,S2C,1,12.6236,0.0,0,18.98,0.0242
229,E2C,3,3.6231,38.0,2,66.13,0.2032
229,W2C,3,4.5699,35.0,2,52.43,0.1875
230,N2C,1,12.7131,0.0,0,18.85,0.0229
230,S2C,1,12.2842,0.0,0,19.5,0.0291
230,E2C,3,3.8216,40.0,2,62.7,0.2016
230,W2C,3,4.2488,37.0,2,56.39,0.1935
231,N2C,1,12.7738,0.0,0,18.76,0.0221
231,S2C,1,12.5849,0.0,0,19.04,0.0248
231,E2C,3,3.5612,42.0,2,67.28,0.2067
231,W2C,3,4.5711,39.0,2,52.42,0.1902
232,N2C,1,12.7147,0.0,0,18.84,0.0229
232,S2C,1,12.4896,0.0,0,19.18,0.0262
232,E2C,1,12.4404,0.0,0,19.26,0.0269
232,W2C,1,13.31,0.0,0,18.0,0.0144
233,N2C,1,12.6278,0.0,0,18.97,0.0242
233,S2C,1,12.3245,0.0,0,19.44,0.0285
233,E2C,1,12.4669,0.0,0,19.22,0.0265
233,W2C,1,13.6285,0.0,0,17.58,0.0098
234,N2C,1,12.8255,0.0,0,18.68,0.0213
234,S2C,1,12.3329,0.0,0,19.43,0.0284
234,E2C,1,12.4581,0.0,0,19.23,0.0266
234,W2C,1,11.6966,0.0,0,20.48,0.0376
235,N2C,2,12.6736,0.0,0,18.91,0.0295
235,S2C,2,12.6412,0.0,0,18.95,0.03
235,E2C,2,12.6993,0.0,0,18.87,0.0291
235,W2C,2,11.2991,0.0,0,21.21,0.0493
236,N2C,2,12.7694,0.0,0,18.76,0.0281
236,S2C,2,12.3743,0.0,0,19.36,0.0338
236,E2C,2,11.9275,0.0,0,20.09,0.0403
236,W2C,1,13.8285,0.0,0,17.33,0.0069
237,N2C,2,10.955,0.0,0,21.87,0.0543
237,S2C,2,12.0211,0.0,0,19.93,0.0389
237,E2C,2,12.318,0.0,0,19.45,0.0346
237,W2C,1,13.5851,0.0,0,17.64,0.0104
238,N2C,2,9.0985,0.0,0,26.33,0.081
238,S2C,2,10.3989,0.0,0,23.04,0.0623
238,E2C,2,12.59,0.0,0,19.03,0.0307
238,W2C,1,13.6985,0.0,0,17.49,0.0088
239,N2C,2,7.0182,0.0,0,34.14,0.1109
239,S2C,2,8.8293,0.0,0,27.14,0.0849
239,E2C,1,13.5453,0.0,0,17.69,0.011
239,W2C,1,13.2882,0.0,0,18.03,0.0147
240,N2C,2,6.4845,0.0,0,36.95,0.1186
240,S2C,2,7.1482,0.0,0,33.52,0.1091
240,E2C,1,13.8896,0.0,0,17.25,0.006
240,W2C,1,13.434,0.0,0,17.84,0.0126
241,N2C,2,6.6429,1.0,1,36.07,0.123
241,S2C,2,6.5623,1.0,1,36.51,0.1242
241,E2C,1,13.6025,0.0,0,17.61,0.0101
241,W2C,1,13.7299,0.0,0,17.45,0.0083
242,N2C,2,6.407,2.0,1,37.4,0.1271
242,S2C,2,6.5396,2.0,1,36.64,0.1252
242,E2C,1,13.6096,0.0,0,17.61,0.01
242,W2C,1,13.3937,0.0,0,17.89,0.0131
243,N2C,2,6.7309,3.0,1,35.6,0.1231
243,S2C,2,6.5991,3.0,1,36.31,0.125
243,E2C,1,13.32,0.0,0,17.99,0.0142
243,W2C,1,13.346,0.0,0,17.95,0.0138
244,N2C,2,6.7608,4.0,1,35.44,0.1233
244,S2C,2,6.8356,4.0,1,35.05,0.1222
244,E2C,1,13.7818,0.0,0,17.39,0.0076
244,W2C,1,13.4327,0.0,0,17.84,0.0126
245,N2C,2,6.4579,5.0,1,37.1,0.1283
245,S2C,2,6.503,5.0,1,36.84,0.1277
245,E2C,1,13.6291,0.0,0,17.58,0.0098
245,W2C,1,13.7214,0.0,0,17.46,0.0084
246,N2C,2,6.5043,6.0,1,36.84,0.1283
246,S2C,2,6.318,6.0,1,37.92,0.131
246,E2C,1,13.6921,0.0,0,17.5,0.0088
246,W2C,1,13.7995,0.0,0,17.36,0.0073
247,N2C,2,6.3391,7.0,1,37.8,0.1314
247,S2C,2,6.382,7.0,1,37.54,0.1308
247,E2C,1,13.7321,0.0,0,17.45,0.0083
247,W2C,1,13.4236,0.0,0,17.85,0.0127
248,N2C,2,6.3679,8.0,1,37.63,0.1316
248,S2C,2,6.7309,8.0,1,35.6,0.1264
248,E2C,1,13.3161,0.0,0,17.99,0.0143
248,W2C,1,13.5337,0.0,0,17.7,0.0111
249,N2C,2,6.4899,9.0,1,36.92,0.1306
249,S2C,2,6.9374,9.0,1,34.54,0.1241
249,E2C,1,13.725,0.0,0,17.46,0.0084
249,W2C,1,13.6422,0.0,0,17.56,0.0096
250,N2C,2,6.7477,10.0,1,35.51,0.1275
250,S2C,2,6.7049,10.0,1,35.74,0.1281
250,E2C,1,13.6576,0.0,0,17.54,0.0093
250,W2C,1,13.4877,0.0,0,17.76,0.0118
251,N2C,2,6.6084,11.0,1,36.26,0.1302
251,S2C,2,6.3099,11.0,1,37.97,0.1345
251,E2C,1,13.6733,0.0,0,17.52,0.0091
251,W2C,1,13.4308,0.0,0,17.84,0.0126
252,N2C,2,5.8929,12.0,1,40.66,0.1411
252,S2C,2,5.5788,12.0,1,42.95,0.1457
252,E2C,1,13.7549,0.0,0,17.42,0.0079
252,W2C,1,13.6464,0.0,0,17.56,0.0095
253,N2C,3,6.8118,13.0,1,35.17,0.1346
253,S2C,3,6.8492,13.0,1,34.98,0.134
253,E2C,1,13.89,0.0,0,17.25,0.006
253,W2C,1,13.6782,0.0,0,17.52,0.009
254,N2C,3,5.2671,14.0,1,45.49,0.1575
254,S2C,3,5.8047,14.0,1,41.28,0.1498
254,E2C,1,13.2618,0.0,0,18.07,0.015
254,W2C,1,13.6215,0.0,0,17.59,0.0099
255,N2C,3,4.0978,15.0,1,58.47,0.175
255,S2C,3,4.5544,15.0,1,52.61,0.1684
255,E2C,1,13.4573,0.0,0,17.8,0.0122
255,W2C,1,13.1681,0.0,0,18.2,0.0164
256,N2C,3,3.9226,16.0,1,61.08,0.1782
256,S2C,3,4.3038,17.0,2,55.67,0.1794
256,E2C,1,13.8224,0.0,0,17.33,0.007
256,W2C,1,13.0359,0.0,0,18.38,0.0183
257,N2C,3,3.7489,18.0,2,63.91,0.188
257,S2C,3,4.403,19.0,2,54.42,0.1793
257,E2C,1,13.4539,0.0,0,17.81,0.0123
257,W2C,1,13.3589,0.0,0,17.94,0.0136
258,N2C,3,4.0648,20.0,2,58.94,0.1848
258,S2C,3,4.5895,21.0,2,52.21,0.1779
258,E2C,1,13.8338,0.0,0,17.32,0.0068
258,W2C,1,13.2255,0.0,0,18.12,0.0156
259,N2C,3,4.0753,22.0,2,58.79,0.186
259,S2C,3,4.4728,23.0,2,53.57,0.1809
259,E2C,1,13.4187,0.0,0,17.86,0.0128
259,W2C,1,13.6672,0.0,0,17.53,0.0092
260,N2C,3,3.9132,24.0,2,61.23,0.1897
260,S2C,3,4.335,25.0,2,55.27,0.1842
260,E2C,1,13.3071,0.0,0,18.01,0.0144
260,W2C,1,13.6728,0.0,0,17.52,0.0091
261,N2C,3,3.8684,26.0,2,61.94,0.1916
261,S2C,3,4.3702,27.0,2,54.83,0.1851
261,E2C,1,13.8317,0.0,0,17.32,0.0068
261,W2C,1,13.6438,0.0,0,17.56,0.0095
262,N2C,3,3.9248,28.0,2,61.05,0.1922
262,S2C,3,4.3879,29.0,2,54.6,0.1862
262,E2C,1,13.8023,0.0,0,17.36,0.0073
262,W2C,1,13.5727,0.0,0,17.65,0.0106
263,N2C,3,3.738,30.0,2,64.1,0.1962
263,S2C,3,4.2119,31.0,2,56.89,0.19
263,E2C,1,13.5968,0.0,0,17.62,0.0102
263,W2C,1,13.5178,0.0,0,17.72,0.0114
264,N2C,3,3.8298,32.0,2,62.56,0.1962
264,S2C,3,4.5536,33.0,2,52.62,0.1864
264,E2C,1,13.2433,0.0,0,18.09,0.0153
264,W2C,1,13.6138,0.0,0,17.6,0.01
265,N2C,1,13.1829,0.0,0,18.18,0.0162
265,S2C,1,13.5053,0.0,0,17.74,0.0115
265,E2C,1,13.653,0.0,0,17.55,0.0094
265,W2C,1,13.5012,0.0,0,17.75,0.0116
266,N2C,1,13.0955,0.0,0,18.3,0.0174
266,S2C,1,13.4742,0.0,0,17.78,0.012
266,E2C,1,13.7691,0.0,0,17.4,0.0077
266,W2C,1,13.5932,0.0,0,17.63,0.0103
267,N2C,1,12.9048,0.0,0,18.57,0.0202
267,S2C,1,13.8721,0.0,0,17.27,0.0063
267,E2C,1,13.2889,0.0,0,18.03,0.0147
267,W2C,1,13.1233,0.0,0,18.26,0.017
268,N2C,1,12.898,0.0,0,18.58,0.0203
268,S2C,1,13.5427,0.0,0,17.69,0.011
268,E2C,1,13.6948,0.0,0,17.5,0.0088
268,W2C,1,13.1335,0.0,0,18.24,0.0169
269,N2C,1,12.8622,0.0,0,18.63,0.0208
269,S2C,1,13.6834,0.0,0,17.51,0.009
269,E2C,1,13.4698,0.0,0,17.79,0.0121
269,W2C,1,13.5675,0.0,0,17.66,0.0106
270,N2C,1,12.9012,0.0,0,18.57,0.0202
270,S2C,1,13.7244,0.0,0,17.46,0.0084
270,E2C,1,12.7056,0.0,0,18.86,0.0231
270,W2C,1,13.4861,0.0,0,17.77,0.0118
271,N2C,2,12.6683,0.0,0,18.91,0.0296
271,S2C,1,13.89,0.0,0,17.25,0.006
271,E2C,2,10.4556,0.0,0,22.92,0.0615
271,W2C,2,11.1458,0.0,0,21.5,0.0515
272,N2C,2,12.8156,0.0,0,18.7,0.0275
272,S2C,1,13.4913,0.0,0,17.76,0.0117
272,E2C,2,7.9643,0.0,0,30.08,0.0973
272,W2C,2,8.5935,0.0,0,27.88,0.0883
273,N2C,1,13.7818,0.0,0,17.39,0.0076
273,S2C,1,13.3958,0.0,0,17.89,0.0131
273,E2C,2,7.1525,0.0,0,33.5,0.109
273,W2C,2,6.4884,0.0,0,36.93,0.1186
274,N2C,1,13.3787,0.0,0,17.91,0.0134
274,S2C,1,13.5207,0.0,0,17.72,0.0113
274,E2C,2,6.8563,1.0,1,34.95,0.1199
274,W2C,2,6.6715,0.0,0,35.91,0.1159
275,N2C,1,13.84,0.0,0,17.31,0.0067
275,S2C,1,13.5624,0.0,0,17.67,0.0107
275,E2C,2,6.5999,2.0,1,36.3,0.1243
275,W2C,2,6.6878,1.0,1,35.83,0.1224
276,N2C,1,13.6271,0.0,0,17.58,0.0098
276,S2C,1,13.7295,0.0,0,17.45,0.0083
276,E2C,2,6.8042,3.0,1,35.21,0.122
276,W2C,2,6.4655,2.0,1,37.06,0.1262
277,N2C,1,13.747,0.0,0,17.43,0.0081
277,S2C,1,13.6366,0.0,0,17.57,0.0096
277,E2C,2,6.5795,4.0,1,36.42,0.1259
277,W2C,2,6.2196,3.0,1,38.52,0.1304
278,N2C,1,13.619,0.0,0,17.59,0.0099
278,S2C,1,13.5051,0.0,0,17.74,0.0115
278,E2C,2,6.8906,5.0,1,34.77,0.1221
278,W2C,2,6.2303,4.0,1,38.46,0.131
279,N2C,1,13.718,0.0,0,17.47,0.0085
279,S2C,1,13.4969,0.0,0,17.75,0.0117
279,E2C,2,6.8474,6.0,1,34.99,0.1234
279,W2C,2,6.5412,5.0,1,36.63,0.1271
280,N2C,1,13.8554,0.0,0,17.29,0.0065
280,S2C,1,13.3185,0.0,0,17.99,0.0142
280,E2C,2,6.598,7.0,1,36.31,0.1277
280,W2C,2,6.3409,6.0,1,37.79,0.1307
281,N2C,1,13.3562,0.0,0,17.94,0.0137
281,S2C,1,13.3239,0.0,0,17.98,0.0142
281,E2C,2,6.4602,8.0,1,37.09,0.1303
281,W2C,2,6.4089,7.0,1,37.39,0.1304
282,N2C,1,13.4691,0.0,0,17.79,0.0121
282,S2C,1,13.2553,0.0,0,18.08,0.0151
282,E2C,2,6.8712,9.0,1,34.87,0.1251
282,W2C,2,6.5842,8.0,1,36.39,0.1285
283,N2C,1,13.6797,0.0,0,17.51,0.009
283,S2C,1,13.5397,0.0,0,17.7,0.011
283,E2C,2,6.3152,10.0,1,37.94,0.1337
283,W2C,2,6.3105,9.0,1,37.97,0.1331
284,N2C,1,13.3509,0.0,0,17.95,0.0138
284,S2C,1,13.4557,0.0,0,17.81,0.0123
284,E2C,2,6.9059,11.0,1,34.7,0.1259
284,W2C,2,6.678,10.0,1,35.88,0.1285
285,N2C,1,13.4096,0.0,0,17.87,0.0129
285,S2C,1,13.6271,0.0,0,17.58,0.0098
285,E2C,2,6.6385,12.0,1,36.09,0.1304
285,W2C,2,6.6725,11.0,1,35.91,0.1293
286,N2C,1,13.7642,0.0,0,17.41,0.0078
286,S2C,1,13.4076,0.0,0,17.87,0.0129
286,E2C,2,6.4807,13.0,1,36.97,0.1334
286,W2C,2,6.5217,12.0,1,36.74,0.1321
287,N2C,1,13.4594,0.0,0,17.8,0.0122
287,S2C,1,13.4149,0.0,0,17.86,0.0128
287,E2C,2,6.3634,14.0,1,37.65,0.1357
287,W2C,2,6.5945,13.0,1,36.33,0.1317
288,N2C,1,13.7365,0.0,0,17.44,0.0082
288,S2C,1,13.4952,0.0,0,17.75,0.0117
288,E2C,2,5.1676,15.0,1,46.37,0.1536
288,W2C,2,6.1676,14.0,1,38.85,0.1385
289,N2C,1,13.4566,0.0,0,17.81,0.0122
289,S2C,1,13.0726,0.0,0,18.33,0.0178
289,E2C,3,6.3858,16.0,1,37.52,0.1427
289,W2C,3,6.996,15.0,1,34.25,0.1333
290,N2C,1,13.0633,0.0,0,18.34,0.0179
290,S2C,1,12.9973,0.0,0,18.43,0.0189
290,E2C,3,5.0409,17.0,1,47.53,0.1628
290,W2C,3,5.1316,16.0,1,46.69,0.1608
291,N2C,1,13.2114,0.0,0,18.14,0.0158
291,S2C,1,12.7721,0.0,0,18.76,0.0221
291,E2C,3,4.1318,18.0,1,57.99,0.1765
291,W2C,3,4.6303,17.0,1,51.75,0.1687
292,N2C,1,12.8151,0.0,0,18.7,0.0215
292,S2C,1,12.7165,0.0,0,18.84,0.0229
292,E2C,3,4.1765,19.0,1,57.37,0.1765
292,W2C,3,4.2065,18.0,1,56.96,0.1754
293,N2C,1,13.3438,0.0,0,17.96,0.0139
293,S2C,1,12.641,0.0,0,18.95,0.024
293,E2C,3,3.8097,21.0,2,62.89,0.1891
293,W2C,3,4.2254,19.0,1,56.7,0.1758
294,N2C,1,13.2185,0.0,0,18.13,0.0157
294,S2C,1,12.6763,0.0,0,18.9,0.0235
294,E2C,3,3.9473,23.0,2,60.7,0.1885
294,W2C,3,3.9126,21.0,2,61.24,0.1877
295,N2C,1,13.218,0.0,0,18.13,0.0157
295,S2C,1,12.9015,0.0,0,18.57,0.0202
295,E2C,3,3.8667,25.0,2,61.97,0.191
295,W2C,3,4.1733,23.0,2,57.41,0.1852
296,N2C,1,13.3257,0.0,0,17.98,0.0141
296,S2C,1,12.9221,0.0,0,18.54,0.0199
296,E2C,3,3.8588,27.0,2,62.09,0.1924
296,W2C,3,4.0116,25.0,2,59.73,0.1889
297,N2C,1,13.207,0.0,0,18.14,0.0158
297,S2C,1,13.0197,0.0,0,18.4,0.0185
297,E2C,3,3.8978,29.0,2,61.47,0.1932
297,W2C,3,4.0818,27.0,2,58.7,0.1892
298,N2C,1,12.9154,0.0,0,18.55,0.02
298,S2C,1,12.4441,0.0,0,19.25,0.0268
298,E2C,1,13.0043,0.0,0,18.42,0.0188
298,W2C,1,13.0529,0.0,0,18.36,0.0181
299,N2C,1,13.3178,0.0,0,17.99,0.0142
299,S2C,1,12.781,0.0,0,18.75,0.022
299,E2C,1,12.6958,0.0,0,18.87,0.0232
299,W2C,1,12.6792,0.0,0,18.9,0.0234
300,N2C,1,12.8607,0.0,0,18.63,0.0208
300,S2C,1,12.4255,0.0,0,19.28,0.0271
300,E2C,1,12.9657,0.0,0,18.48,0.0193
300,W2C,1,12.7796,0.0,0,18.75,0.022
301,N2C,1,12.9002,0.0,0,18.57,0.0203
301,S2C,1,12.6661,0.0,0,18.92,0.0236
301,E2C,1,12.7954,0.0,0,18.73,0.0218
301,W2C,1,13.2575,0.0,0,18.07,0.0151
302,N2C,1,13.3114,0.0,0,18.0,0.0143
302,S2C,1,12.7083,0.0,0,18.85,0.023
302,E2C,1,13.1658,0.0,0,18.2,0.0164
302,W2C,1,13.1458,0.0,0,18.23,0.0167
303,N2C,1,13.0644,0.0,0,18.34,0.0179
303,S2C,1,12.8131,0.0,0,18.7,0.0215
303,E2C,1,12.9408,0.0,0,18.52,0.0197
303,W2C,1,13.2772,0.0,0,18.05,0.0148
304,N2C,1,13.0001,0.0,0,18.43,0.0188
304,S2C,1,12.6308,0.0,0,18.97,0.0241
304,E2C,1,12.6961,0.0,0,18.87,0.0232
304,W2C,1,12.8321,0.0,0,18.67,0.0212
305,N2C,1,13.4156,0.0,0,17.86,0.0128
305,S2C,1,12.5455,0.0,0,19.1,0.0254
305,E2C,1,12.9048,0.0,0,18.57,0.0202
305,W2C,1,13.0434,0.0,0,18.37,0.0182
306,N2C,1,13.0154,0.0,0,18.41,0.0186
306,S2C,1,12.8495,0.0,0,18.65,0.021
306,E2C,1,12.7753,0.0,0,18.75,0.0221
306,W2C,1,12.7387,0.0,0,18.81,0.0226
307,N2C,2,12.9842,0.0,0,18.45,0.025
307,S2C,2,12.8763,0.0,0,18.61,0.0266
307,E2C,2,12.9991,0.0,0,18.43,0.0248
307,W2C,2,12.6075,0.0,0,19.0,0.0305
308,N2C,2,10.6191,0.0,0,22.56,0.0591
308,S2C,2,12.2027,0.0,0,19.63,0.0363
308,E2C,2,12.426,0.0,0,19.28,0.0331
308,W2C,2,12.3273,0.0,0,19.44,0.0345
309,N2C,2,7.9045,0.0,0,30.31,0.0982
309,S2C,2,10.8052,0.0,0,22.17,0.0564
309,E2C,1,13.3821,0.0,0,17.9,0.0133
309,W2C,1,13.0823,0.0,0,18.31,0.0176
310,N2C,2,6.8921,0.0,0,34.76,0.1128
310,S2C,2,9.0896,0.0,0,26.36,0.0811
310,E2C,1,13.4332,0.0,0,17.84,0.0126
310,W2C,1,13.1726,0.0,0,18.19,0.0163
311,N2C,2,6.9333,1.0,1,34.56,0.1188
311,S2C,2,6.8623,0.0,0,34.92,0.1132
311,E2C,1,13.4699,0.0,0,17.79,0.012
311,W2C,1,13.3905,0.0,0,17.89,0.0132
312,N2C,2,6.8807,2.0,1,34.82,0.1203
312,S2C,2,6.9661,0.0,0,34.4,0.1117
312,E2C,1,13.3762,0.0,0,17.91,0.0134
312,W2C,1,13.4384,0.0,0,17.83,0.0125
313,N2C,2,6.3338,3.0,1,37.83,0.1288
313,S2C,2,6.8468,1.0,1,34.99,0.1201
313,E2C,1,13.6499,0.0,0,17.55,0.0095
313,W2C,1,13.2927,0.0,0,18.02,0.0146
314,N2C,2,6.4427,4.0,1,37.19,0.1279
314,S2C,2,6.4368,2.0,1,37.22,0.1267
314,E2C,1,13.4344,0.0,0,17.83,0.0126
314,W2C,1,13.4575,0.0,0,17.8,0.0122
315,N2C,2,6.7139,5.0,1,35.69,0.1247
315,S2C,2,6.79,3.0,1,35.29,0.1222
315,E2C,1,13.7062,0.0,0,17.48,0.0086
315,W2C,1,13.0773,0.0,0,18.32,0.0177
316,N2C,2,6.7246,6.0,1,35.63,0.1252
316,S2C,2,6.3707,4.0,1,37.61,0.1289
316,E2C,1,13.2773,0.0,0,18.05,0.0148
316,W2C,1,13.6105,0.0,0,17.6,0.01
317,N2C,2,6.4208,7.0,1,37.32,0.1302
317,S2C,2,6.9132,5.0,1,34.66,0.1218
317,E2C,1,13.6837,0.0,0,17.51,0.009
317,W2C,1,13.3928,0.0,0,17.89,0.0132
318,N2C,2,6.6081,8.0,1,36.26,0.1282
318,S2C,2,6.9407,6.0,1,34.52,0.1221
318,E2C,1,13.4919,0.0,0,17.76,0.0117
318,W2C,1,13.1417,0.0,0,18.23,0.0168
319,N2C,2,6.3708,9.0,1,37.61,0.1323
319,S2C,2,6.7281,7.0,1,35.61,0.1258
319,E2C,1,13.4733,0.0,0,17.78,0.012
319,W2C,1,13.0644,0.0,0,18.34,0.0179
320,N2C,2,6.6947,10.0,1,35.79,0.1283
320,S2C,2,6.8982,8.0,1,34.73,0.124
320,E2C,1,13.7225,0.0,0,17.46,0.0084
320,W2C,1,13.6509,0.0,0,17.55,0.0094
321,N2C,2,6.7783,11.0,1,35.35,0.1277
321,S2C,2,6.8288,9.0,1,35.09,0.1257
321,E2C,1,13.5859,0.0,0,17.64,0.0104
321,W2C,1,13.0685,0.0,0,18.33,0.0178
322,N2C,2,6.354,12.0,1,37.71,0.1345
322,S2C,2,6.4983,10.0,1,36.87,0.1311
322,E2C,1,13.5565,0.0,0,17.67,0.0108
322,W2C,1,13.3195,0.0,0,17.99,0.0142
323,N2C,2,6.4772,13.0,1,36.99,0.1334
323,S2C,2,6.8775,11.0,1,34.84,0.1263
323,E2C,1,13.779,0.0,0,17.39,0.0076
323,W2C,1,13.653,0.0,0,17.55,0.0094
324,N2C,2,5.5148,14.0,1,43.45,0.1479
324,S2C,2,5.0626,12.0,1,47.33,0.1531
324,E2C,1,13.5452,0.0,0,17.69,0.011
324,W2C,1,13.2776,0.0,0,18.05,0.0148
325,N2C,3,7.1384,15.0,1,33.56,0.1312
325,S2C,3,6.8272,13.0,1,35.1,0.1344
325,E2C,1,13.5782,0.0,0,17.65,0.0105
325,W2C,2,13.0077,0.0,0,18.42,0.0247
326,N2C,3,5.2558,16.0,1,45.59,0.159
326,S2C,3,4.8957,14.0,1,48.94,0.1628
326,E2C,1,13.1426,0.0,0,18.23,0.0168
326,W2C,1,13.3188,0.0,0,17.99,0.0142
327,N2C,3,3.9911,18.0,2,60.03,0.1845
327,S2C,3,4.3168,15.0,1,55.5,0.1718
327,E2C,1,13.4347,0.0,0,17.83,0.0126
327,W2C,1,13.136,0.0,0,18.24,0.0169
328,N2C,3,4.2171,20.0,2,56.82,0.1826
328,S2C,3,4.3591,17.0,2,54.97,0.1786
328,E2C,1,13.4793,0.0,0,17.78,0.0119
328,W2C,1,13.5054,0.0,0,17.74,0.0115
329,N2C,3,4.3058,22.0,2,55.65,0.1827
329,S2C,3,4.363,19.0,2,54.92,0.1798
329,E2C,1,13.5666,0.0,0,17.66,0.0107
329,W2C,1,13.4743,0.0,0,17.78,0.012
330,N2C,3,4.2861,24.0,2,55.9,0.1843
330,S2C,3,4.4106,21.0,2,54.32,0.1805
330,E2C,1,13.3937,0.0,0,17.89,0.0131
330,W2C,1,13.4206,0.0,0,17.85,0.0128
331,N2C,1,13.3669,0.0,0,17.92,0.0135
331,S2C,1,13.3984,0.0,0,17.88,0.0131
331,E2C,1,13.5157,0.0,0,17.73,0.0114
331,W2C,1,13.4167,0.0,0,17.86,0.0128
332,N2C,1,13.1942,0.0,0,18.16,0.016
332,S2C,1,13.6348,0.0,0,17.57,0.0097
332,E2C,1,13.4349,0.0,0,17.83,0.0126
332,W2C,1,13.1856,0.0,0,18.17,0.0161
333,N2C,1,13.2318,0.0,0,18.11,0.0155
333,S2C,1,13.2734,0.0,0,18.05,0.0149
333,E2C,1,13.4343,0.0,0,17.83,0.0126
333,W2C,1,13.4851,0.0,0,17.77,0.0118
334,N2C,1,12.9447,0.0,0,18.51,0.0196
334,S2C,1,13.8425,0.0,0,17.31,0.0067
334,E2C,1,13.4176,0.0,0,17.86,0.0128
334,W2C,1,13.1826,0.0,0,18.18,0.0162
335,N2C,1,12.8942,0.0,0,18.58,0.0203
335,S2C,1,13.8733,0.0,0,17.27,0.0062
335,E2C,1,13.2785,0.0,0,18.04,0.0148
335,W2C,1,13.765,0.0,0,17.41,0.0078
336,N2C,1,12.8853,0.0,0,18.59,0.0205
336,S2C,1,13.3667,0.0,0,17.93,0.0135
336,E2C,1,13.29,0.0,0,18.03,0.0146
336,W2C,1,13.2556,0.0,0,18.08,0.0151
337,N2C,1,13.4048,0.0,0,17.87,0.013
337,S2C,1,13.7984,0.0,0,17.36,0.0073
337,E2C,1,12.9516,0.0,0,18.5,0.0195
337,W2C,1,13.239,0.0,0,18.1,0.0154
338,N2C,1,12.8718,0.0,0,18.61,0.0207
338,S2C,1,13.5186,0.0,0,17.72,0.0113
338,E2C,1,13.3694,0.0,0,17.92,0.0135
338,W2C,1,13.7482,0.0,0,17.43,0.008
339,N2C,1,12.923,0.0,0,18.54,0.0199
339,S2C,1,13.503,0.0,0,17.74,0.0116
339,E2C,1,13.2068,0.0,0,18.14,0.0158
339,W2C,1,13.5996,0.0,0,17.62,0.0102
340,N2C,1,13.4251,0.0,0,17.85,0.0127
340,S2C,1,13.3117,0.0,0,18.0,0.0143
340,E2C,1,13.2071,0.0,0,18.14,0.0158
340,W2C,1,13.5393,0.0,0,17.7,0.011
341,N2C,1,13.1591,0.0,0,18.21,0.0165
341,S2C,1,13.471,0.0,0,17.79,0.012
341,E2C,1,13.021,0.0,0,18.4,0.0185
341,W2C,1,13.7649,0.0,0,17.41,0.0078
342,N2C,1,13.1799,0.0,0,18.18,0.0162
342,S2C,1,13.7925,0.0,0,17.37,0.0074
342,E2C,1,13.3759,0.0,0,17.91,0.0134
342,W2C,1,13.152,0.0,0,18.22,0.0166
343,N2C,2,13.1263,0.0,0,18.25,0.023
343,S2C,1,13.7643,0.0,0,17.41,0.0078
343,E2C,2,11.7507,0.0,0,20.39,0.0428
343,W2C,2,11.4115,0.0,0,21.0,0.0477
344,N2C,1,13.4108,0.0,0,17.87,0.0129
344,S2C,1,13.5911,0.0,0,17.63,0.0103
344,E2C,2,9.0495,0.0,0,26.48,0.0817
344,W2C,2,9.1074,0.0,0,26.31,0.0809
345,N2C,1,13.8131,0.0,0,17.35,0.0071
345,S2C,1,13.6845,0.0,0,17.51,0.009
345,E2C,2,7.1549,0.0,0,33.49,0.109
345,W2C,2,7.0561,0.0,0,33.96,0.1104
346,N2C,1,13.2892,0.0,0,18.03,0.0147
346,S2C,1,13.6486,0.0,0,17.55,0.0095
346,E2C,2,6.9169,0.0,0,34.64,0.1124
346,W2C,2,6.4973,1.0,1,36.88,0.1251
347,N2C,1,13.7911,0.0,0,17.37,0.0074
347,S2C,1,13.3083,0.0,0,18.0,0.0144
347,E2C,2,6.7042,0.0,0,35.74,0.1155
347,W2C,2,6.8482,2.0,1,34.99,0.1207
348,N2C,1,13.5493,0.0,0,17.68,0.0109
348,S2C,1,13.3492,0.0,0,17.95,0.0138
348,E2C,2,6.7406,1.0,1,35.55,0.1216
348,W2C,2,6.4393,3.0,1,37.21,0.1273
349,N2C,1,13.4692,0.0,0,17.79,0.0121
349,S2C,1,13.2006,0.0,0,18.15,0.0159
349,E2C,2,6.5249,2.0,1,36.72,0.1254
349,W2C,2,6.8567,4.0,1,34.94,0.1219
350,N2C,1,13.6845,0.0,0,17.51,0.009
350,S2C,1,13.2495,0.0,0,18.08,0.0152
350,E2C,2,6.4867,3.0,1,36.94,0.1266
350,W2C,2,6.7845,5.0,1,35.32,0.1236
351,N2C,1,13.7496,0.0,0,17.43,0.008
351,S2C,1,13.3239,0.0,0,17.98,0.0142
351,E2C,2,6.6296,4.0,1,36.14,0.1252
351,W2C,2,6.3843,6.0,1,37.53,0.1301
352,N2C,1,13.7159,0.0,0,17.47,0.0085
352,S2C,1,13.4987,0.0,0,17.75,0.0116
352,E2C,2,6.8382,5.0,1,35.04,0.1229
352,W2C,2,6.4221,7.0,1,37.31,0.1302
353,N2C,1,13.6995,0.0,0,17.49,0.0087
353,S2C,1,13.4098,0.0,0,17.87,0.0129
353,E2C,2,6.8005,6.0,1,35.23,0.1241
353,W2C,2,6.3288,8.0,1,37.86,0.1322
354,N2C,1,13.3495,0.0,0,17.95,0.0138
354,S2C,1,13.2502,0.0,0,18.08,0.0152
354,E2C,2,6.3144,7.0,1,37.94,0.1317
354,W2C,2,6.5366,9.0,1,36.65,0.1299
355,N2C,1,13.4444,0.0,0,17.82,0.0124
355,S2C,1,13.5522,0.0,0,17.68,0.0109
355,E2C,2,6.6896,8.0,1,35.82,0.127
355,W2C,2,6.4064,10.0,1,37.4,0.1324
356,N2C,1,13.3361,0.0,0,17.97,0.014
356,S2C,1,13.4017,0.0,0,17.88,0.013
356,E2C,2,6.7771,9.0,1,35.35,0.1264
356,W2C,2,6.7992,11.0,1,35.24,0.1274
357,N2C,1,13.8378,0.0,0,17.31,0.0068
357,S2C,1,13.1943,0.0,0,18.16,0.016
357,E2C,2,6.3902,10.0,1,37.5,0.1327
357,W2C,2,6.3832,12.0,1,37.54,0.1341
358,N2C,1,13.4133,0.0,0,17.86,0.0129
358,S2C,1,13.1301,0.0,0,18.25,0.0169
358,E2C,2,6.6137,11.0,1,36.23,0.1301
358,W2C,2,6.3141,13.0,1,37.95,0.1358
359,N2C,1,13.5439,0.0,0,17.69,0.011
359,S2C,1,13.7132,0.0,0,17.47,0.0085
359,E2C,2,6.4399,12.0,1,37.21,0.1333
359,W2C,2,6.544,14.0,1,36.61,0.1331
360,N2C,1,13.6032,0.0,0,17.61,0.0101
360,S2C,1,13.5408,0.0,0,17.69,0.011
360,E2C,2,5.7494,13.0,1,41.67,0.1439
360,W2C,2,5.7758,15.0,1,41.48,0.1448
361,N2C,1,13.89,0.0,0,17.25,0.006
361,S2C,2,11.2776,0.0,0,21.25,0.0496
361,E2C,3,7.3267,14.0,1,32.7,0.1278
361,W2C,3,6.9243,16.0,1,34.6,0.135
362,N2C,1,13.8359,0.0,0,17.32,0.0068
362,S2C,2,8.5138,0.0,0,28.14,0.0894
362,E2C,3,5.6646,15.0,1,42.3,0.1524
362,W2C,3,5.2561,17.0,1,45.58,0.1597
363,N2C,1,13.2969,0.0,0,18.02,0.0145
363,S2C,2,6.7976,0.0,0,35.25,0.1141
363,E2C,3,4.2801,16.0,1,55.98,0.173
363,W2C,3,4.5712,18.0,1,52.42,0.1702
364,N2C,1,13.3753,0.0,0,17.91,0.0134
364,S2C,2,6.9873,0.0,0,34.29,0.1114
364,E2C,1,13.3794,0.0,0,17.91,0.0134
364,W2C,1,13.433,0.0,0,17.84,0.0126
365,N2C,1,13.3307,0.0,0,17.97,0.0141
365,S2C,2,6.3286,1.0,1,37.86,0.1275
365,E2C,1,13.2833,0.0,0,18.04,0.0147
365,W2C,1,13.6394,0.0,0,17.57,0.0096
366,N2C,1,13.4054,0.0,0,17.87,0.013
366,S2C,2,6.6947,2.0,1,35.79,0.1229
366,E2C,1,13.8071,0.0,0,17.35,0.0072
366,W2C,1,13.0648,0.0,0,18.34,0.0179
367,N2C,1,13.3367,0.0,0,17.97,0.014
367,S2C,2,6.3073,3.0,1,37.99,0.1292
367,E2C,1,13.7797,0.0,0,17.39,0.0076
367,W2C,1,13.0184,0.0,0,18.4,0.0186
368,N2C,1,13.8863,0.0,0,17.25,0.0061
368,S2C,2,6.6983,4.0,1,35.77,0.1242
368,E2C,1,13.6858,0.0,0,17.51,0.0089
368,W2C,1,13.4841,0.0,0,17.77,0.0118
369,N2C,1,13.2834,0.0,0,18.04,0.0147
369,S2C,2,6.8831,5.0,1,34.81,0.1222
369,E2C,1,13.7942,0.0,0,17.37,0.0074
369,W2C,1,13.436,0.0,0,17.83,0.0125
370,N2C,1,13.8239,0.0,0,17.33,0.007
370,S2C,2,6.8421,6.0,1,35.02,0.1235
370,E2C,1,13.6908,0.0,0,17.5,0.0089
370,W2C,1,13.1961,0.0,0,18.16,0.016
371,N2C,1,13.3535,0.0,0,17.94,0.0137
371,S2C,2,6.6162,7.0,1,36.21,0.1274
371,E2C,1,13.3544,0.0,0,17.94,0.0137
371,W2C,1,13.2652,0.0,0,18.06,0.015
372,N2C,1,13.4563,0.0,0,17.81,0.0122
372,S2C,2,6.298,8.0,1,38.04,0.1326
372,E2C,1,13.8478,0.0,0,17.3,0.0066
372,W2C,1,13.6323,0.0,0,17.58,0.0097
373,N2C,1,13.3723,0.0,0,17.92,0.0135
373,S2C,2,6.297,9.0,1,38.05,0.1333
373,E2C,1,13.6624,0.0,0,17.54,0.0093
373,W2C,1,13.1075,0.0,0,18.28,0.0173
374,N2C,1,13.7471,0.0,0,17.43,0.0081
374,S2C,2,6.35,10.0,1,37.73,0.1332
374,E2C,1,13.8503,0.0,0,17.3,0.0066
374,W2C,1,13.5222,0.0,0,17.72,0.0113
375,N2C,1,13.4144,0.0,0,17.86,0.0128
375,S2C,2,6.6998,11.0,1,35.76,0.1289
375,E2C,1,13.7542,0.0,0,17.42,0.008
375,W2C,1,13.2301,0.0,0,18.11,0.0155
376,N2C,1,13.839,0.0,0,17.31,0.0067
376,S2C,2,6.6332,12.0,1,36.12,0.1305
376,E2C,1,13.4095,0.0,0,17.87,0.0129
376,W2C,1,13.36,0.0,0,17.93,0.0136
377,N2C,1,13.4657,0.0,0,17.79,0.0121
377,S2C,2,6.7379,13.0,1,35.56,0.1296
377,E2C,1,13.4994,0.0,0,17.75,0.0116
377,W2C,1,13.462,0.0,0,17.8,0.0122
378,N2C,1,13.103,0.0,0,18.29,0.0173
378,S2C,2,6.2166,14.0,1,38.54,0.1378
378,E2C,1,13.6563,0.0,0,17.55,0.0094
378,W2C,1,13.2032,0.0,0,18.15,0.0159
379,N2C,2,10.853,0.0,0,22.08,0.0557
379,S2C,3,7.1628,15.0,1,33.45,0.1309
379,E2C,1,13.89,0.0,0,17.25,0.006
379,W2C,2,13.2238,0.0,0,18.12,0.0216
380,N2C,2,8.5756,0.0,0,27.94,0.0885
380,S2C,3,5.3924,16.0,1,44.43,0.157
380,E2C,1,13.3261,0.0,0,17.98,0.0141
380,W2C,1,13.4206,0.0,0,17.85,0.0128
381,N2C,2,6.6257,0.0,0,36.16,0.1166
381,S2C,3,4.3928,17.0,1,54.54,0.1721
381,E2C,1,13.8689,0.0,0,17.28,0.0063
381,W2C,1,13.8544,0.0,0,17.29,0.0065
382,N2C,2,6.4392,0.0,0,37.21,0.1193
382,S2C,3,4.52,19.0,2,53.01,0.1776
382,E2C,1,13.7196,0.0,0,17.46,0.0085
382,W2C,1,13.5308,0.0,0,17.71,0.0112
383,N2C,2,6.5903,1.0,1,36.36,0.1238
383,S2C,3,4.1302,21.0,2,58.01,0.1845
383,E2C,1,13.8483,0.0,0,17.3,0.0066
383,W2C,1,13.2969,0.0,0,18.02,0.0145
384,N2C,2,6.777,2.0,1,35.36,0.1218
384,S2C,3,4.1941,23.0,2,57.13,0.1849
384,E2C,1,13.5911,0.0,0,17.63,0.0103
384,W2C,1,13.4669,0.0,0,17.79,0.0121
385,N2C,2,6.7733,3.0,1,35.37,0.1225
385,S2C,3,4.4379,25.0,2,53.99,0.1828
385,E2C,1,13.7054,0.0,0,17.48,0.0087
385,W2C,1,13.3641,0.0,0,17.93,0.0136
386,N2C,2,6.5044,4.0,1,36.84,0.127
386,S2C,3,4.1136,27.0,2,58.25,0.1888
386,E2C,1,13.8398,0.0,0,17.31,0.0067
386,W2C,1,13.4577,0.0,0,17.8,0.0122
387,N2C,2,6.3052,5.0,1,38.0,0.1305
387,S2C,3,4.2458,29.0,2,56.43,0.1882
387,E2C,1,13.3232,0.0,0,17.98,0.0142
387,W2C,1,13.6051,0.0,0,17.61,0.0101
388,N2C,2,6.3125,6.0,1,37.96,0.1311
388,S2C,3,4.1838,31.0,2,57.27,0.1904
388,E2C,1,13.2588,0.0,0,18.07,0.0151
388,W2C,1,13.263,0.0,0,18.07,0.015
389,N2C,2,6.8971,7.0,1,34.74,0.1234
389,S2C,3,4.4755,33.0,2,53.54,0.1876
389,E2C,1,13.4779,0.0,0,17.78,0.0119
389,W2C,1,13.6858,0.0,0,17.51,0.0089
390,N2C,2,6.6746,8.0,1,35.9,0.1272
390,S2C,3,4.1326,35.0,2,57.98,0.1938
390,E2C,1,13.2449,0.0,0,18.09,0.0153
390,W2C,1,13.5361,0.0,0,17.7,0.0111
391,N2C,2,6.8215,9.0,1,35.12,0.1258
391,S2C,3,4.1618,37.0,2,57.57,0.1947
391,E2C,1,13.4169,0.0,0,17.86,0.0128
391,W2C,1,13.7149,0.0,0,17.47,0.0085
392,N2C,2,6.3046,10.0,1,38.0,0.1339
392,S2C,3,4.2189,39.0,2,56.79,0.1953
392,E2C,1,13.5536,0.0,0,17.68,0.0108
392,W2C,1,13.616,0.0,0,17.6,0.0099
393,N2C,2,6.4941,11.0,1,36.89,0.1318
393,S2C,3,4.3214,41.0,2,55.45,0.1951
393,E2C,1,13.336,0.0,0,17.97,0.014
393,W2C,1,13.6067,0.0,0,17.61,0.0101
394,N2C,2,6.8069,12.0,1,35.2,0.128
394,S2C,3,4.2892,43.0,2,55.86,0.1969
394,E2C,1,13.8438,0.0,0,17.31,0.0067
394,W2C,1,13.8072,0.0,0,17.35,0.0072
395,N2C,2,6.4754,13.0,1,37.0,0.1334
395,S2C,3,4.421,45.0,2,54.2,0.1963
395,E2C,1,13.4464,0.0,0,17.82,0.0124
395,W2C,1,13.413,0.0,0,17.86,0.0129
396,N2C,2,5.9044,14.0,1,40.58,0.1423
396,S2C,3,3.6773,47.0,2,65.16,0.2084
396,E2C,1,12.4056,0.0,0,19.31,0.0274
396,W2C,1,12.4618,0.0,0,19.23,0.0266
397,N2C,1,13.89,0.0,0,17.25,0.006
397,S2C,2,10.211,0.0,0,23.46,0.065
397,E2C,2,10.3848,0.0,0,23.07,0.0625
397,W2C,2,9.6834,0.0,0,24.74,0.0726
398,N2C,1,13.8891,0.0,0,17.25,0.006
398,S2C,2,8.9671,0.0,0,26.72,0.0829
398,E2C,2,8.8366,0.0,0,27.11,0.0848
398,W2C,2,8.0508,0.0,0,29.76,0.0961
399,N2C,1,13.3208,0.0,0,17.99,0.0142
399,S2C,2,9.1817,0.0,0,26.1,0.0798
399,E2C,2,6.8051,0.0,0,35.21,0.114
399,W2C,2,5.7967,0.0,0,41.33,0.1285
400,N2C,1,13.5534,0.0,0,17.68,0.0108
400,S2C,1,13.6751,0.0,0,17.52,0.0091
400,E2C,2,7.048,0.0,0,34.0,0.1105
400,W2C,2,6.1972,1.0,1,38.66,0.1294
401,N2C,1,13.485,0.0,0,17.77,0.0118
401,S2C,1,13.3106,0.0,0,18.0,0.0143
401,E2C,2,6.4259,1.0,1,37.29,0.1261
401,W2C,2,5.8898,2.0,1,40.68,0.1345
402,N2C,1,13.3376,0.0,0,17.96,0.014
402,S2C,1,13.3616,0.0,0,17.93,0.0136
402,E2C,2,6.6796,2.0,1,35.87,0.1232
402,W2C,2,5.5846,3.0,1,42.9,0.1396
403,N2C,1,13.3858,0.0,0,17.9,0.0133
403,S2C,1,13.3963,0.0,0,17.89,0.0131
403,E2C,2,6.3948,3.0,1,37.47,0.1279
403,W2C,2,5.9504,4.0,1,40.27,0.135
404,N2C,1,13.4391,0.0,0,17.83,0.0125
404,S2C,1,13.6405,0.0,0,17.57,0.0096
404,E2C,2,6.8934,4.0,1,34.76,0.1214
404,W2C,2,5.9363,5.0,1,40.36,0.1359
405,N2C,1,13.7668,0.0,0,17.4,0.0078
405,S2C,1,13.8669,0.0,0,17.28,0.0063
405,E2C,2,6.4852,5.0,1,36.95,0.128
405,W2C,2,5.9166,6.0,1,40.5,0.1368
406,N2C,1,13.4599,0.0,0,17.8,0.0122
406,S2C,1,13.3779,0.0,0,17.91,0.0134
406,E2C,2,6.3324,6.0,1,37.84,0.1308
406,W2C,2,5.7697,7.0,1,41.53,0.1396
407,N2C,1,13.4719,0.0,0,17.79,0.012
407,S2C,1,13.6139,0.0,0,17.6,0.01
407,E2C,2,6.696,7.0,1,35.78,0.1263
407,W2C,2,6.0792,8.0,1,39.41,0.1358
408,N2C,1,13.6013,0.0,0,17.62,0.0102
408,S2C,1,13.4734,0.0,0,17.78,0.012
408,E2C,2,6.4162,8.0,1,37.34,0.1309
408,W2C,2,5.8707,9.0,1,40.81,0.1395
409,N2C,1,13.6903,0.0,0,17.5,0.0089
409,S2C,1,13.3016,0.0,0,18.01,0.0145
409,E2C,2,6.6577,9.0,1,35.99,0.1281
409,W2C,2,6.1751,10.0,1,38.8,0.1358
410,N2C,1,13.8504,0.0,0,17.3,0.0066
410,S2C,1,13.8328,0.0,0,17.32,0.0068
410,E2C,2,6.8808,10.0,1,34.82,0.1256
410,W2C,2,6.1083,11.0,1,39.23,0.1374
411,N2C,1,13.7982,0.0,0,17.36,0.0073
411,S2C,1,13.3343,0.0,0,17.97,0.014
411,E2C,2,6.3115,11.0,1,37.96,0.1345
411,W2C,2,5.7644,12.0,1,41.57,0.143
412,N2C,1,13.3327,0.0,0,17.97,0.014
412,S2C,1,13.8469,0.0,0,17.3,0.0066
412,E2C,2,6.3408,12.0,1,37.79,0.1347
412,W2C,2,5.5766,13.0,1,42.97,0.1464
413,N2C,1,13.6458,0.0,0,17.56,0.0095
413,S2C,1,13.2962,0.0,0,18.02,0.0146
413,E2C,2,6.5001,13.0,1,36.86,0.1331
413,W2C,2,5.9678,14.0,1,40.15,0.1414
414,N2C,1,13.5756,0.0,0,17.65,0.0105
414,S2C,1,13.5376,0.0,0,17.7,0.0111
414,E2C,2,5.5498,14.0,1,43.17,0.1474
414,W2C,2,5.7393,15.0,1,41.75,0.1454
415,N2C,1,12.7344,0.0,0,18.82,0.0226
415,S2C,1,13.3441,0.0,0,17.96,0.0139
415,E2C,3,7.0091,15.0,1,34.18,0.1331
415,W2C,3,8.5822,16.0,1,27.92,0.1111
416,N2C,1,12.1407,0.0,0,19.74,0.0312
416,S2C,1,12.802,0.0,0,18.72,0.0217
416,E2C,3,5.8407,16.0,1,41.02,0.1506
416,W2C,3,8.1119,17.0,1,29.54,0.1185
417,N2C,1,12.3345,0.0,0,19.43,0.0284
417,S2C,1,12.8004,0.0,0,18.72,0.0217
417,E2C,3,4.5771,17.0,1,52.35,0.1694
417,W2C,3,6.9156,18.0,1,34.65,0.1364
418,N2C,1,12.6643,0.0,0,18.92,0.0236
418,S2C,1,13.0126,0.0,0,18.41,0.0186
418,E2C,3,4.5284,18.0,1,52.91,0.1708
418,W2C,3,6.0544,19.0,1,39.57,0.1495
419,N2C,1,12.6789,0.0,0,18.9,0.0234
419,S2C,1,13.1343,0.0,0,18.24,0.0169
419,E2C,3,4.3917,20.0,2,54.56,0.1801
419,W2C,3,4.5534,20.0,1,52.62,0.1718
420,N2C,1,12.6285,0.0,0,18.97,0.0242
420,S2C,1,12.9246,0.0,0,18.54,0.0199
420,E2C,3,4.371,22.0,2,54.82,0.1817
420,W2C,3,4.5272,22.0,2,52.92,0.1795
421,N2C,1,12.3115,0.0,0,19.46,0.0287
421,S2C,1,13.0751,0.0,0,18.32,0.0177
421,E2C,3,4.4365,24.0,2,54.01,0.1821
421,W2C,3,4.5684,24.0,2,52.45,0.1802
422,N2C,1,12.2399,0.0,0,19.58,0.0298
422,S2C,1,12.9787,0.0,0,18.46,0.0191
422,E2C,3,4.2589,26.0,2,56.26,0.186
422,W2C,3,4.2711,26.0,2,56.1,0.1858
423,N2C,1,12.4836,0.0,0,19.19,0.0263
423,S2C,1,13.3219,0.0,0,17.99,0.0142
423,E2C,3,4.3617,28.0,2,54.93,0.1859
423,W2C,3,4.2538,28.0,2,56.33,0.1874
424,N2C,1,12.4726,0.0,0,19.21,0.0264
424,S2C,1,12.8988,0.0,0,18.58,0.0203
424,E2C,3,4.5542,30.0,2,52.61,0.1844
424,W2C,3,4.4795,30.0,2,53.49,0.1855
425,N2C,1,12.1709,0.0,0,19.69,0.0308
425,S2C,1,13.1049,0.0,0,18.28,0.0173
425,E2C,3,4.2798,32.0,2,55.98,0.1897
425,W2C,3,4.2179,32.0,2,56.81,0.1906
426,N2C,1,12.4068,0.0,0,19.31,0.0274
426,S2C,1,12.9277,0.0,0,18.53,0.0199
426,E2C,3,4.2539,34.0,2,56.32,0.1914
426,W2C,3,4.5924,34.0,2,52.17,0.1865
427,N2C,1,12.1377,0.0,0,19.74,0.0312
427,S2C,1,12.894,0.0,0,18.58,0.0203
427,E2C,3,4.5335,36.0,2,52.85,0.1887
427,W2C,3,4.3504,36.0,2,55.08,0.1914
428,N2C,1,12.0954,0.0,0,19.81,0.0318
428,S2C,1,12.7111,0.0,0,18.85,0.023
428,E2C,3,4.3758,38.0,2,54.76,0.1923
428,W2C,3,4.4573,38.0,2,53.75,0.1912
429,N2C,1,12.2567,0.0,0,19.55,0.0295
429,S2C,1,13.0411,0.0,0,18.37,0.0182
429,E2C,3,4.4673,40.0,2,53.63,0.1923
429,W2C,3,4.2223,40.0,2,56.75,0.1959
430,N2C,1,12.2162,0.0,0,19.61,0.0301
430,S2C,1,12.8472,0.0,0,18.65,0.021
430,E2C,1,13.6078,0.0,0,17.61,0.0101
430,W2C,1,13.4634,0.0,0,17.8,0.0121
431,N2C,1,12.4505,0.0,0,19.24,0.0267
431,S2C,1,12.7873,0.0,0,18.74,0.0219
431,E2C,1,13.5567,0.0,0,17.67,0.0108
431,W2C,1,13.5746,0.0,0,17.65,0.0105
432,N2C,1,12.3689,0.0,0,19.37,0.0279
432,S2C,1,12.8066,0.0,0,18.71,0.0216
432,E2C,1,12.3014,0.0,0,19.48,0.0289
432,W2C,1,12.2703,0.0,0,19.53,0.0293
433,N2C,2,12.5109,0.0,0,19.15,0.0319
433,S2C,2,12.3375,0.0,0,19.42,0.0344
433,E2C,2,11.8708,0.0,0,20.18,0.0411
433,W2C,2,11.9022,0.0,0,20.13,0.0406
434,N2C,2,11.9441,0.0,0,20.06,0.04
434,S2C,2,10.6848,0.0,0,22.42,0.0582
434,E2C,1,13.421,0.0,0,17.85,0.0128
434,W2C,1,13.3222,0.0,0,17.99,0.0142
435,N2C,2,12.1859,0.0,0,19.66,0.0365
435,S2C,2,8.5983,0.0,0,27.87,0.0882
435,E2C,1,13.6113,0.0,0,17.6,0.01
435,W2C,1,13.5596,0.0,0,17.67,0.0108
436,N2C,2,11.2773,0.0,0,21.25,0.0496
436,S2C,2,7.6438,0.0,0,31.35,0.1019
436,E2C,1,13.7745,0.0,0,17.39,0.0077
436,W2C,1,13.3137,0.0,0,18.0,0.0143
437,N2C,2,8.9681,0.0,0,26.72,0.0829
437,S2C,2,5.7306,1.0,1,41.81,0.1362
437,E2C,1,13.5,0.0,0,17.75,0.0116
437,W2C,1,13.6057,0.0,0,17.61,0.0101
438,N2C,2,7.429,0.0,0,32.25,0.105
438,S2C,2,5.7678,2.0,1,41.54,0.1363
438,E2C,1,13.6513,0.0,0,17.55,0.0094
438,W2C,1,13.8066,0.0,0,17.35,0.0072
439,N2C,2,7.3317,0.0,0,32.68,0.1064
439,S2C,2,6.0801,3.0,1,39.41,0.1325
439,E2C,1,13.5441,0.0,0,17.69,0.011
439,W2C,1,13.2731,0.0,0,18.05,0.0149
440,N2C,2,6.5297,0.0,0,36.69,0.118
440,S2C,2,6.0638,4.0,1,39.51,0.1334
440,E2C,1,13.8001,0.0,0,17.36,0.0073
440,W2C,1,13.8788,0.0,0,17.26,0.0062
441,N2C,2,6.7408,1.0,1,35.54,0.1216
441,S2C,2,5.7487,5.0,1,41.68,0.1386
441,E2C,1,13.8152,0.0,0,17.34,0.0071
441,W2C,1,13.6748,0.0,0,17.52,0.0091
442,N2C,2,6.8181,2.0,1,35.14,0.1212
442,S2C,2,6.1069,6.0,1,39.23,0.1341
442,E2C,1,13.7744,0.0,0,17.39,0.0077
442,W2C,1,13.8725,0.0,0,17.27,0.0063
443,N2C,2,6.5475,3.0,1,36.59,0.1257
443,S2C,2,5.672,7.0,1,42.24,0.141
443,E2C,1,13.2653,0.0,0,18.06,0.015
443,W2C,1,13.4986,0.0,0,17.75,0.0116
444,N2C,2,6.8648,4.0,1,34.9,0.1218
444,S2C,2,5.8862,8.0,1,40.71,0.1386
444,E2C,1,13.329,0.0,0,17.98,0.0141
444,W2C,1,13.6455,0.0,0,17.56,0.0095
445,N2C,2,6.6201,5.0,1,36.19,0.126
445,S2C,2,6.1745,9.0,1,38.8,0.1351
445,E2C,1,13.2718,0.0,0,18.05,0.0149
445,W2C,1,13.8597,0.0,0,17.29,0.0064
446,N2C,2,6.8159,6.0,1,35.15,0.1239
446,S2C,2,6.1335,10.0,1,39.06,0.1364
446,E2C,1,13.7798,0.0,0,17.39,0.0076
446,W2C,1,13.7513,0.0,0,17.42,0.008
447,N2C,2,6.7937,7.0,1,35.27,0.1248
447,S2C,2,5.9925,11.0,1,39.98,0.139
447,E2C,1,13.7961,0.0,0,17.37,0.0074
447,W2C,1,13.8686,0.0,0,17.28,0.0063
448,N2C,2,6.8441,8.0,1,35.01,0.1248
448,S2C,2,6.1328,12.0,1,39.07,0.1377
448,E2C,1,13.4862,0.0,0,17.77,0.0118
448,W2C,1,13.4583,0.0,0,17.8,0.0122
449,N2C,2,6.4665,9.0,1,37.05,0.1309
449,S2C,2,5.6815,13.0,1,42.17,0.1449
449,E2C,1,13.3706,0.0,0,17.92,0.0135
449,W2C,1,13.6156,0.0,0,17.6,0.01
450,N2C,2,5.6138,10.0,1,42.68,0.1438
450,S2C,2,6.0911,14.0,1,39.34,0.1396
450,E2C,1,13.8323,0.0,0,17.32,0.0068
450,W2C,1,13.403,0.0,0,17.88,0.013
451,N2C,3,6.8725,11.0,1,34.86,0.1324
451,S2C,3,8.4584,15.0,1,28.33,0.1122
451,E2C,1,13.6691,0.0,0,17.53,0.0092
451,W2C,1,13.5601,0.0,0,17.67,0.0107
452,N2C,3,5.2933,12.0,1,45.26,0.1558
452,S2C,3,7.8512,16.0,1,30.52,0.1216
452,E2C,1,13.2405,0.0,0,18.1,0.0154
452,W2C,1,13.4966,0.0,0,17.75,0.0117
453,N2C,3,4.4086,13.0,1,54.35,0.1692
453,S2C,3,6.1265,17.0,1,39.11,0.1471
453,E2C,1,13.1886,0.0,0,18.17,0.0161
453,W2C,1,13.0585,0.0,0,18.35,0.018
454,N2C,3,4.5002,14.0,1,53.24,0.1685
454,S2C,3,5.0783,18.0,1,47.18,0.1629
454,E2C,1,13.5482,0.0,0,17.68,0.0109
454,W2C,1,13.0045,0.0,0,18.42,0.0188
455,N2C,3,4.4985,16.0,2,53.26,0.1759
455,S2C,3,4.2503,19.0,1,56.37,0.1755
455,E2C,1,13.1547,0.0,0,18.21,0.0166
455,W2C,1,13.4315,0.0,0,17.84,0.0126
456,N2C,3,4.4826,18.0,2,53.45,0.1775
456,S2C,3,4.3179,21.0,2,55.49,0.1818
456,E2C,1,13.5653,0.0,0,17.66,0.0107
456,W2C,1,13.3464,0.0,0,17.95,0.0138
457,N2C,3,4.5703,20.0,2,52.43,0.1775
457,S2C,3,4.1175,23.0,2,58.19,0.186
457,E2C,1,13.4194,0.0,0,17.85,0.0128
457,W2C,1,13.1096,0.0,0,18.28,0.0172
458,N2C,3,4.6295,22.0,2,51.76,0.178
458,S2C,3,4.0872,25.0,2,58.62,0.1878
458,E2C,1,13.4218,0.0,0,17.85,0.0127
458,W2C,1,13.3845,0.0,0,17.9,0.0133
459,N2C,3,4.3435,24.0,2,55.16,0.1835
459,S2C,3,4.4175,27.0,2,54.24,0.1844
459,E2C,1,13.1967,0.0,0,18.16,0.016
459,W2C,1,13.2139,0.0,0,18.13,0.0157
460,N2C,3,4.3521,26.0,2,55.05,0.1847
460,S2C,3,4.388,29.0,2,54.6,0.1862
460,E2C,1,13.5792,0.0,0,17.64,0.0105
460,W2C,1,13.0475,0.0,0,18.36,0.0181
461,N2C,3,4.2574,28.0,2,56.28,0.1874
461,S2C,3,4.2614,31.0,2,56.23,0.1893
461,E2C,1,13.3956,0.0,0,17.89,0.0131
461,W2C,1,13.181,0.0,0,18.18,0.0162
462,N2C,3,4.5597,30.0,2,52.55,0.1843
462,S2C,3,4.1417,33.0,2,57.85,0.1924
462,E2C,1,13.3674,0.0,0,17.92,0.0135
462,W2C,1,13.4441,0.0,0,17.82,0.0124
463,N2C,1,13.6215,0.0,0,17.59,0.0099
463,S2C,1,13.2583,0.0,0,18.07,0.0151
463,E2C,1,13.158,0.0,0,18.21,0.0165
463,W2C,1,13.5256,0.0,0,17.71,0.0112
464,N2C,1,13.5493,0.0,0,17.68,0.0109
464,S2C,1,13.2339,0.0,0,18.11,0.0154
464,E2C,1,13.4062,0.0,0,17.87,0.013
464,W2C,1,12.9858,0.0,0,18.45,0.019
465,N2C,1,13.255,0.0,0,18.08,0.0151
465,S2C,1,13.4305,0.0,0,17.84,0.0126
465,E2C,1,13.3021,0.0,0,18.01,0.0145
465,W2C,1,13.0961,0.0,0,18.3,0.0174
466,N2C,1,13.5258,0.0,0,17.71,0.0112
466,S2C,1,13.1877,0.0,0,18.17,0.0161
466,E2C,1,13.3787,0.0,0,17.91,0.0134
466,W2C,1,13.0174,0.0,0,18.41,0.0186
467,N2C,1,13.6312,0.0,0,17.58,0.0097
467,S2C,1,13.5058,0.0,0,17.74,0.0115
467,E2C,1,13.0612,0.0,0,18.34,0.0179
467,W2C,1,13.1496,0.0,0,18.22,0.0167
468,N2C,1,13.8735,0.0,0,17.27,0.0062
468,S2C,1,13.387,0.0,0,17.9,0.0132
468,E2C,1,13.2525,0.0,0,18.08,0.0152
468,W2C,1,13.0722,0.0,0,18.33,0.0178
469,N2C,1,13.1531,0.0,0,18.22,0.0166
469,S2C,2,13.5231,0.0,0,17.72,0.0173
469,E2C,2,11.4354,0.0,0,20.95,0.0473
469,W2C,2,12.178,0.0,0,19.67,0.0367
470,N2C,1,12.593,0.0,0,19.03,0.0247
470,S2C,1,13.6583,0.0,0,17.54,0.0093
470,E2C,2,9.1585,0.0,0,26.16,0.0801
470,W2C,2,10.3028,0.0,0,23.26,0.0637
471,N2C,1,12.523,0.0,0,19.13,0.0257
471,S2C,1,13.5109,0.0,0,17.73,0.0115
471,E2C,2,7.8138,0.0,0,30.66,0.0995
471,W2C,2,8.2356,0.0,0,29.09,0.0934
472,N2C,1,12.965,0.0,0,18.48,0.0193
472,S2C,1,13.4962,0.0,0,17.75,0.0117
472,E2C,2,6.9843,0.0,0,34.31,0.1114
472,W2C,2,7.0236,0.0,0,34.11,0.1109
473,N2C,1,13.0686,0.0,0,18.33,0.0178
473,S2C,1,13.803,0.0,0,17.36,0.0073
473,E2C,2,6.359,1.0,1,37.68,0.1271
473,W2C,2,6.5909,1.0,1,36.35,0.1238
474,N2C,1,12.5409,0.0,0,19.11,0.0254
474,S2C,1,13.5488,0.0,0,17.68,0.0109
474,E2C,2,6.9377,2.0,1,34.54,0.1194
474,W2C,2,6.3743,2.0,1,37.59,0.1276
475,N2C,1,13.0504,0.0,0,18.36,0.0181
475,S2C,1,13.4712,0.0,0,17.79,0.012
475,E2C,2,6.7181,3.0,1,35.66,0.1233
475,W2C,2,6.8422,3.0,1,35.02,0.1215
476,N2C,1,12.6129,0.0,0,19.0,0.0244
476,S2C,1,13.7732,0.0,0,17.4,0.0077
476,E2C,2,6.8293,4.0,1,35.08,0.1223
476,W2C,2,6.4871,4.0,1,36.94,0.1273
477,N2C,1,12.9788,0.0,0,18.46,0.0191
477,S2C,1,13.6702,0.0,0,17.53,0.0092
477,E2C,2,6.9329,5.0,1,34.56,0.1215
477,W2C,2,6.4422,5.0,1,37.19,0.1286
478,N2C,1,12.6678,0.0,0,18.91,0.0236
478,S2C,1,13.2645,0.0,0,18.06,0.015
478,E2C,2,6.6275,6.0,1,36.15,0.1266
478,W2C,2,6.8128,6.0,1,35.17,0.1239
479,N2C,1,12.7179,0.0,0,18.84,0.0229
479,S2C,1,13.4706,0.0,0,17.79,0.012
479,E2C,2,6.5104,7.0,1,36.8,0.1289
479,W2C,2,6.8706,7.0,1,34.87,0.1237
480,N2C,1,12.8544,0.0,0,18.64,0.0209
480,S2C,1,13.4832,0.0,0,17.77,0.0119
480,E2C,2,6.3928,8.0,1,37.48,0.1313
480,W2C,2,6.7142,8.0,1,35.69,0.1267
481,N2C,1,12.7282,0.0,0,18.82,0.0227
481,S2C,1,13.5802,0.0,0,17.64,0.0105
481,E2C,2,6.438,9.0,1,37.22,0.1313
481,W2C,2,6.6235,9.0,1,36.17,0.1286
482,N2C,1,13.0175,0.0,0,18.41,0.0186
482,S2C,1,13.3309,0.0,0,17.97,0.0141
482,E2C,2,6.6094,10.0,1,36.25,0.1295
482,W2C,2,6.8558,10.0,1,34.95,0.126
483,N2C,1,12.9817,0.0,0,18.46,0.0191
483,S2C,1,13.7272,0.0,0,17.45,0.0083
483,E2C,2,6.3723,11.0,1,37.6,0.1336
483,W2C,2,6.4326,11.0,1,37.25,0.1327
484,N2C,1,12.7261,0.0,0,18.83,0.0228
484,S2C,1,13.4413,0.0,0,17.83,0.0125
484,E2C,2,6.4569,12.0,1,37.11,0.133
484,W2C,2,6.6365,12.0,1,36.1,0.1304
485,N2C,1,13.0119,0.0,0,18.41,0.0186
485,S2C,1,13.8602,0.0,0,17.29,0.0064
485,E2C,2,6.6285,13.0,1,36.15,0.1312
485,W2C,2,6.7513,13.0,1,35.49,0.1295
486,N2C,1,12.8402,0.0,0,18.66,0.0211
486,S2C,1,13.7826,0.0,0,17.38,0.0075
486,E2C,2,5.8481,14.0,1,40.97,0.1431
486,W2C,2,5.5121,14.0,1,43.47,0.148
487,N2C,2,12.9348,0.0,0,18.52,0.0258
487,S2C,1,13.6094,0.0,0,17.61,0.01
487,E2C,3,6.7613,15.0,1,35.44,0.1366
487,W2C,3,6.1839,15.0,1,38.75,0.145
488,N2C,2,12.7091,0.0,0,18.85,0.029
488,S2C,1,13.3657,0.0,0,17.93,0.0135
488,E2C,3,4.8628,16.0,1,49.27,0.1646
488,W2C,3,4.9376,16.0,1,48.53,0.1636
489,N2C,1,13.7493,0.0,0,17.43,0.008
489,S2C,1,13.5543,0.0,0,17.68,0.0108
489,E2C,3,4.2706,17.0,1,56.1,0.1738
489,W2C,3,3.8021,17.0,1,63.02,0.1806
490,N2C,1,13.382,0.0,0,17.9,0.0133
490,S2C,1,13.1304,0.0,0,18.25,0.0169
490,E2C,3,4.1682,19.0,2,57.48,0.1826
490,W2C,3,3.6603,19.0,2,65.46,0.19
491,N2C,1,13.3163,0.0,0,17.99,0.0143
491,S2C,1,13.2551,0.0,0,18.08,0.0151
491,E2C,3,3.9798,21.0,2,60.2,0.1867
491,W2C,3,3.8541,21.0,2,62.17,0.1885
492,N2C,1,13.8507,0.0,0,17.3,0.0066
492,S2C,1,13.4283,0.0,0,17.84,0.0126
492,E2C,3,4.2193,23.0,2,56.79,0.1846
492,W2C,3,4.0044,23.0,2,59.83,0.1877
493,N2C,1,13.5907,0.0,0,17.63,0.0103
493,S2C,1,13.3993,0.0,0,17.88,0.0131
493,E2C,3,3.8967,25.0,2,61.49,0.1906
493,W2C,3,3.6605,25.0,2,65.46,0.194
494,N2C,1,13.4749,0.0,0,17.78,0.012
494,S2C,1,13.0913,0.0,0,18.3,0.0175
494,E2C,3,3.8631,27.0,2,62.02,0.1924
494,W2C,3,3.6645,27.0,2,65.38,0.1952
495,N2C,1,13.8063,0.0,0,17.35,0.0072
495,S2C,1,13.0691,0.0,0,18.33,0.0178
495,E2C,3,3.9118,29.0,2,61.25,0.193
495,W2C,3,3.827,29.0,2,62.61,0.1942
496,N2C,1,13.3575,0.0,0,17.94,0.0137
496,S2C,1,13.4804,0.0,0,17.77,0.0119
496,E2C,1,13.2355,0.0,0,18.1,0.0154
496,W2C,1,12.701,0.0,0,18.86,0.0231
497,N2C,1,13.8783,0.0,0,17.26,0.0062
497,S2C,1,13.1509,0.0,0,18.22,0.0166
497,E2C,1,13.3166,0.0,0,17.99,0.0143
497,W2C,1,12.467,0.0,0,19.22,0.0265
498,N2C,1,13.8271,0.0,0,17.33,0.0069
498,S2C,1,13.2461,0.0,0,18.09,0.0153
498,E2C,1,13.0653,0.0,0,18.34,0.0179
498,W2C,1,12.5197,0.0,0,19.14,0.0257
499,N2C,1,13.6625,0.0,0,17.54,0.0093
499,S2C,1,13.1579,0.0,0,18.21,0.0165
499,E2C,1,12.849,0.0,0,18.65,0.021
499,W2C,1,12.9437,0.0,0,18.51,0.0196
500,N2C,1,13.583,0.0,0,17.64,0.0104
500,S2C,1,12.9693,0.0,0,18.47,0.0193
500,E2C,1,13.1461,0.0,0,18.23,0.0167
500,W2C,1,12.9075,0.0,0,18.56,0.0201
501,N2C,1,13.6648,0.0,0,17.53,0.0092
501,S2C,1,13.201,0.0,0,18.15,0.0159
501,E2C,1,13.1758,0.0,0,18.18,0.0163
501,W2C,1,12.341,0.0,0,19.42,0.0283
502,N2C,1,13.6388,0.0,0,17.57,0.0096
502,S2C,1,13.1818,0.0,0,18.18,0.0162
502,E2C,1,13.2119,0.0,0,18.14,0.0158
502,W2C,1,12.8361,0.0,0,18.67,0.0212
503,N2C,1,13.4525,0.0,0,17.81,0.0123
503,S2C,1,13.0152,0.0,0,18.41,0.0186
503,E2C,1,13.071,0.0,0,18.33,0.0178
503,W2C,1,12.7331,0.0,0,18.82,0.0227
504,N2C,1,12.2739,0.0,0,19.52,0.0293
504,S2C,1,13.5334,0.0,0,17.7,0.0111
504,E2C,1,12.9719,0.0,0,18.47,0.0192
504,W2C,1,12.6039,0.0,0,19.01,0.0245
505,N2C,2,10.3384,0.0,0,23.18,0.0631
505,S2C,2,12.2399,0.0,0,19.58,0.0358
505,E2C,2,12.9452,0.0,0,18.51,0.0256
505,W2C,2,12.1848,0.0,0,19.66,0.0366
506,N2C,2,8.4115,0.0,0,28.48,0.0909
506,S2C,2,9.8412,0.0,0,24.35,0.0703
506,E2C,2,12.4096,0.0,0,19.31,0.0333
506,W2C,2,11.5228,0.0,0,20.79,0.0461
507,N2C,2,6.9101,0.0,0,34.67,0.1125
507,S2C,2,7.6603,0.0,0,31.28,0.1017
507,E2C,1,13.8069,0.0,0,17.35,0.0072
507,W2C,2,12.0316,0.0,0,19.91,0.0388
508,N2C,2,6.6482,1.0,1,36.04,0.1229
508,S2C,2,7.4062,0.0,0,32.35,0.1054
508,E2C,1,13.2418,0.0,0,18.09,0.0153
508,W2C,1,12.9942,0.0,0,18.44,0.0189
509,N2C,2,6.7191,2.0,1,35.66,0.1226
509,S2C,2,6.6569,1.0,1,35.99,0.1228
509,E2C,1,13.4993,0.0,0,17.75,0.0116
509,W2C,1,13.2591,0.0,0,18.07,0.0151
510,N2C,2,6.3981,3.0,1,37.45,0.1279
510,S2C,2,6.7057,2.0,1,35.73,0.1228
510,E2C,1,13.2416,0.0,0,18.09,0.0153
510,W2C,1,12.7416,0.0,0,18.8,0.0225
511,N2C,2,6.9066,4.0,1,34.69,0.1212
511,S2C,2,6.5991,3.0,1,36.31,0.125
511,E2C,1,13.563,0.0,0,17.67,0.0107
511,W2C,1,13.185,0.0,0,18.17,0.0162
512,N2C,2,6.3629,5.0,1,37.66,0.1297
512,S2C,2,6.5804,4.0,1,36.41,0.1259
512,E2C,1,13.7268,0.0,0,17.45,0.0083
512,W2C,1,13.1624,0.0,0,18.2,0.0165
513,N2C,2,6.8236,6.0,1,35.11,0.1237
513,S2C,2,6.3155,5.0,1,37.94,0.1304
513,E2C,1,13.2481,0.0,0,18.09,0.0152
513,W2C,1,13.1367,0.0,0,18.24,0.0168
514,N2C,2,6.5688,7.0,1,36.48,0.1281
514,S2C,2,6.8234,6.0,1,35.11,0.1238
514,E2C,1,13.7899,0.0,0,17.37,0.0074
514,W2C,1,12.8891,0.0,0,18.59,0.0204
515,N2C,2,6.5552,8.0,1,36.55,0.1289
515,S2C,2,6.7794,7.0,1,35.34,0.1251
515,E2C,1,13.3657,0.0,0,17.93,0.0135
515,W2C,1,13.2332,0.0,0,18.11,0.0155
516,N2C,2,6.3619,9.0,1,37.66,0.1324
516,S2C,2,6.4014,8.0,1,37.43,0.1312
516,E2C,1,13.6382,0.0,0,17.57,0.0096
516,W2C,1,12.8937,0.0,0,18.58,0.0203
517,N2C,2,6.8697,10.0,1,34.88,0.1258
517,S2C,2,6.8181,9.0,1,35.14,0.1258
517,E2C,1,13.3796,0.0,0,17.91,0.0133
517,W2C,1,12.9739,0.0,0,18.47,0.0192
518,N2C,2,6.5542,11.0,1,36.56,0.131
518,S2C,2,6.7539,10.0,1,35.48,0.1274
518,E2C,1,13.5268,0.0,0,17.71,0.0112
518,W2C,1,13.1516,0.0,0,18.22,0.0166
519,N2C,2,6.784,12.0,1,35.32,0.1283
519,S2C,2,6.3583,11.0,1,37.68,0.1338
519,E2C,1,13.2567,0.0,0,18.07,0.0151
519,W2C,1,13.2186,0.0,0,18.13,0.0157
520,N2C,2,6.8744,13.0,1,34.85,0.1277
520,S2C,2,6.4521,12.0,1,37.14,0.1331
520,E2C,1,13.8624,0.0,0,17.28,0.0064
520,W2C,1,13.1121,0.0,0,18.27,0.0172
521,N2C,2,6.7882,14.0,1,35.3,0.1296
521,S2C,2,6.4906,13.0,1,36.91,0.1332
521,E2C,1,13.564,0.0,0,17.66,0.0107
521,W2C,1,12.8295,0.0,0,18.68,0.0213
522,N2C,2,5.0866,15.0,1,47.1,0.1548
522,S2C,2,5.8783,14.0,1,40.76,0.1427
522,E2C,1,13.5666,0.0,0,17.66,0.0107
522,W2C,1,13.2884,0.0,0,18.03,0.0147
523,N2C,3,6.7193,16.0,1,35.66,0.1379
523,S2C,3,7.0488,15.0,1,33.99,0.1325
523,E2C,1,13.8303,0.0,0,17.32,0.0069
523,W2C,2,13.0257,0.0,0,18.39,0.0244
524,N2C,3,5.1502,17.0,1,46.52,0.1612
524,S2C,3,5.2021,16.0,1,46.06,0.1598
524,E2C,1,13.2677,0.0,0,18.06,0.015
524,W2C,2,12.9838,0.0,0,18.45,0.025
525,N2C,3,4.6684,18.0,1,51.32,0.1688
525,S2C,3,4.3194,18.0,2,55.47,0.1798
525,E2C,1,13.5067,0.0,0,17.74,0.0115
525,W2C,1,13.2774,0.0,0,18.05,0.0148
526,N2C,3,4.6196,20.0,2,51.87,0.1768
526,S2C,3,4.4789,20.0,2,53.5,0.1788
526,E2C,1,13.413,0.0,0,17.86,0.0129
526,W2C,1,13.4678,0.0,0,17.79,0.0121
527,N2C,3,4.3606,22.0,2,54.95,0.1819
527,S2C,3,4.5579,22.0,2,52.57,0.179
527,E2C,1,13.2137,0.0,0,18.13,0.0157
527,W2C,1,13.5094,0.0,0,17.74,0.0115
528,N2C,3,4.5772,24.0,2,52.35,0.1801
528,S2C,3,4.3878,24.0,2,54.61,0.1828
528,E2C,1,13.4476,0.0,0,17.82,0.0124
528,W2C,1,13.8285,0.0,0,17.33,0.0069
529,N2C,1,13.8107,0.0,0,17.35,0.0071
529,S2C,1,13.5878,0.0,0,17.63,0.0104
529,E2C,1,13.7942,0.0,0,17.37,0.0074
529,W2C,1,13.6343,0.0,0,17.57,0.0097
530,N2C,1,13.6567,0.0,0,17.54,0.0094
530,S2C,1,13.5312,0.0,0,17.71,0.0112
530,E2C,1,13.7943,0.0,0,17.37,0.0074
530,W2C,1,13.3061,0.0,0,18.01,0.0144
531,N2C,1,13.7405,0.0,0,17.44,0.0082
531,S2C,1,13.3892,0.0,0,17.9,0.0132
531,E2C,1,13.3508,0.0,0,17.95,0.0138
531,W2C,1,13.7466,0.0,0,17.43,0.0081
532,N2C,1,13.6322,0.0,0,17.58,0.0097
532,S2C,1,13.3871,0.0,0,17.9,0.0132
532,E2C,1,13.4502,0.0,0,17.81,0.0123
532,W2C,1,13.6733,0.0,0,17.52,0.0091
533,N2C,1,13.3438,0.0,0,17.96,0.0139
533,S2C,1,13.6028,0.0,0,17.61,0.0101
533,E2C,1,13.549,0.0,0,17.68,0.0109
533,W2C,1,13.8532,0.0,0,17.3,0.0065
534,N2C,1,13.5929,0.0,0,17.63,0.0103
534,S2C,1,13.502,0.0,0,17.75,0.0116
534,E2C,1,13.2061,0.0,0,18.14,0.0158
534,W2C,1,13.5747,0.0,0,17.65,0.0105
535,N2C,1,13.5776,0.0,0,17.65,0.0105
535,S2C,1,13.3701,0.0,0,17.92,0.0135
535,E2C,1,13.5682,0.0,0,17.66,0.0106
535,W2C,1,13.4411,0.0,0,17.83,0.0125
536,N2C,1,13.6806,0.0,0,17.51,0.009
536,S2C,1,13.5672,0.0,0,17.66,0.0106
536,E2C,1,13.5962,0.0,0,17.62,0.0102
536,W2C,1,13.6683,0.0,0,17.53,0.0092
537,N2C,1,13.2427,0.0,0,18.09,0.0153
537,S2C,1,13.6444,0.0,0,17.56,0.0095
537,E2C,1,13.7579,0.0,0,17.42,0.0079
537,W2C,1,13.2842,0.0,0,18.04,0.0147
538,N2C,1,13.2963,0.0,0,18.02,0.0145
538,S2C,1,13.3616,0.0,0,17.93,0.0136
538,E2C,1,13.2214,0.0,0,18.12,0.0156
538,W2C,1,13.5313,0.0,0,17.71,0.0112
539,N2C,1,13.302,0.0,0,18.01,0.0145
539,S2C,1,13.4217,0.0,0,17.85,0.0127
539,E2C,1,13.3642,0.0,0,17.93,0.0136
539,W2C,1,13.8833,0.0,0,17.26,0.0061
540,N2C,1,13.3812,0.0,0,17.91,0.0133
540,S2C,1,13.7222,0.0,0,17.46,0.0084
540,E2C,1,13.1341,0.0,0,18.24,0.0169
540,W2C,1,12.6593,0.0,0,18.93,0.0237
541,N2C,1,13.4837,0.0,0,17.77,0.0118
541,S2C,1,13.89,0.0,0,17.25,0.006
541,E2C,2,11.0988,0.0,0,21.59,0.0522
541,W2C,2,10.4093,0.0,0,23.02,0.0621
542,N2C,1,12.8388,0.0,0,18.66,0.0211
542,S2C,1,13.7059,0.0,0,17.48,0.0087
542,E2C,2,8.6718,0.0,0,27.63,0.0871
542,W2C,2,8.1069,0.0,0,29.56,0.0953
543,N2C,1,13.4587,0.0,0,17.8,0.0122
543,S2C,1,13.7057,0.0,0,17.48,0.0087
543,E2C,2,7.0167,0.0,0,34.15,0.111
543,W2C,2,6.7723,0.0,0,35.38,0.1145
544,N2C,1,13.0391,0.0,0,18.38,0.0183
544,S2C,1,13.6499,0.0,0,17.55,0.0095
544,E2C,2,7.0459,0.0,0,34.01,0.1105
544,W2C,2,6.9102,1.0,1,34.67,0.1192
545,N2C,1,13.1026,0.0,0,18.29,0.0173
545,S2C,1,13.5226,0.0,0,17.72,0.0113
545,E2C,2,6.5931,1.0,1,36.34,0.1237
545,W2C,2,6.9736,2.0,1,34.36,0.1189
546,N2C,1,13.1879,0.0,0,18.17,0.0161
546,S2C,1,13.4235,0.0,0,17.85,0.0127
546,E2C,2,6.6609,2.0,1,35.97,0.1234
546,W2C,2,6.5879,3.0,1,36.37,0.1251
547,N2C,1,13.309,0.0,0,18.0,0.0144
547,S2C,1,13.7505,0.0,0,17.42,0.008
547,E2C,2,6.4935,3.0,1,36.9,0.1265
547,W2C,2,6.4143,4.0,1,37.35,0.1283
548,N2C,1,13.2977,0.0,0,18.02,0.0145
548,S2C,1,13.255,0.0,0,18.08,0.0151
548,E2C,2,6.8491,4.0,1,34.98,0.122
548,W2C,2,6.9319,5.0,1,34.56,0.1215
549,N2C,1,13.3835,0.0,0,17.9,0.0133
549,S2C,1,13.8365,0.0,0,17.32,0.0068
549,E2C,2,6.8723,5.0,1,34.86,0.1224
549,W2C,2,6.7019,6.0,1,35.75,0.1255
550,N2C,1,12.8363,0.0,0,18.67,0.0212
550,S2C,1,13.2458,0.0,0,18.09,0.0153
550,E2C,2,6.5408,6.0,1,36.63,0.1278
550,W2C,2,6.52,7.0,1,36.75,0.1288
551,N2C,1,13.2334,0.0,0,18.11,0.0155
551,S2C,1,13.6837,0.0,0,17.51,0.009
551,E2C,2,6.4415,7.0,1,37.2,0.1299
551,W2C,2,6.4288,8.0,1,37.27,0.1308
552,N2C,1,13.0693,0.0,0,18.33,0.0178
552,S2C,1,13.2758,0.0,0,18.05,0.0148
552,E2C,2,6.7513,8.0,1,35.49,0.1261
552,W2C,2,6.4166,9.0,1,37.34,0.1316
553,N2C,1,13.2766,0.0,0,18.05,0.0148
553,S2C,1,13.8721,0.0,0,17.27,0.0063
553,E2C,2,6.4281,9.0,1,37.27,0.1314
553,W2C,2,6.5986,10.0,1,36.31,0.1297
554,N2C,1,13.1211,0.0,0,18.26,0.0171
554,S2C,1,13.8399,0.0,0,17.31,0.0067
554,E2C,2,6.6997,10.0,1,35.76,0.1282
554,W2C,2,6.6441,11.0,1,36.06,0.1297
555,N2C,1,13.2246,0.0,0,18.12,0.0156
555,S2C,1,13.885,0.0,0,17.26,0.0061
555,E2C,2,6.8581,11.0,1,34.94,0.1266
555,W2C,2,6.6618,12.0,1,35.97,0.1301
556,N2C,1,12.9714,0.0,0,18.47,0.0192
556,S2C,1,13.6781,0.0,0,17.52,0.0091
556,E2C,2,6.7561,12.0,1,35.46,0.1287
556,W2C,2,6.9115,13.0,1,34.67,0.1271
557,N2C,1,13.0333,0.0,0,18.38,0.0183
557,S2C,1,13.8553,0.0,0,17.29,0.0065
557,E2C,2,6.6876,13.0,1,35.83,0.1304
557,W2C,2,6.7676,14.0,1,35.4,0.1299
558,N2C,1,13.2135,0.0,0,18.13,0.0157
558,S2C,1,13.2822,0.0,0,18.04,0.0148
558,E2C,2,5.0103,14.0,1,47.82,0.1552
558,W2C,2,5.0835,15.0,1,47.13,0.1548
559,N2C,2,12.9458,0.0,0,18.51,0.0256
559,S2C,1,13.89,0.0,0,17.25,0.006
559,E2C,3,6.6746,15.0,1,35.9,0.1379
559,W2C,3,6.1414,16.0,1,39.01,0.1462
560,N2C,2,10.3554,0.0,0,23.14,0.0629
560,S2C,1,13.3941,0.0,0,17.89,0.0131
560,E2C,3,5.4942,16.0,1,43.61,0.1556
560,W2C,3,4.5169,17.0,1,53.05,0.1703
561,N2C,2,8.2942,0.0,0,28.89,0.0926
561,S2C,1,13.2566,0.0,0,18.07,0.0151
561,E2C,3,4.4497,17.0,1,53.85,0.1713
561,W2C,3,3.6194,18.0,1,66.2,0.1839
562,N2C,2,6.5518,0.0,0,36.57,0.1177
562,S2C,1,13.2976,0.0,0,18.02,0.0145
562,E2C,1,13.385,0.0,0,17.9,0.0133
562,W2C,1,12.2107,0.0,0,19.62,0.0302
563,N2C,2,6.7588,0.0,0,35.45,0.1147
563,S2C,1,13.7186,0.0,0,17.47,0.0085
563,E2C,1,13.7883,0.0,0,17.38,0.0075
563,W2C,1,12.6205,0.0,0,18.99,0.0243
564,N2C,2,6.506,1.0,1,36.83,0.125
564,S2C,1,13.4205,0.0,0,17.85,0.0128
564,E2C,1,13.6682,0.0,0,17.53,0.0092
564,W2C,1,12.0187,0.0,0,19.94,0.0329
565,N2C,2,6.8253,2.0,1,35.1,0.1211
565,S2C,1,13.3696,0.0,0,17.92,0.0135
565,E2C,1,13.6391,0.0,0,17.57,0.0096
565,W2C,1,12.0792,0.0,0,19.84,0.0321
566,N2C,2,6.5899,3.0,1,36.36,0.1251
566,S2C,1,13.4453,0.0,0,17.82,0.0124
566,E2C,1,13.7226,0.0,0,17.46,0.0084
566,W2C,1,12.1442,0.0,0,19.73,0.0311
567,N2C,2,6.8692,4.0,1,34.88,0.1218
567,S2C,1,13.4095,0.0,0,17.87,0.0129
567,E2C,1,13.4068,0.0,0,17.87,0.013
567,W2C,1,12.3307,0.0,0,19.43,0.0285
568,N2C,2,6.8479,5.0,1,34.99,0.1227
568,S2C,1,13.8091,0.0,0,17.35,0.0072
568,E2C,1,13.3953,0.0,0,17.89,0.0131
568,W2C,1,12.6272,0.0,0,18.97,0.0242
569,N2C,2,6.436,6.0,1,37.23,0.1293
569,S2C,1,13.742,0.0,0,17.44,0.0081
569,E2C,1,13.6327,0.0,0,17.58,0.0097
569,W2C,1,12.267,0.0,0,19.53,0.0294
570,N2C,2,6.6048,7.0,1,36.28,0.1276
570,S2C,1,13.8231,0.0,0,17.33,0.007
570,E2C,1,13.8711,0.0,0,17.27,0.0063
570,W2C,1,12.0462,0.0,0,19.89,0.0325
571,N2C,2,6.7915,8.0,1,35.28,0.1255
571,S2C,1,13.5883,0.0,0,17.63,0.0103
571,E2C,1,13.4955,0.0,0,17.75,0.0117
571,W2C,1,12.5575,0.0,0,19.08,0.0252
572,N2C,2,6.8246,9.0,1,35.11,0.1257
572,S2C,1,13.4595,0.0,0,17.8,0.0122
572,E2C,1,13.6039,0.0,0,17.61,0.0101
572,W2C,1,12.5531,0.0,0,19.09,0.0252
573,N2C,2,6.2962,10.0,1,38.05,0.134
573,S2C,1,13.7702,0.0,0,17.4,0.0077
573,E2C,1,13.7876,0.0,0,17.38,0.0075
573,W2C,1,12.0886,0.0,0,19.82,0.0319
574,N2C,2,6.485,11.0,1,36.95,0.132
574,S2C,1,13.8616,0.0,0,17.29,0.0064
574,E2C,1,13.7715,0.0,0,17.4,0.0077
574,W2C,1,12.5572,0.0,0,19.08,0.0252
575,N2C,2,6.3443,12.0,1,37.77,0.1346
575,S2C,1,13.5223,0.0,0,17.72,0.0113
575,E2C,1,13.5463,0.0,0,17.69,0.0109
575,W2C,1,12.2374,0.0,0,19.58,0.0298
576,N2C,2,5.8608,13.0,1,40.88,0.1423
576,S2C,1,12.8815,0.0,0,18.6,0.0205
576,E2C,1,13.608,0.0,0,17.61,0.0101
576,W2C,1,12.1887,0.0,0,19.66,0.0305
577,N2C,3,7.0372,14.0,1,34.05,0.132
577,S2C,2,10.6315,0.0,0,22.54,0.0589
577,E2C,1,13.89,0.0,0,17.25,0.006
577,W2C,2,12.2024,0.0,0,19.64,0.0363
578,N2C,3,5.397,15.0,1,44.39,0.1563
578,S2C,2,8.0937,0.0,0,29.6,0.0955
578,E2C,1,13.6777,0.0,0,17.52,0.0091
578,W2C,2,12.028,0.0,0,19.92,0.0388
579,N2C,3,4.6588,16.0,1,51.43,0.1676
579,S2C,2,6.8866,0.0,0,34.79,0.1128
579,E2C,1,13.5503,0.0,0,17.68,0.0109
579,W2C,2,11.7924,0.0,0,20.32,0.0422
580,N2C,3,4.4348,17.0,1,54.03,0.1715
580,S2C,2,6.8572,1.0,1,34.94,0.1199
580,E2C,1,13.4849,0.0,0,17.77,0.0118
580,W2C,2,12.0534,0.0,0,19.88,0.0384
581,N2C,3,4.2659,19.0,2,56.17,0.1812
581,S2C,2,6.7984,2.0,1,35.24,0.1214
581,E2C,1,13.7295,0.0,0,17.45,0.0083
581,W2C,1,13.5935,0.0,0,17.63,0.0103
582,N2C,3,4.5434,21.0,2,52.74,0.1786
582,S2C,2,6.9424,3.0,1,34.51,0.12
582,E2C,1,13.3248,0.0,0,17.98,0.0141
582,W2C,1,13.4807,0.0,0,17.77,0.0119
583,N2C,3,4.2165,23.0,2,56.82,0.1846
583,S2C,2,6.8355,4.0,1,35.05,0.1222
583,E2C,1,13.8201,0.0,0,17.34,0.007
583,W2C,1,13.4053,0.0,0,17.87,0.013
584,N2C,3,4.5642,25.0,2,52.5,0.1809
584,S2C,2,6.793,5.0,1,35.27,0.1235
584,E2C,1,13.5476,0.0,0,17.69,0.0109
584,W2C,1,13.8893,0.0,0,17.25,0.006
585,N2C,3,4.577,27.0,2,52.35,0.1821
585,S2C,2,6.4448,6.0,1,37.18,0.1292
585,E2C,1,13.7634,0.0,0,17.41,0.0078
585,W2C,1,13.4511,0.0,0,17.81,0.0123
586,N2C,3,4.503,29.0,2,53.21,0.1845
586,S2C,2,6.394,7.0,1,37.47,0.1306
586,E2C,1,13.488,0.0,0,17.76,0.0118
586,W2C,1,13.8035,0.0,0,17.36,0.0072
587,N2C,3,4.3452,31.0,2,55.14,0.1881
587,S2C,2,6.7515,8.0,1,35.49,0.1261
587,E2C,1,13.3256,0.0,0,17.98,0.0141
587,W2C,1,13.8142,0.0,0,17.34,0.0071
588,N2C,3,4.5159,33.0,2,53.06,0.187
588,S2C,2,6.6694,9.0,1,35.93,0.128
588,E2C,1,13.6453,0.0,0,17.56,0.0095
588,W2C,1,13.3953,0.0,0,17.89,0.0131
589,N2C,3,4.5113,35.0,2,53.11,0.1884
589,S2C,2,6.5414,10.0,1,36.63,0.1305
589,E2C,1,13.3573,0.0,0,17.94,0.0137
589,W2C,1,13.3969,0.0,0,17.88,0.0131
590,N2C,3,4.3431,37.0,2,55.17,0.1921
590,S2C,2,6.9403,11.0,1,34.52,0.1254
590,E2C,1,13.39,0.0,0,17.89,0.0132
590,W2C,1,13.7942,0.0,0,17.37,0.0074
591,N2C,3,4.205,39.0,2,56.98,0.1955
591,S2C,2,6.431,12.0,1,37.26,0.1334
591,E2C,1,13.4268,0.0,0,17.84,0.0127
591,W2C,1,13.7501,0.0,0,17.43,0.008
592,N2C,3,4.3073,41.0,2,55.63,0.1953
592,S2C,2,6.7145,13.0,1,35.68,0.13
592,E2C,1,13.3514,0.0,0,17.95,0.0138
592,W2C,1,13.8521,0.0,0,17.3,0.0065
593,N2C,3,4.3979,43.0,2,54.48,0.1953
593,S2C,2,6.625,14.0,1,36.17,0.1319
593,E2C,1,13.82,0.0,0,17.34,0.007
593,W2C,1,13.788,0.0,0,17.38,0.0075
594,N2C,3,3.1062,45.0,2,77.14,0.2153
594,S2C,2,5.3801,15.0,1,44.53,0.1505
594,E2C,1,12.5608,0.0,0,19.08,0.0251
594,W2C,1,12.3418,0.0,0,19.41,0.0283
595,N2C,2,9.0744,0.0,0,26.4,0.0813
595,S2C,1,13.89,0.0,0,17.25,0.006
595,E2C,2,10.9529,0.0,0,21.88,0.0543
595,W2C,2,10.1742,0.0,0,23.55,0.0655
596,N2C,2,8.0366,0.0,0,29.81,0.0963
596,S2C,1,13.8116,0.0,0,17.35,0.0071
596,E2C,2,8.2933,0.0,0,28.89,0.0926
596,W2C,2,8.3916,0.0,0,28.55,0.0912
597,N2C,2,8.223,0.0,0,29.14,0.0936
597,S2C,1,13.7347,0.0,0,17.44,0.0082
597,E2C,2,6.3509,1.0,1,37.73,0.1272
597,W2C,2,6.8084,1.0,1,35.19,0.1206
598,N2C,1,13.5006,0.0,0,17.75,0.0116
598,S2C,1,13.4964,0.0,0,17.75,0.0117
598,E2C,2,6.4551,2.0,1,37.12,0.1264
598,W2C,2,6.5576,2.0,1,36.54,0.1249
599,N2C,1,13.0423,0.0,0,18.37,0.0182
599,S2C,1,13.8041,0.0,0,17.36,0.0072
599,E2C,2,6.33,3.0,1,37.85,0.1289
599,W2C,2,6.593,3.0,1,36.34,0.1251
600,N2C,1,13.1597,0.0,0,18.21,0.0165
600,S2C,1,13.3428,0.0,0,17.96,0.0139
600,E2C,2,6.7185,4.0,1,35.66,0.1239
600,W2C,2,6.4669,4.0,1,37.05,0.1276
601,N2C,1,13.6024,0.0,0,17.61,0.0101
601,S2C,1,13.6167,0.0,0,17.6,0.0099
601,E2C,2,6.7028,5.0,1,35.75,0.1248
601,W2C,2,6.4892,5.0,1,36.92,0.1279
602,N2C,1,13.0634,0.0,0,18.34,0.0179
602,S2C,1,13.6042,0.0,0,17.61,0.0101
602,E2C,2,6.889,6.0,1,34.78,0.1228
602,W2C,2,6.6847,6.0,1,35.84,0.1257
603,N2C,1,13.0306,0.0,0,18.39,0.0184
603,S2C,1,13.795,0.0,0,17.37,0.0074
603,E2C,2,6.875,7.0,1,34.85,0.1237
603,W2C,2,6.6119,7.0,1,36.24,0.1275
604,N2C,1,13.5202,0.0,0,17.72,0.0113
604,S2C,1,13.5277,0.0,0,17.71,0.0112
604,E2C,2,6.4439,8.0,1,37.18,0.1305
604,W2C,2,6.902,8.0,1,34.71,0.124
605,N2C,1,12.9641,0.0,0,18.48,0.0193
605,S2C,1,13.8559,0.0,0,17.29,0.0065
605,E2C,2,6.4393,9.0,1,37.21,0.1313
605,W2C,2,6.4925,9.0,1,36.9,0.1305
606,N2C,1,13.3156,0.0,0,17.99,0.0143
606,S2C,1,13.5356,0.0,0,17.7,0.0111
606,E2C,2,6.7793,10.0,1,35.34,0.1271
606,W2C,2,6.7093,10.0,1,35.71,0.1281
607,N2C,1,13.1938,0.0,0,18.16,0.016
607,S2C,1,13.6053,0.0,0,17.61,0.0101
607,E2C,2,6.7563,11.0,1,35.46,0.128
607,W2C,2,6.725,11.0,1,35.63,0.1285
608,N2C,1,13.2719,0.0,0,18.05,0.0149
608,S2C,1,13.7063,0.0,0,17.48,0.0086
608,E2C,2,6.8033,12.0,1,35.22,0.128
608,W2C,2,6.733,12.0,1,35.59,0.1291
609,N2C,1,13.0417,0.0,0,18.37,0.0182
609,S2C,1,13.6673,0.0,0,17.53,0.0092
609,E2C,2,6.8772,13.0,1,34.84,0.1276
609,W2C,2,6.3259,13.0,1,37.88,0.1356
610,N2C,1,13.0876,0.0,0,18.31,0.0176
610,S2C,1,13.8501,0.0,0,17.3,0.0066
610,E2C,2,6.5914,14.0,1,36.35,0.1324
610,W2C,2,6.3545,14.0,1,37.71,0.1358
611,N2C,1,13.4022,0.0,0,17.88,0.013
611,S2C,1,13.2789,0.0,0,18.04,0.0148
611,E2C,2,6.7143,15.0,1,35.68,0.1313
611,W2C,2,6.7395,15.0,1,35.55,0.131
612,N2C,1,13.22,0.0,0,18.12,0.0156
612,S2C,1,13.6298,0.0,0,17.58,0.0097
612,E2C,2,5.7008,16.0,1,42.03,0.1466
612,W2C,2,5.6783,16.0,1,42.2,0.1469
613,N2C,2,13.364,0.0,0,17.93,0.0196
613,S2C,1,13.89,0.0,0,17.25,0.006
613,E2C,3,6.9305,17.0,1,34.57,0.1355
613,W2C,3,6.7877,17.0,1,35.3,0.1376
614,N2C,1,13.5319,0.0,0,17.71,0.0112
614,S2C,1,13.8191,0.0,0,17.34,0.007
614,E2C,3,5.289,18.0,1,45.3,0.1598
614,W2C,3,5.4046,18.0,1,44.33,0.1582
615,N2C,1,13.8275,0.0,0,17.33,0.0069
615,S2C,1,13.4902,0.0,0,17.76,0.0118
615,E2C,3,4.7816,19.0,1,50.11,0.1678
615,W2C,3,4.1554,20.0,2,57.66,0.1835
616,N2C,1,13.7418,0.0,0,17.44,0.0081
616,S2C,1,13.8478,0.0,0,17.3,0.0066
616,E2C,3,4.6718,20.0,1,51.29,0.1701
616,W2C,3,4.2858,22.0,2,55.91,0.183
617,N2C,1,13.4609,0.0,0,17.8,0.0122
617,S2C,1,13.6119,0.0,0,17.6,0.01
617,E2C,3,4.3153,22.0,2,55.52,0.1825
617,W2C,3,4.1676,24.0,2,57.49,0.186
618,N2C,1,13.8396,0.0,0,17.31,0.0067
618,S2C,1,13.2646,0.0,0,18.06,0.015
618,E2C,3,4.2124,24.0,2,56.88,0.1853
618,W2C,3,4.2753,26.0,2,56.04,0.1858
619,N2C,1,13.6326,0.0,0,17.58,0.0097
619,S2C,1,13.6176,0.0,0,17.59,0.0099
619,E2C,3,4.584,26.0,2,52.27,0.1813
619,W2C,3,4.3846,28.0,2,54.65,0.1855
620,N2C,1,13.2696,0.0,0,18.06,0.0149
620,S2C,1,13.5034,0.0,0,17.74,0.0116
620,E2C,3,4.2124,28.0,2,56.88,0.188
620,W2C,3,4.0686,30.0,2,58.89,0.1914
621,N2C,1,13.7396,0.0,0,17.44,0.0082
621,S2C,1,13.4276,0.0,0,17.84,0.0127
621,E2C,3,4.5642,30.0,2,52.49,0.1843
621,W2C,3,3.9989,32.0,2,59.92,0.1938
622,N2C,1,13.8475,0.0,0,17.3,0.0066
622,S2C,1,13.3372,0.0,0,17.96,0.014
622,E2C,3,4.6276,32.0,2,51.78,0.1847
622,W2C,3,4.0077,34.0,2,59.78,0.195
623,N2C,1,13.8485,0.0,0,17.3,0.0066
623,S2C,1,13.7263,0.0,0,17.46,0.0084
623,E2C,3,4.5047,34.0,2,53.19,0.1878
623,W2C,3,4.2143,36.0,2,56.85,0.1933
624,N2C,1,13.8587,0.0,0,17.29,0.0065
624,S2C,1,13.7173,0.0,0,17.47,0.0085
624,E2C,3,4.4474,36.0,2,53.87,0.19
624,W2C,3,4.3741,38.0,2,54.78,0.1924
625,N2C,1,13.3807,0.0,0,17.91,0.0133
625,S2C,1,13.5845,0.0,0,17.64,0.0104
625,E2C,3,4.3854,38.0,2,54.64,0.1922
625,W2C,3,4.3441,40.0,2,55.15,0.1941
626,N2C,1,13.4234,0.0,0,17.85,0.0127
626,S2C,1,13.6962,0.0,0,17.49,0.0088
626,E2C,3,4.4613,40.0,2,53.71,0.1924
626,W2C,3,4.1634,42.0,2,57.55,0.1981
627,N2C,1,13.5707,0.0,0,17.66,0.0106
627,S2C,1,13.3319,0.0,0,17.97,0.014
627,E2C,3,4.2798,42.0,2,55.98,0.1964
627,W2C,3,4.0594,44.0,2,59.02,0.2009
628,N2C,1,13.3666,0.0,0,17.93,0.0135
628,S2C,1,13.3523,0.0,0,17.94,0.0137
628,E2C,1,13.688,0.0,0,17.5,0.0089
628,W2C,1,13.1334,0.0,0,18.24,0.0169
629,N2C,1,13.4244,0.0,0,17.85,0.0127
629,S2C,1,13.8299,0.0,0,17.32,0.0069
629,E2C,1,13.7396,0.0,0,17.44,0.0082
629,W2C,1,13.111,0.0,0,18.27,0.0172
630,N2C,1,12.3148,0.0,0,19.46,0.0287
630,S2C,1,12.8297,0.0,0,18.68,0.0213
630,E2C,1,11.6619,0.0,0,20.55,0.0381
630,W2C,1,13.0642,0.0,0,18.34,0.0179
631,N2C,2,10.2475,0.0,0,23.38,0.0644
631,S2C,2,10.5797,0.0,0,22.65,0.0597
631,E2C,2,10.6473,0.0,0,22.5,0.0587
631,W2C,2,13.5564,0.0,0,17.67,0.0168
632,N2C,2,8.1014,0.0,0,29.58,0.0953
632,S2C,2,7.8442,0.0,0,30.54,0.0991
632,E2C,1,12.8465,0.0,0,18.65,0.021
632,W2C,1,13.3359,0.0,0,17.97,0.014
633,N2C,2,6.6148,0.0,0,36.22,0.1168
633,S2C,2,6.8913,1.0,1,34.77,0.1194
633,E2C,1,13.337,0.0,0,17.97,0.014
633,W2C,1,13.7927,0.0,0,17.37,0.0074
634,N2C,2,6.7163,1.0,1,35.67,0.122
634,S2C,2,6.326,2.0,1,37.88,0.1282
634,E2C,1,12.8452,0.0,0,18.65,0.021
634,W2C,1,13.4729,0.0,0,17.78,0.012
635,N2C,2,6.4667,2.0,1,37.05,0.1262
635,S2C,2,6.9248,3.0,1,34.6,0.1203
635,E2C,1,13.0211,0.0,0,18.4,0.0185
635,W2C,1,13.8441,0.0,0,17.31,0.0067
636,N2C,2,6.4816,3.0,1,36.97,0.1267
636,S2C,2,6.5298,4.0,1,36.69,0.1266
636,E2C,1,13.2179,0.0,0,18.13,0.0157
636,W2C,1,13.3122,0.0,0,18.0,0.0143
637,N2C,2,6.6406,4.0,1,36.08,0.125
637,S2C,2,6.5184,5.0,1,36.76,0.1275
637,E2C,1,12.8245,0.0,0,18.68,0.0213
637,W2C,1,13.504,0.0,0,17.74,0.0116
638,N2C,2,6.6257,5.0,1,36.16,0.1259
638,S2C,2,6.2978,6.0,1,38.05,0.1313
638,E2C,1,13.2266,0.0,0,18.12,0.0156
638,W2C,1,13.2648,0.0,0,18.06,0.015
639,N2C,2,6.3847,6.0,1,37.53,0.1301
639,S2C,2,6.9028,7.0,1,34.71,0.1233
639,E2C,1,13.3132,0.0,0,18.0,0.0143
639,W2C,1,13.4915,0.0,0,17.76,0.0117
640,N2C,2,6.3283,7.0,1,37.86,0.1315
640,S2C,2,6.7859,8.0,1,35.31,0.1256
640,E2C,1,12.9695,0.0,0,18.47,0.0193
640,W2C,1,13.2925,0.0,0,18.03,0.0146
641,N2C,2,6.7222,8.0,1,35.64,0.1265
641,S2C,2,6.6275,9.0,1,36.15,0.1286
641,E2C,1,13.0935,0.0,0,18.3,0.0175
641,W2C,1,13.7084,0.0,0,17.48,0.0086
642,N2C,2,6.6442,9.0,1,36.06,0.1283
642,S2C,2,6.5739,10.0,1,36.45,0.13
642,E2C,1,13.2587,0.0,0,18.07,0.0151
642,W2C,1,13.5434,0.0,0,17.69,0.011
643,N2C,2,6.474,10.0,1,37.01,0.1314
643,S2C,2,6.9358,11.0,1,34.55,0.1255
643,E2C,1,13.3895,0.0,0,17.89,0.0132
643,W2C,1,13.7946,0.0,0,17.37,0.0074
644,N2C,2,6.8564,11.0,1,34.95,0.1266
644,S2C,2,6.3988,12.0,1,37.44,0.1339
644,E2C,1,13.1095,0.0,0,18.28,0.0172
644,W2C,1,13.4993,0.0,0,17.75,0.0116
645,N2C,2,6.6401,12.0,1,36.08,0.1304
645,S2C,2,6.8839,13.0,1,34.81,0.1275
645,E2C,1,12.9064,0.0,0,18.56,0.0202
645,W2C,1,13.3328,0.0,0,17.97,0.014
646,N2C,2,6.3802,13.0,1,37.55,0.1348
646,S2C,2,6.6112,14.0,1,36.24,0.1321
646,E2C,1,13.0107,0.0,0,18.42,0.0187
646,W2C,1,13.2978,0.0,0,18.02,0.0145
647,N2C,2,6.5623,14.0,1,36.51,0.1328
647,S2C,2,6.7537,15.0,1,35.48,0.1308
647,E2C,1,13.3118,0.0,0,18.0,0.0143
647,W2C,1,13.5279,0.0,0,17.71,0.0112
648,N2C,2,5.8564,15.0,1,40.91,0.1437
648,S2C,2,5.4763,16.0,1,43.75,0.1498
648,E2C,1,13.318,0.0,0,17.99,0.0142
648,W2C,1,13.3287,0.0,0,17.98,0.0141
649,N2C,3,6.1017,16.0,1,39.27,0.1468
649,S2C,3,6.9208,17.0,1,34.62,0.1357
649,E2C,2,12.1875,0.0,0,19.66,0.0365
649,W2C,1,13.89,0.0,0,17.25,0.006
650,N2C,3,4.249,17.0,1,56.39,0.1742
650,S2C,3,5.2162,18.0,1,45.93,0.1609
650,E2C,2,12.2934,0.0,0,19.49,0.035
650,W2C,1,13.8186,0.0,0,17.34,0.007
651,N2C,3,3.0729,18.0,1,77.97,0.1918
651,S2C,3,4.8732,19.0,1,49.17,0.1665
651,E2C,1,12.7392,0.0,0,18.81,0.0226
651,W2C,1,13.6115,0.0,0,17.6,0.01
652,N2C,3,3.2426,19.0,1,73.89,0.19
652,S2C,3,4.5737,21.0,2,52.39,0.1781
652,E2C,1,12.9196,0.0,0,18.55,0.02
652,W2C,1,13.5037,0.0,0,17.74,0.0116
653,N2C,3,2.9908,21.0,2,80.11,0.2009
653,S2C,3,4.5916,23.0,2,52.18,0.1792
653,E2C,1,12.9616,0.0,0,18.49,0.0194
653,W2C,1,13.4449,0.0,0,17.82,0.0124
654,N2C,3,3.0783,23.0,2,77.83,0.201
654,S2C,3,4.3205,25.0,2,55.46,0.1845
654,E2C,1,12.5405,0.0,0,19.11,0.0254
654,W2C,1,13.5096,0.0,0,17.74,0.0115
655,N2C,3,3.2131,25.0,2,74.57,0.2004
655,S2C,3,4.4172,27.0,2,54.24,0.1844
655,E2C,1,12.6695,0.0,0,18.91,0.0236
655,W2C,1,13.69,0.0,0,17.5,0.0089
656,N2C,3,2.9649,27.0,2,80.81,0.2053
656,S2C,3,4.2624,29.0,2,56.21,0.188
656,E2C,1,13.0581,0.0,0,18.35,0.018
656,W2C,1,13.4536,0.0,0,17.81,0.0123
657,N2C,3,2.9858,29.0,2,80.25,0.2063
657,S2C,3,4.463,31.0,2,53.69,0.1864
657,E2C,1,12.8169,0.0,0,18.69,0.0215
657,W2C,1,13.8451,0.0,0,17.31,0.0066
658,N2C,3,3.0005,31.0,2,79.85,0.2075
658,S2C,3,4.2324,33.0,2,56.61,0.1911
658,E2C,1,12.9599,0.0,0,18.49,0.0194
658,W2C,1,13.8614,0.0,0,17.29,0.0064
659,N2C,3,3.2428,33.0,2,73.89,0.2053
659,S2C,3,4.454,35.0,2,53.79,0.1892
659,E2C,1,12.9162,0.0,0,18.55,0.02
659,W2C,1,13.2967,0.0,0,18.02,0.0145
660,N2C,3,3.3437,35.0,2,71.66,0.2052
660,S2C,3,4.3653,37.0,2,54.89,0.1918
660,E2C,1,13.101,0.0,0,18.29,0.0174
660,W2C,1,13.5445,0.0,0,17.69,0.011
661,N2C,1,11.8618,0.0,0,20.2,0.0352
661,S2C,1,13.2495,0.0,0,18.08,0.0152
661,E2C,1,12.8593,0.0,0,18.63,0.0208
661,W2C,1,13.2418,0.0,0,18.09,0.0153
662,N2C,1,11.6059,0.0,0,20.64,0.0389
662,S2C,1,13.4202,0.0,0,17.85,0.0128
662,E2C,1,12.8334,0.0,0,18.67,0.0212
662,W2C,1,13.7576,0.0,0,17.42,0.0079
663,N2C,1,12.0251,0.0,0,19.92,0.0329
663,S2C,1,13.6463,0.0,0,17.56,0.0095
663,E2C,1,12.544,0.0,0,19.1,0.0254
663,W2C,1,13.767,0.0,0,17.4,0.0078
664,N2C,1,11.5185,0.0,0,20.8,0.0401
664,S2C,1,13.6563,0.0,0,17.54,0.0094
664,E2C,1,13.0543,0.0,0,18.35,0.018
664,W2C,1,13.4637,0.0,0,17.8,0.0121
665,N2C,1,12.023,0.0,0,19.93,0.0329
665,S2C,1,13.4873,0.0,0,17.76,0.0118
665,E2C,1,12.7648,0.0,0,18.77,0.0222
665,W2C,1,13.586,0.0,0,17.64,0.0104
666,N2C,1,11.544,0.0,0,20.76,0.0398
666,S2C,1,13.6153,0.0,0,17.6,0.01
666,E2C,1,13.0643,0.0,0,18.34,0.0179
666,W2C,1,12.7338,0.0,0,18.82,0.0226
667,N2C,2,11.6542,0.0,0,20.56,0.0442
667,S2C,1,13.89,0.0,0,17.25,0.006
667,E2C,2,12.5479,0.0,0,19.09,0.0313
667,W2C,2,10.4838,0.0,0,22.85,0.061
668,N2C,2,10.9934,0.0,0,21.79,0.0537
668,S2C,1,13.3858,0.0,0,17.9,0.0133
668,E2C,2,11.6186,0.0,0,20.62,0.0447
668,W2C,2,7.6564,0.0,0,31.29,0.1018
669,N2C,2,11.235,0.0,0,21.33,0.0502
669,S2C,1,13.6274,0.0,0,17.58,0.0098
669,E2C,2,9.8577,0.0,0,24.31,0.0701
669,W2C,2,7.0023,0.0,0,34.22,0.1112
670,N2C,2,11.0913,0.0,0,21.6,0.0523
670,S2C,1,13.735,0.0,0,17.44,0.0082
670,E2C,2,7.8267,0.0,0,30.61,0.0993
670,W2C,2,6.7471,1.0,1,35.51,0.1215
671,N2C,2,10.8876,0.0,0,22.01,0.0552
671,S2C,1,13.7143,0.0,0,17.47,0.0085
671,E2C,2,6.5966,0.0,0,36.32,0.117
671,W2C,2,6.4056,2.0,1,37.4,0.1271
672,N2C,2,11.5554,0.0,0,20.73,0.0456
672,S2C,1,13.43,0.0,0,17.84,0.0126
672,E2C,2,6.1922,0.0,0,38.69,0.1228
672,W2C,2,6.6547,3.0,1,36.0,0.1242
673,N2C,2,11.1979,0.0,0,21.4,0.0508
673,S2C,1,13.7904,0.0,0,17.37,0.0074
673,E2C,2,6.4383,1.0,1,37.21,0.126
673,W2C,2,6.3044,4.0,1,38.01,0.1299
674,N2C,1,13.388,0.0,0,17.9,0.0132
674,S2C,1,13.8095,0.0,0,17.35,0.0072
674,E2C,2,6.1452,2.0,1,38.99,0.1308
674,W2C,2,6.8893,5.0,1,34.78,0.1221
675,N2C,1,13.4131,0.0,0,17.86,0.0129
675,S2C,1,13.8625,0.0,0,17.28,0.0064
675,E2C,2,6.267,3.0,1,38.23,0.1298
675,W2C,2,6.644,6.0,1,36.06,0.1263
676,N2C,1,13.2204,0.0,0,18.12,0.0156
676,S2C,1,13.4444,0.0,0,17.82,0.0124
676,E2C,2,6.661,4.0,1,35.97,0.1248
676,W2C,2,6.5847,7.0,1,36.39,0.1279
677,N2C,1,13.1183,0.0,0,18.26,0.0171
677,S2C,1,13.6403,0.0,0,17.57,0.0096
677,E2C,2,6.298,5.0,1,38.04,0.1306
677,W2C,2,6.5631,8.0,1,36.51,0.1288
678,N2C,1,13.628,0.0,0,17.58,0.0098
678,S2C,1,13.6415,0.0,0,17.56,0.0096
678,E2C,2,6.5031,6.0,1,36.84,0.1284
678,W2C,2,6.4243,9.0,1,37.3,0.1315
679,N2C,1,13.2963,0.0,0,18.02,0.0145
679,S2C,1,13.6816,0.0,0,17.51,0.009
679,E2C,2,6.3828,7.0,1,37.54,0.1308
679,W2C,2,6.8187,10.0,1,35.14,0.1265
680,N2C,1,13.4629,0.0,0,17.8,0.0122
680,S2C,1,13.4709,0.0,0,17.79,0.012
680,E2C,2,6.5388,8.0,1,36.64,0.1292
680,W2C,2,6.9384,11.0,1,34.53,0.1254
681,N2C,1,13.5107,0.0,0,17.73,0.0115
681,S2C,1,13.7291,0.0,0,17.45,0.0083
681,E2C,2,6.3876,9.0,1,37.51,0.132
681,W2C,2,6.5495,12.0,1,36.58,0.1317
682,N2C,1,13.627,0.0,0,17.58,0.0098
682,S2C,1,13.7549,0.0,0,17.42,0.0079
682,E2C,2,6.175,10.0,1,38.8,0.1358
682,W2C,2,6.5232,13.0,1,36.73,0.1327
683,N2C,1,13.5178,0.0,0,17.72,0.0114
683,S2C,1,13.6503,0.0,0,17.55,0.0095
683,E2C,2,6.4103,11.0,1,37.38,0.133
683,W2C,2,6.8061,14.0,1,35.2,0.1293
684,N2C,1,13.5041,0.0,0,17.74,0.0116
684,S2C,1,13.4956,0.0,0,17.75,0.0117
684,E2C,2,6.1943,12.0,1,38.68,0.1368
684,W2C,2,5.2816,15.0,1,45.37,0.152
685,N2C,2,13.5983,0.0,0,17.62,0.0162
685,S2C,1,13.383,0.0,0,17.9,0.0133
685,E2C,3,7.9292,13.0,1,30.22,0.1185
685,W2C,3,6.8244,16.0,1,35.11,0.1364
686,N2C,1,13.4746,0.0,0,17.78,0.012
686,S2C,1,13.2549,0.0,0,18.08,0.0151
686,E2C,3,6.3619,14.0,1,37.66,0.1417
686,W2C,3,5.9505,17.0,1,40.27,0.1497
687,N2C,1,13.5242,0.0,0,17.72,0.0113
687,S2C,1,13.3204,0.0,0,17.99,0.0142
687,E2C,3,4.9875,15.0,1,48.04,0.1622
687,W2C,3,4.3404,19.0,2,55.2,0.1802
688,N2C,1,13.3381,0.0,0,17.96,0.0139
688,S2C,1,13.2279,0.0,0,18.11,0.0155
688,E2C,3,4.5268,16.0,1,52.93,0.1695
688,W2C,3,4.5059,21.0,2,53.17,0.1791
689,N2C,1,13.3511,0.0,0,17.95,0.0138
689,S2C,1,12.7711,0.0,0,18.76,0.0221
689,E2C,3,4.3622,17.0,1,54.93,0.1725
689,W2C,3,4.6182,23.0,2,51.88,0.1788
690,N2C,1,13.3694,0.0,0,17.92,0.0135
690,S2C,1,12.9397,0.0,0,18.52,0.0197
690,E2C,3,4.4339,19.0,2,54.04,0.1788
690,W2C,3,4.5537,25.0,2,52.62,0.1811
691,N2C,1,13.8048,0.0,0,17.36,0.0072
691,S2C,1,12.8741,0.0,0,18.61,0.0206
691,E2C,3,4.4452,21.0,2,53.9,0.18
691,W2C,3,4.5016,27.0,2,53.23,0.1832
692,N2C,1,13.3161,0.0,0,17.99,0.0143
692,S2C,1,12.9535,0.0,0,18.5,0.0195
692,E2C,3,4.3708,23.0,2,54.82,0.1824
692,W2C,3,4.258,29.0,2,56.27,0.188
693,N2C,1,13.3597,0.0,0,17.93,0.0136
693,S2C,1,13.2135,0.0,0,18.13,0.0157
693,E2C,3,4.3305,25.0,2,55.33,0.1843
693,W2C,3,4.3401,31.0,2,55.21,0.1882
694,N2C,1,13.6632,0.0,0,17.54,0.0093
694,S2C,1,12.7831,0.0,0,18.74,0.0219
694,E2C,1,13.8422,0.0,0,17.31,0.0067
694,W2C,1,13.506,0.0,0,17.74,0.0115
695,N2C,1,13.5654,0.0,0,17.66,0.0107
695,S2C,1,13.3735,0.0,0,17.92,0.0134
695,E2C,1,13.6705,0.0,0,17.53,0.0092
695,W2C,1,13.8583,0.0,0,17.29,0.0065
696,N2C,1,13.8068,0.0,0,17.35,0.0072
696,S2C,1,13.2397,0.0,0,18.1,0.0154
696,E2C,1,13.7273,0.0,0,17.45,0.0083
696,W2C,1,13.8555,0.0,0,17.29,0.0065
697,N2C,1,13.574,0.0,0,17.65,0.0105
697,S2C,1,12.9186,0.0,0,18.55,0.02
697,E2C,1,13.2768,0.0,0,18.05,0.0148
697,W2C,1,13.4895,0.0,0,17.76,0.0118
698,N2C,1,13.4188,0.0,0,17.86,0.0128
698,S2C,1,12.8556,0.0,0,18.64,0.0209
698,E2C,1,13.3099,0.0,0,18.0,0.0144
698,W2C,1,13.5574,0.0,0,17.67,0.0108
699,N2C,1,13.3306,0.0,0,17.97,0.0141
699,S2C,1,12.8109,0.0,0,18.7,0.0215
699,E2C,1,13.2513,0.0,0,18.08,0.0152
699,W2C,1,13.2555,0.0,0,18.08,0.0151
700,N2C,1,13.279,0.0,0,18.04,0.0148
700,S2C,1,12.9638,0.0,0,18.48,0.0193
700,E2C,1,13.7569,0.0,0,17.42,0.0079
700,W2C,1,13.5723,0.0,0,17.65,0.0106
701,N2C,1,13.3387,0.0,0,17.96,0.0139
701,S2C,1,13.1444,0.0,0,18.23,0.0167
701,E2C,1,13.3807,0.0,0,17.91,0.0133
701,W2C,1,13.4725,0.0,0,17.78,0.012
702,N2C,1,12.8187,0.0,0,18.69,0.0214
702,S2C,1,13.3519,0.0,0,17.95,0.0137
702,E2C,1,13.6803,0.0,0,17.51,0.009
702,W2C,1,13.2686,0.0,0,18.06,0.0149
703,N2C,2,10.787,0.0,0,22.21,0.0567
703,S2C,2,12.9673,0.0,0,18.48,0.0253
703,E2C,1,13.2629,0.0,0,18.07,0.015
703,W2C,1,13.89,0.0,0,17.25,0.006
704,N2C,2,8.5524,0.0,0,28.02,0.0889
704,S2C,2,10.7724,0.0,0,22.24,0.0569
704,E2C,1,12.9666,0.0,0,18.48,0.0193
704,W2C,1,13.3282,0.0,0,17.98,0.0141
705,N2C,2,7.0072,0.0,0,34.19,0.1111
705,S2C,2,8.8986,0.0,0,26.93,0.0839
705,E2C,1,12.9746,0.0,0,18.47,0.0192
705,W2C,1,13.563,0.0,0,17.67,0.0107
706,N2C,2,7.0347,0.0,0,34.06,0.1107
706,S2C,2,7.1808,0.0,0,33.37,0.1086
706,E2C,1,13.2081,0.0,0,18.14,0.0158
706,W2C,1,13.5079,0.0,0,17.74,0.0115
707,N2C,2,6.8895,0.0,0,34.78,0.1128
707,S2C,2,6.9735,0.0,0,34.36,0.1116
707,E2C,1,12.6792,0.0,0,18.9,0.0234
707,W2C,1,13.3368,0.0,0,17.97,0.014
708,N2C,2,6.4483,1.0,1,37.16,0.1258
708,S2C,2,6.5309,0.0,0,36.69,0.118
708,E2C,1,12.6639,0.0,0,18.92,0.0237
708,W2C,1,13.5199,0.0,0,17.72,0.0113
709,N2C,2,6.4261,2.0,1,37.29,0.1268
709,S2C,2,6.5003,1.0,1,36.86,0.1251
709,E2C,1,13.1828,0.0,0,18.18,0.0162
709,W2C,1,13.7574,0.0,0,17.42,0.0079
710,N2C,2,6.8387,3.0,1,35.04,0.1215
710,S2C,2,6.5824,2.0,1,36.4,0.1246
710,E2C,1,12.7381,0.0,0,18.81,0.0226
710,W2C,1,13.6447,0.0,0,17.56,0.0095
711,N2C,2,6.6058,4.0,1,36.27,0.1256
711,S2C,2,6.6393,3.0,1,36.09,0.1244
711,E2C,1,12.6354,0.0,0,18.96,0.0241
711,W2C,1,13.4256,0.0,0,17.85,0.0127
712,N2C,2,6.7975,5.0,1,35.25,0.1235
712,S2C,2,6.3495,4.0,1,37.74,0.1292
712,E2C,1,12.8632,0.0,0,18.63,0.0208
712,W2C,1,13.5199,0.0,0,17.72,0.0113
713,N2C,2,6.8505,6.0,1,34.98,0.1234
713,S2C,2,6.6981,5.0,1,35.77,0.1249
713,E2C,1,13.0635,0.0,0,18.34,0.0179
713,W2C,1,13.7736,0.0,0,17.4,0.0077
714,N2C,2,6.9246,7.0,1,34.6,0.123
714,S2C,2,6.545,6.0,1,36.61,0.1278
714,E2C,1,12.8368,0.0,0,18.67,0.0212
714,W2C,1,13.627,0.0,0,17.58,0.0098
715,N2C,2,6.9258,8.0,1,34.6,0.1236
715,S2C,2,6.3552,7.0,1,37.7,0.1312
715,E2C,1,13.0525,0.0,0,18.36,0.0181
715,W2C,1,13.872,0.0,0,17.27,0.0063
716,N2C,2,6.7953,9.0,1,35.26,0.1262
716,S2C,2,6.6072,8.0,1,36.26,0.1282
716,E2C,1,12.999,0.0,0,18.43,0.0188
716,W2C,1,13.3745,0.0,0,17.91,0.0134
717,N2C,2,6.3975,10.0,1,37.45,0.1326
717,S2C,2,6.9142,9.0,1,34.65,0.1244
717,E2C,1,12.9766,0.0,0,18.46,0.0192
717,W2C,1,13.716,0.0,0,17.47,0.0085
718,N2C,2,6.4121,11.0,1,37.37,0.133
718,S2C,2,6.5234,10.0,1,36.73,0.1307
718,E2C,1,13.1778,0.0,0,18.18,0.0163
718,W2C,1,13.4364,0.0,0,17.83,0.0125
719,N2C,2,6.5508,12.0,1,36.58,0.1317
719,S2C,2,6.4071,11.0,1,37.4,0.1331
719,E2C,1,12.8546,0.0,0,18.64,0.0209
719,W2C,1,13.5289,0.0,0,17.71,0.0112
720,N2C,2,5.1906,13.0,1,46.16,0.1519
720,S2C,2,5.7508,12.0,1,41.66,0.1432
720,E2C,1,13.1217,0.0,0,18.26,0.0171
720,W2C,1,13.6613,0.0,0,17.54,0.0093
721,N2C,3,6.216,14.0,1,38.55,0.1438
721,S2C,3,6.9943,13.0,1,34.26,0.132
721,E2C,2,12.9842,0.0,0,18.45,0.025
721,W2C,1,13.89,0.0,0,17.25,0.006
722,N2C,3,5.0389,15.0,1,47.55,0.1614
722,S2C,3,5.8328,14.0,1,41.08,0.1493
722,E2C,2,12.7028,0.0,0,18.86,0.0291
722,W2C,1,13.811,0.0,0,17.35,0.0071
723,N2C,3,4.0674,16.0,1,58.91,0.1761
723,S2C,3,4.3503,15.0,1,55.08,0.1714
723,E2C,1,13.5044,0.0,0,17.74,0.0116
723,W2C,1,13.8291,0.0,0,17.33,0.0069
724,N2C,3,3.7134,18.0,2,64.52,0.1885
724,S2C,3,4.4923,16.0,1,53.34,0.17
724,E2C,1,13.4026,0.0,0,17.88,0.013
724,W2C,1,13.2426,0.0,0,18.09,0.0153
725,N2C,3,4.0587,20.0,2,59.03,0.1849
725,S2C,3,4.2313,18.0,2,56.63,0.1811
725,E2C,1,13.4011,0.0,0,17.88,0.013
725,W2C,1,13.4314,0.0,0,17.84,0.0126
726,N2C,3,3.731,22.0,2,64.22,0.1909
726,S2C,3,4.6037,20.0,2,52.04,0.177
726,E2C,1,13.8074,0.0,0,17.35,0.0072
726,W2C,1,13.3728,0.0,0,17.92,0.0134
727,N2C,1,12.5603,0.0,0,19.08,0.0251
727,S2C,1,13.449,0.0,0,17.82,0.0123
727,E2C,1,13.2304,0.0,0,18.11,0.0155
727,W2C,1,13.8138,0.0,0,17.34,0.0071
728,N2C,1,12.9184,0.0,0,18.55,0.02
728,S2C,1,13.7912,0.0,0,17.37,0.0074
728,E2C,1,13.5727,0.0,0,17.65,0.0106
728,W2C,1,13.5046,0.0,0,17.74,0.0115
729,N2C,1,13.0336,0.0,0,18.38,0.0183
729,S2C,1,13.5329,0.0,0,17.7,0.0111
729,E2C,1,13.3048,0.0,0,18.01,0.0144
729,W2C,1,13.7124,0.0,0,17.47,0.0086
730,N2C,1,12.7506,0.0,0,18.79,0.0224
730,S2C,1,13.6072,0.0,0,17.61,0.0101
730,E2C,1,13.5821,0.0,0,17.64,0.0104
730,W2C,1,13.8326,0.0,0,17.32,0.0068
731,N2C,1,12.6971,0.0,0,18.87,0.0232
731,S2C,1,13.4419,0.0,0,17.82,0.0125
731,E2C,1,13.3281,0.0,0,17.98,0.0141
731,W2C,1,13.6485,0.0,0,17.56,0.0095
732,N2C,1,12.7673,0.0,0,18.77,0.0222
732,S2C,1,13.6786,0.0,0,17.52,0.009
732,E2C,1,13.7877,0.0,0,17.38,0.0075
732,W2C,1,13.6624,0.0,0,17.54,0.0093
733,N2C,1,12.6882,0.0,0,18.88,0.0233
733,S2C,1,13.4419,0.0,0,17.82,0.0125
733,E2C,1,13.664,0.0,0,17.54,0.0093
733,W2C,1,13.6061,0.0,0,17.61,0.0101
734,N2C,1,12.766,0.0,0,18.77,0.0222
734,S2C,1,13.7654,0.0,0,17.41,0.0078
734,E2C,1,13.4741,0.0,0,17.78,0.012
734,W2C,1,13.8012,0.0,0,17.36,0.0073
735,N2C,1,12.9532,0.0,0,18.5,0.0195
735,S2C,1,13.6048,0.0,0,17.61,0.0101
735,E2C,1,13.7182,0.0,0,17.47,0.0085
735,W2C,1,13.7869,0.0,0,17.38,0.0075
736,N2C,1,12.8749,0.0,0,18.61,0.0206
736,S2C,1,13.69,0.0,0,17.5,0.0089
736,E2C,1,13.6901,0.0,0,17.5,0.0089
736,W2C,1,13.3803,0.0,0,17.91,0.0133
737,N2C,1,12.6082,0.0,0,19.0,0.0245
737,S2C,1,13.8535,0.0,0,17.3,0.0065
737,E2C,1,13.2287,0.0,0,18.11,0.0155
737,W2C,1,13.5752,0.0,0,17.65,0.0105
738,N2C,1,13.0127,0.0,0,18.41,0.0186
738,S2C,1,13.7093,0.0,0,17.48,0.0086
738,E2C,1,12.4658,0.0,0,19.22,0.0265
738,W2C,1,11.9457,0.0,0,20.06,0.034
739,N2C,2,13.0256,0.0,0,18.39,0.0244
739,S2C,1,13.2955,0.0,0,18.02,0.0146
739,E2C,2,10.7835,0.0,0,22.22,0.0567
739,W2C,2,10.2225,0.0,0,23.44,0.0648
740,N2C,2,12.2685,0.0,0,19.53,0.0353
740,S2C,1,13.2692,0.0,0,18.06,0.0149
740,E2C,2,8.7326,0.0,0,27.44,0.0863
740,W2C,2,7.7401,0.0,0,30.96,0.1006
741,N2C,2,12.6331,0.0,0,18.97,0.0301
741,S2C,1,12.9932,0.0,0,18.44,0.0189
741,E2C,2,6.9303,0.0,0,34.57,0.1122
741,W2C,2,6.9694,0.0,0,34.38,0.1116
742,N2C,1,13.8623,0.0,0,17.28,0.0064
742,S2C,1,12.9218,0.0,0,18.54,0.0199
742,E2C,2,6.7299,0.0,0,35.6,0.1151
742,W2C,2,7.058,0.0,0,33.95,0.1104
743,N2C,1,13.6157,0.0,0,17.6,0.0099
743,S2C,1,12.9454,0.0,0,18.51,0.0196
743,E2C,2,6.3772,1.0,1,37.57,0.1268
743,W2C,2,6.4531,1.0,1,37.13,0.1257
744,N2C,1,13.6394,0.0,0,17.57,0.0096
744,S2C,1,13.2938,0.0,0,18.02,0.0146
744,E2C,2,6.5531,2.0,1,36.56,0.125
744,W2C,2,6.7608,2.0,1,35.44,0.122
745,N2C,1,13.4776,0.0,0,17.78,0.0119
745,S2C,1,12.6731,0.0,0,18.91,0.0235
745,E2C,2,6.8615,3.0,1,34.92,0.1212
745,W2C,2,6.7457,3.0,1,35.52,0.1229
746,N2C,1,13.7092,0.0,0,17.48,0.0086
746,S2C,1,13.1714,0.0,0,18.19,0.0163
746,E2C,2,6.9358,4.0,1,34.55,0.1208
746,W2C,2,6.5844,4.0,1,36.39,0.1259
747,N2C,1,13.8341,0.0,0,17.32,0.0068
747,S2C,1,12.8326,0.0,0,18.67,0.0212
747,E2C,2,6.3643,5.0,1,37.65,0.1297
747,W2C,2,6.7476,5.0,1,35.51,0.1242
748,N2C,1,13.4929,0.0,0,17.76,0.0117
748,S2C,1,12.958,0.0,0,18.49,0.0194
748,E2C,2,6.5245,6.0,1,36.72,0.1281
748,W2C,2,6.7835,6.0,1,35.32,0.1243
749,N2C,1,13.5886,0.0,0,17.63,0.0103
749,S2C,1,12.7668,0.0,0,18.77,0.0222
749,E2C,2,6.3299,7.0,1,37.85,0.1315
749,W2C,2,6.5201,7.0,1,36.75,0.1288
750,N2C,1,13.3094,0.0,0,18.0,0.0144
750,S2C,1,12.9379,0.0,0,18.52,0.0197
750,E2C,2,6.3079,8.0,1,37.98,0.1325
750,W2C,2,6.5669,8.0,1,36.49,0.1288
751,N2C,1,13.8343,0.0,0,17.32,0.0068
751,S2C,1,12.9724,0.0,0,18.47,0.0192
751,E2C,2,6.7146,9.0,1,35.68,0.1273
751,W2C,2,6.7358,9.0,1,35.57,0.127
752,N2C,1,13.4041,0.0,0,17.88,0.013
752,S2C,1,12.7954,0.0,0,18.73,0.0218
752,E2C,2,6.7964,10.0,1,35.25,0.1268
752,W2C,2,6.4026,10.0,1,37.42,0.1325
753,N2C,1,13.5509,0.0,0,17.68,0.0109
753,S2C,1,12.6661,0.0,0,18.92,0.0236
753,E2C,2,6.3834,11.0,1,37.54,0.1334
753,W2C,2,6.4623,11.0,1,37.08,0.1323
754,N2C,1,13.6916,0.0,0,17.5,0.0089
754,S2C,1,12.9224,0.0,0,18.54,0.0199
754,E2C,2,6.5783,12.0,1,36.42,0.1313
754,W2C,2,6.8645,12.0,1,34.9,0.1272
755,N2C,1,13.5383,0.0,0,17.7,0.0111
755,S2C,1,13.1097,0.0,0,18.28,0.0172
755,E2C,2,6.3717,13.0,1,37.6,0.1349
755,W2C,2,6.6995,13.0,1,35.76,0.1302
756,N2C,1,13.3721,0.0,0,17.92,0.0135
756,S2C,1,12.7231,0.0,0,18.83,0.0228
756,E2C,2,6.0461,14.0,1,39.63,0.1403
756,W2C,2,5.7526,14.0,1,41.65,0.1445
757,N2C,1,13.7775,0.0,0,17.39,0.0076
757,S2C,2,12.8417,0.0,0,18.66,0.0271
757,E2C,3,7.2537,15.0,1,33.03,0.1296
757,W2C,3,6.485,15.0,1,36.95,0.1406
758,N2C,1,13.4817,0.0,0,17.77,0.0119
758,S2C,2,10.6747,0.0,0,22.45,0.0583
758,E2C,3,5.7282,16.0,1,41.83,0.1522
758,W2C,3,4.7688,16.0,1,50.24,0.166
759,N2C,1,13.5315,0.0,0,17.71,0.0112
759,S2C,2,9.1352,0.0,0,26.23,0.0805
759,E2C,3,4.598,18.0,2,52.11,0.1758
759,W2C,3,4.0267,18.0,2,59.5,0.184
760,N2C,1,13.7484,0.0,0,17.43,0.008
760,S2C,2,7.572,0.0,0,31.64,0.103
760,E2C,1,13.712,0.0,0,17.47,0.0086
760,W2C,1,12.8757,0.0,0,18.61,0.0206
761,N2C,1,13.3814,0.0,0,17.91,0.0133
761,S2C,2,5.9753,1.0,1,40.1,0.1326
761,E2C,1,13.4344,0.0,0,17.83,0.0126
761,W2C,1,12.7819,0.0,0,18.75,0.022
762,N2C,1,13.4662,0.0,0,17.79,0.0121
762,S2C,2,6.4512,2.0,1,37.14,0.1264
762,E2C,1,13.6966,0.0,0,17.49,0.0088
762,W2C,1,12.9301,0.0,0,18.53,0.0198
763,N2C,1,13.6851,0.0,0,17.51,0.009
763,S2C,2,6.164,3.0,1,38.87,0.1312
763,E2C,1,13.6749,0.0,0,17.52,0.0091
763,W2C,1,12.687,0.0,0,18.89,0.0233
764,N2C,1,13.3365,0.0,0,17.97,0.014
764,S2C,2,5.9542,4.0,1,40.24,0.1349
764,E2C,1,13.4567,0.0,0,17.81,0.0122
764,W2C,1,12.53,0.0,0,19.12,0.0256
765,N2C,1,13.3111,0.0,0,18.0,0.0143
765,S2C,2,6.0861,5.0,1,39.37,0.1337
765,E2C,1,13.4804,0.0,0,17.77,0.0119
765,W2C,1,12.8699,0.0,0,18.62,0.0207
766,N2C,1,13.4517,0.0,0,17.81,0.0123
766,S2C,2,5.947,6.0,1,40.29,0.1364
766,E2C,1,13.626,0.0,0,17.58,0.0098
766,W2C,1,13.1047,0.0,0,18.28,0.0173
767,N2C,1,13.2838,0.0,0,18.04,0.0147
767,S2C,2,6.3942,7.0,1,37.47,0.1306
767,E2C,1,13.5176,0.0,0,17.73,0.0114
767,W2C,1,12.6835,0.0,0,18.89,0.0234
768,N2C,1,13.2287,0.0,0,18.11,0.0155
768,S2C,2,5.9663,8.0,1,40.16,0.1374
768,E2C,1,13.3101,0.0,0,18.0,0.0143
768,W2C,1,12.5693,0.0,0,19.06,0.025
769,N2C,1,13.4045,0.0,0,17.87,0.013
769,S2C,2,6.4885,9.0,1,36.93,0.1306
769,E2C,1,13.7693,0.0,0,17.4,0.0077
769,W2C,1,13.1063,0.0,0,18.28,0.0173
770,N2C,1,13.5779,0.0,0,17.65,0.0105
770,S2C,2,6.501,10.0,1,36.86,0.1311
770,E2C,1,13.7456,0.0,0,17.43,0.0081
770,W2C,1,13.124,0.0,0,18.26,0.017
771,N2C,1,13.2436,0.0,0,18.09,0.0153
771,S2C,2,5.9172,11.0,1,40.49,0.1401
771,E2C,1,13.7105,0.0,0,17.48,0.0086
771,W2C,1,12.5213,0.0,0,19.14,0.0257
772,N2C,1,13.6269,0.0,0,17.58,0.0098
772,S2C,2,5.9355,12.0,1,40.37,0.1405
772,E2C,1,13.2456,0.0,0,18.09,0.0153
772,W2C,1,12.6456,0.0,0,18.95,0.0239
773,N2C,1,13.3922,0.0,0,17.89,0.0132
773,S2C,2,5.9057,13.0,1,40.57,0.1416
773,E2C,1,13.4868,0.0,0,17.77,0.0118
773,W2C,1,12.8447,0.0,0,18.65,0.0211
774,N2C,1,13.0796,0.0,0,18.32,0.0177
774,S2C,2,6.0817,14.0,1,39.4,0.1398
774,E2C,1,13.608,0.0,0,17.61,0.0101
774,W2C,1,12.9135,0.0,0,18.55,0.0201
775,N2C,2,10.1114,0.0,0,23.7,0.0664
775,S2C,3,8.5551,15.0,1,28.01,0.1108
775,E2C,1,13.5837,0.0,0,17.64,0.0104
775,W2C,2,12.3317,0.0,0,19.43,0.0344
776,N2C,2,7.9439,0.0,0,30.16,0.0976
776,S2C,3,7.3813,16.0,1,32.46,0.1284
776,E2C,1,13.464,0.0,0,17.8,0.0121
776,W2C,2,11.9191,0.0,0,20.1,0.0404
777,N2C,2,6.6644,0.0,0,35.95,0.116
777,S2C,3,5.7261,17.0,1,41.84,0.1529
777,E2C,1,13.1689,0.0,0,18.19,0.0164
777,W2C,1,13.2296,0.0,0,18.11,0.0155
778,N2C,2,5.6064,1.0,1,42.74,0.1379
778,S2C,3,4.2949,19.0,2,55.79,0.1808
778,E2C,1,13.5703,0.0,0,17.66,0.0106
778,W2C,1,12.7125,0.0,0,18.85,0.023
779,N2C,2,6.0923,2.0,1,39.33,0.1316
779,S2C,3,4.2329,21.0,2,56.6,0.1831
779,E2C,1,13.4122,0.0,0,17.86,0.0129
779,W2C,1,13.0376,0.0,0,18.38,0.0183
780,N2C,2,5.6757,3.0,1,42.21,0.1383
780,S2C,3,4.5843,23.0,2,52.27,0.1793
780,E2C,1,13.4275,0.0,0,17.84,0.0127
780,W2C,1,13.0384,0.0,0,18.38,0.0183
781,N2C,2,5.6951,4.0,1,42.07,0.1387
781,S2C,3,4.2453,25.0,2,56.44,0.1855
781,E2C,1,13.267,0.0,0,18.06,0.015
781,W2C,1,13.3155,0.0,0,17.99,0.0143
782,N2C,2,6.1072,5.0,1,39.23,0.1334
782,S2C,3,4.5835,27.0,2,52.27,0.182
782,E2C,1,13.135,0.0,0,18.24,0.0169
782,W2C,1,12.9944,0.0,0,18.44,0.0189
783,N2C,2,5.7711,6.0,1,41.52,0.1389
783,S2C,3,4.5952,29.0,2,52.14,0.1832
783,E2C,1,13.126,0.0,0,18.25,0.017
783,W2C,1,12.7857,0.0,0,18.74,0.0219
784,N2C,2,5.6936,7.0,1,42.08,0.1407
784,S2C,3,4.4163,31.0,2,54.25,0.1871
784,E2C,1,13.2803,0.0,0,18.04,0.0148
784,W2C,1,13.1011,0.0,0,18.29,0.0174
785,N2C,2,6.067,8.0,1,39.49,0.136
785,S2C,3,4.5796,33.0,2,52.32,0.1861
785,E2C,1,13.3782,0.0,0,17.91,0.0134
785,W2C,1,12.7813,0.0,0,18.75,0.022
786,N2C,2,5.862,9.0,1,40.87,0.1396
786,S2C,3,4.4947,35.0,2,53.31,0.1886
786,E2C,1,13.1958,0.0,0,18.16,0.016
786,W2C,1,13.2399,0.0,0,18.1,0.0154
787,N2C,2,6.0505,10.0,1,39.6,0.1375
787,S2C,3,4.2044,37.0,2,56.99,0.1941
787,E2C,1,13.4268,0.0,0,17.84,0.0127
787,W2C,1,13.2239,0.0,0,18.12,0.0156
788,N2C,2,6.0346,11.0,1,39.7,0.1384
788,S2C,3,4.5208,39.0,2,53.0,0.1909
788,E2C,1,13.4138,0.0,0,17.86,0.0129
788,W2C,1,12.9949,0.0,0,18.44,0.0189
789,N2C,2,6.0618,12.0,1,39.53,0.1387
789,S2C,3,4.3254,41.0,2,55.39,0.1951
789,E2C,1,13.3359,0.0,0,17.97,0.014
789,W2C,1,12.6897,0.0,0,18.88,0.0233
790,N2C,2,6.0236,13.0,1,39.78,0.1399
790,S2C,3,4.4605,43.0,2,53.72,0.1944
790,E2C,1,13.2878,0.0,0,18.03,0.0147
790,W2C,1,12.9967,0.0,0,18.44,0.0189
791,N2C,2,5.5897,14.0,1,42.86,0.1468
791,S2C,3,4.3934,45.0,2,54.54,0.1967
791,E2C,1,13.2312,0.0,0,18.11,0.0155
791,W2C,1,13.0731,0.0,0,18.33,0.0178
792,N2C,2,6.1352,15.0,1,39.05,0.1397
792,S2C,3,2.8934,47.0,2,82.81,0.2197
792,E2C,1,13.3074,0.0,0,18.01,0.0144
792,W2C,1,12.7805,0.0,0,18.75,0.022
793,N2C,2,13.0794,0.0,0,18.32,0.0237
793,S2C,2,9.1218,0.0,0,26.27,0.0807
793,E2C,2,11.8061,0.0,0,20.29,0.042
793,W2C,2,12.9983,0.0,0,18.43,0.0248
794,N2C,2,12.3875,0.0,0,19.34,0.0336
794,S2C,2,8.6483,0.0,0,27.7,0.0875
794,E2C,2,9.325,0.0,0,25.69,0.0777
794,W2C,2,11.3789,0.0,0,21.06,0.0482
795,N2C,1,13.3615,0.0,0,17.93,0.0136
795,S2C,2,8.8261,0.0,0,27.15,0.0849
795,E2C,2,7.724,0.0,0,31.02,0.1008
795,W2C,2,9.1071,0.0,0,26.31,0.0809
796,N2C,1,13.7033,0.0,0,17.48,0.0087
796,S2C,1,13.6807,0.0,0,17.51,0.009
796,E2C,2,6.3501,1.0,1,37.73,0.1272
796,W2C,2,7.1144,0.0,0,33.68,0.1096
797,N2C,1,13.3131,0.0,0,18.0,0.0143
797,S2C,1,13.4097,0.0,0,17.87,0.0129
797,E2C,2,6.8308,2.0,1,35.08,0.121
797,W2C,2,6.5847,1.0,1,36.39,0.1239
798,N2C,1,13.6185,0.0,0,17.59,0.0099
798,S2C,1,13.6691,0.0,0,17.53,0.0092
798,E2C,2,6.6233,3.0,1,36.18,0.1246
798,W2C,2,6.5292,2.0,1,36.7,0.1253
799,N2C,1,13.4573,0.0,0,17.8,0.0122
799,S2C,1,13.6603,0.0,0,17.54,0.0093
799,E2C,2,6.5589,4.0,1,36.53,0.1262
799,W2C,2,6.4714,3.0,1,37.02,0.1268
800,N2C,1,13.4652,0.0,0,17.79,0.0121
800,S2C,1,13.3336,0.0,0,17.97,0.014
800,E2C,2,6.7494,5.0,1,35.5,0.1241
800,W2C,2,6.4045,4.0,1,37.41,0.1284
801,N2C,1,13.7449,0.0,0,17.43,0.0081
801,S2C,1,13.5836,0.0,0,17.64,0.0104
801,E2C,2,6.6957,6.0,1,35.78,0.1256
801,W2C,2,6.3149,5.0,1,37.94,0.1304
802,N2C,1,13.6866,0.0,0,17.51,0.0089
802,S2C,1,13.248,0.0,0,18.09,0.0152
802,E2C,2,6.6167,7.0,1,36.21,0.1274
802,W2C,2,6.5378,6.0,1,36.65,0.1279
803,N2C,1,13.8659,0.0,0,17.28,0.0063
803,S2C,1,13.5691,0.0,0,17.66,0.0106
803,E2C,2,6.8381,8.0,1,35.04,0.1249
803,W2C,2,6.9228,7.0,1,34.61,0.123
804,N2C,1,13.6959,0.0,0,17.49,0.0088
804,S2C,1,13.5682,0.0,0,17.66,0.0106
804,E2C,2,6.7207,9.0,1,35.65,0.1272
804,W2C,2,6.61,8.0,1,36.25,0.1282
805,N2C,1,13.3939,0.0,0,17.89,0.0131
805,S2C,1,13.3885,0.0,0,17.9,0.0132
805,E2C,2,6.837,10.0,1,35.04,0.1262
805,W2C,2,6.5361,9.0,1,36.66,0.1299
806,N2C,1,13.5826,0.0,0,17.64,0.0104
806,S2C,1,13.3207,0.0,0,17.99,0.0142
806,E2C,2,6.332,11.0,1,37.84,0.1342
806,W2C,2,6.7622,10.0,1,35.43,0.1273
807,N2C,1,13.5556,0.0,0,17.68,0.0108
807,S2C,1,13.4083,0.0,0,17.87,0.0129
807,E2C,2,6.4532,12.0,1,37.13,0.1331
807,W2C,2,6.8621,11.0,1,34.92,0.1265
808,N2C,1,13.3969,0.0,0,17.88,0.0131
808,S2C,1,13.2589,0.0,0,18.07,0.0151
808,E2C,2,6.2988,13.0,1,38.04,0.136
808,W2C,2,6.8989,12.0,1,34.73,0.1267
809,N2C,1,13.762,0.0,0,17.41,0.0078
809,S2C,1,13.2492,0.0,0,18.08,0.0152
809,E2C,2,6.9251,14.0,1,34.6,0.1276
809,W2C,2,6.3468,13.0,1,37.75,0.1353
810,N2C,1,13.4935,0.0,0,17.76,0.0117
810,S2C,1,13.7171,0.0,0,17.47,0.0085
810,E2C,2,5.7704,15.0,1,41.52,0.1449
810,W2C,2,6.0908,14.0,1,39.34,0.1396
811,N2C,1,13.89,0.0,0,17.25,0.006
811,S2C,1,13.89,0.0,0,17.25,0.006
811,E2C,3,6.977,16.0,1,34.34,0.1342
811,W2C,3,7.1905,15.0,1,33.32,0.1305
812,N2C,1,13.6043,0.0,0,17.61,0.0101
812,S2C,1,13.6273,0.0,0,17.58,0.0098
812,E2C,3,5.4661,17.0,1,43.83,0.1566
812,W2C,3,5.651,16.0,1,42.4,0.1533
813,N2C,1,13.3404,0.0,0,17.96,0.0139
813,S2C,1,13.5781,0.0,0,17.65,0.0105
813,E2C,3,4.3032,18.0,1,55.68,0.174
813,W2C,3,4.4352,17.0,1,54.02,0.1715
814,N2C,1,13.6866,0.0,0,17.51,0.0089
814,S2C,1,13.8895,0.0,0,17.25,0.006
814,E2C,3,4.2534,20.0,2,56.33,0.1821
814,W2C,3,4.4009,19.0,2,54.44,0.1793
815,N2C,1,13.4002,0.0,0,17.88,0.0131
815,S2C,1,13.2491,0.0,0,18.08,0.0152
815,E2C,3,4.3212,22.0,2,55.45,0.1824
815,W2C,3,4.6098,21.0,2,51.98,0.1776
816,N2C,1,13.7671,0.0,0,17.4,0.0078
816,S2C,1,13.6787,0.0,0,17.52,0.009
816,E2C,3,4.2568,24.0,2,56.29,0.1847
816,W2C,3,4.489,23.0,2,53.38,0.1807
817,N2C,1,13.4808,0.0,0,17.77,0.0119
817,S2C,1,13.3781,0.0,0,17.91,0.0134
817,E2C,3,4.4768,26.0,2,53.52,0.1829
817,W2C,3,4.3901,25.0,2,54.58,0.1835
818,N2C,1,13.3616,0.0,0,17.93,0.0136
818,S2C,1,13.865,0.0,0,17.28,0.0064
818,E2C,3,4.4103,28.0,2,54.33,0.1852
818,W2C,3,4.6113,27.0,2,51.96,0.1816
819,N2C,1,13.6255,0.0,0,17.58,0.0098
819,S2C,1,13.546,0.0,0,17.69,0.011
819,E2C,3,4.5563,30.0,2,52.59,0.1844
819,W2C,3,4.4944,29.0,2,53.31,0.1846
820,N2C,1,13.5929,0.0,0,17.63,0.0103
820,S2C,1,13.2942,0.0,0,18.02,0.0146
820,E2C,3,4.6138,32.0,2,51.93,0.1849
820,W2C,3,4.5616,31.0,2,52.53,0.185
821,N2C,1,13.6024,0.0,0,17.61,0.0101
821,S2C,1,13.6687,0.0,0,17.53,0.0092
821,E2C,3,4.3155,34.0,2,55.52,0.1905
821,W2C,3,4.5958,33.0,2,52.13,0.1858
822,N2C,1,13.491,0.0,0,17.76,0.0117
822,S2C,1,13.4803,0.0,0,17.77,0.0119
822,E2C,3,4.6091,36.0,2,51.98,0.1876
822,W2C,3,4.2174,35.0,2,56.81,0.1926
823,N2C,1,13.5637,0.0,0,17.66,0.0107
823,S2C,1,13.6703,0.0,0,17.53,0.0092
823,E2C,3,4.4618,38.0,2,53.7,0.1911
823,W2C,3,4.5689,37.0,2,52.44,0.1889
824,N2C,1,13.5254,0.0,0,17.71,0.0113
824,S2C,1,13.3857,0.0,0,17.9,0.0133
824,E2C,3,4.3508,40.0,2,55.07,0.194
824,W2C,3,4.497,39.0,2,53.28,0.1912
825,N2C,1,13.8276,0.0,0,17.33,0.0069
825,S2C,1,13.3495,0.0,0,17.95,0.0138
825,E2C,3,4.4463,42.0,2,53.89,0.194
825,W2C,3,4.2551,41.0,2,56.31,0.1961
826,N2C,1,13.667,0.0,0,17.53,0.0092
826,S2C,1,13.485,0.0,0,17.77,0.0118
826,E2C,1,13.6628,0.0,0,17.54,0.0093
826,W2C,1,13.248,0.0,0,18.09,0.0152
827,N2C,1,13.7331,0.0,0,17.45,0.0083
827,S2C,1,13.5291,0.0,0,17.71,0.0112
827,E2C,1,13.3324,0.0,0,17.97,0.014
827,W2C,1,13.7339,0.0,0,17.45,0.0082
828,N2C,1,12.2028,0.0,0,19.63,0.0303
828,S2C,1,12.5342,0.0,0,19.12,0.0255
828,E2C,1,12.3555,0.0,0,19.39,0.0281
828,W2C,1,12.1187,0.0,0,19.77,0.0315
829,N2C,2,10.0832,0.0,0,23.76,0.0668
829,S2C,2,10.4088,0.0,0,23.02,0.0621
829,E2C,2,12.1862,0.0,0,19.66,0.0365
829,W2C,2,11.2834,0.0,0,21.23,0.0495
830,N2C,2,7.9117,0.0,0,30.28,0.0981
830,S2C,2,7.8192,0.0,0,30.64,0.0994
830,E2C,1,13.3662,0.0,0,17.93,0.0135
830,W2C,1,12.501,0.0,0,19.17,0.026
831,N2C,2,6.3901,0.0,0,37.5,0.12
831,S2C,2,5.8929,1.0,1,40.66,0.1338
831,E2C,1,13.3665,0.0,0,17.93,0.0135
831,W2C,1,13.0439,0.0,0,18.37,0.0182
832,N2C,2,6.4396,0.0,0,37.21,0.1193
832,S2C,2,5.8482,2.0,1,40.97,0.1351
832,E2C,1,13.6574,0.0,0,17.54,0.0093
832,W2C,1,12.9396,0.0,0,18.52,0.0197
833,N2C,2,5.9091,1.0,1,40.55,0.1336
833,S2C,2,6.0592,3.0,1,39.54,0.1328
833,E2C,1,13.3902,0.0,0,17.89,0.0132
833,W2C,1,13.0349,0.0,0,18.38,0.0183
834,N2C,2,6.2968,2.0,1,38.05,0.1287
834,S2C,2,5.7262,4.0,1,41.84,0.1382
834,E2C,1,13.852,0.0,0,17.3,0.0065
834,W2C,1,12.543,0.0,0,19.1,0.0254
835,N2C,2,6.2591,3.0,1,38.28,0.1299
835,S2C,2,6.3387,5.0,1,37.8,0.1301
835,E2C,1,13.7068,0.0,0,17.48,0.0086
835,W2C,1,13.1121,0.0,0,18.27,0.0172
836,N2C,2,6.1092,4.0,1,39.22,0.1327
836,S2C,2,6.0228,6.0,1,39.78,0.1353
836,E2C,1,13.6162,0.0,0,17.6,0.0099
836,W2C,1,12.8176,0.0,0,18.69,0.0214
837,N2C,2,5.9624,5.0,1,40.18,0.1355
837,S2C,2,5.9311,7.0,1,40.4,0.1373
837,E2C,1,13.2625,0.0,0,18.07,0.015
837,W2C,1,12.5503,0.0,0,19.09,0.0253
838,N2C,2,6.3301,6.0,1,37.85,0.1309
838,S2C,2,6.2431,8.0,1,38.38,0.1334
838,E2C,1,13.566,0.0,0,17.66,0.0107
838,W2C,1,12.7282,0.0,0,18.82,0.0227
839,N2C,2,5.9423,7.0,1,40.32,0.1371
839,S2C,2,5.8923,9.0,1,40.66,0.1392
839,E2C,1,13.8616,0.0,0,17.29,0.0064
839,W2C,1,12.9513,0.0,0,18.5,0.0195
840,N2C,2,6.5169,8.0,1,36.77,0.1295
840,S2C,2,6.3545,10.0,1,37.71,0.1332
840,E2C,1,13.7225,0.0,0,17.46,0.0084
840,W2C,1,12.7881,0.0,0,18.74,0.0219
841,N2C,2,6.098,9.0,1,39.29,0.1362
841,S2C,2,6.0755,11.0,1,39.44,0.1379
841,E2C,1,13.8644,0.0,0,17.28,0.0064
841,W2C,1,12.679,0.0,0,18.9,0.0234
842,N2C,2,6.4317,10.0,1,37.25,0.1321
842,S2C,2,5.8829,12.0,1,40.73,0.1413
842,E2C,1,13.5728,0.0,0,17.65,0.0106
842,W2C,1,13.0411,0.0,0,18.37,0.0182
843,N2C,2,5.9023,11.0,1,40.59,0.1403
843,S2C,2,5.7219,13.0,1,41.87,0.1443
843,E2C,1,13.4964,0.0,0,17.75,0.0117
843,W2C,1,13.0239,0.0,0,18.4,0.0185
844,N2C,2,6.0747,12.0,1,39.44,0.1385
844,S2C,2,6.2209,14.0,1,38.52,0.1378
844,E2C,1,13.4367,0.0,0,17.83,0.0125
844,W2C,1,12.8348,0.0,0,18.67,0.0212
845,N2C,2,6.3685,13.0,1,37.62,0.135
845,S2C,2,6.0578,15.0,1,39.55,0.1408
845,E2C,1,13.8821,0.0,0,17.26,0.0061
845,W2C,1,12.9702,0.0,0,18.47,0.0192
846,N2C,2,6.4333,14.0,1,37.24,0.1347
846,S2C,2,6.1599,16.0,1,38.9,0.14
846,E2C,1,13.7793,0.0,0,17.39,0.0076
846,W2C,1,12.5159,0.0,0,19.14,0.0258
847,N2C,3,8.5216,15.0,1,28.12,0.1113
847,S2C,3,8.3377,17.0,1,28.74,0.1153
847,E2C,1,13.2059,0.0,0,18.14,0.0159
847,W2C,2,12.6179,0.0,0,18.99,0.0303
848,N2C,3,6.6717,16.0,1,35.91,0.1386
848,S2C,3,7.8309,18.0,1,30.6,0.1232
848,E2C,1,13.1292,0.0,0,18.25,0.017
848,W2C,2,12.3434,0.0,0,19.41,0.0343
849,N2C,3,5.3023,17.0,1,45.19,0.159
849,S2C,3,6.1111,19.0,1,39.21,0.1487
849,E2C,1,13.0159,0.0,0,18.41,0.0186
849,W2C,1,13.3211,0.0,0,17.99,0.0142
850,N2C,3,4.4464,18.0,1,53.89,0.172
850,S2C,3,4.7272,20.0,1,50.69,0.1693
850,E2C,1,12.6584,0.0,0,18.93,0.0237
850,W2C,1,13.3663,0.0,0,17.93,0.0135
851,N2C,3,4.1318,20.0,2,57.99,0.1838
851,S2C,3,4.3284,21.0,1,55.36,0.1757
851,E2C,1,12.6041,0.0,0,19.01,0.0245
851,W2C,1,13.1429,0.0,0,18.23,0.0168
852,N2C,3,4.187,22.0,2,57.23,0.1844
852,S2C,3,4.3406,23.0,2,55.2,0.1828
852,E2C,1,12.9096,0.0,0,18.56,0.0201
852,W2C,1,13.1239,0.0,0,18.26,0.017
853,N2C,3,4.124,24.0,2,58.1,0.1866
853,S2C,3,4.4216,25.0,2,54.19,0.183
853,E2C,1,12.9081,0.0,0,18.56,0.0201
853,W2C,1,13.1939,0.0,0,18.16,0.016
854,N2C,3,4.1589,26.0,2,57.61,0.1874
854,S2C,3,4.2775,27.0,2,56.01,0.1864
854,E2C,1,12.9584,0.0,0,18.49,0.0194
854,W2C,1,12.9006,0.0,0,18.57,0.0202
855,N2C,3,4.1582,28.0,2,57.62,0.1888
855,S2C,3,4.3283,29.0,2,55.36,0.187
855,E2C,1,13.1614,0.0,0,18.2,0.0165
855,W2C,1,13.3204,0.0,0,17.99,0.0142
856,N2C,3,4.2354,30.0,2,56.57,0.189
856,S2C,3,4.3511,31.0,2,55.07,0.188
856,E2C,1,12.9353,0.0,0,18.52,0.0197
856,W2C,1,13.02,0.0,0,18.4,0.0185
857,N2C,3,4.2453,32.0,2,56.44,0.1902
857,S2C,3,4.2824,33.0,2,55.95,0.1903
857,E2C,1,12.7088,0.0,0,18.85,0.023
857,W2C,1,13.2423,0.0,0,18.09,0.0153
858,N2C,3,4.2668,34.0,2,56.15,0.1912
858,S2C,3,4.3512,35.0,2,55.07,0.1907
858,E2C,1,13.0814,0.0,0,18.32,0.0176
858,W2C,1,13.2777,0.0,0,18.05,0.0148
859,N2C,1,13.1817,0.0,0,18.18,0.0162
859,S2C,1,13.1817,0.0,0,18.18,0.0162
859,E2C,1,12.9079,0.0,0,18.56,0.0201
859,W2C,1,13.0461,0.0,0,18.37,0.0182
860,N2C,1,13.5093,0.0,0,17.74,0.0115
860,S2C,1,13.2698,0.0,0,18.06,0.0149
860,E2C,1,13.1188,0.0,0,18.26,0.0171
860,W2C,1,13.0213,0.0,0,18.4,0.0185
861,N2C,1,13.5269,0.0,0,17.71,0.0112
861,S2C,1,13.1739,0.0,0,18.19,0.0163
861,E2C,1,12.8062,0.0,0,18.71,0.0216
861,W2C,1,13.3747,0.0,0,17.91,0.0134
862,N2C,1,13.0527,0.0,0,18.36,0.0181
862,S2C,1,13.4568,0.0,0,17.81,0.0122
862,E2C,1,12.8274,0.0,0,18.68,0.0213
862,W2C,1,12.7591,0.0,0,18.78,0.0223
863,N2C,1,13.6831,0.0,0,17.51,0.009
863,S2C,1,13.0547,0.0,0,18.35,0.018
863,E2C,1,12.6115,0.0,0,19.0,0.0244
863,W2C,1,13.2577,0.0,0,18.07,0.0151
864,N2C,1,13.0852,0.0,0,18.31,0.0176
864,S2C,1,13.3838,0.0,0,17.9,0.0133
864,E2C,1,13.0795,0.0,0,18.32,0.0177
864,W2C,1,13.2544,0.0,0,18.08,0.0152
865,N2C,2,13.4263,0.0,0,17.85,0.0187
865,S2C,2,13.485,0.0,0,17.77,0.0178
865,E2C,2,13.1867,0.0,0,18.17,0.0221
865,W2C,2,11.4877,0.0,0,20.86,0.0466
866,N2C,1,13.5317,0.0,0,17.71,0.0112
866,S2C,1,13.306,0.0,0,18.01,0.0144
866,E2C,2,11.8817,0.0,0,20.17,0.0409
866,W2C,2,9.4972,0.0,0,25.23,0.0753
867,N2C,1,13.331,0.0,0,17.97,0.014
867,S2C,1,13.5261,0.0,0,17.71,0.0112
867,E2C,2,9.4193,0.0,0,25.44,0.0764
867,W2C,2,7.5715,0.0,0,31.64,0.103
868,N2C,1,13.7762,0.0,0,17.39,0.0076
868,S2C,1,13.3321,0.0,0,17.97,0.014
868,E2C,2,8.108,0.0,0,29.55,0.0953
868,W2C,2,5.8137,0.0,0,41.21,0.1283
869,N2C,1,13.6841,0.0,0,17.51,0.009
869,S2C,1,13.6212,0.0,0,17.59,0.0099
869,E2C,2,6.7708,0.0,0,35.39,0.1145
869,W2C,2,5.6672,1.0,1,42.28,0.1371
870,N2C,1,13.4984,0.0,0,17.75,0.0116
870,S2C,1,13.6603,0.0,0,17.54,0.0093
870,E2C,2,6.9203,1.0,1,34.62,0.119
870,W2C,2,5.2428,2.0,1,45.7,0.1438
871,N2C,1,13.764,0.0,0,17.41,0.0078
871,S2C,1,13.394,0.0,0,17.89,0.0131
871,E2C,2,6.6378,2.0,1,36.1,0.1238
871,W2C,2,5.5731,3.0,1,42.99,0.1398
872,N2C,1,13.4337,0.0,0,17.84,0.0126
872,S2C,1,13.6703,0.0,0,17.53,0.0092
872,E2C,2,6.5697,3.0,1,36.47,0.1254
872,W2C,2,5.7315,4.0,1,41.8,0.1381
873,N2C,1,13.8366,0.0,0,17.32,0.0068
873,S2C,1,13.8507,0.0,0,17.3,0.0066
873,E2C,2,6.4598,4.0,1,37.09,0.1277
873,W2C,2,5.8028,5.0,1,41.29,0.1378
874,N2C,1,13.2448,0.0,0,18.09,0.0153
874,S2C,1,13.3312,0.0,0,17.97,0.014
874,E2C,2,6.8938,5.0,1,34.76,0.1221
874,W2C,2,5.5898,6.0,1,42.86,0.1415
875,N2C,1,13.4184,0.0,0,17.86,0.0128
875,S2C,1,13.4494,0.0,0,17.81,0.0123
875,E2C,2,6.7076,6.0,1,35.72,0.1254
875,W2C,2,5.3718,7.0,1,44.6,0.1453
876,N2C,1,13.7809,0.0,0,17.39,0.0076
876,S2C,1,13.3403,0.0,0,17.96,0.0139
876,E2C,2,6.4905,7.0,1,36.92,0.1292
876,W2C,2,5.8121,8.0,1,41.22,0.1396
877,N2C,1,13.5014,0.0,0,17.75,0.0116
877,S2C,1,13.6839,0.0,0,17.51,0.009
877,E2C,2,6.3683,8.0,1,37.62,0.1316
877,W2C,2,5.7918,9.0,1,41.37,0.1406
878,N2C,1,13.2955,0.0,0,18.02,0.0146
878,S2C,1,13.526,0.0,0,17.71,0.0112
878,E2C,2,6.4543,9.0,1,37.12,0.1311
878,W2C,2,5.6733,10.0,1,42.23,0.143
879,N2C,1,13.5074,0.0,0,17.74,0.0115
879,S2C,1,13.5273,0.0,0,17.71,0.0112
879,E2C,2,6.5119,10.0,1,36.79,0.1309
879,W2C,2,5.2782,11.0,1,45.39,0.1493
880,N2C,1,13.4281,0.0,0,17.84,0.0127
880,S2C,1,13.3807,0.0,0,17.91,0.0133
880,E2C,2,6.6987,11.0,1,35.77,0.1289
880,W2C,2,5.5779,12.0,1,42.96,0.1457
881,N2C,1,13.4637,0.0,0,17.8,0.0121
881,S2C,1,13.4205,0.0,0,17.85,0.0128
881,E2C,2,6.4444,12.0,1,37.18,0.1332
881,W2C,2,5.7973,13.0,1,41.33,0.1432
882,N2C,1,13.7058,0.0,0,17.48,0.0087
882,S2C,1,13.2519,0.0,0,18.08,0.0152
882,E2C,2,5.4199,13.0,1,44.21,0.1486
882,W2C,2,5.4267,14.0,1,44.15,0.1492
883,N2C,1,13.89,0.0,0,17.25,0.006
883,S2C,1,13.0066,0.0,0,18.42,0.0187
883,E2C,3,7.2484,14.0,1,33.06,0.129
883,W2C,3,7.6288,15.0,1,31.41,0.1242
884,N2C,1,13.5061,0.0,0,17.74,0.0115
884,S2C,1,12.3729,0.0,0,19.36,0.0278
884,E2C,3,5.3589,15.0,1,44.71,0.1568
884,W2C,3,7.2007,16.0,1,33.27,0.131
885,N2C,1,13.8263,0.0,0,17.33,0.0069
885,S2C,1,12.4706,0.0,0,19.21,0.0264
885,E2C,3,4.4724,17.0,2,53.57,0.1769
885,W2C,3,7.3959,17.0,1,32.4,0.1288
886,N2C,1,13.5553,0.0,0,17.68,0.0108
886,S2C,1,13.0021,0.0,0,18.43,0.0188
886,E2C,3,4.3884,19.0,2,54.6,0.1795
886,W2C,3,5.8447,18.0,1,40.99,0.1518
887,N2C,1,13.7029,0.0,0,17.49,0.0087
887,S2C,1,12.9939,0.0,0,18.44,0.0189
887,E2C,3,4.3919,21.0,2,54.55,0.1808
887,W2C,3,4.3834,19.0,1,54.66,0.1736
888,N2C,1,13.593,0.0,0,17.63,0.0103
888,S2C,1,12.997,0.0,0,18.44,0.0189
888,E2C,3,4.3161,23.0,2,55.51,0.1832
888,W2C,3,3.8313,20.0,1,62.54,0.1822
889,N2C,1,13.8641,0.0,0,17.28,0.0064
889,S2C,1,12.4758,0.0,0,19.21,0.0264
889,E2C,3,4.3881,25.0,2,54.6,0.1835
889,W2C,3,3.8277,21.0,1,62.6,0.1829
890,N2C,1,13.5407,0.0,0,17.69,0.011
890,S2C,1,12.9405,0.0,0,18.52,0.0197
890,E2C,3,4.6275,27.0,2,51.78,0.1814
890,W2C,3,3.7406,23.0,2,64.05,0.1915
891,N2C,1,13.3912,0.0,0,17.89,0.0132
891,S2C,1,12.6596,0.0,0,18.93,0.0237
891,E2C,3,4.5218,29.0,2,52.99,0.1842
891,W2C,3,3.6518,25.0,2,65.61,0.1941
892,N2C,1,13.4094,0.0,0,17.87,0.0129
892,S2C,1,12.7084,0.0,0,18.85,0.023
892,E2C,1,13.4257,0.0,0,17.85,0.0127
892,W2C,1,12.1718,0.0,0,19.68,0.0307
893,N2C,1,13.7294,0.0,0,17.45,0.0083
893,S2C,1,12.6414,0.0,0,18.95,0.024
893,E2C,1,13.6508,0.0,0,17.55,0.0094
893,W2C,1,12.5787,0.0,0,19.05,0.0249
894,N2C,1,13.4646,0.0,0,17.79,0.0121
894,S2C,1,12.8313,0.0,0,18.67,0.0212
894,E2C,1,13.6029,0.0,0,17.61,0.0101
894,W2C,1,12.364,0.0,0,19.38,0.028
895,N2C,1,13.7936,0.0,0,17.37,0.0074
895,S2C,1,12.5305,0.0,0,19.12,0.0256
895,E2C,1,13.7942,0.0,0,17.37,0.0074
895,W2C,1,12.358,0.0,0,19.39,0.0281
896,N2C,1,13.707,0.0,0,17.48,0.0086
896,S2C,1,12.7043,0.0,0,18.86,0.0231
896,E2C,1,13.6717,0.0,0,17.53,0.0091
896,W2C,1,12.0872,0.0,0,19.82,0.032
897,N2C,1,13.6195,0.0,0,17.59,0.0099
897,S2C,1,12.9041,0.0,0,18.57,0.0202
897,E2C,1,13.4057,0.0,0,17.87,0.013
897,W2C,1,12.4675,0.0,0,19.22,0.0265
898,N2C,1,13.4037,0.0,0,17.88,0.013
898,S2C,1,12.3811,0.0,0,19.35,0.0277
898,E2C,1,13.4947,0.0,0,17.76,0.0117
898,W2C,1,12.6409,0.0,0,18.95,0.024
899,N2C,1,13.3488,0.0,0,17.95,0.0138
899,S2C,1,12.9615,0.0,0,18.49,0.0194
899,E2C,1,13.6681,0.0,0,17.53,0.0092
899,W2C,1,12.0452,0.0,0,19.89,0.0326
900,N2C,1,12.2086,0.0,0,19.63,0.0302
900,S2C,1,12.827,0.0,0,18.68,0.0213
900,E2C,1,13.7772,0.0,0,17.39,0.0076
900,W2C,1,12.4375,0.0,0,19.26,0.0269
901,N2C,2,10.0759,0.0,0,23.78,0.0669
901,S2C,2,12.1172,0.0,0,19.77,0.0375
901,E2C,1,13.89,0.0,0,17.25,0.006
901,W2C,2,12.4853,0.0,0,19.19,0.0322
902,N2C,2,7.6631,0.0,0,31.27,0.1017
902,S2C,2,11.9142,0.0,0,20.11,0.0404
902,E2C,1,13.5732,0.0,0,17.65,0.0106
902,W2C,2,12.2448,0.0,0,19.57,0.0357
903,N2C,2,6.5635,0.0,0,36.51,0.1175
903,S2C,2,9.649,0.0,0,24.83,0.0731
903,E2C,1,13.6438,0.0,0,17.56,0.0095
903,W2C,2,12.4305,0.0,0,19.28,0.033
904,N2C,2,6.3516,0.0,0,37.72,0.1205
904,S2C,2,7.4958,0.0,0,31.96,0.1041
904,E2C,1,13.4395,0.0,0,17.83,0.0125
904,W2C,2,11.9199,0.0,0,20.1,0.0404
905,N2C,2,6.3188,1.0,1,37.92,0.1277
905,S2C,2,6.4738,0.0,0,37.01,0.1188
905,E2C,1,13.2794,0.0,0,18.04,0.0148
905,W2C,1,13.3933,0.0,0,17.89,0.0132
906,N2C,2,6.2141,2.0,1,38.56,0.1299
906,S2C,2,5.5795,1.0,1,42.94,0.1383
906,E2C,1,13.6233,0.0,0,17.59,0.0098
906,W2C,1,13.6334,0.0,0,17.57,0.0097
907,N2C,2,6.0562,3.0,1,39.56,0.1328
907,S2C,2,5.8165,2.0,1,41.19,0.1356
907,E2C,1,13.3045,0.0,0,18.01,0.0144
907,W2C,1,13.58,0.0,0,17.64,0.0105
908,N2C,2,6.5348,4.0,1,36.67,0.1266
908,S2C,2,5.7342,3.0,1,41.78,0.1374
908,E2C,1,13.288,0.0,0,18.03,0.0147
908,W2C,1,13.7453,0.0,0,17.43,0.0081
909,N2C,2,6.2964,5.0,1,38.05,0.1307
909,S2C,2,6.0497,4.0,1,39.61,0.1336
909,E2C,1,13.7771,0.0,0,17.39,0.0076
909,W2C,1,13.4,0.0,0,17.88,0.0131
910,N2C,2,5.9567,6.0,1,40.22,0.1362
910,S2C,2,5.8027,5.0,1,41.29,0.1378
910,E2C,1,13.6762,0.0,0,17.52,0.0091
910,W2C,1,13.5514,0.0,0,17.68,0.0109
911,N2C,2,6.0814,7.0,1,39.4,0.1351
911,S2C,2,5.7912,6.0,1,41.37,0.1386
911,E2C,1,13.5332,0.0,0,17.7,0.0111
911,W2C,1,13.6607,0.0,0,17.54,0.0093
912,N2C,2,6.5433,8.0,1,36.62,0.1291
912,S2C,2,5.4545,7.0,1,43.93,0.1441
912,E2C,1,13.8851,0.0,0,17.26,0.0061
912,W2C,1,13.857,0.0,0,17.29,0.0065
913,N2C,2,6.1098,9.0,1,39.22,0.136
913,S2C,2,5.5099,8.0,1,43.49,0.144
913,E2C,1,13.5656,0.0,0,17.66,0.0107
913,W2C,1,13.5497,0.0,0,17.68,0.0109
914,N2C,2,6.1087,10.0,1,39.22,0.1367
914,S2C,2,5.6432,9.0,1,42.46,0.1427
914,E2C,1,13.7635,0.0,0,17.41,0.0078
914,W2C,1,13.4661,0.0,0,17.79,0.0121
915,N2C,2,6.5699,11.0,1,36.47,0.1307
915,S2C,2,5.7972,10.0,1,41.33,0.1412
915,E2C,1,13.8876,0.0,0,17.25,0.006
915,W2C,1,13.772,0.0,0,17.4,0.0077
916,N2C,2,5.9354,12.0,1,40.37,0.1405
916,S2C,2,5.8968,11.0,1,40.63,0.1404
916,E2C,1,13.6595,0.0,0,17.54,0.0093
916,W2C,1,13.2934,0.0,0,18.02,0.0146
917,N2C,2,6.2839,13.0,1,38.13,0.1362
917,S2C,2,5.4891,12.0,1,43.65,0.147
917,E2C,1,13.772,0.0,0,17.4,0.0077
917,W2C,1,13.85,0.0,0,17.3,0.0066
918,N2C,2,6.2131,14.0,1,38.56,0.1379
918,S2C,2,5.6002,13.0,1,42.78,0.146
918,E2C,1,13.8507,0.0,0,17.3,0.0066
918,W2C,1,13.6727,0.0,0,17.52,0.0091
919,N2C,3,8.3635,15.0,1,28.65,0.1136
919,S2C,3,8.3466,14.0,1,28.71,0.1132
919,E2C,1,13.89,0.0,0,17.25,0.006
919,W2C,1,13.6907,0.0,0,17.5,0.0089
920,N2C,3,6.9153,16.0,1,34.65,0.1351
920,S2C,3,8.0524,15.0,1,29.76,0.1181
920,E2C,1,13.3701,0.0,0,17.92,0.0135
920,W2C,1,13.1715,0.0,0,18.19,0.0163
921,N2C,3,5.3899,17.0,1,44.45,0.1577
921,S2C,3,7.5925,16.0,1,31.56,0.1253
921,E2C,1,13.7308,0.0,0,17.45,0.0083
921,W2C,1,13.4661,0.0,0,17.79,0.0121
922,N2C,3,4.6084,18.0,1,51.99,0.1696
922,S2C,3,6.3841,17.0,1,37.53,0.1434
922,E2C,1,13.5557,0.0,0,17.68,0.0108
922,W2C,1,13.4765,0.0,0,17.78,0.012
923,N2C,3,4.3151,19.0,1,55.53,0.1745
923,S2C,3,4.7052,18.0,1,50.92,0.1683
923,E2C,1,13.6149,0.0,0,17.6,0.01
923,W2C,1,13.4725,0.0,0,17.78,0.012
924,N2C,3,4.5127,21.0,2,53.09,0.179
924,S2C,3,4.4114,19.0,1,54.31,0.1731
924,E2C,1,13.6308,0.0,0,17.58,0.0097
924,W2C,1,13.4461,0.0,0,17.82,0.0124
925,N2C,1,13.7338,0.0,0,17.45,0.0082
925,S2C,1,13.6931,0.0,0,17.5,0.0088
925,E2C,1,13.4657,0.0,0,17.79,0.0121
925,W2C,1,13.108,0.0,0,18.28,0.0173
926,N2C,1,13.3959,0.0,0,17.89,0.0131
926,S2C,1,13.7409,0.0,0,17.44,0.0081
926,E2C,1,13.5325,0.0,0,17.71,0.0111
926,W2C,1,13.4141,0.0,0,17.86,0.0129
927,N2C,1,13.5907,0.0,0,17.63,0.0103
927,S2C,1,13.6366,0.0,0,17.57,0.0096
927,E2C,1,13.2457,0.0,0,18.09,0.0153
927,W2C,1,13.0827,0.0,0,18.31,0.0176
928,N2C,1,13.465,0.0,0,17.79,0.0121
928,S2C,1,13.5736,0.0,0,17.65,0.0106
928,E2C,1,13.7969,0.0,0,17.37,0.0073
928,W2C,1,13.5062,0.0,0,17.74,0.0115
929,N2C,1,13.7699,0.0,0,17.4,0.0077
929,S2C,1,13.448,0.0,0,17.82,0.0124
929,E2C,1,13.8471,0.0,0,17.3,0.0066
929,W2C,1,13.39,0.0,0,17.89,0.0132
930,N2C,1,13.4698,0.0,0,17.79,0.0121
930,S2C,1,13.4889,0.0,0,17.76,0.0118
930,E2C,1,13.8468,0.0,0,17.3,0.0066
930,W2C,1,13.5113,0.0,0,17.73,0.0115
931,N2C,1,13.4233,0.0,0,17.85,0.0127
931,S2C,1,13.8271,0.0,0,17.33,0.0069
931,E2C,1,13.8237,0.0,0,17.33,0.007
931,W2C,1,13.5404,0.0,0,17.7,0.011
932,N2C,1,13.3334,0.0,0,17.97,0.014
932,S2C,1,13.649,0.0,0,17.55,0.0095
932,E2C,1,13.7319,0.0,0,17.45,0.0083
932,W2C,1,13.3403,0.0,0,17.96,0.0139
933,N2C,1,13.5173,0.0,0,17.73,0.0114
933,S2C,1,13.5787,0.0,0,17.65,0.0105
933,E2C,1,13.3574,0.0,0,17.94,0.0137
933,W2C,1,13.5914,0.0,0,17.63,0.0103
934,N2C,1,13.3097,0.0,0,18.0,0.0144
934,S2C,1,13.5704,0.0,0,17.66,0.0106
934,E2C,1,13.523,0.0,0,17.72,0.0113
934,W2C,1,13.1408,0.0,0,18.23,0.0168
935,N2C,1,13.5127,0.0,0,17.73,0.0114
935,S2C,1,13.705,0.0,0,17.48,0.0087
935,E2C,1,13.2713,0.0,0,18.05,0.0149
935,W2C,1,13.4418,0.0,0,17.83,0.0125
936,N2C,1,13.7528,0.0,0,17.42,0.008
936,S2C,1,13.5555,0.0,0,17.68,0.0108
936,E2C,1,12.4271,0.0,0,19.28,0.0271
936,W2C,1,13.4335,0.0,0,17.84,0.0126
937,N2C,1,13.6261,0.0,0,17.58,0.0098
937,S2C,1,13.7817,0.0,0,17.39,0.0076
937,E2C,2,10.5444,0.0,0,22.72,0.0602
937,W2C,2,11.284,0.0,0,21.23,0.0495
938,N2C,1,13.2172,0.0,0,18.13,0.0157
938,S2C,1,13.4983,0.0,0,17.75,0.0116
938,E2C,2,8.071,0.0,0,29.69,0.0958
938,W2C,2,8.9716,0.0,0,26.71,0.0828
939,N2C,1,13.0142,0.0,0,18.41,0.0186
939,S2C,1,13.7814,0.0,0,17.39,0.0076
939,E2C,2,6.8062,0.0,0,35.2,0.114
939,W2C,2,7.2707,0.0,0,32.95,0.1073
940,N2C,1,13.5973,0.0,0,17.62,0.0102
940,S2C,1,13.5151,0.0,0,17.73,0.0114
940,E2C,2,6.8066,1.0,1,35.2,0.1207
940,W2C,2,6.8744,1.0,1,34.85,0.1197
941,N2C,1,13.2602,0.0,0,18.07,0.0151
941,S2C,1,13.6755,0.0,0,17.52,0.0091
941,E2C,2,6.6602,2.0,1,35.97,0.1234
941,W2C,2,6.4212,2.0,1,37.31,0.1269
942,N2C,1,13.3445,0.0,0,17.96,0.0139
942,S2C,1,13.6974,0.0,0,17.49,0.0088
942,E2C,2,6.927,3.0,1,34.59,0.1203
942,W2C,2,6.7143,3.0,1,35.68,0.1233
943,N2C,1,12.9864,0.0,0,18.45,0.019
943,S2C,1,13.2872,0.0,0,18.03,0.0147
943,E2C,2,6.3664,4.0,1,37.64,0.129
943,W2C,2,6.4126,4.0,1,37.36,0.1283
944,N2C,1,13.4082,0.0,0,17.87,0.0129
944,S2C,1,13.6992,0.0,0,17.49,0.0087
944,E2C,2,6.5558,5.0,1,36.55,0.1269
944,W2C,2,6.6691,5.0,1,35.93,0.1253
945,N2C,1,13.4715,0.0,0,17.79,0.012
945,S2C,1,13.6566,0.0,0,17.54,0.0094
945,E2C,2,6.3816,6.0,1,37.55,0.1301
945,W2C,2,6.4433,6.0,1,37.19,0.1292
946,N2C,1,13.2492,0.0,0,18.08,0.0152
946,S2C,1,13.2608,0.0,0,18.07,0.0151
946,E2C,2,6.8141,7.0,1,35.16,0.1246
946,W2C,2,6.8942,7.0,1,34.75,0.1234
947,N2C,1,13.0195,0.0,0,18.4,0.0185
947,S2C,1,13.2678,0.0,0,18.06,0.015
947,E2C,2,6.8383,8.0,1,35.04,0.1249
947,W2C,2,6.5048,8.0,1,36.83,0.1297
948,N2C,1,13.2533,0.0,0,18.08,0.0152
948,S2C,1,13.4268,0.0,0,17.84,0.0127
948,E2C,2,6.505,9.0,1,36.83,0.1303
948,W2C,2,6.3284,9.0,1,37.86,0.1329
949,N2C,1,13.1535,0.0,0,18.22,0.0166
949,S2C,1,13.134,0.0,0,18.24,0.0169
949,E2C,2,6.3994,10.0,1,37.44,0.1325
949,W2C,2,6.4861,10.0,1,36.94,0.1313
950,N2C,1,13.2366,0.0,0,18.1,0.0154
950,S2C,1,13.6037,0.0,0,17.61,0.0101
950,E2C,2,6.8618,11.0,1,34.92,0.1265
950,W2C,2,6.8768,11.0,1,34.84,0.1263
951,N2C,1,13.2417,0.0,0,18.09,0.0153
951,S2C,1,13.5275,0.0,0,17.71,0.0112
951,E2C,2,6.8486,12.0,1,34.99,0.1274
951,W2C,2,6.8932,12.0,1,34.76,0.1267
952,N2C,1,13.428,0.0,0,17.84,0.0127
952,S2C,1,13.4175,0.0,0,17.86,0.0128
952,E2C,2,6.5938,13.0,1,36.34,0.1317
952,W2C,2,6.8584,13.0,1,34.94,0.1279
953,N2C,1,13.2703,0.0,0,18.06,0.0149
953,S2C,1,13.1613,0.0,0,18.2,0.0165
953,E2C,2,6.6538,14.0,1,36.01,0.1315
953,W2C,2,6.553,14.0,1,36.56,0.133
954,N2C,1,13.5448,0.0,0,17.69,0.011
954,S2C,1,13.4886,0.0,0,17.76,0.0118
954,E2C,2,5.3606,15.0,1,44.7,0.1508
954,W2C,2,5.4759,15.0,1,43.76,0.1492
955,N2C,2,11.9928,0.0,0,19.98,0.0393
955,S2C,2,11.2383,0.0,0,21.32,0.0502
955,E2C,3,6.1849,16.0,1,38.74,0.1456
955,W2C,3,7.0261,16.0,1,34.1,0.1335
956,N2C,2,9.6061,0.0,0,24.94,0.0737
956,S2C,2,8.5436,0.0,0,28.04,0.089
956,E2C,3,4.5823,17.0,1,52.29,0.1694
956,W2C,3,5.2686,17.0,1,45.48,0.1595
957,N2C,2,7.835,0.0,0,30.58,0.0992
957,S2C,2,6.7635,1.0,1,35.43,0.1213
957,E2C,3,3.6036,18.0,1,66.49,0.1841
957,W2C,3,4.4567,18.0,1,53.76,0.1718
958,N2C,2,6.8533,0.0,0,34.96,0.1133
958,S2C,2,6.4466,2.0,1,37.17,0.1265
958,E2C,1,12.3536,0.0,0,19.4,0.0281
958,W2C,1,13.2457,0.0,0,18.09,0.0153
959,N2C,2,6.6086,1.0,1,36.26,0.1235
959,S2C,2,6.6645,3.0,1,35.95,0.124
959,E2C,1,12.1985,0.0,0,19.64,0.0304
959,W2C,1,13.6363,0.0,0,17.57,0.0097
960,N2C,2,6.8734,2.0,1,34.86,0.1204
960,S2C,2,6.5094,4.0,1,36.81,0.1269
960,E2C,1,12.6338,0.0,0,18.96,0.0241
960,W2C,1,13.4918,0.0,0,17.76,0.0117
961,N2C,2,6.693,3.0,1,35.8,0.1236
961,S2C,2,6.7709,5.0,1,35.39,0.1238
961,E2C,1,12.5113,0.0,0,19.15,0.0259
961,W2C,1,13.799,0.0,0,17.36,0.0073
962,N2C,2,6.6971,4.0,1,35.78,0.1242
962,S2C,2,6.4181,6.0,1,37.33,0.1296
962,E2C,1,12.6422,0.0,0,18.95,0.024
962,W2C,1,13.8261,0.0,0,17.33,0.0069
963,N2C,2,6.5589,5.0,1,36.53,0.1269
963,S2C,2,6.4993,7.0,1,36.87,0.1291
963,E2C,1,12.3483,0.0,0,19.4,0.0282
963,W2C,1,13.2933,0.0,0,18.02,0.0146
964,N2C,2,6.5491,6.0,1,36.59,0.1277
964,S2C,2,6.6135,8.0,1,36.23,0.1281
964,E2C,1,12.6744,0.0,0,18.9,0.0235
964,W2C,1,13.4026,0.0,0,17.88,0.013
965,N2C,2,6.4805,7.0,1,36.97,0.1294
965,S2C,2,6.5073,9.0,1,36.82,0.1303
965,E2C,1,12.7136,0.0,0,18.85,0.0229
965,W2C,1,13.3315,0.0,0,17.97,0.014
966,N2C,2,6.7364,8.0,1,35.57,0.1263
966,S2C,2,6.4235,10.0,1,37.3,0.1322
966,E2C,1,12.3403,0.0,0,19.42,0.0283
966,W2C,1,13.4018,0.0,0,17.88,0.013
967,N2C,2,6.6858,9.0,1,35.84,0.1277
967,S2C,2,6.7045,11.0,1,35.74,0.1288
967,E2C,1,12.3598,0.0,0,19.39,0.028
967,W2C,1,13.3464,0.0,0,17.95,0.0138
968,N2C,2,6.542,10.0,1,36.62,0.1305
968,S2C,2,6.7415,12.0,1,35.54,0.1289
968,E2C,1,12.5888,0.0,0,19.03,0.0247
968,W2C,1,13.4488,0.0,0,17.82,0.0124
969,N2C,2,6.5317,11.0,1,36.68,0.1313
969,S2C,2,6.6905,13.0,1,35.81,0.1303
969,E2C,1,12.5509,0.0,0,19.09,0.0253
969,W2C,1,13.6625,0.0,0,17.54,0.0093
970,N2C,2,6.4914,12.0,1,36.91,0.1325
970,S2C,2,6.3817,14.0,1,37.54,0.1354
970,E2C,1,12.1475,0.0,0,19.72,0.0311
970,W2C,1,13.4871,0.0,0,17.77,0.0118
971,N2C,2,6.8592,13.0,1,34.93,0.1279
971,S2C,2,6.3816,15.0,1,37.55,0.1361
971,E2C,1,12.6938,0.0,0,18.88,0.0232
971,W2C,1,13.6389,0.0,0,17.57,0.0096
972,N2C,2,5.2299,14.0,1,45.81,0.152
972,S2C,2,5.6887,16.0,1,42.12,0.1468
972,E2C,1,12.3039,0.0,0,19.47,0.0288
972,W2C,1,13.5756,0.0,0,17.65,0.0105
973,N2C,3,6.9695,15.0,1,34.38,0.1336
973,S2C,3,7.232,17.0,1,33.13,0.1312
973,E2C,2,12.2655,0.0,0,19.53,0.0354
973,W2C,1,13.267,0.0,0,18.06,0.015
974,N2C,3,5.2622,16.0,1,45.53,0.1589
974,S2C,3,5.9572,18.0,1,40.22,0.1502
974,E2C,2,11.9905,0.0,0,19.98,0.0394
974,W2C,1,12.9974,0.0,0,18.43,0.0189
975,N2C,3,4.3127,17.0,1,55.56,0.1732
975,S2C,3,4.3927,19.0,1,54.55,0.1734
975,E2C,2,11.655,0.0,0,20.56,0.0442
975,W2C,1,12.8494,0.0,0,18.65,0.021
976,N2C,3,4.3518,18.0,1,55.06,0.1733
976,S2C,3,4.4283,21.0,2,54.11,0.1802
976,E2C,2,11.5559,0.0,0,20.73,0.0456
976,W2C,1,12.7582,0.0,0,18.78,0.0223
977,N2C,3,4.2008,20.0,2,57.04,0.1828
977,S2C,3,4.612,23.0,2,51.95,0.1789
977,E2C,1,13.638,0.0,0,17.57,0.0096
977,W2C,1,13.0375,0.0,0,18.38,0.0183
978,N2C,3,4.2299,22.0,2,56.64,0.1838
978,S2C,3,4.43,25.0,2,54.09,0.1829
978,E2C,1,13.8697,0.0,0,17.28,0.0063
978,W2C,1,12.9313,0.0,0,18.53,0.0198
979,N2C,3,4.3295,24.0,2,55.34,0.1837
979,S2C,3,4.5164,27.0,2,53.05,0.183
979,E2C,1,13.8094,0.0,0,17.35,0.0072
979,W2C,1,12.6801,0.0,0,18.9,0.0234
980,N2C,3,4.2794,26.0,2,55.99,0.1857
980,S2C,3,4.4008,29.0,2,54.45,0.186
980,E2C,1,13.6473,0.0,0,17.56,0.0095
980,W2C,1,13.0962,0.0,0,18.3,0.0174
981,N2C,3,4.4383,28.0,2,53.98,0.1848
981,S2C,3,4.3429,31.0,2,55.17,0.1881
981,E2C,1,13.8133,0.0,0,17.35,0.0071
981,W2C,1,12.8831,0.0,0,18.6,0.0205
982,N2C,3,4.22,30.0,2,56.78,0.1892
982,S2C,3,4.5033,33.0,2,53.21,0.1872
982,E2C,1,13.8053,0.0,0,17.36,0.0072
982,W2C,1,12.8297,0.0,0,18.68,0.0213
983,N2C,3,4.2056,32.0,2,56.97,0.1908
983,S2C,3,4.4102,35.0,2,54.33,0.1898
983,E2C,1,13.4225,0.0,0,17.85,0.0127
983,W2C,1,13.2653,0.0,0,18.06,0.015
984,N2C,3,4.3501,34.0,2,55.08,0.19
984,S2C,3,4.5639,37.0,2,52.5,0.189
984,E2C,1,13.7095,0.0,0,17.48,0.0086
984,W2C,1,12.6687,0.0,0,18.91,0.0236
985,N2C,3,4.1041,36.0,2,58.38,0.1949
985,S2C,3,4.3157,39.0,2,55.52,0.1939
985,E2C,1,13.6255,0.0,0,17.58,0.0098
985,W2C,1,13.1959,0.0,0,18.16,0.016
986,N2C,3,4.4624,38.0,2,53.69,0.1911
986,S2C,3,4.3051,41.0,2,55.65,0.1953
986,E2C,1,13.4642,0.0,0,17.8,0.0121
986,W2C,1,13.1724,0.0,0,18.19,0.0163
987,N2C,3,4.119,40.0,2,58.17,0.1974
987,S2C,3,4.588,43.0,2,52.22,0.1926
987,E2C,1,13.4019,0.0,0,17.88,0.013
987,W2C,1,13.086,0.0,0,18.31,0.0176
988,N2C,3,4.2584,42.0,2,56.27,0.1967
988,S2C,3,4.6095,45.0,2,51.98,0.1936
988,E2C,1,13.8875,0.0,0,17.25,0.006
988,W2C,1,12.7216,0.0,0,18.83,0.0228
989,N2C,3,4.0822,44.0,2,58.69,0.2006
989,S2C,3,4.2817,47.0,2,55.96,0.1997
989,E2C,1,13.3673,0.0,0,17.92,0.0135
989,W2C,1,12.6213,0.0,0,18.98,0.0243
990,N2C,3,3.8885,46.0,2,61.62,0.2047
990,S2C,3,2.8585,49.0,2,83.82,0.2215
990,E2C,1,12.6164,0.0,0,18.99,0.0243
990,W2C,1,13.1093,0.0,0,18.28,0.0172
991,N2C,2,10.4992,0.0,0,22.82,0.0608
991,S2C,2,9.4548,0.0,0,25.34,0.0759
991,E2C,2,9.2253,0.0,0,25.97,0.0792
991,W2C,2,12.9177,0.0,0,18.55,0.026
992,N2C,2,8.6658,0.0,0,27.65,0.0872
992,S2C,2,7.6142,0.0,0,31.47,0.1024
992,E2C,2,6.6748,0.0,0,35.9,0.1159
992,W2C,2,11.315,0.0,0,21.18,0.0491
993,N2C,2,8.3669,0.0,0,28.64,0.0915
993,S2C,2,8.3049,0.0,0,28.85,0.0924
993,E2C,2,5.229,1.0,1,45.82,0.1434
993,W2C,2,9.4794,0.0,0,25.28,0.0755
994,N2C,1,13.6191,0.0,0,17.59,0.0099
994,S2C,1,13.686,0.0,0,17.51,0.0089
994,E2C,2,5.3578,2.0,1,44.72,0.1422
994,W2C,2,8.2161,0.0,0,29.16,0.0937
995,N2C,1,13.4448,0.0,0,17.82,0.0124
995,S2C,1,13.2765,0.0,0,18.05,0.0148
995,E2C,2,5.4189,3.0,1,44.22,0.142
995,W2C,2,6.9685,0.0,0,34.38,0.1117
996,N2C,1,13.6997,0.0,0,17.49,0.0087
996,S2C,1,13.8632,0.0,0,17.28,0.0064
996,E2C,2,5.552,4.0,1,43.16,0.1407
996,W2C,2,6.5335,1.0,1,36.67,0.1246
997,N2C,1,13.5273,0.0,0,17.71,0.0112
997,S2C,1,13.3248,0.0,0,17.98,0.0141
997,E2C,2,5.6401,5.0,1,42.48,0.1401
997,W2C,2,6.4654,2.0,1,37.06,0.1262
998,N2C,1,13.5054,0.0,0,17.74,0.0115
998,S2C,1,13.8233,0.0,0,17.33,0.007
998,E2C,2,5.3964,6.0,1,44.4,0.1443
998,W2C,2,6.935,3.0,1,34.55,0.1201
999,N2C,1,13.5431,0.0,0,17.69,0.011
999,S2C,1,13.7327,0.0,0,17.45,0.0083
999,E2C,2,5.2652,7.0,1,45.51,0.1469
999,W2C,2,6.8245,4.0,1,35.11,0.1224
1000,N2C,1,13.6058,0.0,0,17.61,0.0101
1000,S2C,1,13.5983,0.0,0,17.62,0.0102
1000,E2C,2,5.6121,8.0,1,42.69,0.1425
1000,W2C,2,6.815,5.0,1,35.16,0.1232
1001,N2C,1,13.5499,0.0,0,17.68,0.0109
1001,S2C,1,13.4996,0.0,0,17.75,0.0116
1001,E2C,2,5.1967,9.0,1,46.11,0.1492
1001,W2C,2,6.4439,6.0,1,37.18,0.1292
1002,N2C,1,13.337,0.0,0,17.97,0.014
1002,S2C,1,13.4127,0.0,0,17.86,0.0129
1002,E2C,2,5.2198,10.0,1,45.9,0.1495
1002,W2C,2,6.6165,7.0,1,36.21,0.1274
1003,N2C,1,13.8114,0.0,0,17.35,0.0071
1003,S2C,1,13.5283,0.0,0,17.71,0.0112
1003,E2C,2,5.3996,11.0,1,44.37,0.1476
1003,W2C,2,6.9354,8.0,1,34.55,0.1235
1004,N2C,1,13.8605,0.0,0,17.29,0.0064
1004,S2C,1,13.4716,0.0,0,17.79,0.012
1004,E2C,2,5.4579,12.0,1,43.9,0.1474
1004,W2C,2,6.8737,9.0,1,34.86,0.125
1005,N2C,1,13.3247,0.0,0,17.98,0.0141
1005,S2C,1,13.6516,0.0,0,17.55,0.0094
1005,E2C,2,5.5868,13.0,1,42.89,0.1462
1005,W2C,2,6.5716,10.0,1,36.46,0.13
1006,N2C,1,13.8306,0.0,0,17.32,0.0069
1006,S2C,1,13.8734,0.0,0,17.27,0.0062
1006,E2C,2,5.5628,14.0,1,43.07,0.1472
1006,W2C,2,6.622,11.0,1,36.18,0.13
1007,N2C,1,13.3697,0.0,0,17.92,0.0135
1007,S2C,1,13.4396,0.0,0,17.83,0.0125
1007,E2C,2,5.2901,15.0,1,45.29,0.1518
1007,W2C,2,6.9351,12.0,1,34.55,0.1261
1008,N2C,1,13.6501,0.0,0,17.55,0.0095
1008,S2C,1,13.719,0.0,0,17.46,0.0085
1008,E2C,2,5.7181,16.0,1,41.9,0.1463
1008,W2C,2,5.099,13.0,1,46.99,0.1532
1009,N2C,1,13.89,0.0,0,17.25,0.006
1009,S2C,1,13.6747,0.0,0,17.52,0.0091
1009,E2C,3,8.3198,17.0,1,28.8,0.1155
1009,W2C,3,6.5293,14.0,1,36.7,0.1393
1010,N2C,1,13.5856,0.0,0,17.64,0.0104
1010,S2C,1,13.3326,0.0,0,17.97,0.014
1010,E2C,3,8.0361,18.0,1,29.82,0.1203
1010,W2C,3,5.3398,15.0,1,44.87,0.1571
1011,N2C,1,13.5788,0.0,0,17.65,0.0105
1011,S2C,1,13.1075,0.0,0,18.28,0.0173
1011,E2C,3,8.1012,19.0,1,29.58,0.12
1011,W2C,3,4.4059,16.0,1,54.38,0.1712
1012,N2C,1,13.7667,0.0,0,17.4,0.0078
1012,S2C,1,13.4033,0.0,0,17.88,0.013
1012,E2C,3,7.7389,20.0,1,30.96,0.1259
1012,W2C,3,4.3332,17.0,1,55.29,0.1729
1013,N2C,1,13.7573,0.0,0,17.42,0.0079
1013,S2C,1,13.5705,0.0,0,17.66,0.0106
1013,E2C,3,6.179,21.0,1,38.78,0.149
1013,W2C,3,4.296,19.0,2,55.77,0.1808
1014,N2C,1,13.4618,0.0,0,17.8,0.0122
1014,S2C,1,13.191,0.0,0,18.16,0.0161
1014,E2C,3,4.999,22.0,1,47.93,0.1667
1014,W2C,3,4.4963,21.0,2,53.29,0.1793
1015,N2C,1,13.6653,0.0,0,17.53,0.0092
1015,S2C,1,13.0938,0.0,0,18.3,0.0175
1015,E2C,3,4.7366,23.0,1,50.59,0.1711
1015,W2C,3,4.3263,23.0,2,55.38,0.183
1016,N2C,1,13.656,0.0,0,17.55,0.0094
1016,S2C,1,13.3802,0.0,0,17.91,0.0133
1016,E2C,3,4.6232,24.0,1,51.83,0.1734
1016,W2C,3,4.3339,25.0,2,55.29,0.1843
1017,N2C,1,13.8475,0.0,0,17.3,0.0066
1017,S2C,1,13.1932,0.0,0,18.16,0.016
1017,E2C,3,4.4651,26.0,2,53.66,0.183
1017,W2C,3,4.2634,27.0,2,56.2,0.1866
1018,N2C,1,13.5115,0.0,0,17.73,0.0114
1018,S2C,1,13.6419,0.0,0,17.56,0.0096
1018,E2C,3,4.3401,28.0,2,55.21,0.1862
1018,W2C,3,4.2425,29.0,2,56.48,0.1882
1019,N2C,1,13.6054,0.0,0,17.61,0.0101
1019,S2C,1,13.3038,0.0,0,18.01,0.0144
1019,E2C,3,4.5475,30.0,2,52.69,0.1845
1019,W2C,3,4.6279,31.0,2,51.77,0.184
1020,N2C,1,13.7717,0.0,0,17.4,0.0077
1020,S2C,1,13.5544,0.0,0,17.68,0.0108
1020,E2C,3,4.3118,32.0,2,55.57,0.1892
1020,W2C,3,4.5136,33.0,2,53.08,0.187
1021,N2C,1,13.5694,0.0,0,17.66,0.0106
1021,S2C,1,13.1664,0.0,0,18.2,0.0164
1021,E2C,3,4.2307,34.0,2,56.63,0.1917
1021,W2C,3,4.3245,35.0,2,55.41,0.1911
1022,N2C,1,13.5353,0.0,0,17.7,0.0111
1022,S2C,1,13.517,0.0,0,17.73,0.0114
1022,E2C,3,4.2371,36.0,2,56.55,0.193
1022,W2C,3,4.3628,37.0,2,54.92,0.1918
1023,N2C,1,13.2428,0.0,0,18.09,0.0153
1023,S2C,1,13.2517,0.0,0,18.08,0.0152
1023,E2C,3,4.5707,38.0,2,52.42,0.1895
1023,W2C,3,4.5854,39.0,2,52.25,0.19
1024,N2C,1,13.8728,0.0,0,17.27,0.0062
1024,S2C,1,13.1331,0.0,0,18.24,0.0169
1024,E2C,1,13.4545,0.0,0,17.81,0.0123
1024,W2C,1,13.7498,0.0,0,17.43,0.008
1025,N2C,1,13.4397,0.0,0,17.83,0.0125
1025,S2C,1,13.2813,0.0,0,18.04,0.0148
1025,E2C,1,13.7973,0.0,0,17.37,0.0073
1025,W2C,1,13.776,0.0,0,17.39,0.0076
1026,N2C,1,12.4022,0.0,0,19.32,0.0274
1026,S2C,1,13.209,0.0,0,18.14,0.0158
1026,E2C,1,12.1102,0.0,0,19.78,0.0316
1026,W2C,1,12.5693,0.0,0,19.06,0.025
1027,N2C,2,10.2469,0.0,0,23.38,0.0645
1027,S2C,2,11.4712,0.0,0,20.89,0.0468
1027,E2C,2,11.1681,0.0,0,21.45,0.0512
1027,W2C,2,11.6295,0.0,0,20.6,0.0445
1028,N2C,2,8.3459,0.0,0,28.71,0.0918
1028,S2C,2,9.3837,0.0,0,25.53,0.0769
1028,E2C,1,13.5387,0.0,0,17.7,0.0111
1028,W2C,1,13.6742,0.0,0,17.52,0.0091
1029,N2C,2,6.3972,1.0,1,37.45,0.1266
1029,S2C,2,7.6225,0.0,0,31.43,0.1022
1029,E2C,1,13.6169,0.0,0,17.6,0.0099
1029,W2C,1,13.2762,0.0,0,18.05,0.0148
1030,N2C,2,6.8974,2.0,1,34.74,0.12
1030,S2C,2,7.0105,0.0,0,34.18,0.1111
1030,E2C,1,13.7325,0.0,0,17.45,0.0083
1030,W2C,1,13.3654,0.0,0,17.93,0.0136
1031,N2C,2,6.6446,3.0,1,36.06,0.1243
1031,S2C,2,6.699,1.0,1,35.77,0.1222
1031,E2C,1,13.3358,0.0,0,17.97,0.014
1031,W2C,1,13.3712,0.0,0,17.92,0.0135
1032,N2C,2,6.4298,4.0,1,37.26,0.1281
1032,S2C,2,6.8243,2.0,1,35.11,0.1211
1032,E2C,1,13.3894,0.0,0,17.89,0.0132
1032,W2C,1,13.6826,0.0,0,17.51,0.009
1033,N2C,2,6.9226,5.0,1,34.61,0.1217
1033,S2C,2,6.6101,3.0,1,36.25,0.1248
1033,E2C,1,13.3757,0.0,0,17.91,0.0134
1033,W2C,1,13.7074,0.0,0,17.48,0.0086
1034,N2C,2,6.9093,6.0,1,34.68,0.1225
1034,S2C,2,6.7232,4.0,1,35.64,0.1239
1034,E2C,1,13.7198,0.0,0,17.46,0.0085
1034,W2C,1,13.8544,0.0,0,17.29,0.0065
1035,N2C,2,6.9386,7.0,1,34.53,0.1228
1035,S2C,2,6.8824,5.0,1,34.81,0.1222
1035,E2C,1,13.5779,0.0,0,17.65,0.0105
1035,W2C,1,13.7044,0.0,0,17.48,0.0087
1036,N2C,2,6.5627,8.0,1,36.51,0.1288
1036,S2C,2,6.481,6.0,1,36.97,0.1287
1036,E2C,1,13.7384,0.0,0,17.44,0.0082
1036,W2C,1,13.8168,0.0,0,17.34,0.0071
1037,N2C,2,6.7989,9.0,1,35.24,0.1261
1037,S2C,2,6.7359,7.0,1,35.57,0.1257
1037,E2C,1,13.836,0.0,0,17.32,0.0068
1037,W2C,1,13.6743,0.0,0,17.52,0.0091
1038,N2C,2,6.4276,10.0,1,37.28,0.1321
1038,S2C,2,6.5469,8.0,1,36.6,0.1291
1038,E2C,1,13.5029,0.0,0,17.74,0.0116
1038,W2C,1,13.838,0.0,0,17.31,0.0067
1039,N2C,2,6.5309,11.0,1,36.69,0.1313
1039,S2C,2,6.8043,9.0,1,35.21,0.126
1039,E2C,1,13.2997,0.0,0,18.02,0.0145
1039,W2C,1,13.5731,0.0,0,17.65,0.0106
1040,N2C,2,6.3502,12.0,1,37.73,0.1346
1040,S2C,2,6.5772,10.0,1,36.43,0.13
1040,E2C,1,13.8471,0.0,0,17.3,0.0066
1040,W2C,1,13.4348,0.0,0,17.83,0.0126
1041,N2C,2,6.3362,13.0,1,37.81,0.1354
1041,S2C,2,6.546,11.0,1,36.6,0.1311
1041,E2C,1,13.7251,0.0,0,17.46,0.0084
1041,W2C,1,13.4612,0.0,0,17.8,0.0122
1042,N2C,2,6.7301,14.0,1,35.6,0.1304
1042,S2C,2,6.5142,12.0,1,36.78,0.1322
1042,E2C,1,13.6276,0.0,0,17.58,0.0098
1042,W2C,1,13.4876,0.0,0,17.76,0.0118
1043,N2C,2,6.3693,15.0,1,37.62,0.1363
1043,S2C,2,6.5852,13.0,1,36.38,0.1318
1043,E2C,1,13.4987,0.0,0,17.75,0.0116
1043,W2C,1,13.3517,0.0,0,17.95,0.0138
1044,N2C,2,5.2992,16.0,1,45.21,0.1524
1044,S2C,2,5.6826,14.0,1,42.16,0.1455
1044,E2C,1,13.3792,0.0,0,17.91,0.0134
1044,W2C,1,13.5908,0.0,0,17.63,0.0103
1045,N2C,3,6.9669,17.0,1,34.39,0.135
1045,S2C,3,6.9715,15.0,1,34.37,0.1336
1045,E2C,1,13.2733,0.0,0,18.05,0.0149
1045,W2C,1,13.6004,0.0,0,17.62,0.0102
1046,N2C,3,5.4519,18.0,1,43.95,0.1575
1046,S2C,3,5.1116,16.0,1,46.87,0.1611
1046,E2C,1,12.6352,0.0,0,18.96,0.0241
1046,W2C,1,13.1328,0.0,0,18.24,0.0169
1047,N2C,3,4.5713,19.0,1,52.41,0.1708
1047,S2C,3,4.5542,17.0,1,52.61,0.1698
1047,E2C,1,12.7313,0.0,0,18.82,0.0227
1047,W2C,1,12.9653,0.0,0,18.48,0.0193
1048,N2C,3,4.1278,21.0,2,58.05,0.1846
1048,S2C,3,4.249,19.0,2,56.39,0.1815
1048,E2C,1,12.7208,0.0,0,18.84,0.0228
1048,W2C,1,13.4154,0.0,0,17.86,0.0128
1049,N2C,3,4.0743,23.0,2,58.81,0.1867
1049,S2C,3,4.2326,21.0,2,56.61,0.1831
1049,E2C,1,12.7385,0.0,0,18.81,0.0226
1049,W2C,1,13.0326,0.0,0,18.38,0.0183
1050,N2C,3,4.3991,25.0,2,54.47,0.1833
1050,S2C,3,4.3817,23.0,2,54.68,0.1822
1050,E2C,1,13.1139,0.0,0,18.27,0.0172
1050,W2C,1,13.1925,0.0,0,18.16,0.016
1051,N2C,3,4.3611,27.0,2,54.94,0.1852
1051,S2C,3,4.3886,25.0,2,54.6,0.1835
1051,E2C,1,12.8258,0.0,0,18.68,0.0213
1051,W2C,1,13.3678,0.0,0,17.92,0.0135
1052,N2C,3,4.2689,29.0,2,56.13,0.1879
1052,S2C,3,4.4226,27.0,2,54.18,0.1843
1052,E2C,1,13.2203,0.0,0,18.12,0.0156
1052,W2C,1,13.4445,0.0,0,17.82,0.0124
1053,N2C,3,4.138,31.0,2,57.9,0.1911
1053,S2C,3,4.3903,29.0,2,54.57,0.1861
1053,E2C,1,12.6463,0.0,0,18.95,0.0239
1053,W2C,1,13.3169,0.0,0,17.99,0.0143
1054,N2C,3,4.2319,33.0,2,56.62,0.1911
1054,S2C,3,4.4627,31.0,2,53.69,0.1864
1054,E2C,1,12.9661,0.0,0,18.48,0.0193
1054,W2C,1,13.4717,0.0,0,17.79,0.012
1055,N2C,3,4.2846,35.0,2,55.92,0.1916
1055,S2C,3,4.6074,33.0,2,52.0,0.1857
1055,E2C,1,13.0505,0.0,0,18.36,0.0181
1055,W2C,1,13.2081,0.0,0,18.14,0.0158
1056,N2C,3,4.0917,37.0,2,58.56,0.1958
1056,S2C,3,4.348,35.0,2,55.11,0.1907
1056,E2C,1,13.1991,0.0,0,18.15,0.0159
1056,W2C,1,13.0935,0.0,0,18.3,0.0175
1057,N2C,1,13.6239,0.0,0,17.59,0.0098
1057,S2C,1,13.5604,0.0,0,17.67,0.0107
1057,E2C,1,13.1915,0.0,0,18.16,0.0161
1057,W2C,1,13.2653,0.0,0,18.06,0.015
1058,N2C,1,13.2772,0.0,0,18.05,0.0148
1058,S2C,1,13.507,0.0,0,17.74,0.0115
1058,E2C,1,12.8429,0.0,0,18.66,0.0211
1058,W2C,1,13.0373,0.0,0,18.38,0.0183
1059,N2C,1,13.2821,0.0,0,18.04,0.0148
1059,S2C,1,13.347,0.0,0,17.95,0.0138
1059,E2C,1,13.1577,0.0,0,18.21,0.0165
1059,W2C,1,13.0379,0.0,0,18.38,0.0183
1060,N2C,1,13.4946,0.0,0,17.76,0.0117
1060,S2C,1,13.3037,0.0,0,18.01,0.0144
1060,E2C,1,12.7238,0.0,0,18.83,0.0228
1060,W2C,1,13.0244,0.0,0,18.4,0.0185
1061,N2C,1,13.0373,0.0,0,18.38,0.0183
1061,S2C,1,13.6268,0.0,0,17.58,0.0098
1061,E2C,1,12.6586,0.0,0,18.93,0.0237
1061,W2C,1,13.0028,0.0,0,18.43,0.0188
1062,N2C,1,13.4916,0.0,0,17.76,0.0117
1062,S2C,1,13.7671,0.0,0,17.4,0.0078
1062,E2C,1,12.8024,0.0,0,18.72,0.0217
1062,W2C,1,13.304,0.0,0,18.01,0.0144
1063,N2C,2,13.4826,0.0,0,17.77,0.0179
1063,S2C,1,13.0892,0.0,0,18.31,0.0175
1063,E2C,2,13.0436,0.0,0,18.37,0.0242
1063,W2C,2,12.1548,0.0,0,19.71,0.037
1064,N2C,1,13.6711,0.0,0,17.53,0.0092
1064,S2C,1,12.4983,0.0,0,19.17,0.026
1064,E2C,2,11.7935,0.0,0,20.32,0.0422
1064,W2C,2,10.0074,0.0,0,23.94,0.0679
1065,N2C,1,13.5022,0.0,0,17.75,0.0116
1065,S2C,1,12.6398,0.0,0,18.96,0.024
1065,E2C,2,9.7092,0.0,0,24.68,0.0722
1065,W2C,2,8.1477,0.0,0,29.41,0.0947
1066,N2C,1,13.2591,0.0,0,18.07,0.0151
1066,S2C,1,12.7057,0.0,0,18.86,0.0231
1066,E2C,2,7.8092,0.0,0,30.68,0.0996
1066,W2C,2,7.3176,0.0,0,32.74,0.1066
1067,N2C,1,13.3118,0.0,0,18.0,0.0143
1067,S2C,1,12.8247,0.0,0,18.68,0.0213
1067,E2C,2,6.9979,0.0,0,34.24,0.1112
1067,W2C,2,6.7205,1.0,1,35.65,0.1219
1068,N2C,1,13.5546,0.0,0,17.68,0.0108
1068,S2C,1,12.8575,0.0,0,18.63,0.0209
1068,E2C,2,6.5577,1.0,1,36.54,0.1242
1068,W2C,2,6.4622,2.0,1,37.08,0.1263
1069,N2C,1,13.8473,0.0,0,17.3,0.0066
1069,S2C,1,12.8231,0.0,0,18.69,0.0214
1069,E2C,2,6.7636,2.0,1,35.42,0.1219
1069,W2C,2,6.7577,3.0,1,35.46,0.1227
1070,N2C,1,13.8572,0.0,0,17.29,0.0065
1070,S2C,1,12.6713,0.0,0,18.91,0.0235
1070,E2C,2,6.6055,3.0,1,36.27,0.1249
1070,W2C,2,6.6234,4.0,1,36.17,0.1253
1071,N2C,1,13.7436,0.0,0,17.43,0.0081
1071,S2C,1,12.5984,0.0,0,19.02,0.0246
1071,E2C,2,6.6179,4.0,1,36.2,0.1254
1071,W2C,2,6.7718,5.0,1,35.38,0.1238
1072,N2C,1,13.6095,0.0,0,17.61,0.01
1072,S2C,1,12.5316,0.0,0,19.12,0.0256
1072,E2C,2,6.5802,5.0,1,36.41,0.1266
1072,W2C,2,6.4168,6.0,1,37.34,0.1296
1073,N2C,1,13.6011,0.0,0,17.62,0.0102
1073,S2C,1,12.6805,0.0,0,18.9,0.0234
1073,E2C,2,6.5339,6.0,1,36.67,0.1279
1073,W2C,2,6.7334,7.0,1,35.58,0.1257
1074,N2C,1,13.3481,0.0,0,17.95,0.0138
1074,S2C,1,12.6638,0.0,0,18.92,0.0237
1074,E2C,2,6.4121,7.0,1,37.37,0.1303
1074,W2C,2,6.4505,8.0,1,37.14,0.1305
1075,N2C,1,13.6788,0.0,0,17.52,0.009
1075,S2C,1,12.81,0.0,0,18.7,0.0216
1075,E2C,2,6.3145,8.0,1,37.94,0.1324
1075,W2C,2,6.813,9.0,1,35.17,0.1259
1076,N2C,1,13.3805,0.0,0,17.91,0.0133
1076,S2C,1,12.8623,0.0,0,18.63,0.0208
1076,E2C,2,6.8947,9.0,1,34.75,0.1247
1076,W2C,2,6.8962,10.0,1,34.74,0.1254
1077,N2C,1,13.7236,0.0,0,17.46,0.0084
1077,S2C,1,13.0547,0.0,0,18.35,0.018
1077,E2C,2,6.3041,10.0,1,38.01,0.1339
1077,W2C,2,6.8152,11.0,1,35.16,0.1272
1078,N2C,1,13.599,0.0,0,17.62,0.0102
1078,S2C,1,12.687,0.0,0,18.89,0.0233
1078,E2C,2,6.8072,11.0,1,35.2,0.1273
1078,W2C,2,6.7084,12.0,1,35.72,0.1294
1079,N2C,1,13.6401,0.0,0,17.57,0.0096
1079,S2C,1,12.5764,0.0,0,19.05,0.0249
1079,E2C,2,6.3837,12.0,1,37.53,0.1341
1079,W2C,2,6.6963,13.0,1,35.78,0.1302
1080,N2C,1,13.4096,0.0,0,17.87,0.0129
1080,S2C,1,13.0768,0.0,0,18.32,0.0177
1080,E2C,2,5.6056,13.0,1,42.74,0.146
1080,W2C,2,5.5917,14.0,1,42.85,0.1468
1081,N2C,1,13.5504,0.0,0,17.68,0.0109
1081,S2C,2,12.9389,0.0,0,18.52,0.0257
1081,E2C,3,7.1249,14.0,1,33.63,0.1307
1081,W2C,3,6.8101,15.0,1,35.18,0.1359
1082,N2C,1,13.1804,0.0,0,18.18,0.0162
1082,S2C,2,12.4525,0.0,0,19.24,0.0327
1082,E2C,3,5.4758,15.0,1,43.76,0.1552
1082,W2C,3,5.0163,16.0,1,47.76,0.1624
1083,N2C,1,13.4957,0.0,0,17.75,0.0117
1083,S2C,2,12.3253,0.0,0,19.44,0.0345
1083,E2C,3,4.2433,16.0,1,56.47,0.1736
1083,W2C,3,4.6995,17.0,1,50.98,0.1677
1084,N2C,1,13.4011,0.0,0,17.88,0.013
1084,S2C,1,13.306,0.0,0,18.01,0.0144
1084,E2C,3,4.3289,17.0,1,55.35,0.173
1084,W2C,3,4.1956,19.0,2,57.11,0.1823
1085,N2C,1,13.4484,0.0,0,17.82,0.0124
1085,S2C,1,13.6838,0.0,0,17.51,0.009
1085,E2C,3,4.4412,19.0,2,53.95,0.1787
1085,W2C,3,4.397,21.0,2,54.49,0.1807
1086,N2C,1,13.4412,0.0,0,17.83,0.0125
1086,S2C,1,13.2814,0.0,0,18.04,0.0148
1086,E2C,3,4.1751,21.0,2,57.39,0.1839
1086,W2C,3,4.4406,23.0,2,53.96,0.1814
1087,N2C,1,12.9063,0.0,0,18.56,0.0202
1087,S2C,1,13.5807,0.0,0,17.64,0.0105
1087,E2C,3,4.448,23.0,2,53.87,0.1813
1087,W2C,3,4.2113,25.0,2,56.89,0.186
1088,N2C,1,13.3788,0.0,0,17.91,0.0134
1088,S2C,1,13.5785,0.0,0,17.65,0.0105
1088,E2C,3,4.3579,25.0,2,54.98,0.1839
1088,W2C,3,4.5557,27.0,2,52.59,0.1824
1089,N2C,1,13.44,0.0,0,17.83,0.0125
1089,S2C,1,13.8297,0.0,0,17.33,0.0069
1089,E2C,3,4.1162,27.0,2,58.21,0.1887
1089,W2C,3,4.5063,29.0,2,53.17,0.1844
1090,N2C,1,13.3495,0.0,0,17.95,0.0138
1090,S2C,1,13.8498,0.0,0,17.3,0.0066
1090,E2C,1,13.3344,0.0,0,17.97,0.014
1090,W2C,1,13.1749,0.0,0,18.19,0.0163
1091,N2C,1,13.3414,0.0,0,17.96,0.0139
1091,S2C,1,13.3678,0.0,0,17.92,0.0135
1091,E2C,1,13.0383,0.0,0,18.38,0.0183
1091,W2C,1,13.2987,0.0,0,18.02,0.0145
1092,N2C,1,13.213,0.0,0,18.13,0.0157
1092,S2C,1,13.419,0.0,0,17.86,0.0128
1092,E2C,1,13.6781,0.0,0,17.52,0.0091
1092,W2C,1,13.2746,0.0,0,18.05,0.0149
1093,N2C,1,13.4863,0.0,0,17.77,0.0118
1093,S2C,1,13.4728,0.0,0,17.78,0.012
1093,E2C,1,13.346,0.0,0,17.95,0.0138
1093,W2C,1,13.3126,0.0,0,18.0,0.0143
1094,N2C,1,12.9061,0.0,0,18.56,0.0202
1094,S2C,1,13.5052,0.0,0,17.74,0.0115
1094,E2C,1,13.1072,0.0,0,18.28,0.0173
1094,W2C,1,13.2624,0.0,0,18.07,0.015
1095,N2C,1,13.076,0.0,0,18.32,0.0177
1095,S2C,1,13.8597,0.0,0,17.29,0.0064
1095,E2C,1,13.4188,0.0,0,17.86,0.0128
1095,W2C,1,13.5471,0.0,0,17.69,0.0109
1096,N2C,1,13.2695,0.0,0,18.06,0.0149
1096,S2C,1,13.6526,0.0,0,17.55,0.0094
1096,E2C,1,13.2082,0.0,0,18.14,0.0158
1096,W2C,1,13.6501,0.0,0,17.55,0.0095
1097,N2C,1,12.9701,0.0,0,18.47,0.0192
1097,S2C,1,13.7412,0.0,0,17.44,0.0081
1097,E2C,1,13.1751,0.0,0,18.19,0.0163
1097,W2C,1,13.6183,0.0,0,17.59,0.0099
1098,N2C,1,12.9464,0.0,0,18.51,0.0196
1098,S2C,1,12.4898,0.0,0,19.18,0.0262
1098,E2C,1,13.3539,0.0,0,17.94,0.0137
1098,W2C,1,13.5177,0.0,0,17.72,0.0114
1099,N2C,2,11.9811,0.0,0,20.0,0.0395
1099,S2C,2,10.5954,0.0,0,22.61,0.0594
1099,E2C,2,12.9849,0.0,0,18.45,0.025
1099,W2C,1,13.89,0.0,0,17.25,0.006
1100,N2C,2,9.7828,0.0,0,24.49,0.0711
1100,S2C,2,8.5798,0.0,0,27.93,0.0885
1100,E2C,1,13.6842,0.0,0,17.51,0.009
1100,W2C,1,13.7035,0.0,0,17.48,0.0087
1101,N2C,2,7.5745,0.0,0,31.63,0.1029
1101,S2C,2,6.6601,0.0,0,35.98,0.1161
1101,E2C,1,13.6305,0.0,0,17.58,0.0097
1101,W2C,1,13.648,0.0,0,17.56,0.0095
1102,N2C,2,7.0561,0.0,0,33.96,0.1104
1102,S2C,2,6.4654,1.0,1,37.06,0.1256
1102,E2C,1,13.4719,0.0,0,17.79,0.012
1102,W2C,1,13.7977,0.0,0,17.37,0.0073
1103,N2C,2,6.3943,0.0,0,37.47,0.1199
1103,S2C,2,6.5965,2.0,1,36.32,0.1244
1103,E2C,1,13.4227,0.0,0,17.85,0.0127
1103,W2C,1,13.5069,0.0,0,17.74,0.0115
1104,N2C,2,6.5318,1.0,1,36.68,0.1246
1104,S2C,2,6.511,3.0,1,36.8,0.1262
1104,E2C,1,13.5791,0.0,0,17.64,0.0105
1104,W2C,1,13.6103,0.0,0,17.6,0.01
1105,N2C,2,6.3411,2.0,1,37.79,0.128
1105,S2C,2,6.5543,4.0,1,36.56,0.1263
1105,E2C,1,13.4531,0.0,0,17.81,0.0123
1105,W2C,1,13.3478,0.0,0,17.95,0.0138
1106,N2C,2,6.473,3.0,1,37.02,0.1268
1106,S2C,2,6.4465,5.0,1,37.17,0.1285
1106,E2C,1,13.3256,0.0,0,17.98,0.0141
1106,W2C,1,13.3861,0.0,0,17.9,0.0133
1107,N2C,2,6.7055,4.0,1,35.73,0.1241
1107,S2C,2,6.9086,6.0,1,34.68,0.1225
1107,E2C,1,13.0619,0.0,0,18.34,0.0179
1107,W2C,1,13.8052,0.0,0,17.36,0.0072
1108,N2C,2,6.8959,5.0,1,34.75,0.122
1108,S2C,2,6.5588,7.0,1,36.53,0.1282
1108,E2C,1,13.1531,0.0,0,18.22,0.0166
1108,W2C,1,13.423,0.0,0,17.85,0.0127
1109,N2C,2,6.8406,6.0,1,35.03,0.1235
1109,S2C,2,6.5886,8.0,1,36.37,0.1285
1109,E2C,1,13.5794,0.0,0,17.64,0.0105
1109,W2C,1,13.3595,0.0,0,17.93,0.0136
1110,N2C,2,6.4606,7.0,1,37.09,0.1296
1110,S2C,2,6.6535,9.0,1,36.01,0.1282
1110,E2C,1,13.3453,0.0,0,17.95,0.0138
1110,W2C,1,13.7123,0.0,0,17.47,0.0086
1111,N2C,2,6.7837,8.0,1,35.32,0.1257
1111,S2C,2,6.3178,10.0,1,37.92,0.1337
1111,E2C,1,13.5214,0.0,0,17.72,0.0113
1111,W2C,1,13.787,0.0,0,17.38,0.0075
1112,N2C,2,6.5453,9.0,1,36.61,0.1298
1112,S2C,2,6.6375,11.0,1,36.1,0.1298
1112,E2C,1,13.1161,0.0,0,18.27,0.0171
1112,W2C,1,13.4114,0.0,0,17.87,0.0129
1113,N2C,2,6.836,10.0,1,35.05,0.1262
1113,S2C,2,6.8757,12.0,1,34.85,0.127
1113,E2C,1,13.3437,0.0,0,17.96,0.0139
1113,W2C,1,13.4018,0.0,0,17.88,0.013
1114,N2C,2,6.5841,11.0,1,36.39,0.1305
1114,S2C,2,6.6748,13.0,1,35.9,0.1306
1114,E2C,1,13.6307,0.0,0,17.58,0.0097
1114,W2C,1,13.3542,0.0,0,17.94,0.0137
1115,N2C,2,6.3498,12.0,1,37.73,0.1346
1115,S2C,2,6.3977,14.0,1,37.45,0.1352
1115,E2C,1,13.4112,0.0,0,17.87,0.0129
1115,W2C,1,13.4617,0.0,0,17.8,0.0122
1116,N2C,2,6.0646,13.0,1,39.51,0.1393
1116,S2C,2,5.9487,15.0,1,40.28,0.1423
1116,E2C,1,13.1656,0.0,0,18.2,0.0164
1116,W2C,1,13.8377,0.0,0,17.31,0.0068
1117,N2C,3,7.1828,14.0,1,33.36,0.1299
1117,S2C,3,7.1902,16.0,1,33.32,0.1311
1117,E2C,2,12.6613,0.0,0,18.92,0.0297
1117,W2C,1,13.042,0.0,0,18.37,0.0182
1118,N2C,3,5.519,15.0,1,43.41,0.1545
1118,S2C,3,5.612,17.0,1,42.69,0.1545
1118,E2C,1,13.2793,0.0,0,18.04,0.0148
1118,W2C,1,12.4153,0.0,0,19.3,0.0272
1119,N2C,3,4.6667,16.0,1,51.34,0.1675
1119,S2C,3,4.3575,18.0,1,54.99,0.1733
1119,E2C,1,13.1447,0.0,0,18.23,0.0167
1119,W2C,1,12.961,0.0,0,18.49,0.0194
1120,N2C,3,4.3948,18.0,2,54.52,0.1787
1120,S2C,3,4.6336,20.0,2,51.71,0.1766
1120,E2C,1,12.8075,0.0,0,18.71,0.0216
1120,W2C,1,12.4208,0.0,0,19.29,0.0272
1121,N2C,3,4.2941,20.0,2,55.8,0.1815
1121,S2C,3,4.3048,22.0,2,55.66,0.1827
1121,E2C,1,13.3673,0.0,0,17.92,0.0135
1121,W2C,1,12.4373,0.0,0,19.26,0.0269
1122,N2C,3,4.3715,22.0,2,54.81,0.1817
1122,S2C,3,4.4281,24.0,2,54.11,0.1822
1122,E2C,1,13.197,0.0,0,18.16,0.016
1122,W2C,1,12.6286,0.0,0,18.97,0.0242
1123,N2C,1,13.7246,0.0,0,17.46,0.0084
1123,S2C,1,13.3725,0.0,0,17.92,0.0135
1123,E2C,1,12.8416,0.0,0,18.66,0.0211
1123,W2C,1,12.6273,0.0,0,18.97,0.0242
1124,N2C,1,13.8464,0.0,0,17.3,0.0066
1124,S2C,1,13.36,0.0,0,17.93,0.0136
1124,E2C,1,12.9311,0.0,0,18.53,0.0198
1124,W2C,1,12.9268,0.0,0,18.54,0.0199
1125,N2C,1,13.577,0.0,0,17.65,0.0105
1125,S2C,1,13.5189,0.0,0,17.72,0.0113
1125,E2C,1,13.3118,0.0,0,18.0,0.0143
1125,W2C,1,12.4205,0.0,0,19.29,0.0272
1126,N2C,1,13.8475,0.0,0,17.3,0.0066
1126,S2C,1,13.3445,0.0,0,17.95,0.0139
1126,E2C,1,13.248,0.0,0,18.09,0.0152
1126,W2C,1,12.6604,0.0,0,18.93,0.0237
1127,N2C,1,13.4946,0.0,0,17.76,0.0117
1127,S2C,1,13.6556,0.0,0,17.55,0.0094
1127,E2C,1,12.9886,0.0,0,18.45,0.019
1127,W2C,1,12.4714,0.0,0,19.21,0.0264
1128,N2C,1,13.4327,0.0,0,17.84,0.0126
1128,S2C,1,13.5334,0.0,0,17.7,0.0111
1128,E2C,1,12.8723,0.0,0,18.61,0.0207
1128,W2C,1,12.9515,0.0,0,18.5,0.0195
1129,N2C,1,13.372,0.0,0,17.92,0.0135
1129,S2C,1,13.5536,0.0,0,17.68,0.0108
1129,E2C,1,13.3439,0.0,0,17.96,0.0139
1129,W2C,1,12.8038,0.0,0,18.71,0.0216
1130,N2C,1,13.3962,0.0,0,17.89,0.0131
1130,S2C,1,13.5334,0.0,0,17.7,0.0111
1130,E2C,1,13.1073,0.0,0,18.28,0.0173
1130,W2C,1,12.6501,0.0,0,18.94,0.0239
1131,N2C,1,13.6987,0.0,0,17.49,0.0088
1131,S2C,1,13.8204,0.0,0,17.34,0.007
1131,E2C,1,12.8822,0.0,0,18.6,0.0205
1131,W2C,1,12.8561,0.0,0,18.64,0.0209
1132,N2C,1,13.2509,0.0,0,18.08,0.0152
1132,S2C,1,13.4796,0.0,0,17.78,0.0119
1132,E2C,1,12.8535,0.0,0,18.64,0.0209
1132,W2C,1,12.5299,0.0,0,19.12,0.0256
1133,N2C,1,13.8739,0.0,0,17.27,0.0062
1133,S2C,1,13.522,0.0,0,17.72,0.0113
1133,E2C,1,13.2236,0.0,0,18.12,0.0156
1133,W2C,1,12.5005,0.0,0,19.17,0.026
1134,N2C,1,13.394,0.0,0,17.89,0.0131
1134,S2C,1,13.7318,0.0,0,17.45,0.0083
1134,E2C,1,13.2787,0.0,0,18.04,0.0148
1134,W2C,1,12.9022,0.0,0,18.57,0.0202
1135,N2C,1,13.8032,0.0,0,17.36,0.0073
1135,S2C,1,13.7476,0.0,0,17.43,0.008
1135,E2C,2,12.2771,0.0,0,19.52,0.0352
1135,W2C,2,10.9256,0.0,0,21.93,0.0547
1136,N2C,1,13.7744,0.0,0,17.39,0.0077
1136,S2C,1,13.1299,0.0,0,18.25,0.0169
1136,E2C,2,9.8645,0.0,0,24.29,0.07
1136,W2C,2,10.7848,0.0,0,22.22,0.0567
1137,N2C,1,13.287,0.0,0,18.03,0.0147
1137,S2C,1,13.2795,0.0,0,18.04,0.0148
1137,E2C,2,7.5366,0.0,0,31.79,0.1035
1137,W2C,2,9.1882,0.0,0,26.08,0.0797
1138,N2C,1,13.6374,0.0,0,17.57,0.0096
1138,S2C,1,13.3672,0.0,0,17.92,0.0135
1138,E2C,2,6.2596,0.0,0,38.28,0.1219
1138,W2C,2,7.4428,0.0,0,32.19,0.1048
1139,N2C,1,13.3295,0.0,0,17.98,0.0141
1139,S2C,1,13.1268,0.0,0,18.25,0.017
1139,E2C,2,6.1187,0.0,0,39.16,0.1239
1139,W2C,2,4.7062,0.0,0,50.91,0.1442
1140,N2C,1,13.4471,0.0,0,17.82,0.0124
1140,S2C,1,13.2881,0.0,0,18.03,0.0147
1140,E2C,2,5.9145,1.0,1,40.51,0.1335
1140,W2C,2,4.6462,0.0,0,51.57,0.1451
1141,N2C,1,13.1997,0.0,0,18.15,0.0159
1141,S2C,1,13.2087,0.0,0,18.14,0.0158
1141,E2C,2,5.9491,2.0,1,40.28,0.1337
1141,W2C,2,4.3884,0.0,0,54.6,0.1488
1142,N2C,1,13.7071,0.0,0,17.48,0.0086
1142,S2C,1,13.1596,0.0,0,18.21,0.0165
1142,E2C,2,5.6237,3.0,1,42.61,0.139
1142,W2C,2,4.2887,1.0,1,55.87,0.1569
1143,N2C,1,13.2646,0.0,0,18.06,0.015
1143,S2C,1,13.2951,0.0,0,18.02,0.0146
1143,E2C,2,5.7422,4.0,1,41.73,0.138
1143,W2C,2,4.9228,2.0,1,48.67,0.1485
1144,N2C,1,13.3627,0.0,0,17.93,0.0136
1144,S2C,1,13.2532,0.0,0,18.08,0.0152
1144,E2C,2,5.8549,5.0,1,40.92,0.137
1144,W2C,2,4.5356,3.0,1,52.83,0.1547
1145,N2C,1,13.5896,0.0,0,17.63,0.0103
1145,S2C,1,13.1113,0.0,0,18.27,0.0172
1145,E2C,2,5.7175,6.0,1,41.91,0.1397
1145,W2C,2,7.5543,4.0,1,31.72,0.1119
1146,N2C,1,13.1579,0.0,0,18.21,0.0165
1146,S2C,1,13.5365,0.0,0,17.7,0.0111
1146,E2C,2,5.5447,7.0,1,43.21,0.1428
1146,W2C,2,7.5106,5.0,1,31.9,0.1132
1147,N2C,1,13.5329,0.0,0,17.7,0.0111
1147,S2C,1,13.4453,0.0,0,17.82,0.0124
1147,E2C,2,6.0931,8.0,1,39.32,0.1356
1147,W2C,2,7.7218,6.0,1,31.03,0.1108
1148,N2C,1,13.6358,0.0,0,17.57,0.0097
1148,S2C,1,13.1493,0.0,0,18.22,0.0167
1148,E2C,2,5.6765,9.0,1,42.21,0.1423
1148,W2C,2,7.4896,7.0,1,31.99,0.1148
1149,N2C,1,13.7758,0.0,0,17.39,0.0076
1149,S2C,1,13.1836,0.0,0,18.17,0.0162
1149,E2C,2,5.7192,10.0,1,41.89,0.1423
1149,W2C,2,7.7302,8.0,1,31.0,0.112
1150,N2C,1,13.3544,0.0,0,17.94,0.0137
1150,S2C,1,13.4426,0.0,0,17.82,0.0124
1150,E2C,2,5.8809,11.0,1,40.74,0.1407
1150,W2C,2,7.5614,9.0,1,31.69,0.1151
1151,N2C,1,13.6042,0.0,0,17.61,0.0101
1151,S2C,1,13.3868,0.0,0,17.9,0.0132
1151,E2C,2,6.0,12.0,1,39.93,0.1396
1151,W2C,2,7.5427,10.0,1,31.77,0.1161
1152,N2C,1,13.2382,0.0,0,18.1,0.0154
1152,S2C,1,13.6242,0.0,0,17.59,0.0098
1152,E2C,2,6.1049,13.0,1,39.25,0.1388
1152,W2C,2,7.6232,11.0,1,31.43,0.1156
1153,N2C,2,10.7375,0.0,0,22.31,0.0574
1153,S2C,2,11.8303,0.0,0,20.25,0.0417
1153,E2C,3,8.5005,14.0,1,28.19,0.1109
1153,W2C,3,7.1333,12.0,1,33.59,0.1293
1154,N2C,2,7.9154,0.0,0,30.27,0.098
1154,S2C,2,9.3732,0.0,0,25.56,0.077
1154,E2C,3,8.1288,15.0,1,29.48,0.117
1154,W2C,3,6.7649,13.0,1,35.42,0.1353
1155,N2C,2,6.3458,0.0,0,37.76,0.1206
1155,S2C,2,7.8629,0.0,0,30.47,0.0988
1155,E2C,3,7.3725,16.0,1,32.5,0.1285
1155,W2C,3,6.9584,14.0,1,34.43,0.1331
1156,N2C,2,6.1294,0.0,0,39.09,0.1237
1156,S2C,2,6.759,1.0,1,35.45,0.1213
1156,E2C,1,13.6661,0.0,0,17.53,0.0092
1156,W2C,2,9.7788,0.0,0,24.5,0.0712
1157,N2C,2,6.6214,1.0,1,36.19,0.1233
1157,S2C,2,6.3457,2.0,1,37.76,0.128
1157,E2C,1,13.8491,0.0,0,17.3,0.0066
1157,W2C,2,10.1348,0.0,0,23.64,0.0661
1158,N2C,2,6.4505,2.0,1,37.14,0.1265
1158,S2C,2,6.5103,3.0,1,36.8,0.1263
1158,E2C,1,13.2804,0.0,0,18.04,0.0148
1158,W2C,2,10.0774,0.0,0,23.78,0.0669
1159,N2C,2,6.4219,3.0,1,37.31,0.1275
1159,S2C,2,6.852,4.0,1,34.97,0.122
1159,E2C,1,13.4581,0.0,0,17.8,0.0122
1159,W2C,2,9.9582,0.0,0,24.06,0.0686
1160,N2C,2,6.6553,4.0,1,36.0,0.1248
1160,S2C,2,6.7293,5.0,1,35.61,0.1244
1160,E2C,1,13.7775,0.0,0,17.39,0.0076
1160,W2C,2,10.4308,0.0,0,22.97,0.0618
1161,N2C,2,6.6747,5.0,1,35.9,0.1252
1161,S2C,2,6.7829,6.0,1,35.32,0.1243
1161,E2C,1,13.4793,0.0,0,17.78,0.0119
1161,W2C,1,12.318,0.0,0,19.45,0.0286
1162,N2C,2,6.0873,6.0,1,39.36,0.1344
1162,S2C,2,6.4895,7.0,1,36.92,0.1292
1162,E2C,1,13.5324,0.0,0,17.71,0.0111
1162,W2C,1,12.2501,0.0,0,19.56,0.0296
1163,N2C,2,6.2949,7.0,1,38.06,0.132
1163,S2C,2,6.5395,8.0,1,36.64,0.1292
1163,E2C,1,13.6645,0.0,0,17.53,0.0092
1163,W2C,1,12.5459,0.0,0,19.1,0.0254
1164,N2C,2,6.3379,8.0,1,37.8,0.1321
1164,S2C,2,6.6004,9.0,1,36.3,0.129
1164,E2C,1,13.5636,0.0,0,17.66,0.0107
1164,W2C,1,12.3032,0.0,0,19.47,0.0288
1165,N2C,2,6.1523,9.0,1,38.94,0.1354
1165,S2C,2,6.6108,10.0,1,36.24,0.1295
1165,E2C,1,13.6359,0.0,0,17.57,0.0097
1165,W2C,1,12.2365,0.0,0,19.58,0.0298
1166,N2C,2,6.1457,10.0,1,38.99,0.1362
1166,S2C,2,6.7828,11.0,1,35.32,0.1277
1166,E2C,1,13.2785,0.0,0,18.04,0.0148
1166,W2C,1,12.3541,0.0,0,19.39,0.0281
1167,N2C,2,6.4518,11.0,1,37.14,0.1324
1167,S2C,2,6.3597,12.0,1,37.68,0.1344
1167,E2C,1,13.7897,0.0,0,17.38,0.0074
1167,W2C,1,12.4484,0.0,0,19.25,0.0268
1168,N2C,2,6.5771,12.0,1,36.43,0.1313
1168,S2C,2,6.7599,13.0,1,35.44,0.1293
1168,E2C,1,13.8221,0.0,0,17.33,0.007
1168,W2C,1,12.1569,0.0,0,19.71,0.031
1169,N2C,2,6.2729,13.0,1,38.2,0.1363
1169,S2C,2,6.5433,14.0,1,36.62,0.1331
1169,E2C,1,13.8009,0.0,0,17.36,0.0073
1169,W2C,1,12.6753,0.0,0,18.9,0.0235
1170,N2C,2,6.6779,14.0,1,35.88,0.1312
1170,S2C,2,5.3793,15.0,1,44.54,0.1505
1170,E2C,1,13.2848,0.0,0,18.04,0.0147
1170,W2C,1,12.1745,0.0,0,19.68,0.0307
1171,N2C,3,6.763,15.0,1,35.43,0.1366
1171,S2C,3,6.9319,16.0,1,34.56,0.1349
1171,E2C,1,13.89,0.0,0,17.25,0.006
1171,W2C,2,12.0661,0.0,0,19.86,0.0383
1172,N2C,3,5.3271,16.0,1,44.98,0.158
1172,S2C,3,5.4003,17.0,1,44.37,0.1576
1172,E2C,1,13.8433,0.0,0,17.31,0.0067
1172,W2C,2,12.0566,0.0,0,19.87,0.0384
1173,N2C,3,3.8903,17.0,1,61.59,0.1793
1173,S2C,3,4.9098,18.0,1,48.8,0.1653
1173,E2C,1,13.5262,0.0,0,17.71,0.0112
1173,W2C,2,12.2399,0.0,0,19.58,0.0358
1174,N2C,3,3.43,19.0,2,69.85,0.1933
1174,S2C,3,4.4431,19.0,1,53.93,0.1727
1174,E2C,1,13.5284,0.0,0,17.71,0.0112
1174,W2C,2,11.9695,0.0,0,20.02,0.0397
1175,N2C,3,3.1955,21.0,2,74.98,0.198
1175,S2C,3,4.4951,21.0,2,53.3,0.1793
1175,E2C,1,13.633,0.0,0,17.57,0.0097
1175,W2C,1,13.4072,0.0,0,17.87,0.013
1176,N2C,3,3.3575,23.0,2,71.36,0.197
1176,S2C,3,4.5855,23.0,2,52.25,0.1793
1176,E2C,1,13.5586,0.0,0,17.67,0.0108
1176,W2C,1,13.1114,0.0,0,18.27,0.0172
1177,N2C,3,3.0712,25.0,2,78.02,0.2024
1177,S2C,3,4.6162,25.0,2,51.9,0.1802
1177,E2C,1,13.7479,0.0,0,17.43,0.008
1177,W2C,1,13.2391,0.0,0,18.1,0.0154
1178,N2C,3,3.1609,27.0,2,75.8,0.2025
1178,S2C,3,4.3919,27.0,2,54.55,0.1848
1178,E2C,1,13.5917,0.0,0,17.63,0.0103
1178,W2C,1,13.1781,0.0,0,18.18,0.0163
1179,N2C,3,3.4693,29.0,2,69.06,0.1994
1179,S2C,3,4.5385,29.0,2,52.79,0.184
1179,E2C,1,13.8344,0.0,0,17.32,0.0068
1179,W2C,1,13.0646,0.0,0,18.34,0.0179
1180,N2C,3,3.2765,31.0,2,73.13,0.2035
1180,S2C,3,4.4396,31.0,2,53.97,0.1867
1180,E2C,1,13.568,0.0,0,17.66,0.0106
1180,W2C,1,13.2146,0.0,0,18.13,0.0157
1181,N2C,3,3.2536,33.0,2,73.64,0.2052
1181,S2C,3,4.2534,33.0,2,56.33,0.1908
1181,E2C,1,13.7092,0.0,0,17.48,0.0086
1181,W2C,1,13.4262,0.0,0,17.85,0.0127
1182,N2C,3,3.1184,35.0,2,76.83,0.2084
1182,S2C,3,4.3749,35.0,2,54.77,0.1903
1182,E2C,1,13.3573,0.0,0,17.94,0.0137
1182,W2C,1,13.3867,0.0,0,17.9,0.0132
1183,N2C,3,3.2004,37.0,2,74.87,0.2086
1183,S2C,3,4.4594,37.0,2,53.73,0.1905
1183,E2C,1,13.2441,0.0,0,18.09,0.0153
1183,W2C,1,13.1907,0.0,0,18.16,0.0161
1184,N2C,3,3.4051,39.0,2,70.36,0.207
1184,S2C,3,4.2,39.0,2,57.05,0.1955
1184,E2C,1,13.8814,0.0,0,17.26,0.0061
1184,W2C,1,13.1868,0.0,0,18.17,0.0161
1185,N2C,3,3.4797,41.0,2,68.86,0.2072
1185,S2C,3,4.2001,41.0,2,57.05,0.1969
1185,E2C,1,13.7304,0.0,0,17.45,0.0083
1185,W2C,1,13.4195,0.0,0,17.85,0.0128
1186,N2C,3,3.4391,43.0,2,69.67,0.2091
1186,S2C,3,4.3026,43.0,2,55.69,0.1967
1186,E2C,1,13.6037,0.0,0,17.61,0.0101
1186,W2C,1,13.1957,0.0,0,18.16,0.016
1187,N2C,3,3.3666,45.0,2,71.17,0.2115
1187,S2C,3,4.3542,45.0,2,55.03,0.1973
1187,E2C,1,13.6359,0.0,0,17.57,0.0097
1187,W2C,1,13.5325,0.0,0,17.71,0.0111
1188,N2C,3,3.2078,47.0,2,74.69,0.2151
1188,S2C,3,2.8785,47.0,2,83.24,0.2199
1188,E2C,1,12.0702,0.0,0,19.85,0.0322
1188,W2C,1,13.1592,0.0,0,18.21,0.0165
1189,N2C,2,11.9515,0.0,0,20.05,0.0399
1189,S2C,2,9.4591,0.0,0,25.33,0.0758
1189,E2C,2,9.9277,0.0,0,24.13,0.0691
1189,W2C,2,11.3841,0.0,0,21.05,0.0481
1190,N2C,2,11.2669,0.0,0,21.27,0.0498
1190,S2C,2,8.4244,0.0,0,28.44,0.0907
1190,E2C,2,7.9267,0.0,0,30.23,0.0979
1190,W2C,2,9.1025,0.0,0,26.32,0.0809
1191,N2C,2,11.2734,0.0,0,21.25,0.0497
1191,S2C,2,9.1747,0.0,0,26.12,0.0799
1191,E2C,2,7.2255,0.0,0,33.16,0.108
1191,W2C,2,6.9748,0.0,0,34.35,0.1116
1192,N2C,2,11.6719,0.0,0,20.53,0.0439
1192,S2C,1,13.2841,0.0,0,18.04,0.0147
1192,E2C,2,6.5526,1.0,1,36.57,0.1243
1192,W2C,2,5.7505,1.0,1,41.67,0.1359
1193,N2C,2,11.9306,0.0,0,20.08,0.0402
1193,S2C,1,13.2949,0.0,0,18.02,0.0146
1193,E2C,2,6.4853,2.0,1,36.94,0.126
1193,W2C,2,6.0739,2.0,1,39.45,0.1319
1194,N2C,2,11.7168,0.0,0,20.45,0.0433
1194,S2C,1,13.2518,0.0,0,18.08,0.0152
1194,E2C,2,6.5642,3.0,1,36.5,0.1255
1194,W2C,2,5.7681,3.0,1,41.54,0.1369
1195,N2C,1,13.2682,0.0,0,18.06,0.015
1195,S2C,1,13.3571,0.0,0,17.94,0.0137
1195,E2C,2,6.2666,4.0,1,38.23,0.1304
1195,W2C,2,5.7568,4.0,1,41.62,0.1378
1196,N2C,1,13.7741,0.0,0,17.39,0.0077
1196,S2C,1,13.2382,0.0,0,18.1,0.0154
1196,E2C,2,6.5022,5.0,1,36.85,0.1277
1196,W2C,2,6.3256,5.0,1,37.88,0.1303
1197,N2C,1,13.2511,0.0,0,18.08,0.0152
1197,S2C,1,13.4054,0.0,0,17.87,0.013
1197,E2C,2,6.395,6.0,1,37.47,0.1299
1197,W2C,2,6.2732,6.0,1,38.19,0.1317
1198,N2C,1,13.8226,0.0,0,17.33,0.007
1198,S2C,1,13.0601,0.0,0,18.35,0.0179
1198,E2C,2,6.6367,7.0,1,36.1,0.1271
1198,W2C,2,5.9927,7.0,1,39.98,0.1364
1199,N2C,1,13.5357,0.0,0,17.7,0.0111
1199,S2C,1,13.08,0.0,0,18.32,0.0177
1199,E2C,2,6.7031,8.0,1,35.74,0.1268
1199,W2C,2,5.9695,8.0,1,40.14,0.1374
1200,N2C,1,13.5292,0.0,0,17.71,0.0112
1200,S2C,1,13.3783,0.0,0,17.91,0.0134
1200,E2C,2,6.5996,9.0,1,36.31,0.129
1200,W2C,2,6.0039,9.0,1,39.91,0.1376
1201,N2C,1,13.8135,0.0,0,17.35,0.0071
1201,S2C,1,13.6045,0.0,0,17.61,0.0101
1201,E2C,2,6.533,10.0,1,36.68,0.1306
1201,W2C,2,6.1107,10.0,1,39.21,0.1367
1202,N2C,1,13.5231,0.0,0,17.72,0.0113
1202,S2C,1,13.6374,0.0,0,17.57,0.0096
1202,E2C,2,6.773,11.0,1,35.38,0.1278
1202,W2C,2,5.7955,11.0,1,41.34,0.1419
1203,N2C,1,13.7963,0.0,0,17.37,0.0073
1203,S2C,1,13.1143,0.0,0,18.27,0.0172
1203,E2C,2,6.482,12.0,1,36.96,0.1327
1203,W2C,2,6.0655,12.0,1,39.5,0.1387
1204,N2C,1,13.3338,0.0,0,17.97,0.014
1204,S2C,1,13.1025,0.0,0,18.29,0.0173
1204,E2C,2,6.565,13.0,1,36.5,0.1321
1204,W2C,2,6.1641,13.0,1,38.87,0.1379
1205,N2C,1,13.6398,0.0,0,17.57,0.0096
1205,S2C,1,13.5288,0.0,0,17.71,0.0112
1205,E2C,2,6.2681,14.0,1,38.23,0.1371
1205,W2C,2,5.7339,14.0,1,41.79,0.1448
1206,N2C,1,13.8864,0.0,0,17.25,0.0061
1206,S2C,1,13.5308,0.0,0,17.71,0.0112
1206,E2C,2,6.1521,15.0,1,38.95,0.1394
1206,W2C,2,6.0528,15.0,1,39.58,0.1408
1207,N2C,1,13.6414,0.0,0,17.56,0.0096
1207,S2C,2,13.5856,0.0,0,17.64,0.0164
1207,E2C,3,7.0985,16.0,1,33.75,0.1325
1207,W2C,3,8.1518,16.0,1,29.39,0.1173
1208,N2C,1,13.3003,0.0,0,18.01,0.0145
1208,S2C,1,13.8291,0.0,0,17.33,0.0069
1208,E2C,3,5.7408,17.0,1,41.74,0.1527
1208,W2C,3,6.8883,17.0,1,34.78,0.1361
1209,N2C,1,13.0261,0.0,0,18.39,0.0184
1209,S2C,1,13.4793,0.0,0,17.78,0.0119
1209,E2C,3,4.5876,18.0,1,52.23,0.1699
1209,W2C,3,5.7628,18.0,1,41.58,0.153
1210,N2C,1,13.4831,0.0,0,17.77,0.0119
1210,S2C,1,13.5147,0.0,0,17.73,0.0114
1210,E2C,3,4.3523,20.0,2,55.05,0.1807
1210,W2C,3,4.7255,19.0,1,50.7,0.1686
1211,N2C,1,13.6212,0.0,0,17.59,0.0099
1211,S2C,1,13.244,0.0,0,18.09,0.0153
1211,E2C,3,4.2282,22.0,2,56.67,0.1838
1211,W2C,3,4.0106,20.0,1,59.74,0.1796
1212,N2C,1,13.4496,0.0,0,17.81,0.0123
1212,S2C,1,13.6228,0.0,0,17.59,0.0098
1212,E2C,3,4.2578,24.0,2,56.27,0.1847
1212,W2C,3,3.9526,22.0,2,60.62,0.1878
1213,N2C,1,13.305,0.0,0,18.01,0.0144
1213,S2C,1,13.2658,0.0,0,18.06,0.015
1213,E2C,3,4.2251,26.0,2,56.71,0.1865
1213,W2C,3,3.7779,24.0,2,63.42,0.1916
1214,N2C,1,13.4675,0.0,0,17.79,0.0121
1214,S2C,1,13.7974,0.0,0,17.37,0.0073
1214,E2C,3,4.2058,28.0,2,56.97,0.1881
1214,W2C,3,3.708,26.0,2,64.62,0.1939
1215,N2C,1,13.3193,0.0,0,17.99,0.0142
1215,S2C,1,13.83,0.0,0,17.32,0.0069
1215,E2C,3,4.2441,30.0,2,56.45,0.1889
1215,W2C,3,3.915,28.0,2,61.2,0.1923
1216,N2C,1,13.6341,0.0,0,17.57,0.0097
1216,S2C,1,13.665,0.0,0,17.53,0.0092
1216,E2C,3,4.208,32.0,2,56.94,0.1907
1216,W2C,3,3.7596,30.0,2,63.73,0.1959
1217,N2C,1,13.0323,0.0,0,18.39,0.0183
1217,S2C,1,13.8268,0.0,0,17.33,0.0069
1217,E2C,3,4.3826,34.0,2,54.67,0.1896
1217,W2C,3,3.7656,32.0,2,63.63,0.1971
1218,N2C,1,13.2553,0.0,0,18.08,0.0151
1218,S2C,1,13.2815,0.0,0,18.04,0.0148
1218,E2C,3,4.3183,36.0,2,55.49,0.1918
1218,W2C,3,3.8531,34.0,2,62.18,0.1972
1219,N2C,1,13.1652,0.0,0,18.2,0.0164
1219,S2C,1,13.4973,0.0,0,17.75,0.0117
1219,E2C,3,4.172,38.0,2,57.43,0.1953
1219,W2C,3,3.8083,36.0,2,62.92,0.1992
1220,N2C,1,13.6188,0.0,0,17.59,0.0099
1220,S2C,1,13.3449,0.0,0,17.95,0.0138
1220,E2C,3,4.4108,40.0,2,54.32,0.1932
1220,W2C,3,3.8608,38.0,2,62.06,0.1997
1221,N2C,1,13.1937,0.0,0,18.16,0.016
1221,S2C,1,13.3793,0.0,0,17.91,0.0134
1221,E2C,3,4.1308,42.0,2,58.0,0.1985
1221,W2C,3,3.6455,40.0,2,65.73,0.2042
1222,N2C,1,13.1657,0.0,0,18.2,0.0164
1222,S2C,1,13.3963,0.0,0,17.89,0.0131
1222,E2C,1,13.2613,0.0,0,18.07,0.0151
1222,W2C,1,12.6264,0.0,0,18.98,0.0242
1223,N2C,1,13.0362,0.0,0,18.38,0.0183
1223,S2C,1,13.4089,0.0,0,17.87,0.0129
1223,E2C,1,13.1694,0.0,0,18.19,0.0164
1223,W2C,1,12.6363,0.0,0,18.96,0.0241
1224,N2C,1,13.0412,0.0,0,18.37,0.0182
1224,S2C,1,12.705,0.0,0,18.86,0.0231
1224,E2C,1,13.5673,0.0,0,17.66,0.0106
1224,W2C,1,12.6988,0.0,0,18.87,0.0232
1225,N2C,2,12.033,0.0,0,19.91,0.0387
1225,S2C,2,10.622,0.0,0,22.56,0.0591
1225,E2C,2,12.2389,0.0,0,19.58,0.0358
1225,W2C,2,12.4003,0.0,0,19.32,0.0335
1226,N2C,2,9.7764,0.0,0,24.51,0.0712
1226,S2C,2,8.5434,0.0,0,28.05,0.089
1226,E2C,1,12.2914,0.0,0,19.49,0.029
1226,W2C,2,11.8386,0.0,0,20.24,0.0415
1227,N2C,2,7.1503,0.0,0,33.51,0.109
1227,S2C,2,6.6838,0.0,0,35.85,0.1158
1227,E2C,1,12.4579,0.0,0,19.23,0.0266
1227,W2C,2,12.6217,0.0,0,18.98,0.0303
1228,N2C,2,7.1141,0.0,0,33.68,0.1096
1228,S2C,2,6.1654,1.0,1,38.86,0.1299
1228,E2C,1,12.7371,0.0,0,18.81,0.0226
1228,W2C,1,13.5642,0.0,0,17.66,0.0107
1229,N2C,2,6.4567,0.0,0,37.11,0.119
1229,S2C,2,6.5757,2.0,1,36.44,0.1247
1229,E2C,1,12.3047,0.0,0,19.47,0.0288
1229,W2C,1,13.3764,0.0,0,17.91,0.0134
1230,N2C,2,6.5999,1.0,1,36.3,0.1236
1230,S2C,2,6.4167,3.0,1,37.34,0.1276
1230,E2C,1,12.2592,0.0,0,19.54,0.0295
1230,W2C,1,13.2199,0.0,0,18.12,0.0156
1231,N2C,2,6.7118,2.0,1,35.7,0.1227
1231,S2C,2,6.4089,4.0,1,37.39,0.1284
1231,E2C,1,12.5637,0.0,0,19.07,0.0251
1231,W2C,1,13.5801,0.0,0,17.64,0.0105
1232,N2C,2,6.3367,3.0,1,37.81,0.1288
1232,S2C,2,6.5475,5.0,1,36.59,0.1271
1232,E2C,1,12.5331,0.0,0,19.12,0.0255
1232,W2C,1,13.2756,0.0,0,18.05,0.0148
1233,N2C,2,6.701,4.0,1,35.76,0.1242
1233,S2C,2,6.7255,6.0,1,35.63,0.1252
1233,E2C,1,12.697,0.0,0,18.87,0.0232
1233,W2C,1,13.2373,0.0,0,18.1,0.0154
1234,N2C,2,6.3515,5.0,1,37.72,0.1299
1234,S2C,2,6.2679,7.0,1,38.23,0.1324
1234,E2C,1,12.566,0.0,0,19.07,0.0251
1234,W2C,1,13.4817,0.0,0,17.77,0.0119
1235,N2C,2,6.4345,6.0,1,37.24,0.1294
1235,S2C,2,6.8053,8.0,1,35.21,0.1253
1235,E2C,1,12.6193,0.0,0,18.99,0.0243
1235,W2C,1,13.3075,0.0,0,18.0,0.0144
1236,N2C,2,6.905,7.0,1,34.7,0.1232
1236,S2C,2,6.5039,9.0,1,36.84,0.1304
1236,E2C,1,12.7919,0.0,0,18.73,0.0218
1236,W2C,1,13.2982,0.0,0,18.02,0.0145
1237,N2C,2,6.3748,8.0,1,37.59,0.1315
1237,S2C,2,6.1674,10.0,1,38.85,0.1359
1237,E2C,1,12.8369,0.0,0,18.66,0.0212
1237,W2C,1,13.5272,0.0,0,17.71,0.0112
1238,N2C,2,6.9343,9.0,1,34.55,0.1242
1238,S2C,2,6.5099,11.0,1,36.81,0.1316
1238,E2C,1,12.5529,0.0,0,19.09,0.0253
1238,W2C,1,13.1799,0.0,0,18.18,0.0162
1239,N2C,2,6.5493,10.0,1,36.58,0.1304
1239,S2C,2,6.4828,12.0,1,36.96,0.1327
1239,E2C,1,12.8801,0.0,0,18.6,0.0205
1239,W2C,1,13.6608,0.0,0,17.54,0.0093
1240,N2C,2,6.7505,11.0,1,35.49,0.1281
1240,S2C,2,6.6992,13.0,1,35.77,0.1302
1240,E2C,1,12.6402,0.0,0,18.96,0.024
1240,W2C,1,13.0806,0.0,0,18.32,0.0177
1241,N2C,2,6.7599,12.0,1,35.44,0.1287
1241,S2C,2,6.6587,14.0,1,35.98,0.1315
1241,E2C,1,12.739,0.0,0,18.81,0.0226
1241,W2C,1,13.1911,0.0,0,18.16,0.0161
1242,N2C,2,5.9012,13.0,1,40.6,0.1417
1242,S2C,2,6.1613,15.0,1,38.89,0.1393
1242,E2C,1,12.4544,0.0,0,19.24,0.0267
1242,W2C,1,13.1373,0.0,0,18.24,0.0168
1243,N2C,3,6.4678,14.0,1,37.05,0.1402
1243,S2C,3,7.5932,16.0,1,31.55,0.1253
1243,E2C,2,12.179,0.0,0,19.67,0.0366
1243,W2C,2,12.9541,0.0,0,18.5,0.0255
1244,N2C,3,4.5748,15.0,1,52.37,0.1681
1244,S2C,3,5.7377,17.0,1,41.76,0.1527
1244,E2C,2,12.197,0.0,0,19.64,0.0364
1244,W2C,1,13.2843,0.0,0,18.04,0.0147
1245,N2C,3,3.7132,17.0,2,64.53,0.1879
1245,S2C,3,4.3345,18.0,1,55.28,0.1736
1245,E2C,2,12.3815,0.0,0,19.35,0.0337
1245,W2C,1,13.579,0.0,0,17.64,0.0105
1246,N2C,3,3.6748,19.0,2,65.2,0.1898
1246,S2C,3,4.4471,20.0,2,53.88,0.1793
1246,E2C,1,13.2468,0.0,0,18.09,0.0153
1246,W2C,1,13.2332,0.0,0,18.11,0.0155
1247,N2C,3,3.625,21.0,2,66.1,0.1918
1247,S2C,3,4.3496,22.0,2,55.09,0.182
1247,E2C,1,13.2514,0.0,0,18.08,0.0152
1247,W2C,1,13.1467,0.0,0,18.23,0.0167
1248,N2C,3,3.6137,23.0,2,66.3,0.1933
1248,S2C,3,4.2226,24.0,2,56.74,0.1852
1248,E2C,1,13.6268,0.0,0,17.58,0.0098
1248,W2C,1,13.1152,0.0,0,18.27,0.0172
1249,N2C,3,3.854,25.0,2,62.17,0.1912
1249,S2C,3,4.4091,26.0,2,54.34,0.1838
1249,E2C,1,13.2622,0.0,0,18.07,0.015
1249,W2C,1,13.6003,0.0,0,17.62,0.0102
1250,N2C,3,3.6559,27.0,2,65.54,0.1954
1250,S2C,3,4.2697,28.0,2,56.12,0.1872
1250,E2C,1,13.627,0.0,0,17.58,0.0098
1250,W2C,1,13.3482,0.0,0,17.95,0.0138
1251,N2C,3,3.7046,29.0,2,64.68,0.196
1251,S2C,3,4.386,30.0,2,54.63,0.1868
1251,E2C,1,13.5895,0.0,0,17.63,0.0103
1251,W2C,1,13.5389,0.0,0,17.7,0.0111
1252,N2C,3,3.998,31.0,2,59.93,0.1931
1252,S2C,3,4.3268,32.0,2,55.38,0.189
1252,E2C,1,13.4661,0.0,0,17.79,0.0121
1252,W2C,1,13.0689,0.0,0,18.33,0.0178
1253,N2C,3,3.8891,33.0,2,61.61,0.196
1253,S2C,3,4.397,34.0,2,54.49,0.1894
1253,E2C,1,13.359,0.0,0,17.94,0.0136
1253,W2C,1,13.1994,0.0,0,18.15,0.0159
1254,N2C,3,4.0157,35.0,2,59.67,0.1955
1254,S2C,3,4.3132,36.0,2,55.55,0.1919
1254,E2C,1,13.3292,0.0,0,17.98,0.0141
1254,W2C,1,13.4392,0.0,0,17.83,0.0125
1255,N2C,1,12.5902,0.0,0,19.03,0.0247
1255,S2C,1,13.3791,0.0,0,17.91,0.0134
1255,E2C,1,13.469,0.0,0,17.79,0.0121
1255,W2C,1,13.3856,0.0,0,17.9,0.0133
1256,N2C,1,12.4402,0.0,0,19.26,0.0269
1256,S2C,1,13.5604,0.0,0,17.67,0.0107
1256,E2C,1,13.6586,0.0,0,17.54,0.0093
1256,W2C,1,13.3583,0.0,0,17.94,0.0137
1257,N2C,1,12.8733,0.0,0,18.61,0.0206
1257,S2C,1,13.6499,0.0,0,17.55,0.0095
1257,E2C,1,13.3858,0.0,0,17.9,0.0133
1257,W2C,1,13.3668,0.0,0,17.93,0.0135
1258,N2C,1,12.6489,0.0,0,18.94,0.0239
1258,S2C,1,13.5371,0.0,0,17.7,0.0111
1258,E2C,1,13.215,0.0,0,18.13,0.0157
1258,W2C,1,13.1598,0.0,0,18.21,0.0165
1259,N2C,1,12.5477,0.0,0,19.1,0.0253
1259,S2C,1,13.5062,0.0,0,17.74,0.0115
1259,E2C,1,13.457,0.0,0,17.8,0.0122
1259,W2C,1,13.4092,0.0,0,17.87,0.0129
1260,N2C,1,12.9326,0.0,0,18.53,0.0198
1260,S2C,1,13.4242,0.0,0,17.85,0.0127
1260,E2C,1,13.2049,0.0,0,18.14,0.0159
1260,W2C,1,13.3704,0.0,0,17.92,0.0135
1261,N2C,2,12.4159,0.0,0,19.3,0.0332
1261,S2C,2,13.6626,0.0,0,17.54,0.0153
1261,E2C,2,10.8795,0.0,0,22.02,0.0553
1261,W2C,2,11.5274,0.0,0,20.79,0.046
1262,N2C,2,12.5499,0.0,0,19.09,0.0313
1262,S2C,1,13.885,0.0,0,17.26,0.0061
1262,E2C,2,7.9868,0.0,0,30.0,0.097
1262,W2C,2,9.1551,0.0,0,26.17,0.0802
1263,N2C,2,12.0146,0.0,0,19.94,0.039
1263,S2C,1,13.5002,0.0,0,17.75,0.0116
1263,E2C,2,6.4693,0.0,0,37.04,0.1188
1263,W2C,2,7.2823,0.0,0,32.9,0.1071
1264,N2C,1,13.2391,0.0,0,18.1,0.0154
1264,S2C,1,13.51,0.0,0,17.74,0.0115
1264,E2C,2,6.4701,0.0,0,37.03,0.1188
1264,W2C,2,6.7049,0.0,0,35.74,0.1155
1265,N2C,1,13.2632,0.0,0,18.06,0.015
1265,S2C,1,13.3183,0.0,0,17.99,0.0142
1265,E2C,2,6.3697,0.0,0,37.62,0.1203
1265,W2C,2,6.4259,0.0,0,37.29,0.1195
1266,N2C,1,13.6218,0.0,0,17.59,0.0099
1266,S2C,1,13.372,0.0,0,17.92,0.0135
1266,E2C,2,6.2271,1.0,1,38.48,0.129
1266,W2C,2,6.8677,1.0,1,34.89,0.1198
1267,N2C,1,13.3619,0.0,0,17.93,0.0136
1267,S2C,1,13.7168,0.0,0,17.47,0.0085
1267,E2C,2,6.2299,2.0,1,38.46,0.1296
1267,W2C,2,6.7677,2.0,1,35.4,0.1219
1268,N2C,1,13.4561,0.0,0,17.81,0.0122
1268,S2C,1,13.5578,0.0,0,17.67,0.0108
1268,E2C,2,6.475,3.0,1,37.0,0.1268
1268,W2C,2,6.4642,3.0,1,37.07,0.1269
1269,N2C,1,13.7023,0.0,0,17.49,0.0087
1269,S2C,1,13.8867,0.0,0,17.25,0.006
1269,E2C,2,6.4303,4.0,1,37.26,0.1281
1269,W2C,2,6.3713,4.0,1,37.61,0.1289
1270,N2C,1,13.5008,0.0,0,17.75,0.0116
1270,S2C,1,13.291,0.0,0,18.03,0.0146
1270,E2C,2,6.5275,5.0,1,36.71,0.1273
1270,W2C,2,6.8373,5.0,1,35.04,0.1229
1271,N2C,1,13.614,0.0,0,17.6,0.01
1271,S2C,1,13.7532,0.0,0,17.42,0.008
1271,E2C,2,5.9892,6.0,1,40.01,0.1358
1271,W2C,2,6.5963,6.0,1,36.32,0.127
1272,N2C,1,13.2706,0.0,0,18.05,0.0149
1272,S2C,1,13.3038,0.0,0,18.01,0.0144
1272,E2C,2,6.1177,7.0,1,39.17,0.1346
1272,W2C,2,6.3432,7.0,1,37.77,0.1313
1273,N2C,1,13.4086,0.0,0,17.87,0.0129
1273,S2C,1,13.2767,0.0,0,18.05,0.0148
1273,E2C,2,6.37,8.0,1,37.61,0.1316
1273,W2C,2,6.3365,8.0,1,37.81,0.1321
1274,N2C,1,13.484,0.0,0,17.77,0.0118
1274,S2C,1,13.7655,0.0,0,17.41,0.0078
1274,E2C,2,6.5102,9.0,1,36.8,0.1303
1274,W2C,2,6.5816,9.0,1,36.4,0.1292
1275,N2C,1,13.3896,0.0,0,17.89,0.0132
1275,S2C,1,13.2722,0.0,0,18.05,0.0149
1275,E2C,2,6.3228,10.0,1,37.89,0.1336
1275,W2C,2,6.4448,10.0,1,37.18,0.1319
1276,N2C,1,13.8255,0.0,0,17.33,0.0069
1276,S2C,1,13.4257,0.0,0,17.85,0.0127
1276,E2C,2,6.4492,11.0,1,37.15,0.1325
1276,W2C,2,6.8795,11.0,1,34.83,0.1263
1277,N2C,1,13.7264,0.0,0,17.46,0.0084
1277,S2C,1,13.3586,0.0,0,17.94,0.0137
1277,E2C,2,6.3836,12.0,1,37.53,0.1341
1277,W2C,2,6.807,12.0,1,35.2,0.128
1278,N2C,1,13.5576,0.0,0,17.67,0.0108
1278,S2C,1,13.4987,0.0,0,17.75,0.0116
1278,E2C,2,6.4554,13.0,1,37.12,0.1337
1278,W2C,2,5.9662,13.0,1,40.16,0.1408
1279,N2C,1,12.2086,0.0,0,19.63,0.0302
1279,S2C,1,13.89,0.0,0,17.25,0.006
1279,E2C,3,7.9211,14.0,1,30.25,0.1193
1279,W2C,3,6.6148,14.0,1,36.22,0.1381
1280,N2C,1,11.676,0.0,0,20.52,0.0379
1280,S2C,1,13.4981,0.0,0,17.75,0.0116
1280,E2C,3,6.8026,15.0,1,35.22,0.136
1280,W2C,3,5.0762,15.0,1,47.2,0.1609
1281,N2C,1,11.6192,0.0,0,20.62,0.0387
1281,S2C,1,13.5509,0.0,0,17.68,0.0109
1281,E2C,3,5.2527,16.0,1,45.61,0.159
1281,W2C,3,3.9443,16.0,1,60.75,0.1779
1282,N2C,1,11.7651,0.0,0,20.37,0.0366
1282,S2C,1,13.7074,0.0,0,17.48,0.0086
1282,E2C,3,4.5664,17.0,1,52.47,0.1696
1282,W2C,3,3.8237,18.0,2,62.66,0.1869
1283,N2C,1,12.0539,0.0,0,19.88,0.0324
1283,S2C,1,13.7647,0.0,0,17.41,0.0078
1283,E2C,3,4.5538,19.0,2,52.62,0.1771
1283,W2C,3,4.0359,20.0,2,59.37,0.1852
1284,N2C,1,11.7205,0.0,0,20.44,0.0372
1284,S2C,1,13.8787,0.0,0,17.26,0.0062
1284,E2C,3,4.3318,21.0,2,55.31,0.1816
1284,W2C,3,4.0806,22.0,2,58.72,0.1859
1285,N2C,1,11.8481,0.0,0,20.22,0.0354
1285,S2C,1,13.2807,0.0,0,18.04,0.0148
1285,E2C,3,4.1694,23.0,2,57.47,0.1853
1285,W2C,3,3.7836,24.0,2,63.33,0.1915
1286,N2C,1,12.1012,0.0,0,19.8,0.0318
1286,S2C,1,13.2818,0.0,0,18.04,0.0148
1286,E2C,3,4.2402,25.0,2,56.51,0.1856
1286,W2C,3,3.8331,26.0,2,62.51,0.1921
1287,N2C,1,11.9162,0.0,0,20.11,0.0344
1287,S2C,1,13.3815,0.0,0,17.91,0.0133
1287,E2C,3,4.5,27.0,2,53.24,0.1832
1287,W2C,3,3.7534,28.0,2,63.84,0.1946
1288,N2C,1,11.9779,0.0,0,20.0,0.0335
1288,S2C,1,13.6852,0.0,0,17.51,0.0089
1288,E2C,1,13.237,0.0,0,18.1,0.0154
1288,W2C,1,13.0088,0.0,0,18.42,0.0187
1289,N2C,1,11.6398,0.0,0,20.58,0.0384
1289,S2C,1,13.4205,0.0,0,17.85,0.0128
1289,E2C,1,13.4841,0.0,0,17.77,0.0118
1289,W2C,1,12.5798,0.0,0,19.05,0.0249
1290,N2C,1,11.827,0.0,0,20.26,0.0357
1290,S2C,1,13.7043,0.0,0,17.48,0.0087
1290,E2C,1,13.4435,0.0,0,17.82,0.0124
1290,W2C,1,12.621,0.0,0,18.98,0.0243
1291,N2C,1,12.1283,0.0,0,19.76,0.0314
1291,S2C,1,13.7197,0.0,0,17.46,0.0085
1291,E2C,1,13.5085,0.0,0,17.74,0.0115
1291,W2C,1,12.6866,0.0,0,18.89,0.0233
1292,N2C,1,11.7046,0.0,0,20.47,0.0375
1292,S2C,1,13.3225,0.0,0,17.98,0.0142
1292,E2C,1,13.419,0.0,0,17.86,0.0128
1292,W2C,1,12.9287,0.0,0,18.53,0.0198
1293,N2C,1,12.0823,0.0,0,19.83,0.032
1293,S2C,1,13.765,0.0,0,17.41,0.0078
1293,E2C,1,13.1985,0.0,0,18.15,0.016
1293,W2C,1,12.7857,0.0,0,18.74,0.0219
1294,N2C,1,11.6552,0.0,0,20.56,0.0382
1294,S2C,1,13.7534,0.0,0,17.42,0.008
1294,E2C,1,13.4855,0.0,0,17.77,0.0118
1294,W2C,1,12.9281,0.0,0,18.53,0.0199
1295,N2C,1,12.1828,0.0,0,19.67,0.0306
1295,S2C,1,13.4374,0.0,0,17.83,0.0125
1295,E2C,1,13.4621,0.0,0,17.8,0.0122
1295,W2C,1,12.5007,0.0,0,19.17,0.026
1296,N2C,1,11.5975,0.0,0,20.66,0.039
1296,S2C,1,12.3067,0.0,0,19.47,0.0288
1296,E2C,1,13.4539,0.0,0,17.81,0.0123
1296,W2C,1,12.9662,0.0,0,18.48,0.0193
1297,N2C,2,11.9007,0.0,0,20.13,0.0406
1297,S2C,2,10.3625,0.0,0,23.12,0.0628
1297,E2C,1,13.6782,0.0,0,17.52,0.009
1297,W2C,2,12.8109,0.0,0,18.7,0.0275
1298,N2C,2,11.6823,0.0,0,20.51,0.0438
1298,S2C,2,8.5332,0.0,0,28.08,0.0891
1298,E2C,1,13.6371,0.0,0,17.57,0.0096
1298,W2C,2,12.7149,0.0,0,18.84,0.0289
1299,N2C,2,11.3933,0.0,0,21.03,0.048
1299,S2C,2,6.9508,0.0,0,34.47,0.1119
1299,E2C,1,13.5381,0.0,0,17.7,0.0111
1299,W2C,2,12.2573,0.0,0,19.55,0.0355
1300,N2C,2,11.5465,0.0,0,20.75,0.0457
1300,S2C,2,6.4512,0.0,0,37.14,0.1191
1300,E2C,1,13.5047,0.0,0,17.74,0.0115
1300,W2C,1,13.2528,0.0,0,18.08,0.0152
1301,N2C,2,11.7097,0.0,0,20.46,0.0434
1301,S2C,2,6.7047,1.0,1,35.74,0.1221
1301,E2C,1,13.4234,0.0,0,17.85,0.0127
1301,W2C,1,13.1648,0.0,0,18.2,0.0164
1302,N2C,2,11.4797,0.0,0,20.87,0.0467
1302,S2C,2,6.5238,2.0,1,36.73,0.1254
1302,E2C,1,13.0555,0.0,0,18.35,0.018
1302,W2C,1,13.0645,0.0,0,18.34,0.0179
1303,N2C,2,9.2958,0.0,0,25.77,0.0782
1303,S2C,2,6.755,3.0,1,35.47,0.1227
1303,E2C,1,13.2123,0.0,0,18.13,0.0158
1303,W2C,1,13.4763,0.0,0,17.78,0.012
1304,N2C,2,7.2021,0.0,0,33.27,0.1083
1304,S2C,2,6.8505,4.0,1,34.98,0.122
1304,E2C,1,13.4072,0.0,0,17.87,0.013
1304,W2C,1,13.4768,0.0,0,17.78,0.012
1305,N2C,2,6.6031,0.0,0,36.29,0.1169
1305,S2C,2,6.886,5.0,1,34.8,0.1222
1305,E2C,1,13.0831,0.0,0,18.31,0.0176
1305,W2C,1,13.1115,0.0,0,18.27,0.0172
1306,N2C,2,6.35,1.0,1,37.73,0.1272
1306,S2C,2,6.8084,6.0,1,35.19,0.124
1306,E2C,1,13.4929,0.0,0,17.76,0.0117
1306,W2C,1,13.3619,0.0,0,17.93,0.0136
1307,N2C,2,6.6778,2.0,1,35.88,0.1232
1307,S2C,2,6.3359,7.0,1,37.82,0.1314
1307,E2C,1,13.1203,0.0,0,18.26,0.0171
1307,W2C,1,13.5928,0.0,0,17.63,0.0103
1308,N2C,2,6.4444,3.0,1,37.18,0.1272
1308,S2C,2,6.4744,8.0,1,37.01,0.1301
1308,E2C,1,13.4044,0.0,0,17.87,0.013
1308,W2C,1,13.1576,0.0,0,18.21,0.0165
1309,N2C,2,6.373,4.0,1,37.6,0.1289
1309,S2C,2,6.6243,9.0,1,36.17,0.1286
1309,E2C,1,13.4057,0.0,0,17.87,0.013
1309,W2C,1,13.5937,0.0,0,17.63,0.0103
1310,N2C,2,6.7324,5.0,1,35.59,0.1244
1310,S2C,2,6.4592,10.0,1,37.09,0.1317
1310,E2C,1,13.3854,0.0,0,17.9,0.0133
1310,W2C,1,13.5057,0.0,0,17.74,0.0115
1311,N2C,2,6.4577,6.0,1,37.1,0.129
1311,S2C,2,6.441,11.0,1,37.2,0.1326
1311,E2C,1,13.4655,0.0,0,17.79,0.0121
1311,W2C,1,13.6357,0.0,0,17.57,0.0097
1312,N2C,2,6.6841,7.0,1,35.85,0.1264
1312,S2C,2,6.5064,12.0,1,36.83,0.1323
1312,E2C,1,13.195,0.0,0,18.16,0.016
1312,W2C,1,13.0902,0.0,0,18.3,0.0175
1313,N2C,2,6.9214,8.0,1,34.62,0.1237
1313,S2C,2,6.375,13.0,1,37.58,0.1349
1313,E2C,1,13.0388,0.0,0,18.38,0.0183
1313,W2C,1,13.3985,0.0,0,17.88,0.0131
1314,N2C,2,5.9246,9.0,1,40.44,0.1387
1314,S2C,2,5.4396,14.0,1,44.05,0.149
1314,E2C,1,13.6422,0.0,0,17.56,0.0096
1314,W2C,1,13.2754,0.0,0,18.05,0.0148
1315,N2C,3,7.0797,10.0,1,33.84,0.1287
1315,S2C,3,7.2279,15.0,1,33.15,0.1299
1315,E2C,2,13.3505,0.0,0,17.95,0.0198
1315,W2C,2,13.2665,0.0,0,18.06,0.021
1316,N2C,3,6.1316,11.0,1,39.08,0.143
1316,S2C,3,5.5178,16.0,1,43.42,0.1552
1316,E2C,1,13.5918,0.0,0,17.63,0.0103
1316,W2C,1,13.4254,0.0,0,17.85,0.0127
1317,N2C,3,4.6076,12.0,1,52.0,0.1657
1317,S2C,3,4.7872,17.0,1,50.05,0.1664
1317,E2C,1,13.8175,0.0,0,17.34,0.007
1317,W2C,1,13.0057,0.0,0,18.42,0.0187
1318,N2C,3,4.4228,14.0,2,54.17,0.1756
1318,S2C,3,4.5467,19.0,2,52.7,0.1772
1318,E2C,1,13.7488,0.0,0,17.43,0.008
1318,W2C,1,13.5714,0.0,0,17.65,0.0106
1319,N2C,3,4.3962,16.0,2,54.5,0.1774
1319,S2C,3,4.287,21.0,2,55.89,0.1823
1319,E2C,1,13.4486,0.0,0,17.82,0.0124
1319,W2C,1,13.0227,0.0,0,18.4,0.0185
1320,N2C,3,4.3692,18.0,2,54.84,0.1791
1320,S2C,3,4.3238,23.0,2,55.41,0.1831
1320,E2C,1,13.6118,0.0,0,17.6,0.01
1320,W2C,1,13.1252,0.0,0,18.26,0.017
1321,N2C,1,13.2572,0.0,0,18.07,0.0151
1321,S2C,1,13.3889,0.0,0,17.9,0.0132
1321,E2C,1,13.5437,0.0,0,17.69,0.011
1321,W2C,1,13.6148,0.0,0,17.6,0.01
1322,N2C,1,13.5525,0.0,0,17.68,0.0109
1322,S2C,1,13.3678,0.0,0,17.92,0.0135
1322,E2C,1,13.7802,0.0,0,17.39,0.0076
1322,W2C,1,13.1914,0.0,0,18.16,0.0161
1323,N2C,1,13.7254,0.0,0,17.46,0.0084
1323,S2C,1,13.3614,0.0,0,17.93,0.0136
1323,E2C,1,13.2823,0.0,0,18.04,0.0148
1323,W2C,1,13.254,0.0,0,18.08,0.0152
1324,N2C,1,13.7766,0.0,0,17.39,0.0076
1324,S2C,1,13.2878,0.0,0,18.03,0.0147
1324,E2C,1,13.4777,0.0,0,17.78,0.0119
1324,W2C,1,13.5929,0.0,0,17.63,0.0103
1325,N2C,1,13.4532,0.0,0,17.81,0.0123
1325,S2C,1,13.2696,0.0,0,18.06,0.0149
1325,E2C,1,13.6002,0.0,0,17.62,0.0102
1325,W2C,1,13.2525,0.0,0,18.08,0.0152
1326,N2C,1,13.4433,0.0,0,17.82,0.0124
1326,S2C,1,13.4505,0.0,0,17.81,0.0123
1326,E2C,1,13.3481,0.0,0,17.95,0.0138
1326,W2C,1,13.0563,0.0,0,18.35,0.018
1327,N2C,1,13.5051,0.0,0,17.74,0.0115
1327,S2C,1,13.5075,0.0,0,17.74,0.0115
1327,E2C,1,13.4937,0.0,0,17.76,0.0117
1327,W2C,1,13.0071,0.0,0,18.42,0.0187
1328,N2C,1,13.2764,0.0,0,18.05,0.0148
1328,S2C,1,13.4657,0.0,0,17.79,0.0121
1328,E2C,1,13.5094,0.0,0,17.74,0.0115
1328,W2C,1,13.2754,0.0,0,18.05,0.0148
1329,N2C,1,13.5395,0.0,0,17.7,0.011
1329,S2C,1,13.8452,0.0,0,17.31,0.0066
1329,E2C,1,13.8821,0.0,0,17.26,0.0061
1329,W2C,1,13.0199,0.0,0,18.4,0.0185
1330,N2C,1,13.6136,0.0,0,17.6,0.01
1330,S2C,1,13.5905,0.0,0,17.63,0.0103
1330,E2C,1,13.5225,0.0,0,17.72,0.0113
1330,W2C,1,13.4175,0.0,0,17.86,0.0128
1331,N2C,1,13.2882,0.0,0,18.03,0.0147
1331,S2C,1,13.3059,0.0,0,18.01,0.0144
1331,E2C,1,13.8591,0.0,0,17.29,0.0064
1331,W2C,1,13.3991,0.0,0,17.88,0.0131
1332,N2C,1,13.5995,0.0,0,17.62,0.0102
1332,S2C,1,13.4617,0.0,0,17.8,0.0122
1332,E2C,1,12.7232,0.0,0,18.83,0.0228
1332,W2C,1,13.4248,0.0,0,17.85,0.0127
1333,N2C,1,13.89,0.0,0,17.25,0.006
1333,S2C,1,13.7754,0.0,0,17.39,0.0077
1333,E2C,2,10.3546,0.0,0,23.14,0.0629
1333,W2C,2,11.7216,0.0,0,20.44,0.0432
1334,N2C,1,13.6017,0.0,0,17.62,0.0102
1334,S2C,1,13.4226,0.0,0,17.85,0.0127
1334,E2C,2,7.8424,0.0,0,30.55,0.0991
1334,W2C,2,9.6023,0.0,0,24.95,0.0737
1335,N2C,1,13.8467,0.0,0,17.3,0.0066
1335,S2C,1,13.7481,0.0,0,17.43,0.008
1335,E2C,2,6.3382,1.0,1,37.8,0.1274
1335,W2C,2,7.5714,0.0,0,31.65,0.103
1336,N2C,1,13.6019,0.0,0,17.62,0.0101
1336,S2C,1,13.7163,0.0,0,17.47,0.0085
1336,E2C,2,6.4936,2.0,1,36.9,0.1258
1336,W2C,2,6.9118,0.0,0,34.67,0.1125
1337,N2C,1,13.7578,0.0,0,17.42,0.0079
1337,S2C,1,13.1738,0.0,0,18.19,0.0163
1337,E2C,2,6.2776,3.0,1,38.17,0.1296
1337,W2C,2,6.7999,0.0,0,35.24,0.1141
1338,N2C,1,13.836,0.0,0,17.32,0.0068
1338,S2C,1,13.3063,0.0,0,18.01,0.0144
1338,E2C,2,6.6098,4.0,1,36.25,0.1255
1338,W2C,2,6.7966,1.0,1,35.25,0.1208
1339,N2C,1,13.5241,0.0,0,17.72,0.0113
1339,S2C,1,13.5678,0.0,0,17.66,0.0106
1339,E2C,2,6.6588,5.0,1,35.98,0.1255
1339,W2C,2,6.8089,2.0,1,35.19,0.1213
1340,N2C,1,13.3536,0.0,0,17.94,0.0137
1340,S2C,1,13.5467,0.0,0,17.69,0.0109
1340,E2C,2,6.4004,6.0,1,37.44,0.1298
1340,W2C,2,6.7,3.0,1,35.76,0.1235
1341,N2C,1,13.7739,0.0,0,17.4,0.0077
1341,S2C,1,13.429,0.0,0,17.84,0.0126
1341,E2C,2,6.8127,7.0,1,35.17,0.1246
1341,W2C,2,6.408,4.0,1,37.39,0.1284
1342,N2C,1,13.4893,0.0,0,17.76,0.0118
1342,S2C,1,13.4382,0.0,0,17.83,0.0125
1342,E2C,2,6.3427,8.0,1,37.78,0.132
1342,W2C,2,6.4449,5.0,1,37.18,0.1285
1343,N2C,1,13.28,0.0,0,18.04,0.0148
1343,S2C,1,13.2289,0.0,0,18.11,0.0155
1343,E2C,2,6.3244,9.0,1,37.89,0.1329
1343,W2C,2,6.5357,6.0,1,36.66,0.1279
1344,N2C,1,13.8334,0.0,0,17.32,0.0068
1344,S2C,1,13.4196,0.0,0,17.85,0.0128
1344,E2C,2,6.4555,10.0,1,37.12,0.1317
1344,W2C,2,6.9329,7.0,1,34.56,0.1228
1345,N2C,1,13.4154,0.0,0,17.86,0.0128
1345,S2C,1,13.3857,0.0,0,17.9,0.0133
1345,E2C,2,6.5863,11.0,1,36.38,0.1305
1345,W2C,2,6.5392,8.0,1,36.64,0.1292
1346,N2C,1,13.7994,0.0,0,17.36,0.0073
1346,S2C,1,13.1459,0.0,0,18.23,0.0167
1346,E2C,2,6.5763,12.0,1,36.43,0.1313
1346,W2C,2,6.693,9.0,1,35.8,0.1276
1347,N2C,1,13.2936,0.0,0,18.02,0.0146
1347,S2C,1,13.4199,0.0,0,17.85,0.0128
1347,E2C,2,6.5126,13.0,1,36.79,0.1329
1347,W2C,2,6.5233,10.0,1,36.73,0.1307
1348,N2C,1,13.5116,0.0,0,17.73,0.0114
1348,S2C,1,13.1344,0.0,0,18.24,0.0169
1348,E2C,2,6.3897,14.0,1,37.5,0.1353
1348,W2C,2,6.4295,11.0,1,37.27,0.1328
1349,N2C,1,13.4535,0.0,0,17.81,0.0123
1349,S2C,1,13.4069,0.0,0,17.87,0.013
1349,E2C,2,6.6108,15.0,1,36.24,0.1328
1349,W2C,2,6.3213,12.0,1,37.9,0.135
1350,N2C,1,13.7592,0.0,0,17.41,0.0079
1350,S2C,1,13.1275,0.0,0,18.25,0.017
1350,E2C,2,6.1417,16.0,1,39.01,0.1402
1350,W2C,2,5.9925,13.0,1,39.98,0.1404
1351,N2C,1,13.89,0.0,0,17.25,0.006
1351,S2C,2,10.7144,0.0,0,22.36,0.0577
1351,E2C,3,7.4793,17.0,1,32.04,0.1276
1351,W2C,3,7.125,14.0,1,33.63,0.1307
1352,N2C,1,13.3698,0.0,0,17.92,0.0135
1352,S2C,2,8.556,0.0,0,28.0,0.0888
1352,E2C,3,5.5909,18.0,1,42.86,0.1555
1352,W2C,3,5.4374,15.0,1,44.07,0.1557
1353,N2C,1,13.8728,0.0,0,17.27,0.0062
1353,S2C,2,6.5785,0.0,0,36.42,0.1173
1353,E2C,3,4.3598,19.0,1,54.96,0.1739
1353,W2C,3,4.2641,17.0,2,56.19,0.1799
1354,N2C,1,13.8253,0.0,0,17.33,0.0069
1354,S2C,2,6.4964,0.0,0,36.88,0.1185
1354,E2C,1,13.4911,0.0,0,17.76,0.0117
1354,W2C,1,13.5513,0.0,0,17.68,0.0109
1355,N2C,1,13.4393,0.0,0,17.83,0.0125
1355,S2C,2,6.5723,0.0,0,36.46,0.1174
1355,E2C,1,13.5483,0.0,0,17.68,0.0109
1355,W2C,1,13.3793,0.0,0,17.91,0.0134
1356,N2C,1,13.8187,0.0,0,17.34,0.007
1356,S2C,2,5.9343,0.0,0,40.38,0.1266
1356,E2C,1,13.7363,0.0,0,17.44,0.0082
1356,W2C,1,13.2458,0.0,0,18.09,0.0153
1357,N2C,1,13.4713,0.0,0,17.79,0.012
1357,S2C,2,6.4554,1.0,1,37.12,0.1257
1357,E2C,1,13.6026,0.0,0,17.61,0.0101
1357,W2C,1,13.6151,0.0,0,17.6,0.01
1358,N2C,1,13.3086,0.0,0,18.0,0.0144
1358,S2C,2,5.9613,2.0,1,40.19,0.1335
1358,E2C,1,13.5457,0.0,0,17.69,0.011
1358,W2C,1,13.7045,0.0,0,17.48,0.0087
1359,N2C,1,13.6008,0.0,0,17.62,0.0102
1359,S2C,2,5.8656,3.0,1,40.85,0.1355
1359,E2C,1,13.3847,0.0,0,17.9,0.0133
1359,W2C,1,13.5685,0.0,0,17.66,0.0106
1360,N2C,1,13.4769,0.0,0,17.78,0.0119
1360,S2C,2,6.3889,4.0,1,37.5,0.1287
1360,E2C,1,13.3065,0.0,0,18.01,0.0144
1360,W2C,1,13.7523,0.0,0,17.42,0.008
1361,N2C,1,13.464,0.0,0,17.8,0.0121
1361,S2C,2,6.0337,5.0,1,39.71,0.1345
1361,E2C,1,13.5602,0.0,0,17.67,0.0107
1361,W2C,1,13.6176,0.0,0,17.59,0.0099
1362,N2C,1,13.8656,0.0,0,17.28,0.0064
1362,S2C,2,5.9034,6.0,1,40.59,0.137
1362,E2C,1,13.6696,0.0,0,17.53,0.0092
1362,W2C,1,13.863,0.0,0,17.28,0.0064
1363,N2C,1,13.2882,0.0,0,18.03,0.0147
1363,S2C,2,6.4241,7.0,1,37.3,0.1302
1363,E2C,1,13.4477,0.0,0,17.82,0.0124
1363,W2C,1,13.5972,0.0,0,17.62,0.0102
1364,N2C,1,13.8525,0.0,0,17.3,0.0065
1364,S2C,2,6.0193,8.0,1,39.81,0.1367
1364,E2C,1,13.7348,0.0,0,17.44,0.0082
1364,W2C,1,13.2441,0.0,0,18.09,0.0153
1365,N2C,1,13.7547,0.0,0,17.42,0.0079
1365,S2C,2,6.3757,9.0,1,37.58,0.1322
1365,E2C,1,13.1755,0.0,0,18.19,0.0163
1365,W2C,1,13.4921,0.0,0,17.76,0.0117
1366,N2C,1,13.408,0.0,0,17.87,0.0129
1366,S2C,2,6.4441,10.0,1,37.18,0.1319
1366,E2C,1,13.5477,0.0,0,17.69,0.0109
1366,W2C,1,13.5591,0.0,0,17.67,0.0108
1367,N2C,1,13.6399,0.0,0,17.57,0.0096
1367,S2C,2,6.1015,11.0,1,39.27,0.1375
1367,E2C,1,13.6094,0.0,0,17.61,0.01
1367,W2C,1,13.7017,0.0,0,17.49,0.0087
1368,N2C,1,12.5532,0.0,0,19.09,0.0252
1368,S2C,2,5.9539,12.0,1,40.24,0.1403
1368,E2C,1,13.6978,0.0,0,17.49,0.0088
1368,W2C,1,13.82,0.0,0,17.34,0.007
1369,N2C,2,10.1741,0.0,0,23.55,0.0655
1369,S2C,3,8.3143,13.0,1,28.82,0.113
1369,E2C,1,13.89,0.0,0,17.25,0.006
1369,W2C,1,13.8004,0.0,0,17.36,0.0073
1370,N2C,2,8.1252,0.0,0,29.49,0.095
1370,S2C,3,6.9021,14.0,1,34.71,0.134
1370,E2C,1,13.669,0.0,0,17.53,0.0092
1370,W2C,1,13.6514,0.0,0,17.55,0.0094
1371,N2C,2,6.8492,0.0,0,34.98,0.1134
1371,S2C,3,5.3828,15.0,1,44.51,0.1565
1371,E2C,1,13.8017,0.0,0,17.36,0.0073
1371,W2C,1,13.5902,0.0,0,17.63,0.0103
1372,N2C,2,6.5808,1.0,1,36.41,0.1239
1372,S2C,3,4.4535,16.0,1,53.8,0.1705
1372,E2C,1,13.5823,0.0,0,17.64,0.0104
1372,W2C,1,13.5806,0.0,0,17.64,0.0105
1373,N2C,2,6.2154,2.0,1,38.55,0.1298
1373,S2C,3,4.3715,17.0,1,54.81,0.1724
1373,E2C,1,13.8687,0.0,0,17.28,0.0063
1373,W2C,1,13.6958,0.0,0,17.49,0.0088
1374,N2C,2,6.8124,3.0,1,35.17,0.1219
1374,S2C,3,4.4695,18.0,1,53.61,0.1716
1374,E2C,1,13.2502,0.0,0,18.08,0.0152
1374,W2C,1,13.7948,0.0,0,17.37,0.0074
1375,N2C,2,6.2358,4.0,1,38.42,0.1309
1375,S2C,3,4.0909,20.0,2,58.57,0.1844
1375,E2C,1,13.591,0.0,0,17.63,0.0103
1375,W2C,1,13.738,0.0,0,17.44,0.0082
1376,N2C,2,6.3304,5.0,1,37.85,0.1302
1376,S2C,3,4.1901,22.0,2,57.18,0.1843
1376,E2C,1,13.8531,0.0,0,17.3,0.0065
1376,W2C,1,13.4674,0.0,0,17.79,0.0121
1377,N2C,2,6.6259,6.0,1,36.16,0.1266
1377,S2C,3,4.1256,24.0,2,58.08,0.1866
1377,E2C,1,13.3375,0.0,0,17.96,0.014
1377,W2C,1,13.6272,0.0,0,17.58,0.0098
1378,N2C,2,6.5797,7.0,1,36.41,0.1279
1378,S2C,3,4.005,26.0,2,59.83,0.1897
1378,E2C,1,13.3538,0.0,0,17.94,0.0137
1378,W2C,1,13.5955,0.0,0,17.62,0.0102
1379,N2C,2,6.3469,8.0,1,37.75,0.1319
1379,S2C,3,4.0073,28.0,2,59.79,0.191
1379,E2C,1,13.6733,0.0,0,17.52,0.0091
1379,W2C,1,13.478,0.0,0,17.78,0.0119
1380,N2C,2,6.4324,9.0,1,37.25,0.1314
1380,S2C,3,4.1768,30.0,2,57.36,0.1899
1380,E2C,1,13.7261,0.0,0,17.46,0.0084
1380,W2C,1,13.4918,0.0,0,17.76,0.0117
1381,N2C,2,6.3018,10.0,1,38.02,0.1339
1381,S2C,3,4.0138,32.0,2,59.69,0.1935
1381,E2C,1,13.4639,0.0,0,17.8,0.0121
1381,W2C,1,13.1617,0.0,0,18.2,0.0165
1382,N2C,2,6.7685,11.0,1,35.4,0.1279
1382,S2C,3,4.2508,34.0,2,56.37,0.1915
1382,E2C,1,13.8315,0.0,0,17.32,0.0068
1382,W2C,1,13.2935,0.0,0,18.02,0.0146
1383,N2C,2,6.6019,12.0,1,36.29,0.1309
1383,S2C,3,4.0086,36.0,2,59.77,0.1963
1383,E2C,1,13.4609,0.0,0,17.8,0.0122
1383,W2C,1,13.3848,0.0,0,17.9,0.0133
1384,N2C,2,6.4824,13.0,1,36.96,0.1333
1384,S2C,3,4.2874,38.0,2,55.88,0.1936
1384,E2C,1,13.8802,0.0,0,17.26,0.0061
1384,W2C,1,13.2262,0.0,0,18.12,0.0156
1385,N2C,2,6.26,14.0,1,38.27,0.1372
1385,S2C,3,4.0764,40.0,2,58.78,0.198
1385,E2C,1,13.7906,0.0,0,17.37,0.0074
1385,W2C,1,13.5911,0.0,0,17.63,0.0103
1386,N2C,2,6.215,15.0,1,38.55,0.1385
1386,S2C,3,4.0639,42.0,2,58.96,0.1995
1386,E2C,1,11.9916,0.0,0,19.98,0.0333
1386,W2C,1,12.4956,0.0,0,19.17,0.0261
1387,N2C,2,13.5705,0.0,0,17.66,0.0166
1387,S2C,2,11.4336,0.0,0,20.96,0.0474
1387,E2C,2,9.6415,0.0,0,24.85,0.0732
1387,W2C,2,10.9189,0.0,0,21.94,0.0548
1388,N2C,1,13.5314,0.0,0,17.71,0.0112
1388,S2C,2,9.8528,0.0,0,24.32,0.0701
1388,E2C,2,7.5694,0.0,0,31.65,0.103
1388,W2C,2,8.7523,0.0,0,27.38,0.086
1389,N2C,1,13.474,0.0,0,17.78,0.012
1389,S2C,2,9.1871,0.0,0,26.08,0.0797
1389,E2C,2,6.2475,0.0,0,38.35,0.122
1389,W2C,2,7.0099,0.0,0,34.18,0.1111
1390,N2C,1,13.6001,0.0,0,17.62,0.0102
1390,S2C,1,13.7543,0.0,0,17.42,0.008
1390,E2C,2,6.1719,1.0,1,38.82,0.1298
1390,W2C,2,6.6951,1.0,1,35.79,0.1223
1391,N2C,1,13.4893,0.0,0,17.76,0.0118
1391,S2C,1,13.5603,0.0,0,17.67,0.0107
1391,E2C,2,6.1644,2.0,1,38.87,0.1306
1391,W2C,2,6.3493,2.0,1,37.74,0.1279
1392,N2C,1,13.6766,0.0,0,17.52,0.0091
1392,S2C,1,13.6504,0.0,0,17.55,0.0095
1392,E2C,2,6.2663,3.0,1,38.24,0.1298
1392,W2C,2,6.8586,3.0,1,34.93,0.1212
1393,N2C,1,13.3455,0.0,0,17.95,0.0138
1393,S2C,1,13.6562,0.0,0,17.55,0.0094
1393,E2C,2,6.101,4.0,1,39.27,0.1328
1393,W2C,2,6.9297,4.0,1,34.58,0.1209
1394,N2C,1,13.478,0.0,0,17.78,0.0119
1394,S2C,1,13.6162,0.0,0,17.6,0.0099
1394,E2C,2,6.2726,5.0,1,38.2,0.131
1394,W2C,2,6.7266,5.0,1,35.62,0.1245
1395,N2C,1,13.6898,0.0,0,17.5,0.0089
1395,S2C,1,13.7501,0.0,0,17.43,0.008
1395,E2C,2,5.8712,6.0,1,40.81,0.1375
1395,W2C,2,6.8209,6.0,1,35.13,0.1238
1396,N2C,1,13.4643,0.0,0,17.8,0.0121
1396,S2C,1,13.2741,0.0,0,18.05,0.0149
1396,E2C,2,5.734,7.0,1,41.79,0.1401
1396,W2C,2,6.6809,7.0,1,35.86,0.1265
1397,N2C,1,13.3169,0.0,0,17.99,0.0143
1397,S2C,1,13.7894,0.0,0,17.38,0.0074
1397,E2C,2,6.0098,8.0,1,39.87,0.1368
1397,W2C,2,6.4577,8.0,1,37.1,0.1303
1398,N2C,1,13.5779,0.0,0,17.65,0.0105
1398,S2C,1,13.5723,0.0,0,17.65,0.0106
1398,E2C,2,6.123,9.0,1,39.13,0.1358
1398,W2C,2,6.5135,9.0,1,36.79,0.1302
1399,N2C,1,13.799,0.0,0,17.36,0.0073
1399,S2C,1,13.6065,0.0,0,17.61,0.0101
1399,E2C,2,6.1953,10.0,1,38.67,0.1355
1399,W2C,2,6.8373,10.0,1,35.04,0.1262
1400,N2C,1,13.6524,0.0,0,17.55,0.0094
1400,S2C,1,13.4515,0.0,0,17.81,0.0123
1400,E2C,2,5.7909,11.0,1,41.38,0.142
1400,W2C,2,6.304,11.0,1,38.01,0.1346
1401,N2C,1,13.6693,0.0,0,17.53,0.0092
1401,S2C,1,13.2681,0.0,0,18.06,0.015
1401,E2C,2,6.0627,12.0,1,39.52,0.1387
1401,W2C,2,6.5061,12.0,1,36.83,0.1323
1402,N2C,1,13.3781,0.0,0,17.91,0.0134
1402,S2C,1,13.3719,0.0,0,17.92,0.0135
1402,E2C,2,6.0768,13.0,1,39.43,0.1392
1402,W2C,2,6.3365,13.0,1,37.81,0.1354
1403,N2C,1,13.8155,0.0,0,17.34,0.0071
1403,S2C,1,13.7188,0.0,0,17.47,0.0085
1403,E2C,2,6.1443,14.0,1,39.0,0.1389
1403,W2C,2,6.3049,14.0,1,38.0,0.1365
1404,N2C,1,13.244,0.0,0,18.09,0.0153
1404,S2C,1,13.2816,0.0,0,18.04,0.0148
1404,E2C,2,5.6546,15.0,1,42.37,0.1466
1404,W2C,2,5.9598,15.0,1,40.2,0.1422
1405,N2C,1,13.89,0.0,0,17.25,0.006
1405,S2C,1,13.89,0.0,0,17.25,0.006
1405,E2C,3,8.7252,16.0,1,27.46,0.109
1405,W2C,3,7.1032,16.0,1,33.73,0.1324
1406,N2C,1,13.7062,0.0,0,17.48,0.0086
1406,S2C,1,13.289,0.0,0,18.03,0.0147
1406,E2C,3,7.3954,17.0,1,32.4,0.1288
1406,W2C,3,5.2367,17.0,1,45.75,0.1599
1407,N2C,1,13.2863,0.0,0,18.03,0.0147
1407,S2C,1,13.5443,0.0,0,17.69,0.011
1407,E2C,3,6.1014,18.0,1,39.27,0.1481
1407,W2C,3,4.5462,19.0,2,52.7,0.1772
1408,N2C,1,13.4625,0.0,0,17.8,0.0122
1408,S2C,1,13.5979,0.0,0,17.62,0.0102
1408,E2C,3,4.9582,19.0,1,48.32,0.1653
1408,W2C,3,4.5777,21.0,2,52.34,0.1781
1409,N2C,1,13.8247,0.0,0,17.33,0.0069
1409,S2C,1,13.7943,0.0,0,17.37,0.0074
1409,E2C,3,4.5908,21.0,2,52.19,0.1779
1409,W2C,3,4.4091,23.0,2,54.34,0.1818
1410,N2C,1,13.6638,0.0,0,17.54,0.0093
1410,S2C,1,13.492,0.0,0,17.76,0.0117
1410,E2C,3,4.6237,23.0,2,51.82,0.1788
1410,W2C,3,4.3791,25.0,2,54.71,0.1836
1411,N2C,1,13.4224,0.0,0,17.85,0.0127
1411,S2C,1,13.7928,0.0,0,17.37,0.0074
1411,E2C,3,4.6059,25.0,2,52.02,0.1803
1411,W2C,3,4.609,27.0,2,51.99,0.1816
1412,N2C,1,13.352,0.0,0,17.94,0.0137
1412,S2C,1,13.4952,0.0,0,17.75,0.0117
1412,E2C,3,4.4925,27.0,2,53.33,0.1833
1412,W2C,3,4.6043,29.0,2,52.04,0.183
1413,N2C,1,13.4617,0.0,0,17.8,0.0122
1413,S2C,1,13.4247,0.0,0,17.85,0.0127
1413,E2C,3,4.5452,29.0,2,52.71,0.1839
1413,W2C,3,4.4158,31.0,2,54.26,0.1871
1414,N2C,1,13.8566,0.0,0,17.29,0.0065
1414,S2C,1,13.7553,0.0,0,17.42,0.0079
1414,E2C,3,4.3122,31.0,2,55.56,0.1886
1414,W2C,3,4.4388,33.0,2,53.98,0.1881
1415,N2C,1,13.2742,0.0,0,18.05,0.0149
1415,S2C,1,13.4118,0.0,0,17.86,0.0129
1415,E2C,3,4.3259,33.0,2,55.39,0.1897
1415,W2C,3,4.563,35.0,2,52.51,0.1876
1416,N2C,1,13.489,0.0,0,17.76,0.0118
1416,S2C,1,13.4423,0.0,0,17.82,0.0124
1416,E2C,3,4.2553,35.0,2,56.31,0.1921
1416,W2C,3,4.4984,37.0,2,53.26,0.1899
1417,N2C,1,13.5192,0.0,0,17.72,0.0113
1417,S2C,1,13.6525,0.0,0,17.55,0.0094
1417,E2C,3,4.3943,37.0,2,54.53,0.1914
1417,W2C,3,4.3747,39.0,2,54.77,0.193
1418,N2C,1,13.3085,0.0,0,18.0,0.0144
1418,S2C,1,13.8647,0.0,0,17.28,0.0064
1418,E2C,3,4.4452,39.0,2,53.9,0.192
1418,W2C,3,4.2259,41.0,2,56.7,0.1965
1419,N2C,1,13.7697,0.0,0,17.4,0.0077
1419,S2C,1,13.6669,0.0,0,17.53,0.0092
1419,E2C,3,4.6049,41.0,2,52.03,0.191
1419,W2C,3,4.2827,43.0,2,55.95,0.197
1420,N2C,1,13.3351,0.0,0,17.97,0.014
1420,S2C,1,13.674,0.0,0,17.52,0.0091
1420,E2C,1,13.308,0.0,0,18.0,0.0144
1420,W2C,1,13.5206,0.0,0,17.72,0.0113
1421,N2C,1,13.3738,0.0,0,17.92,0.0134
1421,S2C,1,13.3317,0.0,0,17.97,0.014
1421,E2C,1,13.6871,0.0,0,17.51,0.0089
1421,W2C,1,13.7234,0.0,0,17.46,0.0084
1422,N2C,1,12.6063,0.0,0,19.01,0.0245
1422,S2C,1,12.8042,0.0,0,18.71,0.0216
1422,E2C,1,12.3386,0.0,0,19.42,0.0283
1422,W2C,1,12.4203,0.0,0,19.29,0.0272
1423,N2C,2,10.9176,0.0,0,21.95,0.0548
1423,S2C,2,10.3819,0.0,0,23.08,0.0625
1423,E2C,2,11.252,0.0,0,21.29,0.05
1423,W2C,2,11.568,0.0,0,20.71,0.0454
1424,N2C,2,8.5961,0.0,0,27.87,0.0882
1424,S2C,2,7.5272,0.0,0,31.83,0.1036
1424,E2C,1,13.3107,0.0,0,18.0,0.0143
1424,W2C,1,13.3413,0.0,0,17.96,0.0139
1425,N2C,2,7.235,0.0,0,33.12,0.1078
1425,S2C,2,6.6456,0.0,0,36.05,0.1163
1425,E2C,1,13.2638,0.0,0,18.06,0.015
1425,W2C,1,13.6308,0.0,0,17.58,0.0097
1426,N2C,2,6.6491,0.0,0,36.03,0.1163
1426,S2C,2,6.7204,1.0,1,35.65,0.1219
1426,E2C,1,13.4147,0.0,0,17.86,0.0128
1426,W2C,1,13.5664,0.0,0,17.66,0.0107
1427,N2C,2,6.7581,1.0,1,35.45,0.1214
1427,S2C,2,6.2955,2.0,1,38.06,0.1287
1427,E2C,1,13.3654,0.0,0,17.93,0.0136
1427,W2C,1,13.3558,0.0,0,17.94,0.0137
1428,N2C,2,6.4456,2.0,1,37.17,0.1265
1428,S2C,2,6.6032,3.0,1,36.29,0.1249
1428,E2C,1,13.7344,0.0,0,17.45,0.0082
1428,W2C,1,13.3209,0.0,0,17.99,0.0142
1429,N2C,2,6.8491,3.0,1,34.98,0.1214
1429,S2C,2,6.256,4.0,1,38.3,0.1306
1429,E2C,1,13.5762,0.0,0,17.65,0.0105
1429,W2C,1,13.8223,0.0,0,17.33,0.007
1430,N2C,2,6.6553,4.0,1,36.0,0.1248
1430,S2C,2,6.3798,5.0,1,37.56,0.1295
1430,E2C,1,13.8119,0.0,0,17.35,0.0071
1430,W2C,1,13.7704,0.0,0,17.4,0.0077
1431,N2C,2,6.3633,5.0,1,37.65,0.1297
1431,S2C,2,6.498,6.0,1,36.87,0.1284
1431,E2C,1,13.7028,0.0,0,17.49,0.0087
1431,W2C,1,13.516,0.0,0,17.73,0.0114
1432,N2C,2,6.8405,6.0,1,35.03,0.1235
1432,S2C,2,6.1606,7.0,1,38.89,0.134
1432,E2C,1,13.8711,0.0,0,17.27,0.0063
1432,W2C,1,13.5792,0.0,0,17.64,0.0105
1433,N2C,2,6.5136,7.0,1,36.78,0.1289
1433,S2C,2,6.3338,8.0,1,37.83,0.1321
1433,E2C,1,13.4995,0.0,0,17.75,0.0116
1433,W2C,1,13.6723,0.0,0,17.52,0.0091
1434,N2C,2,6.7466,8.0,1,35.51,0.1262
1434,S2C,2,6.3596,9.0,1,37.68,0.1324
1434,E2C,1,13.2974,0.0,0,18.02,0.0145
1434,W2C,1,13.2535,0.0,0,18.08,0.0152
1435,N2C,2,6.6961,9.0,1,35.78,0.1276
1435,S2C,2,6.4018,10.0,1,37.43,0.1325
1435,E2C,1,13.3725,0.0,0,17.92,0.0135
1435,W2C,1,13.2467,0.0,0,18.09,0.0153
1436,N2C,2,6.7244,10.0,1,35.63,0.1278
1436,S2C,2,6.5974,11.0,1,36.32,0.1303
1436,E2C,1,13.6104,0.0,0,17.6,0.01
1436,W2C,1,13.2414,0.0,0,18.09,0.0153
1437,N2C,2,6.7957,11.0,1,35.26,0.1275
1437,S2C,2,6.4169,12.0,1,37.34,0.1336
1437,E2C,1,13.7476,0.0,0,17.43,0.0081
1437,W2C,1,13.6065,0.0,0,17.61,0.0101
1438,N2C,2,6.3036,12.0,1,38.01,0.1352
1438,S2C,2,6.619,13.0,1,36.2,0.1314
1438,E2C,1,13.8134,0.0,0,17.35,0.0071
1438,W2C,1,13.8426,0.0,0,17.31,0.0067
1439,N2C,2,6.7096,13.0,1,35.71,0.1301
1439,S2C,2,6.3139,14.0,1,37.95,0.1364
1439,E2C,1,13.2636,0.0,0,18.06,0.015
1439,W2C,1,13.7338,0.0,0,17.45,0.0082
1440,N2C,2,5.2195,14.0,1,45.9,0.1522
1440,S2C,2,6.7698,15.0,1,35.39,0.1305
1440,E2C,1,13.3734,0.0,0,17.92,0.0134
1440,W2C,1,13.787,0.0,0,17.38,0.0075
1441,N2C,3,7.122,15.0,1,33.64,0.1315
1441,S2C,3,7.0589,16.0,1,33.94,0.133
1441,E2C,1,12.9642,0.0,0,18.48,0.0193
1441,W2C,1,12.6718,0.0,0,18.91,0.0235
1442,N2C,3,5.5479,16.0,1,43.19,0.1548
1442,S2C,3,5.6113,17.0,1,42.7,0.1545
1442,E2C,1,12.6001,0.0,0,19.02,0.0246
1442,W2C,1,12.2497,0.0,0,19.56,0.0296
1443,N2C,3,4.6426,18.0,2,51.61,0.1752
1443,S2C,3,4.1353,18.0,1,57.94,0.1765
1443,E2C,1,12.6405,0.0,0,18.95,0.024
1443,W2C,1,12.0329,0.0,0,19.91,0.0327
1444,N2C,3,4.2869,20.0,2,55.89,0.1816
1444,S2C,3,4.1696,19.0,1,57.46,0.1766
1444,E2C,1,12.3189,0.0,0,19.45,0.0286
1444,W2C,1,12.0802,0.0,0,19.83,0.0321
1445,N2C,3,4.2597,22.0,2,56.25,0.1833
1445,S2C,3,3.7581,21.0,2,63.76,0.1899
1445,E2C,1,12.6925,0.0,0,18.88,0.0232
1445,W2C,1,12.1086,0.0,0,19.79,0.0317
1446,N2C,3,4.3074,24.0,2,55.62,0.184
1446,S2C,3,3.9104,23.0,2,61.27,0.189
1446,E2C,1,12.9071,0.0,0,18.56,0.0202
1446,W2C,1,12.4174,0.0,0,19.3,0.0272
1447,N2C,3,4.514,26.0,2,53.08,0.1823
1447,S2C,3,3.8204,25.0,2,62.72,0.1917
1447,E2C,1,12.7165,0.0,0,18.84,0.0229
1447,W2C,1,12.0876,0.0,0,19.82,0.032
1448,N2C,3,4.4073,28.0,2,54.36,0.1852
1448,S2C,3,3.8982,27.0,2,61.46,0.1919
1448,E2C,1,12.5237,0.0,0,19.13,0.0257
1448,W2C,1,12.6319,0.0,0,18.97,0.0241
1449,N2C,3,4.3947,30.0,2,54.52,0.1867
1449,S2C,3,3.9032,29.0,2,61.39,0.1931
1449,E2C,1,12.3721,0.0,0,19.37,0.0279
1449,W2C,1,12.4376,0.0,0,19.26,0.0269
1450,N2C,3,4.4512,32.0,2,53.83,0.1872
1450,S2C,3,3.8131,31.0,2,62.84,0.1958
1450,E2C,1,12.4272,0.0,0,19.28,0.0271
1450,W2C,1,12.2923,0.0,0,19.49,0.029
1451,N2C,3,4.1991,34.0,2,57.06,0.1922
1451,S2C,3,3.9199,33.0,2,61.12,0.1956
1451,E2C,1,12.775,0.0,0,18.76,0.0221
1451,W2C,1,12.2014,0.0,0,19.64,0.0303
1452,N2C,3,4.5077,36.0,2,53.15,0.1891
1452,S2C,3,3.8835,35.0,2,61.7,0.1974
1452,E2C,1,12.614,0.0,0,18.99,0.0244
1452,W2C,1,12.5282,0.0,0,19.12,0.0256
1453,N2C,1,13.3724,0.0,0,17.92,0.0135
1453,S2C,1,12.6705,0.0,0,18.91,0.0236
1453,E2C,1,12.5334,0.0,0,19.12,0.0255
1453,W2C,1,12.3327,0.0,0,19.43,0.0284
1454,N2C,1,13.5786,0.0,0,17.65,0.0105
1454,S2C,1,12.4611,0.0,0,19.23,0.0266
1454,E2C,1,12.7688,0.0,0,18.76,0.0221
1454,W2C,1,12.6446,0.0,0,18.95,0.0239
1455,N2C,1,13.4829,0.0,0,17.77,0.0119
1455,S2C,1,12.4386,0.0,0,19.26,0.0269
1455,E2C,1,12.5197,0.0,0,19.14,0.0257
1455,W2C,1,12.1145,0.0,0,19.78,0.0316
1456,N2C,1,13.774,0.0,0,17.4,0.0077
1456,S2C,1,12.6008,0.0,0,19.01,0.0246
1456,E2C,1,12.3957,0.0,0,19.33,0.0275
1456,W2C,1,12.6646,0.0,0,18.92,0.0236
1457,N2C,1,13.4659,0.0,0,17.79,0.0121
1457,S2C,1,12.7609,0.0,0,18.78,0.0223
1457,E2C,1,12.8216,0.0,0,18.69,0.0214
1457,W2C,1,12.2802,0.0,0,19.51,0.0292
1458,N2C,1,13.55,0.0,0,17.68,0.0109
1458,S2C,1,12.8117,0.0,0,18.7,0.0215
1458,E2C,1,12.4079,0.0,0,19.31,0.0273
1458,W2C,1,12.1778,0.0,0,19.68,0.0307
1459,N2C,1,13.4532,0.0,0,17.81,0.0123
1459,S2C,2,12.7878,0.0,0,18.74,0.0279
1459,E2C,2,11.974,0.0,0,20.01,0.0396
1459,W2C,2,11.7367,0.0,0,20.41,0.043
1460,N2C,1,13.0902,0.0,0,18.3,0.0175
1460,S2C,2,12.6344,0.0,0,18.96,0.0301
1460,E2C,2,12.1945,0.0,0,19.65,0.0364
1460,W2C,2,12.1207,0.0,0,19.77,0.0375
1461,N2C,1,12.8365,0.0,0,18.67,0.0212
1461,S2C,2,12.6211,0.0,0,18.98,0.0303
1461,E2C,2,11.5548,0.0,0,20.74,0.0456
1461,W2C,2,11.7986,0.0,0,20.31,0.0421
1462,N2C,1,13.2976,0.0,0,18.02,0.0145
1462,S2C,1,13.7774,0.0,0,17.39,0.0076
1462,E2C,2,9.1441,0.0,0,26.2,0.0803
1462,W2C,2,11.3059,0.0,0,21.19,0.0492
1463,N2C,1,13.248,0.0,0,18.09,0.0152
1463,S2C,1,13.6039,0.0,0,17.61,0.0101
1463,E2C,2,7.1455,0.0,0,33.53,0.1091
1463,W2C,2,9.4297,0.0,0,25.41,0.0762
1464,N2C,1,12.9184,0.0,0,18.55,0.02
1464,S2C,1,13.5387,0.0,0,17.7,0.0111
1464,E2C,2,6.3401,0.0,0,37.79,0.1207
1464,W2C,2,7.5404,0.0,0,31.78,0.1034
1465,N2C,1,13.3414,0.0,0,17.96,0.0139
1465,S2C,1,13.7994,0.0,0,17.36,0.0073
1465,E2C,2,6.091,0.0,0,39.34,0.1243
1465,W2C,2,6.7887,0.0,0,35.29,0.1143
1466,N2C,1,12.8244,0.0,0,18.68,0.0213
1466,S2C,1,13.2625,0.0,0,18.07,0.015
1466,E2C,2,5.9764,1.0,1,40.09,0.1326
1466,W2C,2,6.0538,1.0,1,39.58,0.1315
1467,N2C,1,13.2807,0.0,0,18.04,0.0148
1467,S2C,1,13.8104,0.0,0,17.35,0.0071
1467,E2C,2,6.2523,2.0,1,38.32,0.1293
1467,W2C,2,6.3739,2.0,1,37.59,0.1276
1468,N2C,1,13.0491,0.0,0,18.36,0.0181
1468,S2C,1,13.7671,0.0,0,17.4,0.0078
1468,E2C,2,5.927,3.0,1,40.43,0.1347
1468,W2C,2,6.3017,3.0,1,38.02,0.1293
1469,N2C,1,13.2258,0.0,0,18.12,0.0156
1469,S2C,1,13.8102,0.0,0,17.35,0.0071
1469,E2C,2,5.9295,4.0,1,40.41,0.1353
1469,W2C,2,6.316,4.0,1,37.94,0.1297
1470,N2C,1,13.3103,0.0,0,18.0,0.0143
1470,S2C,1,13.4987,0.0,0,17.75,0.0116
1470,E2C,2,6.0312,5.0,1,39.73,0.1345
1470,W2C,2,6.4515,5.0,1,37.14,0.1284
1471,N2C,1,12.9858,0.0,0,18.45,0.019
1471,S2C,1,13.4079,0.0,0,17.87,0.0129
1471,E2C,2,5.9823,6.0,1,40.05,0.1359
1471,W2C,2,5.9601,6.0,1,40.2,0.1362
1472,N2C,1,12.8942,0.0,0,18.58,0.0203
1472,S2C,1,13.7079,0.0,0,17.48,0.0086
1472,E2C,2,6.1651,7.0,1,38.86,0.1339
1472,W2C,2,5.9961,7.0,1,39.96,0.1363
1473,N2C,1,12.852,0.0,0,18.64,0.0209
1473,S2C,1,13.3723,0.0,0,17.92,0.0135
1473,E2C,2,6.1181,8.0,1,39.16,0.1352
1473,W2C,2,6.2682,8.0,1,38.22,0.1331
1474,N2C,1,13.0828,0.0,0,18.31,0.0176
1474,S2C,1,13.8319,0.0,0,17.32,0.0068
1474,E2C,2,5.9926,9.0,1,39.98,0.1377
1474,W2C,2,6.419,9.0,1,37.33,0.1316
1475,N2C,1,12.8104,0.0,0,18.7,0.0215
1475,S2C,1,13.5702,0.0,0,17.66,0.0106
1475,E2C,2,6.3851,10.0,1,37.53,0.1327
1475,W2C,2,6.0636,10.0,1,39.51,0.1374
1476,N2C,1,13.0092,0.0,0,18.42,0.0187
1476,S2C,1,13.6474,0.0,0,17.56,0.0095
1476,E2C,2,6.0286,11.0,1,39.74,0.1385
1476,W2C,2,6.1986,11.0,1,38.65,0.1361
1477,N2C,2,13.0474,0.0,0,18.36,0.0241
1477,S2C,1,13.1879,0.0,0,18.17,0.0161
1477,E2C,3,8.3708,12.0,1,28.62,0.1115
1477,W2C,3,8.0723,12.0,1,29.68,0.1158
1478,N2C,2,12.9065,0.0,0,18.56,0.0262
1478,S2C,1,12.8157,0.0,0,18.7,0.0215
1478,E2C,3,7.3711,13.0,1,32.51,0.1265
1478,W2C,3,6.8929,13.0,1,34.76,0.1334
1479,N2C,1,13.3614,0.0,0,17.93,0.0136
1479,S2C,1,12.969,0.0,0,18.47,0.0193
1479,E2C,3,5.7107,14.0,1,41.96,0.1511
1479,W2C,3,5.4224,14.0,1,44.19,0.1553
1480,N2C,1,13.3857,0.0,0,17.9,0.0133
1480,S2C,1,13.0077,0.0,0,18.42,0.0187
1480,E2C,3,4.3276,15.0,1,55.37,0.1717
1480,W2C,3,4.6139,15.0,1,51.93,0.1676
1481,N2C,1,13.6031,0.0,0,17.61,0.0101
1481,S2C,1,12.8688,0.0,0,18.62,0.0207
1481,E2C,3,4.1169,16.0,1,58.2,0.1754
1481,W2C,3,4.3878,17.0,2,54.61,0.1782
1482,N2C,1,13.3159,0.0,0,17.99,0.0143
1482,S2C,1,12.7621,0.0,0,18.77,0.0222
1482,E2C,3,4.0055,18.0,2,59.82,0.1843
1482,W2C,3,4.4098,19.0,2,54.33,0.1792
1483,N2C,1,13.4362,0.0,0,17.83,0.0125
1483,S2C,1,12.7483,0.0,0,18.79,0.0224
1483,E2C,3,4.0313,20.0,2,59.43,0.1853
1483,W2C,3,4.4988,21.0,2,53.26,0.1792
1484,N2C,1,13.3408,0.0,0,17.96,0.0139
1484,S2C,1,12.8758,0.0,0,18.61,0.0206
1484,E2C,3,4.3702,22.0,2,54.83,0.1817
1484,W2C,3,4.2494,23.0,2,56.38,0.1841
1485,N2C,1,13.2758,0.0,0,18.05,0.0148
1485,S2C,1,12.5778,0.0,0,19.05,0.0249
1485,E2C,3,4.0988,24.0,2,58.46,0.187
1485,W2C,3,4.4241,25.0,2,54.16,0.183
1486,N2C,1,13.2535,0.0,0,18.08,0.0152
1486,S2C,1,12.7492,0.0,0,18.79,0.0224
1486,E2C,1,13.4839,0.0,0,17.77,0.0118
1486,W2C,1,13.438,0.0,0,17.83,0.0125
1487,N2C,1,13.7124,0.0,0,17.47,0.0086
1487,S2C,1,12.9081,0.0,0,18.56,0.0201
1487,E2C,1,13.4236,0.0,0,17.85,0.0127
1487,W2C,1,13.5661,0.0,0,17.66,0.0107
1488,N2C,1,13.6472,0.0,0,17.56,0.0095
1488,S2C,1,12.8318,0.0,0,18.67,0.0212
1488,E2C,1,13.1233,0.0,0,18.26,0.017
1488,W2C,1,13.2412,0.0,0,18.1,0.0153
1489,N2C,1,13.543,0.0,0,17.69,0.011
1489,S2C,1,12.587,0.0,0,19.04,0.0248
1489,E2C,1,13.4312,0.0,0,17.84,0.0126
1489,W2C,1,13.8453,0.0,0,17.31,0.0066
1490,N2C,1,13.512,0.0,0,17.73,0.0114
1490,S2C,1,12.7956,0.0,0,18.73,0.0218
1490,E2C,1,13.0607,0.0,0,18.35,0.0179
1490,W2C,1,13.6267,0.0,0,17.58,0.0098
1491,N2C,1,13.5199,0.0,0,17.72,0.0113
1491,S2C,1,12.5818,0.0,0,19.04,0.0248
1491,E2C,1,12.9795,0.0,0,18.46,0.0191
1491,W2C,1,13.6269,0.0,0,17.58,0.0098
1492,N2C,1,13.7815,0.0,0,17.39,0.0076
1492,S2C,1,13.0639,0.0,0,18.34,0.0179
1492,E2C,1,13.1663,0.0,0,18.2,0.0164
1492,W2C,1,13.4285,0.0,0,17.84,0.0126
1493,N2C,1,13.38,0.0,0,17.91,0.0133
1493,S2C,1,12.9065,0.0,0,18.56,0.0202
1493,E2C,1,13.5199,0.0,0,17.72,0.0113
1493,W2C,1,13.7705,0.0,0,17.4,0.0077
1494,N2C,1,12.7615,0.0,0,18.78,0.0222
1494,S2C,1,12.9093,0.0,0,18.56,0.0201
1494,E2C,1,13.0176,0.0,0,18.41,0.0186
1494,W2C,1,13.8784,0.0,0,17.26,0.0062
1495,N2C,2,11.2546,0.0,0,21.29,0.0499
1495,S2C,2,12.16,0.0,0,19.7,0.0369
1495,E2C,2,13.0079,0.0,0,18.42,0.0247
1495,W2C,1,13.126,0.0,0,18.25,0.017
1496,N2C,2,8.673,0.0,0,27.63,0.0871
1496,S2C,2,12.0521,0.0,0,19.88,0.0385
1496,E2C,1,13.6209,0.0,0,17.59,0.0099
1496,W2C,1,12.6945,0.0,0,18.87,0.0232
1497,N2C,2,6.4097,1.0,1,37.38,0.1264
1497,S2C,2,9.6526,0.0,0,24.82,0.073
1497,E2C,1,13.7719,0.0,0,17.4,0.0077
1497,W2C,1,12.5088,0.0,0,19.15,0.0259
1498,N2C,2,6.6408,2.0,1,36.08,0.1237
1498,S2C,2,7.5907,0.0,0,31.56,0.1027
1498,E2C,1,13.2714,0.0,0,18.05,0.0149
1498,W2C,1,12.8938,0.0,0,18.58,0.0203
1499,N2C,2,6.6681,3.0,1,35.93,0.124
1499,S2C,2,6.416,0.0,0,37.34,0.1196
1499,E2C,1,13.3206,0.0,0,17.99,0.0142
1499,W2C,1,12.6717,0.0,0,18.91,0.0235
1500,N2C,2,6.7541,4.0,1,35.47,0.1234
1500,S2C,2,6.5706,0.0,0,36.47,0.1174
1500,E2C,1,13.7763,0.0,0,17.39,0.0076
1500,W2C,1,13.0459,0.0,0,18.37,0.0182
1501,N2C,2,6.7973,5.0,1,35.25,0.1235
1501,S2C,2,6.4931,1.0,1,36.9,0.1252
1501,E2C,1,13.5113,0.0,0,17.73,0.0115
1501,W2C,1,12.4897,0.0,0,19.18,0.0262
1502,N2C,2,6.3942,6.0,1,37.47,0.1299
1502,S2C,2,6.1922,2.0,1,38.69,0.1302
1502,E2C,1,13.7306,0.0,0,17.45,0.0083
1502,W2C,1,12.9669,0.0,0,18.48,0.0193
1503,N2C,2,6.8081,7.0,1,35.19,0.1246
1503,S2C,2,6.3945,3.0,1,37.47,0.1279
1503,E2C,1,13.5987,0.0,0,17.62,0.0102
1503,W2C,1,12.8558,0.0,0,18.64,0.0209
1504,N2C,2,6.8738,8.0,1,34.86,0.1244
1504,S2C,2,6.2755,4.0,1,38.18,0.1303
1504,E2C,1,13.8597,0.0,0,17.29,0.0064
1504,W2C,1,12.8706,0.0,0,18.62,0.0207
1505,N2C,2,6.9398,9.0,1,34.53,0.1241
1505,S2C,2,6.2909,5.0,1,38.09,0.1308
1505,E2C,1,13.44,0.0,0,17.83,0.0125
1505,W2C,1,12.7554,0.0,0,18.78,0.0223
1506,N2C,2,6.3266,10.0,1,37.87,0.1336
1506,S2C,2,6.3394,6.0,1,37.8,0.1307
1506,E2C,1,13.8637,0.0,0,17.28,0.0064
1506,W2C,1,12.5544,0.0,0,19.09,0.0252
1507,N2C,2,6.7661,11.0,1,35.41,0.1279
1507,S2C,2,5.8809,7.0,1,40.74,0.138
1507,E2C,1,13.8616,0.0,0,17.29,0.0064
1507,W2C,1,12.9955,0.0,0,18.44,0.0189
1508,N2C,2,6.6176,12.0,1,36.21,0.1307
1508,S2C,2,5.8751,8.0,1,40.78,0.1387
1508,E2C,1,13.4302,0.0,0,17.84,0.0126
1508,W2C,1,12.8213,0.0,0,18.69,0.0214
1509,N2C,2,6.3217,13.0,1,37.9,0.1356
1509,S2C,2,6.0169,9.0,1,39.82,0.1374
1509,E2C,1,13.7013,0.0,0,17.49,0.0087
1509,W2C,1,12.8375,0.0,0,18.66,0.0212
1510,N2C,2,6.5843,14.0,1,36.39,0.1325
1510,S2C,2,6.3924,10.0,1,37.48,0.1326
1510,E2C,1,13.6565,0.0,0,17.54,0.0094
1510,W2C,1,12.8509,0.0,0,18.64,0.021
1511,N2C,2,6.7328,15.0,1,35.59,0.1311
1511,S2C,2,5.9946,11.0,1,39.97,0.139
1511,E2C,1,13.7561,0.0,0,17.42,0.0079
1511,W2C,1,12.9305,0.0,0,18.53,0.0198
1512,N2C,2,5.4808,16.0,1,43.72,0.1497
1512,S2C,2,5.8676,12.0,1,40.83,0.1415
1512,E2C,1,13.7173,0.0,0,17.47,0.0085
1512,W2C,1,12.8362,0.0,0,18.67,0.0212
1513,N2C,3,6.9925,17.0,1,34.27,0.1346
1513,S2C,3,8.7709,13.0,1,27.32,0.1064
1513,E2C,1,13.6435,0.0,0,17.56,0.0096
1513,W2C,2,12.8346,0.0,0,18.67,0.0272
1514,N2C,3,5.443,18.0,1,44.02,0.1576
1514,S2C,3,6.9437,14.0,1,34.51,0.1334
1514,E2C,1,13.566,0.0,0,17.66,0.0107
1514,W2C,2,12.2675,0.0,0,19.53,0.0354
1515,N2C,3,4.4846,19.0,1,53.43,0.1721
1515,S2C,3,5.5071,15.0,1,43.51,0.1547
1515,E2C,1,13.1367,0.0,0,18.24,0.0168
1515,W2C,2,11.93,0.0,0,20.08,0.0402
1516,N2C,3,4.3209,20.0,1,55.45,0.1751
1516,S2C,3,4.3958,16.0,1,54.51,0.1714
1516,E2C,1,13.0418,0.0,0,18.37,0.0182
1516,W2C,1,13.8653,0.0,0,17.28,0.0064
1517,N2C,3,4.2256,22.0,2,56.7,0.1838
1517,S2C,3,4.4419,18.0,2,53.94,0.178
1517,E2C,1,13.2519,0.0,0,18.08,0.0152
1517,W2C,1,13.8891,0.0,0,17.25,0.006
1518,N2C,3,4.4921,24.0,2,53.34,0.1813
1518,S2C,3,4.4714,20.0,2,53.58,0.1789
1518,E2C,1,13.3344,0.0,0,17.97,0.014
1518,W2C,1,13.753,0.0,0,17.42,0.008
1519,N2C,1,13.825,0.0,0,17.33,0.0069
1519,S2C,1,13.7171,0.0,0,17.47,0.0085
1519,E2C,1,13.2808,0.0,0,18.04,0.0148
1519,W2C,1,13.5239,0.0,0,17.72,0.0113
1520,N2C,1,13.8088,0.0,0,17.35,0.0072
1520,S2C,1,13.5568,0.0,0,17.67,0.0108
1520,E2C,1,13.3836,0.0,0,17.9,0.0133
1520,W2C,1,13.8694,0.0,0,17.28,0.0063
1521,N2C,1,13.6816,0.0,0,17.51,0.009
1521,S2C,1,13.529,0.0,0,17.71,0.0112
1521,E2C,1,13.0048,0.0,0,18.42,0.0187
1521,W2C,1,13.246,0.0,0,18.09,0.0153
1522,N2C,1,13.7641,0.0,0,17.41,0.0078
1522,S2C,1,13.4076,0.0,0,17.87,0.0129
1522,E2C,1,13.3269,0.0,0,17.98,0.0141
1522,W2C,1,13.6369,0.0,0,17.57,0.0096
1523,N2C,1,13.8761,0.0,0,17.27,0.0062
1523,S2C,1,13.84,0.0,0,17.31,0.0067
1523,E2C,1,13.4937,0.0,0,17.76,0.0117
1523,W2C,1,13.8363,0.0,0,17.32,0.0068
1524,N2C,1,13.285,0.0,0,18.04,0.0147
1524,S2C,1,13.8217,0.0,0,17.34,0.007
1524,E2C,1,13.1786,0.0,0,18.18,0.0162
1524,W2C,1,13.4426,0.0,0,17.82,0.0124
1525,N2C,1,13.51,0.0,0,17.74,0.0115
1525,S2C,1,13.6397,0.0,0,17.57,0.0096
1525,E2C,1,13.3324,0.0,0,17.97,0.014
1525,W2C,1,13.8725,0.0,0,17.27,0.0063
1526,N2C,1,13.3821,0.0,0,17.9,0.0133
1526,S2C,1,13.324,0.0,0,17.98,0.0141
1526,E2C,1,13.1724,0.0,0,18.19,0.0163
1526,W2C,1,13.8134,0.0,0,17.35,0.0071
1527,N2C,1,13.2757,0.0,0,18.05,0.0148
1527,S2C,1,13.5209,0.0,0,17.72,0.0113
1527,E2C,1,13.4807,0.0,0,17.77,0.0119
1527,W2C,1,13.4062,0.0,0,17.87,0.013
1528,N2C,1,13.8146,0.0,0,17.34,0.0071
1528,S2C,1,13.7737,0.0,0,17.4,0.0077
1528,E2C,1,13.3339,0.0,0,17.97,0.014
1528,W2C,1,13.5845,0.0,0,17.64,0.0104
1529,N2C,1,13.2683,0.0,0,18.06,0.015
1529,S2C,1,13.4285,0.0,0,17.84,0.0126
1529,E2C,1,13.1491,0.0,0,18.22,0.0167
1529,W2C,1,13.5893,0.0,0,17.63,0.0103
1530,N2C,1,13.6983,0.0,0,17.49,0.0088
1530,S2C,1,13.7635,0.0,0,17.41,0.0078
1530,E2C,1,13.1131,0.0,0,18.27,0.0172
1530,W2C,1,12.3936,0.0,0,19.33,0.0275
1531,N2C,1,13.89,0.0,0,17.25,0.006
1531,S2C,1,12.9434,0.0,0,18.51,0.0196
1531,E2C,2,12.104,0.0,0,19.8,0.0377
1531,W2C,2,9.7957,0.0,0,24.46,0.071
1532,N2C,1,13.8481,0.0,0,17.3,0.0066
1532,S2C,1,12.8197,0.0,0,18.69,0.0214
1532,E2C,2,9.5937,0.0,0,24.97,0.0739
1532,W2C,2,7.4557,0.0,0,32.14,0.1046
1533,N2C,1,13.8607,0.0,0,17.29,0.0064
1533,S2C,1,12.5396,0.0,0,19.11,0.0254
1533,E2C,2,7.659,0.0,0,31.28,0.1017
1533,W2C,2,6.627,0.0,0,36.16,0.1166
1534,N2C,1,13.3336,0.0,0,17.97,0.014
1534,S2C,1,12.342,0.0,0,19.41,0.0283
1534,E2C,2,6.7921,0.0,0,35.28,0.1142
1534,W2C,2,6.2983,1.0,1,38.04,0.128
1535,N2C,1,13.4014,0.0,0,17.88,0.013
1535,S2C,1,12.7202,0.0,0,18.84,0.0228
1535,E2C,2,7.0155,0.0,0,34.15,0.111
1535,W2C,2,6.1297,2.0,1,39.09,0.1311
1536,N2C,1,13.2656,0.0,0,18.06,0.015
1536,S2C,1,12.3753,0.0,0,19.36,0.0278
1536,E2C,2,6.3713,1.0,1,37.61,0.1269
1536,W2C,2,6.3981,3.0,1,37.45,0.1279
1537,N2C,1,13.7392,0.0,0,17.44,0.0082
1537,S2C,1,12.6994,0.0,0,18.87,0.0231
1537,E2C,2,6.4176,2.0,1,37.33,0.1269
1537,W2C,2,6.5519,4.0,1,36.57,0.1263
1538,N2C,1,13.7768,0.0,0,17.39,0.0076
1538,S2C,1,12.7119,0.0,0,18.85,0.023
1538,E2C,2,6.4971,3.0,1,36.88,0.1264
1538,W2C,2,6.0819,5.0,1,39.4,0.1338
1539,N2C,1,13.3768,0.0,0,17.91,0.0134
1539,S2C,1,12.6019,0.0,0,19.01,0.0245
1539,E2C,2,6.484,4.0,1,36.95,0.1273
1539,W2C,2,6.0648,6.0,1,39.51,0.1347
1540,N2C,1,13.8612,0.0,0,17.29,0.0064
1540,S2C,1,12.7477,0.0,0,18.8,0.0224
1540,E2C,2,6.8383,5.0,1,35.04,0.1229
1540,W2C,2,6.3866,7.0,1,37.52,0.1307
1541,N2C,1,13.3702,0.0,0,17.92,0.0135
1541,S2C,1,12.4943,0.0,0,19.18,0.0261
1541,E2C,2,6.5232,6.0,1,36.73,0.1281
1541,W2C,2,6.5612,8.0,1,36.52,0.1289
1542,N2C,1,13.6713,0.0,0,17.53,0.0091
1542,S2C,1,12.3675,0.0,0,19.37,0.0279
1542,E2C,2,6.399,7.0,1,37.44,0.1305
1542,W2C,2,6.3705,9.0,1,37.61,0.1323
1543,N2C,1,13.7599,0.0,0,17.41,0.0079
1543,S2C,1,12.3915,0.0,0,19.34,0.0276
1543,E2C,2,6.3133,8.0,1,37.95,0.1324
1543,W2C,2,6.3778,10.0,1,37.57,0.1328
1544,N2C,1,13.3673,0.0,0,17.92,0.0135
1544,S2C,1,12.8134,0.0,0,18.7,0.0215
1544,E2C,2,6.6391,9.0,1,36.09,0.1284
1544,W2C,2,6.2546,11.0,1,38.31,0.1353
1545,N2C,1,13.5736,0.0,0,17.65,0.0106
1545,S2C,1,12.4524,0.0,0,19.24,0.0267
1545,E2C,2,6.6009,10.0,1,36.3,0.1296
1545,W2C,2,6.4866,12.0,1,36.94,0.1326
1546,N2C,1,13.7036,0.0,0,17.48,0.0087
1546,S2C,1,12.5061,0.0,0,19.16,0.0259
1546,E2C,2,6.5975,11.0,1,36.32,0.1303
1546,W2C,2,6.4741,13.0,1,37.01,0.1334
1547,N2C,1,13.6793,0.0,0,17.52,0.009
1547,S2C,1,12.6031,0.0,0,19.01,0.0245
1547,E2C,2,6.702,12.0,1,35.75,0.1295
1547,W2C,2,6.5558,14.0,1,36.55,0.1329
1548,N2C,1,13.5462,0.0,0,17.69,0.011
1548,S2C,1,12.5468,0.0,0,19.1,0.0253
1548,E2C,2,6.0963,13.0,1,39.3,0.1389
1548,W2C,2,6.3551,15.0,1,37.7,0.1365
1549,N2C,1,13.7553,0.0,0,17.42,0.0079
1549,S2C,2,12.0229,0.0,0,19.93,0.0389
1549,E2C,3,7.1942,14.0,1,33.3,0.1297
1549,W2C,3,7.1379,16.0,1,33.57,0.1319
1550,N2C,1,13.5596,0.0,0,17.67,0.0108
1550,S2C,2,11.9923,0.0,0,19.98,0.0393
1550,E2C,3,5.367,15.0,1,44.64,0.1567
1550,W2C,3,5.2913,17.0,1,45.28,0.1591
1551,N2C,1,13.5746,0.0,0,17.65,0.0105
1551,S2C,2,11.818,0.0,0,20.27,0.0418
1551,E2C,3,4.7447,16.0,1,50.5,0.1663
1551,W2C,3,3.993,18.0,1,60.01,0.1785
1552,N2C,1,13.5846,0.0,0,17.64,0.0104
1552,S2C,2,9.4142,0.0,0,25.45,0.0764
1552,E2C,1,13.5652,0.0,0,17.66,0.0107
1552,W2C,1,12.2143,0.0,0,19.62,0.0301
1553,N2C,1,13.1738,0.0,0,18.19,0.0163
1553,S2C,2,7.2932,0.0,0,32.85,0.107
1553,E2C,1,13.7846,0.0,0,17.38,0.0075
1553,W2C,1,12.0271,0.0,0,19.92,0.0328
1554,N2C,1,13.1695,0.0,0,18.19,0.0164
1554,S2C,2,6.6465,0.0,0,36.05,0.1163
1554,E2C,1,13.3668,0.0,0,17.92,0.0135
1554,W2C,1,12.3095,0.0,0,19.46,0.0288
1555,N2C,1,13.3873,0.0,0,17.9,0.0132
1555,S2C,2,6.5021,0.0,0,36.85,0.1184
1555,E2C,1,13.248,0.0,0,18.09,0.0152
1555,W2C,1,12.4546,0.0,0,19.24,0.0267
1556,N2C,1,13.3055,0.0,0,18.01,0.0144
1556,S2C,2,6.0616,1.0,1,39.53,0.1314
1556,E2C,1,13.7071,0.0,0,17.48,0.0086
1556,W2C,1,12.4094,0.0,0,19.31,0.0273
1557,N2C,1,13.2757,0.0,0,18.05,0.0148
1557,S2C,2,6.4907,2.0,1,36.91,0.1259
1557,E2C,1,13.3794,0.0,0,17.91,0.0134
1557,W2C,1,12.2021,0.0,0,19.64,0.0303
1558,N2C,1,13.2518,0.0,0,18.08,0.0152
1558,S2C,2,5.9907,3.0,1,40.0,0.1337
1558,E2C,1,13.6212,0.0,0,17.59,0.0099
1558,W2C,1,12.4609,0.0,0,19.23,0.0266
1559,N2C,1,13.1846,0.0,0,18.17,0.0162
1559,S2C,2,5.8958,4.0,1,40.64,0.1358
1559,E2C,1,13.377,0.0,0,17.91,0.0134
1559,W2C,1,12.0679,0.0,0,19.85,0.0322
1560,N2C,1,13.2934,0.0,0,18.02,0.0146
1560,S2C,2,6.3354,5.0,1,37.82,0.1301
1560,E2C,1,13.4993,0.0,0,17.75,0.0116
1560,W2C,1,12.6113,0.0,0,19.0,0.0244
1561,N2C,1,13.318,0.0,0,17.99,0.0142
1561,S2C,2,6.3489,6.0,1,37.74,0.1306
1561,E2C,1,13.3089,0.0,0,18.0,0.0144
1561,W2C,1,12.0542,0.0,0,19.88,0.0324
1562,N2C,1,13.5969,0.0,0,17.62,0.0102
1562,S2C,2,6.0416,7.0,1,39.66,0.1357
1562,E2C,1,13.8683,0.0,0,17.28,0.0063
1562,W2C,1,12.1474,0.0,0,19.72,0.0311
1563,N2C,1,13.3279,0.0,0,17.98,0.0141
1563,S2C,2,6.2478,8.0,1,38.35,0.1334
1563,E2C,1,13.3534,0.0,0,17.94,0.0137
1563,W2C,1,12.3017,0.0,0,19.48,0.0289
1564,N2C,1,13.3513,0.0,0,17.95,0.0138
1564,S2C,2,5.9988,9.0,1,39.94,0.1376
1564,E2C,1,13.4255,0.0,0,17.85,0.0127
1564,W2C,1,12.0856,0.0,0,19.83,0.032
1565,N2C,1,13.2867,0.0,0,18.03,0.0147
1565,S2C,2,6.2254,10.0,1,38.49,0.135
1565,E2C,1,13.6143,0.0,0,17.6,0.01
1565,W2C,1,12.415,0.0,0,19.3,0.0272
1566,N2C,1,13.6689,0.0,0,17.53,0.0092
1566,S2C,2,6.2284,11.0,1,38.47,0.1357
1566,E2C,1,13.3513,0.0,0,17.95,0.0138
1566,W2C,1,12.1817,0.0,0,19.67,0.0306
1567,N2C,2,11.4189,0.0,0,20.98,0.0476
1567,S2C,3,7.7984,12.0,1,30.72,0.1197
1567,E2C,1,13.89,0.0,0,17.25,0.006
1567,W2C,2,11.365,0.0,0,21.08,0.0484
1568,N2C,2,9.1813,0.0,0,26.1,0.0798
1568,S2C,3,6.6374,13.0,1,36.1,0.1371
1568,E2C,1,13.8414,0.0,0,17.31,0.0067
1568,W2C,2,10.5905,0.0,0,22.62,0.0595
1569,N2C,2,6.9789,0.0,0,34.33,0.1115
1569,S2C,3,5.0925,14.0,1,47.05,0.16
1569,E2C,1,13.4323,0.0,0,17.84,0.0126
1569,W2C,2,10.6278,0.0,0,22.54,0.059
1570,N2C,2,6.8528,1.0,1,34.96,0.12
1570,S2C,3,3.8968,15.0,1,61.49,0.1779
1570,E2C,1,13.8221,0.0,0,17.33,0.007
1570,W2C,2,11.1312,0.0,0,21.53,0.0517
1571,N2C,2,6.4868,2.0,1,36.94,0.1259
1571,S2C,3,4.1562,17.0,2,57.65,0.1815
1571,E2C,1,13.575,0.0,0,17.65,0.0105
1571,W2C,1,12.294,0.0,0,19.49,0.029
1572,N2C,2,6.675,3.0,1,35.9,0.1239
1572,S2C,3,3.7538,19.0,2,63.83,0.1886
1572,E2C,1,13.4786,0.0,0,17.78,0.0119
1572,W2C,1,12.3743,0.0,0,19.36,0.0278
1573,N2C,2,6.2977,4.0,1,38.05,0.13
1573,S2C,3,3.7881,21.0,2,63.25,0.1895
1573,E2C,1,13.3901,0.0,0,17.89,0.0132
1573,W2C,1,12.4919,0.0,0,19.18,0.0261
1574,N2C,2,6.8441,5.0,1,35.01,0.1228
1574,S2C,3,3.9503,23.0,2,60.65,0.1885
1574,E2C,1,13.8419,0.0,0,17.31,0.0067
1574,W2C,1,12.4818,0.0,0,19.2,0.0263
1575,N2C,2,6.6906,6.0,1,35.81,0.1257
1575,S2C,3,4.1491,25.0,2,57.75,0.1869
1575,E2C,1,13.3176,0.0,0,17.99,0.0142
1575,W2C,1,12.5402,0.0,0,19.11,0.0254
1576,N2C,2,6.4648,7.0,1,37.06,0.1296
1576,S2C,3,3.7275,27.0,2,64.28,0.1943
1576,E2C,1,13.8584,0.0,0,17.29,0.0065
1576,W2C,1,12.5708,0.0,0,19.06,0.025
1577,N2C,2,6.4799,8.0,1,36.98,0.13
1577,S2C,3,4.0833,29.0,2,58.68,0.1905
1577,E2C,1,13.705,0.0,0,17.48,0.0087
1577,W2C,1,12.0653,0.0,0,19.86,0.0323
1578,N2C,2,6.5499,9.0,1,36.58,0.1297
1578,S2C,3,3.8317,31.0,2,62.53,0.1955
1578,E2C,1,13.8858,0.0,0,17.26,0.0061
1578,W2C,1,12.5115,0.0,0,19.15,0.0258
1579,N2C,2,6.8597,10.0,1,34.93,0.1259
1579,S2C,3,4.0332,33.0,2,59.41,0.1939
1579,E2C,1,13.7442,0.0,0,17.43,0.0081
1579,W2C,1,12.5457,0.0,0,19.1,0.0254
1580,N2C,2,6.6008,11.0,1,36.3,0.1303
1580,S2C,3,3.913,35.0,2,61.23,0.197
1580,E2C,1,13.5969,0.0,0,17.62,0.0102
1580,W2C,1,11.9646,0.0,0,20.03,0.0337
1581,N2C,2,6.7441,12.0,1,35.53,0.1289
1581,S2C,3,3.7904,37.0,2,63.21,0.2001
1581,E2C,1,13.3343,0.0,0,17.97,0.014
1581,W2C,1,12.1082,0.0,0,19.79,0.0317
1582,N2C,2,6.8768,13.0,1,34.84,0.1276
1582,S2C,3,4.0081,39.0,2,59.78,0.1983
1582,E2C,1,13.5709,0.0,0,17.66,0.0106
1582,W2C,1,12.025,0.0,0,19.93,0.0329
1583,N2C,2,6.4477,14.0,1,37.16,0.1345
1583,S2C,3,3.8059,41.0,2,62.95,0.2025
1583,E2C,1,13.6362,0.0,0,17.57,0.0097
1583,W2C,1,12.285,0.0,0,19.5,0.0291
1584,N2C,2,5.5939,15.0,1,42.83,0.1475
1584,S2C,3,3.8729,43.0,2,61.87,0.2029
1584,E2C,1,12.5069,0.0,0,19.16,0.0259
1584,W2C,1,12.5454,0.0,0,19.1,0.0254
1585,N2C,1,13.6886,0.0,0,17.5,0.0089
1585,S2C,2,12.6655,0.0,0,18.92,0.0296
1585,E2C,2,10.0896,0.0,0,23.75,0.0667
1585,W2C,2,12.3564,0.0,0,19.39,0.0341
1586,N2C,1,13.5237,0.0,0,17.72,0.0113
1586,S2C,2,11.6606,0.0,0,20.55,0.0441
1586,E2C,2,7.2715,0.0,0,32.95,0.1073
1586,W2C,2,12.1687,0.0,0,19.69,0.0368
1587,N2C,1,13.3769,0.0,0,17.91,0.0134
1587,S2C,2,10.394,0.0,0,23.05,0.0623
1587,E2C,2,6.7067,0.0,0,35.73,0.1154
1587,W2C,2,11.7036,0.0,0,20.47,0.0435
1588,N2C,1,13.6123,0.0,0,17.6,0.01
1588,S2C,1,13.8423,0.0,0,17.31,0.0067
1588,E2C,2,6.3971,1.0,1,37.45,0.1266
1588,W2C,2,11.4973,0.0,0,20.84,0.0465
1589,N2C,1,13.3165,0.0,0,17.99,0.0143
1589,S2C,1,13.618,0.0,0,17.59,0.0099
1589,E2C,2,6.3952,2.0,1,37.47,0.1273
1589,W2C,2,9.7224,0.0,0,24.64,0.072
1590,N2C,1,13.4892,0.0,0,17.76,0.0118
1590,S2C,1,13.4905,0.0,0,17.76,0.0118
1590,E2C,2,6.3937,3.0,1,37.47,0.1279
1590,W2C,2,7.9035,0.0,0,30.32,0.0982
1591,N2C,1,13.5855,0.0,0,17.64,0.0104
1591,S2C,1,13.6404,0.0,0,17.57,0.0096
1591,E2C,2,6.3262,4.0,1,37.87,0.1296
1591,W2C,2,6.5675,0.0,0,36.48,0.1174
1592,N2C,1,13.2872,0.0,0,18.03,0.0147
1592,S2C,1,13.4531,0.0,0,17.81,0.0123
1592,E2C,2,6.6307,5.0,1,36.13,0.1259
1592,W2C,2,6.8012,1.0,1,35.23,0.1207
1593,N2C,1,13.6843,0.0,0,17.51,0.009
1593,S2C,1,13.513,0.0,0,17.73,0.0114
1593,E2C,2,6.4056,6.0,1,37.4,0.1298
1593,W2C,2,6.3501,2.0,1,37.73,0.1279
1594,N2C,1,13.604,0.0,0,17.61,0.0101
1594,S2C,1,13.4099,0.0,0,17.87,0.0129
1594,E2C,2,6.5188,7.0,1,36.76,0.1288
1594,W2C,2,6.547,3.0,1,36.6,0.1257
1595,N2C,1,13.0741,0.0,0,18.33,0.0177
1595,S2C,1,13.2606,0.0,0,18.07,0.0151
1595,E2C,2,6.7543,8.0,1,35.47,0.1261
1595,W2C,2,6.8093,4.0,1,35.19,0.1226
1596,N2C,1,13.6832,0.0,0,17.51,0.009
1596,S2C,1,13.5342,0.0,0,17.7,0.0111
1596,E2C,2,6.1981,9.0,1,38.66,0.1348
1596,W2C,2,6.7964,5.0,1,35.25,0.1235
1597,N2C,1,13.3862,0.0,0,17.9,0.0133
1597,S2C,1,13.2888,0.0,0,18.03,0.0147
1597,E2C,2,6.6925,10.0,1,35.8,0.1283
1597,W2C,2,6.8146,6.0,1,35.16,0.1239
1598,N2C,1,13.5135,0.0,0,17.73,0.0114
1598,S2C,1,13.6327,0.0,0,17.58,0.0097
1598,E2C,2,6.1603,11.0,1,38.89,0.1366
1598,W2C,2,6.6058,7.0,1,36.27,0.1276
1599,N2C,1,13.4154,0.0,0,17.86,0.0128
1599,S2C,1,13.7218,0.0,0,17.46,0.0084
1599,E2C,2,6.3553,12.0,1,37.7,0.1345
1599,W2C,2,6.8307,8.0,1,35.08,0.125
1600,N2C,1,13.5186,0.0,0,17.72,0.0113
1600,S2C,1,13.7259,0.0,0,17.46,0.0084
1600,E2C,2,6.4488,13.0,1,37.15,0.1338
1600,W2C,2,6.8466,9.0,1,35.0,0.1254
1601,N2C,1,13.2939,0.0,0,18.02,0.0146
1601,S2C,1,13.6865,0.0,0,17.51,0.0089
1601,E2C,2,6.1887,14.0,1,38.72,0.1382
1601,W2C,2,6.4095,10.0,1,37.38,0.1324
1602,N2C,1,13.1489,0.0,0,18.22,0.0167
1602,S2C,1,13.2404,0.0,0,18.1,0.0154
1602,E2C,2,6.6784,15.0,1,35.88,0.1318
1602,W2C,2,5.6896,11.0,1,42.11,0.1434
1603,N2C,2,12.8964,0.0,0,18.58,0.0263
1603,S2C,1,13.5497,0.0,0,17.68,0.0109
1603,E2C,3,7.687,16.0,1,31.17,0.124
1603,W2C,3,6.2748,12.0,1,38.18,0.1416
1604,N2C,1,13.332,0.0,0,17.97,0.014
1604,S2C,1,12.9486,0.0,0,18.5,0.0196
1604,E2C,3,5.7643,17.0,1,41.57,0.1523
1604,W2C,3,4.5306,13.0,1,52.88,0.1674
1605,N2C,1,13.6131,0.0,0,17.6,0.01
1605,S2C,1,13.2186,0.0,0,18.13,0.0157
1605,E2C,3,4.9006,18.0,1,48.89,0.1654
1605,W2C,3,3.9312,15.0,2,60.95,0.1834
1606,N2C,1,13.5911,0.0,0,17.63,0.0103
1606,S2C,1,13.3451,0.0,0,17.95,0.0138
1606,E2C,3,4.3748,19.0,1,54.77,0.1737
1606,W2C,3,3.8206,17.0,2,62.71,0.1863
1607,N2C,1,13.2933,0.0,0,18.02,0.0146
1607,S2C,1,13.0295,0.0,0,18.39,0.0184
1607,E2C,3,4.4288,21.0,2,54.1,0.1802
1607,W2C,3,3.6509,19.0,2,65.63,0.1901
1608,N2C,1,13.305,0.0,0,18.01,0.0144
1608,S2C,1,13.3433,0.0,0,17.96,0.0139
1608,E2C,3,4.4519,23.0,2,53.82,0.1812
1608,W2C,3,3.7283,21.0,2,64.26,0.1903
1609,N2C,1,13.4577,0.0,0,17.8,0.0122
1609,S2C,1,13.5458,0.0,0,17.69,0.011
1609,E2C,3,4.2985,25.0,2,55.74,0.1848
1609,W2C,3,3.6957,23.0,2,64.83,0.1921
1610,N2C,1,13.3848,0.0,0,17.9,0.0133
1610,S2C,1,13.489,0.0,0,17.76,0.0118
1610,E2C,3,4.6282,27.0,2,51.77,0.1814
1610,W2C,3,3.7748,25.0,2,63.47,0.1923
1611,N2C,1,13.001,0.0,0,18.43,0.0188
1611,S2C,1,12.9806,0.0,0,18.46,0.0191
1611,E2C,3,4.5938,29.0,2,52.16,0.1832
1611,W2C,3,3.8552,27.0,2,62.15,0.1925
1612,N2C,1,13.5739,0.0,0,17.65,0.0106
1612,S2C,1,13.071,0.0,0,18.33,0.0178
1612,E2C,3,4.44,31.0,2,53.96,0.1867
1612,W2C,3,3.9015,29.0,2,61.41,0.1932
1613,N2C,1,13.0403,0.0,0,18.37,0.0182
1613,S2C,1,13.2925,0.0,0,18.03,0.0146
1613,E2C,3,4.3964,33.0,2,54.5,0.1887
1613,W2C,3,3.6121,31.0,2,66.33,0.1987
1614,N2C,1,13.2275,0.0,0,18.11,0.0155
1614,S2C,1,13.5437,0.0,0,17.69,0.011
1614,E2C,3,4.5314,35.0,2,52.88,0.1881
1614,W2C,3,3.9674,33.0,2,60.39,0.1949
1615,N2C,1,13.0345,0.0,0,18.38,0.0183
1615,S2C,1,13.3146,0.0,0,18.0,0.0143
1615,E2C,3,4.4355,37.0,2,54.02,0.1908
1615,W2C,3,3.9726,35.0,2,60.31,0.1961
1616,N2C,1,13.2012,0.0,0,18.15,0.0159
1616,S2C,1,12.9454,0.0,0,18.51,0.0196
1616,E2C,3,4.4497,39.0,2,53.85,0.1919
1616,W2C,3,3.6514,37.0,2,65.62,0.2021
1617,N2C,1,13.0663,0.0,0,18.34,0.0179
1617,S2C,1,13.4649,0.0,0,17.79,0.0121
1617,E2C,3,4.4645,41.0,2,53.67,0.193
1617,W2C,3,3.642,39.0,2,65.79,0.2036
1618,N2C,1,13.0252,0.0,0,18.4,0.0185
1618,S2C,1,13.2169,0.0,0,18.13,0.0157
1618,E2C,1,13.7176,0.0,0,17.47,0.0085
1618,W2C,1,12.3722,0.0,0,19.37,0.0279
1619,N2C,1,13.3626,0.0,0,17.93,0.0136
1619,S2C,1,13.2325,0.0,0,18.11,0.0155
1619,E2C,1,13.2973,0.0,0,18.02,0.0145
1619,W2C,1,12.7144,0.0,0,18.84,0.0229
1620,N2C,1,13.5355,0.0,0,17.7,0.0111
1620,S2C,1,13.0117,0.0,0,18.41,0.0186
1620,E2C,1,11.9313,0.0,0,20.08,0.0342
1620,W2C,1,12.7302,0.0,0,18.82,0.0227
1621,N2C,2,11.8613,0.0,0,20.2,0.0412
1621,S2C,2,12.0286,0.0,0,19.92,0.0388
1621,E2C,2,11.7892,0.0,0,20.32,0.0422
1621,W2C,2,12.206,0.0,0,19.63,0.0362
1622,N2C,2,9.5988,0.0,0,24.96,0.0738
1622,S2C,2,9.686,0.0,0,24.74,0.0725
1622,E2C,1,13.2519,0.0,0,18.08,0.0152
1622,W2C,2,11.8691,0.0,0,20.19,0.0411
1623,N2C,2,7.8771,0.0,0,30.42,0.0986
1623,S2C,2,7.4305,0.0,0,32.25,0.105
1623,E2C,1,13.6954,0.0,0,17.49,0.0088
1623,W2C,2,11.2635,0.0,0,21.27,0.0498
1624,N2C,2,7.0276,0.0,0,34.09,0.1108
1624,S2C,2,6.3143,0.0,0,37.95,0.1211
1624,E2C,1,13.5165,0.0,0,17.73,0.0114
1624,W2C,1,12.7578,0.0,0,18.78,0.0223
1625,N2C,2,6.5203,1.0,1,36.75,0.1248
1625,S2C,2,6.168,0.0,0,38.85,0.1232
1625,E2C,1,13.6138,0.0,0,17.6,0.01
1625,W2C,1,13.1624,0.0,0,18.2,0.0165
1626,N2C,2,6.4095,2.0,1,37.38,0.127
1626,S2C,2,6.4434,1.0,1,37.19,0.1259
1626,E2C,1,13.3732,0.0,0,17.92,0.0134
1626,W2C,1,13.1738,0.0,0,18.19,0.0163
1627,N2C,2,6.8576,3.0,1,34.94,0.1213
1627,S2C,2,6.0645,2.0,1,39.51,0.132
1627,E2C,1,13.5659,0.0,0,17.66,0.0107
1627,W2C,1,12.6318,0.0,0,18.97,0.0241
1628,N2C,2,6.6499,4.0,1,36.03,0.1249
1628,S2C,2,6.2805,3.0,1,38.15,0.1296
1628,E2C,1,13.3996,0.0,0,17.88,0.0131
1628,W2C,1,13.1727,0.0,0,18.19,0.0163
1629,N2C,2,6.6465,5.0,1,36.05,0.1256
1629,S2C,2,6.1842,4.0,1,38.74,0.1316
1629,E2C,1,13.7577,0.0,0,17.42,0.0079
1629,W2C,1,12.9126,0.0,0,18.56,0.0201
1630,N2C,2,6.416,6.0,1,37.34,0.1296
1630,S2C,2,5.9497,5.0,1,40.27,0.1357
1630,E2C,1,13.8237,0.0,0,17.33,0.007
1630,W2C,1,13.199,0.0,0,18.15,0.0159
1631,N2C,2,6.3667,7.0,1,37.63,0.131
1631,S2C,2,5.9677,6.0,1,40.15,0.1361
1631,E2C,1,13.4166,0.0,0,17.86,0.0128
1631,W2C,1,13.2254,0.0,0,18.12,0.0156
1632,N2C,2,6.7622,8.0,1,35.43,0.126
1632,S2C,2,6.4238,7.0,1,37.3,0.1302
1632,E2C,1,13.7592,0.0,0,17.41,0.0079
1632,W2C,1,12.5873,0.0,0,19.04,0.0248
1633,N2C,2,6.5205,9.0,1,36.75,0.1301
1633,S2C,2,6.3237,8.0,1,37.89,0.1323
1633,E2C,1,13.5173,0.0,0,17.73,0.0114
1633,W2C,1,13.1093,0.0,0,18.28,0.0172
1634,N2C,2,6.369,10.0,1,37.62,0.133
1634,S2C,2,5.9969,9.0,1,39.95,0.1377
1634,E2C,1,13.5565,0.0,0,17.67,0.0108
1634,W2C,1,12.7035,0.0,0,18.86,0.0231
1635,N2C,2,6.4981,11.0,1,36.87,0.1318
1635,S2C,2,6.4576,10.0,1,37.1,0.1317
1635,E2C,1,13.8898,0.0,0,17.25,0.006
1635,W2C,1,13.1701,0.0,0,18.19,0.0164
1636,N2C,2,6.6907,12.0,1,35.81,0.1297
1636,S2C,2,6.4581,11.0,1,37.1,0.1323
1636,E2C,1,13.8069,0.0,0,17.35,0.0072
1636,W2C,1,12.676,0.0,0,18.9,0.0235
1637,N2C,2,6.7428,13.0,1,35.53,0.1296
1637,S2C,2,6.5508,12.0,1,36.58,0.1317
1637,E2C,1,13.474,0.0,0,17.78,0.012
1637,W2C,1,13.089,0.0,0,18.31,0.0175
1638,N2C,2,5.3829,14.0,1,44.51,0.1498
1638,S2C,2,6.5459,13.0,1,36.6,0.1324
1638,E2C,1,13.259,0.0,0,18.07,0.0151
1638,W2C,1,12.7588,0.0,0,18.78,0.0223
1639,N2C,3,6.9603,15.0,1,34.42,0.1338
1639,S2C,3,8.4332,14.0,1,28.41,0.1119
1639,E2C,1,13.89,0.0,0,17.25,0.006
1639,W2C,2,12.894,0.0,0,18.58,0.0263
1640,N2C,3,5.8055,16.0,1,41.27,0.1511
1640,S2C,3,6.5459,15.0,1,36.6,0.1397
1640,E2C,1,13.7319,0.0,0,17.45,0.0083
1640,W2C,2,12.3449,0.0,0,19.41,0.0342
1641,N2C,3,4.5069,17.0,1,53.16,0.1704
1641,S2C,3,5.1399,16.0,1,46.62,0.1607
1641,E2C,1,13.3136,0.0,0,18.0,0.0143
1641,W2C,1,13.7349,0.0,0,17.44,0.0082
1642,N2C,3,4.2903,19.0,2,55.85,0.1809
1642,S2C,3,4.6289,18.0,2,51.76,0.1753
1642,E2C,1,13.7222,0.0,0,17.46,0.0084
1642,W2C,1,13.54,0.0,0,17.7,0.011
1643,N2C,3,4.5102,21.0,2,53.12,0.1791
1643,S2C,3,4.6276,20.0,2,51.78,0.1767
1643,E2C,1,13.5067,0.0,0,17.74,0.0115
1643,W2C,1,13.7598,0.0,0,17.41,0.0079
1644,N2C,3,4.458,23.0,2,53.75,0.1811
1644,S2C,3,4.3309,22.0,2,55.32,0.1823
1644,E2C,1,13.7347,0.0,0,17.44,0.0082
1644,W2C,1,13.7608,0.0,0,17.41,0.0079
1645,N2C,3,4.4481,25.0,2,53.87,0.1826
1645,S2C,3,4.2234,24.0,2,56.73,0.1852
1645,E2C,1,13.2775,0.0,0,18.05,0.0148
1645,W2C,1,13.31,0.0,0,18.0,0.0144
1646,N2C,3,4.393,27.0,2,54.54,0.1847
1646,S2C,3,4.4912,26.0,2,53.35,0.1827
1646,E2C,1,13.7735,0.0,0,17.4,0.0077
1646,W2C,1,13.629,0.0,0,17.58,0.0098
1647,N2C,3,4.418,29.0,2,54.23,0.1857
1647,S2C,3,4.223,28.0,2,56.74,0.1879
1647,E2C,1,13.4339,0.0,0,17.84,0.0126
1647,W2C,1,13.7944,0.0,0,17.37,0.0074
1648,N2C,3,4.5832,31.0,2,52.28,0.1847
1648,S2C,3,4.2958,30.0,2,55.78,0.1881
1648,E2C,1,13.3044,0.0,0,18.01,0.0144
1648,W2C,1,13.3619,0.0,0,17.93,0.0136
1649,N2C,3,4.3266,33.0,2,55.38,0.1897
1649,S2C,3,4.3085,32.0,2,55.61,0.1893
1649,E2C,1,13.3435,0.0,0,17.96,0.0139
1649,W2C,1,13.7188,0.0,0,17.47,0.0085
1650,N2C,3,4.5781,35.0,2,52.34,0.1874
1650,S2C,3,4.4218,34.0,2,54.19,0.189
1650,E2C,1,13.8881,0.0,0,17.25,0.006
1650,W2C,1,13.3659,0.0,0,17.93,0.0135
1651,N2C,1,13.2306,0.0,0,18.11,0.0155
1651,S2C,1,13.4031,0.0,0,17.88,0.013
1651,E2C,1,13.4249,0.0,0,17.85,0.0127
1651,W2C,1,13.5738,0.0,0,17.65,0.0106
1652,N2C,1,13.3565,0.0,0,17.94,0.0137
1652,S2C,1,13.5068,0.0,0,17.74,0.0115
1652,E2C,1,13.7958,0.0,0,17.37,0.0074
1652,W2C,1,13.8475,0.0,0,17.3,0.0066
1653,N2C,1,13.5223,0.0,0,17.72,0.0113
1653,S2C,1,13.7118,0.0,0,17.47,0.0086
1653,E2C,1,13.8862,0.0,0,17.25,0.0061
1653,W2C,1,13.7336,0.0,0,17.45,0.0083
1654,N2C,1,13.3299,0.0,0,17.97,0.0141
1654,S2C,1,13.756,0.0,0,17.42,0.0079
1654,E2C,1,13.2933,0.0,0,18.02,0.0146
1654,W2C,1,13.8326,0.0,0,17.32,0.0068
1655,N2C,1,13.5023,0.0,0,17.75,0.0116
1655,S2C,1,13.4097,0.0,0,17.87,0.0129
1655,E2C,1,13.5965,0.0,0,17.62,0.0102
1655,W2C,1,13.8454,0.0,0,17.31,0.0066
1656,N2C,1,13.3336,0.0,0,17.97,0.014
1656,S2C,1,13.3164,0.0,0,17.99,0.0143
1656,E2C,1,12.4439,0.0,0,19.25,0.0268
1656,W2C,1,11.9743,0.0,0,20.01,0.0336
1657,N2C,1,13.89,0.0,0,17.25,0.006
1657,S2C,1,13.89,0.0,0,17.25,0.006
1657,E2C,2,10.3801,0.0,0,23.08,0.0625
1657,W2C,2,9.6878,0.0,0,24.73,0.0725
1658,N2C,1,13.263,0.0,0,18.07,0.015
1658,S2C,1,13.5486,0.0,0,17.68,0.0109
1658,E2C,2,8.4434,0.0,0,28.38,0.0904
1658,W2C,2,7.6607,0.0,0,31.28,0.1017
1659,N2C,1,13.7449,0.0,0,17.43,0.0081
1659,S2C,1,13.6576,0.0,0,17.54,0.0093
1659,E2C,2,6.7992,1.0,1,35.24,0.1208
1659,W2C,2,6.4047,0.0,0,37.41,0.1198
1660,N2C,1,13.403,0.0,0,17.88,0.013
1660,S2C,1,13.8857,0.0,0,17.26,0.0061
1660,E2C,2,6.8767,2.0,1,34.84,0.1203
1660,W2C,2,6.2066,0.0,0,38.6,0.1226
1661,N2C,1,13.6781,0.0,0,17.52,0.0091
1661,S2C,1,13.8489,0.0,0,17.3,0.0066
1661,E2C,2,6.3798,3.0,1,37.56,0.1281
1661,W2C,2,6.3896,1.0,1,37.5,0.1267
1662,N2C,1,13.8274,0.0,0,17.33,0.0069
1662,S2C,1,13.3845,0.0,0,17.9,0.0133
1662,E2C,2,6.4039,4.0,1,37.41,0.1285
1662,W2C,2,6.4916,2.0,1,36.91,0.1259
1663,N2C,1,13.6164,0.0,0,17.6,0.0099
1663,S2C,1,13.8184,0.0,0,17.34,0.007
1663,E2C,2,6.8643,5.0,1,34.91,0.1225
1663,W2C,2,5.8512,3.0,1,40.95,0.1358
1664,N2C,1,13.6823,0.0,0,17.51,0.009
1664,S2C,1,13.475,0.0,0,17.78,0.012
1664,E2C,2,6.8313,6.0,1,35.07,0.1236
1664,W2C,2,6.0193,4.0,1,39.81,0.134
1665,N2C,1,13.8694,0.0,0,17.28,0.0063
1665,S2C,1,13.4845,0.0,0,17.77,0.0118
1665,E2C,2,6.9215,7.0,1,34.62,0.123
1665,W2C,2,6.3331,5.0,1,37.83,0.1301
1666,N2C,1,13.3746,0.0,0,17.91,0.0134
1666,S2C,1,13.5832,0.0,0,17.64,0.0104
1666,E2C,2,6.9099,8.0,1,34.67,0.1238
1666,W2C,2,5.9734,6.0,1,40.11,0.136
1667,N2C,1,13.714,0.0,0,17.47,0.0085
1667,S2C,1,13.5511,0.0,0,17.68,0.0109
1667,E2C,2,6.3838,9.0,1,37.53,0.1321
1667,W2C,2,6.2831,7.0,1,38.13,0.1322
1668,N2C,1,13.4282,0.0,0,17.84,0.0127
1668,S2C,1,13.8674,0.0,0,17.28,0.0063
1668,E2C,2,6.924,10.0,1,34.6,0.125
1668,W2C,2,6.2316,8.0,1,38.45,0.1336
1669,N2C,1,13.2573,0.0,0,18.07,0.0151
1669,S2C,1,13.7041,0.0,0,17.48,0.0087
1669,E2C,2,6.5761,11.0,1,36.43,0.1306
1669,W2C,2,6.4496,9.0,1,37.15,0.1311
1670,N2C,1,13.8203,0.0,0,17.34,0.007
1670,S2C,1,13.4178,0.0,0,17.86,0.0128
1670,E2C,2,6.7029,12.0,1,35.75,0.1295
1670,W2C,2,6.2958,10.0,1,38.06,0.134
1671,N2C,1,13.5229,0.0,0,17.72,0.0113
1671,S2C,1,13.5074,0.0,0,17.74,0.0115
1671,E2C,2,6.8768,13.0,1,34.84,0.1276
1671,W2C,2,6.3073,11.0,1,37.99,0.1345
1672,N2C,1,13.4978,0.0,0,17.75,0.0116
1672,S2C,1,13.6946,0.0,0,17.5,0.0088
1672,E2C,2,6.5542,14.0,1,36.56,0.133
1672,W2C,2,5.8715,12.0,1,40.81,0.1415
1673,N2C,1,13.4392,0.0,0,17.83,0.0125
1673,S2C,1,13.329,0.0,0,17.98,0.0141
1673,E2C,2,6.605,15.0,1,36.28,0.1329
1673,W2C,2,6.2067,13.0,1,38.6,0.1373
1674,N2C,1,13.7489,0.0,0,17.43,0.008
1674,S2C,1,13.6769,0.0,0,17.52,0.0091
1674,E2C,2,5.3933,16.0,1,44.43,0.151
1674,W2C,2,6.2218,14.0,1,38.51,0.1377
1675,N2C,1,13.89,0.0,0,17.25,0.006
1675,S2C,1,13.233,0.0,0,18.11,0.0155
1675,E2C,3,6.4827,17.0,1,36.96,0.142
1675,W2C,3,7.7311,15.0,1,30.99,0.1227
1676,N2C,1,13.4091,0.0,0,17.87,0.0129
1676,S2C,1,12.6032,0.0,0,19.01,0.0245
1676,E2C,3,5.0374,18.0,1,47.56,0.1635
1676,W2C,3,6.1946,16.0,1,38.68,0.1455
1677,N2C,1,13.3576,0.0,0,17.94,0.0137
1677,S2C,1,13.1667,0.0,0,18.2,0.0164
1677,E2C,3,4.2323,19.0,1,56.61,0.1757
1677,W2C,3,4.4385,17.0,1,53.98,0.1714
1678,N2C,1,13.5993,0.0,0,17.62,0.0102
1678,S2C,1,12.8095,0.0,0,18.7,0.0216
1678,E2C,3,4.0652,20.0,1,58.94,0.1788
1678,W2C,3,3.482,18.0,1,68.81,0.1859
1679,N2C,1,13.865,0.0,0,17.28,0.0064
1679,S2C,1,12.5949,0.0,0,19.02,0.0246
1679,E2C,3,4.1515,22.0,2,57.71,0.1849
1679,W2C,3,3.4757,19.0,1,68.94,0.1866
1680,N2C,1,13.8236,0.0,0,17.33,0.007
1680,S2C,1,13.1612,0.0,0,18.21,0.0165
1680,E2C,3,3.9812,24.0,2,60.18,0.1887
1680,W2C,3,3.7636,21.0,2,63.66,0.1898
1681,N2C,1,13.3432,0.0,0,17.96,0.0139
1681,S2C,1,12.8447,0.0,0,18.65,0.0211
1681,E2C,3,4.217,26.0,2,56.82,0.1866
1681,W2C,3,3.4055,23.0,2,70.36,0.1963
1682,N2C,1,13.317,0.0,0,17.99,0.0143
1682,S2C,1,12.9118,0.0,0,18.56,0.0201
1682,E2C,3,4.2956,28.0,2,55.78,0.1868
1682,W2C,3,3.3324,25.0,2,71.9,0.1987
1683,N2C,1,13.7094,0.0,0,17.48,0.0086
1683,S2C,1,13.0733,0.0,0,18.33,0.0178
1683,E2C,3,4.0125,30.0,2,59.71,0.1922
1683,W2C,3,3.5376,27.0,2,67.73,0.1971
1684,N2C,1,13.5934,0.0,0,17.63,0.0103
1684,S2C,1,13.1262,0.0,0,18.25,0.017
1684,E2C,1,13.2245,0.0,0,18.12,0.0156
1684,W2C,1,12.101,0.0,0,19.8,0.0318
1685,N2C,1,13.6732,0.0,0,17.52,0.0091
1685,S2C,1,13.0707,0.0,0,18.33,0.0178
1685,E2C,1,13.3123,0.0,0,18.0,0.0143
1685,W2C,1,11.9975,0.0,0,19.97,0.0333
1686,N2C,1,13.432,0.0,0,17.84,0.0126
1686,S2C,1,12.8182,0.0,0,18.69,0.0214
1686,E2C,1,12.9177,0.0,0,18.55,0.02
1686,W2C,1,11.9896,0.0,0,19.98,0.0334
1687,N2C,1,13.3553,0.0,0,17.94,0.0137
1687,S2C,1,13.2112,0.0,0,18.14,0.0158
1687,E2C,1,13.201,0.0,0,18.15,0.0159
1687,W2C,1,12.3034,0.0,0,19.47,0.0288
1688,N2C,1,13.254,0.0,0,18.08,0.0152
1688,S2C,1,12.8567,0.0,0,18.64,0.0209
1688,E2C,1,12.9893,0.0,0,18.45,0.019
1688,W2C,1,12.3122,0.0,0,19.46,0.0287
1689,N2C,1,13.4398,0.0,0,17.83,0.0125
1689,S2C,1,12.8565,0.0,0,18.64,0.0209
1689,E2C,1,12.7579,0.0,0,18.78,0.0223
1689,W2C,1,12.3414,0.0,0,19.41,0.0283
1690,N2C,1,13.8444,0.0,0,17.31,0.0067
1690,S2C,1,13.208,0.0,0,18.14,0.0158
1690,E2C,1,13.1475,0.0,0,18.22,0.0167
1690,W2C,1,12.2173,0.0,0,19.61,0.0301
1691,N2C,1,13.6307,0.0,0,17.58,0.0097
1691,S2C,1,13.0127,0.0,0,18.41,0.0186
1691,E2C,1,12.8002,0.0,0,18.72,0.0217
1691,W2C,1,12.49,0.0,0,19.18,0.0262
1692,N2C,1,12.9763,0.0,0,18.46,0.0192
1692,S2C,1,12.932,0.0,0,18.53,0.0198
1692,E2C,1,13.2516,0.0,0,18.08,0.0152
1692,W2C,1,11.9362,0.0,0,20.07,0.0341
1693,N2C,2,10.7394,0.0,0,22.31,0.0574
1693,S2C,2,13.1586,0.0,0,18.21,0.0225
1693,E2C,2,12.8064,0.0,0,18.71,0.0276
1693,W2C,2,11.4059,0.0,0,21.01,0.0478
1694,N2C,2,8.1886,0.0,0,29.26,0.0941
1694,S2C,2,11.0784,0.0,0,21.63,0.0525
1694,E2C,2,12.0736,0.0,0,19.85,0.0382
1694,W2C,2,11.3554,0.0,0,21.1,0.0485
1695,N2C,2,6.4821,0.0,0,36.96,0.1187
1695,S2C,2,9.3169,0.0,0,25.72,0.0778
1695,E2C,1,13.0948,0.0,0,18.3,0.0174
1695,W2C,2,11.0243,0.0,0,21.73,0.0533
1696,N2C,2,6.3644,1.0,1,37.65,0.127
1696,S2C,2,7.8281,0.0,0,30.61,0.0993
1696,E2C,1,12.8742,0.0,0,18.61,0.0206
1696,W2C,2,10.7005,0.0,0,22.39,0.0579
1697,N2C,2,6.568,2.0,1,36.48,0.1248
1697,S2C,2,7.041,0.0,0,34.03,0.1106
1697,E2C,1,12.7966,0.0,0,18.72,0.0217
1697,W2C,2,10.833,0.0,0,22.12,0.056
1698,N2C,2,6.6593,3.0,1,35.98,0.1241
1698,S2C,2,6.5885,0.0,0,36.37,0.1171
1698,E2C,1,13.1806,0.0,0,18.18,0.0162
1698,W2C,1,12.4034,0.0,0,19.32,0.0274
1699,N2C,2,6.8045,4.0,1,35.21,0.1227
1699,S2C,2,6.5489,1.0,1,36.59,0.1244
1699,E2C,1,13.2367,0.0,0,18.1,0.0154
1699,W2C,1,12.5806,0.0,0,19.05,0.0249
1700,N2C,2,6.9006,5.0,1,34.72,0.122
1700,S2C,2,6.4253,2.0,1,37.29,0.1268
1700,E2C,1,13.2085,0.0,0,18.14,0.0158
1700,W2C,1,12.214,0.0,0,19.62,0.0301
1701,N2C,2,6.3731,6.0,1,37.6,0.1302
1701,S2C,2,6.9016,3.0,1,34.72,0.1206
1701,E2C,1,13.0913,0.0,0,18.3,0.0175
1701,W2C,1,12.5834,0.0,0,19.04,0.0248
1702,N2C,2,6.675,7.0,1,35.9,0.1266
1702,S2C,2,6.5787,4.0,1,36.42,0.1259
1702,E2C,1,12.8882,0.0,0,18.59,0.0204
1702,W2C,1,12.5042,0.0,0,19.16,0.026
1703,N2C,2,6.3143,8.0,1,37.95,0.1324
1703,S2C,2,6.5126,5.0,1,36.79,0.1276
1703,E2C,1,13.3014,0.0,0,18.01,0.0145
1703,W2C,1,12.4716,0.0,0,19.21,0.0264
1704,N2C,2,6.4519,9.0,1,37.14,0.1311
1704,S2C,2,6.6041,6.0,1,36.28,0.1269
1704,E2C,1,13.2321,0.0,0,18.11,0.0155
1704,W2C,1,12.1935,0.0,0,19.65,0.0304
1705,N2C,2,6.9418,10.0,1,34.52,0.1247
1705,S2C,2,6.4479,7.0,1,37.16,0.1298
1705,E2C,1,12.8642,0.0,0,18.63,0.0208
1705,W2C,1,12.1895,0.0,0,19.66,0.0305
1706,N2C,2,6.5799,11.0,1,36.41,0.1306
1706,S2C,2,6.6501,8.0,1,36.03,0.1276
1706,E2C,1,13.049,0.0,0,18.36,0.0181
1706,W2C,1,12.3796,0.0,0,19.35,0.0277
1707,N2C,2,6.649,12.0,1,36.04,0.1303
1707,S2C,2,6.6425,9.0,1,36.07,0.1284
1707,E2C,1,12.8009,0.0,0,18.72,0.0217
1707,W2C,1,12.3987,0.0,0,19.32,0.0275
1708,N2C,2,6.7253,13.0,1,35.63,0.1298
1708,S2C,2,6.6105,10.0,1,36.25,0.1295
1708,E2C,1,12.7745,0.0,0,18.76,0.0221
1708,W2C,1,12.673,0.0,0,18.91,0.0235
1709,N2C,2,6.7656,14.0,1,35.41,0.1299
1709,S2C,2,6.8893,11.0,1,34.78,0.1261
1709,E2C,1,12.7332,0.0,0,18.82,0.0227
1709,W2C,1,12.443,0.0,0,19.26,0.0268
1710,N2C,2,5.5367,15.0,1,43.27,0.1483
1710,S2C,2,5.3414,12.0,1,44.86,0.1491
1710,E2C,1,13.0738,0.0,0,18.33,0.0178
1710,W2C,1,12.3432,0.0,0,19.41,0.0283
1711,N2C,3,6.4957,16.0,1,36.89,0.1411
1711,S2C,3,6.84,13.0,1,35.03,0.1342
1711,E2C,2,11.9759,0.0,0,20.01,0.0396
1711,W2C,2,12.2159,0.0,0,19.61,0.0361
1712,N2C,3,4.718,17.0,1,50.78,0.1674
1712,S2C,3,5.1176,14.0,1,46.82,0.1596
1712,E2C,2,11.51,0.0,0,20.82,0.0463
1712,W2C,2,12.0135,0.0,0,19.94,0.039
1713,N2C,3,3.8978,18.0,1,61.47,0.1799
1713,S2C,3,4.3034,15.0,1,55.68,0.172
1713,E2C,1,12.6782,0.0,0,18.9,0.0234
1713,W2C,2,11.7068,0.0,0,20.47,0.0434
1714,N2C,3,3.6367,19.0,1,65.88,0.1843
1714,S2C,3,4.2736,16.0,1,56.06,0.1731
1714,E2C,1,12.4193,0.0,0,19.29,0.0272
1714,W2C,2,11.7461,0.0,0,20.4,0.0429
1715,N2C,3,3.6112,21.0,2,66.35,0.192
1715,S2C,3,4.1261,18.0,2,58.07,0.1826
1715,E2C,1,12.7327,0.0,0,18.82,0.0227
1715,W2C,2,8.9489,0.0,0,26.77,0.0831
1716,N2C,3,3.9351,23.0,2,60.89,0.1887
1716,S2C,3,4.4158,20.0,2,54.26,0.1798
1716,E2C,1,12.3015,0.0,0,19.48,0.0289
1716,W2C,2,7.2521,0.0,0,33.04,0.1076
1717,N2C,1,12.4024,0.0,0,19.32,0.0274
1717,S2C,1,13.1758,0.0,0,18.18,0.0163
1717,E2C,1,12.8319,0.0,0,18.67,0.0212
1717,W2C,2,6.3742,0.0,0,37.59,0.1202
1718,N2C,1,12.5667,0.0,0,19.07,0.0251
1718,S2C,1,13.3696,0.0,0,17.92,0.0135
1718,E2C,1,12.6607,0.0,0,18.92,0.0237
1718,W2C,2,6.3312,1.0,1,37.84,0.1275
1719,N2C,1,12.4033,0.0,0,19.32,0.0274
1719,S2C,1,13.0691,0.0,0,18.33,0.0178
1719,E2C,1,12.2776,0.0,0,19.52,0.0292
1719,W2C,2,6.8571,2.0,1,34.94,0.1206
1720,N2C,1,12.7204,0.0,0,18.84,0.0228
1720,S2C,1,13.0151,0.0,0,18.41,0.0186
1720,E2C,1,12.5163,0.0,0,19.14,0.0258
1720,W2C,2,6.9161,3.0,1,34.64,0.1204
1721,N2C,1,12.49,0.0,0,19.18,0.0262
1721,S2C,1,13.2258,0.0,0,18.12,0.0156
1721,E2C,1,12.2262,0.0,0,19.6,0.03
1721,W2C,2,6.4468,4.0,1,37.17,0.1278
1722,N2C,1,12.5768,0.0,0,19.05,0.0249
1722,S2C,1,13.0743,0.0,0,18.33,0.0177
1722,E2C,1,12.6794,0.0,0,18.9,0.0234
1722,W2C,2,6.644,5.0,1,36.06,0.1257
1723,N2C,1,12.5436,0.0,0,19.1,0.0254
1723,S2C,1,13.1262,0.0,0,18.25,0.017
1723,E2C,1,12.4085,0.0,0,19.31,0.0273
1723,W2C,2,6.3364,6.0,1,37.81,0.1308
1724,N2C,1,12.4693,0.0,0,19.22,0.0265
1724,S2C,1,13.5509,0.0,0,17.68,0.0109
1724,E2C,1,12.7751,0.0,0,18.76,0.0221
1724,W2C,2,6.6411,7.0,1,36.08,0.127
1725,N2C,1,12.7857,0.0,0,18.74,0.0219
1725,S2C,1,13.4185,0.0,0,17.86,0.0128
1725,E2C,1,12.8098,0.0,0,18.7,0.0216
1725,W2C,2,6.694,8.0,1,35.79,0.1269
1726,N2C,1,12.4475,0.0,0,19.25,0.0268
1726,S2C,1,13.4285,0.0,0,17.84,0.0126
1726,E2C,1,12.5289,0.0,0,19.12,0.0256
1726,W2C,2,6.8743,9.0,1,34.85,0.125
1727,N2C,1,12.6885,0.0,0,18.88,0.0233
1727,S2C,1,13.1632,0.0,0,18.2,0.0165
1727,E2C,1,12.7596,0.0,0,18.78,0.0223
1727,W2C,2,6.8702,10.0,1,34.88,0.1257
1728,N2C,1,12.6781,0.0,0,18.9,0.0235
1728,S2C,1,13.5042,0.0,0,17.74,0.0116
1728,E2C,1,12.447,0.0,0,19.25,0.0268
1728,W2C,2,5.4563,11.0,1,43.91,0.1468
1729,N2C,2,12.8177,0.0,0,18.69,0.0274
1729,S2C,2,13.12,0.0,0,18.26,0.0231
1729,E2C,2,12.1626,0.0,0,19.7,0.0369
1729,W2C,3,6.7325,12.0,1,35.59,0.1351
1730,N2C,2,12.2171,0.0,0,19.61,0.0361
1730,S2C,1,13.8218,0.0,0,17.33,0.007
1730,E2C,2,12.1571,0.0,0,19.71,0.037
1730,W2C,3,5.1111,13.0,1,46.88,0.1591
1731,N2C,2,12.1271,0.0,0,19.76,0.0374
1731,S2C,1,13.3568,0.0,0,17.94,0.0137
1731,E2C,2,11.9734,0.0,0,20.01,0.0396
1731,W2C,3,3.9549,14.0,1,60.58,0.1764
1732,N2C,1,13.3157,0.0,0,17.99,0.0143
1732,S2C,1,13.4776,0.0,0,17.78,0.0119
1732,E2C,2,10.0348,0.0,0,23.88,0.0675
1732,W2C,3,4.1404,16.0,2,57.87,0.1811
1733,N2C,1,13.5257,0.0,0,17.71,0.0112
1733,S2C,1,13.4365,0.0,0,17.83,0.0125
1733,E2C,2,7.796,0.0,0,30.73,0.0997
1733,W2C,3,3.7581,18.0,2,63.76,0.1879
1734,N2C,1,13.7362,0.0,0,17.44,0.0082
1734,S2C,1,13.8789,0.0,0,17.26,0.0062
1734,E2C,2,6.8196,0.0,0,35.13,0.1138
1734,W2C,3,3.7325,20.0,2,64.19,0.1896
1735,N2C,1,13.4365,0.0,0,17.83,0.0125
1735,S2C,1,13.4098,0.0,0,17.87,0.0129
1735,E2C,2,6.4241,0.0,0,37.3,0.1195
1735,W2C,3,3.7299,22.0,2,64.24,0.191
1736,N2C,1,13.5701,0.0,0,17.66,0.0106
1736,S2C,1,13.5192,0.0,0,17.72,0.0113
1736,E2C,2,6.8353,1.0,1,35.05,0.1202
1736,W2C,3,3.9924,24.0,2,60.01,0.1885
1737,N2C,1,13.767,0.0,0,17.4,0.0078
1737,S2C,1,13.4667,0.0,0,17.79,0.0121
1737,E2C,2,6.3405,2.0,1,37.79,0.128
1737,W2C,3,3.9317,26.0,2,60.94,0.1907
1738,N2C,1,13.4813,0.0,0,17.77,0.0119
1738,S2C,1,13.2947,0.0,0,18.02,0.0146
1738,E2C,2,6.6544,3.0,1,36.01,0.1242
1738,W2C,3,3.9151,28.0,2,61.2,0.1923
1739,N2C,1,13.4382,0.0,0,17.83,0.0125
1739,S2C,1,13.5404,0.0,0,17.7,0.011
1739,E2C,2,6.3619,4.0,1,37.66,0.1291
1739,W2C,3,4.1237,30.0,2,58.1,0.1906
1740,N2C,1,13.335,0.0,0,17.97,0.014
1740,S2C,1,13.4072,0.0,0,17.87,0.013
1740,E2C,2,6.4465,5.0,1,37.17,0.1285
1740,W2C,3,4.0111,32.0,2,59.73,0.1936
1741,N2C,1,13.774,0.0,0,17.4,0.0077
1741,S2C,1,13.5586,0.0,0,17.67,0.0108
1741,E2C,2,6.868,6.0,1,34.89,0.1231
1741,W2C,3,3.7921,34.0,2,63.18,0.1981
1742,N2C,1,13.3138,0.0,0,18.0,0.0143
1742,S2C,1,13.5795,0.0,0,17.64,0.0105
1742,E2C,2,6.7063,7.0,1,35.73,0.1261
1742,W2C,3,3.7599,36.0,2,63.72,0.1999
1743,N2C,1,13.8247,0.0,0,17.33,0.0069
1743,S2C,1,13.5513,0.0,0,17.68,0.0109
1743,E2C,2,6.3881,8.0,1,37.51,0.1314
1743,W2C,3,4.0008,38.0,2,59.89,0.1977
1744,N2C,1,13.3066,0.0,0,18.01,0.0144
1744,S2C,1,13.7543,0.0,0,17.42,0.008
1744,E2C,2,6.344,9.0,1,37.77,0.1327
1744,W2C,3,3.7515,40.0,2,63.87,0.2026
1745,N2C,1,13.6299,0.0,0,17.58,0.0097
1745,S2C,1,13.2638,0.0,0,18.06,0.015
1745,E2C,2,6.7866,10.0,1,35.3,0.1269
1745,W2C,3,3.8385,42.0,2,62.42,0.2027
1746,N2C,1,13.8548,0.0,0,17.29,0.0065
1746,S2C,1,13.3006,0.0,0,18.01,0.0145
1746,E2C,2,6.0503,11.0,1,39.6,0.1382
1746,W2C,3,3.7793,44.0,2,63.4,0.2049
1747,N2C,1,13.89,0.0,0,17.25,0.006
1747,S2C,1,13.3719,0.0,0,17.92,0.0135
1747,E2C,3,7.1995,12.0,1,33.28,0.1283
1747,W2C,4,6.5341,46.0,2,36.67,0.1726
1748,N2C,1,13.7965,0.0,0,17.37,0.0073
1748,S2C,1,12.9005,0.0,0,18.57,0.0202
1748,E2C,3,6.088,13.0,1,39.36,0.145
1748,W2C,4,5.6774,48.0,2,42.2,0.1863
1749,N2C,1,13.7237,0.0,0,17.46,0.0084
1749,S2C,1,13.2155,0.0,0,18.13,0.0157
1749,E2C,3,4.5968,14.0,1,52.12,0.1671
1749,W2C,4,4.554,50.0,2,52.61,0.2038
1750,N2C,1,13.7908,0.0,0,17.37,0.0074
1750,S2C,1,12.9288,0.0,0,18.53,0.0198
1750,E2C,1,13.4949,0.0,0,17.75,0.0117
1750,W2C,2,7.2836,0.0,0,32.9,0.1071
1751,N2C,1,13.7186,0.0,0,17.47,0.0085
1751,S2C,1,13.0036,0.0,0,18.43,0.0188
1751,E2C,1,13.8746,0.0,0,17.27,0.0062
1751,W2C,2,8.2319,0.0,0,29.11,0.0935
1752,N2C,1,13.7313,0.0,0,17.45,0.0083
1752,S2C,1,13.3411,0.0,0,17.96,0.0139
1752,E2C,1,13.5994,0.0,0,17.62,0.0102
1752,W2C,2,8.8932,0.0,0,26.94,0.0839
1753,N2C,1,13.5587,0.0,0,17.67,0.0108
1753,S2C,1,12.8493,0.0,0,18.65,0.021
1753,E2C,1,13.3493,0.0,0,17.95,0.0138
1753,W2C,1,13.3355,0.0,0,17.97,0.014
1754,N2C,1,13.322,0.0,0,17.99,0.0142
1754,S2C,1,13.1183,0.0,0,18.26,0.0171
1754,E2C,1,13.5073,0.0,0,17.74,0.0115
1754,W2C,1,13.4663,0.0,0,17.79,0.0121
1755,N2C,1,13.8403,0.0,0,17.31,0.0067
1755,S2C,1,13.2141,0.0,0,18.13,0.0157
1755,E2C,1,13.4021,0.0,0,17.88,0.013
1755,W2C,1,13.6159,0.0,0,17.6,0.0099
1756,N2C,1,13.2947,0.0,0,18.02,0.0146
1756,S2C,1,13.3159,0.0,0,17.99,0.0143
1756,E2C,1,13.7937,0.0,0,17.37,0.0074
1756,W2C,1,13.6491,0.0,0,17.55,0.0095
1757,N2C,1,13.3978,0.0,0,17.88,0.0131
1757,S2C,1,13.3297,0.0,0,17.97,0.0141
1757,E2C,1,13.5123,0.0,0,17.73,0.0114
1757,W2C,1,13.7159,0.0,0,17.47,0.0085
1758,N2C,1,13.6226,0.0,0,17.59,0.0098
1758,S2C,1,12.8684,0.0,0,18.62,0.0207
1758,E2C,1,13.4186,0.0,0,17.86,0.0128
1758,W2C,1,13.3522,0.0,0,17.94,0.0137
1759,N2C,1,13.5343,0.0,0,17.7,0.0111
1759,S2C,1,12.7604,0.0,0,18.78,0.0223
1759,E2C,1,13.2928,0.0,0,18.02,0.0146
1759,W2C,1,13.6472,0.0,0,17.56,0.0095
1760,N2C,1,13.3978,0.0,0,17.88,0.0131
1760,S2C,1,12.8672,0.0,0,18.62,0.0207
1760,E2C,1,13.684,0.0,0,17.51,0.009
1760,W2C,1,13.4555,0.0,0,17.81,0.0123
1761,N2C,1,13.3057,0.0,0,18.01,0.0144
1761,S2C,1,13.0194,0.0,0,18.4,0.0185
1761,E2C,1,13.2476,0.0,0,18.09,0.0153
1761,W2C,1,13.6615,0.0,0,17.54,0.0093
1762,N2C,1,13.4467,0.0,0,17.82,0.0124
1762,S2C,1,13.2434,0.0,0,18.09,0.0153
1762,E2C,1,13.8738,0.0,0,17.27,0.0062
1762,W2C,1,13.4113,0.0,0,17.87,0.0129
1763,N2C,1,13.3419,0.0,0,17.96,0.0139
1763,S2C,1,13.3411,0.0,0,17.96,0.0139
1763,E2C,1,13.8687,0.0,0,17.28,0.0063
1763,W2C,1,13.2514,0.0,0,18.08,0.0152
1764,N2C,1,12.6302,0.0,0,18.97,0.0241
1764,S2C,1,12.8281,0.0,0,18.68,0.0213
1764,E2C,1,13.534,0.0,0,17.7,0.0111
1764,W2C,1,13.6029,0.0,0,17.61,0.0101
1765,N2C,2,10.7973,0.0,0,22.19,0.0565
1765,S2C,2,13.3586,0.0,0,17.94,0.0197
1765,E2C,1,13.89,0.0,0,17.25,0.006
1765,W2C,1,13.89,0.0,0,17.25,0.006
1766,N2C,2,8.1009,0.0,0,29.58,0.0954
1766,S2C,2,11.1852,0.0,0,21.42,0.0509
1766,E2C,1,13.7729,0.0,0,17.4,0.0077
1766,W2C,1,13.433,0.0,0,17.84,0.0126
1767,N2C,2,6.4187,0.0,0,37.33,0.1196
1767,S2C,2,8.7497,0.0,0,27.38,0.086
1767,E2C,1,13.6543,0.0,0,17.55,0.0094
1767,W2C,1,13.4856,0.0,0,17.77,0.0118
1768,N2C,2,6.3004,1.0,1,38.03,0.1279
1768,S2C,2,6.6713,1.0,1,35.92,0.1226
1768,E2C,1,13.3153,0.0,0,17.99,0.0143
1768,W2C,1,13.8711,0.0,0,17.27,0.0063
1769,N2C,2,6.3566,2.0,1,37.69,0.1278
1769,S2C,2,6.31,2.0,1,37.97,0.1285
1769,E2C,1,13.2856,0.0,0,18.03,0.0147
1769,W2C,1,13.5475,0.0,0,17.69,0.0109
1770,N2C,2,6.3778,3.0,1,37.57,0.1282
1770,S2C,2,6.3746,3.0,1,37.59,0.1282
1770,E2C,1,13.8421,0.0,0,17.31,0.0067
1770,W2C,1,13.3963,0.0,0,17.89,0.0131
1771,N2C,2,6.7686,4.0,1,35.4,0.1232
1771,S2C,2,6.876,4.0,1,34.85,0.1217
1771,E2C,1,13.5954,0.0,0,17.62,0.0102
1771,W2C,1,13.8631,0.0,0,17.28,0.0064
1772,N2C,2,6.7983,5.0,1,35.24,0.1234
1772,S2C,2,6.6049,5.0,1,36.28,0.1262
1772,E2C,1,13.3451,0.0,0,17.95,0.0138
1772,W2C,1,13.6347,0.0,0,17.57,0.0097
1773,N2C,2,6.5366,6.0,1,36.66,0.1279
1773,S2C,2,6.5325,6.0,1,36.68,0.1279
1773,E2C,1,13.484,0.0,0,17.77,0.0118
1773,W2C,1,13.4045,0.0,0,17.87,0.013
1774,N2C,2,6.2964,7.0,1,38.05,0.132
1774,S2C,2,6.4194,7.0,1,37.32,0.1302
1774,E2C,1,13.6588,0.0,0,17.54,0.0093
1774,W2C,1,13.2921,0.0,0,18.03,0.0146
1775,N2C,2,6.6163,8.0,1,36.21,0.1281
1775,S2C,2,6.6342,8.0,1,36.12,0.1278
1775,E2C,1,13.3023,0.0,0,18.01,0.0145
1775,W2C,1,13.8882,0.0,0,17.25,0.006
1776,N2C,2,6.5263,9.0,1,36.71,0.13
1776,S2C,2,6.5486,9.0,1,36.59,0.1297
1776,E2C,1,13.4122,0.0,0,17.86,0.0129
1776,W2C,1,13.5484,0.0,0,17.68,0.0109
1777,N2C,2,6.7043,10.0,1,35.74,0.1281
1777,S2C,2,6.6713,10.0,1,35.92,0.1286
1777,E2C,1,13.2724,0.0,0,18.05,0.0149
1777,W2C,1,13.4081,0.0,0,17.87,0.0129
1778,N2C,2,6.3926,11.0,1,37.48,0.1333
1778,S2C,2,6.5029,11.0,1,36.84,0.1317
1778,E2C,1,13.7195,0.0,0,17.46,0.0085
1778,W2C,1,13.4414,0.0,0,17.83,0.0125
1779,N2C,2,6.8172,12.0,1,35.15,0.1278
1779,S2C,2,6.9416,12.0,1,34.52,0.126
1779,E2C,1,13.2832,0.0,0,18.04,0.0147
1779,W2C,1,13.3916,0.0,0,17.89,0.0132
1780,N2C,2,6.4929,13.0,1,36.9,0.1332
1780,S2C,2,6.7778,13.0,1,35.35,0.1291
1780,E2C,1,13.8055,0.0,0,17.36,0.0072
1780,W2C,1,13.6698,0.0,0,17.53,0.0092
1781,N2C,2,6.8978,14.0,1,34.74,0.128
1781,S2C,2,6.4689,14.0,1,37.04,0.1342
1781,E2C,1,13.3856,0.0,0,17.9,0.0133
1781,W2C,1,13.3139,0.0,0,18.0,0.0143
1782,N2C,2,6.1338,15.0,1,39.06,0.1397
1782,S2C,2,5.6181,15.0,1,42.65,0.1471
1782,E2C,1,12.7137,0.0,0,18.85,0.0229
1782,W2C,1,12.4498,0.0,0,19.25,0.0267
1783,N2C,1,13.7692,0.0,0,17.4,0.0077
1783,S2C,1,13.89,0.0,0,17.25,0.006
1783,E2C,2,10.8263,0.0,0,22.13,0.0561
1783,W2C,2,10.5946,0.0,0,22.62,0.0595
1784,N2C,1,13.2716,0.0,0,18.05,0.0149
1784,S2C,1,13.5491,0.0,0,17.68,0.0109
1784,E2C,2,8.2979,0.0,0,28.87,0.0925
1784,W2C,2,8.8886,0.0,0,26.96,0.084
1785,N2C,1,13.7405,0.0,0,17.44,0.0082
1785,S2C,1,13.7841,0.0,0,17.38,0.0075
1785,E2C,2,7.2495,0.0,0,33.05,0.1076
1785,W2C,2,6.969,0.0,0,34.38,0.1117
1786,N2C,1,13.6752,0.0,0,17.52,0.0091
1786,S2C,1,13.4067,0.0,0,17.87,0.013
1786,E2C,2,6.4478,0.0,0,37.16,0.1192
1786,W2C,2,6.5542,1.0,1,36.56,0.1243
1787,N2C,1,13.7318,0.0,0,17.45,0.0083
1787,S2C,1,13.7258,0.0,0,17.46,0.0084
1787,E2C,2,6.6547,0.0,0,36.0,0.1162
1787,W2C,2,6.5669,2.0,1,36.49,0.1248
1788,N2C,1,13.3947,0.0,0,17.89,0.0131
1788,S2C,1,13.8094,0.0,0,17.35,0.0072
1788,E2C,2,6.5829,1.0,1,36.4,0.1239
1788,W2C,2,6.7211,3.0,1,35.65,0.1232
1789,N2C,1,13.7027,0.0,0,17.49,0.0087
1789,S2C,1,13.248,0.0,0,18.09,0.0152
1789,E2C,2,6.5632,2.0,1,36.51,0.1248
1789,W2C,2,6.7599,4.0,1,35.44,0.1233
1790,N2C,1,13.2984,0.0,0,18.02,0.0145
1790,S2C,1,13.4296,0.0,0,17.84,0.0126
1790,E2C,2,6.8993,3.0,1,34.73,0.1207
1790,W2C,2,6.3564,5.0,1,37.69,0.1298
1791,N2C,1,13.5643,0.0,0,17.66,0.0107
1791,S2C,1,13.391,0.0,0,17.89,0.0132
1791,E2C,2,6.5246,4.0,1,36.72,0.1267
1791,W2C,2,6.6524,6.0,1,36.02,0.1262
1792,N2C,1,13.2783,0.0,0,18.04,0.0148
1792,S2C,1,13.6556,0.0,0,17.55,0.0094
1792,E2C,2,6.3696,5.0,1,37.62,0.1296
1792,W2C,2,6.3361,7.0,1,37.82,0.1314
1793,N2C,1,13.3504,0.0,0,17.95,0.0138
1793,S2C,1,13.678,0.0,0,17.52,0.0091
1793,E2C,2,6.5975,6.0,1,36.32,0.127
1793,W2C,2,6.6076,8.0,1,36.26,0.1282
1794,N2C,1,13.1846,0.0,0,18.17,0.0162
1794,S2C,1,13.3606,0.0,0,17.93,0.0136
1794,E2C,2,6.8083,7.0,1,35.19,0.1246
1794,W2C,2,6.2983,9.0,1,38.04,0.1333
1795,N2C,1,13.2411,0.0,0,18.1,0.0153
1795,S2C,1,13.774,0.0,0,17.4,0.0077
1795,E2C,2,6.7915,8.0,1,35.28,0.1255
1795,W2C,2,6.6845,10.0,1,35.84,0.1284
1796,N2C,1,13.7641,0.0,0,17.41,0.0078
1796,S2C,1,13.8807,0.0,0,17.26,0.0061
1796,E2C,2,6.5909,9.0,1,36.35,0.1291
1796,W2C,2,6.4649,11.0,1,37.06,0.1322
1797,N2C,1,13.469,0.0,0,17.79,0.0121
1797,S2C,1,13.4816,0.0,0,17.77,0.0119
1797,E2C,2,6.8141,10.0,1,35.16,0.1266
1797,W2C,2,6.4223,12.0,1,37.31,0.1335
1798,N2C,1,13.6799,0.0,0,17.51,0.009
1798,S2C,1,13.7473,0.0,0,17.43,0.0081
1798,E2C,2,6.7231,11.0,1,35.64,0.1285
1798,W2C,2,6.3967,13.0,1,37.46,0.1346
1799,N2C,1,13.2479,0.0,0,18.09,0.0152
1799,S2C,1,13.8632,0.0,0,17.28,0.0064
1799,E2C,2,6.7399,12.0,1,35.55,0.129
1799,W2C,2,6.5565,14.0,1,36.54,0.1329
1800,N2C,1,13.4561,0.0,0,17.81,0.0122
1800,S2C,1,13.6243,0.0,0,17.59,0.0098
1800,E2C,2,5.2386,13.0,1,45.74,0.1512
1800,W2C,2,6.1807,15.0,1,38.77,0.139
1801,N2C,2,13.149,0.0,0,18.22,0.0227
1801,S2C,1,13.89,0.0,0,17.25,0.006
1801,E2C,3,7.0853,14.0,1,33.82,0.1313
1801,W2C,3,7.2505,16.0,1,33.05,0.1303
1802,N2C,1,13.7303,0.0,0,17.45,0.0083
1802,S2C,1,13.433,0.0,0,17.84,0.0126
1802,E2C,3,5.2871,15.0,1,45.32,0.1579
1802,W2C,3,5.6981,17.0,1,42.05,0.1533
1803,N2C,1,13.6103,0.0,0,17.6,0.01
1803,S2C,1,13.5567,0.0,0,17.67,0.0108
1803,E2C,3,4.5962,16.0,1,52.13,0.1685
1803,W2C,3,4.5127,18.0,1,53.09,0.171
1804,N2C,1,13.2875,0.0,0,18.03,0.0147
1804,S2C,1,13.4359,0.0,0,17.83,0.0125
1804,E2C,3,4.5044,18.0,2,53.19,0.1771
1804,W2C,3,4.3586,20.0,2,54.97,0.1806
1805,N2C,1,13.5305,0.0,0,17.71,0.0112
1805,S2C,1,13.7363,0.0,0,17.44,0.0082
1805,E2C,3,4.2711,20.0,2,56.1,0.1818
1805,W2C,3,4.5766,22.0,2,52.35,0.1788
1806,N2C,1,13.2069,0.0,0,18.14,0.0158
1806,S2C,1,13.2505,0.0,0,18.08,0.0152
1806,E2C,3,4.4385,22.0,2,53.98,0.1808
1806,W2C,3,4.3036,24.0,2,55.67,0.184
1807,N2C,1,13.2397,0.0,0,18.1,0.0154
1807,S2C,1,13.3063,0.0,0,18.01,0.0144
1807,E2C,3,4.2803,24.0,2,55.98,0.1844
1807,W2C,3,4.2129,26.0,2,56.87,0.1867
1808,N2C,1,13.6327,0.0,0,17.58,0.0097
1808,S2C,1,13.5395,0.0,0,17.7,0.011
1808,E2C,3,4.4526,26.0,2,53.81,0.1832
1808,W2C,3,4.3012,28.0,2,55.71,0.1867
1809,N2C,1,13.628,0.0,0,17.58,0.0098
1809,S2C,1,13.8311,0.0,0,17.32,0.0068
1809,E2C,3,4.5869,28.0,2,52.24,0.1826
1809,W2C,3,4.2505,30.0,2,56.37,0.1888
1810,N2C,1,13.2711,0.0,0,18.05,0.0149
1810,S2C,1,13.7923,0.0,0,17.37,0.0074
1810,E2C,3,4.3646,30.0,2,54.9,0.1872
1810,W2C,3,4.5602,32.0,2,52.54,0.1857
1811,N2C,1,13.2402,0.0,0,18.1,0.0154
1811,S2C,1,13.3277,0.0,0,17.98,0.0141
1811,E2C,3,4.3758,32.0,2,54.76,0.1883
1811,W2C,3,4.3118,34.0,2,55.57,0.1906
1812,N2C,1,13.5196,0.0,0,17.72,0.0113
1812,S2C,1,13.5385,0.0,0,17.7,0.0111
1812,E2C,3,4.4111,34.0,2,54.32,0.1892
1812,W2C,3,4.3659,36.0,2,54.88,0.1911
1813,N2C,1,13.6542,0.0,0,17.55,0.0094
1813,S2C,1,13.4829,0.0,0,17.77,0.0119
1813,E2C,3,4.2261,36.0,2,56.69,0.1931
1813,W2C,3,4.2704,38.0,2,56.11,0.1938
1814,N2C,1,13.7035,0.0,0,17.48,0.0087
1814,S2C,1,13.8312,0.0,0,17.32,0.0068
1814,E2C,3,4.2757,38.0,2,56.04,0.1938
1814,W2C,3,4.2528,40.0,2,56.34,0.1954
1815,N2C,1,13.7298,0.0,0,17.45,0.0083
1815,S2C,1,13.5635,0.0,0,17.67,0.0107
1815,E2C,3,4.461,40.0,2,53.71,0.1924
1815,W2C,3,4.4178,42.0,2,54.24,0.1944
1816,N2C,1,13.4057,0.0,0,17.87,0.013
1816,S2C,1,13.6978,0.0,0,17.49,0.0088
1816,E2C,1,13.4691,0.0,0,17.79,0.0121
1816,W2C,1,13.6593,0.0,0,17.54,0.0093
1817,N2C,1,13.5088,0.0,0,17.74,0.0115
1817,S2C,1,13.3677,0.0,0,17.92,0.0135
1817,E2C,1,13.3274,0.0,0,17.98,0.0141
1817,W2C,1,13.7395,0.0,0,17.44,0.0082
1818,N2C,1,12.9914,0.0,0,18.44,0.0189
1818,S2C,1,12.4026,0.0,0,19.32,0.0274
1818,E2C,1,12.5675,0.0,0,19.07,0.025
1818,W2C,1,12.3359,0.0,0,19.42,0.0284
1819,N2C,2,10.9903,0.0,0,21.8,0.0538
1819,S2C,2,10.1396,0.0,0,23.63,0.066
1819,E2C,2,12.2601,0.0,0,19.54,0.0355
1819,W2C,2,11.3054,0.0,0,21.19,0.0492
1820,N2C,2,8.1397,0.0,0,29.44,0.0948
1820,S2C,2,8.3706,0.0,0,28.62,0.0915
1820,E2C,1,13.4999,0.0,0,17.75,0.0116
1820,W2C,1,12.6019,0.0,0,19.01,0.0245
1821,N2C,2,6.819,0.0,0,35.14,0.1138
1821,S2C,2,6.9416,0.0,0,34.52,0.112
1821,E2C,1,13.0596,0.0,0,18.35,0.018
1821,W2C,1,12.6215,0.0,0,18.98,0.0243
1822,N2C,2,6.3579,1.0,1,37.69,0.1271
1822,S2C,2,6.1352,0.0,0,39.05,0.1237
1822,E2C,1,13.4724,0.0,0,17.78,0.012
1822,W2C,1,12.6942,0.0,0,18.87,0.0232
1823,N2C,2,6.7774,2.0,1,35.35,0.1217
1823,S2C,2,6.6146,0.0,0,36.22,0.1168
1823,E2C,1,13.1591,0.0,0,18.21,0.0165
1823,W2C,1,12.5761,0.0,0,19.05,0.0249
1824,N2C,2,6.726,3.0,1,35.62,0.1232
1824,S2C,2,6.4638,1.0,1,37.07,0.1256
1824,E2C,1,12.9684,0.0,0,18.48,0.0193
1824,W2C,1,12.5264,0.0,0,19.13,0.0256
1825,N2C,2,6.8606,4.0,1,34.92,0.1219
1825,S2C,2,6.5261,2.0,1,36.71,0.1254
1825,E2C,1,13.1486,0.0,0,18.22,0.0167
1825,W2C,1,12.7663,0.0,0,18.77,0.0222
1826,N2C,2,6.4701,5.0,1,37.03,0.1282
1826,S2C,2,6.2813,3.0,1,38.15,0.1296
1826,E2C,1,13.1285,0.0,0,18.25,0.017
1826,W2C,1,12.8071,0.0,0,18.71,0.0216
1827,N2C,2,6.557,6.0,1,36.54,0.1276
1827,S2C,2,6.5203,4.0,1,36.75,0.1268
1827,E2C,1,13.5024,0.0,0,17.75,0.0116
1827,W2C,1,12.7188,0.0,0,18.84,0.0229
1828,N2C,2,6.7316,7.0,1,35.59,0.1257
1828,S2C,2,6.3632,5.0,1,37.65,0.1297
1828,E2C,1,12.973,0.0,0,18.47,0.0192
1828,W2C,1,12.4919,0.0,0,19.18,0.0261
1829,N2C,2,6.5915,8.0,1,36.35,0.1284
1829,S2C,2,6.0334,6.0,1,39.71,0.1351
1829,E2C,1,13.3246,0.0,0,17.98,0.0141
1829,W2C,1,12.764,0.0,0,18.77,0.0222
1830,N2C,2,6.6918,9.0,1,35.81,0.1276
1830,S2C,2,6.5623,7.0,1,36.51,0.1282
1830,E2C,1,12.9629,0.0,0,18.48,0.0193
1830,W2C,1,12.4125,0.0,0,19.3,0.0273
1831,N2C,2,6.9232,10.0,1,34.61,0.125
1831,S2C,2,6.4376,8.0,1,37.22,0.1306
1831,E2C,1,13.3277,0.0,0,17.98,0.0141
1831,W2C,1,12.8504,0.0,0,18.65,0.021
1832,N2C,2,6.8867,11.0,1,34.79,0.1262
1832,S2C,2,6.3598,9.0,1,37.67,0.1324
1832,E2C,1,13.4885,0.0,0,17.76,0.0118
1832,W2C,1,12.4232,0.0,0,19.29,0.0271
1833,N2C,2,6.5239,12.0,1,36.73,0.1321
1833,S2C,2,6.0981,10.0,1,39.29,0.1369
1833,E2C,1,13.3824,0.0,0,17.9,0.0133
1833,W2C,1,12.5279,0.0,0,19.13,0.0256
1834,N2C,2,6.6375,13.0,1,36.1,0.1311
1834,S2C,2,6.3474,11.0,1,37.75,0.1339
1834,E2C,1,13.474,0.0,0,17.78,0.012
1834,W2C,1,12.3889,0.0,0,19.34,0.0276
1835,N2C,2,6.614,14.0,1,36.23,0.1321
1835,S2C,2,6.5834,12.0,1,36.39,0.1312
1835,E2C,1,13.2508,0.0,0,18.08,0.0152
1835,W2C,1,12.5681,0.0,0,19.06,0.025
1836,N2C,2,5.5825,15.0,1,42.92,0.1476
1836,S2C,2,6.3641,13.0,1,37.65,0.135
1836,E2C,1,13.0171,0.0,0,18.41,0.0186
1836,W2C,1,12.6922,0.0,0,18.88,0.0232
1837,N2C,3,6.978,16.0,1,34.34,0.1342
1837,S2C,3,7.9213,14.0,1,30.25,0.1193
1837,E2C,1,13.6013,0.0,0,17.62,0.0102
1837,W2C,2,12.5124,0.0,0,19.15,0.0318
1838,N2C,3,5.3831,17.0,1,44.51,0.1578
1838,S2C,3,6.3041,15.0,1,38.01,0.1432
1838,E2C,1,13.89,0.0,0,17.25,0.006
1838,W2C,2,12.0991,0.0,0,19.8,0.0378
1839,N2C,3,4.4511,18.0,1,53.83,0.1719
1839,S2C,3,4.4967,16.0,1,53.28,0.1699
1839,E2C,1,13.3584,0.0,0,17.94,0.0137
1839,W2C,2,11.9691,0.0,0,20.02,0.0397
1840,N2C,3,4.3577,19.0,1,54.98,0.1739
1840,S2C,3,4.5665,17.0,1,52.47,0.1696
1840,E2C,1,13.438,0.0,0,17.83,0.0125
1840,W2C,1,13.7258,0.0,0,17.46,0.0084
1841,N2C,3,4.3396,21.0,2,55.21,0.1815
1841,S2C,3,4.5214,19.0,2,52.99,0.1776
1841,E2C,1,13.7561,0.0,0,17.42,0.0079
1841,W2C,1,13.3446,0.0,0,17.95,0.0139
1842,N2C,3,4.5823,23.0,2,52.29,0.1794
1842,S2C,3,4.2746,21.0,2,56.05,0.1825
1842,E2C,1,13.7399,0.0,0,17.44,0.0082
1842,W2C,1,13.5313,0.0,0,17.71,0.0112
1843,N2C,3,4.5878,25.0,2,52.23,0.1806
1843,S2C,3,4.2022,23.0,2,57.02,0.1848
1843,E2C,1,13.773,0.0,0,17.4,0.0077
1843,W2C,1,13.3346,0.0,0,17.97,0.014
1844,N2C,3,4.3552,27.0,2,55.01,0.1853
1844,S2C,3,4.5457,25.0,2,52.71,0.1812
1844,E2C,1,13.8732,0.0,0,17.27,0.0062
1844,W2C,1,13.5024,0.0,0,17.75,0.0116
1845,N2C,3,4.2114,29.0,2,56.89,0.1887
1845,S2C,3,4.2023,27.0,2,57.02,0.1875
1845,E2C,1,13.5753,0.0,0,17.65,0.0105
1845,W2C,1,13.2971,0.0,0,18.02,0.0145
1846,N2C,3,4.4026,31.0,2,54.42,0.1873
1846,S2C,3,4.2711,29.0,2,56.1,0.1878
1846,E2C,1,13.6837,0.0,0,17.51,0.009
1846,W2C,1,13.1579,0.0,0,18.21,0.0165
1847,N2C,3,4.2606,33.0,2,56.24,0.1907
1847,S2C,3,4.3776,31.0,2,54.73,0.1876
1847,E2C,1,13.257,0.0,0,18.07,0.0151
1847,W2C,1,13.6818,0.0,0,17.51,0.009
1848,N2C,3,4.4318,35.0,2,54.06,0.1895
1848,S2C,3,4.3899,33.0,2,54.58,0.1888
1848,E2C,1,13.5613,0.0,0,17.67,0.0107
1848,W2C,1,13.2526,0.0,0,18.08,0.0152
1849,N2C,1,13.3388,0.0,0,17.96,0.0139
1849,S2C,1,13.3129,0.0,0,18.0,0.0143
1849,E2C,1,13.7226,0.0,0,17.46,0.0084
1849,W2C,1,13.2268,0.0,0,18.11,0.0155
1850,N2C,1,13.658,0.0,0,17.54,0.0093
1850,S2C,1,13.3519,0.0,0,17.95,0.0137
1850,E2C,1,13.4622,0.0,0,17.8,0.0122
1850,W2C,1,13.3738,0.0,0,17.92,0.0134
1851,N2C,1,13.2752,0.0,0,18.05,0.0149
1851,S2C,1,13.5284,0.0,0,17.71,0.0112
1851,E2C,1,13.8104,0.0,0,17.35,0.0071
1851,W2C,1,13.3024,0.0,0,18.01,0.0145
1852,N2C,1,13.4726,0.0,0,17.78,0.012
1852,S2C,1,13.7893,0.0,0,17.38,0.0075
1852,E2C,1,13.5037,0.0,0,17.74,0.0116
1852,W2C,1,13.2375,0.0,0,18.1,0.0154
1853,N2C,1,13.79,0.0,0,17.37,0.0074
1853,S2C,1,13.6051,0.0,0,17.61,0.0101
1853,E2C,1,13.5997,0.0,0,17.62,0.0102
1853,W2C,1,13.2992,0.0,0,18.02,0.0145
1854,N2C,1,13.8523,0.0,0,17.3,0.0065
1854,S2C,1,13.4084,0.0,0,17.87,0.0129
1854,E2C,1,13.2935,0.0,0,18.02,0.0146
1854,W2C,1,13.4668,0.0,0,17.79,0.0121
1855,N2C,1,13.6685,0.0,0,17.53,0.0092
1855,S2C,2,11.9077,0.0,0,20.12,0.0405
1855,E2C,2,12.3801,0.0,0,19.35,0.0337
1855,W2C,2,11.5724,0.0,0,20.7,0.0454
1856,N2C,1,13.1338,0.0,0,18.24,0.0169
1856,S2C,1,12.1827,0.0,0,19.67,0.0306
1856,E2C,2,10.3341,0.0,0,23.19,0.0632
1856,W2C,2,8.9888,0.0,0,26.66,0.0826
1857,N2C,1,13.2062,0.0,0,18.14,0.0158
1857,S2C,1,12.4318,0.0,0,19.27,0.027
1857,E2C,2,8.2352,0.0,0,29.09,0.0934
1857,W2C,2,7.019,0.0,0,34.14,0.1109
1858,N2C,1,13.6664,0.0,0,17.53,0.0092
1858,S2C,1,12.364,0.0,0,19.38,0.028
1858,E2C,2,6.6976,0.0,0,35.77,0.1156
1858,W2C,2,6.4439,0.0,0,37.18,0.1192
1859,N2C,1,13.5241,0.0,0,17.72,0.0113
1859,S2C,1,12.3285,0.0,0,19.43,0.0285
1859,E2C,2,6.8385,0.0,0,35.04,0.1135
1859,W2C,2,6.781,0.0,0,35.33,0.1144
1860,N2C,1,13.1484,0.0,0,18.22,0.0167
1860,S2C,1,12.175,0.0,0,19.68,0.0307
1860,E2C,2,6.8792,1.0,1,34.83,0.1196
1860,W2C,2,6.9376,1.0,1,34.54,0.1188
1861,N2C,1,13.5287,0.0,0,17.71,0.0112
1861,S2C,1,12.1166,0.0,0,19.77,0.0315
1861,E2C,2,6.5968,2.0,1,36.32,0.1243
1861,W2C,2,6.8143,2.0,1,35.16,0.1212
1862,N2C,1,13.491,0.0,0,17.76,0.0117
1862,S2C,1,12.0658,0.0,0,19.86,0.0323
1862,E2C,2,6.8162,3.0,1,35.15,0.1219
1862,W2C,2,6.3141,3.0,1,37.95,0.1291
1863,N2C,1,13.6504,0.0,0,17.55,0.0094
1863,S2C,1,12.1995,0.0,0,19.64,0.0303
1863,E2C,2,6.379,4.0,1,37.56,0.1288
1863,W2C,2,6.5283,4.0,1,36.7,0.1267
1864,N2C,1,13.5274,0.0,0,17.71,0.0112
1864,S2C,1,12.3132,0.0,0,19.46,0.0287
1864,E2C,2,6.5895,5.0,1,36.36,0.1265
1864,W2C,2,6.7352,5.0,1,35.57,0.1244
1865,N2C,1,13.6344,0.0,0,17.57,0.0097
1865,S2C,1,12.2909,0.0,0,19.49,0.029
1865,E2C,2,6.8659,6.0,1,34.9,0.1231
1865,W2C,2,6.5264,6.0,1,36.71,0.128
1866,N2C,1,13.0782,0.0,0,18.32,0.0177
1866,S2C,1,11.953,0.0,0,20.05,0.0339
1866,E2C,2,6.3895,7.0,1,37.5,0.1307
1866,W2C,2,6.9092,7.0,1,34.68,0.1232
1867,N2C,1,13.498,0.0,0,17.75,0.0116
1867,S2C,1,12.0851,0.0,0,19.83,0.032
1867,E2C,2,6.3328,8.0,1,37.83,0.1321
1867,W2C,2,6.5187,8.0,1,36.76,0.1295
1868,N2C,1,13.5261,0.0,0,17.71,0.0112
1868,S2C,1,12.0891,0.0,0,19.82,0.0319
1868,E2C,2,6.7809,9.0,1,35.33,0.1264
1868,W2C,2,6.7451,9.0,1,35.52,0.1269
1869,N2C,1,13.6328,0.0,0,17.58,0.0097
1869,S2C,1,12.0643,0.0,0,19.86,0.0323
1869,E2C,2,6.5473,10.0,1,36.6,0.1304
1869,W2C,2,6.8308,10.0,1,35.08,0.1263
1870,N2C,1,13.5196,0.0,0,17.72,0.0113
1870,S2C,1,12.0895,0.0,0,19.82,0.0319
1870,E2C,2,6.3286,11.0,1,37.86,0.1342
1870,W2C,2,6.3153,11.0,1,37.94,0.1344
1871,N2C,1,13.1823,0.0,0,18.18,0.0162
1871,S2C,1,12.3185,0.0,0,19.45,0.0286
1871,E2C,2,6.4833,12.0,1,36.96,0.1326
1871,W2C,2,6.418,12.0,1,37.33,0.1336
1872,N2C,1,13.4194,0.0,0,17.85,0.0128
1872,S2C,1,12.4693,0.0,0,19.22,0.0265
1872,E2C,2,5.6942,13.0,1,42.08,0.1447
1872,W2C,2,5.7928,13.0,1,41.36,0.1433
1873,N2C,2,13.3923,0.0,0,17.89,0.0192
1873,S2C,2,11.942,0.0,0,20.06,0.04
1873,E2C,3,6.8314,14.0,1,35.07,0.135
1873,W2C,3,7.0897,14.0,1,33.8,0.1313
1874,N2C,1,13.8627,0.0,0,17.28,0.0064
1874,S2C,2,12.3806,0.0,0,19.35,0.0337
1874,E2C,3,5.2359,15.0,1,45.76,0.1586
1874,W2C,3,5.2009,15.0,1,46.07,0.1591
1875,N2C,1,13.4288,0.0,0,17.84,0.0126
1875,S2C,2,11.8228,0.0,0,20.27,0.0418
1875,E2C,3,4.134,16.0,1,57.96,0.1751
1875,W2C,3,4.6354,16.0,1,51.69,0.1679
1876,N2C,1,13.6063,0.0,0,17.61,0.0101
1876,S2C,2,12.1058,0.0,0,19.79,0.0377
1876,E2C,3,3.9809,18.0,2,60.19,0.1847
1876,W2C,3,4.5539,18.0,2,52.61,0.1764
1877,N2C,1,13.4936,0.0,0,17.76,0.0117
1877,S2C,2,11.9185,0.0,0,20.1,0.0404
1877,E2C,3,3.9355,20.0,2,60.88,0.1867
1877,W2C,3,4.5001,20.0,2,53.24,0.1785
1878,N2C,1,13.3584,0.0,0,17.94,0.0137
1878,S2C,1,13.8105,0.0,0,17.35,0.0071
1878,E2C,3,4.1842,22.0,2,57.26,0.1844
1878,W2C,3,4.5529,22.0,2,52.63,0.1791
1879,N2C,1,13.3242,0.0,0,17.98,0.0141
1879,S2C,1,13.7621,0.0,0,17.41,0.0078
1879,E2C,3,3.9919,24.0,2,60.02,0.1885
1879,W2C,3,4.3082,24.0,2,55.61,0.184
1880,N2C,1,13.5799,0.0,0,17.64,0.0105
1880,S2C,1,13.6506,0.0,0,17.55,0.0094
1880,E2C,3,4.2628,26.0,2,56.21,0.186
1880,W2C,3,4.589,26.0,2,52.21,0.1813
1881,N2C,1,13.641,0.0,0,17.56,0.0096
1881,S2C,1,13.3764,0.0,0,17.91,0.0134
1881,E2C,3,4.0298,28.0,2,59.46,0.1906
1881,W2C,3,4.6095,28.0,2,51.98,0.1823
1882,N2C,1,13.5589,0.0,0,17.67,0.0108
1882,S2C,1,13.6185,0.0,0,17.59,0.0099
1882,E2C,1,12.8046,0.0,0,18.71,0.0216
1882,W2C,1,13.3576,0.0,0,17.94,0.0137
1883,N2C,1,13.5932,0.0,0,17.63,0.0103
1883,S2C,1,13.8177,0.0,0,17.34,0.007
1883,E2C,1,12.9955,0.0,0,18.44,0.0189
1883,W2C,1,13.8175,0.0,0,17.34,0.007
1884,N2C,1,13.3589,0.0,0,17.94,0.0136
1884,S2C,1,13.4977,0.0,0,17.75,0.0116
1884,E2C,1,13.1178,0.0,0,18.27,0.0171
1884,W2C,1,13.3224,0.0,0,17.98,0.0142
1885,N2C,1,13.3273,0.0,0,17.98,0.0141
1885,S2C,1,13.6377,0.0,0,17.57,0.0096
1885,E2C,1,13.2995,0.0,0,18.02,0.0145
1885,W2C,1,13.4372,0.0,0,17.83,0.0125
1886,N2C,1,13.442,0.0,0,17.82,0.0125
1886,S2C,1,13.8431,0.0,0,17.31,0.0067
1886,E2C,1,13.0778,0.0,0,18.32,0.0177
1886,W2C,1,13.8072,0.0,0,17.35,0.0072
1887,N2C,1,13.5304,0.0,0,17.71,0.0112
1887,S2C,1,13.4183,0.0,0,17.86,0.0128
1887,E2C,1,12.8761,0.0,0,18.61,0.0206
1887,W2C,1,13.8563,0.0,0,17.29,0.0065
1888,N2C,1,13.3497,0.0,0,17.95,0.0138
1888,S2C,1,13.6311,0.0,0,17.58,0.0097
1888,E2C,1,13.3604,0.0,0,17.93,0.0136
1888,W2C,1,13.39,0.0,0,17.89,0.0132
1889,N2C,1,13.4473,0.0,0,17.82,0.0124
1889,S2C,1,13.3943,0.0,0,17.89,0.0131
1889,E2C,1,13.2137,0.0,0,18.13,0.0157
1889,W2C,1,13.6878,0.0,0,17.5,0.0089
1890,N2C,1,13.0976,0.0,0,18.29,0.0174
1890,S2C,1,12.1602,0.0,0,19.7,0.0309
1890,E2C,1,13.1877,0.0,0,18.17,0.0161
1890,W2C,1,13.7912,0.0,0,17.37,0.0074
1891,N2C,2,10.688,0.0,0,22.42,0.0581
1891,S2C,2,10.4305,0.0,0,22.97,0.0618
1891,E2C,2,12.7283,0.0,0,18.82,0.0287
1891,W2C,1,13.89,0.0,0,17.25,0.006
1892,N2C,2,8.324,0.0,0,28.78,0.0921
1892,S2C,2,8.1872,0.0,0,29.27,0.0941
1892,E2C,2,12.8404,0.0,0,18.66,0.0271
1892,W2C,1,13.7868,0.0,0,17.38,0.0075
1893,N2C,2,6.2444,1.0,1,38.37,0.1288
1893,S2C,2,6.4558,0.0,0,37.11,0.119
1893,E2C,1,13.3002,0.0,0,18.01,0.0145
1893,W2C,1,13.4006,0.0,0,17.88,0.013
1894,N2C,2,6.0193,2.0,1,39.81,0.1327
1894,S2C,2,6.8416,0.0,0,35.02,0.1135
1894,E2C,1,13.172,0.0,0,18.19,0.0163
1894,W2C,1,13.5894,0.0,0,17.63,0.0103
1895,N2C,2,6.3079,3.0,1,37.98,0.1292
1895,S2C,2,6.3962,1.0,1,37.46,0.1266
1895,E2C,1,13.1573,0.0,0,18.21,0.0166
1895,W2C,1,13.6141,0.0,0,17.6,0.01
1896,N2C,2,6.3419,4.0,1,37.78,0.1294
1896,S2C,2,6.5035,2.0,1,36.84,0.1257
1896,E2C,1,13.1613,0.0,0,18.2,0.0165
1896,W2C,1,13.8517,0.0,0,17.3,0.0066
1897,N2C,2,6.4483,5.0,1,37.16,0.1285
1897,S2C,2,6.4187,3.0,1,37.33,0.1276
1897,E2C,1,13.0469,0.0,0,18.36,0.0181
1897,W2C,1,13.6039,0.0,0,17.61,0.0101
1898,N2C,2,5.952,6.0,1,40.26,0.1363
1898,S2C,2,6.5361,4.0,1,36.66,0.1266
1898,E2C,1,13.1846,0.0,0,18.17,0.0162
1898,W2C,1,13.5346,0.0,0,17.7,0.0111
1899,N2C,2,6.2782,7.0,1,38.16,0.1323
1899,S2C,2,6.7405,5.0,1,35.55,0.1243
1899,E2C,1,13.4306,0.0,0,17.84,0.0126
1899,W2C,1,13.5575,0.0,0,17.67,0.0108
1900,N2C,2,6.45,8.0,1,37.15,0.1305
1900,S2C,2,6.8469,6.0,1,34.99,0.1234
1900,E2C,1,13.5018,0.0,0,17.75,0.0116
1900,W2C,1,13.6779,0.0,0,17.52,0.0091
1901,N2C,2,6.488,9.0,1,36.93,0.1306
1901,S2C,2,6.8425,7.0,1,35.02,0.1241
1901,E2C,1,13.6631,0.0,0,17.54,0.0093
1901,W2C,1,13.5924,0.0,0,17.63,0.0103
1902,N2C,2,5.9093,10.0,1,40.55,0.1396
1902,S2C,2,6.8041,8.0,1,35.21,0.1254
1902,E2C,1,13.2723,0.0,0,18.05,0.0149
1902,W2C,1,13.3623,0.0,0,17.93,0.0136
1903,N2C,2,6.5183,11.0,1,36.76,0.1315
1903,S2C,2,6.5452,9.0,1,36.61,0.1298
1903,E2C,1,13.4787,0.0,0,17.78,0.0119
1903,W2C,1,13.6299,0.0,0,17.58,0.0097
1904,N2C,2,6.162,12.0,1,38.88,0.1373
1904,S2C,2,6.8945,10.0,1,34.75,0.1254
1904,E2C,1,13.0753,0.0,0,18.32,0.0177
1904,W2C,1,13.8753,0.0,0,17.27,0.0062
1905,N2C,2,6.2088,13.0,1,38.59,0.1373
1905,S2C,2,6.9412,11.0,1,34.52,0.1254
1905,E2C,1,13.0337,0.0,0,18.38,0.0183
1905,W2C,1,13.5274,0.0,0,17.71,0.0112
1906,N2C,2,6.3012,14.0,1,38.02,0.1366
1906,S2C,2,6.525,12.0,1,36.72,0.132
1906,E2C,1,13.5528,0.0,0,17.68,0.0109
1906,W2C,1,13.8697,0.0,0,17.28,0.0063
1907,N2C,2,6.2016,15.0,1,38.64,0.1387
1907,S2C,2,6.7775,13.0,1,35.35,0.1291
1907,E2C,1,13.3911,0.0,0,17.89,0.0132
1907,W2C,1,13.7173,0.0,0,17.47,0.0085
1908,N2C,2,6.4583,16.0,1,37.1,0.1357
1908,S2C,2,5.323,14.0,1,45.01,0.1507
1908,E2C,1,13.6637,0.0,0,17.54,0.0093
1908,W2C,1,13.5555,0.0,0,17.68,0.0108
1909,N2C,3,8.1891,17.0,1,29.26,0.1174
1909,S2C,3,6.3129,15.0,1,37.95,0.1431
1909,E2C,2,13.5316,0.0,0,17.71,0.0172
1909,W2C,1,13.89,0.0,0,17.25,0.006
1910,N2C,3,6.508,18.0,1,36.82,0.1423
1910,S2C,3,4.6223,16.0,1,51.84,0.1681
1910,E2C,1,13.5417,0.0,0,17.69,0.011
1910,W2C,1,13.5185,0.0,0,17.72,0.0113
1911,N2C,3,5.4305,19.0,1,44.12,0.1585
1911,S2C,3,3.9865,17.0,1,60.1,0.1779
1911,E2C,1,13.8582,0.0,0,17.29,0.0065
1911,W2C,1,13.5863,0.0,0,17.64,0.0104
1912,N2C,3,4.8581,20.0,1,49.32,0.1674
1912,S2C,3,4.0746,18.0,1,58.8,0.1773
1912,E2C,1,13.3895,0.0,0,17.89,0.0132
1912,W2C,1,13.3581,0.0,0,17.94,0.0137
1913,N2C,3,4.5252,22.0,2,52.95,0.1795
1913,S2C,3,3.8297,19.0,1,62.56,0.1815
1913,E2C,1,13.6928,0.0,0,17.5,0.0088
1913,W2C,1,13.4444,0.0,0,17.82,0.0124
1914,N2C,3,4.4674,24.0,2,53.63,0.1817
1914,S2C,3,4.0643,21.0,2,58.95,0.1855
1914,E2C,1,13.4272,0.0,0,17.84,0.0127
1914,W2C,1,13.8695,0.0,0,17.28,0.0063
1915,N2C,1,13.5649,0.0,0,17.66,0.0107
1915,S2C,1,12.9197,0.0,0,18.55,0.02
1915,E2C,1,13.8036,0.0,0,17.36,0.0072
1915,W2C,1,13.5856,0.0,0,17.64,0.0104
1916,N2C,1,13.402,0.0,0,17.88,0.013
1916,S2C,1,13.0522,0.0,0,18.36,0.0181
1916,E2C,1,13.6238,0.0,0,17.59,0.0098
1916,W2C,1,13.8586,0.0,0,17.29,0.0065
1917,N2C,1,13.6245,0.0,0,17.59,0.0098
1917,S2C,1,12.488,0.0,0,19.19,0.0262
1917,E2C,1,13.3226,0.0,0,17.98,0.0142
1917,W2C,1,13.2951,0.0,0,18.02,0.0146
1918,N2C,1,13.2727,0.0,0,18.05,0.0149
1918,S2C,1,12.8726,0.0,0,18.61,0.0206
1918,E2C,1,13.801,0.0,0,17.36,0.0073
1918,W2C,1,13.8021,0.0,0,17.36,0.0073
1919,N2C,1,13.4718,0.0,0,17.79,0.012
1919,S2C,1,12.9162,0.0,0,18.55,0.02
1919,E2C,1,13.8811,0.0,0,17.26,0.0061
1919,W2C,1,13.2515,0.0,0,18.08,0.0152
1920,N2C,1,13.6595,0.0,0,17.54,0.0093
1920,S2C,1,12.4567,0.0,0,19.23,0.0266
1920,E2C,1,13.7773,0.0,0,17.39,0.0076
1920,W2C,1,13.4642,0.0,0,17.8,0.0121
1921,N2C,1,13.4027,0.0,0,17.88,0.013
1921,S2C,1,12.7169,0.0,0,18.84,0.0229
1921,E2C,1,13.7866,0.0,0,17.38,0.0075
1921,W2C,1,13.7498,0.0,0,17.43,0.008
1922,N2C,1,13.6484,0.0,0,17.56,0.0095
1922,S2C,1,12.883,0.0,0,18.6,0.0205
1922,E2C,1,13.7801,0.0,0,17.39,0.0076
1922,W2C,1,13.3079,0.0,0,18.0,0.0144
1923,N2C,1,13.5031,0.0,0,17.74,0.0116
1923,S2C,1,12.8235,0.0,0,18.68,0.0214
1923,E2C,1,13.8828,0.0,0,17.26,0.0061
1923,W2C,1,13.7259,0.0,0,17.46,0.0084
1924,N2C,1,13.8512,0.0,0,17.3,0.0066
1924,S2C,1,13.0408,0.0,0,18.37,0.0182
1924,E2C,1,13.849,0.0,0,17.3,0.0066
1924,W2C,1,13.2864,0.0,0,18.03,0.0147
1925,N2C,1,13.3542,0.0,0,17.94,0.0137
1925,S2C,1,12.5955,0.0,0,19.02,0.0246
1925,E2C,1,13.3198,0.0,0,17.99,0.0142
1925,W2C,1,13.3014,0.0,0,18.01,0.0145
1926,N2C,1,13.6486,0.0,0,17.55,0.0095
1926,S2C,1,13.0261,0.0,0,18.39,0.0184
1926,E2C,1,12.2418,0.0,0,19.57,0.0297
1926,W2C,1,13.0108,0.0,0,18.42,0.0187
1927,N2C,1,13.6511,0.0,0,17.55,0.0094
1927,S2C,2,12.9463,0.0,0,18.51,0.0256
1927,E2C,2,9.9918,0.0,0,23.98,0.0681
1927,W2C,2,9.5976,0.0,0,24.96,0.0738
1928,N2C,1,13.1447,0.0,0,18.23,0.0167
1928,S2C,2,12.432,0.0,0,19.27,0.033
1928,E2C,2,7.1466,0.0,0,33.53,0.1091
1928,W2C,2,7.1255,0.0,0,33.63,0.1094
1929,N2C,1,13.036,0.0,0,18.38,0.0183
1929,S2C,2,12.7407,0.0,0,18.81,0.0285
1929,E2C,2,7.0309,0.0,0,34.08,0.1108
1929,W2C,2,5.8343,0.0,0,41.07,0.128
1930,N2C,1,13.2302,0.0,0,18.11,0.0155
1930,S2C,1,13.5252,0.0,0,17.72,0.0113
1930,E2C,2,6.4672,0.0,0,37.05,0.1189
1930,W2C,2,5.2085,0.0,0,46.0,0.137
1931,N2C,1,13.1622,0.0,0,18.2,0.0165
1931,S2C,1,13.4278,0.0,0,17.84,0.0127
1931,E2C,2,6.769,1.0,1,35.4,0.1212
1931,W2C,2,5.6403,1.0,1,42.48,0.1375
1932,N2C,1,13.6174,0.0,0,17.6,0.0099
1932,S2C,1,13.3253,0.0,0,17.98,0.0141
1932,E2C,2,6.3212,2.0,1,37.9,0.1283
1932,W2C,2,5.3246,2.0,1,45.0,0.1427
1933,N2C,1,13.0746,0.0,0,18.33,0.0177
1933,S2C,1,13.7165,0.0,0,17.47,0.0085
1933,E2C,2,6.4072,3.0,1,37.4,0.1277
1933,W2C,2,5.5479,3.0,1,43.19,0.1401
1934,N2C,1,13.0051,0.0,0,18.42,0.0187
1934,S2C,1,13.3382,0.0,0,17.96,0.0139
1934,E2C,2,6.837,4.0,1,35.04,0.1222
1934,W2C,2,5.3976,4.0,1,44.39,0.1429
1935,N2C,1,13.2606,0.0,0,18.07,0.0151
1935,S2C,1,13.6292,0.0,0,17.58,0.0098
1935,E2C,2,6.3254,5.0,1,37.88,0.1303
1935,W2C,2,5.5077,5.0,1,43.5,0.142
1936,N2C,1,13.2048,0.0,0,18.14,0.0159
1936,S2C,1,13.8351,0.0,0,17.32,0.0068
1936,E2C,2,6.3681,6.0,1,37.62,0.1303
1936,W2C,2,5.4875,6.0,1,43.66,0.143
1937,N2C,1,13.4167,0.0,0,17.86,0.0128
1937,S2C,1,13.5952,0.0,0,17.62,0.0102
1937,E2C,2,6.3216,7.0,1,37.9,0.1316
1937,W2C,2,5.5448,7.0,1,43.21,0.1428
1938,N2C,1,13.292,0.0,0,18.03,0.0146
1938,S2C,1,13.8387,0.0,0,17.31,0.0067
1938,E2C,2,6.4472,8.0,1,37.16,0.1305
1938,W2C,2,5.5957,8.0,1,42.82,0.1428
1939,N2C,1,13.3285,0.0,0,17.98,0.0141
1939,S2C,1,13.5342,0.0,0,17.7,0.0111
1939,E2C,2,6.6135,9.0,1,36.23,0.1288
1939,W2C,2,5.2326,9.0,1,45.79,0.1487
1940,N2C,1,13.3428,0.0,0,17.96,0.0139
1940,S2C,1,13.626,0.0,0,17.58,0.0098
1940,E2C,2,6.7332,10.0,1,35.58,0.1277
1940,W2C,2,5.3896,10.0,1,44.46,0.1471
1941,N2C,1,13.3306,0.0,0,17.97,0.0141
1941,S2C,1,13.802,0.0,0,17.36,0.0073
1941,E2C,2,6.6577,11.0,1,35.99,0.1295
1941,W2C,2,5.6049,11.0,1,42.75,0.1446
1942,N2C,1,13.63,0.0,0,17.58,0.0097
1942,S2C,1,13.4467,0.0,0,17.82,0.0124
1942,E2C,2,6.7168,12.0,1,35.67,0.1293
1942,W2C,2,5.7573,12.0,1,41.62,0.1431
1943,N2C,1,13.4373,0.0,0,17.83,0.0125
1943,S2C,1,13.8195,0.0,0,17.34,0.007
1943,E2C,2,6.4085,13.0,1,37.39,0.1344
1943,W2C,2,5.3444,13.0,1,44.83,0.1497
1944,N2C,1,13.3149,0.0,0,17.99,0.0143
1944,S2C,1,13.5379,0.0,0,17.7,0.0111
1944,E2C,2,6.1858,14.0,1,38.73,0.1383
1944,W2C,2,5.6727,14.0,1,42.24,0.1457
1945,N2C,2,12.2507,0.0,0,19.56,0.0356
1945,S2C,1,13.89,0.0,0,17.25,0.006
1945,E2C,3,6.3337,15.0,1,37.83,0.1428
1945,W2C,3,8.2433,15.0,1,29.07,0.1153
1946,N2C,2,9.9583,0.0,0,24.06,0.0686
1946,S2C,1,13.566,0.0,0,17.66,0.0107
1946,E2C,3,4.4976,16.0,1,53.27,0.1699
1946,W2C,3,7.7695,16.0,1,30.84,0.1228
1947,N2C,2,7.5638,0.0,0,31.68,0.1031
1947,S2C,1,13.4706,0.0,0,17.79,0.012
1947,E2C,3,3.378,17.0,1,70.93,0.1867
1947,W2C,3,7.9576,17.0,1,30.11,0.1208
1948,N2C,2,6.929,0.0,0,34.58,0.1122
1948,S2C,1,13.5653,0.0,0,17.66,0.0107
1948,E2C,1,12.1001,0.0,0,19.8,0.0318
1948,W2C,2,12.1876,0.0,0,19.66,0.0365
1949,N2C,2,6.8982,1.0,1,34.73,0.1193
1949,S2C,1,13.7399,0.0,0,17.44,0.0082
1949,E2C,1,11.8076,0.0,0,20.29,0.036
1949,W2C,1,13.8247,0.0,0,17.33,0.0069
1950,N2C,2,6.7314,2.0,1,35.59,0.1224
1950,S2C,1,13.494,0.0,0,17.76,0.0117
1950,E2C,1,11.7726,0.0,0,20.35,0.0365
1950,W2C,1,13.6501,0.0,0,17.55,0.0095
1951,N2C,2,6.7365,3.0,1,35.57,0.123
1951,S2C,1,13.5287,0.0,0,17.71,0.0112
1951,E2C,1,11.6966,0.0,0,20.48,0.0376
1951,W2C,1,13.4738,0.0,0,17.78,0.012
1952,N2C,2,6.6213,4.0,1,36.19,0.1253
1952,S2C,1,13.4324,0.0,0,17.84,0.0126
1952,E2C,1,11.6441,0.0,0,20.58,0.0383
1952,W2C,1,13.4623,0.0,0,17.8,0.0122
1953,N2C,2,6.7941,5.0,1,35.27,0.1235
1953,S2C,1,13.8748,0.0,0,17.27,0.0062
1953,E2C,1,11.7685,0.0,0,20.36,0.0365
1953,W2C,1,13.4658,0.0,0,17.79,0.0121
1954,N2C,2,6.8093,6.0,1,35.19,0.124
1954,S2C,1,13.531,0.0,0,17.71,0.0112
1954,E2C,1,11.6363,0.0,0,20.59,0.0385
1954,W2C,1,13.6738,0.0,0,17.52,0.0091
1955,N2C,2,6.4196,7.0,1,37.32,0.1302
1955,S2C,1,13.4811,0.0,0,17.77,0.0119
1955,E2C,1,11.9843,0.0,0,19.99,0.0334
1955,W2C,1,13.3421,0.0,0,17.96,0.0139
1956,N2C,2,6.702,8.0,1,35.75,0.1268
1956,S2C,1,13.2991,0.0,0,18.02,0.0145
1956,E2C,1,12.0839,0.0,0,19.83,0.032
1956,W2C,1,13.2973,0.0,0,18.02,0.0145
1957,N2C,2,6.5555,9.0,1,36.55,0.1296
1957,S2C,1,13.806,0.0,0,17.35,0.0072
1957,E2C,1,12.0847,0.0,0,19.83,0.032
1957,W2C,1,13.2819,0.0,0,18.04,0.0148
1958,N2C,2,6.3424,10.0,1,37.78,0.1333
1958,S2C,1,13.8244,0.0,0,17.33,0.0069
1958,E2C,1,12.0301,0.0,0,19.92,0.0328
1958,W2C,1,13.6462,0.0,0,17.56,0.0095
1959,N2C,2,6.6827,11.0,1,35.85,0.1291
1959,S2C,1,13.5299,0.0,0,17.71,0.0112
1959,E2C,1,12.1709,0.0,0,19.69,0.0308
1959,W2C,1,13.8887,0.0,0,17.25,0.006
1960,N2C,2,6.7607,12.0,1,35.44,0.1287
1960,S2C,1,13.872,0.0,0,17.27,0.0063
1960,E2C,1,11.7819,0.0,0,20.34,0.0364
1960,W2C,1,13.3731,0.0,0,17.92,0.0134
1961,N2C,2,6.3297,13.0,1,37.85,0.1355
1961,S2C,1,13.3043,0.0,0,18.01,0.0144
1961,E2C,1,11.9502,0.0,0,20.05,0.0339
1961,W2C,1,13.6833,0.0,0,17.51,0.009
1962,N2C,2,5.0881,14.0,1,47.09,0.1541
1962,S2C,1,12.6984,0.0,0,18.87,0.0232
1962,E2C,1,11.9548,0.0,0,20.04,0.0339
1962,W2C,1,13.728,0.0,0,17.45,0.0083
1963,N2C,3,6.2453,15.0,1,38.36,0.1441
1963,S2C,2,10.4484,0.0,0,22.93,0.0616
1963,E2C,2,12.1047,0.0,0,19.79,0.0377
1963,W2C,1,13.39,0.0,0,17.89,0.0132
1964,N2C,3,5.0146,16.0,1,47.78,0.1625
1964,S2C,2,8.1751,0.0,0,29.31,0.0943
1964,E2C,2,11.8467,0.0,0,20.23,0.0414
1964,W2C,1,12.9156,0.0,0,18.55,0.02
1965,N2C,3,3.8547,17.0,1,62.16,0.1798
1965,S2C,2,6.7848,1.0,1,35.31,0.121
1965,E2C,2,11.6281,0.0,0,20.61,0.0446
1965,W2C,1,12.9116,0.0,0,18.56,0.0201
1966,N2C,3,4.0042,19.0,2,59.84,0.185
1966,S2C,2,6.575,2.0,1,36.44,0.1247
1966,E2C,2,11.2413,0.0,0,21.31,0.0501
1966,W2C,1,12.9528,0.0,0,18.5,0.0195
1967,N2C,3,3.7679,21.0,2,63.59,0.1897
1967,S2C,2,6.6024,3.0,1,36.29,0.1249
1967,E2C,2,11.0136,0.0,0,21.75,0.0534
1967,W2C,1,13.2532,0.0,0,18.08,0.0152
1968,N2C,3,3.958,23.0,2,60.54,0.1883
1968,S2C,2,6.7348,4.0,1,35.58,0.1237
1968,E2C,2,11.5045,0.0,0,20.83,0.0463
1968,W2C,1,13.2605,0.0,0,18.07,0.0151
1969,N2C,3,4.0605,25.0,2,59.01,0.1882
1969,S2C,2,6.665,5.0,1,35.95,0.1254
1969,E2C,1,13.2629,0.0,0,18.07,0.015
1969,W2C,1,13.3877,0.0,0,17.9,0.0132
1970,N2C,3,3.762,27.0,2,63.69,0.1938
1970,S2C,2,6.51,6.0,1,36.81,0.1283
1970,E2C,1,13.5671,0.0,0,17.66,0.0106
1970,W2C,1,12.8365,0.0,0,18.67,0.0212
1971,N2C,3,4.0118,29.0,2,59.72,0.1916
1971,S2C,2,6.6382,7.0,1,36.09,0.1271
1971,E2C,1,13.2627,0.0,0,18.07,0.015
1971,W2C,1,13.1401,0.0,0,18.23,0.0168
1972,N2C,3,3.8428,31.0,2,62.35,0.1953
1972,S2C,2,6.6872,8.0,1,35.83,0.127
1972,E2C,1,13.3263,0.0,0,17.98,0.0141
1972,W2C,1,13.3345,0.0,0,17.97,0.014
1973,N2C,3,3.8632,33.0,2,62.02,0.1964
1973,S2C,2,6.65,9.0,1,36.03,0.1282
1973,E2C,1,13.5515,0.0,0,17.68,0.0109
1973,W2C,1,12.825,0.0,0,18.68,0.0213
1974,N2C,3,3.8764,35.0,2,61.81,0.1975
1974,S2C,2,6.3349,10.0,1,37.82,0.1335
1974,E2C,1,13.8647,0.0,0,17.28,0.0064
1974,W2C,1,12.8479,0.0,0,18.65,0.021
1975,N2C,3,3.7033,37.0,2,64.7,0.2013
1975,S2C,2,6.6931,11.0,1,35.8,0.129
1975,E2C,1,13.4162,0.0,0,17.86,0.0128
1975,W2C,1,13.0238,0.0,0,18.4,0.0185
1976,N2C,3,3.7846,39.0,2,63.31,0.2015
1976,S2C,2,6.7308,12.0,1,35.6,0.1291
1976,E2C,1,13.5203,0.0,0,17.72,0.0113
1976,W2C,1,13.017,0.0,0,18.41,0.0186
1977,N2C,3,4.0433,41.0,2,59.26,0.1991
1977,S2C,2,6.3001,13.0,1,38.03,0.136
1977,E2C,1,13.8607,0.0,0,17.29,0.0064
1977,W2C,1,13.3552,0.0,0,17.94,0.0137
1978,N2C,3,4.0314,43.0,2,59.43,0.2006
1978,S2C,2,6.8925,14.0,1,34.76,0.1281
1978,E2C,1,13.7773,0.0,0,17.39,0.0076
1978,W2C,1,12.8399,0.0,0,18.66,0.0211
1979,N2C,3,3.6919,45.0,2,64.9,0.2068
1979,S2C,2,6.4992,15.0,1,36.87,0.1344
1979,E2C,1,13.8661,0.0,0,17.28,0.0063
1979,W2C,1,12.8204,0.0,0,18.69,0.0214
1980,N2C,3,3.7552,47.0,2,63.8,0.2073
1980,S2C,2,5.5143,16.0,1,43.45,0.1493
1980,E2C,1,12.3051,0.0,0,19.47,0.0288
1980,W2C,1,12.9257,0.0,0,18.54,0.0199
1981,N2C,2,12.3341,0.0,0,19.43,0.0344
1981,S2C,1,13.3865,0.0,0,17.9,0.0133
1981,E2C,2,10.5368,0.0,0,22.74,0.0603
1981,W2C,2,13.2304,0.0,0,18.11,0.0215
1982,N2C,2,10.8409,0.0,0,22.1,0.0559
1982,S2C,1,12.8248,0.0,0,18.68,0.0213
1982,E2C,2,8.1603,0.0,0,29.36,0.0945
1982,W2C,2,10.9264,0.0,0,21.93,0.0547
1983,N2C,2,9.4836,0.0,0,25.26,0.0754
1983,S2C,1,12.8132,0.0,0,18.7,0.0215
1983,E2C,2,7.258,0.0,0,33.01,0.1075
1983,W2C,2,8.9393,0.0,0,26.8,0.0833
1984,N2C,2,8.7613,0.0,0,27.35,0.0858
1984,S2C,1,12.816,0.0,0,18.7,0.0215
1984,E2C,2,6.4173,1.0,1,37.34,0.1263
1984,W2C,2,7.375,0.0,0,32.49,0.1058
1985,N2C,1,13.0029,0.0,0,18.43,0.0188
1985,S2C,1,12.9516,0.0,0,18.5,0.0195
1985,E2C,2,6.3163,2.0,1,37.93,0.1284
1985,W2C,2,7.0258,0.0,0,34.1,0.1108
1986,N2C,1,12.6781,0.0,0,18.9,0.0234
1986,S2C,1,13.2166,0.0,0,18.13,0.0157
1986,E2C,2,6.2989,3.0,1,38.04,0.1293
1986,W2C,2,6.7193,1.0,1,35.66,0.1219
1987,N2C,1,12.5732,0.0,0,19.06,0.025
1987,S2C,1,12.944,0.0,0,18.51,0.0196
1987,E2C,2,6.6623,4.0,1,35.96,0.1247
1987,W2C,2,6.5504,2.0,1,36.58,0.125
1988,N2C,1,12.8213,0.0,0,18.69,0.0214
1988,S2C,1,12.9436,0.0,0,18.51,0.0196
1988,E2C,2,6.8261,5.0,1,35.1,0.123
1988,W2C,2,6.4172,3.0,1,37.34,0.1276
1989,N2C,1,12.8002,0.0,0,18.72,0.0217
1989,S2C,1,13.3009,0.0,0,18.01,0.0145
1989,E2C,2,6.5905,6.0,1,36.36,0.1271
1989,W2C,2,6.9322,4.0,1,34.56,0.1209
1990,N2C,1,12.9707,0.0,0,18.47,0.0192
1990,S2C,1,12.8789,0.0,0,18.6,0.0206
1990,E2C,2,6.7132,7.0,1,35.69,0.126
1990,W2C,2,6.4932,5.0,1,36.9,0.1278
1991,N2C,1,12.6217,0.0,0,18.98,0.0243
1991,S2C,1,13.0844,0.0,0,18.31,0.0176
1991,E2C,2,6.4256,8.0,1,37.29,0.1308
1991,W2C,2,6.3628,6.0,1,37.66,0.1304
1992,N2C,1,12.9859,0.0,0,18.45,0.019
1992,S2C,1,12.9679,0.0,0,18.48,0.0193
1992,E2C,2,6.8542,9.0,1,34.96,0.1253
1992,W2C,2,6.3564,7.0,1,37.69,0.1311
1993,N2C,1,13.125,0.0,0,18.26,0.017
1993,S2C,1,13.2737,0.0,0,18.05,0.0149
1993,E2C,2,6.4867,10.0,1,36.94,0.1313
1993,W2C,2,6.4223,8.0,1,37.31,0.1309
1994,N2C,1,12.8423,0.0,0,18.66,0.0211
1994,S2C,1,12.7637,0.0,0,18.77,0.0222
1994,E2C,2,6.396,11.0,1,37.46,0.1332
1994,W2C,2,6.3044,9.0,1,38.01,0.1332
1995,N2C,1,12.7083,0.0,0,18.85,0.023
1995,S2C,1,13.1295,0.0,0,18.25,0.017
1995,E2C,2,6.3969,12.0,1,37.46,0.1339
1995,W2C,2,6.7851,10.0,1,35.31,0.127
1996,N2C,1,12.7526,0.0,0,18.79,0.0224
1996,S2C,1,13.012,0.0,0,18.41,0.0186
1996,E2C,2,6.6917,13.0,1,35.81,0.1303
1996,W2C,2,6.432,11.0,1,37.25,0.1327
1997,N2C,1,12.6671,0.0,0,18.92,0.0236
1997,S2C,1,13.3612,0.0,0,17.93,0.0136
1997,E2C,2,6.6914,14.0,1,35.81,0.131
1997,W2C,2,6.4036,12.0,1,37.42,0.1338
1998,N2C,1,12.8939,0.0,0,18.58,0.0203
1998,S2C,1,13.348,0.0,0,17.95,0.0138
1998,E2C,2,5.6054,15.0,1,42.74,0.1473
1998,W2C,2,5.9786,13.0,1,40.08,0.1406
1999,N2C,2,12.3306,0.0,0,19.43,0.0345
1999,S2C,2,12.7622,0.0,0,18.77,0.0282
1999,E2C,3,7.4578,16.0,1,32.13,0.1273
1999,W2C,3,7.1157,14.0,1,33.67,0.1309
2000,N2C,2,12.4008,0.0,0,19.32,0.0334
2000,S2C,2,12.4407,0.0,0,19.26,0.0329
2000,E2C,3,5.5677,17.0,1,43.03,0.1552
2000,W2C,3,5.4557,15.0,1,43.92,0.1554
2001,N2C,2,12.4281,0.0,0,19.28,0.0331
2001,S2C,1,13.4732,0.0,0,17.78,0.012
2001,E2C,3,4.3177,18.0,1,55.49,0.1738
2001,W2C,3,4.6166,16.0,1,51.9,0.1682
2002,N2C,1,13.3875,0.0,0,17.9,0.0132
2002,S2C,1,13.2008,0.0,0,18.15,0.0159
2002,E2C,3,4.3403,20.0,2,55.2,0.1808
2002,W2C,3,4.3594,18.0,2,54.96,0.1792
2003,N2C,1,13.303,0.0,0,18.01,0.0145
2003,S2C,1,13.6656,0.0,0,17.53,0.0092
2003,E2C,3,4.311,22.0,2,55.58,0.1826
2003,W2C,3,4.4089,20.0,2,54.35,0.1799
2004,N2C,1,13.4254,0.0,0,17.85,0.0127
2004,S2C,1,13.6514,0.0,0,17.55,0.0094
2004,E2C,3,4.5673,24.0,2,52.46,0.1802
2004,W2C,3,4.3438,22.0,2,55.16,0.1821
2005,N2C,1,13.1567,0.0,0,18.21,0.0166
2005,S2C,1,13.3082,0.0,0,18.0,0.0144
2005,E2C,3,4.2234,26.0,2,56.73,0.1865
2005,W2C,3,4.6072,24.0,2,52.01,0.1797
2006,N2C,1,13.4599,0.0,0,17.8,0.0122
2006,S2C,1,13.043,0.0,0,18.37,0.0182
2006,E2C,3,4.6206,28.0,2,51.85,0.1821
2006,W2C,3,4.2193,26.0,2,56.79,0.1866
2007,N2C,1,13.5929,0.0,0,17.63,0.0103
2007,S2C,1,13.4262,0.0,0,17.85,0.0127
2007,E2C,3,4.5264,30.0,2,52.93,0.1848
2007,W2C,3,4.3684,28.0,2,54.85,0.1858
2008,N2C,1,13.3325,0.0,0,17.97,0.014
2008,S2C,1,13.3107,0.0,0,18.0,0.0143
2008,E2C,3,4.5514,32.0,2,52.64,0.1858
2008,W2C,3,4.3379,30.0,2,55.23,0.1875
2009,N2C,1,12.9865,0.0,0,18.45,0.019
2009,S2C,1,13.6678,0.0,0,17.53,0.0092
2009,E2C,3,4.2202,34.0,2,56.77,0.1919
2009,W2C,3,4.3999,32.0,2,54.46,0.188
2010,N2C,1,13.5853,0.0,0,17.64,0.0104
2010,S2C,1,13.3685,0.0,0,17.92,0.0135
2010,E2C,3,4.3889,36.0,2,54.59,0.1908
2010,W2C,3,4.5868,34.0,2,52.24,0.1866
2011,N2C,1,13.4159,0.0,0,17.86,0.0128
2011,S2C,1,13.4659,0.0,0,17.79,0.0121
2011,E2C,3,4.5486,38.0,2,52.68,0.1898
2011,W2C,3,4.3171,36.0,2,55.5,0.1918
2012,N2C,1,13.0358,0.0,0,18.38,0.0183
2012,S2C,1,13.4236,0.0,0,17.85,0.0127
2012,E2C,3,4.5187,40.0,2,53.02,0.1916
2012,W2C,3,4.4892,38.0,2,53.37,0.1907
2013,N2C,1,13.3806,0.0,0,17.91,0.0133
2013,S2C,1,13.1816,0.0,0,18.18,0.0162
2013,E2C,3,4.4989,42.0,2,53.26,0.1932
2013,W2C,3,4.3082,40.0,2,55.61,0.1946
2014,N2C,1,13.3651,0.0,0,17.93,0.0136
2014,S2C,1,13.1149,0.0,0,18.27,0.0172
2014,E2C,1,13.2846,0.0,0,18.04,0.0147
2014,W2C,1,13.8449,0.0,0,17.31,0.0066
2015,N2C,1,13.0802,0.0,0,18.32,0.0177
2015,S2C,1,13.2462,0.0,0,18.09,0.0153
2015,E2C,1,13.7187,0.0,0,17.47,0.0085
2015,W2C,1,13.5914,0.0,0,17.63,0.0103
2016,N2C,1,13.0011,0.0,0,18.43,0.0188
2016,S2C,1,13.2626,0.0,0,18.07,0.015
2016,E2C,1,12.7605,0.0,0,18.78,0.0223
2016,W2C,1,12.4839,0.0,0,19.19,0.0262
2017,N2C,2,10.8957,0.0,0,21.99,0.0551
2017,S2C,2,11.2794,0.0,0,21.24,0.0496
2017,E2C,2,12.2206,0.0,0,19.61,0.036
2017,W2C,2,11.0487,0.0,0,21.69,0.0529
2018,N2C,2,8.4917,0.0,0,28.22,0.0897
2018,S2C,2,8.9905,0.0,0,26.65,0.0825
2018,E2C,1,13.4445,0.0,0,17.82,0.0124
2018,W2C,1,12.6626,0.0,0,18.92,0.0237
2019,N2C,2,6.5564,0.0,0,36.54,0.1176
2019,S2C,2,7.1465,0.0,0,33.53,0.1091
2019,E2C,1,13.3703,0.0,0,17.92,0.0135
2019,W2C,1,12.9023,0.0,0,18.57,0.0202
2020,N2C,2,5.8159,0.0,0,41.2,0.1283
2020,S2C,2,6.857,0.0,0,34.94,0.1133
2020,E2C,1,13.5955,0.0,0,17.62,0.0102
2020,W2C,1,12.8055,0.0,0,18.71,0.0216
2021,N2C,2,5.6557,1.0,1,42.36,0.1372
2021,S2C,2,6.3585,1.0,1,37.68,0.1271
2021,E2C,1,13.3806,0.0,0,17.91,0.0133
2021,W2C,1,13.0107,0.0,0,18.42,0.0187
2022,N2C,2,5.5303,2.0,1,43.33,0.1397
2022,S2C,2,6.5413,2.0,1,36.63,0.1251
2022,E2C,1,13.2701,0.0,0,18.06,0.0149
2022,W2C,1,12.786,0.0,0,18.74,0.0219
2023,N2C,2,5.569,3.0,1,43.02,0.1398
2023,S2C,2,6.4152,3.0,1,37.35,0.1276
2023,E2C,1,13.4482,0.0,0,17.82,0.0124
2023,W2C,1,12.9214,0.0,0,18.54,0.0199
2024,N2C,2,5.5432,4.0,1,43.22,0.1409
2024,S2C,2,6.7042,4.0,1,35.74,0.1241
2024,E2C,1,13.8386,0.0,0,17.31,0.0067
2024,W2C,1,12.9948,0.0,0,18.44,0.0189
2025,N2C,2,5.8946,5.0,1,40.65,0.1365
2025,S2C,2,6.4589,5.0,1,37.1,0.1283
2025,E2C,1,13.4528,0.0,0,17.81,0.0123
2025,W2C,1,12.4889,0.0,0,19.18,0.0262
2026,N2C,2,6.0683,6.0,1,39.48,0.1346
2026,S2C,2,6.6203,6.0,1,36.19,0.1267
2026,E2C,1,13.7035,0.0,0,17.48,0.0087
2026,W2C,1,13.0064,0.0,0,18.42,0.0187
2027,N2C,2,5.6017,7.0,1,42.77,0.142
2027,S2C,2,6.6439,7.0,1,36.06,0.127
2027,E2C,1,13.4207,0.0,0,17.85,0.0128
2027,W2C,1,12.6153,0.0,0,18.99,0.0244
2028,N2C,2,5.7322,8.0,1,41.8,0.1408
2028,S2C,2,6.6995,8.0,1,35.76,0.1269
2028,E2C,1,13.3381,0.0,0,17.96,0.0139
2028,W2C,1,12.9663,0.0,0,18.48,0.0193
2029,N2C,2,5.8519,9.0,1,40.94,0.1397
2029,S2C,2,6.8482,9.0,1,34.99,0.1254
2029,E2C,1,13.7617,0.0,0,17.41,0.0078
2029,W2C,1,12.6072,0.0,0,19.01,0.0245
2030,N2C,2,5.7803,10.0,1,41.45,0.1414
2030,S2C,2,6.6512,10.0,1,36.02,0.1289
2030,E2C,1,13.2483,0.0,0,18.09,0.0152
2030,W2C,1,13.0811,0.0,0,18.32,0.0176
2031,N2C,2,5.9307,11.0,1,40.4,0.1399
2031,S2C,2,6.5907,11.0,1,36.35,0.1304
2031,E2C,1,13.6206,0.0,0,17.59,0.0099
2031,W2C,1,12.7247,0.0,0,18.83,0.0228
2032,N2C,2,5.7946,12.0,1,41.35,0.1426
2032,S2C,2,6.5731,12.0,1,36.45,0.1314
2032,E2C,1,13.6786,0.0,0,17.52,0.009
2032,W2C,1,13.0688,0.0,0,18.33,0.0178
2033,N2C,2,5.4662,13.0,1,43.83,0.148
2033,S2C,2,6.7335,13.0,1,35.58,0.1297
2033,E2C,1,13.2519,0.0,0,18.08,0.0152
2033,W2C,1,12.488,0.0,0,19.19,0.0262
2034,N2C,2,5.6579,14.0,1,42.35,0.1459
2034,S2C,2,5.7295,14.0,1,41.82,0.1448
2034,E2C,1,13.7007,0.0,0,17.49,0.0087
2034,W2C,1,12.7859,0.0,0,18.74,0.0219
2035,N2C,3,8.4094,15.0,1,28.49,0.1129
2035,S2C,3,6.9474,15.0,1,34.49,0.134
2035,E2C,1,12.9371,0.0,0,18.52,0.0197
2035,W2C,2,11.7248,0.0,0,20.44,0.0432
2036,N2C,3,8.2171,16.0,1,29.16,0.1164
2036,S2C,3,5.6389,16.0,1,42.49,0.1535
2036,E2C,1,12.4777,0.0,0,19.2,0.0263
2036,W2C,2,11.6637,0.0,0,20.54,0.0441
2037,N2C,3,7.4321,17.0,1,32.24,0.1283
2037,S2C,3,4.5242,17.0,1,52.96,0.1702
2037,E2C,1,12.3882,0.0,0,19.34,0.0276
2037,W2C,2,11.404,0.0,0,21.01,0.0478
2038,N2C,3,5.9214,18.0,1,40.46,0.1507
2038,S2C,3,4.2221,18.0,1,56.75,0.1752
2038,E2C,1,12.3836,0.0,0,19.35,0.0277
2038,W2C,1,12.8939,0.0,0,18.58,0.0203
2039,N2C,3,5.1451,19.0,1,46.57,0.1626
2039,S2C,3,4.4993,20.0,2,53.25,0.1785
2039,E2C,1,12.8833,0.0,0,18.6,0.0205
2039,W2C,1,12.5967,0.0,0,19.02,0.0246
2040,N2C,3,4.3968,20.0,1,54.49,0.174
2040,S2C,3,4.5641,22.0,2,52.5,0.1789
2040,E2C,1,12.8645,0.0,0,18.62,0.0208
2040,W2C,1,13.0567,0.0,0,18.35,0.018
2041,N2C,3,4.2888,22.0,2,55.87,0.1829
2041,S2C,3,4.2285,24.0,2,56.66,0.1851
2041,E2C,1,12.5915,0.0,0,19.03,0.0247
2041,W2C,1,12.5039,0.0,0,19.16,0.026
2042,N2C,3,4.2225,24.0,2,56.74,0.1852
2042,S2C,3,4.4536,26.0,2,53.8,0.1832
2042,E2C,1,12.4776,0.0,0,19.2,0.0263
2042,W2C,1,12.7723,0.0,0,18.76,0.0221
2043,N2C,3,4.2694,26.0,2,56.12,0.1859
2043,S2C,3,4.2278,28.0,2,56.67,0.1878
2043,E2C,1,12.4006,0.0,0,19.32,0.0274
2043,W2C,1,13.0747,0.0,0,18.33,0.0177
2044,N2C,3,4.4487,28.0,2,53.86,0.1846
2044,S2C,3,4.4155,30.0,2,54.26,0.1864
2044,E2C,1,12.5039,0.0,0,19.16,0.026
2044,W2C,1,12.8907,0.0,0,18.59,0.0204
2045,N2C,3,4.1844,30.0,2,57.26,0.1897
2045,S2C,3,4.3015,32.0,2,55.7,0.1894
2045,E2C,1,12.4962,0.0,0,19.17,0.0261
2045,W2C,1,12.4849,0.0,0,19.19,0.0262
2046,N2C,3,4.4628,32.0,2,53.69,0.1871
2046,S2C,3,4.4072,34.0,2,54.37,0.1892
2046,E2C,1,12.7311,0.0,0,18.82,0.0227
2046,W2C,1,13.0511,0.0,0,18.36,0.0181
2047,N2C,1,13.2651,0.0,0,18.06,0.015
2047,S2C,1,13.3258,0.0,0,17.98,0.0141
2047,E2C,1,12.6272,0.0,0,18.97,0.0242
2047,W2C,1,12.6839,0.0,0,18.89,0.0234
2048,N2C,1,13.1102,0.0,0,18.28,0.0172
2048,S2C,1,13.3427,0.0,0,17.96,0.0139
2048,E2C,1,12.3659,0.0,0,19.38,0.0279
2048,W2C,1,12.7825,0.0,0,18.74,0.0219
2049,N2C,1,13.1477,0.0,0,18.22,0.0167
2049,S2C,1,13.6584,0.0,0,17.54,0.0093
2049,E2C,1,12.3234,0.0,0,19.44,0.0286
2049,W2C,1,13.0777,0.0,0,18.32,0.0177
2050,N2C,1,13.6572,0.0,0,17.54,0.0094
2050,S2C,1,13.3277,0.0,0,17.98,0.0141
2050,E2C,1,12.4493,0.0,0,19.25,0.0267
2050,W2C,1,13.1017,0.0,0,18.29,0.0174
2051,N2C,1,13.531,0.0,0,17.71,0.0112
2051,S2C,1,13.2171,0.0,0,18.13,0.0157
2051,E2C,1,12.3828,0.0,0,19.35,0.0277
2051,W2C,1,12.5126,0.0,0,19.15,0.0258
2052,N2C,1,13.6754,0.0,0,17.52,0.0091
2052,S2C,1,13.1727,0.0,0,18.19,0.0163
2052,E2C,1,12.6052,0.0,0,19.01,0.0245
2052,W2C,1,12.6313,0.0,0,18.97,0.0241
2053,N2C,2,13.4913,0.0,0,17.76,0.0177
2053,S2C,2,13.4234,0.0,0,17.85,0.0187
2053,E2C,2,11.2615,0.0,0,21.28,0.0498
2053,W2C,2,10.8869,0.0,0,22.01,0.0552
2054,N2C,1,13.5135,0.0,0,17.73,0.0114
2054,S2C,1,13.324,0.0,0,17.98,0.0142
2054,E2C,2,10.8668,0.0,0,22.05,0.0555
2054,W2C,2,10.9941,0.0,0,21.79,0.0537
2055,N2C,1,13.3759,0.0,0,17.91,0.0134
2055,S2C,1,13.3279,0.0,0,17.98,0.0141
2055,E2C,2,10.1908,0.0,0,23.51,0.0653
2055,W2C,2,9.0912,0.0,0,26.36,0.0811
2056,N2C,1,13.599,0.0,0,17.62,0.0102
2056,S2C,1,13.7991,0.0,0,17.36,0.0073
2056,E2C,2,8.7208,0.0,0,27.47,0.0864
2056,W2C,2,6.8257,0.0,0,35.1,0.1137
2057,N2C,1,13.8803,0.0,0,17.26,0.0061
2057,S2C,1,13.4139,0.0,0,17.86,0.0129
2057,E2C,2,6.9249,0.0,0,34.6,0.1123
2057,W2C,2,5.1058,0.0,0,46.93,0.1385
2058,N2C,1,13.6067,0.0,0,17.61,0.0101
2058,S2C,1,13.8292,0.0,0,17.33,0.0069
2058,E2C,2,5.3255,0.0,0,44.99,0.1353
2058,W2C,2,5.1565,0.0,0,46.47,0.1378
2059,N2C,1,13.5305,0.0,0,17.71,0.0112
2059,S2C,1,13.5631,0.0,0,17.67,0.0107
2059,E2C,2,5.1842,0.0,0,46.22,0.1374
2059,W2C,2,4.8659,1.0,1,49.24,0.1486
2060,N2C,1,13.4924,0.0,0,17.76,0.0117
2060,S2C,1,13.8401,0.0,0,17.31,0.0067
2060,E2C,2,5.3315,1.0,1,44.94,0.1419
2060,W2C,2,4.7921,2.0,1,50.0,0.1503
2061,N2C,1,13.3079,0.0,0,18.0,0.0144
2061,S2C,1,13.7169,0.0,0,17.47,0.0085
2061,E2C,2,5.4472,2.0,1,43.99,0.1409
2061,W2C,2,5.0555,3.0,1,47.39,0.1472
2062,N2C,1,13.7464,0.0,0,17.43,0.0081
2062,S2C,1,13.3608,0.0,0,17.93,0.0136
2062,E2C,2,5.3438,3.0,1,44.84,0.1431
2062,W2C,2,5.249,4.0,1,45.65,0.1451
2063,N2C,1,13.8667,0.0,0,17.28,0.0063
2063,S2C,1,13.7455,0.0,0,17.43,0.0081
2063,E2C,2,4.9132,4.0,1,48.77,0.1499
2063,W2C,2,5.2252,5.0,1,45.85,0.1461
2064,N2C,1,13.581,0.0,0,17.64,0.0104
2064,S2C,1,13.2949,0.0,0,18.02,0.0146
2064,E2C,2,5.4128,5.0,1,44.27,0.1434
2064,W2C,2,4.8778,6.0,1,49.12,0.1518
2065,N2C,1,13.7971,0.0,0,17.37,0.0073
2065,S2C,1,13.7726,0.0,0,17.4,0.0077
2065,E2C,2,5.3204,6.0,1,45.03,0.1454
2065,W2C,2,4.8975,7.0,1,48.92,0.1521
2066,N2C,1,13.698,0.0,0,17.49,0.0088
2066,S2C,1,13.8644,0.0,0,17.28,0.0064
2066,E2C,2,5.3577,7.0,1,44.72,0.1455
2066,W2C,2,4.8212,8.0,1,49.7,0.1539
2067,N2C,1,13.7768,0.0,0,17.39,0.0076
2067,S2C,1,13.3866,0.0,0,17.9,0.0132
2067,E2C,2,5.4745,8.0,1,43.77,0.1445
2067,W2C,2,5.0564,9.0,1,47.39,0.1512
2068,N2C,1,13.2622,0.0,0,18.07,0.015
2068,S2C,1,13.386,0.0,0,17.9,0.0133
2068,E2C,2,5.3776,9.0,1,44.56,0.1466
2068,W2C,2,4.9977,10.0,1,47.94,0.1527
2069,N2C,1,13.3156,0.0,0,17.99,0.0143
2069,S2C,1,13.4867,0.0,0,17.77,0.0118
2069,E2C,2,5.2902,10.0,1,45.29,0.1485
2069,W2C,2,4.8602,11.0,1,49.3,0.1554
2070,N2C,1,13.828,0.0,0,17.33,0.0069
2070,S2C,1,13.6847,0.0,0,17.51,0.009
2070,E2C,2,5.1629,11.0,1,46.41,0.151
2070,W2C,2,5.0382,12.0,1,47.56,0.1535
2071,N2C,1,13.89,0.0,0,17.25,0.006
2071,S2C,1,13.3413,0.0,0,17.96,0.0139
2071,E2C,3,8.0986,12.0,1,29.59,0.1154
2071,W2C,3,7.9184,13.0,1,30.26,0.1187
2072,N2C,1,13.4975,0.0,0,17.75,0.0117
2072,S2C,1,13.0817,0.0,0,18.32,0.0176
2072,E2C,3,7.703,13.0,1,31.1,0.1218
2072,W2C,3,8.0269,14.0,1,29.85,0.1178
2073,N2C,1,13.4439,0.0,0,17.82,0.0124
2073,S2C,1,13.2128,0.0,0,18.13,0.0158
2073,E2C,3,7.9121,14.0,1,30.28,0.1194
2073,W2C,3,7.7792,15.0,1,30.8,0.122
2074,N2C,1,13.3293,0.0,0,17.98,0.0141
2074,S2C,1,12.9767,0.0,0,18.46,0.0192
2074,E2C,3,7.693,15.0,1,31.15,0.1232
2074,W2C,3,7.8333,16.0,1,30.59,0.1219
2075,N2C,1,13.8524,0.0,0,17.3,0.0065
2075,S2C,1,13.2348,0.0,0,18.1,0.0154
2075,E2C,3,7.2343,16.0,1,33.12,0.1305
2075,W2C,3,7.878,17.0,1,30.41,0.1219
2076,N2C,1,13.513,0.0,0,17.73,0.0114
2076,S2C,1,13.1167,0.0,0,18.27,0.0171
2076,E2C,3,5.8,17.0,1,41.31,0.1518
2076,W2C,3,7.3138,18.0,1,32.76,0.1307
2077,N2C,1,13.4075,0.0,0,17.87,0.0129
2077,S2C,1,12.839,0.0,0,18.66,0.0211
2077,E2C,3,4.4832,18.0,1,53.44,0.1714
2077,W2C,3,6.0074,19.0,1,39.88,0.1502
2078,N2C,1,13.5207,0.0,0,17.72,0.0113
2078,S2C,1,12.7469,0.0,0,18.8,0.0225
2078,E2C,3,4.3021,19.0,1,55.69,0.1747
2078,W2C,3,4.6099,20.0,1,51.98,0.171
2079,N2C,1,13.5691,0.0,0,17.66,0.0106
2079,S2C,1,13.0426,0.0,0,18.37,0.0182
2079,E2C,3,4.5378,21.0,2,52.8,0.1787
2079,W2C,3,4.5306,22.0,2,52.88,0.1794
2080,N2C,1,13.4835,0.0,0,17.77,0.0119
2080,S2C,1,12.7993,0.0,0,18.72,0.0217
2080,E2C,1,13.6025,0.0,0,17.61,0.0101
2080,W2C,1,13.2485,0.0,0,18.09,0.0152
2081,N2C,1,13.4571,0.0,0,17.8,0.0122
2081,S2C,1,12.8303,0.0,0,18.67,0.0213
2081,E2C,1,13.725,0.0,0,17.46,0.0084
2081,W2C,1,13.8532,0.0,0,17.3,0.0065
2082,N2C,1,13.4572,0.0,0,17.8,0.0122
2082,S2C,1,12.8733,0.0,0,18.61,0.0206
2082,E2C,1,13.7914,0.0,0,17.37,0.0074
2082,W2C,1,13.8171,0.0,0,17.34,0.007
2083,N2C,1,13.8148,0.0,0,17.34,0.0071
2083,S2C,1,12.7681,0.0,0,18.77,0.0222
2083,E2C,1,13.5865,0.0,0,17.64,0.0104
2083,W2C,1,13.6345,0.0,0,17.57,0.0097
2084,N2C,1,13.3846,0.0,0,17.9,0.0133
2084,S2C,1,13.2455,0.0,0,18.09,0.0153
2084,E2C,1,13.3899,0.0,0,17.89,0.0132
2084,W2C,1,13.8275,0.0,0,17.33,0.0069
2085,N2C,1,13.5845,0.0,0,17.64,0.0104
2085,S2C,1,13.3239,0.0,0,17.98,0.0142
2085,E2C,1,13.4086,0.0,0,17.87,0.0129
2085,W2C,1,13.3085,0.0,0,18.0,0.0144
2086,N2C,1,13.6714,0.0,0,17.53,0.0091
2086,S2C,1,12.8357,0.0,0,18.67,0.0212
2086,E2C,1,13.6663,0.0,0,17.53,0.0092
2086,W2C,1,13.3107,0.0,0,18.0,0.0143
2087,N2C,1,13.4078,0.0,0,17.87,0.0129
2087,S2C,1,12.7522,0.0,0,18.79,0.0224
2087,E2C,1,13.277,0.0,0,18.05,0.0148
2087,W2C,1,13.6451,0.0,0,17.56,0.0095
2088,N2C,1,12.6215,0.0,0,18.98,0.0243
2088,S2C,1,13.1905,0.0,0,18.16,0.0161
2088,E2C,1,13.3584,0.0,0,17.94,0.0137
2088,W2C,1,13.5505,0.0,0,17.68,0.0109
2089,N2C,2,10.5625,0.0,0,22.68,0.0599
2089,S2C,2,13.14,0.0,0,18.23,0.0228
2089,E2C,1,13.7879,0.0,0,17.38,0.0075
2089,W2C,1,13.8747,0.0,0,17.27,0.0062
2090,N2C,2,8.7935,0.0,0,27.25,0.0854
2090,S2C,2,10.8718,0.0,0,22.04,0.0555
2090,E2C,1,13.2569,0.0,0,18.07,0.0151
2090,W2C,1,13.246,0.0,0,18.09,0.0153
2091,N2C,2,6.7738,0.0,0,35.37,0.1145
2091,S2C,2,9.2141,0.0,0,26.0,0.0793
2091,E2C,1,13.4822,0.0,0,17.77,0.0119
2091,W2C,1,13.7486,0.0,0,17.43,0.008
2092,N2C,2,7.0513,0.0,0,33.98,0.1105
2092,S2C,2,7.6183,0.0,0,31.45,0.1023
2092,E2C,1,13.4845,0.0,0,17.77,0.0118
2092,W2C,1,13.8009,0.0,0,17.36,0.0073
2093,N2C,2,6.8017,0.0,0,35.23,0.1141
2093,S2C,2,6.5849,0.0,0,36.39,0.1172
2093,E2C,1,13.2368,0.0,0,18.1,0.0154
2093,W2C,1,13.8228,0.0,0,17.33,0.007
2094,N2C,2,6.359,1.0,1,37.68,0.1271
2094,S2C,2,6.5168,1.0,1,36.77,0.1248
2094,E2C,1,13.6113,0.0,0,17.6,0.01
2094,W2C,1,13.4539,0.0,0,17.81,0.0123
2095,N2C,2,6.4731,2.0,1,37.01,0.1261
2095,S2C,2,6.7824,2.0,1,35.33,0.1217
2095,E2C,1,13.3069,0.0,0,18.01,0.0144
2095,W2C,1,13.3513,0.0,0,17.95,0.0138
2096,N2C,2,6.6109,3.0,1,36.24,0.1248
2096,S2C,2,6.59,3.0,1,36.36,0.1251
2096,E2C,1,13.2992,0.0,0,18.02,0.0145
2096,W2C,1,13.5778,0.0,0,17.65,0.0105
2097,N2C,2,6.8335,4.0,1,35.06,0.1223
2097,S2C,2,6.513,4.0,1,36.79,0.1269
2097,E2C,1,13.6842,0.0,0,17.51,0.009
2097,W2C,1,13.6474,0.0,0,17.56,0.0095
2098,N2C,2,6.5118,5.0,1,36.79,0.1276
2098,S2C,2,6.742,5.0,1,35.54,0.1243
2098,E2C,1,13.3599,0.0,0,17.93,0.0136
2098,W2C,1,13.3659,0.0,0,17.93,0.0135
2099,N2C,2,6.589,6.0,1,36.36,0.1271
2099,S2C,2,6.4697,6.0,1,37.03,0.1288
2099,E2C,1,13.2305,0.0,0,18.11,0.0155
2099,W2C,1,13.8388,0.0,0,17.31,0.0067
2100,N2C,2,6.8568,7.0,1,34.94,0.1239
2100,S2C,2,6.6419,7.0,1,36.07,0.127
2100,E2C,1,13.7344,0.0,0,17.45,0.0082
2100,W2C,1,13.3235,0.0,0,17.98,0.0142
2101,N2C,2,6.3837,8.0,1,37.53,0.1314
2101,S2C,2,6.8721,8.0,1,34.87,0.1244
2101,E2C,1,13.725,0.0,0,17.46,0.0084
2101,W2C,1,13.2659,0.0,0,18.06,0.015
2102,N2C,2,6.5685,9.0,1,36.48,0.1294
2102,S2C,2,6.6656,9.0,1,35.95,0.128
2102,E2C,1,13.6595,0.0,0,17.54,0.0093
2102,W2C,1,13.6841,0.0,0,17.51,0.009
2103,N2C,2,6.8737,10.0,1,34.86,0.1257
2103,S2C,2,6.7173,10.0,1,35.67,0.1279
2103,E2C,1,13.5947,0.0,0,17.62,0.0103
2103,W2C,1,13.5432,0.0,0,17.69,0.011
2104,N2C,2,6.7793,11.0,1,35.34,0.1277
2104,S2C,2,6.5254,11.0,1,36.72,0.1314
2104,E2C,1,13.2111,0.0,0,18.14,0.0158
2104,W2C,1,13.3831,0.0,0,17.9,0.0133
2105,N2C,2,6.4529,12.0,1,37.13,0.1331
2105,S2C,2,6.3249,12.0,1,37.88,0.1349
2105,E2C,1,13.6374,0.0,0,17.57,0.0096
2105,W2C,1,13.5376,0.0,0,17.7,0.0111
2106,N2C,2,5.6851,13.0,1,42.15,0.1448
2106,S2C,2,5.4805,13.0,1,43.72,0.1478
2106,E2C,1,13.6669,0.0,0,17.53,0.0092
2106,W2C,1,13.4397,0.0,0,17.83,0.0125
2107,N2C,3,6.9201,14.0,1,34.62,0.1337
2107,S2C,3,6.5648,14.0,1,36.5,0.1388
2107,E2C,1,13.89,0.0,0,17.25,0.006
2107,W2C,1,13.4809,0.0,0,17.77,0.0119
2108,N2C,3,5.2559,15.0,1,45.59,0.1583
2108,S2C,3,4.8533,15.0,1,49.37,0.1641
2108,E2C,1,13.5059,0.0,0,17.74,0.0115
2108,W2C,1,13.3552,0.0,0,17.94,0.0137
2109,N2C,3,4.7321,16.0,1,50.63,0.1665
2109,S2C,3,3.9843,16.0,1,60.14,0.1773
2109,E2C,1,13.787,0.0,0,17.38,0.0075
2109,W2C,1,13.1131,0.0,0,18.27,0.0172
2110,N2C,3,4.3862,17.0,1,54.63,0.1722
2110,S2C,3,3.8312,17.0,1,62.54,0.1802
2110,E2C,1,13.8705,0.0,0,17.27,0.0063
2110,W2C,1,12.9856,0.0,0,18.45,0.019
2111,N2C,3,4.466,19.0,2,53.65,0.1784
2111,S2C,3,4.0085,19.0,2,59.77,0.1849
2111,E2C,1,13.3016,0.0,0,18.01,0.0145
2111,W2C,1,13.3331,0.0,0,17.97,0.014
2112,N2C,3,4.4927,21.0,2,53.33,0.1793
2112,S2C,3,4.0342,21.0,2,59.39,0.1859
2112,E2C,1,13.6774,0.0,0,17.52,0.0091
2112,W2C,1,12.9172,0.0,0,18.55,0.02
2113,N2C,1,13.4203,0.0,0,17.85,0.0128
2113,S2C,1,12.9145,0.0,0,18.55,0.02
2113,E2C,1,13.2475,0.0,0,18.09,0.0153
2113,W2C,1,13.4442,0.0,0,17.82,0.0124
2114,N2C,1,13.3869,0.0,0,17.9,0.0132
2114,S2C,1,12.6668,0.0,0,18.92,0.0236
2114,E2C,1,13.4031,0.0,0,17.88,0.013
2114,W2C,1,13.144,0.0,0,18.23,0.0167
2115,N2C,1,13.4378,0.0,0,17.83,0.0125
2115,S2C,1,12.5407,0.0,0,19.11,0.0254
2115,E2C,1,13.3177,0.0,0,17.99,0.0142
2115,W2C,1,13.4129,0.0,0,17.86,0.0129
2116,N2C,1,13.5597,0.0,0,17.67,0.0108
2116,S2C,1,12.9828,0.0,0,18.46,0.0191
2116,E2C,1,13.3363,0.0,0,17.97,0.014
2116,W2C,1,13.0315,0.0,0,18.39,0.0184
2117,N2C,1,13.5888,0.0,0,17.63,0.0103
2117,S2C,1,12.9955,0.0,0,18.44,0.0189
2117,E2C,1,13.55,0.0,0,17.68,0.0109
2117,W2C,1,13.4546,0.0,0,17.81,0.0123
2118,N2C,1,13.819,0.0,0,17.34,0.007
2118,S2C,1,12.6929,0.0,0,18.88,0.0232
2118,E2C,1,13.8313,0.0,0,17.32,0.0068
2118,W2C,1,12.9919,0.0,0,18.44,0.0189
2119,N2C,1,13.659,0.0,0,17.54,0.0093
2119,S2C,1,12.404,0.0,0,19.32,0.0274
2119,E2C,1,13.2653,0.0,0,18.06,0.015
2119,W2C,1,13.0981,0.0,0,18.29,0.0174
2120,N2C,1,13.3664,0.0,0,17.93,0.0135
2120,S2C,1,12.8245,0.0,0,18.68,0.0213
2120,E2C,1,13.4244,0.0,0,17.85,0.0127
2120,W2C,1,13.2454,0.0,0,18.09,0.0153
2121,N2C,1,13.6826,0.0,0,17.51,0.009
2121,S2C,1,12.5837,0.0,0,19.04,0.0248
2121,E2C,1,13.5661,0.0,0,17.66,0.0107
2121,W2C,1,12.9777,0.0,0,18.46,0.0191
2122,N2C,1,13.7635,0.0,0,17.41,0.0078
2122,S2C,1,12.446,0.0,0,19.25,0.0268
2122,E2C,1,13.2859,0.0,0,18.03,0.0147
2122,W2C,1,13.0808,0.0,0,18.32,0.0177
2123,N2C,1,13.547,0.0,0,17.69,0.0109
2123,S2C,1,12.6675,0.0,0,18.91,0.0236
2123,E2C,1,13.5651,0.0,0,17.66,0.0107
2123,W2C,1,13.4622,0.0,0,17.8,0.0122
2124,N2C,1,13.4248,0.0,0,17.85,0.0127
2124,S2C,1,12.6839,0.0,0,18.89,0.0234
2124,E2C,1,13.2354,0.0,0,18.1,0.0154
2124,W2C,1,13.1924,0.0,0,18.16,0.016
2125,N2C,1,13.89,0.0,0,17.25,0.006
2125,S2C,2,12.5876,0.0,0,19.03,0.0308
2125,E2C,2,10.9854,0.0,0,21.81,0.0538
2125,W2C,2,12.0942,0.0,0,19.81,0.0379
2126,N2C,1,13.7058,0.0,0,17.48,0.0087
2126,S2C,2,12.7238,0.0,0,18.83,0.0288
2126,E2C,2,8.5893,0.0,0,27.9,0.0883
2126,W2C,2,10.1787,0.0,0,23.54,0.0654
2127,N2C,1,13.7472,0.0,0,17.43,0.0081
2127,S2C,2,12.3583,0.0,0,19.39,0.0341
2127,E2C,2,6.5037,0.0,0,36.84,0.1184
2127,W2C,2,8.1824,0.0,0,29.28,0.0942
2128,N2C,1,13.7152,0.0,0,17.47,0.0085
2128,S2C,1,13.7057,0.0,0,17.48,0.0087
2128,E2C,2,6.7851,1.0,1,35.31,0.121
2128,W2C,2,6.212,1.0,1,38.57,0.1292
2129,N2C,1,13.4362,0.0,0,17.83,0.0125
2129,S2C,1,13.3642,0.0,0,17.93,0.0136
2129,E2C,2,6.8116,2.0,1,35.18,0.1213
2129,W2C,2,6.2752,2.0,1,38.18,0.129
2130,N2C,1,13.613,0.0,0,17.6,0.01
2130,S2C,1,13.5656,0.0,0,17.66,0.0107
2130,E2C,2,6.8835,3.0,1,34.81,0.1209
2130,W2C,2,6.4937,3.0,1,36.9,0.1265
2131,N2C,1,13.2924,0.0,0,18.03,0.0146
2131,S2C,1,13.3669,0.0,0,17.92,0.0135
2131,E2C,2,6.7174,4.0,1,35.67,0.1239
2131,W2C,2,6.1268,4.0,1,39.11,0.1324
2132,N2C,1,13.2664,0.0,0,18.06,0.015
2132,S2C,1,13.7427,0.0,0,17.43,0.0081
2132,E2C,2,6.5716,5.0,1,36.46,0.1267
2132,W2C,2,6.2687,5.0,1,38.22,0.1311
2133,N2C,1,13.4208,0.0,0,17.85,0.0128
2133,S2C,1,13.4204,0.0,0,17.85,0.0128
2133,E2C,2,6.8032,6.0,1,35.22,0.124
2133,W2C,2,6.1595,6.0,1,38.9,0.1333
2134,N2C,1,13.2807,0.0,0,18.04,0.0148
2134,S2C,1,13.5347,0.0,0,17.7,0.0111
2134,E2C,2,6.4051,7.0,1,37.41,0.1304
2134,W2C,2,6.2824,7.0,1,38.14,0.1322
2135,N2C,1,13.6602,0.0,0,17.54,0.0093
2135,S2C,1,13.2974,0.0,0,18.02,0.0145
2135,E2C,2,6.4208,8.0,1,37.32,0.1309
2135,W2C,2,6.5231,8.0,1,36.73,0.1294
2136,N2C,1,13.8865,0.0,0,17.25,0.0061
2136,S2C,1,13.2922,0.0,0,18.03,0.0146
2136,E2C,2,6.6078,9.0,1,36.26,0.1289
2136,W2C,2,6.2903,9.0,1,38.09,0.1334
2137,N2C,1,13.3428,0.0,0,17.96,0.0139
2137,S2C,1,13.7402,0.0,0,17.44,0.0082
2137,E2C,2,6.8308,10.0,1,35.08,0.1263
2137,W2C,2,6.4444,10.0,1,37.18,0.1319
2138,N2C,1,13.3589,0.0,0,17.94,0.0136
2138,S2C,1,13.5097,0.0,0,17.74,0.0115
2138,E2C,2,6.4876,11.0,1,36.93,0.1319
2138,W2C,2,6.478,11.0,1,36.99,0.1321
2139,N2C,1,13.8466,0.0,0,17.3,0.0066
2139,S2C,1,13.8863,0.0,0,17.25,0.0061
2139,E2C,2,6.4853,12.0,1,36.94,0.1326
2139,W2C,2,6.1013,12.0,1,39.27,0.1381
2140,N2C,1,13.7648,0.0,0,17.41,0.0078
2140,S2C,1,13.2849,0.0,0,18.04,0.0147
2140,E2C,2,6.8597,13.0,1,34.93,0.1279
2140,W2C,2,6.0767,13.0,1,39.43,0.1392
2141,N2C,1,13.3637,0.0,0,17.93,0.0136
2141,S2C,1,13.8743,0.0,0,17.27,0.0062
2141,E2C,2,6.585,14.0,1,36.39,0.1325
2141,W2C,2,6.2704,14.0,1,38.21,0.137
2142,N2C,1,13.7238,0.0,0,17.46,0.0084
2142,S2C,1,13.8456,0.0,0,17.31,0.0066
2142,E2C,2,5.1965,15.0,1,46.11,0.1532
2142,W2C,2,6.0876,15.0,1,39.36,0.1403
2143,N2C,1,13.781,0.0,0,17.39,0.0076
2143,S2C,1,13.8324,0.0,0,17.32,0.0068
2143,E2C,3,6.4341,16.0,1,37.24,0.142
2143,W2C,3,7.6979,16.0,1,31.13,0.1238
2144,N2C,1,13.5255,0.0,0,17.71,0.0112
2144,S2C,1,13.3068,0.0,0,18.01,0.0144
2144,E2C,3,4.7934,17.0,1,49.99,0.1663
2144,W2C,3,6.1918,17.0,1,38.7,0.1462
2145,N2C,1,13.1412,0.0,0,18.23,0.0168
2145,S2C,1,13.5337,0.0,0,17.7,0.0111
2145,E2C,3,4.1122,18.0,1,58.27,0.1768
2145,W2C,3,5.0582,18.0,1,47.37,0.1632
2146,N2C,1,13.5018,0.0,0,17.75,0.0116
2146,S2C,1,13.3302,0.0,0,17.97,0.0141
2146,E2C,1,12.5764,0.0,0,19.05,0.0249
2146,W2C,1,13.0839,0.0,0,18.31,0.0176
2147,N2C,1,13.6121,0.0,0,17.6,0.01
2147,S2C,1,13.75,0.0,0,17.43,0.008
2147,E2C,1,12.4104,0.0,0,19.31,0.0273
2147,W2C,1,13.195,0.0,0,18.16,0.016
2148,N2C,1,13.3094,0.0,0,18.0,0.0144
2148,S2C,1,13.7149,0.0,0,17.47,0.0085
2148,E2C,1,12.7955,0.0,0,18.73,0.0218
2148,W2C,1,13.4486,0.0,0,17.82,0.0124
2149,N2C,1,13.725,0.0,0,17.46,0.0084
2149,S2C,1,13.5534,0.0,0,17.68,0.0108
2149,E2C,1,13.0144,0.0,0,18.41,0.0186
2149,W2C,1,12.9467,0.0,0,18.51,0.0196
2150,N2C,1,13.5854,0.0,0,17.64,0.0104
2150,S2C,1,13.459,0.0,0,17.8,0.0122
2150,E2C,1,12.7272,0.0,0,18.83,0.0227
2150,W2C,1,12.954,0.0,0,18.5,0.0195
2151,N2C,1,13.1799,0.0,0,18.18,0.0162
2151,S2C,1,13.2212,0.0,0,18.12,0.0156
2151,E2C,1,12.8262,0.0,0,18.68,0.0213
2151,W2C,1,13.145,0.0,0,18.23,0.0167
2152,N2C,1,13.2651,0.0,0,18.06,0.015
2152,S2C,1,13.6459,0.0,0,17.56,0.0095
2152,E2C,1,12.755,0.0,0,18.78,0.0223
2152,W2C,1,13.1781,0.0,0,18.18,0.0163
2153,N2C,1,13.6059,0.0,0,17.61,0.0101
2153,S2C,1,13.497,0.0,0,17.75,0.0117
2153,E2C,1,12.8086,0.0,0,18.71,0.0216
2153,W2C,1,13.2854,0.0,0,18.03,0.0147
2154,N2C,1,13.4266,0.0,0,17.85,0.0127
2154,S2C,1,13.6201,0.0,0,17.59,0.0099
2154,E2C,1,12.5106,0.0,0,19.15,0.0259
2154,W2C,1,13.1179,0.0,0,18.27,0.0171
2155,N2C,1,13.4229,0.0,0,17.85,0.0127
2155,S2C,1,13.742,0.0,0,17.44,0.0081
2155,E2C,1,12.868,0.0,0,18.62,0.0207
2155,W2C,1,13.4489,0.0,0,17.82,0.0124
2156,N2C,1,13.4808,0.0,0,17.77,0.0119
2156,S2C,1,13.5465,0.0,0,17.69,0.0109
2156,E2C,1,12.4409,0.0,0,19.26,0.0269
2156,W2C,1,12.8854,0.0,0,18.59,0.0205
2157,N2C,1,13.607,0.0,0,17.61,0.0101
2157,S2C,1,13.5316,0.0,0,17.71,0.0112
2157,E2C,1,12.5802,0.0,0,19.05,0.0249
2157,W2C,1,13.3114,0.0,0,18.0,0.0143
2158,N2C,1,13.2303,0.0,0,18.11,0.0155
2158,S2C,1,13.7839,0.0,0,17.38,0.0075
2158,E2C,1,12.6533,0.0,0,18.94,0.0238
2158,W2C,1,13.0447,0.0,0,18.37,0.0182
2159,N2C,1,13.6528,0.0,0,17.55,0.0094
2159,S2C,1,13.4589,0.0,0,17.8,0.0122
2159,E2C,1,12.4452,0.0,0,19.25,0.0268
2159,W2C,1,13.1629,0.0,0,18.2,0.0165
2160,N2C,1,12.8807,0.0,0,18.6,0.0205
2160,S2C,1,12.7279,0.0,0,18.82,0.0227
2160,E2C,1,12.804,0.0,0,18.71,0.0216
2160,W2C,1,12.8314,0.0,0,18.67,0.0212
2161,N2C,2,11.2803,0.0,0,21.24,0.0496
2161,S2C,2,10.8469,0.0,0,22.09,0.0558
2161,E2C,2,12.8943,0.0,0,18.58,0.0263
2161,W2C,2,13.0959,0.0,0,18.3,0.0234
2162,N2C,2,8.4974,0.0,0,28.2,0.0896
2162,S2C,2,8.4113,0.0,0,28.49,0.0909
2162,E2C,2,12.5149,0.0,0,19.15,0.0318
2162,W2C,1,13.2868,0.0,0,18.03,0.0147
2163,N2C,2,7.2639,0.0,0,32.99,0.1074
2163,S2C,2,6.694,1.0,1,35.79,0.1223
2163,E2C,2,12.3082,0.0,0,19.47,0.0348
2163,W2C,1,13.2252,0.0,0,18.12,0.0156
2164,N2C,2,6.5922,1.0,1,36.35,0.1237
2164,S2C,2,6.8509,2.0,1,34.97,0.1207
2164,E2C,1,13.2991,0.0,0,18.02,0.0145
2164,W2C,1,13.1967,0.0,0,18.16,0.016
2165,N2C,2,6.8461,2.0,1,35.0,0.1208
2165,S2C,2,6.6714,3.0,1,35.91,0.1239
2165,E2C,1,13.3066,0.0,0,18.01,0.0144
2165,W2C,1,13.7818,0.0,0,17.39,0.0076
2166,N2C,2,6.39,3.0,1,37.5,0.128
2166,S2C,2,6.4364,4.0,1,37.23,0.128
2166,E2C,1,13.7339,0.0,0,17.45,0.0082
2166,W2C,1,13.777,0.0,0,17.39,0.0076
2167,N2C,2,6.7303,4.0,1,35.6,0.1238
2167,S2C,2,6.3815,5.0,1,37.55,0.1294
2167,E2C,1,13.8409,0.0,0,17.31,0.0067
2167,W2C,1,13.631,0.0,0,17.58,0.0097
2168,N2C,2,6.6217,5.0,1,36.18,0.126
2168,S2C,2,6.8743,6.0,1,34.85,0.123
2168,E2C,1,13.4041,0.0,0,17.88,0.013
2168,W2C,1,13.6725,0.0,0,17.52,0.0091
2169,N2C,2,6.7277,6.0,1,35.61,0.1251
2169,S2C,2,6.7744,7.0,1,35.37,0.1251
2169,E2C,1,13.4411,0.0,0,17.83,0.0125
2169,W2C,1,13.6034,0.0,0,17.61,0.0101
2170,N2C,2,6.9138,7.0,1,34.66,0.1231
2170,S2C,2,6.5852,8.0,1,36.38,0.1285
2170,E2C,1,13.8201,0.0,0,17.34,0.007
2170,W2C,1,13.2516,0.0,0,18.08,0.0152
2171,N2C,2,6.8054,8.0,1,35.21,0.1253
2171,S2C,2,6.6825,9.0,1,35.85,0.1278
2171,E2C,1,13.7174,0.0,0,17.47,0.0085
2171,W2C,1,13.6824,0.0,0,17.51,0.009
2172,N2C,2,6.6303,9.0,1,36.14,0.1285
2172,S2C,2,6.4682,10.0,1,37.04,0.1315
2172,E2C,1,13.3925,0.0,0,17.89,0.0132
2172,W2C,1,13.342,0.0,0,17.96,0.0139
2173,N2C,2,6.686,10.0,1,35.84,0.1284
2173,S2C,2,6.8046,11.0,1,35.21,0.1274
2173,E2C,1,13.7806,0.0,0,17.39,0.0076
2173,W2C,1,13.7846,0.0,0,17.38,0.0075
2174,N2C,2,6.6172,11.0,1,36.21,0.1301
2174,S2C,2,6.9257,12.0,1,34.6,0.1263
2174,E2C,1,13.7823,0.0,0,17.38,0.0076
2174,W2C,1,13.2051,0.0,0,18.14,0.0159
2175,N2C,2,6.6034,12.0,1,36.28,0.1309
2175,S2C,2,6.6697,13.0,1,35.92,0.1306
2175,E2C,1,13.8739,0.0,0,17.27,0.0062
2175,W2C,1,13.6384,0.0,0,17.57,0.0096
2176,N2C,2,6.5556,13.0,1,36.55,0.1323
2176,S2C,2,6.3652,14.0,1,37.64,0.1357
2176,E2C,1,13.2502,0.0,0,18.08,0.0152
2176,W2C,1,13.5347,0.0,0,17.7,0.0111
2177,N2C,2,6.7222,14.0,1,35.64,0.1305
2177,S2C,2,6.6632,15.0,1,35.96,0.1321
2177,E2C,1,13.8459,0.0,0,17.3,0.0066
2177,W2C,1,13.5278,0.0,0,17.71,0.0112
2178,N2C,2,5.6377,15.0,1,42.5,0.1468
2178,S2C,2,5.6402,16.0,1,42.48,0.1475
2178,E2C,1,12.1844,0.0,0,19.66,0.0306
2178,W2C,1,12.9949,0.0,0,18.44,0.0189
2179,N2C,1,13.765,0.0,0,17.41,0.0078
2179,S2C,1,13.89,0.0,0,17.25,0.006
2179,E2C,2,10.5689,0.0,0,22.67,0.0598
2179,W2C,2,10.7449,0.0,0,22.3,0.0573
2180,N2C,1,13.3975,0.0,0,17.88,0.0131
2180,S2C,1,13.7682,0.0,0,17.4,0.0078
2180,E2C,2,7.9178,0.0,0,30.26,0.098
2180,W2C,2,8.3241,0.0,0,28.78,0.0921
2181,N2C,1,13.3666,0.0,0,17.93,0.0135
2181,S2C,1,13.6785,0.0,0,17.52,0.009
2181,E2C,2,6.745,0.0,0,35.52,0.1149
2181,W2C,2,6.5408,0.0,0,36.63,0.1178
2182,N2C,1,13.6229,0.0,0,17.59,0.0098
2182,S2C,1,13.765,0.0,0,17.41,0.0078
2182,E2C,2,6.9668,0.0,0,34.39,0.1117
2182,W2C,2,6.9473,0.0,0,34.49,0.112
2183,N2C,1,13.3113,0.0,0,18.0,0.0143
2183,S2C,1,13.6266,0.0,0,17.58,0.0098
2183,E2C,2,6.7384,1.0,1,35.56,0.1216
2183,W2C,2,6.9289,1.0,1,34.58,0.1189
2184,N2C,1,13.7041,0.0,0,17.48,0.0087
2184,S2C,1,13.6166,0.0,0,17.6,0.0099
2184,E2C,2,6.5201,2.0,1,36.75,0.1255
2184,W2C,2,6.67,2.0,1,35.92,0.1233
2185,N2C,1,13.4754,0.0,0,17.78,0.012
2185,S2C,1,13.6411,0.0,0,17.56,0.0096
2185,E2C,2,6.6992,3.0,1,35.77,0.1235
2185,W2C,2,6.8099,3.0,1,35.18,0.1219
2186,N2C,1,13.3593,0.0,0,17.94,0.0136
2186,S2C,1,13.5146,0.0,0,17.73,0.0114
2186,E2C,2,6.8555,4.0,1,34.95,0.122
2186,W2C,2,6.5988,4.0,1,36.31,0.1257
2187,N2C,1,13.2038,0.0,0,18.15,0.0159
2187,S2C,1,13.3635,0.0,0,17.93,0.0136
2187,E2C,2,6.7613,5.0,1,35.44,0.124
2187,W2C,2,6.8702,5.0,1,34.88,0.1224
2188,N2C,1,13.331,0.0,0,17.97,0.014
2188,S2C,1,13.8646,0.0,0,17.28,0.0064
2188,E2C,2,6.5119,6.0,1,36.79,0.1282
2188,W2C,2,6.9156,6.0,1,34.65,0.1224
2189,N2C,1,13.7316,0.0,0,17.45,0.0083
2189,S2C,1,13.4463,0.0,0,17.82,0.0124
2189,E2C,2,6.2964,7.0,1,38.05,0.132
2189,W2C,2,6.3733,7.0,1,37.59,0.1309
2190,N2C,1,13.7172,0.0,0,17.47,0.0085
2190,S2C,1,13.2749,0.0,0,18.05,0.0149
2190,E2C,2,6.6593,8.0,1,35.98,0.1274
2190,W2C,2,6.4862,8.0,1,36.94,0.1299
2191,N2C,1,13.5559,0.0,0,17.67,0.0108
2191,S2C,1,13.6795,0.0,0,17.52,0.009
2191,E2C,2,6.4667,9.0,1,37.05,0.1309
2191,W2C,2,6.7985,9.0,1,35.24,0.1261
2192,N2C,1,13.6171,0.0,0,17.6,0.0099
2192,S2C,1,13.242,0.0,0,18.09,0.0153
2192,E2C,2,6.3321,10.0,1,37.84,0.1335
2192,W2C,2,6.4682,10.0,1,37.04,0.1315
2193,N2C,1,13.3254,0.0,0,17.98,0.0141
2193,S2C,1,13.2862,0.0,0,18.03,0.0147
2193,E2C,2,6.916,11.0,1,34.64,0.1258
2193,W2C,2,6.3902,11.0,1,37.49,0.1333
2194,N2C,1,13.6223,0.0,0,17.59,0.0099
2194,S2C,1,13.7059,0.0,0,17.48,0.0087
2194,E2C,2,6.3605,12.0,1,37.67,0.1344
2194,W2C,2,6.8836,12.0,1,34.81,0.1269
2195,N2C,1,13.5771,0.0,0,17.65,0.0105
2195,S2C,1,13.6254,0.0,0,17.58,0.0098
2195,E2C,2,6.7144,13.0,1,35.68,0.13
2195,W2C,2,6.7801,13.0,1,35.34,0.129
2196,N2C,1,13.1262,0.0,0,18.25,0.017
2196,S2C,1,13.4505,0.0,0,17.81,0.0123
2196,E2C,2,5.4033,14.0,1,44.34,0.1495
2196,W2C,2,5.4909,14.0,1,43.64,0.1483
2197,N2C,1,13.89,0.0,0,17.25,0.006
2197,S2C,1,13.5004,0.0,0,17.75,0.0116
2197,E2C,3,7.0099,15.0,1,34.18,0.1331
2197,W2C,3,6.8914,15.0,1,34.77,0.1348
2198,N2C,1,13.7527,0.0,0,17.42,0.008
2198,S2C,1,13.3416,0.0,0,17.96,0.0139
2198,E2C,3,5.5127,16.0,1,43.46,0.1553
2198,W2C,3,5.1068,16.0,1,46.92,0.1611
2199,N2C,1,13.3586,0.0,0,17.94,0.0137
2199,S2C,1,13.2718,0.0,0,18.05,0.0149
2199,E2C,3,4.6828,17.0,1,51.17,0.1679
2199,W2C,3,4.5307,17.0,1,52.88,0.1701
2200,N2C,1,13.5248,0.0,0,17.72,0.0113
2200,S2C,1,13.1663,0.0,0,18.2,0.0164
2200,E2C,3,4.632,18.0,1,51.73,0.1693
2200,W2C,3,4.3505,19.0,2,55.07,0.18
2201,N2C,1,13.3188,0.0,0,17.99,0.0142
2201,S2C,1,13.3053,0.0,0,18.01,0.0144
2201,E2C,3,4.2765,20.0,2,56.03,0.1818
2201,W2C,3,4.4356,21.0,2,54.02,0.1801
2202,N2C,1,13.6511,0.0,0,17.55,0.0094
2202,S2C,1,13.3686,0.0,0,17.92,0.0135
2202,E2C,3,4.5729,22.0,2,52.4,0.1788
2202,W2C,3,4.5901,23.0,2,52.2,0.1792
2203,N2C,1,13.6588,0.0,0,17.54,0.0093
2203,S2C,1,12.9776,0.0,0,18.46,0.0191
2203,E2C,3,4.4919,24.0,2,53.34,0.1813
2203,W2C,3,4.454,25.0,2,53.79,0.1825
2204,N2C,1,13.8486,0.0,0,17.3,0.0066
2204,S2C,1,12.8909,0.0,0,18.59,0.0204
2204,E2C,3,4.3237,26.0,2,55.42,0.1851
2204,W2C,3,4.6069,27.0,2,52.01,0.1817
2205,N2C,1,13.4258,0.0,0,17.85,0.0127
2205,S2C,1,12.9966,0.0,0,18.44,0.0189
2205,E2C,3,4.3707,28.0,2,54.82,0.1857
2205,W2C,3,4.6152,29.0,2,51.92,0.1829
2206,N2C,1,13.5712,0.0,0,17.66,0.0106
2206,S2C,1,12.9722,0.0,0,18.47,0.0192
2206,E2C,3,4.575,30.0,2,52.37,0.1841
2206,W2C,3,4.4841,31.0,2,53.43,0.1861
2207,N2C,1,13.6836,0.0,0,17.51,0.009
2207,S2C,1,13.1366,0.0,0,18.24,0.0168
2207,E2C,3,4.4705,32.0,2,53.6,0.187
2207,W2C,3,4.6176,33.0,2,51.89,0.1855
2208,N2C,1,13.3245,0.0,0,17.98,0.0141
2208,S2C,1,13.2833,0.0,0,18.04,0.0147
2208,E2C,3,4.5548,34.0,2,52.6,0.1871
2208,W2C,3,4.2782,35.0,2,56.01,0.1917
2209,N2C,1,13.7147,0.0,0,17.47,0.0085
2209,S2C,1,13.3554,0.0,0,17.94,0.0137
2209,E2C,3,4.5304,36.0,2,52.89,0.1888
2209,W2C,3,4.4875,37.0,2,53.39,0.1901
2210,N2C,1,13.5335,0.0,0,17.7,0.0111
2210,S2C,1,13.1993,0.0,0,18.15,0.0159
2210,E2C,3,4.4198,38.0,2,54.21,0.1917
2210,W2C,3,4.4071,39.0,2,54.37,0.1925
2211,N2C,1,13.8018,0.0,0,17.36,0.0073
2211,S2C,1,13.1803,0.0,0,18.18,0.0162
2211,E2C,3,4.4198,40.0,2,54.21,0.193
2211,W2C,3,4.4617,41.0,2,53.7,0.1931
2212,N2C,1,13.6443,0.0,0,17.56,0.0095
2212,S2C,1,13.3583,0.0,0,17.94,0.0137
2212,E2C,1,13.8849,0.0,0,17.26,0.0061
2212,W2C,1,13.2506,0.0,0,18.08,0.0152
2213,N2C,1,13.827,0.0,0,17.33,0.0069
2213,S2C,1,13.443,0.0,0,17.82,0.0124
2213,E2C,1,13.7439,0.0,0,17.43,0.0081
2213,W2C,1,13.3315,0.0,0,17.97,0.014
2214,N2C,1,12.2991,0.0,0,19.48,0.0289
2214,S2C,1,13.0962,0.0,0,18.3,0.0174
2214,E2C,1,12.273,0.0,0,19.52,0.0293
2214,W2C,1,12.5512,0.0,0,19.09,0.0253
2215,N2C,2,10.1617,0.0,0,23.58,0.0657
2215,S2C,2,12.548,0.0,0,19.09,0.0313
2215,E2C,2,11.6326,0.0,0,20.6,0.0445
2215,W2C,2,10.5631,0.0,0,22.68,0.0599
2216,N2C,2,8.5229,0.0,0,28.11,0.0893
2216,S2C,2,10.0553,0.0,0,23.83,0.0672
2216,E2C,1,13.8053,0.0,0,17.36,0.0072
2216,W2C,1,12.5956,0.0,0,19.02,0.0246
2217,N2C,2,7.0072,0.0,0,34.19,0.1111
2217,S2C,2,8.562,0.0,0,27.98,0.0887
2217,E2C,1,13.2803,0.0,0,18.04,0.0148
2217,W2C,1,12.2798,0.0,0,19.51,0.0292
2218,N2C,2,6.5597,1.0,1,36.53,0.1242
2218,S2C,2,6.5789,1.0,1,36.42,0.1239
2218,E2C,1,13.6292,0.0,0,17.58,0.0098
2218,W2C,1,12.328,0.0,0,19.44,0.0285
2219,N2C,2,6.8904,2.0,1,34.77,0.1201
2219,S2C,2,6.6124,2.0,1,36.23,0.1241
2219,E2C,1,13.6807,0.0,0,17.51,0.009
2219,W2C,1,12.5514,0.0,0,19.09,0.0253
2220,N2C,2,6.44,3.0,1,37.21,0.1273
2220,S2C,2,6.665,3.0,1,35.95,0.124
2220,E2C,1,13.3296,0.0,0,17.97,0.0141
2220,W2C,1,12.731,0.0,0,18.82,0.0227
2221,N2C,2,6.8608,4.0,1,34.92,0.1219
2221,S2C,2,6.5033,4.0,1,36.84,0.127
2221,E2C,1,13.7036,0.0,0,17.48,0.0087
2221,W2C,1,12.7534,0.0,0,18.79,0.0224
2222,N2C,2,6.4235,5.0,1,37.3,0.1288
2222,S2C,2,6.3189,5.0,1,37.92,0.1303
2222,E2C,1,13.862,0.0,0,17.28,0.0064
2222,W2C,1,12.314,0.0,0,19.46,0.0287
2223,N2C,2,6.6345,6.0,1,36.11,0.1265
2223,S2C,2,6.3505,6.0,1,37.73,0.1306
2223,E2C,1,13.4721,0.0,0,17.78,0.012
2223,W2C,1,12.3143,0.0,0,19.46,0.0287
2224,N2C,2,6.4352,7.0,1,37.23,0.13
2224,S2C,2,6.3331,7.0,1,37.83,0.1315
2224,E2C,1,13.5473,0.0,0,17.69,0.0109
2224,W2C,1,12.8467,0.0,0,18.65,0.021
2225,N2C,2,6.6304,8.0,1,36.14,0.1279
2225,S2C,2,6.8315,8.0,1,35.07,0.125
2225,E2C,1,13.3319,0.0,0,17.97,0.014
2225,W2C,1,12.8407,0.0,0,18.66,0.0211
2226,N2C,2,6.8059,9.0,1,35.2,0.126
2226,S2C,2,6.3465,9.0,1,37.75,0.1326
2226,E2C,1,13.6129,0.0,0,17.6,0.01
2226,W2C,1,12.6167,0.0,0,18.99,0.0243
2227,N2C,2,6.77,10.0,1,35.39,0.1272
2227,S2C,2,6.7991,10.0,1,35.24,0.1268
2227,E2C,1,13.6499,0.0,0,17.55,0.0095
2227,W2C,1,12.695,0.0,0,18.87,0.0232
2228,N2C,2,6.4373,11.0,1,37.22,0.1326
2228,S2C,2,6.8488,11.0,1,34.98,0.1267
2228,E2C,1,13.3295,0.0,0,17.98,0.0141
2228,W2C,1,12.2452,0.0,0,19.57,0.0297
2229,N2C,2,6.5117,12.0,1,36.8,0.1322
2229,S2C,2,6.788,12.0,1,35.3,0.1283
2229,E2C,1,13.6074,0.0,0,17.61,0.0101
2229,W2C,1,12.5965,0.0,0,19.02,0.0246
2230,N2C,2,6.3674,13.0,1,37.63,0.135
2230,S2C,2,6.3364,13.0,1,37.81,0.1354
2230,E2C,1,13.7382,0.0,0,17.44,0.0082
2230,W2C,1,12.632,0.0,0,18.97,0.0241
2231,N2C,2,6.5982,14.0,1,36.31,0.1323
2231,S2C,2,6.8647,14.0,1,34.9,0.1285
2231,E2C,1,13.8317,0.0,0,17.32,0.0068
2231,W2C,1,12.3295,0.0,0,19.43,0.0285
2232,N2C,2,5.7191,15.0,1,41.9,0.1457
2232,S2C,2,5.8994,15.0,1,40.61,0.1431
2232,E2C,1,13.5002,0.0,0,17.75,0.0116
2232,W2C,1,12.6707,0.0,0,18.91,0.0236
2233,N2C,3,7.0848,16.0,1,33.82,0.1327
2233,S2C,3,6.7263,16.0,1,35.62,0.1378
2233,E2C,1,13.89,0.0,0,17.25,0.006
2233,W2C,1,12.4657,0.0,0,19.22,0.0265
2234,N2C,3,5.3549,17.0,1,44.74,0.1582
2234,S2C,3,5.1373,17.0,1,46.64,0.1614
2234,E2C,1,13.2496,0.0,0,18.08,0.0152
2234,W2C,2,12.4065,0.0,0,19.31,0.0334
2235,N2C,3,4.4746,18.0,1,53.55,0.1716
2235,S2C,3,4.0171,18.0,1,59.65,0.1782
2235,E2C,1,13.4747,0.0,0,17.78,0.012
2235,W2C,2,12.2224,0.0,0,19.6,0.036
2236,N2C,3,4.5272,20.0,2,52.92,0.1781
2236,S2C,3,4.3206,19.0,1,55.46,0.1745
2236,E2C,1,13.3689,0.0,0,17.92,0.0135
2236,W2C,2,12.2958,0.0,0,19.49,0.035
2237,N2C,3,4.469,22.0,2,53.61,0.1803
2237,S2C,3,4.2979,20.0,1,55.75,0.1754
2237,E2C,1,13.472,0.0,0,17.79,0.012
2237,W2C,1,13.2795,0.0,0,18.04,0.0148
2238,N2C,3,4.5438,24.0,2,52.73,0.1806
2238,S2C,3,3.9924,22.0,2,60.01,0.1872
2238,E2C,1,13.4801,0.0,0,17.77,0.0119
2238,W2C,1,13.2496,0.0,0,18.08,0.0152
2239,N2C,3,4.3237,26.0,2,55.42,0.1851
2239,S2C,3,4.0088,24.0,2,59.77,0.1883
2239,E2C,1,13.4375,0.0,0,17.83,0.0125
2239,W2C,1,13.4049,0.0,0,17.87,0.013
2240,N2C,3,4.3483,28.0,2,55.1,0.1861
2240,S2C,3,4.0463,26.0,2,59.22,0.1891
2240,E2C,1,13.4597,0.0,0,17.8,0.0122
2240,W2C,1,13.7935,0.0,0,17.37,0.0074
2241,N2C,3,4.6191,30.0,2,51.87,0.1835
2241,S2C,3,3.9501,28.0,2,60.66,0.1918
2241,E2C,1,13.5531,0.0,0,17.68,0.0109
2241,W2C,1,13.5698,0.0,0,17.66,0.0106
2242,N2C,3,4.272,32.0,2,56.09,0.1898
2242,S2C,3,4.0718,30.0,2,58.84,0.1914
2242,E2C,1,13.85,0.0,0,17.3,0.0066
2242,W2C,1,13.713,0.0,0,17.47,0.0085
2243,N2C,3,4.5745,34.0,2,52.38,0.1868
2243,S2C,3,3.946,32.0,2,60.72,0.1945
2243,E2C,1,13.4833,0.0,0,17.77,0.0119
2243,W2C,1,13.732,0.0,0,17.45,0.0083
2244,N2C,3,4.2469,36.0,2,56.42,0.1928
2244,S2C,3,3.8805,34.0,2,61.75,0.1968
2244,E2C,1,13.6817,0.0,0,17.51,0.009
2244,W2C,1,13.738,0.0,0,17.44,0.0082
2245,N2C,1,13.669,0.0,0,17.53,0.0092
2245,S2C,1,12.9473,0.0,0,18.51,0.0196
2245,E2C,1,13.4236,0.0,0,17.85,0.0127
2245,W2C,1,13.8069,0.0,0,17.35,0.0072
2246,N2C,1,13.8751,0.0,0,17.27,0.0062
2246,S2C,1,12.8305,0.0,0,18.67,0.0213
2246,E2C,1,13.5792,0.0,0,17.64,0.0105
2246,W2C,1,13.342,0.0,0,17.96,0.0139
2247,N2C,1,13.4424,0.0,0,17.82,0.0124
2247,S2C,1,13.3103,0.0,0,18.0,0.0143
2247,E2C,1,13.7936,0.0,0,17.37,0.0074
2247,W2C,1,13.6395,0.0,0,17.57,0.0096
2248,N2C,1,13.5297,0.0,0,17.71,0.0112
2248,S2C,1,12.9299,0.0,0,18.53,0.0198
2248,E2C,1,13.3386,0.0,0,17.96,0.0139
2248,W2C,1,13.766,0.0,0,17.41,0.0078
2249,N2C,1,13.3563,0.0,0,17.94,0.0137
2249,S2C,1,12.9997,0.0,0,18.43,0.0188
2249,E2C,1,13.8411,0.0,0,17.31,0.0067
2249,W2C,1,13.6402,0.0,0,17.57,0.0096
2250,N2C,1,13.8549,0.0,0,17.29,0.0065
2250,S2C,1,13.1992,0.0,0,18.15,0.0159
2250,E2C,1,13.056,0.0,0,18.35,0.018
2250,W2C,1,13.5491,0.0,0,17.68,0.0109
2251,N2C,1,13.89,0.0,0,17.25,0.006
2251,S2C,2,12.3213,0.0,0,19.45,0.0346
2251,E2C,2,10.3217,0.0,0,23.21,0.0634
2251,W2C,2,12.0406,0.0,0,19.9,0.0386
2252,N2C,1,13.671,0.0,0,17.53,0.0092
2252,S2C,2,12.3282,0.0,0,19.44,0.0345
2252,E2C,2,7.9341,0.0,0,30.2,0.0978
2252,W2C,2,9.1741,0.0,0,26.12,0.0799
2253,N2C,1,13.2544,0.0,0,18.08,0.0152
2253,S2C,1,13.3065,0.0,0,18.01,0.0144
2253,E2C,2,5.9829,1.0,1,40.05,0.1325
2253,W2C,2,8.2281,0.0,0,29.12,0.0935
2254,N2C,1,13.498,0.0,0,17.75,0.0116
2254,S2C,1,12.8997,0.0,0,18.57,0.0203
2254,E2C,2,6.2368,2.0,1,38.42,0.1295
2254,W2C,2,6.3216,0.0,0,37.9,0.121
2255,N2C,1,13.3088,0.0,0,18.0,0.0144
2255,S2C,1,13.0816,0.0,0,18.32,0.0176
2255,E2C,2,6.1101,3.0,1,39.21,0.132
2255,W2C,2,6.0797,1.0,1,39.41,0.1311
2256,N2C,1,13.6946,0.0,0,17.5,0.0088
2256,S2C,1,12.7582,0.0,0,18.78,0.0223
2256,E2C,2,6.2688,4.0,1,38.22,0.1304
2256,W2C,2,6.0402,2.0,1,39.67,0.1324
2257,N2C,1,13.3581,0.0,0,17.94,0.0137
2257,S2C,1,12.8363,0.0,0,18.67,0.0212
2257,E2C,2,6.0396,5.0,1,39.67,0.1344
2257,W2C,2,6.6188,3.0,1,36.2,0.1247
2258,N2C,1,13.8134,0.0,0,17.35,0.0071
2258,S2C,1,13.0973,0.0,0,18.29,0.0174
2258,E2C,2,6.2585,6.0,1,38.28,0.1319
2258,W2C,2,6.0353,4.0,1,39.7,0.1338
2259,N2C,1,13.6083,0.0,0,17.61,0.0101
2259,S2C,1,13.1339,0.0,0,18.24,0.0169
2259,E2C,2,6.4236,7.0,1,37.3,0.1302
2259,W2C,2,6.5182,5.0,1,36.76,0.1275
2260,N2C,1,13.7392,0.0,0,17.44,0.0082
2260,S2C,1,12.7855,0.0,0,18.74,0.0219
2260,E2C,2,6.0971,8.0,1,39.3,0.1355
2260,W2C,2,6.1037,6.0,1,39.25,0.1341
2261,N2C,1,13.5985,0.0,0,17.62,0.0102
2261,S2C,1,12.7126,0.0,0,18.85,0.023
2261,E2C,2,5.8663,9.0,1,40.84,0.1395
2261,W2C,2,6.0893,7.0,1,39.35,0.135
2262,N2C,1,13.7766,0.0,0,17.39,0.0076
2262,S2C,1,12.8345,0.0,0,18.67,0.0212
2262,E2C,2,6.1826,10.0,1,38.75,0.1356
2262,W2C,2,6.1921,8.0,1,38.69,0.1342
2263,N2C,1,13.5361,0.0,0,17.7,0.0111
2263,S2C,1,12.8224,0.0,0,18.69,0.0214
2263,E2C,2,6.0721,11.0,1,39.46,0.1379
2263,W2C,2,6.6246,9.0,1,36.17,0.1286
2264,N2C,1,13.5287,0.0,0,17.71,0.0112
2264,S2C,1,13.0706,0.0,0,18.33,0.0178
2264,E2C,2,5.8821,12.0,1,40.73,0.1413
2264,W2C,2,6.4058,10.0,1,37.4,0.1324
2265,N2C,1,13.5047,0.0,0,17.74,0.0115
2265,S2C,1,12.7429,0.0,0,18.8,0.0225
2265,E2C,2,6.1848,13.0,1,38.74,0.1376
2265,W2C,2,6.5242,11.0,1,36.72,0.1314
2266,N2C,1,13.7065,0.0,0,17.48,0.0086
2266,S2C,1,13.3057,0.0,0,18.01,0.0144
2266,E2C,2,6.2979,14.0,1,38.04,0.1367
2266,W2C,2,6.4278,12.0,1,37.28,0.1334
2267,N2C,1,13.5732,0.0,0,17.65,0.0106
2267,S2C,1,12.7495,0.0,0,18.79,0.0224
2267,E2C,2,6.2781,15.0,1,38.16,0.1376
2267,W2C,2,6.275,13.0,1,38.18,0.1363
2268,N2C,1,13.6669,0.0,0,17.53,0.0092
2268,S2C,1,13.225,0.0,0,18.12,0.0156
2268,E2C,2,6.3547,16.0,1,37.7,0.1372
2268,W2C,2,6.3043,14.0,1,38.01,0.1366
2269,N2C,1,13.89,0.0,0,17.25,0.006
2269,S2C,2,13.1478,0.0,0,18.22,0.0227
2269,E2C,3,8.5736,17.0,1,27.95,0.1119
2269,W2C,3,6.8696,15.0,1,34.88,0.1351
2270,N2C,1,13.5369,0.0,0,17.7,0.0111
2270,S2C,2,13.007,0.0,0,18.42,0.0247
2270,E2C,3,6.9411,18.0,1,34.52,0.1361
2270,W2C,3,5.1445,16.0,1,46.57,0.1606
2271,N2C,1,13.7224,0.0,0,17.46,0.0084
2271,S2C,1,13.4076,0.0,0,17.87,0.0129
2271,E2C,3,5.9262,19.0,1,40.43,0.1513
2271,W2C,3,3.8648,17.0,1,62.0,0.1797
2272,N2C,1,13.5573,0.0,0,17.67,0.0108
2272,S2C,1,13.485,0.0,0,17.77,0.0118
2272,E2C,3,4.5772,20.0,1,52.35,0.1714
2272,W2C,3,3.3366,18.0,1,71.81,0.188
2273,N2C,1,13.4539,0.0,0,17.81,0.0123
2273,S2C,1,13.6776,0.0,0,17.52,0.0091
2273,E2C,3,4.2986,21.0,1,55.74,0.1761
2273,W2C,3,2.908,19.0,1,82.39,0.1948
2274,N2C,1,13.2863,0.0,0,18.03,0.0147
2274,S2C,1,13.7822,0.0,0,17.38,0.0076
2274,E2C,3,4.2351,23.0,2,56.57,0.1844
2274,W2C,3,3.1794,20.0,1,75.36,0.1916
2275,N2C,1,13.5509,0.0,0,17.68,0.0109
2275,S2C,1,13.3448,0.0,0,17.95,0.0138
2275,E2C,3,4.4257,25.0,2,54.14,0.1829
2275,W2C,3,3.1635,22.0,2,75.74,0.1991
2276,N2C,1,13.2784,0.0,0,18.04,0.0148
2276,S2C,1,13.7071,0.0,0,17.48,0.0086
2276,E2C,3,4.5936,27.0,2,52.16,0.1819
2276,W2C,3,2.8994,24.0,2,82.64,0.2043
2277,N2C,1,13.352,0.0,0,17.94,0.0137
2277,S2C,1,13.2827,0.0,0,18.04,0.0147
2277,E2C,3,4.4565,29.0,2,53.76,0.1852
2277,W2C,3,2.9604,26.0,2,80.93,0.2047
2278,N2C,1,13.5461,0.0,0,17.69,0.011
2278,S2C,1,13.777,0.0,0,17.39,0.0076
2278,E2C,1,13.7437,0.0,0,17.43,0.0081
2278,W2C,1,11.385,0.0,0,21.05,0.0421
2279,N2C,1,13.7094,0.0,0,17.48,0.0086
2279,S2C,1,13.4329,0.0,0,17.84,0.0126
2279,E2C,1,13.6992,0.0,0,17.49,0.0087
2279,W2C,1,11.5896,0.0,0,20.67,0.0391
2280,N2C,1,13.3942,0.0,0,17.89,0.0131
2280,S2C,1,13.298,0.0,0,18.02,0.0145
2280,E2C,1,13.693,0.0,0,17.5,0.0088
2280,W2C,1,11.5918,0.0,0,20.67,0.0391
2281,N2C,1,13.6333,0.0,0,17.57,0.0097
2281,S2C,1,13.5527,0.0,0,17.68,0.0109
2281,E2C,1,13.2564,0.0,0,18.07,0.0151
2281,W2C,1,11.421,0.0,0,20.98,0.0416
2282,N2C,1,13.2616,0.0,0,18.07,0.015
2282,S2C,1,13.8425,0.0,0,17.31,0.0067
2282,E2C,1,13.8298,0.0,0,17.32,0.0069
2282,W2C,1,11.196,0.0,0,21.4,0.0448
2283,N2C,1,13.8586,0.0,0,17.29,0.0065
2283,S2C,1,13.6597,0.0,0,17.54,0.0093
2283,E2C,1,13.8527,0.0,0,17.3,0.0065
2283,W2C,1,11.6427,0.0,0,20.58,0.0384
2284,N2C,1,13.4326,0.0,0,17.84,0.0126
2284,S2C,1,13.2871,0.0,0,18.03,0.0147
2284,E2C,1,13.8827,0.0,0,17.26,0.0061
2284,W2C,1,11.4883,0.0,0,20.86,0.0406
2285,N2C,1,13.2415,0.0,0,18.09,0.0153
2285,S2C,1,13.3868,0.0,0,17.9,0.0132
2285,E2C,1,13.7981,0.0,0,17.36,0.0073
2285,W2C,1,11.2143,0.0,0,21.37,0.0445
2286,N2C,1,12.977,0.0,0,18.46,0.0191
2286,S2C,1,12.7695,0.0,0,18.76,0.0221
2286,E2C,1,13.6778,0.0,0,17.52,0.0091
2286,W2C,1,11.2609,0.0,0,21.28,0.0439
2287,N2C,2,10.9356,0.0,0,21.91,0.0545
2287,S2C,2,10.7566,0.0,0,22.27,0.0571
2287,E2C,1,13.89,0.0,0,17.25,0.006
2287,W2C,2,11.0927,0.0,0,21.6,0.0523
2288,N2C,2,8.6256,0.0,0,27.78,0.0878
2288,S2C,2,8.1841,0.0,0,29.28,0.0942
2288,E2C,1,13.5498,0.0,0,17.68,0.0109
2288,W2C,2,11.5203,0.0,0,20.8,0.0461
2289,N2C,2,6.9061,0.0,0,34.69,0.1126
2289,S2C,2,6.7419,0.0,0,35.54,0.1149
2289,E2C,1,13.8204,0.0,0,17.34,0.007
2289,W2C,2,11.3531,0.0,0,21.1,0.0485
2290,N2C,2,6.7286,0.0,0,35.61,0.1151
2290,S2C,2,6.6477,0.0,0,36.04,0.1163
2290,E2C,1,13.6416,0.0,0,17.56,0.0096
2290,W2C,2,10.6504,0.0,0,22.5,0.0586
2291,N2C,2,6.8445,1.0,1,35.01,0.1201
2291,S2C,2,6.8446,1.0,1,35.01,0.1201
2291,E2C,1,13.8682,0.0,0,17.28,0.0063
2291,W2C,2,11.4951,0.0,0,20.84,0.0465
2292,N2C,2,6.3878,2.0,1,37.51,0.1274
2292,S2C,2,6.9079,2.0,1,34.68,0.1199
2292,E2C,1,13.3138,0.0,0,18.0,0.0143
2292,W2C,2,10.9721,0.0,0,21.84,0.054
2293,N2C,2,6.4052,3.0,1,37.41,0.1278
2293,S2C,2,6.65,3.0,1,36.03,0.1242
2293,E2C,1,13.4344,0.0,0,17.83,0.0126
2293,W2C,2,10.8309,0.0,0,22.12,0.056
2294,N2C,2,6.8601,4.0,1,34.93,0.1219
2294,S2C,2,6.8468,4.0,1,34.99,0.1221
2294,E2C,1,13.5702,0.0,0,17.66,0.0106
2294,W2C,2,11.1285,0.0,0,21.53,0.0518
2295,N2C,2,6.5905,5.0,1,36.36,0.1264
2295,S2C,2,6.7294,5.0,1,35.61,0.1244
2295,E2C,1,13.3653,0.0,0,17.93,0.0136
2295,W2C,2,11.037,0.0,0,21.71,0.0531
2296,N2C,2,6.5297,6.0,1,36.69,0.128
2296,S2C,2,6.4401,6.0,1,37.2,0.1293
2296,E2C,1,13.5125,0.0,0,17.73,0.0114
2296,W2C,1,13.3772,0.0,0,17.91,0.0134
2297,N2C,2,6.3116,7.0,1,37.96,0.1318
2297,S2C,2,6.5978,7.0,1,36.32,0.1277
2297,E2C,1,13.5958,0.0,0,17.62,0.0102
2297,W2C,1,13.8057,0.0,0,17.36,0.0072
2298,N2C,2,6.6936,8.0,1,35.8,0.127
2298,S2C,2,6.8581,8.0,1,34.94,0.1246
2298,E2C,1,13.2563,0.0,0,18.07,0.0151
2298,W2C,1,13.8017,0.0,0,17.36,0.0073
2299,N2C,2,6.572,9.0,1,36.46,0.1294
2299,S2C,2,6.639,9.0,1,36.09,0.1284
2299,E2C,1,13.706,0.0,0,17.48,0.0086
2299,W2C,1,13.843,0.0,0,17.31,0.0067
2300,N2C,2,6.5471,10.0,1,36.6,0.1304
2300,S2C,2,6.4748,10.0,1,37.01,0.1314
2300,E2C,1,13.6358,0.0,0,17.57,0.0097
2300,W2C,1,13.4016,0.0,0,17.88,0.013
2301,N2C,2,6.5094,11.0,1,36.81,0.1316
2301,S2C,2,6.8744,11.0,1,34.85,0.1263
2301,E2C,1,13.5414,0.0,0,17.69,0.011
2301,W2C,1,13.6371,0.0,0,17.57,0.0096
2302,N2C,2,6.7469,12.0,1,35.51,0.1289
2302,S2C,2,6.902,12.0,1,34.71,0.1266
2302,E2C,1,13.5419,0.0,0,17.69,0.011
2302,W2C,1,13.2669,0.0,0,18.06,0.015
2303,N2C,2,6.372,13.0,1,37.6,0.1349
2303,S2C,2,6.5175,13.0,1,36.76,0.1328
2303,E2C,1,13.7169,0.0,0,17.47,0.0085
2303,W2C,1,13.7395,0.0,0,17.44,0.0082
2304,N2C,2,5.8247,14.0,1,41.14,0.1435
2304,S2C,2,4.974,14.0,1,48.17,0.1557
2304,E2C,1,13.822,0.0,0,17.33,0.007
2304,W2C,1,13.4687,0.0,0,17.79,0.0121
2305,N2C,3,7.0556,15.0,1,33.96,0.1324
2305,S2C,3,6.9541,15.0,1,34.45,0.1339
2305,E2C,1,13.89,0.0,0,17.25,0.006
2305,W2C,1,13.2872,0.0,0,18.03,0.0147
2306,N2C,3,5.6166,16.0,1,42.66,0.1538
2306,S2C,3,5.2654,16.0,1,45.5,0.1589
2306,E2C,1,13.7709,0.0,0,17.4,0.0077
2306,W2C,1,13.0347,0.0,0,18.38,0.0183
2307,N2C,3,4.6091,17.0,1,51.98,0.169
2307,S2C,3,4.4042,17.0,1,54.4,0.1719
2307,E2C,1,13.8542,0.0,0,17.29,0.0065
2307,W2C,1,13.0985,0.0,0,18.29,0.0174
2308,N2C,3,4.6112,19.0,2,51.96,0.1763
2308,S2C,3,4.6647,18.0,1,51.36,0.1688
2308,E2C,1,13.8421,0.0,0,17.31,0.0067
2308,W2C,1,12.7379,0.0,0,18.81,0.0226
2309,N2C,3,4.4558,21.0,2,53.77,0.1798
2309,S2C,3,4.5139,20.0,2,53.08,0.1783
2309,E2C,1,13.853,0.0,0,17.3,0.0065
2309,W2C,1,13.1576,0.0,0,18.21,0.0165
2310,N2C,3,4.5627,23.0,2,52.51,0.1796
2310,S2C,3,4.421,22.0,2,54.2,0.181
2310,E2C,1,13.6776,0.0,0,17.52,0.0091
2310,W2C,1,12.8438,0.0,0,18.65,0.0211
2311,N2C,1,13.3755,0.0,0,17.91,0.0134
2311,S2C,1,13.7916,0.0,0,17.37,0.0074
2311,E2C,1,13.6451,0.0,0,17.56,0.0095
2311,W2C,1,13.1488,0.0,0,18.22,0.0167
2312,N2C,1,13.8899,0.0,0,17.25,0.006
2312,S2C,1,13.3016,0.0,0,18.01,0.0145
2312,E2C,1,13.436,0.0,0,17.83,0.0125
2312,W2C,1,12.7406,0.0,0,18.81,0.0226
2313,N2C,1,13.5614,0.0,0,17.67,0.0107
2313,S2C,1,13.6588,0.0,0,17.54,0.0093
2313,E2C,1,13.5418,0.0,0,17.69,0.011
2313,W2C,1,13.0295,0.0,0,18.39,0.0184
2314,N2C,1,13.5784,0.0,0,17.65,0.0105
2314,S2C,1,13.8467,0.0,0,17.3,0.0066
2314,E2C,1,13.7444,0.0,0,17.43,0.0081
2314,W2C,1,13.1097,0.0,0,18.28,0.0172
2315,N2C,1,13.6363,0.0,0,17.57,0.0097
2315,S2C,1,13.808,0.0,0,17.35,0.0072
2315,E2C,1,13.5681,0.0,0,17.66,0.0106
2315,W2C,1,12.7608,0.0,0,18.78,0.0223
2316,N2C,1,13.7949,0.0,0,17.37,0.0074
2316,S2C,1,13.2446,0.0,0,18.09,0.0153
2316,E2C,1,13.6132,0.0,0,17.6,0.01
2316,W2C,1,12.717,0.0,0,18.84,0.0229
2317,N2C,1,13.7486,0.0,0,17.43,0.008
2317,S2C,1,13.2957,0.0,0,18.02,0.0146
2317,E2C,1,13.4534,0.0,0,17.81,0.0123
2317,W2C,1,12.8571,0.0,0,18.64,0.0209
2318,N2C,1,13.3639,0.0,0,17.93,0.0136
2318,S2C,1,13.7598,0.0,0,17.41,0.0079
2318,E2C,1,13.4072,0.0,0,17.87,0.013
2318,W2C,1,12.835,0.0,0,18.67,0.0212
2319,N2C,1,13.3894,0.0,0,17.89,0.0132
2319,S2C,1,13.7432,0.0,0,17.43,0.0081
2319,E2C,1,13.6477,0.0,0,17.56,0.0095
2319,W2C,1,12.7887,0.0,0,18.74,0.0219
2320,N2C,1,13.547,0.0,0,17.69,0.0109
2320,S2C,1,13.575,0.0,0,17.65,0.0105
2320,E2C,1,13.6134,0.0,0,17.6,0.01
2320,W2C,1,13.0605,0.0,0,18.35,0.0179
2321,N2C,1,13.3878,0.0,0,17.9,0.0132
2321,S2C,1,13.4494,0.0,0,17.81,0.0123
2321,E2C,1,13.6279,0.0,0,17.58,0.0098
2321,W2C,1,13.1107,0.0,0,18.28,0.0172
2322,N2C,1,13.5092,0.0,0,17.74,0.0115
2322,S2C,1,13.3803,0.0,0,17.91,0.0133
2322,E2C,1,11.8631,0.0,0,20.2,0.0352
2322,W2C,1,13.0147,0.0,0,18.41,0.0186
2323,N2C,1,13.29,0.0,0,18.03,0.0146
2323,S2C,1,13.3163,0.0,0,17.99,0.0143
2323,E2C,2,10.3812,0.0,0,23.08,0.0625
2323,W2C,2,13.1289,0.0,0,18.25,0.023
2324,N2C,1,12.7787,0.0,0,18.75,0.022
2324,S2C,1,12.8122,0.0,0,18.7,0.0215
2324,E2C,2,7.5779,0.0,0,31.62,0.1029
2324,W2C,2,11.1915,0.0,0,21.41,0.0509
2325,N2C,1,12.7867,0.0,0,18.74,0.0219
2325,S2C,1,12.7057,0.0,0,18.86,0.0231
2325,E2C,2,6.7921,0.0,0,35.28,0.1142
2325,W2C,2,9.5609,0.0,0,25.06,0.0743
2326,N2C,1,12.8104,0.0,0,18.7,0.0215
2326,S2C,1,12.8077,0.0,0,18.71,0.0216
2326,E2C,2,6.9626,0.0,0,34.41,0.1117
2326,W2C,2,7.8664,0.0,0,30.46,0.0987
2327,N2C,1,13.2449,0.0,0,18.09,0.0153
2327,S2C,1,13.0211,0.0,0,18.4,0.0185
2327,E2C,2,6.7278,1.0,1,35.61,0.1218
2327,W2C,2,6.9368,0.0,0,34.54,0.1121
2328,N2C,1,13.0915,0.0,0,18.3,0.0175
2328,S2C,1,13.0133,0.0,0,18.41,0.0186
2328,E2C,2,6.3373,2.0,1,37.81,0.1281
2328,W2C,2,6.6465,1.0,1,36.05,0.123
2329,N2C,1,12.9897,0.0,0,18.45,0.019
2329,S2C,1,12.7731,0.0,0,18.76,0.0221
2329,E2C,2,6.6447,3.0,1,36.06,0.1243
2329,W2C,2,6.8628,2.0,1,34.91,0.1205
2330,N2C,1,12.8069,0.0,0,18.71,0.0216
2330,S2C,1,12.691,0.0,0,18.88,0.0233
2330,E2C,2,6.6661,4.0,1,35.94,0.1247
2330,W2C,2,6.7926,3.0,1,35.27,0.1222
2331,N2C,1,12.7702,0.0,0,18.76,0.0221
2331,S2C,1,12.7104,0.0,0,18.85,0.023
2331,E2C,2,6.5553,5.0,1,36.55,0.1269
2331,W2C,2,6.438,4.0,1,37.22,0.128
2332,N2C,1,12.8608,0.0,0,18.63,0.0208
2332,S2C,1,13.0961,0.0,0,18.3,0.0174
2332,E2C,2,6.7805,6.0,1,35.34,0.1244
2332,W2C,2,6.3467,5.0,1,37.75,0.1299
2333,N2C,1,12.7115,0.0,0,18.85,0.023
2333,S2C,1,13.1736,0.0,0,18.19,0.0163
2333,E2C,2,6.8447,7.0,1,35.01,0.1241
2333,W2C,2,6.6799,6.0,1,35.87,0.1258
2334,N2C,1,13.1789,0.0,0,18.18,0.0162
2334,S2C,1,12.9489,0.0,0,18.5,0.0196
2334,E2C,2,6.632,8.0,1,36.13,0.1278
2334,W2C,2,6.923,7.0,1,34.61,0.123
2335,N2C,1,13.099,0.0,0,18.29,0.0174
2335,S2C,1,13.1163,0.0,0,18.27,0.0171
2335,E2C,2,6.5393,9.0,1,36.64,0.1298
2335,W2C,2,6.6083,8.0,1,36.26,0.1282
2336,N2C,1,13.0818,0.0,0,18.32,0.0176
2336,S2C,1,13.0313,0.0,0,18.39,0.0184
2336,E2C,2,6.678,10.0,1,35.88,0.1285
2336,W2C,2,6.9181,9.0,1,34.63,0.1244
2337,N2C,1,12.8333,0.0,0,18.67,0.0212
2337,S2C,1,12.9046,0.0,0,18.57,0.0202
2337,E2C,2,6.6276,11.0,1,36.15,0.1299
2337,W2C,2,6.9329,10.0,1,34.56,0.1248
2338,N2C,1,12.8743,0.0,0,18.61,0.0206
2338,S2C,1,12.7089,0.0,0,18.85,0.023
2338,E2C,2,6.9049,12.0,1,34.7,0.1266
2338,W2C,2,6.8535,11.0,1,34.96,0.1267
2339,N2C,1,13.2548,0.0,0,18.08,0.0151
2339,S2C,1,12.8388,0.0,0,18.66,0.0211
2339,E2C,2,6.3086,13.0,1,37.98,0.1358
2339,W2C,2,6.6357,12.0,1,36.11,0.1305
2340,N2C,1,12.8602,0.0,0,18.63,0.0208
2340,S2C,1,12.985,0.0,0,18.45,0.019
2340,E2C,2,5.4371,14.0,1,44.07,0.149
2340,W2C,2,5.2438,13.0,1,45.69,0.1512
2341,N2C,2,13.0216,0.0,0,18.4,0.0245
2341,S2C,2,12.964,0.0,0,18.48,0.0253
2341,E2C,3,6.3568,15.0,1,37.69,0.1425
2341,W2C,3,6.6438,14.0,1,36.06,0.1377
2342,N2C,2,11.5594,0.0,0,20.73,0.0456
2342,S2C,2,11.8399,0.0,0,20.24,0.0415
2342,E2C,3,4.6137,16.0,1,51.93,0.1682
2342,W2C,3,4.8682,15.0,1,49.22,0.1639
2343,N2C,2,9.7781,0.0,0,24.5,0.0712
2343,S2C,2,9.7398,0.0,0,24.6,0.0718
2343,E2C,3,4.1652,17.0,1,57.52,0.1754
2343,W2C,3,4.6231,16.0,1,51.83,0.1681
2344,N2C,2,7.4029,0.0,0,32.37,0.1054
2344,S2C,2,7.8635,0.0,0,30.47,0.0988
2344,E2C,1,12.8358,0.0,0,18.67,0.0212
2344,W2C,1,13.4775,0.0,0,17.78,0.0119
2345,N2C,2,7.1015,0.0,0,33.74,0.1097
2345,S2C,2,6.3466,1.0,1,37.75,0.1273
2345,E2C,1,12.4873,0.0,0,19.19,0.0262
2345,W2C,1,13.5838,0.0,0,17.64,0.0104
2346,N2C,2,6.7446,1.0,1,35.52,0.1216
2346,S2C,2,6.9364,2.0,1,34.54,0.1195
2346,E2C,1,12.3559,0.0,0,19.39,0.0281
2346,W2C,1,13.4799,0.0,0,17.77,0.0119
2347,N2C,2,6.7242,2.0,1,35.63,0.1225
2347,S2C,2,6.7582,3.0,1,35.45,0.1227
2347,E2C,1,12.3854,0.0,0,19.35,0.0277
2347,W2C,1,13.6682,0.0,0,17.53,0.0092
2348,N2C,2,6.5221,3.0,1,36.74,0.1261
2348,S2C,2,6.6916,4.0,1,35.81,0.1243
2348,E2C,1,12.595,0.0,0,19.02,0.0246
2348,W2C,1,13.3071,0.0,0,18.01,0.0144
2349,N2C,2,6.4895,4.0,1,36.92,0.1272
2349,S2C,2,6.5856,5.0,1,36.38,0.1265
2349,E2C,1,12.6947,0.0,0,18.87,0.0232
2349,W2C,1,13.4247,0.0,0,17.85,0.0127
2350,N2C,2,6.7852,5.0,1,35.31,0.1236
2350,S2C,2,6.3368,6.0,1,37.81,0.1308
2350,E2C,1,12.7941,0.0,0,18.73,0.0218
2350,W2C,1,13.2005,0.0,0,18.15,0.0159
2351,N2C,2,6.3317,6.0,1,37.84,0.1308
2351,S2C,2,6.7252,7.0,1,35.63,0.1258
2351,E2C,1,12.7223,0.0,0,18.83,0.0228
2351,W2C,1,13.5284,0.0,0,17.71,0.0112
2352,N2C,2,6.9279,7.0,1,34.58,0.1229
2352,S2C,2,6.4648,8.0,1,37.06,0.1302
2352,E2C,1,12.5027,0.0,0,19.16,0.026
2352,W2C,1,13.5227,0.0,0,17.72,0.0113
2353,N2C,2,6.3886,8.0,1,37.5,0.1313
2353,S2C,2,6.8641,9.0,1,34.91,0.1252
2353,E2C,1,12.626,0.0,0,18.98,0.0242
2353,W2C,1,13.1379,0.0,0,18.24,0.0168
2354,N2C,2,6.5528,9.0,1,36.56,0.1296
2354,S2C,2,6.5163,10.0,1,36.77,0.1308
2354,E2C,1,12.7047,0.0,0,18.86,0.0231
2354,W2C,1,13.1432,0.0,0,18.23,0.0168
2355,N2C,2,6.7426,10.0,1,35.54,0.1276
2355,S2C,2,6.8507,11.0,1,34.97,0.1267
2355,E2C,1,12.4755,0.0,0,19.21,0.0264
2355,W2C,1,13.2321,0.0,0,18.11,0.0155
2356,N2C,2,6.5781,11.0,1,36.42,0.1306
2356,S2C,2,6.3732,12.0,1,37.59,0.1342
2356,E2C,1,12.4009,0.0,0,19.32,0.0274
2356,W2C,1,13.7032,0.0,0,17.49,0.0087
2357,N2C,2,6.5895,12.0,1,36.36,0.1311
2357,S2C,2,6.5193,13.0,1,36.75,0.1328
2357,E2C,1,12.7882,0.0,0,18.74,0.0219
2357,W2C,1,13.6229,0.0,0,17.59,0.0098
2358,N2C,2,5.7901,13.0,1,41.38,0.1433
2358,S2C,2,5.7773,14.0,1,41.47,0.1441
2358,E2C,1,12.9481,0.0,0,18.5,0.0196
2358,W2C,1,13.6946,0.0,0,17.5,0.0088
2359,N2C,3,6.8567,14.0,1,34.94,0.1346
2359,S2C,3,7.1306,15.0,1,33.6,0.1313
2359,E2C,2,12.7739,0.0,0,18.76,0.0281
2359,W2C,2,13.135,0.0,0,18.24,0.0229
2360,N2C,3,5.0259,15.0,1,47.67,0.1616
2360,S2C,3,5.5416,16.0,1,43.24,0.1549
2360,E2C,2,12.3889,0.0,0,19.34,0.0336
2360,W2C,1,13.3548,0.0,0,17.94,0.0137
2361,N2C,3,4.3523,16.0,1,55.05,0.172
2361,S2C,3,4.4945,17.0,1,53.31,0.1706
2361,E2C,2,12.8039,0.0,0,18.71,0.0276
2361,W2C,1,13.5381,0.0,0,17.7,0.0111
2362,N2C,3,4.4594,18.0,2,53.73,0.1778
2362,S2C,3,4.4117,19.0,2,54.31,0.1791
2362,E2C,1,13.7617,0.0,0,17.41,0.0078
2362,W2C,1,13.3069,0.0,0,18.01,0.0144
2363,N2C,3,4.0702,20.0,2,58.87,0.1847
2363,S2C,3,4.4289,21.0,2,54.1,0.1802
2363,E2C,1,13.2776,0.0,0,18.05,0.0148
2363,W2C,1,13.7071,0.0,0,17.48,0.0086
2364,N2C,3,4.3882,22.0,2,54.6,0.1815
2364,S2C,3,4.4349,23.0,2,54.03,0.1815
2364,E2C,1,13.4409,0.0,0,17.83,0.0125
2364,W2C,1,13.559,0.0,0,17.67,0.0108
2365,N2C,3,4.4882,24.0,2,53.38,0.1814
2365,S2C,3,4.6064,25.0,2,52.01,0.1803
2365,E2C,1,13.8252,0.0,0,17.33,0.0069
2365,W2C,1,13.7562,0.0,0,17.42,0.0079
2366,N2C,3,4.277,26.0,2,56.02,0.1858
2366,S2C,3,4.32,27.0,2,55.46,0.1858
2366,E2C,1,13.7363,0.0,0,17.44,0.0082
2366,W2C,1,13.8509,0.0,0,17.3,0.0066
2367,N2C,3,4.2338,28.0,2,56.59,0.1877
2367,S2C,3,4.3744,29.0,2,54.77,0.1863
2367,E2C,1,13.7345,0.0,0,17.45,0.0082
2367,W2C,1,13.7708,0.0,0,17.4,0.0077
2368,N2C,3,4.1385,30.0,2,57.9,0.1904
2368,S2C,3,4.5537,31.0,2,52.62,0.1851
2368,E2C,1,13.3185,0.0,0,17.99,0.0142
2368,W2C,1,13.6679,0.0,0,17.53,0.0092
2369,N2C,3,4.1199,32.0,2,58.16,0.192
2369,S2C,3,4.4952,33.0,2,53.3,0.1873
2369,E2C,1,13.2046,0.0,0,18.15,0.0159
2369,W2C,1,13.5911,0.0,0,17.63,0.0103
2370,N2C,3,4.2603,34.0,2,56.24,0.1913
2370,S2C,3,4.219,35.0,2,56.79,0.1926
2370,E2C,1,13.2911,0.0,0,18.03,0.0146
2370,W2C,1,13.8634,0.0,0,17.28,0.0064
2371,N2C,3,4.1056,36.0,2,58.36,0.1949
2371,S2C,3,4.4836,37.0,2,53.44,0.1901
2371,E2C,1,13.5356,0.0,0,17.7,0.0111
2371,W2C,1,13.3643,0.0,0,17.93,0.0136
2372,N2C,3,4.2017,38.0,2,57.02,0.1948
2372,S2C,3,4.5962,39.0,2,52.13,0.1898
2372,E2C,1,13.2154,0.0,0,18.13,0.0157
2372,W2C,1,13.7369,0.0,0,17.44,0.0082
2373,N2C,3,4.1922,40.0,2,57.15,0.1963
2373,S2C,3,4.2982,41.0,2,55.74,0.1954
2373,E2C,1,13.6205,0.0,0,17.59,0.0099
2373,W2C,1,13.3511,0.0,0,17.95,0.0138
2374,N2C,3,4.4662,42.0,2,53.65,0.1937
2374,S2C,3,4.5171,43.0,2,53.04,0.1936
2374,E2C,1,13.291,0.0,0,18.03,0.0146
2374,W2C,1,13.6457,0.0,0,17.56,0.0095
2375,N2C,3,4.373,44.0,2,54.79,0.1964
2375,S2C,3,4.4158,45.0,2,54.26,0.1964
2375,E2C,1,13.6645,0.0,0,17.53,0.0092
2375,W2C,1,13.8203,0.0,0,17.34,0.007
2376,N2C,3,3.7358,46.0,2,64.14,0.2069
2376,S2C,3,2.9158,47.0,2,82.17,0.2193
2376,E2C,1,13.0198,0.0,0,18.4,0.0185
2376,W2C,1,12.5365,0.0,0,19.11,0.0255
2377,N2C,2,10.6543,0.0,0,22.49,0.0586
2377,S2C,2,9.0344,0.0,0,26.52,0.0819
2377,E2C,2,10.7698,0.0,0,22.25,0.0569
2377,W2C,2,10.2865,0.0,0,23.29,0.0639
2378,N2C,2,8.6332,0.0,0,27.75,0.0877
2378,S2C,2,7.6484,0.0,0,31.33,0.1019
2378,E2C,2,8.0651,0.0,0,29.71,0.0959
2378,W2C,2,7.4113,0.0,0,32.33,0.1053
2379,N2C,2,9.3112,0.0,0,25.73,0.0779
2379,S2C,2,10.0056,0.0,0,23.95,0.0679
2379,E2C,2,7.0804,0.0,0,33.84,0.1101
2379,W2C,2,6.7527,0.0,0,35.48,0.1148
2380,N2C,1,13.4986,0.0,0,17.75,0.0116
2380,S2C,1,13.7707,0.0,0,17.4,0.0077
2380,E2C,2,6.8384,1.0,1,35.04,0.1202
2380,W2C,2,6.4212,1.0,1,37.31,0.1262
2381,N2C,1,13.2888,0.0,0,18.03,0.0147
2381,S2C,1,13.378,0.0,0,17.91,0.0134
2381,E2C,2,6.6683,2.0,1,35.93,0.1233
2381,W2C,2,6.6682,2.0,1,35.93,0.1233
2382,N2C,1,13.2814,0.0,0,18.04,0.0148
2382,S2C,1,13.5673,0.0,0,17.66,0.0106
2382,E2C,2,6.5662,3.0,1,36.49,0.1255
2382,W2C,2,6.3735,3.0,1,37.59,0.1282
2383,N2C,1,13.5339,0.0,0,17.7,0.0111
2383,S2C,1,13.2875,0.0,0,18.03,0.0147
2383,E2C,2,6.7624,4.0,1,35.43,0.1233
2383,W2C,2,6.6224,4.0,1,36.18,0.1253
2384,N2C,1,13.8309,0.0,0,17.32,0.0069
2384,S2C,1,13.4127,0.0,0,17.86,0.0129
2384,E2C,2,6.9293,5.0,1,34.58,0.1216
2384,W2C,2,6.9087,5.0,1,34.68,0.1219
2385,N2C,1,13.6499,0.0,0,17.55,0.0095
2385,S2C,1,13.5468,0.0,0,17.69,0.0109
2385,E2C,2,6.6191,6.0,1,36.2,0.1267
2385,W2C,2,6.4422,6.0,1,37.19,0.1292
2386,N2C,1,13.8704,0.0,0,17.27,0.0063
2386,S2C,1,13.301,0.0,0,18.01,0.0145
2386,E2C,2,6.5256,7.0,1,36.72,0.1287
2386,W2C,2,6.5194,7.0,1,36.75,0.1288
2387,N2C,1,13.8232,0.0,0,17.33,0.007
2387,S2C,1,13.5,0.0,0,17.75,0.0116
2387,E2C,2,6.5962,8.0,1,36.32,0.1284
2387,W2C,2,6.5351,8.0,1,36.66,0.1292
2388,N2C,1,13.8332,0.0,0,17.32,0.0068
2388,S2C,1,13.2246,0.0,0,18.12,0.0156
2388,E2C,2,6.3819,9.0,1,37.54,0.1321
2388,W2C,2,6.8608,9.0,1,34.92,0.1252
2389,N2C,1,13.8376,0.0,0,17.32,0.0068
2389,S2C,1,13.3906,0.0,0,17.89,0.0132
2389,E2C,2,6.6187,10.0,1,36.2,0.1294
2389,W2C,2,6.3999,10.0,1,37.44,0.1325
2390,N2C,1,13.6533,0.0,0,17.55,0.0094
2390,S2C,1,13.4776,0.0,0,17.78,0.0119
2390,E2C,2,6.8026,11.0,1,35.22,0.1274
2390,W2C,2,6.704,11.0,1,35.74,0.1288
2391,N2C,1,13.2422,0.0,0,18.09,0.0153
2391,S2C,1,13.6773,0.0,0,17.52,0.0091
2391,E2C,2,6.7354,12.0,1,35.57,0.129
2391,W2C,2,6.5513,12.0,1,36.57,0.1317
2392,N2C,1,13.814,0.0,0,17.34,0.0071
2392,S2C,1,13.696,0.0,0,17.49,0.0088
2392,E2C,2,6.4753,13.0,1,37.0,0.1334
2392,W2C,2,6.5026,13.0,1,36.85,0.133
2393,N2C,1,13.5579,0.0,0,17.67,0.0108
2393,S2C,1,13.328,0.0,0,17.98,0.0141
2393,E2C,2,6.8816,14.0,1,34.82,0.1282
2393,W2C,2,6.8339,14.0,1,35.06,0.1289
2394,N2C,1,13.6415,0.0,0,17.56,0.0096
2394,S2C,1,13.6812,0.0,0,17.51,0.009
2394,E2C,2,5.0569,15.0,1,47.38,0.1552
2394,W2C,2,6.0119,15.0,1,39.85,0.1414
2395,N2C,1,13.6622,0.0,0,17.54,0.0093
2395,S2C,2,13.1485,0.0,0,18.22,0.0227
2395,E2C,3,6.8103,16.0,1,35.18,0.1366
2395,W2C,3,6.4856,16.0,1,36.94,0.1413
2396,N2C,1,13.2948,0.0,0,18.02,0.0146
2396,S2C,1,13.7411,0.0,0,17.44,0.0081
2396,E2C,3,5.5568,17.0,1,43.12,0.1553
2396,W2C,3,5.204,17.0,1,46.04,0.1604
2397,N2C,1,13.1478,0.0,0,18.22,0.0167
2397,S2C,1,13.2542,0.0,0,18.08,0.0152
2397,E2C,3,4.6895,18.0,1,51.09,0.1685
2397,W2C,3,3.9799,18.0,1,60.2,0.1787
2398,N2C,1,13.6303,0.0,0,17.58,0.0097
2398,S2C,1,13.3321,0.0,0,17.97,0.014
2398,E2C,3,4.3746,20.0,2,54.77,0.1803
2398,W2C,3,3.6146,20.0,2,66.29,0.1913
2399,N2C,1,13.123,0.0,0,18.26,0.017
2399,S2C,1,13.5451,0.0,0,17.69,0.011
2399,E2C,3,4.2581,22.0,2,56.27,0.1834
2399,W2C,3,3.6094,22.0,2,66.38,0.1927
2400,N2C,1,13.5304,0.0,0,17.71,0.0112
2400,S2C,1,13.618,0.0,0,17.59,0.0099
2400,E2C,3,4.4659,24.0,2,53.65,0.1817
2400,W2C,3,3.7497,24.0,2,63.9,0.192
2401,N2C,1,13.4124,0.0,0,17.86,0.0129
2401,S2C,1,13.648,0.0,0,17.56,0.0095
2401,E2C,3,4.3617,26.0,2,54.93,0.1845
2401,W2C,3,3.5651,26.0,2,67.21,0.196
2402,N2C,1,13.5796,0.0,0,17.64,0.0105
2402,S2C,1,13.6339,0.0,0,17.57,0.0097
2402,E2C,3,4.3492,28.0,2,55.09,0.186
2402,W2C,3,3.9235,28.0,2,61.07,0.1922
2403,N2C,1,13.065,0.0,0,18.34,0.0179
2403,S2C,1,13.3122,0.0,0,18.0,0.0143
2403,E2C,3,4.4849,30.0,2,53.42,0.1854
2403,W2C,3,3.6907,30.0,2,64.92,0.1969
2404,N2C,1,13.0938,0.0,0,18.3,0.0175
2404,S2C,1,13.3249,0.0,0,17.98,0.0141
2404,E2C,3,4.5793,32.0,2,52.32,0.1854
2404,W2C,3,3.5758,32.0,2,67.01,0.1998
2405,N2C,1,13.3461,0.0,0,17.95,0.0138
2405,S2C,1,13.2224,0.0,0,18.12,0.0156
2405,E2C,3,4.3505,34.0,2,55.07,0.19
2405,W2C,3,3.555,34.0,2,67.4,0.2015
2406,N2C,1,13.2942,0.0,0,18.02,0.0146
2406,S2C,1,13.7815,0.0,0,17.39,0.0076
2406,E2C,3,4.4101,36.0,2,54.33,0.1905
2406,W2C,3,3.8052,36.0,2,62.97,0.1992
2407,N2C,1,13.0501,0.0,0,18.36,0.0181
2407,S2C,1,13.5804,0.0,0,17.64,0.0105
2407,E2C,3,4.491,38.0,2,53.35,0.1907
2407,W2C,3,3.7828,38.0,2,63.34,0.2009
2408,N2C,1,13.2668,0.0,0,18.06,0.015
2408,S2C,1,13.1848,0.0,0,18.17,0.0162
2408,E2C,3,4.3665,40.0,2,54.87,0.1938
2408,W2C,3,3.9361,40.0,2,60.87,0.2
2409,N2C,1,13.6372,0.0,0,17.57,0.0096
2409,S2C,1,13.382,0.0,0,17.9,0.0133
2409,E2C,3,4.2037,42.0,2,57.0,0.1975
2409,W2C,3,3.7818,42.0,2,63.36,0.2035
2410,N2C,1,13.5103,0.0,0,17.73,0.0115
2410,S2C,1,13.3459,0.0,0,17.95,0.0138
2410,E2C,1,13.7775,0.0,0,17.39,0.0076
2410,W2C,1,12.8799,0.0,0,18.6,0.0205
2411,N2C,1,13.0328,0.0,0,18.38,0.0183
2411,S2C,1,13.2783,0.0,0,18.04,0.0148
2411,E2C,1,13.3447,0.0,0,17.95,0.0139
2411,W2C,1,12.4658,0.0,0,19.22,0.0265
2412,N2C,1,13.4163,0.0,0,17.86,0.0128
2412,S2C,1,13.1874,0.0,0,18.17,0.0161
2412,E2C,1,12.386,0.0,0,19.34,0.0277
2412,W2C,1,12.3802,0.0,0,19.35,0.0277
2413,N2C,2,11.6207,0.0,0,20.62,0.0447
2413,S2C,2,9.9997,0.0,0,23.96,0.068
2413,E2C,2,11.3784,0.0,0,21.06,0.0482
2413,W2C,2,12.5376,0.0,0,19.11,0.0315
2414,N2C,2,8.8308,0.0,0,27.13,0.0848
2414,S2C,2,7.5215,0.0,0,31.86,0.1037
2414,E2C,1,13.0917,0.0,0,18.3,0.0175
2414,W2C,2,12.1387,0.0,0,19.74,0.0372
2415,N2C,2,7.0196,0.0,0,34.13,0.1109
2415,S2C,2,6.0715,0.0,0,39.46,0.1246
2415,E2C,1,13.0196,0.0,0,18.4,0.0185
2415,W2C,2,12.0323,0.0,0,19.91,0.0387
2416,N2C,2,6.2742,0.0,0,38.19,0.1217
2416,S2C,2,5.7308,0.0,0,41.81,0.1295
2416,E2C,1,12.8301,0.0,0,18.67,0.0213
2416,W2C,1,13.3586,0.0,0,17.94,0.0137
2417,N2C,2,6.4636,0.0,0,37.07,0.1189
2417,S2C,2,5.6383,1.0,1,42.5,0.1375
2417,E2C,1,13.3869,0.0,0,17.9,0.0132
2417,W2C,1,13.3291,0.0,0,17.98,0.0141
2418,N2C,2,6.2122,1.0,1,38.57,0.1292
2418,S2C,2,5.3897,2.0,1,44.46,0.1417
2418,E2C,1,12.9161,0.0,0,18.55,0.02
2418,W2C,1,13.7488,0.0,0,17.43,0.008
2419,N2C,2,6.5058,2.0,1,36.83,0.1257
2419,S2C,2,5.2885,3.0,1,45.31,0.1439
2419,E2C,1,12.8297,0.0,0,18.68,0.0213
2419,W2C,1,13.3605,0.0,0,17.93,0.0136
2420,N2C,2,6.1678,3.0,1,38.85,0.1312
2420,S2C,2,5.8447,4.0,1,40.99,0.1365
2420,E2C,1,13.3013,0.0,0,18.01,0.0145
2420,W2C,1,13.7584,0.0,0,17.41,0.0079
2421,N2C,2,6.1668,4.0,1,38.85,0.1319
2421,S2C,2,5.641,5.0,1,42.48,0.1401
2421,E2C,1,12.9641,0.0,0,18.48,0.0193
2421,W2C,1,13.5967,0.0,0,17.62,0.0102
2422,N2C,2,6.0419,5.0,1,39.66,0.1343
2422,S2C,2,5.7457,6.0,1,41.7,0.1393
2422,E2C,1,13.0972,0.0,0,18.29,0.0174
2422,W2C,1,13.454,0.0,0,17.81,0.0123
2423,N2C,2,6.1329,6.0,1,39.07,0.1337
2423,S2C,2,5.8061,7.0,1,41.27,0.1391
2423,E2C,1,13.125,0.0,0,18.26,0.017
2423,W2C,1,13.3391,0.0,0,17.96,0.0139
2424,N2C,2,5.9646,7.0,1,40.17,0.1368
2424,S2C,2,5.3814,8.0,1,44.52,0.1458
2424,E2C,1,12.9591,0.0,0,18.49,0.0194
2424,W2C,1,13.2713,0.0,0,18.05,0.0149
2425,N2C,2,6.3628,8.0,1,37.66,0.1317
2425,S2C,2,5.7702,9.0,1,41.52,0.1409
2425,E2C,1,12.8907,0.0,0,18.59,0.0204
2425,W2C,1,13.3063,0.0,0,18.01,0.0144
2426,N2C,2,6.2165,9.0,1,38.54,0.1345
2426,S2C,2,5.3727,10.0,1,44.6,0.1473
2426,E2C,1,13.3433,0.0,0,17.96,0.0139
2426,W2C,1,13.2488,0.0,0,18.08,0.0152
2427,N2C,2,6.2789,10.0,1,38.16,0.1343
2427,S2C,2,5.7541,11.0,1,41.64,0.1425
2427,E2C,1,13.4156,0.0,0,17.86,0.0128
2427,W2C,1,13.3379,0.0,0,17.96,0.014
2428,N2C,2,6.2433,11.0,1,38.38,0.1354
2428,S2C,2,5.5325,12.0,1,43.31,0.1463
2428,E2C,1,13.2737,0.0,0,18.05,0.0149
2428,W2C,1,13.6893,0.0,0,17.5,0.0089
2429,N2C,2,6.4569,12.0,1,37.11,0.133
2429,S2C,2,5.7709,13.0,1,41.52,0.1436
2429,E2C,1,13.2811,0.0,0,18.04,0.0148
2429,W2C,1,13.3167,0.0,0,17.99,0.0143
2430,N2C,2,6.0731,13.0,1,39.45,0.1392
2430,S2C,2,5.694,14.0,1,42.08,0.1453
2430,E2C,1,13.0572,0.0,0,18.35,0.018
2430,W2C,1,13.2486,0.0,0,18.08,0.0152
2431,N2C,3,8.1949,14.0,1,29.24,0.1153
2431,S2C,3,8.3513,15.0,1,28.69,0.1138
2431,E2C,2,12.8792,0.0,0,18.6,0.0266
2431,W2C,2,13.1631,0.0,0,18.2,0.0225
2432,N2C,3,6.6918,15.0,1,35.8,0.1376
2432,S2C,3,8.3541,16.0,1,28.68,0.1144
2432,E2C,2,12.8217,0.0,0,18.69,0.0274
2432,W2C,1,13.1111,0.0,0,18.27,0.0172
2433,N2C,3,5.4964,16.0,1,43.59,0.1555
2433,S2C,3,7.961,17.0,1,30.1,0.1207
2433,E2C,1,13.544,0.0,0,17.69,0.011
2433,W2C,1,12.8721,0.0,0,18.61,0.0207
2434,N2C,3,4.3795,17.0,1,54.71,0.1723
2434,S2C,3,6.5326,18.0,1,36.68,0.1419
2434,E2C,1,13.3834,0.0,0,17.9,0.0133
2434,W2C,1,12.7759,0.0,0,18.75,0.022
2435,N2C,3,4.6687,18.0,1,51.32,0.1688
2435,S2C,3,5.0587,19.0,1,47.36,0.1638
2435,E2C,1,13.2716,0.0,0,18.05,0.0149
2435,W2C,1,12.8283,0.0,0,18.68,0.0213
2436,N2C,3,4.5418,20.0,2,52.75,0.1779
2436,S2C,3,4.6444,20.0,1,51.59,0.1705
2436,E2C,1,13.8864,0.0,0,17.25,0.0061
2436,W2C,1,12.6599,0.0,0,18.93,0.0237
2437,N2C,3,4.2952,22.0,2,55.78,0.1828
2437,S2C,3,4.4715,21.0,1,53.58,0.1736
2437,E2C,1,13.5139,0.0,0,17.73,0.0114
2437,W2C,1,13.2099,0.0,0,18.14,0.0158
2438,N2C,3,4.2115,24.0,2,56.89,0.1854
2438,S2C,3,4.277,23.0,2,56.02,0.1837
2438,E2C,1,13.6743,0.0,0,17.52,0.0091
2438,W2C,1,13.1727,0.0,0,18.19,0.0163
2439,N2C,3,4.5292,26.0,2,52.9,0.1821
2439,S2C,3,4.3728,25.0,2,54.79,0.1837
2439,E2C,1,13.609,0.0,0,17.61,0.01
2439,W2C,1,12.6397,0.0,0,18.96,0.024
2440,N2C,3,4.3352,28.0,2,55.27,0.1862
2440,S2C,3,4.3318,27.0,2,55.31,0.1856
2440,E2C,1,13.4238,0.0,0,17.85,0.0127
2440,W2C,1,13.1379,0.0,0,18.24,0.0168
2441,N2C,3,4.4057,30.0,2,54.38,0.1866
2441,S2C,3,4.5353,29.0,2,52.83,0.184
2441,E2C,1,13.6869,0.0,0,17.51,0.0089
2441,W2C,1,12.6054,0.0,0,19.01,0.0245
2442,N2C,3,4.4991,32.0,2,53.26,0.1866
2442,S2C,3,4.5933,31.0,2,52.16,0.1845
2442,E2C,1,13.5957,0.0,0,17.62,0.0102
2442,W2C,1,13.1652,0.0,0,18.2,0.0164
2443,N2C,1,13.8391,0.0,0,17.31,0.0067
2443,S2C,1,13.6595,0.0,0,17.54,0.0093
2443,E2C,1,13.5694,0.0,0,17.66,0.0106
2443,W2C,1,13.1139,0.0,0,18.27,0.0172
2444,N2C,1,13.7747,0.0,0,17.39,0.0077
2444,S2C,1,13.6772,0.0,0,17.52,0.0091
2444,E2C,1,13.5424,0.0,0,17.69,0.011
2444,W2C,1,12.622,0.0,0,18.98,0.0243
2445,N2C,1,13.3834,0.0,0,17.9,0.0133
2445,S2C,1,13.5626,0.0,0,17.67,0.0107
2445,E2C,1,13.6559,0.0,0,17.55,0.0094
2445,W2C,1,13.0729,0.0,0,18.33,0.0178
2446,N2C,1,13.7668,0.0,0,17.4,0.0078
2446,S2C,1,13.3325,0.0,0,17.97,0.014
2446,E2C,1,13.5713,0.0,0,17.65,0.0106
2446,W2C,1,12.7058,0.0,0,18.86,0.0231
2447,N2C,1,13.6578,0.0,0,17.54,0.0093
2447,S2C,1,13.4874,0.0,0,17.76,0.0118
2447,E2C,1,13.4273,0.0,0,17.84,0.0127
2447,W2C,1,12.9181,0.0,0,18.55,0.02
2448,N2C,1,13.3572,0.0,0,17.94,0.0137
2448,S2C,1,13.2704,0.0,0,18.06,0.0149
2448,E2C,1,12.4145,0.0,0,19.3,0.0272
2448,W2C,1,13.0187,0.0,0,18.4,0.0185
2449,N2C,1,13.89,0.0,0,17.25,0.006
2449,S2C,1,13.89,0.0,0,17.25,0.006
2449,E2C,2,10.5497,0.0,0,22.71,0.0601
2449,W2C,2,12.5754,0.0,0,19.05,0.0309
2450,N2C,1,13.7431,0.0,0,17.43,0.0081
2450,S2C,1,13.8106,0.0,0,17.35,0.0071
2450,E2C,2,8.9122,0.0,0,26.88,0.0837
2450,W2C,2,11.9377,0.0,0,20.07,0.0401
2451,N2C,1,13.2843,0.0,0,18.04,0.0147
2451,S2C,1,13.4827,0.0,0,17.77,0.0119
2451,E2C,2,6.2649,1.0,1,38.25,0.1285
2451,W2C,2,9.6408,0.0,0,24.85,0.0732
2452,N2C,1,13.3092,0.0,0,18.0,0.0144
2452,S2C,1,13.3325,0.0,0,17.97,0.014
2452,E2C,2,6.3615,2.0,1,37.66,0.1277
2452,W2C,2,8.1925,0.0,0,29.25,0.094
2453,N2C,1,13.5918,0.0,0,17.63,0.0103
2453,S2C,1,13.4971,0.0,0,17.75,0.0117
2453,E2C,2,6.2609,3.0,1,38.27,0.1298
2453,W2C,2,6.5182,0.0,0,36.76,0.1181
2454,N2C,1,13.4575,0.0,0,17.8,0.0122
2454,S2C,1,13.561,0.0,0,17.67,0.0107
2454,E2C,2,6.1561,4.0,1,38.92,0.132
2454,W2C,2,6.5762,1.0,1,36.43,0.124
2455,N2C,1,13.6912,0.0,0,17.5,0.0089
2455,S2C,1,13.6931,0.0,0,17.5,0.0088
2455,E2C,2,6.7678,5.0,1,35.4,0.1239
2455,W2C,2,6.4822,2.0,1,36.96,0.126
2456,N2C,1,13.2944,0.0,0,18.02,0.0146
2456,S2C,1,13.7603,0.0,0,17.41,0.0079
2456,E2C,2,6.3476,6.0,1,37.75,0.1306
2456,W2C,2,6.522,3.0,1,36.74,0.1261
2457,N2C,1,13.4378,0.0,0,17.83,0.0125
2457,S2C,1,13.7136,0.0,0,17.47,0.0085
2457,E2C,2,6.7395,7.0,1,35.55,0.1256
2457,W2C,2,6.76,4.0,1,35.44,0.1233
2458,N2C,1,13.7291,0.0,0,17.45,0.0083
2458,S2C,1,13.7165,0.0,0,17.47,0.0085
2458,E2C,2,6.7466,8.0,1,35.51,0.1262
2458,W2C,2,6.8896,5.0,1,34.78,0.1221
2459,N2C,1,13.6394,0.0,0,17.57,0.0096
2459,S2C,1,13.7834,0.0,0,17.38,0.0075
2459,E2C,2,6.5487,9.0,1,36.59,0.1297
2459,W2C,2,6.8895,6.0,1,34.78,0.1228
2460,N2C,1,13.7961,0.0,0,17.37,0.0074
2460,S2C,1,13.6536,0.0,0,17.55,0.0094
2460,E2C,2,6.2958,10.0,1,38.06,0.134
2460,W2C,2,6.4323,7.0,1,37.25,0.13
2461,N2C,1,13.7886,0.0,0,17.38,0.0075
2461,S2C,1,13.8231,0.0,0,17.33,0.007
2461,E2C,2,6.2582,11.0,1,38.29,0.1352
2461,W2C,2,6.8975,8.0,1,34.74,0.124
2462,N2C,1,13.3883,0.0,0,17.9,0.0132
2462,S2C,1,13.3976,0.0,0,17.88,0.0131
2462,E2C,2,6.5033,12.0,1,36.84,0.1324
2462,W2C,2,6.4365,9.0,1,37.22,0.1313
2463,N2C,1,13.6496,0.0,0,17.55,0.0095
2463,S2C,1,13.5388,0.0,0,17.7,0.0111
2463,E2C,2,6.5611,13.0,1,36.52,0.1322
2463,W2C,2,6.8183,10.0,1,35.14,0.1265
2464,N2C,1,13.4567,0.0,0,17.81,0.0122
2464,S2C,1,13.3479,0.0,0,17.95,0.0138
2464,E2C,2,6.4172,14.0,1,37.34,0.1349
2464,W2C,2,6.489,11.0,1,36.92,0.1319
2465,N2C,1,13.8677,0.0,0,17.28,0.0063
2465,S2C,1,13.3092,0.0,0,18.0,0.0144
2465,E2C,2,6.2567,15.0,1,38.29,0.1379
2465,W2C,2,6.9246,12.0,1,34.6,0.1263
2466,N2C,1,13.3921,0.0,0,17.89,0.0132
2466,S2C,1,13.5436,0.0,0,17.69,0.011
2466,E2C,2,6.596,16.0,1,36.33,0.1337
2466,W2C,2,5.6353,13.0,1,42.52,0.1455
2467,N2C,1,13.89,0.0,0,17.25,0.006
2467,S2C,1,13.5865,0.0,0,17.64,0.0104
2467,E2C,3,7.4085,17.0,1,32.34,0.1287
2467,W2C,3,6.3567,14.0,1,37.69,0.1418
2468,N2C,1,13.6095,0.0,0,17.61,0.01
2468,S2C,1,13.4567,0.0,0,17.81,0.0122
2468,E2C,3,5.5126,18.0,1,43.46,0.1566
2468,W2C,3,4.6173,15.0,1,51.89,0.1675
2469,N2C,1,13.4846,0.0,0,17.77,0.0118
2469,S2C,1,13.2189,0.0,0,18.13,0.0157
2469,E2C,3,4.4984,19.0,1,53.26,0.1719
2469,W2C,3,4.174,16.0,1,57.4,0.1746
2470,N2C,1,13.5499,0.0,0,17.68,0.0109
2470,S2C,1,13.5807,0.0,0,17.64,0.0105
2470,E2C,3,4.5639,20.0,1,52.5,0.1716
2470,W2C,3,3.7905,18.0,2,63.21,0.1874
2471,N2C,1,13.6618,0.0,0,17.54,0.0093
2471,S2C,1,13.0442,0.0,0,18.37,0.0182
2471,E2C,3,4.3265,21.0,1,55.38,0.1757
2471,W2C,3,4.017,20.0,2,59.65,0.1855
2472,N2C,1,13.2587,0.0,0,18.07,0.0151
2472,S2C,1,13.2155,0.0,0,18.13,0.0157
2472,E2C,3,4.1997,23.0,2,57.05,0.1849
2472,W2C,3,3.9687,22.0,2,60.37,0.1875
2473,N2C,1,13.5132,0.0,0,17.73,0.0114
2473,S2C,1,13.1882,0.0,0,18.17,0.0161
2473,E2C,3,4.1492,25.0,2,57.75,0.1869
2473,W2C,3,4.0521,24.0,2,59.13,0.1877
2474,N2C,1,13.568,0.0,0,17.66,0.0106
2474,S2C,1,13.5299,0.0,0,17.71,0.0112
2474,E2C,3,4.2375,27.0,2,56.54,0.187
2474,W2C,3,3.9519,26.0,2,60.63,0.1904
2475,N2C,1,13.7844,0.0,0,17.38,0.0075
2475,S2C,1,13.1292,0.0,0,18.25,0.017
2475,E2C,3,4.4094,29.0,2,54.34,0.1858
2475,W2C,3,3.9792,28.0,2,60.21,0.1914
2476,N2C,1,13.7464,0.0,0,17.43,0.0081
2476,S2C,1,13.4311,0.0,0,17.84,0.0126
2476,E2C,1,13.6387,0.0,0,17.57,0.0096
2476,W2C,1,12.8821,0.0,0,18.6,0.0205
2477,N2C,1,13.3364,0.0,0,17.97,0.014
2477,S2C,1,13.5689,0.0,0,17.66,0.0106
2477,E2C,1,13.4871,0.0,0,17.77,0.0118
2477,W2C,1,12.9239,0.0,0,18.54,0.0199
2478,N2C,1,13.7031,0.0,0,17.49,0.0087
2478,S2C,1,13.1982,0.0,0,18.15,0.016
2478,E2C,1,13.2449,0.0,0,18.09,0.0153
2478,W2C,1,13.0454,0.0,0,18.37,0.0182
2479,N2C,1,13.2786,0.0,0,18.04,0.0148
2479,S2C,1,13.1149,0.0,0,18.27,0.0172
2479,E2C,1,13.4521,0.0,0,17.81,0.0123
2479,W2C,1,12.6128,0.0,0,19.0,0.0244
2480,N2C,1,13.7087,0.0,0,17.48,0.0086
2480,S2C,1,13.2535,0.0,0,18.08,0.0152
2480,E2C,1,13.0867,0.0,0,18.31,0.0176
2480,W2C,1,12.8357,0.0,0,18.67,0.0212
2481,N2C,1,13.5328,0.0,0,17.71,0.0111
2481,S2C,1,13.4862,0.0,0,17.77,0.0118
2481,E2C,1,13.389,0.0,0,17.9,0.0132
2481,W2C,1,12.8446,0.0,0,18.65,0.0211
2482,N2C,1,13.4652,0.0,0,17.79,0.0121
2482,S2C,1,13.042,0.0,0,18.37,0.0182
2482,E2C,1,13.0897,0.0,0,18.3,0.0175
2482,W2C,1,12.6365,0.0,0,18.96,0.024
2483,N2C,1,13.4354,0.0,0,17.83,0.0125
2483,S2C,1,13.2986,0.0,0,18.02,0.0145
2483,E2C,1,13.6379,0.0,0,17.57,0.0096
2483,W2C,1,12.7792,0.0,0,18.75,0.022
2484,N2C,1,12.8824,0.0,0,18.6,0.0205
2484,S2C,1,13.5851,0.0,0,17.64,0.0104
2484,E2C,1,13.6241,0.0,0,17.59,0.0098
2484,W2C,1,12.6795,0.0,0,18.9,0.0234
2485,N2C,2,10.6324,0.0,0,22.53,0.0589
2485,S2C,2,10.6459,0.0,0,22.51,0.0587
2485,E2C,2,12.3261,0.0,0,19.44,0.0345
2485,W2C,2,12.8466,0.0,0,18.65,0.027
2486,N2C,2,8.4351,0.0,0,28.41,0.0905
2486,S2C,2,7.9273,0.0,0,30.22,0.0979
2486,E2C,1,12.9711,0.0,0,18.47,0.0192
2486,W2C,2,12.5865,0.0,0,19.04,0.0308
2487,N2C,2,6.905,0.0,0,34.7,0.1126
2487,S2C,2,6.5005,0.0,0,36.86,0.1184
2487,E2C,1,13.0714,0.0,0,18.33,0.0178
2487,W2C,1,13.3674,0.0,0,17.92,0.0135
2488,N2C,2,6.9459,0.0,0,34.5,0.112
2488,S2C,2,5.664,0.0,0,42.3,0.1304
2488,E2C,1,12.6816,0.0,0,18.89,0.0234
2488,W2C,1,13.2629,0.0,0,18.07,0.015
2489,N2C,2,6.5785,1.0,1,36.42,0.1239
2489,S2C,2,5.7344,0.0,0,41.78,0.1294
2489,E2C,1,12.9463,0.0,0,18.51,0.0196
2489,W2C,1,13.391,0.0,0,17.89,0.0132
2490,N2C,2,6.7916,2.0,1,35.28,0.1215
2490,S2C,2,5.4023,1.0,1,44.35,0.1409
2490,E2C,1,13.1393,0.0,0,18.24,0.0168
2490,W2C,1,13.637,0.0,0,17.57,0.0096
2491,N2C,2,6.5658,3.0,1,36.49,0.1255
2491,S2C,2,5.8197,2.0,1,41.17,0.1355
2491,E2C,1,12.7542,0.0,0,18.79,0.0224
2491,W2C,1,13.3234,0.0,0,17.98,0.0142
2492,N2C,2,6.8444,4.0,1,35.01,0.1221
2492,S2C,2,5.2184,3.0,1,45.91,0.1449
2492,E2C,1,12.6092,0.0,0,19.0,0.0244
2492,W2C,1,13.2959,0.0,0,18.02,0.0146
2493,N2C,2,6.7072,5.0,1,35.72,0.1248
2493,S2C,2,5.2333,4.0,1,45.78,0.1453
2493,E2C,1,12.76,0.0,0,18.78,0.0223
2493,W2C,1,13.5308,0.0,0,17.71,0.0112
2494,N2C,2,6.5749,6.0,1,36.44,0.1273
2494,S2C,2,5.2034,5.0,1,46.05,0.1464
2494,E2C,1,12.6983,0.0,0,18.87,0.0232
2494,W2C,1,13.3857,0.0,0,17.9,0.0133
2495,N2C,2,6.5216,7.0,1,36.74,0.1288
2495,S2C,2,5.1965,6.0,1,46.11,0.1472
2495,E2C,1,12.9096,0.0,0,18.56,0.0201
2495,W2C,1,13.8314,0.0,0,17.32,0.0068
2496,N2C,2,6.379,8.0,1,37.56,0.1315
2496,S2C,2,5.3645,7.0,1,44.66,0.1454
2496,E2C,1,12.5971,0.0,0,19.02,0.0246
2496,W2C,1,13.6073,0.0,0,17.61,0.0101
2497,N2C,2,6.5275,9.0,1,36.71,0.13
2497,S2C,2,5.3626,8.0,1,44.68,0.1461
2497,E2C,1,12.713,0.0,0,18.85,0.0229
2497,W2C,1,13.2713,0.0,0,18.05,0.0149
2498,N2C,2,6.904,10.0,1,34.7,0.1253
2498,S2C,2,5.6519,9.0,1,42.39,0.1426
2498,E2C,1,12.8403,0.0,0,18.66,0.0211
2498,W2C,1,13.7089,0.0,0,17.48,0.0086
2499,N2C,2,6.5224,11.0,1,36.74,0.1314
2499,S2C,2,5.6397,10.0,1,42.48,0.1435
2499,E2C,1,13.1318,0.0,0,18.25,0.0169
2499,W2C,1,13.4976,0.0,0,17.75,0.0116
2500,N2C,2,6.4731,12.0,1,37.01,0.1328
2500,S2C,2,5.2871,11.0,1,45.32,0.1492
2500,E2C,1,12.6534,0.0,0,18.94,0.0238
2500,W2C,1,13.5385,0.0,0,17.7,0.0111
2501,N2C,2,6.6136,13.0,1,36.23,0.1314
2501,S2C,2,5.7576,12.0,1,41.61,0.1431
2501,E2C,1,12.9118,0.0,0,18.56,0.0201
2501,W2C,1,13.7388,0.0,0,17.44,0.0082
2502,N2C,2,5.7408,14.0,1,41.74,0.1447
2502,S2C,2,5.4358,13.0,1,44.08,0.1484
2502,E2C,1,13.106,0.0,0,18.28,0.0173
2502,W2C,1,13.4281,0.0,0,17.84,0.0127
2503,N2C,3,6.9572,15.0,1,34.44,0.1338
2503,S2C,3,8.115,14.0,1,29.53,0.1165
2503,E2C,2,12.9896,0.0,0,18.45,0.025
2503,W2C,1,13.408,0.0,0,17.87,0.0129
2504,N2C,3,5.0368,16.0,1,47.57,0.1621
2504,S2C,3,7.9621,15.0,1,30.09,0.1194
2504,E2C,2,12.8282,0.0,0,18.68,0.0273
2504,W2C,1,13.0392,0.0,0,18.38,0.0183
2505,N2C,3,4.6667,17.0,1,51.34,0.1681
2505,S2C,3,7.9979,16.0,1,29.96,0.1195
2505,E2C,1,13.6448,0.0,0,17.56,0.0095
2505,W2C,1,13.2021,0.0,0,18.15,0.0159
2506,N2C,3,4.4671,19.0,2,53.64,0.1783
2506,S2C,3,7.3344,17.0,1,32.67,0.1297
2506,E2C,1,13.5634,0.0,0,17.67,0.0107
2506,W2C,1,13.3559,0.0,0,17.94,0.0137
2507,N2C,3,4.2137,21.0,2,56.86,0.1833
2507,S2C,3,5.8741,18.0,1,40.79,0.1514
2507,E2C,1,13.6646,0.0,0,17.53,0.0092
2507,W2C,1,12.9298,0.0,0,18.53,0.0198
2508,N2C,3,4.3536,23.0,2,55.03,0.1826
2508,S2C,3,4.5254,19.0,1,52.95,0.1715
2508,E2C,1,13.6066,0.0,0,17.61,0.0101
2508,W2C,1,13.0733,0.0,0,18.33,0.0178
2509,N2C,1,13.6276,0.0,0,17.58,0.0098
2509,S2C,1,13.2846,0.0,0,18.04,0.0147
2509,E2C,1,13.3978,0.0,0,17.88,0.0131
2509,W2C,1,13.0907,0.0,0,18.3,0.0175
2510,N2C,1,13.3666,0.0,0,17.93,0.0135
2510,S2C,1,13.4249,0.0,0,17.85,0.0127
2510,E2C,1,13.4168,0.0,0,17.86,0.0128
2510,W2C,1,12.9565,0.0,0,18.49,0.0194
2511,N2C,1,13.7551,0.0,0,17.42,0.0079
2511,S2C,1,13.3787,0.0,0,17.91,0.0134
2511,E2C,1,13.2852,0.0,0,18.04,0.0147
2511,W2C,1,13.2183,0.0,0,18.13,0.0157
2512,N2C,1,13.6625,0.0,0,17.54,0.0093
2512,S2C,1,13.0786,0.0,0,18.32,0.0177
2512,E2C,1,13.7804,0.0,0,17.39,0.0076
2512,W2C,1,13.1836,0.0,0,18.17,0.0162
2513,N2C,1,13.6207,0.0,0,17.59,0.0099
2513,S2C,1,13.5714,0.0,0,17.65,0.0106
2513,E2C,1,13.5687,0.0,0,17.66,0.0106
2513,W2C,1,12.7909,0.0,0,18.73,0.0218
2514,N2C,1,13.6734,0.0,0,17.52,0.0091
2514,S2C,1,13.2364,0.0,0,18.1,0.0154
2514,E2C,1,13.7535,0.0,0,17.42,0.008
2514,W2C,1,13.4049,0.0,0,17.87,0.013
2515,N2C,1,13.499,0.0,0,17.75,0.0116
2515,S2C,1,13.2882,0.0,0,18.03,0.0147
2515,E2C,1,13.1577,0.0,0,18.21,0.0165
2515,W2C,1,12.9558,0.0,0,18.49,0.0195
2516,N2C,1,13.7564,0.0,0,17.42,0.0079
2516,S2C,1,13.479,0.0,0,17.78,0.0119
2516,E2C,1,13.7746,0.0,0,17.39,0.0077
2516,W2C,1,13.0755,0.0,0,18.32,0.0177
2517,N2C,1,13.2594,0.0,0,18.07,0.0151
2517,S2C,1,12.9716,0.0,0,18.47,0.0192
2517,E2C,1,13.3794,0.0,0,17.91,0.0134
2517,W2C,1,13.3148,0.0,0,18.0,0.0143
2518,N2C,1,13.6999,0.0,0,17.49,0.0087
2518,S2C,1,13.0783,0.0,0,18.32,0.0177
2518,E2C,1,13.1462,0.0,0,18.23,0.0167
2518,W2C,1,12.9896,0.0,0,18.45,0.019
2519,N2C,1,13.4762,0.0,0,17.78,0.012
2519,S2C,1,13.4584,0.0,0,17.8,0.0122
2519,E2C,1,13.1771,0.0,0,18.18,0.0163
2519,W2C,1,13.0106,0.0,0,18.42,0.0187
2520,N2C,1,13.6302,0.0,0,17.58,0.0097
2520,S2C,1,13.0437,0.0,0,18.37,0.0182
2520,E2C,1,12.8507,0.0,0,18.64,0.021
2520,W2C,1,13.3243,0.0,0,17.98,0.0141
2521,N2C,1,13.89,0.0,0,17.25,0.006
2521,S2C,2,12.8548,0.0,0,18.64,0.0269
2521,E2C,2,11.093,0.0,0,21.6,0.0523
2521,W2C,2,13.215,0.0,0,18.13,0.0217
2522,N2C,1,13.3178,0.0,0,17.99,0.0142
2522,S2C,1,13.5261,0.0,0,17.71,0.0112
2522,E2C,2,8.7534,0.0,0,27.37,0.086
2522,W2C,2,10.4183,0.0,0,23.0,0.062
2523,N2C,1,13.8761,0.0,0,17.27,0.0062
2523,S2C,1,13.4887,0.0,0,17.76,0.0118
2523,E2C,2,7.0022,0.0,0,34.22,0.1112
2523,W2C,2,8.4077,0.0,0,28.5,0.0909
2524,N2C,1,13.8482,0.0,0,17.3,0.0066
2524,S2C,1,13.3508,0.0,0,17.95,0.0138
2524,E2C,2,6.4507,1.0,1,37.14,0.1258
2524,W2C,2,6.6782,1.0,1,35.88,0.1225
2525,N2C,1,13.7423,0.0,0,17.44,0.0081
2525,S2C,1,13.1233,0.0,0,18.26,0.017
2525,E2C,2,6.3311,2.0,1,37.84,0.1282
2525,W2C,2,6.8523,2.0,1,34.97,0.1207
2526,N2C,1,13.383,0.0,0,17.9,0.0133
2526,S2C,1,13.5015,0.0,0,17.75,0.0116
2526,E2C,2,6.4448,3.0,1,37.18,0.1272
2526,W2C,2,6.3345,3.0,1,37.82,0.1288
2527,N2C,1,13.3107,0.0,0,18.0,0.0143
2527,S2C,1,12.9029,0.0,0,18.57,0.0202
2527,E2C,2,6.6915,4.0,1,35.81,0.1243
2527,W2C,2,6.4504,4.0,1,37.15,0.1278
2528,N2C,1,13.6871,0.0,0,17.51,0.0089
2528,S2C,1,13.4864,0.0,0,17.77,0.0118
2528,E2C,2,6.2691,5.0,1,38.22,0.1311
2528,W2C,2,6.7885,5.0,1,35.3,0.1236
2529,N2C,1,13.8332,0.0,0,17.32,0.0068
2529,S2C,1,13.2623,0.0,0,18.07,0.015
2529,E2C,2,6.7387,6.0,1,35.56,0.125
2529,W2C,2,6.4245,6.0,1,37.29,0.1295
2530,N2C,1,13.4494,0.0,0,17.81,0.0123
2530,S2C,1,13.1688,0.0,0,18.19,0.0164
2530,E2C,2,6.5748,7.0,1,36.44,0.128
2530,W2C,2,6.559,7.0,1,36.53,0.1282
2531,N2C,1,13.5191,0.0,0,17.72,0.0113
2531,S2C,1,13.0042,0.0,0,18.42,0.0188
2531,E2C,2,6.5,8.0,1,36.86,0.1297
2531,W2C,2,6.5955,8.0,1,36.33,0.1284
2532,N2C,1,13.3875,0.0,0,17.9,0.0132
2532,S2C,1,13.1173,0.0,0,18.27,0.0171
2532,E2C,2,6.3462,9.0,1,37.76,0.1326
2532,W2C,2,6.767,9.0,1,35.41,0.1266
2533,N2C,1,13.7066,0.0,0,17.48,0.0086
2533,S2C,1,12.9851,0.0,0,18.45,0.019
2533,E2C,2,6.8381,10.0,1,35.04,0.1262
2533,W2C,2,6.8842,10.0,1,34.8,0.1255
2534,N2C,1,13.528,0.0,0,17.71,0.0112
2534,S2C,1,13.0817,0.0,0,18.32,0.0176
2534,E2C,2,6.4891,11.0,1,36.92,0.1319
2534,W2C,2,6.8314,11.0,1,35.07,0.127
2535,N2C,1,13.544,0.0,0,17.69,0.011
2535,S2C,1,13.1681,0.0,0,18.2,0.0164
2535,E2C,2,6.6755,12.0,1,35.89,0.1299
2535,W2C,2,6.6464,12.0,1,36.05,0.1303
2536,N2C,1,13.4672,0.0,0,17.79,0.0121
2536,S2C,1,13.3522,0.0,0,17.94,0.0137
2536,E2C,2,6.6699,13.0,1,35.92,0.1306
2536,W2C,2,6.7654,13.0,1,35.42,0.1293
2537,N2C,1,13.2561,0.0,0,18.07,0.0151
2537,S2C,1,13.1571,0.0,0,18.21,0.0166
2537,E2C,2,6.7498,14.0,1,35.5,0.1301
2537,W2C,2,6.7012,14.0,1,35.75,0.1308
2538,N2C,1,13.8195,0.0,0,17.34,0.007
2538,S2C,1,13.3952,0.0,0,17.89,0.0131
2538,E2C,2,5.9626,15.0,1,40.18,0.1421
2538,W2C,2,5.4927,15.0,1,43.62,0.1489
2539,N2C,1,12.7344,0.0,0,18.82,0.0226
2539,S2C,2,12.2191,0.0,0,19.61,0.0361
2539,E2C,3,6.775,16.0,1,35.37,0.1371
2539,W2C,3,7.0624,16.0,1,33.93,0.133
2540,N2C,1,12.6964,0.0,0,18.87,0.0232
2540,S2C,2,9.8277,0.0,0,24.38,0.0705
2540,E2C,3,5.1304,17.0,1,46.7,0.1615
2540,W2C,3,5.2545,17.0,1,45.6,0.1597
2541,N2C,1,12.6151,0.0,0,18.99,0.0244
2541,S2C,2,7.1157,0.0,0,33.67,0.1095
2541,E2C,3,4.1241,18.0,1,58.1,0.1766
2541,W2C,3,4.4988,18.0,1,53.26,0.1712
2542,N2C,1,12.6942,0.0,0,18.87,0.0232
2542,S2C,2,6.8878,0.0,0,34.79,0.1128
2542,E2C,1,12.8315,0.0,0,18.67,0.0212
2542,W2C,1,13.5216,0.0,0,17.72,0.0113
2543,N2C,1,12.328,0.0,0,19.44,0.0285
2543,S2C,2,6.7237,0.0,0,35.63,0.1152
2543,E2C,1,13.3631,0.0,0,17.93,0.0136
2543,W2C,1,13.678,0.0,0,17.52,0.0091
2544,N2C,1,12.3699,0.0,0,19.37,0.0279
2544,S2C,2,6.5667,1.0,1,36.49,0.1241
2544,E2C,1,12.839,0.0,0,18.66,0.0211
2544,W2C,1,13.7003,0.0,0,17.49,0.0087
2545,N2C,1,12.6692,0.0,0,18.91,0.0236
2545,S2C,2,6.3621,2.0,1,37.66,0.1277
2545,E2C,1,12.9842,0.0,0,18.45,0.019
2545,W2C,1,13.7524,0.0,0,17.42,0.008
2546,N2C,1,12.7005,0.0,0,18.87,0.0231
2546,S2C,2,6.4823,3.0,1,36.96,0.1267
2546,E2C,1,13.1681,0.0,0,18.2,0.0164
2546,W2C,1,13.3538,0.0,0,17.94,0.0137
2547,N2C,1,12.6568,0.0,0,18.93,0.0238
2547,S2C,2,6.8073,4.0,1,35.2,0.1226
2547,E2C,1,13.2788,0.0,0,18.04,0.0148
2547,W2C,1,13.2994,0.0,0,18.02,0.0145
2548,N2C,1,12.3608,0.0,0,19.38,0.028
2548,S2C,2,6.5398,5.0,1,36.64,0.1272
2548,E2C,1,12.7988,0.0,0,18.72,0.0217
2548,W2C,1,13.4242,0.0,0,17.85,0.0127
2549,N2C,1,12.0899,0.0,0,19.82,0.0319
2549,S2C,2,6.2491,6.0,1,38.34,0.132
2549,E2C,1,13.205,0.0,0,18.14,0.0159
2549,W2C,1,13.846,0.0,0,17.3,0.0066
2550,N2C,1,12.5185,0.0,0,19.14,0.0257
2550,S2C,2,6.1791,7.0,1,38.78,0.1337
2550,E2C,1,12.8491,0.0,0,18.65,0.021
2550,W2C,1,13.724,0.0,0,17.46,0.0084
2551,N2C,1,12.6116,0.0,0,19.0,0.0244
2551,S2C,2,6.807,8.0,1,35.2,0.1253
2551,E2C,1,13.2425,0.0,0,18.09,0.0153
2551,W2C,1,13.4453,0.0,0,17.82,0.0124
2552,N2C,1,12.7306,0.0,0,18.82,0.0227
2552,S2C,2,6.5242,9.0,1,36.72,0.1301
2552,E2C,1,13.1548,0.0,0,18.21,0.0166
2552,W2C,1,13.7129,0.0,0,17.47,0.0086
2553,N2C,1,12.4358,0.0,0,19.27,0.0269
2553,S2C,2,6.7472,10.0,1,35.51,0.1275
2553,E2C,1,13.2559,0.0,0,18.07,0.0151
2553,W2C,1,13.3924,0.0,0,17.89,0.0132
2554,N2C,1,12.6839,0.0,0,18.89,0.0234
2554,S2C,2,6.809,11.0,1,35.19,0.1273
2554,E2C,1,13.213,0.0,0,18.13,0.0157
2554,W2C,1,13.6892,0.0,0,17.5,0.0089
2555,N2C,1,12.6293,0.0,0,18.97,0.0242
2555,S2C,2,6.7559,12.0,1,35.47,0.1287
2555,E2C,1,12.8078,0.0,0,18.71,0.0216
2555,W2C,1,13.382,0.0,0,17.9,0.0133
2556,N2C,1,12.3366,0.0,0,19.42,0.0284
2556,S2C,2,6.1993,13.0,1,38.65,0.1374
2556,E2C,1,13.2201,0.0,0,18.12,0.0156
2556,W2C,1,13.3179,0.0,0,17.99,0.0142
2557,N2C,2,11.6688,0.0,0,20.53,0.044
2557,S2C,3,6.6341,14.0,1,36.12,0.1378
2557,E2C,2,12.8418,0.0,0,18.66,0.0271
2557,W2C,1,13.89,0.0,0,17.25,0.006
2558,N2C,2,10.7258,0.0,0,22.34,0.0576
2558,S2C,3,5.072,15.0,1,47.24,0.161
2558,E2C,2,12.651,0.0,0,18.94,0.0298
2558,W2C,1,13.7168,0.0,0,17.47,0.0085
2559,N2C,2,11.5681,0.0,0,20.71,0.0454
2559,S2C,3,4.113,16.0,1,58.25,0.1754
2559,E2C,1,13.2945,0.0,0,18.02,0.0146
2559,W2C,1,13.5498,0.0,0,17.68,0.0109
2560,N2C,2,9.3992,0.0,0,25.49,0.0767
2560,S2C,3,3.6021,17.0,1,66.52,0.1835
2560,E2C,1,13.6041,0.0,0,17.61,0.0101
2560,W2C,1,13.8139,0.0,0,17.34,0.0071
2561,N2C,2,7.1489,0.0,0,33.52,0.1091
2561,S2C,3,3.6763,19.0,2,65.17,0.1897
2561,E2C,1,13.5751,0.0,0,17.65,0.0105
2561,W2C,1,13.372,0.0,0,17.92,0.0135
2562,N2C,2,5.6242,0.0,0,42.6,0.131
2562,S2C,3,3.8344,21.0,2,62.49,0.1888
2562,E2C,1,13.8005,0.0,0,17.36,0.0073
2562,W2C,1,13.6009,0.0,0,17.62,0.0102
2563,N2C,2,5.8212,1.0,1,41.16,0.1348
2563,S2C,3,3.6917,23.0,2,64.9,0.1922
2563,E2C,1,13.4295,0.0,0,17.84,0.0126
2563,W2C,1,13.595,0.0,0,17.62,0.0102
2564,N2C,2,5.7271,2.0,1,41.84,0.1369
2564,S2C,3,3.7701,25.0,2,63.55,0.1924
2564,E2C,1,13.8001,0.0,0,17.36,0.0073
2564,W2C,1,13.3941,0.0,0,17.89,0.0131
2565,N2C,2,5.5086,3.0,1,43.5,0.1407
2565,S2C,3,3.7828,27.0,2,63.34,0.1935
2565,E2C,1,13.3045,0.0,0,18.01,0.0144
2565,W2C,1,13.2743,0.0,0,18.05,0.0149
2566,N2C,2,5.8126,4.0,1,41.22,0.137
2566,S2C,3,3.8879,29.0,2,61.63,0.1934
2566,E2C,1,13.7546,0.0,0,17.42,0.008
2566,W2C,1,13.5951,0.0,0,17.62,0.0102
2567,N2C,2,5.9401,5.0,1,40.34,0.1358
2567,S2C,3,3.8089,31.0,2,62.9,0.1958
2567,E2C,1,13.4779,0.0,0,17.78,0.0119
2567,W2C,1,13.4062,0.0,0,17.87,0.013
2568,N2C,2,5.5312,6.0,1,43.32,0.1424
2568,S2C,3,3.6667,33.0,2,65.35,0.1992
2568,E2C,1,13.8023,0.0,0,17.36,0.0073
2568,W2C,1,13.5055,0.0,0,17.74,0.0115
2569,N2C,2,5.9232,7.0,1,40.45,0.1374
2569,S2C,3,3.9688,35.0,2,60.37,0.1962
2569,E2C,1,13.4904,0.0,0,17.76,0.0118
2569,W2C,1,13.4234,0.0,0,17.85,0.0127
2570,N2C,2,5.4889,8.0,1,43.65,0.1443
2570,S2C,3,3.7567,37.0,2,63.78,0.2006
2570,E2C,1,13.2849,0.0,0,18.04,0.0147
2570,W2C,1,13.358,0.0,0,17.94,0.0137
2571,N2C,2,5.6181,9.0,1,42.65,0.1431
2571,S2C,3,3.68,39.0,2,65.11,0.203
2571,E2C,1,13.6159,0.0,0,17.6,0.0099
2571,W2C,1,13.3387,0.0,0,17.96,0.0139
2572,N2C,2,5.3944,10.0,1,44.42,0.147
2572,S2C,3,3.7555,41.0,2,63.8,0.2033
2572,E2C,1,13.5913,0.0,0,17.63,0.0103
2572,W2C,1,13.8434,0.0,0,17.31,0.0067
2573,N2C,2,5.6438,11.0,1,42.45,0.1441
2573,S2C,3,3.609,43.0,2,66.39,0.2067
2573,E2C,1,13.685,0.0,0,17.51,0.009
2573,W2C,1,13.2651,0.0,0,18.06,0.015
2574,N2C,2,5.2975,12.0,1,45.23,0.1497
2574,S2C,3,3.7625,45.0,2,63.68,0.2058
2574,E2C,1,12.5365,0.0,0,19.11,0.0255
2574,W2C,1,12.966,0.0,0,18.48,0.0193
2575,N2C,2,12.5048,0.0,0,19.16,0.0319
2575,S2C,2,12.4141,0.0,0,19.3,0.0333
2575,E2C,2,9.6314,0.0,0,24.88,0.0733
2575,W2C,2,10.5195,0.0,0,22.78,0.0605
2576,N2C,2,12.3102,0.0,0,19.46,0.0347
2576,S2C,2,11.8098,0.0,0,20.29,0.042
2576,E2C,2,7.6759,0.0,0,31.21,0.1015
2576,W2C,2,8.6238,0.0,0,27.78,0.0878
2577,N2C,2,11.9232,0.0,0,20.1,0.0403
2577,S2C,2,10.7298,0.0,0,22.33,0.0575
2577,E2C,2,6.1079,0.0,0,39.23,0.1241
2577,W2C,2,6.8015,0.0,0,35.23,0.1141
2578,N2C,1,13.3906,0.0,0,17.89,0.0132
2578,S2C,1,13.2462,0.0,0,18.09,0.0153
2578,E2C,2,5.8033,0.0,0,41.29,0.1284
2578,W2C,2,6.337,1.0,1,37.81,0.1274
2579,N2C,1,13.8327,0.0,0,17.32,0.0068
2579,S2C,1,13.0071,0.0,0,18.42,0.0187
2579,E2C,2,6.1566,0.0,0,38.92,0.1234
2579,W2C,2,6.6941,2.0,1,35.79,0.1229
2580,N2C,1,13.3681,0.0,0,17.92,0.0135
2580,S2C,1,13.0754,0.0,0,18.32,0.0177
2580,E2C,2,6.2222,1.0,1,38.51,0.1291
2580,W2C,2,6.3664,3.0,1,37.64,0.1283
2581,N2C,1,13.5097,0.0,0,17.74,0.0115
2581,S2C,1,12.9845,0.0,0,18.45,0.019
2581,E2C,2,6.1876,2.0,1,38.72,0.1302
2581,W2C,2,6.1016,4.0,1,39.27,0.1328
2582,N2C,1,13.3731,0.0,0,17.92,0.0134
2582,S2C,1,13.2669,0.0,0,18.06,0.015
2582,E2C,2,5.7184,3.0,1,41.9,0.1377
2582,W2C,2,6.553,5.0,1,36.56,0.127
2583,N2C,1,13.4531,0.0,0,17.81,0.0123
2583,S2C,1,13.4179,0.0,0,17.86,0.0128
2583,E2C,2,5.6497,4.0,1,42.41,0.1393
2583,W2C,2,6.722,6.0,1,35.64,0.1252
2584,N2C,1,13.8081,0.0,0,17.35,0.0072
2584,S2C,1,12.8173,0.0,0,18.69,0.0214
2584,E2C,2,5.9491,5.0,1,40.28,0.1357
2584,W2C,2,6.3241,7.0,1,37.89,0.1316
2585,N2C,1,13.3985,0.0,0,17.88,0.0131
2585,S2C,1,12.8511,0.0,0,18.64,0.021
2585,E2C,2,5.625,6.0,1,42.6,0.141
2585,W2C,2,6.6209,8.0,1,36.19,0.128
2586,N2C,1,13.5829,0.0,0,17.64,0.0104
2586,S2C,1,13.2223,0.0,0,18.12,0.0156
2586,E2C,2,5.6192,7.0,1,42.64,0.1418
2586,W2C,2,6.6748,9.0,1,35.9,0.1279
2587,N2C,1,13.7697,0.0,0,17.4,0.0077
2587,S2C,1,12.9941,0.0,0,18.44,0.0189
2587,E2C,2,6.2099,8.0,1,38.58,0.1339
2587,W2C,2,6.1121,10.0,1,39.2,0.1367
2588,N2C,1,13.304,0.0,0,18.01,0.0144
2588,S2C,1,12.9562,0.0,0,18.49,0.0194
2588,E2C,2,5.5895,9.0,1,42.87,0.1435
2588,W2C,2,6.4737,11.0,1,37.01,0.1321
2589,N2C,1,13.8853,0.0,0,17.26,0.0061
2589,S2C,1,13.3209,0.0,0,17.99,0.0142
2589,E2C,2,5.6053,10.0,1,42.75,0.144
2589,W2C,2,6.5282,12.0,1,36.7,0.132
2590,N2C,1,13.2841,0.0,0,18.04,0.0147
2590,S2C,1,13.1576,0.0,0,18.21,0.0165
2590,E2C,2,5.6199,11.0,1,42.63,0.1444
2590,W2C,2,6.3687,13.0,1,37.62,0.135
2591,N2C,1,13.7484,0.0,0,17.43,0.008
2591,S2C,1,12.9408,0.0,0,18.52,0.0197
2591,E2C,2,6.1512,12.0,1,38.95,0.1374
2591,W2C,2,6.3937,14.0,1,37.47,0.1353
2592,N2C,1,13.5936,0.0,0,17.63,0.0103
2592,S2C,1,12.8413,0.0,0,18.66,0.0211
2592,E2C,2,5.9424,13.0,1,40.32,0.1411
2592,W2C,2,6.4477,15.0,1,37.16,0.1352
2593,N2C,1,13.89,0.0,0,17.25,0.006
2593,S2C,2,12.7763,0.0,0,18.75,0.028
2593,E2C,3,8.6345,14.0,1,27.75,0.109
2593,W2C,3,7.1099,16.0,1,33.7,0.1323
2594,N2C,1,13.3148,0.0,0,18.0,0.0143
2594,S2C,2,12.4831,0.0,0,19.19,0.0323
2594,E2C,3,7.9601,15.0,1,30.1,0.1194
2594,W2C,3,5.9345,17.0,1,40.37,0.1499
2595,N2C,1,13.5292,0.0,0,17.71,0.0112
2595,S2C,1,13.3912,0.0,0,17.89,0.0132
2595,E2C,3,6.6076,16.0,1,36.26,0.1395
2595,W2C,3,4.3258,18.0,1,55.39,0.1737
2596,N2C,1,13.6705,0.0,0,17.53,0.0092
2596,S2C,1,13.3759,0.0,0,17.91,0.0134
2596,E2C,3,5.1474,17.0,1,46.55,0.1612
2596,W2C,3,4.2807,20.0,2,55.97,0.1817
2597,N2C,1,13.332,0.0,0,17.97,0.014
2597,S2C,1,13.3675,0.0,0,17.92,0.0135
2597,E2C,3,4.7222,18.0,1,50.74,0.168
2597,W2C,3,4.2903,22.0,2,55.85,0.1829
2598,N2C,1,13.8876,0.0,0,17.25,0.006
2598,S2C,1,13.0533,0.0,0,18.36,0.018
2598,E2C,3,4.6004,19.0,1,52.08,0.1704
2598,W2C,3,4.2605,24.0,2,56.24,0.1847
2599,N2C,1,13.325,0.0,0,17.98,0.0141
2599,S2C,1,13.0561,0.0,0,18.35,0.018
2599,E2C,3,4.4177,21.0,2,54.24,0.1804
2599,W2C,3,4.0624,26.0,2,58.98,0.1888
2600,N2C,1,13.3839,0.0,0,17.9,0.0133
2600,S2C,1,13.5962,0.0,0,17.62,0.0102
2600,E2C,3,4.5571,23.0,2,52.58,0.1797
2600,W2C,3,4.1592,28.0,2,57.61,0.1888
2601,N2C,1,13.8743,0.0,0,17.27,0.0062
2601,S2C,1,13.0074,0.0,0,18.42,0.0187
2601,E2C,3,4.5265,25.0,2,52.93,0.1815
2601,W2C,3,3.9244,30.0,2,61.05,0.1935
2602,N2C,1,13.6511,0.0,0,17.55,0.0094
2602,S2C,1,13.3463,0.0,0,17.95,0.0138
2602,E2C,3,4.2708,27.0,2,56.1,0.1865
2602,W2C,3,4.0519,32.0,2,59.13,0.193
2603,N2C,1,13.4943,0.0,0,17.76,0.0117
2603,S2C,1,13.2659,0.0,0,18.06,0.015
2603,E2C,3,4.369,29.0,2,54.84,0.1864
2603,W2C,3,3.976,34.0,2,60.26,0.1954
2604,N2C,1,13.8298,0.0,0,17.32,0.0069
2604,S2C,1,13.2136,0.0,0,18.13,0.0157
2604,E2C,3,4.4665,31.0,2,53.64,0.1864
2604,W2C,3,4.0307,36.0,2,59.44,0.196
2605,N2C,1,13.4414,0.0,0,17.83,0.0125
2605,S2C,1,13.6047,0.0,0,17.61,0.0101
2605,E2C,3,4.2788,33.0,2,56.0,0.1904
2605,W2C,3,4.096,38.0,2,58.5,0.1964
2606,N2C,1,13.6489,0.0,0,17.55,0.0095
2606,S2C,1,13.1087,0.0,0,18.28,0.0172
2606,E2C,3,4.3019,35.0,2,55.7,0.1914
2606,W2C,3,4.0276,40.0,2,59.49,0.1987
2607,N2C,1,13.3183,0.0,0,17.99,0.0142
2607,S2C,1,13.1628,0.0,0,18.2,0.0165
2607,E2C,3,4.222,37.0,2,56.75,0.1939
2607,W2C,3,4.2111,42.0,2,56.9,0.1974
2608,N2C,1,13.4141,0.0,0,17.86,0.0129
2608,S2C,1,13.353,0.0,0,17.94,0.0137
2608,E2C,1,13.3456,0.0,0,17.95,0.0138
2608,W2C,1,13.3952,0.0,0,17.89,0.0131
2609,N2C,1,13.8231,0.0,0,17.33,0.007
2609,S2C,1,13.5934,0.0,0,17.63,0.0103
2609,E2C,1,13.7331,0.0,0,17.45,0.0083
2609,W2C,1,12.9581,0.0,0,18.49,0.0194
2610,N2C,1,12.8374,0.0,0,18.66,0.0212
2610,S2C,1,13.3799,0.0,0,17.91,0.0133
2610,E2C,1,12.6925,0.0,0,18.88,0.0232
2610,W2C,1,13.0667,0.0,0,18.34,0.0179
2611,N2C,2,10.2423,0.0,0,23.39,0.0645
2611,S2C,2,11.4207,0.0,0,20.98,0.0476
2611,E2C,2,11.4438,0.0,0,20.94,0.0472
2611,W2C,2,12.972,0.0,0,18.47,0.0252
2612,N2C,2,7.7023,0.0,0,31.11,0.1011
2612,S2C,2,9.5695,0.0,0,25.04,0.0742
2612,E2C,1,12.875,0.0,0,18.61,0.0206
2612,W2C,2,12.5133,0.0,0,19.15,0.0318
2613,N2C,2,6.7005,0.0,0,35.76,0.1155
2613,S2C,2,7.5654,0.0,0,31.67,0.1031
2613,E2C,1,12.8471,0.0,0,18.65,0.021
2613,W2C,1,13.4466,0.0,0,17.82,0.0124
2614,N2C,2,6.5113,0.0,0,36.8,0.1182
2614,S2C,2,6.3041,0.0,0,38.01,0.1212
2614,E2C,1,12.6776,0.0,0,18.9,0.0235
2614,W2C,1,13.8201,0.0,0,17.34,0.007
2615,N2C,2,6.4214,1.0,1,37.31,0.1262
2615,S2C,2,6.7002,0.0,0,35.76,0.1155
2615,E2C,1,12.6996,0.0,0,18.87,0.0231
2615,W2C,1,13.4655,0.0,0,17.79,0.0121
2616,N2C,2,6.2829,2.0,1,38.14,0.1289
2616,S2C,2,6.2413,1.0,1,38.39,0.1288
2616,E2C,1,12.8001,0.0,0,18.72,0.0217
2616,W2C,1,13.4675,0.0,0,17.79,0.0121
2617,N2C,2,6.5542,3.0,1,36.56,0.1256
2617,S2C,2,6.2564,2.0,1,38.3,0.1292
2617,E2C,1,12.854,0.0,0,18.64,0.0209
2617,W2C,1,13.7279,0.0,0,17.45,0.0083
2618,N2C,2,6.4178,4.0,1,37.33,0.1283
2618,S2C,2,6.5952,3.0,1,36.33,0.125
2618,E2C,1,13.0174,0.0,0,18.41,0.0186
2618,W2C,1,13.3296,0.0,0,17.97,0.0141
2619,N2C,2,6.0565,5.0,1,39.56,0.1341
2619,S2C,2,6.3172,4.0,1,37.93,0.1297
2619,E2C,1,12.9497,0.0,0,18.5,0.0195
2619,W2C,1,13.7447,0.0,0,17.43,0.0081
2620,N2C,2,6.0051,6.0,1,39.9,0.1355
2620,S2C,2,6.2265,5.0,1,38.48,0.1317
2620,E2C,1,12.8276,0.0,0,18.68,0.0213
2620,W2C,1,13.8751,0.0,0,17.27,0.0062
2621,N2C,2,6.2549,7.0,1,38.31,0.1326
2621,S2C,2,6.4749,6.0,1,37.0,0.1288
2621,E2C,1,13.0442,0.0,0,18.37,0.0182
2621,W2C,1,13.3607,0.0,0,17.93,0.0136
2622,N2C,2,6.2341,8.0,1,38.43,0.1336
2622,S2C,2,6.7653,7.0,1,35.42,0.1253
2622,E2C,1,12.8569,0.0,0,18.64,0.0209
2622,W2C,1,13.5879,0.0,0,17.63,0.0103
2623,N2C,2,5.9935,9.0,1,39.98,0.1377
2623,S2C,2,6.7635,8.0,1,35.43,0.1259
2623,E2C,1,13.029,0.0,0,18.39,0.0184
2623,W2C,1,13.4391,0.0,0,17.83,0.0125
2624,N2C,2,6.3255,10.0,1,37.88,0.1336
2624,S2C,2,6.1793,9.0,1,38.77,0.135
2624,E2C,1,12.6862,0.0,0,18.89,0.0233
2624,W2C,1,13.426,0.0,0,17.85,0.0127
2625,N2C,2,5.9717,11.0,1,40.12,0.1393
2625,S2C,2,6.5385,10.0,1,36.64,0.1305
2625,E2C,1,13.0257,0.0,0,18.39,0.0184
2625,W2C,1,13.4679,0.0,0,17.79,0.0121
2626,N2C,2,6.3538,12.0,1,37.71,0.1345
2626,S2C,2,6.5913,11.0,1,36.35,0.1304
2626,E2C,1,13.0691,0.0,0,18.33,0.0178
2626,W2C,1,13.7653,0.0,0,17.41,0.0078
2627,N2C,2,6.4338,13.0,1,37.24,0.134
2627,S2C,2,6.434,12.0,1,37.24,0.1334
2627,E2C,1,13.1154,0.0,0,18.27,0.0172
2627,W2C,1,13.3432,0.0,0,17.96,0.0139
2628,N2C,2,6.3591,14.0,1,37.68,0.1358
2628,S2C,2,6.1341,13.0,1,39.06,0.1383
2628,E2C,1,13.0756,0.0,0,18.32,0.0177
2628,W2C,1,13.3763,0.0,0,17.91,0.0134
2629,N2C,3,7.9868,15.0,1,30.0,0.119
2629,S2C,3,7.7635,14.0,1,30.86,0.1215
2629,E2C,2,13.2189,0.0,0,18.13,0.0217
2629,W2C,1,13.89,0.0,0,17.25,0.006
2630,N2C,3,6.6487,16.0,1,36.04,0.1389
2630,S2C,3,5.9322,15.0,1,40.39,0.1486
2630,E2C,2,12.6489,0.0,0,18.94,0.0299
2630,W2C,1,13.7301,0.0,0,17.45,0.0083
2631,N2C,3,5.4673,17.0,1,43.82,0.1566
2631,S2C,3,4.5176,16.0,1,53.04,0.1696
2631,E2C,1,13.2706,0.0,0,18.05,0.0149
2631,W2C,1,13.3139,0.0,0,18.0,0.0143
2632,N2C,3,4.5023,18.0,1,53.22,0.1712
2632,S2C,3,4.3908,17.0,1,54.57,0.1721
2632,E2C,1,13.6781,0.0,0,17.52,0.0091
2632,W2C,1,13.3205,0.0,0,17.99,0.0142
2633,N2C,3,4.3685,20.0,2,54.85,0.1804
2633,S2C,3,4.3612,19.0,2,54.94,0.1799
2633,E2C,1,13.6859,0.0,0,17.51,0.0089
2633,W2C,1,13.775,0.0,0,17.39,0.0077
2634,N2C,3,4.5975,22.0,2,52.12,0.1785
2634,S2C,3,4.5164,21.0,2,53.05,0.179
2634,E2C,1,13.8359,0.0,0,17.32,0.0068
2634,W2C,1,13.8186,0.0,0,17.34,0.007
2635,N2C,3,4.4986,24.0,2,53.26,0.1812
2635,S2C,3,4.2389,23.0,2,56.52,0.1843
2635,E2C,1,13.2972,0.0,0,18.02,0.0145
2635,W2C,1,13.6583,0.0,0,17.54,0.0093
2636,N2C,3,4.2557,26.0,2,56.3,0.1861
2636,S2C,3,4.3105,25.0,2,55.59,0.1846
2636,E2C,1,13.2834,0.0,0,18.04,0.0147
2636,W2C,1,13.6893,0.0,0,17.5,0.0089
2637,N2C,3,4.2581,28.0,2,56.27,0.1874
2637,S2C,3,4.4956,27.0,2,53.3,0.1833
2637,E2C,1,13.6895,0.0,0,17.5,0.0089
2637,W2C,1,13.6031,0.0,0,17.61,0.0101
2638,N2C,3,4.4712,30.0,2,53.59,0.1856
2638,S2C,3,4.6063,29.0,2,52.02,0.183
2638,E2C,1,13.6564,0.0,0,17.54,0.0094
2638,W2C,1,13.7244,0.0,0,17.46,0.0084
2639,N2C,3,4.4932,32.0,2,53.33,0.1866
2639,S2C,3,4.3602,31.0,2,54.95,0.1879
2639,E2C,1,13.3253,0.0,0,17.98,0.0141
2639,W2C,1,13.6642,0.0,0,17.53,0.0093
2640,N2C,3,4.5047,34.0,2,53.19,0.1878
2640,S2C,3,4.3811,33.0,2,54.69,0.1889
2640,E2C,1,13.7885,0.0,0,17.38,0.0075
2640,W2C,1,13.8026,0.0,0,17.36,0.0073
2641,N2C,1,13.6942,0.0,0,17.5,0.0088
2641,S2C,1,13.3517,0.0,0,17.95,0.0138
2641,E2C,1,13.7891,0.0,0,17.38,0.0075
2641,W2C,1,13.3447,0.0,0,17.95,0.0139
2642,N2C,1,13.8274,0.0,0,17.33,0.0069
2642,S2C,1,13.3898,0.0,0,17.89,0.0132
2642,E2C,1,13.654,0.0,0,17.55,0.0094
2642,W2C,1,13.4344,0.0,0,17.83,0.0126
2643,N2C,1,13.6719,0.0,0,17.53,0.0091
2643,S2C,1,13.575,0.0,0,17.65,0.0105
2643,E2C,1,13.69,0.0,0,17.5,0.0089
2643,W2C,1,13.4526,0.0,0,17.81,0.0123
2644,N2C,1,13.7073,0.0,0,17.48,0.0086
2644,S2C,1,13.2364,0.0,0,18.1,0.0154
2644,E2C,1,13.761,0.0,0,17.41,0.0079
2644,W2C,1,13.2847,0.0,0,18.04,0.0147
2645,N2C,1,13.5699,0.0,0,17.66,0.0106
2645,S2C,1,13.2946,0.0,0,18.02,0.0146
2645,E2C,1,13.38,0.0,0,17.91,0.0133
2645,W2C,1,13.7404,0.0,0,17.44,0.0082
2646,N2C,1,13.7591,0.0,0,17.41,0.0079
2646,S2C,1,13.5213,0.0,0,17.72,0.0113
2646,E2C,1,12.673,0.0,0,18.91,0.0235
2646,W2C,1,12.2213,0.0,0,19.61,0.03
2647,N2C,1,13.5421,0.0,0,17.69,0.011
2647,S2C,2,12.8338,0.0,0,18.67,0.0272
2647,E2C,2,10.423,0.0,0,22.99,0.0619
2647,W2C,2,10.6767,0.0,0,22.44,0.0583
2648,N2C,1,13.2746,0.0,0,18.05,0.0149
2648,S2C,1,12.9134,0.0,0,18.55,0.0201
2648,E2C,2,8.1278,0.0,0,29.48,0.095
2648,W2C,2,8.405,0.0,0,28.51,0.091
2649,N2C,1,13.4823,0.0,0,17.77,0.0119
2649,S2C,1,13.3614,0.0,0,17.93,0.0136
2649,E2C,2,6.68,1.0,1,35.87,0.1225
2649,W2C,2,6.9636,0.0,0,34.41,0.1117
2650,N2C,1,12.9766,0.0,0,18.46,0.0192
2650,S2C,1,13.0573,0.0,0,18.35,0.018
2650,E2C,2,6.7019,2.0,1,35.75,0.1228
2650,W2C,2,6.4497,1.0,1,37.15,0.1258
2651,N2C,1,13.3709,0.0,0,17.92,0.0135
2651,S2C,1,13.3526,0.0,0,17.94,0.0137
2651,E2C,2,6.7144,3.0,1,35.68,0.1233
2651,W2C,2,6.3884,2.0,1,37.51,0.1273
2652,N2C,1,13.475,0.0,0,17.78,0.012
2652,S2C,1,12.7864,0.0,0,18.74,0.0219
2652,E2C,2,6.5075,4.0,1,36.82,0.127
2652,W2C,2,6.8493,3.0,1,34.98,0.1214
2653,N2C,1,13.0887,0.0,0,18.31,0.0175
2653,S2C,1,12.7903,0.0,0,18.73,0.0218
2653,E2C,2,6.9409,5.0,1,34.52,0.1214
2653,W2C,2,6.5089,4.0,1,36.81,0.1269
2654,N2C,1,13.2952,0.0,0,18.02,0.0146
2654,S2C,1,13.071,0.0,0,18.33,0.0178
2654,E2C,2,6.3565,6.0,1,37.69,0.1305
2654,W2C,2,6.7024,5.0,1,35.75,0.1248
2655,N2C,1,13.1873,0.0,0,18.17,0.0161
2655,S2C,1,12.8215,0.0,0,18.69,0.0214
2655,E2C,2,6.3241,7.0,1,37.89,0.1316
2655,W2C,2,6.8927,6.0,1,34.76,0.1228
2656,N2C,1,13.4463,0.0,0,17.82,0.0124
2656,S2C,1,12.9578,0.0,0,18.49,0.0194
2656,E2C,2,6.5682,8.0,1,36.48,0.1288
2656,W2C,2,6.6141,7.0,1,36.23,0.1274
2657,N2C,1,13.3155,0.0,0,17.99,0.0143
2657,S2C,1,13.2334,0.0,0,18.11,0.0155
2657,E2C,2,6.7213,9.0,1,35.65,0.1272
2657,W2C,2,6.7039,8.0,1,35.74,0.1268
2658,N2C,1,13.0272,0.0,0,18.39,0.0184
2658,S2C,1,13.182,0.0,0,18.18,0.0162
2658,E2C,2,6.5936,10.0,1,36.34,0.1297
2658,W2C,2,6.5376,9.0,1,36.65,0.1299
2659,N2C,1,13.3026,0.0,0,18.01,0.0145
2659,S2C,1,12.8924,0.0,0,18.58,0.0204
2659,E2C,2,6.7186,11.0,1,35.66,0.1286
2659,W2C,2,6.6943,10.0,1,35.79,0.1283
2660,N2C,1,13.3826,0.0,0,17.9,0.0133
2660,S2C,1,13.1753,0.0,0,18.19,0.0163
2660,E2C,2,6.6951,12.0,1,35.79,0.1296
2660,W2C,2,6.7385,11.0,1,35.56,0.1283
2661,N2C,1,13.1926,0.0,0,18.16,0.016
2661,S2C,1,13.1096,0.0,0,18.28,0.0172
2661,E2C,2,6.3519,13.0,1,37.72,0.1352
2661,W2C,2,6.7098,12.0,1,35.71,0.1294
2662,N2C,1,12.9334,0.0,0,18.53,0.0198
2662,S2C,1,13.213,0.0,0,18.13,0.0157
2662,E2C,2,6.3344,14.0,1,37.83,0.1361
2662,W2C,2,6.578,13.0,1,36.42,0.132
2663,N2C,1,13.5241,0.0,0,17.72,0.0113
2663,S2C,1,13.3666,0.0,0,17.93,0.0135
2663,E2C,2,6.3538,15.0,1,37.71,0.1365
2663,W2C,2,6.8618,14.0,1,34.92,0.1285
2664,N2C,1,13.5005,0.0,0,17.75,0.0116
2664,S2C,1,13.1282,0.0,0,18.25,0.017
2664,E2C,2,6.0502,16.0,1,39.6,0.1416
2664,W2C,2,5.189,15.0,1,46.17,0.1533
2665,N2C,2,12.9622,0.0,0,18.48,0.0254
2665,S2C,2,13.2639,0.0,0,18.06,0.021
2665,E2C,3,7.1635,17.0,1,33.45,0.1322
2665,W2C,3,6.7674,16.0,1,35.41,0.1372
2666,N2C,1,13.3204,0.0,0,17.99,0.0142
2666,S2C,2,12.9791,0.0,0,18.46,0.0251
2666,E2C,3,5.4387,18.0,1,44.05,0.1577
2666,W2C,3,5.7054,17.0,1,42.0,0.1532
2667,N2C,1,13.8218,0.0,0,17.33,0.007
2667,S2C,1,13.8764,0.0,0,17.27,0.0062
2667,E2C,3,4.7904,19.0,1,50.02,0.1677
2667,W2C,3,4.5414,19.0,2,52.76,0.1773
2668,N2C,1,13.8457,0.0,0,17.31,0.0066
2668,S2C,1,13.6422,0.0,0,17.56,0.0096
2668,E2C,3,4.2701,21.0,2,56.11,0.1825
2668,W2C,3,4.5437,21.0,2,52.73,0.1786
2669,N2C,1,13.5769,0.0,0,17.65,0.0105
2669,S2C,1,13.5533,0.0,0,17.68,0.0108
2669,E2C,3,4.4166,23.0,2,54.25,0.1817
2669,W2C,3,4.217,23.0,2,56.82,0.1846
2670,N2C,1,13.8884,0.0,0,17.25,0.006
2670,S2C,1,13.4787,0.0,0,17.78,0.0119
2670,E2C,3,4.6019,25.0,2,52.07,0.1804
2670,W2C,3,4.5435,25.0,2,52.73,0.1812
2671,N2C,1,13.8098,0.0,0,17.35,0.0072
2671,S2C,1,13.3565,0.0,0,17.94,0.0137
2671,E2C,3,4.2644,27.0,2,56.19,0.1866
2671,W2C,3,4.5118,27.0,2,53.11,0.183
2672,N2C,1,13.3992,0.0,0,17.88,0.0131
2672,S2C,1,13.6903,0.0,0,17.5,0.0089
2672,E2C,3,4.2094,29.0,2,56.92,0.1887
2672,W2C,3,4.6087,29.0,2,51.99,0.183
2673,N2C,1,13.2962,0.0,0,18.02,0.0145
2673,S2C,1,13.7812,0.0,0,17.39,0.0076
2673,E2C,3,4.2162,31.0,2,56.83,0.19
2673,W2C,3,4.507,31.0,2,53.16,0.1858
2674,N2C,1,13.5479,0.0,0,17.69,0.0109
2674,S2C,1,13.4635,0.0,0,17.8,0.0121
2674,E2C,1,13.5768,0.0,0,17.65,0.0105
2674,W2C,1,13.4229,0.0,0,17.85,0.0127
2675,N2C,1,13.5125,0.0,0,17.73,0.0114
2675,S2C,1,13.5437,0.0,0,17.69,0.011
2675,E2C,1,13.3364,0.0,0,17.97,0.014
2675,W2C,1,13.4746,0.0,0,17.78,0.012
2676,N2C,1,13.6744,0.0,0,17.52,0.0091
2676,S2C,1,13.408,0.0,0,17.87,0.0129
2676,E2C,1,13.8017,0.0,0,17.36,0.0073
2676,W2C,1,13.7315,0.0,0,17.45,0.0083
2677,N2C,1,13.2866,0.0,0,18.03,0.0147
2677,S2C,1,13.4776,0.0,0,17.78,0.0119
2677,E2C,1,13.6039,0.0,0,17.61,0.0101
2677,W2C,1,13.5032,0.0,0,17.74,0.0116
2678,N2C,1,13.877,0.0,0,17.27,0.0062
2678,S2C,1,13.2989,0.0,0,18.02,0.0145
2678,E2C,1,13.8392,0.0,0,17.31,0.0067
2678,W2C,1,13.7081,0.0,0,17.48,0.0086
2679,N2C,1,13.635,0.0,0,17.57,0.0097
2679,S2C,1,13.2935,0.0,0,18.02,0.0146
2679,E2C,1,13.7214,0.0,0,17.46,0.0084
2679,W2C,1,13.5391,0.0,0,17.7,0.0111
2680,N2C,1,13.8235,0.0,0,17.33,0.007
2680,S2C,1,13.5406,0.0,0,17.69,0.011
2680,E2C,1,13.5251,0.0,0,17.72,0.0113
2680,W2C,1,13.38,0.0,0,17.91,0.0133
2681,N2C,1,13.6555,0.0,0,17.55,0.0094
2681,S2C,1,13.4694,0.0,0,17.79,0.0121
2681,E2C,1,13.7622,0.0,0,17.41,0.0078
2681,W2C,1,13.4855,0.0,0,17.77,0.0118
2682,N2C,1,12.5418,0.0,0,19.1,0.0254
2682,S2C,1,12.8357,0.0,0,18.67,0.0212
2682,E2C,1,13.7343,0.0,0,17.45,0.0082
2682,W2C,1,13.4656,0.0,0,17.79,0.0121
2683,N2C,2,10.0883,0.0,0,23.75,0.0667
2683,S2C,2,10.364,0.0,0,23.12,0.0628
2683,E2C,1,13.89,0.0,0,17.25,0.006
2683,W2C,1,12.9969,0.0,0,18.44,0.0189
2684,N2C,2,7.7156,0.0,0,31.05,0.1009
2684,S2C,2,7.6679,0.0,0,31.25,0.1016
2684,E2C,1,13.7925,0.0,0,17.37,0.0074
2684,W2C,1,12.5705,0.0,0,19.06,0.025
2685,N2C,2,6.4391,0.0,0,37.21,0.1193
2685,S2C,2,6.0453,0.0,0,39.63,0.125
2685,E2C,1,13.4274,0.0,0,17.84,0.0127
2685,W2C,1,12.5138,0.0,0,19.15,0.0258
2686,N2C,2,6.252,1.0,1,38.32,0.1286
2686,S2C,2,5.8539,1.0,1,40.93,0.1344
2686,E2C,1,13.702,0.0,0,17.49,0.0087
2686,W2C,1,12.7241,0.0,0,18.83,0.0228
2687,N2C,2,6.3633,2.0,1,37.65,0.1277
2687,S2C,2,6.1092,2.0,1,39.22,0.1314
2687,E2C,1,13.382,0.0,0,17.9,0.0133
2687,W2C,1,12.7695,0.0,0,18.76,0.0221
2688,N2C,2,6.4897,3.0,1,36.92,0.1266
2688,S2C,2,6.035,3.0,1,39.7,0.1331
2688,E2C,1,13.8405,0.0,0,17.31,0.0067
2688,W2C,1,12.9635,0.0,0,18.48,0.0193
2689,N2C,2,6.6402,4.0,1,36.08,0.1251
2689,S2C,2,5.9862,4.0,1,40.03,0.1345
2689,E2C,1,13.7802,0.0,0,17.39,0.0076
2689,W2C,1,12.7361,0.0,0,18.81,0.0226
2690,N2C,2,6.4923,5.0,1,36.91,0.1279
2690,S2C,2,6.1858,5.0,1,38.73,0.1323
2690,E2C,1,13.4196,0.0,0,17.85,0.0128
2690,W2C,1,12.4124,0.0,0,19.3,0.0273
2691,N2C,2,6.4386,6.0,1,37.21,0.1293
2691,S2C,2,5.9582,6.0,1,40.21,0.1362
2691,E2C,1,13.8037,0.0,0,17.36,0.0072
2691,W2C,1,12.3868,0.0,0,19.34,0.0276
2692,N2C,2,6.6353,7.0,1,36.11,0.1271
2692,S2C,2,5.9303,7.0,1,40.4,0.1373
2692,E2C,1,13.6944,0.0,0,17.5,0.0088
2692,W2C,1,12.9387,0.0,0,18.52,0.0197
2693,N2C,2,6.3354,8.0,1,37.82,0.1321
2693,S2C,2,6.3615,8.0,1,37.66,0.1317
2693,E2C,1,13.5612,0.0,0,17.67,0.0107
2693,W2C,1,12.6994,0.0,0,18.87,0.0231
2694,N2C,2,6.6375,9.0,1,36.1,0.1284
2694,S2C,2,5.8216,9.0,1,41.16,0.1402
2694,E2C,1,13.2773,0.0,0,18.05,0.0148
2694,W2C,1,12.4659,0.0,0,19.22,0.0265
2695,N2C,2,6.1529,10.0,1,38.94,0.1361
2695,S2C,2,6.0474,10.0,1,39.62,0.1376
2695,E2C,1,13.5904,0.0,0,17.63,0.0103
2695,W2C,1,12.9918,0.0,0,18.44,0.0189
2696,N2C,2,6.095,11.0,1,39.31,0.1376
2696,S2C,2,5.9326,11.0,1,40.39,0.1399
2696,E2C,1,13.6216,0.0,0,17.59,0.0099
2696,W2C,1,12.7895,0.0,0,18.73,0.0218
2697,N2C,2,6.4335,12.0,1,37.24,0.1334
2697,S2C,2,6.3616,12.0,1,37.66,0.1344
2697,E2C,1,13.285,0.0,0,18.04,0.0147
2697,W2C,1,12.5209,0.0,0,19.14,0.0257
2698,N2C,2,6.5848,13.0,1,36.39,0.1319
2698,S2C,2,6.215,13.0,1,38.55,0.1372
2698,E2C,1,13.7604,0.0,0,17.41,0.0079
2698,W2C,1,12.8694,0.0,0,18.62,0.0207
2699,N2C,2,6.6085,14.0,1,36.26,0.1322
2699,S2C,2,6.3782,14.0,1,37.57,0.1355
2699,E2C,1,13.7374,0.0,0,17.44,0.0082
2699,W2C,1,12.7566,0.0,0,18.78,0.0223
2700,N2C,2,6.379,15.0,1,37.56,0.1361
2700,S2C,2,6.373,15.0,1,37.6,0.1362
2700,E2C,1,13.8519,0.0,0,17.3,0.0065
2700,W2C,1,12.6232,0.0,0,18.98,0.0242
2701,N2C,3,7.7739,16.0,1,30.82,0.1227
2701,S2C,3,8.5804,16.0,1,27.92,0.1111
2701,E2C,1,13.89,0.0,0,17.25,0.006
2701,W2C,2,12.9004,0.0,0,18.57,0.0262
2702,N2C,3,5.8929,17.0,1,40.66,0.1505
2702,S2C,3,7.2824,17.0,1,32.9,0.1305
2702,E2C,1,13.4192,0.0,0,17.85,0.0128
2702,W2C,2,12.2774,0.0,0,19.52,0.0352
2703,N2C,3,4.4965,18.0,1,53.29,0.1713
2703,S2C,3,5.9965,18.0,1,39.96,0.1497
2703,E2C,1,13.8107,0.0,0,17.35,0.0071
2703,W2C,2,12.4937,0.0,0,19.18,0.0321
2704,N2C,3,4.3351,20.0,2,55.27,0.1809
2704,S2C,3,4.7868,19.0,1,50.05,0.1677
2704,E2C,1,13.6555,0.0,0,17.55,0.0094
2704,W2C,1,13.7014,0.0,0,17.49,0.0087
2705,N2C,3,4.5746,22.0,2,52.38,0.1788
2705,S2C,3,4.6551,20.0,1,51.47,0.1703
2705,E2C,1,13.7617,0.0,0,17.41,0.0078
2705,W2C,1,13.8845,0.0,0,17.26,0.0061
2706,N2C,3,4.2782,24.0,2,56.01,0.1844
2706,S2C,3,4.4438,22.0,2,53.92,0.1807
2706,E2C,1,13.8259,0.0,0,17.33,0.0069
2706,W2C,1,13.428,0.0,0,17.84,0.0127
2707,N2C,1,13.7914,0.0,0,17.37,0.0074
2707,S2C,1,13.6854,0.0,0,17.51,0.0089
2707,E2C,1,13.2887,0.0,0,18.03,0.0147
2707,W2C,1,13.6061,0.0,0,17.61,0.0101
2708,N2C,1,13.7061,0.0,0,17.48,0.0086
2708,S2C,1,13.684,0.0,0,17.51,0.009
2708,E2C,1,13.6678,0.0,0,17.53,0.0092
2708,W2C,1,13.5857,0.0,0,17.64,0.0104
2709,N2C,1,13.3938,0.0,0,17.89,0.0131
2709,S2C,1,13.3171,0.0,0,17.99,0.0142
2709,E2C,1,13.8669,0.0,0,17.28,0.0063
2709,W2C,1,13.4911,0.0,0,17.76,0.0117
2710,N2C,1,13.4489,0.0,0,17.82,0.0124
2710,S2C,1,13.5193,0.0,0,17.72,0.0113
2710,E2C,1,13.84,0.0,0,17.31,0.0067
2710,W2C,1,13.2955,0.0,0,18.02,0.0146
2711,N2C,1,13.8485,0.0,0,17.3,0.0066
2711,S2C,1,13.556,0.0,0,17.67,0.0108
2711,E2C,1,13.3937,0.0,0,17.89,0.0131
2711,W2C,1,13.8219,0.0,0,17.33,0.007
2712,N2C,1,13.2893,0.0,0,18.03,0.0147
2712,S2C,1,13.3287,0.0,0,17.98,0.0141
2712,E2C,1,13.5824,0.0,0,17.64,0.0104
2712,W2C,1,13.7021,0.0,0,17.49,0.0087
2713,N2C,1,13.3066,0.0,0,18.01,0.0144
2713,S2C,1,13.2007,0.0,0,18.15,0.0159
2713,E2C,1,13.3392,0.0,0,17.96,0.0139
2713,W2C,1,13.5675,0.0,0,17.66,0.0106
2714,N2C,1,13.694,0.0,0,17.5,0.0088
2714,S2C,1,13.8142,0.0,0,17.34,0.0071
2714,E2C,1,13.7869,0.0,0,17.38,0.0075
2714,W2C,1,13.726,0.0,0,17.46,0.0084
2715,N2C,1,13.5538,0.0,0,17.68,0.0108
2715,S2C,1,13.6682,0.0,0,17.53,0.0092
2715,E2C,1,13.8563,0.0,0,17.29,0.0065
2715,W2C,1,13.4604,0.0,0,17.8,0.0122
2716,N2C,1,13.3705,0.0,0,17.92,0.0135
2716,S2C,1,13.6273,0.0,0,17.58,0.0098
2716,E2C,1,13.8847,0.0,0,17.26,0.0061
2716,W2C,1,13.6435,0.0,0,17.56,0.0095
2717,N2C,1,13.7945,0.0,0,17.37,0.0074
2717,S2C,1,13.5012,0.0,0,17.75,0.0116
2717,E2C,1,13.7278,0.0,0,17.45,0.0083
2717,W2C,1,13.5719,0.0,0,17.65,0.0106
2718,N2C,1,13.3476,0.0,0,17.95,0.0138
2718,S2C,1,13.3453,0.0,0,17.95,0.0138
2718,E2C,1,12.1788,0.0,0,19.67,0.0306
2718,W2C,1,12.2097,0.0,0,19.62,0.0302
2719,N2C,1,13.174,0.0,0,18.19,0.0163
2719,S2C,1,13.3281,0.0,0,17.98,0.0141
2719,E2C,2,9.5815,0.0,0,25.01,0.074
2719,W2C,2,10.1152,0.0,0,23.69,0.0664
2720,N2C,1,12.9312,0.0,0,18.53,0.0198
2720,S2C,1,13.1397,0.0,0,18.23,0.0168
2720,E2C,2,6.9635,0.0,0,34.41,0.1117
2720,W2C,2,7.5818,0.0,0,31.6,0.1028
2721,N2C,1,12.5391,0.0,0,19.11,0.0255
2721,S2C,1,12.951,0.0,0,18.5,0.0195
2721,E2C,2,6.5617,0.0,0,36.52,0.1175
2721,W2C,2,6.3682,1.0,1,37.62,0.127
2722,N2C,1,13.1494,0.0,0,18.22,0.0167
2722,S2C,1,13.1187,0.0,0,18.26,0.0171
2722,E2C,2,6.4863,1.0,1,36.94,0.1253
2722,W2C,2,6.0888,2.0,1,39.35,0.1317
2723,N2C,1,13.0987,0.0,0,18.29,0.0174
2723,S2C,1,12.8876,0.0,0,18.59,0.0204
2723,E2C,2,6.4675,2.0,1,37.05,0.1262
2723,W2C,2,6.3752,3.0,1,37.58,0.1282
2724,N2C,1,12.8829,0.0,0,18.6,0.0205
2724,S2C,1,12.9464,0.0,0,18.51,0.0196
2724,E2C,2,6.1111,3.0,1,39.21,0.132
2724,W2C,2,5.9762,4.0,1,40.09,0.1346
2725,N2C,1,13.11,0.0,0,18.28,0.0172
2725,S2C,1,13.0938,0.0,0,18.3,0.0175
2725,E2C,2,6.4903,4.0,1,36.92,0.1272
2725,W2C,2,6.123,5.0,1,39.13,0.1332
2726,N2C,1,13.105,0.0,0,18.28,0.0173
2726,S2C,1,13.1309,0.0,0,18.25,0.0169
2726,E2C,2,6.5784,5.0,1,36.42,0.1266
2726,W2C,2,6.2044,6.0,1,38.62,0.1327
2727,N2C,1,13.0077,0.0,0,18.42,0.0187
2727,S2C,1,13.1179,0.0,0,18.27,0.0171
2727,E2C,2,6.0907,6.0,1,39.34,0.1343
2727,W2C,2,6.2683,7.0,1,38.22,0.1324
2728,N2C,1,12.6088,0.0,0,19.0,0.0244
2728,S2C,1,13.1564,0.0,0,18.21,0.0166
2728,E2C,2,6.1407,7.0,1,39.02,0.1342
2728,W2C,2,6.099,8.0,1,39.29,0.1355
2729,N2C,1,12.8121,0.0,0,18.7,0.0215
2729,S2C,1,13.1285,0.0,0,18.25,0.017
2729,E2C,2,6.0215,8.0,1,39.79,0.1366
2729,W2C,2,5.9527,9.0,1,40.25,0.1383
2730,N2C,1,12.596,0.0,0,19.02,0.0246
2730,S2C,1,13.2334,0.0,0,18.11,0.0155
2730,E2C,2,6.5529,9.0,1,36.56,0.1296
2730,W2C,2,5.9898,10.0,1,40.0,0.1384
2731,N2C,1,13.1658,0.0,0,18.2,0.0164
2731,S2C,1,13.2939,0.0,0,18.02,0.0146
2731,E2C,2,6.0572,10.0,1,39.56,0.1375
2731,W2C,2,6.2445,11.0,1,38.37,0.1354
2732,N2C,1,12.716,0.0,0,18.84,0.0229
2732,S2C,1,13.0831,0.0,0,18.31,0.0176
2732,E2C,2,6.3906,11.0,1,37.49,0.1333
2732,W2C,2,6.1648,12.0,1,38.87,0.1372
2733,N2C,1,12.6579,0.0,0,18.93,0.0237
2733,S2C,1,12.9627,0.0,0,18.48,0.0194
2733,E2C,2,6.3283,12.0,1,37.86,0.1349
2733,W2C,2,6.0111,13.0,1,39.86,0.1401
2734,N2C,1,12.5369,0.0,0,19.11,0.0255
2734,S2C,1,12.718,0.0,0,18.84,0.0229
2734,E2C,2,6.3914,13.0,1,37.49,0.1346
2734,W2C,2,6.2457,14.0,1,38.36,0.1374
2735,N2C,1,12.946,0.0,0,18.51,0.0196
2735,S2C,1,12.7206,0.0,0,18.84,0.0228
2735,E2C,2,6.1791,14.0,1,38.78,0.1384
2735,W2C,2,6.1414,15.0,1,39.01,0.1396
2736,N2C,1,13.1001,0.0,0,18.29,0.0174
2736,S2C,1,12.8283,0.0,0,18.68,0.0213
2736,E2C,2,5.9743,15.0,1,40.11,0.142
2736,W2C,2,5.9947,16.0,1,39.97,0.1423
2737,N2C,2,12.2087,0.0,0,19.63,0.0362
2737,S2C,2,13.0127,0.0,0,18.41,0.0246
2737,E2C,3,8.1704,16.0,1,29.33,0.117
2737,W2C,3,8.6829,17.0,1,27.59,0.1103
2738,N2C,2,11.6486,0.0,0,20.57,0.0443
2738,S2C,2,11.4929,0.0,0,20.85,0.0465
2738,E2C,3,6.6573,17.0,1,35.99,0.1395
2738,W2C,3,7.0134,18.0,1,34.16,0.135
2739,N2C,2,9.6195,0.0,0,24.91,0.0735
2739,S2C,2,9.0703,0.0,0,26.42,0.0814
2739,E2C,3,5.3846,18.0,1,44.5,0.1585
2739,W2C,3,5.6225,19.0,1,42.61,0.1557
2740,N2C,2,7.4078,0.0,0,32.34,0.1053
2740,S2C,2,6.8721,0.0,0,34.87,0.113
2740,E2C,1,13.3802,0.0,0,17.91,0.0133
2740,W2C,1,13.8563,0.0,0,17.29,0.0065
2741,N2C,2,6.4738,0.0,0,37.01,0.1188
2741,S2C,2,6.5398,0.0,0,36.64,0.1178
2741,E2C,1,13.6164,0.0,0,17.6,0.0099
2741,W2C,1,13.3747,0.0,0,17.91,0.0134
2742,N2C,2,6.4665,0.0,0,37.05,0.1189
2742,S2C,2,6.5202,0.0,0,36.75,0.1181
2742,E2C,1,13.8328,0.0,0,17.32,0.0068
2742,W2C,1,13.8391,0.0,0,17.31,0.0067
2743,N2C,2,6.1404,1.0,1,39.02,0.1303
2743,S2C,2,6.933,1.0,1,34.56,0.1188
2743,E2C,1,13.4276,0.0,0,17.84,0.0127
2743,W2C,1,13.8476,0.0,0,17.3,0.0066
2744,N2C,2,6.4587,2.0,1,37.1,0.1263
2744,S2C,2,6.5108,2.0,1,36.8,0.1256
2744,E2C,1,13.7014,0.0,0,17.49,0.0087
2744,W2C,1,13.3522,0.0,0,17.94,0.0137
2745,N2C,2,5.8819,3.0,1,40.74,0.1353
2745,S2C,2,6.4776,3.0,1,36.99,0.1267
2745,E2C,1,13.8478,0.0,0,17.3,0.0066
2745,W2C,1,13.2837,0.0,0,18.04,0.0147
2746,N2C,2,6.3158,4.0,1,37.94,0.1297
2746,S2C,2,6.564,4.0,1,36.5,0.1262
2746,E2C,1,13.5951,0.0,0,17.62,0.0102
2746,W2C,1,13.8565,0.0,0,17.29,0.0065
2747,N2C,2,5.7996,5.0,1,41.31,0.1378
2747,S2C,2,6.8423,5.0,1,35.02,0.1228
2747,E2C,1,13.5519,0.0,0,17.68,0.0109
2747,W2C,1,13.5578,0.0,0,17.67,0.0108
2748,N2C,2,5.9359,6.0,1,40.36,0.1365
2748,S2C,2,6.7916,6.0,1,35.28,0.1242
2748,E2C,1,13.461,0.0,0,17.8,0.0122
2748,W2C,1,13.4766,0.0,0,17.78,0.012
2749,N2C,2,5.9449,7.0,1,40.3,0.1371
2749,S2C,2,6.3052,7.0,1,38.0,0.1319
2749,E2C,1,13.7711,0.0,0,17.4,0.0077
2749,W2C,1,13.5757,0.0,0,17.65,0.0105
2750,N2C,2,5.954,8.0,1,40.24,0.1376
2750,S2C,2,6.7374,8.0,1,35.56,0.1263
2750,E2C,1,13.6999,0.0,0,17.49,0.0087
2750,W2C,1,13.8324,0.0,0,17.32,0.0068
2751,N2C,2,6.138,9.0,1,39.04,0.1356
2751,S2C,2,6.4857,9.0,1,36.94,0.1306
2751,E2C,1,13.7999,0.0,0,17.36,0.0073
2751,W2C,1,13.871,0.0,0,17.27,0.0063
2752,N2C,2,6.1701,10.0,1,38.83,0.1358
2752,S2C,2,6.8767,10.0,1,34.84,0.1256
2752,E2C,1,13.3638,0.0,0,17.93,0.0136
2752,W2C,1,13.7482,0.0,0,17.43,0.008
2753,N2C,2,6.2232,11.0,1,38.5,0.1357
2753,S2C,2,6.6952,11.0,1,35.79,0.1289
2753,E2C,1,13.8481,0.0,0,17.3,0.0066
2753,W2C,1,13.6132,0.0,0,17.6,0.01
2754,N2C,2,5.8023,12.0,1,41.29,0.1425
2754,S2C,2,5.4299,12.0,1,44.13,0.1478
2754,E2C,1,13.4445,0.0,0,17.82,0.0124
2754,W2C,1,13.6416,0.0,0,17.56,0.0096
2755,N2C,3,8.5861,13.0,1,27.91,0.109
2755,S2C,3,6.6576,13.0,1,35.99,0.1368
2755,E2C,1,13.89,0.0,0,17.25,0.006
2755,W2C,1,13.8733,0.0,0,17.27,0.0062
2756,N2C,3,7.3608,14.0,1,32.55,0.1273
2756,S2C,3,5.4312,14.0,1,44.12,0.1551
2756,E2C,1,13.3595,0.0,0,17.93,0.0136
2756,W2C,1,13.65,0.0,0,17.55,0.0095
2757,N2C,3,6.1294,15.0,1,39.09,0.1457
2757,S2C,3,4.5556,15.0,1,52.6,0.1684
2757,E2C,1,13.317,0.0,0,17.99,0.0142
2757,W2C,1,13.8081,0.0,0,17.35,0.0072
2758,N2C,3,4.3099,16.0,1,55.59,0.1726
2758,S2C,3,4.335,16.0,1,55.27,0.1722
2758,E2C,1,13.6372,0.0,0,17.57,0.0096
2758,W2C,1,13.2396,0.0,0,18.1,0.0154
2759,N2C,3,4.5727,18.0,2,52.4,0.1762
2759,S2C,3,4.2439,18.0,2,56.46,0.1809
2759,E2C,1,13.7582,0.0,0,17.42,0.0079
2759,W2C,1,13.6246,0.0,0,17.59,0.0098
2760,N2C,3,4.3648,20.0,2,54.89,0.1805
2760,S2C,3,4.4476,20.0,2,53.87,0.1793
2760,E2C,1,13.4524,0.0,0,17.81,0.0123
2760,W2C,1,13.862,0.0,0,17.28,0.0064
2761,N2C,3,4.5606,22.0,2,52.54,0.179
2761,S2C,3,4.1082,22.0,2,58.32,0.1855
2761,E2C,1,13.3168,0.0,0,17.99,0.0143
2761,W2C,1,13.3783,0.0,0,17.91,0.0134
2762,N2C,3,4.4004,24.0,2,54.45,0.1826
2762,S2C,3,4.3092,24.0,2,55.6,0.184
2762,E2C,1,13.6879,0.0,0,17.5,0.0089
2762,W2C,1,13.2788,0.0,0,18.04,0.0148
2763,N2C,3,4.3825,26.0,2,54.67,0.1842
2763,S2C,3,4.0685,26.0,2,58.89,0.1888
2763,E2C,1,13.2422,0.0,0,18.09,0.0153
2763,W2C,1,13.7135,0.0,0,17.47,0.0085
2764,N2C,3,4.5311,28.0,2,52.88,0.1834
2764,S2C,3,4.3116,28.0,2,55.57,0.1866
2764,E2C,1,13.2785,0.0,0,18.04,0.0148
2764,W2C,1,13.866,0.0,0,17.28,0.0063
2765,N2C,3,4.5272,30.0,2,52.92,0.1848
2765,S2C,3,4.1042,30.0,2,58.38,0.1909
2765,E2C,1,13.6617,0.0,0,17.54,0.0093
2765,W2C,1,13.5775,0.0,0,17.65,0.0105
2766,N2C,3,4.3626,32.0,2,54.92,0.1885
2766,S2C,3,4.171,32.0,2,57.44,0.1913
2766,E2C,1,13.3281,0.0,0,17.98,0.0141
2766,W2C,1,13.3504,0.0,0,17.95,0.0138
2767,N2C,3,4.2112,34.0,2,56.9,0.192
2767,S2C,3,4.2189,34.0,2,56.79,0.1919
2767,E2C,1,13.5514,0.0,0,17.68,0.0109
2767,W2C,1,13.3821,0.0,0,17.9,0.0133
2768,N2C,3,4.5432,36.0,2,52.74,0.1886
2768,S2C,3,4.1924,36.0,2,57.15,0.1936
2768,E2C,1,13.5261,0.0,0,17.71,0.0112
2768,W2C,1,13.2622,0.0,0,18.07,0.015
2769,N2C,3,4.2561,38.0,2,56.3,0.1941
2769,S2C,3,4.3443,38.0,2,55.15,0.1928
2769,E2C,1,13.7638,0.0,0,17.41,0.0078
2769,W2C,1,13.82,0.0,0,17.34,0.007
2770,N2C,3,4.5099,40.0,2,53.13,0.1917
2770,S2C,3,4.3477,40.0,2,55.11,0.1941
2770,E2C,1,13.3558,0.0,0,17.94,0.0137
2770,W2C,1,13.5671,0.0,0,17.66,0.0106
2771,N2C,3,4.2548,42.0,2,56.31,0.1967
2771,S2C,3,4.2083,42.0,2,56.93,0.1974
2771,E2C,1,13.6584,0.0,0,17.54,0.0093
2771,W2C,1,13.7993,0.0,0,17.36,0.0073
2772,N2C,3,3.0273,44.0,2,79.15,0.2157
2772,S2C,3,4.0351,44.0,2,59.38,0.2012
2772,E2C,1,13.2161,0.0,0,18.13,0.0157
2772,W2C,1,12.3337,0.0,0,19.43,0.0284
2773,N2C,2,9.2359,0.0,0,25.94,0.079
2773,S2C,2,10.7476,0.0,0,22.29,0.0572
2773,E2C,2,10.9328,0.0,0,21.92,0.0546
2773,W2C,2,9.8463,0.0,0,24.33,0.0702
2774,N2C,2,8.2744,0.0,0,28.96,0.0929
2774,S2C,2,9.1196,0.0,0,26.27,0.0807
2774,E2C,2,8.3904,0.0,0,28.56,0.0912
2774,W2C,2,7.4885,0.0,0,32.0,0.1042
2775,N2C,2,8.0728,0.0,0,29.68,0.0958
2775,S2C,2,8.8665,0.0,0,27.02,0.0843
2775,E2C,2,6.3419,1.0,1,37.78,0.1274
2775,W2C,2,6.4595,0.0,0,37.09,0.119
2776,N2C,1,13.3211,0.0,0,17.99,0.0142
2776,S2C,1,13.8232,0.0,0,17.33,0.007
2776,E2C,2,6.8216,2.0,1,35.12,0.1211
2776,W2C,2,5.8518,0.0,0,40.94,0.1277
2777,N2C,1,13.2449,0.0,0,18.09,0.0153
2777,S2C,1,13.3084,0.0,0,18.0,0.0144
2777,E2C,2,6.5809,3.0,1,36.41,0.1252
2777,W2C,2,6.1463,1.0,1,38.98,0.1302
2778,N2C,1,13.4944,0.0,0,17.76,0.0117
2778,S2C,1,13.5388,0.0,0,17.7,0.0111
2778,E2C,2,6.7851,4.0,1,35.31,0.123
2778,W2C,2,6.2361,2.0,1,38.42,0.1295
2779,N2C,1,13.8699,0.0,0,17.27,0.0063
2779,S2C,1,13.6178,0.0,0,17.59,0.0099
2779,E2C,2,6.7062,5.0,1,35.73,0.1248
2779,W2C,2,5.6747,3.0,1,42.22,0.1383
2780,N2C,1,13.7279,0.0,0,17.45,0.0083
2780,S2C,1,13.6647,0.0,0,17.53,0.0092
2780,E2C,2,6.8348,6.0,1,35.06,0.1236
2780,W2C,2,6.0412,4.0,1,39.66,0.1337
2781,N2C,1,13.8511,0.0,0,17.3,0.0066
2781,S2C,1,13.3605,0.0,0,17.93,0.0136
2781,E2C,2,6.9089,7.0,1,34.68,0.1232
2781,W2C,2,5.6328,5.0,1,42.54,0.1402
2782,N2C,1,13.2849,0.0,0,18.04,0.0147
2782,S2C,1,13.2435,0.0,0,18.09,0.0153
2782,E2C,2,6.292,8.0,1,38.08,0.1327
2782,W2C,2,6.1229,6.0,1,39.13,0.1338
2783,N2C,1,13.5901,0.0,0,17.63,0.0103
2783,S2C,1,13.7174,0.0,0,17.47,0.0085
2783,E2C,2,6.6041,9.0,1,36.28,0.1289
2783,W2C,2,5.6715,7.0,1,42.25,0.141
2784,N2C,1,13.6312,0.0,0,17.58,0.0097
2784,S2C,1,13.5288,0.0,0,17.71,0.0112
2784,E2C,2,6.6417,10.0,1,36.08,0.129
2784,W2C,2,5.9774,8.0,1,40.08,0.1373
2785,N2C,1,13.5891,0.0,0,17.63,0.0103
2785,S2C,1,13.405,0.0,0,17.87,0.013
2785,E2C,2,6.4651,11.0,1,37.06,0.1322
2785,W2C,2,5.763,9.0,1,41.58,0.141
2786,N2C,1,13.3071,0.0,0,18.01,0.0144
2786,S2C,1,13.8196,0.0,0,17.34,0.007
2786,E2C,2,6.6015,12.0,1,36.3,0.1309
2786,W2C,2,5.6872,10.0,1,42.13,0.1428
2787,N2C,1,13.5209,0.0,0,17.72,0.0113
2787,S2C,1,13.7136,0.0,0,17.47,0.0085
2787,E2C,2,6.4953,13.0,1,36.89,0.1331
2787,W2C,2,6.135,11.0,1,39.05,0.137
2788,N2C,1,13.3539,0.0,0,17.94,0.0137
2788,S2C,1,13.8061,0.0,0,17.35,0.0072
2788,E2C,2,6.669,14.0,1,35.93,0.1313
2788,W2C,2,5.745,12.0,1,41.71,0.1433
2789,N2C,1,13.6173,0.0,0,17.6,0.0099
2789,S2C,1,13.7685,0.0,0,17.4,0.0077
2789,E2C,2,6.6694,15.0,1,35.93,0.132
2789,W2C,2,6.0868,13.0,1,39.36,0.139
2790,N2C,1,13.5615,0.0,0,17.67,0.0107
2790,S2C,1,13.4355,0.0,0,17.83,0.0125
2790,E2C,2,5.3743,16.0,1,44.58,0.1513
2790,W2C,2,5.8724,14.0,1,40.8,0.1428
2791,N2C,1,13.89,0.0,0,17.25,0.006
2791,S2C,1,13.89,0.0,0,17.25,0.006
2791,E2C,3,7.1123,17.0,1,33.69,0.1329
2791,W2C,3,8.7015,15.0,1,27.54,0.1087
2792,N2C,1,13.257,0.0,0,18.07,0.0151
2792,S2C,1,13.7137,0.0,0,17.47,0.0085
2792,E2C,3,5.6111,18.0,1,42.7,0.1552
2792,W2C,3,8.0317,16.0,1,29.83,0.119
2793,N2C,1,13.5053,0.0,0,17.74,0.0115
2793,S2C,1,13.7947,0.0,0,17.37,0.0074
2793,E2C,3,4.3851,19.0,1,54.64,0.1735
2793,W2C,3,6.9636,17.0,1,34.41,0.1351
2794,N2C,1,13.2889,0.0,0,18.03,0.0147
2794,S2C,1,13.8471,0.0,0,17.3,0.0066
2794,E2C,3,4.499,21.0,2,53.26,0.1792
2794,W2C,3,5.3145,18.0,1,45.08,0.1595
2795,N2C,1,13.8075,0.0,0,17.35,0.0072
2795,S2C,1,13.6927,0.0,0,17.5,0.0088
2795,E2C,3,4.2195,23.0,2,56.78,0.1846
2795,W2C,3,4.4528,20.0,2,53.81,0.1792
2796,N2C,1,13.8851,0.0,0,17.26,0.0061
2796,S2C,1,13.2464,0.0,0,18.09,0.0153
2796,E2C,3,4.6153,25.0,2,51.91,0.1802
2796,W2C,3,4.5456,22.0,2,52.71,0.1792
2797,N2C,1,13.487,0.0,0,17.77,0.0118
2797,S2C,1,13.7876,0.0,0,17.38,0.0075
2797,E2C,3,4.6124,27.0,2,51.95,0.1816
2797,W2C,3,4.5628,24.0,2,52.51,0.1803
2798,N2C,1,13.5256,0.0,0,17.71,0.0112
2798,S2C,1,13.4932,0.0,0,17.76,0.0117
2798,E2C,3,4.3135,29.0,2,55.55,0.1872
2798,W2C,3,4.3307,26.0,2,55.33,0.185
2799,N2C,1,13.7186,0.0,0,17.47,0.0085
2799,S2C,1,13.3496,0.0,0,17.95,0.0138
2799,E2C,3,4.5026,31.0,2,53.21,0.1858
2799,W2C,3,4.4476,28.0,2,53.87,0.1846
2800,N2C,1,13.7295,0.0,0,17.45,0.0083
2800,S2C,1,13.6805,0.0,0,17.51,0.009
2800,E2C,3,4.3071,33.0,2,55.63,0.19
2800,W2C,3,4.3469,30.0,2,55.12,0.1874
2801,N2C,1,13.5394,0.0,0,17.7,0.011
2801,S2C,1,13.5737,0.0,0,17.65,0.0106
2801,E2C,3,4.6203,35.0,2,51.86,0.1868
2801,W2C,3,4.2945,32.0,2,55.79,0.1895
2802,N2C,1,13.294,0.0,0,18.02,0.0146
2802,S2C,1,13.3842,0.0,0,17.9,0.0133
2802,E2C,3,4.3532,37.0,2,55.04,0.192
2802,W2C,3,4.2383,34.0,2,56.53,0.1916
2803,N2C,1,13.3084,0.0,0,18.0,0.0144
2803,S2C,1,13.3367,0.0,0,17.97,0.014
2803,E2C,3,4.4687,39.0,2,53.62,0.1917
2803,W2C,3,4.2425,36.0,2,56.48,0.1929
2804,N2C,1,13.6642,0.0,0,17.53,0.0093
2804,S2C,1,13.7637,0.0,0,17.41,0.0078
2804,E2C,3,4.3398,41.0,2,55.21,0.1948
2804,W2C,3,4.4652,38.0,2,53.66,0.191
2805,N2C,1,13.3364,0.0,0,17.97,0.014
2805,S2C,1,13.4472,0.0,0,17.82,0.0124
2805,E2C,3,4.4826,43.0,2,53.45,0.1941
2805,W2C,3,4.2916,40.0,2,55.83,0.1949
2806,N2C,1,13.4049,0.0,0,17.87,0.013
2806,S2C,1,13.7566,0.0,0,17.42,0.0079
2806,E2C,1,13.7189,0.0,0,17.46,0.0085
2806,W2C,1,13.6398,0.0,0,17.57,0.0096
2807,N2C,1,13.5797,0.0,0,17.64,0.0105
2807,S2C,1,13.7033,0.0,0,17.48,0.0087
2807,E2C,1,13.7211,0.0,0,17.46,0.0084
2807,W2C,1,13.4305,0.0,0,17.84,0.0126
2808,N2C,1,12.8542,0.0,0,18.64,0.0209
2808,S2C,1,12.599,0.0,0,19.02,0.0246
2808,E2C,1,12.4528,0.0,0,19.24,0.0267
2808,W2C,1,12.0257,0.0,0,19.92,0.0328
2809,N2C,2,10.9229,0.0,0,21.94,0.0547
2809,S2C,2,10.462,0.0,0,22.9,0.0614
2809,E2C,2,11.9353,0.0,0,20.07,0.0401
2809,W2C,2,10.8513,0.0,0,22.08,0.0558
2810,N2C,2,8.6349,0.0,0,27.75,0.0877
2810,S2C,2,7.5636,0.0,0,31.68,0.1031
2810,E2C,1,13.7956,0.0,0,17.37,0.0074
2810,W2C,1,12.8444,0.0,0,18.65,0.0211
2811,N2C,2,6.9712,1.0,1,34.37,0.1183
2811,S2C,2,6.5648,0.0,0,36.5,0.1175
2811,E2C,1,13.4143,0.0,0,17.86,0.0128
2811,W2C,1,13.1355,0.0,0,18.24,0.0169
2812,N2C,2,6.8475,2.0,1,34.99,0.1207
2812,S2C,2,6.5127,1.0,1,36.79,0.1249
2812,E2C,1,13.5003,0.0,0,17.75,0.0116
2812,W2C,1,12.9636,0.0,0,18.48,0.0193
2813,N2C,2,6.5201,3.0,1,36.75,0.1261
2813,S2C,2,6.5851,2.0,1,36.39,0.1245
2813,E2C,1,13.638,0.0,0,17.57,0.0096
2813,W2C,1,13.0327,0.0,0,18.38,0.0183
2814,N2C,2,6.5072,4.0,1,36.82,0.127
2814,S2C,2,6.6063,3.0,1,36.27,0.1249
2814,E2C,1,13.8573,0.0,0,17.29,0.0065
2814,W2C,1,13.1453,0.0,0,18.23,0.0167
2815,N2C,2,6.9066,5.0,1,34.69,0.1219
2815,S2C,2,6.9157,4.0,1,34.65,0.1211
2815,E2C,1,13.836,0.0,0,17.32,0.0068
2815,W2C,1,13.0502,0.0,0,18.36,0.0181
2816,N2C,2,6.404,6.0,1,37.41,0.1298
2816,S2C,2,6.6919,5.0,1,35.8,0.125
2816,E2C,1,13.8153,0.0,0,17.34,0.0071
2816,W2C,1,12.6135,0.0,0,19.0,0.0244
2817,N2C,2,6.4216,7.0,1,37.31,0.1302
2817,S2C,2,6.394,6.0,1,37.47,0.1299
2817,E2C,1,13.3859,0.0,0,17.9,0.0133
2817,W2C,1,12.716,0.0,0,18.84,0.0229
2818,N2C,2,6.7707,8.0,1,35.39,0.1258
2818,S2C,2,6.7751,7.0,1,35.36,0.1251
2818,E2C,1,13.6492,0.0,0,17.55,0.0095
2818,W2C,1,12.9133,0.0,0,18.55,0.0201
2819,N2C,2,6.7808,9.0,1,35.34,0.1264
2819,S2C,2,6.7812,8.0,1,35.33,0.1257
2819,E2C,1,13.2656,0.0,0,18.06,0.015
2819,W2C,1,12.9219,0.0,0,18.54,0.0199
2820,N2C,2,6.3711,10.0,1,37.61,0.1329
2820,S2C,2,6.895,9.0,1,34.75,0.1247
2820,E2C,1,13.5479,0.0,0,17.69,0.0109
2820,W2C,1,12.8578,0.0,0,18.63,0.0209
2821,N2C,2,6.8761,11.0,1,34.85,0.1263
2821,S2C,2,6.4956,10.0,1,36.89,0.1311
2821,E2C,1,13.4293,0.0,0,17.84,0.0126
2821,W2C,1,12.8379,0.0,0,18.66,0.0211
2822,N2C,2,6.4961,12.0,1,36.88,0.1325
2822,S2C,2,6.4632,11.0,1,37.07,0.1323
2822,E2C,1,13.8717,0.0,0,17.27,0.0063
2822,W2C,1,12.7208,0.0,0,18.84,0.0228
2823,N2C,2,6.4297,13.0,1,37.26,0.1341
2823,S2C,2,6.771,12.0,1,35.39,0.1285
2823,E2C,1,13.8784,0.0,0,17.26,0.0062
2823,W2C,1,13.1919,0.0,0,18.16,0.0161
2824,N2C,2,6.4687,14.0,1,37.04,0.1342
2824,S2C,2,6.9243,13.0,1,34.6,0.127
2824,E2C,1,13.3448,0.0,0,17.95,0.0139
2824,W2C,1,12.7119,0.0,0,18.85,0.023
2825,N2C,2,6.8052,15.0,1,35.21,0.13
2825,S2C,2,6.8652,14.0,1,34.9,0.1285
2825,E2C,1,13.3666,0.0,0,17.93,0.0135
2825,W2C,1,12.779,0.0,0,18.75,0.022
2826,N2C,2,5.2853,16.0,1,45.33,0.1526
2826,S2C,2,5.2798,15.0,1,45.38,0.152
2826,E2C,1,13.5747,0.0,0,17.65,0.0105
2826,W2C,1,12.8437,0.0,0,18.66,0.0211
2827,N2C,3,6.8333,17.0,1,35.06,0.1369
2827,S2C,3,6.259,16.0,1,38.28,0.1445
2827,E2C,1,13.89,0.0,0,17.25,0.006
2827,W2C,1,12.6697,0.0,0,18.91,0.0236
2828,N2C,3,5.3039,18.0,1,45.17,0.1596
2828,S2C,3,4.9605,17.0,1,48.3,0.1639
2828,E2C,1,13.8783,0.0,0,17.26,0.0062
2828,W2C,2,12.6498,0.0,0,18.94,0.0299
2829,N2C,3,3.9814,20.0,2,60.18,0.186
2829,S2C,3,4.2745,18.0,1,56.05,0.1745
2829,E2C,1,13.3495,0.0,0,17.95,0.0138
2829,W2C,1,13.6256,0.0,0,17.58,0.0098
2830,N2C,3,4.1401,22.0,2,57.87,0.1851
2830,S2C,3,4.1237,19.0,1,58.1,0.1773
2830,E2C,1,13.6029,0.0,0,17.61,0.0101
2830,W2C,1,13.6135,0.0,0,17.6,0.01
2831,N2C,3,4.0852,24.0,2,58.65,0.1872
2831,S2C,3,4.136,21.0,2,57.93,0.1844
2831,E2C,1,13.543,0.0,0,17.69,0.011
2831,W2C,1,13.5555,0.0,0,17.68,0.0108
2832,N2C,3,4.1486,26.0,2,57.75,0.1876
2832,S2C,3,4.1219,23.0,2,58.13,0.186
2832,E2C,1,13.34,0.0,0,17.96,0.0139
2832,W2C,1,13.6068,0.0,0,17.61,0.0101
2833,N2C,3,4.0405,28.0,2,59.3,0.1905
2833,S2C,3,4.0297,25.0,2,59.46,0.1886
2833,E2C,1,13.6652,0.0,0,17.53,0.0092
2833,W2C,1,13.5656,0.0,0,17.66,0.0107
2834,N2C,3,3.8562,30.0,2,62.13,0.1945
2834,S2C,3,3.763,27.0,2,63.67,0.1938
2834,E2C,1,13.3446,0.0,0,17.95,0.0139
2834,W2C,1,13.7971,0.0,0,17.37,0.0073
2835,N2C,3,4.044,32.0,2,59.25,0.1931
2835,S2C,3,4.0789,29.0,2,58.74,0.1906
2835,E2C,1,13.32,0.0,0,17.99,0.0142
2835,W2C,1,13.7827,0.0,0,17.38,0.0075
2836,N2C,3,4.0105,34.0,2,59.74,0.1949
2836,S2C,3,3.8248,31.0,2,62.64,0.1956
2836,E2C,1,13.8585,0.0,0,17.29,0.0065
2836,W2C,1,13.7612,0.0,0,17.41,0.0079
2837,N2C,3,4.1088,36.0,2,58.31,0.1948
2837,S2C,3,3.9845,33.0,2,60.13,0.1946
2837,E2C,1,13.2994,0.0,0,18.02,0.0145
2837,W2C,1,13.4175,0.0,0,17.86,0.0128
2838,N2C,3,3.9718,38.0,2,60.32,0.1981
2838,S2C,3,4.0188,35.0,2,59.62,0.1955
2838,E2C,1,13.6342,0.0,0,17.57,0.0097
2838,W2C,1,13.6665,0.0,0,17.53,0.0092
2839,N2C,1,13.0198,0.0,0,18.4,0.0185
2839,S2C,1,12.9825,0.0,0,18.46,0.0191
2839,E2C,1,13.8123,0.0,0,17.35,0.0071
2839,W2C,1,13.5132,0.0,0,17.73,0.0114
2840,N2C,1,13.2896,0.0,0,18.03,0.0146
2840,S2C,1,12.847,0.0,0,18.65,0.021
2840,E2C,1,13.6056,0.0,0,17.61,0.0101
2840,W2C,1,13.5967,0.0,0,17.62,0.0102
2841,N2C,1,13.1731,0.0,0,18.19,0.0163
2841,S2C,1,12.6846,0.0,0,18.89,0.0234
2841,E2C,1,13.5765,0.0,0,17.65,0.0105
2841,W2C,1,13.2972,0.0,0,18.02,0.0145
2842,N2C,1,13.3052,0.0,0,18.01,0.0144
2842,S2C,1,12.5363,0.0,0,19.11,0.0255
2842,E2C,1,13.5688,0.0,0,17.66,0.0106
2842,W2C,1,13.7297,0.0,0,17.45,0.0083
2843,N2C,1,12.7747,0.0,0,18.76,0.0221
2843,S2C,1,12.7238,0.0,0,18.83,0.0228
2843,E2C,1,13.3344,0.0,0,17.97,0.014
2843,W2C,1,13.6651,0.0,0,17.53,0.0092
2844,N2C,1,13.2201,0.0,0,18.12,0.0156
2844,S2C,1,12.8945,0.0,0,18.58,0.0203
2844,E2C,1,12.828,0.0,0,18.68,0.0213
2844,W2C,1,13.368,0.0,0,17.92,0.0135
2845,N2C,2,12.9781,0.0,0,18.46,0.0251
2845,S2C,2,12.7578,0.0,0,18.78,0.0283
2845,E2C,2,10.578,0.0,0,22.65,0.0597
2845,W2C,2,12.5201,0.0,0,19.14,0.0317
2846,N2C,2,12.6336,0.0,0,18.97,0.0301
2846,S2C,2,12.762,0.0,0,18.77,0.0282
2846,E2C,2,7.7253,0.0,0,31.02,0.1008
2846,W2C,2,9.9505,0.0,0,24.08,0.0687
2847,N2C,1,13.685,0.0,0,17.51,0.009
2847,S2C,1,13.7832,0.0,0,17.38,0.0075
2847,E2C,2,7.2003,0.0,0,33.28,0.1083
2847,W2C,2,8.1539,0.0,0,29.38,0.0946
2848,N2C,1,13.5825,0.0,0,17.64,0.0104
2848,S2C,1,13.8851,0.0,0,17.26,0.0061
2848,E2C,2,6.7492,0.0,0,35.5,0.1148
2848,W2C,2,6.565,0.0,0,36.5,0.1175
2849,N2C,1,13.3815,0.0,0,17.91,0.0133
2849,S2C,1,13.8627,0.0,0,17.28,0.0064
2849,E2C,2,6.3691,1.0,1,37.62,0.127
2849,W2C,2,6.4149,0.0,0,37.35,0.1196
2850,N2C,1,13.7654,0.0,0,17.41,0.0078
2850,S2C,1,13.4848,0.0,0,17.77,0.0118
2850,E2C,2,6.3832,2.0,1,37.54,0.1274
2850,W2C,2,6.3201,1.0,1,37.91,0.1277
2851,N2C,1,13.5663,0.0,0,17.66,0.0107
2851,S2C,1,13.2688,0.0,0,18.06,0.0149
2851,E2C,2,6.5197,3.0,1,36.75,0.1261
2851,W2C,2,6.7772,2.0,1,35.35,0.1217
2852,N2C,1,13.8124,0.0,0,17.35,0.0071
2852,S2C,1,13.2843,0.0,0,18.04,0.0147
2852,E2C,2,6.4814,4.0,1,36.97,0.1273
2852,W2C,2,6.3676,3.0,1,37.63,0.1283
2853,N2C,1,13.7355,0.0,0,17.44,0.0082
2853,S2C,1,13.4129,0.0,0,17.86,0.0129
2853,E2C,2,6.8893,5.0,1,34.78,0.1221
2853,W2C,2,6.3921,4.0,1,37.48,0.1286
2854,N2C,1,13.8783,0.0,0,17.26,0.0062
2854,S2C,1,13.7562,0.0,0,17.42,0.0079
2854,E2C,2,6.297,6.0,1,38.05,0.1313
2854,W2C,2,6.7555,5.0,1,35.47,0.1241
2855,N2C,1,13.6585,0.0,0,17.54,0.0093
2855,S2C,1,13.7754,0.0,0,17.39,0.0076
2855,E2C,2,6.9362,7.0,1,34.54,0.1228
2855,W2C,2,6.3742,6.0,1,37.59,0.1302
2856,N2C,1,13.3785,0.0,0,17.91,0.0134
2856,S2C,1,13.3105,0.0,0,18.0,0.0143
2856,E2C,2,6.6332,8.0,1,36.12,0.1278
2856,W2C,2,6.6471,7.0,1,36.05,0.127
2857,N2C,1,13.8003,0.0,0,17.36,0.0073
2857,S2C,1,13.5686,0.0,0,17.66,0.0106
2857,E2C,2,6.3028,9.0,1,38.01,0.1332
2857,W2C,2,6.3153,8.0,1,37.94,0.1324
2858,N2C,1,13.636,0.0,0,17.57,0.0097
2858,S2C,1,13.3615,0.0,0,17.93,0.0136
2858,E2C,2,6.7593,10.0,1,35.45,0.1273
2858,W2C,2,6.7207,9.0,1,35.65,0.1272
2859,N2C,1,13.6116,0.0,0,17.6,0.01
2859,S2C,1,13.2829,0.0,0,18.04,0.0147
2859,E2C,2,6.6782,11.0,1,35.88,0.1292
2859,W2C,2,6.8075,10.0,1,35.2,0.1266
2860,N2C,1,13.8843,0.0,0,17.26,0.0061
2860,S2C,1,13.6185,0.0,0,17.59,0.0099
2860,E2C,2,6.4915,12.0,1,36.91,0.1325
2860,W2C,2,6.5547,11.0,1,36.55,0.131
2861,N2C,1,13.6021,0.0,0,17.61,0.0101
2861,S2C,1,13.6454,0.0,0,17.56,0.0095
2861,E2C,2,6.3054,13.0,1,38.0,0.1359
2861,W2C,2,6.6277,12.0,1,36.15,0.1306
2862,N2C,1,13.3979,0.0,0,17.88,0.0131
2862,S2C,1,13.6724,0.0,0,17.52,0.0091
2862,E2C,2,6.2832,14.0,1,38.13,0.1369
2862,W2C,2,6.1293,13.0,1,39.09,0.1384
2863,N2C,1,13.89,0.0,0,17.25,0.006
2863,S2C,1,13.7983,0.0,0,17.36,0.0073
2863,E2C,3,7.3188,15.0,1,32.74,0.1286
2863,W2C,3,7.2229,14.0,1,33.17,0.1293
2864,N2C,1,13.3947,0.0,0,17.89,0.0131
2864,S2C,1,13.2897,0.0,0,18.03,0.0146
2864,E2C,3,5.6114,16.0,1,42.7,0.1539
2864,W2C,3,5.6245,15.0,1,42.6,0.153
2865,N2C,1,13.3891,0.0,0,17.9,0.0132
2865,S2C,1,13.6133,0.0,0,17.6,0.01
2865,E2C,3,4.5608,18.0,2,52.53,0.1763
2865,W2C,3,4.683,16.0,1,51.16,0.1672
2866,N2C,1,13.6585,0.0,0,17.54,0.0093
2866,S2C,1,13.7152,0.0,0,17.47,0.0085
2866,E2C,3,4.2376,20.0,2,56.54,0.1823
2866,W2C,3,4.3549,18.0,2,55.02,0.1793
2867,N2C,1,13.619,0.0,0,17.59,0.0099
2867,S2C,1,13.6244,0.0,0,17.59,0.0098
2867,E2C,3,4.5702,22.0,2,52.43,0.1789
2867,W2C,3,4.201,20.0,2,57.03,0.1828
2868,N2C,1,13.2636,0.0,0,18.06,0.015
2868,S2C,1,13.7528,0.0,0,17.42,0.008
2868,E2C,3,4.4967,24.0,2,53.28,0.1813
2868,W2C,3,4.4791,22.0,2,53.49,0.1802
2869,N2C,1,13.5234,0.0,0,17.72,0.0113
2869,S2C,1,13.5501,0.0,0,17.68,0.0109
2869,E2C,3,4.2564,26.0,2,56.29,0.186
2869,W2C,3,4.4612,24.0,2,53.71,0.1818
2870,N2C,1,13.5471,0.0,0,17.69,0.0109
2870,S2C,1,13.492,0.0,0,17.76,0.0117
2870,E2C,3,4.3204,28.0,2,55.46,0.1865
2870,W2C,3,4.3355,26.0,2,55.26,0.1849
2871,N2C,1,13.6598,0.0,0,17.54,0.0093
2871,S2C,1,13.2804,0.0,0,18.04,0.0148
2871,E2C,3,4.3681,30.0,2,54.85,0.1871
2871,W2C,3,4.2768,28.0,2,56.02,0.1871
2872,N2C,1,13.7838,0.0,0,17.38,0.0075
2872,S2C,1,13.6978,0.0,0,17.49,0.0088
2872,E2C,1,13.5436,0.0,0,17.69,0.011
2872,W2C,1,13.6188,0.0,0,17.59,0.0099
2873,N2C,1,13.848,0.0,0,17.3,0.0066
2873,S2C,1,13.7515,0.0,0,17.42,0.008
2873,E2C,1,13.664,0.0,0,17.54,0.0093
2873,W2C,1,13.5574,0.0,0,17.67,0.0108
2874,N2C,1,13.6552,0.0,0,17.55,0.0094
2874,S2C,1,13.708,0.0,0,17.48,0.0086
2874,E2C,1,13.5658,0.0,0,17.66,0.0107
2874,W2C,1,13.2055,0.0,0,18.14,0.0159
2875,N2C,1,13.7844,0.0,0,17.38,0.0075
2875,S2C,1,13.7926,0.0,0,17.37,0.0074
2875,E2C,1,13.5573,0.0,0,17.67,0.0108
2875,W2C,1,13.2513,0.0,0,18.08,0.0152
2876,N2C,1,13.6912,0.0,0,17.5,0.0089
2876,S2C,1,13.368,0.0,0,17.92,0.0135
2876,E2C,1,13.3173,0.0,0,17.99,0.0142
2876,W2C,1,13.3499,0.0,0,17.95,0.0138
2877,N2C,1,13.7622,0.0,0,17.41,0.0078
2877,S2C,1,13.5296,0.0,0,17.71,0.0112
2877,E2C,1,13.6323,0.0,0,17.58,0.0097
2877,W2C,1,13.3889,0.0,0,17.9,0.0132
2878,N2C,1,13.4081,0.0,0,17.87,0.0129
2878,S2C,1,13.7904,0.0,0,17.37,0.0074
2878,E2C,1,13.8404,0.0,0,17.31,0.0067
2878,W2C,1,13.4946,0.0,0,17.76,0.0117
2879,N2C,1,13.4905,0.0,0,17.76,0.0118
2879,S2C,1,13.6814,0.0,0,17.51,0.009
2879,E2C,1,13.3285,0.0,0,17.98,0.0141
2879,W2C,1,13.4573,0.0,0,17.8,0.0122
2880,N2C,1,12.4655,0.0,0,19.22,0.0265
2880,S2C,1,12.3326,0.0,0,19.43,0.0284
2880,E2C,1,13.2901,0.0,0,18.03,0.0146
2880,W2C,1,13.6454,0.0,0,17.56,0.0095
2881,N2C,2,9.885,0.0,0,24.24,0.0697
2881,S2C,2,10.0826,0.0,0,23.76,0.0668
2881,E2C,1,13.89,0.0,0,17.25,0.006
2881,W2C,2,12.9477,0.0,0,18.51,0.0256
2882,N2C,2,7.6127,0.0,0,31.47,0.1024
2882,S2C,2,8.0407,0.0,0,29.8,0.0962
2882,E2C,1,13.3259,0.0,0,17.98,0.0141
2882,W2C,1,13.0632,0.0,0,18.34,0.0179
2883,N2C,2,6.0686,0.0,0,39.48,0.1246
2883,S2C,2,7.2715,0.0,0,32.95,0.1073
2883,E2C,1,13.7937,0.0,0,17.37,0.0074
2883,W2C,1,13.446,0.0,0,17.82,0.0124
2884,N2C,2,6.1063,0.0,0,39.24,0.1241
2884,S2C,2,6.5391,0.0,0,36.64,0.1178
2884,E2C,1,13.4895,0.0,0,17.76,0.0118
2884,W2C,1,12.9872,0.0,0,18.45,0.019
2885,N2C,2,6.2635,1.0,1,38.25,0.1285
2885,S2C,2,6.3448,1.0,1,37.76,0.1273
2885,E2C,1,13.3865,0.0,0,17.9,0.0132
2885,W2C,1,13.5519,0.0,0,17.68,0.0109
2886,N2C,2,6.0851,2.0,1,39.38,0.1317
2886,S2C,2,6.7126,2.0,1,35.69,0.1227
2886,E2C,1,13.4033,0.0,0,17.88,0.013
2886,W2C,1,13.005,0.0,0,18.42,0.0187
2887,N2C,2,6.4408,3.0,1,37.2,0.1273
2887,S2C,2,6.4375,3.0,1,37.22,0.1273
2887,E2C,1,13.4746,0.0,0,17.78,0.012
2887,W2C,1,13.039,0.0,0,18.38,0.0183
2888,N2C,2,6.452,4.0,1,37.14,0.1278
2888,S2C,2,6.8788,4.0,1,34.83,0.1216
2888,E2C,1,13.859,0.0,0,17.29,0.0064
2888,W2C,1,13.404,0.0,0,17.88,0.013
2889,N2C,2,6.3447,5.0,1,37.76,0.13
2889,S2C,2,6.2982,5.0,1,38.04,0.1306
2889,E2C,1,13.4184,0.0,0,17.86,0.0128
2889,W2C,1,13.0915,0.0,0,18.3,0.0175
2890,N2C,2,6.0193,6.0,1,39.81,0.1353
2890,S2C,2,6.8784,6.0,1,34.83,0.123
2890,E2C,1,13.8149,0.0,0,17.34,0.0071
2890,W2C,1,13.3475,0.0,0,17.95,0.0138
2891,N2C,2,6.3433,7.0,1,37.77,0.1313
2891,S2C,2,6.6242,7.0,1,36.17,0.1273
2891,E2C,1,13.8703,0.0,0,17.27,0.0063
2891,W2C,1,13.0832,0.0,0,18.31,0.0176
2892,N2C,2,6.1439,8.0,1,39.0,0.1349
2892,S2C,2,6.7687,8.0,1,35.4,0.1259
2892,E2C,1,13.659,0.0,0,17.54,0.0093
2892,W2C,1,13.4717,0.0,0,17.79,0.012
2893,N2C,2,5.979,9.0,1,40.07,0.1379
2893,S2C,2,6.4393,9.0,1,37.21,0.1313
2893,E2C,1,13.877,0.0,0,17.27,0.0062
2893,W2C,1,13.2507,0.0,0,18.08,0.0152
2894,N2C,2,6.0236,10.0,1,39.78,0.1379
2894,S2C,2,6.7202,10.0,1,35.65,0.1279
2894,E2C,1,13.7255,0.0,0,17.46,0.0084
2894,W2C,1,13.5433,0.0,0,17.69,0.011
2895,N2C,2,6.1207,11.0,1,39.15,0.1372
2895,S2C,2,6.5881,11.0,1,36.37,0.1305
2895,E2C,1,13.87,0.0,0,17.27,0.0063
2895,W2C,1,13.5197,0.0,0,17.72,0.0113
2896,N2C,2,5.9337,12.0,1,40.38,0.1406
2896,S2C,2,6.745,12.0,1,35.52,0.1289
2896,E2C,1,13.6447,0.0,0,17.56,0.0095
2896,W2C,1,13.0686,0.0,0,18.33,0.0178
2897,N2C,2,5.8901,13.0,1,40.68,0.1419
2897,S2C,2,6.9288,13.0,1,34.58,0.1269
2897,E2C,1,13.5654,0.0,0,17.66,0.0107
2897,W2C,1,13.4316,0.0,0,17.84,0.0126
2898,N2C,2,6.3485,14.0,1,37.74,0.1359
2898,S2C,2,5.44,14.0,1,44.04,0.149
2898,E2C,1,13.2582,0.0,0,18.07,0.0151
2898,W2C,1,13.0193,0.0,0,18.4,0.0185
2899,N2C,3,8.448,15.0,1,28.36,0.1124
2899,S2C,3,6.2709,15.0,1,38.21,0.1437
2899,E2C,1,13.89,0.0,0,17.25,0.006
2899,W2C,2,12.7665,0.0,0,18.77,0.0282
2900,N2C,3,6.8359,16.0,1,35.05,0.1362
2900,S2C,3,4.5199,16.0,1,53.01,0.1696
2900,E2C,1,13.4391,0.0,0,17.83,0.0125
2900,W2C,1,13.3539,0.0,0,17.94,0.0137
2901,N2C,3,5.0909,17.0,1,47.06,0.162
2901,S2C,3,3.9959,17.0,1,59.96,0.1778
2901,E2C,1,13.87,0.0,0,17.27,0.0063
2901,W2C,1,13.0546,0.0,0,18.35,0.018
2902,N2C,3,4.0411,18.0,1,59.29,0.1778
2902,S2C,3,3.7399,18.0,1,64.07,0.1821
2902,E2C,1,13.5614,0.0,0,17.67,0.0107
2902,W2C,1,13.3623,0.0,0,17.93,0.0136
2903,N2C,3,3.7704,20.0,2,63.55,0.189
2903,S2C,3,3.6709,20.0,2,65.27,0.1905
2903,E2C,1,13.3213,0.0,0,17.99,0.0142
2903,W2C,1,13.6184,0.0,0,17.59,0.0099
2904,N2C,3,4.1117,22.0,2,58.27,0.1855
2904,S2C,3,3.6181,22.0,2,66.22,0.1926
2904,E2C,1,13.7081,0.0,0,17.48,0.0086
2904,W2C,1,13.5258,0.0,0,17.71,0.0112
2905,N2C,1,12.8481,0.0,0,18.65,0.021
2905,S2C,1,12.2661,0.0,0,19.53,0.0294
2905,E2C,1,13.6571,0.0,0,17.54,0.0094
2905,W2C,1,13.6576,0.0,0,17.54,0.0093
2906,N2C,1,12.6653,0.0,0,18.92,0.0236
2906,S2C,1,12.7508,0.0,0,18.79,0.0224
2906,E2C,1,13.2672,0.0,0,18.06,0.015
2906,W2C,1,13.4347,0.0,0,17.83,0.0126
2907,N2C,1,12.8404,0.0,0,18.66,0.0211
2907,S2C,1,12.2175,0.0,0,19.61,0.0301
2907,E2C,1,13.2977,0.0,0,18.02,0.0145
2907,W2C,1,13.341,0.0,0,17.96,0.0139
2908,N2C,1,13.1713,0.0,0,18.19,0.0163
2908,S2C,1,12.4648,0.0,0,19.22,0.0265
2908,E2C,1,13.6715,0.0,0,17.53,0.0091
2908,W2C,1,13.5006,0.0,0,17.75,0.0116
2909,N2C,1,12.8419,0.0,0,18.66,0.0211
2909,S2C,1,12.6667,0.0,0,18.92,0.0236
2909,E2C,1,13.8467,0.0,0,17.3,0.0066
2909,W2C,1,13.1983,0.0,0,18.15,0.016
2910,N2C,1,13.1865,0.0,0,18.17,0.0161
2910,S2C,1,12.3721,0.0,0,19.37,0.0279
2910,E2C,1,13.4248,0.0,0,17.85,0.0127
2910,W2C,1,13.5463,0.0,0,17.69,0.0109
2911,N2C,1,12.6239,0.0,0,18.98,0.0242
2911,S2C,1,12.1557,0.0,0,19.71,0.031
2911,E2C,1,13.6012,0.0,0,17.62,0.0102
2911,W2C,1,13.3502,0.0,0,17.95,0.0138
2912,N2C,1,12.8946,0.0,0,18.58,0.0203
2912,S2C,1,12.2655,0.0,0,19.53,0.0294
2912,E2C,1,13.5065,0.0,0,17.74,0.0115
2912,W2C,1,13.4274,0.0,0,17.84,0.0127
2913,N2C,1,13.2401,0.0,0,18.1,0.0154
2913,S2C,1,12.2898,0.0,0,19.5,0.029
2913,E2C,1,13.2593,0.0,0,18.07,0.0151
2913,W2C,1,13.2241,0.0,0,18.12,0.0156
2914,N2C,1,12.8862,0.0,0,18.59,0.0205
2914,S2C,1,12.7693,0.0,0,18.76,0.0221
2914,E2C,1,13.4831,0.0,0,17.77,0.0119
2914,W2C,1,13.567,0.0,0,17.66,0.0107
2915,N2C,1,12.7963,0.0,0,18.72,0.0217
2915,S2C,1,12.3345,0.0,0,19.43,0.0284
2915,E2C,1,13.3117,0.0,0,18.0,0.0143
2915,W2C,1,13.294,0.0,0,18.02,0.0146
2916,N2C,1,12.7272,0.0,0,18.83,0.0227
2916,S2C,1,12.2801,0.0,0,19.51,0.0292
2916,E2C,1,13.0507,0.0,0,18.36,0.0181
2916,W2C,1,13.4702,0.0,0,17.79,0.012
2917,N2C,2,12.8313,0.0,0,18.67,0.0272
2917,S2C,2,11.2525,0.0,0,21.29,0.05
2917,E2C,2,10.8007,0.0,0,22.18,0.0565
2917,W2C,2,11.2693,0.0,0,21.26,0.0497
2918,N2C,2,12.0972,0.0,0,19.81,0.0378
2918,S2C,2,10.6168,0.0,0,22.57,0.0591
2918,E2C,2,8.4365,0.0,0,28.4,0.0905
2918,W2C,2,9.0773,0.0,0,26.4,0.0813
2919,N2C,1,13.3377,0.0,0,17.96,0.014
2919,S2C,2,11.015,0.0,0,21.75,0.0534
2919,E2C,2,6.7828,0.0,0,35.32,0.1143
2919,W2C,2,6.6256,0.0,0,36.16,0.1166
2920,N2C,1,13.1715,0.0,0,18.19,0.0163
2920,S2C,2,10.7901,0.0,0,22.21,0.0566
2920,E2C,2,6.5955,1.0,1,36.33,0.1237
2920,W2C,2,6.5142,0.0,0,36.78,0.1182
2921,N2C,1,13.004,0.0,0,18.43,0.0188
2921,S2C,1,12.4843,0.0,0,19.19,0.0262
2921,E2C,2,6.5966,2.0,1,36.32,0.1243
2921,W2C,2,6.7587,1.0,1,35.45,0.1213
2922,N2C,1,13.1144,0.0,0,18.27,0.0172
2922,S2C,1,12.5192,0.0,0,19.14,0.0257
2922,E2C,2,6.5378,3.0,1,36.65,0.1259
2922,W2C,2,6.5777,2.0,1,36.43,0.1246
2923,N2C,1,13.1217,0.0,0,18.26,0.0171
2923,S2C,1,11.9773,0.0,0,20.0,0.0335
2923,E2C,2,6.8603,4.0,1,34.93,0.1219
2923,W2C,2,6.4098,3.0,1,37.38,0.1277
2924,N2C,1,13.1607,0.0,0,18.21,0.0165
2924,S2C,1,11.9468,0.0,0,20.06,0.034
2924,E2C,2,6.5015,5.0,1,36.85,0.1277
2924,W2C,2,6.7406,4.0,1,35.55,0.1236
2925,N2C,1,13.4154,0.0,0,17.86,0.0128
2925,S2C,1,12.1252,0.0,0,19.76,0.0314
2925,E2C,2,6.4414,6.0,1,37.2,0.1293
2925,W2C,2,6.6163,5.0,1,36.21,0.1261
2926,N2C,1,13.2353,0.0,0,18.1,0.0154
2926,S2C,1,12.4587,0.0,0,19.23,0.0266
2926,E2C,2,6.6704,7.0,1,35.92,0.1266
2926,W2C,2,6.7859,6.0,1,35.31,0.1243
2927,N2C,1,13.0631,0.0,0,18.34,0.0179
2927,S2C,1,12.5229,0.0,0,19.13,0.0257
2927,E2C,2,6.9396,8.0,1,34.53,0.1234
2927,W2C,2,6.836,7.0,1,35.05,0.1242
2928,N2C,1,13.5483,0.0,0,17.68,0.0109
2928,S2C,1,12.4853,0.0,0,19.19,0.0262
2928,E2C,2,6.7775,9.0,1,35.35,0.1264
2928,W2C,2,6.7407,8.0,1,35.55,0.1263
2929,N2C,1,13.0292,0.0,0,18.39,0.0184
2929,S2C,1,12.4734,0.0,0,19.21,0.0264
2929,E2C,2,6.6567,10.0,1,35.99,0.1288
2929,W2C,2,6.8221,9.0,1,35.12,0.1258
2930,N2C,1,13.4463,0.0,0,17.82,0.0124
2930,S2C,1,12.3759,0.0,0,19.36,0.0278
2930,E2C,2,6.5119,11.0,1,36.79,0.1316
2930,W2C,2,6.3708,10.0,1,37.61,0.1329
2931,N2C,1,13.3128,0.0,0,18.0,0.0143
2931,S2C,1,12.4046,0.0,0,19.32,0.0274
2931,E2C,2,6.358,12.0,1,37.68,0.1345
2931,W2C,2,6.8114,11.0,1,35.18,0.1273
2932,N2C,1,13.5293,0.0,0,17.71,0.0112
2932,S2C,1,12.0217,0.0,0,19.93,0.0329
2932,E2C,2,6.2985,13.0,1,38.04,0.136
2932,W2C,2,6.4385,12.0,1,37.21,0.1333
2933,N2C,1,13.4962,0.0,0,17.75,0.0117
2933,S2C,1,12.575,0.0,0,19.05,0.0249
2933,E2C,2,6.4116,14.0,1,37.37,0.135
2933,W2C,2,6.5495,13.0,1,36.58,0.1324
2934,N2C,1,13.4701,0.0,0,17.79,0.012
2934,S2C,1,12.2638,0.0,0,19.54,0.0294
2934,E2C,2,5.5359,15.0,1,43.28,0.1483
2934,W2C,2,5.416,14.0,1,44.24,0.1493
2935,N2C,2,11.6223,0.0,0,20.62,0.0447
2935,S2C,2,11.6726,0.0,0,20.53,0.0439
2935,E2C,3,7.3525,16.0,1,32.59,0.1288
2935,W2C,3,6.8771,15.0,1,34.84,0.135
2936,N2C,2,9.4343,0.0,0,25.4,0.0762
2936,S2C,2,10.6443,0.0,0,22.51,0.0587
2936,E2C,3,5.4611,17.0,1,43.87,0.1567
2936,W2C,3,5.5729,16.0,1,42.99,0.1544
2937,N2C,2,7.2353,0.0,0,33.12,0.1078
2937,S2C,2,11.1083,0.0,0,21.57,0.0521
2937,E2C,3,4.2439,19.0,2,56.46,0.1816
2937,W2C,3,4.4831,17.0,1,53.45,0.1708
2938,N2C,2,6.7721,0.0,0,35.38,0.1145
2938,S2C,2,10.4595,0.0,0,22.91,0.0614
2938,E2C,1,13.5659,0.0,0,17.66,0.0107
2938,W2C,1,13.5412,0.0,0,17.69,0.011
2939,N2C,2,6.4833,1.0,1,36.96,0.1253
2939,S2C,2,8.7282,0.0,0,27.45,0.0863
2939,E2C,1,13.7485,0.0,0,17.43,0.008
2939,W2C,1,13.6342,0.0,0,17.57,0.0097
2940,N2C,2,6.4579,2.0,1,37.1,0.1263
2940,S2C,2,7.3099,0.0,0,32.78,0.1067
2940,E2C,1,13.4945,0.0,0,17.76,0.0117
2940,W2C,1,13.8248,0.0,0,17.33,0.0069
2941,N2C,2,6.434,3.0,1,37.24,0.1274
2941,S2C,2,6.0691,0.0,0,39.48,0.1246
2941,E2C,1,13.612,0.0,0,17.6,0.01
2941,W2C,1,13.775,0.0,0,17.39,0.0077
2942,N2C,2,6.6651,4.0,1,35.95,0.1247
2942,S2C,2,5.6786,1.0,1,42.19,0.1369
2942,E2C,1,13.8329,0.0,0,17.32,0.0068
2942,W2C,1,13.2341,0.0,0,18.1,0.0154
2943,N2C,2,6.1786,5.0,1,38.78,0.1324
2943,S2C,2,5.6001,2.0,1,42.78,0.1387
2943,E2C,1,13.791,0.0,0,17.37,0.0074
2943,W2C,1,13.4548,0.0,0,17.81,0.0123
2944,N2C,2,6.6547,6.0,1,36.0,0.1262
2944,S2C,2,5.4562,3.0,1,43.91,0.1414
2944,E2C,1,13.8468,0.0,0,17.3,0.0066
2944,W2C,1,13.6944,0.0,0,17.5,0.0088
2945,N2C,2,6.6779,7.0,1,35.88,0.1265
2945,S2C,2,5.7226,4.0,1,41.87,0.1383
2945,E2C,1,13.846,0.0,0,17.3,0.0066
2945,W2C,1,13.458,0.0,0,17.8,0.0122
2946,N2C,2,6.1624,8.0,1,38.88,0.1346
2946,S2C,2,5.622,5.0,1,42.62,0.1404
2946,E2C,1,13.5615,0.0,0,17.67,0.0107
2946,W2C,1,13.4044,0.0,0,17.87,0.013
2947,N2C,2,6.4857,9.0,1,36.94,0.1306
2947,S2C,2,5.4864,6.0,1,43.67,0.143
2947,E2C,1,13.4635,0.0,0,17.8,0.0121
2947,W2C,1,13.7554,0.0,0,17.42,0.0079
2948,N2C,2,6.3506,10.0,1,37.73,0.1332
2948,S2C,2,5.7075,7.0,1,41.98,0.1405
2948,E2C,1,13.3301,0.0,0,17.97,0.0141
2948,W2C,1,13.6202,0.0,0,17.59,0.0099
2949,N2C,2,6.354,11.0,1,37.71,0.1338
2949,S2C,2,5.9939,8.0,1,39.97,0.137
2949,E2C,1,13.6966,0.0,0,17.49,0.0088
2949,W2C,1,13.6894,0.0,0,17.5,0.0089
2950,N2C,2,6.4808,12.0,1,36.97,0.1327
2950,S2C,2,5.8438,9.0,1,41.0,0.1399
2950,E2C,1,13.7658,0.0,0,17.41,0.0078
2950,W2C,1,13.3816,0.0,0,17.91,0.0133
2951,N2C,2,6.5372,13.0,1,36.65,0.1325
2951,S2C,2,5.6502,10.0,1,42.41,0.1433
2951,E2C,1,13.4684,0.0,0,17.79,0.0121
2951,W2C,1,13.7731,0.0,0,17.4,0.0077
2952,N2C,2,6.1577,14.0,1,38.91,0.1387
2952,S2C,2,5.4852,11.0,1,43.68,0.1464
2952,E2C,1,13.4956,0.0,0,17.75,0.0117
2952,W2C,1,13.5618,0.0,0,17.67,0.0107
2953,N2C,3,7.6384,15.0,1,31.37,0.124
2953,S2C,3,8.3512,12.0,1,28.69,0.1118
2953,E2C,1,13.033,0.0,0,18.38,0.0183
2953,W2C,1,12.6927,0.0,0,18.88,0.0232
2954,N2C,3,5.9155,16.0,1,40.5,0.1495
2954,S2C,3,7.9473,13.0,1,30.15,0.1182
2954,E2C,1,12.905,0.0,0,18.57,0.0202
2954,W2C,1,12.5979,0.0,0,19.02,0.0246
2955,N2C,3,5.1695,17.0,1,46.35,0.1609
2955,S2C,3,7.926,14.0,1,30.23,0.1192
2955,E2C,1,12.7519,0.0,0,18.79,0.0224
2955,W2C,1,12.322,0.0,0,19.44,0.0286
2956,N2C,3,4.6085,18.0,1,51.99,0.1696
2956,S2C,3,6.4823,15.0,1,36.96,0.1407
2956,E2C,1,12.6625,0.0,0,18.92,0.0237
2956,W2C,1,12.4364,0.0,0,19.27,0.0269
2957,N2C,3,4.4515,20.0,2,53.82,0.1792
2957,S2C,3,5.4013,16.0,1,44.36,0.1569
2957,E2C,1,12.56,0.0,0,19.08,0.0252
2957,W2C,1,12.465,0.0,0,19.22,0.0265
2958,N2C,3,4.5146,22.0,2,53.07,0.1797
2958,S2C,3,4.2574,17.0,1,56.28,0.174
2958,E2C,1,12.7789,0.0,0,18.75,0.022
2958,W2C,1,12.5473,0.0,0,19.1,0.0253
2959,N2C,3,4.3135,24.0,2,55.55,0.1839
2959,S2C,3,4.2329,19.0,2,56.6,0.1817
2959,E2C,1,12.9795,0.0,0,18.46,0.0191
2959,W2C,1,12.0823,0.0,0,19.83,0.032
2960,N2C,3,4.3802,26.0,2,54.7,0.1843
2960,S2C,3,4.217,21.0,2,56.82,0.1833
2960,E2C,1,12.8864,0.0,0,18.59,0.0205
2960,W2C,1,12.4368,0.0,0,19.27,0.0269
2961,N2C,3,4.5835,28.0,2,52.27,0.1827
2961,S2C,3,4.6011,23.0,2,52.07,0.1791
2961,E2C,1,12.478,0.0,0,19.2,0.0263
2961,W2C,1,12.1453,0.0,0,19.73,0.0311
2962,N2C,3,4.4908,30.0,2,53.35,0.1853
2962,S2C,3,4.3038,25.0,2,55.67,0.1847
2962,E2C,1,12.8972,0.0,0,18.58,0.0203
2962,W2C,1,12.5301,0.0,0,19.12,0.0256
2963,N2C,3,4.4936,32.0,2,53.32,0.1866
2963,S2C,3,4.4585,27.0,2,53.74,0.1838
2963,E2C,1,12.8613,0.0,0,18.63,0.0208
2963,W2C,1,12.2504,0.0,0,19.56,0.0296
2964,N2C,3,4.4945,34.0,2,53.31,0.188
2964,S2C,3,4.4902,29.0,2,53.36,0.1847
2964,E2C,1,12.56,0.0,0,19.08,0.0252
2964,W2C,1,12.1756,0.0,0,19.68,0.0307
2965,N2C,3,4.5787,36.0,2,52.33,0.1881
2965,S2C,3,4.2599,31.0,2,56.25,0.1893
2965,E2C,1,12.91,0.0,0,18.56,0.0201
2965,W2C,1,12.3944,0.0,0,19.33,0.0275
2966,N2C,3,4.2355,38.0,2,56.57,0.1943
2966,S2C,3,4.5061,33.0,2,53.17,0.1871
2966,E2C,1,12.6405,0.0,0,18.95,0.024
2966,W2C,1,12.1715,0.0,0,19.69,0.0307
2967,N2C,3,4.2981,40.0,2,55.75,0.1948
2967,S2C,3,4.5401,35.0,2,52.77,0.188
2967,E2C,1,12.4578,0.0,0,19.23,0.0266
2967,W2C,1,12.0547,0.0,0,19.88,0.0324
2968,N2C,3,4.2361,42.0,2,56.56,0.197
2968,S2C,3,4.2787,37.0,2,56.0,0.1931
2968,E2C,1,13.0257,0.0,0,18.39,0.0184
2968,W2C,1,12.5279,0.0,0,19.13,0.0256
2969,N2C,3,4.1662,44.0,2,57.51,0.1993
2969,S2C,3,4.4749,39.0,2,53.54,0.1916
2969,E2C,1,13.004,0.0,0,18.43,0.0188
2969,W2C,1,12.4689,0.0,0,19.22,0.0265
2970,N2C,3,3.1116,46.0,2,77.0,0.2159
2970,S2C,3,3.2792,41.0,2,73.07,0.2101
2970,E2C,1,12.7515,0.0,0,18.79,0.0224
2970,W2C,1,12.2089,0.0,0,19.63,0.0302
2971,N2C,2,9.2569,0.0,0,25.88,0.0787
2971,S2C,2,9.6137,0.0,0,24.92,0.0736
2971,E2C,2,11.6928,0.0,0,20.49,0.0436
2971,W2C,2,12.5045,0.0,0,19.16,0.0319
2972,N2C,2,7.8114,0.0,0,30.67,0.0995
2972,S2C,2,7.9983,0.0,0,29.96,0.0968
2972,E2C,2,11.6456,0.0,0,20.57,0.0443
2972,W2C,2,11.9872,0.0,0,19.99,0.0394
2973,N2C,2,8.9213,0.0,0,26.86,0.0835
2973,S2C,2,8.4471,0.0,0,28.36,0.0904
2973,E2C,2,9.8987,0.0,0,24.21,0.0695
2973,W2C,2,11.689,0.0,0,20.5,0.0437
2974,N2C,1,13.6139,0.0,0,17.6,0.01
2974,S2C,1,13.3062,0.0,0,18.01,0.0144
2974,E2C,2,7.9331,0.0,0,30.2,0.0978
2974,W2C,2,11.3499,0.0,0,21.11,0.0486
2975,N2C,1,13.4494,0.0,0,17.81,0.0123
2975,S2C,1,13.5874,0.0,0,17.63,0.0104
2975,E2C,2,6.3044,0.0,0,38.0,0.1212
2975,W2C,2,9.243,0.0,0,25.92,0.0789
2976,N2C,1,13.2262,0.0,0,18.12,0.0156
2976,S2C,1,13.4824,0.0,0,17.77,0.0119
2976,E2C,2,5.6562,1.0,1,42.36,0.1372
2976,W2C,2,7.1587,0.0,0,33.47,0.1089
2977,N2C,1,13.4763,0.0,0,17.78,0.012
2977,S2C,1,13.4655,0.0,0,17.79,0.0121
2977,E2C,2,5.8816,2.0,1,40.74,0.1346
2977,W2C,2,7.1258,0.0,0,33.62,0.1094
2978,N2C,1,13.6712,0.0,0,17.53,0.0092
2978,S2C,1,13.6666,0.0,0,17.53,0.0092
2978,E2C,2,5.7119,3.0,1,41.95,0.1378
2978,W2C,2,6.5784,0.0,0,36.42,0.1173
2979,N2C,1,13.2121,0.0,0,18.13,0.0158
2979,S2C,1,13.3951,0.0,0,17.89,0.0131
2979,E2C,2,5.5129,4.0,1,43.46,0.1413
2979,W2C,2,6.6328,1.0,1,36.12,0.1232
2980,N2C,1,13.6646,0.0,0,17.53,0.0092
2980,S2C,1,13.2916,0.0,0,18.03,0.0146
2980,E2C,2,6.0983,5.0,1,39.29,0.1335
2980,W2C,2,6.3258,2.0,1,37.88,0.1282
2981,N2C,1,13.6069,0.0,0,17.61,0.0101
2981,S2C,1,13.5246,0.0,0,17.72,0.0113
2981,E2C,2,5.7072,6.0,1,41.98,0.1398
2981,W2C,2,6.8805,3.0,1,34.82,0.1209
2982,N2C,1,13.3921,0.0,0,17.89,0.0132
2982,S2C,1,13.8349,0.0,0,17.32,0.0068
2982,E2C,2,6.038,7.0,1,39.68,0.1357
2982,W2C,2,6.3545,4.0,1,37.71,0.1292
2983,N2C,1,13.1649,0.0,0,18.2,0.0164
2983,S2C,1,13.7608,0.0,0,17.41,0.0079
2983,E2C,2,5.9227,8.0,1,40.45,0.1381
2983,W2C,2,6.9259,5.0,1,34.59,0.1216
2984,N2C,1,13.2971,0.0,0,18.02,0.0145
2984,S2C,1,13.4333,0.0,0,17.84,0.0126
2984,E2C,2,5.6991,9.0,1,42.04,0.1419
2984,W2C,2,6.3875,6.0,1,37.51,0.13
2985,N2C,1,13.3806,0.0,0,17.91,0.0133
2985,S2C,1,13.7664,0.0,0,17.4,0.0078
2985,E2C,2,5.6647,10.0,1,42.3,0.1431
2985,W2C,2,6.4298,7.0,1,37.26,0.1301
2986,N2C,1,13.768,0.0,0,17.4,0.0078
2986,S2C,1,13.835,0.0,0,17.32,0.0068
2986,E2C,2,6.0348,11.0,1,39.7,0.1384
2986,W2C,2,6.4206,8.0,1,37.32,0.1309
2987,N2C,1,13.6255,0.0,0,17.58,0.0098
2987,S2C,1,13.7335,0.0,0,17.45,0.0083
2987,E2C,2,5.8444,12.0,1,41.0,0.1418
2987,W2C,2,6.4592,9.0,1,37.09,0.131
2988,N2C,1,13.7012,0.0,0,17.49,0.0087
2988,S2C,1,13.3446,0.0,0,17.95,0.0139
2988,E2C,2,5.9236,13.0,1,40.45,0.1414
2988,W2C,2,6.4643,10.0,1,37.07,0.1316
2989,N2C,1,13.89,0.0,0,17.25,0.006
2989,S2C,1,13.881,0.0,0,17.26,0.0061
2989,E2C,3,8.324,14.0,1,28.78,0.1135
2989,W2C,3,7.4395,11.0,1,32.21,0.1242
2990,N2C,1,13.3264,0.0,0,17.98,0.0141
2990,S2C,1,13.7293,0.0,0,17.45,0.0083
2990,E2C,3,8.1361,15.0,1,29.45,0.1168
2990,W2C,3,5.7023,12.0,1,42.02,0.1499
2991,N2C,1,13.8583,0.0,0,17.29,0.0065
2991,S2C,1,13.5964,0.0,0,17.62,0.0102
2991,E2C,3,7.3235,16.0,1,32.72,0.1292
2991,W2C,3,4.6802,13.0,1,51.19,0.1653
2992,N2C,1,13.7256,0.0,0,17.46,0.0084
2992,S2C,1,13.281,0.0,0,18.04,0.0148
2992,E2C,3,5.6959,17.0,1,42.07,0.1533
2992,W2C,3,4.2674,15.0,2,56.15,0.1786
2993,N2C,1,13.5926,0.0,0,17.63,0.0103
2993,S2C,1,13.4011,0.0,0,17.88,0.013
2993,E2C,3,4.4493,18.0,1,53.85,0.1719
2993,W2C,3,4.4986,17.0,2,53.26,0.1766
2994,N2C,1,13.8626,0.0,0,17.28,0.0064
2994,S2C,1,13.6086,0.0,0,17.61,0.0101
2994,E2C,3,4.3152,19.0,1,55.52,0.1745
2994,W2C,3,4.2675,19.0,2,56.14,0.1812
2995,N2C,1,13.6776,0.0,0,17.52,0.0091
2995,S2C,1,13.8202,0.0,0,17.34,0.007
2995,E2C,3,4.3038,20.0,1,55.67,0.1754
2995,W2C,3,4.5816,21.0,2,52.3,0.178
2996,N2C,1,13.5006,0.0,0,17.75,0.0116
2996,S2C,1,13.2829,0.0,0,18.04,0.0147
2996,E2C,3,4.4244,22.0,2,54.15,0.181
2996,W2C,3,4.5001,23.0,2,53.24,0.1805
2997,N2C,1,13.3689,0.0,0,17.92,0.0135
2997,S2C,1,13.4268,0.0,0,17.84,0.0127
2997,E2C,3,4.3731,24.0,2,54.79,0.183
2997,W2C,3,4.3172,25.0,2,55.5,0.1845
2998,N2C,1,13.8618,0.0,0,17.28,0.0064
2998,S2C,1,13.6133,0.0,0,17.6,0.01
2998,E2C,3,4.5313,26.0,2,52.88,0.1821
2998,W2C,3,4.5637,27.0,2,52.5,0.1823
2999,N2C,1,13.5764,0.0,0,17.65,0.0105
2999,S2C,1,13.3735,0.0,0,17.92,0.0134
2999,E2C,3,4.4792,28.0,2,53.49,0.1842
2999,W2C,3,4.4254,29.0,2,54.14,0.1856
3000,N2C,1,13.84,0.0,0,17.31,0.0067
3000,S2C,1,13.6732,0.0,0,17.52,0.0091
3000,E2C,3,4.2076,30.0,2,56.95,0.1894
3000,W2C,3,4.2547,31.0,2,56.31,0.1894
3001,N2C,1,13.3699,0.0,0,17.92,0.0135
3001,S2C,1,13.8711,0.0,0,17.27,0.0063
3001,E2C,3,4.5065,32.0,2,53.17,0.1864
3001,W2C,3,4.2873,33.0,2,55.89,0.1903
3002,N2C,1,13.6946,0.0,0,17.5,0.0088
3002,S2C,1,13.6054,0.0,0,17.61,0.0101
3002,E2C,3,4.4893,34.0,2,53.37,0.188
3002,W2C,3,4.2777,35.0,2,56.01,0.1917
3003,N2C,1,13.5966,0.0,0,17.62,0.0102
3003,S2C,1,13.2449,0.0,0,18.09,0.0153
3003,E2C,3,4.231,36.0,2,56.63,0.1931
3003,W2C,3,4.5723,37.0,2,52.4,0.1888
3004,N2C,1,13.7454,0.0,0,17.43,0.0081
3004,S2C,1,13.8303,0.0,0,17.32,0.0069
3004,E2C,1,13.5835,0.0,0,17.64,0.0104
3004,W2C,1,13.3954,0.0,0,17.89,0.0131
3005,N2C,1,13.2921,0.0,0,18.03,0.0146
3005,S2C,1,13.7376,0.0,0,17.44,0.0082
3005,E2C,1,13.6199,0.0,0,17.59,0.0099
3005,W2C,1,13.5066,0.0,0,17.74,0.0115
3006,N2C,1,12.4094,0.0,0,19.31,0.0273
3006,S2C,1,12.8129,0.0,0,18.7,0.0215
3006,E2C,1,12.4423,0.0,0,19.26,0.0268
3006,W2C,1,12.5813,0.0,0,19.04,0.0248
3007,N2C,2,9.7469,0.0,0,24.58,0.0717
3007,S2C,2,10.5629,0.0,0,22.68,0.0599
3007,E2C,2,11.8916,0.0,0,20.15,0.0408
3007,W2C,2,11.9207,0.0,0,20.1,0.0404
3008,N2C,2,6.9113,0.0,0,34.67,0.1125
3008,S2C,2,8.1308,0.0,0,29.47,0.0949
3008,E2C,1,13.3647,0.0,0,17.93,0.0136
3008,W2C,1,13.2433,0.0,0,18.09,0.0153
3009,N2C,2,6.2957,0.0,0,38.06,0.1213
3009,S2C,2,6.9751,0.0,0,34.35,0.1116
3009,E2C,1,13.6856,0.0,0,17.51,0.0089
3009,W2C,1,13.4604,0.0,0,17.8,0.0122
3010,N2C,2,6.1157,0.0,0,39.18,0.1239
3010,S2C,2,6.4755,1.0,1,37.0,0.1254
3010,E2C,1,13.3226,0.0,0,17.98,0.0142
3010,W2C,1,13.2552,0.0,0,18.08,0.0151
3011,N2C,2,6.4478,0.0,0,37.16,0.1192
3011,S2C,2,6.3416,2.0,1,37.78,0.128
3011,E2C,1,13.8724,0.0,0,17.27,0.0063
3011,W2C,1,13.5155,0.0,0,17.73,0.0114
3012,N2C,2,6.0043,1.0,1,39.9,0.1322
3012,S2C,2,6.8603,3.0,1,34.93,0.1212
3012,E2C,1,13.7013,0.0,0,17.49,0.0087
3012,W2C,1,13.4342,0.0,0,17.84,0.0126
3013,N2C,2,6.0153,2.0,1,39.83,0.1327
3013,S2C,2,6.6757,4.0,1,35.89,0.1245
3013,E2C,1,13.6904,0.0,0,17.5,0.0089
3013,W2C,1,13.7391,0.0,0,17.44,0.0082
3014,N2C,2,6.4357,3.0,1,37.23,0.1273
3014,S2C,2,6.8045,5.0,1,35.21,0.1234
3014,E2C,1,13.413,0.0,0,17.86,0.0129
3014,W2C,1,13.4703,0.0,0,17.79,0.012
3015,N2C,2,6.5276,4.0,1,36.71,0.1267
3015,S2C,2,6.4101,6.0,1,37.38,0.1297
3015,E2C,1,13.3581,0.0,0,17.94,0.0137
3015,W2C,1,13.8706,0.0,0,17.27,0.0063
3016,N2C,2,6.0934,5.0,1,39.32,0.1336
3016,S2C,2,6.9424,7.0,1,34.51,0.1227
3016,E2C,1,13.3761,0.0,0,17.91,0.0134
3016,W2C,1,13.7707,0.0,0,17.4,0.0077
3017,N2C,2,6.3926,6.0,1,37.48,0.13
3017,S2C,2,6.8435,8.0,1,35.01,0.1248
3017,E2C,1,13.8325,0.0,0,17.32,0.0068
3017,W2C,1,13.4484,0.0,0,17.82,0.0124
3018,N2C,2,6.201,7.0,1,38.64,0.1334
3018,S2C,2,6.9357,9.0,1,34.55,0.1241
3018,E2C,1,13.8587,0.0,0,17.29,0.0065
3018,W2C,1,13.49,0.0,0,17.76,0.0118
3019,N2C,2,6.2719,8.0,1,38.2,0.133
3019,S2C,2,6.3311,10.0,1,37.84,0.1335
3019,E2C,1,13.4686,0.0,0,17.79,0.0121
3019,W2C,1,13.4989,0.0,0,17.75,0.0116
3020,N2C,2,6.2584,9.0,1,38.28,0.1339
3020,S2C,2,6.3632,11.0,1,37.65,0.1337
3020,E2C,1,13.4828,0.0,0,17.77,0.0119
3020,W2C,1,13.8522,0.0,0,17.3,0.0065
3021,N2C,2,6.4905,10.0,1,36.92,0.1312
3021,S2C,2,6.6982,12.0,1,35.77,0.1296
3021,E2C,1,13.4095,0.0,0,17.87,0.0129
3021,W2C,1,13.4648,0.0,0,17.79,0.0121
3022,N2C,2,6.2133,11.0,1,38.56,0.1359
3022,S2C,2,6.4518,13.0,1,37.14,0.1338
3022,E2C,1,13.5278,0.0,0,17.71,0.0112
3022,W2C,1,13.4621,0.0,0,17.8,0.0122
3023,N2C,2,5.9313,12.0,1,40.4,0.1406
3023,S2C,2,6.8058,14.0,1,35.21,0.1293
3023,E2C,1,13.563,0.0,0,17.67,0.0107
3023,W2C,1,13.5909,0.0,0,17.63,0.0103
3024,N2C,2,6.5292,13.0,1,36.7,0.1327
3024,S2C,2,5.6478,15.0,1,42.42,0.1467
3024,E2C,1,13.3023,0.0,0,18.01,0.0145
3024,W2C,1,13.661,0.0,0,17.54,0.0093
3025,N2C,3,7.702,14.0,1,31.11,0.1224
3025,S2C,3,6.8952,16.0,1,34.75,0.1354
3025,E2C,1,13.1052,0.0,0,18.28,0.0173
3025,W2C,1,13.89,0.0,0,17.25,0.006
3026,N2C,3,6.1154,15.0,1,39.18,0.1459
3026,S2C,3,5.0728,17.0,1,47.23,0.1623
3026,E2C,1,12.8148,0.0,0,18.7,0.0215
3026,W2C,1,13.8831,0.0,0,17.26,0.0061
3027,N2C,3,4.8665,16.0,1,49.23,0.1646
3027,S2C,3,4.6372,18.0,1,51.67,0.1692
3027,E2C,1,12.6604,0.0,0,18.93,0.0237
3027,W2C,1,13.4474,0.0,0,17.82,0.0124
3028,N2C,3,4.1679,17.0,1,57.49,0.1753
3028,S2C,3,4.5104,19.0,1,53.12,0.1717
3028,E2C,1,12.4629,0.0,0,19.23,0.0265
3028,W2C,1,13.4906,0.0,0,17.76,0.0118
3029,N2C,3,4.0413,18.0,1,59.29,0.1778
3029,S2C,3,4.4471,21.0,2,53.88,0.18
3029,E2C,1,12.7495,0.0,0,18.79,0.0224
3029,W2C,1,13.6604,0.0,0,17.54,0.0093
3030,N2C,3,4.1056,19.0,1,58.36,0.1776
3030,S2C,3,4.4256,23.0,2,54.14,0.1816
3030,E2C,1,12.5599,0.0,0,19.08,0.0252
3030,W2C,1,13.6953,0.0,0,17.5,0.0088
3031,N2C,3,3.9793,21.0,2,60.21,0.1867
3031,S2C,3,4.4537,25.0,2,53.8,0.1825
3031,E2C,1,12.7725,0.0,0,18.76,0.0221
3031,W2C,1,13.7087,0.0,0,17.48,0.0086
3032,N2C,3,3.7723,23.0,2,63.52,0.191
3032,S2C,3,4.4363,27.0,2,54.01,0.1841
3032,E2C,1,13.0368,0.0,0,18.38,0.0183
3032,W2C,1,13.436,0.0,0,17.83,0.0125
3033,N2C,3,3.9183,25.0,2,61.15,0.1902
3033,S2C,3,4.5308,29.0,2,52.88,0.1841
3033,E2C,1,13.0096,0.0,0,18.42,0.0187
3033,W2C,1,13.3576,0.0,0,17.94,0.0137
3034,N2C,3,3.9929,27.0,2,60.01,0.1905
3034,S2C,3,4.225,31.0,2,56.71,0.1898
3034,E2C,1,12.97,0.0,0,18.47,0.0192
3034,W2C,1,13.7729,0.0,0,17.4,0.0077
3035,N2C,3,4.0501,29.0,2,59.16,0.191
3035,S2C,3,4.3247,33.0,2,55.4,0.1897
3035,E2C,1,12.9563,0.0,0,18.49,0.0194
3035,W2C,1,13.5758,0.0,0,17.65,0.0105
3036,N2C,3,3.837,31.0,2,62.44,0.1954
3036,S2C,3,4.441,35.0,2,53.95,0.1894
3036,E2C,1,13.045,0.0,0,18.37,0.0182
3036,W2C,1,13.8046,0.0,0,17.36,0.0072
3037,N2C,1,12.6468,0.0,0,18.95,0.0239
3037,S2C,1,13.7962,0.0,0,17.37,0.0074
3037,E2C,1,12.6885,0.0,0,18.88,0.0233
3037,W2C,1,13.6346,0.0,0,17.57,0.0097
3038,N2C,1,12.6979,0.0,0,18.87,0.0232
3038,S2C,1,13.4432,0.0,0,17.82,0.0124
3038,E2C,1,12.74,0.0,0,18.81,0.0226
3038,W2C,1,13.3479,0.0,0,17.95,0.0138
3039,N2C,1,12.6066,0.0,0,19.01,0.0245
3039,S2C,1,13.3365,0.0,0,17.97,0.014
3039,E2C,1,12.8895,0.0,0,18.59,0.0204
3039,W2C,1,13.3634,0.0,0,17.93,0.0136
3040,N2C,1,12.5738,0.0,0,19.06,0.025
3040,S2C,1,13.8662,0.0,0,17.28,0.0063
3040,E2C,1,12.7031,0.0,0,18.86,0.0231
3040,W2C,1,13.505,0.0,0,17.74,0.0115
3041,N2C,1,12.8781,0.0,0,18.61,0.0206
3041,S2C,1,13.4315,0.0,0,17.84,0.0126
3041,E2C,1,12.6662,0.0,0,18.92,0.0236
3041,W2C,1,13.8748,0.0,0,17.27,0.0062
3042,N2C,1,12.6094,0.0,0,19.0,0.0244
3042,S2C,1,13.8727,0.0,0,17.27,0.0062
3042,E2C,1,12.7111,0.0,0,18.85,0.023
3042,W2C,1,12.694,0.0,0,18.88,0.0232
3043,N2C,2,13.0447,0.0,0,18.37,0.0242
3043,S2C,1,13.89,0.0,0,17.25,0.006
3043,E2C,2,12.8308,0.0,0,18.67,0.0273
3043,W2C,2,10.3606,0.0,0,23.13,0.0628
3044,N2C,2,12.3173,0.0,0,19.45,0.0346
3044,S2C,1,13.4101,0.0,0,17.87,0.0129
3044,E2C,2,12.7957,0.0,0,18.73,0.0278
3044,W2C,2,7.7729,0.0,0,30.83,0.1001
3045,N2C,2,12.3637,0.0,0,19.38,0.034
3045,S2C,1,13.7139,0.0,0,17.47,0.0085
3045,E2C,2,10.6292,0.0,0,22.54,0.059
3045,W2C,2,6.5421,0.0,0,36.62,0.1178
3046,N2C,1,13.6009,0.0,0,17.62,0.0102
3046,S2C,1,13.7772,0.0,0,17.39,0.0076
3046,E2C,2,8.2782,0.0,0,28.94,0.0928
3046,W2C,2,6.2378,1.0,1,38.41,0.1288
3047,N2C,1,13.3879,0.0,0,17.9,0.0132
3047,S2C,1,13.6471,0.0,0,17.56,0.0095
3047,E2C,2,6.9145,0.0,0,34.65,0.1124
3047,W2C,2,6.6032,2.0,1,36.29,0.1243
3048,N2C,1,13.4209,0.0,0,17.85,0.0128
3048,S2C,1,13.8456,0.0,0,17.31,0.0066
3048,E2C,2,6.811,1.0,1,35.18,0.1206
3048,W2C,2,6.5223,3.0,1,36.74,0.1261
3049,N2C,1,13.8502,0.0,0,17.3,0.0066
3049,S2C,1,13.812,0.0,0,17.35,0.0071
3049,E2C,2,6.8491,2.0,1,34.98,0.1207
3049,W2C,2,6.4264,4.0,1,37.28,0.1281
3050,N2C,1,13.7632,0.0,0,17.41,0.0078
3050,S2C,1,13.8297,0.0,0,17.33,0.0069
3050,E2C,2,6.8001,3.0,1,35.23,0.1221
3050,W2C,2,6.6808,5.0,1,35.86,0.1251
3051,N2C,1,13.5531,0.0,0,17.68,0.0109
3051,S2C,1,13.8461,0.0,0,17.3,0.0066
3051,E2C,2,6.2471,4.0,1,38.35,0.1307
3051,W2C,2,6.7511,6.0,1,35.49,0.1248
3052,N2C,1,13.7844,0.0,0,17.38,0.0075
3052,S2C,1,13.4538,0.0,0,17.81,0.0123
3052,E2C,2,6.8522,5.0,1,34.97,0.1227
3052,W2C,2,6.2974,7.0,1,38.05,0.132
3053,N2C,1,13.3262,0.0,0,17.98,0.0141
3053,S2C,1,13.8818,0.0,0,17.26,0.0061
3053,E2C,2,6.5614,6.0,1,36.52,0.1275
3053,W2C,2,6.5013,8.0,1,36.85,0.1297
3054,N2C,1,13.2912,0.0,0,18.03,0.0146
3054,S2C,1,13.606,0.0,0,17.61,0.0101
3054,E2C,2,6.3247,7.0,1,37.88,0.1316
3054,W2C,2,6.4265,9.0,1,37.28,0.1315
3055,N2C,1,13.7566,0.0,0,17.42,0.0079
3055,S2C,1,13.7735,0.0,0,17.4,0.0077
3055,E2C,2,6.6451,8.0,1,36.06,0.1277
3055,W2C,2,6.4451,10.0,1,37.18,0.1319
3056,N2C,1,13.695,0.0,0,17.5,0.0088
3056,S2C,1,13.526,0.0,0,17.71,0.0112
3056,E2C,2,6.8575,9.0,1,34.94,0.1253
3056,W2C,2,6.7951,11.0,1,35.26,0.1275
3057,N2C,1,13.3986,0.0,0,17.88,0.0131
3057,S2C,1,13.3046,0.0,0,18.01,0.0144
3057,E2C,2,6.7139,10.0,1,35.69,0.128
3057,W2C,2,6.417,12.0,1,37.34,0.1336
3058,N2C,1,13.7744,0.0,0,17.39,0.0077
3058,S2C,1,13.8842,0.0,0,17.26,0.0061
3058,E2C,2,6.623,11.0,1,36.18,0.13
3058,W2C,2,6.4393,13.0,1,37.21,0.1339
3059,N2C,1,13.5861,0.0,0,17.64,0.0104
3059,S2C,1,13.5004,0.0,0,17.75,0.0116
3059,E2C,2,6.418,12.0,1,37.33,0.1336
3059,W2C,2,6.8024,14.0,1,35.22,0.1294
3060,N2C,1,13.3115,0.0,0,18.0,0.0143
3060,S2C,1,13.5549,0.0,0,17.68,0.0108
3060,E2C,2,5.6202,13.0,1,42.63,0.1457
3060,W2C,2,6.1509,15.0,1,38.95,0.1394
3061,N2C,1,13.89,0.0,0,17.25,0.006
3061,S2C,1,13.89,0.0,0,17.25,0.006
3061,E2C,3,6.7846,14.0,1,35.32,0.1356
3061,W2C,3,7.1219,16.0,1,33.64,0.1321
3062,N2C,1,13.3908,0.0,0,17.89,0.0132
3062,S2C,1,13.6169,0.0,0,17.6,0.0099
3062,E2C,3,4.8677,15.0,1,49.22,0.1639
3062,W2C,3,5.6721,17.0,1,42.24,0.1537
3063,N2C,1,13.8847,0.0,0,17.26,0.0061
3063,S2C,1,13.4406,0.0,0,17.83,0.0125
3063,E2C,3,4.1035,16.0,1,58.39,0.1756
3063,W2C,3,4.7023,18.0,1,50.95,0.1683
3064,N2C,1,13.7665,0.0,0,17.4,0.0078
3064,S2C,1,13.8423,0.0,0,17.31,0.0067
3064,E2C,3,4.0904,18.0,2,58.58,0.1831
3064,W2C,3,4.143,19.0,1,57.83,0.177
3065,N2C,1,13.2954,0.0,0,18.02,0.0146
3065,S2C,1,13.5754,0.0,0,17.65,0.0105
3065,E2C,3,4.2137,20.0,2,56.86,0.1827
3065,W2C,3,4.2913,21.0,2,55.83,0.1822
3066,N2C,1,13.3092,0.0,0,18.0,0.0144
3066,S2C,1,13.4307,0.0,0,17.84,0.0126
3066,E2C,3,4.1319,22.0,2,57.99,0.1852
3066,W2C,3,4.2374,23.0,2,56.54,0.1843
3067,N2C,1,13.4126,0.0,0,17.86,0.0129
3067,S2C,1,13.431,0.0,0,17.84,0.0126
3067,E2C,3,4.1819,24.0,2,57.29,0.1858
3067,W2C,3,4.2247,25.0,2,56.71,0.1858
3068,N2C,1,13.8178,0.0,0,17.34,0.007
3068,S2C,1,13.7242,0.0,0,17.46,0.0084
3068,E2C,3,4.1697,26.0,2,57.46,0.1873
3068,W2C,3,4.2743,27.0,2,56.06,0.1865
3069,N2C,1,13.3385,0.0,0,17.96,0.0139
3069,S2C,1,13.494,0.0,0,17.76,0.0117
3069,E2C,3,4.3575,28.0,2,54.99,0.1859
3069,W2C,3,4.113,29.0,2,58.25,0.1901
3070,N2C,1,13.5014,0.0,0,17.75,0.0116
3070,S2C,1,13.5025,0.0,0,17.74,0.0116
3070,E2C,1,13.4866,0.0,0,17.77,0.0118
3070,W2C,1,13.4918,0.0,0,17.76,0.0117
3071,N2C,1,13.2613,0.0,0,18.07,0.0151
3071,S2C,1,13.6772,0.0,0,17.52,0.0091
3071,E2C,1,13.3728,0.0,0,17.92,0.0134
3071,W2C,1,13.0881,0.0,0,18.31,0.0175
3072,N2C,1,13.3941,0.0,0,17.89,0.0131
3072,S2C,1,13.3485,0.0,0,17.95,0.0138
3072,E2C,1,13.2623,0.0,0,18.07,0.015
3072,W2C,1,13.3115,0.0,0,18.0,0.0143
3073,N2C,1,13.4732,0.0,0,17.78,0.012
3073,S2C,1,13.7599,0.0,0,17.41,0.0079
3073,E2C,1,13.0903,0.0,0,18.3,0.0175
3073,W2C,1,13.2434,0.0,0,18.09,0.0153
3074,N2C,1,13.2536,0.0,0,18.08,0.0152
3074,S2C,1,13.6506,0.0,0,17.55,0.0094
3074,E2C,1,13.0777,0.0,0,18.32,0.0177
3074,W2C,1,13.0079,0.0,0,18.42,0.0187
3075,N2C,1,13.5881,0.0,0,17.63,0.0103
3075,S2C,1,13.5635,0.0,0,17.66,0.0107
3075,E2C,1,13.0223,0.0,0,18.4,0.0185
3075,W2C,1,13.2021,0.0,0,18.15,0.0159
3076,N2C,1,13.3742,0.0,0,17.92,0.0134
3076,S2C,1,13.7093,0.0,0,17.48,0.0086
3076,E2C,1,13.6531,0.0,0,17.55,0.0094
3076,W2C,1,13.0434,0.0,0,18.37,0.0182
3077,N2C,1,13.6641,0.0,0,17.53,0.0093
3077,S2C,1,13.3426,0.0,0,17.96,0.0139
3077,E2C,1,13.302,0.0,0,18.01,0.0145
3077,W2C,1,13.6519,0.0,0,17.55,0.0094
3078,N2C,1,13.1039,0.0,0,18.28,0.0173
3078,S2C,1,12.7982,0.0,0,18.72,0.0217
3078,E2C,1,13.1219,0.0,0,18.26,0.0171
3078,W2C,1,13.3331,0.0,0,17.97,0.014
3079,N2C,2,10.2691,0.0,0,23.33,0.0641
3079,S2C,2,10.5482,0.0,0,22.71,0.0601
3079,E2C,2,12.3227,0.0,0,19.44,0.0346
3079,W2C,2,13.6468,0.0,0,17.56,0.0155
3080,N2C,2,8.0137,0.0,0,29.9,0.0966
3080,S2C,2,8.2666,0.0,0,28.98,0.093
3080,E2C,1,12.7645,0.0,0,18.77,0.0222
3080,W2C,1,13.4674,0.0,0,17.79,0.0121
3081,N2C,2,6.224,0.0,0,38.5,0.1224
3081,S2C,2,6.5217,0.0,0,36.74,0.1181
3081,E2C,1,12.6389,0.0,0,18.96,0.024
3081,W2C,1,13.4487,0.0,0,17.82,0.0124
3082,N2C,2,5.8879,0.0,0,40.69,0.1272
3082,S2C,2,6.9378,0.0,0,34.54,0.1121
3082,E2C,1,13.0168,0.0,0,18.41,0.0186
3082,W2C,1,13.6694,0.0,0,17.53,0.0092
3083,N2C,2,6.0014,0.0,0,39.92,0.1256
3083,S2C,2,6.8998,1.0,1,34.73,0.1193
3083,E2C,1,12.6788,0.0,0,18.9,0.0234
3083,W2C,1,13.4675,0.0,0,17.79,0.0121
3084,N2C,2,6.0384,1.0,1,39.68,0.1317
3084,S2C,2,6.6299,2.0,1,36.14,0.1239
3084,E2C,1,13.0787,0.0,0,18.32,0.0177
3084,W2C,1,13.2878,0.0,0,18.03,0.0147
3085,N2C,2,5.9559,2.0,1,40.23,0.1336
3085,S2C,2,6.7712,3.0,1,35.39,0.1225
3085,E2C,1,12.6521,0.0,0,18.94,0.0238
3085,W2C,1,13.801,0.0,0,17.36,0.0073
3086,N2C,2,6.1539,3.0,1,38.93,0.1314
3086,S2C,2,6.5683,4.0,1,36.48,0.1261
3086,E2C,1,12.9976,0.0,0,18.43,0.0189
3086,W2C,1,13.5807,0.0,0,17.64,0.0105
3087,N2C,2,6.2483,4.0,1,38.35,0.1307
3087,S2C,2,6.6734,5.0,1,35.9,0.1252
3087,E2C,1,12.6649,0.0,0,18.92,0.0236
3087,W2C,1,13.3874,0.0,0,17.9,0.0132
3088,N2C,2,6.157,5.0,1,38.91,0.1327
3088,S2C,2,6.9414,6.0,1,34.52,0.1221
3088,E2C,1,12.9385,0.0,0,18.52,0.0197
3088,W2C,1,13.7453,0.0,0,17.43,0.0081
3089,N2C,2,6.1136,6.0,1,39.19,0.134
3089,S2C,2,6.3466,7.0,1,37.75,0.1313
3089,E2C,1,12.8598,0.0,0,18.63,0.0208
3089,W2C,1,13.8141,0.0,0,17.34,0.0071
3090,N2C,2,6.0968,7.0,1,39.3,0.1349
3090,S2C,2,6.5121,8.0,1,36.79,0.1296
3090,E2C,1,12.9735,0.0,0,18.47,0.0192
3090,W2C,1,13.7464,0.0,0,17.43,0.0081
3091,N2C,2,6.1607,8.0,1,38.89,0.1346
3091,S2C,2,6.9166,9.0,1,34.64,0.1244
3091,E2C,1,12.5121,0.0,0,19.15,0.0258
3091,W2C,1,13.887,0.0,0,17.25,0.006
3092,N2C,2,5.8983,9.0,1,40.62,0.1391
3092,S2C,2,6.3955,10.0,1,37.46,0.1326
3092,E2C,1,13.0763,0.0,0,18.32,0.0177
3092,W2C,1,13.8342,0.0,0,17.32,0.0068
3093,N2C,2,5.7489,10.0,1,41.68,0.1419
3093,S2C,2,6.416,11.0,1,37.34,0.133
3093,E2C,1,13.1251,0.0,0,18.26,0.017
3093,W2C,1,13.5883,0.0,0,17.63,0.0103
3094,N2C,2,6.1568,11.0,1,38.92,0.1367
3094,S2C,2,6.4754,12.0,1,37.0,0.1328
3094,E2C,1,12.9576,0.0,0,18.49,0.0194
3094,W2C,1,13.5084,0.0,0,17.74,0.0115
3095,N2C,2,6.1871,12.0,1,38.73,0.1369
3095,S2C,2,6.4147,13.0,1,37.35,0.1343
3095,E2C,1,13.0287,0.0,0,18.39,0.0184
3095,W2C,1,13.5527,0.0,0,17.68,0.0109
3096,N2C,2,6.1202,13.0,1,39.15,0.1385
3096,S2C,2,5.4336,14.0,1,44.1,0.1491
3096,E2C,1,12.5285,0.0,0,19.12,0.0256
3096,W2C,1,13.6515,0.0,0,17.55,0.0094
3097,N2C,3,7.7588,14.0,1,30.88,0.1216
3097,S2C,3,7.0343,15.0,1,34.06,0.1327
3097,E2C,2,12.0934,0.0,0,19.81,0.0379
3097,W2C,1,13.89,0.0,0,17.25,0.006
3098,N2C,3,6.393,15.0,1,37.48,0.1419
3098,S2C,3,5.4759,16.0,1,43.76,0.1558
3098,E2C,2,11.7625,0.0,0,20.37,0.0426
3098,W2C,1,13.4069,0.0,0,17.87,0.013
3099,N2C,3,4.8636,16.0,1,49.26,0.1646
3099,S2C,3,4.5734,17.0,1,52.39,0.1695
3099,E2C,1,12.9599,0.0,0,18.49,0.0194
3099,W2C,1,13.4063,0.0,0,17.87,0.013
3100,N2C,3,3.6781,17.0,1,65.14,0.1824
3100,S2C,3,4.4265,18.0,1,54.13,0.1723
3100,E2C,1,12.5812,0.0,0,19.04,0.0248
3100,W2C,1,13.4049,0.0,0,17.87,0.013
3101,N2C,3,3.822,18.0,1,62.69,0.181
3101,S2C,3,4.6019,19.0,1,52.07,0.1704
3101,E2C,1,12.9291,0.0,0,18.53,0.0198
3101,W2C,1,13.7067,0.0,0,17.48,0.0086
3102,N2C,3,3.3097,20.0,2,72.39,0.1957
3102,S2C,3,4.2343,21.0,2,56.59,0.183
3102,E2C,1,13.0744,0.0,0,18.33,0.0177
3102,W2C,1,13.2765,0.0,0,18.05,0.0148
3103,N2C,1,12.1714,0.0,0,19.69,0.0307
3103,S2C,1,13.3269,0.0,0,17.98,0.0141
3103,E2C,1,13.0602,0.0,0,18.35,0.0179
3103,W2C,1,13.7582,0.0,0,17.42,0.0079
3104,N2C,1,11.8301,0.0,0,20.25,0.0357
3104,S2C,1,13.6103,0.0,0,17.6,0.01
3104,E2C,1,12.9899,0.0,0,18.45,0.019
3104,W2C,1,13.3808,0.0,0,17.91,0.0133
3105,N2C,1,11.8386,0.0,0,20.24,0.0355
3105,S2C,1,13.6525,0.0,0,17.55,0.0094
3105,E2C,1,12.9493,0.0,0,18.5,0.0195
3105,W2C,1,13.7539,0.0,0,17.42,0.008
3106,N2C,1,12.1706,0.0,0,19.69,0.0308
3106,S2C,1,13.554,0.0,0,17.68,0.0108
3106,E2C,1,12.6899,0.0,0,18.88,0.0233
3106,W2C,1,13.5822,0.0,0,17.64,0.0104
3107,N2C,1,12.3444,0.0,0,19.41,0.0283
3107,S2C,1,13.3412,0.0,0,17.96,0.0139
3107,E2C,1,13.0386,0.0,0,18.38,0.0183
3107,W2C,1,13.3304,0.0,0,17.97,0.0141
3108,N2C,1,11.9217,0.0,0,20.1,0.0343
3108,S2C,1,13.6552,0.0,0,17.55,0.0094
3108,E2C,1,12.6109,0.0,0,19.0,0.0244
3108,W2C,1,13.2432,0.0,0,18.09,0.0153
3109,N2C,1,12.083,0.0,0,19.83,0.032
3109,S2C,1,13.7411,0.0,0,17.44,0.0081
3109,E2C,1,13.092,0.0,0,18.3,0.0175
3109,W2C,1,13.6963,0.0,0,17.49,0.0088
3110,N2C,1,11.9593,0.0,0,20.03,0.0338
3110,S2C,1,13.7015,0.0,0,17.49,0.0087
3110,E2C,1,12.6917,0.0,0,18.88,0.0233
3110,W2C,1,13.4045,0.0,0,17.87,0.013
3111,N2C,1,12.2194,0.0,0,19.61,0.0301
3111,S2C,1,13.4376,0.0,0,17.83,0.0125
3111,E2C,1,12.8853,0.0,0,18.59,0.0205
3111,W2C,1,13.4048,0.0,0,17.87,0.013
3112,N2C,1,11.9916,0.0,0,19.98,0.0333
3112,S2C,1,13.8788,0.0,0,17.26,0.0062
3112,E2C,1,13.0038,0.0,0,18.43,0.0188
3112,W2C,1,13.5444,0.0,0,17.69,0.011
3113,N2C,1,12.1523,0.0,0,19.72,0.031
3113,S2C,1,13.3968,0.0,0,17.88,0.0131
3113,E2C,1,13.066,0.0,0,18.34,0.0179
3113,W2C,1,13.3954,0.0,0,17.89,0.0131
3114,N2C,1,12.1452,0.0,0,19.73,0.0311
3114,S2C,1,13.5018,0.0,0,17.75,0.0116
3114,E2C,1,12.9903,0.0,0,18.44,0.019
3114,W2C,1,12.8784,0.0,0,18.6,0.0206
3115,N2C,2,12.1155,0.0,0,19.78,0.0376
3115,S2C,1,13.4136,0.0,0,17.86,0.0129
3115,E2C,2,12.3722,0.0,0,19.37,0.0339
3115,W2C,2,10.8425,0.0,0,22.1,0.0559
3116,N2C,2,11.3863,0.0,0,21.04,0.0481
3116,S2C,1,13.2275,0.0,0,18.11,0.0155
3116,E2C,2,11.4552,0.0,0,20.92,0.0471
3116,W2C,2,8.5301,0.0,0,28.09,0.0892
3117,N2C,2,12.073,0.0,0,19.85,0.0382
3117,S2C,1,13.2449,0.0,0,18.09,0.0153
3117,E2C,2,9.3166,0.0,0,25.72,0.0779
3117,W2C,2,7.201,0.0,0,33.27,0.1083
3118,N2C,2,11.4549,0.0,0,20.92,0.0471
3118,S2C,1,13.0871,0.0,0,18.31,0.0176
3118,E2C,2,7.3288,0.0,0,32.69,0.1065
3118,W2C,2,7.0652,0.0,0,33.91,0.1103
3119,N2C,2,12.011,0.0,0,19.95,0.0391
3119,S2C,1,12.9647,0.0,0,18.48,0.0193
3119,E2C,2,6.5714,0.0,0,36.46,0.1174
3119,W2C,2,6.4171,1.0,1,37.34,0.1263
3120,N2C,1,13.5876,0.0,0,17.63,0.0104
3120,S2C,1,13.112,0.0,0,18.27,0.0172
3120,E2C,2,6.5964,0.0,0,36.32,0.117
3120,W2C,2,6.8909,2.0,1,34.77,0.1201
3121,N2C,1,13.7193,0.0,0,17.46,0.0085
3121,S2C,1,12.9324,0.0,0,18.53,0.0198
3121,E2C,2,6.5836,1.0,1,36.39,0.1239
3121,W2C,2,6.7552,3.0,1,35.47,0.1227
3122,N2C,1,13.3564,0.0,0,17.94,0.0137
3122,S2C,1,13.373,0.0,0,17.92,0.0134
3122,E2C,2,6.5851,2.0,1,36.39,0.1245
3122,W2C,2,6.6362,4.0,1,36.1,0.1251
3123,N2C,1,13.6483,0.0,0,17.56,0.0095
3123,S2C,1,13.2304,0.0,0,18.11,0.0155
3123,E2C,2,6.2939,3.0,1,38.07,0.1294
3123,W2C,2,6.5245,5.0,1,36.72,0.1274
3124,N2C,1,13.641,0.0,0,17.56,0.0096
3124,S2C,1,13.3111,0.0,0,18.0,0.0143
3124,E2C,2,6.5327,4.0,1,36.68,0.1266
3124,W2C,2,6.6187,6.0,1,36.2,0.1267
3125,N2C,1,13.2869,0.0,0,18.03,0.0147
3125,S2C,1,12.8738,0.0,0,18.61,0.0206
3125,E2C,2,6.5483,5.0,1,36.59,0.127
3125,W2C,2,6.5297,7.0,1,36.69,0.1286
3126,N2C,1,13.3027,0.0,0,18.01,0.0145
3126,S2C,1,13.2928,0.0,0,18.02,0.0146
3126,E2C,2,6.0125,6.0,1,39.85,0.1354
3126,W2C,2,6.7091,8.0,1,35.71,0.1267
3127,N2C,1,13.766,0.0,0,17.41,0.0078
3127,S2C,1,13.178,0.0,0,18.18,0.0163
3127,E2C,2,6.4375,7.0,1,37.22,0.13
3127,W2C,2,6.5476,9.0,1,36.59,0.1297
3128,N2C,1,13.2678,0.0,0,18.06,0.015
3128,S2C,1,12.9895,0.0,0,18.45,0.019
3128,E2C,2,6.4966,8.0,1,36.88,0.1298
3128,W2C,2,6.7998,10.0,1,35.24,0.1268
3129,N2C,1,13.8559,0.0,0,17.29,0.0065
3129,S2C,1,12.9849,0.0,0,18.45,0.019
3129,E2C,2,6.0818,9.0,1,39.4,0.1364
3129,W2C,2,6.357,11.0,1,37.69,0.1338
3130,N2C,1,13.8709,0.0,0,17.27,0.0063
3130,S2C,1,13.2572,0.0,0,18.07,0.0151
3130,E2C,2,6.581,10.0,1,36.41,0.1299
3130,W2C,2,6.5177,12.0,1,36.76,0.1322
3131,N2C,1,13.4423,0.0,0,17.82,0.0124
3131,S2C,1,13.032,0.0,0,18.39,0.0184
3131,E2C,2,6.3784,11.0,1,37.56,0.1335
3131,W2C,2,6.3326,13.0,1,37.84,0.1355
3132,N2C,1,13.7969,0.0,0,17.37,0.0073
3132,S2C,1,13.3704,0.0,0,17.92,0.0135
3132,E2C,2,6.1158,12.0,1,39.18,0.1379
3132,W2C,2,5.8973,14.0,1,40.63,0.1424
3133,N2C,1,13.89,0.0,0,17.25,0.006
3133,S2C,2,12.4121,0.0,0,19.3,0.0333
3133,E2C,3,7.7547,13.0,1,30.9,0.121
3133,W2C,3,7.0615,15.0,1,33.93,0.1323
3134,N2C,1,13.3327,0.0,0,17.97,0.014
3134,S2C,2,9.9155,0.0,0,24.16,0.0692
3134,E2C,3,6.163,14.0,1,38.88,0.1446
3134,W2C,3,5.1389,16.0,1,46.62,0.1607
3135,N2C,1,13.8238,0.0,0,17.33,0.007
3135,S2C,2,8.2829,0.0,0,28.93,0.0927
3135,E2C,3,5.0256,15.0,1,47.68,0.1616
3135,W2C,3,4.3197,17.0,1,55.47,0.1731
3136,N2C,1,13.7331,0.0,0,17.45,0.0083
3136,S2C,2,6.7763,0.0,0,35.36,0.1144
3136,E2C,1,13.2922,0.0,0,18.03,0.0146
3136,W2C,1,13.4104,0.0,0,17.87,0.0129
3137,N2C,1,13.8482,0.0,0,17.3,0.0066
3137,S2C,2,6.5386,0.0,0,36.64,0.1179
3137,E2C,1,13.663,0.0,0,17.54,0.0093
3137,W2C,1,13.7359,0.0,0,17.44,0.0082
3138,N2C,1,13.7089,0.0,0,17.48,0.0086
3138,S2C,2,6.4557,1.0,1,37.11,0.1257
3138,E2C,1,13.2858,0.0,0,18.03,0.0147
3138,W2C,1,13.8127,0.0,0,17.35,0.0071
3139,N2C,1,13.7682,0.0,0,17.4,0.0078
3139,S2C,2,6.3756,2.0,1,37.58,0.1275
3139,E2C,1,13.7289,0.0,0,17.45,0.0083
3139,W2C,1,13.3236,0.0,0,17.98,0.0142
3140,N2C,1,13.3367,0.0,0,17.97,0.014
3140,S2C,2,6.2076,3.0,1,38.6,0.1306
3140,E2C,1,13.611,0.0,0,17.6,0.01
3140,W2C,1,13.3096,0.0,0,18.0,0.0144
3141,N2C,1,13.6732,0.0,0,17.52,0.0091
3141,S2C,2,6.2247,4.0,1,38.49,0.131
3141,E2C,1,13.4442,0.0,0,17.82,0.0124
3141,W2C,1,13.3983,0.0,0,17.88,0.0131
3142,N2C,1,13.4241,0.0,0,17.85,0.0127
3142,S2C,2,6.3123,5.0,1,37.96,0.1304
3142,E2C,1,13.7532,0.0,0,17.42,0.008
3142,W2C,1,13.6514,0.0,0,17.55,0.0094
3143,N2C,1,13.6605,0.0,0,17.54,0.0093
3143,S2C,2,6.3994,6.0,1,37.44,0.1299
3143,E2C,1,13.5644,0.0,0,17.66,0.0107
3143,W2C,1,13.3845,0.0,0,17.9,0.0133
3144,N2C,1,13.4185,0.0,0,17.86,0.0128
3144,S2C,2,6.4268,7.0,1,37.28,0.1301
3144,E2C,1,13.3724,0.0,0,17.92,0.0135
3144,W2C,1,13.4568,0.0,0,17.81,0.0122
3145,N2C,1,13.5134,0.0,0,17.73,0.0114
3145,S2C,2,6.4892,8.0,1,36.92,0.1299
3145,E2C,1,13.3099,0.0,0,18.0,0.0144
3145,W2C,1,13.5731,0.0,0,17.65,0.0106
3146,N2C,1,13.5839,0.0,0,17.64,0.0104
3146,S2C,2,6.793,9.0,1,35.27,0.1262
3146,E2C,1,13.7726,0.0,0,17.4,0.0077
3146,W2C,1,13.6123,0.0,0,17.6,0.01
3147,N2C,1,13.7128,0.0,0,17.47,0.0086
3147,S2C,2,6.4912,10.0,1,36.91,0.1312
3147,E2C,1,13.5416,0.0,0,17.69,0.011
3147,W2C,1,13.6013,0.0,0,17.62,0.0102
3148,N2C,1,13.7416,0.0,0,17.44,0.0081
3148,S2C,2,6.1934,11.0,1,38.69,0.1362
3148,E2C,1,13.2619,0.0,0,18.07,0.015
3148,W2C,1,13.6459,0.0,0,17.56,0.0095
3149,N2C,1,13.8395,0.0,0,17.31,0.0067
3149,S2C,2,6.1875,12.0,1,38.72,0.1369
3149,E2C,1,13.4045,0.0,0,17.87,0.013
3149,W2C,1,13.8305,0.0,0,17.32,0.0069
3150,N2C,1,12.0413,0.0,0,19.9,0.0326
3150,S2C,2,6.2199,13.0,1,38.52,0.1371
3150,E2C,1,13.5909,0.0,0,17.63,0.0103
3150,W2C,1,13.4409,0.0,0,17.83,0.0125
3151,N2C,2,10.3387,0.0,0,23.18,0.0631
3151,S2C,3,7.656,14.0,1,31.3,0.1231
3151,E2C,1,13.4393,0.0,0,17.83,0.0125
3151,W2C,1,13.774,0.0,0,17.4,0.0077
3152,N2C,2,7.672,0.0,0,31.23,0.1015
3152,S2C,3,6.0236,15.0,1,39.78,0.1473
3152,E2C,1,13.3253,0.0,0,17.98,0.0141
3152,W2C,1,13.6031,0.0,0,17.61,0.0101
3153,N2C,2,6.7824,0.0,0,35.33,0.1143
3153,S2C,3,4.7049,16.0,1,50.93,0.1669
3153,E2C,1,13.2223,0.0,0,18.12,0.0156
3153,W2C,1,13.3184,0.0,0,17.99,0.0142
3154,N2C,2,6.3884,0.0,0,37.51,0.12
3154,S2C,3,4.0035,17.0,1,59.85,0.1777
3154,E2C,1,12.8728,0.0,0,18.61,0.0206
3154,W2C,1,13.5614,0.0,0,17.67,0.0107
3155,N2C,2,6.489,1.0,1,36.92,0.1252
3155,S2C,3,4.1735,19.0,2,57.41,0.1826
3155,E2C,1,13.3721,0.0,0,17.92,0.0135
3155,W2C,1,13.6815,0.0,0,17.51,0.009
3156,N2C,2,6.4502,2.0,1,37.15,0.1265
3156,S2C,3,4.0942,21.0,2,58.52,0.185
3156,E2C,1,13.417,0.0,0,17.86,0.0128
3156,W2C,1,13.4457,0.0,0,17.82,0.0124
3157,N2C,2,6.8525,3.0,1,34.97,0.1213
3157,S2C,3,3.9161,23.0,2,61.18,0.1889
3157,E2C,1,13.271,0.0,0,18.05,0.0149
3157,W2C,1,13.7325,0.0,0,17.45,0.0083
3158,N2C,2,6.3169,4.0,1,37.93,0.1297
3158,S2C,3,4.0814,25.0,2,58.71,0.1879
3158,E2C,1,12.7922,0.0,0,18.73,0.0218
3158,W2C,1,13.6921,0.0,0,17.5,0.0088
3159,N2C,2,6.8825,5.0,1,34.81,0.1222
3159,S2C,3,3.919,27.0,2,61.14,0.1916
3159,E2C,1,13.4232,0.0,0,17.85,0.0127
3159,W2C,1,13.766,0.0,0,17.41,0.0078
3160,N2C,2,6.8601,6.0,1,34.93,0.1232
3160,S2C,3,3.9019,29.0,2,61.41,0.1932
3160,E2C,1,13.2257,0.0,0,18.12,0.0156
3160,W2C,1,13.1342,0.0,0,18.24,0.0169
3161,N2C,2,6.9399,7.0,1,34.52,0.1227
3161,S2C,3,3.973,31.0,2,60.31,0.1935
3161,E2C,1,13.2007,0.0,0,18.15,0.0159
3161,W2C,1,13.2438,0.0,0,18.09,0.0153
3162,N2C,2,6.7501,8.0,1,35.5,0.1261
3162,S2C,3,4.2461,33.0,2,56.43,0.1909
3162,E2C,1,13.2314,0.0,0,18.11,0.0155
3162,W2C,1,13.2211,0.0,0,18.12,0.0156
3163,N2C,2,6.5084,9.0,1,36.81,0.1303
3163,S2C,3,4.2427,35.0,2,56.47,0.1922
3163,E2C,1,13.1879,0.0,0,18.17,0.0161
3163,W2C,1,13.5721,0.0,0,17.65,0.0106
3164,N2C,2,6.4247,10.0,1,37.29,0.1322
3164,S2C,3,3.9341,37.0,2,60.9,0.198
3164,E2C,1,12.9223,0.0,0,18.54,0.0199
3164,W2C,1,13.5923,0.0,0,17.63,0.0103
3165,N2C,2,6.7699,11.0,1,35.39,0.1279
3165,S2C,3,4.0498,39.0,2,59.16,0.1977
3165,E2C,1,12.8148,0.0,0,18.7,0.0215
3165,W2C,1,13.4733,0.0,0,17.78,0.012
3166,N2C,2,6.5191,12.0,1,36.75,0.1321
3166,S2C,3,4.1279,41.0,2,58.04,0.1979
3166,E2C,1,13.1442,0.0,0,18.23,0.0167
3166,W2C,1,13.1369,0.0,0,18.24,0.0168
3167,N2C,2,6.5003,13.0,1,36.86,0.1331
3167,S2C,3,3.9795,43.0,2,60.21,0.2014
3167,E2C,1,13.3721,0.0,0,17.92,0.0135
3167,W2C,1,13.3488,0.0,0,17.95,0.0138
3168,N2C,2,5.9134,14.0,1,40.52,0.1422
3168,S2C,3,3.9134,45.0,2,61.22,0.2037
3168,E2C,1,13.0445,0.0,0,18.37,0.0182
3168,W2C,1,13.3849,0.0,0,17.9,0.0133
3169,N2C,1,13.6379,0.0,0,17.57,0.0096
3169,S2C,2,12.3061,0.0,0,19.47,0.0348
3169,E2C,2,12.8139,0.0,0,18.7,0.0275
3169,W2C,2,11.0682,0.0,0,21.65,0.0526
3170,N2C,1,13.232,0.0,0,18.11,0.0155
3170,S2C,2,10.1889,0.0,0,23.52,0.0653
3170,E2C,2,10.1482,0.0,0,23.61,0.0659
3170,W2C,2,8.4242,0.0,0,28.44,0.0907
3171,N2C,1,13.1047,0.0,0,18.28,0.0173
3171,S2C,2,10.7863,0.0,0,22.21,0.0567
3171,E2C,2,8.0027,0.0,0,29.94,0.0968
3171,W2C,2,6.5575,1.0,1,36.54,0.1242
3172,N2C,1,13.2811,0.0,0,18.04,0.0148
3172,S2C,1,13.4245,0.0,0,17.85,0.0127
3172,E2C,2,6.8942,0.0,0,34.75,0.1127
3172,W2C,2,6.4956,2.0,1,36.89,0.1258
3173,N2C,1,13.4293,0.0,0,17.84,0.0126
3173,S2C,1,13.3909,0.0,0,17.89,0.0132
3173,E2C,2,6.836,0.0,0,35.05,0.1136
3173,W2C,2,6.298,3.0,1,38.04,0.1293
3174,N2C,1,13.5662,0.0,0,17.66,0.0107
3174,S2C,1,13.6831,0.0,0,17.51,0.009
3174,E2C,2,6.6839,1.0,1,35.85,0.1224
3174,W2C,2,6.4562,4.0,1,37.11,0.1277
3175,N2C,1,13.2596,0.0,0,18.07,0.0151
3175,S2C,1,13.7047,0.0,0,17.48,0.0087
3175,E2C,2,6.9421,2.0,1,34.51,0.1194
3175,W2C,2,6.7368,5.0,1,35.57,0.1243
3176,N2C,1,12.99,0.0,0,18.44,0.019
3176,S2C,1,13.8564,0.0,0,17.29,0.0065
3176,E2C,2,6.4922,3.0,1,36.91,0.1265
3176,W2C,2,6.3567,6.0,1,37.69,0.1305
3177,N2C,1,13.121,0.0,0,18.26,0.0171
3177,S2C,1,13.2455,0.0,0,18.09,0.0153
3177,E2C,2,6.3063,4.0,1,37.99,0.1299
3177,W2C,2,6.2901,7.0,1,38.09,0.1321
3178,N2C,1,13.3291,0.0,0,17.98,0.0141
3178,S2C,1,13.8059,0.0,0,17.35,0.0072
3178,E2C,2,6.6574,5.0,1,35.99,0.1255
3178,W2C,2,6.6738,8.0,1,35.9,0.1272
3179,N2C,1,13.2944,0.0,0,18.02,0.0146
3179,S2C,1,13.6867,0.0,0,17.51,0.0089
3179,E2C,2,6.8396,6.0,1,35.03,0.1235
3179,W2C,2,6.5292,9.0,1,36.7,0.13
3180,N2C,1,13.2189,0.0,0,18.13,0.0157
3180,S2C,1,13.2799,0.0,0,18.04,0.0148
3180,E2C,2,6.8967,7.0,1,34.74,0.1234
3180,W2C,2,6.8772,10.0,1,34.84,0.1256
3181,N2C,1,13.4758,0.0,0,17.78,0.012
3181,S2C,1,13.7918,0.0,0,17.37,0.0074
3181,E2C,2,6.7354,8.0,1,35.57,0.1264
3181,W2C,2,6.3511,11.0,1,37.73,0.1339
3182,N2C,1,13.4892,0.0,0,17.76,0.0118
3182,S2C,1,13.4584,0.0,0,17.8,0.0122
3182,E2C,2,6.3471,9.0,1,37.75,0.1326
3182,W2C,2,6.6819,12.0,1,35.86,0.1298
3183,N2C,1,13.4598,0.0,0,17.8,0.0122
3183,S2C,1,13.5415,0.0,0,17.69,0.011
3183,E2C,2,6.4613,10.0,1,37.08,0.1316
3183,W2C,2,6.8221,13.0,1,35.12,0.1284
3184,N2C,1,13.2954,0.0,0,18.02,0.0146
3184,S2C,1,13.4827,0.0,0,17.77,0.0119
3184,E2C,2,6.3041,11.0,1,38.01,0.1346
3184,W2C,2,6.265,14.0,1,38.24,0.1371
3185,N2C,1,13.4381,0.0,0,17.83,0.0125
3185,S2C,1,13.8578,0.0,0,17.29,0.0065
3185,E2C,2,6.7544,12.0,1,35.47,0.1287
3185,W2C,2,6.4955,15.0,1,36.89,0.1345
3186,N2C,1,13.2283,0.0,0,18.11,0.0155
3186,S2C,1,13.4754,0.0,0,17.78,0.012
3186,E2C,2,5.6433,13.0,1,42.46,0.1454
3186,W2C,2,6.3899,16.0,1,37.5,0.1367
3187,N2C,2,13.6255,0.0,0,17.58,0.0158
3187,S2C,1,12.4475,0.0,0,19.25,0.0268
3187,E2C,3,7.1733,14.0,1,33.4,0.13
3187,W2C,3,7.3899,17.0,1,32.42,0.1289
3188,N2C,1,13.7467,0.0,0,17.43,0.0081
3188,S2C,1,12.3039,0.0,0,19.47,0.0288
3188,E2C,3,5.371,15.0,1,44.61,0.1567
3188,W2C,3,5.837,18.0,1,41.05,0.152
3189,N2C,1,13.5021,0.0,0,17.75,0.0116
3189,S2C,1,12.1322,0.0,0,19.75,0.0313
3189,E2C,3,4.4145,17.0,2,54.28,0.1778
3189,W2C,3,4.4971,19.0,1,53.28,0.1719
3190,N2C,1,13.4054,0.0,0,17.87,0.013
3190,S2C,1,12.3558,0.0,0,19.39,0.0281
3190,E2C,3,4.421,19.0,2,54.2,0.179
3190,W2C,3,4.5357,20.0,1,52.83,0.172
3191,N2C,1,13.4905,0.0,0,17.76,0.0118
3191,S2C,1,12.0318,0.0,0,19.91,0.0328
3191,E2C,3,4.3872,21.0,2,54.61,0.1808
3191,W2C,3,4.4608,22.0,2,53.71,0.1804
3192,N2C,1,13.5071,0.0,0,17.74,0.0115
3192,S2C,1,12.092,0.0,0,19.81,0.0319
3192,E2C,3,4.2228,23.0,2,56.74,0.1845
3192,W2C,3,4.5458,24.0,2,52.71,0.1805
3193,N2C,1,13.4781,0.0,0,17.78,0.0119
3193,S2C,1,12.1164,0.0,0,19.77,0.0315
3193,E2C,3,4.2581,25.0,2,56.27,0.1854
3193,W2C,3,4.2598,26.0,2,56.25,0.186
3194,N2C,1,13.5688,0.0,0,17.66,0.0106
3194,S2C,1,12.3605,0.0,0,19.38,0.028
3194,E2C,3,4.6298,27.0,2,51.75,0.1813
3194,W2C,3,4.278,28.0,2,56.01,0.1871
3195,N2C,1,13.2467,0.0,0,18.09,0.0153
3195,S2C,1,12.0272,0.0,0,19.92,0.0328
3195,E2C,3,4.536,29.0,2,52.82,0.184
3195,W2C,3,4.2062,30.0,2,56.96,0.1894
3196,N2C,1,13.3662,0.0,0,17.93,0.0135
3196,S2C,1,12.3317,0.0,0,19.43,0.0284
3196,E2C,3,4.2001,31.0,2,57.05,0.1902
3196,W2C,3,4.4674,32.0,2,53.63,0.187
3197,N2C,1,13.5731,0.0,0,17.65,0.0106
3197,S2C,1,12.1278,0.0,0,19.76,0.0314
3197,E2C,3,4.3772,33.0,2,54.74,0.189
3197,W2C,3,4.2746,34.0,2,56.05,0.1911
3198,N2C,1,13.8719,0.0,0,17.27,0.0063
3198,S2C,1,12.0088,0.0,0,19.95,0.0331
3198,E2C,3,4.5732,35.0,2,52.39,0.1875
3198,W2C,3,4.524,36.0,2,52.96,0.1889
3199,N2C,1,13.31,0.0,0,18.0,0.0144
3199,S2C,1,12.0007,0.0,0,19.97,0.0332
3199,E2C,3,4.4432,37.0,2,53.92,0.1907
3199,W2C,3,4.3238,38.0,2,55.41,0.1931
3200,N2C,1,13.792,0.0,0,17.37,0.0074
3200,S2C,1,12.337,0.0,0,19.42,0.0284
3200,E2C,3,4.2676,39.0,2,56.14,0.1946
3200,W2C,3,4.5311,40.0,2,52.88,0.1914
3201,N2C,1,13.8861,0.0,0,17.25,0.0061
3201,S2C,1,12.0457,0.0,0,19.89,0.0326
3201,E2C,3,4.5693,41.0,2,52.44,0.1915
3201,W2C,3,4.3498,42.0,2,55.08,0.1954
3202,N2C,1,13.3279,0.0,0,17.98,0.0141
3202,S2C,1,11.8582,0.0,0,20.21,0.0353
3202,E2C,1,13.3447,0.0,0,17.95,0.0139
3202,W2C,1,13.6567,0.0,0,17.54,0.0094
3203,N2C,1,13.411,0.0,0,17.87,0.0129
3203,S2C,1,12.227,0.0,0,19.6,0.0299
3203,E2C,1,13.5433,0.0,0,17.69,0.011
3203,W2C,1,13.4485,0.0,0,17.82,0.0124
3204,N2C,1,12.5072,0.0,0,19.16,0.0259
3204,S2C,1,11.9194,0.0,0,20.1,0.0344
3204,E2C,1,12.0718,0.0,0,19.85,0.0322
3204,W2C,1,12.5996,0.0,0,19.02,0.0246
3205,N2C,2,10.5125,0.0,0,22.79,0.0606
3205,S2C,2,11.9201,0.0,0,20.1,0.0404
3205,E2C,2,11.0436,0.0,0,21.7,0.053
3205,W2C,2,12.5715,0.0,0,19.06,0.031
3206,N2C,2,8.3876,0.0,0,28.57,0.0912
3206,S2C,2,11.6835,0.0,0,20.51,0.0438
3206,E2C,1,13.7359,0.0,0,17.44,0.0082
3206,W2C,1,13.4743,0.0,0,17.78,0.012
3207,N2C,2,7.0738,0.0,0,33.87,0.1101
3207,S2C,2,11.92,0.0,0,20.1,0.0404
3207,E2C,1,13.7371,0.0,0,17.44,0.0082
3207,W2C,1,13.8029,0.0,0,17.36,0.0073
3208,N2C,2,6.661,0.0,0,35.97,0.1161
3208,S2C,2,12.3817,0.0,0,19.35,0.0337
3208,E2C,1,13.63,0.0,0,17.58,0.0097
3208,W2C,1,13.8521,0.0,0,17.3,0.0065
3209,N2C,2,6.8879,0.0,0,34.79,0.1128
3209,S2C,2,11.4233,0.0,0,20.97,0.0475
3209,E2C,1,13.5945,0.0,0,17.62,0.0103
3209,W2C,1,13.5548,0.0,0,17.68,0.0108
3210,N2C,2,6.7439,1.0,1,35.53,0.1216
3210,S2C,2,8.9825,0.0,0,26.67,0.0827
3210,E2C,1,13.5229,0.0,0,17.72,0.0113
3210,W2C,1,13.8377,0.0,0,17.32,0.0068
3211,N2C,2,6.7008,2.0,1,35.76,0.1228
3211,S2C,2,7.3263,0.0,0,32.7,0.1065
3211,E2C,1,13.3098,0.0,0,18.0,0.0144
3211,W2C,1,13.2643,0.0,0,18.06,0.015
3212,N2C,2,6.603,3.0,1,36.29,0.1249
3212,S2C,2,6.8873,0.0,0,34.79,0.1128
3212,E2C,1,13.6307,0.0,0,17.58,0.0097
3212,W2C,1,13.3045,0.0,0,18.01,0.0144
3213,N2C,2,6.7134,4.0,1,35.69,0.124
3213,S2C,2,6.5289,1.0,1,36.7,0.1247
3213,E2C,1,13.2362,0.0,0,18.1,0.0154
3213,W2C,1,13.3438,0.0,0,17.96,0.0139
3214,N2C,2,6.3221,5.0,1,37.9,0.1303
3214,S2C,2,6.8686,2.0,1,34.88,0.1204
3214,E2C,1,13.5076,0.0,0,17.74,0.0115
3214,W2C,1,13.4131,0.0,0,17.86,0.0129
3215,N2C,2,6.9337,6.0,1,34.56,0.1222
3215,S2C,2,6.5576,3.0,1,36.54,0.1256
3215,E2C,1,13.4113,0.0,0,17.87,0.0129
3215,W2C,1,13.8667,0.0,0,17.28,0.0063
3216,N2C,2,6.7662,7.0,1,35.41,0.1252
3216,S2C,2,6.499,4.0,1,36.87,0.1271
3216,E2C,1,13.731,0.0,0,17.45,0.0083
3216,W2C,1,13.6643,0.0,0,17.53,0.0093
3217,N2C,2,6.8036,8.0,1,35.22,0.1254
3217,S2C,2,6.7249,5.0,1,35.63,0.1245
3217,E2C,1,13.7738,0.0,0,17.4,0.0077
3217,W2C,1,13.2606,0.0,0,18.07,0.0151
3218,N2C,2,6.486,9.0,1,36.94,0.1306
3218,S2C,2,6.2976,6.0,1,38.05,0.1313
3218,E2C,1,13.7483,0.0,0,17.43,0.008
3218,W2C,1,13.3216,0.0,0,17.99,0.0142
3219,N2C,2,6.9348,10.0,1,34.55,0.1248
3219,S2C,2,6.8371,7.0,1,35.04,0.1242
3219,E2C,1,13.6223,0.0,0,17.59,0.0099
3219,W2C,1,13.8345,0.0,0,17.32,0.0068
3220,N2C,2,6.3478,11.0,1,37.75,0.1339
3220,S2C,2,6.6366,8.0,1,36.1,0.1278
3220,E2C,1,13.5556,0.0,0,17.68,0.0108
3220,W2C,1,13.8204,0.0,0,17.34,0.007
3221,N2C,2,6.7216,12.0,1,35.65,0.1292
3221,S2C,2,6.6272,9.0,1,36.15,0.1286
3221,E2C,1,13.3513,0.0,0,17.95,0.0138
3221,W2C,1,13.7914,0.0,0,17.37,0.0074
3222,N2C,2,5.5966,13.0,1,42.81,0.1461
3222,S2C,2,5.171,10.0,1,46.34,0.1502
3222,E2C,1,13.5166,0.0,0,17.73,0.0114
3222,W2C,1,13.2835,0.0,0,18.04,0.0147
3223,N2C,3,6.8176,14.0,1,35.14,0.1352
3223,S2C,3,7.1776,11.0,1,33.38,0.128
3223,E2C,1,13.89,0.0,0,17.25,0.006
3223,W2C,1,13.2497,0.0,0,18.08,0.0152
3224,N2C,3,5.0856,15.0,1,47.11,0.1608
3224,S2C,3,5.3951,12.0,1,44.41,0.1543
3224,E2C,1,13.5074,0.0,0,17.74,0.0115
3224,W2C,1,12.6169,0.0,0,18.99,0.0243
3225,N2C,3,4.7003,16.0,1,50.98,0.167
3225,S2C,3,4.2713,13.0,1,56.1,0.1712
3225,E2C,1,13.771,0.0,0,17.4,0.0077
3225,W2C,1,12.9503,0.0,0,18.5,0.0195
3226,N2C,3,4.4246,18.0,2,54.15,0.1783
3226,S2C,3,4.3965,15.0,2,54.5,0.1767
3226,E2C,1,13.8791,0.0,0,17.26,0.0062
3226,W2C,1,13.0585,0.0,0,18.35,0.018
3227,N2C,3,4.5629,20.0,2,52.51,0.1776
3227,S2C,3,4.5833,17.0,2,52.28,0.1753
3227,E2C,1,13.5673,0.0,0,17.66,0.0106
3227,W2C,1,13.0174,0.0,0,18.41,0.0186
3228,N2C,3,4.1586,22.0,2,57.62,0.1848
3228,S2C,3,4.265,19.0,2,56.18,0.1813
3228,E2C,1,13.3479,0.0,0,17.95,0.0138
3228,W2C,1,13.0472,0.0,0,18.36,0.0181
3229,N2C,3,4.1739,24.0,2,57.4,0.1859
3229,S2C,3,4.2311,21.0,2,56.63,0.1831
3229,E2C,1,13.4398,0.0,0,17.83,0.0125
3229,W2C,1,13.1679,0.0,0,18.2,0.0164
3230,N2C,3,4.4026,26.0,2,54.42,0.1839
3230,S2C,3,4.5883,23.0,2,52.22,0.1793
3230,E2C,1,13.8398,0.0,0,17.31,0.0067
3230,W2C,1,12.7815,0.0,0,18.75,0.022
3231,N2C,3,4.5149,28.0,2,53.07,0.1837
3231,S2C,3,4.5186,25.0,2,53.02,0.1816
3231,E2C,1,13.318,0.0,0,17.99,0.0142
3231,W2C,1,13.2287,0.0,0,18.11,0.0155
3232,N2C,3,4.5176,30.0,2,53.04,0.185
3232,S2C,3,4.5798,27.0,2,52.32,0.1821
3232,E2C,1,13.3395,0.0,0,17.96,0.0139
3232,W2C,1,13.2166,0.0,0,18.13,0.0157
3233,N2C,3,4.3063,32.0,2,55.64,0.1893
3233,S2C,3,4.436,29.0,2,54.01,0.1855
3233,E2C,1,13.3854,0.0,0,17.9,0.0133
3233,W2C,1,12.9579,0.0,0,18.49,0.0194
3234,N2C,3,4.4765,34.0,2,53.52,0.1882
3234,S2C,3,4.3438,31.0,2,55.16,0.1881
3234,E2C,1,13.6602,0.0,0,17.54,0.0093
3234,W2C,1,12.8002,0.0,0,18.72,0.0217
3235,N2C,1,13.5754,0.0,0,17.65,0.0105
3235,S2C,1,13.7075,0.0,0,17.48,0.0086
3235,E2C,1,13.2493,0.0,0,18.08,0.0152
3235,W2C,1,12.9922,0.0,0,18.44,0.0189
3236,N2C,1,13.7744,0.0,0,17.39,0.0077
3236,S2C,1,13.8144,0.0,0,17.34,0.0071
3236,E2C,1,13.2842,0.0,0,18.04,0.0147
3236,W2C,1,12.7654,0.0,0,18.77,0.0222
3237,N2C,1,13.5108,0.0,0,17.73,0.0115
3237,S2C,1,13.5357,0.0,0,17.7,0.0111
3237,E2C,1,13.4247,0.0,0,17.85,0.0127
3237,W2C,1,13.0814,0.0,0,18.32,0.0176
3238,N2C,1,13.4464,0.0,0,17.82,0.0124
3238,S2C,1,13.817,0.0,0,17.34,0.0071
3238,E2C,1,13.6723,0.0,0,17.52,0.0091
3238,W2C,1,13.0741,0.0,0,18.33,0.0177
3239,N2C,1,13.7942,0.0,0,17.37,0.0074
3239,S2C,1,13.4234,0.0,0,17.85,0.0127
3239,E2C,1,13.6596,0.0,0,17.54,0.0093
3239,W2C,1,13.0719,0.0,0,18.33,0.0178
3240,N2C,1,13.4421,0.0,0,17.82,0.0124
3240,S2C,1,13.5528,0.0,0,17.68,0.0109
3240,E2C,1,12.7435,0.0,0,18.8,0.0225
3240,W2C,1,12.7888,0.0,0,18.74,0.0219
3241,N2C,1,13.89,0.0,0,17.25,0.006
3241,S2C,1,13.3851,0.0,0,17.9,0.0133
3241,E2C,2,9.5996,0.0,0,24.96,0.0738
3241,W2C,2,12.714,0.0,0,18.85,0.0289
3242,N2C,1,13.5857,0.0,0,17.64,0.0104
3242,S2C,1,13.3579,0.0,0,17.94,0.0137
3242,E2C,2,8.0201,0.0,0,29.88,0.0965
3242,W2C,2,11.309,0.0,0,21.19,0.0492
3243,N2C,1,13.4189,0.0,0,17.86,0.0128
3243,S2C,1,12.737,0.0,0,18.81,0.0226
3243,E2C,2,6.2995,0.0,0,38.03,0.1213
3243,W2C,2,9.4722,0.0,0,25.3,0.0756
3244,N2C,1,13.2754,0.0,0,18.05,0.0149
3244,S2C,1,13.2378,0.0,0,18.1,0.0154
3244,E2C,2,5.5761,0.0,0,42.97,0.1317
3244,W2C,2,7.203,0.0,0,33.26,0.1083
3245,N2C,1,13.7549,0.0,0,17.42,0.0079
3245,S2C,1,12.7503,0.0,0,18.79,0.0224
3245,E2C,2,5.4592,1.0,1,43.89,0.1401
3245,W2C,2,7.3176,0.0,0,32.74,0.1066
3246,N2C,1,13.7057,0.0,0,17.48,0.0087
3246,S2C,1,13.0584,0.0,0,18.35,0.018
3246,E2C,2,5.6205,2.0,1,42.63,0.1384
3246,W2C,2,6.7607,1.0,1,35.44,0.1213
3247,N2C,1,13.7598,0.0,0,17.41,0.0079
3247,S2C,1,12.8492,0.0,0,18.65,0.021
3247,E2C,2,5.8629,3.0,1,40.87,0.1356
3247,W2C,2,6.3476,2.0,1,37.75,0.1279
3248,N2C,1,13.5912,0.0,0,17.63,0.0103
3248,S2C,1,12.9434,0.0,0,18.51,0.0196
3248,E2C,2,5.5673,4.0,1,43.04,0.1405
3248,W2C,2,6.5313,3.0,1,36.68,0.126
3249,N2C,1,13.8584,0.0,0,17.29,0.0065
3249,S2C,1,13.2068,0.0,0,18.14,0.0158
3249,E2C,2,5.5062,5.0,1,43.51,0.1421
3249,W2C,2,6.7901,4.0,1,35.29,0.1229
3250,N2C,1,13.8271,0.0,0,17.33,0.0069
3250,S2C,1,13.0906,0.0,0,18.3,0.0175
3250,E2C,2,5.9477,6.0,1,40.28,0.1364
3250,W2C,2,6.7516,5.0,1,35.49,0.1241
3251,N2C,1,13.4771,0.0,0,17.78,0.0119
3251,S2C,1,13.0422,0.0,0,18.37,0.0182
3251,E2C,2,5.5079,7.0,1,43.5,0.1434
3251,W2C,2,6.3178,6.0,1,37.92,0.131
3252,N2C,1,13.6751,0.0,0,17.52,0.0091
3252,S2C,1,13.3478,0.0,0,17.95,0.0138
3252,E2C,2,5.978,8.0,1,40.08,0.1373
3252,W2C,2,6.3886,7.0,1,37.5,0.1307
3253,N2C,1,13.5225,0.0,0,17.72,0.0113
3253,S2C,1,13.2865,0.0,0,18.03,0.0147
3253,E2C,2,5.8985,9.0,1,40.62,0.1391
3253,W2C,2,6.9178,8.0,1,34.64,0.1237
3254,N2C,1,13.741,0.0,0,17.44,0.0081
3254,S2C,1,13.0965,0.0,0,18.29,0.0174
3254,E2C,2,5.7573,10.0,1,41.62,0.1418
3254,W2C,2,6.4884,9.0,1,36.93,0.1306
3255,N2C,1,13.3938,0.0,0,17.89,0.0131
3255,S2C,1,12.8175,0.0,0,18.69,0.0214
3255,E2C,2,5.4604,11.0,1,43.88,0.1467
3255,W2C,2,6.8258,10.0,1,35.1,0.1264
3256,N2C,1,13.8234,0.0,0,17.33,0.007
3256,S2C,1,12.7461,0.0,0,18.8,0.0225
3256,E2C,2,5.9296,12.0,1,40.41,0.1406
3256,W2C,2,6.4586,11.0,1,37.1,0.1323
3257,N2C,1,13.7615,0.0,0,17.41,0.0079
3257,S2C,1,12.8538,0.0,0,18.64,0.0209
3257,E2C,2,5.6138,13.0,1,42.68,0.1458
3257,W2C,2,6.7169,12.0,1,35.67,0.1293
3258,N2C,1,13.497,0.0,0,17.75,0.0117
3258,S2C,1,13.3313,0.0,0,17.97,0.014
3258,E2C,2,5.6144,14.0,1,42.68,0.1465
3258,W2C,2,5.5546,13.0,1,43.14,0.1467
3259,N2C,1,13.89,0.0,0,17.25,0.006
3259,S2C,2,12.316,0.0,0,19.45,0.0347
3259,E2C,3,8.6515,15.0,1,27.69,0.1094
3259,W2C,3,6.0567,14.0,1,39.56,0.1461
3260,N2C,1,13.2581,0.0,0,18.07,0.0151
3260,S2C,2,12.3517,0.0,0,19.4,0.0341
3260,E2C,3,7.9458,16.0,1,30.15,0.1203
3260,W2C,3,4.5876,15.0,1,52.23,0.1679
3261,N2C,1,13.5542,0.0,0,17.68,0.0108
3261,S2C,1,12.2806,0.0,0,19.51,0.0292
3261,E2C,3,7.4336,17.0,1,32.23,0.1283
3261,W2C,3,3.8464,16.0,1,62.29,0.1793
3262,N2C,1,13.3699,0.0,0,17.92,0.0135
3262,S2C,1,12.336,0.0,0,19.42,0.0284
3262,E2C,3,6.2987,18.0,1,38.04,0.1453
3262,W2C,3,3.7156,17.0,1,64.49,0.1818
3263,N2C,1,13.5919,0.0,0,17.63,0.0103
3263,S2C,1,12.8679,0.0,0,18.62,0.0207
3263,E2C,3,4.7517,19.0,1,50.42,0.1682
3263,W2C,3,3.7642,19.0,2,63.65,0.1885
3264,N2C,1,13.6343,0.0,0,17.57,0.0097
3264,S2C,1,12.7454,0.0,0,18.8,0.0225
3264,E2C,3,4.4736,20.0,1,53.56,0.1729
3264,W2C,3,3.6146,21.0,2,66.29,0.192
3265,N2C,1,13.844,0.0,0,17.31,0.0067
3265,S2C,1,12.6645,0.0,0,18.92,0.0236
3265,E2C,3,4.5902,21.0,1,52.2,0.1719
3265,W2C,3,3.7699,23.0,2,63.56,0.1911
3266,N2C,1,13.309,0.0,0,18.0,0.0144
3266,S2C,1,12.9138,0.0,0,18.55,0.0201
3266,E2C,3,4.3735,23.0,2,54.78,0.1824
3266,W2C,3,3.7189,25.0,2,64.43,0.1931
3267,N2C,1,13.2672,0.0,0,18.06,0.015
3267,S2C,1,12.4258,0.0,0,19.28,0.0271
3267,E2C,3,4.3829,25.0,2,54.67,0.1836
3267,W2C,3,3.5106,27.0,2,68.25,0.1975
3268,N2C,1,13.4708,0.0,0,17.79,0.012
3268,S2C,1,12.7425,0.0,0,18.8,0.0225
3268,E2C,1,13.5539,0.0,0,17.68,0.0108
3268,W2C,1,12.428,0.0,0,19.28,0.0271
3269,N2C,1,13.7197,0.0,0,17.46,0.0085
3269,S2C,1,12.4945,0.0,0,19.18,0.0261
3269,E2C,1,13.7432,0.0,0,17.43,0.0081
3269,W2C,1,12.3049,0.0,0,19.47,0.0288
3270,N2C,1,13.3329,0.0,0,17.97,0.014
3270,S2C,1,12.475,0.0,0,19.21,0.0264
3270,E2C,1,13.4336,0.0,0,17.84,0.0126
3270,W2C,1,12.5852,0.0,0,19.04,0.0248
3271,N2C,1,13.4462,0.0,0,17.82,0.0124
3271,S2C,1,12.3326,0.0,0,19.43,0.0284
3271,E2C,1,13.7063,0.0,0,17.48,0.0086
3271,W2C,1,12.0212,0.0,0,19.93,0.0329
3272,N2C,1,13.8399,0.0,0,17.31,0.0067
3272,S2C,1,12.6615,0.0,0,18.92,0.0237
3272,E2C,1,13.5917,0.0,0,17.63,0.0103
3272,W2C,1,12.358,0.0,0,19.39,0.0281
3273,N2C,1,13.8571,0.0,0,17.29,0.0065
3273,S2C,1,12.7082,0.0,0,18.85,0.023
3273,E2C,1,13.2846,0.0,0,18.04,0.0147
3273,W2C,1,12.4999,0.0,0,19.17,0.026
3274,N2C,1,13.425,0.0,0,17.85,0.0127
3274,S2C,1,12.7311,0.0,0,18.82,0.0227
3274,E2C,1,13.2719,0.0,0,18.05,0.0149
3274,W2C,1,12.3323,0.0,0,19.43,0.0284
3275,N2C,1,13.7428,0.0,0,17.43,0.0081
3275,S2C,1,12.8388,0.0,0,18.66,0.0211
3275,E2C,1,13.5052,0.0,0,17.74,0.0115
3275,W2C,1,12.1531,0.0,0,19.72,0.031
3276,N2C,1,12.8262,0.0,0,18.68,0.0213
3276,S2C,1,12.4792,0.0,0,19.2,0.0263
3276,E2C,1,13.6302,0.0,0,17.58,0.0097
3276,W2C,1,12.53,0.0,0,19.12,0.0256
3277,N2C,2,10.5762,0.0,0,22.65,0.0597
3277,S2C,2,12.3918,0.0,0,19.34,0.0336
3277,E2C,1,13.89,0.0,0,17.25,0.006
3277,W2C,2,12.1021,0.0,0,19.8,0.0377
3278,N2C,2,8.4059,0.0,0,28.5,0.091
3278,S2C,2,12.237,0.0,0,19.58,0.0358
3278,E2C,1,13.5636,0.0,0,17.66,0.0107
3278,W2C,2,12.4412,0.0,0,19.26,0.0329
3279,N2C,2,6.7838,0.0,0,35.32,0.1143
3279,S2C,2,11.599,0.0,0,20.66,0.045
3279,E2C,1,13.4915,0.0,0,17.76,0.0117
3279,W2C,2,11.8029,0.0,0,20.3,0.0421
3280,N2C,2,6.9195,0.0,0,34.63,0.1124
3280,S2C,2,9.4461,0.0,0,25.37,0.076
3280,E2C,1,13.3676,0.0,0,17.92,0.0135
3280,W2C,2,12.0719,0.0,0,19.85,0.0382
3281,N2C,2,6.7283,0.0,0,35.61,0.1151
3281,S2C,2,7.4018,0.0,0,32.37,0.1054
3281,E2C,1,13.4797,0.0,0,17.77,0.0119
3281,W2C,1,13.8556,0.0,0,17.29,0.0065
3282,N2C,2,6.4141,1.0,1,37.36,0.1263
3282,S2C,2,6.6838,0.0,0,35.85,0.1158
3282,E2C,1,13.3605,0.0,0,17.93,0.0136
3282,W2C,1,13.3105,0.0,0,18.0,0.0143
3283,N2C,2,6.5346,2.0,1,36.67,0.1252
3283,S2C,2,6.8764,0.0,0,34.84,0.113
3283,E2C,1,13.2978,0.0,0,18.02,0.0145
3283,W2C,1,13.5269,0.0,0,17.71,0.0112
3284,N2C,2,6.9434,3.0,1,34.51,0.12
3284,S2C,2,6.8276,1.0,1,35.09,0.1204
3284,E2C,1,13.514,0.0,0,17.73,0.0114
3284,W2C,1,13.7097,0.0,0,17.48,0.0086
3285,N2C,2,6.8854,4.0,1,34.8,0.1215
3285,S2C,2,6.4676,2.0,1,37.05,0.1262
3285,E2C,1,13.8052,0.0,0,17.36,0.0072
3285,W2C,1,13.6811,0.0,0,17.51,0.009
3286,N2C,2,6.5974,5.0,1,36.32,0.1263
3286,S2C,2,6.6811,3.0,1,35.86,0.1238
3286,E2C,1,13.6172,0.0,0,17.6,0.0099
3286,W2C,1,13.3223,0.0,0,17.98,0.0142
3287,N2C,2,6.8791,6.0,1,34.83,0.1229
3287,S2C,2,6.3549,4.0,1,37.7,0.1292
3287,E2C,1,13.4483,0.0,0,17.82,0.0124
3287,W2C,1,13.4145,0.0,0,17.86,0.0128
3288,N2C,2,6.3836,7.0,1,37.53,0.1308
3288,S2C,2,6.5943,5.0,1,36.33,0.1264
3288,E2C,1,13.6167,0.0,0,17.6,0.0099
3288,W2C,1,13.578,0.0,0,17.65,0.0105
3289,N2C,2,6.8769,8.0,1,34.84,0.1243
3289,S2C,2,6.3907,6.0,1,37.49,0.13
3289,E2C,1,13.3015,0.0,0,18.01,0.0145
3289,W2C,1,13.2509,0.0,0,18.08,0.0152
3290,N2C,2,6.8439,9.0,1,35.01,0.1255
3290,S2C,2,6.3206,7.0,1,37.91,0.1317
3290,E2C,1,13.3224,0.0,0,17.98,0.0142
3290,W2C,1,13.3075,0.0,0,18.0,0.0144
3291,N2C,2,6.9389,10.0,1,34.53,0.1248
3291,S2C,2,6.3562,8.0,1,37.7,0.1318
3291,E2C,1,13.5049,0.0,0,17.74,0.0115
3291,W2C,1,13.6563,0.0,0,17.55,0.0094
3292,N2C,2,6.6018,11.0,1,36.29,0.1303
3292,S2C,2,6.4778,9.0,1,36.99,0.1307
3292,E2C,1,13.3104,0.0,0,18.0,0.0143
3292,W2C,1,13.7267,0.0,0,17.46,0.0084
3293,N2C,2,6.9046,12.0,1,34.7,0.1266
3293,S2C,2,6.6805,10.0,1,35.87,0.1285
3293,E2C,1,13.2607,0.0,0,18.07,0.0151
3293,W2C,1,13.498,0.0,0,17.75,0.0116
3294,N2C,2,4.9374,13.0,1,48.53,0.1556
3294,S2C,2,6.0102,11.0,1,39.87,0.1388
3294,E2C,1,13.5565,0.0,0,17.67,0.0108
3294,W2C,1,13.7028,0.0,0,17.49,0.0087
3295,N2C,3,6.4995,14.0,1,36.86,0.1397
3295,S2C,3,7.205,12.0,1,33.25,0.1283
3295,E2C,2,13.2452,0.0,0,18.09,0.0213
3295,W2C,1,13.8185,0.0,0,17.34,0.007
3296,N2C,3,5.3861,15.0,1,44.48,0.1564
3296,S2C,3,5.2969,13.0,1,45.23,0.1564
3296,E2C,1,13.7415,0.0,0,17.44,0.0081
3296,W2C,1,13.3857,0.0,0,17.9,0.0133
3297,N2C,3,4.7214,16.0,1,50.75,0.1667
3297,S2C,3,4.4698,14.0,1,53.6,0.169
3297,E2C,1,13.4159,0.0,0,17.86,0.0128
3297,W2C,1,13.8046,0.0,0,17.36,0.0072
3298,N2C,3,4.3065,17.0,1,55.64,0.1733
3298,S2C,3,4.3007,16.0,2,55.71,0.1787
3298,E2C,1,13.8431,0.0,0,17.31,0.0067
3298,W2C,1,13.3204,0.0,0,17.99,0.0142
3299,N2C,3,4.6056,19.0,2,52.02,0.1764
3299,S2C,3,4.1855,18.0,2,57.25,0.1817
3299,E2C,1,13.7578,0.0,0,17.42,0.0079
3299,W2C,1,13.1885,0.0,0,18.17,0.0161
3300,N2C,3,4.282,21.0,2,55.96,0.1823
3300,S2C,3,4.0432,20.0,2,59.26,0.1851
3300,E2C,1,13.5212,0.0,0,17.72,0.0113
3300,W2C,1,13.5463,0.0,0,17.69,0.0109
3301,N2C,1,13.3627,0.0,0,17.93,0.0136
3301,S2C,1,13.4129,0.0,0,17.86,0.0129
3301,E2C,1,13.2491,0.0,0,18.08,0.0152
3301,W2C,1,13.2969,0.0,0,18.02,0.0145
3302,N2C,1,13.7525,0.0,0,17.42,0.008
3302,S2C,1,13.3306,0.0,0,17.97,0.0141
3302,E2C,1,13.7642,0.0,0,17.41,0.0078
3302,W2C,1,13.2495,0.0,0,18.08,0.0152
3303,N2C,1,13.6577,0.0,0,17.54,0.0093
3303,S2C,1,13.0726,0.0,0,18.33,0.0178
3303,E2C,1,13.7386,0.0,0,17.44,0.0082
3303,W2C,1,13.1783,0.0,0,18.18,0.0162
3304,N2C,1,13.4749,0.0,0,17.78,0.012
3304,S2C,1,13.3896,0.0,0,17.89,0.0132
3304,E2C,1,13.3976,0.0,0,17.88,0.0131
3304,W2C,1,13.5822,0.0,0,17.64,0.0104
3305,N2C,1,13.6562,0.0,0,17.55,0.0094
3305,S2C,1,13.4547,0.0,0,17.81,0.0123
3305,E2C,1,13.5137,0.0,0,17.73,0.0114
3305,W2C,1,13.1981,0.0,0,18.15,0.016
3306,N2C,1,13.514,0.0,0,17.73,0.0114
3306,S2C,1,13.1351,0.0,0,18.24,0.0169
3306,E2C,1,13.6794,0.0,0,17.52,0.009
3306,W2C,1,13.6883,0.0,0,17.5,0.0089
3307,N2C,1,13.4433,0.0,0,17.82,0.0124
3307,S2C,1,12.9707,0.0,0,18.47,0.0192
3307,E2C,1,13.4595,0.0,0,17.8,0.0122
3307,W2C,1,13.4493,0.0,0,17.82,0.0123
3308,N2C,1,13.5584,0.0,0,17.67,0.0108
3308,S2C,1,13.1408,0.0,0,18.23,0.0168
3308,E2C,1,13.8123,0.0,0,17.35,0.0071
3308,W2C,1,13.449,0.0,0,17.82,0.0124
3309,N2C,1,13.3201,0.0,0,17.99,0.0142
3309,S2C,1,13.169,0.0,0,18.19,0.0164
3309,E2C,1,13.8405,0.0,0,17.31,0.0067
3309,W2C,1,13.64,0.0,0,17.57,0.0096
3310,N2C,1,13.693,0.0,0,17.5,0.0088
3310,S2C,1,13.0981,0.0,0,18.29,0.0174
3310,E2C,1,13.3846,0.0,0,17.9,0.0133
3310,W2C,1,13.7515,0.0,0,17.42,0.008
3311,N2C,1,13.8704,0.0,0,17.27,0.0063
3311,S2C,1,13.385,0.0,0,17.9,0.0133
3311,E2C,1,13.5548,0.0,0,17.68,0.0108
3311,W2C,1,13.4129,0.0,0,17.86,0.0129
3312,N2C,1,13.4792,0.0,0,17.78,0.0119
3312,S2C,1,13.0289,0.0,0,18.39,0.0184
3312,E2C,1,12.1739,0.0,0,19.68,0.0307
3312,W2C,1,13.3907,0.0,0,17.89,0.0132
3313,N2C,1,13.4615,0.0,0,17.8,0.0122
3313,S2C,2,13.3318,0.0,0,17.97,0.02
3313,E2C,2,10.1985,0.0,0,23.49,0.0652
3313,W2C,2,10.2511,0.0,0,23.37,0.0644
3314,N2C,1,12.8654,0.0,0,18.62,0.0208
3314,S2C,1,13.7393,0.0,0,17.44,0.0082
3314,E2C,2,8.1014,0.0,0,29.57,0.0953
3314,W2C,2,7.782,0.0,0,30.79,0.0999
3315,N2C,1,13.2791,0.0,0,18.04,0.0148
3315,S2C,1,13.646,0.0,0,17.56,0.0095
3315,E2C,2,6.7594,0.0,0,35.45,0.1147
3315,W2C,2,6.057,0.0,0,39.56,0.1248
3316,N2C,1,13.3154,0.0,0,17.99,0.0143
3316,S2C,1,13.8195,0.0,0,17.34,0.007
3316,E2C,2,6.9983,0.0,0,34.24,0.1112
3316,W2C,2,5.4528,1.0,1,43.94,0.1402
3317,N2C,1,12.9926,0.0,0,18.44,0.0189
3317,S2C,1,13.3747,0.0,0,17.91,0.0134
3317,E2C,2,6.5604,1.0,1,36.52,0.1242
3317,W2C,2,5.7007,2.0,1,42.03,0.1373
3318,N2C,1,12.9943,0.0,0,18.44,0.0189
3318,S2C,1,13.8347,0.0,0,17.32,0.0068
3318,E2C,2,6.4896,2.0,1,36.92,0.1259
3318,W2C,2,5.669,3.0,1,42.27,0.1384
3319,N2C,1,13.3308,0.0,0,17.97,0.0141
3319,S2C,1,13.4155,0.0,0,17.86,0.0128
3319,E2C,2,6.352,3.0,1,37.72,0.1285
3319,W2C,2,5.9132,4.0,1,40.52,0.1355
3320,N2C,1,12.9579,0.0,0,18.49,0.0194
3320,S2C,1,13.5896,0.0,0,17.63,0.0103
3320,E2C,2,6.4737,4.0,1,37.01,0.1275
3320,W2C,2,5.8419,5.0,1,41.01,0.1372
3321,N2C,1,13.0641,0.0,0,18.34,0.0179
3321,S2C,1,13.7048,0.0,0,17.48,0.0087
3321,E2C,2,6.5477,5.0,1,36.59,0.1271
3321,W2C,2,5.9957,6.0,1,39.96,0.1357
3322,N2C,1,13.3963,0.0,0,17.89,0.0131
3322,S2C,1,13.3642,0.0,0,17.93,0.0136
3322,E2C,2,6.5925,6.0,1,36.34,0.1271
3322,W2C,2,5.7626,7.0,1,41.58,0.1397
3323,N2C,1,13.3324,0.0,0,17.97,0.014
3323,S2C,1,13.7827,0.0,0,17.38,0.0075
3323,E2C,2,6.9186,7.0,1,34.63,0.123
3323,W2C,2,6.0497,8.0,1,39.61,0.1362
3324,N2C,1,13.3206,0.0,0,17.99,0.0142
3324,S2C,1,13.5381,0.0,0,17.7,0.0111
3324,E2C,2,6.5998,8.0,1,36.3,0.1283
3324,W2C,2,5.857,9.0,1,40.91,0.1397
3325,N2C,1,13.4458,0.0,0,17.82,0.0124
3325,S2C,1,13.606,0.0,0,17.61,0.0101
3325,E2C,2,6.6982,9.0,1,35.77,0.1276
3325,W2C,2,5.968,10.0,1,40.15,0.1387
3326,N2C,1,13.3216,0.0,0,17.99,0.0142
3326,S2C,1,13.4538,0.0,0,17.81,0.0123
3326,E2C,2,6.7693,10.0,1,35.39,0.1272
3326,W2C,2,5.7716,11.0,1,41.51,0.1422
3327,N2C,1,13.1107,0.0,0,18.28,0.0172
3327,S2C,1,13.303,0.0,0,18.01,0.0145
3327,E2C,2,6.8213,11.0,1,35.13,0.1271
3327,W2C,2,5.4733,12.0,1,43.78,0.1472
3328,N2C,1,13.1138,0.0,0,18.27,0.0172
3328,S2C,1,13.445,0.0,0,17.82,0.0124
3328,E2C,2,6.9001,12.0,1,34.72,0.1266
3328,W2C,2,5.6697,13.0,1,42.26,0.145
3329,N2C,1,13.0533,0.0,0,18.36,0.018
3329,S2C,1,13.4598,0.0,0,17.8,0.0122
3329,E2C,2,6.3377,13.0,1,37.81,0.1354
3329,W2C,2,5.6699,14.0,1,42.26,0.1457
3330,N2C,1,13.1752,0.0,0,18.19,0.0163
3330,S2C,1,13.3377,0.0,0,17.96,0.014
3330,E2C,2,5.3434,14.0,1,44.84,0.1504
3330,W2C,2,5.7987,15.0,1,41.32,0.1445
3331,N2C,2,12.181,0.0,0,19.67,0.0366
3331,S2C,1,13.89,0.0,0,17.25,0.006
3331,E2C,3,7.2013,15.0,1,33.27,0.1303
3331,W2C,3,8.5257,16.0,1,28.1,0.1119
3332,N2C,2,9.7047,0.0,0,24.69,0.0723
3332,S2C,1,13.2932,0.0,0,18.02,0.0146
3332,E2C,3,5.6301,16.0,1,42.56,0.1536
3332,W2C,3,7.9342,17.0,1,30.2,0.1211
3333,N2C,2,8.7514,0.0,0,27.38,0.086
3333,S2C,1,13.8851,0.0,0,17.26,0.0061
3333,E2C,3,4.4312,17.0,1,54.07,0.1715
3333,W2C,3,7.2537,18.0,1,33.03,0.1316
3334,N2C,2,6.5917,0.0,0,36.35,0.1171
3334,S2C,1,13.6806,0.0,0,17.51,0.009
3334,E2C,1,13.5834,0.0,0,17.64,0.0104
3334,W2C,1,13.6715,0.0,0,17.53,0.0091
3335,N2C,2,6.4244,1.0,1,37.3,0.1262
3335,S2C,1,13.4929,0.0,0,17.76,0.0117
3335,E2C,1,13.8817,0.0,0,17.26,0.0061
3335,W2C,1,13.5732,0.0,0,17.65,0.0106
3336,N2C,2,6.8174,2.0,1,35.15,0.1212
3336,S2C,1,13.8799,0.0,0,17.26,0.0061
3336,E2C,1,13.7237,0.0,0,17.46,0.0084
3336,W2C,1,13.7654,0.0,0,17.41,0.0078
3337,N2C,2,6.5505,3.0,1,36.58,0.1257
3337,S2C,1,13.7381,0.0,0,17.44,0.0082
3337,E2C,1,13.8451,0.0,0,17.31,0.0066
3337,W2C,1,13.2841,0.0,0,18.04,0.0147
3338,N2C,2,6.3068,4.0,1,37.99,0.1299
3338,S2C,1,13.7172,0.0,0,17.47,0.0085
3338,E2C,1,13.8772,0.0,0,17.27,0.0062
3338,W2C,1,13.2971,0.0,0,18.02,0.0145
3339,N2C,2,6.6629,5.0,1,35.96,0.1254
3339,S2C,1,13.6105,0.0,0,17.6,0.01
3339,E2C,1,13.7092,0.0,0,17.48,0.0086
3339,W2C,1,13.7933,0.0,0,17.37,0.0074
3340,N2C,2,6.5278,6.0,1,36.7,0.128
3340,S2C,1,13.522,0.0,0,17.72,0.0113
3340,E2C,1,13.6344,0.0,0,17.57,0.0097
3340,W2C,1,13.5384,0.0,0,17.7,0.0111
3341,N2C,2,6.3706,7.0,1,37.61,0.1309
3341,S2C,1,13.5971,0.0,0,17.62,0.0102
3341,E2C,1,13.5001,0.0,0,17.75,0.0116
3341,W2C,1,13.3868,0.0,0,17.9,0.0132
3342,N2C,2,6.2025,8.0,1,38.63,0.134
3342,S2C,1,13.6383,0.0,0,17.57,0.0096
3342,E2C,1,13.5145,0.0,0,17.73,0.0114
3342,W2C,1,13.4068,0.0,0,17.87,0.013
3343,N2C,2,6.2264,9.0,1,38.48,0.1343
3343,S2C,1,13.8616,0.0,0,17.29,0.0064
3343,E2C,1,13.4331,0.0,0,17.84,0.0126
3343,W2C,1,13.7937,0.0,0,17.37,0.0074
3344,N2C,2,6.4241,10.0,1,37.3,0.1322
3344,S2C,1,13.6723,0.0,0,17.52,0.0091
3344,E2C,1,13.3308,0.0,0,17.97,0.0141
3344,W2C,1,13.2935,0.0,0,18.02,0.0146
3345,N2C,2,6.3792,11.0,1,37.56,0.1335
3345,S2C,1,13.7505,0.0,0,17.42,0.008
3345,E2C,1,13.326,0.0,0,17.98,0.0141
3345,W2C,1,13.2355,0.0,0,18.1,0.0154
3346,N2C,2,6.6484,12.0,1,36.04,0.1303
3346,S2C,1,13.5229,0.0,0,17.72,0.0113
3346,E2C,1,13.3034,0.0,0,18.01,0.0144
3346,W2C,1,13.6921,0.0,0,17.5,0.0088
3347,N2C,2,6.7092,13.0,1,35.71,0.1301
3347,S2C,1,13.5145,0.0,0,17.73,0.0114
3347,E2C,1,13.3395,0.0,0,17.96,0.0139
3347,W2C,1,13.7048,0.0,0,17.48,0.0087
3348,N2C,2,6.1758,14.0,1,38.8,0.1384
3348,S2C,1,12.3615,0.0,0,19.38,0.028
3348,E2C,1,13.5728,0.0,0,17.65,0.0106
3348,W2C,1,13.2438,0.0,0,18.09,0.0153
3349,N2C,3,7.3366,15.0,1,32.66,0.1284
3349,S2C,2,10.1115,0.0,0,23.7,0.0664
3349,E2C,1,13.5733,0.0,0,17.65,0.0106
3349,W2C,1,13.7393,0.0,0,17.44,0.0082
3350,N2C,3,5.5013,16.0,1,43.55,0.1555
3350,S2C,2,7.5747,0.0,0,31.63,0.1029
3350,E2C,1,13.0011,0.0,0,18.43,0.0188
3350,W2C,1,13.0991,0.0,0,18.29,0.0174
3351,N2C,3,4.1351,17.0,1,57.94,0.1758
3351,S2C,2,7.1009,0.0,0,33.74,0.1098
3351,E2C,1,13.4618,0.0,0,17.8,0.0122
3351,W2C,1,13.647,0.0,0,17.56,0.0095
3352,N2C,3,4.1554,19.0,2,57.66,0.1828
3352,S2C,2,6.8903,0.0,0,34.77,0.1128
3352,E2C,1,13.0629,0.0,0,18.34,0.0179
3352,W2C,1,13.4867,0.0,0,17.77,0.0118
3353,N2C,3,3.8384,21.0,2,62.42,0.1887
3353,S2C,2,6.4096,1.0,1,37.38,0.1264
3353,E2C,1,13.3168,0.0,0,17.99,0.0143
3353,W2C,1,13.3389,0.0,0,17.96,0.0139
3354,N2C,3,4.216,23.0,2,56.83,0.1846
3354,S2C,2,6.6513,2.0,1,36.02,0.1236
3354,E2C,1,12.9344,0.0,0,18.52,0.0198
3354,W2C,1,13.4157,0.0,0,17.86,0.0128
3355,N2C,3,4.0249,25.0,2,59.53,0.1887
3355,S2C,2,6.5452,3.0,1,36.61,0.1258
3355,E2C,1,13.4308,0.0,0,17.84,0.0126
3355,W2C,1,13.2208,0.0,0,18.12,0.0156
3356,N2C,3,4.1514,27.0,2,57.72,0.1882
3356,S2C,2,6.7904,4.0,1,35.28,0.1229
3356,E2C,1,13.0362,0.0,0,18.38,0.0183
3356,W2C,1,13.5287,0.0,0,17.71,0.0112
3357,N2C,3,4.239,29.0,2,56.52,0.1883
3357,S2C,2,6.6204,5.0,1,36.19,0.126
3357,E2C,1,13.5026,0.0,0,17.74,0.0116
3357,W2C,1,13.1501,0.0,0,18.22,0.0167
3358,N2C,3,3.9075,31.0,2,61.32,0.1944
3358,S2C,2,6.3285,6.0,1,37.86,0.1309
3358,E2C,1,12.9338,0.0,0,18.53,0.0198
3358,W2C,1,13.5178,0.0,0,17.72,0.0114
3359,N2C,3,4.0636,33.0,2,58.96,0.1935
3359,S2C,2,6.7127,7.0,1,35.69,0.126
3359,E2C,1,13.3909,0.0,0,17.89,0.0132
3359,W2C,1,13.4954,0.0,0,17.75,0.0117
3360,N2C,3,4.1856,35.0,2,57.24,0.1931
3360,S2C,2,6.2957,8.0,1,38.06,0.1327
3360,E2C,1,13.1138,0.0,0,18.27,0.0172
3360,W2C,1,13.1785,0.0,0,18.18,0.0162
3361,N2C,3,4.0505,37.0,2,59.15,0.1963
3361,S2C,2,6.9323,9.0,1,34.56,0.1242
3361,E2C,1,12.941,0.0,0,18.51,0.0197
3361,W2C,1,13.379,0.0,0,17.91,0.0134
3362,N2C,3,4.0676,39.0,2,58.9,0.1974
3362,S2C,2,6.4797,10.0,1,36.98,0.1314
3362,E2C,1,13.0113,0.0,0,18.41,0.0187
3362,W2C,1,13.225,0.0,0,18.12,0.0156
3363,N2C,3,3.9988,41.0,2,59.92,0.1998
3363,S2C,2,6.8226,11.0,1,35.12,0.1271
3363,E2C,1,13.1743,0.0,0,18.19,0.0163
3363,W2C,1,13.1607,0.0,0,18.21,0.0165
3364,N2C,3,3.9172,43.0,2,61.17,0.2023
3364,S2C,2,6.9361,12.0,1,34.54,0.1261
3364,E2C,1,13.2517,0.0,0,18.08,0.0152
3364,W2C,1,13.5834,0.0,0,17.64,0.0104
3365,N2C,3,4.1491,45.0,2,57.75,0.2003
3365,S2C,2,6.6858,13.0,1,35.84,0.1304
3365,E2C,1,13.2182,0.0,0,18.13,0.0157
3365,W2C,1,13.4643,0.0,0,17.8,0.0121
3366,N2C,3,4.2288,47.0,2,56.66,0.2004
3366,S2C,2,5.1917,14.0,1,46.15,0.1526
3366,E2C,1,13.4392,0.0,0,17.83,0.0125
3366,W2C,1,13.524,0.0,0,17.72,0.0113
3367,N2C,2,11.9468,0.0,0,20.06,0.04
3367,S2C,1,13.5747,0.0,0,17.65,0.0105
3367,E2C,2,12.3511,0.0,0,19.4,0.0342
3367,W2C,2,11.3314,0.0,0,21.14,0.0488
3368,N2C,2,10.3099,0.0,0,23.24,0.0635
3368,S2C,1,13.5386,0.0,0,17.7,0.0111
3368,E2C,2,10.6392,0.0,0,22.52,0.0588
3368,W2C,2,8.5309,0.0,0,28.09,0.0892
3369,N2C,2,9.7138,0.0,0,24.67,0.0721
3369,S2C,1,13.0601,0.0,0,18.35,0.018
3369,E2C,2,7.8996,0.0,0,30.33,0.0983
3369,W2C,2,7.3056,0.0,0,32.8,0.1068
3370,N2C,1,13.3135,0.0,0,18.0,0.0143
3370,S2C,1,13.538,0.0,0,17.7,0.0111
3370,E2C,2,6.4378,1.0,1,37.22,0.126
3370,W2C,2,6.989,0.0,0,34.28,0.1114
3371,N2C,1,13.327,0.0,0,17.98,0.0141
3371,S2C,1,13.2618,0.0,0,18.07,0.015
3371,E2C,2,6.9192,2.0,1,34.63,0.1197
3371,W2C,2,7.0193,0.0,0,34.13,0.1109
3372,N2C,1,13.2816,0.0,0,18.04,0.0148
3372,S2C,1,13.0363,0.0,0,18.38,0.0183
3372,E2C,2,6.7094,3.0,1,35.71,0.1234
3372,W2C,2,6.3372,1.0,1,37.81,0.1274
3373,N2C,1,13.8358,0.0,0,17.32,0.0068
3373,S2C,1,13.0514,0.0,0,18.36,0.0181
3373,E2C,2,6.4651,4.0,1,37.06,0.1276
3373,W2C,2,6.319,2.0,1,37.92,0.1283
3374,N2C,1,13.748,0.0,0,17.43,0.008
3374,S2C,1,13.3123,0.0,0,18.0,0.0143
3374,E2C,2,6.3062,5.0,1,37.99,0.1305
3374,W2C,2,6.7238,3.0,1,35.63,0.1232
3375,N2C,1,13.5465,0.0,0,17.69,0.0109
3375,S2C,1,13.06,0.0,0,18.35,0.018
3375,E2C,2,6.32,6.0,1,37.91,0.131
3375,W2C,2,6.7231,4.0,1,35.64,0.1239
3376,N2C,1,13.4568,0.0,0,17.81,0.0122
3376,S2C,1,13.0448,0.0,0,18.37,0.0182
3376,E2C,2,6.4582,7.0,1,37.1,0.1297
3376,W2C,2,6.7455,5.0,1,35.52,0.1242
3377,N2C,1,13.3431,0.0,0,17.96,0.0139
3377,S2C,1,13.0007,0.0,0,18.43,0.0188
3377,E2C,2,6.8594,8.0,1,34.93,0.1246
3377,W2C,2,6.5182,6.0,1,36.76,0.1281
3378,N2C,1,13.7389,0.0,0,17.44,0.0082
3378,S2C,1,13.5415,0.0,0,17.69,0.011
3378,E2C,2,6.5201,9.0,1,36.75,0.1301
3378,W2C,2,6.9143,7.0,1,34.65,0.1231
3379,N2C,1,13.5328,0.0,0,17.71,0.0111
3379,S2C,1,13.3043,0.0,0,18.01,0.0144
3379,E2C,2,6.8831,10.0,1,34.81,0.1256
3379,W2C,2,6.7382,8.0,1,35.56,0.1263
3380,N2C,1,13.4113,0.0,0,17.87,0.0129
3380,S2C,1,12.9556,0.0,0,18.49,0.0195
3380,E2C,2,6.9196,11.0,1,34.63,0.1257
3380,W2C,2,6.4466,9.0,1,37.17,0.1312
3381,N2C,1,13.6448,0.0,0,17.56,0.0095
3381,S2C,1,13.0968,0.0,0,18.29,0.0174
3381,E2C,2,6.6875,12.0,1,35.83,0.1297
3381,W2C,2,6.6821,10.0,1,35.86,0.1285
3382,N2C,1,13.7227,0.0,0,17.46,0.0084
3382,S2C,1,13.2997,0.0,0,18.02,0.0145
3382,E2C,2,6.379,13.0,1,37.56,0.1348
3382,W2C,2,6.8862,11.0,1,34.79,0.1262
3383,N2C,1,13.5849,0.0,0,17.64,0.0104
3383,S2C,1,13.4158,0.0,0,17.86,0.0128
3383,E2C,2,6.5431,14.0,1,36.62,0.1331
3383,W2C,2,6.762,12.0,1,35.43,0.1286
3384,N2C,1,13.5081,0.0,0,17.74,0.0115
3384,S2C,1,13.0715,0.0,0,18.33,0.0178
3384,E2C,2,5.8123,15.0,1,41.22,0.1443
3384,W2C,2,5.4476,13.0,1,43.98,0.1482
3385,N2C,1,13.0663,0.0,0,18.34,0.0179
3385,S2C,2,13.4515,0.0,0,17.81,0.0183
3385,E2C,3,6.9944,16.0,1,34.26,0.134
3385,W2C,3,6.289,14.0,1,38.1,0.1428
3386,N2C,1,12.6952,0.0,0,18.87,0.0232
3386,S2C,1,13.651,0.0,0,17.55,0.0094
3386,E2C,3,5.2677,17.0,1,45.48,0.1595
3386,W2C,3,4.8168,15.0,1,49.74,0.1646
3387,N2C,1,12.9907,0.0,0,18.44,0.0189
3387,S2C,1,13.6649,0.0,0,17.53,0.0092
3387,E2C,3,4.4986,18.0,1,53.26,0.1712
3387,W2C,3,3.9956,16.0,1,59.97,0.1771
3388,N2C,1,12.525,0.0,0,19.13,0.0257
3388,S2C,1,13.5705,0.0,0,17.66,0.0106
3388,E2C,3,4.2336,20.0,2,56.6,0.1824
3388,W2C,3,3.9372,17.0,1,60.86,0.1786
3389,N2C,1,12.4702,0.0,0,19.21,0.0264
3389,S2C,1,13.639,0.0,0,17.57,0.0096
3389,E2C,3,4.2099,22.0,2,56.91,0.184
3389,W2C,3,4.0244,19.0,2,59.54,0.1847
3390,N2C,1,12.4488,0.0,0,19.25,0.0268
3390,S2C,1,13.3815,0.0,0,17.91,0.0133
3390,E2C,3,4.3363,24.0,2,55.25,0.1836
3390,W2C,3,3.9562,21.0,2,60.56,0.187
3391,N2C,1,12.6424,0.0,0,18.95,0.024
3391,S2C,1,13.255,0.0,0,18.08,0.0151
3391,E2C,3,4.1369,26.0,2,57.92,0.1878
3391,W2C,3,4.0812,23.0,2,58.71,0.1866
3392,N2C,1,12.7172,0.0,0,18.84,0.0229
3392,S2C,1,13.3596,0.0,0,17.93,0.0136
3392,E2C,3,4.3287,28.0,2,55.35,0.1863
3392,W2C,3,4.0204,25.0,2,59.6,0.1888
3393,N2C,1,12.5687,0.0,0,19.06,0.025
3393,S2C,1,13.2549,0.0,0,18.08,0.0151
3393,E2C,3,4.4522,30.0,2,53.82,0.1859
3393,W2C,3,4.0596,27.0,2,59.02,0.1895
3394,N2C,1,12.4163,0.0,0,19.3,0.0272
3394,S2C,1,13.6418,0.0,0,17.56,0.0096
3394,E2C,3,4.4172,32.0,2,54.24,0.1877
3394,W2C,3,3.7569,29.0,2,63.78,0.1952
3395,N2C,1,12.9437,0.0,0,18.51,0.0196
3395,S2C,1,13.8555,0.0,0,17.29,0.0065
3395,E2C,3,4.2505,34.0,2,56.37,0.1915
3395,W2C,3,3.8192,31.0,2,62.74,0.1957
3396,N2C,1,12.433,0.0,0,19.27,0.027
3396,S2C,1,13.7967,0.0,0,17.37,0.0073
3396,E2C,3,4.4551,36.0,2,53.78,0.1899
3396,W2C,3,3.9297,33.0,2,60.97,0.1954
3397,N2C,1,12.4729,0.0,0,19.21,0.0264
3397,S2C,1,13.7964,0.0,0,17.37,0.0073
3397,E2C,3,4.1765,38.0,2,57.37,0.1952
3397,W2C,3,3.7779,35.0,2,63.42,0.1989
3398,N2C,1,12.9507,0.0,0,18.5,0.0195
3398,S2C,1,13.5784,0.0,0,17.65,0.0105
3398,E2C,3,4.3532,40.0,2,55.04,0.194
3398,W2C,3,4.0237,37.0,2,59.55,0.1967
3399,N2C,1,12.6011,0.0,0,19.01,0.0246
3399,S2C,1,13.2611,0.0,0,18.07,0.0151
3399,E2C,3,4.4387,42.0,2,53.98,0.1941
3399,W2C,3,3.7304,39.0,2,64.23,0.2023
3400,N2C,1,12.803,0.0,0,18.71,0.0217
3400,S2C,1,13.7687,0.0,0,17.4,0.0077
3400,E2C,1,13.3133,0.0,0,18.0,0.0143
3400,W2C,1,13.1725,0.0,0,18.19,0.0163
3401,N2C,1,12.5244,0.0,0,19.13,0.0257
3401,S2C,1,13.7247,0.0,0,17.46,0.0084
3401,E2C,1,13.2698,0.0,0,18.06,0.0149
3401,W2C,1,12.8918,0.0,0,18.59,0.0204
3402,N2C,1,12.637,0.0,0,18.96,0.024
3402,S2C,1,12.389,0.0,0,19.34,0.0276
3402,E2C,1,13.3478,0.0,0,17.95,0.0138
3402,W2C,1,12.6776,0.0,0,18.9,0.0235
3403,N2C,2,12.2162,0.0,0,19.61,0.0361
3403,S2C,2,10.2609,0.0,0,23.35,0.0643
3403,E2C,2,12.5524,0.0,0,19.09,0.0313
3403,W2C,2,12.6103,0.0,0,19.0,0.0304
3404,N2C,2,11.4169,0.0,0,20.99,0.0476
3404,S2C,2,8.3365,0.0,0,28.74,0.092
3404,E2C,1,13.3943,0.0,0,17.89,0.0131
3404,W2C,2,12.1994,0.0,0,19.64,0.0363
3405,N2C,2,10.9364,0.0,0,21.91,0.0545
3405,S2C,2,6.5447,0.0,0,36.61,0.1178
3405,E2C,1,13.3298,0.0,0,17.97,0.0141
3405,W2C,2,12.1348,0.0,0,19.74,0.0373
3406,N2C,2,8.9381,0.0,0,26.81,0.0833
3406,S2C,2,6.6769,1.0,1,35.88,0.1225
3406,E2C,1,13.3489,0.0,0,17.95,0.0138
3406,W2C,1,13.1652,0.0,0,18.2,0.0164
3407,N2C,2,6.9014,0.0,0,34.72,0.1126
3407,S2C,2,6.4855,2.0,1,36.94,0.1259
3407,E2C,1,13.5489,0.0,0,17.68,0.0109
3407,W2C,1,13.5185,0.0,0,17.72,0.0113
3408,N2C,2,6.2194,1.0,1,38.52,0.1291
3408,S2C,2,6.417,3.0,1,37.34,0.1276
3408,E2C,1,13.5934,0.0,0,17.63,0.0103
3408,W2C,1,13.1087,0.0,0,18.28,0.0173
3409,N2C,2,5.8145,2.0,1,41.21,0.1356
3409,S2C,2,6.4709,4.0,1,37.03,0.1275
3409,E2C,1,13.6523,0.0,0,17.55,0.0094
3409,W2C,1,13.0716,0.0,0,18.33,0.0178
3410,N2C,2,5.8076,3.0,1,41.26,0.1364
3410,S2C,2,6.7085,5.0,1,35.72,0.1247
3410,E2C,1,13.6054,0.0,0,17.61,0.0101
3410,W2C,1,13.1473,0.0,0,18.22,0.0167
3411,N2C,2,6.2376,4.0,1,38.41,0.1309
3411,S2C,2,6.9255,6.0,1,34.6,0.1223
3411,E2C,1,13.7425,0.0,0,17.44,0.0081
3411,W2C,1,13.3077,0.0,0,18.0,0.0144
3412,N2C,2,6.3146,5.0,1,37.94,0.1304
3412,S2C,2,6.9251,7.0,1,34.6,0.123
3412,E2C,1,13.6733,0.0,0,17.52,0.0091
3412,W2C,1,13.1551,0.0,0,18.21,0.0166
3413,N2C,2,6.3211,6.0,1,37.9,0.131
3413,S2C,2,6.432,8.0,1,37.25,0.1307
3413,E2C,1,13.2962,0.0,0,18.02,0.0145
3413,W2C,1,12.9244,0.0,0,18.54,0.0199
3414,N2C,2,6.2719,7.0,1,38.2,0.1324
3414,S2C,2,6.5032,9.0,1,36.84,0.1304
3414,E2C,1,13.2404,0.0,0,18.1,0.0154
3414,W2C,1,13.2252,0.0,0,18.12,0.0156
3415,N2C,2,6.2638,8.0,1,38.25,0.1331
3415,S2C,2,6.4178,10.0,1,37.33,0.1323
3415,E2C,1,13.3618,0.0,0,17.93,0.0136
3415,W2C,1,13.289,0.0,0,18.03,0.0147
3416,N2C,2,6.4272,9.0,1,37.28,0.1315
3416,S2C,2,6.4589,11.0,1,37.1,0.1323
3416,E2C,1,13.4507,0.0,0,17.81,0.0123
3416,W2C,1,12.9406,0.0,0,18.52,0.0197
3417,N2C,2,5.9151,10.0,1,40.51,0.1395
3417,S2C,2,6.8923,12.0,1,34.76,0.1268
3417,E2C,1,13.2474,0.0,0,18.09,0.0153
3417,W2C,1,13.2429,0.0,0,18.09,0.0153
3418,N2C,2,6.2648,11.0,1,38.25,0.1351
3418,S2C,2,6.3936,13.0,1,37.48,0.1346
3418,E2C,1,13.4814,0.0,0,17.77,0.0119
3418,W2C,1,13.4937,0.0,0,17.76,0.0117
3419,N2C,2,6.0914,12.0,1,39.33,0.1383
3419,S2C,2,6.3661,14.0,1,37.64,0.1357
3419,E2C,1,13.815,0.0,0,17.34,0.0071
3419,W2C,1,13.1101,0.0,0,18.28,0.0172
3420,N2C,2,6.0518,13.0,1,39.59,0.1395
3420,S2C,2,5.8101,15.0,1,41.24,0.1443
3420,E2C,1,13.6172,0.0,0,17.6,0.0099
3420,W2C,1,13.4594,0.0,0,17.8,0.0122
3421,N2C,3,8.7113,14.0,1,27.5,0.1079
3421,S2C,3,7.2935,16.0,1,32.85,0.1296
3421,E2C,1,13.8539,0.0,0,17.29,0.0065
3421,W2C,1,13.4374,0.0,0,17.83,0.0125
3422,N2C,3,7.4304,15.0,1,32.25,0.127
3422,S2C,3,5.9501,17.0,1,40.27,0.1497
3422,E2C,1,13.5734,0.0,0,17.65,0.0106
3422,W2C,1,13.89,0.0,0,17.25,0.006
3423,N2C,3,5.655,16.0,1,42.37,0.1532
3423,S2C,3,4.4685,18.0,1,53.62,0.1717
3423,E2C,1,13.249,0.0,0,18.08,0.0152
3423,W2C,1,13.2435,0.0,0,18.09,0.0153
3424,N2C,3,4.6954,17.0,1,51.03,0.1677
3424,S2C,3,4.4688,20.0,2,53.62,0.179
3424,E2C,1,13.4486,0.0,0,17.82,0.0124
3424,W2C,1,13.3304,0.0,0,17.97,0.0141
3425,N2C,3,4.7616,18.0,1,50.32,0.1674
3425,S2C,3,4.4302,22.0,2,54.08,0.1809
3425,E2C,1,13.2361,0.0,0,18.1,0.0154
3425,W2C,1,13.7414,0.0,0,17.44,0.0081
3426,N2C,3,4.3936,20.0,2,54.53,0.1801
3426,S2C,3,4.2152,24.0,2,56.84,0.1853
3426,E2C,1,13.3295,0.0,0,17.98,0.0141
3426,W2C,1,13.7982,0.0,0,17.36,0.0073
3427,N2C,3,4.2485,22.0,2,56.4,0.1835
3427,S2C,3,4.3043,26.0,2,55.66,0.1854
3427,E2C,1,13.5364,0.0,0,17.7,0.0111
3427,W2C,1,13.3996,0.0,0,17.88,0.0131
3428,N2C,3,4.6092,24.0,2,51.98,0.1796
3428,S2C,3,4.6095,28.0,2,51.98,0.1823
3428,E2C,1,13.7362,0.0,0,17.44,0.0082
3428,W2C,1,13.7981,0.0,0,17.36,0.0073
3429,N2C,3,4.5026,26.0,2,53.21,0.1825
3429,S2C,3,4.4069,30.0,2,54.37,0.1865
3429,E2C,1,13.7285,0.0,0,17.45,0.0083
3429,W2C,1,13.388,0.0,0,17.9,0.0132
3430,N2C,3,4.3346,28.0,2,55.28,0.1863
3430,S2C,3,4.3314,32.0,2,55.32,0.189
3430,E2C,1,13.4938,0.0,0,17.76,0.0117
3430,W2C,1,13.4794,0.0,0,17.78,0.0119
3431,N2C,3,4.4795,30.0,2,53.49,0.1855
3431,S2C,3,4.4571,34.0,2,53.76,0.1885
3431,E2C,1,13.7193,0.0,0,17.46,0.0085
3431,W2C,1,13.498,0.0,0,17.75,0.0116
3432,N2C,3,4.5514,32.0,2,52.64,0.1858
3432,S2C,3,4.2937,36.0,2,55.8,0.1922
3432,E2C,1,13.7172,0.0,0,17.47,0.0085
3432,W2C,1,13.7924,0.0,0,17.37,0.0074
3433,N2C,1,13.5511,0.0,0,17.68,0.0109
3433,S2C,1,13.5887,0.0,0,17.63,0.0103
3433,E2C,1,13.8097,0.0,0,17.35,0.0072
3433,W2C,1,13.4338,0.0,0,17.84,0.0126
3434,N2C,1,13.754,0.0,0,17.42,0.008
3434,S2C,1,13.4512,0.0,0,17.81,0.0123
3434,E2C,1,13.7693,0.0,0,17.4,0.0077
3434,W2C,1,13.7715,0.0,0,17.4,0.0077
3435,N2C,1,13.8043,0.0,0,17.36,0.0072
3435,S2C,1,13.3576,0.0,0,17.94,0.0137
3435,E2C,1,13.8398,0.0,0,17.31,0.0067
3435,W2C,1,13.4057,0.0,0,17.87,0.013
3436,N2C,1,13.3291,0.0,0,17.98,0.0141
3436,S2C,1,13.8022,0.0,0,17.36,0.0073
3436,E2C,1,13.5143,0.0,0,17.73,0.0114
3436,W2C,1,13.6169,0.0,0,17.6,0.0099
3437,N2C,1,13.7092,0.0,0,17.48,0.0086
3437,S2C,1,13.524,0.0,0,17.72,0.0113
3437,E2C,1,13.3514,0.0,0,17.95,0.0138
3437,W2C,1,13.4233,0.0,0,17.85,0.0127
3438,N2C,1,13.7475,0.0,0,17.43,0.0081
3438,S2C,1,13.6596,0.0,0,17.54,0.0093
3438,E2C,1,12.4681,0.0,0,19.22,0.0265
3438,W2C,1,13.3055,0.0,0,18.01,0.0144
3439,N2C,1,13.89,0.0,0,17.25,0.006
3439,S2C,1,13.5073,0.0,0,17.74,0.0115
3439,E2C,2,10.7874,0.0,0,22.21,0.0567
3439,W2C,2,12.8386,0.0,0,18.66,0.0271
3440,N2C,1,13.638,0.0,0,17.57,0.0096
3440,S2C,1,13.1746,0.0,0,18.19,0.0163
3440,E2C,2,8.2487,0.0,0,29.05,0.0932
3440,W2C,2,10.0166,0.0,0,23.92,0.0678
3441,N2C,1,13.8823,0.0,0,17.26,0.0061
3441,S2C,1,13.1329,0.0,0,18.24,0.0169
3441,E2C,2,6.4811,0.0,0,36.97,0.1187
3441,W2C,2,8.347,0.0,0,28.7,0.0918
3442,N2C,1,13.5063,0.0,0,17.74,0.0115
3442,S2C,1,13.2038,0.0,0,18.15,0.0159
3442,E2C,2,6.5966,1.0,1,36.32,0.1237
3442,W2C,2,6.5562,0.0,0,36.55,0.1176
3443,N2C,1,13.6125,0.0,0,17.6,0.01
3443,S2C,1,13.3494,0.0,0,17.95,0.0138
3443,E2C,2,6.7196,2.0,1,35.66,0.1226
3443,W2C,2,6.6833,1.0,1,35.85,0.1224
3444,N2C,1,13.7871,0.0,0,17.38,0.0075
3444,S2C,1,13.1693,0.0,0,18.19,0.0164
3444,E2C,2,6.4064,3.0,1,37.4,0.1278
3444,W2C,2,6.5857,2.0,1,36.38,0.1245
3445,N2C,1,13.588,0.0,0,17.63,0.0103
3445,S2C,1,13.1673,0.0,0,18.2,0.0164
3445,E2C,2,6.9299,4.0,1,34.58,0.1209
3445,W2C,2,6.7257,3.0,1,35.62,0.1232
3446,N2C,1,13.7103,0.0,0,17.48,0.0086
3446,S2C,1,13.1973,0.0,0,18.16,0.016
3446,E2C,2,6.7784,5.0,1,35.35,0.1237
3446,W2C,2,6.6431,4.0,1,36.07,0.125
3447,N2C,1,13.5062,0.0,0,17.74,0.0115
3447,S2C,1,13.0552,0.0,0,18.35,0.018
3447,E2C,2,6.3274,6.0,1,37.87,0.1309
3447,W2C,2,6.4136,5.0,1,37.36,0.129
3448,N2C,1,13.459,0.0,0,17.8,0.0122
3448,S2C,1,13.341,0.0,0,17.96,0.0139
3448,E2C,2,6.4048,7.0,1,37.41,0.1304
3448,W2C,2,6.4944,6.0,1,36.89,0.1285
3449,N2C,1,13.403,0.0,0,17.88,0.013
3449,S2C,1,13.0079,0.0,0,18.42,0.0187
3449,E2C,2,6.3704,8.0,1,37.61,0.1316
3449,W2C,2,6.6168,7.0,1,36.21,0.1274
3450,N2C,1,13.3832,0.0,0,17.9,0.0133
3450,S2C,1,12.9922,0.0,0,18.44,0.0189
3450,E2C,2,6.6588,9.0,1,35.98,0.1281
3450,W2C,2,6.6177,8.0,1,36.21,0.128
3451,N2C,1,13.3351,0.0,0,17.97,0.014
3451,S2C,1,12.9583,0.0,0,18.49,0.0194
3451,E2C,2,6.6362,10.0,1,36.1,0.1291
3451,W2C,2,6.9128,9.0,1,34.66,0.1245
3452,N2C,1,13.4345,0.0,0,17.83,0.0126
3452,S2C,1,13.2158,0.0,0,18.13,0.0157
3452,E2C,2,6.4214,11.0,1,37.31,0.1329
3452,W2C,2,6.5401,10.0,1,36.64,0.1305
3453,N2C,1,13.285,0.0,0,18.04,0.0147
3453,S2C,1,12.8966,0.0,0,18.58,0.0203
3453,E2C,2,6.5129,12.0,1,36.79,0.1322
3453,W2C,2,6.5942,11.0,1,36.33,0.1304
3454,N2C,1,13.6467,0.0,0,17.56,0.0095
3454,S2C,1,13.0354,0.0,0,18.38,0.0183
3454,E2C,2,6.6714,13.0,1,35.91,0.1306
3454,W2C,2,6.65,12.0,1,36.03,0.1302
3455,N2C,1,13.8515,0.0,0,17.3,0.0066
3455,S2C,1,13.3725,0.0,0,17.92,0.0135
3455,E2C,2,6.569,14.0,1,36.47,0.1327
3455,W2C,2,6.7189,13.0,1,35.66,0.1299
3456,N2C,1,13.4855,0.0,0,17.77,0.0118
3456,S2C,1,13.4294,0.0,0,17.84,0.0126
3456,E2C,2,5.6196,15.0,1,42.64,0.1471
3456,W2C,2,5.527,14.0,1,43.35,0.1478
3457,N2C,1,13.89,0.0,0,17.25,0.006
3457,S2C,2,12.6085,0.0,0,19.0,0.0305
3457,E2C,3,6.908,16.0,1,34.68,0.1352
3457,W2C,3,7.0208,15.0,1,34.13,0.1329
3458,N2C,1,13.4623,0.0,0,17.8,0.0122
3458,S2C,1,13.2312,0.0,0,18.11,0.0155
3458,E2C,3,5.6873,17.0,1,42.13,0.1534
3458,W2C,3,5.7944,16.0,1,41.35,0.1512
3459,N2C,1,13.2595,0.0,0,18.07,0.0151
3459,S2C,1,13.3126,0.0,0,18.0,0.0143
3459,E2C,3,4.2373,18.0,1,56.55,0.175
3459,W2C,3,4.3685,17.0,1,54.85,0.1724
3460,N2C,1,13.7579,0.0,0,17.42,0.0079
3460,S2C,1,13.0357,0.0,0,18.38,0.0183
3460,E2C,3,4.3467,19.0,1,55.12,0.1741
3460,W2C,3,4.2887,19.0,2,55.87,0.1809
3461,N2C,1,13.4521,0.0,0,17.81,0.0123
3461,S2C,1,13.4439,0.0,0,17.82,0.0124
3461,E2C,3,3.9764,21.0,2,60.26,0.1867
3461,W2C,3,4.2802,21.0,2,55.98,0.1824
3462,N2C,1,13.8189,0.0,0,17.34,0.007
3462,S2C,1,13.1847,0.0,0,18.17,0.0162
3462,E2C,3,4.1613,23.0,2,57.58,0.1854
3462,W2C,3,4.4683,23.0,2,53.62,0.181
3463,N2C,1,13.6258,0.0,0,17.58,0.0098
3463,S2C,1,13.0854,0.0,0,18.31,0.0176
3463,E2C,3,4.2059,25.0,2,56.97,0.1861
3463,W2C,3,4.1208,25.0,2,58.14,0.1873
3464,N2C,1,13.5181,0.0,0,17.72,0.0114
3464,S2C,1,13.2268,0.0,0,18.11,0.0155
3464,E2C,3,4.2012,27.0,2,57.03,0.1875
3464,W2C,3,4.2252,27.0,2,56.71,0.1872
3465,N2C,1,13.5038,0.0,0,17.74,0.0116
3465,S2C,1,13.2456,0.0,0,18.09,0.0153
3465,E2C,3,4.0259,29.0,2,59.52,0.1914
3465,W2C,3,4.1464,29.0,2,57.78,0.1896
3466,N2C,1,13.2804,0.0,0,18.04,0.0148
3466,S2C,1,13.1424,0.0,0,18.23,0.0168
3466,E2C,1,12.9346,0.0,0,18.52,0.0198
3466,W2C,1,13.0823,0.0,0,18.31,0.0176
3467,N2C,1,13.7167,0.0,0,17.47,0.0085
3467,S2C,1,13.1542,0.0,0,18.21,0.0166
3467,E2C,1,13.3851,0.0,0,17.9,0.0133
3467,W2C,1,13.1379,0.0,0,18.24,0.0168
3468,N2C,1,13.8095,0.0,0,17.35,0.0072
3468,S2C,1,13.2681,0.0,0,18.06,0.015
3468,E2C,1,12.8816,0.0,0,18.6,0.0205
3468,W2C,1,13.0658,0.0,0,18.34,0.0179
3469,N2C,1,13.679,0.0,0,17.52,0.009
3469,S2C,1,13.1768,0.0,0,18.18,0.0163
3469,E2C,1,13.3356,0.0,0,17.97,0.014
3469,W2C,1,13.4095,0.0,0,17.87,0.0129
3470,N2C,1,13.7302,0.0,0,17.45,0.0083
3470,S2C,1,13.4291,0.0,0,17.84,0.0126
3470,E2C,1,13.1293,0.0,0,18.25,0.017
3470,W2C,1,13.3516,0.0,0,17.95,0.0138
3471,N2C,1,13.3681,0.0,0,17.92,0.0135
3471,S2C,1,13.467,0.0,0,17.79,0.0121
3471,E2C,1,13.351,0.0,0,17.95,0.0138
3471,W2C,1,13.139,0.0,0,18.24,0.0168
3472,N2C,1,13.2501,0.0,0,18.08,0.0152
3472,S2C,1,12.9734,0.0,0,18.47,0.0192
3472,E2C,1,12.9469,0.0,0,18.51,0.0196
3472,W2C,1,13.6335,0.0,0,17.57,0.0097
3473,N2C,1,13.6517,0.0,0,17.55,0.0094
3473,S2C,1,13.2104,0.0,0,18.14,0.0158
3473,E2C,1,12.9346,0.0,0,18.52,0.0198
3473,W2C,1,13.0679,0.0,0,18.34,0.0178
3474,N2C,1,12.9111,0.0,0,18.56,0.0201
3474,S2C,1,13.3466,0.0,0,17.95,0.0138
3474,E2C,1,12.8392,0.0,0,18.66,0.0211
3474,W2C,1,13.4091,0.0,0,17.87,0.0129
3475,N2C,2,9.8805,0.0,0,24.25,0.0697
3475,S2C,2,12.0049,0.0,0,19.96,0.0391
3475,E2C,2,12.3085,0.0,0,19.47,0.0348
3475,W2C,2,13.367,0.0,0,17.92,0.0195
3476,N2C,2,7.4596,0.0,0,32.12,0.1046
3476,S2C,2,9.6406,0.0,0,24.85,0.0732
3476,E2C,1,12.8605,0.0,0,18.63,0.0208
3476,W2C,1,13.8798,0.0,0,17.26,0.0061
3477,N2C,2,5.6503,1.0,1,42.4,0.1373
3477,S2C,2,8.1964,0.0,0,29.23,0.094
3477,E2C,1,12.5128,0.0,0,19.15,0.0258
3477,W2C,1,13.492,0.0,0,17.76,0.0117
3478,N2C,2,5.9249,2.0,1,40.44,0.134
3478,S2C,2,6.7285,0.0,0,35.61,0.1151
3478,E2C,1,12.5516,0.0,0,19.09,0.0253
3478,W2C,1,13.7757,0.0,0,17.39,0.0076
3479,N2C,2,5.5234,3.0,1,43.38,0.1405
3479,S2C,2,6.8363,0.0,0,35.05,0.1136
3479,E2C,1,12.7491,0.0,0,18.79,0.0224
3479,W2C,1,13.5038,0.0,0,17.74,0.0116
3480,N2C,2,5.8412,4.0,1,41.02,0.1366
3480,S2C,2,6.3842,1.0,1,37.53,0.1267
3480,E2C,1,12.485,0.0,0,19.19,0.0262
3480,W2C,1,13.7299,0.0,0,17.45,0.0083
3481,N2C,2,5.8803,5.0,1,40.75,0.1367
3481,S2C,2,6.4265,2.0,1,37.28,0.1268
3481,E2C,1,12.6114,0.0,0,19.0,0.0244
3481,W2C,1,13.5093,0.0,0,17.74,0.0115
3482,N2C,2,5.9396,6.0,1,40.34,0.1365
3482,S2C,2,6.5709,3.0,1,36.46,0.1254
3482,E2C,1,12.248,0.0,0,19.56,0.0296
3482,W2C,1,13.2952,0.0,0,18.02,0.0146
3483,N2C,2,5.7913,7.0,1,41.37,0.1393
3483,S2C,2,6.7181,4.0,1,35.66,0.1239
3483,E2C,1,12.2604,0.0,0,19.54,0.0295
3483,W2C,1,13.4957,0.0,0,17.75,0.0117
3484,N2C,2,5.815,8.0,1,41.2,0.1396
3484,S2C,2,6.8895,5.0,1,34.78,0.1221
3484,E2C,1,12.3942,0.0,0,19.33,0.0275
3484,W2C,1,13.7055,0.0,0,17.48,0.0087
3485,N2C,2,5.5183,9.0,1,43.42,0.1445
3485,S2C,2,6.6414,6.0,1,36.08,0.1264
3485,E2C,1,12.6494,0.0,0,18.94,0.0239
3485,W2C,1,13.5129,0.0,0,17.73,0.0114
3486,N2C,2,5.931,10.0,1,40.4,0.1393
3486,S2C,2,6.7877,7.0,1,35.3,0.1249
3486,E2C,1,12.4359,0.0,0,19.27,0.0269
3486,W2C,1,13.5459,0.0,0,17.69,0.011
3487,N2C,2,5.786,11.0,1,41.41,0.142
3487,S2C,2,6.4553,8.0,1,37.12,0.1304
3487,E2C,1,12.7265,0.0,0,18.83,0.0228
3487,W2C,1,13.7212,0.0,0,17.46,0.0084
3488,N2C,2,5.8457,12.0,1,40.99,0.1418
3488,S2C,2,6.5509,9.0,1,36.58,0.1297
3488,E2C,1,12.3101,0.0,0,19.46,0.0287
3488,W2C,1,13.2753,0.0,0,18.05,0.0149
3489,N2C,2,5.6533,13.0,1,42.38,0.1453
3489,S2C,2,6.527,10.0,1,36.71,0.1307
3489,E2C,1,12.364,0.0,0,19.38,0.028
3489,W2C,1,13.6388,0.0,0,17.57,0.0096
3490,N2C,2,5.8872,14.0,1,40.7,0.1426
3490,S2C,2,6.4885,11.0,1,36.93,0.1319
3490,E2C,1,12.2444,0.0,0,19.57,0.0297
3490,W2C,1,13.3305,0.0,0,17.97,0.0141
3491,N2C,2,5.8735,15.0,1,40.79,0.1434
3491,S2C,2,6.5559,12.0,1,36.55,0.1316
3491,E2C,1,12.5271,0.0,0,19.13,0.0256
3491,W2C,1,13.7378,0.0,0,17.44,0.0082
3492,N2C,2,5.691,16.0,1,42.1,0.1467
3492,S2C,2,5.5324,13.0,1,43.31,0.147
3492,E2C,1,12.3036,0.0,0,19.47,0.0288
3492,W2C,1,13.4662,0.0,0,17.79,0.0121
3493,N2C,3,8.318,17.0,1,28.8,0.1156
3493,S2C,3,7.2872,14.0,1,32.88,0.1284
3493,E2C,2,11.1753,0.0,0,21.44,0.0511
3493,W2C,1,13.7574,0.0,0,17.42,0.0079
3494,N2C,3,8.4837,18.0,1,28.24,0.1138
3494,S2C,3,5.7599,15.0,1,41.6,0.1511
3494,E2C,2,10.9685,0.0,0,21.84,0.0541
3494,W2C,1,13.6416,0.0,0,17.56,0.0096
3495,N2C,3,7.388,19.0,1,32.43,0.1303
3495,S2C,3,4.3994,16.0,1,54.46,0.1713
3495,E2C,2,10.7199,0.0,0,22.35,0.0576
3495,W2C,1,13.5448,0.0,0,17.69,0.011
3496,N2C,3,6.1234,20.0,1,39.13,0.1492
3496,S2C,3,4.3853,18.0,2,54.64,0.1789
3496,E2C,2,8.4179,0.0,0,28.46,0.0908
3496,W2C,1,13.1326,0.0,0,18.24,0.0169
3497,N2C,3,4.6009,21.0,1,52.08,0.1718
3497,S2C,3,4.3841,20.0,2,54.65,0.1802
3497,E2C,2,6.4131,0.0,0,37.36,0.1197
3497,W2C,1,13.6029,0.0,0,17.61,0.0101
3498,N2C,3,4.2696,23.0,2,56.12,0.1839
3498,S2C,3,4.2178,22.0,2,56.81,0.1839
3498,E2C,2,5.2001,0.0,0,46.08,0.1371
3498,W2C,1,13.2622,0.0,0,18.07,0.015
3499,N2C,1,13.8323,0.0,0,17.32,0.0068
3499,S2C,1,13.6163,0.0,0,17.6,0.0099
3499,E2C,2,4.9084,1.0,1,48.81,0.148
3499,W2C,1,13.3572,0.0,0,17.94,0.0137
3500,N2C,1,13.8639,0.0,0,17.28,0.0064
3500,S2C,1,13.7587,0.0,0,17.41,0.0079
3500,E2C,2,5.2472,2.0,1,45.66,0.1438
3500,W2C,1,13.2754,0.0,0,18.05,0.0148
3501,N2C,1,13.3109,0.0,0,18.0,0.0143
3501,S2C,1,13.3675,0.0,0,17.92,0.0135
3501,E2C,2,4.6931,3.0,1,51.05,0.1524
3501,W2C,1,13.2309,0.0,0,18.11,0.0155
3502,N2C,1,13.2464,0.0,0,18.09,0.0153
3502,S2C,1,13.316,0.0,0,17.99,0.0143
3502,E2C,2,5.2618,4.0,1,45.54,0.1449
3502,W2C,1,13.3068,0.0,0,18.01,0.0144
3503,N2C,1,13.3478,0.0,0,17.95,0.0138
3503,S2C,1,13.494,0.0,0,17.76,0.0117
3503,E2C,2,4.72,5.0,1,50.76,0.1534
3503,W2C,1,13.3655,0.0,0,17.93,0.0136
3504,N2C,1,13.5542,0.0,0,17.68,0.0108
3504,S2C,1,13.4815,0.0,0,17.77,0.0119
3504,E2C,2,4.8257,6.0,1,49.65,0.1525
3504,W2C,1,13.4905,0.0,0,17.76,0.0118
3505,N2C,1,13.4693,0.0,0,17.79,0.0121
3505,S2C,1,13.7224,0.0,0,17.46,0.0084
3505,E2C,2,4.9221,7.0,1,48.68,0.1518
3505,W2C,1,13.2512,0.0,0,18.08,0.0152
3506,N2C,1,13.5961,0.0,0,17.62,0.0102
3506,S2C,1,13.5446,0.0,0,17.69,0.011
3506,E2C,2,5.1936,8.0,1,46.13,0.1486
3506,W2C,1,13.4046,0.0,0,17.87,0.013
3507,N2C,1,13.6136,0.0,0,17.6,0.01
3507,S2C,1,13.301,0.0,0,18.01,0.0145
3507,E2C,2,5.2158,9.0,1,45.94,0.1489
3507,W2C,1,13.162,0.0,0,18.2,0.0165
3508,N2C,1,13.5249,0.0,0,17.72,0.0113
3508,S2C,1,13.7927,0.0,0,17.37,0.0074
3508,E2C,2,8.1263,10.0,1,29.48,0.1077
3508,W2C,1,13.5376,0.0,0,17.7,0.0111
3509,N2C,1,13.3181,0.0,0,17.99,0.0142
3509,S2C,1,13.3834,0.0,0,17.9,0.0133
3509,E2C,2,7.8823,11.0,1,30.4,0.1118
3509,W2C,1,13.6383,0.0,0,17.57,0.0096
3510,N2C,1,13.6727,0.0,0,17.52,0.0091
3510,S2C,1,13.5844,0.0,0,17.64,0.0104
3510,E2C,2,7.7447,12.0,1,30.94,0.1145
3510,W2C,1,13.6256,0.0,0,17.58,0.0098
3511,N2C,1,13.89,0.0,0,17.25,0.006
3511,S2C,1,13.89,0.0,0,17.25,0.006
3511,E2C,3,6.8956,13.0,1,34.75,0.1334
3511,W2C,2,10.5658,0.0,0,22.68,0.0599
3512,N2C,1,13.803,0.0,0,17.36,0.0073
3512,S2C,1,13.3599,0.0,0,17.93,0.0136
3512,E2C,3,6.5435,14.0,1,36.62,0.1391
3512,W2C,2,8.0842,0.0,0,29.64,0.0956
3513,N2C,1,13.7639,0.0,0,17.41,0.0078
3513,S2C,1,13.393,0.0,0,17.89,0.0132
3513,E2C,3,6.4334,15.0,1,37.24,0.1414
3513,W2C,2,6.2884,0.0,0,38.1,0.1215
3514,N2C,1,13.761,0.0,0,17.41,0.0079
3514,S2C,1,13.8313,0.0,0,17.32,0.0068
3514,E2C,3,6.9193,16.0,1,34.63,0.135
3514,W2C,2,6.0675,0.0,0,39.49,0.1246
3515,N2C,1,13.6414,0.0,0,17.56,0.0096
3515,S2C,1,13.3281,0.0,0,17.98,0.0141
3515,E2C,3,6.9242,17.0,1,34.6,0.1356
3515,W2C,2,6.127,1.0,1,39.11,0.1304
3516,N2C,1,13.2837,0.0,0,18.04,0.0147
3516,S2C,1,13.6552,0.0,0,17.55,0.0094
3516,E2C,3,6.4481,18.0,1,37.16,0.1432
3516,W2C,2,5.967,2.0,1,40.15,0.1334
3517,N2C,1,13.8154,0.0,0,17.34,0.0071
3517,S2C,1,13.3591,0.0,0,17.94,0.0136
3517,E2C,3,4.9414,19.0,1,48.49,0.1655
3517,W2C,2,5.5429,3.0,1,43.23,0.1402
3518,N2C,1,13.7244,0.0,0,17.46,0.0084
3518,S2C,1,13.6169,0.0,0,17.6,0.0099
3518,E2C,3,3.4859,20.0,1,68.73,0.1871
3518,W2C,2,5.8182,4.0,1,41.18,0.1369
3519,N2C,1,13.8254,0.0,0,17.33,0.0069
3519,S2C,1,13.277,0.0,0,18.05,0.0148
3519,E2C,3,3.5474,21.0,1,67.54,0.1869
3519,W2C,2,6.0913,5.0,1,39.33,0.1336
3520,N2C,1,13.8505,0.0,0,17.3,0.0066
3520,S2C,1,13.393,0.0,0,17.89,0.0132
3520,E2C,3,3.4849,23.0,2,68.75,0.1952
3520,W2C,2,5.7305,6.0,1,41.81,0.1395
3521,N2C,1,13.886,0.0,0,17.25,0.0061
3521,S2C,1,13.8165,0.0,0,17.34,0.0071
3521,E2C,3,3.4219,25.0,2,70.02,0.1974
3521,W2C,2,6.084,7.0,1,39.38,0.1351
3522,N2C,1,13.5136,0.0,0,17.73,0.0114
3522,S2C,1,13.5886,0.0,0,17.63,0.0103
3522,E2C,3,3.4905,27.0,2,68.64,0.1977
3522,W2C,2,5.5929,8.0,1,42.84,0.1428
3523,N2C,1,13.4712,0.0,0,17.79,0.012
3523,S2C,1,13.3582,0.0,0,17.94,0.0137
3523,E2C,3,3.3119,29.0,2,72.34,0.2016
3523,W2C,2,5.9175,9.0,1,40.49,0.1388
3524,N2C,1,13.7963,0.0,0,17.37,0.0073
3524,S2C,1,13.5149,0.0,0,17.73,0.0114
3524,E2C,3,3.4337,31.0,2,69.78,0.2012
3524,W2C,2,5.5042,10.0,1,43.53,0.1454
3525,N2C,1,13.3176,0.0,0,17.99,0.0142
3525,S2C,1,13.8271,0.0,0,17.33,0.0069
3525,E2C,3,3.4717,33.0,2,69.01,0.202
3525,W2C,2,5.4871,11.0,1,43.67,0.1463
3526,N2C,1,13.5154,0.0,0,17.73,0.0114
3526,S2C,1,13.4679,0.0,0,17.79,0.0121
3526,E2C,3,3.5075,35.0,2,68.31,0.2028
3526,W2C,2,6.0425,12.0,1,39.65,0.139
3527,N2C,1,13.5881,0.0,0,17.63,0.0103
3527,S2C,1,13.6721,0.0,0,17.52,0.0091
3527,E2C,3,3.5147,37.0,2,68.17,0.2041
3527,W2C,2,5.7943,13.0,1,41.35,0.1432
3528,N2C,1,13.6035,0.0,0,17.61,0.0101
3528,S2C,1,13.3495,0.0,0,17.95,0.0138
3528,E2C,3,3.402,39.0,2,70.43,0.207
3528,W2C,2,5.8948,14.0,1,40.65,0.1425
3529,N2C,1,13.89,0.0,0,17.25,0.006
3529,S2C,1,12.1378,0.0,0,19.74,0.0312
3529,E2C,4,5.919,41.0,2,40.48,0.1781
3529,W2C,3,8.2916,15.0,1,28.9,0.1146
3530,N2C,1,13.731,0.0,0,17.45,0.0083
3530,S2C,1,11.5167,0.0,0,20.8,0.0402
3530,E2C,4,5.8298,43.0,2,41.1,0.1807
3530,W2C,3,7.8291,16.0,1,30.6,0.1219
3531,N2C,1,13.8876,0.0,0,17.25,0.006
3531,S2C,1,11.8407,0.0,0,20.24,0.0355
3531,E2C,4,5.9441,45.0,2,40.31,0.1804
3531,W2C,3,6.4999,17.0,1,36.86,0.1417
3532,N2C,1,13.2945,0.0,0,18.02,0.0146
3532,S2C,1,12.0985,0.0,0,19.8,0.0318
3532,E2C,2,11.5551,0.0,0,20.74,0.0456
3532,W2C,1,13.4511,0.0,0,17.81,0.0123
3533,N2C,1,13.6357,0.0,0,17.57,0.0097
3533,S2C,1,12.0923,0.0,0,19.81,0.0319
3533,E2C,2,11.2916,0.0,0,21.22,0.0494
3533,W2C,1,13.3168,0.0,0,17.99,0.0143
3534,N2C,1,13.851,0.0,0,17.3,0.0066
3534,S2C,1,12.0505,0.0,0,19.88,0.0325
3534,E2C,2,9.998,0.0,0,23.96,0.068
3534,W2C,1,13.5891,0.0,0,17.63,0.0103
3535,N2C,1,13.8008,0.0,0,17.36,0.0073
3535,S2C,1,11.5422,0.0,0,20.76,0.0398
3535,E2C,1,13.57,0.0,0,17.66,0.0106
3535,W2C,1,13.5764,0.0,0,17.65,0.0105
3536,N2C,1,13.6889,0.0,0,17.5,0.0089
3536,S2C,1,11.8691,0.0,0,20.19,0.0351
3536,E2C,1,13.4934,0.0,0,17.76,0.0117
3536,W2C,1,13.3956,0.0,0,17.89,0.0131
3537,N2C,1,13.6329,0.0,0,17.58,0.0097
3537,S2C,1,11.7865,0.0,0,20.33,0.0363
3537,E2C,1,13.8181,0.0,0,17.34,0.007
3537,W2C,1,13.4265,0.0,0,17.85,0.0127
3538,N2C,1,13.6524,0.0,0,17.55,0.0094
3538,S2C,1,11.5128,0.0,0,20.81,0.0402
3538,E2C,1,13.5596,0.0,0,17.67,0.0108
3538,W2C,1,13.1866,0.0,0,18.17,0.0161
3539,N2C,1,13.7669,0.0,0,17.4,0.0078
3539,S2C,1,11.5836,0.0,0,20.68,0.0392
3539,E2C,1,13.5415,0.0,0,17.69,0.011
3539,W2C,1,13.3259,0.0,0,17.98,0.0141
3540,N2C,1,13.454,0.0,0,17.81,0.0123
3540,S2C,1,11.9162,0.0,0,20.11,0.0344
3540,E2C,1,13.7862,0.0,0,17.38,0.0075
3540,W2C,1,13.2588,0.0,0,18.07,0.0151
3541,N2C,1,13.4156,0.0,0,17.86,0.0128
3541,S2C,1,12.1087,0.0,0,19.79,0.0316
3541,E2C,1,13.6477,0.0,0,17.56,0.0095
3541,W2C,1,13.3001,0.0,0,18.01,0.0145
3542,N2C,1,13.8043,0.0,0,17.36,0.0072
3542,S2C,1,11.9009,0.0,0,20.13,0.0346
3542,E2C,1,13.374,0.0,0,17.92,0.0134
3542,W2C,1,13.0934,0.0,0,18.3,0.0175
3543,N2C,1,13.4895,0.0,0,17.76,0.0118
3543,S2C,1,11.9664,0.0,0,20.02,0.0337
3543,E2C,1,13.8712,0.0,0,17.27,0.0063
3543,W2C,1,13.2298,0.0,0,18.11,0.0155
3544,N2C,1,13.4252,0.0,0,17.85,0.0127
3544,S2C,1,11.7518,0.0,0,20.39,0.0368
3544,E2C,1,13.3043,0.0,0,18.01,0.0144
3544,W2C,1,12.9945,0.0,0,18.44,0.0189
3545,N2C,1,13.478,0.0,0,17.78,0.0119
3545,S2C,1,11.5118,0.0,0,20.81,0.0402
3545,E2C,1,13.4155,0.0,0,17.86,0.0128
3545,W2C,1,13.2154,0.0,0,18.13,0.0157
3546,N2C,1,12.5285,0.0,0,19.12,0.0256
3546,S2C,1,11.8156,0.0,0,20.28,0.0359
3546,E2C,1,13.6537,0.0,0,17.55,0.0094
3546,W2C,1,13.3267,0.0,0,17.98,0.0141
3547,N2C,2,10.1535,0.0,0,23.6,0.0658
3547,S2C,2,11.5799,0.0,0,20.69,0.0453
3547,E2C,1,13.6948,0.0,0,17.5,0.0088
3547,W2C,2,12.9696,0.0,0,18.47,0.0253
3548,N2C,2,7.431,0.0,0,32.24,0.105
3548,S2C,2,11.7176,0.0,0,20.45,0.0433
3548,E2C,1,13.2961,0.0,0,18.02,0.0146
3548,W2C,1,13.7652,0.0,0,17.41,0.0078
3549,N2C,2,6.5442,1.0,1,36.61,0.1244
3549,S2C,2,11.3564,0.0,0,21.1,0.0485
3549,E2C,1,13.3871,0.0,0,17.9,0.0132
3549,W2C,1,13.6078,0.0,0,17.61,0.0101
3550,N2C,2,6.6504,2.0,1,36.03,0.1236
3550,S2C,2,11.9227,0.0,0,20.1,0.0403
3550,E2C,1,13.4241,0.0,0,17.85,0.0127
3550,W2C,1,13.5302,0.0,0,17.71,0.0112
3551,N2C,2,6.5856,3.0,1,36.38,0.1252
3551,S2C,2,11.2195,0.0,0,21.36,0.0505
3551,E2C,1,13.5075,0.0,0,17.74,0.0115
3551,W2C,1,13.8802,0.0,0,17.26,0.0061
3552,N2C,2,6.2055,4.0,1,38.61,0.1313
3552,S2C,2,11.9952,0.0,0,19.97,0.0393
3552,E2C,1,13.494,0.0,0,17.76,0.0117
3552,W2C,1,13.755,0.0,0,17.42,0.0079
3553,N2C,2,6.6712,5.0,1,35.92,0.1253
3553,S2C,2,9.9336,0.0,0,24.12,0.069
3553,E2C,1,13.0646,0.0,0,18.34,0.0179
3553,W2C,1,13.4841,0.0,0,17.77,0.0118
3554,N2C,2,6.4884,6.0,1,36.93,0.1286
3554,S2C,2,8.1455,0.0,0,29.41,0.0947
3554,E2C,1,13.3548,0.0,0,17.94,0.0137
3554,W2C,1,13.2715,0.0,0,18.05,0.0149
3555,N2C,2,6.6783,7.0,1,35.88,0.1265
3555,S2C,2,6.9442,1.0,1,34.5,0.1187
3555,E2C,1,13.4771,0.0,0,17.78,0.0119
3555,W2C,1,13.3097,0.0,0,18.0,0.0144
3556,N2C,2,6.2692,8.0,1,38.22,0.1331
3556,S2C,2,6.3425,2.0,1,37.78,0.128
3556,E2C,1,13.4886,0.0,0,17.76,0.0118
3556,W2C,1,13.5729,0.0,0,17.65,0.0106
3557,N2C,2,6.2824,9.0,1,38.14,0.1335
3557,S2C,2,6.7669,3.0,1,35.41,0.1226
3557,E2C,1,13.0931,0.0,0,18.3,0.0175
3557,W2C,1,13.3415,0.0,0,17.96,0.0139
3558,N2C,2,6.7072,10.0,1,35.72,0.1281
3558,S2C,2,6.7769,4.0,1,35.36,0.1231
3558,E2C,1,13.1216,0.0,0,18.26,0.0171
3558,W2C,1,13.609,0.0,0,17.61,0.01
3559,N2C,2,6.4454,11.0,1,37.17,0.1325
3559,S2C,2,6.8601,5.0,1,34.93,0.1226
3559,E2C,1,13.3303,0.0,0,17.97,0.0141
3559,W2C,1,13.3386,0.0,0,17.96,0.0139
3560,N2C,2,6.7634,12.0,1,35.43,0.1286
3560,S2C,2,6.6128,6.0,1,36.23,0.1268
3560,E2C,1,13.5447,0.0,0,17.69,0.011
3560,W2C,1,13.8078,0.0,0,17.35,0.0072
3561,N2C,2,6.268,13.0,1,38.23,0.1364
3561,S2C,2,6.7141,7.0,1,35.69,0.126
3561,E2C,1,13.1849,0.0,0,18.17,0.0162
3561,W2C,1,13.3187,0.0,0,17.99,0.0142
3562,N2C,2,6.7484,14.0,1,35.5,0.1302
3562,S2C,2,6.3798,8.0,1,37.56,0.1315
3562,E2C,1,13.4189,0.0,0,17.86,0.0128
3562,W2C,1,13.3267,0.0,0,17.98,0.0141
3563,N2C,2,6.3845,15.0,1,37.53,0.1361
3563,S2C,2,6.4785,9.0,1,36.98,0.1307
3563,E2C,1,13.2034,0.0,0,18.15,0.0159
3563,W2C,1,13.3742,0.0,0,17.92,0.0134
3564,N2C,2,6.0675,16.0,1,39.49,0.1413
3564,S2C,2,5.6562,10.0,1,42.36,0.1432
3564,E2C,1,13.1689,0.0,0,18.19,0.0164
3564,W2C,1,12.9342,0.0,0,18.52,0.0198
3565,N2C,2,13.2914,0.0,0,18.03,0.0206
3565,S2C,1,13.7087,0.0,0,17.48,0.0086
3565,E2C,2,11.5762,0.0,0,20.7,0.0453
3565,W2C,2,10.5623,0.0,0,22.68,0.0599
3566,N2C,1,13.4195,0.0,0,17.85,0.0128
3566,S2C,1,13.1422,0.0,0,18.23,0.0168
3566,E2C,2,8.9869,0.0,0,26.66,0.0826
3566,W2C,2,7.7574,0.0,0,30.89,0.1003
3567,N2C,1,13.5897,0.0,0,17.63,0.0103
3567,S2C,1,13.451,0.0,0,17.81,0.0123
3567,E2C,2,7.5434,0.0,0,31.76,0.1034
3567,W2C,2,6.6297,0.0,0,36.14,0.1165
3568,N2C,1,13.6302,0.0,0,17.58,0.0097
3568,S2C,1,13.3114,0.0,0,18.0,0.0143
3568,E2C,2,6.7151,0.0,0,35.68,0.1153
3568,W2C,2,6.0362,1.0,1,39.69,0.1318
3569,N2C,1,13.5526,0.0,0,17.68,0.0109
3569,S2C,1,13.3985,0.0,0,17.88,0.0131
3569,E2C,2,6.5568,0.0,0,36.54,0.1176
3569,W2C,2,6.2334,2.0,1,38.44,0.1296
3570,N2C,1,13.5962,0.0,0,17.62,0.0102
3570,S2C,1,13.6939,0.0,0,17.5,0.0088
3570,E2C,2,6.6548,1.0,1,36.0,0.1228
3570,W2C,2,6.1743,3.0,1,38.81,0.1311
3571,N2C,1,13.5573,0.0,0,17.67,0.0108
3571,S2C,1,13.4955,0.0,0,17.75,0.0117
3571,E2C,2,6.7451,2.0,1,35.52,0.1222
3571,W2C,2,6.35,4.0,1,37.73,0.1292
3572,N2C,1,13.2157,0.0,0,18.13,0.0157
3572,S2C,1,13.0992,0.0,0,18.29,0.0174
3572,E2C,2,6.7443,3.0,1,35.53,0.1229
3572,W2C,2,6.3341,5.0,1,37.83,0.1301
3573,N2C,1,13.2499,0.0,0,18.08,0.0152
3573,S2C,1,13.2646,0.0,0,18.06,0.015
3573,E2C,2,6.5761,4.0,1,36.44,0.126
3573,W2C,2,6.0521,6.0,1,39.59,0.1349
3574,N2C,1,13.5198,0.0,0,17.72,0.0113
3574,S2C,1,13.5143,0.0,0,17.73,0.0114
3574,E2C,2,6.6522,5.0,1,36.02,0.1255
3574,W2C,2,6.2561,7.0,1,38.3,0.1326
3575,N2C,1,13.698,0.0,0,17.49,0.0088
3575,S2C,1,13.3158,0.0,0,17.99,0.0143
3575,E2C,2,6.7233,6.0,1,35.64,0.1252
3575,W2C,2,6.0059,8.0,1,39.89,0.1369
3576,N2C,1,13.7796,0.0,0,17.39,0.0076
3576,S2C,1,13.2125,0.0,0,18.13,0.0158
3576,E2C,2,6.4011,7.0,1,37.43,0.1305
3576,W2C,2,6.0348,9.0,1,39.7,0.1371
3577,N2C,1,13.5781,0.0,0,17.65,0.0105
3577,S2C,1,13.601,0.0,0,17.62,0.0102
3577,E2C,2,6.331,8.0,1,37.85,0.1322
3577,W2C,2,6.0487,10.0,1,39.61,0.1376
3578,N2C,1,13.5878,0.0,0,17.63,0.0104
3578,S2C,1,13.5836,0.0,0,17.64,0.0104
3578,E2C,2,6.6646,9.0,1,35.95,0.128
3578,W2C,2,6.4796,11.0,1,36.98,0.132
3579,N2C,1,13.5416,0.0,0,17.69,0.011
3579,S2C,1,13.2302,0.0,0,18.11,0.0155
3579,E2C,2,6.3302,10.0,1,37.85,0.1335
3579,W2C,2,6.1748,12.0,1,38.8,0.1371
3580,N2C,1,13.6616,0.0,0,17.54,0.0093
3580,S2C,1,13.5032,0.0,0,17.74,0.0116
3580,E2C,2,6.9285,11.0,1,34.58,0.1256
3580,W2C,2,6.2101,13.0,1,38.58,0.1372
3581,N2C,1,13.1793,0.0,0,18.18,0.0162
3581,S2C,1,13.3983,0.0,0,17.88,0.0131
3581,E2C,2,6.532,12.0,1,36.68,0.1319
3581,W2C,2,6.4613,14.0,1,37.08,0.1343
3582,N2C,1,13.6845,0.0,0,17.51,0.009
3582,S2C,1,13.3574,0.0,0,17.94,0.0137
3582,E2C,2,6.1028,13.0,1,39.26,0.1388
3582,W2C,2,6.0973,15.0,1,39.3,0.1402
3583,N2C,1,13.0913,0.0,0,18.3,0.0175
3583,S2C,2,13.4104,0.0,0,17.87,0.0189
3583,E2C,3,6.9504,14.0,1,34.47,0.1333
3583,W2C,3,8.0485,16.0,1,29.77,0.1188
3584,N2C,1,12.5633,0.0,0,19.07,0.0251
3584,S2C,1,13.4322,0.0,0,17.84,0.0126
3584,E2C,3,5.1217,15.0,1,46.78,0.1603
3584,W2C,3,6.8168,17.0,1,35.15,0.1372
3585,N2C,1,12.5666,0.0,0,19.07,0.0251
3585,S2C,1,13.555,0.0,0,17.68,0.0108
3585,E2C,3,4.2918,16.0,1,55.83,0.1729
3585,W2C,3,5.3391,18.0,1,44.88,0.1591
3586,N2C,1,12.8527,0.0,0,18.64,0.0209
3586,S2C,1,13.8121,0.0,0,17.35,0.0071
3586,E2C,3,3.9897,18.0,2,60.06,0.1846
3586,W2C,3,4.0997,19.0,1,58.44,0.1776
3587,N2C,1,12.7871,0.0,0,18.74,0.0219
3587,S2C,1,13.7401,0.0,0,17.44,0.0082
3587,E2C,3,4.2296,20.0,2,56.65,0.1824
3587,W2C,3,3.9646,21.0,2,60.43,0.1869
3588,N2C,1,12.7302,0.0,0,18.82,0.0227
3588,S2C,1,13.3027,0.0,0,18.01,0.0145
3588,E2C,3,4.0391,22.0,2,59.32,0.1865
3588,W2C,3,4.0084,23.0,2,59.78,0.1876
3589,N2C,1,12.5698,0.0,0,19.06,0.025
3589,S2C,1,13.4586,0.0,0,17.8,0.0122
3589,E2C,3,4.3368,24.0,2,55.25,0.1836
3589,W2C,3,3.8777,25.0,2,61.79,0.1908
3590,N2C,1,12.4602,0.0,0,19.23,0.0266
3590,S2C,1,13.2679,0.0,0,18.06,0.015
3590,E2C,3,4.0172,26.0,2,59.64,0.1895
3590,W2C,3,4.2402,27.0,2,56.51,0.1869
3591,N2C,1,12.5791,0.0,0,19.05,0.0249
3591,S2C,1,13.5061,0.0,0,17.74,0.0115
3591,E2C,3,3.9902,28.0,2,60.05,0.1912
3591,W2C,3,4.1411,29.0,2,57.86,0.1897
3592,N2C,1,13.0153,0.0,0,18.41,0.0186
3592,S2C,1,13.4436,0.0,0,17.82,0.0124
3592,E2C,3,3.9858,30.0,2,60.11,0.1926
3592,W2C,3,4.1197,31.0,2,58.16,0.1913
3593,N2C,1,12.9082,0.0,0,18.56,0.0201
3593,S2C,1,13.8172,0.0,0,17.34,0.007
3593,E2C,3,3.98,32.0,2,60.2,0.194
3593,W2C,3,3.9896,33.0,2,60.06,0.1946
3594,N2C,1,12.9755,0.0,0,18.47,0.0192
3594,S2C,1,13.2876,0.0,0,18.03,0.0147
3594,E2C,3,4.0796,34.0,2,58.73,0.1939
3594,W2C,3,4.0979,35.0,2,58.47,0.1943
3595,N2C,1,12.691,0.0,0,18.88,0.0233
3595,S2C,1,13.3518,0.0,0,17.95,0.0137
3595,E2C,3,4.0904,36.0,2,58.58,0.1951
3595,W2C,3,4.2432,37.0,2,56.47,0.1936
3596,N2C,1,12.8084,0.0,0,18.71,0.0216
3596,S2C,1,13.8129,0.0,0,17.35,0.0071
3596,E2C,3,4.0499,38.0,2,59.16,0.197
3596,W2C,3,4.145,39.0,2,57.8,0.1963
3597,N2C,1,12.6307,0.0,0,18.97,0.0241
3597,S2C,1,13.4333,0.0,0,17.84,0.0126
3597,E2C,3,4.0597,40.0,2,59.02,0.1982
3597,W2C,3,4.1012,41.0,2,58.42,0.1983
3598,N2C,1,12.8367,0.0,0,18.67,0.0212
3598,S2C,1,13.5239,0.0,0,17.72,0.0113
3598,E2C,1,13.0262,0.0,0,18.39,0.0184
3598,W2C,1,13.2262,0.0,0,18.12,0.0156
3599,N2C,1,12.9101,0.0,0,18.56,0.0201
3599,S2C,1,13.542,0.0,0,17.69,0.011
3599,E2C,1,13.1314,0.0,0,18.25,0.0169
3599,W2C,1,13.2763,0.0,0,18.05,0.0148
3600,N2C,1,12.9697,0.0,0,18.47,0.0193
3600,S2C,1,12.7538,0.0,0,18.79,0.0224
3600,E2C,1,13.3526,0.0,0,17.94,0.0137
3600,W2C,1,13.1858,0.0,0,18.17,0.0161
