time,edge,vehicles,speed,waiting,halting,traveltime,congestion
1,N2C,1,13.89,0.0,0,17.25,0.006
1,S2C,1,13.4615,0.0,0,17.8,0.0122
1,E2C,1,13.89,0.0,0,17.25,0.006
1,W2C,1,13.89,0.0,0,17.25,0.006
2,N2C,1,13.2784,0.0,0,18.04,0.0148
2,S2C,1,13.0561,0.0,0,18.35,0.018
2,E2C,1,13.5495,0.0,0,17.68,0.0109
2,W2C,1,13.4471,0.0,0,17.82,0.0124
3,N2C,1,13.2541,0.0,0,18.08,0.0152
3,S2C,1,13.2147,0.0,0,18.13,0.0157
3,E2C,1,13.4511,0.0,0,17.81,0.0123
3,W2C,1,13.8511,0.0,0,17.3,0.0066
4,N2C,1,13.3091,0.0,0,18.0,0.0144
4,S2C,1,12.8743,0.0,0,18.61,0.0206
4,E2C,1,13.5912,0.0,0,17.63,0.0103
4,W2C,1,13.602,0.0,0,17.61,0.0101
5,N2C,1,13.8625,0.0,0,17.28,0.0064
5,S2C,1,13.3115,0.0,0,18.0,0.0143
5,E2C,1,13.8108,0.0,0,17.35,0.0071
5,W2C,1,13.2412,0.0,0,18.09,0.0153
6,N2C,2,13.8031,0.0,0,17.36,0.0133
6,S2C,2,11.7102,0.0,0,20.46,0.0434
6,E2C,2,13.6898,0.0,0,17.5,0.0149
6,W2C,2,12.5964,0.0,0,19.02,0.0306
7,N2C,2,13.4104,0.0,0,17.87,0.0189
7,S2C,2,11.3526,0.0,0,21.11,0.0485
7,E2C,2,13.2218,0.0,0,18.12,0.0216
7,W2C,2,11.8569,0.0,0,20.21,0.0413
8,N2C,2,13.3023,0.0,0,18.01,0.0205
8,S2C,2,11.8723,0.0,0,20.18,0.0411
8,E2C,2,13.5268,0.0,0,17.71,0.0172
8,W2C,2,12.1313,0.0,0,19.75,0.0373
9,N2C,2,13.3133,0.0,0,18.0,0.0203
9,S2C,2,11.7414,0.0,0,20.41,0.0429
9,E2C,2,12.8992,0.0,0,18.57,0.0263
9,W2C,2,12.1066,0.0,0,19.79,0.0377
10,N2C,3,13.2035,0.0,0,18.15,0.0279
10,S2C,3,11.499,0.0,0,20.84,0.0524
10,E2C,3,13.6017,0.0,0,17.62,0.0222
10,W2C,3,12.7044,0.0,0,18.86,0.0351
11,N2C,3,12.8438,0.0,0,18.65,0.0331
11,S2C,3,11.8411,0.0,0,20.23,0.0475
11,E2C,3,12.9356,0.0,0,18.52,0.0317
11,W2C,3,12.8259,0.0,0,18.68,0.0333
12,N2C,3,12.9751,0.0,0,18.47,0.0312
12,S2C,3,11.5604,0.0,0,20.73,0.0515
12,E2C,3,13.2698,0.0,0,18.06,0.0269
12,W2C,3,12.665,0.0,0,18.92,0.0356
13,N2C,3,12.9886,0.0,0,18.45,0.031
13,S2C,3,11.9473,0.0,0,20.05,0.046
13,E2C,3,13.3958,0.0,0,17.89,0.0251
13,W2C,3,13.2152,0.0,0,18.13,0.0277
14,N2C,3,13.4264,0.0,0,17.85,0.0247
14,S2C,3,11.9448,0.0,0,20.06,0.046
14,E2C,3,12.6987,0.0,0,18.87,0.0352
14,W2C,3,12.4401,0.0,0,19.26,0.0389
15,N2C,4,13.1579,0.0,0,18.21,0.0345
15,S2C,4,12.0678,0.0,0,19.85,0.0502
15,E2C,4,13.1619,0.0,0,18.2,0.0345
15,W2C,4,12.3391,0.0,0,19.42,0.0463
16,N2C,4,13.2134,0.0,0,18.13,0.0337
16,S2C,4,12.2687,0.0,0,19.53,0.0473
16,E2C,4,13.0741,0.0,0,18.33,0.0357
16,W2C,4,12.9562,0.0,0,18.49,0.0374
17,N2C,4,13.1621,0.0,0,18.2,0.0345
17,S2C,4,12.0242,0.0,0,19.93,0.0509
17,E2C,4,13.1352,0.0,0,18.24,0.0349
17,W2C,4,12.4136,0.0,0,19.3,0.0453
18,N2C,4,13.2159,0.0,0,18.13,0.0337
18,S2C,4,11.9925,0.0,0,19.98,0.0513
18,E2C,4,12.7811,0.0,0,18.75,0.04
18,W2C,4,12.3832,0.0,0,19.35,0.0457
19,N2C,4,12.5079,0.0,0,19.16,0.0439
19,S2C,5,12.2654,0.0,0,19.53,0.0534
19,E2C,5,11.9981,0.0,0,19.97,0.0572
19,W2C,5,11.8628,0.0,0,20.2,0.0592
20,N2C,4,12.5681,0.0,0,19.06,0.043
20,S2C,5,11.8019,0.0,0,20.3,0.0601
20,E2C,5,11.3951,0.0,0,21.03,0.0659
20,W2C,5,10.9014,0.0,0,21.98,0.073
21,N2C,4,12.687,0.0,0,18.89,0.0413
21,S2C,4,11.6734,0.0,0,20.53,0.0559
21,E2C,5,10.4437,1.0,1,22.94,0.0863
21,W2C,5,10.1966,0.0,0,23.5,0.0832
22,N2C,4,12.6671,0.0,0,18.92,0.0416
22,S2C,4,11.9416,0.0,0,20.06,0.0521
22,E2C,5,10.3671,2.0,1,23.11,0.0881
22,W2C,5,10.2091,1.0,1,23.47,0.0897
23,N2C,4,12.58,0.0,0,19.05,0.0429
23,S2C,4,11.803,0.0,0,20.3,0.0541
23,E2C,5,9.8835,3.0,1,24.24,0.0957
23,W2C,5,10.0364,2.0,1,23.87,0.0928
24,N2C,4,13.0668,0.0,0,18.34,0.0359
24,S2C,5,12.2786,0.0,0,19.51,0.0532
24,E2C,6,9.902,4.0,1,24.2,0.1021
24,W2C,6,10.4037,3.0,1,23.03,0.0942
25,N2C,4,12.5197,0.0,0,19.14,0.0437
25,S2C,5,12.2547,0.0,0,19.55,0.0535
25,E2C,6,9.3533,5.0,1,25.62,0.1107
25,W2C,6,10.1712,4.0,1,23.56,0.0982
26,N2C,4,12.6756,0.0,0,18.9,0.0415
26,S2C,5,12.1193,0.0,0,19.77,0.0555
26,E2C,6,8.6087,7.0,2,27.83,0.1287
26,W2C,6,9.6949,5.0,1,24.71,0.1057
27,N2C,4,12.6692,0.0,0,18.91,0.0416
27,S2C,5,12.1858,0.0,0,19.66,0.0545
27,E2C,6,7.8554,9.0,2,30.5,0.1409
27,W2C,6,8.5535,6.0,1,28.01,0.1228
28,N2C,5,12.4724,0.0,0,19.21,0.0504
28,S2C,5,12.3723,0.0,0,19.37,0.0519
28,E2C,7,7.9514,11.0,2,30.13,0.1468
28,W2C,7,8.125,7.0,1,29.49,0.1357
29,N2C,4,12.5284,0.0,0,19.12,0.0436
29,S2C,5,12.1943,0.0,0,19.65,0.0544
29,E2C,7,7.5439,13.0,2,31.76,0.154
29,W2C,7,7.1234,8.0,1,33.64,0.1508
30,N2C,4,12.2792,0.0,0,19.51,0.0472
30,S2C,5,12.2474,0.0,0,19.56,0.0537
30,E2C,7,7.2182,15.0,2,33.19,0.1601
30,W2C,7,7.122,10.0,2,33.64,0.1581
31,N2C,4,12.2232,0.0,0,19.6,0.048
31,S2C,5,11.9141,0.0,0,20.11,0.0585
31,E2C,7,7.3252,18.0,3,32.71,0.1665
31,W2C,7,6.8519,13.0,3,34.97,0.17
32,N2C,4,11.4984,0.0,0,20.84,0.0584
32,S2C,5,10.2826,0.0,0,23.3,0.0819
32,E2C,7,6.4555,21.0,3,37.12,0.181
32,W2C,7,6.8962,16.0,3,34.74,0.1714
33,N2C,5,11.3846,0.0,0,21.05,0.0661
33,S2C,6,9.5163,0.0,0,25.18,0.099
33,E2C,8,7.2208,24.0,3,33.18,0.178
33,W2C,8,7.5353,19.0,3,31.8,0.1702
34,N2C,5,10.8087,0.0,0,22.17,0.0744
34,S2C,6,8.8422,1.0,1,27.1,0.1153
34,E2C,6,8.7748,4.0,1,27.31,0.1183
34,W2C,6,9.6035,4.0,1,24.95,0.1064
35,N2C,5,9.8115,0.0,0,24.42,0.0887
35,S2C,6,8.4481,2.0,1,28.36,0.1217
35,E2C,6,8.8547,0.0,0,27.06,0.1085
35,W2C,6,9.5298,0.0,0,25.14,0.0988
36,N2C,5,9.7686,1.0,1,24.53,0.096
36,S2C,6,8.1788,4.0,2,29.3,0.1329
36,E2C,6,9.2889,0.0,0,25.79,0.1023
36,W2C,6,9.0564,0.0,0,26.46,0.1056
37,N2C,6,10.4734,2.0,1,22.88,0.0925
37,S2C,7,8.7072,6.0,2,27.52,0.1326
37,E2C,5,12.142,0.0,0,19.73,0.0552
37,W2C,5,11.4297,0.0,0,20.96,0.0654
38,N2C,6,9.9765,3.0,1,24.02,0.1004
38,S2C,7,7.8823,8.0,2,30.4,0.1458
38,E2C,5,11.6522,0.0,0,20.56,0.0622
38,W2C,5,11.4575,0.0,0,20.91,0.065
39,N2C,6,10.1722,4.0,1,23.55,0.0982
39,S2C,7,7.5397,10.0,2,31.78,0.1521
39,E2C,5,11.8964,0.0,0,20.14,0.0587
39,W2C,4,12.2589,0.0,0,19.54,0.0475
40,N2C,6,9.0241,5.0,1,26.55,0.1154
40,S2C,7,7.0003,13.0,3,34.23,0.1679
40,E2C,4,13.1021,0.0,0,18.29,0.0353
40,W2C,4,12.3697,0.0,0,19.37,0.0459
41,N2C,6,7.8002,6.0,1,30.72,0.1337
41,S2C,7,6.4233,16.0,3,37.3,0.1782
41,E2C,4,12.8139,0.0,0,18.7,0.0395
41,W2C,4,12.6937,0.0,0,18.88,0.0412
42,N2C,7,7.7068,8.0,2,31.09,0.1484
42,S2C,8,6.8981,19.0,3,34.73,0.1793
42,E2C,5,13.1607,0.0,0,18.21,0.0405
42,W2C,5,12.7075,0.0,0,18.86,0.047
43,N2C,7,7.4974,10.0,2,31.96,0.1527
43,S2C,8,6.2772,22.0,3,38.17,0.1903
43,E2C,4,12.9144,0.0,0,18.55,0.038
43,W2C,5,12.5832,0.0,0,19.04,0.0488
44,N2C,7,7.2822,12.0,2,32.9,0.1571
44,S2C,8,6.2924,25.0,3,38.08,0.1921
44,E2C,4,12.58,0.0,0,19.05,0.0429
44,W2C,5,12.4312,0.0,0,19.27,0.051
45,N2C,7,7.2079,14.0,2,33.24,0.1595
45,S2C,8,6.2408,28.0,3,38.39,0.1948
45,E2C,4,13.2209,0.0,0,18.12,0.0336
45,W2C,4,12.5561,0.0,0,19.08,0.0432
46,N2C,8,8.0674,17.0,3,29.7,0.1612
46,S2C,9,6.9731,32.0,4,34.36,0.1989
46,E2C,5,12.9949,0.0,0,18.44,0.0429
46,W2C,5,12.8753,0.0,0,18.61,0.0446
47,N2C,8,7.8455,20.0,3,30.54,0.1664
47,S2C,9,6.4633,36.0,4,37.07,0.2089
47,E2C,5,12.9202,0.0,0,18.54,0.044
47,W2C,4,12.9011,0.0,0,18.57,0.0382
48,N2C,8,8.0549,23.0,3,29.75,0.1654
48,S2C,9,6.1164,40.0,4,39.17,0.2166
48,E2C,4,13.0115,0.0,0,18.41,0.0366
48,W2C,4,13.2918,0.0,0,18.03,0.0326
49,N2C,8,6.975,26.0,3,34.35,0.1829
49,S2C,9,5.6124,45.0,5,42.69,0.2332
49,E2C,4,13.383,0.0,0,17.9,0.0313
49,W2C,4,12.7508,0.0,0,18.79,0.0404
50,N2C,8,5.9484,29.0,3,40.28,0.1997
50,S2C,9,5.5601,50.0,5,43.09,0.2373
50,E2C,4,13.4367,0.0,0,17.83,0.0305
50,W2C,4,12.9276,0.0,0,18.53,0.0379
51,N2C,9,6.1198,32.0,3,39.15,0.2052
51,S2C,10,5.9612,55.0,5,40.19,0.2408
51,E2C,4,13.4775,0.0,0,17.78,0.0299
51,W2C,4,12.6914,0.0,0,18.88,0.0413
52,N2C,9,5.8653,35.0,3,40.85,0.2109
52,S2C,10,5.6672,60.0,5,42.28,0.2484
52,E2C,4,13.1434,0.0,0,18.23,0.0347
52,W2C,4,12.9606,0.0,0,18.49,0.0374
53,N2C,9,5.5932,39.0,4,42.84,0.2235
53,S2C,10,4.8338,65.0,5,49.57,0.2637
53,E2C,4,13.1385,0.0,0,18.24,0.0348
53,W2C,4,12.4395,0.0,0,19.26,0.0449
54,N2C,9,5.2339,44.0,5,45.78,0.238
54,S2C,10,4.5498,71.0,6,52.66,0.2778
54,E2C,4,13.2318,0.0,0,18.11,0.0335
54,W2C,4,12.6265,0.0,0,18.98,0.0422
55,N2C,10,5.5509,49.0,5,43.16,0.2427
55,S2C,11,4.7055,77.0,6,50.92,0.2856
55,E2C,4,12.7334,0.0,0,18.82,0.0407
55,W2C,4,12.9586,0.0,0,18.49,0.0374
56,N2C,10,5.2688,55.0,6,45.48,0.2568
56,S2C,11,4.5227,83.0,6,52.98,0.2922
56,E2C,4,12.4014,0.0,0,19.32,0.0454
56,W2C,4,12.7893,0.0,0,18.73,0.0398
57,N2C,10,5.1097,61.0,6,46.89,0.2631
57,S2C,11,4.541,90.0,7,52.76,0.3026
57,E2C,4,12.8742,0.0,0,18.61,0.0386
57,W2C,4,12.6797,0.0,0,18.9,0.0414
58,N2C,10,4.912,67.0,6,48.78,0.2699
58,S2C,11,4.2774,97.0,7,56.01,0.3111
58,E2C,4,12.8762,0.0,0,18.61,0.0386
58,W2C,4,12.6057,0.0,0,19.01,0.0425
59,N2C,10,4.5999,73.0,6,52.09,0.2784
59,S2C,11,3.9564,104.0,7,60.56,0.3204
59,E2C,4,12.5109,0.0,0,19.15,0.0439
59,W2C,4,12.5645,0.0,0,19.07,0.0431
60,N2C,11,5.0572,79.0,6,47.38,0.2818
60,S2C,12,4.315,111.0,7,55.53,0.3259
60,E2C,4,12.861,0.0,0,18.63,0.0388
60,W2C,5,12.8326,0.0,0,18.67,0.0452
61,N2C,11,4.6137,85.0,6,51.93,0.2922
61,S2C,12,4.2418,118.0,7,56.49,0.3316
61,E2C,4,12.6995,0.0,0,18.87,0.0411
61,W2C,5,12.5085,0.0,0,19.15,0.0499
62,N2C,11,4.3121,92.0,7,55.56,0.3072
62,S2C,12,4.0357,126.0,8,59.37,0.3459
62,E2C,4,12.7694,0.0,0,18.76,0.0401
62,W2C,4,12.8557,0.0,0,18.64,0.0389
63,N2C,11,3.9646,99.0,7,60.43,0.3169
63,S2C,12,3.5381,134.0,8,67.72,0.3584
63,E2C,4,12.5728,0.0,0,19.06,0.043
63,W2C,4,13.1458,0.0,0,18.23,0.0347
64,N2C,12,4.27,106.0,7,56.11,0.3232
64,S2C,13,4.0829,142.0,8,58.68,0.3619
64,E2C,4,12.8275,0.0,0,18.68,0.0393
64,W2C,4,13.2518,0.0,0,18.08,0.0332
65,N2C,12,4.1462,113.0,7,57.79,0.3296
65,S2C,13,3.9847,150.0,8,60.13,0.3686
65,E2C,4,12.8282,0.0,0,18.68,0.0393
65,W2C,4,12.9318,0.0,0,18.53,0.0378
66,N2C,12,4.0627,121.0,8,58.98,0.3422
66,S2C,13,3.6794,158.0,8,65.12,0.3784
66,E2C,4,12.7082,0.0,0,18.85,0.041
66,W2C,4,12.5484,0.0,0,19.09,0.0433
67,N2C,10,4.3372,71.0,6,55.24,0.2809
67,S2C,11,4.0548,101.0,7,59.09,0.3169
67,E2C,4,12.8242,0.0,0,18.68,0.0393
67,W2C,4,13.0879,0.0,0,18.31,0.0355
68,N2C,10,4.1404,38.0,4,57.87,0.2497
68,S2C,11,4.1527,56.0,5,57.7,0.2735
68,E2C,4,12.3482,0.0,0,19.4,0.0462
68,W2C,4,13.1326,0.0,0,18.24,0.0349
69,N2C,11,5.5306,12.0,2,43.32,0.2064
69,S2C,12,5.152,24.0,3,46.51,0.2318
69,E2C,5,11.6206,0.0,0,20.62,0.0627
69,W2C,5,12.9142,0.0,0,18.55,0.0441
70,N2C,9,6.5342,1.0,1,36.67,0.1666
70,S2C,10,5.9192,5.0,2,40.48,0.1901
70,E2C,5,10.7592,0.0,0,22.27,0.0751
70,W2C,5,12.5405,0.0,0,19.11,0.0494
71,N2C,9,7.403,0.0,0,32.37,0.1474
71,S2C,10,6.7451,0.0,0,35.52,0.1629
71,E2C,5,10.1421,1.0,1,23.62,0.0906
71,W2C,5,11.1997,0.0,0,21.39,0.0687
72,N2C,7,8.9006,0.0,0,26.92,0.1138
72,S2C,8,8.2754,0.0,0,28.95,0.1288
72,E2C,5,10.2464,2.0,1,23.38,0.0898
72,W2C,5,10.63,0.0,0,22.54,0.0769
73,N2C,8,9.8319,0.0,0,24.37,0.1064
73,S2C,9,8.8417,0.0,0,27.1,0.1267
73,E2C,6,10.3859,3.0,1,23.07,0.0945
73,W2C,6,9.743,0.0,0,24.59,0.0957
74,N2C,6,11.2036,0.0,0,21.39,0.0747
74,S2C,7,9.7918,0.0,0,24.47,0.101
74,E2C,6,10.4119,4.0,1,23.01,0.0947
74,W2C,6,9.1315,0.0,0,26.24,0.1045
75,N2C,6,11.0797,0.0,0,21.63,0.0765
75,S2C,7,10.1558,0.0,0,23.59,0.0958
75,E2C,6,10.086,5.0,1,23.76,0.1001
75,W2C,6,8.6438,1.0,1,27.72,0.1182
76,N2C,4,11.9928,0.0,0,19.98,0.0513
76,S2C,6,11.0197,0.0,0,21.74,0.0773
76,E2C,6,9.6426,6.0,1,24.85,0.1072
76,W2C,6,8.5402,2.0,1,28.06,0.1204
77,N2C,4,12.3749,0.0,0,19.36,0.0458
77,S2C,5,11.8516,0.0,0,20.22,0.0594
77,E2C,6,8.3993,7.0,1,28.53,0.1257
77,W2C,6,8.0276,4.0,2,29.85,0.1351
78,N2C,4,12.8779,0.0,0,18.61,0.0386
78,S2C,5,13.0412,0.0,0,18.37,0.0422
78,E2C,7,8.6832,8.0,1,27.59,0.1283
78,W2C,7,8.0986,6.0,2,29.59,0.1414
79,N2C,4,12.7756,0.0,0,18.75,0.04
79,S2C,4,12.7074,0.0,0,18.86,0.041
79,E2C,7,7.9536,10.0,2,30.12,0.1461
79,W2C,7,7.5766,8.0,2,31.62,0.1502
80,N2C,4,13.0379,0.0,0,18.38,0.0363
80,S2C,4,12.9023,0.0,0,18.57,0.0382
80,E2C,7,7.1777,12.0,2,33.38,0.1586
80,W2C,7,7.1859,10.0,2,33.34,0.1572
81,N2C,4,12.8215,0.0,0,18.69,0.0394
81,S2C,4,12.6849,0.0,0,18.89,0.0414
81,E2C,7,6.44,15.0,3,37.2,0.1773
81,W2C,7,6.8248,13.0,3,35.11,0.1704
82,N2C,5,12.8666,0.0,0,18.62,0.0447
82,S2C,4,13.1339,0.0,0,18.24,0.0349
82,E2C,8,7.1837,18.0,3,33.35,0.1746
82,W2C,8,7.4499,16.0,3,32.16,0.1694
83,N2C,5,12.5601,0.0,0,19.08,0.0491
83,S2C,4,12.5011,0.0,0,19.17,0.044
83,E2C,8,6.6975,21.0,3,35.77,0.1836
83,W2C,8,6.6967,19.0,3,35.78,0.1822
84,N2C,4,12.7949,0.0,0,18.73,0.0398
84,S2C,4,12.8366,0.0,0,18.67,0.0392
84,E2C,8,6.5208,24.0,3,36.74,0.1881
84,W2C,8,6.4124,22.0,3,37.37,0.1883
85,N2C,4,12.9624,0.0,0,18.48,0.0374
85,S2C,4,13.0464,0.0,0,18.37,0.0361
85,E2C,8,6.0445,28.0,4,39.64,0.2036
85,W2C,8,6.1141,26.0,4,39.19,0.2013
86,N2C,4,12.7677,0.0,0,18.77,0.0402
86,S2C,4,13.01,0.0,0,18.42,0.0367
86,E2C,8,5.4699,32.0,4,43.8,0.2146
86,W2C,8,5.6957,30.0,4,42.07,0.21
87,N2C,4,12.9747,0.0,0,18.47,0.0372
87,S2C,4,12.9159,0.0,0,18.55,0.038
87,E2C,9,6.1264,36.0,4,39.11,0.2138
87,W2C,9,6.175,34.0,4,38.8,0.2118
88,N2C,4,12.3551,0.0,0,19.39,0.0461
88,S2C,4,12.7454,0.0,0,18.8,0.0405
88,E2C,9,5.7469,40.0,4,41.69,0.2219
88,W2C,9,5.919,38.0,4,40.48,0.2181
89,N2C,4,12.8709,0.0,0,18.62,0.0387
89,S2C,4,12.7458,0.0,0,18.8,0.0405
89,E2C,9,5.6659,44.0,4,42.29,0.2258
89,W2C,9,5.6301,43.0,5,42.56,0.2316
90,N2C,4,12.5731,0.0,0,19.06,0.043
90,S2C,4,12.5877,0.0,0,19.03,0.0428
90,E2C,9,5.828,49.0,5,41.11,0.2327
90,W2C,9,5.8088,48.0,5,41.25,0.2324
91,N2C,5,13.0208,0.0,0,18.4,0.0425
91,S2C,5,12.9613,0.0,0,18.49,0.0434
91,E2C,10,6.3037,54.0,5,38.01,0.2352
91,W2C,10,6.1335,53.0,5,39.06,0.237
92,N2C,5,12.8935,0.0,0,18.58,0.0443
92,S2C,5,12.8685,0.0,0,18.62,0.0447
92,E2C,10,5.8403,59.0,5,41.03,0.2452
92,W2C,10,5.5532,58.0,5,43.15,0.2487
93,N2C,4,12.9139,0.0,0,18.55,0.0381
93,S2C,5,12.714,0.0,0,18.85,0.0469
93,E2C,10,5.4465,64.0,5,43.99,0.2542
93,W2C,10,5.1467,63.0,5,46.55,0.2579
94,N2C,4,13.0894,0.0,0,18.3,0.0355
94,S2C,4,13.0127,0.0,0,18.41,0.0366
94,E2C,10,4.7767,69.0,5,50.16,0.2672
94,W2C,10,5.0553,68.0,5,47.4,0.2625
95,N2C,4,13.2014,0.0,0,18.15,0.0339
95,S2C,4,13.1828,0.0,0,18.18,0.0342
95,E2C,10,4.3467,74.0,5,55.12,0.2767
95,W2C,10,4.685,74.0,6,51.14,0.2779
96,N2C,4,13.0015,0.0,0,18.43,0.0368
96,S2C,4,13.3867,0.0,0,17.9,0.0312
96,E2C,11,4.7611,81.0,7,50.32,0.2934
96,W2C,11,5.184,80.0,6,46.22,0.2807
97,N2C,4,12.9284,0.0,0,18.53,0.0378
97,S2C,4,13.286,0.0,0,18.03,0.0327
97,E2C,11,4.8272,88.0,7,49.64,0.2972
97,W2C,11,4.9345,86.0,6,48.56,0.2883
98,N2C,4,12.8364,0.0,0,18.67,0.0392
98,S2C,4,12.9582,0.0,0,18.49,0.0374
98,E2C,11,4.6894,95.0,7,51.09,0.3038
98,W2C,11,4.3288,93.0,7,55.35,0.3077
99,N2C,4,13.103,0.0,0,18.29,0.0353
99,S2C,4,12.6293,0.0,0,18.97,0.0422
99,E2C,11,4.3468,102.0,7,55.12,0.3134
99,W2C,11,4.008,100.0,7,59.78,0.317
100,N2C,5,13.1181,0.0,0,18.26,0.0411
100,S2C,5,12.4028,0.0,0,19.32,0.0514
100,E2C,10,5.6039,59.0,5,42.76,0.2486
100,W2C,10,5.2185,57.0,5,45.91,0.2529
101,N2C,5,11.9533,0.0,0,20.04,0.0579
101,S2C,5,11.3239,0.0,0,21.16,0.0669
101,E2C,10,5.5844,25.0,4,42.91,0.2203
101,W2C,10,5.3127,25.0,4,45.1,0.2242
102,N2C,5,11.4421,0.0,0,20.94,0.0652
102,S2C,5,10.2687,0.0,0,23.33,0.0821
102,E2C,10,5.8897,9.0,2,40.68,0.1932
102,W2C,10,5.7138,7.0,2,41.93,0.1944
103,N2C,5,10.6109,0.0,0,22.58,0.0772
103,S2C,5,10.3693,1.0,1,23.11,0.0874
103,E2C,8,6.614,0.0,0,36.23,0.1528
103,W2C,8,6.5241,0.0,0,36.73,0.1541
104,N2C,5,10.0012,1.0,1,23.96,0.0927
104,S2C,5,10.5795,2.0,1,22.65,0.085
104,E2C,8,6.8998,0.0,0,34.73,0.1487
104,W2C,8,6.798,0.0,0,35.25,0.1501
105,N2C,6,9.8319,2.0,1,24.37,0.1018
105,S2C,6,10.2325,3.0,1,23.42,0.0967
105,E2C,9,8.4714,0.0,0,28.28,0.132
105,W2C,8,8.6364,0.0,0,27.74,0.1236
106,N2C,6,8.7274,3.0,1,27.45,0.1183
106,S2C,6,9.2242,4.0,1,25.98,0.1118
106,E2C,7,9.8929,0.0,0,24.22,0.0996
106,W2C,7,9.4668,0.0,0,25.31,0.1057
107,N2C,6,8.4685,4.0,1,28.29,0.1227
107,S2C,6,8.5815,6.0,2,27.92,0.1284
107,E2C,7,10.203,0.0,0,23.48,0.0951
107,W2C,7,10.0007,0.0,0,23.96,0.098
108,N2C,6,7.8392,6.0,2,30.56,0.1391
108,S2C,6,7.9181,8.0,2,30.26,0.1393
108,E2C,5,11.3315,0.0,0,21.14,0.0668
108,W2C,5,11.517,0.0,0,20.8,0.0642
109,N2C,7,8.1171,8.0,2,29.52,0.1425
109,S2C,7,8.045,10.0,2,29.78,0.1448
109,E2C,6,12.2123,0.0,0,19.62,0.0602
109,W2C,6,12.4434,0.0,0,19.26,0.0568
110,N2C,7,7.4705,10.0,2,32.07,0.1531
110,S2C,7,7.3026,12.0,2,32.81,0.1569
110,E2C,4,13.3304,0.0,0,17.97,0.0321
110,W2C,4,12.7471,0.0,0,18.8,0.0405
111,N2C,7,7.3322,13.0,3,32.68,0.1631
111,S2C,7,7.2991,14.0,2,32.83,0.1582
111,E2C,4,13.189,0.0,0,18.17,0.0341
111,W2C,4,12.9255,0.0,0,18.54,0.0379
112,N2C,7,7.2382,16.0,3,33.1,0.1664
112,S2C,7,7.3068,16.0,2,32.79,0.1595
112,E2C,4,12.929,0.0,0,18.53,0.0378
112,W2C,4,12.5437,0.0,0,19.1,0.0434
113,N2C,7,6.7373,19.0,3,35.56,0.1757
113,S2C,7,6.7553,19.0,3,35.47,0.1754
113,E2C,4,13.4167,0.0,0,17.86,0.0308
113,W2C,4,12.5655,0.0,0,19.07,0.0431
114,N2C,8,6.8361,22.0,3,35.05,0.1822
114,S2C,8,7.1281,22.0,3,33.61,0.178
114,E2C,4,13.555,0.0,0,17.68,0.0288
114,W2C,4,13.02,0.0,0,18.4,0.0365
115,N2C,8,6.5308,25.0,3,36.69,0.1886
115,S2C,8,6.5702,25.0,3,36.47,0.1881
115,E2C,4,13.4014,0.0,0,17.88,0.031
115,W2C,4,12.5303,0.0,0,19.12,0.0436
116,N2C,8,6.2482,28.0,3,38.35,0.1947
116,S2C,8,6.1413,29.0,4,39.01,0.2029
116,E2C,4,13.2323,0.0,0,18.11,0.0335
116,W2C,4,12.9053,0.0,0,18.57,0.0382
117,N2C,8,5.4569,32.0,4,43.91,0.2148
117,S2C,8,5.4668,33.0,4,43.83,0.2153
117,E2C,4,13.5425,0.0,0,17.69,0.029
117,W2C,4,12.6915,0.0,0,18.88,0.0413
118,N2C,9,5.745,36.0,4,41.71,0.2193
118,S2C,9,5.9616,37.0,4,40.19,0.2168
118,E2C,4,13.0639,0.0,0,18.34,0.0359
118,W2C,5,13.2772,0.0,0,18.05,0.0388
119,N2C,9,5.2791,40.0,4,45.39,0.2287
119,S2C,9,5.5548,41.0,4,43.13,0.2253
119,E2C,4,13.1289,0.0,0,18.25,0.035
119,W2C,5,12.9062,0.0,0,18.56,0.0442
120,N2C,9,5.4433,45.0,5,44.02,0.2356
120,S2C,9,5.6024,46.0,5,42.77,0.234
120,E2C,4,13.2454,0.0,0,18.09,0.0333
120,W2C,4,13.1581,0.0,0,18.21,0.0345
121,N2C,9,5.3732,50.0,5,44.59,0.24
121,S2C,9,5.5337,51.0,5,43.3,0.2383
121,E2C,4,12.9406,0.0,0,18.52,0.0377
121,W2C,4,13.0968,0.0,0,18.29,0.0354
122,N2C,9,5.4374,55.0,5,44.06,0.2424
122,S2C,9,5.2016,56.0,5,46.06,0.2464
122,E2C,4,13.2509,0.0,0,18.08,0.0332
122,W2C,4,13.1849,0.0,0,18.17,0.0342
123,N2C,10,6.2143,60.0,5,38.56,0.2405
123,S2C,10,5.8326,61.0,5,41.08,0.2467
123,E2C,4,13.1098,0.0,0,18.28,0.0352
123,W2C,4,12.7027,0.0,0,18.86,0.0411
124,N2C,10,6.1864,65.0,5,38.73,0.2443
124,S2C,10,5.4362,66.0,5,44.07,0.2557
124,E2C,4,12.831,0.0,0,18.67,0.0392
124,W2C,4,13.0366,0.0,0,18.38,0.0363
125,N2C,10,5.6992,70.0,5,42.04,0.2546
125,S2C,10,5.1516,71.0,5,46.51,0.2632
125,E2C,4,13.1879,0.0,0,18.17,0.0341
125,W2C,4,12.8039,0.0,0,18.71,0.0396
126,N2C,10,4.8331,75.0,5,49.57,0.2704
126,S2C,10,4.9821,76.0,5,48.09,0.2689
126,E2C,4,12.706,0.0,0,18.86,0.041
126,W2C,4,12.7138,0.0,0,18.85,0.0409
127,N2C,11,4.9447,80.0,5,48.46,0.2781
127,S2C,11,5.4912,82.0,6,43.63,0.2776
127,E2C,4,12.8544,0.0,0,18.64,0.0389
127,W2C,4,12.69,0.0,0,18.88,0.0413
128,N2C,11,4.7139,85.0,5,50.83,0.2848
128,S2C,11,4.9512,88.0,6,48.39,0.2894
128,E2C,4,12.8039,0.0,0,18.71,0.0396
128,W2C,4,12.2106,0.0,0,19.62,0.0482
129,N2C,11,4.6343,92.0,7,51.7,0.3026
129,S2C,11,4.8168,94.0,6,49.74,0.2953
129,E2C,4,13.1518,0.0,0,18.22,0.0346
129,W2C,4,12.1941,0.0,0,19.65,0.0484
130,N2C,11,4.3758,99.0,7,54.76,0.311
130,S2C,11,4.6503,101.0,7,51.52,0.3084
130,E2C,4,13.0997,0.0,0,18.29,0.0354
130,W2C,4,12.484,0.0,0,19.19,0.0442
131,N2C,11,3.8583,106.0,7,62.1,0.3231
131,S2C,11,4.3554,108.0,7,55.01,0.3173
131,E2C,4,12.6493,0.0,0,18.94,0.0419
131,W2C,4,12.604,0.0,0,19.01,0.0425
132,N2C,12,4.4474,113.0,7,53.87,0.3253
132,S2C,12,4.7911,115.0,7,50.01,0.3217
132,E2C,5,12.2365,0.0,0,19.58,0.0538
132,W2C,5,12.1413,0.0,0,19.73,0.0552
133,N2C,10,5.2594,64.0,5,45.56,0.2569
133,S2C,10,5.1273,64.0,5,46.73,0.2588
133,E2C,5,11.4875,0.0,0,20.86,0.0646
133,W2C,5,11.2445,0.0,0,21.31,0.0681
134,N2C,10,5.3492,28.0,4,44.79,0.2256
134,S2C,10,4.8977,29.0,4,48.92,0.2328
134,E2C,5,10.7217,0.0,0,22.35,0.0756
134,W2C,5,10.2238,0.0,0,23.44,0.0828
135,N2C,10,5.8188,9.0,2,41.18,0.1942
135,S2C,10,4.9372,8.0,2,48.53,0.2062
135,E2C,5,9.9553,0.0,0,24.07,0.0867
135,W2C,5,9.5038,1.0,1,25.21,0.0998
136,N2C,9,7.2221,0.0,0,33.18,0.15
136,S2C,9,6.622,0.0,0,36.18,0.1587
136,E2C,6,9.8118,1.0,1,24.42,0.1014
136,W2C,6,9.4195,2.0,1,25.44,0.1077
137,N2C,9,7.2917,0.0,0,32.86,0.149
137,S2C,9,7.1314,0.0,0,33.6,0.1513
137,E2C,6,9.0065,2.0,1,26.6,0.1137
137,W2C,6,8.9095,3.0,1,26.89,0.1157
138,N2C,9,7.9404,0.0,0,30.17,0.1397
138,S2C,9,7.9519,0.0,0,30.13,0.1395
138,E2C,6,8.5646,3.0,1,27.98,0.1207
138,W2C,6,8.2718,4.0,1,28.97,0.1256
139,N2C,7,9.029,0.0,0,26.54,0.112
139,S2C,7,9.2946,0.0,0,25.78,0.1082
139,E2C,6,8.7922,5.0,2,27.25,0.1247
139,W2C,6,8.1826,6.0,2,29.28,0.1342
140,N2C,7,9.587,0.0,0,24.99,0.104
140,S2C,7,9.609,0.0,0,24.94,0.1036
140,E2C,6,8.7188,7.0,2,27.48,0.1271
140,W2C,6,8.2086,8.0,2,29.19,0.1351
141,N2C,6,11.2084,0.0,0,21.38,0.0746
141,S2C,6,11.4292,0.0,0,20.96,0.0714
141,E2C,7,9.0027,9.0,2,26.61,0.1304
141,W2C,7,8.767,10.0,2,27.33,0.1344
142,N2C,6,11.7143,0.0,0,20.45,0.0673
142,S2C,6,11.8527,0.0,0,20.21,0.0653
142,E2C,7,8.6281,11.0,2,27.77,0.1371
142,W2C,7,8.4526,12.0,2,28.35,0.1403
143,N2C,4,12.7644,0.0,0,18.77,0.0402
143,S2C,4,12.7903,0.0,0,18.73,0.0398
143,E2C,7,8.0454,13.0,2,29.78,0.1468
143,W2C,7,8.2677,14.0,2,28.98,0.1443
144,N2C,4,13.3502,0.0,0,17.95,0.0318
144,S2C,4,13.0131,0.0,0,18.41,0.0366
144,E2C,7,7.1514,15.0,2,33.5,0.161
144,W2C,7,7.2906,16.0,2,32.86,0.1597
145,N2C,4,13.2967,0.0,0,18.02,0.0325
145,S2C,4,13.1387,0.0,0,18.24,0.0348
145,E2C,8,7.2822,18.0,3,32.9,0.1731
145,W2C,8,7.965,18.0,2,30.08,0.1573
146,N2C,4,13.1713,0.0,0,18.19,0.0343
146,S2C,4,13.2928,0.0,0,18.02,0.0326
146,E2C,8,6.8619,21.0,3,34.92,0.1812
146,W2C,8,7.2625,21.0,3,32.99,0.1754
147,N2C,4,12.8961,0.0,0,18.58,0.0383
147,S2C,4,13.1042,0.0,0,18.28,0.0353
147,E2C,8,6.6899,24.0,3,35.82,0.1857
147,W2C,8,6.8163,24.0,3,35.15,0.1839
148,N2C,4,13.0422,0.0,0,18.37,0.0362
148,S2C,4,13.0557,0.0,0,18.35,0.036
148,E2C,8,6.2989,27.0,3,38.04,0.1933
148,W2C,8,5.9503,27.0,3,40.27,0.1983
149,N2C,4,12.9999,0.0,0,18.43,0.0368
149,S2C,4,13.2549,0.0,0,18.08,0.0331
149,E2C,8,5.9182,30.0,3,40.49,0.2008
149,W2C,8,5.6049,31.0,4,42.75,0.212
150,N2C,4,13.1592,0.0,0,18.21,0.0345
150,S2C,4,13.4958,0.0,0,17.75,0.0297
150,E2C,9,6.2599,34.0,4,38.28,0.2105
150,W2C,9,6.1383,35.0,4,39.03,0.2129
151,N2C,4,13.0291,0.0,0,18.39,0.0364
151,S2C,4,13.0597,0.0,0,18.35,0.036
151,E2C,9,5.8523,38.0,4,40.94,0.2191
151,W2C,9,5.5788,39.0,4,42.95,0.2237
152,N2C,4,12.7455,0.0,0,18.8,0.0405
152,S2C,4,13.1399,0.0,0,18.23,0.0348
152,E2C,9,5.6626,42.0,4,42.31,0.2245
152,W2C,9,5.3558,44.0,5,44.74,0.2362
153,N2C,4,13.0621,0.0,0,18.34,0.0359
153,S2C,4,13.4117,0.0,0,17.86,0.0309
153,E2C,9,5.2236,47.0,5,45.87,0.2401
153,W2C,9,4.9258,49.0,5,48.64,0.2457
154,N2C,5,12.9712,0.0,0,18.47,0.0432
154,S2C,4,13.0832,0.0,0,18.31,0.0356
154,E2C,10,5.5203,52.0,5,43.4,0.2452
154,W2C,10,5.1061,54.0,5,46.92,0.2525
155,N2C,4,12.8063,0.0,0,18.71,0.0396
155,S2C,4,13.4781,0.0,0,17.78,0.0299
155,E2C,10,5.1445,57.0,5,46.57,0.2539
155,W2C,10,5.0793,59.0,5,47.17,0.2562
156,N2C,4,13.4644,0.0,0,17.8,0.0301
156,S2C,4,13.4182,0.0,0,17.86,0.0308
156,E2C,10,5.2639,62.0,5,45.52,0.2555
156,W2C,10,4.9063,65.0,6,48.83,0.2687
157,N2C,4,12.8423,0.0,0,18.66,0.0391
157,S2C,4,13.2907,0.0,0,18.03,0.0326
157,E2C,10,4.9595,68.0,6,48.31,0.2699
157,W2C,10,5.0148,71.0,6,47.78,0.2711
158,N2C,4,12.9333,0.0,0,18.53,0.0378
158,S2C,4,12.9523,0.0,0,18.5,0.0375
158,E2C,10,4.4852,74.0,6,53.42,0.2808
158,W2C,10,4.8164,77.0,6,49.75,0.278
159,N2C,4,13.4602,0.0,0,17.8,0.0302
159,S2C,4,13.1159,0.0,0,18.27,0.0351
159,E2C,11,4.7417,80.0,6,50.53,0.2871
159,W2C,11,5.79,83.0,6,41.38,0.274
160,N2C,4,13.0944,0.0,0,18.3,0.0355
160,S2C,4,13.0943,0.0,0,18.3,0.0355
160,E2C,11,4.6231,87.0,7,51.83,0.2994
160,W2C,11,5.5422,89.0,6,43.23,0.2815
161,N2C,4,13.0654,0.0,0,18.34,0.0359
161,S2C,4,13.3903,0.0,0,17.89,0.0312
161,E2C,11,4.4526,94.0,7,53.81,0.3066
161,W2C,11,4.8973,95.0,6,48.93,0.2948
162,N2C,4,12.8978,0.0,0,18.58,0.0383
162,S2C,4,13.5208,0.0,0,17.72,0.0293
162,E2C,11,4.1683,101.0,7,57.48,0.3153
162,W2C,11,4.3445,101.0,6,55.15,0.3068
163,N2C,4,12.247,0.0,0,19.56,0.0477
163,S2C,4,13.5508,0.0,0,17.68,0.0289
163,E2C,12,4.4156,108.0,7,54.26,0.3224
163,W2C,12,4.5008,108.0,7,53.23,0.3212
164,N2C,4,12.3453,0.0,0,19.41,0.0462
164,S2C,4,13.098,0.0,0,18.29,0.0354
164,E2C,12,4.2176,115.0,7,56.81,0.3299
164,W2C,12,4.3459,115.0,7,55.13,0.3281
165,N2C,4,12.3312,0.0,0,19.43,0.0464
165,S2C,4,13.4366,0.0,0,17.83,0.0305
165,E2C,12,4.0407,123.0,8,59.3,0.3438
165,W2C,12,4.151,122.0,7,57.72,0.3356
166,N2C,4,12.5636,0.0,0,19.07,0.0431
166,S2C,4,13.2164,0.0,0,18.13,0.0337
166,E2C,10,4.3205,72.0,6,55.46,0.2818
166,W2C,10,4.5574,69.0,5,52.57,0.2704
167,N2C,4,12.1524,0.0,0,19.72,0.049
167,S2C,4,12.8513,0.0,0,18.64,0.039
167,E2C,10,4.268,37.0,4,56.14,0.2472
167,W2C,10,4.5187,34.0,4,53.02,0.2416
168,N2C,5,11.9803,0.0,0,20.0,0.0575
168,S2C,5,12.3556,0.0,0,19.39,0.0521
168,E2C,11,5.2105,13.0,2,45.98,0.2116
168,W2C,11,5.6451,8.0,2,42.44,0.202
169,N2C,5,10.6628,0.0,0,22.47,0.0765
169,S2C,5,11.0167,0.0,0,21.75,0.0714
169,E2C,10,5.6585,1.0,1,42.34,0.1852
169,W2C,9,6.4835,1.0,1,36.96,0.1673
170,N2C,5,9.5819,0.0,0,25.01,0.092
170,S2C,5,10.6092,0.0,0,22.58,0.0772
170,E2C,9,5.9551,0.0,0,40.23,0.1683
170,W2C,9,7.0223,0.0,0,34.12,0.1529
171,N2C,5,9.529,0.0,0,25.14,0.0928
171,S2C,5,9.9387,0.0,0,24.11,0.0869
171,E2C,9,6.5005,0.0,0,36.86,0.1604
171,W2C,8,7.6487,0.0,0,31.33,0.1379
172,N2C,6,9.4844,1.0,1,25.26,0.1061
172,S2C,6,9.9122,1.0,1,24.17,0.0999
172,E2C,9,7.6,0.0,0,31.53,0.1446
172,W2C,8,9.0335,0.0,0,26.52,0.1179
173,N2C,6,8.7293,2.0,1,27.45,0.1176
173,S2C,6,9.2452,2.0,1,25.92,0.1102
173,E2C,8,8.5985,0.0,0,27.87,0.1242
173,W2C,8,9.4305,0.0,0,25.41,0.1122
174,N2C,6,8.2331,3.0,1,29.1,0.1255
174,S2C,6,8.7014,3.0,1,27.54,0.1187
174,E2C,7,10.1829,0.0,0,23.53,0.0954
174,W2C,7,10.3124,0.0,0,23.23,0.0935
175,N2C,6,8.0099,4.0,1,29.91,0.1293
175,S2C,6,8.7302,4.0,1,27.45,0.119
175,E2C,6,11.105,0.0,0,21.58,0.0761
175,W2C,5,11.9079,0.0,0,20.12,0.0585
176,N2C,6,7.4227,6.0,2,32.28,0.1451
176,S2C,6,8.0162,6.0,2,29.89,0.1366
176,E2C,5,11.7863,0.0,0,20.33,0.0603
176,W2C,4,12.6601,0.0,0,18.93,0.0417
177,N2C,7,7.6455,8.0,2,31.34,0.1492
177,S2C,7,8.2076,8.0,2,29.19,0.1412
177,E2C,5,12.5987,0.0,0,19.02,0.0486
177,W2C,5,13.3505,0.0,0,17.95,0.0378
178,N2C,7,7.4164,10.0,2,32.31,0.1539
178,S2C,7,7.6856,10.0,2,31.18,0.15
178,E2C,4,12.2361,0.0,0,19.58,0.0478
178,W2C,4,12.9423,0.0,0,18.51,0.0376
179,N2C,7,7.2806,12.0,2,32.91,0.1572
179,S2C,7,7.6219,12.0,2,31.44,0.1523
179,E2C,4,12.3634,0.0,0,19.38,0.046
179,W2C,4,13.092,0.0,0,18.3,0.0355
180,N2C,7,6.9198,15.0,3,34.63,0.1704
180,S2C,7,6.9182,15.0,3,34.63,0.1704
180,E2C,4,12.4063,0.0,0,19.31,0.0454
180,W2C,4,13.1066,0.0,0,18.28,0.0353
181,N2C,8,7.7554,18.0,3,30.89,0.1663
181,S2C,8,7.1752,18.0,3,33.39,0.1747
181,E2C,5,12.7447,0.0,0,18.8,0.0465
181,W2C,4,13.3532,0.0,0,17.94,0.0317
182,N2C,8,7.7153,21.0,3,31.06,0.1689
182,S2C,8,6.4809,21.0,3,36.97,0.1867
182,E2C,5,12.2882,0.0,0,19.5,0.0531
182,W2C,4,13.2223,0.0,0,18.12,0.0336
183,N2C,8,7.6034,24.0,3,31.51,0.1725
183,S2C,8,6.5592,25.0,4,36.53,0.1942
183,E2C,5,12.3908,0.0,0,19.34,0.0516
183,W2C,4,13.4172,0.0,0,17.86,0.0308
184,N2C,8,7.4168,27.0,3,32.3,0.1772
184,S2C,8,6.1511,29.0,4,38.95,0.2028
184,E2C,4,12.8895,0.0,0,18.59,0.0384
184,W2C,4,13.2644,0.0,0,18.06,0.033
185,N2C,8,6.995,30.0,3,34.25,0.1853
185,S2C,8,5.6898,33.0,4,42.11,0.2121
185,E2C,4,12.8944,0.0,0,18.58,0.0383
185,W2C,4,13.2617,0.0,0,18.07,0.033
186,N2C,9,7.5481,33.0,3,31.74,0.1853
186,S2C,9,6.0373,37.0,4,39.69,0.2157
186,E2C,5,12.9377,0.0,0,18.52,0.0437
186,W2C,4,13.3553,0.0,0,17.94,0.0317
187,N2C,9,6.4289,36.0,3,37.27,0.2034
187,S2C,9,5.7891,41.0,4,41.39,0.222
187,E2C,4,12.7356,0.0,0,18.81,0.0406
187,W2C,4,13.4683,0.0,0,17.79,0.0301
188,N2C,9,5.4769,40.0,4,43.75,0.2258
188,S2C,9,5.668,46.0,5,42.27,0.2331
188,E2C,4,12.5834,0.0,0,19.04,0.0428
188,W2C,4,13.2228,0.0,0,18.12,0.0336
189,N2C,9,4.8883,44.0,4,49.01,0.2369
189,S2C,9,5.5779,51.0,5,42.96,0.2377
189,E2C,4,13.022,0.0,0,18.4,0.0365
189,W2C,4,13.7268,0.0,0,17.45,0.0264
190,N2C,10,5.417,49.0,5,44.23,0.2447
190,S2C,10,5.7757,56.0,5,41.48,0.2442
190,E2C,4,13.007,0.0,0,18.42,0.0367
190,W2C,4,13.1306,0.0,0,18.25,0.0349
191,N2C,10,5.3252,54.0,5,44.99,0.2493
191,S2C,10,5.2833,61.0,5,45.35,0.2546
191,E2C,4,12.6586,0.0,0,18.93,0.0417
191,W2C,4,12.8317,0.0,0,18.67,0.0392
192,N2C,10,5.1245,59.0,5,46.76,0.2555
192,S2C,10,5.0517,67.0,6,47.43,0.2679
192,E2C,4,12.986,0.0,0,18.45,0.037
192,W2C,4,12.9506,0.0,0,18.5,0.0375
193,N2C,10,4.6662,65.0,6,51.35,0.2721
193,S2C,10,4.5988,73.0,6,52.1,0.2784
193,E2C,4,13.0014,0.0,0,18.43,0.0368
193,W2C,4,13.1003,0.0,0,18.29,0.0354
194,N2C,10,4.3074,71.0,6,55.63,0.2813
194,S2C,10,4.25,79.0,6,56.38,0.2875
194,E2C,4,12.9521,0.0,0,18.5,0.0375
194,W2C,4,13.0099,0.0,0,18.42,0.0367
195,N2C,11,4.7096,77.0,6,50.87,0.2855
195,S2C,11,4.8214,85.0,6,49.69,0.2892
195,E2C,5,13.1602,0.0,0,18.21,0.0405
195,W2C,4,12.6058,0.0,0,19.01,0.0425
196,N2C,11,4.5713,84.0,7,52.41,0.2982
196,S2C,11,4.6687,91.0,6,51.32,0.2954
196,E2C,5,12.2533,0.0,0,19.55,0.0536
196,W2C,4,12.86,0.0,0,18.63,0.0388
197,N2C,11,4.3813,91.0,7,54.69,0.3056
197,S2C,11,4.3734,98.0,7,54.79,0.3104
197,E2C,5,11.5096,0.0,0,20.82,0.0643
197,W2C,4,12.4714,0.0,0,19.21,0.0444
198,N2C,11,4.6054,98.0,7,52.03,0.307
198,S2C,11,3.9072,105.0,7,61.32,0.3217
198,E2C,5,10.669,0.0,0,22.46,0.0764
198,W2C,4,12.4388,0.0,0,19.26,0.0449
199,N2C,10,6.1575,53.0,5,38.91,0.2367
199,S2C,10,5.1791,60.0,5,46.26,0.2554
199,E2C,6,10.1857,0.0,0,23.52,0.0893
199,W2C,5,11.7505,0.0,0,20.39,0.0608
200,N2C,10,5.7235,26.0,3,41.86,0.2129
200,S2C,10,5.5568,26.0,3,43.12,0.2153
200,E2C,6,9.3331,1.0,1,25.67,0.1083
200,W2C,5,10.6122,0.0,0,22.58,0.0772
201,N2C,10,5.8938,6.0,1,40.65,0.1851
201,S2C,10,5.9746,6.0,2,40.1,0.19
201,E2C,6,8.745,2.0,1,27.4,0.1174
201,W2C,5,10.0557,0.0,0,23.83,0.0852
202,N2C,9,6.2381,0.0,0,38.41,0.1642
202,S2C,8,7.0074,0.0,0,34.19,0.1471
202,E2C,6,8.669,3.0,1,27.64,0.1192
202,W2C,5,10.0287,1.0,1,23.89,0.0923
203,N2C,8,6.7023,0.0,0,35.75,0.1515
203,S2C,8,7.4096,0.0,0,32.34,0.1413
203,E2C,6,8.2873,4.0,1,28.91,0.1253
203,W2C,5,9.619,2.0,1,24.91,0.0988
204,N2C,9,8.295,0.0,0,28.88,0.1346
204,S2C,8,9.0763,0.0,0,26.4,0.1173
204,E2C,7,8.2536,6.0,2,29.03,0.1392
204,W2C,6,9.8009,3.0,1,24.45,0.1029
205,N2C,7,9.2399,0.0,0,25.93,0.109
205,S2C,7,9.9322,0.0,0,24.12,0.099
205,E2C,7,7.4017,8.0,2,32.37,0.1528
205,W2C,6,8.7687,4.0,1,27.32,0.1184
206,N2C,7,9.7646,0.0,0,24.54,0.1014
206,S2C,7,10.4591,0.0,0,22.91,0.0914
206,E2C,7,7.559,10.0,2,31.7,0.1518
206,W2C,6,8.6094,5.0,1,27.83,0.1214
207,N2C,5,10.5642,0.0,0,22.68,0.0779
207,S2C,5,12.0495,0.0,0,19.88,0.0565
207,E2C,7,6.915,13.0,3,34.65,0.1691
207,W2C,6,8.6247,7.0,2,27.78,0.1285
208,N2C,6,11.5783,0.0,0,20.69,0.0693
208,S2C,6,12.0553,0.0,0,19.88,0.0624
208,E2C,8,7.4291,16.0,3,32.25,0.1697
208,W2C,7,8.8529,9.0,2,27.06,0.1325
209,N2C,4,12.8262,0.0,0,18.68,0.0393
209,S2C,4,12.6648,0.0,0,18.92,0.0416
209,E2C,8,6.8796,19.0,3,34.83,0.1796
209,W2C,7,8.6196,11.0,2,27.8,0.1372
210,N2C,4,12.8913,0.0,0,18.59,0.0384
210,S2C,4,12.6933,0.0,0,18.88,0.0412
210,E2C,8,6.661,22.0,3,35.97,0.1848
210,W2C,7,8.0845,13.0,2,29.64,0.1463
211,N2C,4,12.4865,0.0,0,19.19,0.0442
211,S2C,4,13.018,0.0,0,18.41,0.0366
211,E2C,8,6.652,26.0,4,36.02,0.1936
211,W2C,7,7.213,15.0,2,33.22,0.1601
212,N2C,4,12.6578,0.0,0,18.93,0.0417
212,S2C,4,13.1035,0.0,0,18.29,0.0353
212,E2C,8,6.1961,30.0,4,38.67,0.2028
212,W2C,7,7.243,17.0,2,33.08,0.161
213,N2C,5,12.8417,0.0,0,18.66,0.0451
213,S2C,4,12.9275,0.0,0,18.53,0.0379
213,E2C,9,6.3949,34.0,4,37.47,0.2086
213,W2C,8,7.6512,19.0,2,31.32,0.1625
214,N2C,5,12.9175,0.0,0,18.55,0.044
214,S2C,4,12.6579,0.0,0,18.93,0.0417
214,E2C,9,5.7556,38.0,4,41.63,0.2205
214,W2C,8,6.9691,22.0,3,34.38,0.1803
215,N2C,5,12.6676,0.0,0,18.91,0.0476
215,S2C,4,12.8477,0.0,0,18.65,0.039
215,E2C,9,5.7049,42.0,4,42.0,0.2239
215,W2C,8,6.1836,25.0,3,38.75,0.1936
216,N2C,4,12.4357,0.0,0,19.27,0.0449
216,S2C,4,13.3038,0.0,0,18.01,0.0324
216,E2C,9,5.1595,47.0,5,46.44,0.241
216,W2C,8,5.6683,28.0,3,42.27,0.203
217,N2C,4,13.1916,0.0,0,18.16,0.0341
217,S2C,4,13.2082,0.0,0,18.14,0.0338
217,E2C,10,5.5454,52.0,5,43.21,0.2448
217,W2C,9,5.7743,32.0,4,41.49,0.2162
218,N2C,4,13.1065,0.0,0,18.28,0.0353
218,S2C,4,12.8334,0.0,0,18.67,0.0392
218,E2C,10,5.1372,57.0,5,46.64,0.254
218,W2C,9,5.2264,37.0,5,45.84,0.2334
219,N2C,4,12.8745,0.0,0,18.61,0.0386
219,S2C,4,12.6085,0.0,0,19.0,0.0425
219,E2C,10,5.234,63.0,6,45.78,0.2626
219,W2C,9,5.2679,42.0,5,45.48,0.2361
220,N2C,4,12.9005,0.0,0,18.57,0.0382
220,S2C,4,12.8773,0.0,0,18.61,0.0386
220,E2C,10,4.8143,69.0,6,49.77,0.2727
220,W2C,9,5.2803,47.0,5,45.38,0.2393
221,N2C,4,13.0109,0.0,0,18.42,0.0367
221,S2C,4,12.6544,0.0,0,18.93,0.0418
221,E2C,10,4.1369,75.0,6,57.92,0.2864
221,W2C,9,4.7425,52.0,5,50.52,0.2504
222,N2C,4,13.0496,0.0,0,18.36,0.0361
222,S2C,4,12.5468,0.0,0,19.1,0.0433
222,E2C,11,4.6658,81.0,6,51.35,0.2888
222,W2C,10,4.8701,57.0,5,49.2,0.2579
223,N2C,4,13.1273,0.0,0,18.25,0.035
223,S2C,4,12.116,0.0,0,19.78,0.0495
223,E2C,11,4.6005,87.0,6,52.08,0.2938
223,W2C,10,4.6111,62.0,5,51.96,0.2649
224,N2C,4,12.6933,0.0,0,18.88,0.0412
224,S2C,4,12.2807,0.0,0,19.51,0.0472
224,E2C,11,4.3118,94.0,7,55.57,0.3086
224,W2C,10,4.6826,68.0,6,51.17,0.2739
225,N2C,4,13.1133,0.0,0,18.27,0.0352
225,S2C,4,12.6215,0.0,0,18.98,0.0423
225,E2C,11,3.9118,101.0,7,61.25,0.319
225,W2C,10,4.5761,74.0,6,52.36,0.2794
226,N2C,5,12.9777,0.0,0,18.46,0.0431
226,S2C,5,12.5627,0.0,0,19.07,0.0491
226,E2C,12,4.3109,108.0,7,55.58,0.3239
226,W2C,11,5.3174,80.0,6,45.06,0.2788
227,N2C,4,12.9643,0.0,0,18.48,0.0373
227,S2C,5,12.2397,0.0,0,19.58,0.0538
227,E2C,12,4.3038,116.0,8,55.67,0.3354
227,W2C,11,4.8846,86.0,6,49.05,0.289
228,N2C,4,12.9317,0.0,0,18.53,0.0378
228,S2C,4,12.0649,0.0,0,19.86,0.0503
228,E2C,12,4.2495,124.0,8,56.38,0.3415
228,W2C,11,4.3679,92.0,6,54.86,0.3004
229,N2C,4,12.8705,0.0,0,18.62,0.0387
229,S2C,4,12.3939,0.0,0,19.33,0.0455
229,E2C,12,4.3379,132.0,8,55.23,0.3455
229,W2C,11,4.2586,98.0,6,56.26,0.306
230,N2C,4,12.8931,0.0,0,18.58,0.0384
230,S2C,4,12.3169,0.0,0,19.45,0.0467
230,E2C,12,4.182,140.0,8,57.29,0.3531
230,W2C,11,4.1086,105.0,7,58.32,0.3188
231,N2C,5,12.3191,0.0,0,19.45,0.0526
231,S2C,5,12.145,0.0,0,19.73,0.0551
231,E2C,13,4.4523,148.0,8,53.82,0.3606
231,W2C,12,4.531,112.0,7,52.88,0.3234
232,N2C,5,11.86,0.0,0,20.2,0.0592
232,S2C,5,10.7546,0.0,0,22.28,0.0751
232,E2C,11,4.4083,94.0,6,54.35,0.3012
232,W2C,10,4.9625,62.0,5,48.28,0.2599
233,N2C,5,10.4498,0.0,0,22.93,0.0795
233,S2C,5,10.0108,0.0,0,23.93,0.0859
233,E2C,11,4.7827,50.0,4,50.1,0.2545
233,W2C,10,5.0411,30.0,3,47.53,0.2254
234,N2C,5,9.9561,1.0,1,24.07,0.0933
234,S2C,5,9.4276,0.0,0,25.41,0.0943
234,E2C,11,4.8835,19.0,2,49.06,0.2203
234,W2C,10,5.5841,6.0,2,42.91,0.1956
235,N2C,6,9.8133,2.0,1,24.42,0.102
235,S2C,6,9.6389,1.0,1,24.86,0.1039
235,E2C,10,6.2854,1.0,1,38.12,0.1762
235,W2C,9,7.4879,0.0,0,32.0,0.1462
236,N2C,6,8.9808,3.0,1,26.68,0.1147
236,S2C,6,8.8077,2.0,1,27.2,0.1165
236,E2C,10,6.9314,0.0,0,34.57,0.1602
236,W2C,9,7.6839,0.0,0,31.18,0.1434
237,N2C,6,8.5671,4.0,1,27.97,0.1213
237,S2C,6,8.2973,3.0,1,28.88,0.1245
237,E2C,8,7.4543,0.0,0,32.14,0.1407
237,W2C,8,8.5427,0.0,0,28.05,0.125
238,N2C,6,8.5797,6.0,2,27.93,0.1285
238,S2C,6,8.2946,4.0,1,28.89,0.1252
238,E2C,8,8.1137,0.0,0,29.53,0.1312
238,W2C,7,9.046,0.0,0,26.49,0.1117
239,N2C,6,7.936,8.0,2,30.19,0.1391
239,S2C,6,8.1358,6.0,2,29.45,0.1349
239,E2C,8,8.6253,0.0,0,27.78,0.1238
239,W2C,6,10.2906,0.0,0,23.28,0.0878
240,N2C,7,8.2801,10.0,2,28.94,0.1414
240,S2C,7,9.0876,8.0,2,26.37,0.1285
240,E2C,7,10.3169,0.0,0,23.22,0.0934
240,W2C,6,11.6874,0.0,0,20.5,0.0677
241,N2C,7,7.6183,12.0,2,31.45,0.1523
241,S2C,7,8.7252,10.0,2,27.46,0.135
241,E2C,6,11.2058,0.0,0,21.38,0.0746
241,W2C,6,11.4772,0.0,0,20.88,0.0707
242,N2C,7,7.3909,15.0,3,32.42,0.1636
242,S2C,7,8.0803,12.0,2,29.65,0.1457
242,E2C,5,11.6441,0.0,0,20.58,0.0623
242,W2C,5,12.5815,0.0,0,19.04,0.0488
243,N2C,7,7.2729,18.0,3,32.94,0.1673
243,S2C,7,7.527,14.0,2,31.83,0.155
243,E2C,4,12.5954,0.0,0,19.02,0.0426
243,W2C,5,12.7714,0.0,0,18.76,0.0461
244,N2C,8,7.7138,21.0,3,31.06,0.1689
244,S2C,8,8.0576,16.0,2,29.74,0.1546
244,E2C,4,12.7851,0.0,0,18.74,0.0399
244,W2C,4,13.07,0.0,0,18.33,0.0358
245,N2C,8,7.0353,24.0,3,34.06,0.1807
245,S2C,8,7.6034,19.0,3,31.51,0.1692
245,E2C,4,12.4848,0.0,0,19.19,0.0442
245,W2C,4,12.7716,0.0,0,18.76,0.0401
246,N2C,8,6.681,27.0,3,35.86,0.1878
246,S2C,8,7.4735,22.0,3,32.06,0.1731
246,E2C,4,12.9682,0.0,0,18.48,0.0373
246,W2C,4,12.8373,0.0,0,18.66,0.0392
247,N2C,8,6.3104,30.0,3,37.97,0.1951
247,S2C,8,6.8957,25.0,3,34.75,0.1834
247,E2C,4,12.7385,0.0,0,18.81,0.0406
247,W2C,4,12.9098,0.0,0,18.56,0.0381
248,N2C,8,5.6731,34.0,4,42.23,0.213
248,S2C,8,5.8511,28.0,3,40.95,0.2004
248,E2C,4,12.8929,0.0,0,18.58,0.0384
248,W2C,4,12.9442,0.0,0,18.51,0.0376
249,N2C,9,6.3975,38.0,4,37.45,0.2112
249,S2C,9,6.2866,31.0,3,38.11,0.2021
249,E2C,4,12.4019,0.0,0,19.32,0.0454
249,W2C,5,12.924,0.0,0,18.54,0.0439
250,N2C,9,5.802,42.0,4,41.3,0.2225
250,S2C,9,5.9185,35.0,4,40.48,0.2161
250,E2C,4,11.7725,0.0,0,20.35,0.0545
250,W2C,4,13.0663,0.0,0,18.34,0.0359
251,N2C,9,5.7774,47.0,5,41.47,0.2321
251,S2C,9,5.6526,39.0,4,42.39,0.2226
251,E2C,4,12.1917,0.0,0,19.65,0.0485
251,W2C,4,12.9841,0.0,0,18.45,0.037
252,N2C,9,5.5477,52.0,5,43.19,0.2388
252,S2C,9,5.3875,44.0,5,44.47,0.2358
252,E2C,4,11.8274,0.0,0,20.26,0.0537
252,W2C,4,13.0922,0.0,0,18.3,0.0355
253,N2C,10,5.8559,57.0,5,40.92,0.2437
253,S2C,10,5.6215,49.0,5,42.62,0.2417
253,E2C,4,12.1859,0.0,0,19.66,0.0485
253,W2C,4,13.0629,0.0,0,18.34,0.0359
254,N2C,10,5.4288,62.0,5,44.13,0.2532
254,S2C,10,5.3294,54.0,5,44.96,0.2493
254,E2C,4,11.9635,0.0,0,20.03,0.0517
254,W2C,4,12.9655,0.0,0,18.48,0.0373
255,N2C,10,5.3533,67.0,5,44.76,0.2576
255,S2C,10,5.2468,60.0,6,45.67,0.2605
255,E2C,4,12.2806,0.0,0,19.51,0.0472
255,W2C,4,12.7177,0.0,0,18.84,0.0409
256,N2C,10,4.8445,73.0,6,49.46,0.2749
256,S2C,10,4.8831,66.0,6,49.07,0.2697
256,E2C,4,11.9922,0.0,0,19.98,0.0513
256,W2C,4,12.7499,0.0,0,18.79,0.0404
257,N2C,10,4.373,79.0,6,54.79,0.2857
257,S2C,10,4.4627,72.0,6,53.69,0.2797
257,E2C,4,12.0982,0.0,0,19.8,0.0498
257,W2C,4,12.9637,0.0,0,18.48,0.0373
258,N2C,11,4.8893,85.0,6,49.0,0.2883
258,S2C,11,4.9559,78.0,6,48.35,0.2826
258,E2C,5,12.2594,0.0,0,19.54,0.0535
258,W2C,3,13.0216,0.0,0,18.4,0.0305
259,N2C,11,4.7831,91.0,6,50.09,0.2938
259,S2C,11,4.7938,84.0,6,49.98,0.289
259,E2C,5,12.2017,0.0,0,19.64,0.0543
259,W2C,4,13.284,0.0,0,18.04,0.0327
260,N2C,11,4.5351,98.0,7,52.83,0.308
260,S2C,11,4.5019,91.0,7,53.22,0.3038
260,E2C,5,12.2176,0.0,0,19.61,0.0541
260,W2C,4,12.7219,0.0,0,18.83,0.0408
261,N2C,11,4.1497,105.0,7,57.74,0.3182
261,S2C,11,3.9809,98.0,7,60.19,0.316
261,E2C,5,12.5465,0.0,0,19.1,0.0493
261,W2C,4,13.0571,0.0,0,18.35,0.036
262,N2C,12,4.615,112.0,7,51.92,0.3222
262,S2C,12,4.5627,105.0,7,52.51,0.3183
262,E2C,5,11.9138,0.0,0,20.11,0.0585
262,W2C,5,12.9122,0.0,0,18.56,0.0441
263,N2C,12,4.376,119.0,7,54.75,0.3303
263,S2C,12,4.3387,112.0,7,55.22,0.3262
263,E2C,5,10.4826,0.0,0,22.86,0.0791
263,W2C,5,12.0087,0.0,0,19.95,0.0571
264,N2C,12,4.0786,127.0,8,58.75,0.3459
264,S2C,12,4.3129,120.0,8,55.55,0.3379
264,E2C,5,9.7734,1.0,1,24.52,0.0959
264,W2C,5,11.4953,0.0,0,20.84,0.0645
265,N2C,10,4.6005,75.0,6,52.08,0.2798
265,S2C,10,4.7723,70.0,6,50.21,0.274
265,E2C,5,10.0164,2.0,1,23.92,0.0931
265,W2C,5,10.5136,0.0,0,22.79,0.0786
266,N2C,10,4.3056,37.0,4,55.65,0.2467
266,S2C,10,4.6973,37.0,4,51.01,0.241
266,E2C,5,10.1357,3.0,1,23.64,0.0921
266,W2C,5,10.1816,0.0,0,23.53,0.0834
267,N2C,11,5.617,12.0,2,42.66,0.2051
267,S2C,11,5.6826,12.0,2,42.16,0.2042
267,E2C,6,10.629,4.0,1,22.54,0.0916
267,W2C,6,10.0269,1.0,1,23.9,0.0983
268,N2C,9,6.4117,0.0,0,37.37,0.1617
268,S2C,9,6.6379,0.0,0,36.1,0.1584
268,E2C,6,10.3219,5.0,1,23.21,0.0967
268,W2C,6,9.1662,2.0,1,26.14,0.1114
269,N2C,9,6.6352,0.0,0,36.11,0.1585
269,S2C,9,7.1055,0.0,0,33.72,0.1517
269,E2C,6,10.4542,6.0,1,22.92,0.0955
269,W2C,6,8.7922,3.0,1,27.25,0.1174
270,N2C,9,7.3845,0.0,0,32.45,0.1477
270,S2C,7,7.6287,0.0,0,31.41,0.1322
270,E2C,6,9.6163,7.0,1,24.92,0.1082
270,W2C,6,8.0412,5.0,2,29.8,0.1355
271,N2C,8,8.9326,0.0,0,26.82,0.1194
271,S2C,8,9.0962,0.0,0,26.34,0.117
271,E2C,7,8.982,8.0,1,26.68,0.124
271,W2C,7,8.4183,7.0,2,28.46,0.1375
272,N2C,8,9.5347,0.0,0,25.13,0.1107
272,S2C,7,10.1907,0.0,0,23.51,0.0953
272,E2C,7,7.8188,9.0,1,30.64,0.1414
272,W2C,7,7.6293,9.0,2,31.41,0.1501
273,N2C,6,10.4909,0.0,0,22.84,0.0849
273,S2C,6,11.0028,0.0,0,21.78,0.0776
273,E2C,7,7.2519,10.0,1,33.04,0.1502
273,W2C,7,7.4929,11.0,2,31.98,0.1534
274,N2C,6,10.878,0.0,0,22.03,0.0794
274,S2C,4,12.4934,0.0,0,19.18,0.0441
274,E2C,7,7.1335,13.0,3,33.59,0.166
274,W2C,7,7.5119,14.0,3,31.9,0.1612
275,N2C,4,12.1946,0.0,0,19.65,0.0484
275,S2C,4,12.7291,0.0,0,18.82,0.0407
275,E2C,7,6.4548,16.0,3,37.12,0.1777
275,W2C,7,7.4788,17.0,3,32.04,0.1636
276,N2C,5,12.6005,0.0,0,19.02,0.0486
276,S2C,4,13.008,0.0,0,18.42,0.0367
276,E2C,8,6.7311,19.0,3,35.6,0.1817
276,W2C,8,7.8435,20.0,3,30.55,0.1664
277,N2C,4,13.0419,0.0,0,18.37,0.0362
277,S2C,4,12.3994,0.0,0,19.32,0.0455
277,E2C,8,6.3695,22.0,3,37.62,0.189
277,W2C,8,7.197,23.0,3,33.29,0.1777
278,N2C,4,12.859,0.0,0,18.63,0.0388
278,S2C,4,12.889,0.0,0,18.59,0.0384
278,E2C,8,6.2981,26.0,4,38.04,0.1986
278,W2C,8,6.7072,26.0,3,35.72,0.1868
279,N2C,4,12.8647,0.0,0,18.62,0.0388
279,S2C,4,12.6964,0.0,0,18.87,0.0412
279,E2C,8,6.414,30.0,4,37.36,0.1996
279,W2C,8,6.2697,29.0,3,38.22,0.1951
280,N2C,5,13.2212,0.0,0,18.12,0.0396
280,S2C,4,13.0254,0.0,0,18.39,0.0364
280,E2C,9,6.9152,34.0,4,34.65,0.2011
280,W2C,9,6.4008,32.0,3,37.43,0.2012
281,N2C,4,13.1517,0.0,0,18.22,0.0346
281,S2C,4,12.7844,0.0,0,18.74,0.0399
281,E2C,9,6.4291,38.0,4,37.27,0.2108
281,W2C,9,5.9903,36.0,4,40.0,0.2157
282,N2C,4,12.9178,0.0,0,18.55,0.038
282,S2C,4,12.7117,0.0,0,18.85,0.041
282,E2C,9,5.9399,42.0,4,40.34,0.2205
282,W2C,9,5.7569,40.0,4,41.62,0.2218
283,N2C,4,13.4678,0.0,0,17.79,0.0301
283,S2C,4,12.936,0.0,0,18.52,0.0377
283,E2C,9,5.2,46.0,4,46.08,0.2338
283,W2C,9,5.3967,45.0,5,44.4,0.2363
284,N2C,4,12.7457,0.0,0,18.8,0.0405
284,S2C,4,12.6458,0.0,0,18.95,0.0419
284,E2C,9,4.8405,50.0,4,49.5,0.2416
284,W2C,9,4.9627,50.0,5,48.28,0.2459
285,N2C,4,12.8388,0.0,0,18.66,0.0391
285,S2C,5,12.9574,0.0,0,18.49,0.0434
285,E2C,10,5.1789,55.0,5,46.26,0.2521
285,W2C,10,4.9768,55.0,5,48.14,0.255
286,N2C,4,13.1209,0.0,0,18.26,0.0351
286,S2C,5,13.0495,0.0,0,18.36,0.0421
286,E2C,10,4.9919,60.0,5,48.0,0.2581
286,W2C,10,4.6536,60.0,5,51.49,0.263
287,N2C,4,12.8263,0.0,0,18.68,0.0393
287,S2C,4,13.1242,0.0,0,18.26,0.035
287,E2C,10,4.9577,65.0,5,48.33,0.2619
287,W2C,10,4.4059,65.0,5,54.38,0.2699
288,N2C,4,13.0048,0.0,0,18.42,0.0367
288,S2C,4,13.5335,0.0,0,17.7,0.0291
288,E2C,10,4.6681,71.0,6,51.33,0.2761
288,W2C,10,3.824,70.0,5,62.66,0.2816
289,N2C,5,13.1691,0.0,0,18.19,0.0404
289,S2C,4,13.3869,0.0,0,17.9,0.0312
289,E2C,11,4.9725,77.0,6,48.19,0.2817
289,W2C,11,4.2164,76.0,6,56.83,0.292
290,N2C,4,13.286,0.0,0,18.03,0.0327
290,S2C,4,13.3477,0.0,0,17.95,0.0318
290,E2C,11,4.7014,83.0,6,50.96,0.2896
290,W2C,11,4.0571,82.0,6,59.06,0.2982
291,N2C,4,12.8676,0.0,0,18.62,0.0387
291,S2C,4,13.0544,0.0,0,18.35,0.036
291,E2C,11,4.4694,89.0,6,53.61,0.297
291,W2C,11,4.0689,89.0,7,58.89,0.3087
292,N2C,4,12.9977,0.0,0,18.43,0.0368
292,S2C,4,13.2408,0.0,0,18.1,0.0333
292,E2C,11,4.1593,96.0,7,57.61,0.3121
292,W2C,11,3.5949,96.0,7,66.65,0.3202
293,N2C,4,13.5838,0.0,0,17.64,0.0284
293,S2C,4,12.9084,0.0,0,18.56,0.0381
293,E2C,11,3.775,103.0,7,63.47,0.3223
293,W2C,11,3.2638,103.0,7,73.41,0.3297
294,N2C,3,13.1072,0.0,0,18.28,0.0293
294,S2C,4,13.6078,0.0,0,17.61,0.0281
294,E2C,12,4.1732,110.0,7,57.41,0.3272
294,W2C,12,3.8831,110.0,7,61.7,0.3314
295,N2C,3,12.8413,0.0,0,18.66,0.0331
295,S2C,4,13.0731,0.0,0,18.33,0.0358
295,E2C,12,4.2839,118.0,8,55.93,0.337
295,W2C,12,3.7708,117.0,7,63.54,0.3377
296,N2C,3,12.9886,0.0,0,18.45,0.031
296,S2C,4,13.1589,0.0,0,18.21,0.0345
296,E2C,12,4.2481,126.0,8,56.4,0.3428
296,W2C,12,3.6734,124.0,7,65.23,0.3438
297,N2C,3,12.136,0.0,0,19.74,0.0433
297,S2C,4,12.998,0.0,0,18.43,0.0368
297,E2C,12,3.9032,134.0,8,61.38,0.3531
297,W2C,12,3.5794,131.0,7,66.94,0.3498
298,N2C,5,11.634,0.0,0,20.59,0.0625
298,S2C,5,11.9752,0.0,0,20.01,0.0576
298,E2C,11,4.9958,82.0,6,47.96,0.2847
298,W2C,11,4.7132,78.0,6,50.84,0.2861
299,N2C,5,10.4022,0.0,0,23.03,0.0802
299,S2C,5,11.1174,0.0,0,21.55,0.0699
299,E2C,11,5.203,47.0,4,46.05,0.2464
299,W2C,11,4.4929,39.0,4,53.33,0.2513
300,N2C,5,9.7838,0.0,0,24.49,0.0891
300,S2C,5,10.3744,0.0,0,23.1,0.0806
300,E2C,11,5.4334,19.0,2,44.1,0.2124
300,W2C,11,4.6294,13.0,2,51.76,0.22
301,N2C,5,9.7841,1.0,1,24.49,0.0958
301,S2C,5,10.168,0.0,0,23.56,0.0836
301,E2C,9,6.6895,7.0,1,35.82,0.1683
301,W2C,11,5.2949,1.0,1,45.25,0.1964
302,N2C,5,9.3637,2.0,1,25.59,0.1025
302,S2C,5,10.4092,1.0,1,23.02,0.0868
302,E2C,9,7.2066,0.0,0,33.25,0.1502
302,W2C,9,6.1148,0.0,0,39.18,0.166
303,N2C,6,9.4508,3.0,1,25.35,0.1079
303,S2C,6,10.4537,2.0,1,22.92,0.0928
303,E2C,9,8.5836,0.0,0,27.91,0.1304
303,W2C,10,7.3503,0.0,0,32.6,0.1542
304,N2C,6,8.9316,4.0,1,26.83,0.1161
304,S2C,6,9.4579,3.0,1,25.33,0.1078
304,E2C,8,9.0342,0.0,0,26.52,0.1179
304,W2C,8,8.5264,0.0,0,28.1,0.1252
305,N2C,6,8.1432,5.0,1,29.42,0.1281
305,S2C,6,8.6713,4.0,1,27.63,0.1198
305,E2C,8,9.2742,0.0,0,25.84,0.1145
305,W2C,8,8.8653,0.0,0,27.03,0.1204
306,N2C,6,7.8498,6.0,1,30.52,0.133
306,S2C,6,8.0457,5.0,1,29.78,0.1295
306,E2C,6,10.3313,0.0,0,23.19,0.0872
306,W2C,6,10.4456,0.0,0,22.94,0.0856
307,N2C,7,8.3029,8.0,2,28.86,0.1398
307,S2C,7,8.2436,7.0,2,29.07,0.14
307,E2C,6,11.1614,0.0,0,21.47,0.0753
307,W2C,7,11.0442,0.0,0,21.69,0.083
308,N2C,7,7.4582,10.0,2,32.13,0.1533
308,S2C,7,7.6868,9.0,2,31.17,0.1493
308,E2C,5,11.615,0.0,0,20.63,0.0628
308,W2C,6,11.5254,0.0,0,20.79,0.07
309,N2C,7,7.1314,12.0,2,33.6,0.1593
309,S2C,7,7.4865,11.0,2,32.0,0.1535
309,E2C,4,12.4031,0.0,0,19.32,0.0454
309,W2C,6,11.5151,0.0,0,20.81,0.0702
310,N2C,7,6.9291,15.0,3,34.58,0.1702
310,S2C,7,7.4639,14.0,3,32.1,0.1619
310,E2C,4,12.6272,0.0,0,18.97,0.0422
310,W2C,6,11.1751,0.0,0,21.44,0.0751
311,N2C,7,6.9977,18.0,3,34.24,0.1712
311,S2C,7,6.7549,17.0,3,35.47,0.1741
311,E2C,4,12.6706,0.0,0,18.91,0.0416
311,W2C,4,11.9503,0.0,0,20.05,0.0519
312,N2C,8,7.435,21.0,3,32.23,0.1729
312,S2C,8,7.1231,20.0,3,33.64,0.1768
312,E2C,4,12.8375,0.0,0,18.66,0.0392
312,W2C,5,12.4914,0.0,0,19.18,0.0501
313,N2C,8,7.4226,24.0,3,32.28,0.1751
313,S2C,8,6.5321,24.0,4,36.68,0.1939
313,E2C,4,12.5204,0.0,0,19.14,0.0437
313,W2C,4,12.6369,0.0,0,18.96,0.042
314,N2C,8,7.0235,27.0,3,34.11,0.1829
314,S2C,8,6.4336,28.0,4,37.24,0.198
314,E2C,4,12.4441,0.0,0,19.25,0.0448
314,W2C,4,12.3247,0.0,0,19.44,0.0465
315,N2C,8,6.9709,30.0,3,34.37,0.1856
315,S2C,8,6.2367,32.0,4,38.42,0.2035
315,E2C,4,12.5941,0.0,0,19.02,0.0427
315,W2C,4,12.1456,0.0,0,19.73,0.0491
316,N2C,9,7.3574,33.0,3,32.57,0.1881
316,S2C,9,6.5673,36.0,4,36.48,0.2074
316,E2C,4,12.8195,0.0,0,18.69,0.0394
316,W2C,5,12.597,0.0,0,19.02,0.0486
317,N2C,9,6.9766,36.0,3,34.34,0.1955
317,S2C,9,6.0981,40.0,4,39.29,0.2169
317,E2C,4,11.9913,0.0,0,19.98,0.0513
317,W2C,5,12.4213,0.0,0,19.29,0.0511
318,N2C,9,6.6605,39.0,3,35.97,0.2021
318,S2C,9,5.8499,44.0,4,40.96,0.2231
318,E2C,4,12.7468,0.0,0,18.8,0.0405
318,W2C,4,12.5342,0.0,0,19.12,0.0435
319,N2C,9,6.7928,43.0,4,35.27,0.2089
319,S2C,9,5.5753,48.0,4,42.98,0.2297
319,E2C,4,12.1414,0.0,0,19.73,0.0492
319,W2C,4,12.501,0.0,0,19.17,0.044
320,N2C,9,6.4286,47.0,4,37.27,0.2168
320,S2C,9,5.2739,52.0,4,45.43,0.2367
320,E2C,4,11.8894,0.0,0,20.15,0.0528
320,W2C,4,12.5626,0.0,0,19.07,0.0431
321,N2C,10,5.9292,51.0,4,40.41,0.2326
321,S2C,10,5.6707,57.0,5,42.25,0.2463
321,E2C,5,12.5291,0.0,0,19.12,0.0496
321,W2C,4,12.9019,0.0,0,18.57,0.0382
322,N2C,10,4.8799,55.0,4,49.1,0.2504
322,S2C,10,5.3029,62.0,5,45.18,0.255
322,E2C,4,12.4613,0.0,0,19.23,0.0446
322,W2C,5,12.7659,0.0,0,18.77,0.0462
323,N2C,10,4.398,59.0,4,54.48,0.26
323,S2C,10,4.9246,67.0,5,48.65,0.2638
323,E2C,4,12.6317,0.0,0,18.97,0.0421
323,W2C,5,12.2908,0.0,0,19.49,0.053
324,N2C,10,3.9891,65.0,6,60.06,0.2819
324,S2C,10,4.587,73.0,6,52.23,0.2786
324,E2C,4,12.5319,0.0,0,19.12,0.0436
324,W2C,4,12.3025,0.0,0,19.48,0.0469
325,N2C,11,4.5629,71.0,6,52.51,0.2836
325,S2C,11,5.1929,79.0,6,46.14,0.2799
325,E2C,5,12.769,0.0,0,18.76,0.0461
325,W2C,5,12.781,0.0,0,18.75,0.046
326,N2C,11,4.5125,77.0,6,53.1,0.2884
326,S2C,11,5.0076,85.0,6,47.85,0.2866
326,E2C,5,12.2941,0.0,0,19.49,0.053
326,W2C,4,12.5574,0.0,0,19.08,0.0432
327,N2C,11,4.3509,83.0,6,55.07,0.2947
327,S2C,11,4.7988,92.0,7,49.93,0.3002
327,E2C,5,12.4985,0.0,0,19.17,0.05
327,W2C,4,12.5345,0.0,0,19.12,0.0435
328,N2C,11,4.3231,90.0,7,55.42,0.3058
328,S2C,11,4.4244,99.0,7,54.15,0.3103
328,E2C,5,11.5745,0.0,0,20.7,0.0633
328,W2C,4,12.7097,0.0,0,18.85,0.041
329,N2C,11,4.3421,97.0,7,55.18,0.3101
329,S2C,11,4.1104,106.0,7,58.29,0.3195
329,E2C,5,10.6929,0.0,0,22.41,0.076
329,W2C,4,12.4122,0.0,0,19.3,0.0453
330,N2C,12,5.0045,104.0,7,47.88,0.3113
330,S2C,12,4.5388,113.0,7,52.79,0.324
330,E2C,6,10.0486,0.0,0,23.84,0.0913
330,W2C,5,11.9699,0.0,0,20.02,0.0576
331,N2C,10,5.325,55.0,5,45.0,0.25
331,S2C,10,5.0296,65.0,5,47.64,0.2609
331,E2C,6,9.5789,1.0,1,25.01,0.1047
331,W2C,5,11.0013,0.0,0,21.78,0.0716
332,N2C,10,4.8183,23.0,3,49.73,0.224
332,S2C,10,4.8102,28.0,4,49.81,0.2334
332,E2C,6,8.7239,2.0,1,27.46,0.1177
332,W2C,5,10.3462,0.0,0,23.16,0.081
333,N2C,10,4.9596,6.0,1,48.31,0.1986
333,S2C,10,5.0383,9.0,2,47.56,0.2055
333,E2C,6,8.6099,3.0,1,27.83,0.12
333,W2C,5,9.8087,1.0,1,24.43,0.0954
334,N2C,9,6.4771,0.0,0,36.99,0.1607
334,S2C,9,6.8087,0.0,0,35.19,0.156
334,E2C,7,8.9109,5.0,2,26.89,0.129
334,W2C,6,9.7826,2.0,1,24.49,0.1025
335,N2C,9,7.1869,0.0,0,33.34,0.1505
335,S2C,9,7.4865,0.0,0,32.0,0.1462
335,E2C,7,8.1107,7.0,2,29.54,0.1419
335,W2C,6,9.374,3.0,1,25.56,0.109
336,N2C,8,8.2141,0.0,0,29.17,0.1297
336,S2C,8,8.4417,0.0,0,28.38,0.1264
336,E2C,7,7.6962,9.0,2,31.13,0.1492
336,W2C,6,8.457,4.0,1,28.33,0.1229
337,N2C,7,9.5267,0.0,0,25.15,0.1048
337,S2C,7,9.3592,0.0,0,25.6,0.1072
337,E2C,7,7.5163,12.0,3,31.88,0.1598
337,W2C,6,8.416,6.0,2,28.47,0.1308
338,N2C,6,10.2937,0.0,0,23.28,0.0878
338,S2C,6,10.3342,0.0,0,23.19,0.0872
338,E2C,7,6.9108,15.0,3,34.67,0.1705
338,W2C,6,8.6089,8.0,2,27.83,0.1294
339,N2C,6,11.8237,0.0,0,20.26,0.0658
339,S2C,6,11.4441,0.0,0,20.94,0.0712
339,E2C,7,6.2845,18.0,3,38.13,0.1815
339,W2C,7,9.284,10.0,2,25.81,0.127
340,N2C,6,12.1166,0.0,0,19.77,0.0615
340,S2C,5,12.3005,0.0,0,19.48,0.0529
340,E2C,8,6.7483,21.0,3,35.51,0.1828
340,W2C,7,9.0891,12.0,2,26.36,0.1311
341,N2C,5,12.5348,0.0,0,19.11,0.0495
341,S2C,4,13.3707,0.0,0,17.92,0.0315
341,E2C,8,6.5359,24.0,3,36.66,0.1879
341,W2C,7,8.637,14.0,2,27.74,0.139
342,N2C,5,12.505,0.0,0,19.16,0.0499
342,S2C,4,13.0744,0.0,0,18.33,0.0357
342,E2C,8,6.1101,27.0,3,39.21,0.196
342,W2C,7,7.7435,16.0,2,30.94,0.1532
343,N2C,5,12.4225,0.0,0,19.29,0.0511
343,S2C,4,13.4353,0.0,0,17.83,0.0305
343,E2C,9,6.4641,31.0,4,37.07,0.2056
343,W2C,8,7.6947,18.0,2,31.14,0.1612
344,N2C,5,12.6044,0.0,0,19.01,0.0485
344,S2C,4,12.6583,0.0,0,18.93,0.0417
344,E2C,9,5.8403,35.0,4,41.03,0.2172
344,W2C,8,7.0813,20.0,2,33.84,0.1714
345,N2C,4,13.023,0.0,0,18.4,0.0365
345,S2C,4,12.8591,0.0,0,18.63,0.0388
345,E2C,9,5.8539,39.0,4,40.93,0.2197
345,W2C,8,6.6168,23.0,3,36.21,0.1861
346,N2C,4,13.0807,0.0,0,18.32,0.0357
346,S2C,4,12.4099,0.0,0,19.31,0.0453
346,E2C,9,5.6406,43.0,4,42.48,0.2254
346,W2C,8,6.6408,26.0,3,36.08,0.1877
347,N2C,4,12.9416,0.0,0,18.51,0.0377
347,S2C,4,12.3905,0.0,0,19.34,0.0456
347,E2C,9,5.1672,48.0,5,46.37,0.2416
347,W2C,8,6.0094,30.0,4,39.87,0.2055
348,N2C,4,13.4746,0.0,0,17.78,0.03
348,S2C,4,12.8947,0.0,0,18.58,0.0383
348,E2C,10,5.4034,53.0,5,44.34,0.2475
348,W2C,9,6.5686,34.0,4,36.48,0.2061
349,N2C,4,13.388,0.0,0,17.9,0.0312
349,S2C,4,13.0844,0.0,0,18.31,0.0356
349,E2C,10,5.117,58.0,5,46.82,0.255
349,W2C,9,5.9589,38.0,4,40.21,0.2175
350,N2C,4,13.1668,0.0,0,18.2,0.0344
350,S2C,4,12.8809,0.0,0,18.6,0.0385
350,E2C,10,4.7525,64.0,6,50.42,0.2702
350,W2C,9,5.3954,43.0,5,44.41,0.235
351,N2C,4,13.2988,0.0,0,18.02,0.0325
351,S2C,4,12.8519,0.0,0,18.64,0.0389
351,E2C,10,4.3512,70.0,6,55.07,0.28
351,W2C,9,5.1055,48.0,5,46.93,0.2425
352,N2C,4,13.27,0.0,0,18.06,0.0329
352,S2C,4,13.2049,0.0,0,18.14,0.0339
352,E2C,11,4.8874,76.0,6,49.02,0.2823
352,W2C,10,5.5888,53.0,5,42.87,0.2449
353,N2C,4,12.9778,0.0,0,18.46,0.0371
353,S2C,4,12.6874,0.0,0,18.88,0.0413
353,E2C,11,4.6295,83.0,7,51.76,0.2967
353,W2C,10,5.4573,58.0,5,43.9,0.2501
354,N2C,4,13.2693,0.0,0,18.06,0.0329
354,S2C,4,13.2416,0.0,0,18.09,0.0333
354,E2C,11,4.6333,90.0,7,51.71,0.3013
354,W2C,10,5.2611,63.0,5,45.54,0.2562
355,N2C,4,13.2121,0.0,0,18.13,0.0338
355,S2C,4,12.7865,0.0,0,18.74,0.0399
355,E2C,11,4.7652,97.0,7,50.28,0.3041
355,W2C,10,4.9436,69.0,6,48.47,0.2708
356,N2C,4,13.0254,0.0,0,18.39,0.0364
356,S2C,4,12.6934,0.0,0,18.88,0.0412
356,E2C,11,4.514,104.0,7,53.08,0.3123
356,W2C,10,4.3563,75.0,6,55.0,0.2833
357,N2C,4,13.0926,0.0,0,18.3,0.0355
357,S2C,4,12.6933,0.0,0,18.88,0.0412
357,E2C,12,4.9482,111.0,7,48.42,0.3168
357,W2C,11,4.8207,82.0,7,49.7,0.2933
358,N2C,4,12.9797,0.0,0,18.46,0.0371
358,S2C,4,13.1301,0.0,0,18.25,0.0349
358,E2C,12,4.3512,118.0,7,55.07,0.33
358,W2C,11,4.8627,89.0,7,49.27,0.2973
359,N2C,4,13.2503,0.0,0,18.08,0.0332
359,S2C,4,13.1289,0.0,0,18.25,0.035
359,E2C,12,3.794,125.0,7,63.15,0.3427
359,W2C,11,4.461,96.0,7,53.71,0.3078
360,N2C,4,13.45,0.0,0,17.81,0.0303
360,S2C,4,13.238,0.0,0,18.1,0.0334
360,E2C,12,3.461,132.0,7,69.23,0.3522
360,W2C,11,4.1243,103.0,7,58.09,0.3173
361,N2C,4,13.4219,0.0,0,17.85,0.0307
361,S2C,5,12.3171,0.0,0,19.45,0.0526
361,E2C,13,3.9079,140.0,8,61.31,0.3631
361,W2C,12,4.5223,110.0,7,52.98,0.3222
362,N2C,4,13.2099,0.0,0,18.14,0.0338
362,S2C,5,11.4777,0.0,0,20.88,0.0647
362,E2C,13,3.9835,149.0,9,60.15,0.374
362,W2C,12,4.2319,117.0,7,56.62,0.3311
363,N2C,4,13.0538,0.0,0,18.35,0.036
363,S2C,5,10.6377,0.0,0,22.52,0.0768
363,E2C,13,3.8375,158.0,9,62.44,0.3821
363,W2C,12,4.0227,124.0,7,59.56,0.3387
364,N2C,4,13.268,0.0,0,18.06,0.033
364,S2C,5,10.1375,0.0,0,23.64,0.084
364,E2C,11,4.418,102.0,7,54.23,0.3124
364,W2C,10,4.3712,72.0,6,54.81,0.2811
365,N2C,4,12.6142,0.0,0,18.99,0.0424
365,S2C,5,9.8262,1.0,1,24.38,0.0952
365,E2C,11,4.5101,57.0,5,53.13,0.2691
365,W2C,10,4.3234,38.0,4,55.42,0.2471
366,N2C,5,12.176,0.0,0,19.68,0.0547
366,S2C,6,9.6846,2.0,1,24.74,0.1039
366,E2C,12,5.4872,25.0,3,43.67,0.2277
366,W2C,11,5.5627,14.0,3,43.07,0.2132
367,N2C,5,11.222,0.0,0,21.35,0.0684
367,S2C,6,8.9446,3.0,1,26.79,0.1152
367,E2C,10,5.2387,6.0,1,45.74,0.1946
367,W2C,9,6.1032,2.0,1,39.26,0.1735
368,N2C,5,10.7789,0.0,0,22.23,0.0748
368,S2C,6,8.4876,4.0,1,28.23,0.1225
368,E2C,10,5.7363,0.0,0,41.77,0.1774
368,W2C,9,6.243,0.0,0,38.38,0.1641
369,N2C,5,10.2565,0.0,0,23.36,0.0823
369,S2C,6,7.961,6.0,2,30.1,0.1374
369,E2C,9,6.4734,0.0,0,37.01,0.1608
369,W2C,8,7.0324,0.0,0,34.07,0.1467
370,N2C,6,10.3203,1.0,1,23.22,0.0941
370,S2C,7,8.0041,8.0,2,29.93,0.1441
370,E2C,9,7.8882,0.0,0,30.37,0.1404
370,W2C,8,8.4448,0.0,0,28.37,0.1264
371,N2C,6,9.3079,2.0,1,25.74,0.1093
371,S2C,7,7.0949,10.0,2,33.77,0.1585
371,E2C,8,8.869,0.0,0,27.02,0.1203
371,W2C,8,9.2073,0.0,0,26.02,0.1154
372,N2C,6,8.6393,3.0,1,27.73,0.1196
372,S2C,7,7.2742,12.0,2,32.94,0.1573
372,E2C,7,9.5853,0.0,0,25.0,0.104
372,W2C,6,9.7726,0.0,0,24.52,0.0953
373,N2C,6,8.5264,5.0,2,28.1,0.1286
373,S2C,7,6.9073,14.0,2,34.69,0.1639
373,E2C,7,10.4601,0.0,0,22.91,0.0914
373,W2C,5,10.4806,0.0,0,22.86,0.0791
374,N2C,6,7.899,7.0,2,30.33,0.1389
374,S2C,7,7.1015,17.0,3,33.74,0.1691
374,E2C,5,11.4214,0.0,0,20.98,0.0655
374,W2C,4,11.4691,0.0,0,20.89,0.0589
375,N2C,7,8.2298,9.0,2,29.11,0.1415
375,S2C,8,7.5146,20.0,3,31.88,0.1711
375,E2C,5,12.3952,0.0,0,19.33,0.0515
375,W2C,5,11.849,0.0,0,20.22,0.0594
376,N2C,7,7.3777,11.0,2,32.48,0.1551
376,S2C,8,6.7951,23.0,3,35.26,0.1835
376,E2C,4,12.5905,0.0,0,19.03,0.0427
376,W2C,4,11.8432,0.0,0,20.23,0.0535
377,N2C,7,7.5533,13.0,2,31.72,0.1539
377,S2C,8,6.5063,26.0,3,36.83,0.1896
377,E2C,4,12.2033,0.0,0,19.63,0.0483
377,W2C,4,12.3869,0.0,0,19.34,0.0456
378,N2C,7,6.667,16.0,3,35.94,0.1747
378,S2C,8,6.1195,29.0,3,39.15,0.1972
378,E2C,4,12.6144,0.0,0,18.99,0.0424
378,W2C,4,12.5722,0.0,0,19.06,0.043
379,N2C,8,7.32,19.0,3,32.73,0.1733
379,S2C,9,7.0029,33.0,4,34.21,0.1992
379,E2C,5,12.5383,0.0,0,19.11,0.0495
379,W2C,5,12.4182,0.0,0,19.29,0.0512
380,N2C,8,6.6588,22.0,3,35.98,0.1848
380,S2C,9,6.6076,37.0,4,36.26,0.2075
380,E2C,5,12.5051,0.0,0,19.16,0.0499
380,W2C,5,12.3778,0.0,0,19.36,0.0518
381,N2C,8,6.4631,25.0,3,37.07,0.1896
381,S2C,9,6.299,41.0,4,38.04,0.2146
381,E2C,5,12.6214,0.0,0,18.98,0.0483
381,W2C,5,12.3102,0.0,0,19.46,0.0527
382,N2C,8,6.4536,29.0,4,37.13,0.1984
382,S2C,9,5.4708,45.0,4,43.8,0.2292
382,E2C,4,12.7651,0.0,0,18.77,0.0402
382,W2C,5,12.0263,0.0,0,19.92,0.0568
383,N2C,8,6.3608,33.0,4,37.67,0.2024
383,S2C,9,4.8728,49.0,4,49.17,0.2405
383,E2C,4,12.608,0.0,0,19.0,0.0425
383,W2C,4,12.7528,0.0,0,18.79,0.0404
384,N2C,9,6.8599,37.0,4,34.93,0.2039
384,S2C,10,5.2682,54.0,5,45.48,0.2501
384,E2C,5,13.0095,0.0,0,18.42,0.0427
384,W2C,5,12.7984,0.0,0,18.72,0.0457
385,N2C,9,6.3271,41.0,4,37.87,0.2142
385,S2C,10,4.9061,59.0,5,48.84,0.2587
385,E2C,5,12.8209,0.0,0,18.69,0.0454
385,W2C,4,12.7575,0.0,0,18.78,0.0403
386,N2C,9,5.7587,45.0,4,41.61,0.2251
386,S2C,10,4.8984,65.0,6,48.91,0.2688
386,E2C,4,12.9209,0.0,0,18.54,0.038
386,W2C,4,12.4107,0.0,0,19.31,0.0453
387,N2C,9,5.3251,49.0,4,44.99,0.234
387,S2C,10,4.8723,71.0,6,49.18,0.2732
387,E2C,4,13.0699,0.0,0,18.33,0.0358
387,W2C,4,12.8727,0.0,0,18.61,0.0386
388,N2C,10,5.7153,54.0,5,41.92,0.2437
388,S2C,11,5.0919,77.0,6,47.06,0.28
388,E2C,5,13.3161,0.0,0,17.99,0.0383
388,W2C,4,11.9692,0.0,0,20.02,0.0517
389,N2C,10,5.1881,60.0,6,46.18,0.2613
389,S2C,11,4.7651,83.0,6,50.28,0.2887
389,E2C,4,13.1767,0.0,0,18.18,0.0343
389,W2C,4,12.4006,0.0,0,19.32,0.0454
390,N2C,10,5.1339,66.0,6,46.67,0.2661
390,S2C,11,4.5469,89.0,6,52.7,0.2959
390,E2C,4,12.767,0.0,0,18.77,0.0402
390,W2C,4,11.5969,0.0,0,20.66,0.057
391,N2C,10,4.7953,72.0,6,49.97,0.275
391,S2C,11,4.6191,95.0,6,51.87,0.2988
391,E2C,4,12.926,0.0,0,18.54,0.0379
391,W2C,4,12.0114,0.0,0,19.95,0.0511
392,N2C,10,4.3551,78.0,6,55.02,0.2853
392,S2C,11,4.2146,101.0,6,56.85,0.3086
392,E2C,4,13.123,0.0,0,18.26,0.035
392,W2C,4,12.1949,0.0,0,19.65,0.0484
393,N2C,11,4.8445,84.0,6,49.46,0.2882
393,S2C,12,4.5897,108.0,7,52.2,0.3199
393,E2C,3,13.514,0.0,0,17.73,0.0234
393,W2C,5,11.9751,0.0,0,20.01,0.0576
394,N2C,11,4.8671,90.0,6,49.23,0.2919
394,S2C,12,3.9054,115.0,7,61.35,0.3344
394,E2C,4,13.3939,0.0,0,17.89,0.0311
394,W2C,5,11.8999,0.0,0,20.13,0.0587
395,N2C,11,4.4473,97.0,7,53.88,0.3086
395,S2C,12,3.5503,123.0,8,67.49,0.3509
395,E2C,4,13.2052,0.0,0,18.14,0.0339
395,W2C,5,10.6843,0.0,0,22.43,0.0762
396,N2C,11,3.9464,104.0,7,60.71,0.3205
396,S2C,12,3.1832,131.0,8,75.27,0.3615
396,E2C,4,13.3053,0.0,0,18.01,0.0324
396,W2C,5,9.9391,0.0,0,24.11,0.0869
397,N2C,10,5.45,58.0,5,43.96,0.2502
397,S2C,11,4.6315,77.0,6,51.73,0.2866
397,E2C,5,12.5405,0.0,0,19.11,0.0494
397,W2C,6,9.167,0.0,0,26.14,0.104
398,N2C,10,5.3401,25.0,3,44.87,0.2178
398,S2C,11,4.6664,39.0,5,51.35,0.2548
398,E2C,5,11.7527,0.0,0,20.39,0.0608
398,W2C,6,8.3314,1.0,1,28.76,0.1227
399,N2C,10,5.8325,6.0,2,41.08,0.192
399,S2C,11,5.1999,14.0,3,46.08,0.2185
399,E2C,5,10.7971,0.0,0,22.19,0.0745
399,W2C,6,7.7805,2.0,1,30.79,0.1313
400,N2C,8,6.5298,0.0,0,36.69,0.154
400,S2C,10,6.0258,3.0,1,39.76,0.1812
400,E2C,5,10.3944,1.0,1,23.05,0.087
400,W2C,6,7.8455,4.0,2,30.54,0.1377
401,N2C,8,6.9236,0.0,0,34.61,0.1483
401,S2C,9,6.6072,0.0,0,36.26,0.1589
401,E2C,5,10.2686,2.0,1,23.33,0.0895
401,W2C,6,7.8665,6.0,2,30.46,0.1387
402,N2C,9,8.3441,0.0,0,28.72,0.1339
402,S2C,10,8.1078,0.0,0,29.55,0.1433
402,E2C,6,10.0988,3.0,1,23.73,0.0986
402,W2C,7,7.7037,8.0,2,31.1,0.1484
403,N2C,7,9.6674,0.0,0,24.78,0.1028
403,S2C,8,8.8672,0.0,0,27.02,0.1203
403,E2C,6,9.3433,4.0,1,25.64,0.1101
403,W2C,7,7.3016,10.0,2,32.81,0.1555
404,N2C,7,10.1923,0.0,0,23.51,0.0952
404,S2C,7,9.3665,0.0,0,25.58,0.1071
404,E2C,6,8.8607,5.0,1,27.04,0.1177
404,W2C,7,6.6905,12.0,2,35.81,0.1657
405,N2C,5,11.0197,0.0,0,21.74,0.0713
405,S2C,6,10.4499,0.0,0,22.93,0.0855
405,E2C,6,8.0668,7.0,2,29.7,0.1365
405,W2C,7,6.6345,14.0,2,36.11,0.1678
406,N2C,6,11.942,0.0,0,20.06,0.064
406,S2C,6,11.2487,0.0,0,21.3,0.074
406,E2C,7,8.1522,9.0,2,29.39,0.1426
406,W2C,8,7.221,16.0,2,33.18,0.1667
407,N2C,4,12.9978,0.0,0,18.43,0.0368
407,S2C,5,12.2364,0.0,0,19.58,0.0538
407,E2C,7,7.6295,11.0,2,31.4,0.1515
407,W2C,8,7.2395,19.0,3,33.1,0.1744
408,N2C,4,12.973,0.0,0,18.47,0.0372
408,S2C,4,12.2673,0.0,0,19.53,0.0474
408,E2C,7,7.7152,14.0,3,31.06,0.1582
408,W2C,8,7.2919,22.0,3,32.86,0.1757
409,N2C,4,13.1534,0.0,0,18.22,0.0346
409,S2C,4,12.4249,0.0,0,19.28,0.0451
409,E2C,7,7.364,17.0,3,32.54,0.1653
409,W2C,8,6.5679,25.0,3,36.48,0.1881
410,N2C,4,12.9504,0.0,0,18.5,0.0375
410,S2C,4,12.5003,0.0,0,19.17,0.044
410,E2C,7,7.472,20.0,3,32.07,0.1657
410,W2C,8,6.3576,28.0,3,37.69,0.1931
411,N2C,4,12.9715,0.0,0,18.47,0.0372
411,S2C,5,12.6981,0.0,0,18.87,0.0472
411,E2C,8,7.6345,23.0,3,31.38,0.1714
411,W2C,9,6.8406,31.0,3,35.03,0.1942
412,N2C,4,12.72,0.0,0,18.84,0.0408
412,S2C,5,12.6913,0.0,0,18.88,0.0473
412,E2C,8,7.1456,26.0,3,33.53,0.1804
412,W2C,9,6.8633,34.0,3,34.91,0.1958
413,N2C,4,12.9443,0.0,0,18.51,0.0376
413,S2C,4,12.9478,0.0,0,18.51,0.0376
413,E2C,8,6.7117,29.0,3,35.7,0.1887
413,W2C,9,6.512,38.0,4,36.79,0.2096
414,N2C,4,12.9502,0.0,0,18.5,0.0375
414,S2C,4,12.7059,0.0,0,18.86,0.041
414,E2C,8,6.0851,33.0,4,39.37,0.2064
414,W2C,9,5.6149,42.0,4,42.67,0.2252
415,N2C,5,13.1019,0.0,0,18.29,0.0413
415,S2C,4,13.0517,0.0,0,18.36,0.0361
415,E2C,9,6.3702,37.0,4,37.61,0.2109
415,W2C,10,5.4584,46.0,4,43.9,0.2361
416,N2C,4,13.2615,0.0,0,18.07,0.0331
416,S2C,4,13.0427,0.0,0,18.37,0.0362
416,E2C,9,6.036,41.0,4,39.7,0.2184
416,W2C,10,5.1496,50.0,4,46.53,0.2432
417,N2C,4,13.1123,0.0,0,18.27,0.0352
417,S2C,4,12.6499,0.0,0,18.94,0.0419
417,E2C,9,5.9861,45.0,4,40.03,0.2218
417,W2C,10,4.8266,54.0,4,49.64,0.2505
418,N2C,4,13.1249,0.0,0,18.26,0.035
418,S2C,4,12.7018,0.0,0,18.86,0.0411
418,E2C,9,5.6494,50.0,5,42.41,0.236
418,W2C,10,4.8406,59.0,5,49.5,0.2596
419,N2C,4,12.9554,0.0,0,18.49,0.0375
419,S2C,4,12.7275,0.0,0,18.83,0.0407
419,E2C,9,5.1517,55.0,5,46.51,0.2465
419,W2C,10,4.9417,65.0,6,48.49,0.2682
420,N2C,5,13.2014,0.0,0,18.15,0.0399
420,S2C,4,12.7408,0.0,0,18.81,0.0405
420,E2C,10,5.6466,60.0,5,42.43,0.2487
420,W2C,11,5.2891,71.0,6,45.3,0.2732
421,N2C,4,13.1157,0.0,0,18.27,0.0351
421,S2C,4,12.9074,0.0,0,18.56,0.0381
421,E2C,10,5.1543,66.0,6,46.49,0.2658
421,W2C,11,4.9931,77.0,6,47.99,0.2814
422,N2C,4,13.5536,0.0,0,17.68,0.0288
422,S2C,4,12.8643,0.0,0,18.63,0.0388
422,E2C,10,4.7094,72.0,6,50.88,0.2762
422,W2C,11,4.6987,83.0,6,50.99,0.2897
423,N2C,4,13.2375,0.0,0,18.1,0.0334
423,S2C,4,12.7839,0.0,0,18.74,0.0399
423,E2C,10,4.2832,78.0,6,55.94,0.2863
423,W2C,11,4.2162,90.0,7,56.83,0.3073
424,N2C,4,13.2392,0.0,0,18.1,0.0334
424,S2C,5,12.7839,0.0,0,18.74,0.0459
424,E2C,11,4.7455,84.0,6,50.49,0.2897
424,W2C,12,4.6679,97.0,7,51.33,0.3115
425,N2C,4,12.9848,0.0,0,18.45,0.037
425,S2C,4,12.9192,0.0,0,18.55,0.038
425,E2C,11,4.6728,91.0,7,51.28,0.3014
425,W2C,12,4.4169,104.0,7,54.25,0.3197
426,N2C,4,13.5152,0.0,0,17.73,0.0294
426,S2C,4,12.8828,0.0,0,18.6,0.0385
426,E2C,11,4.5694,98.0,7,52.44,0.3075
426,W2C,12,3.7334,111.0,7,64.18,0.3342
427,N2C,4,13.337,0.0,0,17.97,0.032
427,S2C,4,13.0856,0.0,0,18.31,0.0356
427,E2C,11,4.2174,105.0,7,56.81,0.3173
427,W2C,12,3.4998,119.0,8,68.46,0.3489
428,N2C,4,13.2787,0.0,0,18.04,0.0328
428,S2C,4,12.2062,0.0,0,19.63,0.0482
428,E2C,11,3.8987,112.0,7,61.46,0.3265
428,W2C,12,3.1089,127.0,8,77.07,0.3599
429,N2C,5,11.6899,0.0,0,20.5,0.0617
429,S2C,5,11.5361,0.0,0,20.77,0.0639
429,E2C,12,4.2021,119.0,7,57.02,0.3328
429,W2C,13,3.7543,135.0,8,63.82,0.3619
430,N2C,5,10.8244,0.0,0,22.14,0.0741
430,S2C,5,10.7304,0.0,0,22.33,0.0755
430,E2C,10,4.6606,69.0,5,51.41,0.2689
430,W2C,11,4.3891,79.0,6,54.59,0.2915
431,N2C,5,10.3547,0.0,0,23.14,0.0809
431,S2C,5,10.2269,0.0,0,23.43,0.0827
431,E2C,10,4.5444,33.0,4,52.72,0.2406
431,W2C,11,4.2942,42.0,5,55.8,0.2622
432,N2C,5,9.8903,0.0,0,24.23,0.0876
432,S2C,5,9.7646,0.0,0,24.54,0.0894
432,E2C,10,4.7558,10.0,2,50.38,0.2102
432,W2C,11,4.5187,18.0,3,53.02,0.2309
433,N2C,6,9.6254,1.0,1,24.89,0.1041
433,S2C,6,10.1782,1.0,1,23.54,0.0961
433,E2C,10,5.9792,0.0,0,40.07,0.1739
433,W2C,10,5.6381,3.0,1,42.5,0.1868
434,N2C,6,8.8037,2.0,1,27.22,0.1166
434,S2C,6,9.161,2.0,1,26.15,0.1114
434,E2C,9,6.9499,0.0,0,34.48,0.1539
434,W2C,10,6.0134,0.0,0,39.84,0.1734
435,N2C,6,8.6346,3.0,1,27.75,0.1197
435,S2C,6,8.5529,4.0,2,28.01,0.1275
435,E2C,8,7.7631,0.0,0,30.86,0.1362
435,W2C,10,6.9471,0.0,0,34.49,0.16
436,N2C,6,8.5429,5.0,2,28.05,0.1283
436,S2C,6,8.5803,6.0,2,27.92,0.1285
436,E2C,7,9.1272,0.0,0,26.25,0.1106
436,W2C,8,8.1654,0.0,0,29.34,0.1304
437,N2C,6,7.6938,7.0,2,31.14,0.1419
437,S2C,6,8.4283,8.0,2,28.43,0.132
437,E2C,6,9.9963,0.0,0,23.97,0.0921
437,W2C,8,9.0281,0.0,0,26.54,0.118
438,N2C,7,7.9418,9.0,2,30.17,0.1456
438,S2C,7,9.111,10.0,2,26.3,0.1295
438,E2C,6,11.4887,0.0,0,20.86,0.0706
438,W2C,7,10.7401,0.0,0,22.31,0.0874
439,N2C,7,7.3364,11.0,2,32.66,0.1557
439,S2C,7,9.027,12.0,2,26.54,0.132
439,E2C,6,11.4079,0.0,0,21.0,0.0717
439,W2C,7,10.9474,0.0,0,21.89,0.0844
440,N2C,7,7.5493,13.0,2,31.74,0.154
440,S2C,7,8.3464,14.0,2,28.71,0.1432
440,E2C,4,12.3086,0.0,0,19.47,0.0468
440,W2C,5,12.0651,0.0,0,19.86,0.0563
441,N2C,7,6.5553,15.0,2,36.55,0.1696
441,S2C,7,7.2692,16.0,2,32.96,0.16
441,E2C,4,12.179,0.0,0,19.67,0.0486
441,W2C,5,11.9132,0.0,0,20.11,0.0585
442,N2C,8,6.9863,18.0,3,34.3,0.1774
442,S2C,8,7.1119,18.0,2,33.69,0.1696
442,E2C,5,12.7222,0.0,0,18.83,0.0468
442,W2C,6,12.1724,0.0,0,19.68,0.0607
443,N2C,8,6.7072,21.0,3,35.72,0.1834
443,S2C,8,6.5497,20.0,2,36.58,0.179
443,E2C,5,12.4252,0.0,0,19.28,0.0511
443,W2C,5,12.4007,0.0,0,19.32,0.0514
444,N2C,8,6.2896,24.0,3,38.09,0.1914
444,S2C,8,6.3685,23.0,3,37.62,0.1896
444,E2C,4,12.7274,0.0,0,18.83,0.0407
444,W2C,5,12.453,0.0,0,19.24,0.0507
445,N2C,8,6.4935,28.0,4,36.9,0.1972
445,S2C,8,6.3672,27.0,4,37.63,0.1983
445,E2C,4,12.3987,0.0,0,19.32,0.0455
445,W2C,5,12.8924,0.0,0,18.58,0.0444
446,N2C,8,6.2603,32.0,4,38.27,0.2032
446,S2C,8,6.1088,31.0,4,39.22,0.2047
446,E2C,4,12.6577,0.0,0,18.93,0.0417
446,W2C,4,12.9737,0.0,0,18.47,0.0372
447,N2C,9,6.9602,36.0,4,34.42,0.2018
447,S2C,9,6.6237,35.0,4,36.17,0.206
447,E2C,5,13.142,0.0,0,18.23,0.0408
447,W2C,4,12.8242,0.0,0,18.68,0.0393
448,N2C,9,7.1896,40.0,4,33.33,0.2011
448,S2C,9,5.9981,39.0,4,39.95,0.2176
448,E2C,5,12.9032,0.0,0,18.57,0.0442
448,W2C,4,12.6846,0.0,0,18.89,0.0414
449,N2C,9,6.2612,44.0,4,38.27,0.2172
449,S2C,9,5.61,43.0,4,42.71,0.2259
449,E2C,5,12.6048,0.0,0,19.01,0.0485
449,W2C,4,12.8077,0.0,0,18.71,0.0396
450,N2C,9,5.5409,48.0,4,43.24,0.2302
450,S2C,9,5.0504,47.0,4,47.44,0.2366
450,E2C,4,13.1496,0.0,0,18.22,0.0347
450,W2C,4,12.5443,0.0,0,19.1,0.0434
451,N2C,10,5.6243,52.0,4,42.6,0.2377
451,S2C,10,5.3862,52.0,5,44.48,0.2471
451,E2C,5,13.4486,0.0,0,17.82,0.0364
451,W2C,5,12.9946,0.0,0,18.44,0.0429
452,N2C,10,5.2067,57.0,5,46.02,0.253
452,S2C,10,5.3307,57.0,5,44.95,0.2512
452,E2C,4,13.0646,0.0,0,18.34,0.0359
452,W2C,5,12.8372,0.0,0,18.66,0.0452
453,N2C,10,5.2622,63.0,6,45.53,0.2622
453,S2C,10,5.1771,63.0,6,46.28,0.2635
453,E2C,4,13.3369,0.0,0,17.97,0.032
453,W2C,4,13.2088,0.0,0,18.14,0.0338
454,N2C,10,4.8802,69.0,6,49.1,0.2717
454,S2C,10,5.1163,69.0,6,46.83,0.2683
454,E2C,4,13.0275,0.0,0,18.39,0.0364
454,W2C,4,13.1138,0.0,0,18.27,0.0352
455,N2C,10,4.4706,75.0,6,53.59,0.2816
455,S2C,10,4.9165,75.0,6,48.73,0.2752
455,E2C,4,13.2223,0.0,0,18.12,0.0336
455,W2C,4,13.1164,0.0,0,18.27,0.0351
456,N2C,11,5.026,81.0,6,47.67,0.2836
456,S2C,11,5.2862,81.0,6,45.33,0.2799
456,E2C,3,13.0681,0.0,0,18.33,0.0298
456,W2C,4,12.8878,0.0,0,18.59,0.0384
457,N2C,11,4.7644,87.0,6,50.29,0.2914
457,S2C,11,4.8698,87.0,6,49.2,0.2899
457,E2C,4,13.1764,0.0,0,18.18,0.0343
457,W2C,4,12.6492,0.0,0,18.94,0.0419
458,N2C,11,4.354,94.0,7,55.03,0.308
458,S2C,11,4.2241,93.0,6,56.72,0.3032
458,E2C,4,13.2108,0.0,0,18.14,0.0338
458,W2C,4,13.0053,0.0,0,18.42,0.0367
459,N2C,11,4.0036,101.0,7,59.85,0.3177
459,S2C,11,4.15,99.0,6,57.73,0.3082
459,E2C,4,13.4931,0.0,0,17.76,0.0297
459,W2C,4,12.7366,0.0,0,18.81,0.0406
460,N2C,12,4.4106,108.0,7,54.32,0.3225
460,S2C,12,4.8342,106.0,7,49.56,0.3151
460,E2C,4,13.0311,0.0,0,18.39,0.0364
460,W2C,4,13.0362,0.0,0,18.38,0.0363
461,N2C,12,4.3831,115.0,7,54.66,0.3276
461,S2C,12,4.3793,113.0,7,54.71,0.3263
461,E2C,4,12.6843,0.0,0,18.89,0.0414
461,W2C,4,12.6695,0.0,0,18.91,0.0416
462,N2C,12,4.3925,123.0,8,54.55,0.3388
462,S2C,12,4.0795,121.0,8,58.73,0.3419
462,E2C,4,13.1057,0.0,0,18.28,0.0353
462,W2C,4,12.7037,0.0,0,18.86,0.0411
463,N2C,10,4.7216,72.0,6,50.75,0.276
463,S2C,10,4.5257,69.0,6,52.94,0.2768
463,E2C,4,12.8201,0.0,0,18.69,0.0394
463,W2C,4,12.3926,0.0,0,19.33,0.0456
464,N2C,10,4.6106,35.0,4,51.97,0.2409
464,S2C,10,4.615,34.0,4,51.92,0.2402
464,E2C,4,12.5456,0.0,0,19.1,0.0434
464,W2C,4,11.8776,0.0,0,20.17,0.053
465,N2C,11,5.662,13.0,3,42.32,0.2111
465,S2C,11,5.239,11.0,3,45.73,0.2159
465,E2C,5,12.1373,0.0,0,19.74,0.0552
465,W2C,5,11.6991,0.0,0,20.48,0.0615
466,N2C,9,6.5895,2.0,1,36.36,0.1665
466,S2C,9,5.899,2.0,1,40.62,0.1764
466,E2C,5,11.4751,0.0,0,20.88,0.0648
466,W2C,5,10.533,0.0,0,22.75,0.0783
467,N2C,9,6.8908,0.0,0,34.77,0.1548
467,S2C,9,6.2126,0.0,0,38.57,0.1645
467,E2C,5,10.8568,0.0,0,22.07,0.0737
467,W2C,5,10.1199,0.0,0,23.68,0.0843
468,N2C,8,7.3266,0.0,0,32.7,0.1425
468,S2C,9,6.8378,0.0,0,35.04,0.1555
468,E2C,5,10.1878,0.0,0,23.52,0.0833
468,W2C,5,9.4743,1.0,1,25.29,0.1002
469,N2C,8,8.9462,0.0,0,26.78,0.1192
469,S2C,8,8.4665,0.0,0,28.3,0.1261
469,E2C,6,9.8683,1.0,1,24.28,0.1006
469,W2C,6,9.8558,2.0,1,24.31,0.1014
470,N2C,8,9.2397,0.0,0,25.93,0.115
470,S2C,8,8.9445,0.0,0,26.79,0.1192
470,E2C,6,9.1584,2.0,1,26.16,0.1115
470,W2C,6,9.0302,3.0,1,26.53,0.114
471,N2C,6,10.7933,0.0,0,22.2,0.0806
471,S2C,6,10.156,0.0,0,23.59,0.0898
471,E2C,6,8.6307,3.0,1,27.76,0.1197
471,W2C,6,8.6311,4.0,1,27.76,0.1204
472,N2C,6,10.9527,0.0,0,21.88,0.0783
472,S2C,6,10.8367,0.0,0,22.11,0.08
472,E2C,6,8.4631,4.0,1,28.31,0.1228
472,W2C,6,8.4901,6.0,2,28.22,0.1298
473,N2C,4,12.4062,0.0,0,19.31,0.0454
473,S2C,4,12.1001,0.0,0,19.8,0.0498
473,E2C,6,8.223,6.0,2,29.14,0.1336
473,W2C,6,8.3823,8.0,2,28.58,0.1326
474,N2C,5,12.9402,0.0,0,18.52,0.0437
474,S2C,5,12.6608,0.0,0,18.92,0.0477
474,E2C,7,9.1066,8.0,2,26.31,0.1282
474,W2C,7,9.1686,10.0,2,26.13,0.1286
475,N2C,4,13.0345,0.0,0,18.38,0.0363
475,S2C,4,12.4709,0.0,0,19.21,0.0444
475,E2C,7,8.4531,10.0,2,28.34,0.139
475,W2C,7,8.9747,12.0,2,26.7,0.1328
476,N2C,4,12.9388,0.0,0,18.52,0.0377
476,S2C,4,12.2374,0.0,0,19.58,0.0478
476,E2C,7,7.9562,12.0,2,30.11,0.1474
476,W2C,7,8.5736,14.0,2,27.95,0.1399
477,N2C,4,13.2167,0.0,0,18.13,0.0337
477,S2C,4,12.3497,0.0,0,19.4,0.0462
477,E2C,7,6.939,14.0,2,34.53,0.1634
477,W2C,7,7.8578,16.0,2,30.49,0.1515
478,N2C,4,13.0611,0.0,0,18.34,0.0359
478,S2C,4,12.2298,0.0,0,19.59,0.0479
478,E2C,8,7.3754,16.0,2,32.49,0.1645
478,W2C,8,7.6699,18.0,2,31.24,0.1616
479,N2C,4,13.3872,0.0,0,17.9,0.0312
479,S2C,4,12.2424,0.0,0,19.57,0.0477
479,E2C,8,6.4894,18.0,2,36.92,0.1786
479,W2C,8,7.2493,20.0,2,33.05,0.169
480,N2C,4,12.6328,0.0,0,18.97,0.0421
480,S2C,4,12.3438,0.0,0,19.41,0.0463
480,E2C,8,6.5037,21.0,3,36.84,0.1864
480,W2C,8,6.8122,24.0,4,35.17,0.1899
481,N2C,4,12.6906,0.0,0,18.88,0.0413
481,S2C,4,12.1097,0.0,0,19.79,0.0496
481,E2C,8,6.0968,25.0,4,39.3,0.2009
481,W2C,8,6.3254,28.0,4,37.88,0.1996
482,N2C,4,12.8413,0.0,0,18.66,0.0391
482,S2C,4,11.9843,0.0,0,19.99,0.0514
482,E2C,8,5.717,29.0,4,41.91,0.209
482,W2C,8,5.9121,32.0,4,40.53,0.2082
483,N2C,5,13.0564,0.0,0,18.35,0.042
483,S2C,5,12.2476,0.0,0,19.56,0.0536
483,E2C,9,6.1755,33.0,4,38.8,0.2111
483,W2C,9,6.042,36.0,4,39.66,0.215
484,N2C,4,13.1369,0.0,0,18.24,0.0348
484,S2C,5,12.4668,0.0,0,19.22,0.0505
484,E2C,9,5.7115,37.0,4,41.95,0.2204
484,W2C,9,5.6552,40.0,4,42.37,0.2232
485,N2C,4,13.0925,0.0,0,18.3,0.0355
485,S2C,5,12.4669,0.0,0,19.22,0.0505
485,E2C,9,5.7014,42.0,5,42.02,0.2299
485,W2C,9,5.398,45.0,5,44.39,0.2363
486,N2C,4,12.8458,0.0,0,18.65,0.039
486,S2C,5,12.6388,0.0,0,18.96,0.048
486,E2C,9,5.6906,47.0,5,42.1,0.2334
486,W2C,9,5.0171,50.0,5,47.76,0.2451
487,N2C,4,13.0314,0.0,0,18.39,0.0364
487,S2C,5,12.4866,0.0,0,19.19,0.0502
487,E2C,10,5.7836,52.0,5,41.43,0.2414
487,W2C,10,5.6506,55.0,5,42.4,0.2453
488,N2C,4,13.0722,0.0,0,18.33,0.0358
488,S2C,4,13.0356,0.0,0,18.38,0.0363
488,E2C,10,5.4219,57.0,5,44.19,0.2499
488,W2C,10,5.0711,60.0,5,47.25,0.257
489,N2C,4,12.9242,0.0,0,18.54,0.0379
489,S2C,4,12.7162,0.0,0,18.84,0.0409
489,E2C,10,4.9085,62.0,5,48.81,0.2607
489,W2C,10,4.941,66.0,6,48.49,0.2689
490,N2C,4,12.7642,0.0,0,18.77,0.0402
490,S2C,4,12.7984,0.0,0,18.72,0.0397
490,E2C,10,4.8581,67.0,5,49.32,0.2647
490,W2C,10,4.5725,72.0,6,52.4,0.2782
491,N2C,4,12.8648,0.0,0,18.62,0.0388
491,S2C,4,12.5182,0.0,0,19.14,0.0438
491,E2C,10,4.222,73.0,6,56.75,0.2839
491,W2C,10,4.0809,78.0,6,58.71,0.2892
492,N2C,5,12.7915,0.0,0,18.73,0.0458
492,S2C,4,13.1862,0.0,0,18.17,0.0341
492,E2C,11,4.7492,79.0,6,50.45,0.2863
492,W2C,11,4.6814,84.0,6,51.18,0.2906
493,N2C,4,13.0873,0.0,0,18.31,0.0356
493,S2C,4,12.5689,0.0,0,19.06,0.043
493,E2C,11,4.5768,86.0,7,52.35,0.2994
493,W2C,11,4.3717,91.0,7,54.81,0.3057
494,N2C,4,12.9329,0.0,0,18.53,0.0378
494,S2C,4,12.6733,0.0,0,18.91,0.0415
494,E2C,11,4.0884,93.0,7,58.61,0.3111
494,W2C,11,4.1661,98.0,7,57.51,0.3133
495,N2C,4,11.989,0.0,0,19.99,0.0514
495,S2C,4,13.007,0.0,0,18.42,0.0367
495,E2C,11,3.7277,100.0,7,64.28,0.321
495,W2C,11,3.6386,105.0,7,65.85,0.3256
496,N2C,5,11.4019,0.0,0,21.01,0.0658
496,S2C,5,12.7833,0.0,0,18.74,0.0459
496,E2C,10,5.077,55.0,5,47.19,0.2536
496,W2C,10,4.926,59.0,6,48.64,0.2644
497,N2C,5,10.3552,0.0,0,23.14,0.0809
497,S2C,5,12.4249,0.0,0,19.28,0.0511
497,E2C,10,5.2284,25.0,3,45.83,0.2194
497,W2C,10,5.0876,29.0,4,47.09,0.2301
498,N2C,5,9.7312,1.0,1,24.62,0.0965
498,S2C,5,11.6999,0.0,0,20.48,0.0615
498,E2C,10,5.8397,7.0,2,41.03,0.1926
498,W2C,10,5.6052,9.0,2,42.75,0.1973
499,N2C,5,10.2698,2.0,1,23.33,0.0895
499,S2C,5,11.5404,0.0,0,20.76,0.0638
499,E2C,8,6.3462,0.0,0,37.75,0.1566
499,W2C,8,7.1093,0.0,0,33.7,0.1456
500,N2C,5,9.6465,3.0,1,24.84,0.0991
500,S2C,5,9.9358,0.0,0,24.11,0.0869
500,E2C,8,6.6679,0.0,0,35.93,0.152
500,W2C,8,7.7616,0.0,0,30.87,0.1362
501,N2C,6,10.0047,4.0,1,23.95,0.1006
501,S2C,6,9.7991,0.0,0,24.45,0.0949
501,E2C,9,7.8946,0.0,0,30.35,0.1403
501,W2C,9,9.3781,0.0,0,25.55,0.119
502,N2C,6,9.2908,5.0,1,25.79,0.1116
502,S2C,6,8.9894,1.0,1,26.65,0.1132
502,E2C,7,9.031,0.0,0,26.53,0.112
502,W2C,7,10.5547,0.0,0,22.7,0.09
503,N2C,6,8.5444,6.0,1,28.04,0.123
503,S2C,6,8.7183,3.0,2,27.48,0.1245
503,E2C,7,9.656,0.0,0,24.81,0.103
503,W2C,6,11.3999,0.0,0,21.02,0.0719
504,N2C,6,7.6512,7.0,1,31.32,0.1365
504,S2C,6,8.0032,5.0,2,29.94,0.1361
504,E2C,5,11.193,0.0,0,21.41,0.0688
504,W2C,5,11.9291,0.0,0,20.09,0.0582
505,N2C,7,7.4088,9.0,2,32.34,0.1533
505,S2C,7,8.1837,7.0,2,29.28,0.1408
505,E2C,6,11.7948,0.0,0,20.31,0.0662
505,W2C,6,11.8615,0.0,0,20.2,0.0652
506,N2C,7,6.7158,11.0,2,35.68,0.1646
506,S2C,7,7.5099,9.0,2,31.9,0.1519
506,E2C,5,12.3471,0.0,0,19.41,0.0522
506,W2C,4,12.2877,0.0,0,19.5,0.0471
507,N2C,7,6.8518,13.0,2,34.97,0.164
507,S2C,7,7.4694,12.0,3,32.08,0.1604
507,E2C,5,12.6709,0.0,0,18.91,0.0476
507,W2C,4,12.7789,0.0,0,18.75,0.04
508,N2C,7,6.7667,16.0,3,35.41,0.1732
508,S2C,7,7.3193,15.0,3,32.74,0.1646
508,E2C,5,12.4132,0.0,0,19.3,0.0513
508,W2C,4,12.7595,0.0,0,18.78,0.0403
509,N2C,7,6.9579,19.0,3,34.44,0.1725
509,S2C,7,6.7713,18.0,3,35.38,0.1745
509,E2C,5,12.5468,0.0,0,19.1,0.0493
509,W2C,4,12.5414,0.0,0,19.1,0.0434
510,N2C,8,7.5799,22.0,3,31.61,0.1715
510,S2C,8,7.3073,21.0,3,32.79,0.1748
510,E2C,5,12.5865,0.0,0,19.04,0.0488
510,W2C,5,12.7254,0.0,0,18.83,0.0468
511,N2C,8,7.3508,25.0,3,32.59,0.1768
511,S2C,8,6.5807,24.0,3,36.41,0.1872
511,E2C,4,12.4204,0.0,0,19.29,0.0452
511,W2C,5,12.3814,0.0,0,19.35,0.0517
512,N2C,8,6.9302,28.0,3,34.57,0.1849
512,S2C,8,6.484,28.0,4,36.95,0.1973
512,E2C,4,12.8177,0.0,0,18.69,0.0394
512,W2C,4,12.2575,0.0,0,19.55,0.0475
513,N2C,8,6.5381,31.0,3,36.65,0.1925
513,S2C,8,6.2122,32.0,4,38.57,0.2039
513,E2C,4,12.8223,0.0,0,18.69,0.0394
513,W2C,4,12.3661,0.0,0,19.38,0.0459
514,N2C,9,6.9217,34.0,3,34.62,0.195
514,S2C,9,6.7743,36.0,4,35.37,0.2045
514,E2C,4,12.1827,0.0,0,19.67,0.0486
514,W2C,4,11.4413,0.0,0,20.94,0.0593
515,N2C,9,6.2197,38.0,4,38.52,0.2138
515,S2C,9,6.4012,40.0,4,37.43,0.2125
515,E2C,4,12.0401,0.0,0,19.9,0.0506
515,W2C,4,11.5976,0.0,0,20.66,0.057
516,N2C,9,5.7286,42.0,4,41.83,0.2235
516,S2C,9,5.8711,44.0,4,40.81,0.2228
516,E2C,4,11.9114,0.0,0,20.12,0.0525
516,W2C,4,11.7587,0.0,0,20.38,0.0547
517,N2C,9,5.464,46.0,4,43.85,0.23
517,S2C,9,5.8291,48.0,4,41.1,0.2261
517,E2C,4,11.9333,0.0,0,20.08,0.0522
517,W2C,4,11.6325,0.0,0,20.6,0.0565
518,N2C,9,5.0076,51.0,5,47.85,0.2459
518,S2C,9,5.4401,53.0,5,44.04,0.241
518,E2C,4,11.9203,0.0,0,20.1,0.0524
518,W2C,4,11.3997,0.0,0,21.02,0.0599
519,N2C,10,5.7814,56.0,5,41.44,0.2441
519,S2C,10,5.5765,58.0,5,42.97,0.2484
519,E2C,4,12.091,0.0,0,19.82,0.0499
519,W2C,4,11.7472,0.0,0,20.4,0.0549
520,N2C,10,5.4365,61.0,5,44.07,0.2524
520,S2C,10,5.225,63.0,5,45.86,0.2568
520,E2C,4,11.5735,0.0,0,20.7,0.0574
520,W2C,4,11.4598,0.0,0,20.91,0.059
521,N2C,10,5.1883,66.0,5,46.18,0.2593
521,S2C,10,4.9276,68.0,5,48.62,0.2644
521,E2C,4,12.1355,0.0,0,19.74,0.0493
521,W2C,4,11.6938,0.0,0,20.49,0.0556
522,N2C,10,5.1065,72.0,6,46.92,0.2705
522,S2C,10,4.3356,74.0,6,55.26,0.2829
522,E2C,4,12.0976,0.0,0,19.81,0.0498
522,W2C,4,11.6747,0.0,0,20.52,0.0559
523,N2C,11,5.7969,78.0,6,41.33,0.2705
523,S2C,11,4.8814,80.0,6,49.08,0.285
523,E2C,4,12.3006,0.0,0,19.48,0.0469
523,W2C,5,12.0715,0.0,0,19.85,0.0562
524,N2C,11,5.3192,84.0,6,45.04,0.2814
524,S2C,11,4.8561,87.0,7,49.34,0.2961
524,E2C,4,11.5726,0.0,0,20.7,0.0574
524,W2C,5,12.0853,0.0,0,19.83,0.056
525,N2C,11,4.8602,90.0,6,49.3,0.292
525,S2C,11,4.7369,94.0,7,50.58,0.3025
525,E2C,4,12.0285,0.0,0,19.92,0.0508
525,W2C,5,11.8425,0.0,0,20.23,0.0595
526,N2C,11,4.3956,96.0,6,54.51,0.3027
526,S2C,11,4.4726,101.0,7,53.57,0.3109
526,E2C,4,11.6383,0.0,0,20.59,0.0564
526,W2C,4,11.904,0.0,0,20.13,0.0526
527,N2C,11,4.2009,103.0,7,57.04,0.3162
527,S2C,11,4.0424,108.0,7,59.27,0.3218
527,E2C,4,12.1969,0.0,0,19.64,0.0484
527,W2C,4,12.0818,0.0,0,19.83,0.05
528,N2C,12,4.9131,110.0,7,48.77,0.3166
528,S2C,12,4.3094,115.0,7,55.6,0.3286
528,E2C,5,12.2563,0.0,0,19.55,0.0535
528,W2C,5,12.2469,0.0,0,19.56,0.0537
529,N2C,10,5.0045,61.0,6,47.88,0.2646
529,S2C,10,4.694,67.0,5,51.04,0.2671
529,E2C,5,12.4454,0.0,0,19.25,0.0508
529,W2C,5,12.1555,0.0,0,19.71,0.055
530,N2C,10,4.8739,28.0,4,49.16,0.2325
530,S2C,10,4.8001,30.0,4,49.92,0.2349
530,E2C,5,11.7866,0.0,0,20.33,0.0603
530,W2C,5,11.7483,0.0,0,20.39,0.0608
531,N2C,10,5.0485,8.0,2,47.46,0.2046
531,S2C,10,4.8509,10.0,2,49.39,0.2088
531,E2C,5,11.5283,0.0,0,20.78,0.064
531,W2C,5,10.701,0.0,0,22.39,0.0759
532,N2C,9,6.6777,0.0,0,35.88,0.1578
532,S2C,9,6.6312,0.0,0,36.13,0.1585
532,E2C,6,11.3014,0.0,0,21.2,0.0733
532,W2C,6,10.4146,0.0,0,23.01,0.086
533,N2C,9,7.5331,0.0,0,31.81,0.1455
533,S2C,9,7.0202,0.0,0,34.13,0.1529
533,E2C,6,10.4292,0.0,0,22.97,0.0858
533,W2C,6,10.2241,0.0,0,23.43,0.0888
534,N2C,7,8.8784,0.0,0,26.99,0.1142
534,S2C,8,8.3661,0.0,0,28.64,0.1275
534,E2C,6,10.6243,1.0,1,22.55,0.0897
534,W2C,6,10.2946,1.0,1,23.27,0.0944
535,N2C,7,9.6453,0.0,0,24.84,0.1031
535,S2C,7,9.2964,0.0,0,25.77,0.1081
535,E2C,6,10.6484,2.0,1,22.5,0.09
535,W2C,6,10.3276,2.0,1,23.2,0.0946
536,N2C,6,10.215,0.0,0,23.46,0.0889
536,S2C,7,9.8888,0.0,0,24.23,0.0996
536,E2C,6,9.4458,3.0,1,25.37,0.108
536,W2C,6,9.7839,3.0,1,24.49,0.1031
537,N2C,6,11.7137,0.0,0,20.45,0.0673
537,S2C,6,11.5622,0.0,0,20.72,0.0695
537,E2C,7,8.6498,4.0,1,27.7,0.1261
537,W2C,7,8.9367,4.0,1,26.81,0.122
538,N2C,4,13.0594,0.0,0,18.35,0.036
538,S2C,6,12.0915,0.0,0,19.82,0.0619
538,E2C,7,7.9783,5.0,1,30.03,0.1365
538,W2C,7,8.0573,5.0,1,29.74,0.1353
539,N2C,4,13.3431,0.0,0,17.96,0.0319
539,S2C,4,12.9272,0.0,0,18.53,0.0379
539,E2C,7,7.427,6.0,1,32.26,0.1451
539,W2C,7,7.1006,6.0,1,33.74,0.1498
540,N2C,4,13.1416,0.0,0,18.23,0.0348
540,S2C,4,12.6876,0.0,0,18.88,0.0413
540,E2C,7,6.8054,9.0,3,35.21,0.168
540,W2C,7,6.834,9.0,3,35.06,0.1676
541,N2C,4,13.3196,0.0,0,17.99,0.0322
541,S2C,4,13.2936,0.0,0,18.02,0.0326
541,E2C,8,7.6291,12.0,3,31.41,0.1642
541,W2C,8,7.2329,12.0,3,33.13,0.1699
542,N2C,4,13.102,0.0,0,18.29,0.0353
542,S2C,4,12.9143,0.0,0,18.55,0.038
542,E2C,8,7.0557,15.0,3,33.96,0.1744
542,W2C,8,6.4294,15.0,3,37.27,0.1834
543,N2C,4,13.0142,0.0,0,18.41,0.0366
543,S2C,4,12.9548,0.0,0,18.5,0.0375
543,E2C,8,6.5879,18.0,3,36.37,0.1831
543,W2C,8,6.3059,18.0,3,38.0,0.1872
544,N2C,4,13.4358,0.0,0,17.83,0.0305
544,S2C,4,12.8489,0.0,0,18.65,0.039
544,E2C,8,6.0456,21.0,3,39.63,0.1929
544,W2C,8,6.5373,21.0,3,36.65,0.1859
545,N2C,4,12.9916,0.0,0,18.44,0.0369
545,S2C,4,12.456,0.0,0,19.24,0.0446
545,E2C,8,5.7088,24.0,3,41.97,0.1998
545,W2C,8,6.0829,24.0,3,39.39,0.1944
546,N2C,4,13.239,0.0,0,18.1,0.0334
546,S2C,5,12.8948,0.0,0,18.58,0.0443
546,E2C,9,6.1322,28.0,4,39.07,0.2084
546,W2C,9,6.4588,28.0,4,37.1,0.2037
547,N2C,4,13.1934,0.0,0,18.16,0.034
547,S2C,5,13.0206,0.0,0,18.4,0.0425
547,E2C,9,5.8573,33.0,5,40.91,0.2217
547,W2C,9,5.9232,32.0,4,40.45,0.214
548,N2C,4,13.1465,0.0,0,18.23,0.0347
548,S2C,5,12.5219,0.0,0,19.13,0.0497
548,E2C,9,5.4436,38.0,5,44.01,0.231
548,W2C,9,5.9158,36.0,4,40.5,0.2168
549,N2C,4,13.4893,0.0,0,17.76,0.0298
549,S2C,4,12.9922,0.0,0,18.44,0.0369
549,E2C,9,4.9016,43.0,5,48.88,0.2421
549,W2C,9,5.3599,41.0,5,44.7,0.2342
550,N2C,3,13.4695,0.0,0,17.79,0.0241
550,S2C,4,13.5333,0.0,0,17.7,0.0291
550,E2C,10,5.4088,48.0,5,44.3,0.2441
550,W2C,10,5.8902,46.0,5,40.68,0.2359
551,N2C,4,13.4866,0.0,0,17.77,0.0298
551,S2C,4,13.0303,0.0,0,18.39,0.0364
551,E2C,10,5.2641,53.0,5,45.52,0.2495
551,W2C,10,5.3578,51.0,5,44.72,0.2469
552,N2C,4,13.1778,0.0,0,18.18,0.0343
552,S2C,4,12.8418,0.0,0,18.66,0.0391
552,E2C,10,5.1681,58.0,5,46.36,0.2543
552,W2C,10,5.218,57.0,6,45.92,0.2589
553,N2C,4,13.0773,0.0,0,18.32,0.0357
553,S2C,4,13.1488,0.0,0,18.22,0.0347
553,E2C,10,4.9881,64.0,6,48.03,0.2668
553,W2C,10,5.2136,63.0,6,45.96,0.2629
554,N2C,4,13.0432,0.0,0,18.37,0.0362
554,S2C,4,12.5561,0.0,0,19.08,0.0432
554,E2C,10,5.2145,70.0,6,45.95,0.2676
554,W2C,10,4.8427,69.0,6,49.48,0.2723
555,N2C,5,13.2743,0.0,0,18.05,0.0389
555,S2C,4,13.1299,0.0,0,18.25,0.0349
555,E2C,11,5.5145,76.0,6,43.45,0.2733
555,W2C,11,5.0914,75.0,6,47.06,0.2787
556,N2C,4,13.0669,0.0,0,18.34,0.0359
556,S2C,4,13.0048,0.0,0,18.42,0.0367
556,E2C,11,5.3029,82.0,6,45.18,0.2803
556,W2C,11,4.6554,82.0,7,51.47,0.2956
557,N2C,4,13.0719,0.0,0,18.33,0.0358
557,S2C,4,12.8627,0.0,0,18.63,0.0388
557,E2C,11,4.5347,88.0,6,52.84,0.2954
557,W2C,11,4.2826,89.0,7,55.95,0.3057
558,N2C,4,13.2481,0.0,0,18.09,0.0332
558,S2C,4,12.9441,0.0,0,18.51,0.0376
558,E2C,11,4.0768,94.0,6,58.77,0.306
558,W2C,11,3.9727,96.0,7,60.31,0.3148
559,N2C,3,13.0789,0.0,0,18.32,0.0297
559,S2C,4,12.9729,0.0,0,18.47,0.0372
559,E2C,12,4.4,101.0,7,54.46,0.318
559,W2C,12,4.3547,103.0,7,55.02,0.32
560,N2C,4,13.0048,0.0,0,18.42,0.0367
560,S2C,4,12.8952,0.0,0,18.58,0.0383
560,E2C,12,4.5447,109.0,8,52.72,0.3272
560,W2C,12,4.2237,111.0,8,56.73,0.3332
561,N2C,4,13.2051,0.0,0,18.14,0.0339
561,S2C,4,12.6284,0.0,0,18.97,0.0422
561,E2C,12,4.127,117.0,8,58.06,0.3386
561,W2C,12,3.9945,119.0,8,59.98,0.3418
562,N2C,4,13.1834,0.0,0,18.17,0.0342
562,S2C,4,12.5808,0.0,0,19.04,0.0429
562,E2C,10,4.6055,73.0,6,52.02,0.2784
562,W2C,10,4.3833,75.0,6,54.66,0.2829
563,N2C,4,12.7916,0.0,0,18.73,0.0398
563,S2C,4,12.4847,0.0,0,19.19,0.0442
563,E2C,10,4.235,37.0,4,56.58,0.2477
563,W2C,10,4.356,39.0,4,55.0,0.2473
564,N2C,5,12.3525,0.0,0,19.4,0.0521
564,S2C,5,11.4946,0.0,0,20.84,0.0645
564,E2C,11,5.5507,11.0,2,43.17,0.2054
564,W2C,11,5.4693,15.0,3,43.81,0.2152
565,N2C,5,11.4403,0.0,0,20.94,0.0653
565,S2C,5,10.7042,0.0,0,22.38,0.0759
565,E2C,10,5.8692,1.0,1,40.82,0.1822
565,W2C,9,6.3061,2.0,1,38.0,0.1705
566,N2C,5,11.0007,0.0,0,21.78,0.0716
566,S2C,5,10.344,0.0,0,23.16,0.0811
566,E2C,9,6.4988,0.0,0,36.87,0.1604
566,W2C,9,6.3471,0.0,0,37.75,0.1626
567,N2C,5,10.7095,0.0,0,22.37,0.0758
567,S2C,5,9.8945,1.0,1,24.22,0.0942
567,E2C,9,7.0804,0.0,0,33.84,0.1521
567,W2C,8,7.2871,0.0,0,32.88,0.1431
568,N2C,6,10.9065,1.0,1,21.97,0.0856
568,S2C,6,10.576,2.0,1,22.66,0.0911
568,E2C,8,8.9341,0.0,0,26.82,0.1194
568,W2C,8,8.0571,0.0,0,29.74,0.132
569,N2C,6,10.1392,2.0,1,23.63,0.0973
569,S2C,6,9.6253,3.0,1,24.89,0.1054
569,E2C,8,9.4647,0.0,0,25.32,0.1117
569,W2C,8,8.8285,0.0,0,27.14,0.1209
570,N2C,6,9.4602,3.0,1,25.33,0.1078
570,S2C,6,9.1044,4.0,1,26.32,0.1136
570,E2C,6,10.3169,0.0,0,23.22,0.0874
570,W2C,6,9.6606,0.0,0,24.8,0.0969
571,N2C,6,8.6783,5.0,2,27.61,0.1264
571,S2C,6,8.4338,5.0,1,28.41,0.1239
571,E2C,6,10.7295,0.0,0,22.33,0.0815
571,W2C,6,10.5597,0.0,0,22.69,0.084
572,N2C,6,8.168,7.0,2,29.33,0.1351
572,S2C,6,7.8133,6.0,1,30.67,0.1335
572,E2C,4,12.5004,0.0,0,19.17,0.044
572,W2C,4,11.6946,0.0,0,20.49,0.0556
573,N2C,7,8.3341,9.0,2,28.75,0.14
573,S2C,7,8.3022,8.0,2,28.86,0.1398
573,E2C,5,12.7012,0.0,0,18.86,0.0471
573,W2C,5,11.9673,0.0,0,20.02,0.0577
574,N2C,7,7.7483,11.0,2,30.92,0.1498
574,S2C,7,7.3586,10.0,2,32.56,0.1547
574,E2C,4,12.7991,0.0,0,18.72,0.0397
574,W2C,5,11.8907,0.0,0,20.15,0.0588
575,N2C,7,7.5906,13.0,2,31.57,0.1534
575,S2C,7,7.1922,13.0,3,33.31,0.1651
575,E2C,4,12.8445,0.0,0,18.65,0.0391
575,W2C,5,11.7489,0.0,0,20.39,0.0608
576,N2C,7,7.6073,15.0,2,31.5,0.1545
576,S2C,7,7.2665,16.0,3,32.97,0.166
576,E2C,4,12.9959,0.0,0,18.44,0.0369
576,W2C,4,11.8488,0.0,0,20.22,0.0534
577,N2C,8,7.9813,17.0,2,30.02,0.1564
577,S2C,8,7.8125,19.0,3,30.67,0.1662
577,E2C,4,12.8129,0.0,0,18.7,0.0395
577,W2C,5,11.9947,0.0,0,19.98,0.0573
578,N2C,8,7.0975,20.0,3,33.76,0.1771
578,S2C,8,7.3116,22.0,3,32.77,0.1754
578,E2C,4,12.9601,0.0,0,18.49,0.0374
578,W2C,4,11.5891,0.0,0,20.67,0.0571
579,N2C,8,6.815,23.0,3,35.16,0.1832
579,S2C,8,6.7651,25.0,3,35.42,0.1853
579,E2C,4,12.8997,0.0,0,18.57,0.0383
579,W2C,4,11.7967,0.0,0,20.31,0.0541
580,N2C,8,6.4182,27.0,4,37.33,0.1976
580,S2C,8,6.6261,28.0,3,36.16,0.1893
580,E2C,4,13.0042,0.0,0,18.42,0.0368
580,W2C,4,11.6573,0.0,0,20.55,0.0561
581,N2C,8,5.6919,31.0,4,42.1,0.2107
581,S2C,8,6.395,31.0,3,37.47,0.1946
581,E2C,4,13.1727,0.0,0,18.19,0.0343
581,W2C,4,11.7573,0.0,0,20.38,0.0547
582,N2C,9,6.153,35.0,4,38.94,0.2127
582,S2C,9,6.8357,35.0,4,35.05,0.2029
582,E2C,5,13.0137,0.0,0,18.41,0.0426
582,W2C,5,12.0307,0.0,0,19.92,0.0568
583,N2C,9,5.7768,40.0,5,41.48,0.2275
583,S2C,9,6.2407,39.0,4,38.39,0.2141
583,E2C,5,13.0511,0.0,0,18.36,0.0421
583,W2C,4,11.9511,0.0,0,20.05,0.0519
584,N2C,9,5.2576,45.0,5,45.57,0.2383
584,S2C,9,5.3224,43.0,4,45.02,0.23
584,E2C,4,13.1218,0.0,0,18.26,0.0351
584,W2C,4,11.7477,0.0,0,20.4,0.0548
585,N2C,9,4.9895,50.0,5,48.02,0.2455
585,S2C,9,5.2907,47.0,4,45.29,0.2332
585,E2C,4,13.5965,0.0,0,17.62,0.0282
585,W2C,4,12.1127,0.0,0,19.78,0.0496
586,N2C,10,5.4838,55.0,5,43.69,0.2477
586,S2C,10,5.6235,52.0,5,42.61,0.2437
586,E2C,4,12.8795,0.0,0,18.6,0.0386
586,W2C,5,12.1286,0.0,0,19.75,0.0554
587,N2C,10,5.1892,61.0,6,46.17,0.2619
587,S2C,10,5.1999,57.0,5,46.08,0.2531
587,E2C,4,12.7753,0.0,0,18.75,0.0401
587,W2C,5,12.0817,0.0,0,19.83,0.056
588,N2C,10,5.1863,67.0,6,46.2,0.266
588,S2C,10,5.2438,62.0,5,45.69,0.2558
588,E2C,4,12.8855,0.0,0,18.59,0.0385
588,W2C,5,12.0516,0.0,0,19.88,0.0565
589,N2C,10,4.6015,73.0,6,52.07,0.2784
589,S2C,10,4.6642,67.0,5,51.37,0.2675
589,E2C,4,12.5185,0.0,0,19.14,0.0437
589,W2C,5,11.9769,0.0,0,20.01,0.0575
590,N2C,10,4.2144,79.0,6,56.85,0.288
590,S2C,10,4.2889,73.0,6,55.87,0.2829
590,E2C,4,12.4355,0.0,0,19.27,0.0449
590,W2C,5,11.9765,0.0,0,20.01,0.0576
591,N2C,11,4.8783,85.0,6,49.12,0.2884
591,S2C,11,4.8294,79.0,6,49.61,0.2851
591,E2C,4,12.8244,0.0,0,18.68,0.0393
591,W2C,4,11.7261,0.0,0,20.43,0.0552
592,N2C,11,4.5731,92.0,7,52.39,0.3035
592,S2C,11,4.7766,85.0,6,50.16,0.2899
592,E2C,4,12.967,0.0,0,18.48,0.0373
592,W2C,5,12.2833,0.0,0,19.51,0.0531
593,N2C,11,4.2132,99.0,7,56.87,0.3133
593,S2C,11,4.3223,91.0,6,55.43,0.3004
593,E2C,4,12.8449,0.0,0,18.65,0.039
593,W2C,5,12.1353,0.0,0,19.74,0.0553
594,N2C,11,3.9421,106.0,7,60.78,0.3219
594,S2C,11,4.0334,98.0,7,59.4,0.3153
594,E2C,4,12.2259,0.0,0,19.6,0.048
594,W2C,5,11.9499,0.0,0,20.05,0.0579
595,N2C,10,5.5315,60.0,5,43.32,0.2504
595,S2C,10,5.2873,53.0,5,45.32,0.2492
595,E2C,5,11.6151,0.0,0,20.63,0.0628
595,W2C,6,11.7428,0.0,0,20.4,0.0669
596,N2C,10,5.4668,29.0,3,43.83,0.2186
596,S2C,10,5.5474,22.0,4,43.19,0.2188
596,E2C,5,10.6858,0.0,0,22.42,0.0761
596,W2C,6,10.4633,0.0,0,22.9,0.0853
597,N2C,10,6.1383,7.0,2,39.03,0.1883
597,S2C,10,6.0593,6.0,2,39.54,0.1888
597,E2C,5,10.2126,0.0,0,23.46,0.083
597,W2C,6,10.0597,0.0,0,23.82,0.0912
598,N2C,8,7.222,0.0,0,33.18,0.144
598,S2C,8,7.4152,0.0,0,32.31,0.1412
598,E2C,5,10.0757,0.0,0,23.78,0.0849
598,W2C,6,8.9899,1.0,1,26.65,0.1132
599,N2C,8,7.6396,0.0,0,31.36,0.138
599,S2C,8,7.76,0.0,0,30.88,0.1363
599,E2C,5,9.935,1.0,1,24.12,0.0936
599,W2C,6,8.0646,2.0,1,29.71,0.1272
600,N2C,8,9.145,0.0,0,26.2,0.1163
600,S2C,7,9.3251,0.0,0,25.69,0.1077
600,E2C,6,10.0302,2.0,1,23.89,0.0989
600,W2C,7,7.9808,4.0,2,30.02,0.1418
601,N2C,7,9.4723,0.0,0,25.29,0.1056
601,S2C,7,9.6989,0.0,0,24.7,0.1023
601,E2C,6,9.226,3.0,1,25.97,0.1112
601,W2C,7,7.2485,6.0,2,33.06,0.1536
602,N2C,7,9.9841,0.0,0,24.0,0.0982
602,S2C,6,11.0879,0.0,0,21.61,0.0763
602,E2C,6,8.4736,4.0,1,28.28,0.1227
602,W2C,7,7.3268,8.0,2,32.7,0.1538
603,N2C,5,11.3242,0.0,0,21.16,0.0669
603,S2C,5,11.7896,0.0,0,20.32,0.0602
603,E2C,6,8.4468,6.0,2,28.37,0.1304
603,W2C,7,6.7478,11.0,3,35.51,0.1702
604,N2C,6,11.7683,0.0,0,20.36,0.0666
604,S2C,5,12.3071,0.0,0,19.47,0.0528
604,E2C,7,9.0452,8.0,2,26.49,0.1291
604,W2C,8,7.0367,14.0,3,34.05,0.174
605,N2C,4,13.2683,0.0,0,18.06,0.033
605,S2C,4,12.3077,0.0,0,19.47,0.0468
605,E2C,7,9.1651,10.0,2,26.14,0.1287
605,W2C,8,6.5674,17.0,3,36.48,0.1828
606,N2C,4,12.8766,0.0,0,18.61,0.0386
606,S2C,4,12.8527,0.0,0,18.64,0.0389
606,E2C,7,8.4036,12.0,2,28.51,0.141
606,W2C,8,6.3725,20.0,3,37.6,0.1876
607,N2C,4,12.6236,0.0,0,18.98,0.0422
607,S2C,4,12.6872,0.0,0,18.89,0.0413
607,E2C,7,7.9843,14.0,2,30.01,0.1484
607,W2C,8,6.4426,24.0,4,37.19,0.1952
608,N2C,4,12.9133,0.0,0,18.55,0.0381
608,S2C,4,12.9127,0.0,0,18.56,0.0381
608,E2C,7,7.1512,16.0,2,33.5,0.1617
608,W2C,8,6.1474,28.0,4,38.98,0.2022
609,N2C,5,12.9041,0.0,0,18.57,0.0442
609,S2C,4,12.7804,0.0,0,18.75,0.04
609,E2C,8,7.2878,19.0,3,32.88,0.1737
609,W2C,9,6.4476,32.0,4,37.16,0.2065
610,N2C,4,12.9557,0.0,0,18.49,0.0375
610,S2C,4,12.6416,0.0,0,18.95,0.042
610,E2C,8,6.78,22.0,3,35.34,0.183
610,W2C,9,5.902,36.0,4,40.6,0.217
611,N2C,4,13.0549,0.0,0,18.35,0.036
611,S2C,4,12.5523,0.0,0,19.09,0.0433
611,E2C,8,6.24,25.0,3,38.4,0.1928
611,W2C,9,5.3914,41.0,5,44.44,0.2337
612,N2C,4,12.8847,0.0,0,18.6,0.0385
612,S2C,4,12.3345,0.0,0,19.43,0.0464
612,E2C,8,5.7583,29.0,4,41.61,0.2084
612,W2C,9,4.7277,46.0,5,50.68,0.2466
613,N2C,4,13.392,0.0,0,17.89,0.0312
613,S2C,5,12.9551,0.0,0,18.49,0.0435
613,E2C,9,5.9411,33.0,4,40.33,0.2145
613,W2C,10,5.4891,51.0,5,43.65,0.245
614,N2C,4,12.8714,0.0,0,18.61,0.0387
614,S2C,4,12.7385,0.0,0,18.81,0.0406
614,E2C,9,5.7044,37.0,4,42.0,0.2205
614,W2C,10,4.9633,56.0,5,48.27,0.2559
615,N2C,4,12.7276,0.0,0,18.83,0.0407
615,S2C,4,12.4424,0.0,0,19.26,0.0448
615,E2C,9,5.7404,42.0,5,41.74,0.2293
615,W2C,10,4.9712,62.0,6,48.2,0.2658
616,N2C,4,12.9334,0.0,0,18.53,0.0378
616,S2C,4,12.7801,0.0,0,18.75,0.04
616,E2C,9,5.4839,47.0,5,43.69,0.2364
616,W2C,10,4.778,68.0,6,50.15,0.2725
617,N2C,4,12.6885,0.0,0,18.88,0.0413
617,S2C,4,12.4253,0.0,0,19.28,0.0451
617,E2C,9,5.2753,52.0,5,45.42,0.2427
617,W2C,10,4.9449,74.0,6,48.45,0.2741
618,N2C,5,12.8315,0.0,0,18.67,0.0452
618,S2C,4,12.3243,0.0,0,19.44,0.0465
618,E2C,10,5.5341,57.0,5,43.3,0.2483
618,W2C,11,5.5594,80.0,6,43.1,0.2753
619,N2C,4,13.0417,0.0,0,18.37,0.0362
619,S2C,4,12.6972,0.0,0,18.87,0.0412
619,E2C,10,5.1719,63.0,6,46.33,0.2635
619,W2C,11,5.2442,86.0,6,45.69,0.2838
620,N2C,4,13.2441,0.0,0,18.09,0.0333
620,S2C,4,12.6176,0.0,0,18.99,0.0423
620,E2C,10,5.1275,69.0,6,46.73,0.2682
620,W2C,11,4.4352,92.0,6,54.02,0.2995
621,N2C,4,12.9883,0.0,0,18.45,0.037
621,S2C,4,12.6458,0.0,0,18.95,0.0419
621,E2C,10,4.8248,75.0,6,49.66,0.2765
621,W2C,11,3.6996,98.0,6,64.76,0.3141
622,N2C,5,13.1996,0.0,0,18.15,0.0399
622,S2C,5,12.5387,0.0,0,19.11,0.0495
622,E2C,11,5.1525,81.0,6,46.5,0.2818
622,W2C,12,4.3838,104.0,6,54.66,0.3142
623,N2C,4,13.2558,0.0,0,18.08,0.0331
623,S2C,5,12.5568,0.0,0,19.08,0.0492
623,E2C,11,4.7035,87.0,6,50.94,0.2923
623,W2C,12,4.2149,111.0,7,56.85,0.3273
624,N2C,4,12.8813,0.0,0,18.6,0.0385
624,S2C,5,12.3452,0.0,0,19.41,0.0522
624,E2C,11,4.6358,94.0,7,51.68,0.3039
624,W2C,12,4.2253,118.0,7,56.71,0.3318
625,N2C,4,13.3519,0.0,0,17.95,0.0317
625,S2C,5,11.4358,0.0,0,20.95,0.0653
625,E2C,11,4.1906,101.0,7,57.18,0.315
625,W2C,12,4.2396,126.0,8,56.51,0.343
626,N2C,4,12.6928,0.0,0,18.88,0.0412
626,S2C,5,10.4968,0.0,0,22.83,0.0789
626,E2C,11,3.8168,108.0,7,62.78,0.325
626,W2C,12,4.0188,134.0,8,59.62,0.3515
627,N2C,5,12.166,0.0,0,19.69,0.0548
627,S2C,6,9.7263,0.0,0,24.63,0.096
627,E2C,12,4.2958,115.0,7,55.78,0.3288
627,W2C,13,4.1461,142.0,8,57.79,0.361
628,N2C,5,11.2527,0.0,0,21.29,0.068
628,S2C,6,9.0334,0.0,0,26.52,0.1059
628,E2C,10,4.9303,66.0,5,48.6,0.263
628,W2C,11,4.4219,90.0,6,54.18,0.2983
629,N2C,5,10.8412,0.0,0,22.1,0.0739
629,S2C,6,8.1078,1.0,1,29.55,0.1259
629,E2C,10,4.9578,32.0,3,48.33,0.2279
629,W2C,11,4.2075,46.0,4,56.95,0.2601
630,N2C,5,10.3835,1.0,1,23.08,0.0872
630,S2C,6,7.4184,3.0,2,32.3,0.1432
630,E2C,10,5.2193,8.0,2,45.91,0.2022
630,W2C,11,4.5314,15.0,3,52.88,0.2288
631,N2C,6,10.3079,2.0,1,23.24,0.0949
631,S2C,7,7.8968,5.0,2,30.34,0.1436
631,E2C,9,6.6937,0.0,0,35.8,0.1576
631,W2C,10,5.7581,2.0,1,41.61,0.1844
632,N2C,6,9.3947,3.0,1,25.5,0.1087
632,S2C,7,7.1113,7.0,2,33.69,0.1563
632,E2C,9,7.2348,0.0,0,33.12,0.1498
632,W2C,10,6.6128,0.0,0,36.23,0.1648
633,N2C,6,8.93,4.0,1,26.83,0.1161
633,S2C,7,6.9508,9.0,2,34.47,0.1599
633,E2C,8,8.4983,0.0,0,28.19,0.1256
633,W2C,8,7.9509,0.0,0,30.13,0.1335
634,N2C,6,8.9835,6.0,2,26.67,0.1226
634,S2C,7,6.8875,12.0,3,34.79,0.1688
634,E2C,7,9.2069,0.0,0,26.02,0.1094
634,W2C,8,8.7208,0.0,0,27.47,0.1224
635,N2C,6,8.1486,8.0,2,29.4,0.136
635,S2C,7,7.1414,15.0,3,33.55,0.1672
635,E2C,7,9.531,0.0,0,25.14,0.1048
635,W2C,7,9.6936,0.0,0,24.72,0.1024
636,N2C,7,7.9843,10.0,2,30.01,0.1457
636,S2C,8,7.7485,18.0,3,30.92,0.1664
636,E2C,6,11.236,0.0,0,21.32,0.0742
636,W2C,7,10.9006,0.0,0,21.98,0.085
637,N2C,7,7.4245,12.0,2,32.27,0.1551
637,S2C,8,7.1654,21.0,3,33.44,0.1768
637,E2C,5,12.1113,0.0,0,19.78,0.0556
637,W2C,6,11.7691,0.0,0,20.36,0.0665
638,N2C,7,7.2209,14.0,2,33.18,0.1594
638,S2C,8,6.4743,24.0,3,37.01,0.1888
638,E2C,4,12.7707,0.0,0,18.76,0.0401
638,W2C,5,12.3511,0.0,0,19.4,0.0522
639,N2C,7,6.6294,17.0,3,36.14,0.1759
639,S2C,8,6.3289,27.0,3,37.86,0.1929
639,E2C,4,12.6278,0.0,0,18.97,0.0422
639,W2C,4,12.7003,0.0,0,18.87,0.0411
640,N2C,8,6.7461,20.0,3,35.52,0.1822
640,S2C,9,6.6526,31.0,4,36.02,0.2029
640,E2C,5,12.912,0.0,0,18.56,0.0441
640,W2C,5,13.172,0.0,0,18.19,0.0403
641,N2C,8,6.256,23.0,3,38.3,0.1913
641,S2C,9,6.7106,35.0,4,35.7,0.2047
641,E2C,5,12.6212,0.0,0,18.98,0.0483
641,W2C,4,12.9551,0.0,0,18.49,0.0375
642,N2C,8,6.1596,26.0,3,38.9,0.1946
642,S2C,9,6.4346,39.0,4,37.24,0.2113
642,E2C,4,13.0705,0.0,0,18.33,0.0358
642,W2C,4,13.0452,0.0,0,18.37,0.0362
643,N2C,8,5.795,30.0,4,41.35,0.2086
643,S2C,9,5.7531,43.0,4,41.65,0.2238
643,E2C,4,13.1451,0.0,0,18.23,0.0347
643,W2C,4,13.0848,0.0,0,18.31,0.0356
644,N2C,8,5.2853,34.0,4,45.33,0.2186
644,S2C,9,5.0236,47.0,4,47.69,0.237
644,E2C,4,13.2262,0.0,0,18.12,0.0336
644,W2C,4,12.7962,0.0,0,18.72,0.0398
645,N2C,9,5.7162,38.0,4,41.92,0.221
645,S2C,10,5.5204,52.0,5,43.4,0.2452
645,E2C,5,12.8761,0.0,0,18.61,0.0446
645,W2C,5,13.1984,0.0,0,18.15,0.04
646,N2C,9,5.5074,42.0,4,43.5,0.2267
646,S2C,10,5.1247,57.0,5,46.75,0.2542
646,E2C,4,12.7372,0.0,0,18.81,0.0406
646,W2C,5,13.0626,0.0,0,18.34,0.0419
647,N2C,9,5.1285,47.0,5,46.72,0.2415
647,S2C,10,4.9359,63.0,6,48.54,0.2669
647,E2C,4,12.5453,0.0,0,19.1,0.0434
647,W2C,4,13.4608,0.0,0,17.8,0.0302
648,N2C,9,4.6933,52.0,5,51.05,0.2511
648,S2C,10,4.3834,69.0,6,54.66,0.2789
648,E2C,4,12.709,0.0,0,18.85,0.041
648,W2C,4,13.1568,0.0,0,18.21,0.0346
649,N2C,10,5.3184,57.0,5,45.05,0.2514
649,S2C,11,4.9553,75.0,6,48.35,0.2806
649,E2C,4,12.7284,0.0,0,18.82,0.0407
649,W2C,4,13.0518,0.0,0,18.36,0.0361
650,N2C,10,4.8872,62.0,5,49.03,0.261
650,S2C,11,4.6166,81.0,6,51.9,0.2895
650,E2C,4,12.6858,0.0,0,18.89,0.0413
650,W2C,4,12.7923,0.0,0,18.73,0.0398
651,N2C,10,4.8503,67.0,5,49.4,0.2648
651,S2C,11,4.4838,87.0,6,53.44,0.2954
651,E2C,4,12.7728,0.0,0,18.76,0.0401
651,W2C,4,12.8847,0.0,0,18.6,0.0385
652,N2C,10,4.7076,73.0,6,50.9,0.2769
652,S2C,11,4.2453,94.0,7,56.44,0.3095
652,E2C,4,12.8191,0.0,0,18.69,0.0394
652,W2C,4,13.201,0.0,0,18.15,0.0339
653,N2C,10,4.8339,79.0,6,49.57,0.2791
653,S2C,11,3.7871,101.0,7,63.27,0.3208
653,E2C,4,12.9206,0.0,0,18.54,0.038
653,W2C,4,12.7312,0.0,0,18.82,0.0407
654,N2C,11,5.5331,85.0,6,43.3,0.279
654,S2C,12,4.3336,108.0,7,55.29,0.3236
654,E2C,5,12.538,0.0,0,19.11,0.0495
654,W2C,4,12.8953,0.0,0,18.58,0.0383
655,N2C,11,5.493,91.0,6,43.62,0.2836
655,S2C,12,4.1866,115.0,7,57.23,0.3304
655,E2C,4,12.6173,0.0,0,18.99,0.0423
655,W2C,4,13.2652,0.0,0,18.06,0.033
656,N2C,11,5.0882,97.0,6,47.09,0.2934
656,S2C,12,4.196,123.0,8,57.1,0.3416
656,E2C,4,12.4424,0.0,0,19.26,0.0448
656,W2C,4,12.9137,0.0,0,18.55,0.0381
657,N2C,11,4.4951,103.0,6,53.3,0.3059
657,S2C,12,4.0979,131.0,8,58.47,0.3483
657,E2C,4,12.3925,0.0,0,19.33,0.0456
657,W2C,4,12.9997,0.0,0,18.43,0.0368
658,N2C,12,5.4139,109.0,6,44.26,0.3027
658,S2C,13,4.536,139.0,8,52.82,0.3534
658,E2C,4,12.542,0.0,0,19.1,0.0434
658,W2C,4,13.0895,0.0,0,18.3,0.0355
659,N2C,12,4.7944,116.0,7,49.98,0.3223
659,S2C,13,4.2601,147.0,8,56.24,0.3627
659,E2C,4,12.6376,0.0,0,18.96,0.042
659,W2C,4,13.0843,0.0,0,18.31,0.0356
660,N2C,12,4.3754,123.0,7,54.76,0.333
660,S2C,13,4.0243,155.0,8,59.54,0.3714
660,E2C,4,12.8028,0.0,0,18.71,0.0397
660,W2C,4,13.0328,0.0,0,18.38,0.0363
661,N2C,10,4.6844,70.0,5,51.15,0.2692
661,S2C,11,4.5369,98.0,6,52.81,0.302
661,E2C,4,12.6642,0.0,0,18.92,0.0417
661,W2C,4,12.997,0.0,0,18.43,0.0369
662,N2C,10,4.6358,31.0,3,51.68,0.2319
662,S2C,11,4.4036,52.0,4,54.41,0.2613
662,E2C,4,12.4894,0.0,0,19.18,0.0442
662,W2C,4,12.8305,0.0,0,18.67,0.0393
663,N2C,11,5.6093,6.0,2,42.71,0.2012
663,S2C,12,5.1977,21.0,3,46.1,0.2292
663,E2C,5,13.1031,0.0,0,18.29,0.0413
663,W2C,5,12.2977,0.0,0,19.48,0.0529
664,N2C,9,6.3264,0.0,0,37.87,0.1629
664,S2C,10,5.8997,2.0,1,40.61,0.1824
664,E2C,5,12.68,0.0,0,18.9,0.0474
664,W2C,5,11.4237,0.0,0,20.97,0.0655
665,N2C,9,6.9962,0.0,0,34.25,0.1533
665,S2C,10,6.1927,0.0,0,38.69,0.1708
665,E2C,5,11.5754,0.0,0,20.7,0.0633
665,W2C,5,10.4547,0.0,0,22.92,0.0795
666,N2C,7,7.7523,0.0,0,30.91,0.1304
666,S2C,9,6.5933,0.0,0,36.34,0.1591
666,E2C,5,10.6004,0.0,0,22.6,0.0774
666,W2C,5,10.3919,0.0,0,23.06,0.0804
667,N2C,8,9.1676,0.0,0,26.14,0.116
667,S2C,9,8.1436,0.0,0,29.42,0.1367
667,E2C,6,10.0668,0.0,0,23.8,0.0911
667,W2C,6,10.6565,0.0,0,22.48,0.0826
668,N2C,7,10.3823,0.0,0,23.08,0.0925
668,S2C,8,9.219,0.0,0,25.99,0.1153
668,E2C,6,9.3558,1.0,1,25.61,0.108
668,W2C,6,10.3027,1.0,1,23.26,0.0943
669,N2C,6,11.0182,0.0,0,21.75,0.0773
669,S2C,7,10.29,0.0,0,23.28,0.0938
669,E2C,6,8.7422,2.0,1,27.41,0.1175
669,W2C,6,9.5114,2.0,1,25.19,0.1064
670,N2C,4,13.0544,0.0,0,18.35,0.036
670,S2C,6,11.2145,0.0,0,21.37,0.0745
670,E2C,6,8.4892,3.0,1,28.22,0.1218
670,W2C,6,9.082,3.0,1,26.38,0.1132
671,N2C,4,13.0192,0.0,0,18.4,0.0365
671,S2C,5,11.8443,0.0,0,20.23,0.0595
671,E2C,6,8.7472,5.0,2,27.39,0.1254
671,W2C,6,8.2571,4.0,1,29.02,0.1258
672,N2C,5,13.1193,0.0,0,18.26,0.0411
672,S2C,5,12.8435,0.0,0,18.66,0.0451
672,E2C,7,9.2847,7.0,2,25.81,0.125
672,W2C,7,8.0326,6.0,2,29.83,0.1423
673,N2C,4,13.1544,0.0,0,18.21,0.0346
673,S2C,4,12.7794,0.0,0,18.75,0.04
673,E2C,7,8.473,9.0,2,28.28,0.138
673,W2C,7,7.3023,8.0,2,32.81,0.1542
674,N2C,4,13.0343,0.0,0,18.38,0.0363
674,S2C,4,12.7113,0.0,0,18.85,0.041
674,E2C,7,7.9056,11.0,2,30.31,0.1475
674,W2C,7,7.1166,10.0,2,33.67,0.1582
675,N2C,4,13.1236,0.0,0,18.26,0.035
675,S2C,4,12.7674,0.0,0,18.77,0.0402
675,E2C,7,6.9728,13.0,2,34.36,0.1623
675,W2C,7,6.72,13.0,3,35.65,0.1719
676,N2C,4,13.4783,0.0,0,17.78,0.0299
676,S2C,4,13.0385,0.0,0,18.38,0.0363
676,E2C,8,7.1758,16.0,3,33.39,0.1733
676,W2C,8,7.022,16.0,3,34.12,0.1756
677,N2C,4,12.8291,0.0,0,18.68,0.0393
677,S2C,4,12.6499,0.0,0,18.94,0.0419
677,E2C,8,6.6787,19.0,3,35.88,0.1825
677,W2C,8,6.5364,19.0,3,36.66,0.1845
678,N2C,4,12.6353,0.0,0,18.96,0.0421
678,S2C,4,12.5456,0.0,0,19.1,0.0434
678,E2C,8,6.6182,22.0,3,36.2,0.1854
678,W2C,8,6.4155,23.0,4,37.35,0.195
679,N2C,4,13.3635,0.0,0,17.93,0.0316
679,S2C,4,12.5784,0.0,0,19.05,0.0429
679,E2C,8,6.2646,26.0,4,38.25,0.1991
679,W2C,8,6.1196,27.0,4,39.15,0.2019
680,N2C,4,12.957,0.0,0,18.49,0.0374
680,S2C,4,12.6069,0.0,0,19.01,0.0425
680,E2C,8,5.8695,30.0,4,40.82,0.2075
680,W2C,8,5.6175,31.0,4,42.65,0.2118
681,N2C,5,12.7829,0.0,0,18.74,0.0459
681,S2C,5,12.6881,0.0,0,18.88,0.0473
681,E2C,9,6.2794,34.0,4,38.16,0.2103
681,W2C,9,5.9007,35.0,4,40.61,0.2164
682,N2C,4,12.5093,0.0,0,19.15,0.0439
682,S2C,5,12.6837,0.0,0,18.89,0.0474
682,E2C,9,5.7622,39.0,5,41.58,0.227
682,W2C,9,5.5944,39.0,4,42.83,0.2234
683,N2C,4,12.8224,0.0,0,18.69,0.0394
683,S2C,4,12.5345,0.0,0,19.12,0.0435
683,E2C,9,5.6822,44.0,5,42.17,0.2315
683,W2C,9,5.3867,43.0,4,44.48,0.2291
684,N2C,4,12.9139,0.0,0,18.55,0.0381
684,S2C,4,12.4899,0.0,0,19.18,0.0442
684,E2C,9,5.1834,49.0,5,46.22,0.242
684,W2C,9,4.9356,48.0,5,48.55,0.2449
685,N2C,3,12.1503,0.0,0,19.72,0.043
685,S2C,4,13.0671,0.0,0,18.34,0.0358
685,E2C,10,5.5334,54.0,5,43.3,0.2463
685,W2C,10,5.3846,53.0,5,44.5,0.2478
686,N2C,4,12.5748,0.0,0,19.05,0.0429
686,S2C,4,12.4225,0.0,0,19.29,0.0451
686,E2C,10,5.3037,59.0,5,45.18,0.253
686,W2C,10,5.1516,59.0,6,46.51,0.2612
687,N2C,4,13.0135,0.0,0,18.41,0.0366
687,S2C,4,12.709,0.0,0,18.85,0.041
687,E2C,10,5.4011,65.0,6,44.36,0.2616
687,W2C,10,5.0205,65.0,6,47.72,0.267
688,N2C,4,12.5254,0.0,0,19.13,0.0436
688,S2C,4,12.5616,0.0,0,19.07,0.0431
688,E2C,10,4.9924,71.0,6,47.99,0.2714
688,W2C,10,5.1577,71.0,6,46.45,0.2691
689,N2C,4,12.4441,0.0,0,19.25,0.0448
689,S2C,4,12.7221,0.0,0,18.83,0.0408
689,E2C,10,4.5311,77.0,6,52.88,0.2821
689,W2C,10,4.8204,77.0,6,49.71,0.2779
690,N2C,5,12.8068,0.0,0,18.71,0.0456
690,S2C,5,12.8396,0.0,0,18.66,0.0451
690,E2C,11,4.9773,83.0,6,48.14,0.2857
690,W2C,11,5.6164,83.0,6,42.66,0.2765
691,N2C,4,12.6875,0.0,0,18.88,0.0413
691,S2C,5,12.0989,0.0,0,19.8,0.0558
691,E2C,11,4.6621,89.0,6,51.39,0.2942
691,W2C,11,5.463,89.0,6,43.86,0.2827
692,N2C,4,12.2622,0.0,0,19.54,0.0474
692,S2C,5,11.6132,0.0,0,20.63,0.0628
692,E2C,11,4.2294,96.0,7,56.65,0.3111
692,W2C,11,4.6996,95.0,6,50.98,0.2977
693,N2C,4,12.062,0.0,0,19.86,0.0503
693,S2C,5,10.3965,0.0,0,23.05,0.0803
693,E2C,11,3.8774,103.0,7,61.79,0.3208
693,W2C,11,4.0679,101.0,6,58.9,0.3108
694,N2C,5,11.5172,0.0,0,20.8,0.0642
694,S2C,6,9.9257,0.0,0,24.14,0.0931
694,E2C,10,5.3429,59.0,5,44.84,0.2524
694,W2C,10,5.3732,57.0,4,44.59,0.2446
695,N2C,5,11.1295,0.0,0,21.53,0.0697
695,S2C,6,8.8617,1.0,1,27.04,0.1151
695,E2C,10,5.3729,27.0,3,44.59,0.2186
695,W2C,10,5.4915,23.0,3,43.63,0.2143
696,N2C,5,10.1636,0.0,0,23.57,0.0837
696,S2C,6,8.7514,2.0,1,27.38,0.1173
696,E2C,10,5.9285,6.0,2,40.41,0.1906
696,W2C,10,6.0112,3.0,2,39.86,0.1874
697,N2C,5,10.1745,1.0,1,23.55,0.0902
697,S2C,6,8.6488,3.0,1,27.7,0.1195
697,E2C,9,6.4032,0.0,0,37.42,0.1618
697,W2C,8,7.1186,0.0,0,33.66,0.1455
698,N2C,5,10.0976,2.0,1,23.73,0.0919
698,S2C,6,8.4923,4.0,1,28.21,0.1224
698,E2C,8,7.3192,0.0,0,32.74,0.1426
698,W2C,8,7.3386,0.0,0,32.65,0.1423
699,N2C,6,10.7078,3.0,1,22.38,0.0898
699,S2C,7,9.0321,6.0,2,26.53,0.1279
699,E2C,9,8.2601,0.0,0,29.01,0.1351
699,W2C,8,9.1759,0.0,0,26.11,0.1159
700,N2C,6,10.5162,4.0,1,22.78,0.0932
700,S2C,7,8.5563,8.0,2,28.0,0.1361
700,E2C,7,9.6385,0.0,0,24.86,0.1032
700,W2C,7,9.3067,0.0,0,25.74,0.108
701,N2C,6,10.1223,5.0,1,23.67,0.0996
701,S2C,7,8.0365,10.0,2,29.81,0.145
701,E2C,7,9.2019,0.0,0,26.04,0.1095
701,W2C,6,10.3047,0.0,0,23.25,0.0876
702,N2C,6,9.2315,6.0,1,25.95,0.1131
702,S2C,7,6.9533,12.0,2,34.46,0.1619
702,E2C,5,11.1991,0.0,0,21.39,0.0687
702,W2C,5,11.1825,0.0,0,21.43,0.069
703,N2C,7,9.4191,8.0,2,25.44,0.1237
703,S2C,8,7.3867,14.0,2,32.44,0.163
703,E2C,6,11.9816,0.0,0,20.0,0.0635
703,W2C,5,11.7262,0.0,0,20.43,0.0612
704,N2C,7,8.9197,10.0,2,26.86,0.1322
704,S2C,8,6.6899,17.0,3,35.82,0.181
704,E2C,4,13.7186,0.0,0,17.47,0.0265
704,W2C,4,12.4978,0.0,0,19.17,0.044
705,N2C,7,8.3264,12.0,2,28.78,0.1421
705,S2C,8,6.6467,20.0,3,36.05,0.1836
705,E2C,4,13.0799,0.0,0,18.32,0.0357
705,W2C,4,12.5777,0.0,0,19.05,0.0429
706,N2C,7,7.8192,14.0,2,30.64,0.1507
706,S2C,8,6.512,24.0,4,36.79,0.1942
706,E2C,4,13.552,0.0,0,17.68,0.0289
706,W2C,4,12.0735,0.0,0,19.85,0.0502
707,N2C,7,7.2551,17.0,3,33.02,0.1669
707,S2C,8,6.377,28.0,4,37.57,0.1988
707,E2C,4,12.9946,0.0,0,18.44,0.0369
707,W2C,4,12.9445,0.0,0,18.51,0.0376
708,N2C,8,7.1685,20.0,3,33.42,0.1761
708,S2C,9,6.4365,32.0,4,37.22,0.2067
708,E2C,5,13.3406,0.0,0,17.96,0.0379
708,W2C,4,12.7352,0.0,0,18.81,0.0406
709,N2C,8,6.4615,23.0,3,37.08,0.1883
709,S2C,9,5.8186,36.0,4,41.18,0.2182
709,E2C,4,13.0486,0.0,0,18.36,0.0361
709,W2C,4,12.6812,0.0,0,18.89,0.0414
710,N2C,8,6.1349,26.0,3,39.06,0.195
710,S2C,9,5.6103,40.0,4,42.71,0.2239
710,E2C,4,13.3928,0.0,0,17.89,0.0312
710,W2C,4,12.3672,0.0,0,19.37,0.0459
711,N2C,8,5.8197,29.0,3,41.17,0.2015
711,S2C,9,5.0914,45.0,5,47.06,0.2407
711,E2C,4,13.0527,0.0,0,18.36,0.0361
711,W2C,4,12.7366,0.0,0,18.81,0.0406
712,N2C,9,6.2002,33.0,4,38.64,0.2107
712,S2C,10,5.3554,50.0,5,44.74,0.2462
712,E2C,4,13.4924,0.0,0,17.76,0.0297
712,W2C,5,12.7885,0.0,0,18.74,0.0459
713,N2C,9,5.7523,37.0,4,41.65,0.2198
713,S2C,10,5.1469,55.0,5,46.55,0.2526
713,E2C,4,13.3892,0.0,0,17.89,0.0312
713,W2C,5,12.6376,0.0,0,18.96,0.048
714,N2C,9,5.7405,42.0,5,41.74,0.2293
714,S2C,10,4.973,61.0,6,48.18,0.2651
714,E2C,4,13.4262,0.0,0,17.85,0.0307
714,W2C,4,12.8262,0.0,0,18.68,0.0393
715,N2C,9,5.6471,47.0,5,42.43,0.234
715,S2C,10,4.7364,67.0,6,50.59,0.2725
715,E2C,4,13.3188,0.0,0,17.99,0.0322
715,W2C,4,12.6803,0.0,0,18.9,0.0414
716,N2C,9,5.2049,52.0,5,46.03,0.2437
716,S2C,10,4.3272,73.0,6,55.37,0.2824
716,E2C,4,13.3298,0.0,0,17.97,0.0321
716,W2C,4,13.0511,0.0,0,18.36,0.0361
717,N2C,10,5.5385,57.0,5,43.26,0.2483
717,S2C,11,4.8224,79.0,6,49.68,0.2852
717,E2C,4,13.3029,0.0,0,18.01,0.0325
717,W2C,4,12.9264,0.0,0,18.54,0.0379
718,N2C,10,5.0436,62.0,5,47.51,0.2587
718,S2C,11,4.617,85.0,6,51.9,0.2922
718,E2C,4,13.2158,0.0,0,18.13,0.0337
718,W2C,4,12.6925,0.0,0,18.88,0.0412
719,N2C,10,4.7446,68.0,6,50.5,0.273
719,S2C,11,4.1804,91.0,6,57.31,0.3025
719,E2C,4,12.9893,0.0,0,18.45,0.037
719,W2C,4,12.7278,0.0,0,18.82,0.0407
720,N2C,10,4.3363,74.0,6,55.25,0.2829
720,S2C,11,3.8534,98.0,7,62.18,0.3178
720,E2C,4,13.4889,0.0,0,17.76,0.0298
720,W2C,4,13.0245,0.0,0,18.4,0.0365
721,N2C,11,4.7735,80.0,6,50.19,0.2866
721,S2C,12,4.4726,105.0,7,53.57,0.3196
721,E2C,4,13.4312,0.0,0,17.84,0.0306
721,W2C,5,12.9056,0.0,0,18.57,0.0442
722,N2C,11,4.5448,86.0,6,52.72,0.2939
722,S2C,12,4.1838,113.0,8,57.27,0.3351
722,E2C,4,13.2831,0.0,0,18.04,0.0327
722,W2C,5,12.8966,0.0,0,18.58,0.0443
723,N2C,11,4.6422,93.0,7,51.61,0.3032
723,S2C,12,4.3043,121.0,8,55.67,0.3387
723,E2C,4,13.3763,0.0,0,17.91,0.0314
723,W2C,4,12.7707,0.0,0,18.76,0.0401
724,N2C,11,4.6779,100.0,7,51.22,0.3073
724,S2C,12,4.3327,129.0,8,55.3,0.3436
724,E2C,4,13.1825,0.0,0,18.18,0.0342
724,W2C,4,13.2592,0.0,0,18.07,0.0331
725,N2C,11,4.4254,107.0,7,54.14,0.3156
725,S2C,12,4.0073,137.0,8,59.79,0.3536
725,E2C,4,12.5895,0.0,0,19.03,0.0427
725,W2C,4,12.3535,0.0,0,19.4,0.0461
726,N2C,12,4.8031,114.0,7,49.88,0.3208
726,S2C,13,4.2471,145.0,8,56.41,0.3615
726,E2C,5,11.9015,0.0,0,20.13,0.0586
726,W2C,5,11.7693,0.0,0,20.36,0.0605
727,N2C,10,5.1972,65.0,5,46.1,0.2585
727,S2C,11,4.281,91.0,6,55.97,0.301
727,E2C,5,11.3819,0.0,0,21.05,0.0661
727,W2C,5,10.8283,0.0,0,22.13,0.0741
728,N2C,10,4.9241,31.0,3,48.66,0.2278
728,S2C,11,4.5536,50.0,5,52.62,0.2638
728,E2C,5,10.3386,1.0,1,23.18,0.0878
728,W2C,5,10.643,0.0,0,22.51,0.0768
729,N2C,10,4.8835,7.0,1,49.06,0.2004
729,S2C,11,4.9683,20.0,3,48.23,0.2258
729,E2C,5,10.3577,2.0,1,23.13,0.0882
729,W2C,5,9.9739,0.0,0,24.02,0.0864
730,N2C,9,6.3593,1.0,1,37.68,0.1691
730,S2C,10,5.8447,3.0,1,40.99,0.1838
730,E2C,6,10.1806,3.0,1,23.53,0.0974
730,W2C,6,9.8998,1.0,1,24.2,0.1001
731,N2C,9,6.8597,0.0,0,34.93,0.1552
731,S2C,10,6.3975,0.0,0,37.45,0.1679
731,E2C,6,9.2892,4.0,1,25.79,0.1109
731,W2C,6,9.2745,2.0,1,25.83,0.1098
732,N2C,9,7.5418,0.0,0,31.77,0.1454
732,S2C,8,7.0621,0.0,0,33.93,0.1463
732,E2C,6,9.0042,5.0,1,26.61,0.1157
732,W2C,6,8.577,3.0,1,27.94,0.1205
733,N2C,7,8.6085,0.0,0,27.83,0.118
733,S2C,8,7.3458,0.0,0,32.62,0.1422
733,E2C,6,9.0397,6.0,1,26.51,0.1158
733,W2C,6,8.6811,5.0,2,27.6,0.1263
734,N2C,7,9.4957,0.0,0,25.23,0.1053
734,S2C,8,8.1174,0.0,0,29.52,0.1311
734,E2C,6,8.1118,8.0,2,29.54,0.1365
734,W2C,6,8.2479,7.0,2,29.05,0.1339
735,N2C,6,11.0477,0.0,0,21.69,0.0769
735,S2C,7,9.4395,0.0,0,25.38,0.1061
735,E2C,7,8.4043,10.0,2,28.51,0.1397
735,W2C,7,8.6316,9.0,2,27.76,0.1357
736,N2C,6,11.4731,0.0,0,20.88,0.0708
736,S2C,6,10.6776,0.0,0,22.44,0.0823
736,E2C,7,7.5841,12.0,2,31.59,0.1528
736,W2C,7,7.664,11.0,2,31.26,0.151
737,N2C,4,12.4743,0.0,0,19.21,0.0444
737,S2C,5,10.8443,0.0,0,22.09,0.0739
737,E2C,7,7.5118,14.0,2,31.9,0.1552
737,W2C,7,7.337,14.0,3,32.66,0.1637
738,N2C,4,12.5383,0.0,0,19.11,0.0435
738,S2C,5,11.2676,0.0,0,21.26,0.0678
738,E2C,7,6.9844,17.0,3,34.31,0.1708
738,W2C,7,7.6475,17.0,3,31.33,0.1612
739,N2C,5,12.6414,0.0,0,18.95,0.048
739,S2C,4,11.8227,0.0,0,20.27,0.0538
739,E2C,8,7.0725,20.0,3,33.88,0.1775
739,W2C,8,7.3183,20.0,3,32.74,0.174
740,N2C,5,12.7758,0.0,0,18.75,0.046
740,S2C,4,11.9219,0.0,0,20.1,0.0523
740,E2C,8,6.4876,23.0,3,36.93,0.1879
740,W2C,8,6.7321,23.0,3,35.59,0.1844
741,N2C,4,12.6251,0.0,0,18.98,0.0422
741,S2C,4,11.9502,0.0,0,20.05,0.0519
741,E2C,8,6.5393,26.0,3,36.64,0.1892
741,W2C,8,6.1859,26.0,3,38.73,0.1943
742,N2C,4,13.0081,0.0,0,18.42,0.0367
742,S2C,4,11.2607,0.0,0,21.28,0.0619
742,E2C,8,6.1229,30.0,4,39.13,0.2038
742,W2C,8,6.2198,30.0,4,38.52,0.2024
743,N2C,4,12.6176,0.0,0,18.99,0.0423
743,S2C,4,11.6932,0.0,0,20.49,0.0556
743,E2C,8,5.6263,34.0,4,42.59,0.2137
743,W2C,8,5.6682,34.0,4,42.27,0.2131
744,N2C,5,12.9074,0.0,0,18.56,0.0441
744,S2C,5,11.8566,0.0,0,20.21,0.0593
744,E2C,9,5.8478,38.0,4,40.97,0.2191
744,W2C,9,6.0756,38.0,4,39.44,0.2159
745,N2C,5,12.979,0.0,0,18.46,0.0431
745,S2C,5,11.9781,0.0,0,20.0,0.0575
745,E2C,9,5.5712,43.0,5,43.01,0.2324
745,W2C,9,5.6857,42.0,4,42.14,0.2241
746,N2C,4,13.0902,0.0,0,18.3,0.0355
746,S2C,5,11.9673,0.0,0,20.02,0.0577
746,E2C,9,5.1854,48.0,5,46.21,0.2413
746,W2C,9,5.3449,46.0,4,44.83,0.2317
747,N2C,4,13.0416,0.0,0,18.37,0.0362
747,S2C,5,11.877,0.0,0,20.17,0.059
747,E2C,9,4.7859,53.0,5,50.06,0.2504
747,W2C,9,4.8711,51.0,5,49.19,0.2479
748,N2C,5,13.1456,0.0,0,18.23,0.0407
748,S2C,5,12.6453,0.0,0,18.95,0.0479
748,E2C,10,5.492,58.0,5,43.63,0.2496
748,W2C,10,5.2453,56.0,5,45.68,0.2518
749,N2C,4,13.001,0.0,0,18.43,0.0368
749,S2C,5,12.2496,0.0,0,19.56,0.0536
749,E2C,10,5.0042,63.0,5,47.88,0.2599
749,W2C,10,5.1683,61.0,5,46.36,0.2562
750,N2C,4,13.0484,0.0,0,18.36,0.0361
750,S2C,5,12.6442,0.0,0,18.95,0.0479
750,E2C,10,4.8861,69.0,6,49.04,0.2716
750,W2C,10,5.0654,67.0,6,47.3,0.2677
751,N2C,4,13.1928,0.0,0,18.16,0.034
751,S2C,5,12.391,0.0,0,19.34,0.0516
751,E2C,10,4.5118,75.0,6,53.11,0.281
751,W2C,10,4.7351,73.0,6,50.6,0.2765
752,N2C,4,13.2225,0.0,0,18.12,0.0336
752,S2C,5,12.3094,0.0,0,19.46,0.0528
752,E2C,10,4.1833,81.0,6,57.28,0.2898
752,W2C,10,4.347,79.0,6,55.12,0.2861
753,N2C,4,13.1378,0.0,0,18.24,0.0348
753,S2C,5,12.7956,0.0,0,18.73,0.0458
753,E2C,11,4.6299,87.0,6,51.75,0.2933
753,W2C,11,4.7866,85.0,6,50.06,0.2897
754,N2C,4,12.7176,0.0,0,18.84,0.0409
754,S2C,5,12.8762,0.0,0,18.61,0.0446
754,E2C,11,4.5208,93.0,6,53.0,0.2989
754,W2C,11,4.4989,92.0,7,53.26,0.3046
755,N2C,4,13.0992,0.0,0,18.29,0.0354
755,S2C,5,13.0445,0.0,0,18.37,0.0422
755,E2C,11,4.5117,99.0,6,53.11,0.303
755,W2C,11,4.6951,99.0,7,51.03,0.3064
756,N2C,4,13.0681,0.0,0,18.33,0.0358
756,S2C,4,13.681,0.0,0,17.51,0.027
756,E2C,11,4.5503,106.0,7,52.66,0.3131
756,W2C,11,4.5194,106.0,7,53.02,0.3136
757,N2C,3,12.7644,0.0,0,18.77,0.0342
757,S2C,4,13.6595,0.0,0,17.54,0.0273
757,E2C,12,5.041,113.0,7,47.53,0.3167
757,W2C,12,5.3098,113.0,7,45.12,0.3129
758,N2C,4,12.6586,0.0,0,18.93,0.0417
758,S2C,4,13.3257,0.0,0,17.98,0.0321
758,E2C,12,4.7054,120.0,7,50.92,0.3262
758,W2C,12,5.2874,120.0,7,45.32,0.3179
759,N2C,4,12.7497,0.0,0,18.79,0.0404
759,S2C,4,13.2132,0.0,0,18.13,0.0337
759,E2C,12,4.133,127.0,7,57.97,0.3392
759,W2C,12,4.7604,127.0,7,50.33,0.3301
760,N2C,4,12.8519,0.0,0,18.64,0.0389
760,S2C,4,13.3498,0.0,0,17.95,0.0318
760,E2C,10,4.8991,74.0,5,48.91,0.2688
760,W2C,10,4.9125,75.0,5,48.77,0.2693
761,N2C,4,12.5656,0.0,0,19.07,0.0431
761,S2C,4,12.6076,0.0,0,19.0,0.0425
761,E2C,10,5.1686,36.0,4,46.36,0.2336
761,W2C,10,4.5558,36.0,4,52.59,0.2424
762,N2C,5,12.0025,0.0,0,19.96,0.0572
762,S2C,5,12.1518,0.0,0,19.72,0.055
762,E2C,11,5.9521,9.0,2,40.25,0.1983
762,W2C,11,5.8087,11.0,2,41.25,0.2017
763,N2C,5,10.8443,0.0,0,22.09,0.0739
763,S2C,5,11.5121,0.0,0,20.81,0.0642
763,E2C,9,6.603,0.0,0,36.29,0.1589
763,W2C,9,6.7281,0.0,0,35.61,0.1571
764,N2C,5,10.2532,0.0,0,23.37,0.0824
764,S2C,5,10.5317,0.0,0,22.75,0.0784
764,E2C,9,6.5978,0.0,0,36.32,0.159
764,W2C,9,7.1606,0.0,0,33.46,0.1509
765,N2C,5,9.4795,0.0,0,25.28,0.0935
765,S2C,5,10.237,1.0,1,23.41,0.0893
765,E2C,9,6.9315,0.0,0,34.57,0.1542
765,W2C,7,7.8202,0.0,0,30.64,0.1294
766,N2C,6,9.8131,1.0,1,24.42,0.1014
766,S2C,6,10.2494,2.0,1,23.38,0.0958
766,E2C,8,8.4784,0.0,0,28.26,0.1259
766,W2C,8,9.1272,0.0,0,26.25,0.1166
767,N2C,6,8.9908,2.0,1,26.65,0.1139
767,S2C,6,9.2383,3.0,1,25.94,0.111
767,E2C,8,8.9472,0.0,0,26.78,0.1192
767,W2C,7,10.1978,0.0,0,23.5,0.0952
768,N2C,6,8.5362,3.0,1,28.07,0.1211
768,S2C,6,8.6935,5.0,2,27.56,0.1262
768,E2C,6,10.0279,0.0,0,23.89,0.0916
768,W2C,6,10.5704,0.0,0,22.67,0.0838
769,N2C,6,8.4308,4.0,1,28.42,0.1233
769,S2C,6,8.6069,7.0,2,27.84,0.1287
769,E2C,6,10.2933,0.0,0,23.28,0.0878
769,W2C,6,11.2423,0.0,0,21.31,0.0741
770,N2C,6,8.4913,6.0,2,28.22,0.1297
770,S2C,6,8.159,9.0,2,29.37,0.1365
770,E2C,4,11.6696,0.0,0,20.53,0.056
770,W2C,4,12.5272,0.0,0,19.13,0.0436
771,N2C,7,8.3554,8.0,2,28.68,0.139
771,S2C,7,8.4185,11.0,2,28.46,0.1401
771,E2C,5,12.0305,0.0,0,19.92,0.0568
771,W2C,5,12.6279,0.0,0,18.97,0.0482
772,N2C,7,7.8338,10.0,2,30.59,0.1479
772,S2C,7,7.7004,13.0,2,31.12,0.1518
772,E2C,4,12.6739,0.0,0,18.9,0.0415
772,W2C,4,12.9696,0.0,0,18.47,0.0373
773,N2C,7,7.3625,12.0,2,32.54,0.156
773,S2C,7,7.4647,15.0,2,32.1,0.1565
773,E2C,4,12.4267,0.0,0,19.28,0.0451
773,W2C,4,13.1729,0.0,0,18.19,0.0343
774,N2C,7,7.17,14.0,2,33.42,0.1601
774,S2C,7,6.9125,18.0,3,34.66,0.1725
774,E2C,4,12.6265,0.0,0,18.98,0.0422
774,W2C,4,12.7288,0.0,0,18.82,0.0407
775,N2C,8,7.7162,17.0,3,31.05,0.1662
775,S2C,8,7.2699,21.0,3,32.96,0.1753
775,E2C,5,12.687,0.0,0,18.89,0.0473
775,W2C,4,13.1044,0.0,0,18.28,0.0353
776,N2C,8,7.5418,20.0,3,31.77,0.1707
776,S2C,8,6.6962,24.0,3,35.78,0.1856
776,E2C,5,12.1574,0.0,0,19.71,0.0549
776,W2C,4,12.8316,0.0,0,18.67,0.0392
777,N2C,8,7.4226,23.0,3,32.28,0.1745
777,S2C,8,6.4587,28.0,4,37.1,0.1977
777,E2C,5,12.4339,0.0,0,19.27,0.051
777,W2C,4,13.1073,0.0,0,18.28,0.0353
778,N2C,8,6.6643,26.0,3,35.95,0.1874
778,S2C,8,6.3849,32.0,4,37.53,0.2014
778,E2C,4,12.3497,0.0,0,19.4,0.0462
778,W2C,4,13.3142,0.0,0,18.0,0.0323
779,N2C,8,5.5013,29.0,3,43.55,0.2061
779,S2C,8,5.7516,36.0,4,41.66,0.2132
779,E2C,4,12.1712,0.0,0,19.69,0.0487
779,W2C,4,12.953,0.0,0,18.5,0.0375
780,N2C,9,5.8773,33.0,4,40.77,0.2154
780,S2C,9,6.2004,40.0,4,38.64,0.2154
780,E2C,4,12.1566,0.0,0,19.71,0.049
780,W2C,5,13.24,0.0,0,18.1,0.0394
781,N2C,9,5.4143,38.0,5,44.25,0.2314
781,S2C,9,5.8003,44.0,4,41.31,0.2238
781,E2C,4,12.0991,0.0,0,19.8,0.0498
781,W2C,4,13.0668,0.0,0,18.34,0.0359
782,N2C,9,5.125,43.0,5,46.75,0.2389
782,S2C,9,5.6727,48.0,4,42.24,0.2283
782,E2C,4,11.989,0.0,0,19.98,0.0514
782,W2C,4,13.0659,0.0,0,18.34,0.0359
783,N2C,9,4.8147,48.0,5,49.76,0.2467
783,S2C,9,5.0839,53.0,5,47.13,0.2461
783,E2C,4,11.9877,0.0,0,19.99,0.0514
783,W2C,4,13.3114,0.0,0,18.0,0.0323
784,N2C,10,5.2564,53.0,5,45.58,0.2496
784,S2C,10,5.6799,58.0,5,42.18,0.2469
784,E2C,5,12.4258,0.0,0,19.28,0.0511
784,W2C,5,13.592,0.0,0,17.63,0.0343
785,N2C,10,4.7946,58.0,5,49.97,0.2596
785,S2C,10,5.1442,63.0,5,46.58,0.2579
785,E2C,4,12.202,0.0,0,19.64,0.0483
785,W2C,4,13.3543,0.0,0,17.94,0.0317
786,N2C,10,5.0949,64.0,6,47.03,0.2653
786,S2C,10,5.2971,68.0,5,45.23,0.2591
786,E2C,4,12.2231,0.0,0,19.6,0.048
786,W2C,4,13.2528,0.0,0,18.08,0.0332
787,N2C,10,4.8957,70.0,6,48.94,0.2722
787,S2C,10,4.9175,74.0,6,48.72,0.2745
787,E2C,4,12.7384,0.0,0,18.81,0.0406
787,W2C,4,13.2066,0.0,0,18.14,0.0338
788,N2C,10,4.6956,76.0,6,51.03,0.2791
788,S2C,10,4.3585,80.0,6,54.97,0.2866
788,E2C,4,12.1226,0.0,0,19.76,0.0494
788,W2C,4,13.3763,0.0,0,17.91,0.0314
789,N2C,11,5.1404,82.0,6,46.61,0.2827
789,S2C,11,4.6655,86.0,6,51.36,0.2922
789,E2C,4,12.4745,0.0,0,19.21,0.0444
789,W2C,3,13.1238,0.0,0,18.26,0.029
790,N2C,11,4.687,88.0,6,51.12,0.2932
790,S2C,11,4.5796,92.0,6,52.32,0.2974
790,E2C,5,12.3815,0.0,0,19.35,0.0517
790,W2C,4,13.2067,0.0,0,18.14,0.0338
791,N2C,11,4.5057,94.0,6,53.18,0.2998
791,S2C,11,4.2414,99.0,7,56.49,0.3129
791,E2C,5,11.5322,0.0,0,20.78,0.0639
791,W2C,4,13.1121,0.0,0,18.27,0.0352
792,N2C,11,4.5277,101.0,7,52.92,0.3101
792,S2C,11,3.8523,106.0,7,62.2,0.3232
792,E2C,5,10.7739,0.0,0,22.24,0.0749
792,W2C,4,12.6491,0.0,0,18.94,0.0419
793,N2C,10,6.4166,56.0,5,37.34,0.2349
793,S2C,10,5.2942,58.0,5,45.26,0.2524
793,E2C,6,10.748,0.0,0,22.29,0.0812
793,W2C,5,12.0655,0.0,0,19.86,0.0563
794,N2C,10,6.4556,26.0,3,37.11,0.2024
794,S2C,10,5.3118,25.0,4,45.11,0.2242
794,E2C,6,10.4371,1.0,1,22.96,0.0924
794,W2C,5,11.2546,0.0,0,21.29,0.0679
795,N2C,10,6.8433,4.0,1,35.01,0.1701
795,S2C,10,5.9842,7.0,2,40.04,0.1905
795,E2C,6,9.5731,2.0,1,25.03,0.1055
795,W2C,5,10.5621,0.0,0,22.68,0.0779
796,N2C,8,7.2484,0.0,0,33.06,0.1436
796,S2C,8,6.8224,0.0,0,35.12,0.1498
796,E2C,6,9.3284,3.0,1,25.68,0.1097
796,W2C,5,10.5837,0.0,0,22.64,0.0776
797,N2C,8,7.5368,0.0,0,31.79,0.1395
797,S2C,8,7.4663,0.0,0,32.09,0.1405
797,E2C,6,8.3427,5.0,2,28.72,0.1312
797,W2C,5,10.145,1.0,1,23.62,0.0906
798,N2C,8,8.8629,0.0,0,27.03,0.1204
798,S2C,8,8.387,0.0,0,28.57,0.1272
798,E2C,7,8.8327,7.0,2,27.13,0.1315
798,W2C,6,10.1352,2.0,1,23.64,0.0974
799,N2C,7,9.6207,0.0,0,24.9,0.1035
799,S2C,7,9.2327,0.0,0,25.95,0.1091
799,E2C,7,8.1573,9.0,2,29.37,0.1425
799,W2C,6,9.367,3.0,1,25.58,0.1091
800,N2C,6,10.5911,0.0,0,22.62,0.0835
800,S2C,7,9.8294,0.0,0,24.38,0.1005
800,E2C,7,7.4727,11.0,2,32.06,0.1537
800,W2C,6,8.7987,4.0,1,27.23,0.118
801,N2C,5,11.3113,0.0,0,21.18,0.0671
801,S2C,5,10.8317,0.0,0,22.12,0.074
801,E2C,7,6.892,13.0,2,34.76,0.1634
801,W2C,6,8.1558,5.0,1,29.38,0.1279
802,N2C,6,12.2282,0.0,0,19.59,0.0599
802,S2C,6,11.5329,0.0,0,20.78,0.0699
802,E2C,8,7.1239,16.0,3,33.63,0.1741
802,W2C,7,8.2653,7.0,2,28.99,0.1397
803,N2C,4,12.6758,0.0,0,18.9,0.0415
803,S2C,4,12.3727,0.0,0,19.37,0.0458
803,E2C,8,6.4937,19.0,3,36.9,0.1852
803,W2C,7,7.4077,9.0,2,32.34,0.1533
804,N2C,4,12.986,0.0,0,18.45,0.037
804,S2C,4,12.5475,0.0,0,19.1,0.0433
804,E2C,8,6.6798,22.0,3,35.87,0.1845
804,W2C,7,7.5825,11.0,2,31.6,0.1522
805,N2C,4,13.3241,0.0,0,17.98,0.0321
805,S2C,4,12.7902,0.0,0,18.73,0.0398
805,E2C,8,6.4264,26.0,4,37.28,0.1968
805,W2C,7,7.5055,14.0,3,31.92,0.1613
806,N2C,4,12.9937,0.0,0,18.44,0.0369
806,S2C,4,12.5297,0.0,0,19.12,0.0436
806,E2C,8,6.5923,30.0,4,36.35,0.1971
806,W2C,7,7.4705,17.0,3,32.07,0.1638
807,N2C,4,13.1135,0.0,0,18.27,0.0352
807,S2C,5,12.5866,0.0,0,19.04,0.0488
807,E2C,9,7.4256,34.0,4,32.27,0.1937
807,W2C,8,7.6758,20.0,3,31.22,0.1688
808,N2C,4,13.098,0.0,0,18.29,0.0354
808,S2C,4,12.747,0.0,0,18.8,0.0405
808,E2C,9,6.6975,38.0,4,35.77,0.2069
808,W2C,8,7.2042,23.0,3,33.26,0.1776
809,N2C,4,12.9185,0.0,0,18.55,0.038
809,S2C,4,12.3625,0.0,0,19.38,0.046
809,E2C,9,5.971,42.0,4,40.13,0.22
809,W2C,8,6.5844,26.0,3,36.39,0.1885
810,N2C,4,13.1313,0.0,0,18.25,0.0349
810,S2C,4,12.2171,0.0,0,19.61,0.0481
810,E2C,9,5.2527,46.0,4,45.61,0.233
810,W2C,8,5.9584,29.0,3,40.21,0.1995
811,N2C,5,13.0606,0.0,0,18.35,0.0419
811,S2C,4,11.9668,0.0,0,20.02,0.0517
811,E2C,10,5.3863,51.0,5,44.48,0.2464
811,W2C,9,6.3991,33.0,4,37.44,0.2079
812,N2C,4,13.4535,0.0,0,17.81,0.0303
812,S2C,4,12.4249,0.0,0,19.28,0.0451
812,E2C,10,5.1266,56.0,5,46.74,0.2535
812,W2C,9,5.8997,38.0,5,40.61,0.2244
813,N2C,4,13.0872,0.0,0,18.31,0.0356
813,S2C,4,12.0865,0.0,0,19.82,0.05
813,E2C,10,5.0821,61.0,5,47.15,0.2575
813,W2C,9,5.8408,43.0,5,41.02,0.2286
814,N2C,4,13.5468,0.0,0,17.69,0.0289
814,S2C,4,12.0091,0.0,0,19.95,0.0511
814,E2C,10,4.6147,67.0,6,51.92,0.2742
814,W2C,9,5.5086,48.0,5,43.5,0.2367
815,N2C,4,12.9973,0.0,0,18.43,0.0369
815,S2C,4,12.2053,0.0,0,19.63,0.0483
815,E2C,10,4.2634,73.0,6,56.2,0.2833
815,W2C,9,5.0117,53.0,5,47.81,0.2472
816,N2C,4,13.2862,0.0,0,18.03,0.0327
816,S2C,5,12.2095,0.0,0,19.62,0.0542
816,E2C,11,4.9301,79.0,6,48.6,0.2837
816,W2C,10,5.0739,58.0,5,47.22,0.2556
817,N2C,4,13.1382,0.0,0,18.24,0.0348
817,S2C,5,12.242,0.0,0,19.57,0.0537
817,E2C,11,4.68,85.0,6,51.2,0.2913
817,W2C,10,4.9954,63.0,5,47.96,0.2601
818,N2C,4,13.3576,0.0,0,17.94,0.0317
818,S2C,5,12.3803,0.0,0,19.35,0.0517
818,E2C,11,4.2631,92.0,7,56.2,0.3079
818,W2C,10,4.4717,69.0,6,53.58,0.2776
819,N2C,4,13.0804,0.0,0,18.32,0.0357
819,S2C,5,11.7299,0.0,0,20.43,0.0611
819,E2C,11,3.9848,99.0,7,60.13,0.3166
819,W2C,10,4.0451,75.0,6,59.23,0.2878
820,N2C,3,13.3511,0.0,0,17.95,0.0258
820,S2C,6,12.3921,0.0,0,19.33,0.0576
820,E2C,12,4.3452,106.0,7,55.14,0.3221
820,W2C,11,4.5418,81.0,6,52.75,0.2906
821,N2C,4,13.2501,0.0,0,18.08,0.0332
821,S2C,4,12.3679,0.0,0,19.37,0.0459
821,E2C,12,4.2694,113.0,7,56.12,0.3279
821,W2C,11,4.3792,87.0,6,54.71,0.2969
822,N2C,4,12.9449,0.0,0,18.51,0.0376
822,S2C,4,12.5736,0.0,0,19.06,0.043
822,E2C,12,3.931,121.0,8,60.95,0.3441
822,W2C,11,4.4063,94.0,7,54.38,0.3072
823,N2C,4,13.1969,0.0,0,18.16,0.034
823,S2C,4,12.3115,0.0,0,19.46,0.0467
823,E2C,12,3.8083,129.0,8,62.92,0.3512
823,W2C,11,4.4645,101.0,7,53.67,0.311
824,N2C,4,13.225,0.0,0,18.12,0.0336
824,S2C,4,11.9979,0.0,0,19.97,0.0512
824,E2C,12,3.2901,137.0,8,72.83,0.364
824,W2C,11,4.1695,108.0,7,57.46,0.32
825,N2C,5,12.5326,0.0,0,19.12,0.0495
825,S2C,5,11.3662,0.0,0,21.08,0.0663
825,E2C,13,3.9897,145.0,8,60.05,0.3652
825,W2C,12,4.9081,115.0,7,48.82,0.32
826,N2C,5,11.6421,0.0,0,20.58,0.0624
826,S2C,5,10.5684,0.0,0,22.67,0.0778
826,E2C,11,4.667,90.0,6,51.34,0.2948
826,W2C,10,5.2949,67.0,5,45.25,0.2584
827,N2C,5,10.672,0.0,0,22.45,0.0763
827,S2C,5,9.9362,0.0,0,24.11,0.0869
827,E2C,11,4.9711,47.0,4,48.2,0.2498
827,W2C,10,4.7895,32.0,3,50.03,0.2304
828,N2C,5,10.2273,0.0,0,23.43,0.0827
828,S2C,5,10.0595,0.0,0,23.82,0.0852
828,E2C,11,5.321,19.0,3,45.03,0.2201
828,W2C,10,4.8942,7.0,1,48.96,0.2002
829,N2C,6,10.0384,1.0,1,23.87,0.0981
829,S2C,6,10.5578,1.0,1,22.69,0.0906
829,E2C,10,6.89,2.0,1,34.78,0.1681
829,W2C,9,6.5347,0.0,0,36.67,0.1599
830,N2C,6,9.0238,2.0,1,26.55,0.1134
830,S2C,6,9.7664,2.0,1,24.53,0.1027
830,E2C,10,7.0894,0.0,0,33.8,0.1579
830,W2C,9,7.078,0.0,0,33.85,0.1521
831,N2C,6,8.8897,3.0,1,26.95,0.116
831,S2C,6,9.2199,3.0,1,25.99,0.1112
831,E2C,9,7.2657,0.0,0,32.98,0.1494
831,W2C,8,8.2455,0.0,0,29.06,0.1293
832,N2C,6,8.4223,5.0,2,28.45,0.1301
832,S2C,6,8.5405,4.0,1,28.05,0.1217
832,E2C,8,8.1678,0.0,0,29.33,0.1304
832,W2C,7,9.3769,0.0,0,25.55,0.107
833,N2C,6,7.9644,7.0,2,30.08,0.138
833,S2C,6,8.2724,5.0,1,28.96,0.1262
833,E2C,7,8.4282,0.0,0,28.43,0.1206
833,W2C,6,10.435,0.0,0,22.96,0.0857
834,N2C,7,8.2071,9.0,2,29.19,0.1418
834,S2C,7,9.1474,7.0,2,26.19,0.127
834,E2C,7,10.1459,0.0,0,23.62,0.0959
834,W2C,6,11.9644,0.0,0,20.03,0.0637
835,N2C,7,7.6497,11.0,2,31.32,0.1512
835,S2C,7,8.9778,9.0,2,26.69,0.1307
835,E2C,6,11.0229,0.0,0,21.74,0.0773
835,W2C,5,12.0638,0.0,0,19.86,0.0563
836,N2C,7,7.3756,13.0,2,32.49,0.1565
836,S2C,7,8.5376,11.0,2,28.06,0.1384
836,E2C,5,12.1552,0.0,0,19.71,0.055
836,W2C,5,12.3228,0.0,0,19.44,0.0526
837,N2C,7,7.5256,16.0,3,31.84,0.1623
837,S2C,7,7.4667,13.0,2,32.09,0.1552
837,E2C,5,12.4595,0.0,0,19.23,0.0506
837,W2C,5,12.425,0.0,0,19.28,0.0511
838,N2C,8,7.5794,19.0,3,31.61,0.1695
838,S2C,8,7.28,15.0,2,32.91,0.1652
838,E2C,4,13.2136,0.0,0,18.13,0.0337
838,W2C,5,12.0299,0.0,0,19.92,0.0568
839,N2C,8,7.1746,22.0,3,33.4,0.1774
839,S2C,8,6.6869,17.0,2,35.83,0.1751
839,E2C,4,12.9816,0.0,0,18.46,0.0371
839,W2C,4,12.2208,0.0,0,19.61,0.048
840,N2C,8,6.6002,25.0,3,36.3,0.1876
840,S2C,8,6.5925,20.0,3,36.34,0.1844
840,E2C,4,12.8725,0.0,0,18.61,0.0387
840,W2C,4,12.5583,0.0,0,19.08,0.0432
841,N2C,8,5.9724,28.0,3,40.12,0.1987
841,S2C,8,6.5646,24.0,4,36.5,0.1935
841,E2C,4,12.7206,0.0,0,18.84,0.0408
841,W2C,4,12.7084,0.0,0,18.85,0.041
842,N2C,8,5.749,31.0,3,41.68,0.2039
842,S2C,8,6.0955,28.0,4,39.31,0.2029
842,E2C,4,12.8226,0.0,0,18.69,0.0394
842,W2C,4,12.7042,0.0,0,18.86,0.0411
843,N2C,9,5.972,35.0,4,40.12,0.2153
843,S2C,9,6.7781,32.0,4,35.35,0.2017
843,E2C,4,13.3811,0.0,0,17.91,0.0313
843,W2C,5,12.885,0.0,0,18.6,0.0445
844,N2C,9,5.7292,39.0,4,41.82,0.2215
844,S2C,9,6.1588,36.0,4,38.9,0.2133
844,E2C,4,13.4553,0.0,0,17.81,0.0303
844,W2C,4,12.8738,0.0,0,18.61,0.0386
845,N2C,9,5.8103,44.0,5,41.24,0.2297
845,S2C,9,5.8107,40.0,4,41.23,0.221
845,E2C,4,12.9951,0.0,0,18.44,0.0369
845,W2C,4,12.5243,0.0,0,19.13,0.0437
846,N2C,9,5.4892,49.0,5,43.65,0.2376
846,S2C,9,5.1478,45.0,5,46.54,0.2399
846,E2C,4,13.1442,0.0,0,18.23,0.0347
846,W2C,4,12.3517,0.0,0,19.4,0.0461
847,N2C,10,5.7665,54.0,5,41.55,0.243
847,S2C,10,5.4562,50.0,5,43.91,0.2448
847,E2C,4,13.1864,0.0,0,18.17,0.0341
847,W2C,5,12.5399,0.0,0,19.11,0.0494
848,N2C,10,5.2791,59.0,5,45.39,0.2533
848,S2C,10,5.2648,56.0,6,45.51,0.2575
848,E2C,4,13.0037,0.0,0,18.43,0.0368
848,W2C,5,12.6823,0.0,0,18.89,0.0474
849,N2C,10,5.069,64.0,5,47.27,0.2597
849,S2C,10,5.1467,62.0,6,46.55,0.2632
849,E2C,4,12.6054,0.0,0,19.01,0.0425
849,W2C,5,12.8429,0.0,0,18.66,0.0451
850,N2C,10,4.6195,70.0,6,51.87,0.2762
850,S2C,10,4.7824,68.0,6,50.1,0.2725
850,E2C,4,13.1427,0.0,0,18.23,0.0348
850,W2C,4,13.0454,0.0,0,18.37,0.0362
851,N2C,10,4.2052,76.0,6,56.98,0.2861
851,S2C,10,4.4307,74.0,6,54.08,0.2815
851,E2C,4,12.7627,0.0,0,18.77,0.0402
851,W2C,4,13.2066,0.0,0,18.14,0.0338
852,N2C,11,4.6747,82.0,6,51.25,0.2894
852,S2C,11,4.874,80.0,6,49.16,0.2852
852,E2C,4,12.9351,0.0,0,18.52,0.0377
852,W2C,4,12.7834,0.0,0,18.74,0.0399
853,N2C,11,4.5941,88.0,6,52.15,0.2945
853,S2C,11,4.7192,87.0,7,50.77,0.298
853,E2C,4,13.0349,0.0,0,18.38,0.0363
853,W2C,4,12.4186,0.0,0,19.29,0.0452
854,N2C,11,4.3092,95.0,7,55.6,0.3093
854,S2C,11,4.3922,94.0,7,54.55,0.3074
854,E2C,4,12.9328,0.0,0,18.53,0.0378
854,W2C,4,12.4055,0.0,0,19.31,0.0454
855,N2C,11,3.9047,102.0,7,61.36,0.3198
855,S2C,11,4.0371,101.0,7,59.35,0.3172
855,E2C,4,12.8352,0.0,0,18.67,0.0392
855,W2C,4,12.4956,0.0,0,19.17,0.0441
856,N2C,12,4.8258,109.0,7,49.65,0.3172
856,S2C,12,4.4142,109.0,8,54.28,0.3291
856,E2C,5,13.1168,0.0,0,18.27,0.0411
856,W2C,5,12.2484,0.0,0,19.56,0.0536
857,N2C,12,4.4092,116.0,7,54.34,0.3278
857,S2C,12,4.3664,117.0,8,54.87,0.3351
857,E2C,5,12.108,0.0,0,19.79,0.0557
857,W2C,5,11.0309,0.0,0,21.72,0.0712
858,N2C,12,3.9768,123.0,7,60.25,0.3387
858,S2C,12,4.387,125.0,8,54.62,0.3402
858,E2C,5,10.9388,0.0,0,21.9,0.0725
858,W2C,5,10.4718,0.0,0,22.88,0.0792
859,N2C,10,4.5588,71.0,5,52.56,0.2717
859,S2C,10,5.0274,76.0,6,47.66,0.2743
859,E2C,5,10.2819,0.0,0,23.3,0.082
859,W2C,5,10.29,0.0,0,23.28,0.0818
860,N2C,10,4.453,35.0,4,53.81,0.2432
860,S2C,10,4.8867,41.0,4,49.03,0.241
860,E2C,5,10.1666,0.0,0,23.57,0.0836
860,W2C,5,9.7458,1.0,1,24.59,0.0963
861,N2C,11,5.5009,10.0,2,43.56,0.2055
861,S2C,11,5.9176,15.0,2,40.49,0.2028
861,E2C,6,10.1635,1.0,1,23.57,0.0963
861,W2C,6,9.9783,2.0,1,24.01,0.0997
862,N2C,9,6.3526,1.0,1,37.72,0.1692
862,S2C,9,6.3466,0.0,0,37.75,0.1626
862,E2C,6,9.2398,2.0,1,25.93,0.1103
862,W2C,6,8.7159,3.0,1,27.49,0.1185
863,N2C,9,6.9413,0.0,0,34.52,0.1541
863,S2C,9,6.7338,0.0,0,35.58,0.157
863,E2C,6,8.7738,3.0,1,27.31,0.1177
863,W2C,6,8.5437,5.0,2,28.04,0.1283
864,N2C,9,7.697,0.0,0,31.13,0.1432
864,S2C,7,7.486,0.0,0,32.01,0.1342
864,E2C,6,8.3227,5.0,2,28.79,0.1315
864,W2C,6,8.4663,7.0,2,28.3,0.1308
865,N2C,8,9.4605,0.0,0,25.33,0.1118
865,S2C,8,9.104,0.0,0,26.32,0.1169
865,E2C,7,8.4926,7.0,2,28.21,0.1364
865,W2C,7,9.3171,9.0,2,25.72,0.1258
866,N2C,8,10.2537,0.0,0,23.37,0.1004
866,S2C,8,9.651,0.0,0,24.83,0.109
866,E2C,7,7.8102,9.0,2,30.68,0.1475
866,W2C,7,8.7139,11.0,2,27.5,0.1359
867,N2C,6,11.0665,0.0,0,21.65,0.0767
867,S2C,6,10.9368,0.0,0,21.91,0.0785
867,E2C,7,7.4467,11.0,2,32.18,0.1541
867,W2C,7,7.8225,13.0,2,30.63,0.15
868,N2C,6,11.3464,0.0,0,21.12,0.0726
868,S2C,5,11.4025,0.0,0,21.01,0.0658
868,E2C,7,7.2687,14.0,3,32.96,0.1647
868,W2C,7,7.4837,15.0,2,32.02,0.1562
869,N2C,4,12.9409,0.0,0,18.51,0.0377
869,S2C,4,12.2641,0.0,0,19.54,0.0474
869,E2C,7,6.6847,17.0,3,35.84,0.1751
869,W2C,7,7.4467,17.0,2,32.18,0.1581
870,N2C,5,12.831,0.0,0,18.67,0.0452
870,S2C,5,12.6197,0.0,0,18.99,0.0483
870,E2C,8,7.0228,20.0,3,34.12,0.1782
870,W2C,8,7.8477,20.0,3,30.53,0.1663
871,N2C,5,12.8943,0.0,0,18.58,0.0443
871,S2C,4,13.116,0.0,0,18.27,0.0351
871,E2C,8,6.1319,23.0,3,39.07,0.193
871,W2C,8,7.1382,23.0,3,33.57,0.1786
872,N2C,4,12.4476,0.0,0,19.25,0.0448
872,S2C,4,12.9679,0.0,0,18.48,0.0373
872,E2C,8,5.8701,27.0,4,40.82,0.2055
872,W2C,8,6.4469,26.0,3,37.16,0.1905
873,N2C,4,12.9074,0.0,0,18.56,0.0381
873,S2C,4,13.0219,0.0,0,18.4,0.0365
873,E2C,8,5.7462,31.0,4,41.7,0.2099
873,W2C,8,5.8937,29.0,3,40.65,0.2005
874,N2C,4,13.0781,0.0,0,18.32,0.0357
874,S2C,4,13.1933,0.0,0,18.16,0.034
874,E2C,9,5.7307,35.0,4,41.81,0.2188
874,W2C,9,6.2263,32.0,3,38.48,0.2037
875,N2C,4,13.1613,0.0,0,18.2,0.0345
875,S2C,4,12.7186,0.0,0,18.84,0.0409
875,E2C,9,5.2466,39.0,4,45.67,0.2285
875,W2C,9,5.9025,36.0,4,40.59,0.217
876,N2C,4,12.7655,0.0,0,18.77,0.0402
876,S2C,4,12.601,0.0,0,19.01,0.0426
876,E2C,9,5.2179,43.0,4,45.92,0.2315
876,W2C,9,5.9,41.0,5,40.61,0.2264
877,N2C,4,12.8426,0.0,0,18.66,0.0391
877,S2C,4,12.9766,0.0,0,18.46,0.0372
877,E2C,9,4.9124,48.0,5,48.77,0.2453
877,W2C,9,5.4356,46.0,5,44.08,0.2364
878,N2C,4,12.641,0.0,0,18.95,0.042
878,S2C,4,13.1223,0.0,0,18.26,0.0351
878,E2C,9,4.5732,53.0,5,52.39,0.2535
878,W2C,9,5.1538,51.0,5,46.49,0.2438
879,N2C,4,12.6944,0.0,0,18.87,0.0412
879,S2C,5,12.8621,0.0,0,18.63,0.0448
879,E2C,10,4.6909,58.0,5,51.08,0.2611
879,W2C,10,5.4105,56.0,5,44.28,0.2494
880,N2C,4,13.0853,0.0,0,18.31,0.0356
880,S2C,4,13.1334,0.0,0,18.24,0.0349
880,E2C,10,4.5124,63.0,5,53.1,0.267
880,W2C,10,5.0987,62.0,6,46.99,0.2639
881,N2C,4,12.7304,0.0,0,18.82,0.0407
881,S2C,4,12.8975,0.0,0,18.58,0.0383
881,E2C,10,4.4273,69.0,6,54.12,0.2783
881,W2C,10,4.8285,68.0,6,49.62,0.2718
882,N2C,4,12.7254,0.0,0,18.83,0.0408
882,S2C,4,13.3584,0.0,0,17.94,0.0317
882,E2C,10,3.9223,75.0,6,61.09,0.2895
882,W2C,10,4.5501,74.0,6,52.66,0.2798
883,N2C,4,13.339,0.0,0,17.96,0.0319
883,S2C,5,12.4724,0.0,0,19.21,0.0504
883,E2C,11,4.5165,81.0,6,53.05,0.291
883,W2C,11,4.8374,80.0,6,49.53,0.2857
884,N2C,4,12.5721,0.0,0,19.06,0.043
884,S2C,4,12.3453,0.0,0,19.41,0.0462
884,E2C,11,4.2608,87.0,6,56.23,0.2986
884,W2C,11,4.5553,87.0,7,52.6,0.3004
885,N2C,4,13.1423,0.0,0,18.23,0.0348
885,S2C,4,12.3352,0.0,0,19.42,0.0464
885,E2C,11,3.9675,94.0,7,60.39,0.3135
885,W2C,11,4.5269,94.0,7,52.93,0.3055
886,N2C,4,12.712,0.0,0,18.85,0.041
886,S2C,4,12.3687,0.0,0,19.37,0.0459
886,E2C,11,3.9303,101.0,7,60.96,0.3187
886,W2C,11,4.0071,101.0,7,59.79,0.3176
887,N2C,4,12.597,0.0,0,19.02,0.0426
887,S2C,4,12.0634,0.0,0,19.86,0.0503
887,E2C,11,4.0022,108.0,7,59.87,0.3224
887,W2C,11,3.7253,108.0,7,64.32,0.3264
888,N2C,5,13.0832,0.0,0,18.31,0.0416
888,S2C,4,12.6915,0.0,0,18.88,0.0413
888,E2C,12,4.7186,115.0,7,50.78,0.3227
888,W2C,12,4.401,115.0,7,54.44,0.3273
889,N2C,5,12.8073,0.0,0,18.71,0.0456
889,S2C,4,12.3394,0.0,0,19.42,0.0463
889,E2C,12,4.4237,122.0,7,54.16,0.3316
889,W2C,12,4.0471,122.0,7,59.2,0.3371
890,N2C,5,12.2054,0.0,0,19.63,0.0543
890,S2C,4,12.3313,0.0,0,19.43,0.0464
890,E2C,12,4.1236,129.0,7,58.1,0.3406
890,W2C,12,3.7838,130.0,8,63.32,0.3522
891,N2C,5,10.8844,0.0,0,22.01,0.0733
891,S2C,4,11.9278,0.0,0,20.09,0.0523
891,E2C,12,3.8781,136.0,7,61.78,0.3488
891,W2C,12,3.3627,138.0,8,71.25,0.3636
892,N2C,6,9.8596,0.0,0,24.3,0.094
892,S2C,5,11.2366,0.0,0,21.32,0.0682
892,E2C,11,5.4251,82.0,5,44.17,0.2726
892,W2C,11,4.622,83.0,6,51.84,0.2908
893,N2C,6,8.9684,0.0,0,26.72,0.1069
893,S2C,5,10.5237,0.0,0,22.77,0.0785
893,E2C,11,5.5433,40.0,4,43.22,0.2368
893,W2C,11,5.0312,46.0,4,47.62,0.2482
894,N2C,6,8.9742,0.0,0,26.7,0.1068
894,S2C,5,10.1147,0.0,0,23.69,0.0844
894,E2C,11,6.1417,12.0,2,39.01,0.1976
894,W2C,11,5.4445,17.0,3,44.01,0.2169
895,N2C,6,8.9853,1.0,1,26.67,0.1133
895,S2C,5,9.9432,1.0,1,24.1,0.0935
895,E2C,10,6.5108,0.0,0,36.8,0.1663
895,W2C,9,6.3585,2.0,1,37.68,0.1698
896,N2C,6,8.1091,3.0,2,29.55,0.1332
896,S2C,5,9.6011,2.0,1,24.96,0.0991
896,E2C,9,7.0608,0.0,0,33.93,0.1523
896,W2C,9,7.0862,0.0,0,33.81,0.152
897,N2C,7,8.1501,5.0,2,29.4,0.14
897,S2C,6,9.3975,3.0,1,25.5,0.1087
897,E2C,10,8.3702,0.0,0,28.63,0.1395
897,W2C,8,8.9164,0.0,0,26.87,0.1196
898,N2C,7,7.6797,7.0,2,31.2,0.1481
898,S2C,6,8.8129,4.0,1,27.19,0.1178
898,E2C,8,9.2652,0.0,0,25.86,0.1146
898,W2C,8,8.8135,0.0,0,27.19,0.1211
899,N2C,7,7.4552,9.0,2,32.14,0.1527
899,S2C,6,8.1996,5.0,1,29.22,0.1273
899,E2C,8,9.4416,0.0,0,25.38,0.1121
899,W2C,8,9.1454,0.0,0,26.2,0.1163
900,N2C,7,6.7595,11.0,2,35.45,0.164
900,S2C,6,8.1002,6.0,1,29.58,0.1294
900,E2C,6,10.3407,0.0,0,23.17,0.0871
900,W2C,6,10.3078,0.0,0,23.24,0.0876
901,N2C,8,6.9962,13.0,2,34.25,0.1679
901,S2C,7,9.2145,7.0,1,26.0,0.12
901,E2C,7,10.9036,0.0,0,21.97,0.085
901,W2C,7,11.202,0.0,0,21.39,0.0807
902,N2C,8,6.55,16.0,3,36.58,0.1824
902,S2C,7,8.7156,9.0,2,27.49,0.1345
902,E2C,5,11.5767,0.0,0,20.7,0.0633
902,W2C,5,11.5891,0.0,0,20.67,0.0631
903,N2C,8,6.491,20.0,4,36.91,0.1919
903,S2C,7,9.1801,11.0,2,26.1,0.1292
903,E2C,5,11.9254,0.0,0,20.09,0.0583
903,W2C,4,12.3645,0.0,0,19.38,0.046
904,N2C,8,6.1539,24.0,4,38.93,0.1994
904,S2C,7,9.1119,13.0,2,26.3,0.1315
904,E2C,4,12.5979,0.0,0,19.02,0.0426
904,W2C,4,12.4085,0.0,0,19.31,0.0453
905,N2C,8,5.7266,28.0,4,41.84,0.2082
905,S2C,7,8.299,15.0,2,28.87,0.1445
905,E2C,4,13.1232,0.0,0,18.26,0.035
905,W2C,4,12.1958,0.0,0,19.65,0.0484
906,N2C,9,6.0953,32.0,4,39.31,0.2116
906,S2C,8,8.2546,17.0,2,29.03,0.1525
906,E2C,5,12.9618,0.0,0,18.49,0.0434
906,W2C,5,12.2474,0.0,0,19.56,0.0537
907,N2C,9,5.7343,36.0,4,41.78,0.2194
907,S2C,8,7.186,19.0,2,33.34,0.1692
907,E2C,4,12.8778,0.0,0,18.61,0.0386
907,W2C,4,12.4667,0.0,0,19.22,0.0445
908,N2C,9,5.4259,40.0,4,44.16,0.2265
908,S2C,8,6.4623,21.0,2,37.08,0.1809
908,E2C,4,12.8296,0.0,0,18.68,0.0393
908,W2C,4,12.1184,0.0,0,19.77,0.0495
909,N2C,9,4.9826,45.0,5,48.09,0.2423
909,S2C,8,6.1605,24.0,3,38.89,0.1933
909,E2C,4,12.8197,0.0,0,18.69,0.0394
909,W2C,4,12.4291,0.0,0,19.28,0.045
910,N2C,10,5.5296,50.0,5,43.33,0.2437
910,S2C,9,6.2847,28.0,4,38.12,0.2062
910,E2C,4,12.7457,0.0,0,18.8,0.0405
910,W2C,5,12.1845,0.0,0,19.66,0.0546
911,N2C,10,5.2649,55.0,5,45.51,0.2509
911,S2C,9,6.0643,32.0,4,39.51,0.212
911,E2C,4,12.5919,0.0,0,19.03,0.0427
911,W2C,4,11.9095,0.0,0,20.12,0.0525
912,N2C,10,5.087,60.0,5,47.1,0.2568
912,S2C,9,5.7815,37.0,5,41.44,0.2254
912,E2C,4,12.632,0.0,0,18.97,0.0421
912,W2C,4,11.8971,0.0,0,20.14,0.0527
913,N2C,10,4.9786,66.0,6,48.13,0.2683
913,S2C,9,5.4431,42.0,5,44.02,0.2336
913,E2C,4,12.4773,0.0,0,19.2,0.0443
913,W2C,4,12.0789,0.0,0,19.84,0.0501
914,N2C,10,5.0118,72.0,6,47.81,0.2718
914,S2C,9,5.1852,47.0,5,46.21,0.2407
914,E2C,4,12.3976,0.0,0,19.33,0.0455
914,W2C,4,12.1439,0.0,0,19.73,0.0491
915,N2C,11,5.4626,78.0,6,43.86,0.2753
915,S2C,10,5.2972,52.0,5,45.23,0.2484
915,E2C,5,12.8124,0.0,0,18.7,0.0455
915,W2C,5,12.2181,0.0,0,19.61,0.0541
916,N2C,11,5.0721,84.0,6,47.24,0.285
916,S2C,10,5.1705,57.0,5,46.34,0.2536
916,E2C,4,12.7644,0.0,0,18.77,0.0402
916,W2C,5,12.6007,0.0,0,19.01,0.0486
917,N2C,11,4.5987,90.0,6,52.1,0.2958
917,S2C,10,4.6823,63.0,6,51.17,0.2706
917,E2C,4,12.9999,0.0,0,18.43,0.0368
917,W2C,4,12.3198,0.0,0,19.45,0.0466
918,N2C,11,4.1929,96.0,6,57.14,0.3056
918,S2C,10,4.3249,69.0,6,55.4,0.2797
918,E2C,4,12.7798,0.0,0,18.75,0.04
918,W2C,4,12.0839,0.0,0,19.83,0.05
919,N2C,12,4.6467,103.0,7,51.56,0.3158
919,S2C,11,4.8402,75.0,6,49.5,0.2823
919,E2C,5,12.7619,0.0,0,18.77,0.0462
919,W2C,5,12.7159,0.0,0,18.84,0.0469
920,N2C,12,4.5086,110.0,7,53.14,0.3224
920,S2C,11,4.672,81.0,6,51.28,0.2887
920,E2C,4,12.4545,0.0,0,19.24,0.0447
920,W2C,5,12.7523,0.0,0,18.79,0.0464
921,N2C,12,4.1404,117.0,7,57.87,0.3324
921,S2C,11,4.6291,88.0,7,51.76,0.3
921,E2C,4,13.065,0.0,0,18.34,0.0359
921,W2C,5,12.3987,0.0,0,19.32,0.0515
922,N2C,12,3.8727,124.0,7,61.87,0.3409
922,S2C,11,4.2319,95.0,7,56.62,0.3104
922,E2C,4,13.0982,0.0,0,18.29,0.0354
922,W2C,4,13.0339,0.0,0,18.38,0.0363
923,N2C,12,3.6122,132.0,8,66.33,0.356
923,S2C,11,3.8926,102.0,7,61.55,0.32
923,E2C,4,12.3728,0.0,0,19.37,0.0458
923,W2C,4,11.8499,0.0,0,20.22,0.0534
924,N2C,13,4.0784,140.0,8,58.75,0.3606
924,S2C,12,4.4698,109.0,7,53.6,0.3223
924,E2C,5,11.7008,0.0,0,20.48,0.0615
924,W2C,5,11.5915,0.0,0,20.67,0.0631
925,N2C,11,4.6974,87.0,6,51.01,0.2924
925,S2C,10,4.7158,62.0,6,50.81,0.2694
925,E2C,5,10.904,0.0,0,21.97,0.073
925,W2C,5,10.1438,0.0,0,23.62,0.0839
926,N2C,11,4.507,45.0,5,53.16,0.2611
926,S2C,10,4.8271,33.0,4,49.64,0.2365
926,E2C,5,10.4816,0.0,0,22.86,0.0791
926,W2C,5,9.8649,0.0,0,24.29,0.088
927,N2C,11,4.6118,16.0,3,51.95,0.2283
927,S2C,10,4.8566,10.0,2,49.33,0.2087
927,E2C,5,10.2361,0.0,0,23.41,0.0826
927,W2C,5,9.9414,1.0,1,24.1,0.0935
928,N2C,10,5.9491,3.0,1,40.28,0.1823
928,S2C,9,6.5159,1.0,1,36.77,0.1668
928,E2C,6,10.951,0.0,0,21.88,0.0783
928,W2C,6,10.3462,2.0,1,23.16,0.0944
929,N2C,10,6.8286,0.0,0,35.09,0.1617
929,S2C,9,7.2831,0.0,0,32.9,0.1491
929,E2C,6,10.5157,1.0,1,22.78,0.0913
929,W2C,6,10.34,3.0,1,23.17,0.0951
930,N2C,10,7.1741,0.0,0,33.4,0.1567
930,S2C,8,8.2744,0.0,0,28.96,0.1289
930,E2C,6,9.9088,2.0,1,24.18,0.1007
930,W2C,6,10.0732,4.0,1,23.79,0.0996
931,N2C,8,7.8315,0.0,0,30.59,0.1352
931,S2C,7,9.6098,0.0,0,24.93,0.1036
931,E2C,6,8.9912,3.0,1,26.65,0.1145
931,W2C,6,9.6073,5.0,1,24.94,0.107
932,N2C,8,8.2844,0.0,0,28.92,0.1287
932,S2C,6,10.1844,0.0,0,23.53,0.0894
932,E2C,6,8.2512,4.0,1,29.04,0.1259
932,W2C,6,8.1865,6.0,1,29.27,0.1281
933,N2C,7,9.7215,0.0,0,24.65,0.102
933,S2C,6,11.0561,0.0,0,21.67,0.0768
933,E2C,7,8.341,5.0,1,28.73,0.1312
933,W2C,7,8.2469,7.0,1,29.05,0.1339
934,N2C,7,10.5309,0.0,0,22.75,0.0904
934,S2C,6,11.9482,0.0,0,20.05,0.064
934,E2C,7,7.8869,6.0,1,30.38,0.1384
934,W2C,7,7.7293,8.0,1,31.0,0.142
935,N2C,5,11.5137,0.0,0,20.81,0.0642
935,S2C,5,12.6154,0.0,0,18.99,0.0484
935,E2C,7,7.6261,8.0,2,31.42,0.1495
935,W2C,7,6.9432,11.0,3,34.51,0.1674
936,N2C,5,11.7328,0.0,0,20.42,0.0611
936,S2C,4,12.9563,0.0,0,18.49,0.0374
936,E2C,7,7.193,11.0,3,33.31,0.1638
936,W2C,7,6.2672,14.0,3,38.23,0.1791
937,N2C,4,12.6171,0.0,0,18.99,0.0423
937,S2C,4,13.1994,0.0,0,18.15,0.0339
937,E2C,8,7.364,14.0,3,32.54,0.1693
937,W2C,8,6.8307,17.0,3,35.08,0.179
938,N2C,4,12.0318,0.0,0,19.91,0.0508
938,S2C,4,12.8302,0.0,0,18.67,0.0393
938,E2C,8,6.6024,17.0,3,36.29,0.1823
938,W2C,8,6.5173,20.0,3,36.76,0.1855
939,N2C,4,12.3893,0.0,0,19.34,0.0456
939,S2C,4,12.787,0.0,0,18.74,0.0399
939,E2C,8,6.7454,20.0,3,35.52,0.1822
939,W2C,8,6.0286,23.0,3,39.74,0.1945
940,N2C,4,12.4567,0.0,0,19.23,0.0446
940,S2C,4,12.9747,0.0,0,18.47,0.0372
940,E2C,8,6.3925,23.0,3,37.48,0.1893
940,W2C,8,5.7457,27.0,4,41.7,0.2073
941,N2C,4,12.4001,0.0,0,19.32,0.0455
941,S2C,4,12.8906,0.0,0,18.59,0.0384
941,E2C,8,5.9902,27.0,4,40.0,0.2037
941,W2C,8,5.6938,31.0,4,42.08,0.2107
942,N2C,5,12.5229,0.0,0,19.13,0.0497
942,S2C,5,12.8009,0.0,0,18.72,0.0457
942,E2C,9,6.2832,31.0,4,38.13,0.2082
942,W2C,9,6.1659,35.0,4,38.86,0.2126
943,N2C,4,12.7942,0.0,0,18.73,0.0398
943,S2C,5,12.9398,0.0,0,18.52,0.0437
943,E2C,9,5.8195,36.0,5,41.17,0.2242
943,W2C,9,5.587,39.0,4,42.89,0.2236
944,N2C,4,12.5138,0.0,0,19.15,0.0438
944,S2C,4,13.3987,0.0,0,17.88,0.0311
944,E2C,9,5.5736,41.0,5,42.99,0.2311
944,W2C,9,5.4317,43.0,4,44.11,0.2285
945,N2C,4,12.4361,0.0,0,19.27,0.0449
945,S2C,4,13.1377,0.0,0,18.24,0.0348
945,E2C,9,5.1389,46.0,5,46.62,0.2407
945,W2C,9,5.43,47.0,4,44.13,0.2311
946,N2C,3,12.3653,0.0,0,19.38,0.04
946,S2C,5,13.2252,0.0,0,18.12,0.0396
946,E2C,10,5.1729,51.0,5,46.32,0.2495
946,W2C,10,6.0813,51.0,4,39.4,0.2304
947,N2C,4,12.7421,0.0,0,18.8,0.0405
947,S2C,4,13.2025,0.0,0,18.15,0.0339
947,E2C,10,4.9276,56.0,5,48.62,0.2564
947,W2C,10,5.805,56.0,5,41.28,0.2437
948,N2C,4,12.4647,0.0,0,19.22,0.0445
948,S2C,4,13.293,0.0,0,18.02,0.0326
948,E2C,10,4.8976,62.0,6,48.92,0.2668
948,W2C,10,5.3774,61.0,5,44.56,0.2532
949,N2C,4,12.9919,0.0,0,18.44,0.0369
949,S2C,4,13.1438,0.0,0,18.23,0.0347
949,E2C,10,4.6404,68.0,6,51.63,0.2745
949,W2C,10,4.6776,66.0,5,51.22,0.2666
950,N2C,4,12.7281,0.0,0,18.82,0.0407
950,S2C,4,13.2096,0.0,0,18.14,0.0338
950,E2C,10,4.1341,74.0,6,57.96,0.2858
950,W2C,10,4.0726,71.0,5,58.83,0.2787
951,N2C,5,12.6903,0.0,0,18.88,0.0473
951,S2C,5,13.1813,0.0,0,18.18,0.0402
951,E2C,11,4.3748,80.0,6,54.77,0.2923
951,W2C,11,4.4802,77.0,6,53.48,0.2888
952,N2C,5,12.7994,0.0,0,18.72,0.0457
952,S2C,4,12.8127,0.0,0,18.7,0.0395
952,E2C,11,4.3003,86.0,6,55.72,0.2974
952,W2C,11,4.5395,83.0,6,52.78,0.292
953,N2C,5,12.5731,0.0,0,19.06,0.049
953,S2C,4,13.6463,0.0,0,17.56,0.0275
953,E2C,11,3.9506,92.0,6,60.65,0.3064
953,W2C,11,4.3961,90.0,7,54.5,0.3047
954,N2C,5,12.6225,0.0,0,18.98,0.0483
954,S2C,4,13.2282,0.0,0,18.11,0.0335
954,E2C,11,3.4456,99.0,7,69.54,0.3244
954,W2C,11,4.3103,97.0,7,55.59,0.3106
955,N2C,4,11.9008,0.0,0,20.13,0.0526
955,S2C,4,12.8049,0.0,0,18.71,0.0396
955,E2C,12,4.0332,106.0,7,59.41,0.3266
955,W2C,12,5.049,104.0,7,47.45,0.3106
956,N2C,5,11.2775,0.0,0,21.25,0.0676
956,S2C,4,12.6823,0.0,0,18.89,0.0414
956,E2C,12,3.8456,113.0,7,62.31,0.334
956,W2C,12,5.1835,111.0,7,46.22,0.3134
957,N2C,5,10.3266,1.0,1,23.2,0.088
957,S2C,4,12.4359,0.0,0,19.27,0.0449
957,E2C,12,3.8048,120.0,7,62.97,0.3392
957,W2C,12,4.7996,118.0,7,49.92,0.3236
958,N2C,5,10.435,2.0,1,22.96,0.0871
958,S2C,4,12.388,0.0,0,19.34,0.0456
958,E2C,10,4.0359,74.0,6,59.37,0.2872
958,W2C,10,5.2349,69.0,5,45.77,0.2606
959,N2C,5,9.5629,3.0,1,25.06,0.1003
959,S2C,4,12.1628,0.0,0,19.7,0.0489
959,E2C,10,3.8806,37.0,4,61.74,0.2528
959,W2C,10,4.7673,29.0,3,50.26,0.2287
960,N2C,6,9.6991,4.0,1,24.7,0.105
960,S2C,5,11.1897,0.0,0,21.41,0.0689
960,E2C,11,5.046,10.0,2,47.48,0.212
960,W2C,11,5.6448,8.0,1,42.45,0.1961
961,N2C,6,9.1227,5.0,1,26.26,0.114
961,S2C,5,10.5143,0.0,0,22.79,0.0786
961,E2C,9,5.9837,1.0,1,40.04,0.1745
961,W2C,9,6.1199,1.0,1,39.15,0.1725
962,N2C,6,8.7453,6.0,1,27.4,0.1201
962,S2C,5,10.2267,0.0,0,23.43,0.0827
962,E2C,9,6.8281,0.0,0,35.09,0.1557
962,W2C,9,6.4751,0.0,0,37.0,0.1608
963,N2C,6,8.699,7.0,1,27.54,0.1214
963,S2C,5,9.5116,1.0,1,25.19,0.0997
963,E2C,8,7.7645,0.0,0,30.86,0.1362
963,W2C,8,7.5122,0.0,0,31.89,0.1398
964,N2C,7,9.0651,9.0,2,26.43,0.1295
964,S2C,6,9.7089,2.0,1,24.68,0.1035
964,E2C,8,9.2041,0.0,0,26.03,0.1155
964,W2C,8,8.7356,0.0,0,27.43,0.1222
965,N2C,7,8.1087,11.0,2,29.55,0.1446
965,S2C,6,8.7351,3.0,1,27.43,0.1182
965,E2C,7,9.8567,0.0,0,24.31,0.1001
965,W2C,7,9.5161,0.0,0,25.18,0.105
966,N2C,7,7.5398,13.0,2,31.78,0.1541
966,S2C,6,8.6892,4.0,1,27.57,0.1196
966,E2C,6,10.8847,0.0,0,22.01,0.0793
966,W2C,6,10.8831,0.0,0,22.02,0.0793
967,N2C,7,7.3576,16.0,3,32.56,0.1647
967,S2C,6,8.3267,6.0,2,28.77,0.1321
967,E2C,6,11.0612,0.0,0,21.66,0.0767
967,W2C,5,11.716,0.0,0,20.45,0.0613
968,N2C,7,7.0059,19.0,3,34.2,0.1718
968,S2C,6,7.7088,8.0,2,31.08,0.1423
968,E2C,5,11.7344,0.0,0,20.42,0.061
968,W2C,4,11.8068,0.0,0,20.29,0.054
969,N2C,8,7.1304,22.0,3,33.6,0.178
969,S2C,7,7.951,10.0,2,30.13,0.1462
969,E2C,5,12.1306,0.0,0,19.75,0.0553
969,W2C,5,12.5423,0.0,0,19.1,0.0494
970,N2C,8,6.9346,25.0,3,34.55,0.1828
970,S2C,7,7.0454,12.0,2,34.01,0.1606
970,E2C,5,12.0238,0.0,0,19.93,0.0569
970,W2C,5,12.3765,0.0,0,19.36,0.0518
971,N2C,8,6.2349,28.0,3,38.43,0.1949
971,S2C,7,7.0061,14.0,2,34.2,0.1625
971,E2C,5,12.1825,0.0,0,19.67,0.0546
971,W2C,5,12.1352,0.0,0,19.74,0.0553
972,N2C,8,6.3232,32.0,4,37.89,0.2023
972,S2C,7,6.8017,16.0,2,35.23,0.1667
972,E2C,5,11.9784,0.0,0,20.0,0.0575
972,W2C,4,12.2384,0.0,0,19.58,0.0478
973,N2C,9,6.6445,36.0,4,36.06,0.2063
973,S2C,8,7.8343,18.0,2,30.58,0.1592
973,E2C,5,11.9079,0.0,0,20.12,0.0585
973,W2C,5,12.2358,0.0,0,19.58,0.0538
974,N2C,9,6.1624,40.0,4,38.88,0.2159
974,S2C,8,7.8298,21.0,3,30.6,0.1673
974,E2C,5,12.4239,0.0,0,19.29,0.0511
974,W2C,4,11.9619,0.0,0,20.03,0.0518
975,N2C,9,5.622,44.0,4,42.62,0.2264
975,S2C,8,7.4324,24.0,3,32.24,0.175
975,E2C,5,12.0886,0.0,0,19.82,0.0559
975,W2C,4,11.5609,0.0,0,20.73,0.0575
976,N2C,9,5.6928,48.0,4,42.09,0.228
976,S2C,8,6.8134,27.0,3,35.17,0.1859
976,E2C,4,12.4974,0.0,0,19.17,0.0441
976,W2C,4,11.7834,0.0,0,20.33,0.0543
977,N2C,9,5.4851,53.0,5,43.68,0.2404
977,S2C,8,6.6449,30.0,3,36.06,0.1903
977,E2C,4,12.5682,0.0,0,19.06,0.043
977,W2C,4,11.4643,0.0,0,20.9,0.0589
978,N2C,10,5.6923,58.0,5,42.09,0.2467
978,S2C,9,6.9224,33.0,3,34.61,0.1943
978,E2C,4,12.6238,0.0,0,18.98,0.0422
978,W2C,4,11.6388,0.0,0,20.59,0.0564
979,N2C,10,5.3314,63.0,5,44.94,0.2552
979,S2C,9,6.2675,37.0,4,38.23,0.2124
979,E2C,4,12.4417,0.0,0,19.26,0.0449
979,W2C,4,11.7525,0.0,0,20.39,0.0548
980,N2C,10,4.6519,68.0,5,51.51,0.2684
980,S2C,9,5.8296,41.0,4,41.1,0.2214
980,E2C,4,12.5706,0.0,0,19.06,0.043
980,W2C,4,11.7543,0.0,0,20.38,0.0548
981,N2C,10,4.302,73.0,5,55.69,0.2767
981,S2C,9,5.301,45.0,4,45.2,0.2317
981,E2C,4,12.4487,0.0,0,19.25,0.0448
981,W2C,4,11.8002,0.0,0,20.3,0.0541
982,N2C,11,4.6236,79.0,6,51.82,0.2881
982,S2C,10,5.7666,50.0,5,41.55,0.2403
982,E2C,5,12.6627,0.0,0,18.92,0.0477
982,W2C,5,11.9157,0.0,0,20.11,0.0584
983,N2C,11,4.3751,85.0,6,54.76,0.2957
983,S2C,10,5.2311,55.0,5,45.8,0.2513
983,E2C,5,12.5639,0.0,0,19.07,0.0491
983,W2C,5,11.9418,0.0,0,20.06,0.0581
984,N2C,11,4.4287,92.0,7,54.1,0.3056
984,S2C,10,5.2755,61.0,6,45.42,0.2607
984,E2C,5,12.1249,0.0,0,19.76,0.0554
984,W2C,5,11.7039,0.0,0,20.47,0.0615
985,N2C,11,4.3806,99.0,7,54.7,0.3109
985,S2C,10,5.1387,67.0,6,46.63,0.2667
985,E2C,5,12.5433,0.0,0,19.1,0.0494
985,W2C,5,11.9901,0.0,0,19.98,0.0574
986,N2C,11,4.2435,106.0,7,56.46,0.3176
986,S2C,10,4.6757,73.0,6,51.24,0.2773
986,E2C,4,13.0844,0.0,0,18.31,0.0356
986,W2C,5,11.9712,0.0,0,20.01,0.0576
987,N2C,12,4.8344,113.0,7,49.56,0.3197
987,S2C,11,5.0415,79.0,6,47.53,0.2821
987,E2C,3,12.7307,0.0,0,18.82,0.0347
987,W2C,4,12.496,0.0,0,19.17,0.0441
988,N2C,12,4.0721,120.0,7,58.84,0.3354
988,S2C,11,4.7325,85.0,6,50.63,0.2905
988,E2C,4,13.0764,0.0,0,18.32,0.0357
988,W2C,4,12.6238,0.0,0,18.98,0.0422
989,N2C,12,3.5031,128.0,8,68.4,0.3549
989,S2C,11,4.2153,92.0,7,56.84,0.3086
989,E2C,4,13.0979,0.0,0,18.29,0.0354
989,W2C,4,12.0429,0.0,0,19.9,0.0506
990,N2C,12,3.1178,136.0,8,76.85,0.3658
990,S2C,11,3.9848,99.0,7,60.13,0.3166
990,E2C,4,12.9063,0.0,0,18.56,0.0382
990,W2C,4,12.135,0.0,0,19.74,0.0493
991,N2C,11,4.5137,81.0,6,53.08,0.291
991,S2C,10,5.3042,52.0,5,45.17,0.2483
991,E2C,5,12.3779,0.0,0,19.36,0.0518
991,W2C,5,12.4376,0.0,0,19.26,0.0509
992,N2C,11,4.6515,40.0,4,51.51,0.2497
992,S2C,10,5.5169,24.0,3,43.43,0.2146
992,E2C,5,11.2345,0.0,0,21.33,0.0682
992,W2C,5,12.2047,0.0,0,19.63,0.0543
993,N2C,11,5.1159,16.0,3,46.83,0.221
993,S2C,10,5.8275,6.0,2,41.12,0.1921
993,E2C,5,10.808,0.0,0,22.17,0.0744
993,W2C,5,12.4159,0.0,0,19.3,0.0512
994,N2C,10,5.7691,2.0,1,41.53,0.1843
994,S2C,8,6.6384,0.0,0,36.09,0.1524
994,E2C,5,10.4328,0.0,0,22.97,0.0798
994,W2C,5,12.4455,0.0,0,19.25,0.0508
995,N2C,9,6.656,0.0,0,36.0,0.1582
995,S2C,8,6.8291,0.0,0,35.09,0.1497
995,E2C,5,10.5815,1.0,1,22.64,0.0843
995,W2C,5,12.2641,0.0,0,19.54,0.0534
996,N2C,10,7.9801,0.0,0,30.02,0.1451
996,S2C,7,8.8228,0.0,0,27.16,0.115
996,E2C,6,10.4169,2.0,1,23.0,0.0933
996,W2C,6,11.4973,0.0,0,20.84,0.0705
997,N2C,8,8.9517,0.0,0,26.77,0.1191
997,S2C,7,9.3887,0.0,0,25.52,0.1068
997,E2C,6,9.8996,3.0,1,24.2,0.1015
997,W2C,6,10.2817,0.0,0,23.3,0.088
998,N2C,8,9.5493,0.0,0,25.09,0.1105
998,S2C,7,10.0418,0.0,0,23.86,0.0974
998,E2C,6,9.4745,4.0,1,25.29,0.1082
998,W2C,6,9.1583,0.0,0,26.16,0.1041
999,N2C,6,10.568,0.0,0,22.67,0.0838
999,S2C,5,11.2008,0.0,0,21.39,0.0687
999,E2C,6,8.0417,5.0,1,29.79,0.1295
999,W2C,6,8.1117,1.0,1,29.54,0.1259
1000,N2C,7,11.2458,0.0,0,21.31,0.0801
1000,S2C,6,11.9536,0.0,0,20.04,0.0639
1000,E2C,7,8.0481,7.0,2,29.77,0.1428
1000,W2C,7,8.48,3.0,2,28.25,0.1339
1001,N2C,5,12.1561,0.0,0,19.71,0.055
1001,S2C,4,12.7615,0.0,0,18.78,0.0402
1001,E2C,7,7.51,9.0,2,31.9,0.1519
1001,W2C,7,7.8389,5.0,2,30.57,0.1445
1002,N2C,5,12.5221,0.0,0,19.13,0.0497
1002,S2C,4,12.7003,0.0,0,18.87,0.0411
1002,E2C,7,7.4115,11.0,2,32.33,0.1546
1002,W2C,7,7.5533,7.0,2,31.72,0.1499
1003,N2C,4,12.1395,0.0,0,19.74,0.0492
1003,S2C,4,12.9185,0.0,0,18.55,0.038
1003,E2C,7,7.3095,13.0,2,32.78,0.1574
1003,W2C,7,7.3938,10.0,3,32.41,0.1602
1004,N2C,4,12.2972,0.0,0,19.48,0.0469
1004,S2C,4,13.1826,0.0,0,18.18,0.0342
1004,E2C,7,7.2359,16.0,3,33.11,0.1665
1004,W2C,7,6.935,13.0,3,34.55,0.1688
1005,N2C,4,12.9927,0.0,0,18.44,0.0369
1005,S2C,5,12.8219,0.0,0,18.69,0.0454
1005,E2C,8,7.5584,19.0,3,31.7,0.1698
1005,W2C,8,7.1601,16.0,3,33.46,0.1736
1006,N2C,4,12.2817,0.0,0,19.51,0.0472
1006,S2C,5,12.9531,0.0,0,18.5,0.0435
1006,E2C,8,6.8689,22.0,3,34.88,0.1818
1006,W2C,8,6.6396,19.0,3,36.09,0.1831
1007,N2C,4,12.5991,0.0,0,19.02,0.0426
1007,S2C,4,12.8488,0.0,0,18.65,0.039
1007,E2C,8,6.2603,25.0,3,38.27,0.1925
1007,W2C,8,6.5789,23.0,4,36.42,0.1926
1008,N2C,4,12.9624,0.0,0,18.48,0.0374
1008,S2C,4,13.0543,0.0,0,18.35,0.036
1008,E2C,8,5.7586,28.0,3,41.61,0.2018
1008,W2C,8,6.2244,27.0,4,38.49,0.2004
1009,N2C,5,12.6373,0.0,0,18.96,0.048
1009,S2C,5,12.6908,0.0,0,18.88,0.0473
1009,E2C,9,5.915,32.0,4,40.51,0.2142
1009,W2C,9,6.5684,31.0,4,36.48,0.2041
1010,N2C,4,12.3013,0.0,0,19.48,0.0469
1010,S2C,4,12.6277,0.0,0,18.97,0.0422
1010,E2C,9,5.3452,36.0,4,44.82,0.225
1010,W2C,9,5.9483,35.0,4,40.28,0.2157
1011,N2C,4,12.1041,0.0,0,19.79,0.0497
1011,S2C,4,12.6864,0.0,0,18.89,0.0413
1011,E2C,9,5.398,41.0,5,44.39,0.2336
1011,W2C,9,5.8969,39.0,4,40.63,0.2191
1012,N2C,4,12.1166,0.0,0,19.77,0.0495
1012,S2C,4,12.6219,0.0,0,18.98,0.0423
1012,E2C,9,5.4576,46.0,5,43.9,0.2361
1012,W2C,9,5.3545,44.0,5,44.75,0.2362
1013,N2C,4,12.0035,0.0,0,19.96,0.0512
1013,S2C,4,12.7364,0.0,0,18.81,0.0406
1013,E2C,9,5.2427,51.0,5,45.7,0.2425
1013,W2C,9,5.058,49.0,5,47.37,0.2438
1014,N2C,4,12.5783,0.0,0,19.05,0.0429
1014,S2C,4,12.6673,0.0,0,18.91,0.0416
1014,E2C,10,5.8475,56.0,5,40.97,0.2431
1014,W2C,10,5.7495,54.0,5,41.67,0.2432
1015,N2C,4,12.0445,0.0,0,19.89,0.0506
1015,S2C,4,12.2293,0.0,0,19.59,0.0479
1015,E2C,10,5.8083,61.0,5,41.25,0.247
1015,W2C,10,5.2462,59.0,5,45.67,0.2538
1016,N2C,4,12.3408,0.0,0,19.42,0.0463
1016,S2C,4,12.6906,0.0,0,18.88,0.0413
1016,E2C,10,4.9488,66.0,5,48.42,0.2627
1016,W2C,10,4.7752,64.0,5,50.18,0.2639
1017,N2C,4,12.3383,0.0,0,19.42,0.0463
1017,S2C,4,12.6539,0.0,0,18.93,0.0418
1017,E2C,10,4.2872,71.0,5,55.89,0.2756
1017,W2C,10,4.3498,70.0,6,55.08,0.28
1018,N2C,4,12.0225,0.0,0,19.93,0.0509
1018,S2C,4,12.6491,0.0,0,18.94,0.0419
1018,E2C,11,4.8118,76.0,5,49.79,0.2774
1018,W2C,11,4.9007,76.0,6,48.89,0.2821
1019,N2C,5,11.7503,0.0,0,20.39,0.0608
1019,S2C,4,12.409,0.0,0,19.31,0.0453
1019,E2C,11,4.6624,82.0,6,51.39,0.2895
1019,W2C,11,4.6306,83.0,7,51.74,0.2967
1020,N2C,5,11.8471,0.0,0,20.22,0.0594
1020,S2C,4,12.5577,0.0,0,19.08,0.0432
1020,E2C,11,4.6597,88.0,6,51.42,0.2936
1020,W2C,11,4.7345,90.0,7,50.61,0.2998
1021,N2C,5,11.8386,0.0,0,20.24,0.0595
1021,S2C,4,12.5521,0.0,0,19.09,0.0433
1021,E2C,11,4.2959,95.0,7,55.77,0.3095
1021,W2C,11,4.5139,97.0,7,53.08,0.3077
1022,N2C,5,11.3081,0.0,0,21.19,0.0672
1022,S2C,4,12.6308,0.0,0,18.97,0.0421
1022,E2C,11,3.7579,102.0,7,63.76,0.3219
1022,W2C,11,4.0398,104.0,7,59.31,0.3192
1023,N2C,6,10.644,0.0,0,22.51,0.0827
1023,S2C,5,11.4812,0.0,0,20.87,0.0647
1023,E2C,12,4.3096,109.0,7,55.6,0.3246
1023,W2C,12,4.3338,111.0,7,55.29,0.3256
1024,N2C,6,9.1168,0.0,0,26.28,0.1047
1024,S2C,5,10.8149,0.0,0,22.15,0.0743
1024,E2C,10,4.9272,62.0,6,48.63,0.2664
1024,W2C,10,5.1816,67.0,5,46.24,0.2601
1025,N2C,6,8.0508,0.0,0,29.76,0.1201
1025,S2C,5,9.8615,0.0,0,24.3,0.088
1025,E2C,10,5.2592,29.0,4,45.56,0.2276
1025,W2C,10,5.2445,31.0,4,45.69,0.2292
1026,N2C,6,8.2313,0.0,0,29.11,0.1175
1026,S2C,5,9.5948,0.0,0,24.97,0.0918
1026,E2C,10,5.9761,9.0,2,40.09,0.192
1026,W2C,10,5.3569,10.0,2,44.73,0.2015
1027,N2C,7,8.3714,2.0,2,28.62,0.1348
1027,S2C,6,10.6474,0.0,0,22.5,0.0827
1027,E2C,9,7.7065,0.0,0,31.09,0.143
1027,W2C,9,6.6185,0.0,0,36.2,0.1587
1028,N2C,7,7.6012,4.0,2,31.52,0.1472
1028,S2C,6,10.1429,1.0,1,23.62,0.0966
1028,E2C,9,7.973,0.0,0,30.05,0.1392
1028,W2C,9,7.0653,0.0,0,33.91,0.1523
1029,N2C,7,7.1031,6.0,2,33.73,0.1557
1029,S2C,6,9.9581,2.0,1,24.06,0.0999
1029,E2C,8,8.6832,0.0,0,27.59,0.123
1029,W2C,8,7.9959,0.0,0,29.97,0.1329
1030,N2C,7,6.9522,9.0,3,34.46,0.1659
1030,S2C,6,9.517,3.0,1,25.18,0.107
1030,E2C,7,8.9871,0.0,0,26.66,0.1126
1030,W2C,7,8.7053,0.0,0,27.52,0.1167
1031,N2C,7,6.3452,12.0,3,37.76,0.1766
1031,S2C,6,8.4136,4.0,1,28.48,0.1235
1031,E2C,7,9.5722,0.0,0,25.03,0.1042
1031,W2C,7,9.3144,0.0,0,25.72,0.1079
1032,N2C,8,6.8118,15.0,3,35.17,0.1779
1032,S2C,7,8.3151,5.0,1,28.82,0.1316
1032,E2C,6,11.2473,0.0,0,21.3,0.0741
1032,W2C,6,10.875,0.0,0,22.03,0.0794
1033,N2C,8,6.1038,18.0,3,39.25,0.1901
1033,S2C,7,7.5473,6.0,1,31.75,0.1433
1033,E2C,6,11.6886,0.0,0,20.5,0.0677
1033,W2C,5,11.937,0.0,0,20.07,0.0581
1034,N2C,8,6.087,21.0,3,39.36,0.1924
1034,S2C,7,7.0461,8.0,2,34.0,0.1579
1034,E2C,4,13.0845,0.0,0,18.31,0.0356
1034,W2C,4,12.0858,0.0,0,19.82,0.05
1035,N2C,8,6.0762,24.0,3,39.43,0.1945
1035,S2C,7,7.2634,10.0,2,32.99,0.1561
1035,E2C,4,12.7827,0.0,0,18.74,0.0399
1035,W2C,4,12.3599,0.0,0,19.39,0.046
1036,N2C,9,6.8929,28.0,4,34.76,0.1974
1036,S2C,8,7.4788,13.0,3,32.04,0.167
1036,E2C,4,12.9169,0.0,0,18.55,0.038
1036,W2C,4,12.4495,0.0,0,19.25,0.0447
1037,N2C,9,6.7062,32.0,4,35.73,0.2028
1037,S2C,8,6.736,16.0,3,35.57,0.1797
1037,E2C,4,12.8195,0.0,0,18.69,0.0394
1037,W2C,4,12.0687,0.0,0,19.85,0.0502
1038,N2C,9,6.733,36.0,4,35.59,0.2051
1038,S2C,8,6.1965,19.0,3,38.67,0.1894
1038,E2C,4,12.696,0.0,0,18.87,0.0412
1038,W2C,4,12.3263,0.0,0,19.44,0.0465
1039,N2C,9,6.7667,40.0,4,35.41,0.2072
1039,S2C,8,6.4065,22.0,3,37.4,0.1884
1039,E2C,4,12.6114,0.0,0,19.0,0.0424
1039,W2C,4,12.4288,0.0,0,19.28,0.045
1040,N2C,9,6.3515,44.0,4,37.72,0.2159
1040,S2C,8,6.2683,26.0,4,38.22,0.1991
1040,E2C,4,12.9305,0.0,0,18.53,0.0378
1040,W2C,4,12.2655,0.0,0,19.53,0.0474
1041,N2C,10,6.7144,48.0,4,35.68,0.2193
1041,S2C,9,6.807,30.0,4,35.2,0.2
1041,E2C,4,12.4898,0.0,0,19.18,0.0442
1041,W2C,5,12.4196,0.0,0,19.29,0.0512
1042,N2C,10,5.6475,52.0,4,42.43,0.2373
1042,S2C,9,6.034,34.0,4,39.71,0.2138
1042,E2C,4,12.2653,0.0,0,19.53,0.0474
1042,W2C,5,11.9118,0.0,0,20.11,0.0585
1043,N2C,10,4.6827,56.0,4,51.17,0.2539
1043,S2C,9,5.1022,38.0,4,46.96,0.2299
1043,E2C,4,12.9713,0.0,0,18.47,0.0372
1043,W2C,4,11.9809,0.0,0,20.0,0.0515
1044,N2C,10,4.2893,61.0,5,55.86,0.2689
1044,S2C,9,5.1548,42.0,4,46.48,0.2318
1044,E2C,4,12.6496,0.0,0,18.94,0.0419
1044,W2C,4,12.4058,0.0,0,19.31,0.0454
1045,N2C,11,4.8103,67.0,6,49.81,0.2774
1045,S2C,10,5.5153,47.0,5,43.44,0.2419
1045,E2C,5,12.473,0.0,0,19.21,0.0504
1045,W2C,5,12.4436,0.0,0,19.25,0.0508
1046,N2C,11,4.5642,74.0,7,52.5,0.2916
1046,S2C,10,4.9589,53.0,6,48.32,0.2599
1046,E2C,5,12.0123,0.0,0,19.95,0.057
1046,W2C,5,12.1791,0.0,0,19.67,0.0546
1047,N2C,11,4.5278,81.0,7,52.92,0.2968
1047,S2C,10,4.9225,59.0,6,48.67,0.2645
1047,E2C,4,12.3575,0.0,0,19.39,0.0461
1047,W2C,5,12.2103,0.0,0,19.62,0.0542
1048,N2C,11,4.5644,88.0,7,52.49,0.3009
1048,S2C,10,4.978,65.0,6,48.13,0.2677
1048,E2C,4,12.5352,0.0,0,19.11,0.0435
1048,W2C,5,12.4123,0.0,0,19.3,0.0513
1049,N2C,11,4.4826,95.0,7,53.45,0.3068
1049,S2C,10,4.5498,71.0,6,52.66,0.2778
1049,E2C,4,12.0293,0.0,0,19.92,0.0508
1049,W2C,4,12.6052,0.0,0,19.01,0.0425
1050,N2C,12,4.8112,102.0,7,49.8,0.3127
1050,S2C,11,4.9274,77.0,6,48.63,0.2824
1050,E2C,4,12.7612,0.0,0,18.78,0.0403
1050,W2C,5,12.3968,0.0,0,19.33,0.0515
1051,N2C,12,4.3649,109.0,7,54.89,0.3238
1051,S2C,11,4.4246,84.0,7,54.15,0.3003
1051,E2C,4,12.2852,0.0,0,19.5,0.0471
1051,W2C,4,12.4695,0.0,0,19.21,0.0445
1052,N2C,12,3.7902,116.0,7,63.22,0.3368
1052,S2C,11,4.5519,91.0,7,52.64,0.3031
1052,E2C,4,12.503,0.0,0,19.16,0.044
1052,W2C,4,12.6803,0.0,0,18.9,0.0414
1053,N2C,12,3.3495,124.0,8,71.53,0.3544
1053,S2C,11,4.4339,98.0,7,54.04,0.3095
1053,E2C,4,12.5514,0.0,0,19.09,0.0433
1053,W2C,4,12.507,0.0,0,19.16,0.0439
1054,N2C,13,3.9978,132.0,8,59.93,0.3564
1054,S2C,12,4.9459,105.0,7,48.44,0.3128
1054,E2C,5,12.7549,0.0,0,18.78,0.0463
1054,W2C,4,12.824,0.0,0,18.68,0.0393
1055,N2C,13,3.9734,140.0,8,60.3,0.3621
1055,S2C,12,4.5692,112.0,7,52.44,0.3229
1055,E2C,5,12.5515,0.0,0,19.09,0.0493
1055,W2C,4,12.66,0.0,0,18.93,0.0417
1056,N2C,13,3.8825,149.0,9,61.71,0.3754
1056,S2C,12,4.0855,120.0,8,58.65,0.3412
1056,E2C,5,11.733,0.0,0,20.42,0.0611
1056,W2C,4,12.5456,0.0,0,19.1,0.0434
1057,N2C,11,4.2883,96.0,7,55.87,0.3103
1057,S2C,10,4.5588,74.0,6,52.56,0.2797
1057,E2C,5,10.6479,0.0,0,22.5,0.0767
1057,W2C,4,12.6416,0.0,0,18.95,0.042
1058,N2C,11,4.1541,51.0,5,57.68,0.2702
1058,S2C,10,4.3606,38.0,4,54.95,0.2465
1058,E2C,5,10.0954,0.0,0,23.73,0.0846
1058,W2C,4,12.5022,0.0,0,19.16,0.044
1059,N2C,12,5.0342,25.0,3,47.59,0.2342
1059,S2C,11,5.542,13.0,2,43.23,0.2069
1059,E2C,6,9.5094,0.0,0,25.2,0.0991
1059,W2C,5,12.4665,0.0,0,19.22,0.0505
1060,N2C,10,5.7236,5.0,1,41.86,0.1869
1060,S2C,9,6.3141,0.0,0,37.95,0.1631
1060,E2C,6,8.6969,1.0,1,27.55,0.1174
1060,W2C,5,12.5621,0.0,0,19.07,0.0491
1061,N2C,10,6.2007,0.0,0,38.64,0.1707
1061,S2C,9,6.8263,0.0,0,35.1,0.1557
1061,E2C,6,8.2081,2.0,1,29.19,0.1251
1061,W2C,5,11.8421,0.0,0,20.23,0.0595
1062,N2C,9,6.506,0.0,0,36.83,0.1603
1062,S2C,9,7.0883,0.0,0,33.8,0.1519
1062,E2C,6,8.0392,4.0,2,29.8,0.1349
1062,W2C,5,10.4889,0.0,0,22.84,0.079
1063,N2C,9,7.8189,0.0,0,30.64,0.1414
1063,S2C,8,8.86,0.0,0,27.04,0.1204
1063,E2C,7,8.8805,6.0,2,26.98,0.1301
1063,W2C,6,10.2399,0.0,0,23.4,0.0886
1064,N2C,9,8.7969,0.0,0,27.24,0.1273
1064,S2C,8,9.3349,0.0,0,25.67,0.1136
1064,E2C,7,8.9174,8.0,2,26.87,0.1309
1064,W2C,6,9.1856,0.0,0,26.08,0.1037
1065,N2C,7,10.0962,0.0,0,23.73,0.0966
1065,S2C,6,10.5756,0.0,0,22.66,0.0837
1065,E2C,7,8.1671,10.0,2,29.34,0.1431
1065,W2C,6,8.4494,1.0,1,28.36,0.121
1066,N2C,6,11.0199,0.0,0,21.74,0.0773
1066,S2C,6,11.2722,0.0,0,21.26,0.0737
1066,E2C,7,7.7092,12.0,2,31.08,0.151
1066,W2C,6,8.135,3.0,2,29.45,0.1329
1067,N2C,5,11.8679,0.0,0,20.19,0.0591
1067,S2C,4,12.5495,0.0,0,19.09,0.0433
1067,E2C,7,6.8684,14.0,2,34.88,0.1644
1067,W2C,6,8.4602,5.0,2,28.32,0.1295
1068,N2C,5,12.3575,0.0,0,19.39,0.0521
1068,S2C,5,13.1312,0.0,0,18.25,0.0409
1068,E2C,8,6.9869,16.0,2,34.29,0.1701
1068,W2C,7,9.3283,7.0,2,25.69,0.1243
1069,N2C,5,11.9011,0.0,0,20.13,0.0586
1069,S2C,5,12.4791,0.0,0,19.2,0.0503
1069,E2C,8,6.3767,19.0,3,37.57,0.1869
1069,W2C,7,8.4811,9.0,2,28.25,0.1379
1070,N2C,4,11.9919,0.0,0,19.98,0.0513
1070,S2C,5,12.801,0.0,0,18.72,0.0457
1070,E2C,8,5.9399,22.0,3,40.34,0.1951
1070,W2C,7,7.9729,11.0,2,30.05,0.1465
1071,N2C,4,12.1499,0.0,0,19.72,0.0491
1071,S2C,4,12.9848,0.0,0,18.45,0.037
1071,E2C,8,5.2825,26.0,4,45.36,0.2133
1071,W2C,7,7.0425,13.0,2,34.02,0.1613
1072,N2C,4,12.0068,0.0,0,19.96,0.0511
1072,S2C,4,13.2837,0.0,0,18.04,0.0327
1072,E2C,9,5.6873,30.0,4,42.13,0.2161
1072,W2C,8,7.0674,15.0,2,33.9,0.1682
1073,N2C,4,12.4678,0.0,0,19.22,0.0445
1073,S2C,4,13.6575,0.0,0,17.54,0.0273
1073,E2C,9,5.3064,34.0,4,45.15,0.2243
1073,W2C,8,6.4098,17.0,2,37.38,0.179
1074,N2C,4,12.3174,0.0,0,19.45,0.0466
1074,S2C,4,13.4114,0.0,0,17.87,0.0309
1074,E2C,9,5.4625,39.0,5,43.86,0.2313
1074,W2C,8,6.4918,20.0,3,36.91,0.1859
1075,N2C,4,12.4189,0.0,0,19.29,0.0452
1075,S2C,4,13.0869,0.0,0,18.31,0.0356
1075,E2C,9,5.4939,44.0,5,43.61,0.2342
1075,W2C,8,6.2048,23.0,3,38.62,0.192
1076,N2C,4,12.3219,0.0,0,19.45,0.0466
1076,S2C,4,13.2227,0.0,0,18.12,0.0336
1076,E2C,9,5.4799,49.0,5,43.72,0.2378
1076,W2C,8,6.2944,27.0,4,38.07,0.1994
1077,N2C,5,12.3803,0.0,0,19.35,0.0517
1077,S2C,4,13.4456,0.0,0,17.82,0.0304
1077,E2C,10,6.1748,54.0,5,38.8,0.2371
1077,W2C,9,6.8439,31.0,4,35.01,0.2001
1078,N2C,5,12.5028,0.0,0,19.16,0.05
1078,S2C,4,13.2797,0.0,0,18.04,0.0328
1078,E2C,10,6.1805,59.0,5,38.77,0.2403
1078,W2C,9,6.2477,35.0,4,38.35,0.2114
1079,N2C,5,11.9243,0.0,0,20.09,0.0583
1079,S2C,4,13.1413,0.0,0,18.23,0.0348
1079,E2C,10,5.4333,64.0,5,44.1,0.2544
1079,W2C,9,5.4677,39.0,4,43.82,0.2253
1080,N2C,4,12.6498,0.0,0,18.94,0.0419
1080,S2C,4,13.1361,0.0,0,18.24,0.0349
1080,E2C,10,4.7292,69.0,5,50.66,0.2679
1080,W2C,9,5.1788,44.0,5,46.27,0.2388
1081,N2C,4,12.827,0.0,0,18.68,0.0393
1081,S2C,5,13.2716,0.0,0,18.05,0.0389
1081,E2C,11,4.9697,74.0,5,48.21,0.2738
1081,W2C,10,5.54,49.0,5,43.25,0.2429
1082,N2C,4,12.804,0.0,0,18.71,0.0396
1082,S2C,4,13.1795,0.0,0,18.18,0.0342
1082,E2C,11,4.4321,80.0,6,54.06,0.2915
1082,W2C,10,5.2344,54.0,5,45.77,0.2506
1083,N2C,4,12.5716,0.0,0,19.06,0.043
1083,S2C,4,13.2582,0.0,0,18.07,0.0331
1083,E2C,11,4.3568,86.0,6,54.99,0.2966
1083,W2C,10,5.0922,60.0,6,47.05,0.2627
1084,N2C,4,12.5543,0.0,0,19.09,0.0432
1084,S2C,4,13.3141,0.0,0,18.0,0.0323
1084,E2C,11,4.4853,93.0,7,53.42,0.3054
1084,W2C,10,4.6989,66.0,6,50.99,0.2723
1085,N2C,4,12.3711,0.0,0,19.37,0.0459
1085,S2C,4,13.4624,0.0,0,17.8,0.0302
1085,E2C,11,4.4036,100.0,7,54.41,0.3113
1085,W2C,10,4.3729,72.0,6,54.79,0.281
1086,N2C,5,12.7258,0.0,0,18.83,0.0468
1086,S2C,4,13.4359,0.0,0,17.83,0.0305
1086,E2C,12,4.7611,107.0,7,50.32,0.3168
1086,W2C,11,4.7649,78.0,6,50.28,0.2854
1087,N2C,5,12.4272,0.0,0,19.28,0.0511
1087,S2C,4,13.0472,0.0,0,18.36,0.0361
1087,E2C,12,4.3652,114.0,7,54.89,0.3271
1087,W2C,11,4.5529,84.0,6,52.63,0.2924
1088,N2C,5,12.4733,0.0,0,19.21,0.0504
1088,S2C,4,13.0225,0.0,0,18.4,0.0365
1088,E2C,12,3.8574,121.0,7,62.11,0.3391
1088,W2C,11,4.7847,90.0,6,50.08,0.2931
1089,N2C,5,11.8589,0.0,0,20.2,0.0592
1089,S2C,4,12.3432,0.0,0,19.41,0.0463
1089,E2C,12,3.5458,129.0,8,67.57,0.3549
1089,W2C,11,4.6156,97.0,7,51.91,0.3062
1090,N2C,6,11.3985,0.0,0,21.02,0.0719
1090,S2C,5,12.0842,0.0,0,19.83,0.056
1090,E2C,11,4.7986,77.0,6,49.93,0.2842
1090,W2C,10,5.872,53.0,5,40.8,0.2408
1091,N2C,6,9.6433,0.0,0,24.85,0.0971
1091,S2C,5,11.3885,0.0,0,21.04,0.066
1091,E2C,11,4.8518,40.0,5,49.38,0.2528
1091,W2C,10,5.5396,24.0,3,43.25,0.2142
1092,N2C,6,8.8942,0.0,0,26.94,0.1079
1092,S2C,5,10.7267,0.0,0,22.34,0.0755
1092,E2C,11,5.1225,17.0,3,46.77,0.2216
1092,W2C,10,5.7508,4.0,1,41.66,0.1859
1093,N2C,6,8.855,1.0,1,27.06,0.1152
1093,S2C,5,10.5874,0.0,0,22.63,0.0776
1093,E2C,9,5.6952,3.0,1,42.07,0.18
1093,W2C,9,6.0494,0.0,0,39.61,0.1669
1094,N2C,6,8.4136,2.0,1,28.48,0.1222
1094,S2C,5,10.2227,1.0,1,23.44,0.0895
1094,E2C,9,5.8535,0.0,0,40.93,0.1697
1094,W2C,8,6.768,0.0,0,35.4,0.1505
1095,N2C,7,8.6409,4.0,2,27.73,0.1322
1095,S2C,6,10.1418,2.0,1,23.62,0.0973
1095,E2C,10,7.41,0.0,0,32.33,0.1533
1095,W2C,8,8.2176,0.0,0,29.16,0.1297
1096,N2C,7,7.8532,6.0,2,30.51,0.1449
1096,S2C,6,9.4391,3.0,1,25.38,0.1081
1096,E2C,8,8.381,0.0,0,28.59,0.1273
1096,W2C,7,9.0864,0.0,0,26.37,0.1112
1097,N2C,7,7.5152,8.0,2,31.88,0.1511
1097,S2C,6,9.0278,4.0,1,26.54,0.1147
1097,E2C,8,9.2856,0.0,0,25.8,0.1143
1097,W2C,6,9.8121,0.0,0,24.42,0.0947
1098,N2C,7,7.0324,11.0,3,34.07,0.1661
1098,S2C,6,8.0878,5.0,1,29.62,0.1289
1098,E2C,6,10.5647,0.0,0,22.68,0.0839
1098,W2C,5,10.954,0.0,0,21.87,0.0723
1099,N2C,8,6.9887,14.0,3,34.28,0.1747
1099,S2C,7,8.2387,6.0,1,29.08,0.1334
1099,E2C,7,11.6718,0.0,0,20.53,0.0739
1099,W2C,5,11.7697,0.0,0,20.36,0.0605
1100,N2C,8,6.4949,17.0,3,36.89,0.1838
1100,S2C,7,7.6928,8.0,2,31.15,0.1486
1100,E2C,5,12.8221,0.0,0,18.69,0.0454
1100,W2C,4,12.417,0.0,0,19.3,0.0452
1101,N2C,8,6.4153,20.0,3,37.35,0.187
1101,S2C,7,7.4407,10.0,2,32.2,0.1535
1101,E2C,5,13.0422,0.0,0,18.37,0.0422
1101,W2C,4,12.513,0.0,0,19.15,0.0438
1102,N2C,8,6.2427,23.0,3,38.38,0.1914
1102,S2C,7,7.6941,13.0,3,31.14,0.1579
1102,E2C,5,13.0149,0.0,0,18.41,0.0426
1102,W2C,4,12.3362,0.0,0,19.42,0.0464
1103,N2C,8,5.6921,27.0,4,42.09,0.208
1103,S2C,7,7.1739,16.0,3,33.4,0.1674
1103,E2C,4,12.9717,0.0,0,18.47,0.0372
1103,W2C,4,12.5147,0.0,0,19.15,0.0438
1104,N2C,9,5.9977,31.0,4,39.95,0.2123
1104,S2C,8,7.2275,19.0,3,33.15,0.1746
1104,E2C,5,13.3962,0.0,0,17.89,0.0371
1104,W2C,4,12.2513,0.0,0,19.56,0.0476
1105,N2C,9,5.3833,35.0,4,44.51,0.2238
1105,S2C,8,6.5313,22.0,3,36.68,0.1866
1105,E2C,4,13.0697,0.0,0,18.33,0.0358
1105,W2C,4,12.5135,0.0,0,19.15,0.0438
1106,N2C,9,5.1717,40.0,5,46.33,0.2362
1106,S2C,8,6.2015,26.0,4,38.64,0.2
1106,E2C,4,13.3409,0.0,0,17.96,0.0319
1106,W2C,4,11.8578,0.0,0,20.21,0.0533
1107,N2C,9,4.906,45.0,5,48.84,0.2434
1107,S2C,8,5.785,30.0,4,41.42,0.2087
1107,E2C,4,13.2801,0.0,0,18.04,0.0328
1107,W2C,4,12.0628,0.0,0,19.86,0.0503
1108,N2C,10,5.4021,50.0,5,44.35,0.2455
1108,S2C,9,6.0275,34.0,4,39.75,0.2139
1108,E2C,4,13.3353,0.0,0,17.97,0.032
1108,W2C,5,12.459,0.0,0,19.23,0.0506
1109,N2C,10,4.9575,55.0,5,48.33,0.2553
1109,S2C,9,5.8815,38.0,4,40.74,0.2186
1109,E2C,4,13.5897,0.0,0,17.63,0.0283
1109,W2C,5,12.22,0.0,0,19.61,0.054
1110,N2C,10,5.009,60.0,5,47.83,0.2579
1110,S2C,9,5.6994,42.0,4,42.04,0.2239
1110,E2C,4,13.2462,0.0,0,18.09,0.0333
1110,W2C,5,12.264,0.0,0,19.54,0.0534
1111,N2C,10,4.5951,65.0,5,52.14,0.2672
1111,S2C,9,5.5836,47.0,5,42.91,0.2349
1111,E2C,4,13.2783,0.0,0,18.04,0.0328
1111,W2C,5,12.5577,0.0,0,19.08,0.0492
1112,N2C,10,4.2935,71.0,6,55.81,0.2815
1112,S2C,9,5.0813,52.0,5,47.15,0.2455
1112,E2C,4,13.6474,0.0,0,17.56,0.0275
1112,W2C,4,12.2952,0.0,0,19.49,0.047
1113,N2C,11,4.7543,77.0,6,50.4,0.2849
1113,S2C,10,5.5368,57.0,5,43.27,0.2483
1113,E2C,3,13.2111,0.0,0,18.14,0.0278
1113,W2C,4,12.2828,0.0,0,19.51,0.0471
1114,N2C,11,4.6286,83.0,6,51.77,0.2907
1114,S2C,10,5.0071,63.0,6,47.85,0.2659
1114,E2C,4,13.3854,0.0,0,17.9,0.0313
1114,W2C,4,12.7705,0.0,0,18.76,0.0401
1115,N2C,11,4.5388,90.0,7,52.79,0.3026
1115,S2C,10,4.8164,69.0,6,49.75,0.2726
1115,E2C,4,13.4238,0.0,0,17.85,0.0307
1115,W2C,4,12.7966,0.0,0,18.72,0.0397
1116,N2C,11,4.4549,97.0,7,53.78,0.3085
1116,S2C,10,4.3818,75.0,6,54.68,0.2829
1116,E2C,4,13.4543,0.0,0,17.81,0.0303
1116,W2C,4,12.9938,0.0,0,18.44,0.0369
1117,N2C,12,5.287,104.0,7,45.32,0.3072
1117,S2C,11,4.8336,81.0,6,49.57,0.2864
1117,E2C,4,13.0811,0.0,0,18.32,0.0356
1117,W2C,5,12.4433,0.0,0,19.26,0.0508
1118,N2C,12,4.7608,111.0,7,50.33,0.3195
1118,S2C,11,4.5887,87.0,6,52.22,0.2939
1118,E2C,4,13.3295,0.0,0,17.98,0.0321
1118,W2C,4,12.1032,0.0,0,19.8,0.0497
1119,N2C,12,4.4285,118.0,7,54.1,0.3289
1119,S2C,11,4.6349,94.0,7,51.69,0.3039
1119,E2C,4,13.0164,0.0,0,18.41,0.0366
1119,W2C,4,12.0406,0.0,0,19.9,0.0506
1120,N2C,12,4.2363,125.0,7,56.56,0.3363
1120,S2C,11,4.6862,101.0,7,51.13,0.3079
1120,E2C,4,13.0777,0.0,0,18.32,0.0357
1120,W2C,4,11.7746,0.0,0,20.35,0.0545
1121,N2C,12,3.8762,132.0,7,61.81,0.3462
1121,S2C,11,4.3154,108.0,7,55.52,0.3179
1121,E2C,4,12.5228,0.0,0,19.13,0.0437
1121,W2C,4,11.8221,0.0,0,20.27,0.0538
1122,N2C,13,4.2404,140.0,8,56.5,0.3583
1122,S2C,12,4.7539,115.0,7,50.4,0.3222
1122,E2C,5,11.1369,0.0,0,21.51,0.0696
1122,W2C,5,12.2099,0.0,0,19.62,0.0542
1123,N2C,11,4.3803,88.0,6,54.7,0.2976
1123,S2C,10,4.9128,68.0,5,48.77,0.2646
1123,E2C,5,10.4923,0.0,0,22.84,0.0789
1123,W2C,5,11.5238,0.0,0,20.79,0.0641
1124,N2C,11,4.1302,46.0,5,58.01,0.2672
1124,S2C,10,4.6675,31.0,3,51.33,0.2315
1124,E2C,5,9.7933,0.0,0,24.47,0.089
1124,W2C,5,11.0739,0.0,0,21.64,0.0705
1125,N2C,11,4.2213,17.0,3,56.76,0.2346
1125,S2C,10,5.0798,8.0,2,47.17,0.2042
1125,E2C,5,9.5722,1.0,1,25.03,0.0988
1125,W2C,5,10.2992,0.0,0,23.26,0.0817
1126,N2C,10,5.8193,3.0,1,41.17,0.1842
1126,S2C,9,6.5165,0.0,0,36.77,0.1602
1126,E2C,6,9.5439,2.0,1,25.11,0.1059
1126,W2C,6,9.4812,1.0,1,25.27,0.1061
1127,N2C,10,6.1592,0.0,0,38.9,0.1713
1127,S2C,9,7.2489,0.0,0,33.05,0.1496
1127,E2C,6,8.9057,3.0,1,26.9,0.1158
1127,W2C,6,8.8153,2.0,1,27.18,0.1164
1128,N2C,10,7.052,0.0,0,33.98,0.1585
1128,S2C,8,8.1071,0.0,0,29.55,0.1313
1128,E2C,6,8.2273,5.0,2,29.12,0.1329
1128,W2C,6,8.2774,3.0,1,28.95,0.1248
1129,N2C,8,7.4813,0.0,0,32.03,0.1403
1129,S2C,7,8.7593,0.0,0,27.35,0.1159
1129,E2C,6,8.1525,7.0,2,29.39,0.1353
1129,W2C,6,8.1094,5.0,2,29.55,0.1346
1130,N2C,8,8.1981,0.0,0,29.23,0.13
1130,S2C,7,9.7683,0.0,0,24.53,0.1013
1130,E2C,6,7.9265,9.0,2,30.23,0.1399
1130,W2C,6,8.1251,7.0,2,29.49,0.1357
1131,N2C,7,9.9662,0.0,0,24.04,0.0985
1131,S2C,6,10.9707,0.0,0,21.84,0.078
1131,E2C,7,8.2323,11.0,2,29.1,0.1428
1131,W2C,7,7.877,9.0,2,30.42,0.1466
1132,N2C,7,10.6004,0.0,0,22.6,0.0894
1132,S2C,6,11.1321,0.0,0,21.52,0.0757
1132,E2C,7,7.6238,13.0,2,31.43,0.1529
1132,W2C,7,7.1084,11.0,2,33.71,0.159
1133,N2C,5,11.8393,0.0,0,20.24,0.0595
1133,S2C,4,12.6998,0.0,0,18.87,0.0411
1133,E2C,7,7.1092,15.0,2,33.7,0.1616
1133,W2C,7,6.7911,13.0,2,35.28,0.1649
1134,N2C,5,12.1541,0.0,0,19.71,0.055
1134,S2C,4,12.1513,0.0,0,19.72,0.049
1134,E2C,7,6.366,17.0,2,37.64,0.1737
1134,W2C,7,6.6284,15.0,2,36.15,0.1686
1135,N2C,5,13.0613,0.0,0,18.34,0.0419
1135,S2C,5,12.8296,0.0,0,18.68,0.0453
1135,E2C,8,6.6613,19.0,2,35.97,0.1768
1135,W2C,8,7.5092,18.0,3,31.91,0.1699
1136,N2C,5,12.8207,0.0,0,18.69,0.0454
1136,S2C,5,12.2529,0.0,0,19.55,0.0536
1136,E2C,8,6.143,22.0,3,39.0,0.1922
1136,W2C,8,7.3641,21.0,3,32.54,0.174
1137,N2C,4,13.015,0.0,0,18.41,0.0366
1137,S2C,5,12.5176,0.0,0,19.14,0.0498
1137,E2C,8,6.074,25.0,3,39.45,0.1952
1137,W2C,8,7.3839,24.0,3,32.45,0.1757
1138,N2C,4,12.9504,0.0,0,18.5,0.0375
1138,S2C,4,12.6922,0.0,0,18.88,0.0412
1138,E2C,8,6.1231,29.0,4,39.13,0.2032
1138,W2C,8,7.5199,27.0,3,31.86,0.1757
1139,N2C,4,12.7906,0.0,0,18.73,0.0398
1139,S2C,4,12.6484,0.0,0,18.94,0.0419
1139,E2C,8,5.9698,33.0,4,40.14,0.208
1139,W2C,8,6.8416,30.0,3,35.02,0.1875
1140,N2C,4,13.3607,0.0,0,17.93,0.0316
1140,S2C,4,12.5309,0.0,0,19.12,0.0436
1140,E2C,9,6.7982,37.0,4,35.24,0.2048
1140,W2C,9,7.1863,33.0,3,33.34,0.1905
1141,N2C,4,13.1704,0.0,0,18.19,0.0344
1141,S2C,4,12.4312,0.0,0,19.27,0.045
1141,E2C,9,6.7323,41.0,4,35.59,0.2084
1141,W2C,9,6.0047,36.0,3,39.9,0.2095
1142,N2C,4,13.23,0.0,0,18.11,0.0335
1142,S2C,4,12.5064,0.0,0,19.16,0.0439
1142,E2C,9,6.4974,45.0,4,36.88,0.2144
1142,W2C,9,5.2748,39.0,3,45.42,0.222
1143,N2C,4,13.0927,0.0,0,18.3,0.0355
1143,S2C,4,12.368,0.0,0,19.37,0.0459
1143,E2C,9,6.1035,49.0,4,39.26,0.2228
1143,W2C,9,4.8737,43.0,4,49.16,0.2365
1144,N2C,4,13.2797,0.0,0,18.04,0.0328
1144,S2C,5,12.5638,0.0,0,19.07,0.0491
1144,E2C,10,6.4426,53.0,4,37.19,0.2266
1144,W2C,10,5.4731,48.0,5,43.78,0.2432
1145,N2C,4,12.9358,0.0,0,18.52,0.0377
1145,S2C,4,12.7947,0.0,0,18.73,0.0398
1145,E2C,10,5.8295,58.0,5,41.1,0.2447
1145,W2C,10,5.0182,53.0,5,47.75,0.2531
1146,N2C,4,12.937,0.0,0,18.52,0.0377
1146,S2C,4,12.509,0.0,0,19.15,0.0439
1146,E2C,10,5.5633,63.0,5,43.07,0.2519
1146,W2C,10,4.9813,58.0,5,48.1,0.2569
1147,N2C,4,13.2017,0.0,0,18.15,0.0339
1147,S2C,4,12.4033,0.0,0,19.32,0.0454
1147,E2C,10,5.2096,68.0,5,45.99,0.2603
1147,W2C,10,4.907,64.0,6,48.83,0.268
1148,N2C,4,12.8735,0.0,0,18.61,0.0386
1148,S2C,4,12.3187,0.0,0,19.45,0.0466
1148,E2C,10,5.2362,73.0,5,45.76,0.2633
1148,W2C,10,4.8943,70.0,6,48.95,0.2722
1149,N2C,5,13.2389,0.0,0,18.1,0.0394
1149,S2C,5,12.6452,0.0,0,18.95,0.0479
1149,E2C,11,5.5093,79.0,6,43.49,0.2753
1149,W2C,11,5.7013,76.0,6,42.03,0.2706
1150,N2C,4,13.2731,0.0,0,18.05,0.0329
1150,S2C,5,12.4696,0.0,0,19.21,0.0505
1150,E2C,11,5.141,85.0,6,46.61,0.2846
1150,W2C,11,5.686,82.0,6,42.14,0.2748
1151,N2C,4,12.9265,0.0,0,18.54,0.0379
1151,S2C,4,12.6425,0.0,0,18.95,0.042
1151,E2C,11,4.3789,91.0,6,54.72,0.2996
1151,W2C,11,5.2916,88.0,6,45.28,0.2845
1152,N2C,4,12.9922,0.0,0,18.44,0.0369
1152,S2C,4,12.8184,0.0,0,18.69,0.0394
1152,E2C,11,4.0845,97.0,6,58.66,0.3079
1152,W2C,11,4.6664,94.0,6,51.35,0.2975
1153,N2C,3,13.2041,0.0,0,18.15,0.0279
1153,S2C,4,13.138,0.0,0,18.24,0.0348
1153,E2C,12,4.4668,104.0,7,53.64,0.319
1153,W2C,12,4.6962,100.0,6,51.02,0.307
1154,N2C,4,13.0915,0.0,0,18.3,0.0355
1154,S2C,4,12.4321,0.0,0,19.27,0.045
1154,E2C,12,4.5037,111.0,7,53.2,0.3232
1154,W2C,12,4.3493,106.0,6,55.09,0.316
1155,N2C,4,13.1112,0.0,0,18.27,0.0352
1155,S2C,4,12.7283,0.0,0,18.82,0.0407
1155,E2C,12,4.1843,119.0,8,57.26,0.3391
1155,W2C,12,4.1124,113.0,7,58.26,0.3301
1156,N2C,4,13.0549,0.0,0,18.35,0.036
1156,S2C,4,12.9734,0.0,0,18.47,0.0372
1156,E2C,10,4.6793,66.0,6,51.2,0.2726
1156,W2C,10,4.3787,62.0,6,54.72,0.2743
1157,N2C,4,12.3635,0.0,0,19.38,0.046
1157,S2C,4,12.4721,0.0,0,19.21,0.0444
1157,E2C,10,4.7113,30.0,4,50.86,0.2362
1157,W2C,10,4.2002,30.0,4,57.04,0.2435
1158,N2C,5,11.9057,0.0,0,20.12,0.0586
1158,S2C,5,12.7192,0.0,0,18.84,0.0469
1158,E2C,11,5.7246,11.0,3,41.85,0.2089
1158,W2C,11,5.3326,8.0,3,44.93,0.2125
1159,N2C,5,10.8246,0.0,0,22.13,0.0741
1159,S2C,5,12.7164,0.0,0,18.84,0.0469
1159,E2C,9,6.4121,2.0,1,37.37,0.169
1159,W2C,9,6.0505,2.0,1,39.6,0.1742
1160,N2C,5,10.1202,0.0,0,23.68,0.0843
1160,S2C,5,12.2308,0.0,0,19.59,0.0539
1160,E2C,9,6.9097,0.0,0,34.68,0.1545
1160,W2C,9,6.213,0.0,0,38.56,0.1645
1161,N2C,5,10.0972,1.0,1,23.73,0.0913
1161,S2C,5,11.273,0.0,0,21.25,0.0677
1161,E2C,8,7.6693,0.0,0,31.24,0.1376
1161,W2C,9,6.9797,0.0,0,34.33,0.1535
1162,N2C,6,10.0728,2.0,1,23.79,0.0983
1162,S2C,6,10.6932,0.0,0,22.41,0.082
1162,E2C,8,9.0223,0.0,0,26.56,0.1181
1162,W2C,8,8.2356,0.0,0,29.09,0.1294
1163,N2C,6,9.4085,3.0,1,25.47,0.1085
1163,S2C,6,9.3874,1.0,1,25.52,0.1075
1163,E2C,6,10.5726,0.0,0,22.66,0.0838
1163,W2C,8,8.7183,0.0,0,27.48,0.1225
1164,N2C,6,8.6089,5.0,2,27.83,0.1274
1164,S2C,6,9.0734,2.0,1,26.41,0.1127
1164,E2C,6,11.1007,0.0,0,21.58,0.0762
1164,W2C,6,9.8254,0.0,0,24.39,0.0945
1165,N2C,6,8.9109,7.0,2,26.89,0.1244
1165,S2C,6,8.9042,3.0,1,26.91,0.1158
1165,E2C,5,11.5218,0.0,0,20.8,0.0641
1165,W2C,6,10.5373,0.0,0,22.74,0.0843
1166,N2C,6,8.5439,9.0,2,28.04,0.131
1166,S2C,6,8.1119,5.0,2,29.54,0.1345
1166,E2C,4,13.0096,0.0,0,18.42,0.0367
1166,W2C,4,11.8477,0.0,0,20.22,0.0534
1167,N2C,7,8.4528,11.0,2,28.35,0.1396
1167,S2C,7,8.1149,7.0,2,29.53,0.1418
1167,E2C,5,12.9399,0.0,0,18.52,0.0437
1167,W2C,5,11.6577,0.0,0,20.55,0.0621
1168,N2C,7,7.8045,13.0,2,30.7,0.1503
1168,S2C,7,7.5599,9.0,2,31.69,0.1511
1168,E2C,4,12.9596,0.0,0,18.49,0.0374
1168,W2C,5,12.1102,0.0,0,19.78,0.0556
1169,N2C,7,7.5132,15.0,2,31.89,0.1558
1169,S2C,7,7.3674,11.0,2,32.52,0.1553
1169,E2C,4,13.3186,0.0,0,17.99,0.0322
1169,W2C,4,11.7534,0.0,0,20.39,0.0548
1170,N2C,7,7.172,17.0,2,33.41,0.1621
1170,S2C,7,6.66,13.0,2,35.98,0.1668
1170,E2C,4,12.8789,0.0,0,18.6,0.0386
1170,W2C,4,11.507,0.0,0,20.82,0.0583
1171,N2C,8,7.4454,19.0,2,32.18,0.1655
1171,S2C,8,6.935,16.0,3,34.55,0.1768
1171,E2C,4,13.1778,0.0,0,18.18,0.0343
1171,W2C,5,12.0545,0.0,0,19.88,0.0564
1172,N2C,8,6.8077,22.0,3,35.2,0.1826
1172,S2C,8,6.2433,19.0,3,38.38,0.1888
1172,E2C,4,13.0268,0.0,0,18.39,0.0364
1172,W2C,5,11.7395,0.0,0,20.41,0.061
1173,N2C,8,6.438,25.0,3,37.22,0.19
1173,S2C,8,6.2298,23.0,4,38.46,0.1976
1173,E2C,4,13.0233,0.0,0,18.4,0.0365
1173,W2C,4,11.9403,0.0,0,20.07,0.0521
1174,N2C,8,6.3508,28.0,3,37.73,0.1932
1174,S2C,8,6.0078,27.0,4,39.88,0.2035
1174,E2C,4,12.8775,0.0,0,18.61,0.0386
1174,W2C,4,11.8168,0.0,0,20.28,0.0539
1175,N2C,8,5.7983,32.0,4,41.32,0.2098
1175,S2C,8,5.6292,31.0,4,42.56,0.2116
1175,E2C,4,13.4985,0.0,0,17.75,0.0296
1175,W2C,4,12.1833,0.0,0,19.67,0.0486
1176,N2C,9,6.1941,36.0,4,38.68,0.2128
1176,S2C,9,6.0051,35.0,4,39.9,0.2149
1176,E2C,4,13.2052,0.0,0,18.14,0.0339
1176,W2C,4,11.711,0.0,0,20.46,0.0554
1177,N2C,9,5.6609,40.0,4,42.33,0.2232
1177,S2C,9,5.6989,39.0,4,42.04,0.2219
1177,E2C,4,13.1097,0.0,0,18.28,0.0352
1177,W2C,4,11.2641,0.0,0,21.27,0.0618
1178,N2C,9,5.2103,44.0,4,45.99,0.2323
1178,S2C,9,5.4857,44.0,5,43.68,0.2343
1178,E2C,4,12.6625,0.0,0,18.92,0.0417
1178,W2C,4,11.549,0.0,0,20.75,0.0577
1179,N2C,9,4.8003,49.0,5,49.91,0.2475
1179,S2C,9,4.9956,49.0,5,47.96,0.2447
1179,E2C,4,13.0119,0.0,0,18.41,0.0366
1179,W2C,4,11.6125,0.0,0,20.63,0.0568
1180,N2C,10,4.9649,54.0,5,48.26,0.2545
1180,S2C,10,5.4451,54.0,5,44.0,0.2476
1180,E2C,5,13.0043,0.0,0,18.42,0.0428
1180,W2C,5,11.7923,0.0,0,20.32,0.0602
1181,N2C,10,4.7766,59.0,5,50.16,0.2606
1181,S2C,10,5.1302,59.0,5,46.7,0.2555
1181,E2C,4,12.9057,0.0,0,18.57,0.0382
1181,W2C,5,12.0303,0.0,0,19.92,0.0568
1182,N2C,10,4.7789,64.0,5,50.14,0.2639
1182,S2C,10,4.9531,64.0,5,48.37,0.2613
1182,E2C,4,12.7496,0.0,0,18.79,0.0404
1182,W2C,5,11.863,0.0,0,20.2,0.0592
1183,N2C,10,4.5948,70.0,6,52.15,0.2765
1183,S2C,10,5.0708,70.0,6,47.25,0.2697
1183,E2C,4,12.8183,0.0,0,18.69,0.0394
1183,W2C,5,11.9119,0.0,0,20.11,0.0585
1184,N2C,10,4.5361,76.0,6,52.82,0.2814
1184,S2C,10,4.9148,76.0,6,48.75,0.2759
1184,E2C,4,13.156,0.0,0,18.21,0.0346
1184,W2C,5,11.6977,0.0,0,20.48,0.0616
1185,N2C,11,5.4133,82.0,6,44.26,0.2787
1185,S2C,11,5.6968,82.0,6,42.06,0.2746
1185,E2C,4,13.2568,0.0,0,18.07,0.0331
1185,W2C,6,11.912,0.0,0,20.11,0.0645
1186,N2C,11,4.959,88.0,6,48.32,0.2893
1186,S2C,11,5.3669,88.0,6,44.64,0.2834
1186,E2C,4,12.5788,0.0,0,19.05,0.0429
1186,W2C,6,10.8328,0.0,0,22.12,0.08
1187,N2C,11,4.6955,94.0,6,51.03,0.2971
1187,S2C,11,4.5445,94.0,6,52.72,0.2992
1187,E2C,4,12.9021,0.0,0,18.57,0.0382
1187,W2C,6,9.5549,0.0,0,25.08,0.0984
1188,N2C,11,4.14,100.0,6,57.87,0.3091
1188,S2C,11,4.3804,100.0,6,54.7,0.3056
1188,E2C,4,12.4588,0.0,0,19.23,0.0446
1188,W2C,6,8.1892,0.0,0,29.26,0.1181
1189,N2C,10,5.4806,52.0,5,43.72,0.2458
1189,S2C,10,5.7814,55.0,4,41.44,0.2374
1189,E2C,5,11.7795,0.0,0,20.34,0.0604
1189,W2C,7,8.4413,0.0,0,28.38,0.1205
1190,N2C,10,5.2401,22.0,3,45.72,0.2172
1190,S2C,10,5.5662,21.0,2,43.05,0.2059
1190,E2C,5,11.1386,0.0,0,21.51,0.0696
1190,W2C,7,7.6774,2.0,2,31.21,0.1448
1191,N2C,10,5.7567,4.0,2,41.62,0.1918
1191,S2C,10,5.9151,1.0,1,40.51,0.1815
1191,E2C,5,10.2787,0.0,0,23.31,0.082
1191,W2C,7,6.9384,4.0,2,34.53,0.1568
1192,N2C,8,6.3036,0.0,0,38.01,0.1572
1192,S2C,8,6.6009,0.0,0,36.3,0.153
1192,E2C,5,10.166,0.0,0,23.57,0.0836
1192,W2C,7,6.9739,6.0,2,34.36,0.1576
1193,N2C,8,6.5084,0.0,0,36.81,0.1543
1193,S2C,8,7.1042,0.0,0,33.73,0.1457
1193,E2C,5,10.2779,1.0,1,23.31,0.0887
1193,W2C,7,7.1525,9.0,3,33.5,0.163
1194,N2C,8,8.0664,0.0,0,29.7,0.1319
1194,S2C,8,8.7462,0.0,0,27.39,0.1221
1194,E2C,6,10.1003,2.0,1,23.72,0.0979
1194,W2C,8,7.8886,12.0,3,30.37,0.1604
1195,N2C,7,9.0836,0.0,0,26.38,0.1112
1195,S2C,7,9.7511,0.0,0,24.57,0.1016
1195,E2C,6,9.256,3.0,1,25.89,0.1107
1195,W2C,8,7.5957,15.0,3,31.54,0.1666
1196,N2C,6,10.2476,0.0,0,23.38,0.0884
1196,S2C,6,10.9161,0.0,0,21.95,0.0788
1196,E2C,6,8.4994,4.0,1,28.19,0.1223
1196,W2C,8,7.1544,18.0,3,33.49,0.175
1197,N2C,5,11.5501,0.0,0,20.74,0.0637
1197,S2C,5,11.8381,0.0,0,20.24,0.0595
1197,E2C,6,8.4869,6.0,2,28.23,0.1298
1197,W2C,8,6.1458,21.0,3,38.99,0.1915
1198,N2C,6,12.1744,0.0,0,19.68,0.0607
1198,S2C,6,12.2799,0.0,0,19.51,0.0592
1198,E2C,7,9.2178,8.0,2,25.99,0.1266
1198,W2C,9,6.3674,24.0,3,37.63,0.1963
1199,N2C,5,12.4551,0.0,0,19.24,0.0507
1199,S2C,4,12.6789,0.0,0,18.9,0.0414
1199,E2C,7,8.6231,10.0,2,27.79,0.1365
1199,W2C,9,5.9688,27.0,3,40.14,0.2041
1200,N2C,5,12.3292,0.0,0,19.43,0.0525
1200,S2C,4,12.8401,0.0,0,18.66,0.0391
1200,E2C,7,7.9978,12.0,2,29.96,0.1468
1200,W2C,9,5.9206,31.0,4,40.47,0.2134
1201,N2C,5,12.6089,0.0,0,19.0,0.0484
1201,S2C,4,13.0236,0.0,0,18.4,0.0365
1201,E2C,7,7.248,14.0,2,33.06,0.159
1201,W2C,9,5.8054,35.0,4,41.27,0.2177
1202,N2C,5,12.3064,0.0,0,19.47,0.0528
1202,S2C,4,12.9016,0.0,0,18.57,0.0382
1202,E2C,7,7.105,16.0,2,33.72,0.1624
1202,W2C,9,5.4125,40.0,5,44.27,0.2327
1203,N2C,5,11.9172,0.0,0,20.11,0.0584
1203,S2C,4,12.9171,0.0,0,18.55,0.038
1203,E2C,8,7.3232,19.0,3,32.72,0.1732
1203,W2C,10,5.8267,45.0,5,41.12,0.2361
1204,N2C,4,12.731,0.0,0,18.82,0.0407
1204,S2C,4,13.0003,0.0,0,18.43,0.0368
1204,E2C,8,6.735,22.0,3,35.58,0.1837
1204,W2C,10,5.4574,50.0,5,43.9,0.2448
1205,N2C,4,12.6123,0.0,0,19.0,0.0424
1205,S2C,4,12.5041,0.0,0,19.16,0.044
1205,E2C,8,6.4808,25.0,3,36.97,0.1894
1205,W2C,10,5.3074,55.0,5,45.14,0.2502
1206,N2C,4,12.469,0.0,0,19.22,0.0445
1206,S2C,4,12.6296,0.0,0,18.97,0.0421
1206,E2C,8,5.8476,29.0,4,40.97,0.2071
1206,W2C,10,4.9894,61.0,6,48.02,0.2648
1207,N2C,4,12.6363,0.0,0,18.96,0.0421
1207,S2C,4,12.7822,0.0,0,18.74,0.04
1207,E2C,9,6.2829,33.0,4,38.14,0.2095
1207,W2C,11,5.1377,67.0,6,46.64,0.2727
1208,N2C,4,12.5093,0.0,0,19.15,0.0439
1208,S2C,4,12.8326,0.0,0,18.67,0.0392
1208,E2C,9,5.816,38.0,5,41.2,0.2256
1208,W2C,11,4.8472,73.0,6,49.43,0.2809
1209,N2C,4,12.47,0.0,0,19.21,0.0444
1209,S2C,4,12.7524,0.0,0,18.79,0.0404
1209,E2C,9,5.8206,43.0,5,41.16,0.2289
1209,W2C,11,4.727,79.0,6,50.69,0.2866
1210,N2C,4,12.5158,0.0,0,19.14,0.0438
1210,S2C,4,12.7691,0.0,0,18.76,0.0401
1210,E2C,9,5.7172,48.0,5,41.91,0.2337
1210,W2C,11,4.4151,86.0,7,54.27,0.3018
1211,N2C,4,12.2409,0.0,0,19.57,0.0477
1211,S2C,4,12.7997,0.0,0,18.72,0.0397
1211,E2C,9,5.1061,53.0,5,46.92,0.2458
1211,W2C,11,3.8973,93.0,7,61.48,0.3139
1212,N2C,5,12.7663,0.0,0,18.77,0.0462
1212,S2C,4,12.7726,0.0,0,18.76,0.0401
1212,E2C,10,5.4569,58.0,5,43.91,0.2501
1212,W2C,12,4.3565,100.0,7,55.0,0.3179
1213,N2C,4,12.697,0.0,0,18.87,0.0412
1213,S2C,4,12.3275,0.0,0,19.44,0.0465
1213,E2C,10,5.3002,63.0,5,45.21,0.2557
1213,W2C,12,4.0627,107.0,7,58.98,0.3268
1214,N2C,4,12.3591,0.0,0,19.39,0.046
1214,S2C,4,12.5544,0.0,0,19.08,0.0432
1214,E2C,10,5.3234,68.0,5,45.01,0.2587
1214,W2C,12,3.7019,115.0,8,64.72,0.3434
1215,N2C,4,12.5269,0.0,0,19.13,0.0436
1215,S2C,4,12.8153,0.0,0,18.7,0.0395
1215,E2C,10,4.6968,74.0,6,51.01,0.2777
1215,W2C,12,3.4173,123.0,8,70.11,0.3528
1216,N2C,4,12.66,0.0,0,18.93,0.0417
1216,S2C,5,12.6879,0.0,0,18.88,0.0473
1216,E2C,11,4.9844,80.0,6,48.07,0.2836
1216,W2C,13,3.9713,132.0,9,60.33,0.3628
1217,N2C,4,12.5296,0.0,0,19.12,0.0436
1217,S2C,5,12.8969,0.0,0,18.58,0.0443
1217,E2C,11,4.8212,86.0,6,49.7,0.2899
1217,W2C,13,3.9879,141.0,9,60.08,0.3686
1218,N2C,4,12.2642,0.0,0,19.54,0.0474
1218,S2C,4,13.0749,0.0,0,18.33,0.0357
1218,E2C,11,4.8184,92.0,6,49.73,0.294
1218,W2C,13,3.7456,150.0,9,63.97,0.3781
1219,N2C,4,12.2444,0.0,0,19.57,0.0477
1219,S2C,4,13.1609,0.0,0,18.21,0.0345
1219,E2C,11,4.343,99.0,7,55.17,0.3115
1219,W2C,13,3.3698,159.0,9,71.1,0.3895
1220,N2C,4,12.251,0.0,0,19.56,0.0476
1220,S2C,4,12.7657,0.0,0,18.77,0.0402
1220,E2C,11,3.9027,106.0,7,61.39,0.3225
1220,W2C,13,3.1244,168.0,9,76.69,0.399
1221,N2C,5,12.5267,0.0,0,19.13,0.0496
1221,S2C,5,12.7872,0.0,0,18.74,0.0459
1221,E2C,12,4.0566,113.0,7,59.06,0.3309
1221,W2C,14,3.6015,178.0,10,66.53,0.4108
1222,N2C,5,12.1944,0.0,0,19.65,0.0544
1222,S2C,5,12.0001,0.0,0,19.97,0.0572
1222,E2C,10,4.5134,64.0,5,53.09,0.2677
1222,W2C,12,4.1572,122.0,8,57.63,0.3415
1223,N2C,5,12.3392,0.0,0,19.42,0.0523
1223,S2C,5,11.1346,0.0,0,21.52,0.0697
1223,E2C,10,4.3938,30.0,3,54.53,0.2347
1223,W2C,12,4.2873,77.0,6,55.89,0.2976
1224,N2C,5,12.3284,0.0,0,19.43,0.0525
1224,S2C,5,10.0035,0.0,0,23.95,0.086
1224,E2C,10,4.4067,7.0,2,54.37,0.2132
1224,W2C,12,4.4865,39.0,4,53.4,0.2574
1225,N2C,6,11.6416,0.0,0,20.58,0.0684
1225,S2C,6,10.2104,0.0,0,23.47,0.089
1225,E2C,9,5.8509,0.0,0,40.95,0.1698
1225,W2C,11,5.7231,15.0,2,41.87,0.2056
1226,N2C,6,9.9151,0.0,0,24.17,0.0932
1226,S2C,6,9.3522,1.0,1,25.62,0.108
1226,E2C,9,6.5329,0.0,0,36.68,0.1599
1226,W2C,11,5.8207,0.0,0,41.16,0.1822
1227,N2C,6,8.7549,0.0,0,27.37,0.1099
1227,S2C,6,8.6442,2.0,1,27.72,0.1189
1227,E2C,9,7.2789,0.0,0,32.92,0.1492
1227,W2C,11,6.3022,0.0,0,38.02,0.1753
1228,N2C,6,8.8782,2.0,2,26.99,0.1215
1228,S2C,6,8.6392,4.0,2,27.73,0.1263
1228,E2C,7,7.7697,0.0,0,30.84,0.1301
1228,W2C,9,6.5914,0.0,0,36.35,0.1591
1229,N2C,6,8.2174,4.0,2,29.16,0.1323
1229,S2C,6,8.6811,6.0,2,27.6,0.127
1229,E2C,7,8.3888,0.0,0,28.56,0.1212
1229,W2C,9,7.42,0.0,0,32.29,0.1472
1230,N2C,7,8.1514,6.0,2,29.39,0.1406
1230,S2C,7,9.0819,8.0,2,26.38,0.1286
1230,E2C,6,9.8598,0.0,0,24.3,0.094
1230,W2C,8,8.7466,0.0,0,27.39,0.1221
1231,N2C,7,7.2321,8.0,2,33.13,0.1552
1231,S2C,7,8.2585,10.0,2,29.01,0.1418
1231,E2C,6,10.2102,0.0,0,23.47,0.089
1231,W2C,8,8.8978,0.0,0,26.93,0.1199
1232,N2C,7,7.1651,10.0,2,33.44,0.1575
1232,S2C,7,7.745,12.0,2,30.94,0.1505
1232,E2C,4,10.6533,0.0,0,22.49,0.0706
1232,W2C,6,9.9707,0.0,0,24.03,0.0924
1233,N2C,7,6.9177,13.0,3,34.64,0.1691
1233,S2C,7,6.9395,14.0,2,34.53,0.1634
1233,E2C,4,11.0258,0.0,0,21.73,0.0652
1233,W2C,6,10.5196,0.0,0,22.78,0.0845
1234,N2C,8,7.1121,16.0,3,33.69,0.1743
1234,S2C,8,6.903,17.0,3,34.71,0.1779
1234,E2C,5,11.4765,0.0,0,20.88,0.0648
1234,W2C,5,11.7953,0.0,0,20.31,0.0602
1235,N2C,8,7.1101,19.0,3,33.7,0.1763
1235,S2C,8,6.2247,21.0,4,38.49,0.1964
1235,E2C,5,11.7,0.0,0,20.48,0.0615
1235,W2C,5,11.7967,0.0,0,20.31,0.0601
1236,N2C,8,6.866,22.0,3,34.9,0.1818
1236,S2C,8,6.4003,25.0,4,37.44,0.1965
1236,E2C,4,11.0774,0.0,0,21.63,0.0645
1236,W2C,4,12.3787,0.0,0,19.36,0.0458
1237,N2C,8,5.9197,25.0,3,40.48,0.1974
1237,S2C,8,5.802,29.0,4,41.3,0.2078
1237,E2C,4,11.0429,0.0,0,21.7,0.065
1237,W2C,4,12.2835,0.0,0,19.51,0.0471
1238,N2C,8,5.3521,29.0,4,44.77,0.2143
1238,S2C,8,5.3208,33.0,4,45.03,0.2174
1238,E2C,4,11.2137,0.0,0,21.37,0.0625
1238,W2C,4,12.0232,0.0,0,19.93,0.0509
1239,N2C,9,5.8225,33.0,4,41.15,0.2162
1239,S2C,9,5.9518,37.0,4,40.26,0.217
1239,E2C,5,11.4914,0.0,0,20.85,0.0645
1239,W2C,5,12.3959,0.0,0,19.33,0.0515
1240,N2C,9,5.5366,37.0,4,43.28,0.2229
1240,S2C,9,5.5227,41.0,4,43.38,0.2258
1240,E2C,5,11.1602,0.0,0,21.47,0.0693
1240,W2C,5,12.2312,0.0,0,19.59,0.0539
1241,N2C,9,5.3934,42.0,5,44.42,0.2343
1241,S2C,9,5.364,46.0,5,44.67,0.2374
1241,E2C,5,11.641,0.0,0,20.58,0.0624
1241,W2C,5,11.8524,0.0,0,20.22,0.0593
1242,N2C,9,4.9533,47.0,5,48.37,0.244
1242,S2C,9,4.7536,51.0,5,50.4,0.2496
1242,E2C,5,11.2843,0.0,0,21.23,0.0675
1242,W2C,5,11.833,0.0,0,20.25,0.0596
1243,N2C,10,5.3656,52.0,5,44.65,0.2474
1243,S2C,10,5.0533,56.0,5,47.41,0.2546
1243,E2C,6,11.8815,0.0,0,20.17,0.0649
1243,W2C,5,12.9066,0.0,0,18.56,0.0442
1244,N2C,10,4.9623,58.0,6,48.28,0.2632
1244,S2C,10,4.6146,61.0,5,51.92,0.2642
1244,E2C,6,11.518,0.0,0,20.8,0.0702
1244,W2C,4,12.7502,0.0,0,18.79,0.0404
1245,N2C,10,4.9567,64.0,6,48.34,0.2673
1245,S2C,10,4.7013,66.0,5,50.96,0.2663
1245,E2C,5,11.9795,0.0,0,20.0,0.0575
1245,W2C,4,12.4364,0.0,0,19.27,0.0449
1246,N2C,10,4.9614,70.0,6,48.29,0.2712
1246,S2C,10,4.2064,72.0,6,56.96,0.2834
1246,E2C,5,11.6552,0.0,0,20.56,0.0622
1246,W2C,4,12.6393,0.0,0,18.96,0.042
1247,N2C,10,4.9066,76.0,6,48.83,0.276
1247,S2C,10,3.8957,78.0,6,61.5,0.2919
1247,E2C,5,11.8025,0.0,0,20.3,0.0601
1247,W2C,4,12.5127,0.0,0,19.15,0.0438
1248,N2C,11,5.5206,82.0,6,43.4,0.2772
1248,S2C,11,4.3316,85.0,7,55.31,0.3023
1248,E2C,6,12.0706,0.0,0,19.85,0.0622
1248,W2C,3,12.4137,0.0,0,19.3,0.0393
1249,N2C,11,4.9754,88.0,6,48.16,0.289
1249,S2C,11,4.2272,92.0,7,56.68,0.3085
1249,E2C,5,12.5529,0.0,0,19.09,0.0493
1249,W2C,4,12.5336,0.0,0,19.12,0.0435
1250,N2C,11,4.6828,94.0,6,51.17,0.2972
1250,S2C,11,4.4405,99.0,7,53.96,0.3101
1250,E2C,5,12.6806,0.0,0,18.9,0.0474
1250,W2C,4,12.4109,0.0,0,19.31,0.0453
1251,N2C,11,4.6777,100.0,6,51.22,0.3013
1251,S2C,11,4.1981,106.0,7,57.07,0.3182
1251,E2C,4,13.1167,0.0,0,18.27,0.0351
1251,W2C,4,12.438,0.0,0,19.26,0.0449
1252,N2C,12,5.0416,107.0,7,47.53,0.3127
1252,S2C,12,5.051,113.0,7,47.44,0.3166
1252,E2C,3,12.9248,0.0,0,18.54,0.0319
1252,W2C,5,12.7392,0.0,0,18.81,0.0466
1253,N2C,12,4.736,114.0,7,50.59,0.3218
1253,S2C,12,4.9133,120.0,7,48.77,0.3233
1253,E2C,4,13.1566,0.0,0,18.21,0.0346
1253,W2C,5,11.8831,0.0,0,20.16,0.0589
1254,N2C,12,4.2166,121.0,7,56.82,0.334
1254,S2C,12,4.7766,127.0,7,50.16,0.3299
1254,E2C,4,12.8892,0.0,0,18.59,0.0384
1254,W2C,5,10.8614,0.0,0,22.06,0.0736
1255,N2C,10,4.69,72.0,5,51.09,0.2705
1255,S2C,10,5.3376,76.0,5,44.89,0.2638
1255,E2C,4,12.9691,0.0,0,18.47,0.0373
1255,W2C,5,10.2843,0.0,0,23.3,0.0819
1256,N2C,10,4.5171,35.0,4,53.04,0.2423
1256,S2C,10,4.8136,36.0,3,49.78,0.2327
1256,E2C,4,12.7421,0.0,0,18.8,0.0405
1256,W2C,5,9.9344,0.0,0,24.12,0.087
1257,N2C,11,5.5296,9.0,3,43.33,0.2104
1257,S2C,11,5.7969,11.0,2,41.33,0.2019
1257,E2C,5,12.9344,0.0,0,18.52,0.0438
1257,W2C,6,10.4781,1.0,1,22.87,0.0918
1258,N2C,9,5.9857,2.0,1,40.03,0.1751
1258,S2C,10,6.0127,2.0,1,39.85,0.1808
1258,E2C,5,12.2551,0.0,0,19.55,0.0535
1258,W2C,6,10.3492,2.0,1,23.15,0.0943
1259,N2C,9,6.6466,0.0,0,36.05,0.1583
1259,S2C,9,7.0819,0.0,0,33.83,0.152
1259,E2C,5,11.019,0.0,0,21.74,0.0713
1259,W2C,6,10.073,3.0,1,23.79,0.099
1260,N2C,7,7.6826,0.0,0,31.19,0.1314
1260,S2C,8,8.2649,0.0,0,28.99,0.129
1260,E2C,5,10.5394,0.0,0,22.73,0.0782
1260,W2C,6,9.0337,4.0,1,26.52,0.1146
1261,N2C,8,8.985,0.0,0,26.67,0.1186
1261,S2C,8,9.5131,0.0,0,25.19,0.111
1261,E2C,6,10.007,0.0,0,23.94,0.0919
1261,W2C,7,8.6958,5.0,1,27.55,0.1261
1262,N2C,7,10.0328,0.0,0,23.88,0.0975
1262,S2C,7,10.2806,0.0,0,23.31,0.094
1262,E2C,6,9.2261,1.0,1,25.97,0.1098
1262,W2C,7,7.6763,6.0,1,31.21,0.1415
1263,N2C,6,10.9773,0.0,0,21.83,0.0779
1263,S2C,6,11.4812,0.0,0,20.87,0.0707
1263,E2C,6,8.5046,2.0,1,28.17,0.1209
1263,W2C,7,7.5261,8.0,2,31.84,0.151
1264,N2C,5,11.8624,0.0,0,20.2,0.0592
1264,S2C,5,12.0948,0.0,0,19.81,0.0558
1264,E2C,6,8.5125,4.0,2,28.15,0.1281
1264,W2C,7,7.4884,11.0,3,32.0,0.1595
1265,N2C,4,12.5599,0.0,0,19.08,0.0432
1265,S2C,4,12.7837,0.0,0,18.74,0.0399
1265,E2C,6,7.8842,6.0,2,30.39,0.1385
1265,W2C,7,7.2866,14.0,3,32.88,0.1644
1266,N2C,5,12.7362,0.0,0,18.81,0.0466
1266,S2C,4,12.4772,0.0,0,19.2,0.0443
1266,E2C,7,7.9506,8.0,2,30.14,0.1449
1266,W2C,8,7.9859,17.0,3,30.0,0.1623
1267,N2C,5,12.6055,0.0,0,19.01,0.0485
1267,S2C,4,12.1174,0.0,0,19.77,0.0495
1267,E2C,7,7.3175,10.0,2,32.74,0.1553
1267,W2C,8,7.6021,20.0,3,31.52,0.1699
1268,N2C,4,12.9644,0.0,0,18.48,0.0373
1268,S2C,4,12.0666,0.0,0,19.86,0.0503
1268,E2C,7,7.3663,13.0,3,32.53,0.1626
1268,W2C,8,6.724,23.0,3,35.63,0.1845
1269,N2C,4,12.8791,0.0,0,18.6,0.0386
1269,S2C,4,12.2871,0.0,0,19.5,0.0471
1269,E2C,7,7.3574,16.0,3,32.57,0.1647
1269,W2C,8,5.5608,26.0,3,43.09,0.2033
1270,N2C,4,12.5439,0.0,0,19.1,0.0434
1270,S2C,5,12.0835,0.0,0,19.83,0.056
1270,E2C,8,7.8095,19.0,3,30.68,0.1662
1270,W2C,9,5.8977,30.0,4,40.63,0.2131
1271,N2C,4,12.3702,0.0,0,19.37,0.0459
1271,S2C,4,11.5094,0.0,0,20.82,0.0583
1271,E2C,8,7.0501,22.0,3,33.99,0.1792
1271,W2C,9,5.8097,34.0,4,41.24,0.217
1272,N2C,4,12.3045,0.0,0,19.47,0.0468
1272,S2C,4,11.706,0.0,0,20.47,0.0554
1272,E2C,8,6.6594,25.0,3,35.98,0.1868
1272,W2C,9,5.7189,38.0,4,41.9,0.221
1273,N2C,4,12.4365,0.0,0,19.27,0.0449
1273,S2C,4,11.7762,0.0,0,20.35,0.0544
1273,E2C,8,6.647,28.0,3,36.05,0.189
1273,W2C,9,5.8193,43.0,5,41.17,0.2289
1274,N2C,4,12.8041,0.0,0,18.71,0.0396
1274,S2C,4,11.6428,0.0,0,20.58,0.0564
1274,E2C,8,6.3776,32.0,4,37.57,0.2015
1274,W2C,9,5.5287,48.0,5,43.34,0.2364
1275,N2C,5,13.0853,0.0,0,18.31,0.0416
1275,S2C,5,12.1607,0.0,0,19.7,0.0549
1275,E2C,9,6.9694,36.0,4,34.38,0.2016
1275,W2C,10,5.8694,53.0,5,40.82,0.2408
1276,N2C,5,12.3784,0.0,0,19.36,0.0518
1276,S2C,4,11.7346,0.0,0,20.42,0.055
1276,E2C,9,6.6621,40.0,4,35.96,0.2087
1276,W2C,10,5.3959,58.0,5,44.4,0.251
1277,N2C,4,12.7455,0.0,0,18.8,0.0405
1277,S2C,4,11.7238,0.0,0,20.44,0.0552
1277,E2C,9,5.9322,44.0,4,40.39,0.2219
1277,W2C,10,4.7725,63.0,5,50.2,0.2633
1278,N2C,4,12.9939,0.0,0,18.44,0.0369
1278,S2C,4,11.6559,0.0,0,20.56,0.0562
1278,E2C,9,5.3302,49.0,5,44.95,0.2399
1278,W2C,10,4.3342,69.0,6,55.28,0.2796
1279,N2C,3,12.432,0.0,0,19.27,0.039
1279,S2C,5,12.1873,0.0,0,19.66,0.0545
1279,E2C,10,5.6458,54.0,5,42.44,0.2447
1279,W2C,11,4.7905,75.0,6,50.02,0.283
1280,N2C,3,12.736,0.0,0,18.81,0.0346
1280,S2C,5,12.2323,0.0,0,19.59,0.0539
1280,E2C,10,5.3607,59.0,5,44.7,0.2521
1280,W2C,11,4.6105,81.0,6,51.97,0.2896
1281,N2C,4,12.6058,0.0,0,19.01,0.0425
1281,S2C,5,12.1711,0.0,0,19.69,0.0548
1281,E2C,10,5.2655,65.0,6,45.5,0.2635
1281,W2C,11,4.5709,88.0,7,52.42,0.3009
1282,N2C,4,12.3671,0.0,0,19.37,0.0459
1282,S2C,4,12.1369,0.0,0,19.74,0.0492
1282,E2C,10,4.819,71.0,6,49.72,0.2739
1282,W2C,11,4.2425,95.0,7,56.48,0.3102
1283,N2C,4,12.3237,0.0,0,19.44,0.0466
1283,S2C,4,12.1483,0.0,0,19.72,0.0491
1283,E2C,10,4.4849,77.0,6,53.42,0.2828
1283,W2C,11,3.8149,102.0,7,62.81,0.3211
1284,N2C,5,12.5045,0.0,0,19.16,0.0499
1284,S2C,5,12.281,0.0,0,19.51,0.0532
1284,E2C,11,4.7471,83.0,6,50.47,0.289
1284,W2C,12,4.3085,109.0,7,55.61,0.3246
1285,N2C,4,12.2194,0.0,0,19.61,0.0481
1285,S2C,5,12.4018,0.0,0,19.32,0.0514
1285,E2C,11,4.716,90.0,7,50.81,0.3001
1285,W2C,12,4.1575,116.0,7,57.63,0.3315
1286,N2C,4,12.2405,0.0,0,19.57,0.0478
1286,S2C,5,12.3754,0.0,0,19.36,0.0518
1286,E2C,11,4.3168,97.0,7,55.5,0.3105
1286,W2C,12,3.9399,124.0,8,60.81,0.3459
1287,N2C,4,12.2521,0.0,0,19.56,0.0476
1287,S2C,5,11.7559,0.0,0,20.38,0.0607
1287,E2C,11,3.8903,104.0,7,61.59,0.3213
1287,W2C,12,3.6481,132.0,8,65.68,0.3555
1288,N2C,5,12.2184,0.0,0,19.61,0.0541
1288,S2C,6,11.1224,0.0,0,21.54,0.0759
1288,E2C,10,5.3931,59.0,5,44.43,0.2517
1288,W2C,11,4.8286,82.0,6,49.62,0.2871
1289,N2C,5,10.987,0.0,0,21.81,0.0718
1289,S2C,6,10.8471,0.0,0,22.09,0.0798
1289,E2C,10,5.4441,26.0,3,44.01,0.2169
1289,W2C,11,4.746,43.0,5,50.48,0.2563
1290,N2C,5,10.2967,0.0,0,23.27,0.0817
1290,S2C,6,10.5581,0.0,0,22.69,0.084
1290,E2C,10,5.8233,7.0,2,41.15,0.1928
1290,W2C,11,5.1953,17.0,3,46.12,0.2205
1291,N2C,5,9.778,0.0,0,24.5,0.0892
1291,S2C,6,9.8505,1.0,1,24.32,0.1008
1291,E2C,8,6.6203,0.0,0,36.19,0.1527
1291,W2C,10,5.9263,3.0,1,40.43,0.1827
1292,N2C,5,8.928,0.0,0,26.84,0.1014
1292,S2C,6,8.3972,2.0,1,28.53,0.1224
1292,E2C,8,6.9971,0.0,0,34.24,0.1473
1292,W2C,9,6.1397,0.0,0,39.03,0.1656
1293,N2C,6,9.4747,1.0,1,25.29,0.1062
1293,S2C,7,8.1796,3.0,1,29.29,0.1322
1293,E2C,8,8.7865,0.0,0,27.27,0.1215
1293,W2C,10,7.5089,0.0,0,31.91,0.1519
1294,N2C,6,8.4925,2.0,1,28.21,0.1211
1294,S2C,7,7.8561,5.0,2,30.5,0.1442
1294,E2C,7,9.5289,0.0,0,25.14,0.1048
1294,W2C,8,8.2356,0.0,0,29.09,0.1294
1295,N2C,6,7.9118,4.0,2,30.28,0.1367
1295,S2C,7,7.3466,7.0,2,32.61,0.1529
1295,E2C,6,10.4862,0.0,0,22.85,0.085
1295,W2C,8,8.7135,0.0,0,27.5,0.1225
1296,N2C,6,8.1455,6.0,2,29.42,0.1347
1296,S2C,7,6.8947,10.0,3,34.75,0.1674
1296,E2C,5,11.4754,0.0,0,20.88,0.0648
1296,W2C,6,9.5794,0.0,0,25.01,0.0981
1297,N2C,7,8.457,8.0,2,28.33,0.1376
1297,S2C,8,7.2886,13.0,3,32.87,0.1697
1297,E2C,5,12.4137,0.0,0,19.3,0.0513
1297,W2C,7,10.7583,0.0,0,22.27,0.0871
1298,N2C,7,8.6015,10.0,2,27.86,0.1368
1298,S2C,8,6.5964,16.0,3,36.32,0.1817
1298,E2C,4,12.8312,0.0,0,18.67,0.0392
1298,W2C,5,11.8823,0.0,0,20.16,0.0589
1299,N2C,7,8.5671,12.0,2,27.97,0.1386
1299,S2C,8,6.5905,19.0,3,36.36,0.1838
1299,E2C,4,12.6923,0.0,0,18.88,0.0412
1299,W2C,5,12.4828,0.0,0,19.19,0.0503
1300,N2C,7,8.4412,14.0,2,28.38,0.1418
1300,S2C,8,6.1242,23.0,4,39.12,0.1992
1300,E2C,4,12.5117,0.0,0,19.15,0.0438
1300,W2C,4,12.8811,0.0,0,18.6,0.0385
1301,N2C,7,7.9679,16.0,2,30.07,0.1499
1301,S2C,8,5.6553,27.0,4,42.37,0.2086
1301,E2C,4,12.761,0.0,0,18.78,0.0403
1301,W2C,4,12.6968,0.0,0,18.87,0.0412
1302,N2C,8,8.1957,18.0,2,29.23,0.154
1302,S2C,9,6.144,31.0,4,39.0,0.2102
1302,E2C,5,13.3504,0.0,0,17.95,0.0378
1302,W2C,5,12.998,0.0,0,18.43,0.0428
1303,N2C,8,6.9634,20.0,2,34.41,0.1731
1303,S2C,9,5.7966,35.0,4,41.33,0.2179
1303,E2C,5,12.8843,0.0,0,18.6,0.0445
1303,W2C,5,12.5037,0.0,0,19.16,0.05
1304,N2C,8,6.7675,22.0,2,35.4,0.1772
1304,S2C,9,5.735,40.0,5,41.78,0.2281
1304,E2C,4,13.013,0.0,0,18.41,0.0366
1304,W2C,4,12.6644,0.0,0,18.92,0.0416
1305,N2C,8,6.0865,25.0,3,39.37,0.195
1305,S2C,9,5.2402,45.0,5,45.72,0.2385
1305,E2C,4,12.9609,0.0,0,18.49,0.0374
1305,W2C,4,13.1543,0.0,0,18.21,0.0346
1306,N2C,9,7.044,29.0,4,34.01,0.1959
1306,S2C,10,5.7441,50.0,5,41.71,0.2406
1306,E2C,4,13.4511,0.0,0,17.81,0.0303
1306,W2C,5,13.0326,0.0,0,18.38,0.0423
1307,N2C,9,6.6007,33.0,4,36.3,0.205
1307,S2C,10,5.2459,55.0,5,45.67,0.2511
1307,E2C,4,13.1004,0.0,0,18.29,0.0354
1307,W2C,4,12.8085,0.0,0,18.71,0.0396
1308,N2C,9,5.9858,37.0,4,40.03,0.2165
1308,S2C,10,5.3574,60.0,5,44.72,0.2529
1308,E2C,4,12.8006,0.0,0,18.72,0.0397
1308,W2C,4,13.0415,0.0,0,18.37,0.0362
1309,N2C,9,5.219,41.0,4,45.91,0.2302
1309,S2C,10,5.1622,66.0,6,46.41,0.2657
1309,E2C,4,13.0413,0.0,0,18.37,0.0362
1309,W2C,4,13.278,0.0,0,18.04,0.0328
1310,N2C,9,5.1869,45.0,4,46.19,0.2333
1310,S2C,10,4.7774,72.0,6,50.15,0.2752
1310,E2C,4,12.7516,0.0,0,18.79,0.0404
1310,W2C,4,12.771,0.0,0,18.76,0.0401
1311,N2C,10,5.3534,49.0,4,44.76,0.2396
1311,S2C,11,5.22,78.0,6,45.9,0.2788
1311,E2C,5,13.2674,0.0,0,18.06,0.039
1311,W2C,4,13.0885,0.0,0,18.31,0.0355
1312,N2C,10,5.0907,54.0,5,47.07,0.2527
1312,S2C,11,4.9012,84.0,6,48.89,0.2874
1312,E2C,4,12.9142,0.0,0,18.55,0.0381
1312,W2C,4,12.4964,0.0,0,19.17,0.0441
1313,N2C,10,4.9552,60.0,6,48.35,0.2647
1313,S2C,11,4.4653,90.0,6,53.66,0.2977
1313,E2C,4,12.6471,0.0,0,18.95,0.0419
1313,W2C,4,12.8122,0.0,0,18.7,0.0395
1314,N2C,10,4.9302,66.0,6,48.6,0.269
1314,S2C,11,4.0363,97.0,7,59.36,0.3145
1314,E2C,4,12.8941,0.0,0,18.58,0.0383
1314,W2C,4,12.7975,0.0,0,18.72,0.0397
1315,N2C,11,5.7547,72.0,6,41.64,0.2671
1315,S2C,12,4.2569,104.0,7,56.28,0.322
1315,E2C,4,13.1513,0.0,0,18.22,0.0346
1315,W2C,4,12.4498,0.0,0,19.25,0.0447
1316,N2C,11,5.1528,78.0,6,46.5,0.2798
1316,S2C,12,4.3183,111.0,7,55.48,0.3258
1316,E2C,4,12.7983,0.0,0,18.72,0.0397
1316,W2C,4,12.5132,0.0,0,19.15,0.0438
1317,N2C,11,4.7968,84.0,6,49.95,0.2889
1317,S2C,12,3.94,119.0,8,60.81,0.3426
1317,E2C,4,12.812,0.0,0,18.7,0.0395
1317,W2C,4,12.0853,0.0,0,19.83,0.05
1318,N2C,11,4.2596,90.0,6,56.25,0.3007
1318,S2C,12,3.6703,127.0,8,65.28,0.3518
1318,E2C,4,12.8744,0.0,0,18.61,0.0386
1318,W2C,4,12.6977,0.0,0,18.87,0.0412
1319,N2C,11,4.1572,97.0,7,57.64,0.3128
1319,S2C,12,3.3213,135.0,8,72.14,0.3622
1319,E2C,4,12.3015,0.0,0,19.48,0.0469
1319,W2C,4,12.2141,0.0,0,19.62,0.0481
1320,N2C,12,4.6361,104.0,7,51.68,0.3166
1320,S2C,13,3.973,143.0,8,60.31,0.3641
1320,E2C,5,12.1118,0.0,0,19.78,0.0556
1320,W2C,5,12.3433,0.0,0,19.41,0.0523
1321,N2C,10,4.8805,55.0,5,49.09,0.2564
1321,S2C,11,4.4238,92.0,6,54.16,0.2996
1321,E2C,5,11.3191,0.0,0,21.17,0.067
1321,W2C,5,11.449,0.0,0,20.93,0.0651
1322,N2C,10,4.6545,25.0,3,51.48,0.2276
1322,S2C,11,4.3044,48.0,4,55.66,0.26
1322,E2C,5,10.4151,0.0,0,23.0,0.08
1322,W2C,5,10.9266,0.0,0,21.93,0.0727
1323,N2C,10,4.8334,6.0,2,49.57,0.2064
1323,S2C,11,4.5539,18.0,3,52.61,0.2304
1323,E2C,5,9.9148,0.0,0,24.17,0.0872
1323,W2C,5,9.7168,0.0,0,24.66,0.0901
1324,N2C,10,6.1673,0.0,0,38.85,0.1712
1324,S2C,10,5.8024,3.0,2,41.29,0.1905
1324,E2C,6,9.8301,1.0,1,24.37,0.1011
1324,W2C,6,9.6619,0.0,0,24.8,0.0969
1325,N2C,9,6.9529,0.0,0,34.46,0.1539
1325,S2C,10,6.477,0.0,0,36.99,0.1667
1325,E2C,6,9.1631,2.0,1,26.15,0.1114
1325,W2C,6,9.1233,1.0,1,26.26,0.1113
1326,N2C,9,7.8893,0.0,0,30.37,0.1404
1326,S2C,8,6.9043,0.0,0,34.7,0.1486
1326,E2C,6,8.6885,3.0,1,27.58,0.1189
1326,W2C,6,8.4291,2.0,1,28.43,0.122
1327,N2C,7,9.1193,0.0,0,26.27,0.1107
1327,S2C,8,7.7652,0.0,0,30.86,0.1362
1327,E2C,6,8.9249,4.0,1,26.85,0.1162
1327,W2C,6,8.3946,3.0,1,28.54,0.1231
1328,N2C,7,9.9734,0.0,0,24.02,0.0984
1328,S2C,7,8.32,0.0,0,28.8,0.1222
1328,E2C,6,8.6158,6.0,2,27.81,0.1279
1328,W2C,6,8.0397,5.0,2,29.8,0.1356
1329,N2C,6,11.7432,0.0,0,20.4,0.0669
1329,S2C,7,10.0129,0.0,0,23.93,0.0978
1329,E2C,7,8.9487,8.0,2,26.77,0.1305
1329,W2C,7,8.757,7.0,2,27.36,0.1326
1330,N2C,6,11.7697,0.0,0,20.36,0.0665
1330,S2C,6,11.0613,0.0,0,21.66,0.0767
1330,E2C,7,8.4324,10.0,2,28.41,0.1393
1330,W2C,7,8.0862,9.0,2,29.63,0.1436
1331,N2C,5,12.8321,0.0,0,18.67,0.0452
1331,S2C,5,11.5435,0.0,0,20.76,0.0638
1331,E2C,7,7.8684,12.0,2,30.45,0.1487
1331,W2C,7,7.5091,11.0,2,31.91,0.1532
1332,N2C,4,12.8976,0.0,0,18.58,0.0383
1332,S2C,4,12.2109,0.0,0,19.62,0.0482
1332,E2C,7,6.7913,14.0,2,35.28,0.1655
1332,W2C,7,6.8718,14.0,3,34.87,0.1704
1333,N2C,4,12.6354,0.0,0,18.96,0.0421
1333,S2C,5,12.748,0.0,0,18.8,0.0464
1333,E2C,8,7.3191,17.0,3,32.74,0.1719
1333,W2C,8,7.2897,17.0,3,32.87,0.1724
1334,N2C,4,12.7999,0.0,0,18.72,0.0397
1334,S2C,5,12.6204,0.0,0,18.99,0.0483
1334,E2C,8,6.6941,20.0,3,35.79,0.1829
1334,W2C,8,7.2639,20.0,3,32.99,0.1747
1335,N2C,4,12.7025,0.0,0,18.86,0.0411
1335,S2C,5,12.4797,0.0,0,19.2,0.0503
1335,E2C,8,6.3992,23.0,3,37.44,0.1892
1335,W2C,8,6.6982,23.0,3,35.77,0.1849
1336,N2C,4,12.8577,0.0,0,18.63,0.0389
1336,S2C,5,12.3469,0.0,0,19.41,0.0522
1336,E2C,8,6.1811,27.0,4,38.76,0.201
1336,W2C,8,5.8516,26.0,3,40.95,0.1991
1337,N2C,4,12.8069,0.0,0,18.71,0.0396
1337,S2C,4,12.9885,0.0,0,18.45,0.037
1337,E2C,8,5.6438,31.0,4,42.45,0.2114
1337,W2C,8,5.6535,30.0,4,42.38,0.2106
1338,N2C,4,12.9852,0.0,0,18.45,0.037
1338,S2C,4,12.9408,0.0,0,18.52,0.0377
1338,E2C,9,5.8656,35.0,4,40.85,0.2169
1338,W2C,9,5.9196,34.0,4,40.48,0.2154
1339,N2C,4,12.4842,0.0,0,19.19,0.0442
1339,S2C,4,12.9779,0.0,0,18.46,0.0371
1339,E2C,9,5.5372,39.0,4,43.27,0.2243
1339,W2C,9,5.4949,39.0,5,43.6,0.2309
1340,N2C,4,12.2692,0.0,0,19.53,0.0473
1340,S2C,4,12.7308,0.0,0,18.82,0.0407
1340,E2C,9,5.1189,43.0,4,46.81,0.233
1340,W2C,9,5.5644,44.0,5,43.06,0.2332
1341,N2C,4,12.8138,0.0,0,18.7,0.0395
1341,S2C,4,12.7744,0.0,0,18.76,0.0401
1341,E2C,9,4.7468,48.0,5,50.48,0.2477
1341,W2C,9,5.6371,49.0,5,42.5,0.2355
1342,N2C,5,12.7721,0.0,0,18.76,0.0461
1342,S2C,5,12.9241,0.0,0,18.54,0.0439
1342,E2C,10,5.2229,53.0,5,45.88,0.2501
1342,W2C,10,6.219,54.0,5,38.53,0.2365
1343,N2C,5,12.8428,0.0,0,18.66,0.0451
1343,S2C,5,12.7183,0.0,0,18.84,0.0469
1343,E2C,10,4.8198,58.0,5,49.71,0.2593
1343,W2C,10,5.959,59.0,5,40.21,0.2435
1344,N2C,4,12.9377,0.0,0,18.52,0.0377
1344,S2C,4,12.8817,0.0,0,18.6,0.0385
1344,E2C,10,4.7227,64.0,6,50.73,0.2707
1344,W2C,10,5.7626,64.0,5,41.58,0.2497
1345,N2C,4,12.9461,0.0,0,18.51,0.0376
1345,S2C,4,13.0129,0.0,0,18.41,0.0366
1345,E2C,10,4.4728,70.0,6,53.57,0.2783
1345,W2C,10,5.0403,69.0,5,47.54,0.2634
1346,N2C,4,12.9676,0.0,0,18.48,0.0373
1346,S2C,4,12.6785,0.0,0,18.9,0.0414
1346,E2C,10,4.1724,76.0,6,57.42,0.2866
1346,W2C,10,4.3592,74.0,5,54.96,0.2766
1347,N2C,4,13.0112,0.0,0,18.41,0.0367
1347,S2C,4,12.829,0.0,0,18.68,0.0393
1347,E2C,11,4.6902,82.0,6,51.09,0.2891
1347,W2C,11,4.8567,80.0,6,49.33,0.2854
1348,N2C,4,12.8566,0.0,0,18.64,0.0389
1348,S2C,4,13.0932,0.0,0,18.3,0.0355
1348,E2C,11,4.3611,88.0,6,54.94,0.2979
1348,W2C,11,4.6967,86.0,6,51.01,0.2917
1349,N2C,4,13.0696,0.0,0,18.33,0.0358
1349,S2C,4,12.9076,0.0,0,18.56,0.0381
1349,E2C,11,4.299,95.0,7,55.73,0.3094
1349,W2C,11,4.6028,92.0,6,52.06,0.2971
1350,N2C,4,12.5044,0.0,0,19.16,0.044
1350,S2C,4,13.1316,0.0,0,18.25,0.0349
1350,E2C,11,4.1995,102.0,7,57.05,0.3155
1350,W2C,11,4.359,98.0,6,54.97,0.3046
1351,N2C,4,12.7411,0.0,0,18.81,0.0405
1351,S2C,4,12.9926,0.0,0,18.44,0.0369
1351,E2C,12,4.7599,109.0,7,50.34,0.3181
1351,W2C,12,4.7556,105.0,7,50.38,0.3155
1352,N2C,5,12.4372,0.0,0,19.26,0.0509
1352,S2C,4,12.5418,0.0,0,19.1,0.0434
1352,E2C,12,4.503,116.0,7,53.21,0.3265
1352,W2C,12,4.5108,112.0,7,53.12,0.3237
1353,N2C,5,11.6645,0.0,0,20.54,0.062
1353,S2C,4,12.7492,0.0,0,18.79,0.0404
1353,E2C,12,4.2087,123.0,7,56.93,0.3354
1353,W2C,12,4.0996,119.0,7,58.44,0.3343
1354,N2C,5,10.73,0.0,0,22.33,0.0755
1354,S2C,4,12.8568,0.0,0,18.64,0.0389
1354,E2C,10,5.0276,72.0,5,47.66,0.2656
1354,W2C,10,4.554,70.0,6,52.61,0.2771
1355,N2C,5,9.8865,0.0,0,24.24,0.0876
1355,S2C,4,13.186,0.0,0,18.17,0.0341
1355,E2C,10,5.299,35.0,4,45.22,0.231
1355,W2C,10,4.3572,33.0,4,54.99,0.2433
1356,N2C,6,9.9643,1.0,1,24.05,0.0992
1356,S2C,5,12.1484,0.0,0,19.72,0.0551
1356,E2C,11,6.1175,10.0,2,39.17,0.1966
1356,W2C,11,5.6549,9.0,2,42.37,0.2026
1357,N2C,6,9.253,2.0,1,25.89,0.1101
1357,S2C,5,11.0816,0.0,0,21.62,0.0704
1357,E2C,9,6.812,0.0,0,35.17,0.1559
1357,W2C,9,6.6688,1.0,1,35.93,0.1646
1358,N2C,6,8.3326,3.0,1,28.75,0.124
1358,S2C,5,10.3251,0.0,0,23.21,0.0813
1358,E2C,9,7.2731,0.0,0,32.94,0.1493
1358,W2C,9,7.3102,0.0,0,32.78,0.1487
1359,N2C,6,7.9913,5.0,2,29.98,0.1363
1359,S2C,5,10.266,0.0,0,23.34,0.0822
1359,E2C,8,8.1528,0.0,0,29.39,0.1306
1359,W2C,8,8.0759,0.0,0,29.67,0.1317
1360,N2C,7,8.1606,7.0,2,29.36,0.1412
1360,S2C,6,10.6629,1.0,1,22.47,0.0891
1360,E2C,8,9.6111,0.0,0,24.93,0.1096
1360,W2C,8,9.4985,0.0,0,25.23,0.1112
1361,N2C,7,7.6784,9.0,2,31.2,0.1494
1361,S2C,6,9.466,2.0,1,25.31,0.107
1361,E2C,7,10.1098,0.0,0,23.7,0.0964
1361,W2C,7,10.4212,0.0,0,22.99,0.0919
1362,N2C,7,7.3898,11.0,2,32.42,0.1549
1362,S2C,6,8.922,3.0,1,26.86,0.1155
1362,E2C,6,11.4323,0.0,0,20.96,0.0714
1362,W2C,6,11.318,0.0,0,21.17,0.073
1363,N2C,7,7.6026,14.0,3,31.52,0.1599
1363,S2C,6,8.6819,4.0,1,27.6,0.1197
1363,E2C,5,12.0755,0.0,0,19.84,0.0561
1363,W2C,5,11.6991,0.0,0,20.48,0.0615
1364,N2C,7,7.3698,17.0,3,32.51,0.1652
1364,S2C,6,7.6334,6.0,2,31.39,0.1421
1364,E2C,4,12.5466,0.0,0,19.1,0.0433
1364,W2C,4,12.7651,0.0,0,18.77,0.0402
1365,N2C,8,7.9794,20.0,3,30.03,0.1644
1365,S2C,7,7.8906,8.0,2,30.37,0.1457
1365,E2C,5,12.6053,0.0,0,19.01,0.0485
1365,W2C,5,12.887,0.0,0,18.59,0.0444
1366,N2C,8,7.2521,23.0,3,33.04,0.1769
1366,S2C,7,7.2502,10.0,2,33.05,0.1563
1366,E2C,5,12.6681,0.0,0,18.91,0.0476
1366,W2C,4,13.2484,0.0,0,18.09,0.0332
1367,N2C,8,6.8983,26.0,3,34.73,0.184
1367,S2C,7,7.2138,12.0,2,33.21,0.1581
1367,E2C,4,12.3462,0.0,0,19.41,0.0462
1367,W2C,4,13.0024,0.0,0,18.43,0.0368
1368,N2C,8,6.5037,30.0,4,36.84,0.1984
1368,S2C,7,6.5391,15.0,3,36.64,0.1758
1368,E2C,4,12.6882,0.0,0,18.88,0.0413
1368,W2C,4,13.1004,0.0,0,18.29,0.0354
1369,N2C,9,6.4735,34.0,4,37.01,0.2075
1369,S2C,8,6.6868,18.0,3,35.83,0.1817
1369,E2C,5,12.9829,0.0,0,18.46,0.0431
1369,W2C,4,13.2596,0.0,0,18.07,0.0331
1370,N2C,9,5.9929,38.0,4,39.98,0.217
1370,S2C,8,6.3367,21.0,3,37.81,0.1888
1370,E2C,4,12.9411,0.0,0,18.51,0.0377
1370,W2C,4,13.1126,0.0,0,18.27,0.0352
1371,N2C,9,5.7131,42.0,4,41.94,0.2237
1371,S2C,8,6.0579,25.0,4,39.55,0.2014
1371,E2C,4,13.1431,0.0,0,18.23,0.0348
1371,W2C,4,13.2292,0.0,0,18.11,0.0335
1372,N2C,9,5.5703,46.0,4,43.01,0.2285
1372,S2C,8,6.3289,29.0,4,37.86,0.2002
1372,E2C,4,13.1392,0.0,0,18.24,0.0348
1372,W2C,4,12.937,0.0,0,18.52,0.0377
1373,N2C,9,5.1991,51.0,5,46.09,0.2431
1373,S2C,8,6.2516,33.0,4,38.33,0.204
1373,E2C,4,12.8843,0.0,0,18.6,0.0385
1373,W2C,4,12.7378,0.0,0,18.81,0.0406
1374,N2C,10,5.5213,56.0,5,43.4,0.2478
1374,S2C,9,7.0551,37.0,4,33.96,0.2011
1374,E2C,4,13.0537,0.0,0,18.35,0.036
1374,W2C,5,13.0663,0.0,0,18.34,0.0419
1375,N2C,10,4.9249,61.0,5,48.65,0.2598
1375,S2C,9,6.6365,41.0,4,36.1,0.2098
1375,E2C,4,12.8174,0.0,0,18.69,0.0394
1375,W2C,4,13.3666,0.0,0,17.93,0.0315
1376,N2C,10,4.446,66.0,5,53.89,0.27
1376,S2C,9,6.5307,45.0,4,36.69,0.214
1376,E2C,4,12.8682,0.0,0,18.62,0.0387
1376,W2C,4,13.0085,0.0,0,18.42,0.0367
1377,N2C,10,4.1622,72.0,6,57.57,0.2841
1377,S2C,9,5.7597,49.0,4,41.6,0.2277
1377,E2C,4,12.8174,0.0,0,18.69,0.0394
1377,W2C,4,12.9048,0.0,0,18.57,0.0382
1378,N2C,11,4.6075,78.0,6,52.0,0.2877
1378,S2C,10,5.6171,53.0,4,42.66,0.2385
1378,E2C,3,12.7831,0.0,0,18.74,0.0339
1378,W2C,4,12.8899,0.0,0,18.59,0.0384
1379,N2C,11,4.5763,84.0,6,52.36,0.2921
1379,S2C,10,5.1195,57.0,4,46.8,0.2483
1379,E2C,3,12.389,0.0,0,19.34,0.0396
1379,W2C,4,12.7245,0.0,0,18.83,0.0408
1380,N2C,11,4.5841,91.0,7,52.27,0.3027
1380,S2C,10,5.1095,62.0,5,46.89,0.2578
1380,E2C,3,12.5283,0.0,0,19.12,0.0376
1380,W2C,4,12.8141,0.0,0,18.7,0.0395
1381,N2C,11,4.049,98.0,7,59.17,0.315
1381,S2C,10,4.6135,68.0,6,51.94,0.2749
1381,E2C,4,12.367,0.0,0,19.37,0.0459
1381,W2C,4,12.8782,0.0,0,18.61,0.0386
1382,N2C,11,3.7263,105.0,7,64.3,0.3243
1382,S2C,10,4.1994,74.0,6,57.06,0.2849
1382,E2C,4,12.5546,0.0,0,19.08,0.0432
1382,W2C,4,13.2389,0.0,0,18.1,0.0334
1383,N2C,12,4.2327,112.0,7,56.61,0.3277
1383,S2C,11,4.8669,80.0,6,49.23,0.2853
1383,E2C,5,12.378,0.0,0,19.36,0.0518
1383,W2C,3,12.5287,0.0,0,19.12,0.0376
1384,N2C,12,4.1087,119.0,7,58.32,0.3342
1384,S2C,11,4.6985,86.0,6,50.99,0.2917
1384,E2C,5,12.0997,0.0,0,19.8,0.0558
1384,W2C,4,13.0544,0.0,0,18.35,0.036
1385,N2C,12,4.1416,127.0,8,57.85,0.345
1385,S2C,11,4.6575,92.0,6,51.44,0.2963
1385,E2C,5,12.0954,0.0,0,19.81,0.0558
1385,W2C,4,12.769,0.0,0,18.76,0.0401
1386,N2C,12,4.0221,135.0,8,59.57,0.3521
1386,S2C,11,4.4576,99.0,7,53.75,0.3098
1386,E2C,5,10.4287,0.0,0,22.98,0.0798
1386,W2C,4,12.3744,0.0,0,19.36,0.0458
1387,N2C,11,5.2161,82.0,6,45.93,0.2816
1387,S2C,10,5.8051,54.0,5,41.27,0.2424
1387,E2C,6,9.4793,0.0,0,25.28,0.0995
1387,W2C,5,12.1042,0.0,0,19.79,0.0557
1388,N2C,11,5.0505,41.0,4,47.44,0.2446
1388,S2C,10,5.6385,20.0,3,42.49,0.2101
1388,E2C,6,8.7871,0.0,0,27.27,0.1095
1388,W2C,5,11.0839,0.0,0,21.62,0.0704
1389,N2C,11,5.3982,15.0,2,44.39,0.2103
1389,S2C,10,6.1298,5.0,2,39.09,0.1871
1389,E2C,6,8.3506,1.0,1,28.69,0.1224
1389,W2C,5,10.0364,0.0,0,23.87,0.0855
1390,N2C,10,6.0948,1.0,1,39.31,0.1789
1390,S2C,8,6.9606,0.0,0,34.42,0.1478
1390,E2C,6,8.18,3.0,2,29.29,0.1322
1390,W2C,5,10.2893,0.0,0,23.29,0.0818
1391,N2C,9,6.6572,0.0,0,35.99,0.1581
1391,S2C,8,7.3716,0.0,0,32.5,0.1419
1391,E2C,6,7.5691,5.0,2,31.66,0.1423
1391,W2C,5,10.4648,1.0,1,22.9,0.086
1392,N2C,10,7.7708,0.0,0,30.83,0.1481
1392,S2C,8,8.4822,0.0,0,28.25,0.1259
1392,E2C,7,7.6615,7.0,2,31.27,0.1484
1392,W2C,6,10.3625,2.0,1,23.12,0.0941
1393,N2C,8,8.5518,0.0,0,28.02,0.1249
1393,S2C,7,9.5356,0.0,0,25.13,0.1047
1393,E2C,7,7.1981,9.0,2,33.29,0.1564
1393,W2C,6,9.5076,3.0,1,25.2,0.1071
1394,N2C,8,8.7182,0.0,0,27.48,0.1225
1394,S2C,5,11.0438,0.0,0,21.7,0.071
1394,E2C,7,6.9545,11.0,2,34.45,0.1612
1394,W2C,6,8.6452,4.0,1,27.71,0.1202
1395,N2C,6,9.6822,0.0,0,24.75,0.0966
1395,S2C,5,11.3342,0.0,0,21.14,0.0668
1395,E2C,7,7.0835,14.0,3,33.82,0.1673
1395,W2C,6,8.442,5.0,1,28.38,0.1238
1396,N2C,7,10.9096,0.0,0,21.96,0.0849
1396,S2C,6,11.9313,0.0,0,20.08,0.0642
1396,E2C,8,7.687,17.0,3,31.17,0.1667
1396,W2C,7,8.0432,7.0,2,29.79,0.1429
1397,N2C,5,12.1609,0.0,0,19.7,0.0549
1397,S2C,4,12.9613,0.0,0,18.49,0.0374
1397,E2C,8,7.434,20.0,3,32.23,0.1723
1397,W2C,7,7.7318,9.0,2,30.99,0.1487
1398,N2C,5,12.7265,0.0,0,18.83,0.0468
1398,S2C,4,12.5576,0.0,0,19.08,0.0432
1398,E2C,8,7.6231,23.0,3,31.43,0.1716
1398,W2C,7,7.178,12.0,3,33.38,0.1646
1399,N2C,4,13.0518,0.0,0,18.36,0.0361
1399,S2C,4,12.6066,0.0,0,19.01,0.0425
1399,E2C,8,7.3673,26.0,3,32.52,0.1773
1399,W2C,7,6.8694,15.0,3,34.88,0.1711
1400,N2C,4,12.8878,0.0,0,18.59,0.0384
1400,S2C,4,12.3294,0.0,0,19.43,0.0465
1400,E2C,8,7.4099,29.0,3,32.34,0.1786
1400,W2C,7,7.2034,18.0,3,33.26,0.1683
1401,N2C,5,12.9843,0.0,0,18.45,0.043
1401,S2C,4,12.8524,0.0,0,18.64,0.0389
1401,E2C,9,7.2297,32.0,3,33.14,0.1892
1401,W2C,8,7.3807,21.0,3,32.46,0.1737
1402,N2C,4,12.8113,0.0,0,18.7,0.0395
1402,S2C,4,12.7396,0.0,0,18.81,0.0406
1402,E2C,9,6.172,35.0,3,38.82,0.2065
1402,W2C,8,6.9353,24.0,3,34.55,0.1821
1403,N2C,4,13.0009,0.0,0,18.43,0.0368
1403,S2C,4,12.5884,0.0,0,19.03,0.0427
1403,E2C,9,5.4587,38.0,3,43.89,0.2187
1403,W2C,8,6.2079,27.0,3,38.6,0.1946
1404,N2C,4,13.0635,0.0,0,18.34,0.0359
1404,S2C,4,12.6727,0.0,0,18.91,0.0415
1404,E2C,9,5.0029,41.0,3,47.89,0.2273
1404,W2C,8,5.3894,31.0,4,44.46,0.2151
1405,N2C,4,13.0925,0.0,0,18.3,0.0355
1405,S2C,4,11.6702,0.0,0,20.53,0.056
1405,E2C,10,5.3903,46.0,5,44.45,0.2431
1405,W2C,9,5.8556,35.0,4,40.92,0.217
1406,N2C,4,12.2553,0.0,0,19.55,0.0475
1406,S2C,4,11.861,0.0,0,20.2,0.0532
1406,E2C,10,4.9424,51.0,5,48.48,0.2528
1406,W2C,9,5.4419,39.0,4,44.03,0.2256
1407,N2C,4,12.7766,0.0,0,18.75,0.04
1407,S2C,4,12.1706,0.0,0,19.69,0.0488
1407,E2C,10,4.9364,56.0,5,48.54,0.2563
1407,W2C,9,5.1671,43.0,4,46.37,0.2323
1408,N2C,4,12.5294,0.0,0,19.12,0.0436
1408,S2C,4,11.7115,0.0,0,20.46,0.0554
1408,E2C,10,4.5022,61.0,5,53.22,0.2658
1408,W2C,9,5.301,48.0,5,45.2,0.2397
1409,N2C,4,12.881,0.0,0,18.6,0.0385
1409,S2C,4,11.9186,0.0,0,20.1,0.0524
1409,E2C,10,4.2484,67.0,6,56.4,0.2795
1409,W2C,9,5.4415,53.0,5,44.03,0.241
1410,N2C,4,12.8809,0.0,0,18.6,0.0385
1410,S2C,5,11.955,0.0,0,20.04,0.0579
1410,E2C,11,4.6648,73.0,6,51.36,0.2835
1410,W2C,10,6.1545,58.0,5,38.93,0.24
1411,N2C,4,12.5138,0.0,0,19.15,0.0438
1411,S2C,5,11.7989,0.0,0,20.31,0.0601
1411,E2C,11,4.547,79.0,6,52.69,0.2892
1411,W2C,10,6.1645,63.0,5,38.87,0.2432
1412,N2C,4,12.5706,0.0,0,19.06,0.043
1412,S2C,5,12.0883,0.0,0,19.82,0.0559
1412,E2C,11,4.3476,86.0,7,55.11,0.3027
1412,W2C,10,5.629,68.0,5,42.57,0.2543
1413,N2C,4,12.8252,0.0,0,18.68,0.0393
1413,S2C,5,12.2246,0.0,0,19.6,0.054
1413,E2C,11,4.3944,93.0,7,54.52,0.3067
1413,W2C,10,5.3354,73.0,5,44.91,0.2618
1414,N2C,3,12.5796,0.0,0,19.05,0.0369
1414,S2C,5,11.4635,0.0,0,20.9,0.0649
1414,E2C,12,5.0764,100.0,7,47.2,0.3076
1414,W2C,11,5.5455,78.0,5,43.21,0.2682
1415,N2C,4,12.7061,0.0,0,18.86,0.041
1415,S2C,4,11.9502,0.0,0,20.05,0.0519
1415,E2C,12,5.112,107.0,7,46.87,0.3117
1415,W2C,11,4.8852,83.0,5,49.05,0.281
1416,N2C,4,12.7035,0.0,0,18.86,0.0411
1416,S2C,4,12.1915,0.0,0,19.65,0.0485
1416,E2C,12,4.7345,114.0,7,50.61,0.3218
1416,W2C,11,4.7045,89.0,6,50.93,0.2936
1417,N2C,4,12.5447,0.0,0,19.1,0.0434
1417,S2C,4,11.6867,0.0,0,20.5,0.0557
1417,E2C,12,4.7722,121.0,7,50.21,0.326
1417,W2C,11,4.2301,96.0,7,56.64,0.3111
1418,N2C,4,12.7851,0.0,0,18.74,0.0399
1418,S2C,4,11.1977,0.0,0,21.4,0.0628
1418,E2C,12,4.1184,128.0,7,58.18,0.34
1418,W2C,11,3.8095,103.0,7,62.9,0.3218
1419,N2C,5,12.5944,0.0,0,19.02,0.0487
1419,S2C,5,10.5726,0.0,0,22.66,0.0778
1419,E2C,13,4.3414,135.0,7,55.19,0.3475
1419,W2C,12,4.5297,110.0,7,52.9,0.3221
1420,N2C,5,12.7182,0.0,0,18.84,0.0469
1420,S2C,5,9.515,0.0,0,25.18,0.093
1420,E2C,11,4.7956,80.0,6,49.96,0.2863
1420,W2C,10,5.115,62.0,5,46.84,0.2577
1421,N2C,5,12.5768,0.0,0,19.05,0.0489
1421,S2C,5,9.3975,0.0,0,25.5,0.0947
1421,E2C,11,4.7152,42.0,4,50.81,0.2501
1421,W2C,10,5.444,25.0,3,44.01,0.2163
1422,N2C,5,11.5654,0.0,0,20.72,0.0635
1422,S2C,5,9.2808,0.0,0,25.82,0.0964
1422,E2C,11,4.8801,15.0,3,49.1,0.2237
1422,W2C,10,5.6753,7.0,2,42.22,0.1949
1423,N2C,6,10.5178,0.0,0,22.78,0.0846
1423,S2C,6,10.1176,1.0,1,23.68,0.097
1423,E2C,10,6.23,2.0,1,38.46,0.1776
1423,W2C,9,7.1085,0.0,0,33.71,0.1516
1424,N2C,6,9.1132,0.0,0,26.29,0.1048
1424,S2C,6,9.5545,2.0,1,25.08,0.1058
1424,E2C,10,6.5847,0.0,0,36.39,0.1652
1424,W2C,9,7.288,0.0,0,32.88,0.1491
1425,N2C,6,8.6187,1.0,1,27.8,0.1186
1425,S2C,6,10.0113,3.0,1,23.93,0.0998
1425,E2C,10,7.221,0.0,0,33.18,0.156
1425,W2C,8,8.2491,0.0,0,29.05,0.1292
1426,N2C,6,8.9188,3.0,2,26.86,0.1216
1426,S2C,6,9.651,4.0,1,24.83,0.1057
1426,E2C,8,7.6154,0.0,0,31.46,0.1383
1426,W2C,7,9.1849,0.0,0,26.09,0.1097
1427,N2C,6,7.9592,5.0,2,30.1,0.1367
1427,S2C,6,9.3526,5.0,1,25.62,0.1107
1427,E2C,8,8.3716,0.0,0,28.62,0.1275
1427,W2C,6,10.1606,0.0,0,23.58,0.0897
1428,N2C,7,8.0831,7.0,2,29.64,0.1423
1428,S2C,7,9.2892,6.0,1,25.79,0.1182
1428,E2C,7,10.0103,0.0,0,23.94,0.0979
1428,W2C,6,11.1102,0.0,0,21.57,0.076
1429,N2C,7,7.4457,9.0,2,32.18,0.1528
1429,S2C,7,7.8493,7.0,1,30.53,0.1396
1429,E2C,7,10.5824,0.0,0,22.64,0.0896
1429,W2C,6,11.2491,0.0,0,21.3,0.074
1430,N2C,7,7.3479,11.0,2,32.61,0.1555
1430,S2C,7,7.1859,9.0,2,33.34,0.1565
1430,E2C,5,11.4452,0.0,0,20.93,0.0652
1430,W2C,4,13.0709,0.0,0,18.33,0.0358
1431,N2C,7,7.2945,14.0,3,32.85,0.1643
1431,S2C,7,6.7353,12.0,3,35.57,0.171
1431,E2C,5,12.3088,0.0,0,19.47,0.0528
1431,W2C,4,12.6864,0.0,0,18.89,0.0413
1432,N2C,8,8.3129,17.0,3,28.82,0.1576
1432,S2C,8,7.4961,15.0,3,31.96,0.1681
1432,E2C,4,12.9678,0.0,0,18.48,0.0373
1432,W2C,4,11.913,0.0,0,20.11,0.0525
1433,N2C,8,7.6557,20.0,3,31.3,0.1691
1433,S2C,8,7.2981,18.0,3,32.83,0.1729
1433,E2C,4,12.9393,0.0,0,18.52,0.0377
1433,W2C,4,11.9806,0.0,0,20.0,0.0515
1434,N2C,8,6.8561,23.0,3,34.95,0.1826
1434,S2C,8,7.0399,21.0,3,34.03,0.1786
1434,E2C,4,12.9271,0.0,0,18.53,0.0379
1434,W2C,4,11.9925,0.0,0,19.98,0.0513
1435,N2C,8,6.2792,26.0,3,38.16,0.1929
1435,S2C,8,6.3051,24.0,3,38.0,0.1912
1435,E2C,4,12.817,0.0,0,18.69,0.0394
1435,W2C,4,11.9973,0.0,0,19.97,0.0513
1436,N2C,8,5.6625,30.0,4,42.31,0.2105
1436,S2C,8,6.1908,27.0,3,38.7,0.1949
1436,E2C,4,12.984,0.0,0,18.45,0.037
1436,W2C,4,11.8942,0.0,0,20.14,0.0527
1437,N2C,9,6.0398,34.0,4,39.67,0.2137
1437,S2C,9,6.3897,31.0,4,37.5,0.2067
1437,E2C,5,12.993,0.0,0,18.44,0.0429
1437,W2C,5,12.5199,0.0,0,19.14,0.0497
1438,N2C,9,6.0113,38.0,4,39.86,0.2168
1438,S2C,9,5.9565,35.0,4,40.22,0.2156
1438,E2C,4,12.7406,0.0,0,18.81,0.0406
1438,W2C,4,11.8342,0.0,0,20.25,0.0536
1439,N2C,9,5.7945,43.0,5,41.35,0.2292
1439,S2C,9,5.6001,39.0,4,42.78,0.2234
1439,E2C,4,13.0557,0.0,0,18.35,0.036
1439,W2C,4,11.7711,0.0,0,20.35,0.0545
1440,N2C,9,5.3429,48.0,5,44.84,0.2391
1440,S2C,9,5.5341,43.0,4,43.3,0.227
1440,E2C,4,12.7498,0.0,0,18.79,0.0404
1440,W2C,4,12.2898,0.0,0,19.5,0.047
1441,N2C,10,5.7449,53.0,5,41.71,0.2426
1441,S2C,10,5.5614,48.0,5,43.08,0.2419
1441,E2C,4,13.1248,0.0,0,18.26,0.035
1441,W2C,5,12.1437,0.0,0,19.73,0.0551
1442,N2C,10,5.4358,58.0,5,44.08,0.2504
1442,S2C,10,5.075,53.0,5,47.21,0.2523
1442,E2C,4,13.0921,0.0,0,18.3,0.0355
1442,W2C,5,12.1164,0.0,0,19.77,0.0555
1443,N2C,10,5.1193,63.0,5,46.8,0.2583
1443,S2C,10,4.743,58.0,5,50.52,0.2604
1443,E2C,4,12.7304,0.0,0,18.82,0.0407
1443,W2C,5,12.3203,0.0,0,19.45,0.0526
1444,N2C,10,4.7916,68.0,5,50.0,0.2663
1444,S2C,10,4.6883,64.0,6,51.11,0.2712
1444,E2C,4,12.9366,0.0,0,18.52,0.0377
1444,W2C,5,12.017,0.0,0,19.94,0.057
1445,N2C,10,4.3218,74.0,6,55.44,0.2831
1445,S2C,10,4.5926,70.0,6,52.17,0.2765
1445,E2C,4,12.8668,0.0,0,18.62,0.0387
1445,W2C,4,12.3371,0.0,0,19.42,0.0464
1446,N2C,11,4.6881,80.0,6,51.11,0.2878
1446,S2C,11,5.272,76.0,6,45.45,0.2768
1446,E2C,4,12.7538,0.0,0,18.79,0.0404
1446,W2C,4,12.4799,0.0,0,19.2,0.0443
1447,N2C,11,4.4103,87.0,7,54.33,0.3025
1447,S2C,11,4.8428,82.0,6,49.48,0.2869
1447,E2C,4,12.9872,0.0,0,18.45,0.037
1447,W2C,4,12.0221,0.0,0,19.93,0.0509
1448,N2C,11,4.0813,94.0,7,58.71,0.3119
1448,S2C,11,4.116,88.0,6,58.21,0.3014
1448,E2C,4,13.1879,0.0,0,18.17,0.0341
1448,W2C,4,12.3079,0.0,0,19.47,0.0468
1449,N2C,11,3.7504,101.0,7,63.89,0.3213
1449,S2C,11,4.3476,94.0,6,55.11,0.3021
1449,E2C,4,12.9214,0.0,0,18.54,0.0379
1449,W2C,4,12.3382,0.0,0,19.42,0.0463
1450,N2C,12,4.3154,108.0,7,55.52,0.3239
1450,S2C,12,4.4724,101.0,7,53.57,0.3169
1450,E2C,5,13.1324,0.0,0,18.24,0.0409
1450,W2C,5,12.6628,0.0,0,18.92,0.0477
1451,N2C,12,4.064,115.0,7,58.96,0.3321
1451,S2C,12,3.9496,108.0,7,60.66,0.3291
1451,E2C,5,12.5061,0.0,0,19.16,0.0499
1451,W2C,5,12.6909,0.0,0,18.88,0.0473
1452,N2C,12,4.1604,123.0,8,57.59,0.3421
1452,S2C,12,3.8371,115.0,7,62.44,0.3354
1452,E2C,5,11.9354,0.0,0,20.07,0.0581
1452,W2C,5,12.5721,0.0,0,19.06,0.049
1453,N2C,10,4.6935,74.0,6,51.05,0.2778
1453,S2C,10,4.5062,68.0,6,53.17,0.2764
1453,E2C,5,10.993,0.0,0,21.8,0.0717
1453,W2C,5,12.4114,0.0,0,19.3,0.0513
1454,N2C,10,4.4988,37.0,4,53.26,0.2439
1454,S2C,10,4.4261,32.0,4,54.13,0.2416
1454,E2C,5,10.1985,0.0,0,23.49,0.0832
1454,W2C,5,11.1911,0.0,0,21.41,0.0689
1455,N2C,11,5.2984,13.0,2,45.22,0.2104
1455,S2C,11,5.4263,9.0,2,44.16,0.2059
1455,E2C,6,10.1762,1.0,1,23.55,0.0961
1455,W2C,6,10.3829,0.0,0,23.08,0.0865
1456,N2C,10,5.9033,0.0,0,40.59,0.175
1456,S2C,9,6.4258,1.0,1,37.29,0.1681
1456,E2C,6,9.1494,2.0,1,26.19,0.1116
1456,W2C,6,9.3568,0.0,0,25.61,0.1013
1457,N2C,9,6.5253,0.0,0,36.72,0.16
1457,S2C,9,7.3597,0.0,0,32.56,0.148
1457,E2C,6,8.5415,4.0,2,28.05,0.1277
1457,W2C,6,8.704,0.0,0,27.53,0.1107
1458,N2C,8,7.3161,0.0,0,32.75,0.1427
1458,S2C,7,8.5159,0.0,0,28.14,0.1194
1458,E2C,6,8.3677,6.0,2,28.63,0.1315
1458,W2C,6,8.813,2.0,2,27.19,0.1224
1459,N2C,8,8.8407,0.0,0,27.1,0.1207
1459,S2C,8,9.9683,0.0,0,24.04,0.1045
1459,E2C,7,8.3222,8.0,2,28.79,0.1395
1459,W2C,7,8.8331,4.0,2,27.13,0.1295
1460,N2C,8,9.3503,0.0,0,25.62,0.1134
1460,S2C,7,10.4819,0.0,0,22.86,0.0911
1460,E2C,7,7.8278,10.0,2,30.61,0.148
1460,W2C,7,8.31,6.0,2,28.83,0.1383
1461,N2C,7,10.3568,0.0,0,23.13,0.0929
1461,S2C,6,11.2395,0.0,0,21.32,0.0742
1461,E2C,7,7.3274,13.0,3,32.7,0.1632
1461,W2C,7,7.81,8.0,2,30.68,0.1469
1462,N2C,5,11.3616,0.0,0,21.09,0.0664
1462,S2C,5,12.1056,0.0,0,19.79,0.0557
1462,E2C,7,7.6913,16.0,3,31.15,0.1599
1462,W2C,7,7.7872,10.0,2,30.77,0.1485
1463,N2C,5,11.9242,0.0,0,20.09,0.0583
1463,S2C,5,11.9386,0.0,0,20.07,0.0581
1463,E2C,7,6.9649,19.0,3,34.4,0.1724
1463,W2C,7,6.9914,13.0,3,34.27,0.168
1464,N2C,5,12.3601,0.0,0,19.38,0.052
1464,S2C,5,11.7039,0.0,0,20.47,0.0615
1464,E2C,8,7.2482,22.0,3,33.06,0.1763
1464,W2C,8,6.9504,16.0,3,34.47,0.1766
1465,N2C,5,12.1003,0.0,0,19.8,0.0558
1465,S2C,4,12.0499,0.0,0,19.88,0.0505
1465,E2C,8,6.6368,25.0,3,36.1,0.1871
1465,W2C,8,6.4916,19.0,3,36.91,0.1852
1466,N2C,4,12.5247,0.0,0,19.13,0.0437
1466,S2C,4,12.031,0.0,0,19.92,0.0508
1466,E2C,8,6.2274,28.0,3,38.48,0.195
1466,W2C,8,6.1334,23.0,4,39.06,0.199
1467,N2C,4,12.3411,0.0,0,19.41,0.0463
1467,S2C,4,12.0584,0.0,0,19.87,0.0504
1467,E2C,8,5.8571,32.0,4,40.91,0.209
1467,W2C,8,5.6682,27.0,4,42.27,0.2084
1468,N2C,4,11.7079,0.0,0,20.46,0.0554
1468,S2C,5,12.1055,0.0,0,19.79,0.0557
1468,E2C,9,6.2885,36.0,4,38.1,0.2115
1468,W2C,9,5.9427,31.0,4,40.32,0.2131
1469,N2C,4,12.0108,0.0,0,19.95,0.0511
1469,S2C,5,11.9754,0.0,0,20.01,0.0576
1469,E2C,9,5.6846,40.0,4,42.15,0.2228
1469,W2C,9,5.3922,35.0,4,44.43,0.2237
1470,N2C,4,11.8733,0.0,0,20.18,0.053
1470,S2C,5,12.0899,0.0,0,19.82,0.0559
1470,E2C,9,6.0175,45.0,5,39.82,0.2274
1470,W2C,9,5.5144,40.0,5,43.45,0.2313
1471,N2C,4,12.3067,0.0,0,19.47,0.0468
1471,S2C,4,12.3885,0.0,0,19.34,0.0456
1471,E2C,9,5.641,50.0,5,42.47,0.2361
1471,W2C,9,5.1968,45.0,5,46.11,0.2392
1472,N2C,4,11.8791,0.0,0,20.17,0.053
1472,S2C,4,12.6307,0.0,0,18.97,0.0421
1472,E2C,9,5.4904,55.0,5,43.64,0.2416
1472,W2C,9,4.8701,50.0,5,49.2,0.2472
1473,N2C,5,12.4154,0.0,0,19.3,0.0512
1473,S2C,5,12.7133,0.0,0,18.85,0.0469
1473,E2C,10,6.0905,60.0,5,39.34,0.2423
1473,W2C,10,5.2511,55.0,5,45.63,0.2511
1474,N2C,5,12.3803,0.0,0,19.35,0.0517
1474,S2C,4,12.1213,0.0,0,19.77,0.0495
1474,E2C,10,5.4632,65.0,5,43.86,0.2547
1474,W2C,10,5.0009,60.0,5,47.91,0.258
1475,N2C,4,11.9836,0.0,0,19.99,0.0515
1475,S2C,4,12.3963,0.0,0,19.33,0.0455
1475,E2C,10,4.8364,70.0,5,49.54,0.267
1475,W2C,10,4.4816,66.0,6,53.46,0.2755
1476,N2C,4,12.1966,0.0,0,19.64,0.0484
1476,S2C,4,12.122,0.0,0,19.77,0.0495
1476,E2C,10,4.2777,76.0,6,56.01,0.2851
1476,W2C,10,4.1747,72.0,6,57.39,0.2839
1477,N2C,4,11.7863,0.0,0,20.33,0.0543
1477,S2C,4,12.3521,0.0,0,19.4,0.0461
1477,E2C,11,4.9947,82.0,6,47.97,0.2847
1477,W2C,11,4.6846,78.0,6,51.15,0.2865
1478,N2C,4,11.7632,0.0,0,20.37,0.0546
1478,S2C,4,12.4965,0.0,0,19.17,0.0441
1478,E2C,11,4.792,88.0,6,50.0,0.2917
1478,W2C,11,4.405,84.0,6,54.39,0.2946
1479,N2C,4,12.054,0.0,0,19.88,0.0504
1479,S2C,4,12.6203,0.0,0,18.99,0.0423
1479,E2C,11,4.9052,95.0,7,48.85,0.3007
1479,W2C,11,4.4304,91.0,7,54.08,0.3049
1480,N2C,4,11.4809,0.0,0,20.87,0.0587
1480,S2C,4,12.5944,0.0,0,19.02,0.0427
1480,E2C,11,4.3999,102.0,7,54.46,0.3126
1480,W2C,11,4.5026,98.0,7,53.21,0.3085
1481,N2C,4,11.8412,0.0,0,20.23,0.0535
1481,S2C,4,12.2384,0.0,0,19.58,0.0478
1481,E2C,11,4.1618,109.0,7,57.57,0.3207
1481,W2C,11,4.544,105.0,7,52.73,0.3126
1482,N2C,5,12.4718,0.0,0,19.21,0.0504
1482,S2C,5,12.5091,0.0,0,19.15,0.0499
1482,E2C,12,4.3749,116.0,7,54.77,0.3283
1482,W2C,12,5.2962,112.0,7,45.24,0.3124
1483,N2C,5,12.2427,0.0,0,19.57,0.0537
1483,S2C,5,12.0997,0.0,0,19.8,0.0558
1483,E2C,12,4.2404,123.0,7,56.5,0.3349
1483,W2C,12,4.6448,119.0,7,51.58,0.3265
1484,N2C,5,11.9187,0.0,0,20.1,0.0584
1484,S2C,5,12.5502,0.0,0,19.09,0.0493
1484,E2C,12,3.894,131.0,8,61.53,0.3513
1484,W2C,12,4.3419,126.0,7,55.18,0.3355
1485,N2C,5,11.7513,0.0,0,20.39,0.0608
1485,S2C,5,12.1915,0.0,0,19.65,0.0545
1485,E2C,12,3.557,139.0,8,67.36,0.3614
1485,W2C,12,4.0353,134.0,8,59.38,0.3512
1486,N2C,5,11.4158,0.0,0,20.99,0.0656
1486,S2C,6,11.7818,0.0,0,20.34,0.0664
1486,E2C,11,4.8433,85.0,6,49.47,0.2889
1486,W2C,11,5.2697,84.0,6,45.47,0.2821
1487,N2C,6,10.9446,0.0,0,21.89,0.0784
1487,S2C,6,10.3612,0.0,0,23.12,0.0868
1487,E2C,11,4.9462,44.0,5,48.44,0.2541
1487,W2C,11,4.9258,43.0,4,48.64,0.2477
1488,N2C,6,9.4892,1.0,1,25.25,0.106
1488,S2C,6,9.1983,1.0,1,26.05,0.1102
1488,E2C,11,5.0632,17.0,3,47.32,0.2224
1488,W2C,11,5.1522,14.0,2,46.5,0.2131
1489,N2C,6,8.9686,2.0,1,26.72,0.1142
1489,S2C,6,8.6015,2.0,1,27.86,0.1195
1489,E2C,10,5.5515,3.0,1,43.16,0.1881
1489,W2C,10,5.3958,0.0,0,44.4,0.1823
1490,N2C,6,7.7268,3.0,1,31.01,0.1327
1490,S2C,6,7.9766,4.0,2,30.04,0.1358
1490,E2C,9,6.1048,0.0,0,39.25,0.1661
1490,W2C,9,5.855,0.0,0,40.92,0.1697
1491,N2C,7,8.0183,5.0,2,29.88,0.1419
1491,S2C,7,8.1267,6.0,2,29.48,0.141
1491,E2C,9,7.8107,0.0,0,30.68,0.1415
1491,W2C,10,7.4635,0.0,0,32.1,0.1525
1492,N2C,7,7.0712,7.0,2,33.88,0.1568
1492,S2C,7,7.5764,8.0,2,31.62,0.1502
1492,E2C,8,8.3341,0.0,0,28.75,0.128
1492,W2C,8,7.8375,0.0,0,30.57,0.1351
1493,N2C,7,7.1599,9.0,2,33.46,0.1569
1493,S2C,7,7.249,10.0,2,33.05,0.1563
1493,E2C,8,8.4991,0.0,0,28.19,0.1256
1493,W2C,8,8.788,0.0,0,27.26,0.1215
1494,N2C,7,6.9591,12.0,3,34.43,0.1678
1494,S2C,7,6.9409,13.0,3,34.52,0.1687
1494,E2C,6,9.6353,0.0,0,24.87,0.0973
1494,W2C,6,9.5268,0.0,0,25.15,0.0988
1495,N2C,8,7.9649,15.0,3,30.08,0.1613
1495,S2C,8,7.1921,16.0,3,33.31,0.1731
1495,E2C,6,11.0028,0.0,0,21.78,0.0776
1495,W2C,7,10.4048,0.0,0,23.03,0.0922
1496,N2C,8,7.5766,18.0,3,31.62,0.1689
1496,S2C,8,6.4857,19.0,3,36.94,0.1853
1496,E2C,5,12.2064,0.0,0,19.63,0.0542
1496,W2C,5,11.5208,0.0,0,20.8,0.0641
1497,N2C,8,6.8574,21.0,3,34.94,0.1813
1497,S2C,8,6.5055,22.0,3,36.83,0.187
1497,E2C,4,12.8986,0.0,0,18.58,0.0383
1497,W2C,5,12.0112,0.0,0,19.95,0.0571
1498,N2C,8,6.9201,24.0,3,34.62,0.1824
1498,S2C,8,6.2105,26.0,4,38.58,0.1999
1498,E2C,4,12.7638,0.0,0,18.77,0.0402
1498,W2C,4,12.3529,0.0,0,19.4,0.0461
1499,N2C,8,5.8116,27.0,3,41.23,0.2003
1499,S2C,8,6.288,30.0,4,38.1,0.2015
1499,E2C,4,12.871,0.0,0,18.62,0.0387
1499,W2C,4,12.2649,0.0,0,19.54,0.0474
1500,N2C,9,6.1969,30.0,3,38.66,0.2028
1500,S2C,9,6.6809,34.0,4,35.86,0.2045
1500,E2C,4,12.2035,0.0,0,19.63,0.0483
1500,W2C,5,12.8293,0.0,0,18.68,0.0453
1501,N2C,9,5.8294,33.0,3,41.1,0.2101
1501,S2C,9,6.1733,38.0,4,38.81,0.2144
1501,E2C,4,12.3635,0.0,0,19.38,0.046
1501,W2C,5,12.2082,0.0,0,19.63,0.0542
1502,N2C,9,5.5435,37.0,4,43.22,0.2228
1502,S2C,9,5.6512,42.0,4,42.4,0.2246
1502,E2C,4,12.1612,0.0,0,19.7,0.0489
1502,W2C,4,12.7802,0.0,0,18.75,0.04
1503,N2C,9,5.6685,42.0,5,42.27,0.2304
1503,S2C,9,5.2219,46.0,4,45.88,0.2335
1503,E2C,4,12.3368,0.0,0,19.42,0.0464
1503,W2C,4,13.0407,0.0,0,18.37,0.0362
1504,N2C,10,6.2932,47.0,5,38.07,0.2307
1504,S2C,10,5.3718,51.0,5,44.6,0.2467
1504,E2C,5,12.555,0.0,0,19.08,0.0492
1504,W2C,5,12.8991,0.0,0,18.57,0.0443
1505,N2C,10,5.881,52.0,5,40.74,0.24
1505,S2C,10,5.0382,56.0,5,47.56,0.2548
1505,E2C,5,12.2983,0.0,0,19.48,0.0529
1505,W2C,4,13.0009,0.0,0,18.43,0.0368
1506,N2C,10,5.7708,57.0,5,41.52,0.2449
1506,S2C,10,4.89,62.0,6,49.0,0.2669
1506,E2C,4,12.4064,0.0,0,19.31,0.0454
1506,W2C,4,12.8401,0.0,0,18.66,0.0391
1507,N2C,10,5.1335,62.0,5,46.67,0.2574
1507,S2C,10,5.0364,68.0,6,47.57,0.2688
1507,E2C,4,12.1773,0.0,0,19.68,0.0487
1507,W2C,4,13.0045,0.0,0,18.42,0.0367
1508,N2C,10,4.3648,67.0,5,54.89,0.2718
1508,S2C,10,4.895,74.0,6,48.95,0.2749
1508,E2C,4,12.3461,0.0,0,19.41,0.0462
1508,W2C,4,12.8228,0.0,0,18.69,0.0394
1509,N2C,11,4.8214,73.0,6,49.7,0.2812
1509,S2C,11,5.3779,80.0,6,44.55,0.2779
1509,E2C,4,12.4818,0.0,0,19.2,0.0443
1509,W2C,5,13.0208,0.0,0,18.4,0.0425
1510,N2C,11,4.7899,79.0,6,50.02,0.2857
1510,S2C,11,4.8695,86.0,6,49.2,0.2892
1510,E2C,4,12.2774,0.0,0,19.52,0.0472
1510,W2C,5,12.7188,0.0,0,18.84,0.0469
1511,N2C,11,4.3313,85.0,6,55.32,0.2963
1511,S2C,11,4.232,92.0,6,56.62,0.3024
1511,E2C,4,12.4121,0.0,0,19.3,0.0453
1511,W2C,5,13.0083,0.0,0,18.42,0.0427
1512,N2C,11,3.8069,92.0,7,62.94,0.3145
1512,S2C,11,3.9512,99.0,7,60.64,0.3171
1512,E2C,4,12.6305,0.0,0,18.97,0.0421
1512,W2C,4,12.9995,0.0,0,18.43,0.0368
1513,N2C,12,4.5072,99.0,7,53.16,0.3151
1513,S2C,12,4.365,106.0,7,54.89,0.3218
1513,E2C,3,12.1342,0.0,0,19.75,0.0433
1513,W2C,4,13.5905,0.0,0,17.63,0.0283
1514,N2C,12,4.3853,106.0,7,54.64,0.3215
1514,S2C,12,4.3207,114.0,8,55.45,0.3338
1514,E2C,4,12.7097,0.0,0,18.85,0.041
1514,W2C,4,13.4082,0.0,0,17.87,0.0309
1515,N2C,12,4.3264,114.0,8,55.38,0.3337
1515,S2C,12,4.1195,122.0,8,58.16,0.342
1515,E2C,4,12.3584,0.0,0,19.39,0.0461
1515,W2C,4,13.2554,0.0,0,18.08,0.0331
1516,N2C,12,4.1974,122.0,8,57.08,0.3409
1516,S2C,12,3.8495,130.0,8,62.24,0.3512
1516,E2C,4,12.6367,0.0,0,18.96,0.042
1516,W2C,4,13.4898,0.0,0,17.76,0.0298
1517,N2C,12,3.7238,130.0,8,64.34,0.353
1517,S2C,12,3.4202,138.0,8,70.05,0.3628
1517,E2C,4,12.2969,0.0,0,19.48,0.0469
1517,W2C,4,12.5724,0.0,0,19.06,0.043
1518,N2C,13,4.4084,138.0,8,54.35,0.3545
1518,S2C,13,4.0014,147.0,9,59.88,0.3724
1518,E2C,5,12.4752,0.0,0,19.21,0.0504
1518,W2C,5,11.9688,0.0,0,20.02,0.0577
1519,N2C,11,4.6718,85.0,6,51.29,0.2914
1519,S2C,11,4.5749,94.0,7,52.37,0.3048
1519,E2C,5,12.1102,0.0,0,19.79,0.0556
1519,W2C,5,11.3112,0.0,0,21.18,0.0671
1520,N2C,11,4.3507,47.0,5,55.07,0.2647
1520,S2C,11,4.732,51.0,5,50.63,0.2619
1520,E2C,5,12.3633,0.0,0,19.38,0.052
1520,W2C,5,10.3479,0.0,0,23.15,0.081
1521,N2C,11,4.3578,19.0,3,54.98,0.2339
1521,S2C,11,5.1019,22.0,3,46.96,0.2252
1521,E2C,5,12.284,0.0,0,19.51,0.0531
1521,W2C,5,9.9569,1.0,1,24.06,0.0933
1522,N2C,11,5.7474,4.0,2,41.69,0.1979
1522,S2C,10,6.2629,5.0,1,38.26,0.1792
1522,E2C,6,11.1973,0.0,0,21.4,0.0748
1522,W2C,6,10.3464,2.0,1,23.16,0.0944
1523,N2C,10,6.5512,0.0,0,36.57,0.1657
1523,S2C,10,6.513,0.0,0,36.79,0.1662
1523,E2C,6,10.3973,0.0,0,23.04,0.0863
1523,W2C,6,9.6305,3.0,1,24.88,0.1053
1524,N2C,10,7.1149,0.0,0,33.68,0.1576
1524,S2C,10,7.2068,0.0,0,33.25,0.1562
1524,E2C,6,9.0049,0.0,0,26.61,0.1063
1524,W2C,6,8.9147,5.0,2,26.88,0.123
1525,N2C,8,7.9093,0.0,0,30.29,0.1341
1525,S2C,8,7.9712,0.0,0,30.06,0.1332
1525,E2C,6,8.3582,1.0,1,28.67,0.1223
1525,W2C,6,8.9864,7.0,2,26.66,0.1233
1526,N2C,8,8.491,0.0,0,28.22,0.1257
1526,S2C,8,8.2252,0.0,0,29.13,0.1296
1526,E2C,6,7.7092,3.0,2,31.08,0.139
1526,W2C,6,8.1607,9.0,2,29.36,0.1365
1527,N2C,7,9.98,0.0,0,24.01,0.0983
1527,S2C,7,9.761,0.0,0,24.55,0.1015
1527,E2C,7,7.9652,5.0,2,30.08,0.1426
1527,W2C,7,7.7289,11.0,2,31.0,0.15
1528,N2C,7,10.713,0.0,0,22.37,0.0877
1528,S2C,7,10.5659,0.0,0,22.68,0.0899
1528,E2C,7,7.3259,7.0,2,32.71,0.1532
1528,W2C,7,7.0175,13.0,2,34.14,0.1616
1529,N2C,5,11.8368,0.0,0,20.24,0.0596
1529,S2C,5,11.6045,0.0,0,20.65,0.0629
1529,E2C,7,7.1069,9.0,2,33.71,0.1577
1529,W2C,7,6.9711,15.0,2,34.37,0.1636
1530,N2C,5,12.121,0.0,0,19.77,0.0555
1530,S2C,5,11.8172,0.0,0,20.28,0.0598
1530,E2C,7,7.0279,11.0,2,34.09,0.1601
1530,W2C,7,6.6014,18.0,3,36.3,0.1769
1531,N2C,4,12.9971,0.0,0,18.43,0.0369
1531,S2C,4,12.5275,0.0,0,19.13,0.0436
1531,E2C,8,7.3145,14.0,3,32.76,0.17
1531,W2C,8,6.7983,21.0,3,35.24,0.1821
1532,N2C,4,12.5189,0.0,0,19.14,0.0437
1532,S2C,4,12.0576,0.0,0,19.87,0.0504
1532,E2C,8,6.688,17.0,3,35.83,0.181
1532,W2C,8,6.4194,24.0,3,37.32,0.1896
1533,N2C,4,12.7212,0.0,0,18.83,0.0408
1533,S2C,4,12.2112,0.0,0,19.62,0.0482
1533,E2C,8,6.2553,20.0,3,38.3,0.1893
1533,W2C,8,6.1489,28.0,4,38.97,0.2021
1534,N2C,4,12.6086,0.0,0,19.0,0.0425
1534,S2C,4,12.3318,0.0,0,19.43,0.0464
1534,E2C,8,6.2064,23.0,3,38.61,0.192
1534,W2C,8,5.9217,32.0,4,40.46,0.2081
1535,N2C,4,12.8577,0.0,0,18.63,0.0389
1535,S2C,4,12.2836,0.0,0,19.51,0.0471
1535,E2C,8,5.9306,27.0,4,40.4,0.2046
1535,W2C,8,5.2763,36.0,4,45.41,0.22
1536,N2C,4,12.6179,0.0,0,18.99,0.0423
1536,S2C,5,12.6198,0.0,0,18.99,0.0483
1536,E2C,9,6.3331,31.0,4,37.83,0.2075
1536,W2C,9,5.793,40.0,4,41.36,0.2213
1537,N2C,4,12.5558,0.0,0,19.08,0.0432
1537,S2C,4,12.1262,0.0,0,19.76,0.0494
1537,E2C,9,6.0499,35.0,4,39.6,0.2142
1537,W2C,9,5.3292,44.0,4,44.96,0.2306
1538,N2C,4,12.776,0.0,0,18.75,0.04
1538,S2C,4,12.3069,0.0,0,19.47,0.0468
1538,E2C,9,5.6597,39.0,4,42.33,0.2225
1538,W2C,9,5.2792,48.0,4,45.39,0.234
1539,N2C,4,12.5794,0.0,0,19.05,0.0429
1539,S2C,4,12.3978,0.0,0,19.33,0.0455
1539,E2C,9,5.6069,44.0,5,42.73,0.2326
1539,W2C,9,4.6882,53.0,5,51.11,0.2518
1540,N2C,4,12.5412,0.0,0,19.11,0.0434
1540,S2C,5,12.6822,0.0,0,18.89,0.0474
1540,E2C,10,6.3676,49.0,5,37.63,0.231
1540,W2C,10,5.1561,58.0,5,46.47,0.2544
1541,N2C,4,12.5109,0.0,0,19.15,0.0439
1541,S2C,5,12.2745,0.0,0,19.52,0.0533
1541,E2C,10,6.0969,54.0,5,39.3,0.2382
1541,W2C,10,4.9982,63.0,5,47.94,0.26
1542,N2C,4,12.4571,0.0,0,19.23,0.0446
1542,S2C,5,12.3699,0.0,0,19.37,0.0519
1542,E2C,10,5.9116,59.0,5,40.53,0.2442
1542,W2C,10,4.986,69.0,6,48.05,0.2702
1543,N2C,4,12.3709,0.0,0,19.37,0.0459
1543,S2C,4,12.6176,0.0,0,18.99,0.0423
1543,E2C,10,5.5604,64.0,5,43.09,0.2526
1543,W2C,10,4.9468,75.0,6,48.44,0.2748
1544,N2C,4,12.4609,0.0,0,19.23,0.0446
1544,S2C,4,12.4095,0.0,0,19.31,0.0453
1544,E2C,10,5.0545,69.0,5,47.4,0.2632
1544,W2C,10,4.9085,81.0,6,48.81,0.2793
1545,N2C,5,12.8391,0.0,0,18.66,0.0451
1545,S2C,4,13.0977,0.0,0,18.29,0.0354
1545,E2C,11,5.4319,75.0,6,44.11,0.2738
1545,W2C,11,5.7252,87.0,6,41.85,0.2776
1546,N2C,5,12.7374,0.0,0,18.81,0.0466
1546,S2C,4,12.5893,0.0,0,19.03,0.0427
1546,E2C,11,4.8804,81.0,6,49.09,0.2857
1546,W2C,11,5.5775,93.0,6,42.96,0.2837
1547,N2C,4,12.6967,0.0,0,18.87,0.0412
1547,S2C,4,12.0391,0.0,0,19.9,0.0507
1547,E2C,11,4.5194,88.0,7,53.02,0.3016
1547,W2C,11,5.1273,99.0,6,46.73,0.2942
1548,N2C,4,12.9396,0.0,0,18.52,0.0377
1548,S2C,4,12.647,0.0,0,18.95,0.0419
1548,E2C,11,4.0646,95.0,7,58.95,0.3128
1548,W2C,11,4.6594,105.0,6,51.42,0.3049
1549,N2C,3,12.8426,0.0,0,18.66,0.0331
1549,S2C,5,11.7552,0.0,0,20.38,0.0607
1549,E2C,12,4.6605,102.0,7,51.41,0.3149
1549,W2C,12,4.8945,111.0,6,48.95,0.3115
1550,N2C,4,13.2556,0.0,0,18.08,0.0331
1550,S2C,5,10.9608,0.0,0,21.86,0.0722
1550,E2C,12,4.4044,109.0,7,54.4,0.3232
1550,W2C,12,4.5284,118.0,7,52.91,0.3275
1551,N2C,4,13.0137,0.0,0,18.41,0.0366
1551,S2C,5,10.5268,0.0,0,22.76,0.0784
1551,E2C,12,4.0789,117.0,8,58.74,0.3393
1551,W2C,12,4.1308,126.0,8,58.0,0.3445
1552,N2C,4,12.5361,0.0,0,19.11,0.0435
1552,S2C,5,9.9681,0.0,0,24.04,0.0865
1552,E2C,10,4.6516,70.0,6,51.51,0.2757
1552,W2C,10,4.5786,73.0,6,52.33,0.2787
1553,N2C,4,13.1177,0.0,0,18.27,0.0351
1553,S2C,5,10.0945,1.0,1,23.74,0.0913
1553,E2C,10,4.4212,34.0,4,54.19,0.243
1553,W2C,10,4.4103,34.0,4,54.33,0.2432
1554,N2C,5,12.8083,0.0,0,18.71,0.0456
1554,S2C,6,10.6172,2.0,1,22.57,0.0905
1554,E2C,11,5.6419,12.0,2,42.47,0.2048
1554,W2C,11,5.4097,9.0,2,44.29,0.2061
1555,N2C,5,12.1331,0.0,0,19.75,0.0553
1555,S2C,6,10.3478,3.0,1,23.15,0.095
1555,E2C,9,6.3648,0.0,0,37.64,0.1624
1555,W2C,9,6.3074,0.0,0,37.99,0.1632
1556,N2C,5,11.4494,0.0,0,20.93,0.0651
1556,S2C,6,9.3169,4.0,1,25.72,0.1105
1556,E2C,9,6.669,0.0,0,35.93,0.158
1556,W2C,9,6.8588,0.0,0,34.93,0.1552
1557,N2C,5,10.3686,0.0,0,23.11,0.0807
1557,S2C,6,8.3733,5.0,1,28.61,0.1248
1557,E2C,8,7.3779,0.0,0,32.48,0.1418
1557,W2C,9,7.2304,0.0,0,33.14,0.1499
1558,N2C,6,9.8672,0.0,0,24.28,0.0939
1558,S2C,7,8.2975,6.0,1,28.88,0.1325
1558,E2C,8,9.0047,0.0,0,26.61,0.1183
1558,W2C,8,8.6366,0.0,0,27.74,0.1236
1559,N2C,6,9.2202,1.0,1,25.99,0.1099
1559,S2C,7,7.7071,8.0,2,31.09,0.1484
1559,E2C,7,10.0837,0.0,0,23.76,0.0968
1559,W2C,8,9.3275,0.0,0,25.69,0.1137
1560,N2C,6,8.6823,2.0,1,27.6,0.1183
1560,S2C,7,7.3087,11.0,3,32.78,0.1621
1560,E2C,6,11.0408,0.0,0,21.7,0.077
1560,W2C,6,10.6092,0.0,0,22.58,0.0832
1561,N2C,6,8.5087,4.0,2,28.16,0.1282
1561,S2C,7,7.2594,14.0,3,33.01,0.1648
1561,E2C,5,12.0956,0.0,0,19.81,0.0558
1561,W2C,6,11.128,0.0,0,21.53,0.0758
1562,N2C,6,7.7315,6.0,2,30.99,0.1407
1562,S2C,7,7.2395,17.0,3,33.1,0.1671
1562,E2C,4,12.4262,0.0,0,19.28,0.0451
1562,W2C,4,13.0033,0.0,0,18.43,0.0368
1563,N2C,7,8.1281,8.0,2,29.48,0.1423
1563,S2C,8,8.0771,20.0,3,29.66,0.163
1563,E2C,4,12.9129,0.0,0,18.56,0.0381
1563,W2C,5,12.981,0.0,0,18.46,0.0431
1564,N2C,7,7.7426,10.0,2,30.95,0.1492
1564,S2C,8,7.8646,23.0,3,30.47,0.1681
1564,E2C,4,13.0641,0.0,0,18.34,0.0359
1564,W2C,5,12.9783,0.0,0,18.46,0.0431
1565,N2C,7,7.2472,13.0,3,33.06,0.1643
1565,S2C,8,7.5879,26.0,3,31.58,0.1741
1565,E2C,4,13.1498,0.0,0,18.22,0.0347
1565,W2C,4,13.0983,0.0,0,18.29,0.0354
1566,N2C,7,7.2665,16.0,3,32.97,0.166
1566,S2C,8,6.4609,29.0,3,37.08,0.1923
1566,E2C,4,13.1046,0.0,0,18.28,0.0353
1566,W2C,4,13.0768,0.0,0,18.32,0.0357
1567,N2C,8,7.5356,19.0,3,31.8,0.1702
1567,S2C,9,6.5869,32.0,3,36.38,0.1985
1567,E2C,4,12.5255,0.0,0,19.13,0.0436
1567,W2C,4,12.6606,0.0,0,18.92,0.0417
1568,N2C,8,6.8504,22.0,3,34.98,0.182
1568,S2C,9,5.8497,35.0,3,40.96,0.2111
1568,E2C,4,12.3811,0.0,0,19.35,0.0457
1568,W2C,4,12.796,0.0,0,18.72,0.0398
1569,N2C,8,6.3821,25.0,3,37.54,0.1908
1569,S2C,9,5.9169,40.0,5,40.49,0.2255
1569,E2C,4,12.2899,0.0,0,19.5,0.047
1569,W2C,4,12.5151,0.0,0,19.14,0.0438
1570,N2C,8,6.4793,28.0,3,36.98,0.1914
1570,S2C,9,5.7679,45.0,5,41.54,0.2309
1570,E2C,4,12.2326,0.0,0,19.59,0.0479
1570,W2C,4,12.5421,0.0,0,19.1,0.0434
1571,N2C,8,6.209,32.0,4,38.59,0.2039
1571,S2C,9,5.192,50.0,5,46.15,0.2426
1571,E2C,4,12.2341,0.0,0,19.58,0.0478
1571,W2C,4,12.6385,0.0,0,18.96,0.042
1572,N2C,9,7.3031,36.0,4,32.81,0.1968
1572,S2C,10,5.5552,55.0,5,43.13,0.2467
1572,E2C,5,12.554,0.0,0,19.09,0.0492
1572,W2C,5,12.7388,0.0,0,18.81,0.0466
1573,N2C,9,6.6286,40.0,4,36.15,0.2092
1573,S2C,10,5.3329,60.0,5,44.93,0.2532
1573,E2C,5,12.4503,0.0,0,19.24,0.0507
1573,W2C,4,12.5333,0.0,0,19.12,0.0435
1574,N2C,9,5.8592,44.0,4,40.89,0.223
1574,S2C,10,5.0041,65.0,5,47.88,0.2613
1574,E2C,4,12.4971,0.0,0,19.17,0.0441
1574,W2C,4,12.8987,0.0,0,18.58,0.0383
1575,N2C,9,5.0731,48.0,4,47.23,0.237
1575,S2C,10,4.6268,71.0,6,51.78,0.2767
1575,E2C,4,12.6786,0.0,0,18.9,0.0414
1575,W2C,4,12.7221,0.0,0,18.83,0.0408
1576,N2C,10,5.6444,53.0,5,42.45,0.2441
1576,S2C,11,4.7744,77.0,6,50.18,0.2846
1576,E2C,4,12.6024,0.0,0,19.01,0.0425
1576,W2C,4,12.5455,0.0,0,19.1,0.0434
1577,N2C,10,5.336,58.0,5,44.9,0.2518
1577,S2C,11,4.5368,83.0,6,52.81,0.292
1577,E2C,4,12.4213,0.0,0,19.29,0.0451
1577,W2C,4,12.2342,0.0,0,19.58,0.0478
1578,N2C,10,5.1786,64.0,6,46.27,0.2641
1578,S2C,11,4.3878,90.0,7,54.61,0.3048
1578,E2C,4,11.7215,0.0,0,20.44,0.0552
1578,W2C,4,12.8169,0.0,0,18.69,0.0395
1579,N2C,10,4.7294,70.0,6,50.66,0.2746
1579,S2C,11,3.9876,97.0,7,60.09,0.3152
1579,E2C,4,11.9046,0.0,0,20.13,0.0526
1579,W2C,4,12.9405,0.0,0,18.52,0.0377
1580,N2C,10,4.3621,76.0,6,54.93,0.2839
1580,S2C,11,3.55,104.0,7,67.49,0.3262
1580,E2C,4,12.4323,0.0,0,19.27,0.045
1580,W2C,4,12.8444,0.0,0,18.65,0.0391
1581,N2C,11,4.7647,82.0,6,50.29,0.2881
1581,S2C,12,3.9369,111.0,7,60.86,0.3313
1581,E2C,4,12.4969,0.0,0,19.17,0.0441
1581,W2C,4,12.9959,0.0,0,18.44,0.0369
1582,N2C,11,4.6621,89.0,7,51.39,0.3002
1582,S2C,12,3.6768,118.0,7,65.16,0.3397
1582,E2C,4,12.1405,0.0,0,19.74,0.0492
1582,W2C,4,12.6468,0.0,0,18.95,0.0419
1583,N2C,11,4.6754,96.0,7,51.25,0.3047
1583,S2C,12,3.4099,126.0,8,70.27,0.3549
1583,E2C,4,12.3658,0.0,0,19.38,0.0459
1583,W2C,4,12.6774,0.0,0,18.9,0.0415
1584,N2C,11,4.3816,103.0,7,54.68,0.3136
1584,S2C,12,2.9893,134.0,8,80.15,0.3663
1584,E2C,4,12.236,0.0,0,19.58,0.0478
1584,W2C,4,12.9729,0.0,0,18.47,0.0372
1585,N2C,10,5.7122,58.0,5,41.95,0.2464
1585,S2C,11,4.378,82.0,6,54.73,0.2936
1585,E2C,4,12.6636,0.0,0,18.92,0.0417
1585,W2C,5,12.8967,0.0,0,18.58,0.0443
1586,N2C,10,5.6515,25.0,3,42.4,0.2133
1586,S2C,11,4.5245,43.0,4,52.96,0.2535
1586,E2C,5,12.7203,0.0,0,18.84,0.0468
1586,W2C,5,12.8738,0.0,0,18.61,0.0446
1587,N2C,10,6.0736,7.0,2,39.45,0.1892
1587,S2C,11,5.0166,16.0,3,47.76,0.2224
1587,E2C,5,12.3567,0.0,0,19.39,0.0521
1587,W2C,5,12.716,0.0,0,18.84,0.0469
1588,N2C,8,6.8572,0.0,0,34.94,0.1493
1588,S2C,9,5.4561,2.0,1,43.91,0.1828
1588,E2C,5,11.2879,0.0,0,21.23,0.0675
1588,W2C,5,12.0959,0.0,0,19.81,0.0558
1589,N2C,8,7.4891,0.0,0,31.99,0.1402
1589,S2C,9,6.0379,0.0,0,39.68,0.1671
1589,E2C,5,10.5669,0.0,0,22.67,0.0778
1589,W2C,5,11.0298,0.0,0,21.72,0.0712
1590,N2C,7,9.4799,0.0,0,25.27,0.1055
1590,S2C,9,7.4059,0.0,0,32.35,0.1474
1590,E2C,6,9.7752,0.0,0,24.51,0.0952
1590,W2C,6,9.6622,0.0,0,24.8,0.0969
1591,N2C,7,9.9216,0.0,0,24.15,0.0991
1591,S2C,8,8.3902,0.0,0,28.56,0.1272
1591,E2C,6,8.8327,0.0,0,27.13,0.1088
1591,W2C,6,9.1054,1.0,1,26.31,0.1116
1592,N2C,5,11.1991,0.0,0,21.39,0.0687
1592,S2C,7,9.3993,0.0,0,25.49,0.1067
1592,E2C,6,8.5178,1.0,1,28.13,0.12
1592,W2C,6,7.9629,3.0,2,30.09,0.1353
1593,N2C,5,11.4157,0.0,0,20.99,0.0656
1593,S2C,6,10.4074,0.0,0,23.02,0.0861
1593,E2C,6,8.2164,2.0,1,29.16,0.125
1593,W2C,6,7.3271,5.0,2,32.7,0.1458
1594,N2C,5,12.4375,0.0,0,19.26,0.0509
1594,S2C,6,11.5752,0.0,0,20.7,0.0693
1594,E2C,7,8.925,4.0,2,26.85,0.1282
1594,W2C,7,7.7055,7.0,2,31.09,0.1477
1595,N2C,4,12.6366,0.0,0,18.96,0.042
1595,S2C,5,12.3499,0.0,0,19.4,0.0522
1595,E2C,7,8.9237,6.0,2,26.85,0.1295
1595,W2C,7,6.8641,9.0,2,34.91,0.1612
1596,N2C,4,12.9034,0.0,0,18.57,0.0382
1596,S2C,5,12.081,0.0,0,19.83,0.056
1596,E2C,7,8.3801,8.0,2,28.59,0.1387
1596,W2C,7,7.0993,12.0,3,33.75,0.1658
1597,N2C,4,12.6222,0.0,0,18.98,0.0423
1597,S2C,5,11.5777,0.0,0,20.69,0.0633
1597,E2C,7,7.2423,10.0,2,33.08,0.1564
1597,W2C,7,6.8859,15.0,3,34.8,0.1709
1598,N2C,4,13.0045,0.0,0,18.42,0.0368
1598,S2C,5,11.7601,0.0,0,20.37,0.0607
1598,E2C,7,6.7835,12.0,2,35.32,0.1643
1598,W2C,7,6.2412,18.0,3,38.39,0.1821
1599,N2C,5,12.9414,0.0,0,18.51,0.0437
1599,S2C,6,12.4179,0.0,0,19.29,0.0572
1599,E2C,8,7.3083,15.0,3,32.78,0.1708
1599,W2C,8,6.7271,21.0,3,35.62,0.1831
1600,N2C,4,12.9799,0.0,0,18.46,0.0371
1600,S2C,6,11.8186,0.0,0,20.27,0.0658
1600,E2C,8,6.4907,18.0,3,36.91,0.1845
1600,W2C,8,6.2313,24.0,3,38.45,0.1923
1601,N2C,4,13.0255,0.0,0,18.39,0.0364
1601,S2C,6,11.7159,0.0,0,20.45,0.0673
1601,E2C,8,6.4242,22.0,4,37.3,0.1942
1601,W2C,8,5.8607,27.0,3,40.88,0.1996
1602,N2C,4,13.0565,0.0,0,18.35,0.036
1602,S2C,4,12.191,0.0,0,19.65,0.0485
1602,E2C,8,6.2751,26.0,4,38.18,0.199
1602,W2C,8,5.3767,31.0,4,44.56,0.2152
1603,N2C,4,12.6563,0.0,0,18.93,0.0418
1603,S2C,5,12.707,0.0,0,18.86,0.047
1603,E2C,9,6.5536,30.0,4,36.56,0.2036
1603,W2C,9,5.7596,35.0,4,41.6,0.2184
1604,N2C,4,12.667,0.0,0,18.92,0.0416
1604,S2C,4,12.8609,0.0,0,18.63,0.0388
1604,E2C,9,6.0353,34.0,4,39.7,0.2138
1604,W2C,9,5.3815,39.0,4,44.52,0.2265
1605,N2C,4,12.8335,0.0,0,18.67,0.0392
1605,S2C,4,12.6668,0.0,0,18.92,0.0416
1605,E2C,9,5.7244,38.0,4,41.86,0.2209
1605,W2C,9,5.2684,43.0,4,45.48,0.2308
1606,N2C,4,12.7141,0.0,0,18.85,0.0409
1606,S2C,4,12.7907,0.0,0,18.73,0.0398
1606,E2C,9,5.8373,42.0,4,41.05,0.2219
1606,W2C,9,5.1272,48.0,5,46.73,0.2422
1607,N2C,4,12.5385,0.0,0,19.11,0.0435
1607,S2C,4,12.7908,0.0,0,18.73,0.0398
1607,E2C,9,5.642,46.0,4,42.47,0.2274
1607,W2C,9,5.2697,53.0,5,45.47,0.2435
1608,N2C,5,13.0458,0.0,0,18.37,0.0422
1608,S2C,4,12.9995,0.0,0,18.43,0.0368
1608,E2C,10,6.4751,51.0,5,37.0,0.2308
1608,W2C,10,6.0689,58.0,5,39.48,0.2413
1609,N2C,5,12.7643,0.0,0,18.77,0.0462
1609,S2C,4,12.6823,0.0,0,18.89,0.0414
1609,E2C,10,6.1831,56.0,5,38.75,0.2383
1609,W2C,10,5.9509,63.0,5,40.26,0.2463
1610,N2C,4,13.0301,0.0,0,18.39,0.0364
1610,S2C,4,12.9021,0.0,0,18.57,0.0382
1610,E2C,10,5.2068,61.0,5,46.02,0.2557
1610,W2C,10,5.9997,68.0,5,39.94,0.2489
1611,N2C,4,13.0813,0.0,0,18.32,0.0356
1611,S2C,4,12.5215,0.0,0,19.14,0.0437
1611,E2C,10,4.5452,66.0,5,52.72,0.2686
1611,W2C,10,5.5353,73.0,5,43.29,0.259
1612,N2C,5,12.8156,0.0,0,18.7,0.0455
1612,S2C,4,12.6312,0.0,0,18.97,0.0421
1612,E2C,11,4.9839,71.0,5,48.08,0.2716
1612,W2C,11,6.0182,78.0,5,39.81,0.2613
1613,N2C,4,12.6723,0.0,0,18.91,0.0415
1613,S2C,4,12.3461,0.0,0,19.41,0.0462
1613,E2C,11,4.91,76.0,5,48.8,0.276
1613,W2C,11,5.2954,83.0,5,45.25,0.2751
1614,N2C,4,12.9402,0.0,0,18.52,0.0377
1614,S2C,4,12.5106,0.0,0,19.15,0.0439
1614,E2C,11,4.8287,82.0,6,49.62,0.2871
1614,W2C,11,4.6934,89.0,6,51.05,0.2938
1615,N2C,4,12.7982,0.0,0,18.72,0.0397
1615,S2C,4,12.6847,0.0,0,18.89,0.0414
1615,E2C,11,4.4642,89.0,7,53.67,0.3031
1615,W2C,11,4.4005,95.0,6,54.45,0.302
1616,N2C,4,12.8196,0.0,0,18.69,0.0394
1616,S2C,4,12.7082,0.0,0,18.85,0.041
1616,E2C,11,3.9588,96.0,7,60.52,0.315
1616,W2C,11,3.9179,102.0,7,61.16,0.3196
1617,N2C,5,12.0311,0.0,0,19.92,0.0568
1617,S2C,5,12.1369,0.0,0,19.74,0.0552
1617,E2C,12,4.2968,103.0,7,55.76,0.3208
1617,W2C,12,4.3338,109.0,7,55.29,0.3243
1618,N2C,5,11.3807,0.0,0,21.05,0.0661
1618,S2C,5,11.3476,0.0,0,21.11,0.0666
1618,E2C,10,4.8877,58.0,5,49.02,0.2583
1618,W2C,10,4.8707,62.0,6,49.19,0.2672
1619,N2C,5,10.6356,0.0,0,22.53,0.0769
1619,S2C,5,10.3709,0.0,0,23.1,0.0807
1619,E2C,10,4.59,24.0,4,52.2,0.2339
1619,W2C,10,5.1312,26.0,4,46.69,0.2275
1620,N2C,5,10.2226,0.0,0,23.44,0.0828
1620,S2C,5,9.5947,1.0,1,24.97,0.0985
1620,E2C,10,4.8596,8.0,2,49.3,0.2074
1620,W2C,10,5.5319,8.0,2,43.31,0.1977
1621,N2C,6,9.8156,0.0,0,24.41,0.0947
1621,S2C,6,10.5787,2.0,1,22.65,0.091
1621,E2C,9,6.4721,0.0,0,37.02,0.1608
1621,W2C,9,6.936,0.0,0,34.54,0.1541
1622,N2C,6,8.9755,1.0,1,26.69,0.1134
1622,S2C,6,9.8957,3.0,1,24.21,0.1015
1622,E2C,9,7.0034,0.0,0,34.21,0.1532
1622,W2C,9,7.0312,0.0,0,34.08,0.1528
1623,N2C,6,8.5497,2.0,1,28.02,0.1202
1623,S2C,6,9.1148,4.0,1,26.29,0.1134
1623,E2C,8,8.1352,0.0,0,29.45,0.1309
1623,W2C,9,7.5744,0.0,0,31.63,0.1449
1624,N2C,6,8.7249,4.0,2,27.46,0.125
1624,S2C,6,8.5837,5.0,1,27.91,0.1217
1624,E2C,7,9.0364,0.0,0,26.51,0.1119
1624,W2C,7,8.7136,0.0,0,27.5,0.1165
1625,N2C,6,7.7517,6.0,2,30.91,0.1404
1625,S2C,6,8.5115,6.0,1,28.15,0.1234
1625,E2C,7,9.6094,0.0,0,24.93,0.1036
1625,W2C,7,9.1603,0.0,0,26.16,0.1101
1626,N2C,7,8.1822,8.0,2,29.28,0.1415
1626,S2C,7,9.3088,8.0,2,25.74,0.1253
1626,E2C,6,10.9262,0.0,0,21.93,0.0787
1626,W2C,6,10.6322,0.0,0,22.54,0.0829
1627,N2C,7,7.4225,10.0,2,32.28,0.1538
1627,S2C,7,9.0986,10.0,2,26.33,0.1297
1627,E2C,5,11.5759,0.0,0,20.7,0.0633
1627,W2C,6,11.1377,0.0,0,21.51,0.0756
1628,N2C,7,7.3348,13.0,3,32.67,0.1631
1628,S2C,7,8.7227,12.0,2,27.47,0.1364
1628,E2C,4,12.1989,0.0,0,19.64,0.0484
1628,W2C,5,11.7937,0.0,0,20.32,0.0602
1629,N2C,7,7.2663,16.0,3,32.97,0.166
1629,S2C,7,7.9138,14.0,2,30.28,0.1494
1629,E2C,4,11.903,0.0,0,20.13,0.0526
1629,W2C,4,12.596,0.0,0,19.02,0.0426
1630,N2C,8,7.956,19.0,3,30.12,0.1641
1630,S2C,8,7.6849,16.0,2,31.18,0.16
1630,E2C,4,12.1226,0.0,0,19.76,0.0494
1630,W2C,4,12.8897,0.0,0,18.59,0.0384
1631,N2C,8,7.7644,22.0,3,30.86,0.1689
1631,S2C,8,7.2618,18.0,2,32.99,0.1674
1631,E2C,4,12.0016,0.0,0,19.96,0.0512
1631,W2C,4,12.8984,0.0,0,18.58,0.0383
1632,N2C,8,7.1589,25.0,3,33.47,0.1796
1632,S2C,8,6.7396,21.0,3,35.55,0.183
1632,E2C,4,12.1777,0.0,0,19.68,0.0487
1632,W2C,4,12.697,0.0,0,18.87,0.0412
1633,N2C,8,6.4101,28.0,3,37.38,0.1924
1633,S2C,8,6.398,24.0,3,37.45,0.1899
1633,E2C,4,11.8711,0.0,0,20.18,0.0531
1633,W2C,4,12.6306,0.0,0,18.97,0.0421
1634,N2C,8,5.9857,31.0,3,40.03,0.2005
1634,S2C,8,5.7622,28.0,4,41.58,0.2077
1634,E2C,4,12.0351,0.0,0,19.91,0.0507
1634,W2C,4,12.525,0.0,0,19.13,0.0437
1635,N2C,9,6.495,35.0,4,36.89,0.2078
1635,S2C,9,6.2277,32.0,4,38.47,0.2097
1635,E2C,5,12.5377,0.0,0,19.11,0.0495
1635,W2C,5,13.0914,0.0,0,18.3,0.0415
1636,N2C,9,6.013,39.0,4,39.85,0.2174
1636,S2C,9,6.0187,36.0,4,39.81,0.2153
1636,E2C,5,12.3926,0.0,0,19.33,0.0516
1636,W2C,5,12.7893,0.0,0,18.73,0.0458
1637,N2C,9,5.8111,43.0,4,41.23,0.223
1637,S2C,9,5.6725,40.0,4,42.24,0.223
1637,E2C,5,12.0783,0.0,0,19.84,0.0561
1637,W2C,5,12.3889,0.0,0,19.34,0.0516
1638,N2C,9,5.3951,48.0,5,44.41,0.2383
1638,S2C,9,5.1834,45.0,5,46.22,0.2394
1638,E2C,5,12.278,0.0,0,19.51,0.0532
1638,W2C,4,13.0405,0.0,0,18.37,0.0362
1639,N2C,10,5.7612,53.0,5,41.59,0.2424
1639,S2C,10,5.7143,50.0,5,41.93,0.2411
1639,E2C,6,12.517,0.0,0,19.14,0.0558
1639,W2C,5,12.9715,0.0,0,18.47,0.0432
1640,N2C,10,5.3138,58.0,5,45.09,0.2522
1640,S2C,10,5.2702,55.0,5,45.46,0.2508
1640,E2C,4,12.961,0.0,0,18.49,0.0374
1640,W2C,4,13.1815,0.0,0,18.18,0.0342
1641,N2C,10,5.1581,64.0,6,46.45,0.2644
1641,S2C,10,5.3698,60.0,5,44.62,0.2527
1641,E2C,4,13.003,0.0,0,18.43,0.0368
1641,W2C,4,13.2347,0.0,0,18.1,0.0334
1642,N2C,10,4.8598,70.0,6,49.3,0.2727
1642,S2C,10,4.9015,66.0,6,48.88,0.2694
1642,E2C,4,12.809,0.0,0,18.71,0.0396
1642,W2C,4,12.4969,0.0,0,19.17,0.0441
1643,N2C,10,4.2598,76.0,6,56.25,0.2853
1643,S2C,10,4.4189,72.0,6,54.22,0.2804
1643,E2C,4,13.2516,0.0,0,18.08,0.0332
1643,W2C,4,12.6384,0.0,0,18.96,0.042
1644,N2C,11,4.7221,83.0,7,50.74,0.2953
1644,S2C,11,5.0628,78.0,6,47.33,0.2811
1644,E2C,5,13.128,0.0,0,18.25,0.041
1644,W2C,4,12.8434,0.0,0,18.66,0.0391
1645,N2C,11,4.7482,90.0,7,50.46,0.2996
1645,S2C,11,4.7375,84.0,6,50.58,0.2898
1645,E2C,5,13.1184,0.0,0,18.26,0.0411
1645,W2C,4,12.962,0.0,0,18.48,0.0374
1646,N2C,11,4.2412,97.0,7,56.49,0.3116
1646,S2C,11,4.3752,91.0,7,54.76,0.3057
1646,E2C,4,13.1529,0.0,0,18.22,0.0346
1646,W2C,4,13.0786,0.0,0,18.32,0.0357
1647,N2C,11,3.8265,104.0,7,62.62,0.3222
1647,S2C,11,3.993,98.0,7,60.01,0.3158
1647,E2C,4,13.5058,0.0,0,17.74,0.0295
1647,W2C,4,12.9335,0.0,0,18.53,0.0378
1648,N2C,12,4.2851,111.0,7,55.92,0.3263
1648,S2C,12,4.569,105.0,7,52.44,0.3182
1648,E2C,4,13.6203,0.0,0,17.59,0.0279
1648,W2C,5,12.3281,0.0,0,19.44,0.0525
1649,N2C,12,4.1431,119.0,8,57.83,0.3397
1649,S2C,12,4.4074,112.0,7,54.36,0.3252
1649,E2C,4,13.2473,0.0,0,18.09,0.0333
1649,W2C,5,11.1301,0.0,0,21.53,0.0697
1650,N2C,12,4.0519,127.0,8,59.13,0.3463
1650,S2C,12,4.2217,119.0,7,56.75,0.3325
1650,E2C,4,13.2732,0.0,0,18.05,0.0329
1650,W2C,5,10.3982,0.0,0,23.04,0.0803
1651,N2C,10,4.2832,77.0,6,55.94,0.2857
1651,S2C,10,4.6399,69.0,6,51.64,0.2752
1651,E2C,4,13.1175,0.0,0,18.27,0.0351
1651,W2C,5,10.2136,0.0,0,23.46,0.0829
1652,N2C,10,4.169,40.0,4,57.47,0.2506
1652,S2C,10,4.4826,35.0,4,53.45,0.2428
1652,E2C,4,12.555,0.0,0,19.08,0.0432
1652,W2C,5,10.071,0.0,0,23.79,0.085
1653,N2C,11,5.3534,15.0,2,44.76,0.2109
1653,S2C,11,5.5283,12.0,3,43.34,0.2124
1653,E2C,5,11.9015,0.0,0,20.13,0.0586
1653,W2C,6,9.9499,1.0,1,24.08,0.0994
1654,N2C,9,6.0862,0.0,0,39.37,0.1664
1654,S2C,9,6.1492,2.0,1,38.96,0.1728
1654,E2C,5,10.7515,0.0,0,22.29,0.0752
1654,W2C,6,9.4333,2.0,1,25.4,0.1075
1655,N2C,9,6.5732,0.0,0,36.45,0.1594
1655,S2C,9,6.6003,0.0,0,36.3,0.159
1655,E2C,5,10.3485,1.0,1,23.15,0.0877
1655,W2C,6,8.8696,3.0,1,27.01,0.1163
1656,N2C,9,7.143,0.0,0,33.54,0.1511
1656,S2C,9,7.0136,0.0,0,34.16,0.153
1656,E2C,5,9.8431,2.0,1,24.34,0.0956
1656,W2C,6,8.6695,4.0,1,27.64,0.1198
1657,N2C,8,8.7307,0.0,0,27.44,0.1223
1657,S2C,8,8.8594,0.0,0,27.04,0.1204
1657,E2C,6,9.7766,3.0,1,24.51,0.1032
1657,W2C,7,9.2005,6.0,2,26.04,0.1255
1658,N2C,7,9.6773,0.0,0,24.76,0.1027
1658,S2C,8,9.6256,0.0,0,24.89,0.1094
1658,E2C,6,8.9131,4.0,1,26.88,0.1163
1658,W2C,7,8.4883,8.0,2,28.23,0.1371
1659,N2C,6,10.5591,0.0,0,22.69,0.084
1659,S2C,6,10.7526,0.0,0,22.28,0.0812
1659,E2C,6,8.6007,5.0,1,27.86,0.1215
1659,W2C,7,7.8832,10.0,2,30.39,0.1472
1660,N2C,6,11.309,0.0,0,21.19,0.0732
1660,S2C,6,11.1451,0.0,0,21.5,0.0755
1660,E2C,6,8.5539,7.0,2,28.01,0.1295
1660,W2C,7,7.2758,12.0,2,32.93,0.1572
1661,N2C,4,12.5687,0.0,0,19.06,0.043
1661,S2C,4,12.4467,0.0,0,19.25,0.0448
1661,E2C,6,8.0364,9.0,2,29.81,0.1383
1661,W2C,7,6.5545,15.0,3,36.56,0.1756
1662,N2C,5,12.4021,0.0,0,19.32,0.0514
1662,S2C,5,13.1063,0.0,0,18.28,0.0413
1662,E2C,7,8.236,11.0,2,29.09,0.1427
1662,W2C,8,7.2157,18.0,3,33.21,0.1741
1663,N2C,5,12.343,0.0,0,19.41,0.0523
1663,S2C,4,13.1311,0.0,0,18.25,0.0349
1663,E2C,7,7.8311,13.0,2,30.6,0.1499
1663,W2C,8,6.9323,21.0,3,34.56,0.1802
1664,N2C,5,12.8758,0.0,0,18.61,0.0446
1664,S2C,4,13.2159,0.0,0,18.13,0.0337
1664,E2C,7,7.3696,16.0,3,32.51,0.1646
1664,W2C,8,6.2092,24.0,3,38.59,0.1926
1665,N2C,5,12.595,0.0,0,19.02,0.0486
1665,S2C,4,13.03,0.0,0,18.39,0.0364
1665,E2C,7,6.6003,19.0,3,36.3,0.1776
1665,W2C,8,5.6359,28.0,4,42.51,0.2095
1666,N2C,5,12.7385,0.0,0,18.81,0.0466
1666,S2C,4,13.2529,0.0,0,18.08,0.0332
1666,E2C,8,6.7102,22.0,3,35.71,0.184
1666,W2C,9,6.2919,32.0,4,38.08,0.2087
1667,N2C,4,12.8948,0.0,0,18.58,0.0383
1667,S2C,4,13.144,0.0,0,18.23,0.0347
1667,E2C,8,6.0801,25.0,3,39.41,0.1951
1667,W2C,9,6.0107,36.0,4,39.86,0.2155
1668,N2C,4,12.8323,0.0,0,18.67,0.0392
1668,S2C,4,12.977,0.0,0,18.46,0.0371
1668,E2C,8,6.1345,28.0,3,39.06,0.1963
1668,W2C,9,5.6455,41.0,5,42.44,0.23
1669,N2C,4,12.6678,0.0,0,18.91,0.0416
1669,S2C,4,12.7532,0.0,0,18.79,0.0404
1669,E2C,8,6.0155,32.0,4,39.83,0.2067
1669,W2C,9,5.555,46.0,5,43.13,0.2347
1670,N2C,4,12.8019,0.0,0,18.72,0.0397
1670,S2C,4,12.5988,0.0,0,19.02,0.0426
1670,E2C,8,6.1193,36.0,4,39.15,0.2079
1670,W2C,9,5.0472,51.0,5,47.47,0.2453
1671,N2C,5,12.9743,0.0,0,18.47,0.0432
1671,S2C,5,13.0721,0.0,0,18.33,0.0418
1671,E2C,9,6.8367,40.0,4,35.05,0.2062
1671,W2C,10,5.6813,56.0,5,42.17,0.2455
1672,N2C,5,12.7658,0.0,0,18.77,0.0462
1672,S2C,4,12.7174,0.0,0,18.84,0.0409
1672,E2C,9,6.3635,44.0,4,37.65,0.2157
1672,W2C,10,5.2821,61.0,5,45.36,0.2546
1673,N2C,4,13.1585,0.0,0,18.21,0.0345
1673,S2C,4,13.0244,0.0,0,18.4,0.0365
1673,E2C,9,5.8447,48.0,4,40.99,0.2258
1673,W2C,10,4.759,66.0,5,50.35,0.2655
1674,N2C,4,12.9548,0.0,0,18.5,0.0375
1674,S2C,4,13.2105,0.0,0,18.14,0.0338
1674,E2C,9,5.079,52.0,4,47.18,0.2395
1674,W2C,10,4.2993,71.0,5,55.73,0.2754
1675,N2C,4,12.8743,0.0,0,18.61,0.0386
1675,S2C,4,13.2207,0.0,0,18.12,0.0336
1675,E2C,10,5.4438,56.0,4,44.01,0.2429
1675,W2C,11,4.7671,77.0,6,50.26,0.2847
1676,N2C,4,12.9357,0.0,0,18.52,0.0377
1676,S2C,4,13.1584,0.0,0,18.21,0.0345
1676,E2C,10,5.0559,62.0,6,47.39,0.2645
1676,W2C,11,4.5069,83.0,6,53.16,0.2924
1677,N2C,4,12.6909,0.0,0,18.88,0.0413
1677,S2C,4,12.7726,0.0,0,18.76,0.0401
1677,E2C,10,5.0885,68.0,6,47.09,0.2681
1677,W2C,11,4.622,90.0,7,51.84,0.3014
1678,N2C,4,13.0574,0.0,0,18.35,0.036
1678,S2C,4,13.1427,0.0,0,18.23,0.0348
1678,E2C,10,4.5391,74.0,6,52.79,0.28
1678,W2C,11,4.7276,97.0,7,50.68,0.3046
1679,N2C,4,13.1238,0.0,0,18.26,0.035
1679,S2C,4,13.3989,0.0,0,17.88,0.0311
1679,E2C,10,4.2991,80.0,6,55.73,0.2874
1679,W2C,11,4.5271,104.0,7,52.93,0.3121
1680,N2C,4,12.4699,0.0,0,19.21,0.0444
1680,S2C,4,13.1077,0.0,0,18.28,0.0353
1680,E2C,11,4.4851,86.0,6,53.42,0.2948
1680,W2C,12,4.9178,111.0,7,48.72,0.3172
1681,N2C,4,12.6207,0.0,0,18.98,0.0423
1681,S2C,4,13.1652,0.0,0,18.2,0.0344
1681,E2C,11,4.4309,93.0,7,54.07,0.3062
1681,W2C,12,4.1653,118.0,7,57.52,0.3327
1682,N2C,4,12.3636,0.0,0,19.38,0.046
1682,S2C,4,13.2743,0.0,0,18.05,0.0329
1682,E2C,11,4.5544,100.0,7,52.61,0.3091
1682,W2C,12,3.7085,125.0,7,64.61,0.3439
1683,N2C,4,12.882,0.0,0,18.6,0.0385
1683,S2C,4,12.9735,0.0,0,18.47,0.0372
1683,E2C,11,4.4643,107.0,7,53.67,0.3151
1683,W2C,12,3.3097,133.0,8,72.39,0.361
1684,N2C,5,11.8728,0.0,0,20.18,0.059
1684,S2C,5,12.9748,0.0,0,18.47,0.0432
1684,E2C,10,6.254,59.0,5,38.31,0.2393
1684,W2C,11,4.7568,81.0,6,50.37,0.2875
1685,N2C,5,11.0031,0.0,0,21.78,0.0716
1685,S2C,5,12.21,0.0,0,19.62,0.0542
1685,E2C,10,6.3912,25.0,3,37.49,0.2026
1685,W2C,11,5.015,41.0,4,47.78,0.2451
1686,N2C,5,10.1564,0.0,0,23.59,0.0838
1686,S2C,5,11.5935,0.0,0,20.67,0.0631
1686,E2C,10,6.5632,6.0,1,36.51,0.1755
1686,W2C,11,5.5612,14.0,2,43.08,0.2073
1687,N2C,5,10.5152,0.0,0,22.79,0.0786
1687,S2C,5,10.8926,0.0,0,22.0,0.0732
1687,E2C,8,6.8885,0.0,0,34.78,0.1488
1687,W2C,9,6.1113,1.0,1,39.21,0.1727
1688,N2C,5,10.2474,1.0,1,23.38,0.0891
1688,S2C,5,10.1004,0.0,0,23.72,0.0846
1688,E2C,8,7.0421,0.0,0,34.02,0.1466
1688,W2C,9,6.6421,0.0,0,36.07,0.1584
1689,N2C,6,10.2808,2.0,1,23.31,0.0953
1689,S2C,6,10.1552,1.0,1,23.59,0.0964
1689,E2C,8,8.5552,0.0,0,28.01,0.1248
1689,W2C,8,8.4486,0.0,0,28.36,0.1263
1690,N2C,6,10.0093,3.0,1,23.94,0.0999
1690,S2C,6,9.3172,2.0,1,25.72,0.1092
1690,E2C,7,9.2428,0.0,0,25.92,0.1089
1690,W2C,8,8.6801,0.0,0,27.6,0.123
1691,N2C,6,9.0946,4.0,1,26.35,0.1137
1691,S2C,6,8.8355,3.0,1,27.12,0.1168
1691,E2C,6,9.9645,0.0,0,24.05,0.0925
1691,W2C,6,9.602,0.0,0,24.95,0.0977
1692,N2C,6,7.9696,5.0,1,30.06,0.1306
1692,S2C,6,8.0609,5.0,2,29.72,0.1353
1692,E2C,5,10.9699,0.0,0,21.84,0.072
1692,W2C,6,10.0178,0.0,0,23.92,0.0918
1693,N2C,7,8.0901,6.0,1,29.62,0.1355
1693,S2C,7,8.463,7.0,2,28.31,0.1368
1693,E2C,5,12.0977,0.0,0,19.81,0.0558
1693,W2C,6,11.4583,0.0,0,20.91,0.071
1694,N2C,7,7.438,8.0,2,32.21,0.1522
1694,S2C,7,7.7975,9.0,2,30.73,0.1477
1694,E2C,4,13.071,0.0,0,18.33,0.0358
1694,W2C,5,11.8029,0.0,0,20.3,0.0601
1695,N2C,7,7.5085,10.0,2,31.91,0.1526
1695,S2C,7,7.721,11.0,2,31.03,0.1502
1695,E2C,4,12.7502,0.0,0,18.79,0.0404
1695,W2C,4,12.9204,0.0,0,18.54,0.038
1696,N2C,7,7.3899,12.0,2,32.42,0.1556
1696,S2C,7,7.459,14.0,3,32.12,0.1619
1696,E2C,4,12.5261,0.0,0,19.13,0.0436
1696,W2C,4,12.7944,0.0,0,18.73,0.0398
1697,N2C,7,7.3188,14.0,2,32.74,0.158
1697,S2C,7,6.8653,17.0,3,34.9,0.1725
1697,E2C,4,12.7666,0.0,0,18.77,0.0402
1697,W2C,4,12.8438,0.0,0,18.65,0.0391
1698,N2C,8,8.0238,17.0,3,29.86,0.1618
1698,S2C,8,7.4282,20.0,3,32.26,0.1724
1698,E2C,5,13.0604,0.0,0,18.35,0.0419
1698,W2C,5,12.6482,0.0,0,18.94,0.0479
1699,N2C,8,7.5064,20.0,3,31.92,0.1712
1699,S2C,8,6.7994,23.0,3,35.24,0.1834
1699,E2C,5,13.0316,0.0,0,18.39,0.0424
1699,W2C,5,12.4989,0.0,0,19.17,0.05
1700,N2C,8,6.5849,23.0,3,36.39,0.1865
1700,S2C,8,6.1278,26.0,3,39.1,0.1951
1700,E2C,4,12.9323,0.0,0,18.53,0.0378
1700,W2C,4,12.6721,0.0,0,18.91,0.0415
1701,N2C,8,5.7086,26.0,3,41.97,0.2011
1701,S2C,8,5.6588,30.0,4,42.34,0.2105
1701,E2C,4,12.943,0.0,0,18.51,0.0376
1701,W2C,4,12.7229,0.0,0,18.83,0.0408
1702,N2C,9,6.0939,30.0,4,39.32,0.2103
1702,S2C,9,5.9713,34.0,4,40.13,0.2147
1702,E2C,4,12.6309,0.0,0,18.97,0.0421
1702,W2C,4,12.7033,0.0,0,18.86,0.0411
1703,N2C,9,5.7688,34.0,4,41.53,0.2176
1703,S2C,9,5.9101,38.0,4,40.54,0.2182
1703,E2C,4,12.2091,0.0,0,19.62,0.0482
1703,W2C,4,12.4216,0.0,0,19.29,0.0451
1704,N2C,9,5.8424,38.0,4,41.01,0.2192
1704,S2C,9,5.8255,43.0,5,41.13,0.2288
1704,E2C,4,12.1722,0.0,0,19.68,0.0487
1704,W2C,4,12.6109,0.0,0,19.0,0.0424
1705,N2C,9,5.9088,43.0,5,40.55,0.2276
1705,S2C,9,5.7001,48.0,5,42.03,0.2339
1705,E2C,4,11.768,0.0,0,20.36,0.0546
1705,W2C,4,12.6249,0.0,0,18.98,0.0422
1706,N2C,9,5.3286,48.0,5,44.97,0.2393
1706,S2C,9,5.2386,53.0,5,45.74,0.2439
1706,E2C,4,12.3288,0.0,0,19.43,0.0465
1706,W2C,4,12.9616,0.0,0,18.49,0.0374
1707,N2C,10,5.7755,53.0,5,41.49,0.2422
1707,S2C,10,5.3766,58.0,5,44.56,0.2513
1707,E2C,5,12.496,0.0,0,19.17,0.0501
1707,W2C,5,13.0294,0.0,0,18.39,0.0424
1708,N2C,10,5.3456,58.0,5,44.82,0.2517
1708,S2C,10,5.2092,63.0,5,46.0,0.257
1708,E2C,5,12.4346,0.0,0,19.27,0.051
1708,W2C,4,12.8688,0.0,0,18.62,0.0387
1709,N2C,10,4.7589,63.0,5,50.35,0.2635
1709,S2C,10,4.6857,69.0,6,51.13,0.2745
1709,E2C,4,12.5306,0.0,0,19.12,0.0436
1709,W2C,4,12.4312,0.0,0,19.27,0.045
1710,N2C,10,4.3115,69.0,6,55.57,0.2799
1710,S2C,10,4.4495,75.0,6,53.85,0.2819
1710,E2C,4,12.8542,0.0,0,18.64,0.0389
1710,W2C,4,12.8433,0.0,0,18.66,0.0391
1711,N2C,11,4.8909,75.0,6,48.99,0.2816
1711,S2C,11,4.8053,81.0,6,49.86,0.2868
1711,E2C,3,12.5768,0.0,0,19.05,0.0369
1711,W2C,3,12.5937,0.0,0,19.03,0.0367
1712,N2C,11,4.637,81.0,6,51.67,0.2892
1712,S2C,11,4.6444,87.0,6,51.59,0.2931
1712,E2C,4,12.6613,0.0,0,18.92,0.0417
1712,W2C,4,12.3177,0.0,0,19.45,0.0466
1713,N2C,11,4.5981,88.0,7,52.11,0.3005
1713,S2C,11,4.558,93.0,6,52.57,0.2984
1713,E2C,4,12.6843,0.0,0,18.89,0.0414
1713,W2C,4,12.4446,0.0,0,19.25,0.0448
1714,N2C,11,4.2873,95.0,7,55.89,0.3096
1714,S2C,11,4.2929,100.0,7,55.81,0.3129
1714,E2C,4,12.3532,0.0,0,19.4,0.0461
1714,W2C,4,12.3544,0.0,0,19.39,0.0461
1715,N2C,11,4.0088,102.0,7,59.77,0.3183
1715,S2C,11,3.881,107.0,7,61.74,0.3235
1715,E2C,4,12.2831,0.0,0,19.51,0.0471
1715,W2C,4,12.0666,0.0,0,19.86,0.0503
1716,N2C,12,4.5077,109.0,7,53.15,0.3218
1716,S2C,12,4.5245,114.0,7,52.96,0.3249
1716,E2C,5,11.7304,0.0,0,20.43,0.0611
1716,W2C,5,12.5367,0.0,0,19.11,0.0495
1717,N2C,10,5.2796,62.0,5,45.38,0.2553
1717,S2C,10,5.026,66.0,5,47.67,0.2616
1717,E2C,5,10.6259,0.0,0,22.55,0.077
1717,W2C,5,12.2244,0.0,0,19.6,0.054
1718,N2C,10,4.8435,30.0,4,49.47,0.2343
1718,S2C,10,5.0464,31.0,4,47.48,0.232
1718,E2C,5,9.74,0.0,0,24.6,0.0898
1718,W2C,5,12.181,0.0,0,19.67,0.0546
1719,N2C,10,5.2445,9.0,2,45.69,0.2025
1719,S2C,10,5.4148,8.0,2,44.25,0.1994
1719,E2C,5,9.9713,1.0,1,24.03,0.0931
1719,W2C,5,10.9708,0.0,0,21.84,0.072
1720,N2C,10,6.2157,0.0,0,38.55,0.1705
1720,S2C,9,6.8936,1.0,1,34.76,0.1614
1720,E2C,6,10.7727,2.0,1,22.24,0.0882
1720,W2C,5,9.6182,0.0,0,24.91,0.0915
1721,N2C,9,6.9375,0.0,0,34.54,0.1541
1721,S2C,9,7.7848,0.0,0,30.78,0.1419
1721,E2C,6,10.6593,3.0,1,22.48,0.0905
1721,W2C,5,8.1456,0.0,0,29.41,0.1127
1722,N2C,9,7.6077,0.0,0,31.49,0.1445
1722,S2C,7,9.1206,0.0,0,26.27,0.1107
1722,E2C,6,10.5679,4.0,1,22.67,0.0925
1722,W2C,6,8.3277,1.0,1,28.77,0.1228
1723,N2C,7,8.4186,0.0,0,28.46,0.1208
1723,S2C,7,9.8841,0.0,0,24.24,0.0997
1723,E2C,6,10.7248,5.0,1,22.34,0.0909
1723,W2C,6,8.0818,3.0,2,29.65,0.1336
1724,N2C,7,9.2274,0.0,0,25.97,0.1091
1724,S2C,5,11.7558,0.0,0,20.38,0.0607
1724,E2C,6,9.4384,6.0,1,25.39,0.1101
1724,W2C,6,7.5941,5.0,2,31.55,0.142
1725,N2C,6,11.0343,0.0,0,21.71,0.0771
1725,S2C,6,11.9267,0.0,0,20.09,0.0643
1725,E2C,7,9.2351,7.0,1,25.94,0.1197
1725,W2C,7,7.9216,7.0,2,30.25,0.1446
1726,N2C,6,11.3599,0.0,0,21.09,0.0724
1726,S2C,5,13.1002,0.0,0,18.29,0.0414
1726,E2C,7,8.1126,9.0,2,29.53,0.1432
1726,W2C,7,7.1986,9.0,2,33.28,0.1563
1727,N2C,4,12.4001,0.0,0,19.32,0.0455
1727,S2C,4,12.9146,0.0,0,18.55,0.038
1727,E2C,7,7.6265,11.0,2,31.42,0.1515
1727,W2C,7,6.8137,11.0,2,35.16,0.1632
1728,N2C,4,12.2758,0.0,0,19.52,0.0472
1728,S2C,4,12.8432,0.0,0,18.66,0.0391
1728,E2C,7,7.4155,14.0,3,32.31,0.1626
1728,W2C,7,6.8456,13.0,2,35.0,0.1641
1729,N2C,5,12.8053,0.0,0,18.71,0.0456
1729,S2C,4,13.2979,0.0,0,18.02,0.0325
1729,E2C,8,7.7928,17.0,3,30.75,0.1651
1729,W2C,8,7.8266,16.0,3,30.61,0.164
1730,N2C,4,12.2033,0.0,0,19.63,0.0483
1730,S2C,4,13.1741,0.0,0,18.19,0.0343
1730,E2C,8,7.0697,20.0,3,33.89,0.1775
1730,W2C,8,7.61,19.0,3,31.48,0.1691
1731,N2C,4,12.4699,0.0,0,19.21,0.0444
1731,S2C,4,12.8812,0.0,0,18.6,0.0385
1731,E2C,8,6.8721,23.0,3,34.87,0.1824
1731,W2C,8,7.0601,22.0,3,33.94,0.179
1732,N2C,4,12.2752,0.0,0,19.52,0.0473
1732,S2C,4,12.9882,0.0,0,18.45,0.037
1732,E2C,8,6.5396,26.0,3,36.64,0.1892
1732,W2C,8,6.9306,25.0,3,34.57,0.1829
1733,N2C,4,12.3739,0.0,0,19.36,0.0458
1733,S2C,4,13.2188,0.0,0,18.13,0.0337
1733,E2C,8,5.7388,29.0,3,41.75,0.2027
1733,W2C,8,6.6557,28.0,3,36.0,0.1888
1734,N2C,4,12.7452,0.0,0,18.8,0.0405
1734,S2C,4,13.0694,0.0,0,18.33,0.0358
1734,E2C,9,6.17,33.0,4,38.83,0.2112
1734,W2C,9,6.8302,31.0,3,35.08,0.1943
1735,N2C,4,12.1624,0.0,0,19.7,0.0489
1735,S2C,4,13.134,0.0,0,18.24,0.0349
1735,E2C,9,5.7479,37.0,4,41.68,0.2199
1735,W2C,9,6.2247,35.0,4,38.49,0.2117
1736,N2C,4,12.5367,0.0,0,19.11,0.0435
1736,S2C,4,12.7629,0.0,0,18.77,0.0402
1736,E2C,9,5.5411,42.0,5,43.24,0.2322
1736,W2C,9,5.7031,39.0,4,42.01,0.2219
1737,N2C,4,12.6546,0.0,0,18.93,0.0418
1737,S2C,4,12.9639,0.0,0,18.48,0.0373
1737,E2C,9,5.073,47.0,5,47.23,0.2423
1737,W2C,9,5.5936,43.0,4,42.84,0.2261
1738,N2C,4,12.7435,0.0,0,18.8,0.0405
1738,S2C,4,12.6338,0.0,0,18.96,0.0421
1738,E2C,10,5.8264,52.0,5,41.12,0.2408
1738,W2C,10,6.3833,48.0,5,37.54,0.2301
1739,N2C,5,12.6365,0.0,0,18.96,0.048
1739,S2C,4,12.7313,0.0,0,18.82,0.0407
1739,E2C,10,5.4156,58.0,6,44.24,0.2567
1739,W2C,10,6.3525,53.0,5,37.72,0.2339
1740,N2C,5,12.431,0.0,0,19.27,0.051
1740,S2C,4,12.5496,0.0,0,19.09,0.0433
1740,E2C,10,5.2958,64.0,6,45.24,0.2624
1740,W2C,10,5.9946,58.0,5,39.97,0.2424
1741,N2C,5,12.7262,0.0,0,18.83,0.0468
1741,S2C,4,12.357,0.0,0,19.39,0.0461
1741,E2C,10,4.7636,70.0,6,50.3,0.2741
1741,W2C,10,5.369,63.0,5,44.63,0.2547
1742,N2C,4,13.0917,0.0,0,18.3,0.0355
1742,S2C,4,12.816,0.0,0,18.7,0.0395
1742,E2C,10,4.4599,76.0,6,53.72,0.2824
1742,W2C,10,4.9188,68.0,5,48.71,0.2645
1743,N2C,5,13.21,0.0,0,18.14,0.0398
1743,S2C,4,12.7338,0.0,0,18.82,0.0406
1743,E2C,11,4.8522,82.0,6,49.38,0.2868
1743,W2C,11,5.4665,74.0,6,43.83,0.2726
1744,N2C,5,12.9446,0.0,0,18.51,0.0436
1744,S2C,5,12.711,0.0,0,18.85,0.047
1744,E2C,11,4.9761,88.0,6,48.15,0.289
1744,W2C,11,4.9261,80.0,6,48.64,0.2844
1745,N2C,4,13.0694,0.0,0,18.33,0.0358
1745,S2C,4,12.8979,0.0,0,18.58,0.0383
1745,E2C,11,4.3744,95.0,7,54.77,0.3083
1745,W2C,11,4.3674,86.0,6,54.86,0.2964
1746,N2C,4,13.5317,0.0,0,17.71,0.0292
1746,S2C,4,12.7857,0.0,0,18.74,0.0399
1746,E2C,11,4.1461,102.0,7,57.79,0.3163
1746,W2C,11,3.9957,92.0,6,59.96,0.3058
1747,N2C,4,13.2775,0.0,0,18.05,0.0328
1747,S2C,4,13.0574,0.0,0,18.35,0.036
1747,E2C,12,4.6587,109.0,7,51.43,0.3196
1747,W2C,12,4.4151,99.0,7,54.27,0.3164
1748,N2C,4,13.3003,0.0,0,18.01,0.0325
1748,S2C,4,12.8441,0.0,0,18.65,0.0391
1748,E2C,12,4.4609,116.0,7,53.71,0.3271
1748,W2C,12,4.4229,106.0,7,54.17,0.321
1749,N2C,4,13.261,0.0,0,18.07,0.0331
1749,S2C,4,12.4653,0.0,0,19.22,0.0445
1749,E2C,12,4.2013,124.0,8,57.03,0.3422
1749,W2C,12,4.1027,113.0,7,58.4,0.3303
1750,N2C,4,13.1496,0.0,0,18.22,0.0347
1750,S2C,4,12.9342,0.0,0,18.52,0.0378
1750,E2C,10,4.6022,77.0,6,52.06,0.2811
1750,W2C,10,4.5337,64.0,6,52.85,0.2734
1751,N2C,4,12.8118,0.0,0,18.7,0.0395
1751,S2C,4,12.05,0.0,0,19.88,0.0505
1751,E2C,10,4.4837,39.0,4,53.44,0.2454
1751,W2C,10,4.5709,30.0,4,52.42,0.2382
1752,N2C,5,12.2952,0.0,0,19.49,0.053
1752,S2C,5,11.9997,0.0,0,19.97,0.0572
1752,E2C,11,5.5135,12.0,2,43.46,0.2066
1752,W2C,11,5.6896,9.0,2,42.11,0.2021
1753,N2C,5,11.1407,0.0,0,21.51,0.0696
1753,S2C,5,10.7977,0.0,0,22.19,0.0745
1753,E2C,9,6.1969,0.0,0,38.66,0.1648
1753,W2C,9,6.4701,1.0,1,37.03,0.1675
1754,N2C,5,10.6637,1.0,1,22.47,0.0831
1754,S2C,5,10.4114,0.0,0,23.01,0.0801
1754,E2C,9,6.4889,0.0,0,36.92,0.1606
1754,W2C,9,6.9636,0.0,0,34.41,0.1537
1755,N2C,5,10.5995,2.0,1,22.6,0.0847
1755,S2C,5,10.2792,1.0,1,23.31,0.0887
1755,E2C,9,7.1058,0.0,0,33.72,0.1517
1755,W2C,7,7.3746,0.0,0,32.49,0.1358
1756,N2C,6,10.624,3.0,1,22.55,0.091
1756,S2C,6,10.6695,2.0,1,22.46,0.0897
1756,E2C,8,8.568,0.0,0,27.96,0.1246
1756,W2C,8,8.9062,0.0,0,26.9,0.1198
1757,N2C,6,9.9595,4.0,1,24.06,0.1013
1757,S2C,6,10.3112,3.0,1,23.24,0.0955
1757,E2C,8,9.4366,0.0,0,25.39,0.1121
1757,W2C,8,9.6034,0.0,0,24.95,0.1097
1758,N2C,6,9.5299,5.0,1,25.14,0.1081
1758,S2C,6,9.7183,4.0,1,24.65,0.1047
1758,E2C,6,10.777,0.0,0,22.23,0.0808
1758,W2C,6,10.8217,0.0,0,22.14,0.0802
1759,N2C,6,9.0354,6.0,1,26.52,0.1159
1759,S2C,6,8.8595,5.0,1,27.04,0.1178
1759,E2C,6,11.0304,0.0,0,21.72,0.0772
1759,W2C,5,10.9095,0.0,0,21.96,0.0729
1760,N2C,6,8.1913,8.0,2,29.25,0.1354
1760,S2C,6,8.3648,6.0,1,28.64,0.1256
1760,E2C,4,12.3336,0.0,0,19.43,0.0464
1760,W2C,4,12.6533,0.0,0,18.94,0.0418
1761,N2C,7,8.3263,10.0,2,28.78,0.1408
1761,S2C,7,8.6612,8.0,2,27.66,0.1346
1761,E2C,5,12.8514,0.0,0,18.64,0.045
1761,W2C,5,12.6953,0.0,0,18.87,0.0472
1762,N2C,7,7.6358,12.0,2,31.38,0.1521
1762,S2C,7,7.9045,10.0,2,30.31,0.1469
1762,E2C,4,13.2296,0.0,0,18.11,0.0335
1762,W2C,4,12.1084,0.0,0,19.79,0.0497
1763,N2C,7,7.5647,15.0,3,31.67,0.1611
1763,S2C,7,7.4386,12.0,2,32.21,0.1549
1763,E2C,4,12.9499,0.0,0,18.5,0.0375
1763,W2C,4,12.5108,0.0,0,19.15,0.0439
1764,N2C,7,6.864,18.0,3,34.91,0.1732
1764,S2C,7,7.2614,14.0,2,33.0,0.1588
1764,E2C,4,13.1751,0.0,0,18.19,0.0343
1764,W2C,4,12.1858,0.0,0,19.66,0.0485
1765,N2C,8,7.1988,21.0,3,33.28,0.1763
1765,S2C,8,7.3121,17.0,3,32.77,0.172
1765,E2C,4,13.0684,0.0,0,18.33,0.0358
1765,W2C,5,12.7781,0.0,0,18.75,0.046
1766,N2C,8,6.6538,24.0,3,36.01,0.1862
1766,S2C,8,6.7045,20.0,3,35.74,0.1828
1766,E2C,4,12.8375,0.0,0,18.66,0.0392
1766,W2C,4,12.4412,0.0,0,19.26,0.0449
1767,N2C,8,6.5683,27.0,3,36.48,0.1894
1767,S2C,8,6.2254,23.0,3,38.49,0.1917
1767,E2C,4,12.9228,0.0,0,18.54,0.0379
1767,W2C,4,12.7122,0.0,0,18.85,0.041
1768,N2C,8,5.9766,31.0,4,40.09,0.2066
1768,S2C,8,5.8093,26.0,3,41.24,0.1997
1768,E2C,4,12.8095,0.0,0,18.7,0.0396
1768,W2C,4,12.8707,0.0,0,18.62,0.0387
1769,N2C,8,5.7653,35.0,4,41.56,0.2123
1769,S2C,8,5.4304,29.0,3,44.12,0.2071
1769,E2C,4,13.0232,0.0,0,18.4,0.0365
1769,W2C,4,12.6637,0.0,0,18.92,0.0417
1770,N2C,9,6.3194,39.0,4,37.92,0.213
1770,S2C,9,5.9141,33.0,4,40.51,0.2148
1770,E2C,5,13.3208,0.0,0,17.99,0.0382
1770,W2C,5,12.4923,0.0,0,19.18,0.0501
1771,N2C,9,5.7536,44.0,5,41.64,0.2305
1771,S2C,9,5.584,37.0,4,42.91,0.2223
1771,E2C,4,13.4877,0.0,0,17.76,0.0298
1771,W2C,5,12.4874,0.0,0,19.19,0.0502
1772,N2C,9,5.7315,49.0,5,41.8,0.2341
1772,S2C,9,5.5066,42.0,5,43.51,0.2327
1772,E2C,4,12.9463,0.0,0,18.51,0.0376
1772,W2C,4,12.5152,0.0,0,19.14,0.0438
1773,N2C,9,5.4948,54.0,5,43.61,0.2409
1773,S2C,9,5.4503,47.0,5,43.96,0.2369
1773,E2C,4,13.2708,0.0,0,18.05,0.0329
1773,W2C,4,12.468,0.0,0,19.22,0.0445
1774,N2C,10,5.7721,59.0,5,41.51,0.2462
1774,S2C,10,5.9138,52.0,5,40.52,0.2395
1774,E2C,4,13.3169,0.0,0,17.99,0.0323
1774,W2C,4,12.1929,0.0,0,19.65,0.0484
1775,N2C,10,5.5336,64.0,5,43.3,0.253
1775,S2C,10,5.4469,57.0,5,43.99,0.2496
1775,E2C,4,13.1088,0.0,0,18.28,0.0352
1775,W2C,5,12.8226,0.0,0,18.69,0.0454
1776,N2C,10,5.216,70.0,6,45.94,0.2676
1776,S2C,10,5.0556,62.0,5,47.39,0.2585
1776,E2C,4,13.0969,0.0,0,18.29,0.0354
1776,W2C,4,13.1767,0.0,0,18.18,0.0343
1777,N2C,10,4.9346,76.0,6,48.56,0.2756
1777,S2C,10,5.0682,68.0,6,47.28,0.2684
1777,E2C,4,12.7681,0.0,0,18.77,0.0402
1777,W2C,4,12.8472,0.0,0,18.65,0.039
1778,N2C,10,4.5593,82.0,6,52.55,0.285
1778,S2C,10,4.6111,74.0,6,51.96,0.2789
1778,E2C,4,13.1005,0.0,0,18.29,0.0354
1778,W2C,4,12.5035,0.0,0,19.16,0.044
1779,N2C,11,5.0598,88.0,6,47.35,0.2878
1779,S2C,11,5.3874,80.0,6,44.47,0.2778
1779,E2C,4,12.8757,0.0,0,18.61,0.0386
1779,W2C,4,12.9319,0.0,0,18.53,0.0378
1780,N2C,11,4.768,94.0,6,50.25,0.296
1780,S2C,11,4.8494,86.0,6,49.41,0.2895
1780,E2C,4,13.0192,0.0,0,18.4,0.0365
1780,W2C,4,12.6362,0.0,0,18.96,0.0421
1781,N2C,11,4.5314,100.0,6,52.88,0.3034
1781,S2C,11,4.7897,93.0,7,50.02,0.301
1781,E2C,4,12.8437,0.0,0,18.66,0.0391
1781,W2C,4,12.6316,0.0,0,18.97,0.0421
1782,N2C,11,4.0073,107.0,7,59.79,0.3216
1782,S2C,11,4.1499,100.0,7,57.74,0.3149
1782,E2C,4,12.0625,0.0,0,19.86,0.0503
1782,W2C,4,12.5658,0.0,0,19.07,0.0431
1783,N2C,10,5.5158,60.0,5,43.44,0.2506
1783,S2C,10,6.2075,55.0,5,38.6,0.2373
1783,E2C,5,11.7138,0.0,0,20.45,0.0613
1783,W2C,4,11.7329,0.0,0,20.42,0.0551
1784,N2C,10,5.5921,27.0,4,42.85,0.2215
1784,S2C,10,5.9971,25.0,3,39.95,0.2083
1784,E2C,5,10.5607,0.0,0,22.69,0.0779
1784,W2C,5,10.9972,0.0,0,21.79,0.0717
1785,N2C,10,5.9377,6.0,2,40.35,0.1905
1785,S2C,10,5.9689,5.0,1,40.14,0.1834
1785,E2C,5,10.0978,0.0,0,23.73,0.0846
1785,W2C,5,10.0955,0.0,0,23.73,0.0846
1786,N2C,8,6.5353,0.0,0,36.66,0.1539
1786,S2C,8,6.7825,0.0,0,35.33,0.1503
1786,E2C,5,10.1411,0.0,0,23.63,0.084
1786,W2C,5,10.1817,1.0,1,23.53,0.0901
1787,N2C,8,6.9315,0.0,0,34.57,0.1482
1787,S2C,8,7.1665,0.0,0,33.43,0.1448
1787,E2C,5,9.4332,1.0,1,25.4,0.1008
1787,W2C,5,10.0674,2.0,1,23.8,0.0924
1788,N2C,8,8.8612,0.0,0,27.04,0.1204
1788,S2C,9,8.3022,0.0,0,28.86,0.1345
1788,E2C,6,9.257,2.0,1,25.88,0.11
1788,W2C,6,10.5318,3.0,1,22.75,0.0924
1789,N2C,7,9.617,0.0,0,24.91,0.1035
1789,S2C,7,9.8766,0.0,0,24.26,0.0998
1789,E2C,6,8.5709,3.0,1,27.96,0.1206
1789,W2C,6,9.9284,4.0,1,24.13,0.1017
1790,N2C,7,9.9981,0.0,0,23.96,0.098
1790,S2C,7,10.4558,0.0,0,22.92,0.0914
1790,E2C,6,7.8923,4.0,1,30.36,0.131
1790,W2C,6,9.0627,5.0,1,26.44,0.1148
1791,N2C,5,11.5576,0.0,0,20.73,0.0636
1791,S2C,5,11.7633,0.0,0,20.37,0.0606
1791,E2C,6,7.1274,6.0,2,33.62,0.1494
1791,W2C,6,8.6085,6.0,1,27.83,0.122
1792,N2C,6,11.8754,0.0,0,20.18,0.065
1792,S2C,6,11.9588,0.0,0,20.04,0.0638
1792,E2C,7,7.8102,8.0,2,30.68,0.1469
1792,W2C,7,8.6886,7.0,1,27.58,0.1276
1793,N2C,4,13.4772,0.0,0,17.78,0.0299
1793,S2C,4,12.7316,0.0,0,18.82,0.0407
1793,E2C,7,6.9801,10.0,2,34.33,0.1602
1793,W2C,7,7.8367,9.0,2,30.57,0.1472
1794,N2C,4,13.0761,0.0,0,18.32,0.0357
1794,S2C,4,13.2596,0.0,0,18.07,0.0331
1794,E2C,7,6.8126,13.0,3,35.17,0.1706
1794,W2C,7,7.3536,11.0,2,32.58,0.1554
1795,N2C,4,13.2803,0.0,0,18.04,0.0328
1795,S2C,4,13.1822,0.0,0,18.18,0.0342
1795,E2C,7,6.91,16.0,3,34.67,0.1712
1795,W2C,7,7.18,13.0,2,33.37,0.1593
1796,N2C,4,13.2126,0.0,0,18.13,0.0338
1796,S2C,4,12.9539,0.0,0,18.5,0.0375
1796,E2C,7,6.862,19.0,3,34.92,0.1739
1796,W2C,7,7.3958,15.0,2,32.4,0.1575
1797,N2C,4,12.9379,0.0,0,18.52,0.0377
1797,S2C,4,12.7032,0.0,0,18.86,0.0411
1797,E2C,8,7.6555,22.0,3,31.3,0.1704
1797,W2C,8,7.9781,17.0,2,30.03,0.1565
1798,N2C,4,13.065,0.0,0,18.34,0.0359
1798,S2C,4,12.652,0.0,0,18.94,0.0418
1798,E2C,8,7.3548,25.0,3,32.58,0.1768
1798,W2C,8,7.8753,20.0,3,30.42,0.1659
1799,N2C,4,13.1394,0.0,0,18.24,0.0348
1799,S2C,4,12.6456,0.0,0,18.95,0.0419
1799,E2C,8,6.9139,28.0,3,34.65,0.1851
1799,W2C,8,7.3491,23.0,3,32.6,0.1755
1800,N2C,4,12.9622,0.0,0,18.48,0.0374
1800,S2C,4,13.0899,0.0,0,18.3,0.0355
1800,E2C,8,6.5006,31.0,3,36.86,0.1931
1800,W2C,8,6.6917,26.0,3,35.81,0.187
1801,N2C,4,12.656,0.0,0,18.93,0.0418
1801,S2C,4,12.6791,0.0,0,18.9,0.0414
1801,E2C,9,6.8175,34.0,3,35.14,0.1965
1801,W2C,9,6.8952,30.0,4,34.75,0.1987
1802,N2C,4,12.562,0.0,0,19.07,0.0431
1802,S2C,4,12.8158,0.0,0,18.7,0.0395
1802,E2C,9,6.2511,37.0,3,38.33,0.2067
1802,W2C,9,6.1516,34.0,4,38.95,0.2121
1803,N2C,4,12.5379,0.0,0,19.11,0.0435
1803,S2C,4,12.549,0.0,0,19.09,0.0433
1803,E2C,9,5.6163,41.0,4,42.66,0.2245
1803,W2C,9,5.9993,38.0,4,39.94,0.2169
1804,N2C,4,12.2651,0.0,0,19.54,0.0474
1804,S2C,4,12.5771,0.0,0,19.05,0.0429
1804,E2C,9,5.5283,45.0,4,43.34,0.2284
1804,W2C,9,5.6107,43.0,5,42.7,0.2319
1805,N2C,4,12.3822,0.0,0,19.35,0.0457
1805,S2C,4,12.5064,0.0,0,19.16,0.0439
1805,E2C,9,5.7691,50.0,5,41.53,0.2343
1805,W2C,9,5.2935,48.0,5,45.26,0.2398
1806,N2C,5,12.5805,0.0,0,19.05,0.0489
1806,S2C,3,12.2044,0.0,0,19.63,0.0423
1806,E2C,10,6.2016,55.0,5,38.64,0.2374
1806,W2C,10,5.5348,53.0,5,43.29,0.2456
1807,N2C,4,12.1983,0.0,0,19.64,0.0484
1807,S2C,4,12.8561,0.0,0,18.64,0.0389
1807,E2C,10,6.0378,60.0,5,39.68,0.2431
1807,W2C,10,5.1248,59.0,6,46.75,0.2615
1808,N2C,4,12.6222,0.0,0,18.98,0.0423
1808,S2C,4,12.7161,0.0,0,18.84,0.0409
1808,E2C,10,5.4435,65.0,5,44.02,0.255
1808,W2C,10,4.8185,65.0,6,49.72,0.27
1809,N2C,4,12.2517,0.0,0,19.56,0.0476
1809,S2C,4,12.6235,0.0,0,18.98,0.0422
1809,E2C,10,4.8421,70.0,5,49.48,0.2669
1809,W2C,10,4.5131,71.0,6,53.09,0.2784
1810,N2C,4,12.2783,0.0,0,19.51,0.0472
1810,S2C,5,12.6597,0.0,0,18.93,0.0477
1810,E2C,11,4.7105,76.0,6,50.87,0.2848
1810,W2C,11,4.8283,77.0,6,49.62,0.2838
1811,N2C,4,12.0089,0.0,0,19.95,0.0511
1811,S2C,4,12.7405,0.0,0,18.81,0.0406
1811,E2C,11,4.6821,82.0,6,51.17,0.2892
1811,W2C,11,4.7332,83.0,6,50.62,0.2892
1812,N2C,4,12.25,0.0,0,19.56,0.0476
1812,S2C,4,12.9432,0.0,0,18.51,0.0376
1812,E2C,11,4.5849,89.0,7,52.26,0.3013
1812,W2C,11,4.5914,90.0,7,52.18,0.3019
1813,N2C,4,11.9868,0.0,0,19.99,0.0514
1813,S2C,4,12.821,0.0,0,18.69,0.0394
1813,E2C,11,4.1502,96.0,7,57.73,0.3122
1813,W2C,11,4.2436,97.0,7,56.46,0.3116
1814,N2C,4,11.7901,0.0,0,20.32,0.0542
1814,S2C,4,12.7077,0.0,0,18.85,0.041
1814,E2C,11,3.641,103.0,7,65.81,0.3242
1814,W2C,11,3.8359,104.0,7,62.46,0.3221
1815,N2C,5,10.9833,0.0,0,21.81,0.0719
1815,S2C,5,12.8186,0.0,0,18.69,0.0454
1815,E2C,12,4.0716,110.0,7,58.85,0.3287
1815,W2C,12,4.2461,111.0,7,56.43,0.3269
1816,N2C,5,9.5016,0.0,0,25.22,0.0932
1816,S2C,5,11.7277,0.0,0,20.43,0.0611
1816,E2C,10,4.4362,62.0,6,54.01,0.2735
1816,W2C,10,4.6376,64.0,6,51.66,0.2719
1817,N2C,5,9.5029,0.0,0,25.21,0.0932
1817,S2C,5,11.108,0.0,0,21.57,0.0701
1817,E2C,10,4.3232,29.0,4,55.42,0.2411
1817,W2C,10,4.6566,33.0,4,51.45,0.2389
1818,N2C,5,9.3056,1.0,1,25.75,0.1027
1818,S2C,5,10.4807,0.0,0,22.86,0.0791
1818,E2C,10,4.3403,10.0,2,55.2,0.2162
1818,W2C,10,4.8238,10.0,2,49.67,0.2092
1819,N2C,6,10.003,2.0,1,23.95,0.0993
1819,S2C,6,10.606,0.0,0,22.59,0.0833
1819,E2C,9,5.9631,0.0,0,40.18,0.1681
1819,W2C,9,6.4077,0.0,0,37.39,0.1617
1820,N2C,6,9.8232,3.0,1,24.39,0.1026
1820,S2C,6,10.1827,1.0,1,23.53,0.096
1820,E2C,9,6.6437,0.0,0,36.06,0.1583
1820,W2C,9,7.2639,0.0,0,32.99,0.1494
1821,N2C,6,9.932,4.0,1,24.12,0.1017
1821,S2C,6,9.8067,2.0,1,24.43,0.1021
1821,E2C,8,8.1086,0.0,0,29.55,0.1312
1821,W2C,8,8.2312,0.0,0,29.11,0.1295
1822,N2C,6,9.9658,5.0,1,24.04,0.1018
1822,S2C,6,8.9096,3.0,1,26.89,0.1157
1822,E2C,7,8.8661,0.0,0,27.02,0.1143
1822,W2C,7,9.2129,0.0,0,26.01,0.1093
1823,N2C,6,10.0337,6.0,1,23.88,0.1015
1823,S2C,6,8.8039,4.0,1,27.22,0.1179
1823,E2C,7,9.6832,0.0,0,24.74,0.1026
1823,W2C,7,9.7587,0.0,0,24.55,0.1015
1824,N2C,7,9.5159,7.0,1,25.18,0.1156
1824,S2C,7,8.825,5.0,1,27.15,0.1243
1824,E2C,6,11.4216,0.0,0,20.98,0.0715
1824,W2C,6,11.561,0.0,0,20.72,0.0695
1825,N2C,7,8.4425,8.0,1,28.38,0.1318
1825,S2C,7,8.1017,7.0,2,29.57,0.142
1825,E2C,6,11.8089,0.0,0,20.29,0.066
1825,W2C,6,11.3311,0.0,0,21.15,0.0728
1826,N2C,7,7.4175,9.0,1,32.3,0.1472
1826,S2C,7,7.6183,9.0,2,31.45,0.1503
1826,E2C,5,12.3183,0.0,0,19.45,0.0526
1826,W2C,4,12.5365,0.0,0,19.11,0.0435
1827,N2C,7,7.1845,10.0,1,33.35,0.1512
1827,S2C,7,7.0664,12.0,3,33.91,0.1663
1827,E2C,4,12.4321,0.0,0,19.27,0.045
1827,W2C,4,12.4913,0.0,0,19.18,0.0441
1828,N2C,8,7.4603,12.0,2,32.12,0.1606
1828,S2C,8,7.5224,15.0,3,31.85,0.1677
1828,E2C,5,11.9774,0.0,0,20.0,0.0575
1828,W2C,5,12.8878,0.0,0,18.59,0.0444
1829,N2C,8,6.9911,15.0,3,34.27,0.1753
1829,S2C,8,6.6341,18.0,3,36.12,0.1825
1829,E2C,5,11.9819,0.0,0,20.0,0.0575
1829,W2C,5,12.9496,0.0,0,18.5,0.0435
1830,N2C,8,6.5702,18.0,3,36.47,0.1834
1830,S2C,8,6.563,21.0,3,36.51,0.1855
1830,E2C,5,11.9192,0.0,0,20.1,0.0584
1830,W2C,5,12.8723,0.0,0,18.61,0.0447
1831,N2C,8,6.4038,21.0,3,37.42,0.1878
1831,S2C,8,6.1559,24.0,3,38.92,0.1934
1831,E2C,4,12.182,0.0,0,19.67,0.0486
1831,W2C,5,12.7107,0.0,0,18.85,0.047
1832,N2C,8,6.4477,25.0,4,37.16,0.1958
1832,S2C,8,5.8697,28.0,4,40.82,0.2061
1832,E2C,4,11.79,0.0,0,20.32,0.0542
1832,W2C,4,13.0215,0.0,0,18.4,0.0365
1833,N2C,9,7.1575,29.0,4,33.48,0.1943
1833,S2C,9,6.1503,32.0,4,38.96,0.2108
1833,E2C,5,12.4742,0.0,0,19.21,0.0504
1833,W2C,5,13.1625,0.0,0,18.2,0.0405
1834,N2C,9,6.7281,33.0,4,35.61,0.2031
1834,S2C,9,5.9592,36.0,4,40.21,0.2162
1834,E2C,5,12.2594,0.0,0,19.54,0.0535
1834,W2C,4,13.5883,0.0,0,17.63,0.0283
1835,N2C,9,5.919,37.0,4,40.48,0.2174
1835,S2C,9,5.6253,40.0,4,42.59,0.2237
1835,E2C,5,12.5295,0.0,0,19.12,0.0496
1835,W2C,4,13.5006,0.0,0,17.75,0.0296
1836,N2C,9,5.218,41.0,4,45.92,0.2302
1836,S2C,9,5.2158,45.0,5,45.94,0.2389
1836,E2C,5,12.1525,0.0,0,19.72,0.055
1836,W2C,4,13.1116,0.0,0,18.27,0.0352
1837,N2C,10,5.4319,45.0,4,44.11,0.2358
1837,S2C,10,5.7014,50.0,5,42.02,0.2412
1837,E2C,4,12.6448,0.0,0,18.95,0.0419
1837,W2C,3,13.4699,0.0,0,17.79,0.024
1838,N2C,10,4.9328,50.0,5,48.57,0.2523
1838,S2C,10,5.3095,55.0,5,45.13,0.2502
1838,E2C,4,12.4864,0.0,0,19.19,0.0442
1838,W2C,4,13.3077,0.0,0,18.0,0.0324
1839,N2C,10,5.0076,55.0,5,47.85,0.2546
1839,S2C,10,5.2739,61.0,6,45.43,0.2607
1839,E2C,4,12.5687,0.0,0,19.06,0.043
1839,W2C,4,13.3423,0.0,0,17.96,0.0319
1840,N2C,10,4.6444,61.0,6,51.59,0.2698
1840,S2C,10,4.8434,67.0,6,49.47,0.2709
1840,E2C,4,12.5226,0.0,0,19.13,0.0437
1840,W2C,4,13.2399,0.0,0,18.1,0.0334
1841,N2C,10,4.1676,67.0,6,57.49,0.2807
1841,S2C,10,4.3209,73.0,6,55.45,0.2825
1841,E2C,4,12.7343,0.0,0,18.82,0.0406
1841,W2C,4,13.0308,0.0,0,18.39,0.0364
1842,N2C,11,4.8639,73.0,6,49.26,0.2806
1842,S2C,11,4.8494,79.0,6,49.41,0.2848
1842,E2C,4,12.7493,0.0,0,18.79,0.0404
1842,W2C,4,13.3829,0.0,0,17.9,0.0313
1843,N2C,11,4.53,79.0,6,52.89,0.2894
1843,S2C,11,4.7985,85.0,6,49.93,0.2896
1843,E2C,4,12.8348,0.0,0,18.67,0.0392
1843,W2C,4,13.113,0.0,0,18.27,0.0352
1844,N2C,11,4.2648,85.0,6,56.18,0.2973
1844,S2C,11,4.4526,92.0,7,53.81,0.3052
1844,E2C,4,12.6476,0.0,0,18.94,0.0419
1844,W2C,4,13.6821,0.0,0,17.51,0.027
1845,N2C,11,3.8633,92.0,7,62.02,0.3137
1845,S2C,11,4.0828,99.0,7,58.69,0.3152
1845,E2C,4,12.7466,0.0,0,18.8,0.0405
1845,W2C,4,13.1591,0.0,0,18.21,0.0345
1846,N2C,12,4.3312,99.0,7,55.32,0.3176
1846,S2C,12,4.7342,106.0,7,50.61,0.3165
1846,E2C,5,12.8895,0.0,0,18.59,0.0444
1846,W2C,3,13.0884,0.0,0,18.31,0.0295
1847,N2C,12,4.3794,107.0,8,54.71,0.3283
1847,S2C,12,4.2797,113.0,7,55.99,0.3277
1847,E2C,5,12.1545,0.0,0,19.71,0.055
1847,W2C,4,13.2514,0.0,0,18.08,0.0332
1848,N2C,12,4.1768,115.0,8,57.37,0.3365
1848,S2C,12,4.3369,121.0,8,55.25,0.3382
1848,E2C,5,12.2634,0.0,0,19.54,0.0534
1848,W2C,4,13.2579,0.0,0,18.07,0.0331
1849,N2C,10,5.2636,69.0,6,45.52,0.2662
1849,S2C,10,4.8793,74.0,6,49.1,0.2751
1849,E2C,5,12.0768,0.0,0,19.84,0.0561
1849,W2C,4,13.2669,0.0,0,18.06,0.033
1850,N2C,10,5.1041,34.0,4,46.94,0.2332
1850,S2C,10,4.6308,37.0,4,51.74,0.242
1850,E2C,5,11.2405,0.0,0,21.32,0.0681
1850,W2C,4,12.8329,0.0,0,18.67,0.0392
1851,N2C,11,5.7955,12.0,2,41.34,0.2026
1851,S2C,11,5.749,12.0,2,41.68,0.2032
1851,E2C,6,10.4624,0.0,0,22.9,0.0854
1851,W2C,5,11.721,0.0,0,20.44,0.0612
1852,N2C,9,6.3954,0.0,0,37.46,0.1619
1852,S2C,9,6.3654,0.0,0,37.64,0.1623
1852,E2C,6,9.2215,0.0,0,25.98,0.1032
1852,W2C,5,11.06,0.0,0,21.66,0.0707
1853,N2C,9,6.9665,0.0,0,34.39,0.1537
1853,S2C,9,6.7813,0.0,0,35.33,0.1564
1853,E2C,6,8.6207,0.0,0,27.79,0.1119
1853,W2C,5,10.1345,1.0,1,23.64,0.0907
1854,N2C,9,7.544,0.0,0,31.76,0.1454
1854,S2C,9,7.6532,0.0,0,31.31,0.1438
1854,E2C,6,8.0778,1.0,1,29.66,0.1264
1854,W2C,5,10.142,2.0,1,23.62,0.0913
1855,N2C,8,8.7737,0.0,0,27.31,0.1217
1855,S2C,8,9.4694,0.0,0,25.3,0.1117
1855,E2C,7,8.2777,3.0,2,28.95,0.1368
1855,W2C,6,10.61,3.0,1,22.58,0.0912
1856,N2C,8,9.4056,0.0,0,25.47,0.1126
1856,S2C,7,10.5267,0.0,0,22.76,0.0904
1856,E2C,7,7.5216,5.0,2,31.85,0.149
1856,W2C,6,9.6586,4.0,1,24.81,0.1056
1857,N2C,6,10.4255,0.0,0,22.98,0.0859
1857,S2C,6,11.3594,0.0,0,21.09,0.0724
1857,E2C,7,7.3581,7.0,2,32.56,0.1527
1857,W2C,6,9.0783,5.0,1,26.39,0.1146
1858,N2C,6,10.8706,0.0,0,22.04,0.0795
1858,S2C,5,11.9621,0.0,0,20.03,0.0578
1858,E2C,7,7.1962,10.0,3,33.3,0.163
1858,W2C,6,8.5615,6.0,1,27.99,0.1227
1859,N2C,4,11.7428,0.0,0,20.4,0.0549
1859,S2C,4,12.603,0.0,0,19.01,0.0425
1859,E2C,7,6.6268,13.0,3,36.16,0.1732
1859,W2C,6,7.7002,7.0,1,31.12,0.1358
1860,N2C,5,12.3048,0.0,0,19.47,0.0528
1860,S2C,4,13.0328,0.0,0,18.38,0.0363
1860,E2C,8,6.9731,16.0,3,34.36,0.1763
1860,W2C,7,8.1272,9.0,2,29.48,0.143
1861,N2C,4,12.4066,0.0,0,19.31,0.0454
1861,S2C,4,13.3614,0.0,0,17.93,0.0316
1861,E2C,8,6.3824,19.0,3,37.54,0.1868
1861,W2C,7,7.5464,11.0,2,31.75,0.1527
1862,N2C,4,12.2398,0.0,0,19.58,0.0478
1862,S2C,4,13.0689,0.0,0,18.33,0.0358
1862,E2C,8,6.4609,22.0,3,37.08,0.1876
1862,W2C,7,7.4205,13.0,2,32.29,0.1558
1863,N2C,4,12.367,0.0,0,19.37,0.0459
1863,S2C,4,13.0419,0.0,0,18.37,0.0362
1863,E2C,8,6.5622,26.0,4,36.51,0.1948
1863,W2C,7,7.3173,16.0,3,32.74,0.1653
1864,N2C,4,12.038,0.0,0,19.9,0.0507
1864,S2C,4,13.1742,0.0,0,18.19,0.0343
1864,E2C,9,6.7988,30.0,4,35.24,0.2001
1864,W2C,8,7.527,19.0,3,31.83,0.1703
1865,N2C,4,11.8401,0.0,0,20.24,0.0535
1865,S2C,4,12.8968,0.0,0,18.58,0.0383
1865,E2C,9,6.4072,34.0,4,37.4,0.2084
1865,W2C,8,7.159,22.0,3,33.47,0.1776
1866,N2C,4,11.8868,0.0,0,20.16,0.0528
1866,S2C,4,12.777,0.0,0,18.75,0.04
1866,E2C,9,6.0516,38.0,4,39.59,0.2162
1866,W2C,8,6.4441,25.0,3,37.18,0.1899
1867,N2C,4,11.9057,0.0,0,20.12,0.0526
1867,S2C,4,12.8978,0.0,0,18.58,0.0383
1867,E2C,9,5.6823,42.0,4,42.17,0.2242
1867,W2C,8,6.4228,29.0,4,37.3,0.1989
1868,N2C,4,11.96,0.0,0,20.03,0.0518
1868,S2C,4,12.8165,0.0,0,18.69,0.0395
1868,E2C,9,5.221,47.0,5,45.89,0.2402
1868,W2C,8,6.2092,33.0,4,38.59,0.2046
1869,N2C,5,11.9301,0.0,0,20.08,0.0582
1869,S2C,4,12.5461,0.0,0,19.1,0.0434
1869,E2C,10,5.6586,52.0,5,42.34,0.2432
1869,W2C,9,7.1091,37.0,4,33.7,0.2003
1870,N2C,5,11.3562,0.0,0,21.1,0.0665
1870,S2C,4,12.2872,0.0,0,19.5,0.0471
1870,E2C,10,5.0253,57.0,5,47.68,0.2556
1870,W2C,9,6.6801,41.0,4,35.87,0.2091
1871,N2C,5,11.5968,0.0,0,20.66,0.063
1871,S2C,4,12.7871,0.0,0,18.74,0.0399
1871,E2C,10,4.4513,62.0,5,53.83,0.2672
1871,W2C,9,5.8319,45.0,4,41.08,0.224
1872,N2C,5,11.7431,0.0,0,20.4,0.0609
1872,S2C,4,12.8542,0.0,0,18.64,0.0389
1872,E2C,10,4.1165,68.0,6,58.2,0.2821
1872,W2C,9,5.1047,49.0,4,46.94,0.2372
1873,N2C,4,11.9571,0.0,0,20.04,0.0518
1873,S2C,4,12.7061,0.0,0,18.86,0.041
1873,E2C,11,4.5569,74.0,6,52.58,0.2857
1873,W2C,10,5.3606,54.0,5,44.7,0.2488
1874,N2C,4,11.4867,0.0,0,20.86,0.0586
1874,S2C,4,12.7785,0.0,0,18.75,0.04
1874,E2C,11,4.4921,81.0,7,53.34,0.2973
1874,W2C,10,5.1995,59.0,5,46.08,0.2545
1875,N2C,4,11.7803,0.0,0,20.34,0.0544
1875,S2C,4,12.6834,0.0,0,18.89,0.0414
1875,E2C,11,4.5157,88.0,7,53.06,0.3016
1875,W2C,10,5.2257,65.0,6,45.85,0.2641
1876,N2C,4,11.9828,0.0,0,20.0,0.0515
1876,S2C,4,12.6665,0.0,0,18.92,0.0416
1876,E2C,11,4.1936,95.0,7,57.14,0.311
1876,W2C,10,4.8618,71.0,6,49.28,0.2733
1877,N2C,4,11.6479,0.0,0,20.57,0.0563
1877,S2C,4,12.2888,0.0,0,19.5,0.0471
1877,E2C,11,3.7049,102.0,7,64.67,0.3227
1877,W2C,10,4.3243,77.0,6,55.41,0.2851
1878,N2C,5,12.3674,0.0,0,19.37,0.0519
1878,S2C,5,12.7129,0.0,0,18.85,0.0469
1878,E2C,12,4.096,109.0,7,58.5,0.3277
1878,W2C,11,4.7619,83.0,6,50.32,0.2888
1879,N2C,5,12.3003,0.0,0,19.48,0.0529
1879,S2C,5,11.7373,0.0,0,20.41,0.061
1879,E2C,12,3.7998,116.0,7,63.06,0.3366
1879,W2C,11,4.5661,89.0,6,52.47,0.2956
1880,N2C,5,11.6197,0.0,0,20.62,0.0627
1880,S2C,5,11.0848,0.0,0,21.62,0.0704
1880,E2C,12,3.367,124.0,8,71.16,0.3542
1880,W2C,11,4.6022,96.0,7,52.06,0.3057
1881,N2C,5,10.7382,0.0,0,22.31,0.0754
1881,S2C,5,10.1269,1.0,1,23.66,0.0909
1881,E2C,12,3.1456,132.0,8,76.17,0.3627
1881,W2C,11,4.2818,103.0,7,55.96,0.315
1882,N2C,6,10.5267,0.0,0,22.76,0.0844
1882,S2C,6,10.5048,2.0,1,22.81,0.0921
1882,E2C,11,4.3658,83.0,6,54.88,0.2945
1882,W2C,10,5.3367,57.0,5,44.9,0.2512
1883,N2C,6,10.2905,1.0,1,23.28,0.0945
1883,S2C,6,9.7287,3.0,1,24.63,0.1039
1883,E2C,11,4.6213,43.0,5,51.85,0.2581
1883,W2C,10,5.298,24.0,3,45.22,0.2177
1884,N2C,6,9.3971,2.0,1,25.5,0.108
1884,S2C,6,9.3657,4.0,1,25.58,0.1098
1884,E2C,11,5.2355,18.0,3,45.76,0.2206
1884,W2C,10,5.1843,5.0,1,46.22,0.1947
1885,N2C,6,8.8102,3.0,1,27.2,0.1171
1885,S2C,6,8.3219,5.0,1,28.79,0.1255
1885,E2C,9,6.0764,3.0,1,39.43,0.1745
1885,W2C,10,5.6234,0.0,0,42.61,0.179
1886,N2C,6,8.3183,4.0,1,28.8,0.1249
1886,S2C,6,8.6797,7.0,2,27.6,0.1277
1886,E2C,9,7.0606,0.0,0,33.93,0.1523
1886,W2C,8,6.3121,0.0,0,37.96,0.1571
1887,N2C,7,8.5872,6.0,2,27.9,0.1344
1887,S2C,7,8.8512,9.0,2,27.07,0.1326
1887,E2C,9,8.729,0.0,0,27.45,0.1283
1887,W2C,9,8.0568,0.0,0,29.74,0.138
1888,N2C,7,8.7636,8.0,2,27.34,0.1331
1888,S2C,7,8.1243,11.0,2,29.49,0.1444
1888,E2C,8,9.094,0.0,0,26.35,0.1171
1888,W2C,7,8.981,0.0,0,26.68,0.1127
1889,N2C,7,8.7912,10.0,2,27.25,0.1341
1889,S2C,7,7.7402,13.0,2,30.96,0.1512
1889,E2C,8,9.4607,0.0,0,25.33,0.1118
1889,W2C,7,9.6726,0.0,0,24.77,0.1027
1890,N2C,7,7.5539,12.0,2,31.72,0.1532
1890,S2C,7,6.7864,15.0,2,35.31,0.1663
1890,E2C,6,10.3345,0.0,0,23.18,0.0872
1890,W2C,5,10.823,0.0,0,22.14,0.0742
1891,N2C,8,7.4692,14.0,2,32.08,0.1618
1891,S2C,8,7.0352,18.0,3,34.06,0.1767
1891,E2C,7,11.0462,0.0,0,21.69,0.0829
1891,W2C,6,11.8266,0.0,0,20.26,0.0657
1892,N2C,8,6.1471,17.0,3,38.98,0.1888
1892,S2C,8,6.6294,21.0,3,36.14,0.1845
1892,E2C,6,11.5249,0.0,0,20.79,0.0701
1892,W2C,4,12.6545,0.0,0,18.93,0.0418
1893,N2C,8,6.1998,20.0,3,38.65,0.1901
1893,S2C,8,6.6947,24.0,3,35.79,0.1856
1893,E2C,5,12.0364,0.0,0,19.91,0.0567
1893,W2C,4,12.2923,0.0,0,19.49,0.047
1894,N2C,8,5.7389,23.0,3,41.75,0.1987
1894,S2C,8,6.3955,27.0,3,37.46,0.1919
1894,E2C,4,12.9969,0.0,0,18.44,0.0369
1894,W2C,4,12.619,0.0,0,18.99,0.0423
1895,N2C,8,5.2258,27.0,4,45.85,0.2148
1895,S2C,8,5.6874,31.0,4,42.13,0.2108
1895,E2C,4,12.9623,0.0,0,18.48,0.0374
1895,W2C,4,12.5556,0.0,0,19.08,0.0432
1896,N2C,9,5.8873,31.0,4,40.7,0.2139
1896,S2C,9,6.2703,35.0,4,38.21,0.211
1896,E2C,5,12.7656,0.0,0,18.77,0.0462
1896,W2C,5,12.1354,0.0,0,19.74,0.0553
1897,N2C,9,5.4986,35.0,4,43.58,0.2222
1897,S2C,9,5.8591,39.0,4,40.89,0.2196
1897,E2C,5,12.7828,0.0,0,18.74,0.0459
1897,W2C,5,12.3796,0.0,0,19.35,0.0517
1898,N2C,9,5.5264,39.0,4,43.36,0.2244
1898,S2C,9,5.9193,43.0,4,40.48,0.2214
1898,E2C,5,12.5816,0.0,0,19.04,0.0488
1898,W2C,5,12.2771,0.0,0,19.52,0.0532
1899,N2C,9,5.2198,44.0,5,45.9,0.2382
1899,S2C,9,5.3107,48.0,5,45.12,0.2395
1899,E2C,4,13.0585,0.0,0,18.35,0.036
1899,W2C,5,12.5361,0.0,0,19.11,0.0495
1900,N2C,10,5.5299,49.0,5,43.33,0.243
1900,S2C,10,5.7445,53.0,5,41.71,0.2426
1900,E2C,5,12.9798,0.0,0,18.46,0.0431
1900,W2C,5,13.0613,0.0,0,18.34,0.0419
1901,N2C,10,5.3124,54.0,5,45.1,0.2495
1901,S2C,10,5.3166,58.0,5,45.07,0.2521
1901,E2C,4,12.8991,0.0,0,18.57,0.0383
1901,W2C,4,12.9446,0.0,0,18.51,0.0376
1902,N2C,10,4.8262,59.0,5,49.65,0.2598
1902,S2C,10,5.1998,63.0,5,46.08,0.2571
1902,E2C,4,13.314,0.0,0,18.0,0.0323
1902,W2C,4,12.4632,0.0,0,19.22,0.0445
1903,N2C,10,4.9127,64.0,5,48.77,0.2619
1903,S2C,10,5.0109,68.0,5,47.82,0.2632
1903,E2C,4,13.0984,0.0,0,18.29,0.0354
1903,W2C,4,12.4661,0.0,0,19.22,0.0445
1904,N2C,10,4.9567,70.0,6,48.34,0.2713
1904,S2C,10,4.4682,74.0,6,53.62,0.281
1904,E2C,4,13.3789,0.0,0,17.91,0.0314
1904,W2C,4,12.7367,0.0,0,18.81,0.0406
1905,N2C,11,5.7823,76.0,6,41.44,0.2694
1905,S2C,11,4.9828,80.0,6,48.09,0.2836
1905,E2C,4,13.1393,0.0,0,18.24,0.0348
1905,W2C,4,12.6346,0.0,0,18.96,0.0421
1906,N2C,11,5.6988,82.0,6,42.04,0.2746
1906,S2C,11,4.7961,86.0,6,49.96,0.2903
1906,E2C,4,13.2049,0.0,0,18.14,0.0339
1906,W2C,4,12.9482,0.0,0,18.5,0.0376
1907,N2C,11,5.3423,88.0,6,44.85,0.2837
1907,S2C,11,4.185,92.0,6,57.25,0.3031
1907,E2C,4,12.9421,0.0,0,18.51,0.0376
1907,W2C,4,12.8398,0.0,0,18.66,0.0391
1908,N2C,11,4.513,94.0,6,53.09,0.2997
1908,S2C,11,3.8527,99.0,7,62.19,0.3185
1908,E2C,4,13.0503,0.0,0,18.36,0.0361
1908,W2C,4,12.7916,0.0,0,18.73,0.0398
1909,N2C,12,4.5479,100.0,6,52.68,0.3092
1909,S2C,12,4.329,106.0,7,55.35,0.3223
1909,E2C,4,13.4052,0.0,0,17.87,0.031
1909,W2C,4,12.999,0.0,0,18.43,0.0368
1910,N2C,12,4.2251,106.0,6,56.71,0.3178
1910,S2C,12,4.1942,114.0,8,57.13,0.3356
1910,E2C,4,13.1726,0.0,0,18.19,0.0343
1910,W2C,4,12.6345,0.0,0,18.96,0.0421
1911,N2C,12,4.2878,113.0,7,55.88,0.3276
1911,S2C,12,4.0904,122.0,8,58.58,0.3424
1911,E2C,4,13.0076,0.0,0,18.42,0.0367
1911,W2C,4,12.7498,0.0,0,18.79,0.0404
1912,N2C,12,3.8268,121.0,8,62.61,0.3456
1912,S2C,12,3.7123,130.0,8,64.54,0.3532
1912,E2C,4,13.0375,0.0,0,18.38,0.0363
1912,W2C,4,12.8757,0.0,0,18.61,0.0386
1913,N2C,12,3.5285,129.0,8,67.9,0.3552
1913,S2C,12,3.3699,138.0,8,71.1,0.3635
1913,E2C,4,12.7788,0.0,0,18.75,0.04
1913,W2C,4,13.0277,0.0,0,18.39,0.0364
1914,N2C,13,3.8719,137.0,8,61.88,0.3616
1914,S2C,13,3.8158,146.0,8,62.79,0.3684
1914,E2C,5,11.8703,0.0,0,20.18,0.0591
1914,W2C,5,12.8954,0.0,0,18.58,0.0443
1915,N2C,11,4.4309,84.0,7,54.07,0.3002
1915,S2C,11,4.4876,90.0,7,53.39,0.3034
1915,E2C,5,11.1087,0.0,0,21.57,0.07
1915,W2C,5,12.6186,0.0,0,18.99,0.0483
1916,N2C,11,4.1528,44.0,5,57.7,0.2655
1916,S2C,11,4.643,49.0,5,51.6,0.2618
1916,E2C,5,10.2844,0.0,0,23.3,0.0819
1916,W2C,5,11.6218,0.0,0,20.62,0.0627
1917,N2C,11,4.1088,16.0,3,58.31,0.2355
1917,S2C,11,5.0395,21.0,3,47.54,0.2254
1917,E2C,5,9.8468,1.0,1,24.33,0.0949
1917,W2C,5,10.9843,0.0,0,21.81,0.0718
1918,N2C,11,5.3885,4.0,1,44.46,0.1971
1918,S2C,10,6.2832,4.0,1,38.13,0.1782
1918,E2C,6,10.0077,2.0,1,23.94,0.0992
1918,W2C,6,10.4107,1.0,1,23.01,0.0928
1919,N2C,10,6.063,0.0,0,39.52,0.1727
1919,S2C,10,6.395,0.0,0,37.47,0.1679
1919,E2C,6,9.3044,3.0,1,25.75,0.11
1919,W2C,6,9.6294,2.0,1,24.88,0.1047
1920,N2C,10,6.5442,0.0,0,36.61,0.1658
1920,S2C,10,6.9966,0.0,0,34.25,0.1593
1920,E2C,6,8.8243,4.0,1,27.15,0.1176
1920,W2C,6,8.8089,3.0,1,27.2,0.1172
1921,N2C,8,7.2187,0.0,0,33.19,0.1441
1921,S2C,8,7.7002,0.0,0,31.12,0.1371
1921,E2C,6,8.4297,5.0,1,28.42,0.124
1921,W2C,6,8.7195,5.0,2,27.48,0.1258
1922,N2C,8,7.8626,0.0,0,30.47,0.1348
1922,S2C,8,8.2027,0.0,0,29.21,0.1299
1922,E2C,6,8.0331,7.0,2,29.83,0.137
1922,W2C,6,8.3018,7.0,2,28.86,0.1331
1923,N2C,7,9.5944,0.0,0,24.97,0.1039
1923,S2C,7,10.0586,0.0,0,23.82,0.0972
1923,E2C,7,8.1359,9.0,2,29.45,0.1429
1923,W2C,7,8.3583,9.0,2,28.67,0.1396
1924,N2C,7,10.2461,0.0,0,23.38,0.0945
1924,S2C,7,10.503,0.0,0,22.81,0.0908
1924,E2C,7,7.2887,11.0,2,32.87,0.1564
1924,W2C,7,7.7613,11.0,2,30.87,0.1496
1925,N2C,5,10.8805,0.0,0,22.02,0.0733
1925,S2C,5,11.6244,0.0,0,20.61,0.0626
1925,E2C,7,7.4723,13.0,2,32.07,0.1551
1925,W2C,7,7.8122,13.0,2,30.67,0.1502
1926,N2C,5,11.6761,0.0,0,20.52,0.0619
1926,S2C,4,12.368,0.0,0,19.37,0.0459
1926,E2C,7,6.7303,16.0,3,35.6,0.1738
1926,W2C,7,7.4603,16.0,3,32.12,0.1632
1927,N2C,5,12.4299,0.0,0,19.28,0.051
1927,S2C,5,12.8307,0.0,0,18.67,0.0453
1927,E2C,8,6.9468,19.0,3,34.49,0.1786
1927,W2C,8,7.8495,19.0,3,30.52,0.1656
1928,N2C,5,12.3324,0.0,0,19.43,0.0524
1928,S2C,4,12.5165,0.0,0,19.14,0.0438
1928,E2C,8,6.3709,22.0,3,37.61,0.1889
1928,W2C,8,7.1731,22.0,3,33.4,0.1774
1929,N2C,5,12.4816,0.0,0,19.2,0.0503
1929,S2C,4,12.5816,0.0,0,19.04,0.0428
1929,E2C,8,6.2214,25.0,3,38.51,0.1931
1929,W2C,8,6.742,25.0,3,35.54,0.1856
1930,N2C,4,12.7638,0.0,0,18.77,0.0402
1930,S2C,4,12.6492,0.0,0,18.94,0.0419
1930,E2C,8,6.3931,28.0,3,37.48,0.1926
1930,W2C,8,6.3814,28.0,3,37.55,0.1928
1931,N2C,4,12.9798,0.0,0,18.46,0.0371
1931,S2C,4,12.1205,0.0,0,19.77,0.0495
1931,E2C,8,6.193,32.0,4,38.69,0.2042
1931,W2C,8,5.9318,31.0,3,40.39,0.2013
1932,N2C,5,12.7367,0.0,0,18.81,0.0466
1932,S2C,5,13.0339,0.0,0,18.38,0.0423
1932,E2C,9,7.0115,36.0,4,34.17,0.201
1932,W2C,9,6.2172,35.0,4,38.54,0.2118
1933,N2C,5,13.0859,0.0,0,18.31,0.0416
1933,S2C,5,12.6101,0.0,0,19.0,0.0484
1933,E2C,9,6.6813,40.0,4,35.86,0.2085
1933,W2C,9,5.8366,40.0,5,41.05,0.2266
1934,N2C,4,12.7907,0.0,0,18.73,0.0398
1934,S2C,5,12.4459,0.0,0,19.25,0.0508
1934,E2C,9,5.8362,44.0,4,41.05,0.2233
1934,W2C,9,5.3277,45.0,5,44.97,0.2373
1935,N2C,4,13.0332,0.0,0,18.38,0.0363
1935,S2C,4,13.1782,0.0,0,18.18,0.0342
1935,E2C,9,4.9364,49.0,5,48.54,0.2456
1935,W2C,9,4.9769,50.0,5,48.14,0.2457
1936,N2C,5,13.0298,0.0,0,18.39,0.0424
1936,S2C,5,13.0941,0.0,0,18.3,0.0415
1936,E2C,10,5.5113,54.0,5,43.47,0.2466
1936,W2C,10,5.5948,55.0,5,42.83,0.2461
1937,N2C,5,12.4947,0.0,0,19.18,0.0501
1937,S2C,4,13.1428,0.0,0,18.23,0.0348
1937,E2C,10,5.1103,59.0,5,46.89,0.2558
1937,W2C,10,5.2233,60.0,5,45.87,0.2548
1938,N2C,4,12.6071,0.0,0,19.01,0.0425
1938,S2C,4,12.9974,0.0,0,18.43,0.0369
1938,E2C,10,5.0702,64.0,5,47.26,0.2597
1938,W2C,10,5.2554,65.0,5,45.59,0.2577
1939,N2C,4,12.4927,0.0,0,19.18,0.0441
1939,S2C,4,12.8481,0.0,0,18.65,0.039
1939,E2C,10,4.8795,70.0,6,49.1,0.2724
1939,W2C,10,4.7885,71.0,6,50.04,0.2744
1940,N2C,4,12.8696,0.0,0,18.62,0.0387
1940,S2C,4,12.6577,0.0,0,18.93,0.0417
1940,E2C,10,4.3297,76.0,6,55.34,0.2843
1940,W2C,10,4.3193,77.0,6,55.47,0.2851
1941,N2C,4,13.1919,0.0,0,18.16,0.0341
1941,S2C,5,13.1292,0.0,0,18.25,0.041
1941,E2C,11,4.9702,82.0,6,48.21,0.2851
1941,W2C,11,4.8201,83.0,6,49.71,0.2879
1942,N2C,4,12.7928,0.0,0,18.73,0.0398
1942,S2C,4,13.2728,0.0,0,18.05,0.0329
1942,E2C,11,4.5517,88.0,6,52.64,0.2951
1942,W2C,11,4.7379,90.0,7,50.57,0.2998
1943,N2C,4,12.7259,0.0,0,18.83,0.0408
1943,S2C,4,13.3834,0.0,0,17.9,0.0313
1943,E2C,11,4.6804,95.0,7,51.19,0.3039
1943,W2C,11,4.4523,97.0,7,53.81,0.3086
1944,N2C,4,12.6932,0.0,0,18.88,0.0412
1944,S2C,4,13.3313,0.0,0,17.97,0.032
1944,E2C,11,4.191,102.0,7,57.17,0.3157
1944,W2C,11,4.0576,104.0,7,59.05,0.3189
1945,N2C,4,12.4671,0.0,0,19.22,0.0445
1945,S2C,5,12.3168,0.0,0,19.45,0.0527
1945,E2C,12,4.8153,109.0,7,49.76,0.3173
1945,W2C,12,4.498,111.0,7,53.27,0.3232
1946,N2C,4,12.1798,0.0,0,19.67,0.0486
1946,S2C,5,11.0938,0.0,0,21.6,0.0703
1946,E2C,12,4.6483,116.0,7,51.55,0.3244
1946,W2C,12,4.3109,118.0,7,55.58,0.3306
1947,N2C,4,12.2473,0.0,0,19.56,0.0477
1947,S2C,5,10.529,0.0,0,22.76,0.0784
1947,E2C,12,4.2291,123.0,7,56.65,0.3351
1947,W2C,12,4.2772,126.0,8,56.02,0.3424
1948,N2C,4,12.4229,0.0,0,19.29,0.0451
1948,S2C,5,10.5695,1.0,1,22.67,0.0845
1948,E2C,10,4.7267,72.0,6,50.69,0.2759
1948,W2C,10,4.9517,75.0,6,48.39,0.2747
1949,N2C,4,11.653,0.0,0,20.56,0.0562
1949,S2C,5,9.8656,2.0,1,24.29,0.0953
1949,E2C,10,4.5728,35.0,4,52.4,0.2415
1949,W2C,10,5.0205,39.0,4,47.72,0.2377
1950,N2C,5,11.3114,0.0,0,21.18,0.0671
1950,S2C,6,9.9821,3.0,1,24.0,0.1003
1950,E2C,11,5.3909,11.0,2,44.45,0.2077
1950,W2C,11,5.8426,13.0,2,41.01,0.2025
1951,N2C,5,10.6152,0.0,0,22.57,0.0772
1951,S2C,6,9.2728,4.0,1,25.84,0.1111
1951,E2C,9,5.8249,0.0,0,41.13,0.1701
1951,W2C,9,6.1305,1.0,1,39.08,0.1724
1952,N2C,5,9.9352,0.0,0,24.12,0.0869
1952,S2C,6,8.5514,6.0,2,28.02,0.1289
1952,E2C,9,5.9467,0.0,0,40.29,0.1684
1952,W2C,9,6.7569,0.0,0,35.46,0.1567
1953,N2C,5,9.885,0.0,0,24.24,0.0877
1953,S2C,6,7.9574,8.0,2,30.11,0.1388
1953,E2C,9,6.4839,0.0,0,36.95,0.1606
1953,W2C,8,7.4415,0.0,0,32.2,0.1409
1954,N2C,6,10.5722,1.0,1,22.66,0.0904
1954,S2C,7,8.2484,10.0,2,29.05,0.1419
1954,E2C,8,8.3553,0.0,0,28.68,0.1277
1954,W2C,8,9.0865,0.0,0,26.37,0.1172
1955,N2C,6,10.2321,2.0,1,23.42,0.096
1955,S2C,7,7.7179,12.0,2,31.04,0.1509
1955,E2C,8,9.3498,0.0,0,25.63,0.1134
1955,W2C,8,9.7823,0.0,0,24.49,0.1071
1956,N2C,6,10.6004,3.0,1,22.6,0.0914
1956,S2C,7,7.3565,15.0,3,32.57,0.1641
1956,E2C,6,10.1429,0.0,0,23.62,0.09
1956,W2C,6,10.4749,0.0,0,22.87,0.0852
1957,N2C,6,9.8393,4.0,1,24.35,0.103
1957,S2C,7,7.353,18.0,3,32.59,0.1661
1957,E2C,6,10.545,0.0,0,22.72,0.0842
1957,W2C,5,11.861,0.0,0,20.2,0.0592
1958,N2C,6,9.0884,5.0,1,26.36,0.1145
1958,S2C,7,6.7011,21.0,3,35.76,0.1775
1958,E2C,4,12.3204,0.0,0,19.45,0.0466
1958,W2C,4,12.5788,0.0,0,19.05,0.0429
1959,N2C,7,8.5976,7.0,2,27.87,0.1349
1959,S2C,8,7.2616,24.0,3,33.0,0.1774
1959,E2C,5,12.1557,0.0,0,19.71,0.055
1959,W2C,5,12.9413,0.0,0,18.51,0.0437
1960,N2C,7,7.9504,9.0,2,30.14,0.1455
1960,S2C,8,6.6302,27.0,3,36.14,0.1885
1960,E2C,4,12.2678,0.0,0,19.53,0.0474
1960,W2C,4,12.7717,0.0,0,18.76,0.0401
1961,N2C,7,7.4398,11.0,2,32.21,0.1542
1961,S2C,8,6.427,30.0,3,37.28,0.1935
1961,E2C,4,12.2082,0.0,0,19.63,0.0482
1961,W2C,4,12.7033,0.0,0,18.86,0.0411
1962,N2C,7,7.288,13.0,2,32.88,0.1577
1962,S2C,8,6.2998,33.0,3,38.03,0.1973
1962,E2C,4,12.2531,0.0,0,19.55,0.0476
1962,W2C,4,12.6454,0.0,0,18.95,0.0419
1963,N2C,8,7.875,16.0,3,30.43,0.1633
1963,S2C,9,6.4289,37.0,4,37.27,0.2101
1963,E2C,5,12.6025,0.0,0,19.01,0.0485
1963,W2C,5,12.7009,0.0,0,18.86,0.0471
1964,N2C,8,7.3688,19.0,3,32.52,0.1726
1964,S2C,9,5.8769,41.0,4,40.77,0.2207
1964,E2C,5,12.097,0.0,0,19.81,0.0558
1964,W2C,4,12.8204,0.0,0,18.69,0.0394
1965,N2C,8,6.8009,22.0,3,35.23,0.1827
1965,S2C,9,5.6574,45.0,4,42.35,0.2265
1965,E2C,5,12.2286,0.0,0,19.59,0.0539
1965,W2C,4,12.8283,0.0,0,18.68,0.0393
1966,N2C,8,6.5721,25.0,3,36.46,0.188
1966,S2C,9,5.6105,50.0,5,42.71,0.2365
1966,E2C,4,12.5858,0.0,0,19.04,0.0428
1966,W2C,4,12.9077,0.0,0,18.56,0.0381
1967,N2C,8,5.7769,28.0,3,41.48,0.2015
1967,S2C,9,5.2935,55.0,5,45.26,0.2444
1967,E2C,4,12.7454,0.0,0,18.8,0.0405
1967,W2C,4,12.9672,0.0,0,18.48,0.0373
1968,N2C,9,6.2176,32.0,4,38.54,0.2098
1968,S2C,10,5.4977,60.0,5,43.58,0.2508
1968,E2C,5,12.7255,0.0,0,18.83,0.0468
1968,W2C,4,13.1325,0.0,0,18.24,0.0349
1969,N2C,9,5.8449,36.0,4,40.99,0.2178
1969,S2C,10,4.9715,65.0,5,48.2,0.2617
1969,E2C,5,12.8293,0.0,0,18.68,0.0453
1969,W2C,4,12.9381,0.0,0,18.52,0.0377
1970,N2C,9,5.7301,40.0,4,41.81,0.2222
1970,S2C,10,4.4622,70.0,5,53.7,0.2724
1970,E2C,4,12.8864,0.0,0,18.59,0.0385
1970,W2C,4,12.9299,0.0,0,18.53,0.0378
1971,N2C,9,5.3423,45.0,5,44.85,0.2371
1971,S2C,10,4.135,76.0,6,57.94,0.2871
1971,E2C,4,12.7394,0.0,0,18.81,0.0406
1971,W2C,4,12.8759,0.0,0,18.61,0.0386
1972,N2C,10,5.692,50.0,5,42.09,0.2414
1972,S2C,11,4.6353,82.0,6,51.69,0.2899
1972,E2C,3,12.7212,0.0,0,18.83,0.0348
1972,W2C,4,12.8439,0.0,0,18.65,0.0391
1973,N2C,10,5.3324,55.0,5,44.93,0.2499
1973,S2C,11,4.4312,88.0,6,54.07,0.2969
1973,E2C,4,13.5472,0.0,0,17.69,0.0289
1973,W2C,4,12.5313,0.0,0,19.12,0.0436
1974,N2C,10,5.3679,60.0,5,44.64,0.2527
1974,S2C,11,4.556,95.0,7,52.59,0.3057
1974,E2C,4,13.0237,0.0,0,18.4,0.0365
1974,W2C,4,12.7916,0.0,0,18.73,0.0398
1975,N2C,10,4.8937,66.0,6,48.96,0.2695
1975,S2C,11,4.2789,102.0,7,56.0,0.3144
1975,E2C,4,13.2576,0.0,0,18.07,0.0331
1975,W2C,4,12.8813,0.0,0,18.6,0.0385
1976,N2C,10,4.3273,72.0,6,55.37,0.2817
1976,S2C,11,3.8067,109.0,7,62.94,0.3259
1976,E2C,4,13.0335,0.0,0,18.38,0.0363
1976,W2C,4,12.7453,0.0,0,18.8,0.0405
1977,N2C,11,4.9281,78.0,6,48.62,0.283
1977,S2C,12,4.3388,116.0,7,55.22,0.3289
1977,E2C,5,13.3267,0.0,0,17.98,0.0381
1977,W2C,5,12.8667,0.0,0,18.62,0.0447
1978,N2C,11,4.8281,84.0,6,49.63,0.2885
1978,S2C,12,4.1772,123.0,7,57.36,0.3359
1978,E2C,5,12.4863,0.0,0,19.19,0.0502
1978,W2C,5,11.9254,0.0,0,20.09,0.0583
1979,N2C,11,4.5224,91.0,7,52.98,0.3035
1979,S2C,12,3.9024,130.0,7,61.4,0.3445
1979,E2C,5,11.6265,0.0,0,20.61,0.0626
1979,W2C,5,10.9171,0.0,0,21.95,0.0728
1980,N2C,11,4.1144,98.0,7,58.23,0.3141
1980,S2C,12,3.5811,138.0,8,66.91,0.3604
1980,E2C,5,10.49,0.0,0,22.84,0.079
1980,W2C,5,10.1936,1.0,1,23.5,0.0899
1981,N2C,10,5.2179,58.0,5,45.92,0.2535
1981,S2C,11,4.655,82.0,6,51.47,0.2896
1981,E2C,6,10.1314,1.0,1,23.65,0.0968
1981,W2C,6,10.2156,2.0,1,23.45,0.0962
1982,N2C,10,5.445,24.0,3,44.0,0.2156
1982,S2C,11,4.5945,41.0,4,52.15,0.2512
1982,E2C,6,9.1798,2.0,1,26.1,0.1112
1982,W2C,6,9.2688,3.0,1,25.85,0.1105
1983,N2C,10,5.7309,5.0,1,41.81,0.1868
1983,S2C,11,5.1595,14.0,2,46.44,0.213
1983,E2C,6,8.8876,3.0,1,26.96,0.116
1983,W2C,6,8.4814,4.0,1,28.25,0.1225
1984,N2C,8,6.5117,0.0,0,36.8,0.1542
1984,S2C,9,6.4546,1.0,1,37.12,0.1677
1984,E2C,6,8.732,5.0,2,27.44,0.1256
1984,W2C,6,8.3691,6.0,2,28.63,0.1315
1985,N2C,8,6.9489,0.0,0,34.48,0.1479
1985,S2C,9,7.1934,0.0,0,33.31,0.1504
1985,E2C,6,8.1271,7.0,2,29.48,0.1356
1985,W2C,6,7.9263,8.0,2,30.23,0.1392
1986,N2C,8,8.4023,0.0,0,28.52,0.127
1986,S2C,9,9.0338,0.0,0,26.52,0.1239
1986,E2C,7,8.2791,9.0,2,28.94,0.1408
1986,W2C,7,8.1344,10.0,2,29.46,0.1435
1987,N2C,7,8.9175,0.0,0,26.87,0.1136
1987,S2C,8,9.2163,0.0,0,26.0,0.1153
1987,E2C,7,7.6201,11.0,2,31.44,0.1516
1987,W2C,7,7.2623,12.0,2,32.99,0.1574
1988,N2C,7,9.2319,0.0,0,25.95,0.1091
1988,S2C,7,9.8187,0.0,0,24.4,0.1006
1988,E2C,7,7.353,14.0,3,32.59,0.1635
1988,W2C,7,7.4946,14.0,2,31.97,0.1554
1989,N2C,5,10.4331,0.0,0,22.97,0.0798
1989,S2C,6,10.2827,0.0,0,23.3,0.0879
1989,E2C,7,7.4356,17.0,3,32.22,0.1643
1989,W2C,7,7.2468,16.0,2,33.06,0.1603
1990,N2C,6,11.3006,0.0,0,21.2,0.0733
1990,S2C,7,11.114,0.0,0,21.56,0.082
1990,E2C,8,7.7564,20.0,3,30.89,0.1676
1990,W2C,8,7.4569,19.0,3,32.13,0.1713
1991,N2C,4,12.2914,0.0,0,19.49,0.047
1991,S2C,5,11.6843,0.0,0,20.51,0.0618
1991,E2C,8,7.2429,23.0,3,33.08,0.177
1991,W2C,8,7.4744,22.0,3,32.06,0.173
1992,N2C,4,12.5461,0.0,0,19.1,0.0434
1992,S2C,5,12.1419,0.0,0,19.73,0.0552
1992,E2C,8,6.7847,26.0,3,35.31,0.1856
1992,W2C,8,6.9009,25.0,3,34.72,0.1833
1993,N2C,4,12.2802,0.0,0,19.51,0.0472
1993,S2C,4,12.41,0.0,0,19.31,0.0453
1993,E2C,8,6.4959,29.0,3,36.88,0.1918
1993,W2C,8,6.2939,28.0,3,38.07,0.194
1994,N2C,4,12.2526,0.0,0,19.56,0.0476
1994,S2C,4,11.8467,0.0,0,20.23,0.0534
1994,E2C,8,5.8615,32.0,3,40.88,0.2029
1994,W2C,8,5.7497,32.0,4,41.67,0.2105
1995,N2C,4,12.2817,0.0,0,19.51,0.0472
1995,S2C,5,12.5375,0.0,0,19.11,0.0495
1995,E2C,9,6.185,36.0,4,38.74,0.2129
1995,W2C,9,6.0097,36.0,4,39.87,0.2155
1996,N2C,4,12.3645,0.0,0,19.38,0.046
1996,S2C,4,12.1218,0.0,0,19.77,0.0495
1996,E2C,9,5.9643,40.0,4,40.17,0.2188
1996,W2C,9,5.8031,40.0,4,41.29,0.2211
1997,N2C,4,11.9427,0.0,0,20.06,0.052
1997,S2C,4,12.5024,0.0,0,19.16,0.044
1997,E2C,9,5.6406,45.0,5,42.48,0.2328
1997,W2C,9,5.7656,45.0,5,41.56,0.231
1998,N2C,4,12.2657,0.0,0,19.53,0.0474
1998,S2C,4,12.3245,0.0,0,19.44,0.0465
1998,E2C,9,5.2019,50.0,5,46.06,0.2424
1998,W2C,9,5.2874,50.0,5,45.32,0.2412
1999,N2C,5,11.9468,0.0,0,20.06,0.058
1999,S2C,4,12.2007,0.0,0,19.64,0.0483
1999,E2C,10,5.5061,55.0,5,43.52,0.2474
1999,W2C,10,6.1748,55.0,5,38.8,0.2378
2000,N2C,5,12.0062,0.0,0,19.96,0.0571
2000,S2C,4,12.0055,0.0,0,19.96,0.0511
2000,E2C,10,5.1971,60.0,5,46.1,0.2552
2000,W2C,10,5.5573,60.0,5,43.11,0.25
2001,N2C,5,11.614,0.0,0,20.63,0.0628
2001,S2C,4,11.9987,0.0,0,19.97,0.0512
2001,E2C,10,5.2731,66.0,6,45.44,0.2641
2001,W2C,10,5.1908,65.0,5,46.16,0.2586
2002,N2C,4,12.177,0.0,0,19.68,0.0487
2002,S2C,4,12.1686,0.0,0,19.69,0.0488
2002,E2C,10,4.8827,72.0,6,49.07,0.2737
2002,W2C,10,4.6992,70.0,5,50.99,0.269
2003,N2C,4,12.1163,0.0,0,19.78,0.0495
2003,S2C,4,12.0278,0.0,0,19.92,0.0508
2003,E2C,10,4.3841,78.0,6,54.65,0.2849
2003,W2C,10,4.2775,76.0,6,56.01,0.2851
2004,N2C,5,12.2178,0.0,0,19.61,0.0541
2004,S2C,5,12.3567,0.0,0,19.39,0.0521
2004,E2C,11,4.6095,84.0,6,51.98,0.2916
2004,W2C,11,4.8968,82.0,6,48.93,0.2862
2005,N2C,5,11.8082,0.0,0,20.29,0.06
2005,S2C,4,12.0257,0.0,0,19.92,0.0508
2005,E2C,11,4.3758,90.0,6,54.76,0.299
2005,W2C,11,4.8158,89.0,7,49.75,0.298
2006,N2C,5,12.1052,0.0,0,19.79,0.0557
2006,S2C,4,12.1916,0.0,0,19.65,0.0485
2006,E2C,11,4.0488,97.0,7,59.18,0.3144
2006,W2C,11,4.4582,96.0,7,53.74,0.3078
2007,N2C,4,11.6896,0.0,0,20.5,0.0557
2007,S2C,4,12.3019,0.0,0,19.48,0.0469
2007,E2C,11,3.854,104.0,7,62.17,0.3218
2007,W2C,11,4.1736,103.0,7,57.41,0.3166
2008,N2C,5,12.4225,0.0,0,19.29,0.0511
2008,S2C,5,12.2265,0.0,0,19.6,0.054
2008,E2C,12,4.3816,111.0,7,54.68,0.3249
2008,W2C,12,4.7517,110.0,7,50.42,0.3189
2009,N2C,4,11.8182,0.0,0,20.27,0.0538
2009,S2C,5,12.3038,0.0,0,19.47,0.0528
2009,E2C,12,4.2682,119.0,8,56.14,0.3379
2009,W2C,12,4.3691,118.0,8,54.84,0.3358
2010,N2C,4,12.1918,0.0,0,19.65,0.0485
2010,S2C,5,12.565,0.0,0,19.07,0.0491
2010,E2C,12,3.7712,127.0,8,63.53,0.3504
2010,W2C,12,4.4457,126.0,8,53.89,0.34
2011,N2C,4,11.9825,0.0,0,20.0,0.0515
2011,S2C,5,12.584,0.0,0,19.04,0.0488
2011,E2C,12,3.5321,135.0,8,67.84,0.3591
2011,W2C,12,4.1079,134.0,8,58.33,0.3502
2012,N2C,4,11.3249,0.0,0,21.16,0.0609
2012,S2C,5,11.5104,0.0,0,20.82,0.0643
2012,E2C,12,3.2115,143.0,8,74.61,0.3691
2012,W2C,12,3.643,142.0,8,65.77,0.3622
2013,N2C,5,10.7023,0.0,0,22.39,0.0759
2013,S2C,6,10.8614,0.0,0,22.06,0.0796
2013,E2C,13,3.78,152.0,9,63.39,0.3789
2013,W2C,13,4.2552,150.0,8,56.31,0.3647
2014,N2C,5,10.0041,0.0,0,23.95,0.086
2014,S2C,6,9.8252,0.0,0,24.39,0.0945
2014,E2C,11,4.5321,96.0,7,52.87,0.3067
2014,W2C,11,4.6789,92.0,6,51.21,0.296
2015,N2C,5,9.0836,1.0,1,26.38,0.1059
2015,S2C,6,8.7105,1.0,1,27.51,0.1172
2015,E2C,11,4.8383,54.0,5,49.52,0.2623
2015,W2C,11,4.2575,50.0,4,56.28,0.262
2016,N2C,5,9.285,2.0,1,25.81,0.1036
2016,S2C,6,8.6065,2.0,1,27.84,0.1194
2016,E2C,11,4.7274,23.0,3,50.68,0.2313
2016,W2C,11,4.6268,21.0,3,51.79,0.2314
2017,N2C,6,9.7525,3.0,1,24.57,0.1036
2017,S2C,7,9.0506,3.0,1,26.47,0.1197
2017,E2C,10,6.1831,5.0,1,38.75,0.1803
2017,W2C,10,5.8409,2.0,1,41.02,0.1832
2018,N2C,6,9.675,4.0,1,24.76,0.1054
2018,S2C,7,8.4106,5.0,2,28.49,0.1362
2018,E2C,10,6.4412,0.0,0,37.2,0.1673
2018,W2C,10,6.4838,0.0,0,36.95,0.1666
2019,N2C,6,9.9287,5.0,1,24.13,0.1024
2019,S2C,7,7.7697,7.0,2,30.84,0.1468
2019,E2C,9,7.7139,0.0,0,31.06,0.1429
2019,W2C,10,6.9747,0.0,0,34.35,0.1596
2020,N2C,6,9.5778,6.0,1,25.02,0.1081
2020,S2C,7,7.3485,9.0,2,32.61,0.1542
2020,E2C,8,8.7764,0.0,0,27.3,0.1216
2020,W2C,8,7.9199,0.0,0,30.25,0.134
2021,N2C,6,9.0912,7.0,1,26.36,0.1158
2021,S2C,7,6.8623,11.0,2,34.92,0.1625
2021,E2C,7,9.2992,0.0,0,25.77,0.1081
2021,W2C,8,8.5928,0.0,0,27.88,0.1243
2022,N2C,7,9.2427,8.0,1,25.92,0.1202
2022,S2C,8,7.1125,14.0,3,33.69,0.1729
2022,E2C,7,11.2167,0.0,0,21.36,0.0805
2022,W2C,7,10.5562,0.0,0,22.7,0.09
2023,N2C,7,8.75,10.0,2,27.38,0.1347
2023,S2C,8,6.6871,17.0,3,35.83,0.181
2023,E2C,6,11.915,0.0,0,20.11,0.0644
2023,W2C,7,11.0634,0.0,0,21.66,0.0827
2024,N2C,7,7.7561,12.0,2,30.89,0.1503
2024,S2C,8,6.3894,20.0,3,37.5,0.1873
2024,E2C,5,12.7667,0.0,0,18.77,0.0462
2024,W2C,5,12.1322,0.0,0,19.75,0.0553
2025,N2C,7,7.4548,14.0,2,32.14,0.156
2025,S2C,8,5.8026,24.0,4,41.29,0.2044
2025,E2C,5,12.8734,0.0,0,18.61,0.0446
2025,W2C,5,12.4214,0.0,0,19.29,0.0511
2026,N2C,8,6.8231,16.0,2,35.12,0.1724
2026,S2C,9,5.8541,28.0,4,40.93,0.2124
2026,E2C,5,12.8555,0.0,0,18.64,0.0449
2026,W2C,4,13.158,0.0,0,18.21,0.0345
2027,N2C,8,6.4409,18.0,2,37.2,0.1793
2027,S2C,9,5.7727,32.0,4,41.51,0.2162
2027,E2C,4,13.1881,0.0,0,18.17,0.0341
2027,W2C,4,12.8055,0.0,0,18.71,0.0396
2028,N2C,8,6.1533,21.0,3,38.94,0.1914
2028,S2C,9,5.521,37.0,5,43.4,0.2292
2028,E2C,4,13.1043,0.0,0,18.28,0.0353
2028,W2C,4,13.415,0.0,0,17.86,0.0308
2029,N2C,8,5.7972,24.0,3,41.33,0.1985
2029,S2C,9,5.5819,42.0,5,42.92,0.2316
2029,E2C,4,13.5117,0.0,0,17.73,0.0294
2029,W2C,4,13.3617,0.0,0,17.93,0.0316
2030,N2C,8,5.9523,28.0,4,40.25,0.205
2030,S2C,9,5.0323,47.0,5,47.61,0.2429
2030,E2C,4,13.1744,0.0,0,18.19,0.0343
2030,W2C,4,13.1577,0.0,0,18.21,0.0345
2031,N2C,9,6.6221,32.0,4,36.18,0.204
2031,S2C,10,5.4333,52.0,5,44.1,0.2464
2031,E2C,4,12.9195,0.0,0,18.55,0.038
2031,W2C,4,13.4073,0.0,0,17.87,0.031
2032,N2C,9,6.4634,36.0,4,37.07,0.2089
2032,S2C,10,4.9737,58.0,6,48.17,0.2631
2032,E2C,4,12.738,0.0,0,18.81,0.0406
2032,W2C,4,13.1677,0.0,0,18.2,0.0344
2033,N2C,9,6.0346,40.0,4,39.7,0.2178
2033,S2C,10,4.9928,64.0,6,47.99,0.2668
2033,E2C,4,12.8839,0.0,0,18.6,0.0385
2033,W2C,4,13.3674,0.0,0,17.92,0.0315
2034,N2C,9,5.6049,44.0,4,42.75,0.2266
2034,S2C,10,4.9159,70.0,6,48.74,0.2719
2034,E2C,4,12.8802,0.0,0,18.6,0.0385
2034,W2C,4,13.0329,0.0,0,18.38,0.0363
2035,N2C,10,5.427,48.0,4,44.15,0.2379
2035,S2C,11,5.3729,76.0,6,44.59,0.2753
2035,E2C,4,12.9563,0.0,0,18.49,0.0374
2035,W2C,4,12.8643,0.0,0,18.63,0.0388
2036,N2C,10,5.0947,52.0,4,47.03,0.2453
2036,S2C,11,4.7068,82.0,6,50.91,0.2889
2036,E2C,4,12.8461,0.0,0,18.65,0.039
2036,W2C,4,13.0019,0.0,0,18.43,0.0368
2037,N2C,10,4.8636,57.0,5,49.26,0.258
2037,S2C,11,4.5994,89.0,7,52.09,0.3011
2037,E2C,4,13.2914,0.0,0,18.03,0.0326
2037,W2C,4,12.9217,0.0,0,18.54,0.0379
2038,N2C,10,4.395,62.0,5,54.52,0.2681
2038,S2C,11,4.2017,96.0,7,57.03,0.3115
2038,E2C,4,13.0457,0.0,0,18.37,0.0362
2038,W2C,4,12.9485,0.0,0,18.5,0.0376
2039,N2C,10,3.9957,68.0,6,59.96,0.2838
2039,S2C,11,3.761,103.0,7,63.71,0.3225
2039,E2C,4,12.8557,0.0,0,18.64,0.0389
2039,W2C,4,12.9824,0.0,0,18.46,0.0371
2040,N2C,11,4.5274,74.0,6,52.92,0.2861
2040,S2C,12,4.1298,110.0,7,58.02,0.3279
2040,E2C,4,13.0911,0.0,0,18.3,0.0355
2040,W2C,4,13.1989,0.0,0,18.15,0.034
2041,N2C,11,4.5388,80.0,6,52.79,0.29
2041,S2C,12,3.9722,117.0,7,60.32,0.3348
2041,E2C,4,12.73,0.0,0,18.82,0.0407
2041,W2C,4,13.2447,0.0,0,18.09,0.0333
2042,N2C,11,4.4231,86.0,6,54.17,0.2956
2042,S2C,12,3.9372,125.0,8,60.86,0.3466
2042,E2C,4,12.8729,0.0,0,18.61,0.0386
2042,W2C,4,13.1847,0.0,0,18.17,0.0342
2043,N2C,11,4.3841,93.0,7,54.65,0.3069
2043,S2C,12,3.5337,133.0,8,67.8,0.3578
2043,E2C,4,12.7321,0.0,0,18.82,0.0407
2043,W2C,4,12.9595,0.0,0,18.49,0.0374
2044,N2C,12,5.0969,100.0,7,47.01,0.3073
2044,S2C,13,4.0278,141.0,8,59.49,0.362
2044,E2C,4,13.1318,0.0,0,18.25,0.0349
2044,W2C,4,13.1581,0.0,0,18.21,0.0345
2045,N2C,12,5.0541,107.0,7,47.41,0.3126
2045,S2C,13,3.7807,149.0,8,63.37,0.3709
2045,E2C,4,13.229,0.0,0,18.11,0.0335
2045,W2C,4,12.8577,0.0,0,18.63,0.0389
2046,N2C,12,5.0738,114.0,7,47.22,0.3169
2046,S2C,13,3.8136,158.0,9,62.83,0.3824
2046,E2C,4,12.8535,0.0,0,18.64,0.0389
2046,W2C,4,12.7453,0.0,0,18.8,0.0405
2047,N2C,10,5.4256,63.0,5,44.16,0.2539
2047,S2C,11,4.4909,104.0,7,53.35,0.3127
2047,E2C,4,12.7525,0.0,0,18.79,0.0404
2047,W2C,4,12.9913,0.0,0,18.44,0.0369
2048,N2C,10,4.9943,28.0,3,47.97,0.2248
2048,S2C,11,4.6254,60.0,5,51.8,0.2694
2048,E2C,4,12.7713,0.0,0,18.76,0.0401
2048,W2C,4,12.8254,0.0,0,18.68,0.0393
2049,N2C,11,5.937,7.0,1,40.36,0.1912
2049,S2C,12,5.535,25.0,3,43.29,0.227
2049,E2C,5,13.271,0.0,0,18.05,0.0389
2049,W2C,5,12.0655,0.0,0,19.86,0.0563
2050,N2C,9,6.8109,1.0,1,35.18,0.1626
2050,S2C,10,5.6664,5.0,1,42.28,0.1877
2050,E2C,5,12.4926,0.0,0,19.18,0.0501
2050,W2C,5,11.2602,0.0,0,21.28,0.0679
2051,N2C,9,7.1915,0.0,0,33.32,0.1505
2051,S2C,10,5.8977,0.0,0,40.63,0.1751
2051,E2C,5,11.6829,0.0,0,20.51,0.0618
2051,W2C,5,10.3398,0.0,0,23.17,0.0811
2052,N2C,8,8.3048,0.0,0,28.85,0.1284
2052,S2C,9,6.4897,0.0,0,36.92,0.1606
2052,E2C,5,10.486,0.0,0,22.85,0.079
2052,W2C,5,10.5978,0.0,0,22.61,0.0774
2053,N2C,8,9.6496,0.0,0,24.83,0.1091
2053,S2C,9,8.0628,0.0,0,29.72,0.1379
2053,E2C,6,9.871,0.0,0,24.27,0.0939
2053,W2C,6,10.2417,0.0,0,23.39,0.0885
2054,N2C,6,10.8232,0.0,0,22.14,0.0802
2054,S2C,9,8.8139,0.0,0,27.18,0.1271
2054,E2C,6,9.2467,1.0,1,25.91,0.1095
2054,W2C,6,9.7397,1.0,1,24.6,0.1024
2055,N2C,6,11.4481,0.0,0,20.93,0.0712
2055,S2C,7,10.1254,0.0,0,23.66,0.0962
2055,E2C,6,8.6413,2.0,1,27.73,0.1189
2055,W2C,6,8.8977,2.0,1,26.93,0.1152
2056,N2C,5,12.3622,0.0,0,19.38,0.052
2056,S2C,7,10.7164,0.0,0,22.36,0.0877
2056,E2C,6,8.4022,4.0,2,28.52,0.1297
2056,W2C,6,8.3766,3.0,1,28.6,0.1234
2057,N2C,4,12.992,0.0,0,18.44,0.0369
2057,S2C,5,11.7175,0.0,0,20.45,0.0613
2057,E2C,6,8.1095,6.0,2,29.55,0.1352
2057,W2C,6,7.8594,4.0,1,30.49,0.1315
2058,N2C,4,13.1784,0.0,0,18.18,0.0342
2058,S2C,6,12.202,0.0,0,19.64,0.0603
2058,E2C,7,8.19,8.0,2,29.26,0.1414
2058,W2C,7,7.987,6.0,2,30.0,0.143
2059,N2C,4,13.0554,0.0,0,18.35,0.036
2059,S2C,5,12.9523,0.0,0,18.5,0.0435
2059,E2C,7,7.6748,10.0,2,31.22,0.1502
2059,W2C,7,7.4024,8.0,2,32.37,0.1527
2060,N2C,4,13.2564,0.0,0,18.07,0.0331
2060,S2C,4,13.0092,0.0,0,18.42,0.0367
2060,E2C,7,7.3108,12.0,2,32.77,0.1567
2060,W2C,7,7.242,10.0,2,33.08,0.1564
2061,N2C,4,13.3928,0.0,0,17.89,0.0312
2061,S2C,4,13.0135,0.0,0,18.41,0.0366
2061,E2C,7,6.7761,15.0,3,35.36,0.1724
2061,W2C,7,6.813,13.0,3,35.17,0.1706
2062,N2C,4,13.6026,0.0,0,17.61,0.0281
2062,S2C,4,12.5949,0.0,0,19.02,0.0426
2062,E2C,8,7.2007,18.0,3,33.27,0.1743
2062,W2C,8,6.9193,16.0,3,34.63,0.177
2063,N2C,4,12.8923,0.0,0,18.58,0.0384
2063,S2C,4,12.8122,0.0,0,18.7,0.0395
2063,E2C,8,6.4962,21.0,3,36.88,0.1865
2063,W2C,8,6.5292,19.0,3,36.7,0.1847
2064,N2C,4,12.7427,0.0,0,18.8,0.0405
2064,S2C,4,12.9748,0.0,0,18.47,0.0372
2064,E2C,8,6.4499,24.0,3,37.15,0.1891
2064,W2C,8,6.3775,22.0,3,37.57,0.1888
2065,N2C,4,13.2109,0.0,0,18.14,0.0338
2065,S2C,4,12.7467,0.0,0,18.8,0.0405
2065,E2C,8,6.1105,28.0,4,39.21,0.2027
2065,W2C,8,5.8617,25.0,3,40.88,0.1983
2066,N2C,4,12.9206,0.0,0,18.54,0.038
2066,S2C,4,12.914,0.0,0,18.55,0.0381
2066,E2C,8,5.7986,32.0,4,41.32,0.2098
2066,W2C,8,5.5515,29.0,4,43.16,0.2114
2067,N2C,4,13.2015,0.0,0,18.15,0.0339
2067,S2C,5,12.8644,0.0,0,18.62,0.0448
2067,E2C,9,6.2085,36.0,4,38.59,0.2126
2067,W2C,9,5.976,33.0,4,40.09,0.214
2068,N2C,4,12.8692,0.0,0,18.62,0.0387
2068,S2C,4,12.9119,0.0,0,18.56,0.0381
2068,E2C,9,5.782,41.0,5,41.44,0.2281
2068,W2C,9,5.5383,37.0,4,43.26,0.2229
2069,N2C,4,12.7792,0.0,0,18.75,0.04
2069,S2C,4,12.987,0.0,0,18.45,0.037
2069,E2C,9,5.5666,46.0,5,43.04,0.2345
2069,W2C,9,5.4658,42.0,5,43.84,0.2333
2070,N2C,4,13.0536,0.0,0,18.36,0.036
2070,S2C,4,13.0483,0.0,0,18.36,0.0361
2070,E2C,9,5.3221,51.0,5,45.02,0.2414
2070,W2C,9,5.4264,47.0,5,44.15,0.2372
2071,N2C,4,12.8958,0.0,0,18.58,0.0383
2071,S2C,4,12.9521,0.0,0,18.5,0.0375
2071,E2C,10,6.3049,56.0,5,38.0,0.2366
2071,W2C,10,6.2968,52.0,5,38.05,0.234
2072,N2C,4,13.4047,0.0,0,17.87,0.031
2072,S2C,4,12.929,0.0,0,18.53,0.0378
2072,E2C,10,5.6967,61.0,5,42.06,0.2486
2072,W2C,10,6.333,57.0,5,37.83,0.2368
2073,N2C,4,12.9847,0.0,0,18.45,0.037
2073,S2C,4,12.859,0.0,0,18.63,0.0388
2073,E2C,10,5.2595,66.0,5,45.56,0.2583
2073,W2C,10,6.1438,62.0,5,39.0,0.2429
2074,N2C,4,13.1825,0.0,0,18.18,0.0342
2074,S2C,4,13.0435,0.0,0,18.37,0.0362
2074,E2C,10,4.6908,71.0,5,51.08,0.2698
2074,W2C,10,5.4563,67.0,5,43.91,0.2561
2075,N2C,4,13.1779,0.0,0,18.18,0.0343
2075,S2C,4,12.5576,0.0,0,19.08,0.0432
2075,E2C,10,4.4189,77.0,6,54.22,0.2837
2075,W2C,10,4.6807,72.0,5,51.19,0.2706
2076,N2C,4,13.272,0.0,0,18.05,0.0329
2076,S2C,4,12.9891,0.0,0,18.45,0.037
2076,E2C,11,4.764,83.0,6,50.29,0.2887
2076,W2C,11,4.916,78.0,6,48.74,0.2832
2077,N2C,4,13.286,0.0,0,18.03,0.0327
2077,S2C,4,13.2422,0.0,0,18.09,0.0333
2077,E2C,11,4.5485,89.0,6,52.68,0.2958
2077,W2C,11,4.4169,84.0,6,54.25,0.2944
2078,N2C,4,13.1607,0.0,0,18.21,0.0345
2078,S2C,4,12.669,0.0,0,18.91,0.0416
2078,E2C,11,4.3987,96.0,7,54.47,0.3087
2078,W2C,11,4.2189,90.0,6,56.79,0.3013
2079,N2C,4,12.4495,0.0,0,19.25,0.0447
2079,S2C,4,13.0229,0.0,0,18.4,0.0365
2079,E2C,11,4.0431,103.0,7,59.26,0.3185
2079,W2C,11,3.7748,97.0,7,63.47,0.3183
2080,N2C,4,11.702,0.0,0,20.48,0.0555
2080,S2C,5,13.0709,0.0,0,18.33,0.0418
2080,E2C,10,5.4925,58.0,5,43.62,0.2496
2080,W2C,10,5.157,54.0,5,46.46,0.2517
2081,N2C,5,11.1921,0.0,0,21.41,0.0688
2081,S2C,5,12.2339,0.0,0,19.58,0.0538
2081,E2C,10,5.529,25.0,3,43.34,0.2151
2081,W2C,10,5.2503,22.0,3,45.64,0.2171
2082,N2C,5,10.0494,0.0,0,23.84,0.0853
2082,S2C,5,11.6695,0.0,0,20.53,0.062
2082,E2C,10,6.0732,6.0,2,39.45,0.1886
2082,W2C,10,5.6477,8.0,2,42.42,0.196
2083,N2C,5,9.9761,0.0,0,24.02,0.0864
2083,S2C,5,10.5985,0.0,0,22.61,0.0774
2083,E2C,8,6.7414,0.0,0,35.54,0.1509
2083,W2C,8,6.5942,0.0,0,36.34,0.1531
2084,N2C,5,9.9849,0.0,0,24.0,0.0862
2084,S2C,5,10.3473,0.0,0,23.16,0.081
2084,E2C,8,7.1452,0.0,0,33.53,0.1451
2084,W2C,8,6.887,0.0,0,34.79,0.1488
2085,N2C,6,10.1453,1.0,1,23.62,0.0966
2085,S2C,6,9.9234,1.0,1,24.14,0.0998
2085,E2C,7,8.6609,0.0,0,27.66,0.1173
2085,W2C,8,8.2788,0.0,0,28.94,0.1288
2086,N2C,6,9.7371,2.0,1,24.61,0.1031
2086,S2C,6,9.3373,2.0,1,25.66,0.1089
2086,E2C,7,9.3977,0.0,0,25.5,0.1067
2086,W2C,7,9.2784,0.0,0,25.82,0.1084
2087,N2C,6,9.1558,3.0,1,26.17,0.1122
2087,S2C,6,8.5829,3.0,1,27.92,0.1204
2087,E2C,6,10.1129,0.0,0,23.69,0.0904
2087,W2C,7,9.6757,0.0,0,24.76,0.1027
2088,N2C,6,8.3666,4.0,1,28.64,0.1242
2088,S2C,6,7.7967,4.0,1,30.73,0.1324
2088,E2C,5,10.8229,0.0,0,22.14,0.0742
2088,W2C,5,11.3891,0.0,0,21.04,0.066
2089,N2C,7,8.7908,6.0,2,27.26,0.1314
2089,S2C,7,7.898,6.0,2,30.34,0.1443
2089,E2C,5,11.6511,0.0,0,20.56,0.0622
2089,W2C,6,12.0839,0.0,0,19.83,0.062
2090,N2C,7,8.1015,8.0,2,29.57,0.1427
2090,S2C,7,7.4968,8.0,2,31.96,0.1514
2090,E2C,4,12.1657,0.0,0,19.69,0.0488
2090,W2C,5,12.6899,0.0,0,18.88,0.0473
2091,N2C,7,7.3355,10.0,2,32.66,0.155
2091,S2C,7,7.3681,11.0,3,32.52,0.1612
2091,E2C,4,12.1132,0.0,0,19.78,0.0496
2091,W2C,4,12.8239,0.0,0,18.68,0.0394
2092,N2C,7,7.0943,13.0,3,33.77,0.1665
2092,S2C,7,7.0961,14.0,3,33.76,0.1672
2092,E2C,4,12.1008,0.0,0,19.8,0.0498
2092,W2C,4,12.7242,0.0,0,18.83,0.0408
2093,N2C,7,6.5001,16.0,3,36.86,0.1771
2093,S2C,7,6.4979,17.0,3,36.87,0.1778
2093,E2C,4,12.2512,0.0,0,19.56,0.0476
2093,W2C,4,12.6829,0.0,0,18.89,0.0414
2094,N2C,8,6.943,19.0,3,34.51,0.1787
2094,S2C,8,6.9635,20.0,3,34.41,0.1791
2094,E2C,5,12.6412,0.0,0,18.95,0.048
2094,W2C,5,12.8636,0.0,0,18.63,0.0448
2095,N2C,8,6.195,22.0,3,38.68,0.1915
2095,S2C,8,6.5999,23.0,3,36.3,0.1863
2095,E2C,5,12.4914,0.0,0,19.18,0.0501
2095,W2C,5,12.3403,0.0,0,19.42,0.0523
2096,N2C,8,6.1525,26.0,4,38.94,0.2007
2096,S2C,8,6.383,26.0,3,37.54,0.1914
2096,E2C,5,12.5226,0.0,0,19.13,0.0497
2096,W2C,5,12.8259,0.0,0,18.68,0.0453
2097,N2C,8,6.4074,30.0,4,37.39,0.1997
2097,S2C,8,5.7133,29.0,3,41.94,0.2031
2097,E2C,4,12.6332,0.0,0,18.97,0.0421
2097,W2C,4,12.8793,0.0,0,18.6,0.0386
2098,N2C,9,7.1105,34.0,4,33.7,0.1983
2098,S2C,9,6.2101,33.0,4,38.58,0.2106
2098,E2C,4,12.7737,0.0,0,18.76,0.0401
2098,W2C,5,13.0638,0.0,0,18.34,0.0419
2099,N2C,9,6.9457,38.0,4,34.5,0.2033
2099,S2C,9,5.8784,37.0,4,40.76,0.218
2099,E2C,4,12.4817,0.0,0,19.2,0.0443
2099,W2C,4,12.7362,0.0,0,18.81,0.0406
2100,N2C,9,6.5445,42.0,4,36.61,0.2118
2100,S2C,9,5.7523,41.0,4,41.65,0.2225
2100,E2C,4,12.7517,0.0,0,18.79,0.0404
2100,W2C,4,12.7471,0.0,0,18.8,0.0405
2101,N2C,9,6.0876,46.0,4,39.36,0.221
2101,S2C,9,5.7283,45.0,4,41.83,0.2255
2101,E2C,4,12.3304,0.0,0,19.43,0.0465
2101,W2C,4,12.9607,0.0,0,18.49,0.0374
2102,N2C,9,5.6676,50.0,4,42.28,0.2297
2102,S2C,9,5.7109,50.0,5,41.95,0.2351
2102,E2C,4,12.8995,0.0,0,18.57,0.0383
2102,W2C,4,12.7754,0.0,0,18.75,0.04
2103,N2C,10,6.0884,54.0,4,39.35,0.2323
2103,S2C,10,6.2932,55.0,5,38.07,0.2361
2103,E2C,5,12.1444,0.0,0,19.73,0.0551
2103,W2C,4,12.9415,0.0,0,18.51,0.0377
2104,N2C,10,5.779,59.0,5,41.46,0.2461
2104,S2C,10,5.9965,60.0,5,39.96,0.2437
2104,E2C,5,12.3025,0.0,0,19.48,0.0529
2104,W2C,4,12.5556,0.0,0,19.08,0.0432
2105,N2C,10,4.8502,64.0,5,49.4,0.2628
2105,S2C,10,5.5242,65.0,5,43.37,0.2538
2105,E2C,5,11.8994,0.0,0,20.14,0.0587
2105,W2C,4,12.6779,0.0,0,18.9,0.0415
2106,N2C,10,4.4711,69.0,5,53.59,0.2716
2106,S2C,10,4.7117,70.0,5,50.85,0.2688
2106,E2C,5,12.4962,0.0,0,19.17,0.0501
2106,W2C,4,13.2656,0.0,0,18.06,0.033
2107,N2C,11,4.9323,75.0,6,48.58,0.281
2107,S2C,11,5.0826,76.0,6,47.14,0.2795
2107,E2C,4,12.51,0.0,0,19.15,0.0439
2107,W2C,4,13.3443,0.0,0,17.96,0.0319
2108,N2C,11,4.7741,81.0,6,50.19,0.2873
2108,S2C,11,4.7269,82.0,6,50.69,0.2886
2108,E2C,4,12.4649,0.0,0,19.22,0.0445
2108,W2C,4,13.0451,0.0,0,18.37,0.0362
2109,N2C,11,4.6923,88.0,7,51.06,0.2991
2109,S2C,11,4.7913,88.0,6,50.01,0.2917
2109,E2C,4,12.0553,0.0,0,19.88,0.0504
2109,W2C,4,12.9061,0.0,0,18.56,0.0382
2110,N2C,11,4.2731,95.0,7,56.07,0.3098
2110,S2C,11,4.2946,95.0,7,55.79,0.3095
2110,E2C,4,12.2324,0.0,0,19.59,0.0479
2110,W2C,4,13.1173,0.0,0,18.27,0.0351
2111,N2C,11,4.0053,102.0,7,59.82,0.3183
2111,S2C,11,4.0584,102.0,7,59.04,0.3176
2111,E2C,4,11.6175,0.0,0,20.62,0.0567
2111,W2C,4,13.0579,0.0,0,18.35,0.036
2112,N2C,12,4.4424,109.0,7,53.94,0.3227
2112,S2C,12,4.5046,109.0,7,53.19,0.3218
2112,E2C,5,11.3638,0.0,0,21.08,0.0664
2112,W2C,5,12.8747,0.0,0,18.61,0.0446
2113,N2C,10,4.8373,62.0,5,49.53,0.2617
2113,S2C,10,4.9758,62.0,5,48.15,0.2597
2113,E2C,5,10.2062,0.0,0,23.48,0.083
2113,W2C,5,11.9509,0.0,0,20.05,0.0579
2114,N2C,10,4.7554,26.0,4,50.38,0.2329
2114,S2C,10,4.8701,26.0,3,49.2,0.2252
2114,E2C,5,9.877,0.0,0,24.26,0.0878
2114,W2C,5,10.896,0.0,0,21.99,0.0731
2115,N2C,10,4.8264,9.0,2,49.64,0.2085
2115,S2C,10,4.9175,7.0,2,48.72,0.2059
2115,E2C,5,9.6384,0.0,0,24.86,0.0912
2115,W2C,5,9.985,0.0,0,24.0,0.0862
2116,N2C,9,6.3875,0.0,0,37.51,0.162
2116,S2C,10,6.3703,0.0,0,37.61,0.1683
2116,E2C,6,9.3494,1.0,1,25.63,0.108
2116,W2C,6,10.0949,0.0,0,23.73,0.0906
2117,N2C,9,6.9173,0.0,0,34.64,0.1544
2117,S2C,9,7.0829,0.0,0,33.83,0.152
2117,E2C,6,8.8406,2.0,1,27.1,0.116
2117,W2C,6,9.0863,1.0,1,26.37,0.1118
2118,N2C,8,7.7524,0.0,0,30.91,0.1364
2118,S2C,9,7.8024,0.0,0,30.71,0.1417
2118,E2C,6,8.2241,3.0,1,29.13,0.1256
2118,W2C,6,8.4718,2.0,1,28.28,0.1213
2119,N2C,7,8.6126,0.0,0,27.82,0.118
2119,S2C,7,8.6213,0.0,0,27.79,0.1179
2119,E2C,6,7.9284,5.0,2,30.22,0.1372
2119,W2C,6,8.4295,3.0,1,28.42,0.1226
2120,N2C,7,8.9838,0.0,0,26.67,0.1126
2120,S2C,7,9.1182,0.0,0,26.28,0.1107
2120,E2C,6,7.8458,7.0,2,30.54,0.1397
2120,W2C,6,7.8361,5.0,2,30.58,0.1385
2121,N2C,6,10.8715,0.0,0,22.04,0.0795
2121,S2C,6,11.0541,0.0,0,21.68,0.0768
2121,E2C,7,8.8956,9.0,2,26.93,0.1319
2121,W2C,7,7.7921,7.0,2,30.75,0.1465
2122,N2C,6,11.4682,0.0,0,20.89,0.0709
2122,S2C,6,11.5415,0.0,0,20.76,0.0698
2122,E2C,7,8.864,11.0,2,27.03,0.1337
2122,W2C,7,7.1251,9.0,2,33.63,0.1574
2123,N2C,4,12.7685,0.0,0,18.76,0.0401
2123,S2C,4,12.9835,0.0,0,18.45,0.0371
2123,E2C,7,8.8068,13.0,2,27.21,0.1359
2123,W2C,7,7.163,11.0,2,33.45,0.1582
2124,N2C,4,12.7047,0.0,0,18.86,0.0411
2124,S2C,4,12.6446,0.0,0,18.95,0.0419
2124,E2C,7,8.6446,15.0,2,27.72,0.1395
2124,W2C,7,6.5481,14.0,3,36.59,0.175
2125,N2C,5,12.7388,0.0,0,18.81,0.0466
2125,S2C,4,13.2036,0.0,0,18.15,0.0339
2125,E2C,8,8.4239,17.0,2,28.44,0.15
2125,W2C,8,6.8686,17.0,3,34.88,0.1784
2126,N2C,5,12.7995,0.0,0,18.72,0.0457
2126,S2C,4,12.8324,0.0,0,18.67,0.0392
2126,E2C,8,7.1713,19.0,2,33.41,0.1694
2126,W2C,8,6.3245,20.0,3,37.88,0.1883
2127,N2C,4,12.7917,0.0,0,18.73,0.0398
2127,S2C,4,13.0723,0.0,0,18.33,0.0358
2127,E2C,8,6.3096,21.0,2,37.97,0.1831
2127,W2C,8,6.2675,23.0,3,38.23,0.1911
2128,N2C,4,12.3568,0.0,0,19.39,0.0461
2128,S2C,4,12.9811,0.0,0,18.46,0.0371
2128,E2C,8,6.1406,24.0,3,39.02,0.1936
2128,W2C,8,6.3522,27.0,4,37.72,0.1985
2129,N2C,4,12.7171,0.0,0,18.84,0.0409
2129,S2C,4,12.9159,0.0,0,18.55,0.038
2129,E2C,8,5.6449,28.0,4,42.45,0.2094
2129,W2C,8,6.1518,31.0,4,38.95,0.2041
2130,N2C,5,12.769,0.0,0,18.76,0.0461
2130,S2C,4,12.9088,0.0,0,18.56,0.0381
2130,E2C,9,6.012,32.0,4,39.85,0.2128
2130,W2C,9,7.0825,35.0,4,33.83,0.1994
2131,N2C,5,12.8673,0.0,0,18.62,0.0447
2131,S2C,4,12.917,0.0,0,18.55,0.038
2131,E2C,9,5.6523,36.0,4,42.39,0.2206
2131,W2C,9,6.9278,39.0,4,34.59,0.2042
2132,N2C,4,12.9165,0.0,0,18.55,0.038
2132,S2C,4,12.8947,0.0,0,18.58,0.0383
2132,E2C,9,5.5812,41.0,5,42.93,0.231
2132,W2C,9,6.2806,43.0,4,38.15,0.2162
2133,N2C,4,12.6282,0.0,0,18.97,0.0422
2133,S2C,4,12.9866,0.0,0,18.45,0.037
2133,E2C,9,5.6095,46.0,5,42.71,0.2339
2133,W2C,9,5.5709,47.0,4,43.01,0.2291
2134,N2C,4,13.0699,0.0,0,18.33,0.0358
2134,S2C,5,12.7324,0.0,0,18.82,0.0467
2134,E2C,10,5.7883,51.0,5,41.39,0.2407
2134,W2C,10,5.6413,51.0,4,42.47,0.2368
2135,N2C,4,12.9219,0.0,0,18.54,0.0379
2135,S2C,5,12.9418,0.0,0,18.51,0.0437
2135,E2C,10,5.6927,56.0,5,42.09,0.2454
2135,W2C,10,5.0559,56.0,5,47.39,0.2545
2136,N2C,4,13.0509,0.0,0,18.36,0.0361
2136,S2C,4,12.5457,0.0,0,19.1,0.0434
2136,E2C,10,5.3595,61.0,5,44.71,0.2535
2136,W2C,10,5.1885,62.0,6,46.18,0.2626
2137,N2C,4,12.7343,0.0,0,18.82,0.0406
2137,S2C,4,13.0025,0.0,0,18.43,0.0368
2137,E2C,10,4.6444,66.0,5,51.59,0.2671
2137,W2C,10,5.214,68.0,6,45.95,0.2663
2138,N2C,4,12.7399,0.0,0,18.81,0.0406
2138,S2C,4,13.1178,0.0,0,18.27,0.0351
2138,E2C,10,4.0795,72.0,6,58.73,0.2853
2138,W2C,10,5.0188,74.0,6,47.74,0.2731
2139,N2C,4,13.1846,0.0,0,18.17,0.0342
2139,S2C,5,13.1053,0.0,0,18.28,0.0413
2139,E2C,11,4.561,78.0,6,52.53,0.2883
2139,W2C,11,5.3656,80.0,6,44.66,0.2781
2140,N2C,4,12.7928,0.0,0,18.73,0.0398
2140,S2C,4,12.7266,0.0,0,18.83,0.0408
2140,E2C,11,4.3988,84.0,6,54.47,0.2947
2140,W2C,11,4.739,86.0,6,50.56,0.2911
2141,N2C,4,12.8361,0.0,0,18.67,0.0392
2141,S2C,4,12.8493,0.0,0,18.65,0.039
2141,E2C,11,4.3438,90.0,6,55.16,0.2995
2141,W2C,11,4.3524,93.0,7,55.05,0.3073
2142,N2C,4,12.9101,0.0,0,18.56,0.0381
2142,S2C,4,13.4667,0.0,0,17.79,0.0301
2142,E2C,11,4.0423,97.0,7,59.27,0.3145
2142,W2C,11,3.9731,100.0,7,60.31,0.3175
2143,N2C,4,12.8063,0.0,0,18.71,0.0396
2143,S2C,4,12.7548,0.0,0,18.79,0.0403
2143,E2C,12,4.448,104.0,7,53.87,0.3193
2143,W2C,12,4.5141,107.0,7,53.08,0.3203
2144,N2C,4,12.3539,0.0,0,19.39,0.0461
2144,S2C,4,12.9592,0.0,0,18.49,0.0374
2144,E2C,12,4.1699,111.0,7,57.46,0.328
2144,W2C,12,4.2352,114.0,7,56.57,0.329
2145,N2C,5,11.3211,0.0,0,21.16,0.067
2145,S2C,4,12.6939,0.0,0,18.88,0.0412
2145,E2C,12,3.9534,118.0,7,60.61,0.3357
2145,W2C,12,4.2193,122.0,8,56.79,0.3406
2146,N2C,5,10.2191,0.0,0,23.45,0.0829
2146,S2C,4,12.6825,0.0,0,18.89,0.0414
2146,E2C,10,4.1465,67.0,6,57.78,0.281
2146,W2C,10,4.6446,73.0,6,51.59,0.2778
2147,N2C,5,10.011,1.0,1,23.93,0.0925
2147,S2C,4,12.0207,0.0,0,19.93,0.0509
2147,E2C,10,4.0493,34.0,4,59.17,0.2484
2147,W2C,10,4.6273,35.0,4,51.78,0.2407
2148,N2C,6,9.8639,2.0,1,24.29,0.1013
2148,S2C,5,11.8219,0.0,0,20.27,0.0598
2148,E2C,11,5.4709,10.0,2,43.8,0.2059
2148,W2C,11,5.6444,12.0,2,42.45,0.2047
2149,N2C,6,8.7634,3.0,1,27.34,0.1178
2149,S2C,5,10.7573,0.0,0,22.27,0.0751
2149,E2C,9,6.6696,1.0,1,35.92,0.1646
2149,W2C,9,6.2427,1.0,1,38.38,0.1708
2150,N2C,6,8.5818,4.0,1,27.92,0.1211
2150,S2C,5,10.2189,0.0,0,23.45,0.0829
2150,E2C,9,7.2648,0.0,0,32.98,0.1494
2150,W2C,9,6.5477,0.0,0,36.59,0.1597
2151,N2C,6,7.7441,5.0,1,30.94,0.1338
2151,S2C,5,9.4878,0.0,0,25.25,0.0934
2151,E2C,7,8.3974,0.0,0,28.53,0.1211
2151,W2C,8,7.1709,0.0,0,33.41,0.1447
2152,N2C,7,8.0918,7.0,2,29.61,0.1422
2152,S2C,6,10.1284,1.0,1,23.66,0.0968
2152,E2C,8,9.8498,0.0,0,24.33,0.1062
2152,W2C,8,8.9489,0.0,0,26.77,0.1191
2153,N2C,7,7.4466,9.0,2,32.18,0.1528
2153,S2C,6,9.5423,2.0,1,25.11,0.1059
2153,E2C,7,10.7598,0.0,0,22.27,0.0871
2153,W2C,7,9.8906,0.0,0,24.23,0.0996
2154,N2C,7,7.189,11.0,2,33.33,0.1578
2154,S2C,6,8.8993,3.0,1,26.92,0.1159
2154,E2C,6,11.7842,0.0,0,20.33,0.0663
2154,W2C,6,11.1067,0.0,0,21.57,0.0761
2155,N2C,7,7.0478,13.0,2,34.0,0.1612
2155,S2C,6,8.4331,4.0,1,28.41,0.1232
2155,E2C,5,12.3563,0.0,0,19.39,0.0521
2155,W2C,5,11.6465,0.0,0,20.57,0.0623
2156,N2C,7,6.7363,16.0,3,35.57,0.1737
2156,S2C,6,8.1771,6.0,2,29.3,0.1343
2156,E2C,5,12.2885,0.0,0,19.5,0.0531
2156,W2C,4,12.4742,0.0,0,19.21,0.0444
2157,N2C,8,6.8904,19.0,3,34.77,0.1795
2157,S2C,7,8.2228,8.0,2,29.14,0.1409
2157,E2C,5,13.3358,0.0,0,17.97,0.038
2157,W2C,4,12.5257,0.0,0,19.13,0.0436
2158,N2C,8,6.3416,22.0,3,37.78,0.1894
2158,S2C,7,7.3524,10.0,2,32.59,0.1548
2158,E2C,5,13.0026,0.0,0,18.43,0.0428
2158,W2C,4,12.6654,0.0,0,18.92,0.0416
2159,N2C,8,6.1461,25.0,3,38.98,0.1942
2159,S2C,7,6.9314,12.0,2,34.57,0.1622
2159,E2C,4,13.2481,0.0,0,18.09,0.0332
2159,W2C,4,12.4428,0.0,0,19.26,0.0448
2160,N2C,8,6.339,29.0,4,37.8,0.2001
2160,S2C,7,7.015,14.0,2,34.16,0.1623
2160,E2C,4,13.3273,0.0,0,17.98,0.0321
2160,W2C,4,12.4728,0.0,0,19.21,0.0444
2161,N2C,9,6.8662,33.0,4,34.9,0.2011
2161,S2C,8,7.6351,17.0,3,31.38,0.1674
2161,E2C,4,13.0314,0.0,0,18.39,0.0364
2161,W2C,5,12.5186,0.0,0,19.14,0.0497
2162,N2C,9,6.8095,37.0,4,35.19,0.2046
2162,S2C,8,7.2164,20.0,3,33.2,0.1754
2162,E2C,4,12.9658,0.0,0,18.48,0.0373
2162,W2C,5,12.4454,0.0,0,19.25,0.0508
2163,N2C,9,6.7426,41.0,4,35.54,0.2082
2163,S2C,8,6.3795,23.0,3,37.56,0.1895
2163,E2C,4,12.9331,0.0,0,18.53,0.0378
2163,W2C,4,12.3908,0.0,0,19.34,0.0456
2164,N2C,9,6.6571,45.0,4,35.99,0.2121
2164,S2C,8,6.3007,26.0,3,38.03,0.1926
2164,E2C,4,12.6331,0.0,0,18.97,0.0421
2164,W2C,4,13.1733,0.0,0,18.19,0.0343
2165,N2C,9,5.8303,49.0,4,41.1,0.2267
2165,S2C,8,5.852,30.0,4,40.94,0.2077
2165,E2C,4,12.5098,0.0,0,19.15,0.0439
2165,W2C,4,12.6992,0.0,0,18.87,0.0411
2166,N2C,10,5.8795,53.0,4,40.75,0.2347
2166,S2C,9,6.2011,34.0,4,38.64,0.2114
2166,E2C,4,12.7023,0.0,0,18.86,0.0411
2166,W2C,5,12.8126,0.0,0,18.7,0.0455
2167,N2C,10,5.1597,57.0,4,46.44,0.2477
2167,S2C,9,5.9385,38.0,4,40.35,0.2178
2167,E2C,4,12.6611,0.0,0,18.92,0.0417
2167,W2C,5,12.8109,0.0,0,18.7,0.0455
2168,N2C,10,4.6064,62.0,5,52.01,0.265
2168,S2C,9,5.4288,43.0,5,44.13,0.2345
2168,E2C,4,12.5239,0.0,0,19.13,0.0437
2168,W2C,4,13.1394,0.0,0,18.24,0.0348
2169,N2C,10,4.0877,67.0,5,58.62,0.2758
2169,S2C,9,4.8798,48.0,5,49.1,0.2457
2169,E2C,4,12.423,0.0,0,19.29,0.0451
2169,W2C,4,13.1173,0.0,0,18.27,0.0351
2170,N2C,11,4.7999,73.0,6,49.92,0.2816
2170,S2C,10,5.2814,53.0,5,45.37,0.2493
2170,E2C,4,12.5377,0.0,0,19.11,0.0435
2170,W2C,4,12.9438,0.0,0,18.51,0.0376
2171,N2C,11,4.4655,80.0,7,53.66,0.297
2171,S2C,10,4.9695,58.0,5,48.21,0.2571
2171,E2C,4,12.6238,0.0,0,18.98,0.0422
2171,W2C,4,12.9054,0.0,0,18.57,0.0382
2172,N2C,11,4.3356,87.0,7,55.26,0.3036
2172,S2C,10,4.864,64.0,6,49.26,0.2686
2172,E2C,4,12.6775,0.0,0,18.9,0.0415
2172,W2C,4,12.8883,0.0,0,18.59,0.0384
2173,N2C,11,4.1377,94.0,7,57.91,0.3111
2173,S2C,10,5.0111,70.0,6,47.81,0.2705
2173,E2C,4,12.3889,0.0,0,19.34,0.0456
2173,W2C,4,13.1673,0.0,0,18.2,0.0344
2174,N2C,11,3.6758,101.0,7,65.18,0.3224
2174,S2C,10,4.8951,76.0,6,48.95,0.2762
2174,E2C,4,12.4898,0.0,0,19.18,0.0442
2174,W2C,4,13.0396,0.0,0,18.37,0.0362
2175,N2C,12,4.2656,108.0,7,56.17,0.3246
2175,S2C,11,5.6056,82.0,6,42.74,0.276
2175,E2C,5,12.6568,0.0,0,18.93,0.0478
2175,W2C,5,12.6481,0.0,0,18.94,0.0479
2176,N2C,12,4.1392,116.0,8,57.89,0.3377
2176,S2C,11,5.3527,88.0,6,44.76,0.2836
2176,E2C,4,12.3858,0.0,0,19.34,0.0457
2176,W2C,5,11.9158,0.0,0,20.11,0.0584
2177,N2C,12,4.1598,124.0,8,57.6,0.3428
2177,S2C,11,4.9096,94.0,6,48.8,0.294
2177,E2C,4,12.5885,0.0,0,19.03,0.0427
2177,W2C,5,10.8448,0.0,0,22.09,0.0738
2178,N2C,12,4.0668,132.0,8,58.92,0.3494
2178,S2C,11,4.1622,100.0,6,57.57,0.3087
2178,E2C,4,12.406,0.0,0,19.31,0.0454
2178,W2C,5,9.7293,0.0,0,24.63,0.0899
2179,N2C,11,5.5457,79.0,6,43.2,0.2748
2179,S2C,10,5.58,55.0,5,42.94,0.2463
2179,E2C,5,12.9513,0.0,0,18.5,0.0435
2179,W2C,6,9.6379,0.0,0,24.86,0.0972
2180,N2C,11,5.7925,39.0,4,41.36,0.2326
2180,S2C,10,5.2783,24.0,3,45.39,0.218
2180,E2C,5,11.7507,0.0,0,20.39,0.0608
2180,W2C,6,9.1562,0.0,0,26.17,0.1042
2181,N2C,11,5.9808,17.0,2,40.06,0.2032
2181,S2C,10,5.7987,3.0,1,41.32,0.1845
2181,E2C,5,10.9632,0.0,0,21.85,0.0721
2181,W2C,6,8.4709,1.0,1,28.29,0.1207
2182,N2C,9,6.1549,0.0,0,38.93,0.1654
2182,S2C,8,6.4149,0.0,0,37.35,0.1556
2182,E2C,5,10.563,0.0,0,22.68,0.0779
2182,W2C,6,8.3137,3.0,2,28.82,0.1303
2183,N2C,9,6.4085,0.0,0,37.39,0.1617
2183,S2C,8,7.0624,0.0,0,33.93,0.1463
2183,E2C,5,10.381,1.0,1,23.08,0.0872
2183,W2C,6,7.6258,5.0,2,31.42,0.1415
2184,N2C,9,7.7649,0.0,0,30.86,0.1422
2184,S2C,8,8.1986,0.0,0,29.22,0.1299
2184,E2C,6,10.273,2.0,1,23.32,0.0954
2184,W2C,7,8.1053,7.0,2,29.56,0.142
2185,N2C,8,8.413,0.0,0,28.48,0.1269
2185,S2C,7,9.1536,0.0,0,26.18,0.1102
2185,E2C,6,9.3398,3.0,1,25.65,0.1095
2185,W2C,7,7.4669,9.0,2,32.09,0.1525
2186,N2C,8,9.4547,0.0,0,25.34,0.1119
2186,S2C,7,10.2224,0.0,0,23.44,0.0948
2186,E2C,6,8.8968,4.0,1,26.93,0.1166
2186,W2C,7,7.2467,11.0,2,33.06,0.157
2187,N2C,6,10.5691,0.0,0,22.67,0.0838
2187,S2C,5,11.4576,0.0,0,20.91,0.065
2187,E2C,6,8.4896,5.0,1,28.22,0.1231
2187,W2C,7,6.6626,14.0,3,35.96,0.1734
2188,N2C,7,11.3703,0.0,0,21.07,0.0783
2188,S2C,5,12.6103,0.0,0,19.0,0.0484
2188,E2C,7,7.9758,6.0,1,30.04,0.1372
2188,W2C,8,6.8846,17.0,3,34.8,0.1782
2189,N2C,5,12.64,0.0,0,18.96,0.048
2189,S2C,5,12.3572,0.0,0,19.39,0.0521
2189,E2C,7,7.4319,8.0,2,32.24,0.1523
2189,W2C,8,6.2253,20.0,3,38.49,0.1897
2190,N2C,4,12.9594,0.0,0,18.49,0.0374
2190,S2C,4,12.8103,0.0,0,18.7,0.0395
2190,E2C,7,7.0156,10.0,2,34.15,0.1597
2190,W2C,8,6.442,24.0,4,37.19,0.1952
2191,N2C,4,13.3115,0.0,0,18.0,0.0323
2191,S2C,4,12.679,0.0,0,18.9,0.0414
2191,E2C,7,6.963,12.0,2,34.41,0.1617
2191,W2C,8,6.1533,28.0,4,38.94,0.2021
2192,N2C,4,13.2071,0.0,0,18.14,0.0338
2192,S2C,4,12.6876,0.0,0,18.88,0.0413
2192,E2C,7,6.0788,15.0,3,39.42,0.1825
2192,W2C,8,6.1322,32.0,4,39.07,0.205
2193,N2C,4,13.114,0.0,0,18.27,0.0352
2193,S2C,5,12.97,0.0,0,18.47,0.0432
2193,E2C,8,6.5818,18.0,3,36.4,0.1832
2193,W2C,9,7.057,36.0,4,33.95,0.2004
2194,N2C,4,13.2669,0.0,0,18.06,0.033
2194,S2C,5,12.5419,0.0,0,19.1,0.0494
2194,E2C,8,6.1169,21.0,3,39.17,0.1919
2194,W2C,9,6.9765,40.0,4,34.34,0.2042
2195,N2C,4,13.407,0.0,0,17.87,0.031
2195,S2C,4,12.7318,0.0,0,18.82,0.0407
2195,E2C,8,5.7584,24.0,3,41.61,0.1991
2195,W2C,9,6.7647,44.0,4,35.42,0.2099
2196,N2C,4,13.1737,0.0,0,18.19,0.0343
2196,S2C,4,12.7711,0.0,0,18.76,0.0401
2196,E2C,8,5.171,27.0,3,46.34,0.2095
2196,W2C,9,5.8297,48.0,4,41.1,0.2261
2197,N2C,5,13.0584,0.0,0,18.35,0.042
2197,S2C,5,13.249,0.0,0,18.08,0.0392
2197,E2C,9,5.5933,31.0,4,42.84,0.2181
2197,W2C,10,6.0474,52.0,4,39.62,0.2316
2198,N2C,4,13.0435,0.0,0,18.37,0.0362
2198,S2C,4,12.9737,0.0,0,18.47,0.0372
2198,E2C,9,5.2103,35.0,4,45.99,0.2263
2198,W2C,10,5.2834,56.0,4,45.35,0.2453
2199,N2C,4,12.7878,0.0,0,18.74,0.0399
2199,S2C,4,13.0978,0.0,0,18.29,0.0354
2199,E2C,9,5.147,39.0,4,46.55,0.2299
2199,W2C,10,5.1668,62.0,6,46.37,0.2629
2200,N2C,4,12.9103,0.0,0,18.56,0.0381
2200,S2C,4,13.1219,0.0,0,18.26,0.0351
2200,E2C,9,5.1008,43.0,4,46.97,0.2332
2200,W2C,10,4.8253,68.0,6,49.66,0.2719
2201,N2C,4,12.636,0.0,0,18.96,0.0421
2201,S2C,4,13.1532,0.0,0,18.22,0.0346
2201,E2C,9,4.9299,48.0,5,48.6,0.245
2201,W2C,10,4.3798,74.0,6,54.71,0.2823
2202,N2C,4,12.1002,0.0,0,19.8,0.0498
2202,S2C,3,13.2441,0.0,0,18.09,0.0273
2202,E2C,10,5.7392,53.0,5,41.75,0.2427
2202,W2C,11,4.8019,80.0,6,49.9,0.2862
2203,N2C,4,11.9638,0.0,0,20.03,0.0517
2203,S2C,4,13.3227,0.0,0,17.98,0.0322
2203,E2C,10,5.8632,58.0,5,40.87,0.2442
2203,W2C,11,4.657,87.0,7,51.45,0.2989
2204,N2C,4,11.3381,0.0,0,21.13,0.0607
2204,S2C,4,12.8268,0.0,0,18.68,0.0393
2204,E2C,10,5.3242,63.0,5,45.0,0.2553
2204,W2C,11,4.4673,94.0,7,53.63,0.3063
2205,N2C,4,11.5414,0.0,0,20.76,0.0578
2205,S2C,4,13.0705,0.0,0,18.33,0.0358
2205,E2C,10,4.7008,68.0,5,50.97,0.2676
2205,W2C,11,3.9876,101.0,7,60.09,0.3179
2206,N2C,4,11.7458,0.0,0,20.4,0.0549
2206,S2C,5,13.1826,0.0,0,18.18,0.0402
2206,E2C,11,5.342,73.0,5,44.85,0.2677
2206,W2C,12,4.3006,108.0,7,55.71,0.3241
2207,N2C,4,11.7127,0.0,0,20.46,0.0554
2207,S2C,4,12.8395,0.0,0,18.66,0.0391
2207,E2C,11,5.2518,79.0,6,45.62,0.279
2207,W2C,12,4.1694,115.0,7,57.47,0.3306
2208,N2C,4,11.9347,0.0,0,20.08,0.0522
2208,S2C,4,13.1123,0.0,0,18.27,0.0352
2208,E2C,11,5.2265,85.0,6,45.84,0.2834
2208,W2C,12,4.0698,122.0,7,58.87,0.3367
2209,N2C,4,11.8525,0.0,0,20.22,0.0533
2209,S2C,4,13.3531,0.0,0,17.94,0.0317
2209,E2C,11,4.9241,91.0,6,48.66,0.2918
2209,W2C,12,3.7472,130.0,8,63.94,0.3527
2210,N2C,4,11.5153,0.0,0,20.81,0.0582
2210,S2C,4,12.9219,0.0,0,18.54,0.0379
2210,E2C,11,4.2198,97.0,6,56.78,0.3059
2210,W2C,12,3.548,138.0,8,67.53,0.3609
2211,N2C,5,10.7768,0.0,0,22.23,0.0748
2211,S2C,5,12.1968,0.0,0,19.64,0.0544
2211,E2C,12,4.3271,103.0,6,55.37,0.3144
2211,W2C,13,3.8413,146.0,8,62.37,0.368
2212,N2C,5,9.8108,0.0,0,24.42,0.0887
2212,S2C,5,10.9727,0.0,0,21.84,0.072
2212,E2C,10,4.902,55.0,4,48.88,0.2501
2212,W2C,11,4.2317,92.0,7,56.62,0.3084
2213,N2C,5,9.6408,0.0,0,24.85,0.0912
2213,S2C,5,10.3151,0.0,0,23.23,0.0815
2213,E2C,10,5.1291,21.0,3,46.71,0.2181
2213,W2C,11,4.2714,48.0,5,56.09,0.2665
2214,N2C,5,9.1535,1.0,1,26.18,0.1049
2214,S2C,5,10.3358,1.0,1,23.18,0.0878
2214,E2C,10,5.4915,2.0,1,43.63,0.1883
2214,W2C,11,4.1879,21.0,3,57.21,0.2377
2215,N2C,6,9.7518,2.0,1,24.57,0.1029
2215,S2C,6,10.0096,2.0,1,23.94,0.0992
2215,E2C,9,7.1354,0.0,0,33.58,0.1513
2215,W2C,11,5.5131,4.0,1,43.46,0.1953
2216,N2C,6,9.4032,3.0,1,25.48,0.1086
2216,S2C,6,9.1183,3.0,1,26.28,0.1127
2216,E2C,9,7.0654,0.0,0,33.91,0.1523
2216,W2C,10,6.3864,0.0,0,37.52,0.168
2217,N2C,6,8.8258,4.0,1,27.15,0.1176
2217,S2C,6,8.5932,4.0,1,27.88,0.1209
2217,E2C,8,7.857,0.0,0,30.5,0.1349
2217,W2C,9,7.3126,0.0,0,32.77,0.1487
2218,N2C,6,8.0841,5.0,1,29.64,0.1289
2218,S2C,6,8.5547,6.0,2,28.01,0.1288
2218,E2C,7,8.8047,0.0,0,27.21,0.1152
2218,W2C,8,7.8848,0.0,0,30.39,0.1345
2219,N2C,6,7.6585,6.0,1,31.29,0.1357
2219,S2C,6,8.3745,8.0,2,28.61,0.1327
2219,E2C,7,9.4757,0.0,0,25.29,0.1056
2219,W2C,7,8.4773,0.0,0,28.26,0.1199
2220,N2C,7,8.6069,8.0,2,27.84,0.1354
2220,S2C,7,8.2451,10.0,2,29.06,0.1419
2220,E2C,6,11.4656,0.0,0,20.9,0.0709
2220,W2C,7,9.579,0.0,0,25.01,0.1041
2221,N2C,7,8.423,10.0,2,28.45,0.1394
2221,S2C,7,7.5834,12.0,2,31.6,0.1528
2221,E2C,6,11.3797,0.0,0,21.06,0.0721
2221,W2C,7,9.9181,0.0,0,24.16,0.0992
2222,N2C,7,8.4172,12.0,2,28.47,0.1408
2222,S2C,7,7.0294,14.0,2,34.09,0.1621
2222,E2C,5,12.019,0.0,0,19.94,0.0569
2222,W2C,5,10.7825,0.0,0,22.22,0.0747
2223,N2C,7,7.8439,14.0,2,30.55,0.1504
2223,S2C,7,6.7205,17.0,3,35.65,0.1746
2223,E2C,4,12.1341,0.0,0,19.75,0.0493
2223,W2C,5,11.3464,0.0,0,21.12,0.0666
2224,N2C,8,8.1222,16.0,2,29.5,0.1537
2224,S2C,8,6.8649,20.0,3,34.9,0.1805
2224,E2C,5,12.1594,0.0,0,19.7,0.0549
2224,W2C,5,12.1795,0.0,0,19.67,0.0546
2225,N2C,8,7.5099,18.0,2,31.9,0.1639
2225,S2C,8,6.4624,23.0,3,37.08,0.1883
2225,E2C,5,12.1877,0.0,0,19.66,0.0545
2225,W2C,5,12.1524,0.0,0,19.72,0.055
2226,N2C,8,7.4313,20.0,2,32.24,0.1663
2226,S2C,8,6.1396,26.0,3,39.03,0.1949
2226,E2C,5,12.1094,0.0,0,19.79,0.0556
2226,W2C,5,11.7007,0.0,0,20.48,0.0615
2227,N2C,8,7.4048,23.0,3,32.36,0.1747
2227,S2C,8,6.1507,30.0,4,38.95,0.2034
2227,E2C,4,11.9638,0.0,0,20.03,0.0517
2227,W2C,5,11.7229,0.0,0,20.44,0.0612
2228,N2C,8,6.9222,26.0,3,34.61,0.1837
2228,S2C,8,5.3576,34.0,4,44.72,0.2175
2228,E2C,4,12.3238,0.0,0,19.44,0.0466
2228,W2C,4,12.5026,0.0,0,19.16,0.044
2229,N2C,9,6.9565,29.0,3,34.44,0.1912
2229,S2C,9,5.9198,38.0,4,40.47,0.2181
2229,E2C,5,12.5314,0.0,0,19.12,0.0496
2229,W2C,4,11.7582,0.0,0,20.38,0.0547
2230,N2C,9,6.22,32.0,3,38.52,0.2038
2230,S2C,9,5.4921,42.0,4,43.63,0.2269
2230,E2C,4,12.14,0.0,0,19.74,0.0492
2230,W2C,4,11.1633,0.0,0,21.46,0.0633
2231,N2C,9,5.9733,36.0,4,40.11,0.216
2231,S2C,9,5.4501,47.0,5,43.96,0.2369
2231,E2C,4,12.4119,0.0,0,19.3,0.0453
2231,W2C,4,11.6695,0.0,0,20.53,0.056
2232,N2C,9,5.82,40.0,4,41.17,0.2209
2232,S2C,9,5.2895,52.0,5,45.3,0.2425
2232,E2C,4,12.3233,0.0,0,19.44,0.0466
2232,W2C,4,11.6186,0.0,0,20.62,0.0567
2233,N2C,10,6.2463,45.0,5,38.36,0.2301
2233,S2C,10,5.6208,57.0,5,42.63,0.2471
2233,E2C,5,12.2972,0.0,0,19.48,0.0529
2233,W2C,5,11.7492,0.0,0,20.39,0.0608
2234,N2C,10,6.0362,50.0,5,39.69,0.2364
2234,S2C,10,5.2512,62.0,5,45.63,0.2557
2234,E2C,5,12.1852,0.0,0,19.66,0.0545
2234,W2C,5,12.1353,0.0,0,19.74,0.0553
2235,N2C,10,5.6631,55.0,5,42.31,0.2451
2235,S2C,10,4.8948,67.0,5,48.95,0.2642
2235,E2C,4,11.8884,0.0,0,20.15,0.0528
2235,W2C,5,12.0905,0.0,0,19.82,0.0559
2236,N2C,10,4.9338,60.0,5,48.56,0.259
2236,S2C,10,4.9297,73.0,6,48.6,0.2737
2236,E2C,4,11.996,0.0,0,19.97,0.0513
2236,W2C,4,11.8655,0.0,0,20.19,0.0532
2237,N2C,10,4.2948,66.0,6,55.79,0.2782
2237,S2C,10,4.7609,79.0,6,50.33,0.2801
2237,E2C,4,11.8097,0.0,0,20.29,0.054
2237,W2C,4,12.1962,0.0,0,19.65,0.0484
2238,N2C,11,4.6808,73.0,7,51.19,0.2893
2238,S2C,11,5.5004,85.0,6,43.56,0.2795
2238,E2C,5,12.2695,0.0,0,19.53,0.0533
2238,W2C,5,11.6578,0.0,0,20.55,0.0621
2239,N2C,11,4.6583,80.0,7,51.44,0.2943
2239,S2C,11,5.3642,91.0,6,44.67,0.2854
2239,E2C,4,12.2522,0.0,0,19.56,0.0476
2239,W2C,5,11.7157,0.0,0,20.45,0.0613
2240,N2C,11,4.2082,87.0,7,56.94,0.3054
2240,S2C,11,4.9984,97.0,6,47.94,0.2947
2240,E2C,4,11.8294,0.0,0,20.25,0.0537
2240,W2C,5,11.9102,0.0,0,20.12,0.0585
2241,N2C,11,3.9818,94.0,7,60.17,0.3133
2241,S2C,11,4.2138,103.0,6,56.86,0.31
2241,E2C,4,12.4804,0.0,0,19.2,0.0443
2241,W2C,4,12.0398,0.0,0,19.9,0.0506
2242,N2C,12,4.1372,101.0,7,57.91,0.3218
2242,S2C,12,4.9267,109.0,6,48.63,0.3097
2242,E2C,5,12.3016,0.0,0,19.48,0.0529
2242,W2C,4,11.9793,0.0,0,20.0,0.0515
2243,N2C,12,4.0981,108.0,7,58.47,0.327
2243,S2C,12,4.4464,115.0,6,53.89,0.3206
2243,E2C,5,12.3681,0.0,0,19.37,0.0519
2243,W2C,4,11.9319,0.0,0,20.08,0.0522
2244,N2C,12,3.9939,116.0,8,59.99,0.3398
2244,S2C,12,4.002,122.0,7,59.87,0.3377
2244,E2C,5,12.0557,0.0,0,19.87,0.0564
2244,W2C,4,11.7052,0.0,0,20.47,0.0555
2245,N2C,10,4.2194,66.0,6,56.78,0.2792
2245,S2C,10,4.4179,70.0,6,54.23,0.2791
2245,E2C,5,11.3288,0.0,0,21.15,0.0669
2245,W2C,4,11.7202,0.0,0,20.44,0.0552
2246,N2C,10,4.2017,36.0,4,57.02,0.2475
2246,S2C,10,4.1972,32.0,4,57.09,0.2449
2246,E2C,5,9.7373,0.0,0,24.61,0.0898
2246,W2C,4,11.6601,0.0,0,20.55,0.0561
2247,N2C,11,5.2089,15.0,3,46.0,0.219
2247,S2C,11,5.2642,7.0,2,45.52,0.2069
2247,E2C,6,9.9286,0.0,0,24.13,0.093
2247,W2C,5,11.6908,0.0,0,20.49,0.0617
2248,N2C,9,5.8512,2.0,1,40.95,0.1771
2248,S2C,10,6.1272,1.0,1,39.1,0.1784
2248,E2C,6,8.9419,0.0,0,26.8,0.1072
2248,W2C,5,11.8159,0.0,0,20.28,0.0599
2249,N2C,9,6.2569,0.0,0,38.29,0.1639
2249,S2C,9,6.9834,0.0,0,34.31,0.1534
2249,E2C,6,8.4316,1.0,1,28.42,0.1213
2249,W2C,5,11.391,0.0,0,21.03,0.066
2250,N2C,8,6.8943,0.0,0,34.75,0.1487
2250,S2C,8,7.4742,0.0,0,32.06,0.1404
2250,E2C,6,8.4291,2.0,1,28.43,0.122
2250,W2C,5,11.6556,0.0,0,20.56,0.0622
2251,N2C,8,8.3161,0.0,0,28.81,0.1283
2251,S2C,8,9.0143,0.0,0,26.58,0.1182
2251,E2C,7,8.9523,4.0,2,26.76,0.1278
2251,W2C,6,11.3797,0.0,0,21.06,0.0721
2252,N2C,7,9.2601,0.0,0,25.87,0.1087
2252,S2C,8,9.3267,0.0,0,25.69,0.1137
2252,E2C,7,8.897,6.0,2,26.93,0.1299
2252,W2C,6,10.6346,0.0,0,22.53,0.0829
2253,N2C,6,10.6357,0.0,0,22.53,0.0829
2253,S2C,6,10.6287,0.0,0,22.54,0.083
2253,E2C,7,8.514,8.0,2,28.14,0.1367
2253,W2C,6,9.2398,0.0,0,25.93,0.103
2254,N2C,5,10.9686,0.0,0,21.84,0.0721
2254,S2C,6,11.0785,0.0,0,21.63,0.0765
2254,E2C,7,7.3862,10.0,2,32.44,0.1543
2254,W2C,6,8.4118,0.0,0,28.48,0.1149
2255,N2C,4,11.3823,0.0,0,21.05,0.0601
2255,S2C,4,12.6416,0.0,0,18.95,0.042
2255,E2C,7,6.9377,12.0,2,34.54,0.1621
2255,W2C,6,8.4939,1.0,1,28.21,0.1204
2256,N2C,5,12.5834,0.0,0,19.04,0.0488
2256,S2C,5,12.6189,0.0,0,18.99,0.0483
2256,E2C,8,7.3469,14.0,2,32.61,0.1635
2256,W2C,7,8.7843,3.0,2,27.28,0.1295
2257,N2C,5,11.9158,0.0,0,20.11,0.0584
2257,S2C,5,12.9821,0.0,0,18.46,0.0431
2257,E2C,8,6.4886,17.0,3,36.93,0.1839
2257,W2C,7,8.7915,5.0,2,27.25,0.1307
2258,N2C,5,12.1917,0.0,0,19.65,0.0545
2258,S2C,5,12.8027,0.0,0,18.71,0.0457
2258,E2C,8,6.3076,20.0,3,37.99,0.1885
2258,W2C,7,8.6291,7.0,2,27.77,0.1344
2259,N2C,4,12.2868,0.0,0,19.5,0.0471
2259,S2C,4,13.2441,0.0,0,18.09,0.0333
2259,E2C,8,5.6729,24.0,4,42.24,0.2063
2259,W2C,7,7.667,9.0,2,31.25,0.1496
2260,N2C,5,12.4206,0.0,0,19.29,0.0512
2260,S2C,5,12.9566,0.0,0,18.49,0.0434
2260,E2C,9,6.1827,28.0,4,38.75,0.2076
2260,W2C,8,7.0514,11.0,2,33.98,0.1658
2261,N2C,5,12.1496,0.0,0,19.72,0.0551
2261,S2C,4,12.9217,0.0,0,18.54,0.0379
2261,E2C,9,5.7927,32.0,4,41.36,0.2159
2261,W2C,8,6.4693,13.0,2,37.04,0.1755
2262,N2C,5,12.0315,0.0,0,19.91,0.0568
2262,S2C,4,12.8882,0.0,0,18.59,0.0384
2262,E2C,9,5.6344,36.0,4,42.52,0.2209
2262,W2C,8,6.0698,15.0,2,39.47,0.1826
2263,N2C,5,12.2977,0.0,0,19.48,0.0529
2263,S2C,4,12.8394,0.0,0,18.66,0.0391
2263,E2C,9,5.577,41.0,5,42.96,0.231
2263,W2C,8,6.1997,19.0,4,38.65,0.1954
2264,N2C,4,12.6666,0.0,0,18.92,0.0416
2264,S2C,4,12.6855,0.0,0,18.89,0.0413
2264,E2C,9,4.9559,46.0,5,48.35,0.2433
2264,W2C,8,6.3398,23.0,4,37.79,0.196
2265,N2C,5,12.6123,0.0,0,19.0,0.0484
2265,S2C,4,12.5863,0.0,0,19.04,0.0428
2265,E2C,10,5.4884,51.0,5,43.66,0.245
2265,W2C,9,7.1532,27.0,4,33.5,0.193
2266,N2C,5,12.4549,0.0,0,19.24,0.0507
2266,S2C,4,12.7388,0.0,0,18.81,0.0406
2266,E2C,10,5.1245,56.0,5,46.76,0.2535
2266,W2C,9,6.3304,31.0,4,37.85,0.2075
2267,N2C,5,12.5623,0.0,0,19.07,0.0491
2267,S2C,4,12.7441,0.0,0,18.8,0.0405
2267,E2C,10,5.0032,62.0,6,47.89,0.2653
2267,W2C,9,5.8458,35.0,4,40.99,0.2172
2268,N2C,4,13.153,0.0,0,18.22,0.0346
2268,S2C,4,12.665,0.0,0,18.92,0.0416
2268,E2C,10,5.0615,68.0,6,47.34,0.2685
2268,W2C,9,4.7555,39.0,4,50.38,0.2355
2269,N2C,4,12.7675,0.0,0,18.77,0.0402
2269,S2C,4,12.646,0.0,0,18.95,0.0419
2269,E2C,11,5.7754,74.0,6,41.49,0.2682
2269,W2C,10,5.2976,43.0,4,45.23,0.2364
2270,N2C,4,13.0499,0.0,0,18.36,0.0361
2270,S2C,4,12.6866,0.0,0,18.89,0.0413
2270,E2C,11,5.1985,80.0,6,46.09,0.2805
2270,W2C,10,5.1615,49.0,6,46.42,0.2543
2271,N2C,4,13.0305,0.0,0,18.39,0.0364
2271,S2C,4,12.3949,0.0,0,19.33,0.0455
2271,E2C,11,4.561,86.0,6,52.53,0.2937
2271,W2C,10,5.0844,55.0,6,47.12,0.2595
2272,N2C,4,13.0401,0.0,0,18.37,0.0362
2272,S2C,4,12.7108,0.0,0,18.85,0.041
2272,E2C,11,4.3489,92.0,6,55.09,0.3007
2272,W2C,10,4.7143,61.0,6,50.82,0.2688
2273,N2C,4,12.5401,0.0,0,19.11,0.0434
2273,S2C,4,12.4407,0.0,0,19.26,0.0449
2273,E2C,11,3.9982,98.0,6,59.93,0.3098
2273,W2C,10,4.5401,67.0,6,52.77,0.2753
2274,N2C,4,12.4444,0.0,0,19.25,0.0448
2274,S2C,4,12.4398,0.0,0,19.26,0.0449
2274,E2C,12,4.2613,105.0,7,56.23,0.3226
2274,W2C,11,4.9218,73.0,6,48.68,0.2798
2275,N2C,4,12.4127,0.0,0,19.3,0.0453
2275,S2C,4,12.5044,0.0,0,19.16,0.044
2275,E2C,12,4.0471,113.0,8,59.2,0.3371
2275,W2C,11,4.7602,80.0,7,50.33,0.2928
2276,N2C,4,12.4259,0.0,0,19.28,0.0451
2276,S2C,4,12.5037,0.0,0,19.16,0.044
2276,E2C,12,3.6466,121.0,8,65.7,0.3482
2276,W2C,11,4.7543,87.0,7,50.4,0.2975
2277,N2C,4,12.1634,0.0,0,19.7,0.0489
2277,S2C,4,12.3959,0.0,0,19.33,0.0455
2277,E2C,12,3.5073,129.0,8,68.31,0.3555
2277,W2C,11,4.6979,94.0,7,51.0,0.303
2278,N2C,5,12.1907,0.0,0,19.65,0.0545
2278,S2C,5,12.6469,0.0,0,18.95,0.0479
2278,E2C,11,4.6443,79.0,6,51.59,0.2878
2278,W2C,10,6.085,54.0,5,39.38,0.2384
2279,N2C,5,11.8375,0.0,0,20.24,0.0596
2279,S2C,5,12.6288,0.0,0,18.97,0.0482
2279,E2C,11,4.6043,42.0,5,52.04,0.2577
2279,W2C,10,6.1718,25.0,3,38.82,0.2058
2280,N2C,5,10.7587,0.0,0,22.27,0.0751
2280,S2C,5,12.1437,0.0,0,19.73,0.0551
2280,E2C,11,4.9317,15.0,3,48.58,0.223
2280,W2C,10,6.19,6.0,1,38.71,0.1809
2281,N2C,5,9.9336,0.0,0,24.12,0.087
2281,S2C,5,11.4352,0.0,0,20.95,0.0653
2281,E2C,9,5.607,3.0,1,42.73,0.1813
2281,W2C,8,6.5054,0.0,0,36.83,0.1543
2282,N2C,5,9.3268,0.0,0,25.69,0.0957
2282,S2C,5,10.6927,0.0,0,22.41,0.076
2282,E2C,9,6.3293,0.0,0,37.86,0.1629
2282,W2C,8,7.13,0.0,0,33.6,0.1453
2283,N2C,6,9.36,0.0,0,25.6,0.1012
2283,S2C,6,11.0359,0.0,0,21.71,0.0771
2283,E2C,9,7.6118,0.0,0,31.48,0.1444
2283,W2C,8,8.7945,0.0,0,27.24,0.1214
2284,N2C,6,8.5897,1.0,1,27.89,0.119
2284,S2C,6,9.9997,0.0,0,23.96,0.092
2284,E2C,8,8.5512,0.0,0,28.02,0.1249
2284,W2C,7,9.5068,0.0,0,25.2,0.1051
2285,N2C,6,8.1047,2.0,1,29.56,0.1266
2285,S2C,6,9.5352,1.0,1,25.13,0.1054
2285,E2C,7,9.5033,0.0,0,25.21,0.1052
2285,W2C,6,10.123,0.0,0,23.67,0.0902
2286,N2C,6,7.7154,4.0,2,31.05,0.1396
2286,S2C,6,8.3073,2.0,1,28.84,0.1237
2286,E2C,6,10.2597,0.0,0,23.35,0.0883
2286,W2C,5,11.2186,0.0,0,21.36,0.0685
2287,N2C,7,8.0252,6.0,2,29.86,0.1424
2287,S2C,7,8.3428,3.0,1,28.72,0.1299
2287,E2C,6,11.232,0.0,0,21.33,0.0743
2287,W2C,6,11.6854,0.0,0,20.5,0.0677
2288,N2C,7,7.4939,8.0,2,31.97,0.1514
2288,S2C,7,7.6955,4.0,1,31.14,0.1399
2288,E2C,5,11.8379,0.0,0,20.24,0.0595
2288,W2C,4,12.5453,0.0,0,19.1,0.0434
2289,N2C,7,6.8985,10.0,2,34.73,0.1613
2289,S2C,7,7.6011,6.0,2,31.52,0.1486
2289,E2C,4,12.1481,0.0,0,19.72,0.0491
2289,W2C,4,12.4763,0.0,0,19.2,0.0444
2290,N2C,7,7.0059,13.0,3,34.2,0.1678
2290,S2C,7,7.6817,9.0,3,31.19,0.1554
2290,E2C,4,12.2081,0.0,0,19.63,0.0482
2290,W2C,4,12.51,0.0,0,19.15,0.0439
2291,N2C,7,7.0266,16.0,3,34.1,0.1695
2291,S2C,7,6.9484,12.0,3,34.48,0.168
2291,E2C,4,11.8906,0.0,0,20.15,0.0528
2291,W2C,4,12.5972,0.0,0,19.02,0.0426
2292,N2C,8,7.9793,19.0,3,30.03,0.1638
2292,S2C,8,7.3228,15.0,3,32.72,0.1706
2292,E2C,5,12.6756,0.0,0,18.9,0.0475
2292,W2C,4,12.8084,0.0,0,18.71,0.0396
2293,N2C,8,7.9237,22.0,3,30.24,0.1666
2293,S2C,8,6.7094,18.0,3,35.71,0.1814
2293,E2C,5,11.9236,0.0,0,20.09,0.0583
2293,W2C,4,12.5253,0.0,0,19.13,0.0436
2294,N2C,8,7.4537,25.0,3,32.15,0.1753
2294,S2C,8,6.3812,21.0,3,37.55,0.1881
2294,E2C,5,12.4062,0.0,0,19.31,0.0514
2294,W2C,4,12.5693,0.0,0,19.06,0.043
2295,N2C,8,7.0264,28.0,3,34.1,0.1835
2295,S2C,8,5.628,25.0,4,42.57,0.2076
2295,E2C,5,12.3112,0.0,0,19.46,0.0527
2295,W2C,4,12.4774,0.0,0,19.2,0.0443
2296,N2C,9,7.358,31.0,3,32.56,0.1867
2296,S2C,9,6.2631,29.0,4,38.26,0.2072
2296,E2C,6,12.7157,0.0,0,18.84,0.0529
2296,W2C,4,12.4505,0.0,0,19.24,0.0447
2297,N2C,9,6.735,34.0,3,35.58,0.1977
2297,S2C,9,5.8336,33.0,4,41.07,0.216
2297,E2C,5,12.3995,0.0,0,19.32,0.0515
2297,W2C,4,12.4,0.0,0,19.32,0.0455
2298,N2C,9,6.2133,38.0,4,38.56,0.2139
2298,S2C,9,5.8538,38.0,5,40.93,0.225
2298,E2C,4,13.3852,0.0,0,17.9,0.0313
2298,W2C,4,12.2848,0.0,0,19.5,0.0471
2299,N2C,9,6.0206,42.0,4,39.8,0.2193
2299,S2C,9,5.6252,43.0,5,42.59,0.2317
2299,E2C,4,13.0921,0.0,0,18.3,0.0355
2299,W2C,4,12.6101,0.0,0,19.0,0.0424
2300,N2C,9,5.4197,46.0,4,44.21,0.2306
2300,S2C,9,5.1428,48.0,5,46.59,0.2419
2300,E2C,4,13.5179,0.0,0,17.72,0.0294
2300,W2C,4,12.3064,0.0,0,19.47,0.0468
2301,N2C,10,5.61,50.0,4,42.71,0.2366
2301,S2C,10,5.6871,53.0,5,42.13,0.2434
2301,E2C,4,13.2362,0.0,0,18.1,0.0334
2301,W2C,5,12.7926,0.0,0,18.73,0.0458
2302,N2C,10,5.292,56.0,6,45.28,0.2571
2302,S2C,10,5.2597,58.0,5,45.55,0.2529
2302,E2C,4,13.2038,0.0,0,18.15,0.0339
2302,W2C,4,12.5723,0.0,0,19.06,0.043
2303,N2C,10,4.6699,62.0,6,51.31,0.2701
2303,S2C,10,4.8636,64.0,6,49.26,0.2686
2303,E2C,4,13.0556,0.0,0,18.35,0.036
2303,W2C,4,12.3857,0.0,0,19.34,0.0457
2304,N2C,10,4.3301,68.0,6,55.33,0.279
2304,S2C,10,4.312,70.0,6,55.57,0.2806
2304,E2C,4,13.1507,0.0,0,18.22,0.0346
2304,W2C,4,12.6718,0.0,0,18.91,0.0415
2305,N2C,11,4.8054,74.0,6,49.86,0.2821
2305,S2C,11,4.8724,76.0,6,49.17,0.2825
2305,E2C,5,13.022,0.0,0,18.4,0.0425
2305,W2C,4,12.6587,0.0,0,18.93,0.0417
2306,N2C,11,4.5695,80.0,6,52.43,0.2895
2306,S2C,11,4.7026,82.0,6,50.95,0.289
2306,E2C,4,12.6116,0.0,0,19.0,0.0424
2306,W2C,5,13.0435,0.0,0,18.37,0.0422
2307,N2C,11,4.6042,87.0,7,52.04,0.2997
2307,S2C,11,4.7594,89.0,7,50.34,0.2988
2307,E2C,4,12.7559,0.0,0,18.78,0.0403
2307,W2C,5,12.5976,0.0,0,19.02,0.0486
2308,N2C,11,4.2244,94.0,7,56.72,0.3098
2308,S2C,11,4.6384,96.0,7,51.66,0.3052
2308,E2C,4,12.4515,0.0,0,19.24,0.0447
2308,W2C,4,12.9256,0.0,0,18.54,0.0379
2309,N2C,11,3.931,101.0,7,60.95,0.3187
2309,S2C,11,4.1274,103.0,7,58.05,0.3172
2309,E2C,4,11.9311,0.0,0,20.08,0.0522
2309,W2C,4,13.0246,0.0,0,18.4,0.0365
2310,N2C,12,4.1752,108.0,7,57.39,0.3259
2310,S2C,12,4.7563,110.0,7,50.38,0.3188
2310,E2C,5,11.9422,0.0,0,20.06,0.058
2310,W2C,5,12.8189,0.0,0,18.69,0.0454
2311,N2C,10,4.6975,62.0,6,51.01,0.2697
2311,S2C,10,4.9531,67.0,5,48.37,0.2633
2311,E2C,5,10.7065,0.0,0,22.38,0.0758
2311,W2C,5,11.7746,0.0,0,20.35,0.0605
2312,N2C,10,4.7274,30.0,4,50.68,0.2359
2312,S2C,10,4.7848,31.0,3,50.08,0.2298
2312,E2C,5,10.2205,0.0,0,23.44,0.0828
2312,W2C,5,11.1033,0.0,0,21.58,0.0701
2313,N2C,10,4.9398,10.0,2,48.5,0.2075
2313,S2C,10,4.9375,8.0,2,48.53,0.2062
2313,E2C,5,10.1489,0.0,0,23.61,0.0839
2313,W2C,5,10.5231,0.0,0,22.77,0.0785
2314,N2C,9,6.3772,0.0,0,37.57,0.1622
2314,S2C,9,6.5921,0.0,0,36.35,0.1591
2314,E2C,6,9.9307,1.0,1,24.13,0.0997
2314,W2C,6,10.5386,1.0,1,22.74,0.0909
2315,N2C,9,7.1507,0.0,0,33.51,0.151
2315,S2C,9,7.1309,0.0,0,33.6,0.1513
2315,E2C,6,9.3079,2.0,1,25.74,0.1093
2315,W2C,6,9.8442,2.0,1,24.34,0.1016
2316,N2C,8,8.2668,0.0,0,28.98,0.129
2316,S2C,9,7.9771,0.0,0,30.04,0.1391
2316,E2C,6,8.5085,3.0,1,28.16,0.1215
2316,W2C,6,8.9772,3.0,1,26.69,0.1147
2317,N2C,7,9.3105,0.0,0,25.73,0.1079
2317,S2C,7,8.7374,0.0,0,27.42,0.1162
2317,E2C,6,8.3838,5.0,2,28.58,0.1306
2317,W2C,6,9.1064,4.0,1,26.31,0.1135
2318,N2C,6,9.9795,0.0,0,24.01,0.0923
2318,S2C,7,9.2976,0.0,0,25.77,0.1081
2318,E2C,6,7.6465,7.0,2,31.33,0.1426
2318,W2C,6,8.1718,6.0,2,29.32,0.1343
2319,N2C,6,11.6854,0.0,0,20.5,0.0677
2319,S2C,6,10.9424,0.0,0,21.9,0.0784
2319,E2C,7,7.9156,9.0,2,30.27,0.146
2319,W2C,7,8.1229,8.0,2,29.5,0.1424
2320,N2C,5,12.3751,0.0,0,19.36,0.0518
2320,S2C,6,11.254,0.0,0,21.29,0.074
2320,E2C,7,7.0739,11.0,2,33.87,0.1595
2320,W2C,7,7.3243,11.0,3,32.71,0.1619
2321,N2C,4,12.6718,0.0,0,18.91,0.0415
2321,S2C,4,12.6953,0.0,0,18.87,0.0412
2321,E2C,7,7.1203,13.0,2,33.65,0.1601
2321,W2C,7,7.4128,14.0,3,32.32,0.1626
2322,N2C,4,13.0453,0.0,0,18.37,0.0362
2322,S2C,4,12.5427,0.0,0,19.1,0.0434
2322,E2C,7,7.1222,16.0,3,33.64,0.1681
2322,W2C,7,7.6224,17.0,3,31.43,0.1616
2323,N2C,5,12.6542,0.0,0,18.93,0.0478
2323,S2C,5,12.97,0.0,0,18.47,0.0432
2323,E2C,8,7.7735,19.0,3,30.82,0.1667
2323,W2C,8,7.9216,20.0,3,30.25,0.1653
2324,N2C,5,12.7702,0.0,0,18.76,0.0461
2324,S2C,4,12.5341,0.0,0,19.12,0.0435
2324,E2C,8,7.1665,22.0,3,33.43,0.1775
2324,W2C,8,7.1437,23.0,3,33.54,0.1785
2325,N2C,4,13.1501,0.0,0,18.22,0.0347
2325,S2C,4,12.6608,0.0,0,18.92,0.0417
2325,E2C,8,7.1527,25.0,3,33.5,0.1797
2325,W2C,8,6.7769,26.0,3,35.36,0.1858
2326,N2C,4,12.741,0.0,0,18.81,0.0405
2326,S2C,4,12.8533,0.0,0,18.64,0.0389
2326,E2C,8,6.2156,28.0,3,38.55,0.1952
2326,W2C,8,6.3064,29.0,3,37.99,0.1945
2327,N2C,4,13.0619,0.0,0,18.34,0.0359
2327,S2C,4,12.6919,0.0,0,18.88,0.0413
2327,E2C,8,5.4308,31.0,3,44.12,0.2085
2327,W2C,8,5.7565,32.0,3,41.62,0.2044
2328,N2C,5,12.9785,0.0,0,18.46,0.0431
2328,S2C,5,12.891,0.0,0,18.59,0.0444
2328,E2C,9,5.6377,35.0,4,42.5,0.2202
2328,W2C,9,6.2952,36.0,4,38.06,0.2114
2329,N2C,4,12.9726,0.0,0,18.47,0.0372
2329,S2C,4,12.498,0.0,0,19.17,0.044
2329,E2C,9,5.3802,39.0,4,44.53,0.2265
2329,W2C,9,6.0713,40.0,4,39.46,0.2172
2330,N2C,4,12.7656,0.0,0,18.77,0.0402
2330,S2C,4,12.5163,0.0,0,19.14,0.0438
2330,E2C,9,5.5475,43.0,4,43.19,0.2268
2330,W2C,9,5.6759,45.0,5,42.21,0.2323
2331,N2C,4,13.0799,0.0,0,18.32,0.0357
2331,S2C,4,12.5587,0.0,0,19.08,0.0432
2331,E2C,9,5.0999,48.0,5,46.98,0.2426
2331,W2C,9,5.1878,50.0,5,46.19,0.2426
2332,N2C,4,12.9006,0.0,0,18.57,0.0382
2332,S2C,5,12.5594,0.0,0,19.08,0.0492
2332,E2C,10,5.5461,53.0,5,43.2,0.2455
2332,W2C,10,5.6922,55.0,5,42.09,0.2447
2333,N2C,4,12.7949,0.0,0,18.73,0.0398
2333,S2C,4,12.2724,0.0,0,19.52,0.0473
2333,E2C,10,4.9661,58.0,5,48.25,0.2572
2333,W2C,10,5.2443,60.0,5,45.69,0.2545
2334,N2C,4,12.9095,0.0,0,18.56,0.0381
2334,S2C,4,12.6056,0.0,0,19.01,0.0425
2334,E2C,10,4.8737,63.0,5,49.16,0.2618
2334,W2C,10,5.0802,66.0,6,47.16,0.2669
2335,N2C,4,12.4501,0.0,0,19.24,0.0447
2335,S2C,4,12.1979,0.0,0,19.64,0.0484
2335,E2C,10,4.9528,68.0,5,48.38,0.264
2335,W2C,10,4.7736,72.0,6,50.19,0.2753
2336,N2C,4,12.9433,0.0,0,18.51,0.0376
2336,S2C,4,12.6357,0.0,0,18.96,0.0421
2336,E2C,10,4.818,74.0,6,49.73,0.276
2336,W2C,10,4.2979,78.0,6,55.75,0.2861
2337,N2C,4,12.95,0.0,0,18.5,0.0375
2337,S2C,5,12.6751,0.0,0,18.9,0.0475
2337,E2C,11,5.8876,80.0,6,40.7,0.2706
2337,W2C,11,4.7304,84.0,6,50.65,0.2899
2338,N2C,4,13.0017,0.0,0,18.43,0.0368
2338,S2C,4,12.6323,0.0,0,18.97,0.0421
2338,E2C,11,5.6398,86.0,6,42.48,0.2781
2338,W2C,11,4.6337,90.0,6,51.71,0.2953
2339,N2C,4,13.0817,0.0,0,18.32,0.0356
2339,S2C,4,12.1922,0.0,0,19.65,0.0484
2339,E2C,11,4.7784,92.0,6,50.14,0.2945
2339,W2C,11,4.1937,96.0,6,57.13,0.3056
2340,N2C,4,12.7401,0.0,0,18.81,0.0406
2340,S2C,4,12.467,0.0,0,19.22,0.0445
2340,E2C,11,4.1736,98.0,6,57.41,0.3072
2340,W2C,11,3.7467,103.0,7,63.95,0.3227
2341,N2C,4,12.3636,0.0,0,19.38,0.046
2341,S2C,5,12.6152,0.0,0,18.99,0.0484
2341,E2C,12,4.5008,105.0,7,53.23,0.3192
2341,W2C,12,4.2052,110.0,7,56.98,0.3268
2342,N2C,5,11.4261,0.0,0,20.97,0.0655
2342,S2C,5,11.6553,0.0,0,20.56,0.0622
2342,E2C,12,4.378,112.0,7,54.73,0.3256
2342,W2C,12,4.0959,118.0,8,58.5,0.3397
2343,N2C,5,10.6805,0.0,0,22.43,0.0762
2343,S2C,5,11.1594,0.0,0,21.47,0.0693
2343,E2C,12,4.3967,120.0,8,54.5,0.3367
2343,W2C,12,3.9592,126.0,8,60.52,0.347
2344,N2C,5,10.3328,0.0,0,23.19,0.0812
2344,S2C,5,10.6525,0.0,0,22.49,0.0766
2344,E2C,10,5.1194,69.0,6,46.8,0.2683
2344,W2C,10,4.331,76.0,6,55.32,0.2843
2345,N2C,5,10.4618,0.0,0,22.9,0.0794
2345,S2C,5,10.1852,0.0,0,23.52,0.0833
2345,E2C,10,5.1957,33.0,4,46.12,0.2312
2345,W2C,10,4.1387,38.0,4,57.89,0.2497
2346,N2C,6,10.6429,0.0,0,22.51,0.0828
2346,S2C,6,10.2432,0.0,0,23.39,0.0885
2346,E2C,11,6.2222,10.0,2,38.51,0.1951
2346,W2C,11,5.2203,12.0,2,45.9,0.2108
2347,N2C,6,10.1869,1.0,1,23.52,0.096
2347,S2C,6,9.9011,1.0,1,24.2,0.1001
2347,E2C,9,6.6268,0.0,0,36.16,0.1586
2347,W2C,10,5.8741,1.0,1,40.79,0.1821
2348,N2C,6,9.8565,2.0,1,24.31,0.1014
2348,S2C,6,9.0335,2.0,1,26.52,0.1133
2348,E2C,9,7.0921,0.0,0,33.78,0.1519
2348,W2C,9,6.89,0.0,0,34.78,0.1548
2349,N2C,6,8.3401,3.0,1,28.73,0.1239
2349,S2C,6,8.6988,3.0,1,27.54,0.1187
2349,E2C,8,7.9138,0.0,0,30.28,0.134
2349,W2C,8,7.6431,0.0,0,31.35,0.1379
2350,N2C,7,8.4352,5.0,2,28.4,0.1359
2350,S2C,7,9.3628,5.0,2,25.59,0.1225
2350,E2C,8,9.2798,0.0,0,25.82,0.1144
2350,W2C,8,8.9055,0.0,0,26.9,0.1198
2351,N2C,7,7.8642,7.0,2,30.47,0.1454
2351,S2C,7,8.6555,7.0,2,27.68,0.134
2351,E2C,7,10.3907,0.0,0,23.06,0.0924
2351,W2C,7,9.592,0.0,0,24.98,0.1039
2352,N2C,7,7.5513,10.0,3,31.73,0.1579
2352,S2C,7,7.9689,9.0,2,30.07,0.1453
2352,E2C,6,11.3298,0.0,0,21.15,0.0729
2352,W2C,6,10.1688,0.0,0,23.56,0.0896
2353,N2C,7,7.4715,13.0,3,32.07,0.1611
2353,S2C,7,7.5836,11.0,2,31.59,0.1521
2353,E2C,5,11.885,0.0,0,20.16,0.0589
2353,W2C,5,11.0605,0.0,0,21.66,0.0707
2354,N2C,7,6.7802,16.0,3,35.34,0.173
2354,S2C,7,7.001,13.0,2,34.22,0.1619
2354,E2C,4,12.9028,0.0,0,18.57,0.0382
2354,W2C,4,11.8979,0.0,0,20.14,0.0527
2355,N2C,8,7.3255,19.0,3,32.71,0.1732
2355,S2C,8,6.9534,16.0,3,34.46,0.1765
2355,E2C,4,13.0999,0.0,0,18.29,0.0354
2355,W2C,5,12.1859,0.0,0,19.66,0.0545
2356,N2C,8,6.8753,22.0,3,34.85,0.1817
2356,S2C,8,6.3964,19.0,3,37.46,0.1866
2356,E2C,4,13.0197,0.0,0,18.4,0.0365
2356,W2C,5,12.0147,0.0,0,19.94,0.057
2357,N2C,8,6.686,25.0,3,35.84,0.1864
2357,S2C,8,6.1095,22.0,3,39.22,0.1927
2357,E2C,4,12.7493,0.0,0,18.79,0.0404
2357,W2C,5,12.3496,0.0,0,19.4,0.0522
2358,N2C,8,6.3561,29.0,4,37.7,0.1998
2358,S2C,8,5.5519,26.0,4,43.16,0.2094
2358,E2C,4,12.7926,0.0,0,18.73,0.0398
2358,W2C,4,12.1096,0.0,0,19.79,0.0496
2359,N2C,9,6.784,33.0,4,35.32,0.2023
2359,S2C,9,6.0792,30.0,4,39.41,0.2105
2359,E2C,4,12.8371,0.0,0,18.66,0.0392
2359,W2C,5,12.3145,0.0,0,19.46,0.0527
2360,N2C,9,6.1462,37.0,4,38.98,0.2142
2360,S2C,9,5.6237,35.0,5,42.61,0.2264
2360,E2C,4,12.5073,0.0,0,19.16,0.0439
2360,W2C,4,12.4459,0.0,0,19.25,0.0448
2361,N2C,9,6.0076,41.0,4,39.88,0.2188
2361,S2C,9,5.5504,40.0,5,43.17,0.2307
2361,E2C,4,12.5358,0.0,0,19.11,0.0435
2361,W2C,4,12.1954,0.0,0,19.65,0.0484
2362,N2C,9,5.5307,45.0,4,43.32,0.2284
2362,S2C,9,5.2595,45.0,5,45.56,0.2383
2362,E2C,4,12.9733,0.0,0,18.47,0.0372
2362,W2C,4,12.2088,0.0,0,19.63,0.0482
2363,N2C,9,5.1011,50.0,5,46.97,0.2439
2363,S2C,9,4.8979,50.0,5,48.92,0.2468
2363,E2C,4,12.4141,0.0,0,19.3,0.0453
2363,W2C,4,12.2114,0.0,0,19.62,0.0482
2364,N2C,10,5.6972,55.0,5,42.06,0.2446
2364,S2C,10,5.2986,55.0,5,45.22,0.2504
2364,E2C,4,12.7987,0.0,0,18.72,0.0397
2364,W2C,5,12.2858,0.0,0,19.5,0.0531
2365,N2C,10,5.2577,61.0,6,45.57,0.261
2365,S2C,10,5.1041,60.0,5,46.94,0.2565
2365,E2C,4,12.8722,0.0,0,18.61,0.0387
2365,W2C,5,12.4465,0.0,0,19.25,0.0508
2366,N2C,10,4.8997,67.0,6,48.9,0.2701
2366,S2C,10,4.7407,66.0,6,50.54,0.2717
2366,E2C,4,12.5816,0.0,0,19.04,0.0428
2366,W2C,5,12.3939,0.0,0,19.33,0.0515
2367,N2C,10,4.3761,73.0,6,54.75,0.2817
2367,S2C,10,4.1171,72.0,6,58.2,0.2847
2367,E2C,4,12.7071,0.0,0,18.86,0.041
2367,W2C,4,12.5594,0.0,0,19.08,0.0432
2368,N2C,11,4.5738,79.0,6,52.38,0.2888
2368,S2C,11,4.5981,78.0,6,52.11,0.2878
2368,E2C,4,12.58,0.0,0,19.05,0.0429
2368,W2C,5,12.7778,0.0,0,18.75,0.046
2369,N2C,11,4.5476,86.0,7,52.69,0.2999
2369,S2C,11,4.5839,85.0,7,52.27,0.2987
2369,E2C,5,12.9712,0.0,0,18.47,0.0432
2369,W2C,5,12.5864,0.0,0,19.04,0.0488
2370,N2C,11,4.4779,93.0,7,53.51,0.3055
2370,S2C,11,4.5287,92.0,7,52.91,0.3041
2370,E2C,4,12.6209,0.0,0,18.98,0.0423
2370,W2C,5,13.0304,0.0,0,18.39,0.0424
2371,N2C,11,4.0635,100.0,7,58.96,0.3162
2371,S2C,11,4.5549,99.0,7,52.6,0.3084
2371,E2C,4,12.7783,0.0,0,18.75,0.04
2371,W2C,4,13.1983,0.0,0,18.15,0.034
2372,N2C,11,3.8016,107.0,7,63.03,0.3246
2372,S2C,11,4.5592,106.0,7,52.55,0.313
2372,E2C,4,12.6594,0.0,0,18.93,0.0417
2372,W2C,4,12.7713,0.0,0,18.76,0.0401
2373,N2C,12,4.4056,114.0,7,54.39,0.3266
2373,S2C,12,5.3952,113.0,7,44.41,0.3116
2373,E2C,4,13.1115,0.0,0,18.27,0.0352
2373,W2C,4,13.1712,0.0,0,18.19,0.0343
2374,N2C,12,4.0188,121.0,7,59.62,0.3368
2374,S2C,12,5.1261,120.0,7,46.74,0.3202
2374,E2C,4,12.8648,0.0,0,18.62,0.0388
2374,W2C,4,12.9458,0.0,0,18.51,0.0376
2375,N2C,12,3.7138,129.0,8,64.52,0.3525
2375,S2C,12,4.479,127.0,7,53.49,0.3342
2375,E2C,4,12.7909,0.0,0,18.73,0.0398
2375,W2C,4,13.1872,0.0,0,18.17,0.0341
2376,N2C,12,3.2916,137.0,8,72.79,0.3639
2376,S2C,12,3.9007,134.0,7,61.42,0.3472
2376,E2C,4,12.6695,0.0,0,18.91,0.0416
2376,W2C,4,12.7497,0.0,0,18.79,0.0404
2377,N2C,11,4.7073,86.0,6,50.9,0.2916
2377,S2C,11,5.0967,83.0,6,47.01,0.2839
2377,E2C,5,12.5016,0.0,0,19.17,0.05
2377,W2C,5,12.0732,0.0,0,19.85,0.0562
2378,N2C,11,4.8986,44.0,4,48.91,0.2488
2378,S2C,11,5.2301,44.0,4,45.81,0.244
2378,E2C,5,11.6817,0.0,0,20.51,0.0618
2378,W2C,5,11.0415,0.0,0,21.7,0.071
2379,N2C,11,5.0884,17.0,3,47.09,0.2221
2379,S2C,11,5.4312,15.0,3,44.12,0.2158
2379,E2C,5,10.7777,0.0,0,22.23,0.0748
2379,W2C,5,10.2417,0.0,0,23.39,0.0825
2380,N2C,9,5.4282,2.0,1,44.14,0.1832
2380,S2C,9,6.0616,4.0,1,39.53,0.1754
2380,E2C,5,10.3783,0.0,0,23.09,0.0806
2380,W2C,5,10.0747,0.0,0,23.78,0.0849
2381,N2C,9,5.8732,0.0,0,40.8,0.1694
2381,S2C,9,6.5165,0.0,0,36.77,0.1602
2381,E2C,5,10.3505,0.0,0,23.15,0.081
2381,W2C,5,10.2207,1.0,1,23.44,0.0895
2382,N2C,10,7.0552,0.0,0,33.96,0.1584
2382,S2C,9,8.0613,0.0,0,29.72,0.1379
2382,E2C,6,10.5885,1.0,1,22.63,0.0902
2382,W2C,6,10.7896,2.0,1,22.21,0.088
2383,N2C,8,8.1455,0.0,0,29.41,0.1307
2383,S2C,8,8.5857,0.0,0,27.91,0.1244
2383,E2C,6,10.0548,2.0,1,23.83,0.0986
2383,W2C,6,9.7681,3.0,1,24.53,0.1034
2384,N2C,8,8.884,0.0,0,26.97,0.1201
2384,S2C,7,9.113,0.0,0,26.29,0.1108
2384,E2C,6,9.1868,3.0,1,26.08,0.1117
2384,W2C,6,8.9254,4.0,1,26.84,0.1162
2385,N2C,6,10.0534,0.0,0,23.83,0.0912
2385,S2C,6,10.1791,0.0,0,23.54,0.0894
2385,E2C,6,8.7311,4.0,1,27.44,0.1189
2385,W2C,6,8.3252,6.0,2,28.78,0.1321
2386,N2C,7,11.3702,0.0,0,21.07,0.0783
2386,S2C,6,11.9098,0.0,0,20.12,0.0645
2386,E2C,7,8.6824,5.0,1,27.6,0.1263
2386,W2C,7,8.5004,8.0,2,28.19,0.1369
2387,N2C,5,12.5541,0.0,0,19.09,0.0492
2387,S2C,5,12.8142,0.0,0,18.7,0.0455
2387,E2C,7,8.0951,7.0,2,29.6,0.1421
2387,W2C,7,7.9218,10.0,2,30.25,0.1466
2388,N2C,5,12.4097,0.0,0,19.31,0.0513
2388,S2C,4,13.2601,0.0,0,18.07,0.0331
2388,E2C,7,7.4756,9.0,2,32.05,0.1524
2388,W2C,7,7.3907,12.0,2,32.42,0.1556
2389,N2C,5,12.0788,0.0,0,19.84,0.0561
2389,S2C,4,13.2913,0.0,0,18.03,0.0326
2389,E2C,7,7.1791,11.0,2,33.37,0.158
2389,W2C,7,7.3717,14.0,2,32.5,0.1572
2390,N2C,5,12.2463,0.0,0,19.57,0.0537
2390,S2C,4,13.0584,0.0,0,18.35,0.036
2390,E2C,7,6.4105,13.0,2,37.38,0.1704
2390,W2C,7,7.1696,17.0,3,33.42,0.1681
2391,N2C,4,13.0846,0.0,0,18.31,0.0356
2391,S2C,4,12.7031,0.0,0,18.86,0.0411
2391,E2C,8,6.9755,16.0,3,34.35,0.1762
2391,W2C,8,7.2667,20.0,3,32.97,0.1747
2392,N2C,4,12.2855,0.0,0,19.5,0.0471
2392,S2C,4,12.6459,0.0,0,18.95,0.0419
2392,E2C,8,6.5146,19.0,3,36.78,0.1849
2392,W2C,8,6.7346,23.0,3,35.58,0.1844
2393,N2C,4,12.5436,0.0,0,19.1,0.0434
2393,S2C,4,12.7262,0.0,0,18.83,0.0408
2393,E2C,8,6.2249,23.0,4,38.49,0.1977
2393,W2C,8,5.9645,26.0,3,40.17,0.1975
2394,N2C,4,12.7164,0.0,0,18.84,0.0409
2394,S2C,4,12.6116,0.0,0,19.0,0.0424
2394,E2C,8,6.255,27.0,4,38.31,0.1999
2394,W2C,8,5.7072,29.0,3,41.98,0.2032
2395,N2C,4,12.4398,0.0,0,19.26,0.0449
2395,S2C,4,12.6313,0.0,0,18.97,0.0421
2395,E2C,9,6.54,31.0,4,36.64,0.2045
2395,W2C,9,5.9992,33.0,4,39.94,0.2136
2396,N2C,4,12.7777,0.0,0,18.75,0.04
2396,S2C,4,12.8196,0.0,0,18.69,0.0394
2396,E2C,9,6.0096,35.0,4,39.87,0.2148
2396,W2C,9,5.6908,37.0,4,42.1,0.2207
2397,N2C,4,12.5203,0.0,0,19.14,0.0437
2397,S2C,4,12.6274,0.0,0,18.97,0.0422
2397,E2C,9,5.8176,39.0,4,41.19,0.2202
2397,W2C,9,5.7293,41.0,4,41.82,0.2228
2398,N2C,4,12.7817,0.0,0,18.75,0.04
2398,S2C,4,12.6332,0.0,0,18.97,0.0421
2398,E2C,9,5.0569,44.0,5,47.38,0.2405
2398,W2C,9,5.7642,46.0,5,41.57,0.2317
2399,N2C,4,12.634,0.0,0,18.96,0.0421
2399,S2C,4,12.3171,0.0,0,19.45,0.0466
2399,E2C,9,5.0358,49.0,5,47.58,0.2442
2399,W2C,9,5.5448,51.0,5,43.21,0.2382
2400,N2C,5,12.3895,0.0,0,19.34,0.0516
2400,S2C,4,12.8956,0.0,0,18.58,0.0383
2400,E2C,10,5.4658,54.0,5,43.84,0.2473
2400,W2C,10,5.7249,56.0,5,41.85,0.2449
2401,N2C,5,12.1924,0.0,0,19.65,0.0544
2401,S2C,4,12.5403,0.0,0,19.11,0.0434
2401,E2C,10,5.0983,59.0,5,47.0,0.2559
2401,W2C,10,5.3496,61.0,5,44.79,0.2536
2402,N2C,4,12.388,0.0,0,19.34,0.0456
2402,S2C,4,12.847,0.0,0,18.65,0.039
2402,E2C,10,5.249,64.0,5,45.65,0.2571
2402,W2C,10,4.4528,66.0,5,53.81,0.2699
2403,N2C,4,12.4512,0.0,0,19.24,0.0447
2403,S2C,4,12.5504,0.0,0,19.09,0.0433
2403,E2C,10,5.0542,70.0,6,47.41,0.2699
2403,W2C,10,4.0043,72.0,6,59.84,0.2863
2404,N2C,4,12.0489,0.0,0,19.89,0.0505
2404,S2C,4,12.6318,0.0,0,18.97,0.0421
2404,E2C,11,5.7371,76.0,6,41.76,0.2701
2404,W2C,11,4.3557,78.0,6,55.01,0.2913
2405,N2C,4,12.4471,0.0,0,19.25,0.0448
2405,S2C,4,12.6198,0.0,0,18.99,0.0423
2405,E2C,11,5.2772,82.0,6,45.4,0.2807
2405,W2C,11,4.1529,84.0,6,57.69,0.2982
2406,N2C,4,12.6215,0.0,0,18.98,0.0423
2406,S2C,4,12.4472,0.0,0,19.25,0.0448
2406,E2C,11,4.5804,88.0,6,52.31,0.2947
2406,W2C,11,4.1165,91.0,7,58.21,0.3094
2407,N2C,4,12.405,0.0,0,19.31,0.0454
2407,S2C,4,12.4139,0.0,0,19.3,0.0453
2407,E2C,11,4.3359,94.0,6,55.26,0.3022
2407,W2C,11,4.2182,98.0,7,56.8,0.3126
2408,N2C,4,12.053,0.0,0,19.88,0.0505
2408,S2C,4,12.7835,0.0,0,18.74,0.0399
2408,E2C,11,4.0368,100.0,6,59.35,0.3105
2408,W2C,11,3.721,105.0,7,64.39,0.3244
2409,N2C,5,12.1925,0.0,0,19.65,0.0544
2409,S2C,5,12.9797,0.0,0,18.46,0.0431
2409,E2C,12,4.7367,106.0,6,50.58,0.3105
2409,W2C,12,4.1295,112.0,7,58.02,0.3292
2410,N2C,5,11.6924,0.0,0,20.49,0.0616
2410,S2C,5,12.7058,0.0,0,18.86,0.0471
2410,E2C,10,5.0608,60.0,5,47.34,0.2571
2410,W2C,10,4.596,63.0,5,52.13,0.2658
2411,N2C,5,10.4201,0.0,0,22.99,0.08
2411,S2C,5,12.6546,0.0,0,18.93,0.0478
2411,E2C,10,4.9067,26.0,4,48.83,0.2307
2411,W2C,10,4.496,30.0,4,53.29,0.2393
2412,N2C,5,9.5673,0.0,0,25.04,0.0922
2412,S2C,5,11.4308,0.0,0,20.96,0.0654
2412,E2C,10,5.0958,5.0,2,47.02,0.202
2412,W2C,10,5.1348,9.0,2,46.66,0.2041
2413,N2C,6,9.6107,1.0,1,24.93,0.1043
2413,S2C,6,10.9298,0.0,0,21.92,0.0786
2413,E2C,9,6.6396,0.0,0,36.09,0.1584
2413,W2C,9,6.4693,0.0,0,37.04,0.1608
2414,N2C,6,8.5659,2.0,1,27.97,0.12
2414,S2C,6,9.7651,0.0,0,24.54,0.0954
2414,E2C,9,7.4557,0.0,0,32.14,0.1466
2414,W2C,9,6.9697,0.0,0,34.38,0.1536
2415,N2C,6,8.4392,3.0,1,28.39,0.1225
2415,S2C,6,9.116,0.0,0,26.28,0.1047
2415,E2C,8,8.8358,0.0,0,27.12,0.1208
2415,W2C,8,8.0918,0.0,0,29.61,0.1315
2416,N2C,6,8.3527,4.0,1,28.69,0.1244
2416,S2C,6,8.7926,1.0,1,27.25,0.1161
2416,E2C,7,9.6812,0.0,0,24.75,0.1026
2416,W2C,7,8.5504,0.0,0,28.02,0.1189
2417,N2C,6,8.3173,5.0,1,28.81,0.1256
2417,S2C,6,7.7264,3.0,2,31.01,0.1387
2417,E2C,6,9.9926,0.0,0,23.98,0.0921
2417,W2C,7,9.4996,0.0,0,25.22,0.1052
2418,N2C,7,8.8549,7.0,2,27.06,0.1312
2418,S2C,7,8.122,5.0,2,29.5,0.1404
2418,E2C,6,11.7669,0.0,0,20.36,0.0666
2418,W2C,6,10.9781,0.0,0,21.83,0.0779
2419,N2C,7,8.9483,9.0,2,26.78,0.1312
2419,S2C,7,7.5921,7.0,2,31.56,0.1493
2419,E2C,5,12.3831,0.0,0,19.35,0.0517
2419,W2C,6,11.1186,0.0,0,21.55,0.0759
2420,N2C,7,8.8257,11.0,2,27.15,0.1343
2420,S2C,7,7.3805,9.0,2,32.46,0.1537
2420,E2C,4,12.9867,0.0,0,18.45,0.037
2420,W2C,5,11.6913,0.0,0,20.49,0.0617
2421,N2C,7,8.242,13.0,2,29.07,0.144
2421,S2C,7,6.6425,12.0,3,36.07,0.1724
2421,E2C,4,13.0097,0.0,0,18.42,0.0367
2421,W2C,5,12.1258,0.0,0,19.76,0.0554
2422,N2C,8,7.8881,15.0,2,30.38,0.1564
2422,S2C,8,7.1464,15.0,3,33.53,0.1731
2422,E2C,5,13.2984,0.0,0,18.02,0.0385
2422,W2C,5,12.3972,0.0,0,19.33,0.0515
2423,N2C,8,6.994,17.0,2,34.26,0.1706
2423,S2C,8,6.5699,18.0,3,36.47,0.1834
2423,E2C,4,12.9991,0.0,0,18.43,0.0368
2423,W2C,5,12.0539,0.0,0,19.88,0.0564
2424,N2C,8,6.333,19.0,2,37.83,0.1815
2424,S2C,8,6.4188,21.0,3,37.33,0.1876
2424,E2C,4,13.3167,0.0,0,17.99,0.0323
2424,W2C,5,12.3614,0.0,0,19.38,0.052
2425,N2C,8,6.1591,23.0,4,38.9,0.1986
2425,S2C,8,6.2448,25.0,4,38.37,0.1987
2425,E2C,4,13.1777,0.0,0,18.18,0.0343
2425,W2C,5,12.1083,0.0,0,19.79,0.0557
2426,N2C,8,5.9891,27.0,4,40.01,0.2038
2426,S2C,8,5.8487,29.0,4,40.97,0.2071
2426,E2C,4,13.2084,0.0,0,18.14,0.0338
2426,W2C,5,12.2064,0.0,0,19.63,0.0542
2427,N2C,9,6.3116,31.0,4,37.96,0.2078
2427,S2C,9,6.2951,33.0,4,38.06,0.2094
2427,E2C,4,12.924,0.0,0,18.54,0.0379
2427,W2C,5,12.7812,0.0,0,18.75,0.046
2428,N2C,9,6.0451,35.0,4,39.64,0.2143
2428,S2C,9,5.8873,37.0,4,40.7,0.2179
2428,E2C,4,12.9699,0.0,0,18.47,0.0372
2428,W2C,5,12.7549,0.0,0,18.78,0.0463
2429,N2C,9,5.1566,39.0,4,46.47,0.2298
2429,S2C,9,5.6485,41.0,4,42.42,0.224
2429,E2C,4,12.834,0.0,0,18.67,0.0392
2429,W2C,4,12.6965,0.0,0,18.87,0.0412
2430,N2C,9,4.8914,44.0,5,48.98,0.2429
2430,S2C,9,5.8208,46.0,5,41.16,0.2309
2430,E2C,4,12.7718,0.0,0,18.76,0.0401
2430,W2C,4,13.1438,0.0,0,18.23,0.0347
2431,N2C,10,5.3444,49.0,5,44.83,0.2457
2431,S2C,10,6.3747,51.0,5,37.59,0.2322
2431,E2C,4,12.8022,0.0,0,18.72,0.0397
2431,W2C,4,13.3618,0.0,0,17.93,0.0316
2432,N2C,10,5.0791,54.0,5,47.17,0.2529
2432,S2C,10,5.6795,56.0,5,42.19,0.2456
2432,E2C,4,12.8517,0.0,0,18.64,0.039
2432,W2C,4,12.7437,0.0,0,18.8,0.0405
2433,N2C,10,5.0531,59.0,5,47.42,0.2566
2433,S2C,10,5.222,61.0,5,45.88,0.2555
2433,E2C,4,13.0933,0.0,0,18.3,0.0355
2433,W2C,4,12.4523,0.0,0,19.24,0.0447
2434,N2C,10,4.6668,65.0,6,51.34,0.2721
2434,S2C,10,4.9636,67.0,6,48.27,0.2692
2434,E2C,4,12.7592,0.0,0,18.78,0.0403
2434,W2C,4,12.8421,0.0,0,18.66,0.0391
2435,N2C,10,4.3297,71.0,6,55.34,0.281
2435,S2C,10,4.568,73.0,6,52.45,0.2789
2435,E2C,4,12.7439,0.0,0,18.8,0.0405
2435,W2C,4,12.5258,0.0,0,19.13,0.0436
2436,N2C,11,4.8006,77.0,6,49.91,0.2842
2436,S2C,11,5.0092,79.0,6,47.83,0.2825
2436,E2C,4,12.9085,0.0,0,18.56,0.0381
2436,W2C,4,12.8543,0.0,0,18.64,0.0389
2437,N2C,11,4.4327,83.0,6,54.05,0.2935
2437,S2C,11,4.8158,85.0,6,49.75,0.2893
2437,E2C,4,12.463,0.0,0,19.22,0.0445
2437,W2C,4,12.5636,0.0,0,19.07,0.0431
2438,N2C,11,4.4112,89.0,6,54.32,0.2978
2438,S2C,11,4.4777,92.0,7,53.51,0.3049
2438,E2C,4,12.7263,0.0,0,18.83,0.0408
2438,W2C,4,13.0217,0.0,0,18.4,0.0365
2439,N2C,11,4.3792,96.0,7,54.71,0.3089
2439,S2C,11,4.023,99.0,7,59.56,0.3161
2439,E2C,4,12.3656,0.0,0,19.38,0.0459
2439,W2C,4,12.6509,0.0,0,18.94,0.0418
2440,N2C,12,5.0998,103.0,7,46.98,0.3092
2440,S2C,12,4.4396,106.0,7,53.97,0.3207
2440,E2C,4,13.0158,0.0,0,18.41,0.0366
2440,W2C,5,12.9658,0.0,0,18.48,0.0433
2441,N2C,12,4.7264,110.0,7,50.69,0.3193
2441,S2C,12,4.4379,113.0,7,53.99,0.3254
2441,E2C,4,12.7045,0.0,0,18.86,0.0411
2441,W2C,5,11.9322,0.0,0,20.08,0.0582
2442,N2C,12,4.8529,117.0,7,49.37,0.3221
2442,S2C,12,4.2372,121.0,8,56.55,0.3397
2442,E2C,4,12.5688,0.0,0,19.06,0.043
2442,W2C,5,11.1437,0.0,0,21.5,0.0695
2443,N2C,10,5.0696,67.0,5,47.26,0.2617
2443,S2C,10,4.5962,74.0,6,52.13,0.2792
2443,E2C,4,12.5551,0.0,0,19.08,0.0432
2443,W2C,5,10.2695,0.0,0,23.33,0.0821
2444,N2C,10,4.7145,32.0,3,50.82,0.2315
2444,S2C,10,4.5324,36.0,4,52.86,0.2427
2444,E2C,4,12.32,0.0,0,19.45,0.0466
2444,W2C,5,9.9387,1.0,1,24.11,0.0936
2445,N2C,11,5.6317,7.0,1,42.54,0.1956
2445,S2C,11,5.7448,13.0,3,41.71,0.2099
2445,E2C,5,12.6335,0.0,0,18.97,0.0481
2445,W2C,6,9.6163,2.0,1,24.92,0.1049
2446,N2C,10,6.0124,1.0,1,39.85,0.1801
2446,S2C,9,6.3961,2.0,1,37.46,0.1692
2446,E2C,5,11.7934,0.0,0,20.32,0.0602
2446,W2C,6,8.9015,3.0,1,26.92,0.1158
2447,N2C,9,6.508,0.0,0,36.82,0.1603
2447,S2C,9,6.7929,0.0,0,35.27,0.1562
2447,E2C,5,10.9654,0.0,0,21.85,0.0721
2447,W2C,6,8.5243,4.0,1,28.11,0.1219
2448,N2C,8,7.3767,0.0,0,32.48,0.1418
2448,S2C,8,7.5366,0.0,0,31.79,0.1395
2448,E2C,5,10.3002,0.0,0,23.26,0.0817
2448,W2C,6,8.5815,6.0,2,27.92,0.1284
2449,N2C,8,8.556,0.0,0,28.0,0.1248
2449,S2C,8,9.1956,0.0,0,26.06,0.1156
2449,E2C,6,10.8887,0.0,0,22.0,0.0792
2449,W2C,7,8.3367,8.0,2,28.74,0.1393
2450,N2C,7,9.6406,0.0,0,24.85,0.1032
2450,S2C,7,10.413,0.0,0,23.01,0.0921
2450,E2C,6,10.3227,1.0,1,23.21,0.094
2450,W2C,7,7.5841,10.0,2,31.59,0.1515
2451,N2C,6,10.4025,0.0,0,23.03,0.0862
2451,S2C,6,11.0612,0.0,0,21.66,0.0767
2451,E2C,6,9.9072,2.0,1,24.18,0.1007
2451,W2C,7,7.0223,12.0,2,34.12,0.1609
2452,N2C,6,11.289,0.0,0,21.22,0.0735
2452,S2C,5,11.7173,0.0,0,20.45,0.0613
2452,E2C,6,9.1603,3.0,1,26.16,0.1121
2452,W2C,7,6.9544,14.0,2,34.45,0.1632
2453,N2C,4,12.9422,0.0,0,18.51,0.0376
2453,S2C,4,12.5881,0.0,0,19.03,0.0427
2453,E2C,6,8.3422,4.0,1,28.72,0.1245
2453,W2C,7,6.5834,17.0,3,36.39,0.1765
2454,N2C,5,12.9518,0.0,0,18.5,0.0435
2454,S2C,5,13.1046,0.0,0,18.28,0.0413
2454,E2C,7,8.5755,6.0,2,27.94,0.1345
2454,W2C,8,6.769,20.0,3,35.4,0.1819
2455,N2C,5,12.4817,0.0,0,19.2,0.0503
2455,S2C,4,13.5004,0.0,0,17.75,0.0296
2455,E2C,7,7.8203,8.0,2,30.64,0.1467
2455,W2C,8,6.4143,23.0,3,37.35,0.189
2456,N2C,4,13.0467,0.0,0,18.36,0.0361
2456,S2C,4,13.3901,0.0,0,17.89,0.0312
2456,E2C,7,7.793,10.0,2,30.75,0.1485
2456,W2C,8,6.248,26.0,3,38.35,0.1934
2457,N2C,4,12.9585,0.0,0,18.49,0.0374
2457,S2C,4,13.1299,0.0,0,18.25,0.0349
2457,E2C,7,6.8332,13.0,3,35.06,0.1703
2457,W2C,8,6.185,29.0,3,38.74,0.1963
2458,N2C,4,12.5557,0.0,0,19.08,0.0432
2458,S2C,4,13.445,0.0,0,17.82,0.0304
2458,E2C,8,6.9818,16.0,3,34.32,0.1761
2458,W2C,9,6.5157,33.0,4,36.77,0.2062
2459,N2C,4,12.4031,0.0,0,19.32,0.0454
2459,S2C,4,13.4361,0.0,0,17.83,0.0305
2459,E2C,8,6.4099,19.0,3,37.38,0.1864
2459,W2C,9,5.8861,37.0,4,40.71,0.2179
2460,N2C,4,12.7352,0.0,0,18.81,0.0406
2460,S2C,4,13.5391,0.0,0,17.7,0.0291
2460,E2C,8,6.2983,22.0,3,38.04,0.19
2460,W2C,9,5.4902,41.0,4,43.64,0.2263
2461,N2C,4,12.564,0.0,0,19.07,0.0431
2461,S2C,4,12.9794,0.0,0,18.46,0.0371
2461,E2C,8,6.2906,26.0,4,38.09,0.1988
2461,W2C,9,5.361,45.0,4,44.69,0.2308
2462,N2C,4,12.7616,0.0,0,18.78,0.0402
2462,S2C,4,13.1462,0.0,0,18.23,0.0347
2462,E2C,8,5.6826,30.0,4,42.16,0.2102
2462,W2C,9,4.8107,50.0,5,49.81,0.2481
2463,N2C,5,12.9658,0.0,0,18.48,0.0433
2463,S2C,4,13.7379,0.0,0,17.44,0.0262
2463,E2C,9,6.0344,34.0,4,39.71,0.2138
2463,W2C,10,5.5377,55.0,5,43.27,0.2469
2464,N2C,4,12.5407,0.0,0,19.11,0.0434
2464,S2C,4,13.2923,0.0,0,18.03,0.0326
2464,E2C,9,5.51,39.0,5,43.48,0.2307
2464,W2C,10,5.089,60.0,5,47.08,0.2567
2465,N2C,4,12.696,0.0,0,18.87,0.0412
2465,S2C,4,13.142,0.0,0,18.23,0.0348
2465,E2C,9,5.3493,44.0,5,44.79,0.2363
2465,W2C,10,5.1494,65.0,5,46.53,0.2592
2466,N2C,4,12.5196,0.0,0,19.14,0.0437
2466,S2C,4,13.384,0.0,0,17.9,0.0313
2466,E2C,9,4.9056,49.0,5,48.84,0.246
2466,W2C,10,4.9482,70.0,5,48.42,0.2654
2467,N2C,3,12.352,0.0,0,19.4,0.0401
2467,S2C,4,13.4644,0.0,0,17.8,0.0301
2467,E2C,10,5.5176,54.0,5,43.42,0.2466
2467,W2C,11,5.8675,76.0,6,40.83,0.2682
2468,N2C,4,12.7172,0.0,0,18.84,0.0409
2468,S2C,4,13.2619,0.0,0,18.07,0.033
2468,E2C,10,5.0839,59.0,5,47.13,0.2561
2468,W2C,11,5.855,82.0,6,40.92,0.2724
2469,N2C,4,12.3875,0.0,0,19.34,0.0456
2469,S2C,4,13.3173,0.0,0,17.99,0.0322
2469,E2C,10,4.9472,64.0,5,48.43,0.2614
2469,W2C,11,5.6529,88.0,6,42.38,0.2793
2470,N2C,4,12.4162,0.0,0,19.3,0.0452
2470,S2C,4,13.1648,0.0,0,18.2,0.0344
2470,E2C,10,4.6626,70.0,6,51.39,0.2755
2470,W2C,11,4.8792,94.0,6,49.11,0.2944
2471,N2C,4,12.4792,0.0,0,19.2,0.0443
2471,S2C,4,13.6112,0.0,0,17.6,0.028
2471,E2C,10,4.0805,76.0,6,58.72,0.2879
2471,W2C,11,4.1624,100.0,6,57.56,0.3087
2472,N2C,5,12.6699,0.0,0,18.91,0.0476
2472,S2C,4,13.384,0.0,0,17.9,0.0313
2472,E2C,11,4.5414,82.0,6,52.76,0.2913
2472,W2C,12,4.5251,106.0,6,52.95,0.3135
2473,N2C,4,12.5811,0.0,0,19.04,0.0428
2473,S2C,4,13.1907,0.0,0,18.16,0.0341
2473,E2C,11,4.5058,88.0,6,53.18,0.2958
2473,W2C,12,4.1794,113.0,7,57.33,0.3292
2474,N2C,4,12.4643,0.0,0,19.22,0.0445
2474,S2C,4,13.3712,0.0,0,17.92,0.0315
2474,E2C,11,4.5947,95.0,7,52.15,0.3052
2474,W2C,12,3.7186,121.0,8,64.43,0.3471
2475,N2C,4,12.9559,0.0,0,18.49,0.0374
2475,S2C,4,12.4958,0.0,0,19.17,0.0441
2475,E2C,11,4.4574,102.0,7,53.75,0.3118
2475,W2C,12,3.6445,129.0,8,65.74,0.3535
2476,N2C,5,13.0557,0.0,0,18.35,0.042
2476,S2C,5,12.1182,0.0,0,19.77,0.0555
2476,E2C,10,6.174,59.0,5,38.81,0.2404
2476,W2C,11,4.9006,75.0,6,48.89,0.2814
2477,N2C,5,12.8771,0.0,0,18.61,0.0446
2477,S2C,5,11.3964,0.0,0,21.02,0.0659
2477,E2C,10,6.4266,26.0,3,37.28,0.2028
2477,W2C,11,4.9427,37.0,5,48.48,0.2495
2478,N2C,5,11.6489,0.0,0,20.57,0.0623
2478,S2C,5,10.5973,1.0,1,22.61,0.0841
2478,E2C,10,6.717,5.0,1,35.67,0.1726
2478,W2C,11,5.3356,13.0,3,44.91,0.2158
2479,N2C,5,11.2241,0.0,0,21.35,0.0684
2479,S2C,5,10.5357,2.0,1,22.74,0.0856
2479,E2C,8,7.0103,0.0,0,34.18,0.1471
2479,W2C,10,5.7232,3.0,1,41.86,0.1856
2480,N2C,5,9.9051,0.0,0,24.19,0.0874
2480,S2C,5,10.0487,3.0,1,23.84,0.0933
2480,E2C,8,6.8685,0.0,0,34.88,0.1491
2480,W2C,9,6.1128,0.0,0,39.2,0.166
2481,N2C,6,10.347,0.0,0,23.16,0.087
2481,S2C,6,10.2488,4.0,1,23.38,0.0971
2481,E2C,8,8.7147,0.0,0,27.49,0.1225
2481,W2C,9,7.6806,0.0,0,31.2,0.1434
2482,N2C,6,9.2449,1.0,1,25.92,0.1096
2482,S2C,6,9.6101,5.0,1,24.93,0.107
2482,E2C,7,9.7146,0.0,0,24.66,0.1021
2482,W2C,8,8.3742,0.0,0,28.61,0.1274
2483,N2C,6,8.5775,2.0,1,27.93,0.1198
2483,S2C,6,8.6345,6.0,1,27.75,0.1217
2483,E2C,6,10.3771,0.0,0,23.09,0.0866
2483,W2C,8,8.8213,0.0,0,27.16,0.121
2484,N2C,6,8.7156,4.0,2,27.49,0.1252
2484,S2C,6,8.1657,8.0,2,29.34,0.1358
2484,E2C,5,11.2808,0.0,0,21.24,0.0676
2484,W2C,6,9.8327,0.0,0,24.37,0.0944
2485,N2C,7,9.2367,6.0,2,25.94,0.125
2485,S2C,7,8.1794,10.0,2,29.29,0.1429
2485,E2C,6,12.1191,0.0,0,19.77,0.0615
2485,W2C,7,11.436,0.0,0,20.95,0.0773
2486,N2C,7,8.932,8.0,2,26.82,0.1307
2486,S2C,7,7.3674,12.0,2,32.52,0.1559
2486,E2C,4,13.3365,0.0,0,17.97,0.032
2486,W2C,5,12.7687,0.0,0,18.76,0.0461
2487,N2C,7,8.4659,10.0,2,28.3,0.1388
2487,S2C,7,7.5179,14.0,2,31.87,0.1551
2487,E2C,4,12.9542,0.0,0,18.5,0.0375
2487,W2C,4,13.1514,0.0,0,18.22,0.0346
2488,N2C,7,7.9095,12.0,2,30.29,0.1481
2488,S2C,7,7.5351,17.0,3,31.8,0.1628
2488,E2C,4,12.7383,0.0,0,18.81,0.0406
2488,W2C,4,13.0409,0.0,0,18.37,0.0362
2489,N2C,7,6.8561,14.0,2,34.95,0.1646
2489,S2C,7,6.7557,20.0,3,35.47,0.1761
2489,E2C,4,13.2047,0.0,0,18.15,0.0339
2489,W2C,4,13.1076,0.0,0,18.28,0.0353
2490,N2C,8,7.348,16.0,2,32.61,0.1649
2490,S2C,8,7.0923,23.0,3,33.78,0.1792
2490,E2C,5,12.9264,0.0,0,18.54,0.0439
2490,W2C,4,12.9388,0.0,0,18.52,0.0377
2491,N2C,8,6.8913,19.0,3,34.77,0.1794
2491,S2C,8,6.3951,26.0,3,37.47,0.1913
2491,E2C,5,12.8191,0.0,0,18.69,0.0454
2491,W2C,4,12.7596,0.0,0,18.78,0.0403
2492,N2C,8,6.3698,22.0,3,37.62,0.1889
2492,S2C,8,5.9435,29.0,3,40.31,0.1998
2492,E2C,4,12.7462,0.0,0,18.8,0.0405
2492,W2C,4,13.1073,0.0,0,18.28,0.0353
2493,N2C,8,5.8883,26.0,4,40.69,0.2045
2493,S2C,8,5.4999,33.0,4,43.56,0.2148
2493,E2C,4,12.8245,0.0,0,18.68,0.0393
2493,W2C,4,12.9682,0.0,0,18.48,0.0373
2494,N2C,9,5.8395,30.0,4,41.03,0.2139
2494,S2C,9,5.9134,37.0,4,40.52,0.2175
2494,E2C,4,12.3223,0.0,0,19.44,0.0466
2494,W2C,5,12.8289,0.0,0,18.68,0.0453
2495,N2C,9,5.38,35.0,5,44.54,0.2299
2495,S2C,9,5.5675,41.0,4,43.04,0.2252
2495,E2C,4,12.2363,0.0,0,19.58,0.0478
2495,W2C,4,12.7749,0.0,0,18.76,0.0401
2496,N2C,9,5.5112,40.0,5,43.48,0.2313
2496,S2C,9,5.6118,46.0,5,42.7,0.2339
2496,E2C,4,12.1801,0.0,0,19.67,0.0486
2496,W2C,4,12.8293,0.0,0,18.68,0.0393
2497,N2C,9,5.0746,45.0,5,47.22,0.2409
2497,S2C,9,5.2951,51.0,5,45.25,0.2418
2497,E2C,4,12.012,0.0,0,19.95,0.051
2497,W2C,4,12.4632,0.0,0,19.22,0.0445
2498,N2C,9,4.626,50.0,5,51.79,0.2507
2498,S2C,9,5.0037,56.0,5,47.88,0.2493
2498,E2C,4,11.8538,0.0,0,20.21,0.0533
2498,W2C,4,12.4893,0.0,0,19.18,0.0442
2499,N2C,10,5.0667,55.0,5,47.29,0.2537
2499,S2C,10,5.1991,61.0,5,46.08,0.2558
2499,E2C,4,12.403,0.0,0,19.32,0.0454
2499,W2C,5,13.0918,0.0,0,18.3,0.0415
2500,N2C,10,4.8694,60.0,5,49.21,0.2599
2500,S2C,10,5.0002,66.0,5,47.92,0.262
2500,E2C,4,12.1648,0.0,0,19.7,0.0488
2500,W2C,4,12.9105,0.0,0,18.56,0.0381
2501,N2C,10,4.3543,65.0,5,55.03,0.2706
2501,S2C,10,5.0426,72.0,6,47.52,0.2714
2501,E2C,4,12.234,0.0,0,19.58,0.0478
2501,W2C,4,12.6348,0.0,0,18.96,0.0421
2502,N2C,10,3.795,71.0,6,63.14,0.2887
2502,S2C,10,4.501,78.0,6,53.23,0.2832
2502,E2C,4,12.6642,0.0,0,18.92,0.0416
2502,W2C,4,12.6787,0.0,0,18.9,0.0414
2503,N2C,11,4.5359,77.0,6,52.82,0.288
2503,S2C,11,4.9502,84.0,6,48.4,0.2867
2503,E2C,4,12.4133,0.0,0,19.3,0.0453
2503,W2C,4,12.5877,0.0,0,19.03,0.0428
2504,N2C,11,4.245,83.0,6,56.44,0.2962
2504,S2C,11,4.6828,90.0,6,51.17,0.2946
2504,E2C,4,12.2077,0.0,0,19.63,0.0482
2504,W2C,4,12.5009,0.0,0,19.17,0.044
2505,N2C,11,4.2883,90.0,7,55.87,0.3063
2505,S2C,11,4.6746,96.0,6,51.26,0.2987
2505,E2C,4,11.961,0.0,0,20.03,0.0518
2505,W2C,4,12.3611,0.0,0,19.38,0.046
2506,N2C,11,3.9635,97.0,7,60.45,0.3156
2506,S2C,11,4.6939,102.0,6,51.04,0.3024
2506,E2C,4,12.3746,0.0,0,19.36,0.0458
2506,W2C,4,12.6573,0.0,0,18.93,0.0418
2507,N2C,11,3.4814,104.0,7,68.82,0.3272
2507,S2C,11,4.4906,109.0,7,53.36,0.316
2507,E2C,4,12.2651,0.0,0,19.54,0.0474
2507,W2C,4,11.8458,0.0,0,20.23,0.0534
2508,N2C,12,3.8165,111.0,7,62.78,0.333
2508,S2C,12,4.9985,116.0,7,47.93,0.3194
2508,E2C,5,12.4246,0.0,0,19.28,0.0511
2508,W2C,5,11.565,0.0,0,20.72,0.0635
2509,N2C,10,4.6505,64.0,5,51.52,0.2657
2509,S2C,10,6.1147,65.0,5,39.18,0.2453
2509,E2C,5,12.3849,0.0,0,19.35,0.0517
2509,W2C,5,10.656,0.0,0,22.49,0.0766
2510,N2C,10,4.8011,31.0,3,49.91,0.2295
2510,S2C,10,5.7354,29.0,3,41.78,0.2148
2510,E2C,5,11.327,0.0,0,21.15,0.0669
2510,W2C,5,10.049,0.0,0,23.84,0.0853
2511,N2C,10,5.3609,8.0,2,44.69,0.2001
2511,S2C,10,5.2624,5.0,1,45.53,0.1936
2511,E2C,5,10.5883,0.0,0,22.63,0.0775
2511,W2C,5,9.7853,1.0,1,24.49,0.0958
2512,N2C,9,7.4151,0.0,0,32.31,0.1472
2512,S2C,9,6.5349,0.0,0,36.66,0.1599
2512,E2C,6,10.8089,0.0,0,22.17,0.0804
2512,W2C,6,10.2762,2.0,1,23.32,0.0954
2513,N2C,9,8.1033,0.0,0,29.57,0.1373
2513,S2C,9,7.2708,0.0,0,32.95,0.1493
2513,E2C,6,10.6977,1.0,1,22.4,0.0886
2513,W2C,6,10.2683,3.0,1,23.33,0.0961
2514,N2C,8,9.0537,0.0,0,26.46,0.1176
2514,S2C,8,7.9569,0.0,0,30.11,0.1334
2514,E2C,6,10.6882,2.0,1,22.42,0.0894
2514,W2C,6,9.1093,4.0,1,26.3,0.1135
2515,N2C,7,10.053,0.0,0,23.83,0.0972
2515,S2C,7,8.8393,0.0,0,27.11,0.1147
2515,E2C,6,10.1533,3.0,1,23.6,0.0978
2515,W2C,6,8.5584,5.0,1,28.0,0.1221
2516,N2C,6,11.0816,0.0,0,21.62,0.0764
2516,S2C,6,9.1299,0.0,0,26.24,0.1045
2516,E2C,6,9.234,4.0,1,25.95,0.1117
2516,W2C,6,8.229,6.0,1,29.12,0.1275
2517,N2C,6,11.7158,0.0,0,20.45,0.0673
2517,S2C,6,11.1663,0.0,0,21.46,0.0752
2517,E2C,7,8.9938,5.0,1,26.64,0.1218
2517,W2C,7,8.3864,7.0,1,28.57,0.1319
2518,N2C,6,11.6597,0.0,0,20.55,0.0681
2518,S2C,6,11.1232,0.0,0,21.54,0.0758
2518,E2C,7,8.1271,6.0,1,29.48,0.135
2518,W2C,7,7.6738,9.0,2,31.22,0.1495
2519,N2C,6,11.6672,0.0,0,20.54,0.068
2519,S2C,4,12.9616,0.0,0,18.49,0.0374
2519,E2C,7,7.5377,8.0,2,31.79,0.1508
2519,W2C,7,7.1619,11.0,2,33.45,0.1582
2520,N2C,4,12.3376,0.0,0,19.42,0.0464
2520,S2C,4,12.8813,0.0,0,18.6,0.0385
2520,E2C,7,6.745,11.0,3,35.52,0.1702
2520,W2C,7,7.2815,14.0,3,32.91,0.1645
2521,N2C,5,12.4418,0.0,0,19.26,0.0509
2521,S2C,4,12.562,0.0,0,19.07,0.0431
2521,E2C,8,7.3004,14.0,3,32.82,0.1702
2521,W2C,8,7.7901,17.0,3,30.76,0.1652
2522,N2C,4,12.5815,0.0,0,19.04,0.0428
2522,S2C,4,12.4982,0.0,0,19.17,0.044
2522,E2C,8,6.8265,17.0,3,35.1,0.179
2522,W2C,8,7.3582,20.0,3,32.56,0.1734
2523,N2C,4,12.7133,0.0,0,18.85,0.0409
2523,S2C,4,12.1688,0.0,0,19.69,0.0488
2523,E2C,8,6.6201,20.0,3,36.19,0.184
2523,W2C,8,7.5471,23.0,3,31.75,0.1727
2524,N2C,4,12.7594,0.0,0,18.78,0.0403
2524,S2C,4,12.5456,0.0,0,19.1,0.0434
2524,E2C,8,6.554,23.0,3,36.56,0.187
2524,W2C,8,6.8914,26.0,3,34.77,0.1841
2525,N2C,4,12.8473,0.0,0,18.65,0.039
2525,S2C,4,12.7644,0.0,0,18.77,0.0402
2525,E2C,8,5.8476,27.0,4,40.97,0.2058
2525,W2C,8,6.0624,29.0,3,39.52,0.198
2526,N2C,5,12.6575,0.0,0,18.93,0.0477
2526,S2C,4,11.9793,0.0,0,20.0,0.0515
2526,E2C,9,6.2382,31.0,4,38.41,0.2088
2526,W2C,9,6.3179,33.0,4,37.92,0.209
2527,N2C,5,12.8863,0.0,0,18.59,0.0445
2527,S2C,4,11.9307,0.0,0,20.08,0.0522
2527,E2C,9,5.8889,36.0,5,40.69,0.2232
2527,W2C,9,5.9388,37.0,4,40.34,0.2172
2528,N2C,5,12.7443,0.0,0,18.8,0.0465
2528,S2C,4,12.2872,0.0,0,19.5,0.0471
2528,E2C,9,5.6442,41.0,5,42.45,0.2301
2528,W2C,9,5.5095,41.0,4,43.49,0.226
2529,N2C,4,13.1321,0.0,0,18.25,0.0349
2529,S2C,4,12.2222,0.0,0,19.6,0.048
2529,E2C,9,5.1814,46.0,5,46.24,0.2401
2529,W2C,9,4.887,46.0,5,49.03,0.2443
2530,N2C,4,13.711,0.0,0,17.48,0.0266
2530,S2C,5,12.6135,0.0,0,19.0,0.0484
2530,E2C,10,5.5718,51.0,5,43.0,0.2438
2530,W2C,10,5.2643,51.0,5,45.51,0.2482
2531,N2C,4,13.2746,0.0,0,18.05,0.0329
2531,S2C,5,12.5058,0.0,0,19.16,0.0499
2531,E2C,10,5.2759,56.0,5,45.41,0.2514
2531,W2C,10,4.9667,56.0,5,48.24,0.2558
2532,N2C,4,13.0536,0.0,0,18.36,0.036
2532,S2C,5,12.4049,0.0,0,19.32,0.0514
2532,E2C,10,5.3406,61.0,5,44.86,0.2538
2532,W2C,10,4.9626,62.0,6,48.28,0.2659
2533,N2C,4,13.548,0.0,0,17.69,0.0289
2533,S2C,4,12.6279,0.0,0,18.97,0.0422
2533,E2C,10,4.7811,67.0,6,50.11,0.2718
2533,W2C,10,4.5228,68.0,6,52.98,0.2762
2534,N2C,4,13.5478,0.0,0,17.69,0.0289
2534,S2C,4,12.524,0.0,0,19.13,0.0437
2534,E2C,10,4.2614,73.0,6,56.23,0.2833
2534,W2C,10,3.9895,74.0,6,60.06,0.2879
2535,N2C,4,13.2726,0.0,0,18.05,0.0329
2535,S2C,4,12.4618,0.0,0,19.23,0.0446
2535,E2C,11,4.7668,79.0,6,50.26,0.286
2535,W2C,11,4.4211,80.0,6,54.2,0.2917
2536,N2C,4,13.4854,0.0,0,17.77,0.0298
2536,S2C,4,12.557,0.0,0,19.08,0.0432
2536,E2C,11,4.5832,85.0,6,52.28,0.2927
2536,W2C,11,4.2367,86.0,6,56.55,0.2983
2537,N2C,4,13.5514,0.0,0,17.68,0.0289
2537,S2C,4,11.9975,0.0,0,19.97,0.0512
2537,E2C,11,4.1804,91.0,6,57.32,0.3025
2537,W2C,11,4.2971,93.0,7,55.76,0.3081
2538,N2C,4,13.3455,0.0,0,17.95,0.0318
2538,S2C,4,12.0583,0.0,0,19.87,0.0504
2538,E2C,11,3.8602,98.0,7,62.07,0.3178
2538,W2C,11,4.1829,100.0,7,57.28,0.3144
2539,N2C,4,13.5648,0.0,0,17.66,0.0287
2539,S2C,5,12.2426,0.0,0,19.57,0.0537
2539,E2C,12,4.4635,105.0,7,53.68,0.3197
2539,W2C,12,4.5488,107.0,7,52.67,0.3198
2540,N2C,4,13.4707,0.0,0,17.79,0.03
2540,S2C,5,12.4965,0.0,0,19.17,0.0501
2540,E2C,12,4.2633,112.0,7,56.2,0.3273
2540,W2C,12,4.67,114.0,7,51.31,0.3228
2541,N2C,4,13.0311,0.0,0,18.39,0.0364
2541,S2C,5,11.7601,0.0,0,20.37,0.0607
2541,E2C,12,4.0946,120.0,8,58.52,0.341
2541,W2C,12,3.9396,121.0,7,60.82,0.3379
2542,N2C,4,12.8904,0.0,0,18.59,0.0384
2542,S2C,5,10.5529,0.0,0,22.7,0.0781
2542,E2C,10,4.522,75.0,6,52.99,0.2809
2542,W2C,10,4.1421,71.0,5,57.84,0.2777
2543,N2C,4,12.9995,0.0,0,18.43,0.0368
2543,S2C,5,10.2645,0.0,0,23.34,0.0822
2543,E2C,10,4.3193,37.0,4,55.47,0.2465
2543,W2C,10,3.9113,34.0,3,61.26,0.2443
2544,N2C,5,12.0608,0.0,0,19.87,0.0563
2544,S2C,6,10.3475,0.0,0,23.16,0.087
2544,E2C,11,5.2945,11.0,2,45.25,0.2091
2544,W2C,11,5.1805,9.0,2,46.25,0.2094
2545,N2C,5,10.8761,0.0,0,22.03,0.0734
2545,S2C,6,9.7574,1.0,1,24.56,0.1022
2545,E2C,9,6.2715,0.0,0,38.2,0.1637
2545,W2C,10,5.9313,1.0,1,40.4,0.1813
2546,N2C,5,10.6138,0.0,0,22.57,0.0772
2546,S2C,6,9.4074,2.0,1,25.47,0.1079
2546,E2C,9,6.8873,0.0,0,34.79,0.1548
2546,W2C,9,6.9446,0.0,0,34.5,0.154
2547,N2C,5,10.0286,1.0,1,23.89,0.0923
2547,S2C,6,8.1663,3.0,1,29.34,0.1264
2547,E2C,7,8.1559,0.0,0,29.38,0.1246
2547,W2C,8,7.912,0.0,0,30.28,0.1341
2548,N2C,6,9.8791,2.0,1,24.25,0.1011
2548,S2C,7,8.0116,4.0,1,29.91,0.1353
2548,E2C,8,9.3909,0.0,0,25.51,0.1128
2548,W2C,8,9.6334,0.0,0,24.87,0.1093
2549,N2C,6,9.051,3.0,1,26.47,0.1137
2549,S2C,7,7.3471,5.0,1,32.61,0.1455
2549,E2C,7,9.9422,0.0,0,24.1,0.0988
2549,W2C,7,10.2002,0.0,0,23.49,0.0951
2550,N2C,6,8.7078,5.0,2,27.52,0.126
2550,S2C,7,7.1809,6.0,1,33.37,0.1486
2550,E2C,6,10.7427,0.0,0,22.3,0.0813
2550,W2C,6,11.2736,0.0,0,21.25,0.0737
2551,N2C,6,8.8332,7.0,2,27.12,0.1255
2551,S2C,7,6.9379,8.0,2,34.54,0.1594
2551,E2C,5,11.6916,0.0,0,20.49,0.0617
2551,W2C,6,11.2815,0.0,0,21.24,0.0736
2552,N2C,6,8.2334,9.0,2,29.1,0.1354
2552,S2C,7,6.8895,11.0,3,34.78,0.1681
2552,E2C,4,12.334,0.0,0,19.43,0.0464
2552,W2C,4,12.2493,0.0,0,19.56,0.0476
2553,N2C,7,7.959,11.0,2,30.1,0.1467
2553,S2C,8,7.3278,14.0,3,32.7,0.1698
2553,E2C,5,12.5506,0.0,0,19.09,0.0493
2553,W2C,5,12.6985,0.0,0,18.87,0.0472
2554,N2C,7,7.0333,13.0,2,34.07,0.1614
2554,S2C,8,6.8066,17.0,3,35.2,0.1793
2554,E2C,5,12.6447,0.0,0,18.95,0.0479
2554,W2C,5,12.3795,0.0,0,19.35,0.0518
2555,N2C,7,7.153,16.0,3,33.5,0.1677
2555,S2C,8,6.5453,20.0,3,36.61,0.1851
2555,E2C,4,12.5142,0.0,0,19.15,0.0438
2555,W2C,5,12.7423,0.0,0,18.8,0.0465
2556,N2C,7,6.6907,19.0,3,35.81,0.1763
2556,S2C,8,5.4922,23.0,3,43.63,0.2023
2556,E2C,4,13.0434,0.0,0,18.37,0.0362
2556,W2C,5,12.7515,0.0,0,18.79,0.0464
2557,N2C,8,7.0108,22.0,3,34.18,0.1797
2557,S2C,9,5.8571,27.0,4,40.91,0.2117
2557,E2C,4,12.3833,0.0,0,19.35,0.0457
2557,W2C,5,13.1164,0.0,0,18.27,0.0411
2558,N2C,8,6.3766,25.0,3,37.57,0.1909
2558,S2C,9,5.2898,31.0,4,45.29,0.2225
2558,E2C,4,12.0975,0.0,0,19.81,0.0498
2558,W2C,4,13.5684,0.0,0,17.66,0.0286
2559,N2C,8,6.3079,29.0,4,37.98,0.2005
2559,S2C,9,5.2126,36.0,5,45.97,0.2329
2559,E2C,4,12.2603,0.0,0,19.54,0.0475
2559,W2C,4,13.3425,0.0,0,17.96,0.0319
2560,N2C,8,6.1174,33.0,4,39.17,0.2059
2560,S2C,9,5.193,41.0,5,46.14,0.2366
2560,E2C,4,12.4588,0.0,0,19.23,0.0446
2560,W2C,4,13.0349,0.0,0,18.38,0.0363
2561,N2C,8,5.7868,37.0,4,41.4,0.2133
2561,S2C,9,4.8874,46.0,5,49.02,0.2443
2561,E2C,4,12.449,0.0,0,19.25,0.0447
2561,W2C,4,13.1123,0.0,0,18.27,0.0352
2562,N2C,9,6.0236,41.0,4,39.78,0.2186
2562,S2C,10,5.1196,51.0,5,46.8,0.2503
2562,E2C,5,12.4884,0.0,0,19.19,0.0502
2562,W2C,4,13.2667,0.0,0,18.06,0.033
2563,N2C,9,5.5158,45.0,4,43.44,0.2286
2563,S2C,10,4.8261,56.0,5,49.65,0.2578
2563,E2C,5,12.2729,0.0,0,19.52,0.0533
2563,W2C,4,12.8244,0.0,0,18.68,0.0393
2564,N2C,9,5.3159,49.0,4,45.07,0.2341
2564,S2C,10,4.6041,61.0,5,52.04,0.2644
2564,E2C,5,12.2075,0.0,0,19.63,0.0542
2564,W2C,4,12.9374,0.0,0,18.52,0.0377
2565,N2C,9,4.8321,54.0,5,49.58,0.2504
2565,S2C,10,4.4963,66.0,5,53.29,0.2693
2565,E2C,4,12.5792,0.0,0,19.05,0.0429
2565,W2C,4,13.5619,0.0,0,17.67,0.0287
2566,N2C,10,5.3747,59.0,5,44.58,0.2519
2566,S2C,11,5.309,72.0,6,45.13,0.2736
2566,E2C,4,12.5836,0.0,0,19.04,0.0428
2566,W2C,4,13.2244,0.0,0,18.12,0.0336
2567,N2C,10,4.9655,64.0,5,48.25,0.2612
2567,S2C,11,4.8195,78.0,6,49.71,0.2846
2567,E2C,4,12.5887,0.0,0,19.03,0.0427
2567,W2C,4,13.1867,0.0,0,18.17,0.0341
2568,N2C,10,5.0036,70.0,6,47.89,0.2706
2568,S2C,11,4.5568,84.0,6,52.58,0.2924
2568,E2C,4,12.4832,0.0,0,19.19,0.0443
2568,W2C,4,13.2575,0.0,0,18.07,0.0331
2569,N2C,10,4.9567,76.0,6,48.34,0.2753
2569,S2C,11,4.3114,90.0,6,55.57,0.2999
2569,E2C,4,12.798,0.0,0,18.72,0.0397
2569,W2C,4,13.3432,0.0,0,17.96,0.0319
2570,N2C,10,4.916,82.0,6,48.74,0.2799
2570,S2C,11,4.2773,96.0,6,56.02,0.3044
2570,E2C,4,12.6346,0.0,0,18.96,0.0421
2570,W2C,4,12.954,0.0,0,18.5,0.0375
2571,N2C,11,5.7453,88.0,6,41.7,0.2779
2571,S2C,12,5.008,103.0,7,47.84,0.3106
2571,E2C,4,12.358,0.0,0,19.39,0.0461
2571,W2C,4,13.0891,0.0,0,18.31,0.0355
2572,N2C,11,5.5674,94.0,6,43.04,0.2845
2572,S2C,12,4.5946,110.0,7,52.15,0.3212
2572,E2C,4,12.3472,0.0,0,19.41,0.0462
2572,W2C,4,13.5003,0.0,0,17.75,0.0296
2573,N2C,11,5.2866,100.0,6,45.32,0.2925
2573,S2C,12,4.2322,117.0,7,56.61,0.3311
2573,E2C,4,12.4021,0.0,0,19.32,0.0454
2573,W2C,4,13.1684,0.0,0,18.2,0.0344
2574,N2C,11,4.5283,106.0,6,52.91,0.3075
2574,S2C,12,4.0838,124.0,7,58.67,0.3379
2574,E2C,4,12.4086,0.0,0,19.31,0.0453
2574,W2C,4,12.3729,0.0,0,19.36,0.0458
2575,N2C,10,5.7337,57.0,4,41.79,0.2394
2575,S2C,11,5.4787,76.0,6,43.73,0.2738
2575,E2C,5,12.4753,0.0,0,19.21,0.0504
2575,W2C,5,11.8117,0.0,0,20.28,0.0599
2576,N2C,10,5.5557,23.0,4,43.13,0.2193
2576,S2C,11,5.2462,37.0,4,45.67,0.2391
2576,E2C,5,12.2407,0.0,0,19.57,0.0537
2576,W2C,5,10.783,0.0,0,22.22,0.0747
2577,N2C,10,5.9636,4.0,2,40.18,0.1888
2577,S2C,11,5.5526,10.0,2,43.15,0.2047
2577,E2C,5,12.0682,0.0,0,19.85,0.0562
2577,W2C,5,9.8266,0.0,0,24.38,0.0885
2578,N2C,9,6.6549,0.0,0,36.0,0.1582
2578,S2C,9,6.5672,1.0,1,36.48,0.1661
2578,E2C,5,11.459,0.0,0,20.91,0.065
2578,W2C,5,9.9163,0.0,0,24.16,0.0872
2579,N2C,8,7.24,0.0,0,33.09,0.1438
2579,S2C,9,7.271,0.0,0,32.95,0.1493
2579,E2C,5,10.5306,0.0,0,22.75,0.0784
2579,W2C,5,10.055,1.0,1,23.83,0.0919
2580,N2C,8,8.9518,0.0,0,26.77,0.1191
2580,S2C,9,8.8405,0.0,0,27.1,0.1267
2580,E2C,6,10.7239,0.0,0,22.34,0.0816
2580,W2C,6,9.6416,2.0,1,24.85,0.1045
2581,N2C,7,9.8182,0.0,0,24.4,0.1006
2581,S2C,8,8.8522,0.0,0,27.07,0.1205
2581,E2C,6,10.4079,0.0,0,23.02,0.0861
2581,W2C,6,8.8373,3.0,1,27.11,0.1168
2582,N2C,6,10.6203,0.0,0,22.56,0.0831
2582,S2C,7,9.4569,0.0,0,25.34,0.1058
2582,E2C,6,9.4073,1.0,1,25.47,0.1072
2582,W2C,6,8.0992,4.0,1,29.58,0.128
2583,N2C,5,11.7656,0.0,0,20.36,0.0606
2583,S2C,6,10.1308,0.0,0,23.65,0.0901
2583,E2C,6,8.2408,2.0,1,29.07,0.1247
2583,W2C,6,7.4243,5.0,1,32.27,0.1384
2584,N2C,5,12.9781,0.0,0,18.46,0.0431
2584,S2C,7,11.0763,0.0,0,21.63,0.0825
2584,E2C,7,8.0493,3.0,1,29.77,0.1341
2584,W2C,7,7.5729,6.0,1,31.64,0.143
2585,N2C,4,12.9547,0.0,0,18.5,0.0375
2585,S2C,5,12.0346,0.0,0,19.91,0.0567
2585,E2C,7,7.4704,5.0,2,32.07,0.1498
2585,W2C,7,7.1137,8.0,2,33.68,0.1569
2586,N2C,4,13.1412,0.0,0,18.23,0.0348
2586,S2C,4,12.9466,0.0,0,18.51,0.0376
2586,E2C,7,7.3044,7.0,2,32.8,0.1535
2586,W2C,7,6.7152,10.0,2,35.68,0.164
2587,N2C,4,13.3478,0.0,0,17.95,0.0318
2587,S2C,4,12.7788,0.0,0,18.75,0.04
2587,E2C,7,7.0404,9.0,2,34.03,0.1586
2587,W2C,7,6.8081,12.0,2,35.19,0.164
2588,N2C,4,13.4831,0.0,0,17.77,0.0299
2588,S2C,4,12.6728,0.0,0,18.91,0.0415
2588,E2C,7,7.5321,12.0,3,31.81,0.1595
2588,W2C,7,6.3101,15.0,3,37.97,0.1791
2589,N2C,4,13.3164,0.0,0,17.99,0.0323
2589,S2C,4,12.7335,0.0,0,18.82,0.0407
2589,E2C,8,7.6022,15.0,3,31.52,0.1665
2589,W2C,8,6.5243,18.0,3,36.72,0.1841
2590,N2C,4,12.9956,0.0,0,18.44,0.0369
2590,S2C,4,12.9575,0.0,0,18.49,0.0374
2590,E2C,8,7.1989,18.0,3,33.28,0.1743
2590,W2C,8,5.7754,21.0,3,41.49,0.1968
2591,N2C,4,13.3384,0.0,0,17.96,0.0319
2591,S2C,4,12.9938,0.0,0,18.44,0.0369
2591,E2C,8,6.3964,21.0,3,37.46,0.1879
2591,W2C,8,5.8184,24.0,3,41.18,0.1982
2592,N2C,4,13.0177,0.0,0,18.41,0.0366
2592,S2C,4,12.8156,0.0,0,18.7,0.0395
2592,E2C,8,5.6731,24.0,3,42.23,0.2003
2592,W2C,8,5.8018,28.0,4,41.3,0.2071
2593,N2C,4,13.2998,0.0,0,18.02,0.0325
2593,S2C,5,12.7932,0.0,0,18.73,0.0458
2593,E2C,9,6.0308,28.0,4,39.73,0.2098
2593,W2C,9,6.607,32.0,4,36.26,0.2042
2594,N2C,4,13.57,0.0,0,17.66,0.0286
2594,S2C,5,12.5554,0.0,0,19.08,0.0492
2594,E2C,9,5.8261,32.0,4,41.13,0.2154
2594,W2C,9,6.5826,36.0,4,36.4,0.2072
2595,N2C,4,13.2616,0.0,0,18.07,0.033
2595,S2C,4,12.2506,0.0,0,19.56,0.0476
2595,E2C,9,5.8484,36.0,4,40.97,0.2178
2595,W2C,9,6.1347,40.0,4,39.06,0.2163
2596,N2C,4,13.3352,0.0,0,17.97,0.032
2596,S2C,4,12.4311,0.0,0,19.27,0.045
2596,E2C,9,5.3501,41.0,5,44.78,0.2343
2596,W2C,9,5.6927,44.0,4,42.09,0.2254
2597,N2C,4,13.2709,0.0,0,18.05,0.0329
2597,S2C,4,12.8328,0.0,0,18.67,0.0392
2597,E2C,9,4.9942,46.0,5,47.98,0.2428
2597,W2C,9,5.4948,48.0,4,43.6,0.2309
2598,N2C,4,13.4758,0.0,0,17.78,0.03
2598,S2C,5,12.6929,0.0,0,18.88,0.0472
2598,E2C,10,5.6436,51.0,5,42.46,0.2427
2598,W2C,10,6.1338,53.0,5,39.06,0.237
2599,N2C,4,13.3976,0.0,0,17.88,0.0311
2599,S2C,4,12.2499,0.0,0,19.56,0.0476
2599,E2C,10,5.058,56.0,5,47.37,0.2545
2599,W2C,10,6.0549,58.0,5,39.57,0.2415
2600,N2C,4,13.3041,0.0,0,18.01,0.0324
2600,S2C,4,12.5975,0.0,0,19.02,0.0426
2600,E2C,10,5.1871,61.0,5,46.19,0.256
2600,W2C,10,5.9504,63.0,5,40.27,0.2463
2601,N2C,4,13.2085,0.0,0,18.14,0.0338
2601,S2C,4,12.1542,0.0,0,19.71,0.049
2601,E2C,10,5.07,67.0,6,47.26,0.2677
2601,W2C,10,5.2513,68.0,5,45.63,0.2597
2602,N2C,3,13.3859,0.0,0,17.9,0.0253
2602,S2C,4,12.1984,0.0,0,19.64,0.0484
2602,E2C,11,5.4846,73.0,6,43.69,0.2717
2602,W2C,11,5.2648,73.0,5,45.51,0.2689
2603,N2C,4,13.211,0.0,0,18.14,0.0338
2603,S2C,4,12.0508,0.0,0,19.88,0.0505
2603,E2C,11,5.1165,79.0,6,46.83,0.281
2603,W2C,11,4.6389,79.0,6,51.65,0.2879
2604,N2C,4,13.353,0.0,0,17.94,0.0317
2604,S2C,4,11.5643,0.0,0,20.72,0.0575
2604,E2C,11,4.6617,85.0,6,51.4,0.2915
2604,W2C,11,4.6336,86.0,7,51.71,0.2986
2605,N2C,4,13.0584,0.0,0,18.35,0.036
2605,S2C,4,12.2622,0.0,0,19.54,0.0474
2605,E2C,11,4.3691,92.0,7,54.84,0.3064
2605,W2C,11,4.6323,93.0,7,51.72,0.3033
2606,N2C,4,12.7341,0.0,0,18.82,0.0406
2606,S2C,4,11.7663,0.0,0,20.36,0.0546
2606,E2C,11,4.0368,99.0,7,59.35,0.3159
2606,W2C,11,4.1033,100.0,7,58.39,0.3156
2607,N2C,5,12.1571,0.0,0,19.71,0.055
2607,S2C,5,11.2224,0.0,0,21.35,0.0684
2607,E2C,12,4.5729,106.0,7,52.4,0.3188
2607,W2C,12,4.5687,107.0,7,52.44,0.3195
2608,N2C,5,10.8193,0.0,0,22.15,0.0742
2608,S2C,5,10.2903,0.0,0,23.28,0.0818
2608,E2C,10,5.0689,62.0,5,47.27,0.2583
2608,W2C,10,4.9038,60.0,5,48.86,0.2594
2609,N2C,5,10.5588,0.0,0,22.69,0.078
2609,S2C,5,9.5182,0.0,0,25.17,0.0929
2609,E2C,10,5.0491,29.0,4,47.45,0.2306
2609,W2C,10,4.7272,25.0,3,50.68,0.2266
2610,N2C,5,10.2546,0.0,0,23.37,0.0823
2610,S2C,5,9.7238,1.0,1,24.64,0.0967
2610,E2C,10,5.2343,8.0,2,45.77,0.202
2610,W2C,10,4.8719,8.0,2,49.18,0.2072
2611,N2C,6,10.0043,1.0,1,23.95,0.0986
2611,S2C,6,9.8219,2.0,1,24.39,0.1019
2611,E2C,9,6.9979,0.0,0,34.24,0.1532
2611,W2C,9,6.2675,2.0,1,38.23,0.1711
2612,N2C,6,9.3471,2.0,1,25.63,0.1087
2612,S2C,6,9.6798,3.0,1,24.75,0.1046
2612,E2C,9,7.6551,0.0,0,31.3,0.1438
2612,W2C,9,6.9266,0.0,0,34.59,0.1543
2613,N2C,6,8.6322,3.0,1,27.76,0.1197
2613,S2C,6,9.5105,4.0,1,25.19,0.1077
2613,E2C,7,8.6476,0.0,0,27.71,0.1175
2613,W2C,9,7.7806,0.0,0,30.79,0.142
2614,N2C,6,8.6851,4.0,1,27.59,0.1196
2614,S2C,6,9.0362,5.0,1,26.52,0.1152
2614,E2C,7,9.5017,0.0,0,25.22,0.1052
2614,W2C,7,8.9384,0.0,0,26.81,0.1133
2615,N2C,6,7.9569,6.0,2,30.11,0.1374
2615,S2C,6,8.1895,6.0,1,29.26,0.1281
2615,E2C,5,11.0426,0.0,0,21.7,0.071
2615,W2C,7,9.3108,0.0,0,25.73,0.1079
2616,N2C,7,7.7877,8.0,2,30.77,0.1472
2616,S2C,7,8.839,7.0,1,27.11,0.1254
2616,E2C,6,11.5896,0.0,0,20.67,0.0691
2616,W2C,6,11.2552,0.0,0,21.29,0.0739
2617,N2C,7,7.2228,10.0,2,33.17,0.1567
2617,S2C,7,8.2493,9.0,2,29.04,0.1412
2617,E2C,5,12.0414,0.0,0,19.9,0.0566
2617,W2C,6,11.5008,0.0,0,20.83,0.0704
2618,N2C,7,7.0951,12.0,2,33.77,0.1598
2618,S2C,7,7.9822,11.0,2,30.02,0.1464
2618,E2C,4,12.7711,0.0,0,18.76,0.0401
2618,W2C,4,12.3381,0.0,0,19.42,0.0463
2619,N2C,7,7.0648,15.0,3,33.91,0.1683
2619,S2C,7,7.3049,13.0,2,32.8,0.1575
2619,E2C,4,12.7914,0.0,0,18.73,0.0398
2619,W2C,4,12.5071,0.0,0,19.16,0.0439
2620,N2C,8,7.9174,18.0,3,30.26,0.164
2620,S2C,8,7.7697,15.0,2,30.84,0.1581
2620,E2C,4,12.9344,0.0,0,18.52,0.0378
2620,W2C,5,12.6868,0.0,0,18.89,0.0473
2621,N2C,8,7.0291,21.0,3,34.09,0.1788
2621,S2C,8,7.1896,18.0,3,33.33,0.1745
2621,E2C,4,13.0478,0.0,0,18.36,0.0361
2621,W2C,5,13.0013,0.0,0,18.43,0.0428
2622,N2C,8,6.5519,24.0,3,36.57,0.1877
2622,S2C,8,6.8977,21.0,3,34.74,0.1807
2622,E2C,4,12.6139,0.0,0,18.99,0.0424
2622,W2C,4,12.3761,0.0,0,19.36,0.0458
2623,N2C,8,5.7032,27.0,3,42.01,0.2019
2623,S2C,8,6.5125,24.0,3,36.79,0.1882
2623,E2C,4,12.4485,0.0,0,19.25,0.0448
2623,W2C,4,12.7832,0.0,0,18.74,0.0399
2624,N2C,8,5.4724,30.0,3,43.78,0.2072
2624,S2C,8,5.7167,27.0,3,41.91,0.2017
2624,E2C,4,12.7468,0.0,0,18.8,0.0405
2624,W2C,4,12.8181,0.0,0,18.69,0.0394
2625,N2C,9,5.623,34.0,4,42.61,0.2197
2625,S2C,9,6.1661,31.0,4,38.86,0.2099
2625,E2C,4,12.9083,0.0,0,18.56,0.0381
2625,W2C,5,12.9673,0.0,0,18.48,0.0433
2626,N2C,9,5.125,38.0,4,46.75,0.2295
2626,S2C,9,5.5437,35.0,4,43.22,0.2215
2626,E2C,4,12.8737,0.0,0,18.61,0.0386
2626,W2C,5,12.6329,0.0,0,18.97,0.0481
2627,N2C,9,5.2364,43.0,5,45.76,0.2373
2627,S2C,9,5.5069,39.0,4,43.51,0.2247
2627,E2C,4,12.9074,0.0,0,18.56,0.0381
2627,W2C,4,13.2527,0.0,0,18.08,0.0332
2628,N2C,9,4.9748,48.0,5,48.16,0.2444
2628,S2C,9,5.4411,44.0,5,44.03,0.235
2628,E2C,4,13.1078,0.0,0,18.28,0.0353
2628,W2C,4,13.2066,0.0,0,18.14,0.0338
2629,N2C,10,5.5545,53.0,5,43.14,0.2454
2629,S2C,10,5.9227,49.0,5,40.45,0.2374
2629,E2C,5,13.0806,0.0,0,18.32,0.0417
2629,W2C,4,13.0412,0.0,0,18.37,0.0362
2630,N2C,10,5.5839,58.0,5,42.91,0.2483
2630,S2C,10,5.4145,54.0,5,44.25,0.248
2630,E2C,4,12.6243,0.0,0,18.98,0.0422
2630,W2C,4,12.9172,0.0,0,18.55,0.038
2631,N2C,10,5.0418,63.0,5,47.52,0.2594
2631,S2C,10,5.058,59.0,5,47.37,0.2565
2631,E2C,4,12.7381,0.0,0,18.81,0.0406
2631,W2C,4,13.0486,0.0,0,18.36,0.0361
2632,N2C,10,5.0458,68.0,5,47.49,0.2627
2632,S2C,10,5.019,65.0,6,47.74,0.2671
2632,E2C,4,12.6341,0.0,0,18.96,0.0421
2632,W2C,4,12.8469,0.0,0,18.65,0.039
2633,N2C,10,4.7868,74.0,6,50.05,0.2764
2633,S2C,10,4.4555,71.0,6,53.78,0.2792
2633,E2C,4,12.9271,0.0,0,18.53,0.0379
2633,W2C,4,12.8795,0.0,0,18.6,0.0386
2634,N2C,11,5.7327,80.0,6,41.8,0.2728
2634,S2C,11,5.0811,77.0,6,47.15,0.2802
2634,E2C,5,12.9727,0.0,0,18.47,0.0432
2634,W2C,4,12.8236,0.0,0,18.68,0.0394
2635,N2C,11,5.2062,86.0,6,46.02,0.2844
2635,S2C,11,4.6545,83.0,6,51.48,0.2903
2635,E2C,5,12.6444,0.0,0,18.95,0.0479
2635,W2C,4,12.439,0.0,0,19.26,0.0449
2636,N2C,11,4.6531,92.0,6,51.49,0.2963
2636,S2C,11,4.5898,90.0,7,52.2,0.3019
2636,E2C,4,12.9627,0.0,0,18.48,0.0374
2636,W2C,4,12.6596,0.0,0,18.93,0.0417
2637,N2C,11,4.018,99.0,7,59.63,0.3161
2637,S2C,11,4.5663,97.0,7,52.47,0.3069
2637,E2C,4,13.1757,0.0,0,18.19,0.0343
2637,W2C,4,12.4695,0.0,0,19.21,0.0445
2638,N2C,12,4.4714,106.0,7,53.59,0.3203
2638,S2C,12,5.3389,104.0,7,44.88,0.3065
2638,E2C,4,13.084,0.0,0,18.31,0.0356
2638,W2C,5,11.9761,0.0,0,20.01,0.0576
2639,N2C,12,4.2403,113.0,7,56.51,0.3283
2639,S2C,12,4.9015,111.0,7,48.88,0.3174
2639,E2C,4,13.0873,0.0,0,18.31,0.0356
2639,W2C,5,10.885,0.0,0,22.01,0.0733
2640,N2C,12,4.2888,120.0,7,55.87,0.3322
2640,S2C,12,4.3657,118.0,7,54.88,0.3298
2640,E2C,4,12.7495,0.0,0,18.79,0.0404
2640,W2C,5,10.2043,0.0,0,23.48,0.0831
2641,N2C,10,5.0284,70.0,6,47.65,0.2703
2641,S2C,10,4.5009,69.0,6,53.23,0.2772
2641,E2C,4,13.0923,0.0,0,18.3,0.0355
2641,W2C,5,9.9406,0.0,0,24.1,0.0869
2642,N2C,10,5.3156,34.0,4,45.08,0.2301
2642,S2C,10,4.4376,35.0,4,53.99,0.2434
2642,E2C,4,13.0402,0.0,0,18.37,0.0362
2642,W2C,5,10.0639,1.0,1,23.81,0.0918
2643,N2C,11,6.2956,10.0,2,38.06,0.194
2643,S2C,11,5.4445,12.0,3,44.01,0.2136
2643,E2C,5,11.8637,0.0,0,20.2,0.0592
2643,W2C,6,10.3247,2.0,1,23.21,0.0947
2644,N2C,10,6.3192,0.0,0,37.92,0.169
2644,S2C,11,6.0331,2.0,1,39.71,0.1865
2644,E2C,5,10.9922,0.0,0,21.8,0.0717
2644,W2C,6,9.4259,3.0,1,25.42,0.1083
2645,N2C,9,6.5524,0.0,0,36.57,0.1597
2645,S2C,9,6.8409,0.0,0,35.02,0.1555
2645,E2C,5,10.2361,0.0,0,23.41,0.0826
2645,W2C,6,8.9274,4.0,1,26.84,0.1161
2646,N2C,9,7.1667,0.0,0,33.43,0.1508
2646,S2C,9,7.2053,0.0,0,33.25,0.1503
2646,E2C,5,9.7795,1.0,1,24.5,0.0959
2646,W2C,6,8.2575,5.0,1,29.02,0.1264
2647,N2C,8,8.9491,0.0,0,26.77,0.1191
2647,S2C,8,8.8343,0.0,0,27.12,0.1208
2647,E2C,6,10.0418,2.0,1,23.86,0.0987
2647,W2C,7,8.1301,6.0,1,29.47,0.1349
2648,N2C,8,9.9662,0.0,0,24.04,0.1045
2648,S2C,8,9.3151,0.0,0,25.72,0.1139
2648,E2C,6,8.9088,3.0,1,26.89,0.1157
2648,W2C,7,7.6997,8.0,2,31.12,0.1485
2649,N2C,6,11.2285,0.0,0,21.34,0.0743
2649,S2C,6,10.7867,0.0,0,22.21,0.0807
2649,E2C,6,8.9151,4.0,1,26.88,0.1163
2649,W2C,7,6.9216,10.0,2,34.62,0.161
2650,N2C,6,11.6427,0.0,0,20.58,0.0684
2650,S2C,6,11.2169,0.0,0,21.36,0.0745
2650,E2C,6,8.5246,5.0,1,28.11,0.1226
2650,W2C,7,7.2571,13.0,3,33.02,0.1642
2651,N2C,4,12.9973,0.0,0,18.43,0.0369
2651,S2C,4,12.7348,0.0,0,18.81,0.0406
2651,E2C,6,7.9343,7.0,2,30.2,0.1384
2651,W2C,7,7.0625,16.0,3,33.93,0.169
2652,N2C,5,13.0129,0.0,0,18.41,0.0426
2652,S2C,5,12.8995,0.0,0,18.57,0.0443
2652,E2C,7,8.1993,9.0,2,29.22,0.1419
2652,W2C,8,7.8784,19.0,3,30.41,0.1652
2653,N2C,4,12.3448,0.0,0,19.41,0.0462
2653,S2C,4,13.3011,0.0,0,18.01,0.0325
2653,E2C,7,7.576,11.0,2,31.63,0.1522
2653,W2C,8,7.67,22.0,3,31.24,0.1702
2654,N2C,4,12.6207,0.0,0,18.98,0.0423
2654,S2C,4,13.5562,0.0,0,17.67,0.0288
2654,E2C,7,6.9196,13.0,2,34.63,0.163
2654,W2C,8,6.8364,25.0,3,35.05,0.1842
2655,N2C,4,12.6175,0.0,0,18.99,0.0423
2655,S2C,4,13.2785,0.0,0,18.04,0.0328
2655,E2C,7,6.909,16.0,3,34.68,0.1712
2655,W2C,8,5.7923,28.0,3,41.37,0.2013
2656,N2C,4,12.975,0.0,0,18.47,0.0372
2656,S2C,4,13.4646,0.0,0,17.79,0.0301
2656,E2C,8,7.3188,19.0,3,32.74,0.1733
2656,W2C,9,6.0743,31.0,3,39.45,0.2052
2657,N2C,4,12.4742,0.0,0,19.21,0.0444
2657,S2C,4,13.2177,0.0,0,18.13,0.0337
2657,E2C,8,6.6626,22.0,3,35.96,0.1847
2657,W2C,9,5.7997,34.0,3,41.31,0.2112
2658,N2C,4,12.6798,0.0,0,18.9,0.0414
2658,S2C,4,13.1771,0.0,0,18.18,0.0343
2658,E2C,8,6.2914,25.0,3,38.08,0.1921
2658,W2C,9,5.6192,39.0,5,42.64,0.2291
2659,N2C,4,12.7572,0.0,0,18.78,0.0403
2659,S2C,4,13.1186,0.0,0,18.26,0.0351
2659,E2C,8,6.147,28.0,3,38.98,0.1962
2659,W2C,9,5.4659,44.0,5,43.84,0.2346
2660,N2C,4,12.5764,0.0,0,19.05,0.0429
2660,S2C,4,13.0786,0.0,0,18.32,0.0357
2660,E2C,8,6.115,32.0,4,39.18,0.2053
2660,W2C,9,5.0284,49.0,5,47.65,0.2443
2661,N2C,4,12.4502,0.0,0,19.24,0.0447
2661,S2C,4,13.5567,0.0,0,17.67,0.0288
2661,E2C,9,6.7513,36.0,4,35.49,0.2048
2661,W2C,10,5.4088,54.0,5,44.3,0.2481
2662,N2C,4,12.7562,0.0,0,18.78,0.0403
2662,S2C,4,13.1427,0.0,0,18.23,0.0348
2662,E2C,9,6.3159,40.0,4,37.94,0.2137
2662,W2C,10,5.0034,59.0,5,47.89,0.2573
2663,N2C,4,12.4137,0.0,0,19.3,0.0453
2663,S2C,4,13.2467,0.0,0,18.09,0.0333
2663,E2C,9,5.8019,44.0,4,41.3,0.2238
2663,W2C,10,5.112,64.0,5,46.87,0.2591
2664,N2C,4,12.4611,0.0,0,19.23,0.0446
2664,S2C,4,13.0199,0.0,0,18.4,0.0365
2664,E2C,9,5.0532,49.0,5,47.42,0.2439
2664,W2C,10,5.2559,70.0,6,45.59,0.267
2665,N2C,4,12.2611,0.0,0,19.54,0.0475
2665,S2C,4,13.1231,0.0,0,18.26,0.035
2665,E2C,10,5.46,54.0,5,43.88,0.2474
2665,W2C,11,5.626,76.0,6,42.59,0.2717
2666,N2C,4,12.2611,0.0,0,19.54,0.0475
2666,S2C,4,12.5171,0.0,0,19.14,0.0438
2666,E2C,10,5.2936,59.0,5,45.26,0.2531
2666,W2C,11,5.2425,82.0,6,45.7,0.2812
2667,N2C,4,12.3471,0.0,0,19.41,0.0462
2667,S2C,4,12.7178,0.0,0,18.84,0.0409
2667,E2C,10,5.195,65.0,6,46.12,0.2645
2667,W2C,11,4.6019,88.0,6,52.07,0.2944
2668,N2C,4,11.9807,0.0,0,20.0,0.0515
2668,S2C,4,12.819,0.0,0,18.69,0.0394
2668,E2C,10,5.1642,71.0,6,46.4,0.269
2668,W2C,11,4.1699,94.0,6,57.46,0.3046
2669,N2C,4,12.3351,0.0,0,19.42,0.0464
2669,S2C,4,12.7632,0.0,0,18.77,0.0402
2669,E2C,10,5.1682,77.0,6,46.36,0.2729
2669,W2C,11,4.2336,100.0,6,56.6,0.3077
2670,N2C,5,12.5061,0.0,0,19.16,0.0499
2670,S2C,4,12.8795,0.0,0,18.6,0.0386
2670,E2C,11,5.5768,83.0,6,42.96,0.277
2670,W2C,12,4.6975,107.0,7,51.01,0.3177
2671,N2C,5,12.4927,0.0,0,19.18,0.0501
2671,S2C,4,12.7145,0.0,0,18.84,0.0409
2671,E2C,11,5.1159,89.0,6,46.83,0.2877
2671,W2C,12,4.1867,114.0,7,57.23,0.3297
2672,N2C,5,12.3958,0.0,0,19.33,0.0515
2672,S2C,4,12.6244,0.0,0,18.98,0.0422
2672,E2C,11,4.504,95.0,6,53.2,0.3005
2672,W2C,12,3.8813,122.0,8,61.73,0.3454
2673,N2C,5,11.8305,0.0,0,20.25,0.0597
2673,S2C,4,12.2379,0.0,0,19.58,0.0478
2673,E2C,11,4.0881,101.0,6,58.61,0.3105
2673,W2C,12,3.4534,130.0,8,69.38,0.3569
2674,N2C,5,10.5448,0.0,0,22.72,0.0782
2674,S2C,5,11.7848,0.0,0,20.33,0.0603
2674,E2C,10,5.4846,54.0,4,43.69,0.241
2674,W2C,11,4.8092,78.0,6,49.82,0.2848
2675,N2C,6,9.4957,0.0,0,25.23,0.0993
2675,S2C,5,10.9995,0.0,0,21.78,0.0716
2675,E2C,10,5.5287,22.0,3,43.34,0.2131
2675,W2C,11,4.858,41.0,5,49.32,0.2534
2676,N2C,6,8.9175,0.0,0,26.87,0.1076
2676,S2C,5,10.2453,1.0,1,23.39,0.0891
2676,E2C,10,5.8439,3.0,2,41.0,0.1899
2676,W2C,11,5.0105,14.0,3,47.82,0.2212
2677,N2C,6,8.4315,1.0,1,28.42,0.1213
2677,S2C,5,9.9991,2.0,1,23.96,0.0934
2677,E2C,8,6.6572,0.0,0,35.99,0.1521
2677,W2C,9,5.6676,3.0,1,42.28,0.1804
2678,N2C,6,7.7613,3.0,2,30.87,0.1382
2678,S2C,5,10.1754,3.0,1,23.55,0.0915
2678,E2C,8,7.0487,0.0,0,33.99,0.1465
2678,W2C,9,6.0318,0.0,0,39.72,0.1671
2679,N2C,7,8.2277,5.0,2,29.12,0.1389
2679,S2C,6,10.2103,4.0,1,23.47,0.0977
2679,E2C,9,8.3503,0.0,0,28.69,0.1338
2679,W2C,10,7.4614,0.0,0,32.11,0.1526
2680,N2C,7,7.701,7.0,2,31.11,0.1478
2680,S2C,6,9.2701,5.0,1,25.85,0.1119
2680,E2C,7,9.5862,0.0,0,24.99,0.104
2680,W2C,8,8.4361,0.0,0,28.4,0.1265
2681,N2C,7,7.4839,9.0,2,32.02,0.1522
2681,S2C,6,8.517,6.0,1,28.13,0.1234
2681,E2C,7,10.0366,0.0,0,23.87,0.0975
2681,W2C,8,9.2362,0.0,0,25.94,0.115
2682,N2C,7,7.2128,12.0,3,33.22,0.1641
2682,S2C,6,8.3348,8.0,2,28.75,0.1333
2682,E2C,5,11.2829,0.0,0,21.24,0.0675
2682,W2C,6,10.6723,0.0,0,22.45,0.0823
2683,N2C,8,7.6692,15.0,3,31.24,0.1656
2683,S2C,7,9.3701,10.0,2,25.57,0.1257
2683,E2C,6,12.1446,0.0,0,19.73,0.0611
2683,W2C,7,10.9432,0.0,0,21.89,0.0844
2684,N2C,8,7.6157,18.0,3,31.46,0.1683
2684,S2C,7,8.9777,12.0,2,26.69,0.1327
2684,E2C,4,13.1964,0.0,0,18.16,0.034
2684,W2C,5,12.2348,0.0,0,19.58,0.0538
2685,N2C,8,6.9719,21.0,3,34.37,0.1796
2685,S2C,7,8.5119,14.0,2,28.15,0.1408
2685,E2C,4,13.1735,0.0,0,18.19,0.0343
2685,W2C,5,12.7442,0.0,0,18.8,0.0465
2686,N2C,8,6.5865,24.0,3,36.38,0.1872
2686,S2C,7,7.9022,16.0,2,30.32,0.1509
2686,E2C,4,13.2237,0.0,0,18.12,0.0336
2686,W2C,4,13.4075,0.0,0,17.87,0.0309
2687,N2C,8,6.3371,27.0,3,37.81,0.1928
2687,S2C,7,7.2233,18.0,2,33.17,0.162
2687,E2C,4,13.2894,0.0,0,18.03,0.0326
2687,W2C,4,12.7042,0.0,0,18.86,0.0411
2688,N2C,9,6.5418,31.0,4,36.63,0.2045
2688,S2C,8,7.3282,21.0,3,32.7,0.1745
2688,E2C,4,13.1798,0.0,0,18.18,0.0342
2688,W2C,4,13.2328,0.0,0,18.11,0.0335
2689,N2C,9,6.1602,35.0,4,38.89,0.2126
2689,S2C,8,6.6504,24.0,3,36.03,0.1862
2689,E2C,4,12.9227,0.0,0,18.54,0.0379
2689,W2C,4,12.5895,0.0,0,19.03,0.0427
2690,N2C,9,5.868,40.0,5,40.83,0.2262
2690,S2C,8,6.1146,28.0,4,39.18,0.2026
2690,E2C,4,13.0682,0.0,0,18.33,0.0358
2690,W2C,4,12.4822,0.0,0,19.2,0.0443
2691,N2C,9,5.3516,45.0,5,44.77,0.2369
2691,S2C,8,5.6544,32.0,4,42.37,0.2119
2691,E2C,4,12.8112,0.0,0,18.7,0.0395
2691,W2C,4,12.5679,0.0,0,19.06,0.043
2692,N2C,10,5.7911,50.0,5,41.37,0.2399
2692,S2C,9,6.0928,36.0,4,39.32,0.2143
2692,E2C,4,12.8439,0.0,0,18.65,0.0391
2692,W2C,4,12.7943,0.0,0,18.73,0.0398
2693,N2C,10,5.4072,55.0,5,44.31,0.2488
2693,S2C,9,5.9292,40.0,4,40.41,0.2193
2693,E2C,4,12.8944,0.0,0,18.58,0.0383
2693,W2C,4,12.6894,0.0,0,18.88,0.0413
2694,N2C,10,5.1505,60.0,5,46.52,0.2558
2694,S2C,9,5.7454,44.0,4,41.7,0.2246
2694,E2C,4,12.9049,0.0,0,18.57,0.0382
2694,W2C,4,12.7198,0.0,0,18.84,0.0408
2695,N2C,10,4.7843,65.0,5,50.08,0.2644
2695,S2C,9,5.5793,49.0,5,42.94,0.2363
2695,E2C,4,12.596,0.0,0,19.02,0.0426
2695,W2C,4,12.5457,0.0,0,19.1,0.0434
2696,N2C,10,4.3368,71.0,6,55.25,0.2809
2696,S2C,9,5.1303,54.0,5,46.7,0.2461
2696,E2C,4,13.288,0.0,0,18.03,0.0327
2696,W2C,4,12.5727,0.0,0,19.06,0.043
2697,N2C,11,4.8485,77.0,6,49.42,0.2835
2697,S2C,10,5.5812,59.0,5,42.93,0.249
2697,E2C,4,13.1506,0.0,0,18.22,0.0346
2697,W2C,5,12.9979,0.0,0,18.43,0.0428
2698,N2C,11,4.8004,84.0,7,49.91,0.2949
2698,S2C,10,5.2926,64.0,5,45.27,0.2565
2698,E2C,4,12.9193,0.0,0,18.55,0.038
2698,W2C,5,12.9898,0.0,0,18.45,0.043
2699,N2C,11,4.785,91.0,7,50.07,0.2998
2699,S2C,10,4.9325,69.0,5,48.58,0.265
2699,E2C,4,13.0163,0.0,0,18.41,0.0366
2699,W2C,4,12.6622,0.0,0,18.92,0.0417
2700,N2C,11,4.272,98.0,7,56.09,0.3118
2700,S2C,10,4.3584,75.0,6,54.97,0.2832
2700,E2C,4,12.8043,0.0,0,18.71,0.0396
2700,W2C,4,12.6071,0.0,0,19.01,0.0425
2701,N2C,12,4.7507,105.0,7,50.43,0.3156
2701,S2C,11,4.782,81.0,6,50.1,0.2871
2701,E2C,4,12.37,0.0,0,19.37,0.0459
2701,W2C,3,12.3164,0.0,0,19.45,0.0407
2702,N2C,12,4.3811,112.0,7,54.69,0.3256
2702,S2C,11,4.6468,87.0,6,51.56,0.2931
2702,E2C,4,12.326,0.0,0,19.44,0.0465
2702,W2C,4,12.5887,0.0,0,19.03,0.0427
2703,N2C,12,4.1632,120.0,8,57.55,0.3401
2703,S2C,11,4.6014,94.0,7,52.07,0.3044
2703,E2C,4,12.4185,0.0,0,19.29,0.0452
2703,W2C,4,12.3653,0.0,0,19.38,0.046
2704,N2C,12,3.8668,128.0,8,61.96,0.3497
2704,S2C,11,4.4837,101.0,7,53.44,0.3108
2704,E2C,4,12.7215,0.0,0,18.83,0.0408
2704,W2C,4,12.8599,0.0,0,18.63,0.0388
2705,N2C,12,3.4572,136.0,8,69.31,0.3609
2705,S2C,11,4.0816,108.0,7,58.7,0.3212
2705,E2C,4,12.2805,0.0,0,19.51,0.0472
2705,W2C,4,12.6675,0.0,0,18.91,0.0416
2706,N2C,13,4.1523,144.0,8,57.7,0.3622
2706,S2C,12,4.5624,115.0,7,52.52,0.325
2706,E2C,5,12.9127,0.0,0,18.56,0.0441
2706,W2C,5,12.2235,0.0,0,19.6,0.054
2707,N2C,11,4.6105,92.0,7,51.97,0.3029
2707,S2C,10,5.0259,64.0,5,47.67,0.2603
2707,E2C,5,12.6625,0.0,0,18.92,0.0477
2707,W2C,5,11.3613,0.0,0,21.09,0.0664
2708,N2C,11,4.5603,51.0,5,52.54,0.2643
2708,S2C,10,4.6981,29.0,3,51.0,0.2297
2708,E2C,5,11.8974,0.0,0,20.14,0.0587
2708,W2C,5,11.0351,0.0,0,21.71,0.0711
2709,N2C,11,4.6617,22.0,3,51.4,0.2315
2709,S2C,10,4.9812,8.0,2,48.1,0.2056
2709,E2C,5,10.6579,0.0,0,22.48,0.0765
2709,W2C,5,10.4381,0.0,0,22.95,0.0797
2710,N2C,10,5.9919,4.0,1,39.99,0.1824
2710,S2C,9,6.5494,0.0,0,36.58,0.1597
2710,E2C,6,9.823,0.0,0,24.39,0.0946
2710,W2C,6,10.274,0.0,0,23.32,0.0881
2711,N2C,10,6.7676,0.0,0,35.4,0.1626
2711,S2C,9,7.0539,0.0,0,33.97,0.1524
2711,E2C,6,9.0503,0.0,0,26.47,0.1057
2711,W2C,6,10.1611,1.0,1,23.58,0.0964
2712,N2C,8,7.2953,0.0,0,32.84,0.143
2712,S2C,8,8.0724,0.0,0,29.68,0.1318
2712,E2C,6,8.7347,1.0,1,27.43,0.1169
2712,W2C,6,9.5453,2.0,1,25.1,0.1059
2713,N2C,8,7.7956,0.0,0,30.74,0.1358
2713,S2C,7,8.593,0.0,0,27.88,0.1183
2713,E2C,6,8.6137,2.0,1,27.82,0.1193
2713,W2C,6,9.0248,3.0,1,26.55,0.1141
2714,N2C,8,8.5657,0.0,0,27.97,0.1247
2714,S2C,7,9.2652,0.0,0,25.86,0.1086
2714,E2C,6,8.0709,4.0,2,29.69,0.1345
2714,W2C,6,7.7354,5.0,2,30.97,0.14
2715,N2C,7,10.4454,0.0,0,22.94,0.0916
2715,S2C,6,10.8373,0.0,0,22.11,0.08
2715,E2C,7,8.1499,6.0,2,29.4,0.1407
2715,W2C,7,8.1654,7.0,2,29.34,0.1411
2716,N2C,7,11.2614,0.0,0,21.28,0.0798
2716,S2C,6,11.0736,0.0,0,21.64,0.0766
2716,E2C,7,7.8879,8.0,2,30.38,0.1458
2716,W2C,7,7.7714,9.0,2,30.83,0.1481
2717,N2C,5,12.2384,0.0,0,19.58,0.0538
2717,S2C,4,12.4525,0.0,0,19.24,0.0447
2717,E2C,7,7.3958,10.0,2,32.4,0.1542
2717,W2C,7,7.5186,11.0,2,31.87,0.1531
2718,N2C,4,12.7476,0.0,0,18.8,0.0404
2718,S2C,4,12.6035,0.0,0,19.01,0.0425
2718,E2C,7,7.3625,13.0,3,32.54,0.1627
2718,W2C,7,7.4674,13.0,2,32.09,0.1551
2719,N2C,4,12.8838,0.0,0,18.6,0.0385
2719,S2C,5,12.6061,0.0,0,19.01,0.0485
2719,E2C,8,7.711,16.0,3,31.07,0.1656
2719,W2C,8,8.2764,15.0,2,28.95,0.1508
2720,N2C,4,12.9114,0.0,0,18.56,0.0381
2720,S2C,5,12.8387,0.0,0,18.66,0.0451
2720,E2C,8,7.6603,19.0,3,31.28,0.1684
2720,W2C,8,7.8001,18.0,3,30.72,0.1657
2721,N2C,4,13.2796,0.0,0,18.04,0.0328
2721,S2C,4,12.6068,0.0,0,19.01,0.0425
2721,E2C,8,7.2236,22.0,3,33.17,0.1767
2721,W2C,8,7.3519,21.0,3,32.59,0.1741
2722,N2C,4,12.7216,0.0,0,18.83,0.0408
2722,S2C,4,13.0652,0.0,0,18.34,0.0359
2722,E2C,8,6.467,25.0,3,37.05,0.1895
2722,W2C,8,6.5784,24.0,3,36.42,0.1873
2723,N2C,4,13.0539,0.0,0,18.35,0.036
2723,S2C,4,12.8118,0.0,0,18.7,0.0395
2723,E2C,8,5.8289,29.0,4,41.11,0.2074
2723,W2C,8,5.9239,28.0,4,40.45,0.2054
2724,N2C,4,13.0207,0.0,0,18.4,0.0365
2724,S2C,4,12.9794,0.0,0,18.46,0.0371
2724,E2C,9,6.3873,33.0,4,37.51,0.208
2724,W2C,9,6.272,32.0,4,38.2,0.209
2725,N2C,4,12.689,0.0,0,18.88,0.0413
2725,S2C,4,12.6476,0.0,0,18.94,0.0419
2725,E2C,9,5.8699,37.0,4,40.82,0.2181
2725,W2C,9,5.8839,36.0,4,40.72,0.2173
2726,N2C,4,12.6178,0.0,0,18.99,0.0423
2726,S2C,4,12.5841,0.0,0,19.04,0.0428
2726,E2C,9,5.7214,41.0,4,41.88,0.223
2726,W2C,9,5.598,41.0,5,42.8,0.2307
2727,N2C,4,12.5843,0.0,0,19.04,0.0428
2727,S2C,4,13.2692,0.0,0,18.06,0.0329
2727,E2C,9,5.4429,46.0,5,44.02,0.2363
2727,W2C,9,5.1548,46.0,5,46.48,0.2404
2728,N2C,5,12.8176,0.0,0,18.69,0.0454
2728,S2C,4,12.9942,0.0,0,18.44,0.0369
2728,E2C,10,5.635,51.0,5,42.52,0.2429
2728,W2C,10,5.4891,51.0,5,43.65,0.245
2729,N2C,5,12.9041,0.0,0,18.57,0.0442
2729,S2C,4,12.816,0.0,0,18.7,0.0395
2729,E2C,10,5.3392,57.0,6,44.88,0.2571
2729,W2C,10,5.346,56.0,5,44.82,0.2504
2730,N2C,4,12.9968,0.0,0,18.44,0.0369
2730,S2C,4,12.4248,0.0,0,19.28,0.0451
2730,E2C,10,5.1865,63.0,6,46.2,0.2633
2730,W2C,10,5.2429,61.0,5,45.7,0.2552
2731,N2C,4,12.7159,0.0,0,18.84,0.0409
2731,S2C,4,12.8068,0.0,0,18.71,0.0396
2731,E2C,10,4.8676,69.0,6,49.22,0.2719
2731,W2C,10,4.8059,67.0,6,49.85,0.2715
2732,N2C,4,12.6801,0.0,0,18.9,0.0414
2732,S2C,4,12.5052,0.0,0,19.16,0.0439
2732,E2C,10,4.3544,75.0,6,55.02,0.2833
2732,W2C,10,4.4537,73.0,6,53.8,0.2805
2733,N2C,4,13.0421,0.0,0,18.37,0.0362
2733,S2C,4,12.8862,0.0,0,18.59,0.0385
2733,E2C,11,4.8408,81.0,6,49.5,0.2863
2733,W2C,11,4.7899,79.0,6,50.02,0.2857
2734,N2C,4,13.0081,0.0,0,18.42,0.0367
2734,S2C,5,12.8186,0.0,0,18.69,0.0454
2734,E2C,11,4.6639,87.0,6,51.37,0.2928
2734,W2C,11,4.6518,85.0,6,51.51,0.2917
2735,N2C,4,12.8877,0.0,0,18.59,0.0384
2735,S2C,5,12.5578,0.0,0,19.08,0.0492
2735,E2C,11,4.2861,94.0,7,55.9,0.309
2735,W2C,11,4.4696,92.0,7,53.61,0.305
2736,N2C,4,12.6876,0.0,0,18.88,0.0413
2736,S2C,4,13.2213,0.0,0,18.12,0.0336
2736,E2C,11,4.0118,101.0,7,59.72,0.3176
2736,W2C,11,4.0147,99.0,7,59.68,0.3162
2737,N2C,3,12.3385,0.0,0,19.42,0.0403
2737,S2C,4,13.0186,0.0,0,18.4,0.0365
2737,E2C,12,4.3953,108.0,7,54.51,0.3227
2737,W2C,12,4.5251,106.0,7,52.95,0.3195
2738,N2C,4,12.5415,0.0,0,19.1,0.0434
2738,S2C,4,12.9565,0.0,0,18.49,0.0374
2738,E2C,12,4.3408,115.0,7,55.2,0.3282
2738,W2C,12,4.3221,114.0,8,55.44,0.3338
2739,N2C,4,12.4155,0.0,0,19.3,0.0452
2739,S2C,4,12.677,0.0,0,18.9,0.0415
2739,E2C,12,4.0203,123.0,8,59.6,0.3441
2739,W2C,12,4.3545,122.0,8,55.02,0.3386
2740,N2C,4,12.4732,0.0,0,19.21,0.0444
2740,S2C,4,12.9843,0.0,0,18.45,0.037
2740,E2C,10,4.3292,75.0,6,55.34,0.2837
2740,W2C,10,4.7854,73.0,6,50.07,0.2758
2741,N2C,4,12.1962,0.0,0,19.65,0.0484
2741,S2C,4,12.2256,0.0,0,19.6,0.048
2741,E2C,10,4.2122,38.0,4,56.88,0.2487
2741,W2C,10,4.6749,38.0,4,51.25,0.242
2742,N2C,5,12.5517,0.0,0,19.09,0.0493
2742,S2C,5,11.8026,0.0,0,20.3,0.0601
2742,E2C,11,5.3484,13.0,3,44.8,0.2157
2742,W2C,11,5.7935,13.0,2,41.36,0.2032
2743,N2C,5,12.0597,0.0,0,19.87,0.0564
2743,S2C,5,10.7499,0.0,0,22.29,0.0752
2743,E2C,9,5.9873,2.0,1,40.02,0.1751
2743,W2C,9,6.5247,0.0,0,36.72,0.1601
2744,N2C,5,11.0458,0.0,0,21.69,0.071
2744,S2C,5,10.0837,0.0,0,23.76,0.0848
2744,E2C,9,6.0971,0.0,0,39.3,0.1662
2744,W2C,9,7.0742,0.0,0,33.87,0.1521
2745,N2C,5,10.1392,0.0,0,23.63,0.084
2745,S2C,5,9.9263,1.0,1,24.14,0.0937
2745,E2C,9,6.8459,0.0,0,35.0,0.1554
2745,W2C,8,7.769,0.0,0,30.84,0.1361
2746,N2C,6,9.4798,0.0,0,25.27,0.0995
2746,S2C,6,9.9192,2.0,1,24.16,0.1005
2746,E2C,8,8.3068,0.0,0,28.84,0.1284
2746,W2C,8,9.2672,0.0,0,25.85,0.1146
2747,N2C,6,8.815,0.0,0,27.18,0.1091
2747,S2C,6,8.8876,3.0,1,26.96,0.116
2747,E2C,8,9.1184,0.0,0,26.28,0.1167
2747,W2C,7,10.0501,0.0,0,23.84,0.0973
2748,N2C,6,8.2212,1.0,1,29.14,0.1243
2748,S2C,6,8.5707,4.0,1,27.96,0.1213
2748,E2C,6,9.9231,0.0,0,24.15,0.0931
2748,W2C,6,11.3925,0.0,0,21.03,0.072
2749,N2C,6,8.2026,2.0,1,29.21,0.1252
2749,S2C,6,8.6886,5.0,1,27.58,0.1202
2749,E2C,6,10.7873,0.0,0,22.21,0.0807
2749,W2C,5,11.907,0.0,0,20.12,0.0586
2750,N2C,6,8.0397,4.0,2,29.8,0.1349
2750,S2C,6,8.4815,7.0,2,28.25,0.1305
2750,E2C,4,12.02,0.0,0,19.93,0.0509
2750,W2C,4,13.2216,0.0,0,18.12,0.0336
2751,N2C,7,8.9812,6.0,2,26.68,0.1287
2751,S2C,7,9.4132,9.0,2,25.45,0.1245
2751,E2C,5,11.8175,0.0,0,20.28,0.0598
2751,W2C,5,13.0386,0.0,0,18.38,0.0423
2752,N2C,7,8.4066,8.0,2,28.5,0.1383
2752,S2C,7,9.4056,11.0,2,25.47,0.1259
2752,E2C,5,12.0755,0.0,0,19.84,0.0561
2752,W2C,4,13.072,0.0,0,18.33,0.0358
2753,N2C,7,7.6203,10.0,2,31.44,0.1509
2753,S2C,7,9.015,13.0,2,26.58,0.1329
2753,E2C,4,12.2706,0.0,0,19.53,0.0473
2753,W2C,4,12.8274,0.0,0,18.68,0.0393
2754,N2C,7,7.3671,12.0,2,32.52,0.1559
2754,S2C,7,7.6575,15.0,2,31.29,0.1537
2754,E2C,4,12.2235,0.0,0,19.6,0.048
2754,W2C,4,12.8126,0.0,0,18.7,0.0395
2755,N2C,8,7.6956,15.0,3,31.13,0.1652
2755,S2C,8,7.3305,17.0,2,32.69,0.1658
2755,E2C,5,12.1083,0.0,0,19.79,0.0557
2755,W2C,4,12.1527,0.0,0,19.72,0.049
2756,N2C,8,7.2551,18.0,3,33.03,0.1735
2756,S2C,8,6.7317,19.0,2,35.59,0.1757
2756,E2C,5,12.209,0.0,0,19.62,0.0542
2756,W2C,4,12.1814,0.0,0,19.67,0.0486
2757,N2C,8,7.3395,21.0,3,32.65,0.1743
2757,S2C,8,6.6621,22.0,3,35.96,0.1847
2757,E2C,4,11.9215,0.0,0,20.1,0.0523
2757,W2C,4,12.0216,0.0,0,19.93,0.0509
2758,N2C,8,6.6357,24.0,3,36.11,0.1865
2758,S2C,8,6.25,25.0,3,38.34,0.1927
2758,E2C,4,11.6414,0.0,0,20.58,0.0564
2758,W2C,4,12.1151,0.0,0,19.78,0.0496
2759,N2C,8,5.7123,27.0,3,41.94,0.2018
2759,S2C,8,5.7508,29.0,4,41.66,0.2085
2759,E2C,4,11.8473,0.0,0,20.22,0.0534
2759,W2C,4,12.0204,0.0,0,19.93,0.0509
2760,N2C,9,6.029,31.0,4,39.74,0.2119
2760,S2C,9,6.2188,33.0,4,38.53,0.2105
2760,E2C,5,12.2458,0.0,0,19.57,0.0537
2760,W2C,4,12.3151,0.0,0,19.46,0.0467
2761,N2C,9,5.3787,35.0,4,44.55,0.2239
2761,S2C,9,5.8732,37.0,4,40.8,0.2181
2761,E2C,4,11.8187,0.0,0,20.27,0.0538
2761,W2C,4,12.3959,0.0,0,19.33,0.0455
2762,N2C,9,5.5849,40.0,5,42.9,0.2303
2762,S2C,9,5.2658,41.0,4,45.5,0.2295
2762,E2C,4,11.3794,0.0,0,21.06,0.0601
2762,W2C,4,12.475,0.0,0,19.21,0.0444
2763,N2C,9,5.5126,45.0,5,43.46,0.2346
2763,S2C,9,4.8824,46.0,5,49.07,0.2444
2763,E2C,4,11.8155,0.0,0,20.28,0.0539
2763,W2C,4,12.2571,0.0,0,19.55,0.0475
2764,N2C,10,6.2078,50.0,5,38.6,0.2339
2764,S2C,10,5.2037,51.0,5,46.04,0.2491
2764,E2C,4,11.6024,0.0,0,20.65,0.0569
2764,W2C,5,12.6584,0.0,0,18.93,0.0477
2765,N2C,10,5.8829,55.0,5,40.73,0.242
2765,S2C,10,4.953,56.0,5,48.37,0.256
2765,E2C,5,12.4438,0.0,0,19.25,0.0508
2765,W2C,4,12.2059,0.0,0,19.63,0.0482
2766,N2C,10,5.8248,60.0,5,41.13,0.2461
2766,S2C,10,5.0907,62.0,6,47.07,0.264
2766,E2C,4,11.9315,0.0,0,20.08,0.0522
2766,W2C,4,12.2854,0.0,0,19.5,0.0471
2767,N2C,10,4.9746,65.0,5,48.16,0.2617
2767,S2C,10,4.6888,68.0,6,51.1,0.2738
2767,E2C,4,11.9106,0.0,0,20.12,0.0525
2767,W2C,4,12.4901,0.0,0,19.18,0.0442
2768,N2C,10,4.3193,70.0,5,55.47,0.2745
2768,S2C,10,4.2062,74.0,6,56.96,0.2848
2768,E2C,4,12.3824,0.0,0,19.35,0.0457
2768,W2C,4,12.1676,0.0,0,19.69,0.0488
2769,N2C,11,4.9833,75.0,5,48.08,0.2742
2769,S2C,11,4.6544,80.0,6,51.48,0.2883
2769,E2C,5,12.4494,0.0,0,19.25,0.0507
2769,W2C,5,12.4011,0.0,0,19.32,0.0514
2770,N2C,11,4.7568,80.0,5,50.37,0.2808
2770,S2C,11,4.5788,86.0,6,52.33,0.2934
2770,E2C,5,12.0429,0.0,0,19.9,0.0566
2770,W2C,4,12.4495,0.0,0,19.25,0.0447
2771,N2C,11,4.1934,86.0,6,57.14,0.299
2771,S2C,11,4.6064,93.0,7,52.01,0.3037
2771,E2C,5,11.0943,0.0,0,21.6,0.0703
2771,W2C,4,12.3597,0.0,0,19.39,0.046
2772,N2C,11,3.835,93.0,7,62.48,0.3148
2772,S2C,11,4.3123,100.0,7,55.56,0.3126
2772,E2C,5,10.2955,0.0,0,23.27,0.0818
2772,W2C,4,12.2063,0.0,0,19.63,0.0482
2773,N2C,10,5.505,50.0,5,43.52,0.2441
2773,S2C,10,5.7604,54.0,5,41.59,0.2431
2773,E2C,6,10.7055,1.0,1,22.38,0.0885
2773,W2C,5,12.6286,0.0,0,18.97,0.0482
2774,N2C,10,5.3355,20.0,3,44.91,0.2145
2774,S2C,10,5.4538,25.0,3,43.93,0.2161
2774,E2C,6,10.177,2.0,1,23.54,0.0968
2774,W2C,5,12.4267,0.0,0,19.28,0.0511
2775,N2C,10,5.8372,5.0,2,41.05,0.1913
2775,S2C,10,5.7378,5.0,1,41.76,0.1867
2775,E2C,6,10.0581,3.0,1,23.82,0.0992
2775,W2C,5,12.7357,0.0,0,18.81,0.0466
2776,N2C,8,7.141,0.0,0,33.55,0.1452
2776,S2C,8,6.531,0.0,0,36.69,0.154
2776,E2C,6,9.4862,4.0,1,25.26,0.1081
2776,W2C,5,12.5331,0.0,0,19.12,0.0495
2777,N2C,8,7.717,0.0,0,31.05,0.1369
2777,S2C,8,6.848,0.0,0,34.99,0.1494
2777,E2C,6,8.5652,5.0,1,27.97,0.122
2777,W2C,5,11.9667,0.0,0,20.02,0.0577
2778,N2C,9,8.8371,0.0,0,27.11,0.1268
2778,S2C,7,8.2813,0.0,0,28.93,0.1228
2778,E2C,7,9.0898,7.0,2,26.36,0.1278
2778,W2C,6,11.2359,0.0,0,21.32,0.0742
2779,N2C,7,9.6819,0.0,0,24.75,0.1026
2779,S2C,7,8.9594,0.0,0,26.74,0.113
2779,E2C,7,8.1836,9.0,2,29.28,0.1422
2779,W2C,6,10.1008,0.0,0,23.72,0.0906
2780,N2C,7,9.9646,0.0,0,24.05,0.0985
2780,S2C,7,9.669,0.0,0,24.78,0.1028
2780,E2C,7,7.7468,11.0,2,30.93,0.1498
2780,W2C,6,8.8938,0.0,0,26.94,0.1079
2781,N2C,5,11.3373,0.0,0,21.13,0.0668
2781,S2C,5,10.8156,0.0,0,22.15,0.0743
2781,E2C,7,7.1898,13.0,2,33.33,0.1591
2781,W2C,6,7.6801,1.0,1,31.2,0.1321
2782,N2C,6,11.8693,0.0,0,20.19,0.0651
2782,S2C,6,11.8443,0.0,0,20.23,0.0655
2782,E2C,8,7.6733,16.0,3,31.23,0.1662
2782,W2C,7,8.0297,3.0,2,29.84,0.1404
2783,N2C,4,12.8689,0.0,0,18.62,0.0387
2783,S2C,5,12.3452,0.0,0,19.41,0.0522
2783,E2C,8,7.0739,19.0,3,33.87,0.1768
2783,W2C,7,7.4219,5.0,2,32.28,0.1505
2784,N2C,4,12.776,0.0,0,18.75,0.04
2784,S2C,4,12.1658,0.0,0,19.69,0.0488
2784,E2C,8,6.5803,22.0,3,36.41,0.1859
2784,W2C,7,7.2495,8.0,3,33.05,0.1609
2785,N2C,4,12.6826,0.0,0,18.89,0.0414
2785,S2C,4,12.15,0.0,0,19.72,0.0491
2785,E2C,8,6.4478,26.0,4,37.16,0.1965
2785,W2C,7,7.2162,11.0,3,33.2,0.1634
2786,N2C,4,12.5896,0.0,0,19.03,0.0427
2786,S2C,4,12.4194,0.0,0,19.29,0.0452
2786,E2C,8,6.5618,30.0,4,36.51,0.1975
2786,W2C,7,6.8061,14.0,3,35.2,0.1713
2787,N2C,4,12.9462,0.0,0,18.51,0.0376
2787,S2C,4,12.4308,0.0,0,19.27,0.045
2787,E2C,9,6.9626,34.0,4,34.41,0.2004
2787,W2C,8,6.8393,17.0,3,35.03,0.1789
2788,N2C,4,13.1009,0.0,0,18.29,0.0354
2788,S2C,4,12.3011,0.0,0,19.48,0.0469
2788,E2C,9,6.5179,38.0,4,36.76,0.2095
2788,W2C,8,6.4242,20.0,3,37.3,0.1868
2789,N2C,4,13.1998,0.0,0,18.15,0.0339
2789,S2C,4,12.3141,0.0,0,19.46,0.0467
2789,E2C,9,5.9035,42.0,4,40.59,0.221
2789,W2C,8,5.8158,23.0,3,41.2,0.1976
2790,N2C,4,12.5454,0.0,0,19.1,0.0434
2790,S2C,4,12.2933,0.0,0,19.49,0.047
2790,E2C,9,5.3975,46.0,4,44.39,0.2309
2790,W2C,8,5.3938,27.0,4,44.42,0.2123
2791,N2C,4,12.9979,0.0,0,18.43,0.0368
2791,S2C,5,12.0864,0.0,0,19.82,0.056
2791,E2C,10,5.7172,50.0,4,41.91,0.235
2791,W2C,9,5.8779,31.0,4,40.76,0.214
2792,N2C,4,12.5305,0.0,0,19.12,0.0436
2792,S2C,5,12.2737,0.0,0,19.52,0.0533
2792,E2C,10,5.2548,55.0,5,45.6,0.251
2792,W2C,9,5.4592,36.0,5,43.89,0.2294
2793,N2C,4,12.7574,0.0,0,18.78,0.0403
2793,S2C,5,12.409,0.0,0,19.31,0.0513
2793,E2C,10,5.2028,60.0,5,46.05,0.2551
2793,W2C,9,5.4007,41.0,5,44.36,0.2336
2794,N2C,4,12.8283,0.0,0,18.68,0.0393
2794,S2C,4,12.4338,0.0,0,19.27,0.045
2794,E2C,10,4.9251,66.0,6,48.65,0.2691
2794,W2C,9,5.5173,46.0,5,43.43,0.2352
2795,N2C,4,12.6794,0.0,0,18.9,0.0414
2795,S2C,4,12.4968,0.0,0,19.17,0.0441
2795,E2C,10,4.4883,72.0,6,53.38,0.2794
2795,W2C,9,5.325,51.0,5,45.0,0.2413
2796,N2C,4,13.0492,0.0,0,18.36,0.0361
2796,S2C,5,13.0412,0.0,0,18.37,0.0422
2796,E2C,11,4.981,78.0,6,48.1,0.2823
2796,W2C,10,6.2699,56.0,5,38.21,0.2371
2797,N2C,4,12.6431,0.0,0,18.95,0.042
2797,S2C,5,12.7604,0.0,0,18.78,0.0463
2797,E2C,11,4.5846,85.0,7,52.26,0.2987
2797,W2C,10,6.117,61.0,5,39.17,0.2426
2798,N2C,4,12.6286,0.0,0,18.97,0.0422
2798,S2C,5,12.5634,0.0,0,19.07,0.0491
2798,E2C,11,4.1759,92.0,7,57.38,0.3092
2798,W2C,10,5.6587,66.0,5,42.34,0.2525
2799,N2C,4,12.5124,0.0,0,19.15,0.0438
2799,S2C,4,12.4131,0.0,0,19.3,0.0453
2799,E2C,11,3.8986,99.0,7,61.46,0.3179
2799,W2C,10,4.8772,71.0,5,49.13,0.2671
2800,N2C,4,12.9151,0.0,0,18.55,0.038
2800,S2C,5,12.7878,0.0,0,18.74,0.0459
2800,E2C,12,4.4099,106.0,7,54.33,0.3212
2800,W2C,11,4.9382,76.0,5,48.52,0.2756
2801,N2C,5,13.1225,0.0,0,18.26,0.0411
2801,S2C,4,13.1774,0.0,0,18.18,0.0343
2801,E2C,12,4.2558,113.0,7,56.3,0.3281
2801,W2C,11,4.7445,81.0,5,50.5,0.2817
2802,N2C,5,12.7444,0.0,0,18.8,0.0465
2802,S2C,4,13.0433,0.0,0,18.37,0.0362
2802,E2C,12,4.0471,120.0,7,59.2,0.3357
2802,W2C,11,4.6576,88.0,7,51.44,0.2996
2803,N2C,4,12.9339,0.0,0,18.52,0.0378
2803,S2C,4,12.9899,0.0,0,18.45,0.037
2803,E2C,12,3.7053,128.0,8,64.66,0.352
2803,W2C,11,4.6448,95.0,7,51.58,0.3045
2804,N2C,4,13.0844,0.0,0,18.31,0.0356
2804,S2C,4,12.581,0.0,0,19.04,0.0428
2804,E2C,12,3.4169,136.0,8,70.12,0.3615
2804,W2C,11,4.7102,102.0,7,50.87,0.3082
2805,N2C,5,11.727,0.0,0,20.43,0.0611
2805,S2C,5,11.8453,0.0,0,20.23,0.0594
2805,E2C,13,4.0318,144.0,8,59.43,0.3639
2805,W2C,12,5.0939,109.0,7,47.04,0.3133
2806,N2C,5,11.0761,0.0,0,21.63,0.0705
2806,S2C,5,10.8998,0.0,0,21.98,0.0731
2806,E2C,11,4.4731,89.0,6,53.57,0.2969
2806,W2C,10,5.4391,65.0,5,44.05,0.255
2807,N2C,5,10.6008,1.0,1,22.6,0.084
2807,S2C,5,10.49,0.0,0,22.84,0.079
2807,E2C,11,4.3528,47.0,5,55.05,0.2647
2807,W2C,10,4.7431,28.0,3,50.52,0.2284
2808,N2C,5,10.2886,2.0,1,23.29,0.0892
2808,S2C,5,10.0228,0.0,0,23.91,0.0857
2808,E2C,11,4.5882,20.0,3,52.22,0.2313
2808,W2C,10,4.7357,8.0,2,50.59,0.2091
2809,N2C,6,10.0523,3.0,1,23.84,0.0993
2809,S2C,6,10.8772,1.0,1,22.03,0.086
2809,E2C,11,5.819,3.0,1,41.18,0.1902
2809,W2C,9,6.6054,0.0,0,36.27,0.1589
2810,N2C,6,9.1963,4.0,1,26.05,0.1123
2810,S2C,6,10.7211,2.0,1,22.35,0.089
2810,E2C,10,6.7207,0.0,0,35.65,0.1632
2810,W2C,9,7.0491,0.0,0,33.99,0.1525
2811,N2C,6,8.4978,5.0,1,28.2,0.123
2811,S2C,6,10.2805,3.0,1,23.31,0.096
2811,E2C,9,7.6455,0.0,0,31.34,0.1439
2811,W2C,9,7.8454,0.0,0,30.54,0.141
2812,N2C,6,8.5716,6.0,1,27.95,0.1226
2812,S2C,6,9.2007,4.0,1,26.04,0.1122
2812,E2C,8,8.3704,0.0,0,28.62,0.1275
2812,W2C,7,8.781,0.0,0,27.29,0.1156
2813,N2C,6,7.7308,8.0,2,30.99,0.142
2813,S2C,6,8.1182,5.0,1,29.51,0.1284
2813,E2C,7,8.8329,0.0,0,27.13,0.1148
2813,W2C,7,9.3641,0.0,0,25.59,0.1072
2814,N2C,7,7.9899,10.0,2,29.99,0.1456
2814,S2C,7,8.5315,7.0,2,28.08,0.1358
2814,E2C,8,10.187,0.0,0,23.52,0.1013
2814,W2C,6,11.3021,0.0,0,21.2,0.0733
2815,N2C,7,7.585,12.0,2,31.59,0.1528
2815,S2C,7,7.6708,9.0,2,31.24,0.1495
2815,E2C,6,11.279,0.0,0,21.24,0.0736
2815,W2C,6,11.458,0.0,0,20.91,0.071
2816,N2C,7,7.4854,14.0,2,32.01,0.1556
2816,S2C,7,7.5128,11.0,2,31.89,0.1532
2816,E2C,6,11.8026,0.0,0,20.3,0.0661
2816,W2C,4,12.4392,0.0,0,19.26,0.0449
2817,N2C,7,7.2675,17.0,3,32.97,0.1667
2817,S2C,7,6.9924,14.0,3,34.27,0.1687
2817,E2C,4,12.91,0.0,0,18.56,0.0381
2817,W2C,4,12.8124,0.0,0,18.7,0.0395
2818,N2C,8,7.7122,20.0,3,31.07,0.1683
2818,S2C,8,7.169,17.0,3,33.42,0.1741
2818,E2C,5,13.0337,0.0,0,18.38,0.0423
2818,W2C,4,13.2519,0.0,0,18.08,0.0332
2819,N2C,8,6.9786,23.0,3,34.33,0.1808
2819,S2C,8,6.5599,21.0,4,36.53,0.1915
2819,E2C,4,13.1114,0.0,0,18.27,0.0352
2819,W2C,4,13.1282,0.0,0,18.25,0.035
2820,N2C,8,6.6684,26.0,3,35.93,0.1873
2820,S2C,8,6.6274,25.0,4,36.15,0.1932
2820,E2C,4,13.3055,0.0,0,18.01,0.0324
2820,W2C,4,12.8871,0.0,0,18.59,0.0384
2821,N2C,8,6.5883,30.0,4,36.37,0.1971
2821,S2C,8,6.3673,29.0,4,37.63,0.1997
2821,E2C,4,12.9361,0.0,0,18.52,0.0377
2821,W2C,4,13.0909,0.0,0,18.3,0.0355
2822,N2C,8,6.4911,34.0,4,36.91,0.2012
2822,S2C,8,5.7319,33.0,4,41.8,0.2115
2822,E2C,4,13.354,0.0,0,17.94,0.0317
2822,W2C,4,13.5304,0.0,0,17.71,0.0292
2823,N2C,9,6.8842,38.0,4,34.8,0.2042
2823,S2C,9,6.2242,37.0,4,38.5,0.213
2823,E2C,5,13.1415,0.0,0,18.23,0.0408
2823,W2C,5,12.7671,0.0,0,18.77,0.0462
2824,N2C,9,6.4704,42.0,4,37.03,0.2128
2824,S2C,9,5.986,41.0,4,40.03,0.2191
2824,E2C,4,12.7932,0.0,0,18.73,0.0398
2824,W2C,4,12.4182,0.0,0,19.29,0.0452
2825,N2C,9,5.9366,46.0,4,40.36,0.2232
2825,S2C,9,5.539,45.0,4,43.26,0.2282
2825,E2C,4,12.7253,0.0,0,18.83,0.0408
2825,W2C,4,12.8188,0.0,0,18.69,0.0394
2826,N2C,9,5.1729,50.0,4,46.32,0.2368
2826,S2C,9,5.0501,49.0,4,47.45,0.238
2826,E2C,4,12.825,0.0,0,18.68,0.0393
2826,W2C,4,12.3949,0.0,0,19.33,0.0455
2827,N2C,10,5.6269,54.0,4,42.58,0.239
2827,S2C,10,5.432,54.0,5,44.11,0.2478
2827,E2C,4,13.0273,0.0,0,18.39,0.0364
2827,W2C,4,12.4531,0.0,0,19.24,0.0447
2828,N2C,10,5.2429,59.0,5,45.7,0.2538
2828,S2C,10,5.3234,59.0,5,45.01,0.2527
2828,E2C,4,12.9377,0.0,0,18.52,0.0377
2828,W2C,4,12.269,0.0,0,19.53,0.0473
2829,N2C,10,5.1588,64.0,5,46.44,0.2584
2829,S2C,10,4.9807,64.0,5,48.11,0.2609
2829,E2C,4,12.5341,0.0,0,19.12,0.0435
2829,W2C,4,12.4076,0.0,0,19.31,0.0453
2830,N2C,10,4.9066,70.0,6,48.83,0.272
2830,S2C,10,4.7455,70.0,6,50.49,0.2743
2830,E2C,4,12.6202,0.0,0,18.99,0.0423
2830,W2C,4,12.0718,0.0,0,19.85,0.0502
2831,N2C,10,4.403,76.0,6,54.42,0.2833
2831,S2C,10,4.2802,76.0,6,55.98,0.285
2831,E2C,4,12.9607,0.0,0,18.49,0.0374
2831,W2C,4,12.7346,0.0,0,18.81,0.0406
2832,N2C,11,4.9022,82.0,6,48.88,0.2861
2832,S2C,11,4.73,82.0,6,50.65,0.2886
2832,E2C,4,12.8038,0.0,0,18.71,0.0396
2832,W2C,4,12.4474,0.0,0,19.25,0.0448
2833,N2C,11,4.8822,89.0,7,49.08,0.297
2833,S2C,11,4.7115,89.0,7,50.85,0.2995
2833,E2C,4,12.6198,0.0,0,18.99,0.0423
2833,W2C,4,12.5481,0.0,0,19.09,0.0433
2834,N2C,11,4.267,96.0,7,56.15,0.3106
2834,S2C,11,4.5271,96.0,7,52.93,0.3068
2834,E2C,4,12.6644,0.0,0,18.92,0.0416
2834,W2C,4,12.4145,0.0,0,19.3,0.0452
2835,N2C,11,3.9739,103.0,7,60.29,0.3194
2835,S2C,11,4.0076,103.0,7,59.79,0.319
2835,E2C,4,12.473,0.0,0,19.21,0.0444
2835,W2C,4,12.2579,0.0,0,19.55,0.0475
2836,N2C,12,4.428,110.0,7,54.11,0.3236
2836,S2C,12,4.3885,110.0,7,54.6,0.3241
2836,E2C,4,12.8803,0.0,0,18.6,0.0385
2836,W2C,5,11.8909,0.0,0,20.15,0.0588
2837,N2C,12,4.2574,118.0,8,56.28,0.3374
2837,S2C,12,4.2554,117.0,7,56.3,0.3307
2837,E2C,4,12.7663,0.0,0,18.77,0.0402
2837,W2C,5,11.2318,0.0,0,21.33,0.0683
2838,N2C,12,3.9396,126.0,8,60.82,0.3473
2838,S2C,12,4.0755,124.0,7,58.79,0.338
2838,E2C,4,12.8529,0.0,0,18.64,0.0389
2838,W2C,5,10.3729,0.0,0,23.1,0.0806
2839,N2C,10,4.4707,74.0,6,53.59,0.281
2839,S2C,10,4.591,75.0,6,52.19,0.2799
2839,E2C,4,12.8714,0.0,0,18.61,0.0387
2839,W2C,5,9.8516,0.0,0,24.32,0.0881
2840,N2C,10,4.4823,36.0,4,53.45,0.2435
2840,S2C,10,4.5391,35.0,4,52.79,0.242
2840,E2C,4,12.7624,0.0,0,18.77,0.0402
2840,W2C,5,9.8976,1.0,1,24.21,0.0942
2841,N2C,11,5.6805,15.0,3,42.18,0.2122
2841,S2C,11,5.6187,12.0,2,42.64,0.2051
2841,E2C,5,12.4011,0.0,0,19.32,0.0514
2841,W2C,6,10.4397,2.0,1,22.95,0.093
2842,N2C,9,6.5387,2.0,1,36.64,0.1672
2842,S2C,9,6.3614,1.0,1,37.66,0.1691
2842,E2C,5,12.1828,0.0,0,19.67,0.0546
2842,W2C,6,10.4161,3.0,1,23.0,0.094
2843,N2C,9,6.9099,0.0,0,34.67,0.1545
2843,S2C,9,6.9137,0.0,0,34.66,0.1545
2843,E2C,5,12.2026,0.0,0,19.64,0.0543
2843,W2C,6,10.5387,4.0,1,22.74,0.0929
2844,N2C,8,7.6969,0.0,0,31.13,0.1372
2844,S2C,7,7.5073,0.0,0,31.92,0.1339
2844,E2C,5,11.0093,0.0,0,21.76,0.0715
2844,W2C,6,10.2312,5.0,1,23.42,0.098
2845,N2C,8,9.0432,0.0,0,26.49,0.1178
2845,S2C,8,8.8944,0.0,0,26.94,0.1199
2845,E2C,6,10.1667,0.0,0,23.57,0.0896
2845,W2C,7,9.3816,6.0,1,25.54,0.1169
2846,N2C,7,10.3657,0.0,0,23.11,0.0927
2846,S2C,6,10.474,0.0,0,22.88,0.0852
2846,E2C,6,8.8695,0.0,0,27.01,0.1083
2846,W2C,7,8.5696,7.0,1,27.96,0.1293
2847,N2C,6,10.8889,0.0,0,22.0,0.0792
2847,S2C,6,10.8846,0.0,0,22.01,0.0793
2847,E2C,6,8.6544,1.0,1,27.69,0.1181
2847,W2C,7,7.5387,9.0,2,31.78,0.1515
2848,N2C,5,11.7047,0.0,0,20.47,0.0615
2848,S2C,4,12.3383,0.0,0,19.42,0.0463
2848,E2C,6,8.2704,3.0,2,28.97,0.1309
2848,W2C,7,7.4396,12.0,3,32.21,0.1609
2849,N2C,4,13.424,0.0,0,17.85,0.0307
2849,S2C,4,12.339,0.0,0,19.42,0.0463
2849,E2C,6,7.8193,5.0,2,30.64,0.1387
2849,W2C,7,6.8399,15.0,3,35.03,0.1715
2850,N2C,4,12.8531,0.0,0,18.64,0.0389
2850,S2C,5,12.2173,0.0,0,19.61,0.0541
2850,E2C,7,7.9217,7.0,2,30.25,0.1446
2850,W2C,8,7.786,18.0,3,30.77,0.1659
2851,N2C,4,13.0341,0.0,0,18.38,0.0363
2851,S2C,4,12.2866,0.0,0,19.5,0.0471
2851,E2C,7,7.5896,9.0,2,31.57,0.1507
2851,W2C,8,7.1092,21.0,3,33.7,0.1776
2852,N2C,4,12.775,0.0,0,18.76,0.0401
2852,S2C,4,12.3292,0.0,0,19.43,0.0465
2852,E2C,7,6.8936,12.0,3,34.76,0.1687
2852,W2C,8,6.3079,24.0,3,37.98,0.1912
2853,N2C,4,12.926,0.0,0,18.54,0.0379
2853,S2C,4,11.6055,0.0,0,20.65,0.0569
2853,E2C,7,6.3336,15.0,3,37.83,0.1788
2853,W2C,8,5.7111,28.0,4,41.95,0.2084
2854,N2C,5,12.7454,0.0,0,18.8,0.0465
2854,S2C,5,12.6435,0.0,0,18.95,0.0479
2854,E2C,8,6.7848,18.0,3,35.31,0.1803
2854,W2C,9,6.3956,32.0,4,37.46,0.2072
2855,N2C,5,12.5942,0.0,0,19.02,0.0487
2855,S2C,5,12.5082,0.0,0,19.16,0.0499
2855,E2C,8,6.015,21.0,3,39.83,0.1934
2855,W2C,9,5.8963,36.0,4,40.64,0.2171
2856,N2C,4,13.0336,0.0,0,18.38,0.0363
2856,S2C,5,12.3454,0.0,0,19.41,0.0522
2856,E2C,8,6.1778,24.0,3,38.78,0.193
2856,W2C,9,5.8679,41.0,5,40.83,0.2268
2857,N2C,4,12.4728,0.0,0,19.21,0.0444
2857,S2C,4,12.6536,0.0,0,18.94,0.0418
2857,E2C,8,6.0919,28.0,4,39.33,0.203
2857,W2C,9,5.4596,46.0,5,43.89,0.2361
2858,N2C,4,12.9165,0.0,0,18.55,0.038
2858,S2C,4,12.444,0.0,0,19.25,0.0448
2858,E2C,8,6.12,32.0,4,39.15,0.2052
2858,W2C,9,5.1059,51.0,5,46.93,0.2445
2859,N2C,4,12.7618,0.0,0,18.77,0.0402
2859,S2C,5,12.9154,0.0,0,18.55,0.044
2859,E2C,9,7.1118,36.0,4,33.69,0.1996
2859,W2C,10,5.6554,56.0,5,42.37,0.2459
2860,N2C,4,12.3945,0.0,0,19.33,0.0455
2860,S2C,4,12.7822,0.0,0,18.74,0.04
2860,E2C,9,6.9898,40.0,4,34.28,0.204
2860,W2C,10,5.1994,61.0,5,46.08,0.2558
2861,N2C,4,12.587,0.0,0,19.04,0.0428
2861,S2C,4,12.4065,0.0,0,19.31,0.0454
2861,E2C,9,6.4222,44.0,4,37.31,0.2149
2861,W2C,10,4.7865,67.0,6,50.06,0.2717
2862,N2C,4,12.8819,0.0,0,18.6,0.0385
2862,S2C,4,12.9206,0.0,0,18.54,0.038
2862,E2C,9,5.4717,48.0,4,43.79,0.2312
2862,W2C,10,4.4678,73.0,6,53.63,0.2803
2863,N2C,4,12.7321,0.0,0,18.82,0.0407
2863,S2C,5,12.7284,0.0,0,18.82,0.0467
2863,E2C,10,5.7786,52.0,4,41.46,0.2355
2863,W2C,11,4.8818,79.0,6,49.08,0.2844
2864,N2C,4,12.1545,0.0,0,19.71,0.049
2864,S2C,4,12.5916,0.0,0,19.03,0.0427
2864,E2C,10,5.1561,56.0,4,46.47,0.2471
2864,W2C,11,4.6808,85.0,6,51.19,0.2913
2865,N2C,4,12.2961,0.0,0,19.49,0.047
2865,S2C,4,12.1476,0.0,0,19.72,0.0491
2865,E2C,10,5.2014,61.0,5,46.06,0.2558
2865,W2C,11,4.8054,92.0,7,49.86,0.3001
2866,N2C,4,12.3469,0.0,0,19.41,0.0462
2866,S2C,4,12.5852,0.0,0,19.04,0.0428
2866,E2C,10,5.0438,67.0,6,47.5,0.268
2866,W2C,11,4.4456,99.0,7,53.9,0.31
2867,N2C,4,12.0722,0.0,0,19.85,0.0502
2867,S2C,4,12.7539,0.0,0,18.79,0.0404
2867,E2C,10,4.6535,73.0,6,51.49,0.2777
2867,W2C,11,4.0286,106.0,7,59.47,0.3207
2868,N2C,4,12.4675,0.0,0,19.22,0.0445
2868,S2C,5,12.9511,0.0,0,18.5,0.0435
2868,E2C,11,5.0031,79.0,6,47.89,0.2826
2868,W2C,12,4.478,113.0,7,53.51,0.3249
2869,N2C,4,12.6959,0.0,0,18.87,0.0412
2869,S2C,5,12.5212,0.0,0,19.14,0.0497
2869,E2C,11,4.5659,86.0,7,52.48,0.2996
2869,W2C,12,4.2024,120.0,7,57.01,0.3335
2870,N2C,4,12.1537,0.0,0,19.71,0.049
2870,S2C,5,11.6576,0.0,0,20.55,0.0621
2870,E2C,11,4.4911,93.0,7,53.35,0.3053
2870,W2C,12,4.0209,128.0,8,59.59,0.3474
2871,N2C,4,12.2071,0.0,0,19.63,0.0482
2871,S2C,5,10.1983,0.0,0,23.49,0.0832
2871,E2C,11,3.9458,100.0,7,60.72,0.3179
2871,W2C,12,3.6653,136.0,8,65.37,0.3579
2872,N2C,5,12.4632,0.0,0,19.22,0.0505
2872,S2C,6,10.0773,1.0,1,23.78,0.0976
2872,E2C,10,5.7469,56.0,5,41.69,0.2446
2872,W2C,11,4.7293,85.0,6,50.66,0.2906
2873,N2C,5,12.2893,0.0,0,19.5,0.053
2873,S2C,6,8.9793,2.0,1,26.68,0.114
2873,E2C,10,5.6236,22.0,3,42.61,0.2117
2873,W2C,11,5.012,44.0,4,47.8,0.2472
2874,N2C,5,12.1174,0.0,0,19.77,0.0555
2874,S2C,6,8.7597,3.0,1,27.35,0.1179
2874,E2C,10,5.4014,6.0,1,44.36,0.1922
2874,W2C,11,4.9179,16.0,3,48.72,0.2239
2875,N2C,5,11.4414,0.0,0,20.94,0.0653
2875,S2C,6,8.6443,4.0,1,27.72,0.1202
2875,E2C,8,6.3084,0.0,0,37.98,0.1572
2875,W2C,9,5.7218,2.0,1,41.87,0.1789
2876,N2C,5,10.8777,0.0,0,22.03,0.0734
2876,S2C,6,8.1481,6.0,2,29.41,0.1347
2876,E2C,8,6.7597,0.0,0,35.45,0.1507
2876,W2C,9,6.0637,0.0,0,39.51,0.1667
2877,N2C,6,10.106,0.0,0,23.71,0.0905
2877,S2C,7,8.487,8.0,2,28.23,0.1371
2877,E2C,9,7.98,0.0,0,30.03,0.1391
2877,W2C,9,7.719,0.0,0,31.04,0.1429
2878,N2C,6,9.4505,1.0,1,25.35,0.1066
2878,S2C,7,7.9755,10.0,2,30.04,0.1458
2878,E2C,7,9.0166,0.0,0,26.57,0.1122
2878,W2C,8,8.7725,0.0,0,27.31,0.1217
2879,N2C,6,8.6843,2.0,1,27.59,0.1183
2879,S2C,7,7.3361,13.0,3,32.66,0.163
2879,E2C,7,10.2409,0.0,0,23.4,0.0945
2879,W2C,7,9.4715,0.0,0,25.3,0.1056
2880,N2C,6,8.4983,4.0,2,28.19,0.1283
2880,S2C,7,7.5799,16.0,3,31.61,0.1615
2880,E2C,5,11.666,0.0,0,20.54,0.062
2880,W2C,6,9.9027,0.0,0,24.2,0.0934
2881,N2C,7,9.1965,6.0,2,26.05,0.1256
2881,S2C,8,8.01,19.0,3,29.91,0.1633
2881,E2C,6,12.3099,0.0,0,19.46,0.0588
2881,W2C,6,11.1382,0.0,0,21.51,0.0756
2882,N2C,7,9.3932,8.0,2,25.51,0.1241
2882,S2C,8,7.2584,22.0,3,33.01,0.1762
2882,E2C,4,12.7858,0.0,0,18.74,0.0399
2882,W2C,5,11.7161,0.0,0,20.45,0.0613
2883,N2C,7,8.5704,10.0,2,27.96,0.1373
2883,S2C,8,6.9418,25.0,3,34.52,0.1827
2883,E2C,4,13.0324,0.0,0,18.38,0.0363
2883,W2C,4,12.6249,0.0,0,18.98,0.0422
2884,N2C,7,7.3316,12.0,2,32.68,0.1564
2884,S2C,8,6.4562,28.0,3,37.11,0.1917
2884,E2C,4,13.0249,0.0,0,18.4,0.0365
2884,W2C,4,12.1581,0.0,0,19.71,0.0489
2885,N2C,7,7.0306,14.0,2,34.08,0.1621
2885,S2C,8,5.8495,32.0,4,40.96,0.2091
2885,E2C,4,12.863,0.0,0,18.63,0.0388
2885,W2C,4,12.701,0.0,0,18.86,0.0411
2886,N2C,8,7.4744,17.0,3,32.06,0.1697
2886,S2C,9,6.2547,36.0,4,38.31,0.2119
2886,E2C,5,13.4095,0.0,0,17.87,0.0369
2886,W2C,4,12.7381,0.0,0,18.81,0.0406
2887,N2C,8,6.719,20.0,3,35.66,0.1826
2887,S2C,9,5.8682,40.0,4,40.83,0.2202
2887,E2C,5,12.945,0.0,0,18.51,0.0436
2887,W2C,4,12.0494,0.0,0,19.88,0.0505
2888,N2C,8,6.3782,23.0,3,37.57,0.1895
2888,S2C,9,5.4737,45.0,5,43.77,0.2352
2888,E2C,4,13.4275,0.0,0,17.84,0.0307
2888,W2C,4,12.2214,0.0,0,19.6,0.048
2889,N2C,8,5.8134,26.0,3,41.21,0.1996
2889,S2C,9,5.2215,50.0,5,45.89,0.2422
2889,E2C,4,13.3351,0.0,0,17.97,0.032
2889,W2C,4,12.2751,0.0,0,19.52,0.0473
2890,N2C,9,6.2867,30.0,4,38.11,0.2075
2890,S2C,10,5.4586,55.0,5,43.89,0.2481
2890,E2C,4,13.3982,0.0,0,17.88,0.0311
2890,W2C,5,12.7399,0.0,0,18.81,0.0466
2891,N2C,9,5.8598,34.0,4,40.89,0.2163
2891,S2C,10,5.2573,60.0,5,45.57,0.2543
2891,E2C,4,12.9531,0.0,0,18.5,0.0375
2891,W2C,5,12.2209,0.0,0,19.61,0.054
2892,N2C,9,5.7727,39.0,5,41.51,0.2269
2892,S2C,10,5.2776,65.0,5,45.4,0.2573
2892,E2C,4,13.1024,0.0,0,18.29,0.0353
2892,W2C,5,12.6441,0.0,0,18.95,0.0479
2893,N2C,9,5.7369,44.0,5,41.76,0.2307
2893,S2C,10,4.8021,71.0,6,49.89,0.2742
2893,E2C,4,12.9091,0.0,0,18.56,0.0381
2893,W2C,5,12.3481,0.0,0,19.4,0.0522
2894,N2C,9,5.2973,49.0,5,45.23,0.2404
2894,S2C,10,4.2995,77.0,6,55.73,0.2854
2894,E2C,4,12.8666,0.0,0,18.62,0.0387
2894,W2C,5,12.3804,0.0,0,19.35,0.0517
2895,N2C,10,5.5708,54.0,5,43.01,0.2458
2895,S2C,11,4.6858,83.0,6,51.13,0.2899
2895,E2C,4,13.0647,0.0,0,18.34,0.0359
2895,W2C,4,12.9205,0.0,0,18.54,0.038
2896,N2C,10,5.3034,59.0,5,45.18,0.253
2896,S2C,11,4.6494,89.0,6,51.53,0.2944
2896,E2C,4,12.7834,0.0,0,18.74,0.0399
2896,W2C,4,12.9447,0.0,0,18.51,0.0376
2897,N2C,10,5.0202,65.0,6,47.73,0.267
2897,S2C,11,4.313,96.0,7,55.55,0.3099
2897,E2C,4,12.8791,0.0,0,18.6,0.0386
2897,W2C,4,12.8158,0.0,0,18.7,0.0395
2898,N2C,10,4.5681,71.0,6,52.45,0.2776
2898,S2C,11,3.8546,103.0,7,62.16,0.3212
2898,E2C,4,13.3645,0.0,0,17.93,0.0316
2898,W2C,4,12.7675,0.0,0,18.77,0.0402
2899,N2C,11,4.8672,77.0,6,49.23,0.2833
2899,S2C,12,4.4397,110.0,7,53.97,0.3234
2899,E2C,3,12.8092,0.0,0,18.71,0.0336
2899,W2C,4,13.2226,0.0,0,18.12,0.0336
2900,N2C,11,4.8278,83.0,6,49.63,0.2878
2900,S2C,12,4.3087,117.0,7,55.61,0.33
2900,E2C,4,13.2946,0.0,0,18.02,0.0326
2900,W2C,4,12.7996,0.0,0,18.72,0.0397
2901,N2C,11,4.7778,90.0,7,50.15,0.2992
2901,S2C,12,4.1169,124.0,7,58.2,0.3374
2901,E2C,4,12.8542,0.0,0,18.64,0.0389
2901,W2C,4,13.2228,0.0,0,18.12,0.0336
2902,N2C,11,4.4758,97.0,7,53.53,0.3082
2902,S2C,12,3.8073,132.0,8,62.93,0.3532
2902,E2C,4,13.0228,0.0,0,18.4,0.0365
2902,W2C,4,13.1204,0.0,0,18.26,0.0351
2903,N2C,11,3.9264,104.0,7,61.02,0.3208
2903,S2C,12,3.4515,140.0,8,69.42,0.3636
2903,E2C,4,12.683,0.0,0,18.89,0.0414
2903,W2C,4,12.0379,0.0,0,19.9,0.0507
2904,N2C,12,4.3578,111.0,7,54.98,0.3253
2904,S2C,13,3.7972,149.0,9,63.1,0.3767
2904,E2C,5,12.0773,0.0,0,19.84,0.0561
2904,W2C,5,11.5212,0.0,0,20.8,0.0641
2905,N2C,10,4.8757,65.0,6,49.14,0.2691
2905,S2C,11,4.2608,94.0,7,56.23,0.3093
2905,E2C,5,11.0417,0.0,0,21.7,0.071
2905,W2C,5,10.9615,0.0,0,21.86,0.0722
2906,N2C,10,4.6718,33.0,4,51.29,0.2387
2906,S2C,11,4.1223,51.0,5,58.12,0.2706
2906,E2C,5,10.5668,0.0,0,22.67,0.0779
2906,W2C,5,10.3999,0.0,0,23.04,0.0803
2907,N2C,10,4.7485,10.0,2,50.46,0.2103
2907,S2C,11,4.5113,21.0,3,53.11,0.233
2907,E2C,5,10.4652,1.0,1,22.89,0.086
2907,W2C,5,10.4396,1.0,1,22.95,0.0863
2908,N2C,9,6.4483,0.0,0,37.16,0.1612
2908,S2C,11,5.7729,5.0,1,41.5,0.1922
2908,E2C,6,10.778,2.0,1,22.23,0.0881
2908,W2C,6,10.7823,2.0,1,22.22,0.0881
2909,N2C,9,6.9788,0.0,0,34.33,0.1535
2909,S2C,10,6.4177,0.0,0,37.33,0.1676
2909,E2C,6,9.9187,3.0,1,24.16,0.1012
2909,W2C,6,10.5995,3.0,1,22.6,0.0914
2910,N2C,9,7.7221,0.0,0,31.03,0.1428
2910,S2C,9,7.3815,0.0,0,32.46,0.1477
2910,E2C,6,9.6284,4.0,1,24.88,0.106
2910,W2C,6,9.5454,4.0,1,25.1,0.1072
2911,N2C,7,8.6132,0.0,0,27.82,0.118
2911,S2C,8,8.4275,0.0,0,28.43,0.1267
2911,E2C,6,8.7303,6.0,2,27.44,0.1263
2911,W2C,6,9.1232,5.0,1,26.26,0.114
2912,N2C,7,8.9971,0.0,0,26.63,0.1125
2912,S2C,7,9.1777,0.0,0,26.11,0.1099
2912,E2C,6,7.929,8.0,2,30.22,0.1392
2912,W2C,6,8.4229,6.0,1,28.45,0.1247
2913,N2C,6,10.6968,0.0,0,22.4,0.082
2913,S2C,7,10.4019,0.0,0,23.03,0.0922
2913,E2C,7,8.2405,10.0,2,29.08,0.142
2913,W2C,7,8.3124,7.0,1,28.82,0.133
2914,N2C,6,11.3349,0.0,0,21.14,0.0728
2914,S2C,7,10.7497,0.0,0,22.29,0.0872
2914,E2C,7,7.6969,12.0,2,31.13,0.1512
2914,W2C,7,7.7815,9.0,2,30.79,0.148
2915,N2C,4,12.7092,0.0,0,18.85,0.041
2915,S2C,5,11.3755,0.0,0,21.06,0.0662
2915,E2C,7,7.2159,14.0,2,33.2,0.1594
2915,W2C,7,7.4951,12.0,3,31.97,0.1601
2916,N2C,4,12.3862,0.0,0,19.34,0.0457
2916,S2C,4,12.8302,0.0,0,18.67,0.0393
2916,E2C,7,7.3662,17.0,3,32.53,0.1653
2916,W2C,7,6.9817,15.0,3,34.32,0.1695
2917,N2C,5,12.6301,0.0,0,18.97,0.0481
2917,S2C,5,12.7095,0.0,0,18.85,0.047
2917,E2C,8,7.5611,20.0,3,31.69,0.1705
2917,W2C,8,7.07,18.0,3,33.89,0.1762
2918,N2C,4,12.8359,0.0,0,18.67,0.0392
2918,S2C,4,12.5299,0.0,0,19.12,0.0436
2918,E2C,8,6.9887,23.0,3,34.28,0.1807
2918,W2C,8,6.3683,21.0,3,37.62,0.1883
2919,N2C,4,12.7208,0.0,0,18.84,0.0408
2919,S2C,4,12.5211,0.0,0,19.14,0.0437
2919,E2C,8,6.6827,26.0,3,35.85,0.1871
2919,W2C,8,6.1298,24.0,3,39.09,0.1937
2920,N2C,4,12.7017,0.0,0,18.86,0.0411
2920,S2C,4,12.6908,0.0,0,18.88,0.0413
2920,E2C,8,6.1421,29.0,3,39.01,0.1969
2920,W2C,8,5.8984,27.0,3,40.62,0.1991
2921,N2C,4,12.5437,0.0,0,19.1,0.0434
2921,S2C,4,12.838,0.0,0,18.66,0.0391
2921,E2C,8,5.8185,33.0,4,41.18,0.2102
2921,W2C,8,5.5546,31.0,4,43.14,0.2127
2922,N2C,5,12.9246,0.0,0,18.54,0.0439
2922,S2C,5,13.1158,0.0,0,18.27,0.0411
2922,E2C,9,6.0687,37.0,4,39.48,0.2153
2922,W2C,9,5.9632,35.0,4,40.18,0.2155
2923,N2C,5,12.4309,0.0,0,19.27,0.051
2923,S2C,5,12.9875,0.0,0,18.45,0.043
2923,E2C,9,5.776,41.0,4,41.48,0.2222
2923,W2C,9,5.7296,39.0,4,41.82,0.2215
2924,N2C,5,12.6586,0.0,0,18.93,0.0477
2924,S2C,4,12.8552,0.0,0,18.64,0.0389
2924,E2C,9,5.6953,46.0,5,42.07,0.2327
2924,W2C,9,5.3297,44.0,5,44.96,0.2366
2925,N2C,4,12.8736,0.0,0,18.61,0.0386
2925,S2C,4,13.0,0.0,0,18.43,0.0368
2925,E2C,9,5.3611,51.0,5,44.69,0.2408
2925,W2C,9,4.8945,49.0,5,48.95,0.2462
2926,N2C,4,12.7732,0.0,0,18.76,0.0401
2926,S2C,4,12.8443,0.0,0,18.65,0.0391
2926,E2C,10,5.5461,56.0,5,43.2,0.2475
2926,W2C,10,5.5045,54.0,5,43.53,0.2467
2927,N2C,4,12.5628,0.0,0,19.07,0.0431
2927,S2C,4,12.7073,0.0,0,18.86,0.041
2927,E2C,10,5.2789,61.0,5,45.39,0.2547
2927,W2C,10,4.9799,60.0,6,48.11,0.2643
2928,N2C,4,13.1051,0.0,0,18.28,0.0353
2928,S2C,4,12.9134,0.0,0,18.55,0.0381
2928,E2C,10,5.3124,66.0,5,45.1,0.2575
2928,W2C,10,4.8224,66.0,6,49.68,0.2706
2929,N2C,4,12.6673,0.0,0,18.91,0.0416
2929,S2C,4,12.9735,0.0,0,18.47,0.0372
2929,E2C,10,5.1424,71.0,5,46.59,0.2633
2929,W2C,10,4.516,72.0,6,53.06,0.279
2930,N2C,4,12.7457,0.0,0,18.8,0.0405
2930,S2C,4,13.0607,0.0,0,18.35,0.0359
2930,E2C,10,4.8898,77.0,6,49.0,0.2769
2930,W2C,10,4.073,78.0,6,58.83,0.2894
2931,N2C,5,12.613,0.0,0,19.0,0.0484
2931,S2C,5,13.0755,0.0,0,18.32,0.0417
2931,E2C,11,5.4149,83.0,6,44.25,0.2794
2931,W2C,11,4.4764,84.0,6,53.52,0.2935
2932,N2C,5,12.7789,0.0,0,18.75,0.046
2932,S2C,4,12.7554,0.0,0,18.78,0.0403
2932,E2C,11,4.8606,89.0,6,49.29,0.2913
2932,W2C,11,4.4932,90.0,6,53.32,0.2973
2933,N2C,4,13.2051,0.0,0,18.14,0.0339
2933,S2C,4,13.3906,0.0,0,17.89,0.0312
2933,E2C,11,4.5378,95.0,6,52.8,0.3
2933,W2C,11,4.2978,97.0,7,55.75,0.3108
2934,N2C,4,13.0545,0.0,0,18.35,0.036
2934,S2C,4,12.7235,0.0,0,18.83,0.0408
2934,E2C,11,4.0175,101.0,6,59.64,0.3115
2934,W2C,11,4.3469,104.0,7,55.12,0.3147
2935,N2C,4,13.0888,0.0,0,18.31,0.0355
2935,S2C,5,13.1204,0.0,0,18.26,0.0411
2935,E2C,12,4.4796,107.0,6,53.49,0.3148
2935,W2C,12,5.1179,111.0,7,46.82,0.3143
2936,N2C,4,13.121,0.0,0,18.26,0.0351
2936,S2C,5,11.8027,0.0,0,20.3,0.0601
2936,E2C,12,4.4472,114.0,7,53.88,0.326
2936,W2C,12,5.1807,118.0,7,46.25,0.3181
2937,N2C,4,12.8631,0.0,0,18.63,0.0388
2937,S2C,5,11.3592,0.0,0,21.09,0.0664
2937,E2C,12,4.1328,122.0,8,57.97,0.3418
2937,W2C,12,4.9023,125.0,7,48.88,0.3267
2938,N2C,4,12.8098,0.0,0,18.7,0.0396
2938,S2C,5,10.813,0.0,0,22.16,0.0743
2938,E2C,10,4.6114,70.0,6,51.96,0.2763
2938,W2C,10,5.0583,75.0,5,47.37,0.2672
2939,N2C,4,12.5477,0.0,0,19.1,0.0433
2939,S2C,5,10.0741,1.0,1,23.78,0.0916
2939,E2C,10,4.501,33.0,4,53.23,0.2412
2939,W2C,10,4.7063,36.0,3,50.91,0.2342
2940,N2C,5,12.1608,0.0,0,19.7,0.0549
2940,S2C,6,10.185,2.0,1,23.52,0.0967
2940,E2C,11,5.5459,10.0,3,43.2,0.2108
2940,W2C,11,5.5125,9.0,2,43.46,0.2046
2941,N2C,5,11.323,0.0,0,21.16,0.067
2941,S2C,6,9.45,3.0,1,25.35,0.1079
2941,E2C,9,6.4925,2.0,1,36.9,0.1678
2941,W2C,9,5.9834,2.0,1,40.04,0.1752
2942,N2C,5,10.5763,0.0,0,22.65,0.0777
2942,S2C,6,9.0642,4.0,1,26.43,0.1142
2942,E2C,9,6.8144,0.0,0,35.16,0.1559
2942,W2C,9,6.1578,0.0,0,38.91,0.1653
2943,N2C,5,10.1701,0.0,0,23.56,0.0836
2943,S2C,6,8.1543,5.0,1,29.38,0.1279
2943,E2C,8,7.4425,0.0,0,32.19,0.1408
2943,W2C,8,7.1754,0.0,0,33.39,0.1447
2944,N2C,6,9.7589,1.0,1,24.55,0.1021
2944,S2C,7,8.3406,7.0,2,28.73,0.1386
2944,E2C,8,9.224,0.0,0,25.98,0.1152
2944,W2C,8,8.5343,0.0,0,28.07,0.1251
2945,N2C,6,9.4263,2.0,1,25.42,0.1076
2945,S2C,7,7.8761,9.0,2,30.42,0.1466
2945,E2C,7,10.1738,0.0,0,23.55,0.0955
2945,W2C,8,9.1791,0.0,0,26.1,0.1158
2946,N2C,6,8.8563,3.0,1,27.05,0.1165
2946,S2C,7,7.5394,11.0,2,31.78,0.1528
2946,E2C,6,10.7608,0.0,0,22.27,0.0811
2946,W2C,6,10.2793,0.0,0,23.31,0.088
2947,N2C,6,8.5714,4.0,1,27.95,0.1212
2947,S2C,7,7.4332,13.0,2,32.23,0.1556
2947,E2C,5,12.1174,0.0,0,19.77,0.0555
2947,W2C,6,10.9811,0.0,0,21.82,0.0779
2948,N2C,6,8.2494,6.0,2,29.04,0.1332
2948,S2C,7,6.9056,16.0,3,34.7,0.1712
2948,E2C,4,12.703,0.0,0,18.86,0.0411
2948,W2C,4,11.7326,0.0,0,20.42,0.0551
2949,N2C,7,8.6147,8.0,2,27.81,0.1353
2949,S2C,8,7.3186,19.0,3,32.74,0.1733
2949,E2C,4,13.042,0.0,0,18.37,0.0362
2949,W2C,5,12.4763,0.0,0,19.2,0.0504
2950,N2C,7,7.7878,10.0,2,30.77,0.1485
2950,S2C,8,6.7753,22.0,3,35.36,0.1831
2950,E2C,4,12.8184,0.0,0,18.69,0.0394
2950,W2C,5,12.012,0.0,0,19.95,0.057
2951,N2C,7,7.5005,13.0,3,31.94,0.1607
2951,S2C,8,6.4114,25.0,3,37.37,0.1904
2951,E2C,4,12.6745,0.0,0,18.9,0.0415
2951,W2C,4,12.2347,0.0,0,19.58,0.0478
2952,N2C,7,7.197,16.0,3,33.29,0.167
2952,S2C,8,5.6863,29.0,4,42.14,0.2095
2952,E2C,4,12.4645,0.0,0,19.22,0.0445
2952,W2C,4,12.3912,0.0,0,19.34,0.0456
2953,N2C,8,7.2466,19.0,3,33.06,0.1743
2953,S2C,9,6.4689,33.0,4,37.04,0.2069
2953,E2C,4,13.1787,0.0,0,18.18,0.0342
2953,W2C,5,12.1634,0.0,0,19.7,0.0549
2954,N2C,8,7.2975,22.0,3,32.83,0.1756
2954,S2C,9,5.946,37.0,4,40.3,0.2171
2954,E2C,4,12.3018,0.0,0,19.48,0.0469
2954,W2C,5,11.8389,0.0,0,20.24,0.0595
2955,N2C,8,6.7702,25.0,3,35.39,0.1852
2955,S2C,9,5.9759,41.0,4,40.09,0.2193
2955,E2C,4,12.7008,0.0,0,18.86,0.0411
2955,W2C,4,12.0254,0.0,0,19.92,0.0508
2956,N2C,8,6.3408,28.0,3,37.79,0.1934
2956,S2C,9,5.6489,45.0,4,42.42,0.2267
2956,E2C,4,12.4792,0.0,0,19.2,0.0443
2956,W2C,4,11.5043,0.0,0,20.83,0.0584
2957,N2C,8,5.8623,32.0,4,40.87,0.2089
2957,S2C,9,5.2324,50.0,5,45.79,0.242
2957,E2C,4,13.2555,0.0,0,18.08,0.0331
2957,W2C,4,12.0835,0.0,0,19.83,0.05
2958,N2C,9,6.118,36.0,4,39.16,0.2139
2958,S2C,10,5.6409,55.0,5,42.48,0.2454
2958,E2C,5,12.3878,0.0,0,19.34,0.0516
2958,W2C,5,12.5377,0.0,0,19.11,0.0495
2959,N2C,9,5.8626,41.0,5,40.87,0.2269
2959,S2C,10,5.2612,60.0,5,45.54,0.2542
2959,E2C,4,12.3455,0.0,0,19.41,0.0462
2959,W2C,5,12.1902,0.0,0,19.66,0.0545
2960,N2C,9,5.3548,46.0,5,44.74,0.2376
2960,S2C,10,4.7915,66.0,6,50.01,0.271
2960,E2C,4,12.1893,0.0,0,19.66,0.0485
2960,W2C,5,12.1683,0.0,0,19.69,0.0548
2961,N2C,9,5.1475,51.0,5,46.55,0.2439
2961,S2C,10,4.3762,72.0,6,54.75,0.281
2961,E2C,4,12.1789,0.0,0,19.67,0.0486
2961,W2C,5,12.2088,0.0,0,19.63,0.0542
2962,N2C,10,5.5663,56.0,5,43.04,0.2472
2962,S2C,11,4.8717,78.0,6,49.18,0.2839
2962,E2C,4,12.3888,0.0,0,19.34,0.0456
2962,W2C,4,12.3982,0.0,0,19.33,0.0455
2963,N2C,10,5.2012,61.0,5,46.07,0.2558
2963,S2C,11,4.7274,84.0,6,50.68,0.2899
2963,E2C,4,12.0647,0.0,0,19.86,0.0503
2963,W2C,4,12.7442,0.0,0,18.8,0.0405
2964,N2C,10,5.1791,67.0,6,46.26,0.2661
2964,S2C,11,4.7222,91.0,7,50.74,0.3007
2964,E2C,4,12.3106,0.0,0,19.46,0.0467
2964,W2C,4,12.7255,0.0,0,18.83,0.0408
2965,N2C,10,4.6745,73.0,6,51.26,0.2774
2965,S2C,11,4.482,98.0,7,53.46,0.3088
2965,E2C,4,12.0146,0.0,0,19.94,0.051
2965,W2C,4,12.3237,0.0,0,19.44,0.0466
2966,N2C,10,4.3974,79.0,6,54.49,0.2853
2966,S2C,11,4.0758,105.0,7,58.79,0.3193
2966,E2C,4,11.9549,0.0,0,20.04,0.0519
2966,W2C,4,12.7169,0.0,0,18.84,0.0409
2967,N2C,11,4.9581,85.0,6,48.33,0.2873
2967,S2C,12,4.4547,112.0,7,53.79,0.3245
2967,E2C,5,12.8066,0.0,0,18.71,0.0456
2967,W2C,4,12.8137,0.0,0,18.7,0.0395
2968,N2C,11,4.6521,91.0,6,51.5,0.2957
2968,S2C,12,4.1744,119.0,7,57.4,0.3332
2968,E2C,5,11.9562,0.0,0,20.04,0.0578
2968,W2C,4,12.4114,0.0,0,19.3,0.0453
2969,N2C,11,4.7923,97.0,6,50.0,0.2977
2969,S2C,12,3.9531,127.0,8,60.61,0.3477
2969,E2C,5,11.0001,0.0,0,21.78,0.0716
2969,W2C,4,12.6328,0.0,0,18.97,0.0421
2970,N2C,11,4.479,104.0,7,53.49,0.3128
2970,S2C,12,3.6412,135.0,8,65.8,0.3576
2970,E2C,5,9.9275,0.0,0,24.13,0.0871
2970,W2C,4,12.3564,0.0,0,19.39,0.0461
2971,N2C,10,5.6612,59.0,5,42.32,0.2478
2971,S2C,11,4.8733,82.0,6,49.17,0.2865
2971,E2C,6,9.8202,0.0,0,24.4,0.0946
2971,W2C,5,12.5692,0.0,0,19.06,0.049
2972,N2C,10,5.5506,26.0,3,43.17,0.2154
2972,S2C,11,4.9587,43.0,5,48.32,0.2533
2972,E2C,6,8.9306,1.0,1,26.83,0.1141
2972,W2C,5,12.4347,0.0,0,19.27,0.051
2973,N2C,10,5.8114,4.0,1,41.23,0.185
2973,S2C,11,5.3682,17.0,3,44.63,0.218
2973,E2C,6,8.4459,2.0,1,28.37,0.1217
2973,W2C,5,12.6413,0.0,0,18.95,0.048
2974,N2C,8,6.5231,0.0,0,36.73,0.1541
2974,S2C,9,6.0498,3.0,1,39.6,0.1749
2974,E2C,6,8.3564,4.0,2,28.67,0.1303
2974,W2C,5,12.6166,0.0,0,18.99,0.0483
2975,N2C,8,6.8746,0.0,0,34.85,0.149
2975,S2C,9,6.4305,0.0,0,37.26,0.1614
2975,E2C,6,8.3434,6.0,2,28.72,0.1319
2975,W2C,5,11.9673,0.0,0,20.02,0.0577
2976,N2C,9,8.2871,0.0,0,28.91,0.1347
2976,S2C,9,7.8779,0.0,0,30.41,0.1406
2976,E2C,7,8.5845,8.0,2,27.91,0.1357
2976,W2C,6,10.8865,0.0,0,22.01,0.0792
2977,N2C,7,9.4576,0.0,0,25.33,0.1058
2977,S2C,8,8.5009,0.0,0,28.19,0.1256
2977,E2C,7,8.5979,10.0,2,27.87,0.1369
2977,W2C,6,9.7437,0.0,0,24.59,0.0957
2978,N2C,7,10.0297,0.0,0,23.89,0.0976
2978,S2C,7,9.0931,0.0,0,26.35,0.1111
2978,E2C,7,8.7996,12.0,2,27.23,0.1353
2978,W2C,6,8.9708,1.0,1,26.71,0.1135
2979,N2C,5,11.0354,0.0,0,21.71,0.0711
2979,S2C,6,10.3994,0.0,0,23.04,0.0863
2979,E2C,7,7.8938,14.0,2,30.35,0.1497
2979,W2C,6,8.7926,2.0,1,27.25,0.1167
2980,N2C,6,11.921,0.0,0,20.1,0.0644
2980,S2C,6,11.5232,0.0,0,20.79,0.0701
2980,E2C,8,7.5634,16.0,2,31.68,0.1618
2980,W2C,7,9.107,4.0,2,26.31,0.1255
2981,N2C,4,13.1439,0.0,0,18.23,0.0347
2981,S2C,5,12.2881,0.0,0,19.5,0.0531
2981,E2C,8,6.7091,18.0,2,35.71,0.1754
2981,W2C,7,8.178,6.0,2,29.3,0.1402
2982,N2C,4,12.9017,0.0,0,18.57,0.0382
2982,S2C,4,13.0682,0.0,0,18.33,0.0358
2982,E2C,8,6.3387,21.0,3,37.8,0.1887
2982,W2C,7,7.8156,8.0,2,30.66,0.1468
2983,N2C,4,12.9513,0.0,0,18.5,0.0375
2983,S2C,4,12.7794,0.0,0,18.75,0.04
2983,E2C,8,5.9602,24.0,3,40.2,0.1962
2983,W2C,7,7.5509,10.0,2,31.73,0.1519
2984,N2C,4,12.9938,0.0,0,18.44,0.0369
2984,S2C,4,13.0123,0.0,0,18.41,0.0366
2984,E2C,8,5.7063,28.0,4,41.99,0.2085
2984,W2C,7,6.9407,13.0,3,34.52,0.1687
2985,N2C,4,13.0072,0.0,0,18.42,0.0367
2985,S2C,5,12.771,0.0,0,18.76,0.0461
2985,E2C,9,6.0132,32.0,4,39.85,0.2128
2985,W2C,8,7.2628,16.0,3,32.99,0.1721
2986,N2C,4,12.8498,0.0,0,18.65,0.039
2986,S2C,4,12.9403,0.0,0,18.52,0.0377
2986,E2C,9,5.5445,36.0,4,43.21,0.2222
2986,W2C,8,6.9421,19.0,3,34.51,0.1787
2987,N2C,4,13.0794,0.0,0,18.32,0.0357
2987,S2C,4,12.4926,0.0,0,19.18,0.0441
2987,E2C,9,5.2925,40.0,4,45.27,0.2285
2987,W2C,8,6.2141,22.0,3,38.56,0.1912
2988,N2C,4,13.0894,0.0,0,18.3,0.0355
2988,S2C,4,12.4181,0.0,0,19.29,0.0452
2988,E2C,9,4.7323,45.0,5,50.63,0.2459
2988,W2C,8,5.9043,25.0,3,40.58,0.1977
2989,N2C,5,13.0854,0.0,0,18.31,0.0416
2989,S2C,4,12.8356,0.0,0,18.67,0.0392
2989,E2C,10,5.3764,50.0,5,44.57,0.2459
2989,W2C,9,6.3194,29.0,4,37.92,0.2063
2990,N2C,5,12.9925,0.0,0,18.44,0.0429
2990,S2C,4,12.7879,0.0,0,18.74,0.0399
2990,E2C,10,4.9313,55.0,5,48.59,0.2557
2990,W2C,9,5.7532,34.0,5,41.65,0.2238
2991,N2C,4,12.9771,0.0,0,18.46,0.0371
2991,S2C,4,12.6659,0.0,0,18.92,0.0416
2991,E2C,10,4.8574,61.0,6,49.33,0.2667
2991,W2C,9,5.6172,39.0,5,42.65,0.2291
2992,N2C,4,12.9727,0.0,0,18.47,0.0372
2992,S2C,4,12.5642,0.0,0,19.07,0.0431
2992,E2C,10,4.8965,67.0,6,48.93,0.2702
2992,W2C,9,5.4842,44.0,5,43.69,0.2344
2993,N2C,4,13.4766,0.0,0,17.78,0.03
2993,S2C,4,12.8465,0.0,0,18.65,0.039
2993,E2C,10,4.9434,73.0,6,48.47,0.2735
2993,W2C,9,4.9424,49.0,5,48.48,0.2455
2994,N2C,4,13.1753,0.0,0,18.19,0.0343
2994,S2C,4,12.7684,0.0,0,18.77,0.0402
2994,E2C,11,5.6997,79.0,6,42.04,0.2726
2994,W2C,10,5.4887,54.0,5,43.65,0.247
2995,N2C,4,13.2911,0.0,0,18.03,0.0326
2995,S2C,4,12.7163,0.0,0,18.84,0.0409
2995,E2C,11,5.6013,85.0,6,42.78,0.278
2995,W2C,10,5.2663,60.0,6,45.5,0.2602
2996,N2C,4,13.6288,0.0,0,17.58,0.0278
2996,S2C,4,12.6832,0.0,0,18.89,0.0414
2996,E2C,11,5.2138,91.0,6,45.96,0.2876
2996,W2C,10,4.8643,66.0,6,49.26,0.27
2997,N2C,4,12.9398,0.0,0,18.52,0.0377
2997,S2C,4,12.7186,0.0,0,18.84,0.0409
2997,E2C,11,4.5233,97.0,6,52.97,0.3015
2997,W2C,10,4.4742,72.0,6,53.55,0.2796
2998,N2C,3,13.1769,0.0,0,18.18,0.0283
2998,S2C,5,12.41,0.0,0,19.31,0.0513
2998,E2C,12,4.7619,104.0,7,50.32,0.3148
2998,W2C,11,4.8627,78.0,6,49.27,0.284
2999,N2C,4,12.7419,0.0,0,18.8,0.0405
2999,S2C,5,12.7067,0.0,0,18.86,0.047
2999,E2C,12,4.5126,111.0,7,53.1,0.323
2999,W2C,11,4.814,84.0,6,49.77,0.2887
3000,N2C,4,12.5017,0.0,0,19.17,0.044
3000,S2C,4,12.3133,0.0,0,19.46,0.0467
3000,E2C,12,4.1675,118.0,7,57.49,0.3327
3000,W2C,11,4.6619,91.0,7,51.4,0.3015
3001,N2C,4,13.1626,0.0,0,18.2,0.0345
3001,S2C,4,12.6758,0.0,0,18.9,0.0415
3001,E2C,12,3.8502,126.0,8,62.23,0.3486
3001,W2C,11,4.2454,98.0,7,56.44,0.3122
3002,N2C,4,12.5205,0.0,0,19.14,0.0437
3002,S2C,4,12.4444,0.0,0,19.25,0.0448
3002,E2C,12,3.5213,134.0,8,68.04,0.3586
3002,W2C,11,3.9476,105.0,7,60.7,0.3212
3003,N2C,5,11.0482,0.0,0,21.69,0.0709
3003,S2C,5,12.6499,0.0,0,18.94,0.0479
3003,E2C,13,4.0943,143.0,9,58.52,0.3684
3003,W2C,12,4.2488,112.0,7,56.39,0.3275
3004,N2C,5,10.2639,0.0,0,23.34,0.0822
3004,S2C,5,12.3845,0.0,0,19.35,0.0517
3004,E2C,11,4.6718,88.0,7,51.29,0.2994
3004,W2C,10,5.0496,67.0,5,47.45,0.262
3005,N2C,5,9.8328,0.0,0,24.37,0.0884
3005,S2C,5,10.8904,0.0,0,22.0,0.0732
3005,E2C,11,4.5099,49.0,5,53.13,0.2637
3005,W2C,10,5.0109,34.0,4,47.82,0.2345
3006,N2C,5,9.2494,0.0,0,25.9,0.0968
3006,S2C,5,9.9691,0.0,0,24.03,0.0865
3006,E2C,11,4.776,19.0,3,50.17,0.2279
3006,W2C,10,5.281,9.0,2,45.37,0.202
3007,N2C,6,9.013,1.0,1,26.58,0.1129
3007,S2C,6,9.7749,0.0,0,24.51,0.0953
3007,E2C,10,6.2298,6.0,2,38.46,0.1863
3007,W2C,9,6.9391,0.0,0,34.53,0.1541
3008,N2C,6,8.3493,2.0,1,28.7,0.1231
3008,S2C,6,8.8957,1.0,1,26.93,0.1146
3008,E2C,10,6.9535,0.0,0,34.46,0.1599
3008,W2C,9,7.2223,0.0,0,33.18,0.15
3009,N2C,6,7.643,3.0,1,31.35,0.1339
3009,S2C,6,8.2931,3.0,2,28.89,0.1306
3009,E2C,8,7.8728,0.0,0,30.43,0.1346
3009,W2C,9,7.6188,0.0,0,31.45,0.1443
3010,N2C,6,7.8234,5.0,2,30.63,0.1387
3010,S2C,6,8.3487,5.0,2,28.7,0.1311
3010,E2C,8,8.5718,0.0,0,27.95,0.1246
3010,W2C,7,8.8123,0.0,0,27.19,0.1151
3011,N2C,6,7.0799,7.0,2,33.84,0.1507
3011,S2C,6,7.7034,7.0,2,31.1,0.1417
3011,E2C,7,9.2958,0.0,0,25.78,0.1082
3011,W2C,7,9.8822,0.0,0,24.25,0.0997
3012,N2C,7,7.4538,9.0,2,32.14,0.1527
3012,S2C,7,8.0814,9.0,2,29.65,0.1436
3012,E2C,7,11.0295,0.0,0,21.72,0.0832
3012,W2C,6,11.1217,0.0,0,21.54,0.0759
3013,N2C,7,6.8166,11.0,2,35.15,0.1632
3013,S2C,7,7.1931,11.0,2,33.31,0.1578
3013,E2C,5,12.609,0.0,0,19.0,0.0484
3013,W2C,5,12.2375,0.0,0,19.58,0.0538
3014,N2C,7,6.7208,14.0,3,35.65,0.1726
3014,S2C,7,7.2626,13.0,2,32.99,0.1581
3014,E2C,5,12.7827,0.0,0,18.74,0.0459
3014,W2C,4,12.8711,0.0,0,18.62,0.0387
3015,N2C,7,6.764,17.0,3,35.42,0.1739
3015,S2C,7,7.0418,16.0,3,34.03,0.1693
3015,E2C,4,13.1587,0.0,0,18.21,0.0345
3015,W2C,4,12.4863,0.0,0,19.19,0.0442
3016,N2C,8,7.5607,20.0,3,31.69,0.1705
3016,S2C,8,8.0011,19.0,3,29.95,0.1635
3016,E2C,4,13.1907,0.0,0,18.16,0.0341
3016,W2C,5,12.9166,0.0,0,18.55,0.044
3017,N2C,8,7.38,23.0,3,32.47,0.1751
3017,S2C,8,7.9292,22.0,3,30.22,0.1665
3017,E2C,4,13.2448,0.0,0,18.09,0.0333
3017,W2C,4,13.1762,0.0,0,18.18,0.0343
3018,N2C,8,7.1911,26.0,3,33.32,0.1798
3018,S2C,8,7.7434,25.0,3,30.94,0.1712
3018,E2C,4,12.9876,0.0,0,18.45,0.037
3018,W2C,4,12.8412,0.0,0,18.66,0.0391
3019,N2C,8,6.6288,29.0,3,36.15,0.1899
3019,S2C,8,7.0538,28.0,3,33.97,0.1831
3019,E2C,4,13.1977,0.0,0,18.15,0.034
3019,W2C,4,12.7984,0.0,0,18.72,0.0397
3020,N2C,8,6.9604,32.0,3,34.42,0.1871
3020,S2C,8,6.3729,31.0,3,37.6,0.1949
3020,E2C,4,13.2406,0.0,0,18.1,0.0334
3020,W2C,4,12.9318,0.0,0,18.53,0.0378
3021,N2C,9,7.0729,35.0,3,33.88,0.1935
3021,S2C,9,6.3974,34.0,3,37.45,0.2026
3021,E2C,4,13.6051,0.0,0,17.61,0.0281
3021,W2C,5,13.2543,0.0,0,18.08,0.0392
3022,N2C,9,6.8493,39.0,4,34.98,0.2054
3022,S2C,9,5.8204,37.0,3,41.17,0.2129
3022,E2C,4,13.4117,0.0,0,17.87,0.0309
3022,W2C,5,12.9238,0.0,0,18.54,0.0439
3023,N2C,9,6.4606,43.0,4,37.09,0.2136
3023,S2C,9,5.5925,41.0,4,42.84,0.2248
3023,E2C,4,13.2497,0.0,0,18.08,0.0332
3023,W2C,4,13.4614,0.0,0,17.8,0.0302
3024,N2C,9,6.2791,47.0,4,38.16,0.2189
3024,S2C,9,5.1207,46.0,5,46.79,0.2409
3024,E2C,4,13.5626,0.0,0,17.67,0.0287
3024,W2C,4,13.3804,0.0,0,17.91,0.0313
3025,N2C,10,6.634,51.0,4,36.12,0.2225
3025,S2C,10,5.5431,51.0,5,43.23,0.2442
3025,E2C,4,13.5235,0.0,0,17.72,0.0293
3025,W2C,3,13.4268,0.0,0,17.84,0.0247
3026,N2C,10,6.0341,55.0,4,39.71,0.2338
3026,S2C,10,5.2429,56.0,5,45.7,0.2518
3026,E2C,4,13.6166,0.0,0,17.6,0.0279
3026,W2C,4,13.3409,0.0,0,17.96,0.0319
3027,N2C,10,5.5007,59.0,4,43.56,0.2441
3027,S2C,10,5.1987,61.0,5,46.09,0.2558
3027,E2C,4,12.9842,0.0,0,18.45,0.037
3027,W2C,4,13.3497,0.0,0,17.95,0.0318
3028,N2C,10,4.682,64.0,5,51.17,0.2653
3028,S2C,10,4.87,67.0,6,49.2,0.2705
3028,E2C,4,13.2644,0.0,0,18.06,0.033
3028,W2C,4,13.1218,0.0,0,18.26,0.0351
3029,N2C,10,4.3908,69.0,5,54.57,0.2728
3029,S2C,10,4.2712,73.0,6,56.1,0.2832
3029,E2C,4,13.3941,0.0,0,17.89,0.0311
3029,W2C,4,13.4031,0.0,0,17.88,0.031
3030,N2C,11,4.8029,75.0,6,49.89,0.2828
3030,S2C,11,4.7776,79.0,6,50.15,0.2859
3030,E2C,4,13.3809,0.0,0,17.91,0.0313
3030,W2C,4,12.5695,0.0,0,19.06,0.043
3031,N2C,11,4.6814,81.0,6,51.18,0.2886
3031,S2C,11,4.7562,85.0,6,50.38,0.2902
3031,E2C,4,13.3429,0.0,0,17.96,0.0319
3031,W2C,4,12.6005,0.0,0,19.02,0.0426
3032,N2C,11,4.6706,88.0,7,51.3,0.2994
3032,S2C,11,4.3374,92.0,7,55.24,0.3069
3032,E2C,4,13.7168,0.0,0,17.47,0.0265
3032,W2C,4,12.6083,0.0,0,19.0,0.0425
3033,N2C,11,4.2352,95.0,7,56.57,0.3104
3033,S2C,11,3.9111,99.0,7,61.26,0.3177
3033,E2C,4,13.3905,0.0,0,17.89,0.0312
3033,W2C,4,12.5646,0.0,0,19.07,0.0431
3034,N2C,12,4.8778,102.0,7,49.12,0.3118
3034,S2C,12,4.4663,106.0,7,53.65,0.3204
3034,E2C,3,13.1257,0.0,0,18.25,0.029
3034,W2C,4,13.0001,0.0,0,18.43,0.0368
3035,N2C,12,4.4236,109.0,7,54.16,0.323
3035,S2C,12,4.2712,113.0,7,56.1,0.3278
3035,E2C,4,13.3207,0.0,0,17.99,0.0322
3035,W2C,4,12.7381,0.0,0,18.81,0.0406
3036,N2C,12,4.0745,116.0,7,58.8,0.3327
3036,S2C,12,4.3276,121.0,8,55.37,0.3384
3036,E2C,4,13.3068,0.0,0,18.01,0.0324
3036,W2C,4,12.6172,0.0,0,18.99,0.0423
3037,N2C,10,4.4724,64.0,5,53.57,0.2683
3037,S2C,10,4.9269,70.0,6,48.63,0.2717
3037,E2C,4,13.5574,0.0,0,17.67,0.0288
3037,W2C,4,12.5488,0.0,0,19.09,0.0433
3038,N2C,10,4.2224,28.0,4,56.74,0.2419
3038,S2C,10,4.9813,36.0,4,48.1,0.2363
3038,E2C,4,13.1049,0.0,0,18.28,0.0353
3038,W2C,4,12.0462,0.0,0,19.89,0.0505
3039,N2C,11,5.5465,10.0,2,43.2,0.2048
3039,S2C,11,5.8886,12.0,2,40.69,0.2012
3039,E2C,5,12.0318,0.0,0,19.91,0.0568
3039,W2C,5,11.7652,0.0,0,20.37,0.0606
3040,N2C,9,6.0813,1.0,1,39.4,0.1731
3040,S2C,9,6.6767,1.0,1,35.89,0.1645
3040,E2C,5,10.7017,0.0,0,22.39,0.0759
3040,W2C,5,10.8027,0.0,0,22.18,0.0745
3041,N2C,9,6.4071,0.0,0,37.4,0.1617
3041,S2C,9,7.3291,0.0,0,32.69,0.1485
3041,E2C,5,10.087,1.0,1,23.75,0.0914
3041,W2C,5,10.2356,0.0,0,23.41,0.0826
3042,N2C,8,7.327,0.0,0,32.7,0.1425
3042,S2C,7,7.9106,0.0,0,30.29,0.1281
3042,E2C,5,9.4459,2.0,1,25.37,0.1013
3042,W2C,5,10.1294,1.0,1,23.65,0.0908
3043,N2C,8,8.8023,0.0,0,27.22,0.1213
3043,S2C,8,9.3004,0.0,0,25.76,0.1141
3043,E2C,6,9.3587,3.0,1,25.6,0.1092
3043,W2C,6,10.5302,2.0,1,22.75,0.0917
3044,N2C,7,9.5922,0.0,0,24.98,0.1039
3044,S2C,6,10.6061,0.0,0,22.59,0.0833
3044,E2C,6,8.6402,4.0,1,27.73,0.1203
3044,W2C,6,9.814,3.0,1,24.41,0.1027
3045,N2C,6,10.7097,0.0,0,22.37,0.0818
3045,S2C,6,10.9413,0.0,0,21.9,0.0785
3045,E2C,6,8.4571,5.0,1,28.33,0.1236
3045,W2C,6,8.9352,4.0,1,26.82,0.116
3046,N2C,5,11.7204,0.0,0,20.44,0.0612
3046,S2C,4,12.474,0.0,0,19.21,0.0444
3046,E2C,6,8.1195,7.0,2,29.51,0.1358
3046,W2C,6,8.6041,5.0,1,27.85,0.1214
3047,N2C,4,12.4608,0.0,0,19.23,0.0446
3047,S2C,4,12.4759,0.0,0,19.2,0.0444
3047,E2C,6,7.8781,9.0,2,30.41,0.1406
3047,W2C,6,8.4191,7.0,2,28.46,0.1314
3048,N2C,5,12.6034,0.0,0,19.01,0.0485
3048,S2C,4,12.9154,0.0,0,18.55,0.038
3048,E2C,7,7.9498,11.0,2,30.14,0.1469
3048,W2C,7,9.0802,9.0,2,26.39,0.1293
3049,N2C,5,12.5368,0.0,0,19.11,0.0495
3049,S2C,4,12.6987,0.0,0,18.87,0.0412
3049,E2C,7,7.1035,13.0,2,33.73,0.1604
3049,W2C,7,8.822,11.0,2,27.16,0.1343
3050,N2C,4,12.5564,0.0,0,19.08,0.0432
3050,S2C,4,12.9208,0.0,0,18.54,0.038
3050,E2C,7,7.0583,16.0,3,33.95,0.169
3050,W2C,7,8.8743,13.0,2,27.0,0.1349
3051,N2C,4,12.3604,0.0,0,19.38,0.046
3051,S2C,4,12.9584,0.0,0,18.49,0.0374
3051,E2C,7,7.0908,19.0,3,33.79,0.1706
3051,W2C,7,7.7977,15.0,2,30.73,0.1517
3052,N2C,5,12.4817,0.0,0,19.2,0.0503
3052,S2C,4,12.2484,0.0,0,19.56,0.0476
3052,E2C,8,7.4701,22.0,3,32.07,0.1731
3052,W2C,8,7.3996,17.0,2,32.38,0.1648
3053,N2C,5,12.7619,0.0,0,18.77,0.0462
3053,S2C,4,12.425,0.0,0,19.28,0.0451
3053,E2C,8,6.944,25.0,3,34.5,0.1827
3053,W2C,8,6.3628,19.0,2,37.66,0.1811
3054,N2C,5,12.3817,0.0,0,19.35,0.0517
3054,S2C,4,12.0622,0.0,0,19.86,0.0503
3054,E2C,8,6.4564,28.0,3,37.11,0.1917
3054,W2C,8,6.368,22.0,3,37.63,0.189
3055,N2C,4,12.7391,0.0,0,18.81,0.0406
3055,S2C,4,12.0519,0.0,0,19.88,0.0505
3055,E2C,8,6.3901,31.0,3,37.5,0.1947
3055,W2C,8,6.1332,26.0,4,39.07,0.201
3056,N2C,4,13.0989,0.0,0,18.29,0.0354
3056,S2C,4,12.3018,0.0,0,19.48,0.0469
3056,E2C,8,6.1075,34.0,3,39.23,0.2007
3056,W2C,8,5.7138,30.0,4,41.93,0.2097
3057,N2C,5,13.127,0.0,0,18.25,0.041
3057,S2C,5,12.6118,0.0,0,19.0,0.0484
3057,E2C,9,7.2397,38.0,4,33.1,0.1991
3057,W2C,9,6.1742,34.0,4,38.81,0.2118
3058,N2C,4,13.1996,0.0,0,18.15,0.0339
3058,S2C,5,12.2213,0.0,0,19.61,0.054
3058,E2C,9,6.7499,42.0,4,35.5,0.2088
3058,W2C,9,5.7672,38.0,4,41.55,0.2203
3059,N2C,4,12.8338,0.0,0,18.67,0.0392
3059,S2C,5,12.3067,0.0,0,19.47,0.0528
3059,E2C,9,6.3677,46.0,4,37.63,0.217
3059,W2C,9,5.3418,43.0,5,44.85,0.2358
3060,N2C,4,13.1401,0.0,0,18.23,0.0348
3060,S2C,4,12.7535,0.0,0,18.79,0.0404
3060,E2C,9,6.0103,50.0,4,39.87,0.2248
3060,W2C,9,5.0039,48.0,5,47.88,0.244
3061,N2C,4,13.0266,0.0,0,18.39,0.0364
3061,S2C,4,12.6741,0.0,0,18.9,0.0415
3061,E2C,10,6.1321,54.0,4,39.07,0.2317
3061,W2C,10,5.3472,53.0,5,44.81,0.2483
3062,N2C,4,13.0307,0.0,0,18.39,0.0364
3062,S2C,4,12.7251,0.0,0,18.83,0.0408
3062,E2C,10,5.5443,59.0,5,43.22,0.2495
3062,W2C,10,5.0949,58.0,5,47.03,0.2553
3063,N2C,4,13.069,0.0,0,18.33,0.0358
3063,S2C,4,12.8899,0.0,0,18.59,0.0384
3063,E2C,10,5.0601,64.0,5,47.35,0.2598
3063,W2C,10,4.9824,64.0,6,48.09,0.2669
3064,N2C,4,12.8749,0.0,0,18.61,0.0386
3064,S2C,4,12.4456,0.0,0,19.25,0.0448
3064,E2C,10,4.7276,70.0,6,50.68,0.2746
3064,W2C,10,5.0938,70.0,6,47.04,0.2693
3065,N2C,4,13.1061,0.0,0,18.28,0.0353
3065,S2C,4,12.5999,0.0,0,19.02,0.0426
3065,E2C,10,4.3648,76.0,6,54.89,0.2838
3065,W2C,10,4.6733,76.0,6,51.27,0.2794
3066,N2C,5,13.5459,0.0,0,17.69,0.035
3066,S2C,3,12.3887,0.0,0,19.34,0.0396
3066,E2C,11,4.6537,82.0,6,51.49,0.2897
3066,W2C,11,5.1381,82.0,6,46.63,0.2827
3067,N2C,4,13.6429,0.0,0,17.56,0.0276
3067,S2C,4,12.4147,0.0,0,19.3,0.0452
3067,E2C,11,4.6024,88.0,6,52.06,0.2944
3067,W2C,11,4.6999,88.0,6,50.98,0.293
3068,N2C,4,13.2354,0.0,0,18.1,0.0334
3068,S2C,4,12.1899,0.0,0,19.66,0.0485
3068,E2C,11,4.1126,95.0,7,58.26,0.3121
3068,W2C,11,4.3715,95.0,7,54.81,0.3084
3069,N2C,4,12.6752,0.0,0,18.9,0.0415
3069,S2C,4,12.426,0.0,0,19.28,0.0451
3069,E2C,11,3.847,102.0,7,62.28,0.3206
3069,W2C,11,4.0805,102.0,7,58.72,0.3172
3070,N2C,5,12.2883,0.0,0,19.5,0.0531
3070,S2C,5,12.5171,0.0,0,19.14,0.0498
3070,E2C,10,5.1257,54.0,5,46.74,0.2522
3070,W2C,10,5.7936,56.0,5,41.36,0.2439
3071,N2C,5,11.0894,0.0,0,21.61,0.0703
3071,S2C,5,12.7806,0.0,0,18.75,0.046
3071,E2C,10,5.131,22.0,3,46.7,0.2188
3071,W2C,10,5.4444,26.0,3,44.01,0.2169
3072,N2C,5,10.8678,0.0,0,22.05,0.0735
3072,S2C,5,12.24,0.0,0,19.58,0.0538
3072,E2C,10,5.5053,6.0,2,43.52,0.1967
3072,W2C,10,5.8705,5.0,1,40.81,0.1848
3073,N2C,5,10.6597,1.0,1,22.48,0.0832
3073,S2C,5,11.4137,0.0,0,20.99,0.0657
3073,E2C,9,5.9166,0.0,0,40.5,0.1688
3073,W2C,8,6.2847,0.0,0,38.12,0.1575
3074,N2C,5,10.2014,2.0,1,23.49,0.0904
3074,S2C,5,10.4452,0.0,0,22.94,0.0796
3074,E2C,8,6.5758,0.0,0,36.44,0.1533
3074,W2C,8,6.8064,0.0,0,35.2,0.15
3075,N2C,6,9.9062,3.0,1,24.19,0.1014
3075,S2C,6,10.1884,0.0,0,23.52,0.0893
3075,E2C,8,8.1586,0.0,0,29.37,0.1305
3075,W2C,8,8.0889,0.0,0,29.62,0.1315
3076,N2C,6,9.4068,4.0,1,25.47,0.1092
3076,S2C,6,9.311,0.0,0,25.73,0.1019
3076,E2C,7,9.3043,0.0,0,25.75,0.108
3076,W2C,7,9.1071,0.0,0,26.31,0.1109
3077,N2C,6,8.6241,6.0,2,27.78,0.1278
3077,S2C,6,8.6602,0.0,0,27.67,0.1113
3077,E2C,7,9.9257,0.0,0,24.14,0.0991
3077,W2C,6,10.2358,0.0,0,23.41,0.0886
3078,N2C,6,7.9706,8.0,2,30.06,0.1386
3078,S2C,6,7.8596,2.0,2,30.49,0.1362
3078,E2C,5,11.2155,0.0,0,21.36,0.0685
3078,W2C,5,10.861,0.0,0,22.06,0.0736
3079,N2C,7,8.1569,10.0,2,29.37,0.1432
3079,S2C,7,8.0543,4.0,2,29.75,0.1407
3079,E2C,6,11.9082,0.0,0,20.12,0.0645
3079,W2C,6,11.7914,0.0,0,20.32,0.0662
3080,N2C,7,7.6924,12.0,2,31.15,0.1512
3080,S2C,7,7.5114,6.0,2,31.9,0.1498
3080,E2C,4,11.9687,0.0,0,20.02,0.0517
3080,W2C,4,12.2957,0.0,0,19.49,0.047
3081,N2C,7,7.4176,15.0,3,32.3,0.1632
3081,S2C,7,7.5796,8.0,2,31.61,0.1502
3081,E2C,4,12.3112,0.0,0,19.46,0.0467
3081,W2C,4,12.0507,0.0,0,19.88,0.0505
3082,N2C,7,7.5231,18.0,3,31.85,0.1637
3082,S2C,7,7.2603,10.0,2,33.0,0.1561
3082,E2C,4,12.1326,0.0,0,19.75,0.0493
3082,W2C,4,12.2933,0.0,0,19.49,0.047
3083,N2C,7,6.7631,21.0,3,35.43,0.1766
3083,S2C,7,7.2668,12.0,2,32.97,0.1574
3083,E2C,4,12.1198,0.0,0,19.77,0.0495
3083,W2C,4,12.6061,0.0,0,19.01,0.0425
3084,N2C,8,7.1222,24.0,3,33.64,0.1794
3084,S2C,8,8.0611,15.0,3,29.72,0.1599
3084,E2C,5,12.3739,0.0,0,19.36,0.0518
3084,W2C,5,12.6009,0.0,0,19.01,0.0486
3085,N2C,8,6.8204,27.0,3,35.13,0.1858
3085,S2C,8,7.8599,18.0,3,30.48,0.1648
3085,E2C,5,12.2669,0.0,0,19.53,0.0534
3085,W2C,4,12.6055,0.0,0,19.01,0.0425
3086,N2C,8,6.3798,30.0,3,37.56,0.1941
3086,S2C,8,7.4372,21.0,3,32.22,0.1729
3086,E2C,5,12.1307,0.0,0,19.75,0.0553
3086,W2C,4,12.4046,0.0,0,19.32,0.0454
3087,N2C,8,5.8794,34.0,4,40.75,0.21
3087,S2C,8,6.4625,24.0,3,37.08,0.1889
3087,E2C,5,12.2243,0.0,0,19.6,0.054
3087,W2C,4,12.252,0.0,0,19.56,0.0476
3088,N2C,9,6.3198,38.0,4,37.91,0.2123
3088,S2C,9,6.5788,27.0,3,36.42,0.1953
3088,E2C,5,13.1324,0.0,0,18.24,0.0409
3088,W2C,5,12.1378,0.0,0,19.74,0.0552
3089,N2C,9,5.9773,43.0,5,40.09,0.2266
3089,S2C,9,5.9106,31.0,4,40.54,0.2136
3089,E2C,5,12.4738,0.0,0,19.21,0.0504
3089,W2C,5,12.1978,0.0,0,19.64,0.0544
3090,N2C,9,5.7252,48.0,5,41.85,0.2336
3090,S2C,9,5.8292,36.0,5,41.1,0.2241
3090,E2C,4,12.9506,0.0,0,18.5,0.0375
3090,W2C,5,12.1683,0.0,0,19.69,0.0548
3091,N2C,9,5.6309,53.0,5,42.55,0.2383
3091,S2C,9,5.7416,41.0,5,41.73,0.2287
3091,E2C,4,12.7502,0.0,0,18.79,0.0404
3091,W2C,4,12.3867,0.0,0,19.34,0.0456
3092,N2C,9,5.2049,58.0,5,46.03,0.2477
3092,S2C,9,5.1448,46.0,5,46.57,0.2406
3092,E2C,4,12.5858,0.0,0,19.04,0.0428
3092,W2C,4,12.5463,0.0,0,19.1,0.0433
3093,N2C,10,5.4882,63.0,5,43.66,0.253
3093,S2C,10,5.5837,51.0,5,42.91,0.2436
3093,E2C,4,12.9411,0.0,0,18.51,0.0377
3093,W2C,5,12.814,0.0,0,18.7,0.0455
3094,N2C,10,5.3531,68.0,5,44.76,0.2583
3094,S2C,10,5.3205,56.0,5,45.03,0.2507
3094,E2C,4,12.7763,0.0,0,18.75,0.04
3094,W2C,5,12.5916,0.0,0,19.03,0.0487
3095,N2C,10,4.908,74.0,6,48.82,0.2747
3095,S2C,10,4.8967,61.0,5,48.93,0.2602
3095,E2C,4,12.6303,0.0,0,18.97,0.0421
3095,W2C,4,12.581,0.0,0,19.04,0.0428
3096,N2C,10,4.749,80.0,6,50.45,0.281
3096,S2C,10,4.4838,67.0,6,53.44,0.2761
3096,E2C,4,13.113,0.0,0,18.27,0.0352
3096,W2C,4,12.7004,0.0,0,18.87,0.0411
3097,N2C,11,4.9571,86.0,6,48.33,0.288
3097,S2C,11,4.8344,73.0,6,49.56,0.2811
3097,E2C,5,12.921,0.0,0,18.54,0.044
3097,W2C,4,12.802,0.0,0,18.72,0.0397
3098,N2C,11,4.5819,93.0,7,52.29,0.304
3098,S2C,11,4.7041,79.0,6,50.93,0.2869
3098,E2C,4,12.6174,0.0,0,18.99,0.0423
3098,W2C,4,12.9688,0.0,0,18.48,0.0373
3099,N2C,11,4.3293,100.0,7,55.34,0.3123
3099,S2C,11,4.6885,86.0,7,51.1,0.2978
3099,E2C,4,12.7986,0.0,0,18.72,0.0397
3099,W2C,4,12.5709,0.0,0,19.06,0.043
3100,N2C,11,4.0984,107.0,7,58.46,0.3203
3100,S2C,11,4.3715,93.0,7,54.81,0.3071
3100,E2C,4,12.8403,0.0,0,18.66,0.0391
3100,W2C,4,13.1309,0.0,0,18.25,0.0349
3101,N2C,11,3.931,114.0,7,60.95,0.3274
3101,S2C,11,3.9844,100.0,7,60.13,0.3173
3101,E2C,4,12.5876,0.0,0,19.03,0.0428
3101,W2C,4,12.7051,0.0,0,18.86,0.0411
3102,N2C,12,4.3702,121.0,7,54.83,0.3317
3102,S2C,12,4.3553,107.0,7,55.01,0.3226
3102,E2C,5,13.1586,0.0,0,18.21,0.0405
3102,W2C,5,12.2171,0.0,0,19.61,0.0541
3103,N2C,10,4.8159,71.0,6,49.75,0.274
3103,S2C,10,4.6017,63.0,6,52.07,0.2717
3103,E2C,5,13.1366,0.0,0,18.24,0.0408
3103,W2C,5,11.2723,0.0,0,21.26,0.0677
3104,N2C,10,4.6274,35.0,4,51.78,0.2407
3104,S2C,10,4.7213,33.0,4,50.75,0.238
3104,E2C,5,11.7832,0.0,0,20.33,0.0603
3104,W2C,5,10.7196,0.0,0,22.35,0.0757
3105,N2C,10,4.9497,11.0,2,48.41,0.2081
3105,S2C,10,5.0308,10.0,2,47.63,0.2062
3105,E2C,5,10.9381,0.0,0,21.9,0.0725
3105,W2C,5,10.455,0.0,0,22.92,0.0795
3106,N2C,9,6.4189,1.0,1,37.33,0.1682
3106,S2C,9,6.6193,1.0,1,36.2,0.1654
3106,E2C,6,9.9703,0.0,0,24.03,0.0924
3106,W2C,6,10.5086,1.0,1,22.8,0.0914
3107,N2C,9,6.9806,0.0,0,34.32,0.1535
3107,S2C,9,7.5088,0.0,0,31.91,0.1459
3107,E2C,6,9.0576,1.0,1,26.45,0.1122
3107,W2C,6,10.0374,2.0,1,23.87,0.0988
3108,N2C,9,7.7811,0.0,0,30.79,0.142
3108,S2C,7,8.3767,0.0,0,28.6,0.1214
3108,E2C,6,8.669,2.0,1,27.64,0.1185
3108,W2C,6,9.8484,3.0,1,24.33,0.1022
3109,N2C,7,9.1217,0.0,0,26.27,0.1107
3109,S2C,7,9.3038,0.0,0,25.75,0.108
3109,E2C,6,8.7425,4.0,2,27.41,0.1248
3109,W2C,6,9.104,4.0,1,26.32,0.1136
3110,N2C,7,9.7337,0.0,0,24.62,0.1018
3110,S2C,7,9.5243,0.0,0,25.16,0.1049
3110,E2C,6,7.9203,6.0,2,30.25,0.138
3110,W2C,6,8.0961,5.0,1,29.59,0.1288
3111,N2C,6,11.3706,0.0,0,21.07,0.0723
3111,S2C,6,10.8037,0.0,0,22.18,0.0804
3111,E2C,7,8.1362,8.0,2,29.45,0.1422
3111,W2C,7,7.8879,6.0,1,30.38,0.1384
3112,N2C,6,12.0942,0.0,0,19.81,0.0619
3112,S2C,6,11.5877,0.0,0,20.68,0.0692
3112,E2C,7,7.2515,10.0,2,33.04,0.1563
3112,W2C,7,7.1413,7.0,1,33.55,0.1498
3113,N2C,4,12.6941,0.0,0,18.87,0.0412
3113,S2C,4,12.8401,0.0,0,18.66,0.0391
3113,E2C,7,7.5277,12.0,2,31.83,0.1536
3113,W2C,7,6.9632,9.0,2,34.41,0.1597
3114,N2C,4,12.879,0.0,0,18.6,0.0386
3114,S2C,4,12.9009,0.0,0,18.57,0.0382
3114,E2C,7,6.8711,15.0,3,34.87,0.1711
3114,W2C,7,6.2614,12.0,3,38.27,0.1778
3115,N2C,5,12.6913,0.0,0,18.88,0.0473
3115,S2C,5,12.6505,0.0,0,18.94,0.0478
3115,E2C,8,7.1636,18.0,3,33.45,0.1749
3115,W2C,8,6.4818,15.0,3,36.97,0.1827
3116,N2C,5,12.9038,0.0,0,18.57,0.0442
3116,S2C,5,12.8372,0.0,0,18.66,0.0452
3116,E2C,8,6.4064,21.0,3,37.4,0.1878
3116,W2C,8,6.058,18.0,3,39.55,0.1908
3117,N2C,4,13.1585,0.0,0,18.21,0.0345
3117,S2C,4,12.9791,0.0,0,18.46,0.0371
3117,E2C,8,6.4381,24.0,3,37.22,0.1893
3117,W2C,8,6.007,21.0,3,39.89,0.1935
3118,N2C,4,12.994,0.0,0,18.44,0.0369
3118,S2C,4,12.4093,0.0,0,19.31,0.0453
3118,E2C,8,6.4255,28.0,4,37.29,0.1981
3118,W2C,8,5.6803,24.0,3,42.18,0.2002
3119,N2C,4,13.3585,0.0,0,17.94,0.0317
3119,S2C,4,12.9393,0.0,0,18.52,0.0377
3119,E2C,8,6.0205,32.0,4,39.8,0.2066
3119,W2C,8,4.9526,28.0,4,48.38,0.2194
3120,N2C,4,12.3244,0.0,0,19.44,0.0465
3120,S2C,5,13.1936,0.0,0,18.16,0.04
3120,E2C,9,6.4188,36.0,4,37.33,0.2096
3120,W2C,9,5.5945,32.0,4,42.83,0.2188
3121,N2C,4,12.3863,0.0,0,19.34,0.0457
3121,S2C,5,13.0791,0.0,0,18.32,0.0417
3121,E2C,9,5.972,40.0,4,40.12,0.2187
3121,W2C,9,5.3737,36.0,4,44.59,0.2246
3122,N2C,4,12.6439,0.0,0,18.95,0.0419
3122,S2C,4,13.1481,0.0,0,18.22,0.0347
3122,E2C,9,6.0046,44.0,4,39.9,0.2209
3122,W2C,9,5.3155,40.0,4,45.08,0.2281
3123,N2C,4,12.4883,0.0,0,19.19,0.0442
3123,S2C,4,13.2636,0.0,0,18.06,0.033
3123,E2C,9,5.5077,48.0,4,43.5,0.2307
3123,W2C,9,5.2008,45.0,5,46.07,0.2391
3124,N2C,4,12.8231,0.0,0,18.69,0.0394
3124,S2C,4,13.3771,0.0,0,17.91,0.0314
3124,E2C,10,6.1167,53.0,5,39.17,0.2373
3124,W2C,10,6.1896,50.0,5,38.71,0.2342
3125,N2C,4,12.5619,0.0,0,19.07,0.0431
3125,S2C,4,12.8157,0.0,0,18.7,0.0395
3125,E2C,10,5.7348,58.0,5,41.78,0.2461
3125,W2C,10,5.9362,55.0,5,40.36,0.2412
3126,N2C,4,12.5606,0.0,0,19.08,0.0431
3126,S2C,4,12.9845,0.0,0,18.45,0.037
3126,E2C,10,5.281,63.0,5,45.37,0.256
3126,W2C,10,6.0583,60.0,5,39.55,0.2428
3127,N2C,4,12.4984,0.0,0,19.17,0.044
3127,S2C,4,13.082,0.0,0,18.32,0.0356
3127,E2C,10,4.9666,69.0,6,48.24,0.2705
3127,W2C,10,5.4942,65.0,5,43.61,0.2542
3128,N2C,4,12.342,0.0,0,19.41,0.0463
3128,S2C,4,13.0378,0.0,0,18.38,0.0363
3128,E2C,10,4.4648,75.0,6,53.66,0.2817
3128,W2C,10,5.1211,70.0,5,46.79,0.2629
3129,N2C,4,12.6522,0.0,0,18.94,0.0418
3129,S2C,4,12.9651,0.0,0,18.48,0.0373
3129,E2C,11,4.658,81.0,6,51.44,0.2889
3129,W2C,11,5.8173,75.0,5,41.19,0.2622
3130,N2C,4,12.3431,0.0,0,19.41,0.0463
3130,S2C,4,12.7975,0.0,0,18.72,0.0397
3130,E2C,11,4.563,88.0,7,52.51,0.301
3130,W2C,11,5.3804,81.0,6,44.53,0.2785
3131,N2C,4,12.9329,0.0,0,18.53,0.0378
3131,S2C,4,13.0187,0.0,0,18.4,0.0365
3131,E2C,11,4.1279,95.0,7,58.04,0.3119
3131,W2C,11,4.8171,87.0,6,49.74,0.2906
3132,N2C,4,12.6085,0.0,0,19.0,0.0425
3132,S2C,4,13.0062,0.0,0,18.42,0.0367
3132,E2C,11,3.8326,102.0,7,62.52,0.3208
3132,W2C,11,4.2757,94.0,7,56.04,0.3091
3133,N2C,5,11.8176,0.0,0,20.27,0.0598
3133,S2C,5,12.8597,0.0,0,18.63,0.0448
3133,E2C,12,4.397,109.0,7,54.49,0.3234
3133,W2C,12,4.7658,101.0,7,50.27,0.3127
3134,N2C,5,11.16,0.0,0,21.47,0.0693
3134,S2C,5,11.5818,0.0,0,20.69,0.0632
3134,E2C,12,4.1957,116.0,7,57.11,0.3309
3134,W2C,12,4.4361,108.0,7,54.01,0.3221
3135,N2C,5,10.2933,0.0,0,23.28,0.0818
3135,S2C,5,10.8239,0.0,0,22.14,0.0741
3135,E2C,12,4.0056,124.0,8,59.82,0.345
3135,W2C,12,4.1175,116.0,8,58.19,0.338
3136,N2C,5,10.1555,0.0,0,23.59,0.0838
3136,S2C,5,10.5484,0.0,0,22.71,0.0781
3136,E2C,10,4.3527,74.0,6,55.05,0.2827
3136,W2C,10,4.5693,69.0,6,52.44,0.2762
3137,N2C,5,10.0906,0.0,0,23.74,0.0847
3137,S2C,5,10.1699,0.0,0,23.56,0.0836
3137,E2C,10,4.0511,36.0,4,59.14,0.2497
3137,W2C,10,4.2444,32.0,4,56.45,0.2442
3138,N2C,6,10.677,1.0,1,22.44,0.0889
3138,S2C,6,9.9717,1.0,1,24.03,0.0991
3138,E2C,11,5.231,14.0,3,45.8,0.218
3138,W2C,11,5.7092,11.0,2,41.97,0.2031
3139,N2C,6,10.5123,2.0,1,22.79,0.092
3139,S2C,6,9.3096,2.0,1,25.74,0.1093
3139,E2C,9,5.8144,2.0,1,41.21,0.1776
3139,W2C,9,6.5884,0.0,0,36.37,0.1591
3140,N2C,6,10.4259,3.0,1,22.98,0.0939
3140,S2C,6,8.5773,3.0,1,27.93,0.1205
3140,E2C,9,6.0241,0.0,0,39.77,0.1673
3140,W2C,9,6.8992,0.0,0,34.73,0.1547
3141,N2C,6,9.8051,4.0,1,24.44,0.1035
3141,S2C,6,7.4768,5.0,2,32.05,0.1437
3141,E2C,9,6.6729,0.0,0,35.91,0.1579
3141,W2C,8,7.5824,0.0,0,31.6,0.1388
3142,N2C,7,9.2654,5.0,1,25.86,0.1179
3142,S2C,7,8.1256,7.0,2,29.49,0.1417
3142,E2C,8,8.4527,0.0,0,28.35,0.1263
3142,W2C,8,9.1083,0.0,0,26.31,0.1169
3143,N2C,7,8.069,6.0,1,29.69,0.1358
3143,S2C,7,7.5389,9.0,2,31.78,0.1514
3143,E2C,8,9.345,0.0,0,25.64,0.1134
3143,W2C,7,10.1853,0.0,0,23.52,0.0953
3144,N2C,7,7.6014,7.0,1,31.52,0.1432
3144,S2C,7,7.5523,11.0,2,31.73,0.1526
3144,E2C,6,10.3752,0.0,0,23.09,0.0866
3144,W2C,6,11.6095,0.0,0,20.64,0.0688
3145,N2C,7,7.2749,8.0,1,32.94,0.1486
3145,S2C,7,7.1481,14.0,3,33.52,0.1664
3145,E2C,6,11.1312,0.0,0,21.53,0.0757
3145,W2C,5,12.3092,0.0,0,19.47,0.0528
3146,N2C,7,6.7903,11.0,3,35.29,0.1696
3146,S2C,7,7.1653,17.0,3,33.44,0.1682
3146,E2C,4,12.4327,0.0,0,19.27,0.045
3146,W2C,4,13.55,0.0,0,17.68,0.0289
3147,N2C,8,7.2039,14.0,3,33.26,0.1716
3147,S2C,8,7.817,20.0,3,30.65,0.1668
3147,E2C,5,12.6456,0.0,0,18.95,0.0479
3147,W2C,4,13.0877,0.0,0,18.31,0.0356
3148,N2C,8,6.9197,17.0,3,34.63,0.1777
3148,S2C,8,7.7684,23.0,3,30.84,0.1695
3148,E2C,5,12.6618,0.0,0,18.92,0.0477
3148,W2C,4,12.8564,0.0,0,18.64,0.0389
3149,N2C,8,6.2691,20.0,3,38.22,0.1891
3149,S2C,8,6.6164,26.0,3,36.21,0.1881
3149,E2C,5,12.4668,0.0,0,19.22,0.0505
3149,W2C,4,13.2197,0.0,0,18.12,0.0337
3150,N2C,8,5.8034,23.0,3,41.29,0.1978
3150,S2C,8,5.7495,29.0,3,41.67,0.2025
3150,E2C,5,12.0706,0.0,0,19.85,0.0562
3150,W2C,4,12.9486,0.0,0,18.5,0.0376
3151,N2C,9,6.1431,27.0,4,39.0,0.2075
3151,S2C,9,6.0098,33.0,4,39.87,0.2135
3151,E2C,5,12.4387,0.0,0,19.26,0.0509
3151,W2C,4,12.8421,0.0,0,18.66,0.0391
3152,N2C,9,5.7948,31.0,4,41.35,0.2152
3152,S2C,9,5.4648,37.0,4,43.84,0.224
3152,E2C,5,12.4521,0.0,0,19.24,0.0507
3152,W2C,4,13.0644,0.0,0,18.34,0.0359
3153,N2C,9,5.7127,35.0,4,41.94,0.2191
3153,S2C,9,5.6368,42.0,5,42.51,0.2308
3153,E2C,4,13.0576,0.0,0,18.35,0.036
3153,W2C,4,12.9408,0.0,0,18.52,0.0377
3154,N2C,9,5.2385,40.0,5,45.74,0.2352
3154,S2C,9,5.7338,47.0,5,41.79,0.2328
3154,E2C,4,13.2582,0.0,0,18.07,0.0331
3154,W2C,4,13.3444,0.0,0,17.96,0.0319
3155,N2C,9,4.8831,45.0,5,49.07,0.2437
3155,S2C,9,5.1128,52.0,5,46.86,0.245
3155,E2C,4,12.9506,0.0,0,18.5,0.0375
3155,W2C,4,12.7295,0.0,0,18.82,0.0407
3156,N2C,10,5.4795,50.0,5,43.73,0.2444
3156,S2C,10,5.4369,57.0,5,44.07,0.2497
3156,E2C,4,12.975,0.0,0,18.47,0.0372
3156,W2C,4,12.2302,0.0,0,19.59,0.0479
3157,N2C,10,4.96,56.0,6,48.31,0.2619
3157,S2C,10,4.8941,62.0,5,48.96,0.2609
3157,E2C,4,12.6349,0.0,0,18.96,0.0421
3157,W2C,4,11.8223,0.0,0,20.27,0.0538
3158,N2C,10,4.6714,62.0,6,51.29,0.2701
3158,S2C,10,4.4012,67.0,5,54.44,0.2713
3158,E2C,4,13.1236,0.0,0,18.26,0.035
3158,W2C,4,12.2177,0.0,0,19.61,0.0481
3159,N2C,10,4.1671,68.0,6,57.5,0.2813
3159,S2C,10,3.9236,73.0,6,61.07,0.2882
3159,E2C,4,13.2313,0.0,0,18.11,0.0335
3159,W2C,4,11.8337,0.0,0,20.25,0.0536
3160,N2C,11,4.6365,74.0,6,51.68,0.2846
3160,S2C,11,4.3307,79.0,6,55.33,0.2923
3160,E2C,5,13.0089,0.0,0,18.42,0.0427
3160,W2C,4,11.9904,0.0,0,19.98,0.0514
3161,N2C,11,4.5979,80.0,6,52.11,0.2891
3161,S2C,11,4.3721,85.0,6,54.8,0.2957
3161,E2C,4,13.1768,0.0,0,18.18,0.0343
3161,W2C,4,11.8518,0.0,0,20.22,0.0533
3162,N2C,11,4.5328,86.0,6,52.86,0.2941
3162,S2C,11,4.2064,92.0,7,56.96,0.3088
3162,E2C,4,13.0104,0.0,0,18.42,0.0367
3162,W2C,4,11.5482,0.0,0,20.75,0.0577
3163,N2C,11,4.6669,93.0,7,51.34,0.3028
3163,S2C,11,3.8862,99.0,7,61.65,0.318
3163,E2C,4,13.0216,0.0,0,18.4,0.0365
3163,W2C,4,12.1336,0.0,0,19.75,0.0493
3164,N2C,11,4.5848,100.0,7,52.26,0.3087
3164,S2C,11,3.5124,106.0,7,68.22,0.3281
3164,E2C,4,13.0975,0.0,0,18.29,0.0354
3164,W2C,4,11.5229,0.0,0,20.79,0.0581
3165,N2C,12,4.8837,107.0,7,49.06,0.315
3165,S2C,12,4.0585,113.0,7,59.04,0.3309
3165,E2C,4,13.0902,0.0,0,18.3,0.0355
3165,W2C,5,11.9664,0.0,0,20.02,0.0577
3166,N2C,12,4.4376,114.0,7,53.99,0.3261
3166,S2C,12,3.8515,121.0,8,62.21,0.3452
3166,E2C,4,12.8445,0.0,0,18.65,0.0391
3166,W2C,5,11.2133,0.0,0,21.37,0.0685
3167,N2C,12,4.2394,121.0,7,56.52,0.3336
3167,S2C,12,3.6967,129.0,8,64.81,0.3528
3167,E2C,4,12.9973,0.0,0,18.43,0.0369
3167,W2C,5,10.8502,0.0,0,22.08,0.0738
3168,N2C,12,3.9588,129.0,8,60.52,0.349
3168,S2C,12,3.8546,137.0,8,62.16,0.3558
3168,E2C,4,12.9922,0.0,0,18.44,0.0369
3168,W2C,5,9.4942,0.0,0,25.24,0.0933
3169,N2C,11,5.0879,81.0,6,47.09,0.2827
3169,S2C,11,5.4687,84.0,6,43.81,0.2793
3169,E2C,5,12.6016,0.0,0,19.01,0.0486
3169,W2C,6,9.6759,0.0,0,24.76,0.0967
3170,N2C,11,4.914,42.0,4,48.76,0.2472
3170,S2C,11,5.313,44.0,4,45.1,0.2428
3170,E2C,5,11.4517,0.0,0,20.92,0.0651
3170,W2C,6,8.8397,0.0,0,27.11,0.1087
3171,N2C,11,5.3388,14.0,3,44.88,0.2165
3171,S2C,11,5.4673,16.0,2,43.82,0.2099
3171,E2C,5,10.7353,0.0,0,22.32,0.0754
3171,W2C,6,8.4466,1.0,1,28.37,0.121
3172,N2C,9,5.8345,2.0,1,41.07,0.1773
3172,S2C,9,6.3803,0.0,0,37.55,0.1621
3172,E2C,5,10.3446,0.0,0,23.16,0.0811
3172,W2C,6,7.9812,3.0,2,30.02,0.1351
3173,N2C,9,6.0209,0.0,0,39.79,0.1673
3173,S2C,9,6.8436,0.0,0,35.01,0.1555
3173,E2C,5,9.9061,0.0,0,24.19,0.0874
3173,W2C,6,7.9542,5.0,2,30.12,0.1368
3174,N2C,9,7.8908,0.0,0,30.36,0.1404
3174,S2C,8,8.9356,0.0,0,26.81,0.1193
3174,E2C,6,9.7172,1.0,1,24.66,0.1027
3174,W2C,7,9.0019,7.0,2,26.62,0.129
3175,N2C,8,8.4632,0.0,0,28.31,0.1261
3175,S2C,8,9.3835,0.0,0,25.53,0.1129
3175,E2C,6,9.2365,2.0,1,25.94,0.1103
3175,W2C,7,8.8969,9.0,2,26.93,0.1319
3176,N2C,7,8.8287,0.0,0,27.14,0.1149
3176,S2C,8,9.7699,0.0,0,24.52,0.1073
3176,E2C,6,8.4396,3.0,1,28.39,0.1225
3176,W2C,7,8.7451,11.0,2,27.4,0.1354
3177,N2C,6,9.6532,0.0,0,24.82,0.097
3177,S2C,6,10.8624,0.0,0,22.06,0.0796
3177,E2C,6,7.7436,4.0,1,30.94,0.1332
3177,W2C,7,8.816,13.0,2,27.18,0.1357
3178,N2C,6,10.7758,0.0,0,22.24,0.0808
3178,S2C,6,12.1611,0.0,0,19.7,0.0609
3178,E2C,7,8.0198,6.0,2,29.88,0.1425
3178,W2C,8,9.2887,15.0,2,25.79,0.1363
3179,N2C,5,11.5782,0.0,0,20.69,0.0633
3179,S2C,5,12.3667,0.0,0,19.37,0.0519
3179,E2C,7,7.6449,8.0,2,31.34,0.1493
3179,W2C,8,8.0236,17.0,2,29.86,0.1558
3180,N2C,5,11.8324,0.0,0,20.25,0.0596
3180,S2C,4,12.917,0.0,0,18.55,0.038
3180,E2C,7,7.2546,10.0,2,33.03,0.1562
3180,W2C,8,7.2616,19.0,2,33.0,0.1681
3181,N2C,4,12.179,0.0,0,19.67,0.0486
3181,S2C,4,12.6776,0.0,0,18.9,0.0415
3181,E2C,7,7.2064,13.0,3,33.25,0.1649
3181,W2C,8,6.5516,21.0,2,36.57,0.1797
3182,N2C,4,12.3605,0.0,0,19.38,0.046
3182,S2C,4,12.6292,0.0,0,18.97,0.0422
3182,E2C,7,6.6285,16.0,3,36.15,0.1752
3182,W2C,8,5.9434,24.0,3,40.31,0.1964
3183,N2C,5,12.3988,0.0,0,19.32,0.0515
3183,S2C,5,12.4329,0.0,0,19.27,0.051
3183,E2C,8,7.2825,19.0,3,32.9,0.1738
3183,W2C,9,6.6453,27.0,3,36.06,0.1943
3184,N2C,5,12.3257,0.0,0,19.44,0.0525
3184,S2C,4,12.2367,0.0,0,19.58,0.0478
3184,E2C,8,6.5964,22.0,3,36.32,0.1857
3184,W2C,9,5.9476,31.0,4,40.29,0.213
3185,N2C,5,12.3154,0.0,0,19.46,0.0527
3185,S2C,4,12.4268,0.0,0,19.28,0.0451
3185,E2C,8,6.3524,25.0,3,37.72,0.1912
3185,W2C,9,5.6885,35.0,4,42.12,0.2194
3186,N2C,4,13.141,0.0,0,18.23,0.0348
3186,S2C,4,12.5315,0.0,0,19.12,0.0436
3186,E2C,8,6.4693,29.0,4,37.04,0.1982
3186,W2C,9,5.1563,40.0,5,46.47,0.2364
3187,N2C,5,12.6245,0.0,0,18.98,0.0482
3187,S2C,4,12.6238,0.0,0,18.98,0.0422
3187,E2C,9,7.2626,33.0,4,32.99,0.1954
3187,W2C,10,5.5591,45.0,5,43.1,0.24
3188,N2C,4,12.3219,0.0,0,19.45,0.0466
3188,S2C,4,12.1679,0.0,0,19.69,0.0488
3188,E2C,9,6.7633,37.0,4,35.43,0.2053
3188,W2C,10,5.3049,50.0,5,45.17,0.2469
3189,N2C,4,12.6355,0.0,0,18.96,0.0421
3189,S2C,4,12.2255,0.0,0,19.6,0.048
3189,E2C,9,6.3334,41.0,4,37.83,0.2141
3189,W2C,10,5.2719,56.0,6,45.45,0.2574
3190,N2C,4,12.7838,0.0,0,18.74,0.0399
3190,S2C,4,12.2867,0.0,0,19.5,0.0471
3190,E2C,9,5.2835,46.0,5,45.35,0.2386
3190,W2C,10,4.814,62.0,6,49.77,0.268
3191,N2C,4,12.6979,0.0,0,18.87,0.0412
3191,S2C,4,12.3308,0.0,0,19.43,0.0465
3191,E2C,9,5.1797,51.0,5,46.26,0.2434
3191,W2C,10,4.5281,68.0,6,52.91,0.2761
3192,N2C,5,12.7048,0.0,0,18.86,0.0471
3192,S2C,4,12.4222,0.0,0,19.29,0.0451
3192,E2C,10,5.7574,56.0,5,41.62,0.2444
3192,W2C,11,5.0655,74.0,6,47.3,0.2784
3193,N2C,5,12.5705,0.0,0,19.06,0.049
3193,S2C,4,12.6445,0.0,0,18.95,0.0419
3193,E2C,10,5.3248,61.0,5,45.0,0.254
3193,W2C,11,4.9044,80.0,6,48.85,0.2847
3194,N2C,4,13.1509,0.0,0,18.22,0.0346
3194,S2C,4,12.4178,0.0,0,19.29,0.0452
3194,E2C,10,4.9141,66.0,5,48.76,0.2632
3194,W2C,11,4.4285,87.0,7,54.1,0.3022
3195,N2C,4,13.0201,0.0,0,18.4,0.0365
3195,S2C,4,12.3791,0.0,0,19.36,0.0458
3195,E2C,10,4.5737,72.0,6,52.39,0.2781
3195,W2C,11,4.0152,94.0,7,59.67,0.3129
3196,N2C,3,12.7255,0.0,0,18.83,0.0348
3196,S2C,5,12.3813,0.0,0,19.35,0.0517
3196,E2C,11,5.159,78.0,6,46.44,0.2797
3196,W2C,12,4.5724,101.0,7,52.4,0.3155
3197,N2C,3,13.1268,0.0,0,18.25,0.029
3197,S2C,5,12.5696,0.0,0,19.06,0.049
3197,E2C,11,4.8362,84.0,6,49.54,0.2884
3197,W2C,12,4.4912,109.0,8,53.35,0.328
3198,N2C,4,12.3189,0.0,0,19.45,0.0466
3198,S2C,4,12.5994,0.0,0,19.02,0.0426
3198,E2C,11,4.8161,90.0,6,49.75,0.2927
3198,W2C,12,4.1558,117.0,8,57.65,0.3382
3199,N2C,4,12.331,0.0,0,19.43,0.0464
3199,S2C,4,12.5605,0.0,0,19.08,0.0431
3199,E2C,11,4.431,97.0,7,54.07,0.3089
3199,W2C,12,3.8604,125.0,8,62.07,0.3477
3200,N2C,4,12.1652,0.0,0,19.7,0.0488
3200,S2C,4,12.4582,0.0,0,19.23,0.0446
3200,E2C,11,3.9996,104.0,7,59.91,0.3197
3200,W2C,12,3.5602,133.0,8,67.3,0.3574
3201,N2C,5,11.5731,0.0,0,20.7,0.0634
3201,S2C,5,12.6875,0.0,0,18.88,0.0473
3201,E2C,12,4.4364,111.0,7,54.01,0.3241
3201,W2C,13,4.0085,141.0,8,59.77,0.3623
3202,N2C,5,10.5495,0.0,0,22.71,0.0781
3202,S2C,5,12.8142,0.0,0,18.7,0.0455
3202,E2C,10,4.9367,64.0,5,48.53,0.2616
3202,W2C,11,4.365,87.0,7,54.89,0.3031
3203,N2C,5,9.705,1.0,1,24.69,0.0969
3203,S2C,5,12.0892,0.0,0,19.82,0.0559
3203,E2C,10,4.691,29.0,4,51.08,0.2358
3203,W2C,11,4.4234,52.0,5,54.17,0.267
3204,N2C,5,9.7384,2.0,1,24.6,0.0971
3204,S2C,5,10.9555,0.0,0,21.87,0.0723
3204,E2C,10,4.8296,8.0,2,49.61,0.2078
3204,W2C,11,4.5735,22.0,3,52.39,0.2328
3205,N2C,6,10.3503,3.0,1,23.15,0.095
3205,S2C,6,10.2035,0.0,0,23.48,0.0891
3205,E2C,9,6.5833,0.0,0,36.4,0.1592
3205,W2C,10,5.9119,4.0,1,40.53,0.1835
3206,N2C,6,9.8662,4.0,1,24.28,0.1026
3206,S2C,6,9.4958,0.0,0,25.23,0.0993
3206,E2C,9,7.229,0.0,0,33.14,0.1499
3206,W2C,10,6.6342,0.0,0,36.12,0.1645
3207,N2C,6,9.0887,5.0,1,26.36,0.1145
3207,S2C,6,8.9351,1.0,1,26.82,0.114
3207,E2C,9,7.9248,0.0,0,30.23,0.1399
3207,W2C,10,6.9418,0.0,0,34.52,0.16
3208,N2C,6,8.6496,6.0,1,27.7,0.1215
3208,S2C,6,8.5157,2.0,1,28.14,0.1207
3208,E2C,7,8.8927,0.0,0,26.94,0.114
3208,W2C,8,7.668,0.0,0,31.25,0.1376
3209,N2C,6,7.5033,7.0,1,31.93,0.1386
3209,S2C,6,7.5382,3.0,1,31.78,0.1355
3209,E2C,6,9.7474,0.0,0,24.58,0.0956
3209,W2C,8,8.2015,0.0,0,29.21,0.1299
3210,N2C,7,7.3877,9.0,2,32.43,0.1536
3210,S2C,7,7.8567,4.0,1,30.5,0.1375
3210,E2C,6,11.5493,0.0,0,20.75,0.0697
3210,W2C,7,10.0919,0.0,0,23.74,0.0967
3211,N2C,7,6.9433,11.0,2,34.51,0.1614
3211,S2C,7,6.8893,6.0,2,34.78,0.1588
3211,E2C,6,11.5002,0.0,0,20.83,0.0704
3211,W2C,7,10.4557,0.0,0,22.92,0.0914
3212,N2C,7,6.9721,14.0,3,34.37,0.1689
3212,S2C,7,6.7907,8.0,2,35.28,0.1616
3212,E2C,4,12.6843,0.0,0,18.89,0.0414
3212,W2C,5,11.697,0.0,0,20.48,0.0616
3213,N2C,7,6.9162,17.0,3,34.64,0.1717
3213,S2C,7,6.4156,11.0,3,37.35,0.175
3213,E2C,4,12.7737,0.0,0,18.76,0.0401
3213,W2C,5,12.1988,0.0,0,19.64,0.0544
3214,N2C,8,7.2209,20.0,3,33.18,0.1754
3214,S2C,8,6.9448,14.0,3,34.5,0.1753
3214,E2C,4,12.2997,0.0,0,19.48,0.0469
3214,W2C,4,12.9063,0.0,0,18.56,0.0382
3215,N2C,8,7.1526,23.0,3,33.5,0.1783
3215,S2C,8,6.3777,17.0,3,37.57,0.1855
3215,E2C,4,11.9862,0.0,0,19.99,0.0514
3215,W2C,4,13.2642,0.0,0,18.06,0.033
3216,N2C,8,7.0647,26.0,3,33.92,0.1816
3216,S2C,8,5.877,20.0,3,40.77,0.1947
3216,E2C,4,12.056,0.0,0,19.87,0.0504
3216,W2C,4,12.7701,0.0,0,18.76,0.0401
3217,N2C,8,7.172,29.0,3,33.41,0.1821
3217,S2C,8,5.9217,24.0,4,40.46,0.2027
3217,E2C,4,12.0786,0.0,0,19.84,0.0501
3217,W2C,4,13.0573,0.0,0,18.35,0.036
3218,N2C,8,6.5056,32.0,3,36.83,0.1937
3218,S2C,8,5.203,28.0,4,46.05,0.2157
3218,E2C,4,11.86,0.0,0,20.2,0.0532
3218,W2C,4,12.8836,0.0,0,18.6,0.0385
3219,N2C,9,6.6061,35.0,3,36.27,0.2002
3219,S2C,9,5.7409,32.0,4,41.74,0.2167
3219,E2C,5,12.6614,0.0,0,18.92,0.0477
3219,W2C,5,13.0411,0.0,0,18.37,0.0422
3220,N2C,9,5.829,38.0,3,41.1,0.2134
3220,S2C,9,5.3432,36.0,4,44.84,0.2251
3220,E2C,5,12.4089,0.0,0,19.31,0.0513
3220,W2C,5,12.8651,0.0,0,18.62,0.0448
3221,N2C,9,5.208,41.0,3,46.01,0.2243
3221,S2C,9,5.2504,41.0,5,45.63,0.2357
3221,E2C,4,12.6066,0.0,0,19.01,0.0425
3221,W2C,4,13.1373,0.0,0,18.24,0.0348
3222,N2C,9,4.7208,45.0,4,50.75,0.24
3222,S2C,9,5.4674,46.0,5,43.82,0.2359
3222,E2C,4,12.4589,0.0,0,19.23,0.0446
3222,W2C,4,13.6536,0.0,0,17.55,0.0274
3223,N2C,10,5.5948,49.0,4,42.83,0.2361
3223,S2C,10,6.1885,51.0,5,38.72,0.2349
3223,E2C,5,12.7827,0.0,0,18.74,0.0459
3223,W2C,3,13.1686,0.0,0,18.19,0.0284
3224,N2C,10,5.1466,54.0,5,46.55,0.2519
3224,S2C,10,6.211,56.0,5,38.58,0.2379
3224,E2C,4,12.4947,0.0,0,19.18,0.0441
3224,W2C,4,13.2259,0.0,0,18.12,0.0336
3225,N2C,10,4.7322,59.0,5,50.63,0.2612
3225,S2C,10,6.1057,61.0,5,39.24,0.2428
3225,E2C,4,12.6119,0.0,0,19.0,0.0424
3225,W2C,4,13.3991,0.0,0,17.88,0.0311
3226,N2C,10,4.6723,64.0,5,51.28,0.2654
3226,S2C,10,6.2335,66.0,5,38.44,0.2442
3226,E2C,4,12.6984,0.0,0,18.87,0.0412
3226,W2C,4,13.349,0.0,0,17.95,0.0318
3227,N2C,10,4.7381,70.0,6,50.57,0.2744
3227,S2C,10,5.733,71.0,5,41.79,0.2548
3227,E2C,4,12.413,0.0,0,19.3,0.0453
3227,W2C,4,13.3321,0.0,0,17.97,0.032
3228,N2C,11,5.227,76.0,6,45.84,0.2774
3228,S2C,11,5.8402,76.0,5,41.03,0.2626
3228,E2C,5,13.0348,0.0,0,18.38,0.0423
3228,W2C,4,12.9231,0.0,0,18.54,0.0379
3229,N2C,11,4.6879,82.0,6,51.11,0.2892
3229,S2C,11,5.0657,81.0,5,47.3,0.2771
3229,E2C,4,12.544,0.0,0,19.1,0.0434
3229,W2C,4,13.0379,0.0,0,18.38,0.0363
3230,N2C,11,4.5406,88.0,6,52.77,0.2953
3230,S2C,11,4.4346,86.0,5,54.03,0.2895
3230,E2C,4,12.6609,0.0,0,18.92,0.0417
3230,W2C,4,12.8326,0.0,0,18.67,0.0392
3231,N2C,11,4.3822,94.0,6,54.68,0.3016
3231,S2C,11,4.0753,92.0,6,58.79,0.3047
3231,E2C,4,12.6824,0.0,0,18.89,0.0414
3231,W2C,4,12.8297,0.0,0,18.68,0.0393
3232,N2C,12,5.0556,101.0,7,47.39,0.3085
3232,S2C,12,4.4608,99.0,7,53.71,0.3158
3232,E2C,5,13.0668,0.0,0,18.34,0.0419
3232,W2C,4,12.7154,0.0,0,18.84,0.0409
3233,N2C,12,4.9418,108.0,7,48.48,0.3148
3233,S2C,12,4.3968,106.0,7,54.49,0.3214
3233,E2C,5,12.8951,0.0,0,18.58,0.0443
3233,W2C,4,12.4276,0.0,0,19.28,0.0451
3234,N2C,12,4.9588,115.0,7,48.32,0.3193
3234,S2C,12,4.1164,114.0,8,58.21,0.3367
3234,E2C,5,12.8117,0.0,0,18.7,0.0455
3234,W2C,4,12.7922,0.0,0,18.73,0.0398
3235,N2C,10,5.555,63.0,5,43.13,0.252
3235,S2C,10,4.53,68.0,6,52.89,0.2761
3235,E2C,5,12.1619,0.0,0,19.7,0.0549
3235,W2C,4,12.5004,0.0,0,19.17,0.044
3236,N2C,10,5.0528,30.0,3,47.42,0.2252
3236,S2C,10,4.4591,30.0,4,53.73,0.2398
3236,E2C,5,11.095,0.0,0,21.6,0.0702
3236,W2C,4,11.9907,0.0,0,19.98,0.0513
3237,N2C,11,5.6287,6.0,1,42.57,0.195
3237,S2C,11,5.4636,11.0,3,43.85,0.2127
3237,E2C,6,9.5881,1.0,1,24.99,0.1046
3237,W2C,5,11.378,0.0,0,21.06,0.0662
3238,N2C,9,6.0893,0.0,0,39.35,0.1663
3238,S2C,9,6.2413,2.0,1,38.39,0.1715
3238,E2C,6,8.8752,2.0,1,27.0,0.1155
3238,W2C,5,10.3719,0.0,0,23.1,0.0807
3239,N2C,9,6.3285,0.0,0,37.86,0.1629
3239,S2C,9,6.6455,0.0,0,36.05,0.1583
3239,E2C,6,8.003,3.0,1,29.94,0.1288
3239,W2C,5,9.9611,0.0,0,24.05,0.0866
3240,N2C,8,7.2483,0.0,0,33.06,0.1436
3240,S2C,9,7.2967,0.0,0,32.84,0.1489
3240,E2C,6,7.682,4.0,1,31.19,0.1341
3240,W2C,5,9.8163,0.0,0,24.41,0.0887
3241,N2C,8,8.8314,0.0,0,27.13,0.1208
3241,S2C,8,8.9693,0.0,0,26.71,0.1189
3241,E2C,7,7.9214,6.0,2,30.25,0.1439
3241,W2C,6,10.0235,1.0,1,23.9,0.0983
3242,N2C,7,9.6885,0.0,0,24.73,0.1025
3242,S2C,8,9.7482,0.0,0,24.58,0.1076
3242,E2C,7,7.1413,8.0,2,33.55,0.1565
3242,W2C,6,9.3268,2.0,1,25.69,0.109
3243,N2C,6,10.5701,0.0,0,22.67,0.0838
3243,S2C,6,11.0107,0.0,0,21.76,0.0775
3243,E2C,7,6.875,11.0,3,34.85,0.1683
3243,W2C,6,8.6735,3.0,1,27.62,0.1191
3244,N2C,5,11.3612,0.0,0,21.09,0.0664
3244,S2C,4,12.1346,0.0,0,19.75,0.0493
3244,E2C,7,6.9794,14.0,3,34.33,0.1688
3244,W2C,6,7.8544,4.0,1,30.51,0.1316
3245,N2C,4,12.0889,0.0,0,19.82,0.0499
3245,S2C,4,12.2222,0.0,0,19.6,0.048
3245,E2C,7,6.4335,17.0,3,37.24,0.1787
3245,W2C,6,7.9654,6.0,2,30.08,0.1373
3246,N2C,5,12.0389,0.0,0,19.9,0.0567
3246,S2C,5,12.5252,0.0,0,19.13,0.0497
3246,E2C,8,6.8129,20.0,3,35.17,0.1812
3246,W2C,7,8.7877,8.0,2,27.27,0.1328
3247,N2C,5,11.9572,0.0,0,20.04,0.0578
3247,S2C,4,12.4308,0.0,0,19.27,0.045
3247,E2C,8,6.2346,23.0,3,38.43,0.1916
3247,W2C,7,8.0771,10.0,2,29.66,0.1444
3248,N2C,4,11.8122,0.0,0,20.28,0.0539
3248,S2C,4,12.6171,0.0,0,18.99,0.0423
3248,E2C,8,6.2109,26.0,3,38.58,0.1939
3248,W2C,7,7.6416,12.0,2,31.35,0.152
3249,N2C,4,12.1333,0.0,0,19.75,0.0493
3249,S2C,4,12.4764,0.0,0,19.2,0.0444
3249,E2C,8,5.4186,29.0,3,44.22,0.2073
3249,W2C,7,7.1721,14.0,2,33.41,0.1601
3250,N2C,5,11.7661,0.0,0,20.36,0.0606
3250,S2C,5,11.8985,0.0,0,20.14,0.0587
3250,E2C,9,5.7258,33.0,4,41.85,0.2176
3250,W2C,8,7.7418,17.0,3,30.95,0.1659
3251,N2C,5,11.5323,0.0,0,20.78,0.0639
3251,S2C,4,11.7235,0.0,0,20.44,0.0552
3251,E2C,9,5.512,37.0,4,43.47,0.2233
3251,W2C,8,7.7134,20.0,3,31.06,0.1683
3252,N2C,5,11.6918,0.0,0,20.49,0.0617
3252,S2C,4,12.0021,0.0,0,19.96,0.0512
3252,E2C,9,5.3084,42.0,5,45.14,0.2356
3252,W2C,8,7.3782,23.0,3,32.47,0.1751
3253,N2C,4,11.7566,0.0,0,20.38,0.0547
3253,S2C,4,11.8996,0.0,0,20.14,0.0527
3253,E2C,9,5.2259,47.0,5,45.85,0.2401
3253,W2C,8,6.5714,26.0,3,36.46,0.1887
3254,N2C,4,11.5471,0.0,0,20.75,0.0577
3254,S2C,4,11.7602,0.0,0,20.37,0.0547
3254,E2C,9,5.3657,52.0,5,44.65,0.2414
3254,W2C,8,6.0066,29.0,3,39.89,0.1988
3255,N2C,4,10.7354,0.0,0,22.32,0.0694
3255,S2C,5,11.9721,0.0,0,20.01,0.0576
3255,E2C,10,6.2086,57.0,5,38.59,0.2386
3255,W2C,9,6.6217,32.0,3,36.18,0.198
3256,N2C,4,10.992,0.0,0,21.8,0.0657
3256,S2C,5,11.5496,0.0,0,20.75,0.0637
3256,E2C,10,6.1639,62.0,5,38.87,0.2426
3256,W2C,9,6.1605,36.0,4,38.89,0.2133
3257,N2C,4,11.01,0.0,0,21.76,0.0655
3257,S2C,5,11.1881,0.0,0,21.42,0.0689
3257,E2C,10,5.7089,67.0,5,41.97,0.2525
3257,W2C,9,5.7439,40.0,4,41.71,0.222
3258,N2C,4,10.5156,0.0,0,22.79,0.0726
3258,S2C,4,11.5761,0.0,0,20.7,0.0573
3258,E2C,10,5.4091,72.0,5,44.3,0.2601
3258,W2C,9,5.6943,44.0,4,42.08,0.2253
3259,N2C,4,10.7331,0.0,0,22.32,0.0695
3259,S2C,4,11.6229,0.0,0,20.61,0.0566
3259,E2C,11,5.3696,77.0,5,44.62,0.27
3259,W2C,10,5.8959,49.0,5,40.64,0.2378
3260,N2C,5,11.4946,0.0,0,20.84,0.0645
3260,S2C,4,11.8278,0.0,0,20.26,0.0537
3260,E2C,11,4.8737,82.0,5,49.16,0.2805
3260,W2C,10,5.7394,54.0,5,41.75,0.2434
3261,N2C,4,11.1026,0.0,0,21.58,0.0641
3261,S2C,4,11.5486,0.0,0,20.75,0.0577
3261,E2C,11,4.462,88.0,6,53.7,0.2964
3261,W2C,10,5.6184,59.0,5,42.65,0.2484
3262,N2C,4,11.0027,0.0,0,21.78,0.0656
3262,S2C,4,12.1028,0.0,0,19.8,0.0497
3262,E2C,11,4.0152,94.0,6,59.67,0.3069
3262,W2C,10,4.8056,64.0,5,49.86,0.2635
3263,N2C,4,11.1353,0.0,0,21.52,0.0637
3263,S2C,4,11.9478,0.0,0,20.05,0.052
3263,E2C,11,3.7571,101.0,7,63.77,0.3212
3263,W2C,10,4.3711,70.0,6,54.81,0.2797
3264,N2C,5,11.0097,0.0,0,21.76,0.0715
3264,S2C,5,11.8972,0.0,0,20.14,0.0587
3264,E2C,12,4.2341,108.0,7,56.59,0.325
3264,W2C,11,4.7741,76.0,6,50.19,0.2839
3265,N2C,5,10.6151,0.0,0,22.57,0.0772
3265,S2C,5,11.6258,0.0,0,20.61,0.0626
3265,E2C,12,4.0356,115.0,7,59.37,0.3326
3265,W2C,11,4.769,83.0,7,50.24,0.2947
3266,N2C,5,11.0133,0.0,0,21.76,0.0714
3266,S2C,5,11.1714,0.0,0,21.45,0.0691
3266,E2C,12,4.0999,123.0,8,58.44,0.343
3266,W2C,11,4.3531,90.0,7,55.04,0.3053
3267,N2C,5,10.3401,0.0,0,23.17,0.0811
3267,S2C,5,10.3315,0.0,0,23.19,0.0812
3267,E2C,12,4.0462,131.0,8,59.22,0.3491
3267,W2C,11,3.8364,97.0,7,62.45,0.3174
3268,N2C,6,10.1344,0.0,0,23.64,0.0901
3268,S2C,6,9.9771,0.0,0,24.02,0.0923
3268,E2C,11,5.2314,79.0,6,45.8,0.2793
3268,W2C,10,5.0586,52.0,5,47.37,0.2518
3269,N2C,6,9.7618,0.0,0,24.54,0.0954
3269,S2C,6,10.0778,0.0,0,23.78,0.0909
3269,E2C,11,5.0004,38.0,4,47.92,0.2433
3269,W2C,10,5.4345,23.0,3,44.09,0.2151
3270,N2C,6,9.1318,1.0,1,26.24,0.1112
3270,S2C,6,9.4833,1.0,1,25.27,0.1061
3270,E2C,11,5.0368,15.0,2,47.57,0.2155
3270,W2C,10,5.8911,6.0,1,40.67,0.1852
3271,N2C,6,9.0771,2.0,1,26.4,0.1126
3271,S2C,6,9.3978,2.0,1,25.5,0.108
3271,E2C,9,5.7628,1.0,1,41.58,0.1777
3271,W2C,8,6.3275,0.0,0,37.87,0.1569
3272,N2C,6,8.4367,3.0,1,28.4,0.1225
3272,S2C,6,8.668,3.0,1,27.64,0.1192
3272,E2C,9,6.2585,0.0,0,38.28,0.1639
3272,W2C,8,7.1715,0.0,0,33.41,0.1447
3273,N2C,7,8.861,4.0,1,27.04,0.1231
3273,S2C,7,8.9729,4.0,1,26.7,0.1215
3273,E2C,9,7.9811,0.0,0,30.02,0.1391
3273,W2C,7,9.2767,0.0,0,25.83,0.1084
3274,N2C,7,8.3548,5.0,1,28.68,0.131
3274,S2C,7,8.9064,5.0,1,26.9,0.1231
3274,E2C,8,8.6526,0.0,0,27.69,0.1234
3274,W2C,7,9.7608,0.0,0,24.55,0.1015
3275,N2C,7,8.2522,6.0,1,29.03,0.1332
3275,S2C,7,8.6995,7.0,2,27.54,0.1334
3275,E2C,8,9.4094,0.0,0,25.46,0.1125
3275,W2C,6,10.7772,0.0,0,22.23,0.0808
3276,N2C,7,8.283,8.0,2,28.93,0.1401
3276,S2C,7,8.1556,9.0,2,29.38,0.1426
3276,E2C,6,10.8153,0.0,0,22.15,0.0803
3276,W2C,5,11.7995,0.0,0,20.31,0.0601
3277,N2C,8,9.0404,10.0,2,26.5,0.1365
3277,S2C,8,7.7259,11.0,2,31.01,0.1561
3277,E2C,7,11.4577,0.0,0,20.91,0.077
3277,W2C,5,12.9008,0.0,0,18.57,0.0442
3278,N2C,8,8.6177,12.0,2,27.8,0.1439
3278,S2C,8,6.7232,13.0,2,35.64,0.1719
3278,E2C,5,12.3261,0.0,0,19.44,0.0525
3278,W2C,4,12.3192,0.0,0,19.45,0.0466
3279,N2C,8,7.9608,14.0,2,30.1,0.1547
3279,S2C,8,6.2973,15.0,2,38.05,0.1793
3279,E2C,5,12.7878,0.0,0,18.74,0.0459
3279,W2C,4,12.5968,0.0,0,19.02,0.0426
3280,N2C,8,6.6493,16.0,2,36.03,0.1749
3280,S2C,8,5.9617,19.0,4,40.19,0.1988
3280,E2C,4,12.8264,0.0,0,18.68,0.0393
3280,W2C,4,12.5172,0.0,0,19.14,0.0438
3281,N2C,8,6.3705,20.0,4,37.61,0.1936
3281,S2C,8,5.6332,23.0,4,42.53,0.2062
3281,E2C,4,12.733,0.0,0,18.82,0.0407
3281,W2C,4,12.3736,0.0,0,19.36,0.0458
3282,N2C,9,7.013,24.0,4,34.16,0.193
3282,S2C,9,6.1831,27.0,4,38.75,0.207
3282,E2C,5,12.9288,0.0,0,18.53,0.0438
3282,W2C,4,12.2071,0.0,0,19.63,0.0482
3283,N2C,9,7.0128,28.0,4,34.17,0.1957
3283,S2C,9,5.5551,31.0,4,43.13,0.2187
3283,E2C,4,12.6409,0.0,0,18.95,0.042
3283,W2C,4,12.3249,0.0,0,19.44,0.0465
3284,N2C,9,6.7862,32.0,4,35.31,0.2016
3284,S2C,9,5.6657,36.0,5,42.29,0.2264
3284,E2C,4,12.5427,0.0,0,19.1,0.0434
3284,W2C,4,12.1947,0.0,0,19.65,0.0484
3285,N2C,9,5.8233,36.0,4,41.14,0.2182
3285,S2C,9,5.5702,41.0,5,43.01,0.2311
3285,E2C,4,13.0227,0.0,0,18.4,0.0365
3285,W2C,4,11.9313,0.0,0,20.08,0.0522
3286,N2C,10,5.7209,40.0,4,41.88,0.2283
3286,S2C,10,6.0559,46.0,5,39.56,0.2335
3286,E2C,5,13.1245,0.0,0,18.26,0.041
3286,W2C,5,12.9918,0.0,0,18.44,0.0429
3287,N2C,10,5.2737,44.0,4,45.43,0.2374
3287,S2C,10,5.9178,51.0,5,40.49,0.2388
3287,E2C,4,12.9516,0.0,0,18.5,0.0375
3287,W2C,5,12.5326,0.0,0,19.12,0.0495
3288,N2C,10,5.1613,50.0,6,46.42,0.255
3288,S2C,10,5.64,56.0,5,42.48,0.2461
3288,E2C,4,13.0911,0.0,0,18.3,0.0355
3288,W2C,5,12.3768,0.0,0,19.36,0.0518
3289,N2C,10,4.8792,56.0,6,49.11,0.2631
3289,S2C,10,5.1067,61.0,5,46.92,0.2571
3289,E2C,4,13.3478,0.0,0,17.95,0.0318
3289,W2C,5,12.4089,0.0,0,19.31,0.0513
3290,N2C,10,4.3248,62.0,6,55.4,0.2751
3290,S2C,10,4.5077,66.0,5,53.15,0.2691
3290,E2C,4,13.0259,0.0,0,18.39,0.0364
3290,W2C,5,12.6947,0.0,0,18.87,0.0472
3291,N2C,11,4.676,68.0,6,51.24,0.28
3291,S2C,11,4.8496,71.0,5,49.41,0.2735
3291,E2C,4,13.3405,0.0,0,17.96,0.0319
3291,W2C,4,13.0189,0.0,0,18.4,0.0365
3292,N2C,11,4.5813,75.0,7,52.3,0.292
3292,S2C,11,4.433,78.0,7,54.05,0.2962
3292,E2C,4,12.7771,0.0,0,18.75,0.04
3292,W2C,4,12.6733,0.0,0,18.91,0.0415
3293,N2C,11,4.0429,82.0,7,59.26,0.3045
3293,S2C,11,4.2446,85.0,7,56.45,0.3035
3293,E2C,4,13.0522,0.0,0,18.36,0.0361
3293,W2C,4,12.8591,0.0,0,18.63,0.0388
3294,N2C,11,3.7736,89.0,7,63.49,0.313
3294,S2C,11,3.9532,92.0,7,60.61,0.3124
3294,E2C,4,13.073,0.0,0,18.33,0.0358
3294,W2C,4,12.4559,0.0,0,19.24,0.0446
3295,N2C,12,4.1693,96.0,7,57.47,0.318
3295,S2C,12,4.3393,99.0,7,55.22,0.3175
3295,E2C,4,13.117,0.0,0,18.27,0.0351
3295,W2C,3,12.2235,0.0,0,19.6,0.042
3296,N2C,12,4.1703,104.0,8,57.45,0.3293
3296,S2C,12,4.1713,107.0,8,57.44,0.3313
3296,E2C,4,12.2475,0.0,0,19.56,0.0476
3296,W2C,4,12.1622,0.0,0,19.7,0.0489
3297,N2C,12,4.2577,112.0,8,56.27,0.3334
3297,S2C,12,3.8846,115.0,8,61.68,0.3407
3297,E2C,4,11.7232,0.0,0,20.44,0.0552
3297,W2C,4,11.8791,0.0,0,20.17,0.053
3298,N2C,12,4.1136,120.0,8,58.25,0.3408
3298,S2C,12,3.546,123.0,8,67.57,0.3509
3298,E2C,4,12.5634,0.0,0,19.07,0.0431
3298,W2C,4,11.9253,0.0,0,20.09,0.0523
3299,N2C,12,3.6119,128.0,8,66.34,0.3533
3299,S2C,12,3.0998,131.0,8,77.29,0.3627
3299,E2C,4,12.2912,0.0,0,19.49,0.047
3299,W2C,4,11.9007,0.0,0,20.13,0.0526
3300,N2C,13,4.0472,136.0,8,59.2,0.3584
3300,S2C,13,3.7994,139.0,8,63.06,0.364
3300,E2C,5,11.8991,0.0,0,20.14,0.0587
3300,W2C,5,12.6805,0.0,0,18.9,0.0474
3301,N2C,11,4.2907,86.0,6,55.84,0.2976
3301,S2C,11,4.5315,89.0,7,52.87,0.3021
3301,E2C,5,11.17,0.0,0,21.45,0.0692
3301,W2C,5,11.6647,0.0,0,20.54,0.062
3302,N2C,11,4.2434,49.0,5,56.46,0.2676
3302,S2C,11,4.8054,50.0,5,49.86,0.2601
3302,E2C,5,10.5472,0.0,0,22.72,0.0781
3302,W2C,5,10.8233,0.0,0,22.14,0.0742
3303,N2C,11,4.3573,22.0,3,54.99,0.2359
3303,S2C,11,5.24,23.0,3,45.73,0.2239
3303,E2C,5,9.6368,1.0,1,24.86,0.0979
3303,W2C,5,10.0225,0.0,0,23.91,0.0857
3304,N2C,10,5.7436,3.0,1,41.72,0.1853
3304,S2C,10,6.9512,4.0,1,34.47,0.1686
3304,E2C,6,9.3416,2.0,1,25.65,0.1088
3304,W2C,6,9.7409,0.0,0,24.6,0.0957
3305,N2C,10,6.5474,0.0,0,36.59,0.1657
3305,S2C,10,7.5021,0.0,0,31.94,0.152
3305,E2C,6,8.4639,3.0,1,28.31,0.1221
3305,W2C,6,9.1586,1.0,1,26.16,0.1108
3306,N2C,9,7.3461,0.0,0,32.62,0.1482
3306,S2C,10,7.6997,0.0,0,31.12,0.1491
3306,E2C,6,8.1168,5.0,2,29.52,0.1345
3306,W2C,6,8.1462,2.0,1,29.41,0.126
3307,N2C,8,8.0462,0.0,0,29.78,0.1321
3307,S2C,8,8.2809,0.0,0,28.93,0.1288
3307,E2C,6,8.2709,7.0,2,28.97,0.1336
3307,W2C,6,7.8,4.0,2,30.72,0.1384
3308,N2C,7,9.0671,0.0,0,26.43,0.1114
3308,S2C,8,8.5851,0.0,0,27.91,0.1244
3308,E2C,6,7.6758,9.0,2,31.21,0.1435
3308,W2C,6,8.0304,6.0,2,29.84,0.1364
3309,N2C,8,10.1627,0.0,0,23.58,0.1017
3309,S2C,7,10.1575,0.0,0,23.59,0.0957
3309,E2C,7,7.7439,11.0,2,30.94,0.1498
3309,W2C,7,8.2225,8.0,2,29.14,0.1409
3310,N2C,7,11.0286,0.0,0,21.73,0.0832
3310,S2C,7,10.4271,0.0,0,22.98,0.0919
3310,E2C,7,7.0564,13.0,2,33.96,0.1611
3310,W2C,7,7.7283,10.0,2,31.0,0.1494
3311,N2C,5,12.1858,0.0,0,19.66,0.0545
3311,S2C,5,11.629,0.0,0,20.6,0.0626
3311,E2C,7,6.8872,15.0,2,34.79,0.1648
3311,W2C,7,7.2147,12.0,2,33.21,0.1581
3312,N2C,5,11.9455,0.0,0,20.06,0.058
3312,S2C,5,12.2192,0.0,0,19.61,0.0541
3312,E2C,7,7.0186,18.0,3,34.14,0.1709
3312,W2C,7,7.1042,14.0,2,33.73,0.161
3313,N2C,6,12.5183,0.0,0,19.14,0.0558
3313,S2C,4,13.0476,0.0,0,18.36,0.0361
3313,E2C,8,7.3697,21.0,3,32.51,0.1739
3313,W2C,8,7.8436,17.0,3,30.55,0.1644
3314,N2C,4,13.0568,0.0,0,18.35,0.036
3314,S2C,4,13.03,0.0,0,18.39,0.0364
3314,E2C,8,7.3845,24.0,3,32.45,0.1757
3314,W2C,8,7.7008,20.0,3,31.11,0.1685
3315,N2C,4,12.5354,0.0,0,19.11,0.0435
3315,S2C,4,13.1911,0.0,0,18.16,0.0341
3315,E2C,8,7.3764,27.0,3,32.48,0.1778
3315,W2C,8,7.8405,23.0,3,30.56,0.1684
3316,N2C,4,12.6097,0.0,0,19.0,0.0424
3316,S2C,4,12.9346,0.0,0,18.52,0.0378
3316,E2C,8,7.496,30.0,3,31.96,0.1781
3316,W2C,8,7.7624,26.0,3,30.87,0.1716
3317,N2C,4,12.6912,0.0,0,18.88,0.0413
3317,S2C,4,12.9972,0.0,0,18.43,0.0369
3317,E2C,8,6.9689,33.0,3,34.38,0.1877
3317,W2C,8,7.3449,29.0,3,32.62,0.1796
3318,N2C,5,12.83,0.0,0,18.67,0.0453
3318,S2C,4,12.7707,0.0,0,18.76,0.0401
3318,E2C,9,7.0231,36.0,3,34.12,0.1949
3318,W2C,9,7.0528,32.0,3,33.97,0.1918
3319,N2C,4,12.7414,0.0,0,18.8,0.0405
3319,S2C,4,12.4831,0.0,0,19.19,0.0443
3319,E2C,9,6.2154,39.0,3,38.55,0.2085
3319,W2C,9,5.9839,35.0,3,40.04,0.2092
3320,N2C,4,12.8605,0.0,0,18.63,0.0388
3320,S2C,4,12.5178,0.0,0,19.14,0.0438
3320,E2C,9,5.5337,42.0,3,43.3,0.2203
3320,W2C,9,5.7934,38.0,3,41.36,0.2139
3321,N2C,4,12.7027,0.0,0,18.86,0.0411
3321,S2C,4,12.7476,0.0,0,18.8,0.0404
3321,E2C,9,4.6259,46.0,4,51.79,0.2421
3321,W2C,9,5.0708,43.0,5,47.25,0.2397
3322,N2C,5,12.8563,0.0,0,18.64,0.0449
3322,S2C,4,12.2554,0.0,0,19.55,0.0475
3322,E2C,10,5.1797,51.0,5,46.26,0.2494
3322,W2C,10,5.5782,48.0,5,42.95,0.2417
3323,N2C,4,13.1937,0.0,0,18.16,0.034
3323,S2C,4,12.4195,0.0,0,19.29,0.0452
3323,E2C,10,4.8294,56.0,5,49.61,0.2578
3323,W2C,10,5.2573,53.0,5,45.57,0.2496
3324,N2C,4,12.9387,0.0,0,18.52,0.0377
3324,S2C,4,11.8772,0.0,0,20.17,0.053
3324,E2C,10,4.764,61.0,5,50.29,0.2621
3324,W2C,10,5.1657,59.0,6,46.38,0.261
3325,N2C,4,13.1274,0.0,0,18.25,0.035
3325,S2C,4,12.0634,0.0,0,19.86,0.0503
3325,E2C,10,4.7808,67.0,6,50.12,0.2718
3325,W2C,10,4.7191,65.0,6,50.77,0.2714
3326,N2C,4,13.0218,0.0,0,18.4,0.0365
3326,S2C,4,12.0757,0.0,0,19.84,0.0501
3326,E2C,10,4.7961,73.0,6,49.96,0.2756
3326,W2C,10,4.4339,71.0,6,54.04,0.2795
3327,N2C,5,13.2404,0.0,0,18.1,0.0394
3327,S2C,4,12.3384,0.0,0,19.42,0.0463
3327,E2C,11,5.1545,79.0,6,46.48,0.2804
3327,W2C,11,4.8467,77.0,6,49.44,0.2835
3328,N2C,4,13.2489,0.0,0,18.08,0.0332
3328,S2C,4,12.3162,0.0,0,19.45,0.0467
3328,E2C,11,4.6466,85.0,6,51.57,0.2918
3328,W2C,11,4.7876,83.0,6,50.05,0.2884
3329,N2C,4,12.8504,0.0,0,18.65,0.039
3329,S2C,4,12.3537,0.0,0,19.39,0.0461
3329,E2C,11,4.5133,91.0,6,53.09,0.2977
3329,W2C,11,4.6582,90.0,7,51.44,0.3009
3330,N2C,4,12.995,0.0,0,18.44,0.0369
3330,S2C,4,12.1281,0.0,0,19.76,0.0494
3330,E2C,11,4.1789,97.0,6,57.34,0.3065
3330,W2C,11,4.3163,97.0,7,55.51,0.3105
3331,N2C,4,12.1542,0.0,0,19.71,0.049
3331,S2C,5,12.255,0.0,0,19.55,0.0535
3331,E2C,12,4.6357,104.0,7,51.69,0.3166
3331,W2C,12,4.7575,104.0,7,50.36,0.3148
3332,N2C,5,11.9267,0.0,0,20.09,0.0583
3332,S2C,5,11.4197,0.0,0,20.98,0.0656
3332,E2C,12,4.4659,111.0,7,53.65,0.3237
3332,W2C,12,4.3823,111.0,7,54.67,0.3249
3333,N2C,5,10.8229,0.0,0,22.14,0.0742
3333,S2C,5,10.492,0.0,0,22.84,0.0789
3333,E2C,12,4.2259,118.0,7,56.7,0.3318
3333,W2C,12,4.2677,119.0,8,56.14,0.3379
3334,N2C,5,10.7655,0.0,0,22.26,0.075
3334,S2C,5,10.0571,0.0,0,23.82,0.0852
3334,E2C,10,4.6165,64.0,5,51.9,0.2662
3334,W2C,10,4.6198,69.0,6,51.86,0.2755
3335,N2C,5,10.1158,0.0,0,23.69,0.0843
3335,S2C,5,10.0147,1.0,1,23.92,0.0925
3335,E2C,10,4.4968,32.0,4,53.28,0.2406
3335,W2C,10,4.4304,37.0,4,54.08,0.2449
3336,N2C,6,9.9594,1.0,1,24.06,0.0993
3336,S2C,6,10.5062,2.0,1,22.81,0.0921
3336,E2C,11,5.4572,8.0,2,43.91,0.2048
3336,W2C,11,5.7278,12.0,2,41.83,0.2035
3337,N2C,6,9.2028,2.0,1,26.04,0.1108
3337,S2C,6,10.0766,3.0,1,23.78,0.0989
3337,E2C,10,5.7448,0.0,0,41.71,0.1773
3337,W2C,9,6.6626,0.0,0,35.96,0.1581
3338,N2C,6,8.7184,3.0,1,27.48,0.1185
3338,S2C,6,9.4392,4.0,1,25.38,0.1088
3338,E2C,9,6.6154,0.0,0,36.22,0.1587
3338,W2C,9,7.0188,0.0,0,34.14,0.1529
3339,N2C,6,7.967,4.0,1,30.07,0.13
3339,S2C,6,8.8397,5.0,1,27.1,0.1181
3339,E2C,9,6.8107,0.0,0,35.18,0.1559
3339,W2C,7,7.646,0.0,0,31.34,0.1319
3340,N2C,7,8.3724,6.0,2,28.62,0.1374
3340,S2C,7,9.239,6.0,1,25.93,0.119
3340,E2C,8,9.0579,0.0,0,26.45,0.1176
3340,W2C,8,9.2438,0.0,0,25.92,0.1149
3341,N2C,7,7.4564,8.0,2,32.13,0.152
3341,S2C,7,9.4622,7.0,1,25.32,0.1164
3341,E2C,8,9.884,0.0,0,24.24,0.1057
3341,W2C,8,9.9488,0.0,0,24.08,0.1047
3342,N2C,7,7.276,11.0,3,32.93,0.1626
3342,S2C,7,9.1111,9.0,2,26.3,0.1288
3342,E2C,6,10.8,0.0,0,22.19,0.0805
3342,W2C,6,10.9715,0.0,0,21.84,0.078
3343,N2C,7,7.5628,14.0,3,31.68,0.1604
3343,S2C,7,8.2421,11.0,2,29.07,0.1427
3343,E2C,6,11.0289,0.0,0,21.72,0.0772
3343,W2C,6,11.6371,0.0,0,20.59,0.0684
3344,N2C,7,6.8973,17.0,3,34.74,0.172
3344,S2C,7,7.0584,13.0,2,33.95,0.161
3344,E2C,4,12.337,0.0,0,19.42,0.0464
3344,W2C,4,12.4702,0.0,0,19.21,0.0444
3345,N2C,8,7.1316,20.0,3,33.6,0.1766
3345,S2C,8,7.3995,16.0,3,32.38,0.1701
3345,E2C,5,12.2663,0.0,0,19.53,0.0534
3345,W2C,5,12.8783,0.0,0,18.6,0.0446
3346,N2C,8,6.3182,23.0,3,37.92,0.1904
3346,S2C,8,6.5536,19.0,3,36.56,0.1843
3346,E2C,5,12.527,0.0,0,19.13,0.0496
3346,W2C,4,12.9494,0.0,0,18.5,0.0375
3347,N2C,8,6.3605,26.0,3,37.67,0.1917
3347,S2C,8,6.3876,23.0,4,37.51,0.1954
3347,E2C,5,12.6149,0.0,0,18.99,0.0484
3347,W2C,4,13.2318,0.0,0,18.11,0.0335
3348,N2C,8,6.0772,30.0,4,39.43,0.2045
3348,S2C,8,5.9171,27.0,4,40.49,0.2048
3348,E2C,4,12.2925,0.0,0,19.49,0.047
3348,W2C,4,12.7959,0.0,0,18.72,0.0398
3349,N2C,9,6.5441,34.0,4,36.61,0.2064
3349,S2C,9,6.2733,31.0,4,38.19,0.2083
3349,E2C,5,12.7513,0.0,0,18.79,0.0464
3349,W2C,4,12.6925,0.0,0,18.88,0.0412
3350,N2C,9,5.8108,38.0,4,41.23,0.2197
3350,S2C,9,5.7864,36.0,5,41.41,0.2247
3350,E2C,5,12.8002,0.0,0,18.72,0.0457
3350,W2C,4,12.8474,0.0,0,18.65,0.039
3351,N2C,9,5.5387,42.0,4,43.26,0.2262
3351,S2C,9,5.7311,41.0,5,41.81,0.2288
3351,E2C,4,12.8431,0.0,0,18.66,0.0391
3351,W2C,4,12.8746,0.0,0,18.61,0.0386
3352,N2C,9,5.496,47.0,5,43.6,0.2362
3352,S2C,9,5.5204,46.0,5,43.4,0.2352
3352,E2C,4,13.0014,0.0,0,18.43,0.0368
3352,W2C,4,12.4191,0.0,0,19.29,0.0452
3353,N2C,9,5.5345,52.0,5,43.29,0.239
3353,S2C,9,5.0774,51.0,5,47.19,0.2449
3353,E2C,4,13.0064,0.0,0,18.42,0.0367
3353,W2C,4,12.5354,0.0,0,19.11,0.0435
3354,N2C,10,5.8586,57.0,5,40.9,0.2436
3354,S2C,10,5.732,56.0,5,41.8,0.2448
3354,E2C,5,13.0678,0.0,0,18.34,0.0418
3354,W2C,4,12.6858,0.0,0,18.89,0.0413
3355,N2C,10,5.3549,62.0,5,44.74,0.2542
3355,S2C,10,5.1575,61.0,5,46.46,0.2564
3355,E2C,5,13.1569,0.0,0,18.21,0.0406
3355,W2C,4,12.5176,0.0,0,19.14,0.0438
3356,N2C,10,4.5868,68.0,6,52.24,0.2753
3356,S2C,10,4.6319,67.0,6,51.73,0.274
3356,E2C,4,13.0929,0.0,0,18.3,0.0355
3356,W2C,4,12.642,0.0,0,18.95,0.042
3357,N2C,10,4.1414,74.0,6,57.85,0.2857
3357,S2C,10,4.2062,73.0,6,56.96,0.2841
3357,E2C,4,13.2472,0.0,0,18.09,0.0333
3357,W2C,4,12.1589,0.0,0,19.71,0.0489
3358,N2C,11,4.7041,80.0,6,50.93,0.2876
3358,S2C,11,4.6867,79.0,6,51.12,0.2872
3358,E2C,4,12.93,0.0,0,18.53,0.0378
3358,W2C,4,12.4557,0.0,0,19.24,0.0447
3359,N2C,11,4.6403,86.0,6,51.63,0.2925
3359,S2C,11,4.6085,86.0,7,51.99,0.299
3359,E2C,4,13.3698,0.0,0,17.92,0.0315
3359,W2C,4,12.4515,0.0,0,19.24,0.0447
3360,N2C,11,4.5667,93.0,7,52.47,0.3042
3360,S2C,11,4.6703,93.0,7,51.3,0.3028
3360,E2C,4,12.834,0.0,0,18.67,0.0392
3360,W2C,4,12.3416,0.0,0,19.41,0.0463
3361,N2C,11,4.6135,100.0,7,51.93,0.3082
3361,S2C,11,4.279,100.0,7,55.99,0.3131
3361,E2C,4,12.7729,0.0,0,18.76,0.0401
3361,W2C,4,12.6145,0.0,0,18.99,0.0424
3362,N2C,11,4.6599,107.0,7,51.42,0.3122
3362,S2C,11,3.856,107.0,7,62.14,0.3238
3362,E2C,4,12.9598,0.0,0,18.49,0.0374
3362,W2C,4,12.4855,0.0,0,19.19,0.0442
3363,N2C,12,5.2419,114.0,7,45.71,0.3145
3363,S2C,12,4.2262,114.0,7,56.69,0.3291
3363,E2C,4,12.9719,0.0,0,18.47,0.0372
3363,W2C,5,13.0389,0.0,0,18.38,0.0423
3364,N2C,12,4.6455,121.0,7,51.58,0.3278
3364,S2C,12,4.1445,121.0,7,57.81,0.335
3364,E2C,4,12.5185,0.0,0,19.14,0.0437
3364,W2C,5,12.3579,0.0,0,19.39,0.0521
3365,N2C,12,4.0517,128.0,7,59.14,0.341
3365,S2C,12,4.0152,128.0,7,59.67,0.3415
3365,E2C,4,13.165,0.0,0,18.2,0.0344
3365,W2C,5,11.5659,0.0,0,20.72,0.0635
3366,N2C,12,3.4221,136.0,8,70.02,0.3614
3366,S2C,12,3.5537,136.0,8,67.42,0.3595
3366,E2C,4,12.6101,0.0,0,19.0,0.0424
3366,W2C,5,10.6584,0.0,0,22.48,0.0765
3367,N2C,11,4.8302,84.0,6,49.6,0.2885
3367,S2C,11,4.7071,85.0,6,50.9,0.2909
3367,E2C,5,12.1822,0.0,0,19.67,0.0546
3367,W2C,6,10.9664,1.0,1,21.85,0.0848
3368,N2C,11,4.9919,42.0,4,48.0,0.2461
3368,S2C,11,4.8036,45.0,4,49.88,0.2508
3368,E2C,5,11.3109,0.0,0,21.18,0.0671
3368,W2C,6,10.0102,2.0,1,23.94,0.0992
3369,N2C,11,5.4036,15.0,3,44.34,0.2162
3369,S2C,11,4.9362,16.0,3,48.54,0.2236
3369,E2C,5,10.5411,0.0,0,22.73,0.0782
3369,W2C,6,9.0402,3.0,1,26.5,0.1138
3370,N2C,9,5.9062,2.0,1,40.57,0.1763
3370,S2C,10,5.346,2.0,1,44.82,0.1904
3370,E2C,5,10.4644,0.0,0,22.9,0.0793
3370,W2C,6,9.0575,4.0,1,26.45,0.1142
3371,N2C,9,6.0063,0.0,0,39.89,0.1675
3371,S2C,9,5.8976,0.0,0,40.63,0.1691
3371,E2C,5,10.3347,1.0,1,23.18,0.0879
3371,W2C,6,8.89,6.0,2,26.95,0.124
3372,N2C,10,7.5354,0.0,0,31.8,0.1515
3372,S2C,10,7.4418,0.0,0,32.2,0.1528
3372,E2C,6,10.7959,2.0,1,22.19,0.0879
3372,W2C,7,8.8648,8.0,2,27.03,0.1317
3373,N2C,8,8.5469,0.0,0,28.03,0.1249
3373,S2C,8,8.2183,0.0,0,29.15,0.1297
3373,E2C,6,9.8286,3.0,1,24.38,0.1025
3373,W2C,7,7.8042,10.0,2,30.7,0.1483
3374,N2C,8,9.0128,0.0,0,26.58,0.1182
3374,S2C,8,8.7357,0.0,0,27.43,0.1222
3374,E2C,6,9.2617,4.0,1,25.87,0.1113
3374,W2C,7,7.4344,12.0,2,32.23,0.155
3375,N2C,6,9.9181,0.0,0,24.16,0.0932
3375,S2C,6,10.3124,0.0,0,23.23,0.0875
3375,E2C,6,8.0633,5.0,1,29.71,0.1292
3375,W2C,7,6.8888,15.0,3,34.78,0.1708
3376,N2C,7,10.6797,0.0,0,22.44,0.0882
3376,S2C,7,11.2543,0.0,0,21.29,0.08
3376,E2C,7,8.2499,7.0,2,29.04,0.1399
3376,W2C,8,7.0623,18.0,3,33.93,0.1763
3377,N2C,5,11.7465,0.0,0,20.4,0.0609
3377,S2C,5,12.5339,0.0,0,19.12,0.0495
3377,E2C,7,7.461,9.0,2,32.11,0.1526
3377,W2C,8,6.6461,21.0,3,36.05,0.1843
3378,N2C,5,12.1702,0.0,0,19.69,0.0548
3378,S2C,5,12.7154,0.0,0,18.84,0.0469
3378,E2C,7,7.2425,11.0,2,33.08,0.157
3378,W2C,8,6.4133,24.0,3,37.36,0.1897
3379,N2C,4,12.8712,0.0,0,18.62,0.0387
3379,S2C,4,12.8616,0.0,0,18.63,0.0388
3379,E2C,7,7.273,14.0,3,32.94,0.1646
3379,W2C,8,5.9177,28.0,4,40.49,0.2055
3380,N2C,4,12.6066,0.0,0,19.01,0.0425
3380,S2C,4,12.4634,0.0,0,19.22,0.0445
3380,E2C,7,6.5951,17.0,3,36.33,0.1764
3380,W2C,8,5.5923,32.0,4,42.84,0.2128
3381,N2C,4,12.7846,0.0,0,18.74,0.0399
3381,S2C,5,12.7863,0.0,0,18.74,0.0459
3381,E2C,8,7.1088,20.0,3,33.7,0.177
3381,W2C,9,5.9346,36.0,4,40.37,0.2165
3382,N2C,4,12.7343,0.0,0,18.82,0.0406
3382,S2C,5,12.6404,0.0,0,18.96,0.048
3382,E2C,8,6.4022,23.0,3,37.42,0.1891
3382,W2C,9,5.4253,40.0,4,44.16,0.2265
3383,N2C,4,12.5979,0.0,0,19.02,0.0426
3383,S2C,5,12.654,0.0,0,18.93,0.0478
3383,E2C,8,6.3336,26.0,3,37.83,0.1921
3383,W2C,9,5.439,44.0,4,44.05,0.229
3384,N2C,4,12.7875,0.0,0,18.74,0.0399
3384,S2C,4,12.4402,0.0,0,19.26,0.0449
3384,E2C,8,5.6944,29.0,3,42.08,0.2033
3384,W2C,9,4.7515,49.0,5,50.43,0.2482
3385,N2C,5,13.3584,0.0,0,17.94,0.0377
3385,S2C,4,12.8941,0.0,0,18.58,0.0383
3385,E2C,9,6.2074,33.0,4,38.6,0.2106
3385,W2C,10,5.4056,54.0,5,44.32,0.2482
3386,N2C,4,12.8602,0.0,0,18.63,0.0388
3386,S2C,4,12.8223,0.0,0,18.69,0.0394
3386,E2C,9,5.7174,37.0,4,41.91,0.2203
3386,W2C,10,5.1462,59.0,5,46.56,0.2552
3387,N2C,4,12.9611,0.0,0,18.49,0.0374
3387,S2C,4,12.7957,0.0,0,18.72,0.0398
3387,E2C,9,5.6201,41.0,4,42.63,0.2244
3387,W2C,10,5.155,64.0,5,46.48,0.2584
3388,N2C,4,13.1311,0.0,0,18.25,0.0349
3388,S2C,4,12.8295,0.0,0,18.68,0.0393
3388,E2C,9,5.3157,46.0,5,45.07,0.2381
3388,W2C,10,4.9976,70.0,6,47.94,0.2707
3389,N2C,4,12.8202,0.0,0,18.69,0.0394
3389,S2C,4,12.6468,0.0,0,18.95,0.0419
3389,E2C,9,5.1218,51.0,5,46.78,0.2443
3389,W2C,10,4.8046,76.0,6,49.87,0.2775
3390,N2C,4,12.8282,0.0,0,18.68,0.0393
3390,S2C,5,12.8791,0.0,0,18.6,0.0446
3390,E2C,10,5.5329,56.0,5,43.3,0.2477
3390,W2C,11,5.1796,82.0,6,46.26,0.2821
3391,N2C,4,12.8001,0.0,0,18.72,0.0397
3391,S2C,4,12.9632,0.0,0,18.48,0.0373
3391,E2C,10,5.101,61.0,5,46.97,0.2572
3391,W2C,11,4.7487,88.0,6,50.46,0.2923
3392,N2C,4,12.9338,0.0,0,18.53,0.0378
3392,S2C,4,12.9051,0.0,0,18.57,0.0382
3392,E2C,10,5.2371,66.0,5,45.75,0.2586
3392,W2C,11,4.6701,94.0,6,51.31,0.2974
3393,N2C,4,13.0899,0.0,0,18.3,0.0355
3393,S2C,4,12.6008,0.0,0,19.01,0.0426
3393,E2C,10,4.9984,72.0,6,47.94,0.272
3393,W2C,11,4.3093,100.0,6,55.6,0.3066
3394,N2C,5,13.3136,0.0,0,18.0,0.0383
3394,S2C,4,12.7442,0.0,0,18.8,0.0405
3394,E2C,11,5.7037,78.0,6,42.01,0.2719
3394,W2C,12,4.9275,106.0,6,48.63,0.3077
3395,N2C,5,12.7586,0.0,0,18.78,0.0463
3395,S2C,4,12.8204,0.0,0,18.69,0.0394
3395,E2C,11,5.3828,84.0,6,44.51,0.2805
3395,W2C,12,4.4028,113.0,7,54.42,0.3259
3396,N2C,4,13.149,0.0,0,18.22,0.0347
3396,S2C,4,12.4866,0.0,0,19.19,0.0442
3396,E2C,11,4.8047,90.0,6,49.87,0.2928
3396,W2C,12,4.2408,120.0,7,56.5,0.3329
3397,N2C,4,13.023,0.0,0,18.4,0.0365
3397,S2C,4,12.9342,0.0,0,18.52,0.0378
3397,E2C,11,4.3074,96.0,6,55.63,0.304
3397,W2C,12,4.2471,127.0,7,56.41,0.3375
3398,N2C,4,12.917,0.0,0,18.55,0.038
3398,S2C,4,12.6804,0.0,0,18.9,0.0414
3398,E2C,11,4.3009,102.0,6,55.71,0.3081
3398,W2C,12,3.8966,135.0,8,61.49,0.3539
3399,N2C,5,12.1851,0.0,0,19.66,0.0545
3399,S2C,5,12.5303,0.0,0,19.12,0.0496
3399,E2C,12,4.7938,109.0,7,49.98,0.3176
3399,W2C,13,4.1974,143.0,8,57.08,0.3609
3400,N2C,5,11.1443,0.0,0,21.5,0.0695
3400,S2C,5,12.1037,0.0,0,19.8,0.0557
3400,E2C,10,5.2073,61.0,5,46.01,0.2557
3400,W2C,11,4.388,87.0,6,54.6,0.2968
3401,N2C,5,10.4138,0.0,0,23.01,0.0801
3401,S2C,5,11.0008,0.0,0,21.78,0.0716
3401,E2C,10,4.8292,27.0,4,49.61,0.2325
3401,W2C,11,4.1688,44.0,5,57.47,0.2653
3402,N2C,5,10.0225,0.0,0,23.91,0.0857
3402,S2C,5,10.3052,0.0,0,23.25,0.0816
3402,E2C,10,4.7411,6.0,2,50.54,0.2077
3402,W2C,11,4.2577,15.0,3,56.27,0.2327
3403,N2C,6,10.3196,1.0,1,23.22,0.0941
3403,S2C,6,10.0341,0.0,0,23.88,0.0915
3403,E2C,10,6.2413,0.0,0,38.39,0.1701
3403,W2C,10,5.844,4.0,2,41.0,0.1905
3404,N2C,6,9.3318,2.0,1,25.68,0.109
3404,S2C,6,9.3376,0.0,0,25.66,0.1015
3404,E2C,9,7.2069,0.0,0,33.25,0.1502
3404,W2C,10,6.4106,0.0,0,37.38,0.1677
3405,N2C,6,8.646,3.0,1,27.71,0.1195
3405,S2C,6,8.3442,1.0,1,28.71,0.1225
3405,E2C,9,7.7182,0.0,0,31.04,0.1429
3405,W2C,10,6.7799,0.0,0,35.34,0.1624
3406,N2C,6,8.5421,5.0,2,28.05,0.1283
3406,S2C,6,8.3797,3.0,2,28.59,0.1293
3406,E2C,7,8.585,0.0,0,27.91,0.1184
3406,W2C,8,7.0182,0.0,0,34.14,0.1469
3407,N2C,6,8.1366,7.0,2,29.45,0.1355
3407,S2C,6,7.925,5.0,2,30.23,0.1372
3407,E2C,7,9.0549,0.0,0,26.46,0.1116
3407,W2C,8,7.8619,0.0,0,30.48,0.1348
3408,N2C,7,8.1175,9.0,2,29.52,0.1431
3408,S2C,7,7.979,7.0,2,30.03,0.1438
3408,E2C,6,11.1383,0.0,0,21.51,0.0756
3408,W2C,7,9.3881,0.0,0,25.52,0.1068
3409,N2C,7,7.5392,11.0,2,31.78,0.1528
3409,S2C,7,7.4351,9.0,2,32.23,0.1529
3409,E2C,6,12.0294,0.0,0,19.92,0.0628
3409,W2C,7,9.9649,0.0,0,24.04,0.0985
3410,N2C,7,7.6385,14.0,3,31.37,0.1593
3410,S2C,7,7.3111,12.0,3,32.77,0.1627
3410,E2C,4,13.0502,0.0,0,18.36,0.0361
3410,W2C,5,11.2414,0.0,0,21.31,0.0681
3411,N2C,7,6.8266,17.0,3,35.1,0.173
3411,S2C,7,7.2863,15.0,3,32.88,0.1651
3411,E2C,4,13.2236,0.0,0,18.12,0.0336
3411,W2C,5,11.7201,0.0,0,20.44,0.0612
3412,N2C,8,7.0144,20.0,3,34.16,0.1783
3412,S2C,8,7.6407,18.0,3,31.36,0.168
3412,E2C,4,13.154,0.0,0,18.22,0.0346
3412,W2C,5,12.5394,0.0,0,19.11,0.0494
3413,N2C,8,6.6606,23.0,3,35.97,0.1854
3413,S2C,8,6.8956,21.0,3,34.75,0.1807
3413,E2C,4,12.905,0.0,0,18.57,0.0382
3413,W2C,5,12.4254,0.0,0,19.28,0.0511
3414,N2C,8,6.2608,26.0,3,38.27,0.1932
3414,S2C,8,6.4873,24.0,3,36.93,0.1886
3414,E2C,4,12.884,0.0,0,18.6,0.0385
3414,W2C,4,12.0444,0.0,0,19.89,0.0506
3415,N2C,8,6.3373,30.0,4,37.81,0.2007
3415,S2C,8,6.2933,27.0,3,38.07,0.1934
3415,E2C,4,13.3072,0.0,0,18.01,0.0324
3415,W2C,4,12.2112,0.0,0,19.62,0.0482
3416,N2C,8,5.8991,34.0,4,40.62,0.2097
3416,S2C,8,6.3136,31.0,4,37.95,0.2018
3416,E2C,4,12.8294,0.0,0,18.68,0.0393
3416,W2C,4,12.3578,0.0,0,19.39,0.0461
3417,N2C,9,6.236,38.0,4,38.42,0.2135
3417,S2C,9,6.9947,35.0,4,34.25,0.2006
3417,E2C,5,13.1635,0.0,0,18.2,0.0405
3417,W2C,5,12.6416,0.0,0,18.95,0.048
3418,N2C,9,5.8134,42.0,4,41.22,0.2223
3418,S2C,9,6.1108,39.0,4,39.21,0.216
3418,E2C,4,13.1364,0.0,0,18.24,0.0349
3418,W2C,5,12.4849,0.0,0,19.19,0.0502
3419,N2C,9,5.2937,46.0,4,45.26,0.2324
3419,S2C,9,6.0072,43.0,4,39.89,0.2202
3419,E2C,4,13.1114,0.0,0,18.27,0.0352
3419,W2C,5,12.5393,0.0,0,19.11,0.0494
3420,N2C,9,4.8347,51.0,5,49.56,0.2484
3420,S2C,9,5.2887,48.0,5,45.3,0.2398
3420,E2C,4,12.9203,0.0,0,18.54,0.038
3420,W2C,4,12.4437,0.0,0,19.25,0.0448
3421,N2C,10,5.2967,56.0,5,45.24,0.2511
3421,S2C,10,5.5175,53.0,5,43.43,0.2459
3421,E2C,5,13.0501,0.0,0,18.36,0.0421
3421,W2C,4,12.9871,0.0,0,18.45,0.037
3422,N2C,10,4.8038,61.0,5,49.88,0.2615
3422,S2C,10,5.2388,58.0,5,45.74,0.2532
3422,E2C,4,13.0177,0.0,0,18.41,0.0366
3422,W2C,4,12.6512,0.0,0,18.94,0.0418
3423,N2C,10,4.8555,67.0,6,49.35,0.2708
3423,S2C,10,5.0476,64.0,6,47.47,0.266
3423,E2C,4,13.0675,0.0,0,18.34,0.0358
3423,W2C,4,12.4065,0.0,0,19.31,0.0454
3424,N2C,10,4.4318,73.0,6,54.06,0.2809
3424,S2C,10,4.7974,70.0,6,49.94,0.2736
3424,E2C,4,13.3438,0.0,0,17.96,0.0319
3424,W2C,4,12.7027,0.0,0,18.86,0.0411
3425,N2C,10,4.1488,79.0,6,57.75,0.2889
3425,S2C,10,4.4643,76.0,6,53.67,0.2824
3425,E2C,4,12.9974,0.0,0,18.43,0.0369
3425,W2C,4,12.856,0.0,0,18.64,0.0389
3426,N2C,11,4.5485,85.0,6,52.68,0.2932
3426,S2C,11,4.9966,82.0,6,47.95,0.2847
3426,E2C,4,13.2188,0.0,0,18.13,0.0337
3426,W2C,5,12.496,0.0,0,19.17,0.0501
3427,N2C,11,4.426,92.0,7,54.13,0.3056
3427,S2C,11,4.8121,88.0,6,49.79,0.2914
3427,E2C,4,13.324,0.0,0,17.98,0.0322
3427,W2C,5,12.5409,0.0,0,19.11,0.0494
3428,N2C,11,4.2778,99.0,7,56.01,0.3124
3428,S2C,11,4.6325,94.0,6,51.72,0.298
3428,E2C,4,12.6622,0.0,0,18.92,0.0417
3428,W2C,5,12.6956,0.0,0,18.87,0.0472
3429,N2C,11,4.2833,106.0,7,55.94,0.317
3429,S2C,11,4.256,101.0,7,56.3,0.3141
3429,E2C,4,13.0427,0.0,0,18.37,0.0362
3429,W2C,4,12.5192,0.0,0,19.14,0.0437
3430,N2C,12,4.8786,113.0,7,49.11,0.3191
3430,S2C,12,4.6715,108.0,7,51.29,0.3187
3430,E2C,5,12.7887,0.0,0,18.74,0.0459
3430,W2C,5,12.1435,0.0,0,19.73,0.0551
3431,N2C,12,4.8304,120.0,7,49.6,0.3244
3431,S2C,12,4.4937,115.0,7,53.32,0.326
3431,E2C,5,11.8049,0.0,0,20.3,0.06
3431,W2C,5,11.0865,0.0,0,21.61,0.0704
3432,N2C,12,4.6366,127.0,7,51.68,0.3319
3432,S2C,12,4.1189,122.0,7,58.17,0.336
3432,E2C,5,11.0693,0.0,0,21.65,0.0706
3432,W2C,5,10.3009,1.0,1,23.26,0.0883
3433,N2C,10,4.9119,75.0,5,48.78,0.2693
3433,S2C,10,4.5357,73.0,6,52.83,0.2794
3433,E2C,5,10.4595,0.0,0,22.91,0.0794
3433,W2C,5,10.361,2.0,1,23.13,0.0881
3434,N2C,10,4.6543,36.0,4,51.48,0.241
3434,S2C,10,4.5238,35.0,4,52.96,0.2422
3434,E2C,5,9.9467,1.0,1,24.09,0.0934
3434,W2C,5,9.7178,3.0,1,24.66,0.0981
3435,N2C,11,5.7437,11.0,2,41.72,0.2026
3435,S2C,11,5.6921,11.0,3,42.09,0.2094
3435,E2C,6,9.8394,2.0,1,24.35,0.1017
3435,W2C,6,9.6998,4.0,1,24.7,0.105
3436,N2C,10,6.0772,0.0,0,39.43,0.1725
3436,S2C,9,6.7265,2.0,1,35.62,0.1645
3436,E2C,6,9.3752,3.0,1,25.56,0.109
3436,W2C,6,8.9786,5.0,1,26.69,0.1161
3437,N2C,9,6.734,0.0,0,35.58,0.157
3437,S2C,9,7.5021,0.0,0,31.94,0.146
3437,E2C,6,8.8286,4.0,1,27.14,0.1175
3437,W2C,6,8.6854,6.0,1,27.59,0.1209
3438,N2C,9,7.3813,0.0,0,32.46,0.1477
3438,S2C,7,8.4096,0.0,0,28.49,0.1209
3438,E2C,6,8.0191,6.0,2,29.88,0.1365
3438,W2C,6,8.3135,7.0,1,28.82,0.127
3439,N2C,8,9.1238,0.0,0,26.26,0.1166
3439,S2C,8,9.451,0.0,0,25.35,0.1119
3439,E2C,7,8.0768,8.0,2,29.67,0.143
3439,W2C,7,8.4354,9.0,2,28.4,0.1385
3440,N2C,8,9.5638,0.0,0,25.05,0.1103
3440,S2C,7,9.83,0.0,0,24.37,0.1005
3440,E2C,7,7.4657,10.0,2,32.09,0.1532
3440,W2C,7,7.852,11.0,2,30.51,0.1483
3441,N2C,6,10.6918,0.0,0,22.41,0.0821
3441,S2C,6,11.1131,0.0,0,21.56,0.076
3441,E2C,7,7.3993,12.0,2,32.38,0.1555
3441,W2C,7,7.287,13.0,2,32.88,0.1577
3442,N2C,6,11.1608,0.0,0,21.47,0.0753
3442,S2C,5,11.8023,0.0,0,20.3,0.0601
3442,E2C,7,7.2737,15.0,3,32.94,0.1653
3442,W2C,7,7.2843,15.0,2,32.89,0.1591
3443,N2C,4,12.7308,0.0,0,18.82,0.0407
3443,S2C,4,12.6805,0.0,0,18.9,0.0414
3443,E2C,7,6.7416,18.0,3,35.54,0.1749
3443,W2C,7,6.9177,18.0,3,34.64,0.1724
3444,N2C,5,12.974,0.0,0,18.47,0.0432
3444,S2C,4,12.8173,0.0,0,18.69,0.0394
3444,E2C,8,6.9737,21.0,3,34.36,0.1796
3444,W2C,8,7.2854,21.0,3,32.89,0.1751
3445,N2C,4,12.7052,0.0,0,18.86,0.0411
3445,S2C,4,12.4979,0.0,0,19.17,0.044
3445,E2C,8,6.499,24.0,3,36.87,0.1884
3445,W2C,8,7.2532,24.0,3,33.03,0.1776
3446,N2C,4,12.6959,0.0,0,18.87,0.0412
3446,S2C,4,12.2646,0.0,0,19.54,0.0474
3446,E2C,8,6.1835,27.0,3,38.75,0.195
3446,W2C,8,6.5073,27.0,3,36.82,0.1903
3447,N2C,4,12.982,0.0,0,18.46,0.0371
3447,S2C,4,12.6229,0.0,0,18.98,0.0422
3447,E2C,8,5.9396,30.0,3,40.34,0.2005
3447,W2C,8,6.1234,31.0,4,39.13,0.2045
3448,N2C,5,12.9725,0.0,0,18.47,0.0432
3448,S2C,5,12.5124,0.0,0,19.15,0.0498
3448,E2C,9,6.3806,34.0,4,37.55,0.2088
3448,W2C,9,6.4645,35.0,4,37.06,0.2083
3449,N2C,4,12.4833,0.0,0,19.19,0.0443
3449,S2C,4,12.4047,0.0,0,19.32,0.0454
3449,E2C,9,5.8559,38.0,4,40.92,0.219
3449,W2C,9,5.9806,39.0,4,40.06,0.2179
3450,N2C,4,12.2946,0.0,0,19.49,0.047
3450,S2C,4,12.3678,0.0,0,19.37,0.0459
3450,E2C,9,5.8248,42.0,4,41.13,0.2221
3450,W2C,9,5.7268,43.0,4,41.84,0.2242
3451,N2C,4,12.35,0.0,0,19.4,0.0462
3451,S2C,4,12.2388,0.0,0,19.58,0.0478
3451,E2C,9,5.5919,46.0,4,42.85,0.2282
3451,W2C,9,5.4501,47.0,4,43.96,0.2309
3452,N2C,4,12.3844,0.0,0,19.35,0.0457
3452,S2C,4,12.2461,0.0,0,19.57,0.0477
3452,E2C,9,4.9782,51.0,5,48.13,0.2463
3452,W2C,9,4.8726,52.0,5,49.17,0.2485
3453,N2C,4,12.6256,0.0,0,18.98,0.0422
3453,S2C,4,12.6654,0.0,0,18.92,0.0416
3453,E2C,10,5.2664,56.0,5,45.5,0.2515
3453,W2C,10,5.5312,57.0,5,43.32,0.2484
3454,N2C,4,12.6052,0.0,0,19.01,0.0425
3454,S2C,4,12.8669,0.0,0,18.62,0.0387
3454,E2C,10,5.0942,61.0,5,47.03,0.2573
3454,W2C,10,5.1686,62.0,5,46.36,0.2569
3455,N2C,4,12.2145,0.0,0,19.62,0.0481
3455,S2C,4,12.6673,0.0,0,18.91,0.0416
3455,E2C,10,5.0392,67.0,6,47.55,0.2681
3455,W2C,10,5.103,67.0,5,46.95,0.2612
3456,N2C,4,12.4686,0.0,0,19.22,0.0445
3456,S2C,4,12.4224,0.0,0,19.29,0.0451
3456,E2C,10,4.9504,73.0,6,48.4,0.2734
3456,W2C,10,4.9198,73.0,6,48.7,0.2738
3457,N2C,5,12.8499,0.0,0,18.65,0.045
3457,S2C,5,12.3084,0.0,0,19.47,0.0528
3457,E2C,11,5.6284,79.0,6,42.57,0.2736
3457,W2C,11,5.3639,79.0,6,44.67,0.2774
3458,N2C,5,12.2752,0.0,0,19.52,0.0533
3458,S2C,5,12.3857,0.0,0,19.34,0.0517
3458,E2C,11,5.1566,85.0,6,46.46,0.2844
3458,W2C,11,4.8227,85.0,6,49.68,0.2892
3459,N2C,4,12.8275,0.0,0,18.68,0.0393
3459,S2C,4,12.3268,0.0,0,19.44,0.0465
3459,E2C,11,4.5968,91.0,6,52.12,0.2965
3459,W2C,11,4.7933,92.0,7,49.99,0.3003
3460,N2C,4,12.5914,0.0,0,19.03,0.0427
3460,S2C,4,11.9913,0.0,0,19.98,0.0513
3460,E2C,11,4.0474,98.0,7,59.2,0.3151
3460,W2C,11,4.5541,99.0,7,52.61,0.3084
3461,N2C,4,12.4864,0.0,0,19.19,0.0442
3461,S2C,4,12.0883,0.0,0,19.82,0.0499
3461,E2C,11,4.0403,105.0,7,59.3,0.3198
3461,W2C,11,4.2197,106.0,7,56.78,0.3179
3462,N2C,4,12.7857,0.0,0,18.74,0.0399
3462,S2C,5,12.5902,0.0,0,19.03,0.0487
3462,E2C,12,4.462,112.0,7,53.7,0.3244
3462,W2C,12,4.8914,113.0,7,48.98,0.3189
3463,N2C,4,12.763,0.0,0,18.77,0.0402
3463,S2C,5,12.2501,0.0,0,19.56,0.0536
3463,E2C,12,3.9072,119.0,7,61.32,0.3371
3463,W2C,12,4.4493,120.0,7,53.85,0.3299
3464,N2C,4,12.3229,0.0,0,19.44,0.0466
3464,S2C,5,11.6877,0.0,0,20.5,0.0617
3464,E2C,12,3.5315,127.0,8,67.85,0.3538
3464,W2C,12,3.741,128.0,8,64.05,0.3515
3465,N2C,4,12.4838,0.0,0,19.19,0.0442
3465,S2C,5,10.6472,0.0,0,22.5,0.0767
3465,E2C,12,3.261,135.0,8,73.47,0.363
3465,W2C,12,3.5009,136.0,8,68.44,0.3603
3466,N2C,5,13.0847,0.0,0,18.31,0.0416
3466,S2C,6,10.0941,0.0,0,23.74,0.0907
3466,E2C,11,4.6493,81.0,6,51.53,0.2891
3466,W2C,11,4.8803,81.0,6,49.09,0.2857
3467,N2C,5,12.7198,0.0,0,18.84,0.0468
3467,S2C,6,9.0838,0.0,0,26.38,0.1052
3467,E2C,11,4.564,41.0,4,52.5,0.2516
3467,W2C,11,5.0587,42.0,5,47.36,0.2512
3468,N2C,5,12.6221,0.0,0,18.98,0.0483
3468,S2C,6,8.5341,1.0,1,28.08,0.1198
3468,E2C,11,5.432,14.0,2,44.11,0.2091
3468,W2C,11,5.2583,17.0,3,45.57,0.2196
3469,N2C,5,12.0995,0.0,0,19.8,0.0558
3469,S2C,6,8.1503,3.0,2,29.4,0.1326
3469,E2C,9,6.1995,1.0,1,38.65,0.1714
3469,W2C,10,5.5151,3.0,1,43.44,0.1886
3470,N2C,5,11.0742,0.0,0,21.64,0.0705
3470,S2C,6,7.8499,5.0,2,30.52,0.1383
3470,E2C,9,6.6934,0.0,0,35.8,0.1576
3470,W2C,9,6.0279,0.0,0,39.75,0.1672
3471,N2C,6,10.499,1.0,1,22.82,0.0915
3471,S2C,7,7.8297,7.0,2,30.6,0.1459
3471,E2C,10,7.8224,0.0,0,30.63,0.1474
3471,W2C,9,7.6601,0.0,0,31.28,0.1437
3472,N2C,6,9.6885,2.0,1,24.73,0.1038
3472,S2C,7,7.4007,10.0,3,32.38,0.1601
3472,E2C,8,8.2574,0.0,0,29.02,0.1291
3472,W2C,8,8.3818,0.0,0,28.59,0.1273
3473,N2C,6,8.7213,3.0,1,27.47,0.1184
3473,S2C,7,7.2129,13.0,3,33.22,0.1648
3473,E2C,8,8.6928,0.0,0,27.56,0.1228
3473,W2C,7,9.2153,0.0,0,26.0,0.1093
3474,N2C,6,8.3063,5.0,2,28.85,0.1317
3474,S2C,7,7.305,16.0,3,32.8,0.1655
3474,E2C,6,9.8884,0.0,0,24.23,0.0936
3474,W2C,6,9.7571,0.0,0,24.56,0.0955
3475,N2C,7,8.0495,7.0,2,29.77,0.1428
3475,S2C,8,7.9122,19.0,3,30.28,0.1647
3475,E2C,7,10.9354,0.0,0,21.91,0.0845
3475,W2C,7,10.6164,0.0,0,22.57,0.0891
3476,N2C,7,7.4241,9.0,2,32.27,0.1531
3476,S2C,8,7.9718,22.0,3,30.06,0.1659
3476,E2C,5,11.9076,0.0,0,20.12,0.0585
3476,W2C,5,11.9671,0.0,0,20.02,0.0577
3477,N2C,7,7.3275,11.0,2,32.7,0.1558
3477,S2C,8,7.7215,25.0,3,31.03,0.1715
3477,E2C,4,12.9798,0.0,0,18.46,0.0371
3477,W2C,5,12.0916,0.0,0,19.82,0.0559
3478,N2C,7,7.3541,14.0,3,32.58,0.1634
3478,S2C,8,7.2221,28.0,3,33.18,0.1807
3478,E2C,4,12.9692,0.0,0,18.47,0.0373
3478,W2C,4,12.652,0.0,0,18.94,0.0418
3479,N2C,7,6.7237,17.0,3,35.64,0.1745
3479,S2C,8,6.0677,31.0,3,39.49,0.1993
3479,E2C,4,12.7626,0.0,0,18.77,0.0402
3479,W2C,4,12.7735,0.0,0,18.76,0.0401
3480,N2C,8,7.0374,20.0,3,34.05,0.178
3480,S2C,9,6.3629,34.0,3,37.66,0.203
3480,E2C,5,12.7232,0.0,0,18.83,0.0468
3480,W2C,5,13.1183,0.0,0,18.26,0.0411
3481,N2C,8,6.5882,23.0,3,36.37,0.1865
3481,S2C,9,5.7316,37.0,3,41.8,0.2141
3481,E2C,5,12.737,0.0,0,18.81,0.0466
3481,W2C,4,12.8552,0.0,0,18.64,0.0389
3482,N2C,8,6.1863,26.0,3,38.73,0.1943
3482,S2C,9,5.5642,41.0,4,43.06,0.2252
3482,E2C,5,12.551,0.0,0,19.09,0.0493
3482,W2C,4,12.9797,0.0,0,18.46,0.0371
3483,N2C,8,5.55,29.0,3,43.17,0.2054
3483,S2C,9,5.0581,46.0,5,47.37,0.2418
3483,E2C,4,13.029,0.0,0,18.39,0.0364
3483,W2C,4,12.8932,0.0,0,18.58,0.0384
3484,N2C,9,6.0725,33.0,4,39.46,0.2126
3484,S2C,10,5.7093,51.0,5,41.97,0.2418
3484,E2C,5,12.9724,0.0,0,18.47,0.0432
3484,W2C,4,13.1098,0.0,0,18.28,0.0352
3485,N2C,9,5.6746,37.0,4,42.22,0.221
3485,S2C,10,5.3922,56.0,5,44.43,0.2497
3485,E2C,4,13.2051,0.0,0,18.14,0.0339
3485,W2C,4,12.778,0.0,0,18.75,0.04
3486,N2C,9,5.5852,42.0,5,42.9,0.2316
3486,S2C,10,5.142,62.0,6,46.6,0.2633
3486,E2C,4,13.0541,0.0,0,18.35,0.036
3486,W2C,4,12.8752,0.0,0,18.61,0.0386
3487,N2C,9,5.39,47.0,5,44.45,0.2377
3487,S2C,10,4.7121,68.0,6,50.85,0.2735
3487,E2C,4,13.2187,0.0,0,18.13,0.0337
3487,W2C,4,13.0641,0.0,0,18.34,0.0359
3488,N2C,9,5.0696,52.0,5,47.26,0.2457
3488,S2C,10,4.315,74.0,6,55.53,0.2832
3488,E2C,4,13.2044,0.0,0,18.15,0.0339
3488,W2C,4,12.8769,0.0,0,18.61,0.0386
3489,N2C,10,5.5021,57.0,5,43.55,0.2488
3489,S2C,11,4.7833,80.0,6,50.09,0.2865
3489,E2C,4,12.793,0.0,0,18.73,0.0398
3489,W2C,5,13.1079,0.0,0,18.28,0.0413
3490,N2C,10,5.1823,62.0,5,46.23,0.2567
3490,S2C,11,4.6528,86.0,6,51.5,0.2923
3490,E2C,4,12.5845,0.0,0,19.04,0.0428
3490,W2C,4,12.8661,0.0,0,18.62,0.0387
3491,N2C,10,5.1791,68.0,6,46.26,0.2668
3491,S2C,11,4.673,92.0,6,51.27,0.296
3491,E2C,4,12.5399,0.0,0,19.11,0.0434
3491,W2C,4,13.1057,0.0,0,18.28,0.0353
3492,N2C,10,5.0176,74.0,6,47.75,0.2731
3492,S2C,11,4.2629,99.0,7,56.21,0.3126
3492,E2C,4,12.5567,0.0,0,19.08,0.0432
3492,W2C,4,12.8716,0.0,0,18.61,0.0387
3493,N2C,11,5.8,80.0,6,41.31,0.2718
3493,S2C,12,4.7853,106.0,7,50.07,0.3158
3493,E2C,4,12.3621,0.0,0,19.38,0.046
3493,W2C,4,13.057,0.0,0,18.35,0.036
3494,N2C,11,5.2409,86.0,6,45.72,0.2839
3494,S2C,12,4.3679,113.0,7,54.85,0.3264
3494,E2C,4,12.3732,0.0,0,19.36,0.0458
3494,W2C,5,12.8504,0.0,0,18.65,0.045
3495,N2C,11,4.7957,92.0,6,49.96,0.2943
3495,S2C,12,4.2227,121.0,8,56.74,0.3399
3495,E2C,4,12.6709,0.0,0,18.91,0.0416
3495,W2C,4,13.205,0.0,0,18.14,0.0339
3496,N2C,11,4.2336,98.0,6,56.59,0.3064
3496,S2C,12,3.8511,129.0,8,62.22,0.3505
3496,E2C,4,12.8806,0.0,0,18.6,0.0385
3496,W2C,4,13.0345,0.0,0,18.38,0.0363
3497,N2C,11,4.3567,104.0,6,55.0,0.3086
3497,S2C,12,3.5788,137.0,8,66.95,0.3598
3497,E2C,4,12.8472,0.0,0,18.65,0.039
3497,W2C,4,12.8399,0.0,0,18.66,0.0391
3498,N2C,12,4.7199,111.0,7,50.76,0.32
3498,S2C,13,4.0497,145.0,8,59.17,0.3644
3498,E2C,5,11.9461,0.0,0,20.06,0.058
3498,W2C,5,12.1458,0.0,0,19.73,0.0551
3499,N2C,10,5.1866,64.0,6,46.2,0.264
3499,S2C,11,4.5629,90.0,6,52.51,0.2963
3499,E2C,5,11.3783,0.0,0,21.06,0.0662
3499,W2C,5,11.2688,0.0,0,21.26,0.0677
3500,N2C,10,4.9772,30.0,4,48.14,0.2323
3500,S2C,11,4.5437,48.0,4,52.73,0.2566
3500,E2C,5,10.5818,0.0,0,22.64,0.0776
3500,W2C,5,10.3272,1.0,1,23.2,0.088
3501,N2C,10,5.2036,7.0,2,46.04,0.2017
3501,S2C,11,4.6952,18.0,3,51.03,0.2284
3501,E2C,5,9.9614,0.0,0,24.05,0.0866
3501,W2C,5,9.8765,2.0,1,24.26,0.0951
3502,N2C,9,6.7707,0.0,0,35.39,0.1565
3502,S2C,10,6.062,2.0,1,39.53,0.18
3502,E2C,6,9.5427,1.0,1,25.11,0.1053
3502,W2C,6,9.9983,3.0,1,23.96,0.1
3503,N2C,9,7.2256,0.0,0,33.16,0.15
3503,S2C,10,6.595,0.0,0,36.33,0.165
3503,E2C,6,8.7326,2.0,1,27.44,0.1176
3503,W2C,6,9.2647,4.0,1,25.86,0.1113
3504,N2C,9,8.16,0.0,0,29.36,0.1365
3504,S2C,9,7.5502,0.0,0,31.73,0.1453
3504,E2C,6,8.4154,3.0,1,28.47,0.1228
3504,W2C,6,8.6995,5.0,1,27.54,0.1201
3505,N2C,7,8.8914,0.0,0,26.95,0.114
3505,S2C,8,7.9691,0.0,0,30.07,0.1333
3505,E2C,6,8.1732,4.0,1,29.32,0.127
3505,W2C,6,8.908,6.0,1,26.9,0.1177
3506,N2C,7,9.6978,0.0,0,24.71,0.1024
3506,S2C,8,8.5906,0.0,0,27.89,0.1243
3506,E2C,6,8.2066,6.0,2,29.2,0.1338
3506,W2C,6,8.1011,8.0,2,29.58,0.1367
3507,N2C,6,11.14,0.0,0,21.51,0.0756
3507,S2C,7,10.5305,0.0,0,22.75,0.0904
3507,E2C,7,9.052,8.0,2,26.47,0.129
3507,W2C,7,8.252,10.0,2,29.04,0.1418
3508,N2C,6,11.4723,0.0,0,20.89,0.0708
3508,S2C,6,11.6074,0.0,0,20.64,0.0689
3508,E2C,7,9.0235,10.0,2,26.55,0.1307
3508,W2C,7,7.7459,12.0,2,30.93,0.1505
3509,N2C,4,13.037,0.0,0,18.38,0.0363
3509,S2C,5,12.1322,0.0,0,19.75,0.0553
3509,E2C,7,8.758,12.0,2,27.36,0.1359
3509,W2C,7,7.433,14.0,2,32.23,0.1563
3510,N2C,4,13.1532,0.0,0,18.22,0.0346
3510,S2C,4,12.7182,0.0,0,18.84,0.0409
3510,E2C,7,7.6592,14.0,2,31.28,0.153
3510,W2C,7,7.3796,17.0,3,32.47,0.1651
3511,N2C,4,13.4095,0.0,0,17.87,0.0309
3511,S2C,5,12.6361,0.0,0,18.96,0.0481
3511,E2C,8,7.0198,16.0,2,34.13,0.1696
3511,W2C,8,7.8151,20.0,3,30.66,0.1668
3512,N2C,4,13.0053,0.0,0,18.42,0.0367
3512,S2C,4,12.8475,0.0,0,18.65,0.039
3512,E2C,8,6.5243,18.0,2,36.72,0.1781
3512,W2C,8,7.3293,23.0,3,32.69,0.1758
3513,N2C,4,13.0171,0.0,0,18.41,0.0366
3513,S2C,4,12.7677,0.0,0,18.77,0.0402
3513,E2C,8,6.3432,22.0,4,37.77,0.1953
3513,W2C,8,6.914,26.0,3,34.65,0.1838
3514,N2C,4,13.056,0.0,0,18.35,0.036
3514,S2C,4,12.9659,0.0,0,18.48,0.0373
3514,E2C,8,5.9597,26.0,4,40.2,0.2035
3514,W2C,8,6.3311,29.0,3,37.84,0.1942
3515,N2C,4,12.99,0.0,0,18.44,0.037
3515,S2C,4,12.7523,0.0,0,18.79,0.0404
3515,E2C,8,5.5385,30.0,4,43.26,0.2123
3515,W2C,8,5.7844,33.0,4,41.42,0.2107
3516,N2C,4,13.0226,0.0,0,18.4,0.0365
3516,S2C,4,12.6994,0.0,0,18.87,0.0411
3516,E2C,9,6.0439,34.0,4,39.64,0.2136
3516,W2C,9,5.8058,37.0,4,41.27,0.2191
3517,N2C,4,12.7084,0.0,0,18.85,0.041
3517,S2C,4,12.0377,0.0,0,19.9,0.0507
3517,E2C,9,5.6571,38.0,4,42.35,0.2219
3517,W2C,9,5.4342,41.0,4,44.09,0.2271
3518,N2C,4,12.5295,0.0,0,19.12,0.0436
3518,S2C,4,12.5934,0.0,0,19.03,0.0427
3518,E2C,9,5.4669,43.0,5,43.83,0.2339
3518,W2C,9,5.518,46.0,5,43.42,0.2352
3519,N2C,4,12.5182,0.0,0,19.14,0.0438
3519,S2C,4,12.454,0.0,0,19.24,0.0447
3519,E2C,9,5.3592,48.0,5,44.71,0.2388
3519,W2C,9,5.0953,51.0,5,47.02,0.2446
3520,N2C,4,12.1633,0.0,0,19.7,0.0489
3520,S2C,4,12.5836,0.0,0,19.04,0.0428
3520,E2C,10,6.1272,53.0,5,39.1,0.2371
3520,W2C,10,5.6057,56.0,5,42.74,0.2466
3521,N2C,4,12.1287,0.0,0,19.75,0.0494
3521,S2C,4,12.5008,0.0,0,19.17,0.044
3521,E2C,10,5.7243,58.0,5,41.86,0.2462
3521,W2C,10,5.1041,61.0,5,46.94,0.2572
3522,N2C,4,12.0939,0.0,0,19.81,0.0499
3522,S2C,4,12.2304,0.0,0,19.59,0.0479
3522,E2C,10,5.0844,63.0,5,47.12,0.2588
3522,W2C,10,5.0065,66.0,5,47.86,0.2619
3523,N2C,4,12.1461,0.0,0,19.73,0.0491
3523,S2C,4,12.5413,0.0,0,19.1,0.0434
3523,E2C,10,4.7675,68.0,5,50.26,0.2667
3523,W2C,10,4.5248,71.0,5,52.95,0.2722
3524,N2C,4,11.8711,0.0,0,20.18,0.0531
3524,S2C,4,12.2429,0.0,0,19.57,0.0477
3524,E2C,10,4.3554,74.0,6,55.01,0.2826
3524,W2C,10,4.1101,77.0,6,58.29,0.2882
3525,N2C,5,12.3945,0.0,0,19.33,0.0515
3525,S2C,4,12.4134,0.0,0,19.3,0.0453
3525,E2C,11,4.9059,80.0,6,48.84,0.2847
3525,W2C,11,4.7902,83.0,6,50.02,0.2884
3526,N2C,4,11.9414,0.0,0,20.06,0.0521
3526,S2C,4,12.5452,0.0,0,19.1,0.0434
3526,E2C,11,4.569,87.0,7,52.44,0.3002
3526,W2C,11,4.4477,89.0,6,53.87,0.2973
3527,N2C,4,12.3856,0.0,0,19.35,0.0457
3527,S2C,4,12.1663,0.0,0,19.69,0.0488
3527,E2C,11,4.7839,94.0,7,50.08,0.3018
3527,W2C,11,4.3388,95.0,6,55.22,0.3029
3528,N2C,4,12.0425,0.0,0,19.9,0.0506
3528,S2C,4,12.5249,0.0,0,19.13,0.0437
3528,E2C,11,4.4776,101.0,7,53.51,0.3109
3528,W2C,11,3.9283,102.0,7,60.99,0.3194
3529,N2C,4,12.348,0.0,0,19.4,0.0462
3529,S2C,5,12.3847,0.0,0,19.35,0.0517
3529,E2C,12,5.116,108.0,7,46.83,0.3123
3529,W2C,12,4.4415,109.0,7,53.95,0.3227
3530,N2C,4,11.8619,0.0,0,20.2,0.0532
3530,S2C,5,12.2546,0.0,0,19.55,0.0535
3530,E2C,12,4.6728,115.0,7,51.27,0.3234
3530,W2C,12,4.2681,116.0,7,56.14,0.3299
3531,N2C,4,12.1535,0.0,0,19.71,0.049
3531,S2C,5,12.3869,0.0,0,19.34,0.0516
3531,E2C,12,4.2767,122.0,7,56.03,0.3338
3531,W2C,12,4.2016,123.0,7,57.03,0.3355
3532,N2C,4,12.1736,0.0,0,19.68,0.0487
3532,S2C,5,12.4036,0.0,0,19.32,0.0514
3532,E2C,10,4.6308,71.0,5,51.74,0.2707
3532,W2C,10,4.9588,71.0,6,48.32,0.2719
3533,N2C,4,11.8079,0.0,0,20.29,0.054
3533,S2C,5,11.7155,0.0,0,20.45,0.0613
3533,E2C,10,4.5022,34.0,3,53.22,0.2358
3533,W2C,10,5.1425,34.0,4,46.59,0.2326
3534,N2C,5,12.524,0.0,0,19.13,0.0497
3534,S2C,6,11.2744,0.0,0,21.25,0.0737
3534,E2C,11,5.6312,10.0,2,42.55,0.2036
3534,W2C,11,6.5589,10.0,2,36.53,0.1902
3535,N2C,5,12.1375,0.0,0,19.74,0.0552
3535,S2C,6,9.8763,0.0,0,24.26,0.0938
3535,E2C,9,6.5794,0.0,0,36.42,0.1593
3535,W2C,9,7.5015,0.0,0,31.94,0.146
3536,N2C,5,12.2543,0.0,0,19.55,0.0536
3536,S2C,6,8.871,0.0,0,27.01,0.1083
3536,E2C,9,6.8647,0.0,0,34.9,0.1552
3536,W2C,9,7.2962,0.0,0,32.84,0.1489
3537,N2C,5,11.4133,0.0,0,20.99,0.0657
3537,S2C,6,7.8603,1.0,1,30.48,0.1295
3537,E2C,8,7.4824,0.0,0,32.02,0.1403
3537,W2C,8,7.969,0.0,0,30.07,0.1333
3538,N2C,6,11.3988,0.0,0,21.02,0.0719
3538,S2C,7,7.8212,3.0,2,30.63,0.1434
3538,E2C,8,9.2395,0.0,0,25.93,0.115
3538,W2C,8,9.3839,0.0,0,25.53,0.1129
3539,N2C,6,10.4888,0.0,0,22.84,0.085
3539,S2C,7,7.2908,5.0,2,32.86,0.1524
3539,E2C,8,9.9273,0.0,0,24.14,0.1051
3539,W2C,8,10.0194,0.0,0,23.91,0.1037
3540,N2C,6,10.392,0.0,0,23.06,0.0864
3540,S2C,7,6.9663,7.0,2,34.39,0.1584
3540,E2C,6,11.3075,0.0,0,21.19,0.0732
3540,W2C,6,11.3789,0.0,0,21.06,0.0722
3541,N2C,6,9.834,1.0,1,24.36,0.1011
3541,S2C,7,7.1219,10.0,3,33.64,0.1641
3541,E2C,5,12.4844,0.0,0,19.19,0.0502
3541,W2C,5,12.3287,0.0,0,19.43,0.0525
3542,N2C,6,8.9976,2.0,1,26.63,0.1138
3542,S2C,7,6.2174,13.0,3,38.54,0.1791
3542,E2C,4,12.8505,0.0,0,18.65,0.039
3542,W2C,4,13.3123,0.0,0,18.0,0.0323
3543,N2C,7,9.0267,3.0,1,26.54,0.12
3543,S2C,8,6.8311,16.0,3,35.07,0.1783
3543,E2C,5,12.995,0.0,0,18.44,0.0429
3543,W2C,5,12.6306,0.0,0,18.97,0.0481
3544,N2C,7,8.3507,5.0,2,28.69,0.1371
3544,S2C,8,6.2761,19.0,3,38.18,0.1883
3544,E2C,4,12.9679,0.0,0,18.48,0.0373
3544,W2C,4,12.7729,0.0,0,18.76,0.0401
3545,N2C,7,7.5775,7.0,2,31.62,0.1496
3545,S2C,8,5.9869,23.0,4,40.02,0.2011
3545,E2C,4,13.0214,0.0,0,18.4,0.0365
3545,W2C,4,12.9087,0.0,0,18.56,0.0381
3546,N2C,7,6.9582,10.0,3,34.43,0.1665
3546,S2C,8,5.988,27.0,4,40.01,0.2038
3546,E2C,4,12.9497,0.0,0,18.5,0.0375
3546,W2C,4,12.7469,0.0,0,18.8,0.0405
3547,N2C,8,7.3745,13.0,3,32.49,0.1685
3547,S2C,9,6.4334,31.0,4,37.24,0.206
3547,E2C,4,13.3395,0.0,0,17.96,0.0319
3547,W2C,4,12.707,0.0,0,18.86,0.041
3548,N2C,8,6.7218,16.0,3,35.64,0.1799
3548,S2C,9,5.8468,35.0,4,40.98,0.2171
3548,E2C,4,13.2247,0.0,0,18.12,0.0336
3548,W2C,4,12.4313,0.0,0,19.27,0.045
3549,N2C,8,6.4931,20.0,4,36.9,0.1918
3549,S2C,9,5.5253,39.0,4,43.36,0.2244
3549,E2C,4,13.014,0.0,0,18.41,0.0366
3549,W2C,4,12.8752,0.0,0,18.61,0.0386
3550,N2C,8,6.4107,24.0,4,37.38,0.1957
3550,S2C,9,5.4103,44.0,5,44.29,0.2354
3550,E2C,4,13.3201,0.0,0,17.99,0.0322
3550,W2C,4,12.7729,0.0,0,18.76,0.0401
3551,N2C,8,6.1385,28.0,4,39.03,0.2023
3551,S2C,9,5.3376,49.0,5,44.89,0.2398
3551,E2C,4,12.9594,0.0,0,18.49,0.0374
3551,W2C,4,12.6763,0.0,0,18.9,0.0415
3552,N2C,9,6.2994,32.0,4,38.04,0.2086
3552,S2C,10,5.7882,54.0,5,41.39,0.2427
3552,E2C,4,12.96,0.0,0,18.49,0.0374
3552,W2C,4,13.1085,0.0,0,18.28,0.0353
3553,N2C,9,5.9287,36.0,4,40.41,0.2166
3553,S2C,10,5.6172,59.0,5,42.65,0.2485
3553,E2C,4,13.0387,0.0,0,18.38,0.0363
3553,W2C,4,12.6591,0.0,0,18.93,0.0417
3554,N2C,9,5.6706,41.0,5,42.25,0.2297
3554,S2C,10,5.2335,64.0,5,45.78,0.2573
3554,E2C,4,13.1208,0.0,0,18.26,0.0351
3554,W2C,4,12.4358,0.0,0,19.27,0.0449
3555,N2C,9,5.2295,46.0,5,45.82,0.2394
3555,S2C,10,5.0481,69.0,5,47.46,0.2633
3555,E2C,4,13.1358,0.0,0,18.24,0.0349
3555,W2C,4,12.5742,0.0,0,19.05,0.0429
3556,N2C,10,5.5334,51.0,5,43.3,0.2443
3556,S2C,11,5.4405,75.0,6,44.04,0.2737
3556,E2C,4,13.1064,0.0,0,18.28,0.0353
3556,W2C,4,12.8457,0.0,0,18.65,0.039
3557,N2C,10,5.283,56.0,5,45.35,0.2513
3557,S2C,11,4.9637,81.0,6,48.27,0.2845
3557,E2C,4,12.5162,0.0,0,19.14,0.0438
3557,W2C,4,12.4699,0.0,0,19.21,0.0444
3558,N2C,10,5.5024,61.0,5,43.54,0.2514
3558,S2C,11,4.7023,87.0,6,50.95,0.2923
3558,E2C,4,12.7813,0.0,0,18.75,0.04
3558,W2C,4,12.5189,0.0,0,19.14,0.0437
3559,N2C,10,4.992,67.0,6,48.0,0.2688
3559,S2C,11,4.2774,93.0,6,56.02,0.3024
3559,E2C,4,12.7847,0.0,0,18.74,0.0399
3559,W2C,4,12.5612,0.0,0,19.07,0.0431
3560,N2C,10,4.3477,73.0,6,55.11,0.2821
3560,S2C,11,3.9577,99.0,6,60.54,0.311
3560,E2C,4,12.3741,0.0,0,19.36,0.0458
3560,W2C,4,12.5395,0.0,0,19.11,0.0434
3561,N2C,11,4.8424,79.0,6,49.48,0.2849
3561,S2C,12,4.4319,106.0,7,54.06,0.3209
3561,E2C,5,13.0559,0.0,0,18.35,0.042
3561,W2C,5,12.399,0.0,0,19.32,0.0515
3562,N2C,11,4.739,86.0,7,50.56,0.2971
3562,S2C,12,4.3485,113.0,7,55.1,0.3267
3562,E2C,4,12.8708,0.0,0,18.62,0.0387
3562,W2C,5,12.1879,0.0,0,19.66,0.0545
3563,N2C,11,4.3142,93.0,7,55.54,0.3079
3563,S2C,12,4.4024,121.0,8,54.42,0.3373
3563,E2C,4,12.6121,0.0,0,19.0,0.0424
3563,W2C,5,12.5076,0.0,0,19.16,0.0499
3564,N2C,11,3.7848,100.0,7,63.31,0.3202
3564,S2C,12,4.1957,129.0,8,57.11,0.3456
3564,E2C,4,12.4012,0.0,0,19.32,0.0454
3564,W2C,5,11.884,0.0,0,20.16,0.0589
3565,N2C,10,5.2482,61.0,6,45.65,0.2611
3565,S2C,11,5.371,80.0,6,44.61,0.278
3565,E2C,5,11.295,0.0,0,21.21,0.0674
3565,W2C,6,10.8674,0.0,0,22.05,0.0795
3566,N2C,10,5.5401,28.0,4,43.25,0.2229
3566,S2C,11,5.1992,38.0,4,46.08,0.2405
3566,E2C,5,10.2125,0.0,0,23.46,0.083
3566,W2C,6,9.6524,0.0,0,24.82,0.097
3567,N2C,10,5.7884,9.0,2,41.39,0.1947
3567,S2C,11,5.149,12.0,2,46.53,0.2119
3567,E2C,5,9.6086,0.0,0,24.94,0.0916
3567,W2C,6,8.6936,0.0,0,27.56,0.1108
3568,N2C,8,6.5054,0.0,0,36.83,0.1543
3568,S2C,9,5.6507,1.0,1,42.4,0.1793
3568,E2C,5,9.5243,1.0,1,25.16,0.0995
3568,W2C,6,8.6404,1.0,1,27.73,0.1183
3569,N2C,8,6.9179,0.0,0,34.63,0.1484
3569,S2C,9,6.004,0.0,0,39.91,0.1675
3569,E2C,5,9.6783,2.0,1,24.76,0.098
3569,W2C,6,7.8835,2.0,1,30.39,0.1298
3570,N2C,8,8.6097,0.0,0,27.83,0.124
3570,S2C,9,7.253,0.0,0,33.03,0.1496
3570,E2C,6,10.0387,3.0,1,23.87,0.0995
3570,W2C,7,8.0655,4.0,2,29.71,0.1405
3571,N2C,7,9.289,0.0,0,25.79,0.1082
3571,S2C,8,7.8172,0.0,0,30.65,0.1354
3571,E2C,6,9.7002,4.0,1,24.7,0.105
3571,W2C,7,7.3958,6.0,2,32.4,0.1515
3572,N2C,6,9.9502,0.0,0,24.08,0.0927
3572,S2C,8,8.338,0.0,0,28.74,0.1279
3572,E2C,6,8.9167,5.0,1,26.87,0.1169
3572,W2C,7,7.5074,8.0,2,31.92,0.1512
3573,N2C,5,10.7911,0.0,0,22.2,0.0746
3573,S2C,6,8.7924,0.0,0,27.25,0.1094
3573,E2C,6,8.3689,6.0,1,28.63,0.1255
3573,W2C,7,6.9368,11.0,3,34.54,0.1675
3574,N2C,5,12.1327,0.0,0,19.75,0.0553
3574,S2C,7,10.1323,0.0,0,23.65,0.0961
3574,E2C,7,8.6761,7.0,1,27.62,0.1277
3574,W2C,8,7.2124,14.0,3,33.22,0.1715
3575,N2C,4,12.3948,0.0,0,19.33,0.0455
3575,S2C,5,10.8416,0.0,0,22.1,0.0739
3575,E2C,7,7.9004,9.0,2,30.33,0.1462
3575,W2C,8,6.5752,17.0,3,36.44,0.1827
3576,N2C,4,12.3202,0.0,0,19.45,0.0466
3576,S2C,5,11.3014,0.0,0,21.2,0.0673
3576,E2C,7,7.4043,11.0,2,32.36,0.1547
3576,W2C,8,6.4631,21.0,4,37.07,0.1929
3577,N2C,4,12.5075,0.0,0,19.16,0.0439
3577,S2C,4,11.808,0.0,0,20.29,0.054
3577,E2C,7,7.0908,13.0,2,33.79,0.1606
3577,W2C,8,6.5511,25.0,4,36.57,0.1943
3578,N2C,4,12.4875,0.0,0,19.19,0.0442
3578,S2C,4,11.4578,0.0,0,20.91,0.059
3578,E2C,7,6.5427,16.0,3,36.62,0.1765
3578,W2C,8,6.4697,29.0,4,37.03,0.1982
3579,N2C,5,12.3809,0.0,0,19.35,0.0517
3579,S2C,4,11.57,0.0,0,20.71,0.0574
3579,E2C,8,6.8464,19.0,3,35.0,0.1801
3579,W2C,9,6.9236,33.0,4,34.61,0.2003
3580,N2C,5,12.637,0.0,0,18.96,0.048
3580,S2C,4,11.7485,0.0,0,20.39,0.0548
3580,E2C,8,6.3076,22.0,3,37.99,0.1898
3580,W2C,9,6.3321,37.0,4,37.84,0.2115
3581,N2C,4,12.5314,0.0,0,19.12,0.0436
3581,S2C,4,10.9703,0.0,0,21.84,0.066
3581,E2C,8,6.2411,25.0,3,38.39,0.1928
3581,W2C,9,5.851,41.0,4,40.95,0.2211
3582,N2C,4,12.8208,0.0,0,18.69,0.0394
3582,S2C,4,11.2055,0.0,0,21.38,0.0627
3582,E2C,8,5.9579,29.0,4,40.22,0.2055
3582,W2C,9,4.9793,46.0,5,48.12,0.243
3583,N2C,5,12.5636,0.0,0,19.07,0.0491
3583,S2C,5,11.2723,0.0,0,21.26,0.0677
3583,E2C,9,6.7126,33.0,4,35.69,0.2033
3583,W2C,10,5.4256,51.0,5,44.16,0.2459
3584,N2C,4,12.6839,0.0,0,18.89,0.0414
3584,S2C,5,10.8988,0.0,0,21.98,0.0731
3584,E2C,9,6.9611,37.0,4,34.42,0.2024
3584,W2C,10,5.3203,56.0,5,45.03,0.2507
3585,N2C,4,12.3993,0.0,0,19.32,0.0455
3585,S2C,4,10.681,0.0,0,22.43,0.0702
3585,E2C,9,6.724,41.0,4,35.63,0.2085
3585,W2C,10,5.1081,61.0,5,46.91,0.2571
3586,N2C,4,12.5507,0.0,0,19.09,0.0433
3586,S2C,4,10.725,0.0,0,22.34,0.0696
3586,E2C,9,6.6022,45.0,4,36.29,0.2129
3586,W2C,10,4.6433,67.0,6,51.6,0.2738
3587,N2C,4,12.0281,0.0,0,19.92,0.0508
3587,S2C,4,10.8989,0.0,0,21.98,0.0671
3587,E2C,9,5.7599,49.0,4,41.6,0.2277
3587,W2C,10,4.2281,73.0,6,56.67,0.2838
3588,N2C,5,12.1892,0.0,0,19.66,0.0545
3588,S2C,5,11.0519,0.0,0,21.68,0.0709
3588,E2C,10,5.7357,53.0,4,41.77,0.2367
3588,W2C,11,4.6741,80.0,7,51.26,0.294
3589,N2C,5,12.0492,0.0,0,19.89,0.0565
3589,S2C,5,11.0429,0.0,0,21.7,0.071
3589,E2C,10,5.023,58.0,5,47.7,0.2563
3589,W2C,11,4.5676,87.0,7,52.46,0.3002
3590,N2C,5,12.0088,0.0,0,19.95,0.0571
3590,S2C,5,11.2263,0.0,0,21.34,0.0684
3590,E2C,10,4.6205,63.0,5,51.86,0.2655
3590,W2C,11,4.1332,94.0,7,57.97,0.3112
3591,N2C,4,12.1116,0.0,0,19.78,0.0496
3591,S2C,5,11.0454,0.0,0,21.69,0.071
3591,E2C,10,4.2398,69.0,6,56.51,0.281
3591,W2C,11,3.8575,101.0,7,62.11,0.3198
3592,N2C,4,12.2074,0.0,0,19.63,0.0482
3592,S2C,6,11.7126,0.0,0,20.46,0.0674
3592,E2C,11,4.7001,75.0,6,50.98,0.2843
3592,W2C,12,4.5716,108.0,7,52.41,0.3202
3593,N2C,4,11.8498,0.0,0,20.22,0.0534
3593,S2C,5,11.5513,0.0,0,20.74,0.0637
3593,E2C,11,4.4307,81.0,6,54.08,0.2922
3593,W2C,12,4.2519,116.0,8,56.35,0.3361
3594,N2C,4,12.2449,0.0,0,19.57,0.0477
3594,S2C,5,11.4791,0.0,0,20.87,0.0647
3594,E2C,11,4.6239,88.0,7,51.82,0.3001
3594,W2C,12,4.3252,124.0,8,55.4,0.3404
3595,N2C,4,12.5074,0.0,0,19.16,0.0439
3595,S2C,4,11.5275,0.0,0,20.79,0.058
3595,E2C,11,4.6355,95.0,7,51.69,0.3046
3595,W2C,12,4.243,132.0,8,56.47,0.3469
3596,N2C,4,12.3055,0.0,0,19.47,0.0468
3596,S2C,4,11.7224,0.0,0,20.44,0.0552
3596,E2C,11,4.288,102.0,7,55.88,0.3143
3596,W2C,12,4.178,140.0,8,57.35,0.3532
3597,N2C,5,12.5044,0.0,0,19.16,0.05
3597,S2C,5,11.7981,0.0,0,20.31,0.0601
3597,E2C,12,4.5557,109.0,7,52.59,0.3211
3597,W2C,13,4.743,148.0,8,50.52,0.3564
3598,N2C,5,12.1065,0.0,0,19.79,0.0557
3598,S2C,5,11.5157,0.0,0,20.81,0.0642
3598,E2C,10,5.2755,61.0,5,45.42,0.2547
3598,W2C,11,4.8626,96.0,6,49.27,0.296
3599,N2C,5,10.9318,0.0,0,21.92,0.0726
3599,S2C,5,11.4296,0.0,0,20.96,0.0654
3599,E2C,10,5.2559,26.0,3,45.59,0.2197
3599,W2C,11,4.4249,51.0,4,54.15,0.2603
3600,N2C,5,10.2805,0.0,0,23.31,0.082
3600,S2C,5,10.4006,0.0,0,23.04,0.0802
3600,E2C,10,5.4906,7.0,1,43.64,0.1916
3600,W2C,11,4.6818,21.0,2,51.18,0.2246
