time,edge,vehicles,speed,waiting,halting,ns_green,ew_green,tls_mode
1,N2C,1,13.89,0.0,0,30,30,adaptive
1,S2C,1,13.4615,0.0,0,30,30,adaptive
1,E2C,1,13.89,0.0,0,30,30,adaptive
1,W2C,1,13.89,0.0,0,30,30,adaptive
2,N2C,1,13.2784,0.0,0,30,30,adaptive
2,S2C,1,13.0561,0.0,0,30,30,adaptive
2,E2C,1,13.5495,0.0,0,30,30,adaptive
2,W2C,1,13.4471,0.0,0,30,30,adaptive
3,N2C,1,13.2541,0.0,0,30,30,adaptive
3,S2C,1,13.2147,0.0,0,30,30,adaptive
3,E2C,1,13.4511,0.0,0,30,30,adaptive
3,W2C,1,13.8511,0.0,0,30,30,adaptive
4,N2C,1,13.3091,0.0,0,30,30,adaptive
4,S2C,1,12.8743,0.0,0,30,30,adaptive
4,E2C,1,13.5912,0.0,0,30,30,adaptive
4,W2C,1,13.602,0.0,0,30,30,adaptive
5,N2C,1,13.8625,0.0,0,30,30,adaptive
5,S2C,1,13.3115,0.0,0,30,30,adaptive
5,E2C,1,13.8108,0.0,0,30,30,adaptive
5,W2C,1,13.2412,0.0,0,30,30,adaptive
6,N2C,2,13.8031,0.0,0,30,30,adaptive
6,S2C,2,11.7102,0.0,0,30,30,adaptive
6,E2C,2,13.6898,0.0,0,30,30,adaptive
6,W2C,2,12.5964,0.0,0,30,30,adaptive
7,N2C,2,13.4104,0.0,0,30,30,adaptive
7,S2C,2,11.3526,0.0,0,30,30,adaptive
7,E2C,2,13.2218,0.0,0,30,30,adaptive
7,W2C,2,11.8569,0.0,0,30,30,adaptive
8,N2C,2,13.3023,0.0,0,30,30,adaptive
8,S2C,2,11.8723,0.0,0,30,30,adaptive
8,E2C,2,13.5268,0.0,0,30,30,adaptive
8,W2C,2,12.1313,0.0,0,30,30,adaptive
9,N2C,2,13.3133,0.0,0,30,30,adaptive
9,S2C,2,11.7414,0.0,0,30,30,adaptive
9,E2C,2,12.8992,0.0,0,30,30,adaptive
9,W2C,2,12.1066,0.0,0,30,30,adaptive
10,N2C,3,13.2035,0.0,0,30,30,adaptive
10,S2C,3,11.499,0.0,0,30,30,adaptive
10,E2C,3,13.6017,0.0,0,30,30,adaptive
10,W2C,3,12.7044,0.0,0,30,30,adaptive
11,N2C,3,12.8438,0.0,0,30,30,adaptive
11,S2C,3,11.8411,0.0,0,30,30,adaptive
11,E2C,3,12.9356,0.0,0,30,30,adaptive
11,W2C,3,12.8259,0.0,0,30,30,adaptive
12,N2C,3,12.9751,0.0,0,30,30,adaptive
12,S2C,3,11.5604,0.0,0,30,30,adaptive
12,E2C,3,13.2698,0.0,0,30,30,adaptive
12,W2C,3,12.665,0.0,0,30,30,adaptive
13,N2C,3,12.9886,0.0,0,30,30,adaptive
13,S2C,3,11.9473,0.0,0,30,30,adaptive
13,E2C,3,13.3958,0.0,0,30,30,adaptive
13,W2C,3,13.2152,0.0,0,30,30,adaptive
14,N2C,3,13.4264,0.0,0,30,30,adaptive
14,S2C,3,11.9448,0.0,0,30,30,adaptive
14,E2C,3,12.6987,0.0,0,30,30,adaptive
14,W2C,3,12.4401,0.0,0,30,30,adaptive
15,N2C,4,13.1579,0.0,0,30,30,adaptive
15,S2C,4,12.0678,0.0,0,30,30,adaptive
15,E2C,4,13.1619,0.0,0,30,30,adaptive
15,W2C,4,12.3391,0.0,0,30,30,adaptive
16,N2C,4,13.2134,0.0,0,30,30,adaptive
16,S2C,4,12.2687,0.0,0,30,30,adaptive
16,E2C,4,13.0741,0.0,0,30,30,adaptive
16,W2C,4,12.9562,0.0,0,30,30,adaptive
17,N2C,4,13.1621,0.0,0,30,30,adaptive
17,S2C,4,12.0242,0.0,0,30,30,adaptive
17,E2C,4,13.1352,0.0,0,30,30,adaptive
17,W2C,4,12.4136,0.0,0,30,30,adaptive
18,N2C,4,13.2159,0.0,0,30,30,adaptive
18,S2C,4,11.9925,0.0,0,30,30,adaptive
18,E2C,4,12.7811,0.0,0,30,30,adaptive
18,W2C,4,12.3832,0.0,0,30,30,adaptive
19,N2C,4,12.5079,0.0,0,30,30,adaptive
19,S2C,5,12.2654,0.0,0,30,30,adaptive
19,E2C,5,11.9981,0.0,0,30,30,adaptive
19,W2C,5,11.8628,0.0,0,30,30,adaptive
20,N2C,4,12.5681,0.0,0,30,30,adaptive
20,S2C,5,11.8019,0.0,0,30,30,adaptive
20,E2C,5,11.3951,0.0,0,30,30,adaptive
20,W2C,5,10.9014,0.0,0,30,30,adaptive
21,N2C,4,12.687,0.0,0,30,30,adaptive
21,S2C,4,11.6734,0.0,0,30,30,adaptive
21,E2C,5,10.4437,1.0,1,30,30,adaptive
21,W2C,5,10.1966,0.0,0,30,30,adaptive
22,N2C,4,12.6671,0.0,0,30,30,adaptive
22,S2C,4,11.9416,0.0,0,30,30,adaptive
22,E2C,5,10.3671,2.0,1,30,30,adaptive
22,W2C,5,10.2091,1.0,1,30,30,adaptive
23,N2C,4,12.58,0.0,0,30,30,adaptive
23,S2C,4,11.803,0.0,0,30,30,adaptive
23,E2C,5,9.8835,3.0,1,30,30,adaptive
23,W2C,5,10.0364,2.0,1,30,30,adaptive
24,N2C,4,13.0668,0.0,0,30,30,adaptive
24,S2C,5,12.2786,0.0,0,30,30,adaptive
24,E2C,6,9.902,4.0,1,30,30,adaptive
24,W2C,6,10.4037,3.0,1,30,30,adaptive
25,N2C,4,12.5197,0.0,0,30,30,adaptive
25,S2C,5,12.2547,0.0,0,30,30,adaptive
25,E2C,6,9.3533,5.0,1,30,30,adaptive
25,W2C,6,10.1712,4.0,1,30,30,adaptive
26,N2C,4,12.6756,0.0,0,30,30,adaptive
26,S2C,5,12.1193,0.0,0,30,30,adaptive
26,E2C,6,8.6087,7.0,2,30,30,adaptive
26,W2C,6,9.6949,5.0,1,30,30,adaptive
27,N2C,4,12.6692,0.0,0,30,30,adaptive
27,S2C,5,12.1858,0.0,0,30,30,adaptive
27,E2C,6,7.8554,9.0,2,30,30,adaptive
27,W2C,6,8.5535,6.0,1,30,30,adaptive
28,N2C,5,12.4724,0.0,0,30,30,adaptive
28,S2C,5,12.3723,0.0,0,30,30,adaptive
28,E2C,7,7.9514,11.0,2,30,30,adaptive
28,W2C,7,8.125,7.0,1,30,30,adaptive
29,N2C,4,12.5284,0.0,0,30,30,adaptive
29,S2C,5,12.1943,0.0,0,30,30,adaptive
29,E2C,7,7.5439,13.0,2,30,30,adaptive
29,W2C,7,7.1234,8.0,1,30,30,adaptive
30,N2C,4,12.2792,0.0,0,30,30,adaptive
30,S2C,5,12.2474,0.0,0,30,30,adaptive
30,E2C,7,7.2182,15.0,2,30,30,adaptive
30,W2C,7,7.122,10.0,2,30,30,adaptive
31,N2C,4,12.2232,0.0,0,30,30,adaptive
31,S2C,5,11.9141,0.0,0,30,30,adaptive
31,E2C,7,7.3252,18.0,3,30,30,adaptive
31,W2C,7,6.8519,13.0,3,30,30,adaptive
32,N2C,4,11.4984,0.0,0,30,30,adaptive
32,S2C,5,10.2826,0.0,0,30,30,adaptive
32,E2C,7,6.4555,21.0,3,30,30,adaptive
32,W2C,7,6.8962,16.0,3,30,30,adaptive
33,N2C,5,11.3846,0.0,0,30,30,adaptive
33,S2C,6,9.5163,0.0,0,30,30,adaptive
33,E2C,8,7.2208,24.0,3,30,30,adaptive
33,W2C,8,7.5353,19.0,3,30,30,adaptive
34,N2C,5,10.8087,0.0,0,30,30,adaptive
34,S2C,6,8.8422,1.0,1,30,30,adaptive
34,E2C,6,8.7748,4.0,1,30,30,adaptive
34,W2C,6,9.6035,4.0,1,30,30,adaptive
35,N2C,5,9.8115,0.0,0,30,30,adaptive
35,S2C,6,8.4481,2.0,1,30,30,adaptive
35,E2C,6,8.8547,0.0,0,30,30,adaptive
35,W2C,6,9.5298,0.0,0,30,30,adaptive
36,N2C,5,9.7686,1.0,1,30,30,adaptive
36,S2C,6,8.1788,4.0,2,30,30,adaptive
36,E2C,6,9.2889,0.0,0,30,30,adaptive
36,W2C,6,9.0564,0.0,0,30,30,adaptive
37,N2C,6,10.4734,2.0,1,30,30,adaptive
37,S2C,7,8.7072,6.0,2,30,30,adaptive
37,E2C,5,12.142,0.0,0,30,30,adaptive
37,W2C,5,11.4297,0.0,0,30,30,adaptive
38,N2C,6,9.9765,3.0,1,30,30,adaptive
38,S2C,7,7.8823,8.0,2,30,30,adaptive
38,E2C,5,11.6522,0.0,0,30,30,adaptive
38,W2C,5,11.4575,0.0,0,30,30,adaptive
39,N2C,6,10.1722,4.0,1,30,30,adaptive
39,S2C,7,7.5397,10.0,2,30,30,adaptive
39,E2C,5,11.8964,0.0,0,30,30,adaptive
39,W2C,4,12.2589,0.0,0,30,30,adaptive
40,N2C,6,9.0241,5.0,1,30,30,adaptive
40,S2C,7,7.0003,13.0,3,30,30,adaptive
40,E2C,4,13.1021,0.0,0,30,30,adaptive
40,W2C,4,12.3697,0.0,0,30,30,adaptive
41,N2C,6,7.8002,6.0,1,30,30,adaptive
41,S2C,7,6.4233,16.0,3,30,30,adaptive
41,E2C,4,12.8139,0.0,0,30,30,adaptive
41,W2C,4,12.6937,0.0,0,30,30,adaptive
42,N2C,7,7.7068,8.0,2,30,30,adaptive
42,S2C,8,6.8981,19.0,3,30,30,adaptive
42,E2C,5,13.1607,0.0,0,30,30,adaptive
42,W2C,5,12.7075,0.0,0,30,30,adaptive
43,N2C,7,7.4974,10.0,2,30,30,adaptive
43,S2C,8,6.2772,22.0,3,30,30,adaptive
43,E2C,4,12.9144,0.0,0,30,30,adaptive
43,W2C,5,12.5832,0.0,0,30,30,adaptive
44,N2C,7,7.2822,12.0,2,30,30,adaptive
44,S2C,8,6.2924,25.0,3,30,30,adaptive
44,E2C,4,12.58,0.0,0,30,30,adaptive
44,W2C,5,12.4312,0.0,0,30,30,adaptive
45,N2C,7,7.2079,14.0,2,30,30,adaptive
45,S2C,8,6.2408,28.0,3,30,30,adaptive
45,E2C,4,13.2209,0.0,0,30,30,adaptive
45,W2C,4,12.5561,0.0,0,30,30,adaptive
46,N2C,8,8.0674,17.0,3,30,30,adaptive
46,S2C,9,6.9731,32.0,4,30,30,adaptive
46,E2C,5,12.9949,0.0,0,30,30,adaptive
46,W2C,5,12.8753,0.0,0,30,30,adaptive
47,N2C,8,7.8455,20.0,3,30,30,adaptive
47,S2C,9,6.4633,36.0,4,30,30,adaptive
47,E2C,5,12.9202,0.0,0,30,30,adaptive
47,W2C,4,12.9011,0.0,0,30,30,adaptive
48,N2C,8,8.0549,23.0,3,30,30,adaptive
48,S2C,9,6.1164,40.0,4,30,30,adaptive
48,E2C,4,13.0115,0.0,0,30,30,adaptive
48,W2C,4,13.2918,0.0,0,30,30,adaptive
49,N2C,8,6.975,26.0,3,30,30,adaptive
49,S2C,9,5.6124,45.0,5,30,30,adaptive
49,E2C,4,13.383,0.0,0,30,30,adaptive
49,W2C,4,12.7508,0.0,0,30,30,adaptive
50,N2C,8,5.9484,29.0,3,30,30,adaptive
50,S2C,9,5.5601,50.0,5,30,30,adaptive
50,E2C,4,13.4367,0.0,0,30,30,adaptive
50,W2C,4,12.9276,0.0,0,30,30,adaptive
51,N2C,9,6.1198,32.0,3,30,30,adaptive
51,S2C,10,5.9612,55.0,5,30,30,adaptive
51,E2C,4,13.4775,0.0,0,30,30,adaptive
51,W2C,4,12.6914,0.0,0,30,30,adaptive
52,N2C,9,5.8653,35.0,3,30,30,adaptive
52,S2C,10,5.6672,60.0,5,30,30,adaptive
52,E2C,4,13.1434,0.0,0,30,30,adaptive
52,W2C,4,12.9606,0.0,0,30,30,adaptive
53,N2C,9,5.5932,39.0,4,30,30,adaptive
53,S2C,10,4.8338,65.0,5,30,30,adaptive
53,E2C,4,13.1385,0.0,0,30,30,adaptive
53,W2C,4,12.4395,0.0,0,30,30,adaptive
54,N2C,9,5.2339,44.0,5,30,30,adaptive
54,S2C,10,4.5498,71.0,6,30,30,adaptive
54,E2C,4,13.2318,0.0,0,30,30,adaptive
54,W2C,4,12.6265,0.0,0,30,30,adaptive
55,N2C,10,5.5509,49.0,5,30,30,adaptive
55,S2C,11,4.7055,77.0,6,30,30,adaptive
55,E2C,4,12.7334,0.0,0,30,30,adaptive
55,W2C,4,12.9586,0.0,0,30,30,adaptive
56,N2C,10,5.2688,55.0,6,30,30,adaptive
56,S2C,11,4.5227,83.0,6,30,30,adaptive
56,E2C,4,12.4014,0.0,0,30,30,adaptive
56,W2C,4,12.7893,0.0,0,30,30,adaptive
57,N2C,10,5.1097,61.0,6,30,30,adaptive
57,S2C,11,4.541,90.0,7,30,30,adaptive
57,E2C,4,12.8742,0.0,0,30,30,adaptive
57,W2C,4,12.6797,0.0,0,30,30,adaptive
58,N2C,10,4.912,67.0,6,30,30,adaptive
58,S2C,11,4.2774,97.0,7,30,30,adaptive
58,E2C,4,12.8762,0.0,0,30,30,adaptive
58,W2C,4,12.6057,0.0,0,30,30,adaptive
59,N2C,10,4.5999,73.0,6,30,30,adaptive
59,S2C,11,3.9564,104.0,7,30,30,adaptive
59,E2C,4,12.5109,0.0,0,30,30,adaptive
59,W2C,4,12.5645,0.0,0,30,30,adaptive
60,N2C,11,5.0572,79.0,6,30,30,adaptive
60,S2C,12,4.315,111.0,7,30,30,adaptive
60,E2C,4,12.861,0.0,0,30,30,adaptive
60,W2C,5,12.8326,0.0,0,30,30,adaptive
61,N2C,11,4.6137,85.0,6,30,30,adaptive
61,S2C,12,4.2418,118.0,7,30,30,adaptive
61,E2C,4,12.6995,0.0,0,30,30,adaptive
61,W2C,5,12.5085,0.0,0,30,30,adaptive
62,N2C,11,4.3121,92.0,7,30,30,adaptive
62,S2C,12,4.0357,126.0,8,30,30,adaptive
62,E2C,4,12.7694,0.0,0,30,30,adaptive
62,W2C,4,12.8557,0.0,0,30,30,adaptive
63,N2C,11,3.9646,99.0,7,30,30,adaptive
63,S2C,12,3.5381,134.0,8,30,30,adaptive
63,E2C,4,12.5728,0.0,0,30,30,adaptive
63,W2C,4,13.1458,0.0,0,30,30,adaptive
64,N2C,12,4.27,106.0,7,30,30,adaptive
64,S2C,13,4.0829,142.0,8,30,30,adaptive
64,E2C,4,12.8275,0.0,0,30,30,adaptive
64,W2C,4,13.2518,0.0,0,30,30,adaptive
65,N2C,12,4.1462,113.0,7,30,30,adaptive
65,S2C,13,3.9847,150.0,8,30,30,adaptive
65,E2C,4,12.8282,0.0,0,30,30,adaptive
65,W2C,4,12.9318,0.0,0,30,30,adaptive
66,N2C,12,4.0627,121.0,8,35,25,adaptive
66,S2C,13,3.6794,158.0,8,35,25,adaptive
66,E2C,4,12.7082,0.0,0,35,25,adaptive
66,W2C,4,12.5484,0.0,0,35,25,adaptive
67,N2C,12,3.6143,129.0,8,35,25,adaptive
67,S2C,13,3.431,167.0,9,35,25,adaptive
67,E2C,4,12.8242,0.0,0,35,25,adaptive
67,W2C,4,13.0879,0.0,0,35,25,adaptive
68,N2C,12,3.2327,137.0,8,35,25,adaptive
68,S2C,13,3.1863,176.0,9,35,25,adaptive
68,E2C,4,12.3482,0.0,0,35,25,adaptive
68,W2C,4,13.1326,0.0,0,35,25,adaptive
69,N2C,13,3.9956,145.0,8,35,25,adaptive
69,S2C,14,3.6813,186.0,10,35,25,adaptive
69,E2C,5,11.6206,0.0,0,35,25,adaptive
69,W2C,5,12.9142,0.0,0,35,25,adaptive
70,N2C,13,3.8304,154.0,9,35,25,adaptive
70,S2C,14,3.7198,196.0,10,35,25,adaptive
70,E2C,5,10.7592,0.0,0,35,25,adaptive
70,W2C,5,12.5405,0.0,0,35,25,adaptive
71,N2C,13,3.8786,163.0,9,35,25,adaptive
71,S2C,14,3.6485,206.0,10,35,25,adaptive
71,E2C,5,10.1421,1.0,1,35,25,adaptive
71,W2C,5,11.1997,0.0,0,35,25,adaptive
72,N2C,13,3.8387,172.0,9,35,25,adaptive
72,S2C,14,3.5399,216.0,10,35,25,adaptive
72,E2C,5,10.2464,2.0,1,35,25,adaptive
72,W2C,5,10.63,0.0,0,35,25,adaptive
73,N2C,14,4.0952,181.0,9,35,25,adaptive
73,S2C,15,3.9238,226.0,10,35,25,adaptive
73,E2C,6,10.3859,3.0,1,35,25,adaptive
73,W2C,6,9.743,0.0,0,35,25,adaptive
74,N2C,14,3.6824,190.0,9,35,25,adaptive
74,S2C,15,3.5532,236.0,10,35,25,adaptive
74,E2C,6,10.4119,4.0,1,35,25,adaptive
74,W2C,6,9.1315,0.0,0,35,25,adaptive
75,N2C,14,3.2015,200.0,10,35,25,adaptive
75,S2C,15,3.1777,247.0,11,35,25,adaptive
75,E2C,6,10.086,5.0,1,35,25,adaptive
75,W2C,6,8.6438,1.0,1,35,25,adaptive
76,N2C,14,2.9928,210.0,10,35,25,adaptive
76,S2C,15,2.8844,258.0,11,35,25,adaptive
76,E2C,6,9.6426,6.0,1,35,25,adaptive
76,W2C,6,8.5402,2.0,1,35,25,adaptive
77,N2C,14,2.6731,220.0,10,35,25,adaptive
77,S2C,15,2.5219,269.0,11,35,25,adaptive
77,E2C,6,8.3993,7.0,1,35,25,adaptive
77,W2C,6,8.0276,4.0,2,35,25,adaptive
78,N2C,15,3.4304,231.0,11,35,25,adaptive
78,S2C,16,3.0657,281.0,12,35,25,adaptive
78,E2C,7,8.6832,8.0,1,35,25,adaptive
78,W2C,7,8.0986,6.0,2,35,25,adaptive
79,N2C,15,3.4467,242.0,11,35,25,adaptive
79,S2C,16,2.7563,293.0,12,35,25,adaptive
79,E2C,7,7.9536,10.0,2,35,25,adaptive
79,W2C,7,7.5766,8.0,2,35,25,adaptive
80,N2C,15,3.3735,253.0,11,35,25,adaptive
80,S2C,16,2.4756,305.0,12,35,25,adaptive
80,E2C,7,7.1777,12.0,2,35,25,adaptive
80,W2C,7,7.1859,10.0,2,35,25,adaptive
81,N2C,15,3.0914,264.0,11,35,25,adaptive
81,S2C,16,2.3974,317.0,12,35,25,adaptive
81,E2C,7,6.44,15.0,3,35,25,adaptive
81,W2C,7,6.8248,13.0,3,35,25,adaptive
82,N2C,16,3.4294,275.0,11,35,25,adaptive
82,S2C,17,3.1011,329.0,12,35,25,adaptive
82,E2C,8,7.1837,18.0,3,35,25,adaptive
82,W2C,8,7.4499,16.0,3,35,25,adaptive
83,N2C,16,3.0129,286.0,11,35,25,adaptive
83,S2C,17,2.8363,342.0,13,35,25,adaptive
83,E2C,8,6.6975,21.0,3,35,25,adaptive
83,W2C,8,6.6967,19.0,3,35,25,adaptive
84,N2C,16,2.8461,297.0,11,35,25,adaptive
84,S2C,17,2.6095,355.0,13,35,25,adaptive
84,E2C,8,6.5208,24.0,3,35,25,adaptive
84,W2C,8,6.4124,22.0,3,35,25,adaptive
85,N2C,16,2.6122,309.0,12,35,25,adaptive
85,S2C,17,2.4156,368.0,13,35,25,adaptive
85,E2C,8,6.0445,28.0,4,35,25,adaptive
85,W2C,8,6.1141,26.0,4,35,25,adaptive
86,N2C,16,2.3636,322.0,13,35,25,adaptive
86,S2C,17,2.2616,382.0,14,35,25,adaptive
86,E2C,8,5.4699,32.0,4,35,25,adaptive
86,W2C,8,5.6957,30.0,4,35,25,adaptive
87,N2C,17,3.0301,335.0,13,35,25,adaptive
87,S2C,18,2.8609,396.0,14,35,25,adaptive
87,E2C,9,6.1264,36.0,4,35,25,adaptive
87,W2C,9,6.175,34.0,4,35,25,adaptive
88,N2C,17,2.7762,348.0,13,35,25,adaptive
88,S2C,18,2.8698,410.0,14,35,25,adaptive
88,E2C,9,5.7469,40.0,4,35,25,adaptive
88,W2C,9,5.919,38.0,4,35,25,adaptive
89,N2C,17,2.6351,361.0,13,35,25,adaptive
89,S2C,18,2.6194,424.0,14,35,25,adaptive
89,E2C,9,5.6659,44.0,4,35,25,adaptive
89,W2C,9,5.6301,43.0,5,35,25,adaptive
90,N2C,17,2.33,374.0,13,35,25,adaptive
90,S2C,18,2.4068,438.0,14,35,25,adaptive
90,E2C,9,5.828,49.0,5,35,25,adaptive
90,W2C,9,5.8088,48.0,5,35,25,adaptive
91,N2C,18,2.8189,387.0,13,35,25,adaptive
91,S2C,19,2.7344,453.0,15,35,25,adaptive
91,E2C,10,6.3037,54.0,5,35,25,adaptive
91,W2C,10,6.1335,53.0,5,35,25,adaptive
92,N2C,18,2.5032,400.0,13,35,25,adaptive
92,S2C,19,2.5288,468.0,15,35,25,adaptive
92,E2C,10,5.8403,59.0,5,35,25,adaptive
92,W2C,10,5.5532,58.0,5,35,25,adaptive
93,N2C,18,2.3713,413.0,13,35,25,adaptive
93,S2C,19,2.3204,483.0,15,35,25,adaptive
93,E2C,10,5.4465,64.0,5,35,25,adaptive
93,W2C,10,5.1467,63.0,5,35,25,adaptive
94,N2C,18,2.1599,427.0,14,35,25,adaptive
94,S2C,19,2.0584,498.0,15,35,25,adaptive
94,E2C,10,4.7767,69.0,5,35,25,adaptive
94,W2C,10,5.0553,68.0,5,35,25,adaptive
95,N2C,18,2.1705,442.0,15,35,25,adaptive
95,S2C,19,1.8843,513.0,15,35,25,adaptive
95,E2C,10,4.3467,74.0,5,35,25,adaptive
95,W2C,10,4.685,74.0,6,35,25,adaptive
96,N2C,19,2.7,457.0,15,35,25,adaptive
96,S2C,20,2.3345,529.0,16,35,25,adaptive
96,E2C,11,4.7611,81.0,7,35,25,adaptive
96,W2C,11,5.184,80.0,6,35,25,adaptive
97,N2C,19,2.4565,472.0,15,35,25,adaptive
97,S2C,20,2.0318,545.0,16,35,25,adaptive
97,E2C,11,4.8272,88.0,7,35,25,adaptive
97,W2C,11,4.9345,86.0,6,35,25,adaptive
98,N2C,19,2.2955,487.0,15,35,25,adaptive
98,S2C,20,1.9541,561.0,16,35,25,adaptive
98,E2C,11,4.6894,95.0,7,35,25,adaptive
98,W2C,11,4.3288,93.0,7,35,25,adaptive
99,N2C,19,2.1916,502.0,15,35,25,adaptive
99,S2C,20,1.9042,578.0,17,35,25,adaptive
99,E2C,11,4.3468,102.0,7,35,25,adaptive
99,W2C,11,4.008,100.0,7,35,25,adaptive
100,N2C,20,2.5874,518.0,16,35,25,adaptive
100,S2C,21,2.4512,595.0,17,35,25,adaptive
100,E2C,12,4.6699,109.0,7,35,25,adaptive
100,W2C,12,4.3487,107.0,7,35,25,adaptive
101,N2C,20,2.3181,534.0,16,35,25,adaptive
101,S2C,21,2.2555,612.0,17,35,25,adaptive
101,E2C,12,4.4353,117.0,8,35,25,adaptive
101,W2C,12,4.2341,115.0,8,35,25,adaptive
102,N2C,18,2.4,422.0,14,35,25,adaptive
102,S2C,19,2.2677,493.0,15,35,25,adaptive
102,E2C,12,4.2216,125.0,8,35,25,adaptive
102,W2C,12,4.1296,123.0,8,35,25,adaptive
103,N2C,18,2.3793,327.0,12,35,25,adaptive
103,S2C,19,2.1652,386.0,13,35,25,adaptive
103,E2C,12,3.8394,133.0,8,35,25,adaptive
103,W2C,12,3.7037,131.0,8,35,25,adaptive
104,N2C,18,2.4937,239.0,10,35,25,adaptive
104,S2C,19,2.2033,293.0,12,35,25,adaptive
104,E2C,12,3.6464,141.0,8,35,25,adaptive
104,W2C,12,3.411,139.0,8,35,25,adaptive
105,N2C,17,3.1253,166.0,9,35,25,adaptive
105,S2C,18,2.7907,212.0,10,35,25,adaptive
105,E2C,13,4.1461,149.0,8,35,25,adaptive
105,W2C,13,3.9702,148.0,9,35,25,adaptive
106,N2C,17,3.1986,106.0,7,35,25,adaptive
106,S2C,18,2.944,144.0,8,35,25,adaptive
106,E2C,13,3.7731,158.0,9,35,25,adaptive
106,W2C,13,3.9656,157.0,9,35,25,adaptive
107,N2C,16,3.6007,60.0,5,35,25,adaptive
107,S2C,18,3.5055,90.0,7,35,25,adaptive
107,E2C,13,3.5046,167.0,9,35,25,adaptive
107,W2C,13,3.5781,166.0,9,35,25,adaptive
108,N2C,15,3.9312,27.0,3,35,25,adaptive
108,S2C,16,3.7482,48.0,5,35,25,adaptive
108,E2C,13,3.3511,176.0,9,35,25,adaptive
108,W2C,13,3.2326,175.0,9,35,25,adaptive
109,N2C,16,5.2153,6.0,2,35,25,adaptive
109,S2C,17,4.8491,34.0,4,35,25,adaptive
109,E2C,14,3.8069,185.0,9,35,25,adaptive
109,W2C,14,3.8814,184.0,9,35,25,adaptive
110,N2C,14,5.4177,6.0,1,35,25,adaptive
110,S2C,15,5.0752,11.0,2,35,25,adaptive
110,E2C,14,3.6594,195.0,10,35,25,adaptive
110,W2C,14,3.6335,194.0,10,35,25,adaptive
111,N2C,13,5.6691,0.0,0,35,25,adaptive
111,S2C,15,5.6602,0.0,0,35,25,adaptive
111,E2C,14,3.4508,205.0,10,35,25,adaptive
111,W2C,14,3.4423,204.0,10,35,25,adaptive
112,N2C,12,6.6489,0.0,0,35,25,adaptive
112,S2C,13,5.8113,0.0,0,35,25,adaptive
112,E2C,14,3.1448,215.0,10,35,25,adaptive
112,W2C,14,3.0988,214.0,10,35,25,adaptive
113,N2C,11,7.1304,0.0,0,35,25,adaptive
113,S2C,13,6.7956,0.0,0,35,25,adaptive
113,E2C,14,2.983,225.0,10,35,25,adaptive
113,W2C,14,2.7491,224.0,10,35,25,adaptive
114,N2C,11,8.3622,0.0,0,35,25,adaptive
114,S2C,12,7.6988,0.0,0,35,25,adaptive
114,E2C,15,3.4529,235.0,10,35,25,adaptive
114,W2C,15,3.4528,234.0,10,35,25,adaptive
115,N2C,10,8.9435,0.0,0,35,25,adaptive
115,S2C,11,8.4766,0.0,0,35,25,adaptive
115,E2C,15,3.1459,246.0,11,35,25,adaptive
115,W2C,15,3.3934,245.0,11,35,25,adaptive
116,N2C,9,9.8469,0.0,0,35,25,adaptive
116,S2C,10,9.3913,0.0,0,35,25,adaptive
116,E2C,15,2.9046,257.0,11,35,25,adaptive
116,W2C,15,3.3599,256.0,11,35,25,adaptive
117,N2C,7,10.7502,0.0,0,35,25,adaptive
117,S2C,8,10.1618,0.0,0,35,25,adaptive
117,E2C,15,2.7502,268.0,11,35,25,adaptive
117,W2C,15,3.1584,267.0,11,35,25,adaptive
118,N2C,8,11.66,0.0,0,35,25,adaptive
118,S2C,9,11.3409,0.0,0,35,25,adaptive
118,E2C,16,3.3501,280.0,12,35,25,adaptive
118,W2C,16,3.4322,278.0,11,35,25,adaptive
119,N2C,6,11.934,0.0,0,35,25,adaptive
119,S2C,7,11.8388,0.0,0,35,25,adaptive
119,E2C,16,3.1729,292.0,12,35,25,adaptive
119,W2C,16,3.0246,289.0,11,35,25,adaptive
120,N2C,6,12.1515,0.0,0,35,25,adaptive
120,S2C,7,12.1865,0.0,0,35,25,adaptive
120,E2C,16,2.9012,304.0,12,35,25,adaptive
120,W2C,16,2.7689,300.0,11,35,25,adaptive
121,N2C,4,12.0411,0.0,0,35,25,adaptive
121,S2C,5,12.5748,0.0,0,35,25,adaptive
121,E2C,16,2.6401,316.0,12,35,25,adaptive
121,W2C,16,2.5926,312.0,12,35,25,adaptive
122,N2C,4,12.7958,0.0,0,35,25,adaptive
122,S2C,5,12.4435,0.0,0,35,25,adaptive
122,E2C,16,2.4496,328.0,12,35,25,adaptive
122,W2C,16,2.3895,324.0,12,35,25,adaptive
123,N2C,5,12.8104,0.0,0,35,25,adaptive
123,S2C,5,12.5935,0.0,0,35,25,adaptive
123,E2C,17,2.9522,341.0,13,35,25,adaptive
123,W2C,17,2.946,337.0,13,35,25,adaptive
124,N2C,5,12.514,0.0,0,35,25,adaptive
124,S2C,5,12.8094,0.0,0,35,25,adaptive
124,E2C,17,2.6461,354.0,13,35,25,adaptive
124,W2C,17,2.529,350.0,13,35,25,adaptive
125,N2C,5,12.4578,0.0,0,35,25,adaptive
125,S2C,4,12.6076,0.0,0,35,25,adaptive
125,E2C,17,2.4436,367.0,13,35,25,adaptive
125,W2C,17,2.2906,363.0,13,35,25,adaptive
126,N2C,5,12.4451,0.0,0,35,25,adaptive
126,S2C,4,12.6862,0.0,0,35,25,adaptive
126,E2C,17,2.3002,380.0,13,35,25,adaptive
126,W2C,17,2.2142,377.0,14,35,25,adaptive
127,N2C,4,12.9459,0.0,0,35,25,adaptive
127,S2C,5,12.8477,0.0,0,35,25,adaptive
127,E2C,18,2.9148,394.0,14,35,25,adaptive
127,W2C,18,2.7356,391.0,14,35,25,adaptive
128,N2C,4,12.7977,0.0,0,35,25,adaptive
128,S2C,5,12.9487,0.0,0,35,25,adaptive
128,E2C,18,2.736,408.0,14,35,25,adaptive
128,W2C,18,2.6799,405.0,14,35,25,adaptive
129,N2C,4,12.9916,0.0,0,35,25,adaptive
129,S2C,4,12.7207,0.0,0,35,25,adaptive
129,E2C,18,2.4568,422.0,14,35,25,adaptive
129,W2C,18,2.4497,419.0,14,35,25,adaptive
130,N2C,4,12.6625,0.0,0,35,25,adaptive
130,S2C,4,12.8832,0.0,0,35,25,adaptive
130,E2C,18,2.2222,436.0,14,35,25,adaptive
130,W2C,18,2.2005,433.0,14,35,25,adaptive
131,N2C,4,13.0589,0.0,0,35,25,adaptive
131,S2C,4,12.7914,0.0,0,35,25,adaptive
131,E2C,18,2.1813,451.0,15,35,25,adaptive
131,W2C,18,2.0004,448.0,15,35,25,adaptive
132,N2C,4,13.0796,0.0,0,28,32,adaptive
132,S2C,5,12.6949,0.0,0,28,32,adaptive
132,E2C,19,2.5244,466.0,15,28,32,adaptive
132,W2C,19,2.3708,463.0,15,28,32,adaptive
133,N2C,4,13.3696,0.0,0,28,32,adaptive
133,S2C,5,11.6337,0.0,0,28,32,adaptive
133,E2C,19,2.2324,481.0,15,28,32,adaptive
133,W2C,19,2.1576,478.0,15,28,32,adaptive
134,N2C,4,12.5695,0.0,0,28,32,adaptive
134,S2C,5,10.6421,0.0,0,28,32,adaptive
134,E2C,19,2.0721,496.0,15,28,32,adaptive
134,W2C,19,2.0461,493.0,15,28,32,adaptive
135,N2C,4,13.0581,0.0,0,28,32,adaptive
135,S2C,5,10.2036,0.0,0,28,32,adaptive
135,E2C,19,2.0357,512.0,16,28,32,adaptive
135,W2C,19,1.9568,508.0,15,28,32,adaptive
136,N2C,5,12.99,0.0,0,28,32,adaptive
136,S2C,6,10.0327,1.0,1,28,32,adaptive
136,E2C,20,2.6373,528.0,16,28,32,adaptive
136,W2C,20,2.5178,524.0,16,28,32,adaptive
137,N2C,5,12.3998,0.0,0,28,32,adaptive
137,S2C,6,9.2865,2.0,1,28,32,adaptive
137,E2C,20,2.3987,544.0,16,28,32,adaptive
137,W2C,20,2.515,540.0,16,28,32,adaptive
138,N2C,5,11.8914,0.0,0,28,32,adaptive
138,S2C,6,8.7578,3.0,1,28,32,adaptive
138,E2C,20,2.229,560.0,16,28,32,adaptive
138,W2C,20,2.51,556.0,16,28,32,adaptive
139,N2C,5,11.2709,0.0,0,28,32,adaptive
139,S2C,6,8.8692,4.0,1,28,32,adaptive
139,E2C,20,2.0999,576.0,16,28,32,adaptive
139,W2C,20,2.2842,572.0,16,28,32,adaptive
140,N2C,5,10.5029,0.0,0,28,32,adaptive
140,S2C,6,8.6613,6.0,2,28,32,adaptive
140,E2C,20,1.8415,592.0,16,28,32,adaptive
140,W2C,20,2.0555,588.0,16,28,32,adaptive
141,N2C,6,10.1568,1.0,1,28,32,adaptive
141,S2C,7,8.7346,8.0,2,28,32,adaptive
141,E2C,21,2.2332,608.0,16,28,32,adaptive
141,W2C,21,2.3361,605.0,17,28,32,adaptive
142,N2C,6,8.8611,2.0,1,28,32,adaptive
142,S2C,7,8.3666,10.0,2,28,32,adaptive
142,E2C,21,1.9953,625.0,17,28,32,adaptive
142,W2C,21,2.0952,622.0,17,28,32,adaptive
143,N2C,6,8.543,3.0,1,28,32,adaptive
143,S2C,7,7.4059,12.0,2,28,32,adaptive
143,E2C,21,1.8359,643.0,18,28,32,adaptive
143,W2C,21,1.8954,639.0,17,28,32,adaptive
144,N2C,6,7.9456,5.0,2,28,32,adaptive
144,S2C,7,6.9708,15.0,3,28,32,adaptive
144,E2C,21,1.8545,661.0,18,28,32,adaptive
144,W2C,21,1.7744,656.0,17,28,32,adaptive
145,N2C,7,8.063,7.0,2,28,32,adaptive
145,S2C,8,7.3278,18.0,3,28,32,adaptive
145,E2C,22,2.2803,679.0,18,28,32,adaptive
145,W2C,22,2.1289,673.0,17,28,32,adaptive
146,N2C,7,7.6368,9.0,2,28,32,adaptive
146,S2C,8,6.7494,21.0,3,28,32,adaptive
146,E2C,22,2.0596,697.0,18,28,32,adaptive
146,W2C,22,1.9168,691.0,18,28,32,adaptive
147,N2C,7,7.4212,12.0,3,28,32,adaptive
147,S2C,8,6.6573,25.0,4,28,32,adaptive
147,E2C,22,1.82,715.0,18,28,32,adaptive
147,W2C,22,1.6791,709.0,18,28,32,adaptive
148,N2C,7,7.2542,15.0,3,28,32,adaptive
148,S2C,8,6.4481,29.0,4,28,32,adaptive
148,E2C,22,1.8132,733.0,18,28,32,adaptive
148,W2C,22,1.5973,728.0,19,28,32,adaptive
149,N2C,7,6.7251,18.0,3,28,32,adaptive
149,S2C,8,5.8297,33.0,4,28,32,adaptive
149,E2C,22,1.5942,752.0,19,28,32,adaptive
149,W2C,22,1.401,747.0,19,28,32,adaptive
150,N2C,8,7.0912,21.0,3,28,32,adaptive
150,S2C,9,6.2046,37.0,4,28,32,adaptive
150,E2C,23,1.942,771.0,19,28,32,adaptive
150,W2C,23,1.8479,766.0,19,28,32,adaptive
151,N2C,8,6.6908,24.0,3,28,32,adaptive
151,S2C,9,5.7251,41.0,4,28,32,adaptive
151,E2C,23,1.6954,790.0,19,28,32,adaptive
151,W2C,23,1.6026,785.0,19,28,32,adaptive
152,N2C,8,6.5449,27.0,3,28,32,adaptive
152,S2C,9,5.5877,46.0,5,28,32,adaptive
152,E2C,23,1.7284,809.0,19,28,32,adaptive
152,W2C,23,1.6155,805.0,20,28,32,adaptive
153,N2C,8,6.3496,31.0,4,28,32,adaptive
153,S2C,9,5.3067,51.0,5,28,32,adaptive
153,E2C,23,1.5896,829.0,20,28,32,adaptive
153,W2C,23,1.6397,825.0,20,28,32,adaptive
154,N2C,9,6.7529,35.0,4,28,32,adaptive
154,S2C,10,5.7189,56.0,5,28,32,adaptive
154,E2C,24,1.9327,849.0,20,28,32,adaptive
154,W2C,24,2.0706,845.0,20,28,32,adaptive
155,N2C,9,5.9645,39.0,4,28,32,adaptive
155,S2C,10,5.1729,62.0,6,28,32,adaptive
155,E2C,24,1.7012,869.0,20,28,32,adaptive
155,W2C,24,2.0564,865.0,20,28,32,adaptive
156,N2C,9,5.8387,44.0,5,28,32,adaptive
156,S2C,10,5.4294,68.0,6,28,32,adaptive
156,E2C,24,1.6786,889.0,20,28,32,adaptive
156,W2C,24,1.8903,885.0,20,28,32,adaptive
157,N2C,9,5.6603,49.0,5,28,32,adaptive
157,S2C,10,4.8878,74.0,6,28,32,adaptive
157,E2C,24,1.5316,910.0,21,28,32,adaptive
157,W2C,24,1.6956,905.0,20,28,32,adaptive
158,N2C,9,5.2108,54.0,5,28,32,adaptive
158,S2C,10,4.4029,80.0,6,28,32,adaptive
158,E2C,24,1.3455,931.0,21,28,32,adaptive
158,W2C,24,1.3722,925.0,20,28,32,adaptive
159,N2C,10,5.6479,59.0,5,28,32,adaptive
159,S2C,11,4.7938,86.0,6,28,32,adaptive
159,E2C,25,1.662,952.0,21,28,32,adaptive
159,W2C,25,1.6914,945.0,20,28,32,adaptive
160,N2C,10,5.1937,65.0,6,28,32,adaptive
160,S2C,11,4.7715,92.0,6,28,32,adaptive
160,E2C,25,1.5427,973.0,21,28,32,adaptive
160,W2C,25,1.584,966.0,21,28,32,adaptive
161,N2C,10,4.6876,71.0,6,28,32,adaptive
161,S2C,11,4.4737,99.0,7,28,32,adaptive
161,E2C,23,1.682,823.0,20,28,32,adaptive
161,W2C,23,1.611,816.0,20,28,32,adaptive
162,N2C,10,4.3664,77.0,6,28,32,adaptive
162,S2C,11,3.9157,106.0,7,28,32,adaptive
162,E2C,23,1.6444,681.0,18,28,32,adaptive
162,W2C,23,1.6541,676.0,18,28,32,adaptive
163,N2C,11,4.5388,83.0,6,28,32,adaptive
163,S2C,12,4.4459,113.0,7,28,32,adaptive
163,E2C,24,2.1873,557.0,16,28,32,adaptive
163,W2C,24,2.3424,550.0,16,28,32,adaptive
164,N2C,11,4.4477,89.0,6,28,32,adaptive
164,S2C,12,4.4395,120.0,7,28,32,adaptive
164,E2C,22,2.0855,440.0,14,28,32,adaptive
164,W2C,22,2.1678,435.0,14,28,32,adaptive
165,N2C,11,4.4575,96.0,7,28,32,adaptive
165,S2C,12,4.3031,128.0,8,28,32,adaptive
165,E2C,22,2.3942,338.0,12,28,32,adaptive
165,W2C,22,2.5277,332.0,12,28,32,adaptive
166,N2C,11,4.2455,103.0,7,28,32,adaptive
166,S2C,12,3.9816,136.0,8,28,32,adaptive
166,E2C,20,2.2843,250.0,11,28,32,adaptive
166,W2C,20,2.5391,247.0,11,28,32,adaptive
167,N2C,11,3.9025,110.0,7,28,32,adaptive
167,S2C,12,3.5776,144.0,8,28,32,adaptive
167,E2C,20,2.6342,175.0,9,28,32,adaptive
167,W2C,20,2.8707,171.0,9,28,32,adaptive
168,N2C,12,4.4213,117.0,7,28,32,adaptive
168,S2C,13,4.163,152.0,8,28,32,adaptive
168,E2C,20,3.359,112.0,7,28,32,adaptive
168,W2C,21,3.8369,109.0,7,28,32,adaptive
169,N2C,12,3.9214,124.0,7,28,32,adaptive
169,S2C,13,3.8327,161.0,9,28,32,adaptive
169,E2C,19,3.8023,65.0,6,28,32,adaptive
169,W2C,19,3.8435,63.0,5,28,32,adaptive
170,N2C,12,3.4012,131.0,7,28,32,adaptive
170,S2C,13,3.5803,170.0,9,28,32,adaptive
170,E2C,18,4.1732,31.0,4,28,32,adaptive
170,W2C,18,4.1772,69.0,6,28,32,adaptive
171,N2C,12,3.1296,139.0,8,28,32,adaptive
171,S2C,13,3.3492,179.0,9,28,32,adaptive
171,E2C,17,4.6374,9.0,2,28,32,adaptive
171,W2C,17,4.6175,31.0,4,28,32,adaptive
172,N2C,13,3.8632,147.0,8,28,32,adaptive
172,S2C,14,3.788,189.0,10,28,32,adaptive
172,E2C,17,5.581,4.0,1,28,32,adaptive
172,W2C,16,5.2323,10.0,2,28,32,adaptive
173,N2C,13,3.7934,156.0,9,28,32,adaptive
173,S2C,14,3.7135,199.0,10,28,32,adaptive
173,E2C,16,6.2486,0.0,0,28,32,adaptive
173,W2C,16,6.071,1.0,1,28,32,adaptive
174,N2C,13,3.6332,165.0,9,28,32,adaptive
174,S2C,14,3.3743,209.0,10,28,32,adaptive
174,E2C,15,6.9923,0.0,0,28,32,adaptive
174,W2C,14,6.3007,0.0,0,28,32,adaptive
175,N2C,13,3.3626,174.0,9,28,32,adaptive
175,S2C,14,3.1118,219.0,10,28,32,adaptive
175,E2C,14,7.7197,0.0,0,28,32,adaptive
175,W2C,14,7.3758,0.0,0,28,32,adaptive
176,N2C,13,2.9654,183.0,9,28,32,adaptive
176,S2C,14,2.8939,229.0,10,28,32,adaptive
176,E2C,12,8.2792,0.0,0,28,32,adaptive
176,W2C,12,7.5946,0.0,0,28,32,adaptive
177,N2C,14,3.6103,192.0,9,28,32,adaptive
177,S2C,15,3.4181,240.0,11,28,32,adaptive
177,E2C,13,9.334,0.0,0,28,32,adaptive
177,W2C,13,9.2507,0.0,0,28,32,adaptive
178,N2C,14,3.5765,201.0,9,28,32,adaptive
178,S2C,15,3.2032,251.0,11,28,32,adaptive
178,E2C,11,9.9812,0.0,0,28,32,adaptive
178,W2C,11,9.7847,0.0,0,28,32,adaptive
179,N2C,14,3.5013,210.0,9,28,32,adaptive
179,S2C,15,2.8824,262.0,11,28,32,adaptive
179,E2C,10,10.679,0.0,0,28,32,adaptive
179,W2C,11,10.5738,0.0,0,28,32,adaptive
180,N2C,14,3.5806,220.0,10,28,32,adaptive
180,S2C,15,2.5923,273.0,11,28,32,adaptive
180,E2C,9,11.1972,0.0,0,28,32,adaptive
180,W2C,9,11.0515,0.0,0,28,32,adaptive
181,N2C,15,4.0628,230.0,10,28,32,adaptive
181,S2C,16,3.2705,285.0,12,28,32,adaptive
181,E2C,9,11.9263,0.0,0,28,32,adaptive
181,W2C,10,12.0047,0.0,0,28,32,adaptive
182,N2C,15,4.0623,240.0,10,28,32,adaptive
182,S2C,16,3.0681,297.0,12,28,32,adaptive
182,E2C,8,12.2357,0.0,0,28,32,adaptive
182,W2C,8,12.5757,0.0,0,28,32,adaptive
183,N2C,15,3.7926,250.0,10,28,32,adaptive
183,S2C,16,2.8832,309.0,12,28,32,adaptive
183,E2C,7,12.2689,0.0,0,28,32,adaptive
183,W2C,7,12.5057,0.0,0,28,32,adaptive
184,N2C,15,3.2459,260.0,10,28,32,adaptive
184,S2C,16,2.6674,321.0,12,28,32,adaptive
184,E2C,6,12.0737,0.0,0,28,32,adaptive
184,W2C,6,12.7628,0.0,0,28,32,adaptive
185,N2C,15,2.7826,270.0,10,28,32,adaptive
185,S2C,16,2.4332,333.0,12,28,32,adaptive
185,E2C,4,12.9546,0.0,0,28,32,adaptive
185,W2C,5,12.1233,0.0,0,28,32,adaptive
186,N2C,16,3.0377,281.0,11,28,32,adaptive
186,S2C,17,2.9882,346.0,13,28,32,adaptive
186,E2C,5,13.3153,0.0,0,28,32,adaptive
186,W2C,5,12.955,0.0,0,28,32,adaptive
187,N2C,16,2.7224,293.0,12,28,32,adaptive
187,S2C,17,2.9227,359.0,13,28,32,adaptive
187,E2C,4,13.087,0.0,0,28,32,adaptive
187,W2C,4,13.4468,0.0,0,28,32,adaptive
188,N2C,16,2.6027,305.0,12,28,32,adaptive
188,S2C,17,2.6571,372.0,13,28,32,adaptive
188,E2C,4,13.1954,0.0,0,28,32,adaptive
188,W2C,4,12.9615,0.0,0,28,32,adaptive
189,N2C,16,2.3535,317.0,12,28,32,adaptive
189,S2C,17,2.4142,385.0,13,28,32,adaptive
189,E2C,4,12.7278,0.0,0,28,32,adaptive
189,W2C,4,13.4296,0.0,0,28,32,adaptive
190,N2C,17,3.0503,330.0,13,28,32,adaptive
190,S2C,18,2.8672,398.0,13,28,32,adaptive
190,E2C,4,12.7835,0.0,0,28,32,adaptive
190,W2C,4,13.3649,0.0,0,28,32,adaptive
191,N2C,17,2.8405,343.0,13,28,32,adaptive
191,S2C,18,2.6138,411.0,13,28,32,adaptive
191,E2C,4,13.3271,0.0,0,28,32,adaptive
191,W2C,4,12.5569,0.0,0,28,32,adaptive
192,N2C,17,2.5942,356.0,13,28,32,adaptive
192,S2C,18,2.2579,424.0,13,28,32,adaptive
192,E2C,4,13.117,0.0,0,28,32,adaptive
192,W2C,4,12.7224,0.0,0,28,32,adaptive
193,N2C,17,2.3262,369.0,13,28,32,adaptive
193,S2C,18,2.1518,438.0,14,28,32,adaptive
193,E2C,4,12.9549,0.0,0,28,32,adaptive
193,W2C,4,12.961,0.0,0,28,32,adaptive
194,N2C,15,2.4717,278.0,12,28,32,adaptive
194,S2C,16,2.3215,338.0,12,28,32,adaptive
194,E2C,4,12.6563,0.0,0,28,32,adaptive
194,W2C,4,12.2376,0.0,0,28,32,adaptive
195,N2C,16,3.3895,198.0,10,28,32,adaptive
195,S2C,17,2.8559,250.0,11,28,32,adaptive
195,E2C,5,13.0386,0.0,0,28,32,adaptive
195,W2C,5,11.5838,0.0,0,28,32,adaptive
196,N2C,16,3.7335,130.0,8,28,32,adaptive
196,S2C,17,2.9654,174.0,9,28,32,adaptive
196,E2C,5,12.5537,0.0,0,28,32,adaptive
196,W2C,5,10.5545,0.0,0,28,32,adaptive
197,N2C,14,3.8983,78.0,6,28,32,adaptive
197,S2C,15,3.0121,113.0,7,28,32,adaptive
197,E2C,5,11.3326,0.0,0,28,32,adaptive
197,W2C,5,10.2748,0.0,0,28,32,adaptive
198,N2C,14,4.206,39.0,4,33,27,adaptive
198,S2C,15,3.5987,63.0,5,33,27,adaptive
198,E2C,5,10.7483,0.0,0,33,27,adaptive
198,W2C,5,9.7665,0.0,0,33,27,adaptive
199,N2C,13,5.0991,16.0,2,33,27,adaptive
199,S2C,15,4.6044,26.0,3,33,27,adaptive
199,E2C,6,10.015,0.0,0,33,27,adaptive
199,W2C,6,9.5631,0.0,0,33,27,adaptive
200,N2C,13,5.3619,0.0,0,33,27,adaptive
200,S2C,14,5.1553,7.0,2,33,27,adaptive
200,E2C,6,9.3904,0.0,0,33,27,adaptive
200,W2C,6,8.7644,1.0,1,33,27,adaptive
201,N2C,12,6.1643,0.0,0,33,27,adaptive
201,S2C,14,5.763,2.0,1,33,27,adaptive
201,E2C,6,8.6957,1.0,1,33,27,adaptive
201,W2C,6,8.5037,3.0,2,33,27,adaptive
202,N2C,11,6.8916,0.0,0,33,27,adaptive
202,S2C,12,5.9688,0.0,0,33,27,adaptive
202,E2C,6,8.709,2.0,1,33,27,adaptive
202,W2C,6,8.0616,5.0,2,33,27,adaptive
203,N2C,10,7.9099,0.0,0,33,27,adaptive
203,S2C,12,7.0402,0.0,0,33,27,adaptive
203,E2C,6,8.1259,4.0,2,33,27,adaptive
203,W2C,6,7.7586,7.0,2,33,27,adaptive
204,N2C,10,9.088,0.0,0,33,27,adaptive
204,S2C,11,8.3125,0.0,0,33,27,adaptive
204,E2C,7,8.2611,6.0,2,33,27,adaptive
204,W2C,7,7.8497,9.0,2,33,27,adaptive
205,N2C,8,9.4813,0.0,0,33,27,adaptive
205,S2C,11,9.1549,0.0,0,33,27,adaptive
205,E2C,7,7.7878,8.0,2,33,27,adaptive
205,W2C,7,7.4186,11.0,2,33,27,adaptive
206,N2C,8,10.2628,0.0,0,33,27,adaptive
206,S2C,9,9.6929,0.0,0,33,27,adaptive
206,E2C,7,7.456,10.0,2,33,27,adaptive
206,W2C,7,7.0798,13.0,2,33,27,adaptive
207,N2C,6,10.8297,0.0,0,33,27,adaptive
207,S2C,7,10.6689,0.0,0,33,27,adaptive
207,E2C,7,6.8491,12.0,2,33,27,adaptive
207,W2C,7,7.2639,16.0,3,33,27,adaptive
208,N2C,7,11.5847,0.0,0,33,27,adaptive
208,S2C,8,11.8742,0.0,0,33,27,adaptive
208,E2C,8,7.2204,15.0,3,33,27,adaptive
208,W2C,8,7.6569,19.0,3,33,27,adaptive
209,N2C,5,12.3025,0.0,0,33,27,adaptive
209,S2C,6,12.317,0.0,0,33,27,adaptive
209,E2C,8,6.6433,18.0,3,33,27,adaptive
209,W2C,8,7.3413,22.0,3,33,27,adaptive
210,N2C,5,12.8939,0.0,0,33,27,adaptive
210,S2C,6,12.8268,0.0,0,33,27,adaptive
210,E2C,8,6.5117,21.0,3,33,27,adaptive
210,W2C,8,6.8542,25.0,3,33,27,adaptive
211,N2C,4,12.772,0.0,0,33,27,adaptive
211,S2C,4,13.0202,0.0,0,33,27,adaptive
211,E2C,8,6.5667,25.0,4,33,27,adaptive
211,W2C,8,6.483,28.0,3,33,27,adaptive
212,N2C,4,12.3934,0.0,0,33,27,adaptive
212,S2C,4,12.7736,0.0,0,33,27,adaptive
212,E2C,8,6.3877,29.0,4,33,27,adaptive
212,W2C,8,6.1936,31.0,3,33,27,adaptive
213,N2C,5,12.9237,0.0,0,33,27,adaptive
213,S2C,4,13.0582,0.0,0,33,27,adaptive
213,E2C,9,6.6122,33.0,4,33,27,adaptive
213,W2C,9,6.4254,35.0,4,33,27,adaptive
214,N2C,5,12.3238,0.0,0,33,27,adaptive
214,S2C,4,13.0337,0.0,0,33,27,adaptive
214,E2C,9,5.9041,37.0,4,33,27,adaptive
214,W2C,9,6.1387,39.0,4,33,27,adaptive
215,N2C,4,12.8752,0.0,0,33,27,adaptive
215,S2C,4,12.7551,0.0,0,33,27,adaptive
215,E2C,9,5.584,41.0,4,33,27,adaptive
215,W2C,9,5.4106,43.0,4,33,27,adaptive
216,N2C,4,12.7459,0.0,0,33,27,adaptive
216,S2C,4,12.685,0.0,0,33,27,adaptive
216,E2C,9,5.0553,46.0,5,33,27,adaptive
216,W2C,9,5.0342,47.0,4,33,27,adaptive
217,N2C,4,13.2077,0.0,0,33,27,adaptive
217,S2C,4,12.897,0.0,0,33,27,adaptive
217,E2C,10,5.5132,51.0,5,33,27,adaptive
217,W2C,10,5.3048,52.0,5,33,27,adaptive
218,N2C,4,13.1515,0.0,0,33,27,adaptive
218,S2C,4,13.0267,0.0,0,33,27,adaptive
218,E2C,10,5.1106,56.0,5,33,27,adaptive
218,W2C,10,4.8813,57.0,5,33,27,adaptive
219,N2C,4,12.8715,0.0,0,33,27,adaptive
219,S2C,4,12.6044,0.0,0,33,27,adaptive
219,E2C,10,4.9557,62.0,6,33,27,adaptive
219,W2C,10,4.8587,62.0,5,33,27,adaptive
220,N2C,4,12.8736,0.0,0,33,27,adaptive
220,S2C,4,12.8468,0.0,0,33,27,adaptive
220,E2C,10,4.74,68.0,6,33,27,adaptive
220,W2C,10,4.4199,68.0,6,33,27,adaptive
221,N2C,4,13.3281,0.0,0,33,27,adaptive
221,S2C,4,12.8899,0.0,0,33,27,adaptive
221,E2C,10,4.1945,74.0,6,33,27,adaptive
221,W2C,10,3.893,74.0,6,33,27,adaptive
222,N2C,4,13.1566,0.0,0,33,27,adaptive
222,S2C,4,12.7234,0.0,0,33,27,adaptive
222,E2C,11,4.7123,80.0,6,33,27,adaptive
222,W2C,11,4.2586,80.0,6,33,27,adaptive
223,N2C,4,13.0392,0.0,0,33,27,adaptive
223,S2C,4,12.37,0.0,0,33,27,adaptive
223,E2C,11,4.4593,87.0,7,33,27,adaptive
223,W2C,11,4.1458,86.0,6,33,27,adaptive
224,N2C,4,13.2735,0.0,0,33,27,adaptive
224,S2C,4,12.1395,0.0,0,33,27,adaptive
224,E2C,11,4.0968,94.0,7,33,27,adaptive
224,W2C,11,4.153,92.0,6,33,27,adaptive
225,N2C,4,12.9643,0.0,0,33,27,adaptive
225,S2C,4,12.0039,0.0,0,33,27,adaptive
225,E2C,11,3.8382,101.0,7,33,27,adaptive
225,W2C,11,4.2508,98.0,6,33,27,adaptive
226,N2C,5,12.9893,0.0,0,33,27,adaptive
226,S2C,5,12.1872,0.0,0,33,27,adaptive
226,E2C,12,4.4561,108.0,7,33,27,adaptive
226,W2C,12,4.7435,105.0,7,33,27,adaptive
227,N2C,5,12.705,0.0,0,33,27,adaptive
227,S2C,5,12.0401,0.0,0,33,27,adaptive
227,E2C,12,4.4022,115.0,7,33,27,adaptive
227,W2C,12,4.5168,112.0,7,33,27,adaptive
228,N2C,4,13.1219,0.0,0,33,27,adaptive
228,S2C,4,12.1156,0.0,0,33,27,adaptive
228,E2C,12,4.2997,122.0,7,33,27,adaptive
228,W2C,12,4.1313,119.0,7,33,27,adaptive
229,N2C,4,13.0582,0.0,0,33,27,adaptive
229,S2C,4,12.3589,0.0,0,33,27,adaptive
229,E2C,12,4.2918,130.0,8,33,27,adaptive
229,W2C,12,3.8657,126.0,7,33,27,adaptive
230,N2C,4,12.8588,0.0,0,33,27,adaptive
230,S2C,4,12.279,0.0,0,33,27,adaptive
230,E2C,12,4.1754,138.0,8,33,27,adaptive
230,W2C,12,3.501,134.0,8,33,27,adaptive
231,N2C,5,12.9595,0.0,0,33,27,adaptive
231,S2C,5,12.7709,0.0,0,33,27,adaptive
231,E2C,13,4.6214,146.0,8,33,27,adaptive
231,W2C,13,3.923,142.0,8,33,27,adaptive
232,N2C,4,13.1968,0.0,0,33,27,adaptive
232,S2C,4,12.4802,0.0,0,33,27,adaptive
232,E2C,13,3.8032,154.0,8,33,27,adaptive
232,W2C,13,3.7661,150.0,8,33,27,adaptive
233,N2C,4,12.683,0.0,0,33,27,adaptive
233,S2C,4,12.1042,0.0,0,33,27,adaptive
233,E2C,13,3.7748,162.0,8,33,27,adaptive
233,W2C,13,3.7307,158.0,8,33,27,adaptive
234,N2C,4,12.6302,0.0,0,33,27,adaptive
234,S2C,4,11.8965,0.0,0,33,27,adaptive
234,E2C,13,3.3703,171.0,9,33,27,adaptive
234,W2C,13,3.74,167.0,9,33,27,adaptive
235,N2C,5,11.8779,0.0,0,33,27,adaptive
235,S2C,5,11.5962,0.0,0,33,27,adaptive
235,E2C,12,4.579,112.0,7,33,27,adaptive
235,W2C,12,4.9276,105.0,7,33,27,adaptive
236,N2C,5,10.7269,0.0,0,33,27,adaptive
236,S2C,5,10.6212,0.0,0,33,27,adaptive
236,E2C,12,4.4944,64.0,5,33,27,adaptive
236,W2C,12,4.8971,58.0,5,33,27,adaptive
237,N2C,5,10.1632,0.0,0,33,27,adaptive
237,S2C,5,9.9513,0.0,0,33,27,adaptive
237,E2C,12,4.6701,29.0,4,33,27,adaptive
237,W2C,12,5.0689,24.0,3,33,27,adaptive
238,N2C,5,10.6093,0.0,0,33,27,adaptive
238,S2C,5,9.9032,1.0,1,33,27,adaptive
238,E2C,10,4.8195,7.0,2,33,27,adaptive
238,W2C,10,5.6012,5.0,1,33,27,adaptive
239,N2C,5,9.9194,1.0,1,33,27,adaptive
239,S2C,5,10.1518,2.0,1,33,27,adaptive
239,E2C,10,5.2368,0.0,0,33,27,adaptive
239,W2C,10,6.7184,0.0,0,33,27,adaptive
240,N2C,6,9.7889,2.0,1,33,27,adaptive
240,S2C,6,10.6485,3.0,1,33,27,adaptive
240,E2C,11,6.3782,0.0,0,33,27,adaptive
240,W2C,10,7.9961,0.0,0,33,27,adaptive
241,N2C,6,9.1722,3.0,1,33,27,adaptive
241,S2C,6,10.4927,4.0,1,33,27,adaptive
241,E2C,9,7.0456,0.0,0,33,27,adaptive
241,W2C,9,8.0035,0.0,0,33,27,adaptive
242,N2C,6,8.755,4.0,1,33,27,adaptive
242,S2C,6,10.1227,5.0,1,33,27,adaptive
242,E2C,9,7.7717,0.0,0,33,27,adaptive
242,W2C,9,8.419,0.0,0,33,27,adaptive
243,N2C,6,8.5853,6.0,2,33,27,adaptive
243,S2C,6,9.4155,6.0,1,33,27,adaptive
243,E2C,7,8.6938,0.0,0,33,27,adaptive
243,W2C,7,8.8612,0.0,0,33,27,adaptive
244,N2C,7,8.7034,8.0,2,33,27,adaptive
244,S2C,7,9.3542,7.0,1,33,27,adaptive
244,E2C,8,9.9041,0.0,0,33,27,adaptive
244,W2C,8,10.0827,0.0,0,33,27,adaptive
245,N2C,7,7.9087,10.0,2,33,27,adaptive
245,S2C,7,9.0395,8.0,1,33,27,adaptive
245,E2C,6,10.9539,0.0,0,33,27,adaptive
245,W2C,6,11.1654,0.0,0,33,27,adaptive
246,N2C,7,7.7257,12.0,2,33,27,adaptive
246,S2C,7,8.4869,10.0,2,33,27,adaptive
246,E2C,6,11.6449,0.0,0,33,27,adaptive
246,W2C,6,11.9613,0.0,0,33,27,adaptive
247,N2C,7,7.4128,15.0,3,33,27,adaptive
247,S2C,7,7.7139,12.0,2,33,27,adaptive
247,E2C,4,12.6412,0.0,0,33,27,adaptive
247,W2C,4,12.7651,0.0,0,33,27,adaptive
248,N2C,7,6.9867,18.0,3,33,27,adaptive
248,S2C,7,6.9459,14.0,2,33,27,adaptive
248,E2C,4,12.8833,0.0,0,33,27,adaptive
248,W2C,4,12.5174,0.0,0,33,27,adaptive
249,N2C,8,7.3068,21.0,3,33,27,adaptive
249,S2C,8,7.4274,17.0,3,33,27,adaptive
249,E2C,4,11.9911,0.0,0,33,27,adaptive
249,W2C,5,12.7603,0.0,0,33,27,adaptive
250,N2C,8,6.6919,24.0,3,33,27,adaptive
250,S2C,8,6.6383,20.0,3,33,27,adaptive
250,E2C,4,12.1058,0.0,0,33,27,adaptive
250,W2C,4,12.7897,0.0,0,33,27,adaptive
251,N2C,8,6.4271,27.0,3,33,27,adaptive
251,S2C,8,6.4939,23.0,3,33,27,adaptive
251,E2C,4,12.0548,0.0,0,33,27,adaptive
251,W2C,4,12.7899,0.0,0,33,27,adaptive
252,N2C,8,6.0575,30.0,3,33,27,adaptive
252,S2C,8,5.9169,27.0,4,33,27,adaptive
252,E2C,4,11.9663,0.0,0,33,27,adaptive
252,W2C,4,13.1392,0.0,0,33,27,adaptive
253,N2C,9,6.4767,34.0,4,33,27,adaptive
253,S2C,9,6.5076,31.0,4,33,27,adaptive
253,E2C,4,11.9932,0.0,0,33,27,adaptive
253,W2C,4,13.0207,0.0,0,33,27,adaptive
254,N2C,9,5.8259,38.0,4,33,27,adaptive
254,S2C,9,5.9309,35.0,4,33,27,adaptive
254,E2C,4,12.3925,0.0,0,33,27,adaptive
254,W2C,4,13.2648,0.0,0,33,27,adaptive
255,N2C,9,5.9318,43.0,5,33,27,adaptive
255,S2C,9,5.7742,39.0,4,33,27,adaptive
255,E2C,4,11.8799,0.0,0,33,27,adaptive
255,W2C,4,12.505,0.0,0,33,27,adaptive
256,N2C,9,5.5063,48.0,5,33,27,adaptive
256,S2C,9,5.3734,44.0,5,33,27,adaptive
256,E2C,4,12.3918,0.0,0,33,27,adaptive
256,W2C,4,13.1566,0.0,0,33,27,adaptive
257,N2C,9,5.1803,53.0,5,33,27,adaptive
257,S2C,9,5.1342,49.0,5,33,27,adaptive
257,E2C,4,11.875,0.0,0,33,27,adaptive
257,W2C,4,12.9551,0.0,0,33,27,adaptive
258,N2C,10,5.5847,58.0,5,33,27,adaptive
258,S2C,10,5.5738,54.0,5,33,27,adaptive
258,E2C,5,12.5224,0.0,0,33,27,adaptive
258,W2C,4,13.2463,0.0,0,33,27,adaptive
259,N2C,10,5.2502,63.0,5,33,27,adaptive
259,S2C,10,5.341,59.0,5,33,27,adaptive
259,E2C,5,12.5061,0.0,0,33,27,adaptive
259,W2C,4,13.1868,0.0,0,33,27,adaptive
260,N2C,10,5.1827,68.0,5,33,27,adaptive
260,S2C,10,4.9436,64.0,5,33,27,adaptive
260,E2C,5,12.3145,0.0,0,33,27,adaptive
260,W2C,4,13.0947,0.0,0,33,27,adaptive
261,N2C,10,4.7131,74.0,6,33,27,adaptive
261,S2C,10,4.4053,70.0,6,33,27,adaptive
261,E2C,5,12.3402,0.0,0,33,27,adaptive
261,W2C,4,12.776,0.0,0,33,27,adaptive
262,N2C,11,5.167,80.0,6,33,27,adaptive
262,S2C,11,4.9291,76.0,6,33,27,adaptive
262,E2C,4,12.482,0.0,0,33,27,adaptive
262,W2C,5,12.8113,0.0,0,33,27,adaptive
263,N2C,11,4.8787,86.0,6,33,27,adaptive
263,S2C,11,4.696,83.0,7,33,27,adaptive
263,E2C,4,12.4886,0.0,0,33,27,adaptive
263,W2C,5,12.7277,0.0,0,33,27,adaptive
264,N2C,11,4.6965,92.0,6,36,24,adaptive
264,S2C,11,4.6948,90.0,7,36,24,adaptive
264,E2C,4,12.4364,0.0,0,36,24,adaptive
264,W2C,4,13.206,0.0,0,36,24,adaptive
265,N2C,11,4.3361,99.0,7,36,24,adaptive
265,S2C,11,4.3372,97.0,7,36,24,adaptive
265,E2C,4,12.2826,0.0,0,36,24,adaptive
265,W2C,4,13.1669,0.0,0,36,24,adaptive
266,N2C,11,3.917,106.0,7,36,24,adaptive
266,S2C,11,3.9058,104.0,7,36,24,adaptive
266,E2C,4,12.3656,0.0,0,36,24,adaptive
266,W2C,4,13.2648,0.0,0,36,24,adaptive
267,N2C,12,4.5307,113.0,7,36,24,adaptive
267,S2C,12,4.3154,111.0,7,36,24,adaptive
267,E2C,4,12.4143,0.0,0,36,24,adaptive
267,W2C,4,13.264,0.0,0,36,24,adaptive
268,N2C,12,4.1359,121.0,8,36,24,adaptive
268,S2C,12,4.1765,118.0,7,36,24,adaptive
268,E2C,5,12.5852,0.0,0,36,24,adaptive
268,W2C,4,13.077,0.0,0,36,24,adaptive
269,N2C,12,3.8675,129.0,8,36,24,adaptive
269,S2C,12,3.835,126.0,8,36,24,adaptive
269,E2C,5,12.5633,0.0,0,36,24,adaptive
269,W2C,4,13.2569,0.0,0,36,24,adaptive
270,N2C,12,3.5733,137.0,8,36,24,adaptive
270,S2C,12,3.5236,134.0,8,36,24,adaptive
270,E2C,5,12.3646,0.0,0,36,24,adaptive
270,W2C,4,13.0422,0.0,0,36,24,adaptive
271,N2C,13,3.9675,146.0,9,36,24,adaptive
271,S2C,13,4.1137,142.0,8,36,24,adaptive
271,E2C,4,13.2929,0.0,0,36,24,adaptive
271,W2C,4,13.0962,0.0,0,36,24,adaptive
272,N2C,13,4.0137,155.0,9,36,24,adaptive
272,S2C,13,3.9903,150.0,8,36,24,adaptive
272,E2C,4,13.0475,0.0,0,36,24,adaptive
272,W2C,4,13.179,0.0,0,36,24,adaptive
273,N2C,13,3.6945,164.0,9,36,24,adaptive
273,S2C,13,3.7861,158.0,8,36,24,adaptive
273,E2C,4,12.9676,0.0,0,36,24,adaptive
273,W2C,4,13.2025,0.0,0,36,24,adaptive
274,N2C,13,3.5419,173.0,9,36,24,adaptive
274,S2C,13,3.4754,166.0,8,36,24,adaptive
274,E2C,4,13.1128,0.0,0,36,24,adaptive
274,W2C,4,12.9195,0.0,0,36,24,adaptive
275,N2C,13,3.1489,182.0,9,36,24,adaptive
275,S2C,13,3.2443,175.0,9,36,24,adaptive
275,E2C,4,12.9935,0.0,0,36,24,adaptive
275,W2C,4,13.4385,0.0,0,36,24,adaptive
276,N2C,14,3.8037,191.0,9,36,24,adaptive
276,S2C,14,3.6929,184.0,9,36,24,adaptive
276,E2C,4,12.667,0.0,0,36,24,adaptive
276,W2C,4,13.3061,0.0,0,36,24,adaptive
277,N2C,14,3.5234,201.0,10,36,24,adaptive
277,S2C,14,3.3945,194.0,10,36,24,adaptive
277,E2C,4,12.7107,0.0,0,36,24,adaptive
277,W2C,4,12.8747,0.0,0,36,24,adaptive
278,N2C,14,3.2563,211.0,10,36,24,adaptive
278,S2C,14,3.1009,204.0,10,36,24,adaptive
278,E2C,4,12.697,0.0,0,36,24,adaptive
278,W2C,4,13.0487,0.0,0,36,24,adaptive
279,N2C,14,2.9754,221.0,10,36,24,adaptive
279,S2C,14,2.752,214.0,10,36,24,adaptive
279,E2C,4,12.7346,0.0,0,36,24,adaptive
279,W2C,4,12.8855,0.0,0,36,24,adaptive
280,N2C,15,3.6028,232.0,11,36,24,adaptive
280,S2C,15,3.4612,225.0,11,36,24,adaptive
280,E2C,5,12.9056,0.0,0,36,24,adaptive
280,W2C,5,12.7991,0.0,0,36,24,adaptive
281,N2C,15,3.374,243.0,11,36,24,adaptive
281,S2C,15,3.3178,236.0,11,36,24,adaptive
281,E2C,5,12.6852,0.0,0,36,24,adaptive
281,W2C,4,12.4883,0.0,0,36,24,adaptive
282,N2C,15,3.1774,254.0,11,36,24,adaptive
282,S2C,15,3.3843,247.0,11,36,24,adaptive
282,E2C,4,12.8598,0.0,0,36,24,adaptive
282,W2C,4,12.6999,0.0,0,36,24,adaptive
283,N2C,15,2.8237,265.0,11,36,24,adaptive
283,S2C,15,3.358,258.0,11,36,24,adaptive
283,E2C,4,12.5063,0.0,0,36,24,adaptive
283,W2C,4,12.9904,0.0,0,36,24,adaptive
284,N2C,15,2.8114,276.0,11,36,24,adaptive
284,S2C,15,2.9811,269.0,11,36,24,adaptive
284,E2C,4,12.6495,0.0,0,36,24,adaptive
284,W2C,4,12.621,0.0,0,36,24,adaptive
285,N2C,16,3.2888,288.0,12,36,24,adaptive
285,S2C,16,3.4756,280.0,11,36,24,adaptive
285,E2C,5,12.876,0.0,0,36,24,adaptive
285,W2C,4,11.9869,0.0,0,36,24,adaptive
286,N2C,16,3.051,300.0,12,36,24,adaptive
286,S2C,16,3.1072,291.0,11,36,24,adaptive
286,E2C,4,12.6127,0.0,0,36,24,adaptive
286,W2C,4,11.874,0.0,0,36,24,adaptive
287,N2C,16,2.7943,312.0,12,36,24,adaptive
287,S2C,16,2.6572,303.0,12,36,24,adaptive
287,E2C,4,12.4454,0.0,0,36,24,adaptive
287,W2C,4,11.7222,0.0,0,36,24,adaptive
288,N2C,16,2.54,324.0,12,36,24,adaptive
288,S2C,16,2.4902,316.0,13,36,24,adaptive
288,E2C,4,12.3064,0.0,0,36,24,adaptive
288,W2C,4,11.4988,0.0,0,36,24,adaptive
289,N2C,17,3.1228,337.0,13,36,24,adaptive
289,S2C,17,3.151,329.0,13,36,24,adaptive
289,E2C,5,12.7967,0.0,0,36,24,adaptive
289,W2C,4,11.7512,0.0,0,36,24,adaptive
290,N2C,17,2.9208,350.0,13,36,24,adaptive
290,S2C,17,2.9736,342.0,13,36,24,adaptive
290,E2C,4,12.5787,0.0,0,36,24,adaptive
290,W2C,4,11.1505,0.0,0,36,24,adaptive
291,N2C,17,2.6644,363.0,13,36,24,adaptive
291,S2C,17,2.7195,355.0,13,36,24,adaptive
291,E2C,4,12.6226,0.0,0,36,24,adaptive
291,W2C,4,11.6567,0.0,0,36,24,adaptive
292,N2C,17,2.4458,376.0,13,36,24,adaptive
292,S2C,17,2.5074,368.0,13,36,24,adaptive
292,E2C,4,12.5141,0.0,0,36,24,adaptive
292,W2C,4,11.8419,0.0,0,36,24,adaptive
293,N2C,17,2.2585,390.0,14,36,24,adaptive
293,S2C,17,2.2927,381.0,13,36,24,adaptive
293,E2C,4,12.4466,0.0,0,36,24,adaptive
293,W2C,4,11.754,0.0,0,36,24,adaptive
294,N2C,18,2.5438,404.0,14,36,24,adaptive
294,S2C,18,2.7511,395.0,14,36,24,adaptive
294,E2C,5,12.8391,0.0,0,36,24,adaptive
294,W2C,4,11.2593,0.0,0,36,24,adaptive
295,N2C,18,2.1899,418.0,14,36,24,adaptive
295,S2C,18,2.43,409.0,14,36,24,adaptive
295,E2C,4,12.7706,0.0,0,36,24,adaptive
295,W2C,4,11.1384,0.0,0,36,24,adaptive
296,N2C,18,1.984,432.0,14,36,24,adaptive
296,S2C,18,2.2492,423.0,14,36,24,adaptive
296,E2C,4,12.8801,0.0,0,36,24,adaptive
296,W2C,4,10.8284,0.0,0,36,24,adaptive
297,N2C,18,2.0173,446.0,14,36,24,adaptive
297,S2C,18,2.1973,437.0,14,36,24,adaptive
297,E2C,4,12.6582,0.0,0,36,24,adaptive
297,W2C,4,10.9644,0.0,0,36,24,adaptive
298,N2C,19,2.6894,461.0,15,36,24,adaptive
298,S2C,19,2.7412,452.0,15,36,24,adaptive
298,E2C,5,12.9065,0.0,0,36,24,adaptive
298,W2C,5,11.3468,0.0,0,36,24,adaptive
299,N2C,19,2.3777,476.0,15,36,24,adaptive
299,S2C,19,2.4785,467.0,15,36,24,adaptive
299,E2C,5,12.731,0.0,0,36,24,adaptive
299,W2C,5,11.2102,0.0,0,36,24,adaptive
300,N2C,19,2.1347,491.0,15,36,24,adaptive
300,S2C,19,2.3579,482.0,15,36,24,adaptive
300,E2C,4,12.6971,0.0,0,36,24,adaptive
300,W2C,5,11.204,0.0,0,36,24,adaptive
301,N2C,19,1.9596,506.0,15,36,24,adaptive
301,S2C,19,2.0725,497.0,15,36,24,adaptive
301,E2C,4,12.9692,0.0,0,36,24,adaptive
301,W2C,4,11.3709,0.0,0,36,24,adaptive
302,N2C,19,1.8247,521.0,15,36,24,adaptive
302,S2C,19,1.9998,512.0,15,36,24,adaptive
302,E2C,4,12.466,0.0,0,36,24,adaptive
302,W2C,4,11.0916,0.0,0,36,24,adaptive
303,N2C,20,2.1293,537.0,16,36,24,adaptive
303,S2C,20,2.3338,528.0,16,36,24,adaptive
303,E2C,5,12.7542,0.0,0,36,24,adaptive
303,W2C,5,11.4645,0.0,0,36,24,adaptive
304,N2C,18,2.1037,425.0,14,36,24,adaptive
304,S2C,18,2.233,418.0,14,36,24,adaptive
304,E2C,5,12.5074,0.0,0,36,24,adaptive
304,W2C,5,11.3391,0.0,0,36,24,adaptive
305,N2C,18,2.1618,328.0,13,36,24,adaptive
305,S2C,18,2.3633,321.0,12,36,24,adaptive
305,E2C,5,12.032,0.0,0,36,24,adaptive
305,W2C,5,11.1621,0.0,0,36,24,adaptive
306,N2C,18,2.4236,243.0,11,36,24,adaptive
306,S2C,18,2.6085,237.0,11,36,24,adaptive
306,E2C,5,10.8946,0.0,0,36,24,adaptive
306,W2C,5,11.3059,0.0,0,36,24,adaptive
307,N2C,17,3.3825,171.0,9,36,24,adaptive
307,S2C,17,3.3548,164.0,9,36,24,adaptive
307,E2C,6,9.7868,0.0,0,36,24,adaptive
307,W2C,6,11.3958,0.0,0,36,24,adaptive
308,N2C,17,3.7179,110.0,7,36,24,adaptive
308,S2C,17,3.4364,107.0,7,36,24,adaptive
308,E2C,6,9.0272,1.0,1,36,24,adaptive
308,W2C,6,11.27,0.0,0,36,24,adaptive
309,N2C,17,4.2535,62.0,5,36,24,adaptive
309,S2C,16,3.7967,61.0,5,36,24,adaptive
309,E2C,6,8.6109,2.0,1,36,24,adaptive
309,W2C,6,11.5026,0.0,0,36,24,adaptive
310,N2C,15,4.774,27.0,3,36,24,adaptive
310,S2C,15,3.8677,27.0,4,36,24,adaptive
310,E2C,6,8.426,3.0,1,36,24,adaptive
310,W2C,6,11.2359,0.0,0,36,24,adaptive
311,N2C,15,5.4583,7.0,1,36,24,adaptive
311,S2C,15,4.5724,8.0,2,36,24,adaptive
311,E2C,6,7.6933,5.0,2,36,24,adaptive
311,W2C,6,9.2435,0.0,0,36,24,adaptive
312,N2C,14,5.6542,0.0,0,36,24,adaptive
312,S2C,14,5.457,7.0,1,36,24,adaptive
312,E2C,7,7.9313,7.0,2,36,24,adaptive
312,W2C,7,8.6117,0.0,0,36,24,adaptive
313,N2C,14,5.9361,0.0,0,36,24,adaptive
313,S2C,13,5.8625,0.0,0,36,24,adaptive
313,E2C,7,7.5095,9.0,2,36,24,adaptive
313,W2C,7,7.763,0.0,0,36,24,adaptive
314,N2C,12,6.5644,0.0,0,36,24,adaptive
314,S2C,12,6.4438,0.0,0,36,24,adaptive
314,E2C,7,7.2582,11.0,2,36,24,adaptive
314,W2C,7,7.3131,1.0,1,36,24,adaptive
315,N2C,12,7.2639,0.0,0,36,24,adaptive
315,S2C,11,7.3405,0.0,0,36,24,adaptive
315,E2C,7,6.7957,13.0,2,36,24,adaptive
315,W2C,7,7.1615,3.0,2,36,24,adaptive
316,N2C,11,8.5709,0.0,0,36,24,adaptive
316,S2C,11,8.601,0.0,0,36,24,adaptive
316,E2C,8,7.0272,16.0,3,36,24,adaptive
316,W2C,8,7.522,5.0,2,36,24,adaptive
317,N2C,11,9.2486,0.0,0,36,24,adaptive
317,S2C,10,9.4224,0.0,0,36,24,adaptive
317,E2C,8,6.7156,19.0,3,36,24,adaptive
317,W2C,8,7.1961,8.0,3,36,24,adaptive
318,N2C,9,9.9894,0.0,0,36,24,adaptive
318,S2C,9,10.0058,0.0,0,36,24,adaptive
318,E2C,8,6.1941,22.0,3,36,24,adaptive
318,W2C,8,6.5708,11.0,3,36,24,adaptive
319,N2C,8,10.6239,0.0,0,36,24,adaptive
319,S2C,8,11.1678,0.0,0,36,24,adaptive
319,E2C,8,6.2626,26.0,4,36,24,adaptive
319,W2C,8,6.3911,14.0,3,36,24,adaptive
320,N2C,7,11.2072,0.0,0,36,24,adaptive
320,S2C,7,11.7963,0.0,0,36,24,adaptive
320,E2C,8,5.7113,30.0,4,36,24,adaptive
320,W2C,8,6.2894,17.0,3,36,24,adaptive
321,N2C,6,11.4592,0.0,0,36,24,adaptive
321,S2C,7,12.6906,0.0,0,36,24,adaptive
321,E2C,9,6.1717,34.0,4,36,24,adaptive
321,W2C,9,6.9005,21.0,4,36,24,adaptive
322,N2C,6,11.6921,0.0,0,36,24,adaptive
322,S2C,6,13.1976,0.0,0,36,24,adaptive
322,E2C,9,5.4629,38.0,4,36,24,adaptive
322,W2C,9,6.4528,25.0,4,36,24,adaptive
323,N2C,5,11.6612,0.0,0,36,24,adaptive
323,S2C,4,13.3222,0.0,0,36,24,adaptive
323,E2C,9,5.5102,42.0,4,36,24,adaptive
323,W2C,9,6.1951,29.0,4,36,24,adaptive
324,N2C,4,11.7052,0.0,0,36,24,adaptive
324,S2C,4,13.0759,0.0,0,36,24,adaptive
324,E2C,9,5.4246,47.0,5,36,24,adaptive
324,W2C,9,5.2233,33.0,4,36,24,adaptive
325,N2C,4,12.0883,0.0,0,36,24,adaptive
325,S2C,4,13.5721,0.0,0,36,24,adaptive
325,E2C,10,6.3959,52.0,5,36,24,adaptive
325,W2C,10,5.5655,37.0,4,36,24,adaptive
326,N2C,4,11.8863,0.0,0,36,24,adaptive
326,S2C,4,13.2053,0.0,0,36,24,adaptive
326,E2C,10,6.081,57.0,5,36,24,adaptive
326,W2C,10,5.2176,41.0,4,36,24,adaptive
327,N2C,4,11.9465,0.0,0,36,24,adaptive
327,S2C,4,12.8566,0.0,0,36,24,adaptive
327,E2C,10,5.5921,62.0,5,36,24,adaptive
327,W2C,10,5.0449,47.0,6,36,24,adaptive
328,N2C,4,12.0686,0.0,0,36,24,adaptive
328,S2C,4,13.1924,0.0,0,36,24,adaptive
328,E2C,10,4.8961,67.0,5,36,24,adaptive
328,W2C,10,4.9869,53.0,6,36,24,adaptive
329,N2C,4,11.7331,0.0,0,36,24,adaptive
329,S2C,4,13.2713,0.0,0,36,24,adaptive
329,E2C,10,4.3775,72.0,5,36,24,adaptive
329,W2C,10,4.4919,59.0,6,36,24,adaptive
330,N2C,5,12.4798,0.0,0,30,30,adaptive
330,S2C,4,13.3928,0.0,0,30,30,adaptive
330,E2C,11,4.8148,78.0,6,30,30,adaptive
330,W2C,11,5.0855,65.0,6,30,30,adaptive
331,N2C,5,12.1215,0.0,0,30,30,adaptive
331,S2C,4,13.2311,0.0,0,30,30,adaptive
331,E2C,11,4.6935,84.0,6,30,30,adaptive
331,W2C,11,4.5586,72.0,7,30,30,adaptive
332,N2C,5,12.0704,0.0,0,30,30,adaptive
332,S2C,4,13.1035,0.0,0,30,30,adaptive
332,E2C,11,4.6341,91.0,7,30,30,adaptive
332,W2C,11,4.1338,79.0,7,30,30,adaptive
333,N2C,4,12.1298,0.0,0,30,30,adaptive
333,S2C,4,13.1557,0.0,0,30,30,adaptive
333,E2C,11,4.3543,98.0,7,30,30,adaptive
333,W2C,11,3.7379,86.0,7,30,30,adaptive
334,N2C,3,12.147,0.0,0,30,30,adaptive
334,S2C,4,13.6475,0.0,0,30,30,adaptive
334,E2C,12,4.7646,105.0,7,30,30,adaptive
334,W2C,12,4.3493,93.0,7,30,30,adaptive
335,N2C,4,12.9172,0.0,0,30,30,adaptive
335,S2C,4,13.3702,0.0,0,30,30,adaptive
335,E2C,12,4.3654,112.0,7,30,30,adaptive
335,W2C,12,4.2204,101.0,8,30,30,adaptive
336,N2C,4,12.3015,0.0,0,30,30,adaptive
336,S2C,4,13.7097,0.0,0,30,30,adaptive
336,E2C,12,4.3208,119.0,7,30,30,adaptive
336,W2C,12,4.1426,109.0,8,30,30,adaptive
337,N2C,4,12.6745,0.0,0,30,30,adaptive
337,S2C,4,13.0515,0.0,0,30,30,adaptive
337,E2C,12,3.9183,127.0,8,30,30,adaptive
337,W2C,12,4.1975,117.0,8,30,30,adaptive
338,N2C,4,12.3967,0.0,0,30,30,adaptive
338,S2C,4,13.0293,0.0,0,30,30,adaptive
338,E2C,12,3.5597,135.0,8,30,30,adaptive
338,W2C,12,4.1864,125.0,8,30,30,adaptive
339,N2C,5,12.8069,0.0,0,30,30,adaptive
339,S2C,3,13.0384,0.0,0,30,30,adaptive
339,E2C,13,4.0512,143.0,8,30,30,adaptive
339,W2C,13,4.5215,133.0,8,30,30,adaptive
340,N2C,5,12.4887,0.0,0,30,30,adaptive
340,S2C,4,13.3021,0.0,0,30,30,adaptive
340,E2C,13,4.0443,151.0,8,30,30,adaptive
340,W2C,13,3.9268,141.0,8,30,30,adaptive
341,N2C,5,12.7531,0.0,0,30,30,adaptive
341,S2C,4,13.2738,0.0,0,30,30,adaptive
341,E2C,13,3.7037,160.0,9,30,30,adaptive
341,W2C,13,3.7358,149.0,8,30,30,adaptive
342,N2C,5,12.63,0.0,0,30,30,adaptive
342,S2C,4,12.9847,0.0,0,30,30,adaptive
342,E2C,13,3.3671,169.0,9,30,30,adaptive
342,W2C,13,3.3566,157.0,8,30,30,adaptive
343,N2C,5,12.5081,0.0,0,30,30,adaptive
343,S2C,4,12.8952,0.0,0,30,30,adaptive
343,E2C,14,3.9978,178.0,9,30,30,adaptive
343,W2C,14,3.9123,166.0,9,30,30,adaptive
344,N2C,5,12.4435,0.0,0,30,30,adaptive
344,S2C,4,12.7236,0.0,0,30,30,adaptive
344,E2C,14,3.6308,188.0,10,30,30,adaptive
344,W2C,14,3.8202,175.0,9,30,30,adaptive
345,N2C,4,13.2293,0.0,0,30,30,adaptive
345,S2C,4,12.7204,0.0,0,30,30,adaptive
345,E2C,14,3.3599,198.0,10,30,30,adaptive
345,W2C,14,3.6737,184.0,9,30,30,adaptive
346,N2C,4,13.4335,0.0,0,30,30,adaptive
346,S2C,4,12.852,0.0,0,30,30,adaptive
346,E2C,14,3.1792,208.0,10,30,30,adaptive
346,W2C,14,3.3933,194.0,10,30,30,adaptive
347,N2C,4,12.9993,0.0,0,30,30,adaptive
347,S2C,4,12.7706,0.0,0,30,30,adaptive
347,E2C,14,2.7687,218.0,10,30,30,adaptive
347,W2C,14,2.9855,204.0,10,30,30,adaptive
348,N2C,4,13.0133,0.0,0,30,30,adaptive
348,S2C,4,12.9147,0.0,0,30,30,adaptive
348,E2C,15,3.484,229.0,11,30,30,adaptive
348,W2C,15,3.4983,214.0,10,30,30,adaptive
349,N2C,4,13.3302,0.0,0,30,30,adaptive
349,S2C,4,12.9843,0.0,0,30,30,adaptive
349,E2C,15,3.2809,240.0,11,30,30,adaptive
349,W2C,15,3.2083,224.0,10,30,30,adaptive
350,N2C,4,12.9197,0.0,0,30,30,adaptive
350,S2C,4,12.7183,0.0,0,30,30,adaptive
350,E2C,15,2.871,251.0,11,30,30,adaptive
350,W2C,15,2.9564,235.0,11,30,30,adaptive
351,N2C,4,13.0527,0.0,0,30,30,adaptive
351,S2C,4,12.7555,0.0,0,30,30,adaptive
351,E2C,15,2.5902,262.0,11,30,30,adaptive
351,W2C,15,2.7375,246.0,11,30,30,adaptive
352,N2C,5,13.6004,0.0,0,30,30,adaptive
352,S2C,4,12.965,0.0,0,30,30,adaptive
352,E2C,16,3.199,273.0,11,30,30,adaptive
352,W2C,16,3.3834,258.0,12,30,30,adaptive
353,N2C,4,13.1425,0.0,0,30,30,adaptive
353,S2C,4,13.1536,0.0,0,30,30,adaptive
353,E2C,16,3.1309,285.0,12,30,30,adaptive
353,W2C,16,3.1058,270.0,12,30,30,adaptive
354,N2C,4,13.5966,0.0,0,30,30,adaptive
354,S2C,4,13.2948,0.0,0,30,30,adaptive
354,E2C,16,2.8826,297.0,12,30,30,adaptive
354,W2C,16,2.9292,282.0,12,30,30,adaptive
355,N2C,4,13.3809,0.0,0,30,30,adaptive
355,S2C,4,12.6121,0.0,0,30,30,adaptive
355,E2C,16,2.6483,309.0,12,30,30,adaptive
355,W2C,16,2.6901,294.0,12,30,30,adaptive
356,N2C,4,13.3664,0.0,0,30,30,adaptive
356,S2C,4,12.7869,0.0,0,30,30,adaptive
356,E2C,16,2.4754,321.0,12,30,30,adaptive
356,W2C,16,2.4978,306.0,12,30,30,adaptive
357,N2C,4,13.5579,0.0,0,30,30,adaptive
357,S2C,5,13.0328,0.0,0,30,30,adaptive
357,E2C,17,2.9401,334.0,13,30,30,adaptive
357,W2C,17,2.9585,319.0,13,30,30,adaptive
358,N2C,4,13.1611,0.0,0,30,30,adaptive
358,S2C,5,12.959,0.0,0,30,30,adaptive
358,E2C,17,2.7068,347.0,13,30,30,adaptive
358,W2C,17,2.6476,332.0,13,30,30,adaptive
359,N2C,4,12.8172,0.0,0,30,30,adaptive
359,S2C,4,13.2382,0.0,0,30,30,adaptive
359,E2C,17,2.4332,360.0,13,30,30,adaptive
359,W2C,17,2.5011,345.0,13,30,30,adaptive
360,N2C,4,13.0775,0.0,0,30,30,adaptive
360,S2C,4,12.9139,0.0,0,30,30,adaptive
360,E2C,17,2.3156,373.0,13,30,30,adaptive
360,W2C,17,2.4068,358.0,13,30,30,adaptive
361,N2C,5,12.1629,0.0,0,30,30,adaptive
361,S2C,5,12.0842,0.0,0,30,30,adaptive
361,E2C,18,2.7163,387.0,14,30,30,adaptive
361,W2C,18,2.8294,371.0,13,30,30,adaptive
362,N2C,5,11.3396,0.0,0,30,30,adaptive
362,S2C,5,11.243,0.0,0,30,30,adaptive
362,E2C,18,2.7623,401.0,14,30,30,adaptive
362,W2C,18,2.5281,385.0,14,30,30,adaptive
363,N2C,5,10.6117,0.0,0,30,30,adaptive
363,S2C,5,10.4922,0.0,0,30,30,adaptive
363,E2C,18,2.6872,415.0,14,30,30,adaptive
363,W2C,18,2.3023,399.0,14,30,30,adaptive
364,N2C,5,10.4572,1.0,1,30,30,adaptive
364,S2C,5,10.1549,0.0,0,30,30,adaptive
364,E2C,16,2.7978,318.0,12,30,30,adaptive
364,W2C,16,2.3699,312.0,12,30,30,adaptive
365,N2C,5,10.4621,2.0,1,30,30,adaptive
365,S2C,5,9.5422,1.0,1,30,30,adaptive
365,E2C,16,2.779,233.0,10,30,30,adaptive
365,W2C,16,2.4211,230.0,10,30,30,adaptive
366,N2C,6,10.129,3.0,1,30,30,adaptive
366,S2C,6,9.8164,2.0,1,30,30,adaptive
366,E2C,17,3.2814,163.0,8,30,30,adaptive
366,W2C,17,3.1,160.0,8,30,30,adaptive
367,N2C,6,9.0539,4.0,1,30,30,adaptive
367,S2C,6,8.9823,3.0,1,30,30,adaptive
367,E2C,15,3.398,104.0,6,30,30,adaptive
367,W2C,15,3.2119,99.0,7,30,30,adaptive
368,N2C,6,8.59,6.0,2,30,30,adaptive
368,S2C,6,8.4699,4.0,1,30,30,adaptive
368,E2C,15,3.6979,58.0,5,30,30,adaptive
368,W2C,15,3.3515,57.0,5,30,30,adaptive
369,N2C,6,8.2419,8.0,2,30,30,adaptive
369,S2C,6,7.8933,6.0,2,30,30,adaptive
369,E2C,13,4.0118,24.0,3,30,30,adaptive
369,W2C,15,4.0694,24.0,3,30,30,adaptive
370,N2C,7,8.3,10.0,2,30,30,adaptive
370,S2C,7,7.8749,8.0,2,30,30,adaptive
370,E2C,14,5.1259,3.0,1,30,30,adaptive
370,W2C,14,4.924,5.0,2,30,30,adaptive
371,N2C,7,7.6992,12.0,2,30,30,adaptive
371,S2C,7,7.1276,10.0,2,30,30,adaptive
371,E2C,13,5.2094,0.0,0,30,30,adaptive
371,W2C,14,5.2877,0.0,0,30,30,adaptive
372,N2C,7,7.3441,14.0,2,30,30,adaptive
372,S2C,7,7.0588,12.0,2,30,30,adaptive
372,E2C,12,5.7657,0.0,0,30,30,adaptive
372,W2C,12,5.6365,0.0,0,30,30,adaptive
373,N2C,7,7.6561,16.0,2,30,30,adaptive
373,S2C,7,7.0646,14.0,2,30,30,adaptive
373,E2C,12,6.7313,0.0,0,30,30,adaptive
373,W2C,11,6.2581,0.0,0,30,30,adaptive
374,N2C,7,6.7962,19.0,3,30,30,adaptive
374,S2C,7,6.608,17.0,3,30,30,adaptive
374,E2C,10,7.222,0.0,0,30,30,adaptive
374,W2C,10,7.0202,0.0,0,30,30,adaptive
375,N2C,8,7.2735,22.0,3,30,30,adaptive
375,S2C,8,7.0886,20.0,3,30,30,adaptive
375,E2C,11,9.0245,0.0,0,30,30,adaptive
375,W2C,11,8.4427,0.0,0,30,30,adaptive
376,N2C,8,6.5687,25.0,3,30,30,adaptive
376,S2C,8,6.5327,23.0,3,30,30,adaptive
376,E2C,9,9.652,0.0,0,30,30,adaptive
376,W2C,9,9.3939,0.0,0,30,30,adaptive
377,N2C,8,6.1056,28.0,3,30,30,adaptive
377,S2C,8,6.0125,26.0,3,30,30,adaptive
377,E2C,8,10.5145,0.0,0,30,30,adaptive
377,W2C,8,10.3473,0.0,0,30,30,adaptive
378,N2C,8,5.5398,32.0,4,30,30,adaptive
378,S2C,8,6.1073,30.0,4,30,30,adaptive
378,E2C,7,11.0867,0.0,0,30,30,adaptive
378,W2C,7,11.0702,0.0,0,30,30,adaptive
379,N2C,9,6.1955,36.0,4,30,30,adaptive
379,S2C,9,7.2059,34.0,4,30,30,adaptive
379,E2C,6,12.1432,0.0,0,30,30,adaptive
379,W2C,7,11.8155,0.0,0,30,30,adaptive
380,N2C,9,5.8395,40.0,4,30,30,adaptive
380,S2C,9,6.6442,38.0,4,30,30,adaptive
380,E2C,6,12.2707,0.0,0,30,30,adaptive
380,W2C,6,11.901,0.0,0,30,30,adaptive
381,N2C,9,5.6061,45.0,5,30,30,adaptive
381,S2C,9,6.0684,42.0,4,30,30,adaptive
381,E2C,5,12.1788,0.0,0,30,30,adaptive
381,W2C,6,12.3679,0.0,0,30,30,adaptive
382,N2C,9,5.876,50.0,5,30,30,adaptive
382,S2C,9,5.5119,46.0,4,30,30,adaptive
382,E2C,4,12.4628,0.0,0,30,30,adaptive
382,W2C,5,12.3082,0.0,0,30,30,adaptive
383,N2C,9,5.7041,55.0,5,30,30,adaptive
383,S2C,9,4.9001,50.0,4,30,30,adaptive
383,E2C,4,12.6356,0.0,0,30,30,adaptive
383,W2C,4,12.4813,0.0,0,30,30,adaptive
384,N2C,10,6.1355,60.0,5,30,30,adaptive
384,S2C,10,5.198,55.0,5,30,30,adaptive
384,E2C,5,13.0135,0.0,0,30,30,adaptive
384,W2C,5,12.9645,0.0,0,30,30,adaptive
385,N2C,10,5.6486,65.0,5,30,30,adaptive
385,S2C,10,4.8712,61.0,6,30,30,adaptive
385,E2C,5,12.7649,0.0,0,30,30,adaptive
385,W2C,4,12.7285,0.0,0,30,30,adaptive
386,N2C,10,4.952,70.0,5,30,30,adaptive
386,S2C,10,5.0175,67.0,6,30,30,adaptive
386,E2C,4,12.8442,0.0,0,30,30,adaptive
386,W2C,4,12.4397,0.0,0,30,30,adaptive
387,N2C,10,4.4456,75.0,5,30,30,adaptive
387,S2C,10,4.9378,73.0,6,30,30,adaptive
387,E2C,4,12.8445,0.0,0,30,30,adaptive
387,W2C,4,12.891,0.0,0,30,30,adaptive
388,N2C,11,5.0238,81.0,6,30,30,adaptive
388,S2C,11,5.3942,79.0,6,30,30,adaptive
388,E2C,5,13.364,0.0,0,30,30,adaptive
388,W2C,4,12.0394,0.0,0,30,30,adaptive
389,N2C,11,4.8852,87.0,6,30,30,adaptive
389,S2C,11,4.8363,85.0,6,30,30,adaptive
389,E2C,4,13.1929,0.0,0,30,30,adaptive
389,W2C,4,12.246,0.0,0,30,30,adaptive
390,N2C,11,4.7934,94.0,7,30,30,adaptive
390,S2C,11,4.5724,91.0,6,30,30,adaptive
390,E2C,4,13.3655,0.0,0,30,30,adaptive
390,W2C,4,11.8367,0.0,0,30,30,adaptive
391,N2C,11,4.3738,101.0,7,30,30,adaptive
391,S2C,11,4.3829,97.0,6,30,30,adaptive
391,E2C,4,12.8494,0.0,0,30,30,adaptive
391,W2C,4,12.0618,0.0,0,30,30,adaptive
392,N2C,11,3.9034,108.0,7,30,30,adaptive
392,S2C,11,4.1954,103.0,6,30,30,adaptive
392,E2C,4,13.1465,0.0,0,30,30,adaptive
392,W2C,4,12.192,0.0,0,30,30,adaptive
393,N2C,12,4.4131,115.0,7,30,30,adaptive
393,S2C,12,4.4559,110.0,7,30,30,adaptive
393,E2C,4,13.507,0.0,0,30,30,adaptive
393,W2C,4,11.8414,0.0,0,30,30,adaptive
394,N2C,12,4.0843,123.0,8,30,30,adaptive
394,S2C,12,4.0119,117.0,7,30,30,adaptive
394,E2C,4,12.8959,0.0,0,30,30,adaptive
394,W2C,5,11.5305,0.0,0,30,30,adaptive
395,N2C,12,3.7424,131.0,8,30,30,adaptive
395,S2C,12,3.5469,124.0,7,30,30,adaptive
395,E2C,4,13.1981,0.0,0,30,30,adaptive
395,W2C,5,10.7105,0.0,0,30,30,adaptive
396,N2C,12,3.4426,139.0,8,34,26,adaptive
396,S2C,12,3.2297,131.0,7,34,26,adaptive
396,E2C,4,12.8827,0.0,0,34,26,adaptive
396,W2C,5,9.7157,0.0,0,34,26,adaptive
397,N2C,13,4.1124,147.0,8,34,26,adaptive
397,S2C,13,3.8248,139.0,8,34,26,adaptive
397,E2C,5,12.3047,0.0,0,34,26,adaptive
397,W2C,6,9.5988,0.0,0,34,26,adaptive
398,N2C,13,3.9962,156.0,9,34,26,adaptive
398,S2C,13,3.6856,148.0,9,34,26,adaptive
398,E2C,5,11.5069,0.0,0,34,26,adaptive
398,W2C,6,8.4038,1.0,1,34,26,adaptive
399,N2C,13,3.8186,165.0,9,34,26,adaptive
399,S2C,13,3.7148,157.0,9,34,26,adaptive
399,E2C,5,11.1047,0.0,0,34,26,adaptive
399,W2C,6,7.9395,2.0,1,34,26,adaptive
400,N2C,13,3.5459,174.0,9,34,26,adaptive
400,S2C,13,3.8685,166.0,9,34,26,adaptive
400,E2C,5,10.7838,0.0,0,34,26,adaptive
400,W2C,6,8.0244,4.0,2,34,26,adaptive
401,N2C,13,3.2707,183.0,9,34,26,adaptive
401,S2C,13,3.5962,175.0,9,34,26,adaptive
401,E2C,5,10.6138,0.0,0,34,26,adaptive
401,W2C,6,7.6932,6.0,2,34,26,adaptive
402,N2C,14,3.7382,192.0,9,34,26,adaptive
402,S2C,14,4.0042,184.0,9,34,26,adaptive
402,E2C,6,10.1189,1.0,1,34,26,adaptive
402,W2C,6,7.1943,8.0,2,34,26,adaptive
403,N2C,14,3.5576,201.0,9,34,26,adaptive
403,S2C,14,4.0252,193.0,9,34,26,adaptive
403,E2C,6,9.2763,2.0,1,34,26,adaptive
403,W2C,7,7.2588,10.0,2,34,26,adaptive
404,N2C,14,3.191,211.0,10,34,26,adaptive
404,S2C,14,3.4755,202.0,9,34,26,adaptive
404,E2C,6,8.5303,3.0,1,34,26,adaptive
404,W2C,7,6.6582,12.0,2,34,26,adaptive
405,N2C,14,3.0399,221.0,10,34,26,adaptive
405,S2C,14,3.0467,211.0,9,34,26,adaptive
405,E2C,6,8.0609,5.0,2,34,26,adaptive
405,W2C,7,6.6657,14.0,2,34,26,adaptive
406,N2C,15,3.5185,231.0,10,34,26,adaptive
406,S2C,15,3.3852,221.0,10,34,26,adaptive
406,E2C,7,8.1462,7.0,2,34,26,adaptive
406,W2C,8,7.3393,16.0,2,34,26,adaptive
407,N2C,15,3.3689,242.0,11,34,26,adaptive
407,S2C,15,3.3784,231.0,10,34,26,adaptive
407,E2C,7,7.5683,9.0,2,34,26,adaptive
407,W2C,8,7.2238,19.0,3,34,26,adaptive
408,N2C,15,3.0706,253.0,11,34,26,adaptive
408,S2C,15,3.2886,242.0,11,34,26,adaptive
408,E2C,7,7.7324,11.0,2,34,26,adaptive
408,W2C,8,7.0988,22.0,3,34,26,adaptive
409,N2C,15,2.8395,264.0,11,34,26,adaptive
409,S2C,15,3.2852,253.0,11,34,26,adaptive
409,E2C,7,7.5632,14.0,3,34,26,adaptive
409,W2C,8,6.8299,25.0,3,34,26,adaptive
410,N2C,15,2.8009,275.0,11,34,26,adaptive
410,S2C,15,2.9625,264.0,11,34,26,adaptive
410,E2C,7,6.8651,17.0,3,34,26,adaptive
410,W2C,8,6.232,28.0,3,34,26,adaptive
411,N2C,16,3.2694,286.0,11,34,26,adaptive
411,S2C,16,3.3094,275.0,11,34,26,adaptive
411,E2C,8,7.3006,20.0,3,34,26,adaptive
411,W2C,9,6.7937,31.0,3,34,26,adaptive
412,N2C,16,2.9656,298.0,12,34,26,adaptive
412,S2C,16,2.8073,286.0,11,34,26,adaptive
412,E2C,8,6.7709,23.0,3,34,26,adaptive
412,W2C,9,6.6186,35.0,4,34,26,adaptive
413,N2C,16,2.6715,310.0,12,34,26,adaptive
413,S2C,16,2.5545,297.0,11,34,26,adaptive
413,E2C,8,6.4376,26.0,3,34,26,adaptive
413,W2C,9,6.4449,39.0,4,34,26,adaptive
414,N2C,16,2.4131,322.0,12,34,26,adaptive
414,S2C,16,2.4047,310.0,13,34,26,adaptive
414,E2C,8,5.9233,30.0,4,34,26,adaptive
414,W2C,9,5.9625,43.0,4,34,26,adaptive
415,N2C,17,3.1245,334.0,12,34,26,adaptive
415,S2C,17,3.1661,323.0,13,34,26,adaptive
415,E2C,9,6.3761,34.0,4,34,26,adaptive
415,W2C,10,5.8355,47.0,4,34,26,adaptive
416,N2C,17,3.0741,347.0,13,34,26,adaptive
416,S2C,17,3.0305,336.0,13,34,26,adaptive
416,E2C,9,5.8295,38.0,4,34,26,adaptive
416,W2C,10,5.2809,51.0,4,34,26,adaptive
417,N2C,17,2.8989,360.0,13,34,26,adaptive
417,S2C,17,2.802,349.0,13,34,26,adaptive
417,E2C,9,5.8661,42.0,4,34,26,adaptive
417,W2C,10,4.7702,55.0,4,34,26,adaptive
418,N2C,17,2.5746,373.0,13,34,26,adaptive
418,S2C,17,2.5957,362.0,13,34,26,adaptive
418,E2C,9,5.5598,47.0,5,34,26,adaptive
418,W2C,10,4.9688,61.0,6,34,26,adaptive
419,N2C,17,2.3593,386.0,13,34,26,adaptive
419,S2C,17,2.3557,375.0,13,34,26,adaptive
419,E2C,9,5.416,52.0,5,34,26,adaptive
419,W2C,10,4.842,67.0,6,34,26,adaptive
420,N2C,18,2.6797,400.0,14,34,26,adaptive
420,S2C,18,2.8489,388.0,13,34,26,adaptive
420,E2C,10,5.6252,57.0,5,34,26,adaptive
420,W2C,11,5.4739,73.0,6,34,26,adaptive
421,N2C,18,2.4634,414.0,14,34,26,adaptive
421,S2C,18,2.6042,401.0,13,34,26,adaptive
421,E2C,10,5.1142,63.0,6,34,26,adaptive
421,W2C,11,5.3589,79.0,6,34,26,adaptive
422,N2C,18,2.2501,428.0,14,34,26,adaptive
422,S2C,18,2.3187,415.0,14,34,26,adaptive
422,E2C,10,4.7615,69.0,6,34,26,adaptive
422,W2C,11,5.02,85.0,6,34,26,adaptive
423,N2C,18,2.2254,442.0,14,34,26,adaptive
423,S2C,18,2.1019,429.0,14,34,26,adaptive
423,E2C,10,4.4344,75.0,6,34,26,adaptive
423,W2C,11,4.6329,91.0,6,34,26,adaptive
424,N2C,19,2.7834,457.0,15,34,26,adaptive
424,S2C,19,2.741,443.0,14,34,26,adaptive
424,E2C,11,4.7301,81.0,6,34,26,adaptive
424,W2C,12,4.5997,97.0,6,34,26,adaptive
425,N2C,19,2.5869,472.0,15,34,26,adaptive
425,S2C,19,2.3929,458.0,15,34,26,adaptive
425,E2C,11,4.5348,88.0,7,34,26,adaptive
425,W2C,12,4.2114,104.0,7,34,26,adaptive
426,N2C,19,2.333,487.0,15,34,26,adaptive
426,S2C,19,2.2665,473.0,15,34,26,adaptive
426,E2C,11,4.6255,95.0,7,34,26,adaptive
426,W2C,12,3.6509,111.0,7,34,26,adaptive
427,N2C,19,2.1505,502.0,15,34,26,adaptive
427,S2C,19,2.0626,488.0,15,34,26,adaptive
427,E2C,11,4.2905,102.0,7,34,26,adaptive
427,W2C,12,3.3752,118.0,7,34,26,adaptive
428,N2C,19,1.9787,518.0,16,34,26,adaptive
428,S2C,19,1.782,504.0,16,34,26,adaptive
428,E2C,11,4.0619,109.0,7,34,26,adaptive
428,W2C,12,3.0769,125.0,7,34,26,adaptive
429,N2C,20,2.3167,534.0,16,34,26,adaptive
429,S2C,20,2.2258,520.0,16,34,26,adaptive
429,E2C,12,4.1472,116.0,7,34,26,adaptive
429,W2C,13,3.7366,133.0,8,34,26,adaptive
430,N2C,20,2.0772,550.0,16,34,26,adaptive
430,S2C,20,2.0126,536.0,16,34,26,adaptive
430,E2C,12,3.9336,123.0,7,34,26,adaptive
430,W2C,13,3.6494,141.0,8,34,26,adaptive
431,N2C,18,2.1243,435.0,15,34,26,adaptive
431,S2C,18,2.1309,422.0,14,34,26,adaptive
431,E2C,12,3.4986,131.0,8,34,26,adaptive
431,W2C,13,3.5694,150.0,9,34,26,adaptive
432,N2C,18,2.203,336.0,13,34,26,adaptive
432,S2C,18,2.2421,323.0,13,34,26,adaptive
432,E2C,12,3.2036,139.0,8,34,26,adaptive
432,W2C,13,3.3348,159.0,9,34,26,adaptive
433,N2C,19,3.0984,250.0,11,34,26,adaptive
433,S2C,19,3.1032,237.0,11,34,26,adaptive
433,E2C,13,3.8631,147.0,8,34,26,adaptive
433,W2C,14,3.5836,168.0,9,34,26,adaptive
434,N2C,17,3.0491,175.0,9,34,26,adaptive
434,S2C,18,3.4749,168.0,9,34,26,adaptive
434,E2C,13,3.7533,155.0,8,34,26,adaptive
434,W2C,14,3.3798,178.0,10,34,26,adaptive
435,N2C,17,3.4173,114.0,7,34,26,adaptive
435,S2C,17,3.6825,109.0,7,34,26,adaptive
435,E2C,13,3.7088,164.0,9,34,26,adaptive
435,W2C,14,3.3143,188.0,10,34,26,adaptive
436,N2C,15,3.4177,66.0,5,34,26,adaptive
436,S2C,16,3.7023,64.0,5,34,26,adaptive
436,E2C,13,3.7092,173.0,9,34,26,adaptive
436,W2C,14,3.4041,198.0,10,34,26,adaptive
437,N2C,15,3.8509,32.0,4,34,26,adaptive
437,S2C,15,3.7396,29.0,3,34,26,adaptive
437,E2C,13,3.2184,182.0,9,34,26,adaptive
437,W2C,14,3.2706,208.0,10,34,26,adaptive
438,N2C,15,4.8394,10.0,2,34,26,adaptive
438,S2C,15,4.6561,18.0,2,34,26,adaptive
438,E2C,14,3.8511,191.0,9,34,26,adaptive
438,W2C,15,4.0931,218.0,10,34,26,adaptive
439,N2C,14,5.2299,0.0,0,34,26,adaptive
439,S2C,14,5.1216,0.0,0,34,26,adaptive
439,E2C,14,3.4645,200.0,9,34,26,adaptive
439,W2C,15,3.7573,228.0,10,34,26,adaptive
440,N2C,13,6.0419,0.0,0,34,26,adaptive
440,S2C,13,5.8076,0.0,0,34,26,adaptive
440,E2C,14,3.3333,210.0,10,34,26,adaptive
440,W2C,15,3.4508,238.0,10,34,26,adaptive
441,N2C,12,6.9233,0.0,0,34,26,adaptive
441,S2C,12,6.6549,0.0,0,34,26,adaptive
441,E2C,14,3.0942,220.0,10,34,26,adaptive
441,W2C,15,3.1076,248.0,10,34,26,adaptive
442,N2C,12,8.4961,0.0,0,34,26,adaptive
442,S2C,12,8.0885,0.0,0,34,26,adaptive
442,E2C,15,3.5584,230.0,10,34,26,adaptive
442,W2C,16,3.6373,259.0,11,34,26,adaptive
443,N2C,11,9.3727,0.0,0,34,26,adaptive
443,S2C,11,8.5788,0.0,0,34,26,adaptive
443,E2C,15,3.4657,240.0,10,34,26,adaptive
443,W2C,16,3.2427,270.0,11,34,26,adaptive
444,N2C,9,10.2047,0.0,0,34,26,adaptive
444,S2C,10,9.5141,0.0,0,34,26,adaptive
444,E2C,15,3.3776,250.0,10,34,26,adaptive
444,W2C,16,2.9986,281.0,11,34,26,adaptive
445,N2C,9,11.1121,0.0,0,34,26,adaptive
445,S2C,9,10.3316,0.0,0,34,26,adaptive
445,E2C,15,3.2588,261.0,11,34,26,adaptive
445,W2C,16,2.6347,293.0,12,34,26,adaptive
446,N2C,7,11.7931,0.0,0,34,26,adaptive
446,S2C,8,11.1552,0.0,0,34,26,adaptive
446,E2C,15,3.3698,272.0,11,34,26,adaptive
446,W2C,16,2.477,305.0,12,34,26,adaptive
447,N2C,7,12.5679,0.0,0,34,26,adaptive
447,S2C,8,11.9133,0.0,0,34,26,adaptive
447,E2C,16,3.7427,283.0,11,34,26,adaptive
447,W2C,17,3.0839,318.0,13,34,26,adaptive
448,N2C,6,12.5051,0.0,0,34,26,adaptive
448,S2C,7,12.3639,0.0,0,34,26,adaptive
448,E2C,16,3.1418,294.0,11,34,26,adaptive
448,W2C,17,2.9892,331.0,13,34,26,adaptive
449,N2C,5,12.6969,0.0,0,34,26,adaptive
449,S2C,5,12.71,0.0,0,34,26,adaptive
449,E2C,16,2.6173,306.0,12,34,26,adaptive
449,W2C,17,2.6732,344.0,13,34,26,adaptive
450,N2C,5,12.8663,0.0,0,34,26,adaptive
450,S2C,4,12.6973,0.0,0,34,26,adaptive
450,E2C,16,2.5574,318.0,12,34,26,adaptive
450,W2C,17,2.6103,357.0,13,34,26,adaptive
451,N2C,4,13.2928,0.0,0,34,26,adaptive
451,S2C,4,13.1748,0.0,0,34,26,adaptive
451,E2C,17,3.1689,331.0,13,34,26,adaptive
451,W2C,18,3.0957,370.0,13,34,26,adaptive
452,N2C,4,12.9951,0.0,0,34,26,adaptive
452,S2C,4,12.7327,0.0,0,34,26,adaptive
452,E2C,17,2.9669,344.0,13,34,26,adaptive
452,W2C,18,2.7574,383.0,13,34,26,adaptive
453,N2C,4,13.0643,0.0,0,34,26,adaptive
453,S2C,4,13.1091,0.0,0,34,26,adaptive
453,E2C,17,2.7592,357.0,13,34,26,adaptive
453,W2C,18,2.4155,397.0,14,34,26,adaptive
454,N2C,4,13.3224,0.0,0,34,26,adaptive
454,S2C,4,13.0173,0.0,0,34,26,adaptive
454,E2C,17,2.4442,370.0,13,34,26,adaptive
454,W2C,18,2.2348,411.0,14,34,26,adaptive
455,N2C,4,12.9147,0.0,0,34,26,adaptive
455,S2C,4,12.9847,0.0,0,34,26,adaptive
455,E2C,17,2.3497,383.0,13,34,26,adaptive
455,W2C,18,2.1875,425.0,14,34,26,adaptive
456,N2C,4,13.4139,0.0,0,34,26,adaptive
456,S2C,4,13.0628,0.0,0,34,26,adaptive
456,E2C,18,2.7111,396.0,13,34,26,adaptive
456,W2C,19,2.4598,440.0,15,34,26,adaptive
457,N2C,4,13.0562,0.0,0,34,26,adaptive
457,S2C,5,12.781,0.0,0,34,26,adaptive
457,E2C,18,2.4069,410.0,14,34,26,adaptive
457,W2C,19,2.2254,455.0,15,34,26,adaptive
458,N2C,4,13.3306,0.0,0,34,26,adaptive
458,S2C,4,13.1366,0.0,0,34,26,adaptive
458,E2C,18,2.289,424.0,14,34,26,adaptive
458,W2C,19,2.0696,470.0,15,34,26,adaptive
459,N2C,4,12.9508,0.0,0,34,26,adaptive
459,S2C,4,13.39,0.0,0,34,26,adaptive
459,E2C,18,2.2293,438.0,14,34,26,adaptive
459,W2C,19,1.971,486.0,16,34,26,adaptive
460,N2C,3,13.0003,0.0,0,34,26,adaptive
460,S2C,4,13.4735,0.0,0,34,26,adaptive
460,E2C,19,2.7127,453.0,15,34,26,adaptive
460,W2C,20,2.3851,502.0,16,34,26,adaptive
461,N2C,4,13.2266,0.0,0,34,26,adaptive
461,S2C,4,13.0553,0.0,0,34,26,adaptive
461,E2C,19,2.4601,468.0,15,34,26,adaptive
461,W2C,20,2.1768,518.0,16,34,26,adaptive
462,N2C,4,13.2938,0.0,0,27,33,adaptive
462,S2C,4,12.8813,0.0,0,27,33,adaptive
462,E2C,19,2.2394,483.0,15,27,33,adaptive
462,W2C,20,1.9975,534.0,16,27,33,adaptive
463,N2C,4,13.2736,0.0,0,27,33,adaptive
463,S2C,4,12.8785,0.0,0,27,33,adaptive
463,E2C,19,2.1328,498.0,15,27,33,adaptive
463,W2C,20,1.9392,550.0,16,27,33,adaptive
464,N2C,4,13.0371,0.0,0,27,33,adaptive
464,S2C,4,12.5563,0.0,0,27,33,adaptive
464,E2C,19,1.9056,513.0,15,27,33,adaptive
464,W2C,20,1.7154,566.0,16,27,33,adaptive
465,N2C,5,12.3518,0.0,0,27,33,adaptive
465,S2C,4,11.1896,0.0,0,27,33,adaptive
465,E2C,20,2.3353,528.0,15,27,33,adaptive
465,W2C,21,2.0987,583.0,17,27,33,adaptive
466,N2C,5,11.3002,0.0,0,27,33,adaptive
466,S2C,5,10.6024,0.0,0,27,33,adaptive
466,E2C,20,2.1172,544.0,16,27,33,adaptive
466,W2C,21,1.8625,600.0,17,27,33,adaptive
467,N2C,5,10.5071,0.0,0,27,33,adaptive
467,S2C,5,9.5726,0.0,0,27,33,adaptive
467,E2C,20,1.9789,560.0,16,27,33,adaptive
467,W2C,21,1.8124,617.0,17,27,33,adaptive
468,N2C,5,10.2216,1.0,1,27,33,adaptive
468,S2C,5,9.2618,1.0,1,27,33,adaptive
468,E2C,20,1.9907,576.0,16,27,33,adaptive
468,W2C,21,1.7459,635.0,18,27,33,adaptive
469,N2C,6,10.4078,2.0,1,27,33,adaptive
469,S2C,6,9.4911,2.0,1,27,33,adaptive
469,E2C,21,2.4866,593.0,17,27,33,adaptive
469,W2C,22,2.3277,653.0,18,27,33,adaptive
470,N2C,6,9.6012,3.0,1,27,33,adaptive
470,S2C,6,8.6582,3.0,1,27,33,adaptive
470,E2C,21,2.2435,610.0,17,27,33,adaptive
470,W2C,22,2.37,671.0,18,27,33,adaptive
471,N2C,6,8.6971,4.0,1,27,33,adaptive
471,S2C,6,8.3051,4.0,1,27,33,adaptive
471,E2C,21,2.0756,627.0,17,27,33,adaptive
471,W2C,22,2.1369,689.0,18,27,33,adaptive
472,N2C,6,8.5309,5.0,1,27,33,adaptive
472,S2C,6,8.1779,5.0,1,27,33,adaptive
472,E2C,21,1.8067,644.0,17,27,33,adaptive
472,W2C,22,1.9746,707.0,18,27,33,adaptive
473,N2C,6,8.1612,7.0,2,27,33,adaptive
473,S2C,6,8.2283,7.0,2,27,33,adaptive
473,E2C,21,1.6155,661.0,17,27,33,adaptive
473,W2C,22,1.6759,725.0,18,27,33,adaptive
474,N2C,7,8.2891,9.0,2,27,33,adaptive
474,S2C,7,8.9459,9.0,2,27,33,adaptive
474,E2C,22,1.9528,678.0,17,27,33,adaptive
474,W2C,23,2.0086,744.0,19,27,33,adaptive
475,N2C,7,7.5494,11.0,2,27,33,adaptive
475,S2C,7,8.1964,11.0,2,27,33,adaptive
475,E2C,22,1.743,696.0,18,27,33,adaptive
475,W2C,23,1.7598,763.0,19,27,33,adaptive
476,N2C,7,7.6059,13.0,2,27,33,adaptive
476,S2C,7,7.6541,13.0,2,27,33,adaptive
476,E2C,22,1.7835,714.0,18,27,33,adaptive
476,W2C,23,1.6911,782.0,19,27,33,adaptive
477,N2C,7,7.3484,16.0,3,27,33,adaptive
477,S2C,7,6.9209,15.0,2,27,33,adaptive
477,E2C,22,1.6225,733.0,19,27,33,adaptive
477,W2C,23,1.5021,802.0,20,27,33,adaptive
478,N2C,8,7.7425,19.0,3,27,33,adaptive
478,S2C,8,6.9775,18.0,3,27,33,adaptive
478,E2C,23,1.9898,752.0,19,27,33,adaptive
478,W2C,24,1.938,822.0,20,27,33,adaptive
479,N2C,8,6.9428,22.0,3,27,33,adaptive
479,S2C,8,6.2583,21.0,3,27,33,adaptive
479,E2C,23,1.8079,771.0,19,27,33,adaptive
479,W2C,24,1.7103,842.0,20,27,33,adaptive
480,N2C,8,6.3776,26.0,4,27,33,adaptive
480,S2C,8,6.0736,24.0,3,27,33,adaptive
480,E2C,23,1.6707,790.0,19,27,33,adaptive
480,W2C,24,1.6002,862.0,20,27,33,adaptive
481,N2C,8,6.3656,30.0,4,27,33,adaptive
481,S2C,8,6.1591,28.0,4,27,33,adaptive
481,E2C,23,1.6747,810.0,20,27,33,adaptive
481,W2C,24,1.5426,883.0,21,27,33,adaptive
482,N2C,8,5.9882,34.0,4,27,33,adaptive
482,S2C,8,5.9806,32.0,4,27,33,adaptive
482,E2C,23,1.5289,830.0,20,27,33,adaptive
482,W2C,24,1.3262,904.0,21,27,33,adaptive
483,N2C,9,6.4171,38.0,4,27,33,adaptive
483,S2C,9,6.9707,36.0,4,27,33,adaptive
483,E2C,24,1.878,850.0,20,27,33,adaptive
483,W2C,25,1.5645,925.0,21,27,33,adaptive
484,N2C,9,5.8988,42.0,4,27,33,adaptive
484,S2C,9,6.912,40.0,4,27,33,adaptive
484,E2C,24,1.6649,870.0,20,27,33,adaptive
484,W2C,25,1.5396,946.0,21,27,33,adaptive
485,N2C,9,5.4062,47.0,5,27,33,adaptive
485,S2C,9,6.5136,44.0,4,27,33,adaptive
485,E2C,24,1.6157,890.0,20,27,33,adaptive
485,W2C,25,1.4712,968.0,22,27,33,adaptive
486,N2C,9,5.2258,52.0,5,27,33,adaptive
486,S2C,9,6.2749,48.0,4,27,33,adaptive
486,E2C,24,1.562,911.0,21,27,33,adaptive
486,W2C,25,1.3022,990.0,22,27,33,adaptive
487,N2C,10,5.6113,57.0,5,27,33,adaptive
487,S2C,10,6.2382,52.0,4,27,33,adaptive
487,E2C,25,1.7521,932.0,21,27,33,adaptive
487,W2C,26,1.6447,1012.0,22,27,33,adaptive
488,N2C,10,5.2598,62.0,5,27,33,adaptive
488,S2C,10,5.5356,56.0,4,27,33,adaptive
488,E2C,25,1.6457,953.0,21,27,33,adaptive
488,W2C,26,1.5377,1034.0,22,27,33,adaptive
489,N2C,10,5.1817,67.0,5,27,33,adaptive
489,S2C,10,5.268,60.0,4,27,33,adaptive
489,E2C,25,1.4698,974.0,21,27,33,adaptive
489,W2C,26,1.3351,1056.0,22,27,33,adaptive
490,N2C,10,5.0969,73.0,6,27,33,adaptive
490,S2C,10,4.6522,65.0,5,27,33,adaptive
490,E2C,23,1.4164,821.0,20,27,33,adaptive
490,W2C,24,1.3239,895.0,21,27,33,adaptive
491,N2C,10,4.9587,79.0,6,27,33,adaptive
491,S2C,10,4.1969,71.0,6,27,33,adaptive
491,E2C,23,1.329,680.0,18,27,33,adaptive
491,W2C,24,1.3348,751.0,19,27,33,adaptive
492,N2C,11,5.1129,85.0,6,27,33,adaptive
492,S2C,11,4.9029,77.0,6,27,33,adaptive
492,E2C,24,1.9144,551.0,16,27,33,adaptive
492,W2C,25,1.7896,620.0,17,27,33,adaptive
493,N2C,11,4.6438,91.0,6,27,33,adaptive
493,S2C,11,4.7277,83.0,6,27,33,adaptive
493,E2C,22,1.8971,435.0,14,27,33,adaptive
493,W2C,23,1.8645,504.0,16,27,33,adaptive
494,N2C,11,4.164,97.0,6,27,33,adaptive
494,S2C,11,4.746,89.0,6,27,33,adaptive
494,E2C,22,2.1864,334.0,12,27,33,adaptive
494,W2C,23,2.2478,395.0,14,27,33,adaptive
495,N2C,11,3.7866,104.0,7,27,33,adaptive
495,S2C,11,4.649,96.0,7,27,33,adaptive
495,E2C,22,2.4432,249.0,11,27,33,adaptive
495,W2C,23,2.6833,306.0,12,27,33,adaptive
496,N2C,12,4.1884,111.0,7,27,33,adaptive
496,S2C,12,5.1614,103.0,7,27,33,adaptive
496,E2C,21,2.8808,174.0,9,27,33,adaptive
496,W2C,22,3.392,222.0,10,27,33,adaptive
497,N2C,12,4.0709,118.0,7,27,33,adaptive
497,S2C,12,4.7331,110.0,7,27,33,adaptive
497,E2C,21,3.22,113.0,7,27,33,adaptive
497,W2C,22,3.6509,151.0,8,27,33,adaptive
498,N2C,12,4.0763,126.0,8,27,33,adaptive
498,S2C,12,4.1606,117.0,7,27,33,adaptive
498,E2C,19,3.4392,67.0,6,27,33,adaptive
498,W2C,20,3.4133,125.0,7,27,33,adaptive
499,N2C,12,3.8423,134.0,8,27,33,adaptive
499,S2C,12,3.687,125.0,8,27,33,adaptive
499,E2C,19,4.29,50.0,5,27,33,adaptive
499,W2C,20,3.8091,74.0,5,27,33,adaptive
500,N2C,12,3.4379,142.0,8,27,33,adaptive
500,S2C,12,3.4446,133.0,8,27,33,adaptive
500,E2C,17,4.4691,20.0,3,27,33,adaptive
500,W2C,18,3.7927,56.0,5,27,33,adaptive
501,N2C,13,3.827,150.0,8,27,33,adaptive
501,S2C,13,4.0963,142.0,9,27,33,adaptive
501,E2C,17,5.756,4.0,1,27,33,adaptive
501,W2C,19,5.1226,23.0,3,27,33,adaptive
502,N2C,13,3.5808,158.0,8,27,33,adaptive
502,S2C,13,3.7697,151.0,9,27,33,adaptive
502,E2C,16,6.3196,0.0,0,27,33,adaptive
502,W2C,17,5.3461,3.0,1,27,33,adaptive
503,N2C,13,3.2997,166.0,8,27,33,adaptive
503,S2C,13,3.4039,160.0,9,27,33,adaptive
503,E2C,15,6.6588,0.0,0,27,33,adaptive
503,W2C,16,6.132,0.0,0,27,33,adaptive
504,N2C,13,2.9313,175.0,9,27,33,adaptive
504,S2C,13,3.1218,169.0,9,27,33,adaptive
504,E2C,14,7.1649,0.0,0,27,33,adaptive
504,W2C,15,6.708,0.0,0,27,33,adaptive
505,N2C,14,3.5307,184.0,9,27,33,adaptive
505,S2C,14,3.793,178.0,9,27,33,adaptive
505,E2C,14,8.3697,0.0,0,27,33,adaptive
505,W2C,15,7.7891,0.0,0,27,33,adaptive
506,N2C,14,3.3796,193.0,9,27,33,adaptive
506,S2C,14,3.6517,188.0,10,27,33,adaptive
506,E2C,13,9.1219,0.0,0,27,33,adaptive
506,W2C,14,8.2307,0.0,0,27,33,adaptive
507,N2C,14,3.3659,203.0,10,27,33,adaptive
507,S2C,14,3.3973,198.0,10,27,33,adaptive
507,E2C,12,9.4253,0.0,0,27,33,adaptive
507,W2C,12,8.5056,0.0,0,27,33,adaptive
508,N2C,14,3.3761,213.0,10,27,33,adaptive
508,S2C,14,3.0118,208.0,10,27,33,adaptive
508,E2C,11,10.1545,0.0,0,27,33,adaptive
508,W2C,12,8.9769,0.0,0,27,33,adaptive
509,N2C,14,3.226,223.0,10,27,33,adaptive
509,S2C,14,2.7216,218.0,10,27,33,adaptive
509,E2C,9,10.5798,0.0,0,27,33,adaptive
509,W2C,10,9.8134,0.0,0,27,33,adaptive
510,N2C,15,3.5781,233.0,10,27,33,adaptive
510,S2C,15,3.4218,229.0,11,27,33,adaptive
510,E2C,9,11.5473,0.0,0,27,33,adaptive
510,W2C,11,10.6135,0.0,0,27,33,adaptive
511,N2C,15,3.3323,243.0,10,27,33,adaptive
511,S2C,15,3.5167,240.0,11,27,33,adaptive
511,E2C,8,11.7125,0.0,0,27,33,adaptive
511,W2C,9,11.3466,0.0,0,27,33,adaptive
512,N2C,15,3.1974,253.0,10,27,33,adaptive
512,S2C,15,3.2276,251.0,11,27,33,adaptive
512,E2C,7,11.6906,0.0,0,27,33,adaptive
512,W2C,9,11.5471,0.0,0,27,33,adaptive
513,N2C,15,3.0295,264.0,11,27,33,adaptive
513,S2C,15,3.0533,262.0,11,27,33,adaptive
513,E2C,6,11.9056,0.0,0,27,33,adaptive
513,W2C,7,11.5135,0.0,0,27,33,adaptive
514,N2C,16,3.4889,275.0,11,27,33,adaptive
514,S2C,16,3.3879,273.0,11,27,33,adaptive
514,E2C,7,12.1123,0.0,0,27,33,adaptive
514,W2C,8,11.2038,0.0,0,27,33,adaptive
515,N2C,16,3.1749,286.0,11,27,33,adaptive
515,S2C,16,3.364,285.0,12,27,33,adaptive
515,E2C,5,11.5448,0.0,0,27,33,adaptive
515,W2C,6,10.9426,0.0,0,27,33,adaptive
516,N2C,16,2.8707,298.0,12,27,33,adaptive
516,S2C,16,3.0451,297.0,12,27,33,adaptive
516,E2C,5,12.3392,0.0,0,27,33,adaptive
516,W2C,6,11.7092,0.0,0,27,33,adaptive
517,N2C,16,2.6049,310.0,12,27,33,adaptive
517,S2C,16,2.769,309.0,12,27,33,adaptive
517,E2C,4,12.1318,0.0,0,27,33,adaptive
517,W2C,4,11.3343,0.0,0,27,33,adaptive
518,N2C,16,2.3316,322.0,12,27,33,adaptive
518,S2C,16,2.4617,322.0,13,27,33,adaptive
518,E2C,4,12.0929,0.0,0,27,33,adaptive
518,W2C,4,11.7996,0.0,0,27,33,adaptive
519,N2C,17,3.0333,335.0,13,27,33,adaptive
519,S2C,17,2.9231,335.0,13,27,33,adaptive
519,E2C,4,12.2949,0.0,0,27,33,adaptive
519,W2C,4,11.624,0.0,0,27,33,adaptive
520,N2C,17,2.9815,348.0,13,27,33,adaptive
520,S2C,17,2.5914,348.0,13,27,33,adaptive
520,E2C,4,12.5609,0.0,0,27,33,adaptive
520,W2C,4,11.2703,0.0,0,27,33,adaptive
521,N2C,17,2.8201,361.0,13,27,33,adaptive
521,S2C,17,2.3771,361.0,13,27,33,adaptive
521,E2C,4,11.8893,0.0,0,27,33,adaptive
521,W2C,4,11.5863,0.0,0,27,33,adaptive
522,N2C,17,2.7404,374.0,13,27,33,adaptive
522,S2C,17,2.2869,374.0,13,27,33,adaptive
522,E2C,4,11.2243,0.0,0,27,33,adaptive
522,W2C,4,11.5534,0.0,0,27,33,adaptive
523,N2C,16,3.5615,280.0,11,27,33,adaptive
523,S2C,16,3.2523,281.0,12,27,33,adaptive
523,E2C,5,11.1221,0.0,0,27,33,adaptive
523,W2C,5,12.0225,0.0,0,27,33,adaptive
524,N2C,16,3.2013,198.0,9,27,33,adaptive
524,S2C,16,3.099,202.0,10,27,33,adaptive
524,E2C,5,10.0962,0.0,0,27,33,adaptive
524,W2C,5,11.7836,0.0,0,27,33,adaptive
525,N2C,16,3.2119,131.0,8,27,33,adaptive
525,S2C,16,3.1827,141.0,8,27,33,adaptive
525,E2C,5,9.7098,0.0,0,27,33,adaptive
525,W2C,5,10.9166,0.0,0,27,33,adaptive
526,N2C,15,3.6545,78.0,6,27,33,adaptive
526,S2C,14,3.3257,89.0,6,27,33,adaptive
526,E2C,5,9.567,0.0,0,27,33,adaptive
526,W2C,5,10.0824,0.0,0,27,33,adaptive
527,N2C,14,3.9967,39.0,4,27,33,adaptive
527,S2C,14,3.8096,47.0,5,27,33,adaptive
527,E2C,5,9.7288,1.0,1,27,33,adaptive
527,W2C,5,9.659,0.0,0,27,33,adaptive
528,N2C,14,4.9074,14.0,2,32,28,adaptive
528,S2C,14,4.3016,19.0,3,32,28,adaptive
528,E2C,5,9.8542,2.0,1,32,28,adaptive
528,W2C,6,10.181,0.0,0,32,28,adaptive
529,N2C,13,5.123,1.0,1,32,28,adaptive
529,S2C,13,4.7101,3.0,1,32,28,adaptive
529,E2C,6,10.2502,3.0,1,32,28,adaptive
529,W2C,6,9.4121,1.0,1,32,28,adaptive
530,N2C,12,5.571,0.0,0,32,28,adaptive
530,S2C,13,5.2872,0.0,0,32,28,adaptive
530,E2C,6,9.9346,4.0,1,32,28,adaptive
530,W2C,6,9.5754,2.0,1,32,28,adaptive
531,N2C,11,6.2432,0.0,0,32,28,adaptive
531,S2C,11,5.8836,0.0,0,32,28,adaptive
531,E2C,6,9.2119,5.0,1,32,28,adaptive
531,W2C,6,8.8772,3.0,1,32,28,adaptive
532,N2C,12,7.8499,0.0,0,32,28,adaptive
532,S2C,12,7.3923,0.0,0,32,28,adaptive
532,E2C,7,9.3384,6.0,1,32,28,adaptive
532,W2C,7,8.9053,4.0,1,32,28,adaptive
533,N2C,10,8.2767,0.0,0,32,28,adaptive
533,S2C,10,8.1083,0.0,0,32,28,adaptive
533,E2C,7,9.0684,8.0,2,32,28,adaptive
533,W2C,7,8.7477,5.0,1,32,28,adaptive
534,N2C,9,9.2661,0.0,0,32,28,adaptive
534,S2C,10,8.9137,0.0,0,32,28,adaptive
534,E2C,7,9.1609,10.0,2,32,28,adaptive
534,W2C,7,8.8363,6.0,1,32,28,adaptive
535,N2C,8,10.3636,0.0,0,32,28,adaptive
535,S2C,8,9.6946,0.0,0,32,28,adaptive
535,E2C,7,8.8505,12.0,2,32,28,adaptive
535,W2C,7,8.6709,8.0,2,32,28,adaptive
536,N2C,7,11.2176,0.0,0,32,28,adaptive
536,S2C,8,10.4302,0.0,0,32,28,adaptive
536,E2C,7,7.9032,14.0,2,32,28,adaptive
536,W2C,7,8.182,10.0,2,32,28,adaptive
537,N2C,7,11.9729,0.0,0,32,28,adaptive
537,S2C,7,11.5793,0.0,0,32,28,adaptive
537,E2C,8,7.3445,16.0,2,32,28,adaptive
537,W2C,8,8.097,12.0,2,32,28,adaptive
538,N2C,6,12.2717,0.0,0,32,28,adaptive
538,S2C,7,11.6955,0.0,0,32,28,adaptive
538,E2C,8,6.3084,18.0,2,32,28,adaptive
538,W2C,8,7.26,14.0,2,32,28,adaptive
539,N2C,5,12.8373,0.0,0,32,28,adaptive
539,S2C,5,12.0578,0.0,0,32,28,adaptive
539,E2C,8,6.2747,21.0,3,32,28,adaptive
539,W2C,8,6.1854,18.0,4,32,28,adaptive
540,N2C,4,12.902,0.0,0,32,28,adaptive
540,S2C,5,12.6142,0.0,0,32,28,adaptive
540,E2C,8,5.812,25.0,4,32,28,adaptive
540,W2C,8,5.5225,22.0,4,32,28,adaptive
541,N2C,5,12.8563,0.0,0,32,28,adaptive
541,S2C,4,13.0174,0.0,0,32,28,adaptive
541,E2C,9,6.2074,29.0,4,32,28,adaptive
541,W2C,9,6.1011,26.0,4,32,28,adaptive
542,N2C,4,13.4027,0.0,0,32,28,adaptive
542,S2C,4,12.7369,0.0,0,32,28,adaptive
542,E2C,9,5.7192,34.0,5,32,28,adaptive
542,W2C,9,5.6056,31.0,5,32,28,adaptive
543,N2C,4,13.4846,0.0,0,32,28,adaptive
543,S2C,4,12.9499,0.0,0,32,28,adaptive
543,E2C,9,5.808,39.0,5,32,28,adaptive
543,W2C,9,5.6162,36.0,5,32,28,adaptive
544,N2C,4,13.5275,0.0,0,32,28,adaptive
544,S2C,4,12.7779,0.0,0,32,28,adaptive
544,E2C,9,5.558,44.0,5,32,28,adaptive
544,W2C,9,5.6889,41.0,5,32,28,adaptive
545,N2C,4,12.9989,0.0,0,32,28,adaptive
545,S2C,4,12.0724,0.0,0,32,28,adaptive
545,E2C,9,5.4249,49.0,5,32,28,adaptive
545,W2C,9,5.4549,46.0,5,32,28,adaptive
546,N2C,4,13.5391,0.0,0,32,28,adaptive
546,S2C,4,12.8115,0.0,0,32,28,adaptive
546,E2C,10,5.8156,54.0,5,32,28,adaptive
546,W2C,10,5.7883,51.0,5,32,28,adaptive
547,N2C,4,12.7514,0.0,0,32,28,adaptive
547,S2C,5,13.2493,0.0,0,32,28,adaptive
547,E2C,10,5.4013,59.0,5,32,28,adaptive
547,W2C,10,5.3916,56.0,5,32,28,adaptive
548,N2C,4,13.0263,0.0,0,32,28,adaptive
548,S2C,5,12.9648,0.0,0,32,28,adaptive
548,E2C,10,4.7044,64.0,5,32,28,adaptive
548,W2C,10,5.1595,61.0,5,32,28,adaptive
549,N2C,4,13.2744,0.0,0,32,28,adaptive
549,S2C,4,13.037,0.0,0,32,28,adaptive
549,E2C,10,4.3916,70.0,6,32,28,adaptive
549,W2C,10,4.6761,67.0,6,32,28,adaptive
550,N2C,4,13.0852,0.0,0,32,28,adaptive
550,S2C,4,12.9493,0.0,0,32,28,adaptive
550,E2C,11,4.7862,76.0,6,32,28,adaptive
550,W2C,11,5.1976,73.0,6,32,28,adaptive
551,N2C,4,12.9017,0.0,0,32,28,adaptive
551,S2C,4,12.9475,0.0,0,32,28,adaptive
551,E2C,11,4.8863,82.0,6,32,28,adaptive
551,W2C,11,4.6996,79.0,6,32,28,adaptive
552,N2C,4,13.0457,0.0,0,32,28,adaptive
552,S2C,4,13.0813,0.0,0,32,28,adaptive
552,E2C,11,4.6769,89.0,7,32,28,adaptive
552,W2C,11,4.7601,86.0,7,32,28,adaptive
553,N2C,4,13.2149,0.0,0,32,28,adaptive
553,S2C,4,12.8538,0.0,0,32,28,adaptive
553,E2C,11,4.6715,96.0,7,32,28,adaptive
553,W2C,11,4.6325,93.0,7,32,28,adaptive
554,N2C,4,12.963,0.0,0,32,28,adaptive
554,S2C,4,12.8358,0.0,0,32,28,adaptive
554,E2C,11,4.6203,103.0,7,32,28,adaptive
554,W2C,11,4.4693,100.0,7,32,28,adaptive
555,N2C,5,13.0689,0.0,0,32,28,adaptive
555,S2C,5,13.2505,0.0,0,32,28,adaptive
555,E2C,12,4.9401,110.0,7,32,28,adaptive
555,W2C,12,4.7006,107.0,7,32,28,adaptive
556,N2C,4,13.1552,0.0,0,32,28,adaptive
556,S2C,4,13.0645,0.0,0,32,28,adaptive
556,E2C,12,4.8125,117.0,7,32,28,adaptive
556,W2C,12,4.161,114.0,7,32,28,adaptive
557,N2C,4,13.3099,0.0,0,32,28,adaptive
557,S2C,4,13.306,0.0,0,32,28,adaptive
557,E2C,12,4.0533,124.0,7,32,28,adaptive
557,W2C,12,3.636,122.0,8,32,28,adaptive
558,N2C,4,12.9842,0.0,0,32,28,adaptive
558,S2C,4,13.0319,0.0,0,32,28,adaptive
558,E2C,12,3.633,131.0,7,32,28,adaptive
558,W2C,12,3.4333,130.0,8,32,28,adaptive
559,N2C,4,13.3529,0.0,0,32,28,adaptive
559,S2C,4,12.9862,0.0,0,32,28,adaptive
559,E2C,13,4.1937,138.0,7,32,28,adaptive
559,W2C,13,3.9933,138.0,8,32,28,adaptive
560,N2C,4,13.1044,0.0,0,32,28,adaptive
560,S2C,4,13.0798,0.0,0,32,28,adaptive
560,E2C,13,4.1099,146.0,8,32,28,adaptive
560,W2C,13,4.0696,147.0,9,32,28,adaptive
561,N2C,4,13.0855,0.0,0,32,28,adaptive
561,S2C,4,12.8375,0.0,0,32,28,adaptive
561,E2C,13,3.8892,155.0,9,32,28,adaptive
561,W2C,13,3.751,156.0,9,32,28,adaptive
562,N2C,4,13.282,0.0,0,32,28,adaptive
562,S2C,4,12.9594,0.0,0,32,28,adaptive
562,E2C,13,3.5025,164.0,9,32,28,adaptive
562,W2C,13,3.3424,165.0,9,32,28,adaptive
563,N2C,4,13.3221,0.0,0,32,28,adaptive
563,S2C,4,12.9989,0.0,0,32,28,adaptive
563,E2C,13,3.1572,173.0,9,32,28,adaptive
563,W2C,13,3.1645,174.0,9,32,28,adaptive
564,N2C,5,12.5262,0.0,0,32,28,adaptive
564,S2C,5,12.4912,0.0,0,32,28,adaptive
564,E2C,12,4.3446,112.0,7,32,28,adaptive
564,W2C,12,4.251,117.0,7,32,28,adaptive
565,N2C,5,11.5653,0.0,0,32,28,adaptive
565,S2C,5,11.7191,0.0,0,32,28,adaptive
565,E2C,12,4.2759,66.0,5,32,28,adaptive
565,W2C,12,4.0362,71.0,6,32,28,adaptive
566,N2C,5,11.0983,0.0,0,32,28,adaptive
566,S2C,5,10.5636,0.0,0,32,28,adaptive
566,E2C,12,4.1051,28.0,3,32,28,adaptive
566,W2C,12,4.0314,34.0,4,32,28,adaptive
567,N2C,5,9.9558,1.0,1,32,28,adaptive
567,S2C,5,10.0192,0.0,0,32,28,adaptive
567,E2C,11,4.5271,8.0,2,32,28,adaptive
567,W2C,11,4.2122,11.0,2,32,28,adaptive
568,N2C,6,10.1143,2.0,1,32,28,adaptive
568,S2C,6,10.4792,1.0,1,32,28,adaptive
568,E2C,11,6.0219,1.0,1,32,28,adaptive
568,W2C,11,5.2751,0.0,0,32,28,adaptive
569,N2C,6,9.4757,3.0,1,32,28,adaptive
569,S2C,6,9.7548,2.0,1,32,28,adaptive
569,E2C,11,6.5291,0.0,0,32,28,adaptive
569,W2C,11,6.1678,0.0,0,32,28,adaptive
570,N2C,6,8.6277,4.0,1,32,28,adaptive
570,S2C,6,8.9664,3.0,1,32,28,adaptive
570,E2C,9,7.2213,0.0,0,32,28,adaptive
570,W2C,9,7.044,0.0,0,32,28,adaptive
571,N2C,6,8.9329,5.0,1,32,28,adaptive
571,S2C,6,8.3623,4.0,1,32,28,adaptive
571,E2C,9,7.8104,0.0,0,32,28,adaptive
571,W2C,9,7.7405,0.0,0,32,28,adaptive
572,N2C,6,8.1825,7.0,2,32,28,adaptive
572,S2C,6,7.3682,6.0,2,32,28,adaptive
572,E2C,7,9.0388,0.0,0,32,28,adaptive
572,W2C,7,8.8233,0.0,0,32,28,adaptive
573,N2C,7,8.4052,9.0,2,32,28,adaptive
573,S2C,7,8.04,8.0,2,32,28,adaptive
573,E2C,8,10.3059,0.0,0,32,28,adaptive
573,W2C,8,9.9713,0.0,0,32,28,adaptive
574,N2C,7,7.941,11.0,2,32,28,adaptive
574,S2C,7,7.4128,10.0,2,32,28,adaptive
574,E2C,6,10.8457,0.0,0,32,28,adaptive
574,W2C,6,11.0601,0.0,0,32,28,adaptive
575,N2C,7,7.736,13.0,2,32,28,adaptive
575,S2C,7,7.2982,12.0,2,32,28,adaptive
575,E2C,6,11.3009,0.0,0,32,28,adaptive
575,W2C,6,10.9753,0.0,0,32,28,adaptive
576,N2C,7,6.9335,15.0,2,32,28,adaptive
576,S2C,7,7.223,15.0,3,32,28,adaptive
576,E2C,4,12.1839,0.0,0,32,28,adaptive
576,W2C,5,11.7573,0.0,0,32,28,adaptive
577,N2C,8,7.2906,18.0,3,32,28,adaptive
577,S2C,8,7.9459,18.0,3,32,28,adaptive
577,E2C,5,12.8881,0.0,0,32,28,adaptive
577,W2C,5,11.721,0.0,0,32,28,adaptive
578,N2C,8,6.5255,21.0,3,32,28,adaptive
578,S2C,8,7.427,21.0,3,32,28,adaptive
578,E2C,4,13.4348,0.0,0,32,28,adaptive
578,W2C,4,11.4889,0.0,0,32,28,adaptive
579,N2C,8,6.6696,24.0,3,32,28,adaptive
579,S2C,8,6.9935,24.0,3,32,28,adaptive
579,E2C,4,12.8073,0.0,0,32,28,adaptive
579,W2C,4,11.7202,0.0,0,32,28,adaptive
580,N2C,8,6.4379,28.0,4,32,28,adaptive
580,S2C,8,6.4673,28.0,4,32,28,adaptive
580,E2C,4,12.8112,0.0,0,32,28,adaptive
580,W2C,4,11.5364,0.0,0,32,28,adaptive
581,N2C,8,5.7979,32.0,4,32,28,adaptive
581,S2C,8,6.2888,32.0,4,32,28,adaptive
581,E2C,4,13.177,0.0,0,32,28,adaptive
581,W2C,4,11.4869,0.0,0,32,28,adaptive
582,N2C,9,6.2631,36.0,4,32,28,adaptive
582,S2C,9,6.6458,36.0,4,32,28,adaptive
582,E2C,5,12.9872,0.0,0,32,28,adaptive
582,W2C,5,12.1297,0.0,0,32,28,adaptive
583,N2C,9,5.8388,40.0,4,32,28,adaptive
583,S2C,9,5.9909,40.0,4,32,28,adaptive
583,E2C,5,12.805,0.0,0,32,28,adaptive
583,W2C,4,12.0946,0.0,0,32,28,adaptive
584,N2C,9,5.5742,44.0,4,32,28,adaptive
584,S2C,9,5.5506,44.0,4,32,28,adaptive
584,E2C,4,13.2345,0.0,0,32,28,adaptive
584,W2C,4,11.8694,0.0,0,32,28,adaptive
585,N2C,9,5.1082,49.0,5,32,28,adaptive
585,S2C,9,4.9652,48.0,4,32,28,adaptive
585,E2C,4,13.0755,0.0,0,32,28,adaptive
585,W2C,4,11.722,0.0,0,32,28,adaptive
586,N2C,10,5.5626,54.0,5,32,28,adaptive
586,S2C,10,5.6838,53.0,5,32,28,adaptive
586,E2C,4,13.1677,0.0,0,32,28,adaptive
586,W2C,5,12.29,0.0,0,32,28,adaptive
587,N2C,10,5.2335,59.0,5,32,28,adaptive
587,S2C,10,5.0811,58.0,5,32,28,adaptive
587,E2C,4,12.9017,0.0,0,32,28,adaptive
587,W2C,5,12.2371,0.0,0,32,28,adaptive
588,N2C,10,5.0684,65.0,6,32,28,adaptive
588,S2C,10,5.0341,64.0,6,32,28,adaptive
588,E2C,4,12.8966,0.0,0,32,28,adaptive
588,W2C,5,12.358,0.0,0,32,28,adaptive
589,N2C,10,4.7293,71.0,6,32,28,adaptive
589,S2C,10,4.7172,70.0,6,32,28,adaptive
589,E2C,4,12.5201,0.0,0,32,28,adaptive
589,W2C,5,12.1056,0.0,0,32,28,adaptive
590,N2C,10,4.3359,77.0,6,32,28,adaptive
590,S2C,10,4.4797,76.0,6,32,28,adaptive
590,E2C,4,12.8693,0.0,0,32,28,adaptive
590,W2C,5,12.0339,0.0,0,32,28,adaptive
591,N2C,11,4.7011,84.0,7,32,28,adaptive
591,S2C,11,4.9646,82.0,6,32,28,adaptive
591,E2C,4,12.5762,0.0,0,32,28,adaptive
591,W2C,5,12.2458,0.0,0,32,28,adaptive
592,N2C,11,4.6819,91.0,7,32,28,adaptive
592,S2C,11,4.7162,88.0,6,32,28,adaptive
592,E2C,4,12.4634,0.0,0,32,28,adaptive
592,W2C,5,12.1485,0.0,0,32,28,adaptive
593,N2C,11,4.4428,98.0,7,32,28,adaptive
593,S2C,11,4.2314,95.0,7,32,28,adaptive
593,E2C,4,12.9924,0.0,0,32,28,adaptive
593,W2C,5,12.2569,0.0,0,32,28,adaptive
594,N2C,11,4.0184,105.0,7,35,25,adaptive
594,S2C,11,3.8415,102.0,7,35,25,adaptive
594,E2C,4,12.3101,0.0,0,35,25,adaptive
594,W2C,5,11.4298,0.0,0,35,25,adaptive
595,N2C,12,4.4383,112.0,7,35,25,adaptive
595,S2C,12,4.4842,109.0,7,35,25,adaptive
595,E2C,5,11.6744,0.0,0,35,25,adaptive
595,W2C,6,10.9134,0.0,0,35,25,adaptive
596,N2C,12,4.2445,119.0,7,35,25,adaptive
596,S2C,12,4.2622,117.0,8,35,25,adaptive
596,E2C,5,10.7667,0.0,0,35,25,adaptive
596,W2C,6,10.4633,0.0,0,35,25,adaptive
597,N2C,12,4.3227,127.0,8,35,25,adaptive
597,S2C,12,4.3545,125.0,8,35,25,adaptive
597,E2C,5,10.2473,0.0,0,35,25,adaptive
597,W2C,6,9.4591,1.0,1,35,25,adaptive
598,N2C,12,4.3096,135.0,8,35,25,adaptive
598,S2C,12,4.2335,133.0,8,35,25,adaptive
598,E2C,5,10.3853,0.0,0,35,25,adaptive
598,W2C,6,8.7482,2.0,1,35,25,adaptive
599,N2C,12,3.9189,143.0,8,35,25,adaptive
599,S2C,12,4.0543,141.0,8,35,25,adaptive
599,E2C,5,10.1206,1.0,1,35,25,adaptive
599,W2C,6,8.0583,3.0,1,35,25,adaptive
600,N2C,13,4.4833,151.0,8,35,25,adaptive
600,S2C,13,4.5288,149.0,8,35,25,adaptive
600,E2C,6,10.0213,2.0,1,35,25,adaptive
600,W2C,7,8.0469,5.0,2,35,25,adaptive
601,N2C,13,3.7934,159.0,8,35,25,adaptive
601,S2C,13,4.0411,157.0,8,35,25,adaptive
601,E2C,6,9.1849,3.0,1,35,25,adaptive
601,W2C,7,7.3982,7.0,2,35,25,adaptive
602,N2C,13,3.3773,168.0,9,35,25,adaptive
602,S2C,13,3.5303,165.0,8,35,25,adaptive
602,E2C,6,8.6051,4.0,1,35,25,adaptive
602,W2C,7,7.3419,9.0,2,35,25,adaptive
603,N2C,13,3.0335,177.0,9,35,25,adaptive
603,S2C,13,3.2484,174.0,9,35,25,adaptive
603,E2C,6,8.4906,6.0,2,35,25,adaptive
603,W2C,7,6.8164,12.0,3,35,25,adaptive
604,N2C,14,3.7426,186.0,9,35,25,adaptive
604,S2C,14,3.6465,184.0,10,35,25,adaptive
604,E2C,7,8.9654,8.0,2,35,25,adaptive
604,W2C,8,7.279,15.0,3,35,25,adaptive
605,N2C,14,3.5992,196.0,10,35,25,adaptive
605,S2C,14,3.5886,194.0,10,35,25,adaptive
605,E2C,7,9.0859,10.0,2,35,25,adaptive
605,W2C,8,6.9275,18.0,3,35,25,adaptive
606,N2C,14,3.4142,206.0,10,35,25,adaptive
606,S2C,14,3.2985,204.0,10,35,25,adaptive
606,E2C,7,8.4776,12.0,2,35,25,adaptive
606,W2C,8,6.2863,21.0,3,35,25,adaptive
607,N2C,14,3.2437,216.0,10,35,25,adaptive
607,S2C,14,2.9619,214.0,10,35,25,adaptive
607,E2C,7,8.0133,14.0,2,35,25,adaptive
607,W2C,8,6.1588,25.0,4,35,25,adaptive
608,N2C,14,3.0076,226.0,10,35,25,adaptive
608,S2C,14,2.6344,225.0,11,35,25,adaptive
608,E2C,7,6.9278,16.0,2,35,25,adaptive
608,W2C,8,5.6476,29.0,4,35,25,adaptive
609,N2C,15,3.4661,236.0,10,35,25,adaptive
609,S2C,15,3.4817,236.0,11,35,25,adaptive
609,E2C,8,7.224,19.0,3,35,25,adaptive
609,W2C,9,5.9002,33.0,4,35,25,adaptive
610,N2C,15,3.143,247.0,11,35,25,adaptive
610,S2C,15,3.0862,247.0,11,35,25,adaptive
610,E2C,8,6.6586,22.0,3,35,25,adaptive
610,W2C,9,5.4456,37.0,4,35,25,adaptive
611,N2C,15,2.8532,258.0,11,35,25,adaptive
611,S2C,15,2.8496,258.0,11,35,25,adaptive
611,E2C,8,6.0684,25.0,3,35,25,adaptive
611,W2C,9,5.242,42.0,5,35,25,adaptive
612,N2C,15,2.6171,269.0,11,35,25,adaptive
612,S2C,15,2.5232,269.0,11,35,25,adaptive
612,E2C,8,5.791,29.0,4,35,25,adaptive
612,W2C,9,4.8532,47.0,5,35,25,adaptive
613,N2C,16,3.3537,281.0,12,35,25,adaptive
613,S2C,16,3.2667,280.0,11,35,25,adaptive
613,E2C,9,6.0592,33.0,4,35,25,adaptive
613,W2C,10,5.3035,52.0,5,35,25,adaptive
614,N2C,16,3.1614,293.0,12,35,25,adaptive
614,S2C,16,3.0733,292.0,12,35,25,adaptive
614,E2C,9,5.7982,37.0,4,35,25,adaptive
614,W2C,10,5.019,57.0,5,35,25,adaptive
615,N2C,16,2.9929,305.0,12,35,25,adaptive
615,S2C,16,2.8904,304.0,12,35,25,adaptive
615,E2C,9,5.6365,41.0,4,35,25,adaptive
615,W2C,10,4.9494,63.0,6,35,25,adaptive
616,N2C,16,2.7212,317.0,12,35,25,adaptive
616,S2C,16,2.4986,316.0,12,35,25,adaptive
616,E2C,9,5.6198,46.0,5,35,25,adaptive
616,W2C,10,4.9293,69.0,6,35,25,adaptive
617,N2C,16,2.4404,329.0,12,35,25,adaptive
617,S2C,16,2.398,328.0,12,35,25,adaptive
617,E2C,9,5.0407,51.0,5,35,25,adaptive
617,W2C,10,4.8311,75.0,6,35,25,adaptive
618,N2C,17,3.0516,342.0,13,35,25,adaptive
618,S2C,17,3.0249,341.0,13,35,25,adaptive
618,E2C,10,5.6204,56.0,5,35,25,adaptive
618,W2C,11,5.5088,81.0,6,35,25,adaptive
619,N2C,17,2.8503,355.0,13,35,25,adaptive
619,S2C,17,2.9057,354.0,13,35,25,adaptive
619,E2C,10,5.1856,61.0,5,35,25,adaptive
619,W2C,11,5.2233,87.0,6,35,25,adaptive
620,N2C,17,2.6622,368.0,13,35,25,adaptive
620,S2C,17,2.8968,367.0,13,35,25,adaptive
620,E2C,10,5.2709,66.0,5,35,25,adaptive
620,W2C,11,4.61,93.0,6,35,25,adaptive
621,N2C,17,2.522,381.0,13,35,25,adaptive
621,S2C,17,2.7712,380.0,13,35,25,adaptive
621,E2C,10,4.8441,72.0,6,35,25,adaptive
621,W2C,11,3.8691,99.0,6,35,25,adaptive
622,N2C,18,2.9022,395.0,14,35,25,adaptive
622,S2C,18,2.9531,393.0,13,35,25,adaptive
622,E2C,11,5.0081,78.0,6,35,25,adaptive
622,W2C,12,4.2883,106.0,7,35,25,adaptive
623,N2C,18,2.6338,409.0,14,35,25,adaptive
623,S2C,18,2.5666,406.0,13,35,25,adaptive
623,E2C,11,4.7532,84.0,6,35,25,adaptive
623,W2C,12,4.3201,113.0,7,35,25,adaptive
624,N2C,18,2.4285,423.0,14,35,25,adaptive
624,S2C,18,2.3305,419.0,13,35,25,adaptive
624,E2C,11,4.5852,90.0,6,35,25,adaptive
624,W2C,12,4.2344,121.0,8,35,25,adaptive
625,N2C,18,2.2235,437.0,14,35,25,adaptive
625,S2C,18,2.0725,434.0,15,35,25,adaptive
625,E2C,11,4.2033,96.0,6,35,25,adaptive
625,W2C,12,4.1167,129.0,8,35,25,adaptive
626,N2C,18,2.1457,451.0,14,35,25,adaptive
626,S2C,18,2.0025,449.0,15,35,25,adaptive
626,E2C,11,3.7417,103.0,7,35,25,adaptive
626,W2C,12,3.8399,137.0,8,35,25,adaptive
627,N2C,19,2.6047,466.0,15,35,25,adaptive
627,S2C,19,2.4249,464.0,15,35,25,adaptive
627,E2C,12,4.2813,110.0,7,35,25,adaptive
627,W2C,13,4.2957,145.0,8,35,25,adaptive
628,N2C,19,2.3991,481.0,15,35,25,adaptive
628,S2C,19,2.1757,479.0,15,35,25,adaptive
628,E2C,12,4.1198,117.0,7,35,25,adaptive
628,W2C,13,3.7082,153.0,8,35,25,adaptive
629,N2C,19,2.1936,496.0,15,35,25,adaptive
629,S2C,19,1.9565,494.0,15,35,25,adaptive
629,E2C,12,3.7259,125.0,8,35,25,adaptive
629,W2C,13,3.2936,161.0,8,35,25,adaptive
630,N2C,17,2.2955,389.0,14,35,25,adaptive
630,S2C,17,2.1758,388.0,14,35,25,adaptive
630,E2C,12,3.4613,133.0,8,35,25,adaptive
630,W2C,13,3.091,170.0,9,35,25,adaptive
631,N2C,18,3.049,296.0,12,35,25,adaptive
631,S2C,18,2.8628,294.0,12,35,25,adaptive
631,E2C,13,3.923,141.0,8,35,25,adaptive
631,W2C,14,3.6728,179.0,9,35,25,adaptive
632,N2C,18,3.2037,215.0,10,35,25,adaptive
632,S2C,18,3.1138,214.0,10,35,25,adaptive
632,E2C,13,3.8954,149.0,8,35,25,adaptive
632,W2C,14,3.5829,189.0,10,35,25,adaptive
633,N2C,16,3.1556,145.0,8,35,25,adaptive
633,S2C,16,3.048,145.0,8,35,25,adaptive
633,E2C,13,3.8618,158.0,9,35,25,adaptive
633,W2C,14,3.5356,199.0,10,35,25,adaptive
634,N2C,16,3.6632,90.0,6,35,25,adaptive
634,S2C,16,3.1699,90.0,6,35,25,adaptive
634,E2C,13,3.6622,167.0,9,35,25,adaptive
634,W2C,14,3.5376,209.0,10,35,25,adaptive
635,N2C,14,3.6746,48.0,5,35,25,adaptive
635,S2C,16,3.8153,47.0,5,35,25,adaptive
635,E2C,13,3.3537,176.0,9,35,25,adaptive
635,W2C,14,3.2826,219.0,10,35,25,adaptive
636,N2C,15,4.5504,19.0,3,35,25,adaptive
636,S2C,15,4.8117,21.0,3,35,25,adaptive
636,E2C,14,3.6981,185.0,9,35,25,adaptive
636,W2C,15,3.7728,229.0,10,35,25,adaptive
637,N2C,14,4.886,3.0,1,35,25,adaptive
637,S2C,15,5.6115,3.0,1,35,25,adaptive
637,E2C,14,3.6575,194.0,9,35,25,adaptive
637,W2C,15,3.2383,239.0,10,35,25,adaptive
638,N2C,13,5.5173,0.0,0,35,25,adaptive
638,S2C,13,6.0478,0.0,0,35,25,adaptive
638,E2C,14,3.5441,203.0,9,35,25,adaptive
638,W2C,15,2.9166,249.0,10,35,25,adaptive
639,N2C,12,6.4494,0.0,0,35,25,adaptive
639,S2C,13,6.8208,0.0,0,35,25,adaptive
639,E2C,14,3.2652,213.0,10,35,25,adaptive
639,W2C,15,2.57,260.0,11,35,25,adaptive
640,N2C,12,7.4759,0.0,0,35,25,adaptive
640,S2C,12,7.347,0.0,0,35,25,adaptive
640,E2C,15,3.7145,223.0,10,35,25,adaptive
640,W2C,16,3.3006,271.0,11,35,25,adaptive
641,N2C,11,7.7774,0.0,0,35,25,adaptive
641,S2C,12,8.0352,0.0,0,35,25,adaptive
641,E2C,15,3.4479,233.0,10,35,25,adaptive
641,W2C,16,3.2791,283.0,12,35,25,adaptive
642,N2C,10,8.5911,0.0,0,35,25,adaptive
642,S2C,10,8.4716,0.0,0,35,25,adaptive
642,E2C,15,3.2253,244.0,11,35,25,adaptive
642,W2C,16,3.1859,295.0,12,35,25,adaptive
643,N2C,9,9.44,0.0,0,35,25,adaptive
643,S2C,9,9.1378,0.0,0,35,25,adaptive
643,E2C,15,3.0337,255.0,11,35,25,adaptive
643,W2C,16,2.909,307.0,12,35,25,adaptive
644,N2C,7,10.3069,0.0,0,35,25,adaptive
644,S2C,8,9.6865,0.0,0,35,25,adaptive
644,E2C,15,2.6605,266.0,11,35,25,adaptive
644,W2C,16,2.651,319.0,12,35,25,adaptive
645,N2C,8,11.4706,0.0,0,35,25,adaptive
645,S2C,8,10.9538,0.0,0,35,25,adaptive
645,E2C,16,3.1018,277.0,11,35,25,adaptive
645,W2C,17,3.0342,331.0,12,35,25,adaptive
646,N2C,6,11.6736,0.0,0,35,25,adaptive
646,S2C,7,11.5986,0.0,0,35,25,adaptive
646,E2C,16,2.8259,289.0,12,35,25,adaptive
646,W2C,17,2.7819,343.0,12,35,25,adaptive
647,N2C,5,11.9271,0.0,0,35,25,adaptive
647,S2C,6,11.7857,0.0,0,35,25,adaptive
647,E2C,16,2.5049,301.0,12,35,25,adaptive
647,W2C,17,2.5872,356.0,13,35,25,adaptive
648,N2C,4,12.0497,0.0,0,35,25,adaptive
648,S2C,5,12.4557,0.0,0,35,25,adaptive
648,E2C,16,2.3825,313.0,12,35,25,adaptive
648,W2C,17,2.3579,369.0,13,35,25,adaptive
649,N2C,5,12.5747,0.0,0,35,25,adaptive
649,S2C,5,12.6598,0.0,0,35,25,adaptive
649,E2C,17,3.0434,325.0,12,35,25,adaptive
649,W2C,18,2.8999,383.0,14,35,25,adaptive
650,N2C,4,12.3469,0.0,0,35,25,adaptive
650,S2C,4,12.3488,0.0,0,35,25,adaptive
650,E2C,17,3.0088,338.0,13,35,25,adaptive
650,W2C,18,2.525,397.0,14,35,25,adaptive
651,N2C,4,12.2473,0.0,0,35,25,adaptive
651,S2C,4,12.5933,0.0,0,35,25,adaptive
651,E2C,17,2.7982,351.0,13,35,25,adaptive
651,W2C,18,2.3624,411.0,14,35,25,adaptive
652,N2C,4,12.0967,0.0,0,35,25,adaptive
652,S2C,4,12.0001,0.0,0,35,25,adaptive
652,E2C,17,2.5975,364.0,13,35,25,adaptive
652,W2C,18,2.1592,425.0,14,35,25,adaptive
653,N2C,4,12.3276,0.0,0,35,25,adaptive
653,S2C,4,12.1635,0.0,0,35,25,adaptive
653,E2C,17,2.3093,377.0,13,35,25,adaptive
653,W2C,18,2.1411,440.0,15,35,25,adaptive
654,N2C,5,12.4648,0.0,0,35,25,adaptive
654,S2C,5,12.474,0.0,0,35,25,adaptive
654,E2C,18,2.5521,390.0,13,35,25,adaptive
654,W2C,19,2.4514,455.0,15,35,25,adaptive
655,N2C,5,12.1624,0.0,0,35,25,adaptive
655,S2C,4,12.2418,0.0,0,35,25,adaptive
655,E2C,18,2.2714,403.0,13,35,25,adaptive
655,W2C,19,2.2413,470.0,15,35,25,adaptive
656,N2C,5,12.2528,0.0,0,35,25,adaptive
656,S2C,4,12.478,0.0,0,35,25,adaptive
656,E2C,18,2.0401,417.0,14,35,25,adaptive
656,W2C,19,2.0505,485.0,15,35,25,adaptive
657,N2C,5,12.3102,0.0,0,35,25,adaptive
657,S2C,4,12.1467,0.0,0,35,25,adaptive
657,E2C,18,2.1212,432.0,15,35,25,adaptive
657,W2C,19,2.0323,501.0,16,35,25,adaptive
658,N2C,5,12.8572,0.0,0,35,25,adaptive
658,S2C,5,12.6987,0.0,0,35,25,adaptive
658,E2C,19,2.6244,447.0,15,35,25,adaptive
658,W2C,20,2.5392,517.0,16,35,25,adaptive
659,N2C,5,12.5884,0.0,0,35,25,adaptive
659,S2C,5,12.702,0.0,0,35,25,adaptive
659,E2C,19,2.5943,462.0,15,35,25,adaptive
659,W2C,20,2.3369,533.0,16,35,25,adaptive
660,N2C,5,12.4162,0.0,0,28,32,adaptive
660,S2C,5,12.3705,0.0,0,28,32,adaptive
660,E2C,19,2.6041,477.0,15,28,32,adaptive
660,W2C,20,2.1485,549.0,16,28,32,adaptive
661,N2C,5,11.5171,0.0,0,28,32,adaptive
661,S2C,5,11.3337,0.0,0,28,32,adaptive
661,E2C,19,2.3361,492.0,15,28,32,adaptive
661,W2C,20,1.9091,566.0,17,28,32,adaptive
662,N2C,5,10.4068,0.0,0,28,32,adaptive
662,S2C,5,10.3989,0.0,0,28,32,adaptive
662,E2C,19,2.0476,507.0,15,28,32,adaptive
662,W2C,20,1.9363,583.0,17,28,32,adaptive
663,N2C,6,9.9619,1.0,1,28,32,adaptive
663,S2C,5,10.4359,0.0,0,28,32,adaptive
663,E2C,20,2.3865,522.0,15,28,32,adaptive
663,W2C,21,2.3728,600.0,17,28,32,adaptive
664,N2C,6,9.0696,2.0,1,28,32,adaptive
664,S2C,6,9.9899,0.0,0,28,32,adaptive
664,E2C,20,2.0781,537.0,15,28,32,adaptive
664,W2C,21,2.2434,617.0,17,28,32,adaptive
665,N2C,6,8.5881,3.0,1,28,32,adaptive
665,S2C,6,8.856,1.0,1,28,32,adaptive
665,E2C,20,1.959,552.0,15,28,32,adaptive
665,W2C,21,1.9794,634.0,17,28,32,adaptive
666,N2C,6,7.9855,5.0,2,28,32,adaptive
666,S2C,6,8.2676,2.0,1,28,32,adaptive
666,E2C,20,1.9167,568.0,16,28,32,adaptive
666,W2C,21,1.8835,651.0,17,28,32,adaptive
667,N2C,7,8.145,7.0,2,28,32,adaptive
667,S2C,7,8.5564,3.0,1,28,32,adaptive
667,E2C,21,2.5016,585.0,17,28,32,adaptive
667,W2C,22,2.2468,668.0,17,28,32,adaptive
668,N2C,7,7.689,9.0,2,28,32,adaptive
668,S2C,7,7.8068,5.0,2,28,32,adaptive
668,E2C,21,2.3694,602.0,17,28,32,adaptive
668,W2C,22,1.9695,686.0,18,28,32,adaptive
669,N2C,7,7.5139,11.0,2,28,32,adaptive
669,S2C,7,7.4164,7.0,2,28,32,adaptive
669,E2C,21,2.2235,619.0,17,28,32,adaptive
669,W2C,22,1.7984,704.0,18,28,32,adaptive
670,N2C,7,7.3492,14.0,3,28,32,adaptive
670,S2C,7,7.5335,10.0,3,28,32,adaptive
670,E2C,21,2.0291,636.0,17,28,32,adaptive
670,W2C,22,1.7756,722.0,18,28,32,adaptive
671,N2C,7,7.463,17.0,3,28,32,adaptive
671,S2C,7,7.0694,13.0,3,28,32,adaptive
671,E2C,21,1.646,653.0,17,28,32,adaptive
671,W2C,22,1.5932,741.0,19,28,32,adaptive
672,N2C,8,7.6722,20.0,3,28,32,adaptive
672,S2C,8,7.2445,16.0,3,28,32,adaptive
672,E2C,22,2.0368,671.0,18,28,32,adaptive
672,W2C,23,1.8575,760.0,19,28,32,adaptive
673,N2C,8,7.1945,23.0,3,28,32,adaptive
673,S2C,8,6.4561,19.0,3,28,32,adaptive
673,E2C,22,1.8504,689.0,18,28,32,adaptive
673,W2C,23,1.6251,779.0,19,28,32,adaptive
674,N2C,8,6.4595,26.0,3,28,32,adaptive
674,S2C,8,6.1262,22.0,3,28,32,adaptive
674,E2C,22,1.8245,707.0,18,28,32,adaptive
674,W2C,23,1.6645,799.0,20,28,32,adaptive
675,N2C,8,5.7896,29.0,3,28,32,adaptive
675,S2C,8,5.8594,26.0,4,28,32,adaptive
675,E2C,22,1.7719,726.0,19,28,32,adaptive
675,W2C,23,1.5494,819.0,20,28,32,adaptive
676,N2C,9,6.24,32.0,3,28,32,adaptive
676,S2C,9,6.1456,30.0,4,28,32,adaptive
676,E2C,23,2.094,745.0,19,28,32,adaptive
676,W2C,24,1.8835,839.0,20,28,32,adaptive
677,N2C,9,5.7438,36.0,4,28,32,adaptive
677,S2C,9,5.7123,34.0,4,28,32,adaptive
677,E2C,23,1.8848,764.0,19,28,32,adaptive
677,W2C,24,1.6418,859.0,20,28,32,adaptive
678,N2C,9,5.8788,40.0,4,28,32,adaptive
678,S2C,9,5.5958,38.0,4,28,32,adaptive
678,E2C,23,1.7482,783.0,19,28,32,adaptive
678,W2C,24,1.5769,879.0,20,28,32,adaptive
679,N2C,9,5.7511,44.0,4,28,32,adaptive
679,S2C,9,5.7009,43.0,5,28,32,adaptive
679,E2C,23,1.5629,803.0,20,28,32,adaptive
679,W2C,24,1.4687,900.0,21,28,32,adaptive
680,N2C,9,5.5754,49.0,5,28,32,adaptive
680,S2C,9,5.5234,48.0,5,28,32,adaptive
680,E2C,23,1.4334,823.0,20,28,32,adaptive
680,W2C,24,1.2468,921.0,21,28,32,adaptive
681,N2C,10,5.7834,54.0,5,28,32,adaptive
681,S2C,10,6.3915,53.0,5,28,32,adaptive
681,E2C,24,1.7468,843.0,20,28,32,adaptive
681,W2C,25,1.5743,942.0,21,28,32,adaptive
682,N2C,10,5.1375,59.0,5,28,32,adaptive
682,S2C,10,5.9114,58.0,5,28,32,adaptive
682,E2C,24,1.6657,863.0,20,28,32,adaptive
682,W2C,25,1.5463,963.0,21,28,32,adaptive
683,N2C,10,4.6615,64.0,5,28,32,adaptive
683,S2C,10,4.9968,63.0,5,28,32,adaptive
683,E2C,24,1.6093,884.0,21,28,32,adaptive
683,W2C,25,1.4964,985.0,22,28,32,adaptive
684,N2C,10,4.0756,70.0,6,28,32,adaptive
684,S2C,10,4.3256,68.0,5,28,32,adaptive
684,E2C,24,1.4717,905.0,21,28,32,adaptive
684,W2C,25,1.5183,1007.0,22,28,32,adaptive
685,N2C,11,4.5707,77.0,7,28,32,adaptive
685,S2C,11,4.9087,73.0,5,28,32,adaptive
685,E2C,25,1.8473,926.0,21,28,32,adaptive
685,W2C,26,1.877,1029.0,22,28,32,adaptive
686,N2C,11,4.7318,84.0,7,28,32,adaptive
686,S2C,11,4.5308,80.0,7,28,32,adaptive
686,E2C,25,1.6274,947.0,21,28,32,adaptive
686,W2C,26,1.7684,1051.0,22,28,32,adaptive
687,N2C,11,4.6914,91.0,7,28,32,adaptive
687,S2C,11,4.6252,87.0,7,28,32,adaptive
687,E2C,25,1.4915,968.0,21,28,32,adaptive
687,W2C,26,1.5882,1073.0,22,28,32,adaptive
688,N2C,11,4.2969,98.0,7,28,32,adaptive
688,S2C,11,4.563,94.0,7,28,32,adaptive
688,E2C,25,1.3113,990.0,22,28,32,adaptive
688,W2C,26,1.2945,1096.0,23,28,32,adaptive
689,N2C,11,3.9466,105.0,7,28,32,adaptive
689,S2C,11,4.4248,101.0,7,28,32,adaptive
689,E2C,23,1.3256,834.0,20,28,32,adaptive
689,W2C,24,1.2039,936.0,21,28,32,adaptive
690,N2C,12,4.3837,112.0,7,28,32,adaptive
690,S2C,12,4.7201,108.0,7,28,32,adaptive
690,E2C,24,1.7554,693.0,18,28,32,adaptive
690,W2C,25,1.7105,785.0,19,28,32,adaptive
691,N2C,12,4.0351,119.0,7,28,32,adaptive
691,S2C,12,4.1357,115.0,7,28,32,adaptive
691,E2C,24,1.9332,565.0,17,28,32,adaptive
691,W2C,25,1.9113,646.0,17,28,32,adaptive
692,N2C,12,3.6973,126.0,7,28,32,adaptive
692,S2C,12,3.961,122.0,7,28,32,adaptive
692,E2C,23,2.1122,451.0,15,28,32,adaptive
692,W2C,23,1.995,524.0,16,28,32,adaptive
693,N2C,12,3.2242,134.0,8,28,32,adaptive
693,S2C,12,3.4475,129.0,7,28,32,adaptive
693,E2C,22,2.3251,350.0,13,28,32,adaptive
693,W2C,23,2.1921,414.0,14,28,32,adaptive
694,N2C,13,3.966,142.0,8,28,32,adaptive
694,S2C,13,3.9195,137.0,8,28,32,adaptive
694,E2C,23,3.0649,261.0,11,28,32,adaptive
694,W2C,23,2.6385,318.0,12,28,32,adaptive
695,N2C,13,3.86,151.0,9,28,32,adaptive
695,S2C,13,3.7887,146.0,9,28,32,adaptive
695,E2C,21,2.9819,186.0,9,28,32,adaptive
695,W2C,22,2.7653,234.0,10,28,32,adaptive
696,N2C,13,3.9112,160.0,9,28,32,adaptive
696,S2C,13,3.8292,155.0,9,28,32,adaptive
696,E2C,21,3.2546,155.0,8,28,32,adaptive
696,W2C,22,3.0883,200.0,9,28,32,adaptive
697,N2C,13,3.9135,169.0,9,28,32,adaptive
697,S2C,13,3.9304,164.0,9,28,32,adaptive
697,E2C,19,3.2453,132.0,8,28,32,adaptive
697,W2C,20,2.9894,132.0,8,28,32,adaptive
698,N2C,13,3.7912,178.0,9,28,32,adaptive
698,S2C,13,3.5891,173.0,9,28,32,adaptive
698,E2C,18,3.4239,81.0,6,28,32,adaptive
698,W2C,19,3.2436,81.0,6,28,32,adaptive
699,N2C,14,4.2011,187.0,9,28,32,adaptive
699,S2C,14,4.1095,182.0,9,28,32,adaptive
699,E2C,18,4.5586,41.0,4,28,32,adaptive
699,W2C,19,4.1234,40.0,4,28,32,adaptive
700,N2C,14,3.8528,196.0,9,28,32,adaptive
700,S2C,14,3.5101,191.0,9,28,32,adaptive
700,E2C,17,5.0034,15.0,3,28,32,adaptive
700,W2C,18,4.4644,13.0,2,28,32,adaptive
701,N2C,14,3.3905,206.0,10,28,32,adaptive
701,S2C,14,3.1062,200.0,9,28,32,adaptive
701,E2C,16,5.302,2.0,1,28,32,adaptive
701,W2C,17,4.7619,0.0,0,28,32,adaptive
702,N2C,14,3.2393,216.0,10,28,32,adaptive
702,S2C,14,2.9417,209.0,9,28,32,adaptive
702,E2C,15,5.7701,0.0,0,28,32,adaptive
702,W2C,17,5.5299,0.0,0,28,32,adaptive
703,N2C,15,3.6712,226.0,10,28,32,adaptive
703,S2C,15,3.5014,219.0,10,28,32,adaptive
703,E2C,15,6.7925,0.0,0,28,32,adaptive
703,W2C,16,6.0651,0.0,0,28,32,adaptive
704,N2C,15,3.4855,236.0,10,28,32,adaptive
704,S2C,15,3.4261,230.0,11,28,32,adaptive
704,E2C,14,7.6919,0.0,0,28,32,adaptive
704,W2C,16,7.139,0.0,0,28,32,adaptive
705,N2C,15,3.2625,247.0,11,28,32,adaptive
705,S2C,15,3.5002,241.0,11,28,32,adaptive
705,E2C,13,8.191,0.0,0,28,32,adaptive
705,W2C,14,7.5383,0.0,0,28,32,adaptive
706,N2C,15,2.9816,258.0,11,28,32,adaptive
706,S2C,15,3.121,252.0,11,28,32,adaptive
706,E2C,12,8.8113,0.0,0,28,32,adaptive
706,W2C,13,8.4116,0.0,0,28,32,adaptive
707,N2C,15,2.8184,269.0,11,28,32,adaptive
707,S2C,15,2.8552,263.0,11,28,32,adaptive
707,E2C,11,9.6069,0.0,0,28,32,adaptive
707,W2C,12,9.366,0.0,0,28,32,adaptive
708,N2C,16,3.0239,280.0,11,28,32,adaptive
708,S2C,16,3.1897,274.0,11,28,32,adaptive
708,E2C,11,10.9706,0.0,0,28,32,adaptive
708,W2C,12,10.3021,0.0,0,28,32,adaptive
709,N2C,16,2.9027,292.0,12,28,32,adaptive
709,S2C,16,2.9037,286.0,12,28,32,adaptive
709,E2C,10,11.4549,0.0,0,28,32,adaptive
709,W2C,11,10.742,0.0,0,28,32,adaptive
710,N2C,16,2.5638,304.0,12,28,32,adaptive
710,S2C,16,2.5103,298.0,12,28,32,adaptive
710,E2C,9,11.7001,0.0,0,28,32,adaptive
710,W2C,10,10.8554,0.0,0,28,32,adaptive
711,N2C,16,2.4086,316.0,12,28,32,adaptive
711,S2C,16,2.4521,310.0,12,28,32,adaptive
711,E2C,7,12.5317,0.0,0,28,32,adaptive
711,W2C,9,11.4536,0.0,0,28,32,adaptive
712,N2C,17,3.0846,329.0,13,28,32,adaptive
712,S2C,17,2.9909,323.0,13,28,32,adaptive
712,E2C,7,13.0594,0.0,0,28,32,adaptive
712,W2C,9,11.8131,0.0,0,28,32,adaptive
713,N2C,17,2.8172,342.0,13,28,32,adaptive
713,S2C,17,2.8585,336.0,13,28,32,adaptive
713,E2C,6,12.9005,0.0,0,28,32,adaptive
713,W2C,8,12.0941,0.0,0,28,32,adaptive
714,N2C,17,2.6662,355.0,13,28,32,adaptive
714,S2C,17,2.6797,349.0,13,28,32,adaptive
714,E2C,5,13.4072,0.0,0,28,32,adaptive
714,W2C,7,11.9297,0.0,0,28,32,adaptive
715,N2C,17,2.4147,368.0,13,28,32,adaptive
715,S2C,17,2.3066,362.0,13,28,32,adaptive
715,E2C,4,12.8439,0.0,0,28,32,adaptive
715,W2C,6,12.3142,0.0,0,28,32,adaptive
716,N2C,17,2.2646,381.0,13,28,32,adaptive
716,S2C,17,2.2744,375.0,13,28,32,adaptive
716,E2C,4,12.9319,0.0,0,28,32,adaptive
716,W2C,5,12.1647,0.0,0,28,32,adaptive
717,N2C,18,2.645,394.0,13,28,32,adaptive
717,S2C,18,2.6288,388.0,13,28,32,adaptive
717,E2C,4,13.6878,0.0,0,28,32,adaptive
717,W2C,4,13.182,0.0,0,28,32,adaptive
718,N2C,18,2.4098,407.0,13,28,32,adaptive
718,S2C,18,2.3671,402.0,14,28,32,adaptive
718,E2C,4,12.9232,0.0,0,28,32,adaptive
718,W2C,4,13.0573,0.0,0,28,32,adaptive
719,N2C,18,2.2019,421.0,14,28,32,adaptive
719,S2C,18,2.1046,417.0,15,28,32,adaptive
719,E2C,4,13.5223,0.0,0,28,32,adaptive
719,W2C,4,12.8544,0.0,0,28,32,adaptive
720,N2C,18,2.1792,435.0,14,28,32,adaptive
720,S2C,18,2.2145,432.0,15,28,32,adaptive
720,E2C,4,13.0569,0.0,0,28,32,adaptive
720,W2C,4,12.8293,0.0,0,28,32,adaptive
721,N2C,19,2.6999,450.0,15,28,32,adaptive
721,S2C,19,2.7572,447.0,15,28,32,adaptive
721,E2C,5,12.3306,0.0,0,28,32,adaptive
721,W2C,5,13.0379,0.0,0,28,32,adaptive
722,N2C,17,2.9317,348.0,13,28,32,adaptive
722,S2C,17,2.9908,349.0,13,28,32,adaptive
722,E2C,5,11.1376,0.0,0,28,32,adaptive
722,W2C,5,12.6607,0.0,0,28,32,adaptive
723,N2C,17,2.9942,260.0,11,28,32,adaptive
723,S2C,17,3.1225,259.0,11,28,32,adaptive
723,E2C,5,10.5703,1.0,1,28,32,adaptive
723,W2C,5,11.5994,0.0,0,28,32,adaptive
724,N2C,17,3.1646,185.0,9,28,32,adaptive
724,S2C,17,3.2806,185.0,9,28,32,adaptive
724,E2C,5,10.5292,2.0,1,28,32,adaptive
724,W2C,5,11.1285,0.0,0,28,32,adaptive
725,N2C,15,3.029,120.0,7,28,32,adaptive
725,S2C,15,3.0046,122.0,7,28,32,adaptive
725,E2C,5,9.956,3.0,1,28,32,adaptive
725,W2C,5,10.1503,0.0,0,28,32,adaptive
726,N2C,16,3.9206,70.0,6,33,27,adaptive
726,S2C,16,3.6584,73.0,5,33,27,adaptive
726,E2C,6,10.1755,4.0,1,33,27,adaptive
726,W2C,6,9.8469,0.0,0,33,27,adaptive
727,N2C,14,3.9332,34.0,4,33,27,adaptive
727,S2C,15,3.7366,35.0,3,33,27,adaptive
727,E2C,6,9.7312,5.0,1,33,27,adaptive
727,W2C,6,9.0801,0.0,0,33,27,adaptive
728,N2C,14,4.7679,11.0,2,33,27,adaptive
728,S2C,14,4.1546,11.0,2,33,27,adaptive
728,E2C,6,9.0405,6.0,1,33,27,adaptive
728,W2C,6,8.7198,1.0,1,33,27,adaptive
729,N2C,12,5.1791,0.0,0,33,27,adaptive
729,S2C,13,4.7295,0.0,0,33,27,adaptive
729,E2C,6,7.9871,7.0,1,33,27,adaptive
729,W2C,6,7.8467,3.0,2,33,27,adaptive
730,N2C,13,6.5395,0.0,0,33,27,adaptive
730,S2C,13,5.6642,0.0,0,33,27,adaptive
730,E2C,7,8.2593,9.0,2,33,27,adaptive
730,W2C,7,8.0954,5.0,2,33,27,adaptive
731,N2C,11,6.888,0.0,0,33,27,adaptive
731,S2C,13,6.4354,0.0,0,33,27,adaptive
731,E2C,7,7.6339,11.0,2,33,27,adaptive
731,W2C,7,7.6892,7.0,2,33,27,adaptive
732,N2C,11,7.7376,0.0,0,33,27,adaptive
732,S2C,11,6.7427,0.0,0,33,27,adaptive
732,E2C,7,7.6415,13.0,2,33,27,adaptive
732,W2C,7,7.3959,9.0,2,33,27,adaptive
733,N2C,9,8.1431,0.0,0,33,27,adaptive
733,S2C,11,7.7709,0.0,0,33,27,adaptive
733,E2C,7,7.573,16.0,3,33,27,adaptive
733,W2C,7,7.4253,12.0,3,33,27,adaptive
734,N2C,9,9.2821,0.0,0,33,27,adaptive
734,S2C,9,7.9649,0.0,0,33,27,adaptive
734,E2C,7,7.05,19.0,3,33,27,adaptive
734,W2C,7,6.9477,15.0,3,33,27,adaptive
735,N2C,8,10.3403,0.0,0,33,27,adaptive
735,S2C,10,9.1857,0.0,0,33,27,adaptive
735,E2C,8,7.28,22.0,3,33,27,adaptive
735,W2C,8,7.1551,18.0,3,33,27,adaptive
736,N2C,8,10.8191,0.0,0,33,27,adaptive
736,S2C,8,9.888,0.0,0,33,27,adaptive
736,E2C,8,6.7678,25.0,3,33,27,adaptive
736,W2C,8,6.5939,21.0,3,33,27,adaptive
737,N2C,6,11.4853,0.0,0,33,27,adaptive
737,S2C,7,10.6758,0.0,0,33,27,adaptive
737,E2C,8,6.4768,28.0,3,33,27,adaptive
737,W2C,8,6.5961,24.0,3,33,27,adaptive
738,N2C,6,12.1696,0.0,0,33,27,adaptive
738,S2C,6,10.9889,0.0,0,33,27,adaptive
738,E2C,8,5.9589,32.0,4,33,27,adaptive
738,W2C,8,6.2134,28.0,4,33,27,adaptive
739,N2C,5,13.0905,0.0,0,33,27,adaptive
739,S2C,5,11.6178,0.0,0,33,27,adaptive
739,E2C,9,5.9811,36.0,4,33,27,adaptive
739,W2C,9,6.3111,32.0,4,33,27,adaptive
740,N2C,5,12.6229,0.0,0,33,27,adaptive
740,S2C,5,11.6121,0.0,0,33,27,adaptive
740,E2C,9,5.7991,40.0,4,33,27,adaptive
740,W2C,9,5.7917,36.0,4,33,27,adaptive
741,N2C,4,12.8487,0.0,0,33,27,adaptive
741,S2C,4,11.6512,0.0,0,33,27,adaptive
741,E2C,9,5.6738,44.0,4,33,27,adaptive
741,W2C,9,5.6698,40.0,4,33,27,adaptive
742,N2C,4,12.5201,0.0,0,33,27,adaptive
742,S2C,4,11.4597,0.0,0,33,27,adaptive
742,E2C,9,5.5101,49.0,5,33,27,adaptive
742,W2C,9,5.68,44.0,4,33,27,adaptive
743,N2C,4,12.4653,0.0,0,33,27,adaptive
743,S2C,4,11.4896,0.0,0,33,27,adaptive
743,E2C,9,5.0305,54.0,5,33,27,adaptive
743,W2C,9,5.2622,48.0,4,33,27,adaptive
744,N2C,5,12.9165,0.0,0,33,27,adaptive
744,S2C,5,12.0342,0.0,0,33,27,adaptive
744,E2C,10,5.2521,59.0,5,33,27,adaptive
744,W2C,10,5.6099,53.0,5,33,27,adaptive
745,N2C,5,12.7003,0.0,0,33,27,adaptive
745,S2C,5,11.797,0.0,0,33,27,adaptive
745,E2C,10,4.9058,64.0,5,33,27,adaptive
745,W2C,10,5.1749,58.0,5,33,27,adaptive
746,N2C,4,13.1644,0.0,0,33,27,adaptive
746,S2C,5,11.8746,0.0,0,33,27,adaptive
746,E2C,10,4.4717,70.0,6,33,27,adaptive
746,W2C,10,4.5632,64.0,6,33,27,adaptive
747,N2C,4,12.9605,0.0,0,33,27,adaptive
747,S2C,5,11.9126,0.0,0,33,27,adaptive
747,E2C,10,4.0634,76.0,6,33,27,adaptive
747,W2C,10,4.1078,70.0,6,33,27,adaptive
748,N2C,5,13.064,0.0,0,33,27,adaptive
748,S2C,5,12.3774,0.0,0,33,27,adaptive
748,E2C,11,4.6332,82.0,6,33,27,adaptive
748,W2C,11,4.6574,76.0,6,33,27,adaptive
749,N2C,4,12.7582,0.0,0,33,27,adaptive
749,S2C,5,12.0392,0.0,0,33,27,adaptive
749,E2C,11,4.4951,89.0,7,33,27,adaptive
749,W2C,11,4.5762,83.0,7,33,27,adaptive
750,N2C,4,13.5586,0.0,0,33,27,adaptive
750,S2C,5,12.6871,0.0,0,33,27,adaptive
750,E2C,11,4.5362,96.0,7,33,27,adaptive
750,W2C,11,4.6766,90.0,7,33,27,adaptive
751,N2C,4,13.2041,0.0,0,33,27,adaptive
751,S2C,5,12.5414,0.0,0,33,27,adaptive
751,E2C,11,4.219,103.0,7,33,27,adaptive
751,W2C,11,4.2508,97.0,7,33,27,adaptive
752,N2C,4,13.2688,0.0,0,33,27,adaptive
752,S2C,5,12.1669,0.0,0,33,27,adaptive
752,E2C,11,3.6989,110.0,7,33,27,adaptive
752,W2C,11,3.8102,104.0,7,33,27,adaptive
753,N2C,5,13.0736,0.0,0,33,27,adaptive
753,S2C,5,13.244,0.0,0,33,27,adaptive
753,E2C,12,4.2857,117.0,7,33,27,adaptive
753,W2C,12,4.3715,111.0,7,33,27,adaptive
754,N2C,4,13.3332,0.0,0,33,27,adaptive
754,S2C,5,13.0405,0.0,0,33,27,adaptive
754,E2C,12,4.2305,125.0,8,33,27,adaptive
754,W2C,12,4.2005,119.0,8,33,27,adaptive
755,N2C,4,12.9583,0.0,0,33,27,adaptive
755,S2C,5,12.9062,0.0,0,33,27,adaptive
755,E2C,12,4.0426,133.0,8,33,27,adaptive
755,W2C,12,4.3413,127.0,8,33,27,adaptive
756,N2C,4,13.0442,0.0,0,33,27,adaptive
756,S2C,4,13.2631,0.0,0,33,27,adaptive
756,E2C,12,4.0838,141.0,8,33,27,adaptive
756,W2C,12,4.3072,135.0,8,33,27,adaptive
757,N2C,4,12.57,0.0,0,33,27,adaptive
757,S2C,4,13.5889,0.0,0,33,27,adaptive
757,E2C,13,4.4076,149.0,8,33,27,adaptive
757,W2C,13,4.8923,143.0,8,33,27,adaptive
758,N2C,4,12.2921,0.0,0,33,27,adaptive
758,S2C,4,13.4188,0.0,0,33,27,adaptive
758,E2C,13,4.0464,157.0,8,33,27,adaptive
758,W2C,13,4.5192,151.0,8,33,27,adaptive
759,N2C,4,12.7471,0.0,0,33,27,adaptive
759,S2C,4,12.87,0.0,0,33,27,adaptive
759,E2C,13,3.9103,165.0,8,33,27,adaptive
759,W2C,13,4.1391,159.0,8,33,27,adaptive
760,N2C,4,12.5011,0.0,0,33,27,adaptive
760,S2C,4,13.5125,0.0,0,33,27,adaptive
760,E2C,13,3.7427,174.0,9,33,27,adaptive
760,W2C,13,3.663,167.0,8,33,27,adaptive
761,N2C,4,12.45,0.0,0,33,27,adaptive
761,S2C,4,12.8036,0.0,0,33,27,adaptive
761,E2C,13,3.5579,183.0,9,33,27,adaptive
761,W2C,13,3.2693,176.0,9,33,27,adaptive
762,N2C,5,11.6984,0.0,0,33,27,adaptive
762,S2C,5,12.156,0.0,0,33,27,adaptive
762,E2C,14,4.3255,192.0,9,33,27,adaptive
762,W2C,14,3.7578,185.0,9,33,27,adaptive
763,N2C,5,10.9557,0.0,0,33,27,adaptive
763,S2C,5,11.283,0.0,0,33,27,adaptive
763,E2C,12,4.2006,126.0,7,33,27,adaptive
763,W2C,12,3.9685,124.0,8,33,27,adaptive
764,N2C,5,10.2847,0.0,0,33,27,adaptive
764,S2C,5,10.598,0.0,0,33,27,adaptive
764,E2C,12,3.7229,74.0,5,33,27,adaptive
764,W2C,12,3.8879,73.0,6,33,27,adaptive
765,N2C,5,9.5233,1.0,1,33,27,adaptive
765,S2C,5,10.3587,0.0,0,33,27,adaptive
765,E2C,12,4.0408,36.0,4,33,27,adaptive
765,W2C,12,4.0344,37.0,4,33,27,adaptive
766,N2C,6,9.5478,2.0,1,33,27,adaptive
766,S2C,6,10.0622,1.0,1,33,27,adaptive
766,E2C,11,5.4016,9.0,2,33,27,adaptive
766,W2C,11,5.4172,10.0,2,33,27,adaptive
767,N2C,6,8.9527,3.0,1,33,27,adaptive
767,S2C,6,9.2248,2.0,1,33,27,adaptive
767,E2C,11,5.724,1.0,1,33,27,adaptive
767,W2C,11,6.1983,1.0,1,33,27,adaptive
768,N2C,6,8.483,4.0,1,33,27,adaptive
768,S2C,6,8.9242,3.0,1,33,27,adaptive
768,E2C,10,6.4128,0.0,0,33,27,adaptive
768,W2C,10,6.4725,0.0,0,33,27,adaptive
769,N2C,6,8.3471,6.0,2,33,27,adaptive
769,S2C,6,8.9423,5.0,2,33,27,adaptive
769,E2C,9,6.8092,0.0,0,33,27,adaptive
769,W2C,9,7.044,0.0,0,33,27,adaptive
770,N2C,6,8.3635,8.0,2,33,27,adaptive
770,S2C,6,7.9186,7.0,2,33,27,adaptive
770,E2C,9,7.7698,0.0,0,33,27,adaptive
770,W2C,8,7.7249,0.0,0,33,27,adaptive
771,N2C,7,8.561,10.0,2,33,27,adaptive
771,S2C,7,8.3122,9.0,2,33,27,adaptive
771,E2C,8,9.3004,0.0,0,33,27,adaptive
771,W2C,8,9.446,0.0,0,33,27,adaptive
772,N2C,7,7.9316,12.0,2,33,27,adaptive
772,S2C,7,7.7518,11.0,2,33,27,adaptive
772,E2C,8,9.8659,0.0,0,33,27,adaptive
772,W2C,7,9.7954,0.0,0,33,27,adaptive
773,N2C,7,7.2825,14.0,2,33,27,adaptive
773,S2C,7,7.5583,13.0,2,33,27,adaptive
773,E2C,6,10.6697,0.0,0,33,27,adaptive
773,W2C,6,10.8418,0.0,0,33,27,adaptive
774,N2C,7,7.1489,16.0,2,33,27,adaptive
774,S2C,7,6.8654,15.0,2,33,27,adaptive
774,E2C,5,11.796,0.0,0,33,27,adaptive
774,W2C,5,11.8953,0.0,0,33,27,adaptive
775,N2C,8,7.6139,18.0,2,33,27,adaptive
775,S2C,8,7.3475,18.0,3,33,27,adaptive
775,E2C,5,12.4928,0.0,0,33,27,adaptive
775,W2C,5,12.9277,0.0,0,33,27,adaptive
776,N2C,8,7.1215,21.0,3,33,27,adaptive
776,S2C,8,6.8628,21.0,3,33,27,adaptive
776,E2C,5,12.1452,0.0,0,33,27,adaptive
776,W2C,4,13.1423,0.0,0,33,27,adaptive
777,N2C,8,7.0959,24.0,3,33,27,adaptive
777,S2C,8,6.7071,25.0,4,33,27,adaptive
777,E2C,5,12.1973,0.0,0,33,27,adaptive
777,W2C,4,13.2333,0.0,0,33,27,adaptive
778,N2C,8,6.1724,27.0,3,33,27,adaptive
778,S2C,8,6.3426,29.0,4,33,27,adaptive
778,E2C,4,12.2332,0.0,0,33,27,adaptive
778,W2C,4,12.8036,0.0,0,33,27,adaptive
779,N2C,8,5.4311,30.0,3,33,27,adaptive
779,S2C,8,5.7198,33.0,4,33,27,adaptive
779,E2C,4,12.3623,0.0,0,33,27,adaptive
779,W2C,4,13.563,0.0,0,33,27,adaptive
780,N2C,9,5.8388,34.0,4,33,27,adaptive
780,S2C,9,6.1735,37.0,4,33,27,adaptive
780,E2C,4,12.5084,0.0,0,33,27,adaptive
780,W2C,5,13.0417,0.0,0,33,27,adaptive
781,N2C,9,5.55,38.0,4,33,27,adaptive
781,S2C,9,5.7403,42.0,5,33,27,adaptive
781,E2C,4,12.0832,0.0,0,33,27,adaptive
781,W2C,4,12.8747,0.0,0,33,27,adaptive
782,N2C,9,5.2679,43.0,5,33,27,adaptive
782,S2C,9,5.5674,47.0,5,33,27,adaptive
782,E2C,4,12.0484,0.0,0,33,27,adaptive
782,W2C,4,13.0036,0.0,0,33,27,adaptive
783,N2C,9,4.7285,48.0,5,33,27,adaptive
783,S2C,9,5.1643,52.0,5,33,27,adaptive
783,E2C,4,12.0319,0.0,0,33,27,adaptive
783,W2C,4,13.0984,0.0,0,33,27,adaptive
784,N2C,10,5.2815,53.0,5,33,27,adaptive
784,S2C,10,5.5353,57.0,5,33,27,adaptive
784,E2C,5,12.6164,0.0,0,33,27,adaptive
784,W2C,5,13.3975,0.0,0,33,27,adaptive
785,N2C,10,4.96,58.0,5,33,27,adaptive
785,S2C,10,5.1915,62.0,5,33,27,adaptive
785,E2C,4,12.506,0.0,0,33,27,adaptive
785,W2C,4,13.1434,0.0,0,33,27,adaptive
786,N2C,10,4.985,63.0,5,33,27,adaptive
786,S2C,10,5.1968,67.0,5,33,27,adaptive
786,E2C,4,12.4605,0.0,0,33,27,adaptive
786,W2C,4,13.0155,0.0,0,33,27,adaptive
787,N2C,10,4.9377,69.0,6,33,27,adaptive
787,S2C,10,4.7415,73.0,6,33,27,adaptive
787,E2C,4,12.1195,0.0,0,33,27,adaptive
787,W2C,4,13.2588,0.0,0,33,27,adaptive
788,N2C,10,4.7432,75.0,6,33,27,adaptive
788,S2C,10,4.3531,79.0,6,33,27,adaptive
788,E2C,4,12.1285,0.0,0,33,27,adaptive
788,W2C,4,13.4485,0.0,0,33,27,adaptive
789,N2C,11,5.179,81.0,6,33,27,adaptive
789,S2C,11,4.7567,85.0,6,33,27,adaptive
789,E2C,5,12.4687,0.0,0,33,27,adaptive
789,W2C,4,13.3774,0.0,0,33,27,adaptive
790,N2C,11,4.6573,87.0,6,33,27,adaptive
790,S2C,11,4.6474,91.0,6,33,27,adaptive
790,E2C,5,12.441,0.0,0,33,27,adaptive
790,W2C,4,13.0582,0.0,0,33,27,adaptive
791,N2C,11,4.5068,94.0,7,33,27,adaptive
791,S2C,11,4.2881,98.0,7,33,27,adaptive
791,E2C,5,12.4768,0.0,0,33,27,adaptive
791,W2C,4,12.9376,0.0,0,33,27,adaptive
792,N2C,11,4.5314,101.0,7,36,24,adaptive
792,S2C,11,3.9277,105.0,7,36,24,adaptive
792,E2C,4,12.2783,0.0,0,36,24,adaptive
792,W2C,4,12.879,0.0,0,36,24,adaptive
793,N2C,12,5.3168,108.0,7,36,24,adaptive
793,S2C,12,4.3531,112.0,7,36,24,adaptive
793,E2C,5,13.0844,0.0,0,36,24,adaptive
793,W2C,4,13.479,0.0,0,36,24,adaptive
794,N2C,12,5.1443,115.0,7,36,24,adaptive
794,S2C,12,4.1944,120.0,8,36,24,adaptive
794,E2C,5,12.8447,0.0,0,36,24,adaptive
794,W2C,4,13.4373,0.0,0,36,24,adaptive
795,N2C,12,4.9013,122.0,7,36,24,adaptive
795,S2C,12,4.1962,128.0,8,36,24,adaptive
795,E2C,4,12.7311,0.0,0,36,24,adaptive
795,W2C,4,12.846,0.0,0,36,24,adaptive
796,N2C,12,4.3444,129.0,7,36,24,adaptive
796,S2C,12,4.0516,136.0,8,36,24,adaptive
796,E2C,4,12.7355,0.0,0,36,24,adaptive
796,W2C,4,13.4222,0.0,0,36,24,adaptive
797,N2C,12,3.7613,136.0,7,36,24,adaptive
797,S2C,12,3.8543,144.0,8,36,24,adaptive
797,E2C,4,13.0168,0.0,0,36,24,adaptive
797,W2C,4,13.2435,0.0,0,36,24,adaptive
798,N2C,13,4.1404,144.0,8,36,24,adaptive
798,S2C,13,4.0154,152.0,8,36,24,adaptive
798,E2C,5,13.0889,0.0,0,36,24,adaptive
798,W2C,4,13.2666,0.0,0,36,24,adaptive
799,N2C,13,3.7885,153.0,9,36,24,adaptive
799,S2C,13,3.6872,161.0,9,36,24,adaptive
799,E2C,4,13.2455,0.0,0,36,24,adaptive
799,W2C,4,12.9868,0.0,0,36,24,adaptive
800,N2C,13,3.5217,162.0,9,36,24,adaptive
800,S2C,13,3.3689,170.0,9,36,24,adaptive
800,E2C,4,12.9689,0.0,0,36,24,adaptive
800,W2C,4,13.0669,0.0,0,36,24,adaptive
801,N2C,13,3.1879,171.0,9,36,24,adaptive
801,S2C,13,2.9493,179.0,9,36,24,adaptive
801,E2C,4,12.9122,0.0,0,36,24,adaptive
801,W2C,4,13.3622,0.0,0,36,24,adaptive
802,N2C,14,3.8394,181.0,10,36,24,adaptive
802,S2C,14,3.6086,188.0,9,36,24,adaptive
802,E2C,4,13.0157,0.0,0,36,24,adaptive
802,W2C,4,13.5829,0.0,0,36,24,adaptive
803,N2C,14,3.7338,191.0,10,36,24,adaptive
803,S2C,14,3.4992,197.0,9,36,24,adaptive
803,E2C,4,12.825,0.0,0,36,24,adaptive
803,W2C,4,13.1091,0.0,0,36,24,adaptive
804,N2C,14,3.4285,201.0,10,36,24,adaptive
804,S2C,14,3.5199,207.0,10,36,24,adaptive
804,E2C,4,12.6875,0.0,0,36,24,adaptive
804,W2C,4,13.2727,0.0,0,36,24,adaptive
805,N2C,14,3.1421,211.0,10,36,24,adaptive
805,S2C,14,3.2032,217.0,10,36,24,adaptive
805,E2C,4,12.5797,0.0,0,36,24,adaptive
805,W2C,4,13.146,0.0,0,36,24,adaptive
806,N2C,14,2.8394,221.0,10,36,24,adaptive
806,S2C,14,2.9132,227.0,10,36,24,adaptive
806,E2C,4,12.7876,0.0,0,36,24,adaptive
806,W2C,4,13.2988,0.0,0,36,24,adaptive
807,N2C,15,3.5579,231.0,10,36,24,adaptive
807,S2C,15,3.453,237.0,10,36,24,adaptive
807,E2C,5,13.0656,0.0,0,36,24,adaptive
807,W2C,5,12.903,0.0,0,36,24,adaptive
808,N2C,15,3.4107,242.0,11,36,24,adaptive
808,S2C,15,3.0377,247.0,10,36,24,adaptive
808,E2C,4,13.3899,0.0,0,36,24,adaptive
808,W2C,4,12.741,0.0,0,36,24,adaptive
809,N2C,15,3.156,253.0,11,36,24,adaptive
809,S2C,15,2.7268,258.0,11,36,24,adaptive
809,E2C,4,13.4258,0.0,0,36,24,adaptive
809,W2C,4,12.7266,0.0,0,36,24,adaptive
810,N2C,15,2.83,264.0,11,36,24,adaptive
810,S2C,15,2.5169,269.0,11,36,24,adaptive
810,E2C,4,13.3058,0.0,0,36,24,adaptive
810,W2C,4,12.7825,0.0,0,36,24,adaptive
811,N2C,16,3.4047,275.0,11,36,24,adaptive
811,S2C,16,3.1189,281.0,12,36,24,adaptive
811,E2C,4,12.8669,0.0,0,36,24,adaptive
811,W2C,4,12.9971,0.0,0,36,24,adaptive
812,N2C,16,3.1259,287.0,12,36,24,adaptive
812,S2C,16,2.9327,293.0,12,36,24,adaptive
812,E2C,4,12.8298,0.0,0,36,24,adaptive
812,W2C,4,12.981,0.0,0,36,24,adaptive
813,N2C,16,2.8985,299.0,12,36,24,adaptive
813,S2C,16,3.1076,305.0,12,36,24,adaptive
813,E2C,4,12.6303,0.0,0,36,24,adaptive
813,W2C,4,12.7421,0.0,0,36,24,adaptive
814,N2C,16,2.5453,311.0,12,36,24,adaptive
814,S2C,16,3.0114,317.0,12,36,24,adaptive
814,E2C,4,12.5895,0.0,0,36,24,adaptive
814,W2C,4,13.1227,0.0,0,36,24,adaptive
815,N2C,16,2.4984,323.0,12,36,24,adaptive
815,S2C,16,3.079,329.0,12,36,24,adaptive
815,E2C,4,12.5766,0.0,0,36,24,adaptive
815,W2C,4,13.1287,0.0,0,36,24,adaptive
816,N2C,17,3.0223,336.0,13,36,24,adaptive
816,S2C,17,3.4181,341.0,12,36,24,adaptive
816,E2C,4,13.0568,0.0,0,36,24,adaptive
816,W2C,4,12.7557,0.0,0,36,24,adaptive
817,N2C,17,2.6382,349.0,13,36,24,adaptive
817,S2C,17,2.8472,353.0,12,36,24,adaptive
817,E2C,4,12.7678,0.0,0,36,24,adaptive
817,W2C,4,12.467,0.0,0,36,24,adaptive
818,N2C,17,2.4176,362.0,13,36,24,adaptive
818,S2C,17,2.4394,365.0,12,36,24,adaptive
818,E2C,4,12.7168,0.0,0,36,24,adaptive
818,W2C,4,12.1763,0.0,0,36,24,adaptive
819,N2C,17,2.3685,376.0,14,36,24,adaptive
819,S2C,17,2.1598,377.0,12,36,24,adaptive
819,E2C,4,12.9801,0.0,0,36,24,adaptive
819,W2C,4,12.2694,0.0,0,36,24,adaptive
820,N2C,18,2.91,390.0,14,36,24,adaptive
820,S2C,18,2.7876,389.0,12,36,24,adaptive
820,E2C,4,12.9581,0.0,0,36,24,adaptive
820,W2C,4,12.1014,0.0,0,36,24,adaptive
821,N2C,18,2.6831,404.0,14,36,24,adaptive
821,S2C,18,2.5072,403.0,14,36,24,adaptive
821,E2C,4,12.7652,0.0,0,36,24,adaptive
821,W2C,4,12.5886,0.0,0,36,24,adaptive
822,N2C,18,2.4202,418.0,14,36,24,adaptive
822,S2C,18,2.3009,417.0,14,36,24,adaptive
822,E2C,4,12.9562,0.0,0,36,24,adaptive
822,W2C,4,12.167,0.0,0,36,24,adaptive
823,N2C,18,2.2741,433.0,15,36,24,adaptive
823,S2C,18,2.0913,431.0,14,36,24,adaptive
823,E2C,4,12.5706,0.0,0,36,24,adaptive
823,W2C,4,12.0845,0.0,0,36,24,adaptive
824,N2C,18,2.1837,448.0,15,36,24,adaptive
824,S2C,18,2.0422,445.0,14,36,24,adaptive
824,E2C,4,12.7714,0.0,0,36,24,adaptive
824,W2C,4,12.6366,0.0,0,36,24,adaptive
825,N2C,19,2.5496,463.0,15,36,24,adaptive
825,S2C,19,2.6343,459.0,14,36,24,adaptive
825,E2C,4,12.7177,0.0,0,36,24,adaptive
825,W2C,5,12.5098,0.0,0,36,24,adaptive
826,N2C,19,2.3052,478.0,15,36,24,adaptive
826,S2C,19,2.5185,474.0,15,36,24,adaptive
826,E2C,4,12.8704,0.0,0,36,24,adaptive
826,W2C,5,12.4432,0.0,0,36,24,adaptive
827,N2C,19,2.1117,494.0,16,36,24,adaptive
827,S2C,19,2.1779,489.0,15,36,24,adaptive
827,E2C,4,12.5691,0.0,0,36,24,adaptive
827,W2C,4,12.4665,0.0,0,36,24,adaptive
828,N2C,19,2.0681,510.0,16,36,24,adaptive
828,S2C,19,2.0016,504.0,15,36,24,adaptive
828,E2C,4,12.4979,0.0,0,36,24,adaptive
828,W2C,4,12.509,0.0,0,36,24,adaptive
829,N2C,20,2.5298,526.0,16,36,24,adaptive
829,S2C,20,2.5445,519.0,15,36,24,adaptive
829,E2C,5,13.2354,0.0,0,36,24,adaptive
829,W2C,4,11.8746,0.0,0,36,24,adaptive
830,N2C,20,2.3338,542.0,16,36,24,adaptive
830,S2C,20,2.5367,535.0,16,36,24,adaptive
830,E2C,5,12.7299,0.0,0,36,24,adaptive
830,W2C,4,12.0986,0.0,0,36,24,adaptive
831,N2C,20,2.1607,558.0,16,36,24,adaptive
831,S2C,20,2.4021,551.0,16,36,24,adaptive
831,E2C,5,12.421,0.0,0,36,24,adaptive
831,W2C,4,12.2138,0.0,0,36,24,adaptive
832,N2C,18,2.246,442.0,14,36,24,adaptive
832,S2C,18,2.5283,436.0,14,36,24,adaptive
832,E2C,5,11.4804,0.0,0,36,24,adaptive
832,W2C,4,12.4154,0.0,0,36,24,adaptive
833,N2C,18,2.0438,344.0,12,36,24,adaptive
833,S2C,18,2.2798,334.0,12,36,24,adaptive
833,E2C,5,10.6198,0.0,0,36,24,adaptive
833,W2C,4,12.0812,0.0,0,36,24,adaptive
834,N2C,19,2.821,256.0,11,36,24,adaptive
834,S2C,19,2.7998,244.0,10,36,24,adaptive
834,E2C,6,10.4841,0.0,0,36,24,adaptive
834,W2C,5,12.3855,0.0,0,36,24,adaptive
835,N2C,18,2.9123,185.0,9,36,24,adaptive
835,S2C,18,2.8394,167.0,8,36,24,adaptive
835,E2C,6,9.5457,0.0,0,36,24,adaptive
835,W2C,5,12.3085,0.0,0,36,24,adaptive
836,N2C,17,3.1667,120.0,7,36,24,adaptive
836,S2C,17,3.0984,105.0,7,36,24,adaptive
836,E2C,6,8.7006,0.0,0,36,24,adaptive
836,W2C,5,12.3389,0.0,0,36,24,adaptive
837,N2C,16,3.5082,72.0,6,36,24,adaptive
837,S2C,17,3.6406,57.0,6,36,24,adaptive
837,E2C,6,8.1245,2.0,2,36,24,adaptive
837,W2C,5,12.1398,0.0,0,36,24,adaptive
838,N2C,16,4.3058,35.0,4,36,24,adaptive
838,S2C,16,4.5985,27.0,4,36,24,adaptive
838,E2C,7,8.5498,4.0,2,36,24,adaptive
838,W2C,6,11.0765,0.0,0,36,24,adaptive
839,N2C,15,4.6686,9.0,2,36,24,adaptive
839,S2C,16,5.1452,7.0,2,36,24,adaptive
839,E2C,7,7.8055,6.0,2,36,24,adaptive
839,W2C,6,9.6695,0.0,0,36,24,adaptive
840,N2C,14,5.1389,7.0,1,36,24,adaptive
840,S2C,14,5.3397,0.0,0,36,24,adaptive
840,E2C,7,7.6642,8.0,2,36,24,adaptive
840,W2C,6,8.7552,0.0,0,36,24,adaptive
841,N2C,13,5.639,0.0,0,36,24,adaptive
841,S2C,14,6.0361,0.0,0,36,24,adaptive
841,E2C,7,7.4284,11.0,3,36,24,adaptive
841,W2C,6,8.4899,1.0,1,36,24,adaptive
842,N2C,12,6.5459,0.0,0,36,24,adaptive
842,S2C,12,6.3881,0.0,0,36,24,adaptive
842,E2C,7,6.7552,14.0,3,36,24,adaptive
842,W2C,6,7.8269,3.0,2,36,24,adaptive
843,N2C,12,7.82,0.0,0,36,24,adaptive
843,S2C,13,7.7405,0.0,0,36,24,adaptive
843,E2C,8,7.1848,17.0,3,36,24,adaptive
843,W2C,7,8.0019,5.0,2,36,24,adaptive
844,N2C,11,8.7352,0.0,0,36,24,adaptive
844,S2C,11,8.0031,0.0,0,36,24,adaptive
844,E2C,8,6.7395,20.0,3,36,24,adaptive
844,W2C,7,7.5738,7.0,2,36,24,adaptive
845,N2C,10,9.3261,0.0,0,36,24,adaptive
845,S2C,11,9.3887,0.0,0,36,24,adaptive
845,E2C,8,6.4888,23.0,3,36,24,adaptive
845,W2C,7,7.3794,9.0,2,36,24,adaptive
846,N2C,9,10.0835,0.0,0,36,24,adaptive
846,S2C,9,9.9575,0.0,0,36,24,adaptive
846,E2C,8,5.9592,27.0,4,36,24,adaptive
846,W2C,7,7.2455,12.0,3,36,24,adaptive
847,N2C,8,11.004,0.0,0,36,24,adaptive
847,S2C,9,10.9715,0.0,0,36,24,adaptive
847,E2C,9,6.2278,31.0,4,36,24,adaptive
847,W2C,8,8.0014,15.0,3,36,24,adaptive
848,N2C,8,11.2436,0.0,0,36,24,adaptive
848,S2C,8,11.5756,0.0,0,36,24,adaptive
848,E2C,9,5.8984,35.0,4,36,24,adaptive
848,W2C,8,7.9341,18.0,3,36,24,adaptive
849,N2C,6,11.6872,0.0,0,36,24,adaptive
849,S2C,6,12.1171,0.0,0,36,24,adaptive
849,E2C,9,5.8935,40.0,5,36,24,adaptive
849,W2C,8,7.2369,21.0,3,36,24,adaptive
850,N2C,6,11.9538,0.0,0,36,24,adaptive
850,S2C,6,12.2166,0.0,0,36,24,adaptive
850,E2C,9,5.5405,45.0,5,36,24,adaptive
850,W2C,8,6.343,24.0,3,36,24,adaptive
851,N2C,4,12.3971,0.0,0,36,24,adaptive
851,S2C,4,12.8356,0.0,0,36,24,adaptive
851,E2C,9,5.0099,50.0,5,36,24,adaptive
851,W2C,8,5.6234,27.0,3,36,24,adaptive
852,N2C,5,12.3465,0.0,0,36,24,adaptive
852,S2C,5,13.1127,0.0,0,36,24,adaptive
852,E2C,10,5.4681,55.0,5,36,24,adaptive
852,W2C,9,6.015,31.0,4,36,24,adaptive
853,N2C,4,12.2825,0.0,0,36,24,adaptive
853,S2C,4,13.1295,0.0,0,36,24,adaptive
853,E2C,10,5.1283,60.0,5,36,24,adaptive
853,W2C,9,5.7029,35.0,4,36,24,adaptive
854,N2C,4,12.3283,0.0,0,36,24,adaptive
854,S2C,4,13.1655,0.0,0,36,24,adaptive
854,E2C,10,5.1629,65.0,5,36,24,adaptive
854,W2C,9,5.5094,40.0,5,36,24,adaptive
855,N2C,4,12.463,0.0,0,36,24,adaptive
855,S2C,4,13.1315,0.0,0,36,24,adaptive
855,E2C,10,4.5153,71.0,6,36,24,adaptive
855,W2C,9,5.1503,45.0,5,36,24,adaptive
856,N2C,4,12.2528,0.0,0,36,24,adaptive
856,S2C,4,13.3425,0.0,0,36,24,adaptive
856,E2C,11,5.0733,77.0,6,36,24,adaptive
856,W2C,10,5.6376,50.0,5,36,24,adaptive
857,N2C,5,12.8807,0.0,0,36,24,adaptive
857,S2C,4,13.3706,0.0,0,36,24,adaptive
857,E2C,11,4.7353,83.0,6,36,24,adaptive
857,W2C,10,5.1158,55.0,5,36,24,adaptive
858,N2C,4,12.7471,0.0,0,30,30,adaptive
858,S2C,4,12.8642,0.0,0,30,30,adaptive
858,E2C,11,4.8594,90.0,7,30,30,adaptive
858,W2C,10,5.2317,60.0,5,30,30,adaptive
859,N2C,4,12.7546,0.0,0,30,30,adaptive
859,S2C,4,13.0881,0.0,0,30,30,adaptive
859,E2C,11,4.4284,97.0,7,30,30,adaptive
859,W2C,10,4.7145,66.0,6,30,30,adaptive
860,N2C,4,12.3678,0.0,0,30,30,adaptive
860,S2C,4,13.0596,0.0,0,30,30,adaptive
860,E2C,11,4.0655,104.0,7,30,30,adaptive
860,W2C,10,4.2658,72.0,6,30,30,adaptive
861,N2C,4,12.9245,0.0,0,30,30,adaptive
861,S2C,4,13.3983,0.0,0,30,30,adaptive
861,E2C,12,4.642,111.0,7,30,30,adaptive
861,W2C,11,4.676,78.0,6,30,30,adaptive
862,N2C,4,12.6652,0.0,0,30,30,adaptive
862,S2C,3,13.4098,0.0,0,30,30,adaptive
862,E2C,12,4.2737,118.0,7,30,30,adaptive
862,W2C,11,4.5922,85.0,7,30,30,adaptive
863,N2C,4,12.5957,0.0,0,30,30,adaptive
863,S2C,4,13.3555,0.0,0,30,30,adaptive
863,E2C,12,3.9215,126.0,8,30,30,adaptive
863,W2C,11,4.7444,92.0,7,30,30,adaptive
864,N2C,4,12.4609,0.0,0,30,30,adaptive
864,S2C,4,13.0906,0.0,0,30,30,adaptive
864,E2C,12,3.5603,134.0,8,30,30,adaptive
864,W2C,11,4.4355,99.0,7,30,30,adaptive
865,N2C,5,12.8213,0.0,0,30,30,adaptive
865,S2C,4,12.9265,0.0,0,30,30,adaptive
865,E2C,13,4.1935,142.0,8,30,30,adaptive
865,W2C,12,4.9039,106.0,7,30,30,adaptive
866,N2C,5,12.6651,0.0,0,30,30,adaptive
866,S2C,4,12.6131,0.0,0,30,30,adaptive
866,E2C,13,3.9835,151.0,9,30,30,adaptive
866,W2C,12,4.4812,113.0,7,30,30,adaptive
867,N2C,5,12.6023,0.0,0,30,30,adaptive
867,S2C,4,12.6402,0.0,0,30,30,adaptive
867,E2C,13,3.6938,160.0,9,30,30,adaptive
867,W2C,12,4.2896,120.0,7,30,30,adaptive
868,N2C,4,12.7414,0.0,0,30,30,adaptive
868,S2C,4,12.8643,0.0,0,30,30,adaptive
868,E2C,13,3.4986,169.0,9,30,30,adaptive
868,W2C,12,4.0717,127.0,7,30,30,adaptive
869,N2C,4,12.6565,0.0,0,30,30,adaptive
869,S2C,4,12.9833,0.0,0,30,30,adaptive
869,E2C,13,3.2421,178.0,9,30,30,adaptive
869,W2C,12,3.6759,135.0,8,30,30,adaptive
870,N2C,5,12.6361,0.0,0,30,30,adaptive
870,S2C,4,13.1348,0.0,0,30,30,adaptive
870,E2C,14,3.6246,187.0,9,30,30,adaptive
870,W2C,13,4.28,143.0,8,30,30,adaptive
871,N2C,5,12.6668,0.0,0,30,30,adaptive
871,S2C,4,12.7964,0.0,0,30,30,adaptive
871,E2C,14,3.3007,197.0,10,30,30,adaptive
871,W2C,13,3.8345,151.0,8,30,30,adaptive
872,N2C,4,12.7602,0.0,0,30,30,adaptive
872,S2C,4,12.7385,0.0,0,30,30,adaptive
872,E2C,14,2.8805,207.0,10,30,30,adaptive
872,W2C,13,3.6101,160.0,9,30,30,adaptive
873,N2C,4,12.8593,0.0,0,30,30,adaptive
873,S2C,4,12.7026,0.0,0,30,30,adaptive
873,E2C,14,2.64,217.0,10,30,30,adaptive
873,W2C,13,3.2956,169.0,9,30,30,adaptive
874,N2C,5,13.0503,0.0,0,30,30,adaptive
874,S2C,4,13.072,0.0,0,30,30,adaptive
874,E2C,15,3.188,227.0,10,30,30,adaptive
874,W2C,14,3.8509,178.0,9,30,30,adaptive
875,N2C,4,12.563,0.0,0,30,30,adaptive
875,S2C,4,12.9959,0.0,0,30,30,adaptive
875,E2C,15,3.1109,238.0,11,30,30,adaptive
875,W2C,14,3.6822,187.0,9,30,30,adaptive
876,N2C,4,12.9412,0.0,0,30,30,adaptive
876,S2C,4,12.9253,0.0,0,30,30,adaptive
876,E2C,15,2.8892,249.0,11,30,30,adaptive
876,W2C,14,3.3195,197.0,10,30,30,adaptive
877,N2C,4,13.0308,0.0,0,30,30,adaptive
877,S2C,4,12.822,0.0,0,30,30,adaptive
877,E2C,15,2.535,260.0,11,30,30,adaptive
877,W2C,14,3.0464,207.0,10,30,30,adaptive
878,N2C,4,12.9318,0.0,0,30,30,adaptive
878,S2C,4,13.1935,0.0,0,30,30,adaptive
878,E2C,15,2.3334,271.0,11,30,30,adaptive
878,W2C,14,2.8215,217.0,10,30,30,adaptive
879,N2C,4,12.9695,0.0,0,30,30,adaptive
879,S2C,5,13.1174,0.0,0,30,30,adaptive
879,E2C,16,2.7718,282.0,11,30,30,adaptive
879,W2C,15,3.4297,228.0,11,30,30,adaptive
880,N2C,4,12.8281,0.0,0,30,30,adaptive
880,S2C,5,12.6864,0.0,0,30,30,adaptive
880,E2C,16,2.5483,294.0,12,30,30,adaptive
880,W2C,15,3.2653,239.0,11,30,30,adaptive
881,N2C,4,12.5958,0.0,0,30,30,adaptive
881,S2C,5,12.8742,0.0,0,30,30,adaptive
881,E2C,16,2.29,306.0,12,30,30,adaptive
881,W2C,15,3.0386,250.0,11,30,30,adaptive
882,N2C,4,12.5968,0.0,0,30,30,adaptive
882,S2C,4,13.1937,0.0,0,30,30,adaptive
882,E2C,16,2.0441,318.0,12,30,30,adaptive
882,W2C,15,2.7982,261.0,11,30,30,adaptive
883,N2C,4,13.0204,0.0,0,30,30,adaptive
883,S2C,5,12.7456,0.0,0,30,30,adaptive
883,E2C,17,2.6923,330.0,12,30,30,adaptive
883,W2C,16,3.2249,272.0,11,30,30,adaptive
884,N2C,4,12.4793,0.0,0,30,30,adaptive
884,S2C,4,12.3117,0.0,0,30,30,adaptive
884,E2C,17,2.634,342.0,12,30,30,adaptive
884,W2C,16,2.9187,284.0,12,30,30,adaptive
885,N2C,4,12.7524,0.0,0,30,30,adaptive
885,S2C,4,12.4139,0.0,0,30,30,adaptive
885,E2C,17,2.5728,355.0,13,30,30,adaptive
885,W2C,16,2.696,296.0,12,30,30,adaptive
886,N2C,4,13.1274,0.0,0,30,30,adaptive
886,S2C,4,12.5067,0.0,0,30,30,adaptive
886,E2C,17,2.4917,368.0,13,30,30,adaptive
886,W2C,16,2.5269,308.0,12,30,30,adaptive
887,N2C,4,13.0488,0.0,0,30,30,adaptive
887,S2C,4,12.1318,0.0,0,30,30,adaptive
887,E2C,17,2.4276,381.0,13,30,30,adaptive
887,W2C,16,2.3819,320.0,12,30,30,adaptive
888,N2C,5,12.7633,0.0,0,30,30,adaptive
888,S2C,4,12.3165,0.0,0,30,30,adaptive
888,E2C,18,2.857,394.0,13,30,30,adaptive
888,W2C,17,2.8809,332.0,12,30,30,adaptive
889,N2C,5,13.2076,0.0,0,30,30,adaptive
889,S2C,4,12.4014,0.0,0,30,30,adaptive
889,E2C,18,2.6253,407.0,13,30,30,adaptive
889,W2C,17,2.6733,345.0,13,30,30,adaptive
890,N2C,5,12.6228,0.0,0,30,30,adaptive
890,S2C,4,12.3502,0.0,0,30,30,adaptive
890,E2C,18,2.5653,421.0,14,30,30,adaptive
890,W2C,17,2.3701,358.0,13,30,30,adaptive
891,N2C,5,10.8513,0.0,0,30,30,adaptive
891,S2C,4,11.9357,0.0,0,30,30,adaptive
891,E2C,18,2.5582,435.0,14,30,30,adaptive
891,W2C,17,2.2544,371.0,13,30,30,adaptive
892,N2C,6,9.893,0.0,0,30,30,adaptive
892,S2C,5,11.2964,0.0,0,30,30,adaptive
892,E2C,17,3.5185,337.0,12,30,30,adaptive
892,W2C,16,3.1804,281.0,11,30,30,adaptive
893,N2C,6,9.0614,1.0,1,30,30,adaptive
893,S2C,5,10.688,0.0,0,30,30,adaptive
893,E2C,17,3.4793,248.0,10,30,30,adaptive
893,W2C,16,3.3332,203.0,10,30,30,adaptive
894,N2C,6,8.81,2.0,1,30,30,adaptive
894,S2C,5,10.1465,0.0,0,30,30,adaptive
894,E2C,17,3.5588,172.0,8,30,30,adaptive
894,W2C,16,3.775,136.0,8,30,30,adaptive
895,N2C,6,8.5964,4.0,2,30,30,adaptive
895,S2C,5,9.8121,1.0,1,30,30,adaptive
895,E2C,15,3.7373,110.0,7,30,30,adaptive
895,W2C,14,3.8193,83.0,6,30,30,adaptive
896,N2C,6,8.1805,6.0,2,30,30,adaptive
896,S2C,5,9.5759,2.0,1,30,30,adaptive
896,E2C,15,4.1612,60.0,5,30,30,adaptive
896,W2C,14,4.0563,43.0,4,30,30,adaptive
897,N2C,7,8.3497,8.0,2,30,30,adaptive
897,S2C,6,9.358,3.0,1,30,30,adaptive
897,E2C,14,4.8343,24.0,3,30,30,adaptive
897,W2C,14,4.7615,14.0,2,30,30,adaptive
898,N2C,7,7.536,10.0,2,30,30,adaptive
898,S2C,6,8.9014,4.0,1,30,30,adaptive
898,E2C,14,4.7575,4.0,1,30,30,adaptive
898,W2C,13,5.0153,1.0,1,30,30,adaptive
899,N2C,7,7.1968,12.0,2,30,30,adaptive
899,S2C,6,8.3551,5.0,1,30,30,adaptive
899,E2C,14,5.3743,0.0,0,30,30,adaptive
899,W2C,13,5.6632,0.0,0,30,30,adaptive
900,N2C,7,6.5784,15.0,3,30,30,adaptive
900,S2C,6,8.1872,7.0,2,30,30,adaptive
900,E2C,12,5.6732,0.0,0,30,30,adaptive
900,W2C,11,6.3646,0.0,0,30,30,adaptive
901,N2C,8,7.0884,18.0,3,30,30,adaptive
901,S2C,7,9.0273,9.0,2,30,30,adaptive
901,E2C,12,7.1233,0.0,0,30,30,adaptive
901,W2C,12,7.6414,0.0,0,30,30,adaptive
902,N2C,8,6.4949,21.0,3,30,30,adaptive
902,S2C,7,8.8115,11.0,2,30,30,adaptive
902,E2C,11,7.7902,0.0,0,30,30,adaptive
902,W2C,10,7.9937,0.0,0,30,30,adaptive
903,N2C,8,6.512,24.0,3,30,30,adaptive
903,S2C,7,8.9618,13.0,2,30,30,adaptive
903,E2C,11,8.4307,0.0,0,30,30,adaptive
903,W2C,9,8.6843,0.0,0,30,30,adaptive
904,N2C,8,6.0951,28.0,4,30,30,adaptive
904,S2C,7,9.0206,15.0,2,30,30,adaptive
904,E2C,9,8.9146,0.0,0,30,30,adaptive
904,W2C,8,9.8227,0.0,0,30,30,adaptive
905,N2C,8,5.8066,32.0,4,30,30,adaptive
905,S2C,7,8.4914,17.0,2,30,30,adaptive
905,E2C,8,9.6757,0.0,0,30,30,adaptive
905,W2C,7,10.5206,0.0,0,30,30,adaptive
906,N2C,9,6.1605,36.0,4,30,30,adaptive
906,S2C,8,8.295,19.0,2,30,30,adaptive
906,E2C,8,11.0015,0.0,0,30,30,adaptive
906,W2C,7,11.6638,0.0,0,30,30,adaptive
907,N2C,9,5.5585,40.0,4,30,30,adaptive
907,S2C,8,7.0554,21.0,2,30,30,adaptive
907,E2C,7,11.265,0.0,0,30,30,adaptive
907,W2C,6,12.3142,0.0,0,30,30,adaptive
908,N2C,9,5.6641,45.0,5,30,30,adaptive
908,S2C,8,6.5132,23.0,2,30,30,adaptive
908,E2C,6,11.3862,0.0,0,30,30,adaptive
908,W2C,5,12.4301,0.0,0,30,30,adaptive
909,N2C,9,5.1498,50.0,5,30,30,adaptive
909,S2C,8,5.9113,26.0,3,30,30,adaptive
909,E2C,5,11.5584,0.0,0,30,30,adaptive
909,W2C,4,12.394,0.0,0,30,30,adaptive
910,N2C,10,5.399,55.0,5,30,30,adaptive
910,S2C,9,6.4663,30.0,4,30,30,adaptive
910,E2C,5,12.5546,0.0,0,30,30,adaptive
910,W2C,5,12.294,0.0,0,30,30,adaptive
911,N2C,10,5.1682,60.0,5,30,30,adaptive
911,S2C,9,5.8303,34.0,4,30,30,adaptive
911,E2C,4,12.641,0.0,0,30,30,adaptive
911,W2C,4,12.1691,0.0,0,30,30,adaptive
912,N2C,10,5.0876,66.0,6,30,30,adaptive
912,S2C,9,5.9539,38.0,4,30,30,adaptive
912,E2C,4,12.3238,0.0,0,30,30,adaptive
912,W2C,4,11.732,0.0,0,30,30,adaptive
913,N2C,10,5.2644,72.0,6,30,30,adaptive
913,S2C,9,5.551,43.0,5,30,30,adaptive
913,E2C,4,12.7262,0.0,0,30,30,adaptive
913,W2C,4,12.4411,0.0,0,30,30,adaptive
914,N2C,10,5.0576,78.0,6,30,30,adaptive
914,S2C,9,5.0982,48.0,5,30,30,adaptive
914,E2C,4,12.6941,0.0,0,30,30,adaptive
914,W2C,4,12.2304,0.0,0,30,30,adaptive
915,N2C,11,5.6351,84.0,6,30,30,adaptive
915,S2C,10,5.5321,53.0,5,30,30,adaptive
915,E2C,4,12.9188,0.0,0,30,30,adaptive
915,W2C,4,12.0147,0.0,0,30,30,adaptive
916,N2C,11,5.1915,90.0,6,30,30,adaptive
916,S2C,10,5.1937,58.0,5,30,30,adaptive
916,E2C,4,12.899,0.0,0,30,30,adaptive
916,W2C,5,12.2445,0.0,0,30,30,adaptive
917,N2C,11,4.628,96.0,6,30,30,adaptive
917,S2C,10,4.752,64.0,6,30,30,adaptive
917,E2C,4,12.4192,0.0,0,30,30,adaptive
917,W2C,4,11.865,0.0,0,30,30,adaptive
918,N2C,11,4.1419,102.0,6,30,30,adaptive
918,S2C,10,4.2053,70.0,6,30,30,adaptive
918,E2C,4,13.0102,0.0,0,30,30,adaptive
918,W2C,4,12.6729,0.0,0,30,30,adaptive
919,N2C,12,4.524,108.0,6,30,30,adaptive
919,S2C,11,4.8517,76.0,6,30,30,adaptive
919,E2C,5,13.0254,0.0,0,30,30,adaptive
919,W2C,5,12.9403,0.0,0,30,30,adaptive
920,N2C,12,4.3323,115.0,7,30,30,adaptive
920,S2C,11,4.8018,83.0,7,30,30,adaptive
920,E2C,4,12.8438,0.0,0,30,30,adaptive
920,W2C,5,12.59,0.0,0,30,30,adaptive
921,N2C,12,4.2115,122.0,7,30,30,adaptive
921,S2C,11,4.6017,90.0,7,30,30,adaptive
921,E2C,4,12.8681,0.0,0,30,30,adaptive
921,W2C,5,12.7528,0.0,0,30,30,adaptive
922,N2C,12,3.8907,130.0,8,30,30,adaptive
922,S2C,11,4.2101,97.0,7,30,30,adaptive
922,E2C,4,13.0391,0.0,0,30,30,adaptive
922,W2C,4,12.6799,0.0,0,30,30,adaptive
923,N2C,12,3.3987,138.0,8,30,30,adaptive
923,S2C,11,3.9569,104.0,7,30,30,adaptive
923,E2C,4,12.5411,0.0,0,30,30,adaptive
923,W2C,4,12.2755,0.0,0,30,30,adaptive
924,N2C,13,4.094,146.0,8,34,26,adaptive
924,S2C,12,4.2499,111.0,7,34,26,adaptive
924,E2C,5,11.737,0.0,0,34,26,adaptive
924,W2C,5,11.5107,0.0,0,34,26,adaptive
925,N2C,13,3.9361,155.0,9,34,26,adaptive
925,S2C,12,3.9533,118.0,7,34,26,adaptive
925,E2C,5,10.419,0.0,0,34,26,adaptive
925,W2C,5,10.407,0.0,0,34,26,adaptive
926,N2C,13,3.5881,164.0,9,34,26,adaptive
926,S2C,12,3.6935,126.0,8,34,26,adaptive
926,E2C,5,10.5655,0.0,0,34,26,adaptive
926,W2C,5,10.2547,0.0,0,34,26,adaptive
927,N2C,13,3.3029,173.0,9,34,26,adaptive
927,S2C,12,3.2601,134.0,8,34,26,adaptive
927,E2C,5,10.5252,1.0,1,34,26,adaptive
927,W2C,5,10.2533,0.0,0,34,26,adaptive
928,N2C,14,3.7879,182.0,9,34,26,adaptive
928,S2C,13,4.0018,142.0,8,34,26,adaptive
928,E2C,6,10.9491,2.0,1,34,26,adaptive
928,W2C,6,10.3703,1.0,1,34,26,adaptive
929,N2C,14,3.8616,192.0,10,34,26,adaptive
929,S2C,13,3.8843,150.0,8,34,26,adaptive
929,E2C,6,10.4321,3.0,1,34,26,adaptive
929,W2C,6,10.2233,2.0,1,34,26,adaptive
930,N2C,14,3.4089,202.0,10,34,26,adaptive
930,S2C,13,3.7828,159.0,9,34,26,adaptive
930,E2C,6,10.1817,4.0,1,34,26,adaptive
930,W2C,6,10.643,3.0,1,34,26,adaptive
931,N2C,14,3.0238,212.0,10,34,26,adaptive
931,S2C,13,3.8363,168.0,9,34,26,adaptive
931,E2C,6,9.2558,5.0,1,34,26,adaptive
931,W2C,6,9.6466,4.0,1,34,26,adaptive
932,N2C,14,2.7679,222.0,10,34,26,adaptive
932,S2C,13,3.5673,177.0,9,34,26,adaptive
932,E2C,6,8.8921,6.0,1,34,26,adaptive
932,W2C,6,8.9187,5.0,1,34,26,adaptive
933,N2C,15,3.4242,233.0,11,34,26,adaptive
933,S2C,14,4.0699,186.0,9,34,26,adaptive
933,E2C,7,8.793,8.0,2,34,26,adaptive
933,W2C,7,8.5097,7.0,2,34,26,adaptive
934,N2C,15,2.9894,244.0,11,34,26,adaptive
934,S2C,14,3.5957,195.0,9,34,26,adaptive
934,E2C,7,8.2745,10.0,2,34,26,adaptive
934,W2C,7,8.0276,9.0,2,34,26,adaptive
935,N2C,15,2.7317,255.0,11,34,26,adaptive
935,S2C,14,3.1929,204.0,9,34,26,adaptive
935,E2C,7,7.6884,12.0,2,34,26,adaptive
935,W2C,7,7.3264,11.0,2,34,26,adaptive
936,N2C,15,2.4654,266.0,11,34,26,adaptive
936,S2C,14,2.8489,214.0,10,34,26,adaptive
936,E2C,7,6.8878,14.0,2,34,26,adaptive
936,W2C,7,6.5742,14.0,3,34,26,adaptive
937,N2C,16,3.1183,277.0,11,34,26,adaptive
937,S2C,15,3.5218,224.0,10,34,26,adaptive
937,E2C,8,7.5153,17.0,3,34,26,adaptive
937,W2C,8,6.6344,17.0,3,34,26,adaptive
938,N2C,16,3.0536,289.0,12,34,26,adaptive
938,S2C,15,3.4592,234.0,10,34,26,adaptive
938,E2C,8,6.9256,20.0,3,34,26,adaptive
938,W2C,8,6.2092,20.0,3,34,26,adaptive
939,N2C,16,2.9732,301.0,12,34,26,adaptive
939,S2C,15,3.5375,245.0,11,34,26,adaptive
939,E2C,8,6.5195,23.0,3,34,26,adaptive
939,W2C,8,5.8393,23.0,3,34,26,adaptive
940,N2C,16,2.6964,313.0,12,34,26,adaptive
940,S2C,15,3.2596,256.0,11,34,26,adaptive
940,E2C,8,6.3704,26.0,3,34,26,adaptive
940,W2C,8,5.8534,27.0,4,34,26,adaptive
941,N2C,16,2.442,325.0,12,34,26,adaptive
941,S2C,15,3.0279,267.0,11,34,26,adaptive
941,E2C,8,5.6313,30.0,4,34,26,adaptive
941,W2C,8,5.4421,31.0,4,34,26,adaptive
942,N2C,17,2.8895,337.0,12,34,26,adaptive
942,S2C,16,3.3057,278.0,11,34,26,adaptive
942,E2C,9,6.1466,34.0,4,34,26,adaptive
942,W2C,9,5.9738,35.0,4,34,26,adaptive
943,N2C,17,2.531,350.0,13,34,26,adaptive
943,S2C,16,2.8378,289.0,11,34,26,adaptive
943,E2C,9,5.7997,38.0,4,34,26,adaptive
943,W2C,9,5.5574,39.0,4,34,26,adaptive
944,N2C,17,2.3561,363.0,13,34,26,adaptive
944,S2C,16,2.5984,301.0,12,34,26,adaptive
944,E2C,9,5.6283,43.0,5,34,26,adaptive
944,W2C,9,5.3589,43.0,4,34,26,adaptive
945,N2C,17,2.2742,376.0,13,34,26,adaptive
945,S2C,16,2.4806,314.0,13,34,26,adaptive
945,E2C,9,5.0591,48.0,5,34,26,adaptive
945,W2C,9,5.4372,48.0,5,34,26,adaptive
946,N2C,18,2.8225,390.0,14,34,26,adaptive
946,S2C,17,3.1326,327.0,13,34,26,adaptive
946,E2C,10,5.3787,53.0,5,34,26,adaptive
946,W2C,10,6.1172,53.0,5,34,26,adaptive
947,N2C,18,2.8259,404.0,14,34,26,adaptive
947,S2C,17,3.0064,340.0,13,34,26,adaptive
947,E2C,10,5.0532,58.0,5,34,26,adaptive
947,W2C,10,5.8527,58.0,5,34,26,adaptive
948,N2C,18,2.8115,418.0,14,34,26,adaptive
948,S2C,17,2.8046,353.0,13,34,26,adaptive
948,E2C,10,5.0549,63.0,5,34,26,adaptive
948,W2C,10,5.2639,63.0,5,34,26,adaptive
949,N2C,18,2.7868,432.0,14,34,26,adaptive
949,S2C,17,2.4621,366.0,13,34,26,adaptive
949,E2C,10,4.587,69.0,6,34,26,adaptive
949,W2C,10,4.7689,68.0,5,34,26,adaptive
950,N2C,18,2.6125,446.0,14,34,26,adaptive
950,S2C,17,2.2901,380.0,14,34,26,adaptive
950,E2C,10,4.1292,75.0,6,34,26,adaptive
950,W2C,10,4.1857,74.0,6,34,26,adaptive
951,N2C,19,2.848,460.0,14,34,26,adaptive
951,S2C,18,2.7219,394.0,14,34,26,adaptive
951,E2C,11,4.4957,81.0,6,34,26,adaptive
951,W2C,11,4.4393,80.0,6,34,26,adaptive
952,N2C,19,2.4195,474.0,14,34,26,adaptive
952,S2C,18,2.3872,408.0,14,34,26,adaptive
952,E2C,11,4.3203,87.0,6,34,26,adaptive
952,W2C,11,4.4295,86.0,6,34,26,adaptive
953,N2C,19,2.0603,489.0,15,34,26,adaptive
953,S2C,18,2.2429,422.0,14,34,26,adaptive
953,E2C,11,3.8489,94.0,7,34,26,adaptive
953,W2C,11,4.3067,93.0,7,34,26,adaptive
954,N2C,19,2.0363,505.0,16,34,26,adaptive
954,S2C,18,2.1799,436.0,14,34,26,adaptive
954,E2C,11,3.4336,101.0,7,34,26,adaptive
954,W2C,11,4.3715,100.0,7,34,26,adaptive
955,N2C,20,2.4687,521.0,16,34,26,adaptive
955,S2C,19,2.6265,451.0,15,34,26,adaptive
955,E2C,12,4.0358,108.0,7,34,26,adaptive
955,W2C,12,5.1862,107.0,7,34,26,adaptive
956,N2C,20,2.2517,537.0,16,34,26,adaptive
956,S2C,19,2.3585,466.0,15,34,26,adaptive
956,E2C,12,3.84,116.0,8,34,26,adaptive
956,W2C,12,5.1131,114.0,7,34,26,adaptive
957,N2C,20,2.0351,553.0,16,34,26,adaptive
957,S2C,19,2.2168,481.0,15,34,26,adaptive
957,E2C,12,3.6274,124.0,8,34,26,adaptive
957,W2C,12,4.6578,121.0,7,34,26,adaptive
958,N2C,20,1.9374,570.0,17,34,26,adaptive
958,S2C,19,2.1008,496.0,15,34,26,adaptive
958,E2C,12,3.372,132.0,8,34,26,adaptive
958,W2C,12,4.1619,128.0,7,34,26,adaptive
959,N2C,18,1.998,455.0,15,34,26,adaptive
959,S2C,17,2.0565,387.0,14,34,26,adaptive
959,E2C,12,3.0502,140.0,8,34,26,adaptive
959,W2C,12,3.5618,135.0,7,34,26,adaptive
960,N2C,19,2.5704,352.0,13,34,26,adaptive
960,S2C,18,2.6552,298.0,12,34,26,adaptive
960,E2C,13,3.6824,149.0,9,34,26,adaptive
960,W2C,13,4.1535,142.0,7,34,26,adaptive
961,N2C,19,2.634,261.0,11,34,26,adaptive
961,S2C,18,2.7075,216.0,10,34,26,adaptive
961,E2C,13,3.4158,158.0,9,34,26,adaptive
961,W2C,13,3.7806,150.0,8,34,26,adaptive
962,N2C,17,2.7584,188.0,9,34,26,adaptive
962,S2C,16,2.6826,146.0,8,34,26,adaptive
962,E2C,13,3.6521,167.0,9,34,26,adaptive
962,W2C,13,3.4644,159.0,9,34,26,adaptive
963,N2C,17,3.2836,123.0,7,34,26,adaptive
963,S2C,16,3.1144,96.0,7,34,26,adaptive
963,E2C,13,3.6718,176.0,9,34,26,adaptive
963,W2C,13,3.184,168.0,9,34,26,adaptive
964,N2C,16,4.1282,72.0,6,34,26,adaptive
964,S2C,17,4.0711,53.0,5,34,26,adaptive
964,E2C,14,4.1053,185.0,9,34,26,adaptive
964,W2C,14,3.5199,177.0,9,34,26,adaptive
965,N2C,16,4.5778,35.0,4,34,26,adaptive
965,S2C,15,4.1277,21.0,3,34,26,adaptive
965,E2C,14,4.19,194.0,9,34,26,adaptive
965,W2C,14,3.416,187.0,10,34,26,adaptive
966,N2C,15,4.8903,12.0,2,34,26,adaptive
966,S2C,15,4.7004,4.0,1,34,26,adaptive
966,E2C,14,3.8817,203.0,9,34,26,adaptive
966,W2C,14,3.4437,197.0,10,34,26,adaptive
967,N2C,14,5.3071,0.0,0,34,26,adaptive
967,S2C,13,5.1395,5.0,1,34,26,adaptive
967,E2C,14,3.5463,212.0,9,34,26,adaptive
967,W2C,14,3.3664,207.0,10,34,26,adaptive
968,N2C,13,5.7794,0.0,0,34,26,adaptive
968,S2C,13,6.1128,0.0,0,34,26,adaptive
968,E2C,14,3.2879,222.0,10,34,26,adaptive
968,W2C,14,3.1374,217.0,10,34,26,adaptive
969,N2C,13,7.0299,0.0,0,34,26,adaptive
969,S2C,12,7.0557,0.0,0,34,26,adaptive
969,E2C,15,4.0723,232.0,10,34,26,adaptive
969,W2C,15,3.5968,227.0,10,34,26,adaptive
970,N2C,11,7.2777,0.0,0,34,26,adaptive
970,S2C,12,8.1573,0.0,0,34,26,adaptive
970,E2C,15,3.7363,242.0,10,34,26,adaptive
970,W2C,15,3.0334,237.0,10,34,26,adaptive
971,N2C,11,8.392,0.0,0,34,26,adaptive
971,S2C,10,8.4569,0.0,0,34,26,adaptive
971,E2C,15,3.2477,252.0,10,34,26,adaptive
971,W2C,15,2.9737,248.0,11,34,26,adaptive
972,N2C,9,9.085,0.0,0,34,26,adaptive
972,S2C,10,9.6702,0.0,0,34,26,adaptive
972,E2C,15,2.7088,262.0,10,34,26,adaptive
972,W2C,15,2.772,259.0,11,34,26,adaptive
973,N2C,10,10.5912,0.0,0,34,26,adaptive
973,S2C,9,10.8774,0.0,0,34,26,adaptive
973,E2C,16,3.229,273.0,11,34,26,adaptive
973,W2C,16,3.0383,270.0,11,34,26,adaptive
974,N2C,8,11.2527,0.0,0,34,26,adaptive
974,S2C,8,11.5877,0.0,0,34,26,adaptive
974,E2C,16,3.1427,285.0,12,34,26,adaptive
974,W2C,16,2.7015,282.0,12,34,26,adaptive
975,N2C,8,11.647,0.0,0,34,26,adaptive
975,S2C,7,12.3673,0.0,0,34,26,adaptive
975,E2C,16,2.7925,297.0,12,34,26,adaptive
975,W2C,16,2.4394,294.0,12,34,26,adaptive
976,N2C,6,12.2268,0.0,0,34,26,adaptive
976,S2C,6,12.1908,0.0,0,34,26,adaptive
976,E2C,16,2.5736,309.0,12,34,26,adaptive
976,W2C,16,2.1837,306.0,12,34,26,adaptive
977,N2C,6,12.2328,0.0,0,34,26,adaptive
977,S2C,5,12.5853,0.0,0,34,26,adaptive
977,E2C,16,2.3448,322.0,13,34,26,adaptive
977,W2C,16,2.0604,318.0,12,34,26,adaptive
978,N2C,5,12.5285,0.0,0,34,26,adaptive
978,S2C,6,12.6902,0.0,0,34,26,adaptive
978,E2C,17,2.9187,335.0,13,34,26,adaptive
978,W2C,17,2.7616,331.0,13,34,26,adaptive
979,N2C,5,11.9067,0.0,0,34,26,adaptive
979,S2C,5,13.0514,0.0,0,34,26,adaptive
979,E2C,17,2.9485,348.0,13,34,26,adaptive
979,W2C,17,2.7865,344.0,13,34,26,adaptive
980,N2C,4,12.8663,0.0,0,34,26,adaptive
980,S2C,4,13.3084,0.0,0,34,26,adaptive
980,E2C,17,2.8752,361.0,13,34,26,adaptive
980,W2C,17,2.7706,357.0,13,34,26,adaptive
981,N2C,4,12.4991,0.0,0,34,26,adaptive
981,S2C,4,13.2799,0.0,0,34,26,adaptive
981,E2C,17,2.7621,374.0,13,34,26,adaptive
981,W2C,17,2.6662,370.0,13,34,26,adaptive
982,N2C,3,12.4828,0.0,0,34,26,adaptive
982,S2C,4,13.3501,0.0,0,34,26,adaptive
982,E2C,18,3.1714,387.0,13,34,26,adaptive
982,W2C,18,3.3675,383.0,13,34,26,adaptive
983,N2C,4,12.2956,0.0,0,34,26,adaptive
983,S2C,4,13.5204,0.0,0,34,26,adaptive
983,E2C,18,2.6626,400.0,13,34,26,adaptive
983,W2C,18,2.7706,396.0,13,34,26,adaptive
984,N2C,4,11.9491,0.0,0,34,26,adaptive
984,S2C,4,13.1323,0.0,0,34,26,adaptive
984,E2C,18,2.4774,413.0,13,34,26,adaptive
984,W2C,18,2.3967,409.0,13,34,26,adaptive
985,N2C,4,12.009,0.0,0,34,26,adaptive
985,S2C,4,13.1961,0.0,0,34,26,adaptive
985,E2C,18,2.1929,427.0,14,34,26,adaptive
985,W2C,18,2.0187,422.0,13,34,26,adaptive
986,N2C,4,11.9303,0.0,0,34,26,adaptive
986,S2C,4,13.3339,0.0,0,34,26,adaptive
986,E2C,18,2.1297,441.0,14,34,26,adaptive
986,W2C,18,2.0369,436.0,14,34,26,adaptive
987,N2C,5,12.3988,0.0,0,34,26,adaptive
987,S2C,5,13.3493,0.0,0,34,26,adaptive
987,E2C,19,2.5619,456.0,15,34,26,adaptive
987,W2C,19,2.6569,451.0,15,34,26,adaptive
988,N2C,5,12.3639,0.0,0,34,26,adaptive
988,S2C,4,13.0555,0.0,0,34,26,adaptive
988,E2C,19,2.2682,471.0,15,34,26,adaptive
988,W2C,19,2.6517,466.0,15,34,26,adaptive
989,N2C,4,12.3362,0.0,0,34,26,adaptive
989,S2C,4,12.7187,0.0,0,34,26,adaptive
989,E2C,19,2.1421,486.0,15,34,26,adaptive
989,W2C,19,2.5863,481.0,15,34,26,adaptive
990,N2C,4,11.7366,0.0,0,27,33,adaptive
990,S2C,4,12.1963,0.0,0,27,33,adaptive
990,E2C,19,2.0941,501.0,15,27,33,adaptive
990,W2C,19,2.6607,496.0,15,27,33,adaptive
991,N2C,5,11.3967,0.0,0,27,33,adaptive
991,S2C,5,11.4634,0.0,0,27,33,adaptive
991,E2C,20,2.6473,517.0,16,27,33,adaptive
991,W2C,20,2.9743,511.0,15,27,33,adaptive
992,N2C,5,10.2466,0.0,0,27,33,adaptive
992,S2C,5,10.6922,0.0,0,27,33,adaptive
992,E2C,20,2.4555,533.0,16,27,33,adaptive
992,W2C,20,2.5434,526.0,15,27,33,adaptive
993,N2C,5,9.7964,0.0,0,27,33,adaptive
993,S2C,5,10.3834,0.0,0,27,33,adaptive
993,E2C,20,2.2171,549.0,16,27,33,adaptive
993,W2C,20,2.1289,541.0,15,27,33,adaptive
994,N2C,5,9.9807,0.0,0,27,33,adaptive
994,S2C,5,10.397,0.0,0,27,33,adaptive
994,E2C,20,2.0622,565.0,16,27,33,adaptive
994,W2C,20,1.9988,556.0,15,27,33,adaptive
995,N2C,5,9.7585,1.0,1,27,33,adaptive
995,S2C,5,9.4771,1.0,1,27,33,adaptive
995,E2C,20,1.8704,581.0,16,27,33,adaptive
995,W2C,20,1.7863,572.0,16,27,33,adaptive
996,N2C,6,10.5527,2.0,1,27,33,adaptive
996,S2C,6,9.8786,2.0,1,27,33,adaptive
996,E2C,21,2.2255,597.0,16,27,33,adaptive
996,W2C,21,2.1406,589.0,17,27,33,adaptive
997,N2C,6,10.3062,3.0,1,27,33,adaptive
997,S2C,6,8.923,3.0,1,27,33,adaptive
997,E2C,21,1.9082,614.0,17,27,33,adaptive
997,W2C,21,1.9626,606.0,17,27,33,adaptive
998,N2C,6,9.6608,4.0,1,27,33,adaptive
998,S2C,6,8.2768,4.0,1,27,33,adaptive
998,E2C,21,1.8897,631.0,17,27,33,adaptive
998,W2C,21,1.8772,623.0,17,27,33,adaptive
999,N2C,6,8.9805,5.0,1,27,33,adaptive
999,S2C,6,7.9437,5.0,1,27,33,adaptive
999,E2C,21,1.7805,649.0,18,27,33,adaptive
999,W2C,21,1.8212,641.0,18,27,33,adaptive
1000,N2C,7,8.7174,6.0,1,27,33,adaptive
1000,S2C,7,8.0132,7.0,2,27,33,adaptive
1000,E2C,22,2.1695,667.0,18,27,33,adaptive
1000,W2C,22,2.1633,659.0,18,27,33,adaptive
1001,N2C,7,8.8415,7.0,1,27,33,adaptive
1001,S2C,7,7.434,9.0,2,27,33,adaptive
1001,E2C,22,1.8887,685.0,18,27,33,adaptive
1001,W2C,22,1.9398,677.0,18,27,33,adaptive
1002,N2C,7,8.6673,8.0,1,27,33,adaptive
1002,S2C,7,7.4918,11.0,2,27,33,adaptive
1002,E2C,22,1.7198,703.0,18,27,33,adaptive
1002,W2C,22,1.8871,695.0,18,27,33,adaptive
1003,N2C,7,8.1564,10.0,2,27,33,adaptive
1003,S2C,7,7.2436,14.0,3,27,33,adaptive
1003,E2C,22,1.6988,721.0,18,27,33,adaptive
1003,W2C,22,1.7476,713.0,18,27,33,adaptive
1004,N2C,7,7.1096,12.0,2,27,33,adaptive
1004,S2C,7,7.4043,17.0,3,27,33,adaptive
1004,E2C,22,1.4865,740.0,19,27,33,adaptive
1004,W2C,22,1.7097,732.0,19,27,33,adaptive
1005,N2C,8,6.8637,14.0,2,27,33,adaptive
1005,S2C,8,7.7676,20.0,3,27,33,adaptive
1005,E2C,23,1.8726,759.0,19,27,33,adaptive
1005,W2C,23,2.1268,751.0,19,27,33,adaptive
1006,N2C,8,6.46,17.0,3,27,33,adaptive
1006,S2C,8,7.0707,23.0,3,27,33,adaptive
1006,E2C,23,1.6907,779.0,20,27,33,adaptive
1006,W2C,23,1.8818,770.0,19,27,33,adaptive
1007,N2C,8,6.0873,20.0,3,27,33,adaptive
1007,S2C,8,7.2853,26.0,3,27,33,adaptive
1007,E2C,23,1.6876,799.0,20,27,33,adaptive
1007,W2C,23,1.7392,789.0,19,27,33,adaptive
1008,N2C,8,5.5918,23.0,3,27,33,adaptive
1008,S2C,8,6.3258,29.0,3,27,33,adaptive
1008,E2C,23,1.6673,819.0,20,27,33,adaptive
1008,W2C,23,1.5598,808.0,19,27,33,adaptive
1009,N2C,9,6.049,27.0,4,27,33,adaptive
1009,S2C,9,6.3401,32.0,3,27,33,adaptive
1009,E2C,24,1.9797,839.0,20,27,33,adaptive
1009,W2C,24,1.849,827.0,19,27,33,adaptive
1010,N2C,9,5.5141,31.0,4,27,33,adaptive
1010,S2C,9,6.0205,35.0,3,27,33,adaptive
1010,E2C,24,1.9081,859.0,20,27,33,adaptive
1010,W2C,24,1.7093,847.0,20,27,33,adaptive
1011,N2C,9,5.3199,35.0,4,27,33,adaptive
1011,S2C,9,5.8145,39.0,4,27,33,adaptive
1011,E2C,24,1.723,879.0,20,27,33,adaptive
1011,W2C,24,1.6689,867.0,20,27,33,adaptive
1012,N2C,9,5.1535,39.0,4,27,33,adaptive
1012,S2C,9,5.4326,44.0,5,27,33,adaptive
1012,E2C,24,1.3855,899.0,20,27,33,adaptive
1012,W2C,24,1.4586,888.0,21,27,33,adaptive
1013,N2C,9,4.5934,44.0,5,27,33,adaptive
1013,S2C,9,4.807,49.0,5,27,33,adaptive
1013,E2C,24,1.2438,920.0,21,27,33,adaptive
1013,W2C,24,1.3106,909.0,21,27,33,adaptive
1014,N2C,10,5.1295,49.0,5,27,33,adaptive
1014,S2C,10,5.2654,54.0,5,27,33,adaptive
1014,E2C,25,1.6207,941.0,21,27,33,adaptive
1014,W2C,25,1.6635,930.0,21,27,33,adaptive
1015,N2C,10,4.8507,54.0,5,27,33,adaptive
1015,S2C,10,4.9872,60.0,6,27,33,adaptive
1015,E2C,25,1.4954,962.0,21,27,33,adaptive
1015,W2C,25,1.6219,951.0,21,27,33,adaptive
1016,N2C,10,4.8102,60.0,6,27,33,adaptive
1016,S2C,10,4.6152,66.0,6,27,33,adaptive
1016,E2C,25,1.4491,984.0,22,27,33,adaptive
1016,W2C,25,1.5144,972.0,21,27,33,adaptive
1017,N2C,10,5.0224,66.0,6,27,33,adaptive
1017,S2C,10,4.2131,72.0,6,27,33,adaptive
1017,E2C,25,1.2992,1006.0,22,27,33,adaptive
1017,W2C,25,1.3775,994.0,22,27,33,adaptive
1018,N2C,11,5.3916,72.0,6,27,33,adaptive
1018,S2C,11,4.6265,78.0,6,27,33,adaptive
1018,E2C,24,1.7265,850.0,20,27,33,adaptive
1018,W2C,24,1.818,839.0,20,27,33,adaptive
1019,N2C,11,5.3641,78.0,6,27,33,adaptive
1019,S2C,11,4.5734,84.0,6,27,33,adaptive
1019,E2C,24,1.6658,709.0,19,27,33,adaptive
1019,W2C,24,1.7802,695.0,18,27,33,adaptive
1020,N2C,11,5.4237,84.0,6,27,33,adaptive
1020,S2C,11,4.4986,91.0,7,27,33,adaptive
1020,E2C,24,1.892,579.0,17,27,33,adaptive
1020,W2C,24,1.9111,566.0,16,27,33,adaptive
1021,N2C,11,4.8027,90.0,6,27,33,adaptive
1021,S2C,11,4.2667,98.0,7,27,33,adaptive
1021,E2C,23,2.1442,461.0,15,27,33,adaptive
1021,W2C,22,1.9626,454.0,15,27,33,adaptive
1022,N2C,11,4.2148,96.0,6,27,33,adaptive
1022,S2C,11,3.9444,105.0,7,27,33,adaptive
1022,E2C,22,2.2528,358.0,13,27,33,adaptive
1022,W2C,22,2.1319,349.0,13,27,33,adaptive
1023,N2C,12,4.1897,102.0,6,27,33,adaptive
1023,S2C,12,4.3478,112.0,7,27,33,adaptive
1023,E2C,23,3.1279,270.0,11,27,33,adaptive
1023,W2C,22,2.6431,259.0,11,27,33,adaptive
1024,N2C,12,3.937,109.0,7,27,33,adaptive
1024,S2C,12,4.0384,119.0,7,27,33,adaptive
1024,E2C,21,3.2042,193.0,9,27,33,adaptive
1024,W2C,21,2.8557,185.0,10,27,33,adaptive
1025,N2C,12,3.9647,117.0,8,27,33,adaptive
1025,S2C,12,4.1115,127.0,8,27,33,adaptive
1025,E2C,21,3.5087,128.0,7,27,33,adaptive
1025,W2C,21,3.3326,126.0,8,27,33,adaptive
1026,N2C,12,3.5785,125.0,8,27,33,adaptive
1026,S2C,12,3.994,135.0,8,27,33,adaptive
1026,E2C,19,3.3838,77.0,5,27,33,adaptive
1026,W2C,19,3.2371,74.0,6,27,33,adaptive
1027,N2C,13,3.9484,133.0,8,27,33,adaptive
1027,S2C,13,4.5142,143.0,8,27,33,adaptive
1027,E2C,20,4.2907,37.0,4,27,33,adaptive
1027,W2C,20,4.1918,38.0,4,27,33,adaptive
1028,N2C,13,3.6776,141.0,8,27,33,adaptive
1028,S2C,13,4.0957,151.0,8,27,33,adaptive
1028,E2C,18,4.4028,25.0,3,27,33,adaptive
1028,W2C,18,4.4391,42.0,4,27,33,adaptive
1029,N2C,13,3.5047,150.0,9,27,33,adaptive
1029,S2C,13,3.8633,159.0,8,27,33,adaptive
1029,E2C,17,4.7601,3.0,1,27,33,adaptive
1029,W2C,18,5.0349,16.0,3,27,33,adaptive
1030,N2C,13,3.2614,159.0,9,27,33,adaptive
1030,S2C,13,3.5519,167.0,8,27,33,adaptive
1030,E2C,16,5.1818,0.0,0,27,33,adaptive
1030,W2C,16,5.0276,2.0,1,27,33,adaptive
1031,N2C,13,3.0534,168.0,9,27,33,adaptive
1031,S2C,13,3.0903,176.0,9,27,33,adaptive
1031,E2C,15,5.8271,0.0,0,27,33,adaptive
1031,W2C,15,5.5589,0.0,0,27,33,adaptive
1032,N2C,14,3.4774,177.0,9,27,33,adaptive
1032,S2C,14,3.5908,185.0,9,27,33,adaptive
1032,E2C,15,7.0716,0.0,0,27,33,adaptive
1032,W2C,15,6.7459,0.0,0,27,33,adaptive
1033,N2C,14,3.3731,187.0,10,27,33,adaptive
1033,S2C,14,3.6542,194.0,9,27,33,adaptive
1033,E2C,14,7.6378,0.0,0,27,33,adaptive
1033,W2C,14,7.3361,0.0,0,27,33,adaptive
1034,N2C,14,3.3393,197.0,10,27,33,adaptive
1034,S2C,14,3.2947,203.0,9,27,33,adaptive
1034,E2C,13,8.2801,0.0,0,27,33,adaptive
1034,W2C,13,8.1729,0.0,0,27,33,adaptive
1035,N2C,14,3.3999,207.0,10,27,33,adaptive
1035,S2C,14,2.984,213.0,10,27,33,adaptive
1035,E2C,12,8.6816,0.0,0,27,33,adaptive
1035,W2C,12,8.9775,0.0,0,27,33,adaptive
1036,N2C,15,4.0682,217.0,10,27,33,adaptive
1036,S2C,15,3.3759,223.0,10,27,33,adaptive
1036,E2C,12,9.5747,0.0,0,27,33,adaptive
1036,W2C,12,10.0106,0.0,0,27,33,adaptive
1037,N2C,15,3.9192,227.0,10,27,33,adaptive
1037,S2C,15,3.3606,234.0,11,27,33,adaptive
1037,E2C,11,10.4171,0.0,0,27,33,adaptive
1037,W2C,11,10.4176,0.0,0,27,33,adaptive
1038,N2C,15,3.7217,237.0,10,27,33,adaptive
1038,S2C,15,3.2958,245.0,11,27,33,adaptive
1038,E2C,10,10.9736,0.0,0,27,33,adaptive
1038,W2C,10,11.2065,0.0,0,27,33,adaptive
1039,N2C,15,3.2521,247.0,10,27,33,adaptive
1039,S2C,15,3.1889,256.0,11,27,33,adaptive
1039,E2C,9,11.3501,0.0,0,27,33,adaptive
1039,W2C,8,11.5538,0.0,0,27,33,adaptive
1040,N2C,15,2.9361,257.0,10,27,33,adaptive
1040,S2C,15,2.8109,267.0,11,27,33,adaptive
1040,E2C,8,11.1986,0.0,0,27,33,adaptive
1040,W2C,8,11.8236,0.0,0,27,33,adaptive
1041,N2C,16,3.2807,267.0,10,27,33,adaptive
1041,S2C,16,3.4841,278.0,11,27,33,adaptive
1041,E2C,8,11.6995,0.0,0,27,33,adaptive
1041,W2C,6,12.0041,0.0,0,27,33,adaptive
1042,N2C,16,2.9154,278.0,11,27,33,adaptive
1042,S2C,16,2.9062,289.0,11,27,33,adaptive
1042,E2C,7,11.7423,0.0,0,27,33,adaptive
1042,W2C,6,11.9861,0.0,0,27,33,adaptive
1043,N2C,16,2.5454,290.0,12,27,33,adaptive
1043,S2C,16,2.4658,301.0,12,27,33,adaptive
1043,E2C,6,12.1965,0.0,0,27,33,adaptive
1043,W2C,5,12.3562,0.0,0,27,33,adaptive
1044,N2C,16,2.4073,302.0,12,27,33,adaptive
1044,S2C,16,2.3582,313.0,12,27,33,adaptive
1044,E2C,4,12.8686,0.0,0,27,33,adaptive
1044,W2C,4,12.4996,0.0,0,27,33,adaptive
1045,N2C,17,3.0211,315.0,13,27,33,adaptive
1045,S2C,17,3.037,325.0,12,27,33,adaptive
1045,E2C,5,12.3033,0.0,0,27,33,adaptive
1045,W2C,5,12.3753,0.0,0,27,33,adaptive
1046,N2C,17,3.0175,328.0,13,27,33,adaptive
1046,S2C,17,2.9205,338.0,13,27,33,adaptive
1046,E2C,5,12.4271,0.0,0,27,33,adaptive
1046,W2C,5,12.5271,0.0,0,27,33,adaptive
1047,N2C,17,2.85,341.0,13,27,33,adaptive
1047,S2C,17,2.7879,351.0,13,27,33,adaptive
1047,E2C,4,12.6266,0.0,0,27,33,adaptive
1047,W2C,5,12.3391,0.0,0,27,33,adaptive
1048,N2C,17,2.6694,354.0,13,27,33,adaptive
1048,S2C,17,2.4476,364.0,13,27,33,adaptive
1048,E2C,4,12.5388,0.0,0,27,33,adaptive
1048,W2C,5,12.0879,0.0,0,27,33,adaptive
1049,N2C,17,2.4404,367.0,13,27,33,adaptive
1049,S2C,17,2.3682,377.0,13,27,33,adaptive
1049,E2C,4,11.6396,0.0,0,27,33,adaptive
1049,W2C,5,11.3802,0.0,0,27,33,adaptive
1050,N2C,18,2.6335,380.0,13,27,33,adaptive
1050,S2C,18,2.8516,390.0,13,27,33,adaptive
1050,E2C,5,11.3128,0.0,0,27,33,adaptive
1050,W2C,6,10.2972,0.0,0,27,33,adaptive
1051,N2C,16,2.7352,287.0,11,27,33,adaptive
1051,S2C,16,2.8733,294.0,11,27,33,adaptive
1051,E2C,5,10.395,0.0,0,27,33,adaptive
1051,W2C,6,9.2121,0.0,0,27,33,adaptive
1052,N2C,16,2.6705,208.0,10,27,33,adaptive
1052,S2C,16,2.8524,214.0,10,27,33,adaptive
1052,E2C,5,9.7204,1.0,1,27,33,adaptive
1052,W2C,6,8.3742,1.0,1,27,33,adaptive
1053,N2C,16,2.9418,139.0,8,27,33,adaptive
1053,S2C,16,2.9657,143.0,8,27,33,adaptive
1053,E2C,5,9.7635,2.0,1,27,33,adaptive
1053,W2C,6,7.7176,3.0,2,27,33,adaptive
1054,N2C,16,3.9719,87.0,7,27,33,adaptive
1054,S2C,15,3.9326,86.0,6,27,33,adaptive
1054,E2C,6,10.5976,3.0,1,27,33,adaptive
1054,W2C,7,8.0091,5.0,2,27,33,adaptive
1055,N2C,15,4.2342,44.0,5,27,33,adaptive
1055,S2C,15,4.1975,47.0,5,27,33,adaptive
1055,E2C,6,10.0992,4.0,1,27,33,adaptive
1055,W2C,7,7.4098,7.0,2,27,33,adaptive
1056,N2C,14,4.5178,22.0,3,31,29,adaptive
1056,S2C,14,4.6184,18.0,3,31,29,adaptive
1056,E2C,6,9.9442,5.0,1,31,29,adaptive
1056,W2C,7,7.1981,9.0,2,31,29,adaptive
1057,N2C,13,4.7625,4.0,1,31,29,adaptive
1057,S2C,13,5.0191,3.0,1,31,29,adaptive
1057,E2C,6,9.4209,6.0,1,31,29,adaptive
1057,W2C,7,7.1956,12.0,3,31,29,adaptive
1058,N2C,12,5.3888,0.0,0,31,29,adaptive
1058,S2C,12,5.8906,0.0,0,31,29,adaptive
1058,E2C,6,8.0369,7.0,1,31,29,adaptive
1058,W2C,7,7.2134,15.0,3,31,29,adaptive
1059,N2C,12,6.4408,0.0,0,31,29,adaptive
1059,S2C,12,6.9351,0.0,0,31,29,adaptive
1059,E2C,6,7.4021,8.0,1,31,29,adaptive
1059,W2C,8,8.067,18.0,3,31,29,adaptive
1060,N2C,11,7.2172,0.0,0,31,29,adaptive
1060,S2C,11,7.4761,0.0,0,31,29,adaptive
1060,E2C,7,7.4035,10.0,2,31,29,adaptive
1060,W2C,8,7.8931,21.0,3,31,29,adaptive
1061,N2C,10,7.6745,0.0,0,31,29,adaptive
1061,S2C,10,7.9917,0.0,0,31,29,adaptive
1061,E2C,7,7.062,13.0,3,31,29,adaptive
1061,W2C,8,6.9297,24.0,3,31,29,adaptive
1062,N2C,10,8.5304,0.0,0,31,29,adaptive
1062,S2C,9,9.1041,0.0,0,31,29,adaptive
1062,E2C,7,7.012,16.0,3,31,29,adaptive
1062,W2C,8,5.9964,27.0,3,31,29,adaptive
1063,N2C,9,9.749,0.0,0,31,29,adaptive
1063,S2C,9,10.2481,0.0,0,31,29,adaptive
1063,E2C,8,7.8926,19.0,3,31,29,adaptive
1063,W2C,9,5.9855,30.0,3,31,29,adaptive
1064,N2C,9,10.4999,0.0,0,31,29,adaptive
1064,S2C,8,11.0107,0.0,0,31,29,adaptive
1064,E2C,8,7.7026,22.0,3,31,29,adaptive
1064,W2C,9,5.7439,34.0,4,31,29,adaptive
1065,N2C,7,11.4469,0.0,0,31,29,adaptive
1065,S2C,7,11.5042,0.0,0,31,29,adaptive
1065,E2C,8,7.1976,25.0,3,31,29,adaptive
1065,W2C,9,5.5601,38.0,4,31,29,adaptive
1066,N2C,6,11.8473,0.0,0,31,29,adaptive
1066,S2C,5,12.2078,0.0,0,31,29,adaptive
1066,E2C,8,6.3995,28.0,3,31,29,adaptive
1066,W2C,9,5.6289,43.0,5,31,29,adaptive
1067,N2C,5,12.6083,0.0,0,31,29,adaptive
1067,S2C,5,12.8132,0.0,0,31,29,adaptive
1067,E2C,8,5.5376,31.0,3,31,29,adaptive
1067,W2C,9,5.6451,48.0,5,31,29,adaptive
1068,N2C,5,12.4417,0.0,0,31,29,adaptive
1068,S2C,5,13.1385,0.0,0,31,29,adaptive
1068,E2C,9,5.7838,35.0,4,31,29,adaptive
1068,W2C,9,5.1335,53.0,5,31,29,adaptive
1069,N2C,5,12.2002,0.0,0,31,29,adaptive
1069,S2C,5,12.9897,0.0,0,31,29,adaptive
1069,E2C,9,5.5489,39.0,4,31,29,adaptive
1069,W2C,10,5.9627,58.0,5,31,29,adaptive
1070,N2C,4,12.2451,0.0,0,31,29,adaptive
1070,S2C,4,13.1102,0.0,0,31,29,adaptive
1070,E2C,9,5.1315,44.0,5,31,29,adaptive
1070,W2C,10,5.0748,63.0,5,31,29,adaptive
1071,N2C,4,11.7722,0.0,0,31,29,adaptive
1071,S2C,4,13.6002,0.0,0,31,29,adaptive
1071,E2C,9,4.6759,49.0,5,31,29,adaptive
1071,W2C,10,4.2884,68.0,5,31,29,adaptive
1072,N2C,3,11.4176,0.0,0,31,29,adaptive
1072,S2C,4,13.2376,0.0,0,31,29,adaptive
1072,E2C,10,5.1802,54.0,5,31,29,adaptive
1072,W2C,11,4.7213,73.0,5,31,29,adaptive
1073,N2C,4,12.2245,0.0,0,31,29,adaptive
1073,S2C,4,13.2092,0.0,0,31,29,adaptive
1073,E2C,10,4.9759,59.0,5,31,29,adaptive
1073,W2C,11,4.7277,79.0,6,31,29,adaptive
1074,N2C,4,12.1178,0.0,0,31,29,adaptive
1074,S2C,4,13.2665,0.0,0,31,29,adaptive
1074,E2C,10,4.8957,64.0,5,31,29,adaptive
1074,W2C,11,4.6393,86.0,7,31,29,adaptive
1075,N2C,4,12.455,0.0,0,31,29,adaptive
1075,S2C,4,13.6063,0.0,0,31,29,adaptive
1075,E2C,10,4.8629,70.0,6,31,29,adaptive
1075,W2C,11,4.5859,93.0,7,31,29,adaptive
1076,N2C,4,11.8355,0.0,0,31,29,adaptive
1076,S2C,4,13.2562,0.0,0,31,29,adaptive
1076,E2C,10,4.9503,76.0,6,31,29,adaptive
1076,W2C,11,4.378,100.0,7,31,29,adaptive
1077,N2C,5,12.1304,0.0,0,31,29,adaptive
1077,S2C,3,13.3357,0.0,0,31,29,adaptive
1077,E2C,11,5.8083,82.0,6,31,29,adaptive
1077,W2C,12,4.7873,107.0,7,31,29,adaptive
1078,N2C,5,12.2476,0.0,0,31,29,adaptive
1078,S2C,4,13.4316,0.0,0,31,29,adaptive
1078,E2C,11,5.6985,88.0,6,31,29,adaptive
1078,W2C,12,4.2263,114.0,7,31,29,adaptive
1079,N2C,5,12.3781,0.0,0,31,29,adaptive
1079,S2C,4,13.2937,0.0,0,31,29,adaptive
1079,E2C,11,5.1926,94.0,6,31,29,adaptive
1079,W2C,12,3.7603,122.0,8,31,29,adaptive
1080,N2C,4,12.4463,0.0,0,31,29,adaptive
1080,S2C,4,13.3627,0.0,0,31,29,adaptive
1080,E2C,11,4.3106,100.0,6,31,29,adaptive
1080,W2C,12,3.5755,130.0,8,31,29,adaptive
1081,N2C,3,12.0583,0.0,0,31,29,adaptive
1081,S2C,4,13.3126,0.0,0,31,29,adaptive
1081,E2C,12,4.2763,106.0,6,31,29,adaptive
1081,W2C,13,3.9855,138.0,8,31,29,adaptive
1082,N2C,4,12.4265,0.0,0,31,29,adaptive
1082,S2C,4,13.1017,0.0,0,31,29,adaptive
1082,E2C,12,4.1052,113.0,7,31,29,adaptive
1082,W2C,13,3.9757,147.0,9,31,29,adaptive
1083,N2C,4,12.5071,0.0,0,31,29,adaptive
1083,S2C,4,13.3821,0.0,0,31,29,adaptive
1083,E2C,12,4.1509,120.0,7,31,29,adaptive
1083,W2C,13,3.9013,156.0,9,31,29,adaptive
1084,N2C,4,12.3241,0.0,0,31,29,adaptive
1084,S2C,4,13.4558,0.0,0,31,29,adaptive
1084,E2C,12,4.134,128.0,8,31,29,adaptive
1084,W2C,13,3.8283,165.0,9,31,29,adaptive
1085,N2C,4,12.3145,0.0,0,31,29,adaptive
1085,S2C,4,13.3435,0.0,0,31,29,adaptive
1085,E2C,12,3.9268,136.0,8,31,29,adaptive
1085,W2C,13,3.4806,174.0,9,31,29,adaptive
1086,N2C,5,12.9536,0.0,0,31,29,adaptive
1086,S2C,4,13.5262,0.0,0,31,29,adaptive
1086,E2C,13,4.2983,144.0,8,31,29,adaptive
1086,W2C,14,3.9142,183.0,9,31,29,adaptive
1087,N2C,5,12.4722,0.0,0,31,29,adaptive
1087,S2C,4,13.4451,0.0,0,31,29,adaptive
1087,E2C,13,3.7789,152.0,8,31,29,adaptive
1087,W2C,14,3.7295,192.0,9,31,29,adaptive
1088,N2C,5,12.6577,0.0,0,31,29,adaptive
1088,S2C,4,13.3741,0.0,0,31,29,adaptive
1088,E2C,13,3.3082,160.0,8,31,29,adaptive
1088,W2C,14,3.6507,201.0,9,31,29,adaptive
1089,N2C,5,12.4814,0.0,0,31,29,adaptive
1089,S2C,4,12.4313,0.0,0,31,29,adaptive
1089,E2C,13,3.3239,169.0,9,31,29,adaptive
1089,W2C,14,3.3554,210.0,9,31,29,adaptive
1090,N2C,6,12.479,0.0,0,31,29,adaptive
1090,S2C,5,12.1856,0.0,0,31,29,adaptive
1090,E2C,14,3.9442,178.0,9,31,29,adaptive
1090,W2C,15,3.5286,220.0,10,31,29,adaptive
1091,N2C,6,10.9101,0.0,0,31,29,adaptive
1091,S2C,5,11.018,0.0,0,31,29,adaptive
1091,E2C,12,4.1884,115.0,7,31,29,adaptive
1091,W2C,13,3.9295,151.0,8,31,29,adaptive
1092,N2C,6,9.6023,0.0,0,31,29,adaptive
1092,S2C,5,10.4865,1.0,1,31,29,adaptive
1092,E2C,12,4.1032,65.0,5,31,29,adaptive
1092,W2C,13,3.7025,94.0,6,31,29,adaptive
1093,N2C,6,8.9445,0.0,0,31,29,adaptive
1093,S2C,5,10.3262,2.0,1,31,29,adaptive
1093,E2C,12,4.2581,28.0,4,31,29,adaptive
1093,W2C,13,4.0165,52.0,5,31,29,adaptive
1094,N2C,6,8.3425,2.0,2,31,29,adaptive
1094,S2C,5,10.5402,3.0,1,31,29,adaptive
1094,E2C,10,4.6394,8.0,2,31,29,adaptive
1094,W2C,11,4.0544,20.0,3,31,29,adaptive
1095,N2C,7,8.5314,4.0,2,31,29,adaptive
1095,S2C,6,10.8885,4.0,1,31,29,adaptive
1095,E2C,11,5.8736,1.0,1,31,29,adaptive
1095,W2C,12,5.3603,3.0,1,31,29,adaptive
1096,N2C,7,7.9135,6.0,2,31,29,adaptive
1096,S2C,6,9.9991,5.0,1,31,29,adaptive
1096,E2C,10,6.8589,0.0,0,31,29,adaptive
1096,W2C,11,5.5381,0.0,0,31,29,adaptive
1097,N2C,7,7.4997,8.0,2,31,29,adaptive
1097,S2C,6,9.3961,6.0,1,31,29,adaptive
1097,E2C,9,7.6109,0.0,0,31,29,adaptive
1097,W2C,10,6.0271,0.0,0,31,29,adaptive
1098,N2C,7,7.5892,10.0,2,31,29,adaptive
1098,S2C,6,8.2082,7.0,1,31,29,adaptive
1098,E2C,9,8.4997,0.0,0,31,29,adaptive
1098,W2C,9,6.6708,0.0,0,31,29,adaptive
1099,N2C,8,7.5471,13.0,3,31,29,adaptive
1099,S2C,7,8.5463,8.0,1,31,29,adaptive
1099,E2C,8,10.3851,0.0,0,31,29,adaptive
1099,W2C,9,8.4913,0.0,0,31,29,adaptive
1100,N2C,8,6.8727,16.0,3,31,29,adaptive
1100,S2C,7,7.6212,10.0,2,31,29,adaptive
1100,E2C,8,10.8497,0.0,0,31,29,adaptive
1100,W2C,8,9.0335,0.0,0,31,29,adaptive
1101,N2C,8,6.4793,19.0,3,31,29,adaptive
1101,S2C,7,7.5812,12.0,2,31,29,adaptive
1101,E2C,6,11.8627,0.0,0,31,29,adaptive
1101,W2C,7,10.0054,0.0,0,31,29,adaptive
1102,N2C,8,6.0051,22.0,3,31,29,adaptive
1102,S2C,7,7.4689,15.0,3,31,29,adaptive
1102,E2C,6,11.8608,0.0,0,31,29,adaptive
1102,W2C,6,10.8468,0.0,0,31,29,adaptive
1103,N2C,8,5.3812,26.0,4,31,29,adaptive
1103,S2C,7,7.0151,18.0,3,31,29,adaptive
1103,E2C,4,12.7878,0.0,0,31,29,adaptive
1103,W2C,5,11.4458,0.0,0,31,29,adaptive
1104,N2C,9,5.7024,30.0,4,31,29,adaptive
1104,S2C,8,7.1342,21.0,3,31,29,adaptive
1104,E2C,5,12.9398,0.0,0,31,29,adaptive
1104,W2C,5,11.5259,0.0,0,31,29,adaptive
1105,N2C,9,5.4298,34.0,4,31,29,adaptive
1105,S2C,8,6.5833,24.0,3,31,29,adaptive
1105,E2C,4,13.658,0.0,0,31,29,adaptive
1105,W2C,4,11.8724,0.0,0,31,29,adaptive
1106,N2C,9,5.5039,38.0,4,31,29,adaptive
1106,S2C,8,6.3459,27.0,3,31,29,adaptive
1106,E2C,4,13.2737,0.0,0,31,29,adaptive
1106,W2C,4,12.0587,0.0,0,31,29,adaptive
1107,N2C,9,4.8669,43.0,5,31,29,adaptive
1107,S2C,8,5.5367,31.0,4,31,29,adaptive
1107,E2C,4,13.2147,0.0,0,31,29,adaptive
1107,W2C,4,11.9167,0.0,0,31,29,adaptive
1108,N2C,10,5.3391,48.0,5,31,29,adaptive
1108,S2C,9,6.2463,35.0,4,31,29,adaptive
1108,E2C,4,13.1087,0.0,0,31,29,adaptive
1108,W2C,5,12.1857,0.0,0,31,29,adaptive
1109,N2C,10,4.9834,54.0,6,31,29,adaptive
1109,S2C,9,5.7591,39.0,4,31,29,adaptive
1109,E2C,4,13.2734,0.0,0,31,29,adaptive
1109,W2C,5,12.2858,0.0,0,31,29,adaptive
1110,N2C,10,5.1434,60.0,6,31,29,adaptive
1110,S2C,9,5.9056,44.0,5,31,29,adaptive
1110,E2C,4,13.4952,0.0,0,31,29,adaptive
1110,W2C,5,12.287,0.0,0,31,29,adaptive
1111,N2C,10,4.767,66.0,6,31,29,adaptive
1111,S2C,9,5.558,49.0,5,31,29,adaptive
1111,E2C,4,13.1675,0.0,0,31,29,adaptive
1111,W2C,5,12.517,0.0,0,31,29,adaptive
1112,N2C,10,4.2745,72.0,6,31,29,adaptive
1112,S2C,9,4.9112,54.0,5,31,29,adaptive
1112,E2C,4,13.5685,0.0,0,31,29,adaptive
1112,W2C,4,12.8678,0.0,0,31,29,adaptive
1113,N2C,11,4.7725,78.0,6,31,29,adaptive
1113,S2C,10,5.5915,59.0,5,31,29,adaptive
1113,E2C,4,13.4434,0.0,0,31,29,adaptive
1113,W2C,5,13.119,0.0,0,31,29,adaptive
1114,N2C,11,4.5351,84.0,6,31,29,adaptive
1114,S2C,10,5.1008,65.0,6,31,29,adaptive
1114,E2C,4,13.2539,0.0,0,31,29,adaptive
1114,W2C,4,12.8532,0.0,0,31,29,adaptive
1115,N2C,11,4.569,91.0,7,31,29,adaptive
1115,S2C,10,4.8107,71.0,6,31,29,adaptive
1115,E2C,4,13.2878,0.0,0,31,29,adaptive
1115,W2C,4,12.9373,0.0,0,31,29,adaptive
1116,N2C,11,4.54,98.0,7,31,29,adaptive
1116,S2C,10,4.3094,77.0,6,31,29,adaptive
1116,E2C,4,12.9809,0.0,0,31,29,adaptive
1116,W2C,4,12.9281,0.0,0,31,29,adaptive
1117,N2C,12,5.0047,105.0,7,31,29,adaptive
1117,S2C,11,4.7621,83.0,6,31,29,adaptive
1117,E2C,4,13.3998,0.0,0,31,29,adaptive
1117,W2C,5,12.1094,0.0,0,31,29,adaptive
1118,N2C,12,4.9625,112.0,7,31,29,adaptive
1118,S2C,11,4.6696,89.0,6,31,29,adaptive
1118,E2C,4,13.2793,0.0,0,31,29,adaptive
1118,W2C,4,12.326,0.0,0,31,29,adaptive
1119,N2C,12,4.6106,119.0,7,31,29,adaptive
1119,S2C,11,4.6219,96.0,7,31,29,adaptive
1119,E2C,4,13.2296,0.0,0,31,29,adaptive
1119,W2C,4,12.3519,0.0,0,31,29,adaptive
1120,N2C,12,4.1379,126.0,7,31,29,adaptive
1120,S2C,11,4.6762,103.0,7,31,29,adaptive
1120,E2C,4,13.3993,0.0,0,31,29,adaptive
1120,W2C,4,11.9746,0.0,0,31,29,adaptive
1121,N2C,12,3.8036,134.0,8,31,29,adaptive
1121,S2C,11,4.352,110.0,7,31,29,adaptive
1121,E2C,4,12.4007,0.0,0,31,29,adaptive
1121,W2C,4,12.1887,0.0,0,31,29,adaptive
1122,N2C,13,4.3493,142.0,8,35,25,adaptive
1122,S2C,12,4.7674,117.0,7,35,25,adaptive
1122,E2C,4,11.8565,0.0,0,35,25,adaptive
1122,W2C,5,11.9339,0.0,0,35,25,adaptive
1123,N2C,13,3.7096,150.0,8,35,25,adaptive
1123,S2C,12,4.1509,124.0,7,35,25,adaptive
1123,E2C,4,10.7782,0.0,0,35,25,adaptive
1123,W2C,5,11.5311,0.0,0,35,25,adaptive
1124,N2C,13,3.3413,159.0,9,35,25,adaptive
1124,S2C,12,3.7395,131.0,7,35,25,adaptive
1124,E2C,4,9.6883,0.0,0,35,25,adaptive
1124,W2C,5,11.085,0.0,0,35,25,adaptive
1125,N2C,13,3.1539,168.0,9,35,25,adaptive
1125,S2C,12,3.5848,139.0,8,35,25,adaptive
1125,E2C,5,9.5734,0.0,0,35,25,adaptive
1125,W2C,5,10.1368,0.0,0,35,25,adaptive
1126,N2C,14,3.7329,177.0,9,35,25,adaptive
1126,S2C,13,3.8798,147.0,8,35,25,adaptive
1126,E2C,6,9.4842,1.0,1,35,25,adaptive
1126,W2C,6,9.3866,1.0,1,35,25,adaptive
1127,N2C,14,3.7103,186.0,9,35,25,adaptive
1127,S2C,13,3.9704,155.0,8,35,25,adaptive
1127,E2C,6,8.5139,2.0,1,35,25,adaptive
1127,W2C,6,8.4781,2.0,1,35,25,adaptive
1128,N2C,14,3.4807,196.0,10,35,25,adaptive
1128,S2C,13,3.6717,164.0,9,35,25,adaptive
1128,E2C,6,8.3379,3.0,1,35,25,adaptive
1128,W2C,6,8.1266,4.0,2,35,25,adaptive
1129,N2C,14,3.1963,206.0,10,35,25,adaptive
1129,S2C,13,3.43,173.0,9,35,25,adaptive
1129,E2C,6,8.1578,5.0,2,35,25,adaptive
1129,W2C,6,8.0814,6.0,2,35,25,adaptive
1130,N2C,14,2.8542,216.0,10,35,25,adaptive
1130,S2C,13,3.0406,182.0,9,35,25,adaptive
1130,E2C,6,7.6637,7.0,2,35,25,adaptive
1130,W2C,6,7.4241,8.0,2,35,25,adaptive
1131,N2C,15,3.4794,226.0,10,35,25,adaptive
1131,S2C,14,3.5799,192.0,10,35,25,adaptive
1131,E2C,7,7.4468,9.0,2,35,25,adaptive
1131,W2C,7,7.3505,10.0,2,35,25,adaptive
1132,N2C,15,3.2967,237.0,11,35,25,adaptive
1132,S2C,14,3.545,202.0,10,35,25,adaptive
1132,E2C,7,7.1846,11.0,2,35,25,adaptive
1132,W2C,7,6.5174,12.0,2,35,25,adaptive
1133,N2C,15,3.2522,248.0,11,35,25,adaptive
1133,S2C,14,3.465,212.0,10,35,25,adaptive
1133,E2C,7,6.9906,13.0,2,35,25,adaptive
1133,W2C,7,6.5013,15.0,3,35,25,adaptive
1134,N2C,15,2.9513,259.0,11,35,25,adaptive
1134,S2C,14,3.2452,222.0,10,35,25,adaptive
1134,E2C,7,6.3256,15.0,2,35,25,adaptive
1134,W2C,7,6.5435,18.0,3,35,25,adaptive
1135,N2C,16,3.4565,270.0,11,35,25,adaptive
1135,S2C,15,3.6269,232.0,10,35,25,adaptive
1135,E2C,8,6.801,17.0,2,35,25,adaptive
1135,W2C,8,7.3617,21.0,3,35,25,adaptive
1136,N2C,16,3.1908,281.0,11,35,25,adaptive
1136,S2C,15,3.4979,242.0,10,35,25,adaptive
1136,E2C,8,6.3193,20.0,3,35,25,adaptive
1136,W2C,8,7.3352,24.0,3,35,25,adaptive
1137,N2C,16,2.9355,293.0,12,35,25,adaptive
1137,S2C,15,3.0171,253.0,11,35,25,adaptive
1137,E2C,8,6.0594,23.0,3,35,25,adaptive
1137,W2C,8,7.4175,27.0,3,35,25,adaptive
1138,N2C,16,2.6825,305.0,12,35,25,adaptive
1138,S2C,15,2.7819,264.0,11,35,25,adaptive
1138,E2C,8,6.1773,26.0,3,35,25,adaptive
1138,W2C,8,7.2132,30.0,3,35,25,adaptive
1139,N2C,16,2.4074,317.0,12,35,25,adaptive
1139,S2C,15,2.5136,275.0,11,35,25,adaptive
1139,E2C,8,6.1295,30.0,4,35,25,adaptive
1139,W2C,8,7.3508,33.0,3,35,25,adaptive
1140,N2C,17,2.995,330.0,13,35,25,adaptive
1140,S2C,16,3.108,286.0,11,35,25,adaptive
1140,E2C,9,6.8301,34.0,4,35,25,adaptive
1140,W2C,9,7.1683,36.0,3,35,25,adaptive
1141,N2C,17,2.7391,343.0,13,35,25,adaptive
1141,S2C,16,3.0045,298.0,12,35,25,adaptive
1141,E2C,9,6.7055,38.0,4,35,25,adaptive
1141,W2C,9,6.2084,39.0,3,35,25,adaptive
1142,N2C,17,2.4104,356.0,13,35,25,adaptive
1142,S2C,16,2.7718,310.0,12,35,25,adaptive
1142,E2C,9,6.5789,42.0,4,35,25,adaptive
1142,W2C,9,5.2925,42.0,3,35,25,adaptive
1143,N2C,17,2.3141,370.0,14,35,25,adaptive
1143,S2C,16,2.4038,322.0,12,35,25,adaptive
1143,E2C,9,6.1572,46.0,4,35,25,adaptive
1143,W2C,9,5.0455,47.0,5,35,25,adaptive
1144,N2C,18,2.9437,384.0,14,35,25,adaptive
1144,S2C,17,2.9891,335.0,13,35,25,adaptive
1144,E2C,10,6.4273,50.0,4,35,25,adaptive
1144,W2C,10,5.3911,52.0,5,35,25,adaptive
1145,N2C,18,2.7399,398.0,14,35,25,adaptive
1145,S2C,17,2.9742,348.0,13,35,25,adaptive
1145,E2C,10,6.0275,54.0,4,35,25,adaptive
1145,W2C,10,4.9509,57.0,5,35,25,adaptive
1146,N2C,18,2.5813,412.0,14,35,25,adaptive
1146,S2C,17,3.0196,361.0,13,35,25,adaptive
1146,E2C,10,6.0222,59.0,5,35,25,adaptive
1146,W2C,10,4.9332,62.0,5,35,25,adaptive
1147,N2C,18,2.3054,426.0,14,35,25,adaptive
1147,S2C,17,2.7875,374.0,13,35,25,adaptive
1147,E2C,10,5.9588,64.0,5,35,25,adaptive
1147,W2C,10,4.99,68.0,6,35,25,adaptive
1148,N2C,18,2.2191,441.0,15,35,25,adaptive
1148,S2C,17,2.3491,387.0,13,35,25,adaptive
1148,E2C,10,5.6853,69.0,5,35,25,adaptive
1148,W2C,10,4.9505,74.0,6,35,25,adaptive
1149,N2C,19,2.5026,456.0,15,35,25,adaptive
1149,S2C,18,2.6457,400.0,13,35,25,adaptive
1149,E2C,11,5.7668,74.0,5,35,25,adaptive
1149,W2C,11,5.6618,80.0,6,35,25,adaptive
1150,N2C,19,2.2867,471.0,15,35,25,adaptive
1150,S2C,18,2.34,413.0,13,35,25,adaptive
1150,E2C,11,5.2269,79.0,5,35,25,adaptive
1150,W2C,11,5.5388,86.0,6,35,25,adaptive
1151,N2C,19,2.0795,486.0,15,35,25,adaptive
1151,S2C,18,2.1371,426.0,13,35,25,adaptive
1151,E2C,11,4.4417,85.0,6,35,25,adaptive
1151,W2C,11,5.1796,92.0,6,35,25,adaptive
1152,N2C,19,2.0814,501.0,15,35,25,adaptive
1152,S2C,18,2.0757,441.0,15,35,25,adaptive
1152,E2C,11,3.8583,91.0,6,35,25,adaptive
1152,W2C,11,4.5446,98.0,6,35,25,adaptive
1153,N2C,20,2.4574,517.0,16,35,25,adaptive
1153,S2C,19,2.7057,456.0,15,35,25,adaptive
1153,E2C,12,4.6519,98.0,7,35,25,adaptive
1153,W2C,12,4.7357,104.0,6,35,25,adaptive
1154,N2C,20,2.2603,533.0,16,35,25,adaptive
1154,S2C,19,2.6717,471.0,15,35,25,adaptive
1154,E2C,12,4.4427,105.0,7,35,25,adaptive
1154,W2C,12,4.1492,111.0,7,35,25,adaptive
1155,N2C,20,2.0702,549.0,16,35,25,adaptive
1155,S2C,19,2.6416,486.0,15,35,25,adaptive
1155,E2C,12,4.2981,112.0,7,35,25,adaptive
1155,W2C,12,4.1121,119.0,8,35,25,adaptive
1156,N2C,20,1.9786,565.0,16,35,25,adaptive
1156,S2C,19,2.4761,501.0,15,35,25,adaptive
1156,E2C,12,3.744,120.0,8,35,25,adaptive
1156,W2C,12,3.7582,127.0,8,35,25,adaptive
1157,N2C,20,1.8435,582.0,17,35,25,adaptive
1157,S2C,19,2.0992,516.0,15,35,25,adaptive
1157,E2C,12,3.5242,128.0,8,35,25,adaptive
1157,W2C,12,3.2933,135.0,8,35,25,adaptive
1158,N2C,19,2.4436,469.0,15,35,25,adaptive
1158,S2C,18,2.5858,405.0,13,35,25,adaptive
1158,E2C,13,4.2444,136.0,8,35,25,adaptive
1158,W2C,13,3.8421,143.0,8,35,25,adaptive
1159,N2C,19,2.3185,366.0,13,35,25,adaptive
1159,S2C,18,2.4956,308.0,12,35,25,adaptive
1159,E2C,13,3.9092,144.0,8,35,25,adaptive
1159,W2C,13,3.811,151.0,8,35,25,adaptive
1160,N2C,19,2.4248,273.0,11,35,25,adaptive
1160,S2C,18,2.7602,222.0,10,35,25,adaptive
1160,E2C,13,3.6362,153.0,9,35,25,adaptive
1160,W2C,13,3.3853,160.0,9,35,25,adaptive
1161,N2C,17,2.5455,196.0,9,35,25,adaptive
1161,S2C,16,3.0004,153.0,9,35,25,adaptive
1161,E2C,13,3.2946,162.0,9,35,25,adaptive
1161,W2C,13,3.0653,169.0,9,35,25,adaptive
1162,N2C,18,3.5923,132.0,8,35,25,adaptive
1162,S2C,17,4.0244,95.0,7,35,25,adaptive
1162,E2C,14,3.7553,171.0,9,35,25,adaptive
1162,W2C,14,3.4594,178.0,9,35,25,adaptive
1163,N2C,18,3.8028,81.0,6,35,25,adaptive
1163,S2C,15,4.2272,52.0,5,35,25,adaptive
1163,E2C,14,3.6977,180.0,9,35,25,adaptive
1163,W2C,14,3.2652,187.0,9,35,25,adaptive
1164,N2C,16,3.7527,40.0,4,35,25,adaptive
1164,S2C,15,4.4149,23.0,3,35,25,adaptive
1164,E2C,14,3.4705,190.0,10,35,25,adaptive
1164,W2C,14,3.3263,196.0,9,35,25,adaptive
1165,N2C,16,4.3008,13.0,2,35,25,adaptive
1165,S2C,14,4.8584,5.0,1,35,25,adaptive
1165,E2C,14,3.215,200.0,10,35,25,adaptive
1165,W2C,14,3.1097,206.0,10,35,25,adaptive
1166,N2C,14,4.2929,5.0,1,35,25,adaptive
1166,S2C,13,5.4133,0.0,0,35,25,adaptive
1166,E2C,14,2.957,210.0,10,35,25,adaptive
1166,W2C,14,2.898,216.0,10,35,25,adaptive
1167,N2C,15,5.4899,0.0,0,35,25,adaptive
1167,S2C,13,6.3921,0.0,0,35,25,adaptive
1167,E2C,15,3.4209,221.0,11,35,25,adaptive
1167,W2C,15,3.2367,226.0,10,35,25,adaptive
1168,N2C,13,5.5239,0.0,0,35,25,adaptive
1168,S2C,12,7.2379,0.0,0,35,25,adaptive
1168,E2C,15,3.0485,232.0,11,35,25,adaptive
1168,W2C,15,3.0952,236.0,10,35,25,adaptive
1169,N2C,12,6.1798,0.0,0,35,25,adaptive
1169,S2C,10,7.7626,0.0,0,35,25,adaptive
1169,E2C,15,2.8538,243.0,11,35,25,adaptive
1169,W2C,15,3.0499,247.0,11,35,25,adaptive
1170,N2C,12,7.3692,0.0,0,35,25,adaptive
1170,S2C,10,9.3745,0.0,0,35,25,adaptive
1170,E2C,15,2.6066,254.0,11,35,25,adaptive
1170,W2C,15,2.8217,258.0,11,35,25,adaptive
1171,N2C,11,8.3418,0.0,0,35,25,adaptive
1171,S2C,9,10.1098,0.0,0,35,25,adaptive
1171,E2C,16,3.2653,265.0,11,35,25,adaptive
1171,W2C,16,3.3903,269.0,11,35,25,adaptive
1172,N2C,11,9.0237,0.0,0,35,25,adaptive
1172,S2C,9,11.074,0.0,0,35,25,adaptive
1172,E2C,16,3.107,277.0,12,35,25,adaptive
1172,W2C,16,2.8433,280.0,11,35,25,adaptive
1173,N2C,10,9.8793,0.0,0,35,25,adaptive
1173,S2C,7,11.6152,0.0,0,35,25,adaptive
1173,E2C,16,2.8598,289.0,12,35,25,adaptive
1173,W2C,16,2.5874,292.0,12,35,25,adaptive
1174,N2C,8,10.7747,0.0,0,35,25,adaptive
1174,S2C,7,12.0989,0.0,0,35,25,adaptive
1174,E2C,16,2.5991,301.0,12,35,25,adaptive
1174,W2C,16,2.4025,304.0,12,35,25,adaptive
1175,N2C,7,11.6189,0.0,0,35,25,adaptive
1175,S2C,5,12.2961,0.0,0,35,25,adaptive
1175,E2C,16,2.5071,313.0,12,35,25,adaptive
1175,W2C,16,2.0715,316.0,12,35,25,adaptive
1176,N2C,7,12.1648,0.0,0,35,25,adaptive
1176,S2C,5,12.8901,0.0,0,35,25,adaptive
1176,E2C,17,3.0492,326.0,13,35,25,adaptive
1176,W2C,17,2.7763,329.0,13,35,25,adaptive
1177,N2C,6,12.4865,0.0,0,35,25,adaptive
1177,S2C,4,12.6544,0.0,0,35,25,adaptive
1177,E2C,17,2.851,339.0,13,35,25,adaptive
1177,W2C,17,2.6561,342.0,13,35,25,adaptive
1178,N2C,5,12.5697,0.0,0,35,25,adaptive
1178,S2C,4,12.7319,0.0,0,35,25,adaptive
1178,E2C,17,2.5798,352.0,13,35,25,adaptive
1178,W2C,17,2.6899,355.0,13,35,25,adaptive
1179,N2C,4,12.6388,0.0,0,35,25,adaptive
1179,S2C,4,12.507,0.0,0,35,25,adaptive
1179,E2C,17,2.3894,365.0,13,35,25,adaptive
1179,W2C,17,2.6952,368.0,13,35,25,adaptive
1180,N2C,4,11.8215,0.0,0,35,25,adaptive
1180,S2C,4,12.6307,0.0,0,35,25,adaptive
1180,E2C,18,2.9102,378.0,13,35,25,adaptive
1180,W2C,18,3.3787,381.0,13,35,25,adaptive
1181,N2C,4,11.919,0.0,0,35,25,adaptive
1181,S2C,4,12.4302,0.0,0,35,25,adaptive
1181,E2C,18,2.5961,391.0,13,35,25,adaptive
1181,W2C,18,3.2873,394.0,13,35,25,adaptive
1182,N2C,4,11.9266,0.0,0,35,25,adaptive
1182,S2C,4,12.3736,0.0,0,35,25,adaptive
1182,E2C,18,2.4586,405.0,14,35,25,adaptive
1182,W2C,18,2.7764,407.0,13,35,25,adaptive
1183,N2C,4,11.6036,0.0,0,35,25,adaptive
1183,S2C,4,12.4482,0.0,0,35,25,adaptive
1183,E2C,18,2.1705,419.0,14,35,25,adaptive
1183,W2C,18,2.4128,420.0,13,35,25,adaptive
1184,N2C,4,11.7313,0.0,0,35,25,adaptive
1184,S2C,4,12.1217,0.0,0,35,25,adaptive
1184,E2C,18,2.0977,433.0,14,35,25,adaptive
1184,W2C,18,2.1973,433.0,13,35,25,adaptive
1185,N2C,5,12.1093,0.0,0,35,25,adaptive
1185,S2C,5,12.7966,0.0,0,35,25,adaptive
1185,E2C,19,2.4361,447.0,14,35,25,adaptive
1185,W2C,19,2.5592,448.0,15,35,25,adaptive
1186,N2C,5,12.041,0.0,0,35,25,adaptive
1186,S2C,5,12.6583,0.0,0,35,25,adaptive
1186,E2C,19,2.2759,462.0,15,35,25,adaptive
1186,W2C,19,2.3352,463.0,15,35,25,adaptive
1187,N2C,5,12.3257,0.0,0,35,25,adaptive
1187,S2C,5,12.6356,0.0,0,35,25,adaptive
1187,E2C,19,2.075,477.0,15,35,25,adaptive
1187,W2C,19,2.0712,478.0,15,35,25,adaptive
1188,N2C,4,12.3289,0.0,0,28,32,adaptive
1188,S2C,4,12.592,0.0,0,28,32,adaptive
1188,E2C,19,1.9673,492.0,15,28,32,adaptive
1188,W2C,19,1.9035,493.0,15,28,32,adaptive
1189,N2C,5,12.1646,0.0,0,28,32,adaptive
1189,S2C,5,12.6684,0.0,0,28,32,adaptive
1189,E2C,20,2.4963,508.0,16,28,32,adaptive
1189,W2C,20,2.515,508.0,15,28,32,adaptive
1190,N2C,5,11.3689,0.0,0,28,32,adaptive
1190,S2C,5,11.8668,0.0,0,28,32,adaptive
1190,E2C,20,2.264,524.0,16,28,32,adaptive
1190,W2C,20,2.4904,524.0,16,28,32,adaptive
1191,N2C,5,10.0245,0.0,0,28,32,adaptive
1191,S2C,5,10.8976,0.0,0,28,32,adaptive
1191,E2C,20,2.1167,540.0,16,28,32,adaptive
1191,W2C,20,2.468,540.0,16,28,32,adaptive
1192,N2C,5,9.9775,0.0,0,28,32,adaptive
1192,S2C,5,10.5379,0.0,0,28,32,adaptive
1192,E2C,20,2.0009,556.0,16,28,32,adaptive
1192,W2C,20,2.187,556.0,16,28,32,adaptive
1193,N2C,5,9.7704,1.0,1,28,32,adaptive
1193,S2C,5,10.0014,1.0,1,28,32,adaptive
1193,E2C,20,1.9048,573.0,17,28,32,adaptive
1193,W2C,20,1.6889,572.0,16,28,32,adaptive
1194,N2C,6,9.6959,2.0,1,28,32,adaptive
1194,S2C,5,9.119,2.0,1,28,32,adaptive
1194,E2C,21,2.4478,590.0,17,28,32,adaptive
1194,W2C,21,2.2556,588.0,16,28,32,adaptive
1195,N2C,6,8.6471,3.0,1,28,32,adaptive
1195,S2C,6,9.546,3.0,1,28,32,adaptive
1195,E2C,21,2.2039,607.0,17,28,32,adaptive
1195,W2C,21,2.0081,605.0,17,28,32,adaptive
1196,N2C,6,8.3831,4.0,1,28,32,adaptive
1196,S2C,6,8.7677,4.0,1,28,32,adaptive
1196,E2C,21,2.0463,624.0,17,28,32,adaptive
1196,W2C,21,1.8766,622.0,17,28,32,adaptive
1197,N2C,6,8.1112,6.0,2,28,32,adaptive
1197,S2C,6,8.7913,6.0,2,28,32,adaptive
1197,E2C,21,1.9418,641.0,17,28,32,adaptive
1197,W2C,21,1.77,639.0,17,28,32,adaptive
1198,N2C,7,8.9553,8.0,2,28,32,adaptive
1198,S2C,7,8.8724,8.0,2,28,32,adaptive
1198,E2C,22,2.2716,658.0,17,28,32,adaptive
1198,W2C,22,2.3359,657.0,18,28,32,adaptive
1199,N2C,7,9.0527,10.0,2,28,32,adaptive
1199,S2C,7,8.2923,10.0,2,28,32,adaptive
1199,E2C,22,2.0022,676.0,18,28,32,adaptive
1199,W2C,22,2.2005,675.0,18,28,32,adaptive
1200,N2C,7,9.0668,12.0,2,28,32,adaptive
1200,S2C,7,7.521,12.0,2,28,32,adaptive
1200,E2C,22,1.8316,695.0,19,28,32,adaptive
1200,W2C,22,1.9377,693.0,18,28,32,adaptive
1201,N2C,7,8.8776,14.0,2,28,32,adaptive
1201,S2C,7,7.3901,14.0,2,28,32,adaptive
1201,E2C,22,1.7417,714.0,19,28,32,adaptive
1201,W2C,22,1.7939,711.0,18,28,32,adaptive
1202,N2C,7,8.2403,16.0,2,28,32,adaptive
1202,S2C,7,6.9223,17.0,3,28,32,adaptive
1202,E2C,22,1.5699,733.0,19,28,32,adaptive
1202,W2C,22,1.6814,730.0,19,28,32,adaptive
1203,N2C,8,7.3751,18.0,2,28,32,adaptive
1203,S2C,8,6.9382,20.0,3,28,32,adaptive
1203,E2C,23,1.8966,752.0,19,28,32,adaptive
1203,W2C,23,2.1001,749.0,19,28,32,adaptive
1204,N2C,8,6.6516,20.0,2,28,32,adaptive
1204,S2C,8,6.3589,23.0,3,28,32,adaptive
1204,E2C,23,1.7333,771.0,19,28,32,adaptive
1204,W2C,23,1.8352,768.0,19,28,32,adaptive
1205,N2C,8,5.9583,22.0,2,28,32,adaptive
1205,S2C,8,6.0182,26.0,3,28,32,adaptive
1205,E2C,23,1.7108,791.0,20,28,32,adaptive
1205,W2C,23,1.7436,787.0,19,28,32,adaptive
1206,N2C,8,5.4013,26.0,4,28,32,adaptive
1206,S2C,8,5.6677,30.0,4,28,32,adaptive
1206,E2C,23,1.5428,811.0,20,28,32,adaptive
1206,W2C,23,1.5815,806.0,19,28,32,adaptive
1207,N2C,9,6.023,30.0,4,28,32,adaptive
1207,S2C,9,6.1776,34.0,4,28,32,adaptive
1207,E2C,24,1.8383,831.0,20,28,32,adaptive
1207,W2C,24,1.8994,826.0,20,28,32,adaptive
1208,N2C,9,5.3998,34.0,4,28,32,adaptive
1208,S2C,9,5.7523,38.0,4,28,32,adaptive
1208,E2C,24,1.6935,851.0,20,28,32,adaptive
1208,W2C,24,1.5841,846.0,20,28,32,adaptive
1209,N2C,9,5.7184,39.0,5,28,32,adaptive
1209,S2C,9,5.6036,43.0,5,28,32,adaptive
1209,E2C,24,1.6334,871.0,20,28,32,adaptive
1209,W2C,24,1.5833,866.0,20,28,32,adaptive
1210,N2C,9,5.4595,44.0,5,28,32,adaptive
1210,S2C,9,5.6493,48.0,5,28,32,adaptive
1210,E2C,24,1.6068,892.0,21,28,32,adaptive
1210,W2C,24,1.4227,887.0,21,28,32,adaptive
1211,N2C,9,5.0929,49.0,5,28,32,adaptive
1211,S2C,9,5.5884,53.0,5,28,32,adaptive
1211,E2C,24,1.4593,913.0,21,28,32,adaptive
1211,W2C,24,1.2895,908.0,21,28,32,adaptive
1212,N2C,10,5.571,54.0,5,28,32,adaptive
1212,S2C,10,5.8532,58.0,5,28,32,adaptive
1212,E2C,25,1.7451,934.0,21,28,32,adaptive
1212,W2C,25,1.6508,929.0,21,28,32,adaptive
1213,N2C,10,5.2211,59.0,5,28,32,adaptive
1213,S2C,10,5.3687,63.0,5,28,32,adaptive
1213,E2C,25,1.5565,955.0,21,28,32,adaptive
1213,W2C,25,1.5428,950.0,21,28,32,adaptive
1214,N2C,10,4.6436,64.0,5,28,32,adaptive
1214,S2C,10,4.9585,69.0,6,28,32,adaptive
1214,E2C,25,1.5616,976.0,21,28,32,adaptive
1214,W2C,25,1.4647,971.0,21,28,32,adaptive
1215,N2C,10,4.2605,69.0,5,28,32,adaptive
1215,S2C,10,4.7503,75.0,6,28,32,adaptive
1215,E2C,25,1.4045,998.0,22,28,32,adaptive
1215,W2C,25,1.3003,993.0,22,28,32,adaptive
1216,N2C,11,4.6321,74.0,5,28,32,adaptive
1216,S2C,11,5.1674,81.0,6,28,32,adaptive
1216,E2C,26,1.6328,1020.0,22,28,32,adaptive
1216,W2C,26,1.6114,1015.0,22,28,32,adaptive
1217,N2C,11,4.5538,81.0,7,28,32,adaptive
1217,S2C,11,4.8284,87.0,6,28,32,adaptive
1217,E2C,24,1.5683,861.0,20,28,32,adaptive
1217,W2C,24,1.6099,855.0,20,28,32,adaptive
1218,N2C,11,4.4314,88.0,7,28,32,adaptive
1218,S2C,11,4.6704,93.0,6,28,32,adaptive
1218,E2C,24,1.6982,719.0,19,28,32,adaptive
1218,W2C,24,1.7407,714.0,19,28,32,adaptive
1219,N2C,11,4.395,95.0,7,28,32,adaptive
1219,S2C,11,4.5699,99.0,6,28,32,adaptive
1219,E2C,24,1.768,597.0,17,28,32,adaptive
1219,W2C,24,1.9732,583.0,17,28,32,adaptive
1220,N2C,11,4.3839,102.0,7,28,32,adaptive
1220,S2C,11,4.3528,106.0,7,28,32,adaptive
1220,E2C,22,1.6862,479.0,15,28,32,adaptive
1220,W2C,22,1.9969,467.0,15,28,32,adaptive
1221,N2C,12,5.3335,109.0,7,28,32,adaptive
1221,S2C,12,4.9712,113.0,7,28,32,adaptive
1221,E2C,23,2.2259,374.0,13,28,32,adaptive
1221,W2C,23,2.6412,363.0,13,28,32,adaptive
1222,N2C,12,5.181,116.0,7,28,32,adaptive
1222,S2C,12,4.2915,120.0,7,28,32,adaptive
1222,E2C,22,2.4758,281.0,12,28,32,adaptive
1222,W2C,22,2.7066,272.0,11,28,32,adaptive
1223,N2C,12,4.4875,123.0,7,28,32,adaptive
1223,S2C,12,3.8749,128.0,8,28,32,adaptive
1223,E2C,21,2.5842,203.0,10,28,32,adaptive
1223,W2C,21,2.8091,196.0,9,28,32,adaptive
1224,N2C,12,3.7663,130.0,7,28,32,adaptive
1224,S2C,12,3.4489,136.0,8,28,32,adaptive
1224,E2C,20,2.7468,138.0,8,28,32,adaptive
1224,W2C,20,3.0767,131.0,8,28,32,adaptive
1225,N2C,13,4.1673,137.0,7,28,32,adaptive
1225,S2C,13,4.0792,144.0,8,28,32,adaptive
1225,E2C,20,3.3906,113.0,7,28,32,adaptive
1225,W2C,20,3.7742,111.0,7,28,32,adaptive
1226,N2C,13,3.9567,145.0,8,28,32,adaptive
1226,S2C,13,3.9373,153.0,9,28,32,adaptive
1226,E2C,19,3.9255,65.0,5,28,32,adaptive
1226,W2C,19,4.0482,61.0,5,28,32,adaptive
1227,N2C,13,3.6794,154.0,9,28,32,adaptive
1227,S2C,13,4.0335,162.0,9,28,32,adaptive
1227,E2C,18,4.2181,30.0,4,28,32,adaptive
1227,W2C,18,4.4679,46.0,5,28,32,adaptive
1228,N2C,13,3.4494,163.0,9,28,32,adaptive
1228,S2C,13,3.7417,171.0,9,28,32,adaptive
1228,E2C,17,4.7968,20.0,3,28,32,adaptive
1228,W2C,16,4.3706,18.0,3,28,32,adaptive
1229,N2C,13,3.1661,172.0,9,28,32,adaptive
1229,S2C,13,3.4503,180.0,9,28,32,adaptive
1229,E2C,16,5.0372,3.0,1,28,32,adaptive
1229,W2C,16,5.0269,3.0,1,28,32,adaptive
1230,N2C,14,3.7446,181.0,9,28,32,adaptive
1230,S2C,14,3.8818,189.0,9,28,32,adaptive
1230,E2C,15,5.7096,0.0,0,28,32,adaptive
1230,W2C,15,6.0758,0.0,0,28,32,adaptive
1231,N2C,14,3.6103,191.0,10,28,32,adaptive
1231,S2C,14,3.5051,198.0,9,28,32,adaptive
1231,E2C,15,6.5445,0.0,0,28,32,adaptive
1231,W2C,15,6.8689,0.0,0,28,32,adaptive
1232,N2C,14,3.2382,201.0,10,28,32,adaptive
1232,S2C,14,3.2017,207.0,9,28,32,adaptive
1232,E2C,14,7.4859,0.0,0,28,32,adaptive
1232,W2C,13,7.5833,0.0,0,28,32,adaptive
1233,N2C,14,2.9945,211.0,10,28,32,adaptive
1233,S2C,14,2.9075,217.0,10,28,32,adaptive
1233,E2C,13,8.4255,0.0,0,28,32,adaptive
1233,W2C,13,8.5347,0.0,0,28,32,adaptive
1234,N2C,15,3.412,221.0,10,28,32,adaptive
1234,S2C,15,3.3772,228.0,11,28,32,adaptive
1234,E2C,13,9.488,0.0,0,28,32,adaptive
1234,W2C,12,9.3077,0.0,0,28,32,adaptive
1235,N2C,15,3.3341,232.0,11,28,32,adaptive
1235,S2C,15,3.2463,239.0,11,28,32,adaptive
1235,E2C,12,9.6145,0.0,0,28,32,adaptive
1235,W2C,12,9.9089,0.0,0,28,32,adaptive
1236,N2C,15,2.9993,243.0,11,28,32,adaptive
1236,S2C,15,2.9276,250.0,11,28,32,adaptive
1236,E2C,10,10.2078,0.0,0,28,32,adaptive
1236,W2C,10,10.3404,0.0,0,28,32,adaptive
1237,N2C,15,2.7284,254.0,11,28,32,adaptive
1237,S2C,15,2.6845,261.0,11,28,32,adaptive
1237,E2C,10,10.5794,0.0,0,28,32,adaptive
1237,W2C,10,11.0447,0.0,0,28,32,adaptive
1238,N2C,15,2.4358,265.0,11,28,32,adaptive
1238,S2C,15,2.5133,272.0,11,28,32,adaptive
1238,E2C,8,10.4931,0.0,0,28,32,adaptive
1238,W2C,8,11.6954,0.0,0,28,32,adaptive
1239,N2C,16,2.9732,277.0,12,28,32,adaptive
1239,S2C,16,2.9948,283.0,11,28,32,adaptive
1239,E2C,9,11.2668,0.0,0,28,32,adaptive
1239,W2C,9,11.9409,0.0,0,28,32,adaptive
1240,N2C,16,2.6986,289.0,12,28,32,adaptive
1240,S2C,16,2.6507,295.0,12,28,32,adaptive
1240,E2C,7,11.3287,0.0,0,28,32,adaptive
1240,W2C,7,11.7274,0.0,0,28,32,adaptive
1241,N2C,16,2.45,301.0,12,28,32,adaptive
1241,S2C,16,2.3781,307.0,12,28,32,adaptive
1241,E2C,7,11.0434,0.0,0,28,32,adaptive
1241,W2C,7,11.7793,0.0,0,28,32,adaptive
1242,N2C,16,2.2871,313.0,12,28,32,adaptive
1242,S2C,16,2.2683,319.0,12,28,32,adaptive
1242,E2C,5,11.5327,0.0,0,28,32,adaptive
1242,W2C,5,12.2409,0.0,0,28,32,adaptive
1243,N2C,17,2.9765,326.0,13,28,32,adaptive
1243,S2C,17,2.8086,331.0,12,28,32,adaptive
1243,E2C,6,11.8682,0.0,0,28,32,adaptive
1243,W2C,6,12.1506,0.0,0,28,32,adaptive
1244,N2C,17,2.9051,339.0,13,28,32,adaptive
1244,S2C,17,2.7161,344.0,13,28,32,adaptive
1244,E2C,6,11.6789,0.0,0,28,32,adaptive
1244,W2C,4,12.7042,0.0,0,28,32,adaptive
1245,N2C,17,2.89,352.0,13,28,32,adaptive
1245,S2C,17,2.3119,357.0,13,28,32,adaptive
1245,E2C,5,11.6416,0.0,0,28,32,adaptive
1245,W2C,4,12.3123,0.0,0,28,32,adaptive
1246,N2C,17,2.9327,365.0,13,28,32,adaptive
1246,S2C,17,2.2575,370.0,13,28,32,adaptive
1246,E2C,5,11.8293,0.0,0,28,32,adaptive
1246,W2C,4,12.6561,0.0,0,28,32,adaptive
1247,N2C,17,2.7069,378.0,13,28,32,adaptive
1247,S2C,17,2.063,383.0,13,28,32,adaptive
1247,E2C,5,12.1383,0.0,0,28,32,adaptive
1247,W2C,4,12.1403,0.0,0,28,32,adaptive
1248,N2C,18,3.0282,391.0,13,28,32,adaptive
1248,S2C,18,2.6136,397.0,14,28,32,adaptive
1248,E2C,6,11.707,0.0,0,28,32,adaptive
1248,W2C,5,11.4149,0.0,0,28,32,adaptive
1249,N2C,18,2.7525,404.0,13,28,32,adaptive
1249,S2C,18,2.5799,411.0,14,28,32,adaptive
1249,E2C,6,11.0668,0.0,0,28,32,adaptive
1249,W2C,5,10.7828,0.0,0,28,32,adaptive
1250,N2C,16,2.8859,305.0,11,28,32,adaptive
1250,S2C,16,2.8969,313.0,12,28,32,adaptive
1250,E2C,6,9.8817,1.0,1,28,32,adaptive
1250,W2C,5,9.9877,0.0,0,28,32,adaptive
1251,N2C,16,2.7759,225.0,10,28,32,adaptive
1251,S2C,16,3.0143,229.0,10,28,32,adaptive
1251,E2C,6,9.14,2.0,1,28,32,adaptive
1251,W2C,5,9.8256,1.0,1,28,32,adaptive
1252,N2C,17,3.6266,155.0,8,28,32,adaptive
1252,S2C,17,3.9616,156.0,8,28,32,adaptive
1252,E2C,7,8.8014,3.0,1,28,32,adaptive
1252,W2C,6,10.303,2.0,1,28,32,adaptive
1253,N2C,15,3.7547,100.0,7,28,32,adaptive
1253,S2C,16,3.7296,99.0,6,28,32,adaptive
1253,E2C,7,7.8498,4.0,1,28,32,adaptive
1253,W2C,6,10.2428,3.0,1,28,32,adaptive
1254,N2C,15,3.9159,54.0,5,32,28,adaptive
1254,S2C,15,3.6757,54.0,4,32,28,adaptive
1254,E2C,7,7.4169,6.0,2,32,28,adaptive
1254,W2C,6,9.0898,4.0,1,32,28,adaptive
1255,N2C,14,4.2345,21.0,3,32,28,adaptive
1255,S2C,15,3.7864,20.0,2,32,28,adaptive
1255,E2C,7,7.3485,8.0,2,32,28,adaptive
1255,W2C,6,8.7509,5.0,1,32,28,adaptive
1256,N2C,13,4.5082,4.0,1,32,28,adaptive
1256,S2C,13,4.132,1.0,1,32,28,adaptive
1256,E2C,7,7.2998,11.0,3,32,28,adaptive
1256,W2C,6,8.5978,6.0,1,32,28,adaptive
1257,N2C,13,5.591,0.0,0,32,28,adaptive
1257,S2C,14,5.5958,0.0,0,32,28,adaptive
1257,E2C,8,7.5503,14.0,3,32,28,adaptive
1257,W2C,6,8.2777,8.0,2,32,28,adaptive
1258,N2C,12,6.0431,0.0,0,32,28,adaptive
1258,S2C,12,6.3326,0.0,0,32,28,adaptive
1258,E2C,8,6.8216,17.0,3,32,28,adaptive
1258,W2C,7,8.7719,10.0,2,32,28,adaptive
1259,N2C,11,6.8586,0.0,0,32,28,adaptive
1259,S2C,12,7.2204,0.0,0,32,28,adaptive
1259,E2C,8,6.5733,20.0,3,32,28,adaptive
1259,W2C,7,8.115,12.0,2,32,28,adaptive
1260,N2C,10,7.5559,0.0,0,32,28,adaptive
1260,S2C,10,7.4428,0.0,0,32,28,adaptive
1260,E2C,8,5.8957,24.0,4,32,28,adaptive
1260,W2C,7,7.0938,14.0,2,32,28,adaptive
1261,N2C,10,9.0411,0.0,0,32,28,adaptive
1261,S2C,11,8.8026,0.0,0,32,28,adaptive
1261,E2C,9,6.2636,28.0,4,32,28,adaptive
1261,W2C,8,7.3473,16.0,2,32,28,adaptive
1262,N2C,9,9.5207,0.0,0,32,28,adaptive
1262,S2C,9,9.2797,0.0,0,32,28,adaptive
1262,E2C,9,5.8133,33.0,5,32,28,adaptive
1262,W2C,8,6.6546,18.0,2,32,28,adaptive
1263,N2C,8,10.3496,0.0,0,32,28,adaptive
1263,S2C,9,10.0118,0.0,0,32,28,adaptive
1263,E2C,9,5.7901,38.0,5,32,28,adaptive
1263,W2C,8,6.6767,20.0,2,32,28,adaptive
1264,N2C,7,11.199,0.0,0,32,28,adaptive
1264,S2C,7,10.5892,0.0,0,32,28,adaptive
1264,E2C,9,5.1035,43.0,5,32,28,adaptive
1264,W2C,8,6.4937,24.0,4,32,28,adaptive
1265,N2C,6,11.6472,0.0,0,32,28,adaptive
1265,S2C,7,11.1694,0.0,0,32,28,adaptive
1265,E2C,9,5.2339,48.0,5,32,28,adaptive
1265,W2C,8,5.7733,28.0,4,32,28,adaptive
1266,N2C,6,12.438,0.0,0,32,28,adaptive
1266,S2C,6,11.7631,0.0,0,32,28,adaptive
1266,E2C,10,5.5103,53.0,5,32,28,adaptive
1266,W2C,9,6.4403,32.0,4,32,28,adaptive
1267,N2C,6,12.7982,0.0,0,32,28,adaptive
1267,S2C,6,11.7735,0.0,0,32,28,adaptive
1267,E2C,10,5.1907,58.0,5,32,28,adaptive
1267,W2C,9,5.8649,36.0,4,32,28,adaptive
1268,N2C,4,12.7792,0.0,0,32,28,adaptive
1268,S2C,4,12.2423,0.0,0,32,28,adaptive
1268,E2C,10,4.9505,63.0,5,32,28,adaptive
1268,W2C,9,5.7376,40.0,4,32,28,adaptive
1269,N2C,4,12.5635,0.0,0,32,28,adaptive
1269,S2C,4,11.7467,0.0,0,32,28,adaptive
1269,E2C,10,4.6021,69.0,6,32,28,adaptive
1269,W2C,9,5.1821,45.0,5,32,28,adaptive
1270,N2C,4,12.6555,0.0,0,32,28,adaptive
1270,S2C,4,12.1919,0.0,0,32,28,adaptive
1270,E2C,11,4.9743,75.0,6,32,28,adaptive
1270,W2C,10,5.508,50.0,5,32,28,adaptive
1271,N2C,4,12.3213,0.0,0,32,28,adaptive
1271,S2C,4,11.5466,0.0,0,32,28,adaptive
1271,E2C,11,4.6089,81.0,6,32,28,adaptive
1271,W2C,10,5.1156,55.0,5,32,28,adaptive
1272,N2C,4,12.4794,0.0,0,32,28,adaptive
1272,S2C,4,11.6208,0.0,0,32,28,adaptive
1272,E2C,11,4.8387,88.0,7,32,28,adaptive
1272,W2C,10,5.0727,61.0,6,32,28,adaptive
1273,N2C,4,12.1921,0.0,0,32,28,adaptive
1273,S2C,4,11.5045,0.0,0,32,28,adaptive
1273,E2C,11,4.6369,95.0,7,32,28,adaptive
1273,W2C,10,5.2078,67.0,6,32,28,adaptive
1274,N2C,4,11.9788,0.0,0,32,28,adaptive
1274,S2C,4,12.0782,0.0,0,32,28,adaptive
1274,E2C,11,4.6277,102.0,7,32,28,adaptive
1274,W2C,10,5.1038,73.0,6,32,28,adaptive
1275,N2C,5,12.6217,0.0,0,32,28,adaptive
1275,S2C,5,12.0916,0.0,0,32,28,adaptive
1275,E2C,12,5.0125,109.0,7,32,28,adaptive
1275,W2C,11,5.5034,79.0,6,32,28,adaptive
1276,N2C,5,12.7617,0.0,0,32,28,adaptive
1276,S2C,4,11.844,0.0,0,32,28,adaptive
1276,E2C,12,4.4479,116.0,7,32,28,adaptive
1276,W2C,11,5.0009,85.0,6,32,28,adaptive
1277,N2C,4,12.5968,0.0,0,32,28,adaptive
1277,S2C,4,11.9212,0.0,0,32,28,adaptive
1277,E2C,12,3.8464,123.0,7,32,28,adaptive
1277,W2C,11,4.3288,91.0,6,32,28,adaptive
1278,N2C,4,12.6795,0.0,0,32,28,adaptive
1278,S2C,4,11.7516,0.0,0,32,28,adaptive
1278,E2C,12,3.568,131.0,8,32,28,adaptive
1278,W2C,11,3.7792,98.0,7,32,28,adaptive
1279,N2C,3,12.2581,0.0,0,32,28,adaptive
1279,S2C,5,12.0967,0.0,0,32,28,adaptive
1279,E2C,13,4.1812,139.0,8,32,28,adaptive
1279,W2C,12,4.4877,105.0,7,32,28,adaptive
1280,N2C,3,12.5262,0.0,0,32,28,adaptive
1280,S2C,5,12.0546,0.0,0,32,28,adaptive
1280,E2C,13,4.1476,147.0,8,32,28,adaptive
1280,W2C,12,4.1922,112.0,7,32,28,adaptive
1281,N2C,4,12.7774,0.0,0,32,28,adaptive
1281,S2C,5,12.0472,0.0,0,32,28,adaptive
1281,E2C,13,3.9478,156.0,9,32,28,adaptive
1281,W2C,12,4.0267,120.0,8,32,28,adaptive
1282,N2C,4,12.5281,0.0,0,32,28,adaptive
1282,S2C,4,12.1282,0.0,0,32,28,adaptive
1282,E2C,13,3.5312,165.0,9,32,28,adaptive
1282,W2C,12,3.7088,128.0,8,32,28,adaptive
1283,N2C,4,12.0264,0.0,0,32,28,adaptive
1283,S2C,4,11.9641,0.0,0,32,28,adaptive
1283,E2C,13,3.1383,174.0,9,32,28,adaptive
1283,W2C,12,3.2747,136.0,8,32,28,adaptive
1284,N2C,5,12.3494,0.0,0,32,28,adaptive
1284,S2C,4,11.9024,0.0,0,32,28,adaptive
1284,E2C,14,3.699,183.0,9,32,28,adaptive
1284,W2C,13,3.9074,145.0,9,32,28,adaptive
1285,N2C,4,12.3743,0.0,0,32,28,adaptive
1285,S2C,5,12.7378,0.0,0,32,28,adaptive
1285,E2C,14,3.2837,193.0,10,32,28,adaptive
1285,W2C,13,3.8967,154.0,9,32,28,adaptive
1286,N2C,4,12.1763,0.0,0,32,28,adaptive
1286,S2C,5,12.4428,0.0,0,32,28,adaptive
1286,E2C,14,3.0908,203.0,10,32,28,adaptive
1286,W2C,13,3.6324,163.0,9,32,28,adaptive
1287,N2C,4,12.698,0.0,0,32,28,adaptive
1287,S2C,5,11.4754,0.0,0,32,28,adaptive
1287,E2C,14,2.8039,213.0,10,32,28,adaptive
1287,W2C,13,3.4061,172.0,9,32,28,adaptive
1288,N2C,5,12.398,0.0,0,32,28,adaptive
1288,S2C,6,11.4181,0.0,0,32,28,adaptive
1288,E2C,15,3.4517,224.0,11,32,28,adaptive
1288,W2C,14,3.7479,181.0,9,32,28,adaptive
1289,N2C,5,11.2219,0.0,0,32,28,adaptive
1289,S2C,6,10.8087,1.0,1,32,28,adaptive
1289,E2C,15,3.4154,235.0,11,32,28,adaptive
1289,W2C,14,3.5874,190.0,9,32,28,adaptive
1290,N2C,5,10.4756,0.0,0,32,28,adaptive
1290,S2C,6,10.7877,2.0,1,32,28,adaptive
1290,E2C,13,3.6577,170.0,9,32,28,adaptive
1290,W2C,12,4.1902,126.0,8,32,28,adaptive
1291,N2C,5,9.6339,0.0,0,32,28,adaptive
1291,S2C,6,9.9051,3.0,1,32,28,adaptive
1291,E2C,13,3.4105,111.0,7,32,28,adaptive
1291,W2C,12,4.0858,78.0,6,32,28,adaptive
1292,N2C,5,9.3043,0.0,0,32,28,adaptive
1292,S2C,6,8.5814,4.0,1,32,28,adaptive
1292,E2C,13,3.7216,61.0,5,32,28,adaptive
1292,W2C,12,4.329,39.0,4,32,28,adaptive
1293,N2C,6,9.5816,1.0,1,32,28,adaptive
1293,S2C,7,8.3469,5.0,1,32,28,adaptive
1293,E2C,12,4.7295,29.0,4,32,28,adaptive
1293,W2C,11,5.3884,14.0,2,32,28,adaptive
1294,N2C,6,8.53,2.0,1,32,28,adaptive
1294,S2C,7,7.5309,6.0,1,32,28,adaptive
1294,E2C,12,4.8882,9.0,2,32,28,adaptive
1294,W2C,11,6.0549,0.0,0,32,28,adaptive
1295,N2C,6,7.8136,4.0,2,32,28,adaptive
1295,S2C,7,7.3848,8.0,2,32,28,adaptive
1295,E2C,11,5.2337,0.0,0,32,28,adaptive
1295,W2C,10,6.2058,0.0,0,32,28,adaptive
1296,N2C,6,7.8908,6.0,2,32,28,adaptive
1296,S2C,7,6.7036,10.0,2,32,28,adaptive
1296,E2C,10,6.0246,0.0,0,32,28,adaptive
1296,W2C,9,6.7593,0.0,0,32,28,adaptive
1297,N2C,7,8.6709,8.0,2,32,28,adaptive
1297,S2C,8,7.2822,13.0,3,32,28,adaptive
1297,E2C,11,7.6928,0.0,0,32,28,adaptive
1297,W2C,10,8.4121,0.0,0,32,28,adaptive
1298,N2C,7,8.3956,10.0,2,32,28,adaptive
1298,S2C,8,6.6651,16.0,3,32,28,adaptive
1298,E2C,9,8.4669,0.0,0,32,28,adaptive
1298,W2C,8,9.0767,0.0,0,32,28,adaptive
1299,N2C,7,8.2502,12.0,2,32,28,adaptive
1299,S2C,8,6.6424,19.0,3,32,28,adaptive
1299,E2C,9,9.6748,0.0,0,32,28,adaptive
1299,W2C,8,9.7092,0.0,0,32,28,adaptive
1300,N2C,7,8.1524,14.0,2,32,28,adaptive
1300,S2C,8,6.4305,22.0,3,32,28,adaptive
1300,E2C,7,10.5062,0.0,0,32,28,adaptive
1300,W2C,6,10.8995,0.0,0,32,28,adaptive
1301,N2C,7,8.0695,16.0,2,32,28,adaptive
1301,S2C,8,6.3267,26.0,4,32,28,adaptive
1301,E2C,6,11.4473,0.0,0,32,28,adaptive
1301,W2C,6,11.7589,0.0,0,32,28,adaptive
1302,N2C,8,7.9147,18.0,2,32,28,adaptive
1302,S2C,9,6.665,30.0,4,32,28,adaptive
1302,E2C,6,12.5059,0.0,0,32,28,adaptive
1302,W2C,5,12.8968,0.0,0,32,28,adaptive
1303,N2C,8,7.0015,20.0,2,32,28,adaptive
1303,S2C,9,6.2416,34.0,4,32,28,adaptive
1303,E2C,5,12.8863,0.0,0,32,28,adaptive
1303,W2C,5,12.4369,0.0,0,32,28,adaptive
1304,N2C,8,6.6768,22.0,2,32,28,adaptive
1304,S2C,9,5.6833,38.0,4,32,28,adaptive
1304,E2C,4,13.0808,0.0,0,32,28,adaptive
1304,W2C,4,12.8887,0.0,0,32,28,adaptive
1305,N2C,8,5.9657,25.0,3,32,28,adaptive
1305,S2C,9,5.2235,43.0,5,32,28,adaptive
1305,E2C,4,12.9564,0.0,0,32,28,adaptive
1305,W2C,4,13.1453,0.0,0,32,28,adaptive
1306,N2C,9,7.1028,29.0,4,32,28,adaptive
1306,S2C,10,5.6811,48.0,5,32,28,adaptive
1306,E2C,4,12.9304,0.0,0,32,28,adaptive
1306,W2C,5,13.1055,0.0,0,32,28,adaptive
1307,N2C,9,6.4295,33.0,4,32,28,adaptive
1307,S2C,10,5.3006,53.0,5,32,28,adaptive
1307,E2C,4,13.0325,0.0,0,32,28,adaptive
1307,W2C,4,13.1187,0.0,0,32,28,adaptive
1308,N2C,9,6.0907,37.0,4,32,28,adaptive
1308,S2C,10,5.211,58.0,5,32,28,adaptive
1308,E2C,4,13.3871,0.0,0,32,28,adaptive
1308,W2C,4,12.902,0.0,0,32,28,adaptive
1309,N2C,9,5.3315,41.0,4,32,28,adaptive
1309,S2C,10,5.2935,64.0,6,32,28,adaptive
1309,E2C,4,12.8261,0.0,0,32,28,adaptive
1309,W2C,4,12.9459,0.0,0,32,28,adaptive
1310,N2C,9,5.1585,45.0,4,32,28,adaptive
1310,S2C,10,4.9049,70.0,6,32,28,adaptive
1310,E2C,4,12.7932,0.0,0,32,28,adaptive
1310,W2C,4,13.0003,0.0,0,32,28,adaptive
1311,N2C,10,5.4492,50.0,5,32,28,adaptive
1311,S2C,11,5.2033,76.0,6,32,28,adaptive
1311,E2C,5,12.7851,0.0,0,32,28,adaptive
1311,W2C,4,12.9426,0.0,0,32,28,adaptive
1312,N2C,10,5.0372,55.0,5,32,28,adaptive
1312,S2C,11,4.6444,82.0,6,32,28,adaptive
1312,E2C,4,12.7186,0.0,0,32,28,adaptive
1312,W2C,4,12.723,0.0,0,32,28,adaptive
1313,N2C,10,4.9989,60.0,5,32,28,adaptive
1313,S2C,11,4.3502,89.0,7,32,28,adaptive
1313,E2C,4,12.8644,0.0,0,32,28,adaptive
1313,W2C,4,12.5996,0.0,0,32,28,adaptive
1314,N2C,10,4.9097,65.0,5,32,28,adaptive
1314,S2C,11,4.053,96.0,7,32,28,adaptive
1314,E2C,4,13.0135,0.0,0,32,28,adaptive
1314,W2C,4,12.4591,0.0,0,32,28,adaptive
1315,N2C,11,5.7935,71.0,6,32,28,adaptive
1315,S2C,12,4.2823,103.0,7,32,28,adaptive
1315,E2C,4,12.8235,0.0,0,32,28,adaptive
1315,W2C,4,12.5191,0.0,0,32,28,adaptive
1316,N2C,11,5.4458,77.0,6,32,28,adaptive
1316,S2C,12,4.2188,110.0,7,32,28,adaptive
1316,E2C,4,13.3857,0.0,0,32,28,adaptive
1316,W2C,4,12.3094,0.0,0,32,28,adaptive
1317,N2C,11,5.0037,83.0,6,32,28,adaptive
1317,S2C,12,4.0048,118.0,8,32,28,adaptive
1317,E2C,4,13.2075,0.0,0,32,28,adaptive
1317,W2C,4,12.4285,0.0,0,32,28,adaptive
1318,N2C,11,4.2318,89.0,6,32,28,adaptive
1318,S2C,12,3.6358,126.0,8,32,28,adaptive
1318,E2C,4,12.7196,0.0,0,32,28,adaptive
1318,W2C,4,12.5818,0.0,0,32,28,adaptive
1319,N2C,11,4.182,96.0,7,32,28,adaptive
1319,S2C,12,3.2956,134.0,8,32,28,adaptive
1319,E2C,4,12.8405,0.0,0,32,28,adaptive
1319,W2C,4,12.504,0.0,0,32,28,adaptive
1320,N2C,12,4.618,103.0,7,36,24,adaptive
1320,S2C,13,3.9817,142.0,8,36,24,adaptive
1320,E2C,4,13.1321,0.0,0,36,24,adaptive
1320,W2C,5,12.2949,0.0,0,36,24,adaptive
1321,N2C,12,4.094,110.0,7,36,24,adaptive
1321,S2C,13,3.7887,151.0,9,36,24,adaptive
1321,E2C,4,13.0584,0.0,0,36,24,adaptive
1321,W2C,5,11.1877,0.0,0,36,24,adaptive
1322,N2C,12,3.7189,117.0,7,36,24,adaptive
1322,S2C,13,3.4577,160.0,9,36,24,adaptive
1322,E2C,4,13.2376,0.0,0,36,24,adaptive
1322,W2C,5,10.729,0.0,0,36,24,adaptive
1323,N2C,12,3.4026,125.0,8,36,24,adaptive
1323,S2C,13,3.1967,169.0,9,36,24,adaptive
1323,E2C,4,12.7976,0.0,0,36,24,adaptive
1323,W2C,5,9.9225,0.0,0,36,24,adaptive
1324,N2C,13,3.8623,134.0,9,36,24,adaptive
1324,S2C,14,3.6028,179.0,10,36,24,adaptive
1324,E2C,5,11.8987,0.0,0,36,24,adaptive
1324,W2C,6,10.0433,1.0,1,36,24,adaptive
1325,N2C,13,3.8413,143.0,9,36,24,adaptive
1325,S2C,14,3.5024,189.0,10,36,24,adaptive
1325,E2C,5,10.9502,0.0,0,36,24,adaptive
1325,W2C,6,9.2758,2.0,1,36,24,adaptive
1326,N2C,13,3.9025,152.0,9,36,24,adaptive
1326,S2C,14,3.0994,199.0,10,36,24,adaptive
1326,E2C,5,10.5791,0.0,0,36,24,adaptive
1326,W2C,6,8.3885,3.0,1,36,24,adaptive
1327,N2C,13,3.9122,161.0,9,36,24,adaptive
1327,S2C,14,2.9259,209.0,10,36,24,adaptive
1327,E2C,5,10.3623,1.0,1,36,24,adaptive
1327,W2C,6,8.0659,5.0,2,36,24,adaptive
1328,N2C,13,3.6876,170.0,9,36,24,adaptive
1328,S2C,14,2.5565,219.0,10,36,24,adaptive
1328,E2C,5,10.1042,2.0,1,36,24,adaptive
1328,W2C,6,8.1759,7.0,2,36,24,adaptive
1329,N2C,14,4.1472,179.0,9,36,24,adaptive
1329,S2C,15,3.347,229.0,10,36,24,adaptive
1329,E2C,6,10.6125,3.0,1,36,24,adaptive
1329,W2C,7,8.8677,9.0,2,36,24,adaptive
1330,N2C,14,3.3888,188.0,9,36,24,adaptive
1330,S2C,15,3.346,239.0,10,36,24,adaptive
1330,E2C,6,10.1569,4.0,1,36,24,adaptive
1330,W2C,7,8.013,11.0,2,36,24,adaptive
1331,N2C,14,3.1238,197.0,9,36,24,adaptive
1331,S2C,15,3.2845,250.0,11,36,24,adaptive
1331,E2C,6,9.4963,5.0,1,36,24,adaptive
1331,W2C,7,7.6827,13.0,2,36,24,adaptive
1332,N2C,14,2.8547,207.0,10,36,24,adaptive
1332,S2C,15,3.3529,261.0,11,36,24,adaptive
1332,E2C,6,8.2307,6.0,1,36,24,adaptive
1332,W2C,7,7.0184,15.0,2,36,24,adaptive
1333,N2C,15,3.3959,217.0,10,36,24,adaptive
1333,S2C,16,3.7275,272.0,11,36,24,adaptive
1333,E2C,7,8.0375,8.0,2,36,24,adaptive
1333,W2C,8,7.236,18.0,3,36,24,adaptive
1334,N2C,15,3.3402,227.0,10,36,24,adaptive
1334,S2C,16,3.3962,283.0,11,36,24,adaptive
1334,E2C,7,7.5554,10.0,2,36,24,adaptive
1334,W2C,8,7.1304,21.0,3,36,24,adaptive
1335,N2C,15,3.0758,238.0,11,36,24,adaptive
1335,S2C,16,2.8345,295.0,12,36,24,adaptive
1335,E2C,7,7.2046,12.0,2,36,24,adaptive
1335,W2C,8,6.4986,24.0,3,36,24,adaptive
1336,N2C,15,2.7175,249.0,11,36,24,adaptive
1336,S2C,16,2.6366,307.0,12,36,24,adaptive
1336,E2C,7,7.4308,15.0,3,36,24,adaptive
1336,W2C,8,5.8945,27.0,3,36,24,adaptive
1337,N2C,15,2.5409,260.0,11,36,24,adaptive
1337,S2C,16,2.4677,319.0,12,36,24,adaptive
1337,E2C,7,6.7777,18.0,3,36,24,adaptive
1337,W2C,8,5.343,31.0,4,36,24,adaptive
1338,N2C,16,3.2566,271.0,11,36,24,adaptive
1338,S2C,17,3.0712,332.0,13,36,24,adaptive
1338,E2C,8,6.8549,21.0,3,36,24,adaptive
1338,W2C,9,5.8578,35.0,4,36,24,adaptive
1339,N2C,16,3.0603,283.0,12,36,24,adaptive
1339,S2C,17,3.0044,345.0,13,36,24,adaptive
1339,E2C,8,6.3184,24.0,3,36,24,adaptive
1339,W2C,9,5.679,39.0,4,36,24,adaptive
1340,N2C,16,2.8928,295.0,12,36,24,adaptive
1340,S2C,17,2.6955,358.0,13,36,24,adaptive
1340,E2C,8,5.9202,27.0,3,36,24,adaptive
1340,W2C,9,5.4385,43.0,4,36,24,adaptive
1341,N2C,16,2.6078,307.0,12,36,24,adaptive
1341,S2C,17,2.5765,371.0,13,36,24,adaptive
1341,E2C,8,5.3992,30.0,3,36,24,adaptive
1341,W2C,9,5.6848,48.0,5,36,24,adaptive
1342,N2C,17,3.0818,320.0,13,36,24,adaptive
1342,S2C,18,2.8184,384.0,13,36,24,adaptive
1342,E2C,9,5.8652,34.0,4,36,24,adaptive
1342,W2C,10,6.2381,53.0,5,36,24,adaptive
1343,N2C,17,2.941,333.0,13,36,24,adaptive
1343,S2C,18,2.4963,397.0,13,36,24,adaptive
1343,E2C,9,5.3447,38.0,4,36,24,adaptive
1343,W2C,10,6.0491,58.0,5,36,24,adaptive
1344,N2C,17,2.6625,346.0,13,36,24,adaptive
1344,S2C,18,2.2831,411.0,14,36,24,adaptive
1344,E2C,9,5.4741,43.0,5,36,24,adaptive
1344,W2C,10,5.5223,63.0,5,36,24,adaptive
1345,N2C,17,2.4826,359.0,13,36,24,adaptive
1345,S2C,18,2.2079,425.0,14,36,24,adaptive
1345,E2C,9,5.5043,48.0,5,36,24,adaptive
1345,W2C,10,4.8534,68.0,5,36,24,adaptive
1346,N2C,17,2.2915,372.0,13,36,24,adaptive
1346,S2C,18,2.1993,439.0,14,36,24,adaptive
1346,E2C,9,5.0235,53.0,5,36,24,adaptive
1346,W2C,10,4.4899,73.0,5,36,24,adaptive
1347,N2C,18,2.9294,386.0,14,36,24,adaptive
1347,S2C,19,2.5536,454.0,15,36,24,adaptive
1347,E2C,10,5.3817,58.0,5,36,24,adaptive
1347,W2C,11,4.9603,78.0,5,36,24,adaptive
1348,N2C,18,2.6742,400.0,14,36,24,adaptive
1348,S2C,19,2.2511,469.0,15,36,24,adaptive
1348,E2C,10,4.8414,63.0,5,36,24,adaptive
1348,W2C,11,4.7313,84.0,6,36,24,adaptive
1349,N2C,18,2.4066,414.0,14,36,24,adaptive
1349,S2C,19,2.1257,484.0,15,36,24,adaptive
1349,E2C,10,4.847,68.0,5,36,24,adaptive
1349,W2C,11,4.6329,91.0,7,36,24,adaptive
1350,N2C,18,2.2684,428.0,14,36,24,adaptive
1350,S2C,19,2.05,499.0,15,36,24,adaptive
1350,E2C,10,4.7429,74.0,6,36,24,adaptive
1350,W2C,11,4.4532,98.0,7,36,24,adaptive
1351,N2C,19,2.7731,442.0,14,36,24,adaptive
1351,S2C,20,2.526,515.0,16,36,24,adaptive
1351,E2C,11,5.0945,80.0,6,36,24,adaptive
1351,W2C,12,4.9022,105.0,7,36,24,adaptive
1352,N2C,19,2.5629,456.0,14,36,24,adaptive
1352,S2C,20,2.2854,531.0,16,36,24,adaptive
1352,E2C,11,4.7276,86.0,6,36,24,adaptive
1352,W2C,12,4.6299,112.0,7,36,24,adaptive
1353,N2C,19,2.2539,471.0,15,36,24,adaptive
1353,S2C,20,2.1895,547.0,16,36,24,adaptive
1353,E2C,11,4.3928,92.0,6,36,24,adaptive
1353,W2C,12,4.134,119.0,7,36,24,adaptive
1354,N2C,19,2.1137,486.0,15,36,24,adaptive
1354,S2C,20,1.8704,564.0,17,36,24,adaptive
1354,E2C,11,4.3949,99.0,7,36,24,adaptive
1354,W2C,12,3.7194,126.0,7,36,24,adaptive
1355,N2C,19,1.9494,501.0,15,36,24,adaptive
1355,S2C,20,1.9312,581.0,17,36,24,adaptive
1355,E2C,11,4.3192,106.0,7,36,24,adaptive
1355,W2C,12,3.436,134.0,8,36,24,adaptive
1356,N2C,20,2.2486,517.0,16,36,24,adaptive
1356,S2C,21,2.2374,598.0,17,36,24,adaptive
1356,E2C,12,5.1007,113.0,7,36,24,adaptive
1356,W2C,13,4.0333,143.0,9,36,24,adaptive
1357,N2C,18,2.2734,405.0,14,36,24,adaptive
1357,S2C,19,2.2257,483.0,15,36,24,adaptive
1357,E2C,12,4.7186,120.0,7,36,24,adaptive
1357,W2C,13,4.0438,152.0,9,36,24,adaptive
1358,N2C,18,2.341,312.0,12,36,24,adaptive
1358,S2C,19,2.3203,378.0,13,36,24,adaptive
1358,E2C,12,4.4055,127.0,7,36,24,adaptive
1358,W2C,13,3.8552,161.0,9,36,24,adaptive
1359,N2C,18,2.5868,231.0,11,36,24,adaptive
1359,S2C,19,2.3707,286.0,12,36,24,adaptive
1359,E2C,12,3.8746,134.0,7,36,24,adaptive
1359,W2C,13,3.6192,170.0,9,36,24,adaptive
1360,N2C,17,3.5387,162.0,9,36,24,adaptive
1360,S2C,18,3.0242,206.0,10,36,24,adaptive
1360,E2C,13,4.2779,141.0,7,36,24,adaptive
1360,W2C,14,4.1114,179.0,9,36,24,adaptive
1361,N2C,17,3.745,103.0,7,36,24,adaptive
1361,S2C,18,3.1384,137.0,8,36,24,adaptive
1361,E2C,13,3.9282,148.0,7,36,24,adaptive
1361,W2C,14,3.6003,188.0,9,36,24,adaptive
1362,N2C,16,4.0166,58.0,5,36,24,adaptive
1362,S2C,17,3.209,85.0,6,36,24,adaptive
1362,E2C,13,3.9552,157.0,9,36,24,adaptive
1362,W2C,14,3.3026,198.0,10,36,24,adaptive
1363,N2C,15,4.2505,24.0,3,36,24,adaptive
1363,S2C,16,3.6442,46.0,5,36,24,adaptive
1363,E2C,13,4.0174,166.0,9,36,24,adaptive
1363,W2C,14,3.2114,208.0,10,36,24,adaptive
1364,N2C,15,4.7235,7.0,2,36,24,adaptive
1364,S2C,16,4.331,19.0,3,36,24,adaptive
1364,E2C,13,3.7052,175.0,9,36,24,adaptive
1364,W2C,14,2.8543,218.0,10,36,24,adaptive
1365,N2C,14,5.5158,0.0,0,36,24,adaptive
1365,S2C,15,4.9053,3.0,1,36,24,adaptive
1365,E2C,14,3.9425,184.0,9,36,24,adaptive
1365,W2C,15,3.5644,228.0,10,36,24,adaptive
1366,N2C,13,5.8772,0.0,0,36,24,adaptive
1366,S2C,15,5.6962,0.0,0,36,24,adaptive
1366,E2C,14,3.4457,193.0,9,36,24,adaptive
1366,W2C,15,3.2556,239.0,11,36,24,adaptive
1367,N2C,12,6.7844,0.0,0,36,24,adaptive
1367,S2C,13,6.0447,0.0,0,36,24,adaptive
1367,E2C,14,3.0629,203.0,10,36,24,adaptive
1367,W2C,15,2.8725,250.0,11,36,24,adaptive
1368,N2C,11,7.4643,0.0,0,36,24,adaptive
1368,S2C,12,7.0054,0.0,0,36,24,adaptive
1368,E2C,14,2.8346,213.0,10,36,24,adaptive
1368,W2C,15,2.7079,261.0,11,36,24,adaptive
1369,N2C,11,8.679,0.0,0,36,24,adaptive
1369,S2C,12,8.3822,0.0,0,36,24,adaptive
1369,E2C,15,3.4802,223.0,10,36,24,adaptive
1369,W2C,16,3.3163,273.0,12,36,24,adaptive
1370,N2C,10,9.4758,0.0,0,36,24,adaptive
1370,S2C,11,9.2409,0.0,0,36,24,adaptive
1370,E2C,15,3.4938,234.0,11,36,24,adaptive
1370,W2C,16,3.183,285.0,12,36,24,adaptive
1371,N2C,9,10.008,0.0,0,36,24,adaptive
1371,S2C,10,10.2272,0.0,0,36,24,adaptive
1371,E2C,15,3.0854,245.0,11,36,24,adaptive
1371,W2C,16,2.9151,297.0,12,36,24,adaptive
1372,N2C,8,10.8593,0.0,0,36,24,adaptive
1372,S2C,9,11.0271,0.0,0,36,24,adaptive
1372,E2C,15,2.7167,256.0,11,36,24,adaptive
1372,W2C,16,2.7703,309.0,12,36,24,adaptive
1373,N2C,7,11.7125,0.0,0,36,24,adaptive
1373,S2C,8,11.7358,0.0,0,36,24,adaptive
1373,E2C,15,2.4481,267.0,11,36,24,adaptive
1373,W2C,16,2.4726,321.0,12,36,24,adaptive
1374,N2C,7,12.3786,0.0,0,36,24,adaptive
1374,S2C,7,12.3579,0.0,0,36,24,adaptive
1374,E2C,16,3.2248,279.0,12,36,24,adaptive
1374,W2C,17,2.92,333.0,12,36,24,adaptive
1375,N2C,6,12.7065,0.0,0,36,24,adaptive
1375,S2C,7,12.1462,0.0,0,36,24,adaptive
1375,E2C,16,2.8611,291.0,12,36,24,adaptive
1375,W2C,17,2.6961,345.0,12,36,24,adaptive
1376,N2C,4,12.4416,0.0,0,36,24,adaptive
1376,S2C,5,12.5746,0.0,0,36,24,adaptive
1376,E2C,16,2.5972,303.0,12,36,24,adaptive
1376,W2C,17,2.4495,358.0,13,36,24,adaptive
1377,N2C,4,12.6563,0.0,0,36,24,adaptive
1377,S2C,5,12.3003,0.0,0,36,24,adaptive
1377,E2C,16,2.4161,315.0,12,36,24,adaptive
1377,W2C,17,2.2409,372.0,14,36,24,adaptive
1378,N2C,4,12.6075,0.0,0,36,24,adaptive
1378,S2C,4,12.7663,0.0,0,36,24,adaptive
1378,E2C,17,2.931,327.0,12,36,24,adaptive
1378,W2C,18,2.9143,386.0,14,36,24,adaptive
1379,N2C,4,12.4667,0.0,0,36,24,adaptive
1379,S2C,4,12.3663,0.0,0,36,24,adaptive
1379,E2C,17,2.8346,340.0,13,36,24,adaptive
1379,W2C,18,2.5655,400.0,14,36,24,adaptive
1380,N2C,4,12.3543,0.0,0,36,24,adaptive
1380,S2C,4,12.9644,0.0,0,36,24,adaptive
1380,E2C,17,2.989,353.0,13,36,24,adaptive
1380,W2C,18,2.3851,414.0,14,36,24,adaptive
1381,N2C,4,12.5336,0.0,0,36,24,adaptive
1381,S2C,4,12.6915,0.0,0,36,24,adaptive
1381,E2C,17,2.7926,366.0,13,36,24,adaptive
1381,W2C,18,2.161,428.0,14,36,24,adaptive
1382,N2C,4,12.5067,0.0,0,36,24,adaptive
1382,S2C,4,12.9408,0.0,0,36,24,adaptive
1382,E2C,17,2.4684,379.0,13,36,24,adaptive
1382,W2C,18,2.1359,442.0,14,36,24,adaptive
1383,N2C,4,12.3812,0.0,0,36,24,adaptive
1383,S2C,3,13.0352,0.0,0,36,24,adaptive
1383,E2C,18,2.6193,392.0,13,36,24,adaptive
1383,W2C,19,2.5307,457.0,15,36,24,adaptive
1384,N2C,4,12.4198,0.0,0,36,24,adaptive
1384,S2C,4,12.9134,0.0,0,36,24,adaptive
1384,E2C,18,2.3333,405.0,13,36,24,adaptive
1384,W2C,19,2.2728,472.0,15,36,24,adaptive
1385,N2C,4,12.4628,0.0,0,36,24,adaptive
1385,S2C,4,12.9077,0.0,0,36,24,adaptive
1385,E2C,18,2.0984,418.0,13,36,24,adaptive
1385,W2C,19,2.0867,487.0,15,36,24,adaptive
1386,N2C,4,12.507,0.0,0,28,32,adaptive
1386,S2C,4,12.5728,0.0,0,28,32,adaptive
1386,E2C,18,2.0159,432.0,14,28,32,adaptive
1386,W2C,19,2.0435,502.0,15,28,32,adaptive
1387,N2C,4,12.3903,0.0,0,28,32,adaptive
1387,S2C,5,13.1946,0.0,0,28,32,adaptive
1387,E2C,19,2.5943,447.0,15,28,32,adaptive
1387,W2C,20,2.553,518.0,16,28,32,adaptive
1388,N2C,5,12.3611,0.0,0,28,32,adaptive
1388,S2C,5,12.8397,0.0,0,28,32,adaptive
1388,E2C,19,2.3626,462.0,15,28,32,adaptive
1388,W2C,20,2.5011,534.0,16,28,32,adaptive
1389,N2C,4,12.6289,0.0,0,28,32,adaptive
1389,S2C,4,12.9433,0.0,0,28,32,adaptive
1389,E2C,19,2.1443,477.0,15,28,32,adaptive
1389,W2C,20,2.294,550.0,16,28,32,adaptive
1390,N2C,4,12.537,0.0,0,28,32,adaptive
1390,S2C,4,12.8019,0.0,0,28,32,adaptive
1390,E2C,19,2.0034,492.0,15,28,32,adaptive
1390,W2C,20,2.0505,566.0,16,28,32,adaptive
1391,N2C,4,12.763,0.0,0,28,32,adaptive
1391,S2C,4,12.7269,0.0,0,28,32,adaptive
1391,E2C,19,1.9316,507.0,15,28,32,adaptive
1391,W2C,20,1.9978,583.0,17,28,32,adaptive
1392,N2C,5,12.7724,0.0,0,28,32,adaptive
1392,S2C,5,12.7701,0.0,0,28,32,adaptive
1392,E2C,20,2.4919,523.0,16,28,32,adaptive
1392,W2C,21,2.2049,600.0,17,28,32,adaptive
1393,N2C,5,12.6395,0.0,0,28,32,adaptive
1393,S2C,4,12.3027,0.0,0,28,32,adaptive
1393,E2C,20,2.4221,539.0,16,28,32,adaptive
1393,W2C,21,2.0216,617.0,17,28,32,adaptive
1394,N2C,4,13.2599,0.0,0,28,32,adaptive
1394,S2C,4,12.4362,0.0,0,28,32,adaptive
1394,E2C,20,2.2678,555.0,16,28,32,adaptive
1394,W2C,21,1.7741,634.0,17,28,32,adaptive
1395,N2C,4,12.7823,0.0,0,28,32,adaptive
1395,S2C,4,12.5981,0.0,0,28,32,adaptive
1395,E2C,20,2.0714,571.0,16,28,32,adaptive
1395,W2C,21,1.7266,652.0,18,28,32,adaptive
1396,N2C,3,12.6909,0.0,0,28,32,adaptive
1396,S2C,5,12.6554,0.0,0,28,32,adaptive
1396,E2C,21,2.3395,587.0,16,28,32,adaptive
1396,W2C,22,2.0153,670.0,18,28,32,adaptive
1397,N2C,4,13.2299,0.0,0,28,32,adaptive
1397,S2C,4,12.7431,0.0,0,28,32,adaptive
1397,E2C,21,2.0472,604.0,17,28,32,adaptive
1397,W2C,22,1.7626,688.0,18,28,32,adaptive
1398,N2C,4,12.8884,0.0,0,28,32,adaptive
1398,S2C,4,12.8083,0.0,0,28,32,adaptive
1398,E2C,21,2.023,621.0,17,28,32,adaptive
1398,W2C,22,1.623,706.0,18,28,32,adaptive
1399,N2C,4,13.1146,0.0,0,28,32,adaptive
1399,S2C,4,12.4381,0.0,0,28,32,adaptive
1399,E2C,21,1.8366,638.0,17,28,32,adaptive
1399,W2C,22,1.6131,725.0,19,28,32,adaptive
1400,N2C,4,12.9813,0.0,0,28,32,adaptive
1400,S2C,4,12.8507,0.0,0,28,32,adaptive
1400,E2C,21,1.5087,655.0,17,28,32,adaptive
1400,W2C,22,1.4028,744.0,19,28,32,adaptive
1401,N2C,5,12.9236,0.0,0,28,32,adaptive
1401,S2C,5,12.7484,0.0,0,28,32,adaptive
1401,E2C,22,1.8943,673.0,18,28,32,adaptive
1401,W2C,23,1.7405,763.0,19,28,32,adaptive
1402,N2C,4,12.4609,0.0,0,28,32,adaptive
1402,S2C,4,12.4937,0.0,0,28,32,adaptive
1402,E2C,22,1.6999,691.0,18,28,32,adaptive
1402,W2C,23,1.569,782.0,19,28,32,adaptive
1403,N2C,4,12.5425,0.0,0,28,32,adaptive
1403,S2C,4,12.5209,0.0,0,28,32,adaptive
1403,E2C,22,1.6316,709.0,18,28,32,adaptive
1403,W2C,23,1.6008,802.0,20,28,32,adaptive
1404,N2C,4,12.8725,0.0,0,28,32,adaptive
1404,S2C,4,12.6859,0.0,0,28,32,adaptive
1404,E2C,22,1.6187,728.0,19,28,32,adaptive
1404,W2C,23,1.5608,822.0,20,28,32,adaptive
1405,N2C,5,12.7541,0.0,0,28,32,adaptive
1405,S2C,4,11.906,0.0,0,28,32,adaptive
1405,E2C,23,2.0123,747.0,19,28,32,adaptive
1405,W2C,24,1.9904,842.0,20,28,32,adaptive
1406,N2C,4,12.7003,0.0,0,28,32,adaptive
1406,S2C,4,11.895,0.0,0,28,32,adaptive
1406,E2C,23,1.7955,766.0,19,28,32,adaptive
1406,W2C,24,2.0385,862.0,20,28,32,adaptive
1407,N2C,4,13.0821,0.0,0,28,32,adaptive
1407,S2C,4,11.5511,0.0,0,28,32,adaptive
1407,E2C,23,1.5814,785.0,19,28,32,adaptive
1407,W2C,24,1.9187,882.0,20,28,32,adaptive
1408,N2C,4,12.4637,0.0,0,28,32,adaptive
1408,S2C,4,11.7085,0.0,0,28,32,adaptive
1408,E2C,23,1.5521,804.0,19,28,32,adaptive
1408,W2C,24,1.653,902.0,20,28,32,adaptive
1409,N2C,4,12.5979,0.0,0,28,32,adaptive
1409,S2C,4,12.2285,0.0,0,28,32,adaptive
1409,E2C,23,1.5618,824.0,20,28,32,adaptive
1409,W2C,24,1.4015,922.0,20,28,32,adaptive
1410,N2C,4,12.9473,0.0,0,28,32,adaptive
1410,S2C,5,12.1086,0.0,0,28,32,adaptive
1410,E2C,24,2.0385,844.0,20,28,32,adaptive
1410,W2C,25,1.8845,942.0,20,28,32,adaptive
1411,N2C,4,13.069,0.0,0,28,32,adaptive
1411,S2C,5,11.9377,0.0,0,28,32,adaptive
1411,E2C,24,2.0092,864.0,20,28,32,adaptive
1411,W2C,25,1.6875,963.0,21,28,32,adaptive
1412,N2C,4,12.7764,0.0,0,28,32,adaptive
1412,S2C,5,12.0109,0.0,0,28,32,adaptive
1412,E2C,24,1.8348,884.0,20,28,32,adaptive
1412,W2C,25,1.5001,984.0,21,28,32,adaptive
1413,N2C,4,12.9097,0.0,0,28,32,adaptive
1413,S2C,5,11.4787,0.0,0,28,32,adaptive
1413,E2C,24,1.6642,904.0,20,28,32,adaptive
1413,W2C,25,1.2903,1006.0,22,28,32,adaptive
1414,N2C,5,12.702,0.0,0,28,32,adaptive
1414,S2C,5,12.1232,0.0,0,28,32,adaptive
1414,E2C,25,1.9164,924.0,20,28,32,adaptive
1414,W2C,26,1.6626,1028.0,22,28,32,adaptive
1415,N2C,4,12.5905,0.0,0,28,32,adaptive
1415,S2C,4,11.854,0.0,0,28,32,adaptive
1415,E2C,25,1.8804,945.0,21,28,32,adaptive
1415,W2C,26,1.4814,1050.0,22,28,32,adaptive
1416,N2C,4,12.3763,0.0,0,28,32,adaptive
1416,S2C,4,11.7234,0.0,0,28,32,adaptive
1416,E2C,25,1.6925,966.0,21,28,32,adaptive
1416,W2C,26,1.4653,1072.0,22,28,32,adaptive
1417,N2C,4,12.8174,0.0,0,28,32,adaptive
1417,S2C,4,11.514,0.0,0,28,32,adaptive
1417,E2C,25,1.4509,987.0,21,28,32,adaptive
1417,W2C,26,1.5034,1095.0,23,28,32,adaptive
1418,N2C,4,12.4246,0.0,0,28,32,adaptive
1418,S2C,4,11.1009,0.0,0,28,32,adaptive
1418,E2C,23,1.3338,831.0,20,28,32,adaptive
1418,W2C,24,1.5427,931.0,21,28,32,adaptive
1419,N2C,5,12.9106,0.0,0,28,32,adaptive
1419,S2C,5,11.0171,0.0,0,28,32,adaptive
1419,E2C,24,1.8677,689.0,18,28,32,adaptive
1419,W2C,25,1.9898,782.0,19,28,32,adaptive
1420,N2C,5,12.5294,0.0,0,28,32,adaptive
1420,S2C,5,10.1301,0.0,0,28,32,adaptive
1420,E2C,24,2.1077,559.0,16,28,32,adaptive
1420,W2C,25,2.1047,648.0,17,28,32,adaptive
1421,N2C,5,12.7599,0.0,0,28,32,adaptive
1421,S2C,5,9.4212,0.0,0,28,32,adaptive
1421,E2C,22,2.0831,448.0,15,28,32,adaptive
1421,W2C,23,1.8723,525.0,15,28,32,adaptive
1422,N2C,5,11.1903,0.0,0,28,32,adaptive
1422,S2C,5,9.5223,0.0,0,28,32,adaptive
1422,E2C,22,2.3041,346.0,13,28,32,adaptive
1422,W2C,23,1.9985,413.0,14,28,32,adaptive
1423,N2C,6,10.2492,0.0,0,28,32,adaptive
1423,S2C,6,9.8001,1.0,1,28,32,adaptive
1423,E2C,22,2.8195,255.0,11,28,32,adaptive
1423,W2C,23,2.4759,314.0,12,28,32,adaptive
1424,N2C,6,9.0649,0.0,0,28,32,adaptive
1424,S2C,6,9.597,2.0,1,28,32,adaptive
1424,E2C,21,2.9684,181.0,9,28,32,adaptive
1424,W2C,22,2.6443,229.0,10,28,32,adaptive
1425,N2C,6,8.6918,1.0,1,28,32,adaptive
1425,S2C,6,9.5928,3.0,1,28,32,adaptive
1425,E2C,20,3.0012,117.0,7,28,32,adaptive
1425,W2C,21,2.7844,158.0,9,28,32,adaptive
1426,N2C,6,8.7478,3.0,2,28,32,adaptive
1426,S2C,6,9.7422,4.0,1,28,32,adaptive
1426,E2C,19,3.1807,94.0,6,28,32,adaptive
1426,W2C,20,2.9052,135.0,8,28,32,adaptive
1427,N2C,6,8.1109,5.0,2,28,32,adaptive
1427,S2C,6,9.5481,5.0,1,28,32,adaptive
1427,E2C,18,3.3354,55.0,5,28,32,adaptive
1427,W2C,19,3.0934,81.0,6,28,32,adaptive
1428,N2C,7,8.2416,7.0,2,28,32,adaptive
1428,S2C,7,9.4926,6.0,1,28,32,adaptive
1428,E2C,19,4.5748,21.0,3,28,32,adaptive
1428,W2C,19,4.0673,39.0,4,28,32,adaptive
1429,N2C,7,7.3082,9.0,2,28,32,adaptive
1429,S2C,7,7.9712,7.0,1,28,32,adaptive
1429,E2C,17,4.8197,13.0,3,28,32,adaptive
1429,W2C,18,4.4889,19.0,3,28,32,adaptive
1430,N2C,7,7.5325,11.0,2,28,32,adaptive
1430,S2C,7,7.5626,8.0,1,28,32,adaptive
1430,E2C,16,5.2788,2.0,1,28,32,adaptive
1430,W2C,17,4.8623,8.0,2,28,32,adaptive
1431,N2C,7,7.4505,13.0,2,28,32,adaptive
1431,S2C,7,7.1072,10.0,2,28,32,adaptive
1431,E2C,15,5.6657,0.0,0,28,32,adaptive
1431,W2C,16,5.3709,0.0,0,28,32,adaptive
1432,N2C,8,7.5091,16.0,3,28,32,adaptive
1432,S2C,8,7.6664,12.0,2,28,32,adaptive
1432,E2C,15,6.5062,0.0,0,28,32,adaptive
1432,W2C,16,6.0146,0.0,0,28,32,adaptive
1433,N2C,8,7.0265,19.0,3,28,32,adaptive
1433,S2C,8,7.496,15.0,3,28,32,adaptive
1433,E2C,14,7.2062,0.0,0,28,32,adaptive
1433,W2C,15,6.5429,0.0,0,28,32,adaptive
1434,N2C,8,6.6832,22.0,3,28,32,adaptive
1434,S2C,8,6.92,18.0,3,28,32,adaptive
1434,E2C,13,7.7175,0.0,0,28,32,adaptive
1434,W2C,14,7.1285,0.0,0,28,32,adaptive
1435,N2C,8,6.3087,26.0,4,28,32,adaptive
1435,S2C,8,6.2375,21.0,3,28,32,adaptive
1435,E2C,12,8.3111,0.0,0,28,32,adaptive
1435,W2C,13,8.0818,0.0,0,28,32,adaptive
1436,N2C,8,5.8311,30.0,4,28,32,adaptive
1436,S2C,8,5.9503,24.0,3,28,32,adaptive
1436,E2C,11,9.3546,0.0,0,28,32,adaptive
1436,W2C,12,9.0554,0.0,0,28,32,adaptive
1437,N2C,9,6.1287,34.0,4,28,32,adaptive
1437,S2C,9,6.2027,28.0,4,28,32,adaptive
1437,E2C,11,10.2657,0.0,0,28,32,adaptive
1437,W2C,12,10.1349,0.0,0,28,32,adaptive
1438,N2C,9,5.8969,38.0,4,28,32,adaptive
1438,S2C,9,5.8235,32.0,4,28,32,adaptive
1438,E2C,10,10.9359,0.0,0,28,32,adaptive
1438,W2C,11,10.4854,0.0,0,28,32,adaptive
1439,N2C,9,5.6177,43.0,5,28,32,adaptive
1439,S2C,9,5.5251,36.0,4,28,32,adaptive
1439,E2C,9,11.2323,0.0,0,28,32,adaptive
1439,W2C,11,11.0057,0.0,0,28,32,adaptive
1440,N2C,9,5.3719,48.0,5,28,32,adaptive
1440,S2C,9,5.2812,40.0,4,28,32,adaptive
1440,E2C,9,11.657,0.0,0,28,32,adaptive
1440,W2C,9,11.3452,0.0,0,28,32,adaptive
1441,N2C,10,5.7496,53.0,5,28,32,adaptive
1441,S2C,10,5.4992,45.0,5,28,32,adaptive
1441,E2C,8,12.0612,0.0,0,28,32,adaptive
1441,W2C,8,11.7043,0.0,0,28,32,adaptive
1442,N2C,10,5.2692,58.0,5,28,32,adaptive
1442,S2C,10,5.2105,50.0,5,28,32,adaptive
1442,E2C,6,12.2531,0.0,0,28,32,adaptive
1442,W2C,8,11.811,0.0,0,28,32,adaptive
1443,N2C,10,5.1211,63.0,5,28,32,adaptive
1443,S2C,10,4.8241,55.0,5,28,32,adaptive
1443,E2C,6,12.5004,0.0,0,28,32,adaptive
1443,W2C,6,11.7298,0.0,0,28,32,adaptive
1444,N2C,10,4.8629,69.0,6,28,32,adaptive
1444,S2C,10,4.6873,60.0,5,28,32,adaptive
1444,E2C,4,12.5794,0.0,0,28,32,adaptive
1444,W2C,6,11.9876,0.0,0,28,32,adaptive
1445,N2C,10,4.3232,75.0,6,28,32,adaptive
1445,S2C,10,4.8162,66.0,6,28,32,adaptive
1445,E2C,4,12.7728,0.0,0,28,32,adaptive
1445,W2C,5,11.7547,0.0,0,28,32,adaptive
1446,N2C,11,4.613,81.0,6,28,32,adaptive
1446,S2C,11,5.171,72.0,6,28,32,adaptive
1446,E2C,5,12.7395,0.0,0,28,32,adaptive
1446,W2C,5,12.5553,0.0,0,28,32,adaptive
1447,N2C,11,4.3881,88.0,7,28,32,adaptive
1447,S2C,11,4.9292,78.0,6,28,32,adaptive
1447,E2C,4,12.7985,0.0,0,28,32,adaptive
1447,W2C,4,12.5389,0.0,0,28,32,adaptive
1448,N2C,11,4.1965,95.0,7,28,32,adaptive
1448,S2C,11,4.352,84.0,6,28,32,adaptive
1448,E2C,4,12.895,0.0,0,28,32,adaptive
1448,W2C,4,12.2666,0.0,0,28,32,adaptive
1449,N2C,11,3.6934,102.0,7,28,32,adaptive
1449,S2C,11,3.8033,90.0,6,28,32,adaptive
1449,E2C,4,13.0572,0.0,0,28,32,adaptive
1449,W2C,4,12.3926,0.0,0,28,32,adaptive
1450,N2C,12,4.3421,109.0,7,28,32,adaptive
1450,S2C,12,4.5228,97.0,7,28,32,adaptive
1450,E2C,5,13.0063,0.0,0,28,32,adaptive
1450,W2C,5,12.7144,0.0,0,28,32,adaptive
1451,N2C,10,4.808,64.0,6,28,32,adaptive
1451,S2C,10,5.0982,54.0,5,28,32,adaptive
1451,E2C,5,12.8999,0.0,0,28,32,adaptive
1451,W2C,5,12.878,0.0,0,28,32,adaptive
1452,N2C,10,5.4056,31.0,4,32,28,adaptive
1452,S2C,10,5.1209,23.0,3,32,28,adaptive
1452,E2C,5,12.2902,0.0,0,32,28,adaptive
1452,W2C,5,12.2611,0.0,0,32,28,adaptive
1453,N2C,10,5.6099,10.0,2,32,28,adaptive
1453,S2C,10,5.2179,5.0,2,32,28,adaptive
1453,E2C,5,11.4459,0.0,0,32,28,adaptive
1453,W2C,5,12.3364,0.0,0,32,28,adaptive
1454,N2C,8,6.6098,0.0,0,32,28,adaptive
1454,S2C,8,5.911,0.0,0,32,28,adaptive
1454,E2C,5,10.8997,0.0,0,32,28,adaptive
1454,W2C,5,11.1376,0.0,0,32,28,adaptive
1455,N2C,9,7.6524,0.0,0,32,28,adaptive
1455,S2C,9,7.3071,0.0,0,32,28,adaptive
1455,E2C,6,9.9791,1.0,1,32,28,adaptive
1455,W2C,6,10.2003,0.0,0,32,28,adaptive
1456,N2C,7,8.6479,0.0,0,32,28,adaptive
1456,S2C,7,8.3637,0.0,0,32,28,adaptive
1456,E2C,6,9.4373,2.0,1,32,28,adaptive
1456,W2C,6,9.617,0.0,0,32,28,adaptive
1457,N2C,7,9.2201,0.0,0,32,28,adaptive
1457,S2C,7,9.3235,0.0,0,32,28,adaptive
1457,E2C,6,8.4431,3.0,1,32,28,adaptive
1457,W2C,6,8.4609,1.0,1,32,28,adaptive
1458,N2C,6,10.1491,0.0,0,32,28,adaptive
1458,S2C,7,9.5934,0.0,0,32,28,adaptive
1458,E2C,6,7.8055,5.0,2,32,28,adaptive
1458,W2C,6,8.6158,3.0,2,32,28,adaptive
1459,N2C,6,11.5094,0.0,0,32,28,adaptive
1459,S2C,6,11.8419,0.0,0,32,28,adaptive
1459,E2C,7,8.2886,7.0,2,32,28,adaptive
1459,W2C,7,9.0164,5.0,2,32,28,adaptive
1460,N2C,5,12.3531,0.0,0,32,28,adaptive
1460,S2C,5,12.4403,0.0,0,32,28,adaptive
1460,E2C,7,7.5134,9.0,2,32,28,adaptive
1460,W2C,7,8.2608,7.0,2,32,28,adaptive
1461,N2C,4,12.4674,0.0,0,32,28,adaptive
1461,S2C,5,12.2434,0.0,0,32,28,adaptive
1461,E2C,7,7.1475,12.0,3,32,28,adaptive
1461,W2C,7,7.901,9.0,2,32,28,adaptive
1462,N2C,4,12.6443,0.0,0,32,28,adaptive
1462,S2C,5,12.3756,0.0,0,32,28,adaptive
1462,E2C,7,7.5261,15.0,3,32,28,adaptive
1462,W2C,7,7.7729,12.0,3,32,28,adaptive
1463,N2C,4,12.3062,0.0,0,32,28,adaptive
1463,S2C,5,12.5017,0.0,0,32,28,adaptive
1463,E2C,7,7.0107,18.0,3,32,28,adaptive
1463,W2C,7,7.1142,15.0,3,32,28,adaptive
1464,N2C,5,12.2426,0.0,0,32,28,adaptive
1464,S2C,4,11.9673,0.0,0,32,28,adaptive
1464,E2C,8,7.2859,21.0,3,32,28,adaptive
1464,W2C,8,7.0166,18.0,3,32,28,adaptive
1465,N2C,5,12.4175,0.0,0,32,28,adaptive
1465,S2C,4,11.9845,0.0,0,32,28,adaptive
1465,E2C,8,6.6821,24.0,3,32,28,adaptive
1465,W2C,8,6.577,21.0,3,32,28,adaptive
1466,N2C,5,12.1279,0.0,0,32,28,adaptive
1466,S2C,4,11.9858,0.0,0,32,28,adaptive
1466,E2C,8,6.1664,28.0,4,32,28,adaptive
1466,W2C,8,5.931,24.0,3,32,28,adaptive
1467,N2C,4,12.4891,0.0,0,32,28,adaptive
1467,S2C,4,12.1424,0.0,0,32,28,adaptive
1467,E2C,8,5.7361,32.0,4,32,28,adaptive
1467,W2C,8,5.5671,28.0,4,32,28,adaptive
1468,N2C,4,11.8386,0.0,0,32,28,adaptive
1468,S2C,5,12.2854,0.0,0,32,28,adaptive
1468,E2C,9,6.2689,36.0,4,32,28,adaptive
1468,W2C,9,5.8509,32.0,4,32,28,adaptive
1469,N2C,4,11.5773,0.0,0,32,28,adaptive
1469,S2C,5,12.2121,0.0,0,32,28,adaptive
1469,E2C,9,5.8055,40.0,4,32,28,adaptive
1469,W2C,9,5.6271,36.0,4,32,28,adaptive
1470,N2C,4,11.8151,0.0,0,32,28,adaptive
1470,S2C,5,12.2406,0.0,0,32,28,adaptive
1470,E2C,9,5.8683,45.0,5,32,28,adaptive
1470,W2C,9,5.4262,41.0,5,32,28,adaptive
1471,N2C,4,11.9106,0.0,0,32,28,adaptive
1471,S2C,4,12.2653,0.0,0,32,28,adaptive
1471,E2C,9,5.822,50.0,5,32,28,adaptive
1471,W2C,9,5.2605,46.0,5,32,28,adaptive
1472,N2C,4,12.217,0.0,0,32,28,adaptive
1472,S2C,4,12.3424,0.0,0,32,28,adaptive
1472,E2C,9,5.4709,55.0,5,32,28,adaptive
1472,W2C,9,4.8603,51.0,5,32,28,adaptive
1473,N2C,5,12.139,0.0,0,32,28,adaptive
1473,S2C,5,12.3491,0.0,0,32,28,adaptive
1473,E2C,10,5.9083,60.0,5,32,28,adaptive
1473,W2C,10,5.2073,56.0,5,32,28,adaptive
1474,N2C,5,12.0507,0.0,0,32,28,adaptive
1474,S2C,4,12.2911,0.0,0,32,28,adaptive
1474,E2C,10,5.3198,65.0,5,32,28,adaptive
1474,W2C,10,4.8745,61.0,5,32,28,adaptive
1475,N2C,4,12.4694,0.0,0,32,28,adaptive
1475,S2C,4,12.124,0.0,0,32,28,adaptive
1475,E2C,10,4.9771,70.0,5,32,28,adaptive
1475,W2C,10,4.5978,66.0,5,32,28,adaptive
1476,N2C,4,12.5171,0.0,0,32,28,adaptive
1476,S2C,4,12.7359,0.0,0,32,28,adaptive
1476,E2C,10,4.4278,76.0,6,32,28,adaptive
1476,W2C,10,4.2309,72.0,6,32,28,adaptive
1477,N2C,3,11.992,0.0,0,32,28,adaptive
1477,S2C,4,12.4432,0.0,0,32,28,adaptive
1477,E2C,11,4.9871,82.0,6,32,28,adaptive
1477,W2C,11,4.7713,78.0,6,32,28,adaptive
1478,N2C,4,11.6772,0.0,0,32,28,adaptive
1478,S2C,4,12.4756,0.0,0,32,28,adaptive
1478,E2C,11,4.9685,88.0,6,32,28,adaptive
1478,W2C,11,4.5884,84.0,6,32,28,adaptive
1479,N2C,4,11.8629,0.0,0,32,28,adaptive
1479,S2C,4,12.6858,0.0,0,32,28,adaptive
1479,E2C,11,4.808,95.0,7,32,28,adaptive
1479,W2C,11,4.5103,91.0,7,32,28,adaptive
1480,N2C,4,11.8462,0.0,0,32,28,adaptive
1480,S2C,4,12.3971,0.0,0,32,28,adaptive
1480,E2C,11,4.5153,102.0,7,32,28,adaptive
1480,W2C,11,4.4804,98.0,7,32,28,adaptive
1481,N2C,4,11.3921,0.0,0,32,28,adaptive
1481,S2C,4,12.4171,0.0,0,32,28,adaptive
1481,E2C,11,4.2268,109.0,7,32,28,adaptive
1481,W2C,11,4.5852,105.0,7,32,28,adaptive
1482,N2C,5,12.2625,0.0,0,32,28,adaptive
1482,S2C,4,12.5216,0.0,0,32,28,adaptive
1482,E2C,12,4.6252,116.0,7,32,28,adaptive
1482,W2C,12,4.9871,112.0,7,32,28,adaptive
1483,N2C,5,12.0169,0.0,0,32,28,adaptive
1483,S2C,5,12.7531,0.0,0,32,28,adaptive
1483,E2C,12,4.3018,124.0,8,32,28,adaptive
1483,W2C,12,4.9392,119.0,7,32,28,adaptive
1484,N2C,5,12.2513,0.0,0,32,28,adaptive
1484,S2C,5,12.4721,0.0,0,32,28,adaptive
1484,E2C,12,3.7955,132.0,8,32,28,adaptive
1484,W2C,12,4.618,126.0,7,32,28,adaptive
1485,N2C,5,11.9549,0.0,0,32,28,adaptive
1485,S2C,5,11.9736,0.0,0,32,28,adaptive
1485,E2C,12,3.5063,140.0,8,32,28,adaptive
1485,W2C,12,4.0006,134.0,8,32,28,adaptive
1486,N2C,6,11.6514,0.0,0,32,28,adaptive
1486,S2C,6,11.9881,0.0,0,32,28,adaptive
1486,E2C,13,4.0705,148.0,8,32,28,adaptive
1486,W2C,13,4.4517,142.0,8,32,28,adaptive
1487,N2C,6,10.8063,0.0,0,32,28,adaptive
1487,S2C,6,10.4639,0.0,0,32,28,adaptive
1487,E2C,13,3.972,156.0,8,32,28,adaptive
1487,W2C,13,4.0696,150.0,8,32,28,adaptive
1488,N2C,6,9.5145,0.0,0,32,28,adaptive
1488,S2C,6,9.4019,0.0,0,32,28,adaptive
1488,E2C,11,4.2838,100.0,7,32,28,adaptive
1488,W2C,11,4.3248,95.0,6,32,28,adaptive
1489,N2C,6,8.9168,1.0,1,32,28,adaptive
1489,S2C,6,8.4342,0.0,0,32,28,adaptive
1489,E2C,11,4.2686,54.0,5,32,28,adaptive
1489,W2C,11,4.2018,51.0,5,32,28,adaptive
1490,N2C,6,7.6312,3.0,2,32,28,adaptive
1490,S2C,6,7.7395,2.0,2,32,28,adaptive
1490,E2C,11,4.6195,23.0,3,32,28,adaptive
1490,W2C,11,4.2369,20.0,3,32,28,adaptive
1491,N2C,7,7.7558,5.0,2,32,28,adaptive
1491,S2C,7,7.93,4.0,2,32,28,adaptive
1491,E2C,10,6.0693,5.0,2,32,28,adaptive
1491,W2C,10,5.5094,3.0,1,32,28,adaptive
1492,N2C,7,7.1848,7.0,2,32,28,adaptive
1492,S2C,7,7.5003,6.0,2,32,28,adaptive
1492,E2C,10,6.2342,0.0,0,32,28,adaptive
1492,W2C,10,6.0651,0.0,0,32,28,adaptive
1493,N2C,7,7.2959,10.0,3,32,28,adaptive
1493,S2C,7,7.386,9.0,3,32,28,adaptive
1493,E2C,9,6.9554,0.0,0,32,28,adaptive
1493,W2C,9,6.5475,0.0,0,32,28,adaptive
1494,N2C,7,7.1096,13.0,3,32,28,adaptive
1494,S2C,7,6.6786,12.0,3,32,28,adaptive
1494,E2C,8,7.8109,0.0,0,32,28,adaptive
1494,W2C,8,7.2048,0.0,0,32,28,adaptive
1495,N2C,8,7.8327,16.0,3,32,28,adaptive
1495,S2C,8,6.9763,15.0,3,32,28,adaptive
1495,E2C,8,9.2793,0.0,0,32,28,adaptive
1495,W2C,8,8.7651,0.0,0,32,28,adaptive
1496,N2C,8,7.9532,19.0,3,32,28,adaptive
1496,S2C,8,6.4697,18.0,3,32,28,adaptive
1496,E2C,7,10.203,0.0,0,32,28,adaptive
1496,W2C,7,9.8324,0.0,0,32,28,adaptive
1497,N2C,8,7.6486,22.0,3,32,28,adaptive
1497,S2C,8,6.3471,21.0,3,32,28,adaptive
1497,E2C,7,10.717,0.0,0,32,28,adaptive
1497,W2C,7,10.4225,0.0,0,32,28,adaptive
1498,N2C,8,7.0863,25.0,3,32,28,adaptive
1498,S2C,8,6.2798,24.0,3,32,28,adaptive
1498,E2C,5,12.1291,0.0,0,32,28,adaptive
1498,W2C,5,11.5334,0.0,0,32,28,adaptive
1499,N2C,8,6.0731,28.0,3,32,28,adaptive
1499,S2C,8,6.3962,28.0,4,32,28,adaptive
1499,E2C,4,12.8499,0.0,0,32,28,adaptive
1499,W2C,5,11.7749,0.0,0,32,28,adaptive
1500,N2C,9,6.2273,32.0,4,32,28,adaptive
1500,S2C,9,7.2706,32.0,4,32,28,adaptive
1500,E2C,4,12.3449,0.0,0,32,28,adaptive
1500,W2C,5,12.8321,0.0,0,32,28,adaptive
1501,N2C,9,5.6689,36.0,4,32,28,adaptive
1501,S2C,9,6.7464,36.0,4,32,28,adaptive
1501,E2C,4,12.1943,0.0,0,32,28,adaptive
1501,W2C,5,12.4722,0.0,0,32,28,adaptive
1502,N2C,9,5.7714,40.0,4,32,28,adaptive
1502,S2C,9,5.9611,40.0,4,32,28,adaptive
1502,E2C,4,11.9944,0.0,0,32,28,adaptive
1502,W2C,4,13.2312,0.0,0,32,28,adaptive
1503,N2C,9,5.487,45.0,5,32,28,adaptive
1503,S2C,9,5.1763,44.0,4,32,28,adaptive
1503,E2C,4,12.1307,0.0,0,32,28,adaptive
1503,W2C,4,12.7263,0.0,0,32,28,adaptive
1504,N2C,10,5.9025,50.0,5,32,28,adaptive
1504,S2C,10,5.3724,48.0,4,32,28,adaptive
1504,E2C,5,12.6088,0.0,0,32,28,adaptive
1504,W2C,5,12.818,0.0,0,32,28,adaptive
1505,N2C,10,5.9637,55.0,5,32,28,adaptive
1505,S2C,10,5.1221,52.0,4,32,28,adaptive
1505,E2C,5,12.3363,0.0,0,32,28,adaptive
1505,W2C,4,13.089,0.0,0,32,28,adaptive
1506,N2C,10,5.4583,60.0,5,32,28,adaptive
1506,S2C,10,5.0193,57.0,5,32,28,adaptive
1506,E2C,4,12.6135,0.0,0,32,28,adaptive
1506,W2C,4,12.6876,0.0,0,32,28,adaptive
1507,N2C,10,4.6564,66.0,6,32,28,adaptive
1507,S2C,10,5.0847,63.0,6,32,28,adaptive
1507,E2C,4,12.8247,0.0,0,32,28,adaptive
1507,W2C,4,12.697,0.0,0,32,28,adaptive
1508,N2C,10,4.3958,72.0,6,32,28,adaptive
1508,S2C,10,4.8463,69.0,6,32,28,adaptive
1508,E2C,4,12.6934,0.0,0,32,28,adaptive
1508,W2C,4,12.9963,0.0,0,32,28,adaptive
1509,N2C,11,4.7929,78.0,6,32,28,adaptive
1509,S2C,11,5.2117,75.0,6,32,28,adaptive
1509,E2C,4,12.5696,0.0,0,32,28,adaptive
1509,W2C,5,13.1408,0.0,0,32,28,adaptive
1510,N2C,11,4.7546,84.0,6,32,28,adaptive
1510,S2C,11,4.6109,81.0,6,32,28,adaptive
1510,E2C,4,12.3487,0.0,0,32,28,adaptive
1510,W2C,5,13.0728,0.0,0,32,28,adaptive
1511,N2C,11,4.2277,91.0,7,32,28,adaptive
1511,S2C,11,4.284,87.0,6,32,28,adaptive
1511,E2C,4,12.4549,0.0,0,32,28,adaptive
1511,W2C,5,12.8151,0.0,0,32,28,adaptive
1512,N2C,11,3.8804,98.0,7,32,28,adaptive
1512,S2C,11,3.7529,94.0,7,32,28,adaptive
1512,E2C,4,12.6115,0.0,0,32,28,adaptive
1512,W2C,4,13.5062,0.0,0,32,28,adaptive
1513,N2C,12,4.5278,105.0,7,32,28,adaptive
1513,S2C,12,4.3364,101.0,7,32,28,adaptive
1513,E2C,3,12.2394,0.0,0,32,28,adaptive
1513,W2C,4,13.4421,0.0,0,32,28,adaptive
1514,N2C,12,4.2028,113.0,8,32,28,adaptive
1514,S2C,12,4.1864,108.0,7,32,28,adaptive
1514,E2C,4,12.8753,0.0,0,32,28,adaptive
1514,W2C,4,13.2432,0.0,0,32,28,adaptive
1515,N2C,12,4.31,121.0,8,32,28,adaptive
1515,S2C,12,3.9413,116.0,8,32,28,adaptive
1515,E2C,4,12.4578,0.0,0,32,28,adaptive
1515,W2C,4,13.6233,0.0,0,32,28,adaptive
1516,N2C,12,4.2796,129.0,8,32,28,adaptive
1516,S2C,12,3.6906,124.0,8,32,28,adaptive
1516,E2C,4,12.6734,0.0,0,32,28,adaptive
1516,W2C,4,13.4851,0.0,0,32,28,adaptive
1517,N2C,12,3.9558,137.0,8,32,28,adaptive
1517,S2C,12,3.3024,132.0,8,32,28,adaptive
1517,E2C,4,12.6917,0.0,0,32,28,adaptive
1517,W2C,4,13.4587,0.0,0,32,28,adaptive
1518,N2C,13,4.3355,145.0,8,36,24,adaptive
1518,S2C,13,3.9884,140.0,8,36,24,adaptive
1518,E2C,5,12.6144,0.0,0,36,24,adaptive
1518,W2C,4,13.6832,0.0,0,36,24,adaptive
1519,N2C,13,3.8642,154.0,9,36,24,adaptive
1519,S2C,13,3.8401,148.0,8,36,24,adaptive
1519,E2C,5,12.3901,0.0,0,36,24,adaptive
1519,W2C,4,13.347,0.0,0,36,24,adaptive
1520,N2C,13,3.5011,163.0,9,36,24,adaptive
1520,S2C,13,3.899,157.0,9,36,24,adaptive
1520,E2C,5,12.4327,0.0,0,36,24,adaptive
1520,W2C,4,12.8498,0.0,0,36,24,adaptive
1521,N2C,13,3.2311,172.0,9,36,24,adaptive
1521,S2C,13,3.7474,166.0,9,36,24,adaptive
1521,E2C,5,12.2396,0.0,0,36,24,adaptive
1521,W2C,4,12.5863,0.0,0,36,24,adaptive
1522,N2C,14,3.8349,181.0,9,36,24,adaptive
1522,S2C,14,4.0586,175.0,9,36,24,adaptive
1522,E2C,6,11.1191,0.0,0,36,24,adaptive
1522,W2C,5,12.2772,0.0,0,36,24,adaptive
1523,N2C,14,3.774,190.0,9,36,24,adaptive
1523,S2C,14,3.6885,184.0,9,36,24,adaptive
1523,E2C,6,10.1103,0.0,0,36,24,adaptive
1523,W2C,5,11.1911,0.0,0,36,24,adaptive
1524,N2C,14,3.6185,200.0,10,36,24,adaptive
1524,S2C,14,3.7245,193.0,9,36,24,adaptive
1524,E2C,6,8.6351,0.0,0,36,24,adaptive
1524,W2C,5,10.6657,0.0,0,36,24,adaptive
1525,N2C,14,3.3604,210.0,10,36,24,adaptive
1525,S2C,14,3.3199,203.0,10,36,24,adaptive
1525,E2C,6,8.3144,1.0,1,36,24,adaptive
1525,W2C,5,10.53,1.0,1,36,24,adaptive
1526,N2C,14,3.0545,220.0,10,36,24,adaptive
1526,S2C,14,2.9276,213.0,10,36,24,adaptive
1526,E2C,6,7.6416,3.0,2,36,24,adaptive
1526,W2C,5,9.7547,2.0,1,36,24,adaptive
1527,N2C,15,3.4572,230.0,10,36,24,adaptive
1527,S2C,15,3.4021,223.0,10,36,24,adaptive
1527,E2C,7,7.5805,5.0,2,36,24,adaptive
1527,W2C,6,9.3709,3.0,1,36,24,adaptive
1528,N2C,15,3.1614,240.0,10,36,24,adaptive
1528,S2C,15,3.0124,234.0,11,36,24,adaptive
1528,E2C,7,7.0771,7.0,2,36,24,adaptive
1528,W2C,6,8.7471,4.0,1,36,24,adaptive
1529,N2C,15,2.7631,251.0,11,36,24,adaptive
1529,S2C,15,2.7112,245.0,11,36,24,adaptive
1529,E2C,7,6.9471,10.0,3,36,24,adaptive
1529,W2C,6,7.9368,5.0,1,36,24,adaptive
1530,N2C,15,2.563,262.0,11,36,24,adaptive
1530,S2C,15,2.5197,256.0,11,36,24,adaptive
1530,E2C,7,6.8312,13.0,3,36,24,adaptive
1530,W2C,6,7.5559,6.0,1,36,24,adaptive
1531,N2C,16,3.2759,274.0,12,36,24,adaptive
1531,S2C,16,3.1301,267.0,11,36,24,adaptive
1531,E2C,8,7.1643,16.0,3,36,24,adaptive
1531,W2C,7,7.8107,8.0,2,36,24,adaptive
1532,N2C,16,3.0874,286.0,12,36,24,adaptive
1532,S2C,16,3.0236,279.0,12,36,24,adaptive
1532,E2C,8,6.6966,19.0,3,36,24,adaptive
1532,W2C,7,7.2478,10.0,2,36,24,adaptive
1533,N2C,16,2.8308,298.0,12,36,24,adaptive
1533,S2C,16,2.8306,291.0,12,36,24,adaptive
1533,E2C,8,6.3547,22.0,3,36,24,adaptive
1533,W2C,7,6.9028,13.0,3,36,24,adaptive
1534,N2C,16,2.5312,310.0,12,36,24,adaptive
1534,S2C,16,2.4466,303.0,12,36,24,adaptive
1534,E2C,8,6.3199,25.0,3,36,24,adaptive
1534,W2C,7,7.0631,16.0,3,36,24,adaptive
1535,N2C,16,2.3844,323.0,13,36,24,adaptive
1535,S2C,16,2.334,315.0,12,36,24,adaptive
1535,E2C,8,6.0838,29.0,4,36,24,adaptive
1535,W2C,7,6.4612,19.0,3,36,24,adaptive
1536,N2C,17,2.8451,336.0,13,36,24,adaptive
1536,S2C,17,2.9159,327.0,12,36,24,adaptive
1536,E2C,9,6.5888,33.0,4,36,24,adaptive
1536,W2C,8,6.7843,22.0,3,36,24,adaptive
1537,N2C,17,2.4913,349.0,13,36,24,adaptive
1537,S2C,17,2.898,339.0,12,36,24,adaptive
1537,E2C,9,5.9758,37.0,4,36,24,adaptive
1537,W2C,8,6.3098,25.0,3,36,24,adaptive
1538,N2C,17,2.3337,362.0,13,36,24,adaptive
1538,S2C,17,2.7805,352.0,13,36,24,adaptive
1538,E2C,9,5.4781,41.0,4,36,24,adaptive
1538,W2C,8,5.9888,28.0,3,36,24,adaptive
1539,N2C,17,2.1853,375.0,13,36,24,adaptive
1539,S2C,17,2.598,365.0,13,36,24,adaptive
1539,E2C,9,5.4346,46.0,5,36,24,adaptive
1539,W2C,8,5.3395,32.0,4,36,24,adaptive
1540,N2C,18,2.8188,389.0,14,36,24,adaptive
1540,S2C,18,2.9246,378.0,13,36,24,adaptive
1540,E2C,10,6.3847,51.0,5,36,24,adaptive
1540,W2C,9,5.9884,36.0,4,36,24,adaptive
1541,N2C,18,2.7447,403.0,14,36,24,adaptive
1541,S2C,18,2.7223,391.0,13,36,24,adaptive
1541,E2C,10,6.2598,56.0,5,36,24,adaptive
1541,W2C,9,5.4172,40.0,4,36,24,adaptive
1542,N2C,18,2.7042,417.0,14,36,24,adaptive
1542,S2C,18,2.5231,405.0,14,36,24,adaptive
1542,E2C,10,6.0988,61.0,5,36,24,adaptive
1542,W2C,9,5.4747,44.0,4,36,24,adaptive
1543,N2C,18,2.4706,431.0,14,36,24,adaptive
1543,S2C,18,2.2659,419.0,14,36,24,adaptive
1543,E2C,10,5.5635,66.0,5,36,24,adaptive
1543,W2C,9,5.491,49.0,5,36,24,adaptive
1544,N2C,18,2.3087,445.0,14,36,24,adaptive
1544,S2C,18,2.1265,433.0,14,36,24,adaptive
1544,E2C,10,4.8161,71.0,5,36,24,adaptive
1544,W2C,9,5.4022,54.0,5,36,24,adaptive
1545,N2C,19,2.5147,460.0,15,36,24,adaptive
1545,S2C,19,2.5621,447.0,14,36,24,adaptive
1545,E2C,11,5.1965,76.0,5,36,24,adaptive
1545,W2C,10,6.2164,59.0,5,36,24,adaptive
1546,N2C,19,2.2941,475.0,15,36,24,adaptive
1546,S2C,19,2.3247,461.0,14,36,24,adaptive
1546,E2C,11,4.719,82.0,6,36,24,adaptive
1546,W2C,10,6.1736,64.0,5,36,24,adaptive
1547,N2C,19,2.0552,490.0,15,36,24,adaptive
1547,S2C,19,2.0977,476.0,15,36,24,adaptive
1547,E2C,11,4.3934,88.0,6,36,24,adaptive
1547,W2C,10,5.9652,69.0,5,36,24,adaptive
1548,N2C,19,1.9912,506.0,16,36,24,adaptive
1548,S2C,19,1.9503,491.0,15,36,24,adaptive
1548,E2C,11,4.0722,95.0,7,36,24,adaptive
1548,W2C,10,5.4597,74.0,5,36,24,adaptive
1549,N2C,20,2.6147,522.0,16,36,24,adaptive
1549,S2C,20,2.558,506.0,15,36,24,adaptive
1549,E2C,12,4.5983,102.0,7,36,24,adaptive
1549,W2C,11,5.6991,79.0,5,36,24,adaptive
1550,N2C,20,2.5427,538.0,16,36,24,adaptive
1550,S2C,20,2.5516,522.0,16,36,24,adaptive
1550,E2C,12,4.4668,110.0,8,36,24,adaptive
1550,W2C,11,5.0837,84.0,5,36,24,adaptive
1551,N2C,20,2.3361,554.0,16,36,24,adaptive
1551,S2C,20,2.2818,538.0,16,36,24,adaptive
1551,E2C,12,4.14,118.0,8,36,24,adaptive
1551,W2C,11,4.3738,89.0,5,36,24,adaptive
1552,N2C,20,2.186,570.0,16,36,24,adaptive
1552,S2C,20,2.0993,554.0,16,36,24,adaptive
1552,E2C,12,3.8955,126.0,8,36,24,adaptive
1552,W2C,11,4.2935,96.0,7,36,24,adaptive
1553,N2C,20,1.8467,587.0,17,36,24,adaptive
1553,S2C,20,1.8086,570.0,16,36,24,adaptive
1553,E2C,12,3.5203,134.0,8,36,24,adaptive
1553,W2C,11,3.9401,103.0,7,36,24,adaptive
1554,N2C,21,2.113,604.0,17,36,24,adaptive
1554,S2C,21,2.1226,586.0,16,36,24,adaptive
1554,E2C,13,4.0891,143.0,9,36,24,adaptive
1554,W2C,12,4.2382,110.0,7,36,24,adaptive
1555,N2C,19,2.1419,488.0,15,36,24,adaptive
1555,S2C,19,2.1639,471.0,15,36,24,adaptive
1555,E2C,13,3.8165,152.0,9,36,24,adaptive
1555,W2C,12,4.1963,117.0,7,36,24,adaptive
1556,N2C,19,2.1981,385.0,13,36,24,adaptive
1556,S2C,19,2.179,364.0,13,36,24,adaptive
1556,E2C,13,3.492,161.0,9,36,24,adaptive
1556,W2C,12,3.9032,125.0,8,36,24,adaptive
1557,N2C,19,2.3809,290.0,12,36,24,adaptive
1557,S2C,19,2.4797,275.0,12,36,24,adaptive
1557,E2C,13,3.0706,170.0,9,36,24,adaptive
1557,W2C,12,3.6529,133.0,8,36,24,adaptive
1558,N2C,18,3.0452,209.0,10,36,24,adaptive
1558,S2C,18,3.3031,196.0,10,36,24,adaptive
1558,E2C,14,3.7947,179.0,9,36,24,adaptive
1558,W2C,13,4.2106,141.0,8,36,24,adaptive
1559,N2C,18,3.1454,142.0,8,36,24,adaptive
1559,S2C,18,3.5515,131.0,8,36,24,adaptive
1559,E2C,14,3.6398,188.0,9,36,24,adaptive
1559,W2C,13,3.9471,149.0,8,36,24,adaptive
1560,N2C,18,3.63,88.0,6,36,24,adaptive
1560,S2C,17,3.8456,77.0,6,36,24,adaptive
1560,E2C,14,3.327,197.0,9,36,24,adaptive
1560,W2C,13,3.9137,158.0,9,36,24,adaptive
1561,N2C,16,3.6959,45.0,4,36,24,adaptive
1561,S2C,16,4.1112,39.0,4,36,24,adaptive
1561,E2C,14,3.0025,207.0,10,36,24,adaptive
1561,W2C,13,3.8663,167.0,9,36,24,adaptive
1562,N2C,16,4.1515,32.0,4,36,24,adaptive
1562,S2C,15,4.2114,14.0,2,36,24,adaptive
1562,E2C,14,2.7694,217.0,10,36,24,adaptive
1562,W2C,13,3.5487,176.0,9,36,24,adaptive
1563,N2C,15,5.002,9.0,2,36,24,adaptive
1563,S2C,15,5.1346,1.0,1,36,24,adaptive
1563,E2C,15,3.5626,228.0,11,36,24,adaptive
1563,W2C,14,3.9535,185.0,9,36,24,adaptive
1564,N2C,15,5.6431,0.0,0,36,24,adaptive
1564,S2C,14,5.534,2.0,1,36,24,adaptive
1564,E2C,15,3.1604,239.0,11,36,24,adaptive
1564,W2C,14,3.3774,194.0,9,36,24,adaptive
1565,N2C,13,6.1632,0.0,0,36,24,adaptive
1565,S2C,13,6.1952,0.0,0,36,24,adaptive
1565,E2C,15,2.8566,250.0,11,36,24,adaptive
1565,W2C,14,3.2239,203.0,9,36,24,adaptive
1566,N2C,12,7.3945,0.0,0,36,24,adaptive
1566,S2C,13,7.1229,0.0,0,36,24,adaptive
1566,E2C,15,2.6842,261.0,11,36,24,adaptive
1566,W2C,14,2.8796,213.0,10,36,24,adaptive
1567,N2C,12,8.8625,0.0,0,36,24,adaptive
1567,S2C,12,8.1788,0.0,0,36,24,adaptive
1567,E2C,16,3.2242,272.0,11,36,24,adaptive
1567,W2C,15,3.5017,223.0,10,36,24,adaptive
1568,N2C,11,9.7528,0.0,0,36,24,adaptive
1568,S2C,11,9.0531,0.0,0,36,24,adaptive
1568,E2C,16,3.1254,284.0,12,36,24,adaptive
1568,W2C,15,3.3611,233.0,10,36,24,adaptive
1569,N2C,10,10.3972,0.0,0,36,24,adaptive
1569,S2C,10,10.3005,0.0,0,36,24,adaptive
1569,E2C,16,2.966,296.0,12,36,24,adaptive
1569,W2C,15,3.3022,244.0,11,36,24,adaptive
1570,N2C,8,11.0196,0.0,0,36,24,adaptive
1570,S2C,8,10.9989,0.0,0,36,24,adaptive
1570,E2C,16,2.7118,308.0,12,36,24,adaptive
1570,W2C,15,2.995,255.0,11,36,24,adaptive
1571,N2C,8,11.2122,0.0,0,36,24,adaptive
1571,S2C,8,11.7865,0.0,0,36,24,adaptive
1571,E2C,16,2.5961,320.0,12,36,24,adaptive
1571,W2C,15,2.8371,266.0,11,36,24,adaptive
1572,N2C,7,12.1501,0.0,0,36,24,adaptive
1572,S2C,7,12.4984,0.0,0,36,24,adaptive
1572,E2C,17,2.8259,333.0,13,36,24,adaptive
1572,W2C,16,3.0629,277.0,11,36,24,adaptive
1573,N2C,6,12.6742,0.0,0,36,24,adaptive
1573,S2C,7,12.7868,0.0,0,36,24,adaptive
1573,E2C,17,2.671,346.0,13,36,24,adaptive
1573,W2C,16,2.7138,289.0,12,36,24,adaptive
1574,N2C,5,12.8563,0.0,0,36,24,adaptive
1574,S2C,5,13.1822,0.0,0,36,24,adaptive
1574,E2C,17,2.4059,359.0,13,36,24,adaptive
1574,W2C,16,2.4259,301.0,12,36,24,adaptive
1575,N2C,4,12.8864,0.0,0,36,24,adaptive
1575,S2C,5,13.125,0.0,0,36,24,adaptive
1575,E2C,17,2.2138,372.0,13,36,24,adaptive
1575,W2C,16,2.3665,313.0,12,36,24,adaptive
1576,N2C,4,12.8787,0.0,0,36,24,adaptive
1576,S2C,5,12.4572,0.0,0,36,24,adaptive
1576,E2C,18,2.7337,385.0,13,36,24,adaptive
1576,W2C,17,2.9808,326.0,13,36,24,adaptive
1577,N2C,4,12.8715,0.0,0,36,24,adaptive
1577,S2C,4,12.4714,0.0,0,36,24,adaptive
1577,E2C,18,2.4926,399.0,14,36,24,adaptive
1577,W2C,17,2.8221,339.0,13,36,24,adaptive
1578,N2C,4,13.094,0.0,0,36,24,adaptive
1578,S2C,4,12.291,0.0,0,36,24,adaptive
1578,E2C,18,2.2647,413.0,14,36,24,adaptive
1578,W2C,17,2.6708,352.0,13,36,24,adaptive
1579,N2C,4,12.8857,0.0,0,36,24,adaptive
1579,S2C,4,12.0798,0.0,0,36,24,adaptive
1579,E2C,18,2.085,427.0,14,36,24,adaptive
1579,W2C,17,2.3461,365.0,13,36,24,adaptive
1580,N2C,4,13.1088,0.0,0,36,24,adaptive
1580,S2C,4,12.1955,0.0,0,36,24,adaptive
1580,E2C,18,1.9509,442.0,15,36,24,adaptive
1580,W2C,17,2.2394,378.0,13,36,24,adaptive
1581,N2C,4,13.1046,0.0,0,36,24,adaptive
1581,S2C,4,11.6821,0.0,0,36,24,adaptive
1581,E2C,19,2.6242,457.0,15,36,24,adaptive
1581,W2C,18,2.8441,392.0,14,36,24,adaptive
1582,N2C,4,12.7827,0.0,0,36,24,adaptive
1582,S2C,4,11.7415,0.0,0,36,24,adaptive
1582,E2C,19,2.6037,472.0,15,36,24,adaptive
1582,W2C,18,2.8872,406.0,14,36,24,adaptive
1583,N2C,4,12.6282,0.0,0,36,24,adaptive
1583,S2C,4,11.7766,0.0,0,36,24,adaptive
1583,E2C,19,2.3105,487.0,15,36,24,adaptive
1583,W2C,18,2.7292,420.0,14,36,24,adaptive
1584,N2C,4,12.6768,0.0,0,28,32,adaptive
1584,S2C,4,11.3731,0.0,0,28,32,adaptive
1584,E2C,19,2.3882,502.0,15,28,32,adaptive
1584,W2C,18,2.4933,434.0,14,28,32,adaptive
1585,N2C,4,12.8271,0.0,0,28,32,adaptive
1585,S2C,4,11.7635,0.0,0,28,32,adaptive
1585,E2C,20,2.5945,517.0,15,28,32,adaptive
1585,W2C,19,2.7971,448.0,14,28,32,adaptive
1586,N2C,5,13.3432,0.0,0,28,32,adaptive
1586,S2C,4,11.9281,0.0,0,28,32,adaptive
1586,E2C,20,2.2026,532.0,15,28,32,adaptive
1586,W2C,19,2.4719,463.0,15,28,32,adaptive
1587,N2C,4,13.1619,0.0,0,28,32,adaptive
1587,S2C,4,11.6379,0.0,0,28,32,adaptive
1587,E2C,20,1.9854,547.0,15,28,32,adaptive
1587,W2C,19,2.4852,478.0,15,28,32,adaptive
1588,N2C,4,13.1898,0.0,0,28,32,adaptive
1588,S2C,4,11.8409,0.0,0,28,32,adaptive
1588,E2C,20,1.9642,563.0,16,28,32,adaptive
1588,W2C,19,2.228,493.0,15,28,32,adaptive
1589,N2C,4,13.1714,0.0,0,28,32,adaptive
1589,S2C,4,11.5573,0.0,0,28,32,adaptive
1589,E2C,20,1.8389,580.0,17,28,32,adaptive
1589,W2C,19,1.958,508.0,15,28,32,adaptive
1590,N2C,4,12.9008,0.0,0,28,32,adaptive
1590,S2C,4,11.6663,0.0,0,28,32,adaptive
1590,E2C,21,2.3563,597.0,17,28,32,adaptive
1590,W2C,20,2.1583,524.0,16,28,32,adaptive
1591,N2C,4,13.0439,0.0,0,28,32,adaptive
1591,S2C,4,11.8154,0.0,0,28,32,adaptive
1591,E2C,21,2.1177,614.0,17,28,32,adaptive
1591,W2C,20,1.8344,540.0,16,28,32,adaptive
1592,N2C,4,12.8445,0.0,0,28,32,adaptive
1592,S2C,4,11.8887,0.0,0,28,32,adaptive
1592,E2C,21,2.1705,631.0,17,28,32,adaptive
1592,W2C,20,1.7369,556.0,16,28,32,adaptive
1593,N2C,4,13.0644,0.0,0,28,32,adaptive
1593,S2C,4,11.8265,0.0,0,28,32,adaptive
1593,E2C,21,1.971,648.0,17,28,32,adaptive
1593,W2C,20,1.8321,573.0,17,28,32,adaptive
1594,N2C,4,13.0124,0.0,0,28,32,adaptive
1594,S2C,5,12.2535,0.0,0,28,32,adaptive
1594,E2C,22,2.2394,665.0,17,28,32,adaptive
1594,W2C,21,2.176,590.0,17,28,32,adaptive
1595,N2C,4,12.8164,0.0,0,28,32,adaptive
1595,S2C,5,11.8205,0.0,0,28,32,adaptive
1595,E2C,22,1.913,683.0,18,28,32,adaptive
1595,W2C,21,2.0373,607.0,17,28,32,adaptive
1596,N2C,4,12.9331,0.0,0,28,32,adaptive
1596,S2C,5,11.9551,0.0,0,28,32,adaptive
1596,E2C,22,1.7348,701.0,18,28,32,adaptive
1596,W2C,21,1.8731,624.0,17,28,32,adaptive
1597,N2C,4,12.835,0.0,0,28,32,adaptive
1597,S2C,5,11.9859,0.0,0,28,32,adaptive
1597,E2C,22,1.7029,719.0,18,28,32,adaptive
1597,W2C,21,1.6249,642.0,18,28,32,adaptive
1598,N2C,4,12.8988,0.0,0,28,32,adaptive
1598,S2C,5,12.5366,0.0,0,28,32,adaptive
1598,E2C,22,1.4879,738.0,19,28,32,adaptive
1598,W2C,21,1.4351,660.0,18,28,32,adaptive
1599,N2C,5,12.6222,0.0,0,28,32,adaptive
1599,S2C,6,12.3445,0.0,0,28,32,adaptive
1599,E2C,23,1.8186,757.0,19,28,32,adaptive
1599,W2C,22,1.921,678.0,18,28,32,adaptive
1600,N2C,4,12.8977,0.0,0,28,32,adaptive
1600,S2C,6,12.4037,0.0,0,28,32,adaptive
1600,E2C,23,1.6824,776.0,19,28,32,adaptive
1600,W2C,22,1.6482,696.0,18,28,32,adaptive
1601,N2C,4,12.8971,0.0,0,28,32,adaptive
1601,S2C,6,12.0663,0.0,0,28,32,adaptive
1601,E2C,23,1.6524,795.0,19,28,32,adaptive
1601,W2C,22,1.5815,715.0,19,28,32,adaptive
1602,N2C,4,12.8297,0.0,0,28,32,adaptive
1602,S2C,4,12.3371,0.0,0,28,32,adaptive
1602,E2C,23,1.6431,814.0,19,28,32,adaptive
1602,W2C,22,1.6485,734.0,19,28,32,adaptive
1603,N2C,5,13.0528,0.0,0,28,32,adaptive
1603,S2C,5,12.6821,0.0,0,28,32,adaptive
1603,E2C,24,2.1528,834.0,20,28,32,adaptive
1603,W2C,23,2.0848,753.0,19,28,32,adaptive
1604,N2C,4,12.6387,0.0,0,28,32,adaptive
1604,S2C,4,12.9086,0.0,0,28,32,adaptive
1604,E2C,24,2.0277,854.0,20,28,32,adaptive
1604,W2C,23,2.0733,772.0,19,28,32,adaptive
1605,N2C,4,12.8502,0.0,0,28,32,adaptive
1605,S2C,4,12.917,0.0,0,28,32,adaptive
1605,E2C,24,1.8509,874.0,20,28,32,adaptive
1605,W2C,23,2.0322,791.0,19,28,32,adaptive
1606,N2C,4,12.6246,0.0,0,28,32,adaptive
1606,S2C,4,13.1228,0.0,0,28,32,adaptive
1606,E2C,24,1.6157,894.0,20,28,32,adaptive
1606,W2C,23,1.9432,810.0,19,28,32,adaptive
1607,N2C,4,12.7132,0.0,0,28,32,adaptive
1607,S2C,4,13.0287,0.0,0,28,32,adaptive
1607,E2C,24,1.3607,914.0,20,28,32,adaptive
1607,W2C,23,1.7414,829.0,19,28,32,adaptive
1608,N2C,5,12.8704,0.0,0,28,32,adaptive
1608,S2C,4,12.8495,0.0,0,28,32,adaptive
1608,E2C,25,1.6822,935.0,21,28,32,adaptive
1608,W2C,24,1.9835,848.0,19,28,32,adaptive
1609,N2C,5,12.8491,0.0,0,28,32,adaptive
1609,S2C,4,12.5613,0.0,0,28,32,adaptive
1609,E2C,25,1.587,956.0,21,28,32,adaptive
1609,W2C,24,1.7629,867.0,19,28,32,adaptive
1610,N2C,4,13.1031,0.0,0,28,32,adaptive
1610,S2C,4,12.4854,0.0,0,28,32,adaptive
1610,E2C,25,1.5345,977.0,21,28,32,adaptive
1610,W2C,24,1.5945,887.0,20,28,32,adaptive
1611,N2C,4,13.0393,0.0,0,28,32,adaptive
1611,S2C,4,12.4795,0.0,0,28,32,adaptive
1611,E2C,25,1.3727,999.0,22,28,32,adaptive
1611,W2C,24,1.5159,907.0,20,28,32,adaptive
1612,N2C,5,12.9809,0.0,0,28,32,adaptive
1612,S2C,4,12.409,0.0,0,28,32,adaptive
1612,E2C,26,1.6805,1021.0,22,28,32,adaptive
1612,W2C,25,1.8058,927.0,20,28,32,adaptive
1613,N2C,4,12.9893,0.0,0,28,32,adaptive
1613,S2C,4,12.3309,0.0,0,28,32,adaptive
1613,E2C,26,1.4903,1043.0,22,28,32,adaptive
1613,W2C,25,1.5529,948.0,21,28,32,adaptive
1614,N2C,4,12.9513,0.0,0,28,32,adaptive
1614,S2C,4,12.5619,0.0,0,28,32,adaptive
1614,E2C,26,1.4986,1065.0,22,28,32,adaptive
1614,W2C,25,1.5266,969.0,21,28,32,adaptive
1615,N2C,4,12.6804,0.0,0,28,32,adaptive
1615,S2C,4,12.3639,0.0,0,28,32,adaptive
1615,E2C,26,1.3323,1088.0,23,28,32,adaptive
1615,W2C,25,1.5158,990.0,21,28,32,adaptive
1616,N2C,4,12.4038,0.0,0,28,32,adaptive
1616,S2C,4,12.1311,0.0,0,28,32,adaptive
1616,E2C,24,1.2982,928.0,21,28,32,adaptive
1616,W2C,23,1.5695,834.0,20,28,32,adaptive
1617,N2C,5,11.9109,0.0,0,28,32,adaptive
1617,S2C,5,11.9431,0.0,0,28,32,adaptive
1617,E2C,25,1.6473,777.0,19,28,32,adaptive
1617,W2C,24,1.8939,690.0,18,28,32,adaptive
1618,N2C,5,11.1703,0.0,0,28,32,adaptive
1618,S2C,5,11.2555,0.0,0,28,32,adaptive
1618,E2C,25,1.8253,643.0,17,28,32,adaptive
1618,W2C,24,1.9626,565.0,16,28,32,adaptive
1619,N2C,5,10.3363,1.0,1,28,32,adaptive
1619,S2C,5,10.3026,0.0,0,28,32,adaptive
1619,E2C,23,1.7278,519.0,16,28,32,adaptive
1619,W2C,23,2.0065,449.0,14,28,32,adaptive
1620,N2C,5,10.3013,2.0,1,28,32,adaptive
1620,S2C,5,10.3026,0.0,0,28,32,adaptive
1620,E2C,23,1.8975,408.0,14,28,32,adaptive
1620,W2C,22,2.1183,348.0,13,28,32,adaptive
1621,N2C,6,10.0202,3.0,1,28,32,adaptive
1621,S2C,6,10.603,0.0,0,28,32,adaptive
1621,E2C,24,2.6005,309.0,12,28,32,adaptive
1621,W2C,23,2.865,259.0,11,28,32,adaptive
1622,N2C,6,9.1646,4.0,1,28,32,adaptive
1622,S2C,6,9.5817,1.0,1,28,32,adaptive
1622,E2C,22,2.4816,224.0,10,28,32,adaptive
1622,W2C,21,2.8254,181.0,9,28,32,adaptive
1623,N2C,6,8.6216,5.0,1,28,32,adaptive
1623,S2C,6,9.1864,2.0,1,28,32,adaptive
1623,E2C,22,2.9408,155.0,9,28,32,adaptive
1623,W2C,21,3.1372,152.0,8,28,32,adaptive
1624,N2C,6,8.6199,7.0,2,28,32,adaptive
1624,S2C,6,8.5189,3.0,1,28,32,adaptive
1624,E2C,20,2.7075,128.0,8,28,32,adaptive
1624,W2C,19,3.0076,98.0,7,28,32,adaptive
1625,N2C,6,7.9911,9.0,2,28,32,adaptive
1625,S2C,6,8.4708,4.0,1,28,32,adaptive
1625,E2C,20,3.3149,77.0,6,28,32,adaptive
1625,W2C,19,3.5806,72.0,6,28,32,adaptive
1626,N2C,7,8.1304,11.0,2,28,32,adaptive
1626,S2C,7,9.1476,6.0,2,28,32,adaptive
1626,E2C,20,4.044,60.0,6,28,32,adaptive
1626,W2C,18,4.1884,38.0,4,28,32,adaptive
1627,N2C,7,7.5573,13.0,2,28,32,adaptive
1627,S2C,7,8.5552,8.0,2,28,32,adaptive
1627,E2C,19,4.5732,29.0,4,28,32,adaptive
1627,W2C,18,4.9697,12.0,2,28,32,adaptive
1628,N2C,7,7.5136,15.0,2,28,32,adaptive
1628,S2C,7,8.0933,10.0,2,28,32,adaptive
1628,E2C,17,4.9597,9.0,2,28,32,adaptive
1628,W2C,16,5.4026,10.0,2,28,32,adaptive
1629,N2C,7,7.466,18.0,3,28,32,adaptive
1629,S2C,7,7.1476,12.0,2,28,32,adaptive
1629,E2C,16,5.5275,0.0,0,28,32,adaptive
1629,W2C,16,6.2324,2.0,1,28,32,adaptive
1630,N2C,8,7.8552,21.0,3,28,32,adaptive
1630,S2C,8,8.0295,15.0,3,28,32,adaptive
1630,E2C,16,6.7598,0.0,0,28,32,adaptive
1630,W2C,15,7.2437,0.0,0,28,32,adaptive
1631,N2C,8,7.6177,24.0,3,28,32,adaptive
1631,S2C,8,7.3589,18.0,3,28,32,adaptive
1631,E2C,15,7.2445,0.0,0,28,32,adaptive
1631,W2C,15,8.1156,0.0,0,28,32,adaptive
1632,N2C,8,7.0615,27.0,3,28,32,adaptive
1632,S2C,8,6.779,21.0,3,28,32,adaptive
1632,E2C,14,8.0319,0.0,0,28,32,adaptive
1632,W2C,13,8.4676,0.0,0,28,32,adaptive
1633,N2C,8,6.5572,30.0,3,28,32,adaptive
1633,S2C,8,6.3142,24.0,3,28,32,adaptive
1633,E2C,13,8.4134,0.0,0,28,32,adaptive
1633,W2C,12,8.7586,0.0,0,28,32,adaptive
1634,N2C,8,5.9435,33.0,3,28,32,adaptive
1634,S2C,8,5.8988,28.0,4,28,32,adaptive
1634,E2C,12,9.0333,0.0,0,28,32,adaptive
1634,W2C,11,9.5478,0.0,0,28,32,adaptive
1635,N2C,9,6.4652,37.0,4,28,32,adaptive
1635,S2C,9,6.0741,32.0,4,28,32,adaptive
1635,E2C,12,10.3238,0.0,0,28,32,adaptive
1635,W2C,11,10.4533,0.0,0,28,32,adaptive
1636,N2C,9,5.9438,41.0,4,28,32,adaptive
1636,S2C,9,5.9206,36.0,4,28,32,adaptive
1636,E2C,11,10.8592,0.0,0,28,32,adaptive
1636,W2C,10,10.9361,0.0,0,28,32,adaptive
1637,N2C,9,5.6934,46.0,5,28,32,adaptive
1637,S2C,9,5.549,40.0,4,28,32,adaptive
1637,E2C,10,11.3454,0.0,0,28,32,adaptive
1637,W2C,9,10.9453,0.0,0,28,32,adaptive
1638,N2C,9,5.039,51.0,5,28,32,adaptive
1638,S2C,9,5.1227,45.0,5,28,32,adaptive
1638,E2C,9,11.9147,0.0,0,28,32,adaptive
1638,W2C,8,11.4504,0.0,0,28,32,adaptive
1639,N2C,10,5.5051,56.0,5,28,32,adaptive
1639,S2C,10,5.751,50.0,5,28,32,adaptive
1639,E2C,8,12.2991,0.0,0,28,32,adaptive
1639,W2C,8,12.0857,0.0,0,28,32,adaptive
1640,N2C,10,5.2528,61.0,5,28,32,adaptive
1640,S2C,10,5.314,55.0,5,28,32,adaptive
1640,E2C,8,12.2609,0.0,0,28,32,adaptive
1640,W2C,7,12.1083,0.0,0,28,32,adaptive
1641,N2C,10,5.286,66.0,5,28,32,adaptive
1641,S2C,10,5.2193,61.0,6,28,32,adaptive
1641,E2C,6,12.3788,0.0,0,28,32,adaptive
1641,W2C,6,11.632,0.0,0,28,32,adaptive
1642,N2C,10,4.7981,71.0,5,28,32,adaptive
1642,S2C,10,4.8759,67.0,6,28,32,adaptive
1642,E2C,5,12.462,0.0,0,28,32,adaptive
1642,W2C,5,12.4488,0.0,0,28,32,adaptive
1643,N2C,10,4.4855,77.0,6,28,32,adaptive
1643,S2C,10,4.3357,73.0,6,28,32,adaptive
1643,E2C,4,12.9347,0.0,0,28,32,adaptive
1643,W2C,4,12.6597,0.0,0,28,32,adaptive
1644,N2C,11,4.814,83.0,6,28,32,adaptive
1644,S2C,11,4.9735,80.0,7,28,32,adaptive
1644,E2C,5,13.2129,0.0,0,28,32,adaptive
1644,W2C,4,13.2539,0.0,0,28,32,adaptive
1645,N2C,11,4.6081,89.0,6,28,32,adaptive
1645,S2C,11,4.8464,87.0,7,28,32,adaptive
1645,E2C,5,13.2238,0.0,0,28,32,adaptive
1645,W2C,4,12.8281,0.0,0,28,32,adaptive
1646,N2C,11,4.2879,96.0,7,28,32,adaptive
1646,S2C,11,4.4657,94.0,7,28,32,adaptive
1646,E2C,4,13.2608,0.0,0,28,32,adaptive
1646,W2C,4,12.9211,0.0,0,28,32,adaptive
1647,N2C,11,3.7885,103.0,7,28,32,adaptive
1647,S2C,11,4.0212,101.0,7,28,32,adaptive
1647,E2C,4,12.8597,0.0,0,28,32,adaptive
1647,W2C,4,12.9595,0.0,0,28,32,adaptive
1648,N2C,12,4.3227,110.0,7,28,32,adaptive
1648,S2C,12,4.55,108.0,7,28,32,adaptive
1648,E2C,5,12.3432,0.0,0,28,32,adaptive
1648,W2C,5,12.2997,0.0,0,28,32,adaptive
1649,N2C,10,5.1615,61.0,6,28,32,adaptive
1649,S2C,10,5.2572,63.0,5,28,32,adaptive
1649,E2C,5,11.0682,0.0,0,28,32,adaptive
1649,W2C,5,11.2981,0.0,0,28,32,adaptive
1650,N2C,10,5.1026,29.0,4,32,28,adaptive
1650,S2C,10,5.2691,31.0,4,32,28,adaptive
1650,E2C,5,10.5444,0.0,0,32,28,adaptive
1650,W2C,5,10.4732,0.0,0,32,28,adaptive
1651,N2C,10,5.3565,9.0,2,32,28,adaptive
1651,S2C,10,5.412,10.0,2,32,28,adaptive
1651,E2C,5,10.5236,0.0,0,32,28,adaptive
1651,W2C,5,10.3392,1.0,1,32,28,adaptive
1652,N2C,8,5.9751,0.0,0,32,28,adaptive
1652,S2C,9,5.8865,0.0,0,32,28,adaptive
1652,E2C,5,10.1036,0.0,0,32,28,adaptive
1652,W2C,5,9.8136,2.0,1,32,28,adaptive
1653,N2C,9,6.9802,0.0,0,32,28,adaptive
1653,S2C,9,7.3275,0.0,0,32,28,adaptive
1653,E2C,6,10.0321,1.0,1,32,28,adaptive
1653,W2C,6,10.0808,3.0,1,32,28,adaptive
1654,N2C,9,7.655,0.0,0,32,28,adaptive
1654,S2C,9,7.8228,0.0,0,32,28,adaptive
1654,E2C,6,9.204,2.0,1,32,28,adaptive
1654,W2C,6,9.0224,4.0,1,32,28,adaptive
1655,N2C,7,8.67,0.0,0,32,28,adaptive
1655,S2C,7,8.4869,0.0,0,32,28,adaptive
1655,E2C,6,8.5128,3.0,1,32,28,adaptive
1655,W2C,6,8.5107,5.0,1,32,28,adaptive
1656,N2C,7,9.3589,0.0,0,32,28,adaptive
1656,S2C,7,9.2077,0.0,0,32,28,adaptive
1656,E2C,6,7.7559,4.0,1,32,28,adaptive
1656,W2C,6,8.4802,7.0,2,32,28,adaptive
1657,N2C,6,11.1447,0.0,0,32,28,adaptive
1657,S2C,6,11.2497,0.0,0,32,28,adaptive
1657,E2C,7,8.183,5.0,1,32,28,adaptive
1657,W2C,6,8.5523,9.0,2,32,28,adaptive
1658,N2C,6,11.4255,0.0,0,32,28,adaptive
1658,S2C,6,11.6318,0.0,0,32,28,adaptive
1658,E2C,7,7.5973,7.0,2,32,28,adaptive
1658,W2C,7,8.823,11.0,2,32,28,adaptive
1659,N2C,4,12.4918,0.0,0,32,28,adaptive
1659,S2C,4,13.2172,0.0,0,32,28,adaptive
1659,E2C,7,7.3972,9.0,2,32,28,adaptive
1659,W2C,7,8.0647,13.0,2,32,28,adaptive
1660,N2C,4,12.377,0.0,0,32,28,adaptive
1660,S2C,4,13.0926,0.0,0,32,28,adaptive
1660,E2C,7,7.3637,11.0,2,32,28,adaptive
1660,W2C,7,7.3292,16.0,3,32,28,adaptive
1661,N2C,4,12.3528,0.0,0,32,28,adaptive
1661,S2C,4,13.2064,0.0,0,32,28,adaptive
1661,E2C,7,6.9137,13.0,2,32,28,adaptive
1661,W2C,7,6.8014,19.0,3,32,28,adaptive
1662,N2C,5,12.7324,0.0,0,32,28,adaptive
1662,S2C,4,12.9629,0.0,0,32,28,adaptive
1662,E2C,8,7.0965,16.0,3,32,28,adaptive
1662,W2C,8,7.5285,22.0,3,32,28,adaptive
1663,N2C,5,12.7319,0.0,0,32,28,adaptive
1663,S2C,4,12.8927,0.0,0,32,28,adaptive
1663,E2C,8,6.4927,19.0,3,32,28,adaptive
1663,W2C,8,6.8518,25.0,3,32,28,adaptive
1664,N2C,5,12.4485,0.0,0,32,28,adaptive
1664,S2C,4,13.3121,0.0,0,32,28,adaptive
1664,E2C,8,6.3254,22.0,3,32,28,adaptive
1664,W2C,8,6.3219,28.0,3,32,28,adaptive
1665,N2C,4,12.9423,0.0,0,32,28,adaptive
1665,S2C,4,13.1327,0.0,0,32,28,adaptive
1665,E2C,8,5.7281,26.0,4,32,28,adaptive
1665,W2C,8,5.6458,31.0,3,32,28,adaptive
1666,N2C,5,13.3166,0.0,0,32,28,adaptive
1666,S2C,4,13.444,0.0,0,32,28,adaptive
1666,E2C,9,5.7432,30.0,4,32,28,adaptive
1666,W2C,9,6.1599,34.0,3,32,28,adaptive
1667,N2C,4,12.8231,0.0,0,32,28,adaptive
1667,S2C,4,12.7156,0.0,0,32,28,adaptive
1667,E2C,9,5.5538,34.0,4,32,28,adaptive
1667,W2C,9,5.7269,38.0,4,32,28,adaptive
1668,N2C,4,12.941,0.0,0,32,28,adaptive
1668,S2C,4,12.9178,0.0,0,32,28,adaptive
1668,E2C,9,5.3401,39.0,5,32,28,adaptive
1668,W2C,9,5.7389,43.0,5,32,28,adaptive
1669,N2C,4,12.7469,0.0,0,32,28,adaptive
1669,S2C,4,13.1921,0.0,0,32,28,adaptive
1669,E2C,9,5.5869,44.0,5,32,28,adaptive
1669,W2C,9,5.4365,48.0,5,32,28,adaptive
1670,N2C,4,13.0179,0.0,0,32,28,adaptive
1670,S2C,4,12.9102,0.0,0,32,28,adaptive
1670,E2C,9,5.4781,49.0,5,32,28,adaptive
1670,W2C,9,4.9959,53.0,5,32,28,adaptive
1671,N2C,5,12.7221,0.0,0,32,28,adaptive
1671,S2C,5,13.1026,0.0,0,32,28,adaptive
1671,E2C,10,6.1759,54.0,5,32,28,adaptive
1671,W2C,10,5.4217,58.0,5,32,28,adaptive
1672,N2C,5,12.775,0.0,0,32,28,adaptive
1672,S2C,4,13.3237,0.0,0,32,28,adaptive
1672,E2C,10,5.635,59.0,5,32,28,adaptive
1672,W2C,10,5.2264,63.0,5,32,28,adaptive
1673,N2C,4,12.7102,0.0,0,32,28,adaptive
1673,S2C,4,12.9767,0.0,0,32,28,adaptive
1673,E2C,10,4.9026,64.0,5,32,28,adaptive
1673,W2C,10,5.2378,69.0,6,32,28,adaptive
1674,N2C,4,13.0451,0.0,0,32,28,adaptive
1674,S2C,4,12.9615,0.0,0,32,28,adaptive
1674,E2C,10,4.1577,69.0,5,32,28,adaptive
1674,W2C,10,4.7054,75.0,6,32,28,adaptive
1675,N2C,4,13.1298,0.0,0,32,28,adaptive
1675,S2C,4,13.305,0.0,0,32,28,adaptive
1675,E2C,11,4.7368,74.0,5,32,28,adaptive
1675,W2C,11,5.1472,81.0,6,32,28,adaptive
1676,N2C,4,13.0168,0.0,0,32,28,adaptive
1676,S2C,4,13.1507,0.0,0,32,28,adaptive
1676,E2C,11,4.5977,81.0,7,32,28,adaptive
1676,W2C,11,4.5905,87.0,6,32,28,adaptive
1677,N2C,4,13.3399,0.0,0,32,28,adaptive
1677,S2C,4,13.372,0.0,0,32,28,adaptive
1677,E2C,11,4.4545,88.0,7,32,28,adaptive
1677,W2C,11,4.6177,93.0,6,32,28,adaptive
1678,N2C,4,12.769,0.0,0,32,28,adaptive
1678,S2C,4,13.1667,0.0,0,32,28,adaptive
1678,E2C,11,4.1145,95.0,7,32,28,adaptive
1678,W2C,11,4.5489,99.0,6,32,28,adaptive
1679,N2C,4,12.9904,0.0,0,32,28,adaptive
1679,S2C,4,12.9635,0.0,0,32,28,adaptive
1679,E2C,11,3.7329,102.0,7,32,28,adaptive
1679,W2C,11,4.6084,106.0,7,32,28,adaptive
1680,N2C,4,13.0078,0.0,0,32,28,adaptive
1680,S2C,4,12.9396,0.0,0,32,28,adaptive
1680,E2C,12,4.2156,109.0,7,32,28,adaptive
1680,W2C,12,4.8797,113.0,7,32,28,adaptive
1681,N2C,4,12.8229,0.0,0,32,28,adaptive
1681,S2C,4,13.1115,0.0,0,32,28,adaptive
1681,E2C,12,4.1498,116.0,7,32,28,adaptive
1681,W2C,12,4.3383,120.0,7,32,28,adaptive
1682,N2C,4,12.7678,0.0,0,32,28,adaptive
1682,S2C,4,13.0652,0.0,0,32,28,adaptive
1682,E2C,12,3.974,123.0,7,32,28,adaptive
1682,W2C,12,3.8547,128.0,8,32,28,adaptive
1683,N2C,4,12.204,0.0,0,32,28,adaptive
1683,S2C,4,12.7525,0.0,0,32,28,adaptive
1683,E2C,12,3.9649,131.0,8,32,28,adaptive
1683,W2C,12,3.526,136.0,8,32,28,adaptive
1684,N2C,5,11.8815,0.0,0,32,28,adaptive
1684,S2C,5,12.7385,0.0,0,32,28,adaptive
1684,E2C,13,4.7716,139.0,8,32,28,adaptive
1684,W2C,13,4.0011,144.0,8,32,28,adaptive
1685,N2C,5,11.0399,0.0,0,32,28,adaptive
1685,S2C,5,11.9914,0.0,0,32,28,adaptive
1685,E2C,13,4.6816,147.0,8,32,28,adaptive
1685,W2C,13,4.0228,153.0,9,32,28,adaptive
1686,N2C,5,10.2203,0.0,0,32,28,adaptive
1686,S2C,5,11.3839,0.0,0,32,28,adaptive
1686,E2C,11,5.0195,92.0,6,32,28,adaptive
1686,W2C,11,4.3995,95.0,7,32,28,adaptive
1687,N2C,5,10.3907,1.0,1,32,28,adaptive
1687,S2C,5,10.7593,1.0,1,32,28,adaptive
1687,E2C,11,4.5813,49.0,4,32,28,adaptive
1687,W2C,11,4.4043,53.0,5,32,28,adaptive
1688,N2C,5,10.2092,2.0,1,32,28,adaptive
1688,S2C,5,9.8947,2.0,1,32,28,adaptive
1688,E2C,11,4.6278,19.0,2,32,28,adaptive
1688,W2C,11,4.564,21.0,3,32,28,adaptive
1689,N2C,6,10.4123,3.0,1,32,28,adaptive
1689,S2C,6,10.3367,3.0,1,32,28,adaptive
1689,E2C,10,5.9214,1.0,1,32,28,adaptive
1689,W2C,10,5.9856,5.0,1,32,28,adaptive
1690,N2C,6,10.1378,4.0,1,32,28,adaptive
1690,S2C,6,9.5161,4.0,1,32,28,adaptive
1690,E2C,10,6.3723,0.0,0,32,28,adaptive
1690,W2C,10,6.5202,0.0,0,32,28,adaptive
1691,N2C,6,9.2938,5.0,1,32,28,adaptive
1691,S2C,6,9.0234,5.0,1,32,28,adaptive
1691,E2C,9,6.7923,0.0,0,32,28,adaptive
1691,W2C,9,6.9267,0.0,0,32,28,adaptive
1692,N2C,6,8.0132,6.0,1,32,28,adaptive
1692,S2C,6,8.0378,7.0,2,32,28,adaptive
1692,E2C,8,7.1021,0.0,0,32,28,adaptive
1692,W2C,8,7.3219,0.0,0,32,28,adaptive
1693,N2C,7,8.0664,7.0,1,32,28,adaptive
1693,S2C,7,8.3138,9.0,2,32,28,adaptive
1693,E2C,9,8.8925,0.0,0,32,28,adaptive
1693,W2C,9,9.1345,0.0,0,32,28,adaptive
1694,N2C,7,7.4678,9.0,2,32,28,adaptive
1694,S2C,7,7.9292,11.0,2,32,28,adaptive
1694,E2C,7,9.8929,0.0,0,32,28,adaptive
1694,W2C,7,10.0196,0.0,0,32,28,adaptive
1695,N2C,7,7.4761,11.0,2,32,28,adaptive
1695,S2C,7,7.4672,13.0,2,32,28,adaptive
1695,E2C,7,10.7338,0.0,0,32,28,adaptive
1695,W2C,7,10.7607,0.0,0,32,28,adaptive
1696,N2C,7,7.3993,13.0,2,32,28,adaptive
1696,S2C,7,7.5973,16.0,3,32,28,adaptive
1696,E2C,5,11.9453,0.0,0,32,28,adaptive
1696,W2C,5,12.0839,0.0,0,32,28,adaptive
1697,N2C,7,7.3787,16.0,3,32,28,adaptive
1697,S2C,7,7.0287,19.0,3,32,28,adaptive
1697,E2C,5,11.9711,0.0,0,32,28,adaptive
1697,W2C,4,12.7609,0.0,0,32,28,adaptive
1698,N2C,8,7.9939,19.0,3,32,28,adaptive
1698,S2C,8,7.3016,22.0,3,32,28,adaptive
1698,E2C,5,12.7849,0.0,0,32,28,adaptive
1698,W2C,5,12.7086,0.0,0,32,28,adaptive
1699,N2C,8,7.2486,22.0,3,32,28,adaptive
1699,S2C,8,6.8833,25.0,3,32,28,adaptive
1699,E2C,5,12.7405,0.0,0,32,28,adaptive
1699,W2C,5,12.4796,0.0,0,32,28,adaptive
1700,N2C,8,6.5049,25.0,3,32,28,adaptive
1700,S2C,8,6.4021,29.0,4,32,28,adaptive
1700,E2C,4,12.9643,0.0,0,32,28,adaptive
1700,W2C,4,12.9544,0.0,0,32,28,adaptive
1701,N2C,8,5.8401,29.0,4,32,28,adaptive
1701,S2C,8,5.682,33.0,4,32,28,adaptive
1701,E2C,4,12.8874,0.0,0,32,28,adaptive
1701,W2C,4,12.6362,0.0,0,32,28,adaptive
1702,N2C,9,6.1906,33.0,4,32,28,adaptive
1702,S2C,9,6.2935,37.0,4,32,28,adaptive
1702,E2C,4,12.279,0.0,0,32,28,adaptive
1702,W2C,4,12.8975,0.0,0,32,28,adaptive
1703,N2C,9,5.8883,38.0,5,32,28,adaptive
1703,S2C,9,5.8837,42.0,5,32,28,adaptive
1703,E2C,4,11.9398,0.0,0,32,28,adaptive
1703,W2C,4,12.6471,0.0,0,32,28,adaptive
1704,N2C,9,5.7112,43.0,5,32,28,adaptive
1704,S2C,9,5.7736,47.0,5,32,28,adaptive
1704,E2C,4,12.4103,0.0,0,32,28,adaptive
1704,W2C,4,12.6798,0.0,0,32,28,adaptive
1705,N2C,9,5.8254,48.0,5,32,28,adaptive
1705,S2C,9,5.5079,52.0,5,32,28,adaptive
1705,E2C,4,12.3773,0.0,0,32,28,adaptive
1705,W2C,4,12.7048,0.0,0,32,28,adaptive
1706,N2C,9,5.5204,53.0,5,32,28,adaptive
1706,S2C,9,5.0709,57.0,5,32,28,adaptive
1706,E2C,4,12.2359,0.0,0,32,28,adaptive
1706,W2C,4,12.9099,0.0,0,32,28,adaptive
1707,N2C,10,5.9032,58.0,5,32,28,adaptive
1707,S2C,10,5.3578,62.0,5,32,28,adaptive
1707,E2C,5,12.6393,0.0,0,32,28,adaptive
1707,W2C,5,13.0102,0.0,0,32,28,adaptive
1708,N2C,10,5.3584,63.0,5,32,28,adaptive
1708,S2C,10,5.0151,67.0,5,32,28,adaptive
1708,E2C,5,12.2912,0.0,0,32,28,adaptive
1708,W2C,4,12.9888,0.0,0,32,28,adaptive
1709,N2C,10,4.7995,69.0,6,32,28,adaptive
1709,S2C,10,4.7204,72.0,5,32,28,adaptive
1709,E2C,4,12.6369,0.0,0,32,28,adaptive
1709,W2C,4,12.6474,0.0,0,32,28,adaptive
1710,N2C,10,4.3626,75.0,6,32,28,adaptive
1710,S2C,10,4.2813,78.0,6,32,28,adaptive
1710,E2C,4,12.3661,0.0,0,32,28,adaptive
1710,W2C,4,12.7843,0.0,0,32,28,adaptive
1711,N2C,11,4.886,81.0,6,32,28,adaptive
1711,S2C,11,4.9272,84.0,6,32,28,adaptive
1711,E2C,3,12.581,0.0,0,32,28,adaptive
1711,W2C,3,12.6989,0.0,0,32,28,adaptive
1712,N2C,11,4.6264,87.0,6,32,28,adaptive
1712,S2C,11,4.663,91.0,7,32,28,adaptive
1712,E2C,4,12.6287,0.0,0,32,28,adaptive
1712,W2C,4,12.4237,0.0,0,32,28,adaptive
1713,N2C,11,4.6701,94.0,7,32,28,adaptive
1713,S2C,11,4.7451,98.0,7,32,28,adaptive
1713,E2C,4,12.4395,0.0,0,32,28,adaptive
1713,W2C,4,12.1743,0.0,0,32,28,adaptive
1714,N2C,11,4.2766,101.0,7,32,28,adaptive
1714,S2C,11,4.2771,105.0,7,32,28,adaptive
1714,E2C,4,12.3282,0.0,0,32,28,adaptive
1714,W2C,4,12.3973,0.0,0,32,28,adaptive
1715,N2C,11,3.9036,108.0,7,32,28,adaptive
1715,S2C,11,3.8796,112.0,7,32,28,adaptive
1715,E2C,4,12.5126,0.0,0,32,28,adaptive
1715,W2C,4,12.3236,0.0,0,32,28,adaptive
1716,N2C,12,4.4385,116.0,8,35,25,adaptive
1716,S2C,12,4.3404,119.0,7,35,25,adaptive
1716,E2C,4,12.6109,0.0,0,35,25,adaptive
1716,W2C,5,12.412,0.0,0,35,25,adaptive
1717,N2C,12,4.2917,124.0,8,35,25,adaptive
1717,S2C,12,4.3114,126.0,7,35,25,adaptive
1717,E2C,4,12.1105,0.0,0,35,25,adaptive
1717,W2C,5,12.2138,0.0,0,35,25,adaptive
1718,N2C,12,4.0414,132.0,8,35,25,adaptive
1718,S2C,12,3.8715,134.0,8,35,25,adaptive
1718,E2C,4,12.6455,0.0,0,35,25,adaptive
1718,W2C,5,12.0581,0.0,0,35,25,adaptive
1719,N2C,12,3.6145,140.0,8,35,25,adaptive
1719,S2C,12,3.5265,142.0,8,35,25,adaptive
1719,E2C,4,12.6639,0.0,0,35,25,adaptive
1719,W2C,5,10.4978,0.0,0,35,25,adaptive
1720,N2C,13,4.0045,148.0,8,35,25,adaptive
1720,S2C,13,4.0251,150.0,8,35,25,adaptive
1720,E2C,5,12.6015,0.0,0,35,25,adaptive
1720,W2C,6,9.7252,0.0,0,35,25,adaptive
1721,N2C,13,3.9277,157.0,9,35,25,adaptive
1721,S2C,13,3.9958,159.0,9,35,25,adaptive
1721,E2C,5,12.8762,0.0,0,35,25,adaptive
1721,W2C,6,8.9049,0.0,0,35,25,adaptive
1722,N2C,13,3.6826,166.0,9,35,25,adaptive
1722,S2C,13,3.9589,168.0,9,35,25,adaptive
1722,E2C,5,12.6056,0.0,0,35,25,adaptive
1722,W2C,6,8.2623,0.0,0,35,25,adaptive
1723,N2C,13,3.3939,175.0,9,35,25,adaptive
1723,S2C,13,4.0382,177.0,9,35,25,adaptive
1723,E2C,5,12.6454,0.0,0,35,25,adaptive
1723,W2C,6,8.1968,2.0,2,35,25,adaptive
1724,N2C,13,3.203,184.0,9,35,25,adaptive
1724,S2C,13,3.7302,186.0,9,35,25,adaptive
1724,E2C,5,12.646,0.0,0,35,25,adaptive
1724,W2C,6,7.494,4.0,2,35,25,adaptive
1725,N2C,14,3.6152,193.0,9,35,25,adaptive
1725,S2C,14,4.0876,195.0,9,35,25,adaptive
1725,E2C,6,11.1498,0.0,0,35,25,adaptive
1725,W2C,7,7.8996,6.0,2,35,25,adaptive
1726,N2C,14,3.3576,202.0,9,35,25,adaptive
1726,S2C,14,3.4668,204.0,9,35,25,adaptive
1726,E2C,6,9.7193,0.0,0,35,25,adaptive
1726,W2C,7,7.0946,8.0,2,35,25,adaptive
1727,N2C,14,3.0242,212.0,10,35,25,adaptive
1727,S2C,14,3.0881,213.0,9,35,25,adaptive
1727,E2C,6,8.9552,1.0,1,35,25,adaptive
1727,W2C,7,6.7977,10.0,2,35,25,adaptive
1728,N2C,14,2.8347,222.0,10,35,25,adaptive
1728,S2C,14,2.821,223.0,10,35,25,adaptive
1728,E2C,6,8.8353,3.0,2,35,25,adaptive
1728,W2C,7,6.9185,13.0,3,35,25,adaptive
1729,N2C,15,3.3083,232.0,10,35,25,adaptive
1729,S2C,15,3.5331,233.0,10,35,25,adaptive
1729,E2C,7,8.9296,5.0,2,35,25,adaptive
1729,W2C,8,7.6778,16.0,3,35,25,adaptive
1730,N2C,15,3.2675,243.0,11,35,25,adaptive
1730,S2C,15,3.3933,244.0,11,35,25,adaptive
1730,E2C,7,8.2384,7.0,2,35,25,adaptive
1730,W2C,8,7.4843,19.0,3,35,25,adaptive
1731,N2C,15,3.063,254.0,11,35,25,adaptive
1731,S2C,15,3.0877,255.0,11,35,25,adaptive
1731,E2C,7,7.6506,9.0,2,35,25,adaptive
1731,W2C,8,6.88,22.0,3,35,25,adaptive
1732,N2C,15,2.796,265.0,11,35,25,adaptive
1732,S2C,15,2.8486,266.0,11,35,25,adaptive
1732,E2C,7,7.4643,11.0,2,35,25,adaptive
1732,W2C,8,7.0576,25.0,3,35,25,adaptive
1733,N2C,15,2.5059,276.0,11,35,25,adaptive
1733,S2C,15,2.5352,277.0,11,35,25,adaptive
1733,E2C,7,6.978,13.0,2,35,25,adaptive
1733,W2C,8,6.7285,28.0,3,35,25,adaptive
1734,N2C,16,3.248,287.0,11,35,25,adaptive
1734,S2C,16,3.1631,289.0,12,35,25,adaptive
1734,E2C,8,7.3471,16.0,3,35,25,adaptive
1734,W2C,9,6.8567,31.0,3,35,25,adaptive
1735,N2C,16,3.1613,299.0,12,35,25,adaptive
1735,S2C,16,2.8201,301.0,12,35,25,adaptive
1735,E2C,8,6.7358,19.0,3,35,25,adaptive
1735,W2C,9,6.1865,35.0,4,35,25,adaptive
1736,N2C,16,3.0536,311.0,12,35,25,adaptive
1736,S2C,16,2.6215,313.0,12,35,25,adaptive
1736,E2C,8,6.5646,22.0,3,35,25,adaptive
1736,W2C,9,5.7952,39.0,4,35,25,adaptive
1737,N2C,16,2.9184,323.0,12,35,25,adaptive
1737,S2C,16,2.4022,325.0,12,35,25,adaptive
1737,E2C,8,5.8505,26.0,4,35,25,adaptive
1737,W2C,9,5.6043,44.0,5,35,25,adaptive
1738,N2C,17,3.3625,335.0,12,35,25,adaptive
1738,S2C,17,3.0715,338.0,13,35,25,adaptive
1738,E2C,9,6.3117,30.0,4,35,25,adaptive
1738,W2C,10,5.8537,49.0,5,35,25,adaptive
1739,N2C,17,3.0368,347.0,12,35,25,adaptive
1739,S2C,17,2.9346,351.0,13,35,25,adaptive
1739,E2C,9,5.8598,35.0,5,35,25,adaptive
1739,W2C,10,5.4081,54.0,5,35,25,adaptive
1740,N2C,17,2.8364,359.0,12,35,25,adaptive
1740,S2C,17,2.8936,364.0,13,35,25,adaptive
1740,E2C,9,5.8931,40.0,5,35,25,adaptive
1740,W2C,10,5.0985,59.0,5,35,25,adaptive
1741,N2C,17,2.8315,371.0,12,35,25,adaptive
1741,S2C,17,2.6479,377.0,13,35,25,adaptive
1741,E2C,9,5.5772,45.0,5,35,25,adaptive
1741,W2C,10,5.3691,64.0,5,35,25,adaptive
1742,N2C,17,2.5003,384.0,13,35,25,adaptive
1742,S2C,17,2.441,390.0,13,35,25,adaptive
1742,E2C,9,5.0356,50.0,5,35,25,adaptive
1742,W2C,10,5.1219,70.0,6,35,25,adaptive
1743,N2C,18,2.7445,397.0,13,35,25,adaptive
1743,S2C,18,2.6448,404.0,14,35,25,adaptive
1743,E2C,10,5.4742,55.0,5,35,25,adaptive
1743,W2C,11,5.5604,76.0,6,35,25,adaptive
1744,N2C,18,2.4418,411.0,14,35,25,adaptive
1744,S2C,18,2.3653,418.0,14,35,25,adaptive
1744,E2C,10,5.1634,60.0,5,35,25,adaptive
1744,W2C,11,5.0115,82.0,6,35,25,adaptive
1745,N2C,18,2.2953,425.0,14,35,25,adaptive
1745,S2C,18,2.1926,432.0,14,35,25,adaptive
1745,E2C,10,5.1313,66.0,6,35,25,adaptive
1745,W2C,11,4.4961,88.0,6,35,25,adaptive
1746,N2C,18,2.21,439.0,14,35,25,adaptive
1746,S2C,18,2.1269,447.0,15,35,25,adaptive
1746,E2C,10,4.6986,72.0,6,35,25,adaptive
1746,W2C,11,4.1608,94.0,6,35,25,adaptive
1747,N2C,19,2.8064,454.0,15,35,25,adaptive
1747,S2C,19,2.654,462.0,15,35,25,adaptive
1747,E2C,11,5.0019,78.0,6,35,25,adaptive
1747,W2C,12,4.539,101.0,7,35,25,adaptive
1748,N2C,19,2.5678,469.0,15,35,25,adaptive
1748,S2C,19,2.4349,477.0,15,35,25,adaptive
1748,E2C,11,4.8517,85.0,7,35,25,adaptive
1748,W2C,12,4.3364,109.0,8,35,25,adaptive
1749,N2C,19,2.3474,484.0,15,35,25,adaptive
1749,S2C,19,2.212,492.0,15,35,25,adaptive
1749,E2C,11,4.8093,92.0,7,35,25,adaptive
1749,W2C,12,4.0538,117.0,8,35,25,adaptive
1750,N2C,19,2.1141,499.0,15,35,25,adaptive
1750,S2C,19,1.9011,508.0,16,35,25,adaptive
1750,E2C,11,4.3858,99.0,7,35,25,adaptive
1750,W2C,12,3.8117,125.0,8,35,25,adaptive
1751,N2C,19,1.9277,515.0,16,35,25,adaptive
1751,S2C,19,1.9955,524.0,16,35,25,adaptive
1751,E2C,11,4.0025,106.0,7,35,25,adaptive
1751,W2C,12,3.4678,133.0,8,35,25,adaptive
1752,N2C,18,2.608,406.0,14,35,25,adaptive
1752,S2C,18,2.9196,413.0,14,35,25,adaptive
1752,E2C,12,4.4877,113.0,7,35,25,adaptive
1752,W2C,13,4.0358,141.0,8,35,25,adaptive
1753,N2C,18,2.4092,310.0,12,35,25,adaptive
1753,S2C,18,2.6857,315.0,12,35,25,adaptive
1753,E2C,12,4.2489,120.0,7,35,25,adaptive
1753,W2C,13,3.7443,149.0,8,35,25,adaptive
1754,N2C,18,2.6979,224.0,10,35,25,adaptive
1754,S2C,18,2.7899,230.0,10,35,25,adaptive
1754,E2C,12,3.8555,127.0,7,35,25,adaptive
1754,W2C,13,3.4039,158.0,9,35,25,adaptive
1755,N2C,16,2.9299,152.0,9,35,25,adaptive
1755,S2C,17,2.9853,158.0,8,35,25,adaptive
1755,E2C,12,3.5571,135.0,8,35,25,adaptive
1755,W2C,13,3.122,167.0,9,35,25,adaptive
1756,N2C,17,3.8021,95.0,7,35,25,adaptive
1756,S2C,17,3.7524,102.0,7,35,25,adaptive
1756,E2C,13,3.9869,143.0,8,35,25,adaptive
1756,W2C,14,3.5924,177.0,10,35,25,adaptive
1757,N2C,16,4.1295,51.0,5,35,25,adaptive
1757,S2C,16,3.9115,57.0,5,35,25,adaptive
1757,E2C,13,3.9883,152.0,9,35,25,adaptive
1757,W2C,14,3.4738,187.0,10,35,25,adaptive
1758,N2C,15,4.5017,24.0,3,35,25,adaptive
1758,S2C,15,4.254,25.0,3,35,25,adaptive
1758,E2C,13,3.8669,161.0,9,35,25,adaptive
1758,W2C,14,3.1626,197.0,10,35,25,adaptive
1759,N2C,14,4.8187,6.0,2,35,25,adaptive
1759,S2C,15,4.7327,4.0,1,35,25,adaptive
1759,E2C,13,3.4304,170.0,9,35,25,adaptive
1759,W2C,14,2.8065,207.0,10,35,25,adaptive
1760,N2C,13,5.1662,0.0,0,35,25,adaptive
1760,S2C,13,5.0508,0.0,0,35,25,adaptive
1760,E2C,13,3.3062,179.0,9,35,25,adaptive
1760,W2C,14,2.6143,217.0,10,35,25,adaptive
1761,N2C,13,6.4761,0.0,0,35,25,adaptive
1761,S2C,14,6.3581,0.0,0,35,25,adaptive
1761,E2C,14,3.8454,188.0,9,35,25,adaptive
1761,W2C,15,3.3897,227.0,10,35,25,adaptive
1762,N2C,12,7.2134,0.0,0,35,25,adaptive
1762,S2C,12,6.6871,0.0,0,35,25,adaptive
1762,E2C,14,3.4348,198.0,10,35,25,adaptive
1762,W2C,15,3.3188,238.0,11,35,25,adaptive
1763,N2C,11,8.1819,0.0,0,35,25,adaptive
1763,S2C,12,7.6567,0.0,0,35,25,adaptive
1763,E2C,14,3.0208,208.0,10,35,25,adaptive
1763,W2C,15,3.0323,249.0,11,35,25,adaptive
1764,N2C,10,9.203,0.0,0,35,25,adaptive
1764,S2C,10,8.3648,0.0,0,35,25,adaptive
1764,E2C,14,2.8256,219.0,11,35,25,adaptive
1764,W2C,15,2.8904,260.0,11,35,25,adaptive
1765,N2C,9,10.3293,0.0,0,35,25,adaptive
1765,S2C,10,9.4046,0.0,0,35,25,adaptive
1765,E2C,15,3.6136,230.0,11,35,25,adaptive
1765,W2C,16,3.3224,271.0,11,35,25,adaptive
1766,N2C,9,11.1838,0.0,0,35,25,adaptive
1766,S2C,9,9.957,0.0,0,35,25,adaptive
1766,E2C,15,3.5077,241.0,11,35,25,adaptive
1766,W2C,16,3.1546,282.0,11,35,25,adaptive
1767,N2C,7,11.6481,0.0,0,35,25,adaptive
1767,S2C,7,10.3729,0.0,0,35,25,adaptive
1767,E2C,15,3.3365,252.0,11,35,25,adaptive
1767,W2C,16,2.9796,294.0,12,35,25,adaptive
1768,N2C,6,12.4409,0.0,0,35,25,adaptive
1768,S2C,7,11.5893,0.0,0,35,25,adaptive
1768,E2C,15,3.0745,263.0,11,35,25,adaptive
1768,W2C,16,2.8487,306.0,12,35,25,adaptive
1769,N2C,5,13.0933,0.0,0,35,25,adaptive
1769,S2C,6,12.1894,0.0,0,35,25,adaptive
1769,E2C,15,2.8393,274.0,11,35,25,adaptive
1769,W2C,16,2.6408,318.0,12,35,25,adaptive
1770,N2C,5,13.1675,0.0,0,35,25,adaptive
1770,S2C,6,12.7501,0.0,0,35,25,adaptive
1770,E2C,16,3.2459,285.0,11,35,25,adaptive
1770,W2C,17,2.9972,330.0,12,35,25,adaptive
1771,N2C,4,13.1836,0.0,0,35,25,adaptive
1771,S2C,4,12.1506,0.0,0,35,25,adaptive
1771,E2C,16,2.9786,297.0,12,35,25,adaptive
1771,W2C,17,2.8475,342.0,12,35,25,adaptive
1772,N2C,4,12.8665,0.0,0,35,25,adaptive
1772,S2C,4,12.6132,0.0,0,35,25,adaptive
1772,E2C,16,2.6251,309.0,12,35,25,adaptive
1772,W2C,17,2.8072,354.0,12,35,25,adaptive
1773,N2C,4,12.8231,0.0,0,35,25,adaptive
1773,S2C,4,12.4626,0.0,0,35,25,adaptive
1773,E2C,16,2.4293,322.0,13,35,25,adaptive
1773,W2C,17,2.538,367.0,13,35,25,adaptive
1774,N2C,5,13.0488,0.0,0,35,25,adaptive
1774,S2C,5,12.642,0.0,0,35,25,adaptive
1774,E2C,17,3.1361,335.0,13,35,25,adaptive
1774,W2C,18,3.0222,380.0,13,35,25,adaptive
1775,N2C,4,13.3124,0.0,0,35,25,adaptive
1775,S2C,5,12.2928,0.0,0,35,25,adaptive
1775,E2C,17,2.8923,348.0,13,35,25,adaptive
1775,W2C,18,2.5669,394.0,14,35,25,adaptive
1776,N2C,4,13.2595,0.0,0,35,25,adaptive
1776,S2C,4,12.7202,0.0,0,35,25,adaptive
1776,E2C,17,2.6442,361.0,13,35,25,adaptive
1776,W2C,18,2.3899,408.0,14,35,25,adaptive
1777,N2C,4,13.1181,0.0,0,35,25,adaptive
1777,S2C,4,12.5026,0.0,0,35,25,adaptive
1777,E2C,17,2.5996,374.0,13,35,25,adaptive
1777,W2C,18,2.1463,422.0,14,35,25,adaptive
1778,N2C,4,12.9919,0.0,0,35,25,adaptive
1778,S2C,4,12.9811,0.0,0,35,25,adaptive
1778,E2C,17,2.2508,387.0,13,35,25,adaptive
1778,W2C,18,2.1854,437.0,15,35,25,adaptive
1779,N2C,5,13.5972,0.0,0,35,25,adaptive
1779,S2C,5,13.0962,0.0,0,35,25,adaptive
1779,E2C,18,2.6309,401.0,14,35,25,adaptive
1779,W2C,19,2.51,452.0,15,35,25,adaptive
1780,N2C,4,13.0773,0.0,0,35,25,adaptive
1780,S2C,4,12.9912,0.0,0,35,25,adaptive
1780,E2C,18,2.3665,415.0,14,35,25,adaptive
1780,W2C,19,2.303,467.0,15,35,25,adaptive
1781,N2C,4,13.1101,0.0,0,35,25,adaptive
1781,S2C,4,12.9344,0.0,0,35,25,adaptive
1781,E2C,18,2.2243,429.0,14,35,25,adaptive
1781,W2C,19,2.0273,482.0,15,35,25,adaptive
1782,N2C,4,12.692,0.0,0,28,32,adaptive
1782,S2C,4,12.7523,0.0,0,28,32,adaptive
1782,E2C,18,2.0781,443.0,14,28,32,adaptive
1782,W2C,19,1.9,497.0,15,28,32,adaptive
1783,N2C,4,11.7524,0.0,0,28,32,adaptive
1783,S2C,5,13.0256,0.0,0,28,32,adaptive
1783,E2C,19,2.5744,458.0,15,28,32,adaptive
1783,W2C,20,2.5777,513.0,16,28,32,adaptive
1784,N2C,5,11.507,0.0,0,28,32,adaptive
1784,S2C,5,12.7367,0.0,0,28,32,adaptive
1784,E2C,19,2.451,473.0,15,28,32,adaptive
1784,W2C,20,2.375,529.0,16,28,32,adaptive
1785,N2C,5,10.8884,0.0,0,28,32,adaptive
1785,S2C,5,11.711,0.0,0,28,32,adaptive
1785,E2C,19,2.1803,488.0,15,28,32,adaptive
1785,W2C,20,2.1764,545.0,16,28,32,adaptive
1786,N2C,5,10.7249,0.0,0,28,32,adaptive
1786,S2C,5,10.8875,0.0,0,28,32,adaptive
1786,E2C,19,2.0101,503.0,15,28,32,adaptive
1786,W2C,20,1.9846,561.0,16,28,32,adaptive
1787,N2C,5,9.8654,1.0,1,28,32,adaptive
1787,S2C,5,10.3873,0.0,0,28,32,adaptive
1787,E2C,19,1.7916,519.0,16,28,32,adaptive
1787,W2C,20,1.7698,577.0,16,28,32,adaptive
1788,N2C,6,10.1162,2.0,1,28,32,adaptive
1788,S2C,6,10.23,1.0,1,28,32,adaptive
1788,E2C,20,2.1277,535.0,16,28,32,adaptive
1788,W2C,21,2.1406,593.0,16,28,32,adaptive
1789,N2C,6,9.2222,3.0,1,28,32,adaptive
1789,S2C,6,9.3587,2.0,1,28,32,adaptive
1789,E2C,20,1.8583,551.0,16,28,32,adaptive
1789,W2C,21,1.9515,610.0,17,28,32,adaptive
1790,N2C,6,8.9844,4.0,1,28,32,adaptive
1790,S2C,6,9.0084,3.0,1,28,32,adaptive
1790,E2C,20,1.7548,567.0,16,28,32,adaptive
1790,W2C,21,1.8121,627.0,17,28,32,adaptive
1791,N2C,6,8.2143,5.0,1,28,32,adaptive
1791,S2C,6,8.0915,5.0,2,28,32,adaptive
1791,E2C,20,1.7419,584.0,17,28,32,adaptive
1791,W2C,21,1.8263,645.0,18,28,32,adaptive
1792,N2C,7,8.3256,7.0,2,28,32,adaptive
1792,S2C,7,8.307,7.0,2,28,32,adaptive
1792,E2C,21,2.3214,601.0,17,28,32,adaptive
1792,W2C,22,2.308,663.0,18,28,32,adaptive
1793,N2C,7,7.6714,9.0,2,28,32,adaptive
1793,S2C,7,7.4955,9.0,2,28,32,adaptive
1793,E2C,21,2.3025,618.0,17,28,32,adaptive
1793,W2C,22,2.301,681.0,18,28,32,adaptive
1794,N2C,7,7.5165,12.0,3,28,32,adaptive
1794,S2C,7,7.5647,12.0,3,28,32,adaptive
1794,E2C,21,2.1546,635.0,17,28,32,adaptive
1794,W2C,22,2.1381,699.0,18,28,32,adaptive
1795,N2C,7,7.4904,15.0,3,28,32,adaptive
1795,S2C,7,7.5301,15.0,3,28,32,adaptive
1795,E2C,21,1.9739,652.0,17,28,32,adaptive
1795,W2C,22,1.8718,717.0,18,28,32,adaptive
1796,N2C,7,6.7848,18.0,3,28,32,adaptive
1796,S2C,7,6.693,18.0,3,28,32,adaptive
1796,E2C,21,1.7149,669.0,17,28,32,adaptive
1796,W2C,22,1.5155,735.0,18,28,32,adaptive
1797,N2C,8,7.1577,21.0,3,28,32,adaptive
1797,S2C,8,7.0385,21.0,3,28,32,adaptive
1797,E2C,22,2.1378,686.0,17,28,32,adaptive
1797,W2C,23,1.9178,754.0,19,28,32,adaptive
1798,N2C,8,6.744,24.0,3,28,32,adaptive
1798,S2C,8,6.4141,24.0,3,28,32,adaptive
1798,E2C,22,1.8476,703.0,17,28,32,adaptive
1798,W2C,23,1.6974,773.0,19,28,32,adaptive
1799,N2C,8,6.7949,27.0,3,28,32,adaptive
1799,S2C,8,6.2371,28.0,4,28,32,adaptive
1799,E2C,22,1.727,721.0,18,28,32,adaptive
1799,W2C,23,1.7288,793.0,20,28,32,adaptive
1800,N2C,8,6.2714,30.0,3,28,32,adaptive
1800,S2C,8,5.5416,32.0,4,28,32,adaptive
1800,E2C,22,1.6781,740.0,19,28,32,adaptive
1800,W2C,23,1.5348,813.0,20,28,32,adaptive
1801,N2C,9,6.3002,33.0,3,28,32,adaptive
1801,S2C,9,6.0167,36.0,4,28,32,adaptive
1801,E2C,23,2.2676,759.0,19,28,32,adaptive
1801,W2C,24,1.9095,833.0,20,28,32,adaptive
1802,N2C,9,5.8025,37.0,4,28,32,adaptive
1802,S2C,9,5.6125,40.0,4,28,32,adaptive
1802,E2C,23,2.1687,778.0,19,28,32,adaptive
1802,W2C,24,1.7092,853.0,20,28,32,adaptive
1803,N2C,9,5.5619,41.0,4,28,32,adaptive
1803,S2C,9,5.5739,44.0,4,28,32,adaptive
1803,E2C,23,2.1608,797.0,19,28,32,adaptive
1803,W2C,24,1.6274,874.0,21,28,32,adaptive
1804,N2C,9,5.4069,46.0,5,28,32,adaptive
1804,S2C,9,5.3316,49.0,5,28,32,adaptive
1804,E2C,23,1.8631,816.0,19,28,32,adaptive
1804,W2C,24,1.5821,895.0,21,28,32,adaptive
1805,N2C,9,4.8239,51.0,5,28,32,adaptive
1805,S2C,9,4.7866,54.0,5,28,32,adaptive
1805,E2C,23,1.494,835.0,19,28,32,adaptive
1805,W2C,24,1.4481,916.0,21,28,32,adaptive
1806,N2C,10,5.3891,56.0,5,28,32,adaptive
1806,S2C,10,5.6135,59.0,5,28,32,adaptive
1806,E2C,24,1.6821,855.0,20,28,32,adaptive
1806,W2C,25,1.7351,937.0,21,28,32,adaptive
1807,N2C,10,5.1817,61.0,5,28,32,adaptive
1807,S2C,10,5.037,64.0,5,28,32,adaptive
1807,E2C,24,1.6351,875.0,20,28,32,adaptive
1807,W2C,25,1.5739,958.0,21,28,32,adaptive
1808,N2C,10,4.5466,66.0,5,28,32,adaptive
1808,S2C,10,4.9986,70.0,6,28,32,adaptive
1808,E2C,24,1.5633,895.0,20,28,32,adaptive
1808,W2C,25,1.5536,979.0,21,28,32,adaptive
1809,N2C,10,4.0457,72.0,6,28,32,adaptive
1809,S2C,10,4.6526,76.0,6,28,32,adaptive
1809,E2C,24,1.4303,916.0,21,28,32,adaptive
1809,W2C,25,1.3269,1001.0,22,28,32,adaptive
1810,N2C,11,4.421,78.0,6,28,32,adaptive
1810,S2C,11,5.0818,82.0,6,28,32,adaptive
1810,E2C,25,1.7202,937.0,21,28,32,adaptive
1810,W2C,26,1.6001,1023.0,22,28,32,adaptive
1811,N2C,11,4.4425,84.0,6,28,32,adaptive
1811,S2C,11,4.7663,88.0,6,28,32,adaptive
1811,E2C,23,1.6695,789.0,19,28,32,adaptive
1811,W2C,24,1.5086,867.0,20,28,32,adaptive
1812,N2C,11,4.2976,91.0,7,28,32,adaptive
1812,S2C,11,4.7573,94.0,6,28,32,adaptive
1812,E2C,23,1.592,653.0,17,28,32,adaptive
1812,W2C,24,1.6248,725.0,19,28,32,adaptive
1813,N2C,11,4.1291,98.0,7,28,32,adaptive
1813,S2C,11,4.6242,101.0,7,28,32,adaptive
1813,E2C,23,1.6332,527.0,16,28,32,adaptive
1813,W2C,24,1.764,595.0,17,28,32,adaptive
1814,N2C,11,3.7135,105.0,7,28,32,adaptive
1814,S2C,11,4.2546,108.0,7,28,32,adaptive
1814,E2C,22,1.635,416.0,14,28,32,adaptive
1814,W2C,22,1.6404,477.0,15,28,32,adaptive
1815,N2C,12,4.0632,112.0,7,28,32,adaptive
1815,S2C,12,4.6705,115.0,7,28,32,adaptive
1815,E2C,22,2.095,317.0,12,28,32,adaptive
1815,W2C,23,2.2404,370.0,13,28,32,adaptive
1816,N2C,12,3.789,119.0,7,28,32,adaptive
1816,S2C,12,4.3687,122.0,7,28,32,adaptive
1816,E2C,22,2.5378,230.0,10,28,32,adaptive
1816,W2C,23,2.5512,279.0,12,28,32,adaptive
1817,N2C,12,3.9894,126.0,7,28,32,adaptive
1817,S2C,12,4.3058,129.0,7,28,32,adaptive
1817,E2C,20,2.7596,157.0,9,28,32,adaptive
1817,W2C,21,2.7123,203.0,10,28,32,adaptive
1818,N2C,12,3.8465,134.0,8,28,32,adaptive
1818,S2C,12,3.9558,137.0,8,28,32,adaptive
1818,E2C,20,3.2975,98.0,7,28,32,adaptive
1818,W2C,20,2.8463,136.0,8,28,32,adaptive
1819,N2C,13,4.5513,142.0,8,28,32,adaptive
1819,S2C,13,4.3865,145.0,8,28,32,adaptive
1819,E2C,19,3.9072,84.0,6,28,32,adaptive
1819,W2C,20,3.5835,84.0,6,28,32,adaptive
1820,N2C,13,4.575,150.0,8,28,32,adaptive
1820,S2C,13,4.0915,153.0,8,28,32,adaptive
1820,E2C,19,4.4144,45.0,4,28,32,adaptive
1820,W2C,19,3.888,44.0,4,28,32,adaptive
1821,N2C,13,4.68,158.0,8,28,32,adaptive
1821,S2C,13,3.9719,161.0,8,28,32,adaptive
1821,E2C,17,4.4746,18.0,2,28,32,adaptive
1821,W2C,18,4.2631,35.0,3,28,32,adaptive
1822,N2C,13,4.0601,166.0,8,28,32,adaptive
1822,S2C,13,3.5776,170.0,9,28,32,adaptive
1822,E2C,17,5.3591,6.0,1,28,32,adaptive
1822,W2C,17,4.7523,12.0,2,28,32,adaptive
1823,N2C,13,3.3455,174.0,8,28,32,adaptive
1823,S2C,13,3.3168,179.0,9,28,32,adaptive
1823,E2C,15,5.4517,0.0,0,28,32,adaptive
1823,W2C,16,5.4467,2.0,1,28,32,adaptive
1824,N2C,14,3.8291,182.0,8,28,32,adaptive
1824,S2C,14,3.8467,188.0,9,28,32,adaptive
1824,E2C,16,6.7225,0.0,0,28,32,adaptive
1824,W2C,16,6.3948,0.0,0,28,32,adaptive
1825,N2C,14,3.4321,191.0,9,28,32,adaptive
1825,S2C,14,3.446,198.0,10,28,32,adaptive
1825,E2C,14,6.8572,0.0,0,28,32,adaptive
1825,W2C,15,6.8455,0.0,0,28,32,adaptive
1826,N2C,14,3.1208,201.0,10,28,32,adaptive
1826,S2C,14,3.1828,208.0,10,28,32,adaptive
1826,E2C,14,8.1737,0.0,0,28,32,adaptive
1826,W2C,14,7.4684,0.0,0,28,32,adaptive
1827,N2C,14,2.8048,211.0,10,28,32,adaptive
1827,S2C,14,2.9538,218.0,10,28,32,adaptive
1827,E2C,12,8.9803,0.0,0,28,32,adaptive
1827,W2C,13,8.2178,0.0,0,28,32,adaptive
1828,N2C,15,3.4018,221.0,10,28,32,adaptive
1828,S2C,15,3.5882,228.0,10,28,32,adaptive
1828,E2C,12,9.7383,0.0,0,28,32,adaptive
1828,W2C,12,9.0012,0.0,0,28,32,adaptive
1829,N2C,15,3.4216,231.0,10,28,32,adaptive
1829,S2C,15,3.4785,239.0,11,28,32,adaptive
1829,E2C,11,10.3096,0.0,0,28,32,adaptive
1829,W2C,12,9.84,0.0,0,28,32,adaptive
1830,N2C,15,3.3947,242.0,11,28,32,adaptive
1830,S2C,15,3.1551,250.0,11,28,32,adaptive
1830,E2C,10,10.8749,0.0,0,28,32,adaptive
1830,W2C,10,10.4106,0.0,0,28,32,adaptive
1831,N2C,15,3.3796,253.0,11,28,32,adaptive
1831,S2C,15,2.8802,261.0,11,28,32,adaptive
1831,E2C,9,11.3092,0.0,0,28,32,adaptive
1831,W2C,10,11.4383,0.0,0,28,32,adaptive
1832,N2C,15,3.3673,264.0,11,28,32,adaptive
1832,S2C,15,2.7121,272.0,11,28,32,adaptive
1832,E2C,7,11.4967,0.0,0,28,32,adaptive
1832,W2C,8,11.9596,0.0,0,28,32,adaptive
1833,N2C,16,3.6055,275.0,11,28,32,adaptive
1833,S2C,16,3.1151,283.0,11,28,32,adaptive
1833,E2C,8,11.8435,0.0,0,28,32,adaptive
1833,W2C,8,12.5322,0.0,0,28,32,adaptive
1834,N2C,16,3.0054,286.0,11,28,32,adaptive
1834,S2C,16,2.8004,295.0,12,28,32,adaptive
1834,E2C,6,11.9336,0.0,0,28,32,adaptive
1834,W2C,7,12.5121,0.0,0,28,32,adaptive
1835,N2C,16,2.5895,297.0,11,28,32,adaptive
1835,S2C,16,2.6146,307.0,12,28,32,adaptive
1835,E2C,6,12.0192,0.0,0,28,32,adaptive
1835,W2C,7,12.6001,0.0,0,28,32,adaptive
1836,N2C,16,2.4541,309.0,12,28,32,adaptive
1836,S2C,16,2.3622,319.0,12,28,32,adaptive
1836,E2C,5,12.2129,0.0,0,28,32,adaptive
1836,W2C,5,12.4683,0.0,0,28,32,adaptive
1837,N2C,17,3.0075,322.0,13,28,32,adaptive
1837,S2C,17,3.1098,332.0,13,28,32,adaptive
1837,E2C,5,12.2119,0.0,0,28,32,adaptive
1837,W2C,6,12.7586,0.0,0,28,32,adaptive
1838,N2C,17,2.7398,335.0,13,28,32,adaptive
1838,S2C,17,2.8978,345.0,13,28,32,adaptive
1838,E2C,4,12.6648,0.0,0,28,32,adaptive
1838,W2C,4,12.9418,0.0,0,28,32,adaptive
1839,N2C,17,2.5643,348.0,13,28,32,adaptive
1839,S2C,17,2.6675,358.0,13,28,32,adaptive
1839,E2C,4,12.6443,0.0,0,28,32,adaptive
1839,W2C,4,13.2333,0.0,0,28,32,adaptive
1840,N2C,17,2.3284,361.0,13,28,32,adaptive
1840,S2C,17,2.4399,371.0,13,28,32,adaptive
1840,E2C,4,12.9336,0.0,0,28,32,adaptive
1840,W2C,4,13.1822,0.0,0,28,32,adaptive
1841,N2C,17,2.2391,374.0,13,28,32,adaptive
1841,S2C,17,2.3291,384.0,13,28,32,adaptive
1841,E2C,4,12.4353,0.0,0,28,32,adaptive
1841,W2C,4,12.8446,0.0,0,28,32,adaptive
1842,N2C,18,2.549,388.0,14,28,32,adaptive
1842,S2C,18,2.7729,397.0,13,28,32,adaptive
1842,E2C,5,11.7267,0.0,0,28,32,adaptive
1842,W2C,5,12.1187,0.0,0,28,32,adaptive
1843,N2C,18,2.2939,402.0,14,28,32,adaptive
1843,S2C,18,2.4959,411.0,14,28,32,adaptive
1843,E2C,5,10.5841,0.0,0,28,32,adaptive
1843,W2C,5,11.2554,0.0,0,28,32,adaptive
1844,N2C,16,2.3224,305.0,12,28,32,adaptive
1844,S2C,16,2.6171,314.0,12,28,32,adaptive
1844,E2C,5,9.9329,0.0,0,28,32,adaptive
1844,W2C,5,10.3726,1.0,1,28,32,adaptive
1845,N2C,16,2.4834,221.0,10,28,32,adaptive
1845,S2C,16,2.6206,227.0,10,28,32,adaptive
1845,E2C,5,10.3166,0.0,0,28,32,adaptive
1845,W2C,5,10.2156,2.0,1,28,32,adaptive
1846,N2C,17,3.5152,151.0,9,28,32,adaptive
1846,S2C,17,3.7455,156.0,9,28,32,adaptive
1846,E2C,6,10.3157,1.0,1,28,32,adaptive
1846,W2C,6,10.207,3.0,1,28,32,adaptive
1847,N2C,16,3.8644,94.0,7,28,32,adaptive
1847,S2C,15,3.9857,100.0,7,28,32,adaptive
1847,E2C,6,10.4047,2.0,1,28,32,adaptive
1847,W2C,6,9.389,4.0,1,28,32,adaptive
1848,N2C,15,4.1549,54.0,5,32,28,adaptive
1848,S2C,15,4.3629,56.0,5,32,28,adaptive
1848,E2C,6,10.1579,3.0,1,32,28,adaptive
1848,W2C,6,9.1288,5.0,1,32,28,adaptive
1849,N2C,14,4.4375,25.0,3,32,28,adaptive
1849,S2C,13,4.55,24.0,3,32,28,adaptive
1849,E2C,6,10.2301,4.0,1,32,28,adaptive
1849,W2C,6,8.7624,6.0,1,32,28,adaptive
1850,N2C,13,4.7135,5.0,1,32,28,adaptive
1850,S2C,13,5.0495,5.0,1,32,28,adaptive
1850,E2C,6,8.7783,5.0,1,32,28,adaptive
1850,W2C,6,8.0278,8.0,2,32,28,adaptive
1851,N2C,14,5.7491,0.0,0,32,28,adaptive
1851,S2C,12,6.012,0.0,0,32,28,adaptive
1851,E2C,7,8.4103,6.0,1,32,28,adaptive
1851,W2C,7,8.199,10.0,2,32,28,adaptive
1852,N2C,12,6.1416,0.0,0,32,28,adaptive
1852,S2C,12,6.6983,0.0,0,32,28,adaptive
1852,E2C,7,7.6202,7.0,1,32,28,adaptive
1852,W2C,7,7.2862,12.0,2,32,28,adaptive
1853,N2C,12,7.0854,0.0,0,32,28,adaptive
1853,S2C,10,7.5441,0.0,0,32,28,adaptive
1853,E2C,7,7.4888,8.0,1,32,28,adaptive
1853,W2C,7,7.4911,15.0,3,32,28,adaptive
1854,N2C,10,7.5896,0.0,0,32,28,adaptive
1854,S2C,10,8.4509,0.0,0,32,28,adaptive
1854,E2C,7,6.84,11.0,3,32,28,adaptive
1854,W2C,7,6.9252,18.0,3,32,28,adaptive
1855,N2C,11,8.9023,0.0,0,32,28,adaptive
1855,S2C,9,9.6075,0.0,0,32,28,adaptive
1855,E2C,8,6.9273,14.0,3,32,28,adaptive
1855,W2C,7,6.3709,21.0,3,32,28,adaptive
1856,N2C,9,9.3167,0.0,0,32,28,adaptive
1856,S2C,9,10.332,0.0,0,32,28,adaptive
1856,E2C,8,6.4913,17.0,3,32,28,adaptive
1856,W2C,8,6.5816,24.0,3,32,28,adaptive
1857,N2C,8,10.1143,0.0,0,32,28,adaptive
1857,S2C,7,10.9928,0.0,0,32,28,adaptive
1857,E2C,8,6.4596,21.0,4,32,28,adaptive
1857,W2C,8,6.2891,27.0,3,32,28,adaptive
1858,N2C,7,11.1709,0.0,0,32,28,adaptive
1858,S2C,7,11.9149,0.0,0,32,28,adaptive
1858,E2C,8,6.2348,25.0,4,32,28,adaptive
1858,W2C,8,6.3058,31.0,4,32,28,adaptive
1859,N2C,6,11.8383,0.0,0,32,28,adaptive
1859,S2C,5,12.7481,0.0,0,32,28,adaptive
1859,E2C,8,5.6174,29.0,4,32,28,adaptive
1859,W2C,8,5.7471,35.0,4,32,28,adaptive
1860,N2C,6,12.1218,0.0,0,32,28,adaptive
1860,S2C,6,12.9048,0.0,0,32,28,adaptive
1860,E2C,9,5.9784,33.0,4,32,28,adaptive
1860,W2C,9,5.9692,39.0,4,32,28,adaptive
1861,N2C,4,12.3153,0.0,0,32,28,adaptive
1861,S2C,4,12.8731,0.0,0,32,28,adaptive
1861,E2C,9,5.7465,37.0,4,32,28,adaptive
1861,W2C,9,5.6717,43.0,4,32,28,adaptive
1862,N2C,4,12.058,0.0,0,32,28,adaptive
1862,S2C,4,13.0247,0.0,0,32,28,adaptive
1862,E2C,9,5.7075,41.0,4,32,28,adaptive
1862,W2C,9,5.5312,47.0,4,32,28,adaptive
1863,N2C,4,12.3886,0.0,0,32,28,adaptive
1863,S2C,4,13.3453,0.0,0,32,28,adaptive
1863,E2C,9,5.6642,46.0,5,32,28,adaptive
1863,W2C,9,5.065,52.0,5,32,28,adaptive
1864,N2C,4,12.2307,0.0,0,32,28,adaptive
1864,S2C,4,13.0461,0.0,0,32,28,adaptive
1864,E2C,10,5.9463,51.0,5,32,28,adaptive
1864,W2C,10,5.4269,57.0,5,32,28,adaptive
1865,N2C,4,11.7486,0.0,0,32,28,adaptive
1865,S2C,4,12.547,0.0,0,32,28,adaptive
1865,E2C,10,5.9384,56.0,5,32,28,adaptive
1865,W2C,10,5.1181,62.0,5,32,28,adaptive
1866,N2C,4,12.1314,0.0,0,32,28,adaptive
1866,S2C,4,12.7904,0.0,0,32,28,adaptive
1866,E2C,10,5.7069,61.0,5,32,28,adaptive
1866,W2C,10,5.0136,67.0,5,32,28,adaptive
1867,N2C,4,11.8035,0.0,0,32,28,adaptive
1867,S2C,4,13.0089,0.0,0,32,28,adaptive
1867,E2C,10,4.8866,67.0,6,32,28,adaptive
1867,W2C,10,4.9975,73.0,6,32,28,adaptive
1868,N2C,4,11.9405,0.0,0,32,28,adaptive
1868,S2C,4,12.7518,0.0,0,32,28,adaptive
1868,E2C,10,4.5116,73.0,6,32,28,adaptive
1868,W2C,10,4.9926,79.0,6,32,28,adaptive
1869,N2C,5,11.693,0.0,0,32,28,adaptive
1869,S2C,3,12.4437,0.0,0,32,28,adaptive
1869,E2C,11,4.6751,79.0,6,32,28,adaptive
1869,W2C,11,5.5873,85.0,6,32,28,adaptive
1870,N2C,5,11.7713,0.0,0,32,28,adaptive
1870,S2C,4,12.9665,0.0,0,32,28,adaptive
1870,E2C,11,4.3925,85.0,6,32,28,adaptive
1870,W2C,11,5.2787,91.0,6,32,28,adaptive
1871,N2C,5,11.8907,0.0,0,32,28,adaptive
1871,S2C,4,12.4843,0.0,0,32,28,adaptive
1871,E2C,11,4.0304,92.0,7,32,28,adaptive
1871,W2C,11,4.8298,97.0,6,32,28,adaptive
1872,N2C,5,11.6297,0.0,0,32,28,adaptive
1872,S2C,4,12.8277,0.0,0,32,28,adaptive
1872,E2C,11,3.7779,99.0,7,32,28,adaptive
1872,W2C,11,4.3988,103.0,6,32,28,adaptive
1873,N2C,4,12.1755,0.0,0,32,28,adaptive
1873,S2C,4,12.6242,0.0,0,32,28,adaptive
1873,E2C,12,4.3494,106.0,7,32,28,adaptive
1873,W2C,12,4.6612,110.0,7,32,28,adaptive
1874,N2C,4,12.1244,0.0,0,32,28,adaptive
1874,S2C,4,12.9424,0.0,0,32,28,adaptive
1874,E2C,12,4.0861,113.0,7,32,28,adaptive
1874,W2C,12,4.3726,117.0,7,32,28,adaptive
1875,N2C,4,11.6365,0.0,0,32,28,adaptive
1875,S2C,4,12.4543,0.0,0,32,28,adaptive
1875,E2C,12,3.8737,121.0,8,32,28,adaptive
1875,W2C,12,4.1647,125.0,8,32,28,adaptive
1876,N2C,4,11.6369,0.0,0,32,28,adaptive
1876,S2C,4,12.8334,0.0,0,32,28,adaptive
1876,E2C,12,3.5917,129.0,8,32,28,adaptive
1876,W2C,12,3.7481,133.0,8,32,28,adaptive
1877,N2C,4,11.7875,0.0,0,32,28,adaptive
1877,S2C,4,12.7759,0.0,0,32,28,adaptive
1877,E2C,12,3.1208,137.0,8,32,28,adaptive
1877,W2C,12,3.5076,141.0,8,32,28,adaptive
1878,N2C,5,12.172,0.0,0,32,28,adaptive
1878,S2C,5,12.91,0.0,0,32,28,adaptive
1878,E2C,13,3.7195,145.0,8,32,28,adaptive
1878,W2C,13,3.9238,149.0,8,32,28,adaptive
1879,N2C,5,12.1796,0.0,0,32,28,adaptive
1879,S2C,4,12.6588,0.0,0,32,28,adaptive
1879,E2C,13,3.3749,154.0,9,32,28,adaptive
1879,W2C,13,3.8419,158.0,9,32,28,adaptive
1880,N2C,5,12.4833,0.0,0,32,28,adaptive
1880,S2C,4,12.8259,0.0,0,32,28,adaptive
1880,E2C,13,3.1449,163.0,9,32,28,adaptive
1880,W2C,13,3.676,167.0,9,32,28,adaptive
1881,N2C,4,12.3553,0.0,0,32,28,adaptive
1881,S2C,4,12.7366,0.0,0,32,28,adaptive
1881,E2C,13,2.8611,172.0,9,32,28,adaptive
1881,W2C,13,3.373,176.0,9,32,28,adaptive
1882,N2C,5,12.5784,0.0,0,32,28,adaptive
1882,S2C,5,12.5337,0.0,0,32,28,adaptive
1882,E2C,14,3.4326,181.0,9,32,28,adaptive
1882,W2C,14,3.7052,185.0,9,32,28,adaptive
1883,N2C,5,11.8805,0.0,0,32,28,adaptive
1883,S2C,5,12.0765,0.0,0,32,28,adaptive
1883,E2C,14,3.4913,190.0,9,32,28,adaptive
1883,W2C,14,3.531,194.0,9,32,28,adaptive
1884,N2C,5,11.128,0.0,0,32,28,adaptive
1884,S2C,5,11.0495,0.0,0,32,28,adaptive
1884,E2C,12,3.8942,129.0,7,32,28,adaptive
1884,W2C,12,3.7345,128.0,8,32,28,adaptive
1885,N2C,5,10.3372,0.0,0,32,28,adaptive
1885,S2C,5,10.3557,1.0,1,32,28,adaptive
1885,E2C,12,4.1432,76.0,6,32,28,adaptive
1885,W2C,12,3.5383,75.0,6,32,28,adaptive
1886,N2C,5,10.0915,0.0,0,32,28,adaptive
1886,S2C,5,10.3455,2.0,1,32,28,adaptive
1886,E2C,12,4.5998,38.0,4,32,28,adaptive
1886,W2C,12,3.8088,37.0,4,32,28,adaptive
1887,N2C,6,10.3588,1.0,1,32,28,adaptive
1887,S2C,6,10.5829,3.0,1,32,28,adaptive
1887,E2C,11,6.0425,12.0,2,32,28,adaptive
1887,W2C,11,5.3932,13.0,2,32,28,adaptive
1888,N2C,6,9.7759,2.0,1,32,28,adaptive
1888,S2C,6,10.491,4.0,1,32,28,adaptive
1888,E2C,11,6.2581,0.0,0,32,28,adaptive
1888,W2C,11,5.5962,1.0,1,32,28,adaptive
1889,N2C,6,10.0233,3.0,1,32,28,adaptive
1889,S2C,6,9.5471,5.0,1,32,28,adaptive
1889,E2C,11,6.8147,0.0,0,32,28,adaptive
1889,W2C,10,6.1669,0.0,0,32,28,adaptive
1890,N2C,6,9.002,4.0,1,32,28,adaptive
1890,S2C,6,8.218,6.0,1,32,28,adaptive
1890,E2C,9,7.4162,0.0,0,32,28,adaptive
1890,W2C,9,6.8503,0.0,0,32,28,adaptive
1891,N2C,7,8.5846,5.0,1,32,28,adaptive
1891,S2C,7,8.271,7.0,1,32,28,adaptive
1891,E2C,10,8.6738,0.0,0,32,28,adaptive
1891,W2C,9,8.7221,0.0,0,32,28,adaptive
1892,N2C,7,7.3777,6.0,1,32,28,adaptive
1892,S2C,7,7.6968,8.0,1,32,28,adaptive
1892,E2C,8,9.3336,0.0,0,32,28,adaptive
1892,W2C,8,9.53,0.0,0,32,28,adaptive
1893,N2C,7,7.1771,7.0,1,32,28,adaptive
1893,S2C,7,7.3999,10.0,2,32,28,adaptive
1893,E2C,8,10.1681,0.0,0,32,28,adaptive
1893,W2C,7,10.4042,0.0,0,32,28,adaptive
1894,N2C,7,6.7735,9.0,2,32,28,adaptive
1894,S2C,7,7.2116,13.0,3,32,28,adaptive
1894,E2C,6,11.2633,0.0,0,32,28,adaptive
1894,W2C,6,11.0749,0.0,0,32,28,adaptive
1895,N2C,7,6.456,12.0,3,32,28,adaptive
1895,S2C,7,7.2184,16.0,3,32,28,adaptive
1895,E2C,6,11.7434,0.0,0,32,28,adaptive
1895,W2C,5,11.6948,0.0,0,32,28,adaptive
1896,N2C,8,6.7764,15.0,3,32,28,adaptive
1896,S2C,8,7.4137,19.0,3,32,28,adaptive
1896,E2C,5,13.1526,0.0,0,32,28,adaptive
1896,W2C,5,12.2162,0.0,0,32,28,adaptive
1897,N2C,8,6.3094,18.0,3,32,28,adaptive
1897,S2C,8,6.9037,22.0,3,32,28,adaptive
1897,E2C,5,12.7777,0.0,0,32,28,adaptive
1897,W2C,5,12.3593,0.0,0,32,28,adaptive
1898,N2C,8,6.0818,22.0,4,32,28,adaptive
1898,S2C,8,6.4565,25.0,3,32,28,adaptive
1898,E2C,5,12.6031,0.0,0,32,28,adaptive
1898,W2C,5,12.3646,0.0,0,32,28,adaptive
1899,N2C,8,5.8462,26.0,4,32,28,adaptive
1899,S2C,8,6.2073,29.0,4,32,28,adaptive
1899,E2C,4,13.1309,0.0,0,32,28,adaptive
1899,W2C,4,12.407,0.0,0,32,28,adaptive
1900,N2C,9,6.2401,30.0,4,32,28,adaptive
1900,S2C,9,6.3592,33.0,4,32,28,adaptive
1900,E2C,5,13.3602,0.0,0,32,28,adaptive
1900,W2C,5,12.9283,0.0,0,32,28,adaptive
1901,N2C,9,5.8966,34.0,4,32,28,adaptive
1901,S2C,9,5.8944,37.0,4,32,28,adaptive
1901,E2C,4,13.3592,0.0,0,32,28,adaptive
1901,W2C,5,12.3679,0.0,0,32,28,adaptive
1902,N2C,9,5.5232,38.0,4,32,28,adaptive
1902,S2C,9,5.6739,41.0,4,32,28,adaptive
1902,E2C,4,13.009,0.0,0,32,28,adaptive
1902,W2C,4,12.7908,0.0,0,32,28,adaptive
1903,N2C,9,5.5019,43.0,5,32,28,adaptive
1903,S2C,9,5.6531,45.0,4,32,28,adaptive
1903,E2C,4,13.2037,0.0,0,32,28,adaptive
1903,W2C,4,12.4649,0.0,0,32,28,adaptive
1904,N2C,9,5.5803,48.0,5,32,28,adaptive
1904,S2C,9,5.3128,49.0,4,32,28,adaptive
1904,E2C,4,13.4756,0.0,0,32,28,adaptive
1904,W2C,4,12.2492,0.0,0,32,28,adaptive
1905,N2C,10,6.381,53.0,5,32,28,adaptive
1905,S2C,10,5.7759,54.0,5,32,28,adaptive
1905,E2C,4,13.4172,0.0,0,32,28,adaptive
1905,W2C,4,13.0124,0.0,0,32,28,adaptive
1906,N2C,10,6.3129,58.0,5,32,28,adaptive
1906,S2C,10,5.2396,59.0,5,32,28,adaptive
1906,E2C,4,13.0313,0.0,0,32,28,adaptive
1906,W2C,4,12.5311,0.0,0,32,28,adaptive
1907,N2C,10,6.0029,63.0,5,32,28,adaptive
1907,S2C,10,4.5704,65.0,6,32,28,adaptive
1907,E2C,4,13.2019,0.0,0,32,28,adaptive
1907,W2C,4,12.7374,0.0,0,32,28,adaptive
1908,N2C,10,5.312,68.0,5,32,28,adaptive
1908,S2C,10,4.1784,71.0,6,32,28,adaptive
1908,E2C,4,13.6066,0.0,0,32,28,adaptive
1908,W2C,4,12.4864,0.0,0,32,28,adaptive
1909,N2C,11,5.2442,73.0,5,32,28,adaptive
1909,S2C,11,4.7375,77.0,6,32,28,adaptive
1909,E2C,3,13.391,0.0,0,32,28,adaptive
1909,W2C,5,12.8373,0.0,0,32,28,adaptive
1910,N2C,11,4.6588,79.0,6,32,28,adaptive
1910,S2C,11,4.5664,84.0,7,32,28,adaptive
1910,E2C,4,13.4565,0.0,0,32,28,adaptive
1910,W2C,4,13.239,0.0,0,32,28,adaptive
1911,N2C,11,4.6662,86.0,7,32,28,adaptive
1911,S2C,11,4.5672,91.0,7,32,28,adaptive
1911,E2C,4,13.1171,0.0,0,32,28,adaptive
1911,W2C,4,13.069,0.0,0,32,28,adaptive
1912,N2C,11,4.4444,93.0,7,32,28,adaptive
1912,S2C,11,4.2028,98.0,7,32,28,adaptive
1912,E2C,4,13.1154,0.0,0,32,28,adaptive
1912,W2C,4,13.2201,0.0,0,32,28,adaptive
1913,N2C,11,4.0252,100.0,7,32,28,adaptive
1913,S2C,11,3.9322,105.0,7,32,28,adaptive
1913,E2C,4,13.2287,0.0,0,32,28,adaptive
1913,W2C,4,12.6185,0.0,0,32,28,adaptive
1914,N2C,12,4.4439,107.0,7,35,25,adaptive
1914,S2C,12,4.2845,112.0,7,35,25,adaptive
1914,E2C,4,12.843,0.0,0,35,25,adaptive
1914,W2C,5,13.0399,0.0,0,35,25,adaptive
1915,N2C,12,4.051,114.0,7,35,25,adaptive
1915,S2C,12,4.1135,120.0,8,35,25,adaptive
1915,E2C,4,12.935,0.0,0,35,25,adaptive
1915,W2C,5,12.6762,0.0,0,35,25,adaptive
1916,N2C,12,3.5474,121.0,7,35,25,adaptive
1916,S2C,12,4.1237,128.0,8,35,25,adaptive
1916,E2C,4,12.7108,0.0,0,35,25,adaptive
1916,W2C,5,12.2026,0.0,0,35,25,adaptive
1917,N2C,12,3.3322,128.0,7,35,25,adaptive
1917,S2C,12,3.9702,136.0,8,35,25,adaptive
1917,E2C,4,12.6465,0.0,0,35,25,adaptive
1917,W2C,5,11.1204,0.0,0,35,25,adaptive
1918,N2C,13,3.8413,136.0,8,35,25,adaptive
1918,S2C,13,4.3874,144.0,8,35,25,adaptive
1918,E2C,5,11.9986,0.0,0,35,25,adaptive
1918,W2C,5,9.7425,0.0,0,35,25,adaptive
1919,N2C,13,3.7221,144.0,8,35,25,adaptive
1919,S2C,13,3.994,152.0,8,35,25,adaptive
1919,E2C,5,10.7636,0.0,0,35,25,adaptive
1919,W2C,6,9.6708,1.0,1,35,25,adaptive
1920,N2C,13,3.6282,153.0,9,35,25,adaptive
1920,S2C,13,3.5767,160.0,8,35,25,adaptive
1920,E2C,5,10.55,0.0,0,35,25,adaptive
1920,W2C,6,8.8023,2.0,1,35,25,adaptive
1921,N2C,13,3.3372,162.0,9,35,25,adaptive
1921,S2C,13,3.3611,169.0,9,35,25,adaptive
1921,E2C,5,10.1679,0.0,0,35,25,adaptive
1921,W2C,6,8.8612,4.0,2,35,25,adaptive
1922,N2C,13,3.1169,171.0,9,35,25,adaptive
1922,S2C,13,2.8957,178.0,9,35,25,adaptive
1922,E2C,5,9.708,1.0,1,35,25,adaptive
1922,W2C,6,8.2533,6.0,2,35,25,adaptive
1923,N2C,14,3.5695,180.0,9,35,25,adaptive
1923,S2C,14,3.5848,187.0,9,35,25,adaptive
1923,E2C,6,9.6246,2.0,1,35,25,adaptive
1923,W2C,7,8.4396,8.0,2,35,25,adaptive
1924,N2C,14,3.4501,190.0,10,35,25,adaptive
1924,S2C,14,3.5062,197.0,10,35,25,adaptive
1924,E2C,6,9.2278,3.0,1,35,25,adaptive
1924,W2C,7,7.755,10.0,2,35,25,adaptive
1925,N2C,14,3.4384,200.0,10,35,25,adaptive
1925,S2C,14,3.0989,207.0,10,35,25,adaptive
1925,E2C,6,8.7725,4.0,1,35,25,adaptive
1925,W2C,7,7.6368,13.0,3,35,25,adaptive
1926,N2C,14,3.2126,210.0,10,35,25,adaptive
1926,S2C,14,2.7769,217.0,10,35,25,adaptive
1926,E2C,6,8.4695,6.0,2,35,25,adaptive
1926,W2C,7,7.0149,16.0,3,35,25,adaptive
1927,N2C,15,3.7237,220.0,10,35,25,adaptive
1927,S2C,15,3.4173,227.0,10,35,25,adaptive
1927,E2C,7,8.8275,8.0,2,35,25,adaptive
1927,W2C,8,7.2084,19.0,3,35,25,adaptive
1928,N2C,15,3.4374,230.0,10,35,25,adaptive
1928,S2C,15,3.3458,237.0,10,35,25,adaptive
1928,E2C,7,7.9384,10.0,2,35,25,adaptive
1928,W2C,8,6.7177,22.0,3,35,25,adaptive
1929,N2C,15,3.3923,240.0,10,35,25,adaptive
1929,S2C,15,3.3417,248.0,11,35,25,adaptive
1929,E2C,7,7.2125,12.0,2,35,25,adaptive
1929,W2C,8,6.6359,26.0,4,35,25,adaptive
1930,N2C,15,3.0649,250.0,10,35,25,adaptive
1930,S2C,15,3.3699,259.0,11,35,25,adaptive
1930,E2C,7,7.3234,14.0,2,35,25,adaptive
1930,W2C,8,6.2123,30.0,4,35,25,adaptive
1931,N2C,15,2.9465,261.0,11,35,25,adaptive
1931,S2C,15,3.1336,270.0,11,35,25,adaptive
1931,E2C,7,7.2357,17.0,3,35,25,adaptive
1931,W2C,8,5.8308,34.0,4,35,25,adaptive
1932,N2C,16,3.4631,272.0,11,35,25,adaptive
1932,S2C,16,3.7888,281.0,11,35,25,adaptive
1932,E2C,8,7.8763,20.0,3,35,25,adaptive
1932,W2C,9,6.0796,38.0,4,35,25,adaptive
1933,N2C,16,3.2312,283.0,11,35,25,adaptive
1933,S2C,16,3.2224,292.0,11,35,25,adaptive
1933,E2C,8,7.8081,23.0,3,35,25,adaptive
1933,W2C,9,5.9073,42.0,4,35,25,adaptive
1934,N2C,16,2.9435,294.0,11,35,25,adaptive
1934,S2C,16,2.8021,303.0,11,35,25,adaptive
1934,E2C,8,6.9161,26.0,3,35,25,adaptive
1934,W2C,9,5.8196,47.0,5,35,25,adaptive
1935,N2C,16,2.6177,306.0,12,35,25,adaptive
1935,S2C,16,2.5087,314.0,11,35,25,adaptive
1935,E2C,8,5.7152,29.0,3,35,25,adaptive
1935,W2C,9,5.6392,52.0,5,35,25,adaptive
1936,N2C,17,2.9978,318.0,12,35,25,adaptive
1936,S2C,17,3.1877,326.0,12,35,25,adaptive
1936,E2C,9,6.0257,32.0,3,35,25,adaptive
1936,W2C,10,5.7668,57.0,5,35,25,adaptive
1937,N2C,17,2.7531,331.0,13,35,25,adaptive
1937,S2C,17,3.0136,338.0,12,35,25,adaptive
1937,E2C,9,5.8953,35.0,3,35,25,adaptive
1937,W2C,10,5.4684,62.0,5,35,25,adaptive
1938,N2C,17,2.5261,344.0,13,35,25,adaptive
1938,S2C,17,2.7191,351.0,13,35,25,adaptive
1938,E2C,9,5.719,39.0,4,35,25,adaptive
1938,W2C,10,5.2301,67.0,5,35,25,adaptive
1939,N2C,17,2.3667,357.0,13,35,25,adaptive
1939,S2C,17,2.508,364.0,13,35,25,adaptive
1939,E2C,9,5.4715,44.0,5,35,25,adaptive
1939,W2C,10,4.774,72.0,5,35,25,adaptive
1940,N2C,17,2.22,370.0,13,35,25,adaptive
1940,S2C,17,2.291,377.0,13,35,25,adaptive
1940,E2C,9,5.1235,49.0,5,35,25,adaptive
1940,W2C,10,4.2858,78.0,6,35,25,adaptive
1941,N2C,18,2.5949,383.0,13,35,25,adaptive
1941,S2C,18,2.7141,391.0,14,35,25,adaptive
1941,E2C,10,5.5142,54.0,5,35,25,adaptive
1941,W2C,11,4.8417,84.0,6,35,25,adaptive
1942,N2C,18,2.3014,397.0,14,35,25,adaptive
1942,S2C,18,2.5341,405.0,14,35,25,adaptive
1942,E2C,10,5.1389,60.0,6,35,25,adaptive
1942,W2C,11,4.7657,91.0,7,35,25,adaptive
1943,N2C,18,2.1827,411.0,14,35,25,adaptive
1943,S2C,18,2.1829,419.0,14,35,25,adaptive
1943,E2C,10,5.1491,66.0,6,35,25,adaptive
1943,W2C,11,4.507,98.0,7,35,25,adaptive
1944,N2C,18,2.0924,425.0,14,35,25,adaptive
1944,S2C,18,2.2395,433.0,14,35,25,adaptive
1944,E2C,10,4.9978,72.0,6,35,25,adaptive
1944,W2C,11,4.2163,105.0,7,35,25,adaptive
1945,N2C,19,2.6215,440.0,15,35,25,adaptive
1945,S2C,19,2.7486,448.0,15,35,25,adaptive
1945,E2C,11,5.3891,78.0,6,35,25,adaptive
1945,W2C,12,4.6389,112.0,7,35,25,adaptive
1946,N2C,19,2.4207,455.0,15,35,25,adaptive
1946,S2C,19,2.5757,463.0,15,35,25,adaptive
1946,E2C,11,4.9287,84.0,6,35,25,adaptive
1946,W2C,12,4.3308,119.0,7,35,25,adaptive
1947,N2C,19,2.1399,470.0,15,35,25,adaptive
1947,S2C,19,2.3253,478.0,15,35,25,adaptive
1947,E2C,11,4.4566,91.0,7,35,25,adaptive
1947,W2C,12,4.348,126.0,7,35,25,adaptive
1948,N2C,19,1.9085,485.0,15,35,25,adaptive
1948,S2C,19,1.9544,494.0,16,35,25,adaptive
1948,E2C,11,4.0613,98.0,7,35,25,adaptive
1948,W2C,12,4.0603,134.0,8,35,25,adaptive
1949,N2C,19,1.9242,501.0,16,35,25,adaptive
1949,S2C,19,1.8884,510.0,16,35,25,adaptive
1949,E2C,11,3.9987,105.0,7,35,25,adaptive
1949,W2C,12,3.6343,142.0,8,35,25,adaptive
1950,N2C,18,2.7521,397.0,14,35,25,adaptive
1950,S2C,18,2.5342,403.0,14,35,25,adaptive
1950,E2C,12,4.5225,112.0,7,35,25,adaptive
1950,W2C,13,4.1687,150.0,8,35,25,adaptive
1951,N2C,18,2.9117,299.0,12,35,25,adaptive
1951,S2C,18,2.5089,305.0,12,35,25,adaptive
1951,E2C,12,4.0032,119.0,7,35,25,adaptive
1951,W2C,13,3.7715,158.0,8,35,25,adaptive
1952,N2C,18,3.1505,219.0,10,35,25,adaptive
1952,S2C,18,2.6618,223.0,10,35,25,adaptive
1952,E2C,12,3.6439,126.0,7,35,25,adaptive
1952,W2C,13,3.4621,167.0,9,35,25,adaptive
1953,N2C,16,3.0359,149.0,8,35,25,adaptive
1953,S2C,16,2.9005,151.0,9,35,25,adaptive
1953,E2C,12,3.4245,134.0,8,35,25,adaptive
1953,W2C,13,3.1413,176.0,9,35,25,adaptive
1954,N2C,17,3.675,91.0,6,35,25,adaptive
1954,S2C,17,3.8976,95.0,7,35,25,adaptive
1954,E2C,13,3.8413,143.0,9,35,25,adaptive
1954,W2C,14,3.8048,186.0,10,35,25,adaptive
1955,N2C,17,4.0737,51.0,4,35,25,adaptive
1955,S2C,16,3.9528,55.0,5,35,25,adaptive
1955,E2C,13,3.7779,152.0,9,35,25,adaptive
1955,W2C,14,3.7392,196.0,10,35,25,adaptive
1956,N2C,15,4.2785,20.0,2,35,25,adaptive
1956,S2C,15,4.311,25.0,3,35,25,adaptive
1956,E2C,13,3.6014,161.0,9,35,25,adaptive
1956,W2C,14,3.3816,206.0,10,35,25,adaptive
1957,N2C,15,4.8468,1.0,1,35,25,adaptive
1957,S2C,15,4.9184,6.0,2,35,25,adaptive
1957,E2C,13,3.2374,170.0,9,35,25,adaptive
1957,W2C,14,3.088,216.0,10,35,25,adaptive
1958,N2C,13,5.1616,0.0,0,35,25,adaptive
1958,S2C,13,5.3629,0.0,0,35,25,adaptive
1958,E2C,13,2.9756,179.0,9,35,25,adaptive
1958,W2C,14,2.764,226.0,10,35,25,adaptive
1959,N2C,14,6.7875,0.0,0,35,25,adaptive
1959,S2C,13,6.5117,0.0,0,35,25,adaptive
1959,E2C,14,3.5696,188.0,9,35,25,adaptive
1959,W2C,15,3.4966,236.0,10,35,25,adaptive
1960,N2C,12,6.9529,0.0,0,35,25,adaptive
1960,S2C,12,7.1596,0.0,0,35,25,adaptive
1960,E2C,14,3.3971,197.0,9,35,25,adaptive
1960,W2C,15,3.3512,247.0,11,35,25,adaptive
1961,N2C,12,7.6911,0.0,0,35,25,adaptive
1961,S2C,11,7.9403,0.0,0,35,25,adaptive
1961,E2C,14,3.4529,207.0,10,35,25,adaptive
1961,W2C,15,3.1386,258.0,11,35,25,adaptive
1962,N2C,10,8.4388,0.0,0,35,25,adaptive
1962,S2C,10,9.1234,0.0,0,35,25,adaptive
1962,E2C,14,3.4369,217.0,10,35,25,adaptive
1962,W2C,15,2.8129,269.0,11,35,25,adaptive
1963,N2C,10,9.2403,0.0,0,35,25,adaptive
1963,S2C,9,10.1763,0.0,0,35,25,adaptive
1963,E2C,15,3.7577,227.0,10,35,25,adaptive
1963,W2C,16,3.2384,281.0,12,35,25,adaptive
1964,N2C,9,10.3751,0.0,0,35,25,adaptive
1964,S2C,9,11.1665,0.0,0,35,25,adaptive
1964,E2C,15,3.4314,237.0,10,35,25,adaptive
1964,W2C,16,3.0703,293.0,12,35,25,adaptive
1965,N2C,8,11.1268,0.0,0,35,25,adaptive
1965,S2C,7,11.9961,0.0,0,35,25,adaptive
1965,E2C,15,3.3797,247.0,10,35,25,adaptive
1965,W2C,16,2.7598,305.0,12,35,25,adaptive
1966,N2C,7,11.795,0.0,0,35,25,adaptive
1966,S2C,7,12.5059,0.0,0,35,25,adaptive
1966,E2C,15,3.158,258.0,11,35,25,adaptive
1966,W2C,16,2.4187,317.0,12,35,25,adaptive
1967,N2C,6,12.1797,0.0,0,35,25,adaptive
1967,S2C,5,12.6893,0.0,0,35,25,adaptive
1967,E2C,15,2.7321,269.0,11,35,25,adaptive
1967,W2C,16,2.4327,329.0,12,35,25,adaptive
1968,N2C,6,12.8445,0.0,0,35,25,adaptive
1968,S2C,6,12.1717,0.0,0,35,25,adaptive
1968,E2C,16,3.3419,280.0,11,35,25,adaptive
1968,W2C,17,3.0108,341.0,12,35,25,adaptive
1969,N2C,4,13.2287,0.0,0,35,25,adaptive
1969,S2C,4,12.4139,0.0,0,35,25,adaptive
1969,E2C,16,2.9856,291.0,11,35,25,adaptive
1969,W2C,17,2.7299,353.0,12,35,25,adaptive
1970,N2C,4,13.1156,0.0,0,35,25,adaptive
1970,S2C,4,12.427,0.0,0,35,25,adaptive
1970,E2C,16,2.764,303.0,12,35,25,adaptive
1970,W2C,17,2.4478,366.0,13,35,25,adaptive
1971,N2C,4,13.009,0.0,0,35,25,adaptive
1971,S2C,4,12.3614,0.0,0,35,25,adaptive
1971,E2C,16,2.5591,315.0,12,35,25,adaptive
1971,W2C,17,2.2465,379.0,13,35,25,adaptive
1972,N2C,4,13.4025,0.0,0,35,25,adaptive
1972,S2C,4,12.5814,0.0,0,35,25,adaptive
1972,E2C,17,3.1016,327.0,12,35,25,adaptive
1972,W2C,18,2.7982,392.0,13,35,25,adaptive
1973,N2C,4,13.4712,0.0,0,35,25,adaptive
1973,S2C,4,12.3454,0.0,0,35,25,adaptive
1973,E2C,17,3.114,339.0,12,35,25,adaptive
1973,W2C,18,2.7704,406.0,14,35,25,adaptive
1974,N2C,4,13.1494,0.0,0,35,25,adaptive
1974,S2C,4,12.7406,0.0,0,35,25,adaptive
1974,E2C,17,2.9433,352.0,13,35,25,adaptive
1974,W2C,18,2.595,420.0,14,35,25,adaptive
1975,N2C,4,13.2467,0.0,0,35,25,adaptive
1975,S2C,4,12.1808,0.0,0,35,25,adaptive
1975,E2C,17,2.9279,365.0,13,35,25,adaptive
1975,W2C,18,2.3974,434.0,14,35,25,adaptive
1976,N2C,4,13.0998,0.0,0,35,25,adaptive
1976,S2C,4,12.5949,0.0,0,35,25,adaptive
1976,E2C,17,2.3647,378.0,13,35,25,adaptive
1976,W2C,18,2.1807,448.0,14,35,25,adaptive
1977,N2C,4,13.2673,0.0,0,35,25,adaptive
1977,S2C,5,12.5647,0.0,0,35,25,adaptive
1977,E2C,18,2.7822,391.0,13,35,25,adaptive
1977,W2C,19,2.6445,463.0,15,35,25,adaptive
1978,N2C,4,12.9608,0.0,0,35,25,adaptive
1978,S2C,4,12.2508,0.0,0,35,25,adaptive
1978,E2C,18,2.4106,405.0,14,35,25,adaptive
1978,W2C,19,2.4272,478.0,15,35,25,adaptive
1979,N2C,4,13.4002,0.0,0,35,25,adaptive
1979,S2C,4,12.4194,0.0,0,35,25,adaptive
1979,E2C,18,2.2258,419.0,14,35,25,adaptive
1979,W2C,19,2.1783,493.0,15,35,25,adaptive
1980,N2C,4,12.7832,0.0,0,28,32,adaptive
1980,S2C,4,12.5609,0.0,0,28,32,adaptive
1980,E2C,18,2.1796,433.0,14,28,32,adaptive
1980,W2C,19,2.0127,508.0,15,28,32,adaptive
1981,N2C,5,11.7834,0.0,0,28,32,adaptive
1981,S2C,5,11.7605,0.0,0,28,32,adaptive
1981,E2C,19,2.871,448.0,15,28,32,adaptive
1981,W2C,20,2.4108,523.0,15,28,32,adaptive
1982,N2C,5,11.0548,0.0,0,28,32,adaptive
1982,S2C,5,11.0645,0.0,0,28,32,adaptive
1982,E2C,19,2.5086,463.0,15,28,32,adaptive
1982,W2C,20,2.2148,539.0,16,28,32,adaptive
1983,N2C,5,10.2654,0.0,0,28,32,adaptive
1983,S2C,5,10.4132,0.0,0,28,32,adaptive
1983,E2C,19,2.2861,478.0,15,28,32,adaptive
1983,W2C,20,2.015,555.0,16,28,32,adaptive
1984,N2C,5,10.0169,1.0,1,28,32,adaptive
1984,S2C,5,9.6903,0.0,0,28,32,adaptive
1984,E2C,19,2.0682,494.0,16,28,32,adaptive
1984,W2C,20,1.8826,571.0,16,28,32,adaptive
1985,N2C,5,9.704,2.0,1,28,32,adaptive
1985,S2C,5,9.9199,1.0,1,28,32,adaptive
1985,E2C,19,1.9686,510.0,16,28,32,adaptive
1985,W2C,20,1.8265,588.0,17,28,32,adaptive
1986,N2C,6,9.6898,3.0,1,28,32,adaptive
1986,S2C,5,9.7482,2.0,1,28,32,adaptive
1986,E2C,20,2.3625,526.0,16,28,32,adaptive
1986,W2C,21,2.3317,605.0,17,28,32,adaptive
1987,N2C,6,8.9014,4.0,1,28,32,adaptive
1987,S2C,6,10.4407,3.0,1,28,32,adaptive
1987,E2C,20,2.1005,542.0,16,28,32,adaptive
1987,W2C,21,2.1225,622.0,17,28,32,adaptive
1988,N2C,6,8.2683,5.0,1,28,32,adaptive
1988,S2C,6,10.1551,4.0,1,28,32,adaptive
1988,E2C,20,1.9977,558.0,16,28,32,adaptive
1988,W2C,21,1.9118,639.0,17,28,32,adaptive
1989,N2C,6,7.7523,7.0,2,28,32,adaptive
1989,S2C,6,9.4563,5.0,1,28,32,adaptive
1989,E2C,20,2.0152,575.0,17,28,32,adaptive
1989,W2C,21,1.7978,656.0,17,28,32,adaptive
1990,N2C,7,7.7482,9.0,2,28,32,adaptive
1990,S2C,7,8.9941,6.0,1,28,32,adaptive
1990,E2C,21,2.4124,592.0,17,28,32,adaptive
1990,W2C,22,2.0934,674.0,18,28,32,adaptive
1991,N2C,7,7.0933,11.0,2,28,32,adaptive
1991,S2C,7,8.0977,8.0,2,28,32,adaptive
1991,E2C,21,2.1792,609.0,17,28,32,adaptive
1991,W2C,22,1.9103,692.0,18,28,32,adaptive
1992,N2C,7,7.0424,13.0,2,28,32,adaptive
1992,S2C,7,7.4672,10.0,2,28,32,adaptive
1992,E2C,21,1.9753,626.0,17,28,32,adaptive
1992,W2C,22,1.7985,710.0,18,28,32,adaptive
1993,N2C,7,7.1455,15.0,2,28,32,adaptive
1993,S2C,7,7.0031,12.0,2,28,32,adaptive
1993,E2C,21,1.7928,644.0,18,28,32,adaptive
1993,W2C,22,1.7311,728.0,18,28,32,adaptive
1994,N2C,7,6.4777,18.0,3,28,32,adaptive
1994,S2C,7,7.0166,14.0,2,28,32,adaptive
1994,E2C,21,1.6395,662.0,18,28,32,adaptive
1994,W2C,22,1.7592,747.0,19,28,32,adaptive
1995,N2C,8,6.7329,21.0,3,28,32,adaptive
1995,S2C,8,7.3718,17.0,3,28,32,adaptive
1995,E2C,22,2.0725,680.0,18,28,32,adaptive
1995,W2C,23,2.1173,766.0,19,28,32,adaptive
1996,N2C,8,6.0548,24.0,3,28,32,adaptive
1996,S2C,8,6.5764,20.0,3,28,32,adaptive
1996,E2C,22,1.812,698.0,18,28,32,adaptive
1996,W2C,23,1.8953,785.0,19,28,32,adaptive
1997,N2C,8,6.0021,28.0,4,28,32,adaptive
1997,S2C,8,5.8267,23.0,3,28,32,adaptive
1997,E2C,22,1.7895,716.0,18,28,32,adaptive
1997,W2C,23,1.6586,804.0,19,28,32,adaptive
1998,N2C,8,6.1672,32.0,4,28,32,adaptive
1998,S2C,8,5.5406,27.0,4,28,32,adaptive
1998,E2C,22,1.7326,735.0,19,28,32,adaptive
1998,W2C,23,1.5442,823.0,19,28,32,adaptive
1999,N2C,9,6.7013,36.0,4,28,32,adaptive
1999,S2C,9,5.8638,31.0,4,28,32,adaptive
1999,E2C,23,2.0507,754.0,19,28,32,adaptive
1999,W2C,24,1.9125,843.0,20,28,32,adaptive
2000,N2C,9,6.3853,40.0,4,28,32,adaptive
2000,S2C,9,5.3934,35.0,4,28,32,adaptive
2000,E2C,23,1.8273,773.0,19,28,32,adaptive
2000,W2C,24,1.7147,863.0,20,28,32,adaptive
2001,N2C,9,5.9846,44.0,4,28,32,adaptive
2001,S2C,9,5.3146,39.0,4,28,32,adaptive
2001,E2C,23,1.714,792.0,19,28,32,adaptive
2001,W2C,24,1.6314,883.0,20,28,32,adaptive
2002,N2C,9,5.5439,48.0,4,28,32,adaptive
2002,S2C,9,5.2591,44.0,5,28,32,adaptive
2002,E2C,23,1.5707,812.0,20,28,32,adaptive
2002,W2C,24,1.5259,903.0,20,28,32,adaptive
2003,N2C,9,5.4682,52.0,4,28,32,adaptive
2003,S2C,9,5.3127,49.0,5,28,32,adaptive
2003,E2C,23,1.3867,832.0,20,28,32,adaptive
2003,W2C,24,1.3102,924.0,21,28,32,adaptive
2004,N2C,10,5.7834,57.0,5,28,32,adaptive
2004,S2C,10,5.7965,54.0,5,28,32,adaptive
2004,E2C,24,1.6715,852.0,20,28,32,adaptive
2004,W2C,25,1.6996,945.0,21,28,32,adaptive
2005,N2C,10,5.6517,62.0,5,28,32,adaptive
2005,S2C,10,5.3967,59.0,5,28,32,adaptive
2005,E2C,24,1.5377,872.0,20,28,32,adaptive
2005,W2C,25,1.5887,966.0,21,28,32,adaptive
2006,N2C,10,5.1503,67.0,5,28,32,adaptive
2006,S2C,10,5.0709,64.0,5,28,32,adaptive
2006,E2C,24,1.5615,893.0,21,28,32,adaptive
2006,W2C,25,1.5791,987.0,21,28,32,adaptive
2007,N2C,10,4.3174,72.0,5,28,32,adaptive
2007,S2C,10,5.0659,69.0,5,28,32,adaptive
2007,E2C,24,1.3673,914.0,21,28,32,adaptive
2007,W2C,25,1.4704,1009.0,22,28,32,adaptive
2008,N2C,11,4.8569,77.0,5,28,32,adaptive
2008,S2C,11,5.6625,75.0,6,28,32,adaptive
2008,E2C,25,1.6935,935.0,21,28,32,adaptive
2008,W2C,26,1.7928,1031.0,22,28,32,adaptive
2009,N2C,11,4.5375,83.0,6,28,32,adaptive
2009,S2C,11,5.5754,81.0,6,28,32,adaptive
2009,E2C,23,1.6502,784.0,19,28,32,adaptive
2009,W2C,24,1.7338,873.0,20,28,32,adaptive
2010,N2C,11,4.2807,89.0,6,28,32,adaptive
2010,S2C,11,5.1989,87.0,6,28,32,adaptive
2010,E2C,23,1.7123,652.0,18,28,32,adaptive
2010,W2C,24,1.7255,725.0,18,28,32,adaptive
2011,N2C,11,4.0551,96.0,7,28,32,adaptive
2011,S2C,11,4.8114,93.0,6,28,32,adaptive
2011,E2C,23,1.87,526.0,16,28,32,adaptive
2011,W2C,24,1.8401,594.0,17,28,32,adaptive
2012,N2C,11,3.6422,103.0,7,28,32,adaptive
2012,S2C,11,4.0654,99.0,6,28,32,adaptive
2012,E2C,21,1.6778,416.0,14,28,32,adaptive
2012,W2C,22,1.7368,475.0,15,28,32,adaptive
2013,N2C,12,4.109,110.0,7,28,32,adaptive
2013,S2C,12,4.4022,106.0,7,28,32,adaptive
2013,E2C,22,2.3931,317.0,12,28,32,adaptive
2013,W2C,23,2.43,368.0,13,28,32,adaptive
2014,N2C,12,3.9092,118.0,8,28,32,adaptive
2014,S2C,12,4.3353,113.0,7,28,32,adaptive
2014,E2C,22,2.5884,239.0,10,28,32,adaptive
2014,W2C,23,2.9153,275.0,12,28,32,adaptive
2015,N2C,12,3.8662,126.0,8,28,32,adaptive
2015,S2C,12,4.3673,121.0,8,28,32,adaptive
2015,E2C,20,2.7627,166.0,9,28,32,adaptive
2015,W2C,21,2.8528,198.0,10,28,32,adaptive
2016,N2C,12,3.8928,134.0,8,28,32,adaptive
2016,S2C,12,3.9352,129.0,8,28,32,adaptive
2016,E2C,20,3.2634,106.0,7,28,32,adaptive
2016,W2C,21,3.2079,133.0,8,28,32,adaptive
2017,N2C,13,4.5178,142.0,8,28,32,adaptive
2017,S2C,13,4.2853,137.0,8,28,32,adaptive
2017,E2C,19,4.0415,84.0,6,28,32,adaptive
2017,W2C,20,3.5989,113.0,7,28,32,adaptive
2018,N2C,13,4.2246,150.0,8,28,32,adaptive
2018,S2C,13,3.9427,145.0,8,28,32,adaptive
2018,E2C,19,4.7106,43.0,4,28,32,adaptive
2018,W2C,20,4.2597,67.0,6,28,32,adaptive
2019,N2C,13,3.9895,158.0,8,28,32,adaptive
2019,S2C,13,3.8611,154.0,9,28,32,adaptive
2019,E2C,17,4.6339,15.0,2,28,32,adaptive
2019,W2C,18,4.2585,34.0,4,28,32,adaptive
2020,N2C,13,3.784,166.0,8,28,32,adaptive
2020,S2C,13,3.4128,163.0,9,28,32,adaptive
2020,E2C,17,5.1196,0.0,0,28,32,adaptive
2020,W2C,18,5.0182,13.0,2,28,32,adaptive
2021,N2C,13,3.3885,175.0,9,28,32,adaptive
2021,S2C,13,3.2373,172.0,9,28,32,adaptive
2021,E2C,15,4.9939,0.0,0,28,32,adaptive
2021,W2C,16,5.0204,4.0,1,28,32,adaptive
2022,N2C,14,3.8698,184.0,9,28,32,adaptive
2022,S2C,14,3.7412,181.0,9,28,32,adaptive
2022,E2C,16,6.4654,0.0,0,28,32,adaptive
2022,W2C,16,6.1119,0.0,0,28,32,adaptive
2023,N2C,14,3.5014,193.0,9,28,32,adaptive
2023,S2C,14,3.3459,190.0,9,28,32,adaptive
2023,E2C,14,7.2055,0.0,0,28,32,adaptive
2023,W2C,15,6.6416,0.0,0,28,32,adaptive
2024,N2C,14,3.2644,202.0,9,28,32,adaptive
2024,S2C,14,3.1389,200.0,10,28,32,adaptive
2024,E2C,14,8.3265,0.0,0,28,32,adaptive
2024,W2C,15,7.6559,0.0,0,28,32,adaptive
2025,N2C,14,2.922,212.0,10,28,32,adaptive
2025,S2C,14,2.7293,210.0,10,28,32,adaptive
2025,E2C,12,8.7343,0.0,0,28,32,adaptive
2025,W2C,13,7.7333,0.0,0,28,32,adaptive
2026,N2C,15,3.2528,222.0,10,28,32,adaptive
2026,S2C,15,3.3985,220.0,10,28,32,adaptive
2026,E2C,11,9.4423,0.0,0,28,32,adaptive
2026,W2C,13,9.139,0.0,0,28,32,adaptive
2027,N2C,15,3.2104,232.0,10,28,32,adaptive
2027,S2C,15,3.3578,230.0,10,28,32,adaptive
2027,E2C,11,10.5207,0.0,0,28,32,adaptive
2027,W2C,12,9.8626,0.0,0,28,32,adaptive
2028,N2C,15,3.2162,243.0,11,28,32,adaptive
2028,S2C,15,3.1479,241.0,11,28,32,adaptive
2028,E2C,9,10.8852,0.0,0,28,32,adaptive
2028,W2C,10,10.3714,0.0,0,28,32,adaptive
2029,N2C,15,3.1438,254.0,11,28,32,adaptive
2029,S2C,15,2.8906,252.0,11,28,32,adaptive
2029,E2C,9,11.3652,0.0,0,28,32,adaptive
2029,W2C,10,11.2183,0.0,0,28,32,adaptive
2030,N2C,15,2.9029,265.0,11,28,32,adaptive
2030,S2C,15,2.548,263.0,11,28,32,adaptive
2030,E2C,7,11.6115,0.0,0,28,32,adaptive
2030,W2C,8,11.5917,0.0,0,28,32,adaptive
2031,N2C,16,3.448,276.0,11,28,32,adaptive
2031,S2C,16,3.0939,274.0,11,28,32,adaptive
2031,E2C,8,12.2622,0.0,0,28,32,adaptive
2031,W2C,9,12.0439,0.0,0,28,32,adaptive
2032,N2C,16,3.0417,287.0,11,28,32,adaptive
2032,S2C,16,2.9807,285.0,11,28,32,adaptive
2032,E2C,7,12.2376,0.0,0,28,32,adaptive
2032,W2C,7,11.9717,0.0,0,28,32,adaptive
2033,N2C,16,2.7232,299.0,12,28,32,adaptive
2033,S2C,16,2.896,297.0,12,28,32,adaptive
2033,E2C,6,12.5345,0.0,0,28,32,adaptive
2033,W2C,6,12.5665,0.0,0,28,32,adaptive
2034,N2C,16,2.6042,311.0,12,28,32,adaptive
2034,S2C,16,2.6608,309.0,12,28,32,adaptive
2034,E2C,5,12.2943,0.0,0,28,32,adaptive
2034,W2C,5,12.7489,0.0,0,28,32,adaptive
2035,N2C,17,2.8705,323.0,12,28,32,adaptive
2035,S2C,17,3.0488,321.0,12,28,32,adaptive
2035,E2C,5,13.0692,0.0,0,28,32,adaptive
2035,W2C,6,12.3597,0.0,0,28,32,adaptive
2036,N2C,17,2.5184,336.0,13,28,32,adaptive
2036,S2C,17,2.7826,334.0,13,28,32,adaptive
2036,E2C,4,13.0613,0.0,0,28,32,adaptive
2036,W2C,5,12.4386,0.0,0,28,32,adaptive
2037,N2C,17,2.4223,349.0,13,28,32,adaptive
2037,S2C,17,2.5312,347.0,13,28,32,adaptive
2037,E2C,4,12.9758,0.0,0,28,32,adaptive
2037,W2C,4,13.3059,0.0,0,28,32,adaptive
2038,N2C,17,2.307,362.0,13,28,32,adaptive
2038,S2C,17,2.3193,360.0,13,28,32,adaptive
2038,E2C,4,13.2331,0.0,0,28,32,adaptive
2038,W2C,4,13.0273,0.0,0,28,32,adaptive
2039,N2C,17,2.0484,375.0,13,28,32,adaptive
2039,S2C,17,2.227,373.0,13,28,32,adaptive
2039,E2C,4,12.6934,0.0,0,28,32,adaptive
2039,W2C,4,12.1914,0.0,0,28,32,adaptive
2040,N2C,18,2.7561,388.0,13,28,32,adaptive
2040,S2C,18,2.7988,387.0,14,28,32,adaptive
2040,E2C,5,11.8424,0.0,0,28,32,adaptive
2040,W2C,5,12.1825,0.0,0,28,32,adaptive
2041,N2C,18,2.6885,401.0,13,28,32,adaptive
2041,S2C,18,2.5398,401.0,14,28,32,adaptive
2041,E2C,5,11.0732,0.0,0,28,32,adaptive
2041,W2C,5,11.0486,0.0,0,28,32,adaptive
2042,N2C,16,3.0301,302.0,12,28,32,adaptive
2042,S2C,16,2.5887,309.0,12,28,32,adaptive
2042,E2C,5,10.2461,1.0,1,28,32,adaptive
2042,W2C,5,10.2671,0.0,0,28,32,adaptive
2043,N2C,16,3.1964,217.0,10,28,32,adaptive
2043,S2C,16,2.541,222.0,10,28,32,adaptive
2043,E2C,5,9.7169,2.0,1,28,32,adaptive
2043,W2C,5,10.0279,1.0,1,28,32,adaptive
2044,N2C,17,3.8451,150.0,8,28,32,adaptive
2044,S2C,17,3.5818,153.0,9,28,32,adaptive
2044,E2C,6,9.9775,3.0,1,28,32,adaptive
2044,W2C,6,9.8319,2.0,1,28,32,adaptive
2045,N2C,15,3.7827,91.0,6,28,32,adaptive
2045,S2C,15,3.7933,98.0,7,28,32,adaptive
2045,E2C,6,9.0097,4.0,1,28,32,adaptive
2045,W2C,6,9.1774,3.0,1,28,32,adaptive
2046,N2C,15,4.0402,52.0,4,32,28,adaptive
2046,S2C,15,4.3953,54.0,5,32,28,adaptive
2046,E2C,6,8.9888,5.0,1,32,28,adaptive
2046,W2C,6,8.5695,4.0,1,32,28,adaptive
2047,N2C,14,4.3614,22.0,3,32,28,adaptive
2047,S2C,14,4.6631,24.0,3,32,28,adaptive
2047,E2C,6,8.6973,7.0,2,32,28,adaptive
2047,W2C,6,8.5943,5.0,1,32,28,adaptive
2048,N2C,13,4.6841,2.0,1,32,28,adaptive
2048,S2C,13,4.8802,5.0,1,32,28,adaptive
2048,E2C,6,8.617,9.0,2,32,28,adaptive
2048,W2C,6,7.9238,7.0,2,32,28,adaptive
2049,N2C,14,6.1548,0.0,0,32,28,adaptive
2049,S2C,13,5.5496,0.0,0,32,28,adaptive
2049,E2C,7,9.0259,11.0,2,32,28,adaptive
2049,W2C,7,8.045,9.0,2,32,28,adaptive
2050,N2C,12,6.4001,0.0,0,32,28,adaptive
2050,S2C,12,5.9757,0.0,0,32,28,adaptive
2050,E2C,7,8.4616,13.0,2,32,28,adaptive
2050,W2C,7,7.7883,11.0,2,32,28,adaptive
2051,N2C,12,7.0273,0.0,0,32,28,adaptive
2051,S2C,12,6.9598,0.0,0,32,28,adaptive
2051,E2C,7,7.8716,15.0,2,32,28,adaptive
2051,W2C,7,7.5611,13.0,2,32,28,adaptive
2052,N2C,10,7.7098,0.0,0,32,28,adaptive
2052,S2C,10,7.7171,0.0,0,32,28,adaptive
2052,E2C,7,7.0167,17.0,2,32,28,adaptive
2052,W2C,7,7.3559,16.0,3,32,28,adaptive
2053,N2C,10,8.9291,0.0,0,32,28,adaptive
2053,S2C,11,9.3186,0.0,0,32,28,adaptive
2053,E2C,8,7.0965,19.0,2,32,28,adaptive
2053,W2C,8,7.2534,19.0,3,32,28,adaptive
2054,N2C,9,9.434,0.0,0,32,28,adaptive
2054,S2C,9,9.7858,0.0,0,32,28,adaptive
2054,E2C,8,6.6496,22.0,3,32,28,adaptive
2054,W2C,8,7.2507,22.0,3,32,28,adaptive
2055,N2C,8,10.5226,0.0,0,32,28,adaptive
2055,S2C,8,10.4967,0.0,0,32,28,adaptive
2055,E2C,8,6.5825,25.0,3,32,28,adaptive
2055,W2C,8,6.907,25.0,3,32,28,adaptive
2056,N2C,7,11.4974,0.0,0,32,28,adaptive
2056,S2C,7,11.1107,0.0,0,32,28,adaptive
2056,E2C,8,6.0875,29.0,4,32,28,adaptive
2056,W2C,8,6.2095,28.0,3,32,28,adaptive
2057,N2C,6,11.6072,0.0,0,32,28,adaptive
2057,S2C,5,12.1087,0.0,0,32,28,adaptive
2057,E2C,8,5.7809,33.0,4,32,28,adaptive
2057,W2C,8,5.645,31.0,3,32,28,adaptive
2058,N2C,6,12.5995,0.0,0,32,28,adaptive
2058,S2C,6,12.4392,0.0,0,32,28,adaptive
2058,E2C,9,6.2039,37.0,4,32,28,adaptive
2058,W2C,9,5.8842,34.0,3,32,28,adaptive
2059,N2C,5,12.5129,0.0,0,32,28,adaptive
2059,S2C,5,13.0228,0.0,0,32,28,adaptive
2059,E2C,9,5.8052,41.0,4,32,28,adaptive
2059,W2C,9,5.5428,38.0,4,32,28,adaptive
2060,N2C,4,13.1306,0.0,0,32,28,adaptive
2060,S2C,4,12.7777,0.0,0,32,28,adaptive
2060,E2C,9,5.4991,46.0,5,32,28,adaptive
2060,W2C,9,5.4749,42.0,4,32,28,adaptive
2061,N2C,4,13.2523,0.0,0,32,28,adaptive
2061,S2C,4,13.033,0.0,0,32,28,adaptive
2061,E2C,9,4.9154,51.0,5,32,28,adaptive
2061,W2C,9,4.9609,47.0,5,32,28,adaptive
2062,N2C,4,13.0617,0.0,0,32,28,adaptive
2062,S2C,5,13.1314,0.0,0,32,28,adaptive
2062,E2C,10,5.5653,56.0,5,32,28,adaptive
2062,W2C,10,5.4509,52.0,5,32,28,adaptive
2063,N2C,4,13.1121,0.0,0,32,28,adaptive
2063,S2C,4,12.7925,0.0,0,32,28,adaptive
2063,E2C,10,5.2528,61.0,5,32,28,adaptive
2063,W2C,10,5.0347,57.0,5,32,28,adaptive
2064,N2C,4,13.0208,0.0,0,32,28,adaptive
2064,S2C,4,12.4728,0.0,0,32,28,adaptive
2064,E2C,10,5.061,67.0,6,32,28,adaptive
2064,W2C,10,4.9866,63.0,6,32,28,adaptive
2065,N2C,4,13.1693,0.0,0,32,28,adaptive
2065,S2C,4,12.663,0.0,0,32,28,adaptive
2065,E2C,10,4.6916,73.0,6,32,28,adaptive
2065,W2C,10,4.366,69.0,6,32,28,adaptive
2066,N2C,4,13.0311,0.0,0,32,28,adaptive
2066,S2C,4,13.0604,0.0,0,32,28,adaptive
2066,E2C,10,4.2242,79.0,6,32,28,adaptive
2066,W2C,10,3.9414,75.0,6,32,28,adaptive
2067,N2C,4,13.1027,0.0,0,32,28,adaptive
2067,S2C,5,12.9025,0.0,0,32,28,adaptive
2067,E2C,11,4.7547,85.0,6,32,28,adaptive
2067,W2C,11,4.6288,81.0,6,32,28,adaptive
2068,N2C,4,12.5953,0.0,0,32,28,adaptive
2068,S2C,4,12.8832,0.0,0,32,28,adaptive
2068,E2C,11,4.6639,92.0,7,32,28,adaptive
2068,W2C,11,4.6514,87.0,6,32,28,adaptive
2069,N2C,4,12.6534,0.0,0,32,28,adaptive
2069,S2C,4,12.6422,0.0,0,32,28,adaptive
2069,E2C,11,4.6625,99.0,7,32,28,adaptive
2069,W2C,11,4.5198,93.0,6,32,28,adaptive
2070,N2C,4,13.0421,0.0,0,32,28,adaptive
2070,S2C,4,13.1242,0.0,0,32,28,adaptive
2070,E2C,11,4.2301,106.0,7,32,28,adaptive
2070,W2C,11,4.3778,100.0,7,32,28,adaptive
2071,N2C,4,12.8698,0.0,0,32,28,adaptive
2071,S2C,4,13.0232,0.0,0,32,28,adaptive
2071,E2C,12,5.0513,113.0,7,32,28,adaptive
2071,W2C,12,5.1773,107.0,7,32,28,adaptive
2072,N2C,4,13.3871,0.0,0,32,28,adaptive
2072,S2C,4,12.9447,0.0,0,32,28,adaptive
2072,E2C,12,4.7309,120.0,7,32,28,adaptive
2072,W2C,12,5.031,114.0,7,32,28,adaptive
2073,N2C,4,13.1697,0.0,0,32,28,adaptive
2073,S2C,4,12.8228,0.0,0,32,28,adaptive
2073,E2C,12,4.1337,127.0,7,32,28,adaptive
2073,W2C,12,4.7833,121.0,7,32,28,adaptive
2074,N2C,4,12.8809,0.0,0,32,28,adaptive
2074,S2C,4,12.8983,0.0,0,32,28,adaptive
2074,E2C,12,3.9362,134.0,7,32,28,adaptive
2074,W2C,12,4.3058,128.0,7,32,28,adaptive
2075,N2C,4,13.2093,0.0,0,32,28,adaptive
2075,S2C,4,12.7821,0.0,0,32,28,adaptive
2075,E2C,12,3.5749,142.0,8,32,28,adaptive
2075,W2C,12,3.8311,135.0,7,32,28,adaptive
2076,N2C,4,12.9997,0.0,0,32,28,adaptive
2076,S2C,4,13.1286,0.0,0,32,28,adaptive
2076,E2C,13,3.9699,150.0,8,32,28,adaptive
2076,W2C,13,4.0284,143.0,8,32,28,adaptive
2077,N2C,4,12.9877,0.0,0,32,28,adaptive
2077,S2C,4,12.7512,0.0,0,32,28,adaptive
2077,E2C,13,3.9311,158.0,8,32,28,adaptive
2077,W2C,13,3.7564,151.0,8,32,28,adaptive
2078,N2C,4,13.1997,0.0,0,32,28,adaptive
2078,S2C,4,12.7864,0.0,0,32,28,adaptive
2078,E2C,13,3.5327,167.0,9,32,28,adaptive
2078,W2C,13,3.4955,160.0,9,32,28,adaptive
2079,N2C,4,12.4825,0.0,0,32,28,adaptive
2079,S2C,4,13.2675,0.0,0,32,28,adaptive
2079,E2C,13,3.2933,176.0,9,32,28,adaptive
2079,W2C,13,3.0848,169.0,9,32,28,adaptive
2080,N2C,5,11.6589,0.0,0,32,28,adaptive
2080,S2C,5,12.963,0.0,0,32,28,adaptive
2080,E2C,14,3.8053,185.0,9,32,28,adaptive
2080,W2C,14,3.6877,178.0,9,32,28,adaptive
2081,N2C,5,10.7414,0.0,0,32,28,adaptive
2081,S2C,5,12.3857,0.0,0,32,28,adaptive
2081,E2C,14,3.6967,194.0,9,32,28,adaptive
2081,W2C,14,3.5622,187.0,9,32,28,adaptive
2082,N2C,5,10.2175,0.0,0,32,28,adaptive
2082,S2C,5,11.7465,0.0,0,32,28,adaptive
2082,E2C,12,3.8288,127.0,8,32,28,adaptive
2082,W2C,12,3.7358,122.0,8,32,28,adaptive
2083,N2C,5,9.9189,1.0,1,32,28,adaptive
2083,S2C,5,10.5195,0.0,0,32,28,adaptive
2083,E2C,12,3.5995,77.0,6,32,28,adaptive
2083,W2C,12,3.7129,73.0,6,32,28,adaptive
2084,N2C,5,10.0545,2.0,1,32,28,adaptive
2084,S2C,5,10.4185,1.0,1,32,28,adaptive
2084,E2C,12,3.7905,37.0,4,32,28,adaptive
2084,W2C,12,3.7737,34.0,4,32,28,adaptive
2085,N2C,6,10.6258,3.0,1,32,28,adaptive
2085,S2C,6,9.7264,2.0,1,32,28,adaptive
2085,E2C,12,4.9356,13.0,3,32,28,adaptive
2085,W2C,11,5.3525,15.0,3,32,28,adaptive
2086,N2C,6,9.8019,4.0,1,32,28,adaptive
2086,S2C,6,9.2184,3.0,1,32,28,adaptive
2086,E2C,11,5.1208,2.0,1,32,28,adaptive
2086,W2C,11,5.8771,2.0,1,32,28,adaptive
2087,N2C,6,8.9995,5.0,1,32,28,adaptive
2087,S2C,6,8.5047,5.0,2,32,28,adaptive
2087,E2C,11,5.7154,0.0,0,32,28,adaptive
2087,W2C,10,6.1571,0.0,0,32,28,adaptive
2088,N2C,6,8.3286,6.0,1,32,28,adaptive
2088,S2C,6,7.9638,7.0,2,32,28,adaptive
2088,E2C,9,6.098,0.0,0,32,28,adaptive
2088,W2C,9,6.8251,0.0,0,32,28,adaptive
2089,N2C,7,8.6207,8.0,2,32,28,adaptive
2089,S2C,7,8.0926,9.0,2,32,28,adaptive
2089,E2C,10,8.0235,0.0,0,32,28,adaptive
2089,W2C,9,8.11,0.0,0,32,28,adaptive
2090,N2C,7,7.8824,10.0,2,32,28,adaptive
2090,S2C,7,7.3878,11.0,2,32,28,adaptive
2090,E2C,8,8.6647,0.0,0,32,28,adaptive
2090,W2C,8,9.1881,0.0,0,32,28,adaptive
2091,N2C,7,7.3396,12.0,2,32,28,adaptive
2091,S2C,7,7.0141,14.0,3,32,28,adaptive
2091,E2C,8,9.5793,0.0,0,32,28,adaptive
2091,W2C,8,9.747,0.0,0,32,28,adaptive
2092,N2C,7,7.2562,14.0,2,32,28,adaptive
2092,S2C,7,7.0932,17.0,3,32,28,adaptive
2092,E2C,6,10.791,0.0,0,32,28,adaptive
2092,W2C,6,11.186,0.0,0,32,28,adaptive
2093,N2C,7,6.3817,17.0,3,32,28,adaptive
2093,S2C,7,6.6481,20.0,3,32,28,adaptive
2093,E2C,6,11.448,0.0,0,32,28,adaptive
2093,W2C,5,11.976,0.0,0,32,28,adaptive
2094,N2C,8,6.8686,20.0,3,32,28,adaptive
2094,S2C,8,7.0562,23.0,3,32,28,adaptive
2094,E2C,5,12.6533,0.0,0,32,28,adaptive
2094,W2C,5,12.6273,0.0,0,32,28,adaptive
2095,N2C,8,6.214,23.0,3,32,28,adaptive
2095,S2C,8,6.1651,26.0,3,32,28,adaptive
2095,E2C,5,12.0777,0.0,0,32,28,adaptive
2095,W2C,5,12.7045,0.0,0,32,28,adaptive
2096,N2C,8,6.1825,27.0,4,32,28,adaptive
2096,S2C,8,6.4195,29.0,3,32,28,adaptive
2096,E2C,5,12.1916,0.0,0,32,28,adaptive
2096,W2C,5,12.3529,0.0,0,32,28,adaptive
2097,N2C,8,6.0672,31.0,4,32,28,adaptive
2097,S2C,8,5.7345,32.0,3,32,28,adaptive
2097,E2C,4,12.6214,0.0,0,32,28,adaptive
2097,W2C,4,12.9954,0.0,0,32,28,adaptive
2098,N2C,9,7.1392,35.0,4,32,28,adaptive
2098,S2C,9,6.1959,36.0,4,32,28,adaptive
2098,E2C,4,12.6669,0.0,0,32,28,adaptive
2098,W2C,5,13.0579,0.0,0,32,28,adaptive
2099,N2C,9,6.4453,39.0,4,32,28,adaptive
2099,S2C,9,5.8094,40.0,4,32,28,adaptive
2099,E2C,4,12.6764,0.0,0,32,28,adaptive
2099,W2C,4,12.938,0.0,0,32,28,adaptive
2100,N2C,9,5.8784,43.0,4,32,28,adaptive
2100,S2C,9,5.6199,45.0,5,32,28,adaptive
2100,E2C,4,12.7028,0.0,0,32,28,adaptive
2100,W2C,4,12.9709,0.0,0,32,28,adaptive
2101,N2C,9,5.6742,47.0,4,32,28,adaptive
2101,S2C,9,5.7317,50.0,5,32,28,adaptive
2101,E2C,4,12.4,0.0,0,32,28,adaptive
2101,W2C,4,13.0457,0.0,0,32,28,adaptive
2102,N2C,9,5.5403,52.0,5,32,28,adaptive
2102,S2C,9,5.6459,55.0,5,32,28,adaptive
2102,E2C,4,12.5314,0.0,0,32,28,adaptive
2102,W2C,4,12.8795,0.0,0,32,28,adaptive
2103,N2C,10,6.1245,57.0,5,32,28,adaptive
2103,S2C,10,6.3111,60.0,5,32,28,adaptive
2103,E2C,5,12.0642,0.0,0,32,28,adaptive
2103,W2C,4,13.2542,0.0,0,32,28,adaptive
2104,N2C,10,5.9117,62.0,5,32,28,adaptive
2104,S2C,10,5.8406,65.0,5,32,28,adaptive
2104,E2C,5,11.9032,0.0,0,32,28,adaptive
2104,W2C,4,12.7836,0.0,0,32,28,adaptive
2105,N2C,10,5.1235,67.0,5,32,28,adaptive
2105,S2C,10,5.6017,70.0,5,32,28,adaptive
2105,E2C,5,12.1558,0.0,0,32,28,adaptive
2105,W2C,4,12.8929,0.0,0,32,28,adaptive
2106,N2C,10,4.6008,72.0,5,32,28,adaptive
2106,S2C,10,4.9617,75.0,5,32,28,adaptive
2106,E2C,5,11.9847,0.0,0,32,28,adaptive
2106,W2C,4,12.7066,0.0,0,32,28,adaptive
2107,N2C,11,5.0173,77.0,5,32,28,adaptive
2107,S2C,11,5.2596,80.0,5,32,28,adaptive
2107,E2C,5,12.2079,0.0,0,32,28,adaptive
2107,W2C,3,12.3759,0.0,0,32,28,adaptive
2108,N2C,11,4.792,83.0,6,32,28,adaptive
2108,S2C,11,4.8912,85.0,5,32,28,adaptive
2108,E2C,4,12.3005,0.0,0,32,28,adaptive
2108,W2C,4,12.8993,0.0,0,32,28,adaptive
2109,N2C,11,4.5893,90.0,7,32,28,adaptive
2109,S2C,11,4.9214,90.0,5,32,28,adaptive
2109,E2C,4,12.7128,0.0,0,32,28,adaptive
2109,W2C,4,13.0084,0.0,0,32,28,adaptive
2110,N2C,11,4.2756,97.0,7,32,28,adaptive
2110,S2C,11,4.3025,97.0,7,32,28,adaptive
2110,E2C,4,11.9446,0.0,0,32,28,adaptive
2110,W2C,4,12.4972,0.0,0,32,28,adaptive
2111,N2C,11,4.0784,104.0,7,32,28,adaptive
2111,S2C,11,3.97,104.0,7,32,28,adaptive
2111,E2C,4,12.3967,0.0,0,32,28,adaptive
2111,W2C,4,12.5289,0.0,0,32,28,adaptive
2112,N2C,12,4.5044,111.0,7,35,25,adaptive
2112,S2C,12,4.5127,111.0,7,35,25,adaptive
2112,E2C,4,12.6154,0.0,0,35,25,adaptive
2112,W2C,5,13.1324,0.0,0,35,25,adaptive
2113,N2C,12,4.1191,118.0,7,35,25,adaptive
2113,S2C,12,4.2243,118.0,7,35,25,adaptive
2113,E2C,4,12.5046,0.0,0,35,25,adaptive
2113,W2C,5,11.9859,0.0,0,35,25,adaptive
2114,N2C,12,3.618,126.0,8,35,25,adaptive
2114,S2C,12,3.8787,126.0,8,35,25,adaptive
2114,E2C,4,12.7289,0.0,0,35,25,adaptive
2114,W2C,5,11.1736,0.0,0,35,25,adaptive
2115,N2C,12,3.4126,134.0,8,35,25,adaptive
2115,S2C,12,3.4901,134.0,8,35,25,adaptive
2115,E2C,4,12.2272,0.0,0,35,25,adaptive
2115,W2C,5,10.1002,0.0,0,35,25,adaptive
2116,N2C,13,3.9199,142.0,8,35,25,adaptive
2116,S2C,13,4.138,142.0,8,35,25,adaptive
2116,E2C,5,11.4271,0.0,0,35,25,adaptive
2116,W2C,6,9.9497,0.0,0,35,25,adaptive
2117,N2C,13,3.9983,150.0,8,35,25,adaptive
2117,S2C,13,3.9778,151.0,9,35,25,adaptive
2117,E2C,5,10.4532,0.0,0,35,25,adaptive
2117,W2C,6,9.0134,1.0,1,35,25,adaptive
2118,N2C,13,3.7546,159.0,9,35,25,adaptive
2118,S2C,13,3.8206,160.0,9,35,25,adaptive
2118,E2C,5,9.6527,1.0,1,35,25,adaptive
2118,W2C,6,8.614,2.0,1,35,25,adaptive
2119,N2C,13,3.4178,168.0,9,35,25,adaptive
2119,S2C,13,3.4884,169.0,9,35,25,adaptive
2119,E2C,5,9.7181,2.0,1,35,25,adaptive
2119,W2C,6,8.4215,4.0,2,35,25,adaptive
2120,N2C,13,3.0867,177.0,9,35,25,adaptive
2120,S2C,13,3.0654,178.0,9,35,25,adaptive
2120,E2C,5,9.5954,3.0,1,35,25,adaptive
2120,W2C,6,7.5946,6.0,2,35,25,adaptive
2121,N2C,14,3.6978,187.0,10,35,25,adaptive
2121,S2C,14,3.6637,187.0,9,35,25,adaptive
2121,E2C,6,10.3638,4.0,1,35,25,adaptive
2121,W2C,7,7.971,8.0,2,35,25,adaptive
2122,N2C,14,3.604,197.0,10,35,25,adaptive
2122,S2C,14,3.4956,197.0,10,35,25,adaptive
2122,E2C,6,10.2552,5.0,1,35,25,adaptive
2122,W2C,7,7.5157,10.0,2,35,25,adaptive
2123,N2C,14,3.3354,207.0,10,35,25,adaptive
2123,S2C,14,3.1517,207.0,10,35,25,adaptive
2123,E2C,6,10.2111,6.0,1,35,25,adaptive
2123,W2C,7,7.2086,12.0,2,35,25,adaptive
2124,N2C,14,3.0685,217.0,10,35,25,adaptive
2124,S2C,14,2.8094,217.0,10,35,25,adaptive
2124,E2C,6,9.9242,7.0,1,35,25,adaptive
2124,W2C,7,7.1057,15.0,3,35,25,adaptive
2125,N2C,15,3.4873,227.0,10,35,25,adaptive
2125,S2C,15,3.5489,227.0,10,35,25,adaptive
2125,E2C,7,9.6222,8.0,1,35,25,adaptive
2125,W2C,8,7.4039,18.0,3,35,25,adaptive
2126,N2C,15,3.3881,237.0,10,35,25,adaptive
2126,S2C,15,3.3917,238.0,11,35,25,adaptive
2126,E2C,7,8.4438,9.0,1,35,25,adaptive
2126,W2C,8,6.6764,21.0,3,35,25,adaptive
2127,N2C,15,3.4443,247.0,10,35,25,adaptive
2127,S2C,15,3.0971,249.0,11,35,25,adaptive
2127,E2C,7,7.8941,10.0,1,35,25,adaptive
2127,W2C,8,6.2878,24.0,3,35,25,adaptive
2128,N2C,15,3.2744,258.0,11,35,25,adaptive
2128,S2C,15,2.8122,260.0,11,35,25,adaptive
2128,E2C,7,6.9388,11.0,1,35,25,adaptive
2128,W2C,8,6.4548,28.0,4,35,25,adaptive
2129,N2C,15,3.023,269.0,11,35,25,adaptive
2129,S2C,15,2.576,271.0,11,35,25,adaptive
2129,E2C,7,6.3879,14.0,3,35,25,adaptive
2129,W2C,8,6.2418,32.0,4,35,25,adaptive
2130,N2C,16,3.186,280.0,11,35,25,adaptive
2130,S2C,16,3.296,283.0,12,35,25,adaptive
2130,E2C,8,7.2898,17.0,3,35,25,adaptive
2130,W2C,9,7.0782,36.0,4,35,25,adaptive
2131,N2C,16,2.8255,291.0,11,35,25,adaptive
2131,S2C,16,2.953,295.0,12,35,25,adaptive
2131,E2C,8,6.5957,20.0,3,35,25,adaptive
2131,W2C,9,6.8037,40.0,4,35,25,adaptive
2132,N2C,16,2.6123,302.0,11,35,25,adaptive
2132,S2C,16,2.76,307.0,12,35,25,adaptive
2132,E2C,8,6.4001,23.0,3,35,25,adaptive
2132,W2C,9,6.4138,44.0,4,35,25,adaptive
2133,N2C,16,2.4585,313.0,11,35,25,adaptive
2133,S2C,16,2.5601,319.0,12,35,25,adaptive
2133,E2C,8,6.4516,27.0,4,35,25,adaptive
2133,W2C,9,5.4428,48.0,4,35,25,adaptive
2134,N2C,17,3.1289,326.0,13,35,25,adaptive
2134,S2C,17,3.1049,331.0,12,35,25,adaptive
2134,E2C,9,6.6011,31.0,4,35,25,adaptive
2134,W2C,10,5.6926,52.0,4,35,25,adaptive
2135,N2C,17,2.8696,339.0,13,35,25,adaptive
2135,S2C,17,3.0652,343.0,12,35,25,adaptive
2135,E2C,9,6.1201,35.0,4,35,25,adaptive
2135,W2C,10,5.0971,57.0,5,35,25,adaptive
2136,N2C,17,2.6715,352.0,13,35,25,adaptive
2136,S2C,17,2.9485,356.0,13,35,25,adaptive
2136,E2C,9,5.6656,39.0,4,35,25,adaptive
2136,W2C,10,5.3072,63.0,6,35,25,adaptive
2137,N2C,17,2.4315,365.0,13,35,25,adaptive
2137,S2C,17,2.7001,369.0,13,35,25,adaptive
2137,E2C,9,4.8943,43.0,4,35,25,adaptive
2137,W2C,10,5.1609,69.0,6,35,25,adaptive
2138,N2C,17,2.2413,379.0,14,35,25,adaptive
2138,S2C,17,2.2878,382.0,13,35,25,adaptive
2138,E2C,9,4.8508,47.0,4,35,25,adaptive
2138,W2C,10,4.8466,75.0,6,35,25,adaptive
2139,N2C,18,2.9159,393.0,14,35,25,adaptive
2139,S2C,18,2.6236,396.0,14,35,25,adaptive
2139,E2C,10,5.2882,52.0,5,35,25,adaptive
2139,W2C,11,5.2981,81.0,6,35,25,adaptive
2140,N2C,18,2.6586,407.0,14,35,25,adaptive
2140,S2C,18,2.3803,410.0,14,35,25,adaptive
2140,E2C,10,4.9591,57.0,5,35,25,adaptive
2140,W2C,11,4.6948,87.0,6,35,25,adaptive
2141,N2C,18,2.4612,421.0,14,35,25,adaptive
2141,S2C,18,2.1843,424.0,14,35,25,adaptive
2141,E2C,10,4.7645,63.0,6,35,25,adaptive
2141,W2C,11,4.3659,94.0,7,35,25,adaptive
2142,N2C,18,2.2469,435.0,14,35,25,adaptive
2142,S2C,18,2.1126,439.0,15,35,25,adaptive
2142,E2C,10,4.4917,69.0,6,35,25,adaptive
2142,W2C,11,4.0223,101.0,7,35,25,adaptive
2143,N2C,19,2.7427,449.0,14,35,25,adaptive
2143,S2C,19,2.7062,454.0,15,35,25,adaptive
2143,E2C,11,4.884,75.0,6,35,25,adaptive
2143,W2C,12,4.4086,108.0,7,35,25,adaptive
2144,N2C,19,2.4172,464.0,15,35,25,adaptive
2144,S2C,19,2.3683,469.0,15,35,25,adaptive
2144,E2C,11,4.4932,81.0,6,35,25,adaptive
2144,W2C,12,4.417,115.0,7,35,25,adaptive
2145,N2C,19,2.2521,479.0,15,35,25,adaptive
2145,S2C,19,2.2116,484.0,15,35,25,adaptive
2145,E2C,11,4.5276,88.0,7,35,25,adaptive
2145,W2C,12,4.3539,123.0,8,35,25,adaptive
2146,N2C,19,1.9637,494.0,15,35,25,adaptive
2146,S2C,19,1.9761,499.0,15,35,25,adaptive
2146,E2C,11,4.0075,95.0,7,35,25,adaptive
2146,W2C,12,3.9691,131.0,8,35,25,adaptive
2147,N2C,19,1.8461,510.0,16,35,25,adaptive
2147,S2C,19,1.9476,515.0,16,35,25,adaptive
2147,E2C,11,3.8478,102.0,7,35,25,adaptive
2147,W2C,12,3.5924,139.0,8,35,25,adaptive
2148,N2C,18,2.4222,400.0,14,35,25,adaptive
2148,S2C,18,2.5576,404.0,14,35,25,adaptive
2148,E2C,12,4.2523,109.0,7,35,25,adaptive
2148,W2C,13,3.9805,147.0,8,35,25,adaptive
2149,N2C,18,2.3359,303.0,12,35,25,adaptive
2149,S2C,18,2.5139,307.0,12,35,25,adaptive
2149,E2C,12,4.2253,116.0,7,35,25,adaptive
2149,W2C,13,3.7314,155.0,8,35,25,adaptive
2150,N2C,18,2.5933,223.0,10,35,25,adaptive
2150,S2C,18,2.6597,227.0,10,35,25,adaptive
2150,E2C,12,4.1591,123.0,7,35,25,adaptive
2150,W2C,13,3.3945,163.0,8,35,25,adaptive
2151,N2C,16,2.837,153.0,9,35,25,adaptive
2151,S2C,16,2.7004,158.0,9,35,25,adaptive
2151,E2C,12,4.0928,130.0,7,35,25,adaptive
2151,W2C,13,3.1248,172.0,9,35,25,adaptive
2152,N2C,17,3.7816,95.0,7,35,25,adaptive
2152,S2C,17,3.948,100.0,7,35,25,adaptive
2152,E2C,13,4.8147,138.0,8,35,25,adaptive
2152,W2C,14,3.8083,181.0,9,35,25,adaptive
2153,N2C,16,3.8824,56.0,5,35,25,adaptive
2153,S2C,16,4.0961,55.0,5,35,25,adaptive
2153,E2C,13,4.7149,146.0,8,35,25,adaptive
2153,W2C,14,3.4524,191.0,10,35,25,adaptive
2154,N2C,15,4.0554,23.0,3,35,25,adaptive
2154,S2C,15,4.2841,25.0,3,35,25,adaptive
2154,E2C,13,4.4123,154.0,8,35,25,adaptive
2154,W2C,14,3.3337,201.0,10,35,25,adaptive
2155,N2C,14,4.6078,14.0,2,35,25,adaptive
2155,S2C,14,4.6294,14.0,2,35,25,adaptive
2155,E2C,13,3.772,162.0,8,35,25,adaptive
2155,W2C,14,3.0248,211.0,10,35,25,adaptive
2156,N2C,13,5.5939,0.0,0,35,25,adaptive
2156,S2C,13,5.4483,1.0,1,35,25,adaptive
2156,E2C,13,3.6895,171.0,9,35,25,adaptive
2156,W2C,14,2.7222,221.0,10,35,25,adaptive
2157,N2C,13,6.9035,0.0,0,35,25,adaptive
2157,S2C,13,6.3616,0.0,0,35,25,adaptive
2157,E2C,14,4.1206,180.0,9,35,25,adaptive
2157,W2C,15,3.3855,231.0,10,35,25,adaptive
2158,N2C,12,7.7507,0.0,0,35,25,adaptive
2158,S2C,12,6.6894,0.0,0,35,25,adaptive
2158,E2C,14,3.355,190.0,10,35,25,adaptive
2158,W2C,15,3.2496,242.0,11,35,25,adaptive
2159,N2C,11,8.3819,0.0,0,35,25,adaptive
2159,S2C,11,7.1661,0.0,0,35,25,adaptive
2159,E2C,14,3.2504,200.0,10,35,25,adaptive
2159,W2C,15,3.1126,253.0,11,35,25,adaptive
2160,N2C,10,9.0288,0.0,0,35,25,adaptive
2160,S2C,10,8.21,0.0,0,35,25,adaptive
2160,E2C,14,2.851,210.0,10,35,25,adaptive
2160,W2C,15,2.7923,264.0,11,35,25,adaptive
2161,N2C,10,10.0122,0.0,0,35,25,adaptive
2161,S2C,10,9.638,0.0,0,35,25,adaptive
2161,E2C,15,3.4904,221.0,11,35,25,adaptive
2161,W2C,16,3.3438,275.0,11,35,25,adaptive
2162,N2C,9,10.5619,0.0,0,35,25,adaptive
2162,S2C,9,10.2018,0.0,0,35,25,adaptive
2162,E2C,15,3.4679,232.0,11,35,25,adaptive
2162,W2C,16,3.1615,287.0,12,35,25,adaptive
2163,N2C,7,11.2448,0.0,0,35,25,adaptive
2163,S2C,8,11.0485,0.0,0,35,25,adaptive
2163,E2C,15,3.1533,243.0,11,35,25,adaptive
2163,W2C,16,3.0452,299.0,12,35,25,adaptive
2164,N2C,7,12.0563,0.0,0,35,25,adaptive
2164,S2C,7,11.7185,0.0,0,35,25,adaptive
2164,E2C,15,2.8159,254.0,11,35,25,adaptive
2164,W2C,16,2.8208,311.0,12,35,25,adaptive
2165,N2C,5,12.0762,0.0,0,35,25,adaptive
2165,S2C,6,12.2793,0.0,0,35,25,adaptive
2165,E2C,15,2.5547,265.0,11,35,25,adaptive
2165,W2C,16,2.521,323.0,12,35,25,adaptive
2166,N2C,6,12.5326,0.0,0,35,25,adaptive
2166,S2C,6,12.4826,0.0,0,35,25,adaptive
2166,E2C,16,3.0415,276.0,11,35,25,adaptive
2166,W2C,17,2.9678,335.0,12,35,25,adaptive
2167,N2C,4,12.8286,0.0,0,35,25,adaptive
2167,S2C,4,12.3326,0.0,0,35,25,adaptive
2167,E2C,16,2.7526,288.0,12,35,25,adaptive
2167,W2C,17,2.669,347.0,12,35,25,adaptive
2168,N2C,4,12.1586,0.0,0,35,25,adaptive
2168,S2C,4,12.0965,0.0,0,35,25,adaptive
2168,E2C,16,2.4992,300.0,12,35,25,adaptive
2168,W2C,17,2.476,360.0,13,35,25,adaptive
2169,N2C,4,12.3187,0.0,0,35,25,adaptive
2169,S2C,4,12.7569,0.0,0,35,25,adaptive
2169,E2C,16,2.309,312.0,12,35,25,adaptive
2169,W2C,17,2.3498,373.0,13,35,25,adaptive
2170,N2C,4,12.4199,0.0,0,35,25,adaptive
2170,S2C,4,12.5605,0.0,0,35,25,adaptive
2170,E2C,17,3.0465,325.0,13,35,25,adaptive
2170,W2C,18,2.9417,386.0,13,35,25,adaptive
2171,N2C,4,12.4843,0.0,0,35,25,adaptive
2171,S2C,4,12.1456,0.0,0,35,25,adaptive
2171,E2C,17,3.0251,338.0,13,35,25,adaptive
2171,W2C,18,2.8691,400.0,14,35,25,adaptive
2172,N2C,4,12.5157,0.0,0,35,25,adaptive
2172,S2C,4,12.8117,0.0,0,35,25,adaptive
2172,E2C,17,2.7059,351.0,13,35,25,adaptive
2172,W2C,18,2.6844,414.0,14,35,25,adaptive
2173,N2C,4,12.6728,0.0,0,35,25,adaptive
2173,S2C,4,12.3317,0.0,0,35,25,adaptive
2173,E2C,17,2.46,364.0,13,35,25,adaptive
2173,W2C,18,2.4952,428.0,14,35,25,adaptive
2174,N2C,4,12.2145,0.0,0,35,25,adaptive
2174,S2C,4,12.4294,0.0,0,35,25,adaptive
2174,E2C,17,2.243,377.0,13,35,25,adaptive
2174,W2C,18,2.2714,442.0,14,35,25,adaptive
2175,N2C,4,12.4078,0.0,0,35,25,adaptive
2175,S2C,5,12.3405,0.0,0,35,25,adaptive
2175,E2C,18,2.7726,390.0,13,35,25,adaptive
2175,W2C,19,2.3937,457.0,15,35,25,adaptive
2176,N2C,4,12.1436,0.0,0,35,25,adaptive
2176,S2C,5,12.545,0.0,0,35,25,adaptive
2176,E2C,18,2.485,404.0,14,35,25,adaptive
2176,W2C,19,2.205,472.0,15,35,25,adaptive
2177,N2C,4,12.4521,0.0,0,35,25,adaptive
2177,S2C,5,12.1565,0.0,0,35,25,adaptive
2177,E2C,18,2.318,418.0,14,35,25,adaptive
2177,W2C,19,1.969,487.0,15,35,25,adaptive
2178,N2C,4,12.2205,0.0,0,28,32,adaptive
2178,S2C,5,11.5558,0.0,0,28,32,adaptive
2178,E2C,18,2.1679,432.0,14,28,32,adaptive
2178,W2C,19,2.0098,502.0,15,28,32,adaptive
2179,N2C,5,12.4389,0.0,0,28,32,adaptive
2179,S2C,6,11.0474,0.0,0,28,32,adaptive
2179,E2C,19,2.7213,447.0,15,28,32,adaptive
2179,W2C,20,2.3987,517.0,15,28,32,adaptive
2180,N2C,5,12.1929,0.0,0,28,32,adaptive
2180,S2C,6,9.6235,0.0,0,28,32,adaptive
2180,E2C,19,2.6309,462.0,15,28,32,adaptive
2180,W2C,20,2.1387,533.0,16,28,32,adaptive
2181,N2C,5,12.7906,0.0,0,28,32,adaptive
2181,S2C,6,8.8135,0.0,0,28,32,adaptive
2181,E2C,19,2.3931,477.0,15,28,32,adaptive
2181,W2C,20,1.8936,549.0,16,28,32,adaptive
2182,N2C,5,12.4076,0.0,0,28,32,adaptive
2182,S2C,6,8.6284,1.0,1,28,32,adaptive
2182,E2C,19,2.1905,492.0,15,28,32,adaptive
2182,W2C,20,1.9189,565.0,16,28,32,adaptive
2183,N2C,5,11.9073,0.0,0,28,32,adaptive
2183,S2C,6,7.7114,2.0,1,28,32,adaptive
2183,E2C,19,2.0792,508.0,16,28,32,adaptive
2183,W2C,20,1.6964,581.0,16,28,32,adaptive
2184,N2C,6,10.7157,0.0,0,28,32,adaptive
2184,S2C,7,8.0151,3.0,1,28,32,adaptive
2184,E2C,20,2.4283,524.0,16,28,32,adaptive
2184,W2C,21,2.1115,598.0,17,28,32,adaptive
2185,N2C,6,9.5076,0.0,0,28,32,adaptive
2185,S2C,7,7.3048,5.0,2,28,32,adaptive
2185,E2C,20,2.1664,540.0,16,28,32,adaptive
2185,W2C,21,1.861,615.0,17,28,32,adaptive
2186,N2C,6,8.9151,1.0,1,28,32,adaptive
2186,S2C,7,7.1296,7.0,2,28,32,adaptive
2186,E2C,20,2.0022,556.0,16,28,32,adaptive
2186,W2C,21,1.7887,632.0,17,28,32,adaptive
2187,N2C,6,8.5607,2.0,1,28,32,adaptive
2187,S2C,7,7.2072,9.0,2,28,32,adaptive
2187,E2C,20,1.9328,572.0,16,28,32,adaptive
2187,W2C,21,1.8019,649.0,17,28,32,adaptive
2188,N2C,7,8.7823,3.0,1,28,32,adaptive
2188,S2C,8,7.5736,12.0,3,28,32,adaptive
2188,E2C,21,2.1843,588.0,16,28,32,adaptive
2188,W2C,22,2.3228,667.0,18,28,32,adaptive
2189,N2C,7,8.0408,5.0,2,28,32,adaptive
2189,S2C,8,6.9487,15.0,3,28,32,adaptive
2189,E2C,21,1.9832,604.0,16,28,32,adaptive
2189,W2C,22,2.3031,685.0,18,28,32,adaptive
2190,N2C,7,7.4644,7.0,2,28,32,adaptive
2190,S2C,8,6.357,18.0,3,28,32,adaptive
2190,E2C,21,1.7041,621.0,17,28,32,adaptive
2190,W2C,22,2.3036,703.0,18,28,32,adaptive
2191,N2C,7,7.5099,9.0,2,28,32,adaptive
2191,S2C,8,6.4099,22.0,4,28,32,adaptive
2191,E2C,21,1.5581,638.0,17,28,32,adaptive
2191,W2C,22,2.0452,721.0,18,28,32,adaptive
2192,N2C,7,7.2172,12.0,3,28,32,adaptive
2192,S2C,8,6.3807,26.0,4,28,32,adaptive
2192,E2C,21,1.3595,656.0,18,28,32,adaptive
2192,W2C,22,1.6871,739.0,18,28,32,adaptive
2193,N2C,8,7.3126,15.0,3,28,32,adaptive
2193,S2C,9,6.6036,30.0,4,28,32,adaptive
2193,E2C,22,1.8166,674.0,18,28,32,adaptive
2193,W2C,23,1.9623,757.0,18,28,32,adaptive
2194,N2C,8,6.7773,18.0,3,28,32,adaptive
2194,S2C,9,6.2694,34.0,4,28,32,adaptive
2194,E2C,22,1.62,692.0,18,28,32,adaptive
2194,W2C,23,1.7147,776.0,19,28,32,adaptive
2195,N2C,8,6.49,21.0,3,28,32,adaptive
2195,S2C,9,5.579,38.0,4,28,32,adaptive
2195,E2C,22,1.5132,710.0,18,28,32,adaptive
2195,W2C,23,1.7435,796.0,20,28,32,adaptive
2196,N2C,8,5.7967,25.0,4,28,32,adaptive
2196,S2C,9,5.162,43.0,5,28,32,adaptive
2196,E2C,22,1.5468,729.0,19,28,32,adaptive
2196,W2C,23,1.5645,816.0,20,28,32,adaptive
2197,N2C,9,6.2946,29.0,4,28,32,adaptive
2197,S2C,10,6.1021,48.0,5,28,32,adaptive
2197,E2C,23,2.0424,748.0,19,28,32,adaptive
2197,W2C,24,1.9493,836.0,20,28,32,adaptive
2198,N2C,9,5.7506,33.0,4,28,32,adaptive
2198,S2C,10,5.6362,53.0,5,28,32,adaptive
2198,E2C,23,1.9939,767.0,19,28,32,adaptive
2198,W2C,24,1.6854,856.0,20,28,32,adaptive
2199,N2C,9,5.5554,38.0,5,28,32,adaptive
2199,S2C,10,5.1665,58.0,5,28,32,adaptive
2199,E2C,23,1.845,786.0,19,28,32,adaptive
2199,W2C,24,1.6074,876.0,20,28,32,adaptive
2200,N2C,9,5.6209,43.0,5,28,32,adaptive
2200,S2C,10,4.8389,64.0,6,28,32,adaptive
2200,E2C,23,1.6058,805.0,19,28,32,adaptive
2200,W2C,24,1.5406,896.0,20,28,32,adaptive
2201,N2C,9,5.0483,48.0,5,28,32,adaptive
2201,S2C,10,4.3798,70.0,6,28,32,adaptive
2201,E2C,23,1.5281,824.0,19,28,32,adaptive
2201,W2C,24,1.3359,917.0,21,28,32,adaptive
2202,N2C,10,4.9897,53.0,5,28,32,adaptive
2202,S2C,11,4.9388,76.0,6,28,32,adaptive
2202,E2C,24,1.9531,844.0,20,28,32,adaptive
2202,W2C,25,1.6075,938.0,21,28,32,adaptive
2203,N2C,10,4.7622,58.0,5,28,32,adaptive
2203,S2C,11,4.7238,83.0,7,28,32,adaptive
2203,E2C,24,1.9454,864.0,20,28,32,adaptive
2203,W2C,25,1.592,959.0,21,28,32,adaptive
2204,N2C,10,4.3417,63.0,5,28,32,adaptive
2204,S2C,11,4.6101,90.0,7,28,32,adaptive
2204,E2C,24,1.8805,884.0,20,28,32,adaptive
2204,W2C,25,1.5493,981.0,22,28,32,adaptive
2205,N2C,10,3.9097,69.0,6,28,32,adaptive
2205,S2C,11,4.5561,97.0,7,28,32,adaptive
2205,E2C,24,1.6269,904.0,20,28,32,adaptive
2205,W2C,25,1.3587,1003.0,22,28,32,adaptive
2206,N2C,11,4.311,75.0,6,28,32,adaptive
2206,S2C,12,4.7942,104.0,7,28,32,adaptive
2206,E2C,25,1.7773,924.0,20,28,32,adaptive
2206,W2C,26,1.6533,1025.0,22,28,32,adaptive
2207,N2C,11,4.3892,81.0,6,28,32,adaptive
2207,S2C,12,4.4937,111.0,7,28,32,adaptive
2207,E2C,23,1.6494,775.0,18,28,32,adaptive
2207,W2C,24,1.6105,867.0,20,28,32,adaptive
2208,N2C,11,4.274,88.0,7,28,32,adaptive
2208,S2C,12,4.2919,118.0,7,28,32,adaptive
2208,E2C,23,1.6221,639.0,18,28,32,adaptive
2208,W2C,24,1.5535,722.0,19,28,32,adaptive
2209,N2C,11,3.7699,95.0,7,28,32,adaptive
2209,S2C,12,3.8491,126.0,8,28,32,adaptive
2209,E2C,23,1.8214,517.0,16,28,32,adaptive
2209,W2C,24,1.7006,592.0,17,28,32,adaptive
2210,N2C,11,3.4899,102.0,7,28,32,adaptive
2210,S2C,12,3.581,134.0,8,28,32,adaptive
2210,E2C,21,1.9377,408.0,14,28,32,adaptive
2210,W2C,22,1.5775,473.0,15,28,32,adaptive
2211,N2C,12,3.8906,109.0,7,28,32,adaptive
2211,S2C,13,4.1874,142.0,8,28,32,adaptive
2211,E2C,22,2.6211,312.0,12,28,32,adaptive
2211,W2C,23,2.3191,368.0,13,28,32,adaptive
2212,N2C,12,3.8736,116.0,7,28,32,adaptive
2212,S2C,13,3.8728,150.0,8,28,32,adaptive
2212,E2C,21,2.6015,226.0,10,28,32,adaptive
2212,W2C,22,2.573,275.0,11,28,32,adaptive
2213,N2C,12,3.8262,124.0,8,28,32,adaptive
2213,S2C,13,3.4928,159.0,9,28,32,adaptive
2213,E2C,20,3.003,154.0,8,28,32,adaptive
2213,W2C,21,2.8033,198.0,10,28,32,adaptive
2214,N2C,12,3.7651,132.0,8,28,32,adaptive
2214,S2C,13,3.1189,168.0,9,28,32,adaptive
2214,E2C,19,3.3594,94.0,6,28,32,adaptive
2214,W2C,20,2.8753,168.0,9,28,32,adaptive
2215,N2C,13,4.149,140.0,8,28,32,adaptive
2215,S2C,14,3.6715,177.0,9,28,32,adaptive
2215,E2C,19,4.185,50.0,4,28,32,adaptive
2215,W2C,20,3.5171,109.0,7,28,32,adaptive
2216,N2C,13,3.7694,148.0,8,28,32,adaptive
2216,S2C,14,3.7032,187.0,10,28,32,adaptive
2216,E2C,18,4.463,19.0,3,28,32,adaptive
2216,W2C,20,3.9154,66.0,6,28,32,adaptive
2217,N2C,13,3.5167,156.0,8,28,32,adaptive
2217,S2C,14,3.3219,197.0,10,28,32,adaptive
2217,E2C,17,4.7888,12.0,2,28,32,adaptive
2217,W2C,18,3.9758,31.0,4,28,32,adaptive
2218,N2C,13,3.5234,165.0,9,28,32,adaptive
2218,S2C,14,3.1265,207.0,10,28,32,adaptive
2218,E2C,16,5.2971,3.0,1,28,32,adaptive
2218,W2C,17,4.4591,20.0,3,28,32,adaptive
2219,N2C,13,3.4987,174.0,9,28,32,adaptive
2219,S2C,14,2.8099,217.0,10,28,32,adaptive
2219,E2C,15,5.6342,0.0,0,28,32,adaptive
2219,W2C,16,5.0655,4.0,1,28,32,adaptive
2220,N2C,14,4.3515,183.0,9,28,32,adaptive
2220,S2C,15,3.4049,227.0,10,28,32,adaptive
2220,E2C,15,6.6613,0.0,0,28,32,adaptive
2220,W2C,17,6.1111,0.0,0,28,32,adaptive
2221,N2C,14,4.0892,192.0,9,28,32,adaptive
2221,S2C,15,3.0265,238.0,11,28,32,adaptive
2221,E2C,14,7.384,0.0,0,28,32,adaptive
2221,W2C,15,6.4166,0.0,0,28,32,adaptive
2222,N2C,14,3.7513,201.0,9,28,32,adaptive
2222,S2C,15,2.7077,249.0,11,28,32,adaptive
2222,E2C,13,7.9527,0.0,0,28,32,adaptive
2222,W2C,15,7.0602,0.0,0,28,32,adaptive
2223,N2C,14,3.5006,210.0,9,28,32,adaptive
2223,S2C,15,2.3622,260.0,11,28,32,adaptive
2223,E2C,12,8.3757,0.0,0,28,32,adaptive
2223,W2C,13,7.4786,0.0,0,28,32,adaptive
2224,N2C,15,3.9177,219.0,9,28,32,adaptive
2224,S2C,16,3.0813,271.0,11,28,32,adaptive
2224,E2C,12,9.5084,0.0,0,28,32,adaptive
2224,W2C,13,8.7612,0.0,0,28,32,adaptive
2225,N2C,15,3.5848,229.0,10,28,32,adaptive
2225,S2C,16,2.9544,283.0,12,28,32,adaptive
2225,E2C,11,9.8239,0.0,0,28,32,adaptive
2225,W2C,12,9.3774,0.0,0,28,32,adaptive
2226,N2C,15,3.3378,239.0,10,28,32,adaptive
2226,S2C,16,2.727,295.0,12,28,32,adaptive
2226,E2C,9,10.6906,0.0,0,28,32,adaptive
2226,W2C,11,10.3841,0.0,0,28,32,adaptive
2227,N2C,15,2.9746,249.0,10,28,32,adaptive
2227,S2C,16,2.5137,307.0,12,28,32,adaptive
2227,E2C,9,11.0814,0.0,0,28,32,adaptive
2227,W2C,10,10.8871,0.0,0,28,32,adaptive
2228,N2C,15,2.9176,260.0,11,28,32,adaptive
2228,S2C,16,2.2109,320.0,13,28,32,adaptive
2228,E2C,7,11.3364,0.0,0,28,32,adaptive
2228,W2C,8,11.1064,0.0,0,28,32,adaptive
2229,N2C,16,3.4338,271.0,11,28,32,adaptive
2229,S2C,17,2.8673,333.0,13,28,32,adaptive
2229,E2C,8,11.6039,0.0,0,28,32,adaptive
2229,W2C,9,11.2976,0.0,0,28,32,adaptive
2230,N2C,16,3.2194,282.0,11,28,32,adaptive
2230,S2C,17,2.6034,346.0,13,28,32,adaptive
2230,E2C,6,11.5902,0.0,0,28,32,adaptive
2230,W2C,7,11.1281,0.0,0,28,32,adaptive
2231,N2C,16,3.1034,293.0,11,28,32,adaptive
2231,S2C,17,2.4012,359.0,13,28,32,adaptive
2231,E2C,6,11.9218,0.0,0,28,32,adaptive
2231,W2C,7,11.0778,0.0,0,28,32,adaptive
2232,N2C,16,2.8015,305.0,12,28,32,adaptive
2232,S2C,17,2.1358,372.0,13,28,32,adaptive
2232,E2C,4,12.053,0.0,0,28,32,adaptive
2232,W2C,6,11.0686,0.0,0,28,32,adaptive
2233,N2C,17,3.2471,317.0,12,28,32,adaptive
2233,S2C,18,2.7582,385.0,13,28,32,adaptive
2233,E2C,5,12.1995,0.0,0,28,32,adaptive
2233,W2C,6,11.7962,0.0,0,28,32,adaptive
2234,N2C,17,2.9955,330.0,13,28,32,adaptive
2234,S2C,18,2.6523,398.0,13,28,32,adaptive
2234,E2C,5,12.0307,0.0,0,28,32,adaptive
2234,W2C,5,12.0859,0.0,0,28,32,adaptive
2235,N2C,17,2.7035,343.0,13,28,32,adaptive
2235,S2C,18,2.6943,412.0,14,28,32,adaptive
2235,E2C,4,11.8455,0.0,0,28,32,adaptive
2235,W2C,5,11.9521,0.0,0,28,32,adaptive
2236,N2C,17,2.5666,356.0,13,28,32,adaptive
2236,S2C,18,2.7248,426.0,14,28,32,adaptive
2236,E2C,4,11.5899,0.0,0,28,32,adaptive
2236,W2C,4,11.9855,0.0,0,28,32,adaptive
2237,N2C,17,2.2651,369.0,13,28,32,adaptive
2237,S2C,18,2.5373,440.0,14,28,32,adaptive
2237,E2C,4,11.9195,0.0,0,28,32,adaptive
2237,W2C,4,11.723,0.0,0,28,32,adaptive
2238,N2C,18,2.5667,382.0,13,28,32,adaptive
2238,S2C,19,2.9143,454.0,14,28,32,adaptive
2238,E2C,5,12.4058,0.0,0,28,32,adaptive
2238,W2C,5,11.9494,0.0,0,28,32,adaptive
2239,N2C,18,2.368,395.0,13,28,32,adaptive
2239,S2C,19,2.5298,468.0,14,28,32,adaptive
2239,E2C,5,11.6613,0.0,0,28,32,adaptive
2239,W2C,5,11.6204,0.0,0,28,32,adaptive
2240,N2C,16,2.4016,302.0,12,28,32,adaptive
2240,S2C,17,2.5306,367.0,12,28,32,adaptive
2240,E2C,5,10.8201,0.0,0,28,32,adaptive
2240,W2C,5,11.0418,0.0,0,28,32,adaptive
2241,N2C,16,2.5803,218.0,10,28,32,adaptive
2241,S2C,17,2.3883,275.0,11,28,32,adaptive
2241,E2C,5,10.0674,0.0,0,28,32,adaptive
2241,W2C,5,9.7343,0.0,0,28,32,adaptive
2242,N2C,17,3.3257,147.0,9,28,32,adaptive
2242,S2C,18,3.1127,196.0,9,28,32,adaptive
2242,E2C,5,10.4722,0.0,0,28,32,adaptive
2242,W2C,6,8.8055,0.0,0,28,32,adaptive
2243,N2C,15,3.542,89.0,7,28,32,adaptive
2243,S2C,16,3.0776,130.0,8,28,32,adaptive
2243,E2C,6,10.4463,1.0,1,28,32,adaptive
2243,W2C,6,8.4057,1.0,1,28,32,adaptive
2244,N2C,15,3.8173,49.0,5,33,27,adaptive
2244,S2C,16,3.133,77.0,6,33,27,adaptive
2244,E2C,6,9.6758,2.0,1,33,27,adaptive
2244,W2C,6,7.8925,2.0,1,33,27,adaptive
2245,N2C,14,3.9312,22.0,3,33,27,adaptive
2245,S2C,16,3.7508,37.0,4,33,27,adaptive
2245,E2C,6,9.3452,3.0,1,33,27,adaptive
2245,W2C,6,7.5596,4.0,2,33,27,adaptive
2246,N2C,13,4.4458,5.0,1,33,27,adaptive
2246,S2C,14,4.0555,11.0,3,33,27,adaptive
2246,E2C,6,7.9758,4.0,1,33,27,adaptive
2246,W2C,6,7.7944,6.0,2,33,27,adaptive
2247,N2C,14,5.4465,0.0,0,33,27,adaptive
2247,S2C,15,5.4291,2.0,1,33,27,adaptive
2247,E2C,7,8.0826,5.0,1,33,27,adaptive
2247,W2C,7,8.5816,8.0,2,33,27,adaptive
2248,N2C,12,5.6222,0.0,0,33,27,adaptive
2248,S2C,13,5.5061,0.0,0,33,27,adaptive
2248,E2C,7,7.5317,6.0,1,33,27,adaptive
2248,W2C,7,8.4184,10.0,2,33,27,adaptive
2249,N2C,12,6.7218,0.0,0,33,27,adaptive
2249,S2C,13,6.5169,0.0,0,33,27,adaptive
2249,E2C,7,7.4517,8.0,2,33,27,adaptive
2249,W2C,7,8.3642,12.0,2,33,27,adaptive
2250,N2C,10,7.2821,0.0,0,33,27,adaptive
2250,S2C,11,7.0438,0.0,0,33,27,adaptive
2250,E2C,7,6.9715,11.0,3,33,27,adaptive
2250,W2C,7,8.0866,14.0,2,33,27,adaptive
2251,N2C,11,8.8908,0.0,0,33,27,adaptive
2251,S2C,12,8.4496,0.0,0,33,27,adaptive
2251,E2C,8,7.8936,14.0,3,33,27,adaptive
2251,W2C,8,8.3323,16.0,2,33,27,adaptive
2252,N2C,9,9.2703,0.0,0,33,27,adaptive
2252,S2C,10,9.225,0.0,0,33,27,adaptive
2252,E2C,8,7.3587,17.0,3,33,27,adaptive
2252,W2C,8,7.1914,18.0,2,33,27,adaptive
2253,N2C,8,9.6313,0.0,0,33,27,adaptive
2253,S2C,10,10.1516,0.0,0,33,27,adaptive
2253,E2C,8,7.0397,20.0,3,33,27,adaptive
2253,W2C,8,6.6041,20.0,2,33,27,adaptive
2254,N2C,7,10.1598,0.0,0,33,27,adaptive
2254,S2C,8,10.8595,0.0,0,33,27,adaptive
2254,E2C,8,6.9171,23.0,3,33,27,adaptive
2254,W2C,8,6.3773,23.0,3,33,27,adaptive
2255,N2C,6,10.8625,0.0,0,33,27,adaptive
2255,S2C,7,11.9076,0.0,0,33,27,adaptive
2255,E2C,8,5.9281,26.0,3,33,27,adaptive
2255,W2C,8,6.115,26.0,3,33,27,adaptive
2256,N2C,6,11.8839,0.0,0,33,27,adaptive
2256,S2C,7,12.2952,0.0,0,33,27,adaptive
2256,E2C,9,6.0024,30.0,4,33,27,adaptive
2256,W2C,9,7.0115,30.0,4,33,27,adaptive
2257,N2C,6,12.0686,0.0,0,33,27,adaptive
2257,S2C,5,12.7856,0.0,0,33,27,adaptive
2257,E2C,9,5.4993,34.0,4,33,27,adaptive
2257,W2C,9,6.8732,34.0,4,33,27,adaptive
2258,N2C,5,12.0713,0.0,0,33,27,adaptive
2258,S2C,5,12.8392,0.0,0,33,27,adaptive
2258,E2C,9,5.6619,39.0,5,33,27,adaptive
2258,W2C,9,6.2934,38.0,4,33,27,adaptive
2259,N2C,4,11.9974,0.0,0,33,27,adaptive
2259,S2C,5,12.9079,0.0,0,33,27,adaptive
2259,E2C,9,5.7224,44.0,5,33,27,adaptive
2259,W2C,9,5.3215,42.0,4,33,27,adaptive
2260,N2C,5,12.564,0.0,0,33,27,adaptive
2260,S2C,4,12.7996,0.0,0,33,27,adaptive
2260,E2C,10,5.8739,49.0,5,33,27,adaptive
2260,W2C,10,5.298,47.0,5,33,27,adaptive
2261,N2C,5,12.249,0.0,0,33,27,adaptive
2261,S2C,4,12.8249,0.0,0,33,27,adaptive
2261,E2C,10,5.5221,54.0,5,33,27,adaptive
2261,W2C,10,4.9296,52.0,5,33,27,adaptive
2262,N2C,5,12.5649,0.0,0,33,27,adaptive
2262,S2C,4,12.8726,0.0,0,33,27,adaptive
2262,E2C,10,5.048,59.0,5,33,27,adaptive
2262,W2C,10,4.8124,58.0,6,33,27,adaptive
2263,N2C,4,12.5775,0.0,0,33,27,adaptive
2263,S2C,4,12.6978,0.0,0,33,27,adaptive
2263,E2C,10,5.0074,64.0,5,33,27,adaptive
2263,W2C,10,4.9452,64.0,6,33,27,adaptive
2264,N2C,4,12.3106,0.0,0,33,27,adaptive
2264,S2C,4,12.8927,0.0,0,33,27,adaptive
2264,E2C,10,4.3917,70.0,6,33,27,adaptive
2264,W2C,10,4.7697,70.0,6,33,27,adaptive
2265,N2C,5,12.9558,0.0,0,33,27,adaptive
2265,S2C,4,12.6454,0.0,0,33,27,adaptive
2265,E2C,11,4.9084,76.0,6,33,27,adaptive
2265,W2C,11,5.5223,76.0,6,33,27,adaptive
2266,N2C,5,12.8483,0.0,0,33,27,adaptive
2266,S2C,4,12.5585,0.0,0,33,27,adaptive
2266,E2C,11,4.5777,83.0,7,33,27,adaptive
2266,W2C,11,4.971,82.0,6,33,27,adaptive
2267,N2C,5,12.6259,0.0,0,33,27,adaptive
2267,S2C,4,12.479,0.0,0,33,27,adaptive
2267,E2C,11,4.5888,90.0,7,33,27,adaptive
2267,W2C,11,4.3362,88.0,6,33,27,adaptive
2268,N2C,4,12.9276,0.0,0,33,27,adaptive
2268,S2C,4,12.5553,0.0,0,33,27,adaptive
2268,E2C,11,4.6447,97.0,7,33,27,adaptive
2268,W2C,11,3.8087,94.0,6,33,27,adaptive
2269,N2C,3,12.7648,0.0,0,33,27,adaptive
2269,S2C,4,12.4921,0.0,0,33,27,adaptive
2269,E2C,12,4.9251,104.0,7,33,27,adaptive
2269,W2C,12,4.2982,100.0,6,33,27,adaptive
2270,N2C,4,13.1846,0.0,0,33,27,adaptive
2270,S2C,4,12.7293,0.0,0,33,27,adaptive
2270,E2C,12,5.0844,111.0,7,33,27,adaptive
2270,W2C,12,4.214,107.0,7,33,27,adaptive
2271,N2C,4,12.954,0.0,0,33,27,adaptive
2271,S2C,4,12.8923,0.0,0,33,27,adaptive
2271,E2C,12,4.4353,118.0,7,33,27,adaptive
2271,W2C,12,4.1613,115.0,8,33,27,adaptive
2272,N2C,4,12.9386,0.0,0,33,27,adaptive
2272,S2C,4,12.6005,0.0,0,33,27,adaptive
2272,E2C,12,3.831,125.0,7,33,27,adaptive
2272,W2C,12,3.9463,123.0,8,33,27,adaptive
2273,N2C,4,12.7714,0.0,0,33,27,adaptive
2273,S2C,4,12.5573,0.0,0,33,27,adaptive
2273,E2C,12,3.6943,132.0,7,33,27,adaptive
2273,W2C,12,3.5982,131.0,8,33,27,adaptive
2274,N2C,4,12.4066,0.0,0,33,27,adaptive
2274,S2C,3,12.1394,0.0,0,33,27,adaptive
2274,E2C,13,3.903,140.0,8,33,27,adaptive
2274,W2C,13,4.1492,139.0,8,33,27,adaptive
2275,N2C,4,12.0631,0.0,0,33,27,adaptive
2275,S2C,4,12.9549,0.0,0,33,27,adaptive
2275,E2C,13,3.7205,149.0,9,33,27,adaptive
2275,W2C,13,3.9214,148.0,9,33,27,adaptive
2276,N2C,4,12.2796,0.0,0,33,27,adaptive
2276,S2C,4,12.2803,0.0,0,33,27,adaptive
2276,E2C,13,3.3693,158.0,9,33,27,adaptive
2276,W2C,13,3.953,157.0,9,33,27,adaptive
2277,N2C,4,12.3156,0.0,0,33,27,adaptive
2277,S2C,4,12.6526,0.0,0,33,27,adaptive
2277,E2C,13,3.1404,167.0,9,33,27,adaptive
2277,W2C,13,3.7569,166.0,9,33,27,adaptive
2278,N2C,5,12.2759,0.0,0,33,27,adaptive
2278,S2C,5,12.711,0.0,0,33,27,adaptive
2278,E2C,14,3.5043,176.0,9,33,27,adaptive
2278,W2C,14,4.2116,175.0,9,33,27,adaptive
2279,N2C,5,11.6288,0.0,0,33,27,adaptive
2279,S2C,5,12.8324,0.0,0,33,27,adaptive
2279,E2C,14,3.435,186.0,10,33,27,adaptive
2279,W2C,14,4.3108,184.0,9,33,27,adaptive
2280,N2C,5,10.8573,0.0,0,33,27,adaptive
2280,S2C,5,12.5481,0.0,0,33,27,adaptive
2280,E2C,14,3.1165,196.0,10,33,27,adaptive
2280,W2C,14,3.788,193.0,9,33,27,adaptive
2281,N2C,5,10.0397,0.0,0,33,27,adaptive
2281,S2C,5,11.6914,0.0,0,33,27,adaptive
2281,E2C,12,3.349,134.0,8,33,27,adaptive
2281,W2C,12,3.6964,126.0,7,33,27,adaptive
2282,N2C,5,9.6614,0.0,0,33,27,adaptive
2282,S2C,5,10.8356,0.0,0,33,27,adaptive
2282,E2C,12,3.2495,82.0,6,33,27,adaptive
2282,W2C,12,3.5669,78.0,6,33,27,adaptive
2283,N2C,6,9.6326,0.0,0,33,27,adaptive
2283,S2C,5,10.5525,1.0,1,33,27,adaptive
2283,E2C,13,4.3834,42.0,4,33,27,adaptive
2283,W2C,13,4.453,38.0,4,33,27,adaptive
2284,N2C,6,8.6155,1.0,1,33,27,adaptive
2284,S2C,6,10.2693,2.0,1,33,27,adaptive
2284,E2C,11,4.9163,17.0,3,33,27,adaptive
2284,W2C,12,4.8348,14.0,3,33,27,adaptive
2285,N2C,6,8.2553,2.0,1,33,27,adaptive
2285,S2C,6,9.6091,3.0,1,33,27,adaptive
2285,E2C,11,5.0616,2.0,1,33,27,adaptive
2285,W2C,11,5.032,2.0,1,33,27,adaptive
2286,N2C,6,7.7808,3.0,1,33,27,adaptive
2286,S2C,6,8.2795,4.0,1,33,27,adaptive
2286,E2C,11,5.4888,0.0,0,33,27,adaptive
2286,W2C,11,5.6022,0.0,0,33,27,adaptive
2287,N2C,7,8.5902,5.0,2,33,27,adaptive
2287,S2C,7,8.3808,6.0,2,33,27,adaptive
2287,E2C,10,7.0235,0.0,0,33,27,adaptive
2287,W2C,10,6.9659,0.0,0,33,27,adaptive
2288,N2C,7,7.7498,7.0,2,33,27,adaptive
2288,S2C,7,7.616,9.0,3,33,27,adaptive
2288,E2C,10,7.8094,0.0,0,33,27,adaptive
2288,W2C,10,7.8425,0.0,0,33,27,adaptive
2289,N2C,7,7.4845,9.0,2,33,27,adaptive
2289,S2C,7,7.3826,12.0,3,33,27,adaptive
2289,E2C,8,8.9528,0.0,0,33,27,adaptive
2289,W2C,8,8.3347,0.0,0,33,27,adaptive
2290,N2C,7,7.0971,11.0,2,33,27,adaptive
2290,S2C,7,7.4705,15.0,3,33,27,adaptive
2290,E2C,8,9.831,0.0,0,33,27,adaptive
2290,W2C,8,8.9676,0.0,0,33,27,adaptive
2291,N2C,7,6.99,13.0,2,33,27,adaptive
2291,S2C,7,7.6027,18.0,3,33,27,adaptive
2291,E2C,6,10.7696,0.0,0,33,27,adaptive
2291,W2C,6,10.0259,0.0,0,33,27,adaptive
2292,N2C,8,7.8077,16.0,3,33,27,adaptive
2292,S2C,8,7.803,21.0,3,33,27,adaptive
2292,E2C,7,11.6429,0.0,0,33,27,adaptive
2292,W2C,7,10.9889,0.0,0,33,27,adaptive
2293,N2C,8,7.8184,19.0,3,33,27,adaptive
2293,S2C,8,7.0977,24.0,3,33,27,adaptive
2293,E2C,5,12.3369,0.0,0,33,27,adaptive
2293,W2C,5,11.833,0.0,0,33,27,adaptive
2294,N2C,8,7.3876,22.0,3,33,27,adaptive
2294,S2C,8,6.2874,27.0,3,33,27,adaptive
2294,E2C,5,12.4457,0.0,0,33,27,adaptive
2294,W2C,5,11.8396,0.0,0,33,27,adaptive
2295,N2C,8,6.9771,25.0,3,33,27,adaptive
2295,S2C,8,5.7205,30.0,3,33,27,adaptive
2295,E2C,5,12.1587,0.0,0,33,27,adaptive
2295,W2C,4,12.0392,0.0,0,33,27,adaptive
2296,N2C,9,7.3286,28.0,3,33,27,adaptive
2296,S2C,9,6.2078,34.0,4,33,27,adaptive
2296,E2C,6,12.6225,0.0,0,33,27,adaptive
2296,W2C,5,12.6858,0.0,0,33,27,adaptive
2297,N2C,9,6.6735,32.0,4,33,27,adaptive
2297,S2C,9,5.8826,38.0,4,33,27,adaptive
2297,E2C,5,12.3756,0.0,0,33,27,adaptive
2297,W2C,4,12.572,0.0,0,33,27,adaptive
2298,N2C,9,6.4616,36.0,4,33,27,adaptive
2298,S2C,9,5.7606,42.0,4,33,27,adaptive
2298,E2C,4,13.1585,0.0,0,33,27,adaptive
2298,W2C,4,12.2765,0.0,0,33,27,adaptive
2299,N2C,9,5.5138,40.0,4,33,27,adaptive
2299,S2C,9,5.7896,47.0,5,33,27,adaptive
2299,E2C,4,13.187,0.0,0,33,27,adaptive
2299,W2C,4,12.3033,0.0,0,33,27,adaptive
2300,N2C,9,5.4711,44.0,4,33,27,adaptive
2300,S2C,9,5.5758,52.0,5,33,27,adaptive
2300,E2C,4,13.2514,0.0,0,33,27,adaptive
2300,W2C,4,12.5777,0.0,0,33,27,adaptive
2301,N2C,10,5.7672,49.0,5,33,27,adaptive
2301,S2C,10,6.0293,57.0,5,33,27,adaptive
2301,E2C,4,13.2262,0.0,0,33,27,adaptive
2301,W2C,5,12.7537,0.0,0,33,27,adaptive
2302,N2C,10,5.2006,54.0,5,33,27,adaptive
2302,S2C,10,5.6189,62.0,5,33,27,adaptive
2302,E2C,4,13.1972,0.0,0,33,27,adaptive
2302,W2C,4,12.6948,0.0,0,33,27,adaptive
2303,N2C,10,4.8783,59.0,5,33,27,adaptive
2303,S2C,10,4.9849,67.0,5,33,27,adaptive
2303,E2C,4,13.3406,0.0,0,33,27,adaptive
2303,W2C,4,12.3632,0.0,0,33,27,adaptive
2304,N2C,10,4.4626,65.0,6,33,27,adaptive
2304,S2C,10,4.4563,73.0,6,33,27,adaptive
2304,E2C,4,13.2062,0.0,0,33,27,adaptive
2304,W2C,4,12.5744,0.0,0,33,27,adaptive
2305,N2C,11,4.748,71.0,6,33,27,adaptive
2305,S2C,11,4.8744,79.0,6,33,27,adaptive
2305,E2C,4,13.3538,0.0,0,33,27,adaptive
2305,W2C,5,13.0355,0.0,0,33,27,adaptive
2306,N2C,11,4.6232,77.0,6,33,27,adaptive
2306,S2C,11,4.6419,86.0,7,33,27,adaptive
2306,E2C,3,13.2729,0.0,0,33,27,adaptive
2306,W2C,5,13.0523,0.0,0,33,27,adaptive
2307,N2C,11,4.5571,84.0,7,33,27,adaptive
2307,S2C,11,4.5909,93.0,7,33,27,adaptive
2307,E2C,4,12.6644,0.0,0,33,27,adaptive
2307,W2C,5,12.7366,0.0,0,33,27,adaptive
2308,N2C,11,4.2559,91.0,7,33,27,adaptive
2308,S2C,11,4.5523,100.0,7,33,27,adaptive
2308,E2C,4,12.6526,0.0,0,33,27,adaptive
2308,W2C,4,12.7147,0.0,0,33,27,adaptive
2309,N2C,11,4.0353,98.0,7,33,27,adaptive
2309,S2C,11,4.1677,107.0,7,33,27,adaptive
2309,E2C,4,12.7221,0.0,0,33,27,adaptive
2309,W2C,4,13.2026,0.0,0,33,27,adaptive
2310,N2C,12,4.3573,105.0,7,36,24,adaptive
2310,S2C,12,4.6189,114.0,7,36,24,adaptive
2310,E2C,4,12.9817,0.0,0,36,24,adaptive
2310,W2C,5,13.1892,0.0,0,36,24,adaptive
2311,N2C,12,3.9491,113.0,8,36,24,adaptive
2311,S2C,12,4.1551,121.0,7,36,24,adaptive
2311,E2C,4,13.1455,0.0,0,36,24,adaptive
2311,W2C,4,12.9876,0.0,0,36,24,adaptive
2312,N2C,12,3.5491,121.0,8,36,24,adaptive
2312,S2C,12,3.6839,129.0,8,36,24,adaptive
2312,E2C,4,12.8993,0.0,0,36,24,adaptive
2312,W2C,4,13.1418,0.0,0,36,24,adaptive
2313,N2C,12,3.1725,129.0,8,36,24,adaptive
2313,S2C,12,3.3552,137.0,8,36,24,adaptive
2313,E2C,4,12.5211,0.0,0,36,24,adaptive
2313,W2C,4,13.1889,0.0,0,36,24,adaptive
2314,N2C,13,3.9746,137.0,8,36,24,adaptive
2314,S2C,13,4.0721,145.0,8,36,24,adaptive
2314,E2C,4,12.7279,0.0,0,36,24,adaptive
2314,W2C,5,13.3331,0.0,0,36,24,adaptive
2315,N2C,13,3.8767,146.0,9,36,24,adaptive
2315,S2C,13,4.0197,153.0,8,36,24,adaptive
2315,E2C,4,12.4227,0.0,0,36,24,adaptive
2315,W2C,4,13.0137,0.0,0,36,24,adaptive
2316,N2C,13,3.8496,155.0,9,36,24,adaptive
2316,S2C,13,3.7924,162.0,9,36,24,adaptive
2316,E2C,4,12.2676,0.0,0,36,24,adaptive
2316,W2C,4,13.1317,0.0,0,36,24,adaptive
2317,N2C,13,3.6861,164.0,9,36,24,adaptive
2317,S2C,13,3.4446,171.0,9,36,24,adaptive
2317,E2C,4,12.6407,0.0,0,36,24,adaptive
2317,W2C,4,13.0603,0.0,0,36,24,adaptive
2318,N2C,13,3.4097,173.0,9,36,24,adaptive
2318,S2C,13,3.1159,180.0,9,36,24,adaptive
2318,E2C,4,12.4337,0.0,0,36,24,adaptive
2318,W2C,4,13.5286,0.0,0,36,24,adaptive
2319,N2C,14,3.9286,182.0,9,36,24,adaptive
2319,S2C,14,3.718,189.0,9,36,24,adaptive
2319,E2C,5,12.5912,0.0,0,36,24,adaptive
2319,W2C,4,13.6709,0.0,0,36,24,adaptive
2320,N2C,14,3.6079,191.0,9,36,24,adaptive
2320,S2C,14,3.6185,199.0,10,36,24,adaptive
2320,E2C,4,12.0086,0.0,0,36,24,adaptive
2320,W2C,4,13.4084,0.0,0,36,24,adaptive
2321,N2C,14,3.5123,201.0,10,36,24,adaptive
2321,S2C,14,3.304,209.0,10,36,24,adaptive
2321,E2C,4,12.3187,0.0,0,36,24,adaptive
2321,W2C,4,13.3851,0.0,0,36,24,adaptive
2322,N2C,14,3.3384,211.0,10,36,24,adaptive
2322,S2C,14,3.0768,219.0,10,36,24,adaptive
2322,E2C,4,12.4578,0.0,0,36,24,adaptive
2322,W2C,4,13.0323,0.0,0,36,24,adaptive
2323,N2C,15,3.7239,221.0,10,36,24,adaptive
2323,S2C,15,3.5457,229.0,10,36,24,adaptive
2323,E2C,5,12.6942,0.0,0,36,24,adaptive
2323,W2C,4,13.5465,0.0,0,36,24,adaptive
2324,N2C,15,3.3662,231.0,10,36,24,adaptive
2324,S2C,15,3.4001,240.0,11,36,24,adaptive
2324,E2C,5,12.0867,0.0,0,36,24,adaptive
2324,W2C,4,12.9863,0.0,0,36,24,adaptive
2325,N2C,15,3.1871,242.0,11,36,24,adaptive
2325,S2C,15,3.2029,251.0,11,36,24,adaptive
2325,E2C,5,12.2797,0.0,0,36,24,adaptive
2325,W2C,4,13.2604,0.0,0,36,24,adaptive
2326,N2C,15,2.9618,253.0,11,36,24,adaptive
2326,S2C,15,2.8653,262.0,11,36,24,adaptive
2326,E2C,5,12.286,0.0,0,36,24,adaptive
2326,W2C,4,13.4205,0.0,0,36,24,adaptive
2327,N2C,15,2.9977,264.0,11,36,24,adaptive
2327,S2C,15,2.6353,273.0,11,36,24,adaptive
2327,E2C,5,12.1234,0.0,0,36,24,adaptive
2327,W2C,4,12.9386,0.0,0,36,24,adaptive
2328,N2C,16,3.1486,275.0,11,36,24,adaptive
2328,S2C,16,3.097,284.0,11,36,24,adaptive
2328,E2C,4,12.2653,0.0,0,36,24,adaptive
2328,W2C,4,13.4775,0.0,0,36,24,adaptive
2329,N2C,16,2.8966,286.0,11,36,24,adaptive
2329,S2C,16,2.7693,296.0,12,36,24,adaptive
2329,E2C,4,12.1223,0.0,0,36,24,adaptive
2329,W2C,4,13.0659,0.0,0,36,24,adaptive
2330,N2C,16,2.571,297.0,11,36,24,adaptive
2330,S2C,16,2.5203,308.0,12,36,24,adaptive
2330,E2C,4,12.046,0.0,0,36,24,adaptive
2330,W2C,4,13.3252,0.0,0,36,24,adaptive
2331,N2C,16,2.4522,309.0,12,36,24,adaptive
2331,S2C,16,2.3247,320.0,12,36,24,adaptive
2331,E2C,4,12.3251,0.0,0,36,24,adaptive
2331,W2C,4,13.3699,0.0,0,36,24,adaptive
2332,N2C,17,3.1359,322.0,13,36,24,adaptive
2332,S2C,17,2.994,333.0,13,36,24,adaptive
2332,E2C,5,12.3465,0.0,0,36,24,adaptive
2332,W2C,4,13.0876,0.0,0,36,24,adaptive
2333,N2C,17,2.815,335.0,13,36,24,adaptive
2333,S2C,17,2.8717,346.0,13,36,24,adaptive
2333,E2C,4,12.2157,0.0,0,36,24,adaptive
2333,W2C,4,12.8364,0.0,0,36,24,adaptive
2334,N2C,17,2.5623,348.0,13,36,24,adaptive
2334,S2C,17,2.734,359.0,13,36,24,adaptive
2334,E2C,4,12.2515,0.0,0,36,24,adaptive
2334,W2C,4,12.7482,0.0,0,36,24,adaptive
2335,N2C,17,2.4236,361.0,13,36,24,adaptive
2335,S2C,17,2.5345,372.0,13,36,24,adaptive
2335,E2C,4,12.1818,0.0,0,36,24,adaptive
2335,W2C,4,12.9061,0.0,0,36,24,adaptive
2336,N2C,17,2.2518,374.0,13,36,24,adaptive
2336,S2C,17,2.1693,385.0,13,36,24,adaptive
2336,E2C,4,12.3531,0.0,0,36,24,adaptive
2336,W2C,4,13.1244,0.0,0,36,24,adaptive
2337,N2C,18,2.7947,388.0,14,36,24,adaptive
2337,S2C,18,2.8335,398.0,13,36,24,adaptive
2337,E2C,5,12.7229,0.0,0,36,24,adaptive
2337,W2C,4,12.853,0.0,0,36,24,adaptive
2338,N2C,18,2.428,402.0,14,36,24,adaptive
2338,S2C,18,2.5689,412.0,14,36,24,adaptive
2338,E2C,5,12.4337,0.0,0,36,24,adaptive
2338,W2C,4,12.3801,0.0,0,36,24,adaptive
2339,N2C,18,2.2149,416.0,14,36,24,adaptive
2339,S2C,18,2.3032,426.0,14,36,24,adaptive
2339,E2C,5,12.4274,0.0,0,36,24,adaptive
2339,W2C,4,12.5364,0.0,0,36,24,adaptive
2340,N2C,18,2.1788,430.0,14,36,24,adaptive
2340,S2C,18,2.2084,440.0,14,36,24,adaptive
2340,E2C,5,12.4111,0.0,0,36,24,adaptive
2340,W2C,4,12.6303,0.0,0,36,24,adaptive
2341,N2C,19,2.7541,445.0,15,36,24,adaptive
2341,S2C,19,2.7329,454.0,14,36,24,adaptive
2341,E2C,4,13.0816,0.0,0,36,24,adaptive
2341,W2C,4,12.4333,0.0,0,36,24,adaptive
2342,N2C,19,2.6993,460.0,15,36,24,adaptive
2342,S2C,19,2.6003,468.0,14,36,24,adaptive
2342,E2C,4,12.801,0.0,0,36,24,adaptive
2342,W2C,4,12.4017,0.0,0,36,24,adaptive
2343,N2C,19,2.6586,475.0,15,36,24,adaptive
2343,S2C,19,2.3939,483.0,15,36,24,adaptive
2343,E2C,4,13.0063,0.0,0,36,24,adaptive
2343,W2C,4,12.4129,0.0,0,36,24,adaptive
2344,N2C,19,2.3702,490.0,15,36,24,adaptive
2344,S2C,19,2.215,498.0,15,36,24,adaptive
2344,E2C,4,12.546,0.0,0,36,24,adaptive
2344,W2C,4,12.1859,0.0,0,36,24,adaptive
2345,N2C,19,1.9781,505.0,15,36,24,adaptive
2345,S2C,19,2.0533,513.0,15,36,24,adaptive
2345,E2C,4,12.6072,0.0,0,36,24,adaptive
2345,W2C,4,11.9691,0.0,0,36,24,adaptive
2346,N2C,20,2.3283,521.0,16,36,24,adaptive
2346,S2C,20,2.6291,528.0,15,36,24,adaptive
2346,E2C,5,13.2039,0.0,0,36,24,adaptive
2346,W2C,4,12.506,0.0,0,36,24,adaptive
2347,N2C,20,2.0348,537.0,16,36,24,adaptive
2347,S2C,20,2.3804,544.0,16,36,24,adaptive
2347,E2C,5,13.1092,0.0,0,36,24,adaptive
2347,W2C,4,12.0027,0.0,0,36,24,adaptive
2348,N2C,20,1.9945,553.0,16,36,24,adaptive
2348,S2C,20,2.1717,560.0,16,36,24,adaptive
2348,E2C,5,11.8412,0.0,0,36,24,adaptive
2348,W2C,4,11.6083,0.0,0,36,24,adaptive
2349,N2C,20,1.9546,570.0,17,36,24,adaptive
2349,S2C,20,2.0741,576.0,16,36,24,adaptive
2349,E2C,5,10.72,0.0,0,36,24,adaptive
2349,W2C,4,11.7929,0.0,0,36,24,adaptive
2350,N2C,19,2.7025,456.0,15,36,24,adaptive
2350,S2C,19,2.6905,460.0,14,36,24,adaptive
2350,E2C,6,9.9772,0.0,0,36,24,adaptive
2350,W2C,5,12.1166,0.0,0,36,24,adaptive
2351,N2C,19,2.6734,356.0,13,36,24,adaptive
2351,S2C,19,2.6095,354.0,12,36,24,adaptive
2351,E2C,6,8.9891,0.0,0,36,24,adaptive
2351,W2C,5,11.4131,0.0,0,36,24,adaptive
2352,N2C,19,2.6284,268.0,11,36,24,adaptive
2352,S2C,19,2.6649,264.0,11,36,24,adaptive
2352,E2C,6,8.7424,1.0,1,36,24,adaptive
2352,W2C,5,10.2816,0.0,0,36,24,adaptive
2353,N2C,17,2.7627,189.0,9,36,24,adaptive
2353,S2C,17,2.6908,185.0,9,36,24,adaptive
2353,E2C,6,8.6942,3.0,2,36,24,adaptive
2353,W2C,5,9.6611,0.0,0,36,24,adaptive
2354,N2C,17,3.0737,125.0,8,36,24,adaptive
2354,S2C,17,2.8709,121.0,8,36,24,adaptive
2354,E2C,6,7.9223,5.0,2,36,24,adaptive
2354,W2C,5,9.3576,0.0,0,36,24,adaptive
2355,N2C,17,3.8621,77.0,6,36,24,adaptive
2355,S2C,17,3.6059,70.0,6,36,24,adaptive
2355,E2C,7,8.1816,7.0,2,36,24,adaptive
2355,W2C,6,10.052,1.0,1,36,24,adaptive
2356,N2C,16,4.1918,38.0,4,36,24,adaptive
2356,S2C,16,3.7846,33.0,5,36,24,adaptive
2356,E2C,7,7.5649,9.0,2,36,24,adaptive
2356,W2C,6,9.3906,2.0,1,36,24,adaptive
2357,N2C,14,4.4051,13.0,2,36,24,adaptive
2357,S2C,15,4.3991,12.0,3,36,24,adaptive
2357,E2C,7,7.3151,11.0,2,36,24,adaptive
2357,W2C,6,9.4408,3.0,1,36,24,adaptive
2358,N2C,14,5.2595,6.0,2,36,24,adaptive
2358,S2C,14,4.9424,8.0,2,36,24,adaptive
2358,E2C,7,7.1067,14.0,3,36,24,adaptive
2358,W2C,6,8.8964,4.0,1,36,24,adaptive
2359,N2C,13,6.208,0.0,0,36,24,adaptive
2359,S2C,14,5.8631,4.0,1,36,24,adaptive
2359,E2C,8,7.1004,17.0,3,36,24,adaptive
2359,W2C,7,8.8094,5.0,1,36,24,adaptive
2360,N2C,13,6.8475,0.0,0,36,24,adaptive
2360,S2C,13,6.5521,0.0,0,36,24,adaptive
2360,E2C,8,6.496,20.0,3,36,24,adaptive
2360,W2C,7,8.0418,6.0,1,36,24,adaptive
2361,N2C,11,7.0419,0.0,0,36,24,adaptive
2361,S2C,12,7.1098,0.0,0,36,24,adaptive
2361,E2C,8,6.3614,23.0,3,36,24,adaptive
2361,W2C,7,7.221,8.0,2,36,24,adaptive
2362,N2C,11,8.0509,0.0,0,36,24,adaptive
2362,S2C,11,8.238,0.0,0,36,24,adaptive
2362,E2C,8,5.871,26.0,3,36,24,adaptive
2362,W2C,7,7.1819,10.0,2,36,24,adaptive
2363,N2C,10,8.4692,0.0,0,36,24,adaptive
2363,S2C,10,9.0612,0.0,0,36,24,adaptive
2363,E2C,8,5.5536,30.0,4,36,24,adaptive
2363,W2C,7,7.1076,13.0,3,36,24,adaptive
2364,N2C,10,9.9373,0.0,0,36,24,adaptive
2364,S2C,10,10.0089,0.0,0,36,24,adaptive
2364,E2C,9,5.8721,34.0,4,36,24,adaptive
2364,W2C,8,7.8134,16.0,3,36,24,adaptive
2365,N2C,8,10.5487,0.0,0,36,24,adaptive
2365,S2C,9,11.087,0.0,0,36,24,adaptive
2365,E2C,9,5.6051,38.0,4,36,24,adaptive
2365,W2C,8,7.6745,19.0,3,36,24,adaptive
2366,N2C,8,11.7275,0.0,0,36,24,adaptive
2366,S2C,7,11.1605,0.0,0,36,24,adaptive
2366,E2C,9,5.6623,42.0,4,36,24,adaptive
2366,W2C,8,7.3177,22.0,3,36,24,adaptive
2367,N2C,6,12.3766,0.0,0,36,24,adaptive
2367,S2C,6,11.8273,0.0,0,36,24,adaptive
2367,E2C,9,5.3854,47.0,5,36,24,adaptive
2367,W2C,8,6.9199,25.0,3,36,24,adaptive
2368,N2C,7,12.5653,0.0,0,36,24,adaptive
2368,S2C,6,12.4879,0.0,0,36,24,adaptive
2368,E2C,10,5.818,52.0,5,36,24,adaptive
2368,W2C,9,7.0785,28.0,3,36,24,adaptive
2369,N2C,5,12.5629,0.0,0,36,24,adaptive
2369,S2C,5,13.0321,0.0,0,36,24,adaptive
2369,E2C,10,5.652,57.0,5,36,24,adaptive
2369,W2C,9,6.5238,32.0,4,36,24,adaptive
2370,N2C,4,12.2739,0.0,0,36,24,adaptive
2370,S2C,4,12.8268,0.0,0,36,24,adaptive
2370,E2C,10,5.356,62.0,5,36,24,adaptive
2370,W2C,9,6.1674,36.0,4,36,24,adaptive
2371,N2C,4,12.3967,0.0,0,36,24,adaptive
2371,S2C,4,12.4566,0.0,0,36,24,adaptive
2371,E2C,10,4.6681,68.0,6,36,24,adaptive
2371,W2C,9,5.5461,41.0,5,36,24,adaptive
2372,N2C,4,12.1722,0.0,0,36,24,adaptive
2372,S2C,4,12.734,0.0,0,36,24,adaptive
2372,E2C,10,4.2228,74.0,6,36,24,adaptive
2372,W2C,9,5.0475,46.0,5,36,24,adaptive
2373,N2C,4,12.5426,0.0,0,36,24,adaptive
2373,S2C,5,13.1436,0.0,0,36,24,adaptive
2373,E2C,11,4.8601,80.0,6,36,24,adaptive
2373,W2C,10,5.607,51.0,5,36,24,adaptive
2374,N2C,4,12.7493,0.0,0,36,24,adaptive
2374,S2C,5,12.5889,0.0,0,36,24,adaptive
2374,E2C,11,4.7015,86.0,6,36,24,adaptive
2374,W2C,10,5.2067,56.0,5,36,24,adaptive
2375,N2C,4,12.5408,0.0,0,36,24,adaptive
2375,S2C,5,12.7186,0.0,0,36,24,adaptive
2375,E2C,11,4.6528,92.0,6,36,24,adaptive
2375,W2C,10,4.7487,62.0,6,36,24,adaptive
2376,N2C,4,13.0434,0.0,0,31,29,adaptive
2376,S2C,5,12.9944,0.0,0,31,29,adaptive
2376,E2C,11,4.3557,99.0,7,31,29,adaptive
2376,W2C,10,4.3373,68.0,6,31,29,adaptive
2377,N2C,4,12.8585,0.0,0,31,29,adaptive
2377,S2C,4,13.3122,0.0,0,31,29,adaptive
2377,E2C,12,4.808,106.0,7,31,29,adaptive
2377,W2C,11,4.7951,74.0,6,31,29,adaptive
2378,N2C,4,12.6678,0.0,0,31,29,adaptive
2378,S2C,4,13.2164,0.0,0,31,29,adaptive
2378,E2C,12,4.1733,113.0,7,31,29,adaptive
2378,W2C,11,4.7753,80.0,6,31,29,adaptive
2379,N2C,4,12.2796,0.0,0,31,29,adaptive
2379,S2C,4,13.1846,0.0,0,31,29,adaptive
2379,E2C,12,4.3404,120.0,7,31,29,adaptive
2379,W2C,11,4.7039,87.0,7,31,29,adaptive
2380,N2C,4,12.3047,0.0,0,31,29,adaptive
2380,S2C,4,13.1251,0.0,0,31,29,adaptive
2380,E2C,12,4.1669,128.0,8,31,29,adaptive
2380,W2C,11,4.7509,94.0,7,31,29,adaptive
2381,N2C,4,12.4887,0.0,0,31,29,adaptive
2381,S2C,4,13.3025,0.0,0,31,29,adaptive
2381,E2C,12,3.7167,136.0,8,31,29,adaptive
2381,W2C,11,4.2228,101.0,7,31,29,adaptive
2382,N2C,5,12.6091,0.0,0,31,29,adaptive
2382,S2C,4,13.568,0.0,0,31,29,adaptive
2382,E2C,13,4.2547,144.0,8,31,29,adaptive
2382,W2C,12,4.6996,108.0,7,31,29,adaptive
2383,N2C,4,12.2704,0.0,0,31,29,adaptive
2383,S2C,4,13.3702,0.0,0,31,29,adaptive
2383,E2C,13,3.8761,152.0,8,31,29,adaptive
2383,W2C,12,4.3363,115.0,7,31,29,adaptive
2384,N2C,4,12.1582,0.0,0,31,29,adaptive
2384,S2C,4,13.2792,0.0,0,31,29,adaptive
2384,E2C,13,3.4874,161.0,9,31,29,adaptive
2384,W2C,12,3.9229,123.0,8,31,29,adaptive
2385,N2C,4,12.1071,0.0,0,31,29,adaptive
2385,S2C,4,13.0855,0.0,0,31,29,adaptive
2385,E2C,13,3.2145,170.0,9,31,29,adaptive
2385,W2C,12,3.5236,131.0,8,31,29,adaptive
2386,N2C,5,12.6526,0.0,0,31,29,adaptive
2386,S2C,4,13.4352,0.0,0,31,29,adaptive
2386,E2C,14,3.6076,179.0,9,31,29,adaptive
2386,W2C,13,4.0175,139.0,8,31,29,adaptive
2387,N2C,5,12.4795,0.0,0,31,29,adaptive
2387,S2C,4,13.2761,0.0,0,31,29,adaptive
2387,E2C,14,3.6299,189.0,10,31,29,adaptive
2387,W2C,13,4.0051,148.0,9,31,29,adaptive
2388,N2C,5,12.1843,0.0,0,31,29,adaptive
2388,S2C,4,12.8581,0.0,0,31,29,adaptive
2388,E2C,14,3.2499,199.0,10,31,29,adaptive
2388,W2C,13,3.8449,157.0,9,31,29,adaptive
2389,N2C,5,12.138,0.0,0,31,29,adaptive
2389,S2C,4,13.1409,0.0,0,31,29,adaptive
2389,E2C,14,3.0225,209.0,10,31,29,adaptive
2389,W2C,13,3.5911,166.0,9,31,29,adaptive
2390,N2C,5,12.6869,0.0,0,31,29,adaptive
2390,S2C,4,13.4743,0.0,0,31,29,adaptive
2390,E2C,14,2.6851,219.0,10,31,29,adaptive
2390,W2C,13,3.2226,175.0,9,31,29,adaptive
2391,N2C,4,12.5854,0.0,0,31,29,adaptive
2391,S2C,4,12.8615,0.0,0,31,29,adaptive
2391,E2C,15,3.4057,230.0,11,31,29,adaptive
2391,W2C,14,3.6636,184.0,9,31,29,adaptive
2392,N2C,4,12.4823,0.0,0,31,29,adaptive
2392,S2C,4,12.5428,0.0,0,31,29,adaptive
2392,E2C,15,3.2559,241.0,11,31,29,adaptive
2392,W2C,14,3.4485,193.0,9,31,29,adaptive
2393,N2C,4,12.4008,0.0,0,31,29,adaptive
2393,S2C,4,12.9443,0.0,0,31,29,adaptive
2393,E2C,15,3.1425,252.0,11,31,29,adaptive
2393,W2C,14,3.165,203.0,10,31,29,adaptive
2394,N2C,4,12.5146,0.0,0,31,29,adaptive
2394,S2C,4,12.8187,0.0,0,31,29,adaptive
2394,E2C,15,2.95,263.0,11,31,29,adaptive
2394,W2C,14,2.7815,213.0,10,31,29,adaptive
2395,N2C,4,12.8061,0.0,0,31,29,adaptive
2395,S2C,4,12.8998,0.0,0,31,29,adaptive
2395,E2C,16,3.3042,274.0,11,31,29,adaptive
2395,W2C,15,3.4924,223.0,10,31,29,adaptive
2396,N2C,4,12.2361,0.0,0,31,29,adaptive
2396,S2C,4,12.4285,0.0,0,31,29,adaptive
2396,E2C,16,3.1047,285.0,11,31,29,adaptive
2396,W2C,15,3.3561,234.0,11,31,29,adaptive
2397,N2C,4,12.5724,0.0,0,31,29,adaptive
2397,S2C,4,12.2826,0.0,0,31,29,adaptive
2397,E2C,16,2.7664,297.0,12,31,29,adaptive
2397,W2C,15,3.3156,245.0,11,31,29,adaptive
2398,N2C,4,12.7091,0.0,0,31,29,adaptive
2398,S2C,4,12.5051,0.0,0,31,29,adaptive
2398,E2C,16,2.4581,309.0,12,31,29,adaptive
2398,W2C,15,3.0676,256.0,11,31,29,adaptive
2399,N2C,4,12.9386,0.0,0,31,29,adaptive
2399,S2C,4,12.4097,0.0,0,31,29,adaptive
2399,E2C,16,2.3767,322.0,13,31,29,adaptive
2399,W2C,15,2.907,267.0,11,31,29,adaptive
2400,N2C,5,12.2573,0.0,0,31,29,adaptive
2400,S2C,4,12.6099,0.0,0,31,29,adaptive
2400,E2C,17,3.0037,335.0,13,31,29,adaptive
2400,W2C,16,3.0229,278.0,11,31,29,adaptive
2401,N2C,5,12.3419,0.0,0,31,29,adaptive
2401,S2C,4,12.6693,0.0,0,31,29,adaptive
2401,E2C,17,2.9624,348.0,13,31,29,adaptive
2401,W2C,16,2.6175,290.0,12,31,29,adaptive
2402,N2C,4,12.1206,0.0,0,31,29,adaptive
2402,S2C,4,12.8774,0.0,0,31,29,adaptive
2402,E2C,17,2.8501,361.0,13,31,29,adaptive
2402,W2C,16,2.4102,302.0,12,31,29,adaptive
2403,N2C,4,12.3579,0.0,0,31,29,adaptive
2403,S2C,4,12.5273,0.0,0,31,29,adaptive
2403,E2C,17,2.7863,374.0,13,31,29,adaptive
2403,W2C,16,2.1967,314.0,12,31,29,adaptive
2404,N2C,5,12.6613,0.0,0,31,29,adaptive
2404,S2C,4,12.5689,0.0,0,31,29,adaptive
2404,E2C,18,3.1151,387.0,13,31,29,adaptive
2404,W2C,17,2.7656,327.0,13,31,29,adaptive
2405,N2C,4,12.8366,0.0,0,31,29,adaptive
2405,S2C,4,12.602,0.0,0,31,29,adaptive
2405,E2C,18,2.6186,400.0,13,31,29,adaptive
2405,W2C,17,2.7048,340.0,13,31,29,adaptive
2406,N2C,4,12.1543,0.0,0,31,29,adaptive
2406,S2C,4,12.8472,0.0,0,31,29,adaptive
2406,E2C,18,2.3985,413.0,13,31,29,adaptive
2406,W2C,17,2.5567,353.0,13,31,29,adaptive
2407,N2C,4,12.506,0.0,0,31,29,adaptive
2407,S2C,4,12.6775,0.0,0,31,29,adaptive
2407,E2C,18,2.211,427.0,14,31,29,adaptive
2407,W2C,17,2.2568,366.0,13,31,29,adaptive
2408,N2C,4,12.4464,0.0,0,31,29,adaptive
2408,S2C,4,12.8565,0.0,0,31,29,adaptive
2408,E2C,18,2.0968,442.0,15,31,29,adaptive
2408,W2C,17,2.1103,379.0,13,31,29,adaptive
2409,N2C,5,12.1894,0.0,0,31,29,adaptive
2409,S2C,5,12.5732,0.0,0,31,29,adaptive
2409,E2C,19,2.4989,457.0,15,31,29,adaptive
2409,W2C,18,2.503,393.0,14,31,29,adaptive
2410,N2C,5,11.1888,0.0,0,31,29,adaptive
2410,S2C,5,12.5085,0.0,0,31,29,adaptive
2410,E2C,19,2.242,472.0,15,31,29,adaptive
2410,W2C,18,2.2738,407.0,14,31,29,adaptive
2411,N2C,5,10.5226,0.0,0,31,29,adaptive
2411,S2C,5,12.7072,0.0,0,31,29,adaptive
2411,E2C,17,2.3396,368.0,13,31,29,adaptive
2411,W2C,16,2.3554,313.0,12,31,29,adaptive
2412,N2C,5,9.5579,0.0,0,31,29,adaptive
2412,S2C,5,11.4519,0.0,0,31,29,adaptive
2412,E2C,17,2.3791,277.0,12,31,29,adaptive
2412,W2C,16,2.2749,231.0,10,31,29,adaptive
2413,N2C,6,9.2713,0.0,0,31,29,adaptive
2413,S2C,6,10.8023,0.0,0,31,29,adaptive
2413,E2C,18,3.3069,199.0,10,31,29,adaptive
2413,W2C,17,3.3435,159.0,8,31,29,adaptive
2414,N2C,6,8.8174,1.0,1,31,29,adaptive
2414,S2C,6,9.7849,0.0,0,31,29,adaptive
2414,E2C,16,3.3213,135.0,8,31,29,adaptive
2414,W2C,15,3.4679,101.0,7,31,29,adaptive
2415,N2C,6,8.1499,2.0,1,31,29,adaptive
2415,S2C,6,9.0209,1.0,1,31,29,adaptive
2415,E2C,16,3.4845,82.0,6,31,29,adaptive
2415,W2C,15,4.0376,56.0,5,31,29,adaptive
2416,N2C,6,8.2024,4.0,2,31,29,adaptive
2416,S2C,6,8.8125,2.0,1,31,29,adaptive
2416,E2C,15,3.8223,43.0,5,31,29,adaptive
2416,W2C,14,4.781,24.0,3,31,29,adaptive
2417,N2C,6,8.1656,6.0,2,31,29,adaptive
2417,S2C,6,7.9782,3.0,1,31,29,adaptive
2417,E2C,14,4.3426,18.0,3,31,29,adaptive
2417,W2C,13,5.1436,4.0,1,31,29,adaptive
2418,N2C,7,9.0433,8.0,2,31,29,adaptive
2418,S2C,7,8.2271,5.0,2,31,29,adaptive
2418,E2C,15,5.5777,10.0,2,31,29,adaptive
2418,W2C,13,6.2471,0.0,0,31,29,adaptive
2419,N2C,7,8.898,10.0,2,31,29,adaptive
2419,S2C,7,7.8473,7.0,2,31,29,adaptive
2419,E2C,13,5.8813,4.0,1,31,29,adaptive
2419,W2C,12,6.3386,0.0,0,31,29,adaptive
2420,N2C,7,8.8634,12.0,2,31,29,adaptive
2420,S2C,7,7.2316,9.0,2,31,29,adaptive
2420,E2C,12,6.5053,0.0,0,31,29,adaptive
2420,W2C,12,7.4856,0.0,0,31,29,adaptive
2421,N2C,7,7.7873,14.0,2,31,29,adaptive
2421,S2C,7,6.8747,12.0,3,31,29,adaptive
2421,E2C,11,7.0509,0.0,0,31,29,adaptive
2421,W2C,10,8.3494,0.0,0,31,29,adaptive
2422,N2C,8,7.2589,16.0,2,31,29,adaptive
2422,S2C,8,7.1919,15.0,3,31,29,adaptive
2422,E2C,12,8.5203,0.0,0,31,29,adaptive
2422,W2C,11,9.4517,0.0,0,31,29,adaptive
2423,N2C,8,6.6536,18.0,2,31,29,adaptive
2423,S2C,8,6.4957,18.0,3,31,29,adaptive
2423,E2C,10,8.9435,0.0,0,31,29,adaptive
2423,W2C,9,9.8234,0.0,0,31,29,adaptive
2424,N2C,8,6.178,22.0,4,31,29,adaptive
2424,S2C,8,6.2674,22.0,4,31,29,adaptive
2424,E2C,9,9.7031,0.0,0,31,29,adaptive
2424,W2C,8,10.9901,0.0,0,31,29,adaptive
2425,N2C,8,6.2151,26.0,4,31,29,adaptive
2425,S2C,8,6.4274,26.0,4,31,29,adaptive
2425,E2C,8,10.9856,0.0,0,31,29,adaptive
2425,W2C,7,11.7571,0.0,0,31,29,adaptive
2426,N2C,8,6.2487,30.0,4,31,29,adaptive
2426,S2C,8,5.9307,30.0,4,31,29,adaptive
2426,E2C,6,11.5766,0.0,0,31,29,adaptive
2426,W2C,6,11.9784,0.0,0,31,29,adaptive
2427,N2C,9,6.436,34.0,4,31,29,adaptive
2427,S2C,9,6.3477,34.0,4,31,29,adaptive
2427,E2C,7,12.5707,0.0,0,31,29,adaptive
2427,W2C,6,12.6763,0.0,0,31,29,adaptive
2428,N2C,9,6.0116,38.0,4,31,29,adaptive
2428,S2C,9,5.896,38.0,4,31,29,adaptive
2428,E2C,5,12.9358,0.0,0,31,29,adaptive
2428,W2C,5,12.799,0.0,0,31,29,adaptive
2429,N2C,9,5.3517,42.0,4,31,29,adaptive
2429,S2C,9,5.7581,43.0,5,31,29,adaptive
2429,E2C,5,13.1618,0.0,0,31,29,adaptive
2429,W2C,4,13.2146,0.0,0,31,29,adaptive
2430,N2C,9,4.8664,46.0,4,31,29,adaptive
2430,S2C,9,5.8591,48.0,5,31,29,adaptive
2430,E2C,4,12.6274,0.0,0,31,29,adaptive
2430,W2C,4,13.3437,0.0,0,31,29,adaptive
2431,N2C,10,5.3422,51.0,5,31,29,adaptive
2431,S2C,10,6.1788,53.0,5,31,29,adaptive
2431,E2C,4,12.8321,0.0,0,31,29,adaptive
2431,W2C,4,13.0426,0.0,0,31,29,adaptive
2432,N2C,10,4.9247,57.0,6,31,29,adaptive
2432,S2C,10,5.511,58.0,5,31,29,adaptive
2432,E2C,4,12.6877,0.0,0,31,29,adaptive
2432,W2C,4,12.777,0.0,0,31,29,adaptive
2433,N2C,10,4.8734,63.0,6,31,29,adaptive
2433,S2C,10,5.4455,63.0,5,31,29,adaptive
2433,E2C,4,12.6015,0.0,0,31,29,adaptive
2433,W2C,4,13.0995,0.0,0,31,29,adaptive
2434,N2C,10,4.6797,69.0,6,31,29,adaptive
2434,S2C,10,4.7727,68.0,5,31,29,adaptive
2434,E2C,4,12.9593,0.0,0,31,29,adaptive
2434,W2C,4,12.9148,0.0,0,31,29,adaptive
2435,N2C,10,4.1801,75.0,6,31,29,adaptive
2435,S2C,10,4.4689,74.0,6,31,29,adaptive
2435,E2C,4,12.3217,0.0,0,31,29,adaptive
2435,W2C,4,12.8604,0.0,0,31,29,adaptive
2436,N2C,11,4.6524,81.0,6,31,29,adaptive
2436,S2C,11,4.8722,80.0,6,31,29,adaptive
2436,E2C,4,12.6159,0.0,0,31,29,adaptive
2436,W2C,4,12.8967,0.0,0,31,29,adaptive
2437,N2C,11,4.4469,87.0,6,31,29,adaptive
2437,S2C,11,4.7182,87.0,7,31,29,adaptive
2437,E2C,4,12.8849,0.0,0,31,29,adaptive
2437,W2C,4,12.6647,0.0,0,31,29,adaptive
2438,N2C,11,4.2878,94.0,7,31,29,adaptive
2438,S2C,11,4.5208,94.0,7,31,29,adaptive
2438,E2C,4,12.1478,0.0,0,31,29,adaptive
2438,W2C,4,12.5937,0.0,0,31,29,adaptive
2439,N2C,11,4.4059,101.0,7,31,29,adaptive
2439,S2C,11,4.021,101.0,7,31,29,adaptive
2439,E2C,4,12.6889,0.0,0,31,29,adaptive
2439,W2C,4,12.9145,0.0,0,31,29,adaptive
2440,N2C,12,5.0912,108.0,7,31,29,adaptive
2440,S2C,12,4.6897,108.0,7,31,29,adaptive
2440,E2C,3,12.4381,0.0,0,31,29,adaptive
2440,W2C,4,12.5506,0.0,0,31,29,adaptive
2441,N2C,12,4.7826,115.0,7,31,29,adaptive
2441,S2C,12,4.4603,115.0,7,31,29,adaptive
2441,E2C,4,12.5633,0.0,0,31,29,adaptive
2441,W2C,4,12.8041,0.0,0,31,29,adaptive
2442,N2C,12,4.7933,122.0,7,35,25,adaptive
2442,S2C,12,4.1492,123.0,8,35,25,adaptive
2442,E2C,4,13.0381,0.0,0,35,25,adaptive
2442,W2C,4,12.4833,0.0,0,35,25,adaptive
2443,N2C,12,4.3867,129.0,7,35,25,adaptive
2443,S2C,12,3.8659,131.0,8,35,25,adaptive
2443,E2C,4,12.4486,0.0,0,35,25,adaptive
2443,W2C,4,12.5288,0.0,0,35,25,adaptive
2444,N2C,12,3.8507,136.0,7,35,25,adaptive
2444,S2C,12,3.5578,139.0,8,35,25,adaptive
2444,E2C,4,12.5415,0.0,0,35,25,adaptive
2444,W2C,4,12.3882,0.0,0,35,25,adaptive
2445,N2C,13,4.2006,144.0,8,35,25,adaptive
2445,S2C,13,4.2558,147.0,8,35,25,adaptive
2445,E2C,5,12.8677,0.0,0,35,25,adaptive
2445,W2C,5,11.6795,0.0,0,35,25,adaptive
2446,N2C,13,3.6363,152.0,8,35,25,adaptive
2446,S2C,13,3.8077,156.0,9,35,25,adaptive
2446,E2C,5,12.0237,0.0,0,35,25,adaptive
2446,W2C,5,10.6103,0.0,0,35,25,adaptive
2447,N2C,13,3.381,161.0,9,35,25,adaptive
2447,S2C,13,3.6414,165.0,9,35,25,adaptive
2447,E2C,5,11.1665,0.0,0,35,25,adaptive
2447,W2C,5,10.1325,0.0,0,35,25,adaptive
2448,N2C,13,3.0304,170.0,9,35,25,adaptive
2448,S2C,13,3.237,174.0,9,35,25,adaptive
2448,E2C,5,10.1692,0.0,0,35,25,adaptive
2448,W2C,5,9.9081,1.0,1,35,25,adaptive
2449,N2C,14,3.694,179.0,9,35,25,adaptive
2449,S2C,14,3.8725,184.0,10,35,25,adaptive
2449,E2C,6,10.744,0.0,0,35,25,adaptive
2449,W2C,6,9.9522,2.0,1,35,25,adaptive
2450,N2C,14,3.6595,189.0,10,35,25,adaptive
2450,S2C,14,3.7388,194.0,10,35,25,adaptive
2450,E2C,6,10.4346,1.0,1,35,25,adaptive
2450,W2C,6,9.1712,3.0,1,35,25,adaptive
2451,N2C,14,3.6403,199.0,10,35,25,adaptive
2451,S2C,14,3.4644,204.0,10,35,25,adaptive
2451,E2C,6,9.7212,2.0,1,35,25,adaptive
2451,W2C,6,8.8298,4.0,1,35,25,adaptive
2452,N2C,14,3.5142,209.0,10,35,25,adaptive
2452,S2C,14,3.1833,214.0,10,35,25,adaptive
2452,E2C,6,9.4046,3.0,1,35,25,adaptive
2452,W2C,6,8.2294,5.0,1,35,25,adaptive
2453,N2C,14,3.2701,219.0,10,35,25,adaptive
2453,S2C,14,2.8198,224.0,10,35,25,adaptive
2453,E2C,6,8.351,4.0,1,35,25,adaptive
2453,W2C,6,7.8564,7.0,2,35,25,adaptive
2454,N2C,15,3.6642,229.0,10,35,25,adaptive
2454,S2C,15,3.5427,235.0,11,35,25,adaptive
2454,E2C,7,8.4136,6.0,2,35,25,adaptive
2454,W2C,7,7.9972,9.0,2,35,25,adaptive
2455,N2C,15,3.1405,239.0,10,35,25,adaptive
2455,S2C,15,3.1559,246.0,11,35,25,adaptive
2455,E2C,7,7.9053,8.0,2,35,25,adaptive
2455,W2C,7,7.3128,11.0,2,35,25,adaptive
2456,N2C,15,2.8394,250.0,11,35,25,adaptive
2456,S2C,15,2.9754,257.0,11,35,25,adaptive
2456,E2C,7,7.6821,10.0,2,35,25,adaptive
2456,W2C,7,7.0038,13.0,2,35,25,adaptive
2457,N2C,15,2.6432,261.0,11,35,25,adaptive
2457,S2C,15,2.7327,268.0,11,35,25,adaptive
2457,E2C,7,7.478,13.0,3,35,25,adaptive
2457,W2C,7,6.75,16.0,3,35,25,adaptive
2458,N2C,16,3.1842,272.0,11,35,25,adaptive
2458,S2C,16,3.3517,279.0,11,35,25,adaptive
2458,E2C,8,7.4726,16.0,3,35,25,adaptive
2458,W2C,8,7.7588,19.0,3,35,25,adaptive
2459,N2C,16,3.1629,284.0,12,35,25,adaptive
2459,S2C,16,3.1971,291.0,12,35,25,adaptive
2459,E2C,8,6.8263,19.0,3,35,25,adaptive
2459,W2C,8,7.2506,22.0,3,35,25,adaptive
2460,N2C,16,3.0735,296.0,12,35,25,adaptive
2460,S2C,16,2.9209,303.0,12,35,25,adaptive
2460,E2C,8,6.4991,22.0,3,35,25,adaptive
2460,W2C,8,7.1165,25.0,3,35,25,adaptive
2461,N2C,16,2.8433,308.0,12,35,25,adaptive
2461,S2C,16,2.6571,315.0,12,35,25,adaptive
2461,E2C,8,6.1163,25.0,3,35,25,adaptive
2461,W2C,8,6.7573,28.0,3,35,25,adaptive
2462,N2C,16,2.4874,320.0,12,35,25,adaptive
2462,S2C,16,2.5373,327.0,12,35,25,adaptive
2462,E2C,8,5.5618,29.0,4,35,25,adaptive
2462,W2C,8,5.761,31.0,3,35,25,adaptive
2463,N2C,17,2.8349,332.0,12,35,25,adaptive
2463,S2C,17,2.9732,340.0,13,35,25,adaptive
2463,E2C,9,6.2389,33.0,4,35,25,adaptive
2463,W2C,9,6.1247,35.0,4,35,25,adaptive
2464,N2C,17,2.5956,344.0,12,35,25,adaptive
2464,S2C,17,2.6997,353.0,13,35,25,adaptive
2464,E2C,9,5.782,37.0,4,35,25,adaptive
2464,W2C,9,5.4901,39.0,4,35,25,adaptive
2465,N2C,17,2.3678,357.0,13,35,25,adaptive
2465,S2C,17,2.3766,366.0,13,35,25,adaptive
2465,E2C,9,5.4665,42.0,5,35,25,adaptive
2465,W2C,9,5.5356,43.0,4,35,25,adaptive
2466,N2C,17,2.2052,370.0,13,35,25,adaptive
2466,S2C,17,2.3814,379.0,13,35,25,adaptive
2466,E2C,9,5.0502,47.0,5,35,25,adaptive
2466,W2C,9,5.5864,47.0,4,35,25,adaptive
2467,N2C,18,2.8424,383.0,13,35,25,adaptive
2467,S2C,18,2.9405,393.0,14,35,25,adaptive
2467,E2C,10,5.383,52.0,5,35,25,adaptive
2467,W2C,10,6.4079,51.0,4,35,25,adaptive
2468,N2C,18,2.6174,397.0,14,35,25,adaptive
2468,S2C,18,2.7494,407.0,14,35,25,adaptive
2468,E2C,10,5.0984,57.0,5,35,25,adaptive
2468,W2C,10,6.3281,56.0,5,35,25,adaptive
2469,N2C,18,2.3841,411.0,14,35,25,adaptive
2469,S2C,18,2.4274,421.0,14,35,25,adaptive
2469,E2C,10,4.9853,63.0,6,35,25,adaptive
2469,W2C,10,6.4112,61.0,5,35,25,adaptive
2470,N2C,18,2.1832,425.0,14,35,25,adaptive
2470,S2C,18,2.2265,435.0,14,35,25,adaptive
2470,E2C,10,4.4056,69.0,6,35,25,adaptive
2470,W2C,10,5.6047,66.0,5,35,25,adaptive
2471,N2C,18,2.0246,439.0,14,35,25,adaptive
2471,S2C,18,2.194,450.0,15,35,25,adaptive
2471,E2C,10,4.1794,75.0,6,35,25,adaptive
2471,W2C,10,4.872,71.0,5,35,25,adaptive
2472,N2C,19,2.6856,453.0,14,35,25,adaptive
2472,S2C,19,2.5257,465.0,15,35,25,adaptive
2472,E2C,11,4.6015,81.0,6,35,25,adaptive
2472,W2C,11,5.2305,76.0,5,35,25,adaptive
2473,N2C,19,2.5887,467.0,14,35,25,adaptive
2473,S2C,19,2.3279,480.0,15,35,25,adaptive
2473,E2C,11,4.4281,87.0,6,35,25,adaptive
2473,W2C,11,4.74,82.0,6,35,25,adaptive
2474,N2C,19,2.382,482.0,15,35,25,adaptive
2474,S2C,19,2.0904,495.0,15,35,25,adaptive
2474,E2C,11,4.4786,94.0,7,35,25,adaptive
2474,W2C,11,4.263,89.0,7,35,25,adaptive
2475,N2C,19,2.1453,497.0,15,35,25,adaptive
2475,S2C,19,2.0412,511.0,16,35,25,adaptive
2475,E2C,11,4.6443,101.0,7,35,25,adaptive
2475,W2C,11,4.0364,96.0,7,35,25,adaptive
2476,N2C,20,2.5403,512.0,15,35,25,adaptive
2476,S2C,20,2.5765,527.0,16,35,25,adaptive
2476,E2C,12,5.2715,108.0,7,35,25,adaptive
2476,W2C,12,4.5523,103.0,7,35,25,adaptive
2477,N2C,20,2.261,528.0,16,35,25,adaptive
2477,S2C,20,2.2471,543.0,16,35,25,adaptive
2477,E2C,12,4.7945,115.0,7,35,25,adaptive
2477,W2C,12,4.4963,110.0,7,35,25,adaptive
2478,N2C,18,2.2167,416.0,14,35,25,adaptive
2478,S2C,18,2.2564,434.0,14,35,25,adaptive
2478,E2C,12,4.7849,122.0,7,35,25,adaptive
2478,W2C,12,4.3406,117.0,7,35,25,adaptive
2479,N2C,18,2.3455,318.0,12,35,25,adaptive
2479,S2C,18,2.3911,333.0,12,35,25,adaptive
2479,E2C,12,4.1714,129.0,7,35,25,adaptive
2479,W2C,12,3.9133,125.0,8,35,25,adaptive
2480,N2C,18,2.5816,231.0,10,35,25,adaptive
2480,S2C,18,2.5724,247.0,10,35,25,adaptive
2480,E2C,12,3.5641,136.0,7,35,25,adaptive
2480,W2C,12,3.6162,133.0,8,35,25,adaptive
2481,N2C,18,3.3885,161.0,9,35,25,adaptive
2481,S2C,17,3.1814,173.0,9,35,25,adaptive
2481,E2C,13,4.0861,144.0,8,35,25,adaptive
2481,W2C,13,4.1378,141.0,8,35,25,adaptive
2482,N2C,17,3.5845,101.0,7,35,25,adaptive
2482,S2C,17,3.3782,111.0,7,35,25,adaptive
2482,E2C,13,3.8132,153.0,9,35,25,adaptive
2482,W2C,13,3.7686,149.0,8,35,25,adaptive
2483,N2C,16,3.8392,55.0,5,35,25,adaptive
2483,S2C,16,3.7982,63.0,5,35,25,adaptive
2483,E2C,13,3.5201,162.0,9,35,25,adaptive
2483,W2C,13,3.4639,158.0,9,35,25,adaptive
2484,N2C,15,4.1054,23.0,3,35,25,adaptive
2484,S2C,15,4.1917,29.0,4,35,25,adaptive
2484,E2C,13,3.2067,171.0,9,35,25,adaptive
2484,W2C,13,3.2009,167.0,9,35,25,adaptive
2485,N2C,15,5.1167,6.0,2,35,25,adaptive
2485,S2C,15,4.8977,7.0,2,35,25,adaptive
2485,E2C,14,3.7842,181.0,10,35,25,adaptive
2485,W2C,14,3.8667,176.0,9,35,25,adaptive
2486,N2C,14,5.5984,0.0,0,35,25,adaptive
2486,S2C,14,5.3197,0.0,0,35,25,adaptive
2486,E2C,14,3.743,191.0,10,35,25,adaptive
2486,W2C,14,3.6544,185.0,9,35,25,adaptive
2487,N2C,13,5.9426,0.0,0,35,25,adaptive
2487,S2C,14,5.7022,0.0,0,35,25,adaptive
2487,E2C,14,3.733,201.0,10,35,25,adaptive
2487,W2C,14,3.3079,194.0,9,35,25,adaptive
2488,N2C,12,6.6109,0.0,0,35,25,adaptive
2488,S2C,12,6.513,0.0,0,35,25,adaptive
2488,E2C,14,3.4911,211.0,10,35,25,adaptive
2488,W2C,14,2.938,204.0,10,35,25,adaptive
2489,N2C,11,7.1145,0.0,0,35,25,adaptive
2489,S2C,12,7.4935,0.0,0,35,25,adaptive
2489,E2C,14,3.0714,221.0,10,35,25,adaptive
2489,W2C,14,2.88,214.0,10,35,25,adaptive
2490,N2C,11,8.5979,0.0,0,35,25,adaptive
2490,S2C,11,8.2678,0.0,0,35,25,adaptive
2490,E2C,15,3.5393,231.0,10,35,25,adaptive
2490,W2C,15,3.5719,224.0,10,35,25,adaptive
2491,N2C,10,9.449,0.0,0,35,25,adaptive
2491,S2C,10,9.0413,0.0,0,35,25,adaptive
2491,E2C,15,3.0955,241.0,10,35,25,adaptive
2491,W2C,15,3.3648,235.0,11,35,25,adaptive
2492,N2C,9,10.2878,0.0,0,35,25,adaptive
2492,S2C,9,9.7338,0.0,0,35,25,adaptive
2492,E2C,15,2.8798,252.0,11,35,25,adaptive
2492,W2C,15,2.9925,246.0,11,35,25,adaptive
2493,N2C,8,11.3264,0.0,0,35,25,adaptive
2493,S2C,8,10.6122,0.0,0,35,25,adaptive
2493,E2C,15,2.6865,263.0,11,35,25,adaptive
2493,W2C,15,2.7511,257.0,11,35,25,adaptive
2494,N2C,8,11.6558,0.0,0,35,25,adaptive
2494,S2C,8,11.6706,0.0,0,35,25,adaptive
2494,E2C,16,3.1065,274.0,11,35,25,adaptive
2494,W2C,16,3.2503,268.0,11,35,25,adaptive
2495,N2C,6,11.8558,0.0,0,35,25,adaptive
2495,S2C,6,11.9708,0.0,0,35,25,adaptive
2495,E2C,16,2.7711,285.0,11,35,25,adaptive
2495,W2C,16,3.2146,280.0,12,35,25,adaptive
2496,N2C,6,12.0563,0.0,0,35,25,adaptive
2496,S2C,6,12.6018,0.0,0,35,25,adaptive
2496,E2C,16,2.6601,297.0,12,35,25,adaptive
2496,W2C,16,2.8643,292.0,12,35,25,adaptive
2497,N2C,4,11.969,0.0,0,35,25,adaptive
2497,S2C,4,12.2564,0.0,0,35,25,adaptive
2497,E2C,16,2.2998,309.0,12,35,25,adaptive
2497,W2C,16,2.6089,304.0,12,35,25,adaptive
2498,N2C,4,12.3249,0.0,0,35,25,adaptive
2498,S2C,4,12.72,0.0,0,35,25,adaptive
2498,E2C,16,2.2519,321.0,12,35,25,adaptive
2498,W2C,16,2.4324,316.0,12,35,25,adaptive
2499,N2C,4,11.9735,0.0,0,35,25,adaptive
2499,S2C,4,12.4712,0.0,0,35,25,adaptive
2499,E2C,17,2.7623,333.0,12,35,25,adaptive
2499,W2C,17,2.9626,328.0,12,35,25,adaptive
2500,N2C,4,11.9489,0.0,0,35,25,adaptive
2500,S2C,4,12.3395,0.0,0,35,25,adaptive
2500,E2C,17,2.4659,346.0,13,35,25,adaptive
2500,W2C,17,2.7313,341.0,13,35,25,adaptive
2501,N2C,4,12.1357,0.0,0,35,25,adaptive
2501,S2C,4,12.411,0.0,0,35,25,adaptive
2501,E2C,17,2.2082,359.0,13,35,25,adaptive
2501,W2C,17,2.4289,354.0,13,35,25,adaptive
2502,N2C,4,12.134,0.0,0,35,25,adaptive
2502,S2C,4,12.2717,0.0,0,35,25,adaptive
2502,E2C,17,2.1139,372.0,13,35,25,adaptive
2502,W2C,17,2.3111,367.0,13,35,25,adaptive
2503,N2C,4,12.1031,0.0,0,35,25,adaptive
2503,S2C,5,12.6476,0.0,0,35,25,adaptive
2503,E2C,18,2.7935,386.0,14,35,25,adaptive
2503,W2C,18,2.8095,381.0,14,35,25,adaptive
2504,N2C,4,12.0242,0.0,0,35,25,adaptive
2504,S2C,4,12.8778,0.0,0,35,25,adaptive
2504,E2C,18,2.6579,400.0,14,35,25,adaptive
2504,W2C,18,2.5219,395.0,14,35,25,adaptive
2505,N2C,4,11.5388,0.0,0,35,25,adaptive
2505,S2C,4,12.4455,0.0,0,35,25,adaptive
2505,E2C,18,2.6584,414.0,14,35,25,adaptive
2505,W2C,18,2.329,409.0,14,35,25,adaptive
2506,N2C,4,11.9069,0.0,0,35,25,adaptive
2506,S2C,4,12.8046,0.0,0,35,25,adaptive
2506,E2C,18,2.5133,428.0,14,35,25,adaptive
2506,W2C,18,2.0885,423.0,14,35,25,adaptive
2507,N2C,4,11.8507,0.0,0,35,25,adaptive
2507,S2C,4,12.7621,0.0,0,35,25,adaptive
2507,E2C,18,2.3313,442.0,14,35,25,adaptive
2507,W2C,18,2.0448,438.0,15,35,25,adaptive
2508,N2C,4,11.5887,0.0,0,28,32,adaptive
2508,S2C,5,13.0404,0.0,0,28,32,adaptive
2508,E2C,19,2.7627,456.0,14,28,32,adaptive
2508,W2C,19,2.5913,453.0,15,28,32,adaptive
2509,N2C,4,11.4698,0.0,0,28,32,adaptive
2509,S2C,5,12.6914,0.0,0,28,32,adaptive
2509,E2C,19,2.6828,471.0,15,28,32,adaptive
2509,W2C,19,2.3967,468.0,15,28,32,adaptive
2510,N2C,4,11.2778,0.0,0,28,32,adaptive
2510,S2C,5,12.5244,0.0,0,28,32,adaptive
2510,E2C,19,2.584,486.0,15,28,32,adaptive
2510,W2C,19,2.1571,483.0,15,28,32,adaptive
2511,N2C,4,10.8602,0.0,0,28,32,adaptive
2511,S2C,5,11.9891,0.0,0,28,32,adaptive
2511,E2C,19,2.5199,501.0,15,28,32,adaptive
2511,W2C,19,1.9887,498.0,15,28,32,adaptive
2512,N2C,5,11.6093,0.0,0,28,32,adaptive
2512,S2C,6,10.4236,0.0,0,28,32,adaptive
2512,E2C,20,2.7194,516.0,15,28,32,adaptive
2512,W2C,20,2.3931,513.0,15,28,32,adaptive
2513,N2C,5,11.6099,0.0,0,28,32,adaptive
2513,S2C,6,9.2831,0.0,0,28,32,adaptive
2513,E2C,20,2.3526,531.0,15,28,32,adaptive
2513,W2C,20,2.2017,528.0,15,28,32,adaptive
2514,N2C,5,11.8471,0.0,0,28,32,adaptive
2514,S2C,6,9.0086,1.0,1,28,32,adaptive
2514,E2C,20,2.0028,546.0,15,28,32,adaptive
2514,W2C,20,1.9887,544.0,16,28,32,adaptive
2515,N2C,5,11.7123,0.0,0,28,32,adaptive
2515,S2C,6,8.7154,3.0,2,28,32,adaptive
2515,E2C,20,2.0379,563.0,17,28,32,adaptive
2515,W2C,20,1.8166,560.0,16,28,32,adaptive
2516,N2C,5,11.3604,0.0,0,28,32,adaptive
2516,S2C,6,7.9527,5.0,2,28,32,adaptive
2516,E2C,20,1.8516,580.0,17,28,32,adaptive
2516,W2C,20,1.89,577.0,17,28,32,adaptive
2517,N2C,6,12.1112,0.0,0,28,32,adaptive
2517,S2C,7,8.3248,7.0,2,28,32,adaptive
2517,E2C,21,2.2744,597.0,17,28,32,adaptive
2517,W2C,21,2.394,594.0,17,28,32,adaptive
2518,N2C,6,11.5129,0.0,0,28,32,adaptive
2518,S2C,7,7.6047,9.0,2,28,32,adaptive
2518,E2C,21,2.0314,614.0,17,28,32,adaptive
2518,W2C,21,2.3601,611.0,17,28,32,adaptive
2519,N2C,6,11.0893,0.0,0,28,32,adaptive
2519,S2C,7,7.0215,11.0,2,28,32,adaptive
2519,E2C,21,1.9636,631.0,17,28,32,adaptive
2519,W2C,21,2.1072,628.0,17,28,32,adaptive
2520,N2C,6,9.1687,0.0,0,28,32,adaptive
2520,S2C,7,6.4455,14.0,3,28,32,adaptive
2520,E2C,21,1.9121,648.0,17,28,32,adaptive
2520,W2C,21,1.9505,645.0,17,28,32,adaptive
2521,N2C,7,8.5027,0.0,0,28,32,adaptive
2521,S2C,8,6.7664,17.0,3,28,32,adaptive
2521,E2C,22,2.2324,665.0,17,28,32,adaptive
2521,W2C,22,2.2804,662.0,17,28,32,adaptive
2522,N2C,7,8.1232,0.0,0,28,32,adaptive
2522,S2C,8,6.2481,20.0,3,28,32,adaptive
2522,E2C,22,2.0077,683.0,18,28,32,adaptive
2522,W2C,22,2.0623,680.0,18,28,32,adaptive
2523,N2C,7,7.4941,1.0,1,28,32,adaptive
2523,S2C,8,6.3535,24.0,4,28,32,adaptive
2523,E2C,22,1.8536,701.0,18,28,32,adaptive
2523,W2C,22,1.8656,698.0,18,28,32,adaptive
2524,N2C,7,7.1987,3.0,2,28,32,adaptive
2524,S2C,8,6.0924,28.0,4,28,32,adaptive
2524,E2C,22,1.7326,720.0,19,28,32,adaptive
2524,W2C,22,1.6894,716.0,18,28,32,adaptive
2525,N2C,7,7.1622,6.0,3,28,32,adaptive
2525,S2C,8,5.5862,32.0,4,28,32,adaptive
2525,E2C,22,1.4808,739.0,19,28,32,adaptive
2525,W2C,22,1.5184,734.0,18,28,32,adaptive
2526,N2C,8,7.9448,9.0,3,28,32,adaptive
2526,S2C,9,5.8855,36.0,4,28,32,adaptive
2526,E2C,23,1.8674,758.0,19,28,32,adaptive
2526,W2C,23,1.8377,753.0,19,28,32,adaptive
2527,N2C,8,7.9645,12.0,3,28,32,adaptive
2527,S2C,9,5.6554,40.0,4,28,32,adaptive
2527,E2C,23,1.7275,778.0,20,28,32,adaptive
2527,W2C,23,1.7061,772.0,19,28,32,adaptive
2528,N2C,8,7.3656,15.0,3,28,32,adaptive
2528,S2C,9,5.389,44.0,4,28,32,adaptive
2528,E2C,23,1.7276,798.0,20,28,32,adaptive
2528,W2C,23,1.6725,791.0,19,28,32,adaptive
2529,N2C,8,6.3355,18.0,3,28,32,adaptive
2529,S2C,9,5.4272,49.0,5,28,32,adaptive
2529,E2C,23,1.5994,818.0,20,28,32,adaptive
2529,W2C,23,1.4597,811.0,20,28,32,adaptive
2530,N2C,9,6.3256,21.0,3,28,32,adaptive
2530,S2C,10,6.141,54.0,5,28,32,adaptive
2530,E2C,24,1.8366,838.0,20,28,32,adaptive
2530,W2C,24,1.7693,831.0,20,28,32,adaptive
2531,N2C,9,5.955,25.0,4,28,32,adaptive
2531,S2C,10,5.5334,59.0,5,28,32,adaptive
2531,E2C,24,1.738,858.0,20,28,32,adaptive
2531,W2C,24,1.571,851.0,20,28,32,adaptive
2532,N2C,9,5.8336,30.0,5,28,32,adaptive
2532,S2C,10,5.2201,64.0,5,28,32,adaptive
2532,E2C,24,1.6153,878.0,20,28,32,adaptive
2532,W2C,24,1.5195,872.0,21,28,32,adaptive
2533,N2C,9,5.579,35.0,5,28,32,adaptive
2533,S2C,10,4.6631,69.0,5,28,32,adaptive
2533,E2C,24,1.5097,899.0,21,28,32,adaptive
2533,W2C,24,1.5422,893.0,21,28,32,adaptive
2534,N2C,9,5.0761,40.0,5,28,32,adaptive
2534,S2C,10,4.2294,74.0,5,28,32,adaptive
2534,E2C,24,1.277,920.0,21,28,32,adaptive
2534,W2C,24,1.524,914.0,21,28,32,adaptive
2535,N2C,10,5.7277,45.0,5,28,32,adaptive
2535,S2C,11,4.5066,80.0,6,28,32,adaptive
2535,E2C,25,1.6231,941.0,21,28,32,adaptive
2535,W2C,25,1.8133,935.0,21,28,32,adaptive
2536,N2C,10,5.34,50.0,5,28,32,adaptive
2536,S2C,11,4.4212,86.0,6,28,32,adaptive
2536,E2C,25,1.4927,963.0,22,28,32,adaptive
2536,W2C,25,1.6218,956.0,21,28,32,adaptive
2537,N2C,10,4.9346,55.0,5,28,32,adaptive
2537,S2C,11,4.5061,93.0,7,28,32,adaptive
2537,E2C,23,1.613,813.0,20,28,32,adaptive
2537,W2C,23,1.5631,802.0,19,28,32,adaptive
2538,N2C,10,4.5387,61.0,6,28,32,adaptive
2538,S2C,11,4.4112,100.0,7,28,32,adaptive
2538,E2C,23,1.5006,674.0,18,28,32,adaptive
2538,W2C,23,1.4833,663.0,17,28,32,adaptive
2539,N2C,11,4.9271,67.0,6,28,32,adaptive
2539,S2C,12,4.9654,107.0,7,28,32,adaptive
2539,E2C,24,2.0942,546.0,16,28,32,adaptive
2539,W2C,24,2.0033,543.0,16,28,32,adaptive
2540,N2C,11,4.87,73.0,6,28,32,adaptive
2540,S2C,12,4.6418,114.0,7,28,32,adaptive
2540,E2C,22,2.0085,436.0,14,28,32,adaptive
2540,W2C,22,1.8688,429.0,14,28,32,adaptive
2541,N2C,11,4.8305,80.0,7,28,32,adaptive
2541,S2C,12,4.2165,121.0,7,28,32,adaptive
2541,E2C,22,2.4174,333.0,13,28,32,adaptive
2541,W2C,22,2.1366,331.0,13,28,32,adaptive
2542,N2C,11,4.3955,87.0,7,28,32,adaptive
2542,S2C,12,4.2886,129.0,8,28,32,adaptive
2542,E2C,22,2.886,248.0,11,28,32,adaptive
2542,W2C,22,2.6631,244.0,11,28,32,adaptive
2543,N2C,11,4.0825,94.0,7,28,32,adaptive
2543,S2C,12,3.9447,137.0,8,28,32,adaptive
2543,E2C,20,2.8278,174.0,9,28,32,adaptive
2543,W2C,20,2.7784,170.0,9,28,32,adaptive
2544,N2C,12,4.527,101.0,7,28,32,adaptive
2544,S2C,13,4.4134,145.0,8,28,32,adaptive
2544,E2C,21,3.6589,117.0,7,28,32,adaptive
2544,W2C,21,3.6465,110.0,7,28,32,adaptive
2545,N2C,12,4.0762,108.0,7,28,32,adaptive
2545,S2C,13,3.675,153.0,8,28,32,adaptive
2545,E2C,19,3.6536,93.0,6,28,32,adaptive
2545,W2C,19,3.5722,87.0,6,28,32,adaptive
2546,N2C,12,3.8388,115.0,7,28,32,adaptive
2546,S2C,13,3.376,161.0,8,28,32,adaptive
2546,E2C,19,4.4943,51.0,4,28,32,adaptive
2546,W2C,19,4.3138,68.0,5,28,32,adaptive
2547,N2C,12,3.5346,123.0,8,28,32,adaptive
2547,S2C,13,3.0625,170.0,9,28,32,adaptive
2547,E2C,17,4.4773,20.0,3,28,32,adaptive
2547,W2C,17,4.5616,32.0,3,28,32,adaptive
2548,N2C,13,4.1536,131.0,8,28,32,adaptive
2548,S2C,14,3.5604,179.0,9,28,32,adaptive
2548,E2C,17,5.4146,10.0,2,28,32,adaptive
2548,W2C,18,5.9295,9.0,2,28,32,adaptive
2549,N2C,13,4.018,139.0,8,28,32,adaptive
2549,S2C,14,3.5307,188.0,9,28,32,adaptive
2549,E2C,16,5.8008,0.0,0,28,32,adaptive
2549,W2C,16,5.9288,0.0,0,28,32,adaptive
2550,N2C,13,3.7209,148.0,9,28,32,adaptive
2550,S2C,14,3.4407,198.0,10,28,32,adaptive
2550,E2C,14,6.1388,0.0,0,28,32,adaptive
2550,W2C,16,6.8652,0.0,0,28,32,adaptive
2551,N2C,13,3.5021,157.0,9,28,32,adaptive
2551,S2C,14,3.3044,208.0,10,28,32,adaptive
2551,E2C,14,6.9633,0.0,0,28,32,adaptive
2551,W2C,14,7.1174,0.0,0,28,32,adaptive
2552,N2C,13,3.1929,166.0,9,28,32,adaptive
2552,S2C,14,3.1181,218.0,10,28,32,adaptive
2552,E2C,12,7.4217,0.0,0,28,32,adaptive
2552,W2C,12,7.4264,0.0,0,28,32,adaptive
2553,N2C,14,3.5973,175.0,9,28,32,adaptive
2553,S2C,15,3.2738,228.0,10,28,32,adaptive
2553,E2C,13,8.9804,0.0,0,28,32,adaptive
2553,W2C,13,8.9259,0.0,0,28,32,adaptive
2554,N2C,14,3.3445,184.0,9,28,32,adaptive
2554,S2C,15,3.0637,239.0,11,28,32,adaptive
2554,E2C,11,9.4274,0.0,0,28,32,adaptive
2554,W2C,11,9.4631,0.0,0,28,32,adaptive
2555,N2C,14,2.9709,194.0,10,28,32,adaptive
2555,S2C,15,2.8157,250.0,11,28,32,adaptive
2555,E2C,11,10.4992,0.0,0,28,32,adaptive
2555,W2C,11,10.2836,0.0,0,28,32,adaptive
2556,N2C,14,2.7651,204.0,10,28,32,adaptive
2556,S2C,15,2.5655,261.0,11,28,32,adaptive
2556,E2C,9,11.2253,0.0,0,28,32,adaptive
2556,W2C,9,10.5682,0.0,0,28,32,adaptive
2557,N2C,15,3.3112,215.0,11,28,32,adaptive
2557,S2C,16,2.9426,273.0,12,28,32,adaptive
2557,E2C,10,11.8847,0.0,0,28,32,adaptive
2557,W2C,10,11.6405,0.0,0,28,32,adaptive
2558,N2C,15,3.294,226.0,11,28,32,adaptive
2558,S2C,16,2.9026,285.0,12,28,32,adaptive
2558,E2C,8,12.1918,0.0,0,28,32,adaptive
2558,W2C,8,11.717,0.0,0,28,32,adaptive
2559,N2C,15,3.1092,237.0,11,28,32,adaptive
2559,S2C,16,2.5898,297.0,12,28,32,adaptive
2559,E2C,7,12.4996,0.0,0,28,32,adaptive
2559,W2C,8,12.3694,0.0,0,28,32,adaptive
2560,N2C,15,2.8614,248.0,11,28,32,adaptive
2560,S2C,16,2.4928,309.0,12,28,32,adaptive
2560,E2C,6,12.5293,0.0,0,28,32,adaptive
2560,W2C,6,12.3986,0.0,0,28,32,adaptive
2561,N2C,15,2.4195,259.0,11,28,32,adaptive
2561,S2C,16,2.227,321.0,12,28,32,adaptive
2561,E2C,4,12.1781,0.0,0,28,32,adaptive
2561,W2C,6,12.1974,0.0,0,28,32,adaptive
2562,N2C,16,2.9136,271.0,12,28,32,adaptive
2562,S2C,17,2.7249,333.0,12,28,32,adaptive
2562,E2C,5,12.405,0.0,0,28,32,adaptive
2562,W2C,5,12.6583,0.0,0,28,32,adaptive
2563,N2C,16,2.6106,283.0,12,28,32,adaptive
2563,S2C,17,2.6523,346.0,13,28,32,adaptive
2563,E2C,5,12.3026,0.0,0,28,32,adaptive
2563,W2C,5,12.7342,0.0,0,28,32,adaptive
2564,N2C,16,2.4239,295.0,12,28,32,adaptive
2564,S2C,17,2.618,359.0,13,28,32,adaptive
2564,E2C,5,12.5391,0.0,0,28,32,adaptive
2564,W2C,4,13.2432,0.0,0,28,32,adaptive
2565,N2C,16,2.3045,307.0,12,28,32,adaptive
2565,S2C,17,2.4307,372.0,13,28,32,adaptive
2565,E2C,4,12.5675,0.0,0,28,32,adaptive
2565,W2C,4,12.8024,0.0,0,28,32,adaptive
2566,N2C,17,2.9393,319.0,12,28,32,adaptive
2566,S2C,18,2.8943,385.0,13,28,32,adaptive
2566,E2C,3,12.4612,0.0,0,28,32,adaptive
2566,W2C,4,13.2403,0.0,0,28,32,adaptive
2567,N2C,17,2.9019,332.0,13,28,32,adaptive
2567,S2C,18,2.6148,398.0,13,28,32,adaptive
2567,E2C,4,12.8856,0.0,0,28,32,adaptive
2567,W2C,4,12.9322,0.0,0,28,32,adaptive
2568,N2C,17,2.8833,345.0,13,28,32,adaptive
2568,S2C,18,2.63,412.0,14,28,32,adaptive
2568,E2C,4,12.6788,0.0,0,28,32,adaptive
2568,W2C,4,12.9765,0.0,0,28,32,adaptive
2569,N2C,17,2.9577,358.0,13,28,32,adaptive
2569,S2C,18,2.3513,426.0,14,28,32,adaptive
2569,E2C,4,12.425,0.0,0,28,32,adaptive
2569,W2C,4,13.0396,0.0,0,28,32,adaptive
2570,N2C,15,3.3169,276.0,11,28,32,adaptive
2570,S2C,16,2.471,327.0,12,28,32,adaptive
2570,E2C,4,11.8214,0.0,0,28,32,adaptive
2570,W2C,4,12.9645,0.0,0,28,32,adaptive
2571,N2C,16,3.8827,199.0,9,28,32,adaptive
2571,S2C,17,3.1083,239.0,11,28,32,adaptive
2571,E2C,5,11.5439,0.0,0,28,32,adaptive
2571,W2C,5,12.013,0.0,0,28,32,adaptive
2572,N2C,16,3.5316,132.0,7,28,32,adaptive
2572,S2C,17,3.2841,168.0,9,28,32,adaptive
2572,E2C,5,10.6135,0.0,0,28,32,adaptive
2572,W2C,5,11.1066,0.0,0,28,32,adaptive
2573,N2C,16,3.6698,79.0,5,28,32,adaptive
2573,S2C,15,3.6016,108.0,7,28,32,adaptive
2573,E2C,5,9.8419,0.0,0,28,32,adaptive
2573,W2C,5,10.6413,0.0,0,28,32,adaptive
2574,N2C,14,3.7204,39.0,3,33,27,adaptive
2574,S2C,15,3.7292,62.0,5,33,27,adaptive
2574,E2C,5,9.772,0.0,0,33,27,adaptive
2574,W2C,5,10.3353,0.0,0,33,27,adaptive
2575,N2C,15,4.8639,11.0,3,33,27,adaptive
2575,S2C,16,4.5854,26.0,3,33,27,adaptive
2575,E2C,6,10.4262,1.0,1,33,27,adaptive
2575,W2C,6,9.4278,1.0,1,33,27,adaptive
2576,N2C,13,5.2316,2.0,1,33,27,adaptive
2576,S2C,14,4.9398,7.0,2,33,27,adaptive
2576,E2C,6,10.0305,2.0,1,33,27,adaptive
2576,W2C,6,8.8833,2.0,1,33,27,adaptive
2577,N2C,13,5.906,0.0,0,33,27,adaptive
2577,S2C,14,5.7102,0.0,0,33,27,adaptive
2577,E2C,6,10.0667,3.0,1,33,27,adaptive
2577,W2C,6,8.7561,3.0,1,33,27,adaptive
2578,N2C,11,6.2799,0.0,0,33,27,adaptive
2578,S2C,12,6.1076,0.0,0,33,27,adaptive
2578,E2C,6,9.5016,4.0,1,33,27,adaptive
2578,W2C,6,8.3466,4.0,1,33,27,adaptive
2579,N2C,11,7.0741,0.0,0,33,27,adaptive
2579,S2C,12,6.8208,0.0,0,33,27,adaptive
2579,E2C,6,8.663,5.0,1,33,27,adaptive
2579,W2C,6,8.1026,6.0,2,33,27,adaptive
2580,N2C,10,7.9021,0.0,0,33,27,adaptive
2580,S2C,11,7.4319,0.0,0,33,27,adaptive
2580,E2C,7,8.9135,6.0,1,33,27,adaptive
2580,W2C,7,8.1759,8.0,2,33,27,adaptive
2581,N2C,10,8.3687,0.0,0,33,27,adaptive
2581,S2C,11,7.926,0.0,0,33,27,adaptive
2581,E2C,7,8.2352,7.0,1,33,27,adaptive
2581,W2C,7,7.2265,10.0,2,33,27,adaptive
2582,N2C,8,9.517,0.0,0,33,27,adaptive
2582,S2C,9,8.3654,0.0,0,33,27,adaptive
2582,E2C,7,7.5967,9.0,2,33,27,adaptive
2582,W2C,7,6.6332,12.0,2,33,27,adaptive
2583,N2C,8,10.3988,0.0,0,33,27,adaptive
2583,S2C,9,9.7916,0.0,0,33,27,adaptive
2583,E2C,7,7.5606,11.0,2,33,27,adaptive
2583,W2C,7,6.1125,15.0,3,33,27,adaptive
2584,N2C,7,11.6137,0.0,0,33,27,adaptive
2584,S2C,8,11.0132,0.0,0,33,27,adaptive
2584,E2C,8,7.6574,13.0,2,33,27,adaptive
2584,W2C,8,6.7003,18.0,3,33,27,adaptive
2585,N2C,7,12.1714,0.0,0,33,27,adaptive
2585,S2C,8,11.566,0.0,0,33,27,adaptive
2585,E2C,8,7.3086,15.0,2,33,27,adaptive
2585,W2C,8,6.2776,21.0,3,33,27,adaptive
2586,N2C,5,12.9312,0.0,0,33,27,adaptive
2586,S2C,6,12.0011,0.0,0,33,27,adaptive
2586,E2C,8,6.8591,18.0,3,33,27,adaptive
2586,W2C,8,5.8064,24.0,3,33,27,adaptive
2587,N2C,5,13.266,0.0,0,33,27,adaptive
2587,S2C,6,12.0976,0.0,0,33,27,adaptive
2587,E2C,8,6.4401,21.0,3,33,27,adaptive
2587,W2C,8,5.7752,28.0,4,33,27,adaptive
2588,N2C,4,13.365,0.0,0,33,27,adaptive
2588,S2C,4,12.34,0.0,0,33,27,adaptive
2588,E2C,8,6.177,24.0,3,33,27,adaptive
2588,W2C,8,5.0901,32.0,4,33,27,adaptive
2589,N2C,4,13.4954,0.0,0,33,27,adaptive
2589,S2C,5,12.877,0.0,0,33,27,adaptive
2589,E2C,9,6.5621,28.0,4,33,27,adaptive
2589,W2C,9,5.388,36.0,4,33,27,adaptive
2590,N2C,4,13.0741,0.0,0,33,27,adaptive
2590,S2C,4,12.4973,0.0,0,33,27,adaptive
2590,E2C,9,6.0801,32.0,4,33,27,adaptive
2590,W2C,9,5.1705,40.0,4,33,27,adaptive
2591,N2C,4,13.3015,0.0,0,33,27,adaptive
2591,S2C,4,12.7181,0.0,0,33,27,adaptive
2591,E2C,9,5.7358,36.0,4,33,27,adaptive
2591,W2C,9,5.1817,44.0,4,33,27,adaptive
2592,N2C,4,13.2242,0.0,0,33,27,adaptive
2592,S2C,4,13.0778,0.0,0,33,27,adaptive
2592,E2C,9,5.0983,41.0,5,33,27,adaptive
2592,W2C,9,5.0572,49.0,5,33,27,adaptive
2593,N2C,3,12.8723,0.0,0,33,27,adaptive
2593,S2C,5,12.605,0.0,0,33,27,adaptive
2593,E2C,10,5.4343,46.0,5,33,27,adaptive
2593,W2C,10,6.0241,54.0,5,33,27,adaptive
2594,N2C,4,13.263,0.0,0,33,27,adaptive
2594,S2C,5,12.7482,0.0,0,33,27,adaptive
2594,E2C,10,5.229,51.0,5,33,27,adaptive
2594,W2C,10,5.7335,59.0,5,33,27,adaptive
2595,N2C,4,13.3406,0.0,0,33,27,adaptive
2595,S2C,4,12.5472,0.0,0,33,27,adaptive
2595,E2C,10,5.1796,57.0,6,33,27,adaptive
2595,W2C,10,5.4607,64.0,5,33,27,adaptive
2596,N2C,4,13.4266,0.0,0,33,27,adaptive
2596,S2C,4,12.7095,0.0,0,33,27,adaptive
2596,E2C,10,4.8103,63.0,6,33,27,adaptive
2596,W2C,10,5.4568,69.0,5,33,27,adaptive
2597,N2C,4,13.43,0.0,0,33,27,adaptive
2597,S2C,4,12.5037,0.0,0,33,27,adaptive
2597,E2C,10,4.2467,69.0,6,33,27,adaptive
2597,W2C,10,5.0478,74.0,5,33,27,adaptive
2598,N2C,4,13.3934,0.0,0,33,27,adaptive
2598,S2C,4,12.5377,0.0,0,33,27,adaptive
2598,E2C,11,4.9044,75.0,6,33,27,adaptive
2598,W2C,11,5.6132,79.0,5,33,27,adaptive
2599,N2C,4,13.2893,0.0,0,33,27,adaptive
2599,S2C,3,12.8096,0.0,0,33,27,adaptive
2599,E2C,11,4.7358,81.0,6,33,27,adaptive
2599,W2C,11,5.3787,85.0,6,33,27,adaptive
2600,N2C,4,13.1458,0.0,0,33,27,adaptive
2600,S2C,3,12.9133,0.0,0,33,27,adaptive
2600,E2C,11,4.6558,88.0,7,33,27,adaptive
2600,W2C,11,5.2232,91.0,6,33,27,adaptive
2601,N2C,4,13.5222,0.0,0,33,27,adaptive
2601,S2C,3,12.2843,0.0,0,33,27,adaptive
2601,E2C,11,4.1196,95.0,7,33,27,adaptive
2601,W2C,11,4.599,97.0,6,33,27,adaptive
2602,N2C,4,13.5033,0.0,0,33,27,adaptive
2602,S2C,4,12.4569,0.0,0,33,27,adaptive
2602,E2C,12,5.0799,102.0,7,33,27,adaptive
2602,W2C,12,4.6949,103.0,6,33,27,adaptive
2603,N2C,4,13.3438,0.0,0,33,27,adaptive
2603,S2C,4,11.9868,0.0,0,33,27,adaptive
2603,E2C,12,4.6299,109.0,7,33,27,adaptive
2603,W2C,12,4.1158,109.0,6,33,27,adaptive
2604,N2C,4,13.1409,0.0,0,33,27,adaptive
2604,S2C,4,12.0583,0.0,0,33,27,adaptive
2604,E2C,12,4.1112,117.0,8,33,27,adaptive
2604,W2C,12,4.0925,115.0,6,33,27,adaptive
2605,N2C,4,13.1513,0.0,0,33,27,adaptive
2605,S2C,4,12.0276,0.0,0,33,27,adaptive
2605,E2C,12,3.7587,125.0,8,33,27,adaptive
2605,W2C,12,4.1049,123.0,8,33,27,adaptive
2606,N2C,4,12.9895,0.0,0,33,27,adaptive
2606,S2C,4,12.3687,0.0,0,33,27,adaptive
2606,E2C,12,3.5235,133.0,8,33,27,adaptive
2606,W2C,12,3.7678,131.0,8,33,27,adaptive
2607,N2C,4,13.3173,0.0,0,33,27,adaptive
2607,S2C,4,12.0174,0.0,0,33,27,adaptive
2607,E2C,13,4.2496,141.0,8,33,27,adaptive
2607,W2C,13,4.1955,139.0,8,33,27,adaptive
2608,N2C,4,13.1866,0.0,0,33,27,adaptive
2608,S2C,4,11.6515,0.0,0,33,27,adaptive
2608,E2C,13,3.8889,149.0,8,33,27,adaptive
2608,W2C,13,3.6426,147.0,8,33,27,adaptive
2609,N2C,4,13.0434,0.0,0,33,27,adaptive
2609,S2C,4,11.7511,0.0,0,33,27,adaptive
2609,E2C,13,3.4947,158.0,9,33,27,adaptive
2609,W2C,13,3.3068,155.0,8,33,27,adaptive
2610,N2C,4,13.1602,0.0,0,33,27,adaptive
2610,S2C,4,11.6439,0.0,0,33,27,adaptive
2610,E2C,13,3.178,167.0,9,33,27,adaptive
2610,W2C,13,2.9592,164.0,9,33,27,adaptive
2611,N2C,5,12.438,0.0,0,33,27,adaptive
2611,S2C,5,11.9869,0.0,0,33,27,adaptive
2611,E2C,12,4.3617,109.0,7,33,27,adaptive
2611,W2C,12,4.2102,103.0,7,33,27,adaptive
2612,N2C,5,11.3381,0.0,0,33,27,adaptive
2612,S2C,5,11.8155,0.0,0,33,27,adaptive
2612,E2C,12,4.5624,65.0,5,33,27,adaptive
2612,W2C,12,4.3182,55.0,6,33,27,adaptive
2613,N2C,5,10.6342,0.0,0,33,27,adaptive
2613,S2C,5,11.0239,0.0,0,33,27,adaptive
2613,E2C,12,4.6129,30.0,4,33,27,adaptive
2613,W2C,12,4.8551,24.0,4,33,27,adaptive
2614,N2C,5,10.1645,0.0,0,33,27,adaptive
2614,S2C,5,10.2819,0.0,0,33,27,adaptive
2614,E2C,11,4.9594,8.0,2,33,27,adaptive
2614,W2C,11,5.1052,8.0,2,33,27,adaptive
2615,N2C,5,9.6259,1.0,1,33,27,adaptive
2615,S2C,5,9.7528,0.0,0,33,27,adaptive
2615,E2C,10,5.3123,0.0,0,33,27,adaptive
2615,W2C,10,5.8772,0.0,0,33,27,adaptive
2616,N2C,6,9.5652,2.0,1,33,27,adaptive
2616,S2C,6,10.224,0.0,0,33,27,adaptive
2616,E2C,11,6.7694,0.0,0,33,27,adaptive
2616,W2C,10,7.0848,0.0,0,33,27,adaptive
2617,N2C,6,8.9457,3.0,1,33,27,adaptive
2617,S2C,6,9.9215,1.0,1,33,27,adaptive
2617,E2C,9,7.1488,0.0,0,33,27,adaptive
2617,W2C,9,7.9095,0.0,0,33,27,adaptive
2618,N2C,6,8.3199,5.0,2,33,27,adaptive
2618,S2C,6,10.1455,2.0,1,33,27,adaptive
2618,E2C,9,7.8019,0.0,0,33,27,adaptive
2618,W2C,8,8.8006,0.0,0,33,27,adaptive
2619,N2C,6,7.9066,7.0,2,33,27,adaptive
2619,S2C,6,10.1212,3.0,1,33,27,adaptive
2619,E2C,7,8.5064,0.0,0,33,27,adaptive
2619,W2C,7,9.6188,0.0,0,33,27,adaptive
2620,N2C,7,8.3954,9.0,2,33,27,adaptive
2620,S2C,7,10.2125,4.0,1,33,27,adaptive
2620,E2C,8,9.9351,0.0,0,33,27,adaptive
2620,W2C,7,10.5338,0.0,0,33,27,adaptive
2621,N2C,7,7.5839,11.0,2,33,27,adaptive
2621,S2C,7,10.1617,5.0,1,33,27,adaptive
2621,E2C,6,10.837,0.0,0,33,27,adaptive
2621,W2C,6,11.1652,0.0,0,33,27,adaptive
2622,N2C,7,7.0621,13.0,2,33,27,adaptive
2622,S2C,7,9.2081,6.0,1,33,27,adaptive
2622,E2C,6,11.4804,0.0,0,33,27,adaptive
2622,W2C,5,11.9548,0.0,0,33,27,adaptive
2623,N2C,7,7.0081,16.0,3,33,27,adaptive
2623,S2C,7,8.2186,7.0,1,33,27,adaptive
2623,E2C,4,12.8358,0.0,0,33,27,adaptive
2623,W2C,4,13.3232,0.0,0,33,27,adaptive
2624,N2C,7,6.4747,19.0,3,33,27,adaptive
2624,S2C,7,6.6816,9.0,2,33,27,adaptive
2624,E2C,4,12.7449,0.0,0,33,27,adaptive
2624,W2C,4,12.8654,0.0,0,33,27,adaptive
2625,N2C,8,6.8783,22.0,3,33,27,adaptive
2625,S2C,8,7.2966,12.0,3,33,27,adaptive
2625,E2C,4,12.8895,0.0,0,33,27,adaptive
2625,W2C,5,12.9224,0.0,0,33,27,adaptive
2626,N2C,8,6.0807,25.0,3,33,27,adaptive
2626,S2C,8,6.6126,15.0,3,33,27,adaptive
2626,E2C,4,12.2827,0.0,0,33,27,adaptive
2626,W2C,5,12.7367,0.0,0,33,27,adaptive
2627,N2C,8,5.989,28.0,3,33,27,adaptive
2627,S2C,8,6.1958,18.0,3,33,27,adaptive
2627,E2C,4,12.9823,0.0,0,33,27,adaptive
2627,W2C,4,12.8986,0.0,0,33,27,adaptive
2628,N2C,8,6.0931,32.0,4,33,27,adaptive
2628,S2C,8,6.2197,21.0,3,33,27,adaptive
2628,E2C,4,13.0742,0.0,0,33,27,adaptive
2628,W2C,4,13.1076,0.0,0,33,27,adaptive
2629,N2C,9,6.6237,36.0,4,33,27,adaptive
2629,S2C,9,6.6046,24.0,3,33,27,adaptive
2629,E2C,5,13.3592,0.0,0,33,27,adaptive
2629,W2C,4,13.208,0.0,0,33,27,adaptive
2630,N2C,9,5.9329,40.0,4,33,27,adaptive
2630,S2C,9,5.9343,28.0,4,33,27,adaptive
2630,E2C,4,13.2431,0.0,0,33,27,adaptive
2630,W2C,4,12.8255,0.0,0,33,27,adaptive
2631,N2C,9,5.643,44.0,4,33,27,adaptive
2631,S2C,9,5.7106,32.0,4,33,27,adaptive
2631,E2C,4,13.155,0.0,0,33,27,adaptive
2631,W2C,4,12.8618,0.0,0,33,27,adaptive
2632,N2C,9,5.5888,48.0,4,33,27,adaptive
2632,S2C,9,5.6216,36.0,4,33,27,adaptive
2632,E2C,4,12.8454,0.0,0,33,27,adaptive
2632,W2C,4,13.0982,0.0,0,33,27,adaptive
2633,N2C,9,5.5298,52.0,4,33,27,adaptive
2633,S2C,9,5.3212,41.0,5,33,27,adaptive
2633,E2C,4,13.3992,0.0,0,33,27,adaptive
2633,W2C,4,12.8076,0.0,0,33,27,adaptive
2634,N2C,10,6.127,57.0,5,33,27,adaptive
2634,S2C,10,5.6212,46.0,5,33,27,adaptive
2634,E2C,5,13.314,0.0,0,33,27,adaptive
2634,W2C,4,12.5108,0.0,0,33,27,adaptive
2635,N2C,10,5.6117,62.0,5,33,27,adaptive
2635,S2C,10,5.2942,51.0,5,33,27,adaptive
2635,E2C,5,13.1675,0.0,0,33,27,adaptive
2635,W2C,4,12.4507,0.0,0,33,27,adaptive
2636,N2C,10,5.3014,67.0,5,33,27,adaptive
2636,S2C,10,5.0552,56.0,5,33,27,adaptive
2636,E2C,4,13.4114,0.0,0,33,27,adaptive
2636,W2C,4,12.8743,0.0,0,33,27,adaptive
2637,N2C,10,4.5881,72.0,5,33,27,adaptive
2637,S2C,10,5.0934,62.0,6,33,27,adaptive
2637,E2C,4,13.1462,0.0,0,33,27,adaptive
2637,W2C,4,12.6859,0.0,0,33,27,adaptive
2638,N2C,11,5.2201,78.0,6,33,27,adaptive
2638,S2C,11,5.8667,68.0,6,33,27,adaptive
2638,E2C,4,13.2889,0.0,0,33,27,adaptive
2638,W2C,5,12.8453,0.0,0,33,27,adaptive
2639,N2C,11,4.6541,84.0,6,33,27,adaptive
2639,S2C,11,5.3426,74.0,6,33,27,adaptive
2639,E2C,4,13.438,0.0,0,33,27,adaptive
2639,W2C,4,12.52,0.0,0,33,27,adaptive
2640,N2C,11,4.573,91.0,7,36,24,adaptive
2640,S2C,11,4.9622,80.0,6,36,24,adaptive
2640,E2C,4,13.0819,0.0,0,36,24,adaptive
2640,W2C,4,12.5334,0.0,0,36,24,adaptive
2641,N2C,11,4.6218,98.0,7,36,24,adaptive
2641,S2C,11,4.5521,86.0,6,36,24,adaptive
2641,E2C,4,12.9866,0.0,0,36,24,adaptive
2641,W2C,4,12.6468,0.0,0,36,24,adaptive
2642,N2C,11,4.6396,105.0,7,36,24,adaptive
2642,S2C,11,3.963,93.0,7,36,24,adaptive
2642,E2C,4,13.0321,0.0,0,36,24,adaptive
2642,W2C,4,12.6332,0.0,0,36,24,adaptive
2643,N2C,12,5.0927,112.0,7,36,24,adaptive
2643,S2C,12,4.3768,100.0,7,36,24,adaptive
2643,E2C,4,13.1086,0.0,0,36,24,adaptive
2643,W2C,5,12.5955,0.0,0,36,24,adaptive
2644,N2C,12,4.7161,119.0,7,36,24,adaptive
2644,S2C,12,4.3433,107.0,7,36,24,adaptive
2644,E2C,4,12.7421,0.0,0,36,24,adaptive
2644,W2C,4,12.4569,0.0,0,36,24,adaptive
2645,N2C,12,4.0265,126.0,7,36,24,adaptive
2645,S2C,12,3.9701,115.0,8,36,24,adaptive
2645,E2C,4,12.5571,0.0,0,36,24,adaptive
2645,W2C,4,12.7532,0.0,0,36,24,adaptive
2646,N2C,12,3.7047,134.0,8,36,24,adaptive
2646,S2C,12,3.6056,123.0,8,36,24,adaptive
2646,E2C,4,12.6542,0.0,0,36,24,adaptive
2646,W2C,4,12.9358,0.0,0,36,24,adaptive
2647,N2C,13,4.2417,142.0,8,36,24,adaptive
2647,S2C,13,4.1113,132.0,9,36,24,adaptive
2647,E2C,4,12.9886,0.0,0,36,24,adaptive
2647,W2C,5,12.7059,0.0,0,36,24,adaptive
2648,N2C,13,4.0184,150.0,8,36,24,adaptive
2648,S2C,13,4.0728,141.0,9,36,24,adaptive
2648,E2C,4,12.5951,0.0,0,36,24,adaptive
2648,W2C,4,12.0278,0.0,0,36,24,adaptive
2649,N2C,13,3.7714,159.0,9,36,24,adaptive
2649,S2C,13,3.9606,150.0,9,36,24,adaptive
2649,E2C,4,12.9021,0.0,0,36,24,adaptive
2649,W2C,4,12.3746,0.0,0,36,24,adaptive
2650,N2C,13,3.6245,168.0,9,36,24,adaptive
2650,S2C,13,3.6764,159.0,9,36,24,adaptive
2650,E2C,4,13.0301,0.0,0,36,24,adaptive
2650,W2C,4,12.2624,0.0,0,36,24,adaptive
2651,N2C,13,3.3253,177.0,9,36,24,adaptive
2651,S2C,13,3.4134,168.0,9,36,24,adaptive
2651,E2C,4,12.4746,0.0,0,36,24,adaptive
2651,W2C,4,12.5381,0.0,0,36,24,adaptive
2652,N2C,14,3.6226,186.0,9,36,24,adaptive
2652,S2C,14,3.8741,177.0,9,36,24,adaptive
2652,E2C,4,12.6585,0.0,0,36,24,adaptive
2652,W2C,5,12.5077,0.0,0,36,24,adaptive
2653,N2C,14,3.2422,196.0,10,36,24,adaptive
2653,S2C,14,3.4923,187.0,10,36,24,adaptive
2653,E2C,4,12.5779,0.0,0,36,24,adaptive
2653,W2C,5,12.5759,0.0,0,36,24,adaptive
2654,N2C,14,3.0673,206.0,10,36,24,adaptive
2654,S2C,14,3.15,197.0,10,36,24,adaptive
2654,E2C,4,12.1205,0.0,0,36,24,adaptive
2654,W2C,5,12.538,0.0,0,36,24,adaptive
2655,N2C,14,2.7564,216.0,10,36,24,adaptive
2655,S2C,14,2.8734,207.0,10,36,24,adaptive
2655,E2C,4,12.437,0.0,0,36,24,adaptive
2655,W2C,4,12.9172,0.0,0,36,24,adaptive
2656,N2C,15,3.4043,227.0,11,36,24,adaptive
2656,S2C,15,3.5164,217.0,10,36,24,adaptive
2656,E2C,5,12.7823,0.0,0,36,24,adaptive
2656,W2C,4,13.3011,0.0,0,36,24,adaptive
2657,N2C,15,3.2923,238.0,11,36,24,adaptive
2657,S2C,15,3.5407,228.0,11,36,24,adaptive
2657,E2C,4,12.6415,0.0,0,36,24,adaptive
2657,W2C,4,12.5016,0.0,0,36,24,adaptive
2658,N2C,15,3.073,249.0,11,36,24,adaptive
2658,S2C,15,3.2289,239.0,11,36,24,adaptive
2658,E2C,4,12.574,0.0,0,36,24,adaptive
2658,W2C,4,12.6332,0.0,0,36,24,adaptive
2659,N2C,15,2.8316,260.0,11,36,24,adaptive
2659,S2C,15,3.0317,250.0,11,36,24,adaptive
2659,E2C,4,12.494,0.0,0,36,24,adaptive
2659,W2C,4,12.7549,0.0,0,36,24,adaptive
2660,N2C,15,2.5793,271.0,11,36,24,adaptive
2660,S2C,15,2.6833,261.0,11,36,24,adaptive
2660,E2C,4,12.6871,0.0,0,36,24,adaptive
2660,W2C,4,12.6965,0.0,0,36,24,adaptive
2661,N2C,16,3.0475,283.0,12,36,24,adaptive
2661,S2C,16,3.2082,272.0,11,36,24,adaptive
2661,E2C,5,12.7138,0.0,0,36,24,adaptive
2661,W2C,4,13.2783,0.0,0,36,24,adaptive
2662,N2C,16,2.7396,295.0,12,36,24,adaptive
2662,S2C,16,2.8071,284.0,12,36,24,adaptive
2662,E2C,5,12.5808,0.0,0,36,24,adaptive
2662,W2C,4,12.8086,0.0,0,36,24,adaptive
2663,N2C,16,2.4153,307.0,12,36,24,adaptive
2663,S2C,16,2.6304,296.0,12,36,24,adaptive
2663,E2C,4,12.6116,0.0,0,36,24,adaptive
2663,W2C,4,12.932,0.0,0,36,24,adaptive
2664,N2C,16,2.3457,319.0,12,36,24,adaptive
2664,S2C,16,2.4421,309.0,13,36,24,adaptive
2664,E2C,4,12.8365,0.0,0,36,24,adaptive
2664,W2C,4,12.7765,0.0,0,36,24,adaptive
2665,N2C,17,2.9167,331.0,12,36,24,adaptive
2665,S2C,17,3.0401,322.0,13,36,24,adaptive
2665,E2C,5,13.0771,0.0,0,36,24,adaptive
2665,W2C,5,12.7918,0.0,0,36,24,adaptive
2666,N2C,17,2.8089,344.0,13,36,24,adaptive
2666,S2C,17,2.8336,335.0,13,36,24,adaptive
2666,E2C,4,12.7886,0.0,0,36,24,adaptive
2666,W2C,5,12.4168,0.0,0,36,24,adaptive
2667,N2C,17,2.8548,357.0,13,36,24,adaptive
2667,S2C,17,2.5555,348.0,13,36,24,adaptive
2667,E2C,4,13.0459,0.0,0,36,24,adaptive
2667,W2C,5,12.519,0.0,0,36,24,adaptive
2668,N2C,17,2.8183,370.0,13,36,24,adaptive
2668,S2C,17,2.3143,361.0,13,36,24,adaptive
2668,E2C,4,12.6928,0.0,0,36,24,adaptive
2668,W2C,4,12.7408,0.0,0,36,24,adaptive
2669,N2C,17,2.8075,383.0,13,36,24,adaptive
2669,S2C,17,2.2024,374.0,13,36,24,adaptive
2669,E2C,4,13.0285,0.0,0,36,24,adaptive
2669,W2C,4,12.7717,0.0,0,36,24,adaptive
2670,N2C,18,3.0537,396.0,13,36,24,adaptive
2670,S2C,18,2.5546,387.0,13,36,24,adaptive
2670,E2C,5,12.9118,0.0,0,36,24,adaptive
2670,W2C,4,12.9132,0.0,0,36,24,adaptive
2671,N2C,18,2.5357,409.0,13,36,24,adaptive
2671,S2C,18,2.3791,401.0,14,36,24,adaptive
2671,E2C,5,12.9248,0.0,0,36,24,adaptive
2671,W2C,4,13.0052,0.0,0,36,24,adaptive
2672,N2C,18,2.1843,423.0,14,36,24,adaptive
2672,S2C,18,2.1371,415.0,14,36,24,adaptive
2672,E2C,4,13.2969,0.0,0,36,24,adaptive
2672,W2C,4,13.1346,0.0,0,36,24,adaptive
2673,N2C,18,2.1132,437.0,14,36,24,adaptive
2673,S2C,18,2.0841,429.0,14,36,24,adaptive
2673,E2C,4,13.2876,0.0,0,36,24,adaptive
2673,W2C,4,13.4268,0.0,0,36,24,adaptive
2674,N2C,19,2.6546,452.0,15,36,24,adaptive
2674,S2C,19,2.6876,444.0,15,36,24,adaptive
2674,E2C,4,13.222,0.0,0,36,24,adaptive
2674,W2C,4,13.0887,0.0,0,36,24,adaptive
2675,N2C,19,2.3801,467.0,15,36,24,adaptive
2675,S2C,19,2.5593,459.0,15,36,24,adaptive
2675,E2C,4,13.5483,0.0,0,36,24,adaptive
2675,W2C,4,13.2755,0.0,0,36,24,adaptive
2676,N2C,19,2.2311,482.0,15,36,24,adaptive
2676,S2C,19,2.3905,474.0,15,36,24,adaptive
2676,E2C,4,13.3179,0.0,0,36,24,adaptive
2676,W2C,4,13.0013,0.0,0,36,24,adaptive
2677,N2C,19,2.0325,497.0,15,36,24,adaptive
2677,S2C,19,2.1349,489.0,15,36,24,adaptive
2677,E2C,4,13.3314,0.0,0,36,24,adaptive
2677,W2C,4,12.7628,0.0,0,36,24,adaptive
2678,N2C,19,2.0319,512.0,15,36,24,adaptive
2678,S2C,19,1.9898,504.0,15,36,24,adaptive
2678,E2C,4,12.6995,0.0,0,36,24,adaptive
2678,W2C,4,12.5234,0.0,0,36,24,adaptive
2679,N2C,20,2.601,527.0,15,36,24,adaptive
2679,S2C,20,2.644,519.0,15,36,24,adaptive
2679,E2C,5,12.2564,0.0,0,36,24,adaptive
2679,W2C,5,11.8897,0.0,0,36,24,adaptive
2680,N2C,18,2.5126,414.0,14,36,24,adaptive
2680,S2C,18,2.6487,414.0,14,36,24,adaptive
2680,E2C,5,11.2339,0.0,0,36,24,adaptive
2680,W2C,5,11.0358,0.0,0,36,24,adaptive
2681,N2C,18,2.6051,315.0,12,36,24,adaptive
2681,S2C,18,2.6669,319.0,12,36,24,adaptive
2681,E2C,5,10.6392,0.0,0,36,24,adaptive
2681,W2C,5,10.2488,0.0,0,36,24,adaptive
2682,N2C,18,2.6885,235.0,10,36,24,adaptive
2682,S2C,18,2.8294,235.0,10,36,24,adaptive
2682,E2C,5,10.4304,0.0,0,36,24,adaptive
2682,W2C,5,10.3031,1.0,1,36,24,adaptive
2683,N2C,17,3.4383,165.0,9,36,24,adaptive
2683,S2C,17,3.3787,164.0,8,36,24,adaptive
2683,E2C,6,10.1711,1.0,1,36,24,adaptive
2683,W2C,6,10.513,2.0,1,36,24,adaptive
2684,N2C,17,3.6551,103.0,7,36,24,adaptive
2684,S2C,17,3.5642,103.0,7,36,24,adaptive
2684,E2C,6,9.4523,2.0,1,36,24,adaptive
2684,W2C,6,10.2663,3.0,1,36,24,adaptive
2685,N2C,17,4.0662,55.0,5,36,24,adaptive
2685,S2C,16,3.7904,57.0,5,36,24,adaptive
2685,E2C,6,8.8541,3.0,1,36,24,adaptive
2685,W2C,6,9.5919,4.0,1,36,24,adaptive
2686,N2C,15,3.9595,24.0,3,36,24,adaptive
2686,S2C,15,3.9708,23.0,3,36,24,adaptive
2686,E2C,6,8.8498,5.0,2,36,24,adaptive
2686,W2C,6,8.8731,5.0,1,36,24,adaptive
2687,N2C,15,4.4431,5.0,1,36,24,adaptive
2687,S2C,15,4.2613,4.0,1,36,24,adaptive
2687,E2C,6,8.211,7.0,2,36,24,adaptive
2687,W2C,6,7.893,6.0,1,36,24,adaptive
2688,N2C,14,5.2305,0.0,0,36,24,adaptive
2688,S2C,14,5.0119,0.0,0,36,24,adaptive
2688,E2C,7,8.0417,9.0,2,36,24,adaptive
2688,W2C,7,7.9958,8.0,2,36,24,adaptive
2689,N2C,14,5.7448,0.0,0,36,24,adaptive
2689,S2C,14,5.6295,0.0,0,36,24,adaptive
2689,E2C,7,7.6217,11.0,2,36,24,adaptive
2689,W2C,7,7.4318,10.0,2,36,24,adaptive
2690,N2C,12,6.3546,0.0,0,36,24,adaptive
2690,S2C,12,6.3096,0.0,0,36,24,adaptive
2690,E2C,7,7.2983,13.0,2,36,24,adaptive
2690,W2C,7,7.401,13.0,3,36,24,adaptive
2691,N2C,12,7.4377,0.0,0,36,24,adaptive
2691,S2C,11,6.9936,0.0,0,36,24,adaptive
2691,E2C,7,6.6735,16.0,3,36,24,adaptive
2691,W2C,7,6.6581,16.0,3,36,24,adaptive
2692,N2C,11,8.4412,0.0,0,36,24,adaptive
2692,S2C,12,8.5286,0.0,0,36,24,adaptive
2692,E2C,8,7.1692,19.0,3,36,24,adaptive
2692,W2C,8,6.9736,19.0,3,36,24,adaptive
2693,N2C,11,9.2226,0.0,0,36,24,adaptive
2693,S2C,10,8.965,0.0,0,36,24,adaptive
2693,E2C,8,6.4649,22.0,3,36,24,adaptive
2693,W2C,8,6.3907,22.0,3,36,24,adaptive
2694,N2C,9,10.043,0.0,0,36,24,adaptive
2694,S2C,10,9.9452,0.0,0,36,24,adaptive
2694,E2C,8,6.5052,25.0,3,36,24,adaptive
2694,W2C,8,6.4066,25.0,3,36,24,adaptive
2695,N2C,8,10.8741,0.0,0,36,24,adaptive
2695,S2C,8,10.6968,0.0,0,36,24,adaptive
2695,E2C,8,6.1014,29.0,4,36,24,adaptive
2695,W2C,8,6.1677,29.0,4,36,24,adaptive
2696,N2C,7,11.3719,0.0,0,36,24,adaptive
2696,S2C,7,11.7684,0.0,0,36,24,adaptive
2696,E2C,8,5.604,33.0,4,36,24,adaptive
2696,W2C,8,6.3028,33.0,4,36,24,adaptive
2697,N2C,6,12.4332,0.0,0,36,24,adaptive
2697,S2C,7,12.491,0.0,0,36,24,adaptive
2697,E2C,9,5.9543,37.0,4,36,24,adaptive
2697,W2C,9,6.6582,37.0,4,36,24,adaptive
2698,N2C,6,12.909,0.0,0,36,24,adaptive
2698,S2C,6,12.8306,0.0,0,36,24,adaptive
2698,E2C,9,5.8262,41.0,4,36,24,adaptive
2698,W2C,9,6.1127,41.0,4,36,24,adaptive
2699,N2C,4,12.9932,0.0,0,36,24,adaptive
2699,S2C,5,12.7392,0.0,0,36,24,adaptive
2699,E2C,9,5.4994,46.0,5,36,24,adaptive
2699,W2C,9,5.5598,45.0,4,36,24,adaptive
2700,N2C,4,12.904,0.0,0,36,24,adaptive
2700,S2C,4,13.3894,0.0,0,36,24,adaptive
2700,E2C,9,5.092,51.0,5,36,24,adaptive
2700,W2C,9,5.0239,49.0,4,36,24,adaptive
2701,N2C,5,13.2648,0.0,0,36,24,adaptive
2701,S2C,4,12.8697,0.0,0,36,24,adaptive
2701,E2C,10,5.299,56.0,5,36,24,adaptive
2701,W2C,10,5.3514,54.0,5,36,24,adaptive
2702,N2C,5,13.029,0.0,0,36,24,adaptive
2702,S2C,4,12.8304,0.0,0,36,24,adaptive
2702,E2C,10,4.9352,61.0,5,36,24,adaptive
2702,W2C,10,5.0288,59.0,5,36,24,adaptive
2703,N2C,4,13.1299,0.0,0,36,24,adaptive
2703,S2C,4,12.4854,0.0,0,36,24,adaptive
2703,E2C,10,5.1347,67.0,6,36,24,adaptive
2703,W2C,10,5.1419,64.0,5,36,24,adaptive
2704,N2C,4,13.1328,0.0,0,36,24,adaptive
2704,S2C,4,12.4534,0.0,0,36,24,adaptive
2704,E2C,10,5.1293,73.0,6,36,24,adaptive
2704,W2C,10,5.0239,70.0,6,36,24,adaptive
2705,N2C,4,13.315,0.0,0,36,24,adaptive
2705,S2C,4,12.5703,0.0,0,36,24,adaptive
2705,E2C,10,5.0253,79.0,6,36,24,adaptive
2705,W2C,10,4.6093,76.0,6,36,24,adaptive
2706,N2C,4,13.4411,0.0,0,30,30,adaptive
2706,S2C,4,12.4985,0.0,0,30,30,adaptive
2706,E2C,11,5.4385,85.0,6,30,30,adaptive
2706,W2C,11,4.9203,82.0,6,30,30,adaptive
2707,N2C,4,12.9869,0.0,0,30,30,adaptive
2707,S2C,4,13.1094,0.0,0,30,30,adaptive
2707,E2C,11,4.9108,91.0,6,30,30,adaptive
2707,W2C,11,4.5569,89.0,7,30,30,adaptive
2708,N2C,4,13.2112,0.0,0,30,30,adaptive
2708,S2C,4,12.6948,0.0,0,30,30,adaptive
2708,E2C,11,4.3483,97.0,6,30,30,adaptive
2708,W2C,11,4.5804,96.0,7,30,30,adaptive
2709,N2C,4,13.1629,0.0,0,30,30,adaptive
2709,S2C,4,12.9798,0.0,0,30,30,adaptive
2709,E2C,11,3.994,104.0,7,30,30,adaptive
2709,W2C,11,4.2497,103.0,7,30,30,adaptive
2710,N2C,4,13.1036,0.0,0,30,30,adaptive
2710,S2C,4,13.0673,0.0,0,30,30,adaptive
2710,E2C,12,4.4113,111.0,7,30,30,adaptive
2710,W2C,12,5.0505,110.0,7,30,30,adaptive
2711,N2C,4,12.8317,0.0,0,30,30,adaptive
2711,S2C,4,13.162,0.0,0,30,30,adaptive
2711,E2C,12,4.2594,118.0,7,30,30,adaptive
2711,W2C,12,4.7301,117.0,7,30,30,adaptive
2712,N2C,4,12.8747,0.0,0,30,30,adaptive
2712,S2C,4,12.9994,0.0,0,30,30,adaptive
2712,E2C,12,4.276,126.0,8,30,30,adaptive
2712,W2C,12,4.1325,125.0,8,30,30,adaptive
2713,N2C,4,13.0184,0.0,0,30,30,adaptive
2713,S2C,4,12.7756,0.0,0,30,30,adaptive
2713,E2C,12,3.7954,134.0,8,30,30,adaptive
2713,W2C,12,3.804,133.0,8,30,30,adaptive
2714,N2C,4,12.7715,0.0,0,30,30,adaptive
2714,S2C,4,12.6486,0.0,0,30,30,adaptive
2714,E2C,12,3.4582,142.0,8,30,30,adaptive
2714,W2C,12,3.5027,141.0,8,30,30,adaptive
2715,N2C,5,13.1095,0.0,0,30,30,adaptive
2715,S2C,4,12.5665,0.0,0,30,30,adaptive
2715,E2C,13,4.0993,150.0,8,30,30,adaptive
2715,W2C,13,4.0735,150.0,9,30,30,adaptive
2716,N2C,4,12.7777,0.0,0,30,30,adaptive
2716,S2C,4,12.4009,0.0,0,30,30,adaptive
2716,E2C,13,3.8643,159.0,9,30,30,adaptive
2716,W2C,13,3.9246,159.0,9,30,30,adaptive
2717,N2C,4,12.9089,0.0,0,30,30,adaptive
2717,S2C,4,12.5371,0.0,0,30,30,adaptive
2717,E2C,13,3.7352,168.0,9,30,30,adaptive
2717,W2C,13,3.8866,168.0,9,30,30,adaptive
2718,N2C,4,13.015,0.0,0,30,30,adaptive
2718,S2C,4,12.6727,0.0,0,30,30,adaptive
2718,E2C,13,3.424,177.0,9,30,30,adaptive
2718,W2C,13,3.5379,177.0,9,30,30,adaptive
2719,N2C,4,13.0577,0.0,0,30,30,adaptive
2719,S2C,5,12.961,0.0,0,30,30,adaptive
2719,E2C,14,4.3015,186.0,9,30,30,adaptive
2719,W2C,14,3.9939,186.0,9,30,30,adaptive
2720,N2C,4,12.964,0.0,0,30,30,adaptive
2720,S2C,5,12.8381,0.0,0,30,30,adaptive
2720,E2C,14,3.9314,195.0,9,30,30,adaptive
2720,W2C,14,3.7758,196.0,10,30,30,adaptive
2721,N2C,4,12.9479,0.0,0,30,30,adaptive
2721,S2C,4,12.8666,0.0,0,30,30,adaptive
2721,E2C,14,3.4944,204.0,9,30,30,adaptive
2721,W2C,14,3.4731,206.0,10,30,30,adaptive
2722,N2C,4,13.0268,0.0,0,30,30,adaptive
2722,S2C,4,12.892,0.0,0,30,30,adaptive
2722,E2C,14,3.2454,213.0,9,30,30,adaptive
2722,W2C,14,3.1842,216.0,10,30,30,adaptive
2723,N2C,4,12.9102,0.0,0,30,30,adaptive
2723,S2C,4,12.7681,0.0,0,30,30,adaptive
2723,E2C,14,2.8876,223.0,10,30,30,adaptive
2723,W2C,14,2.925,226.0,10,30,30,adaptive
2724,N2C,4,13.0088,0.0,0,30,30,adaptive
2724,S2C,5,12.9256,0.0,0,30,30,adaptive
2724,E2C,15,3.6731,233.0,10,30,30,adaptive
2724,W2C,15,3.582,236.0,10,30,30,adaptive
2725,N2C,4,12.5112,0.0,0,30,30,adaptive
2725,S2C,4,12.8276,0.0,0,30,30,adaptive
2725,E2C,15,3.3521,243.0,10,30,30,adaptive
2725,W2C,15,3.1982,247.0,11,30,30,adaptive
2726,N2C,4,12.5123,0.0,0,30,30,adaptive
2726,S2C,4,12.8079,0.0,0,30,30,adaptive
2726,E2C,15,2.9664,254.0,11,30,30,adaptive
2726,W2C,15,2.9575,258.0,11,30,30,adaptive
2727,N2C,4,12.5115,0.0,0,30,30,adaptive
2727,S2C,4,12.8752,0.0,0,30,30,adaptive
2727,E2C,15,2.7173,265.0,11,30,30,adaptive
2727,W2C,15,2.6557,270.0,12,30,30,adaptive
2728,N2C,5,13.0846,0.0,0,30,30,adaptive
2728,S2C,4,12.9781,0.0,0,30,30,adaptive
2728,E2C,16,3.466,276.0,11,30,30,adaptive
2728,W2C,16,3.3054,282.0,12,30,30,adaptive
2729,N2C,5,12.8276,0.0,0,30,30,adaptive
2729,S2C,4,13.0895,0.0,0,30,30,adaptive
2729,E2C,16,3.1371,287.0,11,30,30,adaptive
2729,W2C,16,3.1319,294.0,12,30,30,adaptive
2730,N2C,4,12.7179,0.0,0,30,30,adaptive
2730,S2C,4,12.388,0.0,0,30,30,adaptive
2730,E2C,16,2.9193,299.0,12,30,30,adaptive
2730,W2C,16,2.7936,306.0,12,30,30,adaptive
2731,N2C,4,12.7243,0.0,0,30,30,adaptive
2731,S2C,4,12.423,0.0,0,30,30,adaptive
2731,E2C,16,2.7801,311.0,12,30,30,adaptive
2731,W2C,16,2.6447,318.0,12,30,30,adaptive
2732,N2C,4,12.7441,0.0,0,30,30,adaptive
2732,S2C,4,12.5897,0.0,0,30,30,adaptive
2732,E2C,16,2.4691,324.0,13,30,30,adaptive
2732,W2C,16,2.4531,330.0,12,30,30,adaptive
2733,N2C,4,12.7509,0.0,0,30,30,adaptive
2733,S2C,5,12.6143,0.0,0,30,30,adaptive
2733,E2C,17,2.8613,337.0,13,30,30,adaptive
2733,W2C,17,3.0002,343.0,13,30,30,adaptive
2734,N2C,4,12.7015,0.0,0,30,30,adaptive
2734,S2C,5,12.7649,0.0,0,30,30,adaptive
2734,E2C,17,2.5748,350.0,13,30,30,adaptive
2734,W2C,17,2.7188,356.0,13,30,30,adaptive
2735,N2C,4,12.8998,0.0,0,30,30,adaptive
2735,S2C,5,12.7612,0.0,0,30,30,adaptive
2735,E2C,17,2.283,363.0,13,30,30,adaptive
2735,W2C,17,2.5512,369.0,13,30,30,adaptive
2736,N2C,4,12.2504,0.0,0,30,30,adaptive
2736,S2C,4,12.641,0.0,0,30,30,adaptive
2736,E2C,17,2.2894,376.0,13,30,30,adaptive
2736,W2C,17,2.2656,383.0,14,30,30,adaptive
2737,N2C,4,12.3133,0.0,0,30,30,adaptive
2737,S2C,4,13.0441,0.0,0,30,30,adaptive
2737,E2C,18,2.7962,389.0,13,30,30,adaptive
2737,W2C,18,2.8778,397.0,14,30,30,adaptive
2738,N2C,4,12.2969,0.0,0,30,30,adaptive
2738,S2C,4,12.8189,0.0,0,30,30,adaptive
2738,E2C,18,2.506,403.0,14,30,30,adaptive
2738,W2C,18,2.6878,411.0,14,30,30,adaptive
2739,N2C,4,12.8829,0.0,0,30,30,adaptive
2739,S2C,4,13.0537,0.0,0,30,30,adaptive
2739,E2C,18,2.3128,417.0,14,30,30,adaptive
2739,W2C,18,2.4566,425.0,14,30,30,adaptive
2740,N2C,4,12.2946,0.0,0,30,30,adaptive
2740,S2C,4,12.8485,0.0,0,30,30,adaptive
2740,E2C,16,2.3352,319.0,13,30,30,adaptive
2740,W2C,16,2.5205,327.0,12,30,30,adaptive
2741,N2C,4,12.8046,0.0,0,30,30,adaptive
2741,S2C,4,12.6348,0.0,0,30,30,adaptive
2741,E2C,16,2.5235,234.0,11,30,30,adaptive
2741,W2C,16,2.5427,241.0,11,30,30,adaptive
2742,N2C,5,12.734,0.0,0,30,30,adaptive
2742,S2C,5,12.0163,0.0,0,30,30,adaptive
2742,E2C,17,3.1952,161.0,9,30,30,adaptive
2742,W2C,17,3.3479,171.0,9,30,30,adaptive
2743,N2C,5,12.3136,0.0,0,30,30,adaptive
2743,S2C,5,10.9544,0.0,0,30,30,adaptive
2743,E2C,15,3.1768,103.0,7,30,30,adaptive
2743,W2C,15,3.4879,111.0,7,30,30,adaptive
2744,N2C,5,11.5749,0.0,0,30,30,adaptive
2744,S2C,5,10.0791,0.0,0,30,30,adaptive
2744,E2C,15,3.4088,60.0,6,30,30,adaptive
2744,W2C,15,3.7887,63.0,5,30,30,adaptive
2745,N2C,5,10.3953,0.0,0,30,30,adaptive
2745,S2C,5,9.6148,1.0,1,30,30,adaptive
2745,E2C,14,4.0831,30.0,4,30,30,adaptive
2745,W2C,13,4.0789,29.0,4,30,30,adaptive
2746,N2C,6,9.6197,0.0,0,30,30,adaptive
2746,S2C,6,9.789,2.0,1,30,30,adaptive
2746,E2C,14,5.1674,10.0,2,30,30,adaptive
2746,W2C,14,5.4663,8.0,2,30,30,adaptive
2747,N2C,6,8.957,0.0,0,30,30,adaptive
2747,S2C,6,8.8546,3.0,1,30,30,adaptive
2747,E2C,13,6.0549,0.0,0,30,30,adaptive
2747,W2C,12,5.6228,0.0,0,30,30,adaptive
2748,N2C,6,8.1808,1.0,1,30,30,adaptive
2748,S2C,6,8.7384,4.0,1,30,30,adaptive
2748,E2C,12,6.5939,0.0,0,30,30,adaptive
2748,W2C,12,6.4062,0.0,0,30,30,adaptive
2749,N2C,6,8.2085,2.0,1,30,30,adaptive
2749,S2C,6,8.4845,6.0,2,30,30,adaptive
2749,E2C,11,7.2529,0.0,0,30,30,adaptive
2749,W2C,10,6.9871,0.0,0,30,30,adaptive
2750,N2C,6,8.1145,4.0,2,30,30,adaptive
2750,S2C,6,8.5456,8.0,2,30,30,adaptive
2750,E2C,10,8.0408,0.0,0,30,30,adaptive
2750,W2C,10,7.6728,0.0,0,30,30,adaptive
2751,N2C,7,8.7263,6.0,2,30,30,adaptive
2751,S2C,7,9.2151,10.0,2,30,30,adaptive
2751,E2C,9,8.8456,0.0,0,30,30,adaptive
2751,W2C,10,8.7442,0.0,0,30,30,adaptive
2752,N2C,7,7.9883,8.0,2,30,30,adaptive
2752,S2C,7,8.9644,12.0,2,30,30,adaptive
2752,E2C,9,9.7507,0.0,0,30,30,adaptive
2752,W2C,9,9.6373,0.0,0,30,30,adaptive
2753,N2C,7,7.6356,10.0,2,30,30,adaptive
2753,S2C,7,8.019,14.0,2,30,30,adaptive
2753,E2C,7,10.653,0.0,0,30,30,adaptive
2753,W2C,7,10.5576,0.0,0,30,30,adaptive
2754,N2C,7,7.1897,12.0,2,30,30,adaptive
2754,S2C,7,7.433,16.0,2,30,30,adaptive
2754,E2C,7,11.3042,0.0,0,30,30,adaptive
2754,W2C,7,11.3492,0.0,0,30,30,adaptive
2755,N2C,8,7.6415,15.0,3,30,30,adaptive
2755,S2C,8,7.4334,18.0,2,30,30,adaptive
2755,E2C,6,11.9,0.0,0,30,30,adaptive
2755,W2C,6,11.9038,0.0,0,30,30,adaptive
2756,N2C,8,7.0725,18.0,3,30,30,adaptive
2756,S2C,8,6.6575,21.0,3,30,30,adaptive
2756,E2C,6,11.9483,0.0,0,30,30,adaptive
2756,W2C,6,12.3781,0.0,0,30,30,adaptive
2757,N2C,8,6.5171,21.0,3,30,30,adaptive
2757,S2C,8,6.4917,24.0,3,30,30,adaptive
2757,E2C,4,12.1414,0.0,0,30,30,adaptive
2757,W2C,4,12.1168,0.0,0,30,30,adaptive
2758,N2C,8,6.0565,24.0,3,30,30,adaptive
2758,S2C,8,6.0458,28.0,4,30,30,adaptive
2758,E2C,4,11.7911,0.0,0,30,30,adaptive
2758,W2C,4,12.0818,0.0,0,30,30,adaptive
2759,N2C,8,5.3961,28.0,4,30,30,adaptive
2759,S2C,8,5.5738,32.0,4,30,30,adaptive
2759,E2C,4,12.3971,0.0,0,30,30,adaptive
2759,W2C,4,12.1256,0.0,0,30,30,adaptive
2760,N2C,9,5.9419,32.0,4,30,30,adaptive
2760,S2C,9,6.0941,36.0,4,30,30,adaptive
2760,E2C,5,12.1394,0.0,0,30,30,adaptive
2760,W2C,4,12.2292,0.0,0,30,30,adaptive
2761,N2C,9,5.4451,36.0,4,30,30,adaptive
2761,S2C,9,5.7737,40.0,4,30,30,adaptive
2761,E2C,4,11.6092,0.0,0,30,30,adaptive
2761,W2C,4,12.5476,0.0,0,30,30,adaptive
2762,N2C,9,5.5708,40.0,4,30,30,adaptive
2762,S2C,9,5.566,45.0,5,30,30,adaptive
2762,E2C,4,11.7877,0.0,0,30,30,adaptive
2762,W2C,4,12.0299,0.0,0,30,30,adaptive
2763,N2C,9,5.5391,45.0,5,30,30,adaptive
2763,S2C,9,5.2221,50.0,5,30,30,adaptive
2763,E2C,4,11.7722,0.0,0,30,30,adaptive
2763,W2C,4,12.3301,0.0,0,30,30,adaptive
2764,N2C,10,6.3396,50.0,5,30,30,adaptive
2764,S2C,10,5.6908,55.0,5,30,30,adaptive
2764,E2C,5,12.1634,0.0,0,30,30,adaptive
2764,W2C,5,12.3653,0.0,0,30,30,adaptive
2765,N2C,10,5.6618,55.0,5,30,30,adaptive
2765,S2C,10,5.0241,60.0,5,30,30,adaptive
2765,E2C,5,11.6926,0.0,0,30,30,adaptive
2765,W2C,4,12.512,0.0,0,30,30,adaptive
2766,N2C,10,5.8586,60.0,5,30,30,adaptive
2766,S2C,10,5.1262,66.0,6,30,30,adaptive
2766,E2C,4,12.3834,0.0,0,30,30,adaptive
2766,W2C,4,12.1714,0.0,0,30,30,adaptive
2767,N2C,10,5.0326,65.0,5,30,30,adaptive
2767,S2C,10,4.7272,72.0,6,30,30,adaptive
2767,E2C,4,12.1696,0.0,0,30,30,adaptive
2767,W2C,4,11.955,0.0,0,30,30,adaptive
2768,N2C,10,4.3347,70.0,5,30,30,adaptive
2768,S2C,10,4.2825,78.0,6,30,30,adaptive
2768,E2C,4,12.2691,0.0,0,30,30,adaptive
2768,W2C,4,11.6891,0.0,0,30,30,adaptive
2769,N2C,11,4.8768,76.0,6,30,30,adaptive
2769,S2C,11,4.7143,84.0,6,30,30,adaptive
2769,E2C,5,12.0462,0.0,0,30,30,adaptive
2769,W2C,5,12.403,0.0,0,30,30,adaptive
2770,N2C,11,4.8322,82.0,6,30,30,adaptive
2770,S2C,11,4.4838,90.0,6,30,30,adaptive
2770,E2C,5,11.9395,0.0,0,30,30,adaptive
2770,W2C,4,12.2393,0.0,0,30,30,adaptive
2771,N2C,11,4.3133,88.0,6,30,30,adaptive
2771,S2C,11,4.5533,97.0,7,30,30,adaptive
2771,E2C,5,11.3496,0.0,0,30,30,adaptive
2771,W2C,4,12.5098,0.0,0,30,30,adaptive
2772,N2C,11,3.9987,95.0,7,34,26,adaptive
2772,S2C,11,4.4079,104.0,7,34,26,adaptive
2772,E2C,5,10.4807,0.0,0,34,26,adaptive
2772,W2C,4,12.4567,0.0,0,34,26,adaptive
2773,N2C,12,4.3466,102.0,7,34,26,adaptive
2773,S2C,12,4.6803,111.0,7,34,26,adaptive
2773,E2C,6,10.6327,0.0,0,34,26,adaptive
2773,W2C,5,12.7367,0.0,0,34,26,adaptive
2774,N2C,12,4.4114,109.0,7,34,26,adaptive
2774,S2C,12,4.166,118.0,7,34,26,adaptive
2774,E2C,6,10.3978,1.0,1,34,26,adaptive
2774,W2C,5,12.3886,0.0,0,34,26,adaptive
2775,N2C,12,4.2591,117.0,8,34,26,adaptive
2775,S2C,12,4.0218,125.0,7,34,26,adaptive
2775,E2C,6,10.2392,2.0,1,34,26,adaptive
2775,W2C,5,12.655,0.0,0,34,26,adaptive
2776,N2C,12,4.18,125.0,8,34,26,adaptive
2776,S2C,12,3.692,132.0,7,34,26,adaptive
2776,E2C,6,9.3003,3.0,1,34,26,adaptive
2776,W2C,5,12.5471,0.0,0,34,26,adaptive
2777,N2C,12,4.1339,133.0,8,34,26,adaptive
2777,S2C,12,3.4333,140.0,8,34,26,adaptive
2777,E2C,6,8.6239,4.0,1,34,26,adaptive
2777,W2C,5,12.2933,0.0,0,34,26,adaptive
2778,N2C,13,4.5809,141.0,8,34,26,adaptive
2778,S2C,13,3.648,149.0,9,34,26,adaptive
2778,E2C,7,9.2417,5.0,1,34,26,adaptive
2778,W2C,6,11.6078,0.0,0,34,26,adaptive
2779,N2C,13,4.0226,149.0,8,34,26,adaptive
2779,S2C,13,3.6767,158.0,9,34,26,adaptive
2779,E2C,7,8.4204,7.0,2,34,26,adaptive
2779,W2C,6,10.3271,0.0,0,34,26,adaptive
2780,N2C,13,3.6925,157.0,8,34,26,adaptive
2780,S2C,13,3.7353,167.0,9,34,26,adaptive
2780,E2C,7,7.7001,9.0,2,34,26,adaptive
2780,W2C,6,8.7308,1.0,1,34,26,adaptive
2781,N2C,13,3.2686,166.0,9,34,26,adaptive
2781,S2C,13,3.3641,176.0,9,34,26,adaptive
2781,E2C,7,6.91,11.0,2,34,26,adaptive
2781,W2C,6,7.8159,2.0,1,34,26,adaptive
2782,N2C,14,3.7456,175.0,9,34,26,adaptive
2782,S2C,14,3.8546,185.0,9,34,26,adaptive
2782,E2C,8,7.2347,14.0,3,34,26,adaptive
2782,W2C,7,7.9907,3.0,1,34,26,adaptive
2783,N2C,14,3.5825,185.0,10,34,26,adaptive
2783,S2C,14,3.5414,194.0,9,34,26,adaptive
2783,E2C,8,6.5699,17.0,3,34,26,adaptive
2783,W2C,7,7.5718,5.0,2,34,26,adaptive
2784,N2C,14,3.2813,195.0,10,34,26,adaptive
2784,S2C,14,3.1895,203.0,9,34,26,adaptive
2784,E2C,8,6.6059,21.0,4,34,26,adaptive
2784,W2C,7,7.3241,7.0,2,34,26,adaptive
2785,N2C,14,2.9202,205.0,10,34,26,adaptive
2785,S2C,14,2.9057,213.0,10,34,26,adaptive
2785,E2C,8,6.4179,25.0,4,34,26,adaptive
2785,W2C,7,6.9971,9.0,2,34,26,adaptive
2786,N2C,14,2.7299,215.0,10,34,26,adaptive
2786,S2C,14,2.6495,223.0,10,34,26,adaptive
2786,E2C,8,6.3388,29.0,4,34,26,adaptive
2786,W2C,7,6.628,12.0,3,34,26,adaptive
2787,N2C,15,3.4032,225.0,10,34,26,adaptive
2787,S2C,15,3.3415,234.0,11,34,26,adaptive
2787,E2C,9,6.821,33.0,4,34,26,adaptive
2787,W2C,8,6.9101,15.0,3,34,26,adaptive
2788,N2C,15,3.1054,236.0,11,34,26,adaptive
2788,S2C,15,3.2586,245.0,11,34,26,adaptive
2788,E2C,9,6.3367,37.0,4,34,26,adaptive
2788,W2C,8,6.2646,18.0,3,34,26,adaptive
2789,N2C,15,2.8564,247.0,11,34,26,adaptive
2789,S2C,15,3.2725,256.0,11,34,26,adaptive
2789,E2C,9,5.5136,42.0,5,34,26,adaptive
2789,W2C,8,5.9447,22.0,4,34,26,adaptive
2790,N2C,15,2.535,259.0,12,34,26,adaptive
2790,S2C,15,3.2007,267.0,11,34,26,adaptive
2790,E2C,9,5.1507,47.0,5,34,26,adaptive
2790,W2C,8,5.1388,26.0,4,34,26,adaptive
2791,N2C,16,3.2315,271.0,12,34,26,adaptive
2791,S2C,16,3.6555,278.0,11,34,26,adaptive
2791,E2C,10,5.5226,52.0,5,34,26,adaptive
2791,W2C,9,5.7289,30.0,4,34,26,adaptive
2792,N2C,16,3.1578,283.0,12,34,26,adaptive
2792,S2C,16,3.3469,289.0,11,34,26,adaptive
2792,E2C,10,5.2376,57.0,5,34,26,adaptive
2792,W2C,9,5.2658,35.0,5,34,26,adaptive
2793,N2C,16,2.7681,295.0,12,34,26,adaptive
2793,S2C,16,3.1108,301.0,12,34,26,adaptive
2793,E2C,10,5.4132,63.0,6,34,26,adaptive
2793,W2C,9,5.5093,40.0,5,34,26,adaptive
2794,N2C,16,2.6027,307.0,12,34,26,adaptive
2794,S2C,16,3.0835,313.0,12,34,26,adaptive
2794,E2C,10,4.9515,69.0,6,34,26,adaptive
2794,W2C,9,5.4717,45.0,5,34,26,adaptive
2795,N2C,16,2.3719,320.0,13,34,26,adaptive
2795,S2C,16,2.7485,325.0,12,34,26,adaptive
2795,E2C,10,4.4852,75.0,6,34,26,adaptive
2795,W2C,9,5.4469,50.0,5,34,26,adaptive
2796,N2C,17,2.9844,333.0,13,34,26,adaptive
2796,S2C,17,3.0371,337.0,12,34,26,adaptive
2796,E2C,11,4.906,81.0,6,34,26,adaptive
2796,W2C,10,6.2188,55.0,5,34,26,adaptive
2797,N2C,17,3.0078,346.0,13,34,26,adaptive
2797,S2C,17,2.633,349.0,12,34,26,adaptive
2797,E2C,11,4.6798,87.0,6,34,26,adaptive
2797,W2C,10,6.0907,60.0,5,34,26,adaptive
2798,N2C,17,2.9293,359.0,13,34,26,adaptive
2798,S2C,17,2.4037,361.0,12,34,26,adaptive
2798,E2C,11,4.3958,94.0,7,34,26,adaptive
2798,W2C,10,5.763,65.0,5,34,26,adaptive
2799,N2C,17,2.7975,372.0,13,34,26,adaptive
2799,S2C,17,2.2572,375.0,14,34,26,adaptive
2799,E2C,11,4.0344,101.0,7,34,26,adaptive
2799,W2C,10,4.9015,70.0,5,34,26,adaptive
2800,N2C,18,3.0439,385.0,13,34,26,adaptive
2800,S2C,18,2.8646,389.0,14,34,26,adaptive
2800,E2C,12,4.4539,108.0,7,34,26,adaptive
2800,W2C,11,4.9135,75.0,5,34,26,adaptive
2801,N2C,18,2.6555,398.0,13,34,26,adaptive
2801,S2C,18,2.639,403.0,14,34,26,adaptive
2801,E2C,12,4.3204,115.0,7,34,26,adaptive
2801,W2C,11,4.5966,82.0,7,34,26,adaptive
2802,N2C,18,2.4082,412.0,14,34,26,adaptive
2802,S2C,18,2.3741,417.0,14,34,26,adaptive
2802,E2C,12,4.0497,123.0,8,34,26,adaptive
2802,W2C,11,4.6165,89.0,7,34,26,adaptive
2803,N2C,18,2.1418,427.0,15,34,26,adaptive
2803,S2C,18,2.1292,431.0,14,34,26,adaptive
2803,E2C,12,3.7393,131.0,8,34,26,adaptive
2803,W2C,11,4.6002,96.0,7,34,26,adaptive
2804,N2C,18,2.2008,442.0,15,34,26,adaptive
2804,S2C,18,2.1203,446.0,15,34,26,adaptive
2804,E2C,12,3.4779,139.0,8,34,26,adaptive
2804,W2C,11,4.6239,103.0,7,34,26,adaptive
2805,N2C,19,2.5273,457.0,15,34,26,adaptive
2805,S2C,19,2.6848,461.0,15,34,26,adaptive
2805,E2C,13,4.0758,147.0,8,34,26,adaptive
2805,W2C,12,5.1862,110.0,7,34,26,adaptive
2806,N2C,19,2.3311,472.0,15,34,26,adaptive
2806,S2C,19,2.6399,476.0,15,34,26,adaptive
2806,E2C,13,3.637,155.0,8,34,26,adaptive
2806,W2C,12,4.5812,117.0,7,34,26,adaptive
2807,N2C,17,2.2937,369.0,13,34,26,adaptive
2807,S2C,17,2.6574,369.0,13,34,26,adaptive
2807,E2C,13,3.459,164.0,9,34,26,adaptive
2807,W2C,12,3.7849,124.0,7,34,26,adaptive
2808,N2C,17,2.366,279.0,12,34,26,adaptive
2808,S2C,17,2.6323,278.0,11,34,26,adaptive
2808,E2C,13,3.0673,173.0,9,34,26,adaptive
2808,W2C,12,3.4326,132.0,8,34,26,adaptive
2809,N2C,18,3.1473,203.0,10,34,26,adaptive
2809,S2C,18,3.3673,197.0,9,34,26,adaptive
2809,E2C,14,3.6365,183.0,10,34,26,adaptive
2809,W2C,13,4.1783,140.0,8,34,26,adaptive
2810,N2C,17,3.2079,138.0,8,34,26,adaptive
2810,S2C,16,3.3894,133.0,8,34,26,adaptive
2810,E2C,14,3.5882,193.0,10,34,26,adaptive
2810,W2C,13,4.043,148.0,8,34,26,adaptive
2811,N2C,16,3.5216,86.0,6,34,26,adaptive
2811,S2C,16,3.5626,80.0,6,34,26,adaptive
2811,E2C,14,3.6213,203.0,10,34,26,adaptive
2811,W2C,13,4.0146,157.0,9,34,26,adaptive
2812,N2C,16,3.9981,44.0,4,34,26,adaptive
2812,S2C,16,3.9746,40.0,4,34,26,adaptive
2812,E2C,14,3.3323,213.0,10,34,26,adaptive
2812,W2C,13,3.8306,166.0,9,34,26,adaptive
2813,N2C,14,4.1385,18.0,3,34,26,adaptive
2813,S2C,14,4.0354,29.0,3,34,26,adaptive
2813,E2C,14,3.0781,223.0,10,34,26,adaptive
2813,W2C,13,3.3912,175.0,9,34,26,adaptive
2814,N2C,15,5.3382,2.0,1,34,26,adaptive
2814,S2C,15,5.3712,5.0,1,34,26,adaptive
2814,E2C,15,3.547,233.0,10,34,26,adaptive
2814,W2C,14,3.8899,184.0,9,34,26,adaptive
2815,N2C,13,5.4348,0.0,0,34,26,adaptive
2815,S2C,13,5.6388,0.0,0,34,26,adaptive
2815,E2C,15,3.4102,243.0,10,34,26,adaptive
2815,W2C,14,3.4423,194.0,10,34,26,adaptive
2816,N2C,13,6.2763,0.0,0,34,26,adaptive
2816,S2C,13,6.6874,0.0,0,34,26,adaptive
2816,E2C,15,3.1874,254.0,11,34,26,adaptive
2816,W2C,14,3.2048,204.0,10,34,26,adaptive
2817,N2C,11,6.9668,0.0,0,34,26,adaptive
2817,S2C,11,7.3594,0.0,0,34,26,adaptive
2817,E2C,15,2.9972,265.0,11,34,26,adaptive
2817,W2C,14,2.8997,214.0,10,34,26,adaptive
2818,N2C,12,8.5048,0.0,0,34,26,adaptive
2818,S2C,12,8.6904,0.0,0,34,26,adaptive
2818,E2C,16,3.3936,276.0,11,34,26,adaptive
2818,W2C,15,3.6214,225.0,11,34,26,adaptive
2819,N2C,10,9.1192,0.0,0,34,26,adaptive
2819,S2C,10,8.8908,0.0,0,34,26,adaptive
2819,E2C,16,3.262,287.0,11,34,26,adaptive
2819,W2C,15,3.4846,236.0,11,34,26,adaptive
2820,N2C,10,10.1711,0.0,0,34,26,adaptive
2820,S2C,9,9.4773,0.0,0,34,26,adaptive
2820,E2C,16,2.9124,299.0,12,34,26,adaptive
2820,W2C,15,3.1759,247.0,11,34,26,adaptive
2821,N2C,8,11.0586,0.0,0,34,26,adaptive
2821,S2C,8,10.6523,0.0,0,34,26,adaptive
2821,E2C,16,2.7011,311.0,12,34,26,adaptive
2821,W2C,15,2.9194,258.0,11,34,26,adaptive
2822,N2C,7,11.4347,0.0,0,34,26,adaptive
2822,S2C,6,11.3962,0.0,0,34,26,adaptive
2822,E2C,16,2.5366,324.0,13,34,26,adaptive
2822,W2C,15,2.6654,269.0,11,34,26,adaptive
2823,N2C,7,12.7796,0.0,0,34,26,adaptive
2823,S2C,7,12.2344,0.0,0,34,26,adaptive
2823,E2C,17,2.9284,337.0,13,34,26,adaptive
2823,W2C,16,2.9174,280.0,11,34,26,adaptive
2824,N2C,5,12.8647,0.0,0,34,26,adaptive
2824,S2C,5,12.6031,0.0,0,34,26,adaptive
2824,E2C,17,2.6263,350.0,13,34,26,adaptive
2824,W2C,16,2.6331,292.0,12,34,26,adaptive
2825,N2C,5,12.8568,0.0,0,34,26,adaptive
2825,S2C,5,12.8115,0.0,0,34,26,adaptive
2825,E2C,17,2.4304,363.0,13,34,26,adaptive
2825,W2C,16,2.4014,304.0,12,34,26,adaptive
2826,N2C,4,13.4007,0.0,0,34,26,adaptive
2826,S2C,4,12.8034,0.0,0,34,26,adaptive
2826,E2C,17,2.2166,376.0,13,34,26,adaptive
2826,W2C,16,2.32,316.0,12,34,26,adaptive
2827,N2C,4,13.3646,0.0,0,34,26,adaptive
2827,S2C,4,13.2281,0.0,0,34,26,adaptive
2827,E2C,18,2.7814,390.0,14,34,26,adaptive
2827,W2C,17,2.9869,329.0,13,34,26,adaptive
2828,N2C,4,13.0306,0.0,0,34,26,adaptive
2828,S2C,4,12.9672,0.0,0,34,26,adaptive
2828,E2C,18,2.5704,404.0,14,34,26,adaptive
2828,W2C,17,2.7464,342.0,13,34,26,adaptive
2829,N2C,4,13.0075,0.0,0,34,26,adaptive
2829,S2C,4,13.0344,0.0,0,34,26,adaptive
2829,E2C,18,2.2611,418.0,14,34,26,adaptive
2829,W2C,17,2.4265,355.0,13,34,26,adaptive
2830,N2C,4,13.0919,0.0,0,34,26,adaptive
2830,S2C,4,13.1814,0.0,0,34,26,adaptive
2830,E2C,18,2.1196,432.0,14,34,26,adaptive
2830,W2C,17,2.2573,368.0,13,34,26,adaptive
2831,N2C,4,13.3425,0.0,0,34,26,adaptive
2831,S2C,4,13.0707,0.0,0,34,26,adaptive
2831,E2C,18,2.0687,447.0,15,34,26,adaptive
2831,W2C,17,2.1135,382.0,14,34,26,adaptive
2832,N2C,4,13.1422,0.0,0,34,26,adaptive
2832,S2C,3,13.239,0.0,0,34,26,adaptive
2832,E2C,19,2.5251,462.0,15,34,26,adaptive
2832,W2C,18,2.5836,396.0,14,34,26,adaptive
2833,N2C,4,13.1365,0.0,0,34,26,adaptive
2833,S2C,4,12.8459,0.0,0,34,26,adaptive
2833,E2C,19,2.2804,477.0,15,34,26,adaptive
2833,W2C,18,2.3425,410.0,14,34,26,adaptive
2834,N2C,4,13.305,0.0,0,34,26,adaptive
2834,S2C,4,12.7029,0.0,0,34,26,adaptive
2834,E2C,19,1.9579,492.0,15,34,26,adaptive
2834,W2C,18,2.2349,424.0,14,34,26,adaptive
2835,N2C,4,12.8148,0.0,0,34,26,adaptive
2835,S2C,4,12.8076,0.0,0,34,26,adaptive
2835,E2C,19,1.9905,508.0,16,34,26,adaptive
2835,W2C,18,2.0021,438.0,14,34,26,adaptive
2836,N2C,3,13.1519,0.0,0,34,26,adaptive
2836,S2C,5,12.5722,0.0,0,34,26,adaptive
2836,E2C,20,2.6023,524.0,16,34,26,adaptive
2836,W2C,19,2.6052,453.0,15,34,26,adaptive
2837,N2C,4,12.9438,0.0,0,34,26,adaptive
2837,S2C,4,12.5126,0.0,0,34,26,adaptive
2837,E2C,20,2.5564,540.0,16,34,26,adaptive
2837,W2C,19,2.5973,468.0,15,34,26,adaptive
2838,N2C,4,12.7611,0.0,0,27,33,adaptive
2838,S2C,4,12.7833,0.0,0,27,33,adaptive
2838,E2C,20,2.6009,556.0,16,27,33,adaptive
2838,W2C,19,2.6532,483.0,15,27,33,adaptive
2839,N2C,4,12.6128,0.0,0,27,33,adaptive
2839,S2C,4,12.6377,0.0,0,27,33,adaptive
2839,E2C,20,2.2869,572.0,16,27,33,adaptive
2839,W2C,19,2.585,498.0,15,27,33,adaptive
2840,N2C,4,12.3712,0.0,0,27,33,adaptive
2840,S2C,4,12.338,0.0,0,27,33,adaptive
2840,E2C,20,1.9479,588.0,16,27,33,adaptive
2840,W2C,19,2.4895,513.0,15,27,33,adaptive
2841,N2C,5,11.9826,0.0,0,27,33,adaptive
2841,S2C,5,12.1306,0.0,0,27,33,adaptive
2841,E2C,21,2.1305,604.0,16,27,33,adaptive
2841,W2C,20,2.6497,528.0,15,27,33,adaptive
2842,N2C,5,10.8145,0.0,0,27,33,adaptive
2842,S2C,5,11.1091,0.0,0,27,33,adaptive
2842,E2C,21,1.8481,621.0,17,27,33,adaptive
2842,W2C,20,2.2188,543.0,15,27,33,adaptive
2843,N2C,5,10.2401,1.0,1,27,33,adaptive
2843,S2C,5,10.0292,0.0,0,27,33,adaptive
2843,E2C,21,1.8255,638.0,17,27,33,adaptive
2843,W2C,20,2.0145,558.0,15,27,33,adaptive
2844,N2C,5,10.3154,2.0,1,27,33,adaptive
2844,S2C,5,9.5336,0.0,0,27,33,adaptive
2844,E2C,21,1.7404,656.0,18,27,33,adaptive
2844,W2C,20,1.947,573.0,15,27,33,adaptive
2845,N2C,6,10.349,3.0,1,27,33,adaptive
2845,S2C,6,9.509,0.0,0,27,33,adaptive
2845,E2C,22,2.0752,674.0,18,27,33,adaptive
2845,W2C,21,2.4763,590.0,17,27,33,adaptive
2846,N2C,6,9.4304,4.0,1,27,33,adaptive
2846,S2C,6,8.6491,1.0,1,27,33,adaptive
2846,E2C,22,1.8918,692.0,18,27,33,adaptive
2846,W2C,21,2.24,607.0,17,27,33,adaptive
2847,N2C,6,9.0264,5.0,1,27,33,adaptive
2847,S2C,6,8.4364,2.0,1,27,33,adaptive
2847,E2C,22,1.7188,710.0,18,27,33,adaptive
2847,W2C,21,2.0653,624.0,17,27,33,adaptive
2848,N2C,6,8.7205,6.0,1,27,33,adaptive
2848,S2C,6,8.1922,3.0,1,27,33,adaptive
2848,E2C,22,1.6247,729.0,19,27,33,adaptive
2848,W2C,21,1.9048,641.0,17,27,33,adaptive
2849,N2C,6,8.1331,8.0,2,27,33,adaptive
2849,S2C,6,8.3473,5.0,2,27,33,adaptive
2849,E2C,22,1.4444,748.0,19,27,33,adaptive
2849,W2C,21,1.6545,658.0,17,27,33,adaptive
2850,N2C,7,8.214,10.0,2,27,33,adaptive
2850,S2C,7,8.8078,7.0,2,27,33,adaptive
2850,E2C,23,1.8096,767.0,19,27,33,adaptive
2850,W2C,22,1.9992,676.0,18,27,33,adaptive
2851,N2C,7,7.4199,12.0,2,27,33,adaptive
2851,S2C,7,8.3068,9.0,2,27,33,adaptive
2851,E2C,23,1.627,786.0,19,27,33,adaptive
2851,W2C,22,1.832,694.0,18,27,33,adaptive
2852,N2C,7,7.3224,14.0,2,27,33,adaptive
2852,S2C,7,7.5946,11.0,2,27,33,adaptive
2852,E2C,23,1.5904,806.0,20,27,33,adaptive
2852,W2C,22,1.7805,712.0,18,27,33,adaptive
2853,N2C,7,7.4292,17.0,3,27,33,adaptive
2853,S2C,7,7.2072,13.0,2,27,33,adaptive
2853,E2C,23,1.5603,826.0,20,27,33,adaptive
2853,W2C,22,1.7772,730.0,18,27,33,adaptive
2854,N2C,8,7.88,20.0,3,27,33,adaptive
2854,S2C,8,7.8241,16.0,3,27,33,adaptive
2854,E2C,24,2.0545,846.0,20,27,33,adaptive
2854,W2C,23,2.1244,749.0,19,27,33,adaptive
2855,N2C,8,7.4805,23.0,3,27,33,adaptive
2855,S2C,8,7.4614,19.0,3,27,33,adaptive
2855,E2C,24,1.9941,866.0,20,27,33,adaptive
2855,W2C,23,1.9227,768.0,19,27,33,adaptive
2856,N2C,8,6.9343,26.0,3,27,33,adaptive
2856,S2C,8,6.9333,22.0,3,27,33,adaptive
2856,E2C,24,1.8581,886.0,20,27,33,adaptive
2856,W2C,23,1.7371,787.0,19,27,33,adaptive
2857,N2C,8,6.9066,29.0,3,27,33,adaptive
2857,S2C,8,6.5754,25.0,3,27,33,adaptive
2857,E2C,24,1.6892,906.0,20,27,33,adaptive
2857,W2C,23,1.5583,806.0,19,27,33,adaptive
2858,N2C,8,5.9528,32.0,3,27,33,adaptive
2858,S2C,8,6.0804,29.0,4,27,33,adaptive
2858,E2C,24,1.3647,926.0,20,27,33,adaptive
2858,W2C,23,1.4259,826.0,20,27,33,adaptive
2859,N2C,9,6.2478,35.0,3,27,33,adaptive
2859,S2C,9,6.4743,33.0,4,27,33,adaptive
2859,E2C,25,1.7023,946.0,20,27,33,adaptive
2859,W2C,24,1.7562,846.0,20,27,33,adaptive
2860,N2C,9,5.723,39.0,4,27,33,adaptive
2860,S2C,9,6.0701,37.0,4,27,33,adaptive
2860,E2C,25,1.5326,968.0,22,27,33,adaptive
2860,W2C,24,1.6183,867.0,21,27,33,adaptive
2861,N2C,9,5.3846,43.0,4,27,33,adaptive
2861,S2C,9,5.7535,41.0,4,27,33,adaptive
2861,E2C,25,1.5139,990.0,22,27,33,adaptive
2861,W2C,24,1.6549,888.0,21,27,33,adaptive
2862,N2C,9,4.8809,48.0,5,27,33,adaptive
2862,S2C,9,5.4284,46.0,5,27,33,adaptive
2862,E2C,25,1.421,1012.0,22,27,33,adaptive
2862,W2C,24,1.539,909.0,21,27,33,adaptive
2863,N2C,10,5.2539,53.0,5,27,33,adaptive
2863,S2C,10,5.6895,51.0,5,27,33,adaptive
2863,E2C,26,1.6787,1034.0,22,27,33,adaptive
2863,W2C,25,1.8457,930.0,21,27,33,adaptive
2864,N2C,10,4.7154,59.0,6,27,33,adaptive
2864,S2C,10,5.1126,56.0,5,27,33,adaptive
2864,E2C,26,1.5481,1056.0,22,27,33,adaptive
2864,W2C,25,1.667,951.0,21,27,33,adaptive
2865,N2C,10,4.8524,65.0,6,27,33,adaptive
2865,S2C,10,5.0332,61.0,5,27,33,adaptive
2865,E2C,26,1.5431,1078.0,22,27,33,adaptive
2865,W2C,25,1.5953,973.0,22,27,33,adaptive
2866,N2C,10,4.3947,71.0,6,27,33,adaptive
2866,S2C,10,4.979,66.0,5,27,33,adaptive
2866,E2C,24,1.5096,920.0,21,27,33,adaptive
2866,W2C,23,1.5366,824.0,20,27,33,adaptive
2867,N2C,10,4.0707,77.0,6,27,33,adaptive
2867,S2C,10,4.7219,72.0,6,27,33,adaptive
2867,E2C,24,1.5041,771.0,19,27,33,adaptive
2867,W2C,23,1.4528,683.0,18,27,33,adaptive
2868,N2C,11,4.4525,83.0,6,27,33,adaptive
2868,S2C,11,5.3359,78.0,6,27,33,adaptive
2868,E2C,25,2.0077,634.0,17,27,33,adaptive
2868,W2C,24,2.0021,556.0,16,27,33,adaptive
2869,N2C,11,4.4409,89.0,6,27,33,adaptive
2869,S2C,11,4.4683,84.0,6,27,33,adaptive
2869,E2C,23,1.9094,511.0,15,27,33,adaptive
2869,W2C,22,2.011,441.0,14,27,33,adaptive
2870,N2C,11,4.4167,96.0,7,27,33,adaptive
2870,S2C,11,4.5146,90.0,6,27,33,adaptive
2870,E2C,23,2.1868,401.0,14,27,33,adaptive
2870,W2C,22,2.3408,340.0,13,27,33,adaptive
2871,N2C,11,4.4238,103.0,7,27,33,adaptive
2871,S2C,11,3.9525,97.0,7,27,33,adaptive
2871,E2C,22,2.2,307.0,12,27,33,adaptive
2871,W2C,22,2.6107,251.0,11,27,33,adaptive
2872,N2C,12,5.1812,110.0,7,27,33,adaptive
2872,S2C,12,4.4517,104.0,7,27,33,adaptive
2872,E2C,22,2.9146,222.0,10,27,33,adaptive
2872,W2C,21,3.0104,174.0,9,27,33,adaptive
2873,N2C,12,4.8084,117.0,7,27,33,adaptive
2873,S2C,12,4.296,112.0,8,27,33,adaptive
2873,E2C,21,3.2022,150.0,8,27,33,adaptive
2873,W2C,21,3.3425,145.0,8,27,33,adaptive
2874,N2C,12,4.4437,124.0,7,27,33,adaptive
2874,S2C,12,4.3079,120.0,8,27,33,adaptive
2874,E2C,20,3.4742,94.0,6,27,33,adaptive
2874,W2C,19,3.3467,93.0,6,27,33,adaptive
2875,N2C,12,3.8797,131.0,7,27,33,adaptive
2875,S2C,12,4.0034,128.0,8,27,33,adaptive
2875,E2C,20,4.0173,49.0,5,27,33,adaptive
2875,W2C,19,3.8139,52.0,5,27,33,adaptive
2876,N2C,12,3.615,139.0,8,27,33,adaptive
2876,S2C,12,3.6415,136.0,8,27,33,adaptive
2876,E2C,18,3.8359,20.0,3,27,33,adaptive
2876,W2C,17,3.7794,38.0,4,27,33,adaptive
2877,N2C,13,4.053,147.0,8,27,33,adaptive
2877,S2C,13,4.1068,144.0,8,27,33,adaptive
2877,E2C,19,5.0452,16.0,3,27,33,adaptive
2877,W2C,18,4.9848,12.0,3,27,33,adaptive
2878,N2C,13,3.9994,155.0,8,27,33,adaptive
2878,S2C,13,3.992,152.0,8,27,33,adaptive
2878,E2C,17,5.2415,6.0,2,27,33,adaptive
2878,W2C,16,5.4673,2.0,1,27,33,adaptive
2879,N2C,13,3.9476,163.0,8,27,33,adaptive
2879,S2C,13,3.9377,161.0,9,27,33,adaptive
2879,E2C,16,6.1967,0.0,0,27,33,adaptive
2879,W2C,16,6.4626,0.0,0,27,33,adaptive
2880,N2C,13,3.7698,172.0,9,27,33,adaptive
2880,S2C,13,3.6901,170.0,9,27,33,adaptive
2880,E2C,15,6.7837,0.0,0,27,33,adaptive
2880,W2C,14,6.6277,0.0,0,27,33,adaptive
2881,N2C,14,4.2001,181.0,9,27,33,adaptive
2881,S2C,14,4.072,179.0,9,27,33,adaptive
2881,E2C,14,7.4938,0.0,0,27,33,adaptive
2881,W2C,15,7.9901,0.0,0,27,33,adaptive
2882,N2C,14,4.2473,190.0,9,27,33,adaptive
2882,S2C,14,3.8502,188.0,9,27,33,adaptive
2882,E2C,14,8.3999,0.0,0,27,33,adaptive
2882,W2C,13,8.5494,0.0,0,27,33,adaptive
2883,N2C,14,3.5317,199.0,9,27,33,adaptive
2883,S2C,14,3.4512,198.0,10,27,33,adaptive
2883,E2C,12,8.7471,0.0,0,27,33,adaptive
2883,W2C,12,9.5427,0.0,0,27,33,adaptive
2884,N2C,14,3.1579,209.0,10,27,33,adaptive
2884,S2C,14,3.1233,208.0,10,27,33,adaptive
2884,E2C,12,9.8973,0.0,0,27,33,adaptive
2884,W2C,11,10.3444,0.0,0,27,33,adaptive
2885,N2C,14,2.9149,219.0,10,27,33,adaptive
2885,S2C,14,2.945,218.0,10,27,33,adaptive
2885,E2C,10,10.2893,0.0,0,27,33,adaptive
2885,W2C,10,10.7517,0.0,0,27,33,adaptive
2886,N2C,15,3.5325,229.0,10,27,33,adaptive
2886,S2C,15,3.508,229.0,11,27,33,adaptive
2886,E2C,11,11.4485,0.0,0,27,33,adaptive
2886,W2C,10,11.4329,0.0,0,27,33,adaptive
2887,N2C,15,3.247,240.0,11,27,33,adaptive
2887,S2C,15,3.2304,240.0,11,27,33,adaptive
2887,E2C,9,12.1853,0.0,0,27,33,adaptive
2887,W2C,9,11.6639,0.0,0,27,33,adaptive
2888,N2C,15,2.8813,251.0,11,27,33,adaptive
2888,S2C,15,2.9194,251.0,11,27,33,adaptive
2888,E2C,9,12.4416,0.0,0,27,33,adaptive
2888,W2C,7,11.7298,0.0,0,27,33,adaptive
2889,N2C,15,2.6446,262.0,11,27,33,adaptive
2889,S2C,15,2.5358,262.0,11,27,33,adaptive
2889,E2C,7,12.7729,0.0,0,27,33,adaptive
2889,W2C,6,11.8204,0.0,0,27,33,adaptive
2890,N2C,16,3.3411,274.0,12,27,33,adaptive
2890,S2C,16,3.2815,274.0,12,27,33,adaptive
2890,E2C,5,12.9355,0.0,0,27,33,adaptive
2890,W2C,5,12.4019,0.0,0,27,33,adaptive
2891,N2C,16,3.1444,286.0,12,27,33,adaptive
2891,S2C,16,3.1653,286.0,12,27,33,adaptive
2891,E2C,6,12.9246,0.0,0,27,33,adaptive
2891,W2C,5,12.3991,0.0,0,27,33,adaptive
2892,N2C,16,2.8585,298.0,12,27,33,adaptive
2892,S2C,16,2.9197,298.0,12,27,33,adaptive
2892,E2C,4,13.1561,0.0,0,27,33,adaptive
2892,W2C,5,12.5232,0.0,0,27,33,adaptive
2893,N2C,16,2.6023,310.0,12,27,33,adaptive
2893,S2C,16,2.6785,310.0,12,27,33,adaptive
2893,E2C,4,13.2185,0.0,0,27,33,adaptive
2893,W2C,5,12.4772,0.0,0,27,33,adaptive
2894,N2C,16,2.4639,322.0,12,27,33,adaptive
2894,S2C,16,2.5323,322.0,12,27,33,adaptive
2894,E2C,4,13.0711,0.0,0,27,33,adaptive
2894,W2C,5,12.4306,0.0,0,27,33,adaptive
2895,N2C,17,3.0165,335.0,13,27,33,adaptive
2895,S2C,17,2.8769,334.0,12,27,33,adaptive
2895,E2C,4,13.1758,0.0,0,27,33,adaptive
2895,W2C,4,13.2147,0.0,0,27,33,adaptive
2896,N2C,17,2.7777,348.0,13,27,33,adaptive
2896,S2C,17,2.5216,347.0,13,27,33,adaptive
2896,E2C,4,13.056,0.0,0,27,33,adaptive
2896,W2C,4,12.84,0.0,0,27,33,adaptive
2897,N2C,17,2.4983,361.0,13,27,33,adaptive
2897,S2C,17,2.3705,360.0,13,27,33,adaptive
2897,E2C,4,12.8833,0.0,0,27,33,adaptive
2897,W2C,4,12.9145,0.0,0,27,33,adaptive
2898,N2C,17,2.3262,375.0,14,27,33,adaptive
2898,S2C,17,2.2306,374.0,14,27,33,adaptive
2898,E2C,4,12.6245,0.0,0,27,33,adaptive
2898,W2C,4,12.4432,0.0,0,27,33,adaptive
2899,N2C,16,3.2742,281.0,12,27,33,adaptive
2899,S2C,16,3.1804,283.0,12,27,33,adaptive
2899,E2C,4,11.7288,0.0,0,27,33,adaptive
2899,W2C,5,11.9289,0.0,0,27,33,adaptive
2900,N2C,16,3.3171,204.0,10,27,33,adaptive
2900,S2C,16,3.0589,205.0,10,27,33,adaptive
2900,E2C,5,11.107,0.0,0,27,33,adaptive
2900,W2C,5,11.2422,0.0,0,27,33,adaptive
2901,N2C,16,3.4997,136.0,8,27,33,adaptive
2901,S2C,16,3.212,140.0,8,27,33,adaptive
2901,E2C,5,10.5278,0.0,0,27,33,adaptive
2901,W2C,5,10.7099,0.0,0,27,33,adaptive
2902,N2C,14,3.4909,84.0,6,27,33,adaptive
2902,S2C,14,3.1404,86.0,6,27,33,adaptive
2902,E2C,5,10.4121,1.0,1,27,33,adaptive
2902,W2C,5,10.3184,1.0,1,27,33,adaptive
2903,N2C,14,3.7752,46.0,4,27,33,adaptive
2903,S2C,14,3.6796,46.0,4,27,33,adaptive
2903,E2C,5,9.827,2.0,1,27,33,adaptive
2903,W2C,5,9.9033,2.0,1,27,33,adaptive
2904,N2C,14,4.6565,18.0,3,32,28,adaptive
2904,S2C,15,4.8401,16.0,2,32,28,adaptive
2904,E2C,6,10.1141,3.0,1,32,28,adaptive
2904,W2C,6,10.0498,3.0,1,32,28,adaptive
2905,N2C,13,5.0005,2.0,1,32,28,adaptive
2905,S2C,13,4.9501,1.0,1,32,28,adaptive
2905,E2C,6,9.1732,4.0,1,32,28,adaptive
2905,W2C,6,9.3628,4.0,1,32,28,adaptive
2906,N2C,13,5.5846,0.0,0,32,28,adaptive
2906,S2C,13,5.4961,0.0,0,32,28,adaptive
2906,E2C,6,8.7061,5.0,1,32,28,adaptive
2906,W2C,6,8.8189,6.0,2,32,28,adaptive
2907,N2C,11,6.4469,0.0,0,32,28,adaptive
2907,S2C,11,6.0419,0.0,0,32,28,adaptive
2907,E2C,6,8.4409,7.0,2,32,28,adaptive
2907,W2C,6,8.6791,8.0,2,32,28,adaptive
2908,N2C,11,7.8146,0.0,0,32,28,adaptive
2908,S2C,12,7.724,0.0,0,32,28,adaptive
2908,E2C,7,9.2335,9.0,2,32,28,adaptive
2908,W2C,7,9.3562,10.0,2,32,28,adaptive
2909,N2C,10,8.5149,0.0,0,32,28,adaptive
2909,S2C,10,8.7416,0.0,0,32,28,adaptive
2909,E2C,7,8.7933,11.0,2,32,28,adaptive
2909,W2C,7,9.3602,12.0,2,32,28,adaptive
2910,N2C,9,9.1908,0.0,0,32,28,adaptive
2910,S2C,10,9.4275,0.0,0,32,28,adaptive
2910,E2C,7,8.1152,13.0,2,32,28,adaptive
2910,W2C,7,8.4222,14.0,2,32,28,adaptive
2911,N2C,8,10.2372,0.0,0,32,28,adaptive
2911,S2C,8,10.4382,0.0,0,32,28,adaptive
2911,E2C,7,7.7473,15.0,2,32,28,adaptive
2911,W2C,7,7.6296,16.0,2,32,28,adaptive
2912,N2C,7,10.9883,0.0,0,32,28,adaptive
2912,S2C,7,10.7199,0.0,0,32,28,adaptive
2912,E2C,7,6.8145,17.0,2,32,28,adaptive
2912,W2C,7,7.0465,19.0,3,32,28,adaptive
2913,N2C,7,11.6573,0.0,0,32,28,adaptive
2913,S2C,7,11.9481,0.0,0,32,28,adaptive
2913,E2C,8,7.3294,20.0,3,32,28,adaptive
2913,W2C,8,7.1093,22.0,3,32,28,adaptive
2914,N2C,5,12.3155,0.0,0,32,28,adaptive
2914,S2C,5,12.4439,0.0,0,32,28,adaptive
2914,E2C,8,6.4735,23.0,3,32,28,adaptive
2914,W2C,8,6.6433,25.0,3,32,28,adaptive
2915,N2C,5,11.7097,0.0,0,32,28,adaptive
2915,S2C,5,12.5051,0.0,0,32,28,adaptive
2915,E2C,8,6.5379,26.0,3,32,28,adaptive
2915,W2C,8,6.2823,29.0,4,32,28,adaptive
2916,N2C,4,12.3895,0.0,0,32,28,adaptive
2916,S2C,4,13.0401,0.0,0,32,28,adaptive
2916,E2C,8,6.2575,30.0,4,32,28,adaptive
2916,W2C,8,5.9193,33.0,4,32,28,adaptive
2917,N2C,5,12.5799,0.0,0,32,28,adaptive
2917,S2C,5,12.7583,0.0,0,32,28,adaptive
2917,E2C,9,6.6729,34.0,4,32,28,adaptive
2917,W2C,9,5.9767,37.0,4,32,28,adaptive
2918,N2C,4,12.299,0.0,0,32,28,adaptive
2918,S2C,4,12.3668,0.0,0,32,28,adaptive
2918,E2C,9,6.3298,38.0,4,32,28,adaptive
2918,W2C,9,5.6558,41.0,4,32,28,adaptive
2919,N2C,4,12.4823,0.0,0,32,28,adaptive
2919,S2C,4,12.7354,0.0,0,32,28,adaptive
2919,E2C,9,5.8491,42.0,4,32,28,adaptive
2919,W2C,9,5.6737,46.0,5,32,28,adaptive
2920,N2C,4,12.1431,0.0,0,32,28,adaptive
2920,S2C,4,12.6937,0.0,0,32,28,adaptive
2920,E2C,9,5.4718,46.0,4,32,28,adaptive
2920,W2C,9,5.2138,51.0,5,32,28,adaptive
2921,N2C,4,12.4863,0.0,0,32,28,adaptive
2921,S2C,4,12.7324,0.0,0,32,28,adaptive
2921,E2C,9,4.9721,51.0,5,32,28,adaptive
2921,W2C,9,4.7912,56.0,5,32,28,adaptive
2922,N2C,5,12.5426,0.0,0,32,28,adaptive
2922,S2C,5,12.711,0.0,0,32,28,adaptive
2922,E2C,10,5.6845,56.0,5,32,28,adaptive
2922,W2C,10,5.3024,61.0,5,32,28,adaptive
2923,N2C,5,12.5687,0.0,0,32,28,adaptive
2923,S2C,5,12.5165,0.0,0,32,28,adaptive
2923,E2C,10,5.2825,61.0,5,32,28,adaptive
2923,W2C,10,4.99,66.0,5,32,28,adaptive
2924,N2C,5,12.3034,0.0,0,32,28,adaptive
2924,S2C,5,12.4314,0.0,0,32,28,adaptive
2924,E2C,10,4.9783,66.0,5,32,28,adaptive
2924,W2C,10,4.6975,71.0,5,32,28,adaptive
2925,N2C,4,12.6667,0.0,0,32,28,adaptive
2925,S2C,4,12.9181,0.0,0,32,28,adaptive
2925,E2C,10,4.4338,72.0,6,32,28,adaptive
2925,W2C,10,4.2423,76.0,5,32,28,adaptive
2926,N2C,5,12.8936,0.0,0,32,28,adaptive
2926,S2C,4,12.8248,0.0,0,32,28,adaptive
2926,E2C,11,5.0927,78.0,6,32,28,adaptive
2926,W2C,11,4.6689,82.0,6,32,28,adaptive
2927,N2C,4,12.7964,0.0,0,32,28,adaptive
2927,S2C,4,13.0127,0.0,0,32,28,adaptive
2927,E2C,11,4.7861,85.0,7,32,28,adaptive
2927,W2C,11,4.6172,89.0,7,32,28,adaptive
2928,N2C,4,12.9593,0.0,0,32,28,adaptive
2928,S2C,4,13.1548,0.0,0,32,28,adaptive
2928,E2C,11,4.8705,92.0,7,32,28,adaptive
2928,W2C,11,4.3821,96.0,7,32,28,adaptive
2929,N2C,4,12.4085,0.0,0,32,28,adaptive
2929,S2C,4,13.4198,0.0,0,32,28,adaptive
2929,E2C,11,4.8196,99.0,7,32,28,adaptive
2929,W2C,11,4.1915,103.0,7,32,28,adaptive
2930,N2C,4,12.5682,0.0,0,32,28,adaptive
2930,S2C,4,12.9202,0.0,0,32,28,adaptive
2930,E2C,11,4.3996,106.0,7,32,28,adaptive
2930,W2C,11,3.6139,110.0,7,32,28,adaptive
2931,N2C,5,12.9785,0.0,0,32,28,adaptive
2931,S2C,5,13.0852,0.0,0,32,28,adaptive
2931,E2C,12,4.8965,113.0,7,32,28,adaptive
2931,W2C,12,4.1115,117.0,7,32,28,adaptive
2932,N2C,5,12.8284,0.0,0,32,28,adaptive
2932,S2C,4,13.0775,0.0,0,32,28,adaptive
2932,E2C,12,4.1243,120.0,7,32,28,adaptive
2932,W2C,12,4.0461,125.0,8,32,28,adaptive
2933,N2C,5,12.8202,0.0,0,32,28,adaptive
2933,S2C,4,13.0162,0.0,0,32,28,adaptive
2933,E2C,12,3.8887,128.0,8,32,28,adaptive
2933,W2C,12,4.0596,133.0,8,32,28,adaptive
2934,N2C,4,13.0606,0.0,0,32,28,adaptive
2934,S2C,4,13.1342,0.0,0,32,28,adaptive
2934,E2C,12,3.3326,136.0,8,32,28,adaptive
2934,W2C,12,4.1046,141.0,8,32,28,adaptive
2935,N2C,4,12.9536,0.0,0,32,28,adaptive
2935,S2C,5,13.099,0.0,0,32,28,adaptive
2935,E2C,13,4.1134,144.0,8,32,28,adaptive
2935,W2C,13,4.6744,149.0,8,32,28,adaptive
2936,N2C,4,12.7692,0.0,0,32,28,adaptive
2936,S2C,4,13.0714,0.0,0,32,28,adaptive
2936,E2C,13,4.0531,153.0,9,32,28,adaptive
2936,W2C,13,4.623,157.0,8,32,28,adaptive
2937,N2C,4,13.0907,0.0,0,32,28,adaptive
2937,S2C,4,13.6195,0.0,0,32,28,adaptive
2937,E2C,13,3.8476,162.0,9,32,28,adaptive
2937,W2C,13,4.4084,165.0,8,32,28,adaptive
2938,N2C,4,12.9297,0.0,0,32,28,adaptive
2938,S2C,4,13.3078,0.0,0,32,28,adaptive
2938,E2C,13,3.6637,171.0,9,32,28,adaptive
2938,W2C,13,3.7325,173.0,8,32,28,adaptive
2939,N2C,4,12.9326,0.0,0,32,28,adaptive
2939,S2C,4,12.8886,0.0,0,32,28,adaptive
2939,E2C,13,3.3024,180.0,9,32,28,adaptive
2939,W2C,13,3.1351,181.0,8,32,28,adaptive
2940,N2C,5,12.4513,0.0,0,32,28,adaptive
2940,S2C,5,12.0493,0.0,0,32,28,adaptive
2940,E2C,12,4.2854,117.0,8,32,28,adaptive
2940,W2C,12,4.0245,116.0,7,32,28,adaptive
2941,N2C,5,11.4481,0.0,0,32,28,adaptive
2941,S2C,5,11.0671,0.0,0,32,28,adaptive
2941,E2C,12,4.2491,70.0,6,32,28,adaptive
2941,W2C,12,3.8866,66.0,5,32,28,adaptive
2942,N2C,5,10.5293,0.0,0,32,28,adaptive
2942,S2C,5,10.7169,0.0,0,32,28,adaptive
2942,E2C,12,4.3777,36.0,4,32,28,adaptive
2942,W2C,12,4.2351,31.0,4,32,28,adaptive
2943,N2C,5,9.9528,1.0,1,32,28,adaptive
2943,S2C,5,10.222,1.0,1,32,28,adaptive
2943,E2C,10,4.8691,12.0,2,32,28,adaptive
2943,W2C,10,4.4798,6.0,2,32,28,adaptive
2944,N2C,6,10.1037,2.0,1,32,28,adaptive
2944,S2C,6,10.0004,2.0,1,32,28,adaptive
2944,E2C,11,6.187,1.0,1,32,28,adaptive
2944,W2C,11,5.9847,0.0,0,32,28,adaptive
2945,N2C,6,9.5049,3.0,1,32,28,adaptive
2945,S2C,6,9.5346,3.0,1,32,28,adaptive
2945,E2C,10,6.9917,0.0,0,32,28,adaptive
2945,W2C,10,6.8318,0.0,0,32,28,adaptive
2946,N2C,6,8.6396,4.0,1,32,28,adaptive
2946,S2C,6,8.8363,4.0,1,32,28,adaptive
2946,E2C,9,7.5279,0.0,0,32,28,adaptive
2946,W2C,9,7.8708,0.0,0,32,28,adaptive
2947,N2C,6,8.5248,6.0,2,32,28,adaptive
2947,S2C,6,8.7729,6.0,2,32,28,adaptive
2947,E2C,9,8.0763,0.0,0,32,28,adaptive
2947,W2C,8,8.9423,0.0,0,32,28,adaptive
2948,N2C,6,8.3748,8.0,2,32,28,adaptive
2948,S2C,6,8.0107,8.0,2,32,28,adaptive
2948,E2C,7,9.0858,0.0,0,32,28,adaptive
2948,W2C,7,9.6793,0.0,0,32,28,adaptive
2949,N2C,7,8.4571,10.0,2,32,28,adaptive
2949,S2C,7,8.4788,10.0,2,32,28,adaptive
2949,E2C,8,10.4084,0.0,0,32,28,adaptive
2949,W2C,7,10.8124,0.0,0,32,28,adaptive
2950,N2C,7,7.6081,12.0,2,32,28,adaptive
2950,S2C,7,7.6211,12.0,2,32,28,adaptive
2950,E2C,6,11.5795,0.0,0,32,28,adaptive
2950,W2C,6,11.9694,0.0,0,32,28,adaptive
2951,N2C,7,7.5381,14.0,2,32,28,adaptive
2951,S2C,7,7.6381,15.0,3,32,28,adaptive
2951,E2C,5,11.8296,0.0,0,32,28,adaptive
2951,W2C,4,12.1949,0.0,0,32,28,adaptive
2952,N2C,7,7.3021,17.0,3,32,28,adaptive
2952,S2C,7,6.909,18.0,3,32,28,adaptive
2952,E2C,4,12.9343,0.0,0,32,28,adaptive
2952,W2C,4,12.6366,0.0,0,32,28,adaptive
2953,N2C,8,7.4667,20.0,3,32,28,adaptive
2953,S2C,8,7.2534,21.0,3,32,28,adaptive
2953,E2C,4,12.5869,0.0,0,32,28,adaptive
2953,W2C,5,12.0712,0.0,0,32,28,adaptive
2954,N2C,8,7.3658,23.0,3,32,28,adaptive
2954,S2C,8,6.8042,24.0,3,32,28,adaptive
2954,E2C,4,12.6688,0.0,0,32,28,adaptive
2954,W2C,5,11.8604,0.0,0,32,28,adaptive
2955,N2C,8,6.7541,26.0,3,32,28,adaptive
2955,S2C,8,6.6205,27.0,3,32,28,adaptive
2955,E2C,4,12.6637,0.0,0,32,28,adaptive
2955,W2C,4,12.1184,0.0,0,32,28,adaptive
2956,N2C,8,6.1949,30.0,4,32,28,adaptive
2956,S2C,8,6.4666,31.0,4,32,28,adaptive
2956,E2C,4,12.6981,0.0,0,32,28,adaptive
2956,W2C,4,11.7531,0.0,0,32,28,adaptive
2957,N2C,8,5.6866,34.0,4,32,28,adaptive
2957,S2C,8,5.8117,35.0,4,32,28,adaptive
2957,E2C,4,12.8813,0.0,0,32,28,adaptive
2957,W2C,4,11.6076,0.0,0,32,28,adaptive
2958,N2C,9,6.112,38.0,4,32,28,adaptive
2958,S2C,9,6.3563,39.0,4,32,28,adaptive
2958,E2C,5,12.4717,0.0,0,32,28,adaptive
2958,W2C,5,12.3789,0.0,0,32,28,adaptive
2959,N2C,9,5.8482,42.0,4,32,28,adaptive
2959,S2C,9,5.8472,43.0,4,32,28,adaptive
2959,E2C,4,12.3582,0.0,0,32,28,adaptive
2959,W2C,5,12.0471,0.0,0,32,28,adaptive
2960,N2C,9,5.4771,47.0,5,32,28,adaptive
2960,S2C,9,5.6741,47.0,4,32,28,adaptive
2960,E2C,4,12.0507,0.0,0,32,28,adaptive
2960,W2C,5,12.4659,0.0,0,32,28,adaptive
2961,N2C,9,5.0302,52.0,5,32,28,adaptive
2961,S2C,9,5.2289,52.0,5,32,28,adaptive
2961,E2C,4,12.1387,0.0,0,32,28,adaptive
2961,W2C,5,12.0833,0.0,0,32,28,adaptive
2962,N2C,10,5.4983,57.0,5,32,28,adaptive
2962,S2C,10,5.6443,57.0,5,32,28,adaptive
2962,E2C,4,12.324,0.0,0,32,28,adaptive
2962,W2C,6,12.4177,0.0,0,32,28,adaptive
2963,N2C,10,5.2381,62.0,5,32,28,adaptive
2963,S2C,10,5.3469,62.0,5,32,28,adaptive
2963,E2C,4,12.1531,0.0,0,32,28,adaptive
2963,W2C,4,12.4869,0.0,0,32,28,adaptive
2964,N2C,10,5.1743,68.0,6,32,28,adaptive
2964,S2C,10,5.1594,68.0,6,32,28,adaptive
2964,E2C,4,12.2478,0.0,0,32,28,adaptive
2964,W2C,4,12.3935,0.0,0,32,28,adaptive
2965,N2C,10,4.7944,74.0,6,32,28,adaptive
2965,S2C,10,4.9977,74.0,6,32,28,adaptive
2965,E2C,4,12.3091,0.0,0,32,28,adaptive
2965,W2C,4,12.4726,0.0,0,32,28,adaptive
2966,N2C,10,4.4121,80.0,6,32,28,adaptive
2966,S2C,10,4.4873,80.0,6,32,28,adaptive
2966,E2C,4,11.9519,0.0,0,32,28,adaptive
2966,W2C,4,12.4862,0.0,0,32,28,adaptive
2967,N2C,11,4.8855,86.0,6,32,28,adaptive
2967,S2C,11,4.9039,86.0,6,32,28,adaptive
2967,E2C,5,12.5962,0.0,0,32,28,adaptive
2967,W2C,4,12.8422,0.0,0,32,28,adaptive
2968,N2C,11,4.7024,92.0,6,32,28,adaptive
2968,S2C,11,4.8306,93.0,7,32,28,adaptive
2968,E2C,5,12.4579,0.0,0,32,28,adaptive
2968,W2C,4,12.1868,0.0,0,32,28,adaptive
2969,N2C,11,4.7825,98.0,6,32,28,adaptive
2969,S2C,11,4.4567,100.0,7,32,28,adaptive
2969,E2C,4,12.8001,0.0,0,32,28,adaptive
2969,W2C,4,12.1006,0.0,0,32,28,adaptive
2970,N2C,11,4.4213,105.0,7,36,24,adaptive
2970,S2C,11,4.0811,107.0,7,36,24,adaptive
2970,E2C,4,11.8154,0.0,0,36,24,adaptive
2970,W2C,4,12.6196,0.0,0,36,24,adaptive
2971,N2C,12,4.6997,112.0,7,36,24,adaptive
2971,S2C,12,4.5727,114.0,7,36,24,adaptive
2971,E2C,5,11.8308,0.0,0,36,24,adaptive
2971,W2C,4,12.3894,0.0,0,36,24,adaptive
2972,N2C,12,4.2501,119.0,7,36,24,adaptive
2972,S2C,12,4.3721,122.0,8,36,24,adaptive
2972,E2C,5,10.5504,0.0,0,36,24,adaptive
2972,W2C,5,12.9333,0.0,0,36,24,adaptive
2973,N2C,12,4.0888,127.0,8,36,24,adaptive
2973,S2C,12,4.2853,130.0,8,36,24,adaptive
2973,E2C,5,10.2462,0.0,0,36,24,adaptive
2973,W2C,5,12.6954,0.0,0,36,24,adaptive
2974,N2C,12,3.6807,135.0,8,36,24,adaptive
2974,S2C,12,3.7887,138.0,8,36,24,adaptive
2974,E2C,5,10.0417,1.0,1,36,24,adaptive
2974,W2C,5,12.8174,0.0,0,36,24,adaptive
2975,N2C,12,3.3818,143.0,8,36,24,adaptive
2975,S2C,12,3.5349,146.0,8,36,24,adaptive
2975,E2C,5,10.0985,2.0,1,36,24,adaptive
2975,W2C,5,11.8019,0.0,0,36,24,adaptive
2976,N2C,13,3.9811,152.0,9,36,24,adaptive
2976,S2C,13,4.1579,155.0,9,36,24,adaptive
2976,E2C,6,10.2453,3.0,1,36,24,adaptive
2976,W2C,6,11.1191,0.0,0,36,24,adaptive
2977,N2C,13,3.9011,161.0,9,36,24,adaptive
2977,S2C,13,3.8725,164.0,9,36,24,adaptive
2977,E2C,6,10.1859,4.0,1,36,24,adaptive
2977,W2C,6,9.3642,0.0,0,36,24,adaptive
2978,N2C,13,3.6645,170.0,9,36,24,adaptive
2978,S2C,13,3.435,173.0,9,36,24,adaptive
2978,E2C,6,10.2702,5.0,1,36,24,adaptive
2978,W2C,6,8.9465,1.0,1,36,24,adaptive
2979,N2C,13,3.3537,179.0,9,36,24,adaptive
2979,S2C,13,3.2022,182.0,9,36,24,adaptive
2979,E2C,6,9.4966,6.0,1,36,24,adaptive
2979,W2C,6,8.2493,3.0,2,36,24,adaptive
2980,N2C,14,3.7819,188.0,9,36,24,adaptive
2980,S2C,14,3.7759,191.0,9,36,24,adaptive
2980,E2C,7,8.8939,7.0,1,36,24,adaptive
2980,W2C,7,8.4103,5.0,2,36,24,adaptive
2981,N2C,14,3.7049,197.0,9,36,24,adaptive
2981,S2C,14,3.6947,200.0,9,36,24,adaptive
2981,E2C,7,7.568,8.0,1,36,24,adaptive
2981,W2C,7,7.6506,7.0,2,36,24,adaptive
2982,N2C,14,3.3067,207.0,10,36,24,adaptive
2982,S2C,14,3.3828,210.0,10,36,24,adaptive
2982,E2C,7,7.1609,9.0,1,36,24,adaptive
2982,W2C,7,7.5731,9.0,2,36,24,adaptive
2983,N2C,14,3.017,217.0,10,36,24,adaptive
2983,S2C,14,3.0244,220.0,10,36,24,adaptive
2983,E2C,7,6.6957,10.0,1,36,24,adaptive
2983,W2C,7,7.5451,11.0,2,36,24,adaptive
2984,N2C,14,2.8039,227.0,10,36,24,adaptive
2984,S2C,14,2.9551,230.0,10,36,24,adaptive
2984,E2C,7,6.657,13.0,3,36,24,adaptive
2984,W2C,7,6.7514,14.0,3,36,24,adaptive
2985,N2C,15,3.4514,237.0,10,36,24,adaptive
2985,S2C,15,3.5192,240.0,10,36,24,adaptive
2985,E2C,8,7.1222,16.0,3,36,24,adaptive
2985,W2C,8,7.1856,17.0,3,36,24,adaptive
2986,N2C,15,3.4951,248.0,11,36,24,adaptive
2986,S2C,15,3.1353,250.0,10,36,24,adaptive
2986,E2C,8,6.3582,19.0,3,36,24,adaptive
2986,W2C,8,6.3969,20.0,3,36,24,adaptive
2987,N2C,15,3.2573,259.0,11,36,24,adaptive
2987,S2C,15,2.8401,261.0,11,36,24,adaptive
2987,E2C,8,6.0322,22.0,3,36,24,adaptive
2987,W2C,8,6.5374,24.0,4,36,24,adaptive
2988,N2C,15,3.0872,270.0,11,36,24,adaptive
2988,S2C,15,2.597,272.0,11,36,24,adaptive
2988,E2C,8,5.3924,26.0,4,36,24,adaptive
2988,W2C,8,6.4759,28.0,4,36,24,adaptive
2989,N2C,16,3.599,281.0,11,36,24,adaptive
2989,S2C,16,3.2596,283.0,11,36,24,adaptive
2989,E2C,9,5.9462,30.0,4,36,24,adaptive
2989,W2C,9,6.7689,32.0,4,36,24,adaptive
2990,N2C,16,3.2119,292.0,11,36,24,adaptive
2990,S2C,16,2.869,295.0,12,36,24,adaptive
2990,E2C,9,5.4832,34.0,4,36,24,adaptive
2990,W2C,9,6.1959,36.0,4,36,24,adaptive
2991,N2C,16,2.8678,303.0,11,36,24,adaptive
2991,S2C,16,2.7459,307.0,12,36,24,adaptive
2991,E2C,9,5.6662,39.0,5,36,24,adaptive
2991,W2C,9,5.8177,40.0,4,36,24,adaptive
2992,N2C,16,2.6038,315.0,12,36,24,adaptive
2992,S2C,16,2.4774,319.0,12,36,24,adaptive
2992,E2C,9,5.6278,44.0,5,36,24,adaptive
2992,W2C,9,5.7077,45.0,5,36,24,adaptive
2993,N2C,16,2.4535,327.0,12,36,24,adaptive
2993,S2C,16,2.388,332.0,13,36,24,adaptive
2993,E2C,9,5.5769,49.0,5,36,24,adaptive
2993,W2C,9,5.1752,50.0,5,36,24,adaptive
2994,N2C,17,2.959,340.0,13,36,24,adaptive
2994,S2C,17,3.04,345.0,13,36,24,adaptive
2994,E2C,10,6.2744,54.0,5,36,24,adaptive
2994,W2C,10,5.7934,55.0,5,36,24,adaptive
2995,N2C,17,2.7628,353.0,13,36,24,adaptive
2995,S2C,17,2.9473,358.0,13,36,24,adaptive
2995,E2C,10,6.1741,59.0,5,36,24,adaptive
2995,W2C,10,5.1242,60.0,5,36,24,adaptive
2996,N2C,17,2.4961,366.0,13,36,24,adaptive
2996,S2C,17,2.6761,371.0,13,36,24,adaptive
2996,E2C,10,6.0744,64.0,5,36,24,adaptive
2996,W2C,10,4.7674,66.0,6,36,24,adaptive
2997,N2C,17,2.4204,379.0,13,36,24,adaptive
2997,S2C,17,2.4257,384.0,13,36,24,adaptive
2997,E2C,10,5.1512,69.0,5,36,24,adaptive
2997,W2C,10,4.2965,72.0,6,36,24,adaptive
2998,N2C,18,2.7859,392.0,13,36,24,adaptive
2998,S2C,18,2.7891,397.0,13,36,24,adaptive
2998,E2C,11,5.4099,74.0,5,36,24,adaptive
2998,W2C,11,4.7084,78.0,6,36,24,adaptive
2999,N2C,18,2.5234,406.0,14,36,24,adaptive
2999,S2C,18,2.8197,410.0,13,36,24,adaptive
2999,E2C,11,4.8122,79.0,5,36,24,adaptive
2999,W2C,11,4.6644,85.0,7,36,24,adaptive
3000,N2C,18,2.3199,420.0,14,36,24,adaptive
3000,S2C,18,2.5623,424.0,14,36,24,adaptive
3000,E2C,11,4.7545,86.0,7,36,24,adaptive
3000,W2C,11,4.6079,92.0,7,36,24,adaptive
3001,N2C,18,2.0464,434.0,14,36,24,adaptive
3001,S2C,18,2.318,438.0,14,36,24,adaptive
3001,E2C,11,4.3446,93.0,7,36,24,adaptive
3001,W2C,11,4.3034,99.0,7,36,24,adaptive
3002,N2C,18,2.0867,449.0,15,36,24,adaptive
3002,S2C,18,2.0258,453.0,15,36,24,adaptive
3002,E2C,11,4.0811,100.0,7,36,24,adaptive
3002,W2C,11,3.9632,106.0,7,36,24,adaptive
3003,N2C,19,2.2722,464.0,15,36,24,adaptive
3003,S2C,19,2.4403,468.0,15,36,24,adaptive
3003,E2C,12,4.473,107.0,7,36,24,adaptive
3003,W2C,12,4.2572,113.0,7,36,24,adaptive
3004,N2C,19,2.0339,479.0,15,36,24,adaptive
3004,S2C,19,2.1548,483.0,15,36,24,adaptive
3004,E2C,12,4.1422,114.0,7,36,24,adaptive
3004,W2C,12,4.2615,120.0,7,36,24,adaptive
3005,N2C,19,1.8108,494.0,15,36,24,adaptive
3005,S2C,19,2.1129,498.0,15,36,24,adaptive
3005,E2C,12,3.8295,122.0,8,36,24,adaptive
3005,W2C,12,4.1701,128.0,8,36,24,adaptive
3006,N2C,19,1.7706,509.0,15,36,24,adaptive
3006,S2C,19,1.9815,514.0,16,36,24,adaptive
3006,E2C,12,3.5298,130.0,8,36,24,adaptive
3006,W2C,12,3.6376,136.0,8,36,24,adaptive
3007,N2C,18,2.5312,398.0,13,36,24,adaptive
3007,S2C,18,2.713,404.0,14,36,24,adaptive
3007,E2C,13,4.0495,138.0,8,36,24,adaptive
3007,W2C,13,4.0922,144.0,8,36,24,adaptive
3008,N2C,18,2.3899,302.0,12,36,24,adaptive
3008,S2C,18,2.6421,307.0,12,36,24,adaptive
3008,E2C,13,4.0511,147.0,9,36,24,adaptive
3008,W2C,13,3.8212,152.0,8,36,24,adaptive
3009,N2C,18,2.4895,218.0,10,36,24,adaptive
3009,S2C,18,2.6808,224.0,10,36,24,adaptive
3009,E2C,13,3.9887,156.0,9,36,24,adaptive
3009,W2C,13,3.7748,161.0,9,36,24,adaptive
3010,N2C,16,2.6231,149.0,8,36,24,adaptive
3010,S2C,16,2.7384,152.0,8,36,24,adaptive
3010,E2C,13,3.7593,165.0,9,36,24,adaptive
3010,W2C,13,3.5151,170.0,9,36,24,adaptive
3011,N2C,16,3.0766,91.0,6,36,24,adaptive
3011,S2C,16,3.1779,95.0,7,36,24,adaptive
3011,E2C,13,3.5053,174.0,9,36,24,adaptive
3011,W2C,13,3.1051,179.0,9,36,24,adaptive
3012,N2C,16,4.1863,50.0,5,36,24,adaptive
3012,S2C,16,4.3239,53.0,5,36,24,adaptive
3012,E2C,14,3.8667,183.0,9,36,24,adaptive
3012,W2C,14,3.6582,188.0,9,36,24,adaptive
3013,N2C,15,4.4099,20.0,3,36,24,adaptive
3013,S2C,15,4.8837,23.0,3,36,24,adaptive
3013,E2C,14,3.4093,192.0,9,36,24,adaptive
3013,W2C,14,3.5158,198.0,10,36,24,adaptive
3014,N2C,15,5.2607,3.0,1,36,24,adaptive
3014,S2C,14,5.0832,4.0,1,36,24,adaptive
3014,E2C,14,3.0451,201.0,9,36,24,adaptive
3014,W2C,14,3.353,208.0,10,36,24,adaptive
3015,N2C,13,5.7696,0.0,0,36,24,adaptive
3015,S2C,13,5.4677,0.0,0,36,24,adaptive
3015,E2C,14,2.9056,210.0,9,36,24,adaptive
3015,W2C,14,2.9953,218.0,10,36,24,adaptive
3016,N2C,14,6.855,0.0,0,36,24,adaptive
3016,S2C,13,6.4076,0.0,0,36,24,adaptive
3016,E2C,15,3.6487,221.0,11,36,24,adaptive
3016,W2C,15,3.4686,228.0,10,36,24,adaptive
3017,N2C,12,7.5429,0.0,0,36,24,adaptive
3017,S2C,12,6.8951,0.0,0,36,24,adaptive
3017,E2C,15,3.4759,232.0,11,36,24,adaptive
3017,W2C,15,3.5058,238.0,10,36,24,adaptive
3018,N2C,11,8.4439,0.0,0,36,24,adaptive
3018,S2C,11,7.5588,0.0,0,36,24,adaptive
3018,E2C,15,3.2406,243.0,11,36,24,adaptive
3018,W2C,15,3.498,249.0,11,36,24,adaptive
3019,N2C,10,9.0216,0.0,0,36,24,adaptive
3019,S2C,10,8.4847,0.0,0,36,24,adaptive
3019,E2C,15,2.9623,254.0,11,36,24,adaptive
3019,W2C,15,3.3309,260.0,11,36,24,adaptive
3020,N2C,9,9.8483,0.0,0,36,24,adaptive
3020,S2C,9,9.0081,0.0,0,36,24,adaptive
3020,E2C,15,2.7024,265.0,11,36,24,adaptive
3020,W2C,15,3.0427,271.0,11,36,24,adaptive
3021,N2C,9,10.9789,0.0,0,36,24,adaptive
3021,S2C,9,10.4327,0.0,0,36,24,adaptive
3021,E2C,16,3.1535,276.0,11,36,24,adaptive
3021,W2C,16,3.374,282.0,11,36,24,adaptive
3022,N2C,7,11.6398,0.0,0,36,24,adaptive
3022,S2C,8,11.1325,0.0,0,36,24,adaptive
3022,E2C,16,2.9103,288.0,12,36,24,adaptive
3022,W2C,16,2.9074,293.0,11,36,24,adaptive
3023,N2C,7,12.071,0.0,0,36,24,adaptive
3023,S2C,6,11.553,0.0,0,36,24,adaptive
3023,E2C,16,2.6509,300.0,12,36,24,adaptive
3023,W2C,16,2.7753,305.0,12,36,24,adaptive
3024,N2C,5,12.3382,0.0,0,36,24,adaptive
3024,S2C,6,12.3657,0.0,0,36,24,adaptive
3024,E2C,16,2.5524,312.0,12,36,24,adaptive
3024,W2C,16,2.506,317.0,12,36,24,adaptive
3025,N2C,6,12.4393,0.0,0,36,24,adaptive
3025,S2C,6,12.9297,0.0,0,36,24,adaptive
3025,E2C,17,3.1341,324.0,12,36,24,adaptive
3025,W2C,17,3.1484,330.0,13,36,24,adaptive
3026,N2C,5,12.3158,0.0,0,36,24,adaptive
3026,S2C,5,12.7523,0.0,0,36,24,adaptive
3026,E2C,17,3.0028,337.0,13,36,24,adaptive
3026,W2C,17,2.9316,343.0,13,36,24,adaptive
3027,N2C,5,12.1,0.0,0,36,24,adaptive
3027,S2C,4,13.0081,0.0,0,36,24,adaptive
3027,E2C,17,2.6594,350.0,13,36,24,adaptive
3027,W2C,17,2.686,356.0,13,36,24,adaptive
3028,N2C,4,12.6111,0.0,0,36,24,adaptive
3028,S2C,4,12.8417,0.0,0,36,24,adaptive
3028,E2C,17,2.5106,363.0,13,36,24,adaptive
3028,W2C,17,2.4977,369.0,13,36,24,adaptive
3029,N2C,4,12.8853,0.0,0,36,24,adaptive
3029,S2C,4,12.9616,0.0,0,36,24,adaptive
3029,E2C,17,2.3266,376.0,13,36,24,adaptive
3029,W2C,17,2.2635,382.0,13,36,24,adaptive
3030,N2C,4,13.1272,0.0,0,36,24,adaptive
3030,S2C,4,13.239,0.0,0,36,24,adaptive
3030,E2C,18,2.718,390.0,14,36,24,adaptive
3030,W2C,18,2.526,396.0,14,36,24,adaptive
3031,N2C,4,12.9845,0.0,0,36,24,adaptive
3031,S2C,4,13.2894,0.0,0,36,24,adaptive
3031,E2C,18,2.488,404.0,14,36,24,adaptive
3031,W2C,18,2.2454,410.0,14,36,24,adaptive
3032,N2C,4,12.9398,0.0,0,36,24,adaptive
3032,S2C,4,13.1495,0.0,0,36,24,adaptive
3032,E2C,18,2.1965,418.0,14,36,24,adaptive
3032,W2C,18,2.0997,424.0,14,36,24,adaptive
3033,N2C,4,12.759,0.0,0,36,24,adaptive
3033,S2C,4,13.1762,0.0,0,36,24,adaptive
3033,E2C,18,2.2813,433.0,15,36,24,adaptive
3033,W2C,18,2.1259,439.0,15,36,24,adaptive
3034,N2C,5,12.7861,0.0,0,36,24,adaptive
3034,S2C,4,13.1258,0.0,0,36,24,adaptive
3034,E2C,19,2.7173,448.0,15,36,24,adaptive
3034,W2C,19,2.6665,454.0,15,36,24,adaptive
3035,N2C,5,12.516,0.0,0,36,24,adaptive
3035,S2C,4,12.9174,0.0,0,36,24,adaptive
3035,E2C,19,2.541,463.0,15,36,24,adaptive
3035,W2C,19,2.4785,469.0,15,36,24,adaptive
3036,N2C,4,12.7023,0.0,0,28,32,adaptive
3036,S2C,4,12.8538,0.0,0,28,32,adaptive
3036,E2C,19,2.2838,478.0,15,28,32,adaptive
3036,W2C,19,2.2075,484.0,15,28,32,adaptive
3037,N2C,4,12.3279,0.0,0,28,32,adaptive
3037,S2C,4,13.1139,0.0,0,28,32,adaptive
3037,E2C,19,2.1381,493.0,15,28,32,adaptive
3037,W2C,19,1.9301,500.0,16,28,32,adaptive
3038,N2C,4,12.448,0.0,0,28,32,adaptive
3038,S2C,4,12.8994,0.0,0,28,32,adaptive
3038,E2C,19,1.8989,509.0,16,28,32,adaptive
3038,W2C,19,1.7674,516.0,16,28,32,adaptive
3039,N2C,4,12.9327,0.0,0,28,32,adaptive
3039,S2C,5,12.6053,0.0,0,28,32,adaptive
3039,E2C,20,2.292,525.0,16,28,32,adaptive
3039,W2C,20,2.1672,532.0,16,28,32,adaptive
3040,N2C,4,12.731,0.0,0,28,32,adaptive
3040,S2C,4,12.6581,0.0,0,28,32,adaptive
3040,E2C,20,2.0039,541.0,16,28,32,adaptive
3040,W2C,20,2.0907,548.0,16,28,32,adaptive
3041,N2C,4,12.4926,0.0,0,28,32,adaptive
3041,S2C,4,12.5639,0.0,0,28,32,adaptive
3041,E2C,20,1.8573,557.0,16,28,32,adaptive
3041,W2C,20,1.8488,564.0,16,28,32,adaptive
3042,N2C,4,12.7061,0.0,0,28,32,adaptive
3042,S2C,4,12.323,0.0,0,28,32,adaptive
3042,E2C,20,1.8799,574.0,17,28,32,adaptive
3042,W2C,20,1.8198,581.0,17,28,32,adaptive
3043,N2C,4,12.7283,0.0,0,28,32,adaptive
3043,S2C,5,13.1102,0.0,0,28,32,adaptive
3043,E2C,21,2.2871,591.0,17,28,32,adaptive
3043,W2C,21,2.4376,598.0,17,28,32,adaptive
3044,N2C,4,12.3236,0.0,0,28,32,adaptive
3044,S2C,4,12.4344,0.0,0,28,32,adaptive
3044,E2C,21,2.0392,608.0,17,28,32,adaptive
3044,W2C,21,2.3842,615.0,17,28,32,adaptive
3045,N2C,4,12.4693,0.0,0,28,32,adaptive
3045,S2C,4,12.6448,0.0,0,28,32,adaptive
3045,E2C,21,1.872,625.0,17,28,32,adaptive
3045,W2C,21,2.4234,632.0,17,28,32,adaptive
3046,N2C,4,12.4672,0.0,0,28,32,adaptive
3046,S2C,4,12.55,0.0,0,28,32,adaptive
3046,E2C,21,1.8047,642.0,17,28,32,adaptive
3046,W2C,21,2.2535,649.0,17,28,32,adaptive
3047,N2C,4,12.5297,0.0,0,28,32,adaptive
3047,S2C,4,13.0704,0.0,0,28,32,adaptive
3047,E2C,21,1.5649,660.0,18,28,32,adaptive
3047,W2C,21,1.8999,666.0,17,28,32,adaptive
3048,N2C,5,12.7391,0.0,0,28,32,adaptive
3048,S2C,4,12.8272,0.0,0,28,32,adaptive
3048,E2C,22,1.8729,678.0,18,28,32,adaptive
3048,W2C,22,2.0823,683.0,17,28,32,adaptive
3049,N2C,4,12.6282,0.0,0,28,32,adaptive
3049,S2C,4,12.6091,0.0,0,28,32,adaptive
3049,E2C,22,1.6154,697.0,19,28,32,adaptive
3049,W2C,22,1.7892,700.0,17,28,32,adaptive
3050,N2C,4,12.7279,0.0,0,28,32,adaptive
3050,S2C,4,12.7658,0.0,0,28,32,adaptive
3050,E2C,22,1.6523,716.0,19,28,32,adaptive
3050,W2C,22,1.7517,718.0,18,28,32,adaptive
3051,N2C,4,12.4988,0.0,0,28,32,adaptive
3051,S2C,4,12.815,0.0,0,28,32,adaptive
3051,E2C,22,1.6648,735.0,19,28,32,adaptive
3051,W2C,22,1.778,737.0,19,28,32,adaptive
3052,N2C,5,12.785,0.0,0,28,32,adaptive
3052,S2C,4,12.4915,0.0,0,28,32,adaptive
3052,E2C,23,2.1677,754.0,19,28,32,adaptive
3052,W2C,23,2.144,756.0,19,28,32,adaptive
3053,N2C,5,12.7922,0.0,0,28,32,adaptive
3053,S2C,4,12.6046,0.0,0,28,32,adaptive
3053,E2C,23,2.1725,773.0,19,28,32,adaptive
3053,W2C,23,1.8191,775.0,19,28,32,adaptive
3054,N2C,5,12.5361,0.0,0,28,32,adaptive
3054,S2C,4,12.0106,0.0,0,28,32,adaptive
3054,E2C,23,2.036,792.0,19,28,32,adaptive
3054,W2C,23,1.663,794.0,19,28,32,adaptive
3055,N2C,4,13.2773,0.0,0,28,32,adaptive
3055,S2C,4,12.1167,0.0,0,28,32,adaptive
3055,E2C,23,1.9045,811.0,19,28,32,adaptive
3055,W2C,23,1.5554,814.0,20,28,32,adaptive
3056,N2C,4,12.624,0.0,0,28,32,adaptive
3056,S2C,4,11.9146,0.0,0,28,32,adaptive
3056,E2C,23,1.6426,830.0,19,28,32,adaptive
3056,W2C,23,1.2743,834.0,20,28,32,adaptive
3057,N2C,5,13.218,0.0,0,28,32,adaptive
3057,S2C,5,12.6569,0.0,0,28,32,adaptive
3057,E2C,24,1.9022,850.0,20,28,32,adaptive
3057,W2C,24,1.6672,854.0,20,28,32,adaptive
3058,N2C,4,12.8644,0.0,0,28,32,adaptive
3058,S2C,5,12.3152,0.0,0,28,32,adaptive
3058,E2C,24,1.6882,870.0,20,28,32,adaptive
3058,W2C,24,1.5466,874.0,20,28,32,adaptive
3059,N2C,4,12.9398,0.0,0,28,32,adaptive
3059,S2C,5,12.3016,0.0,0,28,32,adaptive
3059,E2C,24,1.666,890.0,20,28,32,adaptive
3059,W2C,24,1.6172,894.0,20,28,32,adaptive
3060,N2C,4,13.0256,0.0,0,28,32,adaptive
3060,S2C,4,12.6415,0.0,0,28,32,adaptive
3060,E2C,24,1.5119,911.0,21,28,32,adaptive
3060,W2C,24,1.5557,915.0,21,28,32,adaptive
3061,N2C,4,13.2523,0.0,0,28,32,adaptive
3061,S2C,4,12.952,0.0,0,28,32,adaptive
3061,E2C,25,1.8798,932.0,21,28,32,adaptive
3061,W2C,25,1.867,936.0,21,28,32,adaptive
3062,N2C,4,12.824,0.0,0,28,32,adaptive
3062,S2C,4,12.7591,0.0,0,28,32,adaptive
3062,E2C,25,1.6759,953.0,21,28,32,adaptive
3062,W2C,25,1.6871,957.0,21,28,32,adaptive
3063,N2C,4,13.0203,0.0,0,28,32,adaptive
3063,S2C,4,12.8459,0.0,0,28,32,adaptive
3063,E2C,25,1.514,974.0,21,28,32,adaptive
3063,W2C,25,1.5908,978.0,21,28,32,adaptive
3064,N2C,4,12.6074,0.0,0,28,32,adaptive
3064,S2C,4,13.0846,0.0,0,28,32,adaptive
3064,E2C,25,1.3305,996.0,22,28,32,adaptive
3064,W2C,25,1.5253,1000.0,22,28,32,adaptive
3065,N2C,4,12.9789,0.0,0,28,32,adaptive
3065,S2C,4,11.8634,0.0,0,28,32,adaptive
3065,E2C,25,1.2095,1018.0,22,28,32,adaptive
3065,W2C,25,1.2848,1022.0,22,28,32,adaptive
3066,N2C,5,13.1126,0.0,0,28,32,adaptive
3066,S2C,5,11.503,0.0,0,28,32,adaptive
3066,E2C,26,1.4591,1040.0,22,28,32,adaptive
3066,W2C,26,1.6125,1044.0,22,28,32,adaptive
3067,N2C,5,12.1627,0.0,0,28,32,adaptive
3067,S2C,5,10.5771,0.0,0,28,32,adaptive
3067,E2C,26,1.4525,1062.0,22,28,32,adaptive
3067,W2C,26,1.4755,1066.0,22,28,32,adaptive
3068,N2C,5,11.3338,0.0,0,28,32,adaptive
3068,S2C,5,10.033,0.0,0,28,32,adaptive
3068,E2C,24,1.4792,904.0,20,28,32,adaptive
3068,W2C,24,1.6003,907.0,20,28,32,adaptive
3069,N2C,5,10.1148,0.0,0,28,32,adaptive
3069,S2C,5,9.9021,1.0,1,28,32,adaptive
3069,E2C,24,1.474,757.0,19,28,32,adaptive
3069,W2C,24,1.4943,759.0,19,28,32,adaptive
3070,N2C,6,10.2011,1.0,1,28,32,adaptive
3070,S2C,6,10.619,2.0,1,28,32,adaptive
3070,E2C,25,1.9583,625.0,17,28,32,adaptive
3070,W2C,25,2.0112,624.0,17,28,32,adaptive
3071,N2C,6,9.5436,2.0,1,28,32,adaptive
3071,S2C,6,10.3234,3.0,1,28,32,adaptive
3071,E2C,23,2.0027,503.0,15,28,32,adaptive
3071,W2C,23,1.958,501.0,15,28,32,adaptive
3072,N2C,6,8.6885,3.0,1,28,32,adaptive
3072,S2C,6,10.2017,4.0,1,28,32,adaptive
3072,E2C,23,2.2781,396.0,13,28,32,adaptive
3072,W2C,23,2.2901,392.0,13,28,32,adaptive
3073,N2C,6,8.9269,5.0,2,28,32,adaptive
3073,S2C,6,9.6103,5.0,1,28,32,adaptive
3073,E2C,21,2.1794,299.0,11,28,32,adaptive
3073,W2C,22,2.3476,299.0,12,28,32,adaptive
3074,N2C,6,8.3831,7.0,2,28,32,adaptive
3074,S2C,6,8.395,6.0,1,28,32,adaptive
3074,E2C,21,2.4628,217.0,10,28,32,adaptive
3074,W2C,21,2.391,216.0,10,28,32,adaptive
3075,N2C,7,8.2893,9.0,2,28,32,adaptive
3075,S2C,7,8.2761,7.0,1,28,32,adaptive
3075,E2C,21,3.2758,146.0,8,28,32,adaptive
3075,W2C,22,3.2448,144.0,8,28,32,adaptive
3076,N2C,7,7.8349,11.0,2,28,32,adaptive
3076,S2C,7,7.6224,9.0,2,28,32,adaptive
3076,E2C,20,3.5512,124.0,7,28,32,adaptive
3076,W2C,20,3.3991,125.0,7,28,32,adaptive
3077,N2C,7,7.6454,14.0,3,28,32,adaptive
3077,S2C,7,7.4096,11.0,2,28,32,adaptive
3077,E2C,19,4.0572,75.0,6,28,32,adaptive
3077,W2C,20,3.9411,74.0,6,28,32,adaptive
3078,N2C,7,7.0723,17.0,3,28,32,adaptive
3078,S2C,7,6.8141,13.0,2,28,32,adaptive
3078,E2C,18,4.702,36.0,4,28,32,adaptive
3078,W2C,18,4.0229,37.0,4,28,32,adaptive
3079,N2C,8,7.1633,20.0,3,28,32,adaptive
3079,S2C,8,7.0174,16.0,3,28,32,adaptive
3079,E2C,18,5.5654,14.0,2,28,32,adaptive
3079,W2C,18,4.8605,14.0,2,28,32,adaptive
3080,N2C,8,6.6141,23.0,3,28,32,adaptive
3080,S2C,8,6.6147,19.0,3,28,32,adaptive
3080,E2C,17,6.0546,4.0,1,28,32,adaptive
3080,W2C,17,5.2689,4.0,1,28,32,adaptive
3081,N2C,8,6.451,26.0,3,28,32,adaptive
3081,S2C,8,6.22,22.0,3,28,32,adaptive
3081,E2C,16,6.3073,0.0,0,28,32,adaptive
3081,W2C,16,6.088,0.0,0,28,32,adaptive
3082,N2C,8,6.2165,30.0,4,28,32,adaptive
3082,S2C,8,6.3678,26.0,4,28,32,adaptive
3082,E2C,15,7.0043,0.0,0,28,32,adaptive
3082,W2C,15,6.6318,0.0,0,28,32,adaptive
3083,N2C,8,5.6928,34.0,4,28,32,adaptive
3083,S2C,8,6.3768,30.0,4,28,32,adaptive
3083,E2C,13,7.4818,0.0,0,28,32,adaptive
3083,W2C,14,7.1775,0.0,0,28,32,adaptive
3084,N2C,9,6.1143,38.0,4,28,32,adaptive
3084,S2C,9,7.1575,34.0,4,28,32,adaptive
3084,E2C,14,8.4888,0.0,0,28,32,adaptive
3084,W2C,14,8.3623,0.0,0,28,32,adaptive
3085,N2C,9,5.8774,42.0,4,28,32,adaptive
3085,S2C,9,6.5686,38.0,4,28,32,adaptive
3085,E2C,12,9.0615,0.0,0,28,32,adaptive
3085,W2C,13,8.9149,0.0,0,28,32,adaptive
3086,N2C,9,5.4806,47.0,5,28,32,adaptive
3086,S2C,9,6.08,42.0,4,28,32,adaptive
3086,E2C,11,10.0094,0.0,0,28,32,adaptive
3086,W2C,12,9.8761,0.0,0,28,32,adaptive
3087,N2C,9,5.2412,52.0,5,28,32,adaptive
3087,S2C,9,5.2799,46.0,4,28,32,adaptive
3087,E2C,10,10.7785,0.0,0,28,32,adaptive
3087,W2C,10,10.5572,0.0,0,28,32,adaptive
3088,N2C,10,5.5938,57.0,5,28,32,adaptive
3088,S2C,10,5.7434,50.0,4,28,32,adaptive
3088,E2C,10,11.8537,0.0,0,28,32,adaptive
3088,W2C,11,11.4271,0.0,0,28,32,adaptive
3089,N2C,10,5.2968,62.0,5,28,32,adaptive
3089,S2C,10,5.3316,55.0,5,28,32,adaptive
3089,E2C,9,12.1069,0.0,0,28,32,adaptive
3089,W2C,9,12.0313,0.0,0,28,32,adaptive
3090,N2C,10,5.3116,67.0,5,28,32,adaptive
3090,S2C,10,5.2928,61.0,6,28,32,adaptive
3090,E2C,7,11.992,0.0,0,28,32,adaptive
3090,W2C,9,11.686,0.0,0,28,32,adaptive
3091,N2C,10,4.9039,73.0,6,28,32,adaptive
3091,S2C,10,4.8844,67.0,6,28,32,adaptive
3091,E2C,7,12.1435,0.0,0,28,32,adaptive
3091,W2C,7,11.8054,0.0,0,28,32,adaptive
3092,N2C,10,4.568,79.0,6,28,32,adaptive
3092,S2C,10,4.4989,73.0,6,28,32,adaptive
3092,E2C,6,12.275,0.0,0,28,32,adaptive
3092,W2C,7,11.7549,0.0,0,28,32,adaptive
3093,N2C,11,4.9757,85.0,6,28,32,adaptive
3093,S2C,11,4.8192,79.0,6,28,32,adaptive
3093,E2C,6,12.3858,0.0,0,28,32,adaptive
3093,W2C,6,12.5451,0.0,0,28,32,adaptive
3094,N2C,11,4.689,91.0,6,28,32,adaptive
3094,S2C,11,4.7918,86.0,7,28,32,adaptive
3094,E2C,4,12.9073,0.0,0,28,32,adaptive
3094,W2C,6,12.2044,0.0,0,28,32,adaptive
3095,N2C,11,4.5584,97.0,6,28,32,adaptive
3095,S2C,11,4.3511,93.0,7,28,32,adaptive
3095,E2C,4,12.9264,0.0,0,28,32,adaptive
3095,W2C,4,12.9167,0.0,0,28,32,adaptive
3096,N2C,11,4.2097,104.0,7,28,32,adaptive
3096,S2C,11,4.0058,100.0,7,28,32,adaptive
3096,E2C,4,12.7816,0.0,0,28,32,adaptive
3096,W2C,4,12.7846,0.0,0,28,32,adaptive
3097,N2C,12,4.4144,111.0,7,28,32,adaptive
3097,S2C,12,4.3943,107.0,7,28,32,adaptive
3097,E2C,4,12.995,0.0,0,28,32,adaptive
3097,W2C,3,12.575,0.0,0,28,32,adaptive
3098,N2C,12,4.1705,118.0,7,28,32,adaptive
3098,S2C,12,4.2811,115.0,8,28,32,adaptive
3098,E2C,4,12.877,0.0,0,28,32,adaptive
3098,W2C,4,12.8808,0.0,0,28,32,adaptive
3099,N2C,12,4.0529,126.0,8,28,32,adaptive
3099,S2C,12,4.2441,123.0,8,28,32,adaptive
3099,E2C,4,13.0472,0.0,0,28,32,adaptive
3099,W2C,4,12.7296,0.0,0,28,32,adaptive
3100,N2C,12,3.5671,134.0,8,28,32,adaptive
3100,S2C,12,3.7872,131.0,8,28,32,adaptive
3100,E2C,4,12.8068,0.0,0,28,32,adaptive
3100,W2C,4,12.6773,0.0,0,28,32,adaptive
3101,N2C,10,3.7889,81.0,6,28,32,adaptive
3101,S2C,10,4.2103,80.0,6,28,32,adaptive
3101,E2C,4,12.5654,0.0,0,28,32,adaptive
3101,W2C,4,12.5741,0.0,0,28,32,adaptive
3102,N2C,11,4.9349,40.0,4,32,28,adaptive
3102,S2C,11,5.2329,41.0,4,32,28,adaptive
3102,E2C,5,12.8275,0.0,0,32,28,adaptive
3102,W2C,5,12.1433,0.0,0,32,28,adaptive
3103,N2C,11,5.0439,14.0,3,32,28,adaptive
3103,S2C,11,5.212,17.0,3,32,28,adaptive
3103,E2C,5,12.8727,0.0,0,32,28,adaptive
3103,W2C,5,11.4247,0.0,0,32,28,adaptive
3104,N2C,9,5.6374,2.0,1,32,28,adaptive
3104,S2C,10,5.6767,2.0,1,32,28,adaptive
3104,E2C,5,11.955,0.0,0,32,28,adaptive
3104,W2C,5,10.3566,0.0,0,32,28,adaptive
3105,N2C,9,6.0383,0.0,0,32,28,adaptive
3105,S2C,9,6.2765,0.0,0,32,28,adaptive
3105,E2C,5,10.7687,0.0,0,32,28,adaptive
3105,W2C,5,10.1163,0.0,0,32,28,adaptive
3106,N2C,9,7.851,0.0,0,32,28,adaptive
3106,S2C,9,7.5832,0.0,0,32,28,adaptive
3106,E2C,6,9.9871,0.0,0,32,28,adaptive
3106,W2C,5,10.3876,0.0,0,32,28,adaptive
3107,N2C,8,8.6356,0.0,0,32,28,adaptive
3107,S2C,8,8.6706,0.0,0,32,28,adaptive
3107,E2C,6,9.4635,0.0,0,32,28,adaptive
3107,W2C,6,10.2304,1.0,1,32,28,adaptive
3108,N2C,8,9.3343,0.0,0,32,28,adaptive
3108,S2C,7,9.1482,0.0,0,32,28,adaptive
3108,E2C,6,8.7493,1.0,1,32,28,adaptive
3108,W2C,6,9.6718,2.0,1,32,28,adaptive
3109,N2C,6,10.178,0.0,0,32,28,adaptive
3109,S2C,6,9.9015,0.0,0,32,28,adaptive
3109,E2C,6,8.3868,3.0,2,32,28,adaptive
3109,W2C,6,8.9282,3.0,1,32,28,adaptive
3110,N2C,6,10.9761,0.0,0,32,28,adaptive
3110,S2C,5,10.8152,0.0,0,32,28,adaptive
3110,E2C,6,7.6659,5.0,2,32,28,adaptive
3110,W2C,6,7.63,5.0,2,32,28,adaptive
3111,N2C,5,12.4896,0.0,0,32,28,adaptive
3111,S2C,5,11.9054,0.0,0,32,28,adaptive
3111,E2C,7,8.1721,7.0,2,32,28,adaptive
3111,W2C,7,7.7696,7.0,2,32,28,adaptive
3112,N2C,5,12.8585,0.0,0,32,28,adaptive
3112,S2C,5,12.119,0.0,0,32,28,adaptive
3112,E2C,7,7.5981,9.0,2,32,28,adaptive
3112,W2C,7,7.2139,9.0,2,32,28,adaptive
3113,N2C,4,12.7532,0.0,0,32,28,adaptive
3113,S2C,4,12.9221,0.0,0,32,28,adaptive
3113,E2C,7,7.3746,11.0,2,32,28,adaptive
3113,W2C,7,7.0832,11.0,2,32,28,adaptive
3114,N2C,4,13.149,0.0,0,32,28,adaptive
3114,S2C,4,12.6412,0.0,0,32,28,adaptive
3114,E2C,7,6.6635,14.0,3,32,28,adaptive
3114,W2C,7,6.8781,14.0,3,32,28,adaptive
3115,N2C,5,12.8787,0.0,0,32,28,adaptive
3115,S2C,5,12.763,0.0,0,32,28,adaptive
3115,E2C,8,7.1471,17.0,3,32,28,adaptive
3115,W2C,7,6.4627,17.0,3,32,28,adaptive
3116,N2C,5,12.7322,0.0,0,32,28,adaptive
3116,S2C,5,12.6068,0.0,0,32,28,adaptive
3116,E2C,8,6.4929,20.0,3,32,28,adaptive
3116,W2C,8,6.7879,20.0,3,32,28,adaptive
3117,N2C,5,12.6788,0.0,0,32,28,adaptive
3117,S2C,4,12.6276,0.0,0,32,28,adaptive
3117,E2C,8,6.4614,23.0,3,32,28,adaptive
3117,W2C,8,6.3406,23.0,3,32,28,adaptive
3118,N2C,4,13.4257,0.0,0,32,28,adaptive
3118,S2C,4,12.7081,0.0,0,32,28,adaptive
3118,E2C,8,6.554,26.0,3,32,28,adaptive
3118,W2C,8,5.645,26.0,3,32,28,adaptive
3119,N2C,4,12.9678,0.0,0,32,28,adaptive
3119,S2C,4,12.7798,0.0,0,32,28,adaptive
3119,E2C,8,6.1775,30.0,4,32,28,adaptive
3119,W2C,8,5.301,30.0,4,32,28,adaptive
3120,N2C,4,12.5444,0.0,0,32,28,adaptive
3120,S2C,5,13.1443,0.0,0,32,28,adaptive
3120,E2C,9,6.5674,34.0,4,32,28,adaptive
3120,W2C,9,5.7713,34.0,4,32,28,adaptive
3121,N2C,4,12.569,0.0,0,32,28,adaptive
3121,S2C,5,12.9429,0.0,0,32,28,adaptive
3121,E2C,9,5.9141,38.0,4,32,28,adaptive
3121,W2C,9,5.4745,38.0,4,32,28,adaptive
3122,N2C,4,12.7658,0.0,0,32,28,adaptive
3122,S2C,4,12.9919,0.0,0,32,28,adaptive
3122,E2C,9,5.8125,42.0,4,32,28,adaptive
3122,W2C,9,5.4053,43.0,5,32,28,adaptive
3123,N2C,4,12.554,0.0,0,32,28,adaptive
3123,S2C,4,13.274,0.0,0,32,28,adaptive
3123,E2C,9,5.4783,47.0,5,32,28,adaptive
3123,W2C,9,5.2815,48.0,5,32,28,adaptive
3124,N2C,4,12.5851,0.0,0,32,28,adaptive
3124,S2C,4,13.4348,0.0,0,32,28,adaptive
3124,E2C,10,6.2071,52.0,5,32,28,adaptive
3124,W2C,10,6.0983,53.0,5,32,28,adaptive
3125,N2C,4,12.7094,0.0,0,32,28,adaptive
3125,S2C,4,12.7938,0.0,0,32,28,adaptive
3125,E2C,10,5.5024,57.0,5,32,28,adaptive
3125,W2C,10,6.1888,58.0,5,32,28,adaptive
3126,N2C,4,12.3817,0.0,0,32,28,adaptive
3126,S2C,4,13.0537,0.0,0,32,28,adaptive
3126,E2C,10,5.53,62.0,5,32,28,adaptive
3126,W2C,10,6.0702,63.0,5,32,28,adaptive
3127,N2C,4,12.6969,0.0,0,32,28,adaptive
3127,S2C,4,13.0217,0.0,0,32,28,adaptive
3127,E2C,10,4.8469,68.0,6,32,28,adaptive
3127,W2C,10,5.5654,68.0,5,32,28,adaptive
3128,N2C,4,12.3498,0.0,0,32,28,adaptive
3128,S2C,4,13.0252,0.0,0,32,28,adaptive
3128,E2C,10,4.5072,74.0,6,32,28,adaptive
3128,W2C,10,5.7102,73.0,5,32,28,adaptive
3129,N2C,4,12.5996,0.0,0,32,28,adaptive
3129,S2C,4,13.1011,0.0,0,32,28,adaptive
3129,E2C,11,4.6833,80.0,6,32,28,adaptive
3129,W2C,11,5.7409,78.0,5,32,28,adaptive
3130,N2C,4,12.2857,0.0,0,32,28,adaptive
3130,S2C,4,12.7137,0.0,0,32,28,adaptive
3130,E2C,11,4.4259,87.0,7,32,28,adaptive
3130,W2C,11,5.3163,83.0,5,32,28,adaptive
3131,N2C,4,12.7651,0.0,0,32,28,adaptive
3131,S2C,4,12.5517,0.0,0,32,28,adaptive
3131,E2C,11,4.1629,94.0,7,32,28,adaptive
3131,W2C,11,4.8344,88.0,5,32,28,adaptive
3132,N2C,4,12.8754,0.0,0,32,28,adaptive
3132,S2C,4,12.7573,0.0,0,32,28,adaptive
3132,E2C,11,3.672,101.0,7,32,28,adaptive
3132,W2C,11,4.7405,94.0,6,32,28,adaptive
3133,N2C,5,12.6478,0.0,0,32,28,adaptive
3133,S2C,5,12.8757,0.0,0,32,28,adaptive
3133,E2C,12,4.2647,108.0,7,32,28,adaptive
3133,W2C,12,5.0541,101.0,7,32,28,adaptive
3134,N2C,4,12.5726,0.0,0,32,28,adaptive
3134,S2C,4,13.1932,0.0,0,32,28,adaptive
3134,E2C,12,4.1481,116.0,8,32,28,adaptive
3134,W2C,12,4.7482,108.0,7,32,28,adaptive
3135,N2C,4,12.7013,0.0,0,32,28,adaptive
3135,S2C,4,13.3802,0.0,0,32,28,adaptive
3135,E2C,12,3.9333,124.0,8,32,28,adaptive
3135,W2C,12,4.2817,115.0,7,32,28,adaptive
3136,N2C,4,12.7615,0.0,0,32,28,adaptive
3136,S2C,4,13.0757,0.0,0,32,28,adaptive
3136,E2C,12,3.7156,132.0,8,32,28,adaptive
3136,W2C,12,3.7053,123.0,8,32,28,adaptive
3137,N2C,4,12.77,0.0,0,32,28,adaptive
3137,S2C,4,12.4921,0.0,0,32,28,adaptive
3137,E2C,12,3.2246,140.0,8,32,28,adaptive
3137,W2C,12,3.2903,131.0,8,32,28,adaptive
3138,N2C,5,12.8552,0.0,0,32,28,adaptive
3138,S2C,5,11.6516,0.0,0,32,28,adaptive
3138,E2C,11,4.4675,88.0,7,32,28,adaptive
3138,W2C,11,4.738,79.0,7,32,28,adaptive
3139,N2C,5,12.6312,0.0,0,32,28,adaptive
3139,S2C,5,10.9924,0.0,0,32,28,adaptive
3139,E2C,11,4.479,48.0,5,32,28,adaptive
3139,W2C,11,5.1003,39.0,5,32,28,adaptive
3140,N2C,5,12.5671,0.0,0,32,28,adaptive
3140,S2C,5,10.0921,0.0,0,32,28,adaptive
3140,E2C,11,4.6839,21.0,3,32,28,adaptive
3140,W2C,11,5.3266,16.0,3,32,28,adaptive
3141,N2C,5,12.4407,0.0,0,32,28,adaptive
3141,S2C,5,9.8764,1.0,1,32,28,adaptive
3141,E2C,9,4.9653,4.0,1,32,28,adaptive
3141,W2C,9,5.9042,4.0,1,32,28,adaptive
3142,N2C,6,10.7915,0.0,0,32,28,adaptive
3142,S2C,6,9.7337,2.0,1,32,28,adaptive
3142,E2C,10,6.2736,0.0,0,32,28,adaptive
3142,W2C,10,7.2604,0.0,0,32,28,adaptive
3143,N2C,6,9.6941,0.0,0,32,28,adaptive
3143,S2C,6,9.1102,3.0,1,32,28,adaptive
3143,E2C,10,7.3013,0.0,0,32,28,adaptive
3143,W2C,9,8.0343,0.0,0,32,28,adaptive
3144,N2C,6,9.0088,0.0,0,32,28,adaptive
3144,S2C,6,8.6561,4.0,1,32,28,adaptive
3144,E2C,8,8.3803,0.0,0,32,28,adaptive
3144,W2C,8,8.7687,0.0,0,32,28,adaptive
3145,N2C,6,8.8826,1.0,1,32,28,adaptive
3145,S2C,6,8.5949,6.0,2,32,28,adaptive
3145,E2C,8,9.076,0.0,0,32,28,adaptive
3145,W2C,8,8.9219,0.0,0,32,28,adaptive
3146,N2C,6,8.2698,3.0,2,32,28,adaptive
3146,S2C,6,8.7534,8.0,2,32,28,adaptive
3146,E2C,6,10.567,0.0,0,32,28,adaptive
3146,W2C,6,9.629,0.0,0,32,28,adaptive
3147,N2C,7,8.1184,5.0,2,32,28,adaptive
3147,S2C,7,8.9983,10.0,2,32,28,adaptive
3147,E2C,7,11.5262,0.0,0,32,28,adaptive
3147,W2C,7,10.945,0.0,0,32,28,adaptive
3148,N2C,7,7.514,7.0,2,32,28,adaptive
3148,S2C,7,8.5709,12.0,2,32,28,adaptive
3148,E2C,5,12.2488,0.0,0,32,28,adaptive
3148,W2C,5,12.0437,0.0,0,32,28,adaptive
3149,N2C,7,7.3479,9.0,2,32,28,adaptive
3149,S2C,7,7.3049,14.0,2,32,28,adaptive
3149,E2C,5,12.7153,0.0,0,32,28,adaptive
3149,W2C,5,12.2099,0.0,0,32,28,adaptive
3150,N2C,7,6.7081,11.0,2,32,28,adaptive
3150,S2C,7,7.0913,16.0,2,32,28,adaptive
3150,E2C,5,12.5166,0.0,0,32,28,adaptive
3150,W2C,4,13.1785,0.0,0,32,28,adaptive
3151,N2C,8,6.9998,14.0,3,32,28,adaptive
3151,S2C,8,6.9829,18.0,2,32,28,adaptive
3151,E2C,5,12.615,0.0,0,32,28,adaptive
3151,W2C,4,13.0655,0.0,0,32,28,adaptive
3152,N2C,8,6.4746,17.0,3,32,28,adaptive
3152,S2C,8,6.7164,21.0,3,32,28,adaptive
3152,E2C,5,12.4926,0.0,0,32,28,adaptive
3152,W2C,4,12.7443,0.0,0,32,28,adaptive
3153,N2C,8,6.2245,21.0,4,32,28,adaptive
3153,S2C,8,6.5309,24.0,3,32,28,adaptive
3153,E2C,4,13.3304,0.0,0,32,28,adaptive
3153,W2C,4,12.7725,0.0,0,32,28,adaptive
3154,N2C,8,5.941,25.0,4,32,28,adaptive
3154,S2C,8,6.2889,27.0,3,32,28,adaptive
3154,E2C,4,12.8831,0.0,0,32,28,adaptive
3154,W2C,4,12.9208,0.0,0,32,28,adaptive
3155,N2C,8,5.3662,29.0,4,32,28,adaptive
3155,S2C,8,5.9125,31.0,4,32,28,adaptive
3155,E2C,4,12.9909,0.0,0,32,28,adaptive
3155,W2C,4,12.7917,0.0,0,32,28,adaptive
3156,N2C,9,6.1246,33.0,4,32,28,adaptive
3156,S2C,9,6.0429,35.0,4,32,28,adaptive
3156,E2C,4,12.8538,0.0,0,32,28,adaptive
3156,W2C,4,12.307,0.0,0,32,28,adaptive
3157,N2C,9,5.7035,37.0,4,32,28,adaptive
3157,S2C,9,5.5443,39.0,4,32,28,adaptive
3157,E2C,4,12.9655,0.0,0,32,28,adaptive
3157,W2C,4,12.2391,0.0,0,32,28,adaptive
3158,N2C,9,5.4216,41.0,4,32,28,adaptive
3158,S2C,9,5.0361,43.0,4,32,28,adaptive
3158,E2C,4,13.1872,0.0,0,32,28,adaptive
3158,W2C,4,12.0111,0.0,0,32,28,adaptive
3159,N2C,9,4.6978,46.0,5,32,28,adaptive
3159,S2C,9,4.5275,48.0,5,32,28,adaptive
3159,E2C,4,13.0369,0.0,0,32,28,adaptive
3159,W2C,4,11.9632,0.0,0,32,28,adaptive
3160,N2C,10,5.4726,51.0,5,32,28,adaptive
3160,S2C,10,5.0934,53.0,5,32,28,adaptive
3160,E2C,4,12.9302,0.0,0,32,28,adaptive
3160,W2C,4,11.8822,0.0,0,32,28,adaptive
3161,N2C,10,5.0723,56.0,5,32,28,adaptive
3161,S2C,10,4.7026,58.0,5,32,28,adaptive
3161,E2C,4,13.2771,0.0,0,32,28,adaptive
3161,W2C,4,11.9254,0.0,0,32,28,adaptive
3162,N2C,10,4.9188,61.0,5,32,28,adaptive
3162,S2C,10,4.7023,64.0,6,32,28,adaptive
3162,E2C,4,12.9585,0.0,0,32,28,adaptive
3162,W2C,4,11.6551,0.0,0,32,28,adaptive
3163,N2C,10,5.1098,66.0,5,32,28,adaptive
3163,S2C,10,4.3355,70.0,6,32,28,adaptive
3163,E2C,4,13.2946,0.0,0,32,28,adaptive
3163,W2C,4,11.2286,0.0,0,32,28,adaptive
3164,N2C,10,4.9706,72.0,6,32,28,adaptive
3164,S2C,10,3.7624,76.0,6,32,28,adaptive
3164,E2C,4,12.9418,0.0,0,32,28,adaptive
3164,W2C,4,11.653,0.0,0,32,28,adaptive
3165,N2C,11,5.1899,78.0,6,32,28,adaptive
3165,S2C,11,4.2925,82.0,6,32,28,adaptive
3165,E2C,4,13.0075,0.0,0,32,28,adaptive
3165,W2C,5,12.0182,0.0,0,32,28,adaptive
3166,N2C,11,4.9421,84.0,6,32,28,adaptive
3166,S2C,11,4.2876,89.0,7,32,28,adaptive
3166,E2C,4,12.9551,0.0,0,32,28,adaptive
3166,W2C,5,11.9078,0.0,0,32,28,adaptive
3167,N2C,11,4.5667,90.0,6,32,28,adaptive
3167,S2C,11,4.2902,96.0,7,32,28,adaptive
3167,E2C,4,13.0072,0.0,0,32,28,adaptive
3167,W2C,4,11.6476,0.0,0,32,28,adaptive
3168,N2C,11,4.4023,96.0,6,36,24,adaptive
3168,S2C,11,4.2002,103.0,7,36,24,adaptive
3168,E2C,4,12.9969,0.0,0,36,24,adaptive
3168,W2C,4,12.0144,0.0,0,36,24,adaptive
3169,N2C,12,4.7868,103.0,7,36,24,adaptive
3169,S2C,12,5.0264,110.0,7,36,24,adaptive
3169,E2C,5,12.5567,0.0,0,36,24,adaptive
3169,W2C,5,11.9156,0.0,0,36,24,adaptive
3170,N2C,12,4.3382,110.0,7,36,24,adaptive
3170,S2C,12,4.8449,117.0,7,36,24,adaptive
3170,E2C,5,11.6937,0.0,0,36,24,adaptive
3170,W2C,5,11.1142,0.0,0,36,24,adaptive
3171,N2C,12,4.0244,117.0,7,36,24,adaptive
3171,S2C,12,4.3985,124.0,7,36,24,adaptive
3171,E2C,5,10.8108,0.0,0,36,24,adaptive
3171,W2C,5,10.0206,0.0,0,36,24,adaptive
3172,N2C,12,3.7139,125.0,8,36,24,adaptive
3172,S2C,12,4.1637,131.0,7,36,24,adaptive
3172,E2C,5,10.1037,0.0,0,36,24,adaptive
3172,W2C,5,9.6994,0.0,0,36,24,adaptive
3173,N2C,12,3.2901,133.0,8,36,24,adaptive
3173,S2C,12,4.0568,139.0,8,36,24,adaptive
3173,E2C,5,9.9616,1.0,1,36,24,adaptive
3173,W2C,5,9.784,1.0,1,36,24,adaptive
3174,N2C,13,3.8818,141.0,8,36,24,adaptive
3174,S2C,13,4.8058,147.0,8,36,24,adaptive
3174,E2C,6,9.8524,2.0,1,36,24,adaptive
3174,W2C,6,10.0849,2.0,1,36,24,adaptive
3175,N2C,13,3.8015,150.0,9,36,24,adaptive
3175,S2C,13,4.4476,155.0,8,36,24,adaptive
3175,E2C,6,8.9418,3.0,1,36,24,adaptive
3175,W2C,6,10.1424,3.0,1,36,24,adaptive
3176,N2C,13,3.4305,159.0,9,36,24,adaptive
3176,S2C,13,3.8819,163.0,8,36,24,adaptive
3176,E2C,6,8.5092,4.0,1,36,24,adaptive
3176,W2C,6,10.1831,4.0,1,36,24,adaptive
3177,N2C,13,3.0706,168.0,9,36,24,adaptive
3177,S2C,13,3.7624,171.0,8,36,24,adaptive
3177,E2C,6,7.8275,5.0,1,36,24,adaptive
3177,W2C,6,10.2141,5.0,1,36,24,adaptive
3178,N2C,14,3.6501,178.0,10,36,24,adaptive
3178,S2C,14,3.9783,179.0,8,36,24,adaptive
3178,E2C,7,8.1613,6.0,1,36,24,adaptive
3178,W2C,7,10.2386,6.0,1,36,24,adaptive
3179,N2C,14,3.5095,188.0,10,36,24,adaptive
3179,S2C,14,3.7246,188.0,9,36,24,adaptive
3179,E2C,7,7.4586,8.0,2,36,24,adaptive
3179,W2C,7,9.4274,7.0,1,36,24,adaptive
3180,N2C,14,3.4463,198.0,10,36,24,adaptive
3180,S2C,14,3.6618,197.0,9,36,24,adaptive
3180,E2C,7,7.4543,10.0,2,36,24,adaptive
3180,W2C,7,8.7561,8.0,1,36,24,adaptive
3181,N2C,14,3.4952,208.0,10,36,24,adaptive
3181,S2C,14,3.3837,207.0,10,36,24,adaptive
3181,E2C,7,7.242,12.0,2,36,24,adaptive
3181,W2C,7,8.0031,9.0,1,36,24,adaptive
3182,N2C,14,3.3662,218.0,10,36,24,adaptive
3182,S2C,14,3.0786,217.0,10,36,24,adaptive
3182,E2C,7,6.7707,14.0,2,36,24,adaptive
3182,W2C,7,7.1337,11.0,2,36,24,adaptive
3183,N2C,15,3.8815,228.0,10,36,24,adaptive
3183,S2C,15,3.3263,227.0,10,36,24,adaptive
3183,E2C,8,7.2548,17.0,3,36,24,adaptive
3183,W2C,8,7.7437,14.0,3,36,24,adaptive
3184,N2C,15,3.4777,238.0,10,36,24,adaptive
3184,S2C,15,3.0113,238.0,11,36,24,adaptive
3184,E2C,8,6.5218,20.0,3,36,24,adaptive
3184,W2C,8,7.2785,17.0,3,36,24,adaptive
3185,N2C,15,3.0684,248.0,10,36,24,adaptive
3185,S2C,15,2.7679,249.0,11,36,24,adaptive
3185,E2C,8,6.4329,23.0,3,36,24,adaptive
3185,W2C,8,6.5275,20.0,3,36,24,adaptive
3186,N2C,15,2.8274,259.0,11,36,24,adaptive
3186,S2C,15,2.5735,260.0,11,36,24,adaptive
3186,E2C,8,6.427,27.0,4,36,24,adaptive
3186,W2C,8,5.7922,24.0,4,36,24,adaptive
3187,N2C,16,3.1858,270.0,11,36,24,adaptive
3187,S2C,16,3.1409,271.0,11,36,24,adaptive
3187,E2C,9,7.1272,31.0,4,36,24,adaptive
3187,W2C,9,6.1321,28.0,4,36,24,adaptive
3188,N2C,16,3.1993,282.0,12,36,24,adaptive
3188,S2C,16,2.853,283.0,12,36,24,adaptive
3188,E2C,9,6.5608,35.0,4,36,24,adaptive
3188,W2C,9,6.0612,32.0,4,36,24,adaptive
3189,N2C,16,3.0265,294.0,12,36,24,adaptive
3189,S2C,16,2.6847,295.0,12,36,24,adaptive
3189,E2C,9,6.3299,39.0,4,36,24,adaptive
3189,W2C,9,6.0504,37.0,5,36,24,adaptive
3190,N2C,16,2.8846,306.0,12,36,24,adaptive
3190,S2C,16,2.4871,307.0,12,36,24,adaptive
3190,E2C,9,5.5085,43.0,4,36,24,adaptive
3190,W2C,9,5.601,42.0,5,36,24,adaptive
3191,N2C,16,2.5258,318.0,12,36,24,adaptive
3191,S2C,16,2.2741,319.0,12,36,24,adaptive
3191,E2C,9,5.3431,48.0,5,36,24,adaptive
3191,W2C,9,5.0877,47.0,5,36,24,adaptive
3192,N2C,17,2.9946,330.0,12,36,24,adaptive
3192,S2C,17,3.0231,331.0,12,36,24,adaptive
3192,E2C,10,5.8013,53.0,5,36,24,adaptive
3192,W2C,10,5.5436,52.0,5,36,24,adaptive
3193,N2C,17,2.6922,342.0,12,36,24,adaptive
3193,S2C,17,2.9238,344.0,13,36,24,adaptive
3193,E2C,10,5.2855,58.0,5,36,24,adaptive
3193,W2C,10,5.2539,57.0,5,36,24,adaptive
3194,N2C,17,2.4475,355.0,13,36,24,adaptive
3194,S2C,17,2.6758,357.0,13,36,24,adaptive
3194,E2C,10,5.0771,63.0,5,36,24,adaptive
3194,W2C,10,4.8546,63.0,6,36,24,adaptive
3195,N2C,17,2.2567,368.0,13,36,24,adaptive
3195,S2C,17,2.4624,370.0,13,36,24,adaptive
3195,E2C,10,4.517,69.0,6,36,24,adaptive
3195,W2C,10,4.4544,69.0,6,36,24,adaptive
3196,N2C,18,2.7121,382.0,14,36,24,adaptive
3196,S2C,18,2.9116,383.0,13,36,24,adaptive
3196,E2C,11,5.0917,75.0,6,36,24,adaptive
3196,W2C,11,4.9353,75.0,6,36,24,adaptive
3197,N2C,18,2.546,396.0,14,36,24,adaptive
3197,S2C,18,2.8147,396.0,13,36,24,adaptive
3197,E2C,11,4.8505,81.0,6,36,24,adaptive
3197,W2C,11,4.8259,81.0,6,36,24,adaptive
3198,N2C,18,2.2554,410.0,14,36,24,adaptive
3198,S2C,18,2.7348,410.0,14,36,24,adaptive
3198,E2C,11,4.7283,88.0,7,36,24,adaptive
3198,W2C,11,4.8033,88.0,7,36,24,adaptive
3199,N2C,18,1.9826,424.0,14,36,24,adaptive
3199,S2C,18,2.4642,424.0,14,36,24,adaptive
3199,E2C,11,4.3666,95.0,7,36,24,adaptive
3199,W2C,11,4.4685,95.0,7,36,24,adaptive
3200,N2C,18,1.9744,439.0,15,36,24,adaptive
3200,S2C,18,2.2463,438.0,14,36,24,adaptive
3200,E2C,11,4.1229,102.0,7,36,24,adaptive
3200,W2C,11,4.1716,102.0,7,36,24,adaptive
3201,N2C,19,2.6744,454.0,15,36,24,adaptive
3201,S2C,19,2.7749,452.0,14,36,24,adaptive
3201,E2C,12,4.3996,109.0,7,36,24,adaptive
3201,W2C,12,4.4267,109.0,7,36,24,adaptive
3202,N2C,19,2.4484,469.0,15,36,24,adaptive
3202,S2C,19,2.4214,467.0,15,36,24,adaptive
3202,E2C,12,4.2336,117.0,8,36,24,adaptive
3202,W2C,12,4.1248,116.0,7,36,24,adaptive
3203,N2C,19,2.2448,484.0,15,36,24,adaptive
3203,S2C,19,2.1748,482.0,15,36,24,adaptive
3203,E2C,12,3.8374,125.0,8,36,24,adaptive
3203,W2C,12,3.6544,124.0,8,36,24,adaptive
3204,N2C,19,2.0076,499.0,15,36,24,adaptive
3204,S2C,19,2.0823,498.0,16,36,24,adaptive
3204,E2C,12,3.3661,133.0,8,36,24,adaptive
3204,W2C,12,3.4517,132.0,8,36,24,adaptive
3205,N2C,18,2.6397,393.0,13,36,24,adaptive
3205,S2C,18,2.6462,388.0,14,36,24,adaptive
3205,E2C,13,3.9881,141.0,8,36,24,adaptive
3205,W2C,13,4.0974,140.0,8,36,24,adaptive
3206,N2C,18,2.6251,297.0,12,36,24,adaptive
3206,S2C,18,2.5306,295.0,12,36,24,adaptive
3206,E2C,13,3.9603,150.0,9,36,24,adaptive
3206,W2C,13,4.0266,148.0,8,36,24,adaptive
3207,N2C,18,2.6251,216.0,10,36,24,adaptive
3207,S2C,18,2.6301,212.0,10,36,24,adaptive
3207,E2C,13,3.7382,159.0,9,36,24,adaptive
3207,W2C,13,3.9059,157.0,9,36,24,adaptive
3208,N2C,16,2.7789,149.0,8,36,24,adaptive
3208,S2C,16,2.7303,144.0,9,36,24,adaptive
3208,E2C,13,3.4832,168.0,9,36,24,adaptive
3208,W2C,13,3.5613,166.0,9,36,24,adaptive
3209,N2C,16,3.3436,91.0,7,36,24,adaptive
3209,S2C,16,3.0237,93.0,7,36,24,adaptive
3209,E2C,13,3.0697,177.0,9,36,24,adaptive
3209,W2C,13,3.2348,175.0,9,36,24,adaptive
3210,N2C,16,4.2238,50.0,5,36,24,adaptive
3210,S2C,16,3.5804,50.0,5,36,24,adaptive
3210,E2C,14,3.6661,186.0,9,36,24,adaptive
3210,W2C,14,3.6455,184.0,9,36,24,adaptive
3211,N2C,15,4.6646,21.0,3,36,24,adaptive
3211,S2C,15,3.9611,22.0,3,36,24,adaptive
3211,E2C,14,3.1946,195.0,9,36,24,adaptive
3211,W2C,14,3.3432,194.0,10,36,24,adaptive
3212,N2C,14,5.3021,4.0,1,36,24,adaptive
3212,S2C,15,4.536,5.0,1,36,24,adaptive
3212,E2C,14,3.0012,205.0,10,36,24,adaptive
3212,W2C,14,3.0504,204.0,10,36,24,adaptive
3213,N2C,13,5.8013,0.0,0,36,24,adaptive
3213,S2C,13,4.8576,0.0,0,36,24,adaptive
3213,E2C,14,2.698,215.0,10,36,24,adaptive
3213,W2C,14,2.8082,214.0,10,36,24,adaptive
3214,N2C,13,6.3452,0.0,0,36,24,adaptive
3214,S2C,13,5.9404,0.0,0,36,24,adaptive
3214,E2C,15,3.2993,226.0,11,36,24,adaptive
3214,W2C,15,3.4332,224.0,10,36,24,adaptive
3215,N2C,12,6.8044,0.0,0,36,24,adaptive
3215,S2C,12,6.4472,0.0,0,36,24,adaptive
3215,E2C,15,3.2112,237.0,11,36,24,adaptive
3215,W2C,15,3.4937,235.0,11,36,24,adaptive
3216,N2C,11,7.2671,0.0,0,36,24,adaptive
3216,S2C,11,6.829,0.0,0,36,24,adaptive
3216,E2C,15,3.2529,248.0,11,36,24,adaptive
3216,W2C,15,3.4566,246.0,11,36,24,adaptive
3217,N2C,10,8.1755,0.0,0,36,24,adaptive
3217,S2C,10,7.5053,0.0,0,36,24,adaptive
3217,E2C,15,3.2077,259.0,11,36,24,adaptive
3217,W2C,15,3.3362,257.0,11,36,24,adaptive
3218,N2C,9,8.8523,0.0,0,36,24,adaptive
3218,S2C,10,8.8987,0.0,0,36,24,adaptive
3218,E2C,15,2.9375,270.0,11,36,24,adaptive
3218,W2C,15,3.0444,268.0,11,36,24,adaptive
3219,N2C,9,10.2103,0.0,0,36,24,adaptive
3219,S2C,9,10.2073,0.0,0,36,24,adaptive
3219,E2C,16,3.2636,281.0,11,36,24,adaptive
3219,W2C,16,3.1714,279.0,11,36,24,adaptive
3220,N2C,8,10.9212,0.0,0,36,24,adaptive
3220,S2C,8,10.8944,0.0,0,36,24,adaptive
3220,E2C,16,2.9021,292.0,11,36,24,adaptive
3220,W2C,16,2.9051,290.0,11,36,24,adaptive
3221,N2C,7,11.5557,0.0,0,36,24,adaptive
3221,S2C,7,11.4463,0.0,0,36,24,adaptive
3221,E2C,16,2.5817,304.0,12,36,24,adaptive
3221,W2C,16,2.6767,301.0,11,36,24,adaptive
3222,N2C,5,11.8289,0.0,0,36,24,adaptive
3222,S2C,6,11.8722,0.0,0,36,24,adaptive
3222,E2C,16,2.3472,316.0,12,36,24,adaptive
3222,W2C,16,2.449,314.0,13,36,24,adaptive
3223,N2C,6,11.7756,0.0,0,36,24,adaptive
3223,S2C,6,12.3956,0.0,0,36,24,adaptive
3223,E2C,17,2.9725,328.0,12,36,24,adaptive
3223,W2C,17,3.1657,327.0,13,36,24,adaptive
3224,N2C,4,11.8687,0.0,0,36,24,adaptive
3224,S2C,6,12.511,0.0,0,36,24,adaptive
3224,E2C,17,2.9378,341.0,13,36,24,adaptive
3224,W2C,17,2.966,340.0,13,36,24,adaptive
3225,N2C,4,11.4893,0.0,0,36,24,adaptive
3225,S2C,5,12.2028,0.0,0,36,24,adaptive
3225,E2C,17,2.6796,354.0,13,36,24,adaptive
3225,W2C,17,2.7773,353.0,13,36,24,adaptive
3226,N2C,4,11.9639,0.0,0,36,24,adaptive
3226,S2C,5,12.2574,0.0,0,36,24,adaptive
3226,E2C,17,2.3908,367.0,13,36,24,adaptive
3226,W2C,17,2.4391,366.0,13,36,24,adaptive
3227,N2C,4,11.3532,0.0,0,36,24,adaptive
3227,S2C,5,12.116,0.0,0,36,24,adaptive
3227,E2C,17,2.2397,380.0,13,36,24,adaptive
3227,W2C,17,2.311,379.0,13,36,24,adaptive
3228,N2C,5,12.1772,0.0,0,36,24,adaptive
3228,S2C,6,12.6312,0.0,0,36,24,adaptive
3228,E2C,18,2.9104,393.0,13,36,24,adaptive
3228,W2C,18,2.6492,393.0,14,36,24,adaptive
3229,N2C,5,12.1639,0.0,0,36,24,adaptive
3229,S2C,5,12.8529,0.0,0,36,24,adaptive
3229,E2C,18,2.8753,407.0,14,36,24,adaptive
3229,W2C,18,2.4618,407.0,14,36,24,adaptive
3230,N2C,5,11.8737,0.0,0,36,24,adaptive
3230,S2C,5,12.9933,0.0,0,36,24,adaptive
3230,E2C,18,2.7171,421.0,14,36,24,adaptive
3230,W2C,18,2.1679,421.0,14,36,24,adaptive
3231,N2C,4,12.1552,0.0,0,36,24,adaptive
3231,S2C,4,13.6352,0.0,0,36,24,adaptive
3231,E2C,18,2.5016,435.0,14,36,24,adaptive
3231,W2C,18,2.121,435.0,14,36,24,adaptive
3232,N2C,4,11.9373,0.0,0,36,24,adaptive
3232,S2C,4,13.0713,0.0,0,36,24,adaptive
3232,E2C,19,2.8055,449.0,14,36,24,adaptive
3232,W2C,19,2.6111,450.0,15,36,24,adaptive
3233,N2C,4,12.0892,0.0,0,36,24,adaptive
3233,S2C,4,13.1863,0.0,0,36,24,adaptive
3233,E2C,19,2.5836,463.0,14,36,24,adaptive
3233,W2C,19,2.3821,465.0,15,36,24,adaptive
3234,N2C,5,11.756,0.0,0,29,31,adaptive
3234,S2C,4,12.9749,0.0,0,29,31,adaptive
3234,E2C,19,2.4248,477.0,14,29,31,adaptive
3234,W2C,19,2.1959,480.0,15,29,31,adaptive
3235,N2C,5,11.4778,0.0,0,29,31,adaptive
3235,S2C,4,13.0645,0.0,0,29,31,adaptive
3235,E2C,19,2.1061,491.0,14,29,31,adaptive
3235,W2C,19,1.8837,495.0,15,29,31,adaptive
3236,N2C,5,11.9482,0.0,0,29,31,adaptive
3236,S2C,4,13.271,0.0,0,29,31,adaptive
3236,E2C,19,1.9077,507.0,16,29,31,adaptive
3236,W2C,19,1.8413,511.0,16,29,31,adaptive
3237,N2C,5,12.2566,0.0,0,29,31,adaptive
3237,S2C,3,13.3643,0.0,0,29,31,adaptive
3237,E2C,20,2.1557,523.0,16,29,31,adaptive
3237,W2C,20,2.1767,527.0,16,29,31,adaptive
3238,N2C,5,11.9376,0.0,0,29,31,adaptive
3238,S2C,4,12.6639,0.0,0,29,31,adaptive
3238,E2C,20,1.8668,539.0,16,29,31,adaptive
3238,W2C,20,1.9261,543.0,16,29,31,adaptive
3239,N2C,5,11.9063,0.0,0,29,31,adaptive
3239,S2C,4,13.0167,0.0,0,29,31,adaptive
3239,E2C,20,1.7741,555.0,16,29,31,adaptive
3239,W2C,20,1.9059,559.0,16,29,31,adaptive
3240,N2C,4,12.3426,0.0,0,29,31,adaptive
3240,S2C,4,12.8199,0.0,0,29,31,adaptive
3240,E2C,20,1.8826,572.0,17,29,31,adaptive
3240,W2C,20,1.7804,575.0,16,29,31,adaptive
3241,N2C,4,12.4289,0.0,0,29,31,adaptive
3241,S2C,4,12.6232,0.0,0,29,31,adaptive
3241,E2C,21,2.2576,589.0,17,29,31,adaptive
3241,W2C,21,2.3504,592.0,17,29,31,adaptive
3242,N2C,4,11.9283,0.0,0,29,31,adaptive
3242,S2C,4,12.8201,0.0,0,29,31,adaptive
3242,E2C,21,2.0497,606.0,17,29,31,adaptive
3242,W2C,21,2.2144,609.0,17,29,31,adaptive
3243,N2C,4,12.2552,0.0,0,29,31,adaptive
3243,S2C,4,12.9782,0.0,0,29,31,adaptive
3243,E2C,21,1.837,623.0,17,29,31,adaptive
3243,W2C,21,2.0285,626.0,17,29,31,adaptive
3244,N2C,4,12.1591,0.0,0,29,31,adaptive
3244,S2C,4,12.8923,0.0,0,29,31,adaptive
3244,E2C,21,1.7018,640.0,17,29,31,adaptive
3244,W2C,21,1.8416,643.0,17,29,31,adaptive
3245,N2C,4,12.2956,0.0,0,29,31,adaptive
3245,S2C,4,12.6192,0.0,0,29,31,adaptive
3245,E2C,21,1.4635,658.0,18,29,31,adaptive
3245,W2C,21,1.6808,661.0,18,29,31,adaptive
3246,N2C,5,11.9144,0.0,0,29,31,adaptive
3246,S2C,4,12.5932,0.0,0,29,31,adaptive
3246,E2C,22,1.8372,676.0,18,29,31,adaptive
3246,W2C,22,2.2536,679.0,18,29,31,adaptive
3247,N2C,5,11.8291,0.0,0,29,31,adaptive
3247,S2C,4,12.4679,0.0,0,29,31,adaptive
3247,E2C,22,1.6454,694.0,18,29,31,adaptive
3247,W2C,22,2.0198,697.0,18,29,31,adaptive
3248,N2C,4,11.9094,0.0,0,29,31,adaptive
3248,S2C,4,12.1759,0.0,0,29,31,adaptive
3248,E2C,22,1.7093,713.0,19,29,31,adaptive
3248,W2C,22,1.8903,715.0,18,29,31,adaptive
3249,N2C,4,11.6965,0.0,0,29,31,adaptive
3249,S2C,4,12.2373,0.0,0,29,31,adaptive
3249,E2C,22,1.6505,732.0,19,29,31,adaptive
3249,W2C,22,1.7628,733.0,18,29,31,adaptive
3250,N2C,5,11.7536,0.0,0,29,31,adaptive
3250,S2C,5,11.9085,0.0,0,29,31,adaptive
3250,E2C,23,2.1274,751.0,19,29,31,adaptive
3250,W2C,23,2.1215,751.0,18,29,31,adaptive
3251,N2C,5,11.5213,0.0,0,29,31,adaptive
3251,S2C,4,11.9589,0.0,0,29,31,adaptive
3251,E2C,23,2.1064,770.0,19,29,31,adaptive
3251,W2C,23,2.0154,770.0,19,29,31,adaptive
3252,N2C,5,11.6077,0.0,0,29,31,adaptive
3252,S2C,4,11.8658,0.0,0,29,31,adaptive
3252,E2C,23,2.073,789.0,19,29,31,adaptive
3252,W2C,23,1.8141,789.0,19,29,31,adaptive
3253,N2C,5,11.6091,0.0,0,29,31,adaptive
3253,S2C,4,12.0581,0.0,0,29,31,adaptive
3253,E2C,23,1.9671,808.0,19,29,31,adaptive
3253,W2C,23,1.7013,808.0,19,29,31,adaptive
3254,N2C,5,11.5066,0.0,0,29,31,adaptive
3254,S2C,4,11.67,0.0,0,29,31,adaptive
3254,E2C,23,1.69,827.0,19,29,31,adaptive
3254,W2C,23,1.5529,828.0,20,29,31,adaptive
3255,N2C,5,11.143,0.0,0,29,31,adaptive
3255,S2C,5,12.048,0.0,0,29,31,adaptive
3255,E2C,24,1.8847,846.0,19,29,31,adaptive
3255,W2C,24,1.9369,848.0,20,29,31,adaptive
3256,N2C,4,10.9597,0.0,0,29,31,adaptive
3256,S2C,5,11.3421,0.0,0,29,31,adaptive
3256,E2C,24,1.6947,865.0,19,29,31,adaptive
3256,W2C,24,1.784,868.0,20,29,31,adaptive
3257,N2C,4,10.9636,0.0,0,29,31,adaptive
3257,S2C,5,11.5153,0.0,0,29,31,adaptive
3257,E2C,24,1.5962,884.0,19,29,31,adaptive
3257,W2C,24,1.65,889.0,21,29,31,adaptive
3258,N2C,4,10.6337,0.0,0,29,31,adaptive
3258,S2C,5,11.4436,0.0,0,29,31,adaptive
3258,E2C,24,1.4996,904.0,20,29,31,adaptive
3258,W2C,24,1.4982,910.0,21,29,31,adaptive
3259,N2C,5,11.5825,0.0,0,29,31,adaptive
3259,S2C,4,12.0071,0.0,0,29,31,adaptive
3259,E2C,25,1.6893,925.0,21,29,31,adaptive
3259,W2C,25,1.8367,931.0,21,29,31,adaptive
3260,N2C,5,11.0562,0.0,0,29,31,adaptive
3260,S2C,4,11.3166,0.0,0,29,31,adaptive
3260,E2C,25,1.5457,946.0,21,29,31,adaptive
3260,W2C,25,1.6278,952.0,21,29,31,adaptive
3261,N2C,4,10.4454,0.0,0,29,31,adaptive
3261,S2C,4,11.6719,0.0,0,29,31,adaptive
3261,E2C,25,1.4346,967.0,21,29,31,adaptive
3261,W2C,25,1.4999,973.0,21,29,31,adaptive
3262,N2C,4,10.947,0.0,0,29,31,adaptive
3262,S2C,4,11.9696,0.0,0,29,31,adaptive
3262,E2C,25,1.4531,988.0,21,29,31,adaptive
3262,W2C,25,1.3147,994.0,21,29,31,adaptive
3263,N2C,4,11.069,0.0,0,29,31,adaptive
3263,S2C,4,12.2524,0.0,0,29,31,adaptive
3263,E2C,25,1.2959,1010.0,22,29,31,adaptive
3263,W2C,25,1.1535,1016.0,22,29,31,adaptive
3264,N2C,5,10.8806,0.0,0,29,31,adaptive
3264,S2C,5,12.4276,0.0,0,29,31,adaptive
3264,E2C,26,1.6331,1032.0,22,29,31,adaptive
3264,W2C,26,1.5523,1038.0,22,29,31,adaptive
3265,N2C,5,11.0657,0.0,0,29,31,adaptive
3265,S2C,5,11.51,0.0,0,29,31,adaptive
3265,E2C,26,1.4831,1054.0,22,29,31,adaptive
3265,W2C,26,1.549,1060.0,22,29,31,adaptive
3266,N2C,5,10.6189,0.0,0,29,31,adaptive
3266,S2C,5,10.8781,0.0,0,29,31,adaptive
3266,E2C,26,1.4061,1076.0,22,29,31,adaptive
3266,W2C,26,1.4381,1082.0,22,29,31,adaptive
3267,N2C,5,10.4058,0.0,0,29,31,adaptive
3267,S2C,5,10.1614,0.0,0,29,31,adaptive
3267,E2C,24,1.3269,915.0,21,29,31,adaptive
3267,W2C,24,1.4308,925.0,21,29,31,adaptive
3268,N2C,6,10.4556,0.0,0,29,31,adaptive
3268,S2C,6,10.0042,0.0,0,29,31,adaptive
3268,E2C,25,1.7817,767.0,19,29,31,adaptive
3268,W2C,25,1.7869,776.0,19,29,31,adaptive
3269,N2C,6,9.5255,0.0,0,29,31,adaptive
3269,S2C,6,10.0143,1.0,1,29,31,adaptive
3269,E2C,25,1.8492,632.0,17,29,31,adaptive
3269,W2C,25,1.8056,638.0,17,29,31,adaptive
3270,N2C,6,9.0742,0.0,0,29,31,adaptive
3270,S2C,6,9.3048,2.0,1,29,31,adaptive
3270,E2C,23,1.8806,507.0,15,29,31,adaptive
3270,W2C,23,1.9369,515.0,16,29,31,adaptive
3271,N2C,6,9.1765,1.0,1,29,31,adaptive
3271,S2C,6,9.4193,3.0,1,29,31,adaptive
3271,E2C,23,2.2018,397.0,14,29,31,adaptive
3271,W2C,23,2.0843,405.0,14,29,31,adaptive
3272,N2C,6,8.3844,2.0,1,29,31,adaptive
3272,S2C,6,8.7572,4.0,1,29,31,adaptive
3272,E2C,22,2.388,300.0,12,29,31,adaptive
3272,W2C,22,2.1655,310.0,12,29,31,adaptive
3273,N2C,7,8.5884,3.0,1,29,31,adaptive
3273,S2C,7,9.0219,5.0,1,29,31,adaptive
3273,E2C,22,2.9001,217.0,10,29,31,adaptive
3273,W2C,22,2.835,224.0,10,29,31,adaptive
3274,N2C,7,8.3916,4.0,1,29,31,adaptive
3274,S2C,7,8.546,7.0,2,29,31,adaptive
3274,E2C,22,3.4265,149.0,8,29,31,adaptive
3274,W2C,21,3.0787,152.0,8,29,31,adaptive
3275,N2C,7,8.2968,6.0,2,29,31,adaptive
3275,S2C,7,8.6456,9.0,2,29,31,adaptive
3275,E2C,20,3.427,121.0,7,29,31,adaptive
3275,W2C,20,3.3058,94.0,6,29,31,adaptive
3276,N2C,7,8.6897,8.0,2,29,31,adaptive
3276,S2C,7,8.367,11.0,2,29,31,adaptive
3276,E2C,20,3.9009,68.0,6,29,31,adaptive
3276,W2C,19,3.4708,52.0,5,29,31,adaptive
3277,N2C,8,9.0247,10.0,2,29,31,adaptive
3277,S2C,8,7.6739,13.0,2,29,31,adaptive
3277,E2C,19,4.2479,35.0,4,29,31,adaptive
3277,W2C,19,4.2523,21.0,3,29,31,adaptive
3278,N2C,8,8.2408,12.0,2,29,31,adaptive
3278,S2C,8,6.5467,15.0,2,29,31,adaptive
3278,E2C,19,5.0232,23.0,3,29,31,adaptive
3278,W2C,18,4.6651,15.0,2,29,31,adaptive
3279,N2C,8,7.3247,14.0,2,29,31,adaptive
3279,S2C,8,6.1729,17.0,2,29,31,adaptive
3279,E2C,17,5.2734,4.0,1,29,31,adaptive
3279,W2C,17,5.2073,4.0,1,29,31,adaptive
3280,N2C,8,6.6414,16.0,2,29,31,adaptive
3280,S2C,8,6.0456,20.0,3,29,31,adaptive
3280,E2C,17,6.0636,0.0,0,29,31,adaptive
3280,W2C,16,5.9136,0.0,0,29,31,adaptive
3281,N2C,8,6.3716,19.0,3,29,31,adaptive
3281,S2C,8,5.5563,24.0,4,29,31,adaptive
3281,E2C,15,6.2376,0.0,0,29,31,adaptive
3281,W2C,15,6.7342,0.0,0,29,31,adaptive
3282,N2C,9,7.1471,23.0,4,29,31,adaptive
3282,S2C,9,6.0581,28.0,4,29,31,adaptive
3282,E2C,15,7.3716,0.0,0,29,31,adaptive
3282,W2C,15,7.7885,0.0,0,29,31,adaptive
3283,N2C,9,6.9417,27.0,4,29,31,adaptive
3283,S2C,9,5.674,32.0,4,29,31,adaptive
3283,E2C,14,8.1901,0.0,0,29,31,adaptive
3283,W2C,14,8.2154,0.0,0,29,31,adaptive
3284,N2C,9,6.5355,31.0,4,29,31,adaptive
3284,S2C,9,5.5078,37.0,5,29,31,adaptive
3284,E2C,12,8.4069,0.0,0,29,31,adaptive
3284,W2C,13,8.7803,0.0,0,29,31,adaptive
3285,N2C,9,5.6827,35.0,4,29,31,adaptive
3285,S2C,9,5.4796,42.0,5,29,31,adaptive
3285,E2C,12,9.2375,0.0,0,29,31,adaptive
3285,W2C,12,9.5955,0.0,0,29,31,adaptive
3286,N2C,10,5.9602,39.0,4,29,31,adaptive
3286,S2C,10,6.2125,47.0,5,29,31,adaptive
3286,E2C,12,10.0929,0.0,0,29,31,adaptive
3286,W2C,11,10.6392,0.0,0,29,31,adaptive
3287,N2C,10,5.1989,44.0,5,29,31,adaptive
3287,S2C,10,6.0307,52.0,5,29,31,adaptive
3287,E2C,11,10.841,0.0,0,29,31,adaptive
3287,W2C,11,11.1713,0.0,0,29,31,adaptive
3288,N2C,10,5.2204,50.0,6,29,31,adaptive
3288,S2C,10,5.5828,57.0,5,29,31,adaptive
3288,E2C,10,11.0513,0.0,0,29,31,adaptive
3288,W2C,9,11.8407,0.0,0,29,31,adaptive
3289,N2C,10,4.7668,56.0,6,29,31,adaptive
3289,S2C,10,5.0188,62.0,5,29,31,adaptive
3289,E2C,9,11.4442,0.0,0,29,31,adaptive
3289,W2C,8,11.7703,0.0,0,29,31,adaptive
3290,N2C,10,4.4376,62.0,6,29,31,adaptive
3290,S2C,10,4.5144,67.0,5,29,31,adaptive
3290,E2C,8,11.522,0.0,0,29,31,adaptive
3290,W2C,7,12.2699,0.0,0,29,31,adaptive
3291,N2C,11,4.7768,68.0,6,29,31,adaptive
3291,S2C,11,4.8644,73.0,6,29,31,adaptive
3291,E2C,7,12.155,0.0,0,29,31,adaptive
3291,W2C,7,12.1604,0.0,0,29,31,adaptive
3292,N2C,11,4.5204,75.0,7,29,31,adaptive
3292,S2C,11,4.5759,79.0,6,29,31,adaptive
3292,E2C,7,12.0679,0.0,0,29,31,adaptive
3292,W2C,6,12.1653,0.0,0,29,31,adaptive
3293,N2C,11,4.174,82.0,7,29,31,adaptive
3293,S2C,11,4.306,86.0,7,29,31,adaptive
3293,E2C,5,12.2982,0.0,0,29,31,adaptive
3293,W2C,6,11.5895,0.0,0,29,31,adaptive
3294,N2C,11,3.7055,89.0,7,29,31,adaptive
3294,S2C,11,3.8975,93.0,7,29,31,adaptive
3294,E2C,5,12.3226,0.0,0,29,31,adaptive
3294,W2C,4,12.7224,0.0,0,29,31,adaptive
3295,N2C,12,4.1492,96.0,7,29,31,adaptive
3295,S2C,12,4.3279,100.0,7,29,31,adaptive
3295,E2C,4,12.8621,0.0,0,29,31,adaptive
3295,W2C,5,12.1282,0.0,0,29,31,adaptive
3296,N2C,12,4.0663,103.0,7,29,31,adaptive
3296,S2C,12,4.1993,107.0,7,29,31,adaptive
3296,E2C,3,12.7278,0.0,0,29,31,adaptive
3296,W2C,4,11.9919,0.0,0,29,31,adaptive
3297,N2C,12,4.1361,111.0,8,29,31,adaptive
3297,S2C,12,4.0094,114.0,7,29,31,adaptive
3297,E2C,3,13.2076,0.0,0,29,31,adaptive
3297,W2C,4,11.9974,0.0,0,29,31,adaptive
3298,N2C,12,3.9593,119.0,8,29,31,adaptive
3298,S2C,12,3.621,122.0,8,29,31,adaptive
3298,E2C,3,13.0342,0.0,0,29,31,adaptive
3298,W2C,4,12.1359,0.0,0,29,31,adaptive
3299,N2C,12,3.5429,127.0,8,29,31,adaptive
3299,S2C,12,3.1751,130.0,8,29,31,adaptive
3299,E2C,4,12.2784,0.0,0,29,31,adaptive
3299,W2C,4,11.8802,0.0,0,29,31,adaptive
3300,N2C,11,4.6819,79.0,6,33,27,adaptive
3300,S2C,11,4.6924,79.0,6,33,27,adaptive
3300,E2C,5,11.955,0.0,0,33,27,adaptive
3300,W2C,5,12.2721,0.0,0,33,27,adaptive
3301,N2C,11,4.6732,44.0,4,33,27,adaptive
3301,S2C,11,4.8479,42.0,4,33,27,adaptive
3301,E2C,5,10.9983,0.0,0,33,27,adaptive
3301,W2C,5,12.1696,0.0,0,33,27,adaptive
3302,N2C,11,4.8624,17.0,2,33,27,adaptive
3302,S2C,11,5.3293,16.0,3,33,27,adaptive
3302,E2C,5,10.182,0.0,0,33,27,adaptive
3302,W2C,5,11.1366,0.0,0,33,27,adaptive
3303,N2C,9,5.0955,1.0,1,33,27,adaptive
3303,S2C,9,6.3847,2.0,1,33,27,adaptive
3303,E2C,5,9.7196,0.0,0,33,27,adaptive
3303,W2C,5,9.7226,0.0,0,33,27,adaptive
3304,N2C,10,6.5191,0.0,0,33,27,adaptive
3304,S2C,10,7.5958,0.0,0,33,27,adaptive
3304,E2C,6,9.6377,1.0,1,33,27,adaptive
3304,W2C,6,9.2723,1.0,1,33,27,adaptive
3305,N2C,10,7.1497,0.0,0,33,27,adaptive
3305,S2C,10,8.048,0.0,0,33,27,adaptive
3305,E2C,6,9.0549,2.0,1,33,27,adaptive
3305,W2C,6,8.8616,2.0,1,33,27,adaptive
3306,N2C,8,8.3477,0.0,0,33,27,adaptive
3306,S2C,8,8.6007,0.0,0,33,27,adaptive
3306,E2C,6,8.2265,3.0,1,33,27,adaptive
3306,W2C,6,8.3796,3.0,1,33,27,adaptive
3307,N2C,8,9.241,0.0,0,33,27,adaptive
3307,S2C,8,8.8606,0.0,0,33,27,adaptive
3307,E2C,6,8.3803,4.0,1,33,27,adaptive
3307,W2C,6,8.2987,4.0,1,33,27,adaptive
3308,N2C,6,10.4567,0.0,0,33,27,adaptive
3308,S2C,6,9.6709,0.0,0,33,27,adaptive
3308,E2C,6,7.6575,6.0,2,33,27,adaptive
3308,W2C,6,7.4939,6.0,2,33,27,adaptive
3309,N2C,7,11.3528,0.0,0,33,27,adaptive
3309,S2C,7,11.036,0.0,0,33,27,adaptive
3309,E2C,7,7.7098,8.0,2,33,27,adaptive
3309,W2C,7,7.9108,8.0,2,33,27,adaptive
3310,N2C,5,12.3803,0.0,0,33,27,adaptive
3310,S2C,5,12.2982,0.0,0,33,27,adaptive
3310,E2C,7,6.9953,10.0,2,33,27,adaptive
3310,W2C,7,7.3656,10.0,2,33,27,adaptive
3311,N2C,5,12.4754,0.0,0,33,27,adaptive
3311,S2C,5,12.4364,0.0,0,33,27,adaptive
3311,E2C,7,6.9392,12.0,2,33,27,adaptive
3311,W2C,7,7.2921,12.0,2,33,27,adaptive
3312,N2C,5,12.3059,0.0,0,33,27,adaptive
3312,S2C,4,13.1645,0.0,0,33,27,adaptive
3312,E2C,7,6.6363,14.0,2,33,27,adaptive
3312,W2C,7,7.1846,15.0,3,33,27,adaptive
3313,N2C,4,12.8153,0.0,0,33,27,adaptive
3313,S2C,4,12.9828,0.0,0,33,27,adaptive
3313,E2C,8,7.3827,17.0,3,33,27,adaptive
3313,W2C,8,7.8636,18.0,3,33,27,adaptive
3314,N2C,4,12.8549,0.0,0,33,27,adaptive
3314,S2C,4,12.9109,0.0,0,33,27,adaptive
3314,E2C,8,7.3901,20.0,3,33,27,adaptive
3314,W2C,8,7.8331,21.0,3,33,27,adaptive
3315,N2C,4,12.5593,0.0,0,33,27,adaptive
3315,S2C,4,13.1439,0.0,0,33,27,adaptive
3315,E2C,8,7.5148,23.0,3,33,27,adaptive
3315,W2C,8,7.9966,24.0,3,33,27,adaptive
3316,N2C,4,12.7035,0.0,0,33,27,adaptive
3316,S2C,4,12.8995,0.0,0,33,27,adaptive
3316,E2C,8,7.2462,26.0,3,33,27,adaptive
3316,W2C,8,7.7069,27.0,3,33,27,adaptive
3317,N2C,4,12.9221,0.0,0,33,27,adaptive
3317,S2C,4,13.3244,0.0,0,33,27,adaptive
3317,E2C,8,6.8952,29.0,3,33,27,adaptive
3317,W2C,8,6.6858,30.0,3,33,27,adaptive
3318,N2C,5,12.9252,0.0,0,33,27,adaptive
3318,S2C,4,13.0744,0.0,0,33,27,adaptive
3318,E2C,9,7.2108,32.0,3,33,27,adaptive
3318,W2C,9,6.5663,33.0,3,33,27,adaptive
3319,N2C,4,12.8837,0.0,0,33,27,adaptive
3319,S2C,4,12.678,0.0,0,33,27,adaptive
3319,E2C,9,6.8501,35.0,3,33,27,adaptive
3319,W2C,9,6.1147,36.0,3,33,27,adaptive
3320,N2C,4,12.9555,0.0,0,33,27,adaptive
3320,S2C,4,12.5123,0.0,0,33,27,adaptive
3320,E2C,9,6.3081,38.0,3,33,27,adaptive
3320,W2C,9,5.5843,40.0,4,33,27,adaptive
3321,N2C,4,12.7929,0.0,0,33,27,adaptive
3321,S2C,4,12.9109,0.0,0,33,27,adaptive
3321,E2C,9,5.8524,41.0,3,33,27,adaptive
3321,W2C,9,5.1335,44.0,4,33,27,adaptive
3322,N2C,5,13.0103,0.0,0,33,27,adaptive
3322,S2C,4,12.415,0.0,0,33,27,adaptive
3322,E2C,10,5.7546,45.0,4,33,27,adaptive
3322,W2C,10,5.5638,49.0,5,33,27,adaptive
3323,N2C,5,12.8729,0.0,0,33,27,adaptive
3323,S2C,4,12.3797,0.0,0,33,27,adaptive
3323,E2C,10,4.8674,49.0,4,33,27,adaptive
3323,W2C,10,5.3612,54.0,5,33,27,adaptive
3324,N2C,4,13.014,0.0,0,33,27,adaptive
3324,S2C,4,12.3826,0.0,0,33,27,adaptive
3324,E2C,10,4.9,54.0,5,33,27,adaptive
3324,W2C,10,5.139,59.0,5,33,27,adaptive
3325,N2C,4,13.1218,0.0,0,33,27,adaptive
3325,S2C,4,11.8704,0.0,0,33,27,adaptive
3325,E2C,10,4.8229,59.0,5,33,27,adaptive
3325,W2C,10,4.7327,65.0,6,33,27,adaptive
3326,N2C,4,12.9465,0.0,0,33,27,adaptive
3326,S2C,4,12.0645,0.0,0,33,27,adaptive
3326,E2C,10,4.7654,65.0,6,33,27,adaptive
3326,W2C,10,4.4494,71.0,6,33,27,adaptive
3327,N2C,5,12.9149,0.0,0,33,27,adaptive
3327,S2C,4,12.2084,0.0,0,33,27,adaptive
3327,E2C,11,5.0808,71.0,6,33,27,adaptive
3327,W2C,11,4.8487,77.0,6,33,27,adaptive
3328,N2C,4,13.0521,0.0,0,33,27,adaptive
3328,S2C,4,12.0721,0.0,0,33,27,adaptive
3328,E2C,11,4.7148,77.0,6,33,27,adaptive
3328,W2C,11,4.8369,83.0,6,33,27,adaptive
3329,N2C,4,13.1255,0.0,0,33,27,adaptive
3329,S2C,4,12.0533,0.0,0,33,27,adaptive
3329,E2C,11,4.3284,83.0,6,33,27,adaptive
3329,W2C,11,4.7568,90.0,7,33,27,adaptive
3330,N2C,4,13.0654,0.0,0,33,27,adaptive
3330,S2C,4,12.2588,0.0,0,33,27,adaptive
3330,E2C,11,4.4324,89.0,6,33,27,adaptive
3330,W2C,11,4.4648,97.0,7,33,27,adaptive
3331,N2C,4,13.3667,0.0,0,33,27,adaptive
3331,S2C,5,12.4817,0.0,0,33,27,adaptive
3331,E2C,12,4.7733,95.0,6,33,27,adaptive
3331,W2C,12,4.6693,104.0,7,33,27,adaptive
3332,N2C,4,13.5287,0.0,0,33,27,adaptive
3332,S2C,4,12.4448,0.0,0,33,27,adaptive
3332,E2C,12,4.3854,102.0,7,33,27,adaptive
3332,W2C,12,4.4133,111.0,7,33,27,adaptive
3333,N2C,4,13.1958,0.0,0,33,27,adaptive
3333,S2C,4,12.206,0.0,0,33,27,adaptive
3333,E2C,12,4.0076,109.0,7,33,27,adaptive
3333,W2C,12,4.22,119.0,8,33,27,adaptive
3334,N2C,4,13.4439,0.0,0,33,27,adaptive
3334,S2C,4,12.2772,0.0,0,33,27,adaptive
3334,E2C,12,3.891,116.0,7,33,27,adaptive
3334,W2C,12,3.859,127.0,8,33,27,adaptive
3335,N2C,4,12.5601,0.0,0,33,27,adaptive
3335,S2C,4,12.3914,0.0,0,33,27,adaptive
3335,E2C,12,3.677,124.0,8,33,27,adaptive
3335,W2C,12,3.5439,135.0,8,33,27,adaptive
3336,N2C,5,11.8606,0.0,0,33,27,adaptive
3336,S2C,5,12.5802,0.0,0,33,27,adaptive
3336,E2C,13,3.9934,132.0,8,33,27,adaptive
3336,W2C,13,4.0339,144.0,9,33,27,adaptive
3337,N2C,5,10.8084,0.0,0,33,27,adaptive
3337,S2C,5,12.1737,0.0,0,33,27,adaptive
3337,E2C,11,4.4401,76.0,6,33,27,adaptive
3337,W2C,11,4.5269,89.0,7,33,27,adaptive
3338,N2C,5,10.4344,0.0,0,33,27,adaptive
3338,S2C,5,11.4642,0.0,0,33,27,adaptive
3338,E2C,11,4.6243,40.0,5,33,27,adaptive
3338,W2C,11,4.5047,52.0,5,33,27,adaptive
3339,N2C,5,10.2547,0.0,0,33,27,adaptive
3339,S2C,5,10.6464,0.0,0,33,27,adaptive
3339,E2C,11,4.9447,15.0,3,33,27,adaptive
3339,W2C,11,4.5578,22.0,3,33,27,adaptive
3340,N2C,6,10.0988,1.0,1,33,27,adaptive
3340,S2C,6,10.8365,0.0,0,33,27,adaptive
3340,E2C,10,6.0816,3.0,1,33,27,adaptive
3340,W2C,10,6.0258,5.0,1,33,27,adaptive
3341,N2C,6,9.0458,2.0,1,33,27,adaptive
3341,S2C,6,10.5078,1.0,1,33,27,adaptive
3341,E2C,10,6.324,0.0,0,33,27,adaptive
3341,W2C,10,6.4418,0.0,0,33,27,adaptive
3342,N2C,6,8.8867,3.0,1,33,27,adaptive
3342,S2C,6,10.2392,2.0,1,33,27,adaptive
3342,E2C,10,7.2873,0.0,0,33,27,adaptive
3342,W2C,10,6.8902,0.0,0,33,27,adaptive
3343,N2C,6,8.4046,5.0,2,33,27,adaptive
3343,S2C,6,9.6015,3.0,1,33,27,adaptive
3343,E2C,8,8.5302,0.0,0,33,27,adaptive
3343,W2C,8,7.6842,0.0,0,33,27,adaptive
3344,N2C,6,7.6835,7.0,2,33,27,adaptive
3344,S2C,6,9.1863,4.0,1,33,27,adaptive
3344,E2C,8,9.3807,0.0,0,33,27,adaptive
3344,W2C,8,8.6837,0.0,0,33,27,adaptive
3345,N2C,7,7.8223,9.0,2,33,27,adaptive
3345,S2C,7,8.8337,5.0,1,33,27,adaptive
3345,E2C,7,10.6888,0.0,0,33,27,adaptive
3345,W2C,7,10.1167,0.0,0,33,27,adaptive
3346,N2C,7,7.4884,11.0,2,33,27,adaptive
3346,S2C,7,8.2464,7.0,2,33,27,adaptive
3346,E2C,7,10.7541,0.0,0,33,27,adaptive
3346,W2C,7,10.8581,0.0,0,33,27,adaptive
3347,N2C,7,7.183,13.0,2,33,27,adaptive
3347,S2C,7,7.5129,9.0,2,33,27,adaptive
3347,E2C,5,12.0717,0.0,0,33,27,adaptive
3347,W2C,5,12.1093,0.0,0,33,27,adaptive
3348,N2C,7,7.3331,16.0,3,33,27,adaptive
3348,S2C,7,6.6984,12.0,3,33,27,adaptive
3348,E2C,5,12.3504,0.0,0,33,27,adaptive
3348,W2C,5,11.8939,0.0,0,33,27,adaptive
3349,N2C,8,7.3939,19.0,3,33,27,adaptive
3349,S2C,8,7.4288,15.0,3,33,27,adaptive
3349,E2C,5,13.0503,0.0,0,33,27,adaptive
3349,W2C,4,12.7809,0.0,0,33,27,adaptive
3350,N2C,8,6.8414,22.0,3,33,27,adaptive
3350,S2C,8,7.1158,18.0,3,33,27,adaptive
3350,E2C,5,12.7743,0.0,0,33,27,adaptive
3350,W2C,4,12.4419,0.0,0,33,27,adaptive
3351,N2C,8,6.263,25.0,3,33,27,adaptive
3351,S2C,8,6.6305,21.0,3,33,27,adaptive
3351,E2C,4,13.1577,0.0,0,33,27,adaptive
3351,W2C,4,12.5834,0.0,0,33,27,adaptive
3352,N2C,8,6.3888,28.0,3,33,27,adaptive
3352,S2C,8,6.3045,24.0,3,33,27,adaptive
3352,E2C,4,13.0601,0.0,0,33,27,adaptive
3352,W2C,4,12.9421,0.0,0,33,27,adaptive
3353,N2C,8,6.1382,32.0,4,33,27,adaptive
3353,S2C,8,5.7629,27.0,3,33,27,adaptive
3353,E2C,4,13.0626,0.0,0,33,27,adaptive
3353,W2C,4,12.491,0.0,0,33,27,adaptive
3354,N2C,9,6.5203,36.0,4,33,27,adaptive
3354,S2C,9,6.0914,31.0,4,33,27,adaptive
3354,E2C,5,13.1079,0.0,0,33,27,adaptive
3354,W2C,4,12.97,0.0,0,33,27,adaptive
3355,N2C,9,6.1404,40.0,4,33,27,adaptive
3355,S2C,9,5.7771,35.0,4,33,27,adaptive
3355,E2C,4,12.9954,0.0,0,33,27,adaptive
3355,W2C,4,12.8688,0.0,0,33,27,adaptive
3356,N2C,9,5.382,45.0,5,33,27,adaptive
3356,S2C,9,5.5381,40.0,5,33,27,adaptive
3356,E2C,4,13.2356,0.0,0,33,27,adaptive
3356,W2C,4,12.502,0.0,0,33,27,adaptive
3357,N2C,9,4.9241,50.0,5,33,27,adaptive
3357,S2C,9,5.1616,45.0,5,33,27,adaptive
3357,E2C,4,12.8934,0.0,0,33,27,adaptive
3357,W2C,4,12.4011,0.0,0,33,27,adaptive
3358,N2C,10,5.4287,55.0,5,33,27,adaptive
3358,S2C,10,5.3868,50.0,5,33,27,adaptive
3358,E2C,4,13.2129,0.0,0,33,27,adaptive
3358,W2C,4,12.3894,0.0,0,33,27,adaptive
3359,N2C,10,5.0919,61.0,6,33,27,adaptive
3359,S2C,10,5.1661,55.0,5,33,27,adaptive
3359,E2C,4,12.7615,0.0,0,33,27,adaptive
3359,W2C,4,12.5374,0.0,0,33,27,adaptive
3360,N2C,10,5.0974,67.0,6,33,27,adaptive
3360,S2C,10,4.8687,60.0,5,33,27,adaptive
3360,E2C,4,12.9852,0.0,0,33,27,adaptive
3360,W2C,4,12.1745,0.0,0,33,27,adaptive
3361,N2C,10,4.9373,73.0,6,33,27,adaptive
3361,S2C,10,4.6115,65.0,5,33,27,adaptive
3361,E2C,4,13.0889,0.0,0,33,27,adaptive
3361,W2C,4,12.5983,0.0,0,33,27,adaptive
3362,N2C,10,4.9729,79.0,6,33,27,adaptive
3362,S2C,10,4.2272,71.0,6,33,27,adaptive
3362,E2C,4,12.8257,0.0,0,33,27,adaptive
3362,W2C,4,12.3711,0.0,0,33,27,adaptive
3363,N2C,11,5.7381,85.0,6,33,27,adaptive
3363,S2C,11,4.5363,77.0,6,33,27,adaptive
3363,E2C,4,13.5728,0.0,0,33,27,adaptive
3363,W2C,5,12.5968,0.0,0,33,27,adaptive
3364,N2C,11,5.4006,91.0,6,33,27,adaptive
3364,S2C,11,4.461,84.0,7,33,27,adaptive
3364,E2C,4,12.8756,0.0,0,33,27,adaptive
3364,W2C,5,12.3626,0.0,0,33,27,adaptive
3365,N2C,11,4.6542,97.0,6,33,27,adaptive
3365,S2C,11,4.4377,91.0,7,33,27,adaptive
3365,E2C,4,13.201,0.0,0,33,27,adaptive
3365,W2C,4,13.0566,0.0,0,33,27,adaptive
3366,N2C,11,4.0447,103.0,6,36,24,adaptive
3366,S2C,11,4.0952,98.0,7,36,24,adaptive
3366,E2C,4,13.2883,0.0,0,36,24,adaptive
3366,W2C,4,12.8659,0.0,0,36,24,adaptive
3367,N2C,12,4.5349,110.0,7,36,24,adaptive
3367,S2C,12,4.5302,105.0,7,36,24,adaptive
3367,E2C,4,12.7599,0.0,0,36,24,adaptive
3367,W2C,5,12.8563,0.0,0,36,24,adaptive
3368,N2C,12,4.3517,117.0,7,36,24,adaptive
3368,S2C,12,4.2028,112.0,7,36,24,adaptive
3368,E2C,4,12.6837,0.0,0,36,24,adaptive
3368,W2C,5,12.8792,0.0,0,36,24,adaptive
3369,N2C,12,4.0564,125.0,8,36,24,adaptive
3369,S2C,12,3.9261,120.0,8,36,24,adaptive
3369,E2C,4,12.9706,0.0,0,36,24,adaptive
3369,W2C,4,12.9954,0.0,0,36,24,adaptive
3370,N2C,12,3.7705,133.0,8,36,24,adaptive
3370,S2C,12,3.4523,128.0,8,36,24,adaptive
3370,E2C,4,12.9843,0.0,0,36,24,adaptive
3370,W2C,4,13.2228,0.0,0,36,24,adaptive
3371,N2C,12,3.3756,141.0,8,36,24,adaptive
3371,S2C,12,3.4168,136.0,8,36,24,adaptive
3371,E2C,4,13.0703,0.0,0,36,24,adaptive
3371,W2C,4,13.2321,0.0,0,36,24,adaptive
3372,N2C,13,4.1715,149.0,8,36,24,adaptive
3372,S2C,13,3.77,144.0,8,36,24,adaptive
3372,E2C,5,13.1249,0.0,0,36,24,adaptive
3372,W2C,5,13.0684,0.0,0,36,24,adaptive
3373,N2C,13,3.9176,157.0,8,36,24,adaptive
3373,S2C,13,3.8402,153.0,9,36,24,adaptive
3373,E2C,4,13.2224,0.0,0,36,24,adaptive
3373,W2C,4,12.8249,0.0,0,36,24,adaptive
3374,N2C,13,3.7016,165.0,8,36,24,adaptive
3374,S2C,13,3.746,162.0,9,36,24,adaptive
3374,E2C,4,13.4036,0.0,0,36,24,adaptive
3374,W2C,4,12.8272,0.0,0,36,24,adaptive
3375,N2C,13,3.3516,174.0,9,36,24,adaptive
3375,S2C,13,3.714,171.0,9,36,24,adaptive
3375,E2C,4,13.4139,0.0,0,36,24,adaptive
3375,W2C,4,13.2798,0.0,0,36,24,adaptive
3376,N2C,14,3.8741,183.0,9,36,24,adaptive
3376,S2C,14,4.1448,180.0,9,36,24,adaptive
3376,E2C,4,12.9913,0.0,0,36,24,adaptive
3376,W2C,5,12.9363,0.0,0,36,24,adaptive
3377,N2C,14,3.6336,192.0,9,36,24,adaptive
3377,S2C,14,3.7795,189.0,9,36,24,adaptive
3377,E2C,4,12.7485,0.0,0,36,24,adaptive
3377,W2C,4,12.9222,0.0,0,36,24,adaptive
3378,N2C,14,3.3598,202.0,10,36,24,adaptive
3378,S2C,14,3.6594,198.0,9,36,24,adaptive
3378,E2C,4,12.5999,0.0,0,36,24,adaptive
3378,W2C,4,12.7793,0.0,0,36,24,adaptive
3379,N2C,14,3.0268,212.0,10,36,24,adaptive
3379,S2C,14,3.6581,208.0,10,36,24,adaptive
3379,E2C,4,12.7646,0.0,0,36,24,adaptive
3379,W2C,4,13.0414,0.0,0,36,24,adaptive
3380,N2C,14,2.9117,222.0,10,36,24,adaptive
3380,S2C,14,3.4167,218.0,10,36,24,adaptive
3380,E2C,4,12.5552,0.0,0,36,24,adaptive
3380,W2C,4,12.5055,0.0,0,36,24,adaptive
3381,N2C,15,3.4806,232.0,10,36,24,adaptive
3381,S2C,15,3.4708,228.0,10,36,24,adaptive
3381,E2C,4,12.7308,0.0,0,36,24,adaptive
3381,W2C,4,12.9038,0.0,0,36,24,adaptive
3382,N2C,15,3.3034,243.0,11,36,24,adaptive
3382,S2C,15,3.1094,239.0,11,36,24,adaptive
3382,E2C,4,12.5931,0.0,0,36,24,adaptive
3382,W2C,4,12.3675,0.0,0,36,24,adaptive
3383,N2C,15,3.0217,254.0,11,36,24,adaptive
3383,S2C,15,2.8102,250.0,11,36,24,adaptive
3383,E2C,4,12.5484,0.0,0,36,24,adaptive
3383,W2C,4,12.5846,0.0,0,36,24,adaptive
3384,N2C,15,2.7181,265.0,11,36,24,adaptive
3384,S2C,15,2.6166,261.0,11,36,24,adaptive
3384,E2C,4,12.3855,0.0,0,36,24,adaptive
3384,W2C,4,12.7109,0.0,0,36,24,adaptive
3385,N2C,16,3.2467,276.0,11,36,24,adaptive
3385,S2C,16,3.2758,272.0,11,36,24,adaptive
3385,E2C,5,12.7969,0.0,0,36,24,adaptive
3385,W2C,4,12.6019,0.0,0,36,24,adaptive
3386,N2C,16,3.0969,288.0,12,36,24,adaptive
3386,S2C,16,3.204,284.0,12,36,24,adaptive
3386,E2C,4,12.7316,0.0,0,36,24,adaptive
3386,W2C,4,12.8088,0.0,0,36,24,adaptive
3387,N2C,16,2.7878,300.0,12,36,24,adaptive
3387,S2C,16,3.0115,296.0,12,36,24,adaptive
3387,E2C,4,12.6498,0.0,0,36,24,adaptive
3387,W2C,4,12.4293,0.0,0,36,24,adaptive
3388,N2C,16,2.5385,312.0,12,36,24,adaptive
3388,S2C,16,2.7126,308.0,12,36,24,adaptive
3388,E2C,4,13.0823,0.0,0,36,24,adaptive
3388,W2C,4,12.4704,0.0,0,36,24,adaptive
3389,N2C,16,2.4062,325.0,13,36,24,adaptive
3389,S2C,16,2.5016,320.0,12,36,24,adaptive
3389,E2C,4,12.7556,0.0,0,36,24,adaptive
3389,W2C,4,12.6399,0.0,0,36,24,adaptive
3390,N2C,17,3.1353,338.0,13,36,24,adaptive
3390,S2C,17,2.8676,332.0,12,36,24,adaptive
3390,E2C,4,12.7355,0.0,0,36,24,adaptive
3390,W2C,5,12.8143,0.0,0,36,24,adaptive
3391,N2C,17,2.9835,351.0,13,36,24,adaptive
3391,S2C,17,2.5765,345.0,13,36,24,adaptive
3391,E2C,4,12.774,0.0,0,36,24,adaptive
3391,W2C,4,13.0468,0.0,0,36,24,adaptive
3392,N2C,17,2.7864,364.0,13,36,24,adaptive
3392,S2C,17,2.3655,358.0,13,36,24,adaptive
3392,E2C,4,12.435,0.0,0,36,24,adaptive
3392,W2C,4,12.6506,0.0,0,36,24,adaptive
3393,N2C,17,2.5395,377.0,13,36,24,adaptive
3393,S2C,17,2.249,371.0,13,36,24,adaptive
3393,E2C,4,12.7448,0.0,0,36,24,adaptive
3393,W2C,4,12.7141,0.0,0,36,24,adaptive
3394,N2C,18,3.0561,390.0,13,36,24,adaptive
3394,S2C,18,2.8528,385.0,14,36,24,adaptive
3394,E2C,5,12.7161,0.0,0,36,24,adaptive
3394,W2C,5,12.6273,0.0,0,36,24,adaptive
3395,N2C,18,2.6803,403.0,13,36,24,adaptive
3395,S2C,18,2.7965,399.0,14,36,24,adaptive
3395,E2C,5,12.7773,0.0,0,36,24,adaptive
3395,W2C,5,12.5508,0.0,0,36,24,adaptive
3396,N2C,18,2.4964,417.0,14,36,24,adaptive
3396,S2C,18,2.6995,413.0,14,36,24,adaptive
3396,E2C,5,12.7429,0.0,0,36,24,adaptive
3396,W2C,4,12.5428,0.0,0,36,24,adaptive
3397,N2C,18,2.2755,431.0,14,36,24,adaptive
3397,S2C,18,2.529,427.0,14,36,24,adaptive
3397,E2C,4,13.087,0.0,0,36,24,adaptive
3397,W2C,4,12.6437,0.0,0,36,24,adaptive
3398,N2C,18,2.2206,445.0,14,36,24,adaptive
3398,S2C,18,2.2623,441.0,14,36,24,adaptive
3398,E2C,4,13.1403,0.0,0,36,24,adaptive
3398,W2C,4,12.6792,0.0,0,36,24,adaptive
3399,N2C,19,2.5392,460.0,15,36,24,adaptive
3399,S2C,19,2.5214,456.0,15,36,24,adaptive
3399,E2C,5,13.1245,0.0,0,36,24,adaptive
3399,W2C,5,12.664,0.0,0,36,24,adaptive
3400,N2C,19,2.2519,475.0,15,36,24,adaptive
3400,S2C,19,2.2999,471.0,15,36,24,adaptive
3400,E2C,4,12.8887,0.0,0,36,24,adaptive
3400,W2C,5,12.7078,0.0,0,36,24,adaptive
3401,N2C,19,2.0818,491.0,16,36,24,adaptive
3401,S2C,19,2.0616,486.0,15,36,24,adaptive
3401,E2C,4,12.8425,0.0,0,36,24,adaptive
3401,W2C,4,12.2892,0.0,0,36,24,adaptive
3402,N2C,19,2.1052,507.0,16,36,24,adaptive
3402,S2C,19,1.9618,502.0,16,36,24,adaptive
3402,E2C,4,13.0095,0.0,0,36,24,adaptive
3402,W2C,4,12.3006,0.0,0,36,24,adaptive
3403,N2C,20,2.431,523.0,16,36,24,adaptive
3403,S2C,20,2.4426,518.0,16,36,24,adaptive
3403,E2C,4,12.9627,0.0,0,36,24,adaptive
3403,W2C,4,12.7686,0.0,0,36,24,adaptive
3404,N2C,20,2.2013,539.0,16,36,24,adaptive
3404,S2C,20,2.2346,534.0,16,36,24,adaptive
3404,E2C,4,13.1955,0.0,0,36,24,adaptive
3404,W2C,4,12.456,0.0,0,36,24,adaptive
3405,N2C,20,2.0971,555.0,16,36,24,adaptive
3405,S2C,20,1.9407,550.0,16,36,24,adaptive
3405,E2C,4,12.7901,0.0,0,36,24,adaptive
3405,W2C,4,12.538,0.0,0,36,24,adaptive
3406,N2C,18,2.1259,441.0,15,36,24,adaptive
3406,S2C,18,2.0469,442.0,15,36,24,adaptive
3406,E2C,4,12.8562,0.0,0,36,24,adaptive
3406,W2C,4,12.5217,0.0,0,36,24,adaptive
3407,N2C,18,2.2751,341.0,13,36,24,adaptive
3407,S2C,18,2.3274,341.0,13,36,24,adaptive
3407,E2C,4,13.0187,0.0,0,36,24,adaptive
3407,W2C,4,12.1548,0.0,0,36,24,adaptive
3408,N2C,19,3.03,251.0,11,36,24,adaptive
3408,S2C,19,3.0816,254.0,11,36,24,adaptive
3408,E2C,5,11.9815,0.0,0,36,24,adaptive
3408,W2C,5,11.1456,0.0,0,36,24,adaptive
3409,N2C,17,2.9776,178.0,9,36,24,adaptive
3409,S2C,17,3.0061,178.0,9,36,24,adaptive
3409,E2C,5,11.0488,0.0,0,36,24,adaptive
3409,W2C,5,10.3723,0.0,0,36,24,adaptive
3410,N2C,17,3.3448,118.0,7,36,24,adaptive
3410,S2C,17,3.2114,117.0,7,36,24,adaptive
3410,E2C,5,10.306,1.0,1,36,24,adaptive
3410,W2C,5,10.0406,0.0,0,36,24,adaptive
3411,N2C,15,3.5762,70.0,6,36,24,adaptive
3411,S2C,17,3.6396,68.0,5,36,24,adaptive
3411,E2C,5,10.1387,2.0,1,36,24,adaptive
3411,W2C,5,9.7493,1.0,1,36,24,adaptive
3412,N2C,16,4.7094,35.0,4,36,24,adaptive
3412,S2C,16,4.4586,32.0,3,36,24,adaptive
3412,E2C,6,10.1299,3.0,1,36,24,adaptive
3412,W2C,6,10.2683,2.0,1,36,24,adaptive
3413,N2C,15,4.8724,11.0,2,36,24,adaptive
3413,S2C,16,4.9237,9.0,2,36,24,adaptive
3413,E2C,6,9.1419,4.0,1,36,24,adaptive
3413,W2C,6,9.6877,3.0,1,36,24,adaptive
3414,N2C,14,5.2095,0.0,0,36,24,adaptive
3414,S2C,14,5.0719,0.0,0,36,24,adaptive
3414,E2C,6,8.4712,6.0,2,36,24,adaptive
3414,W2C,6,9.3244,4.0,1,36,24,adaptive
3415,N2C,13,5.9626,0.0,0,36,24,adaptive
3415,S2C,14,5.6608,0.0,0,36,24,adaptive
3415,E2C,6,8.6645,8.0,2,36,24,adaptive
3415,W2C,6,8.6034,5.0,1,36,24,adaptive
3416,N2C,12,6.4435,0.0,0,36,24,adaptive
3416,S2C,12,6.0341,0.0,0,36,24,adaptive
3416,E2C,6,8.414,10.0,2,36,24,adaptive
3416,W2C,6,8.307,6.0,1,36,24,adaptive
3417,N2C,12,7.7899,0.0,0,36,24,adaptive
3417,S2C,13,7.3954,0.0,0,36,24,adaptive
3417,E2C,7,8.7558,12.0,2,36,24,adaptive
3417,W2C,7,9.2222,7.0,1,36,24,adaptive
3418,N2C,11,8.3256,0.0,0,36,24,adaptive
3418,S2C,11,7.6952,0.0,0,36,24,adaptive
3418,E2C,7,8.1696,14.0,2,36,24,adaptive
3418,W2C,7,8.4652,9.0,2,36,24,adaptive
3419,N2C,10,9.4088,0.0,0,36,24,adaptive
3419,S2C,10,8.2807,0.0,0,36,24,adaptive
3419,E2C,7,7.3883,16.0,2,36,24,adaptive
3419,W2C,7,8.0698,11.0,2,36,24,adaptive
3420,N2C,9,10.3011,0.0,0,36,24,adaptive
3420,S2C,10,9.3935,0.0,0,36,24,adaptive
3420,E2C,7,6.9228,18.0,2,36,24,adaptive
3420,W2C,7,6.9611,13.0,2,36,24,adaptive
3421,N2C,9,11.096,0.0,0,36,24,adaptive
3421,S2C,9,10.4024,0.0,0,36,24,adaptive
3421,E2C,8,7.5539,21.0,3,36,24,adaptive
3421,W2C,8,7.1374,15.0,2,36,24,adaptive
3422,N2C,7,11.5015,0.0,0,36,24,adaptive
3422,S2C,8,11.036,0.0,0,36,24,adaptive
3422,E2C,8,6.9309,24.0,3,36,24,adaptive
3422,W2C,8,6.63,18.0,3,36,24,adaptive
3423,N2C,6,11.6026,0.0,0,36,24,adaptive
3423,S2C,7,11.2399,0.0,0,36,24,adaptive
3423,E2C,8,6.6613,27.0,3,36,24,adaptive
3423,W2C,8,6.381,21.0,3,36,24,adaptive
3424,N2C,5,12.0307,0.0,0,36,24,adaptive
3424,S2C,6,11.7607,0.0,0,36,24,adaptive
3424,E2C,8,6.2932,30.0,3,36,24,adaptive
3424,W2C,8,6.2728,25.0,4,36,24,adaptive
3425,N2C,4,12.2307,0.0,0,36,24,adaptive
3425,S2C,5,12.0114,0.0,0,36,24,adaptive
3425,E2C,8,5.53,34.0,4,36,24,adaptive
3425,W2C,8,6.3839,29.0,4,36,24,adaptive
3426,N2C,4,11.9805,0.0,0,36,24,adaptive
3426,S2C,5,12.8302,0.0,0,36,24,adaptive
3426,E2C,9,6.1945,38.0,4,36,24,adaptive
3426,W2C,9,7.0213,33.0,4,36,24,adaptive
3427,N2C,4,12.2332,0.0,0,36,24,adaptive
3427,S2C,5,12.6963,0.0,0,36,24,adaptive
3427,E2C,9,5.868,42.0,4,36,24,adaptive
3427,W2C,9,6.3202,37.0,4,36,24,adaptive
3428,N2C,4,11.8307,0.0,0,36,24,adaptive
3428,S2C,4,12.8962,0.0,0,36,24,adaptive
3428,E2C,9,5.7712,46.0,4,36,24,adaptive
3428,W2C,9,5.8809,41.0,4,36,24,adaptive
3429,N2C,4,11.8308,0.0,0,36,24,adaptive
3429,S2C,4,12.9544,0.0,0,36,24,adaptive
3429,E2C,9,5.5197,51.0,5,36,24,adaptive
3429,W2C,9,5.3529,45.0,4,36,24,adaptive
3430,N2C,5,12.342,0.0,0,36,24,adaptive
3430,S2C,5,13.3142,0.0,0,36,24,adaptive
3430,E2C,10,5.9104,56.0,5,36,24,adaptive
3430,W2C,10,5.6962,50.0,5,36,24,adaptive
3431,N2C,5,12.3152,0.0,0,36,24,adaptive
3431,S2C,4,13.0015,0.0,0,36,24,adaptive
3431,E2C,10,5.6359,61.0,5,36,24,adaptive
3431,W2C,10,5.1791,55.0,5,36,24,adaptive
3432,N2C,5,12.0792,0.0,0,31,29,adaptive
3432,S2C,4,12.8882,0.0,0,31,29,adaptive
3432,E2C,10,5.3409,66.0,5,31,29,adaptive
3432,W2C,10,5.2261,60.0,5,31,29,adaptive
3433,N2C,4,12.7022,0.0,0,31,29,adaptive
3433,S2C,4,13.1153,0.0,0,31,29,adaptive
3433,E2C,10,4.7814,71.0,5,31,29,adaptive
3433,W2C,10,4.6251,66.0,6,31,29,adaptive
3434,N2C,4,12.2298,0.0,0,31,29,adaptive
3434,S2C,4,13.0094,0.0,0,31,29,adaptive
3434,E2C,10,4.342,77.0,6,31,29,adaptive
3434,W2C,10,4.2379,72.0,6,31,29,adaptive
3435,N2C,5,12.6623,0.0,0,31,29,adaptive
3435,S2C,4,13.3254,0.0,0,31,29,adaptive
3435,E2C,11,4.9087,83.0,6,31,29,adaptive
3435,W2C,11,4.701,78.0,6,31,29,adaptive
3436,N2C,5,12.8084,0.0,0,31,29,adaptive
3436,S2C,4,13.1786,0.0,0,31,29,adaptive
3436,E2C,11,4.7302,90.0,7,31,29,adaptive
3436,W2C,11,4.6031,85.0,7,31,29,adaptive
3437,N2C,4,12.6858,0.0,0,31,29,adaptive
3437,S2C,4,13.3951,0.0,0,31,29,adaptive
3437,E2C,11,4.4145,97.0,7,31,29,adaptive
3437,W2C,11,4.4101,92.0,7,31,29,adaptive
3438,N2C,4,12.4609,0.0,0,31,29,adaptive
3438,S2C,4,12.7767,0.0,0,31,29,adaptive
3438,E2C,11,4.1138,104.0,7,31,29,adaptive
3438,W2C,11,4.0795,99.0,7,31,29,adaptive
3439,N2C,5,12.4339,0.0,0,31,29,adaptive
3439,S2C,5,13.0771,0.0,0,31,29,adaptive
3439,E2C,12,4.354,111.0,7,31,29,adaptive
3439,W2C,12,4.5756,106.0,7,31,29,adaptive
3440,N2C,5,12.5661,0.0,0,31,29,adaptive
3440,S2C,4,12.9361,0.0,0,31,29,adaptive
3440,E2C,12,4.1605,119.0,8,31,29,adaptive
3440,W2C,12,4.2471,113.0,7,31,29,adaptive
3441,N2C,4,12.6715,0.0,0,31,29,adaptive
3441,S2C,4,12.7018,0.0,0,31,29,adaptive
3441,E2C,12,4.0686,127.0,8,31,29,adaptive
3441,W2C,12,4.106,120.0,7,31,29,adaptive
3442,N2C,4,12.7118,0.0,0,31,29,adaptive
3442,S2C,4,13.1066,0.0,0,31,29,adaptive
3442,E2C,12,3.7703,135.0,8,31,29,adaptive
3442,W2C,12,3.8988,128.0,8,31,29,adaptive
3443,N2C,4,12.8011,0.0,0,31,29,adaptive
3443,S2C,4,13.2865,0.0,0,31,29,adaptive
3443,E2C,12,3.3994,143.0,8,31,29,adaptive
3443,W2C,12,3.6161,136.0,8,31,29,adaptive
3444,N2C,5,12.9625,0.0,0,31,29,adaptive
3444,S2C,3,13.1264,0.0,0,31,29,adaptive
3444,E2C,13,3.9291,151.0,8,31,29,adaptive
3444,W2C,13,4.1127,144.0,8,31,29,adaptive
3445,N2C,4,13.305,0.0,0,31,29,adaptive
3445,S2C,4,12.8157,0.0,0,31,29,adaptive
3445,E2C,13,3.865,160.0,9,31,29,adaptive
3445,W2C,13,3.8109,152.0,8,31,29,adaptive
3446,N2C,4,12.8741,0.0,0,31,29,adaptive
3446,S2C,4,12.7523,0.0,0,31,29,adaptive
3446,E2C,13,3.5885,169.0,9,31,29,adaptive
3446,W2C,13,3.6336,161.0,9,31,29,adaptive
3447,N2C,4,12.8138,0.0,0,31,29,adaptive
3447,S2C,4,12.8593,0.0,0,31,29,adaptive
3447,E2C,13,3.2219,178.0,9,31,29,adaptive
3447,W2C,13,3.3552,170.0,9,31,29,adaptive
3448,N2C,4,12.6505,0.0,0,31,29,adaptive
3448,S2C,4,12.9189,0.0,0,31,29,adaptive
3448,E2C,14,3.8072,187.0,9,31,29,adaptive
3448,W2C,14,3.9154,179.0,9,31,29,adaptive
3449,N2C,4,12.2479,0.0,0,31,29,adaptive
3449,S2C,4,12.6545,0.0,0,31,29,adaptive
3449,E2C,14,3.5116,197.0,10,31,29,adaptive
3449,W2C,14,3.6907,188.0,9,31,29,adaptive
3450,N2C,4,12.3507,0.0,0,31,29,adaptive
3450,S2C,4,12.2406,0.0,0,31,29,adaptive
3450,E2C,14,3.2467,207.0,10,31,29,adaptive
3450,W2C,14,3.3256,198.0,10,31,29,adaptive
3451,N2C,4,12.3719,0.0,0,31,29,adaptive
3451,S2C,4,12.5223,0.0,0,31,29,adaptive
3451,E2C,14,2.9667,217.0,10,31,29,adaptive
3451,W2C,14,2.9682,208.0,10,31,29,adaptive
3452,N2C,4,12.4234,0.0,0,31,29,adaptive
3452,S2C,4,12.6173,0.0,0,31,29,adaptive
3452,E2C,14,2.705,227.0,10,31,29,adaptive
3452,W2C,14,2.66,218.0,10,31,29,adaptive
3453,N2C,4,12.6466,0.0,0,31,29,adaptive
3453,S2C,4,12.3104,0.0,0,31,29,adaptive
3453,E2C,15,3.393,238.0,11,31,29,adaptive
3453,W2C,15,3.4489,229.0,11,31,29,adaptive
3454,N2C,4,12.7039,0.0,0,31,29,adaptive
3454,S2C,4,12.4079,0.0,0,31,29,adaptive
3454,E2C,15,3.3348,249.0,11,31,29,adaptive
3454,W2C,15,3.3711,240.0,11,31,29,adaptive
3455,N2C,4,12.7037,0.0,0,31,29,adaptive
3455,S2C,4,12.5991,0.0,0,31,29,adaptive
3455,E2C,15,3.3081,260.0,11,31,29,adaptive
3455,W2C,15,3.2632,251.0,11,31,29,adaptive
3456,N2C,4,12.4753,0.0,0,31,29,adaptive
3456,S2C,4,12.6351,0.0,0,31,29,adaptive
3456,E2C,15,3.1954,271.0,11,31,29,adaptive
3456,W2C,15,2.9781,262.0,11,31,29,adaptive
3457,N2C,5,12.8178,0.0,0,31,29,adaptive
3457,S2C,5,12.3433,0.0,0,31,29,adaptive
3457,E2C,16,3.6626,282.0,11,31,29,adaptive
3457,W2C,16,3.5599,273.0,11,31,29,adaptive
3458,N2C,5,12.9999,0.0,0,31,29,adaptive
3458,S2C,5,12.2963,0.0,0,31,29,adaptive
3458,E2C,16,3.1244,293.0,11,31,29,adaptive
3458,W2C,16,3.2517,284.0,11,31,29,adaptive
3459,N2C,4,12.5658,0.0,0,31,29,adaptive
3459,S2C,4,12.0388,0.0,0,31,29,adaptive
3459,E2C,16,2.7553,304.0,11,31,29,adaptive
3459,W2C,16,3.1359,295.0,11,31,29,adaptive
3460,N2C,4,12.6477,0.0,0,31,29,adaptive
3460,S2C,4,11.8846,0.0,0,31,29,adaptive
3460,E2C,16,2.5312,316.0,12,31,29,adaptive
3460,W2C,16,2.836,306.0,11,31,29,adaptive
3461,N2C,4,12.7764,0.0,0,31,29,adaptive
3461,S2C,4,12.2966,0.0,0,31,29,adaptive
3461,E2C,16,2.3818,328.0,12,31,29,adaptive
3461,W2C,16,2.6198,318.0,12,31,29,adaptive
3462,N2C,4,12.7208,0.0,0,31,29,adaptive
3462,S2C,5,12.8502,0.0,0,31,29,adaptive
3462,E2C,17,2.9221,341.0,13,31,29,adaptive
3462,W2C,17,2.9665,331.0,13,31,29,adaptive
3463,N2C,4,12.5725,0.0,0,31,29,adaptive
3463,S2C,5,12.3745,0.0,0,31,29,adaptive
3463,E2C,17,2.5544,354.0,13,31,29,adaptive
3463,W2C,17,2.7021,344.0,13,31,29,adaptive
3464,N2C,4,12.9227,0.0,0,31,29,adaptive
3464,S2C,5,12.5448,0.0,0,31,29,adaptive
3464,E2C,17,2.3126,367.0,13,31,29,adaptive
3464,W2C,17,2.4345,357.0,13,31,29,adaptive
3465,N2C,4,12.791,0.0,0,31,29,adaptive
3465,S2C,5,11.2184,0.0,0,31,29,adaptive
3465,E2C,17,2.2436,381.0,14,31,29,adaptive
3465,W2C,17,2.3496,370.0,13,31,29,adaptive
3466,N2C,5,12.9021,0.0,0,31,29,adaptive
3466,S2C,6,10.4996,0.0,0,31,29,adaptive
3466,E2C,18,2.7503,395.0,14,31,29,adaptive
3466,W2C,18,2.9352,384.0,14,31,29,adaptive
3467,N2C,5,12.812,0.0,0,31,29,adaptive
3467,S2C,6,9.3061,0.0,0,31,29,adaptive
3467,E2C,16,3.1556,297.0,12,31,29,adaptive
3467,W2C,16,3.072,291.0,12,31,29,adaptive
3468,N2C,5,12.602,0.0,0,31,29,adaptive
3468,S2C,6,8.7692,1.0,1,31,29,adaptive
3468,E2C,16,3.1242,217.0,10,31,29,adaptive
3468,W2C,16,2.9604,211.0,10,31,29,adaptive
3469,N2C,5,11.5657,0.0,0,31,29,adaptive
3469,S2C,6,8.419,3.0,2,31,29,adaptive
3469,E2C,16,3.372,150.0,8,31,29,adaptive
3469,W2C,16,3.1227,144.0,8,31,29,adaptive
3470,N2C,5,10.9924,0.0,0,31,29,adaptive
3470,S2C,6,7.73,5.0,2,31,29,adaptive
3470,E2C,14,3.2712,92.0,6,31,29,adaptive
3470,W2C,14,3.4239,88.0,6,31,29,adaptive
3471,N2C,6,10.0654,1.0,1,31,29,adaptive
3471,S2C,7,7.9887,7.0,2,31,29,adaptive
3471,E2C,15,4.105,48.0,4,31,29,adaptive
3471,W2C,15,4.2878,47.0,5,31,29,adaptive
3472,N2C,6,9.1695,2.0,1,31,29,adaptive
3472,S2C,7,7.6589,9.0,2,31,29,adaptive
3472,E2C,15,4.5194,19.0,2,31,29,adaptive
3472,W2C,13,4.3411,20.0,3,31,29,adaptive
3473,N2C,6,8.7581,3.0,1,31,29,adaptive
3473,S2C,7,7.273,11.0,2,31,29,adaptive
3473,E2C,13,4.745,1.0,1,31,29,adaptive
3473,W2C,13,5.0635,3.0,1,31,29,adaptive
3474,N2C,6,8.1935,4.0,1,31,29,adaptive
3474,S2C,7,7.1587,13.0,2,31,29,adaptive
3474,E2C,13,5.5116,0.0,0,31,29,adaptive
3474,W2C,11,5.5928,0.0,0,31,29,adaptive
3475,N2C,7,8.149,6.0,2,31,29,adaptive
3475,S2C,8,7.7907,16.0,3,31,29,adaptive
3475,E2C,12,6.8713,0.0,0,31,29,adaptive
3475,W2C,12,7.1018,0.0,0,31,29,adaptive
3476,N2C,7,7.6733,8.0,2,31,29,adaptive
3476,S2C,8,8.0237,19.0,3,31,29,adaptive
3476,E2C,11,7.8728,0.0,0,31,29,adaptive
3476,W2C,10,7.5903,0.0,0,31,29,adaptive
3477,N2C,7,7.4632,10.0,2,31,29,adaptive
3477,S2C,8,7.5243,22.0,3,31,29,adaptive
3477,E2C,10,8.3225,0.0,0,31,29,adaptive
3477,W2C,10,8.2985,0.0,0,31,29,adaptive
3478,N2C,7,7.4718,13.0,3,31,29,adaptive
3478,S2C,8,7.0269,25.0,3,31,29,adaptive
3478,E2C,9,9.0428,0.0,0,31,29,adaptive
3478,W2C,8,9.0302,0.0,0,31,29,adaptive
3479,N2C,7,6.6131,16.0,3,31,29,adaptive
3479,S2C,8,5.9876,28.0,3,31,29,adaptive
3479,E2C,8,9.4961,0.0,0,31,29,adaptive
3479,W2C,8,9.9924,0.0,0,31,29,adaptive
3480,N2C,8,7.0453,19.0,3,31,29,adaptive
3480,S2C,9,6.1189,31.0,3,31,29,adaptive
3480,E2C,8,10.8886,0.0,0,31,29,adaptive
3480,W2C,7,11.3262,0.0,0,31,29,adaptive
3481,N2C,8,6.6721,22.0,3,31,29,adaptive
3481,S2C,9,5.8048,35.0,4,31,29,adaptive
3481,E2C,7,11.3963,0.0,0,31,29,adaptive
3481,W2C,7,11.9241,0.0,0,31,29,adaptive
3482,N2C,8,6.3109,26.0,4,31,29,adaptive
3482,S2C,9,5.633,40.0,5,31,29,adaptive
3482,E2C,6,11.9771,0.0,0,31,29,adaptive
3482,W2C,5,12.6715,0.0,0,31,29,adaptive
3483,N2C,8,5.968,30.0,4,31,29,adaptive
3483,S2C,9,5.1782,45.0,5,31,29,adaptive
3483,E2C,5,12.4686,0.0,0,31,29,adaptive
3483,W2C,5,12.9443,0.0,0,31,29,adaptive
3484,N2C,9,6.034,34.0,4,31,29,adaptive
3484,S2C,10,5.6259,50.0,5,31,29,adaptive
3484,E2C,6,12.7692,0.0,0,31,29,adaptive
3484,W2C,4,13.1511,0.0,0,31,29,adaptive
3485,N2C,9,5.7077,38.0,4,31,29,adaptive
3485,S2C,10,5.3552,55.0,5,31,29,adaptive
3485,E2C,4,13.2604,0.0,0,31,29,adaptive
3485,W2C,4,12.725,0.0,0,31,29,adaptive
3486,N2C,9,5.7144,43.0,5,31,29,adaptive
3486,S2C,10,5.2823,61.0,6,31,29,adaptive
3486,E2C,4,12.8651,0.0,0,31,29,adaptive
3486,W2C,4,12.8717,0.0,0,31,29,adaptive
3487,N2C,9,5.3947,48.0,5,31,29,adaptive
3487,S2C,10,4.773,67.0,6,31,29,adaptive
3487,E2C,4,12.9104,0.0,0,31,29,adaptive
3487,W2C,4,12.9211,0.0,0,31,29,adaptive
3488,N2C,9,5.1084,53.0,5,31,29,adaptive
3488,S2C,10,4.4369,73.0,6,31,29,adaptive
3488,E2C,4,13.1053,0.0,0,31,29,adaptive
3488,W2C,4,12.9732,0.0,0,31,29,adaptive
3489,N2C,10,5.4568,58.0,5,31,29,adaptive
3489,S2C,11,4.9824,79.0,6,31,29,adaptive
3489,E2C,4,12.6479,0.0,0,31,29,adaptive
3489,W2C,5,12.9489,0.0,0,31,29,adaptive
3490,N2C,10,5.2664,63.0,5,31,29,adaptive
3490,S2C,11,4.7387,85.0,6,31,29,adaptive
3490,E2C,4,12.6381,0.0,0,31,29,adaptive
3490,W2C,4,13.0226,0.0,0,31,29,adaptive
3491,N2C,10,5.2408,69.0,6,31,29,adaptive
3491,S2C,11,4.6951,92.0,7,31,29,adaptive
3491,E2C,4,12.6963,0.0,0,31,29,adaptive
3491,W2C,4,13.1679,0.0,0,31,29,adaptive
3492,N2C,10,5.0272,75.0,6,31,29,adaptive
3492,S2C,11,4.3185,99.0,7,31,29,adaptive
3492,E2C,4,12.5974,0.0,0,31,29,adaptive
3492,W2C,4,12.642,0.0,0,31,29,adaptive
3493,N2C,11,5.6234,81.0,6,31,29,adaptive
3493,S2C,12,4.8434,106.0,7,31,29,adaptive
3493,E2C,4,12.723,0.0,0,31,29,adaptive
3493,W2C,5,13.2515,0.0,0,31,29,adaptive
3494,N2C,11,5.2294,87.0,6,31,29,adaptive
3494,S2C,12,4.3417,113.0,7,31,29,adaptive
3494,E2C,4,12.632,0.0,0,31,29,adaptive
3494,W2C,5,12.7177,0.0,0,31,29,adaptive
3495,N2C,11,4.6254,93.0,6,31,29,adaptive
3495,S2C,12,4.2204,121.0,8,31,29,adaptive
3495,E2C,4,12.6473,0.0,0,31,29,adaptive
3495,W2C,4,13.3189,0.0,0,31,29,adaptive
3496,N2C,11,4.4604,99.0,6,31,29,adaptive
3496,S2C,12,3.7254,129.0,8,31,29,adaptive
3496,E2C,4,12.828,0.0,0,31,29,adaptive
3496,W2C,4,13.4995,0.0,0,31,29,adaptive
3497,N2C,11,4.0816,105.0,6,31,29,adaptive
3497,S2C,12,3.4705,137.0,8,31,29,adaptive
3497,E2C,4,12.6131,0.0,0,31,29,adaptive
3497,W2C,4,12.6172,0.0,0,31,29,adaptive
3498,N2C,12,4.6169,112.0,7,35,25,adaptive
3498,S2C,13,4.0664,145.0,8,35,25,adaptive
3498,E2C,5,12.1101,0.0,0,35,25,adaptive
3498,W2C,5,12.1446,0.0,0,35,25,adaptive
3499,N2C,12,4.2512,120.0,8,35,25,adaptive
3499,S2C,13,3.9603,153.0,8,35,25,adaptive
3499,E2C,5,11.2769,0.0,0,35,25,adaptive
3499,W2C,5,11.3986,0.0,0,35,25,adaptive
3500,N2C,12,4.0373,128.0,8,35,25,adaptive
3500,S2C,13,3.6114,162.0,9,35,25,adaptive
3500,E2C,5,10.4195,0.0,0,35,25,adaptive
3500,W2C,5,10.7685,0.0,0,35,25,adaptive
3501,N2C,12,3.6631,136.0,8,35,25,adaptive
3501,S2C,13,3.3102,171.0,9,35,25,adaptive
3501,E2C,5,9.8126,1.0,1,35,25,adaptive
3501,W2C,5,10.2805,0.0,0,35,25,adaptive
3502,N2C,13,4.2175,144.0,8,35,25,adaptive
3502,S2C,14,3.7873,181.0,10,35,25,adaptive
3502,E2C,6,9.6175,2.0,1,35,25,adaptive
3502,W2C,6,10.1847,1.0,1,35,25,adaptive
3503,N2C,13,4.1586,152.0,8,35,25,adaptive
3503,S2C,14,3.7385,191.0,10,35,25,adaptive
3503,E2C,6,8.7814,3.0,1,35,25,adaptive
3503,W2C,6,9.3786,2.0,1,35,25,adaptive
3504,N2C,13,3.8336,161.0,9,35,25,adaptive
3504,S2C,14,3.4478,201.0,10,35,25,adaptive
3504,E2C,6,8.2056,4.0,1,35,25,adaptive
3504,W2C,6,8.6205,4.0,2,35,25,adaptive
3505,N2C,13,3.5099,170.0,9,35,25,adaptive
3505,S2C,14,3.2439,211.0,10,35,25,adaptive
3505,E2C,6,8.1787,5.0,1,35,25,adaptive
3505,W2C,6,8.5233,6.0,2,35,25,adaptive
3506,N2C,13,3.116,179.0,9,35,25,adaptive
3506,S2C,14,2.9379,221.0,10,35,25,adaptive
3506,E2C,6,8.4172,7.0,2,35,25,adaptive
3506,W2C,6,7.9015,8.0,2,35,25,adaptive
3507,N2C,14,3.772,188.0,9,35,25,adaptive
3507,S2C,15,3.5821,231.0,10,35,25,adaptive
3507,E2C,7,9.0449,9.0,2,35,25,adaptive
3507,W2C,7,8.2538,10.0,2,35,25,adaptive
3508,N2C,14,3.3932,198.0,10,35,25,adaptive
3508,S2C,15,3.256,242.0,11,35,25,adaptive
3508,E2C,7,8.7996,11.0,2,35,25,adaptive
3508,W2C,7,7.6394,12.0,2,35,25,adaptive
3509,N2C,14,2.9524,208.0,10,35,25,adaptive
3509,S2C,15,3.009,253.0,11,35,25,adaptive
3509,E2C,7,8.6323,13.0,2,35,25,adaptive
3509,W2C,7,7.3925,14.0,2,35,25,adaptive
3510,N2C,14,2.831,219.0,11,35,25,adaptive
3510,S2C,15,2.7763,264.0,11,35,25,adaptive
3510,E2C,7,7.7871,15.0,2,35,25,adaptive
3510,W2C,7,7.1506,17.0,3,35,25,adaptive
3511,N2C,15,3.5909,230.0,11,35,25,adaptive
3511,S2C,16,3.2445,276.0,12,35,25,adaptive
3511,E2C,8,7.1186,17.0,2,35,25,adaptive
3511,W2C,8,7.1574,20.0,3,35,25,adaptive
3512,N2C,15,3.3668,241.0,11,35,25,adaptive
3512,S2C,16,2.9901,288.0,12,35,25,adaptive
3512,E2C,8,6.6456,19.0,2,35,25,adaptive
3512,W2C,8,6.8582,23.0,3,35,25,adaptive
3513,N2C,15,3.1658,252.0,11,35,25,adaptive
3513,S2C,16,2.7642,300.0,12,35,25,adaptive
3513,E2C,8,6.3874,22.0,3,35,25,adaptive
3513,W2C,8,6.5109,27.0,4,35,25,adaptive
3514,N2C,15,2.8772,263.0,11,35,25,adaptive
3514,S2C,16,2.4847,312.0,12,35,25,adaptive
3514,E2C,8,6.1625,25.0,3,35,25,adaptive
3514,W2C,8,6.1185,31.0,4,35,25,adaptive
3515,N2C,15,2.5932,274.0,11,35,25,adaptive
3515,S2C,16,2.3439,324.0,12,35,25,adaptive
3515,E2C,8,5.5784,29.0,4,35,25,adaptive
3515,W2C,8,5.5778,35.0,4,35,25,adaptive
3516,N2C,16,3.0296,285.0,11,35,25,adaptive
3516,S2C,17,2.7123,336.0,12,35,25,adaptive
3516,E2C,9,6.0824,33.0,4,35,25,adaptive
3516,W2C,9,5.8868,39.0,4,35,25,adaptive
3517,N2C,16,2.7017,297.0,12,35,25,adaptive
3517,S2C,17,2.4449,349.0,13,35,25,adaptive
3517,E2C,9,5.5408,38.0,5,35,25,adaptive
3517,W2C,9,5.4624,43.0,4,35,25,adaptive
3518,N2C,16,2.493,309.0,12,35,25,adaptive
3518,S2C,17,2.2217,362.0,13,35,25,adaptive
3518,E2C,9,5.6829,43.0,5,35,25,adaptive
3518,W2C,9,5.327,47.0,4,35,25,adaptive
3519,N2C,16,2.397,321.0,12,35,25,adaptive
3519,S2C,17,2.15,375.0,13,35,25,adaptive
3519,E2C,9,5.6911,48.0,5,35,25,adaptive
3519,W2C,9,5.0428,52.0,5,35,25,adaptive
3520,N2C,17,2.8998,333.0,12,35,25,adaptive
3520,S2C,18,2.658,388.0,13,35,25,adaptive
3520,E2C,10,6.1349,53.0,5,35,25,adaptive
3520,W2C,10,5.4804,57.0,5,35,25,adaptive
3521,N2C,17,2.8424,346.0,13,35,25,adaptive
3521,S2C,18,2.4501,402.0,14,35,25,adaptive
3521,E2C,10,5.5963,58.0,5,35,25,adaptive
3521,W2C,10,5.2844,62.0,5,35,25,adaptive
3522,N2C,17,2.7055,359.0,13,35,25,adaptive
3522,S2C,18,2.2062,416.0,14,35,25,adaptive
3522,E2C,10,5.2298,63.0,5,35,25,adaptive
3522,W2C,10,4.8224,67.0,5,35,25,adaptive
3523,N2C,17,2.4949,372.0,13,35,25,adaptive
3523,S2C,18,2.0461,431.0,15,35,25,adaptive
3523,E2C,10,4.7082,68.0,5,35,25,adaptive
3523,W2C,10,4.5106,72.0,5,35,25,adaptive
3524,N2C,17,2.1671,385.0,13,35,25,adaptive
3524,S2C,18,2.0152,446.0,15,35,25,adaptive
3524,E2C,10,4.2325,74.0,6,35,25,adaptive
3524,W2C,10,4.1608,78.0,6,35,25,adaptive
3525,N2C,18,2.4478,398.0,13,35,25,adaptive
3525,S2C,19,2.6419,461.0,15,35,25,adaptive
3525,E2C,11,4.7587,80.0,6,35,25,adaptive
3525,W2C,11,4.6067,84.0,6,35,25,adaptive
3526,N2C,18,2.3319,411.0,13,35,25,adaptive
3526,S2C,19,2.5958,476.0,15,35,25,adaptive
3526,E2C,11,4.6833,87.0,7,35,25,adaptive
3526,W2C,11,4.5463,90.0,6,35,25,adaptive
3527,N2C,18,2.0157,425.0,14,35,25,adaptive
3527,S2C,19,2.6209,491.0,15,35,25,adaptive
3527,E2C,11,4.7268,94.0,7,35,25,adaptive
3527,W2C,11,4.422,97.0,7,35,25,adaptive
3528,N2C,18,1.9319,440.0,15,35,25,adaptive
3528,S2C,19,2.5687,506.0,15,35,25,adaptive
3528,E2C,11,4.6453,101.0,7,35,25,adaptive
3528,W2C,11,3.9998,104.0,7,35,25,adaptive
3529,N2C,19,2.5699,455.0,15,35,25,adaptive
3529,S2C,20,2.8306,521.0,15,35,25,adaptive
3529,E2C,12,5.1242,108.0,7,35,25,adaptive
3529,W2C,12,4.5454,111.0,7,35,25,adaptive
3530,N2C,19,2.596,470.0,15,35,25,adaptive
3530,S2C,20,2.5594,536.0,15,35,25,adaptive
3530,E2C,12,4.5198,115.0,7,35,25,adaptive
3530,W2C,12,4.1813,118.0,7,35,25,adaptive
3531,N2C,19,2.5554,485.0,15,35,25,adaptive
3531,S2C,20,2.229,551.0,15,35,25,adaptive
3531,E2C,12,4.1694,122.0,7,35,25,adaptive
3531,W2C,12,4.1588,125.0,7,35,25,adaptive
3532,N2C,19,2.3627,500.0,15,35,25,adaptive
3532,S2C,20,1.9837,567.0,16,35,25,adaptive
3532,E2C,12,3.7241,130.0,8,35,25,adaptive
3532,W2C,12,4.0781,133.0,8,35,25,adaptive
3533,N2C,19,2.1704,515.0,15,35,25,adaptive
3533,S2C,20,1.812,583.0,16,35,25,adaptive
3533,E2C,12,3.6342,138.0,8,35,25,adaptive
3533,W2C,12,4.0645,141.0,8,35,25,adaptive
3534,N2C,18,2.9019,406.0,13,35,25,adaptive
3534,S2C,19,2.3305,467.0,15,35,25,adaptive
3534,E2C,13,4.1549,146.0,8,35,25,adaptive
3534,W2C,13,5.0076,149.0,8,35,25,adaptive
3535,N2C,18,3.0094,307.0,11,35,25,adaptive
3535,S2C,19,2.2739,366.0,13,35,25,adaptive
3535,E2C,13,3.8793,155.0,9,35,25,adaptive
3535,W2C,13,4.6617,157.0,8,35,25,adaptive
3536,N2C,18,3.0156,222.0,10,35,25,adaptive
3536,S2C,19,2.4525,274.0,12,35,25,adaptive
3536,E2C,13,3.6059,164.0,9,35,25,adaptive
3536,W2C,13,4.1341,165.0,8,35,25,adaptive
3537,N2C,16,2.9991,153.0,8,35,25,adaptive
3537,S2C,17,2.6906,196.0,10,35,25,adaptive
3537,E2C,13,3.4406,173.0,9,35,25,adaptive
3537,W2C,13,3.5282,173.0,8,35,25,adaptive
3538,N2C,17,4.0779,96.0,7,35,25,adaptive
3538,S2C,18,3.3801,130.0,8,35,25,adaptive
3538,E2C,14,3.9111,182.0,9,35,25,adaptive
3538,W2C,14,3.8398,182.0,9,35,25,adaptive
3539,N2C,16,4.3185,50.0,5,35,25,adaptive
3539,S2C,17,3.3995,77.0,6,35,25,adaptive
3539,E2C,14,3.7542,191.0,9,35,25,adaptive
3539,W2C,14,3.8258,192.0,10,35,25,adaptive
3540,N2C,15,4.6174,21.0,3,35,25,adaptive
3540,S2C,16,3.7449,39.0,4,35,25,adaptive
3540,E2C,14,3.4451,201.0,10,35,25,adaptive
3540,W2C,14,3.5197,202.0,10,35,25,adaptive
3541,N2C,14,4.8458,4.0,1,35,25,adaptive
3541,S2C,15,4.1916,14.0,2,35,25,adaptive
3541,E2C,14,3.2995,211.0,10,35,25,adaptive
3541,W2C,14,3.1594,212.0,10,35,25,adaptive
3542,N2C,13,5.3019,0.0,0,35,25,adaptive
3542,S2C,14,4.8094,1.0,1,35,25,adaptive
3542,E2C,14,2.8298,221.0,10,35,25,adaptive
3542,W2C,14,2.9162,222.0,10,35,25,adaptive
3543,N2C,13,6.4468,0.0,0,35,25,adaptive
3543,S2C,14,5.9975,0.0,0,35,25,adaptive
3543,E2C,15,3.5835,231.0,10,35,25,adaptive
3543,W2C,15,3.3975,232.0,10,35,25,adaptive
3544,N2C,12,7.1063,0.0,0,35,25,adaptive
3544,S2C,13,6.3222,0.0,0,35,25,adaptive
3544,E2C,15,3.2397,242.0,11,35,25,adaptive
3544,W2C,15,3.082,242.0,10,35,25,adaptive
3545,N2C,11,8.2428,0.0,0,35,25,adaptive
3545,S2C,12,7.0632,0.0,0,35,25,adaptive
3545,E2C,15,2.8705,253.0,11,35,25,adaptive
3545,W2C,15,2.8037,253.0,11,35,25,adaptive
3546,N2C,10,8.8971,0.0,0,35,25,adaptive
3546,S2C,11,8.0151,0.0,0,35,25,adaptive
3546,E2C,15,2.7194,264.0,11,35,25,adaptive
3546,W2C,15,2.5391,264.0,11,35,25,adaptive
3547,N2C,10,9.9979,0.0,0,35,25,adaptive
3547,S2C,11,9.3059,0.0,0,35,25,adaptive
3547,E2C,16,3.3368,275.0,11,35,25,adaptive
3547,W2C,16,3.2345,276.0,12,35,25,adaptive
3548,N2C,9,10.6811,0.0,0,35,25,adaptive
3548,S2C,10,9.5034,0.0,0,35,25,adaptive
3548,E2C,16,3.0663,286.0,11,35,25,adaptive
3548,W2C,16,2.9757,288.0,12,35,25,adaptive
3549,N2C,7,11.4913,0.0,0,35,25,adaptive
3549,S2C,9,9.858,0.0,0,35,25,adaptive
3549,E2C,16,2.8461,298.0,12,35,25,adaptive
3549,W2C,16,2.7405,300.0,12,35,25,adaptive
3550,N2C,7,12.2293,0.0,0,35,25,adaptive
3550,S2C,8,10.5264,0.0,0,35,25,adaptive
3550,E2C,16,2.6988,310.0,12,35,25,adaptive
3550,W2C,16,2.4052,312.0,12,35,25,adaptive
3551,N2C,5,12.5078,0.0,0,35,25,adaptive
3551,S2C,7,10.9542,0.0,0,35,25,adaptive
3551,E2C,16,2.3933,322.0,12,35,25,adaptive
3551,W2C,16,2.3291,325.0,13,35,25,adaptive
3552,N2C,6,12.2962,0.0,0,35,25,adaptive
3552,S2C,7,11.5847,0.0,0,35,25,adaptive
3552,E2C,17,2.8876,335.0,13,35,25,adaptive
3552,W2C,17,2.9082,338.0,13,35,25,adaptive
3553,N2C,4,13.5533,0.0,0,35,25,adaptive
3553,S2C,6,12.1645,0.0,0,35,25,adaptive
3553,E2C,17,2.6933,348.0,13,35,25,adaptive
3553,W2C,17,2.5542,351.0,13,35,25,adaptive
3554,N2C,4,13.5571,0.0,0,35,25,adaptive
3554,S2C,5,12.0453,0.0,0,35,25,adaptive
3554,E2C,17,2.3921,361.0,13,35,25,adaptive
3554,W2C,17,2.3455,364.0,13,35,25,adaptive
3555,N2C,4,13.5431,0.0,0,35,25,adaptive
3555,S2C,4,12.4617,0.0,0,35,25,adaptive
3555,E2C,17,2.2739,374.0,13,35,25,adaptive
3555,W2C,17,2.2425,377.0,13,35,25,adaptive
3556,N2C,4,13.3772,0.0,0,35,25,adaptive
3556,S2C,5,12.7538,0.0,0,35,25,adaptive
3556,E2C,18,2.8405,387.0,13,35,25,adaptive
3556,W2C,18,2.9135,390.0,13,35,25,adaptive
3557,N2C,4,13.2416,0.0,0,35,25,adaptive
3557,S2C,5,12.7337,0.0,0,35,25,adaptive
3557,E2C,18,2.6481,401.0,14,35,25,adaptive
3557,W2C,18,2.8511,404.0,14,35,25,adaptive
3558,N2C,4,13.2494,0.0,0,35,25,adaptive
3558,S2C,4,12.7773,0.0,0,35,25,adaptive
3558,E2C,18,2.4922,415.0,14,35,25,adaptive
3558,W2C,18,2.7926,418.0,14,35,25,adaptive
3559,N2C,4,13.2816,0.0,0,35,25,adaptive
3559,S2C,4,12.6676,0.0,0,35,25,adaptive
3559,E2C,18,2.1986,429.0,14,35,25,adaptive
3559,W2C,18,2.7959,432.0,14,35,25,adaptive
3560,N2C,4,13.2475,0.0,0,35,25,adaptive
3560,S2C,4,13.1774,0.0,0,35,25,adaptive
3560,E2C,18,2.07,443.0,14,35,25,adaptive
3560,W2C,18,2.6273,446.0,14,35,25,adaptive
3561,N2C,4,13.1383,0.0,0,35,25,adaptive
3561,S2C,3,12.7913,0.0,0,35,25,adaptive
3561,E2C,19,2.5296,458.0,15,35,25,adaptive
3561,W2C,19,2.6149,460.0,14,35,25,adaptive
3562,N2C,4,12.7258,0.0,0,35,25,adaptive
3562,S2C,4,13.2568,0.0,0,35,25,adaptive
3562,E2C,19,2.2032,473.0,15,35,25,adaptive
3562,W2C,19,2.1875,474.0,14,35,25,adaptive
3563,N2C,4,13.0678,0.0,0,35,25,adaptive
3563,S2C,4,12.7541,0.0,0,35,25,adaptive
3563,E2C,19,1.9524,489.0,16,35,25,adaptive
3563,W2C,19,2.015,488.0,14,35,25,adaptive
3564,N2C,4,12.1838,0.0,0,28,32,adaptive
3564,S2C,4,12.7868,0.0,0,28,32,adaptive
3564,E2C,19,1.972,505.0,16,28,32,adaptive
3564,W2C,19,2.0734,504.0,16,28,32,adaptive
3565,N2C,5,11.8426,0.0,0,28,32,adaptive
3565,S2C,5,12.543,0.0,0,28,32,adaptive
3565,E2C,20,2.4711,521.0,16,28,32,adaptive
3565,W2C,20,2.5132,520.0,16,28,32,adaptive
3566,N2C,5,10.7365,0.0,0,28,32,adaptive
3566,S2C,5,12.8465,0.0,0,28,32,adaptive
3566,E2C,20,2.3115,537.0,16,28,32,adaptive
3566,W2C,20,2.3125,536.0,16,28,32,adaptive
3567,N2C,5,10.2089,0.0,0,28,32,adaptive
3567,S2C,5,12.3159,0.0,0,28,32,adaptive
3567,E2C,20,2.0835,553.0,16,28,32,adaptive
3567,W2C,20,2.0173,552.0,16,28,32,adaptive
3568,N2C,5,10.2319,1.0,1,28,32,adaptive
3568,S2C,5,11.0386,0.0,0,28,32,adaptive
3568,E2C,20,1.9159,569.0,16,28,32,adaptive
3568,W2C,20,1.9801,568.0,16,28,32,adaptive
3569,N2C,5,9.8799,2.0,1,28,32,adaptive
3569,S2C,5,10.0476,0.0,0,28,32,adaptive
3569,E2C,20,1.8151,585.0,16,28,32,adaptive
3569,W2C,20,1.6974,584.0,16,28,32,adaptive
3570,N2C,6,9.7468,3.0,1,28,32,adaptive
3570,S2C,6,9.4094,0.0,0,28,32,adaptive
3570,E2C,21,2.2545,602.0,17,28,32,adaptive
3570,W2C,21,2.0948,600.0,16,28,32,adaptive
3571,N2C,6,8.831,4.0,1,28,32,adaptive
3571,S2C,6,8.5068,1.0,1,28,32,adaptive
3571,E2C,21,1.9761,619.0,17,28,32,adaptive
3571,W2C,21,1.9177,617.0,17,28,32,adaptive
3572,N2C,6,8.1375,6.0,2,28,32,adaptive
3572,S2C,6,7.9854,3.0,2,28,32,adaptive
3572,E2C,21,1.743,636.0,17,28,32,adaptive
3572,W2C,21,1.8115,635.0,18,28,32,adaptive
3573,N2C,6,7.6395,8.0,2,28,32,adaptive
3573,S2C,6,7.5039,5.0,2,28,32,adaptive
3573,E2C,21,1.7565,654.0,18,28,32,adaptive
3573,W2C,21,1.825,653.0,18,28,32,adaptive
3574,N2C,6,6.8787,10.0,2,28,32,adaptive
3574,S2C,7,7.6441,7.0,2,28,32,adaptive
3574,E2C,22,2.0912,672.0,18,28,32,adaptive
3574,W2C,22,2.3869,671.0,18,28,32,adaptive
3575,N2C,7,7.2242,12.0,2,28,32,adaptive
3575,S2C,7,6.9571,9.0,2,28,32,adaptive
3575,E2C,22,1.9398,690.0,18,28,32,adaptive
3575,W2C,22,2.2153,689.0,18,28,32,adaptive
3576,N2C,7,6.9208,14.0,2,28,32,adaptive
3576,S2C,7,6.6636,11.0,2,28,32,adaptive
3576,E2C,22,1.6785,708.0,18,28,32,adaptive
3576,W2C,22,2.0937,707.0,18,28,32,adaptive
3577,N2C,7,7.0324,17.0,3,28,32,adaptive
3577,S2C,7,6.5928,14.0,3,28,32,adaptive
3577,E2C,22,1.6827,727.0,19,28,32,adaptive
3577,W2C,22,1.8258,725.0,18,28,32,adaptive
3578,N2C,7,7.024,20.0,3,28,32,adaptive
3578,S2C,7,6.6254,17.0,3,28,32,adaptive
3578,E2C,22,1.7344,746.0,19,28,32,adaptive
3578,W2C,22,1.5514,743.0,18,28,32,adaptive
3579,N2C,8,7.7679,23.0,3,28,32,adaptive
3579,S2C,8,6.7915,20.0,3,28,32,adaptive
3579,E2C,23,2.2014,765.0,19,28,32,adaptive
3579,W2C,23,1.9301,762.0,19,28,32,adaptive
3580,N2C,8,7.2653,26.0,3,28,32,adaptive
3580,S2C,8,6.2263,23.0,3,28,32,adaptive
3580,E2C,23,2.1665,784.0,19,28,32,adaptive
3580,W2C,23,1.7053,781.0,19,28,32,adaptive
3581,N2C,8,6.7033,29.0,3,28,32,adaptive
3581,S2C,8,5.6144,26.0,3,28,32,adaptive
3581,E2C,23,2.0186,803.0,19,28,32,adaptive
3581,W2C,23,1.6246,800.0,19,28,32,adaptive
3582,N2C,8,5.9429,32.0,3,28,32,adaptive
3582,S2C,8,5.6523,30.0,4,28,32,adaptive
3582,E2C,23,1.7217,822.0,19,28,32,adaptive
3582,W2C,23,1.4743,820.0,20,28,32,adaptive
3583,N2C,9,6.1777,35.0,3,28,32,adaptive
3583,S2C,9,6.1581,34.0,4,28,32,adaptive
3583,E2C,24,1.9723,841.0,19,28,32,adaptive
3583,W2C,24,1.8376,840.0,20,28,32,adaptive
3584,N2C,9,5.6425,39.0,4,28,32,adaptive
3584,S2C,9,5.5275,38.0,4,28,32,adaptive
3584,E2C,24,1.6988,861.0,20,28,32,adaptive
3584,W2C,24,1.6319,860.0,20,28,32,adaptive
3585,N2C,9,5.5225,43.0,4,28,32,adaptive
3585,S2C,9,5.0913,42.0,4,28,32,adaptive
3585,E2C,24,1.6036,882.0,21,28,32,adaptive
3585,W2C,24,1.6251,880.0,20,28,32,adaptive
3586,N2C,9,5.4376,47.0,4,28,32,adaptive
3586,S2C,9,4.6859,46.0,4,28,32,adaptive
3586,E2C,24,1.4677,903.0,21,28,32,adaptive
3586,W2C,24,1.4918,901.0,21,28,32,adaptive
3587,N2C,9,5.3848,52.0,5,28,32,adaptive
3587,S2C,9,4.5671,51.0,5,28,32,adaptive
3587,E2C,24,1.2141,924.0,21,28,32,adaptive
3587,W2C,24,1.252,922.0,21,28,32,adaptive
3588,N2C,10,5.9571,57.0,5,28,32,adaptive
3588,S2C,10,5.5958,56.0,5,28,32,adaptive
3588,E2C,25,1.6163,945.0,21,28,32,adaptive
3588,W2C,25,1.5584,943.0,21,28,32,adaptive
3589,N2C,10,5.5797,62.0,5,28,32,adaptive
3589,S2C,10,5.4761,61.0,5,28,32,adaptive
3589,E2C,25,1.5239,967.0,22,28,32,adaptive
3589,W2C,25,1.5077,965.0,22,28,32,adaptive
3590,N2C,10,5.2666,67.0,5,28,32,adaptive
3590,S2C,10,5.4662,66.0,5,28,32,adaptive
3590,E2C,25,1.5413,989.0,22,28,32,adaptive
3590,W2C,25,1.498,987.0,22,28,32,adaptive
3591,N2C,10,4.5183,72.0,5,28,32,adaptive
3591,S2C,10,4.9799,71.0,5,28,32,adaptive
3591,E2C,25,1.4144,1011.0,22,28,32,adaptive
3591,W2C,25,1.4772,1009.0,22,28,32,adaptive
3592,N2C,11,4.9415,78.0,6,28,32,adaptive
3592,S2C,11,5.6534,76.0,5,28,32,adaptive
3592,E2C,26,1.7155,1033.0,22,28,32,adaptive
3592,W2C,26,1.9682,1031.0,22,28,32,adaptive
3593,N2C,11,4.5155,84.0,6,28,32,adaptive
3593,S2C,11,4.9957,81.0,5,28,32,adaptive
3593,E2C,24,1.7371,874.0,20,28,32,adaptive
3593,W2C,24,1.9731,871.0,20,28,32,adaptive
3594,N2C,11,4.5204,91.0,7,28,32,adaptive
3594,S2C,11,4.4273,86.0,5,28,32,adaptive
3594,E2C,24,1.7191,733.0,19,28,32,adaptive
3594,W2C,24,1.8402,724.0,18,28,32,adaptive
3595,N2C,11,4.4617,98.0,7,28,32,adaptive
3595,S2C,11,4.3267,91.0,5,28,32,adaptive
3595,E2C,24,1.9111,601.0,17,28,32,adaptive
3595,W2C,24,1.8717,594.0,17,28,32,adaptive
3596,N2C,11,4.3333,105.0,7,28,32,adaptive
3596,S2C,11,4.2292,97.0,6,28,32,adaptive
3596,E2C,22,1.8779,482.0,15,28,32,adaptive
3596,W2C,22,1.7483,476.0,15,28,32,adaptive
3597,N2C,12,4.7606,112.0,7,28,32,adaptive
3597,S2C,12,4.6448,104.0,7,28,32,adaptive
3597,E2C,23,2.5068,376.0,13,28,32,adaptive
3597,W2C,23,2.4412,372.0,13,28,32,adaptive
3598,N2C,12,4.2476,119.0,7,28,32,adaptive
3598,S2C,12,4.6513,111.0,7,28,32,adaptive
3598,E2C,23,2.7967,284.0,11,28,32,adaptive
3598,W2C,22,2.6962,279.0,11,28,32,adaptive
3599,N2C,12,4.2065,126.0,7,28,32,adaptive
3599,S2C,12,4.3505,118.0,7,28,32,adaptive
3599,E2C,21,2.7857,205.0,10,28,32,adaptive
3599,W2C,21,2.8454,199.0,10,28,32,adaptive
3600,N2C,12,3.8087,134.0,8,28,32,adaptive
3600,S2C,12,3.9959,125.0,7,28,32,adaptive
3600,E2C,21,3.2079,137.0,8,28,32,adaptive
3600,W2C,21,3.184,135.0,8,28,32,adaptive
