time,edge,vehicles,speed,waiting,halting,traveltime,congestion
1,N2C,1,13.89,0.0,0,17.25,0.006
1,S2C,1,13.4615,0.0,0,17.8,0.0122
1,E2C,1,13.89,0.0,0,17.25,0.006
1,W2C,1,13.89,0.0,0,17.25,0.006
2,N2C,1,13.2784,0.0,0,18.04,0.0148
2,S2C,1,13.0561,0.0,0,18.35,0.018
2,E2C,1,13.5495,0.0,0,17.68,0.0109
2,W2C,1,13.4471,0.0,0,17.82,0.0124
3,N2C,1,13.2541,0.0,0,18.08,0.0152
3,S2C,1,13.2147,0.0,0,18.13,0.0157
3,E2C,1,13.4511,0.0,0,17.81,0.0123
3,W2C,1,13.8511,0.0,0,17.3,0.0066
4,N2C,1,13.3091,0.0,0,18.0,0.0144
4,S2C,1,12.8743,0.0,0,18.61,0.0206
4,E2C,1,13.5912,0.0,0,17.63,0.0103
4,W2C,1,13.602,0.0,0,17.61,0.0101
5,N2C,1,13.8625,0.0,0,17.28,0.0064
5,S2C,1,13.3115,0.0,0,18.0,0.0143
5,E2C,1,13.8108,0.0,0,17.35,0.0071
5,W2C,1,13.2412,0.0,0,18.09,0.0153
6,N2C,1,13.8031,0.0,0,17.36,0.0073
6,S2C,1,12.8839,0.0,0,18.6,0.0205
6,E2C,1,13.6898,0.0,0,17.5,0.0089
6,W2C,1,13.3881,0.0,0,17.9,0.0132
7,N2C,1,13.4333,0.0,0,17.84,0.0126
7,S2C,1,13.1676,0.0,0,18.2,0.0164
7,E2C,1,13.5311,0.0,0,17.71,0.0112
7,W2C,1,13.2565,0.0,0,18.07,0.0151
8,N2C,1,13.3396,0.0,0,17.96,0.0139
8,S2C,1,13.4053,0.0,0,17.87,0.013
8,E2C,1,13.7234,0.0,0,17.46,0.0084
8,W2C,1,13.3824,0.0,0,17.9,0.0133
9,N2C,1,13.6171,0.0,0,17.6,0.0099
9,S2C,1,13.2033,0.0,0,18.15,0.0159
9,E2C,1,13.5333,0.0,0,17.7,0.0111
9,W2C,1,13.3384,0.0,0,17.96,0.0139
10,N2C,2,13.5008,0.0,0,17.75,0.0176
10,S2C,2,11.7579,0.0,0,20.38,0.0427
10,E2C,2,13.8527,0.0,0,17.3,0.0125
10,W2C,2,12.4695,0.0,0,19.21,0.0325
11,N2C,2,13.3646,0.0,0,17.93,0.0196
11,S2C,2,11.6402,0.0,0,20.58,0.0444
11,E2C,2,13.1486,0.0,0,18.22,0.0227
11,W2C,2,12.4318,0.0,0,19.27,0.033
12,N2C,2,13.3151,0.0,0,17.99,0.0203
12,S2C,2,11.6128,0.0,0,20.63,0.0448
12,E2C,2,13.2735,0.0,0,18.05,0.0209
12,W2C,2,12.4819,0.0,0,19.2,0.0323
13,N2C,2,13.2765,0.0,0,18.05,0.0208
13,S2C,2,11.6903,0.0,0,20.5,0.0437
13,E2C,2,13.002,0.0,0,18.43,0.0248
13,W2C,2,12.0862,0.0,0,19.82,0.038
14,N2C,2,13.3462,0.0,0,17.95,0.0198
14,S2C,2,11.4529,0.0,0,20.92,0.0471
14,E2C,2,13.0364,0.0,0,18.38,0.0243
14,W2C,2,12.5188,0.0,0,19.14,0.0317
15,N2C,2,13.6037,0.0,0,17.61,0.0161
15,S2C,2,12.0916,0.0,0,19.82,0.0379
15,E2C,2,12.8659,0.0,0,18.62,0.0267
15,W2C,2,12.3931,0.0,0,19.33,0.0336
16,N2C,2,12.9833,0.0,0,18.45,0.0251
16,S2C,2,11.8543,0.0,0,20.21,0.0413
16,E2C,2,13.4423,0.0,0,17.82,0.0184
16,W2C,2,12.7905,0.0,0,18.73,0.0278
17,N2C,2,13.7418,0.0,0,17.44,0.0141
17,S2C,2,11.6648,0.0,0,20.54,0.044
17,E2C,2,13.2184,0.0,0,18.13,0.0217
17,W2C,2,12.4619,0.0,0,19.23,0.0326
18,N2C,2,13.6515,0.0,0,17.55,0.0154
18,S2C,2,12.3353,0.0,0,19.42,0.0344
18,E2C,2,11.6795,0.0,0,20.51,0.0438
18,W2C,2,11.5717,0.0,0,20.71,0.0454
19,N2C,2,13.2667,0.0,0,18.06,0.021
19,S2C,3,11.5773,0.0,0,20.7,0.0513
19,E2C,3,11.4005,0.0,0,21.02,0.0538
19,W2C,3,10.7176,0.0,0,22.36,0.0637
20,N2C,2,12.7532,0.0,0,18.79,0.0284
20,S2C,2,11.4259,0.0,0,20.97,0.0475
20,E2C,3,9.9549,0.0,0,24.07,0.0747
20,W2C,3,9.6569,0.0,0,24.81,0.079
21,N2C,2,12.8535,0.0,0,18.64,0.0269
21,S2C,2,11.4563,0.0,0,20.91,0.047
21,E2C,3,9.1864,0.0,0,26.08,0.0857
21,W2C,3,8.7578,0.0,0,27.36,0.0919
22,N2C,2,13.1377,0.0,0,18.24,0.0228
22,S2C,2,11.4294,0.0,0,20.96,0.0474
22,E2C,3,8.9319,0.0,0,26.83,0.0894
22,W2C,3,8.2015,1.0,1,29.21,0.1066
23,N2C,2,12.8778,0.0,0,18.61,0.0266
23,S2C,2,11.2643,0.0,0,21.27,0.0498
23,E2C,3,8.8393,0.0,0,27.11,0.0907
23,W2C,3,8.416,2.0,1,28.47,0.1042
24,N2C,2,12.9651,0.0,0,18.48,0.0253
24,S2C,2,10.9101,0.0,0,21.96,0.0549
24,E2C,3,9.1101,0.0,0,26.3,0.0868
24,W2C,3,8.2669,3.0,1,28.98,0.107
25,N2C,2,13.1628,0.0,0,18.2,0.0225
25,S2C,2,11.1553,0.0,0,21.48,0.0514
25,E2C,3,9.0597,1.0,1,26.45,0.0942
25,W2C,3,8.1219,4.0,1,29.5,0.1097
26,N2C,2,13.3035,0.0,0,18.01,0.0204
26,S2C,2,10.6175,0.0,0,22.57,0.0591
26,E2C,3,8.6438,2.0,1,27.72,0.1009
26,W2C,3,8.2106,5.0,1,29.18,0.1091
27,N2C,2,13.0388,0.0,0,18.38,0.0243
27,S2C,2,10.9074,0.0,0,21.97,0.0549
27,E2C,3,8.3722,3.0,1,28.62,0.1054
27,W2C,3,8.5672,6.0,1,27.97,0.1046
28,N2C,2,13.3302,0.0,0,17.97,0.0201
28,S2C,3,11.9799,0.0,0,20.0,0.0455
28,E2C,4,8.5493,4.0,1,28.03,0.1096
28,W2C,4,9.6084,7.0,1,24.94,0.0963
29,N2C,2,12.7119,0.0,0,18.85,0.029
29,S2C,3,11.8104,0.0,0,20.29,0.0479
29,E2C,4,7.2738,5.0,1,32.94,0.1286
29,W2C,4,9.2312,8.0,1,25.96,0.1024
30,N2C,2,12.8725,0.0,0,18.61,0.0267
30,S2C,3,11.5818,0.0,0,20.69,0.0512
30,E2C,4,6.4103,6.0,1,37.38,0.1417
30,W2C,4,8.3831,9.0,1,28.58,0.1153
31,N2C,2,12.5559,0.0,0,19.08,0.0312
31,S2C,3,11.0281,0.0,0,21.73,0.0592
31,E2C,4,6.4965,7.0,1,36.88,0.1411
31,W2C,4,7.2197,10.0,1,33.19,0.1327
32,N2C,2,13.1169,0.0,0,18.27,0.0231
32,S2C,3,9.9007,0.0,0,24.2,0.0754
32,E2C,4,6.6883,9.0,2,35.82,0.1457
32,W2C,4,6.6142,11.0,1,36.23,0.1421
33,N2C,2,12.6547,0.0,0,18.93,0.0298
33,S2C,3,8.7673,0.0,0,27.33,0.0918
33,E2C,4,6.6868,11.0,2,35.83,0.1471
33,W2C,4,6.5063,12.0,1,36.83,0.1443
34,N2C,2,12.6744,0.0,0,18.9,0.0295
34,S2C,3,8.2463,0.0,0,29.06,0.0993
34,E2C,2,12.7029,0.0,0,18.86,0.0291
34,W2C,2,13.2984,0.0,0,18.02,0.0205
35,N2C,2,12.6443,0.0,0,18.95,0.0299
35,S2C,3,8.2077,0.0,0,29.19,0.0998
35,E2C,2,13.2633,0.0,0,18.06,0.021
35,W2C,2,12.5846,0.0,0,19.04,0.0308
36,N2C,2,12.8951,0.0,0,18.58,0.0263
36,S2C,3,8.2547,1.0,1,29.03,0.1058
36,E2C,2,11.9019,0.0,0,20.13,0.0406
36,W2C,2,11.7142,0.0,0,20.45,0.0433
37,N2C,3,12.6561,0.0,0,18.93,0.0358
37,S2C,4,9.1201,2.0,1,26.27,0.1
37,E2C,3,12.397,0.0,0,19.33,0.0395
37,W2C,3,11.9863,0.0,0,19.99,0.0454
38,N2C,3,10.678,0.0,0,22.44,0.0642
38,S2C,4,9.4257,3.0,1,25.42,0.0963
38,E2C,2,12.7036,0.0,0,18.86,0.0291
38,W2C,2,12.7664,0.0,0,18.77,0.0282
39,N2C,3,9.3505,0.0,0,25.62,0.0834
39,S2C,4,8.9747,4.0,1,26.7,0.1034
39,E2C,2,12.8672,0.0,0,18.62,0.0267
39,W2C,2,12.5583,0.0,0,19.08,0.0312
40,N2C,3,8.6663,0.0,0,27.65,0.0932
40,S2C,4,8.1454,5.0,1,29.42,0.116
40,E2C,2,12.293,0.0,0,19.49,0.035
40,W2C,2,13.0313,0.0,0,18.39,0.0244
41,N2C,3,8.2454,1.0,1,29.06,0.1059
41,S2C,4,6.9063,6.0,1,34.69,0.1346
41,E2C,2,12.6041,0.0,0,19.01,0.0305
41,W2C,2,13.1057,0.0,0,18.28,0.0233
42,N2C,3,7.9839,2.0,1,30.01,0.1104
42,S2C,4,6.3106,7.0,1,37.97,0.1438
42,E2C,2,12.3085,0.0,0,19.47,0.0348
42,W2C,2,13.1776,0.0,0,18.18,0.0223
43,N2C,3,8.276,3.0,1,28.95,0.1068
43,S2C,4,6.138,9.0,2,39.04,0.1536
43,E2C,2,13.1961,0.0,0,18.16,0.022
43,W2C,2,12.8041,0.0,0,18.71,0.0276
44,N2C,3,8.3749,4.0,1,28.61,0.1061
44,S2C,4,6.3618,11.0,2,37.66,0.1517
44,E2C,2,13.0104,0.0,0,18.42,0.0247
44,W2C,2,13.0983,0.0,0,18.29,0.0234
45,N2C,3,7.7567,5.0,1,30.89,0.1156
45,S2C,4,5.5735,13.0,2,42.99,0.1644
45,E2C,2,13.2209,0.0,0,18.12,0.0216
45,W2C,2,13.2723,0.0,0,18.05,0.0209
46,N2C,4,8.1354,6.0,1,29.45,0.1169
46,S2C,5,6.1809,15.0,2,38.76,0.163
46,E2C,2,12.8389,0.0,0,18.66,0.0271
46,W2C,3,12.5895,0.0,0,19.03,0.0367
47,N2C,4,6.8988,7.0,1,34.73,0.1353
47,S2C,5,5.497,17.0,2,43.59,0.1742
47,E2C,2,12.6512,0.0,0,18.94,0.0298
47,W2C,3,12.1413,0.0,0,19.73,0.0432
48,N2C,4,6.223,8.0,1,38.5,0.1457
48,S2C,5,5.4505,19.0,2,43.96,0.1762
48,E2C,2,12.6195,0.0,0,18.99,0.0303
48,W2C,2,12.8877,0.0,0,18.59,0.0264
49,N2C,4,5.9825,10.0,2,40.05,0.1565
49,S2C,5,5.1876,21.0,2,46.19,0.1813
49,E2C,2,13.0016,0.0,0,18.43,0.0248
49,W2C,2,12.7162,0.0,0,18.84,0.0289
50,N2C,4,6.2638,12.0,2,38.25,0.1538
50,S2C,5,5.0114,24.0,3,47.81,0.1918
50,E2C,2,12.7342,0.0,0,18.82,0.0286
50,W2C,2,12.7232,0.0,0,18.83,0.0288
51,N2C,4,6.1575,14.0,2,38.91,0.1567
51,S2C,5,5.035,27.0,3,47.59,0.1935
51,E2C,2,12.3176,0.0,0,19.45,0.0346
51,W2C,2,12.3131,0.0,0,19.46,0.0347
52,N2C,4,6.1842,16.0,2,38.74,0.1576
52,S2C,5,5.0347,30.0,3,47.59,0.1955
52,E2C,2,12.2025,0.0,0,19.64,0.0363
52,W2C,2,12.4792,0.0,0,19.2,0.0323
53,N2C,4,6.1071,18.0,2,39.23,0.1601
53,S2C,5,4.9537,33.0,3,48.37,0.1987
53,E2C,2,12.7515,0.0,0,18.79,0.0284
53,W2C,2,12.2465,0.0,0,19.56,0.0357
54,N2C,4,5.9443,20.0,2,40.31,0.1637
54,S2C,5,5.1341,36.0,3,46.67,0.1981
54,E2C,2,13.174,0.0,0,18.19,0.0223
54,W2C,2,12.2212,0.0,0,19.61,0.036
55,N2C,5,7.3001,22.0,2,32.82,0.1516
55,S2C,6,5.8018,39.0,3,41.3,0.1965
55,E2C,3,12.7826,0.0,0,18.74,0.0339
55,W2C,2,12.6948,0.0,0,18.87,0.0292
56,N2C,5,6.8514,24.0,2,34.97,0.1593
56,S2C,6,5.1062,42.0,3,46.92,0.2085
56,E2C,3,12.6346,0.0,0,18.96,0.0361
56,W2C,2,11.7062,0.0,0,20.47,0.0434
57,N2C,5,6.2064,26.0,2,38.61,0.17
57,S2C,6,4.3335,45.0,3,55.29,0.2216
57,E2C,2,12.3001,0.0,0,19.48,0.0349
57,W2C,2,12.3288,0.0,0,19.43,0.0345
58,N2C,5,5.3354,28.0,2,44.91,0.1838
58,S2C,6,4.0558,49.0,4,59.08,0.2343
58,E2C,2,12.3637,0.0,0,19.38,0.034
58,W2C,2,12.7803,0.0,0,18.75,0.028
59,N2C,5,5.0138,30.0,2,47.79,0.1898
59,S2C,6,4.1126,53.0,4,58.26,0.2361
59,E2C,2,12.3948,0.0,0,19.33,0.0335
59,W2C,2,12.3562,0.0,0,19.39,0.0341
60,N2C,5,4.7181,33.0,3,50.78,0.2021
60,S2C,6,4.1339,57.0,4,57.96,0.2385
60,E2C,2,13.0305,0.0,0,18.39,0.0244
60,W2C,2,12.7873,0.0,0,18.74,0.0279
61,N2C,5,4.6036,36.0,3,52.05,0.2057
61,S2C,6,4.0983,61.0,4,58.46,0.2417
61,E2C,2,12.7674,0.0,0,18.77,0.0282
61,W2C,2,12.9919,0.0,0,18.44,0.0249
62,N2C,5,4.8153,39.0,3,49.76,0.2047
62,S2C,6,3.8847,65.0,4,61.68,0.2474
62,E2C,2,12.9033,0.0,0,18.57,0.0262
62,W2C,2,12.9058,0.0,0,18.57,0.0262
63,N2C,5,4.2707,42.0,3,56.1,0.2145
63,S2C,6,3.1138,69.0,4,76.95,0.2612
63,E2C,2,12.7426,0.0,0,18.8,0.0285
63,W2C,2,12.6844,0.0,0,18.89,0.0294
64,N2C,6,5.0031,45.0,3,47.89,0.212
64,S2C,7,4.016,73.0,4,59.66,0.2568
64,E2C,3,11.3886,0.0,0,21.04,0.054
64,W2C,3,12.8954,0.0,0,18.58,0.0323
65,N2C,6,4.3659,48.0,3,54.88,0.2231
65,S2C,7,3.4148,77.0,4,70.16,0.2682
65,E2C,3,10.1855,0.0,0,23.52,0.0713
65,W2C,3,12.191,0.0,0,19.65,0.0425
66,N2C,6,4.2702,51.0,3,56.11,0.2265
66,S2C,7,3.468,82.0,5,69.09,0.2767
66,E2C,3,8.6951,0.0,0,27.56,0.0928
66,W2C,3,10.9872,0.0,0,21.81,0.0598
67,N2C,4,6.0529,8.0,1,39.58,0.1482
67,S2C,5,4.6787,30.0,3,51.21,0.2006
67,E2C,3,8.3974,0.0,0,28.53,0.0971
67,W2C,3,9.1653,0.0,0,26.14,0.086
68,N2C,4,6.8057,0.0,0,35.21,0.126
68,S2C,5,5.1497,3.0,1,46.53,0.1639
68,E2C,3,8.681,1.0,1,27.6,0.0997
68,W2C,3,8.598,0.0,0,27.87,0.0942
69,N2C,4,7.5411,0.0,0,31.77,0.1154
69,S2C,5,6.0964,0.0,0,39.3,0.1422
69,E2C,3,8.5856,2.0,1,27.91,0.1017
69,W2C,3,8.5588,1.0,1,27.99,0.1014
70,N2C,2,11.5921,0.0,0,20.67,0.0451
70,S2C,4,7.2547,0.0,0,33.03,0.1195
70,E2C,3,8.2157,3.0,1,29.16,0.1077
70,W2C,3,8.3911,2.0,1,28.55,0.1045
71,N2C,2,11.7977,0.0,0,20.31,0.0421
71,S2C,3,9.4412,0.0,0,25.38,0.0821
71,E2C,3,8.4744,4.0,1,28.27,0.1046
71,W2C,3,8.5344,3.0,1,28.07,0.1031
72,N2C,2,12.2867,0.0,0,19.5,0.0351
72,S2C,3,9.5514,0.0,0,25.09,0.0805
72,E2C,3,8.3247,5.0,1,28.78,0.1075
72,W2C,3,8.7612,4.0,1,27.35,0.1005
73,N2C,3,12.8867,0.0,0,18.59,0.0324
73,S2C,3,12.6543,0.0,0,18.93,0.0358
73,E2C,4,9.6753,6.0,1,24.76,0.0947
73,W2C,4,9.574,5.0,1,25.03,0.0955
74,N2C,3,12.492,0.0,0,19.18,0.0381
74,S2C,3,12.8352,0.0,0,18.67,0.0332
74,E2C,4,8.7314,7.0,1,27.44,0.1089
74,W2C,4,8.1851,6.0,1,29.27,0.1161
75,N2C,3,12.5764,0.0,0,19.05,0.0369
75,S2C,3,12.0844,0.0,0,19.83,0.044
75,E2C,4,8.2158,8.0,1,29.16,0.117
75,W2C,4,6.9541,7.0,1,34.45,0.1345
76,N2C,3,12.5805,0.0,0,19.05,0.0369
76,S2C,2,13.1271,0.0,0,18.25,0.023
76,E2C,4,6.8459,9.0,1,35.0,0.1374
76,W2C,4,6.6805,8.0,1,35.87,0.1391
77,N2C,2,13.1773,0.0,0,18.18,0.0223
77,S2C,2,12.9688,0.0,0,18.48,0.0253
77,E2C,4,6.3381,11.0,2,37.8,0.1521
77,W2C,4,6.9035,10.0,2,34.71,0.1433
78,N2C,2,13.1506,0.0,0,18.22,0.0226
78,S2C,2,13.0116,0.0,0,18.41,0.0246
78,E2C,4,6.8471,13.0,2,34.99,0.1461
78,W2C,4,6.8988,12.0,2,34.73,0.1447
79,N2C,2,13.1555,0.0,0,18.21,0.0226
79,S2C,2,13.0565,0.0,0,18.35,0.024
79,E2C,4,6.6437,15.0,2,36.06,0.1503
79,W2C,4,6.6232,14.0,2,36.18,0.15
80,N2C,2,13.0714,0.0,0,18.33,0.0238
80,S2C,2,12.8448,0.0,0,18.65,0.027
80,E2C,4,6.497,17.0,2,36.88,0.1538
80,W2C,4,6.6057,16.0,2,36.27,0.1516
81,N2C,2,13.0355,0.0,0,18.38,0.0243
81,S2C,2,13.2826,0.0,0,18.04,0.0207
81,E2C,4,5.6129,19.0,2,42.69,0.1678
81,W2C,4,5.6247,18.0,2,42.6,0.167
82,N2C,2,13.6786,0.0,0,17.52,0.015
82,S2C,3,12.8791,0.0,0,18.6,0.0326
82,E2C,5,6.3987,21.0,2,37.45,0.1639
82,W2C,5,6.1282,20.0,2,39.1,0.1671
83,N2C,2,12.7801,0.0,0,18.75,0.028
83,S2C,3,12.7278,0.0,0,18.82,0.0347
83,E2C,5,5.5781,23.0,2,42.95,0.177
83,W2C,5,5.4105,22.0,2,44.28,0.1788
84,N2C,2,12.7004,0.0,0,18.87,0.0291
84,S2C,2,12.7291,0.0,0,18.82,0.0287
84,E2C,5,5.2511,25.0,2,45.63,0.1831
84,W2C,5,5.0826,24.0,2,47.14,0.1848
85,N2C,2,12.9564,0.0,0,18.49,0.0254
85,S2C,2,13.2239,0.0,0,18.12,0.0216
85,E2C,5,5.211,27.0,2,45.98,0.185
85,W2C,5,4.8163,27.0,3,49.75,0.1967
86,N2C,2,12.8314,0.0,0,18.67,0.0272
86,S2C,2,13.3923,0.0,0,17.89,0.0192
86,E2C,5,5.3764,30.0,3,44.57,0.1906
86,W2C,5,5.1229,30.0,3,46.77,0.1942
87,N2C,2,13.1874,0.0,0,18.17,0.0221
87,S2C,2,13.4505,0.0,0,17.81,0.0183
87,E2C,5,5.3321,33.0,3,44.94,0.1932
87,W2C,5,4.8479,33.0,3,49.42,0.2002
88,N2C,2,13.3597,0.0,0,17.93,0.0196
88,S2C,2,13.2572,0.0,0,18.07,0.0211
88,E2C,5,5.3653,36.0,3,44.66,0.1947
88,W2C,5,5.0685,36.0,3,47.27,0.199
89,N2C,2,12.9777,0.0,0,18.46,0.0251
89,S2C,2,13.5653,0.0,0,17.66,0.0167
89,E2C,5,5.3283,39.0,3,44.97,0.1973
89,W2C,5,5.1227,39.0,3,46.77,0.2002
90,N2C,2,12.7374,0.0,0,18.81,0.0286
90,S2C,2,13.2781,0.0,0,18.04,0.0208
90,E2C,5,4.6498,42.0,3,51.53,0.209
90,W2C,5,4.4639,42.0,3,53.67,0.2117
91,N2C,2,13.4703,0.0,0,17.79,0.018
91,S2C,2,13.5762,0.0,0,17.65,0.0165
91,E2C,6,5.4979,45.0,3,43.58,0.2048
91,W2C,6,5.2139,45.0,3,45.95,0.2089
92,N2C,2,12.9347,0.0,0,18.52,0.0258
92,S2C,2,12.9619,0.0,0,18.48,0.0254
92,E2C,6,4.5865,48.0,3,52.24,0.22
92,W2C,6,4.4467,48.0,3,53.88,0.222
93,N2C,2,13.4149,0.0,0,17.86,0.0188
93,S2C,2,13.3733,0.0,0,17.92,0.0194
93,E2C,6,4.3443,51.0,3,55.15,0.2254
93,W2C,6,4.2417,51.0,3,56.49,0.2269
94,N2C,2,12.9449,0.0,0,18.51,0.0256
94,S2C,2,13.3079,0.0,0,18.0,0.0204
94,E2C,6,4.3846,55.0,4,54.65,0.2335
94,W2C,6,4.2741,55.0,4,56.06,0.2351
95,N2C,2,13.3151,0.0,0,17.99,0.0203
95,S2C,2,13.4076,0.0,0,17.87,0.0189
95,E2C,6,4.419,59.0,4,54.22,0.2357
95,W2C,6,4.1998,59.0,4,57.05,0.2389
96,N2C,2,13.4521,0.0,0,17.81,0.0183
96,S2C,2,13.2864,0.0,0,18.03,0.0207
96,E2C,6,4.5384,63.0,4,52.79,0.2367
96,W2C,6,4.0339,63.0,4,59.4,0.2439
97,N2C,2,13.4576,0.0,0,17.8,0.0182
97,S2C,2,13.1234,0.0,0,18.26,0.023
97,E2C,6,4.4423,67.0,4,53.94,0.2407
97,W2C,6,4.2595,67.0,4,56.25,0.2433
98,N2C,2,12.9798,0.0,0,18.46,0.0251
98,S2C,2,13.1954,0.0,0,18.16,0.022
98,E2C,6,4.2004,71.0,4,57.04,0.2469
98,W2C,6,4.1522,71.0,4,57.7,0.2475
99,N2C,2,13.5831,0.0,0,17.64,0.0164
99,S2C,2,12.1479,0.0,0,19.72,0.0371
99,E2C,6,3.4384,75.0,4,69.68,0.2605
99,W2C,6,4.0991,75.0,4,58.45,0.251
100,N2C,3,12.4792,0.0,0,19.2,0.0383
100,S2C,3,11.0537,0.0,0,21.68,0.0588
100,E2C,5,6.2163,22.0,2,38.54,0.1672
100,W2C,5,7.2351,23.0,2,33.12,0.1532
101,N2C,3,10.6753,0.0,0,22.44,0.0643
101,S2C,3,9.3982,0.0,0,25.49,0.0827
101,E2C,5,5.9217,0.0,0,40.46,0.1447
101,W2C,5,6.5473,0.0,0,36.6,0.1357
102,N2C,3,9.1201,0.0,0,26.27,0.0867
102,S2C,3,8.8849,0.0,0,26.97,0.0901
102,E2C,5,6.5778,0.0,0,36.43,0.1353
102,W2C,5,6.8771,0.0,0,34.84,0.131
103,N2C,3,8.6624,0.0,0,27.66,0.0933
103,S2C,3,8.469,1.0,1,28.29,0.1027
103,E2C,4,8.4567,0.0,0,28.33,0.1022
103,W2C,3,9.3063,0.0,0,25.75,0.084
104,N2C,3,9.025,0.0,0,26.55,0.0881
104,S2C,3,8.8936,2.0,1,26.94,0.0973
104,E2C,3,10.2991,0.0,0,23.26,0.0697
104,W2C,3,10.02,0.0,0,23.91,0.0737
105,N2C,3,9.1202,1.0,1,26.27,0.0933
105,S2C,3,8.6992,3.0,1,27.54,0.1007
105,E2C,3,10.9681,0.0,0,21.85,0.0601
105,W2C,3,10.5886,0.0,0,22.63,0.0655
106,N2C,3,9.109,2.0,1,26.3,0.0942
106,S2C,3,8.6955,4.0,1,27.55,0.1015
106,E2C,2,12.9568,0.0,0,18.49,0.0254
106,W2C,2,12.4853,0.0,0,19.19,0.0322
107,N2C,3,8.6257,3.0,1,27.78,0.1018
107,S2C,3,8.8423,5.0,1,27.1,0.1
107,E2C,2,13.3276,0.0,0,17.98,0.0201
107,W2C,2,12.4865,0.0,0,19.19,0.0322
108,N2C,3,7.9626,4.0,1,30.09,0.112
108,S2C,3,8.0684,6.0,1,29.7,0.1118
108,E2C,2,13.5181,0.0,0,17.72,0.0174
108,W2C,2,12.6233,0.0,0,18.98,0.0302
109,N2C,4,7.9987,5.0,1,29.96,0.1182
109,S2C,4,9.0498,7.0,1,26.48,0.1044
109,E2C,2,12.2344,0.0,0,19.58,0.0358
109,W2C,2,12.8471,0.0,0,18.65,0.027
110,N2C,4,7.0042,6.0,1,34.21,0.1331
110,S2C,4,7.7351,8.0,1,30.98,0.124
110,E2C,2,12.3343,0.0,0,19.43,0.0344
110,W2C,2,12.6421,0.0,0,18.95,0.03
111,N2C,4,6.2065,8.0,2,38.6,0.152
111,S2C,4,6.5217,9.0,1,36.74,0.1421
111,E2C,2,12.0466,0.0,0,19.89,0.0385
111,W2C,2,12.9928,0.0,0,18.44,0.0249
112,N2C,4,6.2439,10.0,2,38.37,0.1528
112,S2C,4,5.9823,10.0,1,40.05,0.1505
112,E2C,2,12.3761,0.0,0,19.36,0.0338
112,W2C,2,13.2257,0.0,0,18.12,0.0216
113,N2C,4,6.0164,12.0,2,39.82,0.1574
113,S2C,4,6.3156,12.0,2,37.94,0.1531
113,E2C,2,12.0501,0.0,0,19.88,0.0385
113,W2C,2,13.3133,0.0,0,18.0,0.0203
114,N2C,4,6.1221,14.0,2,39.14,0.1572
114,S2C,4,6.0562,14.0,2,39.56,0.1581
114,E2C,2,11.8056,0.0,0,20.3,0.042
114,W2C,2,12.9781,0.0,0,18.46,0.0251
115,N2C,4,6.1406,16.0,2,39.02,0.1582
115,S2C,4,6.0918,16.0,2,39.33,0.159
115,E2C,2,12.5909,0.0,0,19.03,0.0307
115,W2C,2,12.9193,0.0,0,18.55,0.026
116,N2C,4,6.1152,18.0,2,39.18,0.1599
116,S2C,4,5.7737,18.0,2,41.5,0.1649
116,E2C,2,12.6802,0.0,0,18.9,0.0294
116,W2C,2,12.9345,0.0,0,18.52,0.0258
117,N2C,4,5.1511,20.0,2,46.51,0.1752
117,S2C,4,4.9784,20.0,2,48.13,0.1776
117,E2C,2,12.561,0.0,0,19.07,0.0311
117,W2C,2,12.9566,0.0,0,18.49,0.0254
118,N2C,5,6.189,22.0,2,38.71,0.1676
118,S2C,5,5.8784,22.0,2,40.76,0.172
118,E2C,2,12.6634,0.0,0,18.92,0.0297
118,W2C,3,13.171,0.0,0,18.19,0.0284
119,N2C,5,5.0688,24.0,2,47.27,0.185
119,S2C,5,5.0201,24.0,2,47.73,0.1857
119,E2C,2,12.1772,0.0,0,19.68,0.0367
119,W2C,3,12.6356,0.0,0,18.96,0.0361
120,N2C,5,4.9712,26.0,2,48.2,0.1878
120,S2C,5,4.6759,27.0,3,51.24,0.1987
120,E2C,2,12.1253,0.0,0,19.76,0.0374
120,W2C,2,13.4854,0.0,0,17.77,0.0178
121,N2C,5,4.8711,29.0,3,49.19,0.1972
121,S2C,5,4.9584,30.0,3,48.32,0.1966
121,E2C,2,12.2312,0.0,0,19.59,0.0359
121,W2C,2,13.3335,0.0,0,17.97,0.02
122,N2C,5,5.1068,32.0,3,46.92,0.1958
122,S2C,5,5.0236,33.0,3,47.69,0.1977
122,E2C,2,12.3081,0.0,0,19.47,0.0348
122,W2C,2,13.0647,0.0,0,18.34,0.0239
123,N2C,5,4.927,35.0,3,48.63,0.2004
123,S2C,5,4.8887,36.0,3,49.01,0.2016
123,E2C,2,12.8354,0.0,0,18.67,0.0272
123,W2C,2,13.0086,0.0,0,18.42,0.0247
124,N2C,5,4.76,38.0,3,50.34,0.2048
124,S2C,5,4.9181,39.0,3,48.72,0.2032
124,E2C,2,12.6073,0.0,0,19.0,0.0305
124,W2C,2,13.4892,0.0,0,17.76,0.0178
125,N2C,5,4.8194,41.0,3,49.72,0.2059
125,S2C,5,4.716,42.0,3,50.81,0.2081
125,E2C,2,12.6144,0.0,0,18.99,0.0304
125,W2C,2,13.2582,0.0,0,18.07,0.0211
126,N2C,5,4.8345,44.0,3,49.56,0.2077
126,S2C,5,4.8668,45.0,3,49.23,0.2079
126,E2C,2,12.4987,0.0,0,19.17,0.032
126,W2C,2,13.2557,0.0,0,18.08,0.0211
127,N2C,6,6.3616,47.0,3,37.66,0.1937
127,S2C,6,6.3895,48.0,3,37.5,0.194
127,E2C,3,12.8341,0.0,0,18.67,0.0332
127,W2C,2,13.3799,0.0,0,17.91,0.0193
128,N2C,6,5.8852,50.0,3,40.71,0.2026
128,S2C,6,6.3611,51.0,3,37.67,0.1964
128,E2C,3,12.6976,0.0,0,18.87,0.0352
128,W2C,2,12.6878,0.0,0,18.88,0.0293
129,N2C,6,5.2421,53.0,3,45.71,0.2139
129,S2C,6,5.9822,54.0,3,40.05,0.2039
129,E2C,3,12.264,0.0,0,19.54,0.0414
129,W2C,2,13.3853,0.0,0,17.9,0.0193
130,N2C,6,4.4839,56.0,3,53.44,0.2268
130,S2C,6,5.21,57.0,3,45.99,0.217
130,E2C,3,11.0214,0.0,0,21.74,0.0593
130,W2C,2,12.9244,0.0,0,18.54,0.0259
131,N2C,6,4.23,59.0,3,56.64,0.2324
131,S2C,6,4.7355,60.0,3,50.6,0.2258
131,E2C,3,9.5421,0.0,0,25.11,0.0806
131,W2C,2,12.7373,0.0,0,18.81,0.0286
132,N2C,6,4.1298,62.0,3,58.02,0.2359
132,S2C,6,4.3577,63.0,3,54.98,0.2333
132,E2C,3,8.6742,1.0,1,27.62,0.0998
132,W2C,2,13.1981,0.0,0,18.15,0.022
133,N2C,4,6.5244,14.0,2,36.72,0.1514
133,S2C,4,6.4242,15.0,2,37.3,0.1535
133,E2C,3,8.7626,2.0,1,27.34,0.0992
133,W2C,2,13.0324,0.0,0,18.38,0.0243
134,N2C,4,6.4273,0.0,0,37.28,0.1315
134,S2C,4,6.529,0.0,0,36.7,0.13
134,E2C,3,8.6033,3.0,1,27.85,0.1021
134,W2C,2,13.3815,0.0,0,17.91,0.0193
135,N2C,4,6.4892,0.0,0,36.92,0.1306
135,S2C,4,7.0735,0.0,0,33.87,0.1222
135,E2C,3,8.21,4.0,1,29.18,0.1085
135,W2C,2,13.0881,0.0,0,18.31,0.0235
136,N2C,3,10.5728,0.0,0,22.66,0.0658
136,S2C,3,10.7197,0.0,0,22.35,0.0636
136,E2C,4,8.6766,5.0,1,27.61,0.1084
136,W2C,3,11.3516,0.0,0,21.11,0.0546
137,N2C,3,10.3781,0.0,0,23.09,0.0686
137,S2C,3,10.969,0.0,0,21.84,0.0601
137,E2C,4,7.5271,6.0,1,31.83,0.1256
137,W2C,3,9.9095,0.0,0,24.18,0.0753
138,N2C,2,12.2313,0.0,0,19.59,0.0359
138,S2C,3,10.941,0.0,0,21.9,0.0605
138,E2C,4,6.6572,7.0,1,35.99,0.1388
138,W2C,3,8.4534,0.0,0,28.34,0.0963
139,N2C,2,12.5881,0.0,0,19.03,0.0307
139,S2C,2,13.1164,0.0,0,18.27,0.0231
139,E2C,4,6.6666,8.0,1,35.94,0.1393
139,W2C,3,8.8465,0.0,0,27.08,0.0906
140,N2C,2,12.9171,0.0,0,18.55,0.026
140,S2C,2,13.0908,0.0,0,18.3,0.0235
140,E2C,4,6.6118,10.0,2,36.24,0.1475
140,W2C,3,8.5634,1.0,1,27.98,0.1014
141,N2C,2,12.3787,0.0,0,19.36,0.0338
141,S2C,2,13.6015,0.0,0,17.62,0.0162
141,E2C,4,6.5302,12.0,2,36.69,0.15
141,W2C,3,8.5335,2.0,1,28.08,0.1025
142,N2C,2,12.5419,0.0,0,19.1,0.0314
142,S2C,2,13.3648,0.0,0,17.93,0.0196
142,E2C,4,6.5242,14.0,2,36.72,0.1514
142,W2C,3,8.5907,3.0,1,27.89,0.1023
143,N2C,2,12.8509,0.0,0,18.64,0.027
143,S2C,2,13.3096,0.0,0,18.0,0.0204
143,E2C,4,6.683,16.0,2,35.85,0.1504
143,W2C,3,8.9611,4.0,1,26.74,0.0976
144,N2C,2,12.4288,0.0,0,19.28,0.033
144,S2C,2,13.1001,0.0,0,18.29,0.0234
144,E2C,4,5.6738,18.0,2,42.23,0.1663
144,W2C,3,7.8919,5.0,1,30.36,0.1137
145,N2C,3,13.0587,0.0,0,18.35,0.03
145,S2C,2,12.4584,0.0,0,19.23,0.0326
145,E2C,5,6.119,20.0,2,39.16,0.1672
145,W2C,4,8.8518,6.0,1,27.07,0.1065
146,N2C,3,12.6198,0.0,0,18.99,0.0363
146,S2C,2,12.7534,0.0,0,18.79,0.0284
146,E2C,5,5.1184,22.0,2,46.81,0.183
146,W2C,4,7.8614,7.0,1,30.48,0.1215
147,N2C,2,13.1308,0.0,0,18.25,0.0229
147,S2C,2,12.3717,0.0,0,19.37,0.0339
147,E2C,5,5.0842,25.0,3,47.13,0.1915
147,W2C,4,6.8788,8.0,1,34.83,0.1363
148,N2C,2,12.8196,0.0,0,18.69,0.0274
148,S2C,2,12.369,0.0,0,19.37,0.0339
148,E2C,5,5.1007,28.0,3,46.97,0.1932
148,W2C,4,6.462,9.0,1,37.08,0.143
149,N2C,2,13.1347,0.0,0,18.24,0.0229
149,S2C,2,12.1329,0.0,0,19.75,0.0373
149,E2C,5,5.12,31.0,3,46.8,0.1949
149,W2C,4,6.2322,10.0,1,38.45,0.1469
150,N2C,2,12.6153,0.0,0,18.99,0.0304
150,S2C,2,12.7632,0.0,0,18.77,0.0282
150,E2C,5,5.1012,34.0,3,46.97,0.1972
150,W2C,4,6.1777,12.0,2,38.78,0.155
151,N2C,2,13.5088,0.0,0,17.74,0.0175
151,S2C,2,13.0986,0.0,0,18.29,0.0234
151,E2C,5,5.2186,37.0,3,45.91,0.1975
151,W2C,4,6.2295,14.0,2,38.46,0.1556
152,N2C,2,13.218,0.0,0,18.13,0.0217
152,S2C,2,13.0969,0.0,0,18.29,0.0234
152,E2C,5,4.9113,40.0,3,48.79,0.2039
152,W2C,4,6.2297,16.0,2,38.46,0.157
153,N2C,2,13.3695,0.0,0,17.92,0.0195
153,S2C,2,12.8638,0.0,0,18.63,0.0268
153,E2C,5,4.2626,43.0,3,56.21,0.2153
153,W2C,4,5.6618,18.0,2,42.32,0.1665
154,N2C,2,13.0587,0.0,0,18.35,0.024
154,S2C,2,12.7033,0.0,0,18.86,0.0291
154,E2C,6,5.017,46.0,3,47.76,0.2124
154,W2C,5,6.5141,20.0,2,36.78,0.1615
155,N2C,2,12.51,0.0,0,19.15,0.0319
155,S2C,2,12.1739,0.0,0,19.68,0.0367
155,E2C,6,4.2128,49.0,3,56.87,0.226
155,W2C,5,5.4787,22.0,2,43.73,0.1778
156,N2C,2,13.1198,0.0,0,18.26,0.0231
156,S2C,2,12.2665,0.0,0,19.53,0.0354
156,E2C,6,4.0318,52.0,3,59.43,0.2306
156,W2C,5,5.1586,24.0,2,46.45,0.1837
157,N2C,2,12.3137,0.0,0,19.46,0.0347
157,S2C,2,12.586,0.0,0,19.04,0.0308
157,E2C,6,4.1155,56.0,4,58.22,0.2381
157,W2C,5,5.1342,27.0,3,46.67,0.1921
158,N2C,2,12.8387,0.0,0,18.66,0.0271
158,S2C,2,12.1646,0.0,0,19.7,0.0368
158,E2C,6,4.3187,60.0,4,55.48,0.2378
158,W2C,5,4.9321,30.0,3,48.58,0.197
159,N2C,2,13.1544,0.0,0,18.21,0.0226
159,S2C,2,12.5644,0.0,0,19.07,0.0311
159,E2C,6,4.3065,64.0,4,55.64,0.2407
159,W2C,5,5.0423,33.0,3,47.52,0.1974
160,N2C,2,12.5508,0.0,0,19.09,0.0313
160,S2C,2,12.4606,0.0,0,19.23,0.0326
160,E2C,6,4.236,68.0,4,56.56,0.2443
160,W2C,5,4.8961,36.0,3,48.94,0.2015
161,N2C,2,12.7738,0.0,0,18.76,0.0281
161,S2C,2,12.0033,0.0,0,19.96,0.0392
161,E2C,6,4.2158,72.0,4,56.83,0.2473
161,W2C,5,4.8031,39.0,3,49.88,0.2048
162,N2C,2,13.1036,0.0,0,18.29,0.0233
162,S2C,2,12.163,0.0,0,19.7,0.0369
162,E2C,6,4.0609,76.0,4,59.0,0.2522
162,W2C,5,4.7363,42.0,3,50.59,0.2078
163,N2C,3,12.7319,0.0,0,18.82,0.0347
163,S2C,3,12.9571,0.0,0,18.49,0.0314
163,E2C,7,5.2884,80.0,4,45.31,0.2432
163,W2C,6,6.2366,45.0,3,38.42,0.1942
164,N2C,3,11.155,0.0,0,21.48,0.0574
164,S2C,3,12.6275,0.0,0,18.97,0.0362
164,E2C,7,4.4235,84.0,4,54.17,0.2583
164,W2C,6,5.4631,48.0,3,43.86,0.2073
165,N2C,3,9.735,0.0,0,24.61,0.0778
165,S2C,3,11.4845,0.0,0,20.86,0.0526
165,E2C,7,3.9693,88.0,4,60.36,0.2675
165,W2C,6,4.5894,51.0,3,52.21,0.2219
166,N2C,3,8.7208,0.0,0,27.47,0.0924
166,S2C,3,10.3848,0.0,0,23.07,0.0685
166,E2C,5,5.0983,31.0,3,47.0,0.1953
166,W2C,4,6.5725,10.0,1,36.45,0.142
167,N2C,3,8.5352,0.0,0,28.07,0.0951
167,S2C,3,9.3498,0.0,0,25.63,0.0834
167,E2C,5,5.7937,2.0,1,41.36,0.1539
167,W2C,4,7.051,0.0,0,33.98,0.1225
168,N2C,3,8.4862,0.0,0,28.23,0.0958
168,S2C,3,8.7162,1.0,1,27.49,0.0992
168,E2C,5,6.3032,0.0,0,38.01,0.1392
168,W2C,4,7.9611,0.0,0,30.1,0.1094
169,N2C,3,8.6613,1.0,1,27.66,0.1
169,S2C,3,9.0741,2.0,1,26.4,0.0947
169,E2C,3,9.9604,0.0,0,24.06,0.0746
169,W2C,3,9.9301,0.0,0,24.13,0.075
170,N2C,3,8.2205,2.0,1,29.15,0.107
170,S2C,3,9.0806,3.0,1,26.39,0.0953
170,E2C,3,10.0169,0.0,0,23.92,0.0738
170,W2C,2,12.7963,0.0,0,18.72,0.0277
171,N2C,3,7.5379,3.0,1,31.79,0.1175
171,S2C,3,7.9576,4.0,1,30.11,0.1121
171,E2C,3,10.524,0.0,0,22.77,0.0665
171,W2C,2,13.4747,0.0,0,17.78,0.018
172,N2C,4,8.658,4.0,1,27.67,0.108
172,S2C,4,8.4547,5.0,1,28.34,0.1116
172,E2C,2,13.2785,0.0,0,18.04,0.0208
172,W2C,3,13.2537,0.0,0,18.08,0.0272
173,N2C,4,7.1864,5.0,1,33.34,0.1299
173,S2C,4,7.4644,6.0,1,32.1,0.1265
173,E2C,2,13.1744,0.0,0,18.19,0.0223
173,W2C,2,13.736,0.0,0,17.44,0.0142
174,N2C,4,6.3447,6.0,1,37.76,0.1426
174,S2C,4,6.6532,7.0,1,36.01,0.1389
174,E2C,2,12.9396,0.0,0,18.52,0.0257
174,W2C,2,12.9933,0.0,0,18.44,0.0249
175,N2C,4,6.4483,8.0,2,37.16,0.1485
175,S2C,4,6.767,8.0,1,35.41,0.1379
175,E2C,2,13.0519,0.0,0,18.36,0.0241
175,W2C,2,12.9171,0.0,0,18.55,0.026
176,N2C,4,6.3663,10.0,2,37.64,0.151
176,S2C,4,6.6036,9.0,1,36.28,0.1409
176,E2C,2,12.7722,0.0,0,18.76,0.0281
176,W2C,2,12.9806,0.0,0,18.46,0.0251
177,N2C,4,6.5347,12.0,2,36.67,0.1499
177,S2C,4,6.6475,11.0,2,36.04,0.1476
177,E2C,2,12.655,0.0,0,18.93,0.0298
177,W2C,2,13.0264,0.0,0,18.39,0.0244
178,N2C,4,6.492,14.0,2,36.91,0.1519
178,S2C,4,6.4567,13.0,2,37.11,0.1517
178,E2C,2,12.514,0.0,0,19.15,0.0318
178,W2C,2,12.9065,0.0,0,18.56,0.0262
179,N2C,4,6.2962,16.0,2,38.05,0.156
179,S2C,4,6.7754,15.0,2,35.36,0.1484
179,E2C,2,13.0403,0.0,0,18.37,0.0242
179,W2C,2,12.7576,0.0,0,18.78,0.0283
180,N2C,4,6.5985,18.0,2,36.31,0.153
180,S2C,4,5.4395,17.0,2,44.05,0.169
180,E2C,2,12.7129,0.0,0,18.85,0.0289
180,W2C,2,13.0375,0.0,0,18.38,0.0243
181,N2C,5,7.5175,20.0,2,31.87,0.1471
181,S2C,5,6.3652,19.0,2,37.64,0.163
181,E2C,3,13.1707,0.0,0,18.19,0.0284
181,W2C,3,13.1972,0.0,0,18.16,0.028
182,N2C,5,6.4546,22.0,2,37.12,0.1637
182,S2C,5,5.2641,21.0,2,45.52,0.1802
182,E2C,2,12.9731,0.0,0,18.47,0.0252
182,W2C,2,13.2182,0.0,0,18.13,0.0217
183,N2C,5,5.6779,24.0,2,42.2,0.1762
183,S2C,5,5.3893,23.0,2,44.46,0.1797
183,E2C,2,13.4404,0.0,0,17.83,0.0185
183,W2C,2,12.9863,0.0,0,18.45,0.025
184,N2C,5,5.5771,26.0,2,42.96,0.179
184,S2C,5,5.3621,26.0,3,44.68,0.1881
184,E2C,2,13.4378,0.0,0,17.83,0.0185
184,W2C,2,12.8683,0.0,0,18.62,0.0267
185,N2C,5,5.4102,28.0,2,44.29,0.1828
185,S2C,5,5.1671,29.0,3,46.37,0.1929
185,E2C,2,13.1694,0.0,0,18.19,0.0224
185,W2C,2,12.7981,0.0,0,18.72,0.0277
186,N2C,5,5.1567,31.0,3,46.46,0.1944
186,S2C,5,5.2101,32.0,3,45.99,0.1943
186,E2C,2,13.4359,0.0,0,17.83,0.0185
186,W2C,2,13.4148,0.0,0,17.86,0.0188
187,N2C,5,5.407,34.0,3,44.31,0.1928
187,S2C,5,5.1887,35.0,3,46.18,0.1966
187,E2C,2,13.7239,0.0,0,17.46,0.0144
187,W2C,2,13.1651,0.0,0,18.2,0.0224
188,N2C,5,4.9725,37.0,3,48.19,0.2011
188,S2C,5,5.4437,38.0,3,44.01,0.195
188,E2C,2,13.5197,0.0,0,17.72,0.0173
188,W2C,2,13.3092,0.0,0,18.0,0.0204
189,N2C,5,4.3939,40.0,3,54.53,0.2114
189,S2C,5,4.7395,41.0,3,50.55,0.2071
189,E2C,2,13.8353,0.0,0,17.32,0.0128
189,W2C,2,13.3739,0.0,0,17.92,0.0194
190,N2C,6,5.1688,43.0,3,46.36,0.2082
190,S2C,6,5.2966,44.0,3,45.24,0.2071
190,E2C,2,13.7864,0.0,0,17.38,0.0135
190,W2C,2,13.4821,0.0,0,17.77,0.0179
191,N2C,6,4.5171,46.0,3,53.04,0.2196
191,S2C,6,4.6058,47.0,3,52.02,0.219
191,E2C,2,13.3764,0.0,0,17.91,0.0194
191,W2C,2,13.185,0.0,0,18.17,0.0222
192,N2C,6,4.4154,50.0,4,54.26,0.2298
192,S2C,6,4.5318,51.0,4,52.87,0.2287
192,E2C,2,13.0255,0.0,0,18.39,0.0244
192,W2C,2,12.6078,0.0,0,19.0,0.0305
193,N2C,6,4.3503,54.0,4,55.08,0.2334
193,S2C,6,4.276,55.0,4,56.03,0.2351
193,E2C,2,13.0356,0.0,0,18.38,0.0243
193,W2C,2,12.5327,0.0,0,19.12,0.0315
194,N2C,6,4.3814,58.0,4,54.69,0.2356
194,S2C,6,4.3196,59.0,4,55.47,0.2371
194,E2C,2,13.0564,0.0,0,18.35,0.024
194,W2C,2,13.2711,0.0,0,18.05,0.0209
195,N2C,6,4.5087,62.0,4,53.14,0.2364
195,S2C,6,4.4916,63.0,4,53.34,0.2373
195,E2C,2,13.5364,0.0,0,17.7,0.0171
195,W2C,2,13.4076,0.0,0,17.87,0.0189
196,N2C,6,4.2788,66.0,4,56.0,0.2424
196,S2C,6,4.1426,67.0,4,57.84,0.245
196,E2C,2,13.1587,0.0,0,18.21,0.0225
196,W2C,2,13.2657,0.0,0,18.06,0.021
197,N2C,6,3.9844,70.0,4,60.14,0.2493
197,S2C,6,3.9968,71.0,4,59.95,0.2498
197,E2C,2,12.9688,0.0,0,18.48,0.0253
197,W2C,2,12.7127,0.0,0,18.85,0.029
198,N2C,6,3.4589,74.0,4,69.27,0.2595
198,S2C,6,3.2988,75.0,4,72.63,0.2625
198,E2C,2,12.2256,0.0,0,19.6,0.036
198,W2C,2,13.0527,0.0,0,18.36,0.0241
199,N2C,5,6.1255,22.0,2,39.11,0.1685
199,S2C,5,6.0409,24.0,2,39.66,0.171
199,E2C,3,11.2208,0.0,0,21.35,0.0564
199,W2C,3,12.1141,0.0,0,19.78,0.0436
200,N2C,5,5.8465,0.0,0,40.98,0.1458
200,S2C,5,5.9904,0.0,0,40.0,0.1437
200,E2C,3,9.6767,0.0,0,24.76,0.0787
200,W2C,3,10.6425,0.0,0,22.51,0.0648
201,N2C,5,6.9076,0.0,0,34.69,0.1305
201,S2C,5,6.7787,0.0,0,35.35,0.1324
201,E2C,3,9.0728,0.0,0,26.41,0.0874
201,W2C,3,8.8375,0.0,0,27.11,0.0908
202,N2C,3,9.4838,0.0,0,25.26,0.0814
202,S2C,4,8.1942,0.0,0,29.24,0.106
202,E2C,3,8.9964,1.0,1,26.63,0.0951
202,W2C,3,8.0643,1.0,1,29.71,0.1086
203,N2C,3,10.1391,0.0,0,23.63,0.072
203,S2C,3,9.8915,0.0,0,24.22,0.0756
203,E2C,3,8.797,2.0,1,27.24,0.0987
203,W2C,3,8.2834,2.0,1,28.93,0.1061
204,N2C,2,13.34,0.0,0,17.96,0.0199
204,S2C,3,10.2785,0.0,0,23.31,0.07
204,E2C,3,8.6809,3.0,1,27.6,0.101
204,W2C,3,8.3274,3.0,1,28.77,0.1061
205,N2C,2,13.3565,0.0,0,17.94,0.0197
205,S2C,2,13.0868,0.0,0,18.31,0.0236
205,E2C,3,9.1028,4.0,1,26.32,0.0956
205,W2C,3,8.3172,4.0,1,28.81,0.1069
206,N2C,2,13.2628,0.0,0,18.07,0.021
206,S2C,2,13.4623,0.0,0,17.8,0.0182
206,E2C,3,8.65,5.0,1,27.7,0.1028
206,W2C,3,8.3385,5.0,1,28.73,0.1073
207,N2C,2,13.1793,0.0,0,18.18,0.0222
207,S2C,2,13.3683,0.0,0,17.92,0.0195
207,E2C,3,8.1642,6.0,1,29.35,0.1104
207,W2C,3,7.284,6.0,1,32.89,0.1231
208,N2C,2,12.2588,0.0,0,19.55,0.0355
208,S2C,3,13.1869,0.0,0,18.17,0.0281
208,E2C,4,8.7787,7.0,1,27.29,0.1083
208,W2C,4,8.2893,7.0,1,28.9,0.1153
209,N2C,2,12.6757,0.0,0,18.9,0.0295
209,S2C,2,12.339,0.0,0,19.42,0.0343
209,E2C,4,7.5229,8.0,1,31.85,0.127
209,W2C,4,7.0093,8.0,1,34.18,0.1344
210,N2C,2,11.7633,0.0,0,20.37,0.0426
210,S2C,2,12.2702,0.0,0,19.53,0.0353
210,E2C,4,6.9196,9.0,1,34.63,0.1364
210,W2C,4,6.3801,9.0,1,37.55,0.1441
211,N2C,2,12.0973,0.0,0,19.81,0.0378
211,S2C,2,12.7753,0.0,0,18.75,0.028
211,E2C,4,6.6582,11.0,2,35.99,0.1475
211,W2C,4,6.2512,11.0,2,38.33,0.1533
212,N2C,2,12.2054,0.0,0,19.63,0.0363
212,S2C,2,12.5925,0.0,0,19.03,0.0307
212,E2C,4,6.5904,13.0,2,36.36,0.1498
212,W2C,4,6.0707,13.0,2,39.47,0.1573
213,N2C,2,11.5101,0.0,0,20.82,0.0463
213,S2C,2,13.1007,0.0,0,18.29,0.0234
213,E2C,4,6.6604,15.0,2,35.97,0.1501
213,W2C,4,6.2742,15.0,2,38.19,0.1557
214,N2C,2,11.8493,0.0,0,20.22,0.0414
214,S2C,2,12.7845,0.0,0,18.74,0.0279
214,E2C,4,6.4659,17.0,2,37.06,0.1542
214,W2C,4,6.5335,17.0,2,36.67,0.1533
215,N2C,2,12.0893,0.0,0,19.82,0.0379
215,S2C,2,12.2617,0.0,0,19.54,0.0354
215,E2C,4,6.6263,19.0,2,36.16,0.1533
215,W2C,4,6.156,19.0,2,38.92,0.16
216,N2C,2,12.5921,0.0,0,19.03,0.0307
216,S2C,2,12.495,0.0,0,19.18,0.0321
216,E2C,4,5.4755,21.0,2,43.76,0.1712
216,W2C,4,6.2563,21.0,2,38.3,0.1599
217,N2C,3,12.5966,0.0,0,19.02,0.0366
217,S2C,2,12.3886,0.0,0,19.34,0.0336
217,E2C,5,6.4086,23.0,2,37.39,0.1651
217,W2C,5,7.6799,23.0,2,31.2,0.1468
218,N2C,2,11.9781,0.0,0,20.0,0.0395
218,S2C,2,11.4698,0.0,0,20.89,0.0468
218,E2C,5,5.4654,25.0,2,43.84,0.18
218,W2C,5,7.2813,25.0,2,32.91,0.1538
219,N2C,2,12.333,0.0,0,19.43,0.0344
219,S2C,2,12.5939,0.0,0,19.03,0.0307
219,E2C,5,5.3391,27.0,2,44.88,0.1831
219,W2C,5,6.3063,27.0,2,37.99,0.1692
220,N2C,2,12.246,0.0,0,19.57,0.0357
220,S2C,2,12.8999,0.0,0,18.57,0.0263
220,E2C,5,5.4665,29.0,2,43.83,0.1826
220,W2C,5,5.6259,29.0,2,42.59,0.1803
221,N2C,2,11.9907,0.0,0,19.98,0.0393
221,S2C,2,12.5317,0.0,0,19.12,0.0316
221,E2C,5,5.3112,32.0,3,45.11,0.1929
221,W2C,5,5.5591,31.0,2,43.1,0.1826
222,N2C,2,11.7341,0.0,0,20.42,0.043
222,S2C,2,12.4841,0.0,0,19.19,0.0322
222,E2C,5,5.1263,35.0,3,46.74,0.1975
222,W2C,5,5.4148,33.0,2,44.25,0.186
223,N2C,2,12.4751,0.0,0,19.21,0.0324
223,S2C,2,12.4326,0.0,0,19.27,0.033
223,E2C,5,5.2936,38.0,3,45.26,0.1971
223,W2C,5,5.451,36.0,3,43.96,0.1935
224,N2C,2,12.4685,0.0,0,19.22,0.0325
224,S2C,2,12.6275,0.0,0,18.97,0.0302
224,E2C,5,5.5083,41.0,3,43.5,0.196
224,W2C,5,5.3319,39.0,3,44.94,0.1972
225,N2C,2,11.6155,0.0,0,20.63,0.0447
225,S2C,2,12.498,0.0,0,19.17,0.032
225,E2C,5,4.4688,44.0,3,53.62,0.213
225,W2C,5,4.2723,42.0,3,56.08,0.2145
226,N2C,3,12.794,0.0,0,18.73,0.0338
226,S2C,3,12.7932,0.0,0,18.73,0.0338
226,E2C,6,5.1971,47.0,3,46.1,0.2105
226,W2C,6,5.0164,45.0,3,47.76,0.2118
227,N2C,3,12.8491,0.0,0,18.65,0.033
227,S2C,3,11.9865,0.0,0,19.99,0.0454
227,E2C,6,4.3687,50.0,3,54.84,0.2244
227,W2C,6,4.3966,48.0,3,54.5,0.2227
228,N2C,3,12.7118,0.0,0,18.85,0.035
228,S2C,2,11.7278,0.0,0,20.43,0.0431
228,E2C,6,4.1919,54.0,4,57.16,0.2356
228,W2C,6,4.4778,51.0,3,53.51,0.2235
229,N2C,3,11.8779,0.0,0,20.17,0.047
229,S2C,2,12.2351,0.0,0,19.58,0.0358
229,E2C,6,4.3016,58.0,4,55.7,0.2367
229,W2C,6,4.3279,55.0,4,55.36,0.2344
230,N2C,3,9.9931,0.0,0,23.98,0.0741
230,S2C,2,12.6715,0.0,0,18.91,0.0295
230,E2C,6,4.2573,62.0,4,56.28,0.24
230,W2C,6,4.2464,59.0,4,56.42,0.2382
231,N2C,3,9.2469,0.0,0,25.91,0.0849
231,S2C,2,12.3851,0.0,0,19.35,0.0337
231,E2C,6,4.2579,66.0,4,56.27,0.2427
231,W2C,6,4.2635,63.0,4,56.2,0.2406
232,N2C,3,8.9035,0.0,0,26.91,0.0898
232,S2C,2,12.0496,0.0,0,19.88,0.0385
232,E2C,4,6.5759,17.0,2,36.44,0.1526
232,W2C,4,6.3791,14.0,2,37.56,0.1535
233,N2C,3,8.8299,0.0,0,27.14,0.0909
233,S2C,2,12.5343,0.0,0,19.12,0.0315
233,E2C,4,6.8063,0.0,0,35.2,0.126
233,W2C,4,6.3441,0.0,0,37.77,0.1327
234,N2C,3,8.1282,1.0,1,29.48,0.1076
234,S2C,2,11.9111,0.0,0,20.12,0.0405
234,E2C,4,6.7777,0.0,0,35.35,0.1264
234,W2C,4,7.0622,0.0,0,33.93,0.1223
235,N2C,4,8.0997,2.0,1,29.58,0.1147
235,S2C,3,12.6394,0.0,0,18.96,0.036
235,E2C,3,10.5961,0.0,0,22.61,0.0654
235,W2C,3,10.5836,0.0,0,22.64,0.0656
236,N2C,4,6.826,3.0,1,35.1,0.1337
236,S2C,3,12.0991,0.0,0,19.8,0.0438
236,E2C,3,10.9756,0.0,0,21.83,0.06
236,W2C,3,10.6713,0.0,0,22.45,0.0643
237,N2C,4,6.3043,4.0,1,38.01,0.1419
237,S2C,3,10.9242,0.0,0,21.93,0.0607
237,E2C,2,13.0464,0.0,0,18.37,0.0241
237,W2C,2,13.3477,0.0,0,17.95,0.0198
238,N2C,4,6.3021,5.0,1,38.02,0.1426
238,S2C,3,9.7472,0.0,0,24.58,0.0777
238,E2C,2,12.985,0.0,0,18.45,0.025
238,W2C,2,12.8986,0.0,0,18.58,0.0263
239,N2C,4,6.2595,7.0,2,38.28,0.1505
239,S2C,3,8.7872,0.0,0,27.27,0.0915
239,E2C,2,12.7204,0.0,0,18.84,0.0288
239,W2C,2,12.5986,0.0,0,19.02,0.0306
240,N2C,4,6.2197,9.0,2,38.52,0.1524
240,S2C,3,8.6553,0.0,0,27.68,0.0934
240,E2C,2,13.5195,0.0,0,17.72,0.0173
240,W2C,2,12.9593,0.0,0,18.49,0.0254
241,N2C,4,6.1435,11.0,2,39.0,0.1549
241,S2C,3,8.5027,1.0,1,28.18,0.1022
241,E2C,2,13.1325,0.0,0,18.24,0.0229
241,W2C,2,13.1889,0.0,0,18.17,0.0221
242,N2C,4,6.0869,13.0,2,39.36,0.157
242,S2C,3,8.4702,2.0,1,28.29,0.1034
242,E2C,2,13.4819,0.0,0,17.77,0.0179
242,W2C,2,13.2642,0.0,0,18.06,0.021
243,N2C,4,5.2573,15.0,2,45.57,0.1703
243,S2C,3,8.7505,3.0,1,27.38,0.1
243,E2C,2,13.3678,0.0,0,17.92,0.0195
243,W2C,2,12.9989,0.0,0,18.43,0.0248
244,N2C,5,6.066,17.0,2,39.5,0.166
244,S2C,4,9.0909,4.0,1,26.36,0.1018
244,E2C,3,13.0245,0.0,0,18.4,0.0305
244,W2C,3,12.4502,0.0,0,19.24,0.0387
245,N2C,5,5.1198,19.0,2,46.8,0.1809
245,S2C,4,8.2355,5.0,1,29.09,0.1148
245,E2C,2,12.9373,0.0,0,18.52,0.0257
245,W2C,2,12.3817,0.0,0,19.35,0.0337
246,N2C,5,5.0702,21.0,2,47.26,0.183
246,S2C,4,7.2116,6.0,1,33.22,0.1302
246,E2C,2,12.7389,0.0,0,18.81,0.0286
246,W2C,2,12.6807,0.0,0,18.89,0.0294
247,N2C,5,5.02,24.0,3,47.73,0.1917
247,S2C,4,6.7382,7.0,1,35.56,0.1376
247,E2C,2,12.9414,0.0,0,18.51,0.0257
247,W2C,2,12.4795,0.0,0,19.2,0.0323
248,N2C,5,5.2224,27.0,3,45.88,0.1908
248,S2C,4,6.5917,9.0,2,36.35,0.1471
248,E2C,2,12.4721,0.0,0,19.21,0.0324
248,W2C,2,12.7675,0.0,0,18.77,0.0282
249,N2C,5,4.9229,30.0,3,48.67,0.1971
249,S2C,4,6.3344,11.0,2,37.83,0.1521
249,E2C,2,12.5792,0.0,0,19.05,0.0309
249,W2C,2,12.3765,0.0,0,19.36,0.0338
250,N2C,5,5.0058,33.0,3,47.86,0.1979
250,S2C,4,6.2745,13.0,2,38.19,0.1543
250,E2C,2,12.2488,0.0,0,19.56,0.0356
250,W2C,2,12.3972,0.0,0,19.33,0.0335
251,N2C,5,5.0774,36.0,3,47.19,0.1989
251,S2C,4,6.4876,15.0,2,36.93,0.1526
251,E2C,2,12.542,0.0,0,19.1,0.0314
251,W2C,2,11.8468,0.0,0,20.22,0.0414
252,N2C,5,4.8614,39.0,3,49.29,0.204
252,S2C,4,5.5333,17.0,2,43.3,0.1677
252,E2C,2,12.6952,0.0,0,18.87,0.0292
252,W2C,2,12.5172,0.0,0,19.14,0.0318
253,N2C,6,6.4425,42.0,3,37.19,0.1892
253,S2C,5,6.403,19.0,2,37.42,0.1625
253,E2C,2,12.9625,0.0,0,18.48,0.0254
253,W2C,2,12.1738,0.0,0,19.68,0.0367
254,N2C,6,6.0064,45.0,3,39.89,0.1975
254,S2C,5,5.197,21.0,2,46.1,0.1812
254,E2C,2,13.2715,0.0,0,18.05,0.0209
254,W2C,2,12.5029,0.0,0,19.16,0.032
255,N2C,6,5.2879,48.0,3,45.31,0.2099
255,S2C,5,5.0586,23.0,2,47.36,0.1845
255,E2C,2,12.6391,0.0,0,18.96,0.03
255,W2C,2,12.6008,0.0,0,19.01,0.0306
256,N2C,6,4.4779,51.0,3,53.51,0.2235
256,S2C,5,5.0248,26.0,3,47.68,0.193
256,E2C,2,13.358,0.0,0,17.94,0.0197
256,W2C,2,12.6578,0.0,0,18.93,0.0297
257,N2C,6,4.4939,54.0,3,53.32,0.2253
257,S2C,5,5.0966,29.0,3,47.01,0.1939
257,E2C,2,13.2893,0.0,0,18.03,0.0206
257,W2C,2,12.2153,0.0,0,19.61,0.0361
258,N2C,6,4.4935,58.0,4,53.32,0.234
258,S2C,5,5.2468,32.0,3,45.67,0.1938
258,E2C,2,13.2073,0.0,0,18.14,0.0218
258,W2C,2,12.259,0.0,0,19.54,0.0355
259,N2C,6,4.3605,62.0,4,54.95,0.2385
259,S2C,5,5.172,35.0,3,46.33,0.1969
259,E2C,2,13.1577,0.0,0,18.21,0.0225
259,W2C,2,12.8352,0.0,0,18.67,0.0272
260,N2C,6,4.0388,66.0,4,59.32,0.2458
260,S2C,5,5.0739,38.0,3,47.22,0.2003
260,E2C,2,13.1061,0.0,0,18.28,0.0233
260,W2C,2,12.3496,0.0,0,19.4,0.0342
261,N2C,6,3.3931,70.0,4,70.61,0.2578
261,S2C,5,5.2206,41.0,3,45.9,0.2002
261,E2C,2,13.0259,0.0,0,18.39,0.0244
261,W2C,2,12.5283,0.0,0,19.12,0.0316
262,N2C,7,4.4619,74.0,4,53.7,0.2511
262,S2C,6,5.901,44.0,3,40.6,0.1984
262,E2C,3,13.2535,0.0,0,18.08,0.0272
262,W2C,3,12.4559,0.0,0,19.24,0.0386
263,N2C,7,3.9059,79.0,5,61.34,0.2684
263,S2C,6,5.1302,47.0,3,46.7,0.2115
263,E2C,3,11.4099,0.0,0,21.0,0.0537
263,W2C,3,12.4512,0.0,0,19.24,0.0387
264,N2C,7,3.8121,84.0,5,62.85,0.2731
264,S2C,6,4.4918,50.0,3,53.34,0.2227
264,E2C,3,10.2911,0.0,0,23.28,0.0698
264,W2C,3,11.2492,0.0,0,21.3,0.056
265,N2C,5,5.344,30.0,3,44.84,0.1911
265,S2C,4,6.5281,10.0,1,36.7,0.1427
265,E2C,3,8.9917,0.0,0,26.65,0.0885
265,W2C,3,9.8746,0.0,0,24.26,0.0758
266,N2C,5,5.8485,4.0,1,40.97,0.1545
266,S2C,4,7.3857,0.0,0,32.44,0.1177
266,E2C,3,8.6307,0.0,0,27.76,0.0937
266,W2C,3,9.0489,0.0,0,26.48,0.0877
267,N2C,5,6.9512,0.0,0,34.47,0.1299
267,S2C,4,8.0869,0.0,0,29.63,0.1076
267,E2C,3,8.9774,1.0,1,26.69,0.0954
267,W2C,3,8.5838,0.0,0,27.91,0.0944
268,N2C,3,10.0052,0.0,0,23.95,0.0739
268,S2C,2,12.9134,0.0,0,18.55,0.0261
268,E2C,3,8.4955,2.0,1,28.2,0.103
268,W2C,3,8.5867,1.0,1,27.9,0.101
269,N2C,3,10.7598,0.0,0,22.27,0.0631
269,S2C,2,13.2241,0.0,0,18.12,0.0216
269,E2C,3,8.5257,3.0,1,28.1,0.1032
269,W2C,3,8.7482,2.0,1,27.39,0.0994
270,N2C,2,12.434,0.0,0,19.27,0.033
270,S2C,2,12.8031,0.0,0,18.71,0.0277
270,E2C,3,7.9828,4.0,1,30.01,0.1117
270,W2C,3,8.4684,3.0,1,28.29,0.1041
271,N2C,2,13.4631,0.0,0,17.8,0.0181
271,S2C,2,13.867,0.0,0,17.28,0.0123
271,E2C,4,8.7357,5.0,1,27.43,0.1075
271,W2C,4,9.4257,4.0,1,25.42,0.0969
272,N2C,2,13.0008,0.0,0,18.43,0.0248
272,S2C,2,13.1427,0.0,0,18.23,0.0228
272,E2C,4,7.5756,6.0,1,31.63,0.1249
272,W2C,4,8.8032,5.0,1,27.22,0.1066
273,N2C,2,12.8237,0.0,0,18.68,0.0274
273,S2C,2,13.0319,0.0,0,18.39,0.0244
273,E2C,4,6.7164,7.0,1,35.67,0.138
273,W2C,4,7.7113,6.0,1,31.07,0.123
274,N2C,2,12.677,0.0,0,18.9,0.0295
274,S2C,2,13.1772,0.0,0,18.18,0.0223
274,E2C,4,6.8096,8.0,1,35.19,0.1373
274,W2C,4,6.9147,7.0,1,34.65,0.1351
275,N2C,2,12.794,0.0,0,18.73,0.0278
275,S2C,2,13.3446,0.0,0,17.95,0.0199
275,E2C,4,6.611,10.0,2,36.24,0.1475
275,W2C,4,6.5394,8.0,1,36.64,0.1412
276,N2C,2,12.8006,0.0,0,18.72,0.0277
276,S2C,2,13.6494,0.0,0,17.55,0.0155
276,E2C,4,6.6914,12.0,2,35.81,0.1477
276,W2C,4,6.7942,10.0,2,35.27,0.1448
277,N2C,2,13.2261,0.0,0,18.12,0.0216
277,S2C,2,13.4526,0.0,0,17.81,0.0183
277,E2C,4,6.5067,14.0,2,36.82,0.1516
277,W2C,4,6.7711,12.0,2,35.39,0.1465
278,N2C,2,13.2427,0.0,0,18.09,0.0213
278,S2C,2,13.4486,0.0,0,17.82,0.0184
278,E2C,4,6.6233,16.0,2,36.18,0.1513
278,W2C,4,6.6656,14.0,2,35.95,0.1494
279,N2C,2,12.9094,0.0,0,18.56,0.0261
279,S2C,2,13.2218,0.0,0,18.12,0.0216
279,E2C,4,5.7965,18.0,2,41.34,0.1645
279,W2C,4,5.7162,16.0,2,41.92,0.1644
280,N2C,2,13.1823,0.0,0,18.18,0.0222
280,S2C,2,13.4719,0.0,0,17.79,0.018
280,E2C,5,6.4168,20.0,2,37.34,0.1629
280,W2C,5,5.8632,18.0,2,40.86,0.1696
281,N2C,2,12.6899,0.0,0,18.88,0.0293
281,S2C,2,12.889,0.0,0,18.59,0.0264
281,E2C,5,5.3563,22.0,2,44.73,0.1795
281,W2C,5,5.0606,20.0,2,47.35,0.1825
282,N2C,2,13.0424,0.0,0,18.37,0.0242
282,S2C,2,13.0377,0.0,0,18.38,0.0243
282,E2C,5,5.3994,25.0,3,44.38,0.1869
282,W2C,5,4.7655,23.0,3,50.28,0.1947
283,N2C,2,13.0897,0.0,0,18.3,0.0235
283,S2C,2,13.173,0.0,0,18.19,0.0223
283,E2C,5,5.1453,28.0,3,46.57,0.1926
283,W2C,5,4.8711,26.0,3,49.19,0.1952
284,N2C,2,12.936,0.0,0,18.52,0.0257
284,S2C,2,12.9686,0.0,0,18.48,0.0253
284,E2C,5,5.1887,31.0,3,46.18,0.194
284,W2C,5,4.9216,29.0,3,48.68,0.1965
285,N2C,2,13.1333,0.0,0,18.24,0.0229
285,S2C,2,13.0465,0.0,0,18.37,0.0241
285,E2C,5,5.2265,34.0,3,45.84,0.1954
285,W2C,5,4.5764,32.0,3,52.36,0.2034
286,N2C,2,13.5559,0.0,0,17.67,0.0168
286,S2C,2,13.1868,0.0,0,18.17,0.0221
286,E2C,5,5.4694,37.0,3,43.81,0.1939
286,W2C,5,4.7309,35.0,3,50.65,0.2032
287,N2C,2,13.0908,0.0,0,18.3,0.0235
287,S2C,2,13.555,0.0,0,17.68,0.0168
287,E2C,5,5.232,40.0,3,45.79,0.1993
287,W2C,5,4.8113,38.0,3,49.8,0.2041
288,N2C,2,13.5622,0.0,0,17.67,0.0167
288,S2C,2,12.9623,0.0,0,18.48,0.0254
288,E2C,5,4.439,43.0,3,53.98,0.2127
288,W2C,5,3.8477,41.0,3,62.27,0.2199
289,N2C,3,13.4108,0.0,0,17.87,0.0249
289,S2C,2,13.4102,0.0,0,17.87,0.0189
289,E2C,6,5.2753,46.0,3,45.42,0.2087
289,W2C,6,4.8529,44.0,3,49.37,0.2135
290,N2C,2,13.2931,0.0,0,18.02,0.0206
290,S2C,2,12.9811,0.0,0,18.46,0.0251
290,E2C,6,4.6205,49.0,3,51.86,0.2201
290,W2C,6,4.2234,47.0,3,56.73,0.2245
291,N2C,2,13.1454,0.0,0,18.23,0.0227
291,S2C,2,12.6491,0.0,0,18.94,0.0299
291,E2C,6,4.4385,52.0,3,53.98,0.2248
291,W2C,6,3.8968,50.0,3,61.49,0.2312
292,N2C,2,13.3106,0.0,0,18.0,0.0203
292,S2C,2,12.7982,0.0,0,18.72,0.0277
292,E2C,6,4.2656,56.0,4,56.17,0.2359
292,W2C,6,4.1013,53.0,3,58.42,0.2303
293,N2C,2,13.1718,0.0,0,18.19,0.0223
293,S2C,2,12.9571,0.0,0,18.49,0.0254
293,E2C,6,4.5563,60.0,4,52.59,0.2344
293,W2C,6,3.9927,57.0,4,60.01,0.2405
294,N2C,2,13.0585,0.0,0,18.35,0.024
294,S2C,2,13.7367,0.0,0,17.44,0.0142
294,E2C,6,4.4374,64.0,4,54.0,0.2388
294,W2C,6,3.9463,61.0,4,60.71,0.2438
295,N2C,2,13.1319,0.0,0,18.25,0.0229
295,S2C,2,13.3496,0.0,0,17.95,0.0198
295,E2C,6,4.4776,68.0,4,53.51,0.2409
295,W2C,6,4.0666,65.0,4,58.92,0.2448
296,N2C,2,12.7705,0.0,0,18.76,0.0281
296,S2C,2,13.593,0.0,0,17.63,0.0163
296,E2C,6,4.0874,72.0,4,58.62,0.2491
296,W2C,6,4.0101,69.0,4,59.75,0.2483
297,N2C,2,11.7893,0.0,0,20.32,0.0422
297,S2C,2,13.2939,0.0,0,18.02,0.0206
297,E2C,6,3.44,76.0,4,69.65,0.2611
297,W2C,6,4.0767,73.0,4,58.77,0.25
298,N2C,3,11.3265,0.0,0,21.15,0.0549
298,S2C,3,11.624,0.0,0,20.61,0.0506
298,E2C,5,5.9012,24.0,2,40.6,0.173
298,W2C,5,7.6305,23.0,2,31.4,0.1475
299,N2C,3,9.4988,0.0,0,25.22,0.0812
299,S2C,3,9.853,0.0,0,24.32,0.0761
299,E2C,5,5.9502,1.0,1,40.27,0.151
299,W2C,5,8.4109,0.0,0,28.49,0.1089
300,N2C,3,8.7838,0.0,0,27.28,0.0915
300,S2C,3,8.9534,0.0,0,26.76,0.0891
300,E2C,5,6.8808,0.0,0,34.82,0.1309
300,W2C,5,8.5903,0.0,0,27.89,0.1063
301,N2C,3,8.7915,1.0,1,27.25,0.0981
301,S2C,3,8.7243,0.0,0,27.46,0.0924
301,E2C,3,10.1032,0.0,0,23.72,0.0725
301,W2C,3,10.9153,0.0,0,21.95,0.0608
302,N2C,3,8.725,2.0,1,27.46,0.0997
302,S2C,3,8.5404,1.0,1,28.05,0.1017
302,E2C,3,10.0246,0.0,0,23.9,0.0737
302,W2C,3,11.1053,0.0,0,21.58,0.0581
303,N2C,3,8.5416,3.0,1,28.05,0.103
303,S2C,3,8.8589,2.0,1,27.05,0.0978
303,E2C,3,10.8773,0.0,0,22.03,0.0614
303,W2C,2,13.6991,0.0,0,17.49,0.0147
304,N2C,3,8.6861,4.0,1,27.58,0.1016
304,S2C,3,8.5769,3.0,1,27.94,0.1025
304,E2C,2,13.039,0.0,0,18.38,0.0243
304,W2C,2,13.2318,0.0,0,18.11,0.0215
305,N2C,3,8.7388,5.0,1,27.42,0.1015
305,S2C,3,9.048,4.0,1,26.48,0.0964
305,E2C,2,13.0455,0.0,0,18.37,0.0242
305,W2C,2,13.1565,0.0,0,18.21,0.0226
306,N2C,3,7.8905,6.0,1,30.37,0.1144
306,S2C,3,8.2505,5.0,1,29.04,0.1085
306,E2C,2,13.2522,0.0,0,18.08,0.0212
306,W2C,2,13.1632,0.0,0,18.2,0.0225
307,N2C,4,8.3864,7.0,1,28.57,0.1139
307,S2C,4,8.8261,6.0,1,27.15,0.1069
307,E2C,2,13.6513,0.0,0,17.55,0.0154
307,W2C,2,13.1705,0.0,0,18.19,0.0224
308,N2C,4,7.3372,8.0,1,32.66,0.1297
308,S2C,4,7.3167,7.0,1,32.75,0.1293
308,E2C,2,12.9919,0.0,0,18.44,0.0249
308,W2C,2,12.4362,0.0,0,19.27,0.0329
309,N2C,4,6.3899,9.0,1,37.5,0.144
309,S2C,4,6.899,8.0,1,34.73,0.136
309,E2C,2,13.2141,0.0,0,18.13,0.0217
309,W2C,2,13.1508,0.0,0,18.22,0.0226
310,N2C,4,6.5382,11.0,2,36.65,0.1492
310,S2C,4,6.8038,9.0,1,35.22,0.138
310,E2C,2,13.3094,0.0,0,18.0,0.0204
310,W2C,2,13.1017,0.0,0,18.29,0.0234
311,N2C,4,6.4184,13.0,2,37.33,0.1522
311,S2C,4,6.7809,11.0,2,35.33,0.1457
311,E2C,2,13.5255,0.0,0,17.71,0.0172
311,W2C,2,12.8808,0.0,0,18.6,0.0265
312,N2C,4,6.5338,15.0,2,36.67,0.1519
312,S2C,4,6.7111,13.0,2,35.7,0.148
312,E2C,2,13.261,0.0,0,18.07,0.0211
312,W2C,2,13.0663,0.0,0,18.34,0.0239
313,N2C,4,6.4237,17.0,2,37.3,0.1548
313,S2C,4,6.6925,15.0,2,35.8,0.1496
313,E2C,2,13.751,0.0,0,17.42,0.014
313,W2C,2,12.8872,0.0,0,18.59,0.0264
314,N2C,4,6.4579,19.0,2,37.1,0.1557
314,S2C,4,6.7566,17.0,2,35.46,0.15
314,E2C,2,13.2457,0.0,0,18.09,0.0213
314,W2C,2,13.4345,0.0,0,17.83,0.0186
315,N2C,4,6.4617,21.0,2,37.08,0.157
315,S2C,4,5.8373,19.0,2,41.05,0.1646
315,E2C,2,13.3717,0.0,0,17.92,0.0195
315,W2C,2,13.1663,0.0,0,18.2,0.0224
316,N2C,5,6.969,23.0,2,34.38,0.157
316,S2C,5,6.3131,21.0,2,37.95,0.1651
316,E2C,2,12.9851,0.0,0,18.45,0.025
316,W2C,2,13.4061,0.0,0,17.87,0.019
317,N2C,5,6.1714,25.0,2,38.82,0.1698
317,S2C,5,5.6685,23.0,2,42.27,0.1757
317,E2C,2,12.5595,0.0,0,19.08,0.0312
317,W2C,2,13.4536,0.0,0,17.81,0.0183
318,N2C,5,5.2899,27.0,2,45.29,0.1838
318,S2C,5,5.2376,25.0,2,45.75,0.1833
318,E2C,2,13.1131,0.0,0,18.27,0.0232
318,W2C,2,12.9904,0.0,0,18.44,0.025
319,N2C,5,5.0809,30.0,3,47.16,0.1948
319,S2C,5,5.2428,27.0,2,45.7,0.1845
319,E2C,2,12.7841,0.0,0,18.74,0.0279
319,W2C,2,12.7714,0.0,0,18.76,0.0281
320,N2C,5,5.1547,33.0,3,46.48,0.1958
320,S2C,5,5.3193,30.0,3,45.04,0.1914
320,E2C,2,13.4233,0.0,0,17.85,0.0187
320,W2C,2,13.4509,0.0,0,17.81,0.0183
321,N2C,5,5.2943,36.0,3,45.26,0.1958
321,S2C,5,5.371,33.0,3,44.61,0.1927
321,E2C,2,13.0438,0.0,0,18.37,0.0242
321,W2C,2,12.943,0.0,0,18.51,0.0256
322,N2C,5,5.2713,39.0,3,45.45,0.1981
322,S2C,5,5.3372,36.0,3,44.89,0.1952
322,E2C,2,12.2196,0.0,0,19.61,0.0361
322,W2C,2,13.0542,0.0,0,18.35,0.024
323,N2C,5,5.2071,42.0,3,46.01,0.201
323,S2C,5,5.0292,39.0,3,47.64,0.2016
323,E2C,2,12.9437,0.0,0,18.51,0.0256
323,W2C,2,13.2229,0.0,0,18.12,0.0216
324,N2C,5,4.5805,45.0,3,52.31,0.212
324,S2C,5,4.2643,42.0,3,56.19,0.2146
324,E2C,2,12.4936,0.0,0,19.18,0.0321
324,W2C,2,13.2934,0.0,0,18.02,0.0206
325,N2C,6,4.7622,48.0,3,50.31,0.2174
325,S2C,6,5.2678,45.0,3,45.48,0.2082
325,E2C,2,12.5154,0.0,0,19.14,0.0318
325,W2C,3,13.2859,0.0,0,18.03,0.0267
326,N2C,6,4.2394,51.0,3,56.52,0.227
326,S2C,6,4.3391,48.0,3,55.22,0.2235
326,E2C,2,12.1569,0.0,0,19.71,0.037
326,W2C,2,12.7131,0.0,0,18.85,0.0289
327,N2C,6,3.9448,54.0,3,60.74,0.2332
327,S2C,6,4.5732,52.0,4,52.39,0.2288
327,E2C,2,12.6068,0.0,0,19.01,0.0305
327,W2C,2,13.1641,0.0,0,18.2,0.0225
328,N2C,6,3.9188,58.0,4,61.14,0.2422
328,S2C,6,4.366,56.0,4,54.88,0.2345
328,E2C,2,12.5549,0.0,0,19.08,0.0312
328,W2C,2,13.247,0.0,0,18.09,0.0213
329,N2C,6,3.6917,62.0,4,64.9,0.2482
329,S2C,6,4.503,60.0,4,53.21,0.2352
329,E2C,2,12.8484,0.0,0,18.65,0.027
329,W2C,2,13.0952,0.0,0,18.3,0.0234
330,N2C,6,3.8323,66.0,4,62.52,0.2488
330,S2C,6,4.4093,64.0,4,54.34,0.2392
330,E2C,2,12.7328,0.0,0,18.82,0.0287
330,W2C,2,13.2364,0.0,0,18.1,0.0214
331,N2C,4,5.6297,17.0,2,42.56,0.1663
331,S2C,4,6.8177,17.0,2,35.14,0.1492
331,E2C,2,12.6593,0.0,0,18.93,0.0297
331,W2C,2,13.2255,0.0,0,18.12,0.0216
332,N2C,4,5.7857,0.0,0,41.41,0.1407
332,S2C,4,7.0385,0.0,0,34.04,0.1227
332,E2C,2,12.4349,0.0,0,19.27,0.033
332,W2C,2,13.4544,0.0,0,17.81,0.0183
333,N2C,4,5.9723,0.0,0,40.12,0.138
333,S2C,4,7.0967,0.0,0,33.76,0.1218
333,E2C,2,12.7335,0.0,0,18.82,0.0287
333,W2C,2,12.4246,0.0,0,19.28,0.0331
334,N2C,3,9.9183,0.0,0,24.16,0.0752
334,S2C,3,11.5002,0.0,0,20.83,0.0524
334,E2C,3,12.1718,0.0,0,19.68,0.0427
334,W2C,3,11.6662,0.0,0,20.54,0.05
335,N2C,3,9.4725,0.0,0,25.29,0.0816
335,S2C,3,10.7372,0.0,0,22.31,0.0634
335,E2C,3,10.58,0.0,0,22.65,0.0657
335,W2C,3,9.7895,0.0,0,24.48,0.077
336,N2C,2,11.1915,0.0,0,21.41,0.0509
336,S2C,2,13.2907,0.0,0,18.03,0.0206
336,E2C,3,9.1782,0.0,0,26.11,0.0858
336,W2C,3,9.1197,0.0,0,26.27,0.0867
337,N2C,2,11.7157,0.0,0,20.45,0.0433
337,S2C,2,13.4689,0.0,0,17.79,0.0181
337,E2C,3,8.5484,0.0,0,28.03,0.0949
337,W2C,3,8.9246,1.0,1,26.85,0.0962
338,N2C,2,10.9332,0.0,0,21.91,0.0546
338,S2C,2,13.448,0.0,0,17.82,0.0184
338,E2C,3,8.1015,1.0,1,29.57,0.108
338,W2C,3,8.9675,2.0,1,26.72,0.0962
339,N2C,2,10.7217,0.0,0,22.35,0.0576
339,S2C,2,13.4146,0.0,0,17.86,0.0188
339,E2C,3,8.2272,2.0,1,29.12,0.1069
339,W2C,3,9.1807,3.0,1,26.1,0.0938
340,N2C,2,11.2996,0.0,0,21.2,0.0493
340,S2C,2,13.2769,0.0,0,18.05,0.0208
340,E2C,3,7.7836,3.0,1,30.78,0.1139
340,W2C,3,8.6862,4.0,1,27.58,0.1016
341,N2C,2,11.1187,0.0,0,21.55,0.0519
341,S2C,2,13.3729,0.0,0,17.92,0.0194
341,E2C,3,8.4434,4.0,1,28.38,0.1051
341,W2C,3,8.7978,5.0,1,27.23,0.1007
342,N2C,2,10.935,0.0,0,21.91,0.0545
342,S2C,2,12.9172,0.0,0,18.55,0.026
342,E2C,3,8.4979,5.0,1,28.2,0.105
342,W2C,3,7.9668,6.0,1,30.07,0.1133
343,N2C,3,11.9023,0.0,0,20.13,0.0466
343,S2C,2,12.9646,0.0,0,18.48,0.0253
343,E2C,4,9.6263,6.0,1,24.89,0.0954
343,W2C,4,8.3543,7.0,1,28.68,0.1144
344,N2C,3,11.5651,0.0,0,20.72,0.0515
344,S2C,2,12.9159,0.0,0,18.55,0.026
344,E2C,4,9.2299,7.0,1,25.96,0.1018
344,W2C,4,7.496,8.0,1,31.96,0.1274
345,N2C,3,12.0192,0.0,0,19.93,0.0449
345,S2C,2,13.2955,0.0,0,18.02,0.0206
345,E2C,4,8.2574,8.0,1,29.02,0.1164
345,W2C,4,6.8878,9.0,1,34.79,0.1368
346,N2C,3,11.593,0.0,0,20.67,0.0511
346,S2C,2,12.5328,0.0,0,19.12,0.0315
346,E2C,4,7.1202,9.0,1,33.65,0.1335
346,W2C,4,6.7463,10.0,1,35.52,0.1395
347,N2C,3,11.8995,0.0,0,20.14,0.0467
347,S2C,2,13.0293,0.0,0,18.39,0.0244
347,E2C,4,6.5192,10.0,1,36.75,0.1428
347,W2C,4,6.4601,12.0,2,37.09,0.151
348,N2C,3,11.6741,0.0,0,20.52,0.0499
348,S2C,2,12.7188,0.0,0,18.84,0.0289
348,E2C,4,6.6275,11.0,1,36.15,0.1419
348,W2C,4,6.5306,14.0,2,36.69,0.1513
349,N2C,3,11.7335,0.0,0,20.42,0.0491
349,S2C,2,13.0261,0.0,0,18.39,0.0244
349,E2C,4,6.564,12.0,1,36.5,0.1435
349,W2C,4,6.645,16.0,2,36.06,0.151
350,N2C,2,13.209,0.0,0,18.14,0.0218
350,S2C,2,13.1126,0.0,0,18.27,0.0232
350,E2C,4,6.4776,14.0,2,36.99,0.1521
350,W2C,4,6.5068,18.0,2,36.82,0.1543
351,N2C,2,12.865,0.0,0,18.62,0.0268
351,S2C,2,12.8752,0.0,0,18.61,0.0266
351,E2C,4,5.9011,16.0,2,40.6,0.1617
351,W2C,4,5.6017,20.0,2,42.77,0.1687
352,N2C,3,13.2816,0.0,0,18.04,0.0268
352,S2C,2,13.2103,0.0,0,18.14,0.0218
352,E2C,5,6.6718,18.0,2,35.91,0.1579
352,W2C,5,6.3125,22.0,2,37.96,0.1658
353,N2C,2,12.9129,0.0,0,18.56,0.0261
353,S2C,2,12.8494,0.0,0,18.65,0.027
353,E2C,5,5.7906,20.0,2,41.38,0.172
353,W2C,5,5.3761,24.0,2,44.57,0.1806
354,N2C,2,13.5337,0.0,0,17.7,0.0171
354,S2C,2,13.1034,0.0,0,18.29,0.0233
354,E2C,5,5.0354,22.0,2,47.58,0.1842
354,W2C,5,5.2382,27.0,3,45.74,0.1906
355,N2C,2,13.0439,0.0,0,18.37,0.0242
355,S2C,2,12.5256,0.0,0,19.13,0.0316
355,E2C,5,5.2375,24.0,2,45.75,0.1826
355,W2C,5,5.3542,30.0,3,44.75,0.1909
356,N2C,2,13.3158,0.0,0,17.99,0.0203
356,S2C,2,12.6595,0.0,0,18.93,0.0297
356,E2C,5,5.1033,27.0,3,46.95,0.1925
356,W2C,5,5.492,33.0,3,43.63,0.1909
357,N2C,2,13.2732,0.0,0,18.05,0.0209
357,S2C,2,13.2963,0.0,0,18.02,0.0205
357,E2C,5,4.9724,30.0,3,48.19,0.1964
357,W2C,5,5.5161,36.0,3,43.44,0.1926
358,N2C,2,13.2962,0.0,0,18.02,0.0205
358,S2C,2,12.936,0.0,0,18.52,0.0257
358,E2C,5,5.1593,33.0,3,46.44,0.1957
358,W2C,5,5.2408,39.0,3,45.72,0.1985
359,N2C,2,13.3461,0.0,0,17.95,0.0198
359,S2C,2,12.752,0.0,0,18.79,0.0284
359,E2C,5,5.0908,36.0,3,47.07,0.1987
359,W2C,5,5.4266,42.0,3,44.15,0.1979
360,N2C,2,13.5203,0.0,0,17.72,0.0173
360,S2C,2,12.4613,0.0,0,19.23,0.0326
360,E2C,5,4.3725,39.0,3,54.8,0.211
360,W2C,5,4.4161,45.0,3,54.26,0.2144
361,N2C,2,12.7877,0.0,0,18.74,0.0279
361,S2C,3,13.2409,0.0,0,18.1,0.0273
361,E2C,6,5.1193,42.0,3,46.8,0.2083
361,W2C,6,5.3565,48.0,3,44.73,0.2089
362,N2C,2,12.21,0.0,0,19.62,0.0362
362,S2C,3,11.5634,0.0,0,20.72,0.0515
362,E2C,6,4.2116,45.0,3,56.89,0.2234
362,W2C,6,4.4033,51.0,3,54.41,0.2246
363,N2C,2,12.6188,0.0,0,18.99,0.0303
363,S2C,3,10.1775,0.0,0,23.54,0.0715
363,E2C,6,4.0894,49.0,4,58.59,0.2338
363,W2C,6,4.4319,54.0,3,54.06,0.2262
364,N2C,2,12.072,0.0,0,19.85,0.0382
364,S2C,3,8.9553,0.0,0,26.76,0.0891
364,E2C,4,6.2276,11.0,2,38.47,0.1537
364,W2C,4,6.5541,12.0,2,36.56,0.1496
365,N2C,2,12.9443,0.0,0,18.51,0.0256
365,S2C,3,8.7659,1.0,1,27.33,0.0984
365,E2C,4,7.0054,0.0,0,34.2,0.1231
365,W2C,4,7.2571,0.0,0,33.02,0.1195
366,N2C,2,11.9581,0.0,0,20.04,0.0398
366,S2C,3,9.1531,2.0,1,26.18,0.0935
366,E2C,4,7.5592,0.0,0,31.7,0.1152
366,W2C,4,8.6263,0.0,0,27.78,0.0998
367,N2C,2,13.1281,0.0,0,18.25,0.023
367,S2C,3,9.1184,3.0,1,26.28,0.0947
367,E2C,2,12.4363,0.0,0,19.27,0.0329
367,W2C,2,13.1091,0.0,0,18.28,0.0232
368,N2C,2,13.0349,0.0,0,18.38,0.0243
368,S2C,3,8.7658,4.0,1,27.33,0.1004
368,E2C,2,12.6817,0.0,0,18.89,0.0294
368,W2C,2,13.5207,0.0,0,17.72,0.0173
369,N2C,2,12.1562,0.0,0,19.71,0.037
369,S2C,3,7.8188,5.0,1,30.64,0.1148
369,E2C,2,13.1196,0.0,0,18.26,0.0231
369,W2C,2,12.8761,0.0,0,18.61,0.0266
370,N2C,3,11.0585,0.0,0,21.67,0.0588
370,S2C,4,8.0101,6.0,1,29.91,0.1187
370,E2C,3,13.0276,0.0,0,18.39,0.0304
370,W2C,2,13.8211,0.0,0,17.34,0.013
371,N2C,3,9.3079,0.0,0,25.74,0.084
371,S2C,4,7.0799,7.0,1,33.84,0.1327
371,E2C,3,13.0901,0.0,0,18.3,0.0295
371,W2C,2,13.292,0.0,0,18.03,0.0206
372,N2C,3,8.4235,0.0,0,28.44,0.0967
372,S2C,4,6.6016,8.0,1,36.29,0.1403
372,E2C,2,13.0542,0.0,0,18.35,0.024
372,W2C,2,13.6659,0.0,0,17.53,0.0152
373,N2C,3,8.4651,1.0,1,28.3,0.1028
373,S2C,4,6.4102,9.0,1,37.38,0.1437
373,E2C,2,13.0909,0.0,0,18.3,0.0235
373,W2C,2,13.6994,0.0,0,17.49,0.0147
374,N2C,3,8.3132,2.0,1,28.82,0.1056
374,S2C,4,6.2369,11.0,2,38.42,0.1535
374,E2C,2,13.2061,0.0,0,18.14,0.0218
374,W2C,2,13.4859,0.0,0,17.77,0.0178
375,N2C,3,7.963,3.0,1,30.09,0.1113
375,S2C,4,6.1945,13.0,2,38.68,0.1555
375,E2C,2,12.6707,0.0,0,18.91,0.0296
375,W2C,2,13.0716,0.0,0,18.33,0.0238
376,N2C,3,8.3106,4.0,1,28.83,0.107
376,S2C,4,6.0801,15.0,2,39.41,0.1585
376,E2C,2,13.3877,0.0,0,17.9,0.0192
376,W2C,2,13.5781,0.0,0,17.65,0.0165
377,N2C,3,8.2992,5.0,1,28.87,0.1078
377,S2C,4,6.1579,17.0,2,38.91,0.1587
377,E2C,2,13.1016,0.0,0,18.29,0.0234
377,W2C,2,13.4944,0.0,0,17.76,0.0177
378,N2C,3,8.3377,6.0,1,28.74,0.1079
378,S2C,4,5.1813,19.0,2,46.24,0.1741
378,E2C,2,13.2893,0.0,0,18.03,0.0206
378,W2C,2,13.5146,0.0,0,17.73,0.0174
379,N2C,4,9.8871,7.0,1,24.23,0.0923
379,S2C,5,6.0603,21.0,2,39.54,0.1687
379,E2C,3,13.199,0.0,0,18.15,0.0279
379,W2C,2,12.9283,0.0,0,18.53,0.0258
380,N2C,4,8.9266,8.0,1,26.84,0.1068
380,S2C,5,5.0877,23.0,2,47.09,0.1841
380,E2C,2,13.3079,0.0,0,18.0,0.0204
380,W2C,2,12.8535,0.0,0,18.64,0.0269
381,N2C,4,8.6894,9.0,1,27.57,0.1109
381,S2C,5,4.9466,25.0,2,48.44,0.1874
381,E2C,2,13.3944,0.0,0,17.89,0.0191
381,W2C,2,12.6977,0.0,0,18.87,0.0292
382,N2C,4,7.737,10.0,1,30.97,0.1253
382,S2C,5,4.9652,28.0,3,48.26,0.1952
382,E2C,2,13.184,0.0,0,18.17,0.0222
382,W2C,2,12.4777,0.0,0,19.2,0.0323
383,N2C,4,6.6798,11.0,1,35.87,0.1412
383,S2C,5,4.8802,31.0,3,49.1,0.1984
383,E2C,2,13.1385,0.0,0,18.24,0.0228
383,W2C,2,12.7951,0.0,0,18.73,0.0278
384,N2C,4,6.7998,12.0,1,35.24,0.1401
384,S2C,5,4.8308,34.0,3,49.6,0.2011
384,E2C,2,13.6927,0.0,0,17.5,0.0148
384,W2C,2,12.5483,0.0,0,19.09,0.0313
385,N2C,4,6.619,14.0,2,36.2,0.15
385,S2C,5,4.9851,37.0,3,48.06,0.2009
385,E2C,2,13.2874,0.0,0,18.03,0.0207
385,W2C,2,12.8154,0.0,0,18.7,0.0275
386,N2C,4,6.5643,16.0,2,36.5,0.1521
386,S2C,5,5.0382,40.0,3,47.56,0.2021
386,E2C,2,13.2425,0.0,0,18.09,0.0213
386,W2C,2,12.2987,0.0,0,19.48,0.0349
387,N2C,4,5.5271,18.0,2,43.35,0.1684
387,S2C,5,4.9451,43.0,3,48.45,0.2055
387,E2C,2,13.6317,0.0,0,17.58,0.0157
387,W2C,2,12.2981,0.0,0,19.48,0.0349
388,N2C,5,6.0843,20.0,2,39.38,0.1677
388,S2C,6,6.2258,46.0,3,38.48,0.195
388,E2C,2,13.4211,0.0,0,17.85,0.0188
388,W2C,2,12.5793,0.0,0,19.05,0.0309
389,N2C,5,4.9772,22.0,2,48.14,0.185
389,S2C,6,5.7868,49.0,3,41.4,0.2033
389,E2C,2,12.7908,0.0,0,18.73,0.0278
389,W2C,2,12.0571,0.0,0,19.87,0.0384
390,N2C,5,5.0145,24.0,2,47.78,0.1858
390,S2C,6,4.9558,52.0,3,48.35,0.2173
390,E2C,2,12.4769,0.0,0,19.2,0.0323
390,W2C,2,12.6929,0.0,0,18.88,0.0292
391,N2C,5,5.0756,27.0,3,47.21,0.1929
391,S2C,6,4.3256,55.0,3,55.39,0.2284
391,E2C,2,12.306,0.0,0,19.47,0.0348
391,W2C,2,12.6619,0.0,0,18.92,0.0297
392,N2C,5,4.9813,30.0,3,48.1,0.1963
392,S2C,6,4.3729,59.0,4,54.79,0.2364
392,E2C,2,12.8237,0.0,0,18.68,0.0274
392,W2C,2,12.5352,0.0,0,19.11,0.0315
393,N2C,5,5.0868,33.0,3,47.1,0.1968
393,S2C,6,4.226,63.0,4,56.7,0.2412
393,E2C,2,12.4905,0.0,0,19.18,0.0322
393,W2C,2,12.4419,0.0,0,19.26,0.0329
394,N2C,5,5.0862,36.0,3,47.11,0.1988
394,S2C,6,4.4504,67.0,4,53.84,0.2406
394,E2C,2,13.3585,0.0,0,17.94,0.0197
394,W2C,2,12.5332,0.0,0,19.12,0.0315
395,N2C,5,4.9619,39.0,3,48.29,0.2026
395,S2C,6,4.1627,71.0,4,57.56,0.2474
395,E2C,2,12.9248,0.0,0,18.54,0.0259
395,W2C,2,12.7363,0.0,0,18.81,0.0286
396,N2C,5,4.1202,42.0,3,58.15,0.2167
396,S2C,6,3.858,75.0,4,62.11,0.2544
396,E2C,2,12.1484,0.0,0,19.72,0.0371
396,W2C,2,12.6627,0.0,0,18.92,0.0297
397,N2C,4,7.8485,7.0,1,30.53,0.1217
397,S2C,5,6.6253,22.0,2,36.16,0.1613
397,E2C,3,11.3002,0.0,0,21.2,0.0553
397,W2C,3,12.5332,0.0,0,19.12,0.0375
398,N2C,4,7.2128,0.0,0,33.22,0.1201
398,S2C,5,6.5389,0.0,0,36.64,0.1358
398,E2C,3,9.8632,0.0,0,24.29,0.076
398,W2C,3,11.7467,0.0,0,20.4,0.0489
399,N2C,4,7.8774,0.0,0,30.42,0.1106
399,S2C,5,6.7631,0.0,0,35.43,0.1326
399,E2C,3,8.8578,1.0,1,27.05,0.0971
399,W2C,3,10.6585,0.0,0,22.48,0.0645
400,N2C,3,9.8074,0.0,0,24.43,0.0768
400,S2C,3,10.0431,0.0,0,23.86,0.0734
400,E2C,3,8.3981,2.0,1,28.53,0.1044
400,W2C,3,9.8514,0.0,0,24.32,0.0762
401,N2C,2,13.0748,0.0,0,18.33,0.0237
401,S2C,3,10.6877,0.0,0,22.42,0.0641
401,E2C,3,8.5024,3.0,1,28.18,0.1036
401,W2C,3,8.4596,0.0,0,28.32,0.0962
402,N2C,2,13.125,0.0,0,18.26,0.023
402,S2C,2,13.4082,0.0,0,17.87,0.0189
402,E2C,3,8.5526,4.0,1,28.01,0.1035
402,W2C,3,8.4922,1.0,1,28.21,0.1024
403,N2C,2,12.7892,0.0,0,18.73,0.0279
403,S2C,2,12.8701,0.0,0,18.62,0.0267
403,E2C,3,8.7853,5.0,1,27.27,0.1008
403,W2C,3,8.5447,2.0,1,28.04,0.1023
404,N2C,2,12.8478,0.0,0,18.65,0.027
404,S2C,2,13.1683,0.0,0,18.2,0.0224
404,E2C,3,8.5475,6.0,1,28.03,0.1049
404,W2C,3,8.5122,3.0,1,28.15,0.1034
405,N2C,2,12.7796,0.0,0,18.75,0.028
405,S2C,2,12.9438,0.0,0,18.51,0.0256
405,E2C,3,8.7845,7.0,1,27.28,0.1022
405,W2C,3,8.7216,4.0,1,27.47,0.1011
406,N2C,3,12.9052,0.0,0,18.57,0.0322
406,S2C,2,13.2786,0.0,0,18.04,0.0208
406,E2C,4,9.2148,8.0,1,26.0,0.1027
406,W2C,4,9.3214,5.0,1,25.7,0.0991
407,N2C,3,13.0052,0.0,0,18.42,0.0307
407,S2C,2,13.1617,0.0,0,18.2,0.0225
407,E2C,4,8.1823,9.0,1,29.28,0.1182
407,W2C,4,8.9999,6.0,1,26.62,0.1044
408,N2C,3,12.4498,0.0,0,19.25,0.0387
408,S2C,2,13.1929,0.0,0,18.16,0.022
408,E2C,4,7.1655,10.0,1,33.44,0.1335
408,W2C,4,8.1477,7.0,1,29.41,0.1173
409,N2C,2,13.7812,0.0,0,17.39,0.0136
409,S2C,2,13.5056,0.0,0,17.74,0.0175
409,E2C,4,6.7403,11.0,1,35.55,0.1403
409,W2C,4,7.3135,8.0,1,32.76,0.13
410,N2C,2,13.5707,0.0,0,17.66,0.0166
410,S2C,2,12.9669,0.0,0,18.48,0.0253
410,E2C,4,6.463,13.0,2,37.07,0.1516
410,W2C,4,6.5073,9.0,1,36.82,0.1423
411,N2C,2,13.2947,0.0,0,18.02,0.0206
411,S2C,2,13.2236,0.0,0,18.12,0.0216
411,E2C,4,6.6917,15.0,2,35.81,0.1496
411,W2C,4,6.6538,11.0,2,36.01,0.1475
412,N2C,2,13.005,0.0,0,18.42,0.0247
412,S2C,2,13.7541,0.0,0,17.42,0.014
412,E2C,4,6.3476,17.0,2,37.75,0.1559
412,W2C,4,6.5998,13.0,2,36.3,0.1496
413,N2C,2,12.7049,0.0,0,18.86,0.0291
413,S2C,2,13.337,0.0,0,17.97,0.02
413,E2C,4,6.8061,19.0,2,35.2,0.1507
413,W2C,4,6.5192,15.0,2,36.75,0.1521
414,N2C,2,12.9253,0.0,0,18.54,0.0259
414,S2C,2,13.0305,0.0,0,18.39,0.0244
414,E2C,4,5.6967,21.0,2,42.06,0.168
414,W2C,4,5.674,17.0,2,42.23,0.1656
415,N2C,2,13.4431,0.0,0,17.82,0.0184
415,S2C,2,12.7765,0.0,0,18.75,0.028
415,E2C,5,6.5704,23.0,2,36.47,0.1627
415,W2C,5,5.9788,19.0,2,40.07,0.1686
416,N2C,2,13.0483,0.0,0,18.36,0.0241
416,S2C,2,12.9657,0.0,0,18.48,0.0253
416,E2C,5,5.6168,25.0,2,42.66,0.1778
416,W2C,5,5.0226,22.0,3,47.7,0.1903
417,N2C,2,13.1252,0.0,0,18.25,0.023
417,S2C,2,12.8124,0.0,0,18.7,0.0275
417,E2C,5,5.4302,27.0,2,44.12,0.1818
417,W2C,5,4.9113,25.0,3,48.79,0.1939
418,N2C,2,12.8885,0.0,0,18.59,0.0264
418,S2C,2,12.8233,0.0,0,18.68,0.0274
418,E2C,5,5.2019,30.0,3,46.06,0.1931
418,W2C,5,4.9562,28.0,3,48.34,0.1953
419,N2C,2,13.1577,0.0,0,18.21,0.0225
419,S2C,2,12.6735,0.0,0,18.91,0.0295
419,E2C,5,5.3069,33.0,3,45.15,0.1936
419,W2C,5,4.9452,31.0,3,48.45,0.1975
420,N2C,2,12.7365,0.0,0,18.81,0.0286
420,S2C,2,12.7157,0.0,0,18.84,0.0289
420,E2C,5,5.3021,36.0,3,45.19,0.1957
420,W2C,5,5.0422,34.0,3,47.52,0.1981
421,N2C,2,13.0805,0.0,0,18.32,0.0237
421,S2C,2,13.2863,0.0,0,18.03,0.0207
421,E2C,5,5.3236,39.0,3,45.01,0.1973
421,W2C,5,4.9652,37.0,3,48.26,0.2012
422,N2C,2,12.9198,0.0,0,18.55,0.026
422,S2C,2,13.186,0.0,0,18.17,0.0221
422,E2C,5,5.2176,42.0,3,45.92,0.2009
422,W2C,5,5.0601,40.0,3,47.35,0.2018
423,N2C,2,13.0674,0.0,0,18.34,0.0238
423,S2C,2,13.282,0.0,0,18.04,0.0208
423,E2C,5,4.567,45.0,3,52.46,0.2122
423,W2C,5,4.1569,43.0,3,57.64,0.2168
424,N2C,2,12.7594,0.0,0,18.78,0.0283
424,S2C,2,12.7565,0.0,0,18.78,0.0283
424,E2C,6,5.124,48.0,3,46.76,0.2122
424,W2C,6,4.9822,46.0,3,48.09,0.2129
425,N2C,2,12.5917,0.0,0,19.03,0.0307
425,S2C,2,12.7003,0.0,0,18.87,0.0291
425,E2C,6,4.4005,51.0,3,54.45,0.2246
425,W2C,6,4.3022,49.0,3,55.69,0.2247
426,N2C,2,12.5446,0.0,0,19.1,0.0314
426,S2C,2,12.2468,0.0,0,19.56,0.0357
426,E2C,6,4.1461,54.0,3,57.79,0.2303
426,W2C,6,3.8855,52.0,3,61.67,0.2327
427,N2C,2,12.7254,0.0,0,18.83,0.0288
427,S2C,2,12.3998,0.0,0,19.32,0.0335
427,E2C,6,4.2126,58.0,4,56.88,0.238
427,W2C,6,4.1824,56.0,4,57.29,0.2371
428,N2C,2,12.6097,0.0,0,19.0,0.0304
428,S2C,2,12.081,0.0,0,19.83,0.038
428,E2C,6,4.211,62.0,4,56.9,0.2407
428,W2C,6,4.0004,60.0,4,59.89,0.2424
429,N2C,2,12.425,0.0,0,19.28,0.0331
429,S2C,2,12.5046,0.0,0,19.16,0.0319
429,E2C,6,4.2324,66.0,4,56.61,0.2431
429,W2C,6,4.0756,64.0,4,58.79,0.244
430,N2C,2,12.6956,0.0,0,18.87,0.0292
430,S2C,2,12.5396,0.0,0,19.11,0.0314
430,E2C,4,6.4773,17.0,2,36.99,0.1541
430,W2C,4,5.9451,19.0,2,40.3,0.1631
431,N2C,2,12.4735,0.0,0,19.21,0.0324
431,S2C,2,12.7436,0.0,0,18.8,0.0285
431,E2C,4,6.2788,0.0,0,38.16,0.1336
431,W2C,4,6.611,0.0,0,36.24,0.1288
432,N2C,2,12.846,0.0,0,18.65,0.027
432,S2C,2,12.255,0.0,0,19.55,0.0355
432,E2C,4,6.125,0.0,0,39.12,0.1358
432,W2C,4,8.0312,0.0,0,29.83,0.1084
433,N2C,3,12.5705,0.0,0,19.06,0.037
433,S2C,3,12.9938,0.0,0,18.44,0.0309
433,E2C,3,10.3109,0.0,0,23.24,0.0695
433,W2C,3,11.6634,0.0,0,20.54,0.0501
434,N2C,3,10.9561,0.0,0,21.87,0.0602
434,S2C,3,11.462,0.0,0,20.9,0.053
434,E2C,3,10.4291,0.0,0,22.97,0.0678
434,W2C,3,10.7289,0.0,0,22.33,0.0635
435,N2C,3,9.6527,0.0,0,24.82,0.079
435,S2C,3,10.3582,0.0,0,23.13,0.0689
435,E2C,2,12.5772,0.0,0,19.05,0.0309
435,W2C,3,11.1037,0.0,0,21.58,0.0581
436,N2C,3,9.0319,0.0,0,26.53,0.088
436,S2C,3,8.9654,0.0,0,26.73,0.0889
436,E2C,2,12.1835,0.0,0,19.67,0.0366
436,W2C,2,12.0146,0.0,0,19.94,0.039
437,N2C,3,8.8834,1.0,1,26.97,0.0968
437,S2C,3,8.9599,1.0,1,26.74,0.0957
437,E2C,2,12.9513,0.0,0,18.5,0.0255
437,W2C,2,11.0379,0.0,0,21.71,0.0531
438,N2C,3,8.6733,2.0,1,27.63,0.1004
438,S2C,3,8.4816,2.0,1,28.25,0.1032
438,E2C,2,12.9013,0.0,0,18.57,0.0262
438,W2C,2,11.6699,0.0,0,20.53,0.044
439,N2C,3,8.9403,3.0,1,26.8,0.0973
439,S2C,3,8.9052,3.0,1,26.91,0.0978
439,E2C,2,12.6091,0.0,0,19.0,0.0304
439,W2C,2,11.5715,0.0,0,20.71,0.0454
440,N2C,3,8.51,4.0,1,28.16,0.1041
440,S2C,3,8.745,4.0,1,27.4,0.1007
440,E2C,2,12.8918,0.0,0,18.59,0.0264
440,W2C,2,11.9782,0.0,0,20.0,0.0395
441,N2C,3,8.8576,5.0,1,27.05,0.0998
441,S2C,3,8.6227,5.0,1,27.79,0.1032
441,E2C,2,12.895,0.0,0,18.58,0.0263
441,W2C,2,11.5111,0.0,0,20.81,0.0463
442,N2C,4,9.0324,6.0,1,26.53,0.1039
442,S2C,4,8.6578,6.0,1,27.67,0.1093
442,E2C,3,12.9983,0.0,0,18.43,0.0308
442,W2C,3,11.9837,0.0,0,19.99,0.0454
443,N2C,4,7.8946,7.0,1,30.35,0.121
443,S2C,4,7.5073,7.0,1,31.92,0.1266
443,E2C,3,12.9461,0.0,0,18.51,0.0316
443,W2C,3,11.297,0.0,0,21.21,0.0553
444,N2C,4,7.0904,8.0,1,33.79,0.1332
444,S2C,4,6.3253,8.0,1,37.88,0.1443
444,E2C,2,13.0954,0.0,0,18.3,0.0234
444,W2C,2,11.3329,0.0,0,21.14,0.0488
445,N2C,4,6.6651,9.0,1,35.95,0.14
445,S2C,4,6.1032,9.0,1,39.26,0.1481
445,E2C,2,13.7952,0.0,0,17.37,0.0134
445,W2C,2,11.0271,0.0,0,21.73,0.0532
446,N2C,4,6.6068,11.0,2,36.27,0.1482
446,S2C,4,6.0856,10.0,1,39.37,0.149
446,E2C,2,13.0636,0.0,0,18.34,0.0239
446,W2C,2,11.0817,0.0,0,21.62,0.0524
447,N2C,4,6.6092,13.0,2,36.25,0.1495
447,S2C,4,6.267,12.0,2,38.23,0.1538
447,E2C,2,12.8257,0.0,0,18.68,0.0273
447,W2C,2,11.1789,0.0,0,21.43,0.051
448,N2C,4,6.416,15.0,2,37.34,0.1536
448,S2C,4,6.1928,14.0,2,38.69,0.1562
448,E2C,2,13.4097,0.0,0,17.87,0.0189
448,W2C,2,11.0235,0.0,0,21.74,0.0533
449,N2C,4,6.5433,17.0,2,36.62,0.1531
449,S2C,4,5.9124,16.0,2,40.53,0.1615
449,E2C,2,12.7421,0.0,0,18.8,0.0285
449,W2C,2,10.8607,0.0,0,22.06,0.0556
450,N2C,4,5.6853,19.0,2,42.14,0.1668
450,S2C,4,5.0473,18.0,2,47.47,0.1753
450,E2C,2,13.1509,0.0,0,18.22,0.0226
450,W2C,2,11.9784,0.0,0,20.0,0.0395
451,N2C,5,6.1138,21.0,2,39.19,0.168
451,S2C,5,5.7196,20.0,2,41.89,0.173
451,E2C,2,13.5735,0.0,0,17.65,0.0166
451,W2C,3,11.9323,0.0,0,20.08,0.0462
452,N2C,5,5.4922,23.0,2,43.63,0.1783
452,S2C,5,5.1615,22.0,2,46.42,0.1823
452,E2C,2,13.5186,0.0,0,17.72,0.0173
452,W2C,3,11.8812,0.0,0,20.17,0.0469
453,N2C,5,5.0218,26.0,3,47.71,0.193
453,S2C,5,4.5962,24.0,2,52.13,0.1918
453,E2C,2,13.3969,0.0,0,17.88,0.0191
453,W2C,3,11.9907,0.0,0,19.98,0.0453
454,N2C,5,5.1556,29.0,3,46.47,0.1931
454,S2C,5,4.7519,26.0,2,50.42,0.1909
454,E2C,2,13.1041,0.0,0,18.28,0.0233
454,W2C,3,11.7478,0.0,0,20.4,0.0488
455,N2C,5,5.3555,32.0,3,44.74,0.1922
455,S2C,5,4.546,29.0,3,52.71,0.2019
455,E2C,2,12.6911,0.0,0,18.88,0.0293
455,W2C,2,12.0796,0.0,0,19.84,0.0381
456,N2C,5,5.1602,35.0,3,46.43,0.197
456,S2C,5,4.4628,32.0,3,53.69,0.2051
456,E2C,2,13.5904,0.0,0,17.63,0.0163
456,W2C,2,12.0832,0.0,0,19.83,0.038
457,N2C,5,5.2559,38.0,3,45.59,0.1977
457,S2C,5,4.6021,35.0,3,52.06,0.2051
457,E2C,2,13.4082,0.0,0,17.87,0.0189
457,W2C,2,12.4227,0.0,0,19.29,0.0331
458,N2C,5,4.9673,41.0,3,48.24,0.2038
458,S2C,5,4.4817,38.0,3,53.46,0.2088
458,E2C,2,13.577,0.0,0,17.65,0.0165
458,W2C,2,12.0316,0.0,0,19.91,0.0388
459,N2C,5,4.2657,44.0,3,56.17,0.2159
459,S2C,5,4.7172,41.0,3,50.79,0.2074
459,E2C,2,13.2695,0.0,0,18.06,0.0209
459,W2C,2,12.0301,0.0,0,19.92,0.0388
460,N2C,6,5.1482,47.0,3,46.54,0.2112
460,S2C,6,6.3017,44.0,3,38.02,0.1926
460,E2C,2,13.3218,0.0,0,17.99,0.0202
460,W2C,3,12.1764,0.0,0,19.68,0.0427
461,N2C,6,4.4331,50.0,3,54.05,0.2235
461,S2C,6,5.8689,47.0,3,40.83,0.2008
461,E2C,2,13.0929,0.0,0,18.3,0.0235
461,W2C,3,12.299,0.0,0,19.48,0.0409
462,N2C,6,4.3193,53.0,3,55.47,0.2271
462,S2C,6,5.3645,50.0,3,44.66,0.2101
462,E2C,2,13.138,0.0,0,18.24,0.0228
462,W2C,3,12.3873,0.0,0,19.34,0.0396
463,N2C,4,6.3083,11.0,1,37.98,0.1465
463,S2C,4,6.9531,9.0,1,34.46,0.1359
463,E2C,2,13.1958,0.0,0,18.16,0.022
463,W2C,3,11.7656,0.0,0,20.36,0.0486
464,N2C,4,6.8186,0.0,0,35.14,0.1258
464,S2C,4,6.8352,0.0,0,35.05,0.1256
464,E2C,2,13.172,0.0,0,18.19,0.0223
464,W2C,3,10.052,0.0,0,23.84,0.0733
465,N2C,4,7.9441,0.0,0,30.16,0.1096
465,S2C,4,7.8666,0.0,0,30.46,0.1107
465,E2C,2,13.1348,0.0,0,18.24,0.0229
465,W2C,3,9.0479,0.0,0,26.48,0.0877
466,N2C,3,9.6567,0.0,0,24.81,0.079
466,S2C,3,9.6027,0.0,0,24.95,0.0797
466,E2C,2,13.3023,0.0,0,18.01,0.0205
466,W2C,3,8.852,0.0,0,27.07,0.0905
467,N2C,2,13.0741,0.0,0,18.33,0.0237
467,S2C,2,12.3547,0.0,0,19.39,0.0341
467,E2C,2,12.928,0.0,0,18.53,0.0259
467,W2C,3,8.8397,0.0,0,27.1,0.0907
468,N2C,2,12.6987,0.0,0,18.87,0.0292
468,S2C,2,12.0002,0.0,0,19.97,0.0392
468,E2C,2,12.4978,0.0,0,19.17,0.032
468,W2C,3,7.8939,1.0,1,30.35,0.111
469,N2C,3,13.2276,0.0,0,18.11,0.0275
469,S2C,3,13.0464,0.0,0,18.37,0.0301
469,E2C,3,11.5551,0.0,0,20.74,0.0516
469,W2C,4,8.2684,2.0,1,28.98,0.1123
470,N2C,2,12.9225,0.0,0,18.54,0.0259
470,S2C,3,12.4727,0.0,0,19.21,0.0384
470,E2C,3,9.7631,0.0,0,24.54,0.0774
470,W2C,4,7.1339,3.0,1,33.59,0.1293
471,N2C,2,12.7665,0.0,0,18.77,0.0282
471,S2C,3,12.976,0.0,0,18.46,0.0312
471,E2C,3,9.008,0.0,0,26.6,0.0883
471,W2C,4,6.3743,4.0,1,37.59,0.1409
472,N2C,2,13.0689,0.0,0,18.33,0.0238
472,S2C,2,13.4735,0.0,0,17.78,0.018
472,E2C,3,8.831,1.0,1,27.13,0.0975
472,W2C,4,6.3429,6.0,2,37.77,0.1487
473,N2C,2,13.0986,0.0,0,18.29,0.0234
473,S2C,2,13.416,0.0,0,17.86,0.0188
473,E2C,3,8.5698,2.0,1,27.96,0.1019
473,W2C,4,6.6278,8.0,2,36.15,0.1459
474,N2C,2,13.107,0.0,0,18.28,0.0233
474,S2C,2,13.1539,0.0,0,18.22,0.0226
474,E2C,3,9.1081,3.0,1,26.31,0.0949
474,W2C,4,6.5249,10.0,2,36.72,0.1487
475,N2C,2,13.279,0.0,0,18.04,0.0208
475,S2C,2,12.6345,0.0,0,18.96,0.0301
475,E2C,3,8.7296,4.0,1,27.45,0.101
475,W2C,4,6.6146,12.0,2,36.22,0.1488
476,N2C,2,13.4117,0.0,0,17.86,0.0189
476,S2C,2,13.2945,0.0,0,18.02,0.0206
476,E2C,3,8.8974,5.0,1,26.93,0.0992
476,W2C,4,6.5641,14.0,2,36.5,0.1508
477,N2C,2,13.0291,0.0,0,18.39,0.0244
477,S2C,2,13.5439,0.0,0,17.69,0.017
477,E2C,3,8.1711,6.0,1,29.32,0.1103
477,W2C,4,6.0721,16.0,2,39.46,0.1592
478,N2C,2,13.2972,0.0,0,18.02,0.0205
478,S2C,2,13.5324,0.0,0,17.71,0.0171
478,E2C,4,8.2537,7.0,1,29.03,0.1158
478,W2C,5,6.9505,18.0,2,34.47,0.1539
479,N2C,2,13.0447,0.0,0,18.37,0.0242
479,S2C,2,13.1616,0.0,0,18.2,0.0225
479,E2C,4,7.2594,8.0,1,33.01,0.1308
479,W2C,5,5.999,20.0,2,39.94,0.169
480,N2C,2,12.6756,0.0,0,18.9,0.0295
480,S2C,2,13.0758,0.0,0,18.32,0.0237
480,E2C,4,5.9268,9.0,1,40.43,0.1507
480,W2C,5,5.4077,22.0,2,44.31,0.1788
481,N2C,2,13.4661,0.0,0,17.79,0.0181
481,S2C,2,12.7602,0.0,0,18.78,0.0283
481,E2C,4,6.2103,10.0,1,38.58,0.1472
481,W2C,5,5.5736,24.0,2,42.99,0.1777
482,N2C,2,12.4305,0.0,0,19.28,0.033
482,S2C,2,13.1544,0.0,0,18.21,0.0226
482,E2C,4,6.1063,12.0,2,39.24,0.1561
482,W2C,5,5.2442,27.0,3,45.69,0.1905
483,N2C,2,13.0429,0.0,0,18.37,0.0242
483,S2C,2,13.1957,0.0,0,18.16,0.022
483,E2C,4,6.0089,14.0,2,39.87,0.1588
483,W2C,5,5.2703,30.0,3,45.46,0.1921
484,N2C,2,12.9166,0.0,0,18.55,0.026
484,S2C,2,13.0575,0.0,0,18.35,0.024
484,E2C,4,6.2811,16.0,2,38.15,0.1562
484,W2C,5,5.3796,33.0,3,44.54,0.1925
485,N2C,2,12.3735,0.0,0,19.36,0.0338
485,S2C,2,13.2739,0.0,0,18.05,0.0209
485,E2C,4,6.0678,18.0,2,39.49,0.1606
485,W2C,5,5.3455,36.0,3,44.82,0.195
486,N2C,2,13.2205,0.0,0,18.12,0.0216
486,S2C,2,12.7966,0.0,0,18.72,0.0277
486,E2C,4,4.9587,20.0,2,48.32,0.1779
486,W2C,5,4.4255,39.0,3,54.14,0.2103
487,N2C,3,12.8055,0.0,0,18.71,0.0336
487,S2C,2,13.8726,0.0,0,17.27,0.0123
487,E2C,5,5.8378,22.0,2,41.04,0.1726
487,W2C,6,5.079,42.0,3,47.17,0.2089
488,N2C,2,13.0496,0.0,0,18.36,0.0241
488,S2C,2,13.4906,0.0,0,17.76,0.0178
488,E2C,5,4.8677,24.0,2,49.22,0.1879
488,W2C,6,4.3793,45.0,3,54.71,0.2209
489,N2C,2,13.0998,0.0,0,18.29,0.0234
489,S2C,2,12.9181,0.0,0,18.55,0.026
489,E2C,5,5.0684,26.0,2,47.27,0.1864
489,W2C,6,4.1521,48.0,3,57.71,0.2262
490,N2C,2,13.0758,0.0,0,18.32,0.0237
490,S2C,2,12.7724,0.0,0,18.76,0.0281
490,E2C,5,4.6921,29.0,3,51.06,0.1998
490,W2C,6,4.1784,52.0,4,57.34,0.2345
491,N2C,2,13.038,0.0,0,18.38,0.0243
491,S2C,2,13.5123,0.0,0,17.73,0.0174
491,E2C,5,4.8357,32.0,3,49.55,0.1997
491,W2C,6,4.3121,56.0,4,55.56,0.2352
492,N2C,2,12.7856,0.0,0,18.74,0.0279
492,S2C,2,13.2028,0.0,0,18.15,0.0219
492,E2C,5,4.7816,35.0,3,50.11,0.2025
492,W2C,6,4.1676,60.0,4,57.49,0.24
493,N2C,2,13.2843,0.0,0,18.04,0.0207
493,S2C,2,13.6122,0.0,0,17.6,0.016
493,E2C,5,4.8271,38.0,3,49.64,0.2038
493,W2C,6,4.0252,64.0,4,59.53,0.2447
494,N2C,2,13.0217,0.0,0,18.4,0.0245
494,S2C,2,13.6834,0.0,0,17.51,0.015
494,E2C,5,4.8905,41.0,3,48.99,0.2049
494,W2C,6,3.7054,68.0,4,64.66,0.252
495,N2C,2,12.5898,0.0,0,19.03,0.0307
495,S2C,2,13.1478,0.0,0,18.22,0.0227
495,E2C,5,4.9421,44.0,3,48.48,0.2062
495,W2C,6,3.1037,72.0,4,77.2,0.2633
496,N2C,3,11.3402,0.0,0,21.13,0.0547
496,S2C,3,11.7059,0.0,0,20.47,0.0494
496,E2C,4,9.0276,7.0,1,26.54,0.1047
496,W2C,5,5.9585,22.0,2,40.21,0.1709
497,N2C,3,10.1454,0.0,0,23.62,0.0719
497,S2C,3,10.2843,0.0,0,23.3,0.0699
497,E2C,4,9.0376,0.0,0,26.51,0.0939
497,W2C,5,5.842,0.0,0,41.01,0.1459
498,N2C,3,8.7526,1.0,1,27.37,0.0986
498,S2C,3,9.3396,0.0,0,25.65,0.0835
498,E2C,4,9.6218,0.0,0,24.9,0.0855
498,W2C,5,6.1062,0.0,0,39.24,0.1421
499,N2C,3,8.9648,2.0,1,26.73,0.0962
499,S2C,3,8.4582,1.0,1,28.33,0.1029
499,E2C,3,11.6226,0.0,0,20.61,0.0506
499,W2C,3,9.169,0.0,0,26.13,0.086
500,N2C,3,8.6751,3.0,1,27.62,0.1011
500,S2C,3,8.9418,2.0,1,26.8,0.0966
500,E2C,2,12.2525,0.0,0,19.56,0.0356
500,W2C,3,9.6083,0.0,0,24.94,0.0797
501,N2C,3,8.5318,4.0,1,28.08,0.1038
501,S2C,3,8.7389,3.0,1,27.42,0.1002
501,E2C,2,11.8715,0.0,0,20.18,0.0411
501,W2C,3,10.6374,0.0,0,22.52,0.0648
502,N2C,3,8.5934,5.0,1,27.88,0.1036
502,S2C,3,8.6266,4.0,1,27.77,0.1025
502,E2C,2,12.0266,0.0,0,19.92,0.0388
502,W2C,2,12.4654,0.0,0,19.22,0.0325
503,N2C,3,8.6019,6.0,1,27.85,0.1041
503,S2C,3,8.6494,5.0,1,27.7,0.1028
503,E2C,2,12.2668,0.0,0,19.53,0.0354
503,W2C,2,12.5772,0.0,0,19.05,0.0309
504,N2C,3,8.0912,7.0,1,29.61,0.1122
504,S2C,3,7.8105,6.0,1,30.68,0.1155
504,E2C,2,12.1252,0.0,0,19.76,0.0374
504,W2C,2,12.7338,0.0,0,18.82,0.0286
505,N2C,4,9.2383,8.0,1,25.94,0.1023
505,S2C,4,8.4698,7.0,1,28.29,0.1127
505,E2C,2,12.4321,0.0,0,19.27,0.033
505,W2C,3,13.0978,0.0,0,18.29,0.0294
506,N2C,4,8.1232,9.0,1,29.5,0.119
506,S2C,4,7.2586,8.0,1,33.01,0.1308
506,E2C,2,12.1905,0.0,0,19.65,0.0365
506,W2C,3,12.7567,0.0,0,18.78,0.0343
507,N2C,4,6.8915,10.0,1,34.77,0.1374
507,S2C,4,6.6033,9.0,1,36.28,0.1409
507,E2C,2,11.8633,0.0,0,20.2,0.0412
507,W2C,2,13.3416,0.0,0,17.96,0.0199
508,N2C,4,6.9361,11.0,1,34.54,0.1375
508,S2C,4,6.72,11.0,2,35.65,0.1466
508,E2C,2,11.9242,0.0,0,20.09,0.0403
508,W2C,2,13.7444,0.0,0,17.43,0.0141
509,N2C,4,6.5008,13.0,2,36.86,0.1511
509,S2C,4,6.5249,13.0,2,36.72,0.1507
509,E2C,2,12.02,0.0,0,19.93,0.0389
509,W2C,2,12.96,0.0,0,18.49,0.0254
510,N2C,4,6.7162,15.0,2,35.68,0.1493
510,S2C,4,6.5577,15.0,2,36.54,0.1516
510,E2C,2,12.0147,0.0,0,19.94,0.039
510,W2C,2,13.3307,0.0,0,17.97,0.0201
511,N2C,4,6.5516,17.0,2,36.57,0.153
511,S2C,4,6.5842,17.0,2,36.39,0.1525
511,E2C,2,11.726,0.0,0,20.43,0.0432
511,W2C,2,13.6673,0.0,0,17.53,0.0152
512,N2C,4,6.5749,19.0,2,36.44,0.154
512,S2C,4,6.5981,19.0,2,36.31,0.1537
512,E2C,2,12.2154,0.0,0,19.61,0.0361
512,W2C,2,13.2765,0.0,0,18.05,0.0208
513,N2C,4,5.5581,21.0,2,43.11,0.17
513,S2C,4,5.3655,21.0,2,44.66,0.1727
513,E2C,2,12.3483,0.0,0,19.4,0.0342
513,W2C,2,12.8738,0.0,0,18.61,0.0266
514,N2C,5,6.6006,23.0,2,36.3,0.1623
514,S2C,5,6.347,23.0,2,37.75,0.1659
514,E2C,3,12.7874,0.0,0,18.74,0.0339
514,W2C,2,13.6636,0.0,0,17.54,0.0153
515,N2C,5,5.7277,25.0,2,41.83,0.1762
515,S2C,5,5.5627,25.0,2,43.07,0.1786
515,E2C,3,12.8267,0.0,0,18.68,0.0333
515,W2C,2,13.3317,0.0,0,17.97,0.02
516,N2C,5,5.3347,27.0,2,44.91,0.1832
516,S2C,5,5.2477,27.0,2,45.66,0.1844
516,E2C,3,12.9604,0.0,0,18.49,0.0314
516,W2C,2,13.1309,0.0,0,18.25,0.0229
517,N2C,5,5.3727,30.0,3,44.6,0.1906
517,S2C,5,5.2277,29.0,2,45.83,0.1861
517,E2C,3,12.8193,0.0,0,18.69,0.0334
517,W2C,2,13.1715,0.0,0,18.19,0.0223
518,N2C,5,5.2593,33.0,3,45.56,0.1943
518,S2C,5,5.2752,32.0,3,45.42,0.1934
518,E2C,2,13.4449,0.0,0,17.82,0.0184
518,W2C,2,13.0104,0.0,0,18.42,0.0247
519,N2C,5,5.2537,36.0,3,45.61,0.1964
519,S2C,5,5.4068,35.0,3,44.31,0.1935
519,E2C,2,13.1956,0.0,0,18.16,0.022
519,W2C,2,13.7441,0.0,0,17.43,0.0141
520,N2C,5,5.3897,39.0,3,44.46,0.1964
520,S2C,5,5.2115,38.0,3,45.98,0.1983
520,E2C,2,13.7279,0.0,0,17.45,0.0143
520,W2C,2,13.3647,0.0,0,17.93,0.0196
521,N2C,5,5.2965,42.0,3,45.24,0.1997
521,S2C,5,5.2655,41.0,3,45.5,0.1995
521,E2C,2,13.1514,0.0,0,18.22,0.0226
521,W2C,2,13.3731,0.0,0,17.92,0.0194
522,N2C,5,4.3202,45.0,3,55.46,0.2158
522,S2C,5,4.7777,44.0,3,50.15,0.2085
522,E2C,2,13.0733,0.0,0,18.33,0.0238
522,W2C,2,13.5696,0.0,0,17.66,0.0166
523,N2C,6,5.1086,48.0,3,46.9,0.2124
523,S2C,6,5.5497,47.0,3,43.17,0.2054
523,E2C,2,13.0141,0.0,0,18.41,0.0246
523,W2C,2,13.0477,0.0,0,18.36,0.0241
524,N2C,6,4.4629,51.0,3,53.69,0.2237
524,S2C,6,4.7802,50.0,3,50.12,0.2185
524,E2C,2,12.6964,0.0,0,18.87,0.0292
524,W2C,2,13.0643,0.0,0,18.34,0.0239
525,N2C,6,4.4771,54.0,3,53.52,0.2255
525,S2C,6,4.4533,54.0,4,53.8,0.2319
525,E2C,2,12.8355,0.0,0,18.67,0.0272
525,W2C,2,12.6304,0.0,0,18.97,0.0301
526,N2C,6,4.3521,58.0,4,55.05,0.236
526,S2C,6,4.3704,58.0,4,54.82,0.2357
526,E2C,2,12.1444,0.0,0,19.73,0.0371
526,W2C,2,12.8545,0.0,0,18.64,0.0269
527,N2C,6,4.4374,62.0,4,54.0,0.2374
527,S2C,6,4.3492,62.0,4,55.09,0.2387
527,E2C,2,12.9673,0.0,0,18.48,0.0253
527,W2C,2,12.9477,0.0,0,18.51,0.0256
528,N2C,6,4.3432,66.0,4,55.17,0.2415
528,S2C,6,4.4832,66.0,4,53.44,0.2394
528,E2C,2,13.0317,0.0,0,18.39,0.0244
528,W2C,2,13.0037,0.0,0,18.43,0.0248
529,N2C,4,6.567,17.0,2,36.49,0.1528
529,S2C,4,6.5949,17.0,2,36.33,0.1524
529,E2C,2,13.0989,0.0,0,18.29,0.0234
529,W2C,2,13.0942,0.0,0,18.3,0.0235
530,N2C,4,6.9869,0.0,0,34.29,0.1234
530,S2C,4,6.906,0.0,0,34.69,0.1246
530,E2C,2,12.5861,0.0,0,19.04,0.0308
530,W2C,2,12.8203,0.0,0,18.69,0.0274
531,N2C,4,6.9097,0.0,0,34.68,0.1245
531,S2C,4,6.9718,0.0,0,34.37,0.1236
531,E2C,2,11.614,0.0,0,20.63,0.0448
531,W2C,2,11.9789,0.0,0,20.0,0.0395
532,N2C,3,11.1184,0.0,0,21.55,0.0579
532,S2C,3,10.0628,0.0,0,23.81,0.0731
532,E2C,3,10.8102,0.0,0,22.16,0.0623
532,W2C,3,11.3207,0.0,0,21.16,0.055
533,N2C,3,11.1923,0.0,0,21.41,0.0568
533,S2C,3,10.2509,0.0,0,23.37,0.0704
533,E2C,3,8.8981,0.0,0,26.93,0.0899
533,W2C,3,9.9534,0.0,0,24.07,0.0747
534,N2C,2,13.1656,0.0,0,18.2,0.0224
534,S2C,3,10.6197,0.0,0,22.56,0.0651
534,E2C,3,8.9017,0.0,0,26.92,0.0898
534,W2C,3,8.5898,0.0,0,27.89,0.0943
535,N2C,2,12.8585,0.0,0,18.63,0.0269
535,S2C,2,12.9984,0.0,0,18.43,0.0248
535,E2C,3,8.8524,0.0,0,27.07,0.0905
535,W2C,3,8.8757,0.0,0,26.99,0.0902
536,N2C,2,12.8489,0.0,0,18.65,0.027
536,S2C,2,12.1952,0.0,0,19.65,0.0364
536,E2C,3,8.1741,1.0,1,29.31,0.107
536,W2C,3,8.6511,1.0,1,27.7,0.1001
537,N2C,2,13.4956,0.0,0,17.75,0.0177
537,S2C,2,12.9035,0.0,0,18.57,0.0262
537,E2C,3,8.4445,2.0,1,28.37,0.1037
537,W2C,3,8.482,2.0,1,28.25,0.1032
538,N2C,2,12.9262,0.0,0,18.54,0.0259
538,S2C,2,12.8821,0.0,0,18.6,0.0265
538,E2C,3,8.3494,3.0,1,28.7,0.1058
538,W2C,3,8.5752,3.0,1,27.94,0.1025
539,N2C,2,12.8943,0.0,0,18.58,0.0263
539,S2C,2,12.515,0.0,0,19.15,0.0318
539,E2C,3,8.0778,4.0,1,29.66,0.1104
539,W2C,3,8.413,4.0,1,28.48,0.1055
540,N2C,2,12.7011,0.0,0,18.86,0.0291
540,S2C,2,12.6155,0.0,0,18.99,0.0304
540,E2C,3,8.42,5.0,1,28.46,0.1061
540,W2C,3,8.9674,5.0,1,26.72,0.0982
541,N2C,3,13.2787,0.0,0,18.04,0.0268
541,S2C,2,12.6071,0.0,0,19.01,0.0305
541,E2C,4,9.7057,6.0,1,24.69,0.0942
541,W2C,4,9.3984,6.0,1,25.49,0.0987
542,N2C,2,12.5503,0.0,0,19.09,0.0313
542,S2C,2,12.8875,0.0,0,18.59,0.0264
542,E2C,4,8.7821,7.0,1,27.28,0.1082
542,W2C,4,7.9177,7.0,1,30.26,0.1207
543,N2C,2,13.227,0.0,0,18.11,0.0215
543,S2C,2,12.777,0.0,0,18.75,0.028
543,E2C,4,7.6519,8.0,1,31.31,0.1252
543,W2C,4,7.1194,8.0,1,33.65,0.1328
544,N2C,2,12.8923,0.0,0,18.58,0.0264
544,S2C,2,12.8058,0.0,0,18.71,0.0276
544,E2C,4,6.5581,9.0,1,36.54,0.1416
544,W2C,4,6.6233,9.0,1,36.18,0.1406
545,N2C,2,13.2008,0.0,0,18.15,0.0219
545,S2C,2,12.9439,0.0,0,18.51,0.0256
545,E2C,4,6.4465,10.0,1,37.17,0.1438
545,W2C,4,6.5601,11.0,2,36.52,0.1489
546,N2C,2,12.7641,0.0,0,18.77,0.0282
546,S2C,2,12.7472,0.0,0,18.8,0.0285
546,E2C,4,6.6244,11.0,1,36.17,0.142
546,W2C,4,6.7468,13.0,2,35.51,0.1475
547,N2C,2,13.2637,0.0,0,18.06,0.021
547,S2C,2,12.685,0.0,0,18.89,0.0294
547,E2C,4,6.7799,13.0,2,35.34,0.147
547,W2C,4,6.6485,15.0,2,36.04,0.1503
548,N2C,2,12.9317,0.0,0,18.53,0.0258
548,S2C,2,13.0896,0.0,0,18.3,0.0235
548,E2C,4,6.7958,15.0,2,35.26,0.1481
548,W2C,4,6.56,17.0,2,36.52,0.1529
549,N2C,2,13.1501,0.0,0,18.22,0.0227
549,S2C,2,12.5368,0.0,0,19.11,0.0315
549,E2C,4,5.4857,17.0,2,43.68,0.1683
549,W2C,4,5.335,19.0,2,44.91,0.1718
550,N2C,1,13.2391,0.0,0,18.1,0.0154
550,S2C,3,12.8338,0.0,0,18.67,0.0332
550,E2C,5,6.3152,19.0,2,37.94,0.1637
550,W2C,5,6.3521,21.0,2,37.72,0.1645
551,N2C,2,13.4271,0.0,0,17.84,0.0187
551,S2C,3,12.7237,0.0,0,18.83,0.0348
551,E2C,5,5.4678,21.0,2,43.82,0.1773
551,W2C,5,5.4267,23.0,2,44.15,0.1792
552,N2C,2,13.4148,0.0,0,17.86,0.0188
552,S2C,3,12.9951,0.0,0,18.44,0.0309
552,E2C,5,5.1914,24.0,3,46.15,0.1892
552,W2C,5,5.5229,25.0,2,43.38,0.1791
553,N2C,2,12.4932,0.0,0,19.18,0.0321
553,S2C,2,13.5722,0.0,0,17.65,0.0166
553,E2C,5,5.0646,27.0,3,47.31,0.1931
553,W2C,5,5.3504,27.0,2,44.78,0.183
554,N2C,2,12.6943,0.0,0,18.87,0.0292
554,S2C,2,13.2876,0.0,0,18.03,0.0207
554,E2C,5,5.0314,30.0,3,47.62,0.1956
554,W2C,5,5.158,30.0,3,46.45,0.1937
555,N2C,2,12.8473,0.0,0,18.65,0.027
555,S2C,2,12.7322,0.0,0,18.82,0.0287
555,E2C,5,5.248,33.0,3,45.66,0.1944
555,W2C,5,5.222,33.0,3,45.88,0.1948
556,N2C,2,13.3232,0.0,0,17.98,0.0202
556,S2C,2,13.1921,0.0,0,18.16,0.022
556,E2C,5,5.0095,36.0,3,47.83,0.1999
556,W2C,5,5.1558,36.0,3,46.47,0.1978
557,N2C,2,13.1165,0.0,0,18.27,0.0231
557,S2C,2,13.5338,0.0,0,17.7,0.0171
557,E2C,5,5.0144,39.0,3,47.78,0.2018
557,W2C,5,5.2957,39.0,3,45.24,0.1977
558,N2C,2,13.2318,0.0,0,18.11,0.0215
558,S2C,2,13.7811,0.0,0,17.39,0.0136
558,E2C,5,4.883,42.0,3,49.07,0.2057
558,W2C,5,4.7479,42.0,3,50.46,0.2076
559,N2C,3,12.5358,0.0,0,19.11,0.0375
559,S2C,2,13.5739,0.0,0,17.65,0.0166
559,E2C,6,5.6052,45.0,3,42.75,0.2033
559,W2C,6,5.1211,45.0,3,46.79,0.2103
560,N2C,3,10.8156,0.0,0,22.15,0.0623
560,S2C,2,13.4677,0.0,0,17.79,0.0181
560,E2C,6,4.8261,48.0,3,49.65,0.2165
560,W2C,6,4.2428,48.0,3,56.47,0.2249
561,N2C,3,9.6854,0.0,0,24.74,0.0785
561,S2C,2,13.0364,0.0,0,18.38,0.0243
561,E2C,6,4.2548,51.0,3,56.31,0.2267
561,W2C,6,4.2535,51.0,3,56.33,0.2268
562,N2C,3,8.8919,0.0,0,26.95,0.09
562,S2C,2,13.2628,0.0,0,18.07,0.021
562,E2C,4,6.0915,12.0,2,39.33,0.1563
562,W2C,4,6.2872,9.0,1,38.11,0.1455
563,N2C,3,8.9966,0.0,0,26.63,0.0885
563,S2C,2,13.2854,0.0,0,18.03,0.0207
563,E2C,4,7.3579,0.0,0,32.56,0.1181
563,W2C,4,7.0102,0.0,0,34.18,0.1231
564,N2C,3,8.8522,1.0,1,27.07,0.0972
564,S2C,2,12.9723,0.0,0,18.47,0.0252
564,E2C,4,8.2483,0.0,0,29.05,0.1052
564,W2C,4,7.9058,0.0,0,30.31,0.1102
565,N2C,3,8.4237,2.0,1,28.44,0.104
565,S2C,2,13.4305,0.0,0,17.84,0.0186
565,E2C,2,12.6302,0.0,0,18.97,0.0301
565,W2C,2,12.2277,0.0,0,19.59,0.0359
566,N2C,3,8.7201,3.0,1,27.48,0.1004
566,S2C,2,13.7982,0.0,0,17.36,0.0133
566,E2C,2,13.0235,0.0,0,18.4,0.0245
566,W2C,2,12.5371,0.0,0,19.11,0.0315
567,N2C,3,9.107,4.0,1,26.31,0.0955
567,S2C,2,12.8212,0.0,0,18.69,0.0274
567,E2C,2,12.7123,0.0,0,18.85,0.029
567,W2C,2,12.6265,0.0,0,18.98,0.0302
568,N2C,4,9.8352,5.0,1,24.36,0.0917
568,S2C,3,11.0872,0.0,0,21.61,0.0584
568,E2C,3,12.5668,0.0,0,19.07,0.0371
568,W2C,2,10.7748,0.0,0,22.24,0.0569
569,N2C,4,8.3306,6.0,1,28.76,0.114
569,S2C,3,9.6027,0.0,0,24.95,0.0797
569,E2C,2,11.7232,0.0,0,20.44,0.0432
569,W2C,2,11.4771,0.0,0,20.88,0.0467
570,N2C,4,7.5159,7.0,1,31.88,0.1264
570,S2C,3,9.0831,0.0,0,26.38,0.0872
570,E2C,2,12.2535,0.0,0,19.55,0.0356
570,W2C,2,11.1742,0.0,0,21.44,0.0511
571,N2C,4,6.5609,8.0,1,36.52,0.1409
571,S2C,3,8.8852,0.0,0,26.97,0.0901
571,E2C,2,12.403,0.0,0,19.32,0.0334
571,W2C,2,11.8758,0.0,0,20.18,0.041
572,N2C,4,6.7225,9.0,1,35.64,0.1392
572,S2C,3,8.3874,1.0,1,28.57,0.1039
572,E2C,2,12.5346,0.0,0,19.12,0.0315
572,W2C,2,11.6115,0.0,0,20.63,0.0448
573,N2C,4,6.7295,11.0,2,35.6,0.1464
573,S2C,3,8.9711,2.0,1,26.71,0.0962
573,E2C,2,12.7863,0.0,0,18.74,0.0279
573,W2C,2,11.4619,0.0,0,20.9,0.047
574,N2C,4,6.5901,13.0,2,36.36,0.1498
574,S2C,3,8.6386,3.0,1,27.74,0.1016
574,E2C,2,12.5956,0.0,0,19.02,0.0306
574,W2C,2,11.2678,0.0,0,21.26,0.0498
575,N2C,4,6.8083,15.0,2,35.19,0.148
575,S2C,3,8.6045,4.0,1,27.85,0.1028
575,E2C,2,12.2038,0.0,0,19.63,0.0363
575,W2C,2,11.2689,0.0,0,21.26,0.0497
576,N2C,4,5.5958,17.0,2,42.82,0.1668
576,S2C,3,8.0258,5.0,1,29.85,0.1118
576,E2C,2,12.3352,0.0,0,19.42,0.0344
576,W2C,2,11.6837,0.0,0,20.51,0.0438
577,N2C,5,6.0766,19.0,2,39.43,0.1672
577,S2C,4,8.4718,6.0,1,28.28,0.112
577,E2C,3,12.5996,0.0,0,19.02,0.0366
577,W2C,3,10.8846,0.0,0,22.01,0.0613
578,N2C,5,5.2131,22.0,3,45.96,0.1876
578,S2C,4,7.2128,7.0,1,33.22,0.1308
578,E2C,3,12.6628,0.0,0,18.92,0.0357
578,W2C,3,10.7197,0.0,0,22.35,0.0636
579,N2C,5,5.0808,25.0,3,47.16,0.1915
579,S2C,4,6.7399,8.0,1,35.55,0.1383
579,E2C,2,13.0138,0.0,0,18.41,0.0246
579,W2C,3,10.7228,0.0,0,22.34,0.0636
580,N2C,5,5.0991,28.0,3,46.99,0.1932
580,S2C,4,6.6648,10.0,2,35.95,0.1467
580,E2C,2,12.24,0.0,0,19.58,0.0358
580,W2C,2,10.4389,0.0,0,22.95,0.0617
581,N2C,5,5.0932,31.0,3,47.04,0.1953
581,S2C,4,6.7425,12.0,2,35.54,0.1469
581,E2C,2,12.5892,0.0,0,19.03,0.0307
581,W2C,2,9.7827,0.0,0,24.49,0.0711
582,N2C,5,5.1845,34.0,3,46.21,0.196
582,S2C,4,6.3941,14.0,2,37.47,0.1533
582,E2C,2,12.66,0.0,0,18.93,0.0297
582,W2C,2,9.9749,0.0,0,24.02,0.0684
583,N2C,5,5.1387,37.0,3,46.63,0.1987
583,S2C,4,6.6826,16.0,2,35.85,0.1504
583,E2C,2,12.2327,0.0,0,19.59,0.0359
583,W2C,2,10.2242,0.0,0,23.43,0.0648
584,N2C,5,5.1364,40.0,3,46.65,0.2007
584,S2C,4,6.4494,18.0,2,37.15,0.1551
584,E2C,2,12.3624,0.0,0,19.38,0.034
584,W2C,2,9.7483,0.0,0,24.58,0.0716
585,N2C,5,4.3423,43.0,3,55.18,0.2141
585,S2C,4,5.9653,20.0,2,40.17,0.1634
585,E2C,2,12.0929,0.0,0,19.81,0.0379
585,W2C,2,9.5765,0.0,0,25.02,0.0741
586,N2C,6,4.9387,46.0,3,48.52,0.2136
586,S2C,5,6.4595,22.0,2,37.09,0.1637
586,E2C,3,13.1733,0.0,0,18.19,0.0283
586,W2C,3,11.3811,0.0,0,21.05,0.0541
587,N2C,6,4.0535,49.0,3,59.11,0.2283
587,S2C,5,5.6418,24.0,2,42.47,0.1768
587,E2C,3,12.6185,0.0,0,18.99,0.0363
587,W2C,3,10.9381,0.0,0,21.91,0.0605
588,N2C,6,3.9468,52.0,3,60.71,0.2318
588,S2C,5,5.5924,26.0,2,42.84,0.1788
588,E2C,3,12.6758,0.0,0,18.9,0.0355
588,W2C,3,10.8724,0.0,0,22.04,0.0614
589,N2C,6,3.6477,55.0,3,65.68,0.2381
589,S2C,5,5.3229,29.0,3,45.01,0.1907
589,E2C,2,13.3965,0.0,0,17.89,0.0191
589,W2C,3,10.9423,0.0,0,21.9,0.0604
590,N2C,6,3.7915,59.0,4,63.19,0.2447
590,S2C,5,5.2248,32.0,3,45.86,0.1941
590,E2C,2,13.2675,0.0,0,18.06,0.021
590,W2C,3,10.7345,0.0,0,22.32,0.0634
591,N2C,6,3.7292,63.0,4,64.25,0.2483
591,S2C,5,5.3976,35.0,3,44.39,0.1936
591,E2C,2,13.5246,0.0,0,17.72,0.0173
591,W2C,3,11.0495,0.0,0,21.68,0.0589
592,N2C,6,3.7136,67.0,4,64.52,0.2512
592,S2C,5,5.1342,38.0,3,46.67,0.1994
592,E2C,2,13.081,0.0,0,18.32,0.0236
592,W2C,3,10.7861,0.0,0,22.21,0.0627
593,N2C,6,3.7498,71.0,4,63.9,0.2533
593,S2C,5,5.423,41.0,3,44.18,0.1972
593,E2C,2,13.1882,0.0,0,18.17,0.0221
593,W2C,3,10.7247,0.0,0,22.34,0.0636
594,N2C,6,3.2111,75.0,4,74.62,0.2638
594,S2C,5,4.6809,44.0,3,51.19,0.2099
594,E2C,2,12.3924,0.0,0,19.33,0.0336
594,W2C,3,8.8513,0.0,0,27.07,0.0906
595,N2C,5,5.7931,24.0,2,41.36,0.1746
595,S2C,4,7.9597,7.0,1,30.1,0.1201
595,E2C,3,11.0428,0.0,0,21.7,0.059
595,W2C,4,9.5415,0.0,0,25.11,0.0866
596,N2C,5,5.4572,0.0,0,43.9,0.1514
596,S2C,4,7.3696,0.0,0,32.51,0.1179
596,E2C,3,9.7526,0.0,0,24.57,0.0776
596,W2C,4,9.2371,0.0,0,25.94,0.091
597,N2C,5,5.9232,0.0,0,40.45,0.1447
597,S2C,4,7.9304,0.0,0,30.21,0.1098
597,E2C,3,9.167,0.0,0,26.14,0.086
597,W2C,4,8.9829,0.0,0,26.67,0.0947
598,N2C,3,8.5015,0.0,0,28.18,0.0956
598,S2C,3,10.3286,0.0,0,23.2,0.0693
598,E2C,3,8.8018,0.0,0,27.22,0.0913
598,W2C,4,8.264,1.0,1,28.99,0.1117
599,N2C,3,8.8635,0.0,0,27.03,0.0904
599,S2C,2,12.8958,0.0,0,18.58,0.0263
599,E2C,3,8.9404,0.0,0,26.8,0.0893
599,W2C,4,7.3247,2.0,1,32.71,0.1259
600,N2C,3,9.4123,0.0,0,25.46,0.0825
600,S2C,2,12.4498,0.0,0,19.25,0.0327
600,E2C,3,8.7331,1.0,1,27.44,0.0989
600,W2C,4,6.0293,3.0,1,39.74,0.1452
601,N2C,2,11.5486,0.0,0,20.75,0.0457
601,S2C,2,12.9819,0.0,0,18.46,0.0251
601,E2C,3,8.729,2.0,1,27.45,0.0996
601,W2C,4,6.3406,4.0,1,37.79,0.1414
602,N2C,2,11.6746,0.0,0,20.52,0.0439
602,S2C,2,13.3828,0.0,0,17.9,0.0193
602,E2C,3,8.398,3.0,1,28.53,0.1051
602,W2C,4,6.1563,6.0,2,38.92,0.1514
603,N2C,2,11.7034,0.0,0,20.47,0.0435
603,S2C,2,13.0472,0.0,0,18.36,0.0241
603,E2C,3,8.2506,4.0,1,29.04,0.1079
603,W2C,4,6.1622,8.0,2,38.88,0.1526
604,N2C,3,11.9303,0.0,0,20.08,0.0462
604,S2C,2,13.0246,0.0,0,18.4,0.0245
604,E2C,4,8.2422,5.0,1,29.07,0.1147
604,W2C,5,6.5672,10.0,2,36.48,0.1541
605,N2C,3,11.6297,0.0,0,20.6,0.0505
605,S2C,2,12.9143,0.0,0,18.55,0.026
605,E2C,4,7.3525,6.0,1,32.59,0.1281
605,W2C,5,5.6309,12.0,2,42.55,0.1689
606,N2C,3,11.9515,0.0,0,20.05,0.0459
606,S2C,2,12.4602,0.0,0,19.23,0.0326
606,E2C,4,6.4335,7.0,1,37.24,0.142
606,W2C,5,4.7259,14.0,2,50.7,0.1833
607,N2C,3,12.0062,0.0,0,19.96,0.0451
607,S2C,2,12.4833,0.0,0,19.19,0.0323
607,E2C,4,6.6788,9.0,2,35.87,0.1458
607,W2C,5,4.631,16.0,2,51.74,0.186
608,N2C,3,11.8034,0.0,0,20.3,0.048
608,S2C,2,13.2713,0.0,0,18.05,0.0209
608,E2C,4,6.3896,11.0,2,37.5,0.1513
608,W2C,5,4.748,19.0,3,50.46,0.1923
609,N2C,3,11.9032,0.0,0,20.13,0.0466
609,S2C,2,12.8887,0.0,0,18.59,0.0264
609,E2C,4,6.4167,13.0,2,37.34,0.1523
609,W2C,5,4.8378,22.0,3,49.53,0.193
610,N2C,2,12.9786,0.0,0,18.46,0.0251
610,S2C,2,12.4299,0.0,0,19.28,0.033
610,E2C,4,6.1906,15.0,2,38.7,0.1569
610,W2C,5,4.6045,25.0,3,52.04,0.1984
611,N2C,2,12.8867,0.0,0,18.59,0.0264
611,S2C,2,13.1256,0.0,0,18.25,0.023
611,E2C,4,6.587,17.0,2,36.37,0.1525
611,W2C,5,4.5871,28.0,3,52.23,0.2006
612,N2C,2,12.406,0.0,0,19.31,0.0334
612,S2C,2,12.8912,0.0,0,18.59,0.0264
612,E2C,4,6.1129,19.0,2,39.2,0.1606
612,W2C,5,4.6954,31.0,3,51.03,0.2011
613,N2C,2,13.5453,0.0,0,17.69,0.017
613,S2C,3,13.3481,0.0,0,17.95,0.0258
613,E2C,5,6.3796,21.0,2,37.56,0.1641
613,W2C,6,6.0108,34.0,3,39.86,0.1901
614,N2C,2,12.8138,0.0,0,18.7,0.0275
614,S2C,2,13.1848,0.0,0,18.17,0.0222
614,E2C,5,5.3904,23.0,2,44.45,0.1797
614,W2C,6,5.0991,37.0,3,46.99,0.2052
615,N2C,2,12.6061,0.0,0,19.01,0.0305
615,S2C,2,13.3818,0.0,0,17.9,0.0193
615,E2C,5,4.8559,26.0,3,49.34,0.1954
615,W2C,6,4.5738,40.0,3,52.39,0.2148
616,N2C,2,12.9073,0.0,0,18.56,0.0261
616,S2C,2,12.9914,0.0,0,18.44,0.0249
616,E2C,5,4.7612,29.0,3,50.32,0.1988
616,W2C,6,4.2152,43.0,3,56.84,0.222
617,N2C,2,12.5176,0.0,0,19.14,0.0318
617,S2C,2,13.4387,0.0,0,17.83,0.0185
617,E2C,5,4.764,32.0,3,50.29,0.2007
617,W2C,6,3.9802,47.0,4,60.2,0.234
618,N2C,2,12.9536,0.0,0,18.5,0.0255
618,S2C,2,12.9386,0.0,0,18.52,0.0257
618,E2C,5,4.5722,35.0,3,52.4,0.2055
618,W2C,6,4.1583,51.0,4,57.62,0.2341
619,N2C,2,13.1232,0.0,0,18.26,0.023
619,S2C,2,13.2308,0.0,0,18.11,0.0215
619,E2C,5,4.7686,38.0,3,50.24,0.2047
619,W2C,6,4.2069,55.0,4,56.95,0.2361
620,N2C,2,13.6129,0.0,0,17.6,0.016
620,S2C,2,13.6202,0.0,0,17.59,0.0159
620,E2C,5,4.7159,41.0,3,50.81,0.2074
620,W2C,6,3.9784,59.0,4,60.22,0.242
621,N2C,2,13.0337,0.0,0,18.38,0.0243
621,S2C,2,13.3826,0.0,0,17.9,0.0193
621,E2C,5,4.2903,44.0,3,55.85,0.2156
621,W2C,6,3.9612,63.0,4,60.49,0.245
622,N2C,3,12.7947,0.0,0,18.73,0.0338
622,S2C,2,13.3315,0.0,0,17.97,0.02
622,E2C,6,5.2575,47.0,3,45.57,0.2096
622,W2C,7,5.4117,67.0,4,44.27,0.2327
623,N2C,2,12.141,0.0,0,19.73,0.0372
623,S2C,2,13.3111,0.0,0,18.0,0.0203
623,E2C,6,4.5154,50.0,3,53.06,0.2223
623,W2C,7,4.9154,71.0,4,48.74,0.2426
624,N2C,2,11.7695,0.0,0,20.36,0.0425
624,S2C,2,12.9083,0.0,0,18.56,0.0261
624,E2C,6,4.0723,53.0,3,58.84,0.2307
624,W2C,7,4.3275,75.0,4,55.37,0.2537
625,N2C,2,12.1393,0.0,0,19.74,0.0372
625,S2C,2,13.0542,0.0,0,18.35,0.024
625,E2C,6,4.1951,56.0,3,57.11,0.2309
625,W2C,7,4.0208,79.0,4,59.59,0.2608
626,N2C,2,12.2067,0.0,0,19.63,0.0362
626,S2C,2,12.8764,0.0,0,18.61,0.0266
626,E2C,6,4.0152,60.0,4,59.67,0.2422
626,W2C,7,3.775,84.0,5,63.47,0.2736
627,N2C,2,12.4137,0.0,0,19.3,0.0333
627,S2C,2,13.0696,0.0,0,18.33,0.0238
627,E2C,6,4.1598,64.0,4,57.6,0.2428
627,W2C,7,3.5696,89.0,5,67.12,0.2799
628,N2C,2,12.9914,0.0,0,18.44,0.0249
628,S2C,2,13.198,0.0,0,18.15,0.022
628,E2C,4,6.0017,17.0,2,39.92,0.1609
628,W2C,5,5.1597,36.0,3,46.44,0.1977
629,N2C,2,12.7703,0.0,0,18.76,0.0281
629,S2C,2,13.0654,0.0,0,18.34,0.0239
629,E2C,4,6.6412,0.0,0,36.08,0.1284
629,W2C,5,5.9349,4.0,1,40.37,0.1532
630,N2C,2,12.2549,0.0,0,19.55,0.0355
630,S2C,2,13.2901,0.0,0,18.03,0.0206
630,E2C,4,7.8017,0.0,0,30.71,0.1117
630,W2C,5,5.9881,0.0,0,40.01,0.1438
631,N2C,3,10.7043,0.0,0,22.38,0.0639
631,S2C,3,11.7494,0.0,0,20.39,0.0488
631,E2C,3,12.3114,0.0,0,19.46,0.0407
631,W2C,4,9.3468,0.0,0,25.63,0.0894
632,N2C,3,9.2945,0.0,0,25.78,0.0842
632,S2C,3,10.4049,0.0,0,23.03,0.0682
632,E2C,3,12.342,0.0,0,19.41,0.0403
632,W2C,4,9.3906,0.0,0,25.51,0.0888
633,N2C,3,8.0972,1.0,1,29.59,0.1081
633,S2C,3,9.5656,0.0,0,25.05,0.0803
633,E2C,3,12.1163,0.0,0,19.78,0.0435
633,W2C,2,13.4325,0.0,0,17.84,0.0186
634,N2C,3,8.0945,2.0,1,29.6,0.1088
634,S2C,3,8.7881,0.0,0,27.26,0.0915
634,E2C,3,12.347,0.0,0,19.41,0.0402
634,W2C,2,12.8217,0.0,0,18.69,0.0274
635,N2C,3,8.0791,3.0,1,29.66,0.1097
635,S2C,3,8.6259,1.0,1,27.78,0.1005
635,E2C,2,13.0061,0.0,0,18.42,0.0247
635,W2C,2,12.8145,0.0,0,18.7,0.0275
636,N2C,3,8.4424,4.0,1,28.38,0.1051
636,S2C,3,8.7178,2.0,1,27.48,0.0998
636,E2C,2,13.0166,0.0,0,18.41,0.0246
636,W2C,2,13.1988,0.0,0,18.15,0.022
637,N2C,3,8.1761,5.0,1,29.31,0.1096
637,S2C,3,8.7642,3.0,1,27.34,0.0998
637,E2C,2,12.8369,0.0,0,18.66,0.0272
637,W2C,2,13.2568,0.0,0,18.07,0.0211
638,N2C,3,8.1714,6.0,1,29.32,0.1103
638,S2C,3,8.9635,4.0,1,26.73,0.0976
638,E2C,2,12.6818,0.0,0,18.89,0.0294
638,W2C,2,12.8237,0.0,0,18.68,0.0274
639,N2C,3,8.3026,7.0,1,28.86,0.1091
639,S2C,3,8.2309,5.0,1,29.11,0.1088
639,E2C,2,12.7628,0.0,0,18.77,0.0282
639,W2C,2,13.406,0.0,0,17.87,0.019
640,N2C,4,8.835,8.0,1,27.12,0.1081
640,S2C,4,8.5616,6.0,1,27.99,0.1107
640,E2C,2,13.0966,0.0,0,18.29,0.0234
640,W2C,3,12.6076,0.0,0,19.0,0.0365
641,N2C,4,8.5154,9.0,1,28.14,0.1134
641,S2C,4,7.3953,7.0,1,32.4,0.1282
641,E2C,2,12.6934,0.0,0,18.88,0.0292
641,W2C,2,12.4994,0.0,0,19.17,0.032
642,N2C,4,8.4345,10.0,1,28.41,0.1152
642,S2C,4,6.6951,8.0,1,35.79,0.1389
642,E2C,2,12.4188,0.0,0,19.29,0.0332
642,W2C,2,12.433,0.0,0,19.27,0.033
643,N2C,4,7.3359,11.0,1,32.66,0.1317
643,S2C,4,6.8546,9.0,1,34.95,0.1373
643,E2C,2,12.9032,0.0,0,18.57,0.0262
643,W2C,2,12.5468,0.0,0,19.1,0.0313
644,N2C,4,6.1902,12.0,1,38.71,0.1489
644,S2C,4,6.7535,11.0,2,35.48,0.1461
644,E2C,2,13.1584,0.0,0,18.21,0.0225
644,W2C,2,12.5882,0.0,0,19.03,0.0307
645,N2C,4,5.8344,13.0,1,41.07,0.1547
645,S2C,4,6.3813,13.0,2,37.55,0.1528
645,E2C,2,13.154,0.0,0,18.21,0.0226
645,W2C,2,12.6567,0.0,0,18.93,0.0298
646,N2C,4,5.5856,15.0,2,42.9,0.1656
646,S2C,4,6.505,15.0,2,36.83,0.1523
646,E2C,2,13.1558,0.0,0,18.21,0.0226
646,W2C,2,12.7565,0.0,0,18.78,0.0283
647,N2C,4,5.947,17.0,2,40.29,0.1617
647,S2C,4,6.6097,17.0,2,36.25,0.1522
647,E2C,2,13.0682,0.0,0,18.33,0.0238
647,W2C,2,13.0013,0.0,0,18.43,0.0248
648,N2C,4,5.0273,19.0,2,47.66,0.1763
648,S2C,4,5.4147,19.0,2,44.25,0.1707
648,E2C,2,13.4381,0.0,0,17.83,0.0185
648,W2C,2,12.9136,0.0,0,18.55,0.0261
649,N2C,5,5.9038,21.0,2,40.58,0.171
649,S2C,5,6.2415,21.0,2,38.39,0.1661
649,E2C,3,12.6896,0.0,0,18.88,0.0353
649,W2C,2,12.5161,0.0,0,19.14,0.0318
650,N2C,5,5.0385,23.0,2,47.55,0.1848
650,S2C,5,5.4056,23.0,2,44.32,0.1795
650,E2C,2,12.5181,0.0,0,19.14,0.0318
650,W2C,2,12.0584,0.0,0,19.87,0.0384
651,N2C,5,4.6768,25.0,2,51.23,0.1913
651,S2C,5,5.1869,26.0,3,46.19,0.1906
651,E2C,2,12.9089,0.0,0,18.56,0.0261
651,W2C,2,12.1674,0.0,0,19.69,0.0368
652,N2C,5,4.5441,28.0,3,52.73,0.2012
652,S2C,5,5.1675,29.0,3,46.37,0.1929
652,E2C,2,12.7929,0.0,0,18.73,0.0278
652,W2C,2,12.2902,0.0,0,19.5,0.035
653,N2C,5,4.612,31.0,3,51.95,0.2023
653,S2C,5,5.3775,32.0,3,44.56,0.1919
653,E2C,2,12.6409,0.0,0,18.95,0.03
653,W2C,2,12.3121,0.0,0,19.46,0.0347
654,N2C,5,4.6345,34.0,3,51.7,0.2039
654,S2C,5,5.2979,35.0,3,45.23,0.195
654,E2C,2,13.2142,0.0,0,18.13,0.0217
654,W2C,2,12.1892,0.0,0,19.66,0.0365
655,N2C,5,4.5839,37.0,3,52.27,0.2067
655,S2C,5,5.3336,38.0,3,44.92,0.1965
655,E2C,2,13.1141,0.0,0,18.27,0.0232
655,W2C,2,12.4031,0.0,0,19.32,0.0334
656,N2C,5,4.7127,40.0,3,50.84,0.2068
656,S2C,5,5.3413,41.0,3,44.86,0.1984
656,E2C,2,13.3286,0.0,0,17.98,0.0201
656,W2C,2,12.4114,0.0,0,19.3,0.0333
657,N2C,5,4.6635,43.0,3,51.38,0.2095
657,S2C,5,4.4183,44.0,3,54.23,0.2137
657,E2C,2,12.9451,0.0,0,18.51,0.0256
657,W2C,2,12.2162,0.0,0,19.61,0.0361
658,N2C,6,6.1837,46.0,3,38.75,0.1956
658,S2C,6,5.4153,47.0,3,44.24,0.2074
658,E2C,3,11.6246,0.0,0,20.61,0.0506
658,W2C,3,12.8489,0.0,0,18.65,0.033
659,N2C,6,6.0445,49.0,3,39.64,0.1996
659,S2C,6,4.5496,50.0,3,52.66,0.2218
659,E2C,3,9.9695,0.0,0,24.03,0.0745
659,W2C,3,12.7078,0.0,0,18.85,0.035
660,N2C,6,6.1212,52.0,3,39.14,0.2005
660,S2C,6,4.3985,53.0,3,54.47,0.226
660,E2C,3,8.9635,0.0,0,26.73,0.0889
660,W2C,3,11.4583,0.0,0,20.91,0.053
661,N2C,4,9.1069,10.0,1,26.31,0.1055
661,S2C,4,6.4557,11.0,1,37.11,0.1444
661,E2C,3,8.6217,1.0,1,27.79,0.1005
661,W2C,3,9.8617,0.0,0,24.3,0.076
662,N2C,4,9.7363,0.0,0,24.61,0.0838
662,S2C,4,7.3735,0.0,0,32.49,0.1178
662,E2C,3,8.4569,2.0,1,28.33,0.1036
662,W2C,3,8.2731,0.0,0,28.96,0.0989
663,N2C,4,8.8494,0.0,0,27.08,0.0966
663,S2C,4,8.5235,0.0,0,28.11,0.1013
663,E2C,3,8.9553,3.0,1,26.75,0.0971
663,W2C,3,8.4502,1.0,1,28.35,0.103
664,N2C,3,11.2487,0.0,0,21.3,0.056
664,S2C,3,10.2464,0.0,0,23.38,0.0705
664,E2C,3,8.4355,4.0,1,28.4,0.1052
664,W2C,3,8.3875,2.0,1,28.57,0.1046
665,N2C,2,13.1292,0.0,0,18.25,0.023
665,S2C,2,13.4161,0.0,0,17.86,0.0188
665,E2C,3,8.9679,5.0,1,26.72,0.0982
665,W2C,3,8.5379,3.0,1,28.06,0.1031
666,N2C,2,12.3837,0.0,0,19.35,0.0337
666,S2C,2,13.1927,0.0,0,18.16,0.022
666,E2C,3,8.6129,6.0,1,27.82,0.104
666,W2C,3,8.7968,4.0,1,27.24,0.1
667,N2C,3,12.5569,0.0,0,19.08,0.0372
667,S2C,3,13.1018,0.0,0,18.29,0.0293
667,E2C,4,9.2687,7.0,1,25.85,0.1012
667,W2C,4,8.7225,5.0,1,27.47,0.1077
668,N2C,2,13.2643,0.0,0,18.06,0.021
668,S2C,2,13.1289,0.0,0,18.25,0.023
668,E2C,4,7.6697,8.0,1,31.24,0.1249
668,W2C,4,7.7209,6.0,1,31.03,0.1228
669,N2C,2,13.3348,0.0,0,17.97,0.02
669,S2C,2,12.6523,0.0,0,18.94,0.0298
669,E2C,4,6.6753,9.0,1,35.89,0.1399
669,W2C,4,6.8842,7.0,1,34.8,0.1355
670,N2C,2,13.3248,0.0,0,17.98,0.0201
670,S2C,2,13.6732,0.0,0,17.52,0.0151
670,E2C,4,6.515,11.0,2,36.78,0.1495
670,W2C,4,6.7356,8.0,1,35.57,0.1383
671,N2C,2,13.5575,0.0,0,17.67,0.0168
671,S2C,2,13.4414,0.0,0,17.83,0.0185
671,E2C,4,6.4141,13.0,2,37.36,0.1523
671,W2C,4,6.3046,10.0,2,38.0,0.1519
672,N2C,2,13.4356,0.0,0,17.83,0.0185
672,S2C,2,13.1362,0.0,0,18.24,0.0229
672,E2C,4,6.7269,15.0,2,35.62,0.1491
672,W2C,4,6.5535,12.0,2,36.56,0.1496
673,N2C,2,13.385,0.0,0,17.9,0.0193
673,S2C,2,13.3843,0.0,0,17.9,0.0193
673,E2C,4,6.7234,17.0,2,35.64,0.1505
673,W2C,4,6.3936,14.0,2,37.47,0.1533
674,N2C,2,13.2374,0.0,0,18.1,0.0214
674,S2C,2,13.2007,0.0,0,18.15,0.0219
674,E2C,4,6.5303,19.0,2,36.69,0.1546
674,W2C,4,6.5688,16.0,2,36.48,0.1521
675,N2C,2,13.4266,0.0,0,17.85,0.0187
675,S2C,2,13.1567,0.0,0,18.21,0.0226
675,E2C,4,5.5351,21.0,2,43.29,0.1703
675,W2C,4,6.3992,18.0,2,37.44,0.1559
676,N2C,2,13.6156,0.0,0,17.6,0.016
676,S2C,2,13.0022,0.0,0,18.43,0.0248
676,E2C,5,6.1627,23.0,2,38.88,0.1686
676,W2C,5,7.0674,20.0,2,33.9,0.1536
677,N2C,2,13.3199,0.0,0,17.99,0.0202
677,S2C,2,12.8861,0.0,0,18.59,0.0265
677,E2C,5,5.2792,25.0,2,45.39,0.1827
677,W2C,5,5.9422,22.0,2,40.32,0.1711
678,N2C,2,13.267,0.0,0,18.06,0.021
678,S2C,2,13.1032,0.0,0,18.29,0.0233
678,E2C,5,5.3014,27.0,2,45.2,0.1837
678,W2C,5,5.556,24.0,2,43.12,0.178
679,N2C,2,13.2219,0.0,0,18.12,0.0216
679,S2C,2,12.5503,0.0,0,19.09,0.0313
679,E2C,5,5.1569,29.0,2,46.46,0.1871
679,W2C,5,5.3988,27.0,3,44.38,0.1883
680,N2C,2,13.6228,0.0,0,17.59,0.0158
680,S2C,2,12.8823,0.0,0,18.6,0.0265
680,E2C,5,5.3256,32.0,3,44.99,0.1927
680,W2C,5,5.4812,30.0,3,43.71,0.1891
681,N2C,2,13.0898,0.0,0,18.3,0.0235
681,S2C,2,12.5422,0.0,0,19.1,0.0314
681,E2C,5,5.18,35.0,3,46.26,0.1967
681,W2C,5,5.2768,33.0,3,45.41,0.194
682,N2C,2,13.8052,0.0,0,17.36,0.0132
682,S2C,2,12.2975,0.0,0,19.48,0.0349
682,E2C,5,5.0819,38.0,3,47.15,0.2002
682,W2C,5,5.4507,36.0,3,43.96,0.1935
683,N2C,2,13.3264,0.0,0,17.98,0.0201
683,S2C,2,13.0681,0.0,0,18.33,0.0238
683,E2C,5,5.0778,41.0,3,47.19,0.2022
683,W2C,5,5.3211,39.0,3,45.03,0.1974
684,N2C,2,13.5195,0.0,0,17.72,0.0173
684,S2C,2,13.0131,0.0,0,18.41,0.0246
684,E2C,5,4.7878,44.0,3,50.04,0.2084
684,W2C,5,4.3948,42.0,3,54.52,0.2127
685,N2C,2,13.2609,0.0,0,18.07,0.0211
685,S2C,3,12.5986,0.0,0,19.02,0.0366
685,E2C,6,5.6806,47.0,3,42.18,0.2035
685,W2C,6,5.1875,45.0,3,46.19,0.2093
686,N2C,2,13.1352,0.0,0,18.24,0.0229
686,S2C,2,12.7075,0.0,0,18.86,0.029
686,E2C,6,4.8498,50.0,3,49.4,0.2175
686,W2C,6,4.3402,49.0,4,55.2,0.2302
687,N2C,2,13.0355,0.0,0,18.38,0.0243
687,S2C,2,12.2504,0.0,0,19.56,0.0356
687,E2C,6,4.3447,53.0,3,55.15,0.2268
687,W2C,6,4.2257,53.0,4,56.7,0.2345
688,N2C,2,13.0748,0.0,0,18.33,0.0237
688,S2C,2,13.0201,0.0,0,18.4,0.0245
688,E2C,6,4.3438,57.0,4,55.16,0.2355
688,W2C,6,4.2637,57.0,4,56.2,0.2366
689,N2C,2,13.2603,0.0,0,18.07,0.0211
689,S2C,2,13.168,0.0,0,18.2,0.0224
689,E2C,6,4.3318,61.0,4,55.31,0.2383
689,W2C,6,4.4426,61.0,4,53.93,0.2367
690,N2C,2,13.0991,0.0,0,18.29,0.0234
690,S2C,2,13.3331,0.0,0,17.97,0.02
690,E2C,6,4.4157,65.0,4,54.26,0.2398
690,W2C,6,4.4999,65.0,4,53.25,0.2385
691,N2C,2,12.6401,0.0,0,18.96,0.03
691,S2C,2,13.2924,0.0,0,18.03,0.0206
691,E2C,6,4.4403,69.0,4,53.96,0.2421
691,W2C,6,4.2652,69.0,4,56.18,0.2446
692,N2C,2,12.9671,0.0,0,18.48,0.0253
692,S2C,2,12.839,0.0,0,18.66,0.0271
692,E2C,6,4.3977,73.0,4,54.48,0.2453
692,W2C,6,3.9276,73.0,4,61.0,0.2521
693,N2C,2,12.3482,0.0,0,19.4,0.0342
693,S2C,2,13.2613,0.0,0,18.07,0.0211
693,E2C,6,3.615,77.0,4,66.28,0.2593
693,W2C,6,3.2635,77.0,4,73.42,0.2643
694,N2C,3,11.0326,0.0,0,21.72,0.0591
694,S2C,3,12.5341,0.0,0,19.12,0.0375
694,E2C,5,6.1639,22.0,2,38.87,0.1679
694,W2C,5,6.062,25.0,2,39.53,0.1714
695,N2C,3,9.6335,0.0,0,24.87,0.0793
695,S2C,3,10.6798,0.0,0,22.43,0.0642
695,E2C,5,5.7893,0.0,0,41.39,0.1466
695,W2C,5,6.1551,0.0,0,38.93,0.1414
696,N2C,3,9.0902,0.0,0,26.36,0.0871
696,S2C,3,9.6577,0.0,0,24.81,0.0789
696,E2C,5,6.8142,0.0,0,35.16,0.1319
696,W2C,5,7.0665,0.0,0,33.91,0.1283
697,N2C,3,8.8126,0.0,0,27.19,0.0911
697,S2C,3,8.8458,1.0,1,27.09,0.0973
697,E2C,3,9.5153,0.0,0,25.18,0.081
697,W2C,3,9.7577,0.0,0,24.56,0.0775
698,N2C,3,8.4935,1.0,1,28.21,0.1024
698,S2C,3,8.2577,2.0,1,29.02,0.1064
698,E2C,3,9.7931,0.0,0,24.47,0.077
698,W2C,3,10.1849,0.0,0,23.53,0.0713
699,N2C,3,8.8465,2.0,1,27.08,0.098
699,S2C,3,8.4012,3.0,1,28.52,0.105
699,E2C,2,12.1624,0.0,0,19.7,0.0369
699,W2C,2,12.9329,0.0,0,18.53,0.0258
700,N2C,3,8.6696,3.0,1,27.64,0.1012
700,S2C,3,8.6698,4.0,1,27.64,0.1018
700,E2C,2,12.7539,0.0,0,18.79,0.0284
700,W2C,2,13.171,0.0,0,18.19,0.0224
701,N2C,3,8.5586,4.0,1,28.0,0.1034
701,S2C,3,8.6762,5.0,1,27.62,0.1024
701,E2C,2,12.271,0.0,0,19.53,0.0353
701,W2C,2,13.0836,0.0,0,18.31,0.0236
702,N2C,3,8.5483,5.0,1,28.03,0.1042
702,S2C,3,8.4627,6.0,1,28.31,0.1061
702,E2C,2,12.0587,0.0,0,19.87,0.0384
702,W2C,2,12.9685,0.0,0,18.48,0.0253
703,N2C,4,8.9598,6.0,1,26.74,0.105
703,S2C,4,9.4333,7.0,1,25.4,0.0988
703,E2C,2,13.1367,0.0,0,18.24,0.0228
703,W2C,3,13.2627,0.0,0,18.07,0.027
704,N2C,4,7.5165,7.0,1,31.88,0.1264
704,S2C,4,8.2088,8.0,1,29.19,0.1171
704,E2C,2,12.4993,0.0,0,19.17,0.032
704,W2C,2,13.446,0.0,0,17.82,0.0184
705,N2C,4,6.6717,8.0,1,35.91,0.1393
705,S2C,4,7.5152,9.0,1,31.88,0.1278
705,E2C,2,13.0657,0.0,0,18.34,0.0239
705,W2C,2,13.4782,0.0,0,17.78,0.0179
706,N2C,4,6.6415,9.0,1,36.08,0.1404
706,S2C,4,6.6135,11.0,2,36.23,0.1481
706,E2C,2,12.5925,0.0,0,19.03,0.0307
706,W2C,2,13.2311,0.0,0,18.11,0.0215
707,N2C,4,6.5595,11.0,2,36.53,0.1489
707,S2C,4,6.8531,13.0,2,34.96,0.146
707,E2C,2,12.8047,0.0,0,18.71,0.0276
707,W2C,2,13.1844,0.0,0,18.17,0.0222
708,N2C,4,6.8178,13.0,2,35.14,0.1465
708,S2C,4,6.4477,15.0,2,37.16,0.1532
708,E2C,2,12.2154,0.0,0,19.61,0.0361
708,W2C,2,13.2642,0.0,0,18.06,0.021
709,N2C,4,6.6681,15.0,2,35.93,0.15
709,S2C,4,6.7585,17.0,2,35.45,0.15
709,E2C,2,12.8552,0.0,0,18.64,0.0269
709,W2C,2,12.9982,0.0,0,18.43,0.0248
710,N2C,4,6.6975,17.0,2,35.77,0.1509
710,S2C,4,6.7494,19.0,2,35.5,0.1515
710,E2C,2,12.8244,0.0,0,18.68,0.0273
710,W2C,2,13.3657,0.0,0,17.93,0.0195
711,N2C,4,5.6762,19.0,2,42.21,0.1669
711,S2C,4,5.5796,21.0,2,42.94,0.1697
711,E2C,2,12.7555,0.0,0,18.78,0.0283
711,W2C,2,13.0904,0.0,0,18.3,0.0235
712,N2C,5,6.3762,21.0,2,37.58,0.1642
712,S2C,5,6.0677,23.0,2,39.49,0.17
712,E2C,3,12.9253,0.0,0,18.54,0.0319
712,W2C,2,13.3009,0.0,0,18.01,0.0205
713,N2C,5,5.5597,23.0,2,43.1,0.1773
713,S2C,5,5.405,25.0,2,44.33,0.1808
713,E2C,3,12.6349,0.0,0,18.96,0.0361
713,W2C,2,13.5192,0.0,0,17.72,0.0173
714,N2C,5,5.54,25.0,2,43.25,0.1789
714,S2C,5,5.0984,27.0,2,46.99,0.1866
714,E2C,2,13.1493,0.0,0,18.22,0.0227
714,W2C,2,13.5892,0.0,0,17.63,0.0163
715,N2C,5,5.3729,27.0,2,44.59,0.1826
715,S2C,5,5.4224,30.0,3,44.19,0.1899
715,E2C,2,13.5232,0.0,0,17.72,0.0173
715,W2C,2,12.9796,0.0,0,18.46,0.0251
716,N2C,5,5.203,30.0,3,46.05,0.1931
716,S2C,5,5.424,33.0,3,44.17,0.1919
716,E2C,2,13.4841,0.0,0,17.77,0.0178
716,W2C,2,13.1426,0.0,0,18.23,0.0228
717,N2C,5,5.3929,33.0,3,44.43,0.1923
717,S2C,5,5.2486,36.0,3,45.65,0.1964
717,E2C,2,13.2569,0.0,0,18.07,0.0211
717,W2C,2,13.8063,0.0,0,17.35,0.0132
718,N2C,5,5.3723,36.0,3,44.6,0.1946
718,S2C,5,5.1536,39.0,3,46.49,0.1998
718,E2C,2,13.4359,0.0,0,17.83,0.0185
718,W2C,2,13.3915,0.0,0,17.89,0.0192
719,N2C,5,5.3731,39.0,3,44.59,0.1966
719,S2C,5,5.0313,42.0,3,47.62,0.2036
719,E2C,2,13.305,0.0,0,18.01,0.0204
719,W2C,2,13.2881,0.0,0,18.03,0.0207
720,N2C,5,4.4012,42.0,3,54.44,0.2126
720,S2C,5,4.1358,45.0,3,57.93,0.2184
720,E2C,2,13.3987,0.0,0,17.88,0.0191
720,W2C,2,13.4336,0.0,0,17.84,0.0186
721,N2C,6,5.2862,45.0,3,45.33,0.2079
721,S2C,6,4.9136,48.0,3,48.76,0.2152
721,E2C,2,12.7789,0.0,0,18.75,0.028
721,W2C,2,12.5893,0.0,0,19.03,0.0307
722,N2C,6,4.4314,48.0,3,54.07,0.2222
722,S2C,6,4.1968,51.0,3,57.09,0.2276
722,E2C,2,11.9027,0.0,0,20.13,0.0406
722,W2C,2,12.2952,0.0,0,19.49,0.035
723,N2C,6,4.3487,51.0,3,55.1,0.2254
723,S2C,6,4.1315,54.0,3,57.99,0.2305
723,E2C,2,12.0724,0.0,0,19.85,0.0382
723,W2C,2,11.7054,0.0,0,20.47,0.0435
724,N2C,6,4.4243,55.0,4,54.16,0.233
724,S2C,6,4.0252,58.0,4,59.52,0.2407
724,E2C,2,12.2113,0.0,0,19.62,0.0362
724,W2C,2,11.7558,0.0,0,20.38,0.0427
725,N2C,6,4.4549,59.0,4,53.78,0.2352
725,S2C,6,4.0348,62.0,4,59.38,0.2432
725,E2C,2,12.4371,0.0,0,19.26,0.0329
725,W2C,2,12.2026,0.0,0,19.64,0.0363
726,N2C,6,4.3466,63.0,4,55.12,0.2394
726,S2C,6,4.0268,66.0,4,59.5,0.246
726,E2C,2,12.5884,0.0,0,19.03,0.0307
726,W2C,2,12.097,0.0,0,19.81,0.0378
727,N2C,4,6.651,16.0,2,36.02,0.1509
727,S2C,4,5.9481,17.0,2,40.28,0.1617
727,E2C,2,12.4792,0.0,0,19.2,0.0323
727,W2C,2,12.141,0.0,0,19.73,0.0372
728,N2C,4,6.6349,0.0,0,36.11,0.1285
728,S2C,4,6.8958,0.0,0,34.75,0.1247
728,E2C,2,11.9322,0.0,0,20.08,0.0402
728,W2C,2,12.0017,0.0,0,19.96,0.0392
729,N2C,4,6.5853,0.0,0,36.38,0.1292
729,S2C,4,6.7138,0.0,0,35.69,0.1273
729,E2C,2,11.6131,0.0,0,20.63,0.0448
729,W2C,2,11.7133,0.0,0,20.46,0.0433
730,N2C,3,10.4587,0.0,0,22.91,0.0674
730,S2C,3,10.9988,0.0,0,21.78,0.0596
730,E2C,3,10.2582,0.0,0,23.36,0.0703
730,W2C,3,10.1812,0.0,0,23.53,0.0714
731,N2C,3,10.5167,0.0,0,22.78,0.0666
731,S2C,3,10.4262,0.0,0,22.98,0.0679
731,E2C,3,8.8985,0.0,0,26.93,0.0899
731,W2C,3,8.5016,0.0,0,28.18,0.0956
732,N2C,2,12.3481,0.0,0,19.4,0.0342
732,S2C,2,12.0566,0.0,0,19.87,0.0384
732,E2C,3,8.3436,0.0,0,28.72,0.0979
732,W2C,3,8.0667,0.0,0,29.7,0.1018
733,N2C,2,12.9918,0.0,0,18.44,0.0249
733,S2C,2,11.9952,0.0,0,19.97,0.0393
733,E2C,3,9.3666,1.0,1,25.58,0.0898
733,W2C,3,8.0457,1.0,1,29.78,0.1088
734,N2C,2,12.3576,0.0,0,19.39,0.0341
734,S2C,2,12.7332,0.0,0,18.82,0.0287
734,E2C,3,9.2608,2.0,1,25.87,0.092
734,W2C,3,7.9191,2.0,1,30.26,0.1113
735,N2C,2,13.1017,0.0,0,18.29,0.0234
735,S2C,2,12.4152,0.0,0,19.3,0.0332
735,E2C,3,9.3908,3.0,1,25.51,0.0908
735,W2C,3,7.4924,3.0,1,31.98,0.1181
736,N2C,2,12.2898,0.0,0,19.5,0.035
736,S2C,2,12.1957,0.0,0,19.65,0.0364
736,E2C,3,9.2995,4.0,1,25.76,0.0928
736,W2C,3,7.8296,4.0,1,30.6,0.1139
737,N2C,2,12.4464,0.0,0,19.25,0.0328
737,S2C,2,12.817,0.0,0,18.69,0.0275
737,E2C,3,9.4932,5.0,1,25.24,0.0906
737,W2C,3,7.8155,5.0,1,30.66,0.1148
738,N2C,2,12.8623,0.0,0,18.63,0.0268
738,S2C,2,12.8601,0.0,0,18.63,0.0268
738,E2C,3,9.0565,6.0,1,26.46,0.0976
738,W2C,3,7.9394,6.0,1,30.18,0.1137
739,N2C,2,13.3224,0.0,0,17.98,0.0202
739,S2C,3,12.5825,0.0,0,19.04,0.0368
739,E2C,4,9.0049,7.0,1,26.61,0.105
739,W2C,4,9.0565,7.0,1,26.46,0.1043
740,N2C,2,12.4452,0.0,0,19.25,0.0328
740,S2C,3,11.6015,0.0,0,20.65,0.051
740,E2C,4,9.0877,8.0,1,26.37,0.1045
740,W2C,4,9.2313,8.0,1,25.96,0.1024
741,N2C,2,12.597,0.0,0,19.02,0.0306
741,S2C,3,12.1931,0.0,0,19.65,0.0424
741,E2C,4,8.8872,9.0,1,26.96,0.108
741,W2C,4,8.9819,9.0,1,26.68,0.1067
742,N2C,2,13.0788,0.0,0,18.32,0.0237
742,S2C,2,12.6333,0.0,0,18.97,0.0301
742,E2C,4,7.7628,10.0,1,30.87,0.1249
742,W2C,4,9.07,10.0,1,26.42,0.1061
743,N2C,2,13.2018,0.0,0,18.15,0.0219
743,S2C,2,13.0058,0.0,0,18.42,0.0247
743,E2C,4,7.0298,11.0,1,34.08,0.1361
743,W2C,4,8.2037,11.0,1,29.21,0.1192
744,N2C,2,12.4668,0.0,0,19.22,0.0325
744,S2C,2,12.3093,0.0,0,19.46,0.0348
744,E2C,4,6.4277,12.0,1,37.28,0.1454
744,W2C,4,6.955,12.0,1,34.45,0.1379
745,N2C,2,13.2104,0.0,0,18.14,0.0218
745,S2C,2,12.8492,0.0,0,18.65,0.027
745,E2C,4,6.3824,14.0,2,37.54,0.1534
745,W2C,4,6.7632,13.0,1,35.43,0.1413
746,N2C,2,12.9691,0.0,0,18.47,0.0253
746,S2C,2,12.7953,0.0,0,18.73,0.0278
746,E2C,4,5.9491,16.0,2,40.28,0.161
746,W2C,4,6.7243,14.0,1,35.63,0.1425
747,N2C,2,12.6399,0.0,0,18.96,0.03
747,S2C,2,12.2373,0.0,0,19.58,0.0358
747,E2C,4,6.1972,18.0,2,38.66,0.1588
747,W2C,4,6.4231,16.0,2,37.3,0.1542
748,N2C,3,13.2668,0.0,0,18.06,0.027
748,S2C,2,12.1908,0.0,0,19.65,0.0365
748,E2C,5,7.0609,20.0,2,33.93,0.1537
748,W2C,5,6.5696,18.0,2,36.47,0.1594
749,N2C,2,13.1708,0.0,0,18.19,0.0224
749,S2C,2,11.8783,0.0,0,20.17,0.041
749,E2C,5,6.5895,22.0,2,36.36,0.1618
749,W2C,5,5.7413,20.0,2,41.73,0.1727
750,N2C,2,13.6947,0.0,0,17.5,0.0148
750,S2C,2,12.1507,0.0,0,19.72,0.037
750,E2C,5,5.5054,24.0,2,43.52,0.1787
750,W2C,5,5.1998,22.0,2,46.08,0.1818
751,N2C,2,12.8487,0.0,0,18.65,0.027
751,S2C,2,11.8189,0.0,0,20.27,0.0418
751,E2C,5,5.0633,26.0,2,47.32,0.1864
751,W2C,5,4.9711,24.0,2,48.2,0.1864
752,N2C,2,13.7162,0.0,0,17.47,0.0145
752,S2C,2,11.6968,0.0,0,20.48,0.0436
752,E2C,5,5.2073,28.0,2,46.01,0.1857
752,W2C,5,4.949,27.0,3,48.41,0.1947
753,N2C,2,13.7514,0.0,0,17.42,0.014
753,S2C,2,12.042,0.0,0,19.9,0.0386
753,E2C,5,5.3436,31.0,3,44.84,0.1917
753,W2C,5,4.9091,30.0,3,48.81,0.1973
754,N2C,2,13.3929,0.0,0,17.89,0.0192
754,S2C,2,11.9769,0.0,0,20.01,0.0395
754,E2C,5,5.2576,34.0,3,45.57,0.195
754,W2C,5,4.8104,33.0,3,49.81,0.2007
755,N2C,2,13.5925,0.0,0,17.63,0.0163
755,S2C,2,12.1979,0.0,0,19.64,0.0364
755,E2C,5,5.2466,37.0,3,45.67,0.1971
755,W2C,5,4.9861,36.0,3,48.05,0.2002
756,N2C,2,13.24,0.0,0,18.1,0.0214
756,S2C,2,12.002,0.0,0,19.96,0.0392
756,E2C,5,4.9363,40.0,3,48.54,0.2036
756,W2C,5,4.1173,39.0,3,58.19,0.2147
757,N2C,2,13.4953,0.0,0,17.75,0.0177
757,S2C,3,12.6096,0.0,0,19.0,0.0364
757,E2C,6,5.7416,43.0,3,41.73,0.2
757,W2C,6,4.9275,42.0,3,48.62,0.211
758,N2C,2,12.7497,0.0,0,18.79,0.0284
758,S2C,3,12.4725,0.0,0,19.21,0.0384
758,E2C,6,5.0352,46.0,3,47.58,0.2122
758,W2C,6,4.2774,45.0,3,56.02,0.2224
759,N2C,2,13.8435,0.0,0,17.31,0.0127
759,S2C,3,10.902,0.0,0,21.98,0.061
759,E2C,6,4.2863,49.0,3,55.9,0.2249
759,W2C,6,4.0575,48.0,3,59.05,0.2276
760,N2C,2,13.299,0.0,0,18.02,0.0205
760,S2C,3,9.6874,0.0,0,24.73,0.0785
760,E2C,4,6.7683,8.0,1,35.4,0.1379
760,W2C,4,6.1816,10.0,2,38.76,0.1537
761,N2C,2,12.8722,0.0,0,18.61,0.0267
761,S2C,3,8.3746,1.0,1,28.61,0.1041
761,E2C,4,7.0066,0.0,0,34.2,0.1231
761,W2C,4,6.8797,0.0,0,34.83,0.1249
762,N2C,2,13.0712,0.0,0,18.33,0.0238
762,S2C,3,8.6347,2.0,1,27.75,0.101
762,E2C,4,8.0411,0.0,0,29.8,0.1082
762,W2C,4,7.942,0.0,0,30.17,0.1096
763,N2C,2,13.1534,0.0,0,18.22,0.0226
763,S2C,3,8.608,3.0,1,27.83,0.1021
763,E2C,4,8.3614,0.0,0,28.66,0.1036
763,W2C,2,12.1565,0.0,0,19.71,0.037
764,N2C,2,12.682,0.0,0,18.89,0.0294
764,S2C,3,8.5352,4.0,1,28.07,0.1038
764,E2C,2,12.9461,0.0,0,18.51,0.0256
764,W2C,2,13.2024,0.0,0,18.15,0.0219
765,N2C,2,12.4682,0.0,0,19.22,0.0325
765,S2C,3,8.5813,5.0,1,27.92,0.1038
765,E2C,2,11.2662,0.0,0,21.27,0.0498
765,W2C,2,12.8562,0.0,0,18.64,0.0269
766,N2C,3,11.4914,0.0,0,20.85,0.0525
766,S2C,4,9.1955,6.0,1,26.06,0.1016
766,E2C,3,12.3685,0.0,0,19.37,0.0399
766,W2C,3,12.6315,0.0,0,18.97,0.0361
767,N2C,3,9.9279,0.0,0,24.13,0.075
767,S2C,4,8.2372,7.0,1,29.09,0.1161
767,E2C,2,13.4842,0.0,0,17.77,0.0178
767,W2C,3,12.6796,0.0,0,18.9,0.0354
768,N2C,3,8.8187,1.0,1,27.17,0.0977
768,S2C,4,6.9183,8.0,1,34.63,0.1357
768,E2C,2,12.7165,0.0,0,18.84,0.0289
768,W2C,3,12.4032,0.0,0,19.32,0.0394
769,N2C,3,9.0987,2.0,1,26.33,0.0943
769,S2C,4,6.2351,9.0,1,38.43,0.1462
769,E2C,2,13.2013,0.0,0,18.15,0.0219
769,W2C,2,13.2588,0.0,0,18.07,0.0211
770,N2C,3,9.0141,3.0,1,26.58,0.0962
770,S2C,4,6.2215,10.0,1,38.51,0.1471
770,E2C,2,13.1929,0.0,0,18.16,0.022
770,W2C,2,13.1385,0.0,0,18.24,0.0228
771,N2C,3,8.7131,4.0,1,27.5,0.1012
771,S2C,4,6.2414,12.0,2,38.39,0.1541
771,E2C,2,13.4746,0.0,0,17.78,0.018
771,W2C,2,12.8344,0.0,0,18.67,0.0272
772,N2C,3,8.7043,5.0,1,27.53,0.102
772,S2C,4,6.1668,14.0,2,38.85,0.1565
772,E2C,2,13.2694,0.0,0,18.06,0.0209
772,W2C,2,12.8751,0.0,0,18.61,0.0266
773,N2C,3,9.0136,6.0,1,26.58,0.0982
773,S2C,4,6.1343,16.0,2,39.06,0.1583
773,E2C,2,12.9961,0.0,0,18.44,0.0249
773,W2C,2,12.4748,0.0,0,19.21,0.0324
774,N2C,3,8.2001,7.0,1,29.22,0.1106
774,S2C,4,5.3894,18.0,2,44.46,0.1704
774,E2C,2,13.3389,0.0,0,17.96,0.0199
774,W2C,2,12.7966,0.0,0,18.72,0.0277
775,N2C,4,8.8218,8.0,1,27.16,0.1083
775,S2C,5,6.1721,20.0,2,38.82,0.1665
775,E2C,3,13.399,0.0,0,17.88,0.0251
775,W2C,2,11.7093,0.0,0,20.46,0.0434
776,N2C,4,7.3316,9.0,1,32.68,0.1304
776,S2C,5,4.8927,22.0,2,48.97,0.1862
776,E2C,2,13.2605,0.0,0,18.07,0.0211
776,W2C,2,12.0832,0.0,0,19.83,0.038
777,N2C,4,6.8475,10.0,1,34.99,0.1381
777,S2C,5,4.6526,25.0,3,51.5,0.1977
777,E2C,2,13.3899,0.0,0,17.89,0.0192
777,W2C,2,11.3516,0.0,0,21.11,0.0485
778,N2C,4,6.5246,11.0,1,36.72,0.1434
778,S2C,5,4.8609,28.0,3,49.29,0.1967
778,E2C,2,13.0226,0.0,0,18.4,0.0245
778,W2C,2,11.8485,0.0,0,20.22,0.0414
779,N2C,4,6.5276,13.0,2,36.71,0.1507
779,S2C,5,4.6683,31.0,3,51.33,0.2014
779,E2C,2,12.7557,0.0,0,18.78,0.0283
779,W2C,2,12.5034,0.0,0,19.16,0.032
780,N2C,4,6.7549,15.0,2,35.47,0.1487
780,S2C,5,4.6489,34.0,3,51.54,0.2037
780,E2C,2,13.4297,0.0,0,17.84,0.0186
780,W2C,2,12.4165,0.0,0,19.3,0.0332
781,N2C,4,6.5619,17.0,2,36.51,0.1528
781,S2C,5,4.5795,37.0,3,52.32,0.2067
781,E2C,2,13.5905,0.0,0,17.63,0.0163
781,W2C,2,12.3657,0.0,0,19.38,0.0339
782,N2C,4,6.4282,19.0,2,37.27,0.1561
782,S2C,5,4.8472,40.0,3,49.43,0.2049
782,E2C,2,12.7164,0.0,0,18.84,0.0289
782,W2C,2,12.4384,0.0,0,19.26,0.0329
783,N2C,4,5.2793,21.0,2,45.38,0.174
783,S2C,5,4.6077,43.0,3,52.0,0.2103
783,E2C,2,13.6156,0.0,0,17.6,0.016
783,W2C,2,12.5201,0.0,0,19.14,0.0317
784,N2C,5,6.1972,23.0,2,38.66,0.1681
784,S2C,6,5.9796,46.0,3,40.07,0.1986
784,E2C,2,13.3148,0.0,0,18.0,0.0203
784,W2C,3,11.5903,0.0,0,20.67,0.0511
785,N2C,5,5.5461,25.0,2,43.2,0.1788
785,S2C,6,5.6683,49.0,3,42.27,0.205
785,E2C,2,13.0468,0.0,0,18.36,0.0241
785,W2C,2,10.3911,0.0,0,23.06,0.0624
786,N2C,5,5.2418,28.0,3,45.71,0.1912
786,S2C,6,4.8266,52.0,3,49.64,0.2192
786,E2C,2,13.7299,0.0,0,17.45,0.0143
786,W2C,2,10.851,0.0,0,22.08,0.0558
787,N2C,5,5.1527,31.0,3,46.5,0.1945
787,S2C,6,4.7647,55.0,3,50.29,0.2221
787,E2C,2,13.1634,0.0,0,18.2,0.0225
787,W2C,2,10.9155,0.0,0,21.95,0.0548
788,N2C,5,5.4922,34.0,3,43.63,0.1916
788,S2C,6,4.4186,58.0,3,54.23,0.229
788,E2C,2,13.314,0.0,0,18.0,0.0203
788,W2C,2,11.1863,0.0,0,21.42,0.0509
789,N2C,5,5.4505,37.0,3,43.96,0.1942
789,S2C,6,4.0996,61.0,3,58.44,0.2356
789,E2C,2,12.6246,0.0,0,18.98,0.0302
789,W2C,2,10.9701,0.0,0,21.84,0.054
790,N2C,5,5.3895,40.0,3,44.46,0.1971
790,S2C,6,4.0795,65.0,4,58.73,0.2446
790,E2C,2,13.7028,0.0,0,17.49,0.0147
790,W2C,2,10.8192,0.0,0,22.15,0.0562
791,N2C,5,5.2378,43.0,3,45.74,0.2012
791,S2C,6,3.8872,69.0,4,61.64,0.25
791,E2C,2,13.6868,0.0,0,17.51,0.0149
791,W2C,2,10.7055,0.0,0,22.38,0.0579
792,N2C,5,4.7428,46.0,3,50.52,0.2104
792,S2C,6,3.8945,73.0,4,61.52,0.2526
792,E2C,2,12.516,0.0,0,19.14,0.0318
792,W2C,2,11.5711,0.0,0,20.71,0.0454
793,N2C,4,8.1418,8.0,1,29.43,0.1181
793,S2C,5,6.6518,21.0,2,36.02,0.1602
793,E2C,3,11.2555,0.0,0,21.29,0.0559
793,W2C,3,11.6641,0.0,0,20.54,0.0501
794,N2C,4,7.6604,0.0,0,31.28,0.1137
794,S2C,5,6.2856,0.0,0,38.12,0.1395
794,E2C,3,9.767,0.0,0,24.53,0.0774
794,W2C,3,11.9574,0.0,0,20.04,0.0458
795,N2C,4,8.3997,0.0,0,28.52,0.1031
795,S2C,5,6.5597,0.0,0,36.53,0.1355
795,E2C,3,8.8217,0.0,0,27.16,0.091
795,W2C,3,11.7145,0.0,0,20.45,0.0493
796,N2C,2,13.3412,0.0,0,17.96,0.0199
796,S2C,4,7.8219,0.0,0,30.63,0.1114
796,E2C,3,8.7727,1.0,1,27.31,0.0983
796,W2C,3,11.2744,0.0,0,21.25,0.0557
797,N2C,2,12.6433,0.0,0,18.95,0.03
797,S2C,3,9.7149,0.0,0,24.66,0.0781
797,E2C,3,8.4254,2.0,1,28.44,0.104
797,W2C,3,9.8631,0.0,0,24.29,0.076
798,N2C,2,12.7405,0.0,0,18.81,0.0286
798,S2C,3,10.5753,0.0,0,22.66,0.0657
798,E2C,3,8.7173,3.0,1,27.49,0.1005
798,W2C,3,8.3785,0.0,0,28.6,0.0974
799,N2C,2,13.4433,0.0,0,17.82,0.0184
799,S2C,2,13.0453,0.0,0,18.37,0.0242
799,E2C,3,8.7597,4.0,1,27.35,0.1005
799,W2C,3,7.8128,0.0,0,30.67,0.1055
800,N2C,2,13.4818,0.0,0,17.77,0.0179
800,S2C,2,12.6898,0.0,0,18.88,0.0293
800,E2C,3,8.4924,5.0,1,28.21,0.1051
800,W2C,3,7.9923,1.0,1,29.98,0.1096
801,N2C,2,12.8623,0.0,0,18.63,0.0268
801,S2C,2,12.5958,0.0,0,19.02,0.0306
801,E2C,3,7.9249,6.0,1,30.23,0.1139
801,W2C,3,7.9458,2.0,1,30.15,0.1109
802,N2C,2,13.2746,0.0,0,18.05,0.0209
802,S2C,3,12.7656,0.0,0,18.77,0.0342
802,E2C,4,8.5507,7.0,1,28.02,0.1115
802,W2C,4,9.0135,3.0,1,26.58,0.1022
803,N2C,2,12.8222,0.0,0,18.69,0.0274
803,S2C,3,12.4858,0.0,0,19.19,0.0382
803,E2C,4,7.1653,8.0,1,33.44,0.1322
803,W2C,4,8.551,4.0,1,28.02,0.1095
804,N2C,2,12.3714,0.0,0,19.37,0.0339
804,S2C,2,13.0842,0.0,0,18.31,0.0236
804,E2C,4,7.0371,9.0,1,34.05,0.1347
804,W2C,4,8.7618,5.0,1,27.35,0.1072
805,N2C,2,12.8154,0.0,0,18.7,0.0275
805,S2C,2,12.9138,0.0,0,18.55,0.0261
805,E2C,4,6.6929,10.0,1,35.8,0.1403
805,W2C,4,8.5859,6.0,1,27.91,0.1104
806,N2C,2,12.9784,0.0,0,18.46,0.0251
806,S2C,2,13.0552,0.0,0,18.35,0.024
806,E2C,4,6.3011,12.0,2,38.03,0.1533
806,W2C,4,7.4481,7.0,1,32.17,0.1274
807,N2C,2,12.8652,0.0,0,18.62,0.0268
807,S2C,2,12.809,0.0,0,18.71,0.0276
807,E2C,4,6.3838,14.0,2,37.53,0.1534
807,W2C,4,6.9941,8.0,1,34.26,0.1346
808,N2C,2,13.296,0.0,0,18.02,0.0206
808,S2C,2,12.6252,0.0,0,18.98,0.0302
808,E2C,4,6.6283,16.0,2,36.15,0.1512
808,W2C,4,6.1234,9.0,1,39.13,0.1478
809,N2C,2,13.0188,0.0,0,18.4,0.0245
809,S2C,2,13.1718,0.0,0,18.19,0.0223
809,E2C,4,6.3229,18.0,2,37.89,0.157
809,W2C,4,6.3592,11.0,2,37.68,0.1518
810,N2C,2,13.2227,0.0,0,18.12,0.0216
810,S2C,2,13.5051,0.0,0,17.74,0.0175
810,E2C,4,6.2131,20.0,2,38.56,0.1599
810,W2C,4,5.2399,13.0,2,45.73,0.1692
811,N2C,3,13.062,0.0,0,18.34,0.0299
811,S2C,2,12.9216,0.0,0,18.54,0.0259
811,E2C,5,6.7692,22.0,2,35.4,0.1592
811,W2C,5,5.8518,15.0,2,40.94,0.1677
812,N2C,2,12.8742,0.0,0,18.61,0.0266
812,S2C,2,12.4011,0.0,0,19.32,0.0334
812,E2C,5,6.1085,24.0,2,39.22,0.17
812,W2C,5,4.6066,17.0,2,52.01,0.187
813,N2C,2,12.8832,0.0,0,18.6,0.0265
813,S2C,2,12.3567,0.0,0,19.39,0.0341
813,E2C,5,5.2734,26.0,2,45.44,0.1834
813,W2C,5,4.8294,19.0,2,49.61,0.1851
814,N2C,2,12.8254,0.0,0,18.68,0.0273
814,S2C,2,13.0727,0.0,0,18.33,0.0238
814,E2C,5,5.4647,29.0,3,43.84,0.1886
814,W2C,5,4.6698,22.0,3,51.31,0.1954
815,N2C,2,12.8618,0.0,0,18.63,0.0268
815,S2C,2,12.9317,0.0,0,18.53,0.0258
815,E2C,5,5.2286,32.0,3,45.82,0.194
815,W2C,5,4.7275,25.0,3,50.68,0.1966
816,N2C,2,12.9428,0.0,0,18.51,0.0256
816,S2C,2,13.1441,0.0,0,18.23,0.0227
816,E2C,5,5.3638,35.0,3,44.67,0.1941
816,W2C,5,4.6864,28.0,3,51.13,0.1992
817,N2C,2,13.1302,0.0,0,18.25,0.0229
817,S2C,2,12.8847,0.0,0,18.6,0.0265
817,E2C,5,5.269,38.0,3,45.47,0.1975
817,W2C,5,4.6393,31.0,3,51.65,0.2019
818,N2C,2,12.8836,0.0,0,18.6,0.0265
818,S2C,2,12.6582,0.0,0,18.93,0.0297
818,E2C,5,5.2576,41.0,3,45.57,0.1996
818,W2C,5,4.5544,34.0,3,52.61,0.2051
819,N2C,2,12.8846,0.0,0,18.6,0.0265
819,S2C,2,13.1758,0.0,0,18.18,0.0223
819,E2C,5,4.6136,44.0,3,51.93,0.2109
819,W2C,5,4.7549,37.0,3,50.39,0.2042
820,N2C,3,13.2625,0.0,0,18.07,0.027
820,S2C,3,12.9083,0.0,0,18.56,0.0321
820,E2C,6,5.4089,47.0,3,44.3,0.2075
820,W2C,6,6.1806,40.0,3,38.77,0.1917
821,N2C,2,13.378,0.0,0,17.91,0.0194
821,S2C,2,13.1109,0.0,0,18.27,0.0232
821,E2C,6,4.802,50.0,3,49.9,0.2182
821,W2C,6,6.1633,43.0,3,38.88,0.1939
822,N2C,2,13.1595,0.0,0,18.21,0.0225
822,S2C,2,13.3015,0.0,0,18.01,0.0205
822,E2C,6,4.6224,53.0,3,51.83,0.2228
822,W2C,6,5.4628,46.0,3,43.86,0.206
823,N2C,2,13.2541,0.0,0,18.08,0.0212
823,S2C,2,12.9776,0.0,0,18.46,0.0251
823,E2C,6,4.4893,56.0,3,53.37,0.2267
823,W2C,6,4.8656,49.0,3,49.24,0.2166
824,N2C,2,13.1034,0.0,0,18.29,0.0233
824,S2C,2,12.7355,0.0,0,18.81,0.0286
824,E2C,6,4.4735,60.0,4,53.56,0.2356
824,W2C,6,4.1423,52.0,3,57.84,0.229
825,N2C,2,13.1591,0.0,0,18.21,0.0225
825,S2C,2,13.2417,0.0,0,18.09,0.0213
825,E2C,6,4.5103,64.0,4,53.12,0.2377
825,W2C,6,4.1272,55.0,3,58.05,0.2312
826,N2C,2,13.2583,0.0,0,18.07,0.0211
826,S2C,2,12.8306,0.0,0,18.67,0.0273
826,E2C,4,6.4153,16.0,2,37.35,0.1543
826,W2C,4,6.3045,14.0,2,38.0,0.1546
827,N2C,2,13.293,0.0,0,18.02,0.0206
827,S2C,2,12.3374,0.0,0,19.42,0.0344
827,E2C,4,6.5765,0.0,0,36.43,0.1293
827,W2C,4,6.9833,0.0,0,34.31,0.1234
828,N2C,2,12.6517,0.0,0,18.94,0.0298
828,S2C,2,12.832,0.0,0,18.67,0.0272
828,E2C,4,6.3693,0.0,0,37.62,0.1323
828,W2C,4,7.8873,0.0,0,30.38,0.1104
829,N2C,3,11.0964,0.0,0,21.59,0.0582
829,S2C,3,12.54,0.0,0,19.11,0.0374
829,E2C,3,10.8728,0.0,0,22.04,0.0614
829,W2C,3,11.9834,0.0,0,19.99,0.0455
830,N2C,3,9.9682,0.0,0,24.04,0.0745
830,S2C,3,11.246,0.0,0,21.31,0.0561
830,E2C,3,10.4152,0.0,0,23.0,0.068
830,W2C,3,11.7373,0.0,0,20.41,0.049
831,N2C,3,8.6428,1.0,1,27.72,0.1002
831,S2C,3,9.4955,0.0,0,25.23,0.0813
831,E2C,2,13.254,0.0,0,18.08,0.0212
831,W2C,3,11.5895,0.0,0,20.67,0.0511
832,N2C,3,8.5842,2.0,1,27.91,0.1017
832,S2C,3,8.9198,0.0,0,26.86,0.0896
832,E2C,2,13.4787,0.0,0,17.78,0.0179
832,W2C,2,12.3061,0.0,0,19.47,0.0348
833,N2C,3,9.044,3.0,1,26.49,0.0958
833,S2C,3,9.0542,1.0,1,26.46,0.0943
833,E2C,2,12.6927,0.0,0,18.88,0.0292
833,W2C,2,12.7546,0.0,0,18.79,0.0283
834,N2C,3,8.8849,4.0,1,26.97,0.0987
834,S2C,3,8.9291,2.0,1,26.83,0.0968
834,E2C,2,13.0788,0.0,0,18.32,0.0237
834,W2C,2,12.2742,0.0,0,19.52,0.0353
835,N2C,3,8.8617,5.0,1,27.04,0.0997
835,S2C,3,8.7066,3.0,1,27.52,0.1006
835,E2C,2,13.3107,0.0,0,18.0,0.0203
835,W2C,2,12.359,0.0,0,19.39,0.034
836,N2C,3,8.9672,6.0,1,26.72,0.0989
836,S2C,3,9.0639,4.0,1,26.43,0.0962
836,E2C,2,13.2513,0.0,0,18.08,0.0212
836,W2C,2,13.0989,0.0,0,18.29,0.0234
837,N2C,3,8.7814,7.0,1,27.29,0.1022
837,S2C,3,8.3303,5.0,1,28.76,0.1074
837,E2C,2,13.4832,0.0,0,17.77,0.0179
837,W2C,2,12.2955,0.0,0,19.49,0.035
838,N2C,4,8.8813,8.0,1,26.98,0.1075
838,S2C,4,8.3468,6.0,1,28.71,0.1138
838,E2C,2,12.9805,0.0,0,18.46,0.0251
838,W2C,2,11.5233,0.0,0,20.79,0.0461
839,N2C,4,7.6849,9.0,1,31.18,0.1253
839,S2C,4,6.9089,7.0,1,34.68,0.1352
839,E2C,2,12.9491,0.0,0,18.5,0.0255
839,W2C,2,11.9337,0.0,0,20.08,0.0402
840,N2C,4,6.5524,10.0,1,36.57,0.1423
840,S2C,4,6.4199,8.0,1,37.32,0.1429
840,E2C,2,13.0469,0.0,0,18.36,0.0241
840,W2C,2,12.0498,0.0,0,19.88,0.0385
841,N2C,4,6.8388,12.0,2,35.04,0.1455
841,S2C,4,6.0677,9.0,1,39.49,0.1486
841,E2C,2,12.6279,0.0,0,18.97,0.0302
841,W2C,2,12.1249,0.0,0,19.76,0.0374
842,N2C,4,6.6308,14.0,2,36.13,0.1499
842,S2C,4,6.3365,10.0,1,37.81,0.1454
842,E2C,2,12.5377,0.0,0,19.11,0.0315
842,W2C,2,12.3405,0.0,0,19.42,0.0343
843,N2C,4,6.4225,16.0,2,37.31,0.1542
843,S2C,4,6.2915,12.0,2,38.08,0.1534
843,E2C,2,12.2044,0.0,0,19.63,0.0363
843,W2C,2,12.2905,0.0,0,19.49,0.035
844,N2C,4,6.5688,18.0,2,36.48,0.1534
844,S2C,4,6.1852,14.0,2,38.74,0.1563
844,E2C,2,13.19,0.0,0,18.17,0.0221
844,W2C,2,12.3128,0.0,0,19.46,0.0347
845,N2C,4,6.5679,20.0,2,36.48,0.1548
845,S2C,4,6.345,16.0,2,37.76,0.1553
845,E2C,2,13.4296,0.0,0,17.84,0.0186
845,W2C,2,12.3139,0.0,0,19.46,0.0347
846,N2C,4,5.7788,22.0,2,41.46,0.1675
846,S2C,4,5.1075,18.0,2,46.91,0.1745
846,E2C,2,13.0649,0.0,0,18.34,0.0239
846,W2C,2,12.3139,0.0,0,19.46,0.0347
847,N2C,5,6.4832,24.0,2,36.96,0.1646
847,S2C,5,6.0377,20.0,2,39.68,0.1684
847,E2C,2,12.8705,0.0,0,18.62,0.0267
847,W2C,2,12.4553,0.0,0,19.24,0.0327
848,N2C,5,5.3348,26.0,2,44.91,0.1825
848,S2C,5,5.2096,22.0,2,45.99,0.1817
848,E2C,2,11.7983,0.0,0,20.31,0.0421
848,W2C,3,11.3436,0.0,0,21.12,0.0547
849,N2C,5,5.2122,28.0,2,45.97,0.1856
849,S2C,5,4.8469,24.0,2,49.43,0.1882
849,E2C,2,11.9342,0.0,0,20.08,0.0402
849,W2C,2,10.783,0.0,0,22.22,0.0567
850,N2C,5,5.4539,31.0,3,43.93,0.1901
850,S2C,5,5.0517,27.0,3,47.43,0.1933
850,E2C,2,12.7375,0.0,0,18.81,0.0286
850,W2C,2,10.9377,0.0,0,21.91,0.0545
851,N2C,5,5.2548,34.0,3,45.6,0.195
851,S2C,5,4.8906,30.0,3,48.99,0.1976
851,E2C,2,11.7642,0.0,0,20.37,0.0426
851,W2C,2,10.5527,0.0,0,22.71,0.0601
852,N2C,5,5.3977,37.0,3,44.39,0.1949
852,S2C,5,5.1393,33.0,3,46.62,0.196
852,E2C,2,11.9992,0.0,0,19.97,0.0392
852,W2C,2,10.729,0.0,0,22.33,0.0575
853,N2C,5,5.2329,40.0,3,45.79,0.1993
853,S2C,5,5.0909,36.0,3,47.06,0.1987
853,E2C,2,12.1208,0.0,0,19.77,0.0375
853,W2C,2,10.6643,0.0,0,22.47,0.0584
854,N2C,5,5.0774,43.0,3,47.19,0.2036
854,S2C,5,5.0853,39.0,3,47.12,0.2008
854,E2C,2,11.9255,0.0,0,20.09,0.0403
854,W2C,2,10.7242,0.0,0,22.34,0.0576
855,N2C,5,4.5159,46.0,3,53.06,0.2136
855,S2C,5,4.8569,42.0,3,49.33,0.2061
855,E2C,2,12.072,0.0,0,19.85,0.0382
855,W2C,2,10.3781,0.0,0,23.09,0.0626
856,N2C,6,5.1328,49.0,3,46.68,0.2128
856,S2C,6,6.5588,45.0,3,36.53,0.1896
856,E2C,3,11.9368,0.0,0,20.07,0.0461
856,W2C,3,11.8731,0.0,0,20.18,0.047
857,N2C,6,4.1268,52.0,3,58.06,0.2292
857,S2C,6,5.6601,48.0,3,42.33,0.2045
857,E2C,3,10.3587,0.0,0,23.13,0.0688
857,W2C,3,12.3049,0.0,0,19.47,0.0408
858,N2C,6,4.217,56.0,4,56.82,0.2366
858,S2C,6,5.0241,51.0,3,47.69,0.2157
858,E2C,3,9.4295,0.0,0,25.41,0.0822
858,W2C,3,12.4055,0.0,0,19.31,0.0394
859,N2C,4,6.2361,12.0,2,38.42,0.1542
859,S2C,4,6.7372,10.0,1,35.56,0.1397
859,E2C,3,8.1573,0.0,0,29.37,0.1005
859,W2C,3,12.3051,0.0,0,19.47,0.0408
860,N2C,4,7.0277,0.0,0,34.09,0.1228
860,S2C,4,7.2664,0.0,0,32.97,0.1194
860,E2C,3,7.5979,1.0,1,31.54,0.1153
860,W2C,3,11.6219,0.0,0,20.62,0.0507
861,N2C,4,7.9458,0.0,0,30.15,0.1096
861,S2C,4,8.4302,0.0,0,28.42,0.1026
861,E2C,3,7.4954,2.0,1,31.97,0.1174
861,W2C,3,10.364,0.0,0,23.12,0.0688
862,N2C,2,12.475,0.0,0,19.21,0.0324
862,S2C,2,12.8381,0.0,0,18.66,0.0271
862,E2C,3,7.8158,3.0,1,30.66,0.1135
862,W2C,3,9.4017,0.0,0,25.48,0.0826
863,N2C,2,11.8539,0.0,0,20.21,0.0413
863,S2C,2,13.1472,0.0,0,18.22,0.0227
863,E2C,3,7.8176,4.0,1,30.65,0.1141
863,W2C,3,9.8701,0.0,0,24.28,0.0759
864,N2C,2,11.6189,0.0,0,20.62,0.0447
864,S2C,2,13.329,0.0,0,17.98,0.0201
864,E2C,3,7.7939,5.0,1,30.74,0.1151
864,W2C,3,9.253,1.0,1,25.89,0.0914
865,N2C,2,12.3566,0.0,0,19.39,0.0341
865,S2C,2,13.1896,0.0,0,18.17,0.0221
865,E2C,4,9.5029,6.0,1,25.21,0.0972
865,W2C,4,9.0442,2.0,1,26.49,0.1011
866,N2C,2,11.9225,0.0,0,20.1,0.0403
866,S2C,2,12.8065,0.0,0,18.71,0.0276
866,E2C,4,8.3948,7.0,1,28.54,0.1138
866,W2C,4,8.8754,3.0,1,27.0,0.1042
867,N2C,2,12.0428,0.0,0,19.9,0.0386
867,S2C,2,13.0894,0.0,0,18.3,0.0235
867,E2C,4,7.4719,8.0,1,32.07,0.1277
867,W2C,4,8.9666,4.0,1,26.72,0.1036
868,N2C,2,12.3846,0.0,0,19.35,0.0337
868,S2C,2,12.9247,0.0,0,18.54,0.0259
868,E2C,4,6.3923,9.0,1,37.48,0.144
868,W2C,4,8.5688,5.0,1,27.96,0.11
869,N2C,2,12.0535,0.0,0,19.88,0.0384
869,S2C,2,13.0511,0.0,0,18.36,0.0241
869,E2C,4,6.2732,11.0,2,38.19,0.153
869,W2C,4,8.6252,6.0,1,27.78,0.1098
870,N2C,2,12.0893,0.0,0,19.82,0.0379
870,S2C,2,13.6291,0.0,0,17.58,0.0158
870,E2C,4,6.0769,13.0,2,39.43,0.1572
870,W2C,4,7.431,7.0,1,32.24,0.1277
871,N2C,2,12.4511,0.0,0,19.24,0.0327
871,S2C,2,13.1638,0.0,0,18.2,0.0225
871,E2C,4,6.1694,15.0,2,38.84,0.1572
871,W2C,4,6.4716,8.0,1,37.02,0.1421
872,N2C,2,12.0583,0.0,0,19.87,0.0384
872,S2C,2,13.3844,0.0,0,17.9,0.0193
872,E2C,4,5.8219,17.0,2,41.15,0.1635
872,W2C,4,6.2374,10.0,2,38.41,0.1529
873,N2C,2,12.514,0.0,0,19.15,0.0318
873,S2C,2,13.316,0.0,0,17.99,0.0203
873,E2C,4,6.0709,19.0,2,39.47,0.1613
873,W2C,4,5.1768,12.0,2,46.28,0.1695
874,N2C,3,12.7562,0.0,0,18.78,0.0343
874,S2C,3,12.9592,0.0,0,18.49,0.0314
874,E2C,5,7.6019,21.0,2,31.52,0.1465
874,W2C,5,6.3206,14.0,2,37.91,0.1603
875,N2C,3,13.1149,0.0,0,18.27,0.0292
875,S2C,2,12.6043,0.0,0,19.01,0.0305
875,E2C,5,7.5378,23.0,2,31.79,0.1488
875,W2C,5,5.249,16.0,2,45.65,0.1771
876,N2C,3,12.5339,0.0,0,19.12,0.0375
876,S2C,2,12.9509,0.0,0,18.5,0.0255
876,E2C,5,7.4181,25.0,2,32.3,0.1519
876,W2C,5,5.1587,18.0,2,46.45,0.1797
877,N2C,3,12.3013,0.0,0,19.48,0.0409
877,S2C,2,12.3812,0.0,0,19.35,0.0337
877,E2C,5,6.4556,27.0,2,37.11,0.167
877,W2C,5,5.0163,20.0,2,47.76,0.1831
878,N2C,2,12.9629,0.0,0,18.48,0.0253
878,S2C,2,12.6279,0.0,0,18.97,0.0302
878,E2C,5,5.592,29.0,2,42.85,0.1808
878,W2C,5,4.956,23.0,3,48.35,0.192
879,N2C,2,12.8085,0.0,0,18.71,0.0276
879,S2C,2,12.8231,0.0,0,18.68,0.0274
879,E2C,5,5.265,31.0,2,45.51,0.1869
879,W2C,5,4.8497,26.0,3,49.4,0.1955
880,N2C,2,12.9687,0.0,0,18.48,0.0253
880,S2C,2,12.4601,0.0,0,19.23,0.0326
880,E2C,5,5.3423,34.0,3,44.85,0.1937
880,W2C,5,4.9808,29.0,3,48.11,0.1956
881,N2C,2,13.0489,0.0,0,18.36,0.0241
881,S2C,2,12.9796,0.0,0,18.46,0.0251
881,E2C,5,5.2406,37.0,3,45.72,0.1972
881,W2C,5,4.9931,32.0,3,47.99,0.1974
882,N2C,2,12.8284,0.0,0,18.68,0.0273
882,S2C,2,12.3107,0.0,0,19.46,0.0347
882,E2C,5,4.6323,40.0,3,51.72,0.208
882,W2C,5,5.1473,35.0,3,46.55,0.1972
883,N2C,2,13.4604,0.0,0,17.8,0.0182
883,S2C,2,13.3624,0.0,0,17.93,0.0196
883,E2C,6,5.4508,43.0,3,43.96,0.2042
883,W2C,6,6.5372,38.0,3,36.65,0.1852
884,N2C,2,12.8776,0.0,0,18.61,0.0266
884,S2C,2,12.633,0.0,0,18.97,0.0301
884,E2C,6,4.6712,46.0,3,51.29,0.2174
884,W2C,6,5.8592,41.0,3,40.89,0.197
885,N2C,2,13.201,0.0,0,18.15,0.0219
885,S2C,2,12.9884,0.0,0,18.45,0.025
885,E2C,6,4.3612,49.0,3,54.94,0.2239
885,W2C,6,5.0166,44.0,3,47.76,0.2111
886,N2C,2,13.1792,0.0,0,18.18,0.0222
886,S2C,2,12.9777,0.0,0,18.46,0.0251
886,E2C,6,4.4954,53.0,4,53.3,0.2306
886,W2C,6,4.7031,47.0,3,50.94,0.2176
887,N2C,2,12.7808,0.0,0,18.75,0.028
887,S2C,2,13.0262,0.0,0,18.39,0.0244
887,E2C,6,4.3263,57.0,4,55.38,0.2357
887,W2C,6,4.4214,50.0,3,54.19,0.2237
888,N2C,2,13.141,0.0,0,18.23,0.0228
888,S2C,2,12.9434,0.0,0,18.51,0.0256
888,E2C,6,4.357,61.0,4,54.99,0.2379
888,W2C,6,4.2803,54.0,4,55.98,0.2344
889,N2C,2,13.4815,0.0,0,17.77,0.0179
889,S2C,2,13.2274,0.0,0,18.11,0.0215
889,E2C,6,4.4766,65.0,4,53.52,0.2389
889,W2C,6,4.4033,58.0,4,54.41,0.2353
890,N2C,2,13.1584,0.0,0,18.21,0.0225
890,S2C,2,12.9079,0.0,0,18.56,0.0261
890,E2C,6,3.9951,69.0,4,59.97,0.2485
890,W2C,6,4.1026,62.0,4,58.4,0.2423
891,N2C,2,12.5335,0.0,0,19.12,0.0315
891,S2C,2,13.0633,0.0,0,18.34,0.0239
891,E2C,6,3.2436,73.0,4,73.87,0.262
891,W2C,6,3.3281,66.0,4,71.99,0.2561
892,N2C,3,11.4002,0.0,0,21.02,0.0539
892,S2C,3,13.1851,0.0,0,18.17,0.0282
892,E2C,5,5.7202,20.0,2,41.89,0.173
892,W2C,5,6.1526,20.0,2,38.94,0.1667
893,N2C,3,10.0194,0.0,0,23.91,0.0737
893,S2C,3,11.1967,0.0,0,21.4,0.0568
893,E2C,5,5.9864,0.0,0,40.02,0.1438
893,W2C,5,6.1492,0.0,0,38.96,0.1415
894,N2C,3,9.2101,0.0,0,26.02,0.0854
894,S2C,3,10.6826,0.0,0,22.43,0.0642
894,E2C,5,7.12,0.0,0,33.65,0.1275
894,W2C,5,6.6578,0.0,0,35.99,0.1341
895,N2C,3,8.6291,0.0,0,27.77,0.0938
895,S2C,3,9.2547,0.0,0,25.89,0.0847
895,E2C,3,9.8695,0.0,0,24.28,0.0759
895,W2C,3,9.6692,0.0,0,24.78,0.0788
896,N2C,3,8.9485,1.0,1,26.78,0.0958
896,S2C,3,9.1825,0.0,0,26.09,0.0858
896,E2C,3,10.6865,0.0,0,22.42,0.0641
896,W2C,3,10.5709,0.0,0,22.67,0.0658
897,N2C,3,8.9338,2.0,1,26.82,0.0967
897,S2C,3,8.9797,1.0,1,26.68,0.0954
897,E2C,2,13.1277,0.0,0,18.25,0.023
897,W2C,2,13.1808,0.0,0,18.18,0.0222
898,N2C,3,8.8594,3.0,1,27.04,0.0984
898,S2C,3,9.0634,2.0,1,26.44,0.0948
898,E2C,2,12.9951,0.0,0,18.44,0.0249
898,W2C,2,13.1009,0.0,0,18.29,0.0234
899,N2C,3,8.7816,4.0,1,27.28,0.1002
899,S2C,3,8.6291,3.0,1,27.77,0.1018
899,E2C,2,13.376,0.0,0,17.91,0.0194
899,W2C,2,13.6484,0.0,0,17.56,0.0155
900,N2C,3,7.9615,5.0,1,30.09,0.1127
900,S2C,3,8.0866,4.0,1,29.63,0.1102
900,E2C,2,13.419,0.0,0,17.86,0.0188
900,W2C,2,12.9936,0.0,0,18.44,0.0249
901,N2C,4,8.3876,6.0,1,28.57,0.1132
901,S2C,4,8.5353,5.0,1,28.07,0.1104
901,E2C,2,13.6538,0.0,0,17.55,0.0154
901,W2C,2,13.3963,0.0,0,17.89,0.0191
902,N2C,4,7.369,7.0,1,32.51,0.1286
902,S2C,4,7.4567,6.0,1,32.13,0.1266
902,E2C,2,13.2194,0.0,0,18.12,0.0217
902,W2C,2,13.2191,0.0,0,18.13,0.0217
903,N2C,4,6.6922,9.0,2,35.8,0.1456
903,S2C,4,6.7065,7.0,1,35.73,0.1381
903,E2C,2,12.9081,0.0,0,18.56,0.0261
903,W2C,2,13.5758,0.0,0,17.65,0.0165
904,N2C,4,6.6891,11.0,2,35.82,0.147
904,S2C,4,6.443,8.0,1,37.19,0.1426
904,E2C,2,12.8548,0.0,0,18.64,0.0269
904,W2C,2,13.3409,0.0,0,17.96,0.0199
905,N2C,4,6.4981,13.0,2,36.87,0.1511
905,S2C,4,6.4773,10.0,2,36.99,0.1494
905,E2C,2,13.3691,0.0,0,17.92,0.0195
905,W2C,2,13.0823,0.0,0,18.31,0.0236
906,N2C,4,6.317,15.0,2,37.93,0.155
906,S2C,4,6.7314,12.0,2,35.59,0.1471
906,E2C,2,13.1507,0.0,0,18.22,0.0226
906,W2C,2,13.72,0.0,0,17.46,0.0144
907,N2C,4,6.3706,17.0,2,37.61,0.1556
907,S2C,4,6.5335,14.0,2,36.67,0.1513
907,E2C,2,13.5781,0.0,0,17.65,0.0165
907,W2C,2,13.3111,0.0,0,18.0,0.0203
908,N2C,4,6.6688,19.0,2,35.93,0.1526
908,S2C,4,6.6608,16.0,2,35.97,0.1508
908,E2C,2,13.0854,0.0,0,18.31,0.0236
908,W2C,2,12.819,0.0,0,18.69,0.0274
909,N2C,4,5.8395,21.0,2,41.03,0.1659
909,S2C,4,5.5263,18.0,2,43.36,0.1684
909,E2C,2,13.1764,0.0,0,18.18,0.0223
909,W2C,2,13.2832,0.0,0,18.04,0.0207
910,N2C,5,6.7425,23.0,2,35.54,0.1602
910,S2C,5,6.4171,20.0,2,37.34,0.1629
910,E2C,2,13.5601,0.0,0,17.67,0.0168
910,W2C,2,12.421,0.0,0,19.29,0.0332
911,N2C,5,5.5507,25.0,2,43.17,0.1787
911,S2C,5,5.6177,22.0,2,42.65,0.1758
911,E2C,2,13.0366,0.0,0,18.38,0.0243
911,W2C,2,12.6435,0.0,0,18.95,0.0299
912,N2C,5,5.2602,27.0,2,45.55,0.1843
912,S2C,5,5.0172,24.0,2,47.76,0.1858
912,E2C,2,12.8415,0.0,0,18.66,0.0271
912,W2C,2,11.7082,0.0,0,20.46,0.0434
913,N2C,5,5.3759,30.0,3,44.57,0.1906
913,S2C,5,5.1353,27.0,3,46.66,0.1921
913,E2C,2,13.0193,0.0,0,18.4,0.0245
913,W2C,2,12.1289,0.0,0,19.75,0.0374
914,N2C,5,5.3926,33.0,3,44.43,0.1924
914,S2C,5,5.0463,30.0,3,47.48,0.1953
914,E2C,2,13.3495,0.0,0,17.95,0.0198
914,W2C,2,11.8415,0.0,0,20.23,0.0415
915,N2C,5,5.1867,36.0,3,46.19,0.1973
915,S2C,5,5.2084,33.0,3,46.0,0.195
915,E2C,2,13.4009,0.0,0,17.88,0.019
915,W2C,2,12.3037,0.0,0,19.47,0.0348
916,N2C,5,5.3189,39.0,3,45.05,0.1974
916,S2C,5,5.0217,36.0,3,47.71,0.1997
916,E2C,2,13.4304,0.0,0,17.84,0.0186
916,W2C,2,13.0161,0.0,0,18.41,0.0246
917,N2C,5,5.2367,42.0,3,45.75,0.2006
917,S2C,5,5.2023,39.0,3,46.06,0.1991
917,E2C,2,13.0091,0.0,0,18.42,0.0247
917,W2C,2,13.0584,0.0,0,18.35,0.024
918,N2C,5,4.8044,45.0,3,49.87,0.2088
918,S2C,5,4.377,42.0,3,54.74,0.213
918,E2C,2,13.3762,0.0,0,17.91,0.0194
918,W2C,2,12.8419,0.0,0,18.66,0.0271
919,N2C,6,5.4168,48.0,3,44.23,0.208
919,S2C,6,5.2819,45.0,3,45.36,0.2079
919,E2C,2,13.2614,0.0,0,18.07,0.0211
919,W2C,2,12.7483,0.0,0,18.79,0.0284
920,N2C,6,4.7603,51.0,3,50.33,0.2195
920,S2C,6,4.459,48.0,3,53.73,0.2218
920,E2C,2,13.0518,0.0,0,18.36,0.0241
920,W2C,2,12.7458,0.0,0,18.8,0.0285
921,N2C,6,4.3636,54.0,3,54.91,0.2272
921,S2C,6,4.4727,51.0,3,53.57,0.2236
921,E2C,2,13.0531,0.0,0,18.36,0.0241
921,W2C,2,12.4196,0.0,0,19.29,0.0332
922,N2C,6,4.5683,57.0,3,52.45,0.2262
922,S2C,6,4.3355,55.0,4,55.26,0.2342
922,E2C,2,13.0268,0.0,0,18.39,0.0244
922,W2C,2,12.4237,0.0,0,19.29,0.0331
923,N2C,6,4.4571,61.0,4,53.76,0.2365
923,S2C,6,4.4023,59.0,4,54.43,0.2359
923,E2C,2,13.0511,0.0,0,18.36,0.0241
923,W2C,2,12.1573,0.0,0,19.71,0.0369
924,N2C,6,4.4889,65.0,4,53.38,0.2387
924,S2C,6,4.2198,63.0,4,56.78,0.2412
924,E2C,2,13.0227,0.0,0,18.4,0.0245
924,W2C,2,12.0945,0.0,0,19.81,0.0379
925,N2C,4,6.777,16.0,2,35.36,0.1491
925,S2C,4,6.6099,17.0,2,36.25,0.1522
925,E2C,2,13.1285,0.0,0,18.25,0.023
925,W2C,2,12.6627,0.0,0,18.92,0.0297
926,N2C,4,6.4167,0.0,0,37.34,0.1316
926,S2C,4,7.2619,0.0,0,32.99,0.1194
926,E2C,2,12.9562,0.0,0,18.49,0.0254
926,W2C,2,12.0013,0.0,0,19.96,0.0392
927,N2C,4,6.5292,0.0,0,36.7,0.13
927,S2C,4,7.743,0.0,0,30.94,0.1125
927,E2C,2,13.4503,0.0,0,17.81,0.0183
927,W2C,2,11.9738,0.0,0,20.01,0.0396
928,N2C,3,10.5476,0.0,0,22.72,0.0661
928,S2C,3,10.8248,0.0,0,22.13,0.0621
928,E2C,3,11.8081,0.0,0,20.29,0.048
928,W2C,3,12.9297,0.0,0,18.53,0.0318
929,N2C,3,10.0731,0.0,0,23.79,0.073
929,S2C,3,10.1707,0.0,0,23.56,0.0716
929,E2C,3,10.4885,0.0,0,22.84,0.067
929,W2C,3,12.6357,0.0,0,18.96,0.0361
930,N2C,3,11.3514,0.0,0,21.11,0.0546
930,S2C,2,11.6446,0.0,0,20.58,0.0443
930,E2C,3,9.2928,0.0,0,25.78,0.0842
930,W2C,3,11.6553,0.0,0,20.56,0.0502
931,N2C,2,12.8764,0.0,0,18.61,0.0266
931,S2C,2,11.7325,0.0,0,20.42,0.0431
931,E2C,3,9.1511,0.0,0,26.18,0.0862
931,W2C,3,10.7836,0.0,0,22.22,0.0627
932,N2C,2,13.0521,0.0,0,18.36,0.0241
932,S2C,2,11.7464,0.0,0,20.4,0.0429
932,E2C,3,8.8927,0.0,0,26.94,0.09
932,W2C,3,9.0602,0.0,0,26.45,0.0875
933,N2C,2,13.241,0.0,0,18.1,0.0213
933,S2C,2,12.0468,0.0,0,19.89,0.0385
933,E2C,3,8.8411,1.0,1,27.1,0.0974
933,W2C,3,9.0318,0.0,0,26.53,0.088
934,N2C,2,13.4488,0.0,0,17.82,0.0184
934,S2C,2,12.0545,0.0,0,19.88,0.0384
934,E2C,3,8.6743,2.0,1,27.62,0.1004
934,W2C,3,9.0219,1.0,1,26.56,0.0948
935,N2C,2,12.7988,0.0,0,18.72,0.0277
935,S2C,2,11.4018,0.0,0,21.01,0.0478
935,E2C,3,8.8808,3.0,1,26.98,0.0981
935,W2C,3,8.9332,2.0,1,26.82,0.0967
936,N2C,2,13.1141,0.0,0,18.27,0.0232
936,S2C,2,12.4153,0.0,0,19.3,0.0332
936,E2C,3,8.41,4.0,1,28.49,0.1056
936,W2C,3,8.6886,3.0,1,27.58,0.1009
937,N2C,2,13.0324,0.0,0,18.38,0.0243
937,S2C,2,11.9467,0.0,0,20.06,0.04
937,E2C,4,8.2404,5.0,1,29.08,0.1147
937,W2C,4,8.6614,4.0,1,27.66,0.108
938,N2C,2,12.8935,0.0,0,18.58,0.0263
938,S2C,2,11.7463,0.0,0,20.4,0.0429
938,E2C,4,6.9941,6.0,1,34.26,0.1333
938,W2C,4,7.5161,5.0,1,31.88,0.1251
939,N2C,2,13.0745,0.0,0,18.33,0.0237
939,S2C,2,12.0682,0.0,0,19.85,0.0382
939,E2C,4,6.5757,7.0,1,36.44,0.14
939,W2C,4,6.8201,6.0,1,35.13,0.1358
940,N2C,2,13.1101,0.0,0,18.28,0.0232
940,S2C,2,11.6203,0.0,0,20.62,0.0447
940,E2C,4,6.5322,9.0,2,36.68,0.1479
940,W2C,4,6.8292,8.0,2,35.08,0.143
941,N2C,2,12.9802,0.0,0,18.46,0.0251
941,S2C,2,11.9133,0.0,0,20.11,0.0405
941,E2C,4,6.1981,11.0,2,38.66,0.1541
941,W2C,4,6.5992,10.0,2,36.31,0.1476
942,N2C,2,13.2342,0.0,0,18.1,0.0214
942,S2C,2,11.3914,0.0,0,21.03,0.048
942,E2C,4,6.2814,13.0,2,38.14,0.1542
942,W2C,4,6.5599,12.0,2,36.52,0.1495
943,N2C,2,12.6663,0.0,0,18.92,0.0296
943,S2C,2,11.4542,0.0,0,20.92,0.0471
943,E2C,4,6.1466,15.0,2,38.98,0.1575
943,W2C,4,6.4231,14.0,2,37.3,0.1528
944,N2C,2,12.8566,0.0,0,18.64,0.0269
944,S2C,2,11.4901,0.0,0,20.85,0.0466
944,E2C,4,6.4685,17.0,2,37.04,0.1542
944,W2C,4,6.3742,16.0,2,37.59,0.1549
945,N2C,2,13.2565,0.0,0,18.07,0.0211
945,S2C,2,11.8739,0.0,0,20.18,0.041
945,E2C,4,5.4266,19.0,2,44.15,0.1705
945,W2C,4,5.4863,18.0,2,43.67,0.169
946,N2C,3,12.99,0.0,0,18.44,0.031
946,S2C,3,12.54,0.0,0,19.11,0.0374
946,E2C,5,6.074,21.0,2,39.45,0.1685
946,W2C,5,6.3479,20.0,2,37.74,0.1639
947,N2C,2,13.3117,0.0,0,18.0,0.0203
947,S2C,3,12.6097,0.0,0,19.0,0.0364
947,E2C,5,5.048,23.0,2,47.46,0.1846
947,W2C,5,5.1484,23.0,3,46.54,0.1892
948,N2C,2,13.1615,0.0,0,18.2,0.0225
948,S2C,3,12.3842,0.0,0,19.35,0.0397
948,E2C,5,4.9763,25.0,2,48.15,0.187
948,W2C,5,5.232,26.0,3,45.79,0.19
949,N2C,2,13.2551,0.0,0,18.08,0.0211
949,S2C,3,12.1058,0.0,0,19.79,0.0437
949,E2C,5,5.2611,28.0,3,45.54,0.1909
949,W2C,5,5.1235,29.0,3,46.77,0.1936
950,N2C,2,13.0241,0.0,0,18.4,0.0245
950,S2C,3,12.4548,0.0,0,19.24,0.0387
950,E2C,5,5.0855,31.0,3,47.11,0.1954
950,W2C,5,5.1638,32.0,3,46.4,0.195
951,N2C,2,13.178,0.0,0,18.18,0.0223
951,S2C,2,13.3132,0.0,0,18.0,0.0203
951,E2C,5,5.0678,34.0,3,47.28,0.1977
951,W2C,5,5.36,35.0,3,44.7,0.1942
952,N2C,2,13.1807,0.0,0,18.18,0.0222
952,S2C,2,12.9831,0.0,0,18.45,0.0251
952,E2C,5,4.9861,37.0,3,48.05,0.2009
952,W2C,5,5.3194,38.0,3,45.04,0.1967
953,N2C,2,13.4099,0.0,0,17.87,0.0189
953,S2C,2,13.4399,0.0,0,17.83,0.0185
953,E2C,5,4.9664,40.0,3,48.24,0.2032
953,W2C,5,5.4191,41.0,3,44.21,0.1973
954,N2C,2,13.2554,0.0,0,18.08,0.0211
954,S2C,2,12.9533,0.0,0,18.5,0.0255
954,E2C,5,5.0459,43.0,3,47.48,0.204
954,W2C,5,4.6952,44.0,3,51.03,0.2097
955,N2C,2,13.2483,0.0,0,18.09,0.0212
955,S2C,3,11.3101,0.0,0,21.18,0.0551
955,E2C,6,6.2638,46.0,3,38.25,0.1945
955,W2C,6,5.3698,47.0,3,44.62,0.208
956,N2C,2,12.3984,0.0,0,19.33,0.0335
956,S2C,3,9.8089,0.0,0,24.43,0.0768
956,E2C,6,5.363,49.0,3,44.68,0.2094
956,W2C,6,4.5368,50.0,3,52.81,0.222
957,N2C,2,12.3794,0.0,0,19.35,0.0338
957,S2C,3,8.2133,1.0,1,29.17,0.1064
957,E2C,6,4.8554,52.0,3,49.35,0.2188
957,W2C,6,4.6128,53.0,3,51.94,0.2229
958,N2C,2,12.725,0.0,0,18.83,0.0288
958,S2C,3,8.3475,2.0,1,28.7,0.1051
958,E2C,4,6.4889,10.0,1,36.92,0.1432
958,W2C,4,6.519,12.0,1,36.75,0.1441
959,N2C,2,12.8041,0.0,0,18.71,0.0276
959,S2C,3,8.4614,3.0,1,28.32,0.1042
959,E2C,4,7.3886,0.0,0,32.43,0.1176
959,W2C,4,7.2841,0.0,0,32.89,0.1191
960,N2C,2,12.6414,0.0,0,18.95,0.03
960,S2C,3,8.1083,4.0,1,29.55,0.1099
960,E2C,4,8.1062,0.0,0,29.56,0.1073
960,W2C,4,8.3735,0.0,0,28.61,0.1034
961,N2C,2,12.8552,0.0,0,18.64,0.0269
961,S2C,3,8.3924,5.0,1,28.55,0.1065
961,E2C,2,13.285,0.0,0,18.04,0.0207
961,W2C,2,13.0666,0.0,0,18.34,0.0239
962,N2C,2,12.3229,0.0,0,19.44,0.0346
962,S2C,3,8.1266,6.0,1,29.48,0.111
962,E2C,2,12.7842,0.0,0,18.74,0.0279
962,W2C,2,13.4147,0.0,0,17.86,0.0188
963,N2C,2,12.9804,0.0,0,18.46,0.0251
963,S2C,3,7.7756,7.0,1,30.81,0.1167
963,E2C,2,12.9458,0.0,0,18.51,0.0256
963,W2C,2,13.0525,0.0,0,18.36,0.0241
964,N2C,3,12.6176,0.0,0,18.99,0.0363
964,S2C,4,8.0501,8.0,1,29.76,0.1194
964,E2C,3,13.0402,0.0,0,18.37,0.0302
964,W2C,2,12.5654,0.0,0,19.07,0.0311
965,N2C,3,11.5173,0.0,0,20.8,0.0522
965,S2C,4,6.8798,9.0,1,34.83,0.1369
965,E2C,2,12.8998,0.0,0,18.57,0.0263
965,W2C,2,11.8352,0.0,0,20.24,0.0416
966,N2C,3,9.501,0.0,0,25.22,0.0812
966,S2C,4,6.2984,10.0,1,38.04,0.146
966,E2C,2,13.0493,0.0,0,18.36,0.0241
966,W2C,2,12.1778,0.0,0,19.68,0.0367
967,N2C,3,8.6441,0.0,0,27.72,0.0935
967,S2C,4,6.2011,12.0,2,38.64,0.1547
967,E2C,2,13.2716,0.0,0,18.05,0.0209
967,W2C,2,11.8055,0.0,0,20.3,0.042
968,N2C,3,8.637,1.0,1,27.74,0.1003
968,S2C,4,6.2989,14.0,2,38.04,0.1546
968,E2C,2,13.1005,0.0,0,18.29,0.0234
968,W2C,2,12.1058,0.0,0,19.79,0.0377
969,N2C,3,8.6898,2.0,1,27.57,0.1002
969,S2C,4,6.1668,16.0,2,38.85,0.1579
969,E2C,2,13.7776,0.0,0,17.39,0.0136
969,W2C,2,12.3807,0.0,0,19.35,0.0337
970,N2C,3,8.6999,3.0,1,27.54,0.1007
970,S2C,4,6.107,18.0,2,39.23,0.1601
970,E2C,2,13.6647,0.0,0,17.53,0.0152
970,W2C,2,12.405,0.0,0,19.31,0.0334
971,N2C,3,8.7917,4.0,1,27.25,0.1001
971,S2C,4,6.0679,20.0,2,39.49,0.162
971,E2C,2,13.6616,0.0,0,17.54,0.0153
971,W2C,2,12.6878,0.0,0,18.88,0.0293
972,N2C,3,8.6038,5.0,1,27.85,0.1034
972,S2C,4,6.3462,22.0,2,37.75,0.1593
972,E2C,2,13.2427,0.0,0,18.09,0.0213
972,W2C,2,12.7574,0.0,0,18.78,0.0283
973,N2C,4,8.7747,6.0,1,27.31,0.1077
973,S2C,5,7.7402,24.0,2,30.96,0.1466
973,E2C,2,11.75,0.0,0,20.39,0.0428
973,W2C,2,12.2267,0.0,0,19.6,0.0359
974,N2C,4,7.49,7.0,1,31.99,0.1268
974,S2C,5,7.3195,26.0,2,32.73,0.1539
974,E2C,2,11.4407,0.0,0,20.94,0.0473
974,W2C,2,12.3658,0.0,0,19.38,0.0339
975,N2C,4,6.668,8.0,1,35.93,0.1393
975,S2C,5,6.5244,28.0,2,36.72,0.1667
975,E2C,2,11.447,0.0,0,20.93,0.0472
975,W2C,2,12.2692,0.0,0,19.53,0.0353
976,N2C,4,6.4658,10.0,2,37.06,0.1496
976,S2C,5,5.5195,30.0,2,43.41,0.1825
976,E2C,2,11.5953,0.0,0,20.66,0.045
976,W2C,2,12.2072,0.0,0,19.63,0.0362
977,N2C,4,6.7201,12.0,2,35.65,0.1472
977,S2C,5,5.4706,32.0,2,43.8,0.1846
977,E2C,2,11.5738,0.0,0,20.7,0.0454
977,W2C,2,12.4845,0.0,0,19.19,0.0322
978,N2C,4,6.6592,14.0,2,35.98,0.1494
978,S2C,5,5.1523,35.0,3,46.5,0.1971
978,E2C,2,11.4212,0.0,0,20.98,0.0475
978,W2C,2,11.9712,0.0,0,20.01,0.0396
979,N2C,4,6.5553,16.0,2,36.55,0.1523
979,S2C,5,5.4346,38.0,3,44.09,0.1951
979,E2C,2,11.8128,0.0,0,20.28,0.0419
979,W2C,2,11.9109,0.0,0,20.12,0.0405
980,N2C,4,6.4084,18.0,2,37.39,0.1557
980,S2C,5,5.3649,41.0,3,44.66,0.1981
980,E2C,2,12.3449,0.0,0,19.41,0.0342
980,W2C,2,12.2417,0.0,0,19.57,0.0357
981,N2C,4,5.9657,20.0,2,40.16,0.1634
981,S2C,5,4.528,44.0,3,52.92,0.2121
981,E2C,2,12.0044,0.0,0,19.96,0.0392
981,W2C,2,12.3735,0.0,0,19.36,0.0338
982,N2C,5,6.4041,22.0,2,37.41,0.1645
982,S2C,6,5.2548,47.0,3,45.6,0.2097
982,E2C,2,12.0767,0.0,0,19.84,0.0381
982,W2C,3,12.227,0.0,0,19.6,0.0419
983,N2C,5,5.5582,24.0,2,43.11,0.178
983,S2C,6,4.4689,50.0,3,53.62,0.223
983,E2C,2,11.0933,0.0,0,21.6,0.0523
983,W2C,3,12.0904,0.0,0,19.82,0.0439
984,N2C,5,5.0813,26.0,2,47.15,0.1862
984,S2C,6,4.4583,53.0,3,53.74,0.2251
984,E2C,2,11.6064,0.0,0,20.64,0.0449
984,W2C,3,12.1294,0.0,0,19.75,0.0434
985,N2C,5,5.0323,28.0,2,47.61,0.1882
985,S2C,6,4.4744,57.0,4,53.55,0.2336
985,E2C,2,11.2211,0.0,0,21.35,0.0504
985,W2C,3,11.9141,0.0,0,20.11,0.0465
986,N2C,5,4.9633,31.0,3,48.27,0.1972
986,S2C,6,4.3209,61.0,4,55.45,0.2384
986,E2C,2,11.4255,0.0,0,20.97,0.0475
986,W2C,2,12.943,0.0,0,18.51,0.0256
987,N2C,5,5.0397,34.0,3,47.54,0.1981
987,S2C,6,4.349,65.0,4,55.09,0.2407
987,E2C,2,11.3514,0.0,0,21.11,0.0486
987,W2C,2,13.2813,0.0,0,18.04,0.0208
988,N2C,5,4.9316,37.0,3,48.59,0.2017
988,S2C,6,4.4692,69.0,4,53.61,0.2416
988,E2C,2,11.7569,0.0,0,20.38,0.0427
988,W2C,2,13.1702,0.0,0,18.19,0.0224
989,N2C,5,4.6513,40.0,3,51.51,0.2077
989,S2C,6,4.1574,73.0,4,57.63,0.2488
989,E2C,2,11.6468,0.0,0,20.57,0.0443
989,W2C,2,12.567,0.0,0,19.07,0.031
990,N2C,5,4.1638,43.0,3,57.54,0.2167
990,S2C,6,3.4765,77.0,4,68.92,0.2613
990,E2C,2,11.5025,0.0,0,20.83,0.0464
990,W2C,2,11.9369,0.0,0,20.07,0.0401
991,N2C,4,7.1775,6.0,1,33.38,0.1307
991,S2C,5,5.9901,21.0,2,40.0,0.1697
991,E2C,3,12.2923,0.0,0,19.49,0.041
991,W2C,3,10.8524,0.0,0,22.08,0.0617
992,N2C,4,7.0861,0.0,0,33.81,0.122
992,S2C,5,5.6662,0.0,0,42.29,0.1484
992,E2C,3,12.3746,0.0,0,19.36,0.0398
992,W2C,3,9.5221,0.0,0,25.16,0.0809
993,N2C,4,7.9422,0.0,0,30.17,0.1096
993,S2C,5,6.4425,0.0,0,37.19,0.1372
993,E2C,3,12.2815,0.0,0,19.51,0.0412
993,W2C,3,8.4242,0.0,0,28.44,0.0967
994,N2C,2,11.2765,0.0,0,21.25,0.0496
994,S2C,3,9.2912,0.0,0,25.79,0.0842
994,E2C,3,12.0654,0.0,0,19.86,0.0443
994,W2C,3,8.7927,1.0,1,27.25,0.0981
995,N2C,2,11.6165,0.0,0,20.63,0.0447
995,S2C,3,10.2655,0.0,0,23.34,0.0702
995,E2C,3,12.0972,0.0,0,19.81,0.0438
995,W2C,3,8.7813,2.0,1,27.29,0.0989
996,N2C,2,12.2432,0.0,0,19.57,0.0357
996,S2C,3,10.7518,0.0,0,22.28,0.0632
996,E2C,3,11.9566,0.0,0,20.04,0.0458
996,W2C,3,8.6728,3.0,1,27.63,0.1011
997,N2C,2,11.8896,0.0,0,20.15,0.0408
997,S2C,2,12.4828,0.0,0,19.19,0.0323
997,E2C,3,10.462,0.0,0,22.9,0.0674
997,W2C,3,8.4309,4.0,1,28.42,0.1053
998,N2C,2,12.0635,0.0,0,19.86,0.0383
998,S2C,2,12.6812,0.0,0,18.89,0.0294
998,E2C,3,9.4874,0.0,0,25.25,0.0814
998,W2C,3,8.4788,5.0,1,28.26,0.1052
999,N2C,2,11.6698,0.0,0,20.53,0.044
999,S2C,2,12.7358,0.0,0,18.81,0.0286
999,E2C,3,7.999,0.0,0,29.95,0.1028
999,W2C,3,8.4225,6.0,1,28.45,0.1067
1000,N2C,3,12.265,0.0,0,19.54,0.0414
1000,S2C,2,13.069,0.0,0,18.33,0.0238
1000,E2C,4,8.6302,0.0,0,27.76,0.0997
1000,W2C,4,9.5493,7.0,1,25.09,0.0972
1001,N2C,3,12.1374,0.0,0,19.74,0.0432
1001,S2C,2,12.4676,0.0,0,19.22,0.0325
1001,E2C,4,7.6688,1.0,1,31.24,0.1202
1001,W2C,4,8.7181,8.0,1,27.48,0.1098
1002,N2C,3,12.5241,0.0,0,19.13,0.0377
1002,S2C,2,12.047,0.0,0,19.89,0.0385
1002,E2C,4,6.6444,3.0,2,36.06,0.1423
1002,W2C,4,7.6222,9.0,1,31.43,0.1262
1003,N2C,2,12.7392,0.0,0,18.81,0.0286
1003,S2C,2,12.9028,0.0,0,18.57,0.0262
1003,E2C,4,6.3978,5.0,2,37.45,0.1472
1003,W2C,4,6.8473,10.0,1,34.99,0.1381
1004,N2C,2,12.9393,0.0,0,18.52,0.0257
1004,S2C,2,12.9955,0.0,0,18.44,0.0249
1004,E2C,4,6.3905,7.0,2,37.49,0.1487
1004,W2C,4,6.5736,12.0,2,36.45,0.1493
1005,N2C,2,12.8007,0.0,0,18.72,0.0277
1005,S2C,2,12.8731,0.0,0,18.61,0.0266
1005,E2C,4,6.4655,9.0,2,37.06,0.1489
1005,W2C,4,6.427,14.0,2,37.28,0.1528
1006,N2C,2,12.8226,0.0,0,18.69,0.0274
1006,S2C,2,13.0451,0.0,0,18.37,0.0242
1006,E2C,4,6.3459,11.0,2,37.76,0.152
1006,W2C,4,6.5482,16.0,2,36.59,0.1524
1007,N2C,2,12.7758,0.0,0,18.75,0.028
1007,S2C,2,13.1397,0.0,0,18.23,0.0228
1007,E2C,4,6.6802,13.0,2,35.87,0.1485
1007,W2C,4,6.4659,18.0,2,37.06,0.1549
1008,N2C,2,12.6362,0.0,0,18.96,0.0301
1008,S2C,2,13.3485,0.0,0,17.95,0.0198
1008,E2C,4,5.8478,15.0,2,40.97,0.1618
1008,W2C,4,5.3827,20.0,2,44.51,0.1718
1009,N2C,3,12.0673,0.0,0,19.86,0.0442
1009,S2C,3,12.6707,0.0,0,18.91,0.0356
1009,E2C,5,6.5869,17.0,2,36.37,0.1585
1009,W2C,5,6.0402,22.0,2,39.67,0.1697
1010,N2C,3,12.3347,0.0,0,19.42,0.0404
1010,S2C,3,12.6226,0.0,0,18.98,0.0362
1010,E2C,5,5.3407,19.0,2,44.86,0.1778
1010,W2C,5,5.144,24.0,2,46.58,0.1839
1011,N2C,2,11.618,0.0,0,20.62,0.0447
1011,S2C,2,13.1694,0.0,0,18.19,0.0224
1011,E2C,5,5.4258,21.0,2,44.16,0.1779
1011,W2C,5,4.7973,27.0,3,49.94,0.1969
1012,N2C,2,12.5237,0.0,0,19.13,0.0317
1012,S2C,2,13.1044,0.0,0,18.28,0.0233
1012,E2C,5,5.2026,24.0,3,46.05,0.1891
1012,W2C,5,4.9872,30.0,3,48.04,0.1962
1013,N2C,2,11.864,0.0,0,20.2,0.0412
1013,S2C,2,13.3309,0.0,0,17.97,0.0201
1013,E2C,5,5.2986,27.0,3,45.22,0.1897
1013,W2C,5,4.9611,33.0,3,48.3,0.1986
1014,N2C,2,12.0816,0.0,0,19.83,0.038
1014,S2C,2,13.5274,0.0,0,17.71,0.0172
1014,E2C,5,5.34,30.0,3,44.87,0.1911
1014,W2C,5,5.0234,36.0,3,47.7,0.1997
1015,N2C,2,11.692,0.0,0,20.49,0.0436
1015,S2C,2,13.0373,0.0,0,18.38,0.0243
1015,E2C,5,5.0832,33.0,3,47.14,0.1968
1015,W2C,5,4.9071,39.0,3,48.83,0.2033
1016,N2C,2,11.7417,0.0,0,20.41,0.0429
1016,S2C,2,12.8097,0.0,0,18.7,0.0276
1016,E2C,5,5.1931,36.0,3,46.14,0.1972
1016,W2C,5,4.944,42.0,3,48.46,0.2048
1017,N2C,2,12.3572,0.0,0,19.39,0.0341
1017,S2C,2,13.1918,0.0,0,18.16,0.0221
1017,E2C,5,4.6691,39.0,3,51.32,0.2068
1017,W2C,5,4.1403,45.0,3,57.87,0.2184
1018,N2C,3,12.428,0.0,0,19.28,0.0391
1018,S2C,3,13.0818,0.0,0,18.32,0.0296
1018,E2C,6,5.1039,42.0,3,46.94,0.2085
1018,W2C,6,4.9123,48.0,3,48.78,0.2153
1019,N2C,2,12.747,0.0,0,18.8,0.0285
1019,S2C,2,13.2288,0.0,0,18.11,0.0215
1019,E2C,6,4.503,45.0,3,53.21,0.2192
1019,W2C,6,4.2404,51.0,3,56.5,0.2269
1020,N2C,2,12.7112,0.0,0,18.85,0.029
1020,S2C,2,13.6308,0.0,0,17.58,0.0157
1020,E2C,6,4.1909,48.0,3,57.17,0.2257
1020,W2C,6,3.8727,54.0,3,61.87,0.2342
1021,N2C,2,12.7426,0.0,0,18.8,0.0285
1021,S2C,2,12.9638,0.0,0,18.48,0.0253
1021,E2C,6,4.0826,52.0,4,58.69,0.2359
1021,W2C,6,4.0836,57.0,3,58.67,0.2332
1022,N2C,2,12.6049,0.0,0,19.01,0.0305
1022,S2C,2,12.926,0.0,0,18.54,0.0259
1022,E2C,6,4.0618,56.0,4,58.99,0.2388
1022,W2C,6,3.8906,61.0,4,61.58,0.2446
1023,N2C,2,12.65,0.0,0,18.94,0.0299
1023,S2C,2,13.3311,0.0,0,17.97,0.02
1023,E2C,6,4.0125,60.0,4,59.71,0.2422
1023,W2C,6,3.719,65.0,4,64.43,0.2498
1024,N2C,2,12.8643,0.0,0,18.63,0.0268
1024,S2C,2,13.4283,0.0,0,17.84,0.0186
1024,E2C,4,6.0664,17.0,2,39.5,0.16
1024,W2C,4,5.7181,17.0,2,41.9,0.165
1025,N2C,2,12.6167,0.0,0,18.99,0.0303
1025,S2C,2,13.5809,0.0,0,17.64,0.0165
1025,E2C,4,6.3449,0.0,0,37.76,0.1326
1025,W2C,4,6.4022,0.0,0,37.42,0.1318
1026,N2C,2,12.9435,0.0,0,18.51,0.0256
1026,S2C,2,12.7533,0.0,0,18.79,0.0284
1026,E2C,4,5.9404,0.0,0,40.33,0.1385
1026,W2C,4,6.9845,0.0,0,34.3,0.1234
1027,N2C,3,12.7318,0.0,0,18.82,0.0347
1027,S2C,3,11.2987,0.0,0,21.21,0.0553
1027,E2C,3,9.4432,0.0,0,25.37,0.082
1027,W2C,5,8.4793,0.0,0,28.26,0.1079
1028,N2C,3,12.2062,0.0,0,19.63,0.0422
1028,S2C,3,9.9822,0.0,0,24.0,0.0743
1028,E2C,3,8.6884,0.0,0,27.58,0.0929
1028,W2C,3,10.2031,0.0,0,23.48,0.0711
1029,N2C,3,11.7366,0.0,0,20.41,0.049
1029,S2C,3,9.0026,0.0,0,26.61,0.0884
1029,E2C,3,9.1241,0.0,0,26.26,0.0866
1029,W2C,3,10.0801,0.0,0,23.77,0.0729
1030,N2C,3,10.8455,0.0,0,22.09,0.0618
1030,S2C,3,8.5709,0.0,0,27.96,0.0946
1030,E2C,2,11.7539,0.0,0,20.38,0.0428
1030,W2C,2,11.0769,0.0,0,21.63,0.0525
1031,N2C,3,9.1978,0.0,0,26.05,0.0856
1031,S2C,3,8.5089,1.0,1,28.16,0.1021
1031,E2C,2,12.0733,0.0,0,19.85,0.0382
1031,W2C,2,10.5186,0.0,0,22.78,0.0605
1032,N2C,3,8.738,0.0,0,27.42,0.0922
1032,S2C,3,8.9209,2.0,1,26.86,0.0969
1032,E2C,2,11.9795,0.0,0,20.0,0.0395
1032,W2C,2,10.711,0.0,0,22.37,0.0578
1033,N2C,3,8.7885,1.0,1,27.26,0.0981
1033,S2C,3,9.0441,3.0,1,26.49,0.0958
1033,E2C,2,12.0894,0.0,0,19.82,0.0379
1033,W2C,2,10.8035,0.0,0,22.18,0.0564
1034,N2C,3,9.1064,2.0,1,26.31,0.0942
1034,S2C,3,8.6374,4.0,1,27.74,0.1023
1034,E2C,2,12.0083,0.0,0,19.95,0.0391
1034,W2C,2,11.9261,0.0,0,20.09,0.0403
1035,N2C,3,8.2699,3.0,1,28.97,0.1069
1035,S2C,3,8.3046,5.0,1,28.85,0.1078
1035,E2C,2,11.7923,0.0,0,20.32,0.0422
1035,W2C,2,11.8952,0.0,0,20.14,0.0407
1036,N2C,4,9.1017,4.0,1,26.32,0.1016
1036,S2C,4,8.3006,6.0,1,28.87,0.1145
1036,E2C,3,12.0501,0.0,0,19.88,0.0445
1036,W2C,3,11.7921,0.0,0,20.32,0.0482
1037,N2C,4,8.0964,5.0,1,29.59,0.1168
1037,S2C,4,7.0484,7.0,1,33.99,0.1332
1037,E2C,3,12.1229,0.0,0,19.76,0.0434
1037,W2C,3,11.7435,0.0,0,20.4,0.0489
1038,N2C,4,6.8757,6.0,1,34.85,0.135
1038,S2C,4,6.4824,8.0,1,36.96,0.142
1038,E2C,3,11.6144,0.0,0,20.63,0.0508
1038,W2C,3,11.3871,0.0,0,21.04,0.054
1039,N2C,4,6.8784,7.0,1,34.83,0.1356
1039,S2C,4,6.4949,9.0,1,36.89,0.1425
1039,E2C,2,11.6215,0.0,0,20.62,0.0447
1039,W2C,2,11.7964,0.0,0,20.31,0.0421
1040,N2C,4,6.5976,9.0,2,36.32,0.147
1040,S2C,4,6.1915,10.0,1,38.7,0.1475
1040,E2C,2,11.9578,0.0,0,20.04,0.0398
1040,W2C,2,11.4451,0.0,0,20.93,0.0472
1041,N2C,4,6.8299,11.0,2,35.08,0.145
1041,S2C,4,6.4165,12.0,2,37.34,0.1516
1041,E2C,2,11.5262,0.0,0,20.79,0.046
1041,W2C,2,12.0106,0.0,0,19.95,0.0391
1042,N2C,4,6.4306,13.0,2,37.26,0.1521
1042,S2C,4,6.3552,14.0,2,37.7,0.1538
1042,E2C,2,11.7221,0.0,0,20.44,0.0432
1042,W2C,2,11.7259,0.0,0,20.43,0.0432
1043,N2C,4,6.5433,15.0,2,36.62,0.1518
1043,S2C,4,6.2746,16.0,2,38.19,0.1563
1043,E2C,2,12.0951,0.0,0,19.81,0.0378
1043,W2C,2,11.5769,0.0,0,20.7,0.0453
1044,N2C,4,5.6468,17.0,2,42.43,0.166
1044,S2C,4,5.5018,18.0,2,43.55,0.1688
1044,E2C,2,11.8605,0.0,0,20.2,0.0412
1044,W2C,2,11.8342,0.0,0,20.25,0.0416
1045,N2C,5,6.4696,19.0,2,37.03,0.1615
1045,S2C,5,6.2223,20.0,2,38.51,0.1657
1045,E2C,3,12.5292,0.0,0,19.12,0.0376
1045,W2C,3,12.1352,0.0,0,19.74,0.0433
1046,N2C,5,5.3413,21.0,2,44.86,0.1791
1046,S2C,5,5.183,22.0,2,46.23,0.182
1046,E2C,3,12.2355,0.0,0,19.58,0.0418
1046,W2C,3,12.2508,0.0,0,19.56,0.0416
1047,N2C,5,5.3929,24.0,3,44.43,0.1863
1047,S2C,5,5.1394,24.0,2,46.62,0.184
1047,E2C,3,11.8856,0.0,0,20.16,0.0469
1047,W2C,3,11.9306,0.0,0,20.08,0.0462
1048,N2C,5,5.3689,27.0,3,44.63,0.1887
1048,S2C,5,5.2695,27.0,3,45.47,0.1901
1048,E2C,3,12.0127,0.0,0,19.95,0.045
1048,W2C,3,12.4364,0.0,0,19.27,0.0389
1049,N2C,5,5.1747,30.0,3,46.3,0.1935
1049,S2C,5,5.0005,30.0,3,47.92,0.196
1049,E2C,3,12.0785,0.0,0,19.84,0.0441
1049,W2C,3,11.914,0.0,0,20.11,0.0465
1050,N2C,5,5.2627,33.0,3,45.53,0.1942
1050,S2C,5,4.9838,33.0,3,48.08,0.1982
1050,E2C,2,12.8703,0.0,0,18.62,0.0267
1050,W2C,3,12.2813,0.0,0,19.51,0.0412
1051,N2C,5,5.379,36.0,3,44.54,0.1945
1051,S2C,5,5.121,36.0,3,46.79,0.1983
1051,E2C,2,13.157,0.0,0,18.21,0.0226
1051,W2C,2,13.4588,0.0,0,17.8,0.0182
1052,N2C,5,5.1614,39.0,3,46.42,0.1997
1052,S2C,5,5.2139,39.0,3,45.95,0.1989
1052,E2C,2,12.7981,0.0,0,18.72,0.0277
1052,W2C,2,13.0217,0.0,0,18.4,0.0245
1053,N2C,5,4.4652,42.0,3,53.66,0.2117
1053,S2C,5,5.1374,42.0,3,46.64,0.202
1053,E2C,2,13.4543,0.0,0,17.81,0.0183
1053,W2C,2,13.2577,0.0,0,18.07,0.0211
1054,N2C,6,5.4527,45.0,3,43.94,0.2055
1054,S2C,6,5.9867,45.0,3,40.02,0.1978
1054,E2C,2,13.2837,0.0,0,18.04,0.0207
1054,W2C,2,13.4008,0.0,0,17.88,0.019
1055,N2C,6,4.4567,48.0,3,53.76,0.2218
1055,S2C,6,5.3175,48.0,3,45.06,0.2094
1055,E2C,2,13.3336,0.0,0,17.97,0.02
1055,W2C,2,13.0512,0.0,0,18.36,0.0241
1056,N2C,6,4.4471,51.0,3,53.88,0.224
1056,S2C,6,4.5616,51.0,3,52.53,0.2223
1056,E2C,2,12.8252,0.0,0,18.68,0.0273
1056,W2C,2,12.5451,0.0,0,19.1,0.0314
1057,N2C,4,6.6158,12.0,2,36.22,0.1487
1057,S2C,4,6.3957,10.0,1,37.46,0.1446
1057,E2C,2,13.5065,0.0,0,17.74,0.0175
1057,W2C,2,13.1134,0.0,0,18.27,0.0232
1058,N2C,4,7.2527,0.0,0,33.04,0.1196
1058,S2C,4,6.565,0.0,0,36.5,0.1295
1058,E2C,2,13.4308,0.0,0,17.84,0.0186
1058,W2C,2,13.1756,0.0,0,18.19,0.0223
1059,N2C,4,8.0775,0.0,0,29.66,0.1077
1059,S2C,4,7.4748,0.0,0,32.05,0.1164
1059,E2C,2,13.2883,0.0,0,18.03,0.0207
1059,W2C,2,12.7017,0.0,0,18.86,0.0291
1060,N2C,3,9.9428,0.0,0,24.1,0.0748
1060,S2C,2,12.0866,0.0,0,19.82,0.038
1060,E2C,2,12.7146,0.0,0,18.84,0.0289
1060,W2C,2,12.4101,0.0,0,19.31,0.0333
1061,N2C,2,13.3063,0.0,0,18.01,0.0204
1061,S2C,2,12.8961,0.0,0,18.58,0.0263
1061,E2C,2,12.6249,0.0,0,18.98,0.0302
1061,W2C,2,12.5324,0.0,0,19.12,0.0315
1062,N2C,2,12.8574,0.0,0,18.64,0.0269
1062,S2C,2,12.168,0.0,0,19.69,0.0368
1062,E2C,2,12.6612,0.0,0,18.92,0.0297
1062,W2C,2,12.0922,0.0,0,19.81,0.0379
1063,N2C,2,13.3836,0.0,0,17.9,0.0193
1063,S2C,2,12.4109,0.0,0,19.31,0.0333
1063,E2C,3,11.8168,0.0,0,20.28,0.0479
1063,W2C,3,10.8993,0.0,0,21.98,0.0611
1064,N2C,2,13.2632,0.0,0,18.06,0.021
1064,S2C,2,12.0362,0.0,0,19.91,0.0387
1064,E2C,3,9.9903,0.0,0,23.98,0.0742
1064,W2C,3,9.226,0.0,0,25.97,0.0852
1065,N2C,2,13.2376,0.0,0,18.1,0.0214
1065,S2C,2,12.4473,0.0,0,19.25,0.0328
1065,E2C,3,9.6093,0.0,0,24.93,0.0796
1065,W2C,3,8.4466,0.0,0,28.37,0.0964
1066,N2C,2,12.8896,0.0,0,18.59,0.0264
1066,S2C,2,12.2873,0.0,0,19.5,0.0351
1066,E2C,3,9.2036,0.0,0,26.03,0.0855
1066,W2C,3,8.6134,1.0,1,27.82,0.1006
1067,N2C,2,13.7666,0.0,0,17.4,0.0138
1067,S2C,2,12.3225,0.0,0,19.44,0.0346
1067,E2C,3,8.9094,1.0,1,26.89,0.0964
1067,W2C,3,8.6882,2.0,1,27.58,0.1002
1068,N2C,2,13.0595,0.0,0,18.35,0.024
1068,S2C,2,12.4187,0.0,0,19.29,0.0332
1068,E2C,3,9.0316,2.0,1,26.53,0.0953
1068,W2C,3,8.2081,3.0,1,29.19,0.1078
1069,N2C,2,12.9655,0.0,0,18.48,0.0253
1069,S2C,2,12.4671,0.0,0,19.22,0.0325
1069,E2C,3,8.9157,3.0,1,26.87,0.0976
1069,W2C,3,8.3238,4.0,1,28.78,0.1068
1070,N2C,2,13.4938,0.0,0,17.76,0.0177
1070,S2C,2,12.4548,0.0,0,19.24,0.0327
1070,E2C,3,8.5539,4.0,1,28.01,0.1035
1070,W2C,3,8.0273,5.0,1,29.85,0.1117
1071,N2C,2,13.4102,0.0,0,17.87,0.0189
1071,S2C,2,11.8288,0.0,0,20.26,0.0417
1071,E2C,3,8.0821,5.0,1,29.65,0.111
1071,W2C,3,8.0797,6.0,1,29.65,0.1117
1072,N2C,2,13.1461,0.0,0,18.23,0.0227
1072,S2C,3,12.8194,0.0,0,18.69,0.0334
1072,E2C,4,7.9819,6.0,1,30.02,0.1191
1072,W2C,4,9.559,7.0,1,25.07,0.097
1073,N2C,2,12.8457,0.0,0,18.65,0.027
1073,S2C,3,12.7757,0.0,0,18.75,0.034
1073,E2C,4,6.7925,7.0,1,35.27,0.1369
1073,W2C,4,8.1159,8.0,1,29.52,0.1185
1074,N2C,2,13.2494,0.0,0,18.08,0.0212
1074,S2C,3,12.4904,0.0,0,19.18,0.0382
1074,E2C,4,6.0773,8.0,1,39.43,0.1478
1074,W2C,4,7.0811,9.0,1,33.84,0.134
1075,N2C,2,13.1033,0.0,0,18.29,0.0233
1075,S2C,2,13.2103,0.0,0,18.14,0.0218
1075,E2C,4,6.1518,10.0,2,38.95,0.1541
1075,W2C,4,6.4906,10.0,1,36.91,0.1432
1076,N2C,2,13.4472,0.0,0,17.82,0.0184
1076,S2C,2,13.446,0.0,0,17.82,0.0184
1076,E2C,4,6.3124,12.0,2,37.96,0.1531
1076,W2C,4,6.2338,11.0,1,38.44,0.1476
1077,N2C,2,13.7578,0.0,0,17.42,0.0139
1077,S2C,2,13.5161,0.0,0,17.73,0.0174
1077,E2C,4,6.151,14.0,2,38.95,0.1568
1077,W2C,4,6.2381,13.0,2,38.41,0.1548
1078,N2C,2,13.6019,0.0,0,17.62,0.0161
1078,S2C,2,13.1407,0.0,0,18.23,0.0228
1078,E2C,4,6.1331,16.0,2,39.07,0.1584
1078,W2C,4,6.0421,15.0,2,39.65,0.159
1079,N2C,2,13.5778,0.0,0,17.65,0.0165
1079,S2C,2,12.7459,0.0,0,18.8,0.0285
1079,E2C,4,6.1681,18.0,2,38.85,0.1592
1079,W2C,4,6.3748,17.0,2,37.59,0.1555
1080,N2C,2,13.2195,0.0,0,18.12,0.0217
1080,S2C,2,12.9409,0.0,0,18.51,0.0257
1080,E2C,4,5.0695,20.0,2,47.26,0.1763
1080,W2C,4,6.1423,19.0,2,39.01,0.1602
1081,N2C,2,13.2434,0.0,0,18.09,0.0213
1081,S2C,2,13.3735,0.0,0,17.92,0.0194
1081,E2C,5,6.0364,22.0,2,39.69,0.1698
1081,W2C,5,6.9536,21.0,2,34.46,0.1559
1082,N2C,2,13.0474,0.0,0,18.36,0.0241
1082,S2C,2,13.033,0.0,0,18.38,0.0243
1082,E2C,5,5.1191,24.0,2,46.81,0.1843
1082,W2C,5,5.7873,23.0,2,41.4,0.174
1083,N2C,2,13.2794,0.0,0,18.04,0.0208
1083,S2C,2,13.2878,0.0,0,18.03,0.0207
1083,E2C,5,5.0241,26.0,2,47.69,0.187
1083,W2C,5,5.278,25.0,2,45.4,0.1827
1084,N2C,2,13.0687,0.0,0,18.33,0.0238
1084,S2C,2,13.7491,0.0,0,17.43,0.014
1084,E2C,5,4.8845,28.0,2,49.05,0.1903
1084,W2C,5,5.1696,28.0,3,46.35,0.1922
1085,N2C,2,12.8259,0.0,0,18.68,0.0273
1085,S2C,2,12.998,0.0,0,18.43,0.0248
1085,E2C,5,5.0016,31.0,3,47.9,0.1966
1085,W2C,5,5.1388,31.0,3,46.63,0.1947
1086,N2C,2,12.8074,0.0,0,18.71,0.0276
1086,S2C,2,13.1432,0.0,0,18.23,0.0228
1086,E2C,5,5.1542,34.0,3,46.49,0.1965
1086,W2C,5,4.9849,34.0,3,48.07,0.1989
1087,N2C,2,13.2899,0.0,0,18.03,0.0206
1087,S2C,2,13.5913,0.0,0,17.63,0.0163
1087,E2C,5,5.1254,37.0,3,46.75,0.1989
1087,W2C,5,5.2247,37.0,3,45.86,0.1974
1088,N2C,2,12.6419,0.0,0,18.95,0.03
1088,S2C,2,13.6268,0.0,0,17.58,0.0158
1088,E2C,5,4.7753,40.0,3,50.17,0.2059
1088,W2C,5,5.2455,40.0,3,45.68,0.1991
1089,N2C,2,12.3191,0.0,0,19.45,0.0346
1089,S2C,2,12.9956,0.0,0,18.44,0.0249
1089,E2C,5,4.9715,43.0,3,48.19,0.2051
1089,W2C,5,5.3052,43.0,3,45.16,0.2003
1090,N2C,3,12.0374,0.0,0,19.9,0.0447
1090,S2C,3,11.5397,0.0,0,20.76,0.0518
1090,E2C,4,9.6488,6.0,1,24.83,0.0951
1090,W2C,4,8.9968,7.0,1,26.63,0.1051
1091,N2C,3,10.4839,0.0,0,22.85,0.067
1091,S2C,3,9.6253,0.0,0,24.89,0.0794
1091,E2C,4,10.228,0.0,0,23.43,0.0767
1091,W2C,4,8.0779,0.0,0,29.66,0.1077
1092,N2C,3,8.802,0.0,0,27.22,0.0913
1092,S2C,3,9.07,0.0,0,26.42,0.0874
1092,E2C,4,9.6907,0.0,0,24.72,0.0845
1092,W2C,4,8.6147,0.0,0,27.81,0.1
1093,N2C,3,8.8021,0.0,0,27.22,0.0913
1093,S2C,3,8.8626,1.0,1,27.04,0.0971
1093,E2C,3,11.3558,0.0,0,21.1,0.0545
1093,W2C,2,13.5869,0.0,0,17.63,0.0164
1094,N2C,3,8.7615,1.0,1,27.35,0.0985
1094,S2C,3,8.987,2.0,1,26.66,0.0959
1094,E2C,2,12.8984,0.0,0,18.58,0.0263
1094,W2C,2,13.6932,0.0,0,17.5,0.0148
1095,N2C,3,8.7985,2.0,1,27.23,0.0986
1095,S2C,3,8.6714,3.0,1,27.63,0.1011
1095,E2C,2,13.4523,0.0,0,17.81,0.0183
1095,W2C,2,13.1524,0.0,0,18.22,0.0226
1096,N2C,3,8.4123,3.0,1,28.48,0.1049
1096,S2C,3,8.4972,4.0,1,28.2,0.1043
1096,E2C,2,12.8427,0.0,0,18.66,0.0271
1096,W2C,2,13.1451,0.0,0,18.23,0.0227
1097,N2C,3,8.8799,4.0,1,26.98,0.0988
1097,S2C,3,8.727,5.0,1,27.46,0.1017
1097,E2C,2,13.0884,0.0,0,18.31,0.0235
1097,W2C,2,13.097,0.0,0,18.29,0.0234
1098,N2C,3,7.9665,5.0,1,30.08,0.1126
1098,S2C,3,8.2803,6.0,1,28.94,0.1088
1098,E2C,2,13.2557,0.0,0,18.08,0.0211
1098,W2C,2,13.164,0.0,0,18.2,0.0225
1099,N2C,4,8.3497,6.0,1,28.7,0.1138
1099,S2C,4,8.0946,7.0,1,29.6,0.1181
1099,E2C,2,13.5591,0.0,0,17.67,0.0168
1099,W2C,2,13.5353,0.0,0,17.7,0.0171
1100,N2C,4,7.1925,7.0,1,33.31,0.1311
1100,S2C,4,7.3607,8.0,1,32.55,0.1293
1100,E2C,2,13.2144,0.0,0,18.13,0.0217
1100,W2C,2,13.0805,0.0,0,18.32,0.0237
1101,N2C,4,6.6606,8.0,1,35.97,0.1394
1101,S2C,4,6.3561,9.0,1,37.7,0.1445
1101,E2C,2,13.1309,0.0,0,18.25,0.0229
1101,W2C,2,13.33,0.0,0,17.97,0.0201
1102,N2C,4,6.6407,9.0,1,36.08,0.1404
1102,S2C,4,6.2558,11.0,2,38.3,0.1533
1102,E2C,2,13.7592,0.0,0,17.41,0.0139
1102,W2C,2,13.2497,0.0,0,18.08,0.0212
1103,N2C,4,6.331,11.0,2,37.85,0.1522
1103,S2C,4,6.6136,13.0,2,36.23,0.1494
1103,E2C,2,13.8146,0.0,0,17.34,0.0131
1103,W2C,2,13.1323,0.0,0,18.25,0.0229
1104,N2C,4,6.3198,13.0,2,37.91,0.1537
1104,S2C,4,6.413,15.0,2,37.36,0.1537
1104,E2C,2,12.9247,0.0,0,18.54,0.0259
1104,W2C,2,13.614,0.0,0,17.6,0.016
1105,N2C,4,6.5656,15.0,2,36.49,0.1515
1105,S2C,4,6.576,17.0,2,36.44,0.1526
1105,E2C,2,13.3786,0.0,0,17.91,0.0194
1105,W2C,2,13.285,0.0,0,18.04,0.0207
1106,N2C,4,6.5211,17.0,2,36.74,0.1534
1106,S2C,4,6.3528,19.0,2,37.72,0.1572
1106,E2C,2,13.2435,0.0,0,18.09,0.0213
1106,W2C,2,13.3375,0.0,0,17.96,0.02
1107,N2C,4,6.1612,19.0,2,38.89,0.16
1107,S2C,4,5.5432,21.0,2,43.22,0.1702
1107,E2C,2,13.4587,0.0,0,17.8,0.0182
1107,W2C,2,13.2838,0.0,0,18.04,0.0207
1108,N2C,5,6.8902,21.0,2,34.77,0.1568
1108,S2C,5,6.5013,23.0,2,36.85,0.1637
1108,E2C,2,13.3188,0.0,0,17.99,0.0202
1108,W2C,2,12.5123,0.0,0,19.15,0.0318
1109,N2C,5,5.8325,23.0,2,41.08,0.1734
1109,S2C,5,5.2888,25.0,2,45.3,0.1825
1109,E2C,2,13.0063,0.0,0,18.42,0.0247
1109,W2C,2,12.3345,0.0,0,19.43,0.0344
1110,N2C,5,5.3676,25.0,2,44.64,0.1814
1110,S2C,5,5.1843,28.0,3,46.22,0.192
1110,E2C,2,12.9556,0.0,0,18.49,0.0255
1110,W2C,2,12.2358,0.0,0,19.58,0.0358
1111,N2C,5,5.3337,28.0,3,44.92,0.1899
1111,S2C,5,5.2491,31.0,3,45.65,0.1931
1111,E2C,2,13.0254,0.0,0,18.39,0.0244
1111,W2C,2,11.6811,0.0,0,20.51,0.0438
1112,N2C,5,5.2659,31.0,3,45.5,0.1928
1112,S2C,5,5.1039,34.0,3,46.94,0.1972
1112,E2C,2,13.1417,0.0,0,18.23,0.0228
1112,W2C,2,12.3387,0.0,0,19.42,0.0343
1113,N2C,5,5.2108,34.0,3,45.98,0.1956
1113,S2C,5,5.0078,37.0,3,47.85,0.2006
1113,E2C,2,13.3926,0.0,0,17.89,0.0192
1113,W2C,2,11.9266,0.0,0,20.09,0.0403
1114,N2C,5,5.2847,37.0,3,45.34,0.1966
1114,S2C,5,5.0672,40.0,3,47.28,0.2017
1114,E2C,2,13.4349,0.0,0,17.83,0.0186
1114,W2C,2,12.5071,0.0,0,19.16,0.0319
1115,N2C,5,5.4238,40.0,3,44.18,0.1966
1115,S2C,5,4.9969,43.0,3,47.95,0.2047
1115,E2C,2,12.771,0.0,0,18.76,0.0281
1115,W2C,2,12.3846,0.0,0,19.35,0.0337
1116,N2C,5,4.5938,43.0,3,52.16,0.2105
1116,S2C,5,5.1282,46.0,3,46.72,0.2048
1116,E2C,2,13.0749,0.0,0,18.33,0.0237
1116,W2C,2,12.472,0.0,0,19.21,0.0324
1117,N2C,6,5.4767,46.0,3,43.75,0.2058
1117,S2C,6,5.9258,49.0,3,40.43,0.2013
1117,E2C,2,13.7823,0.0,0,17.38,0.0136
1117,W2C,2,12.7716,0.0,0,18.76,0.0281
1118,N2C,6,4.5164,49.0,3,53.05,0.2216
1118,S2C,6,5.265,52.0,3,45.51,0.2129
1118,E2C,2,12.9088,0.0,0,18.56,0.0261
1118,W2C,2,12.3592,0.0,0,19.39,0.034
1119,N2C,6,4.4917,53.0,4,53.34,0.2307
1119,S2C,6,4.5078,55.0,3,53.15,0.2258
1119,E2C,2,13.6813,0.0,0,17.51,0.015
1119,W2C,2,12.5829,0.0,0,19.04,0.0308
1120,N2C,6,4.4708,57.0,4,53.59,0.2336
1120,S2C,6,4.3254,58.0,3,55.39,0.2304
1120,E2C,2,13.1624,0.0,0,18.2,0.0225
1120,W2C,2,12.104,0.0,0,19.8,0.0377
1121,N2C,6,4.3693,61.0,4,54.84,0.2378
1121,S2C,6,4.2289,61.0,3,56.66,0.2338
1121,E2C,2,13.2293,0.0,0,18.11,0.0215
1121,W2C,2,12.0367,0.0,0,19.91,0.0387
1122,N2C,6,4.313,65.0,4,55.55,0.2412
1122,S2C,6,4.1025,65.0,4,58.4,0.2443
1122,E2C,2,13.1126,0.0,0,18.27,0.0232
1122,W2C,2,12.7916,0.0,0,18.73,0.0278
1123,N2C,4,6.771,18.0,2,35.39,0.1505
1123,S2C,4,6.2319,16.0,2,38.45,0.1569
1123,E2C,2,13.6494,0.0,0,17.55,0.0155
1123,W2C,2,12.1671,0.0,0,19.69,0.0368
1124,N2C,4,6.9063,0.0,0,34.69,0.1246
1124,S2C,4,6.4406,0.0,0,37.2,0.1313
1124,E2C,2,13.6226,0.0,0,17.59,0.0158
1124,W2C,2,12.0577,0.0,0,19.87,0.0384
1125,N2C,4,6.528,0.0,0,36.7,0.13
1125,S2C,4,6.3344,0.0,0,37.83,0.1328
1125,E2C,2,12.5641,0.0,0,19.07,0.0311
1125,W2C,2,12.5853,0.0,0,19.04,0.0308
1126,N2C,3,10.7526,0.0,0,22.28,0.0632
1126,S2C,3,9.9784,0.0,0,24.01,0.0743
1126,E2C,3,11.4981,0.0,0,20.84,0.0524
1126,W2C,3,12.6347,0.0,0,18.96,0.0361
1127,N2C,3,10.4894,0.0,0,22.84,0.067
1127,S2C,3,9.9669,0.0,0,24.04,0.0745
1127,E2C,3,9.367,0.0,0,25.58,0.0831
1127,W2C,3,12.4903,0.0,0,19.18,0.0382
1128,N2C,3,10.8651,0.0,0,22.05,0.0616
1128,S2C,3,10.5052,0.0,0,22.81,0.0667
1128,E2C,3,8.4619,0.0,0,28.32,0.0962
1128,W2C,3,12.1899,0.0,0,19.66,0.0425
1129,N2C,2,12.7266,0.0,0,18.83,0.0288
1129,S2C,2,11.9509,0.0,0,20.05,0.0399
1129,E2C,3,8.3261,1.0,1,28.78,0.1048
1129,W2C,3,10.7964,0.0,0,22.19,0.0625
1130,N2C,2,12.9559,0.0,0,18.49,0.0255
1130,S2C,2,11.8941,0.0,0,20.14,0.0407
1130,E2C,3,8.5331,2.0,1,28.08,0.1025
1130,W2C,3,9.7767,0.0,0,24.51,0.0772
1131,N2C,2,13.0273,0.0,0,18.39,0.0244
1131,S2C,2,12.7032,0.0,0,18.86,0.0291
1131,E2C,3,8.4165,3.0,1,28.47,0.1048
1131,W2C,3,8.9512,0.0,0,26.77,0.0891
1132,N2C,2,13.6524,0.0,0,17.55,0.0154
1132,S2C,2,12.6316,0.0,0,18.97,0.0301
1132,E2C,3,8.3639,4.0,1,28.65,0.1062
1132,W2C,3,8.716,1.0,1,27.49,0.0992
1133,N2C,2,13.1559,0.0,0,18.21,0.0226
1133,S2C,2,12.8172,0.0,0,18.69,0.0274
1133,E2C,3,8.131,5.0,1,29.47,0.1103
1133,W2C,3,8.3986,2.0,1,28.53,0.1044
1134,N2C,2,12.8755,0.0,0,18.61,0.0266
1134,S2C,2,12.5849,0.0,0,19.04,0.0308
1134,E2C,3,7.987,6.0,1,30.0,0.113
1134,W2C,3,8.0721,3.0,1,29.68,0.1098
1135,N2C,2,13.5585,0.0,0,17.67,0.0168
1135,S2C,3,12.9049,0.0,0,18.57,0.0322
1135,E2C,4,8.4955,7.0,1,28.2,0.1123
1135,W2C,4,7.249,4.0,1,33.05,0.1283
1136,N2C,2,13.8072,0.0,0,17.35,0.0132
1136,S2C,3,12.6365,0.0,0,18.96,0.036
1136,E2C,4,7.1277,8.0,1,33.62,0.1327
1136,W2C,4,6.0748,5.0,1,39.44,0.1459
1137,N2C,2,13.0664,0.0,0,18.34,0.0239
1137,S2C,2,12.6728,0.0,0,18.91,0.0295
1137,E2C,4,6.4267,9.0,1,37.28,0.1435
1137,W2C,4,5.4848,7.0,2,43.68,0.1617
1138,N2C,2,13.2981,0.0,0,18.02,0.0205
1138,S2C,2,12.1661,0.0,0,19.69,0.0368
1138,E2C,4,6.6592,10.0,1,35.98,0.1408
1138,W2C,4,5.5876,9.0,2,42.88,0.1615
1139,N2C,2,12.9517,0.0,0,18.5,0.0255
1139,S2C,2,12.5184,0.0,0,19.14,0.0317
1139,E2C,4,6.4495,12.0,2,37.15,0.1511
1139,W2C,4,5.293,11.0,2,45.27,0.1671
1140,N2C,2,13.06,0.0,0,18.35,0.024
1140,S2C,2,12.8213,0.0,0,18.69,0.0274
1140,E2C,4,6.2679,14.0,2,38.23,0.1551
1140,W2C,4,5.3638,13.0,2,44.67,0.1674
1141,N2C,2,13.5561,0.0,0,17.67,0.0168
1141,S2C,2,12.6172,0.0,0,18.99,0.0303
1141,E2C,4,6.2948,16.0,2,38.06,0.156
1141,W2C,4,5.4341,15.0,2,44.09,0.1678
1142,N2C,2,13.662,0.0,0,17.54,0.0153
1142,S2C,2,12.7814,0.0,0,18.75,0.028
1142,E2C,4,6.1065,18.0,2,39.24,0.1601
1142,W2C,4,5.3405,17.0,2,44.86,0.1704
1143,N2C,2,13.5292,0.0,0,17.71,0.0172
1143,S2C,2,12.5181,0.0,0,19.14,0.0318
1143,E2C,4,6.466,20.0,2,37.06,0.1562
1143,W2C,4,5.0251,19.0,2,47.68,0.1763
1144,N2C,2,13.2889,0.0,0,18.03,0.0207
1144,S2C,3,13.0097,0.0,0,18.42,0.0307
1144,E2C,5,7.6691,22.0,2,31.24,0.1462
1144,W2C,5,6.0996,21.0,2,39.28,0.1682
1145,N2C,2,13.6278,0.0,0,17.58,0.0158
1145,S2C,3,12.6612,0.0,0,18.92,0.0357
1145,E2C,5,6.4665,24.0,2,37.05,0.1649
1145,W2C,5,5.1305,23.0,2,46.7,0.1835
1146,N2C,2,12.6712,0.0,0,18.91,0.0295
1146,S2C,2,13.3945,0.0,0,17.89,0.0191
1146,E2C,5,5.6189,26.0,2,42.64,0.1784
1146,W2C,5,4.6609,25.0,2,51.41,0.1916
1147,N2C,2,13.299,0.0,0,18.02,0.0205
1147,S2C,2,13.2104,0.0,0,18.14,0.0218
1147,E2C,5,5.5411,28.0,2,43.24,0.1809
1147,W2C,5,4.3563,27.0,2,55.0,0.1973
1148,N2C,2,12.9503,0.0,0,18.5,0.0255
1148,S2C,2,13.4568,0.0,0,17.81,0.0182
1148,E2C,5,5.3562,31.0,3,44.73,0.1915
1148,W2C,5,4.4494,30.0,3,53.85,0.2039
1149,N2C,2,12.9902,0.0,0,18.44,0.025
1149,S2C,2,13.1042,0.0,0,18.28,0.0233
1149,E2C,5,5.1287,34.0,3,46.72,0.1968
1149,W2C,5,4.4026,33.0,3,54.42,0.2066
1150,N2C,2,13.2549,0.0,0,18.08,0.0211
1150,S2C,2,13.3496,0.0,0,17.95,0.0198
1150,E2C,5,5.4431,37.0,3,44.02,0.1943
1150,W2C,5,4.3036,36.0,3,55.67,0.21
1151,N2C,2,13.4911,0.0,0,17.76,0.0177
1151,S2C,2,13.6376,0.0,0,17.57,0.0156
1151,E2C,5,5.1314,40.0,3,46.69,0.2008
1151,W2C,5,4.4715,39.0,3,53.58,0.2096
1152,N2C,2,13.317,0.0,0,17.99,0.0203
1152,S2C,2,13.6189,0.0,0,17.59,0.0159
1152,E2C,5,4.437,43.0,3,54.0,0.2128
1152,W2C,5,4.2528,42.0,3,56.34,0.2148
1153,N2C,2,13.5691,0.0,0,17.66,0.0166
1153,S2C,2,13.459,0.0,0,17.8,0.0182
1153,E2C,6,5.3891,46.0,3,44.46,0.2071
1153,W2C,6,5.7838,45.0,3,41.43,0.2007
1154,N2C,2,13.0782,0.0,0,18.32,0.0237
1154,S2C,2,13.2511,0.0,0,18.08,0.0212
1154,E2C,6,4.402,49.0,3,54.43,0.2233
1154,W2C,6,5.6908,48.0,3,42.1,0.2041
1155,N2C,2,12.9919,0.0,0,18.44,0.0249
1155,S2C,2,12.8744,0.0,0,18.61,0.0266
1155,E2C,6,4.4611,53.0,4,53.71,0.2311
1155,W2C,6,5.803,51.0,3,41.29,0.2044
1156,N2C,2,13.4322,0.0,0,17.84,0.0186
1156,S2C,2,13.5915,0.0,0,17.63,0.0163
1156,E2C,4,6.4844,11.0,2,36.95,0.15
1156,W2C,4,8.6682,9.0,1,27.64,0.1112
1157,N2C,2,13.7983,0.0,0,17.36,0.0133
1157,S2C,2,13.1479,0.0,0,18.22,0.0227
1157,E2C,4,7.2802,0.0,0,32.91,0.1192
1157,W2C,4,9.0361,0.0,0,26.52,0.0939
1158,N2C,2,13.1442,0.0,0,18.23,0.0227
1158,S2C,2,13.0362,0.0,0,18.38,0.0243
1158,E2C,4,8.2875,0.0,0,28.91,0.1047
1158,W2C,4,9.3305,0.0,0,25.68,0.0897
1159,N2C,2,13.1412,0.0,0,18.23,0.0228
1159,S2C,2,12.8862,0.0,0,18.59,0.0265
1159,E2C,2,13.3464,0.0,0,17.95,0.0198
1159,W2C,3,11.2929,0.0,0,21.22,0.0554
1160,N2C,2,13.0538,0.0,0,18.35,0.024
1160,S2C,2,13.2168,0.0,0,18.13,0.0217
1160,E2C,2,13.1624,0.0,0,18.2,0.0225
1160,W2C,3,11.513,0.0,0,20.81,0.0522
1161,N2C,2,12.3915,0.0,0,19.34,0.0336
1161,S2C,2,12.4242,0.0,0,19.28,0.0331
1161,E2C,2,13.46,0.0,0,17.8,0.0182
1161,W2C,3,10.9645,0.0,0,21.85,0.0601
1162,N2C,3,10.8745,0.0,0,22.03,0.0614
1162,S2C,3,11.2907,0.0,0,21.22,0.0554
1162,E2C,2,13.6877,0.0,0,17.5,0.0149
1162,W2C,2,12.8695,0.0,0,18.62,0.0267
1163,N2C,3,9.3864,0.0,0,25.53,0.0828
1163,S2C,3,10.1306,0.0,0,23.65,0.0721
1163,E2C,2,13.1493,0.0,0,18.22,0.0227
1163,W2C,2,12.5404,0.0,0,19.11,0.0314
1164,N2C,3,8.6736,0.0,0,27.62,0.0931
1164,S2C,3,8.3734,0.0,0,28.61,0.0974
1164,E2C,2,12.6697,0.0,0,18.91,0.0296
1164,W2C,2,12.8618,0.0,0,18.63,0.0268
1165,N2C,3,8.3346,0.0,0,28.75,0.098
1165,S2C,3,8.6307,0.0,0,27.76,0.0937
1165,E2C,2,13.1019,0.0,0,18.29,0.0233
1165,W2C,2,12.7191,0.0,0,18.84,0.0289
1166,N2C,3,8.2629,1.0,1,29.0,0.1057
1166,S2C,3,8.4775,1.0,1,28.26,0.1026
1166,E2C,2,12.9638,0.0,0,18.48,0.0253
1166,W2C,2,12.8614,0.0,0,18.63,0.0268
1167,N2C,3,8.7389,2.0,1,27.42,0.0995
1167,S2C,3,8.3973,2.0,1,28.53,0.1044
1167,E2C,2,13.0698,0.0,0,18.33,0.0238
1167,W2C,2,12.2423,0.0,0,19.57,0.0357
1168,N2C,3,8.5909,3.0,1,27.89,0.1023
1168,S2C,3,8.2264,3.0,1,29.13,0.1075
1168,E2C,2,12.8916,0.0,0,18.59,0.0264
1168,W2C,2,12.4472,0.0,0,19.25,0.0328
1169,N2C,3,8.6156,4.0,1,27.81,0.1026
1169,S2C,3,8.5193,4.0,1,28.12,0.104
1169,E2C,2,13.3742,0.0,0,17.92,0.0194
1169,W2C,2,12.52,0.0,0,19.14,0.0317
1170,N2C,3,7.7267,5.0,1,31.01,0.1161
1170,S2C,3,7.7261,5.0,1,31.01,0.1161
1170,E2C,2,13.0397,0.0,0,18.37,0.0242
1170,W2C,2,12.4721,0.0,0,19.21,0.0324
1171,N2C,4,8.0843,6.0,1,29.64,0.1176
1171,S2C,4,8.4018,6.0,1,28.52,0.113
1171,E2C,2,12.4496,0.0,0,19.25,0.0327
1171,W2C,3,13.0075,0.0,0,18.42,0.0307
1172,N2C,4,7.141,7.0,1,33.55,0.1318
1172,S2C,4,7.1215,7.0,1,33.64,0.1321
1172,E2C,2,12.3995,0.0,0,19.32,0.0335
1172,W2C,3,12.4526,0.0,0,19.24,0.0387
1173,N2C,4,6.491,8.0,1,36.91,0.1419
1173,S2C,4,6.3521,8.0,1,37.72,0.1439
1173,E2C,2,11.9157,0.0,0,20.11,0.0404
1173,W2C,2,12.9315,0.0,0,18.53,0.0258
1174,N2C,4,6.5393,10.0,2,36.64,0.1485
1174,S2C,4,6.4411,9.0,1,37.2,0.1433
1174,E2C,2,12.7503,0.0,0,18.79,0.0284
1174,W2C,2,13.0726,0.0,0,18.33,0.0238
1175,N2C,4,6.0608,12.0,2,39.53,0.1567
1175,S2C,4,6.4911,11.0,2,36.91,0.1499
1175,E2C,2,12.4578,0.0,0,19.23,0.0326
1175,W2C,2,12.8676,0.0,0,18.62,0.0267
1176,N2C,4,6.2506,14.0,2,38.33,0.1553
1176,S2C,4,6.5164,13.0,2,36.77,0.1508
1176,E2C,2,12.7728,0.0,0,18.76,0.0281
1176,W2C,2,12.9691,0.0,0,18.47,0.0253
1177,N2C,4,6.3714,16.0,2,37.61,0.1549
1177,S2C,4,6.5534,15.0,2,36.56,0.1516
1177,E2C,2,13.0928,0.0,0,18.3,0.0235
1177,W2C,2,13.0022,0.0,0,18.43,0.0248
1178,N2C,4,6.2918,18.0,2,38.08,0.1574
1178,S2C,4,6.1049,17.0,2,39.25,0.1594
1178,E2C,2,13.0988,0.0,0,18.29,0.0234
1178,W2C,2,13.5779,0.0,0,17.65,0.0165
1179,N2C,4,6.3481,20.0,2,37.74,0.1579
1179,S2C,4,6.3741,19.0,2,37.59,0.1569
1179,E2C,2,12.6722,0.0,0,18.91,0.0295
1179,W2C,2,13.3253,0.0,0,17.98,0.0201
1180,N2C,5,7.6657,22.0,2,31.26,0.1463
1180,S2C,5,7.4244,21.0,2,32.27,0.1491
1180,E2C,2,12.6469,0.0,0,18.95,0.0299
1180,W2C,1,13.0788,0.0,0,18.32,0.0177
1181,N2C,5,6.7861,24.0,2,35.31,0.1603
1181,S2C,5,6.7368,23.0,2,35.57,0.1603
1181,E2C,2,12.2704,0.0,0,19.53,0.0353
1181,W2C,2,13.1155,0.0,0,18.27,0.0232
1182,N2C,5,5.7684,26.0,2,41.54,0.1763
1182,S2C,5,5.6908,25.0,2,42.1,0.1767
1182,E2C,2,12.0533,0.0,0,19.88,0.0384
1182,W2C,2,13.0754,0.0,0,18.32,0.0237
1183,N2C,5,5.364,28.0,2,44.67,0.1834
1183,S2C,5,5.3729,27.0,2,44.59,0.1826
1183,E2C,2,12.4731,0.0,0,19.21,0.0324
1183,W2C,2,13.3713,0.0,0,17.92,0.0195
1184,N2C,5,5.1583,31.0,3,46.45,0.1944
1184,S2C,5,5.4144,29.0,2,44.25,0.1834
1184,E2C,2,12.039,0.0,0,19.9,0.0387
1184,W2C,2,13.2003,0.0,0,18.15,0.0219
1185,N2C,5,5.2302,34.0,3,45.81,0.1954
1185,S2C,5,5.2013,32.0,3,46.07,0.1944
1185,E2C,2,12.6424,0.0,0,18.95,0.03
1185,W2C,2,13.2675,0.0,0,18.06,0.021
1186,N2C,5,5.2681,37.0,3,45.48,0.1968
1186,S2C,5,5.3864,35.0,3,44.48,0.1938
1186,E2C,2,12.1732,0.0,0,19.68,0.0367
1186,W2C,2,13.0008,0.0,0,18.43,0.0248
1187,N2C,5,5.2586,40.0,3,45.56,0.1989
1187,S2C,5,5.2259,38.0,3,45.85,0.1981
1187,E2C,2,12.5198,0.0,0,19.14,0.0317
1187,W2C,2,13.1355,0.0,0,18.24,0.0229
1188,N2C,5,4.4497,43.0,3,53.85,0.2126
1188,S2C,5,4.2712,41.0,3,56.1,0.2138
1188,E2C,2,11.8152,0.0,0,20.28,0.0419
1188,W2C,2,13.1976,0.0,0,18.15,0.022
1189,N2C,4,7.6728,6.0,1,31.23,0.1235
1189,S2C,4,7.8647,5.0,1,30.47,0.1201
1189,E2C,3,12.5632,0.0,0,19.07,0.0371
1189,W2C,3,11.7767,0.0,0,20.35,0.0484
1190,N2C,4,7.8354,0.0,0,30.58,0.1112
1190,S2C,4,7.5043,0.0,0,31.93,0.1159
1190,E2C,3,12.2139,0.0,0,19.62,0.0421
1190,W2C,3,10.5601,0.0,0,22.69,0.0659
1191,N2C,4,8.0164,0.0,0,29.89,0.1086
1191,S2C,4,8.4207,0.0,0,28.45,0.1028
1191,E2C,3,12.3699,0.0,0,19.37,0.0399
1191,W2C,3,9.243,0.0,0,25.92,0.0849
1192,N2C,2,12.4667,0.0,0,19.22,0.0325
1192,S2C,2,12.6929,0.0,0,18.88,0.0292
1192,E2C,3,10.815,0.0,0,22.15,0.0623
1192,W2C,3,9.3259,0.0,0,25.69,0.0837
1193,N2C,2,13.14,0.0,0,18.23,0.0228
1193,S2C,2,13.6922,0.0,0,17.5,0.0148
1193,E2C,3,9.4713,0.0,0,25.3,0.0816
1193,W2C,3,8.8651,0.0,0,27.03,0.0904
1194,N2C,2,13.4959,0.0,0,17.75,0.0177
1194,S2C,2,13.4274,0.0,0,17.84,0.0187
1194,E2C,3,8.9059,1.0,1,26.9,0.0964
1194,W2C,3,8.7242,1.0,1,27.46,0.099
1195,N2C,2,12.9189,0.0,0,18.55,0.026
1195,S2C,2,13.4863,0.0,0,17.77,0.0178
1195,E2C,3,8.6254,2.0,1,27.78,0.1011
1195,W2C,3,8.8683,2.0,1,27.02,0.0976
1196,N2C,2,12.899,0.0,0,18.58,0.0263
1196,S2C,2,13.2385,0.0,0,18.1,0.0214
1196,E2C,3,8.7509,3.0,1,27.38,0.1
1196,W2C,3,8.8462,3.0,1,27.09,0.0986
1197,N2C,2,12.7829,0.0,0,18.74,0.0279
1197,S2C,2,13.3454,0.0,0,17.95,0.0198
1197,E2C,3,8.3562,4.0,1,28.67,0.1063
1197,W2C,3,8.8821,4.0,1,26.98,0.0988
1198,N2C,3,13.1667,0.0,0,18.2,0.0284
1198,S2C,2,13.4774,0.0,0,17.78,0.0179
1198,E2C,4,8.8818,5.0,1,26.98,0.1054
1198,W2C,4,9.0451,5.0,1,26.49,0.1031
1199,N2C,2,13.0219,0.0,0,18.4,0.0245
1199,S2C,2,13.2809,0.0,0,18.04,0.0208
1199,E2C,4,7.7619,6.0,1,30.87,0.1222
1199,W2C,4,8.0276,6.0,1,29.85,0.1184
1200,N2C,2,12.9711,0.0,0,18.47,0.0252
1200,S2C,2,13.1281,0.0,0,18.25,0.023
1200,E2C,4,6.9838,7.0,1,34.31,0.1341
1200,W2C,4,7.113,7.0,1,33.68,0.1322
1201,N2C,2,12.8153,0.0,0,18.7,0.0275
1201,S2C,2,13.3063,0.0,0,18.01,0.0204
1201,E2C,4,6.3522,9.0,2,37.72,0.1505
1201,W2C,4,6.0548,8.0,1,39.57,0.1482
1202,N2C,2,13.2853,0.0,0,18.04,0.0207
1202,S2C,2,13.4083,0.0,0,17.87,0.0189
1202,E2C,4,6.495,11.0,2,36.89,0.1498
1202,W2C,4,6.1266,10.0,2,39.11,0.1545
1203,N2C,2,13.5149,0.0,0,17.73,0.0174
1203,S2C,2,13.0289,0.0,0,18.39,0.0244
1203,E2C,4,6.5463,13.0,2,36.6,0.1504
1203,W2C,4,5.8936,12.0,2,40.65,0.1591
1204,N2C,2,13.5783,0.0,0,17.65,0.0165
1204,S2C,2,13.3946,0.0,0,17.89,0.0191
1204,E2C,4,6.686,15.0,2,35.84,0.1497
1204,W2C,4,6.2566,14.0,2,38.3,0.1552
1205,N2C,2,13.2073,0.0,0,18.14,0.0218
1205,S2C,2,13.1981,0.0,0,18.15,0.022
1205,E2C,4,6.5531,17.0,2,36.56,0.153
1205,W2C,4,5.983,16.0,2,40.05,0.1605
1206,N2C,2,13.3982,0.0,0,17.88,0.0191
1206,S2C,2,13.3034,0.0,0,18.01,0.0204
1206,E2C,4,5.8298,19.0,2,41.1,0.1647
1206,W2C,4,5.0842,18.0,2,47.13,0.1748
1207,N2C,2,12.8602,0.0,0,18.63,0.0268
1207,S2C,2,12.4712,0.0,0,19.21,0.0324
1207,E2C,5,6.2879,21.0,2,38.1,0.1655
1207,W2C,5,5.8717,20.0,2,40.81,0.1708
1208,N2C,2,12.6708,0.0,0,18.91,0.0296
1208,S2C,2,12.0615,0.0,0,19.86,0.0383
1208,E2C,5,5.0922,23.0,2,47.05,0.184
1208,W2C,5,5.1947,22.0,2,46.12,0.1819
1209,N2C,2,12.5204,0.0,0,19.14,0.0317
1209,S2C,2,12.2935,0.0,0,19.49,0.035
1209,E2C,5,4.9606,26.0,3,48.3,0.1939
1209,W2C,5,5.1122,24.0,2,46.87,0.1844
1210,N2C,2,12.5616,0.0,0,19.07,0.0311
1210,S2C,2,12.2041,0.0,0,19.63,0.0363
1210,E2C,5,5.3387,29.0,3,44.88,0.1905
1210,W2C,5,4.9305,26.0,2,48.6,0.1883
1211,N2C,2,12.5107,0.0,0,19.15,0.0319
1211,S2C,2,12.1584,0.0,0,19.71,0.0369
1211,E2C,5,5.1251,32.0,3,46.75,0.1955
1211,W2C,5,4.7678,29.0,3,50.25,0.1987
1212,N2C,2,12.7879,0.0,0,18.74,0.0279
1212,S2C,2,12.0182,0.0,0,19.94,0.039
1212,E2C,5,5.1506,35.0,3,46.52,0.1972
1212,W2C,5,4.8761,32.0,3,49.14,0.1991
1213,N2C,2,12.4116,0.0,0,19.3,0.0333
1213,S2C,2,12.0066,0.0,0,19.96,0.0391
1213,E2C,5,5.2193,38.0,3,45.91,0.1982
1213,W2C,5,4.9852,35.0,3,48.06,0.1996
1214,N2C,2,12.792,0.0,0,18.73,0.0278
1214,S2C,2,11.7051,0.0,0,20.47,0.0435
1214,E2C,5,5.1958,41.0,3,46.11,0.2005
1214,W2C,5,4.866,38.0,3,49.24,0.2033
1215,N2C,2,12.6432,0.0,0,18.95,0.03
1215,S2C,2,12.2326,0.0,0,19.59,0.0359
1215,E2C,5,4.2494,44.0,3,56.38,0.2161
1215,W2C,5,4.9031,41.0,3,48.87,0.2047
1216,N2C,3,13.22,0.0,0,18.12,0.0276
1216,S2C,2,12.5878,0.0,0,19.03,0.0308
1216,E2C,6,5.2368,47.0,3,45.75,0.2099
1216,W2C,6,6.311,44.0,3,37.97,0.1925
1217,N2C,2,12.7259,0.0,0,18.83,0.0288
1217,S2C,2,12.0725,0.0,0,19.85,0.0382
1217,E2C,6,4.2123,50.0,3,56.88,0.2267
1217,W2C,6,5.8551,47.0,3,40.92,0.201
1218,N2C,2,12.8855,0.0,0,18.59,0.0265
1218,S2C,2,12.255,0.0,0,19.55,0.0355
1218,E2C,6,4.2824,54.0,4,55.95,0.2343
1218,W2C,6,5.028,50.0,3,47.65,0.2149
1219,N2C,2,13.0694,0.0,0,18.33,0.0238
1219,S2C,2,11.6645,0.0,0,20.54,0.044
1219,E2C,6,4.2855,58.0,4,55.91,0.237
1219,W2C,6,5.1962,53.0,3,46.11,0.2145
1220,N2C,2,13.4044,0.0,0,17.87,0.019
1220,S2C,2,12.3689,0.0,0,19.37,0.0339
1220,E2C,6,4.2731,62.0,4,56.07,0.2398
1220,W2C,6,4.5105,56.0,3,53.12,0.2264
1221,N2C,2,12.9936,0.0,0,18.44,0.0249
1221,S2C,2,12.0904,0.0,0,19.82,0.0379
1221,E2C,6,4.307,66.0,4,55.63,0.242
1221,W2C,6,4.2396,59.0,3,56.51,0.2323
1222,N2C,2,13.3266,0.0,0,17.98,0.0201
1222,S2C,2,12.2347,0.0,0,19.58,0.0358
1222,E2C,4,6.5166,19.0,2,36.77,0.1548
1222,W2C,4,6.2206,13.0,2,38.52,0.1551
1223,N2C,2,13.4669,0.0,0,17.79,0.0181
1223,S2C,2,12.3508,0.0,0,19.4,0.0342
1223,E2C,4,7.8362,0.0,0,30.58,0.1112
1223,W2C,4,6.3331,0.0,0,37.83,0.1328
1224,N2C,2,13.2465,0.0,0,18.09,0.0213
1224,S2C,2,12.0933,0.0,0,19.81,0.0379
1224,E2C,4,7.8728,0.0,0,30.43,0.1106
1224,W2C,4,6.1409,0.0,0,39.02,0.1356
1225,N2C,3,12.8979,0.0,0,18.58,0.0323
1225,S2C,3,12.5847,0.0,0,19.04,0.0368
1225,E2C,3,11.9578,0.0,0,20.04,0.0458
1225,W2C,3,10.4378,0.0,0,22.95,0.0677
1226,N2C,3,11.1389,0.0,0,21.51,0.0576
1226,S2C,3,12.5177,0.0,0,19.14,0.0378
1226,E2C,3,11.437,0.0,0,20.95,0.0533
1226,W2C,3,10.4063,0.0,0,23.02,0.0682
1227,N2C,3,9.5882,0.0,0,24.99,0.0799
1227,S2C,3,12.6453,0.0,0,18.95,0.0359
1227,E2C,2,13.1736,0.0,0,18.19,0.0223
1227,W2C,2,12.5072,0.0,0,19.16,0.0319
1228,N2C,3,8.7309,0.0,0,27.44,0.0923
1228,S2C,3,11.0107,0.0,0,21.76,0.0595
1228,E2C,2,13.0908,0.0,0,18.3,0.0235
1228,W2C,2,12.9121,0.0,0,18.56,0.0261
1229,N2C,3,8.698,1.0,1,27.55,0.0994
1229,S2C,3,10.1773,0.0,0,23.54,0.0715
1229,E2C,2,12.683,0.0,0,18.89,0.0294
1229,W2C,2,12.9349,0.0,0,18.52,0.0258
1230,N2C,3,8.6059,2.0,1,27.84,0.1014
1230,S2C,3,9.0831,0.0,0,26.38,0.0872
1230,E2C,2,12.7996,0.0,0,18.72,0.0277
1230,W2C,2,12.9542,0.0,0,18.5,0.0255
1231,N2C,3,8.9112,3.0,1,26.89,0.0977
1231,S2C,3,9.2441,1.0,1,25.92,0.0916
1231,E2C,2,12.8829,0.0,0,18.6,0.0265
1231,W2C,2,13.1043,0.0,0,18.28,0.0233
1232,N2C,3,9.1239,4.0,1,26.26,0.0953
1232,S2C,3,8.7547,2.0,1,27.37,0.0993
1232,E2C,2,13.0834,0.0,0,18.31,0.0236
1232,W2C,2,13.0015,0.0,0,18.43,0.0248
1233,N2C,3,8.1177,5.0,1,29.52,0.1104
1233,S2C,3,8.2157,3.0,1,29.16,0.1077
1233,E2C,2,13.2486,0.0,0,18.08,0.0212
1233,W2C,2,12.9733,0.0,0,18.47,0.0252
1234,N2C,4,8.6368,6.0,1,27.74,0.1096
1234,S2C,4,8.389,4.0,1,28.56,0.1119
1234,E2C,2,13.492,0.0,0,17.76,0.0177
1234,W2C,3,12.1022,0.0,0,19.8,0.0437
1235,N2C,4,7.5919,7.0,1,31.56,0.1254
1235,S2C,4,7.6356,5.0,1,31.38,0.1234
1235,E2C,2,12.8332,0.0,0,18.67,0.0272
1235,W2C,3,12.0434,0.0,0,19.89,0.0446
1236,N2C,4,6.6268,9.0,2,36.16,0.1466
1236,S2C,4,6.7237,6.0,1,35.64,0.1372
1236,E2C,2,13.3065,0.0,0,18.01,0.0204
1236,W2C,2,12.6086,0.0,0,19.0,0.0305
1237,N2C,4,6.6579,11.0,2,35.99,0.1475
1237,S2C,4,6.4785,7.0,1,36.98,0.1414
1237,E2C,2,12.6978,0.0,0,18.87,0.0292
1237,W2C,2,12.4186,0.0,0,19.29,0.0332
1238,N2C,4,6.6285,13.0,2,36.15,0.1492
1238,S2C,4,6.5978,8.0,1,36.32,0.1403
1238,E2C,2,12.9279,0.0,0,18.53,0.0259
1238,W2C,2,12.7064,0.0,0,18.86,0.029
1239,N2C,4,6.9166,15.0,2,34.64,0.1464
1239,S2C,4,6.434,10.0,2,37.24,0.15
1239,E2C,2,13.0369,0.0,0,18.38,0.0243
1239,W2C,2,12.3674,0.0,0,19.37,0.0339
1240,N2C,4,6.6253,17.0,2,36.16,0.1519
1240,S2C,4,6.4484,12.0,2,37.16,0.1511
1240,E2C,2,12.6931,0.0,0,18.88,0.0292
1240,W2C,2,12.4075,0.0,0,19.31,0.0333
1241,N2C,4,6.8379,19.0,2,35.04,0.1502
1241,S2C,4,6.3368,14.0,2,37.81,0.1541
1241,E2C,2,12.2845,0.0,0,19.5,0.0351
1241,W2C,2,12.9574,0.0,0,18.49,0.0254
1242,N2C,4,5.637,21.0,2,42.5,0.1688
1242,S2C,4,5.3111,16.0,2,45.11,0.1702
1242,E2C,2,13.0517,0.0,0,18.36,0.0241
1242,W2C,2,12.9292,0.0,0,18.53,0.0258
1243,N2C,5,6.2962,23.0,2,38.05,0.1667
1243,S2C,5,5.8402,18.0,2,41.03,0.1699
1243,E2C,3,12.958,0.0,0,18.49,0.0314
1243,W2C,2,12.6158,0.0,0,18.99,0.0303
1244,N2C,5,5.3393,25.0,2,44.87,0.1818
1244,S2C,5,5.0289,20.0,2,47.64,0.1829
1244,E2C,2,12.6081,0.0,0,19.0,0.0305
1244,W2C,2,13.1194,0.0,0,18.26,0.0231
1245,N2C,5,5.1356,28.0,3,46.66,0.1927
1245,S2C,5,4.8257,22.0,2,49.65,0.1872
1245,E2C,2,12.167,0.0,0,19.69,0.0368
1245,W2C,2,12.8517,0.0,0,18.64,0.027
1246,N2C,5,5.2751,31.0,3,45.42,0.1927
1246,S2C,5,4.7603,25.0,3,50.33,0.1961
1246,E2C,2,12.0415,0.0,0,19.9,0.0386
1246,W2C,2,12.6616,0.0,0,18.92,0.0297
1247,N2C,5,5.1571,34.0,3,46.46,0.1964
1247,S2C,5,4.7095,28.0,3,50.88,0.1989
1247,E2C,2,12.7494,0.0,0,18.79,0.0284
1247,W2C,2,13.0246,0.0,0,18.4,0.0245
1248,N2C,5,5.4168,37.0,3,44.23,0.1947
1248,S2C,5,4.8933,31.0,3,48.97,0.1982
1248,E2C,2,13.2069,0.0,0,18.14,0.0218
1248,W2C,2,12.8941,0.0,0,18.58,0.0263
1249,N2C,5,5.2938,40.0,3,45.26,0.1984
1249,S2C,5,4.8316,34.0,3,49.59,0.2011
1249,E2C,2,12.7051,0.0,0,18.86,0.0291
1249,W2C,2,12.9168,0.0,0,18.55,0.026
1250,N2C,5,5.3524,43.0,3,44.77,0.1996
1250,S2C,5,4.5875,37.0,3,52.23,0.2066
1250,E2C,2,13.0592,0.0,0,18.35,0.024
1250,W2C,2,12.6763,0.0,0,18.9,0.0295
1251,N2C,5,4.5642,46.0,3,52.5,0.2129
1251,S2C,5,4.6702,40.0,3,51.3,0.2074
1251,E2C,2,13.018,0.0,0,18.41,0.0246
1251,W2C,2,12.8618,0.0,0,18.63,0.0268
1252,N2C,6,5.2768,49.0,3,45.41,0.2107
1252,S2C,6,5.3327,43.0,3,44.93,0.2059
1252,E2C,3,11.5421,0.0,0,20.76,0.0518
1252,W2C,3,12.5248,0.0,0,19.13,0.0377
1253,N2C,6,4.6004,52.0,3,52.08,0.2224
1253,S2C,6,4.6842,46.0,3,51.15,0.2172
1253,E2C,3,10.1734,0.0,0,23.55,0.0715
1253,W2C,3,12.4029,0.0,0,19.32,0.0394
1254,N2C,6,4.4999,56.0,4,53.25,0.2325
1254,S2C,6,4.1395,49.0,3,57.88,0.2271
1254,E2C,3,8.8567,0.0,0,27.05,0.0905
1254,W2C,3,11.12,0.0,0,21.55,0.0579
1255,N2C,4,6.4607,13.0,2,37.09,0.1516
1255,S2C,4,5.9801,10.0,1,40.07,0.1506
1255,E2C,3,8.3385,1.0,1,28.73,0.1046
1255,W2C,3,10.181,0.0,0,23.53,0.0714
1256,N2C,4,7.4374,0.0,0,32.22,0.1169
1256,S2C,4,6.4989,0.0,0,36.87,0.1304
1256,E2C,3,8.5552,2.0,1,28.01,0.1021
1256,W2C,3,8.4191,1.0,1,28.46,0.1034
1257,N2C,4,8.0462,0.0,0,29.78,0.1081
1257,S2C,4,7.5081,0.0,0,31.91,0.1159
1257,E2C,3,8.2055,3.0,1,29.2,0.1078
1257,W2C,3,8.837,2.0,1,27.11,0.0981
1258,N2C,2,13.5551,0.0,0,17.68,0.0168
1258,S2C,2,12.0702,0.0,0,19.85,0.0382
1258,E2C,3,8.2891,4.0,1,28.91,0.1073
1258,W2C,3,8.1954,3.0,1,29.24,0.108
1259,N2C,2,13.1182,0.0,0,18.26,0.0231
1259,S2C,2,11.6504,0.0,0,20.57,0.0442
1259,E2C,3,8.4104,5.0,1,28.49,0.1062
1259,W2C,3,8.7878,4.0,1,27.26,0.1001
1260,N2C,2,13.434,0.0,0,17.84,0.0186
1260,S2C,2,11.2648,0.0,0,21.27,0.0498
1260,E2C,3,8.1208,6.0,1,29.5,0.1111
1260,W2C,3,7.6164,5.0,1,31.46,0.1177
1261,N2C,2,13.2544,0.0,0,18.08,0.0212
1261,S2C,3,12.6981,0.0,0,18.87,0.0352
1261,E2C,4,9.8388,7.0,1,24.35,0.093
1261,W2C,4,8.4154,6.0,1,28.47,0.1128
1262,N2C,2,13.0188,0.0,0,18.4,0.0245
1262,S2C,3,12.1802,0.0,0,19.67,0.0426
1262,E2C,4,8.8803,8.0,1,26.98,0.1075
1262,W2C,4,7.0553,7.0,1,33.96,0.1331
1263,N2C,2,12.6614,0.0,0,18.92,0.0297
1263,S2C,3,12.4122,0.0,0,19.3,0.0393
1263,E2C,4,8.405,9.0,1,28.51,0.115
1263,W2C,4,6.611,8.0,1,36.24,0.1401
1264,N2C,2,13.0711,0.0,0,18.33,0.0238
1264,S2C,3,11.8378,0.0,0,20.24,0.0475
1264,E2C,4,7.3176,10.0,1,32.74,0.1313
1264,W2C,4,6.4883,10.0,2,36.93,0.1492
1265,N2C,2,12.9323,0.0,0,18.53,0.0258
1265,S2C,2,12.9135,0.0,0,18.55,0.0261
1265,E2C,4,6.7593,12.0,2,35.45,0.1467
1265,W2C,4,6.4637,12.0,2,37.07,0.1509
1266,N2C,2,13.3427,0.0,0,17.96,0.0199
1266,S2C,2,12.5577,0.0,0,19.08,0.0312
1266,E2C,4,6.7154,14.0,2,35.68,0.1486
1266,W2C,4,6.468,14.0,2,37.04,0.1522
1267,N2C,2,13.4068,0.0,0,17.87,0.019
1267,S2C,2,12.9041,0.0,0,18.57,0.0262
1267,E2C,4,6.6319,16.0,2,36.13,0.1512
1267,W2C,4,6.2535,16.0,2,38.31,0.1566
1268,N2C,2,13.5986,0.0,0,17.62,0.0162
1268,S2C,2,12.9786,0.0,0,18.46,0.0251
1268,E2C,4,6.5337,18.0,2,36.67,0.1539
1268,W2C,4,6.5097,18.0,2,36.81,0.1543
1269,N2C,2,13.069,0.0,0,18.33,0.0238
1269,S2C,2,12.9359,0.0,0,18.52,0.0257
1269,E2C,4,5.5815,20.0,2,42.93,0.169
1269,W2C,4,6.3554,20.0,2,37.7,0.1578
1270,N2C,2,12.7164,0.0,0,18.84,0.0289
1270,S2C,3,12.78,0.0,0,18.75,0.034
1270,E2C,5,6.1283,22.0,2,39.1,0.1684
1270,W2C,5,7.4039,22.0,2,32.36,0.1501
1271,N2C,2,11.8334,0.0,0,20.25,0.0416
1271,S2C,2,12.525,0.0,0,19.13,0.0317
1271,E2C,5,5.4434,24.0,2,44.02,0.1796
1271,W2C,5,6.1476,24.0,2,38.97,0.1695
1272,N2C,2,12.271,0.0,0,19.53,0.0353
1272,S2C,2,12.6999,0.0,0,18.87,0.0291
1272,E2C,5,5.0127,26.0,2,47.8,0.1872
1272,W2C,5,5.5741,26.0,2,42.98,0.1791
1273,N2C,2,12.3487,0.0,0,19.4,0.0342
1273,S2C,2,12.5816,0.0,0,19.04,0.0308
1273,E2C,5,5.0463,29.0,3,47.48,0.1947
1273,W2C,5,5.3955,28.0,2,44.41,0.183
1274,N2C,2,12.2051,0.0,0,19.63,0.0363
1274,S2C,2,12.7987,0.0,0,18.72,0.0277
1274,E2C,5,5.0887,32.0,3,47.08,0.1961
1274,W2C,5,5.4073,31.0,3,44.31,0.1908
1275,N2C,2,12.2913,0.0,0,19.49,0.035
1275,S2C,2,12.7839,0.0,0,18.74,0.0279
1275,E2C,5,5.053,35.0,3,47.42,0.1986
1275,W2C,5,5.3737,34.0,3,44.59,0.1933
1276,N2C,2,12.6294,0.0,0,18.97,0.0302
1276,S2C,2,12.3934,0.0,0,19.33,0.0335
1276,E2C,5,5.0781,38.0,3,47.18,0.2002
1276,W2C,5,5.3237,37.0,3,45.01,0.196
1277,N2C,2,12.8144,0.0,0,18.7,0.0275
1277,S2C,2,13.1651,0.0,0,18.2,0.0224
1277,E2C,5,5.0218,41.0,3,47.71,0.203
1277,W2C,5,5.2727,40.0,3,45.44,0.1987
1278,N2C,2,12.7861,0.0,0,18.74,0.0279
1278,S2C,2,12.2759,0.0,0,19.52,0.0352
1278,E2C,5,4.3047,44.0,3,55.66,0.2154
1278,W2C,5,4.4795,43.0,3,53.49,0.2122
1279,N2C,1,12.1306,0.0,0,19.75,0.0313
1279,S2C,3,12.3987,0.0,0,19.32,0.0395
1279,E2C,6,5.1873,47.0,3,46.19,0.2106
1279,W2C,6,5.2444,46.0,3,45.69,0.2092
1280,N2C,2,11.3931,0.0,0,21.03,0.048
1280,S2C,2,12.2733,0.0,0,19.52,0.0353
1280,E2C,6,4.4414,50.0,3,53.95,0.2234
1280,W2C,6,4.464,49.0,3,53.67,0.2224
1281,N2C,2,10.6586,0.0,0,22.48,0.0585
1281,S2C,2,12.399,0.0,0,19.32,0.0335
1281,E2C,6,4.3928,54.0,4,54.54,0.2327
1281,W2C,6,4.4202,53.0,4,54.21,0.2317
1282,N2C,2,10.7544,0.0,0,22.28,0.0571
1282,S2C,2,11.9903,0.0,0,19.98,0.0394
1282,E2C,6,4.2526,58.0,4,56.34,0.2374
1282,W2C,6,4.2577,57.0,4,56.27,0.2367
1283,N2C,2,11.1555,0.0,0,21.48,0.0514
1283,S2C,2,12.8025,0.0,0,18.72,0.0277
1283,E2C,6,4.1823,62.0,4,57.29,0.2411
1283,W2C,6,4.5483,61.0,4,52.68,0.2352
1284,N2C,2,11.2488,0.0,0,21.3,0.05
1284,S2C,2,12.4689,0.0,0,19.22,0.0325
1284,E2C,6,4.1892,66.0,4,57.2,0.2437
1284,W2C,6,4.3924,65.0,4,54.55,0.2401
1285,N2C,2,10.7096,0.0,0,22.37,0.0578
1285,S2C,2,13.0023,0.0,0,18.43,0.0248
1285,E2C,6,4.3799,70.0,4,54.7,0.2436
1285,W2C,6,4.3613,69.0,4,54.94,0.2432
1286,N2C,2,10.8993,0.0,0,21.98,0.0551
1286,S2C,2,12.9174,0.0,0,18.55,0.026
1286,E2C,6,4.3243,74.0,4,55.41,0.2471
1286,W2C,6,4.2238,73.0,4,56.73,0.2478
1287,N2C,2,10.7069,0.0,0,22.38,0.0578
1287,S2C,2,12.3886,0.0,0,19.34,0.0336
1287,E2C,6,4.1478,78.0,4,57.76,0.2523
1287,W2C,6,3.5062,77.0,4,68.34,0.2608
1288,N2C,3,12.4294,0.0,0,19.28,0.039
1288,S2C,3,10.7241,0.0,0,22.34,0.0636
1288,E2C,5,6.6072,24.0,2,36.26,0.1629
1288,W2C,5,5.9197,23.0,2,40.47,0.1721
1289,N2C,3,11.98,0.0,0,20.0,0.0455
1289,S2C,3,9.5188,0.0,0,25.17,0.0809
1289,E2C,5,6.7693,0.0,0,35.4,0.1325
1289,W2C,5,6.0259,0.0,0,39.76,0.1432
1290,N2C,3,12.3577,0.0,0,19.39,0.0401
1290,S2C,3,8.1005,0.0,0,29.58,0.1014
1290,E2C,5,6.8072,0.0,0,35.2,0.132
1290,W2C,5,6.6806,0.0,0,35.87,0.1338
1291,N2C,3,11.7946,0.0,0,20.31,0.0482
1291,S2C,3,7.9786,0.0,0,30.03,0.1031
1291,E2C,3,8.7741,0.0,0,27.31,0.0917
1291,W2C,3,9.7255,0.0,0,24.64,0.078
1292,N2C,3,10.9986,0.0,0,21.78,0.0596
1292,S2C,3,7.8186,0.0,0,30.64,0.1054
1292,E2C,3,9.5649,0.0,0,25.05,0.0803
1292,W2C,3,10.4056,0.0,0,23.03,0.0682
1293,N2C,3,10.0151,0.0,0,23.92,0.0738
1293,S2C,3,8.0263,1.0,1,29.85,0.1091
1293,E2C,3,10.3156,0.0,0,23.23,0.0695
1293,W2C,2,13.0779,0.0,0,18.32,0.0237
1294,N2C,3,9.6007,0.0,0,24.96,0.0798
1294,S2C,3,7.7458,2.0,1,30.93,0.1138
1294,E2C,2,12.2354,0.0,0,19.58,0.0358
1294,W2C,2,13.0386,0.0,0,18.38,0.0243
1295,N2C,3,9.7249,1.0,1,24.64,0.0846
1295,S2C,3,8.0901,3.0,1,29.62,0.1095
1295,E2C,2,12.505,0.0,0,19.16,0.0319
1295,W2C,2,13.2651,0.0,0,18.06,0.021
1296,N2C,3,9.5674,2.0,1,25.04,0.0876
1296,S2C,3,7.915,4.0,1,30.27,0.1127
1296,E2C,2,13.0334,0.0,0,18.38,0.0243
1296,W2C,2,12.8134,0.0,0,18.7,0.0275
1297,N2C,4,9.462,3.0,1,25.32,0.0958
1297,S2C,4,9.3572,5.0,1,25.61,0.0986
1297,E2C,2,12.8095,0.0,0,18.7,0.0276
1297,W2C,2,12.8779,0.0,0,18.61,0.0266
1298,N2C,4,9.5381,4.0,1,25.12,0.0953
1298,S2C,4,8.9928,6.0,1,26.64,0.1045
1298,E2C,2,11.9367,0.0,0,20.07,0.0401
1298,W2C,2,12.7512,0.0,0,18.79,0.0284
1299,N2C,4,9.4262,5.0,1,25.42,0.0976
1299,S2C,4,8.6196,7.0,1,27.8,0.1106
1299,E2C,2,12.8868,0.0,0,18.59,0.0264
1299,W2C,2,12.1661,0.0,0,19.69,0.0368
1300,N2C,4,9.1357,6.0,1,26.23,0.1025
1300,S2C,4,7.4594,8.0,1,32.12,0.1279
1300,E2C,2,12.9978,0.0,0,18.43,0.0248
1300,W2C,2,12.5554,0.0,0,19.08,0.0312
1301,N2C,4,8.0563,7.0,1,29.74,0.1187
1301,S2C,4,6.6092,9.0,1,36.25,0.1408
1301,E2C,2,12.9107,0.0,0,18.56,0.0261
1301,W2C,2,13.158,0.0,0,18.21,0.0225
1302,N2C,4,7.3152,8.0,1,32.75,0.13
1302,S2C,4,6.5515,10.0,1,36.57,0.1423
1302,E2C,2,12.9214,0.0,0,18.54,0.0259
1302,W2C,2,13.1559,0.0,0,18.21,0.0226
1303,N2C,4,7.0731,9.0,1,33.87,0.1342
1303,S2C,4,6.3411,11.0,1,37.79,0.146
1303,E2C,2,12.9674,0.0,0,18.48,0.0253
1303,W2C,2,13.3849,0.0,0,17.9,0.0193
1304,N2C,4,6.4867,11.0,2,36.94,0.1499
1304,S2C,4,6.4796,13.0,2,36.98,0.1514
1304,E2C,2,12.8277,0.0,0,18.68,0.0273
1304,W2C,2,12.7392,0.0,0,18.81,0.0286
1305,N2C,4,5.6369,13.0,2,42.51,0.1635
1305,S2C,4,6.0581,15.0,2,39.55,0.1588
1305,E2C,2,13.3163,0.0,0,17.99,0.0203
1305,W2C,2,12.9016,0.0,0,18.57,0.0262
1306,N2C,5,6.3038,15.0,2,38.01,0.1612
1306,S2C,5,7.4702,17.0,2,32.07,0.1458
1306,E2C,3,12.5217,0.0,0,19.13,0.0377
1306,W2C,3,12.7755,0.0,0,18.75,0.034
1307,N2C,5,5.4089,17.0,2,44.3,0.1755
1307,S2C,5,6.3088,19.0,2,37.98,0.1638
1307,E2C,3,12.0471,0.0,0,19.89,0.0445
1307,W2C,2,12.5949,0.0,0,19.02,0.0306
1308,N2C,5,5.1724,19.0,2,46.32,0.1802
1308,S2C,5,5.443,21.0,2,44.02,0.1776
1308,E2C,2,12.4075,0.0,0,19.31,0.0333
1308,W2C,2,13.1392,0.0,0,18.24,0.0228
1309,N2C,5,5.1658,22.0,3,46.38,0.1883
1309,S2C,5,5.1408,23.0,2,46.61,0.1833
1309,E2C,2,12.6662,0.0,0,18.92,0.0296
1309,W2C,2,12.8665,0.0,0,18.62,0.0267
1310,N2C,5,5.097,25.0,3,47.01,0.1913
1310,S2C,5,5.1196,26.0,3,46.8,0.1916
1310,E2C,2,12.3002,0.0,0,19.48,0.0349
1310,W2C,2,12.5929,0.0,0,19.03,0.0307
1311,N2C,5,5.1705,28.0,3,46.34,0.1922
1311,S2C,5,5.0656,29.0,3,47.3,0.1944
1311,E2C,2,12.1901,0.0,0,19.66,0.0365
1311,W2C,2,13.0129,0.0,0,18.41,0.0246
1312,N2C,5,5.2627,31.0,3,45.53,0.1929
1312,S2C,5,4.9359,32.0,3,48.54,0.1983
1312,E2C,2,12.4448,0.0,0,19.25,0.0328
1312,W2C,2,12.561,0.0,0,19.07,0.0311
1313,N2C,5,5.2336,34.0,3,45.78,0.1953
1313,S2C,5,5.2755,35.0,3,45.42,0.1954
1313,E2C,2,12.4596,0.0,0,19.23,0.0326
1313,W2C,2,12.6938,0.0,0,18.88,0.0292
1314,N2C,5,4.3985,37.0,3,54.47,0.2093
1314,S2C,5,4.9911,38.0,3,48.01,0.2015
1314,E2C,2,12.9582,0.0,0,18.49,0.0254
1314,W2C,2,13.2796,0.0,0,18.04,0.0208
1315,N2C,6,5.3652,40.0,3,44.66,0.2034
1315,S2C,6,5.6368,41.0,3,42.51,0.2002
1315,E2C,3,13.2665,0.0,0,18.06,0.027
1315,W2C,3,12.8772,0.0,0,18.61,0.0326
1316,N2C,6,4.5054,43.0,3,53.18,0.2178
1316,S2C,6,4.886,44.0,3,49.04,0.213
1316,E2C,2,12.7877,0.0,0,18.74,0.0279
1316,W2C,3,12.6261,0.0,0,18.98,0.0362
1317,N2C,6,4.5355,46.0,3,52.83,0.2194
1317,S2C,6,4.6082,47.0,3,51.99,0.219
1317,E2C,2,12.8993,0.0,0,18.57,0.0263
1317,W2C,2,13.2869,0.0,0,18.03,0.0207
1318,N2C,6,4.3042,49.0,3,55.67,0.2247
1318,S2C,6,4.3897,50.0,3,54.58,0.2241
1318,E2C,2,13.0306,0.0,0,18.39,0.0244
1318,W2C,2,13.2051,0.0,0,18.14,0.0219
1319,N2C,6,4.3173,53.0,4,55.5,0.2332
1319,S2C,6,4.1912,54.0,4,57.17,0.2357
1319,E2C,2,13.2481,0.0,0,18.09,0.0212
1319,W2C,2,13.2777,0.0,0,18.05,0.0208
1320,N2C,6,4.4269,57.0,4,54.12,0.2343
1320,S2C,6,4.3541,58.0,4,55.03,0.236
1320,E2C,2,12.8775,0.0,0,18.61,0.0266
1320,W2C,2,13.2111,0.0,0,18.14,0.0218
1321,N2C,4,6.1388,16.0,2,39.03,0.1583
1321,S2C,4,6.3753,15.0,2,37.58,0.1542
1321,E2C,2,12.9904,0.0,0,18.44,0.025
1321,W2C,2,13.6619,0.0,0,17.54,0.0153
1322,N2C,4,7.0433,0.0,0,34.02,0.1226
1322,S2C,4,6.9896,0.0,0,34.28,0.1234
1322,E2C,2,13.0764,0.0,0,18.32,0.0237
1322,W2C,2,13.1388,0.0,0,18.24,0.0228
1323,N2C,4,7.9148,0.0,0,30.27,0.11
1323,S2C,4,6.7915,0.0,0,35.28,0.1262
1323,E2C,2,13.2241,0.0,0,18.12,0.0216
1323,W2C,2,12.9363,0.0,0,18.52,0.0257
1324,N2C,3,11.3312,0.0,0,21.15,0.0548
1324,S2C,4,8.9756,0.0,0,26.69,0.0948
1324,E2C,3,13.1082,0.0,0,18.28,0.0293
1324,W2C,3,11.5243,0.0,0,20.79,0.0521
1325,N2C,3,10.748,0.0,0,22.29,0.0632
1325,S2C,3,10.0139,0.0,0,23.93,0.0738
1325,E2C,3,12.3429,0.0,0,19.41,0.0403
1325,W2C,3,9.8985,0.0,0,24.21,0.0755
1326,N2C,3,10.8092,0.0,0,22.17,0.0624
1326,S2C,3,11.1955,0.0,0,21.4,0.0568
1326,E2C,3,10.8094,0.0,0,22.17,0.0624
1326,W2C,3,9.0053,0.0,0,26.61,0.0883
1327,N2C,2,13.0115,0.0,0,18.41,0.0246
1327,S2C,2,12.487,0.0,0,19.19,0.0322
1327,E2C,3,9.2219,0.0,0,25.98,0.0852
1327,W2C,3,8.8496,1.0,1,27.07,0.0972
1328,N2C,2,12.6763,0.0,0,18.9,0.0295
1328,S2C,2,12.4357,0.0,0,19.27,0.0329
1328,E2C,3,8.7161,1.0,1,27.49,0.0992
1328,W2C,3,8.8159,2.0,1,27.18,0.0984
1329,N2C,2,12.6833,0.0,0,18.89,0.0294
1329,S2C,2,12.5242,0.0,0,19.13,0.0317
1329,E2C,3,8.5788,2.0,1,27.93,0.1018
1329,W2C,3,8.5467,3.0,1,28.03,0.1029
1330,N2C,2,12.6646,0.0,0,18.92,0.0296
1330,S2C,2,12.8541,0.0,0,18.64,0.0269
1330,E2C,3,8.9333,3.0,1,26.82,0.0974
1330,W2C,3,8.9968,4.0,1,26.63,0.0971
1331,N2C,2,12.652,0.0,0,18.94,0.0298
1331,S2C,2,13.0134,0.0,0,18.41,0.0246
1331,E2C,3,8.7503,4.0,1,27.38,0.1007
1331,W2C,3,8.6943,5.0,1,27.56,0.1021
1332,N2C,2,12.4673,0.0,0,19.22,0.0325
1332,S2C,2,12.6268,0.0,0,18.98,0.0302
1332,E2C,3,7.7005,5.0,1,31.11,0.1165
1332,W2C,3,8.1597,6.0,1,29.36,0.1105
1333,N2C,2,13.0955,0.0,0,18.3,0.0234
1333,S2C,2,12.8138,0.0,0,18.7,0.0275
1333,E2C,4,8.4948,6.0,1,28.21,0.1117
1333,W2C,4,8.6833,7.0,1,27.59,0.1096
1334,N2C,2,12.9848,0.0,0,18.45,0.025
1334,S2C,2,12.3488,0.0,0,19.4,0.0342
1334,E2C,4,7.535,7.0,1,31.8,0.1262
1334,W2C,4,7.4918,8.0,1,31.98,0.1275
1335,N2C,2,13.1014,0.0,0,18.29,0.0234
1335,S2C,2,12.6005,0.0,0,19.02,0.0306
1335,E2C,4,6.8827,8.0,1,34.81,0.1362
1335,W2C,4,6.5862,9.0,1,36.38,0.1412
1336,N2C,2,13.2651,0.0,0,18.06,0.021
1336,S2C,2,13.1161,0.0,0,18.27,0.0231
1336,E2C,4,6.4157,10.0,2,37.35,0.1503
1336,W2C,4,6.6412,10.0,1,36.08,0.141
1337,N2C,2,12.7791,0.0,0,18.75,0.028
1337,S2C,2,12.9733,0.0,0,18.47,0.0252
1337,E2C,4,6.6811,12.0,2,35.86,0.1478
1337,W2C,4,6.6608,12.0,2,35.97,0.1481
1338,N2C,2,13.039,0.0,0,18.38,0.0243
1338,S2C,2,13.294,0.0,0,18.02,0.0206
1338,E2C,4,6.4368,14.0,2,37.22,0.1527
1338,W2C,4,6.7769,14.0,2,35.36,0.1478
1339,N2C,2,12.5613,0.0,0,19.07,0.0311
1339,S2C,2,13.0657,0.0,0,18.34,0.0239
1339,E2C,4,6.6558,16.0,2,36.0,0.1508
1339,W2C,4,6.6325,16.0,2,36.12,0.1512
1340,N2C,2,12.8798,0.0,0,18.6,0.0265
1340,S2C,2,12.7941,0.0,0,18.73,0.0278
1340,E2C,4,6.5351,18.0,2,36.66,0.1539
1340,W2C,4,6.649,18.0,2,36.04,0.1523
1341,N2C,2,13.2945,0.0,0,18.02,0.0206
1341,S2C,2,13.0673,0.0,0,18.34,0.0238
1341,E2C,4,5.8547,20.0,2,40.92,0.165
1341,W2C,4,5.4982,20.0,2,43.58,0.1702
1342,N2C,3,13.2315,0.0,0,18.11,0.0275
1342,S2C,3,13.1366,0.0,0,18.24,0.0288
1342,E2C,5,6.7062,22.0,2,35.73,0.1601
1342,W2C,5,5.8629,22.0,2,40.87,0.1722
1343,N2C,2,13.0709,0.0,0,18.33,0.0238
1343,S2C,3,12.3651,0.0,0,19.38,0.04
1343,E2C,5,5.568,24.0,2,43.03,0.1778
1343,W2C,5,4.8232,24.0,2,49.68,0.1886
1344,N2C,2,12.9665,0.0,0,18.48,0.0253
1344,S2C,2,12.2094,0.0,0,19.62,0.0362
1344,E2C,5,5.2136,27.0,3,45.96,0.1909
1344,W2C,5,5.0022,27.0,3,47.9,0.194
1345,N2C,2,13.1065,0.0,0,18.28,0.0233
1345,S2C,2,12.9943,0.0,0,18.44,0.0249
1345,E2C,5,5.1122,30.0,3,46.87,0.1944
1345,W2C,5,4.8597,30.0,3,49.3,0.198
1346,N2C,2,13.5095,0.0,0,17.74,0.0175
1346,S2C,2,12.3721,0.0,0,19.37,0.0339
1346,E2C,5,5.1842,33.0,3,46.22,0.1954
1346,W2C,5,4.9193,33.0,3,48.71,0.1992
1347,N2C,2,12.7684,0.0,0,18.77,0.0282
1347,S2C,2,13.0546,0.0,0,18.35,0.024
1347,E2C,5,5.4933,36.0,3,43.62,0.1929
1347,W2C,5,5.014,36.0,3,47.79,0.1998
1348,N2C,2,13.053,0.0,0,18.36,0.0241
1348,S2C,2,12.7168,0.0,0,18.84,0.0289
1348,E2C,5,5.3817,39.0,3,44.52,0.1965
1348,W2C,5,4.8216,39.0,3,49.69,0.2046
1349,N2C,2,13.3736,0.0,0,17.92,0.0194
1349,S2C,2,12.853,0.0,0,18.64,0.0269
1349,E2C,5,5.1656,42.0,3,46.38,0.2016
1349,W2C,5,4.9533,42.0,3,48.37,0.2047
1350,N2C,2,13.4999,0.0,0,17.75,0.0176
1350,S2C,2,12.9038,0.0,0,18.57,0.0262
1350,E2C,5,4.2545,45.0,3,56.32,0.2167
1350,W2C,5,4.2614,45.0,3,56.23,0.2166
1351,N2C,2,13.0789,0.0,0,18.32,0.0237
1351,S2C,2,13.182,0.0,0,18.18,0.0222
1351,E2C,6,5.1236,48.0,3,46.76,0.2122
1351,W2C,6,5.1661,48.0,3,46.38,0.2116
1352,N2C,2,12.9949,0.0,0,18.44,0.0249
1352,S2C,2,12.5038,0.0,0,19.16,0.032
1352,E2C,6,4.5776,51.0,3,52.34,0.2221
1352,W2C,6,4.2667,51.0,3,56.16,0.2266
1353,N2C,2,12.9855,0.0,0,18.45,0.025
1353,S2C,2,13.0435,0.0,0,18.37,0.0242
1353,E2C,6,4.4443,55.0,4,53.91,0.2327
1353,W2C,6,4.1028,54.0,3,58.4,0.2309
1354,N2C,2,13.2515,0.0,0,18.08,0.0212
1354,S2C,2,12.8583,0.0,0,18.63,0.0269
1354,E2C,4,6.5065,13.0,2,36.82,0.151
1354,W2C,4,6.1591,12.0,2,38.9,0.1553
1355,N2C,2,12.5121,0.0,0,19.15,0.0318
1355,S2C,2,12.9216,0.0,0,18.54,0.0259
1355,E2C,4,7.6207,0.0,0,31.44,0.1143
1355,W2C,4,6.5659,0.0,0,36.49,0.1295
1356,N2C,2,13.2092,0.0,0,18.14,0.0218
1356,S2C,2,12.9319,0.0,0,18.53,0.0258
1356,E2C,4,8.4737,0.0,0,28.28,0.102
1356,W2C,4,7.7038,0.0,0,31.1,0.1131
1357,N2C,2,13.2156,0.0,0,18.13,0.0217
1357,S2C,2,13.1544,0.0,0,18.21,0.0226
1357,E2C,2,13.2022,0.0,0,18.15,0.0219
1357,W2C,3,9.6775,0.0,0,24.76,0.0787
1358,N2C,2,12.9848,0.0,0,18.45,0.025
1358,S2C,2,12.7595,0.0,0,18.78,0.0283
1358,E2C,2,13.4248,0.0,0,17.85,0.0187
1358,W2C,2,13.077,0.0,0,18.32,0.0237
1359,N2C,2,12.653,0.0,0,18.94,0.0298
1359,S2C,2,12.8224,0.0,0,18.69,0.0274
1359,E2C,2,13.2642,0.0,0,18.06,0.021
1359,W2C,2,13.2146,0.0,0,18.13,0.0217
1360,N2C,3,11.6218,0.0,0,20.62,0.0507
1360,S2C,3,12.8415,0.0,0,18.66,0.0331
1360,E2C,2,13.2086,0.0,0,18.14,0.0218
1360,W2C,3,12.4689,0.0,0,19.22,0.0385
1361,N2C,3,10.2951,0.0,0,23.27,0.0698
1361,S2C,3,11.1736,0.0,0,21.44,0.0571
1361,E2C,2,13.0966,0.0,0,18.29,0.0234
1361,W2C,3,11.9931,0.0,0,19.98,0.0453
1362,N2C,3,8.7445,0.0,0,27.4,0.0921
1362,S2C,3,9.7863,0.0,0,24.48,0.0771
1362,E2C,2,13.129,0.0,0,18.25,0.023
1362,W2C,3,12.3453,0.0,0,19.41,0.0402
1363,N2C,3,8.2914,0.0,0,28.9,0.0986
1363,S2C,3,8.9577,0.0,0,26.75,0.089
1363,E2C,2,13.148,0.0,0,18.22,0.0227
1363,W2C,2,12.9451,0.0,0,18.51,0.0256
1364,N2C,3,8.5871,1.0,1,27.9,0.101
1364,S2C,3,8.5973,0.0,0,27.87,0.0942
1364,E2C,2,13.1412,0.0,0,18.23,0.0228
1364,W2C,2,12.6623,0.0,0,18.92,0.0297
1365,N2C,3,8.4779,2.0,1,28.26,0.1033
1365,S2C,3,8.284,1.0,1,28.92,0.1054
1365,E2C,2,12.9648,0.0,0,18.48,0.0253
1365,W2C,2,12.8324,0.0,0,18.67,0.0272
1366,N2C,3,8.408,3.0,1,28.5,0.1049
1366,S2C,3,8.5096,2.0,1,28.16,0.1028
1366,E2C,2,13.1312,0.0,0,18.25,0.0229
1366,W2C,2,12.4659,0.0,0,19.22,0.0325
1367,N2C,3,8.0951,4.0,1,29.6,0.1101
1367,S2C,3,8.3527,3.0,1,28.69,0.1057
1367,E2C,2,12.7856,0.0,0,18.74,0.0279
1367,W2C,2,13.249,0.0,0,18.08,0.0212
1368,N2C,3,7.4399,5.0,1,32.2,0.1202
1368,S2C,3,7.8354,4.0,1,30.58,0.1138
1368,E2C,2,13.0682,0.0,0,18.33,0.0238
1368,W2C,2,13.3417,0.0,0,17.96,0.0199
1369,N2C,4,7.9769,6.0,1,30.04,0.1191
1369,S2C,4,8.4146,5.0,1,28.47,0.1122
1369,E2C,2,13.0648,0.0,0,18.34,0.0239
1369,W2C,2,13.1186,0.0,0,18.26,0.0231
1370,N2C,4,6.8016,7.0,1,35.23,0.1367
1370,S2C,4,7.2869,6.0,1,32.88,0.1291
1370,E2C,2,12.7954,0.0,0,18.73,0.0278
1370,W2C,2,13.2008,0.0,0,18.15,0.0219
1371,N2C,4,6.3274,8.0,1,37.87,0.1442
1371,S2C,4,6.3716,7.0,1,37.6,0.1429
1371,E2C,2,12.9069,0.0,0,18.56,0.0262
1371,W2C,2,12.5412,0.0,0,19.1,0.0314
1372,N2C,4,6.2655,9.0,1,38.24,0.1458
1372,S2C,4,6.1294,9.0,2,39.09,0.1537
1372,E2C,2,12.8735,0.0,0,18.61,0.0266
1372,W2C,2,13.0985,0.0,0,18.29,0.0234
1373,N2C,4,6.0283,11.0,2,39.75,0.1565
1373,S2C,4,6.2462,11.0,2,38.36,0.1534
1373,E2C,2,13.3396,0.0,0,17.96,0.0199
1373,W2C,2,13.3905,0.0,0,17.89,0.0192
1374,N2C,4,5.8769,13.0,2,40.77,0.16
1374,S2C,4,6.4296,13.0,2,37.27,0.1521
1374,E2C,2,13.4682,0.0,0,17.79,0.0181
1374,W2C,2,12.932,0.0,0,18.53,0.0258
1375,N2C,4,6.1179,15.0,2,39.16,0.1579
1375,S2C,4,6.3006,15.0,2,38.03,0.1553
1375,E2C,2,13.093,0.0,0,18.3,0.0235
1375,W2C,2,12.9041,0.0,0,18.57,0.0262
1376,N2C,4,5.8689,17.0,2,40.83,0.1628
1376,S2C,4,6.3696,17.0,2,37.62,0.1556
1376,E2C,2,13.3153,0.0,0,17.99,0.0203
1376,W2C,2,13.1253,0.0,0,18.25,0.023
1377,N2C,4,6.1164,19.0,2,39.17,0.1606
1377,S2C,4,6.145,19.0,2,38.99,0.1602
1377,E2C,2,13.1505,0.0,0,18.22,0.0226
1377,W2C,2,13.3074,0.0,0,18.01,0.0204
1378,N2C,5,7.4382,21.0,2,32.21,0.1489
1378,S2C,5,7.3871,21.0,2,32.44,0.1496
1378,E2C,3,12.9857,0.0,0,18.45,0.031
1378,W2C,3,13.3868,0.0,0,17.9,0.0252
1379,N2C,5,6.8399,23.0,2,35.03,0.1588
1379,S2C,5,6.825,23.0,2,35.11,0.1591
1379,E2C,2,13.0885,0.0,0,18.31,0.0235
1379,W2C,2,13.1605,0.0,0,18.21,0.0225
1380,N2C,5,6.269,25.0,2,38.22,0.1684
1380,S2C,5,5.7138,25.0,2,41.93,0.1764
1380,E2C,2,12.8661,0.0,0,18.62,0.0267
1380,W2C,2,13.0066,0.0,0,18.42,0.0247
1381,N2C,5,5.4258,27.0,2,44.16,0.1819
1381,S2C,5,5.1665,27.0,2,46.38,0.1856
1381,E2C,2,13.5409,0.0,0,17.69,0.017
1381,W2C,2,13.6567,0.0,0,17.54,0.0154
1382,N2C,5,5.0779,29.0,2,47.18,0.1882
1382,S2C,5,5.4014,30.0,3,44.36,0.1902
1382,E2C,2,13.5554,0.0,0,17.68,0.0168
1382,W2C,2,13.5669,0.0,0,17.66,0.0167
1383,N2C,5,5.1108,32.0,3,46.88,0.1957
1383,S2C,5,5.2235,33.0,3,45.87,0.1948
1383,E2C,2,12.9043,0.0,0,18.57,0.0262
1383,W2C,2,13.0703,0.0,0,18.33,0.0238
1384,N2C,5,4.9237,35.0,3,48.66,0.2004
1384,S2C,5,5.2476,36.0,3,45.66,0.1964
1384,E2C,2,13.6031,0.0,0,17.61,0.0161
1384,W2C,2,13.2284,0.0,0,18.11,0.0215
1385,N2C,5,5.1115,38.0,3,46.87,0.1997
1385,S2C,5,5.302,39.0,3,45.19,0.1977
1385,E2C,2,13.1386,0.0,0,18.24,0.0228
1385,W2C,2,13.5196,0.0,0,17.72,0.0173
1386,N2C,5,5.0592,41.0,3,47.36,0.2025
1386,S2C,5,4.6684,42.0,3,51.32,0.2088
1386,E2C,2,12.9906,0.0,0,18.44,0.025
1386,W2C,2,12.0026,0.0,0,19.96,0.0392
1387,N2C,4,9.2968,5.0,1,25.77,0.0995
1387,S2C,4,8.0558,6.0,1,29.74,0.118
1387,E2C,3,11.7258,0.0,0,20.43,0.0492
1387,W2C,3,10.5531,0.0,0,22.7,0.066
1388,N2C,4,9.0327,0.0,0,26.53,0.0939
1388,S2C,4,8.0317,0.0,0,29.83,0.1084
1388,E2C,3,10.2594,0.0,0,23.35,0.0703
1388,W2C,3,9.5169,0.0,0,25.18,0.081
1389,N2C,4,8.4597,0.0,0,28.32,0.1022
1389,S2C,4,7.7384,0.0,0,30.96,0.1126
1389,E2C,3,9.1089,0.0,0,26.3,0.0868
1389,W2C,3,8.4716,0.0,0,28.28,0.096
1390,N2C,2,13.3675,0.0,0,17.92,0.0195
1390,S2C,2,12.8764,0.0,0,18.61,0.0266
1390,E2C,3,8.9874,1.0,1,26.66,0.0953
1390,W2C,3,8.7478,0.0,0,27.39,0.092
1391,N2C,2,13.447,0.0,0,17.82,0.0184
1391,S2C,2,12.6662,0.0,0,18.92,0.0296
1391,E2C,3,9.0595,2.0,1,26.45,0.0949
1391,W2C,3,8.4292,1.0,1,28.43,0.1033
1392,N2C,2,13.1003,0.0,0,18.29,0.0234
1392,S2C,2,13.4041,0.0,0,17.88,0.019
1392,E2C,3,8.7734,3.0,1,27.31,0.0997
1392,W2C,3,8.3116,2.0,1,28.83,0.1057
1393,N2C,2,13.2577,0.0,0,18.07,0.0211
1393,S2C,2,12.6367,0.0,0,18.96,0.03
1393,E2C,3,8.6725,4.0,1,27.63,0.1018
1393,W2C,3,8.2062,3.0,1,29.2,0.1078
1394,N2C,2,13.1008,0.0,0,18.29,0.0234
1394,S2C,2,13.3384,0.0,0,17.96,0.0199
1394,E2C,3,8.9366,5.0,1,26.81,0.0987
1394,W2C,3,8.6471,4.0,1,27.71,0.1022
1395,N2C,2,12.9405,0.0,0,18.52,0.0257
1395,S2C,2,13.0922,0.0,0,18.3,0.0235
1395,E2C,3,7.828,6.0,1,30.61,0.1153
1395,W2C,3,7.9308,5.0,1,30.21,0.1131
1396,N2C,2,13.8012,0.0,0,17.36,0.0133
1396,S2C,3,13.3978,0.0,0,17.88,0.0251
1396,E2C,4,8.1204,7.0,1,29.51,0.1177
1396,W2C,4,8.1537,6.0,1,29.39,0.1166
1397,N2C,2,13.296,0.0,0,18.02,0.0206
1397,S2C,2,13.6575,0.0,0,17.54,0.0153
1397,E2C,4,7.3929,8.0,1,32.41,0.1289
1397,W2C,4,7.1089,7.0,1,33.7,0.1323
1398,N2C,2,13.3172,0.0,0,17.99,0.0202
1398,S2C,2,13.4157,0.0,0,17.86,0.0188
1398,E2C,4,6.4375,9.0,1,37.22,0.1433
1398,W2C,4,6.6283,8.0,1,36.15,0.1399
1399,N2C,2,13.303,0.0,0,18.01,0.0205
1399,S2C,2,13.1356,0.0,0,18.24,0.0229
1399,E2C,4,6.6915,11.0,2,35.81,0.147
1399,W2C,4,6.3382,9.0,1,37.8,0.1447
1400,N2C,2,12.7946,0.0,0,18.73,0.0278
1400,S2C,2,13.0917,0.0,0,18.3,0.0235
1400,E2C,4,6.6233,13.0,2,36.18,0.1493
1400,W2C,4,6.1851,10.0,1,38.74,0.1476
1401,N2C,2,13.0994,0.0,0,18.29,0.0234
1401,S2C,2,13.1266,0.0,0,18.25,0.023
1401,E2C,4,6.3874,15.0,2,37.51,0.154
1401,W2C,4,6.2788,12.0,2,38.16,0.1536
1402,N2C,2,13.4762,0.0,0,17.78,0.018
1402,S2C,2,13.3015,0.0,0,18.01,0.0205
1402,E2C,4,6.3789,17.0,2,37.56,0.1555
1402,W2C,4,6.3553,14.0,2,37.7,0.1538
1403,N2C,2,13.3037,0.0,0,18.01,0.0204
1403,S2C,2,13.3223,0.0,0,17.98,0.0202
1403,E2C,4,6.6162,19.0,2,36.21,0.1534
1403,W2C,4,6.4655,16.0,2,37.06,0.1536
1404,N2C,2,13.5608,0.0,0,17.67,0.0167
1404,S2C,2,13.3619,0.0,0,17.93,0.0196
1404,E2C,4,5.5941,21.0,2,42.83,0.1695
1404,W2C,4,6.1617,18.0,2,38.89,0.1593
1405,N2C,2,13.3767,0.0,0,17.91,0.0194
1405,S2C,2,13.5582,0.0,0,17.67,0.0168
1405,E2C,5,6.652,23.0,2,36.02,0.1616
1405,W2C,5,7.6278,20.0,2,31.41,0.1455
1406,N2C,2,12.8753,0.0,0,18.61,0.0266
1406,S2C,2,13.2385,0.0,0,18.1,0.0214
1406,E2C,5,5.7086,25.0,2,41.97,0.1765
1406,W2C,5,6.4772,22.0,2,36.99,0.1634
1407,N2C,2,12.8627,0.0,0,18.63,0.0268
1407,S2C,2,13.2305,0.0,0,18.11,0.0215
1407,E2C,5,5.3153,28.0,3,45.08,0.1901
1407,W2C,5,5.7544,24.0,2,41.64,0.1751
1408,N2C,2,13.1749,0.0,0,18.19,0.0223
1408,S2C,2,13.3582,0.0,0,17.94,0.0197
1408,E2C,5,5.3863,31.0,3,44.48,0.1911
1408,W2C,5,5.1449,26.0,2,46.57,0.1853
1409,N2C,2,13.0089,0.0,0,18.42,0.0247
1409,S2C,2,12.8764,0.0,0,18.61,0.0266
1409,E2C,5,5.3771,34.0,3,44.56,0.1932
1409,W2C,5,4.9537,29.0,3,48.37,0.196
1410,N2C,2,13.6235,0.0,0,17.59,0.0158
1410,S2C,2,12.9824,0.0,0,18.46,0.0251
1410,E2C,5,5.2679,37.0,3,45.48,0.1968
1410,W2C,5,5.0352,32.0,3,47.59,0.1968
1411,N2C,2,13.1833,0.0,0,18.17,0.0222
1411,S2C,2,13.5005,0.0,0,17.75,0.0176
1411,E2C,5,5.3466,40.0,3,44.81,0.1977
1411,W2C,5,4.9177,35.0,3,48.72,0.2005
1412,N2C,2,13.1713,0.0,0,18.19,0.0223
1412,S2C,2,13.3666,0.0,0,17.93,0.0195
1412,E2C,5,5.219,43.0,3,45.91,0.2015
1412,W2C,5,4.9255,38.0,3,48.65,0.2024
1413,N2C,2,12.9021,0.0,0,18.57,0.0262
1413,S2C,2,13.2407,0.0,0,18.1,0.0213
1413,E2C,5,4.4142,46.0,3,54.28,0.2151
1413,W2C,5,4.2344,41.0,3,56.58,0.2144
1414,N2C,2,13.087,0.0,0,18.31,0.0236
1414,S2C,2,12.7838,0.0,0,18.74,0.0279
1414,E2C,6,5.4574,49.0,3,43.9,0.2081
1414,W2C,6,5.0674,44.0,3,47.28,0.2104
1415,N2C,2,12.5931,0.0,0,19.03,0.0307
1415,S2C,2,12.4372,0.0,0,19.26,0.0329
1415,E2C,6,4.6131,52.0,3,51.94,0.2222
1415,W2C,6,4.3736,47.0,3,54.78,0.2224
1416,N2C,2,13.0777,0.0,0,18.32,0.0237
1416,S2C,2,12.2541,0.0,0,19.55,0.0356
1416,E2C,6,4.5154,55.0,3,53.06,0.2256
1416,W2C,6,4.4032,51.0,4,54.41,0.2306
1417,N2C,2,12.6816,0.0,0,18.89,0.0294
1417,S2C,2,12.5017,0.0,0,19.17,0.032
1417,E2C,6,4.3968,58.0,3,54.49,0.2294
1417,W2C,6,4.2055,55.0,4,56.97,0.2361
1418,N2C,2,12.7762,0.0,0,18.75,0.028
1418,S2C,2,12.4731,0.0,0,19.21,0.0324
1418,E2C,6,4.4417,62.0,4,53.94,0.2374
1418,W2C,6,4.1231,59.0,4,58.11,0.24
1419,N2C,2,12.6444,0.0,0,18.95,0.0299
1419,S2C,2,12.2263,0.0,0,19.6,0.036
1419,E2C,6,4.4687,66.0,4,53.62,0.2397
1419,W2C,6,4.0559,63.0,4,59.07,0.2436
1420,N2C,2,12.8564,0.0,0,18.64,0.0269
1420,S2C,2,13.06,0.0,0,18.35,0.024
1420,E2C,4,6.5386,17.0,2,36.64,0.1532
1420,W2C,4,6.0459,17.0,2,39.63,0.1603
1421,N2C,2,13.4156,0.0,0,17.86,0.0188
1421,S2C,2,12.624,0.0,0,18.98,0.0302
1421,E2C,4,6.4525,0.0,0,37.13,0.1311
1421,W2C,4,7.3129,0.0,0,32.76,0.1187
1422,N2C,2,12.584,0.0,0,19.04,0.0308
1422,S2C,2,12.1177,0.0,0,19.77,0.0375
1422,E2C,4,7.0632,0.0,0,33.92,0.1223
1422,W2C,4,7.6805,0.0,0,31.2,0.1134
1423,N2C,3,11.3166,0.0,0,21.17,0.0551
1423,S2C,3,11.4055,0.0,0,21.01,0.0538
1423,E2C,3,11.0612,0.0,0,21.66,0.0587
1423,W2C,3,13.0552,0.0,0,18.35,0.03
1424,N2C,3,9.938,0.0,0,24.11,0.0749
1424,S2C,3,9.6472,0.0,0,24.84,0.0791
1424,E2C,3,10.7023,0.0,0,22.39,0.0639
1424,W2C,3,12.4146,0.0,0,19.3,0.0392
1425,N2C,3,8.4567,1.0,1,28.33,0.1029
1425,S2C,3,8.4105,0.0,0,28.49,0.0969
1425,E2C,2,13.1691,0.0,0,18.19,0.0224
1425,W2C,2,13.6714,0.0,0,17.53,0.0151
1426,N2C,3,8.42,2.0,1,28.46,0.1041
1426,S2C,3,8.0427,1.0,1,29.79,0.1089
1426,E2C,2,12.8199,0.0,0,18.69,0.0274
1426,W2C,2,13.3214,0.0,0,17.99,0.0202
1427,N2C,3,8.2009,3.0,1,29.22,0.1079
1427,S2C,3,8.2511,2.0,1,29.04,0.1065
1427,E2C,2,13.1654,0.0,0,18.2,0.0224
1427,W2C,2,13.5826,0.0,0,17.64,0.0164
1428,N2C,3,8.7046,4.0,1,27.53,0.1013
1428,S2C,3,8.4317,3.0,1,28.42,0.1046
1428,E2C,2,12.7958,0.0,0,18.72,0.0278
1428,W2C,2,13.4348,0.0,0,17.83,0.0186
1429,N2C,3,8.577,5.0,1,27.94,0.1038
1429,S2C,3,8.621,4.0,1,27.79,0.1025
1429,E2C,2,12.9345,0.0,0,18.52,0.0258
1429,W2C,2,12.8607,0.0,0,18.63,0.0268
1430,N2C,3,8.8149,6.0,1,27.18,0.1011
1430,S2C,3,8.3413,5.0,1,28.72,0.1072
1430,E2C,2,13.5121,0.0,0,17.73,0.0174
1430,W2C,2,13.5659,0.0,0,17.66,0.0167
1431,N2C,3,8.3721,7.0,1,28.62,0.1081
1431,S2C,3,8.5557,6.0,1,28.0,0.1048
1431,E2C,2,12.9811,0.0,0,18.46,0.0251
1431,W2C,2,13.424,0.0,0,17.85,0.0187
1432,N2C,4,9.9394,8.0,1,24.11,0.0922
1432,S2C,4,9.5571,7.0,1,25.07,0.0971
1432,E2C,2,13.3323,0.0,0,17.97,0.02
1432,W2C,2,13.7279,0.0,0,17.45,0.0143
1433,N2C,4,8.6548,9.0,1,27.68,0.1114
1433,S2C,4,9.2048,8.0,1,26.03,0.1028
1433,E2C,2,13.3189,0.0,0,17.99,0.0202
1433,W2C,2,13.1855,0.0,0,18.17,0.0221
1434,N2C,4,7.631,10.0,1,31.4,0.1268
1434,S2C,4,8.0543,9.0,1,29.75,0.12
1434,E2C,2,13.4949,0.0,0,17.75,0.0177
1434,W2C,2,12.9618,0.0,0,18.49,0.0254
1435,N2C,4,6.924,11.0,1,34.6,0.1376
1435,S2C,4,7.249,10.0,1,33.05,0.1323
1435,E2C,2,13.3646,0.0,0,17.93,0.0196
1435,W2C,2,13.2365,0.0,0,18.1,0.0214
1436,N2C,4,6.5712,12.0,1,36.46,0.1434
1436,S2C,4,6.4525,11.0,1,37.13,0.1444
1436,E2C,2,13.3729,0.0,0,17.92,0.0194
1436,W2C,2,13.152,0.0,0,18.22,0.0226
1437,N2C,4,6.7875,14.0,2,35.3,0.1476
1437,S2C,4,6.6476,13.0,2,36.04,0.1489
1437,E2C,2,12.9283,0.0,0,18.53,0.0258
1437,W2C,2,12.9912,0.0,0,18.44,0.0249
1438,N2C,4,6.6769,16.0,2,35.88,0.1505
1438,S2C,4,6.5652,15.0,2,36.5,0.1515
1438,E2C,2,13.0129,0.0,0,18.41,0.0246
1438,W2C,2,12.591,0.0,0,19.03,0.0307
1439,N2C,4,6.5266,18.0,2,36.71,0.154
1439,S2C,4,6.3706,17.0,2,37.61,0.1556
1439,E2C,2,13.6878,0.0,0,17.5,0.0149
1439,W2C,2,13.1965,0.0,0,18.16,0.022
1440,N2C,4,5.3213,20.0,2,45.03,0.1727
1440,S2C,4,5.4509,19.0,2,43.96,0.1702
1440,E2C,2,12.8276,0.0,0,18.68,0.0273
1440,W2C,2,13.0839,0.0,0,18.31,0.0236
1441,N2C,5,5.9997,22.0,2,39.94,0.1703
1441,S2C,5,6.4351,21.0,2,37.23,0.1633
1441,E2C,2,13.7456,0.0,0,17.43,0.0141
1441,W2C,2,13.1063,0.0,0,18.28,0.0233
1442,N2C,5,5.1933,24.0,2,46.14,0.1832
1442,S2C,5,5.6351,23.0,2,42.52,0.1762
1442,E2C,2,12.7538,0.0,0,18.79,0.0284
1442,W2C,2,12.7976,0.0,0,18.72,0.0277
1443,N2C,5,5.2131,26.0,2,45.96,0.1843
1443,S2C,5,5.4449,25.0,2,44.0,0.1803
1443,E2C,2,13.1293,0.0,0,18.25,0.023
1443,W2C,2,12.9938,0.0,0,18.44,0.0249
1444,N2C,5,5.0974,28.0,2,47.0,0.1873
1444,S2C,5,5.0758,28.0,3,47.2,0.1936
1444,E2C,2,13.5525,0.0,0,17.68,0.0169
1444,W2C,2,12.4187,0.0,0,19.29,0.0332
1445,N2C,5,5.3078,31.0,3,45.14,0.1922
1445,S2C,5,5.2367,31.0,3,45.75,0.1933
1445,E2C,2,13.149,0.0,0,18.22,0.0227
1445,W2C,2,12.542,0.0,0,19.1,0.0314
1446,N2C,5,5.2117,34.0,3,45.97,0.1956
1446,S2C,5,5.4344,34.0,3,44.09,0.1924
1446,E2C,2,13.6624,0.0,0,17.54,0.0153
1446,W2C,2,12.9611,0.0,0,18.49,0.0254
1447,N2C,5,5.0398,37.0,3,47.54,0.2001
1447,S2C,5,5.1124,37.0,3,46.87,0.1991
1447,E2C,2,13.4012,0.0,0,17.88,0.019
1447,W2C,2,13.3131,0.0,0,18.0,0.0203
1448,N2C,5,5.2033,40.0,3,46.05,0.1997
1448,S2C,5,5.3633,40.0,3,44.67,0.1974
1448,E2C,2,13.7437,0.0,0,17.43,0.0141
1448,W2C,2,13.1421,0.0,0,18.23,0.0228
1449,N2C,5,4.1421,43.0,3,57.85,0.217
1449,S2C,5,4.6334,43.0,3,51.71,0.21
1449,E2C,2,13.5615,0.0,0,17.67,0.0167
1449,W2C,2,13.0148,0.0,0,18.41,0.0246
1450,N2C,6,4.8517,46.0,3,49.39,0.2148
1450,S2C,6,5.2233,46.0,3,45.87,0.2095
1450,E2C,2,13.7394,0.0,0,17.44,0.0142
1450,W2C,3,11.716,0.0,0,20.45,0.0493
1451,N2C,6,4.0537,49.0,3,59.11,0.2283
1451,S2C,6,4.4973,49.0,3,53.28,0.2219
1451,E2C,2,13.1716,0.0,0,18.19,0.0223
1451,W2C,3,9.9812,0.0,0,24.01,0.0743
1452,N2C,6,4.0136,53.0,4,59.7,0.2375
1452,S2C,6,4.0987,52.0,3,58.46,0.2296
1452,E2C,2,13.301,0.0,0,18.01,0.0205
1452,W2C,3,8.6559,0.0,0,27.68,0.0934
1453,N2C,4,6.0016,11.0,2,39.92,0.1569
1453,S2C,4,6.1988,10.0,1,38.65,0.1474
1453,E2C,2,13.1505,0.0,0,18.22,0.0226
1453,W2C,3,8.4729,1.0,1,28.28,0.1027
1454,N2C,4,6.7472,0.0,0,35.51,0.1268
1454,S2C,4,6.619,0.0,0,36.2,0.1287
1454,E2C,2,13.0894,0.0,0,18.3,0.0235
1454,W2C,3,8.5281,2.0,1,28.1,0.1025
1455,N2C,4,7.7157,0.0,0,31.05,0.1129
1455,S2C,4,7.9093,0.0,0,30.29,0.1101
1455,E2C,2,13.6865,0.0,0,17.51,0.0149
1455,W2C,3,8.518,3.0,1,28.13,0.1034
1456,N2C,2,12.5343,0.0,0,19.12,0.0315
1456,S2C,2,11.7978,0.0,0,20.31,0.0421
1456,E2C,2,13.36,0.0,0,17.93,0.0196
1456,W2C,3,8.7367,4.0,1,27.42,0.1009
1457,N2C,2,12.1733,0.0,0,19.68,0.0367
1457,S2C,2,12.0116,0.0,0,19.95,0.039
1457,E2C,2,13.0553,0.0,0,18.35,0.024
1457,W2C,3,8.4776,5.0,1,28.26,0.1053
1458,N2C,2,11.6505,0.0,0,20.57,0.0442
1458,S2C,2,12.3993,0.0,0,19.32,0.0335
1458,E2C,2,12.1955,0.0,0,19.65,0.0364
1458,W2C,3,8.4698,6.0,1,28.29,0.106
1459,N2C,3,12.4038,0.0,0,19.32,0.0394
1459,S2C,2,11.451,0.0,0,20.92,0.0471
1459,E2C,3,11.2574,0.0,0,21.28,0.0559
1459,W2C,4,9.3167,7.0,1,25.72,0.1005
1460,N2C,3,12.3508,0.0,0,19.4,0.0402
1460,S2C,2,11.2527,0.0,0,21.29,0.05
1460,E2C,3,9.364,0.0,0,25.59,0.0832
1460,W2C,4,8.1452,8.0,1,29.42,0.1181
1461,N2C,2,11.9595,0.0,0,20.03,0.0398
1461,S2C,2,11.031,0.0,0,21.72,0.0532
1461,E2C,3,9.15,0.0,0,26.19,0.0863
1461,W2C,4,7.0387,9.0,1,34.04,0.1347
1462,N2C,2,11.9926,0.0,0,19.98,0.0393
1462,S2C,2,10.8819,0.0,0,22.02,0.0553
1462,E2C,3,9.1893,1.0,1,26.07,0.0924
1462,W2C,4,6.4782,10.0,1,36.99,0.1434
1463,N2C,2,12.7769,0.0,0,18.75,0.028
1463,S2C,2,11.0018,0.0,0,21.78,0.0536
1463,E2C,3,8.9014,2.0,1,26.92,0.0972
1463,W2C,4,6.4171,12.0,2,37.34,0.1516
1464,N2C,2,12.3492,0.0,0,19.4,0.0342
1464,S2C,2,10.9646,0.0,0,21.85,0.0541
1464,E2C,3,8.8131,3.0,1,27.19,0.0991
1464,W2C,4,6.3144,14.0,2,37.94,0.1544
1465,N2C,2,12.5486,0.0,0,19.09,0.0313
1465,S2C,2,10.8278,0.0,0,22.13,0.0561
1465,E2C,3,9.0917,4.0,1,26.35,0.0958
1465,W2C,4,6.459,16.0,2,37.1,0.1537
1466,N2C,2,12.3761,0.0,0,19.36,0.0338
1466,S2C,2,10.6259,0.0,0,22.55,0.059
1466,E2C,3,9.1146,5.0,1,26.29,0.0961
1466,W2C,4,6.4376,18.0,2,37.22,0.1553
1467,N2C,2,12.1178,0.0,0,19.77,0.0375
1467,S2C,2,11.5444,0.0,0,20.75,0.0458
1467,E2C,3,8.3412,6.0,1,28.72,0.1079
1467,W2C,4,5.9843,20.0,2,40.04,0.1632
1468,N2C,3,12.8965,0.0,0,18.58,0.0323
1468,S2C,3,11.0409,0.0,0,21.7,0.059
1468,E2C,4,8.6767,7.0,1,27.61,0.1097
1468,W2C,5,6.9754,22.0,2,34.35,0.1562
1469,N2C,3,12.387,0.0,0,19.34,0.0396
1469,S2C,3,11.0544,0.0,0,21.67,0.0588
1469,E2C,4,7.1281,8.0,1,33.61,0.1327
1469,W2C,5,6.059,24.0,2,39.54,0.1708
1470,N2C,2,12.772,0.0,0,18.76,0.0281
1470,S2C,3,10.8326,0.0,0,22.12,0.062
1470,E2C,4,6.7855,9.0,1,35.31,0.1383
1470,W2C,5,5.3644,27.0,3,44.67,0.1888
1471,N2C,2,12.9998,0.0,0,18.43,0.0248
1471,S2C,3,11.4586,0.0,0,20.91,0.053
1471,E2C,4,6.9028,11.0,2,34.71,0.1439
1471,W2C,5,5.2906,30.0,3,45.29,0.1918
1472,N2C,2,12.924,0.0,0,18.54,0.0259
1472,S2C,2,11.0425,0.0,0,21.7,0.053
1472,E2C,4,6.7488,13.0,2,35.5,0.1475
1472,W2C,5,5.3015,33.0,3,45.19,0.1937
1473,N2C,2,13.2804,0.0,0,18.04,0.0208
1473,S2C,2,10.9647,0.0,0,21.85,0.0541
1473,E2C,4,6.5814,15.0,2,36.41,0.1512
1473,W2C,5,5.2509,36.0,3,45.63,0.1964
1474,N2C,2,13.0826,0.0,0,18.31,0.0236
1474,S2C,2,10.6616,0.0,0,22.47,0.0585
1474,E2C,4,6.5744,17.0,2,36.44,0.1527
1474,W2C,5,5.3487,39.0,3,44.8,0.197
1475,N2C,2,13.1855,0.0,0,18.17,0.0221
1475,S2C,2,11.5647,0.0,0,20.72,0.0455
1475,E2C,4,6.5584,19.0,2,36.53,0.1542
1475,W2C,5,5.2511,42.0,3,45.63,0.2004
1476,N2C,2,13.1988,0.0,0,18.15,0.022
1476,S2C,2,11.1854,0.0,0,21.42,0.0509
1476,E2C,4,5.2824,21.0,2,45.36,0.1739
1476,W2C,5,4.3481,45.0,3,55.1,0.2154
1477,N2C,3,12.8583,0.0,0,18.63,0.0329
1477,S2C,3,11.732,0.0,0,20.42,0.0491
1477,E2C,5,5.8758,23.0,2,40.78,0.1727
1477,W2C,6,4.959,48.0,3,48.32,0.2146
1478,N2C,2,13.2415,0.0,0,18.09,0.0213
1478,S2C,3,12.2047,0.0,0,19.63,0.0423
1478,E2C,5,4.9988,25.0,2,47.93,0.1867
1478,W2C,6,4.1991,51.0,3,57.06,0.2275
1479,N2C,2,12.9778,0.0,0,18.46,0.0251
1479,S2C,3,12.3297,0.0,0,19.43,0.0405
1479,E2C,5,4.9324,27.0,2,48.58,0.189
1479,W2C,6,4.042,54.0,3,59.28,0.2318
1480,N2C,2,13.5609,0.0,0,17.67,0.0167
1480,S2C,3,12.0943,0.0,0,19.81,0.0439
1480,E2C,5,4.797,30.0,3,49.95,0.1989
1480,W2C,6,4.2225,57.0,3,56.74,0.2312
1481,N2C,2,13.0328,0.0,0,18.38,0.0243
1481,S2C,3,12.7334,0.0,0,18.82,0.0347
1481,E2C,5,5.0119,33.0,3,47.81,0.1978
1481,W2C,6,3.9443,61.0,4,60.75,0.2439
1482,N2C,2,13.4363,0.0,0,17.83,0.0185
1482,S2C,2,12.8816,0.0,0,18.6,0.0265
1482,E2C,5,4.8966,36.0,3,48.93,0.2015
1482,W2C,6,3.9975,65.0,4,59.94,0.2458
1483,N2C,2,12.9974,0.0,0,18.43,0.0249
1483,S2C,2,12.8726,0.0,0,18.61,0.0266
1483,E2C,5,4.8681,39.0,3,49.22,0.2039
1483,W2C,6,4.012,69.0,4,59.72,0.2482
1484,N2C,2,13.0207,0.0,0,18.4,0.0245
1484,S2C,2,12.7504,0.0,0,18.79,0.0284
1484,E2C,5,5.0692,42.0,3,47.27,0.203
1484,W2C,6,3.7212,73.0,4,64.39,0.2551
1485,N2C,2,13.1203,0.0,0,18.26,0.0231
1485,S2C,2,12.9254,0.0,0,18.54,0.0259
1485,E2C,5,4.2396,45.0,3,56.51,0.217
1485,W2C,6,2.8563,77.0,4,83.89,0.2702
1486,N2C,3,12.0831,0.0,0,19.83,0.044
1486,S2C,3,13.1847,0.0,0,18.17,0.0282
1486,E2C,4,7.0308,7.0,1,34.08,0.1334
1486,W2C,5,5.664,23.0,2,42.3,0.1758
1487,N2C,3,10.4236,0.0,0,22.99,0.0679
1487,S2C,3,12.4028,0.0,0,19.32,0.0394
1487,E2C,4,6.71,0.0,0,35.71,0.1274
1487,W2C,5,5.6536,0.0,0,42.38,0.1486
1488,N2C,3,9.2488,0.0,0,25.91,0.0848
1488,S2C,3,11.7423,0.0,0,20.4,0.0489
1488,E2C,4,7.3628,0.0,0,32.54,0.118
1488,W2C,5,6.1185,0.0,0,39.16,0.1419
1489,N2C,3,8.7205,0.0,0,27.48,0.0924
1489,S2C,3,10.3323,0.0,0,23.19,0.0692
1489,E2C,2,11.5093,0.0,0,20.82,0.0463
1489,W2C,4,7.413,0.0,0,32.32,0.1173
1490,N2C,3,8.6595,1.0,1,27.67,0.1
1490,S2C,3,9.4214,0.0,0,25.43,0.0823
1490,E2C,2,11.4409,0.0,0,20.94,0.0473
1490,W2C,3,9.0601,0.0,0,26.45,0.0875
1491,N2C,3,8.7592,2.0,1,27.35,0.0992
1491,S2C,3,8.8814,0.0,0,26.98,0.0901
1491,E2C,2,11.4817,0.0,0,20.87,0.0467
1491,W2C,3,9.2987,0.0,0,25.77,0.0841
1492,N2C,3,8.7048,3.0,1,27.53,0.1007
1492,S2C,3,8.9682,1.0,1,26.72,0.0955
1492,E2C,2,11.1762,0.0,0,21.44,0.0511
1492,W2C,2,12.1585,0.0,0,19.71,0.0369
1493,N2C,3,8.6285,4.0,1,27.77,0.1024
1493,S2C,3,8.7373,2.0,1,27.42,0.0995
1493,E2C,2,11.8939,0.0,0,20.14,0.0407
1493,W2C,2,11.9499,0.0,0,20.05,0.0399
1494,N2C,3,7.9572,5.0,1,30.11,0.1128
1494,S2C,3,8.3198,3.0,1,28.8,0.1062
1494,E2C,2,11.5094,0.0,0,20.82,0.0463
1494,W2C,2,12.1284,0.0,0,19.76,0.0374
1495,N2C,4,8.4485,6.0,1,28.36,0.1124
1495,S2C,4,8.7544,4.0,1,27.37,0.1066
1495,E2C,3,11.9918,0.0,0,19.98,0.0453
1495,W2C,3,12.4416,0.0,0,19.26,0.0389
1496,N2C,4,7.3286,7.0,1,32.69,0.1291
1496,S2C,4,7.1408,5.0,1,33.55,0.1305
1496,E2C,3,12.4456,0.0,0,19.25,0.0388
1496,W2C,3,12.3296,0.0,0,19.43,0.0405
1497,N2C,4,6.7038,9.0,2,35.74,0.1455
1497,S2C,4,6.4586,6.0,1,37.1,0.141
1497,E2C,3,12.6346,0.0,0,18.96,0.0361
1497,W2C,3,12.5073,0.0,0,19.16,0.0379
1498,N2C,4,6.6061,11.0,2,36.27,0.1482
1498,S2C,4,6.7551,8.0,2,35.47,0.1441
1498,E2C,2,13.1498,0.0,0,18.22,0.0227
1498,W2C,3,12.4653,0.0,0,19.22,0.0385
1499,N2C,4,6.4923,13.0,2,36.91,0.1512
1499,S2C,4,6.8248,10.0,2,35.11,0.1444
1499,E2C,2,13.2382,0.0,0,18.1,0.0214
1499,W2C,2,13.5185,0.0,0,17.72,0.0173
1500,N2C,4,6.6852,15.0,2,35.84,0.1497
1500,S2C,4,6.4979,12.0,2,36.87,0.1504
1500,E2C,2,13.2572,0.0,0,18.07,0.0211
1500,W2C,2,13.2279,0.0,0,18.11,0.0215
1501,N2C,4,6.4099,17.0,2,37.38,0.155
1501,S2C,4,6.8516,14.0,2,34.97,0.1467
1501,E2C,2,13.2168,0.0,0,18.13,0.0217
1501,W2C,2,12.8056,0.0,0,18.71,0.0276
1502,N2C,4,6.6009,19.0,2,36.3,0.1536
1502,S2C,4,6.3584,16.0,2,37.68,0.1551
1502,E2C,2,12.6785,0.0,0,18.9,0.0294
1502,W2C,2,13.1826,0.0,0,18.18,0.0222
1503,N2C,4,5.8276,21.0,2,41.11,0.1661
1503,S2C,4,5.7755,18.0,2,41.49,0.1648
1503,E2C,2,12.9979,0.0,0,18.43,0.0248
1503,W2C,2,13.2011,0.0,0,18.15,0.0219
1504,N2C,5,6.5911,23.0,2,36.35,0.1624
1504,S2C,5,6.4875,20.0,2,36.93,0.1619
1504,E2C,3,13.1876,0.0,0,18.17,0.0281
1504,W2C,2,13.2937,0.0,0,18.02,0.0206
1505,N2C,5,5.7017,25.0,2,42.02,0.1766
1505,S2C,5,5.3636,22.0,2,44.67,0.1794
1505,E2C,3,12.4164,0.0,0,19.3,0.0392
1505,W2C,2,13.122,0.0,0,18.26,0.0231
1506,N2C,5,5.0048,28.0,3,47.87,0.1946
1506,S2C,5,5.3697,24.0,2,44.62,0.1807
1506,E2C,3,12.6429,0.0,0,18.95,0.036
1506,W2C,2,13.6216,0.0,0,17.59,0.0159
1507,N2C,5,5.295,31.0,3,45.25,0.1924
1507,S2C,5,5.1282,27.0,3,46.72,0.1922
1507,E2C,2,13.1077,0.0,0,18.28,0.0233
1507,W2C,2,12.9846,0.0,0,18.45,0.025
1508,N2C,5,5.198,34.0,3,46.1,0.1958
1508,S2C,5,5.2209,30.0,3,45.89,0.1928
1508,E2C,2,12.8026,0.0,0,18.71,0.0277
1508,W2C,2,13.1924,0.0,0,18.16,0.022
1509,N2C,5,5.2435,37.0,3,45.69,0.1972
1509,S2C,5,5.447,33.0,3,43.99,0.1916
1509,E2C,2,13.6011,0.0,0,17.62,0.0162
1509,W2C,2,13.5107,0.0,0,17.73,0.0175
1510,N2C,5,5.1809,40.0,3,46.25,0.2001
1510,S2C,5,5.2472,36.0,3,45.66,0.1964
1510,E2C,2,13.4238,0.0,0,17.85,0.0187
1510,W2C,2,13.557,0.0,0,17.67,0.0168
1511,N2C,5,5.1832,43.0,3,46.23,0.202
1511,S2C,5,5.1674,39.0,3,46.37,0.1996
1511,E2C,2,13.3319,0.0,0,17.97,0.02
1511,W2C,2,13.072,0.0,0,18.33,0.0238
1512,N2C,5,4.2296,46.0,3,56.65,0.2178
1512,S2C,5,4.5732,42.0,3,52.39,0.2102
1512,E2C,2,13.2311,0.0,0,18.11,0.0215
1512,W2C,2,13.0297,0.0,0,18.39,0.0244
1513,N2C,6,4.8772,49.0,3,49.13,0.2164
1513,S2C,6,5.4181,45.0,3,44.22,0.206
1513,E2C,2,12.7207,0.0,0,18.84,0.0288
1513,W2C,2,13.7944,0.0,0,17.37,0.0134
1514,N2C,6,4.1654,52.0,3,57.52,0.2287
1514,S2C,6,4.8331,48.0,3,49.57,0.2164
1514,E2C,2,12.4485,0.0,0,19.25,0.0328
1514,W2C,2,13.0149,0.0,0,18.41,0.0246
1515,N2C,6,4.0726,55.0,3,58.83,0.232
1515,S2C,6,4.4826,51.0,3,53.45,0.2235
1515,E2C,2,12.5588,0.0,0,19.08,0.0312
1515,W2C,2,12.9592,0.0,0,18.49,0.0254
1516,N2C,6,4.0022,59.0,4,59.87,0.2417
1516,S2C,6,4.3845,55.0,4,54.65,0.2335
1516,E2C,2,12.0292,0.0,0,19.92,0.0388
1516,W2C,2,13.0233,0.0,0,18.4,0.0245
1517,N2C,6,3.95,63.0,4,60.66,0.2451
1517,S2C,6,4.2899,59.0,4,55.85,0.2376
1517,E2C,2,12.2836,0.0,0,19.51,0.0351
1517,W2C,2,13.0135,0.0,0,18.41,0.0246
1518,N2C,6,4.009,67.0,4,59.77,0.2469
1518,S2C,6,4.4606,63.0,4,53.71,0.2378
1518,E2C,2,12.7693,0.0,0,18.76,0.0281
1518,W2C,2,12.6977,0.0,0,18.87,0.0292
1519,N2C,4,6.2388,18.0,2,38.4,0.1582
1519,S2C,4,6.7691,17.0,2,35.4,0.1499
1519,E2C,2,12.72,0.0,0,18.84,0.0288
1519,W2C,2,13.4409,0.0,0,17.83,0.0185
1520,N2C,4,6.7526,0.0,0,35.48,0.1268
1520,S2C,4,6.408,0.0,0,37.39,0.1317
1520,E2C,2,12.9515,0.0,0,18.5,0.0255
1520,W2C,2,13.5031,0.0,0,17.74,0.0176
1521,N2C,4,7.5271,0.0,0,31.83,0.1156
1521,S2C,4,6.319,0.0,0,37.92,0.133
1521,E2C,2,12.118,0.0,0,19.77,0.0375
1521,W2C,2,12.8704,0.0,0,18.62,0.0267
1522,N2C,3,11.3742,0.0,0,21.07,0.0542
1522,S2C,3,10.592,0.0,0,22.62,0.0655
1522,E2C,3,10.7105,0.0,0,22.37,0.0638
1522,W2C,3,11.3749,0.0,0,21.06,0.0542
1523,N2C,3,11.2785,0.0,0,21.24,0.0556
1523,S2C,3,10.9592,0.0,0,21.86,0.0602
1523,E2C,3,9.1378,0.0,0,26.22,0.0864
1523,W2C,3,9.861,0.0,0,24.3,0.076
1524,N2C,2,12.4812,0.0,0,19.2,0.0323
1524,S2C,3,11.0367,0.0,0,21.71,0.0591
1524,E2C,3,8.5331,0.0,0,28.08,0.0951
1524,W2C,3,8.915,0.0,0,26.88,0.0896
1525,N2C,2,13.2421,0.0,0,18.09,0.0213
1525,S2C,2,13.3196,0.0,0,17.99,0.0202
1525,E2C,3,8.2335,1.0,1,29.1,0.1061
1525,W2C,3,8.6739,1.0,1,27.62,0.0998
1526,N2C,2,12.9979,0.0,0,18.43,0.0248
1526,S2C,2,13.0149,0.0,0,18.41,0.0246
1526,E2C,3,8.1111,2.0,1,29.54,0.1085
1526,W2C,3,8.7404,2.0,1,27.41,0.0995
1527,N2C,2,12.8911,0.0,0,18.59,0.0264
1527,S2C,2,13.29,0.0,0,18.03,0.0206
1527,E2C,3,8.5171,3.0,1,28.13,0.1034
1527,W2C,3,8.8486,3.0,1,27.08,0.0986
1528,N2C,2,12.9768,0.0,0,18.46,0.0251
1528,S2C,2,13.383,0.0,0,17.9,0.0193
1528,E2C,3,8.2964,4.0,1,28.88,0.1072
1528,W2C,3,8.7632,4.0,1,27.34,0.1005
1529,N2C,2,12.9154,0.0,0,18.55,0.026
1529,S2C,2,13.3646,0.0,0,17.93,0.0196
1529,E2C,3,8.4049,5.0,1,28.51,0.1063
1529,W2C,3,8.684,5.0,1,27.59,0.1023
1530,N2C,2,13.1803,0.0,0,18.18,0.0222
1530,S2C,2,13.1424,0.0,0,18.23,0.0228
1530,E2C,3,8.6423,6.0,1,27.72,0.1036
1530,W2C,3,8.3997,6.0,1,28.52,0.1071
1531,N2C,3,12.7437,0.0,0,18.8,0.0345
1531,S2C,2,13.4008,0.0,0,17.88,0.019
1531,E2C,4,9.6248,7.0,1,24.89,0.0961
1531,W2C,4,8.5505,7.0,1,28.02,0.1115
1532,N2C,3,12.7122,0.0,0,18.85,0.035
1532,S2C,2,13.6257,0.0,0,17.58,0.0158
1532,E2C,4,9.1105,8.0,1,26.3,0.1042
1532,W2C,4,7.4338,8.0,1,32.23,0.1283
1533,N2C,2,13.2111,0.0,0,18.14,0.0218
1533,S2C,2,13.2552,0.0,0,18.08,0.0211
1533,E2C,4,8.9141,9.0,1,26.88,0.1076
1533,W2C,4,6.5033,9.0,1,36.84,0.1424
1534,N2C,2,13.3396,0.0,0,17.96,0.0199
1534,S2C,2,12.9367,0.0,0,18.52,0.0257
1534,E2C,4,7.8497,10.0,1,30.52,0.1236
1534,W2C,4,6.6465,10.0,1,36.05,0.141
1535,N2C,2,13.1017,0.0,0,18.29,0.0234
1535,S2C,2,12.8565,0.0,0,18.64,0.0269
1535,E2C,4,6.4852,11.0,1,36.95,0.144
1535,W2C,4,6.4345,12.0,2,37.24,0.1514
1536,N2C,2,13.2107,0.0,0,18.14,0.0218
1536,S2C,2,13.2387,0.0,0,18.1,0.0214
1536,E2C,4,6.728,13.0,2,35.61,0.1478
1536,W2C,4,6.5412,14.0,2,36.63,0.1511
1537,N2C,2,13.1022,0.0,0,18.29,0.0233
1537,S2C,2,13.2965,0.0,0,18.02,0.0205
1537,E2C,4,6.4526,15.0,2,37.13,0.1531
1537,W2C,4,6.7089,16.0,2,35.71,0.1501
1538,N2C,2,12.6266,0.0,0,18.98,0.0302
1538,S2C,2,13.5591,0.0,0,17.67,0.0168
1538,E2C,4,6.5631,17.0,2,36.51,0.1528
1538,W2C,4,6.4989,18.0,2,36.87,0.1544
1539,N2C,2,13.631,0.0,0,17.58,0.0157
1539,S2C,2,13.3334,0.0,0,17.97,0.02
1539,E2C,4,5.5899,19.0,2,42.86,0.1682
1539,W2C,4,5.8554,20.0,2,40.92,0.165
1540,N2C,2,13.1955,0.0,0,18.16,0.022
1540,S2C,1,13.7529,0.0,0,17.42,0.008
1540,E2C,5,5.9367,21.0,2,40.36,0.1705
1540,W2C,5,6.4206,22.0,2,37.32,0.1642
1541,N2C,2,13.0323,0.0,0,18.39,0.0244
1541,S2C,2,13.5421,0.0,0,17.69,0.017
1541,E2C,5,4.7812,23.0,2,50.11,0.1885
1541,W2C,5,5.2983,24.0,2,45.22,0.1817
1542,N2C,2,13.0652,0.0,0,18.34,0.0239
1542,S2C,2,13.3887,0.0,0,17.9,0.0192
1542,E2C,5,4.8189,26.0,3,49.72,0.1959
1542,W2C,5,5.3555,26.0,2,44.74,0.1822
1543,N2C,2,12.7529,0.0,0,18.79,0.0284
1543,S2C,2,13.7317,0.0,0,17.45,0.0143
1543,E2C,5,4.918,29.0,3,48.72,0.1965
1543,W2C,5,5.0464,29.0,3,47.48,0.1947
1544,N2C,2,12.6549,0.0,0,18.93,0.0298
1544,S2C,2,13.2277,0.0,0,18.11,0.0215
1544,E2C,5,4.9748,32.0,3,48.16,0.1977
1544,W2C,5,5.2549,32.0,3,45.6,0.1937
1545,N2C,2,13.1946,0.0,0,18.16,0.022
1545,S2C,2,13.3038,0.0,0,18.01,0.0204
1545,E2C,5,4.8611,35.0,3,49.29,0.2013
1545,W2C,5,5.1951,35.0,3,46.12,0.1965
1546,N2C,2,13.3718,0.0,0,17.92,0.0195
1546,S2C,2,13.8605,0.0,0,17.29,0.0124
1546,E2C,5,4.8015,38.0,3,49.9,0.2042
1546,W2C,5,5.2461,38.0,3,45.67,0.1978
1547,N2C,2,12.8822,0.0,0,18.6,0.0265
1547,S2C,2,13.1434,0.0,0,18.23,0.0227
1547,E2C,5,5.0932,41.0,3,47.04,0.202
1547,W2C,5,5.1784,41.0,3,46.27,0.2008
1548,N2C,2,13.1094,0.0,0,18.28,0.0232
1548,S2C,2,12.8532,0.0,0,18.64,0.0269
1548,E2C,5,4.2639,44.0,3,56.19,0.2159
1548,W2C,5,4.999,44.0,3,47.93,0.2054
1549,N2C,2,11.3147,0.0,0,21.18,0.0491
1549,S2C,2,13.5152,0.0,0,17.73,0.0174
1549,E2C,6,5.1256,47.0,3,46.75,0.2115
1549,W2C,6,5.6858,47.0,3,42.14,0.2035
1550,N2C,2,10.6979,0.0,0,22.4,0.058
1550,S2C,2,13.719,0.0,0,17.46,0.0145
1550,E2C,6,4.352,50.0,3,55.06,0.2247
1550,W2C,6,4.9643,50.0,3,48.27,0.2159
1551,N2C,2,11.536,0.0,0,20.77,0.0459
1551,S2C,2,13.0378,0.0,0,18.38,0.0243
1551,E2C,6,3.8155,53.0,3,62.8,0.2344
1551,W2C,6,4.3582,53.0,3,54.98,0.2266
1552,N2C,2,11.5873,0.0,0,20.68,0.0452
1552,S2C,2,13.3339,0.0,0,17.97,0.02
1552,E2C,4,6.1331,12.0,2,39.07,0.1557
1552,W2C,4,6.6798,11.0,2,35.87,0.1472
1553,N2C,2,11.1584,0.0,0,21.47,0.0513
1553,S2C,2,13.2844,0.0,0,18.04,0.0207
1553,E2C,4,6.611,0.0,0,36.24,0.1288
1553,W2C,4,7.5033,0.0,0,31.93,0.116
1554,N2C,2,11.4674,0.0,0,20.89,0.0469
1554,S2C,2,12.921,0.0,0,18.54,0.026
1554,E2C,4,7.5668,0.0,0,31.66,0.115
1554,W2C,4,8.0279,0.0,0,29.85,0.1084
1555,N2C,2,11.4523,0.0,0,20.92,0.0471
1555,S2C,2,13.5338,0.0,0,17.7,0.0171
1555,E2C,2,11.4735,0.0,0,20.88,0.0468
1555,W2C,2,13.3223,0.0,0,17.98,0.0202
1556,N2C,2,11.9804,0.0,0,20.0,0.0395
1556,S2C,2,13.8569,0.0,0,17.29,0.0125
1556,E2C,2,12.5502,0.0,0,19.09,0.0313
1556,W2C,2,12.9457,0.0,0,18.51,0.0256
1557,N2C,2,11.908,0.0,0,20.12,0.0405
1557,S2C,2,13.4858,0.0,0,17.77,0.0178
1557,E2C,2,12.5214,0.0,0,19.14,0.0317
1557,W2C,2,12.3009,0.0,0,19.48,0.0349
1558,N2C,3,11.9926,0.0,0,19.98,0.0453
1558,S2C,3,12.1197,0.0,0,19.77,0.0435
1558,E2C,3,12.54,0.0,0,19.11,0.0374
1558,W2C,2,13.2601,0.0,0,18.07,0.0211
1559,N2C,3,10.6768,0.0,0,22.44,0.0643
1559,S2C,3,10.348,0.0,0,23.15,0.069
1559,E2C,3,11.8454,0.0,0,20.23,0.0474
1559,W2C,2,13.5689,0.0,0,17.66,0.0166
1560,N2C,3,9.0365,0.0,0,26.51,0.0879
1560,S2C,3,9.5209,0.0,0,25.17,0.0809
1560,E2C,3,12.2898,0.0,0,19.5,0.041
1560,W2C,2,13.2583,0.0,0,18.07,0.0211
1561,N2C,3,8.0234,0.0,0,29.86,0.1025
1561,S2C,3,8.5069,1.0,1,28.17,0.1022
1561,E2C,2,11.9685,0.0,0,20.02,0.0397
1561,W2C,2,13.247,0.0,0,18.09,0.0213
1562,N2C,3,7.9719,0.0,0,30.06,0.1032
1562,S2C,3,8.5321,2.0,1,28.08,0.1025
1562,E2C,2,11.8962,0.0,0,20.14,0.0407
1562,W2C,2,12.8229,0.0,0,18.69,0.0274
1563,N2C,3,8.0242,0.0,0,29.86,0.1025
1563,S2C,3,8.5868,3.0,1,27.9,0.1024
1563,E2C,2,12.0695,0.0,0,19.85,0.0382
1563,W2C,2,12.7985,0.0,0,18.72,0.0277
1564,N2C,3,7.8002,0.0,0,30.72,0.1057
1564,S2C,3,8.6198,4.0,1,27.8,0.1026
1564,E2C,2,12.0771,0.0,0,19.84,0.0381
1564,W2C,2,12.9478,0.0,0,18.51,0.0256
1565,N2C,3,7.5369,1.0,1,31.79,0.1161
1565,S2C,3,8.881,5.0,1,26.98,0.0995
1565,E2C,2,11.9067,0.0,0,20.12,0.0406
1565,W2C,2,13.5075,0.0,0,17.74,0.0175
1566,N2C,3,7.995,2.0,1,29.97,0.1102
1566,S2C,3,7.8693,6.0,1,30.45,0.1147
1566,E2C,2,12.1859,0.0,0,19.66,0.0365
1566,W2C,2,12.9549,0.0,0,18.49,0.0255
1567,N2C,4,9.2136,3.0,1,26.01,0.0993
1567,S2C,4,8.0029,7.0,1,29.94,0.1194
1567,E2C,3,12.8749,0.0,0,18.61,0.0326
1567,W2C,2,13.6055,0.0,0,17.61,0.0161
1568,N2C,4,8.8899,4.0,1,26.95,0.1047
1568,S2C,4,7.209,8.0,1,33.24,0.1315
1568,E2C,3,12.8102,0.0,0,18.7,0.0335
1568,W2C,2,12.8551,0.0,0,18.64,0.0269
1569,N2C,4,9.4711,5.0,1,25.3,0.097
1569,S2C,4,6.5493,9.0,1,36.58,0.1417
1569,E2C,2,13.0252,0.0,0,18.4,0.0245
1569,W2C,2,12.7828,0.0,0,18.74,0.0279
1570,N2C,4,9.1773,6.0,1,26.11,0.1019
1570,S2C,4,6.3206,10.0,1,37.91,0.1457
1570,E2C,2,12.7717,0.0,0,18.76,0.0281
1570,W2C,2,13.3149,0.0,0,17.99,0.0203
1571,N2C,4,9.4198,7.0,1,25.44,0.099
1571,S2C,4,6.1382,12.0,2,39.03,0.1556
1571,E2C,2,13.1236,0.0,0,18.26,0.023
1571,W2C,2,13.0269,0.0,0,18.39,0.0244
1572,N2C,4,8.023,8.0,1,29.86,0.1198
1572,S2C,4,6.031,14.0,2,39.73,0.1585
1572,E2C,2,13.2711,0.0,0,18.05,0.0209
1572,W2C,2,12.8465,0.0,0,18.65,0.027
1573,N2C,4,7.1476,9.0,1,33.52,0.1331
1573,S2C,4,6.4125,16.0,2,37.36,0.1543
1573,E2C,2,13.1678,0.0,0,18.2,0.0224
1573,W2C,2,13.4694,0.0,0,17.79,0.0181
1574,N2C,4,6.4342,11.0,2,37.24,0.1507
1574,S2C,4,6.4888,18.0,2,36.93,0.1546
1574,E2C,2,13.2381,0.0,0,18.1,0.0214
1574,W2C,2,13.5846,0.0,0,17.64,0.0164
1575,N2C,4,5.8146,13.0,2,41.21,0.1609
1575,S2C,4,6.5518,20.0,2,36.57,0.155
1575,E2C,2,13.0758,0.0,0,18.32,0.0237
1575,W2C,2,13.4876,0.0,0,17.76,0.0178
1576,N2C,5,6.356,15.0,2,37.7,0.1605
1576,S2C,5,7.1122,22.0,2,33.69,0.1543
1576,E2C,3,12.7765,0.0,0,18.75,0.034
1576,W2C,2,13.4763,0.0,0,17.78,0.018
1577,N2C,5,5.6292,17.0,2,42.56,0.1723
1577,S2C,5,6.2502,24.0,2,38.33,0.168
1577,E2C,2,12.4787,0.0,0,19.2,0.0323
1577,W2C,2,12.8994,0.0,0,18.57,0.0263
1578,N2C,5,5.2967,19.0,2,45.24,0.1784
1578,S2C,5,5.367,26.0,2,44.64,0.1821
1578,E2C,2,13.1274,0.0,0,18.25,0.023
1578,W2C,2,13.2911,0.0,0,18.03,0.0206
1579,N2C,5,5.4114,22.0,3,44.28,0.1847
1579,S2C,5,5.0293,29.0,3,47.64,0.1949
1579,E2C,2,13.069,0.0,0,18.33,0.0238
1579,W2C,2,12.8348,0.0,0,18.67,0.0272
1580,N2C,5,5.2144,25.0,3,45.95,0.1896
1580,S2C,5,5.0766,32.0,3,47.2,0.1962
1580,E2C,2,12.6033,0.0,0,19.01,0.0305
1580,W2C,2,13.1048,0.0,0,18.28,0.0233
1581,N2C,5,5.1078,28.0,3,46.91,0.1931
1581,S2C,5,4.9605,35.0,3,48.3,0.1999
1581,E2C,2,13.2519,0.0,0,18.08,0.0212
1581,W2C,2,13.3867,0.0,0,17.9,0.0192
1582,N2C,5,5.2225,31.0,3,45.88,0.1935
1582,S2C,5,4.9313,38.0,3,48.59,0.2023
1582,E2C,2,12.6572,0.0,0,18.93,0.0298
1582,W2C,2,13.6819,0.0,0,17.51,0.015
1583,N2C,5,5.2934,34.0,3,45.26,0.1944
1583,S2C,5,4.8651,41.0,3,49.25,0.2053
1583,E2C,2,13.2022,0.0,0,18.15,0.0219
1583,W2C,2,12.8915,0.0,0,18.59,0.0264
1584,N2C,5,4.3506,37.0,3,55.07,0.21
1584,S2C,5,4.6007,44.0,3,52.08,0.2111
1584,E2C,2,11.4611,0.0,0,20.91,0.047
1584,W2C,2,12.1207,0.0,0,19.77,0.0375
1585,N2C,4,8.1882,7.0,1,29.26,0.1168
1585,S2C,4,8.1683,7.0,1,29.33,0.1171
1585,E2C,3,10.9988,0.0,0,21.78,0.0596
1585,W2C,3,11.5514,0.0,0,20.74,0.0517
1586,N2C,4,7.6808,0.0,0,31.19,0.1134
1586,S2C,4,7.7109,0.0,0,31.07,0.113
1586,E2C,3,9.2813,0.0,0,25.82,0.0844
1586,W2C,3,9.9053,0.0,0,24.19,0.0754
1587,N2C,4,8.5074,0.0,0,28.16,0.1015
1587,S2C,4,8.3397,0.0,0,28.73,0.1039
1587,E2C,3,8.9154,0.0,0,26.87,0.0896
1587,W2C,3,8.7778,0.0,0,27.3,0.0916
1588,N2C,2,12.9871,0.0,0,18.45,0.025
1588,S2C,2,12.5715,0.0,0,19.06,0.031
1588,E2C,3,8.2643,0.0,0,28.99,0.099
1588,W2C,3,8.8205,0.0,0,27.16,0.091
1589,N2C,2,12.6731,0.0,0,18.91,0.0295
1589,S2C,2,12.8234,0.0,0,18.68,0.0274
1589,E2C,3,8.4307,1.0,1,28.42,0.1033
1589,W2C,3,8.8891,1.0,1,26.95,0.0967
1590,N2C,2,13.3804,0.0,0,17.91,0.0193
1590,S2C,2,13.4305,0.0,0,17.84,0.0186
1590,E2C,3,8.5453,2.0,1,28.04,0.1023
1590,W2C,3,8.3826,2.0,1,28.58,0.1046
1591,N2C,2,12.6209,0.0,0,18.98,0.0303
1591,S2C,2,12.8185,0.0,0,18.69,0.0274
1591,E2C,3,8.7803,3.0,1,27.29,0.0996
1591,W2C,3,8.7493,3.0,1,27.38,0.1
1592,N2C,2,12.5539,0.0,0,19.09,0.0312
1592,S2C,2,13.0756,0.0,0,18.32,0.0237
1592,E2C,3,8.5223,4.0,1,28.11,0.104
1592,W2C,3,9.0133,4.0,1,26.58,0.0969
1593,N2C,2,12.9361,0.0,0,18.52,0.0257
1593,S2C,2,13.3007,0.0,0,18.01,0.0205
1593,E2C,3,8.464,5.0,1,28.31,0.1055
1593,W2C,3,8.5202,5.0,1,28.12,0.1047
1594,N2C,2,13.3677,0.0,0,17.92,0.0195
1594,S2C,3,12.2966,0.0,0,19.49,0.0409
1594,E2C,4,9.804,6.0,1,24.44,0.0928
1594,W2C,4,9.0172,6.0,1,26.57,0.1042
1595,N2C,2,13.4495,0.0,0,17.81,0.0183
1595,S2C,3,11.7114,0.0,0,20.46,0.0494
1595,E2C,4,8.7333,7.0,1,27.44,0.1089
1595,W2C,4,7.615,7.0,1,31.46,0.125
1596,N2C,2,13.3204,0.0,0,17.99,0.0202
1596,S2C,2,11.8137,0.0,0,20.28,0.0419
1596,E2C,4,7.5418,8.0,1,31.77,0.1267
1596,W2C,4,6.7796,8.0,1,35.34,0.1377
1597,N2C,2,12.8714,0.0,0,18.61,0.0267
1597,S2C,2,12.11,0.0,0,19.79,0.0376
1597,E2C,4,6.5706,9.0,1,36.47,0.1414
1597,W2C,4,6.513,10.0,2,36.79,0.1489
1598,N2C,2,12.9948,0.0,0,18.44,0.0249
1598,S2C,2,12.0185,0.0,0,19.94,0.0389
1598,E2C,4,6.6034,11.0,2,36.28,0.1483
1598,W2C,4,6.4489,12.0,2,37.15,0.1511
1599,N2C,2,13.2185,0.0,0,18.13,0.0217
1599,S2C,2,11.4588,0.0,0,20.91,0.047
1599,E2C,4,6.3908,13.0,2,37.49,0.1526
1599,W2C,4,6.8898,14.0,2,34.78,0.1461
1600,N2C,2,13.2097,0.0,0,18.14,0.0218
1600,S2C,2,11.876,0.0,0,20.18,0.041
1600,E2C,4,6.6019,15.0,2,36.29,0.1509
1600,W2C,4,6.6916,16.0,2,35.81,0.1503
1601,N2C,2,12.9188,0.0,0,18.55,0.026
1601,S2C,2,12.2402,0.0,0,19.57,0.0358
1601,E2C,4,6.6077,17.0,2,36.26,0.1522
1601,W2C,4,6.663,18.0,2,35.96,0.1521
1602,N2C,2,13.3016,0.0,0,18.01,0.0205
1602,S2C,2,12.4671,0.0,0,19.22,0.0325
1602,E2C,4,5.924,19.0,2,40.45,0.1634
1602,W2C,4,5.6782,20.0,2,42.2,0.1676
1603,N2C,3,13.2767,0.0,0,18.05,0.0268
1603,S2C,2,12.1053,0.0,0,19.79,0.0377
1603,E2C,5,6.4794,21.0,2,36.98,0.1627
1603,W2C,5,6.4829,22.0,2,36.96,0.1633
1604,N2C,2,13.2589,0.0,0,18.07,0.0211
1604,S2C,2,11.8546,0.0,0,20.21,0.0413
1604,E2C,5,5.521,23.0,2,43.4,0.1778
1604,W2C,5,5.3685,24.0,2,44.63,0.1807
1605,N2C,2,13.1865,0.0,0,18.17,0.0221
1605,S2C,2,12.1321,0.0,0,19.75,0.0373
1605,E2C,5,5.1872,25.0,2,46.19,0.184
1605,W2C,5,5.2939,26.0,2,45.26,0.1831
1606,N2C,2,13.4065,0.0,0,17.87,0.019
1606,S2C,2,11.4214,0.0,0,20.98,0.0475
1606,E2C,5,5.401,28.0,3,44.36,0.1889
1606,W2C,5,5.2559,29.0,3,45.59,0.1917
1607,N2C,2,13.1014,0.0,0,18.29,0.0234
1607,S2C,2,12.1429,0.0,0,19.73,0.0372
1607,E2C,5,5.4339,31.0,3,44.09,0.1904
1607,W2C,5,5.2908,32.0,3,45.29,0.1932
1608,N2C,2,13.2447,0.0,0,18.09,0.0213
1608,S2C,2,12.0928,0.0,0,19.81,0.0379
1608,E2C,5,5.266,34.0,3,45.5,0.1948
1608,W2C,5,5.149,35.0,3,46.53,0.1972
1609,N2C,2,13.5133,0.0,0,17.73,0.0174
1609,S2C,2,11.471,0.0,0,20.89,0.0468
1609,E2C,5,5.0699,37.0,3,47.26,0.1997
1609,W2C,5,5.0549,38.0,3,47.4,0.2005
1610,N2C,2,13.5604,0.0,0,17.67,0.0167
1610,S2C,2,11.8196,0.0,0,20.27,0.0418
1610,E2C,5,5.2856,40.0,3,45.33,0.1986
1610,W2C,5,5.5552,41.0,3,43.13,0.1953
1611,N2C,2,13.4276,0.0,0,17.84,0.0187
1611,S2C,2,11.554,0.0,0,20.74,0.0456
1611,E2C,5,4.5377,43.0,3,52.8,0.2113
1611,W2C,5,4.4342,44.0,3,54.03,0.2135
1612,N2C,2,13.2855,0.0,0,18.03,0.0207
1612,S2C,3,12.5841,0.0,0,19.04,0.0368
1612,E2C,6,5.2532,46.0,3,45.61,0.209
1612,W2C,6,5.0237,47.0,3,47.69,0.213
1613,N2C,2,13.2903,0.0,0,18.03,0.0206
1613,S2C,3,12.2117,0.0,0,19.62,0.0422
1613,E2C,6,4.5792,49.0,3,52.32,0.2207
1613,W2C,6,4.1643,50.0,3,57.54,0.2274
1614,N2C,2,13.5926,0.0,0,17.63,0.0163
1614,S2C,3,12.152,0.0,0,19.72,0.043
1614,E2C,6,4.5347,53.0,4,52.84,0.23
1614,W2C,6,4.3295,54.0,4,55.34,0.2337
1615,N2C,2,13.4697,0.0,0,17.79,0.0181
1615,S2C,3,12.2415,0.0,0,19.57,0.0417
1615,E2C,6,4.3779,57.0,4,54.73,0.235
1615,W2C,6,4.1802,58.0,4,57.32,0.2385
1616,N2C,2,13.7609,0.0,0,17.41,0.0139
1616,S2C,3,11.838,0.0,0,20.24,0.0475
1616,E2C,6,4.4274,61.0,4,54.12,0.2369
1616,W2C,6,4.1876,62.0,4,57.22,0.241
1617,N2C,2,13.4946,0.0,0,17.76,0.0177
1617,S2C,3,10.7073,0.0,0,22.38,0.0638
1617,E2C,6,4.3715,65.0,4,54.81,0.2404
1617,W2C,6,4.1955,66.0,4,57.11,0.2436
1618,N2C,2,13.1747,0.0,0,18.19,0.0223
1618,S2C,3,9.7247,0.0,0,24.64,0.078
1618,E2C,4,6.5702,18.0,2,36.47,0.1534
1618,W2C,4,6.1354,18.0,2,39.05,0.1597
1619,N2C,2,13.5395,0.0,0,17.7,0.017
1619,S2C,3,9.1085,0.0,0,26.31,0.0868
1619,E2C,4,6.7423,0.0,0,35.54,0.1269
1619,W2C,4,6.5197,0.0,0,36.75,0.1301
1620,N2C,2,11.8724,0.0,0,20.18,0.0411
1620,S2C,3,7.8963,1.0,1,30.34,0.111
1620,E2C,4,7.0482,0.0,0,33.99,0.1225
1620,W2C,4,6.6583,0.0,0,35.99,0.1281
1621,N2C,3,11.125,0.0,0,21.54,0.0578
1621,S2C,4,8.4094,2.0,1,28.49,0.1102
1621,E2C,3,10.6151,0.0,0,22.57,0.0652
1621,W2C,3,10.4896,0.0,0,22.84,0.067
1622,N2C,3,9.7485,0.0,0,24.58,0.0776
1622,S2C,4,7.3214,3.0,1,32.73,0.1266
1622,E2C,3,9.8637,0.0,0,24.29,0.076
1622,W2C,3,10.9312,0.0,0,21.92,0.0606
1623,N2C,3,9.0563,0.0,0,26.46,0.0876
1623,S2C,4,6.6061,4.0,1,36.27,0.1375
1623,E2C,3,10.3335,0.0,0,23.19,0.0692
1623,W2C,2,12.6421,0.0,0,18.95,0.03
1624,N2C,3,8.9117,1.0,1,26.89,0.0963
1624,S2C,4,6.3767,6.0,2,37.57,0.1482
1624,E2C,2,12.7532,0.0,0,18.79,0.0284
1624,W2C,2,12.7885,0.0,0,18.74,0.0279
1625,N2C,3,8.7517,2.0,1,27.38,0.0993
1625,S2C,4,6.4773,8.0,2,36.99,0.1481
1625,E2C,2,11.8565,0.0,0,20.21,0.0413
1625,W2C,2,13.3541,0.0,0,17.94,0.0197
1626,N2C,3,8.6613,3.0,1,27.66,0.1013
1626,S2C,4,6.317,10.0,2,37.93,0.1517
1626,E2C,2,12.2671,0.0,0,19.53,0.0354
1626,W2C,2,12.7765,0.0,0,18.75,0.028
1627,N2C,3,8.6221,4.0,1,27.79,0.1025
1627,S2C,4,6.6727,12.0,2,35.91,0.1479
1627,E2C,2,11.8753,0.0,0,20.18,0.041
1627,W2C,2,12.9185,0.0,0,18.55,0.026
1628,N2C,3,8.6781,5.0,1,27.61,0.1024
1628,S2C,4,6.0747,14.0,2,39.44,0.1579
1628,E2C,2,12.6146,0.0,0,18.99,0.0304
1628,W2C,2,13.1473,0.0,0,18.22,0.0227
1629,N2C,3,7.832,6.0,1,30.59,0.1152
1629,S2C,4,5.1505,16.0,2,46.52,0.1725
1629,E2C,2,11.9188,0.0,0,20.1,0.0404
1629,W2C,2,12.84,0.0,0,18.66,0.0271
1630,N2C,4,8.7075,7.0,1,27.52,0.1093
1630,S2C,5,5.8171,18.0,2,41.19,0.1702
1630,E2C,2,12.7593,0.0,0,18.78,0.0283
1630,W2C,3,11.8362,0.0,0,20.24,0.0476
1631,N2C,4,7.673,8.0,1,31.23,0.1249
1631,S2C,5,4.9423,20.0,2,48.48,0.1842
1631,E2C,2,12.0245,0.0,0,19.93,0.0389
1631,W2C,3,11.6367,0.0,0,20.59,0.0504
1632,N2C,4,6.5731,9.0,1,36.45,0.1414
1632,S2C,5,4.8349,23.0,3,49.56,0.1937
1632,E2C,2,12.3245,0.0,0,19.44,0.0345
1632,W2C,2,12.4269,0.0,0,19.28,0.0331
1633,N2C,4,6.6495,11.0,2,36.03,0.1476
1633,S2C,5,4.7545,26.0,3,50.39,0.1969
1633,E2C,2,12.697,0.0,0,18.87,0.0292
1633,W2C,2,11.5628,0.0,0,20.72,0.0455
1634,N2C,4,6.8158,13.0,2,35.15,0.1465
1634,S2C,5,4.8895,29.0,3,49.0,0.1969
1634,E2C,2,12.3854,0.0,0,19.35,0.0337
1634,W2C,2,11.5118,0.0,0,20.81,0.0462
1635,N2C,4,6.4236,15.0,2,37.3,0.1535
1635,S2C,5,4.7279,32.0,3,50.68,0.2013
1635,E2C,2,12.0082,0.0,0,19.95,0.0391
1635,W2C,2,12.0015,0.0,0,19.96,0.0392
1636,N2C,4,6.6712,17.0,2,35.92,0.1513
1636,S2C,5,4.6515,35.0,3,51.51,0.2044
1636,E2C,2,11.7562,0.0,0,20.38,0.0427
1636,W2C,2,12.3093,0.0,0,19.46,0.0348
1637,N2C,4,6.7931,19.0,2,35.27,0.1509
1637,S2C,5,4.6149,38.0,3,51.92,0.2069
1637,E2C,2,12.0398,0.0,0,19.9,0.0386
1637,W2C,2,12.008,0.0,0,19.95,0.0391
1638,N2C,4,5.6002,21.0,2,42.78,0.1694
1638,S2C,5,4.7036,41.0,3,50.94,0.2076
1638,E2C,2,12.2982,0.0,0,19.48,0.0349
1638,W2C,2,12.6163,0.0,0,18.99,0.0303
1639,N2C,5,6.4473,23.0,2,37.16,0.1645
1639,S2C,6,5.8323,44.0,3,41.08,0.1994
1639,E2C,3,13.0801,0.0,0,18.32,0.0297
1639,W2C,2,12.3559,0.0,0,19.39,0.0341
1640,N2C,5,5.521,25.0,2,43.4,0.1792
1640,S2C,6,5.0716,47.0,3,47.24,0.2123
1640,E2C,3,12.7902,0.0,0,18.73,0.0338
1640,W2C,2,11.9681,0.0,0,20.02,0.0397
1641,N2C,5,5.2187,27.0,2,45.91,0.1849
1641,S2C,6,4.2092,50.0,3,56.92,0.2267
1641,E2C,3,12.7951,0.0,0,18.73,0.0338
1641,W2C,2,11.9263,0.0,0,20.09,0.0403
1642,N2C,5,5.4109,29.0,2,44.28,0.1834
1642,S2C,6,4.2611,53.0,3,56.23,0.228
1642,E2C,2,13.2079,0.0,0,18.14,0.0218
1642,W2C,2,12.335,0.0,0,19.42,0.0344
1643,N2C,5,5.3218,32.0,3,45.02,0.1927
1643,S2C,6,4.1567,56.0,3,57.64,0.2315
1643,E2C,2,13.3856,0.0,0,17.9,0.0193
1643,W2C,2,11.9298,0.0,0,20.08,0.0402
1644,N2C,5,5.235,35.0,3,45.77,0.196
1644,S2C,6,4.1349,60.0,4,57.95,0.2405
1644,E2C,2,13.6702,0.0,0,17.53,0.0152
1644,W2C,2,12.5194,0.0,0,19.14,0.0317
1645,N2C,5,5.3118,38.0,3,45.11,0.1968
1645,S2C,6,4.2726,64.0,4,56.08,0.2411
1645,E2C,2,13.1429,0.0,0,18.23,0.0228
1645,W2C,2,12.4486,0.0,0,19.25,0.0328
1646,N2C,5,5.4179,41.0,3,44.22,0.1973
1646,S2C,6,4.1687,68.0,4,57.48,0.2453
1646,E2C,2,13.0221,0.0,0,18.4,0.0245
1646,W2C,2,12.127,0.0,0,19.76,0.0374
1647,N2C,5,4.5766,44.0,3,52.35,0.2114
1647,S2C,6,4.2642,72.0,4,56.19,0.2466
1647,E2C,2,13.2778,0.0,0,18.05,0.0208
1647,W2C,2,12.172,0.0,0,19.68,0.0367
1648,N2C,6,5.263,47.0,3,45.53,0.2096
1648,S2C,7,5.3619,76.0,4,44.69,0.2395
1648,E2C,2,13.3808,0.0,0,17.91,0.0193
1648,W2C,3,12.8207,0.0,0,18.69,0.0334
1649,N2C,6,4.5555,50.0,3,52.6,0.2217
1649,S2C,7,4.9754,80.0,4,48.16,0.2477
1649,E2C,2,13.4904,0.0,0,17.76,0.0178
1649,W2C,3,12.3288,0.0,0,19.43,0.0405
1650,N2C,6,4.4382,54.0,4,53.99,0.2321
1650,S2C,7,4.2378,84.0,4,56.54,0.261
1650,E2C,2,13.1949,0.0,0,18.16,0.022
1650,W2C,3,12.7948,0.0,0,18.73,0.0338
1651,N2C,4,6.5985,11.0,2,36.31,0.1483
1651,S2C,5,5.1841,28.0,2,46.22,0.186
1651,E2C,2,13.0999,0.0,0,18.29,0.0234
1651,W2C,3,11.7329,0.0,0,20.42,0.0491
1652,N2C,4,7.7379,0.0,0,30.96,0.1126
1652,S2C,5,5.5565,1.0,1,43.12,0.1567
1652,E2C,2,13.2911,0.0,0,18.03,0.0206
1652,W2C,3,10.5367,0.0,0,22.74,0.0663
1653,N2C,4,8.6874,0.0,0,27.58,0.0989
1653,S2C,5,6.4954,0.0,0,36.89,0.1365
1653,E2C,2,13.0299,0.0,0,18.39,0.0244
1653,W2C,3,9.3569,0.0,0,25.61,0.0833
1654,N2C,2,13.4727,0.0,0,17.78,0.018
1654,S2C,3,9.5243,0.0,0,25.16,0.0809
1654,E2C,2,13.3379,0.0,0,17.96,0.0199
1654,W2C,3,8.7731,0.0,0,27.31,0.0917
1655,N2C,2,13.4909,0.0,0,17.76,0.0177
1655,S2C,3,10.1315,0.0,0,23.65,0.0721
1655,E2C,2,13.3768,0.0,0,17.91,0.0194
1655,W2C,3,8.85,0.0,0,27.07,0.0906
1656,N2C,2,12.5077,0.0,0,19.16,0.0319
1656,S2C,2,12.7364,0.0,0,18.81,0.0286
1656,E2C,2,12.2411,0.0,0,19.57,0.0357
1656,W2C,3,7.7865,1.0,1,30.77,0.1126
1657,N2C,2,13.291,0.0,0,18.03,0.0206
1657,S2C,2,12.9269,0.0,0,18.53,0.0259
1657,E2C,3,11.2602,0.0,0,21.28,0.0559
1657,W2C,4,8.1741,2.0,1,29.31,0.1136
1658,N2C,2,12.7038,0.0,0,18.86,0.0291
1658,S2C,2,12.3188,0.0,0,19.45,0.0346
1658,E2C,3,9.8301,0.0,0,24.37,0.0765
1658,W2C,4,6.8167,3.0,1,35.15,0.1338
1659,N2C,2,13.04,0.0,0,18.37,0.0242
1659,S2C,2,13.0578,0.0,0,18.35,0.024
1659,E2C,3,8.961,0.0,0,26.74,0.089
1659,W2C,4,6.1787,4.0,1,38.78,0.1437
1660,N2C,2,12.4643,0.0,0,19.22,0.0325
1660,S2C,2,12.463,0.0,0,19.22,0.0325
1660,E2C,3,8.6229,0.0,0,27.79,0.0938
1660,W2C,4,6.1595,6.0,2,38.9,0.1513
1661,N2C,2,12.2993,0.0,0,19.48,0.0349
1661,S2C,2,13.386,0.0,0,17.9,0.0193
1661,E2C,3,8.889,1.0,1,26.95,0.0967
1661,W2C,4,6.0097,8.0,2,39.87,0.1548
1662,N2C,2,13.059,0.0,0,18.35,0.024
1662,S2C,2,12.3181,0.0,0,19.45,0.0346
1662,E2C,3,8.8003,2.0,1,27.23,0.0986
1662,W2C,4,5.9199,10.0,2,40.47,0.1574
1663,N2C,2,13.3879,0.0,0,17.9,0.0192
1663,S2C,2,12.5395,0.0,0,19.11,0.0314
1663,E2C,3,8.78,3.0,1,27.29,0.0996
1663,W2C,4,6.0266,12.0,2,39.76,0.1572
1664,N2C,2,13.4471,0.0,0,17.82,0.0184
1664,S2C,2,12.9053,0.0,0,18.57,0.0262
1664,E2C,3,8.9309,4.0,1,26.83,0.0981
1664,W2C,4,6.1152,14.0,2,39.18,0.1573
1665,N2C,2,13.2441,0.0,0,18.09,0.0213
1665,S2C,2,13.0519,0.0,0,18.36,0.0241
1665,E2C,3,8.3034,5.0,1,28.86,0.1078
1665,W2C,4,5.2058,16.0,2,46.03,0.1717
1666,N2C,2,13.314,0.0,0,18.0,0.0203
1666,S2C,3,13.1396,0.0,0,18.23,0.0288
1666,E2C,4,8.5704,6.0,1,27.96,0.1106
1666,W2C,5,5.9382,18.0,2,40.35,0.1685
1667,N2C,2,12.8623,0.0,0,18.63,0.0268
1667,S2C,2,13.6306,0.0,0,17.58,0.0157
1667,E2C,4,7.5169,7.0,1,31.87,0.1264
1667,W2C,5,5.2059,20.0,2,46.02,0.1804
1668,N2C,2,12.4335,0.0,0,19.27,0.033
1668,S2C,2,12.7088,0.0,0,18.85,0.029
1668,E2C,4,6.875,8.0,1,34.85,0.1363
1668,W2C,5,5.0772,22.0,2,47.19,0.1836
1669,N2C,2,13.1764,0.0,0,18.18,0.0223
1669,S2C,2,13.1619,0.0,0,18.2,0.0225
1669,E2C,4,6.5243,10.0,2,36.72,0.1487
1669,W2C,5,4.969,25.0,3,48.22,0.1931
1670,N2C,2,12.7372,0.0,0,18.81,0.0286
1670,S2C,2,13.2075,0.0,0,18.14,0.0218
1670,E2C,4,6.7905,12.0,2,35.28,0.1462
1670,W2C,5,4.6999,28.0,3,50.98,0.199
1671,N2C,2,12.971,0.0,0,18.47,0.0252
1671,S2C,2,13.1549,0.0,0,18.21,0.0226
1671,E2C,4,6.6178,14.0,2,36.21,0.15
1671,W2C,5,4.9512,31.0,3,48.39,0.1974
1672,N2C,2,12.8287,0.0,0,18.68,0.0273
1672,S2C,2,13.6744,0.0,0,17.52,0.0151
1672,E2C,4,6.6522,16.0,2,36.02,0.1509
1672,W2C,5,4.9447,34.0,3,48.46,0.1995
1673,N2C,2,12.9246,0.0,0,18.54,0.0259
1673,S2C,2,13.6179,0.0,0,17.59,0.0159
1673,E2C,4,6.3701,18.0,2,37.61,0.1563
1673,W2C,5,5.044,37.0,3,47.5,0.2
1674,N2C,2,12.2342,0.0,0,19.58,0.0358
1674,S2C,2,13.7367,0.0,0,17.44,0.0142
1674,E2C,4,5.5274,20.0,2,43.35,0.1697
1674,W2C,5,4.9255,40.0,3,48.65,0.2037
1675,N2C,3,12.5129,0.0,0,19.15,0.0378
1675,S2C,2,13.4382,0.0,0,17.83,0.0185
1675,E2C,5,6.3454,22.0,2,37.76,0.1653
1675,W2C,6,6.4993,43.0,3,36.87,0.1891
1676,N2C,2,12.6388,0.0,0,18.96,0.03
1676,S2C,2,13.5133,0.0,0,17.73,0.0174
1676,E2C,5,5.2923,24.0,2,45.27,0.1818
1676,W2C,6,5.8602,46.0,3,40.89,0.2003
1677,N2C,2,12.1211,0.0,0,19.77,0.0375
1677,S2C,2,13.3998,0.0,0,17.88,0.0191
1677,E2C,5,5.0891,26.0,2,47.08,0.1861
1677,W2C,6,5.7327,49.0,3,41.79,0.2041
1678,N2C,2,12.2221,0.0,0,19.6,0.036
1678,S2C,2,13.4218,0.0,0,17.85,0.0187
1678,E2C,5,5.2093,28.0,2,45.99,0.1857
1678,W2C,6,5.4664,52.0,3,43.83,0.21
1679,N2C,2,12.4306,0.0,0,19.28,0.033
1679,S2C,2,13.5202,0.0,0,17.72,0.0173
1679,E2C,5,5.0036,31.0,3,47.89,0.1966
1679,W2C,6,4.4569,55.0,3,53.76,0.2265
1680,N2C,2,12.8133,0.0,0,18.7,0.0275
1680,S2C,2,12.8804,0.0,0,18.6,0.0265
1680,E2C,5,5.0408,34.0,3,47.53,0.1981
1680,W2C,6,4.4788,58.0,3,53.5,0.2282
1681,N2C,2,13.0438,0.0,0,18.37,0.0242
1681,S2C,2,13.4537,0.0,0,17.81,0.0183
1681,E2C,5,5.2905,37.0,3,45.29,0.1965
1681,W2C,6,4.2915,62.0,4,55.83,0.2395
1682,N2C,2,13.0609,0.0,0,18.34,0.0239
1682,S2C,2,13.4711,0.0,0,17.79,0.018
1682,E2C,5,5.1825,40.0,3,46.23,0.2
1682,W2C,6,3.9017,66.0,4,61.41,0.2478
1683,N2C,2,13.161,0.0,0,18.21,0.0225
1683,S2C,2,11.7892,0.0,0,20.32,0.0422
1683,E2C,5,4.3268,43.0,3,55.38,0.2144
1683,W2C,6,3.2962,70.0,4,72.69,0.2592
1684,N2C,3,11.6102,0.0,0,20.64,0.0508
1684,S2C,3,10.7974,0.0,0,22.19,0.0625
1684,E2C,4,8.0374,6.0,1,29.81,0.1183
1684,W2C,5,5.8872,20.0,2,40.7,0.1706
1685,N2C,3,10.1241,0.0,0,23.67,0.0722
1685,S2C,3,10.1367,0.0,0,23.64,0.072
1685,E2C,4,7.0718,0.0,0,33.88,0.1222
1685,W2C,5,5.9101,0.0,0,40.54,0.1449
1686,N2C,3,8.7799,0.0,0,27.29,0.0916
1686,S2C,3,8.7043,0.0,0,27.53,0.0927
1686,E2C,4,7.5105,0.0,0,31.9,0.1159
1686,W2C,5,6.9251,0.0,0,34.6,0.1303
1687,N2C,3,8.3906,0.0,0,28.56,0.0972
1687,S2C,3,8.7304,1.0,1,27.44,0.099
1687,E2C,3,9.9596,0.0,0,24.06,0.0746
1687,W2C,3,9.7919,0.0,0,24.47,0.077
1688,N2C,3,8.548,1.0,1,28.03,0.1016
1688,S2C,3,8.5493,2.0,1,28.03,0.1022
1688,E2C,2,12.9174,0.0,0,18.55,0.026
1688,W2C,3,10.0979,0.0,0,23.73,0.0726
1689,N2C,3,8.4705,2.0,1,28.29,0.1034
1689,S2C,3,8.4677,3.0,1,28.3,0.1041
1689,E2C,2,13.1087,0.0,0,18.28,0.0232
1689,W2C,2,13.2138,0.0,0,18.13,0.0217
1690,N2C,3,8.5798,3.0,1,27.93,0.1025
1690,S2C,3,8.5713,4.0,1,27.95,0.1032
1690,E2C,2,13.2545,0.0,0,18.08,0.0211
1690,W2C,2,13.17,0.0,0,18.19,0.0224
1691,N2C,3,8.4866,4.0,1,28.23,0.1045
1691,S2C,3,8.5376,5.0,1,28.06,0.1044
1691,E2C,2,12.683,0.0,0,18.89,0.0294
1691,W2C,2,13.1593,0.0,0,18.21,0.0225
1692,N2C,3,8.6697,5.0,1,27.64,0.1025
1692,S2C,3,8.2198,6.0,1,29.15,0.1096
1692,E2C,2,12.6251,0.0,0,18.98,0.0302
1692,W2C,2,13.1173,0.0,0,18.27,0.0231
1693,N2C,4,8.9766,6.0,1,26.69,0.1047
1693,S2C,4,8.5093,7.0,1,28.16,0.1121
1693,E2C,3,12.7046,0.0,0,18.86,0.0351
1693,W2C,3,12.8567,0.0,0,18.64,0.0329
1694,N2C,4,8.6172,7.0,1,27.8,0.1106
1694,S2C,4,7.578,8.0,1,31.62,0.1262
1694,E2C,2,13.4853,0.0,0,17.77,0.0178
1694,W2C,2,12.8494,0.0,0,18.65,0.027
1695,N2C,4,7.5476,8.0,1,31.75,0.1267
1695,S2C,4,6.4106,10.0,2,37.38,0.1504
1695,E2C,2,13.1773,0.0,0,18.18,0.0223
1695,W2C,2,12.8685,0.0,0,18.62,0.0267
1696,N2C,4,6.6037,9.0,1,36.28,0.1409
1696,S2C,4,6.3545,12.0,2,37.71,0.1525
1696,E2C,2,13.2209,0.0,0,18.12,0.0216
1696,W2C,2,12.2793,0.0,0,19.51,0.0352
1697,N2C,4,6.3724,10.0,1,37.6,0.1449
1697,S2C,4,6.6436,14.0,2,36.06,0.1497
1697,E2C,2,13.0592,0.0,0,18.35,0.024
1697,W2C,2,12.4701,0.0,0,19.21,0.0324
1698,N2C,4,6.293,12.0,2,38.07,0.1534
1698,S2C,4,6.7062,16.0,2,35.73,0.1501
1698,E2C,2,13.0818,0.0,0,18.32,0.0236
1698,W2C,2,12.5815,0.0,0,19.04,0.0308
1699,N2C,4,6.2353,14.0,2,38.43,0.1556
1699,S2C,4,6.4861,18.0,2,36.94,0.1546
1699,E2C,2,13.5528,0.0,0,17.68,0.0169
1699,W2C,2,12.4192,0.0,0,19.29,0.0332
1700,N2C,4,6.2626,16.0,2,38.26,0.1565
1700,S2C,4,6.3274,20.0,2,37.87,0.1582
1700,E2C,2,13.1037,0.0,0,18.28,0.0233
1700,W2C,2,12.856,0.0,0,18.64,0.0269
1701,N2C,4,5.145,18.0,2,46.57,0.1739
1701,S2C,4,6.1735,22.0,2,38.81,0.1618
1701,E2C,2,13.0686,0.0,0,18.33,0.0238
1701,W2C,2,12.5466,0.0,0,19.1,0.0313
1702,N2C,5,5.9522,20.0,2,40.25,0.1696
1702,S2C,5,6.8372,24.0,2,35.04,0.1596
1702,E2C,2,13.5087,0.0,0,17.74,0.0175
1702,W2C,2,12.7364,0.0,0,18.81,0.0286
1703,N2C,5,4.9161,22.0,2,48.74,0.1859
1703,S2C,5,5.8189,26.0,2,41.18,0.1755
1703,E2C,2,12.5723,0.0,0,19.06,0.031
1703,W2C,2,12.3872,0.0,0,19.34,0.0336
1704,N2C,5,4.9312,25.0,3,48.59,0.1937
1704,S2C,5,5.4388,28.0,2,44.05,0.1824
1704,E2C,2,13.4441,0.0,0,17.82,0.0184
1704,W2C,2,12.8399,0.0,0,18.66,0.0271
1705,N2C,5,4.7427,28.0,3,50.52,0.1984
1705,S2C,5,5.3902,30.0,2,44.45,0.1844
1705,E2C,2,12.8748,0.0,0,18.61,0.0266
1705,W2C,2,12.9399,0.0,0,18.52,0.0257
1706,N2C,5,4.6836,31.0,3,51.16,0.2012
1706,S2C,5,5.435,33.0,3,44.08,0.1917
1706,E2C,2,13.4074,0.0,0,17.87,0.0189
1706,W2C,2,12.5993,0.0,0,19.02,0.0306
1707,N2C,5,4.6936,34.0,3,51.05,0.2031
1707,S2C,5,5.392,36.0,3,44.44,0.1944
1707,E2C,2,13.3099,0.0,0,18.0,0.0204
1707,W2C,2,12.9013,0.0,0,18.57,0.0262
1708,N2C,5,4.8121,37.0,3,49.79,0.2034
1708,S2C,5,5.5213,39.0,3,43.4,0.1945
1708,E2C,2,13.6337,0.0,0,17.57,0.0157
1708,W2C,2,12.8019,0.0,0,18.72,0.0277
1709,N2C,5,4.6999,40.0,3,50.98,0.207
1709,S2C,5,5.1274,42.0,3,46.73,0.2022
1709,E2C,2,12.4794,0.0,0,19.2,0.0323
1709,W2C,2,12.8071,0.0,0,18.71,0.0276
1710,N2C,5,4.7245,43.0,3,50.71,0.2086
1710,S2C,5,4.4233,45.0,3,54.17,0.2143
1710,E2C,2,13.6451,0.0,0,17.56,0.0155
1710,W2C,2,12.7879,0.0,0,18.74,0.0279
1711,N2C,6,6.3077,46.0,3,37.99,0.1938
1711,S2C,6,5.2966,48.0,3,45.24,0.2097
1711,E2C,3,13.1374,0.0,0,18.24,0.0288
1711,W2C,3,12.5415,0.0,0,19.1,0.0374
1712,N2C,6,5.98,49.0,3,40.07,0.2006
1712,S2C,6,4.7685,51.0,3,50.25,0.2193
1712,E2C,2,13.1903,0.0,0,18.16,0.0221
1712,W2C,3,12.8333,0.0,0,18.67,0.0332
1713,N2C,6,5.3567,52.0,3,44.73,0.2115
1713,S2C,6,4.6222,54.0,3,51.84,0.2234
1713,E2C,2,13.1462,0.0,0,18.23,0.0227
1713,W2C,3,12.6257,0.0,0,18.98,0.0362
1714,N2C,6,4.4148,55.0,3,54.27,0.2271
1714,S2C,6,4.4554,58.0,4,53.78,0.2345
1714,E2C,2,13.1954,0.0,0,18.16,0.022
1714,W2C,2,12.889,0.0,0,18.59,0.0264
1715,N2C,6,4.5377,58.0,3,52.8,0.2273
1715,S2C,6,4.5201,62.0,4,53.01,0.2362
1715,E2C,2,13.3038,0.0,0,18.01,0.0204
1715,W2C,2,13.2669,0.0,0,18.06,0.021
1716,N2C,6,4.174,62.0,4,57.4,0.2412
1716,S2C,6,4.4973,66.0,4,53.28,0.2392
1716,E2C,2,13.3464,0.0,0,17.95,0.0198
1716,W2C,2,12.673,0.0,0,18.91,0.0295
1717,N2C,4,6.3946,16.0,2,37.47,0.1546
1717,S2C,4,6.4653,16.0,2,37.06,0.1536
1717,E2C,2,13.6474,0.0,0,17.56,0.0155
1717,W2C,2,12.617,0.0,0,18.99,0.0303
1718,N2C,4,6.5653,0.0,0,36.49,0.1295
1718,S2C,4,6.5974,0.0,0,36.32,0.129
1718,E2C,2,13.2764,0.0,0,18.05,0.0208
1718,W2C,2,12.4214,0.0,0,19.29,0.0331
1719,N2C,4,7.4574,0.0,0,32.13,0.1166
1719,S2C,4,7.1021,0.0,0,33.74,0.1217
1719,E2C,2,12.5478,0.0,0,19.09,0.0313
1719,W2C,2,13.2168,0.0,0,18.13,0.0217
1720,N2C,3,11.9189,0.0,0,20.1,0.0464
1720,S2C,3,10.5394,0.0,0,22.73,0.0662
1720,E2C,3,11.2867,0.0,0,21.23,0.0555
1720,W2C,3,12.1318,0.0,0,19.75,0.0433
1721,N2C,3,11.0687,0.0,0,21.65,0.0586
1721,S2C,3,10.8796,0.0,0,22.02,0.0613
1721,E2C,3,10.1516,0.0,0,23.6,0.0718
1721,W2C,3,11.1001,0.0,0,21.59,0.0582
1722,N2C,3,11.6537,0.0,0,20.56,0.0502
1722,S2C,2,12.7383,0.0,0,18.81,0.0286
1722,E2C,3,9.0214,0.0,0,26.56,0.0881
1722,W2C,3,9.5479,0.0,0,25.09,0.0805
1723,N2C,2,13.0491,0.0,0,18.36,0.0241
1723,S2C,2,12.7882,0.0,0,18.74,0.0279
1723,E2C,3,8.644,1.0,1,27.72,0.1002
1723,W2C,3,8.9137,0.0,0,26.88,0.0897
1724,N2C,2,13.0941,0.0,0,18.3,0.0235
1724,S2C,2,12.8523,0.0,0,18.64,0.0269
1724,E2C,3,8.641,2.0,1,27.73,0.1009
1724,W2C,3,8.5171,1.0,1,28.13,0.102
1725,N2C,2,13.3105,0.0,0,18.0,0.0203
1725,S2C,2,12.7224,0.0,0,18.83,0.0288
1725,E2C,3,8.8865,3.0,1,26.96,0.098
1725,W2C,3,9.2213,2.0,1,25.98,0.0926
1726,N2C,2,13.1836,0.0,0,18.17,0.0222
1726,S2C,2,12.7434,0.0,0,18.8,0.0285
1726,E2C,3,9.0416,4.0,1,26.5,0.0965
1726,W2C,3,8.7384,3.0,1,27.42,0.1002
1727,N2C,2,13.3426,0.0,0,17.96,0.0199
1727,S2C,2,12.7659,0.0,0,18.77,0.0282
1727,E2C,3,8.8466,5.0,1,27.08,0.1
1727,W2C,3,8.5036,4.0,1,28.18,0.1042
1728,N2C,2,13.4165,0.0,0,17.86,0.0188
1728,S2C,2,13.105,0.0,0,18.28,0.0233
1728,E2C,3,8.2731,6.0,1,28.96,0.1089
1728,W2C,3,7.8267,5.0,1,30.61,0.1146
1729,N2C,2,13.8379,0.0,0,17.31,0.0128
1729,S2C,2,12.9859,0.0,0,18.45,0.025
1729,E2C,4,8.3672,7.0,1,28.64,0.1142
1729,W2C,4,8.3804,6.0,1,28.59,0.1133
1730,N2C,2,13.3265,0.0,0,17.98,0.0201
1730,S2C,2,12.7325,0.0,0,18.82,0.0287
1730,E2C,4,7.5384,8.0,1,31.78,0.1268
1730,W2C,4,7.3519,7.0,1,32.59,0.1288
1731,N2C,2,13.6487,0.0,0,17.55,0.0155
1731,S2C,2,12.9684,0.0,0,18.48,0.0253
1731,E2C,4,6.7917,9.0,1,35.28,0.1382
1731,W2C,4,6.7336,8.0,1,35.58,0.1384
1732,N2C,2,13.4455,0.0,0,17.82,0.0184
1732,S2C,2,12.5534,0.0,0,19.09,0.0312
1732,E2C,4,6.6325,11.0,2,36.13,0.1478
1732,W2C,4,6.6526,9.0,1,36.02,0.1402
1733,N2C,2,13.6113,0.0,0,17.6,0.016
1733,S2C,2,12.7885,0.0,0,18.74,0.0279
1733,E2C,4,6.3226,13.0,2,37.9,0.1536
1733,W2C,4,6.3872,11.0,2,37.51,0.1514
1734,N2C,2,12.9035,0.0,0,18.57,0.0262
1734,S2C,2,12.5805,0.0,0,19.05,0.0309
1734,E2C,4,6.1025,15.0,2,39.26,0.1581
1734,W2C,4,6.4138,13.0,2,37.36,0.1523
1735,N2C,2,13.162,0.0,0,18.2,0.0225
1735,S2C,2,12.3306,0.0,0,19.43,0.0345
1735,E2C,4,6.3894,17.0,2,37.5,0.1553
1735,W2C,4,6.4325,15.0,2,37.25,0.1534
1736,N2C,2,13.337,0.0,0,17.97,0.02
1736,S2C,2,12.5163,0.0,0,19.14,0.0318
1736,E2C,4,6.623,19.0,2,36.18,0.1533
1736,W2C,4,6.67,17.0,2,35.92,0.1513
1737,N2C,2,13.2274,0.0,0,18.11,0.0215
1737,S2C,2,12.6239,0.0,0,18.98,0.0302
1737,E2C,4,5.4173,21.0,2,44.23,0.172
1737,W2C,4,5.5592,19.0,2,43.1,0.1686
1738,N2C,1,13.4123,0.0,0,17.86,0.0129
1738,S2C,3,12.9917,0.0,0,18.44,0.0309
1738,E2C,5,5.7916,23.0,2,41.37,0.1739
1738,W2C,5,6.4362,21.0,2,37.23,0.1633
1739,N2C,2,13.067,0.0,0,18.34,0.0239
1739,S2C,2,12.716,0.0,0,18.84,0.0289
1739,E2C,5,4.6382,25.0,2,51.66,0.1919
1739,W2C,5,5.3662,23.0,2,44.65,0.1801
1740,N2C,2,12.1778,0.0,0,19.68,0.0367
1740,S2C,2,13.3617,0.0,0,17.93,0.0196
1740,E2C,5,4.5003,28.0,3,53.24,0.2019
1740,W2C,5,5.2598,25.0,2,45.55,0.1829
1741,N2C,2,12.1742,0.0,0,19.68,0.0367
1741,S2C,2,13.127,0.0,0,18.25,0.023
1741,E2C,5,4.6197,31.0,3,51.86,0.2021
1741,W2C,5,5.331,28.0,3,44.94,0.1899
1742,N2C,2,12.2053,0.0,0,19.63,0.0363
1742,S2C,2,13.6395,0.0,0,17.57,0.0156
1742,E2C,5,4.7664,34.0,3,50.27,0.202
1742,W2C,5,4.964,31.0,3,48.27,0.1972
1743,N2C,2,12.5655,0.0,0,19.07,0.0311
1743,S2C,2,13.2671,0.0,0,18.06,0.021
1743,E2C,5,4.5804,37.0,3,52.31,0.2067
1743,W2C,5,5.0712,34.0,3,47.25,0.1976
1744,N2C,2,12.3138,0.0,0,19.46,0.0347
1744,S2C,2,13.2918,0.0,0,18.03,0.0206
1744,E2C,5,4.9085,40.0,3,48.81,0.204
1744,W2C,5,5.1517,37.0,3,46.51,0.1985
1745,N2C,2,12.4341,0.0,0,19.27,0.033
1745,S2C,2,13.3184,0.0,0,17.99,0.0202
1745,E2C,5,4.8319,43.0,3,49.59,0.2071
1745,W2C,5,5.1708,40.0,3,46.34,0.2002
1746,N2C,2,12.3601,0.0,0,19.38,0.034
1746,S2C,2,13.6221,0.0,0,17.59,0.0159
1746,E2C,5,4.5865,46.0,3,52.24,0.2126
1746,W2C,5,4.7984,43.0,3,49.93,0.2076
1747,N2C,2,13.0593,0.0,0,18.35,0.024
1747,S2C,3,12.4514,0.0,0,19.24,0.0387
1747,E2C,6,5.117,49.0,3,46.82,0.213
1747,W2C,6,5.765,46.0,3,41.56,0.2017
1748,N2C,2,12.7578,0.0,0,18.78,0.0283
1748,S2C,3,10.6487,0.0,0,22.5,0.0647
1748,E2C,6,4.1951,52.0,3,57.11,0.2283
1748,W2C,6,4.8585,49.0,3,49.32,0.2167
1749,N2C,2,12.841,0.0,0,18.66,0.0271
1749,S2C,3,9.5264,0.0,0,25.15,0.0808
1749,E2C,6,3.5477,55.0,3,67.54,0.2396
1749,W2C,6,4.5897,52.0,3,52.2,0.2226
1750,N2C,2,12.6641,0.0,0,18.92,0.0297
1750,S2C,3,8.5637,0.0,0,27.98,0.0947
1750,E2C,4,5.4378,11.0,1,44.06,0.159
1750,W2C,4,6.5961,11.0,2,36.32,0.1484
1751,N2C,2,12.9538,0.0,0,18.5,0.0255
1751,S2C,3,8.8511,0.0,0,27.07,0.0906
1751,E2C,4,6.1474,0.0,0,38.98,0.1355
1751,W2C,4,7.45,0.0,0,32.16,0.1167
1752,N2C,2,12.6914,0.0,0,18.88,0.0293
1752,S2C,3,8.8576,1.0,1,27.05,0.0971
1752,E2C,4,7.2452,0.0,0,33.07,0.1197
1752,W2C,4,8.3795,0.0,0,28.59,0.1033
1753,N2C,2,12.7612,0.0,0,18.78,0.0283
1753,S2C,3,8.6904,2.0,1,27.57,0.1002
1753,E2C,2,10.7252,0.0,0,22.34,0.0576
1753,W2C,2,12.9685,0.0,0,18.48,0.0253
1754,N2C,2,12.7441,0.0,0,18.8,0.0285
1754,S2C,3,8.7767,3.0,1,27.3,0.0996
1754,E2C,2,11.6253,0.0,0,20.61,0.0446
1754,W2C,2,13.2246,0.0,0,18.12,0.0216
1755,N2C,2,12.8752,0.0,0,18.61,0.0266
1755,S2C,3,7.8443,4.0,1,30.54,0.1137
1755,E2C,2,11.8053,0.0,0,20.3,0.042
1755,W2C,2,13.2257,0.0,0,18.12,0.0216
1756,N2C,3,12.8994,0.0,0,18.57,0.0323
1756,S2C,4,8.3038,5.0,1,28.85,0.1138
1756,E2C,3,10.4576,0.0,0,22.91,0.0674
1756,W2C,2,12.3739,0.0,0,19.36,0.0338
1757,N2C,3,12.3675,0.0,0,19.37,0.0399
1757,S2C,4,7.4487,6.0,1,32.17,0.1267
1757,E2C,3,10.0021,0.0,0,23.95,0.074
1757,W2C,2,12.0118,0.0,0,19.95,0.039
1758,N2C,3,12.6304,0.0,0,18.97,0.0361
1758,S2C,4,7.1012,7.0,1,33.74,0.1324
1758,E2C,3,10.5457,0.0,0,22.72,0.0662
1758,W2C,2,12.3092,0.0,0,19.47,0.0348
1759,N2C,3,11.2717,0.0,0,21.26,0.0557
1759,S2C,4,6.6985,8.0,1,35.77,0.1389
1759,E2C,3,10.2818,0.0,0,23.3,0.07
1759,W2C,2,12.1591,0.0,0,19.71,0.0369
1760,N2C,3,9.9438,0.0,0,24.1,0.0748
1760,S2C,4,6.7163,10.0,2,35.67,0.146
1760,E2C,2,9.801,0.0,0,24.45,0.0709
1760,W2C,2,12.1862,0.0,0,19.66,0.0365
1761,N2C,3,9.0553,0.0,0,26.46,0.0876
1761,S2C,4,6.7817,12.0,2,35.33,0.1464
1761,E2C,2,9.3707,0.0,0,25.57,0.0771
1761,W2C,2,12.7093,0.0,0,18.85,0.029
1762,N2C,3,8.8685,0.0,0,27.02,0.0903
1762,S2C,4,6.5679,14.0,2,36.48,0.1508
1762,E2C,2,10.3134,0.0,0,23.23,0.0635
1762,W2C,2,12.7379,0.0,0,18.81,0.0286
1763,N2C,3,8.8021,1.0,1,27.22,0.0979
1763,S2C,4,6.5146,16.0,2,36.78,0.1529
1763,E2C,2,11.3357,0.0,0,21.14,0.0488
1763,W2C,2,12.488,0.0,0,19.19,0.0322
1764,N2C,3,8.5248,2.0,1,28.11,0.1026
1764,S2C,4,5.4587,18.0,2,43.89,0.1694
1764,E2C,2,11.4885,0.0,0,20.86,0.0466
1764,W2C,2,12.7331,0.0,0,18.82,0.0287
1765,N2C,4,8.6884,3.0,1,27.58,0.1069
1765,S2C,5,5.7195,20.0,2,41.89,0.173
1765,E2C,3,11.2273,0.0,0,21.34,0.0563
1765,W2C,3,12.6427,0.0,0,18.95,0.036
1766,N2C,4,7.8682,4.0,1,30.45,0.1194
1766,S2C,5,4.841,22.0,2,49.49,0.187
1766,E2C,3,10.8266,0.0,0,22.13,0.0621
1766,W2C,2,12.3238,0.0,0,19.44,0.0346
1767,N2C,4,6.533,5.0,1,36.68,0.1393
1767,S2C,5,4.7731,24.0,2,50.2,0.1893
1767,E2C,3,10.9653,0.0,0,21.85,0.0601
1767,W2C,2,12.1883,0.0,0,19.66,0.0365
1768,N2C,4,6.468,7.0,2,37.04,0.1475
1768,S2C,5,4.8014,26.0,2,49.9,0.1902
1768,E2C,3,11.3737,0.0,0,21.07,0.0542
1768,W2C,2,12.3316,0.0,0,19.43,0.0344
1769,N2C,4,6.6227,9.0,2,36.18,0.1466
1769,S2C,5,4.4365,29.0,3,54.01,0.2035
1769,E2C,3,11.2707,0.0,0,21.26,0.0557
1769,W2C,2,12.2219,0.0,0,19.6,0.036
1770,N2C,4,6.5851,11.0,2,36.39,0.1485
1770,S2C,5,4.5874,32.0,3,52.23,0.2033
1770,E2C,3,11.2415,0.0,0,21.31,0.0561
1770,W2C,2,11.8476,0.0,0,20.22,0.0414
1771,N2C,4,6.4348,13.0,2,37.23,0.152
1771,S2C,5,4.5462,35.0,3,52.7,0.2059
1771,E2C,2,11.2122,0.0,0,21.37,0.0506
1771,W2C,2,11.9531,0.0,0,20.04,0.0399
1772,N2C,4,6.7983,15.0,2,35.24,0.1481
1772,S2C,5,4.5832,38.0,3,52.28,0.2073
1772,E2C,2,11.8437,0.0,0,20.23,0.0415
1772,W2C,2,12.0811,0.0,0,19.83,0.038
1773,N2C,4,5.5065,17.0,2,43.51,0.168
1773,S2C,5,3.6184,41.0,3,66.22,0.2232
1773,E2C,2,11.6497,0.0,0,20.57,0.0443
1773,W2C,2,11.905,0.0,0,20.13,0.0406
1774,N2C,5,6.6776,19.0,2,35.88,0.1585
1774,S2C,6,4.619,44.0,3,51.87,0.2168
1774,E2C,3,12.2795,0.0,0,19.51,0.0412
1774,W2C,3,12.5433,0.0,0,19.1,0.0374
1775,N2C,5,5.4371,21.0,2,44.07,0.1777
1775,S2C,6,3.8924,47.0,3,61.56,0.2293
1775,E2C,3,11.7455,0.0,0,20.4,0.0489
1775,W2C,3,12.2688,0.0,0,19.53,0.0413
1776,N2C,5,5.255,23.0,2,45.59,0.1817
1776,S2C,6,3.8409,51.0,4,62.38,0.2387
1776,E2C,3,12.3423,0.0,0,19.41,0.0403
1776,W2C,3,12.3994,0.0,0,19.32,0.0395
1777,N2C,5,5.3734,26.0,3,44.59,0.188
1777,S2C,6,3.8858,55.0,4,61.66,0.2407
1777,E2C,3,11.8121,0.0,0,20.28,0.0479
1777,W2C,2,13.1203,0.0,0,18.26,0.0231
1778,N2C,5,5.3706,29.0,3,44.61,0.19
1778,S2C,6,3.8388,59.0,4,62.41,0.2441
1778,E2C,3,11.8908,0.0,0,20.15,0.0468
1778,W2C,2,13.249,0.0,0,18.08,0.0212
1779,N2C,5,5.4784,32.0,3,43.74,0.1905
1779,S2C,6,3.7705,63.0,4,63.55,0.2477
1779,E2C,3,11.5346,0.0,0,20.77,0.0519
1779,W2C,2,13.6418,0.0,0,17.56,0.0156
1780,N2C,5,5.2298,35.0,3,45.81,0.196
1780,S2C,6,3.8711,67.0,4,61.89,0.2489
1780,E2C,3,10.3114,0.0,0,23.24,0.0695
1780,W2C,2,13.1705,0.0,0,18.19,0.0224
1781,N2C,5,5.2191,38.0,3,45.91,0.1982
1781,S2C,6,3.9788,71.0,4,60.22,0.25
1781,E2C,3,8.8509,0.0,0,27.07,0.0906
1781,W2C,2,13.1513,0.0,0,18.22,0.0226
1782,N2C,5,4.5017,41.0,3,53.22,0.2105
1782,S2C,6,3.7348,75.0,4,64.15,0.2562
1782,E2C,3,8.3188,1.0,1,28.8,0.1049
1782,W2C,2,13.3218,0.0,0,17.99,0.0202
1783,N2C,4,7.9568,7.0,1,30.11,0.1201
1783,S2C,5,7.2075,23.0,2,33.24,0.1536
1783,E2C,4,8.5018,2.0,1,28.18,0.1089
1783,W2C,3,12.347,0.0,0,19.41,0.0402
1784,N2C,4,7.6226,0.0,0,31.43,0.1142
1784,S2C,5,7.6997,0.0,0,31.12,0.1191
1784,E2C,4,7.3516,3.0,1,32.59,0.1261
1784,W2C,3,10.7455,0.0,0,22.3,0.0633
1785,N2C,4,8.4898,0.0,0,28.22,0.1018
1785,S2C,5,8.3968,0.0,0,28.53,0.1091
1785,E2C,4,6.7171,4.0,1,35.67,0.1359
1785,W2C,3,9.3216,0.0,0,25.7,0.0838
1786,N2C,2,12.8765,0.0,0,18.61,0.0266
1786,S2C,3,11.7659,0.0,0,20.36,0.0486
1786,E2C,4,6.567,6.0,2,36.49,0.1454
1786,W2C,3,8.6911,0.0,0,27.57,0.0929
1787,N2C,2,12.8065,0.0,0,18.71,0.0276
1787,S2C,3,11.6472,0.0,0,20.57,0.0503
1787,E2C,4,6.4296,8.0,2,37.27,0.1488
1787,W2C,3,8.9092,0.0,0,26.89,0.0897
1788,N2C,2,13.434,0.0,0,17.84,0.0186
1788,S2C,3,11.764,0.0,0,20.37,0.0486
1788,E2C,4,6.7248,10.0,2,35.63,0.1458
1788,W2C,3,8.6019,1.0,1,27.85,0.1008
1789,N2C,2,13.1252,0.0,0,18.25,0.023
1789,S2C,3,11.8009,0.0,0,20.3,0.0481
1789,E2C,4,6.5655,12.0,2,36.49,0.1495
1789,W2C,3,8.6684,2.0,1,27.64,0.1005
1790,N2C,2,13.079,0.0,0,18.32,0.0237
1790,S2C,2,12.9392,0.0,0,18.52,0.0257
1790,E2C,4,6.5958,14.0,2,36.33,0.1504
1790,W2C,3,8.7589,3.0,1,27.36,0.0999
1791,N2C,2,13.066,0.0,0,18.34,0.0239
1791,S2C,2,13.0123,0.0,0,18.41,0.0246
1791,E2C,4,5.8906,16.0,2,40.67,0.1618
1791,W2C,3,8.0981,4.0,1,29.59,0.1101
1792,N2C,2,12.8343,0.0,0,18.67,0.0272
1792,S2C,2,13.5651,0.0,0,17.66,0.0167
1792,E2C,5,6.6491,18.0,2,36.03,0.1583
1792,W2C,4,8.1527,5.0,1,29.39,0.1159
1793,N2C,2,12.5001,0.0,0,19.17,0.032
1793,S2C,2,13.3247,0.0,0,17.98,0.0201
1793,E2C,5,5.6822,20.0,2,42.17,0.1735
1793,W2C,4,7.1241,6.0,1,33.63,0.1314
1794,N2C,2,12.4219,0.0,0,19.29,0.0331
1794,S2C,2,13.5188,0.0,0,17.72,0.0173
1794,E2C,5,5.1111,22.0,2,46.88,0.1831
1794,W2C,4,6.0371,8.0,2,39.69,0.1544
1795,N2C,2,12.4205,0.0,0,19.29,0.0332
1795,S2C,2,13.0096,0.0,0,18.42,0.0247
1795,E2C,5,5.1683,25.0,3,46.36,0.1902
1795,W2C,4,6.2281,10.0,2,38.47,0.153
1796,N2C,2,12.2193,0.0,0,19.61,0.0361
1796,S2C,2,13.1395,0.0,0,18.24,0.0228
1796,E2C,5,5.1471,28.0,3,46.55,0.1926
1796,W2C,4,6.4526,12.0,2,37.13,0.1511
1797,N2C,2,12.0746,0.0,0,19.84,0.0381
1797,S2C,2,12.8984,0.0,0,18.58,0.0263
1797,E2C,5,5.0427,31.0,3,47.51,0.1961
1797,W2C,4,6.3907,14.0,2,37.49,0.1533
1798,N2C,2,12.2412,0.0,0,19.57,0.0357
1798,S2C,2,13.383,0.0,0,17.9,0.0193
1798,E2C,5,5.179,34.0,3,46.26,0.1961
1798,W2C,4,6.3436,16.0,2,37.77,0.1553
1799,N2C,2,11.9149,0.0,0,20.11,0.0404
1799,S2C,2,12.7108,0.0,0,18.85,0.029
1799,E2C,5,5.0323,37.0,3,47.61,0.2002
1799,W2C,4,5.9488,18.0,2,40.28,0.1623
1800,N2C,2,11.9881,0.0,0,19.99,0.0394
1800,S2C,2,12.9493,0.0,0,18.5,0.0255
1800,E2C,5,4.4858,40.0,3,53.41,0.2101
1800,W2C,4,6.2263,20.0,2,38.48,0.1597
1801,N2C,2,12.3674,0.0,0,19.37,0.0339
1801,S2C,3,13.3656,0.0,0,17.93,0.0256
1801,E2C,6,5.132,43.0,3,46.69,0.2088
1801,W2C,5,6.4462,22.0,2,37.17,0.1638
1802,N2C,2,13.1853,0.0,0,18.17,0.0221
1802,S2C,2,13.4333,0.0,0,17.84,0.0186
1802,E2C,6,4.4366,46.0,3,54.01,0.2208
1802,W2C,5,5.246,24.0,2,45.67,0.1825
1803,N2C,2,12.7845,0.0,0,18.74,0.0279
1803,S2C,2,13.767,0.0,0,17.4,0.0138
1803,E2C,6,4.1808,49.0,3,57.31,0.2265
1803,W2C,5,4.6264,26.0,2,51.79,0.1927
1804,N2C,2,12.8902,0.0,0,18.59,0.0264
1804,S2C,2,13.2315,0.0,0,18.11,0.0215
1804,E2C,6,4.1552,52.0,3,57.66,0.2288
1804,W2C,5,4.8455,29.0,3,49.45,0.1976
1805,N2C,2,12.8192,0.0,0,18.69,0.0274
1805,S2C,2,12.7013,0.0,0,18.86,0.0291
1805,E2C,6,3.9961,56.0,4,59.96,0.2398
1805,W2C,5,4.9425,32.0,3,48.48,0.1982
1806,N2C,2,12.895,0.0,0,18.58,0.0263
1806,S2C,2,13.243,0.0,0,18.09,0.0213
1806,E2C,6,4.0287,60.0,4,59.47,0.242
1806,W2C,5,4.7992,35.0,3,49.93,0.2022
1807,N2C,2,12.9339,0.0,0,18.52,0.0258
1807,S2C,2,13.5334,0.0,0,17.7,0.0171
1807,E2C,6,4.0858,64.0,4,58.64,0.2438
1807,W2C,5,4.6465,38.0,3,51.57,0.2064
1808,N2C,2,12.8971,0.0,0,18.58,0.0263
1808,S2C,2,13.1729,0.0,0,18.19,0.0223
1808,E2C,6,4.235,68.0,4,56.58,0.2444
1808,W2C,5,4.671,41.0,3,51.3,0.2081
1809,N2C,2,12.6037,0.0,0,19.01,0.0305
1809,S2C,2,13.7348,0.0,0,17.44,0.0142
1809,E2C,6,4.0681,72.0,4,58.9,0.2494
1809,W2C,5,4.6905,44.0,3,51.08,0.2098
1810,N2C,3,12.8528,0.0,0,18.64,0.0329
1810,S2C,2,13.5909,0.0,0,17.63,0.0163
1810,E2C,7,4.9374,76.0,4,48.53,0.2456
1810,W2C,6,5.924,47.0,3,40.45,0.2
1811,N2C,3,12.5959,0.0,0,19.02,0.0366
1811,S2C,2,12.9101,0.0,0,18.56,0.0261
1811,E2C,7,4.1212,80.0,4,58.14,0.26
1811,W2C,6,5.1558,50.0,3,46.47,0.2131
1812,N2C,3,12.3906,0.0,0,19.34,0.0396
1812,S2C,2,13.4066,0.0,0,17.87,0.019
1812,E2C,7,3.7557,84.0,4,63.8,0.2679
1812,W2C,6,4.2727,53.0,3,56.08,0.2278
1813,N2C,2,13.2764,0.0,0,18.05,0.0208
1813,S2C,2,13.1287,0.0,0,18.25,0.023
1813,E2C,7,3.7135,89.0,5,64.52,0.2779
1813,W2C,6,4.2169,56.0,3,56.82,0.2306
1814,N2C,2,12.9895,0.0,0,18.45,0.025
1814,S2C,2,13.4454,0.0,0,17.82,0.0184
1814,E2C,7,3.6752,94.0,5,65.19,0.2817
1814,W2C,6,4.0647,59.0,3,58.95,0.2348
1815,N2C,2,13.3233,0.0,0,17.98,0.0202
1815,S2C,2,13.1303,0.0,0,18.25,0.0229
1815,E2C,7,3.7633,99.0,5,63.67,0.2838
1815,W2C,6,4.2436,63.0,4,56.46,0.2409
1816,N2C,2,13.4655,0.0,0,17.79,0.0181
1816,S2C,2,13.2804,0.0,0,18.04,0.0208
1816,E2C,5,5.0316,38.0,3,47.62,0.2009
1816,W2C,4,6.1641,15.0,2,38.87,0.1572
1817,N2C,2,13.239,0.0,0,18.1,0.0214
1817,S2C,2,13.2894,0.0,0,18.03,0.0206
1817,E2C,5,5.5092,5.0,1,43.49,0.16
1817,W2C,4,6.8279,0.0,0,35.09,0.1257
1818,N2C,2,13.1396,0.0,0,18.24,0.0228
1818,S2C,2,11.8306,0.0,0,20.25,0.0417
1818,E2C,5,6.1759,0.0,0,38.8,0.1411
1818,W2C,4,7.7662,0.0,0,30.85,0.1122
1819,N2C,3,11.7577,0.0,0,20.38,0.0487
1819,S2C,3,11.3439,0.0,0,21.12,0.0547
1819,E2C,4,9.3019,0.0,0,25.76,0.0901
1819,W2C,3,11.9153,0.0,0,20.11,0.0464
1820,N2C,3,10.2828,0.0,0,23.3,0.0699
1820,S2C,3,9.8843,0.0,0,24.24,0.0757
1820,E2C,4,9.0529,0.0,0,26.47,0.0936
1820,W2C,3,12.2556,0.0,0,19.55,0.0415
1821,N2C,3,8.8783,0.0,0,26.99,0.0902
1821,S2C,3,8.9539,0.0,0,26.76,0.0891
1821,E2C,4,9.8212,0.0,0,24.4,0.0826
1821,W2C,3,11.7239,0.0,0,20.44,0.0492
1822,N2C,3,8.8276,0.0,0,27.14,0.0909
1822,S2C,3,8.649,0.0,0,27.7,0.0935
1822,E2C,2,13.1274,0.0,0,18.25,0.023
1822,W2C,2,11.9641,0.0,0,20.03,0.0397
1823,N2C,3,8.5289,1.0,1,28.09,0.1019
1823,S2C,3,8.8237,1.0,1,27.15,0.0976
1823,E2C,2,12.152,0.0,0,19.72,0.037
1823,W2C,2,12.6768,0.0,0,18.9,0.0295
1824,N2C,3,8.7306,2.0,1,27.44,0.0996
1824,S2C,3,8.9273,2.0,1,26.84,0.0968
1824,E2C,2,12.6418,0.0,0,18.95,0.03
1824,W2C,2,11.8948,0.0,0,20.14,0.0407
1825,N2C,3,8.4283,3.0,1,28.43,0.1046
1825,S2C,3,8.7861,3.0,1,27.27,0.0995
1825,E2C,2,12.7715,0.0,0,18.76,0.0281
1825,W2C,2,12.2911,0.0,0,19.49,0.035
1826,N2C,3,8.5881,4.0,1,27.9,0.103
1826,S2C,3,8.8421,4.0,1,27.1,0.0994
1826,E2C,2,12.5568,0.0,0,19.08,0.0312
1826,W2C,2,11.636,0.0,0,20.59,0.0445
1827,N2C,3,8.4676,5.0,1,28.3,0.1054
1827,S2C,3,8.3451,5.0,1,28.71,0.1072
1827,E2C,2,12.3335,0.0,0,19.43,0.0344
1827,W2C,2,12.2175,0.0,0,19.61,0.0361
1828,N2C,4,8.66,6.0,1,27.67,0.1093
1828,S2C,4,8.421,6.0,1,28.45,0.1127
1828,E2C,2,13.2446,0.0,0,18.09,0.0213
1828,W2C,2,12.4858,0.0,0,19.19,0.0322
1829,N2C,4,7.2836,7.0,1,32.9,0.1298
1829,S2C,4,7.1559,7.0,1,33.48,0.1316
1829,E2C,2,12.6828,0.0,0,18.89,0.0294
1829,W2C,2,12.1005,0.0,0,19.8,0.0378
1830,N2C,4,6.6055,9.0,2,36.27,0.1469
1830,S2C,4,6.4042,8.0,1,37.41,0.1431
1830,E2C,2,13.0385,0.0,0,18.38,0.0243
1830,W2C,2,12.1512,0.0,0,19.72,0.037
1831,N2C,4,6.7271,11.0,2,35.62,0.1465
1831,S2C,4,6.3041,9.0,1,38.01,0.1452
1831,E2C,2,13.0769,0.0,0,18.32,0.0237
1831,W2C,2,11.6788,0.0,0,20.52,0.0438
1832,N2C,4,6.4466,13.0,2,37.17,0.1518
1832,S2C,4,6.1658,11.0,2,38.86,0.1546
1832,E2C,2,13.0224,0.0,0,18.4,0.0245
1832,W2C,2,11.8287,0.0,0,20.26,0.0417
1833,N2C,4,6.6604,15.0,2,35.97,0.1501
1833,S2C,4,6.2645,13.0,2,38.25,0.1545
1833,E2C,2,13.1026,0.0,0,18.29,0.0233
1833,W2C,2,12.5163,0.0,0,19.14,0.0318
1834,N2C,4,6.6735,17.0,2,35.9,0.1512
1834,S2C,4,6.223,15.0,2,38.5,0.1564
1834,E2C,2,13.0848,0.0,0,18.31,0.0236
1834,W2C,2,12.0826,0.0,0,19.83,0.038
1835,N2C,4,6.8252,19.0,2,35.11,0.1504
1835,S2C,4,6.2002,17.0,2,38.64,0.1581
1835,E2C,2,13.2461,0.0,0,18.09,0.0213
1835,W2C,2,11.6261,0.0,0,20.61,0.0446
1836,N2C,4,5.5325,21.0,2,43.31,0.1703
1836,S2C,4,4.901,19.0,2,48.89,0.1781
1836,E2C,2,12.6931,0.0,0,18.88,0.0292
1836,W2C,2,12.2219,0.0,0,19.6,0.036
1837,N2C,5,6.6115,23.0,2,36.24,0.1621
1837,S2C,5,5.8338,21.0,2,41.07,0.172
1837,E2C,3,12.9761,0.0,0,18.46,0.0312
1837,W2C,3,12.8602,0.0,0,18.63,0.0328
1838,N2C,5,5.8362,25.0,2,41.05,0.1746
1838,S2C,5,5.1415,23.0,2,46.6,0.1833
1838,E2C,3,12.9772,0.0,0,18.46,0.0311
1838,W2C,3,12.2652,0.0,0,19.53,0.0414
1839,N2C,5,5.4671,27.0,2,43.83,0.1813
1839,S2C,5,5.0069,25.0,2,47.85,0.1866
1839,E2C,2,13.6753,0.0,0,17.52,0.0151
1839,W2C,3,12.334,0.0,0,19.43,0.0404
1840,N2C,5,5.1092,30.0,3,46.9,0.1944
1840,S2C,5,5.2121,27.0,2,45.97,0.185
1840,E2C,2,13.1581,0.0,0,18.21,0.0225
1840,W2C,3,12.5925,0.0,0,19.03,0.0367
1841,N2C,5,5.4285,33.0,3,44.14,0.1918
1841,S2C,5,4.7579,30.0,3,50.36,0.1995
1841,E2C,2,13.1279,0.0,0,18.25,0.023
1841,W2C,2,13.4448,0.0,0,17.82,0.0184
1842,N2C,5,5.2074,36.0,3,46.01,0.197
1842,S2C,5,5.0585,33.0,3,47.37,0.1972
1842,E2C,2,13.4683,0.0,0,17.79,0.0181
1842,W2C,2,13.5974,0.0,0,17.62,0.0162
1843,N2C,5,5.2841,39.0,3,45.34,0.1979
1843,S2C,5,5.0167,36.0,3,47.76,0.1998
1843,E2C,2,13.1798,0.0,0,18.18,0.0222
1843,W2C,2,13.3954,0.0,0,17.89,0.0191
1844,N2C,5,5.0724,42.0,3,47.24,0.203
1844,S2C,5,4.7212,39.0,3,50.75,0.206
1844,E2C,2,13.1361,0.0,0,18.24,0.0229
1844,W2C,2,13.1647,0.0,0,18.2,0.0224
1845,N2C,5,4.4761,45.0,3,53.53,0.2135
1845,S2C,5,5.0144,42.0,3,47.78,0.2038
1845,E2C,2,13.4923,0.0,0,17.76,0.0177
1845,W2C,2,13.1063,0.0,0,18.28,0.0233
1846,N2C,6,5.3137,48.0,3,45.09,0.2095
1846,S2C,6,6.2295,45.0,3,38.46,0.1943
1846,E2C,2,13.6784,0.0,0,17.52,0.015
1846,W2C,2,13.1352,0.0,0,18.24,0.0229
1847,N2C,6,4.4691,51.0,3,53.61,0.2236
1847,S2C,6,6.0713,48.0,3,39.46,0.1986
1847,E2C,2,13.0137,0.0,0,18.41,0.0246
1847,W2C,2,12.6544,0.0,0,18.93,0.0298
1848,N2C,6,4.3896,55.0,4,54.58,0.2335
1848,S2C,6,5.3815,51.0,3,44.52,0.2105
1848,E2C,2,13.0875,0.0,0,18.31,0.0236
1848,W2C,2,12.9528,0.0,0,18.5,0.0255
1849,N2C,4,6.6043,12.0,2,36.28,0.1489
1849,S2C,4,6.9862,9.0,1,34.3,0.1354
1849,E2C,2,13.3732,0.0,0,17.92,0.0194
1849,W2C,2,12.7041,0.0,0,18.86,0.0291
1850,N2C,4,7.1724,0.0,0,33.41,0.1207
1850,S2C,4,7.3227,0.0,0,32.72,0.1186
1850,E2C,2,13.5923,0.0,0,17.63,0.0163
1850,W2C,2,12.5168,0.0,0,19.14,0.0318
1851,N2C,4,8.0314,0.0,0,29.83,0.1084
1851,S2C,4,8.0649,0.0,0,29.71,0.1079
1851,E2C,2,13.1355,0.0,0,18.24,0.0229
1851,W2C,2,12.877,0.0,0,18.61,0.0266
1852,N2C,2,13.3659,0.0,0,17.93,0.0195
1852,S2C,2,12.9456,0.0,0,18.51,0.0256
1852,E2C,2,13.4873,0.0,0,17.76,0.0178
1852,W2C,2,12.7213,0.0,0,18.83,0.0288
1853,N2C,2,12.4759,0.0,0,19.2,0.0324
1853,S2C,2,12.5467,0.0,0,19.1,0.0313
1853,E2C,2,13.2222,0.0,0,18.12,0.0216
1853,W2C,2,13.0669,0.0,0,18.34,0.0239
1854,N2C,2,12.7899,0.0,0,18.73,0.0278
1854,S2C,2,12.2443,0.0,0,19.57,0.0357
1854,E2C,2,12.929,0.0,0,18.53,0.0258
1854,W2C,2,11.8317,0.0,0,20.25,0.0416
1855,N2C,2,13.5134,0.0,0,17.73,0.0174
1855,S2C,2,13.1794,0.0,0,18.18,0.0222
1855,E2C,3,11.4248,0.0,0,20.97,0.0535
1855,W2C,3,10.6296,0.0,0,22.54,0.0649
1856,N2C,2,12.4951,0.0,0,19.18,0.0321
1856,S2C,2,12.7807,0.0,0,18.75,0.028
1856,E2C,3,9.8753,0.0,0,24.26,0.0758
1856,W2C,3,8.9905,0.0,0,26.65,0.0885
1857,N2C,2,12.862,0.0,0,18.63,0.0268
1857,S2C,2,13.0424,0.0,0,18.37,0.0242
1857,E2C,3,8.9996,0.0,0,26.62,0.0884
1857,W2C,3,8.1623,0.0,0,29.35,0.1005
1858,N2C,2,12.6351,0.0,0,18.96,0.0301
1858,S2C,2,13.1975,0.0,0,18.15,0.022
1858,E2C,3,8.8509,1.0,1,27.07,0.0972
1858,W2C,3,7.9603,1.0,1,30.1,0.11
1859,N2C,2,13.2035,0.0,0,18.15,0.0219
1859,S2C,2,12.9961,0.0,0,18.44,0.0249
1859,E2C,3,8.5875,2.0,1,27.9,0.1017
1859,W2C,3,7.9056,2.0,1,30.31,0.1115
1860,N2C,2,13.5888,0.0,0,17.63,0.0163
1860,S2C,2,12.9291,0.0,0,18.53,0.0258
1860,E2C,3,8.9643,3.0,1,26.73,0.0969
1860,W2C,3,7.8399,3.0,1,30.56,0.1131
1861,N2C,2,13.236,0.0,0,18.1,0.0214
1861,S2C,2,13.1163,0.0,0,18.27,0.0231
1861,E2C,3,9.065,4.0,1,26.43,0.0961
1861,W2C,3,7.9152,4.0,1,30.27,0.1127
1862,N2C,2,13.2667,0.0,0,18.06,0.021
1862,S2C,2,13.1129,0.0,0,18.27,0.0232
1862,E2C,3,8.4805,5.0,1,28.25,0.1052
1862,W2C,3,8.0601,5.0,1,29.73,0.1113
1863,N2C,2,12.9475,0.0,0,18.51,0.0256
1863,S2C,2,13.0851,0.0,0,18.31,0.0236
1863,E2C,3,8.1025,6.0,1,29.57,0.1113
1863,W2C,3,7.6727,6.0,1,31.23,0.1175
1864,N2C,3,12.422,0.0,0,19.29,0.0391
1864,S2C,3,13.3106,0.0,0,18.0,0.0263
1864,E2C,4,8.4862,7.0,1,28.23,0.1125
1864,W2C,4,9.1318,7.0,1,26.24,0.1032
1865,N2C,2,11.5889,0.0,0,20.67,0.0451
1865,S2C,3,12.7419,0.0,0,18.8,0.0345
1865,E2C,4,7.4253,8.0,1,32.27,0.1284
1865,W2C,4,8.2192,8.0,1,29.15,0.117
1866,N2C,2,11.4348,0.0,0,20.95,0.0474
1866,S2C,2,13.3786,0.0,0,17.91,0.0194
1866,E2C,4,6.7919,9.0,1,35.28,0.1382
1866,W2C,4,6.7052,9.0,1,35.73,0.1395
1867,N2C,2,11.8933,0.0,0,20.15,0.0408
1867,S2C,2,13.0466,0.0,0,18.36,0.0241
1867,E2C,4,6.4323,11.0,2,37.25,0.1507
1867,W2C,4,6.2868,11.0,2,38.11,0.1528
1868,N2C,2,11.9332,0.0,0,20.08,0.0402
1868,S2C,2,13.4286,0.0,0,17.84,0.0186
1868,E2C,4,6.3322,13.0,2,37.84,0.1535
1868,W2C,4,6.1382,13.0,2,39.03,0.1563
1869,N2C,2,11.8113,0.0,0,20.29,0.0419
1869,S2C,2,13.191,0.0,0,18.16,0.0221
1869,E2C,4,6.6135,15.0,2,36.23,0.1508
1869,W2C,4,6.1561,15.0,2,38.92,0.1574
1870,N2C,2,11.8328,0.0,0,20.25,0.0416
1870,S2C,2,12.9997,0.0,0,18.43,0.0248
1870,E2C,4,6.6305,17.0,2,36.14,0.1519
1870,W2C,4,5.9461,17.0,2,40.3,0.1617
1871,N2C,2,11.8106,0.0,0,20.29,0.0419
1871,S2C,2,13.1889,0.0,0,18.17,0.0221
1871,E2C,4,6.7961,19.0,2,35.26,0.1508
1871,W2C,4,6.149,19.0,2,38.97,0.1601
1872,N2C,2,12.7803,0.0,0,18.75,0.028
1872,S2C,2,12.861,0.0,0,18.63,0.0268
1872,E2C,4,5.7162,21.0,2,41.92,0.1677
1872,W2C,4,5.9174,21.0,2,40.49,0.1648
1873,N2C,2,12.4064,0.0,0,19.31,0.0334
1873,S2C,2,13.6427,0.0,0,17.56,0.0156
1873,E2C,5,6.463,23.0,2,37.07,0.1643
1873,W2C,5,7.0635,23.0,2,33.92,0.1556
1874,N2C,2,11.7918,0.0,0,20.32,0.0422
1874,S2C,2,13.0646,0.0,0,18.34,0.0239
1874,E2C,5,5.39,25.0,2,44.45,0.1811
1874,W2C,5,6.8692,25.0,2,34.88,0.1598
1875,N2C,2,12.0081,0.0,0,19.95,0.0391
1875,S2C,2,12.5607,0.0,0,19.08,0.0311
1875,E2C,5,5.3969,27.0,2,44.4,0.1823
1875,W2C,5,5.9856,27.0,2,40.03,0.1738
1876,N2C,2,11.4104,0.0,0,21.0,0.0477
1876,S2C,2,13.4659,0.0,0,17.79,0.0181
1876,E2C,5,5.4991,29.0,2,43.57,0.1822
1876,W2C,5,5.2537,29.0,2,45.61,0.1857
1877,N2C,2,11.8883,0.0,0,20.15,0.0408
1877,S2C,2,13.1511,0.0,0,18.22,0.0226
1877,E2C,5,5.3982,32.0,3,44.39,0.1916
1877,W2C,5,4.7279,31.0,2,50.68,0.1946
1878,N2C,2,12.2119,0.0,0,19.62,0.0362
1878,S2C,2,13.1366,0.0,0,18.24,0.0228
1878,E2C,5,5.1026,35.0,3,46.96,0.1979
1878,W2C,5,4.4817,33.0,2,53.46,0.1995
1879,N2C,2,11.7222,0.0,0,20.44,0.0432
1879,S2C,2,13.7135,0.0,0,17.47,0.0145
1879,E2C,5,5.3017,38.0,3,45.19,0.197
1879,W2C,5,4.5588,36.0,3,52.56,0.2064
1880,N2C,2,12.2205,0.0,0,19.61,0.036
1880,S2C,2,13.5199,0.0,0,17.72,0.0173
1880,E2C,5,5.3068,41.0,3,45.15,0.1989
1880,W2C,5,4.7621,39.0,3,50.31,0.2054
1881,N2C,2,11.6022,0.0,0,20.65,0.0449
1881,S2C,2,13.1191,0.0,0,18.26,0.0231
1881,E2C,5,4.4706,44.0,3,53.59,0.213
1881,W2C,5,3.9901,42.0,3,60.05,0.2185
1882,N2C,3,12.3581,0.0,0,19.39,0.0401
1882,S2C,3,11.9956,0.0,0,19.97,0.0453
1882,E2C,4,7.9399,6.0,1,30.18,0.1197
1882,W2C,4,7.2947,4.0,1,32.85,0.1276
1883,N2C,3,12.449,0.0,0,19.25,0.0387
1883,S2C,3,10.3626,0.0,0,23.12,0.0688
1883,E2C,4,7.6537,0.0,0,31.31,0.1138
1883,W2C,4,7.2011,0.0,0,33.27,0.1203
1884,N2C,3,12.2147,0.0,0,19.62,0.0421
1884,S2C,3,9.0335,0.0,0,26.52,0.0879
1884,E2C,4,8.777,0.0,0,27.3,0.0976
1884,W2C,4,7.6112,0.0,0,31.48,0.1144
1885,N2C,3,12.2105,0.0,0,19.62,0.0422
1885,S2C,3,8.6901,0.0,0,27.57,0.0929
1885,E2C,2,13.6981,0.0,0,17.49,0.0148
1885,W2C,2,11.5316,0.0,0,20.78,0.046
1886,N2C,3,11.6576,0.0,0,20.55,0.0501
1886,S2C,3,8.6897,1.0,1,27.57,0.0995
1886,E2C,2,13.255,0.0,0,18.08,0.0211
1886,W2C,2,11.7125,0.0,0,20.46,0.0434
1887,N2C,3,10.1029,0.0,0,23.72,0.0725
1887,S2C,3,8.8366,2.0,1,27.11,0.0981
1887,E2C,2,12.9342,0.0,0,18.52,0.0258
1887,W2C,2,11.9119,0.0,0,20.11,0.0405
1888,N2C,3,8.7699,0.0,0,27.32,0.0917
1888,S2C,3,8.9804,3.0,1,26.68,0.0967
1888,E2C,2,13.0744,0.0,0,18.33,0.0237
1888,W2C,2,11.652,0.0,0,20.56,0.0442
1889,N2C,3,8.6911,0.0,0,27.57,0.0929
1889,S2C,3,8.7378,4.0,1,27.42,0.1009
1889,E2C,2,13.6851,0.0,0,17.51,0.015
1889,W2C,2,11.8587,0.0,0,20.2,0.0412
1890,N2C,3,8.5709,1.0,1,27.96,0.1013
1890,S2C,3,7.8648,5.0,1,30.46,0.1141
1890,E2C,2,13.4806,0.0,0,17.77,0.0179
1890,W2C,2,12.0057,0.0,0,19.96,0.0391
1891,N2C,4,9.0045,2.0,1,26.61,0.1017
1891,S2C,4,8.3834,6.0,1,28.58,0.1133
1891,E2C,2,11.8304,0.0,0,20.25,0.0417
1891,W2C,3,12.4428,0.0,0,19.26,0.0388
1892,N2C,4,7.5662,3.0,1,31.67,0.1231
1892,S2C,4,7.7858,7.0,1,30.77,0.1226
1892,E2C,2,11.781,0.0,0,20.34,0.0424
1892,W2C,3,12.3504,0.0,0,19.4,0.0402
1893,N2C,4,6.5689,4.0,1,36.47,0.1381
1893,S2C,4,6.7964,8.0,1,35.25,0.1375
1893,E2C,2,11.6212,0.0,0,20.62,0.0447
1893,W2C,3,12.2903,0.0,0,19.5,0.041
1894,N2C,4,6.7211,6.0,2,35.65,0.1432
1894,S2C,4,6.6286,9.0,1,36.15,0.1406
1894,E2C,2,11.6918,0.0,0,20.49,0.0437
1894,W2C,3,12.2093,0.0,0,19.62,0.0422
1895,N2C,4,6.4643,8.0,2,37.07,0.1483
1895,S2C,4,6.6698,11.0,2,35.92,0.1473
1895,E2C,2,11.9748,0.0,0,20.01,0.0396
1895,W2C,3,12.1123,0.0,0,19.78,0.0436
1896,N2C,4,6.6458,10.0,2,36.05,0.147
1896,S2C,4,6.6504,13.0,2,36.03,0.1489
1896,E2C,2,11.6264,0.0,0,20.61,0.0446
1896,W2C,3,12.2475,0.0,0,19.56,0.0417
1897,N2C,4,6.7358,12.0,2,35.57,0.147
1897,S2C,4,6.6699,15.0,2,35.92,0.15
1897,E2C,2,11.7032,0.0,0,20.47,0.0435
1897,W2C,2,13.1472,0.0,0,18.22,0.0227
1898,N2C,4,6.5408,14.0,2,36.63,0.1512
1898,S2C,4,6.3401,17.0,2,37.79,0.156
1898,E2C,2,12.6609,0.0,0,18.92,0.0297
1898,W2C,2,13.2508,0.0,0,18.08,0.0212
1899,N2C,4,5.316,16.0,2,45.07,0.1701
1899,S2C,4,5.3419,19.0,2,44.85,0.1717
1899,E2C,2,12.567,0.0,0,19.07,0.031
1899,W2C,2,13.5377,0.0,0,17.7,0.0171
1900,N2C,5,6.1959,18.0,2,38.67,0.1648
1900,S2C,5,6.3007,21.0,2,38.03,0.1653
1900,E2C,2,10.6328,0.0,0,22.53,0.0589
1900,W2C,2,13.0294,0.0,0,18.39,0.0244
1901,N2C,5,5.7248,20.0,2,41.85,0.1729
1901,S2C,5,5.6823,23.0,2,42.17,0.1755
1901,E2C,2,9.7094,0.0,0,24.68,0.0722
1901,W2C,2,12.6116,0.0,0,19.0,0.0304
1902,N2C,5,5.2927,23.0,3,45.27,0.1871
1902,S2C,5,5.3935,25.0,2,44.42,0.181
1902,E2C,2,10.4209,0.0,0,22.99,0.062
1902,W2C,2,11.9222,0.0,0,20.1,0.0403
1903,N2C,5,5.2706,26.0,3,45.46,0.1894
1903,S2C,5,5.4929,28.0,3,43.62,0.1876
1903,E2C,2,9.7492,0.0,0,24.58,0.0716
1903,W2C,2,12.2497,0.0,0,19.56,0.0356
1904,N2C,5,5.3721,29.0,3,44.6,0.19
1904,S2C,5,5.3043,31.0,3,45.17,0.1923
1904,E2C,2,10.2087,0.0,0,23.47,0.065
1904,W2C,2,12.1284,0.0,0,19.76,0.0374
1905,N2C,5,5.193,32.0,3,46.14,0.1946
1905,S2C,5,5.485,34.0,3,43.68,0.1917
1905,E2C,2,9.9222,0.0,0,24.15,0.0691
1905,W2C,2,12.9311,0.0,0,18.53,0.0258
1906,N2C,5,5.262,35.0,3,45.53,0.1956
1906,S2C,5,5.1386,37.0,3,46.63,0.1987
1906,E2C,2,11.1478,0.0,0,21.49,0.0515
1906,W2C,2,12.2891,0.0,0,19.5,0.0351
1907,N2C,5,5.2649,38.0,3,45.51,0.1975
1907,S2C,5,5.4005,40.0,3,44.37,0.1969
1907,E2C,2,11.2536,0.0,0,21.29,0.05
1907,W2C,2,12.3815,0.0,0,19.35,0.0337
1908,N2C,5,4.3828,41.0,3,54.67,0.2122
1908,S2C,5,4.4115,43.0,3,54.31,0.2131
1908,E2C,2,11.4793,0.0,0,20.87,0.0467
1908,W2C,2,12.2743,0.0,0,19.52,0.0353
1909,N2C,6,5.1995,44.0,3,46.08,0.2085
1909,S2C,6,4.9862,46.0,3,48.05,0.2129
1909,E2C,3,11.3889,0.0,0,21.04,0.054
1909,W2C,2,12.2781,0.0,0,19.51,0.0352
1910,N2C,6,4.5181,47.0,3,53.03,0.2203
1910,S2C,6,4.3138,49.0,3,55.54,0.2246
1910,E2C,3,10.9293,0.0,0,21.92,0.0606
1910,W2C,2,12.6655,0.0,0,18.92,0.0296
1911,N2C,6,4.2617,50.0,3,56.22,0.226
1911,S2C,6,4.197,52.0,3,57.09,0.2282
1911,E2C,3,10.8238,0.0,0,22.14,0.0621
1911,W2C,2,12.7399,0.0,0,18.81,0.0286
1912,N2C,6,4.199,54.0,4,57.06,0.2355
1912,S2C,6,4.0498,55.0,3,59.16,0.2324
1912,E2C,3,11.1327,0.0,0,21.52,0.0577
1912,W2C,2,13.0494,0.0,0,18.36,0.0241
1913,N2C,6,4.1108,58.0,4,58.29,0.2395
1913,S2C,6,4.293,58.0,3,55.81,0.2309
1913,E2C,3,11.5518,0.0,0,20.74,0.0517
1913,W2C,2,12.8611,0.0,0,18.63,0.0268
1914,N2C,6,4.2901,62.0,4,55.85,0.2396
1914,S2C,6,4.1787,62.0,4,57.34,0.2412
1914,E2C,3,9.818,0.0,0,24.4,0.0766
1914,W2C,2,12.8841,0.0,0,18.6,0.0265
1915,N2C,4,6.5419,18.0,2,36.63,0.1538
1915,S2C,4,6.2727,15.0,2,38.2,0.1557
1915,E2C,3,8.5858,0.0,0,27.91,0.0944
1915,W2C,2,13.1056,0.0,0,18.28,0.0233
1916,N2C,4,7.3576,0.0,0,32.56,0.1181
1916,S2C,4,5.9885,0.0,0,40.01,0.1378
1916,E2C,3,7.9202,0.0,0,30.25,0.104
1916,W2C,2,13.1216,0.0,0,18.26,0.0231
1917,N2C,4,7.3561,0.0,0,32.57,0.1181
1917,S2C,4,6.0969,0.0,0,39.3,0.1362
1917,E2C,3,7.7934,1.0,1,30.74,0.1125
1917,W2C,2,12.6609,0.0,0,18.92,0.0297
1918,N2C,3,11.1218,0.0,0,21.54,0.0579
1918,S2C,3,9.301,0.0,0,25.76,0.0841
1918,E2C,4,9.3738,2.0,1,25.56,0.0964
1918,W2C,3,12.8986,0.0,0,18.58,0.0323
1919,N2C,3,11.0796,0.0,0,21.63,0.0585
1919,S2C,3,9.0278,0.0,0,26.54,0.088
1919,E2C,4,9.0602,3.0,1,26.45,0.1015
1919,W2C,3,12.5665,0.0,0,19.07,0.0371
1920,N2C,2,12.6125,0.0,0,19.0,0.0304
1920,S2C,3,10.0092,0.0,0,23.94,0.0739
1920,E2C,4,9.0719,4.0,1,26.41,0.102
1920,W2C,3,11.2935,0.0,0,21.22,0.0554
1921,N2C,2,12.9379,0.0,0,18.52,0.0257
1921,S2C,2,11.3774,0.0,0,21.06,0.0482
1921,E2C,4,8.9789,5.0,1,26.68,0.104
1921,W2C,3,9.6465,0.0,0,24.84,0.0791
1922,N2C,2,12.5539,0.0,0,19.09,0.0312
1922,S2C,2,11.5737,0.0,0,20.7,0.0454
1922,E2C,4,8.9598,6.0,1,26.74,0.105
1922,W2C,3,8.8925,1.0,1,26.94,0.0966
1923,N2C,2,12.6781,0.0,0,18.9,0.0294
1923,S2C,2,11.5666,0.0,0,20.71,0.0455
1923,E2C,4,8.605,7.0,1,27.84,0.1108
1923,W2C,3,8.4332,2.0,1,28.41,0.1039
1924,N2C,2,12.7932,0.0,0,18.73,0.0278
1924,S2C,2,11.5597,0.0,0,20.73,0.0456
1924,E2C,4,7.7848,8.0,1,30.78,0.1232
1924,W2C,3,8.3528,3.0,1,28.69,0.1057
1925,N2C,2,12.9951,0.0,0,18.44,0.0249
1925,S2C,2,11.8216,0.0,0,20.27,0.0418
1925,E2C,4,6.9933,9.0,1,34.26,0.1353
1925,W2C,3,8.27,4.0,1,28.97,0.1076
1926,N2C,2,13.2421,0.0,0,18.09,0.0213
1926,S2C,2,11.6951,0.0,0,20.49,0.0436
1926,E2C,4,5.5014,10.0,1,43.55,0.1575
1926,W2C,3,8.5455,5.0,1,28.04,0.1043
1927,N2C,3,12.7817,0.0,0,18.75,0.034
1927,S2C,3,12.5591,0.0,0,19.08,0.0372
1927,E2C,5,5.986,12.0,2,40.03,0.1638
1927,W2C,4,8.5733,6.0,1,27.95,0.1106
1928,N2C,2,13.0973,0.0,0,18.29,0.0234
1928,S2C,3,12.1511,0.0,0,19.72,0.043
1928,E2C,5,5.0261,14.0,2,47.67,0.179
1928,W2C,4,7.273,7.0,1,32.94,0.1299
1929,N2C,2,12.8086,0.0,0,18.71,0.0276
1929,S2C,3,12.53,0.0,0,19.12,0.0376
1929,E2C,5,4.9159,16.0,2,48.74,0.1819
1929,W2C,4,6.1272,8.0,1,39.1,0.1471
1930,N2C,2,13.0518,0.0,0,18.36,0.0241
1930,S2C,2,13.168,0.0,0,18.2,0.0224
1930,E2C,5,4.7557,19.0,3,50.38,0.1922
1930,W2C,4,6.0255,9.0,1,39.76,0.1492
1931,N2C,2,12.3581,0.0,0,19.39,0.0341
1931,S2C,2,12.9571,0.0,0,18.49,0.0254
1931,E2C,5,4.905,22.0,3,48.85,0.192
1931,W2C,4,5.9255,10.0,1,40.44,0.1513
1932,N2C,2,12.8866,0.0,0,18.59,0.0264
1932,S2C,2,12.9991,0.0,0,18.43,0.0248
1932,E2C,5,4.7043,25.0,3,50.93,0.1969
1932,W2C,4,5.7671,12.0,2,41.55,0.161
1933,N2C,2,12.4666,0.0,0,19.22,0.0325
1933,S2C,2,13.1629,0.0,0,18.2,0.0225
1933,E2C,5,4.7673,28.0,3,50.26,0.198
1933,W2C,4,5.8453,14.0,2,40.99,0.1612
1934,N2C,2,12.7322,0.0,0,18.82,0.0287
1934,S2C,2,13.0185,0.0,0,18.4,0.0245
1934,E2C,5,4.6961,31.0,3,51.02,0.201
1934,W2C,4,5.7893,16.0,2,41.39,0.1633
1935,N2C,2,12.8515,0.0,0,18.64,0.027
1935,S2C,2,12.9624,0.0,0,18.48,0.0254
1935,E2C,5,4.2065,34.0,3,56.96,0.2101
1935,W2C,4,4.9594,18.0,2,48.31,0.1766
1936,N2C,3,12.6666,0.0,0,18.92,0.0356
1936,S2C,3,12.8535,0.0,0,18.64,0.0329
1936,E2C,6,5.124,37.0,3,46.76,0.2049
1936,W2C,5,5.7653,20.0,2,41.56,0.1723
1937,N2C,2,12.398,0.0,0,19.33,0.0335
1937,S2C,3,12.2109,0.0,0,19.62,0.0422
1937,E2C,6,4.6023,40.0,3,52.06,0.2144
1937,W2C,5,4.9154,22.0,2,48.74,0.1859
1938,N2C,2,12.7637,0.0,0,18.77,0.0282
1938,S2C,2,12.7874,0.0,0,18.74,0.0279
1938,E2C,6,3.9999,43.0,3,59.9,0.2251
1938,W2C,5,4.7057,24.0,2,50.92,0.1902
1939,N2C,2,12.6194,0.0,0,18.99,0.0303
1939,S2C,2,13.1283,0.0,0,18.25,0.023
1939,E2C,6,3.898,47.0,4,61.47,0.2352
1939,W2C,5,4.7201,26.0,2,50.76,0.1914
1940,N2C,2,12.6372,0.0,0,18.96,0.03
1940,S2C,2,13.4611,0.0,0,17.8,0.0182
1940,E2C,6,4.0422,51.0,4,59.27,0.2358
1940,W2C,5,4.7186,28.0,2,50.78,0.1927
1941,N2C,2,13.0869,0.0,0,18.31,0.0236
1941,S2C,2,13.3771,0.0,0,17.91,0.0194
1941,E2C,6,4.1235,55.0,4,58.11,0.2373
1941,W2C,5,4.4893,31.0,3,53.37,0.204
1942,N2C,2,13.2616,0.0,0,18.07,0.021
1942,S2C,2,12.7938,0.0,0,18.73,0.0278
1942,E2C,6,4.0308,59.0,4,59.44,0.2413
1942,W2C,5,4.6146,34.0,3,51.92,0.2042
1943,N2C,2,13.2723,0.0,0,18.05,0.0209
1943,S2C,2,13.4592,0.0,0,17.8,0.0182
1943,E2C,6,4.0951,63.0,4,58.51,0.243
1943,W2C,5,4.7694,37.0,3,50.24,0.204
1944,N2C,2,13.0309,0.0,0,18.39,0.0244
1944,S2C,2,13.0751,0.0,0,18.32,0.0237
1944,E2C,6,4.0906,67.0,4,58.57,0.2458
1944,W2C,5,4.5211,40.0,3,53.0,0.2096
1945,N2C,2,13.0917,0.0,0,18.3,0.0235
1945,S2C,2,13.4112,0.0,0,17.87,0.0189
1945,E2C,7,5.5069,71.0,4,43.51,0.234
1945,W2C,6,5.7551,43.0,3,41.63,0.1998
1946,N2C,2,12.244,0.0,0,19.57,0.0357
1946,S2C,2,12.8447,0.0,0,18.65,0.0271
1946,E2C,7,5.2793,75.0,4,45.38,0.24
1946,W2C,6,5.3767,46.0,3,44.56,0.2072
1947,N2C,2,12.9337,0.0,0,18.53,0.0258
1947,S2C,2,13.236,0.0,0,18.1,0.0214
1947,E2C,7,4.8275,79.0,4,49.63,0.2492
1947,W2C,6,5.3904,49.0,3,44.45,0.2091
1948,N2C,2,12.3002,0.0,0,19.48,0.0349
1948,S2C,2,12.8737,0.0,0,18.61,0.0266
1948,E2C,5,5.7929,29.0,2,41.36,0.1779
1948,W2C,4,8.0915,8.0,1,29.61,0.1188
1949,N2C,2,12.6114,0.0,0,19.0,0.0304
1949,S2C,2,13.0503,0.0,0,18.36,0.0241
1949,E2C,5,5.8587,0.0,0,40.9,0.1456
1949,W2C,4,8.3756,0.0,0,28.61,0.1034
1950,N2C,2,12.5921,0.0,0,19.03,0.0307
1950,S2C,2,12.9232,0.0,0,18.54,0.0259
1950,E2C,5,6.9103,0.0,0,34.67,0.1305
1950,W2C,4,8.5862,0.0,0,27.91,0.1004
1951,N2C,2,12.5717,0.0,0,19.06,0.031
1951,S2C,2,13.2094,0.0,0,18.14,0.0218
1951,E2C,3,9.8366,0.0,0,24.36,0.0764
1951,W2C,3,8.7311,0.0,0,27.44,0.0923
1952,N2C,2,12.8937,0.0,0,18.58,0.0263
1952,S2C,2,13.4184,0.0,0,17.86,0.0188
1952,E2C,3,9.9791,0.0,0,24.01,0.0743
1952,W2C,2,11.2299,0.0,0,21.34,0.0503
1953,N2C,2,12.6471,0.0,0,18.95,0.0299
1953,S2C,2,12.9397,0.0,0,18.52,0.0257
1953,E2C,3,10.4731,0.0,0,22.88,0.0672
1953,W2C,2,10.5756,0.0,0,22.66,0.0597
1954,N2C,3,12.6612,0.0,0,18.92,0.0357
1954,S2C,3,12.1026,0.0,0,19.8,0.0437
1954,E2C,2,12.729,0.0,0,18.82,0.0287
1954,W2C,3,11.6346,0.0,0,20.59,0.0505
1955,N2C,3,11.5069,0.0,0,20.82,0.0523
1955,S2C,3,10.1335,0.0,0,23.64,0.0721
1955,E2C,2,12.3581,0.0,0,19.39,0.0341
1955,W2C,2,11.1763,0.0,0,21.44,0.0511
1956,N2C,3,9.4931,0.0,0,25.24,0.0813
1956,S2C,3,9.7066,0.0,0,24.68,0.0782
1956,E2C,2,12.8548,0.0,0,18.64,0.0269
1956,W2C,2,11.6475,0.0,0,20.57,0.0443
1957,N2C,3,8.7741,0.0,0,27.31,0.0917
1957,S2C,3,9.1172,0.0,0,26.28,0.0867
1957,E2C,2,12.6176,0.0,0,18.99,0.0303
1957,W2C,2,11.3325,0.0,0,21.14,0.0488
1958,N2C,3,8.8756,0.0,0,27.0,0.0902
1958,S2C,3,8.827,1.0,1,27.14,0.0976
1958,E2C,2,12.5961,0.0,0,19.02,0.0306
1958,W2C,2,11.4265,0.0,0,20.97,0.0475
1959,N2C,3,8.3835,1.0,1,28.58,0.104
1959,S2C,3,8.7624,2.0,1,27.34,0.0992
1959,E2C,2,12.8859,0.0,0,18.59,0.0265
1959,W2C,2,11.7073,0.0,0,20.47,0.0434
1960,N2C,3,8.119,2.0,1,29.51,0.1084
1960,S2C,3,8.8197,3.0,1,27.17,0.099
1960,E2C,2,13.0623,0.0,0,18.34,0.0239
1960,W2C,2,11.4401,0.0,0,20.94,0.0473
1961,N2C,3,8.4577,3.0,1,28.33,0.1042
1961,S2C,3,9.1548,4.0,1,26.17,0.0948
1961,E2C,2,12.8304,0.0,0,18.67,0.0273
1961,W2C,2,11.2905,0.0,0,21.22,0.0494
1962,N2C,3,7.7785,4.0,1,30.8,0.1147
1962,S2C,3,8.1586,5.0,1,29.37,0.1099
1962,E2C,2,12.3453,0.0,0,19.41,0.0342
1962,W2C,2,11.2551,0.0,0,21.29,0.0499
1963,N2C,4,7.5585,5.0,1,31.7,0.1245
1963,S2C,4,9.0906,6.0,1,26.36,0.1031
1963,E2C,3,12.8496,0.0,0,18.65,0.033
1963,W2C,3,12.2701,0.0,0,19.53,0.0413
1964,N2C,4,6.7059,6.0,1,35.73,0.1374
1964,S2C,4,7.9329,7.0,1,30.2,0.1204
1964,E2C,2,12.4832,0.0,0,19.19,0.0323
1964,W2C,3,11.8899,0.0,0,20.15,0.0468
1965,N2C,4,5.7212,8.0,2,41.88,0.159
1965,S2C,4,6.6308,9.0,2,36.13,0.1465
1965,E2C,2,12.5828,0.0,0,19.04,0.0308
1965,W2C,3,11.9057,0.0,0,20.12,0.0466
1966,N2C,4,5.6518,10.0,2,42.39,0.1613
1966,S2C,4,6.4704,11.0,2,37.03,0.1502
1966,E2C,2,12.9387,0.0,0,18.52,0.0257
1966,W2C,3,11.9566,0.0,0,20.04,0.0458
1967,N2C,4,5.8124,12.0,2,41.22,0.1603
1967,S2C,4,6.4481,13.0,2,37.16,0.1518
1967,E2C,2,13.1166,0.0,0,18.27,0.0231
1967,W2C,3,12.1239,0.0,0,19.76,0.0434
1968,N2C,4,5.7206,14.0,2,41.88,0.163
1968,S2C,4,6.7701,15.0,2,35.39,0.1485
1968,E2C,2,13.1521,0.0,0,18.22,0.0226
1968,W2C,3,11.8304,0.0,0,20.25,0.0477
1969,N2C,4,5.6085,16.0,2,42.72,0.1659
1969,S2C,4,6.6835,17.0,2,35.85,0.1511
1969,E2C,2,12.9805,0.0,0,18.46,0.0251
1969,W2C,3,12.2809,0.0,0,19.51,0.0412
1970,N2C,4,5.8807,18.0,2,40.74,0.1633
1970,S2C,4,6.6082,19.0,2,36.26,0.1535
1970,E2C,2,13.227,0.0,0,18.11,0.0215
1970,W2C,2,13.1237,0.0,0,18.26,0.023
1971,N2C,4,5.8396,20.0,2,41.03,0.1652
1971,S2C,4,5.3709,21.0,2,44.61,0.1727
1971,E2C,2,12.9204,0.0,0,18.54,0.026
1971,W2C,2,12.9078,0.0,0,18.56,0.0261
1972,N2C,5,7.4639,22.0,2,32.1,0.1492
1972,S2C,5,6.1144,23.0,2,39.19,0.1693
1972,E2C,3,13.0149,0.0,0,18.41,0.0306
1972,W2C,3,13.4217,0.0,0,17.85,0.0247
1973,N2C,5,6.7947,24.0,2,35.26,0.1602
1973,S2C,5,5.3239,25.0,2,45.0,0.182
1973,E2C,3,13.1586,0.0,0,18.21,0.0285
1973,W2C,2,12.9226,0.0,0,18.54,0.0259
1974,N2C,5,5.7773,26.0,2,41.47,0.1761
1974,S2C,5,5.1416,28.0,3,46.6,0.1926
1974,E2C,2,13.3439,0.0,0,17.96,0.0199
1974,W2C,2,13.4863,0.0,0,17.77,0.0178
1975,N2C,5,5.1849,28.0,2,46.21,0.186
1975,S2C,5,5.0225,31.0,3,47.71,0.1963
1975,E2C,2,13.2548,0.0,0,18.08,0.0211
1975,W2C,2,13.4214,0.0,0,17.85,0.0187
1976,N2C,5,5.0991,30.0,2,46.99,0.1886
1976,S2C,5,5.1254,34.0,3,46.75,0.1969
1976,E2C,2,12.8328,0.0,0,18.67,0.0272
1976,W2C,2,13.73,0.0,0,17.45,0.0143
1977,N2C,5,5.1304,32.0,2,46.7,0.1895
1977,S2C,5,5.0517,37.0,3,47.43,0.1999
1977,E2C,2,13.4305,0.0,0,17.84,0.0186
1977,W2C,2,13.3708,0.0,0,17.92,0.0195
1978,N2C,5,4.8839,34.0,2,49.06,0.1943
1978,S2C,5,5.0475,40.0,3,47.47,0.202
1978,E2C,2,13.3153,0.0,0,17.99,0.0203
1978,W2C,2,13.357,0.0,0,17.94,0.0197
1979,N2C,5,4.7846,37.0,3,50.08,0.2038
1979,S2C,5,5.0381,43.0,3,47.56,0.2041
1979,E2C,2,13.3872,0.0,0,17.9,0.0192
1979,W2C,2,13.0282,0.0,0,18.39,0.0244
1980,N2C,5,4.8569,40.0,3,49.33,0.2047
1980,S2C,5,4.0582,46.0,3,59.04,0.2202
1980,E2C,2,12.2008,0.0,0,19.64,0.0363
1980,W2C,2,11.8709,0.0,0,20.18,0.0411
1981,N2C,4,9.3681,3.0,1,25.58,0.0971
1981,S2C,4,7.7633,8.0,1,30.86,0.1236
1981,E2C,3,11.4525,0.0,0,20.92,0.0531
1981,W2C,3,11.475,0.0,0,20.88,0.0528
1982,N2C,4,9.5632,0.0,0,25.05,0.0863
1982,S2C,4,7.4049,0.0,0,32.36,0.1174
1982,E2C,3,10.1417,0.0,0,23.63,0.072
1982,W2C,3,9.9588,0.0,0,24.06,0.0746
1983,N2C,4,10.3883,0.0,0,23.06,0.0744
1983,S2C,4,7.8152,0.0,0,30.66,0.1115
1983,E2C,3,8.849,0.0,0,27.08,0.0906
1983,W2C,3,8.8017,0.0,0,27.22,0.0913
1984,N2C,3,12.2078,0.0,0,19.63,0.0422
1984,S2C,2,12.1304,0.0,0,19.75,0.0373
1984,E2C,3,8.6717,0.0,0,27.63,0.0931
1984,W2C,3,8.9672,0.0,0,26.72,0.0889
1985,N2C,2,12.7352,0.0,0,18.81,0.0286
1985,S2C,2,11.9986,0.0,0,19.97,0.0392
1985,E2C,3,8.9387,1.0,1,26.8,0.096
1985,W2C,3,8.7124,1.0,1,27.5,0.0992
1986,N2C,2,13.4493,0.0,0,17.82,0.0183
1986,S2C,2,12.5268,0.0,0,19.13,0.0316
1986,E2C,3,8.6933,2.0,1,27.56,0.1002
1986,W2C,3,8.5709,2.0,1,27.96,0.1019
1987,N2C,2,13.073,0.0,0,18.33,0.0238
1987,S2C,2,12.8442,0.0,0,18.65,0.0271
1987,E2C,3,8.9368,3.0,1,26.81,0.0973
1987,W2C,3,8.6896,3.0,1,27.57,0.1009
1988,N2C,2,12.4975,0.0,0,19.17,0.0321
1988,S2C,2,13.0192,0.0,0,18.4,0.0245
1988,E2C,3,8.6347,4.0,1,27.75,0.1023
1988,W2C,3,8.6281,4.0,1,27.77,0.1024
1989,N2C,2,13.0718,0.0,0,18.33,0.0238
1989,S2C,2,12.6167,0.0,0,18.99,0.0303
1989,E2C,3,8.2762,5.0,1,28.95,0.1082
1989,W2C,3,7.7097,5.0,1,31.08,0.1163
1990,N2C,2,13.1955,0.0,0,18.16,0.022
1990,S2C,3,12.7107,0.0,0,18.85,0.035
1990,E2C,4,8.3574,6.0,1,28.67,0.1137
1990,W2C,4,8.2623,6.0,1,29.0,0.115
1991,N2C,2,12.6169,0.0,0,18.99,0.0303
1991,S2C,3,12.816,0.0,0,18.7,0.0335
1991,E2C,4,7.0313,7.0,1,34.08,0.1334
1991,W2C,4,6.9296,7.0,1,34.58,0.1349
1992,N2C,2,13.3814,0.0,0,17.91,0.0193
1992,S2C,2,13.3207,0.0,0,17.99,0.0202
1992,E2C,4,6.6479,8.0,1,36.04,0.1396
1992,W2C,4,6.6782,8.0,1,35.88,0.1392
1993,N2C,2,13.4183,0.0,0,17.86,0.0188
1993,S2C,2,12.9968,0.0,0,18.44,0.0249
1993,E2C,4,6.1089,9.0,1,39.22,0.148
1993,W2C,4,6.2919,10.0,2,38.08,0.1521
1994,N2C,2,12.8129,0.0,0,18.7,0.0275
1994,S2C,2,13.3716,0.0,0,17.92,0.0195
1994,E2C,4,6.4413,11.0,2,37.2,0.1506
1994,W2C,4,6.1986,12.0,2,38.65,0.1547
1995,N2C,2,13.4116,0.0,0,17.87,0.0189
1995,S2C,2,13.0377,0.0,0,18.38,0.0243
1995,E2C,4,6.5158,13.0,2,36.77,0.1508
1995,W2C,4,6.4478,14.0,2,37.16,0.1525
1996,N2C,2,12.7114,0.0,0,18.85,0.029
1996,S2C,2,13.178,0.0,0,18.18,0.0223
1996,E2C,4,6.0837,15.0,2,39.38,0.1584
1996,W2C,4,6.3562,16.0,2,37.7,0.1551
1997,N2C,2,13.2098,0.0,0,18.14,0.0218
1997,S2C,2,12.4406,0.0,0,19.26,0.0329
1997,E2C,4,6.1315,17.0,2,39.08,0.159
1997,W2C,4,6.5554,18.0,2,36.55,0.1536
1998,N2C,2,13.5277,0.0,0,17.71,0.0172
1998,S2C,2,12.9816,0.0,0,18.46,0.0251
1998,E2C,4,5.6807,19.0,2,42.18,0.1669
1998,W2C,4,6.4685,20.0,2,37.04,0.1562
1999,N2C,3,12.0526,0.0,0,19.88,0.0445
1999,S2C,3,13.0574,0.0,0,18.35,0.03
1999,E2C,5,6.3543,21.0,2,37.71,0.1645
1999,W2C,5,7.1338,22.0,2,33.59,0.1539
2000,N2C,2,11.7618,0.0,0,20.37,0.0426
2000,S2C,2,12.8672,0.0,0,18.62,0.0267
2000,E2C,5,5.2049,23.0,2,46.03,0.1824
2000,W2C,5,6.3538,24.0,2,37.71,0.1665
2001,N2C,2,11.8602,0.0,0,20.2,0.0412
2001,S2C,2,12.8434,0.0,0,18.66,0.0271
2001,E2C,5,5.0624,25.0,2,47.33,0.1858
2001,W2C,5,5.4968,26.0,2,43.59,0.1802
2002,N2C,2,11.7588,0.0,0,20.38,0.0427
2002,S2C,2,13.0043,0.0,0,18.42,0.0248
2002,E2C,5,4.9505,28.0,3,48.4,0.1954
2002,W2C,5,5.5239,28.0,2,43.38,0.1811
2003,N2C,2,12.0874,0.0,0,19.82,0.038
2003,S2C,2,13.852,0.0,0,17.3,0.0125
2003,E2C,5,4.919,31.0,3,48.71,0.1978
2003,W2C,5,5.3851,31.0,3,44.49,0.1911
2004,N2C,2,11.4441,0.0,0,20.94,0.0472
2004,S2C,2,12.9934,0.0,0,18.44,0.0249
2004,E2C,5,4.9991,34.0,3,47.93,0.1987
2004,W2C,5,5.3427,34.0,3,44.85,0.1937
2005,N2C,2,12.4451,0.0,0,19.25,0.0328
2005,S2C,2,13.85,0.0,0,17.3,0.0126
2005,E2C,5,5.1433,37.0,3,46.58,0.1986
2005,W2C,5,5.1056,37.0,3,46.93,0.1992
2006,N2C,2,12.2024,0.0,0,19.64,0.0363
2006,S2C,2,13.3405,0.0,0,17.96,0.0199
2006,E2C,5,4.9443,40.0,3,48.46,0.2035
2006,W2C,5,5.2266,40.0,3,45.84,0.1994
2007,N2C,2,12.524,0.0,0,19.13,0.0317
2007,S2C,2,13.4183,0.0,0,17.86,0.0188
2007,E2C,5,4.9096,43.0,3,48.8,0.206
2007,W2C,5,4.3457,43.0,3,55.14,0.2141
2008,N2C,2,11.6955,0.0,0,20.49,0.0436
2008,S2C,2,13.4823,0.0,0,17.77,0.0179
2008,E2C,6,6.5563,46.0,3,36.54,0.1903
2008,W2C,6,5.1687,46.0,3,46.36,0.2102
2009,N2C,2,11.0383,0.0,0,21.71,0.0531
2009,S2C,2,12.6312,0.0,0,18.97,0.0301
2009,E2C,6,5.7412,49.0,3,41.73,0.204
2009,W2C,6,4.6476,49.0,3,51.55,0.2197
2010,N2C,2,11.396,0.0,0,21.02,0.0479
2010,S2C,2,13.1542,0.0,0,18.21,0.0226
2010,E2C,6,4.8204,52.0,3,49.71,0.2193
2010,W2C,6,4.4636,52.0,3,53.68,0.2244
2011,N2C,2,11.9165,0.0,0,20.11,0.0404
2011,S2C,2,13.4917,0.0,0,17.76,0.0177
2011,E2C,6,4.7214,55.0,3,50.75,0.2227
2011,W2C,6,4.4127,56.0,4,54.3,0.2338
2012,N2C,2,11.5932,0.0,0,20.67,0.0451
2012,S2C,2,12.7098,0.0,0,18.85,0.029
2012,E2C,6,4.4128,59.0,4,54.3,0.2358
2012,W2C,6,4.565,60.0,4,52.49,0.2343
2013,N2C,2,11.7141,0.0,0,20.45,0.0433
2013,S2C,2,12.6995,0.0,0,18.87,0.0291
2013,E2C,6,4.4889,63.0,4,53.38,0.2374
2013,W2C,6,4.4715,64.0,4,53.58,0.2383
2014,N2C,2,11.3654,0.0,0,21.08,0.0484
2014,S2C,2,13.2448,0.0,0,18.09,0.0213
2014,E2C,4,6.7903,16.0,2,35.29,0.1489
2014,W2C,4,6.6334,16.0,2,36.12,0.1512
2015,N2C,2,11.8718,0.0,0,20.18,0.0411
2015,S2C,2,13.0696,0.0,0,18.33,0.0238
2015,E2C,4,6.9233,0.0,0,34.61,0.1243
2015,W2C,4,6.5753,0.0,0,36.44,0.1293
2016,N2C,2,11.4099,0.0,0,21.0,0.0477
2016,S2C,2,11.9569,0.0,0,20.04,0.0398
2016,E2C,4,6.6918,0.0,0,35.81,0.1276
2016,W2C,4,6.8262,0.0,0,35.1,0.1257
2017,N2C,3,11.9877,0.0,0,19.99,0.0454
2017,S2C,3,10.9123,0.0,0,21.96,0.0609
2017,E2C,4,8.2793,0.0,0,28.94,0.1048
2017,W2C,3,10.6978,0.0,0,22.4,0.064
2018,N2C,3,12.1301,0.0,0,19.75,0.0433
2018,S2C,3,8.9327,0.0,0,26.82,0.0894
2018,E2C,3,9.7129,0.0,0,24.67,0.0781
2018,W2C,3,10.1308,0.0,0,23.65,0.0721
2019,N2C,3,12.2494,0.0,0,19.56,0.0416
2019,S2C,3,8.5098,0.0,0,28.16,0.0955
2019,E2C,2,11.5474,0.0,0,20.75,0.0457
2019,W2C,2,12.8939,0.0,0,18.58,0.0263
2020,N2C,3,11.6058,0.0,0,20.64,0.0509
2020,S2C,3,7.9934,0.0,0,29.97,0.1029
2020,E2C,2,11.8695,0.0,0,20.19,0.0411
2020,W2C,2,12.8165,0.0,0,18.69,0.0275
2021,N2C,3,12.0587,0.0,0,19.87,0.0444
2021,S2C,3,7.7728,1.0,1,30.83,0.1127
2021,E2C,2,12.4524,0.0,0,19.24,0.0327
2021,W2C,2,12.7675,0.0,0,18.77,0.0282
2022,N2C,3,11.7394,0.0,0,20.41,0.049
2022,S2C,3,8.0356,2.0,1,29.82,0.1096
2022,E2C,2,11.3583,0.0,0,21.09,0.0485
2022,W2C,2,12.6345,0.0,0,18.96,0.0301
2023,N2C,3,10.1497,0.0,0,23.61,0.0719
2023,S2C,3,8.0741,3.0,1,29.68,0.1097
2023,E2C,2,11.9111,0.0,0,20.12,0.0405
2023,W2C,2,13.052,0.0,0,18.36,0.0241
2024,N2C,3,8.7336,1.0,1,27.43,0.0989
2024,S2C,3,8.0935,4.0,1,29.6,0.1101
2024,E2C,2,11.9868,0.0,0,19.99,0.0394
2024,W2C,2,13.2321,0.0,0,18.11,0.0215
2025,N2C,3,8.0485,2.0,1,29.77,0.1094
2025,S2C,3,7.9595,5.0,1,30.1,0.1127
2025,E2C,2,12.0419,0.0,0,19.9,0.0386
2025,W2C,2,12.9065,0.0,0,18.56,0.0262
2026,N2C,4,8.427,3.0,1,28.43,0.1107
2026,S2C,4,8.8698,6.0,1,27.01,0.1063
2026,E2C,2,12.0978,0.0,0,19.81,0.0378
2026,W2C,2,13.4744,0.0,0,17.78,0.018
2027,N2C,4,7.2749,4.0,1,32.94,0.1279
2027,S2C,4,7.6193,7.0,1,31.45,0.125
2027,E2C,2,12.2122,0.0,0,19.62,0.0362
2027,W2C,2,12.9142,0.0,0,18.55,0.0261
2028,N2C,4,6.3994,6.0,2,37.44,0.1479
2028,S2C,4,6.6615,8.0,1,35.97,0.1394
2028,E2C,2,12.3624,0.0,0,19.38,0.034
2028,W2C,2,12.6106,0.0,0,19.0,0.0304
2029,N2C,4,6.6429,8.0,2,36.07,0.1457
2029,S2C,4,6.2717,9.0,1,38.2,0.1457
2029,E2C,2,11.9241,0.0,0,20.09,0.0403
2029,W2C,2,12.8876,0.0,0,18.59,0.0264
2030,N2C,4,6.4934,10.0,2,36.9,0.1492
2030,S2C,4,6.1019,11.0,2,39.27,0.1555
2030,E2C,2,12.0628,0.0,0,19.86,0.0383
2030,W2C,2,13.3271,0.0,0,17.98,0.0201
2031,N2C,4,6.3776,12.0,2,37.57,0.1522
2031,S2C,4,6.0172,13.0,2,39.82,0.158
2031,E2C,2,11.6618,0.0,0,20.55,0.0441
2031,W2C,2,12.891,0.0,0,18.59,0.0264
2032,N2C,4,6.3011,14.0,2,38.03,0.1546
2032,S2C,4,6.0572,15.0,2,39.56,0.1588
2032,E2C,2,12.3279,0.0,0,19.44,0.0345
2032,W2C,2,13.0081,0.0,0,18.42,0.0247
2033,N2C,4,6.5929,16.0,2,36.34,0.1517
2033,S2C,4,6.2285,17.0,2,38.47,0.1577
2033,E2C,2,11.6827,0.0,0,20.51,0.0438
2033,W2C,2,12.6193,0.0,0,18.99,0.0303
2034,N2C,4,6.2536,18.0,2,38.31,0.158
2034,S2C,4,6.2014,19.0,2,38.64,0.1594
2034,E2C,2,11.5295,0.0,0,20.78,0.046
2034,W2C,2,12.9149,0.0,0,18.55,0.026
2035,N2C,5,6.5966,20.0,2,36.32,0.1604
2035,S2C,5,7.2962,21.0,2,32.84,0.1509
2035,E2C,3,12.8513,0.0,0,18.64,0.033
2035,W2C,3,12.904,0.0,0,18.57,0.0322
2036,N2C,5,5.6257,22.0,2,42.59,0.1757
2036,S2C,5,6.9274,23.0,2,34.59,0.1576
2036,E2C,3,12.5209,0.0,0,19.14,0.0377
2036,W2C,2,13.2177,0.0,0,18.13,0.0217
2037,N2C,5,4.798,25.0,3,49.94,0.1956
2037,S2C,5,6.2908,25.0,2,38.09,0.1681
2037,E2C,3,12.0898,0.0,0,19.82,0.0439
2037,W2C,2,12.8699,0.0,0,18.62,0.0267
2038,N2C,5,4.7909,28.0,3,50.01,0.1977
2038,S2C,5,5.5144,27.0,2,43.45,0.1806
2038,E2C,3,12.1808,0.0,0,19.67,0.0426
2038,W2C,2,12.9709,0.0,0,18.47,0.0252
2039,N2C,5,4.7356,31.0,3,50.6,0.2005
2039,S2C,5,4.8819,30.0,3,49.08,0.1977
2039,E2C,3,12.1504,0.0,0,19.72,0.043
2039,W2C,2,13.1018,0.0,0,18.29,0.0233
2040,N2C,5,4.6237,34.0,3,51.82,0.2041
2040,S2C,5,4.9367,33.0,3,48.53,0.1989
2040,E2C,2,13.6887,0.0,0,17.5,0.0149
2040,W2C,2,13.2635,0.0,0,18.06,0.021
2041,N2C,5,4.6134,37.0,3,51.94,0.2062
2041,S2C,5,5.2346,36.0,3,45.77,0.1966
2041,E2C,2,13.2055,0.0,0,18.14,0.0219
2041,W2C,2,13.4373,0.0,0,17.83,0.0185
2042,N2C,5,4.6633,40.0,3,51.38,0.2075
2042,S2C,5,5.0619,39.0,3,47.33,0.2011
2042,E2C,2,13.3888,0.0,0,17.9,0.0192
2042,W2C,2,13.5062,0.0,0,17.74,0.0175
2043,N2C,5,3.7659,43.0,3,63.62,0.2224
2043,S2C,5,4.5912,42.0,3,52.19,0.2099
2043,E2C,2,13.384,0.0,0,17.9,0.0193
2043,W2C,2,13.4484,0.0,0,17.82,0.0184
2044,N2C,6,4.4731,46.0,3,53.57,0.2203
2044,S2C,6,5.2029,45.0,3,46.05,0.2091
2044,E2C,2,13.7187,0.0,0,17.47,0.0145
2044,W2C,2,12.9369,0.0,0,18.52,0.0257
2045,N2C,6,4.0484,49.0,3,59.18,0.2284
2045,S2C,6,4.5566,48.0,3,52.58,0.2204
2045,E2C,2,12.6766,0.0,0,18.9,0.0295
2045,W2C,2,12.7456,0.0,0,18.8,0.0285
2046,N2C,6,3.7415,52.0,3,64.04,0.2348
2046,S2C,6,4.0631,51.0,3,58.97,0.2295
2046,E2C,2,12.8099,0.0,0,18.7,0.0276
2046,W2C,2,12.6122,0.0,0,19.0,0.0304
2047,N2C,4,5.5669,11.0,1,43.04,0.1572
2047,S2C,4,6.3271,9.0,1,37.87,0.1449
2047,E2C,2,13.0461,0.0,0,18.37,0.0242
2047,W2C,2,12.7964,0.0,0,18.72,0.0277
2048,N2C,4,6.1204,0.0,0,39.15,0.1359
2048,S2C,4,6.9058,0.0,0,34.7,0.1246
2048,E2C,2,12.9944,0.0,0,18.44,0.0249
2048,W2C,2,12.7593,0.0,0,18.78,0.0283
2049,N2C,4,7.1589,0.0,0,33.47,0.1209
2049,S2C,4,7.6021,0.0,0,31.52,0.1145
2049,E2C,2,13.1238,0.0,0,18.26,0.023
2049,W2C,2,12.4775,0.0,0,19.2,0.0323
2050,N2C,2,11.0666,0.0,0,21.65,0.0527
2050,S2C,2,12.1137,0.0,0,19.78,0.0376
2050,E2C,2,13.6134,0.0,0,17.6,0.016
2050,W2C,2,12.8659,0.0,0,18.62,0.0267
2051,N2C,2,10.8522,0.0,0,22.08,0.0557
2051,S2C,2,11.8827,0.0,0,20.16,0.0409
2051,E2C,2,13.2216,0.0,0,18.12,0.0216
2051,W2C,2,12.684,0.0,0,18.89,0.0294
2052,N2C,2,10.9076,0.0,0,21.97,0.0549
2052,S2C,2,11.7514,0.0,0,20.39,0.0428
2052,E2C,2,12.5992,0.0,0,19.02,0.0306
2052,W2C,2,11.6862,0.0,0,20.5,0.0437
2053,N2C,3,11.8646,0.0,0,20.19,0.0472
2053,S2C,3,12.6473,0.0,0,18.94,0.0359
2053,E2C,3,10.9518,0.0,0,21.88,0.0603
2053,W2C,3,10.7445,0.0,0,22.3,0.0633
2054,N2C,3,11.8941,0.0,0,20.14,0.0467
2054,S2C,3,12.617,0.0,0,18.99,0.0363
2054,E2C,3,9.5691,0.0,0,25.04,0.0802
2054,W2C,3,8.698,0.0,0,27.55,0.0928
2055,N2C,3,12.0614,0.0,0,19.87,0.0443
2055,S2C,2,12.7621,0.0,0,18.77,0.0282
2055,E2C,3,8.5034,0.0,0,28.18,0.0956
2055,W2C,3,7.5805,1.0,1,31.61,0.1155
2056,N2C,3,11.8267,0.0,0,20.26,0.0477
2056,S2C,2,12.913,0.0,0,18.55,0.0261
2056,E2C,3,8.2056,0.0,0,29.2,0.0998
2056,W2C,3,7.4825,2.0,1,32.02,0.1176
2057,N2C,3,11.9016,0.0,0,20.13,0.0466
2057,S2C,2,12.9716,0.0,0,18.47,0.0252
2057,E2C,3,8.5383,1.0,1,28.06,0.1017
2057,W2C,3,7.7568,3.0,1,30.89,0.1143
2058,N2C,2,12.4237,0.0,0,19.29,0.0331
2058,S2C,2,13.1119,0.0,0,18.27,0.0232
2058,E2C,3,8.6188,2.0,1,27.8,0.1012
2058,W2C,3,7.6692,4.0,1,31.24,0.1162
2059,N2C,2,12.6367,0.0,0,18.96,0.03
2059,S2C,2,12.6297,0.0,0,18.97,0.0301
2059,E2C,3,8.5651,3.0,1,27.97,0.1027
2059,W2C,3,7.617,5.0,1,31.46,0.1177
2060,N2C,2,13.0199,0.0,0,18.4,0.0245
2060,S2C,2,12.6442,0.0,0,18.95,0.0299
2060,E2C,3,8.2809,4.0,1,28.93,0.1074
2060,W2C,3,7.4486,6.0,1,32.17,0.1207
2061,N2C,2,13.0682,0.0,0,18.33,0.0238
2061,S2C,2,13.0702,0.0,0,18.33,0.0238
2061,E2C,3,7.9485,5.0,1,30.14,0.1129
2061,W2C,3,7.4744,7.0,1,32.06,0.121
2062,N2C,3,12.5452,0.0,0,19.1,0.0374
2062,S2C,3,12.5852,0.0,0,19.04,0.0368
2062,E2C,4,8.4336,6.0,1,28.41,0.1126
2062,W2C,4,8.9715,8.0,1,26.71,0.1062
2063,N2C,3,12.477,0.0,0,19.2,0.0383
2063,S2C,3,12.6241,0.0,0,18.98,0.0362
2063,E2C,4,7.3423,7.0,1,32.63,0.1289
2063,W2C,4,8.2039,9.0,1,29.21,0.1179
2064,N2C,2,12.8583,0.0,0,18.63,0.0269
2064,S2C,3,12.1794,0.0,0,19.67,0.0426
2064,E2C,4,6.2698,8.0,1,38.21,0.1451
2064,W2C,4,6.9781,10.0,1,34.34,0.1362
2065,N2C,2,12.2191,0.0,0,19.61,0.0361
2065,S2C,2,12.9553,0.0,0,18.49,0.0255
2065,E2C,4,6.6331,9.0,1,36.12,0.1405
2065,W2C,4,6.1722,11.0,1,38.82,0.1485
2066,N2C,2,12.8271,0.0,0,18.68,0.0273
2066,S2C,2,13.0434,0.0,0,18.37,0.0242
2066,E2C,4,6.3042,11.0,2,38.01,0.1526
2066,W2C,4,6.0263,12.0,1,39.76,0.1512
2067,N2C,2,12.96,0.0,0,18.49,0.0254
2067,S2C,2,13.0654,0.0,0,18.34,0.0239
2067,E2C,4,6.2323,13.0,2,38.44,0.1549
2067,W2C,4,5.8849,14.0,2,40.71,0.1606
2068,N2C,2,12.6285,0.0,0,18.97,0.0302
2068,S2C,2,13.0549,0.0,0,18.35,0.024
2068,E2C,4,6.1389,15.0,2,39.03,0.1576
2068,W2C,4,5.974,16.0,2,40.11,0.1606
2069,N2C,2,12.2715,0.0,0,19.52,0.0353
2069,S2C,2,12.947,0.0,0,18.51,0.0256
2069,E2C,4,6.3206,17.0,2,37.91,0.1563
2069,W2C,4,6.1657,18.0,2,38.86,0.1592
2070,N2C,2,12.6578,0.0,0,18.93,0.0297
2070,S2C,2,12.8441,0.0,0,18.65,0.0271
2070,E2C,4,6.2389,19.0,2,38.4,0.1588
2070,W2C,4,6.0768,20.0,2,39.43,0.1618
2071,N2C,2,13.1033,0.0,0,18.29,0.0233
2071,S2C,2,12.7489,0.0,0,18.79,0.0284
2071,E2C,5,7.5635,21.0,2,31.68,0.1471
2071,W2C,5,7.5699,22.0,2,31.65,0.1477
2072,N2C,2,12.7479,0.0,0,18.8,0.0284
2072,S2C,2,12.3002,0.0,0,19.48,0.0349
2072,E2C,5,6.6779,23.0,2,35.88,0.1612
2072,W2C,5,7.3409,24.0,2,32.64,0.1523
2073,N2C,2,13.2282,0.0,0,18.11,0.0215
2073,S2C,2,11.7899,0.0,0,20.32,0.0422
2073,E2C,5,5.6767,25.0,2,42.21,0.1769
2073,W2C,5,7.1719,26.0,2,33.41,0.1561
2074,N2C,2,13.0741,0.0,0,18.33,0.0237
2074,S2C,2,12.5618,0.0,0,19.07,0.0311
2074,E2C,5,4.8893,27.0,2,49.01,0.1896
2074,W2C,5,6.7097,28.0,2,35.71,0.1641
2075,N2C,2,12.9468,0.0,0,18.51,0.0256
2075,S2C,2,12.8565,0.0,0,18.64,0.0269
2075,E2C,5,5.0648,30.0,3,47.31,0.1951
2075,W2C,5,5.7804,30.0,2,41.45,0.1788
2076,N2C,2,13.1285,0.0,0,18.25,0.023
2076,S2C,2,12.4975,0.0,0,19.17,0.032
2076,E2C,5,4.998,33.0,3,47.94,0.198
2076,W2C,5,5.3092,32.0,2,45.13,0.1869
2077,N2C,2,12.949,0.0,0,18.5,0.0255
2077,S2C,2,12.7378,0.0,0,18.81,0.0286
2077,E2C,5,4.9699,36.0,3,48.21,0.2004
2077,W2C,5,5.3795,35.0,3,44.54,0.1939
2078,N2C,2,13.0013,0.0,0,18.43,0.0248
2078,S2C,2,12.5739,0.0,0,19.06,0.031
2078,E2C,5,4.8782,39.0,3,49.12,0.2038
2078,W2C,5,5.236,38.0,3,45.76,0.1979
2079,N2C,2,13.2159,0.0,0,18.13,0.0217
2079,S2C,2,13.0419,0.0,0,18.37,0.0242
2079,E2C,5,3.9763,42.0,3,60.26,0.2187
2079,W2C,5,4.8478,41.0,3,49.42,0.2055
2080,N2C,3,12.5677,0.0,0,19.06,0.037
2080,S2C,3,12.6118,0.0,0,19.0,0.0364
2080,E2C,4,7.7348,6.0,1,30.98,0.1226
2080,W2C,4,8.2034,4.0,1,29.21,0.1145
2081,N2C,3,11.896,0.0,0,20.14,0.0467
2081,S2C,3,10.594,0.0,0,22.62,0.0655
2081,E2C,4,7.286,0.0,0,32.89,0.1191
2081,W2C,4,8.0432,0.0,0,29.79,0.1082
2082,N2C,3,10.3288,0.0,0,23.2,0.0693
2082,S2C,3,9.5941,0.0,0,24.97,0.0799
2082,E2C,4,8.1376,0.0,0,29.44,0.1068
2082,W2C,4,8.295,0.0,0,28.88,0.1046
2083,N2C,3,8.814,0.0,0,27.18,0.0911
2083,S2C,3,8.4228,0.0,0,28.45,0.0967
2083,E2C,2,11.9064,0.0,0,20.12,0.0406
2083,W2C,2,12.3656,0.0,0,19.38,0.0339
2084,N2C,3,8.7085,0.0,0,27.51,0.0926
2084,S2C,3,8.5905,1.0,1,27.89,0.101
2084,E2C,2,12.4715,0.0,0,19.21,0.0324
2084,W2C,2,12.4017,0.0,0,19.32,0.0334
2085,N2C,3,8.5555,1.0,1,28.01,0.1015
2085,S2C,3,8.1806,2.0,1,29.29,0.1075
2085,E2C,2,12.7172,0.0,0,18.84,0.0289
2085,W2C,2,12.8202,0.0,0,18.69,0.0274
2086,N2C,3,8.9357,2.0,1,26.81,0.0967
2086,S2C,3,8.3235,3.0,1,28.79,0.1062
2086,E2C,2,12.0235,0.0,0,19.93,0.0389
2086,W2C,2,12.1697,0.0,0,19.69,0.0368
2087,N2C,3,8.7151,3.0,1,27.49,0.1005
2087,S2C,3,8.1798,4.0,1,29.29,0.1089
2087,E2C,2,12.6151,0.0,0,18.99,0.0304
2087,W2C,2,12.4693,0.0,0,19.22,0.0325
2088,N2C,3,8.2763,4.0,1,28.95,0.1075
2088,S2C,3,8.3752,5.0,1,28.61,0.1067
2088,E2C,2,12.8712,0.0,0,18.62,0.0267
2088,W2C,2,12.5195,0.0,0,19.14,0.0317
2089,N2C,4,8.6135,5.0,1,27.82,0.1093
2089,S2C,4,9.4944,6.0,1,25.24,0.0973
2089,E2C,3,12.4579,0.0,0,19.23,0.0386
2089,W2C,2,13.048,0.0,0,18.36,0.0241
2090,N2C,4,7.3162,6.0,1,32.75,0.1287
2090,S2C,4,9.0233,7.0,1,26.55,0.1047
2090,E2C,3,11.847,0.0,0,20.22,0.0474
2090,W2C,2,12.823,0.0,0,18.69,0.0274
2091,N2C,4,6.4713,7.0,1,37.03,0.1415
2091,S2C,4,7.8804,8.0,1,30.4,0.1219
2091,E2C,3,12.3255,0.0,0,19.44,0.0405
2091,W2C,2,12.7713,0.0,0,18.76,0.0281
2092,N2C,4,6.3412,9.0,2,37.78,0.1507
2092,S2C,4,6.7211,9.0,1,35.65,0.1392
2092,E2C,2,12.4957,0.0,0,19.17,0.0321
2092,W2C,2,13.2086,0.0,0,18.14,0.0218
2093,N2C,4,6.402,11.0,2,37.43,0.1512
2093,S2C,4,6.2843,10.0,1,38.13,0.1462
2093,E2C,2,12.145,0.0,0,19.73,0.0371
2093,W2C,2,12.7281,0.0,0,18.82,0.0287
2094,N2C,4,6.4751,13.0,2,37.0,0.1514
2094,S2C,4,6.4762,11.0,1,37.0,0.1441
2094,E2C,2,12.5432,0.0,0,19.1,0.0314
2094,W2C,2,12.6892,0.0,0,18.88,0.0293
2095,N2C,4,6.2057,15.0,2,38.61,0.1566
2095,S2C,4,6.2476,13.0,2,38.35,0.1547
2095,E2C,2,12.0787,0.0,0,19.84,0.0381
2095,W2C,2,13.0889,0.0,0,18.31,0.0235
2096,N2C,4,6.2993,17.0,2,38.04,0.1566
2096,S2C,4,6.3119,15.0,2,37.96,0.1551
2096,E2C,2,12.7187,0.0,0,18.84,0.0289
2096,W2C,2,12.9157,0.0,0,18.55,0.026
2097,N2C,4,5.9184,19.0,2,40.48,0.1634
2097,S2C,4,5.8154,17.0,2,41.2,0.1636
2097,E2C,2,12.7913,0.0,0,18.73,0.0278
2097,W2C,2,13.1191,0.0,0,18.26,0.0231
2098,N2C,5,6.2921,21.0,2,38.08,0.1654
2098,S2C,5,6.554,19.0,2,36.56,0.1603
2098,E2C,2,12.97,0.0,0,18.47,0.0252
2098,W2C,3,12.8796,0.0,0,18.6,0.0325
2099,N2C,5,5.5951,23.0,2,42.82,0.1768
2099,S2C,5,5.6064,21.0,2,42.74,0.1753
2099,E2C,2,12.3867,0.0,0,19.34,0.0336
2099,W2C,3,12.5134,0.0,0,19.15,0.0378
2100,N2C,5,5.0449,26.0,3,47.49,0.1927
2100,S2C,5,5.1323,23.0,2,46.68,0.1834
2100,E2C,2,12.732,0.0,0,18.82,0.0287
2100,W2C,2,12.5009,0.0,0,19.17,0.032
2101,N2C,5,4.9336,29.0,3,48.56,0.1963
2101,S2C,5,5.0318,26.0,3,47.62,0.1929
2101,E2C,2,12.766,0.0,0,18.77,0.0282
2101,W2C,2,12.8092,0.0,0,18.71,0.0276
2102,N2C,5,5.0146,32.0,3,47.78,0.1971
2102,S2C,5,5.0726,29.0,3,47.23,0.1943
2102,E2C,2,12.6392,0.0,0,18.96,0.03
2102,W2C,2,12.4861,0.0,0,19.19,0.0322
2103,N2C,5,5.1038,35.0,3,46.95,0.1978
2103,S2C,5,4.9221,32.0,3,48.68,0.1985
2103,E2C,2,12.6792,0.0,0,18.9,0.0294
2103,W2C,2,12.7739,0.0,0,18.76,0.0281
2104,N2C,5,4.8136,38.0,3,49.78,0.204
2104,S2C,5,5.1179,35.0,3,46.82,0.1976
2104,E2C,2,12.1811,0.0,0,19.67,0.0366
2104,W2C,2,12.8369,0.0,0,18.66,0.0272
2105,N2C,5,5.0247,41.0,3,47.68,0.203
2105,S2C,5,5.0085,38.0,3,47.84,0.2012
2105,E2C,2,12.1339,0.0,0,19.75,0.0373
2105,W2C,2,12.2606,0.0,0,19.54,0.0355
2106,N2C,5,4.9249,44.0,3,48.65,0.2064
2106,S2C,5,4.6473,41.0,3,51.56,0.2084
2106,E2C,2,12.3558,0.0,0,19.39,0.0341
2106,W2C,2,12.0902,0.0,0,19.82,0.0379
2107,N2C,6,5.7448,47.0,3,41.71,0.2026
2107,S2C,6,5.6454,44.0,3,42.44,0.202
2107,E2C,3,12.6696,0.0,0,18.91,0.0356
2107,W2C,2,12.8279,0.0,0,18.68,0.0273
2108,N2C,6,4.813,50.0,3,49.78,0.218
2108,S2C,6,4.9076,47.0,3,48.82,0.2147
2108,E2C,3,13.1949,0.0,0,18.16,0.028
2108,W2C,2,12.4856,0.0,0,19.19,0.0322
2109,N2C,6,4.3206,54.0,4,55.46,0.2338
2109,S2C,6,4.2657,50.0,3,56.17,0.2259
2109,E2C,3,13.0881,0.0,0,18.31,0.0295
2109,W2C,2,13.0742,0.0,0,18.33,0.0237
2110,N2C,6,4.0718,58.0,4,58.84,0.24
2110,S2C,6,4.2005,54.0,4,57.04,0.2355
2110,E2C,2,12.9376,0.0,0,18.52,0.0257
2110,W2C,2,13.0,0.0,0,18.43,0.0248
2111,N2C,6,4.1846,62.0,4,57.26,0.2411
2111,S2C,6,4.0987,58.0,4,58.46,0.2397
2111,E2C,2,13.0659,0.0,0,18.34,0.0239
2111,W2C,2,12.9516,0.0,0,18.5,0.0255
2112,N2C,6,4.3177,66.0,4,55.49,0.2418
2112,S2C,6,4.2454,62.0,4,56.44,0.2402
2112,E2C,2,13.4155,0.0,0,17.86,0.0188
2112,W2C,2,13.3559,0.0,0,17.94,0.0197
2113,N2C,4,6.095,19.0,2,39.31,0.1609
2113,S2C,4,6.4518,17.0,2,37.14,0.1544
2113,E2C,2,13.3692,0.0,0,17.92,0.0195
2113,W2C,2,12.8692,0.0,0,18.62,0.0267
2114,N2C,4,7.2184,0.0,0,33.19,0.1201
2114,S2C,4,7.1036,0.0,0,33.73,0.1217
2114,E2C,2,13.496,0.0,0,17.75,0.0177
2114,W2C,2,12.9768,0.0,0,18.46,0.0251
2115,N2C,4,8.4516,0.0,0,28.35,0.1023
2115,S2C,4,8.218,0.0,0,29.16,0.1057
2115,E2C,2,12.8321,0.0,0,18.67,0.0272
2115,W2C,2,12.7236,0.0,0,18.83,0.0288
2116,N2C,3,11.8976,0.0,0,20.14,0.0467
2116,S2C,3,12.4853,0.0,0,19.19,0.0382
2116,E2C,3,10.5483,0.0,0,22.71,0.0661
2116,W2C,3,12.4192,0.0,0,19.29,0.0392
2117,N2C,3,11.8683,0.0,0,20.19,0.0471
2117,S2C,3,12.1878,0.0,0,19.66,0.0425
2117,E2C,3,9.1927,0.0,0,26.06,0.0856
2117,W2C,3,11.9105,0.0,0,20.12,0.0465
2118,N2C,2,12.4576,0.0,0,19.23,0.0326
2118,S2C,3,11.4662,0.0,0,20.9,0.0529
2118,E2C,3,7.7131,0.0,0,31.06,0.1069
2118,W2C,3,10.4854,0.0,0,22.85,0.067
2119,N2C,2,12.4599,0.0,0,19.23,0.0326
2119,S2C,2,13.4188,0.0,0,17.86,0.0188
2119,E2C,3,8.0487,1.0,1,29.77,0.1088
2119,W2C,3,9.3564,0.0,0,25.61,0.0833
2120,N2C,2,12.3305,0.0,0,19.43,0.0345
2120,S2C,2,13.3985,0.0,0,17.88,0.0191
2120,E2C,3,8.1685,2.0,1,29.33,0.1077
2120,W2C,3,8.1994,0.0,0,29.22,0.0999
2121,N2C,2,12.8646,0.0,0,18.62,0.0268
2121,S2C,2,13.1351,0.0,0,18.24,0.0229
2121,E2C,3,8.0367,3.0,1,29.81,0.1103
2121,W2C,3,8.7514,1.0,1,27.38,0.0987
2122,N2C,2,12.3555,0.0,0,19.39,0.0341
2122,S2C,2,13.1401,0.0,0,18.23,0.0228
2122,E2C,3,8.3195,4.0,1,28.8,0.1069
2122,W2C,3,8.6117,2.0,1,27.82,0.1013
2123,N2C,2,12.5936,0.0,0,19.03,0.0307
2123,S2C,2,13.3439,0.0,0,17.96,0.0199
2123,E2C,3,7.8917,5.0,1,30.36,0.1137
2123,W2C,3,8.3177,3.0,1,28.81,0.1062
2124,N2C,2,12.4445,0.0,0,19.25,0.0328
2124,S2C,2,13.0923,0.0,0,18.3,0.0235
2124,E2C,3,7.6979,6.0,1,31.13,0.1172
2124,W2C,3,7.9755,4.0,1,30.04,0.1118
2125,N2C,2,12.6011,0.0,0,19.01,0.0306
2125,S2C,2,13.7359,0.0,0,17.44,0.0142
2125,E2C,4,7.8859,7.0,1,30.38,0.1211
2125,W2C,4,8.3001,5.0,1,28.87,0.1138
2126,N2C,2,12.8385,0.0,0,18.66,0.0271
2126,S2C,2,13.3566,0.0,0,17.94,0.0197
2126,E2C,4,6.5578,8.0,1,36.54,0.1409
2126,W2C,4,7.1432,6.0,1,33.54,0.1311
2127,N2C,2,13.2471,0.0,0,18.09,0.0213
2127,S2C,2,13.7444,0.0,0,17.43,0.0141
2127,E2C,4,6.1314,9.0,1,39.08,0.1477
2127,W2C,4,6.716,7.0,1,35.68,0.138
2128,N2C,2,12.8562,0.0,0,18.64,0.0269
2128,S2C,2,13.2158,0.0,0,18.13,0.0217
2128,E2C,4,6.1625,10.0,1,38.88,0.1479
2128,W2C,4,6.3673,9.0,2,37.63,0.1503
2129,N2C,2,12.7144,0.0,0,18.84,0.0289
2129,S2C,2,13.2154,0.0,0,18.13,0.0217
2129,E2C,4,5.9047,12.0,2,40.58,0.159
2129,W2C,4,6.3421,11.0,2,37.78,0.152
2130,N2C,2,12.6378,0.0,0,18.96,0.03
2130,S2C,2,13.211,0.0,0,18.14,0.0218
2130,E2C,4,6.0953,14.0,2,39.31,0.1576
2130,W2C,4,6.4829,13.0,2,36.96,0.1513
2131,N2C,2,13.0074,0.0,0,18.42,0.0247
2131,S2C,2,13.2122,0.0,0,18.13,0.0218
2131,E2C,4,5.8019,16.0,2,41.3,0.1631
2131,W2C,4,6.1239,15.0,2,39.13,0.1578
2132,N2C,2,13.0131,0.0,0,18.41,0.0246
2132,S2C,2,13.3622,0.0,0,17.93,0.0196
2132,E2C,4,5.8799,18.0,2,40.75,0.1633
2132,W2C,4,6.2118,17.0,2,38.57,0.1579
2133,N2C,2,13.1263,0.0,0,18.25,0.023
2133,S2C,2,13.3929,0.0,0,17.89,0.0192
2133,E2C,4,5.9978,20.0,2,39.95,0.163
2133,W2C,4,6.3366,19.0,2,37.81,0.1574
2134,N2C,3,12.0254,0.0,0,19.92,0.0448
2134,S2C,2,13.768,0.0,0,17.4,0.0138
2134,E2C,5,7.2438,22.0,2,33.08,0.1524
2134,W2C,5,7.7315,21.0,2,30.99,0.1447
2135,N2C,3,11.7821,0.0,0,20.34,0.0484
2135,S2C,2,13.4183,0.0,0,17.86,0.0188
2135,E2C,5,7.4491,24.0,2,32.16,0.1507
2135,W2C,5,6.6561,23.0,2,36.0,0.1615
2136,N2C,3,11.8936,0.0,0,20.15,0.0467
2136,S2C,2,13.6136,0.0,0,17.6,0.016
2136,E2C,5,7.0913,26.0,2,33.79,0.1572
2136,W2C,5,5.7169,25.0,2,41.91,0.1763
2137,N2C,2,11.674,0.0,0,20.52,0.0439
2137,S2C,2,13.1879,0.0,0,18.17,0.0221
2137,E2C,5,6.4426,28.0,2,37.19,0.1679
2137,W2C,5,5.2184,27.0,2,45.91,0.1849
2138,N2C,2,11.9428,0.0,0,20.06,0.04
2138,S2C,2,12.9289,0.0,0,18.53,0.0258
2138,E2C,5,5.9516,30.0,2,40.26,0.1763
2138,W2C,5,5.3589,29.0,2,44.71,0.1842
2139,N2C,2,12.105,0.0,0,19.79,0.0377
2139,S2C,2,13.4732,0.0,0,17.78,0.018
2139,E2C,5,5.1203,32.0,2,46.79,0.1896
2139,W2C,5,5.4437,32.0,3,44.01,0.1909
2140,N2C,2,11.5233,0.0,0,20.79,0.0461
2140,S2C,2,12.8278,0.0,0,18.68,0.0273
2140,E2C,5,4.9483,35.0,3,48.42,0.2001
2140,W2C,5,5.416,35.0,3,44.24,0.1933
2141,N2C,2,12.2597,0.0,0,19.54,0.0355
2141,S2C,2,13.2816,0.0,0,18.04,0.0208
2141,E2C,5,4.8644,38.0,3,49.26,0.2033
2141,W2C,5,5.1705,38.0,3,46.34,0.1989
2142,N2C,2,12.3396,0.0,0,19.42,0.0343
2142,S2C,2,13.8168,0.0,0,17.34,0.0131
2142,E2C,5,4.2367,41.0,3,56.55,0.2143
2142,W2C,5,4.3371,41.0,3,55.24,0.2129
2143,N2C,2,12.3369,0.0,0,19.42,0.0344
2143,S2C,2,13.2726,0.0,0,18.05,0.0209
2143,E2C,6,5.0732,44.0,3,47.23,0.2103
2143,W2C,6,5.1369,44.0,3,46.64,0.2094
2144,N2C,2,11.8008,0.0,0,20.3,0.0421
2144,S2C,2,13.353,0.0,0,17.94,0.0197
2144,E2C,6,4.1336,47.0,3,57.96,0.2258
2144,W2C,6,4.4133,47.0,3,54.29,0.2218
2145,N2C,2,12.1102,0.0,0,19.79,0.0376
2145,S2C,2,13.1586,0.0,0,18.21,0.0225
2145,E2C,6,4.1319,50.0,3,57.99,0.2278
2145,W2C,6,4.2862,50.0,3,55.9,0.2256
2146,N2C,2,12.3292,0.0,0,19.43,0.0345
2146,S2C,2,12.768,0.0,0,18.77,0.0282
2146,E2C,4,6.2399,8.0,2,38.4,0.1515
2146,W2C,4,6.4138,9.0,2,37.36,0.1496
2147,N2C,2,11.7138,0.0,0,20.45,0.0433
2147,S2C,2,13.2077,0.0,0,18.14,0.0218
2147,E2C,4,7.0171,0.0,0,34.15,0.123
2147,W2C,4,7.0075,0.0,0,34.19,0.1231
2148,N2C,2,12.1698,0.0,0,19.69,0.0368
2148,S2C,2,12.7392,0.0,0,18.81,0.0286
2148,E2C,4,8.0241,0.0,0,29.86,0.1085
2148,W2C,4,7.9321,0.0,0,30.21,0.1098
2149,N2C,2,11.6177,0.0,0,20.62,0.0447
2149,S2C,2,13.4771,0.0,0,17.78,0.0179
2149,E2C,2,12.4039,0.0,0,19.32,0.0334
2149,W2C,2,12.8515,0.0,0,18.64,0.027
2150,N2C,2,11.9227,0.0,0,20.1,0.0403
2150,S2C,2,13.6412,0.0,0,17.56,0.0156
2150,E2C,2,12.3057,0.0,0,19.47,0.0348
2150,W2C,2,12.0841,0.0,0,19.83,0.038
2151,N2C,2,12.0568,0.0,0,19.87,0.0384
2151,S2C,2,13.1312,0.0,0,18.25,0.0229
2151,E2C,2,12.9168,0.0,0,18.55,0.026
2151,W2C,2,11.7948,0.0,0,20.31,0.0422
2152,N2C,3,12.2702,0.0,0,19.53,0.0413
2152,S2C,3,11.9318,0.0,0,20.08,0.0462
2152,E2C,3,13.0321,0.0,0,18.39,0.0304
2152,W2C,3,12.0911,0.0,0,19.82,0.0439
2153,N2C,3,12.5976,0.0,0,19.02,0.0366
2153,S2C,3,10.1682,0.0,0,23.56,0.0716
2153,E2C,3,12.7801,0.0,0,18.75,0.034
2153,W2C,2,12.2275,0.0,0,19.6,0.0359
2154,N2C,3,12.2762,0.0,0,19.52,0.0412
2154,S2C,3,8.9769,0.0,0,26.69,0.0887
2154,E2C,2,12.7687,0.0,0,18.76,0.0281
2154,W2C,2,12.822,0.0,0,18.69,0.0274
2155,N2C,3,12.1536,0.0,0,19.71,0.043
2155,S2C,3,8.8842,1.0,1,26.97,0.0967
2155,E2C,2,12.965,0.0,0,18.48,0.0253
2155,W2C,2,13.0942,0.0,0,18.3,0.0235
2156,N2C,3,11.7198,0.0,0,20.44,0.0492
2156,S2C,3,8.924,2.0,1,26.85,0.0968
2156,E2C,2,13.0704,0.0,0,18.33,0.0238
2156,W2C,2,12.617,0.0,0,18.99,0.0303
2157,N2C,3,10.399,0.0,0,23.04,0.0683
2157,S2C,3,8.8499,3.0,1,27.07,0.0986
2157,E2C,2,13.6483,0.0,0,17.56,0.0155
2157,W2C,2,12.2917,0.0,0,19.49,0.035
2158,N2C,3,9.4151,0.0,0,25.45,0.0824
2158,S2C,3,8.492,4.0,1,28.21,0.1044
2158,E2C,2,12.9256,0.0,0,18.54,0.0259
2158,W2C,2,12.5896,0.0,0,19.03,0.0307
2159,N2C,3,8.8815,0.0,0,26.98,0.0901
2159,S2C,3,8.8558,5.0,1,27.06,0.0998
2159,E2C,2,12.9522,0.0,0,18.5,0.0255
2159,W2C,2,13.052,0.0,0,18.36,0.0241
2160,N2C,3,7.8604,1.0,1,30.48,0.1115
2160,S2C,3,8.2325,6.0,1,29.1,0.1095
2160,E2C,2,13.2375,0.0,0,18.1,0.0214
2160,W2C,2,12.0975,0.0,0,19.81,0.0378
2161,N2C,4,8.1525,2.0,1,29.39,0.1139
2161,S2C,4,8.5802,7.0,1,27.92,0.1111
2161,E2C,3,12.8048,0.0,0,18.71,0.0336
2161,W2C,3,13.0393,0.0,0,18.38,0.0302
2162,N2C,4,7.2004,3.0,1,33.28,0.1283
2162,S2C,4,7.2718,8.0,1,32.95,0.1306
2162,E2C,2,12.6227,0.0,0,18.98,0.0302
2162,W2C,3,12.8232,0.0,0,18.68,0.0334
2163,N2C,4,6.2714,5.0,2,38.21,0.149
2163,S2C,4,6.6295,9.0,1,36.14,0.1405
2163,E2C,2,11.6584,0.0,0,20.55,0.0441
2163,W2C,2,13.6112,0.0,0,17.6,0.016
2164,N2C,4,6.4637,7.0,2,37.07,0.1476
2164,S2C,4,6.7318,10.0,1,35.59,0.1397
2164,E2C,2,12.5843,0.0,0,19.04,0.0308
2164,W2C,2,13.143,0.0,0,18.23,0.0228
2165,N2C,4,6.4344,9.0,2,37.24,0.1494
2165,S2C,4,6.6352,12.0,2,36.11,0.1485
2165,E2C,2,12.5012,0.0,0,19.17,0.032
2165,W2C,2,13.6001,0.0,0,17.62,0.0162
2166,N2C,4,6.5316,11.0,2,36.68,0.1493
2166,S2C,4,6.6584,14.0,2,35.98,0.1495
2166,E2C,2,12.1298,0.0,0,19.75,0.0373
2166,W2C,2,13.3188,0.0,0,17.99,0.0202
2167,N2C,4,6.5142,13.0,2,36.78,0.1509
2167,S2C,4,6.7203,16.0,2,35.65,0.1499
2167,E2C,2,12.7919,0.0,0,18.73,0.0278
2167,W2C,2,13.2482,0.0,0,18.09,0.0212
2168,N2C,4,6.7776,15.0,2,35.35,0.1484
2168,S2C,4,6.7825,18.0,2,35.33,0.1503
2168,E2C,2,12.67,0.0,0,18.91,0.0296
2168,W2C,2,13.4882,0.0,0,17.76,0.0178
2169,N2C,4,5.7764,17.0,2,41.48,0.1642
2169,S2C,4,5.6372,20.0,2,42.5,0.1682
2169,E2C,2,12.9064,0.0,0,18.56,0.0262
2169,W2C,2,13.4249,0.0,0,17.85,0.0187
2170,N2C,5,6.5598,19.0,2,36.53,0.1602
2170,S2C,5,6.381,22.0,2,37.55,0.1648
2170,E2C,2,12.8403,0.0,0,18.66,0.0271
2170,W2C,2,13.6903,0.0,0,17.5,0.0149
2171,N2C,5,5.7905,21.0,2,41.38,0.1726
2171,S2C,5,5.2632,24.0,2,45.52,0.1822
2171,E2C,2,12.7588,0.0,0,18.78,0.0283
2171,W2C,2,13.2702,0.0,0,18.06,0.0209
2172,N2C,5,5.252,23.0,2,45.62,0.1817
2172,S2C,5,5.5237,27.0,3,43.38,0.1865
2172,E2C,2,12.3037,0.0,0,19.47,0.0348
2172,W2C,2,13.5253,0.0,0,17.71,0.0173
2173,N2C,5,5.5263,25.0,2,43.36,0.1791
2173,S2C,5,5.0838,30.0,3,47.13,0.1948
2173,E2C,2,11.9831,0.0,0,19.99,0.0395
2173,W2C,2,13.13,0.0,0,18.25,0.0229
2174,N2C,5,5.4267,28.0,3,44.15,0.1885
2174,S2C,5,5.2207,33.0,3,45.89,0.1948
2174,E2C,2,11.8766,0.0,0,20.17,0.041
2174,W2C,2,12.914,0.0,0,18.55,0.0261
2175,N2C,5,5.3163,31.0,3,45.07,0.1921
2175,S2C,5,5.195,36.0,3,46.12,0.1972
2175,E2C,2,12.2709,0.0,0,19.53,0.0353
2175,W2C,2,13.433,0.0,0,17.84,0.0186
2176,N2C,5,5.1913,34.0,3,46.15,0.1959
2176,S2C,5,5.1589,39.0,3,46.44,0.1997
2176,E2C,2,11.9346,0.0,0,20.08,0.0402
2176,W2C,2,12.8477,0.0,0,18.65,0.027
2177,N2C,5,5.1386,37.0,3,46.63,0.1987
2177,S2C,5,5.1843,42.0,3,46.22,0.2014
2177,E2C,2,12.1321,0.0,0,19.75,0.0373
2177,W2C,2,13.3419,0.0,0,17.96,0.0199
2178,N2C,5,4.5939,40.0,3,52.16,0.2085
2178,S2C,5,4.3985,45.0,3,54.47,0.2147
2178,E2C,2,12.1206,0.0,0,19.77,0.0375
2178,W2C,2,12.1096,0.0,0,19.79,0.0376
2179,N2C,4,8.1409,6.0,1,29.43,0.1168
2179,S2C,4,8.0281,8.0,1,29.85,0.1197
2179,E2C,3,12.4497,0.0,0,19.25,0.0387
2179,W2C,3,10.9453,0.0,0,21.89,0.0604
2180,N2C,4,7.6025,0.0,0,31.52,0.1145
2180,S2C,4,7.3688,0.0,0,32.52,0.1179
2180,E2C,3,12.8328,0.0,0,18.67,0.0332
2180,W2C,3,8.952,0.0,0,26.76,0.0891
2181,N2C,4,8.26,0.0,0,29.01,0.1051
2181,S2C,4,8.3629,0.0,0,28.65,0.1036
2181,E2C,3,12.0217,0.0,0,19.93,0.0449
2181,W2C,3,8.0888,0.0,0,29.62,0.1015
2182,N2C,2,13.4366,0.0,0,17.83,0.0185
2182,S2C,2,13.2707,0.0,0,18.05,0.0209
2182,E2C,3,10.8682,0.0,0,22.05,0.0615
2182,W2C,3,7.8431,1.0,1,30.55,0.1117
2183,N2C,2,13.2678,0.0,0,18.06,0.021
2183,S2C,2,13.3578,0.0,0,17.94,0.0197
2183,E2C,3,9.4691,0.0,0,25.3,0.0817
2183,W2C,3,8.1878,2.0,1,29.26,0.1074
2184,N2C,2,12.88,0.0,0,18.6,0.0265
2184,S2C,2,12.9735,0.0,0,18.47,0.0252
2184,E2C,3,9.1562,0.0,0,26.17,0.0862
2184,W2C,3,8.1411,3.0,1,29.43,0.1088
2185,N2C,2,13.2012,0.0,0,18.15,0.0219
2185,S2C,2,12.7177,0.0,0,18.84,0.0289
2185,E2C,3,9.0266,1.0,1,26.54,0.0947
2185,W2C,3,7.8997,4.0,1,30.33,0.1129
2186,N2C,2,12.9209,0.0,0,18.54,0.026
2186,S2C,2,13.2712,0.0,0,18.05,0.0209
2186,E2C,3,8.8896,2.0,1,26.95,0.0973
2186,W2C,3,7.9488,5.0,1,30.14,0.1129
2187,N2C,2,13.1058,0.0,0,18.28,0.0233
2187,S2C,2,12.9845,0.0,0,18.45,0.025
2187,E2C,3,8.5508,3.0,1,28.02,0.1029
2187,W2C,3,7.5253,6.0,1,31.84,0.1196
2188,N2C,2,13.4306,0.0,0,17.84,0.0186
2188,S2C,2,13.4645,0.0,0,17.79,0.0181
2188,E2C,4,8.6777,4.0,1,27.61,0.1077
2188,W2C,4,7.9587,7.0,1,30.11,0.1201
2189,N2C,2,12.9927,0.0,0,18.44,0.0249
2189,S2C,2,13.5867,0.0,0,17.63,0.0164
2189,E2C,4,7.5873,5.0,1,31.58,0.1241
2189,W2C,4,7.0944,8.0,1,33.77,0.1332
2190,N2C,2,12.8168,0.0,0,18.69,0.0275
2190,S2C,2,13.0687,0.0,0,18.33,0.0238
2190,E2C,4,6.5365,6.0,1,36.66,0.1399
2190,W2C,4,5.9576,9.0,1,40.22,0.1502
2191,N2C,2,12.9363,0.0,0,18.52,0.0257
2191,S2C,2,13.3442,0.0,0,17.96,0.0199
2191,E2C,4,6.8636,7.0,1,34.91,0.1358
2191,W2C,4,6.2052,11.0,2,38.61,0.154
2192,N2C,2,13.2617,0.0,0,18.07,0.021
2192,S2C,2,13.0717,0.0,0,18.33,0.0238
2192,E2C,4,6.6175,9.0,2,36.21,0.1467
2192,W2C,4,5.9262,13.0,2,40.43,0.1593
2193,N2C,2,13.1218,0.0,0,18.26,0.0231
2193,S2C,2,12.6407,0.0,0,18.95,0.03
2193,E2C,4,6.5994,11.0,2,36.31,0.1483
2193,W2C,4,6.0544,15.0,2,39.57,0.1588
2194,N2C,2,13.1764,0.0,0,18.18,0.0223
2194,S2C,2,13.2826,0.0,0,18.04,0.0207
2194,E2C,4,6.7063,13.0,2,35.73,0.1481
2194,W2C,4,5.8868,17.0,2,40.7,0.1626
2195,N2C,2,13.3131,0.0,0,18.0,0.0203
2195,S2C,2,13.2895,0.0,0,18.03,0.0206
2195,E2C,4,6.7085,15.0,2,35.72,0.1494
2195,W2C,4,6.1218,19.0,2,39.14,0.1605
2196,N2C,2,13.4491,0.0,0,17.82,0.0183
2196,S2C,2,12.7949,0.0,0,18.73,0.0278
2196,E2C,4,5.4744,17.0,2,43.77,0.1685
2196,W2C,4,5.9406,21.0,2,40.33,0.1645
2197,N2C,2,12.2506,0.0,0,19.56,0.0356
2197,S2C,2,13.8759,0.0,0,17.27,0.0122
2197,E2C,5,6.305,19.0,2,38.0,0.1639
2197,W2C,5,7.5281,23.0,2,31.83,0.1489
2198,N2C,2,12.375,0.0,0,19.36,0.0338
2198,S2C,2,12.8768,0.0,0,18.61,0.0266
2198,E2C,5,5.4486,21.0,2,43.97,0.1775
2198,W2C,5,7.1561,25.0,2,33.48,0.1556
2199,N2C,2,12.3501,0.0,0,19.4,0.0342
2199,S2C,2,13.5099,0.0,0,17.74,0.0175
2199,E2C,5,5.3357,24.0,3,44.91,0.1872
2199,W2C,5,7.0898,27.0,2,33.8,0.1579
2200,N2C,2,12.5235,0.0,0,19.13,0.0317
2200,S2C,2,13.364,0.0,0,17.93,0.0196
2200,E2C,5,5.362,27.0,3,44.68,0.1888
2200,W2C,5,6.0796,29.0,2,39.41,0.1738
2201,N2C,2,11.7449,0.0,0,20.4,0.0429
2201,S2C,2,13.2808,0.0,0,18.04,0.0208
2201,E2C,5,5.2581,30.0,3,45.57,0.1923
2201,W2C,5,5.5414,31.0,2,43.24,0.1829
2202,N2C,2,12.2407,0.0,0,19.57,0.0357
2202,S2C,2,13.1429,0.0,0,18.23,0.0228
2202,E2C,5,5.4055,33.0,3,44.32,0.1922
2202,W2C,5,5.0173,34.0,3,47.76,0.1984
2203,N2C,2,11.9986,0.0,0,19.97,0.0392
2203,S2C,2,13.4281,0.0,0,17.84,0.0187
2203,E2C,5,5.276,36.0,3,45.41,0.196
2203,W2C,5,5.0662,37.0,3,47.29,0.1997
2204,N2C,2,12.0838,0.0,0,19.83,0.038
2204,S2C,2,13.3451,0.0,0,17.95,0.0198
2204,E2C,5,5.1321,39.0,3,46.69,0.2001
2204,W2C,5,4.8859,40.0,3,49.04,0.2043
2205,N2C,2,12.2255,0.0,0,19.6,0.036
2205,S2C,2,13.4046,0.0,0,17.87,0.019
2205,E2C,5,4.5009,42.0,3,53.23,0.2112
2205,W2C,5,5.0476,43.0,3,47.47,0.204
2206,N2C,3,12.1342,0.0,0,19.75,0.0433
2206,S2C,2,13.1002,0.0,0,18.29,0.0234
2206,E2C,6,5.3088,45.0,3,45.13,0.2076
2206,W2C,6,5.5057,46.0,3,43.52,0.2054
2207,N2C,2,11.743,0.0,0,20.4,0.0429
2207,S2C,2,12.6432,0.0,0,18.95,0.03
2207,E2C,6,4.5124,48.0,3,53.1,0.221
2207,W2C,6,4.6542,49.0,3,51.48,0.2197
2208,N2C,2,12.0079,0.0,0,19.95,0.0391
2208,S2C,2,12.6859,0.0,0,18.89,0.0293
2208,E2C,6,4.3653,51.0,3,54.89,0.2251
2208,W2C,6,4.1041,52.0,3,58.38,0.2296
2209,N2C,2,11.761,0.0,0,20.37,0.0427
2209,S2C,2,12.7632,0.0,0,18.77,0.0282
2209,E2C,6,4.3319,55.0,4,55.31,0.2343
2209,W2C,6,4.079,56.0,4,58.74,0.2386
2210,N2C,2,12.091,0.0,0,19.82,0.0379
2210,S2C,2,12.7036,0.0,0,18.86,0.0291
2210,E2C,6,4.4572,59.0,4,53.76,0.2352
2210,W2C,6,4.082,60.0,4,58.7,0.2412
2211,N2C,2,12.0257,0.0,0,19.92,0.0388
2211,S2C,2,12.8741,0.0,0,18.61,0.0266
2211,E2C,6,4.4716,63.0,4,53.58,0.2376
2211,W2C,6,3.9645,64.0,4,60.44,0.2456
2212,N2C,2,11.7566,0.0,0,20.38,0.0427
2212,S2C,2,12.5452,0.0,0,19.1,0.0314
2212,E2C,4,6.491,18.0,2,36.91,0.1545
2212,W2C,4,5.9271,15.0,2,40.42,0.1607
2213,N2C,2,11.8781,0.0,0,20.17,0.041
2213,S2C,2,12.5526,0.0,0,19.09,0.0313
2213,E2C,4,6.785,0.0,0,35.31,0.1263
2213,W2C,4,6.6283,0.0,0,36.15,0.1286
2214,N2C,2,11.5145,0.0,0,20.81,0.0462
2214,S2C,2,11.6727,0.0,0,20.53,0.0439
2214,E2C,4,6.8664,0.0,0,34.89,0.1251
2214,W2C,4,7.383,0.0,0,32.45,0.1177
2215,N2C,3,12.3938,0.0,0,19.33,0.0395
2215,S2C,3,11.2732,0.0,0,21.25,0.0557
2215,E2C,3,11.0923,0.0,0,21.6,0.0583
2215,W2C,3,11.5034,0.0,0,20.83,0.0524
2216,N2C,3,12.3854,0.0,0,19.35,0.0397
2216,S2C,3,9.7908,0.0,0,24.47,0.077
2216,E2C,3,11.1157,0.0,0,21.56,0.0579
2216,W2C,3,10.7902,0.0,0,22.21,0.0626
2217,N2C,3,11.9041,0.0,0,20.13,0.0466
2217,S2C,3,8.7332,0.0,0,27.44,0.0923
2217,E2C,2,13.8092,0.0,0,17.35,0.0132
2217,W2C,2,12.7416,0.0,0,18.8,0.0285
2218,N2C,3,10.9331,0.0,0,21.92,0.0606
2218,S2C,3,8.3745,1.0,1,28.61,0.1041
2218,E2C,2,13.4094,0.0,0,17.87,0.0189
2218,W2C,2,13.0563,0.0,0,18.35,0.024
2219,N2C,3,9.3033,0.0,0,25.75,0.084
2219,S2C,3,8.8397,2.0,1,27.11,0.0981
2219,E2C,2,13.5797,0.0,0,17.64,0.0165
2219,W2C,2,13.3299,0.0,0,17.97,0.0201
2220,N2C,3,8.7019,1.0,1,27.53,0.0994
2220,S2C,3,8.4452,3.0,1,28.37,0.1044
2220,E2C,2,13.0378,0.0,0,18.38,0.0243
2220,W2C,2,12.8347,0.0,0,18.67,0.0272
2221,N2C,3,8.4691,2.0,1,28.29,0.1034
2221,S2C,3,8.2807,4.0,1,28.93,0.1074
2221,E2C,2,13.3484,0.0,0,17.95,0.0198
2221,W2C,2,12.6403,0.0,0,18.96,0.03
2222,N2C,3,8.6163,3.0,1,27.81,0.1019
2222,S2C,3,8.4717,5.0,1,28.28,0.1054
2222,E2C,2,12.7857,0.0,0,18.74,0.0279
2222,W2C,2,13.1147,0.0,0,18.27,0.0232
2223,N2C,3,8.3498,4.0,1,28.7,0.1064
2223,S2C,3,8.2767,6.0,1,28.95,0.1088
2223,E2C,2,13.2366,0.0,0,18.1,0.0214
2223,W2C,2,12.6941,0.0,0,18.87,0.0292
2224,N2C,4,9.8948,5.0,1,24.21,0.0909
2224,S2C,4,9.9741,7.0,1,24.02,0.0911
2224,E2C,2,13.5125,0.0,0,17.73,0.0174
2224,W2C,3,12.9662,0.0,0,18.48,0.0313
2225,N2C,4,8.5401,6.0,1,28.06,0.111
2225,S2C,4,8.8153,8.0,1,27.18,0.1084
2225,E2C,2,12.9511,0.0,0,18.5,0.0255
2225,W2C,3,12.7248,0.0,0,18.83,0.0348
2226,N2C,4,7.5748,7.0,1,31.63,0.1256
2226,S2C,4,7.4297,9.0,1,32.25,0.129
2226,E2C,2,13.2522,0.0,0,18.08,0.0212
2226,W2C,2,13.4074,0.0,0,17.87,0.0189
2227,N2C,4,6.4968,9.0,2,36.88,0.1485
2227,S2C,4,6.5863,10.0,1,36.38,0.1418
2227,E2C,2,13.1827,0.0,0,18.18,0.0222
2227,W2C,2,13.3442,0.0,0,17.96,0.0199
2228,N2C,4,6.5527,11.0,2,36.57,0.149
2228,S2C,4,6.7778,12.0,2,35.35,0.1464
2228,E2C,2,13.1413,0.0,0,18.23,0.0228
2228,W2C,2,13.106,0.0,0,18.28,0.0233
2229,N2C,4,6.5231,13.0,2,36.73,0.1507
2229,S2C,4,6.7021,14.0,2,35.75,0.1488
2229,E2C,2,13.0692,0.0,0,18.33,0.0238
2229,W2C,2,13.4263,0.0,0,17.85,0.0187
2230,N2C,4,6.6203,15.0,2,36.19,0.1507
2230,S2C,4,6.426,16.0,2,37.29,0.1541
2230,E2C,2,12.8327,0.0,0,18.67,0.0272
2230,W2C,2,13.5403,0.0,0,17.7,0.017
2231,N2C,4,6.5097,17.0,2,36.81,0.1536
2231,S2C,4,6.6864,18.0,2,35.83,0.1517
2231,E2C,2,13.075,0.0,0,18.33,0.0237
2231,W2C,2,13.1283,0.0,0,18.25,0.023
2232,N2C,4,5.3214,19.0,2,45.03,0.172
2232,S2C,4,5.8417,20.0,2,41.02,0.1652
2232,E2C,2,13.4247,0.0,0,17.85,0.0187
2232,W2C,2,12.8492,0.0,0,18.65,0.027
2233,N2C,5,5.8521,21.0,2,40.94,0.1717
2233,S2C,5,6.2897,22.0,2,38.09,0.1661
2233,E2C,2,13.5981,0.0,0,17.62,0.0162
2233,W2C,2,11.7687,0.0,0,20.36,0.0425
2234,N2C,5,5.2307,23.0,2,45.81,0.182
2234,S2C,5,5.2493,24.0,2,45.64,0.1824
2234,E2C,2,13.486,0.0,0,17.77,0.0178
2234,W2C,2,11.2767,0.0,0,21.25,0.0496
2235,N2C,5,5.0125,25.0,2,47.8,0.1865
2235,S2C,5,5.0803,27.0,3,47.16,0.1928
2235,E2C,2,12.9763,0.0,0,18.46,0.0252
2235,W2C,2,11.6124,0.0,0,20.63,0.0448
2236,N2C,5,5.1827,28.0,3,46.23,0.192
2236,S2C,5,4.9613,30.0,3,48.29,0.1966
2236,E2C,2,13.5241,0.0,0,17.72,0.0173
2236,W2C,2,11.5067,0.0,0,20.82,0.0463
2237,N2C,5,5.0276,31.0,3,47.66,0.1963
2237,S2C,5,4.9041,33.0,3,48.86,0.1994
2237,E2C,2,13.3001,0.0,0,18.01,0.0205
2237,W2C,2,11.3884,0.0,0,21.04,0.048
2238,N2C,5,4.9089,34.0,3,48.81,0.2
2238,S2C,5,4.7827,36.0,3,50.1,0.2031
2238,E2C,2,13.2718,0.0,0,18.05,0.0209
2238,W2C,2,11.3416,0.0,0,21.13,0.0487
2239,N2C,5,5.136,37.0,3,46.65,0.1987
2239,S2C,5,5.0079,39.0,3,47.84,0.2019
2239,E2C,2,13.8122,0.0,0,17.35,0.0131
2239,W2C,2,12.4156,0.0,0,19.3,0.0332
2240,N2C,5,5.0634,40.0,3,47.32,0.2018
2240,S2C,5,4.9911,42.0,3,48.01,0.2041
2240,E2C,2,13.5943,0.0,0,17.63,0.0163
2240,W2C,2,12.3729,0.0,0,19.36,0.0338
2241,N2C,5,4.4834,43.0,3,53.44,0.2121
2241,S2C,5,4.0815,45.0,3,58.7,0.2192
2241,E2C,2,13.4844,0.0,0,17.77,0.0178
2241,W2C,2,12.0547,0.0,0,19.88,0.0384
2242,N2C,6,5.2586,46.0,3,45.56,0.2089
2242,S2C,6,5.0078,48.0,3,47.85,0.2139
2242,E2C,2,11.7721,0.0,0,20.35,0.0425
2242,W2C,2,11.5409,0.0,0,20.76,0.0458
2243,N2C,6,4.5767,49.0,3,52.35,0.2208
2243,S2C,6,4.6383,51.0,3,51.66,0.2212
2243,E2C,2,11.2664,0.0,0,21.27,0.0498
2243,W2C,2,11.3803,0.0,0,21.05,0.0481
2244,N2C,6,4.2742,52.0,3,56.06,0.2271
2244,S2C,6,4.2202,54.0,3,56.77,0.2292
2244,E2C,2,10.8732,0.0,0,22.04,0.0554
2244,W2C,2,11.1978,0.0,0,21.4,0.0508
2245,N2C,4,6.3414,11.0,2,37.78,0.152
2245,S2C,4,6.0479,12.0,2,39.62,0.1569
2245,E2C,2,11.1497,0.0,0,21.49,0.0515
2245,W2C,2,10.7769,0.0,0,22.23,0.0568
2246,N2C,4,7.0608,0.0,0,33.93,0.1223
2246,S2C,4,7.181,0.0,0,33.37,0.1206
2246,E2C,2,11.8987,0.0,0,20.14,0.0407
2246,W2C,2,10.9171,0.0,0,21.95,0.0548
2247,N2C,4,8.02,0.0,0,29.88,0.1085
2247,S2C,4,7.8602,0.0,0,30.48,0.1108
2247,E2C,2,11.0348,0.0,0,21.71,0.0531
2247,W2C,2,10.9119,0.0,0,21.96,0.0549
2248,N2C,2,12.5067,0.0,0,19.16,0.0319
2248,S2C,2,12.6184,0.0,0,18.99,0.0303
2248,E2C,2,12.4297,0.0,0,19.28,0.033
2248,W2C,2,10.7167,0.0,0,22.36,0.0577
2249,N2C,2,12.3726,0.0,0,19.37,0.0338
2249,S2C,2,12.5793,0.0,0,19.05,0.0309
2249,E2C,2,12.158,0.0,0,19.71,0.0369
2249,W2C,2,11.1096,0.0,0,21.57,0.052
2250,N2C,2,12.3668,0.0,0,19.37,0.0339
2250,S2C,2,12.2629,0.0,0,19.54,0.0354
2250,E2C,2,11.1118,0.0,0,21.56,0.052
2250,W2C,2,11.5037,0.0,0,20.83,0.0464
2251,N2C,3,12.9585,0.0,0,18.49,0.0314
2251,S2C,3,12.5088,0.0,0,19.15,0.0379
2251,E2C,3,10.1068,0.0,0,23.71,0.0725
2251,W2C,3,12.2415,0.0,0,19.57,0.0417
2252,N2C,3,12.9861,0.0,0,18.45,0.031
2252,S2C,3,12.5754,0.0,0,19.05,0.0369
2252,E2C,3,8.6808,0.0,0,27.6,0.093
2252,W2C,3,11.8273,0.0,0,20.26,0.0477
2253,N2C,2,13.4877,0.0,0,17.76,0.0178
2253,S2C,2,12.7546,0.0,0,18.79,0.0283
2253,E2C,3,7.8613,0.0,0,30.48,0.1048
2253,W2C,3,11.6809,0.0,0,20.51,0.0498
2254,N2C,2,13.4188,0.0,0,17.86,0.0188
2254,S2C,2,12.8944,0.0,0,18.58,0.0263
2254,E2C,3,7.6376,1.0,1,31.37,0.1147
2254,W2C,3,11.8617,0.0,0,20.2,0.0472
2255,N2C,2,13.0754,0.0,0,18.32,0.0237
2255,S2C,2,12.5119,0.0,0,19.15,0.0318
2255,E2C,3,7.6941,2.0,1,31.14,0.1145
2255,W2C,3,11.9173,0.0,0,20.11,0.0464
2256,N2C,2,13.3258,0.0,0,17.98,0.0201
2256,S2C,2,12.8583,0.0,0,18.63,0.0269
2256,E2C,3,7.6138,3.0,1,31.47,0.1164
2256,W2C,3,11.6744,0.0,0,20.52,0.0499
2257,N2C,2,13.2886,0.0,0,18.03,0.0207
2257,S2C,2,13.244,0.0,0,18.09,0.0213
2257,E2C,3,7.3956,4.0,1,32.4,0.1202
2257,W2C,3,10.1062,0.0,0,23.71,0.0725
2258,N2C,2,13.7775,0.0,0,17.39,0.0136
2258,S2C,2,12.8576,0.0,0,18.63,0.0269
2258,E2C,3,7.6609,5.0,1,31.28,0.117
2258,W2C,3,8.8905,0.0,0,26.95,0.09
2259,N2C,2,13.5138,0.0,0,17.73,0.0174
2259,S2C,2,13.0656,0.0,0,18.34,0.0239
2259,E2C,3,7.5648,6.0,1,31.67,0.1191
2259,W2C,3,8.6059,0.0,0,27.84,0.0941
2260,N2C,2,13.0338,0.0,0,18.38,0.0243
2260,S2C,2,12.6732,0.0,0,18.91,0.0295
2260,E2C,4,8.6096,7.0,1,27.83,0.1107
2260,W2C,4,8.8994,0.0,0,26.92,0.0959
2261,N2C,2,13.1756,0.0,0,18.19,0.0223
2261,S2C,2,11.7511,0.0,0,20.39,0.0428
2261,E2C,4,8.6167,8.0,1,27.81,0.1113
2261,W2C,4,7.7767,1.0,1,30.81,0.1187
2262,N2C,2,12.575,0.0,0,19.05,0.0309
2262,S2C,2,12.274,0.0,0,19.52,0.0353
2262,E2C,4,8.3965,9.0,1,28.54,0.1151
2262,W2C,4,6.9129,2.0,1,34.66,0.1318
2263,N2C,2,12.7325,0.0,0,18.82,0.0287
2263,S2C,2,11.9049,0.0,0,20.13,0.0406
2263,E2C,4,8.7223,10.0,1,27.47,0.1111
2263,W2C,4,6.2155,3.0,1,38.55,0.1425
2264,N2C,2,13.1555,0.0,0,18.21,0.0226
2264,S2C,2,12.2759,0.0,0,19.52,0.0352
2264,E2C,4,8.7609,11.0,1,27.35,0.1112
2264,W2C,4,5.8626,4.0,1,40.87,0.1483
2265,N2C,2,12.7862,0.0,0,18.74,0.0279
2265,S2C,2,11.9306,0.0,0,20.08,0.0402
2265,E2C,4,8.5058,12.0,1,28.17,0.1155
2265,W2C,4,5.7118,6.0,2,41.95,0.1578
2266,N2C,2,12.6489,0.0,0,18.94,0.0299
2266,S2C,2,12.3523,0.0,0,19.4,0.0341
2266,E2C,4,8.6259,13.0,1,27.78,0.1145
2266,W2C,4,5.9724,8.0,2,40.12,0.1553
2267,N2C,2,12.9747,0.0,0,18.47,0.0252
2267,S2C,2,12.2711,0.0,0,19.53,0.0353
2267,E2C,4,7.2875,14.0,1,32.88,0.1344
2267,W2C,4,5.7943,10.0,2,41.35,0.1592
2268,N2C,2,12.8166,0.0,0,18.69,0.0275
2268,S2C,2,12.0149,0.0,0,19.94,0.039
2268,E2C,4,5.4957,15.0,1,43.6,0.1609
2268,W2C,4,4.7866,12.0,2,50.06,0.1751
2269,N2C,2,13.5,0.0,0,17.75,0.0176
2269,S2C,3,12.6724,0.0,0,18.91,0.0355
2269,E2C,5,6.1153,16.0,1,39.18,0.1586
2269,W2C,5,6.0539,14.0,2,39.58,0.1642
2270,N2C,2,12.7794,0.0,0,18.75,0.028
2270,S2C,3,13.012,0.0,0,18.41,0.0306
2270,E2C,5,5.2858,18.0,2,45.33,0.1779
2270,W2C,5,5.1768,16.0,2,46.28,0.1781
2271,N2C,2,12.935,0.0,0,18.52,0.0258
2271,S2C,2,12.9545,0.0,0,18.5,0.0255
2271,E2C,5,5.0552,20.0,2,47.4,0.1825
2271,W2C,5,4.8401,18.0,2,49.5,0.1843
2272,N2C,2,12.9693,0.0,0,18.47,0.0253
2272,S2C,2,13.1314,0.0,0,18.25,0.0229
2272,E2C,5,4.8697,22.0,2,49.2,0.1865
2272,W2C,5,4.8419,21.0,3,49.48,0.1923
2273,N2C,2,13.4128,0.0,0,17.86,0.0189
2273,S2C,2,12.8434,0.0,0,18.66,0.0271
2273,E2C,5,4.8772,25.0,3,49.13,0.1944
2273,W2C,5,4.8505,24.0,3,49.4,0.1942
2274,N2C,2,13.21,0.0,0,18.14,0.0218
2274,S2C,2,13.1454,0.0,0,18.23,0.0227
2274,E2C,5,4.7946,28.0,3,49.97,0.1976
2274,W2C,5,4.7604,27.0,3,50.33,0.1975
2275,N2C,2,13.1104,0.0,0,18.28,0.0232
2275,S2C,2,13.1144,0.0,0,18.27,0.0232
2275,E2C,5,4.9401,31.0,3,48.5,0.1975
2275,W2C,5,4.6333,30.0,3,51.71,0.2013
2276,N2C,2,13.2359,0.0,0,18.1,0.0214
2276,S2C,2,12.8228,0.0,0,18.69,0.0274
2276,E2C,5,5.108,34.0,3,46.91,0.1971
2276,W2C,5,4.6551,33.0,3,51.47,0.203
2277,N2C,2,13.3487,0.0,0,17.95,0.0198
2277,S2C,2,12.9338,0.0,0,18.53,0.0258
2277,E2C,5,4.974,37.0,3,48.17,0.201
2277,W2C,5,4.6951,36.0,3,51.03,0.2044
2278,N2C,3,12.2366,0.0,0,19.58,0.0418
2278,S2C,3,12.4553,0.0,0,19.24,0.0387
2278,E2C,4,9.6174,6.0,1,24.91,0.0955
2278,W2C,4,9.2979,7.0,1,25.77,0.1008
2279,N2C,3,10.658,0.0,0,22.48,0.0645
2279,S2C,3,11.7181,0.0,0,20.45,0.0493
2279,E2C,4,9.2853,0.0,0,25.8,0.0903
2279,W2C,4,9.4142,0.0,0,25.45,0.0884
2280,N2C,3,9.2256,0.0,0,25.97,0.0852
2280,S2C,3,10.6668,0.0,0,22.46,0.0644
2280,E2C,4,9.2625,0.0,0,25.87,0.0906
2280,W2C,4,10.1709,0.0,0,23.56,0.0776
2281,N2C,3,8.7931,0.0,0,27.25,0.0914
2281,S2C,3,9.2823,0.0,0,25.81,0.0843
2281,E2C,2,13.4118,0.0,0,17.86,0.0189
2281,W2C,3,12.15,0.0,0,19.72,0.0431
2282,N2C,3,8.9773,1.0,1,26.69,0.0954
2282,S2C,3,8.1524,1.0,1,29.39,0.1073
2282,E2C,2,13.0641,0.0,0,18.34,0.0239
2282,W2C,3,11.9468,0.0,0,20.06,0.046
2283,N2C,3,8.7892,2.0,1,27.26,0.0988
2283,S2C,3,8.24,2.0,1,29.08,0.1067
2283,E2C,2,13.3041,0.0,0,18.01,0.0204
2283,W2C,3,11.9666,0.0,0,20.02,0.0457
2284,N2C,3,8.9817,3.0,1,26.68,0.0967
2284,S2C,3,8.3375,3.0,1,28.74,0.1059
2284,E2C,2,13.6173,0.0,0,17.6,0.0159
2284,W2C,2,13.2178,0.0,0,18.13,0.0217
2285,N2C,3,8.6617,4.0,1,27.66,0.1019
2285,S2C,3,8.0212,4.0,1,29.87,0.1112
2285,E2C,2,13.6998,0.0,0,17.49,0.0147
2285,W2C,2,13.1939,0.0,0,18.16,0.022
2286,N2C,3,8.4442,5.0,1,28.37,0.1057
2286,S2C,3,7.7205,5.0,1,31.03,0.1162
2286,E2C,2,13.1545,0.0,0,18.21,0.0226
2286,W2C,2,13.1079,0.0,0,18.28,0.0233
2287,N2C,4,8.9437,6.0,1,26.79,0.1052
2287,S2C,4,8.0072,6.0,1,29.92,0.1187
2287,E2C,2,13.2811,0.0,0,18.04,0.0208
2287,W2C,2,13.502,0.0,0,17.75,0.0176
2288,N2C,4,7.5945,7.0,1,31.55,0.1253
2288,S2C,4,6.7554,7.0,1,35.47,0.1374
2288,E2C,2,13.0652,0.0,0,18.34,0.0239
2288,W2C,2,12.6527,0.0,0,18.94,0.0298
2289,N2C,4,6.53,8.0,1,36.69,0.1413
2289,S2C,4,6.2931,8.0,1,38.07,0.1447
2289,E2C,2,13.0016,0.0,0,18.43,0.0248
2289,W2C,2,13.2652,0.0,0,18.06,0.021
2290,N2C,4,6.2943,10.0,2,38.07,0.152
2290,S2C,4,6.066,10.0,2,39.5,0.1553
2290,E2C,2,13.1207,0.0,0,18.26,0.0231
2290,W2C,2,13.0203,0.0,0,18.4,0.0245
2291,N2C,4,6.5751,12.0,2,36.44,0.1493
2291,S2C,4,6.0693,12.0,2,39.48,0.1566
2291,E2C,2,13.4963,0.0,0,17.75,0.0177
2291,W2C,2,13.4946,0.0,0,17.76,0.0177
2292,N2C,4,6.3324,14.0,2,37.84,0.1542
2292,S2C,4,6.1824,14.0,2,38.76,0.1563
2292,E2C,2,12.8079,0.0,0,18.71,0.0276
2292,W2C,2,13.0225,0.0,0,18.4,0.0245
2293,N2C,4,6.4854,16.0,2,36.94,0.1533
2293,S2C,4,6.2299,16.0,2,38.46,0.157
2293,E2C,2,13.1339,0.0,0,18.24,0.0229
2293,W2C,2,13.5879,0.0,0,17.63,0.0163
2294,N2C,4,6.5121,18.0,2,36.79,0.1542
2294,S2C,4,6.1527,18.0,2,38.94,0.1594
2294,E2C,2,13.1715,0.0,0,18.19,0.0223
2294,W2C,2,13.2744,0.0,0,18.05,0.0209
2295,N2C,4,5.5367,20.0,2,43.28,0.1696
2295,S2C,4,6.4035,20.0,2,37.42,0.1571
2295,E2C,2,13.0793,0.0,0,18.32,0.0237
2295,W2C,2,13.2662,0.0,0,18.06,0.021
2296,N2C,5,6.2039,22.0,2,38.62,0.1673
2296,S2C,5,7.7657,22.0,2,30.85,0.1448
2296,E2C,2,13.5651,0.0,0,17.66,0.0167
2296,W2C,2,13.1029,0.0,0,18.29,0.0233
2297,N2C,5,5.479,24.0,2,43.73,0.1791
2297,S2C,5,7.4037,24.0,2,32.36,0.1514
2297,E2C,2,13.6808,0.0,0,17.51,0.015
2297,W2C,2,12.3208,0.0,0,19.45,0.0346
2298,N2C,5,5.0919,27.0,3,47.05,0.1927
2298,S2C,5,6.5071,26.0,2,36.82,0.1656
2298,E2C,2,12.7906,0.0,0,18.73,0.0278
2298,W2C,2,12.8735,0.0,0,18.61,0.0266
2299,N2C,5,4.8541,30.0,3,49.36,0.1981
2299,S2C,5,5.4379,28.0,2,44.06,0.1824
2299,E2C,2,13.5499,0.0,0,17.68,0.0169
2299,W2C,2,12.4619,0.0,0,19.23,0.0326
2300,N2C,5,5.0661,33.0,3,47.29,0.1971
2300,S2C,5,5.2544,30.0,2,45.6,0.1863
2300,E2C,2,12.6997,0.0,0,18.87,0.0291
2300,W2C,2,12.6758,0.0,0,18.9,0.0295
2301,N2C,5,5.1693,36.0,3,46.35,0.1976
2301,S2C,5,5.332,33.0,3,44.94,0.1932
2301,E2C,2,13.0812,0.0,0,18.32,0.0236
2301,W2C,2,12.5614,0.0,0,19.07,0.0311
2302,N2C,5,5.089,39.0,3,47.08,0.2007
2302,S2C,5,5.27,36.0,3,45.47,0.1961
2302,E2C,2,13.3141,0.0,0,18.0,0.0203
2302,W2C,2,12.7905,0.0,0,18.73,0.0278
2303,N2C,5,5.2298,42.0,3,45.81,0.2007
2303,S2C,5,5.2438,39.0,3,45.69,0.1985
2303,E2C,2,13.609,0.0,0,17.61,0.016
2303,W2C,2,13.4426,0.0,0,17.82,0.0184
2304,N2C,5,4.564,45.0,3,52.5,0.2123
2304,S2C,5,4.3718,42.0,3,54.81,0.2131
2304,E2C,2,13.4449,0.0,0,17.82,0.0184
2304,W2C,2,13.0434,0.0,0,18.37,0.0242
2305,N2C,6,5.3235,48.0,3,45.01,0.2093
2305,S2C,6,5.4327,45.0,3,44.1,0.2058
2305,E2C,2,13.2457,0.0,0,18.09,0.0213
2305,W2C,1,13.3395,0.0,0,17.96,0.0139
2306,N2C,6,4.6187,51.0,3,51.88,0.2215
2306,S2C,6,4.6767,48.0,3,51.23,0.2187
2306,E2C,2,13.1713,0.0,0,18.19,0.0223
2306,W2C,2,12.5043,0.0,0,19.16,0.032
2307,N2C,6,4.3618,54.0,3,54.93,0.2272
2307,S2C,6,4.6809,51.0,3,51.19,0.2206
2307,E2C,2,13.026,0.0,0,18.39,0.0244
2307,W2C,2,11.609,0.0,0,20.64,0.0448
2308,N2C,6,4.1483,57.0,3,57.76,0.2323
2308,S2C,6,4.3554,54.0,3,55.01,0.2273
2308,E2C,2,13.2032,0.0,0,18.15,0.0219
2308,W2C,2,12.0058,0.0,0,19.96,0.0391
2309,N2C,6,4.434,61.0,4,54.04,0.2368
2309,S2C,6,4.4993,58.0,4,53.25,0.2339
2309,E2C,2,13.32,0.0,0,17.99,0.0202
2309,W2C,2,12.3556,0.0,0,19.39,0.0341
2310,N2C,6,4.2596,65.0,4,56.25,0.242
2310,S2C,6,4.4088,62.0,4,54.35,0.2379
2310,E2C,2,13.362,0.0,0,17.93,0.0196
2310,W2C,2,12.6335,0.0,0,18.97,0.0301
2311,N2C,4,6.5139,17.0,2,36.78,0.1535
2311,S2C,4,6.6912,14.0,2,35.81,0.149
2311,E2C,2,13.1765,0.0,0,18.18,0.0223
2311,W2C,2,12.3061,0.0,0,19.47,0.0348
2312,N2C,4,7.4057,0.0,0,32.35,0.1174
2312,S2C,4,6.671,0.0,0,35.92,0.1279
2312,E2C,2,13.4771,0.0,0,17.78,0.0179
2312,W2C,2,11.7101,0.0,0,20.46,0.0434
2313,N2C,4,7.6225,0.0,0,31.43,0.1142
2313,S2C,4,6.9233,0.0,0,34.61,0.1243
2313,E2C,2,12.6121,0.0,0,19.0,0.0304
2313,W2C,2,12.1314,0.0,0,19.75,0.0373
2314,N2C,3,11.7736,0.0,0,20.35,0.0485
2314,S2C,4,9.2032,0.0,0,26.03,0.0915
2314,E2C,3,11.8939,0.0,0,20.14,0.0467
2314,W2C,3,12.9083,0.0,0,18.56,0.0321
2315,N2C,3,11.3382,0.0,0,21.13,0.0547
2315,S2C,3,10.0929,0.0,0,23.74,0.0727
2315,E2C,3,10.3972,0.0,0,23.04,0.0683
2315,W2C,3,11.4946,0.0,0,20.84,0.0525
2316,N2C,3,10.8405,0.0,0,22.1,0.0619
2316,S2C,3,10.7271,0.0,0,22.34,0.0635
2316,E2C,3,9.0148,0.0,0,26.58,0.0882
2316,W2C,3,9.8332,0.0,0,24.37,0.0764
2317,N2C,2,13.2185,0.0,0,18.13,0.0217
2317,S2C,2,13.5187,0.0,0,17.72,0.0173
2317,E2C,3,8.9896,1.0,1,26.65,0.0952
2317,W2C,3,9.0591,0.0,0,26.45,0.0876
2318,N2C,2,13.3895,0.0,0,17.89,0.0192
2318,S2C,2,13.4786,0.0,0,17.78,0.0179
2318,E2C,3,8.8222,2.0,1,27.16,0.0983
2318,W2C,3,8.9282,0.0,0,26.84,0.0894
2319,N2C,2,13.2055,0.0,0,18.14,0.0219
2319,S2C,2,13.5055,0.0,0,17.74,0.0175
2319,E2C,3,8.747,3.0,1,27.39,0.1001
2319,W2C,3,8.331,0.0,0,28.76,0.098
2320,N2C,2,12.8729,0.0,0,18.61,0.0266
2320,S2C,2,13.3493,0.0,0,17.95,0.0198
2320,E2C,3,8.834,4.0,1,27.12,0.0995
2320,W2C,3,8.1164,1.0,1,29.52,0.1078
2321,N2C,2,13.1476,0.0,0,18.22,0.0227
2321,S2C,2,13.5251,0.0,0,17.72,0.0173
2321,E2C,3,8.962,5.0,1,26.74,0.0983
2321,W2C,3,8.3257,2.0,1,28.78,0.1055
2322,N2C,2,13.4058,0.0,0,17.87,0.019
2322,S2C,2,13.4601,0.0,0,17.8,0.0182
2322,E2C,3,7.9184,6.0,1,30.26,0.114
2322,W2C,3,8.0623,3.0,1,29.72,0.1099
2323,N2C,2,13.4126,0.0,0,17.86,0.0189
2323,S2C,2,13.7277,0.0,0,17.45,0.0143
2323,E2C,4,8.1623,7.0,1,29.35,0.1171
2323,W2C,4,9.0527,4.0,1,26.47,0.1023
2324,N2C,2,13.2242,0.0,0,18.12,0.0216
2324,S2C,2,13.464,0.0,0,17.8,0.0181
2324,E2C,4,6.8402,8.0,1,35.03,0.1368
2324,W2C,4,8.8007,5.0,1,27.23,0.1066
2325,N2C,2,13.1853,0.0,0,18.17,0.0221
2325,S2C,2,12.9674,0.0,0,18.48,0.0253
2325,E2C,4,6.5999,9.0,1,36.3,0.141
2325,W2C,4,8.0944,6.0,1,29.6,0.1174
2326,N2C,2,13.1907,0.0,0,18.16,0.0221
2326,S2C,2,12.9337,0.0,0,18.53,0.0258
2326,E2C,4,6.2533,11.0,2,38.32,0.1533
2326,W2C,4,7.1468,7.0,1,33.53,0.1318
2327,N2C,2,13.2727,0.0,0,18.05,0.0209
2327,S2C,2,13.2194,0.0,0,18.12,0.0217
2327,E2C,4,6.5318,13.0,2,36.68,0.1506
2327,W2C,4,6.0561,8.0,1,39.56,0.1481
2328,N2C,2,13.1246,0.0,0,18.26,0.023
2328,S2C,2,13.6524,0.0,0,17.55,0.0154
2328,E2C,4,6.3355,15.0,2,37.82,0.1548
2328,W2C,4,5.8031,9.0,1,41.29,0.1524
2329,N2C,2,13.456,0.0,0,17.81,0.0182
2329,S2C,2,13.4069,0.0,0,17.87,0.019
2329,E2C,4,6.5309,17.0,2,36.69,0.1533
2329,W2C,4,5.7974,10.0,1,41.33,0.1532
2330,N2C,2,13.1361,0.0,0,18.24,0.0229
2330,S2C,2,13.3183,0.0,0,17.99,0.0202
2330,E2C,4,6.4624,19.0,2,37.08,0.1556
2330,W2C,4,5.6299,12.0,2,42.56,0.1629
2331,N2C,2,13.6301,0.0,0,17.58,0.0157
2331,S2C,2,13.6163,0.0,0,17.6,0.0159
2331,E2C,4,5.6089,21.0,2,42.72,0.1692
2331,W2C,4,4.3622,14.0,2,54.93,0.1825
2332,N2C,3,12.7107,0.0,0,18.85,0.035
2332,S2C,1,13.32,0.0,0,17.99,0.0142
2332,E2C,5,6.2394,23.0,2,38.4,0.1675
2332,W2C,5,5.4773,16.0,2,43.74,0.1738
2333,N2C,2,12.3019,0.0,0,19.48,0.0349
2333,S2C,2,12.4595,0.0,0,19.23,0.0326
2333,E2C,5,5.4033,25.0,2,44.34,0.1809
2333,W2C,5,4.4905,18.0,2,53.36,0.1893
2334,N2C,2,12.2284,0.0,0,19.59,0.0359
2334,S2C,2,12.3136,0.0,0,19.46,0.0347
2334,E2C,5,5.2811,27.0,2,45.37,0.184
2334,W2C,5,4.3907,21.0,3,54.57,0.1988
2335,N2C,2,12.3827,0.0,0,19.35,0.0337
2335,S2C,2,12.4785,0.0,0,19.2,0.0323
2335,E2C,5,5.2169,29.0,2,45.93,0.1862
2335,W2C,5,4.3926,24.0,3,54.55,0.2008
2336,N2C,2,12.1771,0.0,0,19.68,0.0367
2336,S2C,2,12.7439,0.0,0,18.8,0.0285
2336,E2C,5,5.0261,32.0,3,47.67,0.197
2336,W2C,5,4.4617,27.0,3,53.7,0.2018
2337,N2C,2,12.577,0.0,0,19.05,0.0309
2337,S2C,2,12.6094,0.0,0,19.0,0.0304
2337,E2C,5,5.1922,35.0,3,46.15,0.1966
2337,W2C,5,4.3249,30.0,3,55.4,0.2057
2338,N2C,2,12.2892,0.0,0,19.5,0.0351
2338,S2C,2,11.8579,0.0,0,20.21,0.0413
2338,E2C,5,5.1239,38.0,3,46.76,0.1996
2338,W2C,5,4.1978,33.0,3,57.08,0.2096
2339,N2C,2,12.229,0.0,0,19.59,0.0359
2339,S2C,2,12.1921,0.0,0,19.65,0.0364
2339,E2C,5,5.1587,41.0,3,46.45,0.2011
2339,W2C,5,4.3427,36.0,3,55.17,0.2095
2340,N2C,2,12.2265,0.0,0,19.6,0.036
2340,S2C,2,12.6999,0.0,0,18.87,0.0291
2340,E2C,5,5.2151,44.0,3,45.94,0.2022
2340,W2C,5,4.3582,39.0,3,54.98,0.2112
2341,N2C,2,12.4698,0.0,0,19.21,0.0324
2341,S2C,2,12.7123,0.0,0,18.85,0.029
2341,E2C,6,6.0139,47.0,3,39.84,0.1987
2341,W2C,6,5.9303,42.0,3,40.4,0.1966
2342,N2C,2,12.466,0.0,0,19.22,0.0325
2342,S2C,2,12.3489,0.0,0,19.4,0.0342
2342,E2C,6,5.1931,50.0,3,46.14,0.2126
2342,W2C,6,5.6568,45.0,3,42.36,0.2025
2343,N2C,2,12.7142,0.0,0,18.85,0.0289
2343,S2C,2,12.7662,0.0,0,18.77,0.0282
2343,E2C,6,4.6496,53.0,3,51.53,0.2224
2343,W2C,6,5.9454,48.0,3,40.3,0.2004
2344,N2C,2,12.9008,0.0,0,18.57,0.0262
2344,S2C,2,12.6191,0.0,0,18.99,0.0303
2344,E2C,4,6.4991,10.0,2,36.87,0.1491
2344,W2C,4,8.621,11.0,1,27.79,0.1132
2345,N2C,2,12.6103,0.0,0,19.0,0.0304
2345,S2C,2,12.9541,0.0,0,18.5,0.0255
2345,E2C,4,7.3594,0.0,0,32.56,0.118
2345,W2C,4,8.9117,0.0,0,26.89,0.0957
2346,N2C,2,12.7604,0.0,0,18.78,0.0283
2346,S2C,2,12.7862,0.0,0,18.74,0.0279
2346,E2C,4,8.2822,0.0,0,28.93,0.1047
2346,W2C,4,9.508,0.0,0,25.2,0.0871
2347,N2C,2,12.8229,0.0,0,18.69,0.0274
2347,S2C,2,12.7072,0.0,0,18.86,0.029
2347,E2C,2,13.3758,0.0,0,17.91,0.0194
2347,W2C,3,11.5883,0.0,0,20.68,0.0511
2348,N2C,2,12.9104,0.0,0,18.56,0.0261
2348,S2C,2,12.5451,0.0,0,19.1,0.0314
2348,E2C,2,12.8989,0.0,0,18.58,0.0263
2348,W2C,2,12.7124,0.0,0,18.85,0.029
2349,N2C,2,12.8477,0.0,0,18.65,0.027
2349,S2C,2,12.8543,0.0,0,18.64,0.0269
2349,E2C,2,13.242,0.0,0,18.09,0.0213
2349,W2C,2,12.8654,0.0,0,18.62,0.0268
2350,N2C,3,12.91,0.0,0,18.56,0.0321
2350,S2C,3,12.8674,0.0,0,18.62,0.0327
2350,E2C,2,13.3267,0.0,0,17.98,0.0201
2350,W2C,3,12.4292,0.0,0,19.28,0.039
2351,N2C,3,12.5217,0.0,0,19.13,0.0377
2351,S2C,3,12.2465,0.0,0,19.56,0.0417
2351,E2C,2,13.5841,0.0,0,17.64,0.0164
2351,W2C,3,12.1612,0.0,0,19.7,0.0429
2352,N2C,3,11.4429,0.0,0,20.94,0.0532
2352,S2C,3,12.558,0.0,0,19.08,0.0372
2352,E2C,2,12.871,0.0,0,18.62,0.0267
2352,W2C,2,11.7823,0.0,0,20.34,0.0423
2353,N2C,3,10.2859,0.0,0,23.29,0.0699
2353,S2C,3,11.7752,0.0,0,20.35,0.0485
2353,E2C,2,13.4575,0.0,0,17.8,0.0182
2353,W2C,2,11.9571,0.0,0,20.04,0.0398
2354,N2C,3,9.2563,0.0,0,25.89,0.0847
2354,S2C,3,9.7556,0.0,0,24.56,0.0775
2354,E2C,2,13.1406,0.0,0,18.23,0.0228
2354,W2C,2,12.0371,0.0,0,19.91,0.0387
2355,N2C,3,8.4658,0.0,0,28.3,0.0961
2355,S2C,3,9.3679,0.0,0,25.58,0.0831
2355,E2C,2,13.2149,0.0,0,18.13,0.0217
2355,W2C,2,11.8248,0.0,0,20.26,0.0417
2356,N2C,3,8.5346,1.0,1,28.07,0.1018
2356,S2C,3,8.4305,1.0,1,28.42,0.1033
2356,E2C,2,13.2756,0.0,0,18.05,0.0208
2356,W2C,2,11.9628,0.0,0,20.03,0.0397
2357,N2C,3,8.6466,2.0,1,27.71,0.1008
2357,S2C,3,8.5846,2.0,1,27.91,0.1017
2357,E2C,2,13.6043,0.0,0,17.61,0.0161
2357,W2C,2,11.9796,0.0,0,20.0,0.0395
2358,N2C,3,8.2637,3.0,1,28.99,0.107
2358,S2C,3,8.3256,3.0,1,28.78,0.1061
2358,E2C,2,13.2588,0.0,0,18.07,0.0211
2358,W2C,2,12.0527,0.0,0,19.88,0.0385
2359,N2C,4,8.458,4.0,1,28.33,0.1109
2359,S2C,4,8.8338,4.0,1,27.12,0.1055
2359,E2C,2,12.5179,0.0,0,19.14,0.0318
2359,W2C,3,12.3243,0.0,0,19.44,0.0405
2360,N2C,4,7.3664,5.0,1,32.53,0.1273
2360,S2C,4,7.8874,5.0,1,30.38,0.1198
2360,E2C,2,12.6109,0.0,0,19.0,0.0304
2360,W2C,2,12.1357,0.0,0,19.74,0.0373
2361,N2C,4,6.7686,6.0,1,35.4,0.1365
2361,S2C,4,7.2964,6.0,1,32.84,0.1289
2361,E2C,2,12.0961,0.0,0,19.81,0.0378
2361,W2C,2,12.0297,0.0,0,19.92,0.0388
2362,N2C,4,5.6115,7.0,1,42.7,0.1539
2362,S2C,4,6.5589,7.0,1,36.53,0.1402
2362,E2C,2,12.6359,0.0,0,18.96,0.0301
2362,W2C,2,12.0046,0.0,0,19.96,0.0391
2363,N2C,4,5.9005,8.0,1,40.61,0.1504
2363,S2C,4,6.4724,9.0,2,37.02,0.1488
2363,E2C,2,12.2091,0.0,0,19.62,0.0362
2363,W2C,2,12.0965,0.0,0,19.81,0.0378
2364,N2C,4,6.0483,10.0,2,39.61,0.1556
2364,S2C,4,6.2758,11.0,2,38.18,0.153
2364,E2C,2,12.675,0.0,0,18.9,0.0295
2364,W2C,2,12.0096,0.0,0,19.95,0.0391
2365,N2C,4,5.7677,12.0,2,41.54,0.161
2365,S2C,4,6.461,13.0,2,37.08,0.1516
2365,E2C,2,12.2389,0.0,0,19.58,0.0358
2365,W2C,2,12.2982,0.0,0,19.48,0.0349
2366,N2C,4,5.8391,14.0,2,41.03,0.1613
2366,S2C,4,6.5862,15.0,2,36.38,0.1512
2366,E2C,2,12.4578,0.0,0,19.23,0.0326
2366,W2C,2,12.2104,0.0,0,19.62,0.0362
2367,N2C,4,4.9042,16.0,2,48.86,0.1761
2367,S2C,4,5.3115,17.0,2,45.11,0.1709
2367,E2C,2,12.5287,0.0,0,19.12,0.0316
2367,W2C,2,12.0977,0.0,0,19.81,0.0378
2368,N2C,5,5.6655,18.0,2,42.29,0.1724
2368,S2C,5,6.2308,19.0,2,38.45,0.165
2368,E2C,3,12.6159,0.0,0,18.99,0.0363
2368,W2C,3,12.5131,0.0,0,19.15,0.0378
2369,N2C,5,4.7619,20.0,2,50.32,0.1868
2369,S2C,5,5.3381,21.0,2,44.89,0.1791
2369,E2C,2,12.6045,0.0,0,19.01,0.0305
2369,W2C,3,11.8737,0.0,0,20.18,0.047
2370,N2C,5,4.8094,22.0,2,49.82,0.1874
2370,S2C,5,5.0692,23.0,2,47.27,0.1843
2370,E2C,2,12.9025,0.0,0,18.57,0.0262
2370,W2C,3,12.242,0.0,0,19.57,0.0417
2371,N2C,5,4.6913,24.0,2,51.07,0.1905
2371,S2C,5,4.9151,26.0,3,48.75,0.1946
2371,E2C,2,13.1276,0.0,0,18.25,0.023
2371,W2C,2,12.6513,0.0,0,18.94,0.0298
2372,N2C,5,4.6717,27.0,3,51.29,0.1987
2372,S2C,5,4.9573,29.0,3,48.33,0.196
2372,E2C,2,12.8679,0.0,0,18.62,0.0267
2372,W2C,2,12.9651,0.0,0,18.48,0.0253
2373,N2C,5,4.4923,30.0,3,53.34,0.2033
2373,S2C,5,5.0384,32.0,3,47.56,0.1968
2373,E2C,2,13.1543,0.0,0,18.21,0.0226
2373,W2C,2,12.9553,0.0,0,18.49,0.0255
2374,N2C,5,4.6368,33.0,3,51.67,0.2032
2374,S2C,5,5.2539,35.0,3,45.6,0.1957
2374,E2C,2,13.1818,0.0,0,18.18,0.0222
2374,W2C,2,12.8108,0.0,0,18.7,0.0275
2375,N2C,5,4.5669,36.0,3,52.46,0.2062
2375,S2C,5,5.1918,38.0,3,46.15,0.1986
2375,E2C,2,13.1034,0.0,0,18.29,0.0233
2375,W2C,2,12.4425,0.0,0,19.26,0.0328
2376,N2C,5,4.4293,39.0,3,54.09,0.2102
2376,S2C,5,5.2975,41.0,3,45.23,0.1991
2376,E2C,2,12.7303,0.0,0,18.82,0.0287
2376,W2C,2,12.6826,0.0,0,18.89,0.0294
2377,N2C,4,9.4551,6.0,1,25.34,0.0979
2377,S2C,4,8.8934,7.0,1,26.94,0.1066
2377,E2C,3,12.8189,0.0,0,18.69,0.0334
2377,W2C,3,10.945,0.0,0,21.89,0.0604
2378,N2C,4,9.4808,0.0,0,25.27,0.0875
2378,S2C,4,8.6443,0.0,0,27.72,0.0995
2378,E2C,3,11.7277,0.0,0,20.43,0.0491
2378,W2C,3,9.4427,0.0,0,25.37,0.082
2379,N2C,4,9.5463,0.0,0,25.1,0.0865
2379,S2C,4,8.369,0.0,0,28.63,0.1035
2379,E2C,3,10.5974,0.0,0,22.61,0.0654
2379,W2C,3,8.4499,0.0,0,28.36,0.0963
2380,N2C,3,12.1772,0.0,0,19.68,0.0427
2380,S2C,2,13.588,0.0,0,17.63,0.0163
2380,E2C,3,9.6383,0.0,0,24.86,0.0792
2380,W2C,3,7.8951,0.0,0,30.35,0.1043
2381,N2C,3,12.19,0.0,0,19.66,0.0425
2381,S2C,2,13.2504,0.0,0,18.08,0.0212
2381,E2C,3,9.161,0.0,0,26.15,0.0861
2381,W2C,3,8.1359,1.0,1,29.45,0.1075
2382,N2C,3,11.9286,0.0,0,20.09,0.0462
2382,S2C,2,13.1858,0.0,0,18.17,0.0221
2382,E2C,3,8.8394,0.0,0,27.11,0.0907
2382,W2C,3,8.4325,2.0,1,28.41,0.1039
2383,N2C,2,13.5507,0.0,0,17.68,0.0169
2383,S2C,2,12.9342,0.0,0,18.52,0.0258
2383,E2C,3,8.6127,1.0,1,27.82,0.1007
2383,W2C,3,8.2036,3.0,1,29.21,0.1079
2384,N2C,2,13.2714,0.0,0,18.05,0.0209
2384,S2C,2,12.9828,0.0,0,18.46,0.0251
2384,E2C,3,8.6586,2.0,1,27.67,0.1007
2384,W2C,3,7.9497,4.0,1,30.14,0.1122
2385,N2C,2,12.893,0.0,0,18.58,0.0264
2385,S2C,2,13.5093,0.0,0,17.74,0.0175
2385,E2C,3,8.6995,3.0,1,27.54,0.1007
2385,W2C,3,8.2791,5.0,1,28.94,0.1081
2386,N2C,2,13.6284,0.0,0,17.58,0.0158
2386,S2C,2,13.8312,0.0,0,17.32,0.0128
2386,E2C,4,8.8016,4.0,1,27.22,0.1059
2386,W2C,4,9.1702,6.0,1,26.13,0.102
2387,N2C,2,13.0766,0.0,0,18.32,0.0237
2387,S2C,2,13.5405,0.0,0,17.7,0.017
2387,E2C,4,7.3731,5.0,1,32.5,0.1272
2387,W2C,4,8.0804,7.0,1,29.65,0.1183
2388,N2C,2,12.9203,0.0,0,18.54,0.026
2388,S2C,2,13.0169,0.0,0,18.41,0.0246
2388,E2C,4,6.4037,7.0,2,37.42,0.1485
2388,W2C,4,7.3107,8.0,1,32.77,0.1301
2389,N2C,2,12.7253,0.0,0,18.83,0.0288
2389,S2C,2,12.7466,0.0,0,18.8,0.0285
2389,E2C,4,6.7681,9.0,2,35.4,0.1445
2389,W2C,4,6.7647,9.0,1,35.42,0.1386
2390,N2C,2,12.7612,0.0,0,18.78,0.0283
2390,S2C,2,13.5168,0.0,0,17.73,0.0174
2390,E2C,4,6.5411,11.0,2,36.63,0.1491
2390,W2C,4,6.6391,11.0,2,36.09,0.1477
2391,N2C,2,12.9382,0.0,0,18.52,0.0257
2391,S2C,2,13.389,0.0,0,17.9,0.0192
2391,E2C,4,6.5977,13.0,2,36.32,0.1497
2391,W2C,4,6.3315,13.0,2,37.84,0.1535
2392,N2C,2,12.5528,0.0,0,19.09,0.0313
2392,S2C,2,13.2938,0.0,0,18.02,0.0206
2392,E2C,4,6.522,15.0,2,36.74,0.1521
2392,W2C,4,6.5645,15.0,2,36.5,0.1515
2393,N2C,2,12.4501,0.0,0,19.24,0.0327
2393,S2C,2,13.3859,0.0,0,17.9,0.0193
2393,E2C,4,6.5285,17.0,2,36.7,0.1533
2393,W2C,4,6.5599,17.0,2,36.53,0.1529
2394,N2C,2,12.7488,0.0,0,18.79,0.0284
2394,S2C,2,13.4241,0.0,0,17.85,0.0187
2394,E2C,4,5.648,19.0,2,42.42,0.1673
2394,W2C,4,6.4515,19.0,2,37.14,0.1558
2395,N2C,2,12.9992,0.0,0,18.43,0.0248
2395,S2C,2,13.3479,0.0,0,17.95,0.0198
2395,E2C,5,6.4157,21.0,2,37.35,0.1636
2395,W2C,5,7.4461,21.0,2,32.18,0.1488
2396,N2C,2,12.4504,0.0,0,19.24,0.0327
2396,S2C,2,12.7215,0.0,0,18.83,0.0288
2396,E2C,5,5.4863,23.0,2,43.67,0.1783
2396,W2C,5,6.4431,23.0,2,37.19,0.1646
2397,N2C,2,12.8659,0.0,0,18.62,0.0267
2397,S2C,2,12.1159,0.0,0,19.78,0.0375
2397,E2C,5,5.175,25.0,2,46.3,0.1842
2397,W2C,5,5.7675,25.0,2,41.54,0.1756
2398,N2C,2,13.0351,0.0,0,18.38,0.0243
2398,S2C,2,12.3372,0.0,0,19.42,0.0344
2398,E2C,5,5.042,28.0,3,47.52,0.1941
2398,W2C,5,5.5952,27.0,2,42.82,0.1794
2399,N2C,2,13.3725,0.0,0,17.92,0.0195
2399,S2C,2,13.1603,0.0,0,18.21,0.0225
2399,E2C,5,5.1902,31.0,3,46.16,0.1939
2399,W2C,5,5.2183,30.0,3,45.92,0.1929
2400,N2C,2,13.0644,0.0,0,18.34,0.0239
2400,S2C,2,12.5616,0.0,0,19.07,0.0311
2400,E2C,5,4.9474,34.0,3,48.43,0.1994
2400,W2C,5,5.3316,33.0,3,44.94,0.1932
2401,N2C,2,13.1996,0.0,0,18.15,0.0219
2401,S2C,2,12.9748,0.0,0,18.47,0.0252
2401,E2C,5,5.1713,37.0,3,46.33,0.1982
2401,W2C,5,5.3467,36.0,3,44.81,0.195
2402,N2C,2,13.2276,0.0,0,18.11,0.0215
2402,S2C,2,12.9284,0.0,0,18.53,0.0258
2402,E2C,5,5.2519,40.0,3,45.62,0.199
2402,W2C,5,5.1193,39.0,3,46.8,0.2003
2403,N2C,2,13.3082,0.0,0,18.0,0.0204
2403,S2C,2,13.0065,0.0,0,18.42,0.0247
2403,E2C,5,4.321,43.0,3,55.45,0.2144
2403,W2C,5,4.3731,42.0,3,54.79,0.213
2404,N2C,3,12.7551,0.0,0,18.78,0.0343
2404,S2C,2,12.7879,0.0,0,18.74,0.0279
2404,E2C,6,5.235,46.0,3,45.77,0.2093
2404,W2C,6,5.1847,45.0,3,46.21,0.2093
2405,N2C,2,12.0937,0.0,0,19.81,0.0379
2405,S2C,2,11.983,0.0,0,19.99,0.0395
2405,E2C,6,4.6956,49.0,3,51.03,0.2191
2405,W2C,6,4.559,48.0,3,52.56,0.2204
2406,N2C,2,11.9785,0.0,0,20.0,0.0395
2406,S2C,2,12.1186,0.0,0,19.77,0.0375
2406,E2C,6,4.2338,53.0,4,56.59,0.2344
2406,W2C,6,4.4522,51.0,3,53.82,0.2239
2407,N2C,2,11.6597,0.0,0,20.55,0.0441
2407,S2C,2,11.9841,0.0,0,19.99,0.0394
2407,E2C,6,4.4656,57.0,4,53.65,0.2337
2407,W2C,6,4.3484,55.0,4,55.1,0.2341
2408,N2C,2,12.2167,0.0,0,19.61,0.0361
2408,S2C,2,11.9141,0.0,0,20.11,0.0405
2408,E2C,6,4.3069,61.0,4,55.63,0.2387
2408,W2C,6,4.2333,59.0,4,56.6,0.2384
2409,N2C,2,11.7573,0.0,0,20.38,0.0427
2409,S2C,2,12.4023,0.0,0,19.32,0.0334
2409,E2C,6,4.2997,65.0,4,55.72,0.2414
2409,W2C,6,4.5718,63.0,4,52.41,0.2362
2410,N2C,2,11.8124,0.0,0,20.28,0.0419
2410,S2C,2,12.4859,0.0,0,19.19,0.0322
2410,E2C,4,6.3183,18.0,2,37.92,0.157
2410,W2C,4,6.6841,16.0,2,35.85,0.1504
2411,N2C,2,11.721,0.0,0,20.44,0.0432
2411,S2C,2,12.0516,0.0,0,19.88,0.0385
2411,E2C,4,7.0943,0.0,0,33.77,0.1219
2411,W2C,4,6.6564,0.0,0,36.0,0.1282
2412,N2C,2,11.8777,0.0,0,20.17,0.041
2412,S2C,2,11.8937,0.0,0,20.15,0.0407
2412,E2C,4,7.6825,0.0,0,31.19,0.1134
2412,W2C,4,6.6971,0.0,0,35.78,0.1276
2413,N2C,3,10.4778,0.0,0,22.87,0.0671
2413,S2C,3,12.7541,0.0,0,18.79,0.0344
2413,E2C,3,11.6543,0.0,0,20.56,0.0502
2413,W2C,3,10.1993,0.0,0,23.49,0.0711
2414,N2C,3,9.1602,0.0,0,26.16,0.0861
2414,S2C,3,11.6871,0.0,0,20.5,0.0497
2414,E2C,3,11.0806,0.0,0,21.62,0.0585
2414,W2C,3,9.9676,0.0,0,24.04,0.0745
2415,N2C,3,8.0124,0.0,0,29.9,0.1026
2415,S2C,3,10.3462,0.0,0,23.16,0.069
2415,E2C,3,11.706,0.0,0,20.47,0.0494
2415,W2C,2,12.9789,0.0,0,18.46,0.0251
2416,N2C,3,7.67,0.0,0,31.24,0.1076
2416,S2C,3,8.9314,0.0,0,26.83,0.0894
2416,E2C,2,13.0232,0.0,0,18.4,0.0245
2416,W2C,2,12.4508,0.0,0,19.24,0.0327
2417,N2C,3,7.9202,1.0,1,30.25,0.1106
2417,S2C,3,8.3987,1.0,1,28.53,0.1037
2417,E2C,2,13.1243,0.0,0,18.26,0.023
2417,W2C,2,12.731,0.0,0,18.82,0.0287
2418,N2C,3,7.9724,2.0,1,30.05,0.1105
2418,S2C,3,8.5651,2.0,1,27.97,0.102
2418,E2C,2,13.0561,0.0,0,18.35,0.024
2418,W2C,2,11.9073,0.0,0,20.12,0.0405
2419,N2C,3,8.0144,3.0,1,29.9,0.1106
2419,S2C,3,8.7116,3.0,1,27.5,0.1006
2419,E2C,2,13.1853,0.0,0,18.17,0.0221
2419,W2C,2,12.0799,0.0,0,19.83,0.0381
2420,N2C,3,7.7628,4.0,1,30.87,0.1149
2420,S2C,3,8.3998,4.0,1,28.52,0.1057
2420,E2C,2,13.3693,0.0,0,17.92,0.0195
2420,W2C,2,12.8857,0.0,0,18.59,0.0265
2421,N2C,3,7.8256,5.0,1,30.62,0.1147
2421,S2C,3,8.4624,5.0,1,28.31,0.1055
2421,E2C,2,13.6413,0.0,0,17.56,0.0156
2421,W2C,2,12.7033,0.0,0,18.86,0.0291
2422,N2C,4,9.5013,6.0,1,25.22,0.0972
2422,S2C,4,9.4014,6.0,1,25.49,0.0986
2422,E2C,3,13.5467,0.0,0,17.69,0.0229
2422,W2C,2,12.6755,0.0,0,18.9,0.0295
2423,N2C,4,9.603,7.0,1,24.95,0.0964
2423,S2C,4,8.2972,7.0,1,28.88,0.1152
2423,E2C,2,12.9392,0.0,0,18.52,0.0257
2423,W2C,2,12.795,0.0,0,18.73,0.0278
2424,N2C,4,9.3456,8.0,1,25.64,0.1008
2424,S2C,4,7.5479,8.0,1,31.74,0.1267
2424,E2C,2,13.3195,0.0,0,17.99,0.0202
2424,W2C,2,12.7493,0.0,0,18.79,0.0284
2425,N2C,4,9.0862,9.0,1,26.37,0.1052
2425,S2C,4,6.5798,9.0,1,36.41,0.1413
2425,E2C,2,12.8573,0.0,0,18.64,0.0269
2425,W2C,2,12.9581,0.0,0,18.49,0.0254
2426,N2C,4,8.8253,10.0,1,27.15,0.1096
2426,S2C,4,6.6299,10.0,1,36.14,0.1412
2426,E2C,2,13.2319,0.0,0,18.11,0.0215
2426,W2C,2,12.8725,0.0,0,18.61,0.0267
2427,N2C,4,7.5557,11.0,1,31.71,0.1285
2427,S2C,4,6.6577,12.0,2,35.99,0.1481
2427,E2C,2,13.0804,0.0,0,18.32,0.0237
2427,W2C,2,12.8802,0.0,0,18.6,0.0265
2428,N2C,4,6.7414,12.0,1,35.54,0.1409
2428,S2C,4,6.3959,14.0,2,37.46,0.1532
2428,E2C,2,13.2246,0.0,0,18.12,0.0216
2428,W2C,2,12.7253,0.0,0,18.83,0.0288
2429,N2C,4,6.5211,13.0,1,36.74,0.1448
2429,S2C,4,6.4099,16.0,2,37.38,0.1544
2429,E2C,2,13.4273,0.0,0,17.84,0.0187
2429,W2C,2,12.9101,0.0,0,18.56,0.0261
2430,N2C,4,5.5276,15.0,2,43.35,0.1664
2430,S2C,4,5.3677,18.0,2,44.64,0.1707
2430,E2C,2,13.3243,0.0,0,17.98,0.0201
2430,W2C,2,13.0317,0.0,0,18.39,0.0244
2431,N2C,5,6.1695,17.0,2,38.84,0.1645
2431,S2C,5,6.357,20.0,2,37.69,0.1638
2431,E2C,2,12.9187,0.0,0,18.55,0.026
2431,W2C,2,12.7541,0.0,0,18.79,0.0284
2432,N2C,5,5.6263,19.0,2,42.59,0.1737
2432,S2C,5,5.4154,22.0,2,44.24,0.1787
2432,E2C,2,12.763,0.0,0,18.77,0.0282
2432,W2C,3,12.9562,0.0,0,18.49,0.0314
2433,N2C,5,5.1919,21.0,2,46.15,0.1812
2433,S2C,5,4.9326,24.0,2,48.58,0.187
2433,E2C,2,13.0411,0.0,0,18.37,0.0242
2433,W2C,3,12.7881,0.0,0,18.74,0.0339
2434,N2C,5,4.9429,24.0,3,48.47,0.1928
2434,S2C,5,5.1839,27.0,3,46.22,0.1914
2434,E2C,2,12.8101,0.0,0,18.7,0.0275
2434,W2C,2,13.0706,0.0,0,18.33,0.0238
2435,N2C,5,5.193,27.0,3,46.14,0.1912
2435,S2C,5,4.9711,30.0,3,48.2,0.1964
2435,E2C,2,12.8066,0.0,0,18.71,0.0276
2435,W2C,2,13.4271,0.0,0,17.84,0.0187
2436,N2C,5,4.9992,30.0,3,47.93,0.196
2436,S2C,5,5.1457,33.0,3,46.56,0.1959
2436,E2C,2,12.961,0.0,0,18.49,0.0254
2436,W2C,2,13.3433,0.0,0,17.96,0.0199
2437,N2C,5,5.239,33.0,3,45.73,0.1946
2437,S2C,5,4.9683,36.0,3,48.23,0.2005
2437,E2C,2,12.5397,0.0,0,19.11,0.0314
2437,W2C,2,13.3454,0.0,0,17.95,0.0198
2438,N2C,5,5.0887,36.0,3,47.08,0.1987
2438,S2C,5,5.0598,39.0,3,47.35,0.2011
2438,E2C,2,12.4494,0.0,0,19.25,0.0327
2438,W2C,2,13.2213,0.0,0,18.12,0.0216
2439,N2C,5,4.2119,39.0,3,56.89,0.2134
2439,S2C,5,5.0907,42.0,3,47.07,0.2027
2439,E2C,2,12.9011,0.0,0,18.57,0.0262
2439,W2C,2,13.3917,0.0,0,17.89,0.0192
2440,N2C,6,5.149,42.0,3,46.53,0.2079
2440,S2C,6,5.9592,45.0,3,40.21,0.1982
2440,E2C,2,10.7533,0.0,0,22.28,0.0572
2440,W2C,2,12.2605,0.0,0,19.54,0.0355
2441,N2C,6,4.6427,45.0,3,51.61,0.2171
2441,S2C,6,5.2878,48.0,3,45.31,0.2099
2441,E2C,2,10.1228,0.0,0,23.67,0.0662
2441,W2C,2,12.1257,0.0,0,19.76,0.0374
2442,N2C,6,4.2996,49.0,4,55.73,0.2308
2442,S2C,6,4.6252,51.0,3,51.8,0.2214
2442,E2C,2,11.5482,0.0,0,20.75,0.0457
2442,W2C,2,12.0373,0.0,0,19.9,0.0387
2443,N2C,4,6.4376,12.0,2,37.22,0.1513
2443,S2C,4,6.9802,10.0,1,34.33,0.1362
2443,E2C,2,11.5133,0.0,0,20.81,0.0462
2443,W2C,2,11.902,0.0,0,20.13,0.0406
2444,N2C,4,7.1029,0.0,0,33.73,0.1217
2444,S2C,4,7.3112,0.0,0,32.77,0.1187
2444,E2C,2,11.204,0.0,0,21.39,0.0507
2444,W2C,2,12.1409,0.0,0,19.74,0.0372
2445,N2C,4,8.1954,0.0,0,29.24,0.106
2445,S2C,4,8.3773,0.0,0,28.6,0.1034
2445,E2C,2,11.7749,0.0,0,20.35,0.0425
2445,W2C,2,12.0752,0.0,0,19.84,0.0381
2446,N2C,2,12.761,0.0,0,18.78,0.0283
2446,S2C,2,13.8462,0.0,0,17.3,0.0126
2446,E2C,2,11.6557,0.0,0,20.56,0.0442
2446,W2C,2,11.7391,0.0,0,20.41,0.043
2447,N2C,2,12.6146,0.0,0,18.99,0.0304
2447,S2C,2,13.2261,0.0,0,18.12,0.0216
2447,E2C,2,11.5238,0.0,0,20.79,0.0461
2447,W2C,2,12.8686,0.0,0,18.62,0.0267
2448,N2C,2,12.619,0.0,0,18.99,0.0303
2448,S2C,2,13.37,0.0,0,17.92,0.0195
2448,E2C,2,11.5115,0.0,0,20.81,0.0462
2448,W2C,2,12.7643,0.0,0,18.77,0.0282
2449,N2C,3,13.053,0.0,0,18.36,0.0301
2449,S2C,2,13.4231,0.0,0,17.85,0.0187
2449,E2C,3,11.3317,0.0,0,21.14,0.0548
2449,W2C,3,11.7525,0.0,0,20.39,0.0488
2450,N2C,2,13.2418,0.0,0,18.09,0.0213
2450,S2C,2,13.2417,0.0,0,18.09,0.0213
2450,E2C,3,9.9259,0.0,0,24.14,0.0751
2450,W2C,3,10.8184,0.0,0,22.15,0.0622
2451,N2C,2,13.1941,0.0,0,18.16,0.022
2451,S2C,2,12.8841,0.0,0,18.6,0.0265
2451,E2C,3,8.5053,0.0,0,28.17,0.0955
2451,W2C,3,9.1295,0.0,0,26.24,0.0865
2452,N2C,2,13.2679,0.0,0,18.06,0.021
2452,S2C,2,13.2957,0.0,0,18.02,0.0206
2452,E2C,3,7.7576,0.0,0,30.89,0.1063
2452,W2C,3,8.2505,0.0,0,29.04,0.0992
2453,N2C,2,13.1136,0.0,0,18.27,0.0232
2453,S2C,2,12.9106,0.0,0,18.56,0.0261
2453,E2C,3,7.0161,0.0,0,34.15,0.117
2453,W2C,3,8.1872,1.0,1,29.27,0.1068
2454,N2C,2,13.0104,0.0,0,18.42,0.0247
2454,S2C,2,13.3687,0.0,0,17.92,0.0195
2454,E2C,3,6.6238,1.0,1,36.17,0.1293
2454,W2C,3,7.9626,2.0,1,30.09,0.1107
2455,N2C,2,13.7005,0.0,0,17.49,0.0147
2455,S2C,2,13.3105,0.0,0,18.0,0.0203
2455,E2C,3,6.8931,2.0,1,34.76,0.1261
2455,W2C,3,7.8869,3.0,1,30.38,0.1124
2456,N2C,2,13.0411,0.0,0,18.37,0.0242
2456,S2C,2,13.6896,0.0,0,17.5,0.0149
2456,E2C,3,7.1021,3.0,1,33.74,0.1237
2456,W2C,3,7.8523,4.0,1,30.51,0.1136
2457,N2C,2,13.8355,0.0,0,17.32,0.0128
2457,S2C,2,13.5467,0.0,0,17.69,0.0169
2457,E2C,3,6.5586,4.0,1,36.53,0.1322
2457,W2C,3,8.2705,5.0,1,28.97,0.1082
2458,N2C,2,12.8192,0.0,0,18.69,0.0274
2458,S2C,2,13.8626,0.0,0,17.28,0.0124
2458,E2C,4,8.0597,5.0,1,29.73,0.1173
2458,W2C,4,9.4667,6.0,1,25.31,0.0977
2459,N2C,2,12.6395,0.0,0,18.96,0.03
2459,S2C,2,12.8133,0.0,0,18.7,0.0275
2459,E2C,4,8.106,6.0,1,29.56,0.1173
2459,W2C,4,9.0752,7.0,1,26.4,0.104
2460,N2C,2,12.2607,0.0,0,19.54,0.0355
2460,S2C,2,12.8718,0.0,0,18.61,0.0267
2460,E2C,4,8.0745,7.0,1,29.67,0.1184
2460,W2C,4,9.0443,8.0,1,26.49,0.1051
2461,N2C,2,11.9383,0.0,0,20.07,0.0401
2461,S2C,2,13.1302,0.0,0,18.25,0.0229
2461,E2C,4,7.704,8.0,1,31.1,0.1244
2461,W2C,4,8.4902,9.0,1,28.22,0.1138
2462,N2C,2,12.9216,0.0,0,18.54,0.0259
2462,S2C,2,13.4329,0.0,0,17.84,0.0186
2462,E2C,4,7.9312,9.0,1,30.21,0.1218
2462,W2C,4,7.7623,10.0,1,30.87,0.1249
2463,N2C,2,12.396,0.0,0,19.33,0.0335
2463,S2C,2,13.2979,0.0,0,18.02,0.0205
2463,E2C,4,7.7357,10.0,1,30.97,0.1253
2463,W2C,4,6.9435,11.0,1,34.51,0.1374
2464,N2C,2,12.8214,0.0,0,18.69,0.0274
2464,S2C,2,13.3778,0.0,0,17.91,0.0194
2464,E2C,4,8.005,11.0,1,29.93,0.1221
2464,W2C,4,6.5005,13.0,2,36.86,0.1511
2465,N2C,2,12.9584,0.0,0,18.49,0.0254
2465,S2C,2,13.2334,0.0,0,18.11,0.0215
2465,E2C,4,8.0667,12.0,1,29.7,0.1218
2465,W2C,4,6.5624,15.0,2,36.51,0.1515
2466,N2C,2,13.2008,0.0,0,18.15,0.0219
2466,S2C,2,13.1271,0.0,0,18.25,0.023
2466,E2C,4,8.2089,13.0,1,29.19,0.1205
2466,W2C,4,5.888,17.0,2,40.69,0.1626
2467,N2C,2,11.9814,0.0,0,20.0,0.0395
2467,S2C,2,11.9053,0.0,0,20.13,0.0406
2467,E2C,5,8.2502,14.0,1,29.04,0.1265
2467,W2C,5,6.4191,19.0,2,37.33,0.1622
2468,N2C,2,11.6717,0.0,0,20.53,0.0439
2468,S2C,2,11.7123,0.0,0,20.46,0.0434
2468,E2C,5,6.6682,15.0,1,35.93,0.15
2468,W2C,5,5.8141,21.0,2,41.21,0.1723
2469,N2C,2,11.7285,0.0,0,20.43,0.0431
2469,S2C,2,11.512,0.0,0,20.81,0.0462
2469,E2C,5,5.9458,16.0,1,40.3,0.1611
2469,W2C,5,5.1079,23.0,2,46.91,0.1838
2470,N2C,2,11.4947,0.0,0,20.84,0.0465
2470,S2C,2,11.0322,0.0,0,21.72,0.0531
2470,E2C,5,5.1388,18.0,2,46.63,0.18
2470,W2C,5,5.1058,25.0,2,46.93,0.1851
2471,N2C,2,11.8164,0.0,0,20.28,0.0419
2471,S2C,2,11.2672,0.0,0,21.27,0.0498
2471,E2C,5,5.1179,20.0,2,46.82,0.1816
2471,W2C,5,4.9973,28.0,3,47.95,0.1947
2472,N2C,2,12.0495,0.0,0,19.88,0.0385
2472,S2C,2,11.5259,0.0,0,20.79,0.046
2472,E2C,5,5.0725,23.0,3,47.23,0.1903
2472,W2C,5,5.0504,31.0,3,47.44,0.1959
2473,N2C,2,12.1017,0.0,0,19.8,0.0377
2473,S2C,2,12.2653,0.0,0,19.53,0.0354
2473,E2C,5,4.8214,26.0,3,49.7,0.1959
2473,W2C,5,5.1108,34.0,3,46.88,0.1971
2474,N2C,2,11.9624,0.0,0,20.03,0.0398
2474,S2C,2,12.3513,0.0,0,19.4,0.0342
2474,E2C,5,4.8128,29.0,3,49.78,0.198
2474,W2C,5,5.0408,37.0,3,47.53,0.2001
2475,N2C,2,12.2139,0.0,0,19.62,0.0361
2475,S2C,2,11.9517,0.0,0,20.05,0.0399
2475,E2C,5,4.8108,32.0,3,49.8,0.2001
2475,W2C,5,4.1444,40.0,3,57.81,0.215
2476,N2C,3,12.5287,0.0,0,19.12,0.0376
2476,S2C,3,10.4846,0.0,0,22.85,0.067
2476,E2C,4,9.5456,5.0,1,25.1,0.0959
2476,W2C,4,7.5014,6.0,1,31.94,0.126
2477,N2C,3,12.0713,0.0,0,19.85,0.0442
2477,S2C,3,9.0572,0.0,0,26.45,0.0876
2477,E2C,4,9.6524,0.0,0,24.82,0.085
2477,W2C,4,7.1782,0.0,0,33.38,0.1206
2478,N2C,3,11.2345,0.0,0,21.33,0.0562
2478,S2C,3,7.785,0.0,0,30.78,0.1059
2478,E2C,4,9.4071,0.0,0,25.47,0.0885
2478,W2C,4,7.7189,0.0,0,31.04,0.1129
2479,N2C,3,11.0232,0.0,0,21.74,0.0593
2479,S2C,3,7.6342,1.0,1,31.39,0.1147
2479,E2C,3,11.3442,0.0,0,21.12,0.0547
2479,W2C,2,11.175,0.0,0,21.44,0.0511
2480,N2C,3,9.9709,0.0,0,24.03,0.0744
2480,S2C,3,7.9044,2.0,1,30.31,0.1115
2480,E2C,2,12.9359,0.0,0,18.52,0.0257
2480,W2C,2,11.9688,0.0,0,20.02,0.0397
2481,N2C,3,9.7435,0.0,0,24.59,0.0777
2481,S2C,3,7.7878,3.0,1,30.77,0.1139
2481,E2C,2,12.7081,0.0,0,18.85,0.029
2481,W2C,2,11.5748,0.0,0,20.7,0.0453
2482,N2C,3,9.5532,1.0,1,25.08,0.0871
2482,S2C,3,7.3991,4.0,1,32.38,0.1201
2482,E2C,2,12.9267,0.0,0,18.54,0.0259
2482,W2C,2,12.4157,0.0,0,19.3,0.0332
2483,N2C,3,9.5684,2.0,1,25.04,0.0876
2483,S2C,3,7.8863,5.0,1,30.38,0.1138
2483,E2C,2,12.5649,0.0,0,19.07,0.0311
2483,W2C,2,12.3088,0.0,0,19.47,0.0348
2484,N2C,3,9.6614,3.0,1,24.8,0.0869
2484,S2C,3,7.8241,6.0,1,30.62,0.1153
2484,E2C,2,12.9394,0.0,0,18.52,0.0257
2484,W2C,2,12.299,0.0,0,19.48,0.0349
2485,N2C,4,9.6004,4.0,1,24.96,0.0944
2485,S2C,4,8.7145,7.0,1,27.49,0.1092
2485,E2C,2,13.3426,0.0,0,17.96,0.0199
2485,W2C,3,12.7629,0.0,0,18.77,0.0342
2486,N2C,4,9.1428,5.0,1,26.21,0.1017
2486,S2C,4,8.3672,8.0,1,28.64,0.1149
2486,E2C,2,12.6093,0.0,0,19.0,0.0304
2486,W2C,3,12.1903,0.0,0,19.66,0.0425
2487,N2C,4,8.0298,6.0,1,29.84,0.1184
2487,S2C,4,8.544,9.0,1,28.04,0.113
2487,E2C,2,12.6772,0.0,0,18.9,0.0295
2487,W2C,2,12.0024,0.0,0,19.96,0.0392
2488,N2C,4,7.0722,7.0,1,33.88,0.1328
2488,S2C,4,8.3545,10.0,1,28.68,0.1164
2488,E2C,2,12.5821,0.0,0,19.04,0.0308
2488,W2C,2,12.0551,0.0,0,19.88,0.0384
2489,N2C,4,6.4783,8.0,1,36.98,0.1421
2489,S2C,4,8.2916,11.0,1,28.9,0.1179
2489,E2C,2,12.4278,0.0,0,19.28,0.0331
2489,W2C,2,12.2605,0.0,0,19.54,0.0355
2490,N2C,4,6.5066,9.0,1,36.82,0.1423
2490,S2C,4,8.6809,12.0,1,27.6,0.113
2490,E2C,2,12.5688,0.0,0,19.06,0.031
2490,W2C,2,11.9688,0.0,0,20.02,0.0397
2491,N2C,4,6.5928,10.0,1,36.34,0.1417
2491,S2C,4,7.5231,13.0,1,31.85,0.1303
2491,E2C,2,13.0543,0.0,0,18.35,0.024
2491,W2C,2,12.1288,0.0,0,19.75,0.0374
2492,N2C,4,6.6247,12.0,2,36.17,0.1486
2492,S2C,4,6.1922,14.0,1,38.69,0.1502
2492,E2C,2,12.3374,0.0,0,19.42,0.0344
2492,W2C,2,12.7932,0.0,0,18.73,0.0278
2493,N2C,4,5.7493,14.0,2,41.67,0.1626
2493,S2C,4,5.0667,15.0,1,47.29,0.167
2493,E2C,2,12.5583,0.0,0,19.08,0.0312
2493,W2C,2,12.0389,0.0,0,19.9,0.0387
2494,N2C,5,6.3138,16.0,2,37.95,0.1618
2494,S2C,5,5.9701,17.0,2,40.13,0.1674
2494,E2C,3,13.3904,0.0,0,17.89,0.0252
2494,W2C,3,12.5986,0.0,0,19.02,0.0366
2495,N2C,5,5.4884,18.0,2,43.66,0.175
2495,S2C,5,4.9399,19.0,2,48.5,0.1835
2495,E2C,2,13.0541,0.0,0,18.35,0.024
2495,W2C,3,12.7039,0.0,0,18.86,0.0351
2496,N2C,5,5.1274,20.0,2,46.73,0.1815
2496,S2C,5,4.6678,21.0,2,51.33,0.1888
2496,E2C,2,13.3609,0.0,0,17.93,0.0196
2496,W2C,3,12.4599,0.0,0,19.23,0.0386
2497,N2C,5,5.0425,23.0,3,47.52,0.1907
2497,S2C,5,4.8016,24.0,3,49.9,0.1949
2497,E2C,2,12.7615,0.0,0,18.78,0.0282
2497,W2C,2,13.1156,0.0,0,18.27,0.0232
2498,N2C,5,5.1156,26.0,3,46.84,0.1917
2498,S2C,5,4.6003,27.0,3,52.08,0.1998
2498,E2C,2,12.7759,0.0,0,18.75,0.028
2498,W2C,2,12.9274,0.0,0,18.53,0.0259
2499,N2C,5,4.9783,29.0,3,48.13,0.1957
2499,S2C,5,4.781,30.0,3,50.12,0.1992
2499,E2C,2,13.4269,0.0,0,17.84,0.0187
2499,W2C,2,13.367,0.0,0,17.92,0.0195
2500,N2C,5,5.1481,32.0,3,46.54,0.1952
2500,S2C,5,4.6723,33.0,3,51.28,0.2027
2500,E2C,2,13.2187,0.0,0,18.13,0.0217
2500,W2C,2,12.459,0.0,0,19.23,0.0326
2501,N2C,5,5.0066,35.0,3,47.86,0.1992
2501,S2C,5,4.8366,36.0,3,49.54,0.2024
2501,E2C,2,13.7064,0.0,0,17.48,0.0146
2501,W2C,2,13.1849,0.0,0,18.17,0.0222
2502,N2C,5,4.4512,38.0,3,53.83,0.2092
2502,S2C,5,4.725,39.0,3,50.71,0.206
2502,E2C,2,13.6781,0.0,0,17.52,0.0151
2502,W2C,2,12.63,0.0,0,18.97,0.0301
2503,N2C,6,5.3476,41.0,3,44.81,0.2043
2503,S2C,6,6.4342,42.0,3,37.24,0.1894
2503,E2C,3,13.3334,0.0,0,17.97,0.026
2503,W2C,2,13.4243,0.0,0,17.85,0.0187
2504,N2C,6,4.5291,44.0,3,52.9,0.2181
2504,S2C,6,6.1483,45.0,3,38.97,0.1955
2504,E2C,2,13.3603,0.0,0,17.93,0.0196
2504,W2C,2,12.4488,0.0,0,19.25,0.0328
2505,N2C,6,4.4448,47.0,3,53.91,0.2213
2505,S2C,6,6.1031,48.0,3,39.26,0.1981
2505,E2C,2,12.6869,0.0,0,18.89,0.0293
2505,W2C,2,13.1846,0.0,0,18.17,0.0222
2506,N2C,6,4.3254,50.0,3,55.39,0.2251
2506,S2C,6,5.6445,51.0,3,42.45,0.2067
2506,E2C,2,13.0639,0.0,0,18.34,0.0239
2506,W2C,2,12.9929,0.0,0,18.44,0.0249
2507,N2C,6,4.214,54.0,4,56.86,0.2353
2507,S2C,6,5.063,54.0,3,47.32,0.2171
2507,E2C,2,12.6619,0.0,0,18.92,0.0297
2507,W2C,2,12.6831,0.0,0,18.89,0.0294
2508,N2C,6,4.2731,58.0,4,56.07,0.2371
2508,S2C,6,4.7325,57.0,3,50.63,0.2239
2508,E2C,2,13.4523,0.0,0,17.81,0.0183
2508,W2C,2,13.0411,0.0,0,18.37,0.0242
2509,N2C,4,6.4765,16.0,2,37.0,0.1534
2509,S2C,4,6.5303,13.0,1,36.69,0.1446
2509,E2C,2,12.9523,0.0,0,18.5,0.0255
2509,W2C,2,13.2693,0.0,0,18.06,0.0209
2510,N2C,4,7.1609,0.0,0,33.46,0.1209
2510,S2C,4,6.6839,0.0,0,35.85,0.1278
2510,E2C,2,12.9448,0.0,0,18.51,0.0256
2510,W2C,2,12.9754,0.0,0,18.47,0.0252
2511,N2C,4,8.2619,0.0,0,29.0,0.105
2511,S2C,4,6.397,0.0,0,37.46,0.1319
2511,E2C,2,11.5688,0.0,0,20.71,0.0454
2511,W2C,2,12.9449,0.0,0,18.51,0.0256
2512,N2C,3,11.6871,0.0,0,20.5,0.0497
2512,S2C,3,10.5985,0.0,0,22.61,0.0654
2512,E2C,3,11.1932,0.0,0,21.41,0.0568
2512,W2C,3,11.9767,0.0,0,20.01,0.0455
2513,N2C,3,10.9886,0.0,0,21.8,0.0598
2513,S2C,3,10.2705,0.0,0,23.33,0.0701
2513,E2C,3,9.4019,0.0,0,25.48,0.0826
2513,W2C,3,10.4077,0.0,0,23.02,0.0681
2514,N2C,2,12.4319,0.0,0,19.27,0.033
2514,S2C,3,11.2137,0.0,0,21.37,0.0565
2514,E2C,3,8.1709,0.0,0,29.32,0.1003
2514,W2C,3,8.9401,0.0,0,26.8,0.0893
2515,N2C,2,12.5111,0.0,0,19.15,0.0319
2515,S2C,2,12.4397,0.0,0,19.26,0.0329
2515,E2C,3,8.1193,1.0,1,29.51,0.1078
2515,W2C,3,8.5479,0.0,0,28.03,0.0949
2516,N2C,2,12.6424,0.0,0,18.95,0.03
2516,S2C,2,13.2493,0.0,0,18.08,0.0212
2516,E2C,3,8.2701,2.0,1,28.97,0.1063
2516,W2C,3,8.3244,1.0,1,28.78,0.1048
2517,N2C,2,12.461,0.0,0,19.23,0.0326
2517,S2C,2,12.8001,0.0,0,18.72,0.0277
2517,E2C,3,8.0277,3.0,1,29.85,0.1104
2517,W2C,3,8.3474,2.0,1,28.7,0.1051
2518,N2C,2,12.2583,0.0,0,19.55,0.0355
2518,S2C,2,12.3336,0.0,0,19.43,0.0344
2518,E2C,3,8.2528,4.0,1,29.03,0.1078
2518,W2C,3,8.6345,3.0,1,27.75,0.1017
2519,N2C,2,12.4957,0.0,0,19.17,0.0321
2519,S2C,2,13.0784,0.0,0,18.32,0.0237
2519,E2C,3,8.1919,5.0,1,29.25,0.1094
2519,W2C,3,8.579,4.0,1,27.93,0.1031
2520,N2C,2,13.0643,0.0,0,18.34,0.0239
2520,S2C,2,13.0754,0.0,0,18.32,0.0237
2520,E2C,3,8.4799,6.0,1,28.26,0.1059
2520,W2C,3,8.1142,5.0,1,29.53,0.1105
2521,N2C,2,12.5777,0.0,0,19.05,0.0309
2521,S2C,2,12.3494,0.0,0,19.4,0.0342
2521,E2C,4,8.7696,7.0,1,27.32,0.1084
2521,W2C,4,8.6222,6.0,1,27.79,0.1099
2522,N2C,2,12.2689,0.0,0,19.53,0.0353
2522,S2C,2,12.1307,0.0,0,19.75,0.0373
2522,E2C,4,7.2241,8.0,1,33.17,0.1313
2522,W2C,4,7.4104,7.0,1,32.33,0.128
2523,N2C,2,12.6673,0.0,0,18.91,0.0296
2523,S2C,2,12.205,0.0,0,19.63,0.0363
2523,E2C,4,6.7164,9.0,1,35.67,0.1393
2523,W2C,4,6.2711,9.0,2,38.21,0.1517
2524,N2C,2,12.6636,0.0,0,18.92,0.0297
2524,S2C,2,12.112,0.0,0,19.78,0.0376
2524,E2C,4,6.3808,11.0,2,37.55,0.1515
2524,W2C,4,6.5195,11.0,2,36.75,0.1495
2525,N2C,2,12.4751,0.0,0,19.21,0.0324
2525,S2C,2,12.8954,0.0,0,18.58,0.0263
2525,E2C,4,6.2194,13.0,2,38.52,0.1551
2525,W2C,4,6.3986,13.0,2,37.45,0.1525
2526,N2C,2,12.2858,0.0,0,19.5,0.0351
2526,S2C,2,12.9391,0.0,0,18.52,0.0257
2526,E2C,4,6.1295,15.0,2,39.09,0.1577
2526,W2C,4,6.5775,15.0,2,36.43,0.1513
2527,N2C,2,12.8351,0.0,0,18.67,0.0272
2527,S2C,2,12.9633,0.0,0,18.48,0.0253
2527,E2C,4,6.3687,17.0,2,37.62,0.1556
2527,W2C,4,6.276,17.0,2,38.18,0.157
2528,N2C,2,12.5378,0.0,0,19.11,0.0315
2528,S2C,2,12.7949,0.0,0,18.73,0.0278
2528,E2C,4,6.4798,19.0,2,36.98,0.1554
2528,W2C,4,6.3219,19.0,2,37.9,0.1576
2529,N2C,2,12.7952,0.0,0,18.73,0.0278
2529,S2C,2,12.5731,0.0,0,19.06,0.031
2529,E2C,4,6.4583,21.0,2,37.1,0.157
2529,W2C,4,6.601,21.0,2,36.3,0.155
2530,N2C,3,12.7915,0.0,0,18.73,0.0338
2530,S2C,3,12.05,0.0,0,19.88,0.0445
2530,E2C,5,7.9294,23.0,2,30.22,0.1432
2530,W2C,5,7.3391,23.0,2,32.65,0.1517
2531,N2C,3,12.5263,0.0,0,19.13,0.0376
2531,S2C,2,11.1424,0.0,0,21.5,0.0516
2531,E2C,5,6.8317,25.0,2,35.07,0.1603
2531,W2C,5,6.6211,25.0,2,36.19,0.1633
2532,N2C,2,13.0982,0.0,0,18.29,0.0234
2532,S2C,2,10.9524,0.0,0,21.88,0.0543
2532,E2C,5,6.2574,27.0,2,38.29,0.1699
2532,W2C,5,5.6918,27.0,2,42.1,0.178
2533,N2C,2,13.0371,0.0,0,18.38,0.0243
2533,S2C,2,11.4424,0.0,0,20.94,0.0472
2533,E2C,5,5.2658,30.0,3,45.5,0.1922
2533,W2C,5,5.3687,30.0,3,44.63,0.1907
2534,N2C,2,12.3855,0.0,0,19.35,0.0337
2534,S2C,2,11.1604,0.0,0,21.47,0.0513
2534,E2C,5,5.2736,33.0,3,45.43,0.1941
2534,W2C,5,5.5292,33.0,3,43.33,0.1904
2535,N2C,2,12.8856,0.0,0,18.59,0.0265
2535,S2C,2,11.2794,0.0,0,21.24,0.0496
2535,E2C,5,5.5401,36.0,3,43.25,0.1922
2535,W2C,5,5.3911,36.0,3,44.44,0.1944
2536,N2C,2,13.3021,0.0,0,18.01,0.0205
2536,S2C,2,11.0001,0.0,0,21.78,0.0536
2536,E2C,5,5.3132,39.0,3,45.1,0.1975
2536,W2C,5,5.1784,39.0,3,46.27,0.1994
2537,N2C,2,13.2023,0.0,0,18.15,0.0219
2537,S2C,2,11.343,0.0,0,21.12,0.0487
2537,E2C,5,5.1603,42.0,3,46.43,0.2017
2537,W2C,5,5.311,42.0,3,45.11,0.1995
2538,N2C,2,12.9489,0.0,0,18.5,0.0256
2538,S2C,2,11.1726,0.0,0,21.45,0.0511
2538,E2C,5,4.2716,45.0,3,56.09,0.2165
2538,W2C,5,4.3931,45.0,3,54.54,0.2147
2539,N2C,2,12.6526,0.0,0,18.94,0.0298
2539,S2C,3,11.8051,0.0,0,20.3,0.048
2539,E2C,6,5.3157,48.0,3,45.07,0.2095
2539,W2C,6,4.9978,48.0,3,47.94,0.214
2540,N2C,2,12.402,0.0,0,19.32,0.0334
2540,S2C,3,11.6998,0.0,0,20.48,0.0495
2540,E2C,6,4.5959,51.0,3,52.13,0.2218
2540,W2C,6,4.5438,51.0,3,52.73,0.2226
2541,N2C,2,12.0017,0.0,0,19.96,0.0392
2541,S2C,3,9.9158,0.0,0,24.16,0.0752
2541,E2C,6,4.4066,54.0,3,54.37,0.2266
2541,W2C,6,4.2979,55.0,4,55.75,0.2348
2542,N2C,2,11.9387,0.0,0,20.07,0.0401
2542,S2C,3,8.597,0.0,0,27.87,0.0942
2542,E2C,4,6.6353,11.0,2,36.11,0.1478
2542,W2C,4,6.5294,12.0,2,36.7,0.15
2543,N2C,2,12.3419,0.0,0,19.41,0.0343
2543,S2C,3,7.7957,0.0,0,30.73,0.1058
2543,E2C,4,7.1852,0.0,0,33.35,0.1205
2543,W2C,4,7.326,0.0,0,32.71,0.1185
2544,N2C,2,12.3768,0.0,0,19.36,0.0338
2544,S2C,3,7.2614,0.0,0,33.0,0.1134
2544,E2C,4,7.922,0.0,0,30.24,0.1099
2544,W2C,4,8.2136,0.0,0,29.17,0.1057
2545,N2C,2,12.3709,0.0,0,19.37,0.0339
2545,S2C,3,7.6938,0.0,0,31.14,0.1072
2545,E2C,2,13.5854,0.0,0,17.64,0.0164
2545,W2C,3,9.9964,0.0,0,23.97,0.0741
2546,N2C,2,12.2844,0.0,0,19.5,0.0351
2546,S2C,3,7.1547,1.0,1,33.49,0.1216
2546,E2C,2,13.6309,0.0,0,17.58,0.0157
2546,W2C,2,12.9335,0.0,0,18.53,0.0258
2547,N2C,2,12.1256,0.0,0,19.76,0.0374
2547,S2C,3,7.4093,2.0,1,32.34,0.1186
2547,E2C,2,12.8582,0.0,0,18.63,0.0269
2547,W2C,2,11.816,0.0,0,20.28,0.0419
2548,N2C,3,12.6346,0.0,0,18.96,0.0361
2548,S2C,4,9.2637,3.0,1,25.86,0.0986
2548,E2C,2,13.7502,0.0,0,17.43,0.014
2548,W2C,2,12.7813,0.0,0,18.75,0.028
2549,N2C,3,11.2969,0.0,0,21.21,0.0553
2549,S2C,4,8.8561,4.0,1,27.05,0.1051
2549,E2C,2,12.6916,0.0,0,18.88,0.0293
2549,W2C,2,12.3737,0.0,0,19.36,0.0338
2550,N2C,3,9.7041,0.0,0,24.69,0.0783
2550,S2C,4,8.6297,5.0,1,27.76,0.1091
2550,E2C,2,13.0655,0.0,0,18.34,0.0239
2550,W2C,2,12.7561,0.0,0,18.78,0.0283
2551,N2C,3,8.7301,0.0,0,27.45,0.0923
2551,S2C,4,8.5725,6.0,1,27.95,0.1106
2551,E2C,2,13.605,0.0,0,17.61,0.0161
2551,W2C,2,12.4485,0.0,0,19.25,0.0328
2552,N2C,3,8.6969,1.0,1,27.55,0.0994
2552,S2C,4,7.4394,7.0,1,32.21,0.1275
2552,E2C,2,12.7059,0.0,0,18.86,0.029
2552,W2C,2,12.9167,0.0,0,18.55,0.026
2553,N2C,3,8.6043,2.0,1,27.85,0.1014
2553,S2C,4,6.4911,8.0,1,36.91,0.1419
2553,E2C,2,13.5675,0.0,0,17.66,0.0166
2553,W2C,2,13.108,0.0,0,18.28,0.0233
2554,N2C,3,8.7738,3.0,1,27.31,0.0997
2554,S2C,4,6.1334,9.0,1,39.06,0.1477
2554,E2C,2,13.5781,0.0,0,17.65,0.0165
2554,W2C,2,12.8664,0.0,0,18.62,0.0267
2555,N2C,3,8.545,4.0,1,28.04,0.1036
2555,S2C,4,5.9643,11.0,2,40.17,0.1575
2555,E2C,2,13.3597,0.0,0,17.93,0.0196
2555,W2C,2,12.855,0.0,0,18.64,0.0269
2556,N2C,3,8.3407,5.0,1,28.73,0.1072
2556,S2C,4,6.0691,13.0,2,39.48,0.1573
2556,E2C,2,13.523,0.0,0,17.72,0.0173
2556,W2C,2,13.1007,0.0,0,18.29,0.0234
2557,N2C,4,9.3258,6.0,1,25.69,0.0997
2557,S2C,5,7.5136,15.0,2,31.89,0.1438
2557,E2C,2,13.3024,0.0,0,18.01,0.0205
2557,W2C,3,12.8585,0.0,0,18.63,0.0329
2558,N2C,4,7.7824,7.0,1,30.79,0.1226
2558,S2C,5,7.6736,17.0,2,31.22,0.1428
2558,E2C,2,12.9933,0.0,0,18.44,0.0249
2558,W2C,2,12.2791,0.0,0,19.51,0.0352
2559,N2C,4,7.0611,8.0,1,33.93,0.1337
2559,S2C,5,7.0343,19.0,2,34.06,0.1534
2559,E2C,2,13.6223,0.0,0,17.59,0.0159
2559,W2C,2,12.4639,0.0,0,19.22,0.0325
2560,N2C,4,6.2359,9.0,1,38.42,0.1462
2560,S2C,5,6.0316,21.0,2,39.72,0.1692
2560,E2C,2,13.0727,0.0,0,18.33,0.0238
2560,W2C,2,12.5399,0.0,0,19.11,0.0314
2561,N2C,4,6.2522,11.0,2,38.32,0.1533
2561,S2C,5,5.6264,23.0,2,42.59,0.1763
2561,E2C,2,13.4157,0.0,0,17.86,0.0188
2561,W2C,2,12.5656,0.0,0,19.07,0.0311
2562,N2C,4,6.3145,13.0,2,37.94,0.1537
2562,S2C,5,5.3551,26.0,3,44.74,0.1882
2562,E2C,2,13.0999,0.0,0,18.29,0.0234
2562,W2C,2,12.3621,0.0,0,19.38,0.034
2563,N2C,4,5.9586,15.0,2,40.21,0.1602
2563,S2C,5,5.334,29.0,3,44.92,0.1905
2563,E2C,2,13.3162,0.0,0,17.99,0.0203
2563,W2C,2,12.5837,0.0,0,19.04,0.0308
2564,N2C,4,5.9848,17.0,2,40.03,0.1612
2564,S2C,5,5.2781,32.0,3,45.39,0.1933
2564,E2C,2,13.0625,0.0,0,18.34,0.0239
2564,W2C,2,12.2773,0.0,0,19.52,0.0352
2565,N2C,4,4.8895,19.0,2,49.0,0.1783
2565,S2C,5,4.4416,35.0,3,53.94,0.2074
2565,E2C,2,13.0563,0.0,0,18.35,0.024
2565,W2C,2,12.1928,0.0,0,19.65,0.0364
2566,N2C,5,5.6431,21.0,2,42.46,0.1747
2566,S2C,6,5.3017,38.0,3,45.19,0.203
2566,E2C,2,13.138,0.0,0,18.24,0.0228
2566,W2C,3,12.6201,0.0,0,18.99,0.0363
2567,N2C,5,4.8983,23.0,2,48.92,0.1868
2567,S2C,6,4.4721,41.0,3,53.58,0.2169
2567,E2C,2,12.681,0.0,0,18.89,0.0294
2567,W2C,3,12.4665,0.0,0,19.22,0.0385
2568,N2C,5,4.889,25.0,2,49.01,0.1883
2568,S2C,6,4.4238,44.0,3,54.16,0.2196
2568,E2C,2,12.0615,0.0,0,19.86,0.0383
2568,W2C,2,12.0078,0.0,0,19.95,0.0391
2569,N2C,5,4.6049,27.0,2,52.03,0.1937
2569,S2C,6,4.4514,48.0,4,53.83,0.2279
2569,E2C,2,12.7267,0.0,0,18.83,0.0288
2569,W2C,2,12.5841,0.0,0,19.04,0.0308
2570,N2C,5,4.6573,30.0,3,51.45,0.2009
2570,S2C,6,4.3946,52.0,4,54.52,0.2314
2570,E2C,2,12.6998,0.0,0,18.87,0.0291
2570,W2C,2,12.8257,0.0,0,18.68,0.0273
2571,N2C,5,4.8974,33.0,3,48.92,0.1995
2571,S2C,6,4.5626,56.0,4,52.51,0.2316
2571,E2C,2,12.6161,0.0,0,18.99,0.0303
2571,W2C,2,12.8603,0.0,0,18.63,0.0268
2572,N2C,5,4.5766,36.0,3,52.35,0.2061
2572,S2C,6,4.5234,60.0,4,52.97,0.2349
2572,E2C,2,13.1121,0.0,0,18.27,0.0232
2572,W2C,2,12.8408,0.0,0,18.66,0.0271
2573,N2C,5,4.6423,39.0,3,51.61,0.2072
2573,S2C,6,3.8676,64.0,4,61.95,0.247
2573,E2C,2,12.7884,0.0,0,18.74,0.0279
2573,W2C,2,12.7152,0.0,0,18.84,0.0289
2574,N2C,5,4.6255,42.0,3,51.8,0.2094
2574,S2C,6,3.1227,68.0,4,76.73,0.2604
2574,E2C,2,12.6756,0.0,0,18.9,0.0295
2574,W2C,2,13.0246,0.0,0,18.4,0.0245
2575,N2C,4,8.9501,6.0,1,26.77,0.1051
2575,S2C,5,6.0129,21.0,2,39.85,0.1694
2575,E2C,3,11.2122,0.0,0,21.37,0.0566
2575,W2C,3,11.8622,0.0,0,20.2,0.0472
2576,N2C,4,8.6905,0.0,0,27.57,0.0989
2576,S2C,5,5.9096,0.0,0,40.54,0.1449
2576,E2C,3,9.6024,0.0,0,24.95,0.0797
2576,W2C,3,10.4218,0.0,0,22.99,0.0679
2577,N2C,4,9.5108,0.0,0,25.19,0.0871
2577,S2C,5,6.7457,0.0,0,35.52,0.1329
2577,E2C,3,8.7658,0.0,0,27.33,0.0918
2577,W2C,3,9.2847,0.0,0,25.81,0.0843
2578,N2C,4,9.4324,0.0,0,25.4,0.0882
2578,S2C,3,9.8096,0.0,0,24.43,0.0768
2578,E2C,3,8.6709,0.0,0,27.63,0.0931
2578,W2C,3,8.4388,0.0,0,28.39,0.0965
2579,N2C,2,12.0814,0.0,0,19.83,0.038
2579,S2C,3,10.144,0.0,0,23.62,0.0719
2579,E2C,3,8.6536,1.0,1,27.69,0.1001
2579,W2C,3,8.2832,1.0,1,28.93,0.1054
2580,N2C,2,11.7716,0.0,0,20.35,0.0425
2580,S2C,3,11.0404,0.0,0,21.7,0.059
2580,E2C,3,8.5932,2.0,1,27.88,0.1016
2580,W2C,3,8.4911,2.0,1,28.22,0.1031
2581,N2C,2,11.692,0.0,0,20.49,0.0436
2581,S2C,2,13.439,0.0,0,17.83,0.0185
2581,E2C,3,8.2487,3.0,1,29.05,0.1072
2581,W2C,3,8.058,3.0,1,29.73,0.11
2582,N2C,2,11.8252,0.0,0,20.26,0.0417
2582,S2C,2,13.108,0.0,0,18.28,0.0233
2582,E2C,3,8.3033,4.0,1,28.86,0.1071
2582,W2C,3,8.0614,4.0,1,29.72,0.1106
2583,N2C,2,11.7738,0.0,0,20.35,0.0425
2583,S2C,2,13.2824,0.0,0,18.04,0.0207
2583,E2C,3,8.5864,5.0,1,27.9,0.1037
2583,W2C,3,8.4475,5.0,1,28.36,0.1057
2584,N2C,3,12.325,0.0,0,19.44,0.0405
2584,S2C,2,13.3383,0.0,0,17.96,0.0199
2584,E2C,4,9.6291,6.0,1,24.88,0.0954
2584,W2C,4,9.2363,6.0,1,25.94,0.101
2585,N2C,3,12.7942,0.0,0,18.73,0.0338
2585,S2C,2,13.2498,0.0,0,18.08,0.0212
2585,E2C,4,8.8503,7.0,1,27.07,0.1072
2585,W2C,4,8.501,7.0,1,28.18,0.1123
2586,N2C,2,12.8615,0.0,0,18.63,0.0268
2586,S2C,2,13.1165,0.0,0,18.27,0.0231
2586,E2C,4,7.6624,8.0,1,31.27,0.125
2586,W2C,4,7.6342,8.0,1,31.39,0.1254
2587,N2C,2,12.5362,0.0,0,19.11,0.0315
2587,S2C,2,12.4657,0.0,0,19.22,0.0325
2587,E2C,4,6.9149,9.0,1,34.65,0.1364
2587,W2C,4,6.9307,9.0,1,34.57,0.1362
2588,N2C,2,12.863,0.0,0,18.63,0.0268
2588,S2C,2,13.0786,0.0,0,18.32,0.0237
2588,E2C,4,6.5209,10.0,1,36.74,0.1428
2588,W2C,4,6.2949,10.0,1,38.06,0.146
2589,N2C,2,12.7239,0.0,0,18.83,0.0288
2589,S2C,2,12.5244,0.0,0,19.13,0.0317
2589,E2C,4,6.6219,11.0,1,36.18,0.142
2589,W2C,4,6.293,12.0,2,38.07,0.1534
2590,N2C,2,12.8102,0.0,0,18.7,0.0275
2590,S2C,2,12.9367,0.0,0,18.52,0.0257
2590,E2C,4,6.5321,13.0,2,36.68,0.1506
2590,W2C,4,6.4609,14.0,2,37.08,0.1523
2591,N2C,2,13.1325,0.0,0,18.24,0.0229
2591,S2C,2,12.7506,0.0,0,18.79,0.0284
2591,E2C,4,6.5751,15.0,2,36.44,0.1513
2591,W2C,4,6.589,16.0,2,36.36,0.1518
2592,N2C,2,12.7758,0.0,0,18.75,0.028
2592,S2C,2,12.693,0.0,0,18.88,0.0292
2592,E2C,4,5.1955,17.0,2,46.12,0.1725
2592,W2C,4,6.3117,18.0,2,37.96,0.1571
2593,N2C,3,12.1124,0.0,0,19.78,0.0436
2593,S2C,3,12.9647,0.0,0,18.48,0.0313
2593,E2C,5,6.1879,19.0,2,38.72,0.1656
2593,W2C,5,7.1748,20.0,2,33.39,0.152
2594,N2C,3,12.1109,0.0,0,19.78,0.0436
2594,S2C,2,12.5367,0.0,0,19.11,0.0315
2594,E2C,5,5.4016,21.0,2,44.36,0.1782
2594,W2C,5,6.1664,22.0,2,38.86,0.1679
2595,N2C,3,12.1386,0.0,0,19.74,0.0432
2595,S2C,2,12.5007,0.0,0,19.17,0.032
2595,E2C,5,5.0669,23.0,2,47.29,0.1844
2595,W2C,5,5.5496,24.0,2,43.17,0.1781
2596,N2C,2,11.9101,0.0,0,20.12,0.0405
2596,S2C,2,13.1819,0.0,0,18.18,0.0222
2596,E2C,5,5.2829,25.0,2,45.35,0.1826
2596,W2C,5,5.5818,26.0,2,42.93,0.179
2597,N2C,2,12.1631,0.0,0,19.7,0.0369
2597,S2C,2,13.5663,0.0,0,17.66,0.0167
2597,E2C,5,5.4005,28.0,3,44.37,0.1889
2597,W2C,5,5.3314,29.0,3,44.94,0.1906
2598,N2C,2,12.1859,0.0,0,19.66,0.0365
2598,S2C,2,13.1114,0.0,0,18.27,0.0232
2598,E2C,5,4.9926,31.0,3,47.99,0.1968
2598,W2C,5,5.335,32.0,3,44.91,0.1925
2599,N2C,2,11.955,0.0,0,20.04,0.0399
2599,S2C,2,13.0644,0.0,0,18.34,0.0239
2599,E2C,5,5.2467,34.0,3,45.67,0.1951
2599,W2C,5,5.2964,35.0,3,45.24,0.1951
2600,N2C,2,12.4216,0.0,0,19.29,0.0331
2600,S2C,2,13.4913,0.0,0,17.76,0.0177
2600,E2C,5,5.1823,37.0,3,46.23,0.198
2600,W2C,5,5.1449,38.0,3,46.57,0.1993
2601,N2C,2,12.0787,0.0,0,19.84,0.0381
2601,S2C,2,13.2694,0.0,0,18.06,0.0209
2601,E2C,5,5.0038,40.0,3,47.88,0.2026
2601,W2C,5,4.3317,41.0,3,55.31,0.213
2602,N2C,2,12.3584,0.0,0,19.39,0.0341
2602,S2C,3,13.1123,0.0,0,18.27,0.0292
2602,E2C,6,5.8884,43.0,3,40.69,0.1979
2602,W2C,6,5.1812,44.0,3,46.24,0.2087
2603,N2C,2,12.2002,0.0,0,19.64,0.0363
2603,S2C,2,13.6114,0.0,0,17.6,0.016
2603,E2C,6,5.0801,46.0,3,47.16,0.2115
2603,W2C,6,4.528,47.0,3,52.92,0.2201
2604,N2C,2,12.0163,0.0,0,19.94,0.039
2604,S2C,2,13.023,0.0,0,18.4,0.0245
2604,E2C,6,4.4558,49.0,3,53.77,0.2225
2604,W2C,6,4.3154,51.0,4,55.52,0.2319
2605,N2C,2,11.7631,0.0,0,20.37,0.0426
2605,S2C,2,12.8427,0.0,0,18.66,0.0271
2605,E2C,6,4.4533,53.0,4,53.8,0.2312
2605,W2C,6,4.3457,55.0,4,55.14,0.2341
2606,N2C,2,11.4948,0.0,0,20.84,0.0465
2606,S2C,2,13.0945,0.0,0,18.3,0.0235
2606,E2C,6,4.4097,57.0,4,54.33,0.2345
2606,W2C,6,4.4207,59.0,4,54.2,0.2357
2607,N2C,2,11.9601,0.0,0,20.03,0.0398
2607,S2C,2,13.3433,0.0,0,17.96,0.0199
2607,E2C,6,4.2784,61.0,4,56.0,0.2391
2607,W2C,6,4.4404,63.0,4,53.96,0.2381
2608,N2C,2,12.3344,0.0,0,19.43,0.0344
2608,S2C,2,12.8146,0.0,0,18.7,0.0275
2608,E2C,4,6.5091,16.0,2,36.81,0.1529
2608,W2C,4,6.6383,17.0,2,36.09,0.1517
2609,N2C,2,11.6782,0.0,0,20.52,0.0438
2609,S2C,2,13.0455,0.0,0,18.37,0.0242
2609,E2C,4,6.5827,0.0,0,36.4,0.1292
2609,W2C,4,6.945,0.0,0,34.5,0.124
2610,N2C,2,12.2211,0.0,0,19.61,0.036
2610,S2C,2,11.8814,0.0,0,20.17,0.0409
2610,E2C,4,6.6176,0.0,0,36.21,0.1287
2610,W2C,4,6.8292,0.0,0,35.08,0.1257
2611,N2C,3,12.959,0.0,0,18.49,0.0314
2611,S2C,3,11.4028,0.0,0,21.01,0.0538
2611,E2C,3,10.7789,0.0,0,22.23,0.0628
2611,W2C,3,10.2767,0.0,0,23.31,0.07
2612,N2C,3,12.1994,0.0,0,19.64,0.0423
2612,S2C,3,10.1536,0.0,0,23.6,0.0718
2612,E2C,3,11.0529,0.0,0,21.68,0.0589
2612,W2C,3,10.5433,0.0,0,22.73,0.0662
2613,N2C,3,12.5691,0.0,0,19.06,0.037
2613,S2C,3,8.7413,0.0,0,27.41,0.0921
2613,E2C,2,13.19,0.0,0,18.17,0.0221
2613,W2C,2,12.6259,0.0,0,18.98,0.0302
2614,N2C,3,10.7763,0.0,0,22.23,0.0628
2614,S2C,3,8.9175,0.0,0,26.87,0.0896
2614,E2C,2,13.143,0.0,0,18.23,0.0228
2614,W2C,2,12.7436,0.0,0,18.8,0.0285
2615,N2C,3,9.3502,0.0,0,25.63,0.0834
2615,S2C,3,8.8654,1.0,1,27.03,0.097
2615,E2C,2,12.7042,0.0,0,18.86,0.0291
2615,W2C,2,12.1889,0.0,0,19.66,0.0365
2616,N2C,3,8.437,0.0,0,28.4,0.0965
2616,S2C,3,8.8747,2.0,1,27.0,0.0975
2616,E2C,2,13.0717,0.0,0,18.33,0.0238
2616,W2C,2,12.2117,0.0,0,19.62,0.0362
2617,N2C,3,8.5822,1.0,1,27.92,0.1011
2617,S2C,3,8.844,3.0,1,27.09,0.0987
2617,E2C,2,13.1865,0.0,0,18.17,0.0221
2617,W2C,2,12.7678,0.0,0,18.77,0.0282
2618,N2C,3,8.5588,2.0,1,27.99,0.1021
2618,S2C,3,8.9208,4.0,1,26.86,0.0982
2618,E2C,2,13.0963,0.0,0,18.3,0.0234
2618,W2C,2,12.2944,0.0,0,19.49,0.035
2619,N2C,3,8.6934,3.0,1,27.56,0.1008
2619,S2C,3,8.172,5.0,1,29.32,0.1097
2619,E2C,2,13.6151,0.0,0,17.6,0.016
2619,W2C,2,13.0978,0.0,0,18.29,0.0234
2620,N2C,4,9.1042,4.0,1,26.32,0.1016
2620,S2C,4,8.5655,6.0,1,27.97,0.1107
2620,E2C,3,13.1779,0.0,0,18.18,0.0283
2620,W2C,3,12.6367,0.0,0,18.96,0.036
2621,N2C,4,8.0535,5.0,1,29.75,0.1174
2621,S2C,4,7.2015,7.0,1,33.27,0.131
2621,E2C,2,12.498,0.0,0,19.17,0.032
2621,W2C,2,12.2188,0.0,0,19.61,0.0361
2622,N2C,4,6.9606,6.0,1,34.42,0.1338
2622,S2C,4,7.0175,8.0,1,34.14,0.1343
2622,E2C,2,12.9442,0.0,0,18.51,0.0256
2622,W2C,2,12.5956,0.0,0,19.02,0.0306
2623,N2C,4,6.3006,8.0,2,38.03,0.1506
2623,S2C,4,6.5749,9.0,1,36.44,0.1413
2623,E2C,2,12.9845,0.0,0,18.45,0.025
2623,W2C,2,12.4,0.0,0,19.32,0.0335
2624,N2C,4,6.2208,10.0,2,38.52,0.1531
2624,S2C,4,6.633,11.0,2,36.12,0.1478
2624,E2C,2,12.5513,0.0,0,19.09,0.0313
2624,W2C,2,12.9051,0.0,0,18.57,0.0262
2625,N2C,4,6.2111,12.0,2,38.58,0.1546
2625,S2C,4,6.4241,13.0,2,37.3,0.1522
2625,E2C,2,12.5804,0.0,0,19.05,0.0309
2625,W2C,2,12.9372,0.0,0,18.52,0.0257
2626,N2C,4,6.3204,14.0,2,37.91,0.1543
2626,S2C,4,6.4409,15.0,2,37.2,0.1533
2626,E2C,2,13.119,0.0,0,18.26,0.0231
2626,W2C,2,13.0289,0.0,0,18.39,0.0244
2627,N2C,4,6.1255,16.0,2,39.12,0.1585
2627,S2C,4,6.4475,17.0,2,37.16,0.1545
2627,E2C,2,12.9941,0.0,0,18.44,0.0249
2627,W2C,2,12.7995,0.0,0,18.72,0.0277
2628,N2C,4,4.8984,18.0,2,48.91,0.1775
2628,S2C,4,5.7739,19.0,2,41.5,0.1655
2628,E2C,2,12.8548,0.0,0,18.64,0.0269
2628,W2C,2,12.9139,0.0,0,18.55,0.0261
2629,N2C,5,5.9812,20.0,2,40.06,0.1692
2629,S2C,5,6.1768,21.0,2,38.79,0.1671
2629,E2C,2,13.1917,0.0,0,18.16,0.0221
2629,W2C,3,12.4585,0.0,0,19.23,0.0386
2630,N2C,5,5.2156,22.0,2,45.94,0.1816
2630,S2C,5,5.0144,23.0,2,47.78,0.1851
2630,E2C,2,13.1922,0.0,0,18.16,0.022
2630,W2C,2,11.829,0.0,0,20.26,0.0417
2631,N2C,5,5.0617,24.0,2,47.34,0.1851
2631,S2C,5,4.9059,25.0,2,48.84,0.188
2631,E2C,2,12.8493,0.0,0,18.65,0.027
2631,W2C,2,12.6811,0.0,0,18.89,0.0294
2632,N2C,5,4.907,26.0,2,48.83,0.1887
2632,S2C,5,4.9708,28.0,3,48.2,0.1951
2632,E2C,2,12.6383,0.0,0,18.96,0.03
2632,W2C,2,12.1726,0.0,0,19.68,0.0367
2633,N2C,5,4.8557,29.0,3,49.34,0.1974
2633,S2C,5,5.0396,31.0,3,47.54,0.1961
2633,E2C,2,13.2814,0.0,0,18.04,0.0208
2633,W2C,2,12.6046,0.0,0,19.01,0.0305
2634,N2C,5,4.97,32.0,3,48.21,0.1978
2634,S2C,5,4.8163,34.0,3,49.75,0.2013
2634,E2C,2,12.8215,0.0,0,18.69,0.0274
2634,W2C,2,12.3175,0.0,0,19.45,0.0346
2635,N2C,5,5.0766,35.0,3,47.2,0.1982
2635,S2C,5,4.8407,37.0,3,49.5,0.203
2635,E2C,2,13.0951,0.0,0,18.3,0.0234
2635,W2C,2,12.0526,0.0,0,19.88,0.0385
2636,N2C,5,4.985,38.0,3,48.06,0.2016
2636,S2C,5,4.6996,40.0,3,50.98,0.207
2636,E2C,2,12.8226,0.0,0,18.69,0.0274
2636,W2C,2,12.3355,0.0,0,19.42,0.0344
2637,N2C,5,4.8312,41.0,3,49.59,0.2058
2637,S2C,5,4.092,43.0,3,58.55,0.2177
2637,E2C,2,13.0757,0.0,0,18.32,0.0237
2637,W2C,2,12.1345,0.0,0,19.75,0.0373
2638,N2C,6,6.3047,44.0,3,38.0,0.1926
2638,S2C,6,4.9895,46.0,3,48.02,0.2128
2638,E2C,3,12.9099,0.0,0,18.56,0.0321
2638,W2C,3,13.0112,0.0,0,18.41,0.0307
2639,N2C,6,5.9879,47.0,3,40.01,0.1991
2639,S2C,6,4.276,49.0,3,56.03,0.2251
2639,E2C,3,11.1974,0.0,0,21.4,0.0568
2639,W2C,3,11.7959,0.0,0,20.31,0.0482
2640,N2C,6,5.2691,50.0,3,45.47,0.2115
2640,S2C,6,4.2267,52.0,3,56.69,0.2278
2640,E2C,3,10.2717,0.0,0,23.33,0.0701
2640,W2C,3,10.3329,0.0,0,23.19,0.0692
2641,N2C,4,7.0903,9.0,1,33.79,0.1339
2641,S2C,4,5.9975,11.0,2,39.95,0.157
2641,E2C,3,8.9173,0.0,0,26.87,0.0896
2641,W2C,3,9.2476,0.0,0,25.91,0.0848
2642,N2C,4,7.4769,0.0,0,32.05,0.1163
2642,S2C,4,6.515,0.0,0,36.78,0.1302
2642,E2C,3,8.7982,0.0,0,27.23,0.0913
2642,W2C,3,8.5923,0.0,0,27.89,0.0943
2643,N2C,4,8.5847,0.0,0,27.91,0.1004
2643,S2C,4,7.4082,0.0,0,32.34,0.1173
2643,E2C,3,8.9577,1.0,1,26.75,0.0957
2643,W2C,3,8.8356,1.0,1,27.12,0.0974
2644,N2C,2,12.8115,0.0,0,18.7,0.0275
2644,S2C,2,11.9022,0.0,0,20.13,0.0406
2644,E2C,3,8.6499,2.0,1,27.7,0.1008
2644,W2C,3,8.2045,2.0,1,29.2,0.1072
2645,N2C,2,13.4497,0.0,0,17.81,0.0183
2645,S2C,2,12.296,0.0,0,19.49,0.035
2645,E2C,3,8.8048,3.0,1,27.21,0.0992
2645,W2C,3,8.4788,3.0,1,28.26,0.1039
2646,N2C,2,13.3649,0.0,0,17.93,0.0196
2646,S2C,2,12.1661,0.0,0,19.69,0.0368
2646,E2C,3,8.036,4.0,1,29.82,0.111
2646,W2C,3,8.3053,4.0,1,28.85,0.1071
2647,N2C,2,12.8753,0.0,0,18.61,0.0266
2647,S2C,3,12.063,0.0,0,19.86,0.0443
2647,E2C,4,8.6281,5.0,1,27.77,0.1091
2647,W2C,4,8.9352,5.0,1,26.82,0.1047
2648,N2C,2,12.4643,0.0,0,19.22,0.0325
2648,S2C,3,12.0524,0.0,0,19.88,0.0445
2648,E2C,4,7.055,6.0,1,33.96,0.1324
2648,W2C,4,7.6377,6.0,1,31.37,0.124
2649,N2C,2,12.8254,0.0,0,18.68,0.0273
2649,S2C,3,11.9936,0.0,0,19.98,0.0453
2649,E2C,4,6.8793,7.0,1,34.83,0.1356
2649,W2C,4,6.8217,7.0,1,35.12,0.1364
2650,N2C,2,12.5042,0.0,0,19.16,0.032
2650,S2C,3,11.52,0.0,0,20.8,0.0521
2650,E2C,4,6.6442,9.0,2,36.06,0.1463
2650,W2C,4,6.001,8.0,1,39.93,0.1489
2651,N2C,2,12.3746,0.0,0,19.36,0.0338
2651,S2C,2,12.7395,0.0,0,18.81,0.0286
2651,E2C,4,6.683,11.0,2,35.85,0.1471
2651,W2C,4,6.2262,9.0,1,38.48,0.1464
2652,N2C,2,13.1213,0.0,0,18.26,0.0231
2652,S2C,2,12.8722,0.0,0,18.61,0.0267
2652,E2C,4,6.8529,13.0,2,34.96,0.146
2652,W2C,4,6.2925,11.0,2,38.08,0.1527
2653,N2C,2,12.9104,0.0,0,18.56,0.0261
2653,S2C,2,12.3208,0.0,0,19.45,0.0346
2653,E2C,4,6.5916,15.0,2,36.35,0.1511
2653,W2C,4,5.8627,13.0,2,40.87,0.1603
2654,N2C,2,13.1441,0.0,0,18.23,0.0227
2654,S2C,2,12.8367,0.0,0,18.67,0.0272
2654,E2C,4,6.8606,17.0,2,34.92,0.1485
2654,W2C,4,6.1679,15.0,2,38.85,0.1572
2655,N2C,2,13.2683,0.0,0,18.06,0.021
2655,S2C,2,12.0486,0.0,0,19.89,0.0385
2655,E2C,4,5.6929,19.0,2,42.09,0.1667
2655,W2C,4,5.1912,17.0,2,46.16,0.1726
2656,N2C,2,12.663,0.0,0,18.92,0.0297
2656,S2C,2,13.1686,0.0,0,18.19,0.0224
2656,E2C,5,6.3068,21.0,2,37.99,0.1652
2656,W2C,5,6.0506,19.0,2,39.6,0.1675
2657,N2C,2,12.7049,0.0,0,18.86,0.0291
2657,S2C,2,12.7105,0.0,0,18.85,0.029
2657,E2C,5,5.3708,23.0,2,44.61,0.18
2657,W2C,5,5.0855,21.0,2,47.11,0.1828
2658,N2C,2,12.6235,0.0,0,18.98,0.0302
2658,S2C,2,12.713,0.0,0,18.85,0.0289
2658,E2C,5,5.2361,25.0,2,45.76,0.1833
2658,W2C,5,4.8368,24.0,3,49.54,0.1944
2659,N2C,2,12.7605,0.0,0,18.78,0.0283
2659,S2C,2,12.6559,0.0,0,18.93,0.0298
2659,E2C,5,5.0721,27.0,2,47.24,0.187
2659,W2C,5,4.7718,27.0,3,50.21,0.1973
2660,N2C,2,12.0436,0.0,0,19.89,0.0386
2660,S2C,2,12.4467,0.0,0,19.25,0.0328
2660,E2C,5,5.1696,30.0,3,46.35,0.1936
2660,W2C,5,4.9275,30.0,3,48.62,0.197
2661,N2C,2,12.9064,0.0,0,18.56,0.0262
2661,S2C,2,13.0212,0.0,0,18.4,0.0245
2661,E2C,5,5.0359,33.0,3,47.58,0.1975
2661,W2C,5,4.8641,33.0,3,49.26,0.2
2662,N2C,2,12.5774,0.0,0,19.05,0.0309
2662,S2C,2,12.9205,0.0,0,18.54,0.026
2662,E2C,5,5.1238,36.0,3,46.76,0.1982
2662,W2C,5,4.9862,36.0,3,48.05,0.2002
2663,N2C,2,12.5091,0.0,0,19.15,0.0319
2663,S2C,2,12.7303,0.0,0,18.82,0.0287
2663,E2C,5,5.2299,39.0,3,45.81,0.1987
2663,W2C,5,4.802,39.0,3,49.9,0.2049
2664,N2C,2,12.5369,0.0,0,19.11,0.0315
2664,S2C,2,12.6837,0.0,0,18.89,0.0294
2664,E2C,5,4.4413,42.0,3,53.95,0.2121
2664,W2C,5,4.9338,42.0,3,48.56,0.205
2665,N2C,3,12.5769,0.0,0,19.05,0.0369
2665,S2C,3,12.9247,0.0,0,18.54,0.0319
2665,E2C,6,4.9183,45.0,3,48.72,0.2132
2665,W2C,6,6.2143,45.0,3,38.56,0.1945
2666,N2C,3,12.4919,0.0,0,19.18,0.0381
2666,S2C,3,12.4901,0.0,0,19.18,0.0382
2666,E2C,6,4.289,48.0,3,55.86,0.2242
2666,W2C,6,5.9377,48.0,3,40.35,0.2005
2667,N2C,2,12.877,0.0,0,18.61,0.0266
2667,S2C,2,12.971,0.0,0,18.47,0.0252
2667,E2C,6,3.9872,51.0,3,60.09,0.2306
2667,W2C,6,5.3572,51.0,3,44.72,0.2109
2668,N2C,2,12.3513,0.0,0,19.4,0.0342
2668,S2C,2,13.4533,0.0,0,17.81,0.0183
2668,E2C,6,4.0443,55.0,4,59.24,0.2384
2668,W2C,6,5.2503,54.0,3,45.64,0.2144
2669,N2C,2,13.0192,0.0,0,18.4,0.0245
2669,S2C,2,13.5891,0.0,0,17.63,0.0163
2669,E2C,6,3.9808,59.0,4,60.19,0.242
2669,W2C,6,4.6551,57.0,3,51.47,0.225
2670,N2C,2,12.52,0.0,0,19.14,0.0317
2670,S2C,2,13.2452,0.0,0,18.09,0.0213
2670,E2C,6,4.1085,63.0,4,58.32,0.2428
2670,W2C,6,4.4272,60.0,3,54.12,0.2303
2671,N2C,2,13.1247,0.0,0,18.26,0.023
2671,S2C,2,13.5267,0.0,0,17.71,0.0172
2671,E2C,6,4.2923,67.0,4,55.82,0.2429
2671,W2C,6,4.4325,63.0,3,54.05,0.2322
2672,N2C,2,12.9344,0.0,0,18.52,0.0258
2672,S2C,2,13.3402,0.0,0,17.96,0.0199
2672,E2C,6,4.0793,71.0,4,58.74,0.2486
2672,W2C,6,3.9266,67.0,4,61.02,0.2481
2673,N2C,2,12.1153,0.0,0,19.78,0.0376
2673,S2C,2,12.4773,0.0,0,19.2,0.0323
2673,E2C,6,3.562,75.0,4,67.27,0.2587
2673,W2C,6,3.3756,71.0,4,70.98,0.2587
2674,N2C,3,10.7061,0.0,0,22.38,0.0638
2674,S2C,3,11.1331,0.0,0,21.52,0.0577
2674,E2C,5,5.7421,22.0,2,41.73,0.174
2674,W2C,5,5.8664,20.0,2,40.84,0.1709
2675,N2C,3,9.3792,0.0,0,25.55,0.0829
2675,S2C,3,9.6137,0.0,0,24.92,0.0796
2675,E2C,5,5.2812,0.0,0,45.37,0.154
2675,W2C,5,5.821,0.0,0,41.16,0.1462
2676,N2C,3,8.9275,0.0,0,26.84,0.0895
2676,S2C,3,8.7417,0.0,0,27.41,0.0921
2676,E2C,5,6.2053,0.0,0,38.61,0.1407
2676,W2C,5,6.7673,0.0,0,35.41,0.1326
2677,N2C,3,8.2251,0.0,0,29.13,0.0996
2677,S2C,3,8.702,1.0,1,27.53,0.0994
2677,E2C,3,8.4263,0.0,0,28.43,0.0967
2677,W2C,3,9.4899,0.0,0,25.25,0.0814
2678,N2C,3,8.3442,1.0,1,28.71,0.1045
2678,S2C,3,8.6776,2.0,1,27.61,0.1004
2678,E2C,3,8.8076,0.0,0,27.2,0.0912
2678,W2C,3,10.357,0.0,0,23.13,0.0689
2679,N2C,3,8.7653,2.0,1,27.33,0.0991
2679,S2C,3,8.6628,3.0,1,27.66,0.1013
2679,E2C,3,9.9246,0.0,0,24.14,0.0751
2679,W2C,2,13.2912,0.0,0,18.03,0.0206
2680,N2C,3,8.8213,3.0,1,27.16,0.099
2680,S2C,3,8.5387,4.0,1,28.06,0.1037
2680,E2C,2,12.6667,0.0,0,18.92,0.0296
2680,W2C,2,12.6548,0.0,0,18.93,0.0298
2681,N2C,3,8.2173,4.0,1,29.16,0.1083
2681,S2C,3,8.4969,5.0,1,28.2,0.105
2681,E2C,2,12.3047,0.0,0,19.47,0.0348
2681,W2C,2,12.8253,0.0,0,18.68,0.0273
2682,N2C,3,8.5966,5.0,1,27.87,0.1036
2682,S2C,3,8.5176,6.0,1,28.13,0.1054
2682,E2C,2,12.3347,0.0,0,19.42,0.0344
2682,W2C,2,12.6035,0.0,0,19.01,0.0305
2683,N2C,4,9.3811,6.0,1,25.54,0.0989
2683,S2C,4,8.6564,7.0,1,27.68,0.11
2683,E2C,3,11.8788,0.0,0,20.17,0.047
2683,W2C,3,12.8912,0.0,0,18.59,0.0324
2684,N2C,4,9.3524,7.0,1,25.62,0.1
2684,S2C,4,7.6614,8.0,1,31.27,0.125
2684,E2C,3,11.8632,0.0,0,20.2,0.0472
2684,W2C,2,12.3416,0.0,0,19.41,0.0343
2685,N2C,4,8.1951,8.0,1,29.24,0.1173
2685,S2C,4,6.4629,9.0,1,37.07,0.1429
2685,E2C,2,12.2345,0.0,0,19.58,0.0358
2685,W2C,2,12.93,0.0,0,18.53,0.0258
2686,N2C,4,7.1282,9.0,1,33.61,0.1334
2686,S2C,4,6.2747,11.0,2,38.18,0.153
2686,E2C,2,11.5642,0.0,0,20.72,0.0455
2686,W2C,2,12.6201,0.0,0,18.99,0.0303
2687,N2C,4,6.63,10.0,1,36.14,0.1412
2687,S2C,4,6.5913,13.0,2,36.35,0.1498
2687,E2C,2,11.6705,0.0,0,20.53,0.044
2687,W2C,2,12.6316,0.0,0,18.97,0.0301
2688,N2C,4,6.6025,11.0,1,36.29,0.1423
2688,S2C,4,6.3591,15.0,2,37.68,0.1544
2688,E2C,2,11.4321,0.0,0,20.96,0.0474
2688,W2C,2,12.2625,0.0,0,19.54,0.0354
2689,N2C,4,6.4401,13.0,2,37.2,0.1519
2689,S2C,4,6.4477,17.0,2,37.16,0.1545
2689,E2C,2,11.5425,0.0,0,20.76,0.0458
2689,W2C,2,12.4862,0.0,0,19.19,0.0322
2690,N2C,4,6.437,15.0,2,37.22,0.1533
2690,S2C,4,6.3145,19.0,2,37.94,0.1577
2690,E2C,2,11.909,0.0,0,20.12,0.0405
2690,W2C,2,12.8837,0.0,0,18.6,0.0265
2691,N2C,4,5.3413,17.0,2,44.86,0.1704
2691,S2C,4,5.4855,21.0,2,43.68,0.171
2691,E2C,2,11.7629,0.0,0,20.37,0.0426
2691,W2C,2,12.8549,0.0,0,18.64,0.0269
2692,N2C,5,6.3151,19.0,2,37.94,0.1637
2692,S2C,5,6.7234,23.0,2,35.64,0.1605
2692,E2C,3,12.007,0.0,0,19.96,0.0451
2692,W2C,2,12.9008,0.0,0,18.57,0.0262
2693,N2C,5,5.4453,21.0,2,44.0,0.1776
2693,S2C,5,5.7306,25.0,2,41.81,0.1762
2693,E2C,3,12.2082,0.0,0,19.63,0.0422
2693,W2C,2,12.3469,0.0,0,19.41,0.0342
2694,N2C,5,5.1988,23.0,2,46.09,0.1825
2694,S2C,5,5.3053,27.0,2,45.16,0.1836
2694,E2C,3,11.9338,0.0,0,20.08,0.0462
2694,W2C,2,13.3178,0.0,0,17.99,0.0202
2695,N2C,5,5.0998,26.0,3,46.98,0.1919
2695,S2C,5,5.0428,29.0,2,47.51,0.1887
2695,E2C,2,12.826,0.0,0,18.68,0.0273
2695,W2C,2,13.1581,0.0,0,18.21,0.0225
2696,N2C,5,5.1215,29.0,3,46.78,0.1936
2696,S2C,5,5.1675,32.0,3,46.37,0.1949
2696,E2C,2,12.4942,0.0,0,19.18,0.0321
2696,W2C,2,12.9918,0.0,0,18.44,0.0249
2697,N2C,5,5.045,32.0,3,47.49,0.1967
2697,S2C,5,5.0507,35.0,3,47.44,0.1986
2697,E2C,2,12.8443,0.0,0,18.65,0.0271
2697,W2C,2,13.4283,0.0,0,17.84,0.0186
2698,N2C,5,5.1438,35.0,3,46.58,0.1973
2698,S2C,5,5.1615,38.0,3,46.42,0.199
2698,E2C,2,12.5108,0.0,0,19.15,0.0319
2698,W2C,2,13.1519,0.0,0,18.22,0.0226
2699,N2C,5,5.1438,38.0,3,46.58,0.1993
2699,S2C,5,5.1868,41.0,3,46.19,0.2007
2699,E2C,2,12.474,0.0,0,19.21,0.0324
2699,W2C,2,13.3688,0.0,0,17.92,0.0195
2700,N2C,5,4.3815,41.0,3,54.68,0.2122
2700,S2C,5,5.0405,44.0,3,47.54,0.2048
2700,E2C,2,12.7237,0.0,0,18.83,0.0288
2700,W2C,2,13.2273,0.0,0,18.11,0.0215
2701,N2C,6,5.1647,44.0,3,46.39,0.209
2701,S2C,6,5.7496,47.0,3,41.67,0.2025
2701,E2C,3,12.2613,0.0,0,19.54,0.0415
2701,W2C,3,13.1904,0.0,0,18.16,0.0281
2702,N2C,6,4.3591,47.0,3,54.97,0.2226
2702,S2C,6,5.404,50.0,3,44.34,0.2095
2702,E2C,3,12.406,0.0,0,19.31,0.0394
2702,W2C,3,12.6853,0.0,0,18.89,0.0353
2703,N2C,6,4.4589,50.0,3,53.74,0.2231
2703,S2C,6,4.3757,53.0,3,54.76,0.2263
2703,E2C,2,12.0717,0.0,0,19.85,0.0382
2703,W2C,2,13.1648,0.0,0,18.2,0.0224
2704,N2C,6,4.2286,54.0,4,56.66,0.2351
2704,S2C,6,4.2511,57.0,4,56.36,0.2368
2704,E2C,2,12.2744,0.0,0,19.52,0.0353
2704,W2C,2,13.2198,0.0,0,18.12,0.0216
2705,N2C,6,4.3118,58.0,4,55.57,0.2366
2705,S2C,6,4.2551,61.0,4,56.31,0.2394
2705,E2C,2,11.9266,0.0,0,20.09,0.0403
2705,W2C,2,13.6526,0.0,0,17.55,0.0154
2706,N2C,6,4.1528,62.0,4,57.7,0.2415
2706,S2C,6,4.3578,65.0,4,54.98,0.2406
2706,E2C,2,12.8955,0.0,0,18.58,0.0263
2706,W2C,2,13.6087,0.0,0,17.61,0.0161
2707,N2C,4,6.3824,17.0,2,37.54,0.1554
2707,S2C,4,6.6675,16.0,2,35.94,0.1507
2707,E2C,2,12.294,0.0,0,19.49,0.035
2707,W2C,2,13.3085,0.0,0,18.0,0.0204
2708,N2C,4,6.9255,0.0,0,34.6,0.1243
2708,S2C,4,6.9115,0.0,0,34.67,0.1245
2708,E2C,2,12.0186,0.0,0,19.94,0.0389
2708,W2C,2,13.8251,0.0,0,17.33,0.0129
2709,N2C,4,7.6312,0.0,0,31.4,0.1141
2709,S2C,4,6.9338,0.0,0,34.56,0.1242
2709,E2C,2,12.3628,0.0,0,19.38,0.034
2709,W2C,2,12.1074,0.0,0,19.79,0.0377
2710,N2C,3,11.9044,0.0,0,20.13,0.0466
2710,S2C,4,8.4468,0.0,0,28.37,0.1024
2710,E2C,3,12.9915,0.0,0,18.44,0.0309
2710,W2C,3,10.7826,0.0,0,22.22,0.0627
2711,N2C,3,11.2862,0.0,0,21.23,0.0555
2711,S2C,3,9.7141,0.0,0,24.67,0.0781
2711,E2C,3,12.4122,0.0,0,19.3,0.0393
2711,W2C,3,9.8704,0.0,0,24.27,0.0759
2712,N2C,3,11.6277,0.0,0,20.61,0.0506
2712,S2C,3,9.6434,0.0,0,24.85,0.0791
2712,E2C,3,10.8857,0.0,0,22.01,0.0613
2712,W2C,3,8.7073,0.0,0,27.52,0.0926
2713,N2C,2,12.7906,0.0,0,18.73,0.0278
2713,S2C,2,12.0126,0.0,0,19.95,0.039
2713,E2C,3,10.1303,0.0,0,23.65,0.0721
2713,W2C,3,8.6815,1.0,1,27.6,0.0997
2714,N2C,2,12.7622,0.0,0,18.77,0.0282
2714,S2C,2,12.0466,0.0,0,19.89,0.0385
2714,E2C,3,8.8506,1.0,1,27.07,0.0972
2714,W2C,3,8.7827,2.0,1,27.28,0.0989
2715,N2C,2,13.3741,0.0,0,17.92,0.0194
2715,S2C,2,12.3427,0.0,0,19.41,0.0343
2715,E2C,3,8.4954,2.0,1,28.2,0.103
2715,W2C,3,8.8689,3.0,1,27.02,0.0983
2716,N2C,2,13.2957,0.0,0,18.02,0.0206
2716,S2C,2,12.145,0.0,0,19.73,0.0371
2716,E2C,3,9.1555,3.0,1,26.17,0.0942
2716,W2C,3,8.4156,4.0,1,28.47,0.1055
2717,N2C,2,12.7349,0.0,0,18.81,0.0286
2717,S2C,2,11.8401,0.0,0,20.24,0.0415
2717,E2C,3,9.1344,4.0,1,26.23,0.0951
2717,W2C,3,8.631,5.0,1,27.76,0.1031
2718,N2C,2,12.7606,0.0,0,18.78,0.0283
2718,S2C,2,12.4544,0.0,0,19.24,0.0327
2718,E2C,3,8.8739,5.0,1,27.0,0.0996
2718,W2C,3,8.3401,6.0,1,28.73,0.1079
2719,N2C,2,13.7362,0.0,0,17.44,0.0142
2719,S2C,2,12.6383,0.0,0,18.96,0.03
2719,E2C,4,8.9452,6.0,1,26.79,0.1052
2719,W2C,4,8.4654,7.0,1,28.3,0.1128
2720,N2C,2,12.8226,0.0,0,18.69,0.0274
2720,S2C,2,11.9286,0.0,0,20.09,0.0402
2720,E2C,4,7.9473,7.0,1,30.15,0.1202
2720,W2C,4,6.9585,8.0,1,34.43,0.1351
2721,N2C,2,13.0779,0.0,0,18.32,0.0237
2721,S2C,2,12.1961,0.0,0,19.65,0.0364
2721,E2C,4,6.661,8.0,1,35.97,0.1394
2721,W2C,4,6.3599,10.0,2,37.67,0.1511
2722,N2C,2,13.2833,0.0,0,18.04,0.0207
2722,S2C,2,11.6838,0.0,0,20.51,0.0438
2722,E2C,4,6.773,9.0,1,35.38,0.1385
2722,W2C,4,6.4304,12.0,2,37.26,0.1514
2723,N2C,2,13.3356,0.0,0,17.97,0.02
2723,S2C,2,12.1979,0.0,0,19.64,0.0364
2723,E2C,4,6.6789,10.0,1,35.87,0.1405
2723,W2C,4,6.5126,14.0,2,36.79,0.1516
2724,N2C,2,13.3195,0.0,0,17.99,0.0202
2724,S2C,2,12.4565,0.0,0,19.23,0.0326
2724,E2C,4,6.6258,12.0,2,36.16,0.1486
2724,W2C,4,6.1968,16.0,2,38.66,0.1574
2725,N2C,2,13.6257,0.0,0,17.58,0.0158
2725,S2C,2,11.6331,0.0,0,20.6,0.0445
2725,E2C,4,6.8348,14.0,2,35.06,0.1469
2725,W2C,4,6.5172,18.0,2,36.76,0.1542
2726,N2C,2,13.6605,0.0,0,17.54,0.0153
2726,S2C,2,12.1516,0.0,0,19.72,0.037
2726,E2C,4,6.2005,16.0,2,38.64,0.1574
2726,W2C,4,6.3809,20.0,2,37.55,0.1575
2727,N2C,2,13.4183,0.0,0,17.86,0.0188
2727,S2C,2,12.406,0.0,0,19.31,0.0334
2727,E2C,4,5.1062,18.0,2,46.92,0.1745
2727,W2C,4,6.068,22.0,2,39.49,0.1633
2728,N2C,3,13.1326,0.0,0,18.24,0.0289
2728,S2C,3,12.6308,0.0,0,18.97,0.0361
2728,E2C,5,6.1295,20.0,2,39.09,0.1671
2728,W2C,5,6.6558,24.0,2,36.0,0.1622
2729,N2C,2,13.3813,0.0,0,17.91,0.0193
2729,S2C,3,12.3283,0.0,0,19.43,0.0405
2729,E2C,5,4.8751,22.0,2,49.15,0.1865
2729,W2C,5,6.1395,26.0,2,39.03,0.1709
2730,N2C,2,13.3939,0.0,0,17.89,0.0191
2730,S2C,3,12.3954,0.0,0,19.33,0.0395
2730,E2C,5,5.046,24.0,2,47.48,0.1853
2730,W2C,5,5.3657,29.0,3,44.65,0.1901
2731,N2C,2,13.5789,0.0,0,17.65,0.0165
2731,S2C,3,12.3068,0.0,0,19.47,0.0408
2731,E2C,5,4.9616,27.0,3,48.29,0.1946
2731,W2C,5,5.331,32.0,3,44.94,0.1926
2732,N2C,2,12.9237,0.0,0,18.54,0.0259
2732,S2C,2,13.3222,0.0,0,17.99,0.0202
2732,E2C,5,4.9814,30.0,3,48.1,0.1963
2732,W2C,5,5.1692,35.0,3,46.35,0.1969
2733,N2C,2,13.4542,0.0,0,17.81,0.0183
2733,S2C,2,13.5434,0.0,0,17.69,0.017
2733,E2C,5,4.8956,33.0,3,48.94,0.1995
2733,W2C,5,5.4404,38.0,3,44.04,0.195
2734,N2C,2,13.7759,0.0,0,17.39,0.0136
2734,S2C,2,13.3085,0.0,0,18.0,0.0204
2734,E2C,5,4.8467,36.0,3,49.44,0.2022
2734,W2C,5,5.3313,41.0,3,44.94,0.1986
2735,N2C,2,13.2008,0.0,0,18.15,0.0219
2735,S2C,2,13.2667,0.0,0,18.06,0.021
2735,E2C,5,4.7507,39.0,3,50.43,0.2056
2735,W2C,5,5.3107,44.0,3,45.12,0.2009
2736,N2C,2,13.304,0.0,0,18.01,0.0204
2736,S2C,2,13.3072,0.0,0,18.01,0.0204
2736,E2C,5,4.4069,42.0,3,54.37,0.2125
2736,W2C,5,4.7236,47.0,3,50.72,0.2113
2737,N2C,2,12.5709,0.0,0,19.06,0.031
2737,S2C,2,12.8916,0.0,0,18.59,0.0264
2737,E2C,6,5.1185,45.0,3,46.81,0.2103
2737,W2C,6,5.4563,50.0,3,43.91,0.2088
2738,N2C,2,12.7452,0.0,0,18.8,0.0285
2738,S2C,2,12.4453,0.0,0,19.25,0.0328
2738,E2C,6,4.5092,48.0,3,53.14,0.2211
2738,W2C,6,4.6092,53.0,3,51.98,0.223
2739,N2C,2,12.5138,0.0,0,19.15,0.0318
2739,S2C,2,12.4631,0.0,0,19.22,0.0325
2739,E2C,6,4.2031,51.0,3,57.01,0.2275
2739,W2C,6,4.4698,56.0,3,53.6,0.227
2740,N2C,2,12.6048,0.0,0,19.01,0.0305
2740,S2C,2,12.5302,0.0,0,19.12,0.0316
2740,E2C,4,6.1455,11.0,2,38.99,0.1548
2740,W2C,4,6.6581,11.0,1,35.99,0.1415
2741,N2C,2,12.8642,0.0,0,18.63,0.0268
2741,S2C,2,12.7121,0.0,0,18.85,0.029
2741,E2C,4,6.9908,0.0,0,34.27,0.1233
2741,W2C,4,7.4244,0.0,0,32.27,0.1171
2742,N2C,2,12.1956,0.0,0,19.65,0.0364
2742,S2C,2,12.7911,0.0,0,18.73,0.0278
2742,E2C,4,8.1831,0.0,0,29.28,0.1062
2742,W2C,4,8.0973,0.0,0,29.59,0.1074
2743,N2C,2,13.0122,0.0,0,18.41,0.0246
2743,S2C,2,12.6208,0.0,0,18.98,0.0303
2743,E2C,2,12.0602,0.0,0,19.87,0.0383
2743,W2C,2,13.164,0.0,0,18.2,0.0225
2744,N2C,2,12.7536,0.0,0,18.79,0.0284
2744,S2C,2,13.1297,0.0,0,18.25,0.0229
2744,E2C,2,12.3748,0.0,0,19.36,0.0338
2744,W2C,2,13.3779,0.0,0,17.91,0.0194
2745,N2C,2,11.9284,0.0,0,20.09,0.0402
2745,S2C,2,11.4335,0.0,0,20.96,0.0474
2745,E2C,2,12.1828,0.0,0,19.67,0.0366
2745,W2C,2,13.0745,0.0,0,18.33,0.0237
2746,N2C,3,10.4346,0.0,0,22.96,0.0678
2746,S2C,3,11.2463,0.0,0,21.3,0.0561
2746,E2C,3,12.5833,0.0,0,19.04,0.0368
2746,W2C,2,13.1192,0.0,0,18.26,0.0231
2747,N2C,3,8.9163,0.0,0,26.87,0.0896
2747,S2C,3,9.2388,0.0,0,25.93,0.085
2747,E2C,3,12.7301,0.0,0,18.82,0.0347
2747,W2C,2,12.4677,0.0,0,19.22,0.0325
2748,N2C,3,7.9164,0.0,0,30.27,0.104
2748,S2C,3,8.4776,0.0,0,28.26,0.0959
2748,E2C,3,12.3098,0.0,0,19.46,0.0408
2748,W2C,2,12.9142,0.0,0,18.55,0.0261
2749,N2C,3,8.0198,1.0,1,29.88,0.1092
2749,S2C,3,8.6471,1.0,1,27.71,0.1002
2749,E2C,2,13.3531,0.0,0,17.94,0.0197
2749,W2C,2,12.407,0.0,0,19.31,0.0334
2750,N2C,3,7.7299,2.0,1,31.0,0.114
2750,S2C,3,7.9269,2.0,1,30.23,0.1112
2750,E2C,2,13.5924,0.0,0,17.63,0.0163
2750,W2C,2,13.0612,0.0,0,18.34,0.0239
2751,N2C,3,7.9927,3.0,1,29.98,0.1109
2751,S2C,3,8.194,3.0,1,29.24,0.108
2751,E2C,2,13.6616,0.0,0,17.54,0.0153
2751,W2C,2,12.8823,0.0,0,18.6,0.0265
2752,N2C,3,8.191,4.0,1,29.25,0.1087
2752,S2C,3,8.3385,4.0,1,28.73,0.1066
2752,E2C,2,13.3745,0.0,0,17.91,0.0194
2752,W2C,2,13.3298,0.0,0,17.97,0.0201
2753,N2C,3,8.0077,5.0,1,29.92,0.112
2753,S2C,3,8.5996,5.0,1,27.86,0.1035
2753,E2C,2,13.6188,0.0,0,17.59,0.0159
2753,W2C,2,13.2477,0.0,0,18.09,0.0212
2754,N2C,3,8.0048,6.0,1,29.93,0.1127
2754,S2C,3,8.0962,6.0,1,29.59,0.1114
2754,E2C,2,13.5999,0.0,0,17.62,0.0162
2754,W2C,2,13.2994,0.0,0,18.02,0.0205
2755,N2C,4,9.3056,7.0,1,25.75,0.1007
2755,S2C,4,9.5164,7.0,1,25.18,0.0976
2755,E2C,2,12.449,0.0,0,19.25,0.0327
2755,W2C,2,12.8361,0.0,0,18.67,0.0272
2756,N2C,4,8.7399,8.0,1,27.41,0.1095
2756,S2C,4,8.7771,8.0,1,27.3,0.109
2756,E2C,2,12.5348,0.0,0,19.11,0.0315
2756,W2C,2,12.3405,0.0,0,19.42,0.0343
2757,N2C,4,7.6737,9.0,1,31.22,0.1255
2757,S2C,4,7.7972,9.0,1,30.73,0.1237
2757,E2C,2,12.2172,0.0,0,19.61,0.0361
2757,W2C,2,12.2629,0.0,0,19.54,0.0354
2758,N2C,4,7.0283,10.0,1,34.09,0.1355
2758,S2C,4,6.6591,10.0,1,35.98,0.1408
2758,E2C,2,12.208,0.0,0,19.63,0.0362
2758,W2C,2,12.3148,0.0,0,19.46,0.0347
2759,N2C,4,6.4651,11.0,1,37.06,0.1442
2759,S2C,4,6.6948,11.0,1,35.79,0.1409
2759,E2C,2,11.5657,0.0,0,20.72,0.0455
2759,W2C,2,12.4377,0.0,0,19.26,0.0329
2760,N2C,4,6.2625,13.0,2,38.26,0.1545
2760,S2C,4,6.4588,13.0,2,37.1,0.1517
2760,E2C,2,11.8474,0.0,0,20.22,0.0414
2760,W2C,2,12.6469,0.0,0,18.95,0.0299
2761,N2C,4,6.186,15.0,2,38.73,0.1569
2761,S2C,4,6.4935,15.0,2,36.9,0.1525
2761,E2C,2,12.3252,0.0,0,19.44,0.0345
2761,W2C,2,12.5814,0.0,0,19.04,0.0308
2762,N2C,4,6.258,17.0,2,38.29,0.1572
2762,S2C,4,6.5325,17.0,2,36.68,0.1533
2762,E2C,2,12.3624,0.0,0,19.38,0.034
2762,W2C,2,12.5154,0.0,0,19.14,0.0318
2763,N2C,4,6.11,19.0,2,39.21,0.1607
2763,S2C,4,6.1453,19.0,2,38.99,0.1602
2763,E2C,2,12.2391,0.0,0,19.58,0.0358
2763,W2C,2,12.964,0.0,0,18.48,0.0253
2764,N2C,5,7.6303,21.0,2,31.4,0.1461
2764,S2C,5,6.6405,21.0,2,36.08,0.1604
2764,E2C,2,12.0311,0.0,0,19.92,0.0388
2764,W2C,3,13.1772,0.0,0,18.18,0.0283
2765,N2C,5,6.9471,23.0,2,34.49,0.1573
2765,S2C,5,5.6106,23.0,2,42.7,0.1765
2765,E2C,2,12.1247,0.0,0,19.76,0.0374
2765,W2C,2,13.4268,0.0,0,17.84,0.0187
2766,N2C,5,6.1132,25.0,2,39.19,0.1706
2766,S2C,5,5.1883,25.0,2,46.18,0.184
2766,E2C,2,11.463,0.0,0,20.9,0.0469
2766,W2C,2,13.4251,0.0,0,17.85,0.0187
2767,N2C,5,5.1687,27.0,2,46.36,0.1856
2767,S2C,5,5.3916,27.0,2,44.44,0.1824
2767,E2C,2,12.0094,0.0,0,19.95,0.0391
2767,W2C,2,12.825,0.0,0,18.68,0.0273
2768,N2C,5,5.2956,29.0,2,45.24,0.1851
2768,S2C,5,5.0813,29.0,2,47.15,0.1882
2768,E2C,2,11.3949,0.0,0,21.03,0.0479
2768,W2C,2,13.1955,0.0,0,18.16,0.022
2769,N2C,5,5.1292,32.0,3,46.71,0.1955
2769,S2C,5,5.1915,32.0,3,46.15,0.1946
2769,E2C,2,11.8406,0.0,0,20.24,0.0415
2769,W2C,2,13.0098,0.0,0,18.42,0.0247
2770,N2C,5,5.1926,35.0,3,46.14,0.1966
2770,S2C,5,5.2665,35.0,3,45.49,0.1955
2770,E2C,2,11.9689,0.0,0,20.02,0.0397
2770,W2C,2,13.2062,0.0,0,18.14,0.0218
2771,N2C,5,5.1668,38.0,3,46.37,0.1989
2771,S2C,5,5.2397,38.0,3,45.73,0.1979
2771,E2C,2,11.2372,0.0,0,21.32,0.0502
2771,W2C,2,13.1573,0.0,0,18.21,0.0225
2772,N2C,5,4.5618,41.0,3,52.52,0.2096
2772,S2C,5,4.9593,41.0,3,48.31,0.2039
2772,E2C,2,11.927,0.0,0,20.09,0.0403
2772,W2C,2,13.3806,0.0,0,17.91,0.0193
2773,N2C,4,7.7878,5.0,1,30.77,0.1212
2773,S2C,4,8.5676,5.0,1,27.97,0.11
2773,E2C,3,12.3651,0.0,0,19.38,0.04
2773,W2C,3,12.3232,0.0,0,19.44,0.0406
2774,N2C,4,7.4134,0.0,0,32.32,0.1173
2774,S2C,4,8.0955,0.0,0,29.6,0.1074
2774,E2C,3,12.254,0.0,0,19.55,0.0416
2774,W2C,3,10.5174,0.0,0,22.78,0.0666
2775,N2C,4,8.0146,0.0,0,29.9,0.1086
2775,S2C,4,8.4812,0.0,0,28.25,0.1019
2775,E2C,3,11.8984,0.0,0,20.14,0.0467
2775,W2C,3,9.2299,0.0,0,25.96,0.0851
2776,N2C,2,12.951,0.0,0,18.5,0.0255
2776,S2C,2,12.9601,0.0,0,18.49,0.0254
2776,E2C,3,10.3535,0.0,0,23.14,0.0689
2776,W2C,3,8.5784,0.0,0,27.93,0.0945
2777,N2C,2,12.6966,0.0,0,18.87,0.0292
2777,S2C,2,13.1729,0.0,0,18.19,0.0223
2777,E2C,3,10.0593,0.0,0,23.82,0.0732
2777,W2C,3,8.8439,1.0,1,27.09,0.0973
2778,N2C,2,12.8661,0.0,0,18.62,0.0267
2778,S2C,2,13.2592,0.0,0,18.07,0.0211
2778,E2C,3,8.6561,0.0,0,27.68,0.0934
2778,W2C,3,8.9342,2.0,1,26.82,0.0967
2779,N2C,2,13.0729,0.0,0,18.33,0.0238
2779,S2C,2,12.8981,0.0,0,18.58,0.0263
2779,E2C,3,8.128,1.0,1,29.48,0.1076
2779,W2C,3,8.6336,3.0,1,27.75,0.1017
2780,N2C,2,13.3355,0.0,0,17.97,0.02
2780,S2C,2,13.152,0.0,0,18.22,0.0226
2780,E2C,3,8.476,2.0,1,28.27,0.1033
2780,W2C,3,8.9762,4.0,1,26.69,0.0974
2781,N2C,2,13.2659,0.0,0,18.06,0.021
2781,S2C,2,13.01,0.0,0,18.42,0.0247
2781,E2C,3,8.1396,3.0,1,29.44,0.1088
2781,W2C,3,8.6205,5.0,1,27.79,0.1032
2782,N2C,3,12.9725,0.0,0,18.47,0.0312
2782,S2C,2,12.2624,0.0,0,19.54,0.0354
2782,E2C,4,9.6425,4.0,1,24.85,0.0938
2782,W2C,4,8.1036,6.0,1,29.57,0.1173
2783,N2C,2,13.1193,0.0,0,18.26,0.0231
2783,S2C,2,11.6523,0.0,0,20.56,0.0442
2783,E2C,4,8.13,5.0,1,29.47,0.1163
2783,W2C,4,6.8195,7.0,1,35.13,0.1365
2784,N2C,2,12.814,0.0,0,18.7,0.0275
2784,S2C,2,11.6384,0.0,0,20.59,0.0444
2784,E2C,4,7.1164,6.0,1,33.67,0.1315
2784,W2C,4,5.966,8.0,1,40.16,0.1494
2785,N2C,2,12.8873,0.0,0,18.59,0.0264
2785,S2C,2,11.9866,0.0,0,19.99,0.0394
2785,E2C,4,6.2378,8.0,2,38.41,0.1515
2785,W2C,4,6.0592,10.0,2,39.54,0.1554
2786,N2C,2,13.3367,0.0,0,17.97,0.02
2786,S2C,2,12.4011,0.0,0,19.32,0.0334
2786,E2C,4,6.2782,10.0,2,38.16,0.1523
2786,W2C,4,6.1818,12.0,2,38.76,0.155
2787,N2C,2,12.7642,0.0,0,18.77,0.0282
2787,S2C,2,12.3171,0.0,0,19.45,0.0346
2787,E2C,4,6.2714,12.0,2,38.21,0.1537
2787,W2C,4,5.979,14.0,2,40.07,0.1592
2788,N2C,2,13.0262,0.0,0,18.39,0.0244
2788,S2C,2,12.6838,0.0,0,18.89,0.0294
2788,E2C,4,6.44,14.0,2,37.21,0.1526
2788,W2C,4,6.1534,16.0,2,38.94,0.1581
2789,N2C,2,13.5097,0.0,0,17.74,0.0175
2789,S2C,2,12.4862,0.0,0,19.19,0.0322
2789,E2C,4,6.4526,16.0,2,37.13,0.1538
2789,W2C,4,5.8305,18.0,2,41.09,0.164
2790,N2C,2,13.089,0.0,0,18.31,0.0235
2790,S2C,2,12.6265,0.0,0,18.98,0.0302
2790,E2C,4,6.5136,18.0,2,36.78,0.1542
2790,W2C,4,4.7233,20.0,2,50.73,0.1813
2791,N2C,2,13.7005,0.0,0,17.49,0.0147
2791,S2C,2,12.1424,0.0,0,19.73,0.0372
2791,E2C,5,6.4392,20.0,2,37.21,0.1626
2791,W2C,5,5.7184,22.0,2,41.9,0.1743
2792,N2C,2,13.0124,0.0,0,18.41,0.0246
2792,S2C,2,11.9351,0.0,0,20.08,0.0401
2792,E2C,5,5.4278,22.0,2,44.14,0.1785
2792,W2C,5,4.6351,24.0,2,51.69,0.1913
2793,N2C,2,13.1552,0.0,0,18.21,0.0226
2793,S2C,2,12.13,0.0,0,19.75,0.0373
2793,E2C,5,4.704,25.0,3,50.94,0.1969
2793,W2C,5,4.5276,26.0,2,52.92,0.1941
2794,N2C,2,13.1645,0.0,0,18.2,0.0224
2794,S2C,2,11.8039,0.0,0,20.3,0.042
2794,E2C,5,4.6763,28.0,3,51.24,0.1993
2794,W2C,5,4.6,29.0,3,52.09,0.2011
2795,N2C,2,12.8219,0.0,0,18.69,0.0274
2795,S2C,2,11.511,0.0,0,20.81,0.0463
2795,E2C,5,4.6168,31.0,3,51.9,0.2022
2795,W2C,5,4.7975,32.0,3,49.94,0.2003
2796,N2C,2,13.5511,0.0,0,17.68,0.0169
2796,S2C,2,11.8372,0.0,0,20.24,0.0416
2796,E2C,5,4.6743,34.0,3,51.26,0.2034
2796,W2C,5,4.4649,35.0,3,53.66,0.207
2797,N2C,2,13.2004,0.0,0,18.15,0.0219
2797,S2C,2,11.884,0.0,0,20.16,0.0409
2797,E2C,5,4.8677,37.0,3,49.22,0.2026
2797,W2C,5,4.7455,38.0,3,50.49,0.205
2798,N2C,2,13.3745,0.0,0,17.91,0.0194
2798,S2C,2,12.1488,0.0,0,19.72,0.0371
2798,E2C,5,4.6222,40.0,3,51.84,0.2081
2798,W2C,5,4.5074,41.0,3,53.16,0.2104
2799,N2C,2,13.5945,0.0,0,17.62,0.0163
2799,S2C,2,11.9793,0.0,0,20.0,0.0395
2799,E2C,5,4.0317,43.0,3,59.43,0.2186
2799,W2C,5,4.5929,44.0,3,52.17,0.2112
2800,N2C,3,13.0235,0.0,0,18.4,0.0305
2800,S2C,3,12.9301,0.0,0,18.53,0.0318
2800,E2C,6,4.8444,46.0,3,49.46,0.2149
2800,W2C,6,6.2203,47.0,3,38.52,0.1958
2801,N2C,2,11.827,0.0,0,20.26,0.0417
2801,S2C,3,12.5104,0.0,0,19.15,0.0379
2801,E2C,6,4.2486,49.0,3,56.4,0.2255
2801,W2C,6,6.0735,50.0,3,39.45,0.1999
2802,N2C,2,12.3432,0.0,0,19.41,0.0343
2802,S2C,3,12.3562,0.0,0,19.39,0.0401
2802,E2C,6,3.7777,52.0,3,63.42,0.2343
2802,W2C,6,5.8934,53.0,3,40.66,0.2045
2803,N2C,2,12.7765,0.0,0,18.75,0.028
2803,S2C,3,12.2392,0.0,0,19.58,0.0418
2803,E2C,6,3.7288,56.0,4,64.26,0.2436
2803,W2C,6,5.8058,56.0,3,41.27,0.2077
2804,N2C,2,12.362,0.0,0,19.38,0.034
2804,S2C,3,10.7666,0.0,0,22.25,0.063
2804,E2C,6,3.698,60.0,4,64.79,0.2468
2804,W2C,6,5.0144,59.0,3,47.78,0.2211
2805,N2C,2,11.9348,0.0,0,20.08,0.0402
2805,S2C,3,9.7952,0.0,0,24.46,0.077
2805,E2C,6,3.7306,64.0,4,64.23,0.249
2805,W2C,6,4.2819,63.0,4,55.96,0.2403
2806,N2C,2,12.4012,0.0,0,19.32,0.0334
2806,S2C,3,9.0443,0.0,0,26.49,0.0878
2806,E2C,4,5.7119,18.0,2,41.95,0.1658
2806,W2C,4,6.5623,15.0,2,36.51,0.1515
2807,N2C,2,12.3279,0.0,0,19.44,0.0345
2807,S2C,3,9.0722,1.0,1,26.41,0.094
2807,E2C,4,6.0528,0.0,0,39.59,0.1368
2807,W2C,4,7.2433,0.0,0,33.08,0.1197
2808,N2C,2,11.0346,0.0,0,21.71,0.0531
2808,S2C,3,8.483,2.0,1,28.24,0.1032
2808,E2C,4,7.2361,0.0,0,33.11,0.1198
2808,W2C,4,8.1208,0.0,0,29.5,0.1071
2809,N2C,3,10.4,0.0,0,23.04,0.0683
2809,S2C,4,8.2366,3.0,1,29.09,0.1134
2809,E2C,3,12.1371,0.0,0,19.74,0.0432
2809,W2C,3,11.5748,0.0,0,20.7,0.0513
2810,N2C,3,10.1627,0.0,0,23.58,0.0717
2810,S2C,4,7.1118,4.0,1,33.69,0.1303
2810,E2C,3,11.5913,0.0,0,20.67,0.0511
2810,W2C,3,11.2129,0.0,0,21.37,0.0565
2811,N2C,3,9.6173,1.0,1,24.91,0.0862
2811,S2C,4,5.6157,6.0,2,42.67,0.1591
2811,E2C,3,11.861,0.0,0,20.2,0.0472
2811,W2C,2,12.7073,0.0,0,18.86,0.029
2812,N2C,3,9.6202,2.0,1,24.91,0.0868
2812,S2C,4,5.9235,8.0,2,40.45,0.156
2812,E2C,3,11.9445,0.0,0,20.06,0.046
2812,W2C,2,12.1414,0.0,0,19.73,0.0372
2813,N2C,3,9.6039,3.0,1,24.95,0.0877
2813,S2C,4,5.8769,10.0,2,40.77,0.158
2813,E2C,3,11.5405,0.0,0,20.76,0.0518
2813,W2C,2,12.2708,0.0,0,19.53,0.0353
2814,N2C,3,9.6349,4.0,1,24.87,0.0879
2814,S2C,4,5.8115,12.0,2,41.23,0.1603
2814,E2C,2,12.4826,0.0,0,19.19,0.0323
2814,W2C,2,12.5785,0.0,0,19.05,0.0309
2815,N2C,3,9.4431,5.0,1,25.37,0.0914
2815,S2C,4,6.0133,14.0,2,39.84,0.1587
2815,E2C,2,12.0486,0.0,0,19.89,0.0385
2815,W2C,2,12.3223,0.0,0,19.44,0.0346
2816,N2C,3,9.7358,6.0,1,24.61,0.0878
2816,S2C,4,5.7254,16.0,2,41.85,0.1642
2816,E2C,2,12.7412,0.0,0,18.81,0.0285
2816,W2C,2,12.8521,0.0,0,18.64,0.0269
2817,N2C,3,9.7082,7.0,1,24.68,0.0889
2817,S2C,4,4.6084,18.0,2,51.99,0.1816
2817,E2C,2,12.9803,0.0,0,18.46,0.0251
2817,W2C,2,12.306,0.0,0,19.47,0.0348
2818,N2C,4,9.6774,8.0,1,24.76,0.096
2818,S2C,5,5.3313,20.0,2,44.94,0.1786
2818,E2C,3,12.8333,0.0,0,18.67,0.0332
2818,W2C,2,12.6331,0.0,0,18.97,0.0301
2819,N2C,4,9.577,9.0,1,25.02,0.0981
2819,S2C,5,4.4203,22.0,2,54.2,0.193
2819,E2C,3,12.4423,0.0,0,19.26,0.0388
2819,W2C,2,12.8324,0.0,0,18.67,0.0272
2820,N2C,4,9.1689,10.0,1,26.13,0.1046
2820,S2C,5,4.4497,24.0,2,53.85,0.1939
2820,E2C,2,13.602,0.0,0,17.62,0.0161
2820,W2C,2,13.2681,0.0,0,18.06,0.021
2821,N2C,4,8.4279,11.0,1,28.43,0.116
2821,S2C,5,4.4482,27.0,3,53.86,0.202
2821,E2C,2,13.0093,0.0,0,18.42,0.0247
2821,W2C,2,12.9292,0.0,0,18.53,0.0258
2822,N2C,4,7.3344,12.0,1,32.67,0.1324
2822,S2C,5,4.4859,30.0,3,53.41,0.2034
2822,E2C,2,12.787,0.0,0,18.74,0.0279
2822,W2C,2,12.8615,0.0,0,18.63,0.0268
2823,N2C,4,6.8135,13.0,1,35.17,0.1406
2823,S2C,5,4.3879,33.0,3,54.6,0.2068
2823,E2C,2,13.0941,0.0,0,18.3,0.0235
2823,W2C,2,13.0266,0.0,0,18.39,0.0244
2824,N2C,4,6.5568,15.0,2,36.54,0.1516
2824,S2C,5,4.5734,36.0,3,52.39,0.2061
2824,E2C,2,13.073,0.0,0,18.33,0.0238
2824,W2C,2,13.0212,0.0,0,18.4,0.0245
2825,N2C,4,6.5279,17.0,2,36.7,0.1533
2825,S2C,5,4.416,39.0,3,54.26,0.2104
2825,E2C,2,13.3108,0.0,0,18.0,0.0203
2825,W2C,2,13.2435,0.0,0,18.09,0.0213
2826,N2C,4,5.7017,19.0,2,42.02,0.1666
2826,S2C,5,4.5537,42.0,3,52.62,0.2104
2826,E2C,2,12.5537,0.0,0,19.09,0.0312
2826,W2C,2,12.748,0.0,0,18.8,0.0284
2827,N2C,5,6.3102,21.0,2,37.97,0.1651
2827,S2C,6,5.6916,45.0,3,42.1,0.202
2827,E2C,3,13.6081,0.0,0,17.61,0.0221
2827,W2C,3,12.8774,0.0,0,18.61,0.0326
2828,N2C,5,5.5535,23.0,2,43.14,0.1774
2828,S2C,6,5.6775,48.0,3,42.2,0.2043
2828,E2C,2,13.6047,0.0,0,17.61,0.0161
2828,W2C,3,12.8985,0.0,0,18.58,0.0323
2829,N2C,5,5.3209,26.0,3,45.03,0.1887
2829,S2C,6,5.8625,51.0,3,40.87,0.2036
2829,E2C,2,12.7547,0.0,0,18.79,0.0283
2829,W2C,2,13.227,0.0,0,18.11,0.0215
2830,N2C,5,5.307,29.0,3,45.15,0.1909
2830,S2C,6,5.3035,54.0,3,45.18,0.2136
2830,E2C,2,13.0246,0.0,0,18.4,0.0245
2830,W2C,2,12.6635,0.0,0,18.92,0.0297
2831,N2C,5,5.1277,32.0,3,46.73,0.1955
2831,S2C,6,5.1941,57.0,3,46.13,0.2172
2831,E2C,2,12.9086,0.0,0,18.56,0.0261
2831,W2C,2,13.5566,0.0,0,17.67,0.0168
2832,N2C,5,5.2141,35.0,3,45.95,0.1963
2832,S2C,6,4.6749,60.0,3,51.25,0.2267
2832,E2C,2,13.299,0.0,0,18.02,0.0205
2832,W2C,2,12.7852,0.0,0,18.74,0.0279
2833,N2C,5,5.3166,38.0,3,45.07,0.1968
2833,S2C,6,3.9613,63.0,3,60.49,0.239
2833,E2C,2,13.3151,0.0,0,17.99,0.0203
2833,W2C,2,13.2383,0.0,0,18.1,0.0214
2834,N2C,5,5.0543,41.0,3,47.41,0.2026
2834,S2C,6,3.8647,67.0,4,62.0,0.249
2834,E2C,2,13.8272,0.0,0,17.33,0.0129
2834,W2C,2,12.9372,0.0,0,18.52,0.0257
2835,N2C,5,4.1567,44.0,3,57.64,0.2175
2835,S2C,6,4.0293,71.0,4,59.46,0.2493
2835,E2C,2,13.312,0.0,0,18.0,0.0203
2835,W2C,2,13.2098,0.0,0,18.14,0.0218
2836,N2C,6,5.263,47.0,3,45.53,0.2096
2836,S2C,7,4.9285,75.0,4,48.62,0.245
2836,E2C,2,13.4425,0.0,0,17.82,0.0184
2836,W2C,3,11.5773,0.0,0,20.7,0.0513
2837,N2C,6,4.4952,50.0,3,53.3,0.2226
2837,S2C,7,4.2635,79.0,4,56.2,0.2573
2837,E2C,2,13.331,0.0,0,17.97,0.02
2837,W2C,3,10.0656,0.0,0,23.8,0.0731
2838,N2C,6,4.3964,53.0,3,54.5,0.226
2838,S2C,7,3.7886,83.0,4,63.24,0.2668
2838,E2C,2,13.1402,0.0,0,18.23,0.0228
2838,W2C,3,8.5857,1.0,1,27.91,0.101
2839,N2C,4,6.7068,12.0,2,35.72,0.1474
2839,S2C,5,4.6875,26.0,3,51.11,0.1978
2839,E2C,2,12.9017,0.0,0,18.57,0.0262
2839,W2C,3,8.7178,2.0,1,27.48,0.0998
2840,N2C,4,7.3725,0.0,0,32.5,0.1178
2840,S2C,5,5.4265,2.0,1,44.15,0.1592
2840,E2C,2,12.6156,0.0,0,18.99,0.0303
2840,W2C,3,8.6045,3.0,1,27.85,0.1021
2841,N2C,4,8.2061,0.0,0,29.2,0.1058
2841,S2C,5,6.6706,0.0,0,35.92,0.134
2841,E2C,2,13.4355,0.0,0,17.83,0.0185
2841,W2C,3,8.8056,4.0,1,27.21,0.0999
2842,N2C,2,13.2095,0.0,0,18.14,0.0218
2842,S2C,3,9.168,0.0,0,26.13,0.086
2842,E2C,2,13.0287,0.0,0,18.39,0.0244
2842,W2C,3,8.7993,5.0,1,27.23,0.1006
2843,N2C,2,12.873,0.0,0,18.61,0.0266
2843,S2C,3,9.4342,0.0,0,25.4,0.0822
2843,E2C,2,13.0313,0.0,0,18.39,0.0244
2843,W2C,3,8.7676,6.0,1,27.33,0.1018
2844,N2C,2,12.6357,0.0,0,18.96,0.0301
2844,S2C,2,12.0564,0.0,0,19.87,0.0384
2844,E2C,2,12.6978,0.0,0,18.87,0.0292
2844,W2C,3,7.9965,7.0,1,29.96,0.1135
2845,N2C,3,12.7841,0.0,0,18.74,0.0339
2845,S2C,3,12.1016,0.0,0,19.8,0.0438
2845,E2C,3,11.5848,0.0,0,20.68,0.0512
2845,W2C,4,8.2334,8.0,1,29.1,0.1168
2846,N2C,2,13.158,0.0,0,18.21,0.0225
2846,S2C,3,12.233,0.0,0,19.59,0.0419
2846,E2C,3,9.8973,0.0,0,24.21,0.0755
2846,W2C,4,7.0138,9.0,1,34.16,0.135
2847,N2C,2,12.9056,0.0,0,18.57,0.0262
2847,S2C,3,12.0721,0.0,0,19.85,0.0442
2847,E2C,3,9.3116,0.0,0,25.73,0.0839
2847,W2C,4,6.2741,10.0,1,38.19,0.1463
2848,N2C,2,13.3938,0.0,0,17.89,0.0191
2848,S2C,2,12.7826,0.0,0,18.74,0.0279
2848,E2C,3,8.6903,0.0,0,27.57,0.0929
2848,W2C,4,5.9826,12.0,2,40.05,0.1579
2849,N2C,2,12.8707,0.0,0,18.62,0.0267
2849,S2C,2,12.6144,0.0,0,18.99,0.0304
2849,E2C,3,8.6667,1.0,1,27.65,0.0999
2849,W2C,4,6.0856,14.0,2,39.37,0.1577
2850,N2C,2,12.7057,0.0,0,18.86,0.0291
2850,S2C,2,12.9293,0.0,0,18.53,0.0258
2850,E2C,3,8.9791,2.0,1,26.68,0.096
2850,W2C,4,6.0279,16.0,2,39.75,0.1599
2851,N2C,2,12.9086,0.0,0,18.56,0.0261
2851,S2C,2,13.0283,0.0,0,18.39,0.0244
2851,E2C,3,8.8478,3.0,1,27.08,0.0986
2851,W2C,4,6.0632,18.0,2,39.52,0.1607
2852,N2C,2,13.233,0.0,0,18.11,0.0215
2852,S2C,2,12.8144,0.0,0,18.7,0.0275
2852,E2C,3,8.814,4.0,1,27.18,0.0998
2852,W2C,4,5.7634,20.0,2,41.57,0.1663
2853,N2C,2,12.9295,0.0,0,18.53,0.0258
2853,S2C,2,12.8581,0.0,0,18.63,0.0269
2853,E2C,3,8.186,5.0,1,29.27,0.1095
2853,W2C,4,4.9646,22.0,2,48.26,0.1792
2854,N2C,2,13.3351,0.0,0,17.97,0.02
2854,S2C,3,12.3657,0.0,0,19.38,0.0399
2854,E2C,4,8.7644,6.0,1,27.34,0.1078
2854,W2C,5,5.8669,24.0,2,40.84,0.1735
2855,N2C,2,13.1214,0.0,0,18.26,0.0231
2855,S2C,3,12.1835,0.0,0,19.67,0.0426
2855,E2C,4,7.5488,7.0,1,31.74,0.126
2855,W2C,5,5.2893,26.0,2,45.3,0.1832
2856,N2C,2,13.0997,0.0,0,18.29,0.0234
2856,S2C,2,11.7278,0.0,0,20.43,0.0431
2856,E2C,4,6.6132,8.0,1,36.23,0.1401
2856,W2C,5,5.0539,28.0,2,47.41,0.1879
2857,N2C,2,13.3059,0.0,0,18.01,0.0204
2857,S2C,2,11.7637,0.0,0,20.37,0.0426
2857,E2C,4,6.7454,9.0,1,35.52,0.1389
2857,W2C,5,4.8074,31.0,3,49.84,0.1994
2858,N2C,2,12.5879,0.0,0,19.03,0.0307
2858,S2C,2,12.0278,0.0,0,19.92,0.0388
2858,E2C,4,6.4173,10.0,1,37.34,0.1443
2858,W2C,5,4.8628,34.0,3,49.27,0.2006
2859,N2C,2,12.3937,0.0,0,19.33,0.0335
2859,S2C,2,12.3277,0.0,0,19.44,0.0345
2859,E2C,4,6.4091,12.0,2,37.38,0.1517
2859,W2C,5,4.7216,37.0,3,50.75,0.2047
2860,N2C,2,12.8516,0.0,0,18.64,0.027
2860,S2C,2,12.1955,0.0,0,19.65,0.0364
2860,E2C,4,6.7134,14.0,2,35.69,0.1487
2860,W2C,5,4.8485,40.0,3,49.42,0.2049
2861,N2C,2,13.2265,0.0,0,18.12,0.0216
2861,S2C,2,11.8173,0.0,0,20.28,0.0418
2861,E2C,4,6.8463,16.0,2,35.0,0.1481
2861,W2C,5,4.736,43.0,3,50.59,0.2085
2862,N2C,2,12.9069,0.0,0,18.56,0.0262
2862,S2C,2,11.6677,0.0,0,20.54,0.044
2862,E2C,4,5.7579,18.0,2,41.61,0.1651
2862,W2C,5,4.7073,46.0,3,50.9,0.2109
2863,N2C,3,13.5555,0.0,0,17.68,0.0228
2863,S2C,3,12.2111,0.0,0,19.62,0.0422
2863,E2C,5,5.9636,20.0,2,40.18,0.1695
2863,W2C,6,5.8951,49.0,3,40.64,0.2018
2864,N2C,2,12.7494,0.0,0,18.79,0.0284
2864,S2C,3,12.531,0.0,0,19.12,0.0376
2864,E2C,5,5.1213,22.0,2,46.79,0.1829
2864,W2C,6,5.8787,52.0,3,40.76,0.204
2865,N2C,2,13.0684,0.0,0,18.33,0.0238
2865,S2C,2,12.5311,0.0,0,19.12,0.0316
2865,E2C,5,5.0428,24.0,2,47.51,0.1854
2865,W2C,6,5.5838,55.0,3,42.91,0.2103
2866,N2C,2,13.4844,0.0,0,17.77,0.0178
2866,S2C,2,12.6065,0.0,0,19.01,0.0305
2866,E2C,5,4.9862,27.0,3,48.05,0.1942
2866,W2C,6,4.8836,58.0,3,49.06,0.2223
2867,N2C,2,12.9423,0.0,0,18.51,0.0256
2867,S2C,2,12.7971,0.0,0,18.72,0.0277
2867,E2C,5,4.8852,30.0,3,49.05,0.1977
2867,W2C,6,4.8166,61.0,3,49.74,0.2253
2868,N2C,2,12.9346,0.0,0,18.52,0.0258
2868,S2C,2,12.4004,0.0,0,19.32,0.0334
2868,E2C,5,4.9265,33.0,3,48.64,0.1991
2868,W2C,6,4.4029,64.0,3,54.42,0.2333
2869,N2C,2,13.8318,0.0,0,17.32,0.0128
2869,S2C,2,12.5583,0.0,0,19.08,0.0312
2869,E2C,5,5.1279,36.0,3,46.72,0.1982
2869,W2C,6,3.9811,67.0,3,60.18,0.2413
2870,N2C,2,13.653,0.0,0,17.55,0.0154
2870,S2C,2,12.7014,0.0,0,18.86,0.0291
2870,E2C,5,4.9341,39.0,3,48.56,0.203
2870,W2C,6,3.5187,71.0,4,68.09,0.2567
2871,N2C,2,12.5951,0.0,0,19.02,0.0306
2871,S2C,2,12.8771,0.0,0,18.61,0.0266
2871,E2C,5,4.2589,42.0,3,56.26,0.2147
2871,W2C,6,2.8417,75.0,4,84.32,0.2691
2872,N2C,3,11.0382,0.0,0,21.71,0.0591
2872,S2C,3,12.3726,0.0,0,19.37,0.0398
2872,E2C,4,7.5032,7.0,1,31.93,0.1266
2872,W2C,5,5.4317,19.0,2,44.11,0.1765
2873,N2C,3,10.0079,0.0,0,23.94,0.0739
2873,S2C,3,11.9637,0.0,0,20.03,0.0457
2873,E2C,4,7.1511,0.0,0,33.51,0.121
2873,W2C,5,5.5818,0.0,0,42.93,0.1496
2874,N2C,3,8.5258,1.0,1,28.1,0.1019
2874,S2C,3,10.6418,0.0,0,22.51,0.0648
2874,E2C,4,7.9851,0.0,0,30.01,0.109
2874,W2C,5,6.4587,0.0,0,37.1,0.137
2875,N2C,3,8.5093,2.0,1,28.16,0.1028
2875,S2C,3,9.6665,0.0,0,24.79,0.0788
2875,E2C,2,12.986,0.0,0,18.45,0.025
2875,W2C,3,8.6731,0.0,0,27.63,0.0931
2876,N2C,3,8.571,3.0,1,27.95,0.1026
2876,S2C,3,8.7814,0.0,0,27.28,0.0916
2876,E2C,2,12.4415,0.0,0,19.26,0.0329
2876,W2C,3,9.127,0.0,0,26.25,0.0866
2877,N2C,3,8.7198,4.0,1,27.48,0.1011
2877,S2C,3,8.4835,1.0,1,28.24,0.1025
2877,E2C,2,12.283,0.0,0,19.51,0.0351
2877,W2C,3,9.6957,0.0,0,24.71,0.0784
2878,N2C,3,8.4955,5.0,1,28.2,0.105
2878,S2C,3,8.1983,2.0,1,29.23,0.1073
2878,E2C,2,12.9229,0.0,0,18.54,0.0259
2878,W2C,2,12.2492,0.0,0,19.56,0.0356
2879,N2C,3,8.7226,6.0,1,27.47,0.1024
2879,S2C,3,8.5766,3.0,1,27.94,0.1025
2879,E2C,2,12.9887,0.0,0,18.45,0.025
2879,W2C,2,11.7713,0.0,0,20.35,0.0425
2880,N2C,3,8.2464,7.0,1,29.06,0.1099
2880,S2C,3,8.3353,4.0,1,28.75,0.1066
2880,E2C,2,12.4603,0.0,0,19.23,0.0326
2880,W2C,2,11.8216,0.0,0,20.27,0.0418
2881,N2C,4,8.245,8.0,1,29.06,0.1166
2881,S2C,4,8.7612,5.0,1,27.35,0.1072
2881,E2C,3,12.6116,0.0,0,19.0,0.0364
2881,W2C,3,12.3317,0.0,0,19.43,0.0404
2882,N2C,4,7.0735,9.0,1,33.87,0.1342
2882,S2C,4,7.6193,6.0,1,31.45,0.1243
2882,E2C,3,12.7821,0.0,0,18.75,0.034
2882,W2C,3,12.3953,0.0,0,19.33,0.0395
2883,N2C,4,6.0692,10.0,1,39.48,0.1493
2883,S2C,4,6.6267,7.0,1,36.16,0.1392
2883,E2C,3,12.9815,0.0,0,18.46,0.0311
2883,W2C,3,12.2529,0.0,0,19.55,0.0416
2884,N2C,4,6.3343,12.0,2,37.83,0.1528
2884,S2C,4,5.7737,8.0,1,41.5,0.1522
2884,E2C,2,13.2408,0.0,0,18.1,0.0213
2884,W2C,3,12.0092,0.0,0,19.95,0.0451
2885,N2C,4,6.4245,14.0,2,37.29,0.1528
2885,S2C,4,5.7537,9.0,1,41.64,0.1532
2885,E2C,2,13.6551,0.0,0,17.55,0.0154
2885,W2C,3,12.1085,0.0,0,19.79,0.0437
2886,N2C,4,6.3637,16.0,2,37.65,0.155
2886,S2C,4,5.5163,11.0,2,43.43,0.1639
2886,E2C,2,13.3021,0.0,0,18.01,0.0205
2886,W2C,2,12.85,0.0,0,18.65,0.027
2887,N2C,4,6.1207,18.0,2,39.15,0.1599
2887,S2C,4,5.699,13.0,2,42.04,0.1626
2887,E2C,2,13.511,0.0,0,17.73,0.0175
2887,W2C,2,12.7098,0.0,0,18.85,0.029
2888,N2C,4,6.1687,20.0,2,38.84,0.1605
2888,S2C,4,5.8239,15.0,2,41.14,0.1621
2888,E2C,2,13.2748,0.0,0,18.05,0.0209
2888,W2C,2,12.9392,0.0,0,18.52,0.0257
2889,N2C,4,6.3035,22.0,2,38.01,0.1599
2889,S2C,4,5.6047,17.0,2,42.75,0.1666
2889,E2C,2,13.589,0.0,0,17.63,0.0163
2889,W2C,2,13.1863,0.0,0,18.17,0.0221
2890,N2C,5,6.6348,24.0,2,36.11,0.1625
2890,S2C,5,6.361,19.0,2,37.67,0.1631
2890,E2C,2,13.4649,0.0,0,17.79,0.0181
2890,W2C,2,13.1933,0.0,0,18.16,0.022
2891,N2C,5,5.4263,26.0,2,44.16,0.1812
2891,S2C,5,5.4427,21.0,2,44.02,0.1776
2891,E2C,2,13.4719,0.0,0,17.79,0.018
2891,W2C,2,13.2728,0.0,0,18.05,0.0209
2892,N2C,5,4.7765,28.0,2,50.16,0.1919
2892,S2C,5,4.8981,23.0,2,48.92,0.1868
2892,E2C,2,13.3215,0.0,0,17.99,0.0202
2892,W2C,2,13.2808,0.0,0,18.04,0.0208
2893,N2C,5,4.7997,31.0,3,49.92,0.1996
2893,S2C,5,4.5642,26.0,3,52.5,0.1996
2893,E2C,2,12.7116,0.0,0,18.85,0.029
2893,W2C,2,12.2495,0.0,0,19.56,0.0356
2894,N2C,5,4.9471,34.0,3,48.43,0.1994
2894,S2C,5,4.7118,29.0,3,50.85,0.1995
2894,E2C,2,13.6387,0.0,0,17.57,0.0156
2894,W2C,2,13.1665,0.0,0,18.2,0.0224
2895,N2C,5,4.8204,37.0,3,49.71,0.2033
2895,S2C,5,4.7633,32.0,3,50.3,0.2007
2895,E2C,2,13.6976,0.0,0,17.49,0.0148
2895,W2C,2,12.8633,0.0,0,18.63,0.0268
2896,N2C,5,4.8864,40.0,3,49.03,0.2043
2896,S2C,5,4.6753,35.0,3,51.25,0.204
2896,E2C,2,12.9351,0.0,0,18.52,0.0258
2896,W2C,2,12.7406,0.0,0,18.81,0.0285
2897,N2C,5,4.6372,43.0,3,51.67,0.2099
2897,S2C,5,4.8208,38.0,3,49.7,0.2039
2897,E2C,2,13.6005,0.0,0,17.62,0.0162
2897,W2C,2,12.875,0.0,0,18.61,0.0266
2898,N2C,5,4.6346,46.0,3,51.7,0.2119
2898,S2C,5,4.6662,41.0,3,51.35,0.2081
2898,E2C,2,13.0187,0.0,0,18.4,0.0245
2898,W2C,2,13.2578,0.0,0,18.07,0.0211
2899,N2C,6,5.994,49.0,3,39.97,0.2004
2899,S2C,6,5.9477,44.0,3,40.28,0.1977
2899,E2C,2,13.714,0.0,0,17.47,0.0145
2899,W2C,3,13.1878,0.0,0,18.17,0.0281
2900,N2C,6,5.1602,52.0,3,46.43,0.2144
2900,S2C,6,5.6763,47.0,3,42.21,0.2036
2900,E2C,2,13.3871,0.0,0,17.9,0.0192
2900,W2C,2,13.0362,0.0,0,18.38,0.0243
2901,N2C,6,4.6531,55.0,3,51.49,0.2237
2901,S2C,6,6.0079,50.0,3,39.88,0.2008
2901,E2C,2,13.4537,0.0,0,17.81,0.0183
2901,W2C,2,13.2261,0.0,0,18.12,0.0216
2902,N2C,6,4.2038,58.0,3,57.0,0.2321
2902,S2C,6,5.918,53.0,3,40.49,0.2041
2902,E2C,2,13.001,0.0,0,18.43,0.0248
2902,W2C,2,12.8578,0.0,0,18.63,0.0269
2903,N2C,6,4.3701,62.0,4,54.83,0.2384
2903,S2C,6,5.6248,56.0,3,42.6,0.2103
2903,E2C,2,13.0624,0.0,0,18.34,0.0239
2903,W2C,2,13.5454,0.0,0,17.69,0.017
2904,N2C,6,4.2909,66.0,4,55.84,0.2422
2904,S2C,6,4.8973,59.0,3,48.92,0.2228
2904,E2C,2,13.2229,0.0,0,18.12,0.0216
2904,W2C,2,13.2519,0.0,0,18.08,0.0212
2905,N2C,4,6.1974,16.0,2,38.66,0.1574
2905,S2C,4,6.6094,13.0,1,36.25,0.1435
2905,E2C,2,13.2336,0.0,0,18.11,0.0215
2905,W2C,2,13.5342,0.0,0,17.7,0.0171
2906,N2C,4,7.0923,0.0,0,33.78,0.1219
2906,S2C,4,6.1316,0.0,0,39.08,0.1357
2906,E2C,2,13.4554,0.0,0,17.81,0.0183
2906,W2C,2,13.3811,0.0,0,17.91,0.0193
2907,N2C,4,7.9818,0.0,0,30.02,0.1091
2907,S2C,4,6.0143,0.0,0,39.84,0.1374
2907,E2C,2,13.0754,0.0,0,18.32,0.0237
2907,W2C,2,12.4561,0.0,0,19.24,0.0326
2908,N2C,3,12.5739,0.0,0,19.06,0.037
2908,S2C,3,10.2158,0.0,0,23.45,0.0709
2908,E2C,3,11.0884,0.0,0,21.61,0.0583
2908,W2C,3,11.7687,0.0,0,20.36,0.0485
2909,N2C,3,11.5971,0.0,0,20.66,0.051
2909,S2C,3,9.6267,0.0,0,24.89,0.0794
2909,E2C,3,9.774,0.0,0,24.51,0.0773
2909,W2C,3,10.0052,0.0,0,23.95,0.0739
2910,N2C,3,12.0562,0.0,0,19.87,0.0444
2910,S2C,3,10.5089,0.0,0,22.8,0.0667
2910,E2C,3,9.0256,0.0,0,26.55,0.088
2910,W2C,3,9.0768,1.0,1,26.4,0.094
2911,N2C,2,12.7072,0.0,0,18.86,0.029
2911,S2C,2,12.8068,0.0,0,18.71,0.0276
2911,E2C,3,8.5089,1.0,1,28.16,0.1021
2911,W2C,3,8.7295,2.0,1,27.45,0.0996
2912,N2C,2,12.5313,0.0,0,19.12,0.0316
2912,S2C,2,12.0469,0.0,0,19.89,0.0385
2912,E2C,3,8.7284,2.0,1,27.45,0.0997
2912,W2C,3,8.9269,3.0,1,26.84,0.0975
2913,N2C,2,12.5561,0.0,0,19.08,0.0312
2913,S2C,2,12.7379,0.0,0,18.81,0.0286
2913,E2C,3,8.5983,3.0,1,27.87,0.1022
2913,W2C,3,8.5979,4.0,1,27.87,0.1029
2914,N2C,2,12.2255,0.0,0,19.6,0.036
2914,S2C,2,12.2155,0.0,0,19.61,0.0361
2914,E2C,3,8.612,4.0,1,27.82,0.1027
2914,W2C,3,8.8703,5.0,1,27.01,0.0996
2915,N2C,2,12.5749,0.0,0,19.05,0.0309
2915,S2C,2,12.4304,0.0,0,19.28,0.033
2915,E2C,3,8.3834,5.0,1,28.58,0.1066
2915,W2C,3,8.8149,6.0,1,27.18,0.1011
2916,N2C,2,12.6844,0.0,0,18.89,0.0294
2916,S2C,2,11.7975,0.0,0,20.31,0.0421
2916,E2C,3,7.9333,6.0,1,30.2,0.1138
2916,W2C,3,8.4116,7.0,1,28.48,0.1075
2917,N2C,2,12.8849,0.0,0,18.6,0.0265
2917,S2C,3,12.9017,0.0,0,18.57,0.0322
2917,E2C,4,8.2808,7.0,1,28.93,0.1154
2917,W2C,4,8.5441,8.0,1,28.04,0.1123
2918,N2C,2,12.918,0.0,0,18.55,0.026
2918,S2C,3,12.6636,0.0,0,18.92,0.0357
2918,E2C,4,7.2743,8.0,1,32.94,0.1306
2918,W2C,4,7.7077,9.0,1,31.09,0.125
2919,N2C,2,13.0431,0.0,0,18.37,0.0242
2919,S2C,3,12.6943,0.0,0,18.87,0.0352
2919,E2C,4,6.5015,9.0,1,36.85,0.1424
2919,W2C,4,6.5286,11.0,2,36.7,0.1493
2920,N2C,2,12.9989,0.0,0,18.43,0.0248
2920,S2C,2,13.4002,0.0,0,17.88,0.0191
2920,E2C,4,6.3101,11.0,2,37.97,0.1525
2920,W2C,4,6.5226,13.0,2,36.73,0.1507
2921,N2C,2,13.1995,0.0,0,18.15,0.0219
2921,S2C,2,12.7709,0.0,0,18.76,0.0281
2921,E2C,4,6.5995,13.0,2,36.31,0.1496
2921,W2C,4,6.5197,15.0,2,36.75,0.1521
2922,N2C,2,13.0183,0.0,0,18.4,0.0246
2922,S2C,2,13.6207,0.0,0,17.59,0.0159
2922,E2C,4,6.728,15.0,2,35.61,0.1491
2922,W2C,4,6.5954,17.0,2,36.33,0.1524
2923,N2C,2,13.1357,0.0,0,18.24,0.0229
2923,S2C,2,13.1879,0.0,0,18.17,0.0221
2923,E2C,4,6.3527,17.0,2,37.72,0.1559
2923,W2C,4,6.6718,19.0,2,35.91,0.1526
2924,N2C,2,12.9626,0.0,0,18.48,0.0254
2924,S2C,2,13.3845,0.0,0,17.9,0.0193
2924,E2C,4,6.4233,19.0,2,37.3,0.1562
2924,W2C,4,6.5912,21.0,2,36.35,0.1551
2925,N2C,2,12.8265,0.0,0,18.68,0.0273
2925,S2C,2,13.3583,0.0,0,17.94,0.0197
2925,E2C,4,6.184,21.0,2,38.75,0.161
2925,W2C,4,5.6145,23.0,2,42.68,0.1705
2926,N2C,3,11.8175,0.0,0,20.28,0.0478
2926,S2C,2,13.6314,0.0,0,17.58,0.0157
2926,E2C,5,7.1528,23.0,2,33.5,0.1543
2926,W2C,5,5.9437,25.0,2,40.31,0.1731
2927,N2C,3,12.1039,0.0,0,19.8,0.0437
2927,S2C,2,12.2028,0.0,0,19.63,0.0363
2927,E2C,5,6.1977,25.0,2,38.66,0.1694
2927,W2C,5,5.0386,27.0,2,47.55,0.1874
2928,N2C,2,12.0643,0.0,0,19.86,0.0383
2928,S2C,2,11.5134,0.0,0,20.81,0.0462
2928,E2C,5,5.4815,27.0,2,43.71,0.1811
2928,W2C,5,4.7698,30.0,3,50.23,0.1993
2929,N2C,2,11.8688,0.0,0,20.19,0.0411
2929,S2C,2,11.7437,0.0,0,20.4,0.0429
2929,E2C,5,5.4095,29.0,2,44.29,0.1834
2929,W2C,5,5.0137,33.0,3,47.79,0.1978
2930,N2C,2,11.9199,0.0,0,20.1,0.0404
2930,S2C,2,11.1618,0.0,0,21.47,0.0513
2930,E2C,5,5.3853,32.0,3,44.49,0.1918
2930,W2C,5,4.7015,36.0,3,50.96,0.2043
2931,N2C,2,11.7298,0.0,0,20.43,0.0431
2931,S2C,2,11.2778,0.0,0,21.25,0.0496
2931,E2C,5,5.1215,35.0,3,46.78,0.1976
2931,W2C,5,4.9147,39.0,3,48.75,0.2032
2932,N2C,2,11.4097,0.0,0,21.0,0.0477
2932,S2C,2,11.6595,0.0,0,20.55,0.0441
2932,E2C,5,5.2925,38.0,3,45.27,0.1971
2932,W2C,5,4.819,42.0,3,49.72,0.2066
2933,N2C,2,11.8758,0.0,0,20.18,0.041
2933,S2C,2,11.5371,0.0,0,20.77,0.0459
2933,E2C,5,5.2387,41.0,3,45.74,0.1999
2933,W2C,5,4.9803,45.0,3,48.11,0.2063
2934,N2C,2,12.7532,0.0,0,18.79,0.0284
2934,S2C,2,12.3966,0.0,0,19.33,0.0335
2934,E2C,5,4.503,44.0,3,53.21,0.2125
2934,W2C,5,4.0073,48.0,3,59.79,0.2223
2935,N2C,2,11.3939,0.0,0,21.03,0.0479
2935,S2C,2,11.9078,0.0,0,20.12,0.0405
2935,E2C,6,5.3663,47.0,3,44.65,0.2081
2935,W2C,6,4.6361,51.0,3,51.68,0.2212
2936,N2C,2,11.0821,0.0,0,21.62,0.0524
2936,S2C,2,11.7507,0.0,0,20.39,0.0428
2936,E2C,6,4.7886,50.0,3,50.04,0.2184
2936,W2C,6,3.9659,54.0,3,60.41,0.2329
2937,N2C,2,11.2014,0.0,0,21.39,0.0507
2937,S2C,2,11.8318,0.0,0,20.25,0.0416
2937,E2C,6,4.3448,54.0,4,55.15,0.2334
2937,W2C,6,3.8889,57.0,3,61.61,0.236
2938,N2C,2,11.0742,0.0,0,21.64,0.0525
2938,S2C,2,11.2093,0.0,0,21.38,0.0506
2938,E2C,4,6.5554,11.0,2,36.55,0.1489
2938,W2C,4,5.7559,12.0,2,41.63,0.1611
2939,N2C,2,11.2172,0.0,0,21.36,0.0505
2939,S2C,2,11.5219,0.0,0,20.8,0.0461
2939,E2C,4,7.4181,0.0,0,32.3,0.1172
2939,W2C,4,6.4883,0.0,0,36.93,0.1306
2940,N2C,2,10.8237,0.0,0,22.14,0.0562
2940,S2C,2,11.8762,0.0,0,20.17,0.041
2940,E2C,4,8.3073,0.0,0,28.84,0.1044
2940,W2C,4,7.3453,0.0,0,32.62,0.1182
2941,N2C,2,10.9973,0.0,0,21.79,0.0537
2941,S2C,2,11.6993,0.0,0,20.48,0.0435
2941,E2C,3,10.2912,0.0,0,23.28,0.0698
2941,W2C,2,12.268,0.0,0,19.53,0.0354
2942,N2C,2,10.9432,0.0,0,21.89,0.0544
2942,S2C,2,11.6037,0.0,0,20.65,0.0449
2942,E2C,2,13.2947,0.0,0,18.02,0.0206
2942,W2C,2,12.4078,0.0,0,19.31,0.0333
2943,N2C,2,11.3174,0.0,0,21.17,0.049
2943,S2C,2,11.5651,0.0,0,20.72,0.0455
2943,E2C,2,12.9873,0.0,0,18.45,0.025
2943,W2C,2,12.0995,0.0,0,19.8,0.0378
2944,N2C,3,11.9137,0.0,0,20.11,0.0465
2944,S2C,3,12.4552,0.0,0,19.24,0.0387
2944,E2C,2,13.7003,0.0,0,17.49,0.0147
2944,W2C,3,12.2051,0.0,0,19.63,0.0423
2945,N2C,3,12.2966,0.0,0,19.48,0.0409
2945,S2C,3,11.9828,0.0,0,20.0,0.0455
2945,E2C,2,13.3939,0.0,0,17.89,0.0191
2945,W2C,3,11.5955,0.0,0,20.66,0.051
2946,N2C,3,11.921,0.0,0,20.1,0.0464
2946,S2C,3,11.9808,0.0,0,20.0,0.0455
2946,E2C,2,13.6085,0.0,0,17.61,0.0161
2946,W2C,3,11.9136,0.0,0,20.11,0.0465
2947,N2C,3,12.2583,0.0,0,19.55,0.0415
2947,S2C,3,12.638,0.0,0,18.96,0.036
2947,E2C,2,13.0495,0.0,0,18.36,0.0241
2947,W2C,3,12.1408,0.0,0,19.74,0.0432
2948,N2C,3,11.3398,0.0,0,21.13,0.0547
2948,S2C,3,12.5851,0.0,0,19.04,0.0368
2948,E2C,2,13.1296,0.0,0,18.25,0.0229
2948,W2C,2,12.8219,0.0,0,18.69,0.0274
2949,N2C,3,10.4403,0.0,0,22.95,0.0677
2949,S2C,3,12.0256,0.0,0,19.92,0.0448
2949,E2C,2,13.2057,0.0,0,18.14,0.0219
2949,W2C,2,12.5605,0.0,0,19.08,0.0311
2950,N2C,3,9.527,0.0,0,25.15,0.0808
2950,S2C,3,11.3244,0.0,0,21.16,0.0549
2950,E2C,2,12.9032,0.0,0,18.57,0.0262
2950,W2C,2,12.6438,0.0,0,18.95,0.0299
2951,N2C,3,9.7151,1.0,1,24.66,0.0848
2951,S2C,3,10.4571,0.0,0,22.91,0.0674
2951,E2C,2,13.3196,0.0,0,17.99,0.0202
2951,W2C,2,12.5842,0.0,0,19.04,0.0308
2952,N2C,3,9.7425,2.0,1,24.59,0.0851
2952,S2C,3,8.2213,0.0,0,29.14,0.0996
2952,E2C,2,12.9816,0.0,0,18.46,0.0251
2952,W2C,2,12.3847,0.0,0,19.35,0.0337
2953,N2C,4,9.1497,3.0,1,26.19,0.1003
2953,S2C,4,8.4231,1.0,1,28.45,0.1094
2953,E2C,2,13.6071,0.0,0,17.61,0.0161
2953,W2C,3,12.6622,0.0,0,18.92,0.0357
2954,N2C,4,8.9683,4.0,1,26.72,0.1035
2954,S2C,4,7.329,2.0,1,32.69,0.1258
2954,E2C,2,12.8029,0.0,0,18.71,0.0277
2954,W2C,3,12.389,0.0,0,19.34,0.0396
2955,N2C,4,8.688,5.0,1,27.58,0.1082
2955,S2C,4,6.779,3.0,1,35.34,0.1344
2955,E2C,2,13.301,0.0,0,18.01,0.0205
2955,W2C,3,12.4674,0.0,0,19.22,0.0385
2956,N2C,4,7.6246,6.0,1,31.42,0.1242
2956,S2C,4,6.494,5.0,2,36.9,0.1458
2956,E2C,2,13.2991,0.0,0,18.02,0.0205
2956,W2C,2,12.7605,0.0,0,18.78,0.0283
2957,N2C,4,6.5975,7.0,1,36.32,0.1397
2957,S2C,4,6.7239,7.0,2,35.63,0.1439
2957,E2C,2,13.0748,0.0,0,18.33,0.0237
2957,W2C,2,12.8989,0.0,0,18.58,0.0263
2958,N2C,4,6.0806,8.0,1,39.4,0.1478
2958,S2C,4,6.466,9.0,2,37.06,0.1489
2958,E2C,2,13.0744,0.0,0,18.33,0.0237
2958,W2C,2,13.4516,0.0,0,17.81,0.0183
2959,N2C,4,6.2709,10.0,2,38.21,0.1524
2959,S2C,4,6.9112,11.0,2,34.67,0.1438
2959,E2C,2,13.3585,0.0,0,17.94,0.0197
2959,W2C,2,13.1081,0.0,0,18.28,0.0233
2960,N2C,4,6.1665,12.0,2,38.85,0.1552
2960,S2C,4,6.7021,13.0,2,35.75,0.1482
2960,E2C,2,13.7135,0.0,0,17.47,0.0145
2960,W2C,2,13.47,0.0,0,17.79,0.018
2961,N2C,4,4.8361,14.0,2,49.54,0.1757
2961,S2C,4,5.6051,15.0,2,42.75,0.1653
2961,E2C,2,13.0962,0.0,0,18.3,0.0234
2961,W2C,2,13.3633,0.0,0,17.93,0.0196
2962,N2C,5,6.0695,16.0,2,39.48,0.1653
2962,S2C,5,6.1139,17.0,2,39.19,0.1653
2962,E2C,2,13.4557,0.0,0,17.81,0.0183
2962,W2C,1,13.8725,0.0,0,17.27,0.0063
2963,N2C,5,5.4563,18.0,2,43.91,0.1754
2963,S2C,5,5.3578,19.0,2,44.72,0.1775
2963,E2C,2,13.036,0.0,0,18.38,0.0243
2963,W2C,2,12.7489,0.0,0,18.79,0.0284
2964,N2C,5,4.961,20.0,2,48.3,0.1839
2964,S2C,5,5.1749,21.0,2,46.3,0.1815
2964,E2C,2,13.4331,0.0,0,17.84,0.0186
2964,W2C,2,12.3325,0.0,0,19.43,0.0344
2965,N2C,5,5.0497,23.0,3,47.45,0.1906
2965,S2C,5,5.0612,23.0,2,47.34,0.1845
2965,E2C,2,13.1316,0.0,0,18.25,0.0229
2965,W2C,2,12.6204,0.0,0,18.99,0.0303
2966,N2C,5,5.1306,26.0,3,46.7,0.1915
2966,S2C,5,5.1108,26.0,3,46.88,0.1917
2966,E2C,2,13.2242,0.0,0,18.12,0.0216
2966,W2C,2,13.0587,0.0,0,18.35,0.024
2967,N2C,5,4.9157,29.0,3,48.74,0.1966
2967,S2C,5,5.054,29.0,3,47.41,0.1946
2967,E2C,2,13.5357,0.0,0,17.7,0.0171
2967,W2C,2,12.5406,0.0,0,19.11,0.0314
2968,N2C,5,5.0091,32.0,3,47.83,0.1972
2968,S2C,5,5.0057,32.0,3,47.87,0.1973
2968,E2C,2,13.3968,0.0,0,17.88,0.0191
2968,W2C,2,12.6877,0.0,0,18.88,0.0293
2969,N2C,5,4.8734,35.0,3,49.17,0.2012
2969,S2C,5,5.0694,35.0,3,47.26,0.1983
2969,E2C,2,13.4645,0.0,0,17.79,0.0181
2969,W2C,2,12.1324,0.0,0,19.75,0.0373
2970,N2C,5,5.0434,38.0,3,47.51,0.2007
2970,S2C,5,4.2716,38.0,3,56.09,0.2118
2970,E2C,2,12.2165,0.0,0,19.61,0.0361
2970,W2C,2,11.7776,0.0,0,20.34,0.0424
2971,N2C,4,9.3032,7.0,1,25.75,0.1007
2971,S2C,4,7.7271,6.0,1,31.01,0.1227
2971,E2C,3,10.7358,0.0,0,22.32,0.0634
2971,W2C,3,10.8136,0.0,0,22.16,0.0623
2972,N2C,4,9.6418,0.0,0,24.85,0.0852
2972,S2C,4,7.2477,0.0,0,33.06,0.1196
2972,E2C,3,9.3295,0.0,0,25.68,0.0837
2972,W2C,3,9.647,0.0,0,24.84,0.0791
2973,N2C,4,9.3476,0.0,0,25.63,0.0894
2973,S2C,4,8.2179,0.0,0,29.16,0.1057
2973,E2C,3,8.4987,0.0,0,28.19,0.0956
2973,W2C,3,8.282,1.0,1,28.93,0.1054
2974,N2C,3,11.1066,0.0,0,21.57,0.0581
2974,S2C,2,12.8863,0.0,0,18.59,0.0265
2974,E2C,3,8.8521,1.0,1,27.07,0.0972
2974,W2C,3,8.1418,2.0,1,29.43,0.1081
2975,N2C,2,13.0115,0.0,0,18.41,0.0246
2975,S2C,2,13.0018,0.0,0,18.43,0.0248
2975,E2C,3,8.6576,2.0,1,27.68,0.1007
2975,W2C,3,7.908,3.0,1,30.3,0.1121
2976,N2C,2,12.6485,0.0,0,18.94,0.0299
2976,S2C,2,12.9374,0.0,0,18.52,0.0257
2976,E2C,3,8.1386,3.0,1,29.44,0.1088
2976,W2C,3,8.073,4.0,1,29.68,0.1104
2977,N2C,2,12.4798,0.0,0,19.2,0.0323
2977,S2C,2,12.8151,0.0,0,18.7,0.0275
2977,E2C,3,8.4032,4.0,1,28.51,0.1057
2977,W2C,3,8.1796,5.0,1,29.29,0.1096
2978,N2C,2,13.1448,0.0,0,18.23,0.0227
2978,S2C,2,12.3468,0.0,0,19.41,0.0342
2978,E2C,3,8.4273,5.0,1,28.43,0.106
2978,W2C,3,8.292,6.0,1,28.9,0.1086
2979,N2C,2,12.5307,0.0,0,19.12,0.0316
2979,S2C,2,12.987,0.0,0,18.45,0.025
2979,E2C,3,8.0671,6.0,1,29.7,0.1118
2979,W2C,3,8.2267,7.0,1,29.12,0.1102
2980,N2C,2,12.6384,0.0,0,18.96,0.03
2980,S2C,3,12.4824,0.0,0,19.2,0.0383
2980,E2C,4,8.5148,7.0,1,28.14,0.1121
2980,W2C,4,9.258,8.0,1,25.88,0.102
2981,N2C,2,12.851,0.0,0,18.64,0.027
2981,S2C,3,12.7811,0.0,0,18.75,0.034
2981,E2C,4,7.2501,8.0,1,33.05,0.1309
2981,W2C,4,8.9289,9.0,1,26.83,0.1074
2982,N2C,2,12.8071,0.0,0,18.71,0.0276
2982,S2C,2,13.0176,0.0,0,18.41,0.0246
2982,E2C,4,6.1959,9.0,1,38.67,0.1468
2982,W2C,4,8.4841,10.0,1,28.24,0.1145
2983,N2C,2,12.9352,0.0,0,18.52,0.0257
2983,S2C,2,12.5162,0.0,0,19.14,0.0318
2983,E2C,4,6.2968,10.0,1,38.05,0.146
2983,W2C,4,7.5845,11.0,1,31.59,0.1281
2984,N2C,2,12.9045,0.0,0,18.57,0.0262
2984,S2C,2,12.4202,0.0,0,19.29,0.0332
2984,E2C,4,6.4292,12.0,2,37.27,0.1514
2984,W2C,4,6.772,12.0,1,35.38,0.1405
2985,N2C,2,12.9956,0.0,0,18.44,0.0249
2985,S2C,2,12.4935,0.0,0,19.18,0.0321
2985,E2C,4,6.0893,14.0,2,39.35,0.1577
2985,W2C,4,5.9081,13.0,1,40.55,0.1536
2986,N2C,2,12.9688,0.0,0,18.48,0.0253
2986,S2C,2,12.8807,0.0,0,18.6,0.0265
2986,E2C,4,6.118,16.0,2,39.16,0.1586
2986,W2C,4,6.2313,14.0,1,38.45,0.1496
2987,N2C,2,12.9813,0.0,0,18.46,0.0251
2987,S2C,2,12.9985,0.0,0,18.43,0.0248
2987,E2C,4,6.224,18.0,2,38.5,0.1584
2987,W2C,4,6.2825,16.0,2,38.14,0.1562
2988,N2C,2,12.6336,0.0,0,18.97,0.0301
2988,S2C,2,12.8189,0.0,0,18.69,0.0274
2988,E2C,4,6.3517,20.0,2,37.72,0.1579
2988,W2C,4,6.1615,18.0,2,38.89,0.1593
2989,N2C,3,13.0799,0.0,0,18.32,0.0297
2989,S2C,2,12.7589,0.0,0,18.78,0.0283
2989,E2C,5,7.6954,22.0,2,31.14,0.1459
2989,W2C,5,6.8243,20.0,2,35.11,0.1571
2990,N2C,3,13.175,0.0,0,18.19,0.0283
2990,S2C,2,12.6246,0.0,0,18.98,0.0302
2990,E2C,5,6.6558,24.0,2,36.0,0.1622
2990,W2C,5,5.5599,22.0,2,43.09,0.1766
2991,N2C,2,12.9775,0.0,0,18.46,0.0251
2991,S2C,2,12.6418,0.0,0,18.95,0.03
2991,E2C,5,5.8026,26.0,2,41.29,0.1758
2991,W2C,5,4.9937,24.0,2,47.98,0.1861
2992,N2C,2,13.234,0.0,0,18.1,0.0214
2992,S2C,2,12.8435,0.0,0,18.66,0.0271
2992,E2C,5,5.2558,28.0,2,45.59,0.185
2992,W2C,5,4.9745,27.0,3,48.17,0.1944
2993,N2C,2,13.238,0.0,0,18.1,0.0214
2993,S2C,2,12.8847,0.0,0,18.6,0.0265
2993,E2C,5,5.1875,31.0,3,46.19,0.194
2993,W2C,5,5.0454,30.0,3,47.49,0.1954
2994,N2C,2,12.9157,0.0,0,18.55,0.026
2994,S2C,2,13.1941,0.0,0,18.16,0.022
2994,E2C,5,5.2017,34.0,3,46.06,0.1958
2994,W2C,5,5.0468,33.0,3,47.48,0.1973
2995,N2C,2,13.2568,0.0,0,18.07,0.0211
2995,S2C,2,12.8763,0.0,0,18.61,0.0266
2995,E2C,5,5.1352,37.0,3,46.66,0.1987
2995,W2C,5,4.9579,36.0,3,48.33,0.2006
2996,N2C,2,12.9854,0.0,0,18.45,0.025
2996,S2C,2,12.5002,0.0,0,19.17,0.032
2996,E2C,5,5.3433,40.0,3,44.84,0.1977
2996,W2C,5,5.0733,39.0,3,47.23,0.201
2997,N2C,2,13.0786,0.0,0,18.32,0.0237
2997,S2C,2,12.9081,0.0,0,18.56,0.0261
2997,E2C,5,4.5323,43.0,3,52.87,0.2114
2997,W2C,5,5.0114,42.0,3,47.81,0.2038
2998,N2C,2,13.1074,0.0,0,18.28,0.0233
2998,S2C,3,13.2083,0.0,0,18.14,0.0278
2998,E2C,6,5.0009,46.0,3,47.91,0.2127
2998,W2C,6,6.5307,45.0,3,36.69,0.19
2999,N2C,2,12.7696,0.0,0,18.76,0.0281
2999,S2C,3,13.2307,0.0,0,18.11,0.0275
2999,E2C,6,4.2679,49.0,3,56.14,0.2252
2999,W2C,6,5.8715,48.0,3,40.81,0.2015
3000,N2C,2,12.5456,0.0,0,19.1,0.0314
3000,S2C,2,13.1416,0.0,0,18.23,0.0228
3000,E2C,6,4.0444,52.0,3,59.24,0.2304
3000,W2C,6,5.1765,51.0,3,46.29,0.2135
3001,N2C,2,12.8698,0.0,0,18.62,0.0267
3001,S2C,2,13.4867,0.0,0,17.77,0.0178
3001,E2C,6,3.9046,55.0,3,61.36,0.2344
3001,W2C,6,4.5013,54.0,3,53.23,0.2252
3002,N2C,2,12.8655,0.0,0,18.62,0.0268
3002,S2C,2,12.8279,0.0,0,18.68,0.0273
3002,E2C,6,3.86,59.0,4,62.07,0.2438
3002,W2C,6,4.4463,58.0,4,53.89,0.2346
3003,N2C,2,12.7114,0.0,0,18.85,0.029
3003,S2C,2,13.4389,0.0,0,17.83,0.0185
3003,E2C,6,3.9488,63.0,4,60.68,0.2451
3003,W2C,6,4.4671,62.0,4,53.64,0.237
3004,N2C,2,13.312,0.0,0,18.0,0.0203
3004,S2C,2,13.4102,0.0,0,17.87,0.0189
3004,E2C,4,5.7278,15.0,2,41.83,0.1635
3004,W2C,4,6.6319,16.0,2,36.13,0.1512
3005,N2C,2,13.2195,0.0,0,18.12,0.0217
3005,S2C,2,13.3863,0.0,0,17.9,0.0193
3005,E2C,4,5.9298,0.0,0,40.41,0.1386
3005,W2C,4,6.5231,0.0,0,36.73,0.1301
3006,N2C,2,12.2418,0.0,0,19.57,0.0357
3006,S2C,2,12.7637,0.0,0,18.77,0.0282
3006,E2C,4,5.6065,0.0,0,42.74,0.1433
3006,W2C,4,7.099,0.0,0,33.75,0.1218
3007,N2C,3,11.0933,0.0,0,21.6,0.0583
3007,S2C,3,10.941,0.0,0,21.9,0.0605
3007,E2C,3,9.7578,0.0,0,24.55,0.0775
3007,W2C,3,11.2108,0.0,0,21.37,0.0566
3008,N2C,3,9.1265,0.0,0,26.25,0.0866
3008,S2C,3,9.0121,0.0,0,26.59,0.0882
3008,E2C,3,9.5845,0.0,0,25.0,0.08
3008,W2C,3,10.3953,0.0,0,23.05,0.0683
3009,N2C,3,8.7622,0.0,0,27.34,0.0918
3009,S2C,3,8.4464,0.0,0,28.37,0.0964
3009,E2C,3,10.2672,0.0,0,23.34,0.0702
3009,W2C,3,11.2763,0.0,0,21.25,0.0556
3010,N2C,3,8.5847,1.0,1,27.91,0.1011
3010,S2C,3,7.9547,1.0,1,30.12,0.1101
3010,E2C,2,11.4415,0.0,0,20.94,0.0473
3010,W2C,2,13.0578,0.0,0,18.35,0.024
3011,N2C,3,8.6326,2.0,1,27.76,0.101
3011,S2C,3,8.5498,2.0,1,28.02,0.1022
3011,E2C,2,11.7652,0.0,0,20.37,0.0426
3011,W2C,2,13.1356,0.0,0,18.24,0.0229
3012,N2C,3,8.3304,3.0,1,28.76,0.1061
3012,S2C,3,7.9388,3.0,1,30.18,0.1117
3012,E2C,2,11.8873,0.0,0,20.16,0.0408
3012,W2C,2,13.163,0.0,0,18.2,0.0225
3013,N2C,3,8.327,4.0,1,28.77,0.1068
3013,S2C,3,8.439,4.0,1,28.39,0.1052
3013,E2C,2,12.1559,0.0,0,19.71,0.037
3013,W2C,2,13.583,0.0,0,17.64,0.0164
3014,N2C,3,8.6302,5.0,1,27.76,0.1031
3014,S2C,3,8.3825,5.0,1,28.58,0.1066
3014,E2C,2,11.5319,0.0,0,20.78,0.046
3014,W2C,2,13.148,0.0,0,18.22,0.0227
3015,N2C,3,8.4357,6.0,1,28.4,0.1065
3015,S2C,3,8.1953,6.0,1,29.24,0.11
3015,E2C,2,11.9025,0.0,0,20.13,0.0406
3015,W2C,2,13.1799,0.0,0,18.18,0.0222
3016,N2C,4,9.4521,7.0,1,25.35,0.0986
3016,S2C,4,8.2437,7.0,1,29.06,0.116
3016,E2C,3,12.5436,0.0,0,19.1,0.0374
3016,W2C,2,13.4832,0.0,0,17.77,0.0179
3017,N2C,4,8.5455,8.0,1,28.04,0.1123
3017,S2C,4,7.1236,8.0,1,33.63,0.1328
3017,E2C,3,11.8226,0.0,0,20.27,0.0478
3017,W2C,2,13.3221,0.0,0,17.99,0.0202
3018,N2C,4,7.9635,9.0,1,30.09,0.1213
3018,S2C,4,6.0157,9.0,1,39.83,0.1494
3018,E2C,3,12.1808,0.0,0,19.67,0.0426
3018,W2C,2,13.3687,0.0,0,17.92,0.0195
3019,N2C,4,6.8613,10.0,1,34.92,0.1379
3019,S2C,4,6.1845,11.0,2,38.74,0.1543
3019,E2C,3,11.9175,0.0,0,20.1,0.0464
3019,W2C,2,13.4981,0.0,0,17.75,0.0176
3020,N2C,4,6.4393,11.0,1,37.21,0.1446
3020,S2C,4,5.9452,13.0,2,40.3,0.1591
3020,E2C,3,12.2106,0.0,0,19.62,0.0422
3020,W2C,2,13.5861,0.0,0,17.64,0.0164
3021,N2C,4,6.5348,12.0,1,36.67,0.1439
3021,S2C,4,6.2662,15.0,2,38.24,0.1558
3021,E2C,3,11.8673,0.0,0,20.19,0.0471
3021,W2C,2,13.1598,0.0,0,18.21,0.0225
3022,N2C,4,6.7587,14.0,2,35.45,0.148
3022,S2C,4,6.0792,17.0,2,39.41,0.1598
3022,E2C,2,12.9387,0.0,0,18.52,0.0257
3022,W2C,2,12.7689,0.0,0,18.76,0.0281
3023,N2C,4,6.1222,16.0,2,39.14,0.1585
3023,S2C,4,6.1293,19.0,2,39.09,0.1604
3023,E2C,2,13.0197,0.0,0,18.4,0.0245
3023,W2C,2,13.6003,0.0,0,17.62,0.0162
3024,N2C,4,5.4465,18.0,2,43.99,0.1696
3024,S2C,4,6.0125,21.0,2,39.85,0.1634
3024,E2C,2,12.8786,0.0,0,18.6,0.0266
3024,W2C,2,13.5905,0.0,0,17.63,0.0163
3025,N2C,5,6.1878,20.0,2,38.72,0.1662
3025,S2C,5,7.6811,23.0,2,31.19,0.1467
3025,E2C,2,13.8285,0.0,0,17.33,0.0129
3025,W2C,2,13.7978,0.0,0,17.37,0.0133
3026,N2C,5,5.5075,22.0,2,43.5,0.1774
3026,S2C,5,7.1521,25.0,2,33.5,0.1557
3026,E2C,2,13.1869,0.0,0,18.17,0.0221
3026,W2C,2,13.1268,0.0,0,18.25,0.023
3027,N2C,5,5.5047,24.0,2,43.53,0.1787
3027,S2C,5,5.9776,27.0,2,40.08,0.1739
3027,E2C,2,13.4589,0.0,0,17.8,0.0182
3027,W2C,2,13.5744,0.0,0,17.65,0.0165
3028,N2C,5,5.2454,26.0,2,45.68,0.1838
3028,S2C,5,5.4128,29.0,2,44.27,0.1834
3028,E2C,2,13.7873,0.0,0,17.38,0.0135
3028,W2C,2,13.3641,0.0,0,17.93,0.0196
3029,N2C,5,5.2781,29.0,3,45.4,0.1913
3029,S2C,5,5.1967,32.0,3,46.11,0.1945
3029,E2C,2,13.3822,0.0,0,17.9,0.0193
3029,W2C,2,13.3479,0.0,0,17.95,0.0198
3030,N2C,5,5.2266,32.0,3,45.84,0.1941
3030,S2C,5,5.1091,35.0,3,46.9,0.1978
3030,E2C,2,13.2852,0.0,0,18.04,0.0207
3030,W2C,2,13.8086,0.0,0,17.35,0.0132
3031,N2C,5,5.2224,35.0,3,45.88,0.1961
3031,S2C,5,5.1417,38.0,3,46.6,0.1993
3031,E2C,2,13.0083,0.0,0,18.42,0.0247
3031,W2C,2,13.1129,0.0,0,18.27,0.0232
3032,N2C,5,5.1942,38.0,3,46.13,0.1985
3032,S2C,5,5.2426,41.0,3,45.7,0.1998
3032,E2C,2,13.2412,0.0,0,18.1,0.0213
3032,W2C,2,13.4873,0.0,0,17.76,0.0178
3033,N2C,5,4.6376,41.0,3,51.66,0.2086
3033,S2C,5,5.2003,44.0,3,46.07,0.2025
3033,E2C,2,13.1977,0.0,0,18.15,0.022
3033,W2C,2,13.5879,0.0,0,17.63,0.0163
3034,N2C,6,5.5609,44.0,3,43.09,0.2033
3034,S2C,6,5.7544,47.0,3,41.64,0.2025
3034,E2C,2,12.9595,0.0,0,18.49,0.0254
3034,W2C,2,13.3905,0.0,0,17.89,0.0192
3035,N2C,6,5.1016,47.0,3,46.97,0.2119
3035,S2C,6,4.9002,50.0,3,48.9,0.2168
3035,E2C,2,12.2966,0.0,0,19.49,0.0349
3035,W2C,2,13.2957,0.0,0,18.02,0.0206
3036,N2C,6,4.5703,50.0,3,52.43,0.2215
3036,S2C,6,4.4115,53.0,3,54.31,0.2258
3036,E2C,2,13.0536,0.0,0,18.36,0.024
3036,W2C,2,13.405,0.0,0,17.87,0.019
3037,N2C,4,6.8591,10.0,2,34.93,0.1439
3037,S2C,4,6.5017,10.0,2,36.85,0.1491
3037,E2C,2,12.8687,0.0,0,18.62,0.0267
3037,W2C,2,12.9586,0.0,0,18.49,0.0254
3038,N2C,4,7.0822,0.0,0,33.83,0.122
3038,S2C,4,7.1927,0.0,0,33.31,0.1204
3038,E2C,2,12.8975,0.0,0,18.58,0.0263
3038,W2C,2,13.0379,0.0,0,18.38,0.0243
3039,N2C,4,8.4917,0.0,0,28.22,0.1017
3039,S2C,4,7.8093,0.0,0,30.68,0.1116
3039,E2C,2,12.6629,0.0,0,18.92,0.0297
3039,W2C,2,12.802,0.0,0,18.72,0.0277
3040,N2C,2,13.5574,0.0,0,17.67,0.0168
3040,S2C,2,13.4446,0.0,0,17.82,0.0184
3040,E2C,2,12.8881,0.0,0,18.59,0.0264
3040,W2C,2,13.7656,0.0,0,17.41,0.0138
3041,N2C,2,13.2061,0.0,0,18.14,0.0218
3041,S2C,2,12.8499,0.0,0,18.65,0.027
3041,E2C,2,13.1735,0.0,0,18.19,0.0223
3041,W2C,2,13.0359,0.0,0,18.38,0.0243
3042,N2C,2,12.9827,0.0,0,18.46,0.0251
3042,S2C,2,13.0355,0.0,0,18.38,0.0243
3042,E2C,2,12.4603,0.0,0,19.23,0.0326
3042,W2C,2,12.4186,0.0,0,19.29,0.0332
3043,N2C,2,13.8046,0.0,0,17.36,0.0132
3043,S2C,2,12.1146,0.0,0,19.78,0.0376
3043,E2C,3,10.2426,0.0,0,23.39,0.0705
3043,W2C,3,11.311,0.0,0,21.18,0.0551
3044,N2C,2,12.6599,0.0,0,18.93,0.0297
3044,S2C,2,12.2616,0.0,0,19.54,0.0354
3044,E2C,3,8.9307,0.0,0,26.83,0.0894
3044,W2C,3,9.9705,0.0,0,24.03,0.0744
3045,N2C,2,13.307,0.0,0,18.01,0.0204
3045,S2C,2,12.3441,0.0,0,19.41,0.0343
3045,E2C,3,7.7524,0.0,0,30.91,0.1064
3045,W2C,3,9.3371,0.0,0,25.66,0.0836
3046,N2C,2,13.2907,0.0,0,18.03,0.0206
3046,S2C,2,12.437,0.0,0,19.27,0.0329
3046,E2C,3,7.6328,1.0,1,31.39,0.1148
3046,W2C,3,8.7972,1.0,1,27.24,0.098
3047,N2C,2,13.5696,0.0,0,17.66,0.0166
3047,S2C,2,12.1488,0.0,0,19.72,0.0371
3047,E2C,3,7.9052,2.0,1,30.31,0.1115
3047,W2C,3,8.9425,2.0,1,26.79,0.0966
3048,N2C,2,13.4354,0.0,0,17.83,0.0185
3048,S2C,2,12.2227,0.0,0,19.6,0.036
3048,E2C,3,7.4529,3.0,1,32.15,0.1187
3048,W2C,3,9.0102,3.0,1,26.59,0.0963
3049,N2C,2,13.3572,0.0,0,17.94,0.0197
3049,S2C,2,11.6064,0.0,0,20.64,0.0449
3049,E2C,3,7.8296,4.0,1,30.6,0.1139
3049,W2C,3,8.6403,4.0,1,27.73,0.1023
3050,N2C,2,13.4271,0.0,0,17.84,0.0187
3050,S2C,2,11.919,0.0,0,20.1,0.0404
3050,E2C,3,7.8065,5.0,1,30.69,0.1149
3050,W2C,3,8.8385,5.0,1,27.11,0.1001
3051,N2C,2,13.4512,0.0,0,17.81,0.0183
3051,S2C,2,11.6272,0.0,0,20.61,0.0446
3051,E2C,3,7.6456,6.0,1,31.34,0.1179
3051,W2C,3,7.7416,6.0,1,30.95,0.1165
3052,N2C,2,13.0601,0.0,0,18.35,0.0239
3052,S2C,3,12.351,0.0,0,19.4,0.0402
3052,E2C,4,8.7504,7.0,1,27.38,0.1087
3052,W2C,4,7.7087,7.0,1,31.08,0.1237
3053,N2C,2,12.0048,0.0,0,19.96,0.0391
3053,S2C,2,12.8235,0.0,0,18.68,0.0274
3053,E2C,4,8.3617,8.0,1,28.65,0.1149
3053,W2C,4,6.748,8.0,1,35.51,0.1382
3054,N2C,2,12.1946,0.0,0,19.65,0.0364
3054,S2C,2,12.4077,0.0,0,19.31,0.0333
3054,E2C,4,7.402,9.0,1,32.37,0.1294
3054,W2C,4,5.8148,9.0,1,41.21,0.1523
3055,N2C,2,12.4624,0.0,0,19.23,0.0326
3055,S2C,2,12.4934,0.0,0,19.18,0.0321
3055,E2C,4,6.3971,10.0,1,37.45,0.1446
3055,W2C,4,5.8508,11.0,2,40.95,0.1591
3056,N2C,2,12.5463,0.0,0,19.1,0.0313
3056,S2C,2,12.7243,0.0,0,18.83,0.0288
3056,E2C,4,5.7966,11.0,1,41.33,0.1539
3056,W2C,4,5.6574,13.0,2,42.35,0.1632
3057,N2C,2,12.0823,0.0,0,19.83,0.038
3057,S2C,2,12.6321,0.0,0,18.97,0.0301
3057,E2C,4,6.0887,13.0,2,39.35,0.157
3057,W2C,4,5.8523,15.0,2,40.94,0.1617
3058,N2C,2,12.7239,0.0,0,18.83,0.0288
3058,S2C,2,12.9403,0.0,0,18.52,0.0257
3058,E2C,4,5.9294,15.0,2,40.41,0.1606
3058,W2C,4,5.912,17.0,2,40.53,0.1622
3059,N2C,2,12.7718,0.0,0,18.76,0.0281
3059,S2C,2,12.3913,0.0,0,19.34,0.0336
3059,E2C,4,6.0461,17.0,2,39.63,0.1603
3059,W2C,4,5.8398,19.0,2,41.03,0.1646
3060,N2C,2,12.8846,0.0,0,18.6,0.0265
3060,S2C,2,12.6373,0.0,0,18.96,0.03
3060,E2C,4,5.9402,19.0,2,40.34,0.1631
3060,W2C,4,4.725,21.0,2,50.71,0.182
3061,N2C,2,12.6369,0.0,0,18.96,0.03
3061,S2C,3,12.2679,0.0,0,19.53,0.0414
3061,E2C,5,7.4073,21.0,2,32.35,0.1493
3061,W2C,5,5.8696,23.0,2,40.82,0.1728
3062,N2C,2,12.7345,0.0,0,18.82,0.0286
3062,S2C,3,12.4745,0.0,0,19.21,0.0384
3062,E2C,5,7.2168,23.0,2,33.2,0.1534
3062,W2C,5,4.5276,25.0,2,52.92,0.1935
3063,N2C,2,12.049,0.0,0,19.89,0.0385
3063,S2C,3,11.9145,0.0,0,20.11,0.0464
3063,E2C,5,7.089,25.0,2,33.8,0.1566
3063,W2C,5,4.5183,28.0,3,53.03,0.2016
3064,N2C,2,12.1534,0.0,0,19.71,0.037
3064,S2C,2,12.5297,0.0,0,19.12,0.0316
3064,E2C,5,6.3025,27.0,2,38.02,0.1693
3064,W2C,5,4.5757,31.0,3,52.36,0.2028
3065,N2C,2,12.4993,0.0,0,19.17,0.032
3065,S2C,2,12.5015,0.0,0,19.17,0.032
3065,E2C,5,5.2329,29.0,2,45.79,0.186
3065,W2C,5,4.5554,34.0,3,52.6,0.2051
3066,N2C,2,12.9213,0.0,0,18.54,0.0259
3066,S2C,2,12.8746,0.0,0,18.61,0.0266
3066,E2C,5,5.2425,31.0,2,45.7,0.1872
3066,W2C,5,4.6308,37.0,3,51.74,0.206
3067,N2C,2,12.8125,0.0,0,18.7,0.0275
3067,S2C,2,13.1227,0.0,0,18.26,0.023
3067,E2C,5,5.1969,34.0,3,46.1,0.1958
3067,W2C,5,4.7319,40.0,3,50.63,0.2065
3068,N2C,2,12.3266,0.0,0,19.44,0.0345
3068,S2C,2,13.2294,0.0,0,18.11,0.0215
3068,E2C,5,5.1794,37.0,3,46.26,0.1981
3068,W2C,5,4.8079,43.0,3,49.84,0.2074
3069,N2C,2,12.5311,0.0,0,19.12,0.0316
3069,S2C,2,12.9584,0.0,0,18.49,0.0254
3069,E2C,5,4.7545,40.0,3,50.39,0.2062
3069,W2C,5,4.48,46.0,3,53.48,0.2142
3070,N2C,3,12.5706,0.0,0,19.06,0.037
3070,S2C,3,11.4749,0.0,0,20.88,0.0528
3070,E2C,4,8.3199,4.0,1,28.8,0.1129
3070,W2C,4,9.3109,8.0,1,25.73,0.1013
3071,N2C,3,12.2826,0.0,0,19.51,0.0411
3071,S2C,3,9.9213,0.0,0,24.15,0.0751
3071,E2C,4,8.9485,0.0,0,26.78,0.0952
3071,W2C,4,9.4354,0.0,0,25.39,0.0881
3072,N2C,3,11.4228,0.0,0,20.98,0.0535
3072,S2C,3,8.6155,0.0,0,27.81,0.0939
3072,E2C,4,8.9093,0.0,0,26.89,0.0957
3072,W2C,4,9.9162,0.0,0,24.16,0.0812
3073,N2C,3,9.7436,0.0,0,24.59,0.0777
3073,S2C,3,8.0631,0.0,0,29.72,0.1019
3073,E2C,2,13.356,0.0,0,17.94,0.0197
3073,W2C,3,11.8606,0.0,0,20.2,0.0472
3074,N2C,3,8.9034,0.0,0,26.91,0.0898
3074,S2C,3,8.3915,1.0,1,28.55,0.1038
3074,E2C,2,13.1801,0.0,0,18.18,0.0222
3074,W2C,3,12.2673,0.0,0,19.53,0.0414
3075,N2C,3,8.5268,0.0,0,28.1,0.0952
3075,S2C,3,8.2259,2.0,1,29.13,0.1069
3075,E2C,2,13.7709,0.0,0,17.4,0.0137
3075,W2C,3,12.1749,0.0,0,19.68,0.0427
3076,N2C,3,8.4033,1.0,1,28.51,0.1037
3076,S2C,3,8.2242,3.0,1,29.13,0.1076
3076,E2C,2,13.7668,0.0,0,17.4,0.0138
3076,W2C,3,12.3403,0.0,0,19.42,0.0403
3077,N2C,3,8.2795,2.0,1,28.94,0.1061
3077,S2C,3,8.3762,4.0,1,28.6,0.1061
3077,E2C,2,12.9532,0.0,0,18.5,0.0255
3077,W2C,2,13.1798,0.0,0,18.18,0.0222
3078,N2C,3,7.5201,3.0,1,31.86,0.1177
3078,S2C,3,8.4249,5.0,1,28.44,0.106
3078,E2C,2,13.5886,0.0,0,17.63,0.0163
3078,W2C,2,13.5919,0.0,0,17.63,0.0163
3079,N2C,4,8.3408,4.0,1,28.73,0.1126
3079,S2C,4,9.2004,6.0,1,26.04,0.1015
3079,E2C,2,13.7217,0.0,0,17.46,0.0144
3079,W2C,2,13.2937,0.0,0,18.02,0.0206
3080,N2C,4,6.7572,5.0,1,35.46,0.136
3080,S2C,4,8.0363,7.0,1,29.81,0.119
3080,E2C,2,13.0123,0.0,0,18.41,0.0246
3080,W2C,2,13.1119,0.0,0,18.27,0.0232
3081,N2C,4,6.424,6.0,1,37.3,0.1415
3081,S2C,4,7.0403,8.0,1,34.03,0.134
3081,E2C,2,13.5868,0.0,0,17.63,0.0164
3081,W2C,2,13.2498,0.0,0,18.08,0.0212
3082,N2C,4,6.443,8.0,2,37.19,0.1486
3082,S2C,4,6.561,10.0,2,36.52,0.1482
3082,E2C,2,13.5985,0.0,0,17.62,0.0162
3082,W2C,2,12.9187,0.0,0,18.55,0.026
3083,N2C,4,6.5998,10.0,2,36.3,0.1476
3083,S2C,4,6.2218,12.0,2,38.51,0.1544
3083,E2C,2,13.4049,0.0,0,17.87,0.019
3083,W2C,2,13.3628,0.0,0,17.93,0.0196
3084,N2C,4,6.4061,12.0,2,37.4,0.1518
3084,S2C,4,6.3192,14.0,2,37.92,0.1543
3084,E2C,2,13.0248,0.0,0,18.4,0.0245
3084,W2C,2,12.5838,0.0,0,19.04,0.0308
3085,N2C,4,6.5013,14.0,2,36.85,0.1517
3085,S2C,4,6.1383,16.0,2,39.03,0.1583
3085,E2C,2,13.2757,0.0,0,18.05,0.0208
3085,W2C,2,12.9991,0.0,0,18.43,0.0248
3086,N2C,4,6.5297,16.0,2,36.69,0.1526
3086,S2C,4,6.3616,18.0,2,37.66,0.1564
3086,E2C,2,13.4378,0.0,0,17.83,0.0185
3086,W2C,2,12.8871,0.0,0,18.59,0.0264
3087,N2C,4,6.4198,18.0,2,37.32,0.1556
3087,S2C,4,6.5179,20.0,2,36.76,0.1555
3087,E2C,2,13.2376,0.0,0,18.1,0.0214
3087,W2C,2,12.8172,0.0,0,18.69,0.0274
3088,N2C,5,7.5832,20.0,2,31.6,0.1461
3088,S2C,5,7.3405,22.0,2,32.64,0.151
3088,E2C,2,13.7337,0.0,0,17.45,0.0143
3088,W2C,2,12.7234,0.0,0,18.83,0.0288
3089,N2C,5,6.5738,22.0,2,36.45,0.162
3089,S2C,5,6.5047,24.0,2,36.83,0.1643
3089,E2C,2,13.2854,0.0,0,18.03,0.0207
3089,W2C,2,12.4519,0.0,0,19.24,0.0327
3090,N2C,5,5.9194,24.0,2,40.48,0.1728
3090,S2C,5,5.5204,26.0,2,43.4,0.1798
3090,E2C,2,13.454,0.0,0,17.81,0.0183
3090,W2C,2,12.247,0.0,0,19.56,0.0357
3091,N2C,5,5.2647,27.0,3,45.51,0.1902
3091,S2C,5,5.1103,28.0,2,46.89,0.1871
3091,E2C,2,13.4342,0.0,0,17.84,0.0186
3091,W2C,2,11.9765,0.0,0,20.01,0.0396
3092,N2C,5,5.1378,30.0,3,46.63,0.194
3092,S2C,5,5.0664,31.0,3,47.29,0.1957
3092,E2C,2,13.3377,0.0,0,17.96,0.02
3092,W2C,2,12.7413,0.0,0,18.8,0.0285
3093,N2C,5,5.2159,33.0,3,45.94,0.1949
3093,S2C,5,4.7693,34.0,3,50.24,0.202
3093,E2C,2,13.1217,0.0,0,18.26,0.0231
3093,W2C,2,12.7846,0.0,0,18.74,0.0279
3094,N2C,5,5.1919,36.0,3,46.15,0.1972
3094,S2C,5,4.8229,37.0,3,49.68,0.2032
3094,E2C,2,13.1071,0.0,0,18.28,0.0233
3094,W2C,2,12.9089,0.0,0,18.56,0.0261
3095,N2C,5,5.0497,39.0,3,47.45,0.2013
3095,S2C,5,4.8547,40.0,3,49.35,0.2048
3095,E2C,2,13.8207,0.0,0,17.34,0.013
3095,W2C,2,12.8563,0.0,0,18.64,0.0269
3096,N2C,5,4.4278,42.0,3,54.11,0.2122
3096,S2C,5,4.037,43.0,3,59.35,0.2185
3096,E2C,2,13.3871,0.0,0,17.9,0.0192
3096,W2C,2,12.7377,0.0,0,18.81,0.0286
3097,N2C,6,5.3426,45.0,3,44.85,0.2071
3097,S2C,6,4.996,46.0,3,47.96,0.2127
3097,E2C,2,13.5904,0.0,0,17.63,0.0163
3097,W2C,3,13.1779,0.0,0,18.18,0.0283
3098,N2C,6,4.6957,48.0,3,51.03,0.2184
3098,S2C,6,4.1436,49.0,3,57.82,0.227
3098,E2C,2,13.2481,0.0,0,18.09,0.0212
3098,W2C,2,12.5995,0.0,0,19.02,0.0306
3099,N2C,6,4.4518,52.0,4,53.82,0.2306
3099,S2C,6,4.2681,52.0,3,56.14,0.2272
3099,E2C,2,13.2116,0.0,0,18.14,0.0218
3099,W2C,2,12.6048,0.0,0,19.01,0.0305
3100,N2C,6,4.5335,56.0,4,52.85,0.2321
3100,S2C,6,4.2369,56.0,4,56.55,0.2363
3100,E2C,2,13.4162,0.0,0,17.86,0.0188
3100,W2C,2,12.7328,0.0,0,18.82,0.0287
3101,N2C,6,4.4444,60.0,4,53.91,0.236
3101,S2C,6,4.0867,60.0,4,58.63,0.2412
3101,E2C,2,13.1929,0.0,0,18.16,0.022
3101,W2C,2,12.3416,0.0,0,19.41,0.0343
3102,N2C,6,4.4807,64.0,4,53.47,0.2381
3102,S2C,6,4.0536,64.0,4,59.11,0.2443
3102,E2C,2,13.3423,0.0,0,17.96,0.0199
3102,W2C,2,12.7742,0.0,0,18.76,0.0281
3103,N2C,4,6.6868,18.0,2,35.83,0.1517
3103,S2C,4,6.0262,16.0,2,39.76,0.1599
3103,E2C,2,13.3746,0.0,0,17.91,0.0194
3103,W2C,2,12.5644,0.0,0,19.07,0.0311
3104,N2C,4,6.756,0.0,0,35.46,0.1267
3104,S2C,4,6.9473,0.0,0,34.49,0.124
3104,E2C,2,12.9845,0.0,0,18.45,0.025
3104,W2C,2,12.4422,0.0,0,19.26,0.0328
3105,N2C,4,7.0747,0.0,0,33.87,0.1221
3105,S2C,4,8.0037,0.0,0,29.94,0.1088
3105,E2C,2,11.9394,0.0,0,20.07,0.0401
3105,W2C,2,12.6702,0.0,0,18.91,0.0296
3106,N2C,3,10.3436,0.0,0,23.16,0.0691
3106,S2C,3,12.8593,0.0,0,18.63,0.0328
3106,E2C,3,10.7536,0.0,0,22.28,0.0632
3106,W2C,3,12.9927,0.0,0,18.44,0.0309
3107,N2C,3,10.2537,0.0,0,23.37,0.0704
3107,S2C,3,12.5274,0.0,0,19.13,0.0376
3107,E2C,3,9.5968,0.0,0,24.97,0.0798
3107,W2C,3,11.5623,0.0,0,20.72,0.0515
3108,N2C,2,12.5691,0.0,0,19.06,0.031
3108,S2C,3,12.4515,0.0,0,19.24,0.0387
3108,E2C,3,8.4913,0.0,0,28.22,0.0957
3108,W2C,3,10.3227,0.0,0,23.21,0.0694
3109,N2C,2,12.4736,0.0,0,19.21,0.0324
3109,S2C,2,13.4888,0.0,0,17.76,0.0178
3109,E2C,3,8.6494,1.0,1,27.7,0.1001
3109,W2C,3,8.869,0.0,0,27.02,0.0903
3110,N2C,2,12.8637,0.0,0,18.63,0.0268
3110,S2C,2,13.2407,0.0,0,18.1,0.0213
3110,E2C,3,8.2336,2.0,1,29.1,0.1068
3110,W2C,3,9.0988,0.0,0,26.33,0.087
3111,N2C,2,12.8833,0.0,0,18.6,0.0265
3111,S2C,2,13.234,0.0,0,18.1,0.0214
3111,E2C,3,8.3496,3.0,1,28.7,0.1058
3111,W2C,3,8.9783,0.0,0,26.69,0.0887
3112,N2C,2,12.4108,0.0,0,19.31,0.0333
3112,S2C,2,13.3799,0.0,0,17.91,0.0193
3112,E2C,3,8.4256,4.0,1,28.44,0.1053
3112,W2C,3,8.5781,1.0,1,27.93,0.1012
3113,N2C,2,12.1798,0.0,0,19.67,0.0366
3113,S2C,2,13.1533,0.0,0,18.22,0.0226
3113,E2C,3,8.4241,5.0,1,28.44,0.106
3113,W2C,3,8.556,2.0,1,28.0,0.1021
3114,N2C,2,12.4481,0.0,0,19.25,0.0328
3114,S2C,2,13.2486,0.0,0,18.08,0.0212
3114,E2C,3,7.7844,6.0,1,30.78,0.1159
3114,W2C,3,8.0218,3.0,1,29.87,0.1105
3115,N2C,2,12.9204,0.0,0,18.54,0.026
3115,S2C,2,13.7798,0.0,0,17.39,0.0136
3115,E2C,4,8.6391,7.0,1,27.73,0.1103
3115,W2C,4,8.6311,4.0,1,27.76,0.1084
3116,N2C,2,12.4297,0.0,0,19.28,0.033
3116,S2C,2,13.1029,0.0,0,18.29,0.0233
3116,E2C,4,7.2625,8.0,1,32.99,0.1308
3116,W2C,4,7.5922,5.0,1,31.56,0.124
3117,N2C,2,12.5641,0.0,0,19.07,0.0311
3117,S2C,2,13.0971,0.0,0,18.29,0.0234
3117,E2C,4,6.3587,10.0,2,37.68,0.1511
3117,W2C,4,6.7755,6.0,1,35.36,0.1364
3118,N2C,2,12.0777,0.0,0,19.84,0.0381
3118,S2C,2,12.6162,0.0,0,18.99,0.0303
3118,E2C,4,6.5363,12.0,2,36.66,0.1499
3118,W2C,4,6.4965,8.0,2,36.88,0.1478
3119,N2C,2,12.0482,0.0,0,19.89,0.0385
3119,S2C,2,12.9099,0.0,0,18.56,0.0261
3119,E2C,4,6.3538,14.0,2,37.71,0.1538
3119,W2C,4,6.5697,10.0,2,36.47,0.1481
3120,N2C,2,12.2462,0.0,0,19.57,0.0357
3120,S2C,2,12.8793,0.0,0,18.6,0.0266
3120,E2C,4,6.3564,16.0,2,37.69,0.1551
3120,W2C,4,6.5357,12.0,2,36.66,0.1499
3121,N2C,2,12.5465,0.0,0,19.1,0.0313
3121,S2C,2,12.6467,0.0,0,18.95,0.0299
3121,E2C,4,6.3639,18.0,2,37.65,0.1564
3121,W2C,4,6.4455,14.0,2,37.17,0.1525
3122,N2C,2,12.6374,0.0,0,18.96,0.03
3122,S2C,2,12.7645,0.0,0,18.77,0.0282
3122,E2C,4,6.3567,20.0,2,37.69,0.1578
3122,W2C,4,6.4676,16.0,2,37.05,0.1535
3123,N2C,2,12.4547,0.0,0,19.24,0.0327
3123,S2C,2,12.5538,0.0,0,19.09,0.0312
3123,E2C,4,6.4371,22.0,2,37.22,0.158
3123,W2C,4,6.3133,18.0,2,37.95,0.1571
3124,N2C,3,12.6597,0.0,0,18.93,0.0357
3124,S2C,3,13.575,0.0,0,17.65,0.0225
3124,E2C,5,7.4454,24.0,2,32.18,0.1508
3124,W2C,5,7.0703,20.0,2,33.89,0.1535
3125,N2C,3,12.7482,0.0,0,18.79,0.0344
3125,S2C,2,13.5134,0.0,0,17.73,0.0174
3125,E2C,5,6.7033,26.0,2,35.74,0.1628
3125,W2C,5,5.9519,22.0,2,40.26,0.171
3126,N2C,3,12.3306,0.0,0,19.43,0.0405
3126,S2C,2,13.126,0.0,0,18.25,0.023
3126,E2C,5,6.0182,28.0,2,39.81,0.174
3126,W2C,5,5.165,25.0,3,46.39,0.1903
3127,N2C,2,13.7567,0.0,0,17.42,0.0139
3127,S2C,2,13.3842,0.0,0,17.9,0.0193
3127,E2C,5,5.3538,31.0,3,44.75,0.1916
3127,W2C,5,5.1653,28.0,3,46.39,0.1923
3128,N2C,2,13.487,0.0,0,17.77,0.0178
3128,S2C,2,13.409,0.0,0,17.87,0.0189
3128,E2C,5,5.1882,34.0,3,46.18,0.196
3128,W2C,5,5.2354,31.0,3,45.77,0.1933
3129,N2C,2,13.835,0.0,0,17.32,0.0128
3129,S2C,2,13.4717,0.0,0,17.79,0.018
3129,E2C,5,5.1692,37.0,3,46.35,0.1982
3129,W2C,5,5.5375,34.0,3,43.27,0.1909
3130,N2C,2,13.2936,0.0,0,18.02,0.0206
3130,S2C,2,13.6702,0.0,0,17.53,0.0152
3130,E2C,5,5.3915,40.0,3,44.44,0.197
3130,W2C,5,5.2791,37.0,3,45.39,0.1967
3131,N2C,2,13.4255,0.0,0,17.85,0.0187
3131,S2C,2,13.6394,0.0,0,17.57,0.0156
3131,E2C,5,5.4693,43.0,3,43.81,0.1979
3131,W2C,5,5.1549,40.0,3,46.48,0.2004
3132,N2C,2,13.1356,0.0,0,18.24,0.0229
3132,S2C,2,13.3081,0.0,0,18.0,0.0204
3132,E2C,5,4.4636,46.0,3,53.68,0.2144
3132,W2C,5,4.2445,43.0,3,56.45,0.2156
3133,N2C,2,13.0845,0.0,0,18.31,0.0236
3133,S2C,3,12.0885,0.0,0,19.82,0.0439
3133,E2C,6,4.9957,49.0,3,47.96,0.2147
3133,W2C,6,4.9279,46.0,3,48.62,0.2137
3134,N2C,2,12.5873,0.0,0,19.04,0.0308
3134,S2C,3,10.6144,0.0,0,22.57,0.0652
3134,E2C,6,4.1897,52.0,3,57.19,0.2283
3134,W2C,6,4.1693,49.0,3,57.47,0.2266
3135,N2C,2,13.1981,0.0,0,18.15,0.022
3135,S2C,3,8.8337,1.0,1,27.12,0.0975
3135,E2C,6,4.1286,56.0,4,58.03,0.2379
3135,W2C,6,3.9458,52.0,3,60.72,0.2319
3136,N2C,2,13.2268,0.0,0,18.11,0.0215
3136,S2C,3,8.4915,2.0,1,28.22,0.1031
3136,E2C,4,6.1916,12.0,2,38.7,0.1548
3136,W2C,4,6.2138,12.0,2,38.56,0.1545
3137,N2C,2,12.5691,0.0,0,19.06,0.031
3137,S2C,3,8.9491,3.0,1,26.77,0.0971
3137,E2C,4,6.403,0.0,0,37.42,0.1318
3137,W2C,4,6.6518,0.0,0,36.02,0.1282
3138,N2C,2,12.5571,0.0,0,19.08,0.0312
3138,S2C,3,8.459,4.0,1,28.32,0.1049
3138,E2C,4,7.5339,0.0,0,31.8,0.1155
3138,W2C,4,7.5314,0.0,0,31.81,0.1156
3139,N2C,2,12.8711,0.0,0,18.62,0.0267
3139,S2C,3,8.9641,5.0,1,26.73,0.0983
3139,E2C,4,8.0483,0.0,0,29.77,0.1081
3139,W2C,2,12.4746,0.0,0,19.21,0.0324
3140,N2C,2,12.8427,0.0,0,18.66,0.0271
3140,S2C,3,8.6341,6.0,1,27.75,0.1037
3140,E2C,2,11.6611,0.0,0,20.55,0.0441
3140,W2C,2,12.1892,0.0,0,19.66,0.0365
3141,N2C,2,12.3225,0.0,0,19.44,0.0346
3141,S2C,3,7.9386,7.0,1,30.18,0.1144
3141,E2C,2,11.2479,0.0,0,21.3,0.05
3141,W2C,2,11.7519,0.0,0,20.39,0.0428
3142,N2C,3,11.2858,0.0,0,21.23,0.0555
3142,S2C,4,8.2445,8.0,1,29.06,0.1166
3142,E2C,2,12.637,0.0,0,18.96,0.03
3142,W2C,2,12.2457,0.0,0,19.57,0.0357
3143,N2C,3,9.5708,0.0,0,25.03,0.0802
3143,S2C,4,7.5291,9.0,1,31.82,0.1276
3143,E2C,2,12.2785,0.0,0,19.51,0.0352
3143,W2C,2,12.2836,0.0,0,19.51,0.0351
3144,N2C,3,8.641,0.0,0,27.73,0.0936
3144,S2C,4,6.5568,10.0,1,36.54,0.1423
3144,E2C,2,12.2391,0.0,0,19.58,0.0358
3144,W2C,2,12.5848,0.0,0,19.04,0.0308
3145,N2C,3,8.2622,1.0,1,29.0,0.1057
3145,S2C,4,6.638,12.0,2,36.1,0.1484
3145,E2C,2,11.8705,0.0,0,20.18,0.0411
3145,W2C,2,11.9446,0.0,0,20.06,0.04
3146,N2C,3,8.2676,2.0,1,28.98,0.1063
3146,S2C,4,6.6801,14.0,2,35.87,0.1491
3146,E2C,2,12.0891,0.0,0,19.82,0.0379
3146,W2C,2,11.6897,0.0,0,20.5,0.0437
3147,N2C,3,8.6796,3.0,1,27.6,0.101
3147,S2C,4,6.444,16.0,2,37.18,0.1539
3147,E2C,2,12.4277,0.0,0,19.28,0.0331
3147,W2C,2,12.544,0.0,0,19.1,0.0314
3148,N2C,3,8.3089,4.0,1,28.84,0.107
3148,S2C,4,6.5749,18.0,2,36.44,0.1533
3148,E2C,2,12.4797,0.0,0,19.2,0.0323
3148,W2C,2,12.4303,0.0,0,19.28,0.033
3149,N2C,3,8.6516,5.0,1,27.69,0.1028
3149,S2C,4,6.5819,20.0,2,36.4,0.1546
3149,E2C,2,11.9053,0.0,0,20.13,0.0406
3149,W2C,2,11.6925,0.0,0,20.49,0.0436
3150,N2C,3,8.8884,6.0,1,26.96,0.1
3150,S2C,4,5.6283,22.0,2,42.57,0.1696
3150,E2C,2,12.3259,0.0,0,19.44,0.0345
3150,W2C,2,12.0454,0.0,0,19.89,0.0386
3151,N2C,4,9.6698,7.0,1,24.78,0.0954
3151,S2C,5,5.6698,24.0,2,42.26,0.1764
3151,E2C,3,12.1322,0.0,0,19.75,0.0433
3151,W2C,3,12.8924,0.0,0,18.58,0.0324
3152,N2C,4,8.2621,8.0,1,29.0,0.1164
3152,S2C,5,4.7048,26.0,2,50.93,0.1916
3152,E2C,3,11.9376,0.0,0,20.07,0.0461
3152,W2C,3,12.2649,0.0,0,19.54,0.0414
3153,N2C,4,7.6014,9.0,1,31.52,0.1265
3153,S2C,5,4.6768,28.0,2,51.23,0.1933
3153,E2C,3,11.9657,0.0,0,20.02,0.0457
3153,W2C,3,12.7347,0.0,0,18.81,0.0346
3154,N2C,4,6.7271,11.0,2,35.62,0.1465
3154,S2C,5,4.3934,31.0,3,54.54,0.2054
3154,E2C,3,11.8767,0.0,0,20.17,0.047
3154,W2C,3,12.471,0.0,0,19.21,0.0384
3155,N2C,4,6.6725,13.0,2,35.91,0.1486
3155,S2C,5,4.5392,34.0,3,52.78,0.2053
3155,E2C,2,12.5791,0.0,0,19.05,0.0309
3155,W2C,2,13.7583,0.0,0,17.41,0.0139
3156,N2C,4,6.5247,15.0,2,36.72,0.1521
3156,S2C,5,4.3651,37.0,3,54.89,0.2098
3156,E2C,2,12.0497,0.0,0,19.88,0.0385
3156,W2C,2,12.9636,0.0,0,18.48,0.0253
3157,N2C,4,6.7519,17.0,2,35.49,0.1501
3157,S2C,5,4.3857,40.0,3,54.63,0.2115
3157,E2C,2,12.4366,0.0,0,19.27,0.0329
3157,W2C,2,13.045,0.0,0,18.37,0.0242
3158,N2C,4,6.5517,19.0,2,36.57,0.1543
3158,S2C,5,4.6237,43.0,3,51.82,0.2101
3158,E2C,2,12.422,0.0,0,19.29,0.0331
3158,W2C,2,13.6765,0.0,0,17.52,0.0151
3159,N2C,4,5.6996,21.0,2,42.04,0.1679
3159,S2C,5,3.7045,46.0,3,64.68,0.2253
3159,E2C,2,12.4966,0.0,0,19.17,0.0321
3159,W2C,2,12.8355,0.0,0,18.67,0.0272
3160,N2C,5,6.2925,23.0,2,38.08,0.1667
3160,S2C,6,4.44,49.0,3,53.96,0.2227
3160,E2C,2,12.2839,0.0,0,19.51,0.0351
3160,W2C,1,13.5565,0.0,0,17.67,0.0108
3161,N2C,5,5.2304,25.0,2,45.81,0.1834
3161,S2C,6,3.7069,52.0,3,64.64,0.2353
3161,E2C,2,12.1435,0.0,0,19.73,0.0371
3161,W2C,2,13.7794,0.0,0,17.39,0.0136
3162,N2C,5,5.5163,27.0,2,43.43,0.1806
3162,S2C,6,3.7586,55.0,3,63.75,0.2365
3162,E2C,2,11.9497,0.0,0,20.05,0.0399
3162,W2C,2,13.1642,0.0,0,18.2,0.0225
3163,N2C,5,5.0723,30.0,3,47.24,0.195
3163,S2C,6,3.6269,58.0,3,66.06,0.2404
3163,E2C,2,12.6451,0.0,0,18.95,0.0299
3163,W2C,2,13.0599,0.0,0,18.35,0.024
3164,N2C,5,5.0819,33.0,3,47.15,0.1968
3164,S2C,6,3.5443,62.0,4,67.6,0.2503
3164,E2C,2,12.0468,0.0,0,19.89,0.0385
3164,W2C,2,13.4875,0.0,0,17.76,0.0178
3165,N2C,5,5.228,36.0,3,45.83,0.1967
3165,S2C,6,3.467,66.0,4,69.11,0.2541
3165,E2C,2,11.7096,0.0,0,20.46,0.0434
3165,W2C,2,12.7014,0.0,0,18.86,0.0291
3166,N2C,5,5.1231,39.0,3,46.77,0.2002
3166,S2C,6,3.4848,70.0,4,68.76,0.2565
3166,E2C,2,12.0448,0.0,0,19.89,0.0386
3166,W2C,2,13.4811,0.0,0,17.77,0.0179
3167,N2C,5,5.169,42.0,3,46.35,0.2016
3167,S2C,6,3.4014,74.0,4,70.44,0.2604
3167,E2C,2,12.5561,0.0,0,19.08,0.0312
3167,W2C,2,12.7289,0.0,0,18.82,0.0287
3168,N2C,5,4.3015,45.0,3,55.7,0.2161
3168,S2C,6,3.4545,78.0,4,69.36,0.2623
3168,E2C,2,12.2477,0.0,0,19.56,0.0356
3168,W2C,2,12.3119,0.0,0,19.46,0.0347
3169,N2C,4,7.972,7.0,1,30.06,0.1199
3169,S2C,5,6.9067,22.0,2,34.69,0.1572
3169,E2C,3,12.9337,0.0,0,18.53,0.0318
3169,W2C,3,11.0542,0.0,0,21.67,0.0588
3170,N2C,4,7.9914,0.0,0,29.98,0.1089
3170,S2C,5,7.1856,0.0,0,33.34,0.1265
3170,E2C,3,12.7953,0.0,0,18.73,0.0338
3170,W2C,3,10.4201,0.0,0,22.99,0.068
3171,N2C,4,8.9272,0.0,0,26.84,0.0955
3171,S2C,5,8.2887,0.0,0,28.91,0.1107
3171,E2C,3,12.2839,0.0,0,19.51,0.0411
3171,W2C,3,8.5311,1.0,1,28.09,0.1018
3172,N2C,2,13.1974,0.0,0,18.16,0.022
3172,S2C,3,11.2721,0.0,0,21.26,0.0557
3172,E2C,3,10.9721,0.0,0,21.84,0.06
3172,W2C,3,8.9305,2.0,1,26.83,0.0967
3173,N2C,2,13.1636,0.0,0,18.2,0.0225
3173,S2C,3,11.0284,0.0,0,21.73,0.0592
3173,E2C,3,9.5286,0.0,0,25.15,0.0808
3173,W2C,3,8.9113,3.0,1,26.89,0.0977
3174,N2C,2,13.058,0.0,0,18.35,0.024
3174,S2C,3,11.4607,0.0,0,20.91,0.053
3174,E2C,3,8.8838,0.0,0,26.97,0.0901
3174,W2C,3,8.8544,4.0,1,27.06,0.0992
3175,N2C,2,12.9259,0.0,0,18.54,0.0259
3175,S2C,3,10.8993,0.0,0,21.98,0.0611
3175,E2C,3,8.7433,0.0,0,27.4,0.0921
3175,W2C,3,8.9694,5.0,1,26.71,0.0982
3176,N2C,2,12.8583,0.0,0,18.63,0.0269
3176,S2C,3,11.3257,0.0,0,21.16,0.0549
3176,E2C,3,9.0736,1.0,1,26.41,0.094
3176,W2C,3,8.7032,6.0,1,27.53,0.1027
3177,N2C,2,13.3093,0.0,0,18.0,0.0204
3177,S2C,2,12.1939,0.0,0,19.65,0.0364
3177,E2C,3,8.5838,2.0,1,27.91,0.1017
3177,W2C,3,8.734,7.0,1,27.43,0.1029
3178,N2C,3,12.6865,0.0,0,18.89,0.0353
3178,S2C,3,12.8526,0.0,0,18.64,0.0329
3178,E2C,4,8.1836,3.0,1,29.28,0.1142
3178,W2C,4,8.7755,8.0,1,27.3,0.109
3179,N2C,2,12.4621,0.0,0,19.23,0.0326
3179,S2C,3,12.5004,0.0,0,19.17,0.038
3179,E2C,4,6.9032,4.0,1,34.71,0.1333
3179,W2C,4,7.3451,9.0,1,32.62,0.1302
3180,N2C,2,12.5112,0.0,0,19.15,0.0319
3180,S2C,3,12.8416,0.0,0,18.66,0.0331
3180,E2C,4,6.2111,6.0,2,38.58,0.1506
3180,W2C,4,6.6177,10.0,1,36.21,0.1414
3181,N2C,2,12.4125,0.0,0,19.3,0.0333
3181,S2C,2,12.908,0.0,0,18.56,0.0261
3181,E2C,4,6.2174,8.0,2,38.54,0.1518
3181,W2C,4,5.7999,11.0,1,41.31,0.1538
3182,N2C,2,12.5378,0.0,0,19.11,0.0315
3182,S2C,2,13.0961,0.0,0,18.3,0.0234
3182,E2C,4,6.0566,10.0,2,39.56,0.1555
3182,W2C,4,5.6782,13.0,2,42.2,0.1629
3183,N2C,2,12.6702,0.0,0,18.91,0.0296
3183,S2C,2,13.4679,0.0,0,17.79,0.0181
3183,E2C,4,6.2206,12.0,2,38.52,0.1544
3183,W2C,4,5.6669,15.0,2,42.28,0.1644
3184,N2C,2,13.0393,0.0,0,18.38,0.0242
3184,S2C,2,12.8771,0.0,0,18.61,0.0266
3184,E2C,4,6.0078,14.0,2,39.88,0.1588
3184,W2C,4,5.6315,17.0,2,42.55,0.1662
3185,N2C,2,12.9679,0.0,0,18.48,0.0253
3185,S2C,2,13.0816,0.0,0,18.32,0.0236
3185,E2C,4,6.2832,16.0,2,38.13,0.1562
3185,W2C,4,5.521,19.0,2,43.4,0.1692
3186,N2C,2,12.9303,0.0,0,18.53,0.0258
3186,S2C,2,13.3415,0.0,0,17.96,0.0199
3186,E2C,4,4.9783,18.0,2,48.13,0.1763
3186,W2C,4,4.4093,21.0,2,54.34,0.1865
3187,N2C,2,12.9842,0.0,0,18.45,0.025
3187,S2C,2,13.5382,0.0,0,17.7,0.0171
3187,E2C,5,5.9896,20.0,2,40.0,0.1691
3187,W2C,5,5.6265,23.0,2,42.58,0.1763
3188,N2C,2,12.3487,0.0,0,19.4,0.0342
3188,S2C,2,13.2838,0.0,0,18.04,0.0207
3188,E2C,5,5.0734,22.0,2,47.23,0.1836
3188,W2C,5,4.6456,25.0,2,51.58,0.1918
3189,N2C,2,12.3087,0.0,0,19.47,0.0348
3189,S2C,2,13.6382,0.0,0,17.57,0.0156
3189,E2C,5,4.8359,24.0,2,49.55,0.1884
3189,W2C,5,4.6239,27.0,2,51.82,0.1934
3190,N2C,2,12.7187,0.0,0,18.84,0.0289
3190,S2C,2,13.4656,0.0,0,17.79,0.0181
3190,E2C,5,5.0509,27.0,3,47.44,0.1933
3190,W2C,5,4.6092,30.0,3,51.98,0.2016
3191,N2C,2,12.007,0.0,0,19.96,0.0391
3191,S2C,2,13.2278,0.0,0,18.11,0.0215
3191,E2C,5,4.8157,30.0,3,49.75,0.1987
3191,W2C,5,4.4839,33.0,3,53.44,0.2054
3192,N2C,2,11.8395,0.0,0,20.24,0.0415
3192,S2C,2,13.2727,0.0,0,18.05,0.0209
3192,E2C,5,4.8053,33.0,3,49.86,0.2008
3192,W2C,5,4.3403,36.0,3,55.2,0.2095
3193,N2C,2,12.1809,0.0,0,19.67,0.0366
3193,S2C,2,13.6833,0.0,0,17.51,0.015
3193,E2C,5,4.8011,36.0,3,49.91,0.2029
3193,W2C,5,4.7033,39.0,3,50.94,0.2063
3194,N2C,2,12.6324,0.0,0,18.97,0.0301
3194,S2C,2,13.4367,0.0,0,17.83,0.0185
3194,E2C,5,4.9005,39.0,3,48.89,0.2034
3194,W2C,5,4.5842,42.0,3,52.27,0.21
3195,N2C,2,12.3497,0.0,0,19.4,0.0342
3195,S2C,2,13.4738,0.0,0,17.78,0.018
3195,E2C,5,4.8634,42.0,3,49.27,0.206
3195,W2C,5,4.3834,45.0,3,54.66,0.2149
3196,N2C,3,13.0295,0.0,0,18.39,0.0304
3196,S2C,2,13.437,0.0,0,17.83,0.0185
3196,E2C,6,6.2801,45.0,3,38.15,0.1936
3196,W2C,6,6.0879,48.0,3,39.36,0.1983
3197,N2C,3,12.6116,0.0,0,19.0,0.0364
3197,S2C,2,12.4097,0.0,0,19.31,0.0333
3197,E2C,6,6.3844,48.0,3,37.53,0.1941
3197,W2C,6,5.918,51.0,3,40.49,0.2028
3198,N2C,2,13.2345,0.0,0,18.1,0.0214
3198,S2C,2,12.85,0.0,0,18.65,0.027
3198,E2C,6,5.5815,51.0,3,42.93,0.2076
3198,W2C,6,5.9862,54.0,3,40.03,0.2038
3199,N2C,2,12.8658,0.0,0,18.62,0.0267
3199,S2C,2,13.5246,0.0,0,17.72,0.0173
3199,E2C,6,5.2267,54.0,3,45.84,0.2147
3199,W2C,6,5.8793,57.0,3,40.75,0.2073
3200,N2C,2,13.1959,0.0,0,18.16,0.022
3200,S2C,2,13.1478,0.0,0,18.22,0.0227
3200,E2C,6,4.6259,57.0,3,51.8,0.2254
3200,W2C,6,5.9134,60.0,3,40.52,0.2089
3201,N2C,2,13.3556,0.0,0,17.94,0.0197
3201,S2C,2,13.0627,0.0,0,18.34,0.0239
3201,E2C,6,4.4044,61.0,4,54.4,0.2372
3201,W2C,6,6.0635,63.0,3,39.52,0.2087
3202,N2C,2,13.1333,0.0,0,18.24,0.0229
3202,S2C,2,12.5851,0.0,0,19.04,0.0308
3202,E2C,4,6.8198,15.0,2,35.13,0.1478
3202,W2C,4,8.1335,13.0,1,29.46,0.1216
3203,N2C,2,13.2894,0.0,0,18.03,0.0206
3203,S2C,2,13.3413,0.0,0,17.96,0.0199
3203,E2C,4,6.6952,0.0,0,35.79,0.1276
3203,W2C,4,7.1846,0.0,0,33.35,0.1205
3204,N2C,2,13.0623,0.0,0,18.34,0.0239
3204,S2C,2,11.7069,0.0,0,20.47,0.0434
3204,E2C,4,6.543,0.0,0,36.62,0.1298
3204,W2C,4,7.3475,0.0,0,32.61,0.1182
3205,N2C,3,12.1988,0.0,0,19.64,0.0424
3205,S2C,3,10.8252,0.0,0,22.13,0.0621
3205,E2C,4,8.9613,0.0,0,26.74,0.095
3205,W2C,4,9.2282,0.0,0,25.96,0.0911
3206,N2C,3,10.7538,0.0,0,22.28,0.0632
3206,S2C,3,9.0482,0.0,0,26.48,0.0877
3206,E2C,3,10.6443,0.0,0,22.51,0.0647
3206,W2C,3,9.5477,0.0,0,25.09,0.0805
3207,N2C,3,9.4564,0.0,0,25.34,0.0818
3207,S2C,3,8.3911,0.0,0,28.55,0.0972
3207,E2C,2,13.5027,0.0,0,17.74,0.0176
3207,W2C,3,10.2765,0.0,0,23.32,0.07
3208,N2C,3,8.8272,0.0,0,27.14,0.0909
3208,S2C,3,8.31,1.0,1,28.83,0.105
3208,E2C,2,13.5376,0.0,0,17.7,0.0171
3208,W2C,2,12.3495,0.0,0,19.4,0.0342
3209,N2C,3,8.7081,1.0,1,27.51,0.0993
3209,S2C,3,8.3285,2.0,1,28.77,0.1054
3209,E2C,2,13.37,0.0,0,17.92,0.0195
3209,W2C,2,12.6242,0.0,0,18.98,0.0302
3210,N2C,3,8.7185,2.0,1,27.48,0.0998
3210,S2C,3,8.3304,3.0,1,28.76,0.1061
3210,E2C,2,13.1109,0.0,0,18.27,0.0232
3210,W2C,2,12.921,0.0,0,18.54,0.026
3211,N2C,3,8.6664,3.0,1,27.65,0.1012
3211,S2C,3,8.4725,4.0,1,28.28,0.1047
3211,E2C,2,13.4102,0.0,0,17.87,0.0189
3211,W2C,2,12.8261,0.0,0,18.68,0.0273
3212,N2C,3,8.5861,4.0,1,27.91,0.103
3212,S2C,3,8.4592,5.0,1,28.32,0.1055
3212,E2C,2,13.25,0.0,0,18.08,0.0212
3212,W2C,2,12.2249,0.0,0,19.6,0.036
3213,N2C,3,7.9127,5.0,1,30.28,0.1134
3213,S2C,3,8.3739,6.0,1,28.61,0.1074
3213,E2C,2,12.6704,0.0,0,18.91,0.0296
3213,W2C,2,11.8202,0.0,0,20.27,0.0418
3214,N2C,4,8.818,6.0,1,27.17,0.107
3214,S2C,4,8.754,7.0,1,27.37,0.1086
3214,E2C,2,13.7533,0.0,0,17.42,0.014
3214,W2C,2,12.5379,0.0,0,19.11,0.0315
3215,N2C,4,7.9747,7.0,1,30.04,0.1198
3215,S2C,4,7.7449,8.0,1,30.94,0.1238
3215,E2C,2,12.7684,0.0,0,18.77,0.0281
3215,W2C,2,12.7349,0.0,0,18.81,0.0286
3216,N2C,4,7.0472,8.0,1,34.0,0.1339
3216,S2C,4,6.8979,9.0,1,34.74,0.1367
3216,E2C,2,12.946,0.0,0,18.51,0.0256
3216,W2C,2,12.7342,0.0,0,18.82,0.0286
3217,N2C,4,6.8766,9.0,1,34.84,0.137
3217,S2C,4,6.4565,10.0,1,37.11,0.1437
3217,E2C,2,13.1292,0.0,0,18.25,0.023
3217,W2C,2,12.9576,0.0,0,18.49,0.0254
3218,N2C,4,6.6849,11.0,2,35.84,0.1471
3218,S2C,4,6.1197,11.0,1,39.15,0.1492
3218,E2C,2,13.2316,0.0,0,18.11,0.0215
3218,W2C,2,12.8699,0.0,0,18.62,0.0267
3219,N2C,4,6.6827,13.0,2,35.85,0.1484
3219,S2C,4,5.843,13.0,2,41.01,0.1605
3219,E2C,2,13.2722,0.0,0,18.05,0.0209
3219,W2C,2,12.9085,0.0,0,18.56,0.0261
3220,N2C,4,6.4687,15.0,2,37.04,0.1529
3220,S2C,4,5.8722,15.0,2,40.8,0.1614
3220,E2C,2,13.128,0.0,0,18.25,0.023
3220,W2C,2,13.0417,0.0,0,18.37,0.0242
3221,N2C,4,6.3719,17.0,2,37.6,0.1556
3221,S2C,4,5.9506,17.0,2,40.26,0.1617
3221,E2C,2,13.4511,0.0,0,17.81,0.0183
3221,W2C,2,12.9242,0.0,0,18.54,0.0259
3222,N2C,4,5.7651,19.0,2,41.56,0.1657
3222,S2C,4,5.9939,19.0,2,39.97,0.1624
3222,E2C,2,12.9929,0.0,0,18.44,0.0249
3222,W2C,2,12.9745,0.0,0,18.47,0.0252
3223,N2C,5,6.1696,21.0,2,38.84,0.1672
3223,S2C,5,6.9843,21.0,2,34.31,0.1554
3223,E2C,2,13.6021,0.0,0,17.61,0.0161
3223,W2C,3,12.839,0.0,0,18.66,0.0331
3224,N2C,5,5.3532,23.0,2,44.76,0.1803
3224,S2C,5,5.738,23.0,2,41.76,0.1747
3224,E2C,2,13.6085,0.0,0,17.61,0.0161
3224,W2C,3,12.7084,0.0,0,18.85,0.035
3225,N2C,5,5.1064,26.0,3,46.92,0.1918
3225,S2C,5,5.2991,25.0,2,45.22,0.1824
3225,E2C,2,13.5342,0.0,0,17.7,0.0171
3225,W2C,3,12.7474,0.0,0,18.8,0.0345
3226,N2C,5,4.9906,29.0,3,48.01,0.1955
3226,S2C,5,4.9622,27.0,2,48.28,0.1885
3226,E2C,2,13.0878,0.0,0,18.31,0.0236
3226,W2C,2,12.9918,0.0,0,18.44,0.0249
3227,N2C,5,5.1382,32.0,3,46.63,0.1953
3227,S2C,5,4.795,29.0,2,49.97,0.1923
3227,E2C,2,13.7794,0.0,0,17.39,0.0136
3227,W2C,2,12.6248,0.0,0,18.98,0.0302
3228,N2C,5,4.9074,35.0,3,48.82,0.2007
3228,S2C,5,5.0294,32.0,3,47.64,0.1969
3228,E2C,2,13.2014,0.0,0,18.15,0.0219
3228,W2C,2,13.1785,0.0,0,18.18,0.0222
3229,N2C,5,5.1629,38.0,3,46.41,0.199
3229,S2C,5,4.8906,35.0,3,48.99,0.2009
3229,E2C,2,13.2846,0.0,0,18.04,0.0207
3229,W2C,2,13.3595,0.0,0,17.93,0.0196
3230,N2C,5,5.3141,41.0,3,45.09,0.1988
3230,S2C,5,5.0398,38.0,3,47.54,0.2008
3230,E2C,2,13.4255,0.0,0,17.85,0.0187
3230,W2C,2,13.283,0.0,0,18.04,0.0207
3231,N2C,5,4.4156,44.0,3,54.26,0.2138
3231,S2C,5,4.7398,41.0,3,50.55,0.2071
3231,E2C,2,13.3784,0.0,0,17.91,0.0194
3231,W2C,2,13.0144,0.0,0,18.41,0.0246
3232,N2C,6,5.0898,47.0,3,47.07,0.212
3232,S2C,6,6.4226,44.0,3,37.31,0.1909
3232,E2C,2,11.9687,0.0,0,20.02,0.0397
3232,W2C,2,12.6436,0.0,0,18.95,0.0299
3233,N2C,6,4.2839,50.0,3,55.93,0.2257
3233,S2C,6,5.5018,47.0,3,43.55,0.2061
3233,E2C,2,11.4895,0.0,0,20.85,0.0466
3233,W2C,2,12.4265,0.0,0,19.28,0.0331
3234,N2C,6,4.0884,54.0,4,58.61,0.2371
3234,S2C,6,4.9111,50.0,3,48.79,0.2166
3234,E2C,2,12.012,0.0,0,19.95,0.039
3234,W2C,2,11.7049,0.0,0,20.47,0.0435
3235,N2C,4,6.1131,13.0,2,39.19,0.1566
3235,S2C,4,6.677,8.0,1,35.88,0.1392
3235,E2C,2,12.0065,0.0,0,19.96,0.0391
3235,W2C,2,12.0907,0.0,0,19.82,0.0379
3236,N2C,4,7.051,0.0,0,33.98,0.1225
3236,S2C,4,7.3837,0.0,0,32.45,0.1177
3236,E2C,2,12.0355,0.0,0,19.91,0.0387
3236,W2C,2,12.2712,0.0,0,19.53,0.0353
3237,N2C,4,7.7446,0.0,0,30.94,0.1125
3237,S2C,4,8.3644,0.0,0,28.65,0.1036
3237,E2C,2,11.8408,0.0,0,20.24,0.0415
3237,W2C,2,12.667,0.0,0,18.92,0.0296
3238,N2C,2,12.6319,0.0,0,18.97,0.0301
3238,S2C,2,12.5553,0.0,0,19.08,0.0312
3238,E2C,2,11.4456,0.0,0,20.93,0.0472
3238,W2C,2,12.6963,0.0,0,18.87,0.0292
3239,N2C,2,12.5662,0.0,0,19.07,0.0311
3239,S2C,2,13.0652,0.0,0,18.34,0.0239
3239,E2C,2,12.3467,0.0,0,19.41,0.0342
3239,W2C,2,12.855,0.0,0,18.64,0.0269
3240,N2C,2,12.8801,0.0,0,18.6,0.0265
3240,S2C,2,13.208,0.0,0,18.14,0.0218
3240,E2C,2,11.7254,0.0,0,20.43,0.0432
3240,W2C,2,12.5759,0.0,0,19.05,0.0309
3241,N2C,3,13.0814,0.0,0,18.32,0.0296
3241,S2C,3,13.0055,0.0,0,18.42,0.0307
3241,E2C,3,10.0947,0.0,0,23.74,0.0726
3241,W2C,3,10.9447,0.0,0,21.89,0.0604
3242,N2C,3,13.0159,0.0,0,18.41,0.0306
3242,S2C,2,13.5218,0.0,0,17.72,0.0173
3242,E2C,3,9.1684,0.0,0,26.13,0.086
3242,W2C,3,9.4211,0.0,0,25.43,0.0823
3243,N2C,2,13.5665,0.0,0,17.66,0.0167
3243,S2C,2,13.1212,0.0,0,18.26,0.0231
3243,E2C,3,7.8657,0.0,0,30.46,0.1047
3243,W2C,3,8.1914,0.0,0,29.25,0.1001
3244,N2C,2,12.6114,0.0,0,19.0,0.0304
3244,S2C,2,13.1989,0.0,0,18.15,0.022
3244,E2C,3,7.7757,0.0,0,30.81,0.106
3244,W2C,3,7.865,1.0,1,30.46,0.1114
3245,N2C,2,13.2513,0.0,0,18.08,0.0212
3245,S2C,2,13.4312,0.0,0,17.84,0.0186
3245,E2C,3,7.9477,1.0,1,30.15,0.1102
3245,W2C,3,7.9039,2.0,1,30.31,0.1115
3246,N2C,2,13.1983,0.0,0,18.15,0.022
3246,S2C,2,13.4796,0.0,0,17.77,0.0179
3246,E2C,3,8.0305,2.0,1,29.84,0.1097
3246,W2C,3,8.144,3.0,1,29.42,0.1087
3247,N2C,2,12.7576,0.0,0,18.78,0.0283
3247,S2C,2,13.3904,0.0,0,17.89,0.0192
3247,E2C,3,7.5196,3.0,1,31.86,0.1177
3247,W2C,3,7.976,4.0,1,30.04,0.1118
3248,N2C,2,13.05,0.0,0,18.36,0.0241
3248,S2C,2,13.2447,0.0,0,18.09,0.0213
3248,E2C,3,7.7367,4.0,1,30.97,0.1153
3248,W2C,3,7.6915,5.0,1,31.15,0.1166
3249,N2C,2,13.075,0.0,0,18.32,0.0237
3249,S2C,2,13.6036,0.0,0,17.61,0.0161
3249,E2C,3,7.7223,5.0,1,31.03,0.1161
3249,W2C,3,8.0173,6.0,1,29.89,0.1126
3250,N2C,3,13.453,0.0,0,17.81,0.0243
3250,S2C,2,13.6135,0.0,0,17.6,0.016
3250,E2C,4,8.9357,6.0,1,26.81,0.1053
3250,W2C,4,9.4317,7.0,1,25.4,0.0989
3251,N2C,2,12.6964,0.0,0,18.87,0.0292
3251,S2C,2,13.0478,0.0,0,18.36,0.0241
3251,E2C,4,8.8651,7.0,1,27.03,0.107
3251,W2C,4,9.1775,8.0,1,26.11,0.1032
3252,N2C,2,13.424,0.0,0,17.85,0.0187
3252,S2C,2,13.5653,0.0,0,17.66,0.0167
3252,E2C,4,8.8981,8.0,1,26.93,0.1072
3252,W2C,4,8.4966,9.0,1,28.2,0.1137
3253,N2C,2,13.754,0.0,0,17.42,0.014
3253,S2C,2,13.2212,0.0,0,18.12,0.0216
3253,E2C,4,8.7718,9.0,1,27.31,0.1097
3253,W2C,4,7.8762,10.0,1,30.42,0.1233
3254,N2C,2,12.9171,0.0,0,18.55,0.026
3254,S2C,2,12.7097,0.0,0,18.85,0.029
3254,E2C,4,8.3115,10.0,1,28.83,0.117
3254,W2C,4,6.9653,11.0,1,34.4,0.137
3255,N2C,2,13.6245,0.0,0,17.59,0.0158
3255,S2C,2,13.5018,0.0,0,17.75,0.0176
3255,E2C,4,7.3847,11.0,1,32.45,0.131
3255,W2C,4,6.6749,12.0,1,35.9,0.1419
3256,N2C,2,13.5561,0.0,0,17.67,0.0168
3256,S2C,2,13.0736,0.0,0,18.33,0.0238
3256,E2C,4,6.5403,12.0,1,36.63,0.1438
3256,W2C,4,6.5614,14.0,2,36.52,0.1509
3257,N2C,2,13.3499,0.0,0,17.95,0.0198
3257,S2C,2,13.6892,0.0,0,17.5,0.0149
3257,E2C,4,6.4626,13.0,1,37.07,0.1456
3257,W2C,4,6.2193,16.0,2,38.53,0.1571
3258,N2C,2,13.4167,0.0,0,17.86,0.0188
3258,S2C,2,13.388,0.0,0,17.9,0.0192
3258,E2C,4,5.7266,15.0,2,41.84,0.1635
3258,W2C,4,6.4562,18.0,2,37.11,0.155
3259,N2C,2,13.8369,0.0,0,17.32,0.0128
3259,S2C,2,13.6583,0.0,0,17.54,0.0153
3259,E2C,5,6.4555,17.0,2,37.12,0.1604
3259,W2C,5,7.1815,20.0,2,33.36,0.1519
3260,N2C,2,13.4058,0.0,0,17.87,0.019
3260,S2C,2,13.2461,0.0,0,18.09,0.0213
3260,E2C,5,5.8521,19.0,2,40.94,0.1704
3260,W2C,5,6.0221,22.0,2,39.79,0.17
3261,N2C,2,13.3628,0.0,0,17.93,0.0196
3261,S2C,2,13.4667,0.0,0,17.79,0.0181
3261,E2C,5,5.013,22.0,3,47.8,0.1905
3261,W2C,5,5.4502,24.0,2,43.96,0.1795
3262,N2C,2,13.0076,0.0,0,18.42,0.0247
3262,S2C,2,13.2433,0.0,0,18.09,0.0213
3262,E2C,5,5.211,25.0,3,45.98,0.1896
3262,W2C,5,5.2713,27.0,3,45.45,0.1901
3263,N2C,2,13.3598,0.0,0,17.93,0.0196
3263,S2C,2,13.0941,0.0,0,18.3,0.0235
3263,E2C,5,5.0699,28.0,3,47.26,0.1937
3263,W2C,5,5.0849,30.0,3,47.12,0.1948
3264,N2C,2,13.5284,0.0,0,17.71,0.0172
3264,S2C,2,13.1554,0.0,0,18.21,0.0226
3264,E2C,5,4.9646,31.0,3,48.26,0.1972
3264,W2C,5,5.3694,33.0,3,44.62,0.1927
3265,N2C,2,13.1429,0.0,0,18.23,0.0228
3265,S2C,2,13.502,0.0,0,17.75,0.0176
3265,E2C,5,4.9882,34.0,3,48.03,0.1988
3265,W2C,5,5.2059,36.0,3,46.02,0.197
3266,N2C,2,13.0719,0.0,0,18.33,0.0238
3266,S2C,2,13.4281,0.0,0,17.84,0.0187
3266,E2C,5,5.2061,37.0,3,46.02,0.1977
3266,W2C,5,5.2177,39.0,3,45.92,0.1989
3267,N2C,2,12.3119,0.0,0,19.46,0.0347
3267,S2C,2,12.419,0.0,0,19.29,0.0332
3267,E2C,5,5.1305,40.0,3,46.7,0.2008
3267,W2C,5,4.4049,42.0,3,54.39,0.2126
3268,N2C,3,11.4325,0.0,0,20.96,0.0534
3268,S2C,3,11.322,0.0,0,21.16,0.055
3268,E2C,4,9.6478,8.0,1,24.83,0.0964
3268,W2C,4,8.1532,7.0,1,29.39,0.1173
3269,N2C,3,9.4503,0.0,0,25.35,0.0819
3269,S2C,3,9.8396,0.0,0,24.35,0.0763
3269,E2C,4,9.1839,0.0,0,26.09,0.0918
3269,W2C,4,7.7797,0.0,0,30.8,0.112
3270,N2C,3,8.7225,0.0,0,27.47,0.0924
3270,S2C,3,9.495,0.0,0,25.23,0.0813
3270,E2C,4,9.1463,0.0,0,26.2,0.0923
3270,W2C,4,8.195,0.0,0,29.24,0.106
3271,N2C,3,8.901,1.0,1,26.92,0.0965
3271,S2C,3,8.8247,1.0,1,27.15,0.0976
3271,E2C,2,13.5216,0.0,0,17.72,0.0173
3271,W2C,2,12.6616,0.0,0,18.92,0.0297
3272,N2C,3,8.875,2.0,1,27.0,0.0975
3272,S2C,3,8.836,2.0,1,27.12,0.0981
3272,E2C,2,13.1477,0.0,0,18.22,0.0227
3272,W2C,2,13.3516,0.0,0,17.95,0.0198
3273,N2C,3,8.8734,3.0,1,27.0,0.0982
3273,S2C,3,8.4593,3.0,1,28.32,0.1042
3273,E2C,2,13.3477,0.0,0,17.95,0.0198
3273,W2C,2,12.9934,0.0,0,18.44,0.0249
3274,N2C,3,8.8701,4.0,1,27.01,0.0989
3274,S2C,3,8.5895,4.0,1,27.89,0.103
3274,E2C,2,12.7012,0.0,0,18.86,0.0291
3274,W2C,2,13.0649,0.0,0,18.34,0.0239
3275,N2C,3,8.782,5.0,1,27.28,0.1009
3275,S2C,3,8.963,5.0,1,26.73,0.0983
3275,E2C,2,13.5965,0.0,0,17.62,0.0162
3275,W2C,2,13.5795,0.0,0,17.64,0.0165
3276,N2C,3,7.8874,6.0,1,30.38,0.1144
3276,S2C,3,8.4988,6.0,1,28.19,0.1056
3276,E2C,2,13.6153,0.0,0,17.6,0.016
3276,W2C,2,13.4556,0.0,0,17.81,0.0183
3277,N2C,4,8.5115,7.0,1,28.15,0.1121
3277,S2C,4,8.5667,7.0,1,27.97,0.1113
3277,E2C,2,13.5867,0.0,0,17.63,0.0164
3277,W2C,3,13.1186,0.0,0,18.26,0.0291
3278,N2C,4,7.4652,8.0,1,32.1,0.1278
3278,S2C,4,7.2241,8.0,1,33.17,0.1313
3278,E2C,2,13.5634,0.0,0,17.67,0.0167
3278,W2C,2,13.2538,0.0,0,18.08,0.0212
3279,N2C,4,6.6236,9.0,1,36.17,0.1406
3279,S2C,4,6.764,9.0,1,35.42,0.1386
3279,E2C,2,13.3524,0.0,0,17.94,0.0197
3279,W2C,2,12.1931,0.0,0,19.65,0.0364
3280,N2C,4,6.4199,11.0,2,37.32,0.1509
3280,S2C,4,6.5964,11.0,2,36.32,0.1484
3280,E2C,2,13.1282,0.0,0,18.25,0.023
3280,W2C,2,12.6997,0.0,0,18.87,0.0291
3281,N2C,4,6.7787,13.0,2,35.35,0.1471
3281,S2C,4,6.6779,13.0,2,35.88,0.1485
3281,E2C,2,13.2146,0.0,0,18.13,0.0217
3281,W2C,2,12.6587,0.0,0,18.93,0.0297
3282,N2C,4,6.688,15.0,2,35.83,0.1497
3282,S2C,4,6.7296,15.0,2,35.6,0.1491
3282,E2C,2,13.4272,0.0,0,17.84,0.0187
3282,W2C,2,12.549,0.0,0,19.09,0.0313
3283,N2C,4,6.8398,17.0,2,35.03,0.1488
3283,S2C,4,6.4466,17.0,2,37.17,0.1545
3283,E2C,2,13.1315,0.0,0,18.25,0.0229
3283,W2C,2,12.5265,0.0,0,19.13,0.0316
3284,N2C,4,6.5194,19.0,2,36.75,0.1548
3284,S2C,4,6.6205,19.0,2,36.19,0.1533
3284,E2C,2,12.9406,0.0,0,18.52,0.0257
3284,W2C,2,12.5696,0.0,0,19.06,0.031
3285,N2C,4,5.4048,21.0,2,44.33,0.1722
3285,S2C,4,5.6808,21.0,2,42.18,0.1682
3285,E2C,2,13.589,0.0,0,17.63,0.0163
3285,W2C,2,12.4368,0.0,0,19.27,0.0329
3286,N2C,5,6.0466,23.0,2,39.63,0.1703
3286,S2C,5,6.5719,23.0,2,36.46,0.1627
3286,E2C,2,13.3562,0.0,0,17.94,0.0197
3286,W2C,2,12.9085,0.0,0,18.56,0.0261
3287,N2C,5,5.3304,25.0,2,44.95,0.1819
3287,S2C,5,5.3453,25.0,2,44.82,0.1817
3287,E2C,2,13.0753,0.0,0,18.32,0.0237
3287,W2C,2,12.5293,0.0,0,19.12,0.0316
3288,N2C,5,4.6997,27.0,2,50.98,0.1923
3288,S2C,5,5.1915,28.0,3,46.15,0.1919
3288,E2C,2,13.3759,0.0,0,17.91,0.0194
3288,W2C,2,13.0859,0.0,0,18.31,0.0236
3289,N2C,5,5.1705,29.0,2,46.34,0.1869
3289,S2C,5,5.3947,31.0,3,44.41,0.191
3289,E2C,2,13.2655,0.0,0,18.06,0.021
3289,W2C,2,13.0706,0.0,0,18.33,0.0238
3290,N2C,5,4.8716,32.0,3,49.18,0.1992
3290,S2C,5,5.2223,34.0,3,45.88,0.1955
3290,E2C,2,13.1217,0.0,0,18.26,0.0231
3290,W2C,2,13.3955,0.0,0,17.89,0.0191
3291,N2C,5,4.6658,35.0,3,51.35,0.2042
3291,S2C,5,5.3815,37.0,3,44.52,0.1952
3291,E2C,2,13.0238,0.0,0,18.4,0.0245
3291,W2C,2,13.1437,0.0,0,18.23,0.0227
3292,N2C,5,4.7771,38.0,3,50.16,0.2045
3292,S2C,5,5.3347,40.0,3,44.91,0.1979
3292,E2C,2,13.0555,0.0,0,18.35,0.024
3292,W2C,2,13.1813,0.0,0,18.18,0.0222
3293,N2C,5,4.9116,41.0,3,48.78,0.2046
3293,S2C,5,4.9948,43.0,3,47.97,0.2047
3293,E2C,2,13.2628,0.0,0,18.07,0.021
3293,W2C,2,12.8215,0.0,0,18.69,0.0274
3294,N2C,5,4.1584,44.0,3,57.62,0.2175
3294,S2C,5,4.4362,46.0,3,54.01,0.2148
3294,E2C,2,13.4794,0.0,0,17.78,0.0179
3294,W2C,2,12.9135,0.0,0,18.55,0.0261
3295,N2C,6,5.0046,47.0,3,47.88,0.2133
3295,S2C,6,5.3117,49.0,3,45.11,0.2102
3295,E2C,2,13.3465,0.0,0,17.95,0.0198
3295,W2C,3,13.2161,0.0,0,18.13,0.0277
3296,N2C,6,4.1334,50.0,3,57.97,0.2278
3296,S2C,6,4.5168,52.0,3,53.05,0.2236
3296,E2C,2,13.6274,0.0,0,17.58,0.0158
3296,W2C,3,12.86,0.0,0,18.63,0.0328
3297,N2C,6,4.1123,54.0,4,58.26,0.2368
3297,S2C,6,4.3508,55.0,3,55.07,0.228
3297,E2C,2,13.1511,0.0,0,18.22,0.0226
3297,W2C,2,13.4748,0.0,0,17.78,0.018
3298,N2C,6,3.9981,58.0,4,59.93,0.2411
3298,S2C,6,4.5342,59.0,4,52.84,0.234
3298,E2C,2,13.1913,0.0,0,18.16,0.0221
3298,W2C,2,12.89,0.0,0,18.59,0.0264
3299,N2C,6,4.0395,62.0,4,59.31,0.2432
3299,S2C,6,4.4627,63.0,4,53.69,0.2377
3299,E2C,2,13.292,0.0,0,18.03,0.0206
3299,W2C,2,13.2137,0.0,0,18.13,0.0217
3300,N2C,6,3.8911,66.0,4,61.58,0.248
3300,S2C,6,4.4169,67.0,4,54.25,0.2411
3300,E2C,2,13.2862,0.0,0,18.03,0.0207
3300,W2C,2,12.6186,0.0,0,18.99,0.0303
3301,N2C,4,6.0637,17.0,2,39.51,0.16
3301,S2C,4,6.8431,18.0,2,35.01,0.1495
3301,E2C,2,13.4165,0.0,0,17.86,0.0188
3301,W2C,2,13.0209,0.0,0,18.4,0.0245
3302,N2C,4,6.7461,0.0,0,35.52,0.1269
3302,S2C,4,6.5634,0.0,0,36.51,0.1295
3302,E2C,2,13.0379,0.0,0,18.38,0.0243
3302,W2C,2,13.3442,0.0,0,17.96,0.0199
3303,N2C,4,7.5106,0.0,0,31.9,0.1159
3303,S2C,4,6.9873,0.0,0,34.29,0.1234
3303,E2C,2,12.9956,0.0,0,18.44,0.0249
3303,W2C,2,12.5743,0.0,0,19.05,0.0309
3304,N2C,3,12.4831,0.0,0,19.19,0.0383
3304,S2C,3,10.28,0.0,0,23.31,0.07
3304,E2C,3,11.0251,0.0,0,21.73,0.0593
3304,W2C,3,11.5967,0.0,0,20.66,0.051
3305,N2C,3,11.9984,0.0,0,19.97,0.0452
3305,S2C,3,10.6337,0.0,0,22.53,0.0649
3305,E2C,3,9.5172,0.0,0,25.18,0.081
3305,W2C,3,10.3752,0.0,0,23.09,0.0686
3306,N2C,3,11.6968,0.0,0,20.48,0.0496
3306,S2C,3,11.0926,0.0,0,21.6,0.0583
3306,E2C,3,8.3329,0.0,0,28.75,0.098
3306,W2C,3,9.1285,1.0,1,26.25,0.0932
3307,N2C,3,11.94,0.0,0,20.07,0.0461
3307,S2C,2,12.8161,0.0,0,18.7,0.0275
3307,E2C,3,8.4472,1.0,1,28.36,0.103
3307,W2C,3,9.1283,2.0,1,26.25,0.0939
3308,N2C,2,12.1256,0.0,0,19.76,0.0374
3308,S2C,2,13.0261,0.0,0,18.39,0.0244
3308,E2C,3,8.334,2.0,1,28.75,0.1053
3308,W2C,3,8.5449,3.0,1,28.04,0.103
3309,N2C,2,12.8551,0.0,0,18.64,0.0269
3309,S2C,2,13.5335,0.0,0,17.7,0.0171
3309,E2C,3,8.5257,3.0,1,28.1,0.1032
3309,W2C,3,8.8686,4.0,1,27.02,0.099
3310,N2C,2,12.8472,0.0,0,18.65,0.027
3310,S2C,2,12.8014,0.0,0,18.72,0.0277
3310,E2C,3,8.1918,4.0,1,29.25,0.1087
3310,W2C,3,8.8494,5.0,1,27.08,0.0999
3311,N2C,2,13.0681,0.0,0,18.33,0.0238
3311,S2C,2,13.1612,0.0,0,18.21,0.0225
3311,E2C,3,8.0899,5.0,1,29.62,0.1108
3311,W2C,3,8.8061,6.0,1,27.21,0.1012
3312,N2C,2,13.0406,0.0,0,18.37,0.0242
3312,S2C,2,13.02,0.0,0,18.4,0.0245
3312,E2C,3,7.4089,6.0,1,32.34,0.1213
3312,W2C,3,7.9174,7.0,1,30.26,0.1147
3313,N2C,3,12.9833,0.0,0,18.45,0.0311
3313,S2C,2,13.5577,0.0,0,17.67,0.0168
3313,E2C,4,8.0097,7.0,1,29.91,0.1193
3313,W2C,4,8.4452,8.0,1,28.37,0.1137
3314,N2C,2,12.1027,0.0,0,19.8,0.0377
3314,S2C,2,12.791,0.0,0,18.73,0.0278
3314,E2C,4,7.2524,8.0,1,33.04,0.1309
3314,W2C,4,7.3428,9.0,1,32.63,0.1303
3315,N2C,2,13.1123,0.0,0,18.27,0.0232
3315,S2C,2,12.7469,0.0,0,18.8,0.0285
3315,E2C,4,6.5966,9.0,1,36.32,0.141
3315,W2C,4,6.7988,10.0,1,35.24,0.1388
3316,N2C,2,12.8314,0.0,0,18.67,0.0272
3316,S2C,2,13.1725,0.0,0,18.19,0.0223
3316,E2C,4,6.3818,10.0,1,37.54,0.1448
3316,W2C,4,6.7887,12.0,2,35.29,0.1463
3317,N2C,2,12.3426,0.0,0,19.41,0.0343
3317,S2C,2,13.5937,0.0,0,17.63,0.0163
3317,E2C,4,6.5184,12.0,2,36.76,0.1501
3317,W2C,4,6.8689,14.0,2,34.88,0.1464
3318,N2C,2,12.6275,0.0,0,18.97,0.0302
3318,S2C,2,13.2981,0.0,0,18.02,0.0205
3318,E2C,4,6.0859,14.0,2,39.37,0.1577
3318,W2C,4,6.7795,16.0,2,35.34,0.149
3319,N2C,2,12.6455,0.0,0,18.95,0.0299
3319,S2C,2,13.4712,0.0,0,17.79,0.018
3319,E2C,4,6.2537,16.0,2,38.31,0.1566
3319,W2C,4,6.7488,18.0,2,35.5,0.1508
3320,N2C,2,12.6446,0.0,0,18.95,0.0299
3320,S2C,2,13.2793,0.0,0,18.04,0.0208
3320,E2C,4,6.3015,18.0,2,38.02,0.1573
3320,W2C,4,6.4849,20.0,2,36.95,0.156
3321,N2C,2,13.0615,0.0,0,18.34,0.0239
3321,S2C,2,13.3109,0.0,0,18.0,0.0203
3321,E2C,4,6.219,20.0,2,38.53,0.1598
3321,W2C,4,5.5556,22.0,2,43.13,0.1707
3322,N2C,3,13.0962,0.0,0,18.3,0.0294
3322,S2C,3,13.5853,0.0,0,17.64,0.0224
3322,E2C,5,7.7576,22.0,2,30.89,0.145
3322,W2C,5,6.0522,24.0,2,39.59,0.1709
3323,N2C,3,12.7874,0.0,0,18.74,0.0339
3323,S2C,2,13.169,0.0,0,18.19,0.0224
3323,E2C,5,7.1825,24.0,2,33.36,0.1546
3323,W2C,5,5.267,26.0,2,45.49,0.1835
3324,N2C,2,12.9015,0.0,0,18.57,0.0262
3324,S2C,2,13.6295,0.0,0,17.58,0.0158
3324,E2C,5,6.1561,26.0,2,38.92,0.1707
3324,W2C,5,5.1201,29.0,3,46.8,0.1936
3325,N2C,2,13.3289,0.0,0,17.98,0.0201
3325,S2C,2,12.9639,0.0,0,18.48,0.0253
3325,E2C,5,5.6201,28.0,2,42.63,0.1797
3325,W2C,5,5.2366,32.0,3,45.76,0.1939
3326,N2C,2,13.4653,0.0,0,17.79,0.0181
3326,S2C,2,13.4319,0.0,0,17.84,0.0186
3326,E2C,5,5.4527,30.0,2,43.94,0.1835
3326,W2C,5,5.1143,35.0,3,46.85,0.1977
3327,N2C,2,12.9023,0.0,0,18.57,0.0262
3327,S2C,2,13.4091,0.0,0,17.87,0.0189
3327,E2C,5,5.5202,32.0,2,43.4,0.1838
3327,W2C,5,4.8743,38.0,3,49.16,0.2031
3328,N2C,2,13.461,0.0,0,17.8,0.0182
3328,S2C,2,13.4163,0.0,0,17.86,0.0188
3328,E2C,5,5.3221,35.0,3,45.02,0.1947
3328,W2C,5,4.9547,41.0,3,48.36,0.204
3329,N2C,2,13.4506,0.0,0,17.81,0.0183
3329,S2C,2,13.4185,0.0,0,17.86,0.0188
3329,E2C,5,5.0493,38.0,3,47.45,0.2006
3329,W2C,5,5.2425,44.0,3,45.7,0.2018
3330,N2C,2,13.321,0.0,0,17.99,0.0202
3330,S2C,2,13.1769,0.0,0,18.18,0.0223
3330,E2C,5,4.3805,41.0,3,54.7,0.2123
3330,W2C,5,4.3297,47.0,3,55.34,0.217
3331,N2C,2,13.8065,0.0,0,17.35,0.0132
3331,S2C,2,13.2801,0.0,0,18.04,0.0208
3331,E2C,6,4.837,44.0,3,49.53,0.2137
3331,W2C,6,5.0672,50.0,3,47.28,0.2144
3332,N2C,2,13.3731,0.0,0,17.92,0.0194
3332,S2C,2,12.806,0.0,0,18.71,0.0276
3332,E2C,6,4.2984,47.0,3,55.74,0.2234
3332,W2C,6,4.2298,53.0,3,56.65,0.2284
3333,N2C,2,13.5443,0.0,0,17.69,0.017
3333,S2C,2,13.3436,0.0,0,17.96,0.0199
3333,E2C,6,3.9857,51.0,4,60.11,0.2366
3333,W2C,6,4.4135,57.0,4,54.29,0.2345
3334,N2C,2,13.827,0.0,0,17.33,0.0129
3334,S2C,2,12.5399,0.0,0,19.11,0.0314
3334,E2C,4,6.0242,9.0,2,39.77,0.1553
3334,W2C,4,6.3078,13.0,2,37.98,0.1538
3335,N2C,2,13.2649,0.0,0,18.06,0.021
3335,S2C,2,12.6577,0.0,0,18.93,0.0297
3335,E2C,4,6.5731,0.0,0,36.45,0.1294
3335,W2C,4,7.1701,0.0,0,33.42,0.1208
3336,N2C,2,13.6985,0.0,0,17.49,0.0148
3336,S2C,2,13.0036,0.0,0,18.43,0.0248
3336,E2C,4,7.8974,0.0,0,30.34,0.1103
3336,W2C,4,8.2719,0.0,0,28.97,0.1049
3337,N2C,2,13.482,0.0,0,17.77,0.0179
3337,S2C,2,13.1014,0.0,0,18.29,0.0234
3337,E2C,2,11.8801,0.0,0,20.17,0.0409
3337,W2C,2,12.6298,0.0,0,18.97,0.0301
3338,N2C,2,13.0994,0.0,0,18.29,0.0234
3338,S2C,2,12.7615,0.0,0,18.78,0.0282
3338,E2C,2,12.3309,0.0,0,19.43,0.0344
3338,W2C,2,12.573,0.0,0,19.06,0.031
3339,N2C,2,11.4006,0.0,0,21.02,0.0478
3339,S2C,2,12.5035,0.0,0,19.16,0.032
3339,E2C,2,12.863,0.0,0,18.63,0.0268
3339,W2C,2,12.4703,0.0,0,19.21,0.0324
3340,N2C,3,11.0149,0.0,0,21.75,0.0594
3340,S2C,3,10.9982,0.0,0,21.79,0.0596
3340,E2C,2,12.5531,0.0,0,19.09,0.0312
3340,W2C,3,13.3752,0.0,0,17.91,0.0254
3341,N2C,3,9.7384,0.0,0,24.6,0.0778
3341,S2C,3,9.5118,0.0,0,25.19,0.081
3341,E2C,2,12.3171,0.0,0,19.45,0.0346
3341,W2C,3,13.1698,0.0,0,18.19,0.0284
3342,N2C,3,8.5966,0.0,0,27.87,0.0942
3342,S2C,3,8.4187,1.0,1,28.46,0.1034
3342,E2C,2,12.2173,0.0,0,19.61,0.0361
3342,W2C,2,13.6142,0.0,0,17.6,0.016
3343,N2C,3,8.4932,1.0,1,28.21,0.1024
3343,S2C,3,8.2352,2.0,1,29.09,0.1068
3343,E2C,2,12.1962,0.0,0,19.65,0.0364
3343,W2C,2,13.4017,0.0,0,17.88,0.019
3344,N2C,3,8.407,2.0,1,28.5,0.1043
3344,S2C,3,8.6472,3.0,1,27.71,0.1015
3344,E2C,2,11.3888,0.0,0,21.04,0.048
3344,W2C,2,13.0591,0.0,0,18.35,0.024
3345,N2C,3,8.3073,3.0,1,28.84,0.1064
3345,S2C,3,8.4469,4.0,1,28.37,0.105
3345,E2C,2,12.2187,0.0,0,19.61,0.0361
3345,W2C,2,12.7504,0.0,0,18.79,0.0284
3346,N2C,3,8.3988,4.0,1,28.53,0.1057
3346,S2C,3,8.6999,5.0,1,27.54,0.1021
3346,E2C,2,11.7693,0.0,0,20.36,0.0425
3346,W2C,2,13.4777,0.0,0,17.78,0.0179
3347,N2C,3,8.5584,5.0,1,28.0,0.1041
3347,S2C,3,8.4949,6.0,1,28.21,0.1057
3347,E2C,2,11.7464,0.0,0,20.4,0.0429
3347,W2C,2,13.4115,0.0,0,17.87,0.0189
3348,N2C,3,7.8485,6.0,1,30.53,0.115
3348,S2C,3,8.8732,7.0,1,27.0,0.1009
3348,E2C,2,11.8757,0.0,0,20.18,0.041
3348,W2C,2,13.4085,0.0,0,17.87,0.0189
3349,N2C,4,8.1194,7.0,1,29.51,0.1178
3349,S2C,4,9.6574,8.0,1,24.81,0.0963
3349,E2C,3,12.8318,0.0,0,18.67,0.0332
3349,W2C,2,13.1122,0.0,0,18.27,0.0232
3350,N2C,4,7.352,8.0,1,32.59,0.1295
3350,S2C,4,8.3296,9.0,1,28.76,0.1161
3350,E2C,3,12.336,0.0,0,19.42,0.0404
3350,W2C,2,12.7359,0.0,0,18.81,0.0286
3351,N2C,4,6.5683,9.0,1,36.48,0.1414
3351,S2C,4,7.229,10.0,1,33.14,0.1326
3351,E2C,3,12.263,0.0,0,19.54,0.0414
3351,W2C,2,13.2744,0.0,0,18.05,0.0209
3352,N2C,4,6.4337,10.0,1,37.24,0.144
3352,S2C,4,6.7324,11.0,1,35.59,0.1404
3352,E2C,3,12.225,0.0,0,19.6,0.042
3352,W2C,2,12.9296,0.0,0,18.53,0.0258
3353,N2C,4,6.1579,11.0,1,38.91,0.1487
3353,S2C,4,6.6991,13.0,2,35.77,0.1482
3353,E2C,2,12.8823,0.0,0,18.6,0.0265
3353,W2C,2,13.3808,0.0,0,17.91,0.0193
3354,N2C,4,6.4733,13.0,2,37.01,0.1515
3354,S2C,4,6.8581,15.0,2,34.94,0.1473
3354,E2C,2,13.0628,0.0,0,18.34,0.0239
3354,W2C,2,13.2923,0.0,0,18.03,0.0206
3355,N2C,4,6.5389,15.0,2,36.64,0.1518
3355,S2C,4,6.7336,17.0,2,35.58,0.1504
3355,E2C,2,12.9484,0.0,0,18.5,0.0256
3355,W2C,2,12.5469,0.0,0,19.1,0.0313
3356,N2C,4,6.5948,17.0,2,36.33,0.1524
3356,S2C,4,6.5963,19.0,2,36.32,0.1537
3356,E2C,2,13.0277,0.0,0,18.39,0.0244
3356,W2C,2,13.1846,0.0,0,18.17,0.0222
3357,N2C,4,6.5148,19.0,2,36.78,0.1549
3357,S2C,4,5.6649,21.0,2,42.3,0.1684
3357,E2C,2,12.8514,0.0,0,18.64,0.027
3357,W2C,2,13.278,0.0,0,18.04,0.0208
3358,N2C,5,6.9489,21.0,2,34.48,0.1559
3358,S2C,5,6.3333,23.0,2,37.83,0.1661
3358,E2C,2,13.1584,0.0,0,18.21,0.0225
3358,W2C,2,12.5988,0.0,0,19.02,0.0306
3359,N2C,5,5.9284,23.0,2,40.42,0.172
3359,S2C,5,5.3399,25.0,2,44.87,0.1818
3359,E2C,2,12.9892,0.0,0,18.45,0.025
3359,W2C,2,12.5436,0.0,0,19.1,0.0314
3360,N2C,5,5.2408,25.0,2,45.72,0.1832
3360,S2C,5,5.2543,28.0,3,45.6,0.191
3360,E2C,2,12.3143,0.0,0,19.46,0.0347
3360,W2C,2,12.6259,0.0,0,18.98,0.0302
3361,N2C,5,5.2132,27.0,2,45.96,0.1849
3361,S2C,5,5.2836,31.0,3,45.35,0.1926
3361,E2C,2,12.8571,0.0,0,18.64,0.0269
3361,W2C,2,12.5733,0.0,0,19.06,0.031
3362,N2C,5,5.2087,30.0,3,46.0,0.193
3362,S2C,5,5.3139,34.0,3,45.09,0.1942
3362,E2C,2,12.6251,0.0,0,18.98,0.0302
3362,W2C,2,12.5578,0.0,0,19.08,0.0312
3363,N2C,5,5.0554,33.0,3,47.39,0.1972
3363,S2C,5,5.5107,37.0,3,43.48,0.1933
3363,E2C,2,12.9603,0.0,0,18.49,0.0254
3363,W2C,2,12.8109,0.0,0,18.7,0.0275
3364,N2C,5,5.154,36.0,3,46.49,0.1978
3364,S2C,5,5.184,40.0,3,46.22,0.2
3364,E2C,2,12.8042,0.0,0,18.71,0.0276
3364,W2C,2,12.9164,0.0,0,18.55,0.026
3365,N2C,5,4.8975,39.0,3,48.92,0.2035
3365,S2C,5,5.2926,43.0,3,45.27,0.2005
3365,E2C,2,12.2433,0.0,0,19.57,0.0357
3365,W2C,2,12.8047,0.0,0,18.71,0.0276
3366,N2C,5,4.1723,42.0,3,57.43,0.2159
3366,S2C,5,4.4065,46.0,3,54.37,0.2152
3366,E2C,2,11.7373,0.0,0,20.41,0.043
3366,W2C,2,12.9499,0.0,0,18.5,0.0255
3367,N2C,4,7.7197,6.0,1,31.04,0.1228
3367,S2C,4,8.1591,8.0,1,29.37,0.1179
3367,E2C,3,11.0495,0.0,0,21.68,0.0589
3367,W2C,3,11.5449,0.0,0,20.75,0.0518
3368,N2C,4,7.5118,0.0,0,31.9,0.1158
3368,S2C,4,7.6492,0.0,0,31.32,0.1139
3368,E2C,3,9.4444,0.0,0,25.37,0.082
3368,W2C,3,9.9585,0.0,0,24.06,0.0746
3369,N2C,4,8.1904,0.0,0,29.25,0.1061
3369,S2C,4,8.7314,0.0,0,27.44,0.0983
3369,E2C,3,8.7084,0.0,0,27.51,0.0926
3369,W2C,3,8.5204,0.0,0,28.12,0.0953
3370,N2C,2,12.6754,0.0,0,18.9,0.0295
3370,S2C,2,13.338,0.0,0,17.96,0.0199
3370,E2C,3,8.5329,0.0,0,28.08,0.0951
3370,W2C,3,8.8749,0.0,0,27.0,0.0902
3371,N2C,2,12.6945,0.0,0,18.87,0.0292
3371,S2C,2,13.2505,0.0,0,18.08,0.0212
3371,E2C,3,8.3915,1.0,1,28.55,0.1038
3371,W2C,3,8.356,1.0,1,28.67,0.1043
3372,N2C,2,12.8749,0.0,0,18.61,0.0266
3372,S2C,2,12.9038,0.0,0,18.57,0.0262
3372,E2C,3,8.7124,2.0,1,27.5,0.0999
3372,W2C,3,8.1048,2.0,1,29.56,0.1086
3373,N2C,2,13.1056,0.0,0,18.28,0.0233
3373,S2C,2,13.815,0.0,0,17.34,0.0131
3373,E2C,3,8.4942,3.0,1,28.21,0.1037
3373,W2C,3,8.4287,3.0,1,28.43,0.1046
3374,N2C,2,12.7376,0.0,0,18.81,0.0286
3374,S2C,2,13.0921,0.0,0,18.3,0.0235
3374,E2C,3,8.2493,4.0,1,29.04,0.1079
3374,W2C,3,8.667,4.0,1,27.65,0.1019
3375,N2C,2,12.3997,0.0,0,19.32,0.0335
3375,S2C,2,13.3174,0.0,0,17.99,0.0202
3375,E2C,3,8.7557,5.0,1,27.37,0.1013
3375,W2C,3,8.6121,5.0,1,27.82,0.1033
3376,N2C,3,12.9948,0.0,0,18.44,0.0309
3376,S2C,2,13.5116,0.0,0,17.73,0.0174
3376,E2C,4,9.5712,6.0,1,25.03,0.0962
3376,W2C,4,9.6745,6.0,1,24.77,0.0947
3377,N2C,3,12.2779,0.0,0,19.51,0.0412
3377,S2C,2,13.6381,0.0,0,17.57,0.0156
3377,E2C,4,8.6759,7.0,1,27.62,0.1097
3377,W2C,4,8.8909,7.0,1,26.95,0.1066
3378,N2C,2,12.97,0.0,0,18.47,0.0252
3378,S2C,2,13.2422,0.0,0,18.09,0.0213
3378,E2C,4,7.5895,8.0,1,31.57,0.1261
3378,W2C,4,7.7314,8.0,1,30.99,0.124
3379,N2C,2,12.8394,0.0,0,18.66,0.0271
3379,S2C,2,12.8841,0.0,0,18.6,0.0265
3379,E2C,4,6.8791,9.0,1,34.83,0.1369
3379,W2C,4,6.999,9.0,1,34.23,0.1352
3380,N2C,2,12.7261,0.0,0,18.83,0.0288
3380,S2C,2,13.3582,0.0,0,17.94,0.0197
3380,E2C,4,6.4772,10.0,1,36.99,0.1434
3380,W2C,4,6.6429,10.0,1,36.07,0.141
3381,N2C,2,13.1085,0.0,0,18.28,0.0233
3381,S2C,2,13.0448,0.0,0,18.37,0.0242
3381,E2C,4,6.1669,11.0,1,38.85,0.1485
3381,W2C,4,6.2983,12.0,2,38.04,0.1533
3382,N2C,2,13.6108,0.0,0,17.6,0.016
3382,S2C,2,13.3219,0.0,0,17.99,0.0202
3382,E2C,4,6.45,13.0,2,37.15,0.1518
3382,W2C,4,6.7975,14.0,2,35.25,0.1475
3383,N2C,2,13.1922,0.0,0,18.16,0.022
3383,S2C,2,13.1375,0.0,0,18.24,0.0228
3383,E2C,4,6.2794,15.0,2,38.16,0.1556
3383,W2C,4,6.4878,16.0,2,36.93,0.1532
3384,N2C,2,13.1193,0.0,0,18.26,0.0231
3384,S2C,2,13.2034,0.0,0,18.15,0.0219
3384,E2C,4,5.3795,17.0,2,44.54,0.1699
3384,W2C,4,5.6289,18.0,2,42.57,0.167
3385,N2C,2,13.4872,0.0,0,17.76,0.0178
3385,S2C,2,13.8356,0.0,0,17.32,0.0128
3385,E2C,5,6.2872,19.0,2,38.11,0.1641
3385,W2C,5,6.1822,20.0,2,38.76,0.1663
3386,N2C,2,13.1195,0.0,0,18.26,0.0231
3386,S2C,2,13.2698,0.0,0,18.06,0.0209
3386,E2C,5,5.2442,21.0,2,45.69,0.1805
3386,W2C,5,5.3142,22.0,2,45.09,0.1801
3387,N2C,2,12.9701,0.0,0,18.47,0.0252
3387,S2C,2,13.5141,0.0,0,17.73,0.0174
3387,E2C,5,4.9482,23.0,2,48.42,0.1861
3387,W2C,5,5.2406,25.0,3,45.72,0.1892
3388,N2C,2,12.8336,0.0,0,18.67,0.0272
3388,S2C,2,13.2707,0.0,0,18.05,0.0209
3388,E2C,5,5.0639,26.0,3,47.32,0.1924
3388,W2C,5,5.2535,28.0,3,45.61,0.191
3389,N2C,2,13.3737,0.0,0,17.92,0.0194
3389,S2C,2,13.5055,0.0,0,17.74,0.0175
3389,E2C,5,5.0474,29.0,3,47.47,0.1947
3389,W2C,5,5.2961,31.0,3,45.24,0.1924
3390,N2C,2,13.3662,0.0,0,17.93,0.0195
3390,S2C,2,12.9536,0.0,0,18.5,0.0255
3390,E2C,5,5.1122,32.0,3,46.87,0.1957
3390,W2C,5,5.2777,34.0,3,45.4,0.1947
3391,N2C,2,13.0149,0.0,0,18.41,0.0246
3391,S2C,2,13.5526,0.0,0,17.68,0.0169
3391,E2C,5,4.9469,35.0,3,48.43,0.2001
3391,W2C,5,5.1513,37.0,3,46.51,0.1985
3392,N2C,2,12.8165,0.0,0,18.69,0.0275
3392,S2C,2,13.7638,0.0,0,17.41,0.0138
3392,E2C,5,5.0382,38.0,3,47.56,0.2008
3392,W2C,5,5.4027,40.0,3,44.35,0.1969
3393,N2C,2,12.7347,0.0,0,18.81,0.0286
3393,S2C,2,13.7491,0.0,0,17.43,0.014
3393,E2C,5,5.1756,41.0,3,46.29,0.2008
3393,W2C,5,4.9939,43.0,3,47.98,0.2048
3394,N2C,3,13.5478,0.0,0,17.69,0.0229
3394,S2C,2,13.6262,0.0,0,17.58,0.0158
3394,E2C,6,6.279,44.0,3,38.16,0.1929
3394,W2C,6,5.29,46.0,3,45.29,0.2085
3395,N2C,2,13.6002,0.0,0,17.62,0.0162
3395,S2C,2,12.9281,0.0,0,18.53,0.0258
3395,E2C,6,5.5304,47.0,3,43.32,0.2057
3395,W2C,6,4.485,49.0,3,53.42,0.2221
3396,N2C,2,12.7486,0.0,0,18.79,0.0284
3396,S2C,2,13.4432,0.0,0,17.82,0.0184
3396,E2C,6,4.9036,50.0,3,48.86,0.2167
3396,W2C,6,4.1,52.0,3,58.44,0.2296
3397,N2C,2,13.5507,0.0,0,17.68,0.0169
3397,S2C,2,13.3325,0.0,0,17.97,0.02
3397,E2C,6,4.5678,53.0,3,52.45,0.2236
3397,W2C,6,4.1699,56.0,4,57.46,0.2373
3398,N2C,2,13.3218,0.0,0,17.99,0.0202
3398,S2C,2,12.8655,0.0,0,18.62,0.0268
3398,E2C,6,4.4845,57.0,4,53.43,0.2334
3398,W2C,6,4.1757,60.0,4,57.38,0.2399
3399,N2C,2,13.1316,0.0,0,18.25,0.0229
3399,S2C,2,13.1183,0.0,0,18.26,0.0231
3399,E2C,6,4.5039,61.0,4,53.2,0.2358
3399,W2C,6,4.0455,64.0,4,59.23,0.2444
3400,N2C,2,13.4337,0.0,0,17.84,0.0186
3400,S2C,2,13.6174,0.0,0,17.6,0.0159
3400,E2C,4,6.6738,16.0,2,35.9,0.1506
3400,W2C,4,5.9011,18.0,2,40.6,0.163
3401,N2C,2,13.395,0.0,0,17.89,0.0191
3401,S2C,2,13.6648,0.0,0,17.53,0.0152
3401,E2C,4,6.7819,0.0,0,35.33,0.1263
3401,W2C,4,5.9515,0.0,0,40.26,0.1383
3402,N2C,2,12.6132,0.0,0,19.0,0.0304
3402,S2C,2,11.9263,0.0,0,20.09,0.0403
3402,E2C,4,6.7698,0.0,0,35.39,0.1265
3402,W2C,4,5.3083,0.0,0,45.14,0.1476
3403,N2C,3,11.2074,0.0,0,21.38,0.0566
3403,S2C,3,11.0259,0.0,0,21.73,0.0592
3403,E2C,3,9.7487,0.0,0,24.58,0.0776
3403,W2C,4,8.3931,0.0,0,28.55,0.1031
3404,N2C,3,9.1525,0.0,0,26.18,0.0862
3404,S2C,3,9.5219,0.0,0,25.16,0.0809
3404,E2C,3,9.7949,0.0,0,24.46,0.077
3404,W2C,3,9.5322,0.0,0,25.14,0.0807
3405,N2C,3,8.9455,0.0,0,26.78,0.0892
3405,S2C,3,8.5511,0.0,0,28.02,0.0949
3405,E2C,2,11.7654,0.0,0,20.36,0.0426
3405,W2C,3,9.7361,0.0,0,24.61,0.0778
3406,N2C,3,8.5409,1.0,1,28.05,0.1017
3406,S2C,3,8.7647,0.0,0,27.34,0.0918
3406,E2C,2,11.9606,0.0,0,20.03,0.0398
3406,W2C,2,11.9413,0.0,0,20.06,0.0401
3407,N2C,3,8.4038,2.0,1,28.51,0.1043
3407,S2C,3,8.6084,1.0,1,27.83,0.1007
3407,E2C,2,12.0906,0.0,0,19.82,0.0379
3407,W2C,2,12.1892,0.0,0,19.66,0.0365
3408,N2C,3,9.0376,3.0,1,26.51,0.0959
3408,S2C,3,8.7669,2.0,1,27.33,0.0991
3408,E2C,2,11.7509,0.0,0,20.39,0.0428
3408,W2C,2,12.3109,0.0,0,19.46,0.0347
3409,N2C,3,8.8303,4.0,1,27.13,0.0995
3409,S2C,3,8.8275,3.0,1,27.14,0.0989
3409,E2C,2,11.612,0.0,0,20.63,0.0448
3409,W2C,2,12.3936,0.0,0,19.33,0.0335
3410,N2C,3,8.69,5.0,1,27.57,0.1022
3410,S2C,3,8.799,4.0,1,27.23,0.1
3410,E2C,2,11.6876,0.0,0,20.5,0.0437
3410,W2C,2,12.4713,0.0,0,19.21,0.0324
3411,N2C,3,8.1776,6.0,1,29.3,0.1103
3411,S2C,3,8.2927,5.0,1,28.89,0.1079
3411,E2C,2,11.7139,0.0,0,20.45,0.0433
3411,W2C,2,11.8588,0.0,0,20.2,0.0412
3412,N2C,4,8.3385,7.0,1,28.73,0.1146
3412,S2C,4,8.211,6.0,1,29.18,0.1158
3412,E2C,2,12.3363,0.0,0,19.42,0.0344
3412,W2C,3,12.4419,0.0,0,19.26,0.0389
3413,N2C,4,7.4046,8.0,1,32.36,0.1287
3413,S2C,4,7.0047,7.0,1,34.21,0.1338
3413,E2C,2,11.6407,0.0,0,20.58,0.0444
3413,W2C,3,12.3917,0.0,0,19.34,0.0396
3414,N2C,4,6.5874,9.0,1,36.37,0.1411
3414,S2C,4,6.4135,8.0,1,37.36,0.143
3414,E2C,2,11.4027,0.0,0,21.01,0.0478
3414,W2C,3,12.2787,0.0,0,19.51,0.0412
3415,N2C,4,6.4166,11.0,2,37.34,0.1509
3415,S2C,4,6.1866,9.0,1,38.73,0.1469
3415,E2C,2,11.5955,0.0,0,20.66,0.045
3415,W2C,3,12.4587,0.0,0,19.23,0.0386
3416,N2C,4,6.3698,13.0,2,37.62,0.1529
3416,S2C,4,6.2709,11.0,2,38.21,0.153
3416,E2C,2,11.7853,0.0,0,20.33,0.0423
3416,W2C,2,12.7306,0.0,0,18.82,0.0287
3417,N2C,4,6.5772,15.0,2,36.43,0.1513
3417,S2C,4,6.4586,13.0,2,37.1,0.1517
3417,E2C,2,12.1419,0.0,0,19.73,0.0372
3417,W2C,2,13.2318,0.0,0,18.11,0.0215
3418,N2C,4,6.4672,17.0,2,37.05,0.1542
3418,S2C,4,6.2969,15.0,2,38.05,0.1553
3418,E2C,2,11.6635,0.0,0,20.54,0.0441
3418,W2C,2,13.6655,0.0,0,17.53,0.0152
3419,N2C,4,6.2233,19.0,2,38.5,0.1591
3419,S2C,4,6.0867,17.0,2,39.36,0.1597
3419,E2C,2,12.0192,0.0,0,19.93,0.0389
3419,W2C,2,13.4641,0.0,0,17.8,0.0181
3420,N2C,4,5.9336,21.0,2,40.38,0.1646
3420,S2C,4,5.5528,19.0,2,43.15,0.1687
3420,E2C,2,11.4253,0.0,0,20.97,0.0475
3420,W2C,2,12.7121,0.0,0,18.85,0.029
3421,N2C,5,6.6676,23.0,2,35.93,0.1613
3421,S2C,5,6.3299,21.0,2,37.85,0.1649
3421,E2C,3,12.563,0.0,0,19.07,0.0371
3421,W2C,2,12.6021,0.0,0,19.01,0.0305
3422,N2C,5,5.5578,25.0,2,43.11,0.1786
3422,S2C,5,5.4061,23.0,2,44.32,0.1795
3422,E2C,3,12.0215,0.0,0,19.93,0.0449
3422,W2C,2,12.0899,0.0,0,19.82,0.0379
3423,N2C,5,5.3141,27.0,2,45.09,0.1835
3423,S2C,5,5.1452,25.0,2,46.57,0.1846
3423,E2C,3,12.229,0.0,0,19.59,0.0419
3423,W2C,2,12.4698,0.0,0,19.21,0.0324
3424,N2C,5,5.3498,30.0,3,44.79,0.191
3424,S2C,5,4.9452,28.0,3,48.45,0.1955
3424,E2C,3,12.3198,0.0,0,19.45,0.0406
3424,W2C,2,12.5394,0.0,0,19.11,0.0314
3425,N2C,5,5.1579,33.0,3,46.45,0.1957
3425,S2C,5,4.8724,31.0,3,49.17,0.1985
3425,E2C,3,12.4687,0.0,0,19.22,0.0385
3425,W2C,2,12.0779,0.0,0,19.84,0.0381
3426,N2C,5,5.0574,36.0,3,47.38,0.1992
3426,S2C,5,5.1248,34.0,3,46.75,0.1969
3426,E2C,2,13.3797,0.0,0,17.91,0.0193
3426,W2C,2,12.0437,0.0,0,19.89,0.0386
3427,N2C,5,5.1421,39.0,3,46.6,0.2
3427,S2C,5,4.9252,37.0,3,48.65,0.2017
3427,E2C,2,13.442,0.0,0,17.82,0.0185
3427,W2C,2,12.2191,0.0,0,19.61,0.0361
3428,N2C,5,5.2381,42.0,3,45.74,0.2006
3428,S2C,5,5.0532,40.0,3,47.42,0.2019
3428,E2C,2,12.8398,0.0,0,18.66,0.0271
3428,W2C,2,12.4313,0.0,0,19.27,0.033
3429,N2C,5,4.7789,45.0,3,50.14,0.2092
3429,S2C,5,5.0023,43.0,3,47.9,0.2046
3429,E2C,2,13.0107,0.0,0,18.42,0.0247
3429,W2C,2,12.3511,0.0,0,19.4,0.0342
3430,N2C,6,5.5687,48.0,3,43.03,0.2058
3430,S2C,6,6.3939,46.0,3,37.47,0.1926
3430,E2C,2,13.8224,0.0,0,17.33,0.013
3430,W2C,3,11.0178,0.0,0,21.75,0.0594
3431,N2C,6,4.773,51.0,3,50.2,0.2193
3431,S2C,6,5.6102,49.0,3,42.71,0.2059
3431,E2C,2,13.4771,0.0,0,17.78,0.0179
3431,W2C,3,9.4904,0.0,0,25.25,0.0813
3432,N2C,6,4.3957,55.0,4,54.51,0.2334
3432,S2C,6,5.2485,52.0,3,45.65,0.2131
3432,E2C,2,13.2478,0.0,0,18.09,0.0212
3432,W2C,3,8.0784,1.0,1,29.66,0.1083
3433,N2C,4,6.6069,12.0,2,36.27,0.1489
3433,S2C,4,6.7803,10.0,1,35.34,0.139
3433,E2C,2,13.0979,0.0,0,18.29,0.0234
3433,W2C,3,7.8238,2.0,1,30.62,0.1127
3434,N2C,4,7.4175,0.0,0,32.3,0.1172
3434,S2C,4,7.573,0.0,0,31.64,0.115
3434,E2C,2,13.1773,0.0,0,18.18,0.0223
3434,W2C,3,7.8347,3.0,1,30.58,0.1132
3435,N2C,4,8.0695,0.0,0,29.69,0.1078
3435,S2C,4,8.6212,0.0,0,27.79,0.0999
3435,E2C,2,12.9534,0.0,0,18.5,0.0255
3435,W2C,3,9.45,4.0,1,25.35,0.0906
3436,N2C,3,9.7113,0.0,0,24.67,0.0782
3436,S2C,2,13.5289,0.0,0,17.71,0.0172
3436,E2C,2,12.878,0.0,0,18.61,0.0266
3436,W2C,3,9.2517,5.0,1,25.9,0.0941
3437,N2C,2,13.0185,0.0,0,18.4,0.0245
3437,S2C,2,13.0446,0.0,0,18.37,0.0242
3437,E2C,2,13.2333,0.0,0,18.11,0.0215
3437,W2C,3,9.3738,6.0,1,25.56,0.093
3438,N2C,2,13.1517,0.0,0,18.22,0.0226
3438,S2C,2,13.239,0.0,0,18.1,0.0214
3438,E2C,2,12.4277,0.0,0,19.28,0.0331
3438,W2C,3,9.3237,7.0,1,25.7,0.0944
3439,N2C,3,13.0753,0.0,0,18.32,0.0297
3439,S2C,2,13.7209,0.0,0,17.46,0.0144
3439,E2C,3,11.6107,0.0,0,20.64,0.0508
3439,W2C,4,9.1295,8.0,1,26.24,0.1039
3440,N2C,2,12.2151,0.0,0,19.62,0.0361
3440,S2C,2,13.4068,0.0,0,17.87,0.019
3440,E2C,3,9.7765,0.0,0,24.51,0.0772
3440,W2C,4,8.8526,9.0,1,27.07,0.1085
3441,N2C,2,12.0356,0.0,0,19.91,0.0387
3441,S2C,2,13.5455,0.0,0,17.69,0.017
3441,E2C,3,8.8746,0.0,0,27.0,0.0902
3441,W2C,4,8.5007,10.0,1,28.19,0.1143
3442,N2C,2,12.2062,0.0,0,19.63,0.0362
3442,S2C,2,13.2321,0.0,0,18.11,0.0215
3442,E2C,3,8.5137,1.0,1,28.14,0.1021
3442,W2C,4,7.5084,11.0,1,31.91,0.1292
3443,N2C,2,12.3093,0.0,0,19.47,0.0348
3443,S2C,2,13.5545,0.0,0,17.68,0.0168
3443,E2C,3,8.97,2.0,1,26.71,0.0962
3443,W2C,4,6.4155,12.0,1,37.35,0.1456
3444,N2C,2,12.56,0.0,0,19.08,0.0312
3444,S2C,2,13.2036,0.0,0,18.15,0.0219
3444,E2C,3,8.892,3.0,1,26.95,0.098
3444,W2C,4,6.2782,14.0,2,38.16,0.1549
3445,N2C,2,11.9153,0.0,0,20.11,0.0404
3445,S2C,2,13.1793,0.0,0,18.18,0.0222
3445,E2C,3,9.078,4.0,1,26.39,0.096
3445,W2C,4,6.0179,16.0,2,39.81,0.16
3446,N2C,2,11.8322,0.0,0,20.25,0.0416
3446,S2C,2,13.4185,0.0,0,17.86,0.0188
3446,E2C,3,8.7808,5.0,1,27.29,0.1009
3446,W2C,4,5.9696,18.0,2,40.14,0.162
3447,N2C,2,12.0523,0.0,0,19.88,0.0385
3447,S2C,2,13.5452,0.0,0,17.69,0.017
3447,E2C,3,8.2779,6.0,1,28.94,0.1088
3447,W2C,4,6.2665,20.0,2,38.24,0.1591
3448,N2C,2,11.9378,0.0,0,20.07,0.0401
3448,S2C,2,13.3093,0.0,0,18.0,0.0204
3448,E2C,4,8.7053,7.0,1,27.52,0.1093
3448,W2C,5,7.3013,22.0,2,32.82,0.1515
3449,N2C,2,11.4989,0.0,0,20.84,0.0464
3449,S2C,2,12.4125,0.0,0,19.3,0.0333
3449,E2C,4,7.1467,8.0,1,33.53,0.1324
3449,W2C,5,6.2806,24.0,2,38.15,0.1676
3450,N2C,2,11.7494,0.0,0,20.39,0.0428
3450,S2C,2,12.13,0.0,0,19.75,0.0373
3450,E2C,4,6.5689,10.0,2,36.47,0.1481
3450,W2C,5,5.6513,26.0,2,42.4,0.178
3451,N2C,2,11.4255,0.0,0,20.97,0.0475
3451,S2C,2,12.9386,0.0,0,18.52,0.0257
3451,E2C,4,6.4946,12.0,2,36.89,0.1505
3451,W2C,5,4.8051,29.0,3,49.86,0.1981
3452,N2C,2,11.2551,0.0,0,21.29,0.0499
3452,S2C,2,12.8017,0.0,0,18.72,0.0277
3452,E2C,4,6.7625,14.0,2,35.43,0.148
3452,W2C,5,4.7423,32.0,3,50.52,0.201
3453,N2C,2,11.85,0.0,0,20.22,0.0414
3453,S2C,2,12.3256,0.0,0,19.44,0.0345
3453,E2C,4,6.8042,16.0,2,35.21,0.1487
3453,W2C,5,4.739,35.0,3,50.56,0.2031
3454,N2C,2,11.0635,0.0,0,21.66,0.0527
3454,S2C,2,12.572,0.0,0,19.06,0.031
3454,E2C,4,6.7456,18.0,2,35.52,0.1509
3454,W2C,5,4.9049,38.0,3,48.85,0.2027
3455,N2C,2,11.2506,0.0,0,21.3,0.05
3455,S2C,2,13.0493,0.0,0,18.36,0.0241
3455,E2C,4,6.6229,20.0,2,36.18,0.154
3455,W2C,5,5.0663,41.0,3,47.29,0.2024
3456,N2C,2,11.494,0.0,0,20.85,0.0465
3456,S2C,2,12.5468,0.0,0,19.1,0.0313
3456,E2C,4,5.459,22.0,2,43.89,0.1721
3456,W2C,5,4.7924,44.0,3,50.0,0.2083
3457,N2C,3,12.4689,0.0,0,19.22,0.0385
3457,S2C,2,13.1881,0.0,0,18.17,0.0221
3457,E2C,5,6.2545,24.0,2,38.31,0.1679
3457,W2C,6,5.7776,47.0,3,41.47,0.2021
3458,N2C,3,12.2809,0.0,0,19.51,0.0412
3458,S2C,2,12.479,0.0,0,19.2,0.0323
3458,E2C,5,5.3739,26.0,2,44.59,0.182
3458,W2C,6,4.9878,50.0,3,48.04,0.2155
3459,N2C,3,12.2857,0.0,0,19.5,0.0411
3459,S2C,2,12.5324,0.0,0,19.12,0.0315
3459,E2C,5,5.1608,29.0,3,46.43,0.193
3459,W2C,6,4.4707,53.0,3,53.59,0.225
3460,N2C,3,12.1175,0.0,0,19.77,0.0435
3460,S2C,2,13.2278,0.0,0,18.11,0.0215
3460,E2C,5,5.4221,32.0,3,44.19,0.1913
3460,W2C,6,4.3364,56.0,3,55.25,0.2289
3461,N2C,2,13.2187,0.0,0,18.13,0.0217
3461,S2C,2,12.9569,0.0,0,18.49,0.0254
3461,E2C,5,5.4616,35.0,3,43.87,0.1927
3461,W2C,6,4.175,59.0,3,57.39,0.2332
3462,N2C,2,12.8368,0.0,0,18.67,0.0272
3462,S2C,2,13.101,0.0,0,18.29,0.0234
3462,E2C,5,5.2304,38.0,3,45.81,0.198
3462,W2C,6,4.2963,63.0,4,55.77,0.2401
3463,N2C,2,12.7918,0.0,0,18.73,0.0278
3463,S2C,2,13.0633,0.0,0,18.34,0.0239
3463,E2C,5,5.2157,41.0,3,45.94,0.2002
3463,W2C,6,4.2819,67.0,4,55.96,0.243
3464,N2C,2,13.0343,0.0,0,18.38,0.0243
3464,S2C,2,13.2314,0.0,0,18.11,0.0215
3464,E2C,5,5.2241,44.0,3,45.86,0.2021
3464,W2C,6,4.2052,71.0,4,56.98,0.2468
3465,N2C,2,13.2239,0.0,0,18.12,0.0216
3465,S2C,2,13.3215,0.0,0,17.99,0.0202
3465,E2C,5,4.2261,47.0,3,56.7,0.2185
3465,W2C,6,4.3487,75.0,4,55.1,0.2474
3466,N2C,3,13.1336,0.0,0,18.24,0.0289
3466,S2C,3,13.3754,0.0,0,17.91,0.0254
3466,E2C,4,8.0549,8.0,1,29.75,0.1194
3466,W2C,5,7.0761,21.0,2,33.86,0.1541
3467,N2C,3,12.0129,0.0,0,19.95,0.045
3467,S2C,3,12.1298,0.0,0,19.75,0.0433
3467,E2C,4,7.8816,0.0,0,30.4,0.1105
3467,W2C,5,6.9714,0.0,0,34.37,0.1296
3468,N2C,3,10.3282,0.0,0,23.2,0.0693
3468,S2C,3,10.1751,0.0,0,23.55,0.0715
3468,E2C,4,8.2055,0.0,0,29.2,0.1059
3468,W2C,5,6.9633,0.0,0,34.41,0.1297
3469,N2C,3,9.3864,0.0,0,25.53,0.0828
3469,S2C,3,9.0986,0.0,0,26.33,0.087
3469,E2C,2,13.0059,0.0,0,18.42,0.0247
3469,W2C,3,9.93,0.0,0,24.13,0.075
3470,N2C,3,9.3584,0.0,0,25.6,0.0833
3470,S2C,3,8.6486,1.0,1,27.7,0.1001
3470,E2C,2,13.4212,0.0,0,17.85,0.0187
3470,W2C,3,10.8864,0.0,0,22.01,0.0612
3471,N2C,3,8.5419,1.0,1,28.05,0.1017
3471,S2C,3,8.8755,2.0,1,27.0,0.0975
3471,E2C,2,12.8467,0.0,0,18.65,0.027
3471,W2C,2,13.1608,0.0,0,18.21,0.0225
3472,N2C,3,8.8001,2.0,1,27.23,0.0986
3472,S2C,3,8.7136,3.0,1,27.5,0.1005
3472,E2C,2,12.7839,0.0,0,18.74,0.0279
3472,W2C,2,13.4657,0.0,0,17.79,0.0181
3473,N2C,3,8.6839,3.0,1,27.59,0.101
3473,S2C,3,8.5837,4.0,1,27.91,0.1031
3473,E2C,2,13.4033,0.0,0,17.88,0.019
3473,W2C,2,13.2292,0.0,0,18.11,0.0215
3474,N2C,3,7.8342,4.0,1,30.58,0.1139
3474,S2C,3,7.9976,5.0,1,29.96,0.1122
3474,E2C,2,12.8696,0.0,0,18.62,0.0267
3474,W2C,2,13.8126,0.0,0,17.35,0.0131
3475,N2C,4,8.7114,5.0,1,27.5,0.1079
3475,S2C,4,8.145,6.0,1,29.42,0.1167
3475,E2C,2,13.8211,0.0,0,17.34,0.013
3475,W2C,2,13.6569,0.0,0,17.54,0.0154
3476,N2C,4,7.5726,6.0,1,31.64,0.125
3476,S2C,4,7.0459,7.0,1,34.01,0.1332
3476,E2C,2,12.825,0.0,0,18.68,0.0273
3476,W2C,2,12.9079,0.0,0,18.56,0.0261
3477,N2C,4,6.9826,7.0,1,34.31,0.1341
3477,S2C,4,6.4948,8.0,1,36.89,0.1418
3477,E2C,2,13.191,0.0,0,18.16,0.0221
3477,W2C,2,13.2139,0.0,0,18.13,0.0217
3478,N2C,4,6.887,8.0,1,34.79,0.1362
3478,S2C,4,6.3866,10.0,2,37.52,0.1507
3478,E2C,2,13.0137,0.0,0,18.41,0.0246
3478,W2C,2,13.2611,0.0,0,18.07,0.0211
3479,N2C,4,6.6776,10.0,2,35.88,0.1465
3479,S2C,4,6.5662,12.0,2,36.49,0.1495
3479,E2C,2,12.9056,0.0,0,18.57,0.0262
3479,W2C,2,13.5463,0.0,0,17.69,0.0169
3480,N2C,4,6.4963,12.0,2,36.88,0.1505
3480,S2C,4,6.2993,14.0,2,38.04,0.1546
3480,E2C,2,13.3346,0.0,0,17.97,0.02
3480,W2C,2,12.4828,0.0,0,19.19,0.0323
3481,N2C,4,6.6388,14.0,2,36.09,0.1497
3481,S2C,4,6.2188,16.0,2,38.53,0.1571
3481,E2C,2,13.1913,0.0,0,18.16,0.0221
3481,W2C,2,12.5754,0.0,0,19.05,0.0309
3482,N2C,4,6.3368,16.0,2,37.81,0.1554
3482,S2C,4,6.4169,18.0,2,37.34,0.1556
3482,E2C,2,13.4369,0.0,0,17.83,0.0185
3482,W2C,2,13.0892,0.0,0,18.31,0.0235
3483,N2C,4,5.4221,18.0,2,44.19,0.1699
3483,S2C,4,5.4085,20.0,2,44.3,0.1715
3483,E2C,2,13.8272,0.0,0,17.33,0.0129
3483,W2C,2,12.7728,0.0,0,18.76,0.0281
3484,N2C,5,6.4785,20.0,2,36.98,0.1621
3484,S2C,5,6.2182,22.0,2,38.53,0.1671
3484,E2C,2,13.602,0.0,0,17.62,0.0161
3484,W2C,2,13.5896,0.0,0,17.63,0.0163
3485,N2C,5,5.5256,22.0,2,43.36,0.1771
3485,S2C,5,4.9605,24.0,2,48.3,0.1866
3485,E2C,2,13.3783,0.0,0,17.91,0.0194
3485,W2C,2,13.1468,0.0,0,18.22,0.0227
3486,N2C,5,5.2272,24.0,2,45.84,0.1827
3486,S2C,5,4.8442,26.0,2,49.46,0.1896
3486,E2C,2,13.2819,0.0,0,18.04,0.0208
3486,W2C,2,12.7381,0.0,0,18.81,0.0286
3487,N2C,5,5.3677,27.0,3,44.64,0.1887
3487,S2C,5,5.2057,28.0,2,46.03,0.1857
3487,E2C,2,13.8529,0.0,0,17.3,0.0125
3487,W2C,2,12.9018,0.0,0,18.57,0.0262
3488,N2C,5,5.1852,30.0,3,46.21,0.1933
3488,S2C,5,5.17,31.0,3,46.34,0.1942
3488,E2C,2,12.7755,0.0,0,18.75,0.028
3488,W2C,2,12.7637,0.0,0,18.77,0.0282
3489,N2C,5,5.3243,33.0,3,45.0,0.1933
3489,S2C,5,5.0063,34.0,3,47.86,0.1986
3489,E2C,2,13.575,0.0,0,17.65,0.0165
3489,W2C,2,13.4105,0.0,0,17.87,0.0189
3490,N2C,5,5.3805,36.0,3,44.53,0.1945
3490,S2C,5,4.9947,37.0,3,47.97,0.2007
3490,E2C,2,13.3059,0.0,0,18.01,0.0204
3490,W2C,2,13.1606,0.0,0,18.21,0.0225
3491,N2C,5,5.0697,39.0,3,47.26,0.201
3491,S2C,5,4.9508,40.0,3,48.4,0.2034
3491,E2C,2,13.1514,0.0,0,18.22,0.0226
3491,W2C,2,13.4106,0.0,0,17.87,0.0189
3492,N2C,5,4.3479,42.0,3,55.11,0.2134
3492,S2C,5,4.9244,43.0,3,48.66,0.2058
3492,E2C,2,13.5449,0.0,0,17.69,0.017
3492,W2C,2,13.427,0.0,0,17.84,0.0187
3493,N2C,6,5.3878,45.0,3,44.47,0.2064
3493,S2C,6,6.3859,46.0,3,37.52,0.1927
3493,E2C,2,13.5966,0.0,0,17.62,0.0162
3493,W2C,3,13.1118,0.0,0,18.27,0.0292
3494,N2C,6,4.3936,48.0,3,54.53,0.2227
3494,S2C,6,5.5165,49.0,3,43.43,0.2072
3494,E2C,2,13.571,0.0,0,17.66,0.0166
3494,W2C,2,12.6151,0.0,0,18.99,0.0304
3495,N2C,6,4.4024,52.0,4,54.42,0.2313
3495,S2C,6,4.9582,52.0,3,48.32,0.2173
3495,E2C,2,13.1683,0.0,0,18.2,0.0224
3495,W2C,2,12.8298,0.0,0,18.68,0.0273
3496,N2C,6,4.4071,56.0,4,54.37,0.2339
3496,S2C,6,4.4151,55.0,3,54.27,0.2271
3496,E2C,2,13.3883,0.0,0,17.9,0.0192
3496,W2C,2,12.352,0.0,0,19.4,0.0341
3497,N2C,6,4.4696,60.0,4,53.61,0.2356
3497,S2C,6,4.295,58.0,3,55.79,0.2308
3497,E2C,2,13.1702,0.0,0,18.19,0.0224
3497,W2C,2,12.8117,0.0,0,18.7,0.0275
3498,N2C,6,4.2741,64.0,4,56.06,0.2411
3498,S2C,6,4.4227,62.0,4,54.17,0.2377
3498,E2C,2,13.4389,0.0,0,17.83,0.0185
3498,W2C,2,12.7971,0.0,0,18.72,0.0277
3499,N2C,4,6.4039,18.0,2,37.41,0.1558
3499,S2C,4,6.3641,14.0,2,37.65,0.1537
3499,E2C,2,13.3866,0.0,0,17.9,0.0192
3499,W2C,2,12.5713,0.0,0,19.06,0.031
3500,N2C,4,7.0219,0.0,0,34.12,0.1229
3500,S2C,4,6.391,0.0,0,37.49,0.132
3500,E2C,2,13.559,0.0,0,17.67,0.0168
3500,W2C,2,12.4599,0.0,0,19.23,0.0326
3501,N2C,4,6.739,0.0,0,35.55,0.127
3501,S2C,4,6.827,0.0,0,35.1,0.1257
3501,E2C,2,12.5785,0.0,0,19.05,0.0309
3501,W2C,2,11.7079,0.0,0,20.46,0.0434
3502,N2C,3,10.894,0.0,0,21.99,0.0611
3502,S2C,3,10.7348,0.0,0,22.32,0.0634
3502,E2C,3,10.7732,0.0,0,22.24,0.0629
3502,W2C,3,10.8535,0.0,0,22.08,0.0617
3503,N2C,3,10.3038,0.0,0,23.25,0.0696
3503,S2C,3,10.6294,0.0,0,22.54,0.0649
3503,E2C,3,9.3309,0.0,0,25.68,0.0836
3503,W2C,3,8.9056,0.0,0,26.9,0.0898
3504,N2C,3,10.9228,0.0,0,21.94,0.0607
3504,S2C,2,13.4926,0.0,0,17.76,0.0177
3504,E2C,3,8.8294,0.0,0,27.14,0.0909
3504,W2C,3,8.2753,0.0,0,28.95,0.0988
3505,N2C,2,13.389,0.0,0,17.9,0.0192
3505,S2C,2,12.8668,0.0,0,18.62,0.0267
3505,E2C,3,8.6452,1.0,1,27.71,0.1002
3505,W2C,3,8.3731,0.0,0,28.62,0.0974
3506,N2C,2,13.209,0.0,0,18.14,0.0218
3506,S2C,2,12.6852,0.0,0,18.89,0.0293
3506,E2C,3,8.9099,2.0,1,26.89,0.097
3506,W2C,3,8.3595,1.0,1,28.66,0.1043
3507,N2C,2,13.4852,0.0,0,17.77,0.0178
3507,S2C,2,13.1831,0.0,0,18.17,0.0222
3507,E2C,3,8.9223,3.0,1,26.85,0.0975
3507,W2C,3,8.133,2.0,1,29.46,0.1082
3508,N2C,2,13.2025,0.0,0,18.15,0.0219
3508,S2C,2,12.4363,0.0,0,19.27,0.0329
3508,E2C,3,8.6605,4.0,1,27.67,0.102
3508,W2C,3,8.0542,3.0,1,29.75,0.11
3509,N2C,2,12.9882,0.0,0,18.45,0.025
3509,S2C,2,12.8122,0.0,0,18.7,0.0275
3509,E2C,3,8.2521,5.0,1,29.04,0.1085
3509,W2C,3,8.1415,4.0,1,29.43,0.1094
3510,N2C,2,13.1541,0.0,0,18.21,0.0226
3510,S2C,2,12.4331,0.0,0,19.27,0.033
3510,E2C,3,7.9938,6.0,1,29.97,0.1129
3510,W2C,3,8.133,5.0,1,29.46,0.1102
3511,N2C,2,13.3045,0.0,0,18.01,0.0204
3511,S2C,3,13.0509,0.0,0,18.36,0.0301
3511,E2C,4,8.355,7.0,1,28.68,0.1144
3511,W2C,4,9.0274,6.0,1,26.54,0.104
3512,N2C,2,13.1121,0.0,0,18.27,0.0232
3512,S2C,2,12.9297,0.0,0,18.53,0.0258
3512,E2C,4,7.0137,8.0,1,34.16,0.1343
3512,W2C,4,8.3282,7.0,1,28.77,0.1148
3513,N2C,2,12.8945,0.0,0,18.58,0.0263
3513,S2C,2,12.7059,0.0,0,18.86,0.0291
3513,E2C,4,6.4384,9.0,1,37.21,0.1433
3513,W2C,4,7.3417,8.0,1,32.64,0.1296
3514,N2C,2,13.3651,0.0,0,17.93,0.0196
3514,S2C,2,12.9265,0.0,0,18.54,0.0259
3514,E2C,4,6.2665,11.0,2,38.24,0.1531
3514,W2C,4,6.2143,9.0,1,38.56,0.1465
3515,N2C,2,12.5481,0.0,0,19.09,0.0313
3515,S2C,2,13.0051,0.0,0,18.42,0.0247
3515,E2C,4,6.5313,13.0,2,36.69,0.1506
3515,W2C,4,6.1912,10.0,1,38.7,0.1475
3516,N2C,2,13.1676,0.0,0,18.2,0.0224
3516,S2C,2,12.327,0.0,0,19.44,0.0345
3516,E2C,4,6.6914,15.0,2,35.81,0.1497
3516,W2C,4,5.9713,11.0,1,40.13,0.1514
3517,N2C,2,13.086,0.0,0,18.31,0.0236
3517,S2C,2,13.1625,0.0,0,18.2,0.0225
3517,E2C,4,6.251,17.0,2,38.33,0.1573
3517,W2C,4,5.9507,13.0,2,40.26,0.159
3518,N2C,2,13.3061,0.0,0,18.01,0.0204
3518,S2C,2,13.0817,0.0,0,18.32,0.0236
3518,E2C,4,6.4586,19.0,2,37.1,0.1557
3518,W2C,4,6.1099,15.0,2,39.21,0.158
3519,N2C,2,13.4087,0.0,0,17.87,0.0189
3519,S2C,2,12.9005,0.0,0,18.57,0.0262
3519,E2C,4,6.2733,21.0,2,38.19,0.1597
3519,W2C,4,6.0249,17.0,2,39.77,0.1606
3520,N2C,1,13.2265,0.0,0,18.12,0.0156
3520,S2C,2,12.281,0.0,0,19.51,0.0352
3520,E2C,5,7.1166,23.0,2,33.67,0.1549
3520,W2C,5,7.3679,19.0,2,32.52,0.1486
3521,N2C,2,13.0987,0.0,0,18.29,0.0234
3521,S2C,2,12.2238,0.0,0,19.6,0.036
3521,E2C,5,6.3731,25.0,2,37.6,0.1669
3521,W2C,5,6.2953,21.0,2,38.06,0.1654
3522,N2C,2,12.7159,0.0,0,18.84,0.0289
3522,S2C,2,12.3282,0.0,0,19.44,0.0345
3522,E2C,5,5.2848,27.0,2,45.34,0.1839
3522,W2C,5,5.3742,23.0,2,44.58,0.18
3523,N2C,2,12.896,0.0,0,18.58,0.0263
3523,S2C,2,12.6413,0.0,0,18.95,0.03
3523,E2C,5,5.2569,30.0,3,45.58,0.1923
3523,W2C,5,4.8965,26.0,3,48.93,0.1948
3524,N2C,2,12.5766,0.0,0,19.05,0.0309
3524,S2C,2,12.5531,0.0,0,19.09,0.0312
3524,E2C,5,5.2095,33.0,3,45.99,0.195
3524,W2C,5,4.9149,29.0,3,48.75,0.1966
3525,N2C,2,12.6115,0.0,0,19.0,0.0304
3525,S2C,2,12.6225,0.0,0,18.98,0.0303
3525,E2C,5,5.1912,36.0,3,46.16,0.1973
3525,W2C,5,5.1412,32.0,3,46.6,0.1953
3526,N2C,2,12.6013,0.0,0,19.01,0.0306
3526,S2C,2,12.7682,0.0,0,18.77,0.0282
3526,E2C,5,5.2746,39.0,3,45.43,0.1981
3526,W2C,5,5.1023,35.0,3,46.96,0.1979
3527,N2C,2,12.7573,0.0,0,18.78,0.0283
3527,S2C,2,12.0736,0.0,0,19.84,0.0382
3527,E2C,5,5.4707,42.0,3,43.8,0.1972
3527,W2C,5,5.1938,38.0,3,46.13,0.1985
3528,N2C,2,12.4507,0.0,0,19.24,0.0327
3528,S2C,2,11.8919,0.0,0,20.15,0.0408
3528,E2C,5,4.49,45.0,3,53.36,0.2133
3528,W2C,5,5.0627,41.0,3,47.33,0.2024
3529,N2C,3,12.0841,0.0,0,19.83,0.044
3529,S2C,3,12.0536,0.0,0,19.88,0.0444
3529,E2C,6,5.388,48.0,3,44.47,0.2084
3529,W2C,6,6.382,44.0,3,37.54,0.1914
3530,N2C,3,10.6225,0.0,0,22.56,0.065
3530,S2C,3,10.1454,0.0,0,23.62,0.0719
3530,E2C,6,4.7354,51.0,3,50.6,0.2198
3530,W2C,6,5.7719,47.0,3,41.51,0.2022
3531,N2C,3,9.2976,0.0,0,25.77,0.0841
3531,S2C,3,9.6466,0.0,0,24.84,0.0791
3531,E2C,6,4.4657,55.0,4,53.65,0.2324
3531,W2C,6,5.149,50.0,3,46.53,0.2132
3532,N2C,3,8.9903,0.0,0,26.65,0.0885
3532,S2C,3,8.282,0.0,0,28.93,0.0987
3532,E2C,4,6.8543,12.0,2,34.96,0.1453
3532,W2C,4,7.1439,10.0,1,33.54,0.1338
3533,N2C,3,8.5369,1.0,1,28.07,0.1017
3533,S2C,3,8.1499,0.0,0,29.4,0.1007
3533,E2C,4,7.0788,0.0,0,33.85,0.1221
3533,W2C,4,7.225,0.0,0,33.16,0.12
3534,N2C,3,9.1679,2.0,1,26.13,0.0933
3534,S2C,3,7.9744,1.0,1,30.05,0.1098
3534,E2C,4,7.9703,0.0,0,30.06,0.1092
3534,W2C,4,8.3819,0.0,0,28.59,0.1033
3535,N2C,3,8.4107,3.0,1,28.49,0.1049
3535,S2C,3,8.2251,2.0,1,29.13,0.1069
3535,E2C,3,10.0867,0.0,0,23.75,0.0728
3535,W2C,2,12.7034,0.0,0,18.86,0.0291
3536,N2C,3,8.7712,4.0,1,27.32,0.1004
3536,S2C,3,7.9369,3.0,1,30.19,0.1117
3536,E2C,2,12.9568,0.0,0,18.49,0.0254
3536,W2C,2,12.8121,0.0,0,18.7,0.0275
3537,N2C,3,8.8846,5.0,1,26.97,0.0994
3537,S2C,3,8.0012,4.0,1,29.95,0.1115
3537,E2C,2,11.6688,0.0,0,20.53,0.044
3537,W2C,2,12.7342,0.0,0,18.82,0.0286
3538,N2C,4,9.8728,6.0,1,24.27,0.0918
3538,S2C,4,9.4307,5.0,1,25.41,0.0975
3538,E2C,3,12.6024,0.0,0,19.01,0.0365
3538,W2C,2,13.0074,0.0,0,18.42,0.0247
3539,N2C,4,8.8987,7.0,1,26.93,0.1065
3539,S2C,4,8.4082,6.0,1,28.5,0.1129
3539,E2C,2,13.2686,0.0,0,18.06,0.0209
3539,W2C,2,12.5963,0.0,0,19.02,0.0306
3540,N2C,4,7.7069,8.0,1,31.09,0.1244
3540,S2C,4,7.3521,7.0,1,32.59,0.1288
3540,E2C,2,12.812,0.0,0,18.7,0.0275
3540,W2C,2,12.7866,0.0,0,18.74,0.0279
3541,N2C,4,7.0907,9.0,1,33.79,0.1339
3541,S2C,4,6.634,8.0,1,36.12,0.1398
3541,E2C,2,13.415,0.0,0,17.86,0.0188
3541,W2C,2,12.8093,0.0,0,18.71,0.0276
3542,N2C,4,6.6933,10.0,1,35.8,0.1403
3542,S2C,4,6.2701,9.0,1,38.21,0.1457
3542,E2C,2,13.3516,0.0,0,17.95,0.0198
3542,W2C,2,13.1344,0.0,0,18.24,0.0229
3543,N2C,4,6.6054,12.0,2,36.27,0.1489
3543,S2C,4,6.2439,10.0,1,38.37,0.1468
3543,E2C,2,13.357,0.0,0,17.94,0.0197
3543,W2C,2,13.1786,0.0,0,18.18,0.0222
3544,N2C,4,6.4952,14.0,2,36.89,0.1518
3544,S2C,4,6.0696,12.0,2,39.48,0.1566
3544,E2C,2,13.2173,0.0,0,18.13,0.0217
3544,W2C,2,12.9651,0.0,0,18.48,0.0253
3545,N2C,4,6.5802,16.0,2,36.41,0.1519
3545,S2C,4,6.2411,14.0,2,38.39,0.1555
3545,E2C,2,13.3495,0.0,0,17.95,0.0198
3545,W2C,2,12.9853,0.0,0,18.45,0.025
3546,N2C,4,5.5489,18.0,2,43.18,0.1681
3546,S2C,4,6.3239,16.0,2,37.89,0.1556
3546,E2C,2,12.871,0.0,0,18.62,0.0267
3546,W2C,2,13.2357,0.0,0,18.1,0.0214
3547,N2C,5,6.405,20.0,2,37.41,0.1631
3547,S2C,5,7.7516,18.0,2,30.91,0.1424
3547,E2C,2,13.2926,0.0,0,18.03,0.0206
3547,W2C,3,12.7913,0.0,0,18.73,0.0338
3548,N2C,5,5.2957,22.0,2,45.24,0.1804
3548,S2C,5,6.8103,20.0,2,35.18,0.1573
3548,E2C,2,13.3249,0.0,0,17.98,0.0201
3548,W2C,2,12.6886,0.0,0,18.88,0.0293
3549,N2C,5,5.3178,24.0,2,45.06,0.1814
3549,S2C,5,5.9758,22.0,2,40.1,0.1706
3549,E2C,2,12.8315,0.0,0,18.67,0.0272
3549,W2C,2,12.6791,0.0,0,18.9,0.0294
3550,N2C,5,5.2333,26.0,2,45.78,0.184
3550,S2C,5,5.3133,24.0,2,45.09,0.1815
3550,E2C,2,12.7644,0.0,0,18.77,0.0282
3550,W2C,2,13.3514,0.0,0,17.95,0.0198
3551,N2C,5,5.1137,29.0,3,46.85,0.1937
3551,S2C,5,5.3741,27.0,3,44.58,0.1886
3551,E2C,2,13.167,0.0,0,18.2,0.0224
3551,W2C,2,12.6768,0.0,0,18.9,0.0295
3552,N2C,5,5.3657,32.0,3,44.65,0.1921
3552,S2C,5,5.2976,30.0,3,45.23,0.1917
3552,E2C,2,13.2378,0.0,0,18.1,0.0214
3552,W2C,2,12.8876,0.0,0,18.59,0.0264
3553,N2C,5,5.0974,35.0,3,47.0,0.1979
3553,S2C,5,5.2567,33.0,3,45.58,0.1943
3553,E2C,2,13.4558,0.0,0,17.81,0.0183
3553,W2C,2,12.7204,0.0,0,18.84,0.0288
3554,N2C,5,5.0631,38.0,3,47.32,0.2004
3554,S2C,5,5.0245,36.0,3,47.69,0.1997
3554,E2C,2,13.4443,0.0,0,17.82,0.0184
3554,W2C,2,13.316,0.0,0,17.99,0.0203
3555,N2C,5,4.4437,41.0,3,53.92,0.2113
3555,S2C,5,4.534,39.0,3,52.85,0.2087
3555,E2C,2,13.4094,0.0,0,17.87,0.0189
3555,W2C,2,12.4977,0.0,0,19.17,0.032
3556,N2C,6,5.6251,44.0,3,42.6,0.2023
3556,S2C,6,5.5642,42.0,3,43.06,0.2019
3556,E2C,2,12.9396,0.0,0,18.52,0.0257
3556,W2C,3,12.6454,0.0,0,18.95,0.0359
3557,N2C,6,4.8797,47.0,3,49.1,0.2151
3557,S2C,6,4.8455,45.0,3,49.45,0.2142
3557,E2C,2,12.388,0.0,0,19.34,0.0336
3557,W2C,2,12.1447,0.0,0,19.73,0.0371
3558,N2C,6,4.4256,50.0,3,54.14,0.2236
3558,S2C,6,4.5048,48.0,3,53.19,0.2211
3558,E2C,2,12.2574,0.0,0,19.55,0.0355
3558,W2C,2,12.0101,0.0,0,19.95,0.0391
3559,N2C,6,4.3585,53.0,3,54.97,0.2266
3559,S2C,6,4.3608,52.0,4,54.94,0.2319
3559,E2C,2,12.8564,0.0,0,18.64,0.0269
3559,W2C,2,12.3444,0.0,0,19.41,0.0343
3560,N2C,6,4.4402,57.0,4,53.96,0.2341
3560,S2C,6,4.4476,56.0,4,53.87,0.2333
3560,E2C,2,12.2415,0.0,0,19.57,0.0357
3560,W2C,2,12.6717,0.0,0,18.91,0.0295
3561,N2C,6,4.4776,61.0,4,53.51,0.2362
3561,S2C,6,4.5971,60.0,4,52.12,0.2338
3561,E2C,2,12.3269,0.0,0,19.44,0.0345
3561,W2C,2,12.7326,0.0,0,18.82,0.0287
3562,N2C,6,4.3592,65.0,4,54.96,0.2406
3562,S2C,6,4.4018,64.0,4,54.43,0.2393
3562,E2C,2,12.7195,0.0,0,18.84,0.0289
3562,W2C,2,12.8897,0.0,0,18.59,0.0264
3563,N2C,6,4.1376,69.0,4,57.91,0.2464
3563,S2C,6,4.0918,68.0,4,58.56,0.2464
3563,E2C,2,11.9034,0.0,0,20.13,0.0406
3563,W2C,2,12.9948,0.0,0,18.44,0.0249
3564,N2C,6,3.5846,73.0,4,66.84,0.2571
3564,S2C,6,3.3658,72.0,4,71.19,0.2595
3564,E2C,2,11.3673,0.0,0,21.08,0.0483
3564,W2C,2,12.409,0.0,0,19.31,0.0333
3565,N2C,5,6.0831,21.0,2,39.39,0.1684
3565,S2C,5,6.0202,22.0,2,39.8,0.17
3565,E2C,3,10.3291,0.0,0,23.2,0.0693
3565,W2C,3,11.4014,0.0,0,21.02,0.0538
3566,N2C,5,5.7812,1.0,1,41.45,0.1534
3566,S2C,5,5.7613,0.0,0,41.59,0.147
3566,E2C,3,8.6928,0.0,0,27.56,0.0928
3566,W2C,3,9.2817,0.0,0,25.81,0.0844
3567,N2C,5,6.6909,0.0,0,35.81,0.1337
3567,S2C,5,6.7673,0.0,0,35.41,0.1326
3567,E2C,3,7.7891,0.0,0,30.76,0.1058
3567,W2C,3,8.3117,0.0,0,28.83,0.0983
3568,N2C,3,10.0741,0.0,0,23.78,0.0729
3568,S2C,3,9.5892,0.0,0,24.99,0.0799
3568,E2C,3,7.8183,0.0,0,30.65,0.1054
3568,W2C,3,7.9873,0.0,0,30.0,0.103
3569,N2C,3,10.5851,0.0,0,22.64,0.0656
3569,S2C,3,10.7946,0.0,0,22.2,0.0626
3569,E2C,3,8.1028,1.0,1,29.57,0.108
3569,W2C,3,8.7241,1.0,1,27.46,0.099
3570,N2C,3,11.1051,0.0,0,21.58,0.0581
3570,S2C,2,13.5851,0.0,0,17.64,0.0164
3570,E2C,3,7.5747,2.0,1,31.63,0.1163
3570,W2C,3,8.0873,2.0,1,29.63,0.1089
3571,N2C,2,12.7008,0.0,0,18.86,0.0291
3571,S2C,2,13.6393,0.0,0,17.57,0.0156
3571,E2C,3,7.8481,3.0,1,30.53,0.113
3571,W2C,3,8.5854,3.0,1,27.91,0.1024
3572,N2C,2,13.0891,0.0,0,18.31,0.0235
3572,S2C,2,12.8643,0.0,0,18.63,0.0268
3572,E2C,3,7.8719,4.0,1,30.44,0.1133
3572,W2C,3,8.1098,4.0,1,29.54,0.1099
3573,N2C,2,12.9758,0.0,0,18.47,0.0252
3573,S2C,2,13.2008,0.0,0,18.15,0.0219
3573,E2C,3,7.8433,5.0,1,30.55,0.1144
3573,W2C,3,8.2657,5.0,1,28.99,0.1083
3574,N2C,2,13.06,0.0,0,18.35,0.024
3574,S2C,2,13.7919,0.0,0,17.37,0.0134
3574,E2C,4,8.9392,6.0,1,26.8,0.1053
3574,W2C,4,9.5736,6.0,1,25.03,0.0962
3575,N2C,2,12.9889,0.0,0,18.45,0.025
3575,S2C,2,13.245,0.0,0,18.09,0.0213
3575,E2C,4,8.3339,7.0,1,28.75,0.1147
3575,W2C,4,8.7778,7.0,1,27.3,0.1083
3576,N2C,2,12.7121,0.0,0,18.85,0.029
3576,S2C,2,13.4495,0.0,0,17.81,0.0183
3576,E2C,4,7.8653,8.0,1,30.46,0.1221
3576,W2C,4,8.8438,8.0,1,27.09,0.108
3577,N2C,2,13.188,0.0,0,18.17,0.0221
3577,S2C,2,12.929,0.0,0,18.53,0.0258
3577,E2C,4,7.0808,9.0,1,33.84,0.134
3577,W2C,4,7.6434,9.0,1,31.35,0.1259
3578,N2C,2,13.1653,0.0,0,18.2,0.0224
3578,S2C,2,13.2896,0.0,0,18.03,0.0206
3578,E2C,4,5.8918,10.0,1,40.67,0.1518
3578,W2C,4,6.8424,10.0,1,35.02,0.1381
3579,N2C,2,13.0637,0.0,0,18.34,0.0239
3579,S2C,2,13.1507,0.0,0,18.22,0.0226
3579,E2C,4,5.6377,11.0,1,42.5,0.1562
3579,W2C,4,6.5118,11.0,1,36.79,0.1436
3580,N2C,2,12.617,0.0,0,18.99,0.0303
3580,S2C,2,13.0384,0.0,0,18.38,0.0243
3580,E2C,4,5.5779,13.0,2,42.95,0.1644
3580,W2C,4,6.3773,13.0,2,37.57,0.1528
3581,N2C,2,12.9026,0.0,0,18.57,0.0262
3581,S2C,2,13.2274,0.0,0,18.11,0.0215
3581,E2C,4,5.4861,15.0,2,43.67,0.167
3581,W2C,4,6.728,15.0,2,35.61,0.1491
3582,N2C,2,13.1868,0.0,0,18.17,0.0221
3582,S2C,2,13.0337,0.0,0,18.38,0.0243
3582,E2C,4,5.714,17.0,2,41.93,0.1651
3582,W2C,4,5.5708,17.0,2,43.01,0.1671
3583,N2C,2,13.0793,0.0,0,18.32,0.0237
3583,S2C,2,12.9913,0.0,0,18.44,0.0249
3583,E2C,5,7.1519,19.0,2,33.5,0.1517
3583,W2C,5,6.587,19.0,2,36.37,0.1598
3584,N2C,2,12.9613,0.0,0,18.49,0.0254
3584,S2C,2,12.3896,0.0,0,19.34,0.0336
3584,E2C,5,6.4683,21.0,2,37.04,0.1629
3584,W2C,5,5.4121,21.0,2,44.27,0.1781
3585,N2C,2,12.9972,0.0,0,18.43,0.0249
3585,S2C,2,12.7251,0.0,0,18.83,0.0288
3585,E2C,5,5.5437,23.0,2,43.22,0.1775
3585,W2C,5,5.4591,23.0,2,43.89,0.1787
3586,N2C,2,12.7933,0.0,0,18.73,0.0278
3586,S2C,2,13.112,0.0,0,18.27,0.0232
3586,E2C,5,5.1606,25.0,2,46.43,0.1844
3586,W2C,5,5.4089,26.0,3,44.3,0.1875
3587,N2C,2,13.1674,0.0,0,18.2,0.0224
3587,S2C,2,13.0916,0.0,0,18.3,0.0235
3587,E2C,5,4.7216,27.0,2,50.75,0.192
3587,W2C,5,5.4458,29.0,3,44.0,0.1889
3588,N2C,2,13.2229,0.0,0,18.12,0.0216
3588,S2C,2,12.7713,0.0,0,18.76,0.0281
3588,E2C,5,4.8098,30.0,3,49.81,0.1987
3588,W2C,5,5.2937,32.0,3,45.26,0.1931
3589,N2C,2,13.3639,0.0,0,17.93,0.0196
3589,S2C,2,13.1058,0.0,0,18.28,0.0233
3589,E2C,5,4.735,33.0,3,50.6,0.2018
3589,W2C,5,5.2459,35.0,3,45.67,0.1958
3590,N2C,2,13.2884,0.0,0,18.03,0.0207
3590,S2C,2,13.3298,0.0,0,17.97,0.0201
3590,E2C,5,4.7011,36.0,3,50.97,0.2043
3590,W2C,5,5.195,38.0,3,46.12,0.1985
3591,N2C,2,12.9872,0.0,0,18.45,0.025
3591,S2C,2,13.392,0.0,0,17.89,0.0192
3591,E2C,5,4.5994,39.0,3,52.09,0.2078
3591,W2C,5,4.4341,41.0,3,54.04,0.2115
3592,N2C,3,13.3001,0.0,0,18.01,0.0265
3592,S2C,2,12.7673,0.0,0,18.77,0.0282
3592,E2C,6,6.2523,42.0,3,38.32,0.192
3592,W2C,6,5.2315,44.0,3,45.8,0.208
3593,N2C,2,12.9699,0.0,0,18.47,0.0252
3593,S2C,2,12.8186,0.0,0,18.69,0.0274
3593,E2C,6,6.2804,45.0,3,38.15,0.1936
3593,W2C,6,4.6968,47.0,3,51.01,0.2177
3594,N2C,2,12.7358,0.0,0,18.81,0.0286
3594,S2C,2,12.5117,0.0,0,19.15,0.0318
3594,E2C,6,5.6102,48.0,3,42.71,0.2052
3594,W2C,6,4.4362,50.0,3,54.01,0.2235
3595,N2C,2,13.1435,0.0,0,18.23,0.0227
3595,S2C,2,12.1177,0.0,0,19.77,0.0375
3595,E2C,6,5.7193,51.0,3,41.89,0.2056
3595,W2C,6,4.2296,53.0,3,56.65,0.2284
3596,N2C,2,13.3474,0.0,0,17.95,0.0198
3596,S2C,2,12.1255,0.0,0,19.76,0.0374
3596,E2C,6,5.046,54.0,3,47.48,0.2173
3596,W2C,6,4.2936,57.0,4,55.8,0.2362
3597,N2C,2,13.6074,0.0,0,17.61,0.0161
3597,S2C,2,12.4488,0.0,0,19.25,0.0328
3597,E2C,6,4.568,57.0,3,52.45,0.2262
3597,W2C,6,4.4335,61.0,4,54.04,0.2368
3598,N2C,2,13.3151,0.0,0,17.99,0.0203
3598,S2C,2,12.7104,0.0,0,18.85,0.029
3598,E2C,4,6.3824,12.0,2,37.54,0.1521
3598,W2C,4,6.4691,16.0,2,37.04,0.1535
3599,N2C,2,13.6025,0.0,0,17.61,0.0161
3599,S2C,2,12.2805,0.0,0,19.51,0.0352
3599,E2C,4,7.0372,0.0,0,34.05,0.1227
3599,W2C,4,7.058,0.0,0,33.95,0.1224
3600,N2C,2,12.4704,0.0,0,19.21,0.0324
3600,S2C,2,12.2036,0.0,0,19.63,0.0363
3600,E2C,4,6.8018,0.0,0,35.23,0.1261
3600,W2C,4,6.9349,0.0,0,34.55,0.1241
