time,edge,vehicles,speed,waiting,halting,traveltime,congestion
1,N2C,1,13.89,0.0,0,17.25,0.006
1,S2C,1,13.4615,0.0,0,17.8,0.0122
1,E2C,1,13.89,0.0,0,17.25,0.006
1,W2C,1,13.89,0.0,0,17.25,0.006
2,N2C,1,13.2784,0.0,0,18.04,0.0148
2,S2C,1,13.0561,0.0,0,18.35,0.018
2,E2C,1,13.5495,0.0,0,17.68,0.0109
2,W2C,1,13.4471,0.0,0,17.82,0.0124
3,N2C,1,13.2541,0.0,0,18.08,0.0152
3,S2C,1,13.2147,0.0,0,18.13,0.0157
3,E2C,1,13.4511,0.0,0,17.81,0.0123
3,W2C,1,13.8511,0.0,0,17.3,0.0066
4,N2C,1,13.3091,0.0,0,18.0,0.0144
4,S2C,1,12.8743,0.0,0,18.61,0.0206
4,E2C,1,13.5912,0.0,0,17.63,0.0103
4,W2C,1,13.602,0.0,0,17.61,0.0101
5,N2C,2,13.8625,0.0,0,17.28,0.0124
5,S2C,2,12.1378,0.0,0,19.74,0.0372
5,E2C,2,13.8108,0.0,0,17.35,0.0131
5,W2C,2,12.4495,0.0,0,19.25,0.0327
6,N2C,2,13.7803,0.0,0,17.39,0.0136
6,S2C,2,11.0689,0.0,0,21.65,0.0526
6,E2C,2,13.3805,0.0,0,17.91,0.0193
6,W2C,2,11.9885,0.0,0,19.99,0.0394
7,N2C,2,13.3961,0.0,0,17.89,0.0191
7,S2C,2,11.6346,0.0,0,20.59,0.0445
7,E2C,2,13.3345,0.0,0,17.97,0.02
7,W2C,2,12.0054,0.0,0,19.96,0.0391
8,N2C,2,13.0358,0.0,0,18.38,0.0243
8,S2C,2,11.9434,0.0,0,20.06,0.04
8,E2C,2,13.0892,0.0,0,18.31,0.0235
8,W2C,2,12.1507,0.0,0,19.72,0.037
9,N2C,3,13.281,0.0,0,18.04,0.0268
9,S2C,3,11.68,0.0,0,20.51,0.0498
9,E2C,3,13.3888,0.0,0,17.9,0.0252
9,W2C,3,12.7558,0.0,0,18.78,0.0343
10,N2C,3,12.9428,0.0,0,18.51,0.0316
10,S2C,3,11.6984,0.0,0,20.48,0.0496
10,E2C,3,13.1907,0.0,0,18.16,0.0281
10,W2C,3,12.5114,0.0,0,19.15,0.0379
11,N2C,3,12.8396,0.0,0,18.66,0.0331
11,S2C,3,11.5994,0.0,0,20.66,0.051
11,E2C,3,13.2955,0.0,0,18.02,0.0266
11,W2C,3,12.708,0.0,0,18.85,0.035
12,N2C,4,13.3515,0.0,0,17.95,0.0318
12,S2C,4,12.3552,0.0,0,19.39,0.0461
12,E2C,4,13.3745,0.0,0,17.91,0.0314
12,W2C,4,13.0468,0.0,0,18.36,0.0361
13,N2C,4,13.2014,0.0,0,18.15,0.0339
13,S2C,4,11.8781,0.0,0,20.17,0.053
13,E2C,4,13.0809,0.0,0,18.32,0.0357
13,W2C,4,12.3718,0.0,0,19.37,0.0459
14,N2C,4,13.2646,0.0,0,18.06,0.033
14,S2C,4,11.9316,0.0,0,20.08,0.0522
14,E2C,4,12.9857,0.0,0,18.45,0.037
14,W2C,4,12.6384,0.0,0,18.96,0.042
15,N2C,4,12.841,0.0,0,18.66,0.0391
15,S2C,4,12.3771,0.0,0,19.36,0.0458
15,E2C,4,12.9383,0.0,0,18.52,0.0377
15,W2C,4,12.4756,0.0,0,19.21,0.0444
16,N2C,5,12.969,0.0,0,18.47,0.0433
16,S2C,5,12.2592,0.0,0,19.54,0.0535
16,E2C,5,13.2444,0.0,0,18.09,0.0393
16,W2C,5,12.8732,0.0,0,18.61,0.0446
17,N2C,5,12.8659,0.0,0,18.62,0.0447
17,S2C,5,11.993,0.0,0,19.98,0.0573
17,E2C,5,12.876,0.0,0,18.61,0.0446
17,W2C,5,12.5871,0.0,0,19.04,0.0488
18,N2C,5,12.6579,0.0,0,18.93,0.0477
18,S2C,5,11.9071,0.0,0,20.12,0.0586
18,E2C,5,13.0231,0.0,0,18.4,0.0425
18,W2C,5,12.6087,0.0,0,19.0,0.0484
19,N2C,5,12.9276,0.0,0,18.53,0.0439
19,S2C,6,12.1602,0.0,0,19.7,0.0609
19,E2C,6,12.3428,0.0,0,19.41,0.0583
19,W2C,6,11.8811,0.0,0,20.17,0.0649
20,N2C,5,13.0155,0.0,0,18.41,0.0426
20,S2C,5,11.9122,0.0,0,20.11,0.0585
20,E2C,6,11.4347,0.0,0,20.95,0.0714
20,W2C,6,10.971,0.0,0,21.84,0.078
21,N2C,5,12.6887,0.0,0,18.88,0.0473
21,S2C,5,12.2827,0.0,0,19.51,0.0531
21,E2C,6,10.8747,0.0,0,22.03,0.0794
21,W2C,6,10.4037,0.0,0,23.03,0.0862
22,N2C,5,12.5818,0.0,0,19.04,0.0488
22,S2C,5,11.9925,0.0,0,19.98,0.0573
22,E2C,6,10.473,1.0,1,22.88,0.0919
22,W2C,6,10.1889,1.0,1,23.52,0.096
23,N2C,5,12.499,0.0,0,19.17,0.05
23,S2C,6,12.4105,0.0,0,19.31,0.0573
23,E2C,7,10.2064,2.0,1,23.48,0.1024
23,W2C,7,10.6116,2.0,1,22.58,0.0965
24,N2C,5,12.2474,0.0,0,19.56,0.0537
24,S2C,6,11.9158,0.0,0,20.11,0.0644
24,E2C,7,9.6537,3.0,1,24.82,0.111
24,W2C,7,10.5724,3.0,1,22.66,0.0978
25,N2C,5,12.4449,0.0,0,19.25,0.0508
25,S2C,6,11.9999,0.0,0,19.97,0.0632
25,E2C,7,8.8722,5.0,2,27.01,0.1296
25,W2C,7,10.0772,4.0,1,23.78,0.1056
26,N2C,5,12.0566,0.0,0,19.87,0.0564
26,S2C,6,11.9408,0.0,0,20.07,0.0641
26,E2C,7,8.308,7.0,2,28.84,0.139
26,W2C,7,9.2098,5.0,1,26.02,0.1187
27,N2C,6,12.5019,0.0,0,19.17,0.056
27,S2C,6,12.5639,0.0,0,19.07,0.0551
27,E2C,8,8.4884,9.0,2,28.23,0.1438
27,W2C,8,8.664,6.0,1,27.65,0.1332
28,N2C,5,12.7145,0.0,0,18.84,0.0469
28,S2C,6,12.5168,0.0,0,19.14,0.0558
28,E2C,8,8.2562,11.0,2,29.02,0.1485
28,W2C,8,7.756,7.0,1,30.89,0.147
29,N2C,5,12.5409,0.0,0,19.11,0.0494
29,S2C,6,12.2499,0.0,0,19.56,0.0596
29,E2C,8,7.6304,13.0,2,31.4,0.1588
29,W2C,8,7.8727,9.0,2,30.43,0.1526
30,N2C,5,12.4451,0.0,0,19.25,0.0508
30,S2C,5,12.6125,0.0,0,19.0,0.0484
30,E2C,9,7.6638,16.0,3,31.26,0.1723
30,W2C,9,8.1189,12.0,3,29.51,0.1631
31,N2C,5,12.6142,0.0,0,18.99,0.0484
31,S2C,5,12.4983,0.0,0,19.17,0.05
31,E2C,9,7.3463,19.0,3,32.62,0.1789
31,W2C,9,8.0402,15.0,3,29.8,0.1662
32,N2C,5,12.4934,0.0,0,19.18,0.0501
32,S2C,5,12.3572,0.0,0,19.39,0.0521
32,E2C,9,7.1046,22.0,3,33.72,0.1844
32,W2C,9,7.4645,18.0,3,32.1,0.1765
33,N2C,5,12.7468,0.0,0,18.8,0.0465
33,S2C,5,12.7042,0.0,0,18.86,0.0471
33,E2C,9,6.8938,25.0,3,34.76,0.1894
33,W2C,9,6.4717,21.0,3,37.02,0.1928
34,N2C,6,12.4388,0.0,0,19.26,0.0569
34,S2C,6,12.4688,0.0,0,19.22,0.0565
34,E2C,8,9.1519,5.0,1,26.18,0.1256
34,W2C,8,8.2439,5.0,1,29.06,0.1386
35,N2C,6,12.1944,0.0,0,19.65,0.0604
35,S2C,6,11.9224,0.0,0,20.1,0.0643
35,E2C,8,8.7087,0.0,0,27.51,0.1226
35,W2C,8,8.0356,1.0,1,29.82,0.139
36,N2C,6,11.46,0.0,0,20.91,0.071
36,S2C,6,10.3815,0.0,0,23.08,0.0865
36,E2C,8,8.3672,0.0,0,28.64,0.1275
36,W2C,8,8.8718,0.0,0,27.01,0.1203
37,N2C,7,10.5541,0.0,0,22.7,0.09
37,S2C,7,10.3243,1.0,1,23.21,0.1
37,E2C,8,9.8741,0.0,0,24.27,0.1058
37,W2C,7,11.2637,0.0,0,21.27,0.0798
38,N2C,7,9.8335,0.0,0,24.37,0.1004
38,S2C,7,9.3735,2.0,1,25.56,0.1144
38,E2C,7,10.6572,0.0,0,22.48,0.0885
38,W2C,7,11.1885,0.0,0,21.41,0.0809
39,N2C,7,9.1895,1.0,1,26.07,0.1163
39,S2C,7,8.9102,3.0,1,26.89,0.1217
39,E2C,7,10.6819,0.0,0,22.43,0.0882
39,W2C,7,11.2473,0.0,0,21.3,0.0801
40,N2C,7,9.1515,2.0,1,26.18,0.1176
40,S2C,7,8.969,4.0,1,26.71,0.1215
40,E2C,5,12.8652,0.0,0,18.62,0.0448
40,W2C,5,12.798,0.0,0,18.72,0.0457
41,N2C,8,9.6268,4.0,2,24.89,0.1241
41,S2C,8,9.4551,6.0,2,25.34,0.1279
41,E2C,6,13.3395,0.0,0,17.96,0.0439
41,W2C,6,12.8526,0.0,0,18.64,0.0509
42,N2C,8,9.7587,6.0,2,24.55,0.1235
42,S2C,8,9.5404,8.0,2,25.11,0.128
42,E2C,6,12.9148,0.0,0,18.55,0.05
42,W2C,5,12.6593,0.0,0,18.93,0.0477
43,N2C,8,9.3979,8.0,2,25.5,0.13
43,S2C,8,8.9413,10.0,2,26.8,0.1379
43,E2C,5,13.4082,0.0,0,17.87,0.0369
43,W2C,5,12.825,0.0,0,18.68,0.0453
44,N2C,8,8.6516,10.0,2,27.69,0.1421
44,S2C,8,8.505,12.0,2,28.17,0.1455
44,E2C,5,12.8764,0.0,0,18.61,0.0446
44,W2C,5,12.7356,0.0,0,18.81,0.0466
45,N2C,9,8.0118,12.0,2,29.91,0.1586
45,S2C,9,8.2421,14.0,2,29.07,0.1567
45,E2C,5,13.0231,0.0,0,18.4,0.0425
45,W2C,5,12.5187,0.0,0,19.14,0.0497
46,N2C,9,6.826,15.0,3,35.1,0.1837
46,S2C,9,7.4528,16.0,2,32.15,0.1694
46,E2C,5,12.5135,0.0,0,19.15,0.0498
46,W2C,5,12.9188,0.0,0,18.55,0.044
47,N2C,9,6.4813,18.0,3,36.97,0.1907
47,S2C,9,6.6426,19.0,3,36.07,0.189
47,E2C,5,12.8653,0.0,0,18.62,0.0448
47,W2C,5,13.0253,0.0,0,18.39,0.0425
48,N2C,10,6.7395,22.0,4,35.55,0.2016
48,S2C,10,6.8254,22.0,3,35.1,0.1944
48,E2C,5,12.8905,0.0,0,18.59,0.0444
48,W2C,5,13.1295,0.0,0,18.25,0.041
49,N2C,10,6.2893,26.0,4,38.1,0.2108
49,S2C,10,6.3588,25.0,3,37.68,0.2031
49,E2C,5,12.7166,0.0,0,18.84,0.0469
49,W2C,5,12.1748,0.0,0,19.68,0.0547
50,N2C,10,6.5324,30.0,4,36.68,0.2099
50,S2C,10,6.1052,30.0,5,39.25,0.2221
50,E2C,5,12.8637,0.0,0,18.63,0.0448
50,W2C,5,12.7547,0.0,0,18.79,0.0463
51,N2C,10,5.9885,35.0,5,40.01,0.2271
51,S2C,10,5.7118,35.0,5,41.95,0.2311
51,E2C,5,12.8808,0.0,0,18.6,0.0445
51,W2C,5,12.6909,0.0,0,18.88,0.0473
52,N2C,11,6.3136,40.0,5,37.95,0.2318
52,S2C,11,6.2092,40.0,5,38.59,0.2333
52,E2C,5,12.8227,0.0,0,18.69,0.0454
52,W2C,6,12.7382,0.0,0,18.81,0.0526
53,N2C,11,5.2653,45.0,5,45.51,0.2502
53,S2C,11,5.6334,46.0,6,42.53,0.2516
53,E2C,5,12.8133,0.0,0,18.7,0.0455
53,W2C,6,12.6193,0.0,0,18.99,0.0543
54,N2C,11,5.0002,51.0,6,47.92,0.264
54,S2C,11,5.3214,52.0,6,45.03,0.26
54,E2C,5,12.8369,0.0,0,18.66,0.0452
54,W2C,5,12.9659,0.0,0,18.48,0.0433
55,N2C,12,5.3831,57.0,6,44.51,0.2685
55,S2C,12,5.8381,58.0,6,41.04,0.2626
55,E2C,5,13.1404,0.0,0,18.23,0.0408
55,W2C,6,13.1301,0.0,0,18.25,0.0469
56,N2C,12,5.2405,63.0,6,45.72,0.2745
56,S2C,12,5.5001,64.0,6,43.56,0.2715
56,E2C,5,12.9089,0.0,0,18.56,0.0441
56,W2C,5,12.9904,0.0,0,18.44,0.043
57,N2C,12,4.984,70.0,7,48.07,0.2889
57,S2C,12,5.0617,71.0,7,47.34,0.2885
57,E2C,5,13.2026,0.0,0,18.15,0.0399
57,W2C,5,12.6667,0.0,0,18.92,0.0476
58,N2C,12,4.6003,77.0,7,52.08,0.2991
58,S2C,12,4.5399,78.0,7,52.78,0.3006
58,E2C,5,12.6944,0.0,0,18.87,0.0472
58,W2C,5,12.9177,0.0,0,18.55,0.044
59,N2C,13,5.0027,84.0,7,47.89,0.304
59,S2C,13,4.901,85.0,7,48.89,0.3061
59,E2C,5,12.8503,0.0,0,18.65,0.045
59,W2C,6,13.1495,0.0,0,18.22,0.0467
60,N2C,13,4.835,91.0,7,49.56,0.311
60,S2C,13,4.802,93.0,8,49.9,0.3189
60,E2C,5,12.5801,0.0,0,19.05,0.0489
60,W2C,6,12.7552,0.0,0,18.78,0.0523
61,N2C,13,4.8104,98.0,7,49.81,0.3161
61,S2C,13,4.8247,101.0,8,49.66,0.3239
61,E2C,5,12.5816,0.0,0,19.04,0.0488
61,W2C,5,12.5832,0.0,0,19.04,0.0488
62,N2C,13,4.8837,106.0,8,49.06,0.3263
62,S2C,13,4.8981,109.0,8,48.92,0.3281
62,E2C,5,12.5498,0.0,0,19.09,0.0493
62,W2C,5,13.0792,0.0,0,18.32,0.0417
63,N2C,14,4.9076,114.0,8,48.82,0.3373
63,S2C,14,5.2058,117.0,8,46.03,0.335
63,E2C,6,12.7316,0.0,0,18.82,0.0527
63,W2C,5,13.1003,0.0,0,18.29,0.0414
64,N2C,14,4.2615,122.0,8,56.22,0.352
64,S2C,14,4.5456,125.0,8,52.71,0.3499
64,E2C,6,12.6396,0.0,0,18.96,0.054
64,W2C,5,12.82,0.0,0,18.69,0.0454
65,N2C,14,3.7787,131.0,9,63.41,0.3709
65,S2C,14,4.0119,133.0,8,59.72,0.3629
65,E2C,6,12.249,0.0,0,19.56,0.0596
65,W2C,5,12.4733,0.0,0,19.21,0.0504
66,N2C,15,4.2768,140.0,9,56.02,0.3758
66,S2C,15,4.3075,142.0,9,55.62,0.3766
66,E2C,7,11.3179,0.0,0,21.17,0.079
66,W2C,6,12.1493,0.0,0,19.72,0.0611
67,N2C,13,4.8283,94.0,8,49.62,0.3191
67,S2C,13,4.6377,94.0,8,51.66,0.3219
67,E2C,7,10.1347,0.0,0,23.64,0.0961
67,W2C,6,11.1821,0.0,0,21.43,0.075
68,N2C,13,4.9915,58.0,6,48.0,0.2808
68,S2C,13,4.5024,61.0,6,53.22,0.2898
68,E2C,7,9.4148,1.0,1,25.45,0.1131
68,W2C,6,10.6597,0.0,0,22.48,0.0825
69,N2C,13,5.1576,29.0,4,46.46,0.2471
69,S2C,13,4.6869,30.0,4,51.12,0.2545
69,E2C,7,8.6592,3.0,2,27.67,0.1313
69,W2C,6,10.4014,0.0,0,23.04,0.0862
70,N2C,12,6.0224,10.0,2,39.79,0.204
70,S2C,12,5.6401,9.0,2,42.48,0.2088
70,E2C,8,8.7273,5.0,2,27.45,0.1377
70,W2C,7,10.6145,1.0,1,22.57,0.0958
71,N2C,12,6.0725,0.0,0,39.46,0.1846
71,S2C,12,5.919,1.0,1,40.48,0.1934
71,E2C,8,7.8779,7.0,2,30.41,0.1512
71,W2C,7,9.886,2.0,1,24.24,0.107
72,N2C,10,6.5253,0.0,0,36.72,0.166
72,S2C,12,6.3907,0.0,0,37.49,0.18
72,E2C,8,7.4726,9.0,2,32.06,0.1584
72,W2C,7,8.9012,3.0,1,26.92,0.1218
73,N2C,11,8.2089,0.0,0,29.19,0.1478
73,S2C,11,7.7616,0.0,0,30.87,0.1542
73,E2C,9,7.6972,12.0,3,31.13,0.1692
73,W2C,8,8.7269,4.0,1,27.46,0.131
74,N2C,10,8.8885,0.0,0,26.96,0.132
74,S2C,11,8.6565,0.0,0,27.68,0.1414
74,E2C,9,7.2311,15.0,3,33.13,0.1779
74,W2C,8,8.3403,6.0,2,28.73,0.1439
75,N2C,9,9.6075,0.0,0,24.94,0.1157
75,S2C,9,9.8283,0.0,0,24.38,0.1125
75,E2C,9,7.1546,18.0,3,33.49,0.181
75,W2C,8,8.0091,8.0,2,29.92,0.15
76,N2C,8,10.7492,0.0,0,22.29,0.0932
76,S2C,9,10.2958,0.0,0,23.27,0.1058
76,E2C,9,7.1095,21.0,3,33.7,0.1836
76,W2C,8,8.1417,10.0,2,29.43,0.1494
77,N2C,8,11.4106,0.0,0,21.0,0.0837
77,S2C,8,11.2915,0.0,0,21.22,0.0854
77,E2C,10,7.4797,25.0,4,32.03,0.193
77,W2C,9,8.6706,13.0,3,27.63,0.1558
78,N2C,7,11.6873,0.0,0,20.5,0.0737
78,S2C,7,12.2235,0.0,0,19.6,0.066
78,E2C,10,7.2024,29.0,4,33.27,0.1996
78,W2C,9,8.1061,16.0,3,29.56,0.1659
79,N2C,6,12.3962,0.0,0,19.33,0.0575
79,S2C,6,12.3505,0.0,0,19.4,0.0582
79,E2C,10,6.5168,33.0,4,36.77,0.2122
79,W2C,9,7.4891,19.0,3,31.99,0.1768
80,N2C,5,12.8219,0.0,0,18.69,0.0454
80,S2C,5,13.1364,0.0,0,18.24,0.0409
80,E2C,10,5.939,37.0,4,40.34,0.2232
80,W2C,9,6.6894,22.0,3,35.82,0.1903
81,N2C,6,13.3218,0.0,0,17.99,0.0442
81,S2C,5,13.1907,0.0,0,18.16,0.0401
81,E2C,11,6.2278,42.0,5,38.47,0.2343
81,W2C,10,6.9903,26.0,4,34.28,0.2007
82,N2C,5,12.9352,0.0,0,18.52,0.0437
82,S2C,5,13.136,0.0,0,18.24,0.0409
82,E2C,11,5.7979,48.0,6,41.32,0.2505
82,W2C,10,6.2017,30.0,4,38.63,0.2147
83,N2C,5,13.2203,0.0,0,18.12,0.0396
83,S2C,5,13.1088,0.0,0,18.28,0.0412
83,E2C,11,5.4345,54.0,6,44.09,0.2597
83,W2C,10,5.8858,34.0,4,40.71,0.2219
84,N2C,6,12.9083,0.0,0,18.56,0.0501
84,S2C,5,13.3535,0.0,0,17.94,0.0377
84,E2C,12,5.8804,60.0,6,40.75,0.2633
84,W2C,11,6.2952,38.0,4,38.06,0.2247
85,N2C,5,12.8548,0.0,0,18.64,0.0449
85,S2C,5,13.1185,0.0,0,18.26,0.0411
85,E2C,12,5.6209,66.0,6,42.63,0.2711
85,W2C,11,5.7658,43.0,5,41.56,0.2416
86,N2C,5,12.7273,0.0,0,18.83,0.0467
86,S2C,5,12.9087,0.0,0,18.56,0.0441
86,E2C,12,5.3858,72.0,6,44.49,0.2785
86,W2C,11,5.3407,49.0,6,44.86,0.2578
87,N2C,5,12.9098,0.0,0,18.56,0.0441
87,S2C,5,12.8162,0.0,0,18.7,0.0455
87,E2C,12,4.9078,79.0,7,48.82,0.296
87,W2C,11,5.2257,55.0,6,45.85,0.2634
88,N2C,5,12.5976,0.0,0,19.02,0.0486
88,S2C,5,12.9306,0.0,0,18.53,0.0438
88,E2C,13,5.0839,86.0,7,47.13,0.3041
88,W2C,12,5.3794,61.0,6,44.54,0.2712
89,N2C,5,12.5608,0.0,0,19.08,0.0491
89,S2C,5,12.7771,0.0,0,18.75,0.046
89,E2C,13,4.5266,93.0,7,52.93,0.3168
89,W2C,12,5.1831,67.0,6,46.23,0.278
90,N2C,5,12.7671,0.0,0,18.77,0.0462
90,S2C,5,12.5557,0.0,0,19.08,0.0492
90,E2C,13,4.3158,100.0,7,55.52,0.3245
90,W2C,12,4.7857,74.0,7,50.07,0.2944
91,N2C,5,13.2739,0.0,0,18.05,0.0389
91,S2C,5,12.6703,0.0,0,18.91,0.0476
91,E2C,14,4.8528,108.0,8,49.37,0.3341
91,W2C,13,5.161,81.0,7,46.42,0.2997
92,N2C,5,12.9241,0.0,0,18.54,0.0439
92,S2C,5,12.5756,0.0,0,19.05,0.0489
92,E2C,14,4.4467,117.0,9,53.88,0.352
92,W2C,13,4.7556,88.0,7,50.38,0.3102
93,N2C,5,12.6588,0.0,0,18.93,0.0477
93,S2C,5,12.4279,0.0,0,19.28,0.0511
93,E2C,14,4.1384,126.0,9,57.9,0.3624
93,W2C,13,4.4959,96.0,8,53.29,0.3253
94,N2C,5,12.6867,0.0,0,18.89,0.0473
94,S2C,5,12.7605,0.0,0,18.78,0.0463
94,E2C,14,3.9941,135.0,9,59.99,0.3705
94,W2C,13,4.2338,104.0,8,56.59,0.3344
95,N2C,5,12.7378,0.0,0,18.81,0.0466
95,S2C,6,12.5667,0.0,0,19.07,0.0551
95,E2C,15,4.352,144.0,9,55.05,0.3773
95,W2C,14,4.6261,112.0,8,51.79,0.3401
96,N2C,5,12.2627,0.0,0,19.54,0.0534
96,S2C,5,12.6401,0.0,0,18.96,0.048
96,E2C,15,4.0315,154.0,10,59.43,0.3946
96,W2C,14,4.6551,120.0,8,51.47,0.345
97,N2C,5,12.1542,0.0,0,19.71,0.055
97,S2C,5,12.8685,0.0,0,18.62,0.0447
97,E2C,15,3.8427,164.0,10,62.35,0.404
97,W2C,14,4.5015,129.0,9,53.23,0.3592
98,N2C,5,11.4595,0.0,0,20.91,0.065
98,S2C,5,12.3878,0.0,0,19.34,0.0516
98,E2C,15,3.541,174.0,10,67.66,0.415
98,W2C,14,4.4304,138.0,9,54.08,0.3662
99,N2C,6,11.4414,0.0,0,20.94,0.0713
99,S2C,6,11.6678,0.0,0,20.54,0.068
99,E2C,16,3.7936,185.0,11,63.16,0.4307
99,W2C,15,4.4053,147.0,9,54.39,0.3786
100,N2C,6,10.7408,0.0,0,22.31,0.0813
100,S2C,6,10.8635,0.0,0,22.06,0.0796
100,E2C,14,3.9605,131.0,9,60.5,0.3683
100,W2C,13,4.3923,98.0,7,54.55,0.3221
101,N2C,6,10.4635,0.0,0,22.9,0.0853
101,S2C,6,10.5702,1.0,1,22.67,0.0905
101,E2C,14,3.7914,86.0,7,63.2,0.3287
101,W2C,13,4.2327,59.0,5,56.61,0.2864
102,N2C,7,10.6322,1.0,1,22.54,0.0956
102,S2C,7,10.6415,2.0,1,22.52,0.0961
102,E2C,15,4.7263,50.0,5,50.7,0.2853
102,W2C,14,5.0957,30.0,4,47.02,0.2546
103,N2C,7,10.766,2.0,1,22.26,0.0943
103,S2C,7,10.432,3.0,1,22.97,0.0998
103,E2C,13,5.0363,26.0,4,47.57,0.2468
103,W2C,12,5.5507,10.0,3,43.17,0.2167
104,N2C,7,10.8077,3.0,1,22.17,0.0944
104,S2C,7,10.1,4.0,1,23.72,0.1052
104,E2C,13,5.0725,8.0,2,47.24,0.2223
104,W2C,12,5.8442,2.0,1,41.0,0.1952
105,N2C,7,10.1489,4.0,1,23.61,0.1045
105,S2C,7,9.2017,5.0,1,26.04,0.1188
105,E2C,13,5.8554,1.0,1,40.92,0.2004
105,W2C,10,6.3664,0.0,0,37.64,0.1683
106,N2C,8,9.3716,5.0,1,25.57,0.1224
106,S2C,8,9.7328,6.0,1,24.62,0.1179
106,E2C,12,6.6852,0.0,0,35.84,0.1757
106,W2C,11,7.6349,0.0,0,31.38,0.1561
107,N2C,8,8.5823,6.0,1,27.92,0.1344
107,S2C,8,9.1203,8.0,2,26.27,0.134
107,E2C,12,7.3301,0.0,0,32.69,0.1665
107,W2C,9,8.3586,0.0,0,28.66,0.1336
108,N2C,8,7.83,7.0,1,30.6,0.1459
108,S2C,8,8.4902,10.0,2,28.22,0.1444
108,E2C,10,8.0935,0.0,0,29.6,0.1435
108,W2C,9,9.049,0.0,0,26.48,0.1237
109,N2C,9,7.6748,10.0,3,31.22,0.1682
109,S2C,9,8.2562,12.0,2,29.02,0.1551
109,E2C,10,9.0545,0.0,0,26.46,0.1296
109,W2C,8,10.4273,0.0,0,22.98,0.0979
110,N2C,9,7.2068,13.0,3,33.25,0.1769
110,S2C,9,7.5847,14.0,2,31.59,0.1661
110,E2C,9,9.7017,0.0,0,24.7,0.1143
110,W2C,8,11.1681,0.0,0,21.45,0.0872
111,N2C,9,7.308,16.0,3,32.79,0.1774
111,S2C,9,7.086,16.0,2,33.81,0.1746
111,E2C,8,10.5891,0.0,0,22.63,0.0955
111,W2C,6,11.7114,0.0,0,20.46,0.0674
112,N2C,9,7.0593,19.0,3,33.94,0.183
112,S2C,9,6.6748,19.0,3,35.9,0.1886
112,E2C,7,11.5125,0.0,0,20.81,0.0762
112,W2C,6,12.507,0.0,0,19.16,0.0559
113,N2C,10,7.5965,23.0,4,31.54,0.19
113,S2C,10,6.8655,23.0,4,34.9,0.2005
113,E2C,7,12.5823,0.0,0,19.04,0.0608
113,W2C,5,12.1531,0.0,0,19.72,0.055
114,N2C,10,7.3056,27.0,4,32.8,0.1968
114,S2C,10,6.6356,27.0,4,36.11,0.2065
114,E2C,6,12.7165,0.0,0,18.84,0.0529
114,W2C,5,12.4097,0.0,0,19.31,0.0513
115,N2C,10,6.4948,31.0,4,36.89,0.2111
115,S2C,10,6.4572,32.0,5,37.11,0.2184
115,E2C,5,13.2341,0.0,0,18.1,0.0394
115,W2C,5,12.1306,0.0,0,19.75,0.0553
116,N2C,10,6.063,35.0,4,39.52,0.22
116,S2C,10,6.4163,37.0,5,37.34,0.2223
116,E2C,5,12.9454,0.0,0,18.51,0.0436
116,W2C,5,12.0974,0.0,0,19.81,0.0558
117,N2C,11,6.4918,39.0,4,36.91,0.2225
117,S2C,11,6.4635,42.0,5,37.07,0.2309
117,E2C,6,13.2016,0.0,0,18.15,0.0459
117,W2C,6,12.4933,0.0,0,19.18,0.0561
118,N2C,11,5.4909,44.0,5,43.64,0.2463
118,S2C,11,5.9354,47.0,5,40.37,0.2419
118,E2C,6,13.1784,0.0,0,18.18,0.0462
118,W2C,6,12.3139,0.0,0,19.46,0.0587
119,N2C,11,5.1096,50.0,6,46.89,0.2618
119,S2C,11,5.3018,52.0,5,45.19,0.2543
119,E2C,5,13.1014,0.0,0,18.29,0.0414
119,W2C,6,12.27,0.0,0,19.53,0.0593
120,N2C,12,5.584,56.0,6,42.91,0.2649
120,S2C,12,5.901,57.0,5,40.6,0.255
120,E2C,5,13.1217,0.0,0,18.26,0.0411
120,W2C,6,12.7545,0.0,0,18.79,0.0523
121,N2C,12,5.4665,63.0,7,43.83,0.2773
121,S2C,12,5.4854,63.0,6,43.68,0.271
121,E2C,5,13.3432,0.0,0,17.96,0.0379
121,W2C,6,12.6473,0.0,0,18.94,0.0539
122,N2C,12,5.0683,70.0,7,47.27,0.2877
122,S2C,12,5.0113,70.0,7,47.81,0.2885
122,E2C,5,13.3964,0.0,0,17.89,0.0371
122,W2C,5,12.9139,0.0,0,18.55,0.0441
123,N2C,12,4.7112,77.0,7,50.86,0.2975
123,S2C,12,4.6737,77.0,7,51.27,0.298
123,E2C,5,13.4075,0.0,0,17.87,0.0369
123,W2C,5,12.8009,0.0,0,18.72,0.0457
124,N2C,13,5.0817,84.0,7,47.15,0.3028
124,S2C,13,4.9182,84.0,7,48.72,0.3052
124,E2C,5,13.1623,0.0,0,18.2,0.0405
124,W2C,5,12.8381,0.0,0,18.66,0.0451
125,N2C,13,4.9031,92.0,8,48.87,0.3167
125,S2C,13,4.5189,91.0,7,53.02,0.3156
125,E2C,5,13.4788,0.0,0,17.78,0.0359
125,W2C,5,12.482,0.0,0,19.2,0.0503
126,N2C,13,4.5038,100.0,8,53.2,0.3278
126,S2C,13,4.2326,99.0,8,56.61,0.3311
126,E2C,5,13.3494,0.0,0,17.95,0.0378
126,W2C,5,12.223,0.0,0,19.6,0.054
127,N2C,14,4.9193,108.0,8,48.71,0.3332
127,S2C,14,4.857,107.0,8,49.33,0.3334
127,E2C,5,13.1662,0.0,0,18.2,0.0404
127,W2C,5,12.8011,0.0,0,18.72,0.0457
128,N2C,14,4.5791,116.0,8,52.32,0.3434
128,S2C,14,4.459,115.0,8,53.73,0.3445
128,E2C,5,12.8873,0.0,0,18.59,0.0444
128,W2C,5,12.6111,0.0,0,19.0,0.0484
129,N2C,14,4.0823,125.0,9,58.69,0.3626
129,S2C,14,4.2065,124.0,9,56.96,0.3601
129,E2C,5,13.0059,0.0,0,18.42,0.0427
129,W2C,5,12.6437,0.0,0,18.95,0.0479
130,N2C,14,3.9865,134.0,9,60.1,0.3699
130,S2C,14,3.9404,133.0,9,60.81,0.3699
130,E2C,5,12.921,0.0,0,18.54,0.044
130,W2C,5,12.4939,0.0,0,19.18,0.0501
131,N2C,15,4.159,143.0,9,57.61,0.3794
131,S2C,15,4.4625,142.0,9,53.69,0.3744
131,E2C,6,11.7957,0.0,0,20.31,0.0662
131,W2C,6,12.7611,0.0,0,18.78,0.0523
132,N2C,15,3.7263,153.0,10,64.3,0.3983
132,S2C,15,4.0658,152.0,10,58.93,0.3928
132,E2C,6,11.4194,0.0,0,20.98,0.0716
132,W2C,6,12.4881,0.0,0,19.19,0.0562
133,N2C,13,4.0673,106.0,8,58.91,0.3381
133,S2C,13,4.4787,102.0,8,53.5,0.3295
133,E2C,6,10.5627,0.0,0,22.68,0.0839
133,W2C,6,12.8086,0.0,0,18.71,0.0516
134,N2C,13,3.9257,66.0,6,61.03,0.3015
134,S2C,13,4.4152,65.0,6,54.27,0.2938
134,E2C,6,10.3556,0.0,0,23.14,0.0869
134,W2C,6,11.9572,0.0,0,20.04,0.0638
135,N2C,14,5.0479,37.0,4,47.46,0.26
135,S2C,14,5.0871,36.0,5,47.1,0.2648
135,E2C,7,10.0415,1.0,1,23.86,0.1041
135,W2C,7,11.2991,0.0,0,21.21,0.0793
136,N2C,12,5.3886,14.0,3,44.46,0.2217
136,S2C,12,5.469,15.0,3,43.81,0.2213
136,E2C,7,9.1387,2.0,1,26.22,0.1177
136,W2C,7,10.1777,0.0,0,23.54,0.0955
137,N2C,12,5.6472,2.0,1,42.43,0.198
137,S2C,12,5.9281,3.0,1,40.42,0.1946
137,E2C,7,8.5285,3.0,1,28.09,0.1272
137,W2C,7,8.826,1.0,1,27.15,0.1216
138,N2C,12,6.5024,0.0,0,36.85,0.1784
138,S2C,12,6.8971,0.0,0,34.74,0.1727
138,E2C,8,8.6319,5.0,2,27.76,0.139
138,W2C,8,9.0278,2.0,1,26.54,0.1253
139,N2C,11,6.9267,0.0,0,34.59,0.1663
139,S2C,11,7.6922,0.0,0,31.15,0.1552
139,E2C,8,7.7747,7.0,2,30.82,0.1527
139,W2C,8,8.3869,4.0,2,28.57,0.1419
140,N2C,10,7.7508,0.0,0,30.91,0.1484
140,S2C,10,8.3132,0.0,0,28.82,0.1403
140,E2C,8,7.9791,9.0,2,30.03,0.1511
140,W2C,8,8.4111,6.0,2,28.49,0.1429
141,N2C,9,8.4007,0.0,0,28.52,0.133
141,S2C,9,8.82,0.0,0,27.17,0.127
141,E2C,8,7.3222,12.0,3,32.72,0.1686
141,W2C,8,8.344,8.0,2,28.72,0.1452
142,N2C,9,9.3351,0.0,0,25.67,0.1196
142,S2C,9,10.0303,0.0,0,23.89,0.1096
142,E2C,9,7.6077,15.0,3,31.49,0.1725
142,W2C,9,8.6028,11.0,3,27.85,0.1555
143,N2C,8,10.155,0.0,0,23.59,0.1018
143,S2C,8,10.73,0.0,0,22.33,0.0935
143,E2C,9,7.0959,18.0,3,33.77,0.1818
143,W2C,9,7.747,14.0,3,30.93,0.1698
144,N2C,7,11.1378,0.0,0,21.51,0.0816
144,S2C,7,11.611,0.0,0,20.64,0.0748
144,E2C,9,6.838,21.0,3,35.04,0.1875
144,W2C,9,6.6055,17.0,3,36.27,0.1882
145,N2C,7,11.4776,0.0,0,20.88,0.0767
145,S2C,7,12.7198,0.0,0,18.84,0.0588
145,E2C,10,6.9973,25.0,4,34.24,0.1999
145,W2C,10,7.1557,20.0,3,33.48,0.1883
146,N2C,6,12.1815,0.0,0,19.67,0.0606
146,S2C,5,13.0634,0.0,0,18.34,0.0419
146,E2C,10,6.6179,29.0,4,36.2,0.208
146,W2C,10,6.5594,25.0,5,36.53,0.2122
147,N2C,5,12.0591,0.0,0,19.87,0.0564
147,S2C,5,12.8915,0.0,0,18.59,0.0444
147,E2C,10,6.3186,33.0,4,37.92,0.215
147,W2C,10,6.3891,30.0,5,37.5,0.218
148,N2C,5,12.0504,0.0,0,19.88,0.0565
148,S2C,5,13.0899,0.0,0,18.3,0.0415
148,E2C,10,6.1714,37.0,4,38.82,0.2198
148,W2C,10,5.9652,35.0,5,40.17,0.2274
149,N2C,6,12.5531,0.0,0,19.09,0.0553
149,S2C,5,12.9648,0.0,0,18.48,0.0433
149,E2C,11,6.7454,42.0,5,35.52,0.2269
149,W2C,11,6.2663,40.0,5,38.24,0.2324
150,N2C,6,12.4122,0.0,0,19.3,0.0573
150,S2C,5,12.7947,0.0,0,18.73,0.0458
150,E2C,11,6.2147,47.0,5,38.55,0.2378
150,W2C,11,6.0082,46.0,6,39.88,0.2462
151,N2C,6,12.3699,0.0,0,19.37,0.0579
151,S2C,5,12.6963,0.0,0,18.87,0.0472
151,E2C,11,5.9246,52.0,5,40.44,0.2454
151,W2C,11,5.6215,52.0,6,42.62,0.2557
152,N2C,6,11.9097,0.0,0,20.12,0.0645
152,S2C,5,12.9219,0.0,0,18.54,0.0439
152,E2C,11,5.5203,57.0,5,43.4,0.2545
152,W2C,11,5.2885,58.0,6,45.31,0.2645
153,N2C,7,12.539,0.0,0,19.11,0.0615
153,S2C,5,12.766,0.0,0,18.77,0.0462
153,E2C,12,5.6168,63.0,6,42.66,0.2691
153,W2C,12,5.4752,64.0,6,43.76,0.2718
154,N2C,6,11.8901,0.0,0,20.15,0.0648
154,S2C,5,12.662,0.0,0,18.92,0.0477
154,E2C,12,5.1663,69.0,6,46.38,0.2796
154,W2C,12,5.1629,71.0,7,46.41,0.287
155,N2C,6,12.3196,0.0,0,19.45,0.0586
155,S2C,5,12.4808,0.0,0,19.2,0.0503
155,E2C,12,4.8271,75.0,6,49.64,0.2885
155,W2C,12,4.7358,78.0,7,50.59,0.2978
156,N2C,5,12.845,0.0,0,18.65,0.045
156,S2C,6,12.6322,0.0,0,18.97,0.0541
156,E2C,13,5.1588,81.0,6,46.45,0.2937
156,W2C,13,5.1013,85.0,7,46.97,0.3032
157,N2C,5,12.4554,0.0,0,19.24,0.0507
157,S2C,6,12.796,0.0,0,18.72,0.0518
157,E2C,13,4.9088,88.0,7,48.81,0.308
157,W2C,13,4.7884,92.0,7,50.04,0.3124
158,N2C,5,12.4358,0.0,0,19.27,0.0509
158,S2C,5,13.0255,0.0,0,18.39,0.0424
158,E2C,13,5.0287,95.0,7,47.65,0.3109
158,W2C,13,4.5035,100.0,8,53.2,0.3278
159,N2C,5,12.7889,0.0,0,18.74,0.0459
159,S2C,5,12.6365,0.0,0,18.96,0.048
159,E2C,13,4.6427,103.0,8,51.61,0.3278
159,W2C,13,4.0313,108.0,8,59.44,0.34
160,N2C,5,12.4851,0.0,0,19.19,0.0502
160,S2C,5,13.1244,0.0,0,18.26,0.041
160,E2C,14,4.9226,111.0,8,48.67,0.3351
160,W2C,14,4.4442,116.0,8,53.91,0.3453
161,N2C,5,12.3889,0.0,0,19.34,0.0516
161,S2C,5,12.8813,0.0,0,18.6,0.0445
161,E2C,14,4.3344,119.0,8,55.28,0.3489
161,W2C,14,4.006,125.0,9,59.81,0.3637
162,N2C,5,12.5352,0.0,0,19.11,0.0495
162,S2C,5,12.9582,0.0,0,18.49,0.0434
162,E2C,14,4.0241,127.0,8,59.54,0.3587
162,W2C,14,3.6647,134.0,9,65.38,0.3746
163,N2C,6,12.8823,0.0,0,18.6,0.0505
163,S2C,5,12.9906,0.0,0,18.44,0.043
163,E2C,15,4.4987,135.0,8,53.26,0.3632
163,W2C,15,4.1667,144.0,10,57.5,0.386
164,N2C,6,12.569,0.0,0,19.06,0.055
164,S2C,5,12.822,0.0,0,18.69,0.0454
164,E2C,15,4.0218,145.0,10,59.58,0.3888
164,W2C,15,3.8777,154.0,10,61.79,0.3968
165,N2C,6,12.2451,0.0,0,19.57,0.0597
165,S2C,5,12.916,0.0,0,18.55,0.044
165,E2C,15,3.8077,155.0,10,62.93,0.3985
165,W2C,15,3.6599,164.0,10,65.47,0.4066
166,N2C,6,11.4384,0.0,0,20.95,0.0713
166,S2C,5,12.9609,0.0,0,18.49,0.0434
166,E2C,13,4.0323,104.0,8,59.42,0.3373
166,W2C,13,3.9503,116.0,8,60.65,0.3465
167,N2C,7,10.4447,0.0,0,22.94,0.0916
167,S2C,6,12.8664,0.0,0,18.62,0.0507
167,E2C,14,4.893,63.0,7,48.97,0.2975
167,W2C,14,4.7022,77.0,7,50.95,0.3096
168,N2C,7,9.764,1.0,1,24.54,0.1081
168,S2C,6,12.1101,0.0,0,19.79,0.0616
168,E2C,14,4.9792,38.0,5,48.12,0.2676
168,W2C,14,5.1888,42.0,5,46.18,0.2673
169,N2C,7,9.1262,2.0,1,26.25,0.1179
169,S2C,6,11.7438,0.0,0,20.4,0.0669
169,E2C,13,5.2385,15.0,3,45.74,0.2306
169,W2C,12,5.8372,19.0,3,41.05,0.2186
170,N2C,7,8.7852,4.0,2,27.27,0.1302
170,S2C,6,10.8834,0.0,0,22.02,0.0793
170,E2C,12,5.6603,4.0,1,42.33,0.1992
170,W2C,12,6.3773,4.0,1,37.57,0.1888
171,N2C,8,8.9159,6.0,2,26.87,0.1356
171,S2C,7,11.1242,0.0,0,21.54,0.0818
171,E2C,12,6.4683,0.0,0,37.04,0.1789
171,W2C,11,7.3747,0.0,0,32.49,0.1598
172,N2C,8,8.1939,8.0,2,29.24,0.1474
172,S2C,7,10.3112,1.0,1,23.24,0.1002
172,E2C,11,6.9873,0.0,0,34.29,0.1654
172,W2C,11,7.6858,0.0,0,31.17,0.1553
173,N2C,8,8.0627,10.0,2,29.72,0.1506
173,S2C,7,9.0848,2.0,1,26.37,0.1185
173,E2C,11,7.7826,0.0,0,30.79,0.1539
173,W2C,10,8.1015,0.0,0,29.57,0.1433
174,N2C,9,8.5732,12.0,2,27.95,0.1506
174,S2C,8,9.077,3.0,1,26.4,0.1253
174,E2C,10,9.1252,0.0,0,26.26,0.1286
174,W2C,10,9.1344,0.0,0,26.23,0.1285
175,N2C,9,7.6012,15.0,3,31.52,0.1726
175,S2C,8,8.3406,4.0,1,28.73,0.1366
175,E2C,10,9.752,0.0,0,24.57,0.1196
175,W2C,9,9.4631,0.0,0,25.32,0.1177
176,N2C,9,7.6775,18.0,3,31.21,0.1735
176,S2C,8,8.1205,6.0,2,29.51,0.1471
176,E2C,8,10.5269,0.0,0,22.76,0.0964
176,W2C,8,9.891,0.0,0,24.22,0.1056
177,N2C,9,7.0051,21.0,3,34.2,0.1851
177,S2C,8,7.522,8.0,2,31.85,0.157
177,E2C,7,11.3432,0.0,0,21.12,0.0787
177,W2C,8,10.6064,0.0,0,22.59,0.0953
178,N2C,10,6.8146,25.0,4,35.16,0.2025
178,S2C,9,7.461,10.0,2,32.11,0.1652
178,E2C,7,12.1447,0.0,0,19.73,0.0671
178,W2C,7,11.1092,0.0,0,21.57,0.082
179,N2C,10,6.2904,29.0,4,38.09,0.2128
179,S2C,9,6.8662,13.0,3,34.9,0.1818
179,E2C,6,12.9441,0.0,0,18.51,0.0496
179,W2C,5,11.4388,0.0,0,20.95,0.0653
180,N2C,10,5.7828,33.0,4,41.43,0.2227
180,S2C,9,6.3404,17.0,4,37.79,0.198
180,E2C,5,13.0399,0.0,0,18.37,0.0422
180,W2C,5,11.5021,0.0,0,20.83,0.0644
181,N2C,11,6.049,38.0,5,39.61,0.2342
181,S2C,10,6.5645,21.0,4,36.5,0.2035
181,E2C,5,13.2027,0.0,0,18.15,0.0399
181,W2C,5,12.1737,0.0,0,19.68,0.0547
182,N2C,11,5.8003,43.0,5,41.31,0.2411
182,S2C,10,6.2302,25.0,4,38.46,0.211
182,E2C,5,13.0438,0.0,0,18.37,0.0422
182,W2C,5,11.7073,0.0,0,20.47,0.0614
183,N2C,11,5.8749,48.0,5,40.78,0.2434
183,S2C,10,6.2389,30.0,5,38.4,0.2202
183,E2C,5,13.0432,0.0,0,18.37,0.0422
183,W2C,5,11.7831,0.0,0,20.33,0.0603
184,N2C,11,5.5961,54.0,6,42.82,0.2574
184,S2C,10,5.9897,35.0,5,40.0,0.2271
184,E2C,5,12.8274,0.0,0,18.68,0.0453
184,W2C,5,11.9948,0.0,0,19.98,0.0573
185,N2C,12,5.7561,60.0,6,41.63,0.2651
185,S2C,11,6.5247,40.0,5,36.72,0.2287
185,E2C,5,12.9367,0.0,0,18.52,0.0437
185,W2C,6,12.1046,0.0,0,19.79,0.0617
186,N2C,12,5.5145,66.0,6,43.45,0.2726
186,S2C,11,6.0274,45.0,5,39.75,0.2392
186,E2C,5,12.8716,0.0,0,18.61,0.0447
186,W2C,6,11.7962,0.0,0,20.31,0.0661
187,N2C,12,5.3227,72.0,6,45.01,0.2794
187,S2C,11,5.5099,50.0,5,43.49,0.25
187,E2C,5,12.7704,0.0,0,18.76,0.0461
187,W2C,6,12.1754,0.0,0,19.68,0.0607
188,N2C,12,4.8654,79.0,7,49.25,0.2966
188,S2C,11,5.0346,55.0,5,47.59,0.2602
188,E2C,5,13.0537,0.0,0,18.35,0.042
188,W2C,5,11.8766,0.0,0,20.17,0.059
189,N2C,13,5.0747,86.0,7,47.21,0.3043
189,S2C,12,5.391,61.0,6,44.44,0.271
189,E2C,6,13.1329,0.0,0,18.24,0.0469
189,W2C,6,12.306,0.0,0,19.47,0.0588
190,N2C,13,4.4586,94.0,8,53.74,0.3245
190,S2C,12,4.7359,68.0,7,50.59,0.2911
190,E2C,6,13.0781,0.0,0,18.32,0.0477
190,W2C,6,12.1726,0.0,0,19.68,0.0607
191,N2C,13,4.1134,102.0,8,58.25,0.3348
191,S2C,12,4.4929,75.0,7,53.33,0.2993
191,E2C,5,13.1933,0.0,0,18.16,0.04
191,W2C,5,12.267,0.0,0,19.53,0.0534
192,N2C,14,4.7196,110.0,8,50.77,0.3374
192,S2C,13,4.9395,82.0,7,48.51,0.3035
192,E2C,5,12.7032,0.0,0,18.86,0.0471
192,W2C,6,12.4553,0.0,0,19.24,0.0567
193,N2C,14,4.4508,118.0,8,53.83,0.3466
193,S2C,13,4.8314,89.0,7,49.59,0.3098
193,E2C,5,12.8708,0.0,0,18.62,0.0447
193,W2C,6,12.3849,0.0,0,19.35,0.0577
194,N2C,14,4.1749,127.0,9,57.39,0.3626
194,S2C,13,4.7575,97.0,8,50.36,0.3222
194,E2C,5,12.8306,0.0,0,18.67,0.0453
194,W2C,6,12.2492,0.0,0,19.56,0.0596
195,N2C,14,3.9588,136.0,9,60.52,0.3717
195,S2C,13,4.8318,105.0,8,49.59,0.3264
195,E2C,5,12.6782,0.0,0,18.9,0.0474
195,W2C,6,12.4275,0.0,0,19.28,0.0571
196,N2C,15,4.3235,145.0,9,55.42,0.3784
196,S2C,14,5.0914,113.0,8,47.06,0.334
196,E2C,5,12.9146,0.0,0,18.55,0.044
196,W2C,6,12.7883,0.0,0,18.74,0.0519
197,N2C,15,3.9517,155.0,10,60.63,0.3964
197,S2C,14,4.7073,121.0,8,50.9,0.3449
197,E2C,5,13.0336,0.0,0,18.38,0.0423
197,W2C,6,12.5383,0.0,0,19.11,0.0555
198,N2C,15,3.6861,165.0,10,65.0,0.4069
198,S2C,14,4.5201,130.0,9,53.01,0.3596
198,E2C,5,12.3897,0.0,0,19.34,0.0516
198,W2C,6,12.2678,0.0,0,19.53,0.0594
199,N2C,14,4.6624,113.0,8,51.39,0.3402
199,S2C,13,5.5981,87.0,7,42.8,0.2974
199,E2C,6,11.7536,0.0,0,20.39,0.0668
199,W2C,7,11.7675,0.0,0,20.36,0.0726
200,N2C,14,4.5636,73.0,7,52.5,0.309
200,S2C,13,5.2837,51.0,5,45.35,0.2659
200,E2C,6,10.8614,0.0,0,22.06,0.0796
200,W2C,7,10.5571,0.0,0,22.7,0.09
201,N2C,14,4.7526,41.0,5,50.41,0.2729
201,S2C,13,5.1513,24.0,3,46.51,0.2378
201,E2C,6,10.4463,0.0,0,22.94,0.0856
201,W2C,7,9.62,0.0,0,24.91,0.1035
202,N2C,12,5.0275,18.0,3,47.66,0.2296
202,S2C,11,5.6874,5.0,1,42.13,0.1934
202,E2C,6,9.817,1.0,1,24.41,0.1013
202,W2C,7,9.0497,1.0,1,26.48,0.1184
203,N2C,13,5.9768,5.0,2,40.09,0.2073
203,S2C,12,6.9136,0.0,0,34.66,0.1725
203,E2C,7,9.9678,2.0,1,24.04,0.1058
203,W2C,8,9.2015,2.0,1,26.04,0.1228
204,N2C,12,6.6258,0.0,0,36.16,0.1766
204,S2C,11,7.496,0.0,0,31.96,0.1581
204,E2C,7,9.2787,3.0,1,25.82,0.1164
204,W2C,8,8.4732,4.0,2,28.28,0.1407
205,N2C,11,7.0267,0.0,0,34.1,0.1648
205,S2C,10,7.9802,0.0,0,30.02,0.1451
205,E2C,7,8.8058,4.0,1,27.21,0.1239
205,W2C,8,8.1109,6.0,2,29.54,0.1472
206,N2C,11,7.4526,0.0,0,32.15,0.1587
206,S2C,9,8.3581,0.0,0,28.67,0.1337
206,E2C,7,7.9619,6.0,2,30.09,0.1434
206,W2C,8,7.5035,8.0,2,31.93,0.1573
207,N2C,10,8.3309,0.0,0,28.76,0.14
207,S2C,9,9.6162,0.0,0,24.92,0.1155
207,E2C,8,8.3539,8.0,2,28.68,0.145
207,W2C,9,7.5141,11.0,3,31.89,0.1711
208,N2C,10,8.8457,0.0,0,27.09,0.1326
208,S2C,9,9.9995,0.0,0,23.96,0.11
208,E2C,8,7.7802,10.0,2,30.8,0.1546
208,W2C,9,7.0367,14.0,3,34.05,0.18
209,N2C,8,9.7216,0.0,0,24.65,0.108
209,S2C,7,10.9211,0.0,0,21.94,0.0847
209,E2C,8,7.6184,12.0,2,31.45,0.1583
209,W2C,9,6.3881,18.0,4,37.51,0.198
210,N2C,9,10.8771,0.0,0,22.03,0.0974
210,S2C,8,11.9309,0.0,0,20.08,0.0762
210,E2C,9,8.084,15.0,3,29.64,0.1656
210,W2C,10,6.865,22.0,4,34.9,0.1998
211,N2C,7,11.8287,0.0,0,20.26,0.0717
211,S2C,6,12.8135,0.0,0,18.7,0.0515
211,E2C,9,8.2913,18.0,3,28.9,0.1646
211,W2C,10,6.5322,26.0,4,36.68,0.2073
212,N2C,7,12.3314,0.0,0,19.43,0.0644
212,S2C,6,12.9795,0.0,0,18.46,0.0491
212,E2C,9,7.8002,21.0,3,30.72,0.1737
212,W2C,10,6.4532,31.0,5,37.13,0.2177
213,N2C,5,13.3529,0.0,0,17.94,0.0377
213,S2C,5,13.1855,0.0,0,18.17,0.0401
213,E2C,9,6.7908,24.0,3,35.28,0.1902
213,W2C,10,6.5027,36.0,5,36.85,0.2204
214,N2C,6,13.1947,0.0,0,18.16,0.046
214,S2C,5,12.8712,0.0,0,18.62,0.0447
214,E2C,10,7.0214,27.0,3,34.12,0.1949
214,W2C,11,6.9814,41.0,5,34.32,0.2228
215,N2C,5,13.2327,0.0,0,18.11,0.0395
215,S2C,5,13.2177,0.0,0,18.13,0.0397
215,E2C,10,6.3444,31.0,4,37.77,0.2133
215,W2C,11,6.0561,46.0,5,39.56,0.2395
216,N2C,5,13.1168,0.0,0,18.27,0.0411
216,S2C,5,12.8739,0.0,0,18.61,0.0446
216,E2C,10,6.234,35.0,4,38.43,0.2176
216,W2C,11,5.3351,51.0,5,44.91,0.2532
217,N2C,5,13.0237,0.0,0,18.4,0.0425
217,S2C,5,13.1174,0.0,0,18.27,0.0411
217,E2C,11,6.9017,40.0,5,34.72,0.2233
217,W2C,12,5.6711,56.0,5,42.25,0.2577
218,N2C,5,13.121,0.0,0,18.26,0.0411
218,S2C,5,13.0859,0.0,0,18.31,0.0416
218,E2C,11,6.7479,45.0,5,35.51,0.2288
218,W2C,12,5.3666,63.0,7,44.65,0.2787
219,N2C,5,12.866,0.0,0,18.62,0.0447
219,S2C,5,12.8365,0.0,0,18.67,0.0452
219,E2C,11,6.2554,50.0,5,38.3,0.2393
219,W2C,12,4.9803,70.0,7,48.11,0.289
220,N2C,5,13.2731,0.0,0,18.05,0.0389
220,S2C,5,13.0505,0.0,0,18.36,0.0421
220,E2C,11,5.5087,55.0,5,43.5,0.2533
220,W2C,12,4.706,77.0,7,50.91,0.2976
221,N2C,5,13.2566,0.0,0,18.07,0.0391
221,S2C,6,12.8568,0.0,0,18.64,0.0509
221,E2C,12,5.9446,60.0,5,40.31,0.2564
221,W2C,13,5.1761,84.0,7,46.29,0.3015
222,N2C,5,13.0236,0.0,0,18.4,0.0425
222,S2C,5,13.0439,0.0,0,18.37,0.0422
222,E2C,12,5.412,66.0,6,44.27,0.2741
222,W2C,13,4.7958,91.0,7,49.96,0.3116
223,N2C,5,13.1994,0.0,0,18.15,0.0399
223,S2C,5,13.1507,0.0,0,18.22,0.0406
223,E2C,12,4.8836,72.0,6,49.06,0.2857
223,W2C,13,4.4574,99.0,8,53.75,0.3278
224,N2C,5,12.9039,0.0,0,18.57,0.0442
224,S2C,5,12.9895,0.0,0,18.45,0.043
224,E2C,12,4.4978,79.0,7,53.27,0.3019
224,W2C,13,4.2649,107.0,8,56.18,0.3359
225,N2C,5,12.9536,0.0,0,18.5,0.0435
225,S2C,5,13.0583,0.0,0,18.35,0.042
225,E2C,13,5.0958,86.0,7,47.02,0.304
225,W2C,14,4.6041,115.0,8,52.04,0.3424
226,N2C,5,12.9811,0.0,0,18.46,0.0431
226,S2C,5,12.7506,0.0,0,18.79,0.0464
226,E2C,13,4.8402,93.0,7,49.5,0.3123
226,W2C,14,4.3571,124.0,9,54.99,0.3579
227,N2C,5,13.1708,0.0,0,18.19,0.0404
227,S2C,5,13.1284,0.0,0,18.25,0.041
227,E2C,13,4.5508,101.0,8,52.65,0.3278
227,W2C,14,4.0582,133.0,9,59.04,0.3682
228,N2C,6,13.0134,0.0,0,18.41,0.0486
228,S2C,4,12.7467,0.0,0,18.8,0.0405
228,E2C,14,4.6766,109.0,8,51.23,0.3373
228,W2C,15,4.1594,142.0,9,57.6,0.3788
229,N2C,5,12.8805,0.0,0,18.6,0.0445
229,S2C,5,12.8146,0.0,0,18.7,0.0455
229,E2C,14,4.5731,117.0,8,52.39,0.3442
229,W2C,15,3.6979,152.0,10,64.79,0.3981
230,N2C,5,12.9079,0.0,0,18.56,0.0441
230,S2C,5,12.7409,0.0,0,18.81,0.0465
230,E2C,14,4.0912,125.0,8,58.56,0.3564
230,W2C,15,3.5948,162.0,10,66.65,0.4062
231,N2C,5,12.4631,0.0,0,19.22,0.0505
231,S2C,5,12.9053,0.0,0,18.57,0.0442
231,E2C,14,3.7568,134.0,9,63.78,0.3732
231,W2C,15,3.3106,172.0,10,72.37,0.417
232,N2C,6,12.3076,0.0,0,19.47,0.0588
232,S2C,6,13.0136,0.0,0,18.41,0.0486
232,E2C,13,4.6653,86.0,8,51.36,0.3162
232,W2C,14,3.9906,123.0,9,60.04,0.3625
233,N2C,6,11.3398,0.0,0,21.13,0.0727
233,S2C,6,12.864,0.0,0,18.63,0.0508
233,E2C,13,4.4954,53.0,6,53.3,0.2846
233,W2C,14,3.8122,80.0,7,62.85,0.3244
234,N2C,6,11.1113,0.0,0,21.56,0.076
234,S2C,6,11.8302,0.0,0,20.25,0.0657
234,E2C,13,4.6808,28.0,4,51.19,0.2533
234,W2C,14,3.9924,47.0,5,60.01,0.2878
235,N2C,7,10.4088,0.0,0,23.02,0.0921
235,S2C,7,10.9076,0.0,0,21.97,0.0849
235,E2C,12,5.9427,9.0,2,40.32,0.2044
235,W2C,13,4.7763,22.0,4,50.16,0.2479
236,N2C,7,9.6362,1.0,1,24.86,0.1099
236,S2C,7,10.1323,0.0,0,23.65,0.0961
236,E2C,12,6.2685,1.0,1,38.22,0.1884
236,W2C,13,5.0115,7.0,2,47.81,0.2225
237,N2C,7,9.2733,2.0,1,25.84,0.1158
237,S2C,7,9.2966,1.0,1,25.77,0.1148
237,E2C,11,6.8011,0.0,0,35.23,0.1681
237,W2C,12,5.4479,0.0,0,43.98,0.1936
238,N2C,7,8.3506,4.0,2,28.69,0.1364
238,S2C,7,8.7949,2.0,1,27.24,0.1227
238,E2C,10,7.1007,0.0,0,33.74,0.1578
238,W2C,11,5.9976,0.0,0,39.95,0.1796
239,N2C,8,8.5335,6.0,2,28.08,0.1411
239,S2C,8,8.8477,4.0,2,27.08,0.1353
239,E2C,11,8.7462,0.0,0,27.39,0.1401
239,W2C,12,7.5558,0.0,0,31.71,0.1632
240,N2C,8,8.144,8.0,2,29.42,0.1481
240,S2C,8,8.1182,6.0,2,29.51,0.1471
240,E2C,9,9.3794,0.0,0,25.55,0.1189
240,W2C,10,8.2882,0.0,0,28.91,0.1407
241,N2C,8,7.8308,10.0,2,30.6,0.1539
241,S2C,8,8.3714,8.0,2,28.62,0.1448
241,E2C,8,10.3063,0.0,0,23.25,0.0996
241,W2C,10,9.3364,0.0,0,25.66,0.1256
242,N2C,8,7.2974,12.0,2,32.83,0.1629
242,S2C,8,7.814,11.0,3,30.66,0.1608
242,E2C,7,11.0868,0.0,0,21.61,0.0824
242,W2C,8,9.9047,0.0,0,24.19,0.1054
243,N2C,9,7.397,14.0,2,32.39,0.1688
243,S2C,9,7.8895,14.0,3,30.37,0.1677
243,E2C,8,11.595,0.0,0,20.66,0.081
243,W2C,9,10.667,0.0,0,22.46,0.1004
244,N2C,9,6.6021,17.0,3,36.29,0.1883
244,S2C,9,7.2676,17.0,3,32.97,0.1787
244,E2C,6,12.46,0.0,0,19.23,0.0566
244,W2C,7,10.7965,0.0,0,22.19,0.0865
245,N2C,9,6.0763,21.0,4,39.43,0.2045
245,S2C,9,7.1303,21.0,4,33.6,0.1893
245,E2C,5,12.8961,0.0,0,18.58,0.0443
245,W2C,6,10.948,0.0,0,21.89,0.0784
246,N2C,10,6.6283,25.0,4,36.15,0.2052
246,S2C,10,7.4186,25.0,4,32.3,0.1938
246,E2C,6,12.5025,0.0,0,19.16,0.056
246,W2C,6,11.3212,0.0,0,21.16,0.073
247,N2C,10,6.27,29.0,4,38.21,0.2131
247,S2C,10,6.8614,29.0,4,34.92,0.2045
247,E2C,6,12.3734,0.0,0,19.36,0.0578
247,W2C,6,11.4937,0.0,0,20.85,0.0705
248,N2C,10,6.1526,34.0,5,38.94,0.2241
248,S2C,10,6.5017,33.0,4,36.85,0.2124
248,E2C,5,12.5643,0.0,0,19.07,0.0491
248,W2C,6,11.117,0.0,0,21.55,0.0759
249,N2C,10,5.7173,39.0,5,41.91,0.2337
249,S2C,10,5.8773,38.0,5,40.77,0.2307
249,E2C,5,12.9701,0.0,0,18.47,0.0432
249,W2C,6,11.2684,0.0,0,21.26,0.0737
250,N2C,11,6.1355,44.0,5,39.05,0.237
250,S2C,11,6.2666,43.0,5,38.23,0.2344
250,E2C,5,12.7113,0.0,0,18.85,0.047
250,W2C,7,11.421,0.0,0,20.98,0.0776
251,N2C,11,5.7007,49.0,5,42.03,0.2466
251,S2C,11,5.7043,48.0,5,42.0,0.2459
251,E2C,5,12.5245,0.0,0,19.13,0.0497
251,W2C,7,11.3637,0.0,0,21.08,0.0784
252,N2C,11,5.601,55.0,6,42.78,0.258
252,S2C,11,5.1191,54.0,6,46.81,0.2643
252,E2C,5,12.671,0.0,0,18.91,0.0476
252,W2C,7,11.5305,0.0,0,20.78,0.076
253,N2C,12,6.106,61.0,6,39.24,0.2607
253,S2C,12,5.6181,60.0,6,42.65,0.2671
253,E2C,5,12.6981,0.0,0,18.87,0.0472
253,W2C,8,11.8057,0.0,0,20.3,0.078
254,N2C,12,6.2141,67.0,6,38.56,0.2632
254,S2C,12,5.2671,66.0,6,45.49,0.2762
254,E2C,5,12.4936,0.0,0,19.18,0.0501
254,W2C,6,12.2753,0.0,0,19.52,0.0592
255,N2C,12,5.8161,73.0,6,41.2,0.2729
255,S2C,12,5.4524,73.0,7,43.94,0.2842
255,E2C,5,12.5635,0.0,0,19.07,0.0491
255,W2C,6,12.4397,0.0,0,19.26,0.0569
256,N2C,12,5.3747,79.0,6,44.58,0.2833
256,S2C,12,4.9702,80.0,7,48.21,0.2958
256,E2C,5,12.4077,0.0,0,19.31,0.0513
256,W2C,5,12.2566,0.0,0,19.55,0.0535
257,N2C,13,5.0314,85.0,6,47.62,0.2982
257,S2C,13,5.3966,87.0,7,44.4,0.3003
257,E2C,6,12.7001,0.0,0,18.87,0.0531
257,W2C,6,12.1963,0.0,0,19.65,0.0604
258,N2C,13,4.8427,91.0,6,49.48,0.3049
258,S2C,13,4.9856,94.0,7,48.06,0.3109
258,E2C,5,12.5029,0.0,0,19.16,0.05
258,W2C,6,12.2813,0.0,0,19.51,0.0592
259,N2C,13,4.4313,97.0,6,54.07,0.3149
259,S2C,13,4.6574,101.0,7,51.45,0.3203
259,E2C,5,12.3875,0.0,0,19.34,0.0516
259,W2C,5,12.4383,0.0,0,19.26,0.0509
260,N2C,13,4.0911,105.0,8,58.57,0.3371
260,S2C,13,4.2761,109.0,8,56.03,0.3371
260,E2C,5,12.4953,0.0,0,19.18,0.0501
260,W2C,5,12.4051,0.0,0,19.31,0.0514
261,N2C,14,4.1988,113.0,8,57.06,0.3469
261,S2C,14,4.7372,117.0,8,50.58,0.3418
261,E2C,6,12.7017,0.0,0,18.86,0.0531
261,W2C,6,12.4986,0.0,0,19.17,0.056
262,N2C,14,3.7346,121.0,8,64.16,0.3589
262,S2C,14,4.3857,126.0,9,54.63,0.3589
262,E2C,5,12.7692,0.0,0,18.76,0.0461
262,W2C,6,12.3138,0.0,0,19.46,0.0587
263,N2C,14,3.463,130.0,9,69.19,0.3748
263,S2C,14,4.1982,135.0,9,57.07,0.3676
263,E2C,5,12.4577,0.0,0,19.23,0.0506
263,W2C,6,12.1698,0.0,0,19.69,0.0608
264,N2C,15,4.1302,140.0,10,58.01,0.3839
264,S2C,15,4.5066,144.0,9,53.17,0.3751
264,E2C,6,12.5484,0.0,0,19.09,0.0553
264,W2C,6,10.9454,0.0,0,21.89,0.0784
265,N2C,13,4.6646,92.0,8,51.37,0.3202
265,S2C,13,4.7753,98.0,8,50.17,0.3226
265,E2C,6,12.6805,0.0,0,18.9,0.0534
265,W2C,7,10.2295,0.0,0,23.42,0.0947
266,N2C,13,4.8965,55.0,6,48.93,0.2802
266,S2C,13,4.7387,59.0,6,50.56,0.2851
266,E2C,6,12.4887,0.0,0,19.19,0.0562
266,W2C,7,8.9971,1.0,1,26.63,0.1191
267,N2C,13,5.1288,25.0,4,46.72,0.2448
267,S2C,13,4.8803,30.0,4,49.1,0.2517
267,E2C,6,11.6942,0.0,0,20.49,0.0676
267,W2C,7,8.7793,2.0,1,27.29,0.1229
268,N2C,12,5.9717,11.0,2,40.12,0.2053
268,S2C,12,5.8186,11.0,2,41.18,0.2076
268,E2C,7,10.8172,0.0,0,22.15,0.0862
268,W2C,8,8.642,4.0,2,27.73,0.1382
269,N2C,12,6.0041,0.0,0,39.91,0.1855
269,S2C,12,6.246,0.0,0,38.36,0.1821
269,E2C,7,9.8236,0.0,0,24.39,0.1006
269,W2C,8,8.1412,6.0,2,29.43,0.1468
270,N2C,12,6.4895,0.0,0,36.92,0.1786
270,S2C,10,6.7864,0.0,0,35.31,0.1623
270,E2C,7,9.236,0.0,0,25.94,0.109
270,W2C,8,7.7016,8.0,2,31.11,0.1544
271,N2C,11,7.7388,0.0,0,30.96,0.1546
271,S2C,11,8.0073,0.0,0,29.92,0.1507
271,E2C,8,9.4558,1.0,1,25.34,0.1185
271,W2C,9,7.8593,10.0,2,30.49,0.1595
272,N2C,11,8.6224,0.0,0,27.79,0.1418
272,S2C,9,8.3345,0.0,0,28.75,0.134
272,E2C,8,8.8104,3.0,2,27.2,0.1351
272,W2C,9,7.1702,12.0,2,33.42,0.1708
273,N2C,9,9.7188,0.0,0,24.65,0.1141
273,S2C,9,9.2192,0.0,0,25.99,0.1213
273,E2C,8,8.3792,5.0,2,28.59,0.1427
273,W2C,9,7.1418,16.0,4,33.55,0.1858
274,N2C,8,10.5693,0.0,0,22.67,0.0958
274,S2C,7,10.3248,0.0,0,23.21,0.0933
274,E2C,8,7.8018,8.0,3,30.71,0.159
274,W2C,9,7.0928,20.0,4,33.78,0.1892
275,N2C,8,11.8105,0.0,0,20.29,0.0779
275,S2C,8,11.412,0.0,0,21.0,0.0837
275,E2C,9,7.9802,11.0,3,30.02,0.1644
275,W2C,10,7.7609,24.0,4,30.87,0.1883
276,N2C,7,11.9775,0.0,0,20.0,0.0695
276,S2C,7,12.105,0.0,0,19.79,0.0677
276,E2C,9,7.4126,14.0,3,32.32,0.1746
276,W2C,10,7.3269,28.0,4,32.7,0.1972
277,N2C,6,12.4083,0.0,0,19.31,0.0573
277,S2C,6,12.397,0.0,0,19.33,0.0575
277,E2C,9,7.3254,17.0,3,32.71,0.1779
277,W2C,10,6.5797,32.0,4,36.42,0.2106
278,N2C,6,12.7603,0.0,0,18.78,0.0523
278,S2C,5,12.892,0.0,0,18.59,0.0444
278,E2C,9,6.8196,20.0,3,35.13,0.1871
278,W2C,10,6.3004,36.0,4,38.03,0.2173
279,N2C,6,12.7609,0.0,0,18.78,0.0523
279,S2C,5,12.8339,0.0,0,18.67,0.0452
279,E2C,10,7.0023,24.0,4,34.22,0.1992
279,W2C,11,6.6482,40.0,4,36.04,0.2209
280,N2C,6,12.7701,0.0,0,18.76,0.0521
280,S2C,5,12.9163,0.0,0,18.55,0.044
280,E2C,10,6.3114,28.0,4,37.96,0.2118
280,W2C,11,6.1911,45.0,5,38.7,0.2369
281,N2C,5,13.4082,0.0,0,17.87,0.0369
281,S2C,5,13.0891,0.0,0,18.31,0.0415
281,E2C,10,6.0026,33.0,5,39.92,0.2256
281,W2C,11,5.8285,50.0,5,41.11,0.2454
282,N2C,5,13.4303,0.0,0,17.84,0.0366
282,S2C,5,13.0116,0.0,0,18.41,0.0426
282,E2C,11,6.1931,38.0,5,38.69,0.2322
282,W2C,12,6.1555,55.0,5,38.92,0.25
283,N2C,5,13.1459,0.0,0,18.23,0.0407
283,S2C,5,13.0513,0.0,0,18.36,0.0421
283,E2C,11,5.8759,43.0,5,40.78,0.2401
283,W2C,12,5.7288,61.0,6,41.82,0.2662
284,N2C,5,13.0539,0.0,0,18.35,0.042
284,S2C,5,13.1585,0.0,0,18.21,0.0405
284,E2C,11,5.5013,48.0,5,43.55,0.2488
284,W2C,12,5.1603,67.0,6,46.43,0.2784
285,N2C,5,13.115,0.0,0,18.27,0.0412
285,S2C,5,13.1643,0.0,0,18.2,0.0404
285,E2C,11,5.1252,54.0,6,46.75,0.2642
285,W2C,12,4.8588,73.0,6,49.31,0.2867
286,N2C,5,13.4106,0.0,0,17.87,0.0369
286,S2C,5,13.065,0.0,0,18.34,0.0419
286,E2C,12,5.6114,60.0,6,42.7,0.2672
286,W2C,13,4.9777,80.0,7,48.13,0.3017
287,N2C,5,12.9675,0.0,0,18.48,0.0433
287,S2C,5,12.9444,0.0,0,18.51,0.0436
287,E2C,12,5.0853,66.0,6,47.12,0.2788
287,W2C,13,4.554,87.0,7,52.61,0.3124
288,N2C,5,13.2097,0.0,0,18.14,0.0398
288,S2C,5,12.8064,0.0,0,18.71,0.0456
288,E2C,12,4.8292,72.0,6,49.61,0.2865
288,W2C,13,4.1654,94.0,7,57.52,0.3227
289,N2C,5,13.2005,0.0,0,18.15,0.0399
289,S2C,6,12.6592,0.0,0,18.93,0.0537
289,E2C,13,5.0019,79.0,7,47.9,0.3006
289,W2C,14,4.6396,102.0,8,51.64,0.3332
290,N2C,5,13.1818,0.0,0,18.18,0.0402
290,S2C,5,12.3995,0.0,0,19.32,0.0515
290,E2C,13,4.7886,86.0,7,50.04,0.3084
290,W2C,14,4.3957,110.0,8,54.51,0.342
291,N2C,5,13.239,0.0,0,18.1,0.0394
291,S2C,5,12.5543,0.0,0,19.09,0.0492
291,E2C,13,4.3491,93.0,7,55.09,0.3194
291,W2C,14,4.1381,119.0,9,57.9,0.3577
292,N2C,5,13.1315,0.0,0,18.25,0.0409
292,S2C,5,12.8972,0.0,0,18.58,0.0443
292,E2C,13,4.0816,101.0,8,58.7,0.3346
292,W2C,14,3.7667,128.0,9,63.61,0.3691
293,N2C,5,13.2081,0.0,0,18.14,0.0398
293,S2C,6,13.0552,0.0,0,18.35,0.048
293,E2C,14,4.4264,109.0,8,54.13,0.3409
293,W2C,15,4.3458,137.0,9,55.13,0.3728
294,N2C,5,13.1565,0.0,0,18.21,0.0406
294,S2C,5,13.0278,0.0,0,18.39,0.0424
294,E2C,14,4.4127,117.0,8,54.3,0.3465
294,W2C,15,3.9408,146.0,9,60.8,0.3846
295,N2C,5,13.4095,0.0,0,17.87,0.0369
295,S2C,5,12.7066,0.0,0,18.86,0.047
295,E2C,14,4.347,126.0,9,55.12,0.3594
295,W2C,15,3.5489,156.0,10,67.51,0.4029
296,N2C,5,12.9156,0.0,0,18.55,0.044
296,S2C,5,12.5865,0.0,0,19.04,0.0488
296,E2C,14,4.1627,135.0,9,57.56,0.3681
296,W2C,15,3.2027,166.0,10,74.81,0.4146
297,N2C,6,12.2556,0.0,0,19.55,0.0595
297,S2C,6,11.9764,0.0,0,20.01,0.0636
297,E2C,15,4.3447,144.0,9,55.15,0.3774
297,W2C,16,3.7339,177.0,11,64.17,0.4262
298,N2C,6,11.5171,0.0,0,20.8,0.0702
298,S2C,6,11.3597,0.0,0,21.09,0.0724
298,E2C,13,4.2874,98.0,7,55.88,0.3236
298,W2C,14,3.9109,124.0,9,61.26,0.3644
299,N2C,6,10.7022,0.0,0,22.39,0.0819
299,S2C,6,9.8094,0.0,0,24.43,0.0948
299,E2C,13,4.0761,59.0,6,58.78,0.2946
299,W2C,14,3.8463,79.0,7,62.29,0.3233
300,N2C,7,10.5461,1.0,1,22.72,0.0968
300,S2C,7,9.7014,1.0,1,24.7,0.109
300,E2C,14,5.1797,29.0,4,46.26,0.2528
300,W2C,15,4.3797,48.0,6,54.71,0.2949
301,N2C,7,9.7705,2.0,1,24.52,0.1086
301,S2C,7,9.3998,2.0,1,25.49,0.114
301,E2C,12,5.4146,11.0,3,44.25,0.2194
301,W2C,15,4.6536,25.0,4,51.49,0.2637
302,N2C,7,9.4524,4.0,2,25.35,0.1206
302,S2C,7,8.8868,3.0,1,26.96,0.122
302,E2C,12,5.4823,2.0,1,43.7,0.2004
302,W2C,13,4.8898,9.0,2,49.0,0.2256
303,N2C,7,8.6201,6.0,2,27.8,0.1339
303,S2C,7,8.6713,5.0,2,27.63,0.1325
303,E2C,12,5.9742,0.0,0,40.11,0.186
303,W2C,13,5.5176,0.0,0,43.42,0.1986
304,N2C,8,8.9234,8.0,2,26.85,0.1368
304,S2C,8,9.0175,7.0,2,26.57,0.1348
304,E2C,11,7.3695,0.0,0,32.51,0.1599
304,W2C,12,6.7267,0.0,0,35.62,0.1751
305,N2C,8,8.1727,10.0,2,29.32,0.149
305,S2C,8,8.4963,9.0,2,28.2,0.1437
305,E2C,11,8.4675,0.0,0,28.3,0.1441
305,W2C,12,7.4477,0.0,0,32.17,0.1648
306,N2C,8,7.6376,12.0,2,31.37,0.158
306,S2C,8,8.1918,11.0,2,29.25,0.1494
306,E2C,9,9.332,0.0,0,25.68,0.1196
306,W2C,10,8.3007,0.0,0,28.87,0.1405
307,N2C,9,7.8553,15.0,3,30.5,0.1689
307,S2C,9,8.1406,13.0,2,29.43,0.1575
307,E2C,10,10.4195,0.0,0,23.0,0.11
307,W2C,11,9.5284,0.0,0,25.15,0.1288
308,N2C,9,7.2591,18.0,3,33.01,0.1795
308,S2C,9,8.2155,15.0,2,29.16,0.1577
308,E2C,8,11.3573,0.0,0,21.1,0.0845
308,W2C,9,9.8426,0.0,0,24.34,0.1123
309,N2C,9,7.1797,21.0,3,33.37,0.1826
309,S2C,9,7.5689,18.0,3,31.66,0.175
309,E2C,8,11.6362,0.0,0,20.59,0.0805
309,W2C,9,10.5697,0.0,0,22.67,0.1018
310,N2C,9,7.1648,25.0,4,33.44,0.1915
310,S2C,9,6.5437,21.0,3,36.62,0.1918
310,E2C,6,12.4785,0.0,0,19.2,0.0563
310,W2C,7,11.1218,0.0,0,21.54,0.0819
311,N2C,10,7.7326,29.0,4,30.99,0.192
311,S2C,10,6.4854,24.0,3,36.94,0.2006
311,E2C,6,12.8394,0.0,0,18.66,0.0511
311,W2C,8,11.3112,0.0,0,21.18,0.0851
312,N2C,10,7.3338,33.0,4,32.67,0.2004
312,S2C,10,6.343,27.0,3,37.77,0.2047
312,E2C,6,12.9604,0.0,0,18.49,0.0494
312,W2C,6,11.7318,0.0,0,20.42,0.0671
313,N2C,10,6.6504,37.0,4,36.03,0.2129
313,S2C,10,6.1425,32.0,5,39.01,0.2229
313,E2C,5,12.9541,0.0,0,18.5,0.0435
313,W2C,6,12.1919,0.0,0,19.65,0.0605
314,N2C,10,5.8642,42.0,5,40.86,0.2336
314,S2C,10,6.2448,37.0,5,38.37,0.2247
314,E2C,5,13.4221,0.0,0,17.85,0.0367
314,W2C,5,12.3568,0.0,0,19.39,0.0521
315,N2C,11,6.3678,47.0,5,37.63,0.2356
315,S2C,11,6.5078,42.0,5,36.82,0.2303
315,E2C,6,13.333,0.0,0,17.97,0.044
315,W2C,5,11.7235,0.0,0,20.44,0.0612
316,N2C,11,5.7365,53.0,6,41.77,0.2547
316,S2C,11,6.1924,47.0,5,38.69,0.2382
316,E2C,5,13.2128,0.0,0,18.13,0.0398
316,W2C,5,11.6574,0.0,0,20.55,0.0621
317,N2C,11,5.1766,59.0,6,46.29,0.2668
317,S2C,11,5.5068,52.0,5,43.51,0.2514
317,E2C,5,13.0633,0.0,0,18.34,0.0419
317,W2C,5,11.8929,0.0,0,20.15,0.0588
318,N2C,12,5.5517,65.0,6,43.16,0.2714
318,S2C,12,5.5499,57.0,5,43.17,0.2601
318,E2C,5,13.3198,0.0,0,17.99,0.0382
318,W2C,6,12.105,0.0,0,19.79,0.0617
319,N2C,12,5.4268,72.0,7,44.15,0.2839
319,S2C,12,5.2796,64.0,7,45.38,0.2806
319,E2C,5,13.0023,0.0,0,18.43,0.0428
319,W2C,6,11.9873,0.0,0,19.99,0.0634
320,N2C,12,5.2031,79.0,7,46.05,0.2917
320,S2C,12,4.7617,71.0,7,50.32,0.2928
320,E2C,5,12.7166,0.0,0,18.84,0.0469
320,W2C,5,11.9119,0.0,0,20.11,0.0585
321,N2C,12,4.6943,86.0,7,51.04,0.3037
321,S2C,12,4.5359,78.0,7,52.82,0.3007
321,E2C,5,13.3193,0.0,0,17.99,0.0382
321,W2C,5,12.2443,0.0,0,19.57,0.0537
322,N2C,13,4.921,93.0,7,48.69,0.3111
322,S2C,13,4.9268,85.0,7,48.63,0.3057
322,E2C,5,12.9625,0.0,0,18.48,0.0434
322,W2C,4,11.622,0.0,0,20.62,0.0567
323,N2C,13,4.5497,101.0,8,52.66,0.3278
323,S2C,13,4.6777,92.0,7,51.22,0.314
323,E2C,5,13.5445,0.0,0,17.69,0.035
323,W2C,4,12.0384,0.0,0,19.9,0.0507
324,N2C,13,4.1981,109.0,8,57.07,0.3382
324,S2C,13,4.5967,100.0,8,52.12,0.3265
324,E2C,5,13.1372,0.0,0,18.24,0.0408
324,W2C,5,11.6307,0.0,0,20.6,0.0625
325,N2C,14,4.809,117.0,8,49.82,0.3408
325,S2C,14,5.1109,108.0,8,46.88,0.3304
325,E2C,5,13.328,0.0,0,17.98,0.0381
325,W2C,6,11.7887,0.0,0,20.32,0.0663
326,N2C,14,4.6673,125.0,8,51.34,0.3481
326,S2C,14,4.7289,116.0,8,50.67,0.3412
326,E2C,5,13.197,0.0,0,18.16,0.04
326,W2C,5,11.7275,0.0,0,20.43,0.0611
327,N2C,14,4.2798,134.0,9,55.98,0.3657
327,S2C,14,4.46,124.0,8,53.72,0.3504
327,E2C,5,13.187,0.0,0,18.17,0.0401
327,W2C,5,11.6969,0.0,0,20.48,0.0616
328,N2C,14,3.9522,143.0,9,60.62,0.3764
328,S2C,14,4.0843,132.0,8,58.66,0.3612
328,E2C,5,12.7124,0.0,0,18.85,0.047
328,W2C,5,11.7726,0.0,0,20.35,0.0605
329,N2C,15,4.471,152.0,9,53.59,0.381
329,S2C,15,4.3537,141.0,9,55.03,0.3753
329,E2C,6,12.4439,0.0,0,19.25,0.0568
329,W2C,5,11.2933,0.0,0,21.22,0.0674
330,N2C,15,4.0317,162.0,10,59.43,0.3999
330,S2C,15,4.2237,150.0,9,56.73,0.3832
330,E2C,6,11.6152,0.0,0,20.63,0.0688
330,W2C,6,11.9949,0.0,0,19.98,0.0633
331,N2C,13,4.3301,110.0,8,55.33,0.337
331,S2C,13,4.7406,98.0,7,50.54,0.3171
331,E2C,6,11.1596,0.0,0,21.47,0.0753
331,W2C,6,11.9354,0.0,0,20.07,0.0641
332,N2C,13,4.2946,69.0,6,55.79,0.2982
332,S2C,13,4.6111,62.0,6,51.96,0.2889
332,E2C,6,10.6648,0.0,0,22.47,0.0824
332,W2C,6,11.7928,0.0,0,20.32,0.0662
333,N2C,14,5.1711,38.0,5,46.33,0.2649
333,S2C,14,5.0805,32.0,4,47.16,0.2562
333,E2C,7,10.5016,0.0,0,22.82,0.0908
333,W2C,7,11.3077,0.0,0,21.19,0.0792
334,N2C,12,5.4786,15.0,3,43.73,0.2211
334,S2C,12,5.2409,9.0,2,45.72,0.2145
334,E2C,7,9.7921,1.0,1,24.47,0.1077
334,W2C,7,10.5352,0.0,0,22.74,0.0903
335,N2C,12,5.8773,3.0,1,40.77,0.1954
335,S2C,12,5.6298,1.0,1,42.56,0.1976
335,E2C,7,8.9714,2.0,1,26.71,0.1202
335,W2C,7,9.9056,0.0,0,24.19,0.0994
336,N2C,13,6.962,0.0,0,34.42,0.1778
336,S2C,12,6.908,0.0,0,34.68,0.1725
336,E2C,8,9.0832,4.0,2,26.38,0.1319
336,W2C,8,9.1519,1.0,1,26.18,0.1229
337,N2C,11,7.6679,0.0,0,31.25,0.1556
337,S2C,11,7.4006,0.0,0,32.38,0.1594
337,E2C,8,8.3951,6.0,2,28.54,0.1431
337,W2C,8,8.384,2.0,1,28.58,0.1346
338,N2C,10,7.9885,0.0,0,29.99,0.145
338,S2C,11,8.0368,0.0,0,29.81,0.1503
338,E2C,8,8.2046,8.0,2,29.2,0.1472
338,W2C,8,7.6925,4.0,2,31.15,0.1519
339,N2C,9,8.9035,0.0,0,26.91,0.1258
339,S2C,9,8.483,0.0,0,28.24,0.1319
339,E2C,8,8.1884,10.0,2,29.26,0.1488
339,W2C,8,7.3744,6.0,2,32.49,0.1578
340,N2C,9,10.0983,0.0,0,23.73,0.1086
340,S2C,10,9.6444,0.0,0,24.84,0.1211
340,E2C,9,8.2143,13.0,3,29.17,0.1624
340,W2C,9,7.7778,8.0,2,30.81,0.1593
341,N2C,8,10.6978,0.0,0,22.4,0.094
341,S2C,8,10.4012,0.0,0,23.04,0.0982
341,E2C,9,7.4344,16.0,3,32.23,0.1756
341,W2C,9,7.8593,11.0,3,30.49,0.1662
342,N2C,7,11.4107,0.0,0,21.0,0.0777
342,S2C,7,11.0251,0.0,0,21.73,0.0833
342,E2C,9,6.3724,19.0,3,37.6,0.1929
342,W2C,9,7.8635,14.0,3,30.47,0.1681
343,N2C,7,12.2557,0.0,0,19.55,0.0655
343,S2C,8,11.7351,0.0,0,20.42,0.079
343,E2C,10,6.5051,23.0,4,36.83,0.2057
343,W2C,10,8.0522,17.0,3,29.76,0.1734
344,N2C,6,12.593,0.0,0,19.03,0.0547
344,S2C,6,12.0336,0.0,0,19.91,0.0627
344,E2C,10,6.3874,27.0,4,37.51,0.21
344,W2C,10,7.2897,20.0,3,32.87,0.1864
345,N2C,5,13.2017,0.0,0,18.15,0.0399
345,S2C,5,12.6733,0.0,0,18.91,0.0475
345,E2C,10,5.8455,31.0,4,40.99,0.2205
345,W2C,10,6.6198,23.0,3,36.19,0.198
346,N2C,5,12.9177,0.0,0,18.55,0.044
346,S2C,5,12.7673,0.0,0,18.77,0.0462
346,E2C,10,5.6653,36.0,5,42.29,0.2324
346,W2C,10,6.0542,26.0,3,39.58,0.2082
347,N2C,5,12.7623,0.0,0,18.77,0.0462
347,S2C,5,12.8984,0.0,0,18.58,0.0443
347,E2C,11,5.8645,41.0,5,40.86,0.2389
347,W2C,11,6.1612,30.0,4,38.89,0.2213
348,N2C,5,12.4677,0.0,0,19.22,0.0505
348,S2C,5,12.6977,0.0,0,18.87,0.0472
348,E2C,11,5.688,46.0,5,42.12,0.2448
348,W2C,11,5.7409,35.0,5,41.74,0.2367
349,N2C,5,12.8185,0.0,0,18.69,0.0454
349,S2C,5,12.8616,0.0,0,18.63,0.0448
349,E2C,11,5.2487,52.0,6,45.65,0.2611
349,W2C,11,5.4406,40.0,5,44.04,0.2443
350,N2C,5,13.106,0.0,0,18.28,0.0413
350,S2C,5,12.6467,0.0,0,18.95,0.0479
350,E2C,11,4.7685,58.0,6,50.25,0.272
350,W2C,11,5.1286,45.0,5,46.72,0.2522
351,N2C,5,12.7771,0.0,0,18.75,0.046
351,S2C,5,12.75,0.0,0,18.79,0.0464
351,E2C,12,5.3625,64.0,6,44.68,0.2735
351,W2C,12,5.5086,51.0,6,43.5,0.2627
352,N2C,5,12.9681,0.0,0,18.48,0.0433
352,S2C,5,12.4988,0.0,0,19.17,0.05
352,E2C,12,5.2014,70.0,6,46.06,0.2798
352,W2C,12,5.1624,57.0,6,46.41,0.2717
353,N2C,5,12.6754,0.0,0,18.9,0.0475
353,S2C,5,12.5786,0.0,0,19.05,0.0489
353,E2C,12,4.6795,77.0,7,51.2,0.298
353,W2C,12,4.9623,63.0,6,48.28,0.2785
354,N2C,5,13.1441,0.0,0,18.23,0.0407
354,S2C,6,12.7111,0.0,0,18.85,0.053
354,E2C,13,5.426,84.0,7,44.16,0.2979
354,W2C,13,5.7095,69.0,6,41.97,0.2778
355,N2C,5,12.7636,0.0,0,18.77,0.0462
355,S2C,6,12.723,0.0,0,18.83,0.0528
355,E2C,13,5.1301,91.0,7,46.7,0.3068
355,W2C,13,5.4862,76.0,7,43.67,0.2917
356,N2C,5,12.8306,0.0,0,18.67,0.0453
356,S2C,5,12.9266,0.0,0,18.54,0.0439
356,E2C,13,4.8761,98.0,7,49.14,0.3151
356,W2C,13,5.2584,83.0,7,45.56,0.2996
357,N2C,5,12.9528,0.0,0,18.5,0.0435
357,S2C,5,12.9717,0.0,0,18.47,0.0432
357,E2C,13,4.5559,106.0,8,52.59,0.3311
357,W2C,13,4.8401,90.0,7,49.5,0.3103
358,N2C,5,12.803,0.0,0,18.71,0.0457
358,S2C,5,13.2071,0.0,0,18.14,0.0398
358,E2C,14,4.7976,114.0,8,49.94,0.3389
358,W2C,14,5.2249,97.0,7,45.86,0.3154
359,N2C,5,12.4049,0.0,0,19.31,0.0514
359,S2C,5,12.9367,0.0,0,18.52,0.0437
359,E2C,14,4.6108,122.0,8,51.97,0.3469
359,W2C,14,4.6569,105.0,8,51.45,0.3349
360,N2C,5,12.6187,0.0,0,18.99,0.0483
360,S2C,5,12.9013,0.0,0,18.57,0.0442
360,E2C,14,4.4503,130.0,8,53.84,0.3546
360,W2C,14,4.2934,113.0,8,55.81,0.3455
361,N2C,6,12.8759,0.0,0,18.61,0.0506
361,S2C,6,12.8758,0.0,0,18.61,0.0506
361,E2C,15,4.9555,139.0,9,48.35,0.3653
361,W2C,15,4.5231,121.0,8,52.97,0.3535
362,N2C,6,12.3221,0.0,0,19.44,0.0586
362,S2C,6,12.0006,0.0,0,19.97,0.0632
362,E2C,15,4.4595,148.0,9,53.73,0.3785
362,W2C,15,4.3895,129.0,8,54.59,0.3608
363,N2C,6,12.7197,0.0,0,18.84,0.0529
363,S2C,6,11.3665,0.0,0,21.08,0.0723
363,E2C,15,4.0887,157.0,9,58.6,0.3898
363,W2C,15,4.2287,138.0,9,56.66,0.3751
364,N2C,6,11.9489,0.0,0,20.05,0.0639
364,S2C,6,10.4753,0.0,0,22.87,0.0852
364,E2C,13,4.4566,107.0,8,53.76,0.3332
364,W2C,13,4.6305,95.0,8,51.74,0.3227
365,N2C,6,10.7417,0.0,0,22.31,0.0813
365,S2C,7,10.5837,1.0,1,22.64,0.0963
365,E2C,14,4.8996,66.0,6,48.9,0.2935
365,W2C,14,4.8146,57.0,6,49.77,0.2887
366,N2C,7,9.9313,0.0,0,24.13,0.099
366,S2C,7,9.7433,2.0,1,24.59,0.109
366,E2C,14,4.8393,33.0,4,49.51,0.2603
366,W2C,14,4.7739,27.0,4,50.19,0.2573
367,N2C,7,9.536,0.0,0,25.13,0.1047
367,S2C,7,9.3037,3.0,1,25.75,0.116
367,E2C,13,5.0871,12.0,3,47.1,0.2308
367,W2C,14,4.9417,13.0,2,48.49,0.2335
368,N2C,7,8.7,1.0,1,27.54,0.1234
368,S2C,7,9.1056,4.0,1,26.31,0.1196
368,E2C,12,5.0991,5.0,1,46.99,0.2079
368,W2C,12,4.8968,0.0,0,48.93,0.2015
369,N2C,8,8.8241,3.0,2,27.15,0.1349
369,S2C,8,9.5995,6.0,2,24.96,0.1258
369,E2C,13,6.2703,0.0,0,38.21,0.1877
369,W2C,13,5.9077,0.0,0,40.56,0.1929
370,N2C,8,8.1633,5.0,2,29.35,0.1458
370,S2C,8,9.0956,8.0,2,26.34,0.1344
370,E2C,11,6.6024,0.0,0,36.29,0.1709
370,W2C,11,6.2996,0.0,0,38.03,0.1753
371,N2C,8,7.9648,7.0,2,30.08,0.15
371,S2C,8,7.965,10.0,2,30.08,0.152
371,E2C,11,7.4474,0.0,0,32.17,0.1588
371,W2C,11,7.0749,0.0,0,33.87,0.1641
372,N2C,9,7.9377,9.0,2,30.19,0.1577
372,S2C,9,7.4723,12.0,2,32.07,0.1664
372,E2C,10,8.8671,0.0,0,27.02,0.1323
372,W2C,10,8.2132,0.0,0,29.17,0.1417
373,N2C,9,7.473,12.0,3,32.06,0.1724
373,S2C,9,6.9966,15.0,3,34.25,0.1813
373,E2C,10,9.1493,0.0,0,26.19,0.1283
373,W2C,10,8.7312,0.0,0,27.44,0.1343
374,N2C,9,7.1771,15.0,3,33.38,0.1787
374,S2C,9,6.8384,18.0,3,35.04,0.1855
374,E2C,8,10.2116,0.0,0,23.46,0.101
374,W2C,9,9.2855,0.0,0,25.8,0.1203
375,N2C,9,6.7388,19.0,4,35.56,0.1936
375,S2C,9,6.2613,21.0,3,38.27,0.1958
375,E2C,8,10.5175,0.0,0,22.78,0.0966
375,W2C,8,9.9819,0.0,0,24.0,0.1043
376,N2C,10,7.1084,23.0,4,33.71,0.197
376,S2C,10,6.5859,25.0,4,36.38,0.2058
376,E2C,7,11.7016,0.0,0,20.48,0.0735
376,W2C,8,10.9206,0.0,0,21.94,0.0908
377,N2C,10,6.5944,27.0,4,36.33,0.207
377,S2C,10,5.9566,29.0,4,40.22,0.2176
377,E2C,7,11.8674,0.0,0,20.19,0.0711
377,W2C,7,11.5674,0.0,0,20.71,0.0754
378,N2C,10,6.1126,32.0,5,39.2,0.2233
378,S2C,10,5.5302,34.0,5,43.33,0.233
378,E2C,5,12.5777,0.0,0,19.05,0.0489
378,W2C,5,12.3594,0.0,0,19.39,0.052
379,N2C,11,6.2425,37.0,5,38.38,0.2308
379,S2C,11,6.2843,39.0,5,38.13,0.2315
379,E2C,6,12.7218,0.0,0,18.83,0.0528
379,W2C,6,12.8174,0.0,0,18.69,0.0514
380,N2C,11,6.103,42.0,5,39.26,0.2361
380,S2C,11,5.6437,45.0,6,42.45,0.2507
380,E2C,5,12.6926,0.0,0,18.88,0.0472
380,W2C,5,13.0323,0.0,0,18.39,0.0423
381,N2C,11,5.8664,47.0,5,40.84,0.2429
381,S2C,11,5.581,51.0,6,42.93,0.2556
381,E2C,5,12.6625,0.0,0,18.92,0.0477
381,W2C,5,12.7745,0.0,0,18.76,0.0461
382,N2C,11,5.4634,52.0,5,43.86,0.252
382,S2C,11,5.2284,57.0,6,45.83,0.2647
382,E2C,5,12.6227,0.0,0,18.98,0.0482
382,W2C,5,12.9421,0.0,0,18.51,0.0436
383,N2C,12,5.908,58.0,6,40.55,0.2616
383,S2C,12,5.5039,63.0,6,43.53,0.2707
383,E2C,6,12.9843,0.0,0,18.45,0.049
383,W2C,6,12.7941,0.0,0,18.73,0.0518
384,N2C,12,5.4762,64.0,6,43.75,0.2718
384,S2C,12,5.1747,69.0,6,46.3,0.2795
384,E2C,5,12.8134,0.0,0,18.7,0.0455
384,W2C,6,12.764,0.0,0,18.77,0.0522
385,N2C,12,4.9885,70.0,6,48.03,0.2828
385,S2C,12,4.7829,75.0,6,50.1,0.2891
385,E2C,5,12.9516,0.0,0,18.5,0.0435
385,W2C,6,13.0917,0.0,0,18.3,0.0475
386,N2C,12,4.6821,77.0,7,51.17,0.2979
386,S2C,12,4.3905,81.0,6,54.57,0.2988
386,E2C,5,12.8965,0.0,0,18.58,0.0443
386,W2C,5,13.2798,0.0,0,18.04,0.0388
387,N2C,13,4.992,85.0,8,48.0,0.3108
387,S2C,13,4.9052,88.0,7,48.85,0.308
387,E2C,5,13.3446,0.0,0,17.95,0.0379
387,W2C,5,13.4646,0.0,0,17.79,0.0361
388,N2C,13,4.6249,93.0,8,51.81,0.3214
388,S2C,13,4.804,95.0,7,49.88,0.3142
388,E2C,5,13.0312,0.0,0,18.39,0.0424
388,W2C,5,12.8933,0.0,0,18.58,0.0444
389,N2C,13,4.4768,101.0,8,53.52,0.3289
389,S2C,13,4.6754,102.0,7,51.25,0.3207
389,E2C,5,12.8435,0.0,0,18.66,0.0451
389,W2C,5,12.7568,0.0,0,18.78,0.0463
390,N2C,14,4.7465,109.0,8,50.48,0.3363
390,S2C,14,5.4182,110.0,8,44.22,0.3273
390,E2C,5,12.5687,0.0,0,19.06,0.049
390,W2C,5,12.9853,0.0,0,18.45,0.043
391,N2C,14,4.497,118.0,9,53.28,0.3519
391,S2C,14,5.0553,118.0,8,47.4,0.3379
391,E2C,5,11.9414,0.0,0,20.06,0.0581
391,W2C,5,12.9217,0.0,0,18.54,0.0439
392,N2C,14,4.2272,127.0,9,56.68,0.3618
392,S2C,14,4.5802,126.0,8,52.31,0.3501
392,E2C,5,12.4228,0.0,0,19.29,0.0511
392,W2C,5,12.6558,0.0,0,18.93,0.0478
393,N2C,14,3.9513,136.0,9,60.64,0.3718
393,S2C,14,4.1252,134.0,8,58.08,0.3619
393,E2C,5,12.4754,0.0,0,19.21,0.0504
393,W2C,5,12.9375,0.0,0,18.52,0.0437
394,N2C,15,4.1772,145.0,9,57.36,0.3805
394,S2C,15,4.2288,142.0,8,56.66,0.3718
394,E2C,6,12.3415,0.0,0,19.41,0.0583
394,W2C,5,12.7361,0.0,0,18.81,0.0466
395,N2C,15,3.979,155.0,10,60.22,0.396
395,S2C,15,3.7837,152.0,10,63.32,0.3969
395,E2C,6,11.8792,0.0,0,20.17,0.065
395,W2C,5,12.5508,0.0,0,19.09,0.0493
396,N2C,15,3.7262,165.0,10,64.3,0.4063
396,S2C,15,3.4519,162.0,10,69.41,0.4083
396,E2C,6,11.2677,0.0,0,21.26,0.0738
396,W2C,5,12.2257,0.0,0,19.6,0.054
397,N2C,14,4.5698,116.0,8,52.43,0.3435
397,S2C,14,4.6169,110.0,8,51.9,0.3389
397,E2C,7,10.5123,0.0,0,22.79,0.0906
397,W2C,6,11.5511,0.0,0,20.74,0.0697
398,N2C,14,4.4456,75.0,7,53.9,0.312
398,S2C,14,4.755,69.0,6,50.39,0.2975
398,E2C,7,9.8471,0.0,0,24.33,0.1002
398,W2C,6,10.6326,0.0,0,22.53,0.0829
399,N2C,14,4.4809,43.0,5,53.47,0.2781
399,S2C,14,5.0406,34.0,5,47.53,0.2641
399,E2C,7,9.0905,1.0,1,26.36,0.1178
399,W2C,6,10.5008,0.0,0,22.82,0.0848
400,N2C,12,4.708,20.0,4,50.89,0.2415
400,S2C,12,5.7599,14.0,3,41.6,0.2164
400,E2C,7,8.6477,2.0,1,27.71,0.1248
400,W2C,6,10.5003,1.0,1,22.82,0.0915
401,N2C,13,5.9997,6.0,2,39.94,0.2076
401,S2C,13,6.5235,3.0,1,36.73,0.1921
401,E2C,8,8.5531,3.0,1,28.01,0.1328
401,W2C,7,10.3103,2.0,1,23.24,0.1009
402,N2C,12,6.2903,0.0,0,38.09,0.1814
402,S2C,11,6.8887,0.0,0,34.78,0.1668
402,E2C,8,7.8882,5.0,2,30.37,0.1498
402,W2C,7,9.5061,3.0,1,25.2,0.1131
403,N2C,11,6.9016,0.0,0,34.72,0.1666
403,S2C,11,7.1216,0.0,0,33.64,0.1635
403,E2C,8,7.8925,7.0,2,30.36,0.151
403,W2C,7,9.0429,5.0,2,26.5,0.1271
404,N2C,10,7.0432,0.0,0,34.02,0.1586
404,S2C,9,7.6207,0.0,0,31.44,0.1443
404,E2C,8,7.327,9.0,2,32.7,0.1605
404,W2C,7,8.8479,7.0,2,27.08,0.1313
405,N2C,10,8.1379,0.0,0,29.44,0.1428
405,S2C,10,9.0635,0.0,0,26.44,0.1295
405,E2C,9,7.5556,12.0,3,31.71,0.1712
405,W2C,8,9.362,9.0,2,25.59,0.1312
406,N2C,10,8.7912,0.0,0,27.25,0.1334
406,S2C,8,9.7037,0.0,0,24.69,0.1083
406,E2C,9,7.1789,15.0,3,33.38,0.1786
406,W2C,8,9.3768,11.0,2,25.55,0.1323
407,N2C,8,9.5233,0.0,0,25.16,0.1109
407,S2C,8,10.5061,0.0,0,22.81,0.0967
407,E2C,9,7.0037,18.0,3,34.21,0.1832
407,W2C,8,8.7733,13.0,2,27.31,0.1423
408,N2C,9,10.8453,0.0,0,22.09,0.0978
408,S2C,7,11.7582,0.0,0,20.38,0.0727
408,E2C,10,7.3775,22.0,4,32.48,0.1924
408,W2C,9,8.8687,15.0,2,27.02,0.1483
409,N2C,7,11.2946,0.0,0,21.21,0.0794
409,S2C,7,12.0399,0.0,0,19.9,0.0686
409,E2C,10,7.4438,26.0,4,32.19,0.1942
409,W2C,9,7.71,17.0,2,31.08,0.1663
410,N2C,7,11.9353,0.0,0,20.07,0.0701
410,S2C,5,13.1673,0.0,0,18.2,0.0404
410,E2C,10,7.1139,30.0,4,33.68,0.2016
410,W2C,9,7.3462,20.0,3,32.62,0.1796
411,N2C,5,11.9023,0.0,0,20.13,0.0586
411,S2C,5,12.9453,0.0,0,18.51,0.0436
411,E2C,10,6.657,34.0,4,35.99,0.2108
411,W2C,9,6.9017,24.0,4,34.72,0.1946
412,N2C,6,12.3711,0.0,0,19.37,0.0579
412,S2C,5,12.8954,0.0,0,18.58,0.0443
412,E2C,11,6.4157,38.0,4,37.35,0.223
412,W2C,10,6.7839,28.0,4,35.32,0.205
413,N2C,6,12.4751,0.0,0,19.21,0.0564
413,S2C,5,13.1975,0.0,0,18.16,0.04
413,E2C,11,5.5943,42.0,4,42.83,0.2374
413,W2C,10,5.9877,32.0,4,40.02,0.2191
414,N2C,6,12.247,0.0,0,19.56,0.0597
414,S2C,5,13.1136,0.0,0,18.27,0.0412
414,E2C,11,5.1273,47.0,5,46.73,0.2535
414,W2C,10,5.4914,37.0,5,43.63,0.2356
415,N2C,6,12.4664,0.0,0,19.22,0.0565
415,S2C,6,13.1447,0.0,0,18.23,0.0467
415,E2C,12,5.3064,53.0,6,45.15,0.2669
415,W2C,11,5.9167,42.0,5,40.5,0.2388
416,N2C,6,12.7735,0.0,0,18.76,0.0521
416,S2C,6,13.0657,0.0,0,18.34,0.0479
416,E2C,12,5.1263,59.0,6,46.74,0.2735
416,W2C,11,5.4175,47.0,5,44.23,0.2493
417,N2C,5,12.6158,0.0,0,18.99,0.0483
417,S2C,5,12.6778,0.0,0,18.9,0.0475
417,E2C,12,4.8496,66.0,7,49.41,0.2882
417,W2C,11,5.0323,53.0,6,47.61,0.2649
418,N2C,5,12.7657,0.0,0,18.77,0.0462
418,S2C,5,12.9223,0.0,0,18.54,0.0439
418,E2C,12,4.5062,73.0,7,53.17,0.2978
418,W2C,11,4.6125,59.0,6,51.95,0.2749
419,N2C,6,13.0789,0.0,0,18.32,0.0477
419,S2C,6,12.9471,0.0,0,18.51,0.0496
419,E2C,13,4.8744,80.0,7,49.15,0.3031
419,W2C,12,5.2905,65.0,6,45.29,0.2752
420,N2C,5,12.6882,0.0,0,18.88,0.0473
420,S2C,5,12.7188,0.0,0,18.84,0.0469
420,E2C,13,4.4899,88.0,8,53.36,0.32
420,W2C,12,4.9949,71.0,6,47.97,0.2834
421,N2C,5,12.606,0.0,0,19.01,0.0485
421,S2C,5,13.2833,0.0,0,18.04,0.0387
421,E2C,13,4.2018,96.0,8,57.02,0.3295
421,W2C,12,4.9369,78.0,7,48.53,0.2949
422,N2C,5,13.1225,0.0,0,18.26,0.0411
422,S2C,5,12.9819,0.0,0,18.46,0.0431
422,E2C,13,4.0184,104.0,8,59.63,0.3375
422,W2C,12,4.9426,85.0,7,48.48,0.2995
423,N2C,6,12.8212,0.0,0,18.69,0.0514
423,S2C,4,12.6028,0.0,0,19.01,0.0425
423,E2C,14,4.5534,112.0,8,52.62,0.3411
423,W2C,13,5.3562,92.0,7,44.73,0.3042
424,N2C,6,13.0782,0.0,0,18.32,0.0477
424,S2C,5,12.6835,0.0,0,18.89,0.0474
424,E2C,14,4.4218,121.0,9,54.19,0.355
424,W2C,13,5.0223,99.0,7,47.71,0.3137
425,N2C,6,13.0215,0.0,0,18.4,0.0485
425,S2C,5,12.7496,0.0,0,18.79,0.0464
425,E2C,14,4.1527,130.0,9,57.7,0.3649
425,W2C,13,4.6205,106.0,7,51.86,0.3241
426,N2C,6,13.4425,0.0,0,17.82,0.0424
426,S2C,5,12.6922,0.0,0,18.88,0.0472
426,E2C,15,4.9143,139.0,9,48.76,0.3659
426,W2C,14,4.8701,113.0,7,49.2,0.3312
427,N2C,5,13.5074,0.0,0,17.74,0.0355
427,S2C,5,12.5659,0.0,0,19.07,0.0491
427,E2C,15,4.4591,148.0,9,53.73,0.3785
427,W2C,14,4.5879,121.0,8,52.22,0.3466
428,N2C,5,13.4426,0.0,0,17.82,0.0364
428,S2C,5,12.4359,0.0,0,19.27,0.0509
428,E2C,15,4.3411,157.0,9,55.19,0.3862
428,W2C,14,4.375,129.0,8,54.77,0.355
429,N2C,5,13.0319,0.0,0,18.39,0.0424
429,S2C,5,12.2253,0.0,0,19.6,0.054
429,E2C,15,4.1663,166.0,9,57.51,0.3947
429,W2C,14,4.3848,138.0,9,54.64,0.3669
430,N2C,6,12.1744,0.0,0,19.68,0.0607
430,S2C,5,11.4321,0.0,0,20.96,0.0654
430,E2C,14,5.0721,114.0,7,47.24,0.329
430,W2C,13,5.5258,88.0,7,43.36,0.2991
431,N2C,6,11.3868,0.0,0,21.04,0.072
431,S2C,6,11.185,0.0,0,21.42,0.0749
431,E2C,14,4.6063,71.0,6,52.02,0.301
431,W2C,13,5.2688,52.0,5,45.47,0.2668
432,N2C,6,10.6528,1.0,1,22.49,0.0893
432,S2C,6,10.3772,0.0,0,23.09,0.0866
432,E2C,14,4.4681,40.0,4,53.62,0.2703
432,W2C,13,5.2019,22.0,3,46.06,0.2358
433,N2C,7,10.5522,2.0,1,22.71,0.0974
433,S2C,7,10.9116,0.0,0,21.96,0.0849
433,E2C,13,5.3738,14.0,3,44.59,0.228
433,W2C,12,6.0141,5.0,1,39.84,0.1947
434,N2C,7,9.9813,3.0,1,24.0,0.1063
434,S2C,7,10.56,1.0,1,22.69,0.0966
434,E2C,13,5.5382,2.0,1,43.26,0.2056
434,W2C,12,5.9892,0.0,0,40.01,0.1858
435,N2C,7,9.675,4.0,1,24.76,0.1114
435,S2C,7,9.993,2.0,1,23.98,0.1054
435,E2C,12,6.318,0.0,0,37.92,0.181
435,W2C,12,6.4075,0.0,0,37.39,0.1797
436,N2C,7,8.7548,5.0,1,27.37,0.1253
436,S2C,7,8.7764,3.0,1,27.3,0.1236
436,E2C,11,6.9667,0.0,0,34.39,0.1657
436,W2C,10,6.977,0.0,0,34.34,0.1595
437,N2C,8,8.9139,6.0,1,26.88,0.1297
437,S2C,8,8.6524,4.0,1,27.69,0.1321
437,E2C,12,8.1491,0.0,0,29.4,0.1547
437,W2C,11,8.3258,0.0,0,28.78,0.1461
438,N2C,8,8.2136,8.0,2,29.17,0.1471
438,S2C,8,8.2032,6.0,2,29.21,0.1459
438,E2C,10,8.7542,0.0,0,27.37,0.1339
438,W2C,9,8.9307,0.0,0,26.83,0.1254
439,N2C,8,8.3315,11.0,3,28.76,0.1534
439,S2C,8,7.8835,8.0,2,30.39,0.1518
439,E2C,9,9.6715,0.0,0,24.77,0.1147
439,W2C,9,9.5288,0.0,0,25.14,0.1168
440,N2C,8,7.7709,14.0,3,30.83,0.1634
440,S2C,8,7.9767,11.0,3,30.04,0.1585
440,E2C,8,9.8177,0.0,0,24.4,0.1066
440,W2C,7,10.6496,0.0,0,22.5,0.0887
441,N2C,9,7.8142,17.0,3,30.66,0.1708
441,S2C,9,8.7179,14.0,3,27.48,0.1558
441,E2C,8,11.0131,0.0,0,21.76,0.0894
441,W2C,8,11.3324,0.0,0,21.14,0.0848
442,N2C,9,6.8712,20.0,3,34.87,0.1864
442,S2C,9,8.3036,17.0,3,28.85,0.1638
442,E2C,7,11.7489,0.0,0,20.39,0.0728
442,W2C,6,12.1022,0.0,0,19.8,0.0617
443,N2C,9,6.3929,24.0,4,37.48,0.2019
443,S2C,9,7.7607,20.0,3,30.87,0.1736
443,E2C,6,12.2327,0.0,0,19.59,0.0599
443,W2C,6,12.4651,0.0,0,19.22,0.0565
444,N2C,10,7.0829,28.0,4,33.83,0.2007
444,S2C,10,7.4541,23.0,3,32.14,0.186
444,E2C,6,12.6455,0.0,0,18.95,0.0539
444,W2C,6,12.8202,0.0,0,18.69,0.0514
445,N2C,10,6.6379,32.0,4,36.1,0.2098
445,S2C,10,7.0317,26.0,3,34.07,0.1941
445,E2C,5,12.8952,0.0,0,18.58,0.0443
445,W2C,5,12.627,0.0,0,18.98,0.0482
446,N2C,10,6.4138,36.0,4,37.36,0.2156
446,S2C,10,6.7152,29.0,3,35.68,0.2006
446,E2C,5,12.9484,0.0,0,18.5,0.0436
446,W2C,5,12.8412,0.0,0,18.66,0.0451
447,N2C,10,5.9554,41.0,5,40.23,0.2316
447,S2C,10,6.473,34.0,5,37.02,0.2195
447,E2C,5,13.1016,0.0,0,18.29,0.0414
447,W2C,5,12.534,0.0,0,19.12,0.0495
448,N2C,11,6.4394,46.0,5,37.21,0.2339
448,S2C,11,6.6639,39.0,5,35.96,0.226
448,E2C,6,13.1597,0.0,0,18.21,0.0465
448,W2C,6,12.8339,0.0,0,18.67,0.0512
449,N2C,11,5.6586,51.0,5,42.34,0.2485
449,S2C,11,5.9155,44.0,5,40.5,0.2402
449,E2C,6,12.9768,0.0,0,18.46,0.0491
449,W2C,5,12.9365,0.0,0,18.52,0.0437
450,N2C,11,5.2708,57.0,6,45.46,0.2641
450,S2C,11,5.0758,49.0,5,47.2,0.2556
450,E2C,6,13.2023,0.0,0,18.15,0.0459
450,W2C,5,12.4807,0.0,0,19.2,0.0503
451,N2C,12,5.5804,63.0,6,42.94,0.2696
451,S2C,12,5.4027,55.0,6,44.35,0.2669
451,E2C,5,13.4563,0.0,0,17.81,0.0362
451,W2C,5,12.9272,0.0,0,18.53,0.0439
452,N2C,12,5.4169,70.0,7,44.23,0.2827
452,S2C,12,5.2266,62.0,7,45.84,0.2801
452,E2C,5,13.0533,0.0,0,18.36,0.042
452,W2C,5,12.5806,0.0,0,19.05,0.0489
453,N2C,12,5.3592,77.0,7,44.71,0.2882
453,S2C,12,4.7917,69.0,7,50.0,0.291
453,E2C,5,12.8594,0.0,0,18.63,0.0448
453,W2C,5,12.7944,0.0,0,18.73,0.0458
454,N2C,12,4.9197,84.0,7,48.7,0.2992
454,S2C,12,4.6307,76.0,7,51.74,0.298
454,E2C,5,12.9271,0.0,0,18.53,0.0439
454,W2C,5,12.7337,0.0,0,18.82,0.0466
455,N2C,13,5.4881,91.0,7,43.66,0.3016
455,S2C,13,4.9748,83.0,7,48.16,0.3037
455,E2C,5,13.3007,0.0,0,18.01,0.0385
455,W2C,5,11.9191,0.0,0,20.1,0.0584
456,N2C,13,4.9215,99.0,8,48.68,0.3211
456,S2C,13,4.9487,90.0,7,48.42,0.3087
456,E2C,5,12.9862,0.0,0,18.45,0.043
456,W2C,5,12.1295,0.0,0,19.75,0.0553
457,N2C,13,4.5781,107.0,8,52.34,0.3314
457,S2C,13,4.7668,98.0,8,50.26,0.3227
457,E2C,5,13.1028,0.0,0,18.29,0.0413
457,W2C,5,11.8478,0.0,0,20.22,0.0594
458,N2C,13,4.3755,115.0,8,54.76,0.3397
458,S2C,13,4.368,106.0,8,54.85,0.3338
458,E2C,5,12.9777,0.0,0,18.46,0.0431
458,W2C,5,11.733,0.0,0,20.42,0.0611
459,N2C,14,4.6806,123.0,8,51.19,0.3466
459,S2C,14,4.5504,114.0,8,52.65,0.3425
459,E2C,4,12.6194,0.0,0,18.99,0.0423
459,W2C,5,11.8329,0.0,0,20.25,0.0596
460,N2C,14,4.2761,131.0,8,56.03,0.3578
460,S2C,14,4.0647,122.0,8,58.95,0.3548
460,E2C,5,13.0876,0.0,0,18.31,0.0416
460,W2C,5,11.6096,0.0,0,20.64,0.0628
461,N2C,14,4.0773,140.0,9,58.76,0.3726
461,S2C,14,3.753,130.0,8,63.84,0.3646
461,E2C,5,12.3688,0.0,0,19.37,0.0519
461,W2C,5,11.6504,0.0,0,20.57,0.0622
462,N2C,15,4.4177,149.0,9,54.24,0.3797
462,S2C,15,4.2868,140.0,10,55.89,0.3816
462,E2C,6,11.9322,0.0,0,20.08,0.0642
462,W2C,6,11.9082,0.0,0,20.12,0.0645
463,N2C,13,4.5854,101.0,8,52.25,0.3273
463,S2C,13,4.9644,94.0,8,48.26,0.3172
463,E2C,6,11.5121,0.0,0,20.81,0.0702
463,W2C,6,11.9392,0.0,0,20.07,0.0641
464,N2C,13,4.6589,61.0,6,51.43,0.2876
464,S2C,13,4.9119,59.0,6,48.78,0.2826
464,E2C,6,11.0451,0.0,0,21.69,0.077
464,W2C,6,11.8057,0.0,0,20.3,0.066
465,N2C,13,4.8861,32.0,4,49.04,0.253
465,S2C,13,4.9371,31.0,4,48.53,0.2516
465,E2C,6,10.5529,1.0,1,22.7,0.0907
465,W2C,6,10.6689,0.0,0,22.46,0.0824
466,N2C,12,5.7805,11.0,3,41.45,0.2141
466,S2C,13,5.8383,10.0,2,41.04,0.2126
466,E2C,7,10.4829,2.0,1,22.86,0.0984
466,W2C,7,10.1755,0.0,0,23.55,0.0955
467,N2C,12,6.0015,2.0,1,39.92,0.1929
467,S2C,12,6.0888,0.0,0,39.35,0.1843
467,E2C,7,9.709,3.0,1,24.68,0.1102
467,W2C,7,9.257,0.0,0,25.88,0.1087
468,N2C,11,6.604,0.0,0,36.28,0.1709
468,S2C,12,6.7147,0.0,0,35.68,0.1753
468,E2C,7,9.3843,4.0,1,25.53,0.1155
468,W2C,7,8.6067,0.0,0,27.84,0.1181
469,N2C,11,7.8675,0.0,0,30.45,0.1527
469,S2C,11,7.5435,0.0,0,31.76,0.1574
469,E2C,8,9.4216,5.0,1,25.43,0.1217
469,W2C,8,8.6556,2.0,2,27.68,0.1367
470,N2C,10,8.2367,0.0,0,29.09,0.1414
470,S2C,11,8.0202,0.0,0,29.87,0.1505
470,E2C,8,8.8932,7.0,2,26.94,0.1366
470,W2C,8,8.0436,4.0,2,29.79,0.1468
471,N2C,9,9.3656,0.0,0,25.58,0.1191
471,S2C,9,8.4395,0.0,0,28.39,0.1325
471,E2C,8,8.1249,9.0,2,29.49,0.149
471,W2C,8,7.5748,6.0,2,31.63,0.1549
472,N2C,8,9.5926,0.0,0,24.98,0.1099
472,S2C,9,9.2977,0.0,0,25.77,0.1201
472,E2C,8,7.3292,11.0,2,32.69,0.1618
472,W2C,8,7.5337,8.0,2,31.8,0.1569
473,N2C,8,10.9894,0.0,0,21.8,0.0898
473,S2C,8,10.6962,0.0,0,22.4,0.094
473,E2C,9,8.3275,14.0,3,28.77,0.1614
473,W2C,9,8.2074,11.0,3,29.19,0.1612
474,N2C,7,11.9292,0.0,0,20.09,0.0702
474,S2C,8,11.0425,0.0,0,21.7,0.089
474,E2C,9,7.5387,17.0,3,31.78,0.1748
474,W2C,9,7.9263,14.0,3,30.23,0.1672
475,N2C,6,12.6551,0.0,0,18.93,0.0538
475,S2C,6,12.4359,0.0,0,19.27,0.0569
475,E2C,9,7.2339,20.0,3,33.12,0.1812
475,W2C,9,8.1933,17.0,3,29.24,0.1654
476,N2C,5,12.7546,0.0,0,18.79,0.0463
476,S2C,6,12.5746,0.0,0,19.05,0.0549
476,E2C,9,6.6935,24.0,4,35.8,0.1976
476,W2C,9,7.5908,20.0,3,31.56,0.176
477,N2C,5,13.1067,0.0,0,18.28,0.0413
477,S2C,5,13.0212,0.0,0,18.4,0.0425
477,E2C,10,7.1993,28.0,4,33.28,0.199
477,W2C,10,7.7898,23.0,3,30.76,0.1812
478,N2C,5,12.9678,0.0,0,18.48,0.0433
478,S2C,5,12.772,0.0,0,18.76,0.0461
478,E2C,10,6.6093,32.0,4,36.25,0.2102
478,W2C,10,7.2592,26.0,3,33.01,0.1908
479,N2C,5,12.6766,0.0,0,18.9,0.0475
479,S2C,5,13.3076,0.0,0,18.0,0.0384
479,E2C,10,5.8464,36.0,4,40.98,0.2238
479,W2C,10,6.9673,30.0,4,34.39,0.2037
480,N2C,5,12.7136,0.0,0,18.85,0.0469
480,S2C,5,13.0498,0.0,0,18.36,0.0421
480,E2C,11,6.1757,41.0,5,38.8,0.2344
480,W2C,11,7.2748,34.0,4,32.94,0.2079
481,N2C,5,12.6017,0.0,0,19.01,0.0485
481,S2C,5,13.0,0.0,0,18.43,0.0428
481,E2C,11,5.7652,47.0,6,41.56,0.2503
481,W2C,11,6.268,38.0,4,38.23,0.2251
482,N2C,5,12.415,0.0,0,19.3,0.0512
482,S2C,5,12.2824,0.0,0,19.51,0.0531
482,E2C,11,5.5185,53.0,6,43.42,0.2579
482,W2C,11,5.4146,42.0,4,44.25,0.24
483,N2C,5,12.8662,0.0,0,18.62,0.0447
483,S2C,5,13.1076,0.0,0,18.28,0.0413
483,E2C,11,5.0163,59.0,6,47.76,0.2691
483,W2C,11,4.9195,47.0,5,48.7,0.2565
484,N2C,6,12.6399,0.0,0,18.96,0.054
484,S2C,6,12.6243,0.0,0,18.98,0.0542
484,E2C,12,5.4895,65.0,6,43.65,0.2723
484,W2C,12,5.417,52.0,5,44.23,0.2587
485,N2C,6,12.7775,0.0,0,18.75,0.052
485,S2C,6,12.5687,0.0,0,19.06,0.055
485,E2C,12,5.2357,71.0,6,45.76,0.2799
485,W2C,12,5.212,58.0,6,45.97,0.2716
486,N2C,5,12.9508,0.0,0,18.5,0.0435
486,S2C,5,13.0926,0.0,0,18.3,0.0415
486,E2C,12,5.3539,77.0,6,44.75,0.2822
486,W2C,12,5.1547,65.0,7,46.48,0.2831
487,N2C,5,13.1295,0.0,0,18.25,0.041
487,S2C,5,12.8437,0.0,0,18.66,0.0451
487,E2C,13,5.9355,84.0,7,40.37,0.2905
487,W2C,13,5.3594,70.0,6,44.71,0.2835
488,N2C,5,12.7405,0.0,0,18.81,0.0466
488,S2C,5,12.7873,0.0,0,18.74,0.0459
488,E2C,13,5.447,91.0,7,43.99,0.3022
488,W2C,13,4.8652,76.0,6,49.25,0.2946
489,N2C,5,12.8326,0.0,0,18.67,0.0452
489,S2C,5,12.5828,0.0,0,19.04,0.0488
489,E2C,13,4.6549,98.0,7,51.47,0.3183
489,W2C,13,4.3432,82.0,6,55.17,0.3061
490,N2C,5,13.0663,0.0,0,18.34,0.0419
490,S2C,5,12.6026,0.0,0,19.01,0.0485
490,E2C,13,4.1497,106.0,8,57.74,0.3369
490,W2C,13,4.0696,89.0,7,58.88,0.3207
491,N2C,6,13.2546,0.0,0,18.08,0.0451
491,S2C,5,13.1929,0.0,0,18.16,0.04
491,E2C,14,4.7665,115.0,9,50.27,0.346
491,W2C,14,4.5464,97.0,8,52.7,0.3312
492,N2C,5,12.789,0.0,0,18.73,0.0459
492,S2C,5,12.8281,0.0,0,18.68,0.0453
492,E2C,14,4.4527,124.0,9,53.81,0.3566
492,W2C,14,4.357,106.0,9,54.99,0.3459
493,N2C,5,12.8432,0.0,0,18.66,0.0451
493,S2C,5,12.7087,0.0,0,18.85,0.047
493,E2C,14,4.1136,133.0,9,58.25,0.3674
493,W2C,14,3.9713,115.0,9,60.33,0.3575
494,N2C,5,12.5682,0.0,0,19.06,0.049
494,S2C,5,12.7046,0.0,0,18.86,0.0471
494,E2C,14,3.8078,142.0,9,62.92,0.3778
494,W2C,14,3.7917,124.0,9,63.19,0.3661
495,N2C,6,11.97,0.0,0,20.02,0.0636
495,S2C,6,11.9775,0.0,0,20.0,0.0635
495,E2C,15,4.1018,152.0,10,58.41,0.3923
495,W2C,15,4.0503,133.0,9,59.16,0.3743
496,N2C,6,11.5005,0.0,0,20.83,0.0704
496,S2C,6,11.3714,0.0,0,21.07,0.0723
496,E2C,13,4.3278,103.0,8,55.36,0.3324
496,W2C,13,4.6235,87.0,8,51.82,0.3174
497,N2C,6,10.66,0.0,0,22.48,0.0825
497,S2C,6,10.5516,0.0,0,22.71,0.0841
497,E2C,13,4.1324,64.0,6,57.98,0.2972
497,W2C,13,4.8221,57.0,6,49.69,0.2826
498,N2C,7,11.0342,1.0,1,21.71,0.0898
498,S2C,7,10.284,1.0,1,23.3,0.1006
498,E2C,14,5.2151,34.0,5,45.94,0.2616
498,W2C,14,5.7166,34.0,4,41.91,0.2484
499,N2C,7,10.3517,2.0,1,23.15,0.1003
499,S2C,7,9.4214,2.0,1,25.43,0.1137
499,E2C,12,5.9127,16.0,3,40.52,0.2155
499,W2C,12,5.7944,12.0,2,41.35,0.2086
500,N2C,7,9.802,3.0,1,24.44,0.1089
500,S2C,7,8.8099,3.0,1,27.2,0.1231
500,E2C,12,6.274,3.0,1,38.19,0.1897
500,W2C,12,5.769,0.0,0,41.53,0.1889
501,N2C,7,9.3806,4.0,1,25.54,0.1156
501,S2C,7,8.8706,5.0,2,27.01,0.1296
501,E2C,11,6.413,0.0,0,37.36,0.1737
501,W2C,11,6.5046,0.0,0,36.84,0.1723
502,N2C,8,9.5349,6.0,2,25.13,0.1267
502,S2C,8,9.2412,7.0,2,25.93,0.1316
502,E2C,11,7.2834,0.0,0,32.9,0.1611
502,W2C,11,7.8898,0.0,0,30.37,0.1524
503,N2C,8,8.9645,8.0,2,26.73,0.1363
503,S2C,8,9.26,9.0,2,25.87,0.1327
503,E2C,11,7.8788,0.0,0,30.41,0.1526
503,W2C,11,8.3889,0.0,0,28.56,0.1452
504,N2C,8,7.8808,10.0,2,30.4,0.1532
504,S2C,8,8.2454,11.0,2,29.06,0.1486
504,E2C,9,8.8693,0.0,0,27.01,0.1263
504,W2C,9,8.9264,0.0,0,26.84,0.1255
505,N2C,9,8.0441,12.0,2,29.79,0.1582
505,S2C,9,7.6575,13.0,2,31.29,0.1644
505,E2C,10,10.1231,0.0,0,23.67,0.1142
505,W2C,10,10.1284,0.0,0,23.66,0.1142
506,N2C,9,7.4347,15.0,3,32.23,0.1749
506,S2C,9,7.106,15.0,2,33.72,0.1737
506,E2C,8,10.92,0.0,0,21.94,0.0908
506,W2C,8,10.8301,0.0,0,22.12,0.0921
507,N2C,9,6.9658,19.0,4,34.4,0.1904
507,S2C,9,6.5255,18.0,3,36.72,0.19
507,E2C,7,11.8198,0.0,0,20.27,0.0718
507,W2C,7,11.2662,0.0,0,21.27,0.0798
508,N2C,9,6.5669,23.0,4,36.49,0.1988
508,S2C,9,6.2762,22.0,4,38.18,0.2023
508,E2C,6,12.1793,0.0,0,19.67,0.0606
508,W2C,6,11.8851,0.0,0,20.16,0.0649
509,N2C,10,6.9858,27.0,4,34.3,0.2014
509,S2C,10,6.3902,26.0,4,37.5,0.2093
509,E2C,6,12.8941,0.0,0,18.58,0.0503
509,W2C,6,12.4314,0.0,0,19.27,0.057
510,N2C,10,6.3854,31.0,4,37.52,0.2127
510,S2C,10,6.2745,30.0,4,38.19,0.2137
510,E2C,5,12.932,0.0,0,18.53,0.0438
510,W2C,5,12.8274,0.0,0,18.68,0.0453
511,N2C,10,6.2464,36.0,5,38.36,0.2241
511,S2C,10,6.338,34.0,4,37.8,0.2154
511,E2C,5,12.6671,0.0,0,18.92,0.0476
511,W2C,5,12.724,0.0,0,18.83,0.0468
512,N2C,10,5.6892,41.0,5,42.11,0.2354
512,S2C,10,6.0751,39.0,5,39.44,0.2285
512,E2C,5,12.749,0.0,0,18.79,0.0464
512,W2C,5,12.6471,0.0,0,18.94,0.0479
513,N2C,11,5.6987,46.0,5,42.04,0.2446
513,S2C,11,6.0721,44.0,5,39.46,0.2379
513,E2C,6,12.8693,0.0,0,18.62,0.0507
513,W2C,6,13.0677,0.0,0,18.34,0.0478
514,N2C,11,5.1985,51.0,5,46.09,0.2551
514,S2C,11,5.5728,49.0,5,42.99,0.2484
514,E2C,5,12.6211,0.0,0,18.98,0.0483
514,W2C,6,12.889,0.0,0,18.59,0.0504
515,N2C,11,4.9858,57.0,6,48.06,0.2682
515,S2C,11,5.5652,54.0,5,43.05,0.2519
515,E2C,5,12.684,0.0,0,18.89,0.0474
515,W2C,6,12.6013,0.0,0,19.01,0.0546
516,N2C,12,5.2943,63.0,6,45.26,0.2738
516,S2C,12,6.0461,60.0,6,39.63,0.2609
516,E2C,6,12.6342,0.0,0,18.96,0.0541
516,W2C,5,13.0516,0.0,0,18.36,0.0421
517,N2C,12,5.0986,69.0,6,46.99,0.2806
517,S2C,12,5.9356,66.0,6,40.37,0.2665
517,E2C,6,12.6896,0.0,0,18.88,0.0533
517,W2C,5,13.0469,0.0,0,18.36,0.0421
518,N2C,12,4.7926,76.0,7,49.99,0.2957
518,S2C,12,5.3761,72.0,6,44.57,0.2786
518,E2C,5,12.8872,0.0,0,18.59,0.0444
518,W2C,5,12.9513,0.0,0,18.5,0.0435
519,N2C,12,4.484,83.0,7,53.43,0.3048
519,S2C,12,4.9194,78.0,6,48.71,0.2892
519,E2C,5,12.9513,0.0,0,18.5,0.0435
519,W2C,5,12.9565,0.0,0,18.49,0.0434
520,N2C,13,4.6637,90.0,7,51.38,0.3128
520,S2C,13,5.1257,84.0,6,46.74,0.2962
520,E2C,5,12.9795,0.0,0,18.46,0.0431
520,W2C,6,13.1201,0.0,0,18.26,0.0471
521,N2C,13,4.2492,98.0,8,56.39,0.3302
521,S2C,13,4.6063,90.0,6,52.02,0.3077
521,E2C,5,12.6322,0.0,0,18.97,0.0481
521,W2C,5,12.9533,0.0,0,18.5,0.0435
522,N2C,13,3.9127,106.0,8,61.24,0.3403
522,S2C,13,4.2109,98.0,8,56.9,0.3307
522,E2C,5,12.3585,0.0,0,19.39,0.0521
522,W2C,5,12.6958,0.0,0,18.87,0.0472
523,N2C,14,4.4873,114.0,8,53.39,0.3434
523,S2C,14,4.6815,106.0,8,51.18,0.3353
523,E2C,5,12.5062,0.0,0,19.16,0.0499
523,W2C,4,13.0185,0.0,0,18.4,0.0365
524,N2C,14,4.4189,123.0,9,54.22,0.3564
524,S2C,14,4.4803,114.0,8,53.48,0.3435
524,E2C,5,12.5909,0.0,0,19.03,0.0487
524,W2C,5,13.2306,0.0,0,18.11,0.0395
525,N2C,14,4.2611,132.0,9,56.23,0.3646
525,S2C,14,4.2117,123.0,9,56.89,0.3594
525,E2C,5,12.7336,0.0,0,18.82,0.0467
525,W2C,5,12.5587,0.0,0,19.08,0.0492
526,N2C,14,4.2781,141.0,9,56.01,0.3704
526,S2C,14,3.8521,132.0,9,62.2,0.3705
526,E2C,5,12.3081,0.0,0,19.47,0.0528
526,W2C,5,12.8581,0.0,0,18.63,0.0449
527,N2C,15,5.0621,150.0,9,47.33,0.3711
527,S2C,15,4.181,141.0,9,57.31,0.3778
527,E2C,6,12.8711,0.0,0,18.62,0.0507
527,W2C,6,12.3031,0.0,0,19.47,0.0588
528,N2C,15,4.7238,159.0,9,50.72,0.382
528,S2C,15,4.1545,150.0,9,57.67,0.3842
528,E2C,6,11.9488,0.0,0,20.05,0.064
528,W2C,6,11.2792,0.0,0,21.24,0.0736
529,N2C,13,5.1034,108.0,7,46.95,0.3185
529,S2C,13,4.8327,99.0,8,49.58,0.3224
529,E2C,6,11.1967,0.0,0,21.4,0.0748
529,W2C,6,10.5928,0.0,0,22.62,0.0835
530,N2C,13,5.0407,66.0,5,47.53,0.2794
530,S2C,13,4.8189,60.0,6,49.72,0.2846
530,E2C,6,10.5134,0.0,0,22.79,0.0846
530,W2C,6,10.2863,1.0,1,23.29,0.0946
531,N2C,14,5.6149,33.0,3,42.67,0.2432
531,S2C,14,5.3403,30.0,4,44.87,0.2511
531,E2C,7,10.1074,0.0,0,23.71,0.0965
531,W2C,7,10.1683,2.0,1,23.56,0.1029
532,N2C,12,5.564,10.0,2,43.06,0.2106
532,S2C,13,5.4827,12.0,2,43.7,0.2191
532,E2C,7,9.373,1.0,1,25.56,0.1137
532,W2C,7,9.6545,3.0,1,24.82,0.111
533,N2C,12,5.6682,0.0,0,42.27,0.1904
533,S2C,12,5.8996,1.0,1,40.61,0.1937
533,E2C,7,9.0704,2.0,1,26.42,0.1187
533,W2C,7,9.0199,4.0,1,26.56,0.1208
534,N2C,12,7.112,0.0,0,33.69,0.1696
534,S2C,13,6.9209,0.0,0,34.62,0.1783
534,E2C,8,9.783,3.0,1,24.49,0.1151
534,W2C,8,9.0516,5.0,1,26.47,0.127
535,N2C,11,7.4442,0.0,0,32.19,0.1588
535,S2C,11,7.5196,0.0,0,31.86,0.1577
535,E2C,8,9.3013,5.0,2,25.76,0.1294
535,W2C,8,8.5897,7.0,2,27.89,0.141
536,N2C,11,8.0356,0.0,0,29.82,0.1503
536,S2C,11,7.509,0.0,0,31.91,0.1579
536,E2C,8,8.6411,7.0,2,27.73,0.1402
536,W2C,8,8.2486,9.0,2,29.05,0.1472
537,N2C,9,8.6569,0.0,0,27.68,0.1294
537,S2C,9,8.3002,0.0,0,28.87,0.1345
537,E2C,8,7.6151,9.0,2,31.46,0.1564
537,W2C,8,8.3217,11.0,2,28.79,0.1475
538,N2C,10,9.9407,0.0,0,24.1,0.1169
538,S2C,10,9.1768,0.0,0,26.11,0.1279
538,E2C,9,8.2416,11.0,2,29.07,0.1547
538,W2C,9,8.3061,14.0,3,28.85,0.1617
539,N2C,8,10.926,0.0,0,21.93,0.0907
539,S2C,8,9.7843,0.0,0,24.49,0.1071
539,E2C,9,7.6324,14.0,3,31.39,0.1714
539,W2C,9,7.854,17.0,3,30.51,0.1702
540,N2C,8,11.0953,0.0,0,21.59,0.0882
540,S2C,8,10.2492,0.0,0,23.38,0.1004
540,E2C,9,7.2417,17.0,3,33.09,0.1791
540,W2C,9,7.1503,20.0,3,33.51,0.1824
541,N2C,7,12.567,0.0,0,19.07,0.0611
541,S2C,7,11.5083,0.0,0,20.82,0.0763
541,E2C,10,7.568,20.0,3,31.66,0.1824
541,W2C,10,7.3463,23.0,3,32.61,0.1876
542,N2C,6,12.6934,0.0,0,18.88,0.0532
542,S2C,7,12.1766,0.0,0,19.68,0.0667
542,E2C,10,6.9058,24.0,4,34.7,0.2006
542,W2C,10,6.9051,27.0,4,34.7,0.2026
543,N2C,5,12.9948,0.0,0,18.44,0.0429
543,S2C,5,12.9137,0.0,0,18.55,0.0441
543,E2C,10,6.6678,28.0,4,35.93,0.2067
543,W2C,10,6.3282,32.0,5,37.86,0.2202
544,N2C,5,12.9532,0.0,0,18.5,0.0435
544,S2C,5,13.0967,0.0,0,18.29,0.0414
544,E2C,10,6.0404,32.0,4,39.67,0.2184
544,W2C,10,5.9672,37.0,5,40.15,0.2287
545,N2C,5,12.9646,0.0,0,18.48,0.0433
545,S2C,6,12.9903,0.0,0,18.44,0.049
545,E2C,11,6.2464,37.0,5,38.36,0.2307
545,W2C,11,6.2872,42.0,5,38.11,0.2335
546,N2C,5,12.8506,0.0,0,18.65,0.045
546,S2C,5,12.6455,0.0,0,18.95,0.0479
546,E2C,11,6.0179,42.0,5,39.81,0.2373
546,W2C,11,5.6071,48.0,6,42.73,0.2533
547,N2C,5,12.8553,0.0,0,18.64,0.0449
547,S2C,5,12.3074,0.0,0,19.47,0.0528
547,E2C,11,5.6151,48.0,6,42.67,0.2531
547,W2C,11,5.2901,54.0,6,45.29,0.2618
548,N2C,5,12.5141,0.0,0,19.15,0.0498
548,S2C,5,12.3283,0.0,0,19.44,0.0525
548,E2C,11,5.293,54.0,6,45.27,0.2618
548,W2C,11,5.1223,60.0,6,46.78,0.2682
549,N2C,6,12.7474,0.0,0,18.8,0.0525
549,S2C,6,12.5127,0.0,0,19.15,0.0558
549,E2C,12,5.3307,60.0,6,44.95,0.2712
549,W2C,12,5.3038,66.0,6,45.18,0.2756
550,N2C,5,12.7337,0.0,0,18.82,0.0467
550,S2C,6,12.4659,0.0,0,19.22,0.0565
550,E2C,12,5.0148,66.0,6,47.78,0.2798
550,W2C,12,4.9502,72.0,6,48.4,0.2847
551,N2C,5,12.8017,0.0,0,18.72,0.0457
551,S2C,5,12.5491,0.0,0,19.09,0.0493
551,E2C,12,4.6136,73.0,7,51.93,0.2962
551,W2C,12,4.5797,79.0,7,52.32,0.3007
552,N2C,5,12.7874,0.0,0,18.74,0.0459
552,S2C,4,12.6439,0.0,0,18.95,0.0419
552,E2C,13,5.1399,80.0,7,46.62,0.2993
552,W2C,13,5.039,86.0,7,47.55,0.3048
553,N2C,5,12.6513,0.0,0,18.94,0.0478
553,S2C,5,12.4352,0.0,0,19.27,0.0509
553,E2C,13,4.8626,88.0,8,49.27,0.3147
553,W2C,13,4.8333,93.0,7,49.57,0.3124
554,N2C,5,12.2798,0.0,0,19.51,0.0532
554,S2C,5,12.8116,0.0,0,18.7,0.0455
554,E2C,13,4.4876,96.0,8,53.39,0.3254
554,W2C,13,4.8521,101.0,8,49.38,0.3235
555,N2C,5,12.6915,0.0,0,18.88,0.0473
555,S2C,5,12.438,0.0,0,19.26,0.0509
555,E2C,13,4.1749,104.0,8,57.39,0.3352
555,W2C,13,4.8762,109.0,8,49.14,0.3285
556,N2C,6,12.7708,0.0,0,18.76,0.0521
556,S2C,6,12.7679,0.0,0,18.77,0.0522
556,E2C,14,4.5703,112.0,8,52.43,0.3409
556,W2C,14,4.9707,117.0,8,48.2,0.3384
557,N2C,5,12.7887,0.0,0,18.74,0.0459
557,S2C,6,12.9398,0.0,0,18.52,0.0497
557,E2C,14,4.4019,120.0,8,54.43,0.3486
557,W2C,14,4.3028,125.0,8,55.68,0.3534
558,N2C,5,12.6227,0.0,0,18.98,0.0482
558,S2C,5,12.4291,0.0,0,19.28,0.051
558,E2C,14,3.9326,129.0,9,60.93,0.3674
558,W2C,14,4.0027,134.0,9,59.86,0.3697
559,N2C,5,11.8627,0.0,0,20.2,0.0592
559,S2C,6,12.1919,0.0,0,19.65,0.0605
559,E2C,15,4.5352,138.0,9,52.83,0.3707
559,W2C,15,4.3542,144.0,10,55.03,0.3833
560,N2C,6,11.3722,0.0,0,21.07,0.0723
560,S2C,6,11.0516,0.0,0,21.68,0.0769
560,E2C,15,4.3554,148.0,10,55.01,0.386
560,W2C,15,4.1529,154.0,10,57.69,0.3929
561,N2C,6,10.6889,1.0,1,22.42,0.0888
561,S2C,6,11.0234,0.0,0,21.74,0.0773
561,E2C,15,4.0993,158.0,10,58.45,0.3963
561,W2C,15,4.0197,164.0,10,59.61,0.4015
562,N2C,6,10.5334,2.0,1,22.75,0.0917
562,S2C,6,10.7781,1.0,1,22.23,0.0875
562,E2C,13,4.2653,109.0,8,56.17,0.3373
562,W2C,13,4.2935,113.0,8,55.81,0.3395
563,N2C,7,11.0911,3.0,1,21.6,0.0903
563,S2C,7,11.0949,2.0,1,21.6,0.0896
563,E2C,14,5.0857,70.0,6,47.11,0.2934
563,W2C,14,4.9071,73.0,6,48.83,0.298
564,N2C,7,10.6913,4.0,1,22.41,0.0967
564,S2C,7,10.7112,3.0,1,22.37,0.0958
564,E2C,14,5.0443,38.0,4,47.5,0.2607
564,W2C,14,4.839,38.0,4,49.51,0.2637
565,N2C,7,10.2267,5.0,1,23.43,0.1041
565,S2C,7,10.0472,4.0,1,23.85,0.106
565,E2C,12,5.6326,15.0,3,42.54,0.2189
565,W2C,12,5.4056,16.0,3,44.32,0.2228
566,N2C,7,9.9083,6.0,1,24.18,0.1093
566,S2C,7,8.8698,5.0,1,27.01,0.1236
566,E2C,12,5.6287,2.0,1,42.57,0.1983
566,W2C,12,5.2817,2.0,1,45.36,0.2033
567,N2C,8,9.662,7.0,1,24.8,0.1195
567,S2C,8,8.808,6.0,1,27.2,0.1312
567,E2C,11,6.6412,0.0,0,36.08,0.1704
567,W2C,11,6.7047,0.0,0,35.74,0.1695
568,N2C,8,9.1075,9.0,2,26.31,0.1349
568,S2C,8,8.2613,8.0,2,29.0,0.1464
568,E2C,11,6.8887,0.0,0,34.78,0.1668
568,W2C,11,7.5028,0.0,0,31.93,0.158
569,N2C,8,7.902,11.0,2,30.32,0.1536
569,S2C,8,8.1762,10.0,2,29.3,0.1489
569,E2C,11,7.9212,0.0,0,30.25,0.1519
569,W2C,9,7.8815,0.0,0,30.4,0.1405
570,N2C,9,7.9209,13.0,2,30.25,0.1606
570,S2C,9,8.6463,12.0,2,27.71,0.1495
570,E2C,10,9.1011,0.0,0,26.33,0.129
570,W2C,10,9.4634,0.0,0,25.32,0.1237
571,N2C,9,7.4314,15.0,2,32.24,0.169
571,S2C,9,7.9837,15.0,3,30.01,0.167
571,E2C,10,9.605,0.0,0,24.95,0.1217
571,W2C,8,10.4115,0.0,0,23.01,0.0981
572,N2C,9,6.9457,18.0,3,34.5,0.184
572,S2C,9,7.4046,18.0,3,32.36,0.1774
572,E2C,8,10.4985,0.0,0,22.82,0.0968
572,W2C,8,10.7961,0.0,0,22.19,0.0925
573,N2C,9,6.5957,22.0,4,36.33,0.1977
573,S2C,9,6.5143,21.0,3,36.78,0.1922
573,E2C,8,11.1994,0.0,0,21.39,0.0867
573,W2C,6,11.9423,0.0,0,20.06,0.064
574,N2C,10,7.1105,26.0,4,33.7,0.1989
574,S2C,10,6.9614,25.0,4,34.42,0.2004
574,E2C,7,12.2742,0.0,0,19.52,0.0653
574,W2C,7,12.4482,0.0,0,19.25,0.0628
575,N2C,10,6.5983,30.0,4,36.31,0.209
575,S2C,10,6.3042,29.0,4,38.01,0.2126
575,E2C,5,13.1433,0.0,0,18.23,0.0408
575,W2C,6,12.6256,0.0,0,18.98,0.0542
576,N2C,10,6.3329,34.0,4,37.83,0.2155
576,S2C,10,5.8957,34.0,5,40.64,0.2278
576,E2C,5,13.0327,0.0,0,18.38,0.0423
576,W2C,5,13.1683,0.0,0,18.2,0.0404
577,N2C,11,6.5179,38.0,4,36.76,0.2215
577,S2C,11,6.1895,39.0,5,38.71,0.2329
577,E2C,5,13.0808,0.0,0,18.32,0.0417
577,W2C,5,12.5739,0.0,0,19.06,0.049
578,N2C,11,5.8854,43.0,5,40.71,0.2399
578,S2C,11,5.7614,44.0,5,41.59,0.2424
578,E2C,5,13.5355,0.0,0,17.7,0.0351
578,W2C,5,12.6009,0.0,0,19.01,0.0486
579,N2C,11,5.5547,49.0,6,43.13,0.2547
579,S2C,11,5.4571,50.0,6,43.91,0.2568
579,E2C,5,13.2738,0.0,0,18.05,0.0389
579,W2C,5,12.7328,0.0,0,18.82,0.0467
580,N2C,11,5.0551,55.0,6,47.4,0.2659
580,S2C,11,5.105,56.0,6,46.93,0.2658
580,E2C,5,13.2319,0.0,0,18.11,0.0395
580,W2C,5,12.9146,0.0,0,18.55,0.044
581,N2C,12,5.3225,61.0,6,45.02,0.272
581,S2C,12,5.3172,62.0,6,45.06,0.2728
581,E2C,5,13.5288,0.0,0,17.71,0.0352
581,W2C,6,13.0344,0.0,0,18.38,0.0483
582,N2C,12,5.2779,68.0,7,45.4,0.2833
582,S2C,12,5.078,68.0,6,47.18,0.2802
582,E2C,5,13.3553,0.0,0,17.94,0.0377
582,W2C,6,12.6923,0.0,0,18.88,0.0532
583,N2C,12,5.1644,75.0,7,46.39,0.2896
583,S2C,12,5.0361,75.0,7,47.58,0.2915
583,E2C,5,13.3138,0.0,0,18.0,0.0383
583,W2C,5,13.4446,0.0,0,17.82,0.0364
584,N2C,12,4.8451,82.0,7,49.45,0.2989
584,S2C,12,5.0836,82.0,7,47.13,0.2955
584,E2C,5,13.4756,0.0,0,17.78,0.036
584,W2C,5,13.172,0.0,0,18.19,0.0403
585,N2C,13,5.3066,89.0,7,45.15,0.3029
585,S2C,13,5.1658,89.0,7,46.38,0.305
585,E2C,5,13.5153,0.0,0,17.73,0.0354
585,W2C,5,13.0653,0.0,0,18.34,0.0419
586,N2C,13,4.5698,96.0,7,52.43,0.3182
586,S2C,13,4.601,96.0,7,52.08,0.3178
586,E2C,5,13.1901,0.0,0,18.17,0.0401
586,W2C,5,12.7419,0.0,0,18.8,0.0465
587,N2C,13,4.1468,104.0,8,57.78,0.3356
587,S2C,13,4.2306,103.0,7,56.63,0.3278
587,E2C,5,13.3845,0.0,0,17.9,0.0373
587,W2C,5,12.7874,0.0,0,18.74,0.0459
588,N2C,14,4.4803,112.0,8,53.48,0.3422
588,S2C,14,4.5172,110.0,7,53.04,0.3343
588,E2C,5,13.3828,0.0,0,17.9,0.0373
588,W2C,5,13.1402,0.0,0,18.23,0.0408
589,N2C,14,4.3713,121.0,9,54.81,0.3557
589,S2C,14,4.0783,118.0,8,58.75,0.3519
589,E2C,5,13.1567,0.0,0,18.21,0.0406
589,W2C,5,13.1988,0.0,0,18.15,0.04
590,N2C,14,4.1813,130.0,9,57.3,0.3645
590,S2C,14,3.775,126.0,8,63.47,0.3616
590,E2C,5,13.1246,0.0,0,18.26,0.041
590,W2C,5,12.75,0.0,0,18.79,0.0464
591,N2C,14,3.8459,139.0,9,62.3,0.3753
591,S2C,14,3.6462,135.0,9,65.71,0.3755
591,E2C,5,13.0223,0.0,0,18.4,0.0425
591,W2C,5,13.0682,0.0,0,18.33,0.0418
592,N2C,15,4.3102,148.0,9,55.59,0.3806
592,S2C,15,3.716,144.0,9,64.48,0.3865
592,E2C,5,13.1354,0.0,0,18.24,0.0409
592,W2C,6,12.0317,0.0,0,19.91,0.0628
593,N2C,15,4.0078,158.0,10,59.78,0.3976
593,S2C,15,3.4686,154.0,10,69.08,0.4027
593,E2C,5,12.8106,0.0,0,18.7,0.0455
593,W2C,6,11.3118,0.0,0,21.18,0.0731
594,N2C,15,3.7606,168.0,10,63.71,0.4079
594,S2C,15,3.0732,164.0,10,77.97,0.4151
594,E2C,5,12.252,0.0,0,19.56,0.0536
594,W2C,6,10.4568,0.0,0,22.91,0.0854
595,N2C,14,4.6367,115.0,8,51.67,0.3419
595,S2C,14,4.351,113.0,9,55.07,0.3507
595,E2C,6,11.8135,0.0,0,20.28,0.0659
595,W2C,7,10.6991,0.0,0,22.39,0.0879
596,N2C,14,4.774,74.0,6,50.19,0.3006
596,S2C,14,4.4151,73.0,7,54.27,0.3111
596,E2C,6,10.8383,0.0,0,22.11,0.0799
596,W2C,7,9.9964,1.0,1,23.97,0.1047
597,N2C,14,4.7868,42.0,5,50.05,0.2731
597,S2C,14,5.0048,39.0,5,47.87,0.2679
597,E2C,6,10.7857,0.0,0,22.21,0.0807
597,W2C,7,9.3052,2.0,1,25.75,0.1153
598,N2C,13,5.4267,18.0,3,44.15,0.2299
598,S2C,12,5.4966,20.0,3,43.59,0.2242
598,E2C,6,10.0695,1.0,1,23.79,0.0977
598,W2C,7,8.9835,4.0,2,26.67,0.1273
599,N2C,13,6.2119,3.0,1,38.57,0.1966
599,S2C,13,6.7246,5.0,1,35.63,0.1905
599,E2C,7,9.9008,2.0,1,24.2,0.1068
599,W2C,8,8.9433,6.0,2,26.79,0.1352
600,N2C,13,6.3762,0.0,0,37.58,0.1862
600,S2C,11,7.3913,0.0,0,32.42,0.1596
600,E2C,7,9.2506,3.0,1,25.9,0.1168
600,W2C,8,8.4311,8.0,2,28.42,0.1439
601,N2C,11,6.9633,0.0,0,34.41,0.1657
601,S2C,11,8.2742,0.0,0,28.96,0.1469
601,E2C,7,8.7312,4.0,1,27.44,0.1249
601,W2C,8,7.9681,11.0,3,30.07,0.1586
602,N2C,11,7.4949,0.0,0,31.97,0.1581
602,S2C,9,8.9249,0.0,0,26.85,0.1255
602,E2C,7,8.593,5.0,1,27.88,0.1276
602,W2C,8,7.2887,14.0,3,32.87,0.1704
603,N2C,10,8.745,0.0,0,27.4,0.1341
603,S2C,10,10.079,0.0,0,23.77,0.1149
603,E2C,8,8.7236,7.0,2,27.47,0.1391
603,W2C,9,7.683,17.0,3,31.19,0.1727
604,N2C,10,9.3315,0.0,0,25.68,0.1256
604,S2C,8,10.8784,0.0,0,22.03,0.0914
604,E2C,8,8.3052,9.0,2,28.85,0.1464
604,W2C,9,7.1437,20.0,3,33.54,0.1825
605,N2C,8,10.0624,0.0,0,23.81,0.1031
605,S2C,8,11.4426,0.0,0,20.94,0.0832
605,E2C,8,7.3869,12.0,3,32.44,0.1676
605,W2C,9,6.5502,23.0,3,36.58,0.193
606,N2C,9,10.8025,0.0,0,22.18,0.0985
606,S2C,7,12.5666,0.0,0,19.07,0.0611
606,E2C,9,7.5393,15.0,3,31.78,0.1734
606,W2C,10,6.8538,27.0,4,34.96,0.2033
607,N2C,7,11.4372,0.0,0,20.95,0.0773
607,S2C,7,12.5812,0.0,0,19.04,0.0608
607,E2C,9,6.9412,18.0,3,34.52,0.1841
607,W2C,10,6.3362,31.0,4,37.81,0.2134
608,N2C,6,12.0611,0.0,0,19.87,0.0623
608,S2C,6,13.1472,0.0,0,18.22,0.0467
608,E2C,9,6.7309,21.0,3,35.6,0.1891
608,W2C,10,6.4855,36.0,5,36.94,0.2206
609,N2C,5,12.3469,0.0,0,19.41,0.0522
609,S2C,5,12.517,0.0,0,19.14,0.0498
609,E2C,9,6.7102,25.0,4,35.71,0.198
609,W2C,10,6.3524,41.0,5,37.72,0.2259
610,N2C,6,12.5556,0.0,0,19.08,0.0552
610,S2C,5,13.1743,0.0,0,18.19,0.0403
610,E2C,10,7.52,29.0,4,31.86,0.1951
610,W2C,11,6.9423,46.0,5,34.51,0.2267
611,N2C,5,12.8246,0.0,0,18.68,0.0453
611,S2C,5,13.5818,0.0,0,17.64,0.0344
611,E2C,10,7.13,33.0,4,33.6,0.2033
611,W2C,11,6.4161,51.0,5,37.34,0.2376
612,N2C,5,12.4221,0.0,0,19.29,0.0511
612,S2C,5,13.096,0.0,0,18.3,0.0414
612,E2C,10,6.4411,37.0,4,37.2,0.2159
612,W2C,11,5.9109,56.0,5,40.54,0.2482
613,N2C,6,13.2401,0.0,0,18.1,0.0454
613,S2C,5,13.6088,0.0,0,17.61,0.034
613,E2C,11,7.0103,41.0,4,34.18,0.2164
613,W2C,12,5.919,61.0,5,40.48,0.2574
614,N2C,5,12.5617,0.0,0,19.07,0.0491
614,S2C,5,13.4017,0.0,0,17.88,0.037
614,E2C,11,6.5577,45.0,4,36.54,0.2256
614,W2C,12,5.4642,66.0,5,43.85,0.2673
615,N2C,5,12.863,0.0,0,18.63,0.0448
615,S2C,5,13.1897,0.0,0,18.17,0.0401
615,E2C,11,5.9112,50.0,5,40.53,0.2442
615,W2C,12,5.0795,71.0,5,47.17,0.2762
616,N2C,5,12.8104,0.0,0,18.7,0.0455
616,S2C,5,13.0385,0.0,0,18.38,0.0423
616,E2C,11,5.2063,55.0,5,46.02,0.2577
616,W2C,12,4.734,78.0,7,50.61,0.2978
617,N2C,5,12.8577,0.0,0,18.63,0.0449
617,S2C,5,13.3204,0.0,0,17.99,0.0382
617,E2C,12,5.3144,61.0,6,45.09,0.2721
617,W2C,13,5.2313,85.0,7,45.8,0.3013
618,N2C,5,12.237,0.0,0,19.58,0.0538
618,S2C,5,13.2983,0.0,0,18.02,0.0385
618,E2C,12,4.9406,67.0,6,48.5,0.2815
618,W2C,13,4.8915,92.0,7,48.98,0.3109
619,N2C,5,12.4942,0.0,0,19.18,0.0501
619,S2C,5,13.0914,0.0,0,18.3,0.0415
619,E2C,12,4.8225,74.0,7,49.68,0.2939
619,W2C,13,4.6032,99.0,7,52.05,0.3197
620,N2C,5,12.5957,0.0,0,19.02,0.0486
620,S2C,5,13.2501,0.0,0,18.08,0.0392
620,E2C,12,4.503,81.0,7,53.21,0.3032
620,W2C,13,4.1918,107.0,8,57.16,0.337
621,N2C,6,12.2714,0.0,0,19.53,0.0593
621,S2C,5,13.5548,0.0,0,17.68,0.0348
621,E2C,13,4.8005,88.0,7,49.91,0.3095
621,W2C,14,4.5457,116.0,9,52.71,0.3499
622,N2C,5,12.0384,0.0,0,19.9,0.0567
622,S2C,5,13.2764,0.0,0,18.05,0.0388
622,E2C,13,4.6966,95.0,7,51.02,0.3157
622,W2C,14,4.1561,125.0,9,57.65,0.3615
623,N2C,5,12.1741,0.0,0,19.68,0.0547
623,S2C,5,13.4034,0.0,0,17.88,0.037
623,E2C,13,4.6425,103.0,8,51.61,0.3278
623,W2C,14,3.8201,134.0,9,62.72,0.3723
624,N2C,5,12.0873,0.0,0,19.82,0.056
624,S2C,5,12.9591,0.0,0,18.49,0.0434
624,E2C,14,4.953,111.0,8,48.37,0.3347
624,W2C,15,4.3861,143.0,9,54.63,0.3762
625,N2C,6,12.301,0.0,0,19.48,0.0589
625,S2C,5,13.0777,0.0,0,18.32,0.0417
625,E2C,14,4.4414,119.0,8,53.95,0.3474
625,W2C,15,4.0976,152.0,9,58.47,0.3863
626,N2C,6,11.9555,0.0,0,20.04,0.0639
626,S2C,5,13.2148,0.0,0,18.13,0.0397
626,E2C,14,4.0213,127.0,8,59.58,0.3588
626,W2C,15,3.9348,162.0,10,60.89,0.4013
627,N2C,6,10.8114,0.0,0,22.16,0.0803
627,S2C,5,12.654,0.0,0,18.93,0.0478
627,E2C,14,3.736,135.0,8,64.13,0.3682
627,W2C,15,3.6201,172.0,10,66.19,0.4125
628,N2C,7,10.1182,0.0,0,23.68,0.0963
628,S2C,6,12.3487,0.0,0,19.4,0.0582
628,E2C,13,4.7552,87.0,7,50.39,0.3095
628,W2C,14,4.5992,118.0,8,52.1,0.3444
629,N2C,7,9.3701,1.0,1,25.57,0.1137
629,S2C,6,11.2292,0.0,0,21.34,0.0743
629,E2C,13,4.5898,48.0,5,52.2,0.2739
629,W2C,14,4.5203,74.0,7,53.01,0.3102
630,N2C,7,8.4766,2.0,1,28.27,0.1273
630,S2C,6,10.4073,0.0,0,23.02,0.0861
630,E2C,13,4.533,24.0,4,52.86,0.2527
630,W2C,14,4.6552,43.0,5,51.47,0.2756
631,N2C,7,7.7829,4.0,2,30.79,0.1446
631,S2C,7,10.2801,1.0,1,23.31,0.1006
631,E2C,12,5.7393,6.0,2,41.75,0.2054
631,W2C,13,5.5359,20.0,3,43.28,0.2296
632,N2C,8,7.9825,6.0,2,30.02,0.1491
632,S2C,7,9.6312,2.0,1,24.88,0.1107
632,E2C,12,6.1896,0.0,0,38.71,0.1829
632,W2C,13,5.6564,4.0,1,42.36,0.2052
633,N2C,8,7.8548,8.0,2,30.5,0.1522
633,S2C,7,9.1614,3.0,1,26.15,0.1181
633,E2C,12,7.0704,0.0,0,33.89,0.1702
633,W2C,12,6.0598,0.0,0,39.54,0.1847
634,N2C,8,7.8815,11.0,3,30.4,0.1598
634,S2C,7,8.7131,5.0,2,27.5,0.1319
634,E2C,10,7.8085,0.0,0,30.68,0.1476
634,W2C,11,6.6037,0.0,0,36.28,0.1709
635,N2C,9,8.0842,14.0,3,29.64,0.1649
635,S2C,8,8.5948,7.0,2,27.88,0.1409
635,E2C,11,8.8722,0.0,0,27.01,0.1383
635,W2C,12,7.8597,0.0,0,30.48,0.1588
636,N2C,9,7.9624,17.0,3,30.09,0.1687
636,S2C,8,8.2437,9.0,2,29.06,0.1473
636,E2C,9,10.1014,0.0,0,23.72,0.1086
636,W2C,10,8.3112,0.0,0,28.83,0.1403
637,N2C,9,7.4035,20.0,3,32.36,0.1787
637,S2C,8,7.9388,11.0,2,30.18,0.153
637,E2C,9,10.6609,0.0,0,22.47,0.1005
637,W2C,10,9.0787,0.0,0,26.39,0.1293
638,N2C,9,7.0004,24.0,4,34.23,0.1932
638,S2C,8,7.3904,14.0,3,32.42,0.1689
638,E2C,7,11.321,0.0,0,21.16,0.079
638,W2C,8,9.3635,0.0,0,25.59,0.1132
639,N2C,10,7.6754,28.0,4,31.22,0.1921
639,S2C,9,7.1676,17.0,3,33.43,0.1801
639,E2C,8,12.0415,0.0,0,19.9,0.0746
639,W2C,9,10.326,0.0,0,23.2,0.1053
640,N2C,10,7.4569,32.0,4,32.13,0.198
640,S2C,9,7.0174,20.0,3,34.14,0.1843
640,E2C,6,12.7565,0.0,0,18.78,0.0523
640,W2C,7,10.9298,0.0,0,21.92,0.0846
641,N2C,10,7.2301,36.0,4,33.14,0.2039
641,S2C,9,6.8205,23.0,3,35.13,0.1891
641,E2C,5,12.8478,0.0,0,18.65,0.045
641,W2C,7,11.9902,0.0,0,19.98,0.0694
642,N2C,11,7.5881,40.0,4,31.58,0.2074
642,S2C,10,6.9733,26.0,3,34.36,0.1949
642,E2C,6,12.7136,0.0,0,18.85,0.0529
642,W2C,6,12.8326,0.0,0,18.67,0.0512
643,N2C,11,6.5532,44.0,4,36.56,0.225
643,S2C,10,6.6767,30.0,4,35.89,0.2079
643,E2C,5,13.2172,0.0,0,18.13,0.0397
643,W2C,6,12.9966,0.0,0,18.44,0.0489
644,N2C,11,5.7174,48.0,4,41.91,0.2397
644,S2C,10,5.9251,34.0,4,40.44,0.2214
644,E2C,5,12.8223,0.0,0,18.69,0.0454
644,W2C,5,13.5042,0.0,0,17.74,0.0356
645,N2C,11,5.162,54.0,6,46.42,0.2637
645,S2C,10,5.8659,39.0,5,40.85,0.2315
645,E2C,5,13.1809,0.0,0,18.18,0.0402
645,W2C,5,13.0717,0.0,0,18.33,0.0418
646,N2C,12,5.667,60.0,6,42.28,0.2664
646,S2C,11,6.1732,44.0,5,38.81,0.2364
646,E2C,5,13.1746,0.0,0,18.19,0.0403
646,W2C,5,12.8725,0.0,0,18.61,0.0447
647,N2C,12,5.4282,67.0,7,44.14,0.2805
647,S2C,11,5.6808,49.0,5,42.18,0.2469
647,E2C,5,12.8652,0.0,0,18.62,0.0448
647,W2C,5,12.9928,0.0,0,18.44,0.0429
648,N2C,12,5.1556,74.0,7,46.47,0.2891
648,S2C,11,5.5733,54.0,5,42.99,0.2518
648,E2C,5,13.1503,0.0,0,18.22,0.0407
648,W2C,5,12.825,0.0,0,18.68,0.0453
649,N2C,13,5.4958,81.0,7,43.6,0.2949
649,S2C,12,5.6973,60.0,6,42.06,0.266
649,E2C,6,12.8772,0.0,0,18.61,0.0506
649,W2C,6,13.0757,0.0,0,18.32,0.0477
650,N2C,13,5.061,88.0,7,47.34,0.3058
650,S2C,12,5.1534,66.0,6,46.49,0.2778
650,E2C,6,12.6768,0.0,0,18.9,0.0535
650,W2C,5,13.0267,0.0,0,18.39,0.0424
651,N2C,13,4.7653,95.0,7,50.28,0.3147
651,S2C,12,4.6638,73.0,7,51.37,0.2955
651,E2C,5,12.7769,0.0,0,18.75,0.046
651,W2C,5,12.8375,0.0,0,18.66,0.0452
652,N2C,13,4.5051,103.0,8,53.18,0.3298
652,S2C,12,4.6607,80.0,7,51.41,0.3002
652,E2C,5,12.707,0.0,0,18.86,0.047
652,W2C,5,13.2152,0.0,0,18.13,0.0397
653,N2C,14,4.8156,111.0,8,49.75,0.3367
653,S2C,13,5.0046,87.0,7,47.88,0.3059
653,E2C,5,13.1314,0.0,0,18.25,0.0409
653,W2C,5,12.3194,0.0,0,19.45,0.0526
654,N2C,14,4.4575,120.0,9,53.75,0.3538
654,S2C,13,4.756,94.0,7,50.38,0.3142
654,E2C,5,13.1475,0.0,0,18.22,0.0407
654,W2C,5,12.3925,0.0,0,19.33,0.0516
655,N2C,14,4.2117,129.0,9,56.89,0.3634
655,S2C,13,4.7606,101.0,7,50.33,0.3188
655,E2C,5,12.7828,0.0,0,18.74,0.0459
655,W2C,5,12.3412,0.0,0,19.41,0.0523
656,N2C,14,3.8348,138.0,9,62.48,0.3748
656,S2C,13,4.6259,108.0,7,51.79,0.3254
656,E2C,5,12.6659,0.0,0,18.92,0.0476
656,W2C,5,12.3846,0.0,0,19.35,0.0517
657,N2C,15,4.1383,147.0,9,57.9,0.3824
657,S2C,14,5.0014,116.0,8,47.91,0.3373
657,E2C,5,12.9993,0.0,0,18.43,0.0428
657,W2C,5,12.2667,0.0,0,19.53,0.0534
658,N2C,15,3.8673,156.0,9,61.96,0.3923
658,S2C,14,4.7785,124.0,8,50.14,0.3459
658,E2C,5,12.8208,0.0,0,18.69,0.0454
658,W2C,5,12.6654,0.0,0,18.92,0.0476
659,N2C,15,3.627,166.0,10,66.06,0.4084
659,S2C,14,4.1889,132.0,8,57.2,0.3597
659,E2C,5,12.821,0.0,0,18.69,0.0454
659,W2C,5,12.2704,0.0,0,19.53,0.0533
660,N2C,16,4.1845,177.0,11,57.26,0.4197
660,S2C,15,4.2364,140.0,8,56.56,0.3703
660,E2C,6,12.2722,0.0,0,19.52,0.0593
660,W2C,6,11.4737,0.0,0,20.88,0.0708
661,N2C,14,4.4155,124.0,9,54.26,0.3571
661,S2C,13,4.3922,90.0,7,54.55,0.3168
661,E2C,6,11.4663,0.0,0,20.9,0.0709
661,W2C,6,10.554,0.0,0,22.7,0.084
662,N2C,14,4.2679,79.0,7,56.14,0.3172
662,S2C,13,4.4776,52.0,5,53.51,0.2782
662,E2C,6,10.7081,0.0,0,22.38,0.0818
662,W2C,6,10.4046,1.0,1,23.03,0.0929
663,N2C,14,4.259,48.0,5,56.26,0.2847
663,S2C,13,4.3584,23.0,3,54.97,0.2486
663,E2C,6,10.531,0.0,0,22.75,0.0844
663,W2C,6,10.3539,2.0,1,23.14,0.0942
664,N2C,13,5.0518,22.0,3,47.43,0.2379
664,S2C,12,5.7319,5.0,2,41.8,0.2048
664,E2C,7,10.5386,0.0,0,22.74,0.0903
664,W2C,7,10.4196,3.0,1,23.0,0.1
665,N2C,13,5.2652,7.0,2,45.51,0.2189
665,S2C,12,6.1481,1.0,1,38.97,0.1901
665,E2C,7,9.7153,1.0,1,24.66,0.1088
665,W2C,7,9.8229,4.0,1,24.39,0.1092
666,N2C,12,5.8677,0.0,0,40.83,0.1875
666,S2C,12,6.6657,0.0,0,35.95,0.176
666,E2C,7,9.3299,2.0,1,25.68,0.115
666,W2C,7,9.1431,5.0,1,26.21,0.1197
667,N2C,12,7.0298,0.0,0,34.08,0.1708
667,S2C,11,7.6925,0.0,0,31.15,0.1552
667,E2C,8,9.9662,3.0,1,24.04,0.1125
667,W2C,8,8.7071,7.0,2,27.52,0.1393
668,N2C,12,7.4503,0.0,0,32.16,0.1647
668,S2C,11,8.3411,0.0,0,28.73,0.1459
668,E2C,8,9.4923,4.0,1,25.24,0.12
668,W2C,8,8.2077,9.0,2,29.19,0.1478
669,N2C,10,8.1207,0.0,0,29.5,0.1431
669,S2C,9,9.4249,0.0,0,25.42,0.1183
669,E2C,8,8.9084,6.0,2,26.9,0.1357
669,W2C,8,7.6848,11.0,2,31.18,0.1567
670,N2C,10,8.8425,0.0,0,27.1,0.1327
670,S2C,9,10.0814,0.0,0,23.77,0.1088
670,E2C,8,8.0072,8.0,2,29.92,0.15
670,W2C,8,7.5725,14.0,3,31.64,0.1663
671,N2C,9,9.5938,0.0,0,24.97,0.1159
671,S2C,8,11.3489,0.0,0,21.11,0.0846
671,E2C,9,7.9512,10.0,2,30.13,0.1582
671,W2C,9,8.5051,17.0,3,28.17,0.1609
672,N2C,9,10.0673,0.0,0,23.8,0.109
672,S2C,8,11.8982,0.0,0,20.14,0.0767
672,E2C,9,7.359,13.0,3,32.56,0.1747
672,W2C,9,8.2109,20.0,3,29.18,0.1671
673,N2C,7,10.9156,0.0,0,21.95,0.0848
673,S2C,6,12.7993,0.0,0,18.72,0.0517
673,E2C,9,7.0449,17.0,4,34.01,0.1879
673,W2C,9,8.2705,23.0,3,28.97,0.1682
674,N2C,7,11.4403,0.0,0,20.94,0.0773
674,S2C,6,13.0591,0.0,0,18.35,0.048
674,E2C,9,6.6385,21.0,4,36.09,0.1964
674,W2C,9,7.3606,26.0,3,32.55,0.1833
675,N2C,6,12.2315,0.0,0,19.59,0.0599
675,S2C,5,13.3684,0.0,0,17.92,0.0375
675,E2C,10,6.7974,25.0,4,35.25,0.2028
675,W2C,10,7.0832,29.0,3,33.83,0.1953
676,N2C,6,12.9397,0.0,0,18.52,0.0497
676,S2C,5,12.9152,0.0,0,18.55,0.044
676,E2C,10,6.2325,29.0,4,38.44,0.2136
676,W2C,10,6.3951,32.0,3,37.47,0.2073
677,N2C,5,12.5782,0.0,0,19.05,0.0489
677,S2C,5,13.239,0.0,0,18.1,0.0394
677,E2C,10,6.055,33.0,4,39.57,0.2188
677,W2C,10,5.8868,36.0,4,40.7,0.2232
678,N2C,5,12.7132,0.0,0,18.85,0.0469
678,S2C,6,13.0911,0.0,0,18.3,0.0475
678,E2C,11,6.0802,38.0,5,39.41,0.2338
678,W2C,11,6.154,41.0,5,38.93,0.2347
679,N2C,5,12.5121,0.0,0,19.15,0.0498
679,S2C,5,13.0489,0.0,0,18.36,0.0421
679,E2C,11,6.0235,44.0,6,39.78,0.2446
679,W2C,11,5.7246,46.0,5,41.85,0.2442
680,N2C,5,12.7234,0.0,0,18.83,0.0468
680,S2C,5,13.2461,0.0,0,18.09,0.0393
680,E2C,11,5.5311,50.0,6,43.32,0.2557
680,W2C,11,5.6458,51.0,5,42.44,0.2487
681,N2C,5,12.7025,0.0,0,18.86,0.0471
681,S2C,5,13.1038,0.0,0,18.28,0.0413
681,E2C,11,5.2981,56.0,6,45.22,0.263
681,W2C,11,5.6591,56.0,5,42.34,0.2518
682,N2C,6,12.3564,0.0,0,19.39,0.0581
682,S2C,5,13.2807,0.0,0,18.04,0.0388
682,E2C,12,5.5096,62.0,6,43.49,0.27
682,W2C,12,6.2046,62.0,6,38.62,0.26
683,N2C,6,12.2069,0.0,0,19.63,0.0602
683,S2C,5,13.0149,0.0,0,18.41,0.0426
683,E2C,12,4.9691,68.0,6,48.22,0.2818
683,W2C,12,5.6009,68.0,6,42.78,0.2727
684,N2C,5,12.4127,0.0,0,19.3,0.0513
684,S2C,5,13.0223,0.0,0,18.4,0.0425
684,E2C,12,4.7465,75.0,7,50.48,0.2957
684,W2C,12,4.7313,74.0,6,50.64,0.2892
685,N2C,6,12.6432,0.0,0,18.95,0.054
685,S2C,5,13.2831,0.0,0,18.04,0.0387
685,E2C,13,5.1631,82.0,7,46.41,0.3003
685,W2C,13,5.091,80.0,6,47.06,0.294
686,N2C,5,12.1493,0.0,0,19.72,0.0551
686,S2C,5,13.1448,0.0,0,18.23,0.0407
686,E2C,13,5.0094,90.0,8,47.83,0.3139
686,W2C,13,4.9239,87.0,7,48.66,0.3071
687,N2C,5,12.7039,0.0,0,18.86,0.0471
687,S2C,5,12.896,0.0,0,18.58,0.0443
687,E2C,13,4.8405,98.0,8,49.5,0.3216
687,W2C,13,4.5426,95.0,8,52.75,0.3239
688,N2C,5,12.2304,0.0,0,19.59,0.0539
688,S2C,5,13.0692,0.0,0,18.33,0.0418
688,E2C,13,4.4288,106.0,8,54.1,0.3329
688,W2C,13,4.2428,103.0,8,56.47,0.3336
689,N2C,6,12.543,0.0,0,19.1,0.0554
689,S2C,4,13.0712,0.0,0,18.33,0.0358
689,E2C,14,4.8141,114.0,8,49.77,0.3387
689,W2C,14,4.6547,111.0,8,51.48,0.339
690,N2C,6,12.7714,0.0,0,18.76,0.0521
690,S2C,5,13.2784,0.0,0,18.04,0.0388
690,E2C,14,4.4967,123.0,9,53.28,0.3553
690,W2C,14,4.4731,119.0,8,53.56,0.3469
691,N2C,5,12.8399,0.0,0,18.66,0.0451
691,S2C,5,13.2104,0.0,0,18.14,0.0398
691,E2C,14,4.2428,132.0,9,56.47,0.3649
691,W2C,14,4.269,127.0,8,56.13,0.3552
692,N2C,5,12.4069,0.0,0,19.31,0.0514
692,S2C,5,13.0876,0.0,0,18.31,0.0416
692,E2C,14,3.9181,141.0,9,61.15,0.3756
692,W2C,14,3.8005,136.0,9,63.04,0.3739
693,N2C,6,11.8729,0.0,0,20.18,0.065
693,S2C,6,12.7387,0.0,0,18.81,0.0526
693,E2C,15,4.2835,150.0,9,55.94,0.3823
693,W2C,15,4.4243,145.0,9,54.16,0.377
694,N2C,6,11.4452,0.0,0,20.93,0.0712
694,S2C,6,11.6916,0.0,0,20.49,0.0677
694,E2C,13,4.4089,104.0,8,54.34,0.3318
694,W2C,13,4.7684,96.0,7,50.25,0.3153
695,N2C,6,10.7616,0.0,0,22.26,0.081
695,S2C,6,10.9415,0.0,0,21.9,0.0785
695,E2C,13,4.3554,65.0,6,55.01,0.2946
695,W2C,13,4.7378,57.0,6,50.57,0.2838
696,N2C,7,10.8737,0.0,0,22.03,0.0854
696,S2C,6,10.1536,0.0,0,23.6,0.0898
696,E2C,14,5.1261,34.0,4,46.74,0.2569
696,W2C,14,5.6235,28.0,4,42.61,0.2457
697,N2C,7,10.7454,0.0,0,22.3,0.0873
697,S2C,7,10.147,0.0,0,23.61,0.0959
697,E2C,12,5.5123,13.0,3,43.47,0.2193
697,W2C,12,6.0292,10.0,3,39.74,0.2099
698,N2C,7,10.3113,1.0,1,23.24,0.1002
698,S2C,7,9.2849,1.0,1,25.81,0.115
698,E2C,12,5.7134,2.0,1,41.94,0.1971
698,W2C,12,6.4337,2.0,1,37.24,0.1867
699,N2C,7,9.6572,2.0,1,24.81,0.1103
699,S2C,7,8.7203,2.0,1,27.48,0.1238
699,E2C,12,6.1666,0.0,0,38.85,0.1832
699,W2C,10,6.9057,0.0,0,34.7,0.1606
700,N2C,8,9.4779,3.0,1,25.28,0.1195
700,S2C,8,8.829,4.0,2,27.14,0.1355
700,E2C,11,6.8348,0.0,0,35.06,0.1676
700,W2C,11,7.5079,0.0,0,31.91,0.1579
701,N2C,8,9.0033,4.0,1,26.61,0.127
701,S2C,8,8.1369,6.0,2,29.45,0.1468
701,E2C,11,7.25,0.0,0,33.05,0.1616
701,W2C,10,7.9926,0.0,0,29.98,0.1449
702,N2C,8,7.9255,6.0,2,30.23,0.1499
702,S2C,8,7.4562,8.0,2,32.13,0.158
702,E2C,9,8.1168,0.0,0,29.52,0.1371
702,W2C,9,8.9846,0.0,0,26.67,0.1246
703,N2C,9,7.831,8.0,2,30.6,0.1586
703,S2C,9,7.765,11.0,3,30.86,0.1675
703,E2C,10,8.9462,0.0,0,26.78,0.1312
703,W2C,9,10.2973,0.0,0,23.27,0.1057
704,N2C,9,7.1194,10.0,2,33.65,0.1702
704,S2C,9,7.1429,14.0,3,33.54,0.1785
704,E2C,8,9.6814,0.0,0,24.75,0.1086
704,W2C,8,10.9095,0.0,0,21.96,0.0909
705,N2C,9,7.0029,14.0,4,34.21,0.1865
705,S2C,9,7.1054,18.0,4,33.72,0.1877
705,E2C,8,9.9015,0.0,0,24.2,0.1054
705,W2C,7,11.125,0.0,0,21.54,0.0818
706,N2C,9,6.4372,18.0,4,37.22,0.1973
706,S2C,9,7.2645,22.0,4,32.98,0.1881
706,E2C,6,10.5498,0.0,0,22.71,0.0841
706,W2C,6,12.138,0.0,0,19.74,0.0612
707,N2C,10,6.9152,22.0,4,34.65,0.1991
707,S2C,10,7.4489,26.0,4,32.17,0.1941
707,E2C,7,11.1836,0.0,0,21.42,0.081
707,W2C,5,12.6109,0.0,0,19.0,0.0484
708,N2C,10,6.471,26.0,4,37.03,0.2082
708,S2C,10,6.9332,30.0,4,34.56,0.2042
708,E2C,5,11.1468,0.0,0,21.49,0.0695
708,W2C,5,12.8047,0.0,0,18.71,0.0456
709,N2C,10,6.1913,30.0,4,38.7,0.2149
709,S2C,10,6.7095,34.0,4,35.71,0.2101
709,E2C,5,11.4058,0.0,0,21.01,0.0658
709,W2C,5,12.5129,0.0,0,19.15,0.0498
710,N2C,10,5.8593,34.0,4,40.89,0.2223
710,S2C,10,6.0504,38.0,4,39.6,0.2222
710,E2C,5,11.1939,0.0,0,21.4,0.0688
710,W2C,5,12.7679,0.0,0,18.77,0.0462
711,N2C,11,6.2513,39.0,5,38.33,0.232
711,S2C,11,6.3267,42.0,4,37.87,0.2269
711,E2C,6,11.7371,0.0,0,20.41,0.067
711,W2C,6,12.7468,0.0,0,18.8,0.0525
712,N2C,11,5.9339,44.0,5,40.38,0.2399
712,S2C,11,5.7613,47.0,5,41.59,0.2444
712,E2C,6,11.4508,0.0,0,20.92,0.0711
712,W2C,5,12.9207,0.0,0,18.54,0.044
713,N2C,11,5.8496,49.0,5,40.96,0.2444
713,S2C,11,5.3768,53.0,6,44.56,0.2599
713,E2C,5,11.5189,0.0,0,20.8,0.0641
713,W2C,5,12.6936,0.0,0,18.88,0.0472
714,N2C,12,6.2163,55.0,6,38.54,0.2552
714,S2C,12,5.7181,59.0,6,41.9,0.265
714,E2C,6,11.7524,0.0,0,20.39,0.0668
714,W2C,5,12.5802,0.0,0,19.05,0.0489
715,N2C,12,5.58,61.0,6,42.94,0.2683
715,S2C,12,5.0618,65.0,6,47.34,0.2784
715,E2C,6,11.4589,0.0,0,20.91,0.071
715,W2C,5,12.5189,0.0,0,19.14,0.0497
716,N2C,12,5.1265,67.0,6,46.74,0.2789
716,S2C,12,4.7756,72.0,7,50.17,0.2932
716,E2C,6,11.5419,0.0,0,20.76,0.0698
716,W2C,5,12.4582,0.0,0,19.23,0.0506
717,N2C,12,4.8034,74.0,7,49.88,0.2942
717,S2C,12,4.51,79.0,7,53.13,0.3017
717,E2C,6,11.6276,0.0,0,20.61,0.0686
717,W2C,5,12.4181,0.0,0,19.29,0.0512
718,N2C,13,4.8434,81.0,7,49.47,0.3043
718,S2C,13,4.6708,86.0,7,51.3,0.3101
718,E2C,6,12.0474,0.0,0,19.89,0.0625
718,W2C,5,12.6329,0.0,0,18.97,0.0481
719,N2C,13,4.4194,88.0,7,54.22,0.315
719,S2C,13,4.1848,93.0,7,57.26,0.3217
719,E2C,6,11.9517,0.0,0,20.05,0.0639
719,W2C,5,12.6733,0.0,0,18.91,0.0475
720,N2C,13,4.188,96.0,8,57.21,0.3297
720,S2C,13,4.0696,100.0,7,58.88,0.3281
720,E2C,6,11.879,0.0,0,20.17,0.065
720,W2C,5,12.4342,0.0,0,19.27,0.051
721,N2C,14,4.5813,104.0,8,52.3,0.3354
721,S2C,14,4.5434,108.0,8,52.74,0.3386
721,E2C,7,12.2605,0.0,0,19.54,0.0655
721,W2C,6,12.4285,0.0,0,19.28,0.057
722,N2C,14,4.3604,112.0,8,54.95,0.3439
722,S2C,14,4.4437,117.0,9,53.92,0.352
722,E2C,7,12.1239,0.0,0,19.76,0.0674
722,W2C,6,12.3889,0.0,0,19.34,0.0576
723,N2C,14,4.0037,121.0,9,59.84,0.361
723,S2C,14,4.5224,126.0,9,52.98,0.3569
723,E2C,7,11.8949,0.0,0,20.14,0.0707
723,W2C,6,12.4716,0.0,0,19.21,0.0564
724,N2C,14,3.8004,130.0,9,63.05,0.3699
724,S2C,14,4.5285,135.0,9,52.91,0.3628
724,E2C,6,12.0751,0.0,0,19.84,0.0621
724,W2C,5,12.5228,0.0,0,19.13,0.0497
725,N2C,15,4.293,139.0,9,55.81,0.3749
725,S2C,15,4.9915,144.0,9,48.0,0.3681
725,E2C,7,12.2006,0.0,0,19.64,0.0663
725,W2C,5,12.0874,0.0,0,19.82,0.056
726,N2C,15,3.9242,149.0,10,61.06,0.3928
726,S2C,15,4.6346,153.0,9,51.7,0.3793
726,E2C,7,11.2382,0.0,0,21.32,0.0802
726,W2C,6,11.6011,0.0,0,20.65,0.069
727,N2C,13,4.3555,103.0,8,55.01,0.332
727,S2C,13,5.1608,104.0,7,46.43,0.315
727,E2C,7,9.7062,0.0,0,24.69,0.1022
727,W2C,6,10.7826,0.0,0,22.22,0.0807
728,N2C,13,4.3533,63.0,6,55.04,0.2933
728,S2C,13,4.9275,61.0,5,48.62,0.2777
728,E2C,7,9.1383,1.0,1,26.22,0.1171
728,W2C,6,10.2208,0.0,0,23.44,0.0888
729,N2C,14,5.0356,34.0,4,47.58,0.2582
729,S2C,14,5.351,32.0,4,44.78,0.2523
729,E2C,8,8.9819,3.0,2,26.68,0.1327
729,W2C,7,9.9417,1.0,1,24.1,0.1055
730,N2C,13,5.367,14.0,3,44.64,0.2281
730,S2C,13,5.3719,12.0,3,44.6,0.2267
730,E2C,8,8.4861,5.0,2,28.23,0.1411
730,W2C,7,9.1517,2.0,1,26.18,0.1176
731,N2C,12,5.6738,2.0,1,42.23,0.1976
731,S2C,12,5.7463,3.0,1,41.7,0.1973
731,E2C,8,7.3282,7.0,2,32.7,0.1591
731,W2C,7,8.8294,3.0,1,27.14,0.1229
732,N2C,12,7.1158,0.0,0,33.67,0.1695
732,S2C,12,6.6155,0.0,0,36.22,0.1767
732,E2C,9,7.7352,9.0,2,30.98,0.1606
732,W2C,8,8.8178,5.0,2,27.17,0.1364
733,N2C,11,7.921,0.0,0,30.25,0.1519
733,S2C,11,7.2196,0.0,0,33.19,0.162
733,E2C,9,7.2194,12.0,3,33.19,0.176
733,W2C,8,8.2959,7.0,2,28.88,0.1452
734,N2C,10,8.6873,0.0,0,27.58,0.1349
734,S2C,11,7.6808,0.0,0,31.19,0.1554
734,E2C,9,7.2088,15.0,3,33.24,0.1782
734,W2C,8,7.6449,9.0,2,31.34,0.1559
735,N2C,9,9.5985,0.0,0,24.96,0.1158
735,S2C,9,8.1102,0.0,0,29.54,0.1372
735,E2C,9,6.8271,18.0,3,35.1,0.1857
735,W2C,8,7.7967,11.0,2,30.73,0.1551
736,N2C,9,10.6237,0.0,0,22.55,0.101
736,S2C,9,9.5353,0.0,0,25.13,0.1167
736,E2C,10,7.0415,22.0,4,34.03,0.1973
736,W2C,9,8.425,14.0,3,28.44,0.16
737,N2C,8,10.9423,0.0,0,21.9,0.0904
737,S2C,8,10.2371,0.0,0,23.41,0.1006
737,E2C,10,6.6585,26.0,4,35.98,0.2055
737,W2C,9,7.7887,17.0,3,30.76,0.1712
738,N2C,7,11.7966,0.0,0,20.31,0.0721
738,S2C,7,11.0582,0.0,0,21.67,0.0828
738,E2C,10,5.8577,30.0,4,40.9,0.2197
738,W2C,9,7.6289,20.0,3,31.41,0.1755
739,N2C,7,12.6252,0.0,0,18.98,0.0602
739,S2C,7,11.8751,0.0,0,20.18,0.071
739,E2C,11,6.6981,35.0,5,35.77,0.2229
739,W2C,10,8.054,23.0,3,29.75,0.1774
740,N2C,6,12.8117,0.0,0,18.7,0.0515
740,S2C,6,12.3707,0.0,0,19.37,0.0579
740,E2C,11,6.2692,40.0,5,38.22,0.2324
740,W2C,10,7.0823,26.0,3,33.83,0.1934
741,N2C,5,13.3184,0.0,0,17.99,0.0382
741,S2C,5,12.4881,0.0,0,19.19,0.0502
741,E2C,11,5.5042,46.0,6,43.53,0.2534
741,W2C,10,6.8001,30.0,4,35.23,0.2061
742,N2C,5,13.131,0.0,0,18.25,0.0409
742,S2C,5,12.4218,0.0,0,19.29,0.0511
742,E2C,11,5.0984,52.0,6,46.99,0.2633
742,W2C,10,6.0635,35.0,5,39.52,0.226
743,N2C,5,13.2985,0.0,0,18.02,0.0385
743,S2C,5,12.7353,0.0,0,18.81,0.0466
743,E2C,12,5.5125,58.0,6,43.46,0.2673
743,W2C,11,6.2314,40.0,5,38.45,0.2329
744,N2C,5,12.9751,0.0,0,18.47,0.0432
744,S2C,5,12.812,0.0,0,18.7,0.0455
744,E2C,12,5.4282,64.0,6,44.14,0.2725
744,W2C,11,5.826,45.0,5,41.13,0.2421
745,N2C,5,13.1616,0.0,0,18.2,0.0405
745,S2C,5,12.5689,0.0,0,19.06,0.049
745,E2C,12,5.4987,71.0,7,43.57,0.2822
745,W2C,11,5.6798,50.0,5,42.18,0.2476
746,N2C,5,12.7435,0.0,0,18.8,0.0465
746,S2C,5,12.7334,0.0,0,18.82,0.0467
746,E2C,12,5.3375,78.0,7,44.89,0.2891
746,W2C,11,5.5397,56.0,6,43.25,0.2596
747,N2C,6,12.4721,0.0,0,19.21,0.0564
747,S2C,5,12.607,0.0,0,19.01,0.0485
747,E2C,13,5.4329,85.0,7,44.1,0.2984
747,W2C,12,6.1716,62.0,6,38.82,0.2605
748,N2C,5,12.423,0.0,0,19.29,0.0511
748,S2C,5,12.6252,0.0,0,18.98,0.0482
748,E2C,13,4.8512,92.0,7,49.39,0.3115
748,W2C,12,5.7095,68.0,6,41.97,0.2711
749,N2C,5,12.4125,0.0,0,19.3,0.0513
749,S2C,5,12.6684,0.0,0,18.91,0.0476
749,E2C,13,4.4061,99.0,7,54.38,0.3226
749,W2C,12,4.9126,74.0,6,48.77,0.2866
750,N2C,5,12.7691,0.0,0,18.76,0.0461
750,S2C,6,12.9271,0.0,0,18.53,0.0499
750,E2C,14,4.7667,106.0,7,50.26,0.328
750,W2C,13,4.8374,80.0,6,49.53,0.2977
751,N2C,5,12.4332,0.0,0,19.27,0.051
751,S2C,6,12.594,0.0,0,19.02,0.0547
751,E2C,14,4.6639,115.0,9,51.37,0.3475
751,W2C,13,4.4799,87.0,7,53.48,0.3135
752,N2C,5,12.8781,0.0,0,18.61,0.0446
752,S2C,6,12.9654,0.0,0,18.48,0.0493
752,E2C,14,4.2615,124.0,9,56.22,0.3593
752,W2C,13,4.1897,94.0,7,57.19,0.3223
753,N2C,5,12.6021,0.0,0,19.01,0.0485
753,S2C,5,13.126,0.0,0,18.25,0.041
753,E2C,14,3.9209,133.0,9,61.11,0.3702
753,W2C,13,3.8203,102.0,8,62.72,0.339
754,N2C,4,12.1489,0.0,0,19.72,0.0491
754,S2C,4,12.589,0.0,0,19.03,0.0427
754,E2C,15,4.1169,142.0,9,58.2,0.3794
754,W2C,14,4.4635,110.0,8,53.68,0.3411
755,N2C,5,12.551,0.0,0,19.09,0.0493
755,S2C,5,13.0666,0.0,0,18.34,0.0419
755,E2C,15,3.7943,151.0,9,63.15,0.39
755,W2C,14,4.0922,119.0,9,58.55,0.3584
756,N2C,5,12.9109,0.0,0,18.56,0.0441
756,S2C,5,12.7062,0.0,0,18.86,0.047
756,E2C,15,3.548,161.0,10,67.53,0.4062
756,W2C,14,3.7602,128.0,9,63.72,0.3692
757,N2C,6,12.3781,0.0,0,19.36,0.0578
757,S2C,6,13.1136,0.0,0,18.27,0.0472
757,E2C,16,3.9605,171.0,10,60.5,0.413
757,W2C,15,4.2821,137.0,9,55.95,0.3737
758,N2C,6,11.6749,0.0,0,20.52,0.0679
758,S2C,6,13.0416,0.0,0,18.37,0.0482
758,E2C,16,3.5129,182.0,11,68.21,0.4328
758,W2C,15,4.0542,146.0,9,59.1,0.383
759,N2C,6,10.9672,0.0,0,21.85,0.0781
759,S2C,6,11.8733,0.0,0,20.18,0.065
759,E2C,16,3.4244,193.0,11,69.97,0.4414
759,W2C,15,4.0552,156.0,10,59.08,0.3956
760,N2C,6,10.5059,1.0,1,22.81,0.0914
760,S2C,6,10.8675,0.0,0,22.05,0.0795
760,E2C,14,3.6362,139.0,9,65.89,0.3783
760,W2C,13,4.5163,105.0,8,53.05,0.331
761,N2C,6,9.7404,2.0,1,24.6,0.1031
761,S2C,7,10.4538,0.0,0,22.92,0.0915
761,E2C,15,4.033,93.0,7,59.41,0.3359
761,W2C,14,4.9579,66.0,6,48.33,0.2926
762,N2C,7,9.4922,3.0,1,25.24,0.1133
762,S2C,7,9.891,0.0,0,24.22,0.0996
762,E2C,15,4.1603,55.0,6,57.59,0.3028
762,W2C,14,4.8608,34.0,4,49.29,0.2607
763,N2C,7,9.2295,4.0,1,25.96,0.1178
763,S2C,7,9.219,1.0,1,25.99,0.1159
763,E2C,14,4.2528,29.0,4,56.34,0.2661
763,W2C,12,5.019,14.0,2,47.74,0.2211
764,N2C,7,9.1467,6.0,2,26.2,0.1263
764,S2C,7,9.1047,3.0,2,26.32,0.1249
764,E2C,13,4.6432,10.0,2,51.6,0.2298
764,W2C,12,5.4414,0.0,0,44.03,0.1936
765,N2C,8,9.5754,8.0,2,25.02,0.1275
765,S2C,8,8.9088,5.0,2,26.89,0.1351
765,E2C,13,5.7165,1.0,1,41.91,0.2024
765,W2C,13,6.6388,0.0,0,36.09,0.1824
766,N2C,8,9.4685,10.0,2,25.3,0.1303
766,S2C,8,8.2955,7.0,2,28.88,0.1452
766,E2C,12,5.9509,0.0,0,40.26,0.1863
766,W2C,11,7.8115,0.0,0,30.67,0.1535
767,N2C,8,8.9497,12.0,2,26.77,0.1391
767,S2C,8,7.5796,9.0,2,31.61,0.1569
767,E2C,11,6.6953,0.0,0,35.79,0.1696
767,W2C,11,8.6717,0.0,0,27.63,0.1411
768,N2C,9,8.8023,14.0,2,27.22,0.1486
768,S2C,9,7.6567,12.0,3,31.29,0.1698
768,E2C,11,7.5443,0.0,0,31.76,0.1574
768,W2C,10,9.899,0.0,0,24.2,0.1175
769,N2C,9,7.9927,16.0,2,29.98,0.1616
769,S2C,9,7.1405,15.0,3,33.56,0.1792
769,E2C,10,7.9298,0.0,0,30.22,0.1458
769,W2C,10,10.032,0.0,0,23.88,0.1156
770,N2C,9,7.218,18.0,2,33.19,0.1741
770,S2C,9,7.0253,18.0,3,34.11,0.1828
770,E2C,9,8.6522,0.0,0,27.69,0.1294
770,W2C,8,10.7126,0.0,0,22.37,0.0938
771,N2C,9,7.0796,21.0,3,33.84,0.1841
771,S2C,9,6.7142,22.0,4,35.69,0.196
771,E2C,8,9.1531,0.0,0,26.18,0.1162
771,W2C,7,11.0414,0.0,0,21.7,0.083
772,N2C,10,7.1684,25.0,4,33.42,0.1975
772,S2C,10,6.9781,26.0,4,34.34,0.2009
772,E2C,8,10.3885,0.0,0,23.06,0.0984
772,W2C,7,11.6887,0.0,0,20.5,0.0737
773,N2C,10,6.4031,29.0,4,37.42,0.2111
773,S2C,10,6.4271,30.0,4,37.28,0.2115
773,E2C,7,10.857,0.0,0,22.07,0.0857
773,W2C,6,11.8752,0.0,0,20.18,0.065
774,N2C,10,5.7881,33.0,4,41.4,0.2227
774,S2C,10,5.6095,35.0,5,42.71,0.2326
774,E2C,6,10.8047,0.0,0,22.18,0.0804
774,W2C,5,12.0222,0.0,0,19.93,0.0569
775,N2C,11,5.8926,37.0,4,40.66,0.2298
775,S2C,11,6.1364,40.0,5,39.05,0.2343
775,E2C,7,11.754,0.0,0,20.38,0.0728
775,W2C,5,12.7168,0.0,0,18.84,0.0469
776,N2C,11,5.7756,42.0,5,41.48,0.2408
776,S2C,11,5.7605,45.0,5,41.59,0.2431
776,E2C,6,11.6715,0.0,0,20.53,0.0679
776,W2C,5,12.2792,0.0,0,19.51,0.0532
777,N2C,11,5.8505,47.0,5,40.95,0.2431
777,S2C,11,5.1952,51.0,6,46.12,0.2612
777,E2C,6,11.955,0.0,0,20.04,0.0639
777,W2C,5,12.3497,0.0,0,19.4,0.0522
778,N2C,11,5.6436,53.0,6,42.46,0.2561
778,S2C,11,5.08,57.0,6,47.17,0.2669
778,E2C,6,11.6961,0.0,0,20.49,0.0676
778,W2C,5,12.1536,0.0,0,19.71,0.055
779,N2C,12,6.0037,59.0,6,39.91,0.2609
779,S2C,12,5.4012,63.0,6,44.36,0.2722
779,E2C,7,12.0567,0.0,0,19.87,0.0684
779,W2C,6,11.8481,0.0,0,20.22,0.0654
780,N2C,12,5.4726,65.0,6,43.78,0.2725
780,S2C,12,5.2553,69.0,6,45.59,0.2783
780,E2C,7,11.9614,0.0,0,20.03,0.0698
780,W2C,6,11.8407,0.0,0,20.24,0.0655
781,N2C,12,5.266,71.0,6,45.5,0.2795
781,S2C,12,5.1705,76.0,7,46.34,0.2902
781,E2C,6,12.4638,0.0,0,19.22,0.0565
781,W2C,5,11.7051,0.0,0,20.47,0.0615
782,N2C,12,4.946,77.0,6,48.44,0.2881
782,S2C,12,5.1845,83.0,7,46.22,0.2947
782,E2C,6,12.337,0.0,0,19.42,0.0584
782,W2C,5,11.9237,0.0,0,20.09,0.0583
783,N2C,13,5.203,83.0,6,46.05,0.2944
783,S2C,13,5.8141,90.0,7,41.21,0.2963
783,E2C,6,12.0991,0.0,0,19.8,0.0618
783,W2C,6,12.1397,0.0,0,19.74,0.0612
784,N2C,13,4.4396,90.0,7,53.97,0.3161
784,S2C,13,5.4603,97.0,7,43.88,0.306
784,E2C,6,12.0539,0.0,0,19.88,0.0624
784,W2C,5,11.9298,0.0,0,20.08,0.0582
785,N2C,13,4.3348,98.0,8,55.27,0.3289
785,S2C,13,4.8279,104.0,7,49.63,0.3198
785,E2C,5,12.8079,0.0,0,18.71,0.0456
785,W2C,5,11.8757,0.0,0,20.18,0.059
786,N2C,14,4.4745,106.0,8,53.55,0.3382
786,S2C,14,5.1225,111.0,7,46.77,0.3262
786,E2C,6,12.6228,0.0,0,18.98,0.0542
786,W2C,6,12.2066,0.0,0,19.63,0.0602
787,N2C,14,4.1711,115.0,9,57.44,0.3546
787,S2C,14,4.5783,119.0,8,52.33,0.3454
787,E2C,5,12.519,0.0,0,19.14,0.0497
787,W2C,5,12.1437,0.0,0,19.73,0.0551
788,N2C,14,3.8584,124.0,9,62.1,0.3651
788,S2C,14,4.2362,128.0,9,56.56,0.3623
788,E2C,5,12.7119,0.0,0,18.85,0.047
788,W2C,5,11.9696,0.0,0,20.02,0.0577
789,N2C,14,3.7244,133.0,9,64.33,0.373
789,S2C,14,4.0841,137.0,9,58.67,0.3705
789,E2C,5,12.5255,0.0,0,19.13,0.0496
789,W2C,5,11.8028,0.0,0,20.3,0.0601
790,N2C,15,4.2156,142.0,9,56.84,0.378
790,S2C,15,4.2733,146.0,9,56.07,0.3798
790,E2C,5,12.4362,0.0,0,19.27,0.0509
790,W2C,6,12.2996,0.0,0,19.48,0.0589
791,N2C,15,4.0202,152.0,10,59.6,0.3934
791,S2C,15,3.8481,156.0,10,62.26,0.3986
791,E2C,6,12.639,0.0,0,18.96,0.054
791,W2C,6,12.2554,0.0,0,19.55,0.0595
792,N2C,15,3.7309,162.0,10,64.22,0.4043
792,S2C,15,3.6752,166.0,10,65.19,0.4077
792,E2C,6,12.2196,0.0,0,19.61,0.0601
792,W2C,6,11.62,0.0,0,20.62,0.0687
793,N2C,14,4.4117,108.0,8,54.31,0.3405
793,S2C,14,4.6185,115.0,8,51.88,0.3422
793,E2C,7,11.5993,0.0,0,20.66,0.075
793,W2C,7,11.5661,0.0,0,20.72,0.0755
794,N2C,14,4.086,70.0,7,58.64,0.3138
794,S2C,14,4.4778,73.0,7,53.51,0.3102
794,E2C,7,10.2198,0.0,0,23.44,0.0948
794,W2C,7,10.6538,0.0,0,22.49,0.0886
795,N2C,14,4.5176,39.0,5,53.04,0.275
795,S2C,14,4.6283,39.0,5,51.77,0.2734
795,E2C,7,9.5493,0.0,0,25.09,0.1045
795,W2C,7,9.8083,0.0,0,24.43,0.1008
796,N2C,13,4.9018,19.0,3,48.88,0.2381
796,S2C,12,4.8552,18.0,3,49.35,0.2321
796,E2C,7,8.9036,0.0,0,26.91,0.1138
796,W2C,7,9.276,0.0,0,25.83,0.1084
797,N2C,13,5.9792,4.0,1,40.07,0.2006
797,S2C,13,5.8548,5.0,2,40.92,0.209
797,E2C,8,8.6733,2.0,2,27.62,0.1364
797,W2C,7,8.9837,1.0,1,26.67,0.1193
798,N2C,13,6.6475,0.0,0,36.04,0.1823
798,S2C,13,6.2583,0.0,0,38.29,0.1879
798,E2C,8,8.2093,4.0,2,29.19,0.1445
798,W2C,8,9.389,2.0,1,25.52,0.1201
799,N2C,11,7.2496,0.0,0,33.05,0.1616
799,S2C,11,6.7259,0.0,0,35.62,0.1692
799,E2C,8,8.0811,6.0,2,29.65,0.1476
799,W2C,8,9.3321,4.0,2,25.67,0.1283
800,N2C,11,7.8564,0.0,0,30.5,0.1529
800,S2C,11,7.1788,0.0,0,33.38,0.1626
800,E2C,8,7.8985,8.0,2,30.33,0.1516
800,W2C,8,8.7105,6.0,2,27.51,0.1386
801,N2C,10,8.7692,0.0,0,27.32,0.1337
801,S2C,10,8.457,0.0,0,28.33,0.1382
801,E2C,9,8.1623,11.0,3,29.35,0.1618
801,W2C,9,8.8829,8.0,2,26.97,0.1434
802,N2C,10,9.3205,0.0,0,25.71,0.1258
802,S2C,10,8.931,0.0,0,26.83,0.1314
802,E2C,9,7.9215,14.0,3,30.25,0.1673
802,W2C,9,8.0554,10.0,2,29.74,0.1567
803,N2C,8,10.1784,0.0,0,23.54,0.1014
803,S2C,8,9.8608,0.0,0,24.3,0.106
803,E2C,9,6.8447,17.0,3,35.01,0.1848
803,W2C,9,7.3305,13.0,3,32.69,0.1751
804,N2C,8,11.3221,0.0,0,21.16,0.085
804,S2C,8,11.3702,0.0,0,21.07,0.0843
804,E2C,10,6.7665,20.0,3,35.41,0.1939
804,W2C,10,7.2084,16.0,3,33.24,0.1849
805,N2C,7,11.7771,0.0,0,20.34,0.0724
805,S2C,7,11.7879,0.0,0,20.33,0.0723
805,E2C,10,6.6799,23.0,3,35.87,0.1972
805,W2C,10,6.6405,19.0,3,36.08,0.1951
806,N2C,6,12.5824,0.0,0,19.04,0.0548
806,S2C,6,12.6461,0.0,0,18.95,0.0539
806,E2C,10,6.4736,28.0,5,37.01,0.2155
806,W2C,10,6.2138,23.0,4,38.56,0.2099
807,N2C,6,12.4219,0.0,0,19.29,0.0571
807,S2C,5,13.0625,0.0,0,18.34,0.0419
807,E2C,10,6.4149,33.0,5,37.35,0.2196
807,W2C,10,5.6473,28.0,5,42.43,0.2274
808,N2C,5,12.7053,0.0,0,18.86,0.0471
808,S2C,6,12.6568,0.0,0,18.93,0.0538
808,E2C,11,6.4112,38.0,5,37.37,0.229
808,W2C,11,6.0189,33.0,5,39.81,0.2313
809,N2C,5,12.3371,0.0,0,19.42,0.0524
809,S2C,6,12.3978,0.0,0,19.33,0.0575
809,E2C,11,5.4225,43.0,5,44.19,0.2466
809,W2C,11,5.9898,38.0,5,40.0,0.2351
810,N2C,5,12.4725,0.0,0,19.21,0.0504
810,S2C,5,12.4297,0.0,0,19.28,0.051
810,E2C,11,4.9326,48.0,5,48.58,0.257
810,W2C,11,5.7085,44.0,6,41.97,0.2491
811,N2C,5,12.6429,0.0,0,18.95,0.048
811,S2C,6,12.7106,0.0,0,18.85,0.053
811,E2C,12,5.3415,53.0,5,44.86,0.2604
811,W2C,12,5.9157,50.0,6,40.5,0.2562
812,N2C,5,12.5451,0.0,0,19.1,0.0494
812,S2C,5,12.4924,0.0,0,19.18,0.0501
812,E2C,12,5.1027,60.0,7,46.96,0.2805
812,W2C,12,5.739,56.0,6,41.75,0.2627
813,N2C,5,12.3927,0.0,0,19.33,0.0516
813,S2C,5,12.8018,0.0,0,18.72,0.0457
813,E2C,12,5.3278,67.0,7,44.97,0.282
813,W2C,12,5.2546,62.0,6,45.6,0.2737
814,N2C,5,12.6084,0.0,0,19.0,0.0485
814,S2C,5,12.6968,0.0,0,18.87,0.0472
814,E2C,12,4.7769,74.0,7,50.16,0.2946
814,W2C,12,4.8328,68.0,6,49.58,0.2837
815,N2C,5,11.79,0.0,0,20.32,0.0602
815,S2C,5,12.6163,0.0,0,18.99,0.0483
815,E2C,13,5.4365,81.0,7,44.07,0.2957
815,W2C,13,5.3009,75.0,7,45.2,0.2937
816,N2C,5,11.9585,0.0,0,20.04,0.0578
816,S2C,5,12.4901,0.0,0,19.18,0.0502
816,E2C,13,4.8893,88.0,7,49.01,0.3083
816,W2C,13,5.0591,82.0,7,47.36,0.3018
817,N2C,5,12.0962,0.0,0,19.81,0.0558
817,S2C,5,12.3572,0.0,0,19.39,0.0521
817,E2C,13,4.5161,95.0,7,53.05,0.3183
817,W2C,13,4.6923,90.0,8,51.06,0.3184
818,N2C,5,11.6405,0.0,0,20.58,0.0624
818,S2C,5,12.2649,0.0,0,19.54,0.0534
818,E2C,13,4.0375,103.0,8,59.34,0.3365
818,W2C,13,4.3138,98.0,8,55.54,0.3292
819,N2C,6,12.107,0.0,0,19.79,0.0617
819,S2C,5,12.2381,0.0,0,19.58,0.0538
819,E2C,14,4.4781,111.0,8,53.5,0.3415
819,W2C,14,4.3234,106.0,8,55.42,0.3404
820,N2C,6,12.0061,0.0,0,19.96,0.0631
820,S2C,5,12.0496,0.0,0,19.88,0.0565
820,E2C,14,4.1302,120.0,9,58.01,0.3585
820,W2C,14,3.9769,114.0,8,60.25,0.3507
821,N2C,6,11.8894,0.0,0,20.15,0.0648
821,S2C,5,12.5844,0.0,0,19.04,0.0488
821,E2C,14,3.8014,129.0,9,63.03,0.3693
821,W2C,14,3.6922,123.0,9,64.89,0.3668
822,N2C,6,12.0101,0.0,0,19.95,0.0631
822,S2C,6,12.8397,0.0,0,18.66,0.0511
822,E2C,15,4.1274,138.0,9,58.05,0.3766
822,W2C,15,4.1424,132.0,9,57.84,0.3724
823,N2C,6,11.7165,0.0,0,20.45,0.0673
823,S2C,5,12.0753,0.0,0,19.84,0.0561
823,E2C,15,4.2173,148.0,10,56.81,0.3879
823,W2C,15,4.2239,142.0,10,56.72,0.3838
824,N2C,6,11.6727,0.0,0,20.53,0.0679
824,S2C,5,12.4874,0.0,0,19.19,0.0502
824,E2C,15,4.1909,158.0,10,57.17,0.395
824,W2C,15,3.9875,152.0,10,60.09,0.3939
825,N2C,6,11.2296,0.0,0,21.34,0.0743
825,S2C,5,12.3888,0.0,0,19.34,0.0516
825,E2C,15,4.1231,168.0,10,58.11,0.4026
825,W2C,15,3.5745,162.0,10,67.03,0.4065
826,N2C,7,10.7091,0.0,0,22.37,0.0878
826,S2C,5,11.9862,0.0,0,19.99,0.0574
826,E2C,14,5.0647,118.0,8,47.31,0.3377
826,W2C,14,4.1645,114.0,8,57.53,0.348
827,N2C,7,9.7382,0.0,0,24.6,0.1018
827,S2C,6,12.6903,0.0,0,18.88,0.0533
827,E2C,14,4.6955,77.0,6,51.03,0.3037
827,W2C,14,3.7686,76.0,7,63.58,0.3224
828,N2C,7,8.4407,1.0,1,28.39,0.1271
828,S2C,6,12.1554,0.0,0,19.71,0.061
828,E2C,14,4.642,43.0,4,51.62,0.2698
828,W2C,14,4.0373,47.0,5,59.35,0.2872
829,N2C,8,7.9537,2.0,1,30.12,0.1408
829,S2C,7,11.0359,0.0,0,21.71,0.0831
829,E2C,13,5.3417,17.0,2,44.85,0.2244
829,W2C,13,5.2591,23.0,3,45.56,0.2356
830,N2C,8,7.6455,3.0,1,31.34,0.1459
830,S2C,7,9.9223,0.0,0,24.15,0.0991
830,E2C,13,5.4774,2.0,2,43.74,0.2125
830,W2C,13,5.4773,9.0,2,43.74,0.2171
831,N2C,8,7.6816,5.0,2,31.19,0.1527
831,S2C,7,9.1119,0.0,0,26.3,0.1108
831,E2C,11,5.8211,0.0,0,41.16,0.1822
831,W2C,13,5.9392,2.0,1,40.34,0.1998
832,N2C,8,7.4733,7.0,2,32.06,0.1571
832,S2C,7,8.997,1.0,1,26.63,0.1191
832,E2C,11,6.4892,0.0,0,36.92,0.1726
832,W2C,11,6.3016,0.0,0,38.02,0.1753
833,N2C,9,8.211,10.0,3,29.18,0.1604
833,S2C,8,8.9227,2.0,1,26.85,0.1269
833,E2C,12,7.8364,0.0,0,30.58,0.1592
833,W2C,12,7.5553,0.0,0,31.71,0.1632
834,N2C,9,8.05,13.0,3,29.76,0.1648
834,S2C,8,8.6533,4.0,2,27.69,0.1381
834,E2C,10,8.1528,0.0,0,29.39,0.1426
834,W2C,10,8.4,0.0,0,28.52,0.139
835,N2C,9,8.1954,16.0,3,29.24,0.1647
835,S2C,8,7.8061,6.0,2,30.69,0.1516
835,E2C,10,9.1233,0.0,0,26.26,0.1286
835,W2C,10,8.8623,0.0,0,27.04,0.1324
836,N2C,9,8.1462,19.0,3,29.41,0.1674
836,S2C,8,7.8232,8.0,2,30.63,0.1527
836,E2C,8,9.6709,0.0,0,24.78,0.1088
836,W2C,8,9.5738,0.0,0,25.03,0.1101
837,N2C,10,7.8884,22.0,3,30.37,0.1791
837,S2C,9,8.0109,11.0,3,29.91,0.164
837,E2C,9,11.0495,0.0,0,21.68,0.0949
837,W2C,9,10.652,0.0,0,22.49,0.1006
838,N2C,10,6.9167,25.0,3,34.64,0.1951
838,S2C,9,7.7139,14.0,3,31.06,0.1703
838,E2C,7,11.5947,0.0,0,20.66,0.075
838,W2C,7,11.2638,0.0,0,21.27,0.0798
839,N2C,10,6.1416,28.0,3,39.01,0.2082
839,S2C,9,6.9235,17.0,3,34.61,0.1836
839,E2C,6,11.7739,0.0,0,20.35,0.0665
839,W2C,7,11.7087,0.0,0,20.46,0.0734
840,N2C,11,6.1841,32.0,4,38.74,0.2223
840,S2C,10,6.8099,21.0,4,35.18,0.1999
840,E2C,6,12.7873,0.0,0,18.74,0.0519
840,W2C,6,12.2288,0.0,0,19.59,0.0599
841,N2C,11,5.5038,37.0,5,43.53,0.2414
841,S2C,10,6.4494,25.0,4,37.15,0.2078
841,E2C,6,12.4627,0.0,0,19.23,0.0566
841,W2C,6,12.3092,0.0,0,19.47,0.0588
842,N2C,11,5.6061,42.0,5,42.74,0.2433
842,S2C,10,6.0348,30.0,5,39.7,0.2231
842,E2C,5,12.7448,0.0,0,18.8,0.0465
842,W2C,6,12.4337,0.0,0,19.27,0.057
843,N2C,11,5.5211,48.0,6,43.4,0.2545
843,S2C,10,6.337,35.0,5,37.81,0.2221
843,E2C,5,12.4497,0.0,0,19.25,0.0507
843,W2C,6,12.5002,0.0,0,19.17,0.056
844,N2C,12,5.8397,54.0,6,41.03,0.2599
844,S2C,11,6.7125,40.0,5,35.69,0.226
844,E2C,5,12.7443,0.0,0,18.8,0.0465
844,W2C,6,13.1086,0.0,0,18.28,0.0473
845,N2C,12,5.4075,60.0,6,44.31,0.2701
845,S2C,11,6.3767,45.0,5,37.57,0.2342
845,E2C,5,12.7702,0.0,0,18.76,0.0461
845,W2C,5,12.596,0.0,0,19.02,0.0486
846,N2C,12,4.6793,66.0,6,51.2,0.2846
846,S2C,11,5.8019,50.0,5,41.3,0.2458
846,E2C,5,12.5716,0.0,0,19.06,0.049
846,W2C,5,12.9283,0.0,0,18.53,0.0438
847,N2C,13,4.9951,73.0,7,47.97,0.2967
847,S2C,12,5.9937,55.0,5,39.98,0.2524
847,E2C,6,12.4095,0.0,0,19.31,0.0573
847,W2C,5,12.7152,0.0,0,18.84,0.0469
848,N2C,13,4.8113,80.0,7,49.8,0.3041
848,S2C,12,5.7175,61.0,6,41.91,0.2663
848,E2C,6,12.1502,0.0,0,19.72,0.0611
848,W2C,5,12.7045,0.0,0,18.86,0.0471
849,N2C,13,4.602,88.0,8,52.06,0.3184
849,S2C,12,5.2032,67.0,6,46.05,0.2777
849,E2C,6,12.4391,0.0,0,19.26,0.0569
849,W2C,5,12.2051,0.0,0,19.63,0.0543
850,N2C,13,4.125,96.0,8,58.08,0.3306
850,S2C,12,4.7667,74.0,7,50.27,0.2947
850,E2C,5,12.5161,0.0,0,19.14,0.0498
850,W2C,5,12.5476,0.0,0,19.1,0.0493
851,N2C,14,4.6836,104.0,8,51.16,0.3339
851,S2C,13,5.1781,81.0,7,46.27,0.2994
851,E2C,5,12.2997,0.0,0,19.48,0.0529
851,W2C,6,12.9808,0.0,0,18.46,0.0491
852,N2C,14,4.5683,113.0,9,52.45,0.3476
852,S2C,13,5.0379,88.0,7,47.56,0.3061
852,E2C,5,12.531,0.0,0,19.12,0.0496
852,W2C,6,12.8087,0.0,0,18.71,0.0516
853,N2C,14,4.3484,122.0,9,55.1,0.3567
853,S2C,13,4.4895,95.0,7,53.37,0.3187
853,E2C,5,12.4996,0.0,0,19.17,0.05
853,W2C,5,12.9795,0.0,0,18.46,0.0431
854,N2C,14,3.9308,131.0,9,60.95,0.3687
854,S2C,13,4.3397,103.0,8,55.21,0.3322
854,E2C,5,12.4078,0.0,0,19.31,0.0513
854,W2C,5,12.474,0.0,0,19.21,0.0504
855,N2C,15,4.1485,140.0,9,57.76,0.3776
855,S2C,14,4.7384,111.0,8,50.57,0.3378
855,E2C,5,12.4882,0.0,0,19.19,0.0502
855,W2C,5,12.9039,0.0,0,18.57,0.0442
856,N2C,15,3.8918,149.0,9,61.56,0.3873
856,S2C,14,4.6134,119.0,8,51.94,0.3449
856,E2C,6,12.6493,0.0,0,18.94,0.0539
856,W2C,5,12.7712,0.0,0,18.76,0.0461
857,N2C,15,3.6603,158.0,9,65.46,0.3966
857,S2C,14,4.1741,128.0,9,57.4,0.3632
857,E2C,6,11.4463,0.0,0,20.93,0.0712
857,W2C,5,12.5271,0.0,0,19.13,0.0496
858,N2C,16,3.9889,168.0,10,60.07,0.4106
858,S2C,15,4.9288,137.0,9,48.61,0.3644
858,E2C,7,10.453,0.0,0,22.92,0.0915
858,W2C,6,12.6769,0.0,0,18.9,0.0535
859,N2C,14,4.0601,117.0,8,59.01,0.3515
859,S2C,13,4.8988,92.0,7,48.91,0.3108
859,E2C,7,9.4331,0.0,0,25.4,0.1062
859,W2C,6,12.3194,0.0,0,19.45,0.0586
860,N2C,14,4.0976,77.0,7,58.47,0.3183
860,S2C,13,4.7023,56.0,5,50.95,0.2776
860,E2C,7,9.0007,1.0,1,26.62,0.1191
860,W2C,6,11.6382,0.0,0,20.59,0.0684
861,N2C,14,4.1719,44.0,5,57.43,0.2833
861,S2C,13,4.7391,25.0,3,50.56,0.2444
861,E2C,7,8.2178,3.0,2,29.16,0.1377
861,W2C,6,10.9532,0.0,0,21.87,0.0783
862,N2C,13,5.3743,19.0,3,44.58,0.2313
862,S2C,12,5.7584,7.0,2,41.61,0.2058
862,E2C,7,7.7753,5.0,2,30.82,0.1454
862,W2C,7,10.4206,0.0,0,22.99,0.092
863,N2C,13,5.7848,4.0,1,41.42,0.2034
863,S2C,12,5.949,0.0,0,40.28,0.1863
863,E2C,8,8.1183,7.0,2,29.51,0.1478
863,W2C,7,9.4111,1.0,1,25.46,0.1132
864,N2C,12,6.3518,0.0,0,37.72,0.1805
864,S2C,11,6.5731,0.0,0,36.45,0.1714
864,E2C,8,7.7929,9.0,2,30.75,0.1538
864,W2C,7,9.224,2.0,1,25.98,0.1165
865,N2C,12,7.1794,0.0,0,33.37,0.1686
865,S2C,11,7.7377,0.0,0,30.97,0.1546
865,E2C,9,8.2734,12.0,3,28.96,0.1609
865,W2C,8,9.468,4.0,2,25.31,0.1263
866,N2C,11,7.4814,0.0,0,32.03,0.1583
866,S2C,10,8.435,0.0,0,28.41,0.1385
866,E2C,9,7.9916,15.0,3,29.98,0.1669
866,W2C,8,8.7147,6.0,2,27.49,0.1385
867,N2C,10,8.2832,0.0,0,28.93,0.1407
867,S2C,9,9.1668,0.0,0,26.14,0.122
867,E2C,9,7.62,18.0,3,31.44,0.1743
867,W2C,8,8.2988,8.0,2,28.87,0.1458
868,N2C,9,8.9488,0.0,0,26.77,0.1251
868,S2C,8,9.7638,0.0,0,24.54,0.1074
868,E2C,9,6.9355,21.0,3,34.55,0.1861
868,W2C,8,7.4675,10.0,2,32.09,0.1591
869,N2C,9,10.4878,0.0,0,22.85,0.103
869,S2C,8,11.1843,0.0,0,21.42,0.087
869,E2C,10,6.9444,24.0,3,34.5,0.194
869,W2C,9,8.0385,13.0,3,29.81,0.1649
870,N2C,8,11.1008,0.0,0,21.58,0.0882
870,S2C,8,11.3814,0.0,0,21.05,0.0841
870,E2C,10,6.4749,27.0,3,37.0,0.2028
870,W2C,9,7.4723,16.0,3,32.07,0.1751
871,N2C,7,11.984,0.0,0,19.99,0.0694
871,S2C,6,12.3625,0.0,0,19.38,0.058
871,E2C,10,6.2787,31.0,4,38.16,0.2143
871,W2C,9,6.8642,19.0,3,34.91,0.1858
872,N2C,6,12.2239,0.0,0,19.6,0.06
872,S2C,6,12.9442,0.0,0,18.51,0.0496
872,E2C,10,6.3413,35.0,4,37.78,0.216
872,W2C,9,6.6462,22.0,3,36.05,0.191
873,N2C,6,12.8273,0.0,0,18.68,0.0513
873,S2C,5,13.423,0.0,0,17.85,0.0367
873,E2C,11,6.9642,40.0,5,34.4,0.2224
873,W2C,10,6.773,25.0,3,35.38,0.1971
874,N2C,6,12.5934,0.0,0,19.03,0.0547
874,S2C,5,13.0504,0.0,0,18.36,0.0421
874,E2C,11,6.4397,45.0,5,37.21,0.2333
874,W2C,10,6.3524,29.0,4,37.72,0.2119
875,N2C,6,12.7534,0.0,0,18.79,0.0524
875,S2C,5,13.4025,0.0,0,17.88,0.037
875,E2C,11,5.6039,50.0,5,42.76,0.2486
875,W2C,10,6.1842,34.0,5,38.74,0.2236
876,N2C,6,12.5414,0.0,0,19.1,0.0554
876,S2C,5,13.3261,0.0,0,17.98,0.0381
876,E2C,12,5.6895,55.0,5,42.11,0.2567
876,W2C,11,6.6727,39.0,5,35.91,0.2259
877,N2C,6,12.666,0.0,0,18.92,0.0536
877,S2C,5,12.7458,0.0,0,18.8,0.0465
877,E2C,12,5.3787,60.0,5,44.55,0.2646
877,W2C,11,6.1257,44.0,5,39.11,0.2371
878,N2C,5,13.1834,0.0,0,18.17,0.0402
878,S2C,5,13.6707,0.0,0,17.53,0.0332
878,E2C,12,5.2841,67.0,7,45.34,0.2826
878,W2C,11,5.6191,49.0,5,42.64,0.2478
879,N2C,5,13.1682,0.0,0,18.2,0.0404
879,S2C,5,13.3477,0.0,0,17.95,0.0378
879,E2C,12,4.8807,74.0,7,49.09,0.2931
879,W2C,11,5.042,54.0,5,47.52,0.2594
880,N2C,5,12.7785,0.0,0,18.75,0.046
880,S2C,5,13.1835,0.0,0,18.17,0.0402
880,E2C,13,5.3633,81.0,7,44.67,0.2968
880,W2C,12,5.4042,59.0,5,44.34,0.2635
881,N2C,5,13.1051,0.0,0,18.28,0.0413
881,S2C,5,13.4177,0.0,0,17.86,0.0368
881,E2C,13,5.0326,88.0,7,47.61,0.3062
881,W2C,12,4.7888,65.0,6,50.03,0.2824
882,N2C,5,12.6776,0.0,0,18.9,0.0475
882,S2C,5,13.4855,0.0,0,17.77,0.0358
882,E2C,13,4.9698,95.0,7,48.21,0.3118
882,W2C,12,4.4357,72.0,7,54.02,0.2981
883,N2C,5,12.9292,0.0,0,18.53,0.0438
883,S2C,5,13.1967,0.0,0,18.16,0.04
883,E2C,14,5.4257,103.0,8,44.16,0.3225
883,W2C,13,4.8093,79.0,7,49.82,0.3034
884,N2C,5,12.4675,0.0,0,19.22,0.0505
884,S2C,5,13.0106,0.0,0,18.42,0.0427
884,E2C,14,4.9361,111.0,8,48.54,0.3349
884,W2C,13,4.597,87.0,8,52.12,0.3178
885,N2C,5,12.7392,0.0,0,18.81,0.0466
885,S2C,5,13.0041,0.0,0,18.42,0.0428
885,E2C,14,4.3368,119.0,8,55.25,0.3489
885,W2C,13,4.3307,95.0,8,55.33,0.327
886,N2C,5,12.7478,0.0,0,18.8,0.0464
886,S2C,5,12.9936,0.0,0,18.44,0.0429
886,E2C,14,4.0671,127.0,8,58.91,0.3581
886,W2C,13,3.973,103.0,8,60.31,0.3375
887,N2C,5,12.7252,0.0,0,18.83,0.0468
887,S2C,5,13.0458,0.0,0,18.37,0.0422
887,E2C,15,4.4737,136.0,9,53.56,0.3702
887,W2C,14,4.5588,111.0,8,52.56,0.3404
888,N2C,5,12.6007,0.0,0,19.01,0.0486
888,S2C,5,13.1628,0.0,0,18.2,0.0405
888,E2C,15,4.1035,146.0,10,58.39,0.3882
888,W2C,14,4.4539,119.0,8,53.8,0.3472
889,N2C,5,12.4437,0.0,0,19.25,0.0508
889,S2C,5,13.091,0.0,0,18.3,0.0415
889,E2C,15,3.9458,156.0,10,60.72,0.3972
889,W2C,14,4.3596,128.0,9,54.96,0.3606
890,N2C,5,12.0651,0.0,0,19.86,0.0563
890,S2C,5,12.381,0.0,0,19.35,0.0517
890,E2C,15,3.6566,166.0,10,65.53,0.408
890,W2C,14,4.3009,137.0,9,55.71,0.3674
891,N2C,5,11.4688,0.0,0,20.89,0.0649
891,S2C,5,11.7291,0.0,0,20.43,0.0611
891,E2C,16,3.8854,177.0,11,61.67,0.4241
891,W2C,15,4.8319,146.0,9,49.59,0.3718
892,N2C,6,11.0892,0.0,0,21.61,0.0763
892,S2C,6,11.7063,0.0,0,20.47,0.0674
892,E2C,14,4.075,123.0,9,58.8,0.3613
892,W2C,13,4.7957,97.0,7,49.96,0.3156
893,N2C,6,10.5587,0.0,0,22.69,0.084
893,S2C,6,10.3384,0.0,0,23.18,0.0871
893,E2C,14,3.9901,82.0,7,60.05,0.3232
893,W2C,13,4.4188,59.0,5,54.22,0.2837
894,N2C,7,10.1236,1.0,1,23.67,0.1029
894,S2C,7,10.2595,0.0,0,23.35,0.0943
894,E2C,15,4.9197,49.0,6,48.7,0.2878
894,W2C,14,4.9311,30.0,3,48.59,0.251
895,N2C,7,9.3679,2.0,1,25.58,0.1144
895,S2C,7,9.9082,1.0,1,24.18,0.106
895,E2C,13,5.3223,24.0,4,45.02,0.2414
895,W2C,12,5.5568,7.0,1,43.12,0.2027
896,N2C,7,8.7024,3.0,1,27.53,0.1247
896,S2C,7,9.1435,2.0,1,26.2,0.1177
896,E2C,13,5.5188,9.0,2,43.42,0.2165
896,W2C,12,5.6633,1.0,1,42.31,0.1971
897,N2C,7,8.9076,5.0,2,26.9,0.1291
897,S2C,7,8.5722,4.0,2,27.95,0.1332
897,E2C,11,6.1468,0.0,0,38.98,0.1775
897,W2C,12,6.0877,0.0,0,39.36,0.1843
898,N2C,8,9.236,7.0,2,25.94,0.1317
898,S2C,8,8.6975,6.0,2,27.55,0.1388
898,E2C,12,6.7768,0.0,0,35.36,0.1744
898,W2C,11,7.4751,0.0,0,32.05,0.1584
899,N2C,8,9.2368,9.0,2,25.94,0.133
899,S2C,8,8.3091,8.0,2,28.84,0.1457
899,E2C,10,7.5076,0.0,0,31.91,0.1519
899,W2C,11,8.0197,0.0,0,29.88,0.1505
900,N2C,8,8.9678,11.0,2,26.72,0.1382
900,S2C,8,8.0443,10.0,2,29.79,0.1508
900,E2C,10,8.0747,0.0,0,29.67,0.1437
900,W2C,9,8.4572,0.0,0,28.33,0.1322
901,N2C,9,8.8876,13.0,2,26.96,0.1467
901,S2C,9,7.9202,13.0,3,30.25,0.1666
901,E2C,10,9.1644,0.0,0,26.14,0.128
901,W2C,10,9.7412,0.0,0,24.6,0.1197
902,N2C,9,8.0212,15.0,2,29.87,0.1605
902,S2C,9,7.7733,16.0,3,30.82,0.1707
902,E2C,9,9.9448,0.0,0,24.09,0.1108
902,W2C,8,10.3844,0.0,0,23.07,0.0985
903,N2C,9,7.2398,18.0,3,33.1,0.1798
903,S2C,9,7.2805,19.0,3,32.91,0.1798
903,E2C,8,10.6821,0.0,0,22.43,0.0942
903,W2C,8,11.3407,0.0,0,21.13,0.0847
904,N2C,9,6.6173,22.0,4,36.21,0.1974
904,S2C,9,6.5234,22.0,3,36.73,0.1927
904,E2C,7,11.6463,0.0,0,20.57,0.0743
904,W2C,6,12.0037,0.0,0,19.96,0.0632
905,N2C,10,6.8741,26.0,4,34.86,0.2024
905,S2C,10,6.8226,25.0,3,35.12,0.1964
905,E2C,7,12.3448,0.0,0,19.41,0.0642
905,W2C,6,11.9393,0.0,0,20.07,0.0641
906,N2C,10,6.3933,30.0,4,37.48,0.2119
906,S2C,10,6.2988,28.0,3,38.04,0.206
906,E2C,6,12.1909,0.0,0,19.65,0.0605
906,W2C,5,11.7739,0.0,0,20.35,0.0605
907,N2C,10,6.4017,35.0,5,37.43,0.2212
907,S2C,10,6.2826,33.0,5,38.14,0.2215
907,E2C,5,12.2567,0.0,0,19.55,0.0535
907,W2C,5,11.6116,0.0,0,20.63,0.0628
908,N2C,10,6.3122,40.0,5,37.96,0.2258
908,S2C,10,6.0537,38.0,5,39.58,0.2282
908,E2C,5,12.1768,0.0,0,19.68,0.0547
908,W2C,5,11.6694,0.0,0,20.53,0.062
909,N2C,11,6.6684,45.0,5,35.93,0.23
909,S2C,11,6.375,43.0,5,37.58,0.2329
909,E2C,5,12.3154,0.0,0,19.46,0.0527
909,W2C,5,12.1025,0.0,0,19.8,0.0557
910,N2C,11,6.1978,50.0,5,38.66,0.2401
910,S2C,11,6.098,48.0,5,39.29,0.2402
910,E2C,5,12.1723,0.0,0,19.68,0.0547
910,W2C,5,11.4769,0.0,0,20.88,0.0647
911,N2C,11,5.7567,55.0,5,41.62,0.2498
911,S2C,11,5.6261,53.0,5,42.59,0.2503
911,E2C,5,12.1917,0.0,0,19.65,0.0545
911,W2C,5,11.4022,0.0,0,21.01,0.0658
912,N2C,12,6.0955,60.0,5,39.31,0.2542
912,S2C,12,5.8777,59.0,6,40.76,0.2627
912,E2C,5,12.3368,0.0,0,19.42,0.0524
912,W2C,6,12.0434,0.0,0,19.89,0.0626
913,N2C,12,5.6993,66.0,6,42.04,0.2699
913,S2C,12,5.4372,65.0,6,44.07,0.273
913,E2C,5,12.0896,0.0,0,19.82,0.0559
913,W2C,6,11.9446,0.0,0,20.06,0.064
914,N2C,12,5.2133,73.0,7,45.96,0.2876
914,S2C,12,4.7965,72.0,7,49.95,0.2929
914,E2C,5,12.1961,0.0,0,19.65,0.0544
914,W2C,6,12.0266,0.0,0,19.92,0.0628
915,N2C,12,4.803,80.0,7,49.89,0.2982
915,S2C,12,4.5858,79.0,7,52.25,0.3006
915,E2C,5,12.0912,0.0,0,19.82,0.0559
915,W2C,6,11.7273,0.0,0,20.43,0.0671
916,N2C,13,5.021,87.0,7,47.72,0.3057
916,S2C,13,4.8782,86.0,7,49.12,0.3071
916,E2C,6,12.4356,0.0,0,19.27,0.0569
916,W2C,7,11.7656,0.0,0,20.36,0.0726
917,N2C,13,4.4403,95.0,8,53.96,0.3254
917,S2C,13,4.6885,94.0,8,51.1,0.3212
917,E2C,6,12.1579,0.0,0,19.71,0.0609
917,W2C,7,12.327,0.0,0,19.44,0.0645
918,N2C,13,4.1889,103.0,8,57.2,0.3344
918,S2C,13,4.2923,102.0,8,55.82,0.3322
918,E2C,6,12.0575,0.0,0,19.87,0.0624
918,W2C,5,12.6902,0.0,0,18.88,0.0473
919,N2C,14,4.6592,111.0,8,51.43,0.3389
919,S2C,14,4.6236,110.0,8,51.82,0.3388
919,E2C,6,12.3488,0.0,0,19.4,0.0582
919,W2C,6,12.7141,0.0,0,18.85,0.0529
920,N2C,14,4.5467,119.0,8,52.7,0.3459
920,S2C,14,4.4835,118.0,8,53.44,0.3461
920,E2C,6,12.5786,0.0,0,19.05,0.0549
920,W2C,5,12.4192,0.0,0,19.29,0.0512
921,N2C,14,4.4462,128.0,9,53.89,0.3593
921,S2C,14,4.2705,127.0,9,56.11,0.3612
921,E2C,6,12.2839,0.0,0,19.51,0.0591
921,W2C,5,12.4774,0.0,0,19.2,0.0503
922,N2C,14,4.0483,137.0,9,59.19,0.371
922,S2C,14,4.3919,136.0,9,54.56,0.3654
922,E2C,6,12.1443,0.0,0,19.73,0.0611
922,W2C,5,12.1453,0.0,0,19.73,0.0551
923,N2C,15,4.373,146.0,9,54.79,0.3784
923,S2C,15,4.5816,145.0,9,52.3,0.3747
923,E2C,7,11.872,0.0,0,20.18,0.0711
923,W2C,6,12.2702,0.0,0,19.53,0.0593
924,N2C,15,4.1256,155.0,9,58.08,0.3879
924,S2C,15,4.0207,154.0,9,59.59,0.3888
924,E2C,7,11.4395,0.0,0,20.95,0.0773
924,W2C,6,12.1764,0.0,0,19.68,0.0607
925,N2C,13,4.3338,104.0,8,55.29,0.3329
925,S2C,13,4.2647,103.0,7,56.18,0.3273
925,E2C,7,10.6904,0.0,0,22.41,0.0881
925,W2C,6,12.267,0.0,0,19.53,0.0594
926,N2C,13,4.3119,65.0,6,55.57,0.2952
926,S2C,13,4.2081,65.0,6,56.94,0.2967
926,E2C,7,9.4329,0.0,0,25.4,0.1062
926,W2C,6,12.1719,0.0,0,19.68,0.0607
927,N2C,14,4.9304,36.0,5,48.6,0.267
927,S2C,14,5.1139,35.0,5,46.85,0.2637
927,E2C,8,8.813,2.0,2,27.19,0.1344
927,W2C,6,11.3571,0.0,0,21.1,0.0725
928,N2C,13,5.2505,14.0,3,45.63,0.2297
928,S2C,13,5.7352,13.0,3,41.78,0.2221
928,E2C,8,8.5469,4.0,2,28.03,0.1396
928,W2C,7,10.9075,0.0,0,21.97,0.0849
929,N2C,12,5.6189,3.0,1,42.64,0.1991
929,S2C,12,5.9092,3.0,1,40.55,0.1949
929,E2C,8,7.6905,6.0,2,31.16,0.1533
929,W2C,7,8.9892,0.0,0,26.65,0.1126
930,N2C,12,6.6968,0.0,0,35.78,0.1756
930,S2C,12,7.2235,0.0,0,33.17,0.168
930,E2C,9,7.7783,8.0,2,30.8,0.1593
930,W2C,8,8.2504,0.0,0,29.04,0.1292
931,N2C,11,7.3224,0.0,0,32.72,0.1606
931,S2C,11,7.4216,0.0,0,32.28,0.1591
931,E2C,9,7.1933,11.0,3,33.31,0.1758
931,W2C,8,7.8755,0.0,0,30.42,0.1346
932,N2C,11,7.7181,0.0,0,31.04,0.1549
932,S2C,11,7.8992,0.0,0,30.33,0.1523
932,E2C,9,7.1773,14.0,3,33.38,0.178
932,W2C,8,7.5586,2.0,2,31.7,0.1525
933,N2C,9,8.0775,0.0,0,29.66,0.1377
933,S2C,9,8.4814,0.0,0,28.25,0.1319
933,E2C,9,6.5987,18.0,4,36.31,0.195
933,W2C,8,6.8146,5.0,3,35.16,0.1712
934,N2C,10,9.2831,0.0,0,25.81,0.1263
934,S2C,10,9.4077,0.0,0,25.47,0.1245
934,E2C,10,7.0163,22.0,4,34.15,0.1976
934,W2C,9,7.1436,8.0,3,33.54,0.1745
935,N2C,8,10.0125,0.0,0,23.93,0.1038
935,S2C,8,9.811,0.0,0,24.42,0.1067
935,E2C,10,6.5089,26.0,4,36.81,0.2076
935,W2C,9,6.7149,11.0,3,35.68,0.1826
936,N2C,8,10.5852,0.0,0,22.64,0.0956
936,S2C,8,10.789,0.0,0,22.21,0.0927
936,E2C,10,6.2528,31.0,5,38.32,0.2206
936,W2C,9,6.4656,15.0,4,37.06,0.1949
937,N2C,7,12.0059,0.0,0,19.96,0.0691
937,S2C,7,11.7562,0.0,0,20.38,0.0727
937,E2C,11,6.4374,36.0,5,37.22,0.2273
937,W2C,10,6.9514,19.0,4,34.47,0.1966
938,N2C,7,12.0221,0.0,0,19.93,0.0689
938,S2C,7,12.2861,0.0,0,19.5,0.0651
938,E2C,11,6.1048,41.0,5,39.25,0.2354
938,W2C,10,6.4547,23.0,4,37.12,0.2064
939,N2C,5,12.7573,0.0,0,18.78,0.0463
939,S2C,5,12.7914,0.0,0,18.73,0.0458
939,E2C,11,5.558,47.0,6,43.11,0.2533
939,W2C,10,5.9788,27.0,4,40.08,0.2159
940,N2C,5,12.6758,0.0,0,18.9,0.0475
940,S2C,5,12.8204,0.0,0,18.69,0.0454
940,E2C,11,5.1571,53.0,6,46.46,0.2631
940,W2C,10,5.9466,31.0,4,40.29,0.219
941,N2C,5,12.6405,0.0,0,18.95,0.048
941,S2C,5,13.0017,0.0,0,18.43,0.0428
941,E2C,12,5.573,59.0,6,42.99,0.2671
941,W2C,11,6.2359,36.0,5,38.42,0.2302
942,N2C,5,13.0318,0.0,0,18.39,0.0424
942,S2C,5,12.6469,0.0,0,18.95,0.0479
942,E2C,12,5.3894,65.0,6,44.46,0.2737
942,W2C,11,6.0575,41.0,5,39.55,0.2361
943,N2C,5,12.5695,0.0,0,19.06,0.049
943,S2C,5,12.4629,0.0,0,19.23,0.0505
943,E2C,12,5.1003,71.0,6,46.98,0.2819
943,W2C,11,5.7326,46.0,5,41.8,0.2441
944,N2C,5,12.5323,0.0,0,19.12,0.0495
944,S2C,5,12.8472,0.0,0,18.65,0.045
944,E2C,12,4.6865,78.0,7,51.13,0.2985
944,W2C,11,5.12,51.0,5,46.8,0.2563
945,N2C,6,12.0039,0.0,0,19.96,0.0632
945,S2C,5,12.5976,0.0,0,19.02,0.0486
945,E2C,13,4.8831,85.0,7,49.07,0.3064
945,W2C,12,5.4797,56.0,5,43.72,0.2604
946,N2C,5,11.9238,0.0,0,20.09,0.0583
946,S2C,5,12.4658,0.0,0,19.22,0.0505
946,E2C,13,4.6575,93.0,8,51.44,0.3209
946,W2C,12,5.06,62.0,6,47.35,0.2765
947,N2C,5,12.2662,0.0,0,19.53,0.0534
947,S2C,5,12.7255,0.0,0,18.83,0.0468
947,E2C,13,4.358,101.0,8,54.98,0.3306
947,W2C,12,4.9516,68.0,6,48.39,0.282
948,N2C,5,12.1825,0.0,0,19.67,0.0546
948,S2C,5,12.5435,0.0,0,19.1,0.0494
948,E2C,14,4.8387,109.0,8,49.52,0.335
948,W2C,13,5.5461,74.0,6,43.2,0.2835
949,N2C,5,12.189,0.0,0,19.66,0.0545
949,S2C,5,12.555,0.0,0,19.08,0.0492
949,E2C,14,4.5449,117.0,8,52.72,0.3446
949,W2C,13,5.4837,81.0,7,43.69,0.295
950,N2C,5,12.1079,0.0,0,19.79,0.0557
950,S2C,5,12.4712,0.0,0,19.21,0.0504
950,E2C,14,4.2293,125.0,8,56.65,0.3544
950,W2C,13,5.4057,88.0,7,44.32,0.3008
951,N2C,5,12.1867,0.0,0,19.66,0.0545
951,S2C,5,12.3038,0.0,0,19.47,0.0528
951,E2C,14,3.801,134.0,9,63.04,0.3726
951,W2C,13,4.9422,95.0,7,48.48,0.3122
952,N2C,6,12.4957,0.0,0,19.17,0.0561
952,S2C,6,12.8816,0.0,0,18.6,0.0505
952,E2C,15,4.1029,144.0,10,58.4,0.3869
952,W2C,14,5.0903,102.0,7,47.07,0.3207
953,N2C,6,12.7157,0.0,0,18.84,0.0529
953,S2C,6,12.6374,0.0,0,18.96,0.054
953,E2C,15,3.7194,154.0,10,64.42,0.3991
953,W2C,14,4.3787,109.0,7,54.72,0.3356
954,N2C,6,12.3059,0.0,0,19.47,0.0588
954,S2C,6,12.9696,0.0,0,18.47,0.0493
954,E2C,15,3.4573,164.0,10,69.3,0.4096
954,W2C,14,3.9217,117.0,8,61.1,0.3535
955,N2C,6,12.2874,0.0,0,19.5,0.0591
955,S2C,6,12.8527,0.0,0,18.64,0.0509
955,E2C,16,4.1213,175.0,11,58.14,0.4193
955,W2C,15,4.2975,126.0,9,55.75,0.3661
956,N2C,6,11.5101,0.0,0,20.82,0.0703
956,S2C,6,12.1439,0.0,0,19.73,0.0611
956,E2C,16,3.8765,186.0,11,61.81,0.4302
956,W2C,15,4.1303,135.0,9,58.01,0.3745
957,N2C,6,11.104,0.0,0,21.58,0.0761
957,S2C,6,11.3302,0.0,0,21.15,0.0729
957,E2C,16,3.6093,197.0,11,66.38,0.4414
957,W2C,15,4.1615,144.0,9,57.58,0.3801
958,N2C,6,10.1121,0.0,0,23.69,0.0904
958,S2C,6,10.2823,0.0,0,23.3,0.0879
958,E2C,14,3.7813,144.0,9,63.36,0.3796
958,W2C,13,4.6301,99.0,7,51.75,0.3193
959,N2C,7,9.9194,1.0,1,24.15,0.1058
959,S2C,7,10.1352,1.0,1,23.64,0.1027
959,E2C,15,4.5011,97.0,7,53.23,0.3319
959,W2C,14,5.2707,56.0,6,45.46,0.2814
960,N2C,7,9.1346,2.0,1,26.23,0.1178
960,S2C,7,9.8831,2.0,1,24.24,0.107
960,E2C,15,4.8245,58.0,6,49.66,0.2952
960,W2C,14,4.9874,27.0,4,48.04,0.2542
961,N2C,7,9.2645,3.0,1,25.86,0.1166
961,S2C,7,9.2995,3.0,1,25.76,0.1161
961,E2C,13,5.0097,30.0,4,47.83,0.2499
961,W2C,12,5.3134,11.0,3,45.09,0.2208
962,N2C,7,9.2296,4.0,1,25.96,0.1178
962,S2C,7,9.371,4.0,1,25.57,0.1157
962,E2C,13,5.0157,11.0,2,47.77,0.2251
962,W2C,12,5.5815,2.0,1,42.93,0.199
963,N2C,8,9.3617,5.0,1,25.59,0.1225
963,S2C,8,9.3483,5.0,1,25.63,0.1227
963,E2C,14,5.9125,0.0,0,40.52,0.1989
963,W2C,12,7.0116,0.0,0,34.17,0.171
964,N2C,8,9.2167,7.0,2,26.0,0.132
964,S2C,8,8.6289,7.0,2,27.77,0.1404
964,E2C,12,5.9298,0.0,0,40.41,0.1866
964,W2C,11,7.3076,0.0,0,32.79,0.1608
965,N2C,8,8.6515,9.0,2,27.69,0.1414
965,S2C,8,7.842,9.0,2,30.55,0.1531
965,E2C,12,6.585,0.0,0,36.39,0.1772
965,W2C,10,8.1126,0.0,0,29.53,0.1432
966,N2C,9,8.7086,11.0,2,27.51,0.1479
966,S2C,9,7.9065,12.0,3,30.3,0.1662
966,E2C,11,7.8401,0.0,0,30.56,0.1531
966,W2C,10,9.1691,0.0,0,26.13,0.128
967,N2C,9,8.0501,13.0,2,29.76,0.1588
967,S2C,9,7.2099,15.0,3,33.23,0.1782
967,E2C,11,8.3539,0.0,0,28.68,0.1457
967,W2C,9,10.188,0.0,0,23.52,0.1073
968,N2C,9,7.3824,16.0,3,32.46,0.1764
968,S2C,9,6.8643,19.0,4,34.91,0.1918
968,E2C,9,8.8996,0.0,0,26.92,0.1259
968,W2C,8,10.9929,0.0,0,21.8,0.0897
969,N2C,9,6.4413,19.0,3,37.2,0.1919
969,S2C,9,6.5261,23.0,4,36.71,0.1994
969,E2C,9,9.709,0.0,0,24.68,0.1142
969,W2C,7,11.8172,0.0,0,20.28,0.0718
970,N2C,10,6.7045,22.0,3,35.74,0.1961
970,S2C,10,6.6242,27.0,4,36.17,0.2066
970,E2C,8,10.7852,0.0,0,22.22,0.0927
970,W2C,7,12.3098,0.0,0,19.46,0.0648
971,N2C,10,6.304,26.0,4,38.01,0.2106
971,S2C,10,6.1384,31.0,4,39.03,0.2163
971,E2C,8,11.3956,0.0,0,21.03,0.0839
971,W2C,6,12.9307,0.0,0,18.53,0.0498
972,N2C,10,6.023,30.0,4,39.78,0.2173
972,S2C,10,5.7765,36.0,5,41.48,0.2308
972,E2C,6,12.3407,0.0,0,19.42,0.0583
972,W2C,5,13.0199,0.0,0,18.4,0.0425
973,N2C,11,6.3045,34.0,4,38.0,0.2219
973,S2C,11,6.134,41.0,5,39.06,0.235
973,E2C,7,12.8824,0.0,0,18.6,0.0565
973,W2C,5,13.0765,0.0,0,18.32,0.0417
974,N2C,11,5.6561,39.0,5,42.36,0.2406
974,S2C,11,5.8139,46.0,5,41.21,0.243
974,E2C,5,12.9012,0.0,0,18.57,0.0442
974,W2C,5,12.7791,0.0,0,18.75,0.046
975,N2C,11,5.1782,45.0,6,46.27,0.2574
975,S2C,11,5.7069,51.0,5,41.98,0.2478
975,E2C,5,12.9794,0.0,0,18.46,0.0431
975,W2C,5,12.9588,0.0,0,18.49,0.0434
976,N2C,11,4.7507,51.0,6,50.44,0.2676
976,S2C,11,5.542,57.0,6,43.23,0.2602
976,E2C,5,13.0222,0.0,0,18.4,0.0425
976,W2C,5,13.0854,0.0,0,18.31,0.0416
977,N2C,12,5.468,57.0,6,43.82,0.2673
977,S2C,12,5.9238,63.0,6,40.45,0.2647
977,E2C,6,12.0259,0.0,0,19.92,0.0628
977,W2C,5,12.6915,0.0,0,18.88,0.0473
978,N2C,12,5.2305,63.0,6,45.81,0.2747
978,S2C,12,5.4343,69.0,6,44.09,0.2758
978,E2C,5,11.9489,0.0,0,20.05,0.0579
978,W2C,5,12.6833,0.0,0,18.89,0.0474
979,N2C,12,5.2808,70.0,7,45.37,0.2846
979,S2C,12,5.5316,75.0,6,43.31,0.2784
979,E2C,5,12.1768,0.0,0,19.68,0.0547
979,W2C,5,12.5197,0.0,0,19.14,0.0497
980,N2C,12,5.3394,77.0,7,44.87,0.2885
980,S2C,12,5.0722,81.0,6,47.24,0.289
980,E2C,5,11.9109,0.0,0,20.12,0.0585
980,W2C,5,12.4583,0.0,0,19.23,0.0506
981,N2C,13,5.691,84.0,7,42.1,0.2941
981,S2C,13,5.1599,88.0,7,46.43,0.3044
981,E2C,5,12.0002,0.0,0,19.97,0.0572
981,W2C,5,12.5265,0.0,0,19.13,0.0496
982,N2C,13,5.3861,91.0,7,44.48,0.3031
982,S2C,13,4.5437,95.0,7,52.73,0.3179
982,E2C,5,11.8756,0.0,0,20.18,0.059
982,W2C,5,12.269,0.0,0,19.53,0.0533
983,N2C,13,4.7848,98.0,7,50.08,0.3164
983,S2C,13,4.2418,103.0,8,56.49,0.3336
983,E2C,5,11.798,0.0,0,20.31,0.0601
983,W2C,5,12.3451,0.0,0,19.41,0.0522
984,N2C,14,4.8555,105.0,7,49.35,0.3261
984,S2C,14,4.7478,111.0,8,50.47,0.3376
984,E2C,5,11.5317,0.0,0,20.78,0.064
984,W2C,6,12.6867,0.0,0,18.89,0.0533
985,N2C,14,4.179,113.0,8,57.33,0.3472
985,S2C,14,4.6929,120.0,9,51.06,0.3504
985,E2C,5,11.4129,0.0,0,20.99,0.0657
985,W2C,6,12.2244,0.0,0,19.6,0.06
986,N2C,14,3.8591,122.0,9,62.09,0.3638
986,S2C,14,4.528,129.0,9,52.92,0.3588
986,E2C,5,11.3284,0.0,0,21.15,0.0669
986,W2C,6,12.5577,0.0,0,19.08,0.0552
987,N2C,14,3.6305,131.0,9,66.0,0.3731
987,S2C,14,4.2645,138.0,9,56.19,0.3686
987,E2C,5,11.3557,0.0,0,21.1,0.0665
987,W2C,5,12.9999,0.0,0,18.43,0.0428
988,N2C,15,4.2016,140.0,9,57.03,0.3768
988,S2C,15,4.1249,147.0,9,58.09,0.3826
988,E2C,5,11.5991,0.0,0,20.66,0.063
988,W2C,5,12.7953,0.0,0,18.73,0.0458
989,N2C,15,3.9544,149.0,9,60.59,0.3864
989,S2C,15,3.6305,156.0,9,66.0,0.3957
989,E2C,5,11.4771,0.0,0,20.88,0.0647
989,W2C,5,12.6293,0.0,0,18.97,0.0482
990,N2C,15,3.6462,159.0,10,65.71,0.4035
990,S2C,15,3.3717,165.0,9,71.06,0.4055
990,E2C,5,11.3183,0.0,0,21.17,0.067
990,W2C,5,11.9934,0.0,0,19.98,0.0573
991,N2C,14,4.5502,108.0,8,52.66,0.3385
991,S2C,14,4.4619,114.0,8,53.7,0.3438
991,E2C,5,11.7302,0.0,0,20.43,0.0611
991,W2C,5,10.8802,0.0,0,22.02,0.0733
992,N2C,14,4.2626,69.0,6,56.21,0.3046
992,S2C,14,4.238,71.0,7,56.54,0.3123
992,E2C,6,11.2037,0.0,0,21.39,0.0747
992,W2C,6,10.839,0.0,0,22.11,0.0799
993,N2C,14,4.4276,37.0,5,54.12,0.2749
993,S2C,14,4.3886,38.0,5,54.6,0.2761
993,E2C,6,10.2495,0.0,0,23.38,0.0884
993,W2C,6,9.9257,0.0,0,24.14,0.0931
994,N2C,12,4.8988,17.0,3,48.91,0.2308
994,S2C,13,4.5741,18.0,4,52.38,0.2481
994,E2C,6,9.7614,0.0,0,24.55,0.0954
994,W2C,6,9.6836,1.0,1,24.74,0.1032
995,N2C,13,5.6393,3.0,1,42.49,0.2048
995,S2C,13,5.3298,6.0,2,44.95,0.2173
995,E2C,7,10.2588,0.0,0,23.36,0.0943
995,W2C,7,10.7668,2.0,1,22.25,0.0943
996,N2C,13,5.8872,0.0,0,40.7,0.1932
996,S2C,13,5.7996,0.0,0,41.31,0.1945
996,E2C,7,9.9452,1.0,1,24.09,0.1055
996,W2C,7,10.7133,3.0,1,22.36,0.0957
997,N2C,11,6.3524,0.0,0,37.72,0.1745
997,S2C,11,6.2045,0.0,0,38.62,0.1767
997,E2C,7,10.1243,2.0,1,23.67,0.1036
997,W2C,7,10.1615,4.0,1,23.58,0.1044
998,N2C,11,7.3056,0.0,0,32.8,0.1608
998,S2C,11,6.753,0.0,0,35.48,0.1688
998,E2C,7,10.1131,3.0,1,23.69,0.1044
998,W2C,7,9.7139,5.0,1,24.67,0.1115
999,N2C,10,8.6175,0.0,0,27.8,0.1359
999,S2C,10,8.1236,0.0,0,29.49,0.143
999,E2C,8,10.5461,4.0,1,22.72,0.1048
999,W2C,8,9.186,6.0,1,26.08,0.1257
1000,N2C,10,9.0918,0.0,0,26.35,0.1291
1000,S2C,10,8.5364,0.0,0,28.07,0.1371
1000,E2C,8,10.2318,5.0,1,23.42,0.11
1000,W2C,8,8.435,7.0,1,28.41,0.1372
1001,N2C,8,10.2025,0.0,0,23.48,0.1011
1001,S2C,8,9.7408,0.0,0,24.6,0.1077
1001,E2C,8,9.9736,6.0,1,24.02,0.1144
1001,W2C,8,7.5572,8.0,1,31.71,0.1505
1002,N2C,9,11.5736,0.0,0,20.7,0.0874
1002,S2C,9,11.0092,0.0,0,21.76,0.0955
1002,E2C,9,9.808,7.0,1,24.43,0.1234
1002,W2C,9,7.6759,10.0,2,31.21,0.1621
1003,N2C,7,12.1604,0.0,0,19.7,0.0669
1003,S2C,7,11.3563,0.0,0,21.1,0.0785
1003,E2C,9,9.3518,9.0,2,25.62,0.1373
1003,W2C,9,7.029,13.0,3,34.09,0.1795
1004,N2C,7,12.2919,0.0,0,19.49,0.065
1004,S2C,6,11.9478,0.0,0,20.05,0.064
1004,E2C,9,7.9854,11.0,2,30.0,0.1584
1004,W2C,9,6.9364,16.0,3,34.54,0.1828
1005,N2C,5,12.6995,0.0,0,18.87,0.0471
1005,S2C,5,11.9345,0.0,0,20.08,0.0582
1005,E2C,9,6.8622,13.0,2,34.92,0.1759
1005,W2C,9,6.9541,19.0,3,34.45,0.1845
1006,N2C,6,12.682,0.0,0,18.89,0.0534
1006,S2C,6,12.3292,0.0,0,19.43,0.0585
1006,E2C,10,6.6619,16.0,3,35.97,0.1927
1006,W2C,10,7.1511,23.0,4,33.51,0.1964
1007,N2C,6,12.4203,0.0,0,19.29,0.0572
1007,S2C,6,12.1099,0.0,0,19.79,0.0616
1007,E2C,10,6.463,20.0,4,37.07,0.2043
1007,W2C,10,6.8221,27.0,4,35.12,0.2038
1008,N2C,5,12.4814,0.0,0,19.2,0.0503
1008,S2C,6,12.2296,0.0,0,19.59,0.0599
1008,E2C,10,6.1473,24.0,4,38.98,0.2115
1008,W2C,10,6.4692,31.0,4,37.04,0.2115
1009,N2C,6,12.9612,0.0,0,18.49,0.0494
1009,S2C,6,12.0349,0.0,0,19.91,0.0627
1009,E2C,11,6.7607,29.0,5,35.44,0.218
1009,W2C,11,6.8539,35.0,4,34.96,0.2146
1010,N2C,5,12.6873,0.0,0,18.89,0.0473
1010,S2C,6,11.8101,0.0,0,20.29,0.0659
1010,E2C,11,6.4415,34.0,5,37.2,0.2259
1010,W2C,11,6.7487,40.0,5,35.5,0.2255
1011,N2C,5,12.6884,0.0,0,18.88,0.0473
1011,S2C,6,11.7452,0.0,0,20.4,0.0669
1011,E2C,11,5.8298,39.0,5,41.1,0.2381
1011,W2C,11,6.3848,45.0,5,37.53,0.2341
1012,N2C,5,13.0759,0.0,0,18.32,0.0417
1012,S2C,5,12.2414,0.0,0,19.57,0.0537
1012,E2C,11,5.4836,44.0,5,43.69,0.2464
1012,W2C,11,5.5694,50.0,5,43.02,0.2491
1013,N2C,4,12.7223,0.0,0,18.83,0.0408
1013,S2C,6,11.9438,0.0,0,20.06,0.064
1013,E2C,12,5.6828,50.0,6,42.16,0.2595
1013,W2C,12,5.767,55.0,5,41.55,0.2556
1014,N2C,5,12.6995,0.0,0,18.87,0.0471
1014,S2C,6,12.0704,0.0,0,19.85,0.0622
1014,E2C,12,5.3377,56.0,6,44.89,0.2685
1014,W2C,12,5.4323,61.0,6,44.11,0.2704
1015,N2C,5,12.9549,0.0,0,18.49,0.0435
1015,S2C,6,11.9928,0.0,0,19.98,0.0633
1015,E2C,12,5.0041,63.0,7,47.88,0.2839
1015,W2C,12,5.3921,67.0,6,44.44,0.275
1016,N2C,5,12.8974,0.0,0,18.58,0.0443
1016,S2C,6,12.1335,0.0,0,19.75,0.0613
1016,E2C,12,4.6104,70.0,7,51.97,0.2943
1016,W2C,12,4.9469,74.0,7,48.43,0.2921
1017,N2C,6,12.4926,0.0,0,19.18,0.0561
1017,S2C,6,11.7906,0.0,0,20.32,0.0662
1017,E2C,13,5.1824,77.0,7,46.23,0.2967
1017,W2C,13,5.0433,81.0,7,47.51,0.3014
1018,N2C,6,12.3863,0.0,0,19.34,0.0577
1018,S2C,5,11.9354,0.0,0,20.07,0.0581
1018,E2C,13,4.6331,84.0,7,51.72,0.3093
1018,W2C,13,4.4904,88.0,7,53.36,0.314
1019,N2C,5,12.2987,0.0,0,19.48,0.0529
1019,S2C,5,11.6049,0.0,0,20.65,0.0629
1019,E2C,13,4.2886,92.0,8,55.87,0.3256
1019,W2C,13,4.2461,95.0,7,56.43,0.3222
1020,N2C,5,12.3264,0.0,0,19.44,0.0525
1020,S2C,5,12.1511,0.0,0,19.72,0.055
1020,E2C,14,4.7258,100.0,8,50.7,0.3306
1020,W2C,14,4.5741,103.0,8,52.38,0.3348
1021,N2C,5,12.6131,0.0,0,19.0,0.0484
1021,S2C,5,11.5973,0.0,0,20.66,0.063
1021,E2C,14,4.515,108.0,8,53.07,0.339
1021,W2C,14,4.7086,112.0,9,50.89,0.3449
1022,N2C,5,12.7808,0.0,0,18.75,0.046
1022,S2C,5,12.0796,0.0,0,19.84,0.0561
1022,E2C,14,4.5675,117.0,9,52.46,0.3502
1022,W2C,14,4.3975,121.0,9,54.49,0.3553
1023,N2C,5,12.6093,0.0,0,19.0,0.0484
1023,S2C,5,11.9967,0.0,0,19.97,0.0573
1023,E2C,14,4.3137,126.0,9,55.54,0.3599
1023,W2C,14,4.0934,130.0,9,58.53,0.3657
1024,N2C,6,12.5552,0.0,0,19.08,0.0552
1024,S2C,6,12.0005,0.0,0,19.97,0.0632
1024,E2C,13,5.2329,84.0,7,45.79,0.3007
1024,W2C,13,4.8374,86.0,7,49.53,0.3077
1025,N2C,6,12.5545,0.0,0,19.08,0.0552
1025,S2C,6,11.3046,0.0,0,21.19,0.0732
1025,E2C,13,4.8374,52.0,5,49.53,0.273
1025,W2C,13,4.5384,49.0,5,52.79,0.2753
1026,N2C,6,11.4926,0.0,0,20.85,0.0705
1026,S2C,6,10.3668,0.0,0,23.11,0.0867
1026,E2C,13,4.9283,27.0,3,48.62,0.243
1026,W2C,13,4.569,26.0,3,52.44,0.2475
1027,N2C,7,10.5076,0.0,0,22.8,0.0907
1027,S2C,7,10.5744,1.0,1,22.66,0.0964
1027,E2C,14,5.5865,7.0,2,42.89,0.2202
1027,W2C,12,5.7297,9.0,3,41.82,0.2135
1028,N2C,7,9.0588,1.0,1,26.45,0.1182
1028,S2C,7,10.3358,2.0,1,23.18,0.1005
1028,E2C,12,6.0964,2.0,1,39.3,0.1916
1028,W2C,12,6.1047,2.0,1,39.25,0.1914
1029,N2C,7,8.7267,2.0,1,27.46,0.1237
1029,S2C,7,10.1729,3.0,1,23.55,0.1035
1029,E2C,12,6.4448,0.0,0,37.18,0.1792
1029,W2C,11,6.5469,0.0,0,36.6,0.1717
1030,N2C,7,8.7576,4.0,2,27.36,0.1306
1030,S2C,7,9.5896,4.0,1,24.99,0.1126
1030,E2C,10,7.1085,0.0,0,33.71,0.1576
1030,W2C,10,7.5024,0.0,0,31.94,0.152
1031,N2C,8,9.0062,6.0,2,26.6,0.1343
1031,S2C,8,9.3905,5.0,1,25.52,0.1221
1031,E2C,11,8.0558,0.0,0,29.74,0.15
1031,W2C,10,8.7382,0.0,0,27.42,0.1342
1032,N2C,8,8.4786,8.0,2,28.26,0.1433
1032,S2C,8,9.345,6.0,1,25.64,0.1234
1032,E2C,9,8.5594,0.0,0,27.99,0.1308
1032,W2C,9,9.5139,0.0,0,25.18,0.117
1033,N2C,8,8.1446,10.0,2,29.42,0.1494
1033,S2C,8,9.1355,8.0,2,26.23,0.1338
1033,E2C,9,9.2407,0.0,0,25.93,0.1209
1033,W2C,8,9.8948,0.0,0,24.21,0.1055
1034,N2C,8,7.7139,12.0,2,31.06,0.1569
1034,S2C,8,8.6027,10.0,2,27.85,0.1428
1034,E2C,8,10.0323,0.0,0,23.88,0.1035
1034,W2C,7,10.7613,0.0,0,22.27,0.0871
1035,N2C,9,8.1144,14.0,2,29.53,0.1585
1035,S2C,9,8.8784,12.0,2,26.99,0.1462
1035,E2C,8,11.1519,0.0,0,21.49,0.0874
1035,W2C,7,11.9344,0.0,0,20.08,0.0702
1036,N2C,9,7.199,17.0,3,33.28,0.1797
1036,S2C,9,8.4071,14.0,2,28.5,0.1543
1036,E2C,6,12.0656,0.0,0,19.86,0.0623
1036,W2C,6,12.7241,0.0,0,18.83,0.0528
1037,N2C,9,6.261,20.0,3,38.27,0.1952
1037,S2C,9,7.4514,16.0,2,32.16,0.1694
1037,E2C,6,12.1695,0.0,0,19.69,0.0608
1037,W2C,5,12.4505,0.0,0,19.24,0.0507
1038,N2C,10,6.234,23.0,3,38.43,0.2036
1038,S2C,10,7.4355,19.0,3,32.22,0.1836
1038,E2C,5,12.9893,0.0,0,18.45,0.043
1038,W2C,6,12.7374,0.0,0,18.81,0.0526
1039,N2C,10,5.8713,26.0,3,40.81,0.2108
1039,S2C,10,6.4515,22.0,3,37.14,0.1998
1039,E2C,5,13.0305,0.0,0,18.39,0.0424
1039,W2C,6,12.6612,0.0,0,18.92,0.0537
1040,N2C,10,5.7927,30.0,4,41.36,0.2206
1040,S2C,10,6.0298,27.0,5,39.74,0.2212
1040,E2C,5,13.0049,0.0,0,18.42,0.0427
1040,W2C,5,12.6821,0.0,0,18.89,0.0474
1041,N2C,10,5.8769,35.0,5,40.77,0.2287
1041,S2C,10,5.9235,32.0,5,40.45,0.226
1041,E2C,5,12.817,0.0,0,18.69,0.0454
1041,W2C,5,13.0665,0.0,0,18.34,0.0419
1042,N2C,11,6.5063,40.0,5,36.83,0.229
1042,S2C,11,6.3155,37.0,5,37.94,0.2297
1042,E2C,5,12.9861,0.0,0,18.45,0.043
1042,W2C,6,12.8049,0.0,0,18.71,0.0516
1043,N2C,11,6.5121,45.0,5,36.79,0.2322
1043,S2C,11,5.6303,42.0,5,42.56,0.2429
1043,E2C,5,12.8899,0.0,0,18.59,0.0444
1043,W2C,5,12.6577,0.0,0,18.93,0.0477
1044,N2C,11,5.8629,50.0,5,40.87,0.2449
1044,S2C,11,5.2321,47.0,5,45.79,0.252
1044,E2C,5,12.6798,0.0,0,18.9,0.0474
1044,W2C,5,12.9967,0.0,0,18.44,0.0429
1045,N2C,12,5.8182,55.0,5,41.18,0.2549
1045,S2C,12,5.5083,53.0,6,43.5,0.264
1045,E2C,6,12.9488,0.0,0,18.5,0.0496
1045,W2C,6,12.7642,0.0,0,18.77,0.0522
1046,N2C,12,5.4889,60.0,5,43.65,0.263
1046,S2C,12,5.6232,59.0,6,42.61,0.2664
1046,E2C,6,12.9778,0.0,0,18.46,0.0491
1046,W2C,6,12.7252,0.0,0,18.83,0.0528
1047,N2C,12,5.2883,66.0,6,45.31,0.2759
1047,S2C,12,5.1992,65.0,6,46.08,0.2765
1047,E2C,5,12.8985,0.0,0,18.58,0.0443
1047,W2C,5,13.1359,0.0,0,18.24,0.0409
1048,N2C,12,5.1801,73.0,7,46.25,0.2881
1048,S2C,12,4.8195,72.0,7,49.71,0.2926
1048,E2C,5,12.9425,0.0,0,18.51,0.0436
1048,W2C,5,12.735,0.0,0,18.81,0.0466
1049,N2C,13,5.5584,80.0,7,43.11,0.2933
1049,S2C,13,5.2644,79.0,7,45.51,0.2969
1049,E2C,4,13.1878,0.0,0,18.17,0.0341
1049,W2C,6,12.8005,0.0,0,18.72,0.0517
1050,N2C,13,5.0736,87.0,7,47.22,0.3049
1050,S2C,13,5.0013,86.0,7,47.91,0.3053
1050,E2C,5,13.2742,0.0,0,18.05,0.0389
1050,W2C,5,12.798,0.0,0,18.72,0.0457
1051,N2C,13,4.5122,94.0,7,53.1,0.3177
1051,S2C,13,4.8307,94.0,8,49.6,0.3191
1051,E2C,5,13.2554,0.0,0,18.08,0.0391
1051,W2C,5,12.811,0.0,0,18.7,0.0455
1052,N2C,13,4.1002,101.0,7,58.44,0.3283
1052,S2C,13,4.4507,102.0,8,53.83,0.3299
1052,E2C,5,13.0953,0.0,0,18.3,0.0414
1052,W2C,5,12.7663,0.0,0,18.77,0.0462
1053,N2C,14,4.4851,109.0,8,53.42,0.3401
1053,S2C,14,4.5881,110.0,8,52.22,0.3393
1053,E2C,6,12.9921,0.0,0,18.44,0.0489
1053,W2C,5,12.823,0.0,0,18.69,0.0454
1054,N2C,14,4.5104,118.0,9,53.12,0.3517
1054,S2C,14,3.9938,119.0,9,59.99,0.3598
1054,E2C,5,13.2146,0.0,0,18.13,0.0397
1054,W2C,5,12.4817,0.0,0,19.2,0.0503
1055,N2C,14,4.441,127.0,9,53.95,0.3587
1055,S2C,14,3.7714,128.0,9,63.53,0.369
1055,E2C,5,12.5426,0.0,0,19.1,0.0494
1055,W2C,5,12.1215,0.0,0,19.77,0.0555
1056,N2C,15,4.9666,136.0,9,48.24,0.3632
1056,S2C,15,4.3257,138.0,10,55.39,0.3797
1056,E2C,6,12.2134,0.0,0,19.62,0.0601
1056,W2C,5,11.1524,0.0,0,21.48,0.0694
1057,N2C,13,5.2096,87.0,7,45.99,0.303
1057,S2C,13,4.6276,92.0,8,51.78,0.3207
1057,E2C,6,11.6634,0.0,0,20.54,0.0681
1057,W2C,6,10.862,0.0,0,22.06,0.0796
1058,N2C,13,5.0118,52.0,5,47.81,0.2705
1058,S2C,13,4.5122,60.0,6,53.1,0.289
1058,E2C,6,10.8741,0.0,0,22.03,0.0794
1058,W2C,6,10.6741,0.0,0,22.45,0.0823
1059,N2C,13,4.8902,25.0,3,49.0,0.2423
1059,S2C,13,4.6663,31.0,4,51.35,0.2555
1059,E2C,6,10.9534,1.0,1,21.87,0.085
1059,W2C,6,10.5321,0.0,0,22.75,0.0843
1060,N2C,12,5.6617,8.0,2,42.32,0.2078
1060,S2C,12,5.571,13.0,3,43.01,0.2185
1060,E2C,7,10.5563,2.0,1,22.7,0.0973
1060,W2C,7,10.5533,1.0,1,22.7,0.0967
1061,N2C,12,5.9208,1.0,1,40.47,0.1934
1061,S2C,12,5.7322,2.0,1,41.8,0.1968
1061,E2C,7,9.5922,3.0,1,24.98,0.1119
1061,W2C,7,9.7971,2.0,1,24.46,0.1083
1062,N2C,10,6.6709,0.0,0,35.92,0.1639
1062,S2C,11,6.0205,0.0,0,39.8,0.1793
1062,E2C,7,8.678,4.0,1,27.61,0.1257
1062,W2C,7,8.6047,3.0,1,27.85,0.1261
1063,N2C,11,8.2373,0.0,0,29.09,0.1474
1063,S2C,11,7.5239,0.0,0,31.85,0.1577
1063,E2C,8,9.0019,5.0,1,26.62,0.1277
1063,W2C,7,8.0438,5.0,2,29.79,0.1415
1064,N2C,9,9.2691,0.0,0,25.85,0.1205
1064,S2C,10,7.9418,0.0,0,30.17,0.1456
1064,E2C,8,8.3177,7.0,2,28.81,0.1449
1064,W2C,8,8.4118,7.0,2,28.48,0.1435
1065,N2C,9,9.9104,0.0,0,24.18,0.1113
1065,S2C,9,8.65,0.0,0,27.7,0.1295
1065,E2C,8,7.8275,9.0,2,30.61,0.1533
1065,W2C,8,7.755,9.0,2,30.9,0.1543
1066,N2C,8,10.3049,0.0,0,23.25,0.0996
1066,S2C,9,9.3966,0.0,0,25.5,0.1187
1066,E2C,8,8.0725,12.0,3,29.68,0.1578
1066,W2C,8,7.9193,11.0,2,30.26,0.1533
1067,N2C,8,11.3428,0.0,0,21.12,0.0847
1067,S2C,8,10.6274,0.0,0,22.55,0.095
1067,E2C,9,8.4519,15.0,3,28.35,0.1603
1067,W2C,9,7.9897,14.0,3,29.99,0.1663
1068,N2C,6,12.3267,0.0,0,19.44,0.0585
1068,S2C,8,11.2928,0.0,0,21.22,0.0854
1068,E2C,9,8.1133,18.0,3,29.53,0.1672
1068,W2C,9,7.7907,17.0,3,30.75,0.1712
1069,N2C,6,12.4123,0.0,0,19.3,0.0573
1069,S2C,6,12.063,0.0,0,19.86,0.0623
1069,E2C,9,7.5855,21.0,3,31.59,0.1768
1069,W2C,9,7.1894,20.0,3,33.33,0.1818
1070,N2C,5,12.9627,0.0,0,18.48,0.0434
1070,S2C,6,12.1311,0.0,0,19.75,0.0613
1070,E2C,9,6.8167,24.0,3,35.15,0.1898
1070,W2C,9,6.8251,23.0,3,35.11,0.1891
1071,N2C,5,12.7095,0.0,0,18.85,0.047
1071,S2C,6,12.8067,0.0,0,18.71,0.0516
1071,E2C,10,6.7692,27.0,3,35.4,0.1985
1071,W2C,10,7.0926,26.0,3,33.78,0.1932
1072,N2C,5,12.5934,0.0,0,19.03,0.0487
1072,S2C,6,12.5493,0.0,0,19.09,0.0553
1072,E2C,10,6.0255,30.0,3,39.76,0.2112
1072,W2C,10,6.7716,29.0,3,35.38,0.1998
1073,N2C,5,12.9164,0.0,0,18.55,0.044
1073,S2C,6,12.6159,0.0,0,18.99,0.0543
1073,E2C,10,5.5039,35.0,5,43.53,0.2341
1073,W2C,10,6.1742,33.0,4,38.81,0.2171
1074,N2C,5,12.9835,0.0,0,18.45,0.0431
1074,S2C,6,12.5063,0.0,0,19.16,0.0559
1074,E2C,11,5.8957,40.0,5,40.64,0.2378
1074,W2C,11,6.2083,38.0,5,38.59,0.2319
1075,N2C,5,12.756,0.0,0,18.78,0.0463
1075,S2C,5,12.6616,0.0,0,18.92,0.0477
1075,E2C,11,5.665,45.0,5,42.29,0.2444
1075,W2C,11,5.9275,43.0,5,40.42,0.2393
1076,N2C,5,12.7703,0.0,0,18.76,0.0461
1076,S2C,5,12.6924,0.0,0,18.88,0.0472
1076,E2C,11,5.2984,51.0,6,45.22,0.2597
1076,W2C,11,5.5849,48.0,5,42.9,0.2476
1077,N2C,5,12.679,0.0,0,18.9,0.0474
1077,S2C,5,12.7041,0.0,0,18.86,0.0471
1077,E2C,11,4.7844,57.0,6,50.08,0.2711
1077,W2C,11,5.5949,54.0,6,42.82,0.2574
1078,N2C,6,12.8369,0.0,0,18.66,0.0512
1078,S2C,6,13.0017,0.0,0,18.43,0.0488
1078,E2C,12,5.1073,63.0,6,46.91,0.2765
1078,W2C,12,6.1913,60.0,6,38.7,0.2589
1079,N2C,6,12.7306,0.0,0,18.82,0.0527
1079,S2C,6,12.7439,0.0,0,18.8,0.0525
1079,E2C,12,4.8909,70.0,7,48.99,0.2902
1079,W2C,12,6.0851,66.0,6,39.38,0.2644
1080,N2C,5,12.7989,0.0,0,18.72,0.0457
1080,S2C,5,13.0628,0.0,0,18.34,0.0419
1080,E2C,12,4.6211,77.0,7,51.85,0.2988
1080,W2C,12,5.4815,72.0,6,43.71,0.2771
1081,N2C,5,13.055,0.0,0,18.35,0.042
1081,S2C,5,13.1887,0.0,0,18.17,0.0401
1081,E2C,13,4.8498,84.0,7,49.4,0.3062
1081,W2C,13,5.4635,78.0,6,43.85,0.2873
1082,N2C,5,12.7824,0.0,0,18.74,0.0459
1082,S2C,5,13.1249,0.0,0,18.26,0.041
1082,E2C,13,4.7759,91.0,7,50.17,0.3119
1082,W2C,13,5.033,84.0,6,47.61,0.2975
1083,N2C,5,12.8226,0.0,0,18.69,0.0454
1083,S2C,5,12.9777,0.0,0,18.46,0.0431
1083,E2C,13,4.6499,98.0,7,51.53,0.3184
1083,W2C,13,4.9557,91.0,7,48.35,0.3093
1084,N2C,5,12.6311,0.0,0,18.97,0.0481
1084,S2C,5,12.9949,0.0,0,18.44,0.0429
1084,E2C,13,4.456,106.0,8,53.77,0.3325
1084,W2C,13,4.613,99.0,8,51.94,0.3256
1085,N2C,6,13.0352,0.0,0,18.38,0.0483
1085,S2C,4,12.9476,0.0,0,18.51,0.0376
1085,E2C,14,4.8525,114.0,8,49.38,0.3381
1085,W2C,14,4.8527,107.0,8,49.37,0.3335
1086,N2C,6,12.9351,0.0,0,18.52,0.0497
1086,S2C,5,12.6424,0.0,0,18.95,0.048
1086,E2C,14,4.5193,122.0,8,53.02,0.3483
1086,W2C,14,4.3753,115.0,8,54.76,0.3457
1087,N2C,5,12.8716,0.0,0,18.61,0.0447
1087,S2C,5,12.4685,0.0,0,19.22,0.0505
1087,E2C,14,4.4485,130.0,8,53.86,0.3546
1087,W2C,14,4.2454,124.0,9,56.44,0.3595
1088,N2C,5,12.7423,0.0,0,18.8,0.0465
1088,S2C,5,12.8079,0.0,0,18.71,0.0456
1088,E2C,14,4.0979,139.0,9,58.47,0.3717
1088,W2C,14,3.8613,133.0,9,62.05,0.3711
1089,N2C,6,12.3077,0.0,0,19.47,0.0588
1089,S2C,6,11.9777,0.0,0,20.0,0.0635
1089,E2C,15,4.7163,148.0,9,50.8,0.3748
1089,W2C,15,4.3822,142.0,9,54.68,0.3756
1090,N2C,6,11.4756,0.0,0,20.88,0.0708
1090,S2C,6,11.156,0.0,0,21.48,0.0754
1090,E2C,13,5.0708,98.0,7,47.25,0.3123
1090,W2C,13,4.7585,92.0,7,50.35,0.3128
1091,N2C,6,10.8295,0.0,0,22.12,0.0801
1091,S2C,6,10.6326,0.0,0,22.53,0.0829
1091,E2C,13,4.7226,60.0,5,50.73,0.28
1091,W2C,13,4.7478,55.0,5,50.47,0.2763
1092,N2C,7,10.6441,0.0,0,22.51,0.0887
1092,S2C,7,10.7549,1.0,1,22.28,0.0938
1092,E2C,14,5.1933,29.0,4,46.14,0.2526
1092,W2C,14,5.5456,26.0,4,43.21,0.2455
1093,N2C,7,9.7484,1.0,1,24.58,0.1083
1093,S2C,7,10.029,2.0,1,23.89,0.1049
1093,E2C,12,5.8221,9.0,3,41.15,0.2122
1093,W2C,12,5.9178,9.0,2,40.49,0.2048
1094,N2C,7,9.4036,2.0,1,25.48,0.1139
1094,S2C,7,9.547,3.0,1,25.1,0.1125
1094,E2C,12,6.161,2.0,1,38.89,0.1906
1094,W2C,12,6.202,1.0,1,38.63,0.1894
1095,N2C,7,9.3282,4.0,2,25.69,0.1224
1095,S2C,7,8.8314,4.0,1,27.13,0.1235
1095,E2C,11,6.8392,0.0,0,35.03,0.1675
1095,W2C,11,6.4624,0.0,0,37.08,0.1729
1096,N2C,8,9.0003,6.0,2,26.62,0.1344
1096,S2C,8,8.6208,5.0,1,27.79,0.1332
1096,E2C,11,7.6344,0.0,0,31.38,0.1561
1096,W2C,11,7.7263,0.0,0,31.01,0.1548
1097,N2C,8,8.6669,8.0,2,27.65,0.1405
1097,S2C,8,7.929,6.0,1,30.22,0.1438
1097,E2C,10,7.7304,0.0,0,30.99,0.1487
1097,W2C,10,8.6893,0.0,0,27.57,0.1349
1098,N2C,8,7.3475,10.0,2,32.61,0.1609
1098,S2C,8,7.4686,8.0,2,32.08,0.1578
1098,E2C,9,8.6636,0.0,0,27.66,0.1293
1098,W2C,9,9.661,0.0,0,24.8,0.1149
1099,N2C,9,7.4611,12.0,2,32.11,0.1666
1099,S2C,9,7.64,10.0,2,31.36,0.1627
1099,E2C,9,10.0339,0.0,0,23.88,0.1095
1099,W2C,9,10.8328,0.0,0,22.12,0.098
1100,N2C,9,7.0018,14.0,2,34.22,0.1745
1100,S2C,9,7.1513,13.0,3,33.5,0.1777
1100,E2C,8,10.6568,0.0,0,22.48,0.0946
1100,W2C,8,11.6153,0.0,0,20.63,0.0808
1101,N2C,9,6.7828,17.0,3,35.32,0.1857
1101,S2C,9,6.9143,17.0,4,34.65,0.1898
1101,E2C,7,11.3065,0.0,0,21.19,0.0792
1101,W2C,7,12.0916,0.0,0,19.82,0.0679
1102,N2C,9,6.5303,20.0,3,36.69,0.1913
1102,S2C,9,6.8403,21.0,4,35.03,0.1935
1102,E2C,6,12.2877,0.0,0,19.5,0.0591
1102,W2C,6,12.3763,0.0,0,19.36,0.0578
1103,N2C,10,6.8045,24.0,4,35.21,0.202
1103,S2C,10,7.5016,25.0,4,31.94,0.1927
1103,E2C,6,12.6286,0.0,0,18.97,0.0542
1103,W2C,6,13.0248,0.0,0,18.4,0.0485
1104,N2C,10,6.3682,29.0,5,37.62,0.2176
1104,S2C,10,7.5912,29.0,4,31.56,0.194
1104,E2C,5,12.458,0.0,0,19.23,0.0506
1104,W2C,5,13.1541,0.0,0,18.21,0.0406
1105,N2C,10,6.1882,34.0,5,38.72,0.2236
1105,S2C,10,7.292,33.0,4,32.86,0.201
1105,E2C,5,12.3862,0.0,0,19.34,0.0517
1105,W2C,5,13.0793,0.0,0,18.32,0.0417
1106,N2C,10,5.7456,39.0,5,41.7,0.2333
1106,S2C,10,6.6976,37.0,4,35.77,0.2122
1106,E2C,5,12.4656,0.0,0,19.22,0.0505
1106,W2C,5,13.107,0.0,0,18.28,0.0413
1107,N2C,11,5.9192,44.0,5,40.48,0.2401
1107,S2C,11,6.3693,41.0,4,37.62,0.2256
1107,E2C,5,12.5726,0.0,0,19.06,0.049
1107,W2C,5,12.9474,0.0,0,18.51,0.0436
1108,N2C,11,5.4182,50.0,6,44.22,0.2573
1108,S2C,11,5.5796,46.0,5,42.94,0.2463
1108,E2C,5,12.2471,0.0,0,19.56,0.0537
1108,W2C,5,13.226,0.0,0,18.12,0.0396
1109,N2C,11,4.847,56.0,6,49.43,0.2695
1109,S2C,11,5.0133,51.0,5,47.79,0.2578
1109,E2C,5,12.2127,0.0,0,19.62,0.0542
1109,W2C,5,13.0243,0.0,0,18.4,0.0425
1110,N2C,12,5.4455,62.0,6,44.0,0.2709
1110,S2C,12,5.4791,57.0,6,43.73,0.2671
1110,E2C,6,12.178,0.0,0,19.67,0.0607
1110,W2C,5,13.2345,0.0,0,18.1,0.0394
1111,N2C,12,5.2786,68.0,6,45.39,0.2773
1111,S2C,12,5.3456,63.0,6,44.82,0.273
1111,E2C,6,12.347,0.0,0,19.41,0.0582
1111,W2C,5,12.9853,0.0,0,18.45,0.043
1112,N2C,12,5.1654,75.0,7,46.39,0.2896
1112,S2C,12,5.3775,70.0,7,44.56,0.2832
1112,E2C,6,12.6287,0.0,0,18.97,0.0542
1112,W2C,5,12.8004,0.0,0,18.72,0.0457
1113,N2C,12,5.2167,82.0,7,45.93,0.2936
1113,S2C,12,5.1968,77.0,7,46.11,0.2905
1113,E2C,5,12.4624,0.0,0,19.23,0.0506
1113,W2C,5,13.1816,0.0,0,18.18,0.0402
1114,N2C,13,5.6721,89.0,7,42.24,0.2977
1114,S2C,13,5.3382,84.0,7,44.88,0.2991
1114,E2C,5,12.7581,0.0,0,18.78,0.0463
1114,W2C,4,13.1361,0.0,0,18.24,0.0349
1115,N2C,13,5.3439,96.0,7,44.84,0.3071
1115,S2C,13,4.5229,91.0,7,52.98,0.3155
1115,E2C,5,12.5746,0.0,0,19.05,0.0489
1115,W2C,5,12.849,0.0,0,18.65,0.045
1116,N2C,13,4.9054,103.0,7,48.84,0.318
1116,S2C,13,4.1236,98.0,7,58.1,0.326
1116,E2C,5,12.6218,0.0,0,18.98,0.0483
1116,W2C,5,12.2863,0.0,0,19.5,0.0531
1117,N2C,14,5.2304,110.0,7,45.81,0.324
1117,S2C,14,4.5465,106.0,8,52.7,0.3372
1117,E2C,5,11.9624,0.0,0,20.03,0.0578
1117,W2C,6,12.1869,0.0,0,19.66,0.0605
1118,N2C,14,4.4392,118.0,8,53.97,0.3467
1118,S2C,14,4.5248,115.0,9,52.95,0.3495
1118,E2C,5,11.7532,0.0,0,20.39,0.0608
1118,W2C,5,12.5296,0.0,0,19.12,0.0496
1119,N2C,14,4.0979,126.0,8,58.47,0.357
1119,S2C,14,4.244,124.0,9,56.46,0.3596
1119,E2C,5,12.0105,0.0,0,19.95,0.0571
1119,W2C,5,12.2456,0.0,0,19.57,0.0537
1120,N2C,14,3.9364,135.0,9,60.87,0.3713
1120,S2C,14,4.0282,133.0,9,59.48,0.3687
1120,E2C,5,12.0058,0.0,0,19.96,0.0571
1120,W2C,5,12.0413,0.0,0,19.9,0.0566
1121,N2C,15,4.2526,144.0,9,56.34,0.3788
1121,S2C,15,4.4149,142.0,9,54.27,0.3751
1121,E2C,6,12.2215,0.0,0,19.6,0.06
1121,W2C,6,11.951,0.0,0,20.05,0.0639
1122,N2C,15,4.165,154.0,10,57.53,0.3927
1122,S2C,15,3.936,151.0,9,60.87,0.388
1122,E2C,6,11.9911,0.0,0,19.98,0.0633
1122,W2C,6,11.2019,0.0,0,21.39,0.0747
1123,N2C,13,4.5245,104.0,8,52.96,0.3302
1123,S2C,13,4.3351,103.0,8,55.27,0.3322
1123,E2C,6,12.2701,0.0,0,19.53,0.0593
1123,W2C,6,10.6421,0.0,0,22.51,0.0828
1124,N2C,13,4.3484,66.0,6,55.1,0.2954
1124,S2C,13,4.103,62.0,6,58.4,0.2963
1124,E2C,6,11.2301,0.0,0,21.34,0.0743
1124,W2C,6,10.0817,1.0,1,23.77,0.0975
1125,N2C,14,4.8458,32.0,4,49.45,0.2596
1125,S2C,14,4.5902,35.0,5,52.2,0.2712
1125,E2C,7,10.8458,0.0,0,22.09,0.0858
1125,W2C,7,9.8562,2.0,1,24.31,0.1074
1126,N2C,12,5.0985,12.0,2,46.99,0.2186
1126,S2C,12,4.9041,15.0,3,48.86,0.2294
1126,E2C,7,9.8009,0.0,0,24.45,0.1009
1126,W2C,7,9.0499,3.0,1,26.48,0.1197
1127,N2C,12,5.439,1.0,1,44.05,0.2004
1127,S2C,12,5.0954,3.0,1,47.02,0.2066
1127,E2C,7,8.9967,1.0,1,26.63,0.1191
1127,W2C,7,8.4286,4.0,1,28.43,0.1293
1128,N2C,12,6.6141,0.0,0,36.23,0.1768
1128,S2C,13,6.6055,0.0,0,36.27,0.1829
1128,E2C,8,8.4271,2.0,1,28.43,0.134
1128,W2C,8,8.6066,6.0,2,27.84,0.1401
1129,N2C,11,7.2096,0.0,0,33.23,0.1622
1129,S2C,11,7.5411,0.0,0,31.77,0.1574
1129,E2C,8,7.7989,4.0,2,30.72,0.1504
1129,W2C,8,7.6935,8.0,2,31.14,0.1546
1130,N2C,11,7.759,0.0,0,30.88,0.1543
1130,S2C,11,8.4241,0.0,0,28.44,0.1447
1130,E2C,8,7.6162,6.0,2,31.46,0.1543
1130,W2C,8,7.6289,10.0,2,31.41,0.1568
1131,N2C,9,8.5609,0.0,0,27.99,0.1307
1131,S2C,9,9.1824,0.0,0,26.09,0.1218
1131,E2C,8,7.2774,8.0,2,32.92,0.1605
1131,W2C,8,7.8305,13.0,3,30.6,0.1619
1132,N2C,9,9.4518,0.0,0,25.35,0.1179
1132,S2C,10,9.8342,0.0,0,24.36,0.1184
1132,E2C,9,7.7022,11.0,3,31.11,0.1684
1132,W2C,9,8.1159,16.0,3,29.52,0.1658
1133,N2C,8,10.4395,0.0,0,22.95,0.0977
1133,S2C,8,10.5481,0.0,0,22.71,0.0961
1133,E2C,9,7.3513,14.0,3,32.59,0.1755
1133,W2C,9,8.3031,19.0,3,28.86,0.1651
1134,N2C,7,10.8429,0.0,0,22.1,0.0859
1134,S2C,8,10.7895,0.0,0,22.21,0.0926
1134,E2C,9,6.9089,17.0,3,34.68,0.1839
1134,W2C,9,8.1925,22.0,3,29.25,0.1687
1135,N2C,7,12.0715,0.0,0,19.85,0.0682
1135,S2C,7,11.5258,0.0,0,20.79,0.076
1135,E2C,10,7.3609,21.0,4,32.55,0.192
1135,W2C,10,8.1546,25.0,3,29.38,0.1773
1136,N2C,6,12.5616,0.0,0,19.07,0.0551
1136,S2C,6,11.8783,0.0,0,20.17,0.065
1136,E2C,10,7.5162,25.0,4,31.88,0.1924
1136,W2C,10,7.7595,28.0,3,30.88,0.1849
1137,N2C,5,12.8963,0.0,0,18.58,0.0443
1137,S2C,5,11.8582,0.0,0,20.21,0.0593
1137,E2C,10,7.5565,29.0,4,31.71,0.1945
1137,W2C,10,6.7101,31.0,3,35.71,0.202
1138,N2C,5,12.8573,0.0,0,18.64,0.0449
1138,S2C,5,11.8075,0.0,0,20.29,0.06
1138,E2C,10,7.2426,33.0,4,33.08,0.2017
1138,W2C,10,5.9751,34.0,3,40.1,0.2146
1139,N2C,6,12.9002,0.0,0,18.57,0.0503
1139,S2C,5,11.8163,0.0,0,20.28,0.0599
1139,E2C,11,7.2634,37.0,4,32.99,0.2101
1139,W2C,11,5.9293,38.0,4,40.41,0.23
1140,N2C,6,12.7713,0.0,0,18.76,0.0521
1140,S2C,5,11.8952,0.0,0,20.14,0.0587
1140,E2C,11,6.6539,41.0,4,36.01,0.2215
1140,W2C,11,5.8586,43.0,5,40.9,0.2403
1141,N2C,6,12.8142,0.0,0,18.7,0.0515
1141,S2C,5,12.0494,0.0,0,19.88,0.0565
1141,E2C,11,5.9983,46.0,5,39.94,0.2403
1141,W2C,11,5.6123,49.0,6,42.69,0.2539
1142,N2C,6,12.8869,0.0,0,18.59,0.0504
1142,S2C,5,11.7451,0.0,0,20.4,0.0609
1142,E2C,11,5.4215,51.0,5,44.19,0.2519
1142,W2C,11,5.6586,55.0,6,42.34,0.2572
1143,N2C,5,13.175,0.0,0,18.19,0.0403
1143,S2C,6,11.7922,0.0,0,20.32,0.0662
1143,E2C,12,5.7852,57.0,6,41.42,0.2627
1143,W2C,12,6.0132,61.0,6,39.85,0.2621
1144,N2C,5,12.8605,0.0,0,18.63,0.0448
1144,S2C,6,11.5673,0.0,0,20.71,0.0694
1144,E2C,12,5.2847,63.0,6,45.34,0.2739
1144,W2C,12,5.2981,67.0,6,45.22,0.2764
1145,N2C,5,12.8444,0.0,0,18.65,0.0451
1145,S2C,6,11.7184,0.0,0,20.45,0.0673
1145,E2C,12,4.6901,70.0,7,51.09,0.2931
1145,W2C,12,4.6512,73.0,6,51.51,0.2897
1146,N2C,5,13.044,0.0,0,18.37,0.0422
1146,S2C,7,11.7304,0.0,0,20.43,0.0731
1146,E2C,13,5.0449,77.0,7,47.49,0.2987
1146,W2C,13,4.7721,79.0,6,50.21,0.298
1147,N2C,5,12.9437,0.0,0,18.51,0.0436
1147,S2C,7,11.9582,0.0,0,20.04,0.0698
1147,E2C,13,4.7409,85.0,8,50.54,0.3144
1147,W2C,13,4.4419,87.0,8,53.94,0.32
1148,N2C,5,13.066,0.0,0,18.34,0.0419
1148,S2C,5,11.5874,0.0,0,20.68,0.0632
1148,E2C,13,4.3702,93.0,8,54.83,0.3251
1148,W2C,13,4.2397,95.0,8,56.51,0.3283
1149,N2C,5,12.6924,0.0,0,18.88,0.0472
1149,S2C,5,12.3962,0.0,0,19.33,0.0515
1149,E2C,13,4.1997,101.0,8,57.05,0.3329
1149,W2C,13,3.901,103.0,8,61.42,0.3385
1150,N2C,6,12.9609,0.0,0,18.49,0.0494
1150,S2C,5,12.079,0.0,0,19.84,0.0561
1150,E2C,14,4.4963,109.0,8,53.29,0.3399
1150,W2C,14,4.4063,111.0,8,54.38,0.3426
1151,N2C,5,12.8793,0.0,0,18.6,0.0446
1151,S2C,6,12.091,0.0,0,19.82,0.0619
1151,E2C,14,4.2547,117.0,8,56.31,0.3487
1151,W2C,14,3.9623,120.0,9,60.47,0.3609
1152,N2C,5,13.0384,0.0,0,18.38,0.0423
1152,S2C,6,11.9918,0.0,0,19.98,0.0633
1152,E2C,14,3.9664,126.0,9,60.41,0.3649
1152,W2C,14,3.6248,129.0,9,66.1,0.3718
1153,N2C,5,12.5994,0.0,0,19.02,0.0486
1153,S2C,6,11.9926,0.0,0,19.98,0.0633
1153,E2C,15,4.1876,136.0,10,57.22,0.3804
1153,W2C,15,4.031,138.0,9,59.44,0.378
1154,N2C,5,12.5012,0.0,0,19.17,0.05
1154,S2C,6,11.3554,0.0,0,21.1,0.0725
1154,E2C,15,4.0701,146.0,10,58.87,0.3887
1154,W2C,15,4.0394,147.0,9,59.32,0.3838
1155,N2C,5,12.7799,0.0,0,18.75,0.046
1155,S2C,6,10.4814,0.0,0,22.86,0.0851
1155,E2C,15,3.7585,156.0,10,63.75,0.3999
1155,W2C,15,3.9648,157.0,10,60.43,0.3976
1156,N2C,5,12.5699,0.0,0,19.06,0.049
1156,S2C,6,9.9983,0.0,0,23.96,0.092
1156,E2C,13,3.9085,108.0,8,61.3,0.3417
1156,W2C,13,4.6497,105.0,8,51.53,0.329
1157,N2C,5,12.1194,0.0,0,19.77,0.0555
1157,S2C,6,9.971,0.0,0,24.03,0.0924
1157,E2C,14,4.8428,68.0,7,49.48,0.3016
1157,W2C,14,5.4827,68.0,6,43.7,0.2864
1158,N2C,6,11.4919,0.0,0,20.85,0.0705
1158,S2C,7,9.8362,1.0,1,24.36,0.107
1158,E2C,14,5.027,41.0,5,47.66,0.269
1158,W2C,14,5.355,36.0,4,44.74,0.2549
1159,N2C,6,10.4156,0.0,0,23.0,0.086
1159,S2C,7,9.1329,2.0,1,26.23,0.1178
1159,E2C,12,5.156,18.0,3,46.47,0.2278
1159,W2C,12,5.3785,14.0,2,44.55,0.2159
1160,N2C,6,10.3333,1.0,1,23.19,0.0939
1160,S2C,7,8.6148,4.0,2,27.81,0.1326
1160,E2C,12,5.3914,4.0,1,44.44,0.203
1160,W2C,12,5.6372,0.0,0,42.5,0.1908
1161,N2C,7,10.241,2.0,1,23.4,0.1019
1161,S2C,8,9.0535,6.0,2,26.46,0.1336
1161,E2C,12,7.0826,0.0,0,33.83,0.17
1161,W2C,12,7.0313,0.0,0,34.08,0.1708
1162,N2C,7,9.5633,3.0,1,25.05,0.1123
1162,S2C,8,8.7407,8.0,2,27.41,0.1395
1162,E2C,11,7.8187,0.0,0,30.64,0.1534
1162,W2C,11,7.9157,0.0,0,30.27,0.152
1163,N2C,7,8.4323,5.0,2,28.41,0.1359
1163,S2C,8,7.758,10.0,2,30.88,0.155
1163,E2C,10,8.5198,0.0,0,28.12,0.1373
1163,W2C,10,8.7561,0.0,0,27.36,0.1339
1164,N2C,8,8.5418,7.0,2,28.05,0.1417
1164,S2C,9,8.167,12.0,2,29.34,0.1564
1164,E2C,10,9.2115,0.0,0,26.01,0.1274
1164,W2C,10,9.7857,0.0,0,24.48,0.1191
1165,N2C,8,7.904,9.0,2,30.31,0.1522
1165,S2C,9,7.3541,14.0,2,32.58,0.1694
1165,E2C,9,9.8914,0.0,0,24.22,0.1116
1165,W2C,9,10.2738,0.0,0,23.32,0.1061
1166,N2C,8,7.7964,11.0,2,30.73,0.1551
1166,S2C,9,7.023,16.0,2,34.12,0.1755
1166,E2C,8,10.909,0.0,0,21.96,0.0909
1166,W2C,8,11.0149,0.0,0,21.75,0.0894
1167,N2C,8,7.628,14.0,3,31.41,0.1655
1167,S2C,9,6.8127,19.0,3,35.17,0.1866
1167,E2C,7,11.5407,0.0,0,20.76,0.0758
1167,W2C,7,11.6473,0.0,0,20.57,0.0743
1168,N2C,9,7.8561,17.0,3,30.5,0.1702
1168,S2C,10,7.1325,23.0,4,33.59,0.1966
1168,E2C,7,12.4564,0.0,0,19.24,0.0626
1168,W2C,7,12.3274,0.0,0,19.44,0.0645
1169,N2C,9,7.6735,20.0,3,31.22,0.1748
1169,S2C,10,6.6849,27.0,4,35.84,0.2057
1169,E2C,5,12.8326,0.0,0,18.67,0.0452
1169,W2C,5,13.1757,0.0,0,18.19,0.0403
1170,N2C,9,7.02,23.0,3,34.13,0.1863
1170,S2C,10,6.3878,31.0,4,37.51,0.2127
1170,E2C,5,13.1015,0.0,0,18.29,0.0414
1170,W2C,5,13.1505,0.0,0,18.22,0.0406
1171,N2C,10,6.9093,26.0,3,34.68,0.1958
1171,S2C,11,6.6201,36.0,5,36.19,0.2247
1171,E2C,5,13.5433,0.0,0,17.69,0.035
1171,W2C,6,12.7618,0.0,0,18.77,0.0522
1172,N2C,10,6.535,29.0,3,36.66,0.2032
1172,S2C,11,6.6508,41.0,5,36.03,0.2276
1172,E2C,5,12.9308,0.0,0,18.53,0.0438
1172,W2C,5,12.7988,0.0,0,18.72,0.0457
1173,N2C,10,6.1917,33.0,4,38.7,0.2168
1173,S2C,11,6.3657,46.0,5,37.64,0.235
1173,E2C,5,12.8007,0.0,0,18.72,0.0457
1173,W2C,5,12.6333,0.0,0,18.97,0.0481
1174,N2C,10,6.1166,38.0,5,39.17,0.2273
1174,S2C,11,6.0358,51.0,5,39.7,0.2431
1174,E2C,5,12.9951,0.0,0,18.44,0.0429
1174,W2C,5,12.6852,0.0,0,18.89,0.0473
1175,N2C,11,6.4981,43.0,5,36.87,0.2311
1175,S2C,12,5.8656,56.0,5,40.85,0.2549
1175,E2C,5,13.23,0.0,0,18.11,0.0395
1175,W2C,5,12.698,0.0,0,18.87,0.0472
1176,N2C,11,6.4153,48.0,5,37.35,0.2356
1176,S2C,12,5.2489,61.0,5,45.65,0.2671
1176,E2C,5,12.7734,0.0,0,18.76,0.0461
1176,W2C,5,12.4397,0.0,0,19.26,0.0509
1177,N2C,11,5.6797,53.0,5,42.19,0.2496
1177,S2C,12,5.0658,66.0,5,47.3,0.2731
1177,E2C,5,13.2267,0.0,0,18.11,0.0396
1177,W2C,5,12.5044,0.0,0,19.16,0.05
1178,N2C,11,5.1267,58.0,5,46.74,0.2608
1178,S2C,12,5.1996,72.0,6,46.08,0.2811
1178,E2C,5,12.9421,0.0,0,18.51,0.0436
1178,W2C,5,12.4868,0.0,0,19.19,0.0502
1179,N2C,12,5.3183,63.0,5,45.05,0.2674
1179,S2C,13,5.4116,79.0,7,44.28,0.2947
1179,E2C,5,13.3391,0.0,0,17.96,0.0379
1179,W2C,5,12.5491,0.0,0,19.09,0.0493
1180,N2C,12,5.118,69.0,6,46.82,0.2803
1180,S2C,13,4.851,86.0,7,49.39,0.3075
1180,E2C,5,13.2557,0.0,0,18.08,0.0391
1180,W2C,5,12.4945,0.0,0,19.18,0.0501
1181,N2C,12,4.9312,75.0,6,48.59,0.287
1181,S2C,13,4.1196,93.0,7,58.16,0.3227
1181,E2C,5,13.2273,0.0,0,18.11,0.0395
1181,W2C,5,12.5971,0.0,0,19.02,0.0486
1182,N2C,13,5.3557,82.0,7,44.74,0.2976
1182,S2C,14,4.6017,101.0,8,52.07,0.3331
1182,E2C,6,13.0359,0.0,0,18.38,0.0483
1182,W2C,5,12.497,0.0,0,19.17,0.0501
1183,N2C,13,4.7209,89.0,7,50.75,0.3114
1183,S2C,14,4.4374,110.0,9,54.0,0.3474
1183,E2C,5,13.2604,0.0,0,18.07,0.0391
1183,W2C,5,12.3813,0.0,0,19.35,0.0517
1184,N2C,13,4.1435,96.0,7,57.83,0.3243
1184,S2C,14,4.0198,119.0,9,59.6,0.3595
1184,E2C,5,13.0917,0.0,0,18.3,0.0415
1184,W2C,5,12.4054,0.0,0,19.31,0.0514
1185,N2C,13,3.7004,103.0,7,64.75,0.3354
1185,S2C,14,3.8816,128.0,9,61.73,0.3674
1185,E2C,5,13.1788,0.0,0,18.18,0.0402
1185,W2C,5,12.3476,0.0,0,19.4,0.0522
1186,N2C,14,4.3863,110.0,7,54.62,0.3362
1186,S2C,15,4.0529,137.0,9,59.12,0.377
1186,E2C,5,13.1996,0.0,0,18.15,0.0399
1186,W2C,4,12.1656,0.0,0,19.69,0.0488
1187,N2C,14,4.3266,118.0,8,55.38,0.3484
1187,S2C,15,4.2148,146.0,9,56.85,0.3806
1187,E2C,5,13.1563,0.0,0,18.21,0.0406
1187,W2C,5,12.1133,0.0,0,19.78,0.0556
1188,N2C,14,4.279,127.0,9,55.99,0.3611
1188,S2C,15,4.1091,156.0,10,58.31,0.3948
1188,E2C,5,13.0756,0.0,0,18.32,0.0417
1188,W2C,5,12.2139,0.0,0,19.62,0.0541
1189,N2C,13,5.564,79.0,7,43.06,0.2926
1189,S2C,14,5.4115,104.0,8,44.28,0.3234
1189,E2C,6,12.4874,0.0,0,19.19,0.0562
1189,W2C,6,12.5727,0.0,0,19.06,0.055
1190,N2C,13,5.4279,44.0,5,44.14,0.2592
1190,S2C,14,5.288,65.0,6,45.31,0.2872
1190,E2C,6,11.6804,0.0,0,20.51,0.0678
1190,W2C,6,12.2913,0.0,0,19.49,0.059
1191,N2C,13,6.083,21.0,3,39.39,0.2224
1191,S2C,14,5.1071,36.0,4,46.91,0.2585
1191,E2C,6,11.0702,0.0,0,21.64,0.0766
1191,W2C,6,12.3725,0.0,0,19.37,0.0579
1192,N2C,11,6.4726,5.0,1,37.02,0.1821
1192,S2C,12,4.9927,15.0,2,47.99,0.2221
1192,E2C,6,10.5384,1.0,1,22.74,0.0909
1192,W2C,6,11.5673,0.0,0,20.71,0.0694
1193,N2C,12,7.0882,0.0,0,33.8,0.1699
1193,S2C,13,5.966,0.0,0,40.16,0.1921
1193,E2C,7,10.3292,2.0,1,23.2,0.1006
1193,W2C,6,11.1896,0.0,0,21.41,0.0749
1194,N2C,11,7.2081,0.0,0,33.24,0.1622
1194,S2C,12,6.2784,0.0,0,38.16,0.1816
1194,E2C,7,9.9802,3.0,1,24.01,0.1063
1194,W2C,7,10.4264,0.0,0,22.98,0.0919
1195,N2C,10,8.0782,0.0,0,29.66,0.1437
1195,S2C,11,7.1026,0.0,0,33.73,0.1637
1195,E2C,7,9.5885,4.0,1,24.99,0.1126
1195,W2C,7,9.4756,0.0,0,25.29,0.1056
1196,N2C,9,8.416,0.0,0,28.47,0.1328
1196,S2C,10,7.2575,0.0,0,33.01,0.1555
1196,E2C,7,8.8308,6.0,2,27.13,0.1308
1196,W2C,7,8.769,0.0,0,27.32,0.1157
1197,N2C,9,9.8198,0.0,0,24.4,0.1126
1197,S2C,10,8.6023,0.0,0,27.85,0.1361
1197,E2C,8,8.8272,8.0,2,27.14,0.1382
1197,W2C,8,8.931,1.0,1,26.83,0.1261
1198,N2C,8,10.5101,0.0,0,22.8,0.0967
1198,S2C,10,9.3506,0.0,0,25.62,0.1254
1198,E2C,8,8.1828,10.0,2,29.28,0.1488
1198,W2C,8,7.9848,2.0,1,30.01,0.1404
1199,N2C,7,11.1832,0.0,0,21.43,0.081
1199,S2C,8,10.2654,0.0,0,23.34,0.1002
1199,E2C,8,7.6173,12.0,2,31.45,0.1583
1199,W2C,8,7.268,4.0,2,32.97,0.158
1200,N2C,7,12.1113,0.0,0,19.78,0.0676
1200,S2C,8,11.5631,0.0,0,20.72,0.0815
1200,E2C,9,7.3393,15.0,3,32.65,0.1763
1200,W2C,9,7.7942,6.0,2,30.74,0.1578
1201,N2C,6,12.376,0.0,0,19.36,0.0578
1201,S2C,7,11.9935,0.0,0,19.98,0.0693
1201,E2C,9,6.9496,18.0,3,34.48,0.1839
1201,W2C,9,7.318,9.0,3,32.74,0.1726
1202,N2C,6,12.7146,0.0,0,18.84,0.0529
1202,S2C,6,12.3172,0.0,0,19.45,0.0586
1202,E2C,9,6.5619,21.0,3,36.51,0.1915
1202,W2C,9,7.0569,12.0,3,33.95,0.1784
1203,N2C,5,12.9231,0.0,0,18.54,0.0439
1203,S2C,5,12.2977,0.0,0,19.48,0.0529
1203,E2C,9,6.0509,24.0,3,39.6,0.2009
1203,W2C,9,6.9277,15.0,3,34.59,0.1822
1204,N2C,5,12.8419,0.0,0,18.66,0.0451
1204,S2C,6,12.7154,0.0,0,18.84,0.0529
1204,E2C,10,6.5561,28.0,4,36.55,0.2083
1204,W2C,10,7.7618,19.0,4,30.87,0.1849
1205,N2C,5,12.8983,0.0,0,18.58,0.0443
1205,S2C,6,12.4838,0.0,0,19.19,0.0562
1205,E2C,10,6.2269,33.0,5,38.48,0.2223
1205,W2C,10,7.4931,23.0,4,31.98,0.1914
1206,N2C,5,12.5561,0.0,0,19.08,0.0492
1206,S2C,5,13.0039,0.0,0,18.43,0.0428
1206,E2C,10,6.1622,38.0,5,38.88,0.2266
1206,W2C,10,6.6752,27.0,4,35.89,0.2059
1207,N2C,6,12.899,0.0,0,18.58,0.0503
1207,S2C,5,12.7808,0.0,0,18.75,0.046
1207,E2C,11,6.8341,43.0,5,35.06,0.2263
1207,W2C,11,6.6551,31.0,4,36.0,0.2148
1208,N2C,6,13.1294,0.0,0,18.25,0.047
1208,S2C,5,12.484,0.0,0,19.19,0.0502
1208,E2C,11,6.1541,48.0,5,38.93,0.2394
1208,W2C,11,6.1526,35.0,4,38.94,0.2247
1209,N2C,5,13.0239,0.0,0,18.4,0.0425
1209,S2C,5,12.6038,0.0,0,19.01,0.0485
1209,E2C,11,5.3149,53.0,5,45.08,0.2548
1209,W2C,11,5.904,39.0,4,40.58,0.231
1210,N2C,5,12.7267,0.0,0,18.83,0.0468
1210,S2C,5,12.6818,0.0,0,18.89,0.0474
1210,E2C,11,4.8468,59.0,6,49.44,0.2715
1210,W2C,11,5.8925,45.0,6,40.66,0.2472
1211,N2C,5,12.9587,0.0,0,18.49,0.0434
1211,S2C,6,12.89,0.0,0,18.59,0.0504
1211,E2C,12,5.2955,65.0,6,45.25,0.2751
1211,W2C,12,6.4462,51.0,6,37.17,0.2492
1212,N2C,5,12.9898,0.0,0,18.45,0.043
1212,S2C,6,12.6477,0.0,0,18.94,0.0539
1212,E2C,12,5.2683,72.0,7,45.48,0.2861
1212,W2C,12,6.2103,57.0,6,38.58,0.2566
1213,N2C,5,12.6046,0.0,0,19.01,0.0485
1213,S2C,5,12.5519,0.0,0,19.09,0.0493
1213,E2C,12,4.9363,79.0,7,48.54,0.2956
1213,W2C,12,5.6873,63.0,6,42.13,0.2681
1214,N2C,5,12.6223,0.0,0,18.98,0.0483
1214,S2C,5,12.7723,0.0,0,18.76,0.0461
1214,E2C,12,4.5836,86.0,7,52.27,0.3053
1214,W2C,12,4.9791,69.0,6,48.12,0.2823
1215,N2C,5,12.9382,0.0,0,18.52,0.0437
1215,S2C,6,12.8533,0.0,0,18.64,0.0509
1215,E2C,13,4.8391,93.0,7,49.51,0.3123
1215,W2C,13,5.1937,75.0,6,46.13,0.2892
1216,N2C,5,13.335,0.0,0,17.97,0.038
1216,S2C,5,12.6606,0.0,0,18.92,0.0477
1216,E2C,13,4.8774,100.0,7,49.12,0.3164
1216,W2C,13,4.6454,83.0,8,51.58,0.3144
1217,N2C,5,12.8377,0.0,0,18.66,0.0452
1217,S2C,5,12.4242,0.0,0,19.28,0.0511
1217,E2C,13,4.6743,108.0,8,51.26,0.3307
1217,W2C,13,4.2538,91.0,8,56.33,0.3254
1218,N2C,6,13.1044,0.0,0,18.28,0.0473
1218,S2C,6,12.3651,0.0,0,19.38,0.058
1218,E2C,14,5.3629,116.0,8,44.68,0.3321
1218,W2C,14,4.7989,99.0,8,49.93,0.3289
1219,N2C,6,12.338,0.0,0,19.42,0.0583
1219,S2C,5,12.2435,0.0,0,19.57,0.0537
1219,E2C,14,5.2236,124.0,8,45.87,0.3395
1219,W2C,14,4.5388,107.0,8,52.79,0.338
1220,N2C,6,11.4582,0.0,0,20.91,0.071
1220,S2C,5,12.4502,0.0,0,19.24,0.0507
1220,E2C,14,4.6899,132.0,8,51.09,0.3525
1220,W2C,14,4.1831,116.0,9,57.28,0.3551
1221,N2C,6,10.6307,0.0,0,22.54,0.0829
1221,S2C,5,12.6401,0.0,0,18.96,0.048
1221,E2C,14,4.0451,140.0,8,59.23,0.3671
1221,W2C,14,3.8853,125.0,9,61.67,0.3654
1222,N2C,6,9.9931,1.0,1,23.98,0.0988
1222,S2C,6,12.72,0.0,0,18.84,0.0528
1222,E2C,13,4.5213,90.0,6,52.99,0.3089
1222,W2C,13,4.5621,86.0,7,52.52,0.3116
1223,N2C,7,9.753,2.0,1,24.57,0.1089
1223,S2C,6,12.4441,0.0,0,19.25,0.0568
1223,E2C,13,4.4281,52.0,4,54.11,0.2729
1223,W2C,13,4.4785,48.0,5,53.5,0.2755
1224,N2C,7,9.0754,4.0,2,26.4,0.126
1224,S2C,6,11.7739,0.0,0,20.35,0.0665
1224,E2C,13,4.6329,22.0,3,51.72,0.244
1224,W2C,13,4.6074,24.0,4,52.0,0.2517
1225,N2C,8,9.2009,6.0,2,26.04,0.1315
1225,S2C,7,11.1702,0.0,0,21.45,0.0812
1225,E2C,12,5.8348,3.0,2,41.06,0.202
1225,W2C,12,5.7148,8.0,2,41.93,0.207
1226,N2C,8,8.4572,8.0,2,28.33,0.1436
1226,S2C,7,9.5032,1.0,1,25.21,0.1118
1226,E2C,12,5.8913,1.0,1,40.67,0.1938
1226,W2C,12,6.2527,1.0,1,38.32,0.1886
1227,N2C,8,7.8945,11.0,3,30.35,0.1597
1227,S2C,7,9.2548,2.0,1,25.89,0.1161
1227,E2C,11,6.5919,0.0,0,36.35,0.1711
1227,W2C,11,6.6402,0.0,0,36.08,0.1704
1228,N2C,8,7.5233,14.0,3,31.85,0.167
1228,S2C,7,8.5566,3.0,1,28.0,0.1268
1228,E2C,10,7.0094,0.0,0,34.18,0.1591
1228,W2C,10,7.2863,0.0,0,32.88,0.1551
1229,N2C,9,7.6268,17.0,3,31.42,0.1735
1229,S2C,8,8.3052,5.0,2,28.85,0.1437
1229,E2C,10,8.9339,0.0,0,26.82,0.1314
1229,W2C,11,8.5403,0.0,0,28.06,0.143
1230,N2C,9,7.1723,20.0,3,33.41,0.1821
1230,S2C,8,7.8324,7.0,2,30.59,0.1519
1230,E2C,9,9.8114,0.0,0,24.42,0.1127
1230,W2C,9,9.0757,0.0,0,26.4,0.1233
1231,N2C,9,6.8985,23.0,3,34.73,0.188
1231,S2C,8,7.7513,10.0,3,30.91,0.1611
1231,E2C,8,10.1005,0.0,0,23.72,0.1026
1231,W2C,9,9.6254,0.0,0,24.89,0.1154
1232,N2C,9,6.2796,26.0,3,38.16,0.1989
1232,S2C,8,7.4833,13.0,3,32.02,0.1669
1232,E2C,7,10.8611,0.0,0,22.06,0.0856
1232,W2C,7,10.784,0.0,0,22.22,0.0867
1233,N2C,10,6.7818,30.0,4,35.33,0.2064
1233,S2C,9,7.8409,16.0,3,30.56,0.1698
1233,E2C,8,11.8667,0.0,0,20.19,0.0771
1233,W2C,8,11.4253,0.0,0,20.97,0.0835
1234,N2C,10,6.3253,34.0,4,37.88,0.2156
1234,S2C,9,7.2963,19.0,3,32.84,0.1796
1234,E2C,6,12.2813,0.0,0,19.51,0.0592
1234,W2C,6,12.0037,0.0,0,19.96,0.0632
1235,N2C,10,6.0422,38.0,4,39.65,0.2223
1235,S2C,9,6.8747,23.0,4,34.85,0.1943
1235,E2C,5,12.4594,0.0,0,19.23,0.0506
1235,W2C,5,12.5035,0.0,0,19.16,0.05
1236,N2C,11,6.113,43.0,5,39.2,0.2366
1236,S2C,10,7.5564,27.0,4,31.71,0.1932
1236,E2C,6,13.1423,0.0,0,18.23,0.0468
1236,W2C,5,12.1827,0.0,0,19.67,0.0546
1237,N2C,11,5.7393,49.0,6,41.75,0.252
1237,S2C,10,6.9784,31.0,4,34.33,0.2042
1237,E2C,6,12.914,0.0,0,18.55,0.0501
1237,W2C,5,12.0534,0.0,0,19.88,0.0564
1238,N2C,11,5.7837,55.0,6,41.43,0.2554
1238,S2C,10,6.7855,35.0,4,35.31,0.2096
1238,E2C,6,12.7508,0.0,0,18.79,0.0524
1238,W2C,5,12.3235,0.0,0,19.44,0.0526
1239,N2C,11,5.6554,61.0,6,42.37,0.2612
1239,S2C,10,6.0841,39.0,4,39.38,0.2224
1239,E2C,5,12.8084,0.0,0,18.71,0.0456
1239,W2C,5,12.0728,0.0,0,19.85,0.0562
1240,N2C,12,6.4598,67.0,6,37.09,0.2597
1240,S2C,11,6.2223,44.0,5,38.51,0.2357
1240,E2C,6,13.261,0.0,0,18.07,0.0451
1240,W2C,6,12.356,0.0,0,19.39,0.0581
1241,N2C,12,5.862,73.0,6,40.87,0.2723
1241,S2C,11,5.9568,49.0,5,40.22,0.2429
1241,E2C,5,13.3026,0.0,0,18.01,0.0385
1241,W2C,6,12.3115,0.0,0,19.46,0.0587
1242,N2C,12,5.1054,79.0,6,46.93,0.2872
1242,S2C,11,5.1551,54.0,5,46.48,0.2578
1242,E2C,5,13.4349,0.0,0,17.83,0.0366
1242,W2C,6,12.0977,0.0,0,19.81,0.0618
1243,N2C,13,5.0802,85.0,6,47.16,0.2975
1243,S2C,12,5.6507,59.0,5,42.4,0.26
1243,E2C,4,13.3123,0.0,0,18.0,0.0323
1243,W2C,5,12.1793,0.0,0,19.67,0.0546
1244,N2C,13,4.9466,91.0,6,48.44,0.3034
1244,S2C,12,5.1712,65.0,6,46.33,0.2769
1244,E2C,5,13.1182,0.0,0,18.26,0.0411
1244,W2C,6,12.2744,0.0,0,19.52,0.0593
1245,N2C,13,4.9046,98.0,7,48.85,0.3147
1245,S2C,12,5.1793,72.0,7,46.26,0.2874
1245,E2C,5,12.9083,0.0,0,18.56,0.0441
1245,W2C,6,12.0416,0.0,0,19.9,0.0626
1246,N2C,13,4.4894,106.0,8,53.37,0.332
1246,S2C,12,4.9196,79.0,7,48.7,0.2958
1246,E2C,5,13.0789,0.0,0,18.32,0.0417
1246,W2C,5,12.9463,0.0,0,18.51,0.0436
1247,N2C,14,4.9393,114.0,8,48.51,0.3369
1247,S2C,13,5.5289,86.0,7,43.34,0.2977
1247,E2C,5,12.7794,0.0,0,18.75,0.046
1247,W2C,5,12.922,0.0,0,18.54,0.0439
1248,N2C,14,4.3165,122.0,8,55.51,0.3512
1248,S2C,13,5.0179,93.0,7,47.75,0.3097
1248,E2C,5,13.1985,0.0,0,18.15,0.04
1248,W2C,5,12.7335,0.0,0,18.82,0.0467
1249,N2C,14,4.1912,131.0,9,57.17,0.365
1249,S2C,13,4.5281,100.0,7,52.91,0.3215
1249,E2C,5,12.889,0.0,0,18.59,0.0444
1249,W2C,5,12.7477,0.0,0,18.8,0.0464
1250,N2C,14,3.8415,140.0,9,62.37,0.376
1250,S2C,13,4.0743,107.0,7,58.81,0.3327
1250,E2C,5,12.9402,0.0,0,18.52,0.0437
1250,W2C,5,12.8243,0.0,0,18.68,0.0453
1251,N2C,15,4.1463,149.0,9,57.79,0.3836
1251,S2C,14,4.7015,115.0,8,50.96,0.341
1251,E2C,4,12.8374,0.0,0,18.66,0.0392
1251,W2C,6,12.8291,0.0,0,18.68,0.0513
1252,N2C,15,3.7148,158.0,9,64.5,0.3958
1252,S2C,14,4.5663,124.0,9,52.47,0.3549
1252,E2C,5,13.2141,0.0,0,18.13,0.0397
1252,W2C,5,13.0049,0.0,0,18.42,0.0427
1253,N2C,15,3.4208,168.0,10,70.04,0.4127
1253,S2C,14,4.2968,133.0,9,55.76,0.3648
1253,E2C,5,12.7527,0.0,0,18.79,0.0464
1253,W2C,5,13.0484,0.0,0,18.36,0.0421
1254,N2C,16,4.0188,178.0,10,59.62,0.4168
1254,S2C,15,4.9751,142.0,9,48.16,0.367
1254,E2C,6,11.7994,0.0,0,20.31,0.0661
1254,W2C,6,12.884,0.0,0,18.6,0.0505
1255,N2C,14,4.1057,123.0,9,58.36,0.3609
1255,S2C,13,5.0754,94.0,7,47.21,0.3096
1255,E2C,6,10.9156,0.0,0,21.95,0.0788
1255,W2C,6,12.4846,0.0,0,19.19,0.0562
1256,N2C,14,4.1297,78.0,7,58.02,0.3185
1256,S2C,13,4.7777,53.0,5,50.15,0.2745
1256,E2C,6,10.6279,0.0,0,22.54,0.083
1256,W2C,6,11.3723,0.0,0,21.07,0.0723
1257,N2C,14,4.2193,42.0,5,56.79,0.2812
1257,S2C,13,4.8211,26.0,3,49.7,0.2439
1257,E2C,6,10.4489,0.0,0,22.93,0.0855
1257,W2C,6,10.5282,0.0,0,22.76,0.0844
1258,N2C,13,5.5061,20.0,3,43.52,0.2301
1258,S2C,13,5.5495,9.0,3,43.18,0.2221
1258,E2C,7,10.1012,1.0,1,23.72,0.1032
1258,W2C,7,10.0735,0.0,0,23.79,0.097
1259,N2C,13,6.1249,6.0,2,39.12,0.2058
1259,S2C,12,5.9885,2.0,1,40.01,0.1931
1259,E2C,7,9.4698,2.0,1,25.3,0.113
1259,W2C,7,9.5983,1.0,1,24.96,0.1105
1260,N2C,11,6.2912,0.0,0,38.08,0.1754
1260,S2C,12,6.5324,0.0,0,36.68,0.1779
1260,E2C,7,8.988,4.0,2,26.66,0.1272
1260,W2C,7,9.2536,2.0,1,25.89,0.1161
1261,N2C,12,7.0893,0.0,0,33.8,0.1699
1261,S2C,11,7.345,0.0,0,32.62,0.1602
1261,E2C,8,9.172,6.0,2,26.12,0.1319
1261,W2C,8,9.5884,3.0,1,24.99,0.1179
1262,N2C,12,7.7321,0.0,0,30.99,0.1607
1262,S2C,11,8.0646,0.0,0,29.71,0.1499
1262,E2C,8,9.1822,8.0,2,26.09,0.1331
1262,W2C,8,9.0093,5.0,2,26.59,0.1336
1263,N2C,10,8.1947,0.0,0,29.24,0.142
1263,S2C,9,8.78,0.0,0,27.29,0.1276
1263,E2C,8,8.7795,10.0,2,27.29,0.1403
1263,W2C,8,8.5248,7.0,2,28.11,0.1419
1264,N2C,10,9.0634,0.0,0,26.44,0.1295
1264,S2C,9,9.7053,0.0,0,24.69,0.1143
1264,E2C,8,7.6675,12.0,2,31.25,0.1576
1264,W2C,8,7.4551,10.0,3,32.14,0.1653
1265,N2C,9,10.0093,0.0,0,23.94,0.1099
1265,S2C,8,10.5802,0.0,0,22.65,0.0957
1265,E2C,9,7.6094,15.0,3,31.49,0.1724
1265,W2C,9,7.7096,13.0,3,31.08,0.1697
1266,N2C,9,10.3157,0.0,0,23.23,0.1055
1266,S2C,7,10.9811,0.0,0,21.82,0.0839
1266,E2C,9,7.2123,18.0,3,33.22,0.1802
1266,W2C,9,7.248,16.0,3,33.06,0.1783
1267,N2C,7,11.433,0.0,0,20.96,0.0774
1267,S2C,6,11.7199,0.0,0,20.44,0.0672
1267,E2C,9,6.8804,21.0,3,34.82,0.1869
1267,W2C,9,6.7016,19.0,3,35.75,0.1882
1268,N2C,7,12.0919,0.0,0,19.81,0.0679
1268,S2C,5,12.0103,0.0,0,19.95,0.0571
1268,E2C,9,6.6861,25.0,4,35.84,0.1984
1268,W2C,9,6.3877,23.0,4,37.51,0.2014
1269,N2C,6,12.5019,0.0,0,19.17,0.056
1269,S2C,5,12.0762,0.0,0,19.84,0.0561
1269,E2C,10,6.8778,29.0,4,34.84,0.2043
1269,W2C,10,6.7995,27.0,4,35.24,0.2041
1270,N2C,6,12.7977,0.0,0,18.72,0.0517
1270,S2C,5,12.0934,0.0,0,19.81,0.0559
1270,E2C,10,6.3902,33.0,4,37.49,0.214
1270,W2C,10,6.4799,31.0,4,36.98,0.2114
1271,N2C,5,13.1056,0.0,0,18.28,0.0413
1271,S2C,5,12.4359,0.0,0,19.27,0.0509
1271,E2C,10,6.2163,38.0,5,38.54,0.2258
1271,W2C,10,6.4862,36.0,5,36.94,0.2206
1272,N2C,6,13.017,0.0,0,18.41,0.0486
1272,S2C,5,12.0718,0.0,0,19.85,0.0562
1272,E2C,10,6.2367,43.0,5,38.42,0.2289
1272,W2C,11,6.7045,41.0,5,35.74,0.2268
1273,N2C,6,12.8409,0.0,0,18.66,0.0511
1273,S2C,5,12.0634,0.0,0,19.86,0.0563
1273,E2C,11,6.6277,48.0,5,36.15,0.2326
1273,W2C,11,6.4358,46.0,5,37.23,0.234
1274,N2C,5,12.7123,0.0,0,18.85,0.047
1274,S2C,5,12.1438,0.0,0,19.73,0.0551
1274,E2C,11,5.9433,53.0,5,40.31,0.2458
1274,W2C,11,5.7089,51.0,5,41.97,0.2478
1275,N2C,5,12.9373,0.0,0,18.52,0.0437
1275,S2C,5,12.2006,0.0,0,19.64,0.0543
1275,E2C,11,5.1426,58.0,5,46.59,0.2606
1275,W2C,11,5.0206,56.0,5,47.72,0.261
1276,N2C,5,12.8149,0.0,0,18.7,0.0455
1276,S2C,6,12.3652,0.0,0,19.38,0.058
1276,E2C,12,5.3804,63.0,5,44.53,0.2665
1276,W2C,12,5.1804,61.0,5,46.25,0.2681
1277,N2C,5,12.8689,0.0,0,18.62,0.0447
1277,S2C,5,12.0283,0.0,0,19.92,0.0568
1277,E2C,12,5.2627,68.0,5,45.53,0.2716
1277,W2C,12,5.0312,67.0,6,47.62,0.2802
1278,N2C,5,12.6693,0.0,0,18.91,0.0476
1278,S2C,5,12.0832,0.0,0,19.83,0.056
1278,E2C,12,5.2659,75.0,7,45.5,0.2882
1278,W2C,12,4.5543,74.0,7,52.61,0.2978
1279,N2C,5,12.9993,0.0,0,18.43,0.0428
1279,S2C,6,12.3785,0.0,0,19.36,0.0578
1279,E2C,13,5.7783,82.0,7,41.47,0.2915
1279,W2C,13,4.9979,81.0,7,47.94,0.302
1280,N2C,5,13.1022,0.0,0,18.29,0.0413
1280,S2C,6,12.4461,0.0,0,19.25,0.0568
1280,E2C,13,5.1601,89.0,7,46.43,0.305
1280,W2C,13,4.7041,88.0,7,50.93,0.3109
1281,N2C,5,12.7122,0.0,0,18.85,0.047
1281,S2C,6,12.2569,0.0,0,19.55,0.0595
1281,E2C,13,4.632,96.0,7,51.73,0.3173
1281,W2C,13,4.3639,95.0,7,54.91,0.3205
1282,N2C,5,12.552,0.0,0,19.09,0.0493
1282,S2C,6,11.68,0.0,0,20.51,0.0678
1282,E2C,13,4.1975,103.0,7,57.08,0.3282
1282,W2C,13,3.9828,103.0,8,60.16,0.3373
1283,N2C,6,12.8776,0.0,0,18.61,0.0506
1283,S2C,7,11.8461,0.0,0,20.23,0.0714
1283,E2C,14,4.6861,110.0,7,51.13,0.3319
1283,W2C,14,4.4151,111.0,8,54.27,0.3424
1284,N2C,5,13.0004,0.0,0,18.43,0.0428
1284,S2C,7,11.712,0.0,0,20.46,0.0734
1284,E2C,14,4.5303,118.0,8,52.89,0.3454
1284,W2C,14,4.1059,119.0,8,58.36,0.3522
1285,N2C,5,13.0832,0.0,0,18.31,0.0416
1285,S2C,7,11.4491,0.0,0,20.93,0.0771
1285,E2C,14,4.2119,127.0,9,56.89,0.362
1285,W2C,14,3.9517,128.0,9,60.63,0.3664
1286,N2C,5,12.6976,0.0,0,18.87,0.0472
1286,S2C,7,11.0661,0.0,0,21.65,0.0827
1286,E2C,14,3.8045,136.0,9,62.98,0.3739
1286,W2C,14,3.6918,137.0,9,64.9,0.3762
1287,N2C,6,11.9229,0.0,0,20.1,0.0643
1287,S2C,8,9.5593,0.0,0,25.06,0.1104
1287,E2C,15,4.334,146.0,10,55.28,0.3849
1287,W2C,15,4.1581,146.0,9,57.62,0.3815
1288,N2C,6,11.4287,0.0,0,20.96,0.0714
1288,S2C,8,8.0793,1.0,1,29.66,0.1383
1288,E2C,13,4.8431,96.0,8,49.47,0.3203
1288,W2C,13,4.7096,99.0,8,50.88,0.3242
1289,N2C,6,10.7819,0.0,0,22.22,0.0808
1289,S2C,8,7.1732,2.0,1,33.4,0.152
1289,E2C,13,5.2494,57.0,6,45.64,0.2764
1289,W2C,13,4.7908,59.0,6,50.01,0.2844
1290,N2C,7,10.913,1.0,1,21.96,0.0915
1290,S2C,9,7.4635,5.0,3,32.1,0.1679
1290,E2C,14,6.1393,30.0,4,39.03,0.2396
1290,W2C,14,5.717,31.0,4,41.91,0.2463
1291,N2C,7,10.7774,2.0,1,22.23,0.0942
1291,S2C,9,7.0249,8.0,3,34.11,0.1762
1291,E2C,12,6.1532,12.0,2,38.94,0.2034
1291,W2C,12,6.1067,11.0,2,39.24,0.2034
1292,N2C,7,9.8104,3.0,1,24.42,0.1087
1292,S2C,9,7.0568,11.0,3,33.95,0.1777
1292,E2C,12,6.2773,0.0,0,38.17,0.1816
1292,W2C,12,6.5774,0.0,0,36.43,0.1773
1293,N2C,7,9.1651,4.0,1,26.14,0.1187
1293,S2C,9,6.3788,15.0,4,37.56,0.1962
1293,E2C,11,6.3975,0.0,0,37.45,0.1739
1293,W2C,12,6.6449,0.0,0,36.06,0.1763
1294,N2C,8,9.1363,5.0,1,26.22,0.1258
1294,S2C,10,6.8372,19.0,4,35.04,0.1982
1294,E2C,11,7.3308,0.0,0,32.68,0.1604
1294,W2C,11,7.4432,0.0,0,32.19,0.1588
1295,N2C,8,8.4804,7.0,2,28.25,0.1426
1295,S2C,10,6.3387,23.0,4,37.8,0.2081
1295,E2C,10,8.0156,0.0,0,29.89,0.1446
1295,W2C,11,7.8612,0.0,0,30.48,0.1528
1296,N2C,8,7.7578,9.0,2,30.89,0.1543
1296,S2C,10,6.0457,28.0,5,39.63,0.2216
1296,E2C,9,8.9054,0.0,0,26.91,0.1258
1296,W2C,9,8.632,0.0,0,27.76,0.1297
1297,N2C,9,7.7951,12.0,3,30.74,0.1678
1297,S2C,11,6.1649,33.0,5,38.86,0.2292
1297,E2C,9,9.9636,0.0,0,24.05,0.1105
1297,W2C,10,9.9745,0.0,0,24.02,0.1164
1298,N2C,9,7.2667,15.0,3,32.97,0.1774
1298,S2C,11,5.9223,38.0,5,40.46,0.2361
1298,E2C,8,10.8777,0.0,0,22.03,0.0914
1298,W2C,8,10.5636,0.0,0,22.68,0.0959
1299,N2C,9,6.9232,18.0,3,34.61,0.1843
1299,S2C,11,5.8662,44.0,6,40.84,0.2469
1299,E2C,7,10.8843,0.0,0,22.01,0.0853
1299,W2C,8,11.2307,0.0,0,21.33,0.0863
1300,N2C,9,6.6058,21.0,3,36.27,0.1909
1300,S2C,11,5.4361,50.0,6,44.08,0.2571
1300,E2C,6,11.8521,0.0,0,20.22,0.0653
1300,W2C,6,12.0465,0.0,0,19.89,0.0625
1301,N2C,10,6.8306,24.0,3,35.08,0.1956
1301,S2C,12,5.9203,56.0,6,40.47,0.2601
1301,E2C,6,12.4369,0.0,0,19.27,0.0569
1301,W2C,7,11.9269,0.0,0,20.09,0.0703
1302,N2C,10,6.4642,28.0,4,37.07,0.2096
1302,S2C,12,5.3933,62.0,6,44.43,0.2717
1302,E2C,5,12.2052,0.0,0,19.63,0.0543
1302,W2C,6,12.5387,0.0,0,19.11,0.0555
1303,N2C,10,6.0529,33.0,5,39.58,0.2248
1303,S2C,12,5.5393,68.0,6,43.25,0.2736
1303,E2C,5,12.3427,0.0,0,19.41,0.0523
1303,W2C,6,12.4389,0.0,0,19.26,0.0569
1304,N2C,10,5.8135,38.0,5,41.21,0.2316
1304,S2C,12,5.0497,75.0,7,47.45,0.2913
1304,E2C,5,12.2931,0.0,0,19.49,0.053
1304,W2C,5,12.5203,0.0,0,19.14,0.0497
1305,N2C,11,6.2271,43.0,5,38.48,0.235
1305,S2C,13,5.7238,82.0,7,41.86,0.2923
1305,E2C,5,12.5162,0.0,0,19.14,0.0498
1305,W2C,5,13.0226,0.0,0,18.4,0.0425
1306,N2C,11,5.8961,48.0,5,40.64,0.2431
1306,S2C,13,5.1921,89.0,7,46.15,0.3046
1306,E2C,5,12.2384,0.0,0,19.58,0.0538
1306,W2C,5,12.9077,0.0,0,18.56,0.0441
1307,N2C,11,5.6889,54.0,6,42.12,0.2561
1307,S2C,13,4.7015,96.0,7,50.96,0.3163
1307,E2C,5,12.1485,0.0,0,19.72,0.0551
1307,W2C,5,12.487,0.0,0,19.19,0.0502
1308,N2C,12,6.0774,60.0,6,39.42,0.2605
1308,S2C,14,4.9793,103.0,7,48.12,0.323
1308,E2C,5,12.352,0.0,0,19.4,0.0521
1308,W2C,6,12.8599,0.0,0,18.63,0.0508
1309,N2C,12,5.8616,66.0,6,40.88,0.2676
1309,S2C,14,4.4647,111.0,8,53.67,0.3417
1309,E2C,5,12.5888,0.0,0,19.03,0.0487
1309,W2C,5,12.3322,0.0,0,19.43,0.0524
1310,N2C,12,5.1129,73.0,7,46.86,0.289
1310,S2C,14,4.2963,119.0,8,55.77,0.3495
1310,E2C,5,12.631,0.0,0,18.97,0.0481
1310,W2C,5,12.6342,0.0,0,18.96,0.0481
1311,N2C,12,4.8672,80.0,7,49.23,0.2973
1311,S2C,14,3.9244,128.0,9,61.05,0.3668
1311,E2C,5,12.6212,0.0,0,18.98,0.0483
1311,W2C,5,12.5505,0.0,0,19.09,0.0493
1312,N2C,13,5.028,87.0,7,47.65,0.3056
1312,S2C,15,4.1465,137.0,9,57.78,0.3756
1312,E2C,6,12.7024,0.0,0,18.86,0.0531
1312,W2C,6,12.717,0.0,0,18.84,0.0529
1313,N2C,13,4.697,94.0,7,51.01,0.315
1313,S2C,15,3.7754,147.0,10,63.46,0.3936
1313,E2C,6,12.6019,0.0,0,19.01,0.0545
1313,W2C,6,12.3372,0.0,0,19.42,0.0584
1314,N2C,13,4.2535,102.0,8,56.33,0.3328
1314,S2C,15,3.5371,157.0,10,67.74,0.4037
1314,E2C,6,12.4838,0.0,0,19.19,0.0562
1314,W2C,6,12.6106,0.0,0,19.0,0.0544
1315,N2C,14,4.6868,110.0,8,51.12,0.3378
1315,S2C,16,4.107,168.0,11,58.34,0.4149
1315,E2C,7,12.5987,0.0,0,19.02,0.0606
1315,W2C,6,12.8066,0.0,0,18.71,0.0516
1316,N2C,14,4.4721,118.0,8,53.58,0.3463
1316,S2C,16,3.9264,179.0,11,61.02,0.4248
1316,E2C,6,12.7142,0.0,0,18.85,0.0529
1316,W2C,5,12.6328,0.0,0,18.97,0.0481
1317,N2C,14,4.197,126.0,8,57.09,0.3556
1317,S2C,16,3.6402,190.0,11,65.82,0.4363
1317,E2C,5,12.7661,0.0,0,18.77,0.0462
1317,W2C,5,12.9021,0.0,0,18.57,0.0442
1318,N2C,14,3.9028,135.0,9,61.39,0.3718
1318,S2C,16,3.3041,201.0,11,72.52,0.4484
1318,E2C,5,12.7121,0.0,0,18.85,0.047
1318,W2C,5,12.5105,0.0,0,19.15,0.0499
1319,N2C,15,4.2652,144.0,9,56.18,0.3786
1319,S2C,17,3.7683,212.0,11,63.58,0.4551
1319,E2C,6,13.1806,0.0,0,18.18,0.0462
1319,W2C,6,12.1776,0.0,0,19.68,0.0607
1320,N2C,15,3.9758,154.0,10,60.27,0.3954
1320,S2C,17,3.4236,224.0,12,69.98,0.474
1320,E2C,6,12.5343,0.0,0,19.12,0.0555
1320,W2C,6,11.3165,0.0,0,21.17,0.0731
1321,N2C,13,4.2673,105.0,8,56.15,0.3346
1321,S2C,15,3.6456,170.0,10,65.72,0.4108
1321,E2C,6,11.5585,0.0,0,20.73,0.0696
1321,W2C,6,10.9075,0.0,0,21.97,0.0789
1322,N2C,13,4.0919,66.0,6,58.56,0.2991
1322,S2C,15,3.561,120.0,8,67.28,0.3667
1322,E2C,6,11.1152,0.0,0,21.56,0.076
1322,W2C,6,10.9299,1.0,1,21.92,0.0853
1323,N2C,14,4.9033,34.0,4,48.87,0.2601
1323,S2C,16,4.4133,73.0,7,54.29,0.3231
1323,E2C,7,10.5182,0.0,0,22.78,0.0905
1323,W2C,6,9.9805,2.0,1,24.01,0.0996
1324,N2C,12,5.0563,12.0,2,47.39,0.2192
1324,S2C,14,4.6432,43.0,5,51.6,0.2758
1324,E2C,7,9.5927,1.0,1,24.98,0.1105
1324,W2C,7,9.9777,3.0,1,24.01,0.1063
1325,N2C,12,5.6105,1.0,1,42.71,0.1979
1325,S2C,14,4.7043,21.0,4,50.93,0.2543
1325,E2C,7,8.6186,2.0,1,27.8,0.1252
1325,W2C,7,9.1956,4.0,1,26.06,0.1183
1326,N2C,12,6.7866,0.0,0,35.3,0.1743
1326,S2C,14,5.7213,6.0,2,41.88,0.2176
1326,E2C,8,8.6215,3.0,1,27.79,0.1319
1326,W2C,8,9.0624,5.0,1,26.44,0.1268
1327,N2C,11,7.4558,0.0,0,32.14,0.1586
1327,S2C,13,6.1226,0.0,0,39.13,0.1898
1327,E2C,8,8.34,5.0,2,28.73,0.1432
1327,W2C,8,8.278,7.0,2,28.94,0.1455
1328,N2C,10,8.1272,0.0,0,29.48,0.143
1328,S2C,12,6.4338,0.0,0,37.24,0.1794
1328,E2C,8,8.0497,8.0,3,29.76,0.1554
1328,W2C,8,8.2865,10.0,3,28.91,0.1534
1329,N2C,9,9.1235,0.0,0,26.26,0.1226
1329,S2C,11,6.8413,0.0,0,35.02,0.1675
1329,E2C,8,7.647,11.0,3,31.33,0.1632
1329,W2C,8,8.1129,13.0,3,29.53,0.1579
1330,N2C,8,10.6574,0.0,0,22.48,0.0945
1330,S2C,12,8.238,0.0,0,29.08,0.1534
1330,E2C,9,7.8385,14.0,3,30.57,0.1685
1330,W2C,9,8.5209,16.0,3,28.12,0.16
1331,N2C,8,10.6842,0.0,0,22.43,0.0942
1331,S2C,10,9.1659,0.0,0,26.14,0.128
1331,E2C,9,6.9898,17.0,3,34.28,0.1827
1331,W2C,9,7.7818,19.0,3,30.79,0.1726
1332,N2C,6,11.8742,0.0,0,20.18,0.065
1332,S2C,10,10.1737,0.0,0,23.55,0.1135
1332,E2C,9,6.3788,20.0,3,37.56,0.1935
1332,W2C,9,6.8899,22.0,3,34.78,0.1875
1333,N2C,7,12.2782,0.0,0,19.51,0.0652
1333,S2C,9,10.8943,0.0,0,21.99,0.0971
1333,E2C,10,6.6517,24.0,4,36.02,0.2042
1333,W2C,10,6.9121,25.0,3,34.66,0.1951
1334,N2C,6,12.3987,0.0,0,19.32,0.0575
1334,S2C,9,11.4057,0.0,0,21.01,0.0898
1334,E2C,10,6.2964,29.0,5,38.05,0.2187
1334,W2C,10,6.5392,28.0,3,36.64,0.2025
1335,N2C,6,12.7235,0.0,0,18.83,0.0528
1335,S2C,7,12.4439,0.0,0,19.25,0.0628
1335,E2C,10,5.8171,34.0,5,41.19,0.2289
1335,W2C,10,6.4336,33.0,5,37.24,0.2194
1336,N2C,5,12.9159,0.0,0,18.55,0.044
1336,S2C,5,12.5897,0.0,0,19.03,0.0487
1336,E2C,10,5.3289,39.0,5,44.96,0.2393
1336,W2C,10,5.9537,38.0,5,40.24,0.2296
1337,N2C,6,12.9866,0.0,0,18.45,0.049
1337,S2C,6,13.0498,0.0,0,18.36,0.0481
1337,E2C,11,5.9798,44.0,5,40.07,0.2392
1337,W2C,11,6.2637,43.0,5,38.25,0.2345
1338,N2C,5,12.8472,0.0,0,18.65,0.045
1338,S2C,5,13.3706,0.0,0,17.92,0.0375
1338,E2C,11,5.6941,50.0,6,42.08,0.2533
1338,W2C,11,5.7899,49.0,6,41.38,0.2513
1339,N2C,5,12.5377,0.0,0,19.11,0.0495
1339,S2C,5,13.1608,0.0,0,18.21,0.0405
1339,E2C,11,5.7446,56.0,6,41.71,0.2566
1339,W2C,11,5.5861,55.0,6,42.89,0.2582
1340,N2C,5,12.7975,0.0,0,18.72,0.0457
1340,S2C,5,12.7004,0.0,0,18.87,0.0471
1340,E2C,11,5.63,62.0,6,42.56,0.2623
1340,W2C,11,5.3536,61.0,6,44.75,0.2656
1341,N2C,6,13.0101,0.0,0,18.42,0.0487
1341,S2C,6,13.0723,0.0,0,18.33,0.0478
1341,E2C,12,6.0185,68.0,6,39.81,0.2667
1341,W2C,12,5.709,67.0,6,41.97,0.2705
1342,N2C,6,12.8917,0.0,0,18.59,0.0504
1342,S2C,5,13.0353,0.0,0,18.38,0.0423
1342,E2C,12,5.3583,74.0,6,44.72,0.2802
1342,W2C,12,5.1303,73.0,6,46.7,0.2828
1343,N2C,5,12.8237,0.0,0,18.68,0.0454
1343,S2C,5,12.9281,0.0,0,18.53,0.0438
1343,E2C,12,4.5993,80.0,6,52.1,0.2951
1343,W2C,12,4.6643,80.0,7,51.37,0.3002
1344,N2C,6,13.125,0.0,0,18.26,0.047
1344,S2C,5,13.4282,0.0,0,17.84,0.0366
1344,E2C,13,5.1003,86.0,6,46.98,0.2979
1344,W2C,13,4.9102,87.0,7,48.8,0.3073
1345,N2C,5,12.7209,0.0,0,18.84,0.0468
1345,S2C,5,12.837,0.0,0,18.66,0.0452
1345,E2C,13,4.6443,93.0,7,51.59,0.3151
1345,W2C,13,4.9302,95.0,8,48.6,0.3183
1346,N2C,5,12.7374,0.0,0,18.81,0.0466
1346,S2C,5,12.9355,0.0,0,18.52,0.0437
1346,E2C,13,4.251,101.0,8,56.36,0.3321
1346,W2C,13,4.8887,103.0,8,49.01,0.3243
1347,N2C,5,12.6091,0.0,0,19.0,0.0484
1347,S2C,5,13.1051,0.0,0,18.28,0.0413
1347,E2C,13,3.8863,109.0,8,61.65,0.3427
1347,W2C,13,4.6303,111.0,8,51.75,0.3333
1348,N2C,5,13.1497,0.0,0,18.22,0.0407
1348,S2C,5,13.2719,0.0,0,18.05,0.0389
1348,E2C,14,4.5723,117.0,8,52.4,0.3442
1348,W2C,14,4.5749,119.0,8,52.37,0.3455
1349,N2C,5,13.0196,0.0,0,18.4,0.0425
1349,S2C,5,13.1364,0.0,0,18.24,0.0409
1349,E2C,14,4.5513,125.0,8,52.64,0.3498
1349,W2C,14,4.4807,127.0,8,53.47,0.3522
1350,N2C,5,12.7777,0.0,0,18.75,0.046
1350,S2C,5,12.8937,0.0,0,18.58,0.0443
1350,E2C,14,4.3368,133.0,8,55.25,0.3582
1350,W2C,14,4.0746,136.0,9,58.8,0.37
1351,N2C,5,12.4779,0.0,0,19.2,0.0503
1351,S2C,5,13.27,0.0,0,18.06,0.0389
1351,E2C,15,5.0199,142.0,9,47.73,0.3664
1351,W2C,15,4.3323,145.0,9,55.31,0.3783
1352,N2C,5,12.7154,0.0,0,18.84,0.0469
1352,S2C,6,12.5257,0.0,0,19.13,0.0556
1352,E2C,15,4.5305,151.0,9,52.89,0.3794
1352,W2C,15,3.9505,155.0,10,60.65,0.3965
1353,N2C,5,12.6546,0.0,0,18.93,0.0478
1353,S2C,6,11.6175,0.0,0,20.62,0.0687
1353,E2C,15,4.1014,160.0,9,58.42,0.3916
1353,W2C,15,3.7716,165.0,10,63.53,0.4057
1354,N2C,5,12.938,0.0,0,18.52,0.0437
1354,S2C,6,10.462,0.0,0,22.9,0.0854
1354,E2C,13,3.9338,110.0,7,60.91,0.3367
1354,W2C,13,4.122,114.0,8,58.13,0.3426
1355,N2C,6,12.9553,0.0,0,18.49,0.0495
1355,S2C,7,10.399,1.0,1,23.04,0.0989
1355,E2C,14,4.9181,66.0,5,48.72,0.2872
1355,W2C,14,4.922,73.0,6,48.68,0.2978
1356,N2C,6,11.9011,0.0,0,20.13,0.0646
1356,S2C,7,10.0376,2.0,1,23.87,0.1048
1356,E2C,14,5.0397,31.0,5,47.54,0.2621
1356,W2C,14,4.9143,38.0,4,48.76,0.2626
1357,N2C,6,11.1821,0.0,0,21.43,0.075
1357,S2C,7,9.315,3.0,1,25.72,0.1159
1357,E2C,12,5.2313,11.0,3,45.8,0.222
1357,W2C,12,5.3044,15.0,3,45.17,0.2236
1358,N2C,6,10.4606,0.0,0,22.91,0.0854
1358,S2C,7,8.8415,5.0,2,27.1,0.13
1358,E2C,12,5.4701,3.0,1,43.8,0.2012
1358,W2C,12,5.7381,2.0,1,41.76,0.1967
1359,N2C,6,9.9141,1.0,1,24.17,0.0999
1359,S2C,8,8.8373,7.0,2,27.11,0.1374
1359,E2C,12,7.0855,0.0,0,33.82,0.17
1359,W2C,13,6.725,0.0,0,35.63,0.1812
1360,N2C,7,9.8009,2.0,1,24.45,0.1082
1360,S2C,8,8.6211,9.0,2,27.79,0.1419
1360,E2C,11,7.58,0.0,0,31.61,0.1569
1360,W2C,11,7.1951,0.0,0,33.3,0.1624
1361,N2C,7,9.3434,3.0,1,25.64,0.1155
1361,S2C,8,7.7809,11.0,2,30.79,0.1553
1361,E2C,10,8.2301,0.0,0,29.11,0.1415
1361,W2C,10,7.7189,0.0,0,31.04,0.1489
1362,N2C,8,9.6101,5.0,2,24.93,0.125
1362,S2C,9,7.9253,13.0,2,30.23,0.1606
1362,E2C,10,8.8772,0.0,0,26.99,0.1322
1362,W2C,10,9.2347,0.0,0,25.95,0.127
1363,N2C,8,9.0088,7.0,2,26.6,0.135
1363,S2C,9,7.3875,16.0,3,32.43,0.1763
1363,E2C,10,9.3288,0.0,0,25.68,0.1257
1363,W2C,9,9.4225,0.0,0,25.43,0.1183
1364,N2C,8,8.2694,9.0,2,28.97,0.1469
1364,S2C,9,7.0289,20.0,4,34.09,0.1901
1364,E2C,8,9.9757,0.0,0,24.02,0.1044
1364,W2C,8,9.9367,0.0,0,24.11,0.1049
1365,N2C,8,7.4187,11.0,2,32.3,0.1605
1365,S2C,9,6.6188,24.0,4,36.2,0.1987
1365,E2C,7,10.7793,0.0,0,22.23,0.0868
1365,W2C,8,10.7172,0.0,0,22.36,0.0937
1366,N2C,9,8.1487,14.0,3,29.4,0.164
1366,S2C,10,6.7397,28.0,4,35.55,0.2056
1366,E2C,7,11.7492,0.0,0,20.39,0.0728
1366,W2C,7,11.9796,0.0,0,20.0,0.0695
1367,N2C,9,7.6434,17.0,3,31.35,0.1733
1367,S2C,10,6.4878,32.0,4,36.93,0.2119
1367,E2C,6,12.2919,0.0,0,19.49,0.059
1367,W2C,7,12.0632,0.0,0,19.86,0.0683
1368,N2C,9,6.8897,20.0,3,34.78,0.1861
1368,S2C,10,6.084,36.0,4,39.38,0.2204
1368,E2C,5,12.4451,0.0,0,19.25,0.0508
1368,W2C,5,12.6328,0.0,0,18.97,0.0481
1369,N2C,10,7.0653,24.0,4,33.91,0.1983
1369,S2C,11,6.6373,41.0,5,36.1,0.2278
1369,E2C,6,12.8318,0.0,0,18.67,0.0512
1369,W2C,6,12.6213,0.0,0,18.98,0.0543
1370,N2C,10,6.5835,28.0,4,36.39,0.2079
1370,S2C,11,6.1658,46.0,5,38.86,0.2379
1370,E2C,6,12.6411,0.0,0,18.95,0.054
1370,W2C,5,12.5035,0.0,0,19.16,0.05
1371,N2C,10,6.5403,32.0,4,36.63,0.2112
1371,S2C,11,5.5641,51.0,5,43.06,0.2499
1371,E2C,5,12.683,0.0,0,18.89,0.0474
1371,W2C,5,12.7359,0.0,0,18.81,0.0466
1372,N2C,10,5.7502,37.0,5,41.67,0.2319
1372,S2C,11,4.9982,57.0,6,47.94,0.268
1372,E2C,5,12.421,0.0,0,19.29,0.0512
1372,W2C,5,12.852,0.0,0,18.64,0.0449
1373,N2C,11,6.2242,42.0,5,38.5,0.2344
1373,S2C,12,5.5768,63.0,6,42.96,0.2697
1373,E2C,5,12.5906,0.0,0,19.03,0.0487
1373,W2C,5,12.4867,0.0,0,19.19,0.0502
1374,N2C,11,6.0058,47.0,5,39.89,0.2409
1374,S2C,12,5.3714,70.0,7,44.61,0.2833
1374,E2C,5,12.8419,0.0,0,18.66,0.0451
1374,W2C,5,12.3794,0.0,0,19.35,0.0518
1375,N2C,11,5.8477,52.0,5,40.97,0.2465
1375,S2C,12,5.0267,77.0,7,47.67,0.293
1375,E2C,5,12.5514,0.0,0,19.09,0.0493
1375,W2C,5,12.1905,0.0,0,19.65,0.0545
1376,N2C,11,5.3538,58.0,6,44.75,0.2636
1376,S2C,12,4.6751,84.0,7,51.25,0.3027
1376,E2C,5,12.8909,0.0,0,18.59,0.0444
1376,W2C,5,12.4127,0.0,0,19.3,0.0513
1377,N2C,12,5.6464,64.0,6,42.43,0.2694
1377,S2C,13,5.1214,91.0,7,46.78,0.3069
1377,E2C,5,12.7338,0.0,0,18.82,0.0466
1377,W2C,6,12.4443,0.0,0,19.25,0.0568
1378,N2C,12,5.2002,70.0,6,46.08,0.2798
1378,S2C,13,4.5878,98.0,7,52.23,0.3193
1378,E2C,5,12.8717,0.0,0,18.61,0.0447
1378,W2C,6,12.1154,0.0,0,19.78,0.0616
1379,N2C,12,4.7855,76.0,6,50.07,0.2898
1379,S2C,13,4.4043,106.0,8,54.4,0.3332
1379,E2C,5,12.5639,0.0,0,19.07,0.0491
1379,W2C,6,12.533,0.0,0,19.12,0.0555
1380,N2C,13,5.0596,83.0,7,47.36,0.3025
1380,S2C,14,4.6375,114.0,8,51.67,0.3412
1380,E2C,6,12.608,0.0,0,19.0,0.0545
1380,W2C,5,12.3972,0.0,0,19.33,0.0515
1381,N2C,13,4.7475,91.0,8,50.47,0.3183
1381,S2C,14,4.5771,123.0,9,52.35,0.3541
1381,E2C,6,12.9193,0.0,0,18.55,0.05
1381,W2C,5,12.4888,0.0,0,19.19,0.0502
1382,N2C,13,4.4174,99.0,8,54.24,0.3284
1382,S2C,14,4.4009,132.0,9,54.44,0.3626
1382,E2C,6,12.8707,0.0,0,18.62,0.0507
1382,W2C,5,12.3152,0.0,0,19.46,0.0527
1383,N2C,13,4.1819,107.0,8,57.29,0.3371
1383,S2C,14,4.1805,141.0,9,57.31,0.3718
1383,E2C,6,12.5879,0.0,0,19.03,0.0547
1383,W2C,5,12.1012,0.0,0,19.8,0.0558
1384,N2C,14,4.3888,115.0,8,54.59,0.3455
1384,S2C,15,4.3491,150.0,9,55.09,0.3814
1384,E2C,6,12.7484,0.0,0,18.79,0.0524
1384,W2C,5,12.161,0.0,0,19.7,0.0549
1385,N2C,14,4.1578,123.0,8,57.63,0.3541
1385,S2C,15,4.0284,159.0,9,59.48,0.392
1385,E2C,6,11.8181,0.0,0,20.27,0.0658
1385,W2C,5,12.3045,0.0,0,19.47,0.0528
1386,N2C,14,3.6339,132.0,9,65.93,0.3737
1386,S2C,15,3.7839,169.0,10,63.32,0.4082
1386,E2C,6,11.126,0.0,0,21.54,0.0758
1386,W2C,5,12.4456,0.0,0,19.25,0.0508
1387,N2C,13,4.8414,86.0,7,49.49,0.3076
1387,S2C,14,4.7258,116.0,8,50.7,0.3413
1387,E2C,7,10.6617,0.0,0,22.47,0.0885
1387,W2C,5,12.1898,0.0,0,19.66,0.0545
1388,N2C,13,4.9005,51.0,6,48.89,0.2774
1388,S2C,14,4.6774,73.0,6,51.22,0.3013
1388,E2C,7,9.9635,0.0,0,24.05,0.0985
1388,W2C,6,12.3762,0.0,0,19.36,0.0578
1389,N2C,13,5.1031,25.0,4,46.95,0.2452
1389,S2C,14,4.683,41.0,5,51.16,0.2739
1389,E2C,7,9.4426,0.0,0,25.37,0.106
1389,W2C,6,11.9131,0.0,0,20.11,0.0645
1390,N2C,11,5.6368,8.0,2,42.51,0.2022
1390,S2C,12,5.0131,17.0,3,47.8,0.2292
1390,E2C,7,8.7648,2.0,2,27.34,0.1291
1390,W2C,6,11.0557,0.0,0,21.67,0.0768
1391,N2C,12,6.8579,0.0,0,34.94,0.1733
1391,S2C,13,5.9,7.0,2,40.61,0.2097
1391,E2C,8,8.6745,4.0,2,27.62,0.1378
1391,W2C,7,10.8566,0.0,0,22.07,0.0857
1392,N2C,10,7.9481,0.0,0,30.15,0.1456
1392,S2C,12,6.3369,0.0,0,37.81,0.1808
1392,E2C,8,8.3334,6.0,2,28.75,0.144
1392,W2C,7,10.3946,0.0,0,23.05,0.0923
1393,N2C,10,8.5944,0.0,0,27.88,0.1363
1393,S2C,11,6.8928,0.0,0,34.76,0.1668
1393,E2C,8,8.2545,8.0,2,29.03,0.1465
1393,W2C,7,9.6859,1.0,1,24.74,0.1092
1394,N2C,8,9.9926,0.0,0,23.98,0.1041
1394,S2C,11,7.5239,0.0,0,31.85,0.1577
1394,E2C,8,7.8704,10.0,2,30.44,0.1533
1394,W2C,7,9.2571,2.0,1,25.88,0.116
1395,N2C,9,10.7758,0.0,0,22.24,0.0988
1395,S2C,10,8.9292,0.0,0,26.83,0.1314
1395,E2C,9,7.9183,13.0,3,30.26,0.1667
1395,W2C,8,9.4134,3.0,1,25.45,0.1205
1396,N2C,7,11.8367,0.0,0,20.24,0.0716
1396,S2C,9,9.7285,0.0,0,24.63,0.1139
1396,E2C,9,7.3306,16.0,3,32.68,0.1771
1396,W2C,8,8.8321,5.0,2,27.13,0.1362
1397,N2C,7,11.9247,0.0,0,20.09,0.0703
1397,S2C,8,10.4236,0.0,0,22.99,0.0979
1397,E2C,9,6.7651,19.0,3,35.42,0.1873
1397,W2C,8,8.2561,7.0,2,29.02,0.1458
1398,N2C,7,12.5398,0.0,0,19.11,0.0614
1398,S2C,8,11.4449,0.0,0,20.94,0.0832
1398,E2C,10,6.8905,23.0,4,34.77,0.2001
1398,W2C,9,8.3702,9.0,2,28.63,0.1515
1399,N2C,6,13.0156,0.0,0,18.41,0.0486
1399,S2C,7,12.2393,0.0,0,19.58,0.0658
1399,E2C,10,6.6793,27.0,4,35.87,0.2058
1399,W2C,9,8.0205,12.0,3,29.87,0.1645
1400,N2C,5,13.5391,0.0,0,17.7,0.0351
1400,S2C,6,12.4962,0.0,0,19.17,0.0561
1400,E2C,10,6.5722,31.0,4,36.46,0.21
1400,W2C,9,7.4864,15.0,3,32.0,0.1742
1401,N2C,5,13.2287,0.0,0,18.11,0.0395
1401,S2C,5,12.8074,0.0,0,18.71,0.0456
1401,E2C,10,5.9779,36.0,5,40.08,0.2279
1401,W2C,9,6.524,18.0,3,36.73,0.1901
1402,N2C,5,13.3641,0.0,0,17.93,0.0376
1402,S2C,5,13.2232,0.0,0,18.12,0.0396
1402,E2C,11,6.2582,41.0,5,38.29,0.2332
1402,W2C,10,6.9121,21.0,3,34.66,0.1925
1403,N2C,5,12.9286,0.0,0,18.53,0.0438
1403,S2C,5,12.8805,0.0,0,18.6,0.0445
1403,E2C,11,5.6833,46.0,5,42.16,0.2448
1403,W2C,10,6.6905,24.0,3,35.81,0.1977
1404,N2C,5,12.9359,0.0,0,18.52,0.0437
1404,S2C,5,12.9786,0.0,0,18.46,0.0431
1404,E2C,11,5.2384,52.0,6,45.74,0.2612
1404,W2C,10,6.3535,28.0,4,37.71,0.2112
1405,N2C,5,13.1474,0.0,0,18.22,0.0407
1405,S2C,5,12.5897,0.0,0,19.03,0.0487
1405,E2C,12,5.7389,58.0,6,41.75,0.264
1405,W2C,11,6.3175,33.0,5,37.93,0.227
1406,N2C,5,13.2882,0.0,0,18.03,0.0387
1406,S2C,5,12.7034,0.0,0,18.86,0.0471
1406,E2C,12,5.4547,64.0,6,43.93,0.2721
1406,W2C,11,5.7888,38.0,5,41.39,0.238
1407,N2C,5,12.8392,0.0,0,18.66,0.0451
1407,S2C,5,12.7915,0.0,0,18.73,0.0458
1407,E2C,12,5.0815,71.0,7,47.15,0.2882
1407,W2C,11,5.5162,43.0,5,43.44,0.2452
1408,N2C,5,13.1007,0.0,0,18.29,0.0414
1408,S2C,5,12.892,0.0,0,18.59,0.0444
1408,E2C,12,4.8465,78.0,7,49.44,0.2962
1408,W2C,11,5.0793,49.0,6,47.17,0.2615
1409,N2C,5,13.3199,0.0,0,17.99,0.0382
1409,S2C,6,12.7576,0.0,0,18.78,0.0523
1409,E2C,13,5.139,85.0,7,46.62,0.3027
1409,W2C,12,5.4903,55.0,6,43.64,0.2656
1410,N2C,5,13.1243,0.0,0,18.26,0.041
1410,S2C,6,12.7066,0.0,0,18.86,0.053
1410,E2C,13,4.776,93.0,8,50.17,0.3192
1410,W2C,12,5.2226,61.0,6,45.88,0.2735
1411,N2C,5,13.1773,0.0,0,18.18,0.0403
1411,S2C,5,12.7352,0.0,0,18.81,0.0466
1411,E2C,13,4.6183,101.0,8,51.88,0.3268
1411,W2C,12,4.8335,68.0,7,49.57,0.2897
1412,N2C,5,12.8865,0.0,0,18.59,0.0444
1412,S2C,5,12.5822,0.0,0,19.04,0.0488
1412,E2C,13,4.1796,109.0,8,57.33,0.3385
1412,W2C,12,4.4239,75.0,7,54.16,0.3003
1413,N2C,5,13.3674,0.0,0,17.92,0.0375
1413,S2C,5,12.7576,0.0,0,18.78,0.0463
1413,E2C,14,4.5458,117.0,8,52.71,0.3445
1413,W2C,13,4.8861,82.0,7,49.04,0.3043
1414,N2C,5,13.2788,0.0,0,18.04,0.0388
1414,S2C,5,12.4265,0.0,0,19.28,0.0511
1414,E2C,14,4.1859,126.0,9,57.24,0.3617
1414,W2C,13,4.7858,89.0,7,50.07,0.3104
1415,N2C,5,13.109,0.0,0,18.28,0.0412
1415,S2C,5,12.3241,0.0,0,19.44,0.0525
1415,E2C,14,3.7652,135.0,9,63.64,0.3738
1415,W2C,13,4.3345,96.0,7,55.28,0.3216
1416,N2C,4,13.2562,0.0,0,18.07,0.0331
1416,S2C,6,12.5825,0.0,0,19.04,0.0548
1416,E2C,15,4.4266,144.0,9,54.13,0.3763
1416,W2C,14,4.6789,104.0,8,51.21,0.334
1417,N2C,5,13.3134,0.0,0,18.0,0.0383
1417,S2C,5,12.7434,0.0,0,18.8,0.0465
1417,E2C,15,4.3154,154.0,10,55.52,0.3905
1417,W2C,14,4.5302,112.0,8,52.89,0.3414
1418,N2C,5,13.1926,0.0,0,18.16,0.04
1418,S2C,5,12.8027,0.0,0,18.71,0.0457
1418,E2C,15,4.0312,164.0,10,59.44,0.4013
1418,W2C,14,4.424,121.0,9,54.16,0.355
1419,N2C,5,12.6589,0.0,0,18.93,0.0477
1419,S2C,5,12.3302,0.0,0,19.43,0.0525
1419,E2C,15,3.8083,174.0,10,62.92,0.4112
1419,W2C,14,4.28,130.0,9,55.98,0.363
1420,N2C,6,12.3364,0.0,0,19.42,0.0584
1420,S2C,6,12.0068,0.0,0,19.96,0.0631
1420,E2C,14,4.4892,122.0,8,53.37,0.3487
1420,W2C,13,5.2291,86.0,7,45.82,0.302
1421,N2C,6,11.1074,0.0,0,21.57,0.0761
1421,S2C,6,11.0451,0.0,0,21.69,0.077
1421,E2C,14,4.3354,79.0,6,55.27,0.3102
1421,W2C,13,5.1751,52.0,5,46.3,0.2682
1422,N2C,6,10.7666,0.0,0,22.25,0.081
1422,S2C,6,10.7147,0.0,0,22.36,0.0817
1422,E2C,14,4.5501,45.0,5,52.66,0.2785
1422,W2C,13,5.2669,25.0,4,45.49,0.2428
1423,N2C,7,11.2862,1.0,1,21.23,0.0862
1423,S2C,7,11.0164,1.0,1,21.75,0.09
1423,E2C,13,5.4015,20.0,4,44.36,0.2376
1423,W2C,12,6.2275,8.0,2,38.47,0.1997
1424,N2C,7,10.292,2.0,1,23.28,0.1011
1424,S2C,7,10.4165,2.0,1,23.0,0.0993
1424,E2C,13,5.6939,5.0,2,42.08,0.2113
1424,W2C,12,6.3239,0.0,0,37.89,0.1809
1425,N2C,7,9.7981,3.0,1,24.45,0.1089
1425,S2C,7,9.7046,3.0,1,24.69,0.1103
1425,E2C,11,6.0544,0.0,0,39.57,0.1788
1425,W2C,11,6.8544,0.0,0,34.96,0.1673
1426,N2C,7,8.9683,4.0,1,26.72,0.1215
1426,S2C,7,9.1633,4.0,1,26.15,0.1187
1426,E2C,11,7.0619,0.0,0,33.93,0.1643
1426,W2C,10,7.6042,0.0,0,31.51,0.1505
1427,N2C,8,9.0294,5.0,1,26.54,0.1273
1427,S2C,8,9.4886,5.0,1,25.25,0.1207
1427,E2C,11,8.3089,0.0,0,28.84,0.1464
1427,W2C,10,9.2577,0.0,0,25.88,0.1267
1428,N2C,8,8.5546,7.0,2,28.01,0.1415
1428,S2C,8,8.7148,7.0,2,27.49,0.1392
1428,E2C,10,8.9052,0.0,0,26.91,0.1318
1428,W2C,9,9.4113,0.0,0,25.46,0.1185
1429,N2C,8,8.1796,9.0,2,29.29,0.1482
1429,S2C,8,8.3063,9.0,2,28.85,0.1464
1429,E2C,9,9.7052,0.0,0,24.69,0.1143
1429,W2C,7,10.4692,0.0,0,22.89,0.0913
1430,N2C,8,7.6352,12.0,3,31.38,0.1641
1430,S2C,8,8.1979,11.0,2,29.23,0.1493
1430,E2C,8,10.3148,0.0,0,23.23,0.0995
1430,W2C,7,11.0829,0.0,0,21.62,0.0824
1431,N2C,9,7.8016,15.0,3,30.71,0.1697
1431,S2C,9,8.1619,13.0,2,29.36,0.1571
1431,E2C,7,10.9896,0.0,0,21.8,0.0838
1431,W2C,6,12.0114,0.0,0,19.95,0.063
1432,N2C,9,7.3419,18.0,3,32.63,0.1783
1432,S2C,9,7.8714,15.0,2,30.44,0.1627
1432,E2C,7,10.942,0.0,0,21.9,0.0844
1432,W2C,6,12.6896,0.0,0,18.88,0.0533
1433,N2C,9,7.1511,22.0,4,33.51,0.1897
1433,S2C,9,7.1605,18.0,3,33.46,0.1809
1433,E2C,5,11.2136,0.0,0,21.37,0.0685
1433,W2C,5,12.7732,0.0,0,18.76,0.0461
1434,N2C,10,7.254,26.0,4,33.03,0.1969
1434,S2C,10,7.2974,21.0,3,32.83,0.1869
1434,E2C,6,12.1935,0.0,0,19.65,0.0604
1434,W2C,6,12.8946,0.0,0,18.58,0.0503
1435,N2C,10,6.6447,30.0,4,36.06,0.2083
1435,S2C,10,6.7357,24.0,3,35.57,0.197
1435,E2C,5,12.3191,0.0,0,19.45,0.0526
1435,W2C,5,12.7464,0.0,0,18.8,0.0465
1436,N2C,10,6.4801,34.0,4,36.97,0.2134
1436,S2C,10,6.1622,28.0,4,38.88,0.2139
1436,E2C,5,12.1761,0.0,0,19.68,0.0547
1436,W2C,5,13.0494,0.0,0,18.36,0.0421
1437,N2C,10,6.0638,38.0,4,39.51,0.222
1437,S2C,10,6.04,33.0,5,39.67,0.225
1437,E2C,5,12.2517,0.0,0,19.56,0.0536
1437,W2C,5,12.8817,0.0,0,18.6,0.0445
1438,N2C,11,6.4134,43.0,5,37.36,0.2323
1438,S2C,11,6.3512,38.0,5,37.73,0.2299
1438,E2C,5,12.1566,0.0,0,19.71,0.055
1438,W2C,5,13.2373,0.0,0,18.1,0.0394
1439,N2C,11,5.7258,49.0,6,41.85,0.2522
1439,S2C,11,5.5214,43.0,5,43.39,0.2452
1439,E2C,5,12.3617,0.0,0,19.38,0.052
1439,W2C,5,12.7392,0.0,0,18.81,0.0466
1440,N2C,11,5.3549,55.0,6,44.74,0.2616
1440,S2C,11,5.02,49.0,6,47.73,0.2624
1440,E2C,5,12.2771,0.0,0,19.52,0.0532
1440,W2C,5,12.5524,0.0,0,19.09,0.0493
1441,N2C,12,5.2731,61.0,6,45.44,0.2727
1441,S2C,12,5.365,55.0,6,44.66,0.2674
1441,E2C,6,12.2358,0.0,0,19.58,0.0598
1441,W2C,6,12.9348,0.0,0,18.52,0.0498
1442,N2C,12,5.37,68.0,7,44.62,0.282
1442,S2C,12,5.2666,62.0,7,45.49,0.2795
1442,E2C,6,12.4125,0.0,0,19.3,0.0573
1442,W2C,6,12.7213,0.0,0,18.83,0.0528
1443,N2C,12,4.8693,75.0,7,49.21,0.2939
1443,S2C,12,4.9168,69.0,7,48.73,0.2892
1443,E2C,6,12.43,0.0,0,19.28,0.057
1443,W2C,6,12.9086,0.0,0,18.56,0.0501
1444,N2C,12,4.4678,82.0,7,53.63,0.3043
1444,S2C,12,4.6562,76.0,7,51.46,0.2976
1444,E2C,5,12.8385,0.0,0,18.66,0.0451
1444,W2C,5,12.7863,0.0,0,18.74,0.0459
1445,N2C,13,4.8442,89.0,7,49.46,0.3096
1445,S2C,13,5.032,83.0,7,47.62,0.3029
1445,E2C,6,12.3333,0.0,0,19.43,0.0584
1445,W2C,4,13.2367,0.0,0,18.1,0.0334
1446,N2C,13,4.8493,96.0,7,49.41,0.3142
1446,S2C,13,4.7015,90.0,7,50.96,0.3123
1446,E2C,6,12.129,0.0,0,19.75,0.0614
1446,W2C,4,13.3124,0.0,0,18.0,0.0323
1447,N2C,13,4.4777,103.0,7,53.51,0.3242
1447,S2C,13,4.2371,98.0,8,56.55,0.3303
1447,E2C,5,12.4881,0.0,0,19.19,0.0502
1447,W2C,5,13.2036,0.0,0,18.15,0.0399
1448,N2C,13,4.259,111.0,8,56.26,0.3387
1448,S2C,13,3.9128,106.0,8,61.23,0.3403
1448,E2C,5,12.1856,0.0,0,19.66,0.0545
1448,W2C,5,13.0781,0.0,0,18.32,0.0417
1449,N2C,14,4.2138,119.0,8,56.86,0.3507
1449,S2C,14,4.6604,114.0,8,51.41,0.3409
1449,E2C,6,12.1947,0.0,0,19.65,0.0604
1449,W2C,5,12.6165,0.0,0,18.99,0.0483
1450,N2C,14,4.0366,127.0,8,59.36,0.3585
1450,S2C,14,4.334,123.0,9,55.28,0.3576
1450,E2C,6,12.3529,0.0,0,19.4,0.0581
1450,W2C,5,12.6382,0.0,0,18.96,0.048
1451,N2C,14,3.6619,136.0,9,65.43,0.3759
1451,S2C,14,4.0662,132.0,9,58.92,0.3675
1451,E2C,6,11.9955,0.0,0,19.97,0.0633
1451,W2C,5,12.5149,0.0,0,19.15,0.0498
1452,N2C,15,3.9022,146.0,10,61.4,0.3911
1452,S2C,15,4.4317,141.0,9,54.06,0.3742
1452,E2C,6,11.0164,0.0,0,21.75,0.0774
1452,W2C,6,12.1298,0.0,0,19.75,0.0613
1453,N2C,13,4.3645,99.0,8,54.9,0.3292
1453,S2C,13,4.9642,93.0,7,48.27,0.3105
1453,E2C,6,9.7283,0.0,0,24.63,0.0959
1453,W2C,6,11.4335,0.0,0,20.96,0.0714
1454,N2C,13,4.1239,60.0,6,58.1,0.2946
1454,S2C,13,4.8602,61.0,6,49.3,0.2847
1454,E2C,7,8.6898,0.0,0,27.57,0.1169
1454,W2C,6,10.3622,0.0,0,23.12,0.0868
1455,N2C,13,4.1196,31.0,4,58.16,0.2633
1455,S2C,13,4.9478,31.0,4,48.43,0.2514
1455,E2C,7,8.0126,1.0,1,29.9,0.1333
1455,W2C,6,10.2776,1.0,1,23.31,0.0947
1456,N2C,13,5.5673,11.0,2,43.04,0.2172
1456,S2C,12,6.21,10.0,2,38.58,0.2012
1456,E2C,8,8.0839,3.0,2,29.64,0.1456
1456,W2C,7,10.0208,2.0,1,23.91,0.105
1457,N2C,12,6.3371,1.0,1,37.81,0.1874
1457,S2C,12,6.5915,1.0,1,36.35,0.1838
1457,E2C,8,7.6891,5.0,2,31.16,0.1526
1457,W2C,7,9.2295,3.0,1,25.96,0.1171
1458,N2C,11,7.2142,0.0,0,33.21,0.1621
1458,S2C,11,7.0826,0.0,0,33.83,0.164
1458,E2C,8,7.1453,7.0,2,33.53,0.1618
1458,W2C,7,8.3134,4.0,1,28.82,0.131
1459,N2C,11,8.4827,0.0,0,28.25,0.1439
1459,S2C,11,7.9984,0.0,0,29.96,0.1508
1459,E2C,9,7.2487,10.0,3,33.05,0.1743
1459,W2C,8,8.4748,5.0,1,28.27,0.1353
1460,N2C,10,8.8649,0.0,0,27.03,0.1324
1460,S2C,10,8.649,0.0,0,27.7,0.1355
1460,E2C,9,6.9578,13.0,3,34.44,0.1805
1460,W2C,8,7.9105,7.0,2,30.29,0.1508
1461,N2C,9,9.1913,0.0,0,26.07,0.1217
1461,S2C,9,9.2176,0.0,0,25.99,0.1213
1461,E2C,9,6.6512,16.0,3,36.02,0.1869
1461,W2C,8,7.7986,9.0,2,30.72,0.1537
1462,N2C,8,10.0709,0.0,0,23.79,0.103
1462,S2C,8,10.3393,0.0,0,23.17,0.0991
1462,E2C,9,6.7002,20.0,4,35.76,0.1949
1462,W2C,8,7.7237,12.0,3,31.02,0.1628
1463,N2C,8,11.206,0.0,0,21.38,0.0866
1463,S2C,8,11.3727,0.0,0,21.07,0.0842
1463,E2C,10,7.0165,24.0,4,34.15,0.199
1463,W2C,9,8.4943,15.0,3,28.21,0.1597
1464,N2C,8,11.5599,0.0,0,20.73,0.0816
1464,S2C,7,12.2078,0.0,0,19.63,0.0662
1464,E2C,10,6.6504,28.0,4,36.03,0.2069
1464,W2C,9,8.467,18.0,3,28.3,0.1621
1465,N2C,6,12.5317,0.0,0,19.12,0.0556
1465,S2C,6,12.5571,0.0,0,19.08,0.0552
1465,E2C,10,6.4838,32.0,4,36.95,0.212
1465,W2C,9,8.1857,21.0,3,29.27,0.1681
1466,N2C,5,12.8286,0.0,0,18.68,0.0453
1466,S2C,5,13.2868,0.0,0,18.03,0.0387
1466,E2C,10,5.8982,36.0,4,40.62,0.2231
1466,W2C,9,7.7764,24.0,3,30.81,0.176
1467,N2C,6,12.6061,0.0,0,19.01,0.0545
1467,S2C,5,13.4637,0.0,0,17.8,0.0361
1467,E2C,11,6.6116,41.0,5,36.24,0.2281
1467,W2C,10,7.9677,27.0,3,30.07,0.1813
1468,N2C,5,12.5803,0.0,0,19.05,0.0489
1468,S2C,5,12.8891,0.0,0,18.59,0.0444
1468,E2C,11,6.1893,46.0,5,38.71,0.2375
1468,W2C,10,7.5004,30.0,3,31.94,0.19
1469,N2C,5,12.2747,0.0,0,19.52,0.0533
1469,S2C,5,12.7385,0.0,0,18.81,0.0466
1469,E2C,11,6.1988,51.0,5,38.65,0.2407
1469,W2C,10,7.1901,33.0,3,33.32,0.1965
1470,N2C,6,12.4914,0.0,0,19.18,0.0561
1470,S2C,5,13.2474,0.0,0,18.09,0.0393
1470,E2C,12,6.6743,56.0,5,35.9,0.2432
1470,W2C,11,6.9773,37.0,4,34.34,0.2142
1471,N2C,6,12.4297,0.0,0,19.28,0.057
1471,S2C,5,12.9909,0.0,0,18.44,0.0429
1471,E2C,12,6.2344,61.0,5,38.43,0.2529
1471,W2C,11,6.291,41.0,4,38.09,0.2267
1472,N2C,6,12.6054,0.0,0,19.01,0.0545
1472,S2C,5,13.0891,0.0,0,18.31,0.0415
1472,E2C,12,5.8533,66.0,5,40.93,0.2617
1472,W2C,11,5.5937,46.0,5,42.83,0.2461
1473,N2C,5,12.9249,0.0,0,18.54,0.0439
1473,S2C,5,12.8446,0.0,0,18.65,0.0451
1473,E2C,12,5.4057,72.0,6,44.32,0.2782
1473,W2C,11,5.2661,51.0,5,45.5,0.2542
1474,N2C,6,12.9803,0.0,0,18.46,0.0491
1474,S2C,5,13.328,0.0,0,17.98,0.0381
1474,E2C,13,5.2495,78.0,6,45.64,0.2904
1474,W2C,12,5.6302,57.0,6,42.56,0.2649
1475,N2C,5,13.2266,0.0,0,18.11,0.0396
1475,S2C,5,13.0943,0.0,0,18.3,0.0415
1475,E2C,13,4.4115,85.0,7,54.31,0.3131
1475,W2C,12,5.1445,64.0,7,46.57,0.2826
1476,N2C,5,12.6863,0.0,0,18.89,0.0473
1476,S2C,5,13.067,0.0,0,18.34,0.0419
1476,E2C,13,4.0211,92.0,7,59.59,0.3234
1476,W2C,12,4.8114,71.0,7,49.8,0.2921
1477,N2C,5,12.9474,0.0,0,18.51,0.0436
1477,S2C,5,13.2445,0.0,0,18.09,0.0393
1477,E2C,14,4.5672,99.0,7,52.46,0.3262
1477,W2C,13,5.2363,78.0,7,45.76,0.2966
1478,N2C,5,12.7509,0.0,0,18.79,0.0464
1478,S2C,5,12.9784,0.0,0,18.46,0.0431
1478,E2C,14,4.4627,107.0,8,53.69,0.3391
1478,W2C,13,4.9389,85.0,7,48.51,0.3056
1479,N2C,5,12.8462,0.0,0,18.65,0.045
1479,S2C,5,12.8028,0.0,0,18.71,0.0457
1479,E2C,14,4.5484,116.0,9,52.68,0.3498
1479,W2C,13,4.5328,93.0,8,52.86,0.3227
1480,N2C,5,12.5821,0.0,0,19.04,0.0488
1480,S2C,5,12.8706,0.0,0,18.62,0.0447
1480,E2C,14,4.4681,125.0,9,53.63,0.357
1480,W2C,13,4.3322,101.0,8,55.31,0.331
1481,N2C,4,12.4733,0.0,0,19.21,0.0444
1481,S2C,6,13.5394,0.0,0,17.7,0.041
1481,E2C,15,5.032,134.0,9,47.62,0.3609
1481,W2C,14,4.6049,109.0,8,52.03,0.3384
1482,N2C,5,12.1628,0.0,0,19.7,0.0549
1482,S2C,5,12.9438,0.0,0,18.51,0.0436
1482,E2C,15,4.473,143.0,9,53.57,0.3749
1482,W2C,14,4.4576,118.0,9,53.75,0.3525
1483,N2C,5,11.99,0.0,0,19.98,0.0574
1483,S2C,5,13.1083,0.0,0,18.28,0.0413
1483,E2C,15,3.9126,152.0,9,61.24,0.389
1483,W2C,14,4.1889,127.0,9,57.2,0.3624
1484,N2C,5,12.3265,0.0,0,19.44,0.0525
1484,S2C,5,12.7605,0.0,0,18.78,0.0463
1484,E2C,15,3.5152,161.0,9,68.16,0.4007
1484,W2C,14,3.7623,136.0,9,63.68,0.3745
1485,N2C,6,12.6202,0.0,0,18.99,0.0543
1485,S2C,6,13.1562,0.0,0,18.21,0.0466
1485,E2C,16,3.8914,171.0,10,61.57,0.414
1485,W2C,15,4.0195,145.0,9,59.61,0.3828
1486,N2C,6,12.2806,0.0,0,19.51,0.0592
1486,S2C,6,12.0354,0.0,0,19.91,0.0627
1486,E2C,14,4.0817,119.0,9,58.7,0.3586
1486,W2C,13,4.2914,96.0,8,55.83,0.3282
1487,N2C,6,11.4828,0.0,0,20.87,0.0707
1487,S2C,6,11.1086,0.0,0,21.57,0.076
1487,E2C,14,3.9009,73.0,7,61.42,0.3185
1487,W2C,13,4.3121,60.0,6,55.56,0.2919
1488,N2C,7,10.6998,0.0,0,22.39,0.0879
1488,S2C,6,10.3193,0.0,0,23.22,0.0874
1488,E2C,15,4.819,42.0,5,49.72,0.2786
1488,W2C,14,5.2969,34.0,4,45.23,0.2544
1489,N2C,7,10.4815,0.0,0,22.86,0.0911
1489,S2C,7,9.667,1.0,1,24.79,0.1095
1489,E2C,13,5.0798,20.0,3,47.17,0.2362
1489,W2C,12,5.6901,12.0,2,42.11,0.2101
1490,N2C,7,9.6617,1.0,1,24.8,0.1096
1490,S2C,7,9.3236,2.0,1,25.7,0.1151
1490,E2C,13,5.1975,6.0,2,46.1,0.2192
1490,W2C,12,5.775,1.0,1,41.49,0.1955
1491,N2C,7,8.4706,2.0,1,28.29,0.1274
1491,S2C,7,8.7553,4.0,2,27.37,0.1306
1491,E2C,12,5.8086,0.0,0,41.25,0.1884
1491,W2C,12,6.121,0.0,0,39.14,0.1839
1492,N2C,8,8.368,3.0,1,28.63,0.1355
1492,S2C,8,8.7889,6.0,2,27.26,0.1375
1492,E2C,12,7.3549,0.0,0,32.58,0.1661
1492,W2C,11,6.9127,0.0,0,34.66,0.1665
1493,N2C,8,7.775,4.0,1,30.82,0.1447
1493,S2C,8,8.0794,8.0,2,29.66,0.149
1493,E2C,11,8.0487,0.0,0,29.77,0.1501
1493,W2C,11,7.6422,0.0,0,31.35,0.156
1494,N2C,8,7.0374,6.0,2,34.05,0.1627
1494,S2C,8,7.634,10.0,2,31.39,0.1567
1494,E2C,10,8.6164,0.0,0,27.81,0.1359
1494,W2C,9,8.4261,0.0,0,28.44,0.1327
1495,N2C,9,6.991,8.0,2,34.27,0.1707
1495,S2C,9,7.7081,12.0,2,31.08,0.163
1495,E2C,10,9.1943,0.0,0,26.06,0.1276
1495,W2C,10,9.7563,0.0,0,24.56,0.1195
1496,N2C,9,6.5963,11.0,3,36.32,0.1844
1496,S2C,9,7.0872,15.0,3,33.81,0.18
1496,E2C,9,9.598,0.0,0,24.96,0.1158
1496,W2C,8,10.8365,0.0,0,22.11,0.092
1497,N2C,9,6.6963,14.0,3,35.78,0.1849
1497,S2C,9,6.8584,18.0,3,34.94,0.1852
1497,E2C,8,10.2812,0.0,0,23.3,0.1
1497,W2C,8,11.1408,0.0,0,21.51,0.0876
1498,N2C,9,6.5796,18.0,4,36.42,0.1953
1498,S2C,9,6.4009,22.0,4,37.43,0.2005
1498,E2C,7,11.0086,0.0,0,21.76,0.0835
1498,W2C,6,12.1078,0.0,0,19.79,0.0617
1499,N2C,10,7.15,22.0,4,33.51,0.1957
1499,S2C,10,6.8974,26.0,4,34.74,0.202
1499,E2C,7,12.2455,0.0,0,19.57,0.0657
1499,W2C,7,12.3984,0.0,0,19.33,0.0635
1500,N2C,10,7.1684,26.0,4,33.42,0.1981
1500,S2C,10,6.5107,30.0,4,36.8,0.2103
1500,E2C,6,12.4324,0.0,0,19.27,0.057
1500,W2C,6,12.4515,0.0,0,19.24,0.0567
1501,N2C,10,6.6922,30.0,4,35.8,0.2076
1501,S2C,10,6.0684,35.0,5,39.48,0.226
1501,E2C,5,12.4436,0.0,0,19.25,0.0508
1501,W2C,6,12.7291,0.0,0,18.82,0.0527
1502,N2C,10,6.3116,34.0,4,37.96,0.2158
1502,S2C,10,5.603,40.0,5,42.76,0.236
1502,E2C,5,12.4876,0.0,0,19.19,0.0502
1502,W2C,5,12.7641,0.0,0,18.77,0.0462
1503,N2C,11,6.2593,38.0,4,38.28,0.2252
1503,S2C,11,6.0869,45.0,5,39.36,0.2384
1503,E2C,5,12.2399,0.0,0,19.58,0.0538
1503,W2C,5,12.8461,0.0,0,18.65,0.045
1504,N2C,11,5.5524,42.0,4,43.15,0.2381
1504,S2C,11,5.8108,50.0,5,41.23,0.2457
1504,E2C,5,12.1576,0.0,0,19.71,0.0549
1504,W2C,5,12.8285,0.0,0,18.68,0.0453
1505,N2C,11,5.5843,47.0,5,42.91,0.2469
1505,S2C,11,5.7595,55.0,5,41.6,0.2497
1505,E2C,5,12.0987,0.0,0,19.8,0.0558
1505,W2C,5,12.4519,0.0,0,19.24,0.0507
1506,N2C,12,5.9105,53.0,6,40.54,0.2582
1506,S2C,12,5.8826,61.0,6,40.73,0.264
1506,E2C,5,11.8402,0.0,0,20.24,0.0595
1506,W2C,5,12.4016,0.0,0,19.32,0.0514
1507,N2C,12,5.4421,59.0,6,44.03,0.269
1507,S2C,12,5.6938,67.0,6,42.08,0.2707
1507,E2C,5,12.1172,0.0,0,19.77,0.0555
1507,W2C,5,12.464,0.0,0,19.22,0.0505
1508,N2C,12,5.2587,65.0,6,45.56,0.2756
1508,S2C,12,5.23,73.0,6,45.81,0.2814
1508,E2C,5,11.8999,0.0,0,20.13,0.0587
1508,W2C,5,11.893,0.0,0,20.15,0.0588
1509,N2C,12,4.8474,72.0,7,49.43,0.2922
1509,S2C,12,4.8906,80.0,7,48.99,0.2969
1509,E2C,5,12.0817,0.0,0,19.83,0.056
1509,W2C,5,12.1065,0.0,0,19.79,0.0557
1510,N2C,13,5.3769,79.0,7,44.56,0.2952
1510,S2C,13,5.4648,87.0,7,43.84,0.2993
1510,E2C,5,12.309,0.0,0,19.47,0.0528
1510,W2C,6,12.6791,0.0,0,18.9,0.0534
1511,N2C,13,4.8605,86.0,7,49.3,0.3073
1511,S2C,13,5.0015,94.0,7,47.91,0.3107
1511,E2C,5,11.7283,0.0,0,20.43,0.0611
1511,W2C,6,12.2581,0.0,0,19.55,0.0595
1512,N2C,13,4.7331,93.0,7,50.62,0.3138
1512,S2C,13,4.5181,101.0,7,53.03,0.3223
1512,E2C,5,12.0007,0.0,0,19.97,0.0572
1512,W2C,5,12.3392,0.0,0,19.42,0.0523
1513,N2C,14,5.2966,100.0,7,45.24,0.3164
1513,S2C,14,4.8927,109.0,8,48.97,0.3342
1513,E2C,6,12.4694,0.0,0,19.21,0.0565
1513,W2C,5,12.6082,0.0,0,19.0,0.0485
1514,N2C,14,4.8895,108.0,8,49.0,0.3336
1514,S2C,14,4.5492,117.0,8,52.67,0.3445
1514,E2C,6,11.9607,0.0,0,20.03,0.0638
1514,W2C,5,12.0677,0.0,0,19.85,0.0562
1515,N2C,14,4.3058,116.0,8,55.65,0.3473
1515,S2C,14,4.2154,126.0,9,56.84,0.3613
1515,E2C,6,12.4074,0.0,0,19.31,0.0573
1515,W2C,5,12.4264,0.0,0,19.28,0.0511
1516,N2C,14,3.7176,124.0,8,64.45,0.3611
1516,S2C,14,3.8955,135.0,9,61.51,0.3719
1516,E2C,6,12.1495,0.0,0,19.72,0.0611
1516,W2C,5,12.5612,0.0,0,19.07,0.0491
1517,N2C,15,4.2812,132.0,8,55.97,0.3644
1517,S2C,15,4.3206,144.0,9,55.46,0.3778
1517,E2C,7,11.8528,0.0,0,20.21,0.0713
1517,W2C,6,11.8886,0.0,0,20.15,0.0648
1518,N2C,15,3.9071,142.0,10,61.32,0.3884
1518,S2C,15,4.1613,153.0,9,57.58,0.3861
1518,E2C,7,11.1714,0.0,0,21.45,0.0811
1518,W2C,6,11.0982,0.0,0,21.59,0.0762
1519,N2C,13,4.1675,96.0,8,57.49,0.33
1519,S2C,13,4.4492,102.0,7,53.85,0.3239
1519,E2C,7,10.5587,0.0,0,22.69,0.09
1519,W2C,6,10.5141,0.0,0,22.79,0.0846
1520,N2C,13,4.0178,56.0,6,59.63,0.2935
1520,S2C,13,4.2792,62.0,6,55.99,0.2937
1520,E2C,7,9.9176,1.0,1,24.16,0.1059
1520,W2C,6,10.186,0.0,0,23.52,0.0893
1521,N2C,14,5.0228,29.0,4,47.7,0.255
1521,S2C,14,5.229,31.0,4,45.82,0.2534
1521,E2C,8,9.884,2.0,1,24.24,0.113
1521,W2C,7,10.6641,0.0,0,22.47,0.0884
1522,N2C,12,5.3455,11.0,3,44.82,0.2204
1522,S2C,12,5.5196,12.0,3,43.41,0.2185
1522,E2C,8,9.8485,3.0,1,24.33,0.1142
1522,W2C,7,10.6182,1.0,1,22.56,0.0958
1523,N2C,12,5.959,2.0,1,40.21,0.1935
1523,S2C,12,5.7885,2.0,1,41.39,0.196
1523,E2C,8,8.902,4.0,1,26.92,0.1285
1523,W2C,7,10.0818,2.0,1,23.77,0.1042
1524,N2C,11,7.2234,0.0,0,33.17,0.162
1524,S2C,13,6.9025,0.0,0,34.71,0.1786
1524,E2C,9,8.318,5.0,1,28.81,0.1436
1524,W2C,8,10.2396,3.0,1,23.4,0.1086
1525,N2C,11,7.9562,0.0,0,30.11,0.1514
1525,S2C,11,7.5426,0.0,0,31.77,0.1574
1525,E2C,9,7.613,8.0,3,31.47,0.1677
1525,W2C,8,9.2365,4.0,1,25.94,0.1237
1526,N2C,10,8.9131,0.0,0,26.88,0.1317
1526,S2C,11,8.1387,0.0,0,29.44,0.1488
1526,E2C,9,7.1047,11.0,3,33.72,0.177
1526,W2C,8,8.7098,6.0,2,27.51,0.1386
1527,N2C,9,9.9006,0.0,0,24.2,0.1114
1527,S2C,9,8.7024,0.0,0,27.53,0.1287
1527,E2C,9,6.793,14.0,3,35.27,0.1835
1527,W2C,8,7.7093,8.0,2,31.08,0.1543
1528,N2C,8,10.8628,0.0,0,22.06,0.0916
1528,S2C,10,9.7967,0.0,0,24.46,0.1189
1528,E2C,10,6.8442,17.0,3,35.01,0.1908
1528,W2C,9,7.7553,10.0,2,30.9,0.161
1529,N2C,8,11.167,0.0,0,21.46,0.0872
1529,S2C,8,10.4156,0.0,0,23.0,0.098
1529,E2C,10,6.3201,22.0,5,37.91,0.2137
1529,W2C,9,7.447,12.0,2,32.17,0.1668
1530,N2C,6,12.1416,0.0,0,19.73,0.0612
1530,S2C,7,11.0945,0.0,0,21.6,0.0823
1530,E2C,10,5.9816,27.0,5,40.06,0.2219
1530,W2C,9,6.6858,15.0,3,35.84,0.1857
1531,N2C,7,12.1954,0.0,0,19.65,0.0664
1531,S2C,7,11.8295,0.0,0,20.25,0.0717
1531,E2C,11,6.2199,32.0,5,38.52,0.2278
1531,W2C,10,6.9899,19.0,4,34.28,0.196
1532,N2C,6,12.129,0.0,0,19.75,0.0614
1532,S2C,5,12.5265,0.0,0,19.13,0.0496
1532,E2C,11,5.7632,37.0,5,41.57,0.2377
1532,W2C,10,6.4647,23.0,4,37.06,0.2062
1533,N2C,5,12.4876,0.0,0,19.19,0.0502
1533,S2C,5,12.2858,0.0,0,19.5,0.0531
1533,E2C,11,5.4155,43.0,6,44.24,0.2527
1533,W2C,10,6.4724,28.0,5,37.02,0.2155
1534,N2C,5,12.7811,0.0,0,18.75,0.046
1534,S2C,5,12.4411,0.0,0,19.26,0.0509
1534,E2C,11,5.1776,49.0,6,46.28,0.2601
1534,W2C,10,6.4514,33.0,5,37.14,0.2191
1535,N2C,6,12.5878,0.0,0,19.03,0.0547
1535,S2C,5,12.3602,0.0,0,19.38,0.052
1535,E2C,12,5.4405,55.0,6,44.04,0.2663
1535,W2C,11,6.8412,38.0,5,35.02,0.2228
1536,N2C,5,12.4464,0.0,0,19.25,0.0508
1536,S2C,5,12.3478,0.0,0,19.4,0.0522
1536,E2C,12,5.426,61.0,6,44.16,0.2705
1536,W2C,11,6.7114,43.0,5,35.7,0.228
1537,N2C,5,12.5801,0.0,0,19.05,0.0489
1537,S2C,5,12.1751,0.0,0,19.68,0.0547
1537,E2C,12,5.1055,68.0,7,46.93,0.2858
1537,W2C,11,6.0477,48.0,5,39.62,0.2409
1538,N2C,5,12.0725,0.0,0,19.85,0.0562
1538,S2C,5,12.5109,0.0,0,19.15,0.0499
1538,E2C,12,4.6745,75.0,7,51.26,0.2967
1538,W2C,11,5.4232,53.0,5,44.18,0.2532
1539,N2C,5,12.5646,0.0,0,19.07,0.0491
1539,S2C,6,12.4289,0.0,0,19.28,0.057
1539,E2C,13,4.8972,82.0,7,48.93,0.3042
1539,W2C,12,5.7709,59.0,6,41.52,0.2642
1540,N2C,5,12.16,0.0,0,19.7,0.0549
1540,S2C,6,12.2065,0.0,0,19.63,0.0602
1540,E2C,13,4.484,89.0,7,53.43,0.3148
1540,W2C,12,5.1997,65.0,6,46.08,0.2765
1541,N2C,5,12.2525,0.0,0,19.56,0.0536
1541,S2C,6,12.4271,0.0,0,19.28,0.0571
1541,E2C,13,4.132,97.0,8,57.99,0.3312
1541,W2C,12,4.787,72.0,7,50.05,0.2931
1542,N2C,5,12.3852,0.0,0,19.35,0.0517
1542,S2C,5,12.7655,0.0,0,18.77,0.0462
1542,E2C,14,4.6478,105.0,8,51.55,0.3351
1542,W2C,13,5.1598,79.0,7,46.44,0.2984
1543,N2C,5,12.3684,0.0,0,19.37,0.0519
1543,S2C,5,12.6756,0.0,0,18.9,0.0475
1543,E2C,14,4.3481,114.0,9,55.1,0.3514
1543,W2C,13,5.0047,87.0,8,47.88,0.3119
1544,N2C,5,12.3482,0.0,0,19.4,0.0522
1544,S2C,5,12.7474,0.0,0,18.8,0.0465
1544,E2C,14,4.0434,123.0,9,59.26,0.3618
1544,W2C,13,4.6077,95.0,8,52.0,0.323
1545,N2C,5,12.8148,0.0,0,18.7,0.0455
1545,S2C,5,12.8146,0.0,0,18.7,0.0455
1545,E2C,14,3.6656,132.0,9,65.36,0.3732
1545,W2C,13,4.1286,103.0,8,58.03,0.3352
1546,N2C,6,12.6746,0.0,0,18.9,0.0535
1546,S2C,6,12.7763,0.0,0,18.75,0.052
1546,E2C,15,4.4058,141.0,9,54.38,0.3746
1546,W2C,14,4.4808,111.0,8,53.47,0.3415
1547,N2C,6,12.6046,0.0,0,19.01,0.0545
1547,S2C,5,12.5792,0.0,0,19.05,0.0489
1547,E2C,15,4.2075,150.0,9,56.95,0.3834
1547,W2C,14,4.147,120.0,9,57.78,0.3583
1548,N2C,6,12.5074,0.0,0,19.16,0.0559
1548,S2C,5,12.485,0.0,0,19.19,0.0502
1548,E2C,15,3.9023,160.0,10,61.4,0.4005
1548,W2C,14,3.9329,129.0,9,60.92,0.3674
1549,N2C,6,12.6658,0.0,0,18.92,0.0536
1549,S2C,6,12.5164,0.0,0,19.14,0.0558
1549,E2C,16,4.3523,170.0,10,55.05,0.4067
1549,W2C,15,4.4229,138.0,9,54.17,0.3723
1550,N2C,6,11.7467,0.0,0,20.4,0.0669
1550,S2C,6,12.5728,0.0,0,19.06,0.055
1550,E2C,16,3.723,180.0,10,64.36,0.4224
1550,W2C,15,3.9761,148.0,10,60.26,0.3914
1551,N2C,6,11.4134,0.0,0,20.99,0.0717
1551,S2C,6,12.882,0.0,0,18.6,0.0505
1551,E2C,16,3.5796,190.0,10,66.94,0.4311
1551,W2C,15,3.8107,158.0,10,62.88,0.4005
1552,N2C,6,10.6285,0.0,0,22.54,0.083
1552,S2C,6,12.0221,0.0,0,19.93,0.0629
1552,E2C,14,3.7351,140.0,9,64.15,0.3776
1552,W2C,13,3.8908,115.0,9,61.58,0.3526
1553,N2C,7,11.1264,0.0,0,21.53,0.0818
1553,S2C,6,10.9333,0.0,0,21.91,0.0786
1553,E2C,15,4.4054,96.0,8,54.39,0.3386
1553,W2C,14,4.9204,73.0,7,48.7,0.3038
1554,N2C,7,10.4294,1.0,1,22.97,0.0985
1554,S2C,7,10.4544,0.0,0,22.92,0.0915
1554,E2C,15,4.4583,56.0,6,53.74,0.2991
1554,W2C,14,5.1417,42.0,5,46.6,0.268
1555,N2C,7,10.0484,2.0,1,23.84,0.1046
1555,S2C,7,9.8447,0.0,0,24.34,0.1002
1555,E2C,13,4.6538,28.0,4,51.49,0.2537
1555,W2C,12,5.6169,19.0,3,42.66,0.2218
1556,N2C,7,8.9557,3.0,1,26.75,0.121
1556,S2C,7,8.9867,0.0,0,26.66,0.1126
1556,E2C,13,5.1579,9.0,2,46.45,0.2217
1556,W2C,12,6.175,5.0,1,38.8,0.1924
1557,N2C,8,8.6109,4.0,1,27.83,0.1327
1557,S2C,8,9.1211,1.0,1,26.27,0.1233
1557,E2C,13,6.3422,0.0,0,37.78,0.1867
1557,W2C,11,7.1874,0.0,0,33.34,0.1625
1558,N2C,8,7.8388,6.0,2,30.57,0.1511
1558,S2C,8,8.2937,3.0,2,28.89,0.1426
1558,E2C,12,6.857,0.0,0,34.94,0.1733
1558,W2C,11,7.5484,0.0,0,31.74,0.1573
1559,N2C,8,7.3248,9.0,3,32.71,0.1665
1559,S2C,8,7.7309,5.0,2,30.99,0.152
1559,E2C,12,7.5685,0.0,0,31.66,0.163
1559,W2C,10,7.9009,0.0,0,30.33,0.1462
1560,N2C,9,7.6331,12.0,3,31.39,0.1701
1560,S2C,9,7.7475,8.0,3,30.93,0.1658
1560,E2C,11,8.4539,0.0,0,28.34,0.1443
1560,W2C,10,9.3627,0.0,0,25.59,0.1252
1561,N2C,9,7.1296,15.0,3,33.61,0.1793
1561,S2C,9,7.4023,11.0,3,32.37,0.1727
1561,E2C,11,8.8376,0.0,0,27.11,0.1387
1561,W2C,9,10.0328,0.0,0,23.88,0.1095
1562,N2C,9,6.9222,18.0,3,34.61,0.1843
1562,S2C,9,7.1449,14.0,3,33.53,0.1785
1562,E2C,9,9.4366,0.0,0,25.39,0.1181
1562,W2C,8,10.5688,0.0,0,22.67,0.0958
1563,N2C,9,6.1873,21.0,3,38.72,0.1969
1563,S2C,9,6.3787,18.0,4,37.56,0.1982
1563,E2C,8,10.2466,0.0,0,23.38,0.1005
1563,W2C,7,11.3086,0.0,0,21.19,0.0792
1564,N2C,10,6.5716,25.0,4,36.46,0.206
1564,S2C,10,6.7953,22.0,4,35.26,0.2008
1564,E2C,8,11.3226,0.0,0,21.16,0.085
1564,W2C,7,12.231,0.0,0,19.59,0.0659
1565,N2C,10,6.3345,29.0,4,37.82,0.2121
1565,S2C,10,6.2609,27.0,5,38.27,0.2178
1565,E2C,7,11.6363,0.0,0,20.59,0.0745
1565,W2C,6,12.3888,0.0,0,19.34,0.0576
1566,N2C,10,6.2335,34.0,5,38.44,0.2229
1566,S2C,10,5.924,32.0,5,40.45,0.226
1566,E2C,6,11.8722,0.0,0,20.18,0.0651
1566,W2C,5,13.1321,0.0,0,18.25,0.0409
1567,N2C,11,6.9117,39.0,5,34.67,0.2225
1567,S2C,11,5.9966,37.0,5,39.96,0.2343
1567,E2C,6,12.2612,0.0,0,19.54,0.0595
1567,W2C,6,13.0987,0.0,0,18.29,0.0474
1568,N2C,11,6.8595,44.0,5,34.93,0.2266
1568,S2C,11,5.8229,42.0,5,41.15,0.2402
1568,E2C,5,12.3189,0.0,0,19.45,0.0526
1568,W2C,5,12.6612,0.0,0,18.92,0.0477
1569,N2C,11,6.1239,49.0,5,39.13,0.2405
1569,S2C,11,5.8257,47.0,5,41.13,0.2435
1569,E2C,5,12.2569,0.0,0,19.55,0.0535
1569,W2C,5,13.0845,0.0,0,18.31,0.0416
1570,N2C,11,5.4669,54.0,5,43.83,0.2533
1570,S2C,11,5.5019,53.0,6,43.55,0.2581
1570,E2C,5,11.9765,0.0,0,20.01,0.0576
1570,W2C,5,12.6288,0.0,0,18.97,0.0482
1571,N2C,12,5.6628,59.0,5,42.31,0.2598
1571,S2C,12,5.6912,59.0,6,42.1,0.2654
1571,E2C,5,12.3707,0.0,0,19.37,0.0519
1571,W2C,5,12.6644,0.0,0,18.92,0.0476
1572,N2C,12,5.5435,64.0,5,43.22,0.2648
1572,S2C,12,5.3768,65.0,6,44.56,0.2739
1572,E2C,5,12.408,0.0,0,19.31,0.0513
1572,W2C,5,13.141,0.0,0,18.23,0.0408
1573,N2C,12,5.3508,70.0,6,44.78,0.2776
1573,S2C,12,5.2705,71.0,6,45.46,0.2794
1573,E2C,5,12.0975,0.0,0,19.81,0.0558
1573,W2C,5,12.7642,0.0,0,18.77,0.0462
1574,N2C,12,5.19,77.0,7,46.17,0.2906
1574,S2C,12,4.9928,78.0,7,47.99,0.2941
1574,E2C,5,12.2863,0.0,0,19.5,0.0531
1574,W2C,5,12.4967,0.0,0,19.17,0.0501
1575,N2C,13,5.2984,84.0,7,45.22,0.2997
1575,S2C,13,5.1761,85.0,7,46.29,0.3021
1575,E2C,6,12.6444,0.0,0,18.95,0.0539
1575,W2C,6,13.071,0.0,0,18.33,0.0478
1576,N2C,13,4.7357,91.0,7,50.59,0.3125
1576,S2C,13,4.7016,92.0,7,50.96,0.3136
1576,E2C,6,12.9398,0.0,0,18.52,0.0497
1576,W2C,6,12.8159,0.0,0,18.7,0.0515
1577,N2C,13,4.3255,98.0,7,55.39,0.3231
1577,S2C,13,4.2706,99.0,7,56.1,0.3245
1577,E2C,6,12.7258,0.0,0,18.83,0.0528
1577,W2C,5,13.2427,0.0,0,18.09,0.0393
1578,N2C,14,4.7986,106.0,8,49.93,0.3336
1578,S2C,14,4.6936,107.0,8,51.05,0.3358
1578,E2C,6,12.7916,0.0,0,18.73,0.0518
1578,W2C,5,13.0408,0.0,0,18.37,0.0422
1579,N2C,14,4.6429,115.0,9,51.61,0.3478
1579,S2C,14,4.3089,115.0,8,55.61,0.3466
1579,E2C,6,12.8593,0.0,0,18.63,0.0508
1579,W2C,5,12.7518,0.0,0,18.79,0.0464
1580,N2C,14,4.4295,124.0,9,54.09,0.3569
1580,S2C,14,3.9572,124.0,9,60.55,0.3637
1580,E2C,5,12.8621,0.0,0,18.63,0.0448
1580,W2C,5,12.6734,0.0,0,18.91,0.0475
1581,N2C,14,4.0306,133.0,9,59.45,0.3686
1581,S2C,14,3.7759,133.0,9,63.45,0.3723
1581,E2C,5,13.1087,0.0,0,18.28,0.0412
1581,W2C,5,12.5618,0.0,0,19.07,0.0491
1582,N2C,15,4.2044,142.0,9,56.99,0.3781
1582,S2C,15,4.0464,142.0,9,59.21,0.3804
1582,E2C,5,13.1402,0.0,0,18.23,0.0408
1582,W2C,4,12.5866,0.0,0,19.04,0.0428
1583,N2C,15,3.7494,151.0,9,63.9,0.3907
1583,S2C,15,3.6596,152.0,10,65.47,0.3986
1583,E2C,5,12.9465,0.0,0,18.51,0.0436
1583,W2C,5,12.8107,0.0,0,18.7,0.0455
1584,N2C,15,3.5206,162.0,11,68.06,0.4133
1584,S2C,15,3.5187,162.0,10,68.09,0.4073
1584,E2C,5,13.008,0.0,0,18.42,0.0427
1584,W2C,5,12.5466,0.0,0,19.1,0.0493
1585,N2C,14,4.5877,113.0,9,52.23,0.3473
1585,S2C,14,4.5143,115.0,8,53.08,0.3437
1585,E2C,6,12.9012,0.0,0,18.57,0.0502
1585,W2C,6,12.5744,0.0,0,19.05,0.0549
1586,N2C,14,4.4339,71.0,7,54.04,0.3095
1586,S2C,14,4.4901,72.0,6,53.36,0.3033
1586,E2C,6,12.5084,0.0,0,19.16,0.0559
1586,W2C,6,11.9332,0.0,0,20.08,0.0642
1587,N2C,14,4.6164,41.0,5,51.9,0.2749
1587,S2C,14,4.5989,38.0,5,52.1,0.2731
1587,E2C,6,11.8315,0.0,0,20.25,0.0656
1587,W2C,6,11.351,0.0,0,21.11,0.0726
1588,N2C,12,4.9271,21.0,3,48.63,0.2331
1588,S2C,12,4.8216,17.0,3,49.69,0.2319
1588,E2C,6,10.927,0.0,0,21.93,0.0787
1588,W2C,6,10.0828,0.0,0,23.76,0.0908
1589,N2C,13,6.0034,6.0,1,39.91,0.2016
1589,S2C,13,6.0829,3.0,1,39.39,0.1984
1589,E2C,7,10.6331,0.0,0,22.53,0.0889
1589,W2C,6,10.0753,0.0,0,23.78,0.0909
1590,N2C,12,6.022,0.0,0,39.79,0.1853
1590,S2C,12,7.0117,0.0,0,34.17,0.171
1590,E2C,7,9.8128,0.0,0,24.42,0.1007
1590,W2C,7,10.0372,0.0,0,23.87,0.0975
1591,N2C,11,6.7746,0.0,0,35.37,0.1685
1591,S2C,11,7.7739,0.0,0,30.82,0.1541
1591,E2C,7,9.7111,1.0,1,24.67,0.1088
1591,W2C,7,9.1916,1.0,1,26.07,0.1163
1592,N2C,10,7.4906,0.0,0,31.99,0.1521
1592,S2C,10,8.7944,0.0,0,27.24,0.1334
1592,E2C,7,8.7961,3.0,2,27.24,0.1293
1592,W2C,7,8.6191,2.0,1,27.8,0.1252
1593,N2C,10,8.4159,0.0,0,28.47,0.1388
1593,S2C,10,9.5803,0.0,0,25.01,0.1221
1593,E2C,8,8.8268,5.0,2,27.14,0.1362
1593,W2C,8,8.5859,4.0,2,27.91,0.139
1594,N2C,9,9.1915,0.0,0,26.07,0.1217
1594,S2C,9,10.362,0.0,0,23.12,0.1048
1594,E2C,8,8.3771,7.0,2,28.6,0.144
1594,W2C,8,8.2132,6.0,2,29.17,0.1457
1595,N2C,8,9.9214,0.0,0,24.15,0.1051
1595,S2C,8,10.7532,0.0,0,22.28,0.0932
1595,E2C,8,7.8567,10.0,3,30.5,0.1595
1595,W2C,8,7.9133,9.0,3,30.28,0.1581
1596,N2C,8,10.8537,0.0,0,22.08,0.0917
1596,S2C,7,11.6605,0.0,0,20.55,0.0741
1596,E2C,9,7.7362,13.0,3,30.97,0.1693
1596,W2C,9,8.525,12.0,3,28.11,0.1573
1597,N2C,7,11.3552,0.0,0,21.1,0.0785
1597,S2C,7,11.9154,0.0,0,20.11,0.0704
1597,E2C,9,7.1854,16.0,3,33.35,0.1792
1597,W2C,9,7.9016,15.0,3,30.32,0.1682
1598,N2C,6,12.0037,0.0,0,19.96,0.0632
1598,S2C,5,12.4673,0.0,0,19.22,0.0505
1598,E2C,9,7.2989,20.0,4,32.83,0.1862
1598,W2C,9,7.4817,18.0,3,32.02,0.1763
1599,N2C,5,12.4918,0.0,0,19.18,0.0501
1599,S2C,5,12.4956,0.0,0,19.17,0.0501
1599,E2C,9,6.6468,24.0,4,36.05,0.1983
1599,W2C,9,6.9727,21.0,3,34.36,0.1856
1600,N2C,6,12.1788,0.0,0,19.67,0.0606
1600,S2C,6,12.3224,0.0,0,19.44,0.0586
1600,E2C,10,7.0188,28.0,4,34.14,0.2016
1600,W2C,10,7.1883,25.0,4,33.33,0.1972
1601,N2C,5,11.9726,0.0,0,20.01,0.0576
1601,S2C,5,12.6765,0.0,0,18.9,0.0475
1601,E2C,10,6.3657,32.0,4,37.64,0.2137
1601,W2C,10,6.5855,29.0,4,36.38,0.2085
1602,N2C,5,12.028,0.0,0,19.92,0.0568
1602,S2C,5,12.7074,0.0,0,18.86,0.047
1602,E2C,10,5.8544,37.0,5,40.93,0.2304
1602,W2C,10,6.3065,33.0,4,37.99,0.2152
1603,N2C,6,11.8012,0.0,0,20.3,0.0661
1603,S2C,5,12.3912,0.0,0,19.34,0.0516
1603,E2C,11,6.149,42.0,5,38.97,0.2355
1603,W2C,11,6.7833,38.0,5,35.32,0.2237
1604,N2C,6,11.9057,0.0,0,20.12,0.0646
1604,S2C,5,12.5957,0.0,0,19.02,0.0486
1604,E2C,11,5.6831,47.0,5,42.16,0.2455
1604,W2C,11,6.379,43.0,5,37.56,0.2328
1605,N2C,6,11.8756,0.0,0,20.18,0.065
1605,S2C,5,12.5356,0.0,0,19.11,0.0495
1605,E2C,11,5.2887,53.0,6,45.3,0.2612
1605,W2C,11,5.9569,48.0,5,40.22,0.2422
1606,N2C,5,11.7687,0.0,0,20.36,0.0605
1606,S2C,5,11.8899,0.0,0,20.15,0.0588
1606,E2C,11,4.7884,59.0,6,50.04,0.2724
1606,W2C,11,5.6377,53.0,5,42.5,0.2502
1607,N2C,6,12.2075,0.0,0,19.63,0.0602
1607,S2C,6,12.748,0.0,0,18.8,0.0524
1607,E2C,12,5.3874,65.0,6,44.47,0.2738
1607,W2C,12,6.0313,59.0,6,39.73,0.2605
1608,N2C,6,12.3453,0.0,0,19.41,0.0582
1608,S2C,5,12.692,0.0,0,18.88,0.0473
1608,E2C,12,5.2719,71.0,6,45.45,0.2794
1608,W2C,12,5.7007,65.0,6,42.03,0.2692
1609,N2C,6,12.0397,0.0,0,19.9,0.0626
1609,S2C,5,12.2987,0.0,0,19.48,0.0529
1609,E2C,12,4.9317,78.0,7,48.58,0.295
1609,W2C,12,5.1719,71.0,6,46.33,0.2809
1610,N2C,5,12.1748,0.0,0,19.68,0.0547
1610,S2C,5,12.1933,0.0,0,19.65,0.0544
1610,E2C,12,4.6289,85.0,7,51.76,0.304
1610,W2C,12,4.8255,78.0,7,49.65,0.2965
1611,N2C,6,12.2564,0.0,0,19.55,0.0595
1611,S2C,6,12.7079,0.0,0,18.85,0.053
1611,E2C,13,4.7451,92.0,7,50.49,0.313
1611,W2C,13,5.3,85.0,7,45.21,0.3004
1612,N2C,5,11.8402,0.0,0,20.24,0.0595
1612,S2C,6,12.6428,0.0,0,18.95,0.054
1612,E2C,13,4.3389,99.0,7,55.22,0.3235
1612,W2C,13,4.9249,92.0,7,48.65,0.3104
1613,N2C,5,11.96,0.0,0,20.03,0.0578
1613,S2C,6,12.7034,0.0,0,18.86,0.0531
1613,E2C,13,3.9941,106.0,7,59.99,0.3332
1613,W2C,13,4.5325,100.0,8,52.86,0.3274
1614,N2C,5,11.7751,0.0,0,20.35,0.0605
1614,S2C,7,12.2391,0.0,0,19.58,0.0658
1614,E2C,14,4.5566,114.0,8,52.58,0.3424
1614,W2C,14,4.8934,108.0,8,48.96,0.3335
1615,N2C,5,11.6247,0.0,0,20.61,0.0626
1615,S2C,6,11.4307,0.0,0,20.96,0.0714
1615,E2C,14,4.4568,123.0,9,53.76,0.3558
1615,W2C,14,4.5489,116.0,8,52.67,0.3438
1616,N2C,5,11.8698,0.0,0,20.19,0.0591
1616,S2C,6,11.0354,0.0,0,21.71,0.0771
1616,E2C,14,4.3027,132.0,9,55.69,0.364
1616,W2C,14,4.1245,125.0,9,58.09,0.3619
1617,N2C,5,11.944,0.0,0,20.06,0.058
1617,S2C,6,10.5625,0.0,0,22.68,0.0839
1617,E2C,14,4.1555,141.0,9,57.66,0.3722
1617,W2C,14,3.9117,134.0,9,61.25,0.371
1618,N2C,5,11.7106,0.0,0,20.46,0.0614
1618,S2C,7,10.7919,0.0,0,22.2,0.0866
1618,E2C,13,5.2574,95.0,7,45.57,0.3076
1618,W2C,13,4.9054,89.0,7,48.84,0.3087
1619,N2C,6,11.9076,0.0,0,20.12,0.0645
1619,S2C,7,10.1543,0.0,0,23.6,0.0958
1619,E2C,13,5.0638,56.0,6,47.32,0.2784
1619,W2C,13,4.5592,52.0,6,52.55,0.283
1620,N2C,6,11.9206,0.0,0,20.1,0.0644
1620,S2C,7,9.4089,1.0,1,25.47,0.1132
1620,E2C,13,5.449,27.0,4,43.97,0.2415
1620,W2C,13,4.7837,26.0,4,50.09,0.2505
1621,N2C,7,11.7888,0.0,0,20.32,0.0723
1621,S2C,8,9.0092,2.0,1,26.6,0.1256
1621,E2C,13,6.7003,10.0,2,35.76,0.2002
1621,W2C,12,6.1503,10.0,3,38.96,0.2081
1622,N2C,7,11.1944,0.0,0,21.4,0.0808
1622,S2C,8,8.159,3.0,1,29.37,0.1385
1622,E2C,12,6.8015,0.0,0,35.23,0.1741
1622,W2C,12,6.3226,2.0,1,37.9,0.1883
1623,N2C,7,9.8432,0.0,0,24.34,0.1003
1623,S2C,8,7.644,5.0,2,31.34,0.1533
1623,E2C,12,7.0853,0.0,0,33.82,0.17
1623,W2C,11,6.8971,0.0,0,34.74,0.1667
1624,N2C,7,8.9048,0.0,0,26.91,0.1138
1624,S2C,8,7.0499,8.0,3,33.99,0.1698
1624,E2C,10,7.553,0.0,0,31.72,0.1512
1624,W2C,10,7.7181,0.0,0,31.04,0.1489
1625,N2C,8,8.2817,2.0,2,28.93,0.1421
1625,S2C,9,7.749,11.0,3,30.92,0.1678
1625,E2C,11,8.4635,0.0,0,28.31,0.1441
1625,W2C,10,8.6852,0.0,0,27.59,0.1349
1626,N2C,8,7.8564,4.0,2,30.5,0.1495
1626,S2C,9,7.1826,14.0,3,33.36,0.1779
1626,E2C,9,9.2019,0.0,0,26.04,0.1215
1626,W2C,9,9.5377,0.0,0,25.12,0.1167
1627,N2C,8,7.6209,6.0,2,31.44,0.1543
1627,S2C,9,6.9061,17.0,3,34.69,0.1839
1627,E2C,9,9.5285,0.0,0,25.15,0.1168
1627,W2C,8,10.2732,0.0,0,23.32,0.1001
1628,N2C,8,7.532,8.0,2,31.81,0.1569
1628,S2C,9,6.3925,21.0,4,37.48,0.2
1628,E2C,7,10.5031,0.0,0,22.81,0.0908
1628,W2C,7,10.8862,0.0,0,22.01,0.0853
1629,N2C,9,8.0311,11.0,3,29.83,0.1637
1629,S2C,10,6.6299,25.0,4,36.14,0.2052
1629,E2C,8,11.6473,0.0,0,20.57,0.0803
1629,W2C,7,11.952,0.0,0,20.05,0.0699
1630,N2C,9,7.9054,14.0,3,30.31,0.1675
1630,S2C,10,6.2672,29.0,4,38.23,0.2131
1630,E2C,6,12.1792,0.0,0,19.67,0.0606
1630,W2C,6,12.4551,0.0,0,19.24,0.0567
1631,N2C,9,7.4262,17.0,3,32.26,0.1764
1631,S2C,10,6.2453,34.0,5,38.36,0.2227
1631,E2C,6,12.3751,0.0,0,19.36,0.0578
1631,W2C,6,12.7948,0.0,0,18.73,0.0518
1632,N2C,10,7.454,20.0,3,32.14,0.184
1632,S2C,11,6.7095,39.0,5,35.71,0.2254
1632,E2C,5,13.3646,0.0,0,17.93,0.0376
1632,W2C,5,12.9018,0.0,0,18.57,0.0442
1633,N2C,10,6.6588,23.0,3,35.98,0.1975
1633,S2C,11,6.1579,44.0,5,38.91,0.2367
1633,E2C,5,12.963,0.0,0,18.48,0.0433
1633,W2C,5,12.8387,0.0,0,18.66,0.0451
1634,N2C,10,6.3976,26.0,3,37.45,0.2032
1634,S2C,11,5.5732,49.0,5,42.99,0.2484
1634,E2C,5,13.3254,0.0,0,17.98,0.0381
1634,W2C,5,13.0347,0.0,0,18.38,0.0423
1635,N2C,10,5.8137,31.0,5,41.21,0.227
1635,S2C,11,4.8004,55.0,6,49.91,0.2695
1635,E2C,5,12.9966,0.0,0,18.44,0.0429
1635,W2C,5,13.133,0.0,0,18.24,0.0409
1636,N2C,11,6.2642,36.0,5,38.25,0.2298
1636,S2C,12,5.3657,61.0,6,44.65,0.2714
1636,E2C,5,13.3608,0.0,0,17.93,0.0376
1636,W2C,6,13.1686,0.0,0,18.19,0.0464
1637,N2C,11,6.0087,41.0,5,39.88,0.2368
1637,S2C,12,5.2336,67.0,6,45.78,0.2773
1637,E2C,5,12.9369,0.0,0,18.52,0.0437
1637,W2C,5,13.201,0.0,0,18.15,0.0399
1638,N2C,11,5.6547,46.0,5,42.37,0.2452
1638,S2C,12,4.882,73.0,6,49.08,0.2864
1638,E2C,5,13.176,0.0,0,18.18,0.0403
1638,W2C,5,12.926,0.0,0,18.54,0.0439
1639,N2C,12,6.2965,51.0,5,38.05,0.2453
1639,S2C,13,5.3139,80.0,7,45.09,0.2968
1639,E2C,5,13.2284,0.0,0,18.11,0.0395
1639,W2C,5,13.353,0.0,0,17.94,0.0377
1640,N2C,12,6.167,57.0,6,38.85,0.2572
1640,S2C,13,4.8862,87.0,7,49.04,0.3076
1640,E2C,5,13.1267,0.0,0,18.25,0.041
1640,W2C,5,12.7632,0.0,0,18.77,0.0462
1641,N2C,12,6.0002,63.0,6,39.93,0.2636
1641,S2C,13,4.8069,94.0,7,49.84,0.3135
1641,E2C,5,13.0419,0.0,0,18.37,0.0422
1641,W2C,5,12.9378,0.0,0,18.52,0.0437
1642,N2C,12,5.324,69.0,6,45.0,0.2773
1642,S2C,13,4.8075,102.0,8,49.84,0.3248
1642,E2C,5,12.9114,0.0,0,18.56,0.0441
1642,W2C,5,13.1939,0.0,0,18.16,0.04
1643,N2C,13,5.484,75.0,6,43.69,0.285
1643,S2C,14,5.0565,110.0,8,47.38,0.3325
1643,E2C,6,13.1827,0.0,0,18.18,0.0462
1643,W2C,5,12.3325,0.0,0,19.43,0.0524
1644,N2C,13,5.006,81.0,6,47.86,0.2959
1644,S2C,14,4.4653,118.0,8,53.66,0.3464
1644,E2C,6,12.7252,0.0,0,18.83,0.0528
1644,W2C,5,12.5022,0.0,0,19.16,0.05
1645,N2C,13,4.992,89.0,8,48.0,0.3135
1645,S2C,14,4.2282,126.0,8,56.67,0.3551
1645,E2C,5,12.8709,0.0,0,18.62,0.0447
1645,W2C,5,12.426,0.0,0,19.28,0.0511
1646,N2C,13,4.6649,97.0,8,51.36,0.3235
1646,S2C,14,3.9147,135.0,9,61.21,0.3716
1646,E2C,5,12.8283,0.0,0,18.68,0.0453
1646,W2C,5,12.4123,0.0,0,19.3,0.0513
1647,N2C,14,4.8053,105.0,8,49.86,0.3328
1647,S2C,15,4.2744,144.0,9,56.05,0.3785
1647,E2C,5,12.8841,0.0,0,18.6,0.0445
1647,W2C,5,12.3147,0.0,0,19.46,0.0527
1648,N2C,14,4.3716,113.0,8,54.81,0.3444
1648,S2C,15,4.3529,153.0,9,55.04,0.3833
1648,E2C,5,13.0875,0.0,0,18.31,0.0416
1648,W2C,6,12.0618,0.0,0,19.86,0.0623
1649,N2C,14,3.9986,121.0,8,59.92,0.3551
1649,S2C,15,3.9872,162.0,9,60.09,0.3946
1649,E2C,5,12.6512,0.0,0,18.94,0.0478
1649,W2C,6,11.2077,0.0,0,21.38,0.0746
1650,N2C,15,4.381,130.0,9,54.69,0.3676
1650,S2C,16,4.088,172.0,10,58.61,0.4118
1650,E2C,6,11.9159,0.0,0,20.11,0.0644
1650,W2C,7,10.1835,0.0,0,23.53,0.0954
1651,N2C,13,4.7167,86.0,8,50.8,0.3154
1651,S2C,14,4.4317,122.0,8,54.07,0.3495
1651,E2C,6,11.2932,0.0,0,21.22,0.0734
1651,W2C,7,9.5792,1.0,1,25.01,0.1107
1652,N2C,13,4.5579,52.0,6,52.57,0.283
1652,S2C,14,4.3137,75.0,6,55.54,0.3079
1652,E2C,6,10.9507,1.0,1,21.88,0.085
1652,W2C,7,9.1178,2.0,1,26.28,0.118
1653,N2C,13,4.6915,25.0,4,51.07,0.2511
1653,S2C,14,4.4627,40.0,5,53.69,0.2764
1653,E2C,6,10.2896,2.0,1,23.29,0.0952
1653,W2C,7,8.5329,3.0,1,28.08,0.1271
1654,N2C,12,5.7919,9.0,2,41.37,0.2066
1654,S2C,13,5.5343,16.0,3,43.29,0.227
1654,E2C,7,10.2542,3.0,1,23.37,0.1024
1654,W2C,8,8.7365,5.0,2,27.43,0.1375
1655,N2C,12,6.0801,1.0,1,39.41,0.1911
1655,S2C,13,5.625,4.0,2,42.6,0.2117
1655,E2C,7,9.6316,4.0,1,24.88,0.112
1655,W2C,8,7.9142,7.0,2,30.27,0.1507
1656,N2C,11,6.4917,0.0,0,36.91,0.1725
1656,S2C,11,6.2446,0.0,0,38.37,0.1761
1656,E2C,7,8.8244,6.0,2,27.15,0.1309
1656,W2C,8,7.4507,10.0,3,32.16,0.1654
1657,N2C,11,8.3042,0.0,0,28.85,0.1464
1657,S2C,12,7.4011,0.0,0,32.37,0.1654
1657,E2C,8,8.8693,8.0,2,27.01,0.1376
1657,W2C,9,7.4429,13.0,3,32.19,0.1735
1658,N2C,10,8.8474,0.0,0,27.08,0.1326
1658,S2C,11,8.0065,0.0,0,29.93,0.1507
1658,E2C,8,8.365,10.0,2,28.64,0.1462
1658,W2C,9,6.9511,16.0,3,34.47,0.1826
1659,N2C,9,9.256,0.0,0,25.89,0.1207
1659,S2C,10,8.7198,0.0,0,27.48,0.1344
1659,E2C,8,8.08,12.0,2,29.65,0.1517
1659,W2C,9,7.0712,20.0,4,33.88,0.1895
1660,N2C,8,10.1922,0.0,0,23.51,0.1012
1660,S2C,8,9.4991,0.0,0,25.22,0.1112
1660,E2C,8,8.0114,15.0,3,29.91,0.1606
1660,W2C,9,6.8948,24.0,4,34.75,0.1947
1661,N2C,8,11.2597,0.0,0,21.28,0.0859
1661,S2C,9,10.6073,0.0,0,22.59,0.1013
1661,E2C,9,8.3792,18.0,3,28.59,0.1633
1661,W2C,10,7.483,28.0,4,32.02,0.1949
1662,N2C,7,11.8553,0.0,0,20.21,0.0713
1662,S2C,7,11.1966,0.0,0,21.4,0.0808
1662,E2C,9,7.9088,21.0,3,30.3,0.1721
1662,W2C,10,7.4813,32.0,4,32.03,0.1976
1663,N2C,6,12.3692,0.0,0,19.37,0.0579
1663,S2C,7,11.6401,0.0,0,20.58,0.0744
1663,E2C,9,7.1579,24.0,3,33.47,0.1849
1663,W2C,10,7.2728,36.0,4,32.94,0.2033
1664,N2C,5,12.9869,0.0,0,18.45,0.043
1664,S2C,5,12.2867,0.0,0,19.5,0.0531
1664,E2C,9,6.5773,27.0,3,36.43,0.1953
1664,W2C,10,6.8742,40.0,4,34.86,0.2117
1665,N2C,6,12.994,0.0,0,18.44,0.0489
1665,S2C,6,12.8175,0.0,0,18.69,0.0514
1665,E2C,10,6.9469,31.0,4,34.49,0.2046
1665,W2C,11,6.8693,44.0,4,34.88,0.2204
1666,N2C,5,12.6033,0.0,0,19.01,0.0485
1666,S2C,5,12.8518,0.0,0,18.64,0.0449
1666,E2C,10,6.5666,35.0,4,36.49,0.2128
1666,W2C,11,5.647,48.0,4,42.43,0.2407
1667,N2C,5,12.7724,0.0,0,18.76,0.0461
1667,S2C,5,12.8289,0.0,0,18.68,0.0453
1667,E2C,10,5.9763,39.0,4,40.09,0.2239
1667,W2C,11,4.9176,54.0,6,48.72,0.2672
1668,N2C,5,12.7084,0.0,0,18.85,0.047
1668,S2C,6,12.7638,0.0,0,18.77,0.0522
1668,E2C,11,6.0434,44.0,5,39.65,0.2383
1668,W2C,12,5.4495,60.0,6,43.97,0.2695
1669,N2C,5,12.0681,0.0,0,19.85,0.0562
1669,S2C,6,12.573,0.0,0,19.06,0.055
1669,E2C,11,5.7022,49.0,5,42.02,0.2466
1669,W2C,12,5.3235,66.0,6,45.01,0.2753
1670,N2C,5,12.5025,0.0,0,19.16,0.05
1670,S2C,5,12.7259,0.0,0,18.83,0.0468
1670,E2C,11,5.1481,55.0,6,46.54,0.2645
1670,W2C,12,4.8689,72.0,6,49.21,0.2859
1671,N2C,5,12.3081,0.0,0,19.47,0.0528
1671,S2C,5,12.7435,0.0,0,18.8,0.0465
1671,E2C,11,4.8556,61.0,6,49.35,0.2728
1671,W2C,12,4.6508,79.0,7,51.52,0.2997
1672,N2C,6,12.5573,0.0,0,19.08,0.0552
1672,S2C,6,12.9044,0.0,0,18.57,0.0502
1672,E2C,12,5.272,67.0,6,45.45,0.2768
1672,W2C,13,4.9985,86.0,7,47.93,0.3054
1673,N2C,5,12.5181,0.0,0,19.14,0.0498
1673,S2C,5,12.7626,0.0,0,18.77,0.0462
1673,E2C,12,4.6571,73.0,6,51.45,0.2896
1673,W2C,13,4.6166,94.0,8,51.9,0.3222
1674,N2C,5,12.6945,0.0,0,18.87,0.0472
1674,S2C,5,12.9989,0.0,0,18.43,0.0428
1674,E2C,12,4.4255,80.0,7,54.14,0.3036
1674,W2C,13,4.4662,102.0,8,53.65,0.3297
1675,N2C,5,12.7132,0.0,0,18.85,0.0469
1675,S2C,5,12.9334,0.0,0,18.53,0.0438
1675,E2C,13,4.839,87.0,7,49.51,0.3083
1675,W2C,14,4.6761,110.0,8,51.24,0.338
1676,N2C,5,12.881,0.0,0,18.6,0.0445
1676,S2C,5,12.8957,0.0,0,18.58,0.0443
1676,E2C,13,4.7414,94.0,7,50.53,0.3144
1676,W2C,14,4.4646,118.0,8,53.67,0.3464
1677,N2C,5,13.0433,0.0,0,18.37,0.0422
1677,S2C,5,12.6727,0.0,0,18.91,0.0475
1677,E2C,13,4.6458,102.0,8,51.57,0.3271
1677,W2C,14,4.5163,126.0,8,53.05,0.351
1678,N2C,5,12.8921,0.0,0,18.59,0.0444
1678,S2C,5,12.6625,0.0,0,18.92,0.0477
1678,E2C,13,4.8561,110.0,8,49.34,0.3294
1678,W2C,14,4.3273,135.0,9,55.37,0.3657
1679,N2C,5,12.9092,0.0,0,18.56,0.0441
1679,S2C,5,12.8641,0.0,0,18.63,0.0448
1679,E2C,14,5.1954,118.0,8,46.12,0.3359
1679,W2C,15,4.603,144.0,9,52.05,0.3737
1680,N2C,5,12.8562,0.0,0,18.64,0.0449
1680,S2C,5,12.7992,0.0,0,18.72,0.0457
1680,E2C,14,4.6917,126.0,8,51.07,0.3484
1680,W2C,15,4.5969,153.0,9,52.12,0.3798
1681,N2C,5,12.5443,0.0,0,19.1,0.0494
1681,S2C,5,12.8068,0.0,0,18.71,0.0456
1681,E2C,14,4.0339,134.0,8,59.4,0.3633
1681,W2C,15,4.0821,162.0,9,58.7,0.3932
1682,N2C,5,12.669,0.0,0,18.91,0.0476
1682,S2C,5,12.5193,0.0,0,19.14,0.0497
1682,E2C,14,3.8777,142.0,8,61.79,0.3708
1682,W2C,15,3.6338,171.0,9,65.94,0.4057
1683,N2C,6,12.9699,0.0,0,18.47,0.0492
1683,S2C,6,12.186,0.0,0,19.66,0.0605
1683,E2C,15,4.2218,150.0,8,56.75,0.3772
1683,W2C,16,3.8228,181.0,10,62.68,0.4216
1684,N2C,6,12.8019,0.0,0,18.72,0.0517
1684,S2C,6,11.3448,0.0,0,21.12,0.0726
1684,E2C,13,4.6254,97.0,7,51.8,0.3181
1684,W2C,14,4.0548,127.0,9,59.09,0.3643
1685,N2C,6,11.9405,0.0,0,20.07,0.0641
1685,S2C,6,10.4423,0.0,0,22.95,0.0856
1685,E2C,13,4.9286,58.0,6,48.61,0.2817
1685,W2C,14,4.0181,79.0,7,59.63,0.3208
1686,N2C,7,11.744,0.0,0,20.4,0.0729
1686,S2C,7,11.2474,0.0,0,21.3,0.08
1686,E2C,14,5.8381,28.0,4,41.04,0.2426
1686,W2C,15,4.8051,46.0,5,49.86,0.2815
1687,N2C,7,10.5996,0.0,0,22.6,0.0894
1687,S2C,7,11.0016,1.0,1,21.78,0.0903
1687,E2C,12,5.8415,7.0,2,41.02,0.2046
1687,W2C,13,5.3326,20.0,4,44.93,0.2386
1688,N2C,7,9.7094,1.0,1,24.68,0.1089
1688,S2C,7,10.8772,2.0,1,22.03,0.0927
1688,E2C,12,5.9839,0.0,0,40.04,0.1858
1688,W2C,13,5.452,8.0,2,43.95,0.2168
1689,N2C,7,8.9312,2.0,1,26.83,0.1207
1689,S2C,7,9.9952,3.0,1,23.97,0.1061
1689,E2C,11,6.2199,0.0,0,38.52,0.1764
1689,W2C,12,6.0872,1.0,1,39.36,0.191
1690,N2C,8,8.9462,3.0,1,26.78,0.1272
1690,S2C,8,9.4841,4.0,1,25.26,0.1201
1690,E2C,11,7.4462,0.0,0,32.18,0.1588
1690,W2C,12,7.0453,0.0,0,34.01,0.1706
1691,N2C,8,8.0946,4.0,1,29.6,0.1401
1691,S2C,8,8.4777,5.0,1,28.26,0.1353
1691,E2C,9,7.9398,0.0,0,30.18,0.1397
1691,W2C,11,8.0055,0.0,0,29.93,0.1507
1692,N2C,8,7.4485,6.0,2,32.17,0.1567
1692,S2C,8,7.8709,8.0,3,30.44,0.158
1692,E2C,9,8.8286,0.0,0,27.14,0.1269
1692,W2C,10,8.5176,0.0,0,28.13,0.1374
1693,N2C,9,7.7743,9.0,3,30.82,0.1661
1693,S2C,9,7.8406,11.0,3,30.56,0.1664
1693,E2C,8,9.9415,0.0,0,24.1,0.1049
1693,W2C,10,9.4412,0.0,0,25.38,0.1241
1694,N2C,9,7.0309,12.0,3,34.08,0.1788
1694,S2C,9,7.2766,14.0,3,32.93,0.1766
1694,E2C,8,10.1999,0.0,0,23.49,0.1011
1694,W2C,9,9.9334,0.0,0,24.12,0.111
1695,N2C,9,6.85,16.0,4,34.98,0.19
1695,S2C,9,7.0932,17.0,3,33.78,0.1812
1695,E2C,7,11.1987,0.0,0,21.4,0.0808
1695,W2C,8,11.0002,0.0,0,21.78,0.0896
1696,N2C,9,6.3777,20.0,4,37.57,0.1995
1696,S2C,9,6.5381,21.0,4,36.65,0.1979
1696,E2C,6,11.5848,0.0,0,20.68,0.0692
1696,W2C,7,11.8367,0.0,0,20.24,0.0716
1697,N2C,10,6.9526,24.0,4,34.46,0.1999
1697,S2C,10,6.6867,25.0,4,35.83,0.2044
1697,E2C,6,12.2338,0.0,0,19.59,0.0598
1697,W2C,7,12.0777,0.0,0,19.84,0.0681
1698,N2C,10,6.4296,28.0,4,37.26,0.2101
1698,S2C,10,6.5137,29.0,4,36.78,0.2095
1698,E2C,5,12.0421,0.0,0,19.9,0.0566
1698,W2C,5,12.3369,0.0,0,19.42,0.0524
1699,N2C,10,6.2603,33.0,5,38.27,0.2219
1699,S2C,10,6.1388,34.0,5,39.03,0.2243
1699,E2C,5,12.2498,0.0,0,19.56,0.0536
1699,W2C,5,12.5514,0.0,0,19.09,0.0493
1700,N2C,10,5.7396,38.0,5,41.74,0.2327
1700,S2C,10,5.7746,39.0,5,41.49,0.2329
1700,E2C,5,11.9689,0.0,0,20.02,0.0577
1700,W2C,5,12.6341,0.0,0,18.96,0.0481
1701,N2C,11,6.0772,43.0,5,39.43,0.2372
1701,S2C,11,6.2247,44.0,5,38.49,0.2357
1701,E2C,6,12.3319,0.0,0,19.43,0.0584
1701,W2C,5,12.7752,0.0,0,18.76,0.0461
1702,N2C,11,5.7633,48.0,5,41.57,0.245
1702,S2C,11,5.4287,49.0,5,44.14,0.2505
1702,E2C,6,12.2861,0.0,0,19.5,0.0591
1702,W2C,5,13.0736,0.0,0,18.33,0.0418
1703,N2C,11,5.5651,53.0,5,43.05,0.2512
1703,S2C,11,5.1964,55.0,6,46.11,0.2638
1703,E2C,6,12.3124,0.0,0,19.46,0.0587
1703,W2C,5,12.7299,0.0,0,18.82,0.0467
1704,N2C,12,5.7567,59.0,6,41.62,0.2644
1704,S2C,12,5.5206,61.0,6,43.4,0.2692
1704,E2C,7,12.2844,0.0,0,19.5,0.0651
1704,W2C,5,12.7568,0.0,0,18.78,0.0463
1705,N2C,12,5.3781,65.0,6,44.55,0.2739
1705,S2C,12,5.2641,67.0,6,45.52,0.2769
1705,E2C,6,12.3254,0.0,0,19.44,0.0585
1705,W2C,5,12.4902,0.0,0,19.18,0.0502
1706,N2C,12,5.2862,71.0,6,45.33,0.2792
1706,S2C,12,4.9606,74.0,7,48.3,0.2919
1706,E2C,5,12.6237,0.0,0,18.98,0.0482
1706,W2C,5,12.3242,0.0,0,19.44,0.0525
1707,N2C,12,5.0173,77.0,6,47.75,0.2871
1707,S2C,12,4.7031,81.0,7,50.95,0.3003
1707,E2C,5,13.0978,0.0,0,18.29,0.0414
1707,W2C,5,12.7998,0.0,0,18.72,0.0457
1708,N2C,13,5.5359,84.0,7,43.28,0.2963
1708,S2C,13,5.0455,88.0,7,47.49,0.306
1708,E2C,5,12.4402,0.0,0,19.26,0.0509
1708,W2C,6,12.7633,0.0,0,18.77,0.0522
1709,N2C,13,4.871,91.0,7,49.19,0.3105
1709,S2C,13,4.8635,95.0,7,49.27,0.3133
1709,E2C,5,12.5041,0.0,0,19.16,0.05
1709,W2C,6,12.4693,0.0,0,19.22,0.0565
1710,N2C,13,4.252,98.0,7,56.35,0.3241
1710,S2C,13,4.5663,103.0,8,52.47,0.3289
1710,E2C,5,12.4247,0.0,0,19.28,0.0511
1710,W2C,6,12.8847,0.0,0,18.6,0.0505
1711,N2C,14,4.7559,105.0,7,50.38,0.3275
1711,S2C,14,4.9551,111.0,8,48.35,0.3347
1711,E2C,6,12.3193,0.0,0,19.45,0.0586
1711,W2C,5,12.9073,0.0,0,18.56,0.0441
1712,N2C,14,4.5621,113.0,8,52.52,0.3416
1712,S2C,14,4.6346,119.0,8,51.7,0.3446
1712,E2C,6,12.2864,0.0,0,19.5,0.0591
1712,W2C,5,13.2057,0.0,0,18.14,0.0399
1713,N2C,14,4.1922,122.0,9,57.15,0.359
1713,S2C,14,4.4567,128.0,9,53.76,0.3592
1713,E2C,5,12.7308,0.0,0,18.82,0.0467
1713,W2C,5,13.1049,0.0,0,18.28,0.0413
1714,N2C,14,3.8608,131.0,9,62.06,0.3697
1714,S2C,14,4.2413,137.0,9,56.49,0.3683
1714,E2C,5,11.9457,0.0,0,20.06,0.058
1714,W2C,5,13.0719,0.0,0,18.33,0.0418
1715,N2C,15,4.2152,140.0,9,56.84,0.3766
1715,S2C,15,4.4527,146.0,9,53.81,0.3772
1715,E2C,6,11.6241,0.0,0,20.61,0.0686
1715,W2C,6,12.8404,0.0,0,18.66,0.0511
1716,N2C,15,4.1554,150.0,10,57.66,0.3902
1716,S2C,15,3.9426,155.0,9,60.77,0.3906
1716,E2C,6,10.9014,0.0,0,21.98,0.079
1716,W2C,6,11.8731,0.0,0,20.18,0.065
1717,N2C,13,4.6767,104.0,8,51.23,0.328
1717,S2C,13,4.3102,108.0,8,55.59,0.3359
1717,E2C,6,10.3986,0.0,0,23.04,0.0863
1717,W2C,6,11.1826,0.0,0,21.43,0.075
1718,N2C,13,4.4992,62.0,6,53.25,0.2905
1718,S2C,13,4.0709,66.0,6,58.86,0.2994
1718,E2C,6,10.31,0.0,0,23.24,0.0875
1718,W2C,6,10.4378,0.0,0,22.96,0.0857
1719,N2C,14,5.0638,31.0,4,47.32,0.2558
1719,S2C,14,5.0942,35.0,5,47.03,0.264
1719,E2C,6,10.0569,0.0,0,23.82,0.0912
1719,W2C,7,10.4554,0.0,0,22.92,0.0915
1720,N2C,12,5.2354,13.0,2,45.77,0.2173
1720,S2C,13,5.1791,14.0,3,46.26,0.2308
1720,E2C,7,9.9912,1.0,1,23.98,0.1048
1720,W2C,7,9.6324,1.0,1,24.87,0.11
1721,N2C,12,5.5778,1.0,1,42.96,0.1984
1721,S2C,12,5.4719,3.0,1,43.79,0.2012
1721,E2C,7,8.8341,2.0,1,27.12,0.1221
1721,W2C,7,8.8787,2.0,1,26.99,0.1215
1722,N2C,11,6.9139,0.0,0,34.65,0.1664
1722,S2C,12,6.6351,0.0,0,36.11,0.1765
1722,E2C,8,8.561,3.0,1,27.99,0.1327
1722,W2C,8,9.0576,3.0,1,26.45,0.1256
1723,N2C,11,7.0501,0.0,0,33.99,0.1645
1723,S2C,11,7.1343,0.0,0,33.58,0.1633
1723,E2C,8,7.9732,4.0,1,30.05,0.1419
1723,W2C,8,8.2987,4.0,1,28.87,0.1372
1724,N2C,11,8.2029,0.0,0,29.21,0.1479
1724,S2C,10,7.4357,0.0,0,32.22,0.1529
1724,E2C,8,7.7272,7.0,3,31.01,0.1594
1724,W2C,8,8.0108,6.0,2,29.91,0.1487
1725,N2C,9,8.6819,0.0,0,27.6,0.129
1725,S2C,10,8.4326,0.0,0,28.41,0.1386
1725,E2C,8,8.0502,10.0,3,29.76,0.1568
1725,W2C,8,7.332,9.0,3,32.68,0.1664
1726,N2C,9,9.9926,0.0,0,23.98,0.1101
1726,S2C,9,9.3211,0.0,0,25.71,0.1198
1726,E2C,9,8.5899,13.0,3,27.89,0.157
1726,W2C,9,7.3576,12.0,3,32.56,0.1741
1727,N2C,8,10.5853,0.0,0,22.64,0.0956
1727,S2C,9,10.0362,0.0,0,23.87,0.1095
1727,E2C,9,8.4338,16.0,3,28.41,0.1612
1727,W2C,9,7.1337,15.0,3,33.59,0.1793
1728,N2C,6,11.5367,0.0,0,20.77,0.0699
1728,S2C,7,10.6967,0.0,0,22.4,0.088
1728,E2C,9,8.0272,19.0,3,29.85,0.1691
1728,W2C,9,6.8469,18.0,3,34.99,0.1854
1729,N2C,7,12.0336,0.0,0,19.91,0.0687
1729,S2C,7,11.7653,0.0,0,20.36,0.0726
1729,E2C,10,8.1566,22.0,3,29.37,0.1752
1729,W2C,10,7.1598,22.0,4,33.46,0.1956
1730,N2C,5,12.3217,0.0,0,19.45,0.0526
1730,S2C,6,11.7615,0.0,0,20.37,0.0666
1730,E2C,10,7.3486,25.0,3,32.61,0.1889
1730,W2C,10,6.4961,26.0,4,36.88,0.2078
1731,N2C,5,12.0477,0.0,0,19.89,0.0565
1731,S2C,5,12.181,0.0,0,19.67,0.0546
1731,E2C,10,6.3813,28.0,3,37.55,0.2048
1731,W2C,10,6.2668,30.0,4,38.23,0.2138
1732,N2C,5,12.2328,0.0,0,19.59,0.0539
1732,S2C,5,12.3306,0.0,0,19.43,0.0525
1732,E2C,10,5.9609,32.0,4,40.2,0.2195
1732,W2C,10,6.2601,34.0,4,38.27,0.2165
1733,N2C,6,12.3394,0.0,0,19.42,0.0583
1733,S2C,6,12.5558,0.0,0,19.08,0.0552
1733,E2C,11,6.1284,37.0,5,39.1,0.2324
1733,W2C,11,6.7552,39.0,5,35.47,0.2247
1734,N2C,6,12.1859,0.0,0,19.66,0.0605
1734,S2C,6,12.4752,0.0,0,19.21,0.0564
1734,E2C,11,5.8858,42.0,5,40.71,0.2393
1734,W2C,11,6.1376,44.0,5,39.04,0.237
1735,N2C,6,12.3147,0.0,0,19.46,0.0587
1735,S2C,5,12.4949,0.0,0,19.18,0.0501
1735,E2C,11,5.7378,47.0,5,41.76,0.2447
1735,W2C,11,5.927,49.0,5,40.42,0.2433
1736,N2C,6,12.229,0.0,0,19.59,0.0599
1736,S2C,5,12.3396,0.0,0,19.42,0.0523
1736,E2C,11,5.3339,53.0,6,44.92,0.2605
1736,W2C,11,5.6227,55.0,6,42.61,0.2577
1737,N2C,6,12.5573,0.0,0,19.08,0.0552
1737,S2C,6,12.7197,0.0,0,18.84,0.0529
1737,E2C,12,5.6165,59.0,6,42.66,0.2665
1737,W2C,12,5.868,61.0,6,40.83,0.2642
1738,N2C,5,12.4368,0.0,0,19.27,0.0509
1738,S2C,5,12.3103,0.0,0,19.46,0.0527
1738,E2C,12,4.9656,65.0,6,48.25,0.2798
1738,W2C,12,5.0246,67.0,6,47.69,0.2803
1739,N2C,5,12.0431,0.0,0,19.9,0.0566
1739,S2C,5,12.4867,0.0,0,19.19,0.0502
1739,E2C,12,4.434,71.0,6,54.04,0.2915
1739,W2C,12,4.815,73.0,6,49.76,0.2873
1740,N2C,5,12.5727,0.0,0,19.06,0.049
1740,S2C,4,12.5934,0.0,0,19.03,0.0427
1740,E2C,13,4.9332,78.0,7,48.57,0.301
1740,W2C,13,4.9907,80.0,7,48.01,0.3015
1741,N2C,5,12.4311,0.0,0,19.27,0.051
1741,S2C,5,12.2992,0.0,0,19.48,0.0529
1741,E2C,13,4.8694,86.0,8,49.21,0.3132
1741,W2C,13,4.8021,87.0,7,49.89,0.3089
1742,N2C,5,12.4387,0.0,0,19.26,0.0509
1742,S2C,5,12.4513,0.0,0,19.24,0.0507
1742,E2C,13,4.6539,94.0,8,51.48,0.3217
1742,W2C,13,4.8398,94.0,7,49.51,0.313
1743,N2C,5,12.6866,0.0,0,18.89,0.0473
1743,S2C,5,12.3886,0.0,0,19.34,0.0516
1743,E2C,13,4.3772,102.0,8,54.74,0.331
1743,W2C,13,4.525,102.0,8,52.95,0.3288
1744,N2C,5,12.3105,0.0,0,19.46,0.0527
1744,S2C,6,12.5132,0.0,0,19.15,0.0558
1744,E2C,14,4.7474,110.0,8,50.47,0.337
1744,W2C,14,4.797,110.0,8,49.95,0.3363
1745,N2C,5,12.5356,0.0,0,19.11,0.0495
1745,S2C,6,12.0996,0.0,0,19.8,0.0618
1745,E2C,14,4.4708,118.0,8,53.59,0.3463
1745,W2C,14,4.1486,118.0,8,57.75,0.3509
1746,N2C,5,12.412,0.0,0,19.3,0.0513
1746,S2C,6,12.2893,0.0,0,19.5,0.059
1746,E2C,14,4.1019,127.0,9,58.41,0.3636
1746,W2C,14,3.8229,127.0,9,62.68,0.3676
1747,N2C,6,12.8946,0.0,0,18.58,0.0503
1747,S2C,6,11.9545,0.0,0,20.04,0.0639
1747,E2C,15,4.3611,136.0,9,54.94,0.3719
1747,W2C,15,4.3567,136.0,9,55.0,0.3719
1748,N2C,6,12.6104,0.0,0,19.0,0.0544
1748,S2C,7,10.772,0.0,0,22.24,0.0869
1748,E2C,15,4.0482,145.0,9,59.19,0.3824
1748,W2C,15,3.9018,146.0,10,61.41,0.3912
1749,N2C,6,12.935,0.0,0,18.52,0.0498
1749,S2C,7,9.6143,0.0,0,24.92,0.1036
1749,E2C,15,3.8676,155.0,10,61.95,0.3976
1749,W2C,15,3.7073,156.0,10,64.63,0.4006
1750,N2C,6,12.5032,0.0,0,19.16,0.056
1750,S2C,7,8.7012,0.0,0,27.54,0.1167
1750,E2C,13,4.1411,107.0,8,57.86,0.3377
1750,W2C,13,4.0248,108.0,8,59.53,0.34
1751,N2C,7,12.0471,0.0,0,19.89,0.0685
1751,S2C,8,8.5724,2.0,2,27.95,0.1379
1751,E2C,14,4.5098,68.0,6,53.13,0.3004
1751,W2C,14,4.6673,67.0,7,51.34,0.3035
1752,N2C,7,10.6234,0.0,0,22.55,0.089
1752,S2C,8,8.0364,4.0,2,29.81,0.147
1752,E2C,14,4.8108,37.0,5,49.8,0.2694
1752,W2C,14,4.7676,37.0,5,50.26,0.27
1753,N2C,7,9.778,0.0,0,24.5,0.1012
1753,S2C,8,7.9765,6.0,2,30.04,0.1491
1753,E2C,12,5.0761,15.0,3,47.2,0.2269
1753,W2C,12,5.3017,17.0,3,45.19,0.225
1754,N2C,7,9.3068,1.0,1,25.74,0.1147
1754,S2C,8,7.7594,8.0,2,30.88,0.1536
1754,E2C,12,5.1673,3.0,1,46.37,0.2056
1754,W2C,12,5.5215,4.0,1,43.39,0.2012
1755,N2C,8,9.3356,3.0,2,25.67,0.1276
1755,S2C,9,8.0532,11.0,3,29.75,0.1634
1755,E2C,13,5.9791,0.0,0,40.07,0.1919
1755,W2C,12,6.9795,0.0,0,34.33,0.1715
1756,N2C,8,8.8601,5.0,2,27.04,0.1358
1756,S2C,9,7.6787,14.0,3,31.2,0.1708
1756,E2C,11,6.3822,0.0,0,37.54,0.1741
1756,W2C,11,7.7032,0.0,0,31.1,0.1551
1757,N2C,8,7.7329,7.0,2,30.98,0.1533
1757,S2C,9,7.1749,17.0,3,33.39,0.18
1757,E2C,11,7.37,0.0,0,32.51,0.1599
1757,W2C,10,8.631,0.0,0,27.76,0.1357
1758,N2C,9,7.4828,9.0,2,32.02,0.1643
1758,S2C,10,7.7271,20.0,3,31.01,0.1801
1758,E2C,10,8.4764,0.0,0,28.27,0.1379
1758,W2C,10,9.9861,0.0,0,23.99,0.1162
1759,N2C,9,7.138,12.0,3,33.57,0.1772
1759,S2C,10,7.1987,24.0,4,33.28,0.1963
1759,E2C,10,8.8861,0.0,0,26.96,0.1321
1759,W2C,9,10.2914,0.0,0,23.28,0.1058
1760,N2C,9,6.9583,15.0,3,34.43,0.1818
1760,S2C,10,6.8464,28.0,4,35.0,0.2041
1760,E2C,8,9.6212,0.0,0,24.9,0.1095
1760,W2C,8,10.9583,0.0,0,21.86,0.0902
1761,N2C,9,6.6514,19.0,4,36.02,0.1949
1761,S2C,10,6.0624,32.0,4,39.52,0.218
1761,E2C,7,10.3034,0.0,0,23.25,0.0936
1761,W2C,7,11.6037,0.0,0,20.65,0.0749
1762,N2C,10,6.5739,23.0,4,36.45,0.2047
1762,S2C,11,6.7656,36.0,4,35.41,0.2166
1762,E2C,7,10.8861,0.0,0,22.01,0.0853
1762,W2C,7,12.4471,0.0,0,19.25,0.0628
1763,N2C,10,5.8615,28.0,5,40.88,0.2243
1763,S2C,11,6.3195,41.0,5,37.91,0.2323
1763,E2C,6,11.3885,0.0,0,21.04,0.072
1763,W2C,6,12.5042,0.0,0,19.16,0.056
1764,N2C,10,5.7454,33.0,5,41.7,0.2293
1764,S2C,11,5.5236,46.0,5,43.38,0.2471
1764,E2C,5,11.2739,0.0,0,21.25,0.0677
1764,W2C,5,13.1667,0.0,0,18.2,0.0404
1765,N2C,11,5.6773,38.0,5,42.2,0.2396
1765,S2C,12,6.0351,51.0,5,39.7,0.2491
1765,E2C,6,11.4268,0.0,0,20.97,0.0715
1765,W2C,5,12.5845,0.0,0,19.04,0.0488
1766,N2C,11,5.4682,43.0,5,43.82,0.2459
1766,S2C,12,5.637,57.0,6,42.5,0.2648
1766,E2C,6,11.3915,0.0,0,21.03,0.072
1766,W2C,5,12.5984,0.0,0,19.02,0.0486
1767,N2C,11,5.0782,49.0,6,47.18,0.2615
1767,S2C,12,5.4632,63.0,6,43.86,0.2713
1767,E2C,6,11.6207,0.0,0,20.62,0.0687
1767,W2C,5,12.4458,0.0,0,19.25,0.0508
1768,N2C,11,4.7923,55.0,6,50.0,0.2697
1768,S2C,12,5.1178,69.0,6,46.82,0.2803
1768,E2C,6,11.5822,0.0,0,20.69,0.0692
1768,W2C,5,12.6496,0.0,0,18.94,0.0479
1769,N2C,12,5.0288,61.0,6,47.65,0.2763
1769,S2C,13,5.3511,75.0,6,44.78,0.2869
1769,E2C,6,12.0728,0.0,0,19.85,0.0622
1769,W2C,5,12.2878,0.0,0,19.5,0.0531
1770,N2C,12,4.9252,67.0,6,48.65,0.2817
1770,S2C,13,4.8052,82.0,7,49.86,0.3055
1770,E2C,6,11.7669,0.0,0,20.36,0.0666
1770,W2C,5,12.1881,0.0,0,19.66,0.0545
1771,N2C,12,4.5457,74.0,7,52.71,0.2979
1771,S2C,13,4.5237,89.0,7,52.97,0.3142
1771,E2C,6,11.987,0.0,0,19.99,0.0634
1771,W2C,5,12.5662,0.0,0,19.07,0.0491
1772,N2C,12,4.2559,81.0,7,56.3,0.3067
1772,S2C,13,4.2899,97.0,8,55.85,0.3289
1772,E2C,6,11.9333,0.0,0,20.08,0.0642
1772,W2C,5,12.6004,0.0,0,19.02,0.0486
1773,N2C,13,4.6065,88.0,7,52.01,0.3123
1773,S2C,14,4.5741,105.0,8,52.38,0.3361
1773,E2C,6,11.9479,0.0,0,20.05,0.064
1773,W2C,6,12.5182,0.0,0,19.14,0.0558
1774,N2C,13,4.4893,96.0,8,53.37,0.3254
1774,S2C,14,4.195,113.0,8,57.12,0.3469
1774,E2C,6,11.6085,0.0,0,20.64,0.0689
1774,W2C,5,11.9903,0.0,0,19.98,0.0574
1775,N2C,13,4.2614,104.0,8,56.23,0.334
1775,S2C,14,3.9395,122.0,9,60.82,0.3626
1775,E2C,5,12.2209,0.0,0,19.61,0.054
1775,W2C,5,12.2983,0.0,0,19.48,0.0529
1776,N2C,14,4.7629,112.0,8,50.31,0.3381
1776,S2C,15,4.088,131.0,9,58.61,0.3725
1776,E2C,6,12.3954,0.0,0,19.33,0.0575
1776,W2C,4,11.6986,0.0,0,20.48,0.0556
1777,N2C,14,4.3536,120.0,8,55.03,0.3493
1777,S2C,15,3.8126,141.0,10,62.84,0.3891
1777,E2C,6,12.0223,0.0,0,19.93,0.0629
1777,W2C,5,12.2308,0.0,0,19.59,0.0539
1778,N2C,14,4.1562,129.0,9,57.65,0.3642
1778,S2C,15,3.6689,151.0,10,65.31,0.3978
1778,E2C,6,11.9625,0.0,0,20.03,0.0638
1778,W2C,5,12.1899,0.0,0,19.66,0.0545
1779,N2C,14,4.2774,138.0,9,56.02,0.3684
1779,S2C,15,3.2742,161.0,10,73.18,0.4102
1779,E2C,5,12.2788,0.0,0,19.51,0.0532
1779,W2C,5,12.1761,0.0,0,19.68,0.0547
1780,N2C,15,4.5849,147.0,9,52.26,0.376
1780,S2C,16,3.6728,172.0,11,65.24,0.4238
1780,E2C,6,12.1788,0.0,0,19.67,0.0606
1780,W2C,6,12.4733,0.0,0,19.21,0.0564
1781,N2C,15,4.4197,156.0,9,54.21,0.3844
1781,S2C,16,3.4537,183.0,11,69.37,0.4343
1781,E2C,6,12.1386,0.0,0,19.74,0.0612
1781,W2C,6,11.5388,0.0,0,20.76,0.0699
1782,N2C,15,4.1051,165.0,9,58.37,0.3949
1782,S2C,16,3.0613,194.0,11,78.27,0.4473
1782,E2C,6,11.4565,0.0,0,20.91,0.071
1782,W2C,6,11.0022,0.0,0,21.78,0.0776
1783,N2C,14,5.2553,115.0,7,45.59,0.327
1783,S2C,15,4.1256,139.0,9,58.08,0.3773
1783,E2C,6,10.7007,0.0,0,22.39,0.0819
1783,W2C,6,10.1498,0.0,0,23.61,0.0899
1784,N2C,14,5.3995,73.0,6,44.37,0.2909
1784,S2C,15,3.988,93.0,8,60.08,0.3426
1784,E2C,7,10.7502,0.0,0,22.29,0.0872
1784,W2C,7,10.0871,0.0,0,23.75,0.0968
1785,N2C,14,5.1469,37.0,4,46.55,0.2586
1785,S2C,15,4.1031,58.0,6,58.39,0.3056
1785,E2C,7,9.6198,1.0,1,24.91,0.1102
1785,W2C,7,10.0678,1.0,1,23.8,0.1037
1786,N2C,12,5.2816,12.0,2,45.37,0.216
1786,S2C,13,4.3478,32.0,4,55.11,0.2607
1786,E2C,7,8.6687,2.0,1,27.64,0.1245
1786,W2C,7,8.9785,2.0,1,26.69,0.1201
1787,N2C,13,6.5649,1.0,1,36.5,0.1901
1787,S2C,14,5.7411,13.0,3,41.73,0.228
1787,E2C,8,8.2266,3.0,1,29.13,0.1375
1787,W2C,8,8.7034,3.0,1,27.53,0.1307
1788,N2C,12,6.9793,0.0,0,34.33,0.1715
1788,S2C,12,5.9951,2.0,1,39.97,0.193
1788,E2C,8,7.7723,5.0,2,30.83,0.1514
1788,W2C,8,8.2735,4.0,1,28.96,0.1375
1789,N2C,11,7.7466,0.0,0,30.93,0.1545
1789,S2C,12,6.4947,0.0,0,36.89,0.1785
1789,E2C,8,7.3257,7.0,2,32.71,0.1592
1789,W2C,8,7.4561,6.0,2,32.13,0.1566
1790,N2C,10,8.2403,0.0,0,29.08,0.1413
1790,S2C,10,6.8868,0.0,0,34.79,0.1608
1790,E2C,8,7.4138,10.0,3,32.32,0.1659
1790,W2C,8,7.4345,9.0,3,32.23,0.165
1791,N2C,10,8.9739,0.0,0,26.7,0.1308
1791,S2C,11,8.2885,0.0,0,28.91,0.1467
1791,E2C,9,8.152,13.0,3,29.39,0.1633
1791,W2C,9,7.757,12.0,3,30.89,0.1683
1792,N2C,9,9.645,0.0,0,24.84,0.1151
1792,S2C,10,9.1498,0.0,0,26.19,0.1283
1792,E2C,9,7.4902,16.0,3,31.99,0.1748
1792,W2C,9,7.1577,15.0,3,33.47,0.1789
1793,N2C,8,10.1538,0.0,0,23.6,0.1018
1793,S2C,9,9.9508,0.0,0,24.08,0.1107
1793,E2C,9,7.2123,19.0,3,33.22,0.1808
1793,W2C,9,7.0928,18.0,3,33.78,0.1819
1794,N2C,9,10.8752,0.0,0,22.03,0.0974
1794,S2C,9,10.9784,0.0,0,21.82,0.0959
1794,E2C,10,7.1287,22.0,3,33.61,0.19
1794,W2C,10,7.525,21.0,3,31.84,0.1836
1795,N2C,7,11.309,0.0,0,21.19,0.0792
1795,S2C,8,11.8871,0.0,0,20.16,0.0768
1795,E2C,10,6.5267,25.0,3,36.71,0.2007
1795,W2C,10,7.4075,24.0,3,32.35,0.1873
1796,N2C,7,11.5615,0.0,0,20.72,0.0755
1796,S2C,6,12.1279,0.0,0,19.76,0.0614
1796,E2C,10,6.2554,29.0,4,38.3,0.2133
1796,W2C,10,6.6564,27.0,3,36.0,0.2002
1797,N2C,5,11.5481,0.0,0,20.75,0.0637
1797,S2C,6,12.2884,0.0,0,19.5,0.0591
1797,E2C,10,6.0909,34.0,5,39.34,0.225
1797,W2C,10,5.7163,31.0,4,41.92,0.2224
1798,N2C,6,12.3882,0.0,0,19.34,0.0576
1798,S2C,7,12.4813,0.0,0,19.2,0.0623
1798,E2C,11,6.9343,39.0,5,34.55,0.2222
1798,W2C,11,5.6177,35.0,4,42.65,0.2324
1799,N2C,5,11.9509,0.0,0,20.05,0.0579
1799,S2C,6,12.6489,0.0,0,18.94,0.0539
1799,E2C,11,6.6436,44.0,5,36.06,0.2297
1799,W2C,11,5.2847,40.0,5,45.34,0.2466
1800,N2C,5,12.1205,0.0,0,19.77,0.0555
1800,S2C,5,12.5138,0.0,0,19.15,0.0498
1800,E2C,11,5.8544,49.0,5,40.93,0.2444
1800,W2C,11,5.2952,46.0,6,45.25,0.2564
1801,N2C,5,12.0862,0.0,0,19.82,0.056
1801,S2C,5,12.8598,0.0,0,18.63,0.0448
1801,E2C,12,5.8173,54.0,5,41.19,0.2542
1801,W2C,12,6.0334,52.0,6,39.71,0.2558
1802,N2C,5,11.9176,0.0,0,20.1,0.0584
1802,S2C,5,12.5784,0.0,0,19.05,0.0489
1802,E2C,12,5.2919,59.0,5,45.28,0.2651
1802,W2C,12,6.093,58.0,6,39.32,0.2589
1803,N2C,5,11.9476,0.0,0,20.05,0.058
1803,S2C,5,12.645,0.0,0,18.95,0.0479
1803,E2C,12,5.148,64.0,5,46.54,0.2705
1803,W2C,12,5.7506,64.0,6,41.67,0.2679
1804,N2C,5,12.1508,0.0,0,19.72,0.055
1804,S2C,5,12.3238,0.0,0,19.44,0.0526
1804,E2C,12,5.0252,71.0,7,47.68,0.289
1804,W2C,12,5.5192,70.0,6,43.41,0.2752
1805,N2C,6,12.3565,0.0,0,19.39,0.0581
1805,S2C,6,12.792,0.0,0,18.73,0.0518
1805,E2C,13,5.8303,78.0,7,41.1,0.2881
1805,W2C,13,5.6999,76.0,6,42.04,0.2826
1806,N2C,5,12.0897,0.0,0,19.82,0.0559
1806,S2C,5,12.7118,0.0,0,18.85,0.047
1806,E2C,13,5.3357,85.0,7,44.91,0.2998
1806,W2C,13,5.2079,82.0,6,46.01,0.2937
1807,N2C,5,12.1369,0.0,0,19.74,0.0552
1807,S2C,5,13.1257,0.0,0,18.25,0.041
1807,E2C,13,4.582,92.0,7,52.29,0.3154
1807,W2C,13,4.8054,88.0,6,49.86,0.3035
1808,N2C,5,12.1329,0.0,0,19.75,0.0553
1808,S2C,5,12.8268,0.0,0,18.68,0.0453
1808,E2C,13,4.1266,99.0,7,58.06,0.3266
1808,W2C,13,4.7862,95.0,7,50.06,0.3144
1809,N2C,6,12.1864,0.0,0,19.66,0.0605
1809,S2C,6,12.6928,0.0,0,18.88,0.0532
1809,E2C,14,4.6147,107.0,8,51.92,0.3369
1809,W2C,14,5.1393,102.0,7,46.62,0.32
1810,N2C,6,12.115,0.0,0,19.78,0.0616
1810,S2C,6,12.5872,0.0,0,19.04,0.0548
1810,E2C,14,4.2499,116.0,9,56.38,0.3541
1810,W2C,14,4.3424,110.0,8,55.18,0.3428
1811,N2C,6,11.9642,0.0,0,20.03,0.0637
1811,S2C,6,12.7391,0.0,0,18.81,0.0526
1811,E2C,14,3.8712,125.0,9,61.89,0.3656
1811,W2C,14,3.9453,118.0,8,60.73,0.3539
1812,N2C,6,12.3635,0.0,0,19.38,0.058
1812,S2C,4,12.8506,0.0,0,18.65,0.039
1812,E2C,15,4.2798,134.0,9,55.98,0.3717
1812,W2C,15,4.2633,126.0,8,56.2,0.3606
1813,N2C,6,12.4185,0.0,0,19.29,0.0572
1813,S2C,5,12.8451,0.0,0,18.65,0.045
1813,E2C,15,3.9977,144.0,10,59.93,0.3884
1813,W2C,15,4.232,134.0,8,56.62,0.3664
1814,N2C,6,12.2389,0.0,0,19.58,0.0598
1814,S2C,5,12.7618,0.0,0,18.77,0.0462
1814,E2C,15,3.76,154.0,10,63.72,0.3985
1814,W2C,15,4.1758,144.0,10,57.38,0.3859
1815,N2C,6,11.4497,0.0,0,20.93,0.0711
1815,S2C,5,12.4879,0.0,0,19.19,0.0502
1815,E2C,15,3.4095,164.0,10,70.27,0.4102
1815,W2C,15,3.8163,154.0,10,62.78,0.3977
1816,N2C,7,11.2886,0.0,0,21.22,0.0795
1816,S2C,6,12.0765,0.0,0,19.84,0.0621
1816,E2C,14,4.6188,114.0,9,51.88,0.3475
1816,W2C,14,4.4949,105.0,8,53.31,0.3373
1817,N2C,7,10.7641,0.0,0,22.26,0.087
1817,S2C,6,10.9267,0.0,0,21.93,0.0787
1817,E2C,14,4.6046,73.0,7,52.03,0.3084
1817,W2C,14,4.0871,63.0,6,58.62,0.3032
1818,N2C,7,9.8101,0.0,0,24.42,0.1007
1818,S2C,6,10.2626,0.0,0,23.35,0.0882
1818,E2C,14,5.1011,43.0,5,46.97,0.2692
1818,W2C,14,4.2552,31.0,5,56.31,0.2734
1819,N2C,8,9.4304,1.0,1,25.41,0.1189
1819,S2C,6,9.7192,0.0,0,24.65,0.0961
1819,E2C,13,5.7858,21.0,3,41.41,0.2267
1819,W2C,13,5.4734,15.0,4,43.78,0.2332
1820,N2C,8,8.3242,2.0,1,28.78,0.1355
1820,S2C,7,9.3993,1.0,1,25.49,0.1133
1820,E2C,13,5.6904,5.0,1,42.11,0.2054
1820,W2C,13,5.6585,5.0,2,42.34,0.2119
1821,N2C,8,7.9036,4.0,2,30.32,0.1489
1821,S2C,7,8.9807,3.0,2,26.68,0.1267
1821,E2C,12,5.9581,0.0,0,40.21,0.1862
1821,W2C,13,6.35,0.0,0,37.73,0.1866
1822,N2C,8,7.23,6.0,2,33.14,0.1599
1822,S2C,7,8.7127,5.0,2,27.5,0.1319
1822,E2C,11,6.1939,0.0,0,38.68,0.1768
1822,W2C,11,6.6268,0.0,0,36.16,0.1706
1823,N2C,9,7.3108,9.0,3,32.77,0.1727
1823,S2C,8,8.6638,7.0,2,27.66,0.1399
1823,E2C,12,7.6632,0.0,0,31.27,0.1617
1823,W2C,12,8.0215,0.0,0,29.87,0.1565
1824,N2C,9,6.8428,12.0,3,35.01,0.1815
1824,S2C,8,8.1175,9.0,2,29.52,0.1491
1824,E2C,10,8.2226,0.0,0,29.14,0.1416
1824,W2C,10,9.0665,0.0,0,26.43,0.1295
1825,N2C,9,6.7625,15.0,3,35.43,0.1846
1825,S2C,8,8.0167,11.0,2,29.89,0.1519
1825,E2C,10,9.1072,0.0,0,26.31,0.1289
1825,W2C,10,9.8836,0.0,0,24.24,0.1177
1826,N2C,9,6.9645,19.0,4,34.4,0.1904
1826,S2C,8,8.0365,13.0,2,29.81,0.153
1826,E2C,8,9.4554,0.0,0,25.34,0.1119
1826,W2C,8,10.6492,0.0,0,22.5,0.0947
1827,N2C,10,7.1985,23.0,4,33.28,0.1957
1827,S2C,9,8.6365,16.0,3,27.74,0.1583
1827,E2C,8,10.378,0.0,0,23.09,0.0986
1827,W2C,8,11.493,0.0,0,20.85,0.0825
1828,N2C,10,6.3801,27.0,4,37.55,0.2101
1828,S2C,9,8.4777,19.0,3,28.26,0.1626
1828,E2C,7,10.9974,0.0,0,21.79,0.0837
1828,W2C,7,11.7896,0.0,0,20.32,0.0722
1829,N2C,10,5.6048,31.0,4,42.75,0.224
1829,S2C,9,8.2402,22.0,3,29.08,0.168
1829,E2C,6,11.4162,0.0,0,20.99,0.0716
1829,W2C,7,12.2496,0.0,0,19.56,0.0656
1830,N2C,11,5.9058,35.0,4,40.57,0.2283
1830,S2C,10,8.0491,25.0,3,29.77,0.1788
1830,E2C,6,11.9319,0.0,0,20.08,0.0642
1830,W2C,6,12.5076,0.0,0,19.16,0.0559
1831,N2C,11,5.6146,40.0,5,42.67,0.2418
1831,S2C,10,7.3629,29.0,4,32.54,0.1973
1831,E2C,6,12.1045,0.0,0,19.79,0.0617
1831,W2C,6,12.3249,0.0,0,19.44,0.0585
1832,N2C,11,5.5921,46.0,6,42.85,0.2521
1832,S2C,10,6.7094,33.0,4,35.71,0.2094
1832,E2C,5,11.9452,0.0,0,20.06,0.058
1832,W2C,5,12.9612,0.0,0,18.49,0.0434
1833,N2C,11,5.0678,52.0,6,47.28,0.2637
1833,S2C,10,5.9554,38.0,5,40.23,0.2296
1833,E2C,5,11.8616,0.0,0,20.2,0.0592
1833,W2C,5,12.9669,0.0,0,18.48,0.0433
1834,N2C,12,5.466,58.0,6,43.83,0.268
1834,S2C,11,6.1363,43.0,5,39.05,0.2363
1834,E2C,6,12.5528,0.0,0,19.09,0.0553
1834,W2C,5,12.7973,0.0,0,18.72,0.0457
1835,N2C,12,5.1443,64.0,6,46.58,0.2766
1835,S2C,11,5.9661,48.0,5,40.16,0.2421
1835,E2C,5,12.1573,0.0,0,19.71,0.0549
1835,W2C,5,12.3847,0.0,0,19.35,0.0517
1836,N2C,12,5.1992,71.0,7,46.08,0.2865
1836,S2C,11,5.4973,54.0,6,43.58,0.2588
1836,E2C,5,12.2472,0.0,0,19.56,0.0537
1836,W2C,5,12.4339,0.0,0,19.27,0.051
1837,N2C,13,5.7792,78.0,7,41.46,0.2888
1837,S2C,12,5.8152,60.0,6,41.2,0.2643
1837,E2C,6,12.6801,0.0,0,18.9,0.0534
1837,W2C,5,12.6222,0.0,0,18.98,0.0483
1838,N2C,13,5.4558,85.0,7,43.92,0.2981
1838,S2C,12,5.61,66.0,6,42.71,0.2712
1838,E2C,6,12.4503,0.0,0,19.24,0.0567
1838,W2C,5,12.7485,0.0,0,18.79,0.0464
1839,N2C,13,5.4243,92.0,7,44.17,0.3032
1839,S2C,12,5.1531,72.0,6,46.5,0.2818
1839,E2C,6,12.8095,0.0,0,18.7,0.0516
1839,W2C,5,12.426,0.0,0,19.28,0.0511
1840,N2C,13,5.1197,99.0,7,46.8,0.3123
1840,S2C,12,4.9143,79.0,7,48.76,0.2959
1840,E2C,6,12.3334,0.0,0,19.43,0.0584
1840,W2C,5,12.7299,0.0,0,18.82,0.0467
1841,N2C,14,5.2316,106.0,7,45.8,0.3213
1841,S2C,13,5.1232,86.0,7,46.77,0.3036
1841,E2C,7,12.5928,0.0,0,19.03,0.0607
1841,W2C,4,12.3907,0.0,0,19.34,0.0456
1842,N2C,14,4.7267,113.0,7,50.69,0.3333
1842,S2C,13,4.8858,94.0,8,49.04,0.3183
1842,E2C,7,12.598,0.0,0,19.02,0.0606
1842,W2C,5,12.6531,0.0,0,18.94,0.0478
1843,N2C,14,4.2771,121.0,8,56.02,0.3511
1843,S2C,13,4.6431,102.0,8,51.6,0.3271
1843,E2C,5,13.0755,0.0,0,18.32,0.0417
1843,W2C,5,12.9165,0.0,0,18.55,0.044
1844,N2C,14,3.8136,130.0,9,62.83,0.3698
1844,S2C,13,4.2381,110.0,8,56.53,0.3383
1844,E2C,5,13.0552,0.0,0,18.35,0.042
1844,W2C,5,12.7584,0.0,0,18.78,0.0463
1845,N2C,15,4.1034,139.0,9,58.39,0.3776
1845,S2C,14,4.5277,118.0,8,52.92,0.3455
1845,E2C,6,13.0346,0.0,0,18.38,0.0483
1845,W2C,6,12.7086,0.0,0,18.85,0.053
1846,N2C,15,3.657,149.0,10,65.52,0.3967
1846,S2C,14,4.1528,126.0,8,57.7,0.3562
1846,E2C,5,12.7468,0.0,0,18.8,0.0465
1846,W2C,5,12.7834,0.0,0,18.74,0.0459
1847,N2C,15,3.4141,159.0,10,70.18,0.4068
1847,S2C,14,3.8311,135.0,9,62.54,0.3728
1847,E2C,5,12.5596,0.0,0,19.08,0.0492
1847,W2C,5,12.6133,0.0,0,19.0,0.0484
1848,N2C,16,3.9661,170.0,11,60.41,0.4182
1848,S2C,15,4.2906,145.0,10,55.84,0.3849
1848,E2C,6,12.326,0.0,0,19.44,0.0585
1848,W2C,5,12.996,0.0,0,18.44,0.0429
1849,N2C,14,4.2084,121.0,9,56.93,0.3581
1849,S2C,13,4.8174,96.0,8,49.74,0.3206
1849,E2C,6,11.7871,0.0,0,20.33,0.0663
1849,W2C,6,12.9424,0.0,0,18.51,0.0496
1850,N2C,14,4.2245,77.0,7,56.72,0.3165
1850,S2C,13,4.7343,60.0,6,50.61,0.2858
1850,E2C,6,10.9087,0.0,0,21.96,0.0789
1850,W2C,6,12.3076,0.0,0,19.47,0.0588
1851,N2C,14,4.2618,43.0,5,56.22,0.2813
1851,S2C,13,4.7714,31.0,4,50.22,0.254
1851,E2C,6,10.2859,1.0,1,23.29,0.0946
1851,W2C,6,11.6493,0.0,0,20.57,0.0683
1852,N2C,13,5.1683,22.0,4,46.36,0.2422
1852,S2C,12,5.786,12.0,3,41.41,0.2147
1852,E2C,7,10.3994,2.0,1,23.04,0.0996
1852,W2C,7,11.1328,0.0,0,21.52,0.0817
1853,N2C,13,5.5205,8.0,2,43.4,0.2158
1853,S2C,12,6.1106,2.0,1,39.21,0.1913
1853,E2C,7,9.6486,3.0,1,24.83,0.1111
1853,W2C,7,10.208,0.0,0,23.47,0.095
1854,N2C,11,5.9415,0.0,0,40.33,0.1804
1854,S2C,11,6.426,0.0,0,37.29,0.1735
1854,E2C,7,8.5219,4.0,1,28.12,0.128
1854,W2C,7,9.2892,1.0,1,25.79,0.1149
1855,N2C,12,7.2738,0.0,0,32.94,0.1673
1855,S2C,11,7.7112,0.0,0,31.07,0.155
1855,E2C,7,8.1081,5.0,1,29.55,0.1346
1855,W2C,8,9.2817,2.0,1,25.81,0.1217
1856,N2C,11,8.0356,0.0,0,29.82,0.1503
1856,S2C,10,8.1754,0.0,0,29.31,0.1423
1856,E2C,8,7.872,7.0,2,30.44,0.1513
1856,W2C,8,8.4774,4.0,2,28.26,0.1406
1857,N2C,10,8.7881,0.0,0,27.26,0.1335
1857,S2C,9,8.8682,0.0,0,27.02,0.1263
1857,E2C,8,7.8235,9.0,2,30.63,0.1534
1857,W2C,8,8.4359,6.0,2,28.4,0.1425
1858,N2C,9,9.6276,0.0,0,24.89,0.1154
1858,S2C,8,9.6587,0.0,0,24.81,0.1089
1858,E2C,8,7.3652,12.0,3,32.53,0.1679
1858,W2C,8,8.2959,9.0,3,28.88,0.1525
1859,N2C,9,10.5113,0.0,0,22.79,0.1026
1859,S2C,8,10.8172,0.0,0,22.15,0.0922
1859,E2C,9,7.6122,15.0,3,31.48,0.1724
1859,W2C,9,8.4843,12.0,3,28.24,0.1578
1860,N2C,7,11.3195,0.0,0,21.17,0.079
1860,S2C,7,11.5399,0.0,0,20.76,0.0758
1860,E2C,9,6.9345,18.0,3,34.55,0.1842
1860,W2C,9,8.0568,15.0,3,29.74,0.166
1861,N2C,7,11.9723,0.0,0,20.01,0.0696
1861,S2C,6,12.1143,0.0,0,19.78,0.0616
1861,E2C,9,6.8532,22.0,4,34.96,0.194
1861,W2C,9,6.9963,18.0,3,34.25,0.1833
1862,N2C,5,12.9972,0.0,0,18.43,0.0429
1862,S2C,5,12.9328,0.0,0,18.53,0.0438
1862,E2C,9,6.8437,26.0,4,35.01,0.1968
1862,W2C,9,6.6969,21.0,3,35.78,0.1896
1863,N2C,6,12.6397,0.0,0,18.96,0.054
1863,S2C,6,12.5818,0.0,0,19.04,0.0548
1863,E2C,10,7.1666,30.0,4,33.43,0.2008
1863,W2C,9,6.0513,24.0,3,39.59,0.2009
1864,N2C,6,12.4681,0.0,0,19.22,0.0565
1864,S2C,5,12.4676,0.0,0,19.22,0.0505
1864,E2C,10,6.5804,34.0,4,36.41,0.2119
1864,W2C,10,6.7279,28.0,4,35.61,0.2058
1865,N2C,5,12.8291,0.0,0,18.68,0.0453
1865,S2C,5,12.7555,0.0,0,18.78,0.0463
1865,E2C,10,5.7776,38.0,4,41.47,0.2261
1865,W2C,10,6.3799,33.0,5,37.56,0.2201
1866,N2C,6,12.8748,0.0,0,18.61,0.0506
1866,S2C,6,12.7256,0.0,0,18.83,0.0528
1866,E2C,11,5.9075,42.0,4,40.56,0.2329
1866,W2C,11,6.6343,38.0,5,36.12,0.2258
1867,N2C,5,12.9977,0.0,0,18.43,0.0428
1867,S2C,5,12.498,0.0,0,19.17,0.05
1867,E2C,11,5.7928,46.0,4,41.36,0.2373
1867,W2C,11,6.1769,43.0,5,38.79,0.2357
1868,N2C,5,12.7697,0.0,0,18.76,0.0461
1868,S2C,5,12.8211,0.0,0,18.69,0.0454
1868,E2C,11,5.625,52.0,6,42.6,0.2557
1868,W2C,11,5.5021,48.0,5,43.55,0.2488
1869,N2C,5,12.8834,0.0,0,18.6,0.0445
1869,S2C,5,12.268,0.0,0,19.53,0.0534
1869,E2C,11,5.188,58.0,6,46.18,0.266
1869,W2C,11,5.0725,54.0,6,47.23,0.265
1870,N2C,4,12.5156,0.0,0,19.14,0.0438
1870,S2C,5,12.849,0.0,0,18.65,0.045
1870,E2C,12,5.6392,64.0,6,42.49,0.2695
1870,W2C,12,5.469,60.0,6,43.81,0.2693
1871,N2C,5,13.0819,0.0,0,18.32,0.0416
1871,S2C,5,12.8557,0.0,0,18.64,0.0449
1871,E2C,12,5.1913,70.0,6,46.15,0.2799
1871,W2C,12,4.9406,67.0,7,48.5,0.2875
1872,N2C,5,12.9852,0.0,0,18.45,0.043
1872,S2C,5,12.2528,0.0,0,19.55,0.0536
1872,E2C,12,5.2809,77.0,7,45.37,0.2893
1872,W2C,12,4.7025,74.0,7,50.95,0.2956
1873,N2C,6,13.149,0.0,0,18.22,0.0467
1873,S2C,6,12.5651,0.0,0,19.07,0.0551
1873,E2C,13,5.8638,84.0,7,40.86,0.2916
1873,W2C,13,4.9873,81.0,7,48.04,0.3022
1874,N2C,5,12.9701,0.0,0,18.47,0.0432
1874,S2C,5,12.7184,0.0,0,18.84,0.0469
1874,E2C,13,5.5511,91.0,7,43.16,0.3007
1874,W2C,13,4.6896,89.0,8,51.09,0.3178
1875,N2C,5,13.0263,0.0,0,18.39,0.0424
1875,S2C,5,12.3546,0.0,0,19.39,0.0521
1875,E2C,13,5.1402,98.0,7,46.61,0.3113
1875,W2C,13,4.3738,97.0,8,54.78,0.3277
1876,N2C,5,13.0543,0.0,0,18.35,0.042
1876,S2C,5,12.6195,0.0,0,18.99,0.0483
1876,E2C,13,4.5794,105.0,7,52.32,0.3241
1876,W2C,13,3.9462,105.0,8,60.72,0.3392
1877,N2C,5,13.0621,0.0,0,18.34,0.0419
1877,S2C,6,12.8358,0.0,0,18.67,0.0512
1877,E2C,14,4.8428,113.0,8,49.48,0.3376
1877,W2C,14,4.4898,113.0,8,53.37,0.3427
1878,N2C,5,12.652,0.0,0,18.94,0.0478
1878,S2C,6,13.2532,0.0,0,18.08,0.0452
1878,E2C,14,4.6172,121.0,8,51.89,0.3462
1878,W2C,14,4.363,122.0,9,54.92,0.3565
1879,N2C,5,13.0222,0.0,0,18.4,0.0425
1879,S2C,5,12.7544,0.0,0,18.79,0.0464
1879,E2C,14,4.6782,130.0,9,51.22,0.3573
1879,W2C,14,4.0875,131.0,9,58.62,0.3665
1880,N2C,5,12.9686,0.0,0,18.48,0.0433
1880,S2C,5,12.8044,0.0,0,18.71,0.0456
1880,E2C,14,4.5046,139.0,9,53.19,0.3658
1880,W2C,14,3.9362,140.0,9,60.87,0.3747
1881,N2C,6,13.2969,0.0,0,18.02,0.0445
1881,S2C,6,12.826,0.0,0,18.68,0.0513
1881,E2C,15,4.475,148.0,9,53.54,0.3782
1881,W2C,15,4.1477,149.0,9,57.77,0.3836
1882,N2C,6,12.5371,0.0,0,19.11,0.0555
1882,S2C,6,11.8553,0.0,0,20.21,0.0653
1882,E2C,13,4.5188,98.0,7,53.02,0.3203
1882,W2C,13,4.4529,102.0,7,53.81,0.3239
1883,N2C,6,11.816,0.0,0,20.28,0.0659
1883,S2C,6,11.1221,0.0,0,21.54,0.0759
1883,E2C,13,4.2571,57.0,6,56.28,0.2907
1883,W2C,13,4.4984,63.0,5,53.26,0.2852
1884,N2C,7,10.7586,0.0,0,22.27,0.0871
1884,S2C,7,10.653,1.0,1,22.49,0.0953
1884,E2C,14,5.1859,30.0,5,46.2,0.2593
1884,W2C,14,5.3995,33.0,4,44.37,0.2523
1885,N2C,7,9.7942,0.0,0,24.46,0.101
1885,S2C,7,10.6149,2.0,1,22.57,0.0965
1885,E2C,13,5.378,14.0,3,44.55,0.2279
1885,W2C,12,5.8784,11.0,3,40.76,0.2127
1886,N2C,7,9.5638,0.0,0,25.05,0.1043
1886,S2C,7,9.7617,3.0,1,24.54,0.1094
1886,E2C,12,5.6949,4.0,1,42.07,0.1987
1886,W2C,12,6.158,2.0,1,38.91,0.1907
1887,N2C,7,9.579,2.0,2,25.01,0.1174
1887,S2C,7,8.8424,4.0,1,27.1,0.1233
1887,E2C,12,5.9049,0.0,0,40.58,0.187
1887,W2C,10,7.2449,0.0,0,33.07,0.1557
1888,N2C,8,9.4102,4.0,2,25.46,0.1272
1888,S2C,8,8.8181,5.0,1,27.17,0.1304
1888,E2C,11,7.109,0.0,0,33.7,0.1636
1888,W2C,11,8.1214,0.0,0,29.5,0.1491
1889,N2C,8,8.8788,6.0,2,26.99,0.1362
1889,S2C,8,8.1978,7.0,2,29.23,0.1466
1889,E2C,11,7.8491,0.0,0,30.53,0.153
1889,W2C,10,8.5093,0.0,0,28.16,0.1375
1890,N2C,8,7.9324,8.0,2,30.21,0.1511
1890,S2C,8,7.4247,10.0,3,32.27,0.1658
1890,E2C,9,8.6607,0.0,0,27.67,0.1293
1890,W2C,9,9.4665,0.0,0,25.31,0.1177
1891,N2C,9,8.0245,11.0,3,29.86,0.1638
1891,S2C,9,7.6356,13.0,3,31.38,0.1707
1891,E2C,10,9.6871,0.0,0,24.73,0.1205
1891,W2C,9,10.47,0.0,0,22.88,0.1032
1892,N2C,9,7.3565,14.0,3,32.57,0.1754
1892,S2C,9,7.2918,16.0,3,32.86,0.1777
1892,E2C,8,10.6056,0.0,0,22.59,0.0953
1892,W2C,8,11.0362,0.0,0,21.71,0.0891
1893,N2C,9,7.3966,17.0,3,32.39,0.1768
1893,S2C,9,7.0142,19.0,3,34.16,0.1837
1893,E2C,7,11.2944,0.0,0,21.21,0.0794
1893,W2C,7,11.8976,0.0,0,20.14,0.0707
1894,N2C,9,7.189,21.0,4,33.33,0.1885
1894,S2C,9,6.5238,22.0,3,36.73,0.1927
1894,E2C,6,11.8134,0.0,0,20.28,0.0659
1894,W2C,5,12.2993,0.0,0,19.48,0.0529
1895,N2C,10,7.1256,25.0,4,33.63,0.1981
1895,S2C,10,6.6492,26.0,4,36.03,0.2056
1895,E2C,6,12.1299,0.0,0,19.75,0.0613
1895,W2C,6,12.5473,0.0,0,19.1,0.0553
1896,N2C,10,6.4145,29.0,4,37.35,0.211
1896,S2C,10,6.3422,30.0,4,37.78,0.2127
1896,E2C,5,12.548,0.0,0,19.09,0.0493
1896,W2C,6,12.6789,0.0,0,18.9,0.0534
1897,N2C,10,6.1201,34.0,5,39.15,0.2245
1897,S2C,10,6.2804,34.0,4,38.15,0.2162
1897,E2C,5,12.3814,0.0,0,19.35,0.0517
1897,W2C,6,12.6922,0.0,0,18.88,0.0532
1898,N2C,10,5.8311,39.0,5,41.09,0.232
1898,S2C,10,5.7339,39.0,5,41.79,0.2334
1898,E2C,5,12.7126,0.0,0,18.85,0.047
1898,W2C,5,12.5801,0.0,0,19.05,0.0489
1899,N2C,11,6.1186,44.0,5,39.16,0.2372
1899,S2C,11,5.938,44.0,5,40.35,0.2398
1899,E2C,6,12.7941,0.0,0,18.73,0.0518
1899,W2C,6,13.0378,0.0,0,18.38,0.0483
1900,N2C,11,5.4205,49.0,5,44.2,0.2506
1900,S2C,11,6.0282,49.0,5,39.75,0.2419
1900,E2C,6,12.8111,0.0,0,18.7,0.0515
1900,W2C,6,12.7139,0.0,0,18.85,0.0529
1901,N2C,11,5.0401,55.0,6,47.54,0.2661
1901,S2C,11,5.865,54.0,5,40.85,0.2476
1901,E2C,5,12.9215,0.0,0,18.54,0.0439
1901,W2C,5,13.1596,0.0,0,18.21,0.0405
1902,N2C,12,5.4433,61.0,6,44.02,0.2703
1902,S2C,12,6.3461,60.0,6,37.76,0.2566
1902,E2C,5,12.5535,0.0,0,19.09,0.0492
1902,W2C,5,13.1456,0.0,0,18.23,0.0407
1903,N2C,12,5.4503,67.0,6,43.96,0.2742
1903,S2C,12,6.3255,66.0,6,37.88,0.2609
1903,E2C,5,12.9517,0.0,0,18.5,0.0435
1903,W2C,5,12.7016,0.0,0,18.86,0.0471
1904,N2C,12,4.965,74.0,7,48.26,0.2918
1904,S2C,12,5.7299,72.0,6,41.82,0.2735
1904,E2C,5,12.68,0.0,0,18.9,0.0474
1904,W2C,5,13.0938,0.0,0,18.3,0.0415
1905,N2C,12,4.5417,81.0,7,52.76,0.3026
1905,S2C,12,4.9046,78.0,6,48.85,0.2894
1905,E2C,5,12.5609,0.0,0,19.08,0.0491
1905,W2C,5,13.1624,0.0,0,18.2,0.0405
1906,N2C,13,4.7037,88.0,7,50.94,0.3109
1906,S2C,13,4.9453,84.0,6,48.45,0.2988
1906,E2C,6,13.106,0.0,0,18.28,0.0473
1906,W2C,5,12.9056,0.0,0,18.57,0.0442
1907,N2C,13,4.3937,95.0,7,54.53,0.3201
1907,S2C,13,4.5186,92.0,8,53.02,0.3223
1907,E2C,6,12.9282,0.0,0,18.53,0.0498
1907,W2C,5,13.0413,0.0,0,18.37,0.0422
1908,N2C,13,3.9444,103.0,8,60.74,0.3379
1908,S2C,13,4.3066,100.0,8,55.64,0.3307
1908,E2C,5,12.7871,0.0,0,18.74,0.0459
1908,W2C,5,13.1569,0.0,0,18.21,0.0406
1909,N2C,14,4.4666,111.0,8,53.64,0.3417
1909,S2C,14,4.6747,108.0,8,51.26,0.3367
1909,E2C,6,12.7109,0.0,0,18.85,0.053
1909,W2C,6,12.9781,0.0,0,18.46,0.0491
1910,N2C,14,4.3412,120.0,9,55.19,0.3555
1910,S2C,14,4.6006,116.0,8,52.08,0.3431
1910,E2C,6,12.853,0.0,0,18.64,0.0509
1910,W2C,5,13.0777,0.0,0,18.32,0.0417
1911,N2C,14,4.3017,129.0,9,55.7,0.3621
1911,S2C,14,4.2137,125.0,9,56.86,0.3607
1911,E2C,5,12.8987,0.0,0,18.58,0.0443
1911,W2C,5,12.7229,0.0,0,18.83,0.0468
1912,N2C,14,4.3808,138.0,9,54.69,0.3669
1912,S2C,14,4.0427,134.0,9,59.27,0.3691
1912,E2C,5,12.3658,0.0,0,19.38,0.0519
1912,W2C,5,12.8429,0.0,0,18.66,0.0451
1913,N2C,15,5.0693,147.0,9,47.26,0.369
1913,S2C,15,4.3755,143.0,9,54.76,0.3763
1913,E2C,6,11.8995,0.0,0,20.14,0.0647
1913,W2C,5,12.1845,0.0,0,19.66,0.0546
1914,N2C,15,4.5606,156.0,9,52.54,0.3823
1914,S2C,15,3.9659,152.0,9,60.42,0.3882
1914,E2C,6,10.7593,0.0,0,22.27,0.0811
1914,W2C,6,11.9179,0.0,0,20.1,0.0644
1915,N2C,13,4.5719,107.0,7,52.41,0.3255
1915,S2C,13,4.2265,103.0,8,56.69,0.3338
1915,E2C,6,10.5808,0.0,0,22.64,0.0836
1915,W2C,6,10.6419,0.0,0,22.51,0.0828
1916,N2C,13,4.1421,65.0,5,57.84,0.2917
1916,S2C,13,4.0387,63.0,7,59.33,0.3038
1916,E2C,6,10.049,1.0,1,23.84,0.098
1916,W2C,6,10.3992,0.0,0,23.04,0.0863
1917,N2C,14,4.963,32.0,3,48.28,0.2519
1917,S2C,14,4.7968,34.0,5,49.95,0.2676
1917,E2C,7,10.1913,2.0,1,23.51,0.1026
1917,W2C,7,10.0828,0.0,0,23.76,0.0968
1918,N2C,12,5.1569,10.0,2,46.46,0.2164
1918,S2C,12,4.9645,15.0,3,48.26,0.2285
1918,E2C,7,9.266,3.0,1,25.86,0.1166
1918,W2C,7,9.5756,1.0,1,25.02,0.1108
1919,N2C,12,5.6197,1.0,1,42.64,0.1977
1919,S2C,12,5.2781,4.0,1,45.4,0.2047
1919,E2C,7,9.2484,4.0,1,25.91,0.1175
1919,W2C,7,8.6804,2.0,1,27.6,0.1243
1920,N2C,12,6.7413,0.0,0,35.54,0.1749
1920,S2C,13,6.5288,0.0,0,36.7,0.184
1920,E2C,8,9.5206,6.0,2,25.17,0.1269
1920,W2C,8,8.4022,4.0,2,28.52,0.1417
1921,N2C,11,7.3247,0.0,0,32.71,0.1605
1921,S2C,11,6.8648,0.0,0,34.9,0.1672
1921,E2C,8,8.5929,8.0,2,27.88,0.1416
1921,W2C,8,7.8502,6.0,2,30.52,0.151
1922,N2C,11,8.254,0.0,0,29.03,0.1472
1922,S2C,11,7.6241,0.0,0,31.43,0.1562
1922,E2C,8,8.1456,10.0,2,29.41,0.1494
1922,W2C,8,7.757,8.0,2,30.89,0.1536
1923,N2C,9,8.8574,0.0,0,27.05,0.1265
1923,S2C,9,8.1787,0.0,0,29.3,0.1362
1923,E2C,8,7.4853,12.0,2,32.01,0.1602
1923,W2C,8,7.5488,11.0,3,31.74,0.1646
1924,N2C,9,10.182,0.0,0,23.53,0.1074
1924,S2C,10,9.4221,0.0,0,25.43,0.1243
1924,E2C,9,7.6277,14.0,2,31.41,0.1655
1924,W2C,9,7.5097,14.0,3,31.91,0.1732
1925,N2C,8,10.7868,0.0,0,22.21,0.0927
1925,S2C,8,10.0039,0.0,0,23.95,0.104
1925,E2C,9,7.1111,17.0,3,33.69,0.1809
1925,W2C,9,7.2101,17.0,3,33.23,0.1795
1926,N2C,7,11.5429,0.0,0,20.76,0.0758
1926,S2C,8,10.6139,0.0,0,22.57,0.0952
1926,E2C,9,6.9906,20.0,3,34.27,0.1847
1926,W2C,9,6.38,20.0,3,37.55,0.1935
1927,N2C,7,12.4134,0.0,0,19.3,0.0633
1927,S2C,7,11.9241,0.0,0,20.09,0.0703
1927,E2C,10,7.6898,24.0,4,31.16,0.1893
1927,W2C,10,6.2582,23.0,3,38.29,0.2032
1928,N2C,5,12.632,0.0,0,18.97,0.0481
1928,S2C,6,12.5447,0.0,0,19.1,0.0554
1928,E2C,10,7.5367,28.0,4,31.79,0.1941
1928,W2C,10,5.931,27.0,4,40.4,0.2166
1929,N2C,5,12.6628,0.0,0,18.92,0.0477
1929,S2C,5,12.3805,0.0,0,19.35,0.0517
1929,E2C,10,6.8785,32.0,4,34.83,0.2063
1929,W2C,10,5.8503,32.0,5,40.96,0.2271
1930,N2C,5,12.2354,0.0,0,19.58,0.0538
1930,S2C,5,12.5963,0.0,0,19.02,0.0486
1930,E2C,10,6.0826,36.0,4,39.39,0.2204
1930,W2C,10,5.8386,37.0,5,41.04,0.2306
1931,N2C,6,12.3705,0.0,0,19.37,0.0579
1931,S2C,6,12.6144,0.0,0,18.99,0.0544
1931,E2C,11,6.5289,40.0,4,36.7,0.2227
1931,W2C,11,6.1387,42.0,5,39.03,0.2356
1932,N2C,5,12.3561,0.0,0,19.39,0.0521
1932,S2C,6,12.4191,0.0,0,19.29,0.0572
1932,E2C,11,5.9508,45.0,5,40.26,0.2403
1932,W2C,11,5.9916,47.0,5,39.99,0.2411
1933,N2C,5,12.4577,0.0,0,19.23,0.0506
1933,S2C,6,12.4026,0.0,0,19.32,0.0574
1933,E2C,11,5.4719,51.0,6,43.79,0.2572
1933,W2C,11,5.4312,52.0,5,44.12,0.2525
1934,N2C,5,12.34,0.0,0,19.42,0.0523
1934,S2C,6,12.721,0.0,0,18.84,0.0528
1934,E2C,11,5.1155,57.0,6,46.84,0.2663
1934,W2C,11,5.2313,57.0,5,45.8,0.2587
1935,N2C,5,12.3663,0.0,0,19.38,0.0519
1935,S2C,6,12.6566,0.0,0,18.93,0.0538
1935,E2C,12,5.4293,63.0,6,44.13,0.2718
1935,W2C,12,5.3862,63.0,6,44.48,0.2724
1936,N2C,5,12.4769,0.0,0,19.2,0.0503
1936,S2C,5,13.0804,0.0,0,18.32,0.0417
1936,E2C,12,5.2868,70.0,7,45.32,0.2845
1936,W2C,12,5.0737,70.0,7,47.22,0.2876
1937,N2C,5,12.2908,0.0,0,19.49,0.053
1937,S2C,5,13.1692,0.0,0,18.19,0.0404
1937,E2C,12,4.9422,77.0,7,48.48,0.2942
1937,W2C,12,4.9493,77.0,7,48.41,0.2941
1938,N2C,6,12.1355,0.0,0,19.74,0.0613
1938,S2C,5,13.0588,0.0,0,18.35,0.042
1938,E2C,13,5.2229,84.0,7,45.87,0.3008
1938,W2C,13,5.6117,84.0,7,42.7,0.2952
1939,N2C,6,12.4084,0.0,0,19.31,0.0573
1939,S2C,5,12.9172,0.0,0,18.55,0.044
1939,E2C,13,5.0464,91.0,7,47.48,0.308
1939,W2C,13,5.584,91.0,7,42.91,0.3003
1940,N2C,6,12.0021,0.0,0,19.96,0.0632
1940,S2C,5,12.8578,0.0,0,18.63,0.0449
1940,E2C,13,4.7416,98.0,7,50.53,0.3171
1940,W2C,13,5.1223,98.0,7,46.78,0.3116
1941,N2C,6,12.3407,0.0,0,19.42,0.0583
1941,S2C,5,13.0733,0.0,0,18.33,0.0418
1941,E2C,13,4.4476,106.0,8,53.87,0.3326
1941,W2C,13,4.8478,105.0,7,49.42,0.3202
1942,N2C,5,12.6716,0.0,0,18.91,0.0475
1942,S2C,4,12.9483,0.0,0,18.5,0.0376
1942,E2C,14,4.6161,114.0,8,51.91,0.3415
1942,W2C,14,5.3711,112.0,7,44.61,0.3233
1943,N2C,5,12.4733,0.0,0,19.21,0.0504
1943,S2C,5,13.0282,0.0,0,18.39,0.0424
1943,E2C,14,4.2207,122.0,8,56.77,0.3526
1943,W2C,14,5.3234,120.0,8,45.01,0.3353
1944,N2C,5,12.1565,0.0,0,19.71,0.055
1944,S2C,5,13.1214,0.0,0,18.26,0.0411
1944,E2C,14,3.8633,131.0,9,62.02,0.3697
1944,W2C,14,4.8666,128.0,8,49.23,0.3473
1945,N2C,6,12.5333,0.0,0,19.12,0.0555
1945,S2C,6,12.7335,0.0,0,18.82,0.0527
1945,E2C,15,4.1937,140.0,9,57.13,0.3769
1945,W2C,15,4.6602,136.0,8,51.41,0.3616
1946,N2C,6,11.7799,0.0,0,20.34,0.0664
1946,S2C,6,11.7658,0.0,0,20.36,0.0666
1946,E2C,15,4.0296,150.0,10,59.46,0.392
1946,W2C,15,4.0975,144.0,8,58.47,0.375
1947,N2C,6,11.2245,0.0,0,21.35,0.0744
1947,S2C,6,11.2725,0.0,0,21.26,0.0737
1947,E2C,15,3.6658,160.0,10,65.36,0.4039
1947,W2C,15,3.7184,153.0,9,64.44,0.3925
1948,N2C,6,10.3926,0.0,0,23.05,0.0864
1948,S2C,6,10.9788,0.0,0,21.82,0.0779
1948,E2C,13,3.9842,108.0,8,60.14,0.3406
1948,W2C,13,3.8893,103.0,8,61.6,0.3387
1949,N2C,6,9.7918,0.0,0,24.47,0.095
1949,S2C,7,11.3795,1.0,1,21.06,0.0848
1949,E2C,14,4.7405,68.0,6,50.54,0.2971
1949,W2C,14,4.7621,63.0,7,50.31,0.2994
1950,N2C,7,9.6007,1.0,1,24.96,0.1104
1950,S2C,7,10.6535,2.0,1,22.49,0.0959
1950,E2C,14,4.7793,38.0,5,50.13,0.2705
1950,W2C,14,4.9861,32.0,5,48.05,0.2635
1951,N2C,7,8.966,2.0,1,26.72,0.1202
1951,S2C,7,9.7813,3.0,1,24.5,0.1092
1951,E2C,13,4.94,16.0,3,48.5,0.2355
1951,W2C,12,5.2675,12.0,3,45.49,0.2222
1952,N2C,7,8.4283,3.0,1,28.43,0.1286
1952,S2C,7,8.9854,4.0,1,26.67,0.1213
1952,E2C,12,5.0383,4.0,2,47.56,0.2141
1952,W2C,12,5.5382,4.0,1,43.26,0.2009
1953,N2C,8,8.5849,5.0,2,27.91,0.1397
1953,S2C,8,8.9846,6.0,2,26.67,0.1346
1953,E2C,12,6.2231,0.0,0,38.5,0.1824
1953,W2C,12,6.716,0.0,0,35.68,0.1753
1954,N2C,8,7.9852,7.0,2,30.01,0.1497
1954,S2C,8,8.5357,8.0,2,28.07,0.1424
1954,E2C,11,6.7143,0.0,0,35.69,0.1693
1954,W2C,11,7.4014,0.0,0,32.37,0.1594
1955,N2C,8,7.9761,9.0,2,30.04,0.1512
1955,S2C,8,7.9534,11.0,3,30.13,0.1588
1955,E2C,11,7.3521,0.0,0,32.59,0.1601
1955,W2C,10,7.7433,0.0,0,30.94,0.1485
1956,N2C,9,8.2913,12.0,3,28.9,0.1606
1956,S2C,9,8.055,14.0,3,29.75,0.1654
1956,E2C,10,8.8024,0.0,0,27.22,0.1333
1956,W2C,10,9.335,0.0,0,25.67,0.1256
1957,N2C,9,8.3195,15.0,3,28.8,0.1622
1957,S2C,9,7.5302,17.0,3,31.82,0.1749
1957,E2C,10,9.38,0.0,0,25.54,0.1249
1957,W2C,9,9.7327,0.0,0,24.62,0.1139
1958,N2C,9,8.2101,18.0,3,29.18,0.1658
1958,S2C,9,7.2429,21.0,4,33.08,0.1877
1958,E2C,8,10.543,0.0,0,22.73,0.0962
1958,W2C,8,10.3193,0.0,0,23.22,0.0994
1959,N2C,9,7.6582,21.0,3,31.29,0.1757
1959,S2C,9,7.0159,25.0,4,34.15,0.1936
1959,E2C,8,10.8558,0.0,0,22.07,0.0917
1959,W2C,7,10.9716,0.0,0,21.84,0.084
1960,N2C,10,7.3233,24.0,3,32.72,0.1886
1960,S2C,10,7.2696,29.0,4,32.96,0.1987
1960,E2C,7,12.2116,0.0,0,19.62,0.0662
1960,W2C,7,11.6822,0.0,0,20.51,0.0738
1961,N2C,10,6.3543,27.0,3,37.71,0.2045
1961,S2C,10,6.5551,33.0,4,36.55,0.2116
1961,E2C,7,12.403,0.0,0,19.32,0.0634
1961,W2C,6,11.7073,0.0,0,20.47,0.0674
1962,N2C,10,5.7786,31.0,4,41.46,0.2215
1962,S2C,10,6.0844,37.0,4,39.38,0.2211
1962,E2C,5,12.7155,0.0,0,18.84,0.0469
1962,W2C,5,12.0086,0.0,0,19.95,0.0571
1963,N2C,11,6.1184,36.0,5,39.16,0.2319
1963,S2C,11,6.1726,41.0,4,38.82,0.2285
1963,E2C,6,12.9201,0.0,0,18.54,0.05
1963,W2C,6,12.5264,0.0,0,19.13,0.0556
1964,N2C,11,5.6114,41.0,5,42.7,0.2425
1964,S2C,11,6.1437,46.0,5,39.0,0.2382
1964,E2C,6,12.8785,0.0,0,18.6,0.0506
1964,W2C,5,12.2529,0.0,0,19.55,0.0536
1965,N2C,11,5.8566,47.0,6,40.91,0.249
1965,S2C,11,5.579,52.0,6,42.95,0.2563
1965,E2C,6,13.0681,0.0,0,18.33,0.0478
1965,W2C,5,12.2822,0.0,0,19.51,0.0532
1966,N2C,11,5.6628,53.0,6,42.31,0.2558
1966,S2C,11,5.1201,58.0,6,46.8,0.2669
1966,E2C,5,13.3677,0.0,0,17.92,0.0375
1966,W2C,5,12.3417,0.0,0,19.41,0.0523
1967,N2C,12,6.334,59.0,6,37.83,0.2561
1967,S2C,12,5.6055,64.0,6,42.74,0.27
1967,E2C,6,12.9434,0.0,0,18.51,0.0496
1967,W2C,6,12.5065,0.0,0,19.16,0.0559
1968,N2C,12,5.9754,65.0,6,40.1,0.2653
1968,S2C,12,5.5856,70.0,6,42.9,0.2742
1968,E2C,5,12.5091,0.0,0,19.15,0.0499
1968,W2C,5,12.3343,0.0,0,19.43,0.0524
1969,N2C,12,5.1905,71.0,6,46.16,0.2806
1969,S2C,12,5.0635,76.0,6,47.32,0.2858
1969,E2C,5,12.3483,0.0,0,19.4,0.0522
1969,W2C,5,12.5824,0.0,0,19.04,0.0488
1970,N2C,12,4.4751,77.0,6,53.54,0.2949
1970,S2C,12,4.9474,83.0,7,48.43,0.2981
1970,E2C,5,12.7452,0.0,0,18.8,0.0465
1970,W2C,5,12.5043,0.0,0,19.16,0.05
1971,N2C,13,5.0632,83.0,6,47.32,0.2964
1971,S2C,13,5.0103,90.0,7,47.82,0.3079
1971,E2C,5,12.7361,0.0,0,18.81,0.0466
1971,W2C,5,12.3442,0.0,0,19.41,0.0523
1972,N2C,13,4.752,89.0,6,50.42,0.3049
1972,S2C,13,4.6246,98.0,8,51.81,0.3247
1972,E2C,5,12.7099,0.0,0,18.85,0.047
1972,W2C,6,12.4588,0.0,0,19.23,0.0566
1973,N2C,13,4.4517,97.0,8,53.82,0.3266
1973,S2C,13,4.3016,106.0,8,55.7,0.3347
1973,E2C,5,12.5935,0.0,0,19.03,0.0487
1973,W2C,5,12.4633,0.0,0,19.22,0.0505
1974,N2C,14,4.7615,105.0,8,50.32,0.3334
1974,S2C,14,4.9,115.0,9,48.9,0.3441
1974,E2C,5,12.7681,0.0,0,18.77,0.0462
1974,W2C,6,12.8813,0.0,0,18.6,0.0505
1975,N2C,14,4.192,114.0,9,57.16,0.3536
1975,S2C,14,4.5656,124.0,9,52.48,0.3549
1975,E2C,5,12.6873,0.0,0,18.89,0.0473
1975,W2C,5,12.8413,0.0,0,18.66,0.0451
1976,N2C,14,4.0664,123.0,9,58.92,0.3614
1976,S2C,14,4.3204,133.0,9,55.46,0.3645
1976,E2C,5,12.5261,0.0,0,19.13,0.0496
1976,W2C,5,12.6696,0.0,0,18.91,0.0476
1977,N2C,14,3.8322,132.0,9,62.52,0.3708
1977,S2C,14,3.8951,142.0,9,61.51,0.3766
1977,E2C,5,12.8268,0.0,0,18.68,0.0453
1977,W2C,5,12.5467,0.0,0,19.1,0.0493
1978,N2C,15,4.1092,141.0,9,58.31,0.3788
1978,S2C,15,4.1675,151.0,9,57.49,0.3847
1978,E2C,5,12.5835,0.0,0,19.04,0.0488
1978,W2C,6,12.807,0.0,0,18.71,0.0516
1979,N2C,15,3.7114,151.0,10,64.56,0.3972
1979,S2C,15,3.818,160.0,9,62.75,0.3957
1979,E2C,5,12.6418,0.0,0,18.95,0.048
1979,W2C,6,12.8782,0.0,0,18.61,0.0506
1980,N2C,15,3.541,161.0,10,67.66,0.4063
1980,S2C,15,3.6286,169.0,9,66.03,0.4044
1980,E2C,5,12.0246,0.0,0,19.93,0.0569
1980,W2C,6,12.5102,0.0,0,19.15,0.0559
1981,N2C,14,4.582,110.0,8,52.29,0.3394
1981,S2C,14,4.79,118.0,9,50.02,0.3477
1981,E2C,6,11.9263,0.0,0,20.09,0.0643
1981,W2C,7,11.8483,0.0,0,20.22,0.0714
1982,N2C,14,4.9272,70.0,6,48.63,0.2957
1982,S2C,14,4.5646,74.0,7,52.49,0.3096
1982,E2C,6,11.1536,0.0,0,21.48,0.0754
1982,W2C,7,11.3481,0.0,0,21.11,0.0786
1983,N2C,14,5.3232,37.0,5,45.01,0.262
1983,S2C,14,4.6833,42.0,5,51.16,0.2746
1983,E2C,6,10.6109,0.0,0,22.58,0.0832
1983,W2C,7,10.1906,0.0,0,23.51,0.0953
1984,N2C,12,5.6385,18.0,3,42.49,0.2208
1984,S2C,12,4.9513,19.0,3,48.39,0.2314
1984,E2C,6,10.3688,1.0,1,23.11,0.0934
1984,W2C,7,8.689,0.0,0,27.58,0.1169
1985,N2C,13,6.3525,3.0,1,37.72,0.1945
1985,S2C,13,5.9982,5.0,1,39.95,0.201
1985,E2C,6,10.51,2.0,1,22.8,0.092
1985,W2C,8,8.733,1.0,1,27.44,0.1289
1986,N2C,12,6.4331,0.0,0,37.24,0.1794
1986,S2C,13,6.2584,0.0,0,38.28,0.1879
1986,E2C,7,10.9046,3.0,1,21.97,0.093
1986,W2C,8,8.2998,3.0,2,28.87,0.1425
1987,N2C,11,6.9552,0.0,0,34.45,0.1659
1987,S2C,11,6.6646,0.0,0,35.95,0.17
1987,E2C,7,10.849,4.0,1,22.09,0.0945
1987,W2C,8,8.3281,5.0,2,28.77,0.1434
1988,N2C,11,7.6961,0.0,0,31.13,0.1552
1988,S2C,11,7.3503,0.0,0,32.6,0.1602
1988,E2C,7,10.285,5.0,1,23.3,0.1032
1988,W2C,8,8.3322,7.0,2,28.76,0.1447
1989,N2C,10,9.4495,0.0,0,25.36,0.1239
1989,S2C,10,8.4003,0.0,0,28.52,0.139
1989,E2C,8,9.6587,6.0,1,24.81,0.1189
1989,W2C,9,8.3895,10.0,3,28.56,0.1579
1990,N2C,9,9.8333,0.0,0,24.37,0.1124
1990,S2C,10,8.8369,0.0,0,27.11,0.1328
1990,E2C,8,8.3671,7.0,1,28.64,0.1382
1990,W2C,9,7.6338,13.0,3,31.39,0.1707
1991,N2C,8,10.4073,0.0,0,23.02,0.0981
1991,S2C,8,9.6062,0.0,0,24.94,0.1097
1991,E2C,8,7.6622,9.0,2,31.27,0.1557
1991,W2C,9,6.7237,16.0,3,35.64,0.1859
1992,N2C,8,11.8549,0.0,0,20.21,0.0773
1992,S2C,9,10.568,0.0,0,22.67,0.1018
1992,E2C,9,7.9795,12.0,3,30.03,0.1651
1992,W2C,10,6.8864,19.0,3,34.79,0.1915
1993,N2C,7,12.6281,0.0,0,18.97,0.0602
1993,S2C,7,11.3529,0.0,0,21.1,0.0785
1993,E2C,9,7.2692,15.0,3,32.96,0.1773
1993,W2C,10,6.5223,23.0,4,36.74,0.2054
1994,N2C,6,13.2509,0.0,0,18.08,0.0452
1994,S2C,7,11.824,0.0,0,20.26,0.0717
1994,E2C,9,6.9316,18.0,3,34.57,0.1842
1994,W2C,10,6.4384,28.0,5,37.21,0.216
1995,N2C,5,12.9156,0.0,0,18.55,0.044
1995,S2C,5,12.4863,0.0,0,19.19,0.0502
1995,E2C,9,6.9204,21.0,3,34.62,0.1864
1995,W2C,10,5.8581,33.0,5,40.9,0.2276
1996,N2C,5,12.715,0.0,0,18.84,0.0469
1996,S2C,6,12.8143,0.0,0,18.7,0.0515
1996,E2C,10,7.0105,25.0,4,34.18,0.1997
1996,W2C,11,6.0454,38.0,5,39.63,0.2343
1997,N2C,5,12.4195,0.0,0,19.29,0.0512
1997,S2C,5,12.5231,0.0,0,19.13,0.0497
1997,E2C,10,6.1108,29.0,4,39.21,0.2153
1997,W2C,11,5.6686,43.0,5,42.27,0.243
1998,N2C,5,12.7618,0.0,0,18.77,0.0462
1998,S2C,5,12.5262,0.0,0,19.13,0.0496
1998,E2C,10,5.7111,33.0,4,41.95,0.2238
1998,W2C,11,5.0852,49.0,6,47.12,0.2614
1999,N2C,5,12.2616,0.0,0,19.54,0.0534
1999,S2C,5,12.6643,0.0,0,18.92,0.0476
1999,E2C,11,6.1553,37.0,4,38.93,0.226
1999,W2C,12,5.5179,55.0,6,43.42,0.2652
2000,N2C,5,12.0509,0.0,0,19.88,0.0565
2000,S2C,5,12.8768,0.0,0,18.61,0.0446
2000,E2C,11,5.7788,42.0,5,41.46,0.2408
2000,W2C,12,5.2619,61.0,6,45.54,0.2729
2001,N2C,5,12.2888,0.0,0,19.5,0.0531
2001,S2C,5,12.6675,0.0,0,18.91,0.0476
2001,E2C,11,5.6808,48.0,6,42.18,0.2522
2001,W2C,12,5.0725,68.0,7,47.24,0.2863
2002,N2C,5,12.3547,0.0,0,19.39,0.0521
2002,S2C,5,12.824,0.0,0,18.68,0.0453
2002,E2C,11,5.2347,54.0,6,45.77,0.2626
2002,W2C,12,4.7112,75.0,7,50.86,0.2962
2003,N2C,5,12.2332,0.0,0,19.59,0.0539
2003,S2C,5,12.5451,0.0,0,19.1,0.0494
2003,E2C,12,5.5638,60.0,6,43.06,0.2679
2003,W2C,13,5.2591,82.0,7,45.56,0.2989
2004,N2C,5,11.9376,0.0,0,20.07,0.0581
2004,S2C,5,12.5617,0.0,0,19.07,0.0491
2004,E2C,12,5.0898,66.0,6,47.07,0.2787
2004,W2C,13,4.8253,89.0,7,49.65,0.3099
2005,N2C,5,12.3807,0.0,0,19.35,0.0517
2005,S2C,5,12.4737,0.0,0,19.21,0.0504
2005,E2C,12,4.7764,72.0,6,50.16,0.2872
2005,W2C,13,4.4824,96.0,7,53.45,0.3195
2006,N2C,5,12.1151,0.0,0,19.78,0.0556
2006,S2C,5,12.3762,0.0,0,19.36,0.0518
2006,E2C,12,4.4609,79.0,7,53.71,0.3024
2006,W2C,13,4.1689,104.0,8,57.47,0.3353
2007,N2C,4,11.9254,0.0,0,20.09,0.0523
2007,S2C,5,12.6382,0.0,0,18.96,0.048
2007,E2C,13,4.8614,87.0,8,49.29,0.314
2007,W2C,14,4.4379,113.0,9,53.99,0.3494
2008,N2C,4,11.7421,0.0,0,20.41,0.0549
2008,S2C,5,12.9926,0.0,0,18.44,0.0429
2008,E2C,13,4.8041,95.0,8,49.87,0.3202
2008,W2C,14,4.0559,122.0,9,59.07,0.3609
2009,N2C,5,11.8522,0.0,0,20.22,0.0593
2009,S2C,5,12.7118,0.0,0,18.85,0.047
2009,E2C,13,4.6149,103.0,8,51.92,0.3282
2009,W2C,14,3.7753,131.0,9,63.47,0.371
2010,N2C,5,11.7461,0.0,0,20.4,0.0609
2010,S2C,6,12.5885,0.0,0,19.03,0.0547
2010,E2C,14,5.203,111.0,8,46.05,0.3311
2010,W2C,15,4.2562,140.0,9,56.29,0.376
2011,N2C,5,11.4456,0.0,0,20.93,0.0652
2011,S2C,6,12.6516,0.0,0,18.94,0.0538
2011,E2C,14,4.8224,119.0,8,49.68,0.3419
2011,W2C,15,4.0837,150.0,10,58.67,0.3912
2012,N2C,5,11.9279,0.0,0,20.09,0.0583
2012,S2C,6,12.3152,0.0,0,19.46,0.0587
2012,E2C,14,4.6107,127.0,8,51.97,0.3503
2012,W2C,15,3.9925,160.0,10,60.01,0.3992
2013,N2C,5,11.5285,0.0,0,20.78,0.064
2013,S2C,6,11.5322,0.0,0,20.78,0.07
2013,E2C,14,4.5721,135.0,8,52.4,0.3562
2013,W2C,15,3.8056,170.0,10,62.96,0.4085
2014,N2C,5,11.5495,0.0,0,20.75,0.0637
2014,S2C,7,11.386,0.0,0,21.04,0.0781
2014,E2C,13,5.5884,90.0,7,42.87,0.2995
2014,W2C,14,4.3152,121.0,8,55.53,0.3505
2015,N2C,6,11.8304,0.0,0,20.25,0.0657
2015,S2C,7,10.124,0.0,0,23.67,0.0962
2015,E2C,13,5.1185,52.0,5,46.81,0.269
2015,W2C,14,4.3415,79.0,6,55.19,0.3102
2016,N2C,6,11.9986,0.0,0,19.97,0.0632
2016,S2C,7,8.6935,1.0,1,27.56,0.1235
2016,E2C,13,4.8569,24.0,3,49.33,0.2421
2016,W2C,14,4.3957,44.0,5,54.51,0.28
2017,N2C,7,12.2176,0.0,0,19.61,0.0661
2017,S2C,8,8.4279,2.0,1,28.43,0.134
2017,E2C,13,5.7501,5.0,2,41.67,0.2105
2017,W2C,13,5.5588,20.0,3,43.1,0.2293
2018,N2C,7,12.1347,0.0,0,19.75,0.0673
2018,S2C,8,7.9444,4.0,2,30.16,0.1483
2018,E2C,12,6.3327,1.0,1,37.84,0.1875
2018,W2C,13,6.0589,4.0,2,39.55,0.2054
2019,N2C,7,12.1974,0.0,0,19.64,0.0664
2019,S2C,8,8.0006,6.0,2,29.95,0.1488
2019,E2C,11,6.9302,0.0,0,34.57,0.1662
2019,W2C,12,6.6832,0.0,0,35.85,0.1758
2020,N2C,7,10.6378,0.0,0,22.52,0.0888
2020,S2C,8,7.566,9.0,3,31.67,0.1631
2020,E2C,10,7.8558,0.0,0,30.5,0.1469
2020,W2C,11,7.0414,0.0,0,34.03,0.1646
2021,N2C,8,9.5683,0.0,0,25.04,0.1102
2021,S2C,9,7.4611,12.0,3,32.11,0.1726
2021,E2C,10,8.7343,0.0,0,27.43,0.1342
2021,W2C,11,8.6279,0.0,0,27.77,0.1418
2022,N2C,8,8.6164,0.0,0,27.81,0.1239
2022,S2C,9,7.1143,15.0,3,33.68,0.1796
2022,E2C,9,9.3002,0.0,0,25.76,0.1201
2022,W2C,10,9.1848,0.0,0,26.09,0.1277
2023,N2C,8,8.3473,1.0,1,28.7,0.1345
2023,S2C,9,6.7765,19.0,4,35.36,0.1931
2023,E2C,9,9.6241,0.0,0,24.9,0.1154
2023,W2C,9,9.8992,0.0,0,24.2,0.1115
2024,N2C,8,8.0751,3.0,2,29.67,0.1457
2024,S2C,9,6.4696,23.0,4,37.04,0.2002
2024,E2C,7,10.8647,0.0,0,22.05,0.0856
2024,W2C,8,10.5486,0.0,0,22.71,0.0961
2025,N2C,9,8.5488,5.0,2,28.03,0.1462
2025,S2C,10,6.897,27.0,4,34.74,0.2027
2025,E2C,8,11.6117,0.0,0,20.63,0.0808
2025,W2C,8,11.0934,0.0,0,21.6,0.0883
2026,N2C,9,8.6639,8.0,3,27.65,0.1526
2026,S2C,10,6.422,31.0,4,37.31,0.2122
2026,E2C,6,12.7055,0.0,0,18.86,0.0531
2026,W2C,7,10.9959,0.0,0,21.79,0.0837
2027,N2C,9,8.0657,11.0,3,29.71,0.1632
2027,S2C,10,6.088,35.0,4,39.36,0.2197
2027,E2C,6,12.59,0.0,0,19.03,0.0547
2027,W2C,6,11.8349,0.0,0,20.25,0.0656
2028,N2C,10,8.1388,14.0,3,29.44,0.1701
2028,S2C,11,6.7874,40.0,5,35.3,0.2249
2028,E2C,6,13.1244,0.0,0,18.26,0.047
2028,W2C,6,11.8959,0.0,0,20.14,0.0647
2029,N2C,10,7.1894,17.0,3,33.33,0.1858
2029,S2C,11,6.1759,45.0,5,38.8,0.2371
2029,E2C,5,12.9413,0.0,0,18.51,0.0437
2029,W2C,5,12.0403,0.0,0,19.9,0.0566
2030,N2C,10,6.8637,20.0,3,34.91,0.1925
2030,S2C,11,5.7503,50.0,5,41.67,0.2465
2030,E2C,5,12.8458,0.0,0,18.65,0.045
2030,W2C,5,12.1908,0.0,0,19.65,0.0545
2031,N2C,10,6.4374,24.0,4,37.22,0.2073
2031,S2C,11,4.9482,55.0,5,48.42,0.2614
2031,E2C,5,12.8928,0.0,0,18.58,0.0444
2031,W2C,5,12.2993,0.0,0,19.48,0.0529
2032,N2C,11,6.7902,29.0,5,35.29,0.2176
2032,S2C,12,5.4663,60.0,5,43.83,0.2633
2032,E2C,5,12.8947,0.0,0,18.58,0.0443
2032,W2C,5,12.1614,0.0,0,19.7,0.0549
2033,N2C,11,5.8419,34.0,5,41.01,0.2346
2033,S2C,12,5.2792,66.0,6,45.39,0.276
2033,E2C,5,12.6494,0.0,0,18.94,0.0479
2033,W2C,5,11.4585,0.0,0,20.91,0.065
2034,N2C,11,5.3313,39.0,5,44.94,0.2452
2034,S2C,12,5.0873,72.0,6,47.1,0.2827
2034,E2C,5,12.9738,0.0,0,18.47,0.0432
2034,W2C,5,11.9412,0.0,0,20.07,0.0581
2035,N2C,12,5.6109,45.0,6,42.7,0.2572
2035,S2C,13,5.5689,78.0,6,43.02,0.2858
2035,E2C,5,12.5784,0.0,0,19.05,0.0489
2035,W2C,6,12.4352,0.0,0,19.27,0.0569
2036,N2C,12,5.4007,52.0,7,44.36,0.2709
2036,S2C,13,5.1309,85.0,7,46.7,0.3028
2036,E2C,5,12.9225,0.0,0,18.54,0.0439
2036,W2C,6,12.2972,0.0,0,19.48,0.0589
2037,N2C,12,5.1059,59.0,7,46.93,0.2798
2037,S2C,13,4.9474,92.0,7,48.43,0.3101
2037,E2C,5,12.4286,0.0,0,19.28,0.051
2037,W2C,6,12.2461,0.0,0,19.57,0.0597
2038,N2C,12,4.7859,66.0,7,50.06,0.2891
2038,S2C,13,4.4984,99.0,7,53.26,0.3212
2038,E2C,5,12.28,0.0,0,19.51,0.0532
2038,W2C,5,12.0897,0.0,0,19.82,0.0559
2039,N2C,13,5.2375,73.0,7,45.75,0.2933
2039,S2C,14,4.7633,106.0,7,50.3,0.3281
2039,E2C,5,12.4122,0.0,0,19.3,0.0513
2039,W2C,5,12.4995,0.0,0,19.17,0.05
2040,N2C,13,4.8419,80.0,7,49.49,0.3036
2040,S2C,14,4.2988,114.0,8,55.74,0.3461
2040,E2C,5,12.1293,0.0,0,19.75,0.0554
2040,W2C,5,12.5521,0.0,0,19.09,0.0493
2041,N2C,13,4.5432,88.0,8,52.74,0.3193
2041,S2C,14,4.0136,122.0,8,59.7,0.3555
2041,E2C,5,12.4596,0.0,0,19.23,0.0506
2041,W2C,5,12.4225,0.0,0,19.29,0.0511
2042,N2C,13,4.3704,96.0,8,54.82,0.3271
2042,S2C,14,3.7352,131.0,9,64.15,0.3716
2042,E2C,5,12.5243,0.0,0,19.13,0.0497
2042,W2C,5,12.2199,0.0,0,19.61,0.054
2043,N2C,14,4.3487,105.0,9,55.1,0.3454
2043,S2C,15,4.1384,140.0,9,57.9,0.3777
2043,E2C,5,12.4747,0.0,0,19.21,0.0504
2043,W2C,5,12.2715,0.0,0,19.52,0.0533
2044,N2C,14,4.0103,114.0,9,59.75,0.3563
2044,S2C,15,3.8104,149.0,9,62.88,0.3885
2044,E2C,6,12.1392,0.0,0,19.74,0.0612
2044,W2C,6,12.4754,0.0,0,19.21,0.0564
2045,N2C,14,3.7672,123.0,9,63.6,0.3658
2045,S2C,15,3.551,159.0,10,67.47,0.4049
2045,E2C,6,11.3648,0.0,0,21.08,0.0724
2045,W2C,6,12.4251,0.0,0,19.28,0.0571
2046,N2C,15,4.1867,133.0,10,57.23,0.3784
2046,S2C,16,3.7776,169.0,10,63.43,0.4143
2046,E2C,7,10.658,0.0,0,22.48,0.0885
2046,W2C,7,11.9832,0.0,0,19.99,0.0695
2047,N2C,13,4.5029,94.0,8,53.21,0.3238
2047,S2C,14,4.0279,117.0,8,59.49,0.352
2047,E2C,7,10.1758,1.0,1,23.55,0.1021
2047,W2C,7,11.3039,0.0,0,21.2,0.0792
2048,N2C,13,4.3769,61.0,6,54.74,0.2916
2048,S2C,14,4.1497,71.0,7,57.74,0.3136
2048,E2C,7,9.5115,2.0,1,25.19,0.1124
2048,W2C,7,11.0674,1.0,1,21.65,0.0893
2049,N2C,13,4.6058,34.0,4,52.02,0.2583
2049,S2C,14,4.1241,39.0,5,58.1,0.2806
2049,E2C,7,8.3903,3.0,1,28.56,0.1292
2049,W2C,7,10.2859,2.0,1,23.29,0.1012
2050,N2C,12,5.8674,14.0,3,40.84,0.2148
2050,S2C,13,4.7999,18.0,3,49.92,0.2389
2050,E2C,8,8.3174,5.0,2,28.81,0.1436
2050,W2C,8,9.7398,3.0,1,24.6,0.1158
2051,N2C,12,6.1759,2.0,1,38.8,0.1904
2051,S2C,13,5.0188,5.0,2,47.74,0.2211
2051,E2C,8,7.6794,7.0,2,31.2,0.1541
2051,W2C,8,8.6887,4.0,1,27.58,0.1316
2052,N2C,10,6.7815,0.0,0,35.33,0.1624
2052,S2C,12,5.269,0.0,0,45.47,0.1961
2052,E2C,8,7.5764,9.0,2,31.62,0.1569
2052,W2C,8,7.8194,6.0,2,30.64,0.1514
2053,N2C,11,7.7977,0.0,0,30.73,0.1537
2053,S2C,12,6.8067,0.0,0,35.2,0.174
2053,E2C,9,8.3802,12.0,3,28.59,0.1593
2053,W2C,9,8.0181,9.0,3,29.88,0.1625
2054,N2C,10,8.3795,0.0,0,28.59,0.1393
2054,S2C,12,7.7227,0.0,0,31.03,0.1608
2054,E2C,9,8.1109,15.0,3,29.54,0.1652
2054,W2C,9,7.2891,12.0,3,32.87,0.175
2055,N2C,9,9.0512,0.0,0,26.47,0.1237
2055,S2C,10,8.527,0.0,0,28.1,0.1372
2055,E2C,9,7.5226,18.0,3,31.85,0.1757
2055,W2C,9,7.1635,15.0,3,33.45,0.1789
2056,N2C,8,10.031,0.0,0,23.89,0.1036
2056,S2C,9,9.3415,0.0,0,25.65,0.1195
2056,E2C,9,6.7039,21.0,3,35.74,0.1895
2056,W2C,9,6.6557,19.0,4,36.0,0.1948
2057,N2C,8,11.0121,0.0,0,21.76,0.0894
2057,S2C,9,10.3104,0.0,0,23.24,0.1055
2057,E2C,10,6.7917,24.0,3,35.28,0.1962
2057,W2C,10,6.8485,23.0,4,34.99,0.2007
2058,N2C,6,11.853,0.0,0,20.21,0.0653
2058,S2C,9,10.4273,0.0,0,22.98,0.1039
2058,E2C,10,6.5172,27.0,3,36.76,0.2022
2058,W2C,10,6.704,27.0,4,35.74,0.2055
2059,N2C,6,12.2,0.0,0,19.64,0.0603
2059,S2C,7,11.2922,0.0,0,21.22,0.0794
2059,E2C,10,6.3696,31.0,4,37.62,0.213
2059,W2C,10,6.5774,32.0,5,36.43,0.2166
2060,N2C,5,12.699,0.0,0,18.87,0.0471
2060,S2C,7,11.9062,0.0,0,20.12,0.0706
2060,E2C,10,5.8578,36.0,5,40.9,0.2297
2060,W2C,10,6.3905,37.0,5,37.49,0.2227
2061,N2C,6,12.8451,0.0,0,18.65,0.051
2061,S2C,6,12.3451,0.0,0,19.41,0.0582
2061,E2C,11,6.2993,41.0,5,38.04,0.2326
2061,W2C,11,6.5923,42.0,5,36.35,0.2291
2062,N2C,6,12.8702,0.0,0,18.62,0.0507
2062,S2C,6,12.1931,0.0,0,19.65,0.0604
2062,E2C,11,6.0253,46.0,5,39.77,0.2399
2062,W2C,11,5.6854,47.0,5,42.14,0.2455
2063,N2C,6,12.6408,0.0,0,18.95,0.054
2063,S2C,6,11.9986,0.0,0,19.97,0.0632
2063,E2C,11,5.7829,51.0,5,41.43,0.2467
2063,W2C,11,5.0642,52.0,5,47.31,0.2577
2064,N2C,6,12.7497,0.0,0,18.79,0.0524
2064,S2C,6,12.3558,0.0,0,19.39,0.0581
2064,E2C,12,6.3926,57.0,6,37.48,0.254
2064,W2C,12,5.1117,58.0,6,46.87,0.2731
2065,N2C,6,12.7034,0.0,0,18.86,0.0531
2065,S2C,6,12.1592,0.0,0,19.71,0.0609
2065,E2C,12,5.947,63.0,6,40.29,0.2644
2065,W2C,12,4.9095,65.0,7,48.8,0.2866
2066,N2C,6,12.7387,0.0,0,18.81,0.0526
2066,S2C,6,12.1553,0.0,0,19.71,0.061
2066,E2C,12,5.5305,69.0,6,43.32,0.2744
2066,W2C,12,4.9422,72.0,7,48.48,0.2908
2067,N2C,5,13.4294,0.0,0,17.84,0.0366
2067,S2C,5,12.4312,0.0,0,19.27,0.051
2067,E2C,12,5.1774,76.0,7,46.28,0.2901
2067,W2C,12,4.5408,79.0,7,52.77,0.3013
2068,N2C,6,13.1228,0.0,0,18.26,0.047
2068,S2C,6,12.6899,0.0,0,18.88,0.0533
2068,E2C,13,5.2973,83.0,7,45.23,0.2991
2068,W2C,13,4.6926,86.0,7,51.06,0.3098
2069,N2C,5,13.1502,0.0,0,18.22,0.0407
2069,S2C,6,12.8604,0.0,0,18.63,0.0508
2069,E2C,13,4.7203,90.0,7,50.76,0.312
2069,W2C,13,4.1755,94.0,8,57.38,0.3285
2070,N2C,5,12.9409,0.0,0,18.51,0.0437
2070,S2C,6,12.6491,0.0,0,18.94,0.0539
2070,E2C,13,4.1322,98.0,8,57.98,0.3318
2070,W2C,13,3.9154,102.0,8,61.19,0.3376
2071,N2C,5,13.3571,0.0,0,17.94,0.0377
2071,S2C,5,12.4563,0.0,0,19.24,0.0506
2071,E2C,14,4.6088,106.0,8,51.99,0.3363
2071,W2C,14,4.1761,111.0,9,57.37,0.3519
2072,N2C,5,13.4253,0.0,0,17.85,0.0367
2072,S2C,5,12.7451,0.0,0,18.8,0.0465
2072,E2C,14,4.667,115.0,9,51.34,0.3475
2072,W2C,14,3.9844,120.0,9,60.13,0.3606
2073,N2C,5,13.4724,0.0,0,17.78,0.036
2073,S2C,5,12.9956,0.0,0,18.44,0.0429
2073,E2C,14,4.4523,124.0,9,53.82,0.3566
2073,W2C,14,3.6616,129.0,9,65.44,0.3713
2074,N2C,5,13.2313,0.0,0,18.11,0.0395
2074,S2C,5,12.9037,0.0,0,18.57,0.0442
2074,E2C,14,4.1275,133.0,9,58.05,0.3672
2074,W2C,14,3.2438,138.0,9,73.86,0.3833
2075,N2C,5,13.4788,0.0,0,17.78,0.0359
2075,S2C,5,12.785,0.0,0,18.74,0.0459
2075,E2C,15,4.5785,142.0,9,52.33,0.3727
2075,W2C,15,4.025,148.0,10,59.53,0.3907
2076,N2C,5,13.113,0.0,0,18.27,0.0412
2076,S2C,5,12.3474,0.0,0,19.4,0.0522
2076,E2C,15,3.9578,151.0,9,60.54,0.3877
2076,W2C,15,3.9019,158.0,10,61.41,0.3992
2077,N2C,5,13.1844,0.0,0,18.17,0.0402
2077,S2C,5,12.5578,0.0,0,19.08,0.0492
2077,E2C,15,3.8614,161.0,10,62.05,0.4017
2077,W2C,15,3.985,168.0,10,60.13,0.4046
2078,N2C,5,12.7605,0.0,0,18.78,0.0463
2078,S2C,5,12.888,0.0,0,18.59,0.0444
2078,E2C,15,3.4531,171.0,10,69.39,0.4143
2078,W2C,15,3.9431,178.0,10,60.76,0.4119
2079,N2C,6,12.3272,0.0,0,19.44,0.0585
2079,S2C,5,12.4734,0.0,0,19.21,0.0504
2079,E2C,16,3.835,181.0,10,62.48,0.4214
2079,W2C,16,4.3508,188.0,10,55.07,0.4187
2080,N2C,6,11.7781,0.0,0,20.34,0.0664
2080,S2C,6,12.1454,0.0,0,19.73,0.0611
2080,E2C,14,3.9547,127.0,9,60.59,0.3657
2080,W2C,14,4.5592,136.0,8,52.55,0.357
2081,N2C,6,10.665,0.0,0,22.47,0.0824
2081,S2C,6,11.0632,0.0,0,21.66,0.0767
2081,E2C,14,3.9345,85.0,7,60.9,0.326
2081,W2C,14,4.5004,89.0,6,53.24,0.3145
2082,N2C,7,10.5732,1.0,1,22.66,0.0964
2082,S2C,7,10.3053,0.0,0,23.25,0.0936
2082,E2C,15,4.9678,50.0,6,48.23,0.2878
2082,W2C,15,5.3108,52.0,4,45.12,0.2722
2083,N2C,7,9.7564,2.0,1,24.56,0.1089
2083,S2C,7,9.723,0.0,0,24.64,0.102
2083,E2C,13,5.6263,25.0,4,42.59,0.2377
2083,W2C,13,5.9135,23.0,3,40.52,0.2262
2084,N2C,7,9.3734,4.0,2,25.56,0.1217
2084,S2C,7,9.0349,1.0,1,26.52,0.1186
2084,E2C,13,5.876,8.0,2,40.78,0.2107
2084,W2C,13,5.7363,2.0,1,41.77,0.2027
2085,N2C,7,8.7123,6.0,2,27.5,0.1326
2085,S2C,7,7.9749,2.0,1,30.04,0.1345
2085,E2C,12,6.0205,0.0,0,39.8,0.1853
2085,W2C,13,5.8127,0.0,0,41.22,0.1943
2086,N2C,8,8.9033,8.0,2,26.91,0.1371
2086,S2C,8,8.1436,4.0,2,29.42,0.1454
2086,E2C,12,6.7555,0.0,0,35.47,0.1747
2086,W2C,12,7.0389,0.0,0,34.04,0.1706
2087,N2C,8,8.3135,10.0,2,28.82,0.147
2087,S2C,8,7.6965,6.0,2,31.13,0.1532
2087,E2C,11,7.3207,0.0,0,32.73,0.1606
2087,W2C,11,7.6297,0.0,0,31.4,0.1561
2088,N2C,8,7.7596,13.0,3,30.88,0.1629
2088,S2C,8,7.565,9.0,3,31.67,0.1631
2088,E2C,10,8.1755,0.0,0,29.31,0.1423
2088,W2C,10,8.1205,0.0,0,29.51,0.1431
2089,N2C,9,7.6794,16.0,3,31.2,0.1721
2089,S2C,9,7.6509,12.0,3,31.32,0.1698
2089,E2C,10,9.1396,0.0,0,26.22,0.1284
2089,W2C,11,9.0647,0.0,0,26.43,0.1355
2090,N2C,9,7.259,19.0,3,33.01,0.1801
2090,S2C,9,7.1903,15.0,3,33.32,0.1785
2090,E2C,9,9.692,0.0,0,24.72,0.1144
2090,W2C,9,9.3771,0.0,0,25.55,0.119
2091,N2C,9,7.1657,23.0,4,33.44,0.1902
2091,S2C,9,6.8306,18.0,3,35.08,0.1856
2091,E2C,8,10.2297,0.0,0,23.42,0.1007
2091,W2C,8,10.663,0.0,0,22.47,0.0945
2092,N2C,9,6.4405,27.0,4,37.2,0.2033
2092,S2C,9,6.6695,21.0,3,35.92,0.19
2092,E2C,7,11.0245,0.0,0,21.73,0.0833
2092,W2C,7,11.3974,0.0,0,21.02,0.0779
2093,N2C,10,6.7203,31.0,4,35.65,0.2079
2093,S2C,10,7.1925,25.0,4,33.31,0.1971
2093,E2C,8,11.8334,0.0,0,20.25,0.0776
2093,W2C,7,12.1391,0.0,0,19.74,0.0672
2094,N2C,10,6.1659,35.0,4,38.86,0.2186
2094,S2C,10,6.8455,29.0,4,35.0,0.2048
2094,E2C,6,12.4245,0.0,0,19.28,0.0571
2094,W2C,6,12.6887,0.0,0,18.88,0.0533
2095,N2C,10,6.0712,40.0,5,39.46,0.2292
2095,S2C,10,6.4717,33.0,4,37.02,0.2128
2095,E2C,5,12.8075,0.0,0,18.71,0.0456
2095,W2C,5,12.4868,0.0,0,19.19,0.0502
2096,N2C,10,5.6475,45.0,5,42.43,0.2387
2096,S2C,10,6.1712,37.0,4,38.83,0.2198
2096,E2C,5,12.8203,0.0,0,18.69,0.0454
2096,W2C,5,12.573,0.0,0,19.06,0.049
2097,N2C,11,6.1022,50.0,5,39.26,0.2415
2097,S2C,11,6.5406,42.0,5,36.63,0.2298
2097,E2C,5,12.829,0.0,0,18.68,0.0453
2097,W2C,6,12.6579,0.0,0,18.93,0.0537
2098,N2C,11,5.7148,55.0,5,41.93,0.2504
2098,S2C,11,6.2028,47.0,5,38.63,0.238
2098,E2C,5,12.8752,0.0,0,18.61,0.0446
2098,W2C,5,12.7516,0.0,0,18.79,0.0464
2099,N2C,11,5.1994,60.0,5,46.08,0.2611
2099,S2C,11,5.9709,52.0,5,40.13,0.2447
2099,E2C,5,12.5129,0.0,0,19.15,0.0498
2099,W2C,5,12.4639,0.0,0,19.22,0.0505
2100,N2C,12,5.4146,66.0,6,44.25,0.274
2100,S2C,12,6.4146,57.0,5,37.35,0.2476
2100,E2C,5,13.2177,0.0,0,18.13,0.0397
2100,W2C,6,12.8199,0.0,0,18.69,0.0514
2101,N2C,12,5.1203,73.0,7,46.79,0.2889
2101,S2C,12,5.8784,62.0,5,40.76,0.2587
2101,E2C,5,12.9286,0.0,0,18.53,0.0438
2101,W2C,6,12.5708,0.0,0,19.06,0.055
2102,N2C,12,4.808,80.0,7,49.83,0.2981
2102,S2C,12,5.238,67.0,5,45.74,0.2712
2102,E2C,5,12.8988,0.0,0,18.58,0.0443
2102,W2C,5,12.7356,0.0,0,18.81,0.0466
2103,N2C,12,4.244,87.0,7,56.46,0.3109
2103,S2C,12,4.7471,74.0,7,50.47,0.295
2103,E2C,5,13.1237,0.0,0,18.26,0.041
2103,W2C,5,12.6885,0.0,0,18.88,0.0473
2104,N2C,13,4.7299,94.0,7,50.66,0.3146
2104,S2C,13,5.068,81.0,7,47.28,0.301
2104,E2C,5,13.0878,0.0,0,18.31,0.0416
2104,W2C,6,12.7719,0.0,0,18.76,0.0521
2105,N2C,13,4.6966,102.0,8,51.02,0.3264
2105,S2C,13,4.8012,89.0,8,49.9,0.3162
2105,E2C,5,13.0714,0.0,0,18.33,0.0418
2105,W2C,6,12.7937,0.0,0,18.73,0.0518
2106,N2C,13,4.388,110.0,8,54.6,0.3362
2106,S2C,13,4.4301,97.0,8,54.09,0.3269
2106,E2C,5,12.9815,0.0,0,18.46,0.0431
2106,W2C,5,12.8072,0.0,0,18.71,0.0456
2107,N2C,14,4.6726,118.0,8,51.28,0.3434
2107,S2C,14,4.8505,105.0,8,49.4,0.3322
2107,E2C,6,13.0065,0.0,0,18.42,0.0487
2107,W2C,5,12.9045,0.0,0,18.57,0.0442
2108,N2C,14,4.55,126.0,8,52.66,0.3505
2108,S2C,14,4.5316,113.0,8,52.87,0.3421
2108,E2C,5,12.7652,0.0,0,18.77,0.0462
2108,W2C,5,12.8179,0.0,0,18.69,0.0454
2109,N2C,14,4.4589,135.0,9,53.74,0.3638
2109,S2C,14,4.3059,121.0,8,55.64,0.3507
2109,E2C,5,13.2337,0.0,0,18.11,0.0394
2109,W2C,5,12.7846,0.0,0,18.74,0.0459
2110,N2C,14,4.423,144.0,9,54.17,0.3703
2110,S2C,14,4.0543,130.0,9,59.1,0.3663
2110,E2C,5,13.0874,0.0,0,18.31,0.0416
2110,W2C,5,12.0557,0.0,0,19.87,0.0564
2111,N2C,15,4.5769,153.0,9,52.35,0.3801
2111,S2C,15,4.4055,139.0,9,54.39,0.3732
2111,E2C,6,12.9858,0.0,0,18.45,0.049
2111,W2C,6,11.8223,0.0,0,20.27,0.0658
2112,N2C,15,4.4883,162.0,9,53.38,0.3874
2112,S2C,15,4.2522,148.0,9,56.35,0.3814
2112,E2C,6,12.461,0.0,0,19.23,0.0566
2112,W2C,6,10.904,0.0,0,21.97,0.079
2113,N2C,13,4.4725,109.0,7,53.57,0.3283
2113,S2C,13,4.9984,99.0,7,47.94,0.314
2113,E2C,6,11.6917,0.0,0,20.49,0.0677
2113,W2C,6,10.3085,0.0,0,23.24,0.0876
2114,N2C,13,4.281,65.0,5,55.97,0.2897
2114,S2C,13,4.9494,58.0,6,48.41,0.2814
2114,E2C,6,10.8379,0.0,0,22.11,0.0799
2114,W2C,6,10.1308,0.0,0,23.65,0.0901
2115,N2C,14,5.3534,34.0,4,44.76,0.2536
2115,S2C,14,5.493,32.0,4,43.62,0.2502
2115,E2C,6,10.0985,0.0,0,23.73,0.0906
2115,W2C,7,10.4335,1.0,1,22.96,0.0984
2116,N2C,12,5.9442,11.0,3,40.31,0.2117
2116,S2C,12,5.3617,10.0,2,44.69,0.2135
2116,E2C,7,9.7382,1.0,1,24.6,0.1084
2116,W2C,7,9.5967,2.0,1,24.97,0.1112
2117,N2C,12,6.1538,2.0,1,38.94,0.1907
2117,S2C,12,5.6093,0.0,0,42.71,0.1912
2117,E2C,7,8.4624,3.0,2,28.31,0.1342
2117,W2C,7,9.1032,3.0,1,26.32,0.1189
2118,N2C,12,7.4971,0.0,0,31.96,0.1641
2118,S2C,13,6.6973,0.0,0,35.78,0.1816
2118,E2C,8,8.7016,5.0,2,27.54,0.138
2118,W2C,8,8.9309,4.0,1,26.83,0.1281
2119,N2C,11,7.6563,0.0,0,31.29,0.1558
2119,S2C,11,7.2573,0.0,0,33.02,0.1615
2119,E2C,8,8.3379,7.0,2,28.74,0.1446
2119,W2C,8,8.2666,6.0,2,28.98,0.145
2120,N2C,10,8.144,0.0,0,29.42,0.1427
2120,S2C,11,7.6088,0.0,0,31.49,0.1564
2120,E2C,8,8.1521,10.0,3,29.39,0.1553
2120,W2C,8,7.8537,8.0,2,30.51,0.1522
2121,N2C,9,8.6472,0.0,0,27.71,0.1295
2121,S2C,9,8.6291,0.0,0,27.77,0.1298
2121,E2C,8,7.54,13.0,3,31.78,0.1661
2121,W2C,8,7.8325,10.0,2,30.59,0.1539
2122,N2C,10,9.0867,0.0,0,26.37,0.1292
2122,S2C,10,9.5673,0.0,0,25.04,0.1222
2122,E2C,9,7.5838,16.0,3,31.59,0.1735
2122,W2C,9,8.0307,13.0,3,29.84,0.165
2123,N2C,8,10.2053,0.0,0,23.48,0.1011
2123,S2C,8,10.4577,0.0,0,22.91,0.0974
2123,E2C,9,7.0485,19.0,3,33.99,0.1832
2123,W2C,9,7.3089,16.0,3,32.78,0.1774
2124,N2C,7,10.8708,0.0,0,22.04,0.0855
2124,S2C,8,11.1404,0.0,0,21.51,0.0876
2124,E2C,9,6.4122,22.0,3,37.37,0.1943
2124,W2C,9,7.2868,19.0,3,32.88,0.1797
2125,N2C,7,11.8797,0.0,0,20.17,0.0709
2125,S2C,7,12.3576,0.0,0,19.39,0.0641
2125,E2C,10,6.7152,25.0,3,35.68,0.198
2125,W2C,10,7.7125,22.0,3,31.07,0.1816
2126,N2C,6,12.3949,0.0,0,19.33,0.0575
2126,S2C,6,13.1113,0.0,0,18.27,0.0472
2126,E2C,10,6.4081,28.0,3,37.39,0.2044
2126,W2C,10,6.8918,25.0,3,34.77,0.1954
2127,N2C,5,12.6287,0.0,0,18.97,0.0482
2127,S2C,5,13.1091,0.0,0,18.28,0.0412
2127,E2C,10,6.1789,33.0,5,38.78,0.223
2127,W2C,10,6.5624,29.0,4,36.51,0.2088
2128,N2C,5,12.7117,0.0,0,18.85,0.047
2128,S2C,5,13.1431,0.0,0,18.23,0.0408
2128,E2C,10,5.8807,38.0,5,40.74,0.2307
2128,W2C,10,6.1048,33.0,4,39.25,0.2181
2129,N2C,5,12.9573,0.0,0,18.49,0.0434
2129,S2C,5,13.4328,0.0,0,17.84,0.0366
2129,E2C,11,6.3452,43.0,5,37.76,0.2333
2129,W2C,11,6.0965,37.0,4,39.3,0.2269
2130,N2C,5,12.6533,0.0,0,18.94,0.0478
2130,S2C,5,13.1462,0.0,0,18.23,0.0407
2130,E2C,11,5.6959,48.0,5,42.07,0.246
2130,W2C,11,5.9168,42.0,5,40.49,0.2388
2131,N2C,5,12.7047,0.0,0,18.86,0.0471
2131,S2C,5,13.0544,0.0,0,18.35,0.042
2131,E2C,11,5.9053,53.0,5,40.57,0.2463
2131,W2C,11,5.5362,48.0,6,43.28,0.2543
2132,N2C,5,12.7589,0.0,0,18.78,0.0463
2132,S2C,5,12.9118,0.0,0,18.56,0.0441
2132,E2C,11,5.7195,59.0,6,41.89,0.259
2132,W2C,11,4.9414,54.0,6,48.49,0.2668
2133,N2C,5,12.3796,0.0,0,19.35,0.0517
2133,S2C,6,13.2697,0.0,0,18.06,0.0449
2133,E2C,12,6.2959,65.0,6,38.06,0.2607
2133,W2C,12,5.385,60.0,6,44.49,0.2705
2134,N2C,5,12.3746,0.0,0,19.36,0.0518
2134,S2C,5,12.6484,0.0,0,18.94,0.0479
2134,E2C,12,5.4887,71.0,6,43.65,0.2763
2134,W2C,12,5.2912,66.0,6,45.28,0.2758
2135,N2C,5,12.3964,0.0,0,19.33,0.0515
2135,S2C,5,12.578,0.0,0,19.05,0.0489
2135,E2C,12,4.785,77.0,6,50.07,0.2904
2135,W2C,12,5.131,73.0,7,46.7,0.2888
2136,N2C,5,12.3886,0.0,0,19.34,0.0516
2136,S2C,4,12.4265,0.0,0,19.28,0.0451
2136,E2C,13,5.1019,83.0,6,46.96,0.2959
2136,W2C,13,5.7787,80.0,7,41.46,0.2901
2137,N2C,5,12.2258,0.0,0,19.6,0.054
2137,S2C,5,12.7665,0.0,0,18.77,0.0462
2137,E2C,13,5.0236,90.0,7,47.69,0.3077
2137,W2C,13,5.3214,87.0,7,45.03,0.3014
2138,N2C,5,12.5258,0.0,0,19.13,0.0496
2138,S2C,5,13.0135,0.0,0,18.41,0.0426
2138,E2C,13,4.9036,98.0,8,48.86,0.3207
2138,W2C,13,4.5311,94.0,7,52.88,0.3174
2139,N2C,5,12.0758,0.0,0,19.84,0.0561
2139,S2C,5,12.7317,0.0,0,18.82,0.0467
2139,E2C,13,4.8185,106.0,8,49.73,0.3273
2139,W2C,13,4.2197,101.0,7,56.78,0.3266
2140,N2C,6,12.7146,0.0,0,18.84,0.0529
2140,S2C,5,13.0679,0.0,0,18.33,0.0418
2140,E2C,14,5.0316,114.0,8,47.62,0.3356
2140,W2C,14,4.6483,109.0,8,51.55,0.3377
2141,N2C,6,12.3954,0.0,0,19.33,0.0575
2141,S2C,5,12.7409,0.0,0,18.81,0.0465
2141,E2C,14,4.3838,122.0,8,54.66,0.3502
2141,W2C,14,4.2199,117.0,8,56.78,0.3492
2142,N2C,6,12.5074,0.0,0,19.16,0.0559
2142,S2C,5,12.9533,0.0,0,18.5,0.0435
2142,E2C,14,4.1282,130.0,8,58.04,0.3592
2142,W2C,14,4.0121,126.0,9,59.72,0.3642
2143,N2C,6,12.4376,0.0,0,19.26,0.0569
2143,S2C,5,12.8131,0.0,0,18.7,0.0455
2143,E2C,15,4.3896,140.0,10,54.58,0.3801
2143,W2C,15,4.2727,135.0,9,56.08,0.3725
2144,N2C,6,11.6988,0.0,0,20.48,0.0676
2144,S2C,5,12.7295,0.0,0,18.82,0.0467
2144,E2C,15,4.086,150.0,10,58.64,0.3912
2144,W2C,15,3.9988,144.0,9,59.92,0.3824
2145,N2C,6,11.3465,0.0,0,21.12,0.0726
2145,S2C,5,12.6765,0.0,0,18.9,0.0475
2145,E2C,15,3.8695,160.0,10,61.92,0.401
2145,W2C,15,3.6974,154.0,10,64.8,0.3994
2146,N2C,6,10.5367,0.0,0,22.74,0.0843
2146,S2C,5,12.7781,0.0,0,18.75,0.046
2146,E2C,13,4.1092,109.0,8,58.31,0.3395
2146,W2C,13,3.9155,105.0,9,61.19,0.3456
2147,N2C,7,10.181,0.0,0,23.53,0.0954
2147,S2C,6,12.476,0.0,0,19.2,0.0564
2147,E2C,14,4.9679,69.0,7,48.23,0.3005
2147,W2C,14,4.8288,67.0,7,49.62,0.3011
2148,N2C,7,9.6368,1.0,1,24.86,0.1099
2148,S2C,6,11.8537,0.0,0,20.21,0.0653
2148,E2C,14,5.0799,37.0,5,47.17,0.2655
2148,W2C,14,5.1204,37.0,5,46.79,0.2649
2149,N2C,7,8.9818,2.0,1,26.68,0.12
2149,S2C,6,11.0958,0.0,0,21.59,0.0762
2149,E2C,12,5.421,17.0,3,44.2,0.2233
2149,W2C,12,5.7808,17.0,3,41.45,0.2181
2150,N2C,7,8.9433,4.0,2,26.79,0.1279
2150,S2C,6,10.7326,0.0,0,22.32,0.0815
2150,E2C,12,5.5919,4.0,1,42.85,0.2001
2150,W2C,12,5.7354,5.0,1,41.78,0.1988
2151,N2C,8,9.785,6.0,2,24.49,0.1231
2151,S2C,7,11.1248,1.0,1,21.54,0.0885
2151,E2C,13,6.346,0.0,0,37.76,0.1866
2151,W2C,12,6.7542,0.0,0,35.47,0.1747
2152,N2C,8,8.9778,8.0,2,26.69,0.1361
2152,S2C,7,10.9051,2.0,1,21.97,0.0923
2152,E2C,11,6.9234,0.0,0,34.61,0.1663
2152,W2C,11,7.1624,0.0,0,33.45,0.1629
2153,N2C,8,8.5351,10.0,2,28.07,0.1438
2153,S2C,7,10.4497,3.0,1,22.93,0.0995
2153,E2C,11,7.3625,0.0,0,32.54,0.16
2153,W2C,10,7.8112,0.0,0,30.67,0.1475
2154,N2C,9,8.438,12.0,2,28.4,0.1525
2154,S2C,8,10.1177,4.0,1,23.68,0.111
2154,E2C,10,8.7823,0.0,0,27.28,0.1335
2154,W2C,10,8.9427,0.0,0,26.79,0.1312
2155,N2C,9,7.9553,15.0,3,30.12,0.1675
2155,S2C,8,9.1255,5.0,1,26.26,0.1259
2155,E2C,10,9.4736,0.0,0,25.29,0.1236
2155,W2C,9,9.6562,0.0,0,24.81,0.115
2156,N2C,9,7.051,18.0,3,33.98,0.1825
2156,S2C,8,8.1875,6.0,1,29.26,0.1401
2156,E2C,8,10.1984,0.0,0,23.49,0.1012
2156,W2C,8,10.4875,0.0,0,22.85,0.097
2157,N2C,9,6.485,22.0,4,36.95,0.1993
2157,S2C,8,7.7054,8.0,2,31.1,0.1544
2157,E2C,8,10.6239,0.0,0,22.55,0.095
2157,W2C,7,11.2109,0.0,0,21.37,0.0806
2158,N2C,10,6.8746,26.0,4,34.85,0.2023
2158,S2C,9,7.7942,10.0,2,30.74,0.1604
2158,E2C,7,11.5932,0.0,0,20.67,0.0751
2158,W2C,7,11.9239,0.0,0,20.09,0.0703
2159,N2C,10,6.3817,31.0,5,37.54,0.2188
2159,S2C,9,7.113,13.0,3,33.68,0.1782
2159,E2C,7,11.7141,0.0,0,20.45,0.0733
2159,W2C,6,12.5505,0.0,0,19.09,0.0553
2160,N2C,10,6.0619,36.0,5,39.53,0.2267
2160,S2C,9,6.6698,17.0,4,35.92,0.1933
2160,E2C,5,12.5931,0.0,0,19.03,0.0487
2160,W2C,5,12.7737,0.0,0,18.76,0.0461
2161,N2C,11,6.2357,41.0,5,38.42,0.2335
2161,S2C,10,6.8648,21.0,4,34.9,0.1992
2161,E2C,6,12.7028,0.0,0,18.86,0.0531
2161,W2C,6,12.8299,0.0,0,18.68,0.0513
2162,N2C,11,6.019,46.0,5,39.81,0.24
2162,S2C,10,6.5095,25.0,4,36.81,0.2069
2162,E2C,5,12.5344,0.0,0,19.12,0.0495
2162,W2C,6,12.3593,0.0,0,19.39,0.058
2163,N2C,11,6.0363,52.0,6,39.69,0.2498
2163,S2C,10,6.1269,29.0,4,39.11,0.2151
2163,E2C,5,12.8571,0.0,0,18.64,0.0449
2163,W2C,5,12.5864,0.0,0,19.04,0.0488
2164,N2C,11,5.5829,58.0,6,42.92,0.2603
2164,S2C,10,5.9049,34.0,5,40.58,0.2276
2164,E2C,5,12.5797,0.0,0,19.05,0.0489
2164,W2C,5,12.5689,0.0,0,19.06,0.049
2165,N2C,12,5.9459,64.0,6,40.3,0.2651
2165,S2C,11,6.1996,39.0,5,38.65,0.2327
2165,E2C,5,12.6206,0.0,0,18.98,0.0483
2165,W2C,5,13.1321,0.0,0,18.25,0.0409
2166,N2C,12,5.5028,70.0,6,43.54,0.2754
2166,S2C,11,5.7492,44.0,5,41.68,0.2426
2166,E2C,5,12.5911,0.0,0,19.03,0.0487
2166,W2C,5,13.0084,0.0,0,18.42,0.0427
2167,N2C,12,5.1455,77.0,7,46.57,0.2912
2167,S2C,11,5.8131,49.0,5,41.22,0.245
2167,E2C,5,12.7274,0.0,0,18.83,0.0467
2167,W2C,5,12.541,0.0,0,19.11,0.0494
2168,N2C,12,4.6581,84.0,7,51.44,0.3029
2168,S2C,11,5.4032,54.0,5,44.34,0.2542
2168,E2C,5,12.6425,0.0,0,18.95,0.048
2168,W2C,5,12.5085,0.0,0,19.16,0.0499
2169,N2C,13,4.8141,91.0,7,49.77,0.3113
2169,S2C,12,5.8102,60.0,6,41.24,0.2643
2169,E2C,6,12.7577,0.0,0,18.78,0.0523
2169,W2C,6,13.0188,0.0,0,18.4,0.0485
2170,N2C,13,4.4478,99.0,8,53.87,0.328
2170,S2C,12,5.2204,66.0,6,45.9,0.2768
2170,E2C,6,12.8562,0.0,0,18.64,0.0509
2170,W2C,5,12.7134,0.0,0,18.85,0.0469
2171,N2C,13,4.1651,107.0,8,57.53,0.3374
2171,S2C,12,4.8085,73.0,7,49.83,0.2934
2171,E2C,5,12.791,0.0,0,18.73,0.0458
2171,W2C,5,12.6591,0.0,0,18.93,0.0477
2172,N2C,14,4.6914,115.0,8,51.07,0.3411
2172,S2C,13,5.0511,80.0,7,47.43,0.3006
2172,E2C,5,13.1463,0.0,0,18.23,0.0407
2172,W2C,6,12.7957,0.0,0,18.73,0.0518
2173,N2C,14,4.5472,124.0,9,52.69,0.3552
2173,S2C,13,4.5211,87.0,7,53.0,0.3129
2173,E2C,5,12.9411,0.0,0,18.51,0.0437
2173,W2C,6,12.6546,0.0,0,18.93,0.0538
2174,N2C,14,4.352,133.0,9,55.05,0.364
2174,S2C,13,4.3588,95.0,8,54.97,0.3266
2174,E2C,5,12.6553,0.0,0,18.93,0.0478
2174,W2C,5,13.2132,0.0,0,18.13,0.0397
2175,N2C,14,3.8692,142.0,9,61.92,0.377
2175,S2C,13,3.9216,103.0,8,61.1,0.3382
2175,E2C,5,13.1453,0.0,0,18.23,0.0407
2175,W2C,5,13.0569,0.0,0,18.35,0.042
2176,N2C,15,4.0968,151.0,9,58.48,0.3857
2176,S2C,14,4.5403,111.0,8,52.77,0.3406
2176,E2C,6,12.3116,0.0,0,19.46,0.0587
2176,W2C,5,13.1589,0.0,0,18.21,0.0405
2177,N2C,15,3.7063,161.0,10,64.65,0.404
2177,S2C,14,4.6048,120.0,9,52.03,0.3517
2177,E2C,6,11.4095,0.0,0,21.0,0.0717
2177,W2C,5,12.9882,0.0,0,18.45,0.043
2178,N2C,15,3.6193,171.0,10,66.2,0.4119
2178,S2C,14,4.3169,129.0,9,55.5,0.3618
2178,E2C,6,10.6485,1.0,1,22.5,0.0893
2178,W2C,5,12.9112,0.0,0,18.56,0.0441
2179,N2C,14,4.6084,119.0,8,51.99,0.345
2179,S2C,13,5.2383,88.0,7,45.74,0.3032
2179,E2C,7,11.221,2.0,1,21.35,0.0878
2179,W2C,6,13.1796,0.0,0,18.18,0.0462
2180,N2C,14,4.4142,78.0,7,54.28,0.3144
2180,S2C,13,4.8702,50.0,5,49.2,0.2712
2180,E2C,7,11.0353,3.0,1,21.71,0.0911
2180,W2C,6,12.162,0.0,0,19.7,0.0609
2181,N2C,14,4.5884,43.0,5,52.22,0.2766
2181,S2C,13,4.9067,25.0,4,48.83,0.248
2181,E2C,7,10.3833,4.0,1,23.08,0.1012
2181,W2C,6,11.4039,0.0,0,21.01,0.0718
2182,N2C,12,4.9475,19.0,3,48.43,0.2314
2182,S2C,12,5.3226,8.0,2,45.02,0.2127
2182,E2C,7,9.2366,5.0,1,25.94,0.1183
2182,W2C,6,10.4483,1.0,1,22.93,0.0922
2183,N2C,13,6.0937,4.0,1,39.32,0.1989
2183,S2C,12,6.696,1.0,1,35.78,0.1823
2183,E2C,8,9.0238,6.0,1,26.55,0.1281
2183,W2C,7,10.3577,2.0,1,23.13,0.1002
2184,N2C,13,6.6925,0.0,0,35.8,0.1816
2184,S2C,11,6.9713,0.0,0,34.37,0.1656
2184,E2C,8,8.669,7.0,1,27.64,0.1338
2184,W2C,7,10.1447,3.0,1,23.62,0.1039
2185,N2C,11,7.1305,0.0,0,33.6,0.1633
2185,S2C,10,7.5119,0.0,0,31.9,0.1518
2185,E2C,8,8.3655,9.0,2,28.64,0.1455
2185,W2C,7,9.1907,4.0,1,26.07,0.1183
2186,N2C,11,7.5763,0.0,0,31.63,0.1569
2186,S2C,10,8.4646,0.0,0,28.31,0.1381
2186,E2C,8,7.8665,11.0,2,30.46,0.1541
2186,W2C,7,8.7849,6.0,2,27.27,0.1315
2187,N2C,10,8.3262,0.0,0,28.78,0.1401
2187,S2C,9,9.5317,0.0,0,25.14,0.1168
2187,E2C,9,7.8341,14.0,3,30.58,0.1685
2187,W2C,8,8.9423,8.0,2,26.79,0.1366
2188,N2C,10,8.7296,0.0,0,27.45,0.1343
2188,S2C,9,10.2788,0.0,0,23.31,0.106
2188,E2C,9,7.0856,17.0,3,33.82,0.1813
2188,W2C,8,8.238,10.0,2,29.08,0.148
2189,N2C,8,9.7575,0.0,0,24.56,0.1075
2189,S2C,7,11.0135,0.0,0,21.76,0.0834
2189,E2C,9,6.5825,20.0,3,36.4,0.1906
2189,W2C,8,7.7018,12.0,2,31.11,0.1571
2190,N2C,9,10.613,0.0,0,22.58,0.1012
2190,S2C,8,12.0248,0.0,0,19.93,0.0749
2190,E2C,10,6.6865,23.0,3,35.83,0.1971
2190,W2C,9,7.9452,14.0,2,30.16,0.1609
2191,N2C,7,11.3201,0.0,0,21.17,0.079
2191,S2C,6,12.5532,0.0,0,19.09,0.0552
2191,E2C,10,6.3682,27.0,4,37.62,0.2103
2191,W2C,9,7.297,17.0,3,32.84,0.1783
2192,N2C,6,12.056,0.0,0,19.87,0.0624
2192,S2C,6,12.4039,0.0,0,19.32,0.0574
2192,E2C,10,6.2253,32.0,5,38.49,0.2217
2192,W2C,9,7.2051,20.0,3,33.25,0.1816
2193,N2C,5,12.6828,0.0,0,18.89,0.0474
2193,S2C,5,12.9978,0.0,0,18.43,0.0428
2193,E2C,10,5.6842,37.0,5,42.15,0.2328
2193,W2C,9,6.8007,23.0,3,35.23,0.1894
2194,N2C,5,12.6676,0.0,0,18.91,0.0476
2194,S2C,5,13.1755,0.0,0,18.19,0.0403
2194,E2C,11,5.9218,42.0,5,40.46,0.2387
2194,W2C,10,7.0631,26.0,3,33.92,0.1936
2195,N2C,5,12.5077,0.0,0,19.16,0.0499
2195,S2C,5,12.9355,0.0,0,18.52,0.0437
2195,E2C,11,5.3015,47.0,5,45.2,0.251
2195,W2C,10,6.4763,30.0,4,37.0,0.2107
2196,N2C,5,12.7435,0.0,0,18.8,0.0465
2196,S2C,5,13.1118,0.0,0,18.27,0.0412
2196,E2C,11,5.0223,53.0,6,47.71,0.265
2196,W2C,10,5.9458,34.0,4,40.3,0.2211
2197,N2C,6,12.3941,0.0,0,19.33,0.0575
2197,S2C,5,12.8261,0.0,0,18.68,0.0453
2197,E2C,12,5.2457,59.0,6,45.68,0.2718
2197,W2C,11,6.2146,39.0,5,38.55,0.2325
2198,N2C,6,12.5246,0.0,0,19.13,0.0557
2198,S2C,5,12.8398,0.0,0,18.66,0.0451
2198,E2C,12,5.1144,65.0,6,46.85,0.2777
2198,W2C,11,5.9469,45.0,6,40.29,0.2464
2199,N2C,5,12.5227,0.0,0,19.13,0.0497
2199,S2C,5,12.7259,0.0,0,18.83,0.0468
2199,E2C,12,4.7376,72.0,7,50.57,0.2938
2199,W2C,11,5.5176,51.0,6,43.42,0.2566
2200,N2C,5,12.6318,0.0,0,18.97,0.0481
2200,S2C,5,12.7383,0.0,0,18.81,0.0466
2200,E2C,12,4.3174,79.0,7,55.5,0.3045
2200,W2C,11,5.0631,57.0,6,47.32,0.2671
2201,N2C,5,12.548,0.0,0,19.09,0.0493
2201,S2C,5,12.7043,0.0,0,18.86,0.0471
2201,E2C,13,4.7405,86.0,7,50.54,0.3091
2201,W2C,12,5.4829,63.0,6,43.7,0.2711
2202,N2C,5,12.4153,0.0,0,19.3,0.0512
2202,S2C,5,12.9047,0.0,0,18.57,0.0442
2202,E2C,13,4.66,94.0,8,51.42,0.3216
2202,W2C,12,5.3511,69.0,6,44.78,0.277
2203,N2C,5,12.3274,0.0,0,19.44,0.0525
2203,S2C,5,12.8262,0.0,0,18.68,0.0453
2203,E2C,13,4.6989,102.0,8,50.99,0.3263
2203,W2C,12,5.3796,76.0,7,44.54,0.2872
2204,N2C,5,12.4534,0.0,0,19.24,0.0507
2204,S2C,5,13.2111,0.0,0,18.14,0.0398
2204,E2C,13,4.5603,110.0,8,52.54,0.3337
2204,W2C,12,4.9469,83.0,7,48.43,0.2981
2205,N2C,6,12.6878,0.0,0,18.88,0.0533
2205,S2C,6,12.9259,0.0,0,18.54,0.0499
2205,E2C,14,4.7761,118.0,8,50.17,0.3419
2205,W2C,13,4.9763,90.0,7,48.15,0.3083
2206,N2C,6,12.6438,0.0,0,18.95,0.0539
2206,S2C,6,12.6401,0.0,0,18.96,0.054
2206,E2C,14,4.1716,126.0,8,57.44,0.3559
2206,W2C,13,4.1717,98.0,8,57.43,0.3313
2207,N2C,5,12.6973,0.0,0,18.87,0.0472
2207,S2C,6,12.886,0.0,0,18.59,0.0505
2207,E2C,14,3.9511,134.0,8,60.64,0.3644
2207,W2C,13,3.9244,106.0,8,61.05,0.3402
2208,N2C,6,12.789,0.0,0,18.73,0.0519
2208,S2C,5,13.471,0.0,0,17.79,0.036
2208,E2C,15,4.2518,142.0,8,56.35,0.3714
2208,W2C,14,4.4474,115.0,9,53.87,0.3506
2209,N2C,6,11.7646,0.0,0,20.37,0.0666
2209,S2C,5,13.0196,0.0,0,18.4,0.0425
2209,E2C,15,4.0019,151.0,9,59.87,0.387
2209,W2C,14,4.2825,124.0,9,55.95,0.359
2210,N2C,6,11.0362,0.0,0,21.71,0.0771
2210,S2C,5,12.6293,0.0,0,18.97,0.0482
2210,E2C,15,3.7789,160.0,9,63.4,0.3963
2210,W2C,14,4.0324,133.0,9,59.42,0.3686
2211,N2C,6,9.8946,0.0,0,24.22,0.0935
2211,S2C,5,12.5577,0.0,0,19.08,0.0492
2211,E2C,15,3.4521,170.0,10,69.41,0.4136
2211,W2C,14,3.6369,142.0,9,65.88,0.3803
2212,N2C,7,9.8814,0.0,0,24.25,0.0997
2212,S2C,6,11.9458,0.0,0,20.06,0.064
2212,E2C,14,4.3726,117.0,8,54.8,0.347
2212,W2C,13,4.7237,94.0,8,50.72,0.3207
2213,N2C,7,9.2629,1.0,1,25.87,0.1153
2213,S2C,6,11.444,0.0,0,20.94,0.0712
2213,E2C,14,4.5367,75.0,6,52.81,0.3047
2213,W2C,13,4.4646,60.0,6,53.67,0.2897
2214,N2C,7,9.0158,2.0,1,26.58,0.1195
2214,S2C,6,10.4922,0.0,0,22.84,0.0849
2214,E2C,14,4.7245,39.0,4,50.71,0.266
2214,W2C,13,4.5927,31.0,4,52.17,0.2565
2215,N2C,8,9.5981,3.0,1,24.96,0.1178
2215,S2C,7,10.1676,1.0,1,23.56,0.1023
2215,E2C,13,5.7576,13.0,3,41.61,0.2218
2215,W2C,12,5.8118,12.0,2,41.23,0.2083
2216,N2C,8,9.4531,5.0,2,25.35,0.1272
2216,S2C,7,9.6473,2.0,1,24.84,0.1104
2216,E2C,13,6.0957,2.0,1,39.31,0.1976
2216,W2C,12,6.0098,1.0,1,39.87,0.1921
2217,N2C,8,8.8379,7.0,2,27.11,0.1374
2217,S2C,7,9.1486,3.0,1,26.19,0.1183
2217,E2C,12,6.4901,0.0,0,36.92,0.1786
2217,W2C,12,6.5913,0.0,0,36.35,0.1771
2218,N2C,8,7.9328,9.0,2,30.2,0.1518
2218,S2C,7,8.5977,5.0,2,27.87,0.1335
2218,E2C,11,7.0,0.0,0,34.23,0.1652
2218,W2C,10,7.194,0.0,0,33.31,0.1564
2219,N2C,9,7.7554,11.0,2,30.89,0.1617
2219,S2C,8,8.2059,7.0,2,29.2,0.1465
2219,E2C,11,8.2529,0.0,0,29.03,0.1472
2219,W2C,11,8.3717,0.0,0,28.62,0.1455
2220,N2C,9,7.6214,14.0,3,31.44,0.1716
2220,S2C,8,7.7551,9.0,2,30.9,0.1543
2220,E2C,10,8.8599,0.0,0,27.04,0.1324
2220,W2C,9,9.7049,0.0,0,24.69,0.1143
2221,N2C,9,6.9352,17.0,3,34.55,0.1835
2221,S2C,8,7.7916,12.0,3,30.75,0.1618
2221,E2C,9,9.3149,0.0,0,25.72,0.1199
2221,W2C,9,10.1641,0.0,0,23.57,0.1076
2222,N2C,9,6.4474,20.0,3,37.16,0.1925
2222,S2C,8,7.7226,15.0,3,31.03,0.1648
2222,E2C,8,10.673,0.0,0,22.45,0.0943
2222,W2C,7,11.2828,0.0,0,21.24,0.0795
2223,N2C,10,6.7734,24.0,4,35.37,0.2025
2223,S2C,9,8.1986,18.0,3,29.22,0.1659
2223,E2C,8,11.6998,0.0,0,20.48,0.0795
2223,W2C,8,11.6327,0.0,0,20.6,0.0805
2224,N2C,10,6.4914,28.0,4,36.91,0.2092
2224,S2C,9,7.4156,21.0,3,32.31,0.1792
2224,E2C,7,12.2532,0.0,0,19.55,0.0656
2224,W2C,6,12.413,0.0,0,19.3,0.0573
2225,N2C,10,6.3149,33.0,5,37.94,0.2211
2225,S2C,9,6.5106,24.0,3,36.8,0.1943
2225,E2C,6,12.3006,0.0,0,19.48,0.0589
2225,W2C,6,11.8615,0.0,0,20.2,0.0652
2226,N2C,11,6.7863,38.0,5,35.31,0.2236
2226,S2C,10,6.5252,27.0,3,36.72,0.202
2226,E2C,6,13.2218,0.0,0,18.12,0.0456
2226,W2C,6,12.3623,0.0,0,19.38,0.058
2227,N2C,11,6.2428,43.0,5,38.38,0.2348
2227,S2C,10,6.1677,31.0,4,38.85,0.2159
2227,E2C,6,12.7815,0.0,0,18.75,0.052
2227,W2C,6,12.16,0.0,0,19.7,0.0609
2228,N2C,11,6.1199,48.0,5,39.15,0.2399
2228,S2C,10,6.3251,36.0,5,37.88,0.2229
2228,E2C,5,12.7549,0.0,0,18.78,0.0463
2228,W2C,6,12.3014,0.0,0,19.48,0.0589
2229,N2C,11,5.3883,53.0,5,44.47,0.2537
2229,S2C,10,6.0743,41.0,5,39.44,0.2299
2229,E2C,5,13.0509,0.0,0,18.36,0.0421
2229,W2C,6,12.2372,0.0,0,19.58,0.0598
2230,N2C,12,5.538,58.0,5,43.26,0.2609
2230,S2C,11,6.5333,46.0,5,36.67,0.2326
2230,E2C,5,13.1268,0.0,0,18.25,0.041
2230,W2C,5,12.6103,0.0,0,19.0,0.0484
2231,N2C,12,5.0226,63.0,5,47.7,0.2717
2231,S2C,11,5.6266,51.0,5,42.58,0.249
2231,E2C,5,13.0122,0.0,0,18.41,0.0426
2231,W2C,5,12.7457,0.0,0,18.8,0.0465
2232,N2C,12,4.6362,70.0,7,51.68,0.2939
2232,S2C,11,5.1363,56.0,5,46.65,0.2594
2232,E2C,5,12.858,0.0,0,18.63,0.0449
2232,W2C,5,12.3682,0.0,0,19.37,0.0519
2233,N2C,13,5.0375,77.0,7,47.56,0.2988
2233,S2C,12,5.2489,61.0,5,45.65,0.2671
2233,E2C,6,13.1289,0.0,0,18.25,0.047
2233,W2C,5,12.7212,0.0,0,18.83,0.0468
2234,N2C,13,4.6043,85.0,8,52.04,0.3164
2234,S2C,12,5.1726,67.0,6,46.32,0.2782
2234,E2C,6,13.3281,0.0,0,17.98,0.0441
2234,W2C,5,12.6402,0.0,0,18.96,0.048
2235,N2C,13,4.2832,93.0,8,55.94,0.3263
2235,S2C,12,5.0857,74.0,7,47.11,0.2901
2235,E2C,5,13.177,0.0,0,18.18,0.0403
2235,W2C,5,12.4407,0.0,0,19.26,0.0509
2236,N2C,13,4.088,101.0,8,58.61,0.3345
2236,S2C,12,5.069,81.0,7,47.27,0.295
2236,E2C,5,13.0021,0.0,0,18.43,0.0428
2236,W2C,5,12.4396,0.0,0,19.26,0.0509
2237,N2C,14,4.6769,109.0,8,51.23,0.3373
2237,S2C,13,5.7255,88.0,7,41.85,0.2962
2237,E2C,4,13.1639,0.0,0,18.2,0.0345
2237,W2C,4,11.912,0.0,0,20.11,0.0525
2238,N2C,14,4.4008,118.0,9,54.44,0.3533
2238,S2C,13,5.576,95.0,7,42.97,0.303
2238,E2C,5,13.282,0.0,0,18.04,0.0388
2238,W2C,5,12.5931,0.0,0,19.03,0.0487
2239,N2C,14,4.0548,127.0,9,59.09,0.3643
2239,S2C,13,5.2947,102.0,7,45.25,0.3118
2239,E2C,5,13.2106,0.0,0,18.14,0.0398
2239,W2C,5,12.1892,0.0,0,19.66,0.0545
2240,N2C,14,3.7921,136.0,9,63.18,0.3741
2240,S2C,13,4.7525,109.0,7,50.42,0.3242
2240,E2C,5,12.859,0.0,0,18.63,0.0448
2240,W2C,5,11.7783,0.0,0,20.34,0.0604
2241,N2C,15,4.3646,146.0,10,54.9,0.3845
2241,S2C,14,4.9405,117.0,8,48.5,0.3389
2241,E2C,5,13.0146,0.0,0,18.41,0.0426
2241,W2C,6,12.2349,0.0,0,19.58,0.0598
2242,N2C,15,4.3323,156.0,10,55.31,0.3916
2242,S2C,14,4.3113,125.0,8,55.57,0.3533
2242,E2C,5,12.9041,0.0,0,18.57,0.0442
2242,W2C,6,12.3266,0.0,0,19.44,0.0585
2243,N2C,15,4.2158,166.0,10,56.83,0.4
2243,S2C,14,3.9187,133.0,8,61.14,0.3642
2243,E2C,5,12.3944,0.0,0,19.33,0.0515
2243,W2C,6,11.8951,0.0,0,20.14,0.0647
2244,N2C,16,4.4284,176.0,10,54.11,0.4096
2244,S2C,15,4.2883,142.0,9,55.87,0.3769
2244,E2C,6,11.8872,0.0,0,20.16,0.0648
2244,W2C,6,11.5433,0.0,0,20.76,0.0698
2245,N2C,14,4.3906,123.0,8,54.57,0.3508
2245,S2C,13,4.5241,93.0,8,52.96,0.3229
2245,E2C,6,11.2631,0.0,0,21.27,0.0738
2245,W2C,7,10.6367,0.0,0,22.53,0.0888
2246,N2C,14,4.2831,80.0,6,55.94,0.3117
2246,S2C,13,4.5207,56.0,6,53.0,0.2862
2246,E2C,6,10.7113,0.0,0,22.37,0.0818
2246,W2C,7,9.4621,1.0,1,25.32,0.1124
2247,N2C,14,4.1666,48.0,5,57.5,0.286
2247,S2C,13,4.6441,27.0,4,51.59,0.2531
2247,E2C,6,10.2231,1.0,1,23.44,0.0955
2247,W2C,7,9.3358,2.0,1,25.66,0.1149
2248,N2C,14,5.1109,21.0,3,46.88,0.2424
2248,S2C,13,5.8811,9.0,2,40.74,0.2113
2248,E2C,7,10.3377,2.0,1,23.18,0.1005
2248,W2C,8,9.8754,3.0,1,24.26,0.1138
2249,N2C,13,5.1814,4.0,2,46.24,0.2181
2249,S2C,12,6.6383,1.0,1,36.09,0.1831
2249,E2C,7,9.9494,3.0,1,24.08,0.1067
2249,W2C,8,9.1186,5.0,2,26.28,0.132
2250,N2C,13,5.7163,0.0,0,41.92,0.1957
2250,S2C,11,7.1834,0.0,0,33.35,0.1626
2250,E2C,7,8.7736,4.0,1,27.31,0.1243
2250,W2C,8,8.5389,7.0,2,28.06,0.1417
2251,N2C,12,6.8254,0.0,0,35.1,0.1737
2251,S2C,11,7.9183,0.0,0,30.26,0.152
2251,E2C,8,8.8248,6.0,2,27.15,0.1369
2251,W2C,9,8.1949,9.0,2,29.24,0.154
2252,N2C,12,7.2251,0.0,0,33.16,0.168
2252,S2C,10,8.167,0.0,0,29.34,0.1424
2252,E2C,8,8.0224,8.0,2,29.87,0.1498
2252,W2C,9,7.6216,11.0,2,31.44,0.1636
2253,N2C,10,8.0638,0.0,0,29.71,0.1439
2253,S2C,9,8.7056,0.0,0,27.52,0.1286
2253,E2C,8,8.2104,11.0,3,29.18,0.1551
2253,W2C,9,7.4457,13.0,2,32.18,0.1675
2254,N2C,10,8.6632,0.0,0,27.66,0.1353
2254,S2C,9,9.6487,0.0,0,24.83,0.1151
2254,E2C,8,8.0082,14.0,3,29.92,0.16
2254,W2C,9,7.2195,16.0,3,33.19,0.1787
2255,N2C,9,9.7365,0.0,0,24.61,0.1138
2255,S2C,8,10.6375,0.0,0,22.52,0.0948
2255,E2C,9,8.6659,17.0,3,27.65,0.1586
2255,W2C,10,7.6314,20.0,4,31.4,0.1874
2256,N2C,9,10.4275,0.0,0,22.98,0.1039
2256,S2C,8,11.4875,0.0,0,20.86,0.0826
2256,E2C,9,8.4696,20.0,3,28.29,0.1634
2256,W2C,10,7.2237,24.0,4,33.17,0.196
2257,N2C,7,11.0677,0.0,0,21.65,0.0826
2257,S2C,6,12.2074,0.0,0,19.63,0.0602
2257,E2C,9,7.8705,23.0,3,30.44,0.174
2257,W2C,10,6.6273,28.0,4,36.15,0.2072
2258,N2C,7,11.8911,0.0,0,20.15,0.0708
2258,S2C,6,12.6557,0.0,0,18.93,0.0538
2258,E2C,9,7.2783,26.0,3,32.92,0.1845
2258,W2C,10,5.9144,32.0,4,40.51,0.2202
2259,N2C,6,12.6737,0.0,0,18.91,0.0535
2259,S2C,5,13.2518,0.0,0,18.08,0.0392
2259,E2C,10,7.31,29.0,3,32.78,0.1921
2259,W2C,11,5.9608,37.0,5,40.2,0.2348
2260,N2C,6,12.7098,0.0,0,18.85,0.053
2260,S2C,5,13.0217,0.0,0,18.4,0.0425
2260,E2C,10,6.801,32.0,3,35.23,0.2014
2260,W2C,11,5.8109,42.0,5,41.23,0.2403
2261,N2C,5,13.1737,0.0,0,18.19,0.0403
2261,S2C,5,12.9967,0.0,0,18.44,0.0429
2261,E2C,10,5.936,36.0,4,40.36,0.2225
2261,W2C,11,5.3489,48.0,6,44.79,0.257
2262,N2C,6,12.8473,0.0,0,18.65,0.051
2262,S2C,5,13.3838,0.0,0,17.9,0.0373
2262,E2C,11,6.1252,41.0,5,39.12,0.2351
2262,W2C,12,5.6907,54.0,6,42.1,0.2621
2263,N2C,6,13.082,0.0,0,18.32,0.0476
2263,S2C,5,13.0494,0.0,0,18.36,0.0421
2263,E2C,11,5.8259,46.0,5,41.13,0.2428
2263,W2C,12,5.2229,60.0,6,45.88,0.2728
2264,N2C,5,12.9593,0.0,0,18.49,0.0434
2264,S2C,5,13.0642,0.0,0,18.34,0.0419
2264,E2C,11,5.5553,51.0,5,43.13,0.25
2264,W2C,12,4.8943,67.0,7,48.95,0.2882
2265,N2C,5,13.1927,0.0,0,18.16,0.04
2265,S2C,5,13.0291,0.0,0,18.39,0.0424
2265,E2C,11,4.9722,56.0,5,48.19,0.2617
2265,W2C,12,4.5907,74.0,7,52.19,0.2972
2266,N2C,4,13.1279,0.0,0,18.25,0.035
2266,S2C,4,13.1399,0.0,0,18.23,0.0348
2266,E2C,12,5.38,62.0,6,44.54,0.2719
2266,W2C,13,4.7386,81.0,7,50.56,0.3058
2267,N2C,5,13.2928,0.0,0,18.02,0.0386
2267,S2C,5,13.0249,0.0,0,18.4,0.0425
2267,E2C,12,4.9758,68.0,6,48.15,0.2817
2267,W2C,13,4.2135,89.0,8,56.87,0.3247
2268,N2C,5,13.4127,0.0,0,17.86,0.0369
2268,S2C,5,12.7657,0.0,0,18.77,0.0462
2268,E2C,12,4.5838,74.0,6,52.27,0.2913
2268,W2C,13,3.9501,97.0,8,60.66,0.3338
2269,N2C,5,12.9364,0.0,0,18.52,0.0437
2269,S2C,5,12.6795,0.0,0,18.9,0.0474
2269,E2C,13,5.0551,81.0,7,47.4,0.3012
2269,W2C,14,4.5025,105.0,8,53.21,0.3372
2270,N2C,5,12.6884,0.0,0,18.88,0.0473
2270,S2C,5,12.2359,0.0,0,19.58,0.0538
2270,E2C,13,4.7723,88.0,7,50.21,0.31
2270,W2C,14,4.4227,114.0,9,54.18,0.3503
2271,N2C,5,12.9278,0.0,0,18.53,0.0439
2271,S2C,5,12.5901,0.0,0,19.03,0.0487
2271,E2C,13,4.4733,96.0,8,53.56,0.3256
2271,W2C,14,4.1719,123.0,9,57.43,0.3599
2272,N2C,5,13.078,0.0,0,18.32,0.0417
2272,S2C,5,12.6714,0.0,0,18.91,0.0475
2272,E2C,13,4.2141,104.0,8,56.86,0.3347
2272,W2C,14,3.8281,132.0,9,62.59,0.3709
2273,N2C,5,13.1877,0.0,0,18.17,0.0401
2273,S2C,5,12.5383,0.0,0,19.11,0.0495
2273,E2C,14,4.3913,112.0,8,54.56,0.3434
2273,W2C,15,4.2817,141.0,9,55.96,0.3763
2274,N2C,5,13.02,0.0,0,18.4,0.0425
2274,S2C,5,12.5574,0.0,0,19.08,0.0492
2274,E2C,14,4.4474,121.0,9,53.87,0.3546
2274,W2C,15,4.2216,150.0,9,56.76,0.3832
2275,N2C,5,12.8781,0.0,0,18.61,0.0446
2275,S2C,5,12.7125,0.0,0,18.85,0.047
2275,E2C,14,4.5574,130.0,9,52.57,0.359
2275,W2C,15,4.1832,160.0,10,57.28,0.3964
2276,N2C,5,12.3751,0.0,0,19.36,0.0518
2276,S2C,5,12.445,0.0,0,19.25,0.0508
2276,E2C,14,4.364,139.0,9,54.9,0.3678
2276,W2C,15,4.1095,170.0,10,58.3,0.4042
2277,N2C,6,11.9913,0.0,0,19.98,0.0633
2277,S2C,6,12.1172,0.0,0,19.77,0.0615
2277,E2C,15,4.43,148.0,9,54.09,0.3789
2277,W2C,16,4.5247,180.0,10,52.95,0.4108
2278,N2C,6,10.9872,0.0,0,21.81,0.0778
2278,S2C,6,11.302,0.0,0,21.2,0.0733
2278,E2C,13,4.5396,97.0,7,52.78,0.3193
2278,W2C,14,4.5968,127.0,8,52.12,0.3505
2279,N2C,6,10.4238,0.0,0,22.99,0.0859
2279,S2C,6,10.0157,0.0,0,23.92,0.0918
2279,E2C,13,4.3211,58.0,5,55.45,0.2844
2279,W2C,14,4.3002,84.0,6,55.72,0.3141
2280,N2C,7,10.7655,0.0,0,22.26,0.087
2280,S2C,7,9.7314,0.0,0,24.62,0.1019
2280,E2C,14,5.2548,30.0,4,45.6,0.2523
2280,W2C,15,4.9583,48.0,4,48.32,0.2746
2281,N2C,7,10.3728,1.0,1,23.1,0.0993
2281,S2C,7,9.1389,1.0,1,26.22,0.1171
2281,E2C,12,5.6084,10.0,2,42.72,0.2099
2281,W2C,14,5.2981,20.0,3,45.22,0.239
2282,N2C,7,9.5435,2.0,1,25.11,0.1119
2282,S2C,7,8.8197,2.0,1,27.17,0.1223
2282,E2C,12,5.5779,1.0,1,42.96,0.1984
2282,W2C,13,5.3749,3.0,2,44.58,0.2146
2283,N2C,7,9.4601,4.0,2,25.33,0.1205
2283,S2C,7,8.5507,4.0,2,28.02,0.1335
2283,E2C,12,5.7284,0.0,0,41.83,0.1895
2283,W2C,13,5.3882,0.0,0,44.47,0.2004
2284,N2C,8,9.0823,6.0,2,26.38,0.1332
2284,S2C,8,9.2622,6.0,2,25.87,0.1306
2284,E2C,11,6.7683,0.0,0,35.4,0.1685
2284,W2C,12,6.5205,0.0,0,36.75,0.1781
2285,N2C,8,8.3896,8.0,2,28.56,0.1445
2285,S2C,8,8.8281,8.0,2,27.14,0.1382
2285,E2C,11,7.3425,0.0,0,32.63,0.1603
2285,W2C,12,6.9744,0.0,0,34.35,0.1716
2286,N2C,8,8.096,10.0,2,29.59,0.1501
2286,S2C,8,8.3083,10.0,2,28.84,0.147
2286,E2C,9,8.3054,0.0,0,28.85,0.1344
2286,W2C,10,7.7351,0.0,0,30.98,0.1486
2287,N2C,9,8.4874,13.0,3,28.23,0.1585
2287,S2C,9,8.5045,12.0,2,28.17,0.1515
2287,E2C,10,9.3794,0.0,0,25.55,0.1249
2287,W2C,11,8.7234,0.0,0,27.47,0.1404
2288,N2C,9,8.1497,16.0,3,29.4,0.1653
2288,S2C,9,8.3084,14.0,2,28.84,0.1557
2288,E2C,8,10.405,0.0,0,23.03,0.0982
2288,W2C,10,9.0872,0.0,0,26.37,0.1292
2289,N2C,9,7.3152,19.0,3,32.75,0.1793
2289,S2C,9,7.6995,16.0,2,31.12,0.1658
2289,E2C,8,10.7102,0.0,0,22.37,0.0938
2289,W2C,9,10.1899,0.0,0,23.51,0.1073
2290,N2C,9,6.4351,22.0,3,37.23,0.194
2290,S2C,9,7.1726,19.0,3,33.4,0.1814
2290,E2C,6,11.5567,0.0,0,20.73,0.0696
2290,W2C,8,10.5546,0.0,0,22.7,0.096
2291,N2C,10,6.482,26.0,4,36.96,0.208
2291,S2C,10,7.6178,22.0,3,31.45,0.183
2291,E2C,7,12.2195,0.0,0,19.61,0.0661
2291,W2C,8,11.6784,0.0,0,20.52,0.0798
2292,N2C,10,6.1726,30.0,4,38.82,0.2151
2292,S2C,10,7.0008,26.0,4,34.22,0.2005
2292,E2C,6,12.4643,0.0,0,19.22,0.0565
2292,W2C,7,12.0969,0.0,0,19.81,0.0678
2293,N2C,10,6.0342,35.0,5,39.71,0.2264
2293,S2C,10,6.506,30.0,4,36.83,0.2103
2293,E2C,6,12.4938,0.0,0,19.18,0.0561
2293,W2C,6,12.7828,0.0,0,18.74,0.0519
2294,N2C,10,5.6038,40.0,5,42.76,0.236
2294,S2C,10,6.0734,34.0,4,39.45,0.2192
2294,E2C,6,12.2029,0.0,0,19.63,0.0603
2294,W2C,5,12.8804,0.0,0,18.6,0.0445
2295,N2C,11,5.8685,45.0,5,40.83,0.2415
2295,S2C,11,6.4601,38.0,4,37.09,0.2223
2295,E2C,6,12.901,0.0,0,18.57,0.0502
2295,W2C,5,13.1214,0.0,0,18.26,0.0411
2296,N2C,11,5.2788,51.0,6,45.39,0.26
2296,S2C,11,5.9616,43.0,5,40.19,0.2388
2296,E2C,5,12.4235,0.0,0,19.29,0.0511
2296,W2C,5,12.9061,0.0,0,18.56,0.0442
2297,N2C,11,4.9639,57.0,6,48.27,0.2685
2297,S2C,11,5.7184,48.0,5,41.9,0.2457
2297,E2C,5,12.5229,0.0,0,19.13,0.0497
2297,W2C,5,13.1912,0.0,0,18.16,0.0401
2298,N2C,12,5.1378,63.0,6,46.63,0.276
2298,S2C,12,6.0481,53.0,5,39.62,0.2502
2298,E2C,6,12.783,0.0,0,18.74,0.0519
2298,W2C,5,12.5857,0.0,0,19.04,0.0488
2299,N2C,12,5.2217,69.0,6,45.89,0.2788
2299,S2C,12,5.78,59.0,6,41.45,0.2641
2299,E2C,5,12.8496,0.0,0,18.65,0.045
2299,W2C,5,12.3239,0.0,0,19.44,0.0525
2300,N2C,12,5.2091,76.0,7,46.0,0.2897
2300,S2C,12,5.0312,65.0,6,47.62,0.2789
2300,E2C,5,12.6472,0.0,0,18.94,0.0479
2300,W2C,5,12.4109,0.0,0,19.31,0.0513
2301,N2C,12,5.2596,83.0,7,45.55,0.2936
2301,S2C,12,4.6578,72.0,7,51.44,0.2949
2301,E2C,5,12.9809,0.0,0,18.46,0.0431
2301,W2C,5,12.7124,0.0,0,18.85,0.047
2302,N2C,13,5.7617,90.0,7,41.58,0.297
2302,S2C,13,5.1605,79.0,7,46.43,0.2984
2302,E2C,6,12.8565,0.0,0,18.64,0.0509
2302,W2C,6,12.6639,0.0,0,18.92,0.0537
2303,N2C,13,5.2456,97.0,7,45.68,0.3091
2303,S2C,13,4.6754,86.0,7,51.25,0.31
2303,E2C,5,12.7703,0.0,0,18.76,0.0461
2303,W2C,5,12.7164,0.0,0,18.84,0.0469
2304,N2C,13,4.5783,104.0,7,52.33,0.3234
2304,S2C,13,4.4048,94.0,8,54.39,0.3252
2304,E2C,5,12.602,0.0,0,19.01,0.0485
2304,W2C,5,12.6548,0.0,0,18.93,0.0478
2305,N2C,14,4.6428,111.0,7,51.61,0.3331
2305,S2C,14,4.7759,102.0,8,50.17,0.3312
2305,E2C,5,12.6955,0.0,0,18.87,0.0472
2305,W2C,5,12.606,0.0,0,19.01,0.0485
2306,N2C,14,4.5354,118.0,7,52.83,0.3394
2306,S2C,14,4.6551,110.0,8,51.47,0.3383
2306,E2C,5,12.8748,0.0,0,18.61,0.0446
2306,W2C,5,12.6079,0.0,0,19.0,0.0485
2307,N2C,14,4.5787,127.0,9,52.33,0.3567
2307,S2C,14,4.522,119.0,9,52.99,0.3522
2307,E2C,5,12.769,0.0,0,18.76,0.0461
2307,W2C,5,12.5304,0.0,0,19.12,0.0496
2308,N2C,14,4.54,136.0,9,52.78,0.3633
2308,S2C,14,4.3105,128.0,9,55.58,0.3613
2308,E2C,5,12.7468,0.0,0,18.8,0.0465
2308,W2C,5,12.4502,0.0,0,19.24,0.0507
2309,N2C,15,4.8024,145.0,9,49.89,0.3715
2309,S2C,15,4.7261,137.0,9,50.7,0.3673
2309,E2C,6,12.7582,0.0,0,18.78,0.0523
2309,W2C,6,12.2903,0.0,0,19.5,0.059
2310,N2C,15,4.4219,154.0,9,54.18,0.383
2310,S2C,15,4.0613,146.0,9,59.0,0.3829
2310,E2C,6,11.789,0.0,0,20.32,0.0663
2310,W2C,6,11.4609,0.0,0,20.91,0.071
2311,N2C,13,4.3619,103.0,7,54.93,0.3259
2311,S2C,13,4.3865,96.0,8,54.62,0.3268
2311,E2C,6,11.2371,0.0,0,21.32,0.0742
2311,W2C,6,10.798,0.0,0,22.19,0.0805
2312,N2C,13,4.3115,64.0,7,55.57,0.3006
2312,S2C,13,4.1816,60.0,6,57.3,0.2938
2312,E2C,6,10.862,0.0,0,22.06,0.0796
2312,W2C,6,10.4435,0.0,0,22.94,0.0856
2313,N2C,14,4.9522,32.0,5,48.38,0.264
2313,S2C,14,5.0378,33.0,4,47.56,0.2575
2313,E2C,7,11.2393,0.0,0,21.32,0.0802
2313,W2C,7,10.1461,0.0,0,23.61,0.0959
2314,N2C,13,5.3476,14.0,3,44.81,0.2283
2314,S2C,12,5.3118,12.0,2,45.11,0.2155
2314,E2C,7,10.4996,1.0,1,22.82,0.0975
2314,W2C,7,9.4594,1.0,1,25.33,0.1125
2315,N2C,12,5.7037,4.0,1,42.01,0.1985
2315,S2C,12,5.8382,1.0,1,41.04,0.1946
2315,E2C,7,9.713,2.0,1,24.67,0.1095
2315,W2C,7,8.9882,2.0,1,26.66,0.1199
2316,N2C,12,6.9343,0.0,0,34.55,0.1722
2316,S2C,12,6.884,0.0,0,34.81,0.1729
2316,E2C,8,9.4071,3.0,1,25.47,0.1205
2316,W2C,8,9.5938,3.0,1,24.97,0.1179
2317,N2C,11,7.3233,0.0,0,32.72,0.1606
2317,S2C,11,7.4372,0.0,0,32.22,0.1589
2317,E2C,8,8.9152,4.0,1,26.88,0.1283
2317,W2C,8,9.335,4.0,1,25.67,0.1223
2318,N2C,11,7.8745,0.0,0,30.43,0.1526
2318,S2C,10,7.907,0.0,0,30.3,0.1461
2318,E2C,8,8.1268,5.0,1,29.48,0.1403
2318,W2C,8,9.5506,6.0,2,25.09,0.1265
2319,N2C,9,8.7051,0.0,0,27.52,0.1287
2319,S2C,9,8.587,0.0,0,27.9,0.1304
2319,E2C,8,7.8416,8.0,3,30.56,0.1584
2319,W2C,8,8.6694,8.0,2,27.64,0.1405
2320,N2C,10,9.9016,0.0,0,24.2,0.1174
2320,S2C,9,9.4689,0.0,0,25.3,0.1177
2320,E2C,9,7.9195,11.0,3,30.25,0.1653
2320,W2C,9,8.3062,10.0,2,28.85,0.1531
2321,N2C,8,10.4802,0.0,0,22.86,0.0971
2321,S2C,8,10.132,0.0,0,23.65,0.1021
2321,E2C,9,7.1004,14.0,3,33.74,0.1791
2321,W2C,9,7.1714,13.0,3,33.41,0.1774
2322,N2C,7,11.1135,0.0,0,21.56,0.082
2322,S2C,7,10.7513,0.0,0,22.29,0.0872
2322,E2C,9,6.4497,18.0,4,37.15,0.1971
2322,W2C,9,6.6854,16.0,3,35.84,0.1864
2323,N2C,7,11.9306,0.0,0,20.08,0.0702
2323,S2C,7,11.7554,0.0,0,20.38,0.0727
2323,E2C,10,6.8235,22.0,4,35.11,0.2004
2323,W2C,10,6.9804,20.0,4,34.32,0.1968
2324,N2C,6,12.5164,0.0,0,19.14,0.0558
2324,S2C,6,12.2651,0.0,0,19.54,0.0594
2324,E2C,10,6.5667,26.0,4,36.49,0.2068
2324,W2C,10,6.4842,24.0,4,36.95,0.2066
2325,N2C,5,12.9116,0.0,0,18.56,0.0441
2325,S2C,5,12.417,0.0,0,19.3,0.0512
2325,E2C,10,6.4061,30.0,4,37.4,0.2118
2325,W2C,10,6.4262,29.0,5,37.28,0.2168
2326,N2C,5,12.624,0.0,0,18.98,0.0482
2326,S2C,5,12.4733,0.0,0,19.21,0.0504
2326,E2C,10,5.8885,35.0,5,40.69,0.2285
2326,W2C,10,5.8897,34.0,5,40.68,0.2279
2327,N2C,5,12.9647,0.0,0,18.48,0.0433
2327,S2C,5,12.6059,0.0,0,19.01,0.0485
2327,E2C,11,6.3031,40.0,5,38.01,0.2319
2327,W2C,11,6.2962,39.0,5,38.05,0.2313
2328,N2C,5,12.3785,0.0,0,19.36,0.0518
2328,S2C,5,12.4905,0.0,0,19.18,0.0502
2328,E2C,11,5.9617,45.0,5,40.19,0.2402
2328,W2C,11,5.8795,44.0,5,40.75,0.2407
2329,N2C,5,12.6906,0.0,0,18.88,0.0473
2329,S2C,5,12.3452,0.0,0,19.41,0.0522
2329,E2C,11,5.9173,50.0,5,40.49,0.2441
2329,W2C,11,5.78,50.0,6,41.45,0.2521
2330,N2C,5,13.0377,0.0,0,18.38,0.0423
2330,S2C,5,12.6406,0.0,0,18.95,0.048
2330,E2C,11,5.7231,56.0,6,41.87,0.2569
2330,W2C,11,5.6612,56.0,6,42.32,0.2578
2331,N2C,5,12.6685,0.0,0,18.91,0.0476
2331,S2C,5,12.7238,0.0,0,18.83,0.0468
2331,E2C,12,5.8594,62.0,6,40.89,0.265
2331,W2C,12,6.0728,62.0,6,39.45,0.2619
2332,N2C,5,12.5881,0.0,0,19.03,0.0487
2332,S2C,5,12.482,0.0,0,19.2,0.0503
2332,E2C,12,4.9086,69.0,7,48.81,0.2893
2332,W2C,12,5.3604,68.0,6,44.7,0.2761
2333,N2C,5,12.7371,0.0,0,18.81,0.0466
2333,S2C,5,12.5168,0.0,0,19.14,0.0498
2333,E2C,12,4.5682,76.0,7,52.45,0.2989
2333,W2C,12,4.8519,74.0,6,49.38,0.2875
2334,N2C,5,12.9318,0.0,0,18.53,0.0438
2334,S2C,6,12.5845,0.0,0,19.04,0.0548
2334,E2C,13,5.1466,83.0,7,46.56,0.3012
2334,W2C,13,4.9612,80.0,6,48.29,0.2959
2335,N2C,5,12.7065,0.0,0,18.86,0.047
2335,S2C,6,12.1839,0.0,0,19.67,0.0606
2335,E2C,13,4.8264,90.0,7,49.64,0.3105
2335,W2C,13,4.7253,87.0,7,50.71,0.31
2336,N2C,5,12.6995,0.0,0,18.87,0.0471
2336,S2C,6,12.2358,0.0,0,19.58,0.0598
2336,E2C,13,4.5731,98.0,8,52.39,0.3255
2336,W2C,13,4.459,95.0,8,53.73,0.3251
2337,N2C,5,12.4581,0.0,0,19.23,0.0506
2337,S2C,5,12.2804,0.0,0,19.51,0.0532
2337,E2C,13,4.1825,106.0,8,57.29,0.3364
2337,W2C,13,3.9901,103.0,8,60.05,0.3372
2338,N2C,6,12.9001,0.0,0,18.57,0.0503
2338,S2C,5,12.4566,0.0,0,19.23,0.0506
2338,E2C,14,4.5902,114.0,8,52.2,0.3419
2338,W2C,14,4.4831,111.0,8,53.45,0.3414
2339,N2C,5,12.602,0.0,0,19.01,0.0485
2339,S2C,5,13.0933,0.0,0,18.3,0.0415
2339,E2C,14,4.1964,122.0,8,57.1,0.3529
2339,W2C,14,4.0466,119.0,8,59.21,0.3531
2340,N2C,5,12.4571,0.0,0,19.23,0.0506
2340,S2C,5,12.721,0.0,0,18.84,0.0468
2340,E2C,14,3.9205,131.0,9,61.11,0.3689
2340,W2C,14,3.9276,128.0,9,61.0,0.3668
2341,N2C,6,12.7657,0.0,0,18.77,0.0522
2341,S2C,6,12.8119,0.0,0,18.7,0.0515
2341,E2C,15,4.4069,141.0,10,54.37,0.3805
2341,W2C,15,4.2007,138.0,10,57.04,0.3815
2342,N2C,6,12.3386,0.0,0,19.42,0.0583
2342,S2C,6,12.7624,0.0,0,18.77,0.0522
2342,E2C,15,4.1789,151.0,10,57.34,0.3905
2342,W2C,15,3.8564,148.0,10,62.13,0.3931
2343,N2C,6,12.1363,0.0,0,19.74,0.0613
2343,S2C,6,11.9482,0.0,0,20.05,0.064
2343,E2C,15,3.8211,161.0,10,62.7,0.4023
2343,W2C,15,3.6366,158.0,10,65.89,0.403
2344,N2C,6,11.1002,0.0,0,21.59,0.0762
2344,S2C,6,11.3141,0.0,0,21.18,0.0731
2344,E2C,13,4.0701,114.0,8,58.87,0.3434
2344,W2C,13,4.0319,110.0,8,59.43,0.3413
2345,N2C,7,10.2326,1.0,1,23.42,0.1013
2345,S2C,7,10.5734,1.0,1,22.66,0.0964
2345,E2C,14,4.8725,71.0,6,49.17,0.2972
2345,W2C,14,4.6644,71.0,7,51.37,0.3062
2346,N2C,7,9.7423,2.0,1,24.59,0.1091
2346,S2C,7,9.7736,2.0,1,24.52,0.1086
2346,E2C,14,5.2066,39.0,4,46.02,0.259
2346,W2C,14,4.7124,38.0,5,50.84,0.2715
2347,N2C,7,9.1387,3.0,1,26.22,0.1184
2347,S2C,7,9.2261,4.0,2,25.97,0.1238
2347,E2C,13,5.4355,16.0,3,44.08,0.2284
2347,W2C,12,5.0781,18.0,3,47.18,0.2289
2348,N2C,7,9.1817,5.0,2,26.1,0.1251
2348,S2C,7,8.9185,6.0,2,26.87,0.1296
2348,E2C,12,5.3631,2.0,1,44.68,0.2021
2348,W2C,12,5.2642,4.0,1,45.51,0.2049
2349,N2C,8,9.4249,7.0,2,25.42,0.129
2349,S2C,8,9.0102,8.0,2,26.59,0.1356
2349,E2C,13,6.0864,0.0,0,39.37,0.1904
2349,W2C,12,6.4573,0.0,0,37.11,0.179
2350,N2C,8,9.0771,9.0,2,26.4,0.1353
2350,S2C,8,8.2801,10.0,2,28.94,0.1474
2350,E2C,11,6.715,0.0,0,35.68,0.1693
2350,W2C,11,7.2816,0.0,0,32.9,0.1612
2351,N2C,8,8.0465,11.0,2,29.78,0.1515
2351,S2C,8,8.3299,12.0,2,28.76,0.1481
2351,E2C,11,7.5728,0.0,0,31.64,0.157
2351,W2C,11,8.3544,0.0,0,28.68,0.1457
2352,N2C,9,8.1632,13.0,2,29.35,0.1571
2352,S2C,9,8.3223,14.0,2,28.79,0.1555
2352,E2C,10,8.7018,0.0,0,27.53,0.1347
2352,W2C,10,9.3216,0.0,0,25.7,0.1258
2353,N2C,9,7.6602,15.0,2,31.28,0.1657
2353,S2C,9,7.8443,17.0,3,30.54,0.1704
2353,E2C,10,9.2703,0.0,0,25.85,0.1265
2353,W2C,10,9.6278,0.0,0,24.89,0.1214
2354,N2C,9,7.3219,18.0,3,32.72,0.1786
2354,S2C,9,7.5866,20.0,3,31.58,0.1761
2354,E2C,8,10.2818,0.0,0,23.3,0.1
2354,W2C,8,10.1518,0.0,0,23.6,0.1018
2355,N2C,9,6.6022,21.0,3,36.29,0.1909
2355,S2C,9,7.038,23.0,3,34.04,0.186
2355,E2C,8,10.6091,0.0,0,22.58,0.0952
2355,W2C,7,10.9903,0.0,0,21.8,0.0838
2356,N2C,10,6.9609,24.0,3,34.42,0.1938
2356,S2C,10,7.4697,27.0,4,32.08,0.1944
2356,E2C,7,11.5246,0.0,0,20.79,0.0761
2356,W2C,7,11.8131,0.0,0,20.28,0.0719
2357,N2C,10,6.1676,28.0,4,38.85,0.2139
2357,S2C,10,6.859,31.0,4,34.93,0.2059
2357,E2C,7,12.2473,0.0,0,19.56,0.0657
2357,W2C,6,11.8056,0.0,0,20.3,0.066
2358,N2C,10,5.795,32.0,4,41.35,0.2219
2358,S2C,10,6.1695,35.0,4,38.84,0.2185
2358,E2C,5,12.9959,0.0,0,18.44,0.0429
2358,W2C,5,11.859,0.0,0,20.2,0.0592
2359,N2C,11,6.2531,37.0,5,38.32,0.2306
2359,S2C,11,6.5366,39.0,4,36.66,0.2219
2359,E2C,6,12.8326,0.0,0,18.67,0.0512
2359,W2C,5,12.3449,0.0,0,19.41,0.0522
2360,N2C,11,5.8834,42.0,5,40.72,0.2393
2360,S2C,11,6.3019,44.0,5,38.02,0.2346
2360,E2C,5,12.6875,0.0,0,18.88,0.0473
2360,W2C,5,11.9844,0.0,0,19.99,0.0574
2361,N2C,11,5.7446,48.0,6,41.71,0.2513
2361,S2C,11,5.668,49.0,5,42.27,0.2471
2361,E2C,5,12.9646,0.0,0,18.48,0.0433
2361,W2C,5,12.311,0.0,0,19.46,0.0527
2362,N2C,11,5.4053,54.0,6,44.33,0.2602
2362,S2C,11,5.2168,55.0,6,45.93,0.2636
2362,E2C,5,12.9507,0.0,0,18.5,0.0435
2362,W2C,5,12.0296,0.0,0,19.92,0.0568
2363,N2C,12,5.6738,60.0,6,42.23,0.2663
2363,S2C,12,5.5925,61.0,6,42.84,0.2681
2363,E2C,5,12.9215,0.0,0,18.54,0.0439
2363,W2C,6,11.9546,0.0,0,20.04,0.0639
2364,N2C,12,5.3668,66.0,6,44.65,0.2747
2364,S2C,12,5.4485,68.0,7,43.98,0.2809
2364,E2C,5,12.772,0.0,0,18.76,0.0461
2364,W2C,6,11.9473,0.0,0,20.05,0.064
2365,N2C,12,5.5272,73.0,7,43.35,0.2831
2365,S2C,12,5.1547,75.0,7,46.48,0.2898
2365,E2C,5,12.9454,0.0,0,18.51,0.0436
2365,W2C,5,11.7762,0.0,0,20.35,0.0604
2366,N2C,12,5.0613,80.0,7,47.34,0.2945
2366,S2C,12,4.7844,82.0,7,50.08,0.2998
2366,E2C,5,13.1328,0.0,0,18.24,0.0409
2366,W2C,5,11.9835,0.0,0,19.99,0.0575
2367,N2C,13,5.2713,87.0,7,45.45,0.3021
2367,S2C,13,4.983,89.0,7,48.08,0.3076
2367,E2C,5,12.4158,0.0,0,19.3,0.0512
2367,W2C,5,11.664,0.0,0,20.54,0.0621
2368,N2C,13,4.5633,94.0,7,52.51,0.317
2368,S2C,13,4.4896,96.0,7,53.37,0.3194
2368,E2C,5,12.3268,0.0,0,19.44,0.0525
2368,W2C,6,12.2543,0.0,0,19.55,0.0596
2369,N2C,13,4.3344,101.0,7,55.28,0.3249
2369,S2C,13,4.3079,104.0,8,55.62,0.3333
2369,E2C,5,12.3141,0.0,0,19.46,0.0527
2369,W2C,5,12.0969,0.0,0,19.81,0.0558
2370,N2C,14,4.7176,109.0,8,50.79,0.3367
2370,S2C,14,4.8675,112.0,8,49.22,0.3366
2370,E2C,6,12.475,0.0,0,19.21,0.0564
2370,W2C,6,12.4022,0.0,0,19.32,0.0574
2371,N2C,14,4.3528,118.0,9,55.04,0.354
2371,S2C,14,4.592,121.0,9,52.18,0.3525
2371,E2C,5,12.486,0.0,0,19.19,0.0502
2371,W2C,6,12.2746,0.0,0,19.52,0.0593
2372,N2C,14,4.1198,127.0,9,58.16,0.3633
2372,S2C,14,4.2451,130.0,9,56.44,0.3635
2372,E2C,5,12.3775,0.0,0,19.36,0.0518
2372,W2C,6,12.4678,0.0,0,19.22,0.0565
2373,N2C,14,3.8118,136.0,9,62.86,0.3738
2373,S2C,14,3.8669,139.0,9,61.96,0.375
2373,E2C,5,12.7211,0.0,0,18.83,0.0468
2373,W2C,6,12.3555,0.0,0,19.39,0.0581
2374,N2C,15,4.2366,145.0,9,56.55,0.3797
2374,S2C,15,4.0759,148.0,9,58.78,0.384
2374,E2C,5,12.6233,0.0,0,18.98,0.0482
2374,W2C,7,11.7718,0.0,0,20.35,0.0725
2375,N2C,15,3.9184,154.0,9,61.15,0.3902
2375,S2C,15,3.821,158.0,10,62.71,0.4003
2375,E2C,5,12.159,0.0,0,19.71,0.0549
2375,W2C,7,10.0283,0.0,0,23.89,0.0976
2376,N2C,15,3.526,164.0,10,67.95,0.4086
2376,S2C,15,3.5104,168.0,10,68.25,0.4115
2376,E2C,5,12.7647,0.0,0,18.77,0.0462
2376,W2C,7,8.5593,0.0,0,27.99,0.1188
2377,N2C,14,4.6282,111.0,8,51.77,0.3394
2377,S2C,14,4.7958,114.0,8,49.96,0.3389
2377,E2C,6,12.9664,0.0,0,18.48,0.0493
2377,W2C,8,8.9553,0.0,0,26.76,0.1191
2378,N2C,14,4.605,73.0,7,52.03,0.3084
2378,S2C,14,4.6524,74.0,7,51.5,0.3083
2378,E2C,6,12.227,0.0,0,19.6,0.0599
2378,W2C,8,8.2825,2.0,2,28.93,0.1421
2379,N2C,14,4.6031,40.0,5,52.05,0.2744
2379,S2C,14,4.7432,43.0,5,50.51,0.2744
2379,E2C,6,11.2287,0.0,0,21.34,0.0743
2379,W2C,8,8.0777,4.0,2,29.66,0.1464
2380,N2C,12,5.031,18.0,3,47.62,0.2296
2380,S2C,12,5.0417,19.0,3,47.52,0.2301
2380,E2C,6,10.3174,0.0,0,23.22,0.0874
2380,W2C,8,7.8271,6.0,2,30.61,0.1513
2381,N2C,13,5.937,4.0,1,40.36,0.2012
2381,S2C,13,5.9394,4.0,1,40.34,0.2011
2381,E2C,7,9.807,0.0,0,24.43,0.1008
2381,W2C,9,8.6527,9.0,3,27.69,0.1534
2382,N2C,12,6.2531,0.0,0,38.32,0.182
2382,S2C,13,6.2647,0.0,0,38.25,0.1878
2382,E2C,7,9.2838,1.0,1,25.81,0.115
2382,W2C,9,8.4209,12.0,3,28.45,0.1587
2383,N2C,11,6.6773,0.0,0,35.88,0.1699
2383,S2C,11,6.6865,0.0,0,35.83,0.1697
2383,E2C,7,8.8209,2.0,1,27.16,0.1223
2383,W2C,9,8.6497,15.0,3,27.7,0.1575
2384,N2C,11,7.33,0.0,0,32.69,0.1605
2384,S2C,11,7.1109,0.0,0,33.69,0.1636
2384,E2C,7,8.8514,4.0,2,27.07,0.1292
2384,W2C,9,8.0716,18.0,3,29.68,0.1678
2385,N2C,10,8.6393,0.0,0,27.73,0.1356
2385,S2C,10,8.0875,0.0,0,29.63,0.1435
2385,E2C,8,9.4,6.0,2,25.49,0.1287
2385,W2C,10,7.7266,21.0,3,31.01,0.1807
2386,N2C,10,9.084,0.0,0,26.38,0.1292
2386,S2C,10,8.8145,0.0,0,27.18,0.1331
2386,E2C,8,8.9939,8.0,2,26.64,0.1358
2386,W2C,10,6.7635,24.0,3,35.43,0.1966
2387,N2C,8,9.9998,0.0,0,23.96,0.104
2387,S2C,8,10.0135,0.0,0,23.93,0.1038
2387,E2C,8,8.4845,10.0,2,28.24,0.1445
2387,W2C,10,6.0011,28.0,4,39.93,0.2163
2388,N2C,9,11.1854,0.0,0,21.42,0.0929
2388,S2C,9,10.7702,0.0,0,22.25,0.0989
2388,E2C,9,8.6462,12.0,2,27.71,0.1495
2388,W2C,11,6.5061,32.0,4,36.83,0.2177
2389,N2C,7,11.9333,0.0,0,20.08,0.0702
2389,S2C,7,11.5552,0.0,0,20.74,0.0756
2389,E2C,9,7.8955,14.0,2,30.35,0.1616
2389,W2C,11,6.1176,37.0,5,39.17,0.2326
2390,N2C,6,12.5014,0.0,0,19.17,0.056
2390,S2C,7,11.8333,0.0,0,20.25,0.0716
2390,E2C,9,6.8372,17.0,3,35.04,0.1849
2390,W2C,11,5.7742,43.0,6,41.5,0.2475
2391,N2C,5,12.8574,0.0,0,18.64,0.0449
2391,S2C,5,12.6649,0.0,0,18.92,0.0476
2391,E2C,9,6.3429,20.0,3,37.77,0.194
2391,W2C,11,5.2344,49.0,6,45.77,0.2593
2392,N2C,5,13.041,0.0,0,18.37,0.0422
2392,S2C,6,13.2222,0.0,0,18.12,0.0456
2392,E2C,10,6.7429,23.0,3,35.53,0.1962
2392,W2C,12,5.581,55.0,6,42.93,0.2643
2393,N2C,5,13.0398,0.0,0,18.37,0.0422
2393,S2C,5,12.5964,0.0,0,19.02,0.0486
2393,E2C,10,6.1284,27.0,4,39.1,0.2138
2393,W2C,12,5.0481,61.0,6,47.46,0.276
2394,N2C,5,13.423,0.0,0,17.85,0.0367
2394,S2C,5,12.6545,0.0,0,18.93,0.0478
2394,E2C,10,5.6912,31.0,4,42.1,0.2227
2394,W2C,12,4.6858,68.0,7,51.13,0.2919
2395,N2C,6,13.1217,0.0,0,18.26,0.0471
2395,S2C,5,13.11,0.0,0,18.28,0.0412
2395,E2C,11,6.1699,35.0,4,38.83,0.2245
2395,W2C,13,5.1063,75.0,7,46.92,0.2965
2396,N2C,6,12.9372,0.0,0,18.52,0.0497
2396,S2C,5,12.8049,0.0,0,18.71,0.0456
2396,E2C,11,5.7352,40.0,5,41.78,0.2401
2396,W2C,13,4.7552,82.0,7,50.39,0.3062
2397,N2C,5,13.436,0.0,0,17.83,0.0365
2397,S2C,5,12.6272,0.0,0,18.97,0.0482
2397,E2C,11,5.5885,46.0,6,42.87,0.2522
2397,W2C,13,4.5619,90.0,8,52.52,0.3203
2398,N2C,5,13.3743,0.0,0,17.92,0.0374
2398,S2C,5,12.9385,0.0,0,18.52,0.0437
2398,E2C,11,5.653,52.0,6,42.38,0.2553
2398,W2C,13,4.251,98.0,8,56.36,0.3301
2399,N2C,5,13.0356,0.0,0,18.38,0.0423
2399,S2C,5,12.6324,0.0,0,18.97,0.0481
2399,E2C,12,6.4036,58.0,6,37.42,0.2545
2399,W2C,14,4.6423,106.0,8,51.61,0.3358
2400,N2C,5,13.0957,0.0,0,18.3,0.0414
2400,S2C,5,12.2342,0.0,0,19.58,0.0538
2400,E2C,12,6.4043,64.0,6,37.41,0.2585
2400,W2C,14,4.4154,115.0,9,54.26,0.3511
2401,N2C,5,12.8873,0.0,0,18.59,0.0444
2401,S2C,5,12.3155,0.0,0,19.46,0.0527
2401,E2C,12,6.0223,70.0,6,39.79,0.268
2401,W2C,14,4.0352,124.0,9,59.38,0.3626
2402,N2C,5,12.9487,0.0,0,18.5,0.0436
2402,S2C,5,12.2742,0.0,0,19.52,0.0533
2402,E2C,12,5.3364,76.0,6,44.9,0.2818
2402,W2C,14,3.7596,133.0,9,63.73,0.3725
2403,N2C,5,12.3763,0.0,0,19.36,0.0518
2403,S2C,6,12.4532,0.0,0,19.24,0.0567
2403,E2C,13,5.1847,82.0,6,46.21,0.294
2403,W2C,15,3.9637,143.0,10,60.45,0.3883
2404,N2C,5,12.2442,0.0,0,19.57,0.0537
2404,S2C,6,12.3682,0.0,0,19.37,0.0579
2404,E2C,13,4.5869,89.0,7,52.24,0.3133
2404,W2C,15,3.7415,153.0,10,64.04,0.3981
2405,N2C,5,11.9026,0.0,0,20.13,0.0586
2405,S2C,5,12.8102,0.0,0,18.7,0.0455
2405,E2C,13,4.2371,96.0,7,56.55,0.323
2405,W2C,15,3.3567,163.0,10,71.38,0.4103
2406,N2C,5,12.3297,0.0,0,19.43,0.0525
2406,S2C,6,13.0385,0.0,0,18.38,0.0483
2406,E2C,14,4.7672,104.0,8,50.26,0.3327
2406,W2C,16,3.9557,174.0,11,60.57,0.421
2407,N2C,5,12.2227,0.0,0,19.6,0.054
2407,S2C,6,12.4694,0.0,0,19.22,0.0565
2407,E2C,14,4.538,112.0,8,52.8,0.3413
2407,W2C,16,4.024,185.0,11,59.54,0.4274
2408,N2C,5,12.0516,0.0,0,19.88,0.0565
2408,S2C,6,11.5652,0.0,0,20.72,0.0695
2408,E2C,14,4.1708,120.0,8,57.45,0.3519
2408,W2C,16,3.8172,196.0,11,62.77,0.4377
2409,N2C,5,11.6223,0.0,0,20.62,0.0627
2409,S2C,6,10.4093,0.0,0,23.02,0.0861
2409,E2C,14,3.8581,129.0,9,62.1,0.3684
2409,W2C,16,3.2482,207.0,11,73.76,0.4532
2410,N2C,5,10.5982,0.0,0,22.61,0.0774
2410,S2C,7,10.3793,0.0,0,23.08,0.0925
2410,E2C,13,5.0213,82.0,7,47.72,0.3024
2410,W2C,15,3.817,152.0,9,62.77,0.3904
2411,N2C,6,10.7561,0.0,0,22.28,0.0811
2411,S2C,7,9.8324,1.0,1,24.37,0.1071
2411,E2C,13,4.7676,48.0,5,50.26,0.2714
2411,W2C,15,3.7213,106.0,8,64.39,0.3551
2412,N2C,6,9.6176,1.0,1,24.91,0.1042
2412,S2C,7,8.5362,2.0,1,28.07,0.1264
2412,E2C,13,4.8702,21.0,4,49.2,0.2459
2412,W2C,15,4.1383,67.0,6,57.9,0.3111
2413,N2C,7,9.6631,2.0,1,24.8,0.1102
2413,S2C,8,8.7206,3.0,1,27.48,0.1304
2413,E2C,12,6.1559,7.0,2,38.92,0.2
2413,W2C,14,5.1892,36.0,4,46.17,0.2573
2414,N2C,7,8.9545,3.0,1,26.76,0.1211
2414,S2C,8,8.1183,5.0,2,29.51,0.1464
2414,E2C,12,6.4311,0.0,0,37.26,0.1794
2414,W2C,14,5.562,14.0,3,43.08,0.2312
2415,N2C,7,8.4217,5.0,2,28.45,0.1361
2415,S2C,8,8.1159,7.0,2,29.52,0.1478
2415,E2C,10,6.8231,0.0,0,35.12,0.1618
2415,W2C,12,5.7707,2.0,1,41.52,0.1962
2416,N2C,7,8.4418,7.0,2,28.38,0.1371
2416,S2C,8,8.1057,9.0,2,29.56,0.1493
2416,E2C,10,7.5362,0.0,0,31.79,0.1515
2416,W2C,12,6.3051,0.0,0,38.0,0.1812
2417,N2C,8,9.2565,9.0,2,25.88,0.1327
2417,S2C,9,8.4251,12.0,3,28.44,0.1587
2417,E2C,11,8.8368,0.0,0,27.11,0.1388
2417,W2C,12,7.6875,0.0,0,31.17,0.1613
2418,N2C,8,9.1971,11.0,2,26.05,0.1349
2418,S2C,9,8.309,15.0,3,28.84,0.1624
2418,E2C,9,9.2037,0.0,0,26.03,0.1215
2418,W2C,11,8.5545,0.0,0,28.01,0.1428
2419,N2C,8,8.6128,13.0,2,27.82,0.1447
2419,S2C,9,8.1104,18.0,3,29.54,0.1672
2419,E2C,9,9.7489,0.0,0,24.58,0.1136
2419,W2C,11,9.2317,0.0,0,25.95,0.1331
2420,N2C,8,8.2901,15.0,2,28.9,0.1506
2420,S2C,9,7.1637,21.0,3,33.45,0.1829
2420,E2C,7,11.0091,0.0,0,21.76,0.0835
2420,W2C,9,9.7,0.0,0,24.7,0.1143
2421,N2C,9,8.5369,17.0,2,28.07,0.1544
2421,S2C,10,7.0072,24.0,3,34.19,0.1931
2421,E2C,8,11.8277,0.0,0,20.26,0.0777
2421,W2C,9,10.5849,0.0,0,22.64,0.1016
2422,N2C,9,8.0123,19.0,2,29.9,0.1633
2422,S2C,10,6.3645,27.0,3,37.65,0.2044
2422,E2C,6,12.425,0.0,0,19.28,0.0571
2422,W2C,8,11.4108,0.0,0,21.0,0.0837
2423,N2C,9,7.8483,22.0,3,30.53,0.1737
2423,S2C,10,5.9257,31.0,4,40.43,0.2193
2423,E2C,6,13.0158,0.0,0,18.41,0.0486
2423,W2C,6,11.9729,0.0,0,20.01,0.0636
2424,N2C,10,8.0247,25.0,3,29.86,0.1791
2424,S2C,11,6.2996,36.0,5,38.03,0.2293
2424,E2C,5,13.3913,0.0,0,17.89,0.0372
2424,W2C,7,12.5286,0.0,0,19.12,0.0616
2425,N2C,10,7.7089,28.0,3,31.08,0.1857
2425,S2C,11,5.7984,41.0,5,41.32,0.2398
2425,E2C,5,12.8918,0.0,0,18.59,0.0444
2425,W2C,5,12.8019,0.0,0,18.72,0.0457
2426,N2C,10,7.1346,31.0,3,33.58,0.1959
2426,S2C,11,5.6051,46.0,5,42.75,0.246
2426,E2C,5,13.1792,0.0,0,18.18,0.0402
2426,W2C,5,12.8263,0.0,0,18.68,0.0453
2427,N2C,10,6.5851,35.0,4,36.39,0.2125
2427,S2C,11,5.154,52.0,6,46.49,0.2625
2427,E2C,5,13.2027,0.0,0,18.15,0.0399
2427,W2C,5,12.5552,0.0,0,19.08,0.0492
2428,N2C,11,6.312,39.0,4,37.96,0.2251
2428,S2C,12,5.4691,58.0,6,43.81,0.2679
2428,E2C,5,13.6109,0.0,0,17.6,0.034
2428,W2C,5,12.9933,0.0,0,18.44,0.0429
2429,N2C,11,5.9402,44.0,5,40.34,0.2398
2429,S2C,12,5.1429,65.0,7,46.59,0.2833
2429,E2C,5,13.1479,0.0,0,18.22,0.0407
2429,W2C,5,12.8032,0.0,0,18.71,0.0456
2430,N2C,11,5.4948,49.0,5,43.61,0.2495
2430,S2C,12,4.7342,72.0,7,50.61,0.2938
2430,E2C,5,13.159,0.0,0,18.21,0.0405
2430,W2C,5,12.8595,0.0,0,18.63,0.0448
2431,N2C,12,5.7557,54.0,5,41.63,0.2551
2431,S2C,13,5.019,79.0,7,47.74,0.3004
2431,E2C,4,13.4835,0.0,0,17.77,0.0299
2431,W2C,4,13.0831,0.0,0,18.31,0.0356
2432,N2C,12,5.3806,59.0,5,44.53,0.2639
2432,S2C,13,4.9426,86.0,7,48.48,0.3062
2432,E2C,4,13.0121,0.0,0,18.41,0.0366
2432,W2C,5,12.7194,0.0,0,18.84,0.0469
2433,N2C,12,5.0257,65.0,6,47.67,0.279
2433,S2C,13,4.5862,94.0,8,52.24,0.3226
2433,E2C,4,13.2401,0.0,0,18.1,0.0334
2433,W2C,5,12.513,0.0,0,19.15,0.0498
2434,N2C,12,4.5171,72.0,7,53.04,0.297
2434,S2C,13,4.3871,102.0,8,54.61,0.3308
2434,E2C,5,12.8959,0.0,0,18.58,0.0443
2434,W2C,5,12.7037,0.0,0,18.86,0.0471
2435,N2C,13,4.979,79.0,7,48.12,0.301
2435,S2C,14,4.6312,110.0,8,51.74,0.3386
2435,E2C,5,12.7601,0.0,0,18.78,0.0463
2435,W2C,5,12.8521,0.0,0,18.64,0.0449
2436,N2C,13,4.632,87.0,8,51.73,0.3173
2436,S2C,14,4.7303,118.0,8,50.65,0.3426
2436,E2C,5,12.513,0.0,0,19.15,0.0498
2436,W2C,5,12.8777,0.0,0,18.61,0.0446
2437,N2C,13,4.3228,95.0,8,55.43,0.3271
2437,S2C,14,4.2017,127.0,9,57.02,0.3622
2437,E2C,5,12.8154,0.0,0,18.7,0.0455
2437,W2C,5,12.29,0.0,0,19.5,0.053
2438,N2C,13,4.16,103.0,8,57.6,0.3348
2438,S2C,14,3.887,136.0,9,61.64,0.3727
2438,E2C,5,12.5524,0.0,0,19.09,0.0493
2438,W2C,5,12.4916,0.0,0,19.18,0.0501
2439,N2C,14,4.6027,111.0,8,52.06,0.3397
2439,S2C,15,4.1307,145.0,9,58.0,0.3812
2439,E2C,4,12.7632,0.0,0,18.77,0.0402
2439,W2C,5,12.5484,0.0,0,19.09,0.0493
2440,N2C,14,4.2861,119.0,8,55.9,0.3496
2440,S2C,15,3.6547,155.0,10,65.56,0.4007
2440,E2C,5,12.5299,0.0,0,19.12,0.0496
2440,W2C,5,12.3718,0.0,0,19.37,0.0519
2441,N2C,14,4.0201,128.0,9,59.6,0.3654
2441,S2C,15,3.451,165.0,10,69.43,0.4103
2441,E2C,5,12.0533,0.0,0,19.88,0.0564
2441,W2C,5,12.6752,0.0,0,18.9,0.0475
2442,N2C,15,4.4488,137.0,9,53.86,0.3713
2442,S2C,16,3.8406,176.0,11,62.39,0.424
2442,E2C,6,11.9578,0.0,0,20.04,0.0638
2442,W2C,6,12.4525,0.0,0,19.24,0.0567
2443,N2C,13,4.8411,85.0,7,49.49,0.307
2443,S2C,14,4.0827,124.0,9,58.69,0.3619
2443,E2C,6,11.1525,0.0,0,21.48,0.0754
2443,W2C,6,12.8184,0.0,0,18.69,0.0514
2444,N2C,13,5.1108,52.0,5,46.88,0.2691
2444,S2C,14,4.0468,83.0,7,59.21,0.3231
2444,E2C,6,10.5771,0.0,0,22.65,0.0837
2444,W2C,6,12.5277,0.0,0,19.13,0.0556
2445,N2C,13,5.646,28.0,4,42.44,0.2394
2445,S2C,14,4.0876,49.0,5,58.62,0.2878
2445,E2C,6,10.2965,1.0,1,23.27,0.0944
2445,W2C,6,11.8391,0.0,0,20.24,0.0655
2446,N2C,12,6.6106,8.0,2,36.24,0.1941
2446,S2C,14,5.3037,22.0,3,45.18,0.2403
2446,E2C,6,9.8524,2.0,1,24.32,0.1015
2446,W2C,7,10.9887,0.0,0,21.8,0.0838
2447,N2C,12,6.4302,0.0,0,37.26,0.1794
2447,S2C,13,5.7792,6.0,1,41.46,0.2048
2447,E2C,7,9.4543,3.0,1,25.34,0.1139
2447,W2C,7,9.8732,0.0,0,24.27,0.0998
2448,N2C,10,7.0835,0.0,0,33.83,0.158
2448,S2C,13,6.0987,0.0,0,39.29,0.1902
2448,E2C,7,8.9298,4.0,1,26.83,0.1221
2448,W2C,7,9.0782,0.0,0,26.39,0.1113
2449,N2C,11,8.171,0.0,0,29.32,0.1483
2449,S2C,12,6.7504,0.0,0,35.49,0.1748
2449,E2C,8,9.4613,6.0,2,25.32,0.1278
2449,W2C,8,9.4549,2.0,2,25.34,0.1252
2450,N2C,10,8.5795,0.0,0,27.93,0.1365
2450,S2C,12,7.2885,0.0,0,32.87,0.1671
2450,E2C,8,9.6543,8.0,2,24.82,0.1263
2450,W2C,8,8.508,4.0,2,28.16,0.1402
2451,N2C,9,9.4677,0.0,0,25.31,0.1177
2451,S2C,10,7.9685,0.0,0,30.07,0.1453
2451,E2C,8,9.4143,10.0,2,25.45,0.1311
2451,W2C,8,8.2357,6.0,2,29.09,0.1454
2452,N2C,8,10.1343,0.0,0,23.64,0.1021
2452,S2C,10,8.6985,0.0,0,27.54,0.1348
2452,E2C,8,9.5189,12.0,2,25.17,0.1309
2452,W2C,8,7.5515,8.0,2,31.73,0.1566
2453,N2C,8,11.3601,0.0,0,21.09,0.0844
2453,S2C,9,9.6247,0.0,0,24.89,0.1154
2453,E2C,9,9.6614,14.0,2,24.8,0.1362
2453,W2C,9,7.6585,10.0,2,31.29,0.1624
2454,N2C,7,11.7774,0.0,0,20.34,0.0724
2454,S2C,9,10.4097,0.0,0,23.02,0.1041
2454,E2C,9,8.6206,16.0,2,27.79,0.1525
2454,W2C,9,7.1327,13.0,3,33.59,0.178
2455,N2C,6,12.5113,0.0,0,19.15,0.0559
2455,S2C,7,10.895,0.0,0,21.99,0.0851
2455,E2C,9,7.6783,18.0,2,31.21,0.1674
2455,W2C,9,7.0613,16.0,3,33.93,0.181
2456,N2C,5,12.8922,0.0,0,18.58,0.0444
2456,S2C,7,11.1893,0.0,0,21.41,0.0809
2456,E2C,9,6.7751,21.0,3,35.36,0.1884
2456,W2C,9,6.8504,19.0,3,34.98,0.186
2457,N2C,6,13.1092,0.0,0,18.28,0.0472
2457,S2C,6,12.1827,0.0,0,19.67,0.0606
2457,E2C,10,6.9591,24.0,3,34.43,0.1938
2457,W2C,10,7.1049,23.0,4,33.72,0.197
2458,N2C,5,13.5335,0.0,0,17.7,0.0351
2458,S2C,6,12.1694,0.0,0,19.69,0.0608
2458,E2C,10,6.3019,28.0,4,38.02,0.2119
2458,W2C,10,6.4677,27.0,4,37.05,0.2089
2459,N2C,5,13.0831,0.0,0,18.31,0.0416
2459,S2C,5,12.6386,0.0,0,18.96,0.048
2459,E2C,10,5.5707,32.0,4,43.01,0.2251
2459,W2C,10,5.8635,31.0,4,40.86,0.2202
2460,N2C,5,13.439,0.0,0,17.83,0.0365
2460,S2C,6,12.679,0.0,0,18.9,0.0534
2460,E2C,11,6.093,37.0,5,39.32,0.2329
2460,W2C,11,6.4803,35.0,4,36.97,0.22
2461,N2C,5,13.0438,0.0,0,18.37,0.0422
2461,S2C,6,12.6747,0.0,0,18.9,0.0535
2461,E2C,11,5.715,42.0,5,41.92,0.2417
2461,W2C,11,6.0531,39.0,4,39.58,0.2288
2462,N2C,5,13.1817,0.0,0,18.18,0.0402
2462,S2C,6,12.3948,0.0,0,19.33,0.0575
2462,E2C,11,5.5887,47.0,5,42.87,0.2469
2462,W2C,11,5.4745,44.0,5,43.77,0.2465
2463,N2C,5,13.4103,0.0,0,17.87,0.0369
2463,S2C,5,12.7101,0.0,0,18.85,0.047
2463,E2C,11,5.2281,53.0,6,45.83,0.2621
2463,W2C,11,4.9576,49.0,5,48.33,0.2573
2464,N2C,5,13.4071,0.0,0,17.87,0.037
2464,S2C,5,13.1271,0.0,0,18.25,0.041
2464,E2C,12,5.5981,59.0,6,42.8,0.2667
2464,W2C,12,5.4381,55.0,6,44.06,0.2664
2465,N2C,5,13.018,0.0,0,18.41,0.0426
2465,S2C,5,12.9225,0.0,0,18.54,0.0439
2465,E2C,12,5.2274,65.0,6,45.84,0.2761
2465,W2C,12,5.2218,61.0,6,45.88,0.2735
2466,N2C,5,13.1246,0.0,0,18.26,0.041
2466,S2C,5,13.0328,0.0,0,18.38,0.0423
2466,E2C,12,4.7402,71.0,6,50.55,0.2871
2466,W2C,12,4.8285,67.0,6,49.62,0.2831
2467,N2C,4,13.2969,0.0,0,18.02,0.0325
2467,S2C,5,13.089,0.0,0,18.31,0.0415
2467,E2C,13,4.9927,77.0,6,47.99,0.2934
2467,W2C,13,5.1127,74.0,7,46.86,0.2957
2468,N2C,5,13.3736,0.0,0,17.92,0.0374
2468,S2C,5,13.0138,0.0,0,18.41,0.0426
2468,E2C,13,4.7448,84.0,7,50.5,0.3077
2468,W2C,13,4.7525,81.0,7,50.42,0.3056
2469,N2C,5,13.2946,0.0,0,18.02,0.0386
2469,S2C,5,12.6875,0.0,0,18.88,0.0473
2469,E2C,13,4.6789,92.0,8,51.21,0.32
2469,W2C,13,4.6266,89.0,8,51.79,0.3187
2470,N2C,5,13.1594,0.0,0,18.21,0.0405
2470,S2C,5,13.0434,0.0,0,18.37,0.0422
2470,E2C,13,4.7786,100.0,8,50.14,0.3239
2470,W2C,13,4.022,97.0,8,59.57,0.3328
2471,N2C,5,13.0609,0.0,0,18.34,0.0419
2471,S2C,6,13.1566,0.0,0,18.21,0.0466
2471,E2C,14,5.3279,108.0,8,44.97,0.3273
2471,W2C,14,4.4354,105.0,8,54.02,0.3381
2472,N2C,5,13.2903,0.0,0,18.03,0.0386
2472,S2C,6,12.896,0.0,0,18.58,0.0503
2472,E2C,14,5.0119,116.0,8,47.81,0.3372
2472,W2C,14,4.3649,113.0,8,54.89,0.3445
2473,N2C,5,13.1136,0.0,0,18.27,0.0412
2473,S2C,6,11.8223,0.0,0,20.27,0.0658
2473,E2C,14,4.4963,124.0,8,53.29,0.3499
2473,W2C,14,4.434,122.0,9,54.04,0.3555
2474,N2C,5,12.5844,0.0,0,19.04,0.0488
2474,S2C,6,11.4446,0.0,0,20.94,0.0712
2474,E2C,14,4.0038,132.0,8,59.84,0.3624
2474,W2C,14,4.359,131.0,9,54.97,0.3626
2475,N2C,5,12.0425,0.0,0,19.9,0.0566
2475,S2C,7,10.6219,0.0,0,22.56,0.0891
2475,E2C,15,4.2837,141.0,9,55.93,0.3763
2475,W2C,15,4.8641,140.0,9,49.26,0.3673
2476,N2C,6,11.3358,0.0,0,21.14,0.0728
2476,S2C,7,9.5623,0.0,0,25.06,0.1043
2476,E2C,13,4.4701,90.0,7,53.6,0.3156
2476,W2C,13,5.1081,93.0,7,46.91,0.3084
2477,N2C,6,10.3679,1.0,1,23.11,0.0934
2477,S2C,7,8.9617,1.0,1,26.74,0.1196
2477,E2C,13,4.4188,55.0,5,54.22,0.281
2477,W2C,13,4.6963,55.0,5,51.02,0.277
2478,N2C,7,10.2911,2.0,1,23.28,0.1012
2478,S2C,8,8.8899,2.0,1,26.95,0.1273
2478,E2C,14,5.2671,26.0,4,45.49,0.2495
2478,W2C,14,5.4183,29.0,4,44.22,0.2493
2479,N2C,7,9.4617,3.0,1,25.32,0.1138
2479,S2C,8,8.1253,4.0,2,29.49,0.1457
2479,E2C,12,5.6829,8.0,3,42.16,0.2135
2479,W2C,13,5.5026,9.0,2,43.54,0.2168
2480,N2C,7,9.1293,4.0,1,26.25,0.1192
2480,S2C,8,8.2145,6.0,2,29.17,0.1457
2480,E2C,12,6.0859,3.0,1,39.37,0.1924
2480,W2C,12,6.0069,0.0,0,39.89,0.1855
2481,N2C,7,8.7396,6.0,2,27.42,0.1322
2481,S2C,8,7.8416,9.0,3,30.55,0.1591
2481,E2C,11,6.7729,0.0,0,35.38,0.1685
2481,W2C,11,5.9545,0.0,0,40.24,0.1803
2482,N2C,8,8.901,8.0,2,26.92,0.1372
2482,S2C,9,7.8575,12.0,3,30.49,0.1669
2482,E2C,11,8.0422,0.0,0,29.79,0.1502
2482,W2C,11,7.0711,0.0,0,33.88,0.1642
2483,N2C,8,8.4767,10.0,2,28.27,0.1446
2483,S2C,9,7.0034,15.0,3,34.21,0.1812
2483,E2C,10,8.7072,0.0,0,27.52,0.1346
2483,W2C,11,7.869,0.0,0,30.45,0.1527
2484,N2C,8,8.0579,12.0,2,29.73,0.152
2484,S2C,9,6.5632,19.0,4,36.51,0.1962
2484,E2C,9,9.4883,0.0,0,25.25,0.1174
2484,W2C,9,8.766,0.0,0,27.33,0.1278
2485,N2C,9,8.2572,14.0,2,29.02,0.1564
2485,S2C,10,6.9458,23.0,4,34.5,0.1993
2485,E2C,9,10.5033,0.0,0,22.81,0.1028
2485,W2C,10,9.6215,0.0,0,24.9,0.1215
2486,N2C,9,7.4631,17.0,3,32.1,0.1759
2486,S2C,10,6.3745,27.0,4,37.59,0.2102
2486,E2C,8,10.9911,0.0,0,21.8,0.0897
2486,W2C,8,10.4699,0.0,0,22.88,0.0972
2487,N2C,9,6.9419,21.0,4,34.51,0.192
2487,S2C,10,6.2913,31.0,4,38.08,0.2141
2487,E2C,7,11.7706,0.0,0,20.36,0.0725
2487,W2C,7,11.4266,0.0,0,20.97,0.0775
2488,N2C,9,6.5664,25.0,4,36.49,0.2001
2488,S2C,10,5.6664,35.0,4,42.28,0.2257
2488,E2C,6,12.2461,0.0,0,19.57,0.0597
2488,W2C,6,11.7439,0.0,0,20.4,0.0669
2489,N2C,10,6.7236,29.0,4,35.64,0.2065
2489,S2C,11,6.094,40.0,5,39.32,0.2349
2489,E2C,6,13.0617,0.0,0,18.34,0.0479
2489,W2C,7,12.1829,0.0,0,19.67,0.0666
2490,N2C,10,6.5435,33.0,4,36.62,0.2118
2490,S2C,11,5.8609,45.0,5,40.88,0.2416
2490,E2C,5,12.8224,0.0,0,18.69,0.0454
2490,W2C,6,12.3745,0.0,0,19.36,0.0578
2491,N2C,10,6.2979,38.0,5,38.04,0.2247
2491,S2C,11,5.349,50.0,5,44.79,0.2523
2491,E2C,5,12.9805,0.0,0,18.46,0.0431
2491,W2C,5,12.4334,0.0,0,19.27,0.051
2492,N2C,10,6.4344,43.0,5,37.24,0.226
2492,S2C,11,4.9637,56.0,6,48.27,0.2679
2492,E2C,5,12.6496,0.0,0,18.94,0.0479
2492,W2C,5,12.2294,0.0,0,19.59,0.0539
2493,N2C,11,7.0177,48.0,5,34.14,0.227
2493,S2C,12,5.271,62.0,6,45.46,0.2734
2493,E2C,5,13.2779,0.0,0,18.05,0.0388
2493,W2C,5,12.3751,0.0,0,19.36,0.0518
2494,N2C,11,6.4447,53.0,5,37.18,0.2385
2494,S2C,12,5.2226,68.0,6,45.88,0.2781
2494,E2C,5,13.1508,0.0,0,18.22,0.0406
2494,W2C,5,12.2718,0.0,0,19.52,0.0533
2495,N2C,11,6.1235,58.0,5,39.13,0.2465
2495,S2C,12,5.214,75.0,7,45.95,0.2889
2495,E2C,5,12.9427,0.0,0,18.51,0.0436
2495,W2C,5,12.109,0.0,0,19.79,0.0556
2496,N2C,12,6.0392,63.0,5,39.67,0.257
2496,S2C,13,5.4325,82.0,7,44.1,0.2964
2496,E2C,5,13.023,0.0,0,18.4,0.0425
2496,W2C,5,12.3778,0.0,0,19.36,0.0518
2497,N2C,12,5.7504,69.0,6,41.67,0.2712
2497,S2C,13,5.1498,89.0,7,46.53,0.3052
2497,E2C,5,13.1446,0.0,0,18.23,0.0407
2497,W2C,5,12.0895,0.0,0,19.82,0.0559
2498,N2C,12,4.9549,75.0,6,48.36,0.2867
2498,S2C,13,5.027,96.0,7,47.66,0.3116
2498,E2C,5,12.5239,0.0,0,19.13,0.0497
2498,W2C,5,12.1669,0.0,0,19.69,0.0548
2499,N2C,12,4.578,82.0,7,52.34,0.3027
2499,S2C,13,4.5969,103.0,7,52.12,0.3225
2499,E2C,5,12.586,0.0,0,19.04,0.0488
2499,W2C,5,12.4663,0.0,0,19.22,0.0505
2500,N2C,13,4.7136,89.0,7,50.83,0.3115
2500,S2C,14,4.9181,111.0,8,48.72,0.3352
2500,E2C,6,12.8032,0.0,0,18.71,0.0516
2500,W2C,5,12.1881,0.0,0,19.66,0.0545
2501,N2C,13,4.4424,96.0,7,53.93,0.32
2501,S2C,14,4.2859,119.0,8,55.9,0.3496
2501,E2C,5,13.0896,0.0,0,18.3,0.0415
2501,W2C,5,12.213,0.0,0,19.62,0.0541
2502,N2C,13,4.0554,103.0,7,59.08,0.3303
2502,S2C,14,3.9981,128.0,9,59.93,0.3658
2502,E2C,5,12.7754,0.0,0,18.75,0.046
2502,W2C,5,12.1748,0.0,0,19.68,0.0547
2503,N2C,14,4.7253,111.0,8,50.71,0.338
2503,S2C,15,4.2888,137.0,9,55.87,0.3736
2503,E2C,5,12.9243,0.0,0,18.54,0.0439
2503,W2C,6,12.234,0.0,0,19.58,0.0598
2504,N2C,14,4.1623,120.0,9,57.56,0.3581
2504,S2C,15,3.9479,146.0,9,60.69,0.3845
2504,E2C,5,13.148,0.0,0,18.22,0.0407
2504,W2C,6,12.384,0.0,0,19.35,0.0577
2505,N2C,14,4.0766,129.0,9,58.77,0.3653
2505,S2C,15,3.6522,156.0,10,65.61,0.4014
2505,E2C,4,13.4129,0.0,0,17.86,0.0309
2505,W2C,6,12.3853,0.0,0,19.35,0.0577
2506,N2C,14,3.7351,138.0,9,64.15,0.3762
2506,S2C,15,3.3974,166.0,10,70.52,0.4117
2506,E2C,4,13.1042,0.0,0,18.28,0.0353
2506,W2C,6,12.3316,0.0,0,19.43,0.0584
2507,N2C,15,4.2875,147.0,9,55.88,0.3803
2507,S2C,16,4.0542,177.0,11,59.1,0.4216
2507,E2C,6,12.0788,0.0,0,19.84,0.0621
2507,W2C,7,11.8638,0.0,0,20.2,0.0712
2508,N2C,15,3.9886,156.0,9,60.07,0.3906
2508,S2C,16,4.0097,188.0,11,59.76,0.4296
2508,E2C,6,11.289,0.0,0,21.22,0.0735
2508,W2C,7,11.2641,0.0,0,21.27,0.0798
2509,N2C,13,4.2169,104.0,8,56.82,0.3346
2509,S2C,14,4.3816,135.0,9,54.68,0.3649
2509,E2C,6,10.6224,1.0,1,22.56,0.0897
2509,W2C,7,10.6656,0.0,0,22.46,0.0884
2510,N2C,13,4.1489,63.0,6,57.75,0.2963
2510,S2C,14,4.0139,87.0,7,59.69,0.3262
2510,E2C,6,10.2121,2.0,1,23.46,0.0963
2510,W2C,7,9.9985,0.0,0,23.96,0.098
2511,N2C,14,5.1406,33.0,4,46.61,0.256
2511,S2C,15,4.5459,51.0,5,52.71,0.2885
2511,E2C,7,10.1143,3.0,1,23.69,0.1044
2511,W2C,8,9.6829,1.0,1,24.74,0.1152
2512,N2C,12,5.7781,14.0,3,41.47,0.2161
2512,S2C,13,4.7267,26.0,4,50.69,0.2513
2512,E2C,7,9.428,4.0,1,25.41,0.1149
2512,W2C,8,9.0213,3.0,2,26.56,0.1321
2513,N2C,12,6.4947,2.0,1,36.89,0.1858
2513,S2C,13,5.0591,9.0,2,47.36,0.2232
2513,E2C,7,8.5305,5.0,1,28.09,0.1285
2513,W2C,8,7.7513,5.0,2,30.91,0.1517
2514,N2C,13,7.3496,0.0,0,32.6,0.1722
2514,S2C,13,6.2516,1.0,1,38.33,0.1947
2514,E2C,8,8.6734,7.0,2,27.62,0.1398
2514,W2C,9,7.9449,8.0,3,30.16,0.1629
2515,N2C,11,7.7613,0.0,0,30.87,0.1542
2515,S2C,12,6.7969,0.0,0,35.25,0.1741
2515,E2C,8,7.9714,9.0,2,30.06,0.1512
2515,W2C,9,7.2223,11.0,3,33.18,0.1753
2516,N2C,11,7.8623,0.0,0,30.47,0.1528
2516,S2C,11,7.5534,0.0,0,31.72,0.1572
2516,E2C,8,7.5333,11.0,2,31.81,0.1589
2516,W2C,9,7.3584,15.0,4,32.56,0.182
2517,N2C,9,8.7815,0.0,0,27.28,0.1276
2517,S2C,10,8.4464,0.0,0,28.37,0.1384
2517,E2C,8,7.129,13.0,2,33.61,0.166
2517,W2C,9,6.8873,19.0,4,34.79,0.1915
2518,N2C,10,9.7452,0.0,0,24.59,0.1197
2518,S2C,10,9.8527,0.0,0,24.32,0.1181
2518,E2C,9,7.6867,16.0,3,31.17,0.172
2518,W2C,10,7.1091,23.0,4,33.7,0.197
2519,N2C,8,10.3082,0.0,0,23.24,0.0996
2519,S2C,9,10.3923,0.0,0,23.06,0.1044
2519,E2C,9,7.0593,19.0,3,33.94,0.183
2519,W2C,10,6.5199,27.0,4,36.75,0.2081
2520,N2C,8,10.9481,0.0,0,21.89,0.0904
2520,S2C,8,11.2296,0.0,0,21.34,0.0863
2520,E2C,9,7.0655,22.0,3,33.91,0.1849
2520,W2C,10,5.8603,31.0,4,40.89,0.2203
2521,N2C,7,12.1164,0.0,0,19.77,0.0675
2521,S2C,8,11.8081,0.0,0,20.29,0.078
2521,E2C,10,7.5652,25.0,3,31.67,0.1857
2521,W2C,11,6.0939,36.0,5,39.32,0.2323
2522,N2C,7,12.2324,0.0,0,19.59,0.0659
2522,S2C,6,12.2811,0.0,0,19.51,0.0592
2522,E2C,10,7.4884,29.0,4,32.0,0.1955
2522,W2C,11,5.8207,41.0,5,41.16,0.2395
2523,N2C,5,12.1806,0.0,0,19.67,0.0546
2523,S2C,6,12.4541,0.0,0,19.24,0.0567
2523,E2C,10,7.3513,33.0,4,32.59,0.2001
2523,W2C,11,5.5576,46.0,5,43.11,0.2466
2524,N2C,5,12.3894,0.0,0,19.34,0.0516
2524,S2C,5,12.5388,0.0,0,19.11,0.0495
2524,E2C,10,6.8439,37.0,4,35.01,0.2101
2524,W2C,11,5.0795,52.0,6,47.17,0.2635
2525,N2C,5,12.8901,0.0,0,18.59,0.0444
2525,S2C,5,12.5029,0.0,0,19.16,0.05
2525,E2C,11,7.1018,41.0,4,33.74,0.2151
2525,W2C,12,5.2561,58.0,6,45.59,0.271
2526,N2C,5,12.367,0.0,0,19.37,0.0519
2526,S2C,5,11.9019,0.0,0,20.13,0.0586
2526,E2C,11,6.7455,45.0,4,35.52,0.2229
2526,W2C,12,5.1188,64.0,6,46.81,0.277
2527,N2C,5,12.4503,0.0,0,19.24,0.0507
2527,S2C,5,12.2877,0.0,0,19.5,0.0531
2527,E2C,11,6.4699,49.0,4,37.03,0.2295
2527,W2C,12,4.7972,71.0,7,49.95,0.2923
2528,N2C,5,12.4246,0.0,0,19.28,0.0511
2528,S2C,5,11.995,0.0,0,19.98,0.0573
2528,E2C,11,6.1455,54.0,5,38.99,0.2435
2528,W2C,12,4.4096,78.0,7,54.34,0.3025
2529,N2C,5,12.8214,0.0,0,18.69,0.0454
2529,S2C,6,12.3052,0.0,0,19.47,0.0588
2529,E2C,12,5.9867,59.0,5,40.02,0.2551
2529,W2C,13,4.5532,85.0,7,52.62,0.3111
2530,N2C,5,12.6432,0.0,0,18.95,0.048
2530,S2C,5,12.0637,0.0,0,19.86,0.0563
2530,E2C,12,5.4832,64.0,5,43.7,0.2657
2530,W2C,13,4.1866,93.0,8,57.23,0.3277
2531,N2C,5,12.7813,0.0,0,18.75,0.046
2531,S2C,5,12.1588,0.0,0,19.71,0.0549
2531,E2C,12,5.0104,69.0,5,47.82,0.2759
2531,W2C,13,3.8264,101.0,8,62.62,0.3382
2532,N2C,5,12.4227,0.0,0,19.29,0.0511
2532,S2C,4,11.8884,0.0,0,20.15,0.0528
2532,E2C,13,5.354,76.0,7,44.75,0.2936
2532,W2C,14,4.3824,109.0,8,54.67,0.3416
2533,N2C,5,12.3379,0.0,0,19.42,0.0523
2533,S2C,5,11.9205,0.0,0,20.1,0.0584
2533,E2C,13,4.8615,83.0,7,49.29,0.3053
2533,W2C,14,4.2997,118.0,9,55.73,0.3548
2534,N2C,5,12.4125,0.0,0,19.3,0.0513
2534,S2C,5,11.7567,0.0,0,20.38,0.0607
2534,E2C,13,4.4349,90.0,7,54.03,0.3161
2534,W2C,14,4.23,127.0,9,56.64,0.3618
2535,N2C,5,12.5992,0.0,0,19.02,0.0486
2535,S2C,5,11.7451,0.0,0,20.4,0.0609
2535,E2C,13,4.2092,98.0,8,56.92,0.3307
2535,W2C,14,4.0236,136.0,9,59.55,0.3707
2536,N2C,6,12.4648,0.0,0,19.22,0.0565
2536,S2C,5,11.9577,0.0,0,20.04,0.0578
2536,E2C,14,4.5829,106.0,8,52.28,0.3367
2536,W2C,15,4.2106,145.0,9,56.9,0.38
2537,N2C,6,12.4045,0.0,0,19.32,0.0574
2537,S2C,5,11.8681,0.0,0,20.19,0.0591
2537,E2C,14,4.3715,114.0,8,54.81,0.3451
2537,W2C,15,3.7358,154.0,9,64.14,0.3929
2538,N2C,6,12.5615,0.0,0,19.07,0.0551
2538,S2C,5,11.9562,0.0,0,20.04,0.0578
2538,E2C,14,4.172,122.0,8,57.43,0.3533
2538,W2C,15,3.3282,163.0,9,71.99,0.4047
2539,N2C,5,12.5316,0.0,0,19.12,0.0496
2539,S2C,6,12.1361,0.0,0,19.74,0.0613
2539,E2C,15,4.4032,131.0,9,54.41,0.3679
2539,W2C,16,3.8955,173.0,10,61.51,0.4152
2540,N2C,6,12.0044,0.0,0,19.96,0.0632
2540,S2C,6,12.1008,0.0,0,19.8,0.0618
2540,E2C,15,3.9713,140.0,9,60.33,0.3802
2540,W2C,16,3.8697,183.0,10,61.92,0.4223
2541,N2C,6,11.5517,0.0,0,20.74,0.0697
2541,S2C,6,12.3024,0.0,0,19.48,0.0589
2541,E2C,15,3.7518,149.0,9,63.86,0.3893
2541,W2C,16,3.8008,194.0,11,63.04,0.4366
2542,N2C,6,10.6912,0.0,0,22.41,0.0821
2542,S2C,6,11.8108,0.0,0,20.29,0.0659
2542,E2C,13,4.1957,96.0,8,57.11,0.3296
2542,W2C,14,4.402,142.0,9,54.43,0.3693
2543,N2C,7,10.0808,0.0,0,23.77,0.0968
2543,S2C,7,11.2448,0.0,0,21.31,0.0801
2543,E2C,14,4.8264,56.0,6,49.64,0.2878
2543,W2C,15,5.1817,93.0,7,46.24,0.3194
2544,N2C,7,9.4849,0.0,0,25.26,0.1054
2544,S2C,7,10.7108,0.0,0,22.37,0.0878
2544,E2C,14,4.8645,33.0,5,49.25,0.266
2544,W2C,15,5.3201,55.0,5,45.04,0.2801
2545,N2C,7,9.089,1.0,1,26.36,0.1178
2545,S2C,7,10.5718,0.0,0,22.66,0.0898
2545,E2C,12,5.1262,13.0,3,46.74,0.2249
2545,W2C,13,5.5685,25.0,3,43.03,0.2325
2546,N2C,7,8.4471,3.0,2,28.36,0.1344
2546,S2C,7,10.0514,0.0,0,23.84,0.0973
2546,E2C,12,5.3239,4.0,2,45.0,0.21
2546,W2C,13,5.6944,6.0,1,42.08,0.206
2547,N2C,8,8.5977,5.0,2,27.87,0.1395
2547,S2C,8,9.9663,1.0,1,24.04,0.1112
2547,E2C,12,6.3904,0.0,0,37.49,0.18
2547,W2C,13,6.2833,1.0,1,38.13,0.1942
2548,N2C,8,8.0321,7.0,2,29.83,0.149
2548,S2C,8,9.3126,2.0,1,25.73,0.1212
2548,E2C,11,6.667,0.0,0,35.94,0.17
2548,W2C,12,6.5497,0.0,0,36.58,0.1777
2549,N2C,8,7.9165,9.0,2,30.27,0.152
2549,S2C,8,8.4399,3.0,1,28.39,0.1345
2549,E2C,10,7.6521,0.0,0,31.31,0.1498
2549,W2C,12,7.4759,0.0,0,32.05,0.1644
2550,N2C,9,8.198,12.0,3,29.23,0.162
2550,S2C,9,8.3711,5.0,2,28.62,0.1488
2550,E2C,10,9.1893,0.0,0,26.07,0.1277
2550,W2C,11,8.5852,0.0,0,27.91,0.1424
2551,N2C,9,8.1152,15.0,3,29.52,0.1652
2551,S2C,9,7.8616,8.0,3,30.48,0.1641
2551,E2C,9,9.9276,0.0,0,24.13,0.1111
2551,W2C,11,9.1584,0.0,0,26.16,0.1341
2552,N2C,9,7.6424,18.0,3,31.35,0.174
2552,S2C,9,7.3194,11.0,3,32.73,0.1739
2552,E2C,8,10.7568,0.0,0,22.27,0.0931
2552,W2C,9,9.7777,0.0,0,24.5,0.1132
2553,N2C,9,7.0673,21.0,3,33.9,0.1842
2553,S2C,9,6.3493,14.0,3,37.74,0.1899
2553,E2C,8,11.6133,0.0,0,20.63,0.0808
2553,W2C,8,10.6505,0.0,0,22.5,0.0946
2554,N2C,10,7.1822,24.0,3,33.36,0.1906
2554,S2C,10,6.618,17.0,3,36.2,0.194
2554,E2C,7,12.6459,0.0,0,18.95,0.0599
2554,W2C,8,11.4919,0.0,0,20.85,0.0825
2555,N2C,10,6.7662,27.0,3,35.41,0.1986
2555,S2C,10,6.1849,21.0,4,38.74,0.2089
2555,E2C,6,12.9272,0.0,0,18.53,0.0499
2555,W2C,6,12.5852,0.0,0,19.04,0.0548
2556,N2C,10,6.3064,31.0,4,37.99,0.2139
2556,S2C,10,5.7849,26.0,5,41.42,0.224
2556,E2C,6,12.7391,0.0,0,18.81,0.0526
2556,W2C,6,12.6427,0.0,0,18.95,0.054
2557,N2C,11,6.4821,36.0,5,36.96,0.2267
2557,S2C,11,6.165,31.0,5,38.86,0.2279
2557,E2C,5,13.2902,0.0,0,18.03,0.0386
2557,W2C,5,13.4576,0.0,0,17.8,0.0362
2558,N2C,11,6.5301,41.0,5,36.69,0.2293
2558,S2C,11,5.7202,36.0,5,41.89,0.2376
2558,E2C,5,13.3361,0.0,0,17.97,0.038
2558,W2C,5,13.2838,0.0,0,18.04,0.0387
2559,N2C,11,5.6435,46.0,5,42.46,0.2454
2559,S2C,11,5.6062,42.0,6,42.74,0.2493
2559,E2C,5,13.0778,0.0,0,18.32,0.0417
2559,W2C,5,13.4583,0.0,0,17.8,0.0362
2560,N2C,11,5.0442,51.0,5,47.5,0.2574
2560,S2C,11,5.7791,48.0,6,41.46,0.2508
2560,E2C,5,13.2625,0.0,0,18.07,0.039
2560,W2C,5,13.097,0.0,0,18.29,0.0414
2561,N2C,12,5.2797,56.0,5,45.38,0.2633
2561,S2C,12,6.0581,54.0,6,39.55,0.2568
2561,E2C,6,13.0855,0.0,0,18.31,0.0476
2561,W2C,5,13.2249,0.0,0,18.12,0.0396
2562,N2C,12,5.1589,62.0,6,46.44,0.2751
2562,S2C,12,5.5948,60.0,6,42.83,0.2674
2562,E2C,5,12.9746,0.0,0,18.47,0.0432
2562,W2C,5,12.6212,0.0,0,18.98,0.0483
2563,N2C,12,4.8376,69.0,7,49.53,0.2903
2563,S2C,12,5.3213,66.0,6,45.03,0.2754
2563,E2C,5,13.2074,0.0,0,18.14,0.0398
2563,W2C,5,13.2627,0.0,0,18.07,0.039
2564,N2C,12,4.4906,76.0,7,53.36,0.3
2564,S2C,12,5.2062,73.0,7,46.02,0.2877
2564,E2C,5,13.0481,0.0,0,18.36,0.0421
2564,W2C,5,13.2139,0.0,0,18.13,0.0397
2565,N2C,13,4.8489,83.0,7,49.41,0.3055
2565,S2C,13,5.2588,80.0,7,45.56,0.2976
2565,E2C,5,12.9939,0.0,0,18.44,0.0429
2565,W2C,5,13.153,0.0,0,18.22,0.0406
2566,N2C,13,4.7632,90.0,7,50.3,0.3114
2566,S2C,13,5.0467,87.0,7,47.48,0.3053
2566,E2C,5,12.7508,0.0,0,18.79,0.0464
2566,W2C,5,12.7502,0.0,0,18.79,0.0464
2567,N2C,13,4.5208,98.0,8,53.0,0.3262
2567,S2C,13,4.412,94.0,7,54.31,0.3191
2567,E2C,5,13.0993,0.0,0,18.29,0.0414
2567,W2C,5,13.0018,0.0,0,18.43,0.0428
2568,N2C,14,4.5803,106.0,8,52.31,0.3367
2568,S2C,14,4.4247,102.0,8,54.15,0.3363
2568,E2C,5,12.8473,0.0,0,18.65,0.045
2568,W2C,5,12.9769,0.0,0,18.46,0.0431
2569,N2C,14,4.2455,114.0,8,56.44,0.3469
2569,S2C,14,4.2163,110.0,8,56.83,0.3446
2569,E2C,5,12.719,0.0,0,18.84,0.0469
2569,W2C,5,12.7256,0.0,0,18.83,0.0468
2570,N2C,14,3.8679,122.0,8,61.95,0.3576
2570,S2C,14,3.9425,118.0,8,60.77,0.3539
2570,E2C,5,13.0871,0.0,0,18.31,0.0416
2570,W2C,5,13.309,0.0,0,18.0,0.0384
2571,N2C,14,3.5813,131.0,9,66.9,0.3738
2571,S2C,14,3.5502,127.0,9,67.49,0.3715
2571,E2C,5,12.7375,0.0,0,18.81,0.0466
2571,W2C,5,12.7953,0.0,0,18.73,0.0458
2572,N2C,15,3.8927,140.0,9,61.55,0.3813
2572,S2C,15,3.8739,136.0,9,61.85,0.3789
2572,E2C,5,12.5389,0.0,0,19.11,0.0495
2572,W2C,5,13.163,0.0,0,18.2,0.0405
2573,N2C,15,3.789,150.0,10,63.24,0.3954
2573,S2C,15,3.5641,146.0,10,67.23,0.396
2573,E2C,5,12.5219,0.0,0,19.13,0.0497
2573,W2C,5,13.0017,0.0,0,18.43,0.0428
2574,N2C,15,3.9163,160.0,10,61.18,0.4003
2574,S2C,15,3.3347,156.0,10,71.85,0.406
2574,E2C,5,11.7235,0.0,0,20.44,0.0612
2574,W2C,5,12.5029,0.0,0,19.16,0.05
2575,N2C,14,4.8933,109.0,8,48.96,0.3342
2575,S2C,14,4.4053,112.0,9,54.39,0.3492
2575,E2C,6,11.5765,0.0,0,20.7,0.0693
2575,W2C,6,11.9988,0.0,0,19.97,0.0632
2576,N2C,14,4.6817,69.0,6,51.18,0.2986
2576,S2C,14,4.3995,73.0,7,54.46,0.3113
2576,E2C,6,10.742,0.0,0,22.31,0.0813
2576,W2C,6,11.0591,0.0,0,21.67,0.0768
2577,N2C,14,4.4499,38.0,4,53.84,0.2693
2577,S2C,14,4.4323,39.0,5,54.06,0.2762
2577,E2C,6,10.3735,0.0,0,23.1,0.0866
2577,W2C,6,10.9161,0.0,0,21.95,0.0788
2578,N2C,12,4.6077,14.0,2,52.0,0.227
2578,S2C,12,4.6885,18.0,3,51.1,0.2345
2578,E2C,6,10.4997,1.0,1,22.82,0.0915
2578,W2C,6,11.1311,0.0,0,21.53,0.0757
2579,N2C,13,5.9742,1.0,1,40.11,0.1986
2579,S2C,13,6.223,6.0,2,38.5,0.2044
2579,E2C,7,10.8418,2.0,1,22.1,0.0932
2579,W2C,7,11.0771,1.0,1,21.63,0.0892
2580,N2C,12,6.4178,0.0,0,37.33,0.1796
2580,S2C,11,7.1493,0.0,0,33.51,0.1631
2580,E2C,7,10.3677,3.0,1,23.11,0.1007
2580,W2C,7,11.0637,2.0,1,21.66,0.09
2581,N2C,11,7.0207,0.0,0,34.13,0.1649
2581,S2C,11,7.9164,0.0,0,30.27,0.152
2581,E2C,7,9.9448,4.0,1,24.09,0.1075
2581,W2C,7,10.1996,3.0,1,23.49,0.1031
2582,N2C,11,7.6958,0.0,0,31.13,0.1552
2582,S2C,10,8.7068,0.0,0,27.52,0.1346
2582,E2C,7,9.0496,5.0,1,26.48,0.121
2582,W2C,7,8.9832,4.0,1,26.67,0.1213
2583,N2C,10,8.9454,0.0,0,26.78,0.1312
2583,S2C,10,10.0192,0.0,0,23.91,0.1157
2583,E2C,8,8.9766,6.0,1,26.69,0.1287
2583,W2C,8,8.7358,6.0,2,27.43,0.1382
2584,N2C,10,9.5249,0.0,0,25.16,0.1229
2584,S2C,9,10.8303,0.0,0,22.12,0.0981
2584,E2C,8,8.3608,7.0,1,28.66,0.1383
2584,W2C,8,8.3969,8.0,2,28.53,0.1444
2585,N2C,8,10.5239,0.0,0,22.77,0.0965
2585,S2C,8,11.6278,0.0,0,20.61,0.0806
2585,E2C,8,7.9003,9.0,2,30.33,0.1522
2585,W2C,8,7.4794,10.0,2,32.03,0.159
2586,N2C,7,11.2766,0.0,0,21.25,0.0796
2586,S2C,8,12.2035,0.0,0,19.63,0.0723
2586,E2C,9,8.0214,11.0,2,29.87,0.1578
2586,W2C,9,7.6096,13.0,3,31.49,0.1711
2587,N2C,7,11.345,0.0,0,21.12,0.0786
2587,S2C,7,12.1927,0.0,0,19.65,0.0664
2587,E2C,9,7.4403,14.0,3,32.2,0.1742
2587,W2C,9,7.1509,16.0,3,33.51,0.1797
2588,N2C,6,11.64,0.0,0,20.58,0.0684
2588,S2C,7,12.2224,0.0,0,19.6,0.066
2588,E2C,9,7.0953,17.0,3,33.77,0.1812
2588,W2C,9,6.7897,19.0,3,35.29,0.1869
2589,N2C,5,11.8688,0.0,0,20.19,0.0591
2589,S2C,5,12.9405,0.0,0,18.52,0.0437
2589,E2C,9,7.1063,21.0,4,33.72,0.1897
2589,W2C,9,6.453,23.0,4,37.13,0.2004
2590,N2C,6,12.382,0.0,0,19.35,0.0577
2590,S2C,6,12.981,0.0,0,18.46,0.0491
2590,E2C,10,7.6167,25.0,4,31.46,0.191
2590,W2C,10,6.6803,27.0,4,35.87,0.2058
2591,N2C,6,11.7962,0.0,0,20.31,0.0661
2591,S2C,5,12.8469,0.0,0,18.65,0.045
2591,E2C,10,6.9889,29.0,4,34.28,0.2027
2591,W2C,10,6.232,31.0,4,38.45,0.2149
2592,N2C,6,11.8857,0.0,0,20.16,0.0649
2592,S2C,5,12.6516,0.0,0,18.94,0.0478
2592,E2C,10,6.1039,33.0,4,39.25,0.2181
2592,W2C,10,5.5347,36.0,5,43.29,0.2343
2593,N2C,6,12.0258,0.0,0,19.92,0.0628
2593,S2C,5,12.8151,0.0,0,18.7,0.0455
2593,E2C,11,6.3705,37.0,4,37.61,0.2229
2593,W2C,11,5.9703,41.0,5,40.13,0.2374
2594,N2C,6,11.7776,0.0,0,20.34,0.0664
2594,S2C,5,13.1737,0.0,0,18.19,0.0403
2594,E2C,11,5.7789,41.0,4,41.46,0.2341
2594,W2C,11,5.508,46.0,5,43.5,0.2474
2595,N2C,6,11.7759,0.0,0,20.35,0.0664
2595,S2C,5,12.824,0.0,0,18.68,0.0453
2595,E2C,11,5.2627,46.0,5,45.53,0.2509
2595,W2C,11,5.2053,51.0,5,46.03,0.255
2596,N2C,6,11.7648,0.0,0,20.37,0.0666
2596,S2C,5,12.7615,0.0,0,18.78,0.0462
2596,E2C,11,4.8962,51.0,5,48.94,0.2595
2596,W2C,11,4.7129,57.0,6,50.84,0.2721
2597,N2C,5,11.9791,0.0,0,20.0,0.0575
2597,S2C,5,12.6179,0.0,0,18.99,0.0483
2597,E2C,12,5.4569,57.0,6,43.91,0.2674
2597,W2C,12,5.2178,63.0,6,45.92,0.2749
2598,N2C,5,12.14,0.0,0,19.74,0.0552
2598,S2C,5,12.3227,0.0,0,19.44,0.0526
2598,E2C,12,5.2943,63.0,6,45.26,0.2738
2598,W2C,12,5.0264,70.0,7,47.67,0.2883
2599,N2C,5,12.1094,0.0,0,19.79,0.0556
2599,S2C,5,12.2756,0.0,0,19.52,0.0532
2599,E2C,12,4.8885,69.0,6,49.01,0.2836
2599,W2C,12,5.1767,77.0,7,46.28,0.2908
2600,N2C,5,11.8862,0.0,0,20.16,0.0589
2600,S2C,5,12.6169,0.0,0,18.99,0.0483
2600,E2C,12,4.5358,76.0,7,52.82,0.2994
2600,W2C,12,4.7682,84.0,7,50.25,0.3013
2601,N2C,6,11.9234,0.0,0,20.09,0.0643
2601,S2C,5,12.1902,0.0,0,19.66,0.0545
2601,E2C,13,4.6143,83.0,7,51.93,0.3089
2601,W2C,13,5.3524,91.0,7,44.77,0.3036
2602,N2C,6,11.6053,0.0,0,20.65,0.0689
2602,S2C,5,11.8096,0.0,0,20.29,0.06
2602,E2C,13,4.0771,91.0,8,58.77,0.328
2602,W2C,13,4.9769,98.0,7,48.14,0.3137
2603,N2C,5,11.5677,0.0,0,20.71,0.0634
2603,S2C,5,11.9812,0.0,0,20.0,0.0575
2603,E2C,13,4.0257,99.0,8,59.52,0.334
2603,W2C,13,4.8983,105.0,7,48.92,0.3195
2604,N2C,6,11.7226,0.0,0,20.44,0.0672
2604,S2C,5,12.0916,0.0,0,19.82,0.0559
2604,E2C,14,4.4425,107.0,8,53.93,0.3394
2604,W2C,14,5.4398,112.0,7,44.05,0.3223
2605,N2C,6,11.0658,0.0,0,21.65,0.0767
2605,S2C,5,11.5849,0.0,0,20.68,0.0632
2605,E2C,14,4.4109,115.0,8,54.32,0.3452
2605,W2C,14,4.8999,119.0,7,48.9,0.3348
2606,N2C,6,11.0745,0.0,0,21.64,0.0765
2606,S2C,5,11.3677,0.0,0,21.08,0.0663
2606,E2C,14,4.3772,124.0,9,54.74,0.3576
2606,W2C,14,4.5762,127.0,8,52.36,0.3508
2607,N2C,6,10.2987,0.0,0,23.27,0.0877
2607,S2C,5,11.6108,0.0,0,20.64,0.0628
2607,E2C,14,4.2537,133.0,9,56.33,0.3654
2607,W2C,14,4.0861,135.0,8,58.64,0.3632
2608,N2C,7,9.8356,0.0,0,24.36,0.1004
2608,S2C,6,11.746,0.0,0,20.4,0.0669
2608,E2C,13,5.2338,87.0,7,45.78,0.3026
2608,W2C,13,5.0991,88.0,7,46.99,0.3052
2609,N2C,7,8.2583,0.0,0,29.01,0.1231
2609,S2C,6,11.8598,0.0,0,20.2,0.0652
2609,E2C,13,5.122,50.0,5,46.78,0.2676
2609,W2C,13,4.9986,50.0,5,47.93,0.2694
2610,N2C,7,7.9682,1.0,1,30.07,0.1339
2610,S2C,6,11.324,0.0,0,21.16,0.0729
2610,E2C,13,5.3585,25.0,3,44.71,0.2355
2610,W2C,13,5.1728,22.0,4,46.32,0.2422
2611,N2C,8,8.1963,3.0,2,29.23,0.144
2611,S2C,7,10.5661,0.0,0,22.68,0.0899
2611,E2C,12,6.3813,7.0,2,37.55,0.1968
2611,W2C,12,6.2492,6.0,2,38.34,0.198
2612,N2C,8,8.0026,5.0,2,29.94,0.1481
2612,S2C,7,9.3849,0.0,0,25.53,0.1069
2612,E2C,12,6.2502,2.0,1,38.33,0.1893
2612,W2C,12,6.2179,0.0,0,38.53,0.1825
2613,N2C,8,7.312,7.0,2,32.77,0.1594
2613,S2C,7,8.5313,2.0,2,28.08,0.1325
2613,E2C,11,6.6374,0.0,0,36.1,0.1704
2613,W2C,11,6.6357,0.0,0,36.11,0.1705
2614,N2C,8,6.7423,9.0,2,35.54,0.1689
2614,S2C,7,8.4654,4.0,2,28.3,0.1348
2614,E2C,10,7.1141,0.0,0,33.68,0.1576
2614,W2C,10,7.4029,0.0,0,32.37,0.1534
2615,N2C,9,7.4953,11.0,2,31.97,0.1654
2615,S2C,8,8.9739,6.0,2,26.7,0.1348
2615,E2C,11,8.6986,0.0,0,27.54,0.1408
2615,W2C,11,8.4657,0.0,0,28.3,0.1441
2616,N2C,9,7.4908,14.0,3,31.99,0.1735
2616,S2C,8,8.6595,8.0,2,27.67,0.1406
2616,E2C,9,9.4648,0.0,0,25.31,0.1177
2616,W2C,9,8.9596,0.0,0,26.74,0.125
2617,N2C,9,7.521,17.0,3,31.86,0.175
2617,S2C,8,8.2397,10.0,2,29.08,0.148
2617,E2C,8,10.4318,0.0,0,22.97,0.0978
2617,W2C,9,9.3387,0.0,0,25.66,0.1195
2618,N2C,9,7.0024,20.0,3,34.22,0.1845
2618,S2C,8,7.2525,12.0,2,33.04,0.1636
2618,E2C,7,11.2845,0.0,0,21.23,0.0795
2618,W2C,7,10.221,0.0,0,23.44,0.0948
2619,N2C,10,7.2623,23.0,3,32.99,0.1888
2619,S2C,9,8.1048,15.0,3,29.56,0.1653
2619,E2C,7,11.8999,0.0,0,20.13,0.0707
2619,W2C,8,11.3952,0.0,0,21.03,0.0839
2620,N2C,10,6.9948,26.0,3,34.25,0.1946
2620,S2C,9,7.8281,18.0,3,30.61,0.1713
2620,E2C,6,11.9601,0.0,0,20.03,0.0638
2620,W2C,6,12.2557,0.0,0,19.55,0.0595
2621,N2C,10,6.5499,29.0,3,36.58,0.203
2621,S2C,9,7.4293,21.0,3,32.25,0.179
2621,E2C,6,12.1335,0.0,0,19.75,0.0613
2621,W2C,6,12.2196,0.0,0,19.61,0.0601
2622,N2C,11,6.9289,33.0,4,34.58,0.2122
2622,S2C,10,8.0616,24.0,3,29.72,0.1779
2622,E2C,5,12.4451,0.0,0,19.25,0.0508
2622,W2C,5,12.6291,0.0,0,18.97,0.0482
2623,N2C,11,6.5675,37.0,4,36.48,0.2201
2623,S2C,10,7.7284,27.0,3,31.0,0.1847
2623,E2C,5,12.3928,0.0,0,19.33,0.0516
2623,W2C,5,12.5124,0.0,0,19.15,0.0498
2624,N2C,11,6.5922,42.0,5,36.35,0.2291
2624,S2C,10,7.1401,31.0,4,33.56,0.2019
2624,E2C,5,12.4898,0.0,0,19.18,0.0502
2624,W2C,5,12.3536,0.0,0,19.4,0.0521
2625,N2C,11,6.4316,47.0,5,37.25,0.2347
2625,S2C,10,6.4501,35.0,4,37.15,0.2145
2625,E2C,5,12.4757,0.0,0,19.21,0.0504
2625,W2C,5,12.7445,0.0,0,18.8,0.0465
2626,N2C,12,6.6794,52.0,5,35.87,0.2405
2626,S2C,11,6.39,39.0,4,37.5,0.224
2626,E2C,6,12.5024,0.0,0,19.16,0.056
2626,W2C,6,12.8676,0.0,0,18.62,0.0507
2627,N2C,12,5.9237,57.0,5,40.45,0.2547
2627,S2C,11,5.8588,43.0,4,40.9,0.2343
2627,E2C,6,12.6277,0.0,0,18.97,0.0542
2627,W2C,6,12.5389,0.0,0,19.11,0.0555
2628,N2C,12,5.3563,63.0,6,44.73,0.2729
2628,S2C,11,5.2273,47.0,4,45.84,0.2461
2628,E2C,6,12.4769,0.0,0,19.2,0.0563
2628,W2C,5,12.2611,0.0,0,19.54,0.0535
2629,N2C,13,5.8724,69.0,6,40.8,0.2754
2629,S2C,12,5.5281,51.0,4,43.34,0.2504
2629,E2C,6,12.7993,0.0,0,18.72,0.0517
2629,W2C,5,12.7098,0.0,0,18.85,0.047
2630,N2C,13,5.7546,76.0,7,41.64,0.2878
2630,S2C,12,5.1826,56.0,5,46.23,0.2647
2630,E2C,5,12.8059,0.0,0,18.71,0.0456
2630,W2C,5,12.4602,0.0,0,19.23,0.0506
2631,N2C,13,5.1447,83.0,7,46.57,0.3013
2631,S2C,12,5.0158,62.0,6,47.77,0.2771
2631,E2C,5,12.9143,0.0,0,18.55,0.044
2631,W2C,5,12.4097,0.0,0,19.31,0.0513
2632,N2C,13,4.6315,90.0,7,51.73,0.3133
2632,S2C,12,5.0515,68.0,6,47.43,0.2806
2632,E2C,5,13.064,0.0,0,18.34,0.0419
2632,W2C,5,12.7754,0.0,0,18.75,0.046
2633,N2C,14,4.5662,97.0,7,52.47,0.3249
2633,S2C,13,5.6467,75.0,7,42.43,0.2887
2633,E2C,6,13.3729,0.0,0,17.92,0.0434
2633,W2C,5,12.6371,0.0,0,18.96,0.048
2634,N2C,14,4.3886,105.0,8,54.6,0.3388
2634,S2C,13,5.221,82.0,7,45.89,0.2995
2634,E2C,6,12.7855,0.0,0,18.74,0.0519
2634,W2C,6,12.6857,0.0,0,18.89,0.0533
2635,N2C,14,3.9775,114.0,9,60.24,0.3567
2635,S2C,13,4.6988,89.0,7,50.99,0.3117
2635,E2C,5,13.1585,0.0,0,18.21,0.0405
2635,W2C,6,12.7654,0.0,0,18.77,0.0522
2636,N2C,14,3.7621,123.0,9,63.69,0.3658
2636,S2C,13,4.2109,97.0,8,56.9,0.33
2636,E2C,5,12.9844,0.0,0,18.45,0.043
2636,W2C,6,12.6256,0.0,0,18.98,0.0542
2637,N2C,15,3.9438,132.0,9,60.75,0.3752
2637,S2C,14,4.5675,105.0,8,52.46,0.3362
2637,E2C,5,12.4793,0.0,0,19.2,0.0503
2637,W2C,5,12.5282,0.0,0,19.12,0.0496
2638,N2C,15,3.6464,142.0,10,65.71,0.3922
2638,S2C,14,4.2388,113.0,8,56.52,0.3463
2638,E2C,5,12.0346,0.0,0,19.91,0.0567
2638,W2C,5,12.151,0.0,0,19.72,0.055
2639,N2C,15,3.3777,152.0,10,70.94,0.4027
2639,S2C,14,3.9202,122.0,9,61.12,0.3629
2639,E2C,5,12.1218,0.0,0,19.77,0.0555
2639,W2C,5,11.8964,0.0,0,20.14,0.0587
2640,N2C,16,3.9541,163.0,11,60.6,0.4137
2640,S2C,15,4.3179,131.0,9,55.49,0.3692
2640,E2C,6,12.152,0.0,0,19.72,0.061
2640,W2C,5,10.6216,0.0,0,22.56,0.0771
2641,N2C,14,4.4828,111.0,9,53.45,0.3475
2641,S2C,13,4.4435,82.0,7,53.92,0.3107
2641,E2C,6,11.1961,0.0,0,21.4,0.0748
2641,W2C,6,10.4674,0.0,0,22.89,0.0853
2642,N2C,14,4.427,72.0,7,54.12,0.3103
2642,S2C,13,4.295,46.0,5,55.79,0.2768
2642,E2C,6,10.7635,0.0,0,22.26,0.081
2642,W2C,6,10.489,0.0,0,22.84,0.085
2643,N2C,14,4.469,45.0,5,53.61,0.2797
2643,S2C,13,4.409,27.0,4,54.34,0.2565
2643,E2C,6,10.2208,0.0,0,23.44,0.0888
2643,W2C,6,10.4099,1.0,1,23.02,0.0928
2644,N2C,13,5.2199,23.0,3,45.9,0.2362
2644,S2C,12,5.7436,12.0,3,41.72,0.2153
2644,E2C,7,10.4887,1.0,1,22.84,0.0976
2644,W2C,7,10.7802,2.0,1,22.23,0.0941
2645,N2C,13,5.3897,7.0,2,44.45,0.2171
2645,S2C,12,6.5273,2.0,1,36.71,0.1853
2645,E2C,7,9.7944,2.0,1,24.46,0.1083
2645,W2C,7,9.995,3.0,1,23.97,0.1061
2646,N2C,11,5.9218,0.0,0,40.46,0.1807
2646,S2C,12,7.2279,0.0,0,33.15,0.1679
2646,E2C,7,8.7268,3.0,1,27.46,0.1243
2646,W2C,7,9.1016,4.0,1,26.32,0.1196
2647,N2C,12,7.2675,0.0,0,32.97,0.1674
2647,S2C,11,8.7686,0.0,0,27.32,0.1397
2647,E2C,8,8.4109,4.0,1,28.49,0.1356
2647,W2C,8,8.7267,6.0,2,27.46,0.1383
2648,N2C,10,8.4156,0.0,0,28.47,0.1388
2648,S2C,11,9.0603,0.0,0,26.45,0.1355
2648,E2C,8,7.9901,6.0,2,29.99,0.149
2648,W2C,8,7.9642,8.0,2,30.08,0.1507
2649,N2C,10,9.0961,0.0,0,26.34,0.129
2649,S2C,9,9.692,0.0,0,24.72,0.1144
2649,E2C,8,7.9773,8.0,2,30.04,0.1505
2649,W2C,8,7.9134,10.0,2,30.28,0.1527
2650,N2C,9,9.801,0.0,0,24.45,0.1129
2650,S2C,9,9.9854,0.0,0,23.99,0.1102
2650,E2C,8,7.1289,10.0,2,33.61,0.164
2650,W2C,8,7.7532,12.0,2,30.9,0.1564
2651,N2C,9,10.57,0.0,0,22.67,0.1018
2651,S2C,8,11.1267,0.0,0,21.53,0.0878
2651,E2C,9,7.2725,13.0,3,32.95,0.176
2651,W2C,9,8.2548,15.0,3,29.03,0.1631
2652,N2C,8,11.2999,0.0,0,21.2,0.0853
2652,S2C,8,11.6322,0.0,0,20.6,0.0805
2652,E2C,9,6.8847,16.0,3,34.8,0.1835
2652,W2C,9,7.7855,18.0,3,30.78,0.1719
2653,N2C,7,11.7491,0.0,0,20.39,0.0728
2653,S2C,6,12.7244,0.0,0,18.83,0.0528
2653,E2C,9,6.6158,20.0,4,36.22,0.1961
2653,W2C,9,7.3547,21.0,3,32.58,0.1801
2654,N2C,7,11.4714,0.0,0,20.89,0.0768
2654,S2C,5,13.2124,0.0,0,18.13,0.0398
2654,E2C,9,6.6753,24.0,4,35.89,0.1979
2654,W2C,9,7.1544,24.0,3,33.49,0.185
2655,N2C,6,12.0671,0.0,0,19.86,0.0622
2655,S2C,5,12.834,0.0,0,18.67,0.0452
2655,E2C,10,7.2949,28.0,4,32.84,0.1976
2655,W2C,10,7.524,27.0,3,31.84,0.1877
2656,N2C,6,12.2771,0.0,0,19.52,0.0592
2656,S2C,5,13.0299,0.0,0,18.39,0.0424
2656,E2C,10,6.6089,32.0,4,36.25,0.2102
2656,W2C,10,7.4787,31.0,4,32.04,0.197
2657,N2C,5,12.8868,0.0,0,18.59,0.0444
2657,S2C,5,12.8336,0.0,0,18.67,0.0452
2657,E2C,10,6.3907,36.0,4,37.49,0.216
2657,W2C,10,7.4627,35.0,4,32.11,0.1999
2658,N2C,6,12.7802,0.0,0,18.75,0.052
2658,S2C,5,12.3968,0.0,0,19.33,0.0515
2658,E2C,11,6.6898,40.0,4,35.82,0.2203
2658,W2C,11,7.5451,39.0,4,31.76,0.2074
2659,N2C,5,12.6221,0.0,0,18.98,0.0483
2659,S2C,5,12.5495,0.0,0,19.09,0.0493
2659,E2C,11,6.1342,44.0,4,39.06,0.231
2659,W2C,11,6.6636,43.0,4,35.96,0.2227
2660,N2C,5,12.8451,0.0,0,18.65,0.045
2660,S2C,5,12.2505,0.0,0,19.56,0.0536
2660,E2C,11,5.654,49.0,5,42.38,0.2473
2660,W2C,11,5.5933,47.0,4,42.84,0.2408
2661,N2C,5,12.7706,0.0,0,18.76,0.0461
2661,S2C,5,12.3867,0.0,0,19.34,0.0516
2661,E2C,11,5.0228,54.0,5,47.7,0.2597
2661,W2C,11,5.1748,52.0,5,46.3,0.2562
2662,N2C,6,12.9119,0.0,0,18.56,0.0501
2662,S2C,5,12.5514,0.0,0,19.09,0.0493
2662,E2C,12,5.1786,59.0,5,46.27,0.2668
2662,W2C,12,5.4936,58.0,6,43.61,0.2676
2663,N2C,6,12.8414,0.0,0,18.66,0.0511
2663,S2C,5,12.2565,0.0,0,19.55,0.0535
2663,E2C,12,5.0225,66.0,7,47.7,0.2857
2663,W2C,12,5.1441,64.0,6,46.58,0.2766
2664,N2C,5,13.0237,0.0,0,18.4,0.0425
2664,S2C,5,12.3366,0.0,0,19.42,0.0524
2664,E2C,12,4.7057,73.0,7,50.92,0.2949
2664,W2C,12,4.7054,70.0,6,50.92,0.2869
2665,N2C,6,12.7926,0.0,0,18.73,0.0518
2665,S2C,5,12.2655,0.0,0,19.53,0.0534
2665,E2C,13,5.2226,80.0,7,45.88,0.2981
2665,W2C,13,5.1392,77.0,7,46.62,0.2973
2666,N2C,5,12.9995,0.0,0,18.43,0.0428
2666,S2C,5,12.4213,0.0,0,19.29,0.0511
2666,E2C,13,5.0492,87.0,7,47.45,0.3053
2666,W2C,13,5.0102,85.0,8,47.82,0.3105
2667,N2C,5,12.886,0.0,0,18.59,0.0445
2667,S2C,5,12.4335,0.0,0,19.27,0.051
2667,E2C,13,4.7281,94.0,7,50.68,0.3146
2667,W2C,13,4.871,93.0,8,49.19,0.3179
2668,N2C,5,12.9749,0.0,0,18.47,0.0432
2668,S2C,5,12.3566,0.0,0,19.39,0.0521
2668,E2C,13,4.3737,102.0,8,54.78,0.331
2668,W2C,13,4.5362,101.0,8,52.82,0.328
2669,N2C,6,13.0368,0.0,0,18.38,0.0483
2669,S2C,6,12.7869,0.0,0,18.74,0.0519
2669,E2C,14,4.6946,110.0,8,51.04,0.3377
2669,W2C,14,4.8099,109.0,8,49.81,0.3354
2670,N2C,5,13.114,0.0,0,18.27,0.0412
2670,S2C,6,12.4074,0.0,0,19.31,0.0573
2670,E2C,14,4.426,118.0,8,54.13,0.3469
2670,W2C,14,4.5684,117.0,8,52.45,0.3442
2671,N2C,5,13.1942,0.0,0,18.16,0.04
2671,S2C,5,12.3305,0.0,0,19.43,0.0525
2671,E2C,14,4.217,126.0,8,56.82,0.3553
2671,W2C,14,4.2648,126.0,9,56.18,0.3606
2672,N2C,5,12.9377,0.0,0,18.52,0.0437
2672,S2C,5,12.6586,0.0,0,18.93,0.0477
2672,E2C,14,3.9952,135.0,9,59.97,0.3705
2672,W2C,14,3.9937,135.0,9,59.99,0.3705
2673,N2C,6,12.3173,0.0,0,19.45,0.0586
2673,S2C,6,12.9011,0.0,0,18.57,0.0502
2673,E2C,15,4.5459,144.0,9,52.71,0.3745
2673,W2C,15,4.3909,144.0,9,54.57,0.3768
2674,N2C,6,11.4129,0.0,0,20.99,0.0717
2674,S2C,6,12.267,0.0,0,19.53,0.0594
2674,E2C,13,4.602,95.0,7,52.06,0.3171
2674,W2C,13,4.4346,98.0,8,54.03,0.3275
2675,N2C,6,10.7914,0.0,0,22.2,0.0806
2675,S2C,6,11.5691,0.0,0,20.71,0.0694
2675,E2C,13,4.4314,54.0,5,54.07,0.2802
2675,W2C,13,4.3935,57.0,6,54.54,0.2887
2676,N2C,7,10.1405,1.0,1,23.63,0.1027
2676,S2C,6,11.2245,0.0,0,21.35,0.0744
2676,E2C,14,5.4022,29.0,4,44.35,0.2495
2676,W2C,14,5.2347,32.0,4,45.77,0.254
2677,N2C,7,9.2802,2.0,1,25.82,0.1157
2677,S2C,7,11.3401,0.0,0,21.13,0.0787
2677,E2C,12,5.8273,9.0,3,41.12,0.2121
2677,W2C,12,5.4202,12.0,3,44.2,0.22
2678,N2C,7,9.0709,3.0,1,26.41,0.1194
2678,S2C,7,10.6845,1.0,1,22.43,0.0948
2678,E2C,12,6.4262,2.0,1,37.28,0.1868
2678,W2C,12,5.9082,2.0,1,40.55,0.1943
2679,N2C,7,8.1718,5.0,2,29.32,0.1397
2679,S2C,7,9.7031,2.0,1,24.69,0.1096
2679,E2C,11,7.3322,0.0,0,32.68,0.1604
2679,W2C,12,6.369,0.0,0,37.62,0.1803
2680,N2C,8,8.5798,7.0,2,27.93,0.1411
2680,S2C,8,9.1984,3.0,1,26.05,0.1236
2680,E2C,11,8.346,0.0,0,28.71,0.1458
2680,W2C,11,7.1309,0.0,0,33.6,0.1633
2681,N2C,8,8.0729,9.0,2,29.68,0.1498
2681,S2C,8,8.2653,4.0,1,28.99,0.1377
2681,E2C,10,8.743,0.0,0,27.4,0.1341
2681,W2C,11,7.7475,0.0,0,30.93,0.1544
2682,N2C,8,7.3625,11.0,2,32.54,0.1613
2682,S2C,8,7.6431,6.0,2,31.35,0.1539
2682,E2C,9,9.2841,0.0,0,25.81,0.1203
2682,W2C,9,8.6113,0.0,0,27.82,0.13
2683,N2C,9,7.4488,14.0,3,32.17,0.1741
2683,S2C,9,7.9181,8.0,2,30.26,0.1573
2683,E2C,9,10.3668,0.0,0,23.11,0.1047
2683,W2C,9,9.8621,0.0,0,24.3,0.112
2684,N2C,9,7.1022,17.0,3,33.74,0.1811
2684,S2C,9,7.5586,11.0,3,31.7,0.1705
2684,E2C,8,11.1001,0.0,0,21.59,0.0882
2684,W2C,8,10.4652,0.0,0,22.89,0.0973
2685,N2C,9,6.9039,20.0,3,34.71,0.1859
2685,S2C,9,7.1274,14.0,3,33.62,0.1787
2685,E2C,7,11.5676,0.0,0,20.71,0.0754
2685,W2C,8,11.1155,0.0,0,21.56,0.0879
2686,N2C,9,6.8439,24.0,4,35.01,0.1955
2686,S2C,9,6.7547,17.0,3,35.47,0.1861
2686,E2C,6,12.46,0.0,0,19.23,0.0566
2686,W2C,6,11.7018,0.0,0,20.48,0.0675
2687,N2C,10,7.2787,28.0,4,32.92,0.1979
2687,S2C,10,6.85,21.0,4,34.98,0.1994
2687,E2C,6,13.0153,0.0,0,18.41,0.0486
2687,W2C,6,12.8716,0.0,0,18.61,0.0507
2688,N2C,10,6.6706,32.0,4,35.92,0.2093
2688,S2C,10,6.3216,25.0,4,37.9,0.2096
2688,E2C,6,12.7942,0.0,0,18.73,0.0518
2688,W2C,5,12.3722,0.0,0,19.37,0.0519
2689,N2C,10,5.774,37.0,5,41.5,0.2315
2689,S2C,10,6.3449,29.0,4,37.76,0.212
2689,E2C,5,13.1555,0.0,0,18.21,0.0406
2689,W2C,5,12.6369,0.0,0,18.96,0.048
2690,N2C,10,5.9817,42.0,5,40.06,0.2319
2690,S2C,10,5.7453,34.0,5,41.7,0.2299
2690,E2C,5,13.2241,0.0,0,18.12,0.0396
2690,W2C,5,12.4561,0.0,0,19.24,0.0506
2691,N2C,11,6.1294,47.0,5,39.09,0.2391
2691,S2C,11,6.1477,39.0,5,38.97,0.2335
2691,E2C,5,13.2825,0.0,0,18.04,0.0387
2691,W2C,5,12.6306,0.0,0,18.97,0.0481
2692,N2C,11,5.7617,53.0,6,41.58,0.2544
2692,S2C,11,5.6172,44.0,5,42.65,0.2445
2692,E2C,5,12.8748,0.0,0,18.61,0.0446
2692,W2C,5,12.8223,0.0,0,18.69,0.0454
2693,N2C,11,5.8416,59.0,6,41.02,0.2572
2693,S2C,11,5.255,50.0,6,45.59,0.2597
2693,E2C,5,13.0188,0.0,0,18.4,0.0425
2693,W2C,5,12.6517,0.0,0,18.94,0.0478
2694,N2C,12,6.371,65.0,6,37.61,0.2596
2694,S2C,12,5.7668,56.0,6,41.55,0.2623
2694,E2C,5,13.0579,0.0,0,18.35,0.042
2694,W2C,6,12.7697,0.0,0,18.76,0.0521
2695,N2C,12,6.0793,71.0,6,39.41,0.2678
2695,S2C,12,5.3673,62.0,6,44.64,0.2721
2695,E2C,5,13.088,0.0,0,18.31,0.0415
2695,W2C,6,12.6963,0.0,0,18.87,0.0532
2696,N2C,12,5.4832,77.0,6,43.7,0.2804
2696,S2C,12,5.2231,68.0,6,45.87,0.2781
2696,E2C,5,13.2134,0.0,0,18.13,0.0397
2696,W2C,5,12.9168,0.0,0,18.55,0.044
2697,N2C,12,4.7646,83.0,6,50.29,0.2947
2697,S2C,12,4.8376,75.0,7,49.53,0.2943
2697,E2C,5,13.2758,0.0,0,18.05,0.0388
2697,W2C,5,12.7517,0.0,0,18.79,0.0464
2698,N2C,13,5.0253,90.0,7,47.68,0.3076
2698,S2C,13,4.9737,82.0,7,48.17,0.3031
2698,E2C,5,13.2726,0.0,0,18.05,0.0389
2698,W2C,6,12.992,0.0,0,18.44,0.0489
2699,N2C,13,4.4317,97.0,7,54.07,0.3209
2699,S2C,13,4.276,89.0,7,56.03,0.3178
2699,E2C,5,13.004,0.0,0,18.43,0.0428
2699,W2C,6,12.7378,0.0,0,18.81,0.0526
2700,N2C,13,4.3076,105.0,8,55.62,0.334
2700,S2C,13,4.0133,96.0,7,59.7,0.3262
2700,E2C,5,12.8021,0.0,0,18.72,0.0457
2700,W2C,5,12.6774,0.0,0,18.9,0.0475
2701,N2C,14,4.6492,113.0,8,51.54,0.3404
2701,S2C,14,4.5545,104.0,8,52.61,0.3358
2701,E2C,5,13.2343,0.0,0,18.1,0.0394
2701,W2C,6,12.9697,0.0,0,18.47,0.0493
2702,N2C,14,4.5106,121.0,8,53.12,0.3477
2702,S2C,14,4.5049,112.0,8,53.19,0.3418
2702,E2C,5,12.8704,0.0,0,18.62,0.0447
2702,W2C,6,12.8211,0.0,0,18.69,0.0514
2703,N2C,14,4.3909,130.0,9,54.57,0.3614
2703,S2C,14,4.3394,121.0,9,55.21,0.3562
2703,E2C,5,12.8525,0.0,0,18.64,0.0449
2703,W2C,5,13.0702,0.0,0,18.33,0.0418
2704,N2C,14,4.1559,139.0,9,57.65,0.3708
2704,S2C,14,4.319,130.0,9,55.48,0.3625
2704,E2C,5,12.6862,0.0,0,18.89,0.0473
2704,W2C,5,12.2765,0.0,0,19.52,0.0532
2705,N2C,15,4.6691,148.0,9,51.32,0.3754
2705,S2C,15,4.6732,139.0,9,51.27,0.3694
2705,E2C,6,12.1237,0.0,0,19.76,0.0614
2705,W2C,6,12.2519,0.0,0,19.56,0.0596
2706,N2C,15,4.0423,157.0,9,59.27,0.3905
2706,S2C,15,4.4148,148.0,9,54.27,0.3791
2706,E2C,6,11.0861,0.0,0,21.61,0.0764
2706,W2C,6,11.4595,0.0,0,20.91,0.071
2707,N2C,13,4.3205,106.0,8,55.46,0.3345
2707,S2C,13,4.9273,103.0,7,48.63,0.3177
2707,E2C,6,10.5846,0.0,0,22.64,0.0836
2707,W2C,6,10.5161,0.0,0,22.78,0.0846
2708,N2C,13,4.3043,65.0,6,55.66,0.2954
2708,S2C,13,4.7493,61.0,5,50.45,0.2803
2708,E2C,6,10.3251,1.0,1,23.21,0.094
2708,W2C,6,10.2187,0.0,0,23.45,0.0889
2709,N2C,14,5.3661,33.0,5,44.65,0.2587
2709,S2C,14,5.3007,30.0,4,45.2,0.2517
2709,E2C,6,9.7123,2.0,1,24.67,0.1035
2709,W2C,7,10.1359,1.0,1,23.64,0.1027
2710,N2C,12,5.7253,14.0,3,41.85,0.2169
2710,S2C,12,5.2999,10.0,2,45.21,0.2144
2710,E2C,7,9.8289,3.0,1,24.38,0.1085
2710,W2C,7,9.5373,2.0,1,25.12,0.112
2711,N2C,12,6.2007,3.0,1,38.64,0.1907
2711,S2C,12,5.5718,0.0,0,43.0,0.1918
2711,E2C,7,8.5782,4.0,1,27.93,0.1272
2711,W2C,7,8.351,4.0,2,28.69,0.1364
2712,N2C,11,7.2607,0.0,0,33.0,0.1615
2712,S2C,11,7.2357,0.0,0,33.11,0.1618
2712,E2C,8,8.8701,6.0,2,27.01,0.1363
2712,W2C,8,8.7019,6.0,2,27.53,0.1387
2713,N2C,11,7.7916,0.0,0,30.75,0.1538
2713,S2C,11,7.5321,0.0,0,31.81,0.1575
2713,E2C,8,8.1711,8.0,2,29.32,0.1477
2713,W2C,8,8.0501,8.0,2,29.76,0.1494
2714,N2C,9,8.7205,0.0,0,27.48,0.1284
2714,S2C,10,8.4333,0.0,0,28.41,0.1386
2714,E2C,8,7.9683,10.0,2,30.07,0.1519
2714,W2C,8,7.8726,10.0,2,30.43,0.1533
2715,N2C,9,9.229,0.0,0,25.96,0.1211
2715,S2C,9,8.9601,0.0,0,26.74,0.125
2715,E2C,8,7.4763,13.0,3,32.05,0.167
2715,W2C,8,7.6747,12.0,2,31.22,0.1575
2716,N2C,8,10.5518,0.0,0,22.71,0.0961
2716,S2C,9,10.0293,0.0,0,23.89,0.1096
2716,E2C,9,7.8518,16.0,3,30.52,0.1696
2716,W2C,9,7.7417,15.0,3,30.95,0.1705
2717,N2C,8,11.2615,0.0,0,21.28,0.0858
2717,S2C,8,10.377,0.0,0,23.09,0.0986
2717,E2C,9,7.1377,19.0,3,33.57,0.1819
2717,W2C,9,7.7826,18.0,3,30.79,0.1719
2718,N2C,6,12.456,0.0,0,19.24,0.0566
2718,S2C,6,11.3889,0.0,0,21.04,0.072
2718,E2C,9,7.1073,23.0,4,33.71,0.191
2718,W2C,9,7.1991,21.0,3,33.28,0.1823
2719,N2C,7,12.5539,0.0,0,19.09,0.0612
2719,S2C,7,11.8679,0.0,0,20.19,0.0711
2719,E2C,10,7.893,27.0,4,30.36,0.1884
2719,W2C,10,7.3533,24.0,3,32.58,0.1881
2720,N2C,6,13.0919,0.0,0,18.3,0.0475
2720,S2C,5,12.5503,0.0,0,19.09,0.0493
2720,E2C,10,7.5685,31.0,4,31.66,0.1957
2720,W2C,10,6.8347,28.0,4,35.06,0.2043
2721,N2C,5,12.9149,0.0,0,18.55,0.044
2721,S2C,5,12.4836,0.0,0,19.19,0.0503
2721,E2C,10,7.2604,35.0,4,33.0,0.2028
2721,W2C,10,6.4929,32.0,4,36.9,0.2118
2722,N2C,5,13.0762,0.0,0,18.32,0.0417
2722,S2C,5,12.5079,0.0,0,19.16,0.0499
2722,E2C,10,6.7953,39.0,4,35.26,0.2122
2722,W2C,10,6.1425,37.0,5,39.01,0.2262
2723,N2C,5,13.0332,0.0,0,18.38,0.0423
2723,S2C,6,12.7987,0.0,0,18.72,0.0517
2723,E2C,11,6.5603,43.0,4,36.52,0.2242
2723,W2C,11,6.6224,42.0,5,36.18,0.2286
2724,N2C,5,12.8977,0.0,0,18.58,0.0443
2724,S2C,6,12.8566,0.0,0,18.64,0.0509
2724,E2C,11,6.092,47.0,4,39.33,0.2336
2724,W2C,11,6.0144,47.0,5,39.84,0.2407
2725,N2C,5,12.7541,0.0,0,18.79,0.0464
2725,S2C,5,13.0348,0.0,0,18.38,0.0423
2725,E2C,11,5.8157,52.0,5,41.2,0.2469
2725,W2C,11,5.37,52.0,5,44.62,0.2533
2726,N2C,5,13.2419,0.0,0,18.09,0.0393
2726,S2C,5,12.8197,0.0,0,18.69,0.0454
2726,E2C,11,5.6093,58.0,6,42.72,0.2599
2726,W2C,11,5.0949,57.0,5,47.03,0.2606
2727,N2C,5,13.0956,0.0,0,18.3,0.0414
2727,S2C,6,12.7329,0.0,0,18.82,0.0527
2727,E2C,12,5.8918,64.0,6,40.67,0.2658
2727,W2C,12,5.2012,63.0,6,46.07,0.2751
2728,N2C,5,13.5009,0.0,0,17.75,0.0356
2728,S2C,5,12.8199,0.0,0,18.69,0.0454
2728,E2C,12,5.2125,70.0,6,45.97,0.2796
2728,W2C,12,4.8026,70.0,7,49.89,0.2915
2729,N2C,5,12.9404,0.0,0,18.52,0.0437
2729,S2C,5,12.7864,0.0,0,18.74,0.0459
2729,E2C,12,4.7407,76.0,6,50.54,0.2904
2729,W2C,12,4.3134,77.0,7,55.55,0.3032
2730,N2C,5,12.7195,0.0,0,18.84,0.0469
2730,S2C,5,12.8735,0.0,0,18.61,0.0446
2730,E2C,13,5.005,83.0,7,47.87,0.3033
2730,W2C,13,4.7248,84.0,7,50.71,0.308
2731,N2C,5,12.8037,0.0,0,18.71,0.0456
2731,S2C,5,12.4717,0.0,0,19.21,0.0504
2731,E2C,13,4.7457,91.0,8,50.49,0.3183
2731,W2C,13,4.7158,92.0,8,50.81,0.3194
2732,N2C,5,12.5397,0.0,0,19.11,0.0494
2732,S2C,5,12.641,0.0,0,18.95,0.048
2732,E2C,13,4.5759,99.0,8,52.36,0.3261
2732,W2C,13,4.7892,100.0,8,50.03,0.3237
2733,N2C,5,12.3591,0.0,0,19.39,0.052
2733,S2C,5,12.694,0.0,0,18.88,0.0472
2733,E2C,13,4.1771,107.0,8,57.36,0.3372
2733,W2C,13,4.4089,108.0,8,54.34,0.3345
2734,N2C,4,12.4229,0.0,0,19.29,0.0451
2734,S2C,5,12.2922,0.0,0,19.49,0.053
2734,E2C,14,4.655,116.0,9,51.47,0.3483
2734,W2C,14,4.7799,116.0,8,50.13,0.3405
2735,N2C,4,12.2871,0.0,0,19.5,0.0471
2735,S2C,5,12.7367,0.0,0,18.81,0.0466
2735,E2C,14,4.4314,125.0,9,54.07,0.3575
2735,W2C,14,4.6256,124.0,8,51.8,0.3481
2736,N2C,5,12.8397,0.0,0,18.66,0.0451
2736,S2C,5,12.8417,0.0,0,18.66,0.0451
2736,E2C,14,4.0283,134.0,9,59.48,0.3693
2736,W2C,14,4.2061,132.0,8,56.97,0.3594
2737,N2C,6,12.0846,0.0,0,19.83,0.062
2737,S2C,6,12.9453,0.0,0,18.51,0.0496
2737,E2C,15,4.4288,143.0,9,54.1,0.3756
2737,W2C,15,4.8332,141.0,9,49.57,0.3684
2738,N2C,6,11.1976,0.0,0,21.4,0.0748
2738,S2C,6,12.7073,0.0,0,18.86,0.053
2738,E2C,15,4.0536,152.0,9,59.11,0.387
2738,W2C,15,4.1624,150.0,9,57.56,0.3841
2739,N2C,6,10.8683,0.0,0,22.05,0.0795
2739,S2C,6,11.6104,0.0,0,20.64,0.0688
2739,E2C,15,3.8147,162.0,10,62.81,0.4031
2739,W2C,15,3.7009,160.0,10,64.74,0.4034
2740,N2C,6,10.4561,0.0,0,22.91,0.0854
2740,S2C,6,10.5998,0.0,0,22.6,0.0834
2740,E2C,13,4.1418,110.0,8,57.85,0.3397
2740,W2C,13,3.9611,108.0,8,60.49,0.341
2741,N2C,6,9.533,1.0,1,25.13,0.1054
2741,S2C,7,10.4357,1.0,1,22.96,0.0984
2741,E2C,14,4.9649,67.0,6,48.26,0.2932
2741,W2C,14,4.8241,68.0,6,49.67,0.2959
2742,N2C,7,9.5208,2.0,1,25.17,0.1122
2742,S2C,7,9.6535,2.0,1,24.82,0.1103
2742,E2C,14,4.9136,38.0,4,48.76,0.2626
2742,W2C,14,5.0273,37.0,4,47.66,0.2603
2743,N2C,7,8.571,3.0,1,27.95,0.1266
2743,S2C,7,9.2135,3.0,1,26.01,0.1173
2743,E2C,13,5.1331,15.0,2,46.68,0.2261
2743,W2C,12,5.5959,13.0,3,42.82,0.2181
2744,N2C,7,7.99,4.0,1,29.99,0.1356
2744,S2C,7,8.8893,5.0,2,26.95,0.1293
2744,E2C,12,5.4607,1.0,1,43.88,0.2
2744,W2C,12,6.1049,2.0,1,39.25,0.1914
2745,N2C,8,8.4152,6.0,2,28.47,0.1428
2745,S2C,8,9.0014,7.0,2,26.62,0.1351
2745,E2C,13,6.4853,0.0,0,36.95,0.1846
2745,W2C,12,6.961,0.0,0,34.42,0.1718
2746,N2C,8,7.7532,8.0,2,30.9,0.1537
2746,S2C,8,8.4705,9.0,2,28.29,0.144
2746,E2C,11,6.8028,0.0,0,35.22,0.168
2746,W2C,11,7.2169,0.0,0,33.2,0.1621
2747,N2C,8,7.5906,10.0,2,31.57,0.1574
2747,S2C,8,8.1942,11.0,2,29.24,0.1493
2747,E2C,11,7.374,0.0,0,32.49,0.1598
2747,W2C,11,7.8421,0.0,0,30.55,0.1531
2748,N2C,9,8.4258,13.0,3,28.44,0.1593
2748,S2C,9,8.4651,13.0,2,28.3,0.1528
2748,E2C,10,8.7603,0.0,0,27.35,0.1339
2748,W2C,10,9.1409,0.0,0,26.21,0.1284
2749,N2C,9,8.1434,16.0,3,29.42,0.1654
2749,S2C,9,7.6578,16.0,3,31.29,0.1724
2749,E2C,10,9.4679,0.0,0,25.31,0.1237
2749,W2C,9,9.82,0.0,0,24.4,0.1126
2750,N2C,9,7.7885,19.0,3,30.76,0.1725
2750,S2C,9,7.4566,19.0,3,32.13,0.1773
2750,E2C,8,10.304,0.0,0,23.25,0.0996
2750,W2C,8,10.2543,0.0,0,23.37,0.1004
2751,N2C,9,7.4722,22.0,3,32.07,0.1791
2751,S2C,9,7.2399,22.0,3,33.09,0.1824
2751,E2C,8,11.257,0.0,0,21.28,0.0859
2751,W2C,7,11.2532,0.0,0,21.29,0.08
2752,N2C,10,7.6226,25.0,3,31.43,0.1849
2752,S2C,10,7.1288,26.0,4,33.61,0.1987
2752,E2C,7,11.8873,0.0,0,20.16,0.0708
2752,W2C,7,11.9466,0.0,0,20.06,0.07
2753,N2C,10,7.5321,28.0,3,31.81,0.1882
2753,S2C,10,6.8043,30.0,4,35.21,0.206
2753,E2C,7,12.26,0.0,0,19.54,0.0655
2753,W2C,6,12.6109,0.0,0,19.0,0.0544
2754,N2C,10,6.9984,32.0,4,34.24,0.2046
2754,S2C,10,6.1054,34.0,4,39.24,0.2188
2754,E2C,5,12.4674,0.0,0,19.22,0.0505
2754,W2C,5,12.6963,0.0,0,18.87,0.0472
2755,N2C,11,7.1771,36.0,4,33.38,0.2107
2755,S2C,11,6.3008,38.0,4,38.03,0.2246
2755,E2C,6,12.8311,0.0,0,18.67,0.0512
2755,W2C,6,12.8098,0.0,0,18.7,0.0516
2756,N2C,11,6.35,40.0,4,37.73,0.2252
2756,S2C,11,5.8741,43.0,5,40.79,0.2401
2756,E2C,5,12.7027,0.0,0,18.86,0.0471
2756,W2C,5,12.6031,0.0,0,19.01,0.0485
2757,N2C,11,5.975,44.0,4,40.1,0.2333
2757,S2C,11,5.2992,48.0,5,45.21,0.2517
2757,E2C,5,12.7468,0.0,0,18.8,0.0465
2757,W2C,5,12.7079,0.0,0,18.85,0.047
2758,N2C,11,5.9262,50.0,6,40.43,0.25
2758,S2C,11,5.0086,53.0,5,47.84,0.2592
2758,E2C,5,12.8604,0.0,0,18.63,0.0448
2758,W2C,5,12.524,0.0,0,19.13,0.0497
2759,N2C,12,6.0303,56.0,6,39.73,0.2585
2759,S2C,12,5.4079,58.0,5,44.31,0.2628
2759,E2C,5,12.8599,0.0,0,18.63,0.0448
2759,W2C,6,12.7932,0.0,0,18.73,0.0518
2760,N2C,12,5.6627,62.0,6,42.31,0.2678
2760,S2C,12,5.2251,64.0,6,45.86,0.2754
2760,E2C,5,12.8488,0.0,0,18.65,0.045
2760,W2C,5,12.9208,0.0,0,18.54,0.044
2761,N2C,12,5.184,68.0,6,46.22,0.2787
2761,S2C,12,5.0941,71.0,7,47.03,0.288
2761,E2C,5,12.6795,0.0,0,18.9,0.0474
2761,W2C,5,12.8328,0.0,0,18.67,0.0452
2762,N2C,12,4.63,74.0,6,51.75,0.2907
2762,S2C,12,4.5711,78.0,7,52.42,0.3002
2762,E2C,5,12.6151,0.0,0,18.99,0.0484
2762,W2C,5,12.5565,0.0,0,19.08,0.0492
2763,N2C,13,4.8693,81.0,7,49.21,0.3039
2763,S2C,13,4.832,85.0,7,49.59,0.3071
2763,E2C,6,12.7754,0.0,0,18.75,0.052
2763,W2C,6,12.82,0.0,0,18.69,0.0514
2764,N2C,13,4.3484,88.0,7,55.1,0.3161
2764,S2C,13,4.3694,92.0,7,54.84,0.3184
2764,E2C,5,12.2668,0.0,0,19.53,0.0534
2764,W2C,5,12.9366,0.0,0,18.52,0.0437
2765,N2C,13,4.0407,95.0,7,59.3,0.3252
2765,S2C,13,4.0381,100.0,8,59.33,0.3345
2765,E2C,5,12.4064,0.0,0,19.31,0.0514
2765,W2C,5,12.7183,0.0,0,18.84,0.0469
2766,N2C,14,4.5257,103.0,8,52.94,0.3355
2766,S2C,14,4.376,108.0,8,54.75,0.341
2766,E2C,5,12.8425,0.0,0,18.66,0.0451
2766,W2C,5,12.9314,0.0,0,18.53,0.0438
2767,N2C,14,4.4542,112.0,9,53.79,0.3485
2767,S2C,14,4.4265,117.0,9,54.13,0.3523
2767,E2C,5,12.7532,0.0,0,18.79,0.0464
2767,W2C,5,12.7696,0.0,0,18.76,0.0461
2768,N2C,14,4.4168,121.0,9,54.25,0.3551
2768,S2C,14,4.4088,126.0,9,54.35,0.3585
2768,E2C,5,12.5817,0.0,0,19.04,0.0488
2768,W2C,5,12.8562,0.0,0,18.64,0.0449
2769,N2C,14,4.1385,130.0,9,57.9,0.3651
2769,S2C,14,4.3033,135.0,9,55.68,0.366
2769,E2C,5,12.5609,0.0,0,19.08,0.0491
2769,W2C,5,12.7709,0.0,0,18.76,0.0461
2770,N2C,15,4.2401,139.0,9,56.51,0.3756
2770,S2C,15,4.6738,144.0,9,51.26,0.3727
2770,E2C,6,12.6871,0.0,0,18.89,0.0533
2770,W2C,6,12.9348,0.0,0,18.52,0.0498
2771,N2C,15,3.7161,148.0,9,64.48,0.3892
2771,S2C,15,4.2474,153.0,9,56.41,0.3848
2771,E2C,6,12.3472,0.0,0,19.41,0.0582
2771,W2C,6,12.2874,0.0,0,19.5,0.0591
2772,N2C,15,3.431,158.0,10,69.83,0.4059
2772,S2C,15,3.8895,162.0,9,61.6,0.396
2772,E2C,6,11.5664,0.0,0,20.72,0.0695
2772,W2C,6,11.752,0.0,0,20.39,0.0668
2773,N2C,14,4.5329,107.0,9,52.86,0.3441
2773,S2C,14,4.6843,109.0,8,51.15,0.3372
2773,E2C,6,10.09,0.0,0,23.75,0.0907
2773,W2C,7,11.377,0.0,0,21.06,0.0782
2774,N2C,14,4.8055,68.0,7,49.86,0.3021
2774,S2C,14,4.4365,68.0,6,54.01,0.3015
2774,E2C,7,9.6148,0.0,0,24.92,0.1036
2774,W2C,7,10.6684,0.0,0,22.46,0.0884
2775,N2C,14,5.3039,39.0,5,45.17,0.2636
2775,S2C,14,4.6853,38.0,4,51.14,0.2659
2775,E2C,7,9.0353,0.0,0,26.52,0.1119
2775,W2C,7,9.768,1.0,1,24.53,0.108
2776,N2C,12,6.1745,19.0,3,38.8,0.2138
2776,S2C,12,5.0452,15.0,3,47.49,0.2274
2776,E2C,7,8.5155,2.0,2,28.14,0.1327
2776,W2C,7,8.9028,2.0,1,26.91,0.1211
2777,N2C,13,6.8072,5.0,1,35.2,0.1893
2777,S2C,13,5.9679,2.0,1,40.15,0.1994
2777,E2C,8,8.5303,4.0,2,28.09,0.1398
2777,W2C,8,8.8364,3.0,1,27.12,0.1288
2778,N2C,12,6.8808,0.0,0,34.82,0.1729
2778,S2C,12,6.2546,0.0,0,38.31,0.1819
2778,E2C,8,7.9936,6.0,2,29.97,0.1489
2778,W2C,8,8.3653,5.0,2,28.64,0.1429
2779,N2C,11,7.4891,0.0,0,31.99,0.1582
2779,S2C,11,6.7162,0.0,0,35.68,0.1693
2779,E2C,8,7.8831,8.0,2,30.39,0.1518
2779,W2C,8,8.3514,7.0,2,28.69,0.1444
2780,N2C,10,8.3662,0.0,0,28.64,0.1395
2780,S2C,10,7.5423,0.0,0,31.77,0.1514
2780,E2C,8,7.8819,10.0,2,30.4,0.1532
2780,W2C,8,7.7351,9.0,2,30.98,0.1546
2781,N2C,10,9.2319,0.0,0,25.95,0.1271
2781,S2C,10,9.2573,0.0,0,25.88,0.1267
2781,E2C,9,8.5435,13.0,3,28.04,0.1577
2781,W2C,9,7.7694,12.0,3,30.84,0.1681
2782,N2C,9,9.5351,0.0,0,25.13,0.1167
2782,S2C,9,10.294,0.0,0,23.28,0.1058
2782,E2C,9,7.9245,16.0,3,30.24,0.1686
2782,W2C,9,6.9039,15.0,3,34.71,0.1826
2783,N2C,8,10.3587,0.0,0,23.13,0.0988
2783,S2C,8,11.0808,0.0,0,21.62,0.0884
2783,E2C,9,6.8686,19.0,3,34.88,0.1858
2783,W2C,9,6.3513,19.0,4,37.72,0.1992
2784,N2C,8,11.4572,0.0,0,20.91,0.083
2784,S2C,8,12.0714,0.0,0,19.85,0.0742
2784,E2C,10,6.8998,22.0,3,34.73,0.1933
2784,W2C,10,6.8158,23.0,4,35.15,0.2012
2785,N2C,6,12.0762,0.0,0,19.84,0.0621
2785,S2C,7,12.4825,0.0,0,19.19,0.0623
2785,E2C,10,6.3895,26.0,4,37.5,0.2093
2785,W2C,10,6.4027,28.0,5,37.42,0.2165
2786,N2C,6,12.4843,0.0,0,19.19,0.0562
2786,S2C,6,12.6042,0.0,0,19.01,0.0545
2786,E2C,10,6.215,30.0,4,38.55,0.2145
2786,W2C,10,6.4254,33.0,5,37.29,0.2195
2787,N2C,5,12.6369,0.0,0,18.96,0.048
2787,S2C,6,12.7021,0.0,0,18.86,0.0531
2787,E2C,10,6.2023,35.0,5,38.63,0.224
2787,W2C,10,6.1822,38.0,5,38.76,0.2263
2788,N2C,5,12.9368,0.0,0,18.52,0.0437
2788,S2C,5,12.9598,0.0,0,18.49,0.0434
2788,E2C,11,6.8992,40.0,5,34.73,0.2233
2788,W2C,11,6.4212,43.0,5,37.31,0.2322
2789,N2C,5,12.8282,0.0,0,18.68,0.0453
2789,S2C,5,13.1925,0.0,0,18.16,0.04
2789,E2C,11,6.5728,45.0,5,36.45,0.2314
2789,W2C,11,5.6571,48.0,5,42.35,0.2465
2790,N2C,5,13.0129,0.0,0,18.41,0.0426
2790,S2C,5,12.8769,0.0,0,18.61,0.0446
2790,E2C,11,6.2224,50.0,5,38.51,0.2397
2790,W2C,11,5.1553,53.0,5,46.48,0.2571
2791,N2C,5,12.9581,0.0,0,18.49,0.0434
2791,S2C,5,13.1705,0.0,0,18.19,0.0404
2791,E2C,12,5.9132,55.0,5,40.52,0.2535
2791,W2C,12,5.6139,59.0,6,42.68,0.2665
2792,N2C,5,12.8601,0.0,0,18.63,0.0448
2792,S2C,5,13.0713,0.0,0,18.33,0.0418
2792,E2C,12,5.4925,61.0,6,43.62,0.2696
2792,W2C,12,5.3773,65.0,6,44.56,0.2739
2793,N2C,5,12.87,0.0,0,18.62,0.0447
2793,S2C,5,13.1883,0.0,0,18.17,0.0401
2793,E2C,12,5.0916,67.0,6,47.06,0.2794
2793,W2C,12,5.1322,72.0,7,46.69,0.2881
2794,N2C,5,12.692,0.0,0,18.88,0.0473
2794,S2C,5,12.9034,0.0,0,18.57,0.0442
2794,E2C,12,4.7057,74.0,7,50.92,0.2956
2794,W2C,12,4.8013,79.0,7,49.9,0.2975
2795,N2C,5,12.8827,0.0,0,18.6,0.0445
2795,S2C,5,13.0151,0.0,0,18.41,0.0426
2795,E2C,13,4.9693,81.0,7,48.22,0.3024
2795,W2C,13,5.1536,86.0,7,46.49,0.3031
2796,N2C,5,12.8181,0.0,0,18.69,0.0454
2796,S2C,5,12.6837,0.0,0,18.89,0.0474
2796,E2C,13,4.7706,89.0,8,50.22,0.3166
2796,W2C,13,4.9041,93.0,7,48.86,0.3114
2797,N2C,5,12.8779,0.0,0,18.61,0.0446
2797,S2C,5,13.2864,0.0,0,18.03,0.0387
2797,E2C,13,4.5071,97.0,8,53.16,0.3258
2797,W2C,13,4.9054,100.0,7,48.84,0.316
2798,N2C,5,12.8151,0.0,0,18.7,0.0455
2798,S2C,5,13.0617,0.0,0,18.34,0.0419
2798,E2C,13,4.1286,105.0,8,58.03,0.3366
2798,W2C,13,4.7369,108.0,8,50.58,0.3298
2799,N2C,6,13.1944,0.0,0,18.16,0.046
2799,S2C,5,13.2026,0.0,0,18.15,0.0399
2799,E2C,14,4.5845,113.0,8,52.26,0.3413
2799,W2C,14,4.7831,116.0,8,50.09,0.3405
2800,N2C,6,12.7372,0.0,0,18.81,0.0526
2800,S2C,5,13.3955,0.0,0,17.89,0.0371
2800,E2C,14,4.3031,122.0,9,55.68,0.3574
2800,W2C,14,4.276,125.0,9,56.03,0.3598
2801,N2C,6,12.8117,0.0,0,18.7,0.0515
2801,S2C,5,13.0463,0.0,0,18.37,0.0421
2801,E2C,14,3.9976,131.0,9,59.94,0.3678
2801,W2C,14,3.8938,134.0,9,61.53,0.3713
2802,N2C,5,13.1062,0.0,0,18.28,0.0413
2802,S2C,5,13.615,0.0,0,17.6,0.034
2802,E2C,15,4.2287,140.0,9,56.66,0.3764
2802,W2C,15,4.3542,143.0,9,55.03,0.3766
2803,N2C,5,12.894,0.0,0,18.58,0.0443
2803,S2C,5,12.9646,0.0,0,18.48,0.0433
2803,E2C,15,3.8459,149.0,9,62.3,0.388
2803,W2C,15,3.9907,152.0,9,60.04,0.3879
2804,N2C,5,13.3514,0.0,0,17.95,0.0378
2804,S2C,5,13.1684,0.0,0,18.2,0.0404
2804,E2C,15,3.6221,158.0,9,66.15,0.3972
2804,W2C,15,3.7097,162.0,10,64.59,0.4046
2805,N2C,5,13.1148,0.0,0,18.27,0.0412
2805,S2C,5,12.9142,0.0,0,18.55,0.044
2805,E2C,15,3.2592,168.0,10,73.51,0.4151
2805,W2C,15,3.5359,173.0,11,67.76,0.4204
2806,N2C,6,12.3375,0.0,0,19.42,0.0584
2806,S2C,6,12.3367,0.0,0,19.42,0.0584
2806,E2C,14,4.4789,116.0,8,53.49,0.3448
2806,W2C,14,4.427,123.0,9,54.12,0.3563
2807,N2C,6,11.7275,0.0,0,20.43,0.0671
2807,S2C,6,11.4594,0.0,0,20.91,0.071
2807,E2C,14,4.689,77.0,7,51.1,0.3098
2807,W2C,14,4.2199,80.0,7,56.78,0.3186
2808,N2C,6,10.5328,0.0,0,22.75,0.0843
2808,S2C,6,11.013,0.0,0,21.76,0.0774
2808,E2C,14,4.9813,43.0,5,48.1,0.2709
2808,W2C,14,4.2694,45.0,5,56.12,0.2825
2809,N2C,7,10.4022,0.0,0,23.03,0.0922
2809,S2C,7,10.3765,0.0,0,23.09,0.0926
2809,E2C,14,5.6803,18.0,3,42.18,0.2322
2809,W2C,13,5.4043,21.0,3,44.34,0.2322
2810,N2C,7,9.5724,1.0,1,25.03,0.1108
2810,S2C,7,9.8062,1.0,1,24.43,0.1075
2810,E2C,13,5.7687,4.0,1,41.53,0.2036
2810,W2C,13,5.5494,7.0,2,43.18,0.2148
2811,N2C,7,9.4211,2.0,1,25.43,0.1137
2811,S2C,7,9.4638,2.0,1,25.32,0.1131
2811,E2C,13,5.9219,0.0,0,40.46,0.1927
2811,W2C,13,6.0812,0.0,0,39.4,0.1904
2812,N2C,7,8.7383,3.0,1,27.42,0.1242
2812,S2C,7,8.4998,4.0,2,28.19,0.1343
2812,E2C,11,6.4411,0.0,0,37.2,0.1733
2812,W2C,11,6.4498,0.0,0,37.15,0.1731
2813,N2C,8,8.7755,5.0,2,27.3,0.137
2813,S2C,8,8.4574,6.0,2,28.33,0.1422
2813,E2C,12,7.8772,0.0,0,30.42,0.1586
2813,W2C,12,7.554,0.0,0,31.72,0.1632
2814,N2C,8,8.2159,7.0,2,29.16,0.1464
2814,S2C,8,7.8733,8.0,2,30.43,0.152
2814,E2C,10,8.3327,0.0,0,28.75,0.14
2814,W2C,10,8.1709,0.0,0,29.32,0.1423
2815,N2C,8,7.8886,9.0,2,30.37,0.1524
2815,S2C,8,7.8564,10.0,2,30.5,0.1535
2815,E2C,9,9.0331,0.0,0,26.52,0.1239
2815,W2C,10,8.7223,0.0,0,27.47,0.1344
2816,N2C,8,7.4965,12.0,3,31.96,0.1661
2816,S2C,8,7.8209,13.0,3,30.64,0.1621
2816,E2C,8,9.8129,0.0,0,24.42,0.1067
2816,W2C,8,9.2077,0.0,0,26.02,0.1154
2817,N2C,9,7.4554,15.0,3,32.14,0.1747
2817,S2C,9,8.1335,16.0,3,29.46,0.1656
2817,E2C,8,10.9585,0.0,0,21.86,0.0902
2817,W2C,9,10.4205,0.0,0,22.99,0.104
2818,N2C,9,6.8128,18.0,3,35.17,0.1859
2818,S2C,9,7.1969,19.0,3,33.29,0.181
2818,E2C,7,11.8158,0.0,0,20.28,0.0719
2818,W2C,8,10.8834,0.0,0,22.02,0.0913
2819,N2C,9,6.2116,21.0,3,38.57,0.1966
2819,S2C,9,6.2308,22.0,3,38.45,0.1969
2819,E2C,7,12.1801,0.0,0,19.67,0.0666
2819,W2C,6,11.6601,0.0,0,20.55,0.0681
2820,N2C,10,6.6543,25.0,4,36.01,0.2049
2820,S2C,10,6.4691,26.0,4,37.04,0.2082
2820,E2C,6,13.1641,0.0,0,18.2,0.0465
2820,W2C,6,12.3061,0.0,0,19.47,0.0588
2821,N2C,10,5.9639,29.0,4,40.18,0.2175
2821,S2C,10,6.3211,31.0,5,37.9,0.2196
2821,E2C,6,12.7762,0.0,0,18.75,0.052
2821,W2C,5,12.3332,0.0,0,19.43,0.0524
2822,N2C,10,6.1665,34.0,5,38.86,0.2239
2822,S2C,10,5.9779,36.0,5,40.08,0.2279
2822,E2C,5,13.0251,0.0,0,18.4,0.0425
2822,W2C,5,12.402,0.0,0,19.32,0.0514
2823,N2C,10,5.7612,39.0,5,41.59,0.233
2823,S2C,10,5.4757,41.0,5,43.76,0.2385
2823,E2C,5,13.0691,0.0,0,18.33,0.0418
2823,W2C,5,12.1778,0.0,0,19.68,0.0547
2824,N2C,11,6.3194,44.0,5,37.92,0.2343
2824,S2C,11,5.995,46.0,5,39.97,0.2403
2824,E2C,5,13.1742,0.0,0,18.19,0.0403
2824,W2C,6,12.5367,0.0,0,19.11,0.0555
2825,N2C,11,5.3892,49.0,5,44.46,0.2511
2825,S2C,11,5.7426,51.0,5,41.72,0.2473
2825,E2C,5,12.9307,0.0,0,18.53,0.0438
2825,W2C,5,12.3276,0.0,0,19.44,0.0525
2826,N2C,11,4.9038,54.0,5,48.86,0.2614
2826,S2C,11,5.5609,57.0,6,43.09,0.2599
2826,E2C,5,12.8085,0.0,0,18.71,0.0456
2826,W2C,5,12.5219,0.0,0,19.13,0.0497
2827,N2C,12,5.2014,59.0,5,46.06,0.2664
2827,S2C,12,6.1407,63.0,6,39.02,0.2616
2827,E2C,6,13.0418,0.0,0,18.37,0.0482
2827,W2C,6,12.9036,0.0,0,18.57,0.0502
2828,N2C,12,5.1747,66.0,7,46.3,0.2835
2828,S2C,12,6.1905,69.0,6,38.7,0.2649
2828,E2C,6,12.7533,0.0,0,18.79,0.0524
2828,W2C,5,12.4044,0.0,0,19.32,0.0514
2829,N2C,12,5.1252,73.0,7,46.75,0.2889
2829,S2C,12,6.0015,75.0,6,39.92,0.2716
2829,E2C,5,13.023,0.0,0,18.4,0.0425
2829,W2C,5,12.5067,0.0,0,19.16,0.0499
2830,N2C,12,5.1027,80.0,7,46.96,0.2939
2830,S2C,12,5.2611,81.0,6,45.54,0.2862
2830,E2C,5,13.0704,0.0,0,18.33,0.0418
2830,W2C,5,12.5999,0.0,0,19.02,0.0486
2831,N2C,13,5.7114,87.0,7,41.95,0.2958
2831,S2C,13,5.2936,87.0,6,45.26,0.2958
2831,E2C,5,13.436,0.0,0,17.83,0.0365
2831,W2C,6,13.0043,0.0,0,18.42,0.0488
2832,N2C,13,5.4063,94.0,7,44.32,0.3048
2832,S2C,13,4.6841,93.0,6,51.15,0.3086
2832,E2C,5,13.4756,0.0,0,17.78,0.036
2832,W2C,6,12.8454,0.0,0,18.65,0.051
2833,N2C,13,5.0898,101.0,7,47.07,0.314
2833,S2C,13,4.3202,100.0,7,55.46,0.3245
2833,E2C,5,13.0068,0.0,0,18.42,0.0427
2833,W2C,6,12.3521,0.0,0,19.4,0.0581
2834,N2C,13,4.9978,108.0,7,47.94,0.32
2834,S2C,13,4.0446,108.0,8,59.24,0.3398
2834,E2C,5,12.9133,0.0,0,18.55,0.0441
2834,W2C,6,12.7333,0.0,0,18.82,0.0527
2835,N2C,14,5.4222,115.0,7,44.19,0.3246
2835,S2C,14,4.3354,116.0,8,55.27,0.3469
2835,E2C,5,12.9778,0.0,0,18.46,0.0431
2835,W2C,6,12.5741,0.0,0,19.05,0.0549
2836,N2C,14,4.7723,123.0,8,50.21,0.3453
2836,S2C,14,3.973,124.0,8,60.31,0.3575
2836,E2C,5,13.5072,0.0,0,17.74,0.0355
2836,W2C,5,11.6196,0.0,0,20.62,0.0627
2837,N2C,14,4.2089,132.0,9,56.93,0.3654
2837,S2C,14,3.8178,132.0,8,62.76,0.365
2837,E2C,5,13.044,0.0,0,18.37,0.0422
2837,W2C,6,10.9802,0.0,0,21.82,0.0779
2838,N2C,15,4.5996,141.0,9,52.09,0.3718
2838,S2C,15,4.1361,141.0,9,57.93,0.3784
2838,E2C,5,12.0569,0.0,0,19.87,0.0564
2838,W2C,7,10.481,0.0,0,22.86,0.0911
2839,N2C,13,4.8068,94.0,8,49.85,0.3195
2839,S2C,13,4.6941,93.0,8,51.04,0.3204
2839,E2C,6,11.8088,0.0,0,20.29,0.066
2839,W2C,7,9.8513,0.0,0,24.32,0.1002
2840,N2C,13,4.7516,56.0,6,50.42,0.2829
2840,S2C,13,4.5315,55.0,6,52.87,0.2854
2840,E2C,6,10.9826,0.0,0,21.82,0.0779
2840,W2C,7,9.3749,0.0,0,25.56,0.107
2841,N2C,13,4.8287,28.0,4,49.62,0.2511
2841,S2C,13,4.6058,24.0,4,52.02,0.2517
2841,E2C,6,10.8469,1.0,1,22.09,0.0865
2841,W2C,7,8.5493,1.0,1,28.03,0.1256
2842,N2C,12,5.7806,11.0,3,41.45,0.2141
2842,S2C,13,5.5387,9.0,2,43.26,0.2162
2842,E2C,7,10.4886,2.0,1,22.84,0.0983
2842,W2C,8,8.7534,2.0,1,27.37,0.1293
2843,N2C,12,5.904,2.0,1,40.58,0.1943
2843,S2C,12,5.9369,0.0,0,40.36,0.1865
2843,E2C,7,9.555,3.0,1,25.08,0.1124
2843,W2C,8,8.0817,4.0,2,29.65,0.1463
2844,N2C,12,6.4665,0.0,0,37.05,0.1789
2844,S2C,12,6.4759,0.0,0,37.0,0.1788
2844,E2C,7,8.7884,4.0,1,27.26,0.1241
2844,W2C,8,7.5998,6.0,2,31.53,0.1546
2845,N2C,11,7.8624,0.0,0,30.47,0.1528
2845,S2C,11,7.8292,0.0,0,30.6,0.1533
2845,E2C,8,8.6714,5.0,1,27.63,0.1325
2845,W2C,9,7.7601,9.0,3,30.88,0.1663
2846,N2C,11,8.1234,0.0,0,29.49,0.149
2846,S2C,11,8.3919,0.0,0,28.55,0.1452
2846,E2C,8,8.0798,6.0,1,29.65,0.1417
2846,W2C,9,7.335,12.0,3,32.67,0.1744
2847,N2C,9,8.9128,0.0,0,26.88,0.1257
2847,S2C,9,9.3258,0.0,0,25.69,0.1197
2847,E2C,8,7.9487,8.0,2,30.14,0.1509
2847,W2C,9,6.9475,15.0,3,34.49,0.182
2848,N2C,9,9.4123,0.0,0,25.46,0.1185
2848,S2C,9,10.003,0.0,0,23.95,0.11
2848,E2C,8,7.4152,11.0,3,32.31,0.1666
2848,W2C,9,6.4181,19.0,4,37.33,0.1983
2849,N2C,8,10.6572,0.0,0,22.48,0.0945
2849,S2C,8,11.3136,0.0,0,21.18,0.0851
2849,E2C,9,7.6925,14.0,3,31.15,0.1706
2849,W2C,10,6.4304,23.0,4,37.26,0.2067
2850,N2C,8,11.4272,0.0,0,20.97,0.0835
2850,S2C,7,11.847,0.0,0,20.22,0.0714
2850,E2C,9,7.2736,17.0,3,32.94,0.1786
2850,W2C,10,6.2172,28.0,5,38.54,0.2191
2851,N2C,6,12.3735,0.0,0,19.36,0.0578
2851,S2C,6,12.114,0.0,0,19.78,0.0616
2851,E2C,9,6.9817,20.0,3,34.32,0.1848
2851,W2C,10,6.2323,33.0,5,38.44,0.2223
2852,N2C,6,12.6334,0.0,0,18.97,0.0541
2852,S2C,6,11.9961,0.0,0,19.97,0.0633
2852,E2C,9,6.6377,24.0,4,36.1,0.1984
2852,W2C,10,6.2486,38.0,5,38.34,0.2254
2853,N2C,5,12.9625,0.0,0,18.48,0.0434
2853,S2C,5,12.8991,0.0,0,18.57,0.0443
2853,E2C,10,6.6874,28.0,4,35.83,0.2064
2853,W2C,11,6.8518,43.0,5,34.97,0.226
2854,N2C,5,13.108,0.0,0,18.28,0.0413
2854,S2C,5,12.4667,0.0,0,19.22,0.0505
2854,E2C,10,6.2622,32.0,4,38.26,0.2152
2854,W2C,11,6.5122,48.0,5,36.79,0.2342
2855,N2C,5,12.6018,0.0,0,19.01,0.0485
2855,S2C,5,12.8684,0.0,0,18.62,0.0447
2855,E2C,10,5.8128,37.0,5,41.22,0.231
2855,W2C,11,6.4286,53.0,5,37.27,0.2388
2856,N2C,5,12.9661,0.0,0,18.48,0.0433
2856,S2C,6,12.3856,0.0,0,19.35,0.0577
2856,E2C,11,6.3244,42.0,5,37.89,0.2329
2856,W2C,12,6.5382,58.0,5,36.65,0.2465
2857,N2C,5,12.754,0.0,0,18.79,0.0464
2857,S2C,6,12.2659,0.0,0,19.53,0.0594
2857,E2C,11,5.9004,47.0,5,40.61,0.2424
2857,W2C,12,5.7151,63.0,5,41.92,0.2617
2858,N2C,5,12.3859,0.0,0,19.34,0.0517
2858,S2C,6,12.4302,0.0,0,19.28,0.057
2858,E2C,11,5.6131,52.0,5,42.69,0.2498
2858,W2C,12,5.3517,69.0,6,44.77,0.2769
2859,N2C,5,12.5395,0.0,0,19.11,0.0494
2859,S2C,5,12.6762,0.0,0,18.9,0.0475
2859,E2C,11,5.2399,58.0,6,45.73,0.2652
2859,W2C,12,4.6604,75.0,6,51.41,0.2909
2860,N2C,5,12.7769,0.0,0,18.75,0.046
2860,S2C,5,11.944,0.0,0,20.06,0.058
2860,E2C,12,5.7943,64.0,6,41.35,0.2672
2860,W2C,13,4.8227,82.0,7,49.68,0.3052
2861,N2C,5,12.5253,0.0,0,19.13,0.0497
2861,S2C,5,11.8722,0.0,0,20.18,0.0591
2861,E2C,12,5.4371,70.0,6,44.07,0.2764
2861,W2C,13,4.578,90.0,8,52.34,0.3201
2862,N2C,5,12.3953,0.0,0,19.33,0.0515
2862,S2C,5,12.1719,0.0,0,19.68,0.0547
2862,E2C,12,5.0295,76.0,6,47.64,0.2862
2862,W2C,13,4.1168,98.0,8,58.2,0.3321
2863,N2C,4,12.4532,0.0,0,19.24,0.0447
2863,S2C,5,11.674,0.0,0,20.52,0.0619
2863,E2C,13,5.2473,83.0,7,45.66,0.2998
2863,W2C,14,4.5634,106.0,8,52.5,0.337
2864,N2C,5,12.3226,0.0,0,19.44,0.0526
2864,S2C,5,11.6266,0.0,0,20.61,0.0626
2864,E2C,13,4.7886,90.0,7,50.04,0.311
2864,W2C,14,4.6055,115.0,9,52.03,0.3484
2865,N2C,5,12.2179,0.0,0,19.61,0.0541
2865,S2C,5,11.5755,0.0,0,20.7,0.0633
2865,E2C,13,4.4118,98.0,8,54.31,0.3278
2865,W2C,14,4.5547,124.0,9,52.61,0.3551
2866,N2C,5,12.314,0.0,0,19.46,0.0527
2866,S2C,5,11.8353,0.0,0,20.24,0.0596
2866,E2C,13,3.9468,106.0,8,60.71,0.3398
2866,W2C,14,4.4281,133.0,9,54.11,0.3629
2867,N2C,6,12.3475,0.0,0,19.4,0.0582
2867,S2C,5,10.6977,0.0,0,22.4,0.076
2867,E2C,14,4.4294,114.0,8,54.09,0.3442
2867,W2C,15,4.7414,142.0,9,50.53,0.3704
2868,N2C,6,12.6004,0.0,0,19.02,0.0546
2868,S2C,5,10.9921,0.0,0,21.8,0.0717
2868,E2C,14,4.3396,123.0,9,55.21,0.3575
2868,W2C,15,4.0927,151.0,9,58.54,0.3857
2869,N2C,5,12.4873,0.0,0,19.19,0.0502
2869,S2C,5,10.859,0.0,0,22.06,0.0736
2869,E2C,14,4.3821,132.0,9,54.68,0.3629
2869,W2C,15,3.6841,161.0,10,65.04,0.4043
2870,N2C,5,12.5956,0.0,0,19.02,0.0486
2870,S2C,5,10.6944,0.0,0,22.4,0.076
2870,E2C,14,4.3133,141.0,9,55.55,0.3699
2870,W2C,15,3.3631,171.0,10,71.24,0.4156
2871,N2C,6,12.0332,0.0,0,19.91,0.0627
2871,S2C,5,11.1522,0.0,0,21.48,0.0694
2871,E2C,15,4.8018,150.0,9,49.9,0.3749
2871,W2C,16,3.6431,182.0,11,65.77,0.4309
2872,N2C,6,10.8688,0.0,0,22.04,0.0795
2872,S2C,6,11.1705,0.0,0,21.45,0.0752
2872,E2C,13,5.0011,101.0,7,47.91,0.3153
2872,W2C,14,3.9524,131.0,9,60.62,0.3684
2873,N2C,6,10.5385,0.0,0,22.74,0.0843
2873,S2C,6,10.5459,0.0,0,22.72,0.0842
2873,E2C,13,4.7153,60.0,5,50.81,0.2801
2873,W2C,14,3.8999,85.0,7,61.44,0.3265
2874,N2C,7,10.8795,0.0,0,22.02,0.0853
2874,S2C,7,10.2574,0.0,0,23.36,0.0943
2874,E2C,14,5.231,29.0,3,45.8,0.246
2874,W2C,15,4.7345,50.0,5,50.61,0.2852
2875,N2C,7,10.3681,0.0,0,23.11,0.0927
2875,S2C,7,9.9584,0.0,0,24.06,0.0986
2875,E2C,12,5.4305,8.0,1,44.12,0.2051
2875,W2C,13,4.9467,24.0,3,48.44,0.2408
2876,N2C,7,9.9683,0.0,0,24.04,0.0985
2876,S2C,7,9.7868,1.0,1,24.48,0.1077
2876,E2C,12,5.6006,1.0,1,42.78,0.198
2876,W2C,13,5.1628,6.0,1,46.41,0.2137
2877,N2C,7,9.0232,1.0,1,26.55,0.1187
2877,S2C,7,9.9535,2.0,1,24.07,0.106
2877,E2C,12,6.0927,0.0,0,39.33,0.1843
2877,W2C,12,5.7189,0.0,0,41.9,0.1897
2878,N2C,8,8.5977,2.0,1,27.87,0.1315
2878,S2C,8,9.8194,3.0,1,24.4,0.1146
2878,E2C,11,7.4788,0.0,0,32.04,0.1583
2878,W2C,12,7.0216,0.0,0,34.12,0.1709
2879,N2C,8,8.1216,4.0,2,29.5,0.1457
2879,S2C,8,9.0406,4.0,1,26.5,0.1265
2879,E2C,11,7.8212,0.0,0,30.63,0.1534
2879,W2C,12,7.8454,0.0,0,30.54,0.159
2880,N2C,8,7.8042,6.0,2,30.7,0.1516
2880,S2C,8,8.6176,5.0,1,27.8,0.1332
2880,E2C,9,8.3259,0.0,0,28.78,0.1341
2880,W2C,10,8.403,0.0,0,28.51,0.139
2881,N2C,9,8.203,9.0,3,29.21,0.1599
2881,S2C,9,8.3115,6.0,1,28.83,0.1443
2881,E2C,10,9.6742,0.0,0,24.77,0.1207
2881,W2C,11,9.2487,0.0,0,25.91,0.1328
2882,N2C,9,7.7024,12.0,3,31.11,0.1691
2882,S2C,9,7.7446,7.0,1,30.94,0.1532
2882,E2C,8,10.5877,0.0,0,22.63,0.0955
2882,W2C,9,9.6947,0.0,0,24.71,0.1144
2883,N2C,9,7.5744,15.0,3,31.63,0.1729
2883,S2C,9,7.5654,10.0,3,31.67,0.1697
2883,E2C,8,11.1694,0.0,0,21.45,0.0872
2883,W2C,9,10.3767,0.0,0,23.09,0.1046
2884,N2C,9,7.2868,18.0,3,32.88,0.1791
2884,S2C,9,6.6898,13.0,3,35.82,0.1843
2884,E2C,6,12.1812,0.0,0,19.67,0.0606
2884,W2C,7,11.0283,0.0,0,21.73,0.0832
2885,N2C,10,6.8449,21.0,3,35.0,0.1934
2885,S2C,10,7.2989,16.0,3,32.83,0.1836
2885,E2C,7,12.6238,0.0,0,18.98,0.0602
2885,W2C,8,11.8445,0.0,0,20.23,0.0775
2886,N2C,10,6.5262,24.0,3,36.71,0.2
2886,S2C,10,7.0099,20.0,4,34.18,0.1964
2886,E2C,6,12.4485,0.0,0,19.25,0.0568
2886,W2C,6,12.492,0.0,0,19.18,0.0561
2887,N2C,10,6.2164,29.0,5,38.54,0.2198
2887,S2C,10,7.2148,24.0,4,33.21,0.1961
2887,E2C,5,12.9206,0.0,0,18.54,0.044
2887,W2C,6,12.8696,0.0,0,18.62,0.0507
2888,N2C,10,6.1639,34.0,5,38.87,0.2239
2888,S2C,10,7.0429,28.0,4,34.02,0.2013
2888,E2C,5,13.141,0.0,0,18.23,0.0408
2888,W2C,5,12.8387,0.0,0,18.66,0.0451
2889,N2C,11,6.9973,39.0,5,34.24,0.2212
2889,S2C,11,7.4009,32.0,4,32.37,0.2048
2889,E2C,5,12.9357,0.0,0,18.52,0.0437
2889,W2C,6,12.7771,0.0,0,18.75,0.052
2890,N2C,11,6.2641,44.0,5,38.25,0.2351
2890,S2C,11,6.3519,36.0,4,37.72,0.2225
2890,E2C,5,12.5165,0.0,0,19.14,0.0498
2890,W2C,5,12.7122,0.0,0,18.85,0.047
2891,N2C,11,5.6797,49.0,5,42.19,0.2469
2891,S2C,11,5.2974,40.0,4,45.23,0.2404
2891,E2C,5,12.1471,0.0,0,19.72,0.0551
2891,W2C,5,12.7082,0.0,0,18.85,0.047
2892,N2C,12,5.5942,54.0,5,42.83,0.2575
2892,S2C,12,5.5602,44.0,4,43.09,0.2453
2892,E2C,6,12.5052,0.0,0,19.16,0.0559
2892,W2C,5,12.8228,0.0,0,18.69,0.0454
2893,N2C,12,5.2089,60.0,6,46.0,0.273
2893,S2C,12,5.2681,49.0,5,45.48,0.2588
2893,E2C,5,12.4243,0.0,0,19.28,0.0511
2893,W2C,5,12.923,0.0,0,18.54,0.0439
2894,N2C,12,4.8418,67.0,7,49.49,0.2889
2894,S2C,12,5.0863,55.0,6,47.11,0.2714
2894,E2C,5,12.6109,0.0,0,19.0,0.0484
2894,W2C,5,12.5757,0.0,0,19.05,0.0489
2895,N2C,12,4.501,74.0,7,53.23,0.2985
2895,S2C,12,4.891,62.0,7,48.99,0.2849
2895,E2C,5,12.2714,0.0,0,19.53,0.0533
2895,W2C,5,13.0671,0.0,0,18.34,0.0418
2896,N2C,13,4.9015,81.0,7,48.88,0.3034
2896,S2C,13,5.1273,69.0,7,46.73,0.2922
2896,E2C,6,12.6962,0.0,0,18.87,0.0532
2896,W2C,4,12.8675,0.0,0,18.62,0.0387
2897,N2C,13,4.8951,89.0,8,48.95,0.3149
2897,S2C,13,4.7644,76.0,7,50.29,0.3021
2897,E2C,5,12.4624,0.0,0,19.23,0.0506
2897,W2C,4,12.6379,0.0,0,18.96,0.042
2898,N2C,13,4.8584,97.0,8,49.32,0.3207
2898,S2C,13,4.6105,83.0,7,51.97,0.3089
2898,E2C,5,12.2806,0.0,0,19.51,0.0532
2898,W2C,5,12.3317,0.0,0,19.43,0.0524
2899,N2C,14,5.3278,105.0,8,44.97,0.3253
2899,S2C,14,5.0036,91.0,8,47.89,0.3206
2899,E2C,5,12.1703,0.0,0,19.69,0.0548
2899,W2C,5,11.6898,0.0,0,20.5,0.0617
2900,N2C,14,4.8289,113.0,8,49.62,0.3378
2900,S2C,14,4.3899,99.0,8,54.58,0.3348
2900,E2C,5,12.6973,0.0,0,18.87,0.0472
2900,W2C,5,11.7459,0.0,0,20.4,0.0609
2901,N2C,14,4.3878,121.0,8,54.61,0.3495
2901,S2C,14,3.9488,107.0,8,60.68,0.3465
2901,E2C,5,12.4694,0.0,0,19.22,0.0505
2901,W2C,5,11.7196,0.0,0,20.44,0.0613
2902,N2C,14,3.8269,129.0,8,62.61,0.3629
2902,S2C,14,3.5818,116.0,9,66.89,0.3638
2902,E2C,5,12.6416,0.0,0,18.95,0.048
2902,W2C,5,11.8373,0.0,0,20.24,0.0596
2903,N2C,15,4.3162,138.0,9,55.51,0.3739
2903,S2C,15,4.1586,126.0,10,57.62,0.3741
2903,E2C,6,12.12,0.0,0,19.77,0.0615
2903,W2C,6,12.144,0.0,0,19.73,0.0611
2904,N2C,15,4.0899,148.0,10,58.58,0.3898
2904,S2C,15,4.3319,134.0,9,55.31,0.371
2904,E2C,6,11.1477,0.0,0,21.49,0.0755
2904,W2C,6,11.6057,0.0,0,20.64,0.0689
2905,N2C,13,4.3111,102.0,8,55.58,0.3319
2905,S2C,13,5.1752,90.0,7,46.3,0.3055
2905,E2C,6,10.5683,0.0,0,22.67,0.0838
2905,W2C,6,11.3123,0.0,0,21.18,0.0731
2906,N2C,13,4.3314,64.0,6,55.32,0.2943
2906,S2C,13,4.7903,52.0,5,50.02,0.2737
2906,E2C,6,10.3182,0.0,0,23.22,0.0874
2906,W2C,6,10.4883,0.0,0,22.84,0.085
2907,N2C,14,5.3252,35.0,4,44.99,0.2547
2907,S2C,14,5.3512,28.0,3,44.77,0.2436
2907,E2C,7,10.9545,1.0,1,21.87,0.0909
2907,W2C,7,10.1584,1.0,1,23.59,0.1024
2908,N2C,12,5.5108,12.0,3,43.48,0.2187
2908,S2C,12,5.418,11.0,2,44.22,0.2133
2908,E2C,7,10.8219,2.0,1,22.14,0.0935
2908,W2C,7,9.9081,2.0,1,24.18,0.1067
2909,N2C,12,6.2965,2.0,1,38.05,0.1887
2909,S2C,12,5.5217,0.0,0,43.39,0.1925
2909,E2C,7,10.9019,3.0,1,21.98,0.093
2909,W2C,7,8.9315,3.0,1,26.83,0.1214
2910,N2C,12,7.0935,0.0,0,33.78,0.1699
2910,S2C,12,6.9225,0.0,0,34.61,0.1723
2910,E2C,8,10.6237,4.0,1,22.55,0.1037
2910,W2C,8,8.4765,4.0,1,28.27,0.1346
2911,N2C,11,7.1941,0.0,0,33.3,0.1624
2911,S2C,11,7.9277,0.0,0,30.22,0.1519
2911,E2C,8,9.8733,5.0,1,24.27,0.1152
2911,W2C,8,7.4358,6.0,2,32.22,0.1569
2912,N2C,11,8.1483,0.0,0,29.4,0.1487
2912,S2C,10,8.4066,0.0,0,28.5,0.139
2912,E2C,8,8.7253,6.0,1,27.46,0.1324
2912,W2C,8,7.4253,8.0,2,32.27,0.1584
2913,N2C,9,9.0009,0.0,0,26.62,0.1244
2913,S2C,9,9.0378,0.0,0,26.51,0.1239
2913,E2C,8,7.8259,7.0,1,30.62,0.146
2913,W2C,8,7.2853,11.0,3,32.89,0.1684
2914,N2C,9,10.2111,0.0,0,23.46,0.107
2914,S2C,10,10.1028,0.0,0,23.72,0.1145
2914,E2C,9,7.7536,10.0,3,30.9,0.167
2914,W2C,9,8.224,14.0,3,29.13,0.1629
2915,N2C,8,10.9647,0.0,0,21.85,0.0901
2915,S2C,8,11.2266,0.0,0,21.34,0.0863
2915,E2C,9,7.2447,13.0,3,33.07,0.1764
2915,W2C,9,8.0761,17.0,3,29.67,0.167
2916,N2C,6,12.1813,0.0,0,19.67,0.0606
2916,S2C,7,11.8251,0.0,0,20.26,0.0717
2916,E2C,9,6.7271,16.0,3,35.62,0.1858
2916,W2C,9,7.9324,20.0,3,30.21,0.1711
2917,N2C,7,12.447,0.0,0,19.25,0.0628
2917,S2C,7,12.563,0.0,0,19.07,0.0611
2917,E2C,10,6.7852,19.0,3,35.31,0.193
2917,W2C,10,7.8816,23.0,3,30.4,0.1798
2918,N2C,5,13.407,0.0,0,17.87,0.037
2918,S2C,6,12.9798,0.0,0,18.46,0.0491
2918,E2C,10,6.5025,23.0,4,36.85,0.2057
2918,W2C,10,7.9216,26.0,3,30.25,0.1813
2919,N2C,5,13.2108,0.0,0,18.14,0.0398
2919,S2C,5,13.1419,0.0,0,18.23,0.0408
2919,E2C,10,6.285,28.0,5,38.12,0.2182
2919,W2C,10,7.0583,29.0,3,33.95,0.1957
2920,N2C,5,12.9059,0.0,0,18.57,0.0442
2920,S2C,5,13.5097,0.0,0,17.74,0.0355
2920,E2C,10,5.6551,33.0,5,42.37,0.2306
2920,W2C,10,6.4502,33.0,4,37.15,0.2131
2921,N2C,5,12.8637,0.0,0,18.63,0.0448
2921,S2C,6,13.0011,0.0,0,18.43,0.0488
2921,E2C,11,5.9931,38.0,5,39.98,0.235
2921,W2C,11,6.3367,37.0,4,37.81,0.2234
2922,N2C,5,12.5122,0.0,0,19.15,0.0498
2922,S2C,5,12.9605,0.0,0,18.49,0.0434
2922,E2C,11,5.7503,43.0,5,41.67,0.2419
2922,W2C,11,5.6513,41.0,4,42.4,0.236
2923,N2C,5,12.8171,0.0,0,18.69,0.0454
2923,S2C,5,13.0012,0.0,0,18.43,0.0428
2923,E2C,11,5.417,48.0,5,44.23,0.25
2923,W2C,11,5.5744,45.0,4,42.98,0.2397
2924,N2C,5,12.8949,0.0,0,18.58,0.0443
2924,S2C,5,13.0823,0.0,0,18.31,0.0416
2924,E2C,11,4.9613,54.0,6,48.29,0.2666
2924,W2C,11,5.509,51.0,6,43.49,0.2567
2925,N2C,5,12.1915,0.0,0,19.65,0.0545
2925,S2C,6,13.2791,0.0,0,18.04,0.0448
2925,E2C,12,5.3714,60.0,6,44.61,0.2707
2925,W2C,12,5.9711,57.0,6,40.13,0.26
2926,N2C,5,12.11,0.0,0,19.79,0.0556
2926,S2C,5,12.8794,0.0,0,18.6,0.0446
2926,E2C,12,5.202,66.0,6,46.06,0.2771
2926,W2C,12,5.6379,63.0,6,42.5,0.2688
2927,N2C,5,12.0869,0.0,0,19.82,0.056
2927,S2C,5,13.1462,0.0,0,18.23,0.0407
2927,E2C,12,4.8372,72.0,6,49.53,0.2863
2927,W2C,12,5.0766,69.0,6,47.2,0.2809
2928,N2C,5,12.4479,0.0,0,19.25,0.0508
2928,S2C,5,13.1736,0.0,0,18.19,0.0403
2928,E2C,13,5.3624,79.0,7,44.68,0.2955
2928,W2C,13,5.0296,75.0,6,47.64,0.2916
2929,N2C,5,12.3208,0.0,0,19.45,0.0526
2929,S2C,5,13.0909,0.0,0,18.3,0.0415
2929,E2C,13,4.9287,86.0,7,48.61,0.3064
2929,W2C,13,4.4171,81.0,6,54.24,0.3044
2930,N2C,5,12.3882,0.0,0,19.34,0.0516
2930,S2C,5,13.071,0.0,0,18.33,0.0418
2930,E2C,13,4.7095,94.0,8,50.88,0.3209
2930,W2C,13,3.9764,88.0,7,60.26,0.3214
2931,N2C,5,12.2191,0.0,0,19.61,0.0541
2931,S2C,5,13.1372,0.0,0,18.24,0.0408
2931,E2C,13,4.3846,102.0,8,54.65,0.3309
2931,W2C,13,3.7747,96.0,8,63.47,0.3356
2932,N2C,5,12.241,0.0,0,19.57,0.0537
2932,S2C,5,13.1491,0.0,0,18.22,0.0407
2932,E2C,14,4.704,110.0,8,50.94,0.3376
2932,W2C,14,4.466,104.0,8,53.65,0.337
2933,N2C,5,12.6022,0.0,0,19.01,0.0485
2933,S2C,5,12.9793,0.0,0,18.46,0.0431
2933,E2C,14,4.6415,119.0,9,51.62,0.3505
2933,W2C,14,4.1963,112.0,8,57.1,0.3462
2934,N2C,5,12.2136,0.0,0,19.62,0.0541
2934,S2C,5,12.6687,0.0,0,18.91,0.0476
2934,E2C,14,4.1925,128.0,9,57.15,0.363
2934,W2C,14,4.3273,121.0,9,55.37,0.3564
2935,N2C,5,11.2882,0.0,0,21.23,0.0675
2935,S2C,4,13.0484,0.0,0,18.36,0.0361
2935,E2C,15,4.8983,137.0,9,48.92,0.3648
2935,W2C,15,4.9257,130.0,9,48.64,0.3597
2936,N2C,6,11.0324,0.0,0,21.72,0.0771
2936,S2C,4,12.9066,0.0,0,18.56,0.0382
2936,E2C,15,4.2778,146.0,9,56.01,0.3797
2936,W2C,15,4.3324,139.0,9,55.3,0.3743
2937,N2C,6,10.1365,1.0,1,23.64,0.0967
2937,S2C,5,12.5351,0.0,0,19.11,0.0495
2937,E2C,15,3.7212,155.0,9,64.39,0.3938
2937,W2C,15,3.8052,148.0,9,62.97,0.3879
2938,N2C,6,10.1283,2.0,1,23.66,0.0975
2938,S2C,5,12.5627,0.0,0,19.07,0.0491
2938,E2C,13,4.1995,107.0,7,57.05,0.3309
2938,W2C,13,4.0246,97.0,7,59.53,0.3267
2939,N2C,7,10.8622,3.0,1,22.06,0.0936
2939,S2C,6,12.4223,0.0,0,19.29,0.0571
2939,E2C,14,4.7564,67.0,6,50.37,0.2962
2939,W2C,14,4.4476,58.0,6,53.87,0.2946
2940,N2C,7,10.4113,4.0,1,23.01,0.1008
2940,S2C,6,11.463,0.0,0,20.9,0.0709
2940,E2C,14,4.9474,35.0,5,48.43,0.2661
2940,W2C,14,4.7678,30.0,4,50.25,0.2593
2941,N2C,7,10.351,5.0,1,23.15,0.1023
2941,S2C,6,10.7692,0.0,0,22.25,0.0809
2941,E2C,12,5.2124,14.0,3,45.97,0.2243
2941,W2C,13,5.124,12.0,3,46.76,0.2302
2942,N2C,7,10.2306,6.0,1,23.42,0.1047
2942,S2C,6,9.9714,0.0,0,24.03,0.0924
2942,E2C,12,5.352,3.0,1,44.77,0.2029
2942,W2C,12,5.5406,4.0,1,43.24,0.2009
2943,N2C,8,10.0309,7.0,1,23.89,0.1142
2943,S2C,7,10.3579,1.0,1,23.13,0.0995
2943,E2C,12,6.3323,0.0,0,37.84,0.1808
2943,W2C,13,6.5268,0.0,0,36.71,0.184
2944,N2C,8,9.3339,8.0,1,25.67,0.1249
2944,S2C,7,9.1818,2.0,1,26.1,0.1171
2944,E2C,11,6.9366,0.0,0,34.54,0.1661
2944,W2C,11,7.0294,0.0,0,34.09,0.1648
2945,N2C,8,8.807,9.0,1,27.21,0.1332
2945,S2C,7,8.4126,3.0,1,28.48,0.1289
2945,E2C,11,7.7208,0.0,0,31.03,0.1548
2945,W2C,11,7.2831,0.0,0,32.9,0.1611
2946,N2C,9,8.6981,11.0,2,27.55,0.1481
2946,S2C,8,8.4437,5.0,2,28.38,0.1418
2946,E2C,10,8.9727,0.0,0,26.7,0.1308
2946,W2C,11,8.2294,0.0,0,29.12,0.1475
2947,N2C,9,7.8823,13.0,2,30.4,0.1612
2947,S2C,8,7.8207,7.0,2,30.64,0.1521
2947,E2C,9,9.4299,0.0,0,25.41,0.1182
2947,W2C,10,9.0583,0.0,0,26.45,0.1296
2948,N2C,9,6.8864,15.0,2,34.79,0.1768
2948,S2C,8,7.7808,9.0,2,30.79,0.154
2948,E2C,8,10.0466,0.0,0,23.85,0.1033
2948,W2C,9,9.5303,0.0,0,25.14,0.1168
2949,N2C,9,6.4083,18.0,3,37.39,0.1917
2949,S2C,8,7.7672,12.0,3,30.85,0.1622
2949,E2C,7,10.9955,0.0,0,21.79,0.0837
2949,W2C,8,9.9865,0.0,0,23.99,0.1042
2950,N2C,10,6.745,21.0,3,35.52,0.1949
2950,S2C,9,8.0539,15.0,3,29.75,0.166
2950,E2C,7,11.9524,0.0,0,20.05,0.0699
2950,W2C,8,10.6252,0.0,0,22.55,0.095
2951,N2C,10,6.4468,25.0,4,37.17,0.2078
2951,S2C,9,7.687,18.0,3,31.17,0.1733
2951,E2C,6,12.6796,0.0,0,18.9,0.0534
2951,W2C,7,11.3208,0.0,0,21.16,0.079
2952,N2C,10,6.2269,29.0,4,38.48,0.2137
2952,S2C,9,7.1594,21.0,3,33.47,0.1829
2952,E2C,5,12.7348,0.0,0,18.81,0.0466
2952,W2C,6,11.5387,0.0,0,20.76,0.0699
2953,N2C,11,6.4566,34.0,5,37.11,0.2257
2953,S2C,10,7.6732,25.0,4,31.23,0.1902
2953,E2C,6,12.609,0.0,0,19.0,0.0544
2953,W2C,6,12.1245,0.0,0,19.76,0.0614
2954,N2C,11,5.9504,39.0,5,40.27,0.2363
2954,S2C,10,7.5525,29.0,4,31.72,0.1946
2954,E2C,5,12.8963,0.0,0,18.58,0.0443
2954,W2C,5,12.1567,0.0,0,19.71,0.055
2955,N2C,11,5.1592,44.0,5,46.44,0.251
2955,S2C,10,7.4928,33.0,4,31.98,0.1981
2955,E2C,5,12.5205,0.0,0,19.14,0.0497
2955,W2C,5,12.1635,0.0,0,19.7,0.0549
2956,N2C,11,4.8046,49.0,5,49.87,0.2595
2956,S2C,10,7.4295,37.0,4,32.25,0.2017
2956,E2C,5,12.5848,0.0,0,19.04,0.0488
2956,W2C,5,11.8885,0.0,0,20.15,0.0588
2957,N2C,12,4.9436,55.0,6,48.47,0.2735
2957,S2C,11,7.2202,41.0,4,33.18,0.2134
2957,E2C,6,12.8889,0.0,0,18.59,0.0504
2957,W2C,6,12.0872,0.0,0,19.82,0.062
2958,N2C,12,4.9192,61.0,6,48.71,0.2778
2958,S2C,11,6.2645,45.0,4,38.25,0.2298
2958,E2C,5,12.885,0.0,0,18.6,0.0445
2958,W2C,6,11.8953,0.0,0,20.14,0.0647
2959,N2C,12,4.7899,68.0,7,50.02,0.2904
2959,S2C,11,5.336,50.0,5,44.9,0.2525
2959,E2C,5,12.5178,0.0,0,19.14,0.0498
2959,W2C,6,11.9794,0.0,0,20.0,0.0635
2960,N2C,12,4.7657,75.0,7,50.28,0.2954
2960,S2C,11,4.9932,55.0,5,47.99,0.2608
2960,E2C,5,12.746,0.0,0,18.8,0.0465
2960,W2C,6,11.9696,0.0,0,20.02,0.0637
2961,N2C,13,5.1558,82.0,7,46.47,0.3004
2961,S2C,12,5.3189,61.0,6,45.05,0.2721
2961,E2C,6,12.6481,0.0,0,18.94,0.0539
2961,W2C,7,12.2066,0.0,0,19.63,0.0662
2962,N2C,13,4.4779,89.0,7,53.51,0.3149
2962,S2C,12,4.7666,67.0,6,50.27,0.284
2962,E2C,5,12.7316,0.0,0,18.82,0.0467
2962,W2C,6,11.8376,0.0,0,20.24,0.0656
2963,N2C,13,3.8613,96.0,7,62.05,0.3284
2963,S2C,12,4.2793,74.0,7,55.99,0.3017
2963,E2C,5,12.5657,0.0,0,19.07,0.0491
2963,W2C,5,12.126,0.0,0,19.76,0.0554
2964,N2C,14,4.2849,103.0,7,55.92,0.333
2964,S2C,13,4.6525,82.0,8,51.5,0.3137
2964,E2C,5,12.4375,0.0,0,19.26,0.0509
2964,W2C,6,12.4266,0.0,0,19.28,0.0571
2965,N2C,14,4.1786,110.0,7,57.34,0.3392
2965,S2C,13,4.6991,90.0,8,50.99,0.3183
2965,E2C,5,12.2472,0.0,0,19.56,0.0537
2965,W2C,6,12.4459,0.0,0,19.25,0.0568
2966,N2C,14,3.9345,119.0,9,60.9,0.3607
2966,S2C,13,4.3848,98.0,8,54.64,0.3282
2966,E2C,5,12.7062,0.0,0,18.86,0.047
2966,W2C,5,12.3301,0.0,0,19.43,0.0525
2967,N2C,14,3.6833,128.0,9,65.05,0.3703
2967,S2C,13,4.1264,106.0,8,58.06,0.3373
2967,E2C,5,12.1689,0.0,0,19.69,0.0548
2967,W2C,5,12.3239,0.0,0,19.44,0.0525
2968,N2C,15,4.0873,137.0,9,58.62,0.3765
2968,S2C,14,4.2328,114.0,8,56.61,0.3471
2968,E2C,6,12.2531,0.0,0,19.55,0.0596
2968,W2C,6,12.4244,0.0,0,19.28,0.0571
2969,N2C,15,3.9131,147.0,10,61.23,0.3917
2969,S2C,14,3.8565,122.0,8,62.13,0.3578
2969,E2C,6,11.5384,0.0,0,20.77,0.0699
2969,W2C,6,12.3555,0.0,0,19.39,0.0581
2970,N2C,15,3.8931,157.0,10,61.54,0.3986
2970,S2C,14,3.5129,131.0,9,68.21,0.3748
2970,E2C,6,11.0057,0.0,0,21.77,0.0775
2970,W2C,6,10.9339,0.0,0,21.91,0.0786
2971,N2C,14,5.0152,106.0,8,47.77,0.3305
2971,S2C,13,4.6205,86.0,8,51.86,0.3168
2971,E2C,7,10.7679,0.0,0,22.25,0.087
2971,W2C,7,10.2909,0.0,0,23.28,0.0938
2972,N2C,14,4.8321,68.0,6,49.59,0.2958
2972,S2C,13,4.5328,50.0,6,52.86,0.2821
2972,E2C,7,10.3615,1.0,1,23.12,0.0995
2972,W2C,7,9.3687,0.0,0,25.57,0.1071
2973,N2C,14,4.8899,36.0,4,49.0,0.2616
2973,S2C,13,5.0468,28.0,4,47.48,0.248
2973,E2C,7,9.8636,2.0,1,24.29,0.1073
2973,W2C,7,9.1901,2.0,2,26.07,0.123
2974,N2C,12,5.6328,15.0,2,42.54,0.2129
2974,S2C,11,5.8342,9.0,2,41.07,0.2
2974,E2C,7,8.5662,3.0,1,27.97,0.1267
2974,W2C,7,9.1315,4.0,2,26.24,0.1252
2975,N2C,13,6.748,1.0,1,35.51,0.1875
2975,S2C,12,7.1107,0.0,0,33.7,0.1696
2975,E2C,8,8.1358,4.0,1,29.45,0.1395
2975,W2C,7,8.8945,6.0,2,26.94,0.1299
2976,N2C,12,7.321,0.0,0,32.73,0.1666
2976,S2C,12,7.5911,0.0,0,31.56,0.1627
2976,E2C,8,7.6227,6.0,2,31.43,0.1542
2976,W2C,8,9.4848,8.0,2,25.26,0.1288
2977,N2C,11,8.0734,0.0,0,29.68,0.1498
2977,S2C,10,8.2537,0.0,0,29.03,0.1412
2977,E2C,8,7.6206,9.0,3,31.44,0.1623
2977,W2C,8,9.3049,10.0,2,25.75,0.1327
2978,N2C,10,8.2133,0.0,0,29.17,0.1417
2978,S2C,10,8.6361,0.0,0,27.74,0.1357
2978,E2C,8,7.6313,12.0,3,31.4,0.1641
2978,W2C,8,8.7251,12.0,2,27.46,0.1424
2979,N2C,10,9.1179,0.0,0,26.28,0.1287
2979,S2C,9,9.8429,0.0,0,24.34,0.1123
2979,E2C,9,7.864,15.0,3,30.47,0.1688
2979,W2C,9,8.6183,14.0,2,27.8,0.1512
2980,N2C,9,9.5371,0.0,0,25.12,0.1167
2980,S2C,9,10.3492,0.0,0,23.15,0.105
2980,E2C,9,7.5685,18.0,3,31.66,0.175
2980,W2C,9,7.3679,16.0,2,32.52,0.1706
2981,N2C,8,10.1282,0.0,0,23.66,0.1022
2981,S2C,7,10.8605,0.0,0,22.06,0.0856
2981,E2C,9,6.6734,21.0,3,35.9,0.1899
2981,W2C,9,6.7366,18.0,2,35.57,0.181
2982,N2C,8,11.1473,0.0,0,21.49,0.0875
2982,S2C,8,11.7429,0.0,0,20.4,0.0789
2982,E2C,10,6.3264,25.0,4,37.87,0.2096
2982,W2C,10,6.7681,21.0,3,35.4,0.1945
2983,N2C,7,12.0951,0.0,0,19.81,0.0678
2983,S2C,6,12.0278,0.0,0,19.92,0.0628
2983,E2C,10,5.9289,29.0,4,40.41,0.218
2983,W2C,10,6.2189,25.0,4,38.53,0.2111
2984,N2C,6,12.6548,0.0,0,18.93,0.0538
2984,S2C,5,12.7872,0.0,0,18.74,0.0459
2984,E2C,10,6.0084,33.0,4,39.88,0.2195
2984,W2C,10,6.0426,29.0,4,39.65,0.2163
2985,N2C,5,13.0404,0.0,0,18.37,0.0422
2985,S2C,5,12.5423,0.0,0,19.1,0.0494
2985,E2C,10,6.0354,37.0,4,39.7,0.2218
2985,W2C,10,5.64,34.0,5,42.48,0.2315
2986,N2C,6,12.8805,0.0,0,18.6,0.0505
2986,S2C,6,12.6716,0.0,0,18.91,0.0535
2986,E2C,11,6.6722,42.0,5,35.91,0.2279
2986,W2C,11,6.1246,39.0,5,39.12,0.2338
2987,N2C,5,12.9661,0.0,0,18.48,0.0433
2987,S2C,6,12.6284,0.0,0,18.97,0.0542
2987,E2C,11,6.3398,47.0,5,37.79,0.236
2987,W2C,11,5.2815,44.0,5,45.37,0.2493
2988,N2C,5,13.3484,0.0,0,17.95,0.0378
2988,S2C,6,12.5206,0.0,0,19.14,0.0557
2988,E2C,11,5.76,52.0,5,41.6,0.2477
2988,W2C,11,4.9281,49.0,5,48.62,0.2577
2989,N2C,6,13.0458,0.0,0,18.37,0.0482
2989,S2C,6,12.9427,0.0,0,18.51,0.0496
2989,E2C,12,5.8248,57.0,5,41.13,0.2561
2989,W2C,12,5.1565,55.0,6,46.47,0.2704
2990,N2C,6,13.1591,0.0,0,18.21,0.0465
2990,S2C,6,12.8879,0.0,0,18.59,0.0504
2990,E2C,12,5.4114,62.0,5,44.28,0.2654
2990,W2C,12,5.0369,62.0,7,47.57,0.2828
2991,N2C,5,13.3097,0.0,0,18.0,0.0384
2991,S2C,5,12.9354,0.0,0,18.52,0.0437
2991,E2C,12,5.1299,68.0,6,46.71,0.2795
2991,W2C,12,5.0775,69.0,7,47.19,0.2869
2992,N2C,5,13.1691,0.0,0,18.19,0.0404
2992,S2C,5,13.2566,0.0,0,18.07,0.0391
2992,E2C,12,5.1262,74.0,6,46.74,0.2835
2992,W2C,12,5.1706,76.0,7,46.34,0.2902
2993,N2C,5,13.169,0.0,0,18.19,0.0404
2993,S2C,6,13.0698,0.0,0,18.33,0.0478
2993,E2C,13,5.6949,81.0,7,42.07,0.292
2993,W2C,13,5.6013,83.0,7,42.78,0.2947
2994,N2C,5,13.3276,0.0,0,17.98,0.0381
2994,S2C,5,13.0219,0.0,0,18.4,0.0425
2994,E2C,13,5.5537,88.0,7,43.14,0.2987
2994,W2C,13,5.2548,90.0,7,45.6,0.3043
2995,N2C,5,13.1037,0.0,0,18.28,0.0413
2995,S2C,5,13.3838,0.0,0,17.9,0.0373
2995,E2C,13,4.9601,95.0,7,48.31,0.3119
2995,W2C,13,4.7185,97.0,7,50.78,0.3167
2996,N2C,5,12.8741,0.0,0,18.61,0.0446
2996,S2C,5,12.9385,0.0,0,18.52,0.0437
2996,E2C,13,4.2802,102.0,7,55.98,0.3264
2996,W2C,13,4.266,104.0,7,56.17,0.3279
2997,N2C,5,13.333,0.0,0,17.97,0.038
2997,S2C,6,12.8207,0.0,0,18.69,0.0514
2997,E2C,14,4.656,109.0,7,51.46,0.3316
2997,W2C,14,4.7392,112.0,8,50.56,0.3384
2998,N2C,5,13.1996,0.0,0,18.15,0.0399
2998,S2C,5,12.8342,0.0,0,18.67,0.0452
2998,E2C,14,4.6354,117.0,8,51.69,0.3433
2998,W2C,14,4.392,120.0,8,54.55,0.3488
2999,N2C,5,13.3567,0.0,0,17.94,0.0377
2999,S2C,5,12.5417,0.0,0,19.1,0.0494
2999,E2C,14,4.2501,125.0,8,56.37,0.3541
2999,W2C,14,4.4241,128.0,8,54.16,0.3536
3000,N2C,4,13.268,0.0,0,18.06,0.033
3000,S2C,5,13.0365,0.0,0,18.38,0.0423
3000,E2C,15,4.9721,134.0,9,48.19,0.3617
3000,W2C,15,4.6576,137.0,9,51.44,0.3683
3001,N2C,5,12.9569,0.0,0,18.49,0.0434
3001,S2C,5,12.6291,0.0,0,18.97,0.0482
3001,E2C,15,4.4324,143.0,9,54.06,0.3755
3001,W2C,15,4.3611,146.0,9,54.94,0.3785
3002,N2C,5,12.8173,0.0,0,18.69,0.0454
3002,S2C,5,12.6431,0.0,0,18.95,0.048
3002,E2C,15,4.0182,152.0,9,59.63,0.3875
3002,W2C,15,4.0632,155.0,9,58.97,0.3888
3003,N2C,5,12.1709,0.0,0,19.69,0.0548
3003,S2C,5,12.7419,0.0,0,18.8,0.0465
3003,E2C,15,3.6869,162.0,10,64.99,0.4049
3003,W2C,15,3.6069,165.0,10,66.43,0.4081
3004,N2C,6,11.5459,0.0,0,20.75,0.0698
3004,S2C,6,12.2389,0.0,0,19.58,0.0598
3004,E2C,14,4.3186,111.0,9,55.48,0.3498
3004,W2C,14,4.4025,111.0,8,54.42,0.3426
3005,N2C,6,10.6786,0.0,0,22.44,0.0822
3005,S2C,6,11.3649,0.0,0,21.08,0.0724
3005,E2C,14,4.2094,67.0,7,56.92,0.3101
3005,W2C,14,4.2895,73.0,7,55.86,0.3129
3006,N2C,6,10.2706,0.0,0,23.33,0.0881
3006,S2C,6,10.488,0.0,0,22.85,0.085
3006,E2C,14,4.5324,39.0,5,52.86,0.2747
3006,W2C,14,4.5121,40.0,5,53.1,0.2757
3007,N2C,7,9.7379,0.0,0,24.6,0.1018
3007,S2C,7,10.4298,1.0,1,22.97,0.0985
3007,E2C,13,5.4235,17.0,3,44.18,0.2292
3007,W2C,13,5.3735,16.0,3,44.59,0.2293
3008,N2C,7,8.9636,0.0,0,26.73,0.1129
3008,S2C,7,9.579,2.0,1,25.01,0.1114
3008,E2C,13,5.8019,6.0,2,41.3,0.2105
3008,W2C,13,5.8595,7.0,2,40.89,0.2103
3009,N2C,7,8.7113,1.0,1,27.5,0.1232
3009,S2C,7,9.2392,3.0,1,25.93,0.117
3009,E2C,12,6.0804,0.0,0,39.41,0.1844
3009,W2C,12,6.23,0.0,0,38.46,0.1823
3010,N2C,7,8.7752,2.0,1,27.3,0.123
3010,S2C,7,8.6079,4.0,1,27.83,0.1267
3010,E2C,11,6.8754,0.0,0,34.85,0.167
3010,W2C,11,6.6279,0.0,0,36.15,0.1706
3011,N2C,8,9.0772,4.0,2,26.4,0.132
3011,S2C,8,8.6989,6.0,2,27.54,0.1387
3011,E2C,11,7.9049,0.0,0,30.31,0.1522
3011,W2C,12,7.8275,0.0,0,30.61,0.1593
3012,N2C,8,8.2529,6.0,2,29.03,0.1452
3012,S2C,8,8.2379,8.0,2,29.08,0.1467
3012,E2C,10,8.6298,0.0,0,27.76,0.1357
3012,W2C,10,8.4462,0.0,0,28.37,0.1384
3013,N2C,8,8.0757,8.0,2,29.67,0.1491
3013,S2C,8,7.7433,11.0,3,30.94,0.1618
3013,E2C,9,9.1403,0.0,0,26.21,0.1224
3013,W2C,10,8.8688,0.0,0,27.02,0.1323
3014,N2C,8,7.0613,10.0,2,33.93,0.165
3014,S2C,8,7.9054,14.0,3,30.31,0.1615
3014,E2C,8,9.9795,0.0,0,24.01,0.1043
3014,W2C,8,9.5426,0.0,0,25.11,0.1106
3015,N2C,9,7.3847,13.0,3,32.45,0.1743
3015,S2C,9,8.3964,17.0,3,28.54,0.1624
3015,E2C,8,10.8062,0.0,0,22.17,0.0924
3015,W2C,9,10.324,0.0,0,23.21,0.1053
3016,N2C,9,6.7749,16.0,3,35.37,0.1851
3016,S2C,9,8.4914,20.0,3,28.22,0.1631
3016,E2C,7,11.3701,0.0,0,21.07,0.0783
3016,W2C,7,11.0796,0.0,0,21.63,0.0825
3017,N2C,9,6.603,20.0,4,36.29,0.1963
3017,S2C,9,7.6803,23.0,3,31.2,0.1767
3017,E2C,6,12.2113,0.0,0,19.62,0.0602
3017,W2C,7,11.6746,0.0,0,20.52,0.0739
3018,N2C,10,7.4228,24.0,4,32.28,0.1931
3018,S2C,10,7.3549,26.0,3,32.58,0.1894
3018,E2C,6,12.4732,0.0,0,19.21,0.0564
3018,W2C,6,12.5056,0.0,0,19.16,0.0559
3019,N2C,10,7.2669,28.0,4,32.97,0.198
3019,S2C,10,6.6891,29.0,3,35.82,0.201
3019,E2C,5,12.7775,0.0,0,18.75,0.046
3019,W2C,5,12.6414,0.0,0,18.95,0.048
3020,N2C,10,7.2661,32.0,4,32.98,0.2007
3020,S2C,10,6.4278,32.0,3,37.28,0.2068
3020,E2C,5,12.6418,0.0,0,18.95,0.048
3020,W2C,5,12.407,0.0,0,19.31,0.0514
3021,N2C,10,7.0569,36.0,4,33.95,0.2064
3021,S2C,10,5.9752,37.0,5,40.1,0.2286
3021,E2C,5,12.6944,0.0,0,18.87,0.0472
3021,W2C,5,12.4628,0.0,0,19.23,0.0505
3022,N2C,11,6.816,40.0,4,35.15,0.2185
3022,S2C,11,6.358,42.0,5,37.68,0.2325
3022,E2C,6,12.8709,0.0,0,18.62,0.0507
3022,W2C,6,12.3672,0.0,0,19.37,0.0579
3023,N2C,11,6.1514,45.0,5,38.95,0.2374
3023,S2C,11,5.6467,47.0,5,42.43,0.246
3023,E2C,5,12.9187,0.0,0,18.55,0.044
3023,W2C,6,12.1651,0.0,0,19.7,0.0608
3024,N2C,11,5.9902,50.0,5,40.0,0.2431
3024,S2C,11,5.2373,53.0,6,45.75,0.2619
3024,E2C,5,12.6857,0.0,0,18.89,0.0473
3024,W2C,6,12.5187,0.0,0,19.14,0.0557
3025,N2C,12,6.2386,55.0,5,38.41,0.2488
3025,S2C,12,5.5145,59.0,6,43.45,0.2679
3025,E2C,5,12.9056,0.0,0,18.57,0.0442
3025,W2C,5,12.5303,0.0,0,19.12,0.0496
3026,N2C,12,6.2254,61.0,6,38.49,0.259
3026,S2C,12,5.405,65.0,6,44.33,0.2735
3026,E2C,5,12.402,0.0,0,19.32,0.0514
3026,W2C,5,12.2856,0.0,0,19.5,0.0531
3027,N2C,12,5.4571,67.0,6,43.91,0.2741
3027,S2C,12,5.1435,72.0,7,46.58,0.2879
3027,E2C,5,12.8332,0.0,0,18.67,0.0452
3027,W2C,5,12.3474,0.0,0,19.4,0.0522
3028,N2C,12,4.8246,73.0,6,49.66,0.2872
3028,S2C,12,4.7535,79.0,7,50.4,0.2982
3028,E2C,5,12.7426,0.0,0,18.8,0.0465
3028,W2C,5,12.2859,0.0,0,19.5,0.0531
3029,N2C,13,4.9918,79.0,6,48.0,0.2948
3029,S2C,13,5.0441,86.0,7,47.5,0.3047
3029,E2C,6,12.8788,0.0,0,18.6,0.0506
3029,W2C,6,12.4883,0.0,0,19.19,0.0562
3030,N2C,13,4.7616,86.0,7,50.32,0.3088
3030,S2C,13,4.9487,93.0,7,48.42,0.3107
3030,E2C,6,12.9097,0.0,0,18.56,0.0501
3030,W2C,6,12.5087,0.0,0,19.15,0.0559
3031,N2C,13,4.2811,94.0,8,55.97,0.327
3031,S2C,13,4.8329,100.0,7,49.58,0.3171
3031,E2C,5,12.7154,0.0,0,18.84,0.0469
3031,W2C,5,12.5848,0.0,0,19.04,0.0488
3032,N2C,13,3.9742,102.0,8,60.29,0.3368
3032,S2C,13,4.5602,108.0,8,52.54,0.3323
3032,E2C,5,12.6054,0.0,0,19.01,0.0485
3032,W2C,5,12.3714,0.0,0,19.37,0.0519
3033,N2C,14,4.3643,110.0,8,54.9,0.3425
3033,S2C,14,4.6536,116.0,8,51.49,0.3423
3033,E2C,6,12.8292,0.0,0,18.68,0.0513
3033,W2C,5,12.3854,0.0,0,19.35,0.0517
3034,N2C,14,3.9745,119.0,9,60.28,0.3601
3034,S2C,14,4.1939,124.0,8,57.13,0.3543
3034,E2C,5,12.2964,0.0,0,19.49,0.0529
3034,W2C,5,12.2468,0.0,0,19.56,0.0537
3035,N2C,14,3.648,128.0,9,65.68,0.3708
3035,S2C,14,3.8949,132.0,8,61.52,0.3639
3035,E2C,5,12.0487,0.0,0,19.89,0.0565
3035,W2C,5,11.6626,0.0,0,20.54,0.0621
3036,N2C,15,4.188,137.0,9,57.21,0.375
3036,S2C,15,4.2918,141.0,9,55.83,0.3762
3036,E2C,6,11.3523,0.0,0,21.11,0.0725
3036,W2C,6,11.7564,0.0,0,20.38,0.0667
3037,N2C,13,4.4202,91.0,8,54.21,0.323
3037,S2C,13,4.7212,93.0,8,50.75,0.32
3037,E2C,6,10.6986,0.0,0,22.4,0.082
3037,W2C,6,10.803,0.0,0,22.18,0.0804
3038,N2C,13,4.3937,53.0,6,54.53,0.2861
3038,S2C,13,4.5534,57.0,6,52.62,0.2864
3038,E2C,6,10.0928,0.0,0,23.74,0.0907
3038,W2C,6,10.2075,0.0,0,23.47,0.089
3039,N2C,13,4.4357,28.0,4,54.02,0.2568
3039,S2C,13,4.8304,28.0,4,49.6,0.2511
3039,E2C,6,9.6963,1.0,1,24.71,0.1031
3039,W2C,6,10.1377,0.0,0,23.63,0.09
3040,N2C,12,5.7839,11.0,2,41.43,0.2081
3040,S2C,12,5.8221,9.0,2,41.15,0.2062
3040,E2C,6,9.0372,2.0,1,26.51,0.1132
3040,W2C,7,10.5806,1.0,1,22.65,0.0963
3041,N2C,12,6.2467,1.0,1,38.36,0.1887
3041,S2C,12,6.0561,1.0,1,39.56,0.1915
3041,E2C,7,8.8925,3.0,1,26.94,0.122
3041,W2C,7,10.6725,2.0,1,22.45,0.0957
3042,N2C,11,7.0562,0.0,0,33.96,0.1644
3042,S2C,11,6.4624,0.0,0,37.08,0.1729
3042,E2C,7,8.492,4.0,1,28.21,0.1284
3042,W2C,7,10.2063,3.0,1,23.48,0.103
3043,N2C,11,8.1777,0.0,0,29.3,0.1483
3043,S2C,11,7.9485,0.0,0,30.14,0.1516
3043,E2C,8,9.0524,5.0,1,26.47,0.127
3043,W2C,8,10.1019,4.0,1,23.72,0.1112
3044,N2C,11,8.418,0.0,0,28.46,0.1448
3044,S2C,10,8.7665,0.0,0,27.33,0.1338
3044,E2C,8,8.3703,7.0,2,28.63,0.1441
3044,W2C,8,9.7229,5.0,1,24.64,0.1173
3045,N2C,9,9.0607,0.0,0,26.44,0.1235
3045,S2C,9,9.3919,0.0,0,25.51,0.1188
3045,E2C,8,7.6884,9.0,2,31.16,0.1553
3045,W2C,8,8.7212,6.0,1,27.47,0.1324
3046,N2C,8,9.5429,0.0,0,25.11,0.1106
3046,S2C,8,10.0737,0.0,0,23.78,0.103
3046,E2C,8,6.7923,11.0,2,35.27,0.1695
3046,W2C,8,8.2028,8.0,2,29.21,0.1472
3047,N2C,8,10.6496,0.0,0,22.5,0.0947
3047,S2C,8,11.1334,0.0,0,21.52,0.0877
3047,E2C,9,7.71,13.0,2,31.08,0.1637
3047,W2C,9,7.9526,10.0,2,30.13,0.1582
3048,N2C,7,11.1759,0.0,0,21.44,0.0811
3048,S2C,7,11.6331,0.0,0,20.6,0.0745
3048,E2C,9,7.0514,16.0,3,33.98,0.1811
3048,W2C,9,7.0944,13.0,3,33.77,0.1785
3049,N2C,6,11.7092,0.0,0,20.46,0.0674
3049,S2C,6,12.1692,0.0,0,19.69,0.0608
3049,E2C,9,6.5714,20.0,4,36.46,0.1967
3049,W2C,9,7.1169,17.0,4,33.67,0.1869
3050,N2C,6,11.9607,0.0,0,20.03,0.0638
3050,S2C,5,12.751,0.0,0,18.79,0.0464
3050,E2C,9,6.5895,24.0,4,36.36,0.1991
3050,W2C,9,7.0913,21.0,4,33.79,0.1899
3051,N2C,5,11.911,0.0,0,20.12,0.0585
3051,S2C,5,12.9281,0.0,0,18.53,0.0439
3051,E2C,10,7.3226,28.0,4,32.72,0.1972
3051,W2C,10,7.7445,25.0,4,30.94,0.1892
3052,N2C,5,11.8886,0.0,0,20.15,0.0588
3052,S2C,5,12.6238,0.0,0,18.98,0.0482
3052,E2C,10,7.3287,32.0,4,32.69,0.1998
3052,W2C,10,7.1344,29.0,4,33.58,0.2006
3053,N2C,5,11.8696,0.0,0,20.19,0.0591
3053,S2C,5,12.7497,0.0,0,18.79,0.0464
3053,E2C,10,6.9389,36.0,4,34.53,0.2081
3053,W2C,10,6.1953,33.0,4,38.67,0.2168
3054,N2C,6,11.5721,0.0,0,20.7,0.0694
3054,S2C,6,12.887,0.0,0,18.59,0.0504
3054,E2C,11,7.1772,40.0,4,33.38,0.2133
3054,W2C,11,6.3473,37.0,4,37.75,0.2233
3055,N2C,6,11.0026,0.0,0,21.78,0.0776
3055,S2C,5,12.9761,0.0,0,18.46,0.0432
3055,E2C,11,6.7592,44.0,4,35.45,0.222
3055,W2C,11,6.0756,42.0,5,39.44,0.2365
3056,N2C,6,11.3029,0.0,0,21.2,0.0733
3056,S2C,5,12.7833,0.0,0,18.74,0.0459
3056,E2C,11,6.514,49.0,5,36.78,0.2349
3056,W2C,11,5.6756,48.0,6,42.22,0.2523
3057,N2C,6,11.7806,0.0,0,20.34,0.0664
3057,S2C,5,12.652,0.0,0,18.94,0.0478
3057,E2C,11,6.0795,54.0,5,39.41,0.2445
3057,W2C,11,5.1762,54.0,6,46.29,0.2635
3058,N2C,5,12.0969,0.0,0,19.81,0.0558
3058,S2C,5,12.6904,0.0,0,18.88,0.0473
3058,E2C,12,5.9754,59.0,5,40.1,0.2553
3058,W2C,12,5.6046,60.0,6,42.75,0.2673
3059,N2C,5,11.795,0.0,0,20.31,0.0602
3059,S2C,5,12.6004,0.0,0,19.02,0.0486
3059,E2C,12,5.1845,65.0,6,46.21,0.2767
3059,W2C,12,5.126,66.0,6,46.74,0.2782
3060,N2C,5,11.3566,0.0,0,21.1,0.0665
3060,S2C,5,12.8899,0.0,0,18.59,0.0444
3060,E2C,12,4.8249,71.0,6,49.66,0.2859
3060,W2C,12,4.8608,73.0,7,49.29,0.2927
3061,N2C,6,11.8827,0.0,0,20.16,0.0649
3061,S2C,6,13.0052,0.0,0,18.42,0.0487
3061,E2C,13,5.0322,77.0,6,47.61,0.2929
3061,W2C,13,5.0919,80.0,7,47.06,0.3
3062,N2C,6,11.995,0.0,0,19.98,0.0633
3062,S2C,6,12.6346,0.0,0,18.96,0.0541
3062,E2C,13,4.5638,84.0,7,52.5,0.3103
3062,W2C,13,5.091,87.0,7,47.06,0.3047
3063,N2C,6,11.7006,0.0,0,20.48,0.0675
3063,S2C,5,12.9367,0.0,0,18.52,0.0437
3063,E2C,13,4.304,92.0,8,55.67,0.3254
3063,W2C,13,4.8414,94.0,7,49.49,0.313
3064,N2C,6,11.8622,0.0,0,20.2,0.0652
3064,S2C,5,12.6738,0.0,0,18.91,0.0475
3064,E2C,13,3.9871,100.0,8,60.09,0.3353
3064,W2C,13,4.4198,102.0,8,54.21,0.3304
3065,N2C,7,12.2769,0.0,0,19.52,0.0652
3065,S2C,5,13.0332,0.0,0,18.38,0.0423
3065,E2C,14,4.4536,108.0,8,53.8,0.3399
3065,W2C,14,4.8095,110.0,8,49.82,0.3361
3066,N2C,5,12.1643,0.0,0,19.7,0.0548
3066,S2C,6,12.5758,0.0,0,19.05,0.0549
3066,E2C,14,4.3466,117.0,9,55.12,0.3534
3066,W2C,14,4.6069,118.0,8,52.01,0.3443
3067,N2C,5,12.0683,0.0,0,19.85,0.0562
3067,S2C,5,12.7073,0.0,0,18.86,0.047
3067,E2C,14,4.3502,126.0,9,55.08,0.3594
3067,W2C,14,4.3414,127.0,9,55.19,0.3602
3068,N2C,5,11.8161,0.0,0,20.28,0.0599
3068,S2C,5,12.3099,0.0,0,19.46,0.0528
3068,E2C,14,4.421,135.0,9,54.2,0.3643
3068,W2C,14,3.7742,136.0,9,63.48,0.3743
3069,N2C,6,12.285,0.0,0,19.5,0.0591
3069,S2C,6,11.737,0.0,0,20.41,0.067
3069,E2C,15,4.5143,144.0,9,53.08,0.375
3069,W2C,15,4.2399,145.0,9,56.51,0.3796
3070,N2C,6,11.3686,0.0,0,21.08,0.0723
3070,S2C,6,11.3239,0.0,0,21.16,0.0729
3070,E2C,13,4.6398,94.0,7,51.64,0.3159
3070,W2C,13,4.3121,98.0,7,55.56,0.3232
3071,N2C,6,10.7039,0.0,0,22.38,0.0819
3071,S2C,6,10.3111,0.0,0,23.24,0.0875
3071,E2C,13,4.1341,54.0,5,57.96,0.2845
3071,W2C,13,4.4595,59.0,6,53.73,0.2891
3072,N2C,7,10.512,0.0,0,22.79,0.0906
3072,S2C,7,10.44,0.0,0,22.95,0.0917
3072,E2C,14,5.1402,32.0,4,46.61,0.2553
3072,W2C,14,5.4262,30.0,4,44.16,0.2499
3073,N2C,7,10.1338,1.0,1,23.64,0.1028
3073,S2C,7,9.3786,1.0,1,25.55,0.1136
3073,E2C,12,5.626,11.0,3,42.59,0.2163
3073,W2C,12,5.7781,11.0,3,41.47,0.2141
3074,N2C,7,10.3343,2.0,1,23.18,0.1005
3074,S2C,7,8.9763,2.0,1,26.69,0.1201
3074,E2C,12,6.1047,3.0,1,39.25,0.1921
3074,W2C,12,6.1251,2.0,1,39.12,0.1911
3075,N2C,7,10.2162,3.0,1,23.45,0.1029
3075,S2C,7,8.5967,4.0,2,27.87,0.1329
3075,E2C,10,6.7812,0.0,0,35.33,0.1624
3075,W2C,12,6.2963,0.0,0,38.05,0.1813
3076,N2C,8,10.4053,4.0,1,23.03,0.1068
3076,S2C,8,8.6443,6.0,2,27.72,0.1395
3076,E2C,11,7.6251,0.0,0,31.42,0.1562
3076,W2C,11,7.5134,0.0,0,31.89,0.1578
3077,N2C,8,9.8808,5.0,1,24.25,0.1151
3077,S2C,8,8.0623,8.0,2,29.72,0.1492
3077,E2C,10,8.6759,0.0,0,27.62,0.1351
3077,W2C,11,8.2191,0.0,0,29.15,0.1477
3078,N2C,8,9.3209,6.0,1,25.71,0.1238
3078,S2C,8,8.1405,10.0,2,29.43,0.1495
3078,E2C,9,9.277,0.0,0,25.83,0.1204
3078,W2C,9,9.0004,0.0,0,26.62,0.1244
3079,N2C,9,9.0294,7.0,1,26.54,0.1347
3079,S2C,9,8.3642,12.0,2,28.65,0.1536
3079,E2C,9,10.3067,0.0,0,23.25,0.1056
3079,W2C,10,10.3356,0.0,0,23.18,0.1112
3080,N2C,9,7.9187,9.0,2,30.26,0.158
3080,S2C,9,7.713,15.0,3,31.06,0.1709
3080,E2C,8,11.1625,0.0,0,21.46,0.0873
3080,W2C,8,10.9293,0.0,0,21.92,0.0906
3081,N2C,9,7.4942,12.0,3,31.97,0.1721
3081,S2C,9,7.3018,18.0,3,32.81,0.1789
3081,E2C,7,11.6764,0.0,0,20.52,0.0739
3081,W2C,7,11.7651,0.0,0,20.37,0.0726
3082,N2C,9,6.7029,15.0,3,35.75,0.1855
3082,S2C,9,7.3083,21.0,3,32.78,0.1808
3082,E2C,6,12.4132,0.0,0,19.3,0.0573
3082,W2C,6,12.1655,0.0,0,19.7,0.0608
3083,N2C,10,7.0085,18.0,3,34.19,0.1891
3083,S2C,10,7.59,24.0,3,31.57,0.1847
3083,E2C,6,12.8226,0.0,0,18.69,0.0514
3083,W2C,6,12.677,0.0,0,18.9,0.0535
3084,N2C,10,6.6126,22.0,4,36.23,0.2035
3084,S2C,10,7.6366,28.0,4,31.38,0.1927
3084,E2C,5,12.4231,0.0,0,19.29,0.0511
3084,W2C,5,12.2704,0.0,0,19.53,0.0533
3085,N2C,10,6.4502,26.0,4,37.15,0.2085
3085,S2C,10,7.0663,32.0,4,33.91,0.2036
3085,E2C,5,12.6712,0.0,0,18.91,0.0475
3085,W2C,5,12.6385,0.0,0,18.96,0.048
3086,N2C,10,6.0783,31.0,5,39.42,0.2231
3086,S2C,10,6.2962,36.0,4,38.05,0.2173
3086,E2C,5,12.6226,0.0,0,18.98,0.0482
3086,W2C,5,12.2498,0.0,0,19.56,0.0536
3087,N2C,11,6.4124,36.0,5,37.37,0.2277
3087,S2C,11,6.0827,41.0,5,39.39,0.2357
3087,E2C,6,13.0172,0.0,0,18.41,0.0486
3087,W2C,5,12.7011,0.0,0,18.86,0.0471
3088,N2C,11,5.9885,41.0,5,40.01,0.2371
3088,S2C,11,5.4345,47.0,6,44.09,0.2551
3088,E2C,6,12.5972,0.0,0,19.02,0.0546
3088,W2C,5,12.5928,0.0,0,19.03,0.0487
3089,N2C,11,5.5844,46.0,5,42.91,0.2463
3089,S2C,11,4.9887,53.0,6,48.03,0.2655
3089,E2C,5,12.7629,0.0,0,18.77,0.0462
3089,W2C,5,12.602,0.0,0,19.01,0.0485
3090,N2C,12,5.7937,52.0,6,41.36,0.2592
3090,S2C,12,5.5751,59.0,6,42.98,0.2671
3090,E2C,6,12.5558,0.0,0,19.08,0.0552
3090,W2C,5,12.2204,0.0,0,19.61,0.054
3091,N2C,12,5.1939,58.0,6,46.13,0.2719
3091,S2C,12,5.4708,65.0,6,43.8,0.2726
3091,E2C,5,12.4299,0.0,0,19.28,0.051
3091,W2C,5,11.7802,0.0,0,20.34,0.0604
3092,N2C,12,4.9188,65.0,7,48.71,0.2865
3092,S2C,12,5.0591,72.0,7,47.36,0.2892
3092,E2C,5,12.4922,0.0,0,19.18,0.0501
3092,W2C,5,12.0875,0.0,0,19.82,0.056
3093,N2C,12,4.7178,72.0,7,50.79,0.2941
3093,S2C,12,4.5726,79.0,7,52.4,0.3008
3093,E2C,5,12.4453,0.0,0,19.25,0.0508
3093,W2C,5,12.1632,0.0,0,19.7,0.0549
3094,N2C,13,4.5976,79.0,7,52.11,0.3065
3094,S2C,13,4.8321,87.0,8,49.59,0.3144
3094,E2C,6,12.6903,0.0,0,18.88,0.0533
3094,W2C,5,12.0804,0.0,0,19.83,0.0561
3095,N2C,13,4.3005,86.0,7,55.72,0.3154
3095,S2C,13,4.4914,95.0,8,53.35,0.3247
3095,E2C,6,12.4994,0.0,0,19.17,0.056
3095,W2C,5,11.7068,0.0,0,20.47,0.0614
3096,N2C,13,4.0892,93.0,7,58.59,0.3231
3096,S2C,13,4.1201,103.0,8,58.15,0.3353
3096,E2C,5,12.791,0.0,0,18.73,0.0458
3096,W2C,5,11.6233,0.0,0,20.61,0.0626
3097,N2C,14,4.583,101.0,8,52.28,0.3333
3097,S2C,14,4.5629,111.0,8,52.51,0.3403
3097,E2C,6,12.3186,0.0,0,19.45,0.0586
3097,W2C,5,11.7656,0.0,0,20.36,0.0606
3098,N2C,14,4.3252,109.0,8,55.4,0.3424
3098,S2C,14,4.5755,120.0,9,52.37,0.3521
3098,E2C,5,12.4004,0.0,0,19.32,0.0514
3098,W2C,5,11.3112,0.0,0,21.18,0.0671
3099,N2C,14,3.9495,117.0,8,60.67,0.3531
3099,S2C,14,4.5571,129.0,9,52.58,0.3584
3099,E2C,5,12.4753,0.0,0,19.21,0.0504
3099,W2C,5,11.437,0.0,0,20.95,0.0653
3100,N2C,14,3.7696,126.0,9,63.56,0.3677
3100,S2C,14,4.6229,138.0,9,51.83,0.3634
3100,E2C,5,12.3439,0.0,0,19.41,0.0523
3100,W2C,5,11.8532,0.0,0,20.21,0.0593
3101,N2C,15,3.963,135.0,9,60.46,0.3769
3101,S2C,15,4.9481,147.0,9,48.42,0.3708
3101,E2C,6,11.6377,0.0,0,20.59,0.0684
3101,W2C,6,12.0997,0.0,0,19.8,0.0618
3102,N2C,15,3.6638,145.0,10,65.4,0.3939
3102,S2C,15,4.312,156.0,9,55.57,0.3859
3102,E2C,6,11.1977,0.0,0,21.4,0.0748
3102,W2C,6,12.0334,0.0,0,19.91,0.0627
3103,N2C,13,3.8546,100.0,8,62.16,0.3372
3103,S2C,13,4.4607,105.0,7,53.71,0.3258
3103,E2C,6,10.4059,0.0,0,23.03,0.0862
3103,W2C,6,11.7593,0.0,0,20.38,0.0667
3104,N2C,13,3.9974,63.0,6,59.94,0.2984
3104,S2C,13,4.1478,67.0,6,57.77,0.2989
3104,E2C,6,10.0205,1.0,1,23.91,0.0984
3104,W2C,6,11.6885,0.0,0,20.5,0.0677
3105,N2C,14,4.9774,34.0,5,48.14,0.265
3105,S2C,14,5.0684,37.0,5,47.27,0.2657
3105,E2C,7,9.8666,2.0,1,24.28,0.1073
3105,W2C,7,11.4265,0.0,0,20.97,0.0775
3106,N2C,12,5.6845,14.0,3,42.15,0.2175
3106,S2C,12,5.5079,14.0,3,43.5,0.22
3106,E2C,7,9.7651,3.0,1,24.54,0.1094
3106,W2C,7,10.7128,0.0,0,22.37,0.0877
3107,N2C,12,6.2387,3.0,1,38.41,0.1902
3107,S2C,12,5.8004,5.0,2,41.31,0.2038
3107,E2C,7,8.8215,4.0,1,27.16,0.1236
3107,W2C,7,10.1555,0.0,0,23.59,0.0958
3108,N2C,12,7.662,0.0,0,31.27,0.1617
3108,S2C,12,7.4439,0.0,0,32.19,0.1648
3108,E2C,8,9.1548,5.0,1,26.17,0.1255
3108,W2C,8,9.9075,0.0,0,24.18,0.1053
3109,N2C,11,8.0832,0.0,0,29.64,0.1496
3109,S2C,11,7.8322,0.0,0,30.59,0.1532
3109,E2C,8,9.4821,7.0,2,25.27,0.1281
3109,W2C,8,9.4926,1.0,1,25.24,0.118
3110,N2C,10,8.8548,0.0,0,27.06,0.1325
3110,S2C,10,8.386,0.0,0,28.57,0.1393
3110,E2C,8,8.979,9.0,2,26.68,0.1367
3110,W2C,8,9.5638,2.0,1,25.05,0.1176
3111,N2C,9,9.1726,0.0,0,26.12,0.1219
3111,S2C,9,9.1612,0.0,0,26.15,0.1221
3111,E2C,8,8.5782,11.0,2,27.93,0.1438
3111,W2C,8,8.9022,4.0,2,26.91,0.1345
3112,N2C,9,9.8263,0.0,0,24.38,0.1125
3112,S2C,8,10.4764,0.0,0,22.87,0.0972
3112,E2C,9,7.8177,13.0,2,30.65,0.1621
3112,W2C,9,9.0335,6.0,2,26.52,0.1399
3113,N2C,8,10.458,0.0,0,22.91,0.0974
3113,S2C,8,11.1748,0.0,0,21.44,0.0871
3113,E2C,9,7.3459,16.0,3,32.62,0.1769
3113,W2C,9,8.1213,8.0,2,29.5,0.1544
3114,N2C,8,10.9763,0.0,0,21.83,0.09
3114,S2C,6,11.9895,0.0,0,19.98,0.0634
3114,E2C,9,6.9122,19.0,3,34.66,0.1851
3114,W2C,9,7.164,11.0,3,33.45,0.1762
3115,N2C,7,11.9425,0.0,0,20.06,0.07
3115,S2C,7,12.5526,0.0,0,19.09,0.0613
3115,E2C,10,7.3173,22.0,3,32.74,0.1873
3115,W2C,10,7.1763,14.0,3,33.39,0.184
3116,N2C,6,12.4666,0.0,0,19.22,0.0565
3116,S2C,5,13.2119,0.0,0,18.14,0.0398
3116,E2C,10,6.8436,26.0,4,35.01,0.2028
3116,W2C,10,6.6054,17.0,3,36.27,0.1942
3117,N2C,5,12.2957,0.0,0,19.49,0.053
3117,S2C,5,12.9738,0.0,0,18.47,0.0432
3117,E2C,10,5.9607,30.0,4,40.2,0.2182
3117,W2C,10,6.308,20.0,3,37.98,0.2005
3118,N2C,5,12.5236,0.0,0,19.13,0.0497
3118,S2C,5,13.2123,0.0,0,18.13,0.0398
3118,E2C,10,5.9045,34.0,4,40.58,0.2216
3118,W2C,10,5.7858,24.0,4,41.41,0.2167
3119,N2C,6,12.5099,0.0,0,19.15,0.0559
3119,S2C,6,13.0912,0.0,0,18.3,0.0475
3119,E2C,11,6.3432,38.0,4,37.77,0.224
3119,W2C,11,6.396,29.0,5,37.46,0.2232
3120,N2C,6,11.9059,0.0,0,20.12,0.0646
3120,S2C,5,13.0127,0.0,0,18.41,0.0426
3120,E2C,11,5.6853,43.0,5,42.14,0.2428
3120,W2C,11,6.0984,34.0,5,39.29,0.2309
3121,N2C,6,12.0598,0.0,0,19.87,0.0624
3121,S2C,5,12.9289,0.0,0,18.53,0.0438
3121,E2C,11,5.247,49.0,6,45.66,0.2591
3121,W2C,11,5.8769,40.0,6,40.77,0.244
3122,N2C,5,12.5496,0.0,0,19.09,0.0493
3122,S2C,5,13.0837,0.0,0,18.31,0.0416
3122,E2C,11,4.9931,55.0,6,47.99,0.2668
3122,W2C,11,5.3776,46.0,6,44.56,0.2552
3123,N2C,5,12.5703,0.0,0,19.06,0.049
3123,S2C,5,13.2712,0.0,0,18.05,0.0389
3123,E2C,12,5.2601,61.0,6,45.55,0.2729
3123,W2C,12,5.3747,52.0,6,44.58,0.2653
3124,N2C,5,12.5913,0.0,0,19.03,0.0487
3124,S2C,5,12.6895,0.0,0,18.88,0.0473
3124,E2C,12,5.2441,68.0,7,45.69,0.2838
3124,W2C,12,4.9681,58.0,6,48.23,0.2751
3125,N2C,5,12.3509,0.0,0,19.4,0.0522
3125,S2C,5,13.1277,0.0,0,18.25,0.041
3125,E2C,12,5.0865,75.0,7,47.1,0.2908
3125,W2C,12,4.6099,65.0,7,51.98,0.291
3126,N2C,5,12.6717,0.0,0,18.91,0.0475
3126,S2C,5,12.3004,0.0,0,19.48,0.0529
3126,E2C,13,5.3696,82.0,7,44.62,0.2974
3126,W2C,13,5.0968,72.0,7,47.01,0.2946
3127,N2C,5,12.499,0.0,0,19.17,0.05
3127,S2C,5,12.1578,0.0,0,19.71,0.0549
3127,E2C,13,5.1669,89.0,7,46.37,0.3049
3127,W2C,13,4.7568,79.0,7,50.37,0.3042
3128,N2C,5,12.5161,0.0,0,19.14,0.0498
3128,S2C,5,12.2477,0.0,0,19.56,0.0536
3128,E2C,13,4.819,97.0,8,49.72,0.3213
3128,W2C,13,4.3103,87.0,8,55.59,0.3219
3129,N2C,5,12.5104,0.0,0,19.15,0.0499
3129,S2C,5,12.0851,0.0,0,19.83,0.056
3129,E2C,13,4.6492,105.0,8,51.54,0.3291
3129,W2C,13,3.9283,95.0,8,60.99,0.3328
3130,N2C,6,12.6212,0.0,0,18.98,0.0543
3130,S2C,5,12.0567,0.0,0,19.87,0.0564
3130,E2C,14,5.0271,113.0,8,47.66,0.3349
3130,W2C,14,4.6636,103.0,8,51.38,0.3335
3131,N2C,6,12.4174,0.0,0,19.3,0.0572
3131,S2C,5,12.5097,0.0,0,19.15,0.0499
3131,E2C,14,4.5163,121.0,8,53.05,0.3476
3131,W2C,14,4.1342,111.0,8,57.96,0.3465
3132,N2C,6,12.4688,0.0,0,19.22,0.0565
3132,S2C,5,12.3412,0.0,0,19.41,0.0523
3132,E2C,14,4.3476,129.0,8,55.11,0.3554
3132,W2C,14,3.8681,120.0,9,61.94,0.3623
3133,N2C,6,12.7336,0.0,0,18.82,0.0527
3133,S2C,5,12.2825,0.0,0,19.51,0.0531
3133,E2C,15,4.4625,138.0,9,53.69,0.3717
3133,W2C,15,4.1977,129.0,9,57.08,0.3696
3134,N2C,6,12.0218,0.0,0,19.93,0.0629
3134,S2C,5,12.3964,0.0,0,19.33,0.0515
3134,E2C,15,3.9903,147.0,9,60.05,0.3845
3134,W2C,15,3.7937,139.0,10,63.16,0.388
3135,N2C,6,11.3589,0.0,0,21.09,0.0724
3135,S2C,5,12.4677,0.0,0,19.22,0.0505
3135,E2C,15,3.6268,156.0,9,66.06,0.3958
3135,W2C,15,3.5789,149.0,10,66.95,0.3978
3136,N2C,6,10.6387,1.0,1,22.52,0.0895
3136,S2C,5,12.5723,0.0,0,19.06,0.049
3136,E2C,13,3.9731,105.0,8,60.31,0.3388
3136,W2C,13,3.7487,105.0,8,63.92,0.342
3137,N2C,7,10.9754,2.0,1,21.83,0.0913
3137,S2C,6,12.4468,0.0,0,19.25,0.0568
3137,E2C,14,4.7156,66.0,6,50.81,0.2961
3137,W2C,14,4.7807,70.0,7,50.12,0.3038
3138,N2C,7,10.7818,3.0,1,22.22,0.0948
3138,S2C,6,12.2628,0.0,0,19.54,0.0594
3138,E2C,14,4.7593,36.0,5,50.34,0.2695
3138,W2C,14,5.1251,39.0,5,46.75,0.2662
3139,N2C,7,10.0883,4.0,1,23.75,0.1054
3139,S2C,6,11.4365,0.0,0,20.95,0.0713
3139,E2C,13,4.9517,13.0,3,48.39,0.2334
3139,W2C,12,5.7095,17.0,3,41.96,0.2191
3140,N2C,7,9.1072,5.0,1,26.31,0.1202
3140,S2C,6,10.6564,0.0,0,22.48,0.0826
3140,E2C,12,4.9635,3.0,1,48.27,0.2085
3140,W2C,12,6.6344,4.0,1,36.11,0.1851
3141,N2C,8,9.0745,7.0,2,26.4,0.134
3141,S2C,7,10.1032,0.0,0,23.72,0.0965
3141,E2C,12,5.9299,0.0,0,40.41,0.1866
3141,W2C,12,7.2378,0.0,0,33.1,0.1678
3142,N2C,8,8.4032,9.0,2,28.51,0.145
3142,S2C,7,9.634,1.0,1,24.87,0.1099
3142,E2C,11,6.286,0.0,0,38.12,0.1755
3142,W2C,11,7.5139,0.0,0,31.89,0.1578
3143,N2C,8,7.9487,12.0,3,30.14,0.1595
3143,S2C,7,9.0129,3.0,2,26.58,0.1262
3143,E2C,10,6.7356,0.0,0,35.57,0.163
3143,W2C,10,8.0268,0.0,0,29.85,0.1444
3144,N2C,9,8.1065,15.0,3,29.56,0.1653
3144,S2C,8,9.4757,5.0,2,25.29,0.1269
3144,E2C,11,8.2504,0.0,0,29.04,0.1472
3144,W2C,10,9.2831,0.0,0,25.81,0.1263
3145,N2C,9,7.7646,18.0,3,30.86,0.1722
3145,S2C,8,9.4341,7.0,2,25.4,0.1288
3145,E2C,9,8.6637,0.0,0,27.66,0.1293
3145,W2C,9,9.8925,0.0,0,24.22,0.1116
3146,N2C,9,7.0503,21.0,3,33.98,0.1845
3146,S2C,8,9.3707,9.0,2,25.57,0.1311
3146,E2C,9,9.0185,0.0,0,26.57,0.1241
3146,W2C,8,10.5567,0.0,0,22.7,0.096
3147,N2C,9,6.5415,25.0,4,36.63,0.2005
3147,S2C,8,8.9587,11.0,2,26.75,0.1383
3147,E2C,7,10.1056,0.0,0,23.71,0.0965
3147,W2C,7,11.1072,0.0,0,21.57,0.0821
3148,N2C,10,6.9174,29.0,4,34.64,0.2037
3148,S2C,9,9.0401,13.0,2,26.5,0.1445
3148,E2C,8,11.0248,0.0,0,21.73,0.0893
3148,W2C,7,11.7799,0.0,0,20.34,0.0724
3149,N2C,10,6.3739,33.0,4,37.59,0.2142
3149,S2C,9,7.988,15.0,2,29.99,0.161
3149,E2C,6,11.5144,0.0,0,20.81,0.0702
3149,W2C,6,12.3211,0.0,0,19.45,0.0586
3150,N2C,10,6.0493,37.0,4,39.61,0.2216
3150,S2C,9,6.9113,18.0,3,34.67,0.1845
3150,E2C,6,11.7291,0.0,0,20.43,0.0671
3150,W2C,5,12.0788,0.0,0,19.84,0.0561
3151,N2C,11,6.4646,42.0,5,37.06,0.2309
3151,S2C,10,7.0139,21.0,3,34.16,0.191
3151,E2C,6,12.3831,0.0,0,19.35,0.0577
3151,W2C,6,12.247,0.0,0,19.56,0.0597
3152,N2C,11,6.0021,47.0,5,39.92,0.2409
3152,S2C,10,6.6145,24.0,3,36.22,0.1988
3152,E2C,6,12.2696,0.0,0,19.53,0.0593
3152,W2C,6,12.4936,0.0,0,19.18,0.0561
3153,N2C,11,5.6497,52.0,5,42.41,0.2493
3153,S2C,10,6.4307,28.0,4,37.26,0.2101
3153,E2C,6,12.3382,0.0,0,19.42,0.0583
3153,W2C,6,12.3667,0.0,0,19.37,0.0579
3154,N2C,11,5.2877,58.0,6,45.31,0.2645
3154,S2C,10,5.8823,33.0,5,40.73,0.2273
3154,E2C,6,12.2205,0.0,0,19.61,0.06
3154,W2C,5,12.965,0.0,0,18.48,0.0433
3155,N2C,12,5.5623,64.0,6,43.08,0.2706
3155,S2C,11,6.1643,38.0,5,38.87,0.2326
3155,E2C,6,12.6357,0.0,0,18.96,0.0541
3155,W2C,6,12.9505,0.0,0,18.5,0.0495
3156,N2C,12,5.2075,71.0,7,46.01,0.2864
3156,S2C,11,5.8896,43.0,5,40.68,0.2399
3156,E2C,6,13.034,0.0,0,18.38,0.0483
3156,W2C,5,12.8765,0.0,0,18.61,0.0446
3157,N2C,12,5.0517,78.0,7,47.43,0.2933
3157,S2C,11,5.4108,48.0,5,44.28,0.2501
3157,E2C,6,12.2788,0.0,0,19.51,0.0592
3157,W2C,5,12.9193,0.0,0,18.55,0.044
3158,N2C,12,4.6409,85.0,7,51.63,0.3038
3158,S2C,11,4.9673,54.0,6,48.24,0.2665
3158,E2C,6,12.2648,0.0,0,19.54,0.0594
3158,W2C,5,12.7464,0.0,0,18.8,0.0465
3159,N2C,13,4.899,92.0,7,48.91,0.3108
3159,S2C,12,5.1441,60.0,6,46.58,0.2739
3159,E2C,6,12.4278,0.0,0,19.28,0.0571
3159,W2C,5,12.5458,0.0,0,19.1,0.0494
3160,N2C,13,4.4102,99.0,7,54.33,0.3225
3160,S2C,12,4.7246,67.0,7,50.71,0.2906
3160,E2C,6,12.4071,0.0,0,19.31,0.0574
3160,W2C,5,12.2299,0.0,0,19.59,0.0539
3161,N2C,13,4.1252,106.0,7,58.08,0.3313
3161,S2C,12,4.3975,74.0,7,54.49,0.3
3161,E2C,6,12.7346,0.0,0,18.81,0.0526
3161,W2C,5,12.7895,0.0,0,18.73,0.0458
3162,N2C,14,4.4873,114.0,8,53.4,0.3434
3162,S2C,13,4.7789,81.0,7,50.14,0.3052
3162,E2C,5,13.2019,0.0,0,18.15,0.0399
3162,W2C,4,12.2093,0.0,0,19.62,0.0482
3163,N2C,14,4.2941,123.0,9,55.8,0.3582
3163,S2C,13,4.5334,89.0,8,52.85,0.3201
3163,E2C,5,13.0681,0.0,0,18.33,0.0418
3163,W2C,5,12.0541,0.0,0,19.88,0.0564
3164,N2C,14,3.9888,132.0,9,60.07,0.3686
3164,S2C,13,4.303,97.0,8,55.68,0.3287
3164,E2C,5,13.061,0.0,0,18.34,0.0419
3164,W2C,5,12.2273,0.0,0,19.6,0.0539
3165,N2C,14,3.653,141.0,9,65.59,0.3794
3165,S2C,13,3.894,105.0,8,61.53,0.3399
3165,E2C,5,12.705,0.0,0,18.86,0.0471
3165,W2C,5,12.4418,0.0,0,19.26,0.0509
3166,N2C,15,3.8764,150.0,9,61.81,0.3882
3166,S2C,14,4.4493,113.0,8,53.85,0.3433
3166,E2C,5,13.1774,0.0,0,18.18,0.0403
3166,W2C,6,12.5674,0.0,0,19.07,0.055
3167,N2C,15,3.5152,159.0,9,68.16,0.3994
3167,S2C,14,4.1433,121.0,8,57.83,0.353
3167,E2C,5,12.6329,0.0,0,18.97,0.0481
3167,W2C,6,12.2417,0.0,0,19.57,0.0597
3168,N2C,15,3.3379,169.0,10,71.78,0.4146
3168,S2C,14,3.835,129.0,8,62.48,0.3628
3168,E2C,5,12.3227,0.0,0,19.44,0.0526
3168,W2C,6,11.736,0.0,0,20.42,0.067
3169,N2C,14,4.5533,117.0,9,52.62,0.3504
3169,S2C,13,4.9059,83.0,7,48.84,0.3047
3169,E2C,6,12.0218,0.0,0,19.93,0.0629
3169,W2C,6,10.1744,0.0,0,23.55,0.0895
3170,N2C,14,4.747,74.0,7,50.47,0.307
3170,S2C,13,5.1563,51.0,5,46.47,0.2678
3170,E2C,6,11.2984,0.0,0,21.21,0.0733
3170,W2C,7,9.9081,0.0,0,24.18,0.0993
3171,N2C,14,5.1802,42.0,5,46.25,0.2674
3171,S2C,13,5.7132,25.0,4,41.94,0.2364
3171,E2C,6,10.8554,0.0,0,22.07,0.0797
3171,W2C,7,8.9132,0.0,0,26.88,0.1137
3172,N2C,12,5.7092,19.0,3,41.97,0.2205
3172,S2C,11,5.9969,6.0,2,39.95,0.1957
3172,E2C,6,10.3734,0.0,0,23.1,0.0866
3172,W2C,7,8.4792,2.0,2,28.26,0.1332
3173,N2C,13,6.5561,5.0,1,36.55,0.1929
3173,S2C,12,7.3507,0.0,0,32.6,0.1662
3173,E2C,7,9.9939,1.0,1,23.97,0.1048
3173,W2C,8,8.7841,4.0,2,27.28,0.1362
3174,N2C,12,7.111,0.0,0,33.69,0.1696
3174,S2C,10,7.9962,0.0,0,29.96,0.1449
3174,E2C,7,9.1833,2.0,1,26.09,0.1171
3174,W2C,8,7.8937,6.0,2,30.35,0.1503
3175,N2C,11,7.7257,0.0,0,31.01,0.1548
3175,S2C,10,8.6736,0.0,0,27.62,0.1351
3175,E2C,7,8.9594,3.0,1,26.74,0.121
3175,W2C,8,7.7331,8.0,2,30.98,0.154
3176,N2C,11,7.9149,0.0,0,30.27,0.152
3176,S2C,8,9.6631,0.0,0,24.8,0.1089
3176,E2C,7,8.6625,5.0,2,27.66,0.1326
3176,W2C,8,7.5891,10.0,2,31.57,0.1574
3177,N2C,10,8.7194,0.0,0,27.48,0.1345
3177,S2C,9,10.1998,0.0,0,23.49,0.1071
3177,E2C,8,9.2824,7.0,2,25.81,0.131
3177,W2C,9,8.472,13.0,3,28.28,0.1587
3178,N2C,10,9.0724,0.0,0,26.41,0.1294
3178,S2C,7,11.2243,0.0,0,21.35,0.0804
3178,E2C,8,8.771,9.0,2,27.32,0.1397
3178,W2C,9,8.1848,16.0,3,29.27,0.1648
3179,N2C,8,10.2066,0.0,0,23.48,0.101
3179,S2C,7,11.3562,0.0,0,21.1,0.0785
3179,E2C,8,7.8127,11.0,2,30.67,0.1548
3179,W2C,9,7.9202,19.0,3,30.25,0.1706
3180,N2C,8,11.1068,0.0,0,21.57,0.0881
3180,S2C,7,12.3288,0.0,0,19.43,0.0645
3180,E2C,9,7.5442,14.0,3,31.76,0.1727
3180,W2C,10,7.8377,22.0,3,30.57,0.1798
3181,N2C,7,11.873,0.0,0,20.18,0.071
3181,S2C,7,12.5034,0.0,0,19.16,0.062
3181,E2C,9,7.1861,17.0,3,33.34,0.1799
3181,W2C,10,7.4923,25.0,3,31.98,0.1868
3182,N2C,6,11.9697,0.0,0,20.02,0.0637
3182,S2C,5,12.5678,0.0,0,19.06,0.049
3182,E2C,9,7.1793,20.0,3,33.37,0.182
3182,W2C,10,6.9435,29.0,4,34.51,0.2034
3183,N2C,5,12.4361,0.0,0,19.27,0.0509
3183,S2C,5,13.1345,0.0,0,18.24,0.0409
3183,E2C,9,6.5815,24.0,4,36.41,0.1992
3183,W2C,10,5.9314,33.0,4,40.39,0.2206
3184,N2C,5,12.8849,0.0,0,18.6,0.0445
3184,S2C,5,13.1681,0.0,0,18.2,0.0404
3184,E2C,10,6.8389,28.0,4,35.03,0.2042
3184,W2C,11,6.1015,37.0,4,39.27,0.2268
3185,N2C,5,12.8814,0.0,0,18.6,0.0445
3185,S2C,5,13.3426,0.0,0,17.96,0.0379
3185,E2C,10,6.1437,32.0,4,39.0,0.2169
3185,W2C,11,5.9403,42.0,5,40.33,0.2385
3186,N2C,5,12.5947,0.0,0,19.02,0.0487
3186,S2C,5,13.0449,0.0,0,18.37,0.0422
3186,E2C,10,5.6623,37.0,5,42.32,0.2331
3186,W2C,11,5.3956,48.0,6,44.41,0.2563
3187,N2C,5,12.7598,0.0,0,18.78,0.0463
3187,S2C,6,13.315,0.0,0,17.99,0.0443
3187,E2C,11,6.0831,42.0,5,39.39,0.2364
3187,W2C,12,5.7916,54.0,6,41.37,0.2606
3188,N2C,5,12.1396,0.0,0,19.74,0.0552
3188,S2C,5,12.9998,0.0,0,18.43,0.0428
3188,E2C,11,5.8053,47.0,5,41.27,0.2437
3188,W2C,12,5.3561,60.0,6,44.73,0.2709
3189,N2C,5,12.3444,0.0,0,19.41,0.0523
3189,S2C,5,13.1762,0.0,0,18.18,0.0403
3189,E2C,11,5.6662,53.0,6,42.29,0.2557
3189,W2C,12,5.4489,67.0,7,43.97,0.2802
3190,N2C,5,12.401,0.0,0,19.32,0.0514
3190,S2C,5,12.6246,0.0,0,18.98,0.0482
3190,E2C,11,5.6461,59.0,6,42.44,0.26
3190,W2C,12,4.9986,74.0,7,47.93,0.2914
3191,N2C,6,12.6993,0.0,0,18.87,0.0531
3191,S2C,6,13.0672,0.0,0,18.34,0.0478
3191,E2C,12,6.3642,65.0,6,37.65,0.2597
3191,W2C,13,5.3115,81.0,7,45.11,0.2975
3192,N2C,6,12.6663,0.0,0,18.92,0.0536
3192,S2C,6,12.9893,0.0,0,18.45,0.049
3192,E2C,12,6.2354,71.0,6,38.43,0.2656
3192,W2C,13,4.7501,88.0,7,50.44,0.3103
3193,N2C,6,13.0479,0.0,0,18.36,0.0481
3193,S2C,5,12.9164,0.0,0,18.55,0.044
3193,E2C,12,6.0156,77.0,6,39.83,0.2727
3193,W2C,13,4.4862,95.0,7,53.41,0.3187
3194,N2C,6,12.9547,0.0,0,18.5,0.0495
3194,S2C,5,13.0942,0.0,0,18.3,0.0415
3194,E2C,12,5.2972,83.0,6,45.23,0.2871
3194,W2C,13,4.0033,103.0,8,59.85,0.337
3195,N2C,5,13.0635,0.0,0,18.34,0.0419
3195,S2C,4,12.6268,0.0,0,18.98,0.0422
3195,E2C,13,5.0191,89.0,6,47.74,0.3011
3195,W2C,14,4.6032,111.0,8,52.05,0.3397
3196,N2C,5,13.2042,0.0,0,18.15,0.0399
3196,S2C,5,13.2155,0.0,0,18.13,0.0397
3196,E2C,13,4.4504,95.0,6,53.84,0.3133
3196,W2C,14,4.5993,119.0,8,52.1,0.3451
3197,N2C,5,12.8312,0.0,0,18.67,0.0452
3197,S2C,5,13.1468,0.0,0,18.22,0.0407
3197,E2C,13,4.1201,102.0,7,58.15,0.3287
3197,W2C,14,4.4242,128.0,9,54.16,0.3596
3198,N2C,6,13.0845,0.0,0,18.31,0.0476
3198,S2C,5,13.2989,0.0,0,18.02,0.0385
3198,E2C,14,4.5533,110.0,8,52.62,0.3398
3198,W2C,15,4.8976,137.0,9,48.92,0.3648
3199,N2C,5,12.9495,0.0,0,18.5,0.0435
3199,S2C,5,13.078,0.0,0,18.32,0.0417
3199,E2C,14,4.2417,118.0,8,56.49,0.3496
3199,W2C,15,4.2236,146.0,9,56.73,0.3805
3200,N2C,5,13.0538,0.0,0,18.35,0.042
3200,S2C,5,13.1719,0.0,0,18.19,0.0403
3200,E2C,14,4.0035,127.0,9,59.85,0.365
3200,W2C,15,3.8379,155.0,9,62.43,0.3921
3201,N2C,5,12.4434,0.0,0,19.26,0.0508
3201,S2C,5,12.9813,0.0,0,18.46,0.0431
3201,E2C,14,3.8087,136.0,9,62.91,0.3738
3201,W2C,15,3.4165,165.0,10,70.13,0.4108
3202,N2C,5,12.2133,0.0,0,19.62,0.0541
3202,S2C,6,12.3917,0.0,0,19.34,0.0576
3202,E2C,13,4.7917,88.0,7,50.0,0.3097
3202,W2C,14,4.4268,113.0,8,54.12,0.3436
3203,N2C,6,11.5584,0.0,0,20.73,0.0696
3203,S2C,6,11.3465,0.0,0,21.12,0.0726
3203,E2C,13,4.7497,50.0,5,50.45,0.2729
3203,W2C,14,4.2056,73.0,7,56.97,0.3141
3204,N2C,6,10.8895,0.0,0,22.0,0.0792
3204,S2C,6,10.7989,0.0,0,22.19,0.0805
3204,E2C,13,4.9705,21.0,4,48.2,0.2444
3204,W2C,14,4.2998,41.0,5,55.72,0.2794
3205,N2C,7,10.9584,0.0,0,21.86,0.0842
3205,S2C,7,10.4824,0.0,0,22.86,0.0911
3205,E2C,12,5.9242,8.0,2,40.44,0.204
3205,W2C,13,5.3623,17.0,3,44.68,0.2301
3206,N2C,7,10.4431,1.0,1,22.94,0.0983
3206,S2C,7,9.8834,1.0,1,24.24,0.1064
3206,E2C,12,6.2922,1.0,1,38.08,0.1881
3206,W2C,13,5.9789,5.0,2,40.07,0.2072
3207,N2C,7,9.7598,2.0,1,24.55,0.1088
3207,S2C,7,9.5288,2.0,1,25.14,0.1121
3207,E2C,11,6.7239,0.0,0,35.63,0.1692
3207,W2C,13,6.3963,0.0,0,37.46,0.1859
3208,N2C,7,8.8239,3.0,1,27.15,0.1229
3208,S2C,7,9.1523,3.0,1,26.18,0.1182
3208,E2C,10,7.2795,0.0,0,32.91,0.1552
3208,W2C,11,6.9031,0.0,0,34.71,0.1666
3209,N2C,8,8.7185,5.0,2,27.48,0.1378
3209,S2C,8,9.2453,5.0,2,25.92,0.1302
3209,E2C,10,9.1279,0.0,0,26.25,0.1286
3209,W2C,12,8.0679,0.0,0,29.7,0.1558
3210,N2C,8,8.2201,7.0,2,29.15,0.1463
3210,S2C,8,8.5387,7.0,2,28.06,0.1417
3210,E2C,9,9.9916,0.0,0,23.98,0.1101
3210,W2C,10,8.7637,0.0,0,27.34,0.1338
3211,N2C,8,8.0116,10.0,3,29.91,0.1573
3211,S2C,8,8.4619,9.0,2,28.32,0.1442
3211,E2C,8,10.9174,0.0,0,21.95,0.0908
3211,W2C,10,9.4048,0.0,0,25.48,0.1246
3212,N2C,8,7.6049,13.0,3,31.51,0.1652
3212,S2C,8,8.3613,11.0,2,28.66,0.1469
3212,E2C,7,11.5974,0.0,0,20.66,0.075
3212,W2C,8,10.2054,0.0,0,23.48,0.1011
3213,N2C,9,7.7235,16.0,3,31.02,0.1715
3213,S2C,9,8.5208,13.0,2,28.12,0.152
3213,E2C,7,12.3782,0.0,0,19.36,0.0638
3213,W2C,7,11.4096,0.0,0,21.0,0.0777
3214,N2C,9,7.0746,19.0,3,33.87,0.1828
3214,S2C,9,7.4697,16.0,3,32.08,0.1751
3214,E2C,6,12.8295,0.0,0,18.68,0.0513
3214,W2C,7,11.5266,0.0,0,20.79,0.076
3215,N2C,9,6.5715,23.0,4,36.46,0.1987
3215,S2C,9,6.7614,19.0,3,35.44,0.1873
3215,E2C,6,12.704,0.0,0,18.86,0.0531
3215,W2C,5,12.0548,0.0,0,19.88,0.0564
3216,N2C,10,6.8351,27.0,4,35.05,0.2036
3216,S2C,10,6.8461,22.0,3,35.0,0.1941
3216,E2C,6,12.5976,0.0,0,19.02,0.0546
3216,W2C,6,12.9052,0.0,0,18.57,0.0502
3217,N2C,10,6.5008,31.0,4,36.86,0.2111
3217,S2C,10,6.399,26.0,4,37.44,0.2092
3217,E2C,5,13.0814,0.0,0,18.32,0.0416
3217,W2C,5,12.6266,0.0,0,18.98,0.0482
3218,N2C,10,6.4449,36.0,5,37.18,0.2212
3218,S2C,10,6.3427,31.0,5,37.78,0.2193
3218,E2C,5,12.7799,0.0,0,18.75,0.046
3218,W2C,5,12.5635,0.0,0,19.07,0.0491
3219,N2C,10,6.4948,41.0,5,36.89,0.2238
3219,S2C,10,5.5824,36.0,5,42.92,0.2336
3219,E2C,5,12.6631,0.0,0,18.92,0.0477
3219,W2C,5,12.8209,0.0,0,18.69,0.0454
3220,N2C,11,7.2168,46.0,5,33.2,0.2228
3220,S2C,11,6.0712,41.0,5,39.47,0.2359
3220,E2C,5,12.9761,0.0,0,18.46,0.0432
3220,W2C,5,12.5888,0.0,0,19.03,0.0487
3221,N2C,11,6.3037,51.0,5,38.01,0.2392
3221,S2C,11,5.4477,46.0,5,43.98,0.2482
3221,E2C,5,12.599,0.0,0,19.02,0.0486
3221,W2C,5,12.3701,0.0,0,19.37,0.0519
3222,N2C,11,5.6766,56.0,5,42.21,0.2516
3222,S2C,11,5.0683,52.0,6,47.27,0.2637
3222,E2C,5,12.8582,0.0,0,18.63,0.0449
3222,W2C,5,12.362,0.0,0,19.38,0.052
3223,N2C,12,5.5828,61.0,5,42.92,0.2623
3223,S2C,12,5.201,58.0,6,46.07,0.2718
3223,E2C,5,12.5684,0.0,0,19.06,0.049
3223,W2C,6,12.5334,0.0,0,19.12,0.0555
3224,N2C,12,5.503,66.0,5,43.54,0.2668
3224,S2C,12,5.0035,65.0,7,47.89,0.2853
3224,E2C,5,12.5134,0.0,0,19.15,0.0498
3224,W2C,6,12.2347,0.0,0,19.58,0.0598
3225,N2C,12,5.0835,73.0,7,47.13,0.2895
3225,S2C,12,4.7634,72.0,7,50.3,0.2934
3225,E2C,5,12.8246,0.0,0,18.68,0.0453
3225,W2C,6,12.0002,0.0,0,19.97,0.0632
3226,N2C,12,4.7133,80.0,7,50.83,0.2995
3226,S2C,12,4.3419,79.0,7,55.18,0.3041
3226,E2C,5,12.7021,0.0,0,18.86,0.0471
3226,W2C,6,12.5293,0.0,0,19.12,0.0556
3227,N2C,13,5.1062,87.0,7,46.92,0.3045
3227,S2C,13,4.7056,86.0,7,50.92,0.3096
3227,E2C,5,12.3917,0.0,0,19.34,0.0516
3227,W2C,5,12.5218,0.0,0,19.13,0.0497
3228,N2C,13,5.0637,94.0,7,47.32,0.3098
3228,S2C,13,4.7442,93.0,7,50.5,0.3137
3228,E2C,5,12.1745,0.0,0,19.68,0.0547
3228,W2C,5,12.5347,0.0,0,19.11,0.0495
3229,N2C,13,4.6632,102.0,8,51.38,0.3269
3229,S2C,13,4.6566,101.0,8,51.45,0.3263
3229,E2C,5,12.1171,0.0,0,19.77,0.0555
3229,W2C,5,12.4938,0.0,0,19.18,0.0501
3230,N2C,13,4.3218,110.0,8,55.44,0.3371
3230,S2C,13,4.3733,109.0,8,54.79,0.3357
3230,E2C,5,12.2877,0.0,0,19.5,0.0531
3230,W2C,5,12.2546,0.0,0,19.55,0.0535
3231,N2C,14,4.3938,118.0,8,54.53,0.3474
3231,S2C,14,4.7199,117.0,8,50.76,0.342
3231,E2C,6,12.6414,0.0,0,18.95,0.054
3231,W2C,5,11.9778,0.0,0,20.0,0.0575
3232,N2C,14,4.14,126.0,8,57.87,0.3564
3232,S2C,14,4.3425,125.0,8,55.18,0.3528
3232,E2C,6,11.6141,0.0,0,20.63,0.0688
3232,W2C,5,11.6062,0.0,0,20.64,0.0629
3233,N2C,14,3.7588,135.0,9,63.74,0.3739
3233,S2C,14,4.1141,134.0,9,58.24,0.3681
3233,E2C,6,11.0166,0.0,0,21.75,0.0774
3233,W2C,5,11.6372,0.0,0,20.59,0.0624
3234,N2C,15,4.4046,144.0,9,54.4,0.3766
3234,S2C,15,4.4492,143.0,9,53.85,0.3753
3234,E2C,7,10.8623,0.0,0,22.06,0.0856
3234,W2C,6,11.4064,0.0,0,21.01,0.0718
3235,N2C,13,4.6624,96.0,7,51.39,0.3169
3235,S2C,13,4.5489,95.0,7,52.67,0.3178
3235,E2C,7,10.6155,1.0,1,22.57,0.0958
3235,W2C,6,10.6673,0.0,0,22.46,0.0824
3236,N2C,13,4.5684,56.0,6,52.45,0.2856
3236,S2C,13,4.3737,59.0,5,54.78,0.2844
3236,E2C,7,9.9429,2.0,1,24.1,0.1062
3236,W2C,6,9.8645,0.0,0,24.29,0.094
3237,N2C,13,4.8651,29.0,4,49.25,0.2513
3237,S2C,13,4.6066,29.0,4,52.01,0.255
3237,E2C,7,9.137,3.0,1,26.22,0.1184
3237,W2C,6,9.6715,1.0,1,24.77,0.1034
3238,N2C,13,5.7545,9.0,2,41.64,0.2131
3238,S2C,12,5.8745,8.0,2,40.79,0.2047
3238,E2C,8,9.0441,5.0,2,26.49,0.1331
3238,W2C,7,9.7786,2.0,1,24.5,0.1085
3239,N2C,12,6.0652,1.0,1,39.5,0.1913
3239,S2C,12,6.4114,0.0,0,37.37,0.1797
3239,E2C,8,8.4069,7.0,2,28.5,0.1436
3239,W2C,7,9.4003,3.0,1,25.49,0.1146
3240,N2C,11,6.5413,0.0,0,36.63,0.1718
3240,S2C,11,7.4199,0.0,0,32.29,0.1592
3240,E2C,8,7.9052,10.0,3,30.31,0.1588
3240,W2C,7,9.13,4.0,1,26.24,0.1192
3241,N2C,11,8.2262,0.0,0,29.13,0.1476
3241,S2C,11,8.5337,0.0,0,28.08,0.1431
3241,E2C,9,8.2778,13.0,3,28.95,0.1615
3241,W2C,8,9.0742,5.0,1,26.4,0.1267
3242,N2C,10,8.8037,0.0,0,27.22,0.1332
3242,S2C,11,8.9161,0.0,0,26.87,0.1376
3242,E2C,9,8.025,16.0,3,29.86,0.1671
3242,W2C,8,8.457,6.0,1,28.33,0.1362
3243,N2C,9,9.7619,0.0,0,24.54,0.1134
3243,S2C,9,9.4912,0.0,0,25.24,0.1173
3243,E2C,9,7.4601,19.0,3,32.12,0.1772
3243,W2C,8,7.9704,7.0,1,30.06,0.1439
3244,N2C,8,10.6954,0.0,0,22.4,0.094
3244,S2C,9,10.1689,0.0,0,23.56,0.1076
3244,E2C,9,7.1929,22.0,3,33.31,0.1831
3244,W2C,8,7.2439,9.0,2,33.08,0.1617
3245,N2C,8,11.6745,0.0,0,20.52,0.0799
3245,S2C,8,11.2007,0.0,0,21.39,0.0867
3245,E2C,10,7.7341,26.0,4,30.98,0.19
3245,W2C,9,8.0449,12.0,3,29.78,0.1642
3246,N2C,7,12.1534,0.0,0,19.71,0.067
3246,S2C,7,12.051,0.0,0,19.88,0.0685
3246,E2C,10,7.0922,30.0,4,33.78,0.2019
3246,W2C,9,7.8971,15.0,3,30.34,0.1683
3247,N2C,6,12.3539,0.0,0,19.39,0.0581
3247,S2C,6,12.4539,0.0,0,19.24,0.0567
3247,E2C,10,6.2912,34.0,4,38.08,0.2161
3247,W2C,9,8.0509,18.0,3,29.76,0.1681
3248,N2C,5,13.0345,0.0,0,18.38,0.0423
3248,S2C,5,12.8333,0.0,0,18.67,0.0452
3248,E2C,10,5.9525,39.0,5,40.25,0.2303
3248,W2C,9,7.506,21.0,3,31.92,0.1779
3249,N2C,5,12.8577,0.0,0,18.63,0.0449
3249,S2C,5,12.9121,0.0,0,18.56,0.0441
3249,E2C,11,6.3419,44.0,5,37.78,0.234
3249,W2C,10,8.1631,24.0,3,29.35,0.1765
3250,N2C,5,12.6735,0.0,0,18.91,0.0475
3250,S2C,5,12.3301,0.0,0,19.43,0.0525
3250,E2C,11,5.4249,49.0,5,44.17,0.2506
3250,W2C,10,7.4886,27.0,3,32.0,0.1882
3251,N2C,5,12.8153,0.0,0,18.7,0.0455
3251,S2C,5,12.1621,0.0,0,19.7,0.0549
3251,E2C,11,5.4179,54.0,5,44.22,0.254
3251,W2C,10,6.0423,30.0,3,39.65,0.211
3252,N2C,5,12.6844,0.0,0,18.89,0.0474
3252,S2C,6,12.6333,0.0,0,18.97,0.0541
3252,E2C,12,5.5746,60.0,6,42.98,0.2677
3252,W2C,11,6.2238,34.0,4,38.5,0.2231
3253,N2C,5,12.8333,0.0,0,18.67,0.0452
3253,S2C,6,12.6341,0.0,0,18.96,0.0541
3253,E2C,12,5.3941,66.0,6,44.42,0.2743
3253,W2C,11,5.683,39.0,5,42.16,0.2402
3254,N2C,5,12.8323,0.0,0,18.67,0.0452
3254,S2C,5,12.8328,0.0,0,18.67,0.0452
3254,E2C,12,5.0971,72.0,6,47.01,0.2826
3254,W2C,11,5.6924,44.0,5,42.09,0.2434
3255,N2C,5,12.8695,0.0,0,18.62,0.0447
3255,S2C,5,12.5943,0.0,0,19.02,0.0487
3255,E2C,12,4.7813,79.0,7,50.11,0.2978
3255,W2C,11,5.5641,49.0,5,43.06,0.2485
3256,N2C,6,12.5918,0.0,0,19.03,0.0547
3256,S2C,5,12.9517,0.0,0,18.5,0.0435
3256,E2C,13,5.2249,87.0,8,45.86,0.3088
3256,W2C,12,6.3054,55.0,6,38.0,0.2539
3257,N2C,5,13.0809,0.0,0,18.32,0.0416
3257,S2C,5,12.5287,0.0,0,19.12,0.0496
3257,E2C,13,4.7984,95.0,8,49.93,0.3202
3257,W2C,12,5.9255,61.0,6,40.44,0.2633
3258,N2C,5,13.057,0.0,0,18.35,0.042
3258,S2C,5,12.4844,0.0,0,19.19,0.0502
3258,E2C,13,4.4767,103.0,8,53.52,0.3302
3258,W2C,12,5.4773,67.0,6,43.74,0.2738
3259,N2C,5,12.8574,0.0,0,18.64,0.0449
3259,S2C,5,12.5996,0.0,0,19.02,0.0486
3259,E2C,14,4.7517,111.0,8,50.42,0.3376
3259,W2C,13,5.9781,73.0,6,40.08,0.2766
3260,N2C,6,12.8881,0.0,0,18.59,0.0504
3260,S2C,5,12.2762,0.0,0,19.52,0.0532
3260,E2C,14,4.4303,120.0,9,54.08,0.3542
3260,W2C,13,5.4486,79.0,6,43.97,0.2882
3261,N2C,5,12.9718,0.0,0,18.47,0.0432
3261,S2C,5,12.6123,0.0,0,19.0,0.0484
3261,E2C,14,4.0179,129.0,9,59.63,0.3661
3261,W2C,13,4.8556,86.0,7,49.34,0.3074
3262,N2C,5,13.3804,0.0,0,17.91,0.0373
3262,S2C,5,12.3578,0.0,0,19.39,0.0521
3262,E2C,14,3.8284,138.0,9,62.58,0.3749
3262,W2C,13,4.3017,93.0,7,55.7,0.3201
3263,N2C,5,13.0035,0.0,0,18.43,0.0428
3263,S2C,6,12.5199,0.0,0,19.14,0.0557
3263,E2C,15,4.2646,147.0,9,56.18,0.3806
3263,W2C,14,4.8234,100.0,7,49.67,0.3232
3264,N2C,5,12.8047,0.0,0,18.71,0.0456
3264,S2C,5,12.917,0.0,0,18.55,0.044
3264,E2C,15,3.9164,156.0,9,61.18,0.3916
3264,W2C,14,4.5902,109.0,9,52.2,0.3446
3265,N2C,5,12.9015,0.0,0,18.57,0.0442
3265,S2C,5,12.5727,0.0,0,19.06,0.049
3265,E2C,15,3.5866,166.0,10,66.8,0.409
3265,W2C,14,4.249,118.0,9,56.39,0.3555
3266,N2C,5,12.6783,0.0,0,18.9,0.0474
3266,S2C,5,12.4842,0.0,0,19.19,0.0502
3266,E2C,15,3.4543,176.0,10,69.36,0.4176
3266,W2C,14,3.9504,127.0,9,60.65,0.3658
3267,N2C,6,12.1737,0.0,0,19.68,0.0607
3267,S2C,6,12.5845,0.0,0,19.04,0.0548
3267,E2C,16,3.6487,186.0,10,65.67,0.4275
3267,W2C,15,4.154,136.0,9,57.68,0.3749
3268,N2C,6,11.6578,0.0,0,20.55,0.0681
3268,S2C,6,12.8451,0.0,0,18.65,0.051
3268,E2C,14,3.912,134.0,9,61.25,0.371
3268,W2C,13,4.3485,89.0,8,55.1,0.3227
3269,N2C,6,10.7174,0.0,0,22.36,0.0817
3269,S2C,6,12.4141,0.0,0,19.3,0.0573
3269,E2C,14,3.8309,86.0,7,62.54,0.3282
3269,W2C,13,4.2759,54.0,6,56.04,0.2884
3270,N2C,7,10.3048,0.0,0,23.25,0.0936
3270,S2C,7,11.6923,0.0,0,20.49,0.0736
3270,E2C,15,4.7702,51.0,5,50.23,0.2853
3270,W2C,14,5.3388,27.0,4,44.88,0.2491
3271,N2C,7,9.6022,1.0,1,24.95,0.1104
3271,S2C,7,10.5447,0.0,0,22.72,0.0902
3271,E2C,13,4.8083,23.0,3,49.83,0.2421
3271,W2C,13,5.7236,13.0,3,41.86,0.2223
3272,N2C,7,9.4659,2.0,1,25.31,0.113
3272,S2C,7,9.5498,1.0,1,25.09,0.1112
3272,E2C,13,5.2097,6.0,2,45.99,0.219
3272,W2C,12,6.0147,2.0,1,39.84,0.1927
3273,N2C,7,9.1647,3.0,1,26.14,0.118
3273,S2C,7,8.9804,3.0,2,26.68,0.1267
3273,E2C,12,5.7985,1.0,1,41.32,0.1952
3273,W2C,11,6.1799,0.0,0,38.77,0.177
3274,N2C,8,9.5106,5.0,2,25.19,0.1264
3274,S2C,8,8.9183,5.0,2,26.87,0.1349
3274,E2C,12,6.9728,0.0,0,34.36,0.1716
3274,W2C,11,7.3155,0.0,0,32.75,0.1607
3275,N2C,8,9.042,7.0,2,26.5,0.1345
3275,S2C,8,8.3602,7.0,2,28.66,0.1443
3275,E2C,11,7.7124,0.0,0,31.07,0.155
3275,W2C,10,7.7176,0.0,0,31.05,0.1489
3276,N2C,8,8.2696,9.0,2,28.97,0.1469
3276,S2C,8,7.8594,10.0,3,30.49,0.1595
3276,E2C,10,8.0889,0.0,0,29.62,0.1435
3276,W2C,9,8.7171,0.0,0,27.49,0.1285
3277,N2C,9,8.0492,11.0,2,29.77,0.1574
3277,S2C,9,8.3629,13.0,3,28.65,0.1603
3277,E2C,11,9.53,0.0,0,25.14,0.1288
3277,W2C,9,9.9239,0.0,0,24.14,0.1111
3278,N2C,9,7.6775,13.0,2,31.21,0.1641
3278,S2C,9,7.7018,16.0,3,31.11,0.1718
3278,E2C,9,10.2302,0.0,0,23.42,0.1067
3278,W2C,9,10.4625,0.0,0,22.9,0.1034
3279,N2C,9,7.0758,16.0,3,33.86,0.1808
3279,S2C,9,7.1334,19.0,3,33.59,0.182
3279,E2C,9,10.7838,0.0,0,22.22,0.0987
3279,W2C,7,11.116,0.0,0,21.55,0.0819
3280,N2C,9,6.6992,19.0,3,35.77,0.1882
3280,S2C,9,6.744,22.0,3,35.53,0.1896
3280,E2C,7,11.4197,0.0,0,20.98,0.0776
3280,W2C,7,11.8167,0.0,0,20.28,0.0719
3281,N2C,10,6.9441,23.0,4,34.5,0.1993
3281,S2C,10,6.7021,26.0,4,35.75,0.2048
3281,E2C,7,11.6894,0.0,0,20.5,0.0737
3281,W2C,6,12.3714,0.0,0,19.37,0.0579
3282,N2C,10,6.5369,27.0,4,36.65,0.2079
3282,S2C,10,6.1519,31.0,5,38.95,0.2221
3282,E2C,6,12.0933,0.0,0,19.81,0.0619
3282,W2C,5,13.0469,0.0,0,18.36,0.0421
3283,N2C,10,6.1196,32.0,5,39.15,0.2232
3283,S2C,10,6.0898,36.0,5,39.34,0.2263
3283,E2C,6,12.0975,0.0,0,19.81,0.0618
3283,W2C,5,13.0462,0.0,0,18.37,0.0421
3284,N2C,10,5.6547,37.0,5,42.37,0.2332
3284,S2C,10,5.7363,41.0,5,41.77,0.2347
3284,E2C,5,12.5637,0.0,0,19.07,0.0491
3284,W2C,5,12.8806,0.0,0,18.6,0.0445
3285,N2C,11,5.8445,42.0,5,41.0,0.2398
3285,S2C,11,6.0874,46.0,5,39.36,0.239
3285,E2C,5,12.4439,0.0,0,19.25,0.0508
3285,W2C,6,12.8041,0.0,0,18.71,0.0516
3286,N2C,11,5.2749,47.0,5,45.42,0.2514
3286,S2C,11,5.3755,51.0,5,44.57,0.2526
3286,E2C,5,12.549,0.0,0,19.09,0.0493
3286,W2C,5,13.0548,0.0,0,18.35,0.042
3287,N2C,11,5.0655,52.0,5,47.3,0.2577
3287,S2C,11,5.0701,57.0,6,47.26,0.267
3287,E2C,5,12.4831,0.0,0,19.19,0.0503
3287,W2C,5,13.2311,0.0,0,18.11,0.0395
3288,N2C,12,5.356,58.0,6,44.73,0.2695
3288,S2C,12,5.3446,63.0,6,44.83,0.273
3288,E2C,5,11.7293,0.0,0,20.43,0.0611
3288,W2C,5,13.2842,0.0,0,18.04,0.0387
3289,N2C,12,5.1324,64.0,6,46.68,0.2768
3289,S2C,12,5.3457,69.0,6,44.82,0.277
3289,E2C,5,11.7333,0.0,0,20.42,0.0611
3289,W2C,5,12.7973,0.0,0,18.72,0.0457
3290,N2C,12,4.8534,71.0,7,49.37,0.2914
3290,S2C,12,5.07,75.0,6,47.26,0.285
3290,E2C,5,11.8568,0.0,0,20.21,0.0593
3290,W2C,5,13.1424,0.0,0,18.23,0.0408
3291,N2C,12,4.5457,78.0,7,52.71,0.3005
3291,S2C,12,4.77,82.0,7,50.23,0.3
3291,E2C,5,11.9509,0.0,0,20.05,0.0579
3291,W2C,5,12.9449,0.0,0,18.51,0.0436
3292,N2C,13,5.0172,85.0,7,47.76,0.3044
3292,S2C,13,4.8153,89.0,7,49.76,0.31
3292,E2C,6,11.9098,0.0,0,20.12,0.0645
3292,W2C,5,13.0697,0.0,0,18.33,0.0418
3293,N2C,13,4.7935,93.0,8,49.98,0.319
3293,S2C,13,4.2806,96.0,7,55.97,0.3224
3293,E2C,6,11.6332,0.0,0,20.6,0.0685
3293,W2C,5,13.2758,0.0,0,18.05,0.0388
3294,N2C,13,4.7854,101.0,8,50.07,0.3244
3294,S2C,13,4.1536,104.0,8,57.69,0.3355
3294,E2C,6,11.8639,0.0,0,20.2,0.0652
3294,W2C,5,12.6787,0.0,0,18.9,0.0474
3295,N2C,14,5.2393,109.0,8,45.73,0.3292
3295,S2C,14,4.556,112.0,8,52.59,0.3411
3295,E2C,5,11.7637,0.0,0,20.37,0.0606
3295,W2C,5,12.6907,0.0,0,18.88,0.0473
3296,N2C,14,4.9248,117.0,8,48.65,0.3391
3296,S2C,14,4.4161,121.0,9,54.26,0.3551
3296,E2C,5,11.7398,0.0,0,20.41,0.061
3296,W2C,5,12.8156,0.0,0,18.7,0.0455
3297,N2C,14,4.2777,125.0,8,56.01,0.3537
3297,S2C,14,4.414,130.0,9,54.28,0.3611
3297,E2C,5,12.0723,0.0,0,19.85,0.0562
3297,W2C,5,12.4016,0.0,0,19.32,0.0514
3298,N2C,14,3.9301,133.0,8,60.97,0.3641
3298,S2C,14,4.4808,139.0,9,53.47,0.3661
3298,E2C,5,12.0244,0.0,0,19.93,0.0569
3298,W2C,5,12.7112,0.0,0,18.85,0.047
3299,N2C,15,4.271,142.0,9,56.1,0.3772
3299,S2C,15,5.0715,148.0,9,47.24,0.3696
3299,E2C,6,12.3863,0.0,0,19.34,0.0577
3299,W2C,5,12.1019,0.0,0,19.8,0.0557
3300,N2C,15,4.2793,152.0,10,55.99,0.3897
3300,S2C,15,4.741,157.0,9,50.54,0.3804
3300,E2C,6,12.1718,0.0,0,19.68,0.0607
3300,W2C,6,11.9788,0.0,0,20.0,0.0635
3301,N2C,13,4.5499,103.0,8,52.66,0.3292
3301,S2C,13,4.9831,107.0,7,48.08,0.3196
3301,E2C,6,11.94,0.0,0,20.07,0.0641
3301,W2C,6,11.5224,0.0,0,20.79,0.0701
3302,N2C,13,4.4569,65.0,6,53.76,0.2932
3302,S2C,13,4.5757,65.0,5,52.36,0.2854
3302,E2C,6,11.5984,0.0,0,20.66,0.069
3302,W2C,6,10.5439,1.0,1,22.72,0.0908
3303,N2C,14,5.1626,34.0,4,46.41,0.2563
3303,S2C,14,5.2062,31.0,3,46.02,0.2477
3303,E2C,7,10.6601,0.0,0,22.48,0.0885
3303,W2C,7,10.3396,2.0,1,23.17,0.1005
3304,N2C,12,5.3961,12.0,3,44.4,0.2203
3304,S2C,12,5.4688,10.0,2,43.81,0.2119
3304,E2C,7,9.4324,0.0,0,25.4,0.1062
3304,W2C,7,9.6541,3.0,1,24.82,0.111
3305,N2C,12,6.1869,2.0,1,38.73,0.1902
3305,S2C,12,5.696,2.0,1,42.06,0.1973
3305,E2C,7,8.625,1.0,1,27.78,0.1245
3305,W2C,7,8.4996,4.0,1,28.19,0.1283
3306,N2C,13,7.1821,0.0,0,33.36,0.1746
3306,S2C,12,6.9381,0.0,0,34.53,0.1721
3306,E2C,8,9.4449,3.0,2,25.37,0.126
3306,W2C,8,8.3778,5.0,1,28.6,0.1367
3307,N2C,11,7.3103,0.0,0,32.78,0.1607
3307,S2C,11,7.4154,0.0,0,32.31,0.1592
3307,E2C,8,9.1506,5.0,2,26.18,0.1316
3307,W2C,8,7.7518,7.0,2,30.91,0.153
3308,N2C,11,7.866,0.0,0,30.46,0.1527
3308,S2C,10,7.7911,0.0,0,30.75,0.1478
3308,E2C,8,9.2156,7.0,2,26.0,0.132
3308,W2C,8,7.7066,10.0,3,31.09,0.1617
3309,N2C,9,8.7178,0.0,0,27.48,0.1285
3309,S2C,9,8.8161,0.0,0,27.18,0.1271
3309,E2C,8,8.9689,9.0,2,26.71,0.1369
3309,W2C,8,7.349,13.0,3,32.6,0.1689
3310,N2C,9,9.8507,0.0,0,24.32,0.1122
3310,S2C,9,10.0104,0.0,0,23.94,0.1099
3310,E2C,9,8.8533,11.0,2,27.06,0.1459
3310,W2C,9,7.4854,16.0,3,32.01,0.1749
3311,N2C,8,10.3325,0.0,0,23.19,0.0992
3311,S2C,8,10.5392,0.0,0,22.73,0.0962
3311,E2C,9,7.8606,13.0,2,30.48,0.1615
3311,W2C,9,6.9785,19.0,3,34.33,0.1842
3312,N2C,7,11.2086,0.0,0,21.38,0.0806
3312,S2C,7,11.4907,0.0,0,20.85,0.0765
3312,E2C,9,6.9183,15.0,2,34.63,0.1764
3312,W2C,9,6.9319,22.0,3,34.56,0.1869
3313,N2C,7,12.3329,0.0,0,19.43,0.0644
3313,S2C,7,12.4941,0.0,0,19.18,0.0621
3313,E2C,10,6.8045,17.0,2,35.21,0.1854
3313,W2C,10,7.6125,26.0,4,31.47,0.1917
3314,N2C,5,12.7843,0.0,0,18.74,0.0459
3314,S2C,6,12.4264,0.0,0,19.28,0.0571
3314,E2C,10,6.4015,21.0,4,37.43,0.2058
3314,W2C,10,7.0636,30.0,4,33.92,0.2023
3315,N2C,5,12.8644,0.0,0,18.63,0.0448
3315,S2C,5,12.9322,0.0,0,18.53,0.0438
3315,E2C,10,6.1853,26.0,5,38.74,0.2183
3315,W2C,10,6.777,34.0,4,35.36,0.2091
3316,N2C,5,12.8135,0.0,0,18.7,0.0455
3316,S2C,5,12.8124,0.0,0,18.7,0.0455
3316,E2C,10,5.6483,31.0,5,42.42,0.2293
3316,W2C,10,6.3073,38.0,4,37.99,0.2185
3317,N2C,6,12.7069,0.0,0,18.86,0.053
3317,S2C,5,12.9329,0.0,0,18.53,0.0438
3317,E2C,11,6.2838,36.0,5,38.13,0.2295
3317,W2C,11,6.4445,42.0,4,37.18,0.2252
3318,N2C,5,12.4217,0.0,0,19.29,0.0511
3318,S2C,5,12.5505,0.0,0,19.09,0.0493
3318,E2C,11,5.6115,41.0,5,42.7,0.2425
3318,W2C,11,6.0281,47.0,5,39.75,0.2405
3319,N2C,5,12.7385,0.0,0,18.81,0.0466
3319,S2C,5,12.8121,0.0,0,18.7,0.0455
3319,E2C,11,5.7358,47.0,6,41.77,0.2507
3319,W2C,11,5.8022,53.0,6,41.29,0.2538
3320,N2C,5,12.7261,0.0,0,18.83,0.0468
3320,S2C,5,13.1032,0.0,0,18.29,0.0413
3320,E2C,11,5.7533,53.0,6,41.65,0.2545
3320,W2C,11,5.6703,59.0,6,42.26,0.2597
3321,N2C,5,12.5825,0.0,0,19.04,0.0488
3321,S2C,5,12.9266,0.0,0,18.54,0.0439
3321,E2C,12,6.1161,59.0,6,39.18,0.2593
3321,W2C,12,6.3875,65.0,6,37.51,0.2594
3322,N2C,5,12.4807,0.0,0,19.2,0.0503
3322,S2C,5,12.6879,0.0,0,18.88,0.0473
3322,E2C,12,5.2032,65.0,6,46.05,0.2764
3322,W2C,12,5.9804,71.0,6,40.06,0.2692
3323,N2C,5,12.6719,0.0,0,18.91,0.0475
3323,S2C,5,12.5701,0.0,0,19.06,0.049
3323,E2C,12,4.6498,71.0,6,51.53,0.2884
3323,W2C,12,5.5102,77.0,6,43.48,0.28
3324,N2C,4,12.0205,0.0,0,19.93,0.0509
3324,S2C,4,12.6375,0.0,0,18.96,0.042
3324,E2C,13,4.6991,79.0,8,50.99,0.311
3324,W2C,13,5.4842,83.0,6,43.69,0.2904
3325,N2C,5,12.3284,0.0,0,19.43,0.0525
3325,S2C,5,12.7664,0.0,0,18.77,0.0462
3325,E2C,13,4.5992,87.0,8,52.1,0.3178
3325,W2C,13,4.9698,89.0,6,48.21,0.3018
3326,N2C,5,11.7741,0.0,0,20.35,0.0605
3326,S2C,5,12.8519,0.0,0,18.64,0.0449
3326,E2C,13,4.6734,95.0,8,51.27,0.322
3326,W2C,13,4.6974,96.0,7,51.01,0.3164
3327,N2C,5,11.8944,0.0,0,20.14,0.0587
3327,S2C,5,12.7337,0.0,0,18.82,0.0466
3327,E2C,13,4.6892,103.0,8,51.1,0.3271
3327,W2C,13,4.2849,104.0,8,55.92,0.3336
3328,N2C,6,12.291,0.0,0,19.49,0.059
3328,S2C,6,12.6732,0.0,0,18.91,0.0535
3328,E2C,14,4.8336,111.0,8,49.57,0.3364
3328,W2C,14,4.6521,112.0,8,51.5,0.3397
3329,N2C,6,11.7383,0.0,0,20.41,0.067
3329,S2C,6,13.0893,0.0,0,18.31,0.0475
3329,E2C,14,4.2064,119.0,8,56.96,0.3508
3329,W2C,14,4.3,120.0,8,55.72,0.3501
3330,N2C,6,12.2177,0.0,0,19.61,0.0601
3330,S2C,6,12.9739,0.0,0,18.47,0.0492
3330,E2C,14,3.7751,127.0,8,63.47,0.3623
3330,W2C,14,3.8036,129.0,9,62.99,0.3692
3331,N2C,4,11.7686,0.0,0,20.36,0.0545
3331,S2C,6,11.995,0.0,0,19.97,0.0633
3331,E2C,15,4.1845,135.0,8,57.26,0.3677
3331,W2C,15,4.4237,138.0,9,54.16,0.3723
3332,N2C,5,12.2088,0.0,0,19.63,0.0542
3332,S2C,6,11.3494,0.0,0,21.11,0.0726
3332,E2C,15,3.8511,144.0,9,62.22,0.3845
3332,W2C,15,4.0146,148.0,10,59.68,0.3909
3333,N2C,5,12.4642,0.0,0,19.22,0.0505
3333,S2C,6,11.0053,1.0,1,21.77,0.0842
3333,E2C,15,3.5571,154.0,10,67.36,0.4014
3333,W2C,15,3.8065,158.0,10,62.95,0.4005
3334,N2C,5,12.0761,0.0,0,19.84,0.0561
3334,S2C,6,10.6454,2.0,1,22.51,0.0901
3334,E2C,13,3.6791,105.0,8,65.12,0.343
3334,W2C,13,4.1093,107.0,8,58.31,0.3382
3335,N2C,6,12.2055,0.0,0,19.63,0.0603
3335,S2C,7,10.5125,3.0,1,22.79,0.0986
3335,E2C,14,4.3312,69.0,6,55.32,0.3036
3335,W2C,14,4.9087,64.0,6,48.81,0.292
3336,N2C,6,12.1188,0.0,0,19.77,0.0615
3336,S2C,7,9.5274,4.0,1,25.15,0.1135
3336,E2C,14,4.823,36.0,5,49.68,0.2686
3336,W2C,14,4.9009,34.0,5,48.89,0.2661
3337,N2C,6,11.4072,0.0,0,21.0,0.0717
3337,S2C,7,9.1148,5.0,1,26.29,0.1201
3337,E2C,12,5.2308,13.0,3,45.81,0.2233
3337,W2C,12,5.333,16.0,3,44.93,0.2239
3338,N2C,6,10.7385,0.0,0,22.31,0.0814
3338,S2C,7,8.5568,7.0,2,28.0,0.1355
3338,E2C,12,5.4341,3.0,1,44.09,0.2018
3338,W2C,12,5.2765,3.0,1,45.41,0.204
3339,N2C,7,10.5909,0.0,0,22.62,0.0895
3339,S2C,8,8.8427,9.0,2,27.1,0.1387
3339,E2C,13,6.4446,0.0,0,37.18,0.1852
3339,W2C,12,6.3731,0.0,0,37.6,0.1802
3340,N2C,7,9.9255,0.0,0,24.14,0.0991
3340,S2C,8,8.1213,11.0,2,29.5,0.1504
3340,E2C,11,7.3023,0.0,0,32.81,0.1609
3340,W2C,11,6.9241,0.0,0,34.6,0.1663
3341,N2C,7,9.2003,1.0,1,26.04,0.1162
3341,S2C,8,8.0998,13.0,2,29.58,0.152
3341,E2C,11,8.0909,0.0,0,29.61,0.1495
3341,W2C,11,8.0845,0.0,0,29.64,0.1496
3342,N2C,8,9.5207,2.0,1,25.17,0.1182
3342,S2C,9,8.6795,16.0,3,27.61,0.1577
3342,E2C,10,9.1363,0.0,0,26.23,0.1284
3342,W2C,10,9.4516,0.0,0,25.35,0.1239
3343,N2C,8,9.3764,4.0,2,25.55,0.1277
3343,S2C,9,7.6361,19.0,3,31.38,0.1747
3343,E2C,10,9.5435,0.0,0,25.11,0.1226
3343,W2C,10,9.978,0.0,0,24.01,0.1163
3344,N2C,8,9.306,6.0,2,25.75,0.13
3344,S2C,9,7.7228,22.0,3,31.03,0.1755
3344,E2C,8,10.5609,0.0,0,22.69,0.0959
3344,W2C,8,10.6223,0.0,0,22.56,0.0951
3345,N2C,8,9.2227,8.0,2,25.98,0.1325
3345,S2C,9,6.7732,25.0,3,35.37,0.1911
3345,E2C,8,10.8934,0.0,0,21.99,0.0911
3345,W2C,8,11.229,0.0,0,21.34,0.0863
3346,N2C,9,8.735,10.0,2,27.43,0.1469
3346,S2C,10,6.9573,28.0,3,34.44,0.1965
3346,E2C,7,11.8369,0.0,0,20.24,0.0716
3346,W2C,7,12.1404,0.0,0,19.74,0.0672
3347,N2C,9,7.8262,12.0,2,30.62,0.1613
3347,S2C,10,6.2133,32.0,4,38.56,0.2159
3347,E2C,7,11.9611,0.0,0,20.03,0.0698
3347,W2C,5,13.1136,0.0,0,18.27,0.0412
3348,N2C,9,7.1661,14.0,2,33.44,0.1721
3348,S2C,10,5.8783,37.0,5,40.76,0.23
3348,E2C,6,12.4053,0.0,0,19.31,0.0574
3348,W2C,5,12.7533,0.0,0,18.79,0.0464
3349,N2C,10,7.3543,17.0,3,32.58,0.1834
3349,S2C,11,6.0705,42.0,5,39.47,0.2366
3349,E2C,5,12.9627,0.0,0,18.48,0.0434
3349,W2C,6,12.6905,0.0,0,18.88,0.0533
3350,N2C,10,6.7875,21.0,4,35.3,0.2003
3350,S2C,11,5.9679,47.0,5,40.15,0.2414
3350,E2C,5,12.8076,0.0,0,18.71,0.0456
3350,W2C,6,12.6945,0.0,0,18.87,0.0532
3351,N2C,10,6.3836,25.0,4,37.53,0.2087
3351,S2C,11,5.8687,53.0,6,40.83,0.2528
3351,E2C,5,12.4071,0.0,0,19.31,0.0514
3351,W2C,5,13.1768,0.0,0,18.18,0.0403
3352,N2C,10,6.5183,29.0,4,36.76,0.2095
3352,S2C,11,5.8533,59.0,6,40.93,0.2571
3352,E2C,5,12.6363,0.0,0,18.96,0.0481
3352,W2C,5,13.0955,0.0,0,18.3,0.0414
3353,N2C,11,7.004,34.0,5,34.21,0.2178
3353,S2C,12,6.1014,65.0,6,39.27,0.2635
3353,E2C,6,12.5126,0.0,0,19.15,0.0558
3353,W2C,5,12.4046,0.0,0,19.32,0.0514
3354,N2C,11,6.4521,39.0,5,37.14,0.2291
3354,S2C,12,5.8888,71.0,6,40.69,0.2705
3354,E2C,6,12.8016,0.0,0,18.72,0.0517
3354,W2C,5,12.377,0.0,0,19.36,0.0518
3355,N2C,11,5.7667,44.0,5,41.55,0.2423
3355,S2C,12,5.1822,77.0,6,46.24,0.2847
3355,E2C,6,12.3599,0.0,0,19.39,0.058
3355,W2C,5,12.5769,0.0,0,19.05,0.0489
3356,N2C,11,5.1954,49.0,5,46.12,0.2539
3356,S2C,12,4.7037,84.0,7,50.94,0.3023
3356,E2C,6,12.8496,0.0,0,18.65,0.051
3356,W2C,5,12.4981,0.0,0,19.17,0.05
3357,N2C,12,5.4882,55.0,6,43.66,0.2656
3357,S2C,13,5.1152,91.0,7,46.84,0.307
3357,E2C,7,12.8462,0.0,0,18.65,0.057
3357,W2C,5,12.2955,0.0,0,19.49,0.053
3358,N2C,12,5.3043,62.0,7,45.17,0.279
3358,S2C,13,4.5742,99.0,8,52.38,0.3261
3358,E2C,5,13.1072,0.0,0,18.28,0.0413
3358,W2C,5,12.6289,0.0,0,18.97,0.0482
3359,N2C,12,4.9472,69.0,7,48.43,0.2888
3359,S2C,13,4.2141,107.0,8,56.86,0.3367
3359,E2C,5,13.0477,0.0,0,18.36,0.0421
3359,W2C,5,12.2353,0.0,0,19.58,0.0538
3360,N2C,13,5.1841,76.0,7,46.22,0.296
3360,S2C,14,4.7401,115.0,8,50.55,0.3404
3360,E2C,5,13.2828,0.0,0,18.04,0.0387
3360,W2C,5,12.5422,0.0,0,19.1,0.0494
3361,N2C,13,4.7835,83.0,7,50.09,0.3065
3361,S2C,14,4.6247,124.0,9,51.81,0.3541
3361,E2C,5,13.0265,0.0,0,18.39,0.0424
3361,W2C,5,12.1393,0.0,0,19.74,0.0552
3362,N2C,13,4.2845,91.0,8,55.92,0.325
3362,S2C,14,4.2959,133.0,9,55.77,0.3648
3362,E2C,5,13.2103,0.0,0,18.14,0.0398
3362,W2C,5,12.0162,0.0,0,19.94,0.057
3363,N2C,13,4.1067,99.0,8,58.34,0.3329
3363,S2C,14,3.936,142.0,9,60.87,0.376
3363,E2C,5,12.9562,0.0,0,18.49,0.0434
3363,W2C,5,12.0361,0.0,0,19.91,0.0567
3364,N2C,14,4.594,107.0,8,52.15,0.3372
3364,S2C,15,4.0929,151.0,9,58.54,0.3857
3364,E2C,5,13.0438,0.0,0,18.37,0.0422
3364,W2C,5,12.1096,0.0,0,19.79,0.0556
3365,N2C,14,4.139,116.0,9,57.89,0.3557
3365,S2C,15,3.7955,160.0,9,63.13,0.396
3365,E2C,5,13.073,0.0,0,18.33,0.0418
3365,W2C,6,11.7022,0.0,0,20.47,0.0675
3366,N2C,14,3.7956,125.0,9,63.13,0.3667
3366,S2C,15,3.4711,169.0,9,69.03,0.4067
3366,E2C,5,12.9902,0.0,0,18.44,0.043
3366,W2C,6,11.3083,0.0,0,21.19,0.0732
3367,N2C,13,4.9951,82.0,7,47.97,0.3027
3367,S2C,14,4.6063,115.0,9,52.02,0.3483
3367,E2C,6,12.2394,0.0,0,19.58,0.0598
3367,W2C,7,10.5876,0.0,0,22.63,0.0896
3368,N2C,13,4.7085,51.0,6,50.89,0.2802
3368,S2C,14,4.5027,75.0,7,53.21,0.3112
3368,E2C,6,11.5445,0.0,0,20.75,0.0698
3368,W2C,7,9.615,0.0,0,24.92,0.1036
3369,N2C,13,4.8087,27.0,4,49.83,0.2508
3369,S2C,14,4.5884,41.0,5,52.22,0.2753
3369,E2C,6,10.5889,0.0,0,22.63,0.0835
3369,W2C,7,9.0227,1.0,1,26.56,0.1188
3370,N2C,11,5.2441,9.0,2,45.69,0.2085
3370,S2C,12,4.8223,18.0,3,49.69,0.2326
3370,E2C,6,10.714,1.0,1,22.36,0.0884
3370,W2C,7,8.5366,3.0,2,28.07,0.1331
3371,N2C,12,6.8254,0.0,0,35.1,0.1737
3371,S2C,13,5.7499,6.0,2,41.67,0.2112
3371,E2C,7,11.1593,2.0,1,21.47,0.0887
3371,W2C,8,9.3948,5.0,2,25.5,0.1281
3372,N2C,11,7.5974,0.0,0,31.54,0.1566
3372,S2C,12,6.093,0.0,0,39.32,0.1843
3372,E2C,7,10.4327,3.0,1,22.97,0.0998
3372,W2C,8,9.331,7.0,2,25.68,0.1303
3373,N2C,10,8.4859,0.0,0,28.24,0.1378
3373,S2C,11,6.5526,0.0,0,36.57,0.1716
3373,E2C,7,9.4641,4.0,1,25.32,0.1144
3373,W2C,8,9.0371,9.0,2,26.51,0.1359
3374,N2C,9,9.378,0.0,0,25.55,0.119
3374,S2C,11,7.6388,0.0,0,31.37,0.156
3374,E2C,7,8.8079,5.0,1,27.2,0.1245
3374,W2C,8,8.7229,11.0,2,27.47,0.1417
3375,N2C,9,10.3128,0.0,0,23.23,0.1055
3375,S2C,10,8.9591,0.0,0,26.74,0.131
3375,E2C,8,8.7945,6.0,1,27.24,0.1314
3375,W2C,9,8.5104,13.0,2,28.15,0.1521
3376,N2C,7,10.9292,0.0,0,21.92,0.0846
3376,S2C,9,9.8609,0.0,0,24.3,0.112
3376,E2C,8,8.0602,8.0,2,29.73,0.1493
3376,W2C,9,7.6384,15.0,2,31.37,0.166
3377,N2C,7,11.3384,0.0,0,21.13,0.0787
3377,S2C,8,10.492,0.0,0,22.84,0.0969
3377,E2C,8,7.448,11.0,3,32.17,0.1661
3377,W2C,9,6.9664,18.0,3,34.39,0.1837
3378,N2C,7,12.1408,0.0,0,19.74,0.0672
3378,S2C,9,11.5381,0.0,0,20.77,0.0879
3378,E2C,9,7.7157,14.0,3,31.05,0.1702
3378,W2C,10,6.8967,21.0,3,34.74,0.1927
3379,N2C,6,12.2347,0.0,0,19.58,0.0598
3379,S2C,7,12.185,0.0,0,19.66,0.0665
3379,E2C,9,7.1882,17.0,3,33.33,0.1798
3379,W2C,10,6.3754,24.0,3,37.58,0.2022
3380,N2C,6,12.6602,0.0,0,18.93,0.0537
3380,S2C,6,13.0989,0.0,0,18.29,0.0474
3380,E2C,9,6.9505,20.0,3,34.47,0.1853
3380,W2C,10,6.127,29.0,5,39.11,0.2211
3381,N2C,5,12.9294,0.0,0,18.53,0.0438
3381,S2C,5,13.0857,0.0,0,18.31,0.0416
3381,E2C,9,6.3227,24.0,4,37.9,0.203
3381,W2C,10,5.9618,34.0,5,40.19,0.2268
3382,N2C,5,12.9512,0.0,0,18.5,0.0435
3382,S2C,5,12.7365,0.0,0,18.81,0.0466
3382,E2C,10,6.6554,28.0,4,36.0,0.2068
3382,W2C,11,6.3193,39.0,5,37.92,0.231
3383,N2C,5,13.0517,0.0,0,18.36,0.0421
3383,S2C,5,12.3954,0.0,0,19.33,0.0515
3383,E2C,10,6.5341,32.0,4,36.67,0.2112
3383,W2C,11,5.9123,44.0,5,40.53,0.2402
3384,N2C,5,13.0823,0.0,0,18.31,0.0416
3384,S2C,5,12.7897,0.0,0,18.73,0.0458
3384,E2C,10,6.3984,37.0,5,37.45,0.2225
3384,W2C,11,5.6733,50.0,6,42.23,0.2536
3385,N2C,6,13.127,0.0,0,18.25,0.047
3385,S2C,5,12.4851,0.0,0,19.19,0.0502
3385,E2C,11,7.143,42.0,5,33.54,0.2211
3385,W2C,12,6.0576,56.0,6,39.55,0.2581
3386,N2C,6,13.0481,0.0,0,18.36,0.0481
3386,S2C,5,12.7826,0.0,0,18.74,0.0459
3386,E2C,11,6.7103,47.0,5,35.71,0.2307
3386,W2C,12,5.7079,62.0,6,41.98,0.2671
3387,N2C,5,13.3971,0.0,0,17.88,0.0371
3387,S2C,5,12.4963,0.0,0,19.17,0.0501
3387,E2C,11,5.9711,52.0,5,40.13,0.2447
3387,W2C,12,5.0004,68.0,6,47.92,0.2813
3388,N2C,5,12.9507,0.0,0,18.5,0.0435
3388,S2C,5,12.273,0.0,0,19.52,0.0533
3388,E2C,11,5.4012,57.0,5,44.36,0.2562
3388,W2C,12,4.5961,74.0,6,52.13,0.2912
3389,N2C,5,13.5688,0.0,0,17.66,0.0346
3389,S2C,6,12.4122,0.0,0,19.3,0.0573
3389,E2C,12,5.6191,62.0,5,42.64,0.2624
3389,W2C,13,4.9669,81.0,7,48.24,0.3025
3390,N2C,5,13.4727,0.0,0,17.78,0.036
3390,S2C,5,12.0554,0.0,0,19.87,0.0564
3390,E2C,12,5.4961,68.0,6,43.59,0.2742
3390,W2C,13,4.6829,88.0,7,51.16,0.3112
3391,N2C,5,13.2644,0.0,0,18.06,0.039
3391,S2C,5,12.3204,0.0,0,19.45,0.0526
3391,E2C,12,5.1464,75.0,7,46.56,0.2899
3391,W2C,13,4.192,95.0,7,57.16,0.323
3392,N2C,5,13.4346,0.0,0,17.83,0.0366
3392,S2C,5,12.5549,0.0,0,19.08,0.0492
3392,E2C,12,4.8444,82.0,7,49.46,0.2989
3392,W2C,13,3.8363,103.0,8,62.46,0.3394
3393,N2C,5,12.9468,0.0,0,18.51,0.0436
3393,S2C,5,12.5776,0.0,0,19.05,0.0489
3393,E2C,13,4.9737,89.0,7,48.17,0.3077
3393,W2C,14,4.4155,111.0,8,54.26,0.3424
3394,N2C,5,12.8889,0.0,0,18.59,0.0444
3394,S2C,5,12.3958,0.0,0,19.33,0.0515
3394,E2C,13,4.6252,96.0,7,51.8,0.3174
3394,W2C,14,4.5051,120.0,9,53.18,0.3531
3395,N2C,5,13.1871,0.0,0,18.17,0.0401
3395,S2C,5,12.5183,0.0,0,19.14,0.0498
3395,E2C,13,4.3023,104.0,8,55.69,0.3334
3395,W2C,14,4.4736,129.0,9,53.56,0.3596
3396,N2C,5,13.2283,0.0,0,18.11,0.0395
3396,S2C,4,12.0602,0.0,0,19.87,0.0503
3396,E2C,14,4.5466,112.0,8,52.7,0.3412
3396,W2C,15,4.5158,138.0,9,53.06,0.371
3397,N2C,5,12.8867,0.0,0,18.59,0.0444
3397,S2C,5,11.7428,0.0,0,20.4,0.0609
3397,E2C,14,4.2705,121.0,9,56.11,0.3572
3397,W2C,15,4.1318,147.0,9,57.99,0.3825
3398,N2C,5,12.6758,0.0,0,18.9,0.0475
3398,S2C,5,11.7089,0.0,0,20.46,0.0614
3398,E2C,14,3.9453,130.0,9,60.73,0.3679
3398,W2C,15,3.6881,157.0,10,64.97,0.4016
3399,N2C,5,12.4632,0.0,0,19.22,0.0505
3399,S2C,5,11.6649,0.0,0,20.54,0.062
3399,E2C,14,3.4808,139.0,9,68.83,0.3805
3399,W2C,15,3.377,167.0,10,70.95,0.4127
3400,N2C,6,12.0941,0.0,0,19.81,0.0619
3400,S2C,6,12.4445,0.0,0,19.25,0.0568
3400,E2C,13,4.5567,93.0,8,52.58,0.3224
3400,W2C,14,4.4247,114.0,8,54.15,0.3443
3401,N2C,6,10.8027,0.0,0,22.18,0.0805
3401,S2C,6,12.2007,0.0,0,19.64,0.0603
3401,E2C,13,4.4033,55.0,6,54.41,0.2873
3401,W2C,14,4.5505,76.0,7,52.65,0.3111
3402,N2C,6,10.3772,0.0,0,23.09,0.0866
3402,S2C,6,11.238,0.0,0,21.32,0.0742
3402,E2C,13,4.4094,30.0,5,54.34,0.2645
3402,W2C,14,4.4668,41.0,5,53.64,0.277
3403,N2C,7,10.4056,1.0,1,23.03,0.0988
3403,S2C,7,11.0605,0.0,0,21.66,0.0827
3403,E2C,12,5.8994,13.0,3,40.61,0.2137
3403,W2C,13,5.7912,19.0,3,41.37,0.2253
3404,N2C,7,9.4929,2.0,1,25.24,0.1126
3404,S2C,7,10.3163,0.0,0,23.23,0.0935
3404,E2C,12,5.9575,3.0,1,40.22,0.1942
3404,W2C,13,5.7681,7.0,1,41.54,0.2056
3405,N2C,7,9.1066,3.0,1,26.31,0.1189
3405,S2C,7,9.5607,0.0,0,25.06,0.1043
3405,E2C,11,6.4367,0.0,0,37.22,0.1733
3405,W2C,13,5.8344,0.0,0,41.07,0.194
3406,N2C,7,8.3548,5.0,2,28.68,0.137
3406,S2C,7,8.9387,0.0,0,26.8,0.1133
3406,E2C,10,6.768,0.0,0,35.4,0.1625
3406,W2C,11,6.3796,0.0,0,37.56,0.1741
3407,N2C,8,8.2875,7.0,2,28.91,0.1453
3407,S2C,8,9.2835,1.0,1,25.81,0.121
3407,E2C,11,8.5567,0.0,0,28.0,0.1428
3407,W2C,12,7.699,0.0,0,31.12,0.1611
3408,N2C,8,7.8241,9.0,2,30.62,0.1533
3408,S2C,8,9.1507,3.0,2,26.18,0.1302
3408,E2C,9,9.1815,0.0,0,26.1,0.1218
3408,W2C,10,7.9264,0.0,0,30.23,0.1459
3409,N2C,8,7.6433,12.0,3,31.35,0.1639
3409,S2C,8,9.0081,5.0,2,26.6,0.1336
3409,E2C,9,9.3753,0.0,0,25.56,0.119
3409,W2C,10,8.6714,0.0,0,27.63,0.1351
3410,N2C,8,7.7787,15.0,3,30.8,0.164
3410,S2C,8,7.8899,7.0,2,30.37,0.1511
3410,E2C,7,10.354,0.0,0,23.14,0.0929
3410,W2C,8,9.4938,0.0,0,25.24,0.1113
3411,N2C,9,8.4273,18.0,3,28.43,0.1627
3411,S2C,9,7.6468,9.0,2,31.33,0.1619
3411,E2C,8,11.2719,0.0,0,21.26,0.0857
3411,W2C,9,10.7218,0.0,0,22.35,0.0996
3412,N2C,9,7.7821,21.0,3,30.79,0.1739
3412,S2C,9,7.0179,11.0,2,34.14,0.1723
3412,E2C,6,12.5061,0.0,0,19.16,0.0559
3412,W2C,7,11.2889,0.0,0,21.22,0.0795
3413,N2C,9,7.0862,24.0,3,33.81,0.186
3413,S2C,9,7.0998,14.0,3,33.75,0.1791
3413,E2C,5,12.659,0.0,0,18.93,0.0477
3413,W2C,7,11.8471,0.0,0,20.22,0.0714
3414,N2C,10,7.2122,27.0,3,33.22,0.1922
3414,S2C,10,7.5653,17.0,3,31.67,0.1804
3414,E2C,6,12.9269,0.0,0,18.53,0.0499
3414,W2C,6,12.479,0.0,0,19.2,0.0563
3415,N2C,10,6.693,30.0,3,35.8,0.2016
3415,S2C,10,7.7034,21.0,4,31.1,0.1871
3415,E2C,6,12.8732,0.0,0,18.61,0.0506
3415,W2C,6,12.0141,0.0,0,19.94,0.063
3416,N2C,10,6.1485,35.0,5,38.97,0.2248
3416,S2C,10,7.3054,25.0,4,32.8,0.1955
3416,E2C,6,12.793,0.0,0,18.73,0.0518
3416,W2C,6,12.3077,0.0,0,19.47,0.0588
3417,N2C,10,5.8405,40.0,5,41.02,0.2326
3417,S2C,10,6.6467,29.0,4,36.05,0.2076
3417,E2C,6,12.249,0.0,0,19.56,0.0596
3417,W2C,6,12.0925,0.0,0,19.81,0.0619
3418,N2C,11,5.8564,45.0,5,40.91,0.2417
3418,S2C,11,6.526,33.0,4,36.71,0.218
3418,E2C,6,12.4584,0.0,0,19.23,0.0566
3418,W2C,6,12.2321,0.0,0,19.59,0.0599
3419,N2C,11,5.5555,50.0,5,43.13,0.2493
3419,S2C,11,5.5545,37.0,4,43.14,0.2347
3419,E2C,6,12.8515,0.0,0,18.64,0.051
3419,W2C,5,12.6983,0.0,0,18.87,0.0472
3420,N2C,11,5.005,56.0,6,47.87,0.2673
3420,S2C,11,5.206,41.0,4,46.02,0.2424
3420,E2C,5,13.2908,0.0,0,18.03,0.0386
3420,W2C,5,12.7497,0.0,0,18.79,0.0464
3421,N2C,12,5.4485,62.0,6,43.98,0.2709
3421,S2C,12,5.5732,46.0,5,42.99,0.2524
3421,E2C,5,13.4305,0.0,0,17.84,0.0366
3421,W2C,6,12.7936,0.0,0,18.73,0.0518
3422,N2C,12,5.0596,68.0,6,47.36,0.2805
3422,S2C,12,5.2764,52.0,6,45.41,0.2667
3422,E2C,5,13.1105,0.0,0,18.28,0.0412
3422,W2C,5,13.0391,0.0,0,18.38,0.0423
3423,N2C,12,5.0174,75.0,7,47.75,0.2918
3423,S2C,12,5.3419,58.0,6,44.85,0.2697
3423,E2C,5,13.3004,0.0,0,18.01,0.0385
3423,W2C,5,12.8504,0.0,0,18.65,0.045
3424,N2C,12,4.9144,82.0,7,48.75,0.2979
3424,S2C,12,5.2338,65.0,7,45.78,0.282
3424,E2C,5,13.3396,0.0,0,17.96,0.0379
3424,W2C,5,12.9043,0.0,0,18.57,0.0442
3425,N2C,13,5.4082,89.0,7,44.3,0.3015
3425,S2C,13,5.3208,72.0,7,45.03,0.2914
3425,E2C,5,13.2457,0.0,0,18.09,0.0393
3425,W2C,5,12.8704,0.0,0,18.62,0.0447
3426,N2C,13,5.1436,96.0,7,46.58,0.3099
3426,S2C,13,4.7984,79.0,7,49.93,0.3036
3426,E2C,5,12.9465,0.0,0,18.51,0.0436
3426,W2C,5,12.4638,0.0,0,19.22,0.0505
3427,N2C,13,4.5264,103.0,7,52.93,0.3235
3427,S2C,13,4.247,86.0,7,56.42,0.3162
3427,E2C,5,13.2373,0.0,0,18.1,0.0394
3427,W2C,5,12.601,0.0,0,19.01,0.0486
3428,N2C,13,4.1755,111.0,8,57.38,0.3399
3428,S2C,13,3.9119,94.0,8,61.25,0.3323
3428,E2C,5,13.1915,0.0,0,18.16,0.0401
3428,W2C,5,12.6332,0.0,0,18.97,0.0481
3429,N2C,14,4.2209,119.0,8,56.77,0.3506
3429,S2C,14,4.5173,102.0,8,53.04,0.335
3429,E2C,5,13.047,0.0,0,18.36,0.0421
3429,W2C,5,12.9749,0.0,0,18.47,0.0432
3430,N2C,14,4.247,127.0,8,56.42,0.3555
3430,S2C,14,4.2793,111.0,9,55.99,0.3504
3430,E2C,5,12.8284,0.0,0,18.68,0.0453
3430,W2C,6,12.0924,0.0,0,19.81,0.0619
3431,N2C,14,3.8305,136.0,9,62.55,0.3735
3431,S2C,14,4.1152,120.0,9,58.22,0.3587
3431,E2C,5,12.3999,0.0,0,19.32,0.0515
3431,W2C,6,11.2375,0.0,0,21.32,0.0742
3432,N2C,15,4.2592,145.0,9,56.25,0.3793
3432,S2C,15,4.3815,129.0,9,54.68,0.3669
3432,E2C,6,12.21,0.0,0,19.62,0.0602
3432,W2C,7,10.9855,1.0,1,21.81,0.0905
3433,N2C,13,4.8452,96.0,8,49.45,0.3202
3433,S2C,13,4.5182,85.0,7,53.03,0.3116
3433,E2C,6,11.3662,0.0,0,21.08,0.0723
3433,W2C,7,10.6999,2.0,1,22.39,0.0953
3434,N2C,13,5.0672,59.0,6,47.28,0.2804
3434,S2C,13,4.296,51.0,6,55.77,0.2861
3434,E2C,6,10.7586,0.0,0,22.27,0.0811
3434,W2C,7,10.7906,3.0,1,22.2,0.0946
3435,N2C,13,5.7,29.0,4,42.03,0.2393
3435,S2C,13,4.4321,28.0,4,54.06,0.2569
3435,E2C,6,10.5923,0.0,0,22.62,0.0835
3435,W2C,7,9.551,4.0,1,25.09,0.1131
3436,N2C,12,6.7905,13.0,2,35.28,0.1949
3436,S2C,12,5.9026,11.0,3,40.59,0.2123
3436,E2C,7,10.2828,0.0,0,23.3,0.0939
3436,W2C,8,9.0538,5.0,1,26.46,0.127
3437,N2C,12,6.9963,0.0,0,34.25,0.1713
3437,S2C,12,6.039,2.0,1,39.68,0.1924
3437,E2C,7,9.2619,1.0,1,25.87,0.1153
3437,W2C,8,8.3334,7.0,2,28.75,0.1447
3438,N2C,10,7.2332,0.0,0,33.12,0.1559
3438,S2C,11,6.583,0.0,0,36.4,0.1712
3438,E2C,7,8.6261,2.0,1,27.78,0.1251
3438,W2C,8,7.4098,9.0,2,32.34,0.1593
3439,N2C,11,8.0982,0.0,0,29.59,0.1494
3439,S2C,11,7.6642,0.0,0,31.26,0.1556
3439,E2C,8,8.4414,4.0,2,28.38,0.1411
3439,W2C,9,7.775,11.0,2,30.82,0.1614
3440,N2C,10,8.5604,0.0,0,27.99,0.1367
3440,S2C,11,8.5899,0.0,0,27.89,0.1423
3440,E2C,8,7.7402,6.0,2,30.96,0.1525
3440,W2C,9,7.3854,14.0,3,32.44,0.175
3441,N2C,9,9.1574,0.0,0,26.16,0.1221
3441,S2C,9,9.5775,0.0,0,25.02,0.1161
3441,E2C,8,7.6791,9.0,3,31.2,0.1614
3441,W2C,9,6.8473,18.0,4,34.99,0.1914
3442,N2C,8,10.2087,0.0,0,23.47,0.101
3442,S2C,9,10.4838,0.0,0,22.85,0.103
3442,E2C,8,7.347,12.0,3,32.61,0.1682
3442,W2C,9,6.5866,22.0,4,36.38,0.1978
3443,N2C,8,11.2968,0.0,0,21.21,0.0853
3443,S2C,8,11.5521,0.0,0,20.74,0.0817
3443,E2C,9,7.3287,15.0,3,32.69,0.1765
3443,W2C,10,6.8719,26.0,4,34.87,0.2024
3444,N2C,7,11.8562,0.0,0,20.21,0.0713
3444,S2C,7,12.2158,0.0,0,19.61,0.0661
3444,E2C,9,7.0609,18.0,3,33.93,0.1823
3444,W2C,10,6.6252,30.0,4,36.17,0.2086
3445,N2C,6,12.1743,0.0,0,19.68,0.0607
3445,S2C,6,12.6841,0.0,0,18.89,0.0534
3445,E2C,9,6.8332,21.0,3,35.06,0.1876
3445,W2C,10,6.3964,35.0,5,37.46,0.2212
3446,N2C,6,12.5914,0.0,0,19.03,0.0547
3446,S2C,5,12.9081,0.0,0,18.56,0.0441
3446,E2C,9,6.7969,25.0,4,35.25,0.1968
3446,W2C,10,6.5202,40.0,5,36.75,0.2228
3447,N2C,5,13.0074,0.0,0,18.42,0.0427
3447,S2C,6,12.9027,0.0,0,18.57,0.0502
3447,E2C,10,7.5413,29.0,4,31.77,0.1947
3447,W2C,11,7.0261,45.0,5,34.1,0.2248
3448,N2C,5,13.2178,0.0,0,18.13,0.0397
3448,S2C,6,12.8489,0.0,0,18.65,0.051
3448,E2C,10,7.0157,33.0,4,34.15,0.205
3448,W2C,11,6.3552,50.0,5,37.7,0.2378
3449,N2C,5,13.2987,0.0,0,18.02,0.0385
3449,S2C,5,13.1014,0.0,0,18.29,0.0414
3449,E2C,10,6.3481,37.0,4,37.74,0.2173
3449,W2C,11,5.5159,55.0,5,43.44,0.2532
3450,N2C,5,12.8478,0.0,0,18.65,0.045
3450,S2C,5,13.1712,0.0,0,18.19,0.0404
3450,E2C,11,6.1267,41.0,4,39.11,0.2291
3450,W2C,12,5.457,60.0,5,43.91,0.2634
3451,N2C,5,12.8261,0.0,0,18.68,0.0453
3451,S2C,5,12.7065,0.0,0,18.86,0.047
3451,E2C,11,5.7611,46.0,5,41.59,0.2437
3451,W2C,12,5.2672,66.0,6,45.49,0.2762
3452,N2C,5,12.9965,0.0,0,18.44,0.0429
3452,S2C,5,12.8509,0.0,0,18.64,0.045
3452,E2C,11,5.2261,51.0,5,45.85,0.2547
3452,W2C,12,5.0164,73.0,7,47.76,0.2904
3453,N2C,5,12.9383,0.0,0,18.52,0.0437
3453,S2C,5,13.0659,0.0,0,18.34,0.0419
3453,E2C,11,4.7405,57.0,6,50.54,0.2717
3453,W2C,12,4.5208,80.0,7,53.0,0.3022
3454,N2C,5,13.0057,0.0,0,18.42,0.0427
3454,S2C,5,13.0603,0.0,0,18.35,0.0419
3454,E2C,12,5.2921,63.0,6,45.27,0.2738
3454,W2C,13,4.7354,88.0,8,50.6,0.3165
3455,N2C,5,12.997,0.0,0,18.44,0.0429
3455,S2C,5,13.0409,0.0,0,18.37,0.0422
3455,E2C,12,5.182,69.0,6,46.24,0.2794
3455,W2C,13,4.562,96.0,8,52.52,0.3243
3456,N2C,5,13.0337,0.0,0,18.38,0.0423
3456,S2C,5,13.1565,0.0,0,18.21,0.0406
3456,E2C,12,5.1398,76.0,7,46.62,0.2907
3456,W2C,13,4.1653,104.0,8,57.52,0.3354
3457,N2C,6,12.9328,0.0,0,18.53,0.0498
3457,S2C,5,12.6618,0.0,0,18.92,0.0477
3457,E2C,13,5.7725,83.0,7,41.51,0.2922
3457,W2C,14,4.7076,112.0,8,50.9,0.3389
3458,N2C,5,12.6066,0.0,0,19.01,0.0485
3458,S2C,5,13.2629,0.0,0,18.07,0.039
3458,E2C,13,5.49,90.0,7,43.64,0.301
3458,W2C,14,4.4881,120.0,8,53.39,0.3474
3459,N2C,5,12.8033,0.0,0,18.71,0.0456
3459,S2C,5,13.1533,0.0,0,18.22,0.0406
3459,E2C,13,4.8834,97.0,7,49.06,0.3144
3459,W2C,14,4.1521,129.0,9,57.71,0.3642
3460,N2C,5,12.7258,0.0,0,18.83,0.0468
3460,S2C,5,13.0041,0.0,0,18.42,0.0428
3460,E2C,13,4.2345,104.0,7,56.58,0.3284
3460,W2C,14,3.6948,138.0,9,64.85,0.3768
3461,N2C,6,12.461,0.0,0,19.23,0.0566
3461,S2C,5,13.2055,0.0,0,18.14,0.0399
3461,E2C,14,4.4697,111.0,7,53.61,0.3356
3461,W2C,15,4.2045,148.0,10,56.99,0.3881
3462,N2C,5,12.4069,0.0,0,19.31,0.0514
3462,S2C,5,13.0711,0.0,0,18.33,0.0418
3462,E2C,14,4.367,120.0,9,54.87,0.3551
3462,W2C,15,3.8597,158.0,10,62.08,0.3998
3463,N2C,5,12.3366,0.0,0,19.42,0.0524
3463,S2C,5,13.1655,0.0,0,18.2,0.0404
3463,E2C,14,4.0515,129.0,9,59.14,0.3657
3463,W2C,15,3.7019,168.0,10,64.72,0.4087
3464,N2C,5,12.0588,0.0,0,19.87,0.0564
3464,S2C,5,12.6449,0.0,0,18.95,0.0479
3464,E2C,14,3.8056,138.0,9,62.96,0.3752
3464,W2C,15,3.3189,178.0,10,72.19,0.4209
3465,N2C,6,11.7674,0.0,0,20.36,0.0666
3465,S2C,6,12.1,0.0,0,19.8,0.0618
3465,E2C,15,3.9091,147.0,9,61.29,0.3857
3465,W2C,16,4.0607,188.0,10,59.0,0.4229
3466,N2C,6,10.9107,0.0,0,21.96,0.0789
3466,S2C,6,11.5035,0.0,0,20.83,0.0704
3466,E2C,13,4.1804,99.0,8,57.31,0.3318
3466,W2C,14,4.5867,134.0,9,52.24,0.3613
3467,N2C,6,10.6878,0.0,0,22.42,0.0821
3467,S2C,6,10.9318,0.0,0,21.92,0.0786
3467,E2C,13,3.9782,58.0,6,60.23,0.2954
3467,W2C,14,4.5643,88.0,7,52.49,0.3189
3468,N2C,6,9.9623,0.0,0,24.05,0.0926
3468,S2C,7,10.7995,0.0,0,22.19,0.0865
3468,E2C,14,5.0528,30.0,4,47.42,0.2552
3468,W2C,15,5.3028,54.0,5,45.18,0.2796
3469,N2C,7,10.1191,1.0,1,23.68,0.103
3469,S2C,7,10.0094,1.0,1,23.94,0.1045
3469,E2C,13,5.5596,13.0,3,43.1,0.2246
3469,W2C,14,5.0132,24.0,3,47.79,0.2458
3470,N2C,7,9.6195,2.0,1,24.91,0.1108
3470,S2C,7,9.4727,2.0,1,25.29,0.1129
3470,E2C,12,5.8751,2.0,1,40.78,0.1947
3470,W2C,13,5.2064,5.0,1,46.02,0.2124
3471,N2C,7,9.2018,3.0,1,26.04,0.1175
3471,S2C,7,8.8067,3.0,1,27.21,0.1232
3471,E2C,11,6.3185,0.0,0,37.92,0.175
3471,W2C,13,5.3126,1.0,1,45.1,0.2082
3472,N2C,8,9.0712,5.0,2,26.41,0.1327
3472,S2C,8,8.8004,5.0,2,27.23,0.1366
3472,E2C,11,7.2958,0.0,0,32.84,0.1609
3472,W2C,12,6.4591,0.0,0,37.09,0.179
3473,N2C,8,8.5821,7.0,2,27.92,0.1411
3473,S2C,8,8.1161,7.0,2,29.52,0.1478
3473,E2C,11,7.6371,0.0,0,31.37,0.156
3473,W2C,12,7.0972,0.0,0,33.76,0.1698
3474,N2C,8,7.4339,9.0,2,32.23,0.159
3474,S2C,8,7.5958,9.0,2,31.54,0.1566
3474,E2C,9,8.2168,0.0,0,29.16,0.1357
3474,W2C,10,7.5444,0.0,0,31.76,0.1514
3475,N2C,9,7.4956,11.0,2,31.97,0.1654
3475,S2C,9,7.8873,12.0,3,30.38,0.1664
3475,E2C,10,9.4415,0.0,0,25.38,0.1241
3475,W2C,11,9.128,0.0,0,26.25,0.1346
3476,N2C,9,6.9816,13.0,2,34.32,0.1741
3476,S2C,9,7.3761,15.0,3,32.48,0.1758
3476,E2C,8,10.4048,0.0,0,23.03,0.0982
3476,W2C,9,9.9502,0.0,0,24.08,0.1107
3477,N2C,9,6.9495,16.0,3,34.48,0.1826
3477,S2C,9,7.1485,18.0,3,33.52,0.1811
3477,E2C,8,11.1901,0.0,0,21.41,0.0869
3477,W2C,9,10.9512,0.0,0,21.88,0.0963
3478,N2C,9,6.9942,19.0,3,34.26,0.184
3478,S2C,9,6.7921,21.0,3,35.28,0.1882
3478,E2C,6,11.8869,0.0,0,20.16,0.0648
3478,W2C,7,11.6962,0.0,0,20.49,0.0736
3479,N2C,10,7.6623,23.0,4,31.27,0.189
3479,S2C,10,7.1285,25.0,4,33.61,0.198
3479,E2C,6,12.7138,0.0,0,18.85,0.0529
3479,W2C,7,12.5222,0.0,0,19.13,0.0617
3480,N2C,10,7.3643,27.0,4,32.54,0.196
3480,S2C,10,6.6072,29.0,4,36.26,0.2082
3480,E2C,6,12.5964,0.0,0,19.02,0.0546
3480,W2C,6,12.6856,0.0,0,18.89,0.0533
3481,N2C,10,6.7232,31.0,4,35.64,0.2079
3481,S2C,10,6.3778,33.0,4,37.57,0.2142
3481,E2C,6,12.5236,0.0,0,19.13,0.0557
3481,W2C,5,12.7888,0.0,0,18.74,0.0459
3482,N2C,10,6.04,35.0,4,39.67,0.2204
3482,S2C,10,6.378,38.0,5,37.57,0.2235
3482,E2C,6,12.3196,0.0,0,19.45,0.0586
3482,W2C,5,12.7146,0.0,0,18.84,0.0469
3483,N2C,11,6.2543,39.0,4,38.31,0.2259
3483,S2C,11,6.8819,43.0,5,34.82,0.2256
3483,E2C,7,12.4918,0.0,0,19.18,0.0621
3483,W2C,5,12.6855,0.0,0,18.89,0.0473
3484,N2C,11,5.846,44.0,5,40.98,0.2412
3484,S2C,11,6.1719,48.0,5,38.82,0.2391
3484,E2C,7,12.4897,0.0,0,19.18,0.0622
3484,W2C,5,12.2856,0.0,0,19.5,0.0531
3485,N2C,11,5.836,50.0,6,41.06,0.2513
3485,S2C,11,5.2081,53.0,5,46.01,0.2563
3485,E2C,5,13.2946,0.0,0,18.02,0.0386
3485,W2C,5,12.4637,0.0,0,19.22,0.0505
3486,N2C,12,6.3261,56.0,6,37.87,0.2542
3486,S2C,12,5.4942,58.0,5,43.61,0.2616
3486,E2C,6,13.1286,0.0,0,18.25,0.047
3486,W2C,6,12.4249,0.0,0,19.28,0.0571
3487,N2C,12,6.0857,62.0,6,39.37,0.2617
3487,S2C,12,5.3448,64.0,6,44.83,0.2737
3487,E2C,5,13.0011,0.0,0,18.43,0.0428
3487,W2C,6,12.3571,0.0,0,19.39,0.0581
3488,N2C,12,5.3459,68.0,6,44.82,0.2764
3488,S2C,12,4.9761,70.0,6,48.15,0.283
3488,E2C,5,13.0628,0.0,0,18.34,0.0419
3488,W2C,5,12.6223,0.0,0,18.98,0.0483
3489,N2C,12,4.6718,74.0,6,51.29,0.2901
3489,S2C,12,4.6793,77.0,7,51.2,0.298
3489,E2C,5,12.8251,0.0,0,18.68,0.0453
3489,W2C,5,12.0076,0.0,0,19.95,0.0571
3490,N2C,13,5.122,81.0,7,46.78,0.3002
3490,S2C,13,4.8882,84.0,7,49.02,0.3056
3490,E2C,5,13.1515,0.0,0,18.22,0.0406
3490,W2C,5,12.6312,0.0,0,18.97,0.0481
3491,N2C,13,4.8153,89.0,8,49.76,0.316
3491,S2C,13,4.4994,91.0,7,53.25,0.3159
3491,E2C,5,12.9303,0.0,0,18.53,0.0438
3491,W2C,5,12.087,0.0,0,19.82,0.056
3492,N2C,13,4.4407,97.0,8,53.95,0.3267
3492,S2C,13,4.2205,98.0,7,56.77,0.3246
3492,E2C,5,12.974,0.0,0,18.47,0.0432
3492,W2C,5,12.3233,0.0,0,19.44,0.0526
3493,N2C,14,4.8862,105.0,8,49.04,0.3316
3493,S2C,14,4.4508,106.0,8,53.83,0.3386
3493,E2C,5,12.7458,0.0,0,18.8,0.0465
3493,W2C,6,12.6495,0.0,0,18.94,0.0539
3494,N2C,14,4.4425,114.0,9,53.93,0.35
3494,S2C,14,4.4361,114.0,8,54.01,0.3441
3494,E2C,5,12.9259,0.0,0,18.54,0.0439
3494,W2C,5,12.6231,0.0,0,18.98,0.0482
3495,N2C,14,4.4027,123.0,9,54.42,0.3566
3495,S2C,14,4.2334,122.0,8,56.6,0.3524
3495,E2C,5,12.9131,0.0,0,18.55,0.0441
3495,W2C,5,12.5868,0.0,0,19.04,0.0488
3496,N2C,14,4.0771,132.0,9,58.77,0.3673
3496,S2C,14,4.0416,131.0,9,59.28,0.3671
3496,E2C,5,12.2349,0.0,0,19.58,0.0538
3496,W2C,5,12.1594,0.0,0,19.7,0.0549
3497,N2C,15,4.431,141.0,9,54.07,0.3742
3497,S2C,15,4.2459,140.0,9,56.43,0.3762
3497,E2C,6,11.9298,0.0,0,20.08,0.0642
3497,W2C,6,11.8389,0.0,0,20.24,0.0655
3498,N2C,15,4.074,150.0,9,58.81,0.3853
3498,S2C,15,3.9393,149.0,9,60.82,0.3866
3498,E2C,6,11.297,0.0,0,21.21,0.0733
3498,W2C,6,11.0051,0.0,0,21.77,0.0775
3499,N2C,13,4.308,101.0,8,55.62,0.3313
3499,S2C,13,4.1892,100.0,8,57.19,0.3323
3499,E2C,6,10.4179,1.0,1,23.0,0.0927
3499,W2C,6,10.5335,0.0,0,22.75,0.0843
3500,N2C,13,4.1659,63.0,6,57.52,0.296
3500,S2C,13,4.1473,60.0,6,57.77,0.2943
3500,E2C,6,10.4467,2.0,1,22.94,0.0929
3500,W2C,6,10.3923,1.0,1,23.06,0.093
3501,N2C,14,4.9407,35.0,5,48.5,0.2662
3501,S2C,14,5.1759,31.0,4,46.29,0.2541
3501,E2C,7,10.305,3.0,1,23.25,0.1016
3501,W2C,7,11.0023,2.0,1,21.78,0.0909
3502,N2C,12,5.1824,15.0,3,46.23,0.2254
3502,S2C,12,5.8766,12.0,3,40.77,0.2134
3502,E2C,7,9.5938,4.0,1,24.97,0.1125
3502,W2C,7,10.7869,3.0,1,22.21,0.0947
3503,N2C,12,5.4734,3.0,1,43.78,0.2012
3503,S2C,12,6.1277,2.0,1,39.1,0.1911
3503,E2C,7,9.1242,5.0,1,26.26,0.12
3503,W2C,7,10.5858,4.0,1,22.63,0.0982
3504,N2C,13,6.6741,0.0,0,35.9,0.1819
3504,S2C,13,6.7879,0.0,0,35.3,0.1803
3504,E2C,8,9.4513,7.0,2,25.35,0.1286
3504,W2C,8,10.5042,5.0,1,22.81,0.1061
3505,N2C,11,7.007,0.0,0,34.19,0.1651
3505,S2C,11,7.2346,0.0,0,33.12,0.1618
3505,E2C,8,8.8641,9.0,2,27.03,0.1384
3505,W2C,8,9.3225,6.0,1,25.7,0.1238
3506,N2C,11,7.687,0.0,0,31.17,0.1553
3506,S2C,11,7.5493,0.0,0,31.74,0.1573
3506,E2C,8,8.0298,11.0,2,29.84,0.1517
3506,W2C,8,8.9074,8.0,2,26.9,0.1371
3507,N2C,9,7.9459,0.0,0,30.15,0.1396
3507,S2C,9,8.6694,0.0,0,27.64,0.1292
3507,E2C,8,7.144,14.0,3,33.54,0.1725
3507,W2C,8,8.0607,10.0,2,29.72,0.1506
3508,N2C,10,8.977,0.0,0,26.69,0.1307
3508,S2C,10,9.4676,0.0,0,25.31,0.1237
3508,E2C,9,7.7701,17.0,3,30.84,0.1715
3508,W2C,9,7.9788,13.0,3,30.03,0.1658
3509,N2C,8,9.6411,0.0,0,24.85,0.1092
3509,S2C,8,10.362,0.0,0,23.12,0.0988
3509,E2C,9,7.4327,20.0,3,32.24,0.1783
3509,W2C,9,7.3092,16.0,3,32.78,0.1774
3510,N2C,8,10.2602,0.0,0,23.35,0.1003
3510,S2C,8,11.0166,0.0,0,21.75,0.0894
3510,E2C,9,7.0322,24.0,4,34.07,0.1927
3510,W2C,9,6.8727,20.0,4,34.86,0.1924
3511,N2C,7,11.191,0.0,0,21.41,0.0809
3511,S2C,7,12.0625,0.0,0,19.86,0.0683
3511,E2C,10,7.2925,28.0,4,32.86,0.1977
3511,W2C,10,7.2334,24.0,4,33.12,0.1958
3512,N2C,7,11.7868,0.0,0,20.33,0.0723
3512,S2C,6,11.88,0.0,0,20.17,0.0649
3512,E2C,10,6.6435,32.0,4,36.07,0.2097
3512,W2C,10,6.5574,28.0,4,36.54,0.2082
3513,N2C,5,12.7135,0.0,0,18.85,0.0469
3513,S2C,6,11.9932,0.0,0,19.98,0.0633
3513,E2C,10,5.9511,36.0,4,40.26,0.2223
3513,W2C,10,6.1785,33.0,5,38.78,0.223
3514,N2C,5,12.5181,0.0,0,19.14,0.0498
3514,S2C,5,12.1008,0.0,0,19.8,0.0558
3514,E2C,10,6.0688,40.0,4,39.48,0.2233
3514,W2C,10,6.0209,38.0,5,39.79,0.2286
3515,N2C,6,12.6281,0.0,0,18.97,0.0542
3515,S2C,5,11.9818,0.0,0,20.0,0.0575
3515,E2C,11,6.0655,45.0,5,39.5,0.2387
3515,W2C,11,6.4589,43.0,5,37.1,0.2317
3516,N2C,5,12.3089,0.0,0,19.47,0.0528
3516,S2C,5,11.9728,0.0,0,20.01,0.0576
3516,E2C,11,5.6991,50.0,5,42.04,0.2473
3516,W2C,11,5.8772,48.0,5,40.77,0.2434
3517,N2C,5,12.3043,0.0,0,19.47,0.0528
3517,S2C,5,11.7603,0.0,0,20.37,0.0607
3517,E2C,11,5.2386,55.0,5,45.74,0.2572
3517,W2C,11,5.5343,53.0,5,43.29,0.2516
3518,N2C,5,12.9354,0.0,0,18.52,0.0437
3518,S2C,5,11.6797,0.0,0,20.51,0.0618
3518,E2C,11,4.6984,61.0,6,51.0,0.275
3518,W2C,11,5.186,59.0,6,46.2,0.2667
3519,N2C,6,13.0167,0.0,0,18.41,0.0486
3519,S2C,6,12.0189,0.0,0,19.94,0.0629
3519,E2C,12,5.0564,67.0,6,47.39,0.2799
3519,W2C,12,5.5913,65.0,6,42.85,0.2708
3520,N2C,6,12.868,0.0,0,18.62,0.0507
3520,S2C,5,11.5791,0.0,0,20.69,0.0633
3520,E2C,12,4.9642,73.0,6,48.27,0.2852
3520,W2C,12,4.9668,71.0,6,48.24,0.2838
3521,N2C,6,12.8122,0.0,0,18.7,0.0515
3521,S2C,5,11.7311,0.0,0,20.42,0.0611
3521,E2C,12,4.7548,80.0,7,50.39,0.2989
3521,W2C,12,4.6785,78.0,7,51.21,0.2986
3522,N2C,6,12.568,0.0,0,19.06,0.055
3522,S2C,5,11.9052,0.0,0,20.13,0.0586
3522,E2C,13,5.238,87.0,7,45.74,0.3026
3522,W2C,13,4.9497,85.0,7,48.41,0.3054
3523,N2C,6,12.605,0.0,0,19.01,0.0545
3523,S2C,5,11.4707,0.0,0,20.89,0.0648
3523,E2C,13,4.9107,94.0,7,48.79,0.312
3523,W2C,13,4.8995,92.0,7,48.9,0.3108
3524,N2C,5,12.5895,0.0,0,19.03,0.0487
3524,S2C,5,11.903,0.0,0,20.13,0.0586
3524,E2C,13,4.5354,101.0,7,52.83,0.322
3524,W2C,13,4.4506,100.0,8,53.83,0.3286
3525,N2C,5,12.7735,0.0,0,18.76,0.0461
3525,S2C,5,11.2654,0.0,0,21.27,0.0678
3525,E2C,13,4.176,108.0,7,57.38,0.3319
3525,W2C,13,4.098,108.0,8,58.47,0.339
3526,N2C,5,12.2948,0.0,0,19.49,0.053
3526,S2C,6,11.9769,0.0,0,20.01,0.0635
3526,E2C,14,4.3316,115.0,7,55.31,0.3403
3526,W2C,14,4.397,116.0,8,54.49,0.346
3527,N2C,5,13.0379,0.0,0,18.38,0.0423
3527,S2C,6,11.6026,0.0,0,20.65,0.0689
3527,E2C,14,4.0866,124.0,9,58.63,0.3618
3527,W2C,14,4.0573,124.0,8,59.05,0.3562
3528,N2C,5,12.6842,0.0,0,18.89,0.0474
3528,S2C,6,11.8253,0.0,0,20.26,0.0657
3528,E2C,14,3.7162,133.0,9,64.47,0.3732
3528,W2C,14,3.7954,133.0,9,63.13,0.372
3529,N2C,5,12.9578,0.0,0,18.49,0.0434
3529,S2C,6,12.3261,0.0,0,19.44,0.0585
3529,E2C,15,4.0452,142.0,9,59.23,0.3804
3529,W2C,15,4.102,142.0,9,58.41,0.3796
3530,N2C,5,12.682,0.0,0,18.89,0.0474
3530,S2C,6,12.1542,0.0,0,19.71,0.061
3530,E2C,15,3.9696,151.0,9,60.36,0.3875
3530,W2C,15,3.7145,151.0,9,64.5,0.3912
3531,N2C,5,12.5884,0.0,0,19.03,0.0487
3531,S2C,6,12.0718,0.0,0,19.85,0.0622
3531,E2C,15,3.987,161.0,10,60.1,0.3999
3531,W2C,15,3.4441,161.0,10,69.57,0.4077
3532,N2C,5,12.5286,0.0,0,19.12,0.0496
3532,S2C,6,12.3148,0.0,0,19.46,0.0587
3532,E2C,13,4.5599,108.0,8,52.54,0.3323
3532,W2C,13,3.7276,113.0,8,64.28,0.3477
3533,N2C,6,12.2401,0.0,0,19.57,0.0598
3533,S2C,7,12.2581,0.0,0,19.55,0.0655
3533,E2C,14,5.449,65.0,6,43.97,0.2849
3533,W2C,14,4.5719,73.0,7,52.41,0.3088
3534,N2C,6,11.2554,0.0,0,21.29,0.0739
3534,S2C,7,11.5179,0.0,0,20.8,0.0762
3534,E2C,14,5.4828,34.0,4,43.7,0.2517
3534,W2C,14,5.1014,38.0,5,46.97,0.2659
3535,N2C,6,10.6595,0.0,0,22.48,0.0825
3535,S2C,7,10.4767,0.0,0,22.87,0.0911
3535,E2C,12,5.8741,14.0,2,40.79,0.2088
3535,W2C,12,5.5372,16.0,3,43.27,0.2209
3536,N2C,6,10.7239,0.0,0,22.34,0.0816
3536,S2C,7,9.5494,1.0,1,25.09,0.1112
3536,E2C,12,6.0057,0.0,0,39.9,0.1855
3536,W2C,12,5.7606,4.0,1,41.59,0.1977
3537,N2C,7,10.2362,1.0,1,23.41,0.1013
3537,S2C,8,9.8694,2.0,1,24.28,0.1132
3537,E2C,12,6.7516,0.0,0,35.49,0.1748
3537,W2C,13,6.8316,0.0,0,35.07,0.1796
3538,N2C,7,9.7602,2.0,1,24.55,0.1088
3538,S2C,8,9.6147,4.0,2,24.92,0.1242
3538,E2C,11,6.9294,0.0,0,34.58,0.1662
3538,W2C,11,7.4101,0.0,0,32.33,0.1593
3539,N2C,7,9.2253,3.0,1,25.97,0.1172
3539,S2C,8,8.8677,6.0,2,27.02,0.1363
3539,E2C,10,7.4973,0.0,0,31.96,0.152
3539,W2C,11,7.9142,0.0,0,30.27,0.152
3540,N2C,8,9.7323,5.0,2,24.62,0.1232
3540,S2C,9,8.3494,8.0,2,28.7,0.1511
3540,E2C,10,9.3774,0.0,0,25.55,0.125
3540,W2C,10,9.2292,0.0,0,25.96,0.1271
3541,N2C,8,9.7241,7.0,2,24.64,0.1247
3541,S2C,9,7.6977,10.0,2,31.13,0.1618
3541,E2C,9,9.8172,0.0,0,24.41,0.1126
3541,W2C,10,9.6026,0.0,0,24.95,0.1217
3542,N2C,8,9.2785,9.0,2,25.82,0.1324
3542,S2C,9,7.388,12.0,2,32.43,0.1676
3542,E2C,8,10.6467,0.0,0,22.5,0.0947
3542,W2C,8,10.6745,0.0,0,22.45,0.0943
3543,N2C,8,8.639,11.0,2,27.73,0.1429
3543,S2C,9,6.4358,16.0,4,37.23,0.196
3543,E2C,7,11.4739,0.0,0,20.88,0.0768
3543,W2C,7,11.0845,0.0,0,21.62,0.0824
3544,N2C,9,8.502,13.0,2,28.18,0.1522
3544,S2C,10,6.9503,20.0,4,34.47,0.1973
3544,E2C,7,12.5757,0.0,0,19.05,0.0609
3544,W2C,7,12.3163,0.0,0,19.45,0.0647
3545,N2C,9,7.5215,16.0,3,31.86,0.1744
3545,S2C,10,6.4148,24.0,4,37.35,0.2076
3545,E2C,6,12.4396,0.0,0,19.26,0.0569
3545,W2C,5,12.7301,0.0,0,18.82,0.0467
3546,N2C,9,6.6879,19.0,3,35.83,0.1884
3546,S2C,10,5.8396,28.0,4,41.03,0.2186
3546,E2C,6,12.6731,0.0,0,18.91,0.0535
3546,W2C,5,12.3208,0.0,0,19.45,0.0526
3547,N2C,10,6.9532,22.0,3,34.46,0.1925
3547,S2C,11,6.1334,33.0,5,39.06,0.2297
3547,E2C,6,13.1425,0.0,0,18.23,0.0468
3547,W2C,6,12.735,0.0,0,18.81,0.0526
3548,N2C,10,6.5269,26.0,4,36.71,0.2074
3548,S2C,11,5.652,38.0,5,42.39,0.24
3548,E2C,5,13.4224,0.0,0,17.85,0.0367
3548,W2C,6,12.6886,0.0,0,18.88,0.0533
3549,N2C,10,6.5036,31.0,5,36.84,0.217
3549,S2C,11,5.3334,43.0,5,44.92,0.2479
3549,E2C,5,13.0296,0.0,0,18.39,0.0424
3549,W2C,6,12.6544,0.0,0,18.93,0.0538
3550,N2C,10,6.0205,36.0,5,39.8,0.2273
3550,S2C,11,5.0585,49.0,6,47.37,0.2618
3550,E2C,5,13.3768,0.0,0,17.91,0.0374
3550,W2C,5,12.9575,0.0,0,18.49,0.0434
3551,N2C,11,6.234,41.0,5,38.43,0.2336
3551,S2C,12,5.3495,55.0,6,44.79,0.2676
3551,E2C,5,13.3857,0.0,0,17.9,0.0373
3551,W2C,5,12.853,0.0,0,18.64,0.0449
3552,N2C,11,5.9156,46.0,5,40.5,0.2415
3552,S2C,12,5.3376,61.0,6,44.89,0.2718
3552,E2C,5,13.5426,0.0,0,17.69,0.035
3552,W2C,5,12.762,0.0,0,18.77,0.0462
3553,N2C,11,5.5195,52.0,6,43.41,0.2572
3553,S2C,12,5.2423,67.0,6,45.7,0.2772
3553,E2C,5,13.2951,0.0,0,18.02,0.0386
3553,W2C,5,12.8627,0.0,0,18.63,0.0448
3554,N2C,11,5.3244,58.0,6,45.0,0.264
3554,S2C,12,4.9364,74.0,7,48.54,0.2923
3554,E2C,5,13.0963,0.0,0,18.3,0.0414
3554,W2C,5,12.9028,0.0,0,18.57,0.0442
3555,N2C,12,5.3734,64.0,6,44.59,0.2733
3555,S2C,13,5.0086,81.0,7,47.84,0.3019
3555,E2C,5,13.3614,0.0,0,17.93,0.0376
3555,W2C,6,12.4297,0.0,0,19.28,0.057
3556,N2C,12,4.8829,70.0,6,49.07,0.2844
3556,S2C,13,4.3509,88.0,7,55.07,0.316
3556,E2C,5,13.0373,0.0,0,18.38,0.0423
3556,W2C,6,12.7045,0.0,0,18.86,0.0531
3557,N2C,12,4.4025,76.0,6,54.42,0.2953
3557,S2C,13,4.0886,96.0,8,58.6,0.3311
3557,E2C,5,13.3484,0.0,0,17.95,0.0378
3557,W2C,6,12.5745,0.0,0,19.05,0.0549
3558,N2C,13,4.9806,83.0,7,48.11,0.3036
3558,S2C,14,4.4863,105.0,9,53.41,0.3434
3558,E2C,5,13.2397,0.0,0,18.1,0.0394
3558,W2C,5,12.7163,0.0,0,18.84,0.0469
3559,N2C,13,4.798,91.0,8,49.94,0.3176
3559,S2C,14,4.1354,114.0,9,57.94,0.3545
3559,E2C,4,13.2171,0.0,0,18.13,0.0337
3559,W2C,5,13.0272,0.0,0,18.39,0.0424
3560,N2C,13,4.4616,99.0,8,53.7,0.3278
3560,S2C,14,3.8423,123.0,9,62.36,0.3647
3560,E2C,5,13.4753,0.0,0,17.78,0.036
3560,W2C,5,12.7507,0.0,0,18.79,0.0464
3561,N2C,13,4.2139,107.0,8,56.86,0.3367
3561,S2C,14,3.6282,132.0,9,66.04,0.3738
3561,E2C,5,13.0542,0.0,0,18.35,0.042
3561,W2C,5,12.8373,0.0,0,18.66,0.0452
3562,N2C,14,4.4728,115.0,8,53.57,0.3443
3562,S2C,15,4.1985,141.0,9,57.07,0.3775
3562,E2C,5,13.5717,0.0,0,17.65,0.0346
3562,W2C,5,12.6786,0.0,0,18.9,0.0474
3563,N2C,14,3.9622,123.0,8,60.47,0.3569
3563,S2C,15,4.0167,151.0,10,59.65,0.3928
3563,E2C,5,13.077,0.0,0,18.32,0.0417
3563,W2C,5,12.7281,0.0,0,18.82,0.0467
3564,N2C,14,3.7282,132.0,9,64.27,0.3723
3564,S2C,15,4.11,161.0,10,58.3,0.3982
3564,E2C,5,12.7071,0.0,0,18.86,0.047
3564,W2C,5,11.7961,0.0,0,20.31,0.0602
3565,N2C,13,4.821,86.0,7,49.7,0.3079
3565,S2C,14,5.2603,113.0,8,45.55,0.3316
3565,E2C,5,12.0155,0.0,0,19.94,0.057
3565,W2C,6,11.2907,0.0,0,21.22,0.0734
3566,N2C,13,4.9016,53.0,6,48.88,0.2788
3566,S2C,14,4.7682,73.0,6,50.25,0.3
3566,E2C,6,11.877,0.0,0,20.17,0.065
3566,W2C,6,11.1274,0.0,0,21.53,0.0758
3567,N2C,13,5.3773,25.0,4,44.56,0.2412
3567,S2C,14,4.5315,40.0,4,52.87,0.2694
3567,E2C,6,11.171,0.0,0,21.45,0.0751
3567,W2C,6,10.2511,0.0,0,23.37,0.0884
3568,N2C,12,5.5343,8.0,2,43.29,0.2096
3568,S2C,12,4.7562,17.0,2,50.38,0.2268
3568,E2C,6,10.5338,1.0,1,22.75,0.091
3568,W2C,6,10.1206,1.0,1,23.67,0.0969
3569,N2C,12,6.4617,0.0,0,37.08,0.179
3569,S2C,13,5.7887,0.0,0,41.39,0.1946
3569,E2C,7,10.2818,2.0,1,23.3,0.1013
3569,W2C,7,9.5033,2.0,1,25.21,0.1125
3570,N2C,12,7.15,0.0,0,33.51,0.169
3570,S2C,13,6.3017,0.0,0,38.02,0.1873
3570,E2C,7,9.5579,3.0,1,25.07,0.1124
3570,W2C,7,9.1043,3.0,1,26.32,0.1189
3571,N2C,10,7.807,0.0,0,30.69,0.1476
3571,S2C,11,7.1354,0.0,0,33.58,0.1633
3571,E2C,7,9.3201,4.0,1,25.71,0.1165
3571,W2C,7,8.663,4.0,1,27.66,0.1259
3572,N2C,10,8.4612,0.0,0,28.32,0.1382
3572,S2C,11,7.4267,0.0,0,32.26,0.1591
3572,E2C,7,8.5834,5.0,1,27.91,0.1277
3572,W2C,7,8.3932,6.0,2,28.55,0.1371
3573,N2C,9,9.4217,0.0,0,25.43,0.1183
3573,S2C,10,8.588,0.0,0,27.9,0.1363
3573,E2C,8,8.825,6.0,1,27.15,0.1309
3573,W2C,8,9.1076,8.0,2,26.31,0.1342
3574,N2C,9,9.8433,0.0,0,24.34,0.1123
3574,S2C,10,9.0745,0.0,0,26.4,0.1293
3574,E2C,8,8.1243,8.0,2,29.49,0.1484
3574,W2C,8,9.1707,10.0,2,26.13,0.1346
3575,N2C,7,10.8334,0.0,0,22.12,0.086
3575,S2C,8,10.0737,0.0,0,23.78,0.103
3575,E2C,8,8.0312,11.0,3,29.83,0.1577
3575,W2C,8,8.3441,12.0,2,28.71,0.1479
3576,N2C,8,11.5945,0.0,0,20.66,0.0811
3576,S2C,9,10.5808,0.0,0,22.64,0.1016
3576,E2C,9,8.7197,14.0,3,27.48,0.1558
3576,W2C,9,7.999,14.0,2,29.95,0.1602
3577,N2C,6,12.3624,0.0,0,19.38,0.058
3577,S2C,7,11.2626,0.0,0,21.27,0.0798
3577,E2C,9,8.1408,17.0,3,29.43,0.1661
3577,W2C,9,7.1503,16.0,2,33.51,0.1737
3578,N2C,6,12.3298,0.0,0,19.43,0.0585
3578,S2C,6,11.8971,0.0,0,20.14,0.0647
3578,E2C,9,7.4119,20.0,3,32.33,0.1786
3578,W2C,9,6.9322,18.0,2,34.56,0.1782
3579,N2C,5,12.6913,0.0,0,18.88,0.0473
3579,S2C,5,12.5386,0.0,0,19.11,0.0495
3579,E2C,9,6.5852,23.0,3,36.38,0.1925
3579,W2C,9,6.8889,22.0,4,34.78,0.1935
3580,N2C,6,12.5782,0.0,0,19.05,0.0549
3580,S2C,6,12.8084,0.0,0,18.71,0.0516
3580,E2C,10,6.7675,26.0,3,35.4,0.1979
3580,W2C,10,7.6451,26.0,4,31.34,0.1913
3581,N2C,5,12.2182,0.0,0,19.61,0.0541
3581,S2C,5,12.7932,0.0,0,18.73,0.0458
3581,E2C,10,6.5979,30.0,4,36.31,0.209
3581,W2C,10,7.1604,30.0,4,33.46,0.2009
3582,N2C,5,12.2458,0.0,0,19.57,0.0537
3582,S2C,5,12.7199,0.0,0,18.84,0.0468
3582,E2C,10,6.5832,35.0,5,36.4,0.2185
3582,W2C,10,6.5908,34.0,4,36.35,0.2118
3583,N2C,6,12.3533,0.0,0,19.4,0.0581
3583,S2C,6,12.7114,0.0,0,18.85,0.053
3583,E2C,11,6.6561,40.0,5,36.0,0.2268
3583,W2C,11,6.1103,38.0,4,39.21,0.2274
3584,N2C,6,12.2571,0.0,0,19.55,0.0595
3584,S2C,5,12.6771,0.0,0,18.9,0.0475
3584,E2C,11,6.2945,45.0,5,38.06,0.2354
3584,W2C,11,5.7513,42.0,4,41.66,0.2352
3585,N2C,5,12.5725,0.0,0,19.06,0.049
3585,S2C,5,12.7781,0.0,0,18.75,0.046
3585,E2C,11,5.8334,50.0,5,41.07,0.2453
3585,W2C,11,5.5422,47.0,5,43.23,0.2475
3586,N2C,5,12.1489,0.0,0,19.72,0.0551
3586,S2C,5,12.9675,0.0,0,18.48,0.0433
3586,E2C,11,5.3915,55.0,5,44.44,0.255
3586,W2C,11,5.3591,53.0,6,44.71,0.2602
3587,N2C,6,12.3659,0.0,0,19.38,0.0579
3587,S2C,5,12.7477,0.0,0,18.8,0.0464
3587,E2C,12,5.6383,61.0,6,42.49,0.2675
3587,W2C,12,5.6498,59.0,6,42.41,0.266
3588,N2C,5,12.2708,0.0,0,19.53,0.0533
3588,S2C,5,12.5827,0.0,0,19.04,0.0488
3588,E2C,12,5.2013,68.0,7,46.07,0.2844
3588,W2C,12,5.3162,65.0,6,45.07,0.2748
3589,N2C,5,12.5476,0.0,0,19.1,0.0493
3589,S2C,5,12.3807,0.0,0,19.35,0.0517
3589,E2C,12,4.9226,75.0,7,48.67,0.2931
3589,W2C,12,5.1437,71.0,6,46.58,0.2813
3590,N2C,5,12.5762,0.0,0,19.05,0.0489
3590,S2C,5,12.4829,0.0,0,19.19,0.0503
3590,E2C,12,4.7814,82.0,7,50.11,0.2998
3590,W2C,12,4.8453,77.0,6,49.45,0.2896
3591,N2C,6,12.3361,0.0,0,19.42,0.0584
3591,S2C,6,12.8863,0.0,0,18.59,0.0505
3591,E2C,13,4.9449,89.0,7,48.45,0.3081
3591,W2C,13,5.0071,84.0,7,47.85,0.3039
3592,N2C,5,12.2202,0.0,0,19.61,0.054
3592,S2C,5,12.6533,0.0,0,18.94,0.0478
3592,E2C,13,4.5434,96.0,7,52.74,0.3186
3592,W2C,13,4.4065,91.0,7,54.37,0.3172
3593,N2C,5,12.6197,0.0,0,18.99,0.0483
3593,S2C,5,12.4532,0.0,0,19.24,0.0507
3593,E2C,13,4.1613,104.0,8,57.58,0.3354
3593,W2C,13,3.8806,98.0,7,61.74,0.3295
3594,N2C,6,12.2567,0.0,0,19.55,0.0595
3594,S2C,6,12.7536,0.0,0,18.79,0.0524
3594,E2C,14,4.548,113.0,9,52.68,0.3478
3594,W2C,14,4.3971,105.0,7,54.49,0.3327
3595,N2C,5,12.2674,0.0,0,19.53,0.0534
3595,S2C,6,12.3105,0.0,0,19.46,0.0587
3595,E2C,14,4.3208,122.0,9,55.45,0.3571
3595,W2C,14,4.233,113.0,8,56.6,0.3464
3596,N2C,5,12.4188,0.0,0,19.29,0.0512
3596,S2C,6,11.9226,0.0,0,20.1,0.0643
3596,E2C,14,4.1131,131.0,9,58.25,0.3661
3596,W2C,14,4.1344,122.0,9,57.95,0.3598
3597,N2C,5,11.9782,0.0,0,20.0,0.0575
3597,S2C,6,10.6622,0.0,0,22.47,0.0825
3597,E2C,14,3.773,140.0,9,63.5,0.377
3597,W2C,14,3.9173,131.0,9,61.16,0.3689
3598,N2C,6,12.5334,0.0,0,19.12,0.0555
3598,S2C,7,10.4706,1.0,1,22.88,0.0979
3598,E2C,13,4.9661,93.0,7,48.25,0.3105
3598,W2C,13,5.0284,82.0,7,47.65,0.3023
3599,N2C,6,12.1441,0.0,0,19.73,0.0611
3599,S2C,7,9.686,2.0,1,24.74,0.1099
3599,E2C,13,5.1515,56.0,5,46.51,0.2712
3599,W2C,13,5.0186,47.0,5,47.74,0.2671
3600,N2C,6,12.1003,0.0,0,19.8,0.0618
3600,S2C,7,8.5166,3.0,1,28.13,0.1274
3600,E2C,13,5.2319,29.0,4,45.8,0.246
3600,W2C,13,5.479,21.0,3,43.73,0.2311
