time,edge,vehicles,speed,waiting,halting,traveltime,congestion
1,N2C,1,13.89,0.0,0,17.25,0.006
1,S2C,1,13.4615,0.0,0,17.8,0.0122
1,E2C,1,13.89,0.0,0,17.25,0.006
1,W2C,1,13.89,0.0,0,17.25,0.006
2,N2C,1,13.2784,0.0,0,18.04,0.0148
2,S2C,1,13.0561,0.0,0,18.35,0.018
2,E2C,1,13.5495,0.0,0,17.68,0.0109
2,W2C,1,13.4471,0.0,0,17.82,0.0124
3,N2C,1,13.2541,0.0,0,18.08,0.0152
3,S2C,1,13.2147,0.0,0,18.13,0.0157
3,E2C,1,13.4511,0.0,0,17.81,0.0123
3,W2C,1,13.8511,0.0,0,17.3,0.0066
4,N2C,2,13.3091,0.0,0,18.0,0.0204
4,S2C,2,11.7006,0.0,0,20.48,0.0435
4,E2C,2,13.5912,0.0,0,17.63,0.0163
4,W2C,2,12.8103,0.0,0,18.7,0.0275
5,N2C,2,13.8397,0.0,0,17.31,0.0127
5,S2C,2,11.4965,0.0,0,20.84,0.0465
5,E2C,2,13.5015,0.0,0,17.75,0.0176
5,W2C,2,11.8417,0.0,0,20.23,0.0415
6,N2C,2,13.7659,0.0,0,17.41,0.0138
6,S2C,2,11.3509,0.0,0,21.11,0.0486
6,E2C,2,13.4933,0.0,0,17.76,0.0177
6,W2C,2,12.137,0.0,0,19.74,0.0372
7,N2C,3,13.0955,0.0,0,18.3,0.0294
7,S2C,3,11.7712,0.0,0,20.35,0.0485
7,E2C,3,13.228,0.0,0,18.11,0.0275
7,W2C,3,12.6465,0.0,0,18.95,0.0359
8,N2C,3,12.9141,0.0,0,18.55,0.0321
8,S2C,3,11.6426,0.0,0,20.58,0.0504
8,E2C,3,13.2777,0.0,0,18.05,0.0268
8,W2C,3,12.4174,0.0,0,19.3,0.0392
9,N2C,3,12.9428,0.0,0,18.51,0.0316
9,S2C,3,11.6984,0.0,0,20.48,0.0496
9,E2C,3,13.1907,0.0,0,18.16,0.0281
9,W2C,3,12.5114,0.0,0,19.15,0.0379
10,N2C,4,13.1022,0.0,0,18.29,0.0353
10,S2C,4,12.1721,0.0,0,19.68,0.0487
10,E2C,4,13.4136,0.0,0,17.86,0.0309
10,W2C,4,12.7493,0.0,0,18.79,0.0404
11,N2C,4,13.2923,0.0,0,18.03,0.0326
11,S2C,4,12.1365,0.0,0,19.74,0.0492
11,E2C,4,13.1018,0.0,0,18.29,0.0353
11,W2C,4,12.8211,0.0,0,18.69,0.0394
12,N2C,4,13.1697,0.0,0,18.19,0.0344
12,S2C,4,12.0191,0.0,0,19.93,0.0509
12,E2C,4,13.2695,0.0,0,18.06,0.0329
12,W2C,4,12.5545,0.0,0,19.08,0.0432
13,N2C,5,13.0501,0.0,0,18.36,0.0421
13,S2C,5,12.3698,0.0,0,19.37,0.0519
13,E2C,5,12.8839,0.0,0,18.6,0.0445
13,W2C,5,12.7819,0.0,0,18.75,0.046
14,N2C,5,12.6391,0.0,0,18.96,0.048
14,S2C,5,12.1902,0.0,0,19.66,0.0545
14,E2C,5,12.7945,0.0,0,18.73,0.0458
14,W2C,5,12.7435,0.0,0,18.8,0.0465
15,N2C,5,12.7631,0.0,0,18.77,0.0462
15,S2C,5,12.0376,0.0,0,19.9,0.0567
15,E2C,5,13.0836,0.0,0,18.31,0.0416
15,W2C,5,12.5325,0.0,0,19.12,0.0495
16,N2C,6,12.8515,0.0,0,18.64,0.051
16,S2C,6,12.1842,0.0,0,19.66,0.0606
16,E2C,6,13.1949,0.0,0,18.16,0.046
16,W2C,6,12.7773,0.0,0,18.75,0.052
17,N2C,6,12.8486,0.0,0,18.65,0.051
17,S2C,6,12.0628,0.0,0,19.86,0.0623
17,E2C,6,13.2584,0.0,0,18.07,0.0451
17,W2C,6,12.6728,0.0,0,18.91,0.0535
18,N2C,6,13.1108,0.0,0,18.27,0.0472
18,S2C,6,12.1721,0.0,0,19.68,0.0607
18,E2C,6,12.6235,0.0,0,18.98,0.0542
18,W2C,6,12.1959,0.0,0,19.65,0.0604
19,N2C,6,12.5177,0.0,0,19.14,0.0558
19,S2C,7,12.0472,0.0,0,19.89,0.0685
19,E2C,7,12.1832,0.0,0,19.67,0.0666
19,W2C,7,12.0224,0.0,0,19.93,0.0689
20,N2C,6,12.2544,0.0,0,19.55,0.0596
20,S2C,7,12.1353,0.0,0,19.74,0.0673
20,E2C,7,11.2937,0.0,0,21.22,0.0794
20,W2C,7,11.0138,0.0,0,21.75,0.0834
21,N2C,6,12.4546,0.0,0,19.24,0.0567
21,S2C,6,12.1922,0.0,0,19.65,0.0604
21,E2C,7,10.7238,0.0,0,22.34,0.0876
21,W2C,7,10.6632,0.0,0,22.47,0.0885
22,N2C,6,12.6376,0.0,0,18.96,0.054
22,S2C,7,12.0115,0.0,0,19.95,0.069
22,E2C,8,10.5263,1.0,1,22.76,0.1031
22,W2C,8,11.0039,1.0,1,21.77,0.0962
23,N2C,6,12.2877,0.0,0,19.5,0.0591
23,S2C,7,12.0701,0.0,0,19.85,0.0682
23,E2C,8,9.8654,2.0,1,24.29,0.1133
23,W2C,8,11.1578,2.0,1,21.47,0.0947
24,N2C,6,12.4358,0.0,0,19.27,0.0569
24,S2C,7,12.1222,0.0,0,19.77,0.0675
24,E2C,8,9.2693,3.0,1,25.85,0.1225
24,W2C,8,10.1623,3.0,1,23.58,0.1097
25,N2C,7,12.8382,0.0,0,18.66,0.0571
25,S2C,8,12.3261,0.0,0,19.44,0.0705
25,E2C,9,9.3688,5.0,2,25.57,0.1344
25,W2C,9,9.5745,4.0,1,25.02,0.1248
26,N2C,7,12.6205,0.0,0,18.98,0.0603
26,S2C,7,12.5914,0.0,0,19.03,0.0607
26,E2C,9,8.5987,7.0,2,27.86,0.1469
26,W2C,9,8.3551,5.0,1,28.68,0.143
27,N2C,6,12.6243,0.0,0,18.98,0.0542
27,S2C,7,12.4383,0.0,0,19.26,0.0629
27,E2C,9,7.9387,9.0,2,30.18,0.1577
27,W2C,9,8.2675,6.0,1,28.98,0.145
28,N2C,6,12.712,0.0,0,18.85,0.053
28,S2C,6,12.5668,0.0,0,19.07,0.0551
28,E2C,10,8.378,12.0,3,28.6,0.1654
28,W2C,10,8.2532,9.0,3,29.03,0.1652
29,N2C,6,12.6325,0.0,0,18.97,0.0541
29,S2C,6,12.8113,0.0,0,18.7,0.0515
29,E2C,10,7.8396,15.0,3,30.56,0.1751
29,W2C,10,8.3455,12.0,3,28.71,0.1658
30,N2C,6,12.2312,0.0,0,19.59,0.0599
30,S2C,6,12.6881,0.0,0,18.88,0.0533
30,E2C,10,7.4666,18.0,3,32.09,0.1825
30,W2C,10,7.4799,15.0,3,32.03,0.1803
31,N2C,7,12.4302,0.0,0,19.28,0.063
31,S2C,7,12.4601,0.0,0,19.23,0.0626
31,E2C,11,7.8432,21.0,3,30.55,0.1851
31,W2C,11,7.4283,18.0,3,32.26,0.189
32,N2C,7,12.6472,0.0,0,18.94,0.0599
32,S2C,7,11.8858,0.0,0,20.16,0.0709
32,E2C,11,7.3761,25.0,4,32.48,0.2005
32,W2C,11,6.9568,22.0,4,34.44,0.2045
33,N2C,7,11.9485,0.0,0,20.05,0.07
33,S2C,7,11.1015,0.0,0,21.58,0.0822
33,E2C,11,6.8291,29.0,4,35.08,0.211
33,W2C,11,6.7933,27.0,5,35.27,0.2162
34,N2C,8,10.9824,0.0,0,21.82,0.0899
34,S2C,8,10.4371,1.0,1,22.96,0.1044
34,E2C,10,8.3892,11.0,3,28.56,0.1645
34,W2C,10,8.598,12.0,3,27.87,0.1622
35,N2C,8,10.2863,0.0,0,23.29,0.0999
35,S2C,8,9.7794,2.0,1,24.5,0.1145
35,E2C,10,8.0878,2.0,1,29.62,0.1509
35,W2C,10,8.6561,3.0,1,27.68,0.1434
36,N2C,8,9.5049,1.0,1,25.21,0.1178
36,S2C,8,9.4685,3.0,1,25.3,0.1197
36,E2C,10,8.6011,0.0,0,27.86,0.1362
36,W2C,10,8.216,0.0,0,29.16,0.1417
37,N2C,9,9.9208,3.0,2,24.15,0.1252
37,S2C,9,9.6844,4.0,1,24.74,0.1232
37,E2C,9,9.9278,0.0,0,24.13,0.1111
37,W2C,9,9.775,0.0,0,24.51,0.1133
38,N2C,9,9.7479,5.0,2,24.58,0.129
38,S2C,9,9.5794,5.0,1,25.01,0.1254
38,E2C,9,9.6383,0.0,0,24.86,0.1152
38,W2C,9,9.5849,0.0,0,25.0,0.116
39,N2C,9,9.3465,7.0,2,25.64,0.1361
39,S2C,9,9.061,7.0,2,26.44,0.1402
39,E2C,9,9.7181,0.0,0,24.65,0.1141
39,W2C,8,10.3076,0.0,0,23.24,0.0996
40,N2C,10,8.9072,9.0,2,26.9,0.1497
40,S2C,10,9.0656,9.0,2,26.43,0.1475
40,E2C,8,11.4134,0.0,0,20.99,0.0837
40,W2C,8,11.4966,0.0,0,20.84,0.0825
41,N2C,10,7.5544,11.0,2,31.72,0.1706
41,S2C,10,8.1293,11.0,2,29.47,0.1623
41,E2C,8,11.5908,0.0,0,20.67,0.0811
41,W2C,7,11.7389,0.0,0,20.41,0.073
42,N2C,10,7.1338,13.0,2,33.59,0.1779
42,S2C,10,7.184,13.0,2,33.35,0.1772
42,E2C,6,12.2843,0.0,0,19.5,0.0591
42,W2C,6,12.5437,0.0,0,19.1,0.0554
43,N2C,11,7.1582,17.0,4,33.47,0.1983
43,S2C,11,7.296,17.0,4,32.84,0.1963
43,E2C,7,12.8564,0.0,0,18.64,0.0569
43,W2C,7,12.4826,0.0,0,19.19,0.0623
44,N2C,11,6.9792,21.0,4,34.33,0.2035
44,S2C,11,6.7644,21.0,4,35.42,0.2066
44,E2C,6,12.9978,0.0,0,18.43,0.0488
44,W2C,6,12.9384,0.0,0,18.52,0.0497
45,N2C,11,6.6518,26.0,5,36.02,0.2176
45,S2C,11,6.5251,26.0,5,36.72,0.2194
45,E2C,6,12.9929,0.0,0,18.44,0.0489
45,W2C,6,12.5935,0.0,0,19.03,0.0547
46,N2C,12,6.899,31.0,5,34.73,0.2233
46,S2C,12,6.7919,31.0,5,35.28,0.2249
46,E2C,6,13.2549,0.0,0,18.08,0.0451
46,W2C,7,12.7655,0.0,0,18.77,0.0582
47,N2C,12,5.9581,36.0,5,40.21,0.2402
47,S2C,12,6.2481,37.0,6,38.35,0.2427
47,E2C,6,12.82,0.0,0,18.69,0.0514
47,W2C,7,12.8146,0.0,0,18.7,0.0575
48,N2C,12,5.759,42.0,6,41.6,0.2531
48,S2C,12,5.9926,43.0,6,39.98,0.2504
48,E2C,6,13.0063,0.0,0,18.42,0.0487
48,W2C,6,12.7626,0.0,0,18.77,0.0522
49,N2C,13,5.7551,48.0,6,41.63,0.2631
49,S2C,13,6.309,49.0,6,37.98,0.2558
49,E2C,6,12.6799,0.0,0,18.9,0.0534
49,W2C,6,12.8959,0.0,0,18.58,0.0503
50,N2C,13,5.4331,54.0,6,44.1,0.2718
50,S2C,13,5.7233,55.0,6,41.86,0.2683
50,E2C,6,12.9471,0.0,0,18.51,0.0496
50,W2C,6,12.5702,0.0,0,19.06,0.055
51,N2C,13,5.091,61.0,7,47.06,0.2874
51,S2C,13,5.3027,61.0,6,45.18,0.2783
51,E2C,6,12.5433,0.0,0,19.1,0.0554
51,W2C,6,12.9685,0.0,0,18.48,0.0493
52,N2C,14,5.503,68.0,7,43.54,0.2921
52,S2C,14,5.5578,68.0,7,43.11,0.2913
52,E2C,6,12.5657,0.0,0,19.07,0.0551
52,W2C,7,13.0119,0.0,0,18.41,0.0546
53,N2C,14,5.3421,76.0,8,44.85,0.3057
53,S2C,14,5.4485,76.0,8,43.98,0.3042
53,E2C,6,12.5871,0.0,0,19.04,0.0548
53,W2C,7,12.5996,0.0,0,19.02,0.0606
54,N2C,14,5.3171,84.0,8,45.06,0.3114
54,S2C,14,5.3159,84.0,8,45.07,0.3115
54,E2C,6,12.3996,0.0,0,19.32,0.0575
54,W2C,6,12.9791,0.0,0,18.46,0.0491
55,N2C,15,5.5154,92.0,8,43.44,0.3199
55,S2C,15,5.699,92.0,8,42.04,0.3173
55,E2C,7,12.8328,0.0,0,18.67,0.0572
55,W2C,6,12.9754,0.0,0,18.47,0.0492
56,N2C,15,4.8963,100.0,8,48.94,0.3342
56,S2C,15,5.1369,100.0,8,46.64,0.3307
56,E2C,7,12.7437,0.0,0,18.8,0.0585
56,W2C,6,12.6977,0.0,0,18.87,0.0532
57,N2C,15,4.4874,108.0,8,53.39,0.3454
57,S2C,15,4.5394,108.0,8,52.78,0.3446
57,E2C,7,12.7312,0.0,0,18.82,0.0587
57,W2C,6,12.8151,0.0,0,18.7,0.0515
58,N2C,16,4.7972,117.0,9,49.95,0.3589
58,S2C,16,4.6553,116.0,8,51.47,0.3543
58,E2C,7,12.8062,0.0,0,18.71,0.0576
58,W2C,6,13.1973,0.0,0,18.16,0.046
59,N2C,16,4.7934,127.0,10,49.99,0.3716
59,S2C,16,4.3046,126.0,10,55.66,0.378
59,E2C,6,13.0135,0.0,0,18.41,0.0486
59,W2C,6,13.0251,0.0,0,18.4,0.0485
60,N2C,16,4.4454,137.0,10,53.9,0.3833
60,S2C,16,4.051,136.0,10,59.15,0.3883
60,E2C,6,12.8293,0.0,0,18.68,0.0513
60,W2C,6,12.6584,0.0,0,18.93,0.0537
61,N2C,17,4.5481,147.0,10,52.68,0.3945
61,S2C,17,4.3093,146.0,10,55.6,0.3973
61,E2C,6,13.177,0.0,0,18.18,0.0463
61,W2C,7,12.731,0.0,0,18.82,0.0587
62,N2C,17,4.1122,157.0,10,58.27,0.4075
62,S2C,17,3.9385,157.0,11,60.84,0.416
62,E2C,6,12.7371,0.0,0,18.81,0.0526
62,W2C,6,12.9157,0.0,0,18.55,0.05
63,N2C,17,3.8296,168.0,11,62.56,0.4249
63,S2C,17,3.7987,169.0,12,63.07,0.432
63,E2C,6,12.7433,0.0,0,18.8,0.0525
63,W2C,6,12.7917,0.0,0,18.73,0.0518
64,N2C,18,4.1703,179.0,11,57.45,0.4333
64,S2C,18,4.2656,181.0,12,56.17,0.4392
64,E2C,6,12.9403,0.0,0,18.52,0.0497
64,W2C,6,12.9543,0.0,0,18.5,0.0495
65,N2C,18,3.966,191.0,12,60.41,0.4502
65,S2C,18,4.2331,193.0,12,56.6,0.4477
65,E2C,6,13.1497,0.0,0,18.22,0.0467
65,W2C,6,12.8812,0.0,0,18.6,0.0505
66,N2C,18,3.6439,203.0,12,65.75,0.4629
66,S2C,18,3.8349,205.0,12,62.48,0.4614
66,E2C,6,12.9096,0.0,0,18.56,0.0501
66,W2C,6,12.869,0.0,0,18.62,0.0507
67,N2C,17,4.231,152.0,10,56.63,0.4024
67,S2C,17,4.3053,154.0,10,55.65,0.4027
67,E2C,7,12.938,0.0,0,18.52,0.0557
67,W2C,7,12.7348,0.0,0,18.81,0.0586
68,N2C,17,4.2771,111.0,9,56.02,0.3684
68,S2C,17,4.0615,112.0,8,58.99,0.3662
68,E2C,7,12.667,0.0,0,18.92,0.0596
68,W2C,7,12.092,0.0,0,19.81,0.0679
69,N2C,17,4.4016,74.0,8,54.43,0.336
69,S2C,17,4.1096,72.0,6,58.3,0.3268
69,E2C,7,11.9284,0.0,0,20.09,0.0702
69,W2C,7,11.8008,0.0,0,20.3,0.0721
70,N2C,16,5.0691,44.0,6,47.27,0.2883
70,S2C,17,4.7233,42.0,5,50.73,0.292
70,E2C,8,11.321,0.0,0,21.16,0.085
70,W2C,8,11.3545,0.0,0,21.1,0.0845
71,N2C,16,5.4007,23.0,4,44.36,0.2576
71,S2C,16,4.9774,22.0,4,48.14,0.263
71,E2C,8,10.2509,0.0,0,23.37,0.1004
71,W2C,8,10.2814,1.0,1,23.3,0.1066
72,N2C,14,5.4871,9.0,2,43.67,0.223
72,S2C,15,5.2577,5.0,2,45.57,0.2296
72,E2C,8,9.8388,1.0,1,24.35,0.113
72,W2C,8,9.6289,2.0,1,24.88,0.1167
73,N2C,15,6.1853,0.0,0,38.74,0.2009
73,S2C,15,6.1349,0.0,0,39.06,0.2017
73,E2C,9,9.809,2.0,1,24.43,0.1201
73,W2C,9,9.3032,4.0,2,25.75,0.1347
74,N2C,15,6.414,0.0,0,37.36,0.1976
74,S2C,14,6.4304,0.0,0,37.26,0.1914
74,E2C,9,9.2209,4.0,2,25.98,0.1359
74,W2C,9,8.5775,6.0,2,27.93,0.1465
75,N2C,13,6.9344,0.0,0,34.55,0.1782
75,S2C,13,6.7908,0.0,0,35.28,0.1802
75,E2C,9,8.2789,6.0,2,28.94,0.1508
75,W2C,9,7.9734,8.0,2,30.05,0.1565
76,N2C,14,7.8264,0.0,0,30.61,0.1713
76,S2C,14,7.9337,0.0,0,30.2,0.1698
76,E2C,10,8.3909,9.0,3,28.55,0.1632
76,W2C,10,8.1798,11.0,3,29.29,0.1676
77,N2C,12,8.4734,0.0,0,28.28,0.15
77,S2C,12,8.2667,0.0,0,28.98,0.153
77,E2C,10,7.6872,12.0,3,31.17,0.1753
77,W2C,10,7.8786,14.0,3,30.41,0.1739
78,N2C,12,9.196,0.0,0,26.05,0.1396
78,S2C,11,9.1679,0.0,0,26.13,0.134
78,E2C,10,7.288,15.0,3,32.88,0.1831
78,W2C,10,7.2927,17.0,3,32.85,0.1843
79,N2C,11,9.8771,0.0,0,24.26,0.1238
79,S2C,11,9.8772,0.0,0,24.26,0.1238
79,E2C,11,7.5614,19.0,4,31.69,0.1938
79,W2C,11,7.5382,20.0,3,31.78,0.1888
80,N2C,10,10.5254,0.0,0,22.76,0.1084
80,S2C,10,10.437,0.0,0,22.96,0.1097
80,E2C,11,7.0244,23.0,4,34.11,0.2042
80,W2C,11,7.1036,24.0,4,33.73,0.2037
81,N2C,9,10.81,0.0,0,22.16,0.0983
81,S2C,9,11.5109,0.0,0,20.82,0.0883
81,E2C,11,6.6011,28.0,5,36.3,0.2196
81,W2C,11,6.3955,28.0,4,37.46,0.2166
82,N2C,8,12.293,0.0,0,19.49,0.071
82,S2C,9,12.1125,0.0,0,19.78,0.0796
82,E2C,12,6.7853,33.0,5,35.31,0.2263
82,W2C,12,6.6511,32.0,4,36.02,0.2216
83,N2C,8,12.2453,0.0,0,19.57,0.0717
83,S2C,8,12.3797,0.0,0,19.35,0.0697
83,E2C,12,6.1084,39.0,6,39.22,0.246
83,W2C,12,6.2513,38.0,6,38.33,0.2433
84,N2C,6,12.4738,0.0,0,19.21,0.0564
84,S2C,7,12.4635,0.0,0,19.22,0.0625
84,E2C,12,5.8936,45.0,6,40.65,0.2531
84,W2C,12,6.2876,44.0,6,38.11,0.2468
85,N2C,7,12.9158,0.0,0,18.55,0.056
85,S2C,7,13.0923,0.0,0,18.3,0.0535
85,E2C,13,6.3019,51.0,6,38.02,0.2573
85,W2C,13,6.4679,50.0,6,37.04,0.2542
86,N2C,6,12.3411,0.0,0,19.41,0.0583
86,S2C,6,12.8871,0.0,0,18.59,0.0504
86,E2C,13,5.6948,58.0,7,42.07,0.2767
86,W2C,13,5.7829,56.0,6,41.43,0.2681
87,N2C,6,12.4436,0.0,0,19.25,0.0568
87,S2C,6,12.4682,0.0,0,19.22,0.0565
87,E2C,13,5.2481,65.0,7,45.65,0.2878
87,W2C,13,5.2323,62.0,6,45.79,0.28
88,N2C,7,12.7784,0.0,0,18.75,0.058
88,S2C,7,12.8353,0.0,0,18.67,0.0572
88,E2C,14,5.6001,72.0,7,42.78,0.2934
88,W2C,14,5.4162,69.0,7,44.24,0.294
89,N2C,7,12.7342,0.0,0,18.82,0.0586
89,S2C,7,13.004,0.0,0,18.43,0.0548
89,E2C,14,5.0361,80.0,8,47.58,0.3128
89,W2C,14,4.9207,77.0,8,48.69,0.3125
90,N2C,7,12.99,0.0,0,18.44,0.055
90,S2C,6,12.5899,0.0,0,19.03,0.0547
90,E2C,14,4.6834,88.0,8,51.16,0.3232
90,W2C,14,4.7579,85.0,8,50.36,0.3202
91,N2C,7,12.7788,0.0,0,18.75,0.058
91,S2C,7,13.0133,0.0,0,18.41,0.0546
91,E2C,15,5.19,96.0,8,46.17,0.3273
91,W2C,15,5.1265,93.0,8,46.74,0.3262
92,N2C,6,12.9969,0.0,0,18.44,0.0489
92,S2C,7,12.6972,0.0,0,18.87,0.0592
92,E2C,15,4.8512,105.0,9,49.39,0.3441
92,W2C,15,4.9239,102.0,9,48.66,0.3411
93,N2C,6,12.946,0.0,0,18.51,0.0496
93,S2C,6,13.1326,0.0,0,18.24,0.0469
93,E2C,15,4.6383,114.0,9,51.66,0.3532
93,W2C,15,4.6641,111.0,9,51.37,0.3508
94,N2C,6,13.055,0.0,0,18.35,0.048
94,S2C,7,12.9592,0.0,0,18.49,0.0554
94,E2C,16,4.6858,123.0,9,51.13,0.3645
94,W2C,16,4.5289,120.0,9,52.91,0.3648
95,N2C,6,12.7493,0.0,0,18.79,0.0524
95,S2C,6,12.8147,0.0,0,18.7,0.0515
95,E2C,16,4.358,132.0,9,54.98,0.3752
95,W2C,16,4.1504,129.0,9,57.73,0.3762
96,N2C,6,12.9434,0.0,0,18.51,0.0496
96,S2C,6,13.1323,0.0,0,18.25,0.0469
96,E2C,16,4.1464,142.0,10,57.79,0.391
96,W2C,16,3.9395,139.0,10,60.82,0.3919
97,N2C,7,13.1353,0.0,0,18.24,0.0529
97,S2C,6,13.4143,0.0,0,17.86,0.0428
97,E2C,17,4.6564,152.0,10,51.46,0.3963
97,W2C,17,4.4095,149.0,10,54.34,0.3978
98,N2C,7,13.0787,0.0,0,18.32,0.0537
98,S2C,6,13.4139,0.0,0,17.86,0.0429
98,E2C,17,4.2481,163.0,11,56.4,0.4155
98,W2C,17,4.373,160.0,11,54.79,0.4117
99,N2C,7,11.9573,0.0,0,20.04,0.0698
99,S2C,6,13.2052,0.0,0,18.14,0.0459
99,E2C,17,4.1053,174.0,11,58.36,0.4249
99,W2C,17,4.2403,171.0,11,56.51,0.4209
100,N2C,8,11.14,0.0,0,21.51,0.0876
100,S2C,7,12.8246,0.0,0,18.68,0.0573
100,E2C,16,4.7544,129.0,9,50.4,0.3675
100,W2C,16,5.1416,124.0,9,46.6,0.3586
101,N2C,8,10.0721,1.0,1,23.79,0.1096
101,S2C,7,11.8407,0.0,0,20.24,0.0715
101,E2C,16,4.5166,89.0,7,53.05,0.3323
101,W2C,16,4.7518,85.0,7,50.42,0.3262
102,N2C,8,9.1386,2.0,1,26.22,0.1237
102,S2C,7,11.4578,0.0,0,20.91,0.077
102,E2C,16,4.5492,55.0,6,52.67,0.3032
102,W2C,16,4.4252,52.0,5,54.14,0.2969
103,N2C,9,9.1441,3.0,1,26.2,0.1303
103,S2C,8,10.8837,0.0,0,22.01,0.0913
103,E2C,16,5.3246,28.0,4,45.0,0.262
103,W2C,15,5.1575,27.0,4,46.46,0.2577
104,N2C,9,8.7842,5.0,2,27.28,0.1429
104,S2C,8,10.2488,0.0,0,23.38,0.1004
104,E2C,15,5.4704,11.0,3,43.8,0.2366
104,W2C,15,5.1981,10.0,3,46.09,0.2398
105,N2C,9,8.2369,7.0,2,29.09,0.1521
105,S2C,8,9.417,1.0,1,25.44,0.1191
105,E2C,15,5.5361,3.0,2,43.28,0.2243
105,W2C,14,5.4147,2.0,1,44.25,0.2134
106,N2C,10,8.2764,10.0,3,28.95,0.1655
106,S2C,9,9.5395,3.0,2,25.12,0.1306
106,E2C,14,6.5576,0.0,0,36.54,0.1896
106,W2C,14,6.3624,0.0,0,37.66,0.1924
107,N2C,10,7.7536,13.0,3,30.9,0.175
107,S2C,9,8.9386,5.0,2,26.81,0.1406
107,E2C,14,7.0116,0.0,0,34.17,0.183
107,W2C,14,6.8806,0.0,0,34.82,0.1849
108,N2C,10,7.7192,16.0,3,31.04,0.1775
108,S2C,9,8.4508,7.0,2,28.35,0.149
108,E2C,12,7.443,0.0,0,32.19,0.1648
108,W2C,12,7.7391,0.0,0,30.96,0.1606
109,N2C,11,7.6371,20.0,4,31.37,0.1934
109,S2C,10,8.6444,9.0,2,27.72,0.1535
109,E2C,13,8.4055,0.0,0,28.51,0.157
109,W2C,12,9.1128,0.0,0,26.29,0.1408
110,N2C,11,6.8435,24.0,4,35.01,0.2075
110,S2C,10,7.9236,12.0,3,30.24,0.1719
110,E2C,11,8.9427,0.0,0,26.79,0.1372
110,W2C,11,9.7625,0.0,0,24.54,0.1254
111,N2C,11,6.3867,29.0,5,37.52,0.2234
111,S2C,10,7.2676,15.0,3,32.97,0.1834
111,E2C,11,9.7676,0.0,0,24.53,0.1254
111,W2C,10,10.2112,0.0,0,23.46,0.113
112,N2C,12,6.5966,34.0,5,36.32,0.2297
112,S2C,11,7.4781,18.0,3,32.04,0.1883
112,E2C,10,10.5773,0.0,0,22.65,0.1077
112,W2C,10,11.3497,0.0,0,21.11,0.0966
113,N2C,12,5.8386,39.0,5,41.04,0.2439
113,S2C,11,7.0637,22.0,4,33.92,0.203
113,E2C,10,11.1014,0.0,0,21.58,0.1002
113,W2C,9,11.8766,0.0,0,20.17,0.083
114,N2C,12,5.5609,44.0,5,43.09,0.2513
114,S2C,11,6.6096,26.0,4,36.25,0.2122
114,E2C,8,11.9713,0.0,0,20.01,0.0756
114,W2C,8,12.2489,0.0,0,19.56,0.0716
115,N2C,13,5.9425,49.0,5,40.32,0.2551
115,S2C,12,6.9647,31.0,5,34.4,0.2224
115,E2C,7,12.5575,0.0,0,19.08,0.0612
115,W2C,8,12.536,0.0,0,19.11,0.0675
116,N2C,13,5.613,56.0,7,42.69,0.2765
116,S2C,12,6.1795,37.0,6,38.77,0.2437
116,E2C,7,12.7105,0.0,0,18.85,0.059
116,W2C,7,13.0774,0.0,0,18.32,0.0537
117,N2C,13,5.2837,63.0,7,45.35,0.2859
117,S2C,12,5.7678,43.0,6,41.54,0.2536
117,E2C,6,12.7761,0.0,0,18.75,0.052
117,W2C,6,12.9061,0.0,0,18.56,0.0502
118,N2C,14,5.4984,70.0,7,43.58,0.2935
118,S2C,13,6.3201,49.0,6,37.91,0.2557
118,E2C,6,12.3428,0.0,0,19.41,0.0583
118,W2C,7,13.0635,0.0,0,18.34,0.0539
119,N2C,14,4.9427,78.0,8,48.48,0.3128
119,S2C,13,5.696,55.0,6,42.06,0.2687
119,E2C,6,12.7073,0.0,0,18.86,0.053
119,W2C,6,13.1907,0.0,0,18.16,0.0461
120,N2C,14,4.5929,86.0,8,52.17,0.3232
120,S2C,13,5.4753,62.0,7,43.76,0.2825
120,E2C,6,12.5857,0.0,0,19.04,0.0548
120,W2C,6,13.2235,0.0,0,18.12,0.0456
121,N2C,15,4.8445,94.0,8,49.46,0.3309
121,S2C,14,5.5625,69.0,7,43.07,0.2919
121,E2C,6,12.7907,0.0,0,18.73,0.0518
121,W2C,7,13.1667,0.0,0,18.2,0.0524
122,N2C,15,4.4771,102.0,8,53.52,0.3415
122,S2C,14,5.2451,76.0,7,45.68,0.3011
122,E2C,6,12.6203,0.0,0,18.99,0.0543
122,W2C,6,12.9413,0.0,0,18.51,0.0497
123,N2C,15,4.2286,111.0,9,56.66,0.3571
123,S2C,14,4.908,84.0,8,48.82,0.3173
123,E2C,6,12.4408,0.0,0,19.26,0.0569
123,W2C,6,13.2905,0.0,0,18.03,0.0446
124,N2C,16,4.5317,120.0,9,52.87,0.3647
124,S2C,15,4.9853,92.0,8,48.06,0.3276
124,E2C,7,12.8712,0.0,0,18.62,0.0567
124,W2C,6,13.328,0.0,0,17.98,0.0441
125,N2C,16,4.5987,129.0,9,52.1,0.3698
125,S2C,15,4.701,101.0,9,50.97,0.3436
125,E2C,7,12.3696,0.0,0,19.37,0.0639
125,W2C,6,13.1291,0.0,0,18.25,0.047
126,N2C,16,4.7035,139.0,10,50.94,0.3809
126,S2C,15,4.3657,110.0,9,54.88,0.3545
126,E2C,6,12.556,0.0,0,19.08,0.0552
126,W2C,6,13.2448,0.0,0,18.09,0.0453
127,N2C,17,4.9876,149.0,10,48.04,0.3895
127,S2C,16,4.5391,119.0,9,52.79,0.364
127,E2C,7,13.1168,0.0,0,18.27,0.0531
127,W2C,6,13.3378,0.0,0,17.96,0.044
128,N2C,17,4.5479,159.0,10,52.68,0.4025
128,S2C,16,4.1735,129.0,10,57.41,0.3819
128,E2C,7,12.7638,0.0,0,18.77,0.0582
128,W2C,6,13.035,0.0,0,18.38,0.0483
129,N2C,17,4.1974,169.0,10,57.08,0.4142
129,S2C,16,4.017,139.0,10,59.65,0.3908
129,E2C,7,12.9875,0.0,0,18.45,0.055
129,W2C,6,12.9959,0.0,0,18.44,0.0489
130,N2C,18,4.22,179.0,10,56.78,0.4266
130,S2C,17,4.6086,150.0,11,51.99,0.4016
130,E2C,7,12.4682,0.0,0,19.22,0.0625
130,W2C,6,12.9447,0.0,0,18.51,0.0496
131,N2C,18,3.8217,189.0,10,62.69,0.439
131,S2C,17,4.2898,161.0,11,55.85,0.4136
131,E2C,7,11.6893,0.0,0,20.5,0.0737
131,W2C,6,13.024,0.0,0,18.4,0.0485
132,N2C,18,3.3249,200.0,11,72.06,0.4595
132,S2C,17,3.7984,172.0,11,63.08,0.428
132,E2C,7,10.8992,0.0,0,21.98,0.0851
132,W2C,6,12.2769,0.0,0,19.52,0.0592
133,N2C,17,4.0583,149.0,10,59.04,0.4029
133,S2C,16,4.4944,126.0,9,53.31,0.3693
133,E2C,8,10.6993,0.0,0,22.39,0.0939
133,W2C,7,12.307,0.0,0,19.47,0.0648
134,N2C,17,3.9321,105.0,9,60.93,0.3694
134,S2C,16,4.3959,88.0,7,54.51,0.3334
134,E2C,8,9.903,1.0,1,24.19,0.1121
134,W2C,7,11.4691,0.0,0,20.89,0.0769
135,N2C,17,4.3812,69.0,7,54.69,0.3269
135,S2C,16,4.3623,56.0,7,54.92,0.3125
135,E2C,8,9.7885,2.0,1,24.48,0.1144
135,W2C,7,10.7717,0.0,0,22.24,0.0869
136,N2C,16,5.3426,38.0,6,44.85,0.2804
136,S2C,15,5.2063,32.0,5,46.02,0.2664
136,E2C,9,10.0943,4.0,2,23.74,0.1233
136,W2C,8,10.5583,1.0,1,22.69,0.1026
137,N2C,16,5.7283,17.0,4,41.83,0.2489
137,S2C,15,5.4113,14.0,3,44.28,0.2394
137,E2C,9,9.1745,6.0,2,26.12,0.1379
137,W2C,8,9.9668,2.0,1,24.04,0.1118
138,N2C,14,5.6469,8.0,2,42.43,0.22
138,S2C,14,5.8395,4.0,1,41.03,0.2086
138,E2C,9,8.55,8.0,2,28.02,0.1482
138,W2C,8,9.1786,3.0,1,26.1,0.1238
139,N2C,15,6.3951,4.0,1,37.47,0.2066
139,S2C,14,6.9813,0.0,0,34.32,0.1835
139,E2C,10,8.5987,10.0,2,27.86,0.1549
139,W2C,9,8.9149,5.0,2,26.88,0.141
140,N2C,14,6.7716,0.0,0,35.38,0.1865
140,S2C,13,7.4653,0.0,0,32.1,0.1705
140,E2C,10,7.9576,13.0,3,30.11,0.1721
140,W2C,9,8.5761,7.0,2,27.94,0.1472
141,N2C,13,7.1296,0.0,0,33.61,0.1753
141,S2C,12,7.7167,0.0,0,31.05,0.1609
141,E2C,10,7.2818,17.0,4,32.9,0.1905
141,W2C,9,7.989,10.0,3,29.99,0.1636
142,N2C,13,7.9777,0.0,0,30.03,0.1631
142,S2C,12,8.7996,0.0,0,27.23,0.1453
142,E2C,11,7.3532,21.0,4,32.58,0.1981
142,W2C,10,7.9353,13.0,3,30.19,0.1724
143,N2C,12,8.6777,0.0,0,27.61,0.1471
143,S2C,11,9.099,0.0,0,26.33,0.135
143,E2C,11,6.8134,25.0,4,35.17,0.2086
143,W2C,10,7.324,16.0,3,32.71,0.1832
144,N2C,11,9.3956,0.0,0,25.5,0.1307
144,S2C,10,9.7451,0.0,0,24.59,0.1197
144,E2C,11,6.3941,29.0,4,37.47,0.2173
144,W2C,10,7.3536,20.0,4,32.58,0.1915
145,N2C,11,10.4951,0.0,0,22.83,0.1149
145,S2C,10,10.6952,0.0,0,22.4,0.106
145,E2C,12,6.7173,33.0,4,35.67,0.2213
145,W2C,11,7.739,24.0,4,30.96,0.1946
146,N2C,10,10.917,0.0,0,21.95,0.1028
146,S2C,9,11.3752,0.0,0,21.06,0.0902
146,E2C,12,6.3495,38.0,5,37.74,0.2359
146,W2C,11,7.3606,28.0,4,32.55,0.2027
147,N2C,9,11.1407,0.0,0,21.51,0.0936
147,S2C,8,11.7069,0.0,0,20.47,0.0794
147,E2C,12,6.1595,44.0,6,38.9,0.2486
147,W2C,11,7.0051,32.0,4,34.2,0.2105
148,N2C,9,12.2486,0.0,0,19.56,0.0776
148,S2C,8,11.8853,0.0,0,20.16,0.0769
148,E2C,13,6.3379,50.0,6,37.8,0.2561
148,W2C,12,6.7681,36.0,4,35.4,0.2225
149,N2C,8,12.4183,0.0,0,19.29,0.0692
149,S2C,7,12.6488,0.0,0,18.94,0.0599
149,E2C,13,5.8285,56.0,6,41.11,0.2674
149,W2C,12,5.9936,40.0,4,39.98,0.2364
150,N2C,6,13.0911,0.0,0,18.3,0.0475
150,S2C,6,12.7996,0.0,0,18.72,0.0517
150,E2C,13,5.3985,63.0,7,44.38,0.2843
150,W2C,12,5.3781,45.0,5,44.55,0.2546
151,N2C,7,12.8659,0.0,0,18.62,0.0567
151,S2C,6,12.7051,0.0,0,18.86,0.0531
151,E2C,14,5.6433,70.0,7,42.46,0.2914
151,W2C,13,5.7006,50.0,5,42.03,0.2593
152,N2C,6,12.9941,0.0,0,18.44,0.0489
152,S2C,6,12.1857,0.0,0,19.66,0.0605
152,E2C,14,5.2462,77.0,7,45.67,0.3018
152,W2C,13,5.3062,56.0,6,45.15,0.2749
153,N2C,6,13.0402,0.0,0,18.37,0.0482
153,S2C,6,12.2255,0.0,0,19.6,0.06
153,E2C,14,4.8827,84.0,7,49.07,0.3117
153,W2C,13,4.8798,63.0,7,49.1,0.2917
154,N2C,6,12.7864,0.0,0,18.74,0.0519
154,S2C,6,12.6216,0.0,0,18.98,0.0543
154,E2C,15,5.1545,92.0,8,46.48,0.3251
154,W2C,14,5.2453,70.0,7,45.68,0.2971
155,N2C,6,13.1227,0.0,0,18.26,0.047
155,S2C,6,12.497,0.0,0,19.17,0.0561
155,E2C,15,4.7925,100.0,8,49.99,0.3357
155,W2C,14,5.1229,78.0,8,46.77,0.3102
156,N2C,6,12.8445,0.0,0,18.65,0.0511
156,S2C,6,12.207,0.0,0,19.63,0.0602
156,E2C,15,4.469,109.0,9,53.61,0.3523
156,W2C,14,5.1726,86.0,8,46.32,0.3149
157,N2C,7,12.7762,0.0,0,18.75,0.058
157,S2C,7,12.382,0.0,0,19.35,0.0637
157,E2C,16,5.0141,118.0,9,47.79,0.3565
157,W2C,15,5.3079,94.0,8,45.14,0.3242
158,N2C,7,12.8298,0.0,0,18.68,0.0573
158,S2C,7,12.2949,0.0,0,19.49,0.065
158,E2C,16,4.6742,127.0,9,51.26,0.3674
158,W2C,15,4.8892,102.0,8,49.01,0.3356
159,N2C,6,13.0053,0.0,0,18.42,0.0487
159,S2C,6,12.6479,0.0,0,18.94,0.0539
159,E2C,16,4.453,137.0,10,53.81,0.3832
159,W2C,15,4.5804,110.0,8,52.31,0.3454
160,N2C,7,13.279,0.0,0,18.04,0.0508
160,S2C,7,12.6695,0.0,0,18.91,0.0596
160,E2C,17,4.4721,147.0,10,53.58,0.3956
160,W2C,16,4.7488,118.0,8,50.45,0.3543
161,N2C,6,13.0368,0.0,0,18.38,0.0483
161,S2C,6,12.4927,0.0,0,19.18,0.0561
161,E2C,17,4.0555,158.0,11,59.08,0.4149
161,W2C,16,4.6652,127.0,9,51.36,0.3675
162,N2C,6,13.1225,0.0,0,18.26,0.0471
162,S2C,6,12.5551,0.0,0,19.08,0.0552
162,E2C,17,3.7197,169.0,11,64.41,0.4271
162,W2C,16,4.6343,137.0,10,51.7,0.3806
163,N2C,6,13.1477,0.0,0,18.22,0.0467
163,S2C,6,12.7296,0.0,0,18.82,0.0527
163,E2C,18,4.0075,180.0,11,59.79,0.4363
163,W2C,17,4.8057,147.0,10,49.86,0.3908
164,N2C,6,12.9872,0.0,0,18.45,0.049
164,S2C,6,12.3934,0.0,0,19.33,0.0575
164,E2C,18,3.6296,192.0,12,66.01,0.4557
164,W2C,17,4.5512,157.0,10,52.65,0.4011
165,N2C,6,12.3445,0.0,0,19.41,0.0583
165,S2C,6,12.7816,0.0,0,18.75,0.052
165,E2C,18,3.3912,204.0,12,70.65,0.4672
165,W2C,17,4.3263,167.0,10,55.38,0.411
166,N2C,7,12.0553,0.0,0,19.88,0.0684
166,S2C,7,13.0067,0.0,0,18.42,0.0547
166,E2C,17,4.0607,153.0,11,59.01,0.4115
166,W2C,16,5.1554,119.0,9,46.48,0.3551
167,N2C,7,11.3071,0.0,0,21.19,0.0792
167,S2C,7,12.6673,0.0,0,18.91,0.0596
167,E2C,17,3.9435,109.0,9,60.76,0.3719
167,W2C,16,4.6105,77.0,7,51.97,0.3229
168,N2C,7,10.996,0.0,0,21.79,0.0837
168,S2C,7,12.3773,0.0,0,19.36,0.0638
168,E2C,17,3.8831,74.0,8,61.7,0.3434
168,W2C,16,4.565,48.0,5,52.49,0.2923
169,N2C,8,11.2139,1.0,1,21.37,0.0932
169,S2C,8,11.7493,0.0,0,20.39,0.0788
169,E2C,16,4.7737,46.0,6,50.19,0.2939
169,W2C,15,5.4392,21.0,3,44.05,0.2437
170,N2C,8,10.5847,2.0,1,22.64,0.1029
170,S2C,8,11.402,0.0,0,21.01,0.0838
170,E2C,16,4.8558,25.0,4,49.34,0.2667
170,W2C,15,5.4508,5.0,1,43.96,0.2208
171,N2C,8,9.7019,3.0,1,24.7,0.1163
171,S2C,8,10.667,0.0,0,22.46,0.0944
171,E2C,15,5.0051,11.0,3,47.87,0.2433
171,W2C,15,5.6424,1.0,1,42.46,0.2154
172,N2C,9,9.2442,4.0,1,25.92,0.1296
172,S2C,9,9.9898,1.0,1,23.98,0.1168
172,E2C,15,6.0393,2.0,1,39.67,0.2104
172,W2C,14,6.3838,0.0,0,37.53,0.1921
173,N2C,9,8.8452,6.0,2,27.09,0.1426
173,S2C,9,8.8987,2.0,1,26.93,0.1332
173,E2C,14,6.6501,0.0,0,36.03,0.1882
173,W2C,14,6.8157,0.0,0,35.15,0.1859
174,N2C,9,8.6387,9.0,3,27.74,0.1536
174,S2C,9,8.2977,3.0,1,28.88,0.1425
174,E2C,13,7.2724,0.0,0,32.95,0.1733
174,W2C,12,7.3177,0.0,0,32.74,0.1666
175,N2C,10,8.8242,12.0,3,27.15,0.1589
175,S2C,10,8.6052,6.0,3,27.84,0.1581
175,E2C,13,8.5556,0.0,0,28.0,0.1548
175,W2C,13,8.5726,0.0,0,27.95,0.1546
176,N2C,10,8.1372,15.0,3,29.44,0.1708
176,S2C,10,8.2345,9.0,3,29.1,0.1654
176,E2C,12,9.1311,0.0,0,26.24,0.1405
176,W2C,11,9.2381,0.0,0,25.94,0.133
177,N2C,10,7.23,18.0,3,33.14,0.1859
177,S2C,10,7.3931,12.0,3,32.41,0.1795
177,E2C,11,9.6052,0.0,0,24.94,0.1277
177,W2C,11,10.0469,0.0,0,23.85,0.1213
178,N2C,11,7.5293,21.0,3,31.82,0.1896
178,S2C,11,7.529,16.0,4,31.82,0.1923
178,E2C,11,10.6514,0.0,0,22.49,0.1126
178,W2C,10,10.7707,0.0,0,22.25,0.1049
179,N2C,11,7.1267,25.0,4,33.62,0.2041
179,S2C,11,6.722,20.0,4,35.64,0.2065
179,E2C,10,11.0734,0.0,0,21.64,0.1006
179,W2C,10,11.3581,0.0,0,21.1,0.0965
180,N2C,11,6.8079,29.0,4,35.19,0.2113
180,S2C,11,6.1865,25.0,5,38.73,0.2236
180,E2C,8,11.4671,0.0,0,20.89,0.0829
180,W2C,8,11.9932,0.0,0,19.98,0.0753
181,N2C,12,6.8528,34.0,5,34.96,0.226
181,S2C,12,6.8255,30.0,5,35.1,0.2237
181,E2C,8,12.007,0.0,0,19.96,0.0751
181,W2C,9,12.7718,0.0,0,18.76,0.0701
182,N2C,12,6.3347,39.0,5,37.82,0.2368
182,S2C,12,6.1466,35.0,5,38.98,0.2368
182,E2C,7,12.4123,0.0,0,19.3,0.0633
182,W2C,7,12.8451,0.0,0,18.65,0.057
183,N2C,12,5.843,44.0,5,41.01,0.2472
183,S2C,12,5.7767,41.0,6,41.48,0.2522
183,E2C,6,12.8101,0.0,0,18.7,0.0515
183,W2C,7,12.7691,0.0,0,18.76,0.0581
184,N2C,13,6.0887,50.0,6,39.35,0.2597
184,S2C,13,6.1402,47.0,6,39.02,0.2569
184,E2C,7,12.7237,0.0,0,18.83,0.0588
184,W2C,6,13.2282,0.0,0,18.11,0.0455
185,N2C,13,5.6661,56.0,6,42.29,0.2697
185,S2C,13,5.7491,53.0,6,41.68,0.2666
185,E2C,7,12.6269,0.0,0,18.98,0.0602
185,W2C,6,13.2224,0.0,0,18.12,0.0456
186,N2C,13,5.3001,63.0,7,45.21,0.2857
186,S2C,13,5.4385,60.0,7,44.06,0.2817
186,E2C,7,12.5037,0.0,0,19.16,0.062
186,W2C,6,13.0131,0.0,0,18.41,0.0486
187,N2C,14,5.4025,70.0,7,44.35,0.2949
187,S2C,14,5.7044,67.0,7,42.0,0.2885
187,E2C,7,12.871,0.0,0,18.62,0.0567
187,W2C,6,13.2084,0.0,0,18.14,0.0458
188,N2C,14,5.1632,77.0,7,46.41,0.303
188,S2C,14,5.0903,74.0,7,47.07,0.302
188,E2C,6,12.9298,0.0,0,18.53,0.0498
188,W2C,6,12.5093,0.0,0,19.15,0.0559
189,N2C,14,4.9894,85.0,8,48.02,0.3168
189,S2C,14,4.7774,81.0,7,50.15,0.3112
189,E2C,6,12.5488,0.0,0,19.09,0.0553
189,W2C,6,12.9512,0.0,0,18.5,0.0495
190,N2C,15,5.277,93.0,8,45.4,0.324
190,S2C,15,5.0595,89.0,8,47.36,0.3245
190,E2C,6,12.6503,0.0,0,18.94,0.0538
190,W2C,6,12.3233,0.0,0,19.44,0.0586
191,N2C,15,5.0221,101.0,8,47.71,0.333
191,S2C,15,4.7929,98.0,9,49.99,0.3403
191,E2C,6,12.8524,0.0,0,18.64,0.0509
191,W2C,6,12.1687,0.0,0,19.69,0.0608
192,N2C,15,4.7093,110.0,9,50.88,0.3495
192,S2C,15,4.4166,107.0,9,54.25,0.3517
192,E2C,6,12.3403,0.0,0,19.42,0.0583
192,W2C,6,12.206,0.0,0,19.63,0.0602
193,N2C,16,4.7502,119.0,9,50.44,0.3609
193,S2C,16,4.9649,116.0,9,48.26,0.3558
193,E2C,7,12.7352,0.0,0,18.81,0.0586
193,W2C,7,12.0526,0.0,0,19.88,0.0685
194,N2C,16,4.3727,129.0,10,54.79,0.379
194,S2C,16,4.8523,125.0,9,49.38,0.3635
194,E2C,7,12.5066,0.0,0,19.16,0.0619
194,W2C,6,11.6882,0.0,0,20.5,0.0677
195,N2C,16,4.1167,139.0,10,58.2,0.3894
195,S2C,16,4.6638,135.0,10,51.37,0.3788
195,E2C,6,12.5858,0.0,0,19.04,0.0548
195,W2C,6,11.7212,0.0,0,20.44,0.0672
196,N2C,17,4.3226,150.0,11,55.43,0.4058
196,S2C,17,4.7701,145.0,10,50.23,0.39
196,E2C,6,12.5443,0.0,0,19.1,0.0554
196,W2C,6,11.7315,0.0,0,20.42,0.0671
197,N2C,17,4.2107,161.0,11,56.9,0.4147
197,S2C,17,4.2291,155.0,10,56.65,0.4044
197,E2C,6,12.5341,0.0,0,19.12,0.0555
197,W2C,6,11.5528,0.0,0,20.74,0.0697
198,N2C,17,3.7773,172.0,11,63.43,0.4283
198,S2C,17,3.716,165.0,10,64.48,0.4185
198,E2C,6,12.8182,0.0,0,18.69,0.0514
198,W2C,6,11.3697,0.0,0,21.07,0.0723
199,N2C,16,4.3625,125.0,9,54.92,0.3705
199,S2C,16,4.5424,124.0,10,52.75,0.3733
199,E2C,7,12.4621,0.0,0,19.23,0.0626
199,W2C,7,11.0639,0.0,0,21.66,0.0827
200,N2C,16,4.3869,86.0,8,54.62,0.3382
200,S2C,16,4.425,85.0,8,54.15,0.337
200,E2C,7,11.6695,0.0,0,20.53,0.074
200,W2C,7,10.6717,0.0,0,22.45,0.0883
201,N2C,16,4.2714,55.0,6,56.09,0.3072
201,S2C,16,4.659,52.0,6,51.43,0.2996
201,E2C,7,10.88,0.0,0,22.02,0.0853
201,W2C,7,9.5852,1.0,1,25.0,0.1107
202,N2C,15,4.9946,31.0,5,47.97,0.2688
202,S2C,15,5.2896,28.0,4,45.3,0.2565
202,E2C,8,10.6584,1.0,1,22.48,0.1012
202,W2C,7,9.0304,2.0,1,26.53,0.1193
203,N2C,15,5.2605,14.0,3,45.55,0.2416
203,S2C,15,5.6453,11.0,3,42.44,0.234
203,E2C,8,10.0928,2.0,1,23.74,0.11
203,W2C,8,8.74,3.0,1,27.41,0.1302
204,N2C,14,5.4286,3.0,1,44.14,0.2138
204,S2C,14,5.85,2.0,1,40.96,0.2071
204,E2C,8,9.5911,4.0,2,24.98,0.1246
204,W2C,8,8.3043,4.0,1,28.85,0.1371
205,N2C,14,6.4763,0.0,0,37.0,0.1907
205,S2C,14,6.9239,0.0,0,34.6,0.1843
205,E2C,9,9.5003,6.0,2,25.22,0.1332
205,W2C,9,8.6687,6.0,2,27.64,0.1452
206,N2C,14,7.3449,0.0,0,32.62,0.1782
206,S2C,13,7.3215,0.0,0,32.73,0.1726
206,E2C,9,9.3141,8.0,2,25.72,0.1372
206,W2C,9,8.8512,8.0,2,27.07,0.1439
207,N2C,12,7.8257,0.0,0,30.62,0.1593
207,S2C,12,7.7561,0.0,0,30.89,0.1603
207,E2C,9,8.6968,10.0,2,27.55,0.1474
207,W2C,9,8.3299,10.0,2,28.76,0.1527
208,N2C,11,8.4073,0.0,0,28.5,0.1449
208,S2C,12,8.8592,0.0,0,27.05,0.1444
208,E2C,10,8.7668,12.0,2,27.33,0.1538
208,W2C,10,8.3358,12.0,2,28.74,0.16
209,N2C,11,9.1696,0.0,0,26.13,0.134
209,S2C,11,9.3183,0.0,0,25.71,0.1318
209,E2C,10,8.6582,15.0,3,27.67,0.1633
209,W2C,10,8.0502,14.0,2,29.76,0.1654
210,N2C,10,9.8331,0.0,0,24.37,0.1184
210,S2C,10,9.6394,0.0,0,24.86,0.1212
210,E2C,10,7.6367,18.0,3,31.37,0.18
210,W2C,10,8.0747,16.0,2,29.67,0.1664
211,N2C,10,10.8673,0.0,0,22.05,0.1035
211,S2C,10,10.7027,0.0,0,22.39,0.1059
211,E2C,11,7.4246,21.0,3,32.27,0.1911
211,W2C,11,8.7929,19.0,3,27.25,0.1701
212,N2C,8,11.7153,0.0,0,20.45,0.0793
212,S2C,9,11.5017,0.0,0,20.83,0.0884
212,E2C,11,6.5373,24.0,3,36.65,0.2059
212,W2C,11,8.6648,22.0,3,27.65,0.1739
213,N2C,8,11.9129,0.0,0,20.11,0.0765
213,S2C,8,12.0425,0.0,0,19.9,0.0746
213,E2C,11,6.3401,28.0,4,37.79,0.2174
213,W2C,11,8.4614,25.0,3,28.32,0.1788
214,N2C,7,12.2651,0.0,0,19.54,0.0654
214,S2C,8,12.6395,0.0,0,18.96,0.066
214,E2C,12,6.5074,32.0,4,36.82,0.2236
214,W2C,12,8.4649,28.0,3,28.31,0.1868
215,N2C,7,11.8063,0.0,0,20.29,0.072
215,S2C,7,13.1108,0.0,0,18.28,0.0532
215,E2C,12,6.1175,37.0,5,39.17,0.2386
215,W2C,12,7.2115,31.0,3,33.22,0.2068
216,N2C,7,12.0116,0.0,0,19.95,0.069
216,S2C,6,12.838,0.0,0,18.66,0.0511
216,E2C,12,5.6374,43.0,6,42.5,0.2555
216,W2C,12,6.4385,34.0,3,37.21,0.22
217,N2C,7,12.0781,0.0,0,19.84,0.0681
217,S2C,7,13.3676,0.0,0,17.92,0.0495
217,E2C,13,5.9521,49.0,6,40.25,0.261
217,W2C,13,6.3931,38.0,4,37.48,0.2353
218,N2C,7,11.899,0.0,0,20.14,0.0707
218,S2C,6,13.3879,0.0,0,17.9,0.0432
218,E2C,13,5.8119,55.0,6,41.23,0.267
218,W2C,13,5.878,43.0,5,40.76,0.252
219,N2C,7,11.9156,0.0,0,20.11,0.0704
219,S2C,6,13.2443,0.0,0,18.09,0.0453
219,E2C,13,5.3862,61.0,6,44.48,0.2771
219,W2C,13,5.9395,49.0,6,40.34,0.2611
220,N2C,8,12.0668,0.0,0,19.86,0.0743
220,S2C,6,13.3487,0.0,0,17.95,0.0438
220,E2C,14,5.7978,68.0,7,41.33,0.2879
220,W2C,14,6.2117,56.0,7,38.57,0.2739
221,N2C,6,11.8888,0.0,0,20.15,0.0648
221,S2C,6,13.246,0.0,0,18.09,0.0453
221,E2C,14,5.3757,75.0,7,44.57,0.2986
221,W2C,14,5.8158,63.0,7,41.2,0.2843
222,N2C,6,12.2822,0.0,0,19.51,0.0591
222,S2C,6,13.3444,0.0,0,17.96,0.0439
222,E2C,14,5.3451,83.0,8,44.83,0.3104
222,W2C,14,5.1964,70.0,7,46.11,0.2978
223,N2C,6,12.4884,0.0,0,19.19,0.0562
223,S2C,6,13.3033,0.0,0,18.01,0.0444
223,E2C,15,5.6053,91.0,8,42.75,0.318
223,W2C,15,5.2823,77.0,7,45.36,0.3073
224,N2C,6,12.3945,0.0,0,19.33,0.0575
224,S2C,6,12.9979,0.0,0,18.43,0.0488
224,E2C,15,5.0325,99.0,8,47.61,0.3315
224,W2C,15,4.7131,85.0,8,50.84,0.3268
225,N2C,6,12.0389,0.0,0,19.9,0.0627
225,S2C,6,13.0916,0.0,0,18.3,0.0475
225,E2C,15,4.5589,107.0,8,52.56,0.3437
225,W2C,15,4.6075,94.0,9,52.0,0.3403
226,N2C,7,12.6678,0.0,0,18.91,0.0596
226,S2C,5,13.342,0.0,0,17.96,0.0379
226,E2C,16,4.8809,115.0,8,49.09,0.3504
226,W2C,16,4.6416,104.0,10,51.62,0.3585
227,N2C,7,12.5594,0.0,0,19.08,0.0612
227,S2C,6,13.261,0.0,0,18.07,0.0451
227,E2C,16,4.6361,124.0,9,51.68,0.3659
227,W2C,16,4.2843,114.0,10,55.92,0.3703
228,N2C,7,12.5349,0.0,0,19.11,0.0615
228,S2C,6,12.9125,0.0,0,18.56,0.0501
228,E2C,16,4.3829,133.0,9,54.67,0.3756
228,W2C,16,4.0793,124.0,10,58.74,0.3799
229,N2C,7,12.3893,0.0,0,19.34,0.0636
229,S2C,6,13.0666,0.0,0,18.34,0.0479
229,E2C,17,4.4854,143.0,10,53.42,0.3927
229,W2C,17,4.481,134.0,10,53.47,0.3868
230,N2C,7,11.4591,0.0,0,20.91,0.077
230,S2C,6,12.6169,0.0,0,18.99,0.0543
230,E2C,17,4.1692,153.0,10,57.47,0.404
230,W2C,17,4.4443,145.0,11,53.91,0.4007
231,N2C,7,11.1147,0.0,0,21.56,0.082
231,S2C,6,12.4288,0.0,0,19.28,0.057
231,E2C,17,3.9693,163.0,10,60.36,0.4135
231,W2C,17,4.2186,156.0,11,56.8,0.4113
232,N2C,8,11.2141,1.0,1,21.37,0.0932
232,S2C,7,11.9918,0.0,0,19.98,0.0693
232,E2C,16,4.5927,114.0,9,52.17,0.3599
232,W2C,16,4.8389,107.0,9,49.52,0.3517
233,N2C,8,10.8302,2.0,1,22.12,0.0994
233,S2C,7,11.6083,0.0,0,20.64,0.0749
233,E2C,16,4.5011,79.0,7,53.23,0.3259
233,W2C,16,4.6638,76.0,7,51.37,0.3215
234,N2C,8,11.0823,3.0,1,21.62,0.0964
234,S2C,7,11.0136,0.0,0,21.75,0.0834
234,E2C,16,4.4143,46.0,6,54.28,0.2991
234,W2C,16,4.6641,50.0,5,51.37,0.2922
235,N2C,9,10.7069,4.0,1,22.38,0.1085
235,S2C,8,10.7864,1.0,1,22.21,0.0994
235,E2C,15,5.2144,23.0,5,45.95,0.2603
235,W2C,15,5.5324,29.0,5,43.31,0.2597
236,N2C,9,9.9661,5.0,1,24.04,0.1198
236,S2C,8,9.9951,2.0,1,23.97,0.1114
236,E2C,15,5.3687,10.0,3,44.63,0.2374
236,W2C,15,5.5858,11.0,3,42.89,0.2349
237,N2C,9,8.9619,6.0,1,26.74,0.135
237,S2C,8,9.4596,3.0,1,25.33,0.1198
237,E2C,14,5.4606,3.0,1,43.88,0.2134
237,W2C,14,5.7169,3.0,1,41.91,0.2097
238,N2C,10,8.567,7.0,1,27.97,0.1473
238,S2C,9,9.0713,5.0,2,26.41,0.1387
238,E2C,14,6.3244,0.0,0,37.89,0.1929
238,W2C,14,6.6388,0.0,0,36.09,0.1884
239,N2C,10,8.0429,9.0,2,29.79,0.1622
239,S2C,9,8.7079,7.0,2,27.52,0.1453
239,E2C,14,6.8387,0.0,0,35.04,0.1855
239,W2C,14,7.125,0.0,0,33.63,0.1814
240,N2C,10,7.3141,12.0,3,32.76,0.1807
240,S2C,9,8.2753,10.0,3,28.95,0.1595
240,E2C,12,7.3463,0.0,0,32.62,0.1662
240,W2C,12,7.5073,0.0,0,31.92,0.1639
241,N2C,11,7.4157,15.0,3,32.31,0.1872
241,S2C,10,8.4389,13.0,3,28.39,0.1652
241,E2C,13,8.4404,0.0,0,28.39,0.1565
241,W2C,13,8.6666,0.0,0,27.65,0.1532
242,N2C,11,6.9091,19.0,4,34.68,0.2032
242,S2C,10,7.9903,16.0,3,29.99,0.1736
242,E2C,11,8.6983,0.0,0,27.55,0.1408
242,W2C,11,9.282,0.0,0,25.81,0.1323
243,N2C,11,6.5253,23.0,4,36.72,0.2114
243,S2C,10,7.6029,19.0,3,31.51,0.1812
243,E2C,11,9.1603,0.0,0,26.16,0.1341
243,W2C,10,9.6977,0.0,0,24.71,0.1204
244,N2C,12,7.0259,28.0,5,34.1,0.2195
244,S2C,11,7.845,23.0,4,30.54,0.1924
244,E2C,10,10.1993,0.0,0,23.49,0.1131
244,W2C,10,10.6268,0.0,0,22.55,0.107
245,N2C,12,6.3149,33.0,5,37.94,0.2331
245,S2C,11,7.5976,27.0,4,31.54,0.1986
245,E2C,10,11.026,0.0,0,21.73,0.1012
245,W2C,10,10.9886,0.0,0,21.8,0.1018
246,N2C,12,5.9172,38.0,5,40.49,0.2421
246,S2C,11,7.1993,31.0,4,33.28,0.207
246,E2C,8,11.327,0.0,0,21.15,0.0849
246,W2C,8,11.6789,0.0,0,20.52,0.0798
247,N2C,13,6.145,44.0,6,38.99,0.2549
247,S2C,12,6.7768,35.0,4,35.36,0.2218
247,E2C,8,12.3163,0.0,0,19.45,0.0707
247,W2C,8,12.2777,0.0,0,19.52,0.0712
248,N2C,13,5.6863,50.0,6,42.14,0.2655
248,S2C,12,6.0113,40.0,5,39.86,0.2421
248,E2C,7,12.3847,0.0,0,19.35,0.0637
248,W2C,7,12.5829,0.0,0,19.04,0.0608
249,N2C,13,5.4848,57.0,7,43.68,0.279
249,S2C,12,5.5423,45.0,5,43.23,0.2522
249,E2C,6,12.451,0.0,0,19.24,0.0567
249,W2C,7,11.9819,0.0,0,20.0,0.0695
250,N2C,14,5.5006,64.0,7,43.56,0.2895
250,S2C,13,6.0197,51.0,6,39.8,0.2613
250,E2C,7,12.4208,0.0,0,19.29,0.0632
250,W2C,6,12.41,0.0,0,19.31,0.0573
251,N2C,14,5.3592,71.0,7,44.71,0.2962
251,S2C,13,5.5238,57.0,6,43.38,0.2725
251,E2C,7,12.718,0.0,0,18.84,0.0589
251,W2C,6,12.5953,0.0,0,19.02,0.0546
252,N2C,14,4.8432,79.0,8,49.47,0.3149
252,S2C,13,5.1175,64.0,7,46.82,0.289
252,E2C,6,12.7609,0.0,0,18.78,0.0523
252,W2C,6,12.6422,0.0,0,18.95,0.054
253,N2C,15,5.1518,87.0,8,46.51,0.3218
253,S2C,14,5.3671,71.0,7,44.64,0.2961
253,E2C,6,12.6963,0.0,0,18.87,0.0532
253,W2C,6,12.3557,0.0,0,19.39,0.0581
254,N2C,15,4.8701,95.0,8,49.2,0.3312
254,S2C,14,5.0587,78.0,7,47.36,0.3052
254,E2C,6,12.6391,0.0,0,18.96,0.054
254,W2C,6,12.5751,0.0,0,19.05,0.0549
255,N2C,15,4.5953,104.0,9,52.14,0.3472
255,S2C,14,4.7159,85.0,7,50.81,0.3148
255,E2C,6,12.7477,0.0,0,18.8,0.0524
255,W2C,6,12.4877,0.0,0,19.19,0.0562
256,N2C,16,4.6314,113.0,9,51.73,0.3586
256,S2C,15,5.0505,93.0,8,47.44,0.3273
256,E2C,6,12.7468,0.0,0,18.8,0.0525
256,W2C,6,12.6028,0.0,0,19.01,0.0545
257,N2C,16,4.3424,123.0,10,55.18,0.3755
257,S2C,15,4.8779,101.0,8,49.12,0.3351
257,E2C,6,12.3188,0.0,0,19.45,0.0586
257,W2C,6,12.5506,0.0,0,19.09,0.0553
258,N2C,16,4.1865,133.0,10,57.23,0.3844
258,S2C,15,4.8242,110.0,9,49.67,0.3479
258,E2C,6,12.5938,0.0,0,19.03,0.0547
258,W2C,6,12.3745,0.0,0,19.36,0.0578
259,N2C,17,4.5446,143.0,10,52.72,0.3919
259,S2C,16,4.8735,119.0,9,49.16,0.3592
259,E2C,7,12.5664,0.0,0,19.07,0.0611
259,W2C,7,12.14,0.0,0,19.74,0.0672
260,N2C,17,4.3694,154.0,11,54.84,0.4078
260,S2C,16,4.4007,128.0,9,54.45,0.372
260,E2C,7,12.5175,0.0,0,19.14,0.0618
260,W2C,7,11.9403,0.0,0,20.07,0.0701
261,N2C,17,3.9204,165.0,11,61.12,0.4216
261,S2C,16,3.9703,137.0,9,60.35,0.3842
261,E2C,7,12.7101,0.0,0,18.85,0.059
261,W2C,7,12.0622,0.0,0,19.86,0.0683
262,N2C,18,4.1355,176.0,11,57.94,0.4318
262,S2C,17,4.2752,147.0,10,56.04,0.3984
262,E2C,7,13.2528,0.0,0,18.08,0.0512
262,W2C,8,11.5803,0.0,0,20.69,0.0813
263,N2C,18,3.7162,188.0,12,64.47,0.4518
263,S2C,17,4.2018,158.0,11,57.02,0.4128
263,E2C,7,12.4203,0.0,0,19.29,0.0632
263,W2C,8,10.379,0.0,0,23.09,0.0986
264,N2C,18,3.5388,200.0,12,67.71,0.4624
264,S2C,17,3.969,169.0,11,60.37,0.4235
264,E2C,7,11.8673,0.0,0,20.19,0.0711
264,W2C,8,9.1027,0.0,0,26.32,0.1169
265,N2C,17,4.2054,152.0,11,56.97,0.4088
265,S2C,16,4.6236,121.0,9,51.82,0.3641
265,E2C,8,11.2325,1.0,1,21.33,0.0929
265,W2C,9,8.6371,0.0,0,27.74,0.1296
266,N2C,17,4.0724,111.0,9,58.83,0.3714
266,S2C,16,4.3139,80.0,7,55.54,0.3292
266,E2C,8,10.6546,2.0,1,22.49,0.1019
266,W2C,9,8.396,1.0,1,28.54,0.1398
267,N2C,17,4.1627,75.0,7,57.56,0.3341
267,S2C,16,4.4196,50.0,6,54.21,0.3017
267,E2C,8,9.3699,3.0,1,25.57,0.1211
267,W2C,9,8.1361,3.0,2,29.45,0.1508
268,N2C,16,4.8005,46.0,6,49.91,0.2935
268,S2C,15,4.9967,27.0,5,47.95,0.2661
268,E2C,9,9.3894,4.0,1,25.52,0.1275
268,W2C,9,7.996,5.0,2,29.96,0.1542
269,N2C,16,5.0896,24.0,4,47.08,0.2627
269,S2C,15,5.1475,13.0,3,46.55,0.2425
269,E2C,9,9.1858,5.0,1,26.08,0.1311
269,W2C,9,7.3706,8.0,3,32.51,0.1712
270,N2C,15,5.4377,9.0,2,44.06,0.2297
270,S2C,14,5.5612,3.0,1,43.08,0.2119
270,E2C,9,8.6439,7.0,2,27.72,0.1462
270,W2C,10,7.1518,11.0,3,33.5,0.1824
271,N2C,15,6.2964,0.0,0,38.05,0.1993
271,S2C,14,6.9551,0.0,0,34.45,0.1839
271,E2C,10,8.7734,9.0,2,27.31,0.1517
271,W2C,11,6.9164,14.0,3,34.64,0.1937
272,N2C,14,6.517,0.0,0,36.77,0.1902
272,S2C,14,7.4928,0.0,0,31.98,0.1761
272,E2C,10,8.2081,12.0,3,29.19,0.1678
272,W2C,11,6.2199,18.0,4,38.52,0.2124
273,N2C,13,7.0549,0.0,0,33.96,0.1764
273,S2C,12,7.9814,0.0,0,30.02,0.1571
273,E2C,10,7.293,15.0,3,32.85,0.183
273,W2C,11,6.2432,22.0,4,38.38,0.2148
274,N2C,13,8.0846,0.0,0,29.64,0.1616
274,S2C,12,9.0052,0.0,0,26.61,0.1423
274,E2C,10,6.8914,19.0,4,34.77,0.1974
274,W2C,12,6.6092,26.0,4,36.25,0.2182
275,N2C,12,8.5545,0.0,0,28.01,0.1488
275,S2C,11,9.56,0.0,0,25.06,0.1283
275,E2C,11,7.09,23.0,4,33.79,0.2032
275,W2C,12,6.1062,31.0,5,39.24,0.2347
276,N2C,11,8.9662,0.0,0,26.72,0.1369
276,S2C,10,10.3978,0.0,0,23.04,0.1103
276,E2C,11,6.5513,28.0,5,36.57,0.2203
276,W2C,12,5.8299,36.0,5,41.1,0.2421
277,N2C,11,10.1224,0.0,0,23.67,0.1202
277,S2C,10,11.2727,0.0,0,21.25,0.0977
277,E2C,12,7.017,33.0,5,34.15,0.223
277,W2C,13,6.5384,42.0,6,36.65,0.2479
278,N2C,10,10.5454,0.0,0,22.72,0.1082
278,S2C,9,11.8974,0.0,0,20.14,0.0827
278,E2C,12,6.2895,38.0,5,38.1,0.2368
278,W2C,13,6.3373,48.0,6,37.81,0.2548
279,N2C,9,11.3479,0.0,0,21.11,0.0906
279,S2C,8,12.3362,0.0,0,19.42,0.0704
279,E2C,12,5.8836,43.0,5,40.72,0.2459
279,W2C,13,6.0531,54.0,6,39.58,0.2628
280,N2C,9,12.1499,0.0,0,19.72,0.0791
280,S2C,8,12.9057,0.0,0,18.57,0.0622
280,E2C,13,6.1067,49.0,6,39.24,0.2587
280,W2C,14,5.8298,60.0,6,41.1,0.2761
281,N2C,8,12.6776,0.0,0,18.9,0.0655
281,S2C,7,12.6725,0.0,0,18.91,0.0595
281,E2C,13,5.8023,55.0,6,41.29,0.2671
281,W2C,14,5.4613,66.0,6,43.87,0.2854
282,N2C,7,12.6355,0.0,0,18.96,0.0601
282,S2C,7,12.8038,0.0,0,18.71,0.0576
282,E2C,13,5.4979,62.0,7,43.58,0.2822
282,W2C,14,5.0502,73.0,7,47.44,0.302
283,N2C,7,13.4575,0.0,0,17.8,0.0482
283,S2C,6,12.8929,0.0,0,18.58,0.0504
283,E2C,14,5.5379,69.0,7,43.27,0.2923
283,W2C,15,5.0162,80.0,7,47.77,0.3131
284,N2C,6,13.0136,0.0,0,18.41,0.0486
284,S2C,6,12.863,0.0,0,18.63,0.0508
284,E2C,14,5.1004,76.0,7,46.98,0.3032
284,W2C,15,4.6328,87.0,7,51.72,0.3233
285,N2C,6,13.0274,0.0,0,18.39,0.0484
285,S2C,6,12.5987,0.0,0,19.02,0.0546
285,E2C,14,4.7042,83.0,7,50.93,0.3136
285,W2C,15,4.647,96.0,9,51.56,0.3411
286,N2C,6,13.1527,0.0,0,18.22,0.0466
286,S2C,6,12.7996,0.0,0,18.72,0.0517
286,E2C,15,4.7959,91.0,8,49.96,0.3296
286,W2C,16,5.2611,105.0,9,45.54,0.3442
287,N2C,6,13.1123,0.0,0,18.27,0.0472
287,S2C,6,12.7001,0.0,0,18.87,0.0531
287,E2C,15,4.5236,99.0,8,52.97,0.3389
287,W2C,16,5.2342,114.0,9,45.78,0.3506
288,N2C,6,12.7117,0.0,0,18.85,0.053
288,S2C,6,12.7624,0.0,0,18.77,0.0522
288,E2C,15,4.2238,108.0,9,56.73,0.3552
288,W2C,16,4.6337,123.0,9,51.71,0.3653
289,N2C,6,13.179,0.0,0,18.18,0.0462
289,S2C,7,13.0641,0.0,0,18.34,0.0539
289,E2C,16,4.7131,117.0,9,50.84,0.3601
289,W2C,17,4.4681,132.0,9,53.62,0.3797
290,N2C,6,13.1442,0.0,0,18.23,0.0467
290,S2C,6,13.2433,0.0,0,18.09,0.0453
290,E2C,16,4.3562,126.0,9,55.0,0.3713
290,W2C,17,3.9683,141.0,9,60.38,0.3929
291,N2C,6,12.7956,0.0,0,18.73,0.0518
291,S2C,6,12.8639,0.0,0,18.63,0.0508
291,E2C,16,4.0543,136.0,10,59.1,0.3883
291,W2C,17,3.4904,150.0,9,68.65,0.4057
292,N2C,6,12.8839,0.0,0,18.6,0.0505
292,S2C,5,12.8303,0.0,0,18.67,0.0453
292,E2C,17,4.1967,146.0,10,57.09,0.3989
292,W2C,18,3.9375,160.0,10,60.85,0.418
293,N2C,6,13.0937,0.0,0,18.3,0.0475
293,S2C,6,12.8579,0.0,0,18.63,0.0509
293,E2C,17,3.8666,156.0,10,61.97,0.4103
293,W2C,18,3.7397,171.0,11,64.07,0.4342
294,N2C,6,13.0416,0.0,0,18.37,0.0482
294,S2C,6,12.272,0.0,0,19.52,0.0593
294,E2C,17,3.6683,167.0,11,65.32,0.4265
294,W2C,18,3.3664,182.0,11,71.17,0.4469
295,N2C,6,13.0538,0.0,0,18.35,0.048
295,S2C,6,12.6757,0.0,0,18.9,0.0535
295,E2C,18,4.1163,179.0,12,58.21,0.4401
295,W2C,19,3.8962,195.0,13,61.5,0.4659
296,N2C,6,12.927,0.0,0,18.53,0.0499
296,S2C,6,12.4948,0.0,0,19.18,0.0561
296,E2C,18,3.7819,191.0,12,63.36,0.4529
296,W2C,19,3.8294,208.0,13,62.57,0.4755
297,N2C,6,12.4466,0.0,0,19.25,0.0568
297,S2C,6,12.6426,0.0,0,18.95,0.054
297,E2C,18,3.6823,203.0,12,65.07,0.4623
297,W2C,19,3.8147,221.0,13,62.81,0.4844
298,N2C,7,12.0429,0.0,0,19.9,0.0686
298,S2C,6,12.6633,0.0,0,18.92,0.0537
298,E2C,17,4.6012,152.0,10,52.07,0.3971
298,W2C,18,4.5987,169.0,11,52.1,0.4205
299,N2C,7,11.1457,0.0,0,21.5,0.0815
299,S2C,7,12.7762,0.0,0,18.75,0.058
299,E2C,17,4.3422,108.0,8,55.18,0.3595
299,W2C,18,4.6367,124.0,9,51.67,0.3779
300,N2C,7,10.7404,0.0,0,22.31,0.0873
300,S2C,7,11.8697,0.0,0,20.19,0.0711
300,E2C,17,4.5141,71.0,7,53.08,0.3263
300,W2C,18,4.3983,80.0,7,54.48,0.34
301,N2C,8,10.5651,1.0,1,22.68,0.1025
301,S2C,8,11.1051,0.0,0,21.58,0.0881
301,E2C,16,5.3156,42.0,5,45.08,0.2775
301,W2C,17,4.6238,51.0,6,51.82,0.3054
302,N2C,8,9.9565,2.0,1,24.06,0.112
302,S2C,8,10.2912,0.0,0,23.28,0.0998
302,E2C,16,5.5872,20.0,3,42.88,0.2469
302,W2C,17,4.7996,29.0,4,49.92,0.2762
303,N2C,8,9.5073,3.0,1,25.2,0.1191
303,S2C,8,9.8506,0.0,0,24.32,0.1062
303,E2C,15,5.6451,5.0,2,42.44,0.224
303,W2C,16,5.2782,13.0,3,45.39,0.2467
304,N2C,8,9.6241,5.0,2,24.9,0.1248
304,S2C,9,10.0347,1.0,1,23.88,0.1162
304,E2C,15,6.0273,0.0,0,39.75,0.2032
304,W2C,16,5.9986,3.0,2,39.94,0.2236
305,N2C,9,10.028,7.0,2,23.89,0.1263
305,S2C,9,9.6179,2.0,1,24.91,0.1228
305,E2C,15,6.4549,0.0,0,37.12,0.1971
305,W2C,15,6.2251,0.0,0,38.49,0.2004
306,N2C,9,9.6255,9.0,2,24.89,0.1334
306,S2C,9,8.5154,4.0,2,28.14,0.1461
306,E2C,13,6.4925,0.0,0,36.9,0.1845
306,W2C,14,6.5514,0.0,0,36.57,0.1897
307,N2C,10,9.3969,11.0,2,25.5,0.144
307,S2C,10,8.4988,6.0,2,28.19,0.1536
307,E2C,14,7.7351,0.0,0,30.98,0.1726
307,W2C,14,7.469,0.0,0,32.08,0.1765
308,N2C,10,8.2774,13.0,2,28.95,0.1615
308,S2C,10,7.951,8.0,2,30.13,0.1628
308,E2C,12,8.3769,0.0,0,28.6,0.1514
308,W2C,13,7.7323,0.0,0,30.99,0.1667
309,N2C,10,7.2877,16.0,3,32.88,0.1837
309,S2C,10,7.7823,10.0,2,30.79,0.1666
309,E2C,12,8.8922,0.0,0,26.94,0.144
309,W2C,12,8.1548,0.0,0,29.38,0.1546
310,N2C,11,7.4136,19.0,3,32.32,0.1899
310,S2C,11,8.0266,13.0,3,29.85,0.1771
310,E2C,11,9.9202,0.0,0,24.15,0.1232
310,W2C,12,9.5776,0.0,0,25.02,0.1341
311,N2C,11,7.0128,22.0,3,34.17,0.1977
311,S2C,11,7.4412,17.0,4,32.2,0.1942
311,E2C,11,10.5902,0.0,0,22.62,0.1135
311,W2C,11,10.1719,0.0,0,23.56,0.1195
312,N2C,11,6.6395,26.0,4,36.09,0.2117
312,S2C,11,6.594,21.0,4,36.34,0.2091
312,E2C,9,10.8133,0.0,0,22.16,0.0983
312,W2C,10,10.9624,0.0,0,21.86,0.1022
313,N2C,12,6.7526,31.0,5,35.48,0.2254
313,S2C,12,6.8769,25.0,4,34.84,0.2136
313,E2C,10,11.4843,0.0,0,20.86,0.0946
313,W2C,10,11.4497,0.0,0,20.93,0.0951
314,N2C,12,6.3519,36.0,5,37.72,0.2345
314,S2C,12,6.4569,29.0,4,37.11,0.2224
314,E2C,8,12.1887,0.0,0,19.66,0.0725
314,W2C,9,11.9113,0.0,0,20.12,0.0825
315,N2C,12,5.9707,42.0,6,40.13,0.25
315,S2C,12,5.8563,35.0,6,40.91,0.247
315,E2C,7,12.5277,0.0,0,19.13,0.0616
315,W2C,7,12.0102,0.0,0,19.95,0.0691
316,N2C,13,6.1477,48.0,6,38.97,0.2575
316,S2C,13,6.2141,41.0,6,38.56,0.2519
316,E2C,7,12.9273,0.0,0,18.53,0.0559
316,W2C,8,12.6501,0.0,0,18.94,0.0659
317,N2C,13,5.9857,54.0,6,40.03,0.2638
317,S2C,13,5.591,47.0,6,42.85,0.2648
317,E2C,7,12.6547,0.0,0,18.93,0.0598
317,W2C,6,12.8446,0.0,0,18.65,0.0511
318,N2C,13,5.4138,61.0,7,44.26,0.2827
318,S2C,13,5.2832,53.0,6,45.35,0.2733
318,E2C,6,12.7678,0.0,0,18.77,0.0522
318,W2C,6,13.0979,0.0,0,18.29,0.0474
319,N2C,14,5.7722,68.0,7,41.51,0.2882
319,S2C,14,5.4957,60.0,7,43.6,0.2869
319,E2C,6,13.1773,0.0,0,18.18,0.0463
319,W2C,6,12.7981,0.0,0,18.72,0.0517
320,N2C,14,5.3867,75.0,7,44.48,0.2984
320,S2C,14,5.0032,67.0,7,47.89,0.2986
320,E2C,6,12.8365,0.0,0,18.67,0.0512
320,W2C,6,13.2234,0.0,0,18.12,0.0456
321,N2C,14,5.1044,83.0,8,46.94,0.3138
321,S2C,14,4.7641,75.0,8,50.29,0.3134
321,E2C,6,13.2172,0.0,0,18.13,0.0457
321,W2C,6,13.0148,0.0,0,18.41,0.0486
322,N2C,15,5.2018,91.0,8,46.06,0.3238
322,S2C,15,4.9791,83.0,8,48.12,0.3216
322,E2C,7,12.908,0.0,0,18.56,0.0561
322,W2C,6,13.0371,0.0,0,18.38,0.0483
323,N2C,15,4.7445,99.0,8,50.5,0.3357
323,S2C,15,4.5582,91.0,8,52.56,0.333
323,E2C,6,13.02,0.0,0,18.4,0.0485
323,W2C,7,12.5809,0.0,0,19.04,0.0608
324,N2C,15,4.5405,108.0,9,52.77,0.3506
324,S2C,15,4.4436,99.0,8,53.92,0.34
324,E2C,6,13.0754,0.0,0,18.32,0.0477
324,W2C,7,12.4175,0.0,0,19.3,0.0632
325,N2C,16,4.789,118.0,10,50.03,0.3657
325,S2C,16,4.7457,108.0,9,50.49,0.3537
325,E2C,6,12.5189,0.0,0,19.14,0.0557
325,W2C,7,12.9442,0.0,0,18.51,0.0556
326,N2C,16,4.6846,128.0,10,51.15,0.3739
326,S2C,16,4.5535,118.0,10,52.62,0.3691
326,E2C,6,12.4866,0.0,0,19.19,0.0562
326,W2C,6,12.5338,0.0,0,19.12,0.0555
327,N2C,16,4.2482,138.0,10,56.4,0.3868
327,S2C,16,4.7711,128.0,10,50.22,0.3726
327,E2C,6,12.2102,0.0,0,19.62,0.0602
327,W2C,6,12.7842,0.0,0,18.74,0.0519
328,N2C,17,4.197,148.0,10,57.09,0.4002
328,S2C,17,4.9132,138.0,10,48.77,0.3833
328,E2C,6,12.6069,0.0,0,19.01,0.0545
328,W2C,6,12.7133,0.0,0,18.85,0.0529
329,N2C,17,4.0031,159.0,11,59.85,0.4164
329,S2C,17,4.4491,148.0,10,53.85,0.3966
329,E2C,6,12.5773,0.0,0,19.05,0.0549
329,W2C,6,12.7523,0.0,0,18.79,0.0524
330,N2C,17,3.8478,170.0,11,62.27,0.4259
330,S2C,17,3.8126,158.0,10,62.84,0.4124
330,E2C,6,12.347,0.0,0,19.41,0.0582
330,W2C,6,12.2408,0.0,0,19.57,0.0597
331,N2C,16,4.6518,123.0,10,51.51,0.371
331,S2C,16,4.4297,116.0,10,54.09,0.3696
331,E2C,7,12.3956,0.0,0,19.33,0.0635
331,W2C,7,12.2167,0.0,0,19.61,0.0661
332,N2C,16,4.3867,88.0,8,54.62,0.3395
332,S2C,16,4.4056,81.0,8,54.39,0.3346
332,E2C,7,12.1226,0.0,0,19.76,0.0674
332,W2C,7,11.3918,0.0,0,21.03,0.078
333,N2C,16,4.3606,56.0,6,54.95,0.3065
333,S2C,16,4.6268,51.0,6,51.79,0.2994
333,E2C,7,11.5878,0.0,0,20.68,0.0751
333,W2C,7,10.7375,0.0,0,22.31,0.0874
334,N2C,15,5.1489,31.0,4,46.53,0.2605
334,S2C,15,5.6199,28.0,5,42.63,0.2577
334,E2C,8,11.0111,0.0,0,21.76,0.0895
334,W2C,8,10.8244,0.0,0,22.14,0.0921
335,N2C,15,5.0324,13.0,3,47.61,0.2442
335,S2C,15,5.9473,12.0,3,40.29,0.2304
335,E2C,8,10.2281,1.0,1,23.43,0.1074
335,W2C,8,9.9799,0.0,0,24.01,0.1043
336,N2C,15,5.6829,2.0,1,42.16,0.2155
336,S2C,14,5.9727,3.0,1,40.12,0.206
336,E2C,8,9.1033,2.0,1,26.32,0.1243
336,W2C,8,9.1277,1.0,1,26.25,0.1232
337,N2C,14,6.2102,0.0,0,38.58,0.1946
337,S2C,14,6.6529,0.0,0,36.01,0.1882
337,E2C,9,8.9927,3.0,1,26.64,0.1325
337,W2C,9,8.9904,3.0,2,26.65,0.1385
338,N2C,14,6.7162,0.0,0,35.67,0.1873
338,S2C,14,6.9531,0.0,0,34.46,0.1839
338,E2C,9,8.6276,4.0,1,27.77,0.1384
338,W2C,9,8.5248,5.0,2,28.11,0.1466
339,N2C,12,6.8607,0.0,0,34.92,0.1732
339,S2C,12,7.184,0.0,0,33.35,0.1686
339,E2C,9,8.1308,6.0,2,29.47,0.1529
339,W2C,9,8.3435,8.0,3,28.72,0.1572
340,N2C,13,7.8338,0.0,0,30.59,0.1652
340,S2C,13,8.5562,0.0,0,28.0,0.1548
340,E2C,10,8.0262,9.0,3,29.85,0.1684
340,W2C,10,8.6998,11.0,3,27.54,0.1601
341,N2C,12,8.1678,0.0,0,29.33,0.1544
341,S2C,11,8.6825,0.0,0,27.6,0.141
341,E2C,10,7.5124,12.0,3,31.89,0.1778
341,W2C,10,8.4216,14.0,3,28.45,0.1661
342,N2C,11,8.9258,0.0,0,26.84,0.1375
342,S2C,11,9.289,0.0,0,25.79,0.1322
342,E2C,10,7.2917,15.0,3,32.86,0.183
342,W2C,10,8.0437,17.0,3,29.79,0.1735
343,N2C,11,10.1442,0.0,0,23.62,0.1199
343,S2C,10,10.2455,0.0,0,23.39,0.1125
343,E2C,11,7.7226,19.0,4,31.03,0.1915
343,W2C,11,7.9211,20.0,3,30.25,0.1833
344,N2C,10,10.7716,0.0,0,22.24,0.1049
344,S2C,9,10.9367,0.0,0,21.91,0.0965
344,E2C,11,7.621,23.0,4,31.44,0.1956
344,W2C,11,7.3299,23.0,3,32.69,0.1938
345,N2C,9,11.1276,0.0,0,21.53,0.0938
345,S2C,8,11.8094,0.0,0,20.29,0.078
345,E2C,11,7.2236,27.0,4,33.17,0.204
345,W2C,11,6.3271,27.0,4,37.87,0.2169
346,N2C,8,12.2262,0.0,0,19.6,0.072
346,S2C,8,12.4264,0.0,0,19.28,0.0691
346,E2C,12,7.3841,31.0,4,32.45,0.2103
346,W2C,12,6.8115,32.0,5,35.18,0.2253
347,N2C,7,12.5355,0.0,0,19.11,0.0615
347,S2C,7,12.5564,0.0,0,19.08,0.0612
347,E2C,12,6.7501,35.0,4,35.5,0.2221
347,W2C,12,6.1183,37.0,5,39.16,0.2386
348,N2C,7,12.692,0.0,0,18.88,0.0593
348,S2C,7,12.7682,0.0,0,18.77,0.0582
348,E2C,12,5.9124,40.0,5,40.52,0.2435
348,W2C,12,5.4696,42.0,5,43.81,0.2512
349,N2C,7,12.8929,0.0,0,18.58,0.0564
349,S2C,7,13.2008,0.0,0,18.15,0.0519
349,E2C,13,5.6968,45.0,5,42.06,0.256
349,W2C,13,5.7133,47.0,5,41.94,0.2571
350,N2C,7,12.6925,0.0,0,18.88,0.0592
350,S2C,7,12.9391,0.0,0,18.52,0.0557
350,E2C,13,5.1628,51.0,6,46.41,0.2737
350,W2C,13,5.319,53.0,6,45.05,0.2727
351,N2C,6,12.8282,0.0,0,18.68,0.0513
351,S2C,6,13.1283,0.0,0,18.25,0.047
351,E2C,13,4.9155,58.0,7,48.74,0.2879
351,W2C,13,4.8815,59.0,6,49.08,0.283
352,N2C,7,12.9409,0.0,0,18.51,0.0557
352,S2C,6,12.9886,0.0,0,18.45,0.049
352,E2C,14,5.4203,65.0,7,44.2,0.2913
352,W2C,14,5.2941,66.0,7,45.26,0.2938
353,N2C,6,12.7894,0.0,0,18.73,0.0518
353,S2C,6,12.9395,0.0,0,18.52,0.0497
353,E2C,14,4.9994,72.0,7,47.93,0.302
353,W2C,14,5.1136,73.0,7,46.86,0.301
354,N2C,6,12.9326,0.0,0,18.53,0.0498
354,S2C,6,12.6762,0.0,0,18.9,0.0535
354,E2C,14,4.7417,80.0,8,50.53,0.3171
354,W2C,14,5.0523,81.0,8,47.42,0.3133
355,N2C,7,13.01,0.0,0,18.42,0.0547
355,S2C,6,12.677,0.0,0,18.9,0.0535
355,E2C,15,5.045,88.0,8,47.49,0.324
355,W2C,15,5.361,89.0,8,44.69,0.3201
356,N2C,7,12.8194,0.0,0,18.69,0.0574
356,S2C,6,12.4613,0.0,0,19.23,0.0566
356,E2C,15,5.0857,96.0,8,47.11,0.3288
356,W2C,15,5.014,97.0,8,47.79,0.3305
357,N2C,7,13.0351,0.0,0,18.38,0.0543
357,S2C,6,12.5546,0.0,0,19.08,0.0552
357,E2C,15,5.0057,105.0,9,47.86,0.3419
357,W2C,15,4.7709,105.0,8,50.22,0.3393
358,N2C,7,13.469,0.0,0,17.79,0.0481
358,S2C,7,12.9065,0.0,0,18.56,0.0562
358,E2C,16,5.1946,114.0,9,46.12,0.3512
358,W2C,16,4.9926,113.0,8,47.99,0.3474
359,N2C,6,13.2292,0.0,0,18.11,0.0455
359,S2C,6,12.7916,0.0,0,18.73,0.0518
359,E2C,16,4.8398,123.0,9,49.51,0.3623
359,W2C,16,4.7046,122.0,9,50.93,0.3636
360,N2C,6,13.131,0.0,0,18.25,0.0469
360,S2C,6,12.3436,0.0,0,19.41,0.0583
360,E2C,16,4.6587,132.0,9,51.43,0.3709
360,W2C,16,4.5162,132.0,10,53.05,0.379
361,N2C,6,13.2266,0.0,0,18.12,0.0456
361,S2C,6,12.7269,0.0,0,18.83,0.0527
361,E2C,17,4.9815,142.0,10,48.1,0.3849
361,W2C,17,4.8489,142.0,10,49.41,0.3868
362,N2C,6,13.1337,0.0,0,18.24,0.0469
362,S2C,6,12.639,0.0,0,18.96,0.054
362,E2C,17,4.4004,152.0,10,54.45,0.4
362,W2C,17,4.5502,152.0,10,52.66,0.3978
363,N2C,6,12.9325,0.0,0,18.53,0.0498
363,S2C,6,12.6374,0.0,0,18.96,0.054
363,E2C,17,3.8515,162.0,10,62.21,0.4145
363,W2C,17,4.076,162.0,10,58.78,0.4113
364,N2C,7,12.3512,0.0,0,19.4,0.0642
364,S2C,6,12.5328,0.0,0,19.12,0.0555
364,E2C,16,4.5759,117.0,9,52.36,0.3621
364,W2C,16,4.6847,116.0,9,51.15,0.3599
365,N2C,7,11.5619,0.0,0,20.72,0.0755
365,S2C,7,12.2299,0.0,0,19.59,0.0659
365,E2C,16,4.514,78.0,8,53.08,0.331
365,W2C,16,4.399,78.0,7,54.47,0.3267
366,N2C,7,10.8377,0.0,0,22.11,0.086
366,S2C,7,11.4597,0.0,0,20.91,0.077
366,E2C,16,4.45,50.0,6,53.84,0.3013
366,W2C,16,4.5801,47.0,6,52.31,0.2974
367,N2C,8,10.9424,0.0,0,21.9,0.0904
367,S2C,8,10.594,0.0,0,22.62,0.0955
367,E2C,15,5.2217,29.0,5,45.89,0.2641
367,W2C,15,5.4418,23.0,4,44.03,0.251
368,N2C,8,10.1547,0.0,0,23.59,0.1018
368,S2C,8,10.0417,1.0,1,23.86,0.1101
368,E2C,15,5.3932,11.0,3,44.43,0.2377
368,W2C,15,5.6612,9.0,3,42.32,0.2325
369,N2C,8,9.4079,1.0,1,25.47,0.1192
369,S2C,8,9.352,2.0,1,25.62,0.1207
369,E2C,14,5.5475,4.0,2,43.19,0.2188
369,W2C,13,6.2574,2.0,1,38.29,0.1952
370,N2C,9,9.4205,2.0,1,25.43,0.1257
370,S2C,9,10.0831,4.0,2,23.76,0.1235
370,E2C,14,6.446,0.0,0,37.17,0.1912
370,W2C,14,7.2089,0.0,0,33.24,0.1802
371,N2C,9,8.8769,4.0,2,26.99,0.1408
371,S2C,9,9.8511,6.0,2,24.32,0.1282
371,E2C,14,6.884,0.0,0,34.81,0.1849
371,W2C,12,7.5395,0.0,0,31.78,0.1634
372,N2C,9,8.2066,6.0,2,29.2,0.1518
372,S2C,9,9.6338,8.0,2,24.87,0.1326
372,E2C,12,8.0256,0.0,0,29.85,0.1564
372,W2C,12,8.2962,0.0,0,28.88,0.1525
373,N2C,10,8.4155,9.0,3,28.47,0.1628
373,S2C,10,9.1913,10.0,2,26.07,0.1463
373,E2C,13,8.9625,0.0,0,26.73,0.149
373,W2C,11,8.8875,0.0,0,26.96,0.138
374,N2C,10,7.9883,12.0,3,29.99,0.171
374,S2C,10,8.2365,12.0,2,29.09,0.1614
374,E2C,11,9.3762,0.0,0,25.55,0.131
374,W2C,11,9.5564,0.0,0,25.07,0.1284
375,N2C,10,7.337,15.0,3,32.66,0.1824
375,S2C,10,7.4854,14.0,2,32.01,0.1736
375,E2C,10,9.7387,0.0,0,24.6,0.1198
375,W2C,9,10.1502,0.0,0,23.61,0.1078
376,N2C,11,7.6768,19.0,4,31.21,0.1921
376,S2C,11,7.2758,16.0,2,32.93,0.1839
376,E2C,10,10.7271,0.0,0,22.34,0.1055
376,W2C,10,11.0303,0.0,0,21.72,0.1012
377,N2C,11,7.0813,23.0,4,33.84,0.2034
377,S2C,11,6.9066,20.0,4,34.69,0.2039
377,E2C,9,11.7426,0.0,0,20.4,0.0849
377,W2C,8,11.7522,0.0,0,20.39,0.0788
378,N2C,11,6.5606,28.0,5,36.52,0.2202
378,S2C,11,6.4293,24.0,4,37.27,0.2134
378,E2C,8,11.9893,0.0,0,19.98,0.0754
378,W2C,8,12.163,0.0,0,19.7,0.0729
379,N2C,12,6.9083,33.0,5,34.68,0.2245
379,S2C,12,6.8474,29.0,5,34.99,0.2227
379,E2C,9,12.4095,0.0,0,19.31,0.0753
379,W2C,7,11.5728,0.0,0,20.7,0.0754
380,N2C,12,6.2221,38.0,5,38.51,0.2377
380,S2C,12,6.3359,34.0,5,37.82,0.2334
380,E2C,7,12.5325,0.0,0,19.12,0.0615
380,W2C,7,12.0341,0.0,0,19.91,0.0687
381,N2C,12,6.0593,43.0,5,39.54,0.2434
381,S2C,12,5.9132,40.0,6,40.52,0.2495
381,E2C,7,12.5398,0.0,0,19.11,0.0614
381,W2C,6,12.1827,0.0,0,19.67,0.0606
382,N2C,13,6.2958,49.0,6,38.06,0.256
382,S2C,13,6.2655,46.0,6,38.24,0.2545
382,E2C,7,13.0806,0.0,0,18.32,0.0537
382,W2C,6,12.1348,0.0,0,19.74,0.0613
383,N2C,13,5.8662,55.0,6,40.84,0.2662
383,S2C,13,5.9882,52.0,6,40.01,0.2624
383,E2C,6,13.0678,0.0,0,18.34,0.0478
383,W2C,6,12.1626,0.0,0,19.7,0.0609
384,N2C,13,5.4622,62.0,7,43.86,0.2827
384,S2C,13,5.6504,58.0,6,42.4,0.2713
384,E2C,6,12.7865,0.0,0,18.74,0.0519
384,W2C,6,12.1771,0.0,0,19.68,0.0607
385,N2C,14,5.572,69.0,7,43.0,0.2918
385,S2C,14,5.7607,65.0,7,41.59,0.2864
385,E2C,6,13.1615,0.0,0,18.2,0.0465
385,W2C,6,12.2025,0.0,0,19.64,0.0603
386,N2C,14,5.1072,76.0,7,46.91,0.3031
386,S2C,14,5.1018,72.0,7,46.96,0.3005
386,E2C,6,13.0611,0.0,0,18.34,0.0479
386,W2C,6,11.7351,0.0,0,20.42,0.067
387,N2C,14,5.0905,84.0,8,47.07,0.3147
387,S2C,14,4.8177,79.0,7,49.73,0.3093
387,E2C,6,13.2108,0.0,0,18.14,0.0458
387,W2C,6,11.8048,0.0,0,20.3,0.066
388,N2C,15,5.1174,92.0,8,46.82,0.3256
388,S2C,15,5.0718,87.0,8,47.24,0.323
388,E2C,6,13.0959,0.0,0,18.3,0.0474
388,W2C,7,12.3202,0.0,0,19.45,0.0646
389,N2C,15,4.721,101.0,9,50.75,0.3434
389,S2C,15,5.0535,95.0,8,47.41,0.3286
389,E2C,6,13.1346,0.0,0,18.24,0.0469
389,W2C,7,11.9907,0.0,0,19.98,0.0693
390,N2C,15,4.4968,110.0,9,53.28,0.3526
390,S2C,15,4.7223,104.0,9,50.74,0.3453
390,E2C,6,13.0519,0.0,0,18.36,0.0481
390,W2C,7,12.0834,0.0,0,19.83,0.068
391,N2C,16,4.7643,119.0,9,50.29,0.3607
391,S2C,16,5.032,113.0,9,47.62,0.3529
391,E2C,6,13.0392,0.0,0,18.38,0.0483
391,W2C,7,12.0763,0.0,0,19.84,0.0681
392,N2C,16,4.4366,128.0,9,54.01,0.3715
392,S2C,16,4.7029,122.0,9,50.95,0.3636
392,E2C,6,12.5474,0.0,0,19.1,0.0553
392,W2C,6,12.3866,0.0,0,19.34,0.0576
393,N2C,16,4.1116,138.0,10,58.27,0.3888
393,S2C,16,4.4188,131.0,9,54.22,0.3737
393,E2C,6,12.8223,0.0,0,18.69,0.0514
393,W2C,6,12.0661,0.0,0,19.86,0.0623
394,N2C,17,4.3833,148.0,10,54.66,0.3976
394,S2C,17,4.5106,141.0,10,53.12,0.3911
394,E2C,7,12.8819,0.0,0,18.6,0.0565
394,W2C,7,12.1334,0.0,0,19.75,0.0673
395,N2C,17,4.251,159.0,11,56.36,0.4128
395,S2C,17,4.0961,151.0,10,58.49,0.4037
395,E2C,7,12.0198,0.0,0,19.93,0.0689
395,W2C,7,11.3084,0.0,0,21.19,0.0792
396,N2C,17,3.6966,170.0,11,64.82,0.4281
396,S2C,17,3.6447,162.0,11,65.74,0.4235
396,E2C,7,11.4562,0.0,0,20.91,0.077
396,W2C,7,10.7582,0.0,0,22.27,0.0871
397,N2C,16,4.4347,125.0,9,54.03,0.3695
397,S2C,16,4.536,115.0,9,52.82,0.3614
397,E2C,8,10.9684,0.0,0,21.84,0.0901
397,W2C,8,11.0565,0.0,0,21.67,0.0888
398,N2C,16,4.3733,86.0,8,54.79,0.3384
398,S2C,16,4.4451,81.0,8,53.9,0.334
398,E2C,8,10.1507,1.0,1,23.6,0.1085
398,W2C,8,11.0801,0.0,0,21.62,0.0885
399,N2C,16,4.6164,54.0,6,51.9,0.3015
399,S2C,16,4.4092,49.0,6,54.34,0.3012
399,E2C,8,8.9774,2.0,1,26.69,0.1261
399,W2C,8,10.4613,1.0,1,22.9,0.104
400,N2C,15,5.2672,29.0,4,45.49,0.2575
400,S2C,15,5.4307,26.0,4,44.12,0.2531
400,E2C,8,8.677,4.0,2,27.61,0.1377
400,W2C,9,10.2482,2.0,1,23.38,0.1138
401,N2C,15,5.5522,11.0,2,43.15,0.2294
401,S2C,15,5.3888,11.0,3,44.46,0.2377
401,E2C,9,8.8184,6.0,2,27.17,0.143
401,W2C,9,9.5766,3.0,1,25.02,0.1241
402,N2C,14,5.9788,1.0,1,40.07,0.2046
402,S2C,14,6.0542,2.0,1,39.58,0.2042
402,E2C,9,8.4873,8.0,2,28.23,0.1491
402,W2C,9,9.2042,5.0,2,26.03,0.1368
403,N2C,14,7.1027,0.0,0,33.73,0.1817
403,S2C,14,6.7474,0.0,0,35.51,0.1868
403,E2C,10,8.4176,11.0,3,28.46,0.1641
403,W2C,10,9.5031,7.0,2,25.21,0.1398
404,N2C,13,7.5605,0.0,0,31.69,0.1691
404,S2C,13,7.2972,0.0,0,32.83,0.1729
404,E2C,10,7.4513,14.0,3,32.16,0.18
404,W2C,10,8.9428,9.0,2,26.79,0.1492
405,N2C,12,7.7799,0.0,0,30.8,0.16
405,S2C,12,7.3317,0.0,0,32.68,0.1664
405,E2C,10,6.7723,17.0,3,35.38,0.1918
405,W2C,10,7.8672,11.0,2,30.46,0.1661
406,N2C,12,8.8392,0.0,0,27.11,0.1447
406,S2C,13,8.8303,0.0,0,27.13,0.1509
406,E2C,11,7.1188,21.0,4,33.66,0.2015
406,W2C,11,7.5917,13.0,2,31.56,0.1774
407,N2C,11,9.2719,0.0,0,25.84,0.1325
407,S2C,11,9.3199,0.0,0,25.71,0.1318
407,E2C,11,7.0368,25.0,4,34.05,0.2053
407,W2C,11,7.0195,15.0,2,34.13,0.1869
408,N2C,10,9.7498,0.0,0,24.57,0.1196
408,S2C,10,9.8728,0.0,0,24.27,0.1178
408,E2C,11,7.0587,30.0,5,33.94,0.2144
408,W2C,11,6.4325,19.0,4,37.25,0.21
409,N2C,10,10.9095,0.0,0,21.96,0.1029
409,S2C,10,10.8462,0.0,0,22.09,0.1038
409,E2C,12,7.5607,35.0,5,31.69,0.2165
409,W2C,12,6.8495,23.0,4,34.98,0.2127
410,N2C,9,11.5819,0.0,0,20.69,0.0872
410,S2C,8,11.5322,0.0,0,20.78,0.0819
410,E2C,12,6.8925,40.0,5,34.76,0.2294
410,W2C,12,6.0253,28.0,5,39.77,0.2339
411,N2C,8,12.289,0.0,0,19.5,0.0711
411,S2C,8,11.9569,0.0,0,20.04,0.0758
411,E2C,12,6.2652,45.0,5,38.24,0.2418
411,W2C,12,5.5934,33.0,5,42.84,0.2435
412,N2C,8,12.7479,0.0,0,18.8,0.0644
412,S2C,7,12.6462,0.0,0,18.95,0.0599
412,E2C,13,6.255,50.0,5,38.31,0.2513
412,W2C,13,5.8323,39.0,6,41.08,0.256
413,N2C,7,13.225,0.0,0,18.12,0.0516
413,S2C,7,12.7073,0.0,0,18.86,0.059
413,E2C,13,5.625,55.0,5,42.6,0.2637
413,W2C,13,5.4932,46.0,7,43.62,0.2716
414,N2C,6,13.0625,0.0,0,18.34,0.0479
414,S2C,6,12.7326,0.0,0,18.82,0.0527
414,E2C,13,5.311,61.0,6,45.11,0.2782
414,W2C,13,4.9922,53.0,7,47.99,0.2835
415,N2C,6,13.025,0.0,0,18.4,0.0485
415,S2C,7,12.6221,0.0,0,18.98,0.0603
415,E2C,14,5.4733,68.0,7,43.78,0.2925
415,W2C,14,5.5039,60.0,7,43.53,0.2868
416,N2C,6,13.0323,0.0,0,18.39,0.0483
416,S2C,6,12.0998,0.0,0,19.8,0.0618
416,E2C,14,5.2636,76.0,8,45.52,0.3069
416,W2C,14,5.4424,67.0,7,44.02,0.2923
417,N2C,6,13.1725,0.0,0,18.19,0.0463
417,S2C,6,12.2908,0.0,0,19.49,0.059
417,E2C,14,5.0583,84.0,8,47.37,0.3152
417,W2C,14,5.2694,75.0,8,45.47,0.3061
418,N2C,6,12.9182,0.0,0,18.55,0.05
418,S2C,5,12.215,0.0,0,19.62,0.0541
418,E2C,15,5.3413,92.0,8,44.86,0.3224
418,W2C,15,5.387,83.0,8,44.48,0.3158
419,N2C,6,13.1022,0.0,0,18.29,0.0473
419,S2C,6,12.3548,0.0,0,19.39,0.0581
419,E2C,15,5.1194,100.0,8,46.8,0.331
419,W2C,15,4.8895,91.0,8,49.0,0.3283
420,N2C,6,13.1153,0.0,0,18.27,0.0472
420,S2C,6,12.3896,0.0,0,19.34,0.0576
420,E2C,15,4.7012,108.0,8,50.97,0.3423
420,W2C,15,4.2937,99.0,8,55.8,0.3422
421,N2C,7,13.2898,0.0,0,18.03,0.0506
421,S2C,7,12.5372,0.0,0,19.11,0.0615
421,E2C,16,4.6775,117.0,9,51.22,0.3606
421,W2C,16,4.7479,107.0,8,50.46,0.347
422,N2C,6,13.2804,0.0,0,18.04,0.0448
422,S2C,7,12.6752,0.0,0,18.9,0.0595
422,E2C,16,4.1671,127.0,10,57.5,0.3807
422,W2C,16,4.7633,116.0,9,50.3,0.3587
423,N2C,6,13.0647,0.0,0,18.34,0.0479
423,S2C,7,12.3994,0.0,0,19.32,0.0635
423,E2C,16,4.0133,137.0,10,59.7,0.3895
423,W2C,16,4.4213,126.0,10,54.19,0.3763
424,N2C,5,13.3122,0.0,0,18.0,0.0383
424,S2C,5,12.1806,0.0,0,19.67,0.0546
424,E2C,17,4.3262,147.0,10,55.38,0.3977
424,W2C,17,4.4946,136.0,10,53.31,0.3879
425,N2C,6,13.064,0.0,0,18.34,0.0479
425,S2C,6,12.3363,0.0,0,19.42,0.0584
425,E2C,17,3.9357,157.0,10,60.88,0.41
425,W2C,17,4.0362,146.0,10,59.36,0.4012
426,N2C,6,12.8016,0.0,0,18.72,0.0517
426,S2C,6,12.4826,0.0,0,19.19,0.0563
426,E2C,17,3.7462,168.0,11,63.96,0.4261
426,W2C,17,3.7626,156.0,10,63.68,0.4118
427,N2C,6,12.5526,0.0,0,19.09,0.0553
427,S2C,6,12.2661,0.0,0,19.53,0.0594
427,E2C,18,4.0298,179.0,11,59.46,0.4353
427,W2C,18,4.2442,168.0,12,56.45,0.4309
428,N2C,6,12.6443,0.0,0,18.95,0.0539
428,S2C,6,12.0876,0.0,0,19.82,0.062
428,E2C,18,3.7542,191.0,12,63.82,0.4533
428,W2C,18,4.1339,180.0,12,57.96,0.4405
429,N2C,6,12.1623,0.0,0,19.7,0.0609
429,S2C,6,12.2468,0.0,0,19.56,0.0597
429,E2C,18,3.5896,203.0,12,66.75,0.4636
429,W2C,18,3.9135,192.0,12,61.22,0.4517
430,N2C,6,11.4762,0.0,0,20.88,0.0708
430,S2C,7,12.0507,0.0,0,19.88,0.0685
430,E2C,17,4.4991,152.0,11,53.26,0.4046
430,W2C,17,4.4033,143.0,10,54.41,0.3939
431,N2C,7,11.5208,0.0,0,20.8,0.0761
431,S2C,7,11.3961,0.0,0,21.02,0.0779
431,E2C,17,4.4838,108.0,9,53.44,0.3634
431,W2C,17,4.1833,105.0,8,57.27,0.3598
432,N2C,7,10.5962,0.0,0,22.61,0.0894
432,S2C,7,10.9715,0.0,0,21.84,0.084
432,E2C,17,4.4213,74.0,7,54.19,0.3297
432,W2C,17,4.3157,71.0,8,55.52,0.3352
433,N2C,8,10.6242,1.0,1,22.55,0.1017
433,S2C,8,11.0005,0.0,0,21.78,0.0896
433,E2C,16,4.8889,43.0,5,49.01,0.2843
433,W2C,16,4.9527,41.0,6,48.38,0.288
434,N2C,8,9.7583,2.0,1,24.55,0.1148
434,S2C,8,10.7147,1.0,1,22.36,0.1004
434,E2C,16,4.999,21.0,3,47.93,0.256
434,W2C,16,5.1462,22.0,4,46.56,0.2606
435,N2C,8,9.154,4.0,2,26.17,0.1309
435,S2C,8,10.7535,2.0,1,22.28,0.1005
435,E2C,15,5.1166,8.0,3,46.83,0.2397
435,W2C,16,5.1943,8.0,2,46.13,0.2385
436,N2C,9,9.2869,6.0,2,25.8,0.1363
436,S2C,9,10.6165,3.0,1,22.57,0.1091
436,E2C,15,6.0302,2.0,1,39.73,0.2105
436,W2C,15,6.0354,0.0,0,39.7,0.2031
437,N2C,9,8.8263,8.0,2,27.15,0.1442
437,S2C,9,9.5657,4.0,1,25.05,0.1249
437,E2C,14,6.5046,0.0,0,36.84,0.1903
437,W2C,15,6.1796,0.0,0,38.77,0.201
438,N2C,9,7.8149,10.0,2,30.66,0.1601
438,S2C,9,8.7324,5.0,1,27.44,0.1376
438,E2C,13,7.0771,0.0,0,33.86,0.1761
438,W2C,13,6.5533,0.0,0,36.56,0.1836
439,N2C,10,7.8068,12.0,2,30.69,0.1676
439,S2C,10,8.5517,6.0,1,28.02,0.1469
439,E2C,13,8.058,0.0,0,29.73,0.162
439,W2C,14,7.7068,0.0,0,31.09,0.173
440,N2C,10,7.5852,15.0,3,31.59,0.1788
440,S2C,10,8.1824,9.0,3,29.28,0.1662
440,E2C,12,8.3814,0.0,0,28.59,0.1513
440,W2C,12,8.2703,0.0,0,28.97,0.1529
441,N2C,10,7.4037,19.0,4,32.36,0.1901
441,S2C,10,7.7054,12.0,3,31.1,0.1751
441,E2C,11,8.7867,0.0,0,27.27,0.1395
441,W2C,12,9.0351,0.0,0,26.52,0.1419
442,N2C,11,7.9799,23.0,4,30.03,0.1904
442,S2C,11,7.7177,15.0,3,31.05,0.1829
442,E2C,11,10.0385,0.0,0,23.87,0.1215
442,W2C,11,9.8563,0.0,0,24.31,0.1241
443,N2C,11,8.063,27.0,4,29.72,0.1919
443,S2C,11,7.2567,19.0,4,33.02,0.1982
443,E2C,10,10.8288,0.0,0,22.13,0.1041
443,W2C,11,10.5481,0.0,0,22.72,0.1141
444,N2C,11,7.8846,31.0,4,30.39,0.1971
444,S2C,11,6.7601,23.0,4,35.44,0.208
444,E2C,9,11.4361,0.0,0,20.95,0.0893
444,W2C,9,11.2932,0.0,0,21.22,0.0914
445,N2C,12,7.9687,35.0,4,30.07,0.2046
445,S2C,12,7.4039,28.0,5,32.36,0.2141
445,E2C,9,12.1803,0.0,0,19.67,0.0786
445,W2C,9,11.9749,0.0,0,20.01,0.0816
446,N2C,12,7.3829,39.0,4,32.45,0.2157
446,S2C,12,6.9996,33.0,5,34.23,0.2232
446,E2C,8,12.5385,0.0,0,19.11,0.0675
446,W2C,8,12.2738,0.0,0,19.52,0.0713
447,N2C,12,6.7443,43.0,4,35.53,0.2276
447,S2C,12,6.4078,38.0,5,37.39,0.2351
447,E2C,7,12.6801,0.0,0,18.9,0.0594
447,W2C,7,12.2777,0.0,0,19.52,0.0652
448,N2C,13,6.7344,48.0,5,35.58,0.243
448,S2C,13,6.3627,43.0,5,37.66,0.2451
448,E2C,7,12.8291,0.0,0,18.68,0.0573
448,W2C,7,12.9867,0.0,0,18.45,0.055
449,N2C,13,5.82,53.0,5,41.17,0.2595
449,S2C,13,5.8781,48.0,5,40.76,0.2554
449,E2C,7,12.7551,0.0,0,18.78,0.0583
449,W2C,6,13.0012,0.0,0,18.43,0.0488
450,N2C,13,5.2545,59.0,6,45.6,0.2777
450,S2C,13,5.4784,53.0,5,43.74,0.2645
450,E2C,6,13.0645,0.0,0,18.34,0.0479
450,W2C,6,12.8735,0.0,0,18.61,0.0506
451,N2C,14,5.6281,65.0,6,42.57,0.2823
451,S2C,14,5.8049,59.0,6,41.28,0.2758
451,E2C,6,12.8832,0.0,0,18.6,0.0505
451,W2C,7,12.8513,0.0,0,18.64,0.057
452,N2C,14,5.4694,72.0,7,43.81,0.2952
452,S2C,14,5.1082,66.0,7,46.91,0.2964
452,E2C,6,12.7776,0.0,0,18.75,0.052
452,W2C,6,12.9866,0.0,0,18.45,0.049
453,N2C,14,5.0559,80.0,8,47.39,0.3125
453,S2C,14,4.8894,73.0,7,49.0,0.3043
453,E2C,6,13.0911,0.0,0,18.3,0.0475
453,W2C,6,12.9527,0.0,0,18.5,0.0495
454,N2C,15,5.1055,88.0,8,46.93,0.3232
454,S2C,15,5.0039,81.0,8,47.88,0.3199
454,E2C,7,13.1752,0.0,0,18.19,0.0523
454,W2C,6,12.9358,0.0,0,18.52,0.0497
455,N2C,15,4.8035,96.0,8,49.88,0.3328
455,S2C,15,4.5509,90.0,9,52.65,0.3385
455,E2C,7,12.9519,0.0,0,18.5,0.0555
455,W2C,6,12.6673,0.0,0,18.91,0.0536
456,N2C,15,4.5086,104.0,8,53.14,0.3424
456,S2C,15,4.4471,99.0,9,53.88,0.346
456,E2C,6,13.1098,0.0,0,18.28,0.0472
456,W2C,6,12.5872,0.0,0,19.04,0.0548
457,N2C,16,4.7523,114.0,10,50.42,0.3636
457,S2C,16,4.8668,109.0,10,49.23,0.3586
457,E2C,6,13.0335,0.0,0,18.38,0.0483
457,W2C,6,12.9837,0.0,0,18.45,0.049
458,N2C,16,4.3339,124.0,10,55.28,0.3763
458,S2C,16,4.5236,119.0,10,52.97,0.3702
458,E2C,6,13.3927,0.0,0,17.89,0.0432
458,W2C,6,12.8849,0.0,0,18.6,0.0505
459,N2C,16,4.0681,134.0,10,58.9,0.3868
459,S2C,16,4.137,129.0,10,57.92,0.3824
459,E2C,6,13.1894,0.0,0,18.17,0.0461
459,W2C,6,12.6146,0.0,0,18.99,0.0544
460,N2C,17,4.2669,144.0,10,56.15,0.3966
460,S2C,17,4.2464,139.0,10,56.42,0.3935
460,E2C,6,13.5672,0.0,0,17.66,0.0406
460,W2C,6,12.4075,0.0,0,19.31,0.0573
461,N2C,17,3.9589,154.0,10,60.52,0.4077
461,S2C,17,4.1078,149.0,10,58.33,0.4022
461,E2C,6,13.2043,0.0,0,18.15,0.0459
461,W2C,6,12.6273,0.0,0,18.97,0.0542
462,N2C,17,3.8471,164.0,10,62.28,0.4159
462,S2C,17,3.8713,160.0,11,61.89,0.4189
462,E2C,6,12.9687,0.0,0,18.48,0.0493
462,W2C,6,12.4622,0.0,0,19.23,0.0566
463,N2C,16,4.4987,115.0,9,53.26,0.3619
463,S2C,16,4.8341,117.0,9,49.57,0.3584
463,E2C,7,12.345,0.0,0,19.41,0.0642
463,W2C,7,11.9179,0.0,0,20.1,0.0704
464,N2C,16,4.4023,76.0,8,54.43,0.3313
464,S2C,16,4.6065,79.0,7,52.01,0.3243
464,E2C,7,11.5969,0.0,0,20.66,0.075
464,W2C,7,11.1979,0.0,0,21.4,0.0808
465,N2C,16,4.3807,52.0,6,54.69,0.3036
465,S2C,16,4.5629,51.0,6,52.51,0.3003
465,E2C,7,10.8194,0.0,0,22.15,0.0862
465,W2C,7,10.6695,0.0,0,22.46,0.0884
466,N2C,15,5.3165,27.0,4,45.07,0.2554
466,S2C,15,5.3539,29.0,4,44.75,0.2562
466,E2C,8,10.6502,1.0,1,22.5,0.1013
466,W2C,8,11.3826,0.0,0,21.05,0.0841
467,N2C,15,5.4171,9.0,2,44.23,0.23
467,S2C,15,5.5337,9.0,2,43.3,0.2283
467,E2C,8,10.0566,2.0,1,23.83,0.1105
467,W2C,8,11.1049,1.0,1,21.58,0.0948
468,N2C,14,5.9785,1.0,1,40.08,0.2046
468,S2C,14,6.0203,1.0,1,39.8,0.204
468,E2C,8,9.4326,3.0,1,25.4,0.1202
468,W2C,8,10.4038,2.0,1,23.03,0.1055
469,N2C,14,7.0394,0.0,0,34.04,0.1826
469,S2C,14,7.1698,0.0,0,33.42,0.1808
469,E2C,9,9.4143,5.0,2,25.45,0.1338
469,W2C,9,9.9753,3.0,1,24.02,0.1184
470,N2C,14,7.4888,0.0,0,31.99,0.1762
470,S2C,14,7.605,0.0,0,31.51,0.1745
470,E2C,9,8.9167,7.0,2,26.87,0.1423
470,W2C,9,8.9544,4.0,1,26.76,0.1337
471,N2C,12,8.2553,0.0,0,29.02,0.1531
471,S2C,12,8.026,0.0,0,29.85,0.1564
471,E2C,9,8.5119,10.0,3,28.15,0.1561
471,W2C,9,8.3227,6.0,2,28.79,0.1502
472,N2C,13,9.0004,0.0,0,26.62,0.1484
472,S2C,12,8.8253,0.0,0,27.15,0.1449
472,E2C,10,8.4311,13.0,3,28.42,0.1653
472,W2C,10,8.7215,8.0,2,27.47,0.1518
473,N2C,11,9.286,0.0,0,25.8,0.1323
473,S2C,11,9.4988,0.0,0,25.22,0.1292
473,E2C,10,8.3446,16.0,3,28.71,0.1685
473,W2C,10,8.0852,11.0,3,29.63,0.1689
474,N2C,10,9.4296,0.0,0,25.41,0.1242
474,S2C,11,9.9033,0.0,0,24.19,0.1234
474,E2C,10,7.6677,19.0,3,31.25,0.1803
474,W2C,10,7.2043,14.0,3,33.26,0.1836
475,N2C,10,10.5394,0.0,0,22.73,0.1082
475,S2C,10,10.7334,0.0,0,22.32,0.1055
475,E2C,11,7.5951,22.0,3,31.55,0.1893
475,W2C,11,7.1435,17.0,3,33.54,0.1925
476,N2C,9,11.3258,0.0,0,21.16,0.0909
476,S2C,8,11.3398,0.0,0,21.13,0.0847
476,E2C,11,7.0621,25.0,3,33.93,0.199
476,W2C,11,6.9786,21.0,4,34.33,0.2035
477,N2C,8,12.1436,0.0,0,19.73,0.0731
477,S2C,8,11.9544,0.0,0,20.04,0.0759
477,E2C,11,6.5888,30.0,5,36.36,0.2211
477,W2C,11,6.2796,26.0,5,38.16,0.2229
478,N2C,8,12.5981,0.0,0,19.02,0.0666
478,S2C,7,12.892,0.0,0,18.59,0.0564
478,E2C,12,6.8902,35.0,5,34.77,0.2261
478,W2C,12,6.8423,31.0,5,35.02,0.2241
479,N2C,7,12.6804,0.0,0,18.9,0.0594
479,S2C,7,12.6064,0.0,0,19.01,0.0605
479,E2C,12,6.3432,40.0,5,37.77,0.2373
479,W2C,12,6.5786,36.0,5,36.42,0.2313
480,N2C,6,13.1477,0.0,0,18.22,0.0467
480,S2C,6,12.8688,0.0,0,18.62,0.0507
480,E2C,12,5.9917,46.0,6,39.99,0.2524
480,W2C,12,6.2506,41.0,5,38.33,0.2393
481,N2C,6,12.9989,0.0,0,18.43,0.0488
481,S2C,6,13.1251,0.0,0,18.26,0.047
481,E2C,13,6.1867,52.0,6,38.73,0.2596
481,W2C,13,6.611,47.0,6,36.24,0.2501
482,N2C,6,13.0632,0.0,0,18.34,0.0479
482,S2C,6,12.9284,0.0,0,18.53,0.0498
482,E2C,13,5.8527,58.0,6,40.94,0.2684
482,W2C,13,5.8352,53.0,6,41.06,0.2653
483,N2C,6,13.0138,0.0,0,18.41,0.0486
483,S2C,6,13.0639,0.0,0,18.34,0.0479
483,E2C,13,5.3533,65.0,7,44.76,0.2863
483,W2C,13,5.29,59.0,6,45.29,0.2772
484,N2C,6,12.8946,0.0,0,18.58,0.0503
484,S2C,5,12.8613,0.0,0,18.63,0.0448
484,E2C,14,5.6436,73.0,8,42.46,0.2994
484,W2C,14,5.6149,66.0,7,42.67,0.2892
485,N2C,6,12.8536,0.0,0,18.64,0.0509
485,S2C,6,12.599,0.0,0,19.02,0.0546
485,E2C,14,5.2568,81.0,8,45.58,0.3103
485,W2C,14,5.4807,74.0,8,43.72,0.3024
486,N2C,6,13.0021,0.0,0,18.43,0.0488
486,S2C,6,12.4248,0.0,0,19.28,0.0571
486,E2C,14,5.079,89.0,8,47.17,0.3182
486,W2C,14,5.2923,82.0,8,45.27,0.3105
487,N2C,6,12.8652,0.0,0,18.62,0.0508
487,S2C,6,11.9592,0.0,0,20.03,0.0638
487,E2C,15,5.1357,97.0,8,46.65,0.3287
487,W2C,15,5.3454,90.0,8,44.82,0.321
488,N2C,6,12.6489,0.0,0,18.94,0.0539
488,S2C,6,12.2894,0.0,0,19.5,0.059
488,E2C,15,4.8387,106.0,9,49.52,0.345
488,W2C,15,4.774,98.0,8,50.19,0.3346
489,N2C,6,12.5616,0.0,0,19.07,0.0551
489,S2C,6,12.0123,0.0,0,19.95,0.063
489,E2C,15,4.5293,115.0,9,52.9,0.3554
489,W2C,15,4.5321,106.0,8,52.87,0.3434
490,N2C,7,12.6626,0.0,0,18.92,0.0597
490,S2C,7,12.407,0.0,0,19.31,0.0634
490,E2C,16,4.7129,124.0,9,50.84,0.3648
490,W2C,16,4.6151,115.0,9,51.92,0.3602
491,N2C,7,12.6899,0.0,0,18.88,0.0593
491,S2C,7,11.9355,0.0,0,20.07,0.0701
491,E2C,16,4.2825,133.0,9,55.95,0.377
491,W2C,16,4.3619,124.0,9,54.93,0.3699
492,N2C,6,12.7011,0.0,0,18.86,0.0531
492,S2C,6,12.1207,0.0,0,19.77,0.0615
492,E2C,16,4.1817,143.0,10,57.3,0.3911
492,W2C,16,4.1215,133.0,9,58.13,0.3793
493,N2C,6,12.8527,0.0,0,18.64,0.0509
493,S2C,7,11.621,0.0,0,20.62,0.0747
493,E2C,17,4.3155,153.0,10,55.52,0.4019
493,W2C,17,4.3476,144.0,11,55.11,0.4014
494,N2C,6,13.0231,0.0,0,18.4,0.0485
494,S2C,7,10.7884,0.0,0,22.21,0.0867
494,E2C,17,4.1068,164.0,11,58.34,0.4182
494,W2C,17,3.9783,155.0,11,60.23,0.4141
495,N2C,6,12.4263,0.0,0,19.28,0.0571
495,S2C,7,10.1211,1.0,1,23.67,0.1029
495,E2C,17,3.6544,175.0,11,65.56,0.432
495,W2C,17,3.7921,166.0,11,63.18,0.4241
496,N2C,7,11.8453,0.0,0,20.23,0.0714
496,S2C,7,9.507,2.0,1,25.2,0.1124
496,E2C,16,4.3679,127.0,9,54.85,0.3718
496,W2C,16,4.5915,123.0,9,52.18,0.3659
497,N2C,7,11.1163,0.0,0,21.55,0.0819
497,S2C,8,9.6069,3.0,1,24.94,0.1177
497,E2C,16,4.3446,89.0,8,55.15,0.3408
497,W2C,16,4.6192,83.0,7,51.87,0.3268
498,N2C,7,11.0104,0.0,0,21.76,0.0835
498,S2C,8,8.8729,5.0,2,27.0,0.1356
498,E2C,16,4.3197,56.0,6,55.47,0.3071
498,W2C,16,4.5724,51.0,6,52.4,0.3002
499,N2C,8,11.0703,0.0,0,21.64,0.0886
499,S2C,9,8.867,7.0,2,27.02,0.143
499,E2C,15,5.1843,30.0,5,46.22,0.2654
499,W2C,15,5.3351,26.0,4,44.91,0.2545
500,N2C,8,10.8476,1.0,1,22.09,0.0985
500,S2C,9,8.3975,9.0,2,28.53,0.1511
500,E2C,15,5.3217,13.0,3,45.02,0.24
500,W2C,15,5.5484,12.0,3,43.18,0.2361
501,N2C,8,10.3847,2.0,1,23.07,0.1058
501,S2C,9,8.2712,11.0,2,28.97,0.1542
501,E2C,14,5.3628,4.0,2,44.68,0.2214
501,W2C,14,5.5781,2.0,1,42.95,0.211
502,N2C,9,9.9939,3.0,1,23.97,0.1181
502,S2C,10,8.5984,13.0,2,27.87,0.1569
502,E2C,14,6.2246,0.0,0,38.49,0.1944
502,W2C,14,6.5307,0.0,0,36.69,0.19
503,N2C,9,9.3237,4.0,1,25.7,0.1284
503,S2C,10,8.6233,16.0,3,27.79,0.1645
503,E2C,14,6.8731,0.0,0,34.86,0.185
503,W2C,13,6.7165,0.0,0,35.67,0.1813
504,N2C,9,8.8038,5.0,1,27.22,0.1366
504,S2C,10,8.566,19.0,3,27.97,0.1673
504,E2C,12,7.3617,0.0,0,32.55,0.166
504,W2C,12,7.3122,0.0,0,32.77,0.1667
505,N2C,10,8.6545,7.0,2,27.68,0.1521
505,S2C,11,8.8622,22.0,3,27.04,0.1711
505,E2C,13,8.4193,0.0,0,28.46,0.1568
505,W2C,13,8.5369,0.0,0,28.07,0.1551
506,N2C,10,8.0181,10.0,3,29.88,0.1692
506,S2C,11,8.4072,25.0,3,28.5,0.1796
506,E2C,11,8.9057,0.0,0,26.9,0.1378
506,W2C,11,9.0829,0.0,0,26.38,0.1352
507,N2C,10,7.2263,13.0,3,33.16,0.1826
507,S2C,11,8.2733,28.0,3,28.96,0.1835
507,E2C,10,9.8405,0.0,0,24.35,0.1183
507,W2C,11,9.9657,0.0,0,24.04,0.1225
508,N2C,11,7.4607,16.0,3,32.12,0.1872
508,S2C,12,8.106,32.0,4,29.56,0.2006
508,E2C,10,11.0511,0.0,0,21.68,0.1009
508,W2C,10,11.0182,0.0,0,21.75,0.1014
509,N2C,11,6.8264,20.0,4,35.1,0.205
509,S2C,12,7.0587,36.0,4,33.94,0.2184
509,E2C,9,11.6415,0.0,0,20.58,0.0864
509,W2C,10,11.5391,0.0,0,20.76,0.0939
510,N2C,11,6.3857,24.0,4,37.52,0.2141
510,S2C,12,6.4338,40.0,4,37.24,0.23
510,E2C,8,11.97,0.0,0,20.02,0.0756
510,W2C,8,12.296,0.0,0,19.49,0.071
511,N2C,12,6.6135,29.0,5,36.23,0.2261
511,S2C,13,6.4222,45.0,5,37.31,0.2455
511,E2C,7,12.5395,0.0,0,19.11,0.0614
511,W2C,8,12.8927,0.0,0,18.58,0.0624
512,N2C,12,6.2221,35.0,6,38.51,0.2417
512,S2C,13,6.0235,51.0,6,39.78,0.2613
512,E2C,7,12.4305,0.0,0,19.28,0.063
512,W2C,7,12.975,0.0,0,18.47,0.0552
513,N2C,12,5.6986,41.0,6,42.05,0.2533
513,S2C,13,5.8464,57.0,6,40.98,0.2678
513,E2C,7,12.5369,0.0,0,19.11,0.0615
513,W2C,7,12.8482,0.0,0,18.65,0.057
514,N2C,13,5.9929,47.0,6,39.98,0.259
514,S2C,14,5.9549,64.0,7,40.24,0.2829
514,E2C,7,12.6301,0.0,0,18.97,0.0601
514,W2C,7,12.8521,0.0,0,18.64,0.0569
515,N2C,13,5.407,53.0,6,44.31,0.2715
515,S2C,14,5.2499,71.0,7,45.64,0.2977
515,E2C,7,12.5057,0.0,0,19.16,0.0619
515,W2C,6,13.027,0.0,0,18.39,0.0484
516,N2C,13,5.3215,59.0,6,45.02,0.2767
516,S2C,14,4.9547,78.0,7,48.36,0.3067
516,E2C,7,12.4245,0.0,0,19.28,0.0631
516,W2C,6,13.2255,0.0,0,18.12,0.0456
517,N2C,14,5.3457,66.0,7,44.82,0.293
517,S2C,15,5.1036,86.0,8,46.95,0.3218
517,E2C,6,12.65,0.0,0,18.94,0.0539
517,W2C,6,13.317,0.0,0,17.99,0.0442
518,N2C,14,5.1299,73.0,7,46.71,0.3008
518,S2C,15,4.8555,95.0,9,49.35,0.3374
518,E2C,6,12.212,0.0,0,19.62,0.0602
518,W2C,6,13.2517,0.0,0,18.08,0.0452
519,N2C,14,4.7015,81.0,8,50.96,0.3183
519,S2C,15,4.5484,104.0,9,52.68,0.3478
519,E2C,6,12.2936,0.0,0,19.49,0.059
519,W2C,6,13.1609,0.0,0,18.21,0.0465
520,N2C,15,5.1629,89.0,8,46.41,0.323
520,S2C,16,4.778,113.0,9,50.15,0.3565
520,E2C,6,12.5825,0.0,0,19.04,0.0548
520,W2C,5,13.3721,0.0,0,17.92,0.0375
521,N2C,15,4.8162,97.0,8,49.75,0.3333
521,S2C,16,4.2695,122.0,9,56.12,0.3699
521,E2C,6,12.5438,0.0,0,19.1,0.0554
521,W2C,6,13.0989,0.0,0,18.29,0.0474
522,N2C,15,4.7047,106.0,9,50.93,0.3469
522,S2C,16,4.1087,132.0,10,58.31,0.3848
522,E2C,6,12.1709,0.0,0,19.69,0.0608
522,W2C,6,13.0877,0.0,0,18.31,0.0476
523,N2C,16,4.9158,115.0,9,48.74,0.3559
523,S2C,17,4.3551,142.0,10,55.02,0.394
523,E2C,7,12.7024,0.0,0,18.86,0.0591
523,W2C,6,13.3998,0.0,0,17.88,0.0431
524,N2C,16,4.3311,124.0,9,55.32,0.3703
524,S2C,17,4.147,153.0,11,57.78,0.4103
524,E2C,7,12.4037,0.0,0,19.32,0.0634
524,W2C,6,13.2656,0.0,0,18.06,0.045
525,N2C,16,3.8374,134.0,10,62.44,0.3901
525,S2C,17,3.6604,164.0,11,65.46,0.4246
525,E2C,7,12.3772,0.0,0,19.36,0.0638
525,W2C,6,13.0344,0.0,0,18.38,0.0483
526,N2C,17,4.3131,144.0,10,55.55,0.3959
526,S2C,18,3.9582,176.0,12,60.53,0.4403
526,E2C,6,12.3694,0.0,0,19.37,0.0579
526,W2C,6,13.2449,0.0,0,18.09,0.0453
527,N2C,17,4.0008,155.0,11,59.89,0.4137
527,S2C,18,3.732,188.0,12,64.2,0.4516
527,E2C,6,12.5121,0.0,0,19.15,0.0558
527,W2C,6,12.9438,0.0,0,18.51,0.0496
528,N2C,17,3.7445,166.0,11,63.99,0.4247
528,S2C,18,3.4311,200.0,12,69.83,0.4639
528,E2C,6,12.1204,0.0,0,19.77,0.0615
528,W2C,6,12.743,0.0,0,18.8,0.0525
529,N2C,16,4.5647,122.0,9,52.49,0.3656
529,S2C,17,4.1764,151.0,11,57.37,0.4085
529,E2C,7,12.2938,0.0,0,19.49,0.065
529,W2C,7,12.7709,0.0,0,18.76,0.0581
530,N2C,16,4.4991,85.0,8,53.26,0.3359
530,S2C,17,4.0753,106.0,9,58.79,0.368
530,E2C,7,11.3728,0.0,0,21.07,0.0782
530,W2C,7,12.1546,0.0,0,19.71,0.067
531,N2C,16,4.4967,52.0,6,53.28,0.3019
531,S2C,17,4.0934,76.0,7,58.53,0.3357
531,E2C,7,11.3481,0.0,0,21.11,0.0786
531,W2C,7,11.3333,0.0,0,21.14,0.0788
532,N2C,15,5.7065,28.0,4,41.99,0.2505
532,S2C,16,4.5599,46.0,5,52.54,0.291
532,E2C,8,11.264,0.0,0,21.27,0.0858
532,W2C,8,10.9549,0.0,0,21.87,0.0903
533,N2C,15,6.1207,14.0,3,39.15,0.2292
533,S2C,16,4.7505,24.0,4,50.44,0.2676
533,E2C,8,10.8701,0.0,0,22.04,0.0915
533,W2C,8,10.1108,0.0,0,23.7,0.1024
534,N2C,14,6.5487,2.0,1,36.59,0.197
534,S2C,15,5.311,8.0,2,45.11,0.2309
534,E2C,8,10.6005,1.0,1,22.6,0.102
534,W2C,8,9.4114,1.0,1,25.46,0.1192
535,N2C,14,7.4918,0.0,0,31.98,0.1761
535,S2C,15,6.1199,1.0,1,39.15,0.2085
535,E2C,9,10.4984,2.0,1,22.82,0.1102
535,W2C,9,9.5755,2.0,1,25.02,0.1235
536,N2C,14,7.5692,0.0,0,31.65,0.175
536,S2C,14,6.3476,0.0,0,37.75,0.1926
536,E2C,9,9.6785,3.0,1,24.76,0.1226
536,W2C,9,8.8929,4.0,2,26.94,0.1406
537,N2C,12,7.8604,0.0,0,30.48,0.1588
537,S2C,13,6.6214,0.0,0,36.19,0.1827
537,E2C,9,8.7039,5.0,2,27.53,0.144
537,W2C,9,8.8083,6.0,2,27.2,0.1432
538,N2C,12,8.8791,0.0,0,26.98,0.1442
538,S2C,14,7.9376,0.0,0,30.19,0.1697
538,E2C,10,8.9115,7.0,2,26.89,0.1484
538,W2C,10,8.7603,8.0,2,27.35,0.1512
539,N2C,11,9.5354,0.0,0,25.13,0.1287
539,S2C,12,8.3665,0.0,0,28.64,0.1515
539,E2C,10,8.0108,10.0,3,29.91,0.1693
539,W2C,10,7.9409,11.0,3,30.17,0.171
540,N2C,10,9.755,0.0,0,24.56,0.1195
540,S2C,11,9.6633,0.0,0,24.79,0.1269
540,E2C,10,7.2249,13.0,3,33.16,0.1826
540,W2C,10,7.4081,14.0,3,32.34,0.1807
541,N2C,10,10.8041,0.0,0,22.18,0.1044
541,S2C,11,10.4653,0.0,0,22.89,0.1153
541,E2C,11,7.3529,17.0,4,32.59,0.1955
541,W2C,11,7.3908,17.0,3,32.42,0.1889
542,N2C,8,11.5931,0.0,0,20.67,0.0811
542,S2C,10,10.7607,0.0,0,22.27,0.1051
542,E2C,11,6.9275,21.0,4,34.59,0.2043
542,W2C,11,7.0525,21.0,4,33.97,0.2025
543,N2C,8,12.0586,0.0,0,19.87,0.0744
543,S2C,9,11.1366,0.0,0,21.51,0.0936
543,E2C,11,6.4945,26.0,5,36.89,0.2198
543,W2C,11,6.7321,26.0,5,35.59,0.2164
544,N2C,7,12.7438,0.0,0,18.8,0.0585
544,S2C,8,11.5409,0.0,0,20.76,0.0818
544,E2C,12,7.1044,31.0,5,33.73,0.2204
544,W2C,12,6.6111,31.0,5,36.24,0.2275
545,N2C,7,13.3365,0.0,0,17.97,0.05
545,S2C,8,11.9046,0.0,0,20.13,0.0766
545,E2C,12,6.3009,36.0,5,38.03,0.2353
545,W2C,12,6.0915,36.0,5,39.33,0.2383
546,N2C,6,13.0832,0.0,0,18.31,0.0476
546,S2C,6,12.2179,0.0,0,19.61,0.0601
546,E2C,12,5.7341,41.0,5,41.79,0.2468
546,W2C,12,5.681,41.0,5,42.18,0.2475
547,N2C,7,13.2954,0.0,0,18.02,0.0506
547,S2C,7,12.1673,0.0,0,19.69,0.0668
547,E2C,13,6.0484,47.0,6,39.61,0.2582
547,W2C,13,5.9389,47.0,6,40.34,0.2598
548,N2C,6,13.2633,0.0,0,18.06,0.045
548,S2C,6,12.3492,0.0,0,19.4,0.0582
548,E2C,13,5.6408,53.0,6,42.48,0.2681
548,W2C,13,5.5704,53.0,6,43.01,0.2691
549,N2C,6,13.4828,0.0,0,17.77,0.0419
549,S2C,6,12.189,0.0,0,19.66,0.0605
549,E2C,13,5.3796,60.0,7,44.54,0.2825
549,W2C,13,5.103,60.0,7,46.95,0.2865
550,N2C,5,13.5864,0.0,0,17.64,0.0344
550,S2C,7,12.146,0.0,0,19.73,0.0671
550,E2C,14,5.4768,67.0,7,43.75,0.2918
550,W2C,14,5.3282,67.0,7,44.97,0.2939
551,N2C,6,13.2636,0.0,0,18.06,0.045
551,S2C,7,12.5107,0.0,0,19.15,0.0619
551,E2C,14,5.2182,74.0,7,45.92,0.3002
551,W2C,14,5.0323,74.0,7,47.61,0.3029
552,N2C,6,13.4593,0.0,0,17.8,0.0422
552,S2C,7,12.4059,0.0,0,19.31,0.0634
552,E2C,14,4.8727,82.0,8,49.17,0.3165
552,W2C,14,4.7143,82.0,8,50.82,0.3188
553,N2C,6,13.0941,0.0,0,18.3,0.0475
553,S2C,7,12.5341,0.0,0,19.12,0.0615
553,E2C,15,5.249,90.0,8,45.65,0.3224
553,W2C,15,4.9693,90.0,8,48.22,0.3264
554,N2C,6,12.9687,0.0,0,18.48,0.0493
554,S2C,7,12.3858,0.0,0,19.34,0.0637
554,E2C,15,4.757,99.0,9,50.37,0.3415
554,W2C,15,4.7924,98.0,8,50.0,0.3343
555,N2C,6,13.1567,0.0,0,18.21,0.0466
555,S2C,6,12.6915,0.0,0,18.88,0.0533
555,E2C,15,4.4845,108.0,9,53.43,0.3514
555,W2C,15,4.7038,107.0,9,50.94,0.3476
556,N2C,6,13.0571,0.0,0,18.35,0.048
556,S2C,6,12.8901,0.0,0,18.59,0.0504
556,E2C,16,4.9466,117.0,9,48.44,0.3568
556,W2C,16,4.8392,116.0,9,49.51,0.3577
557,N2C,6,13.1053,0.0,0,18.28,0.0473
557,S2C,6,12.716,0.0,0,18.84,0.0529
557,E2C,16,4.7648,127.0,10,50.29,0.3721
557,W2C,16,4.325,125.0,9,55.4,0.3711
558,N2C,6,13.4015,0.0,0,17.88,0.043
558,S2C,6,12.7606,0.0,0,18.78,0.0523
558,E2C,16,4.6217,137.0,10,51.84,0.3808
558,W2C,16,3.9084,134.0,9,61.3,0.3831
559,N2C,6,13.0514,0.0,0,18.36,0.0481
559,S2C,7,12.782,0.0,0,18.75,0.058
559,E2C,17,4.6032,147.0,10,52.05,0.3937
559,W2C,17,4.4535,144.0,10,53.8,0.3939
560,N2C,6,12.9908,0.0,0,18.44,0.0489
560,S2C,7,12.3334,0.0,0,19.43,0.0644
560,E2C,17,4.0823,157.0,10,58.69,0.4079
560,W2C,17,4.387,155.0,11,54.62,0.4082
561,N2C,6,12.6751,0.0,0,18.9,0.0535
561,S2C,7,11.5408,0.0,0,20.76,0.0758
561,E2C,17,3.8491,167.0,10,62.25,0.4179
561,W2C,17,4.1928,166.0,11,57.15,0.4183
562,N2C,6,11.8369,0.0,0,20.24,0.0656
562,S2C,8,11.39,0.0,0,21.04,0.084
562,E2C,16,4.5903,122.0,8,52.2,0.3592
562,W2C,16,5.0658,121.0,9,47.3,0.3577
563,N2C,7,11.6808,0.0,0,20.51,0.0738
563,S2C,8,11.286,1.0,1,21.23,0.0922
563,E2C,16,4.4408,84.0,8,53.95,0.3361
563,W2C,16,4.6234,83.0,7,51.82,0.3268
564,N2C,7,10.5073,0.0,0,22.8,0.0907
564,S2C,8,10.3368,2.0,1,23.18,0.1065
564,E2C,16,4.4727,52.0,6,53.57,0.3023
564,W2C,16,4.4289,50.0,5,54.1,0.2956
565,N2C,8,10.3708,0.0,0,23.1,0.0987
565,S2C,9,10.018,3.0,1,23.92,0.1178
565,E2C,15,5.3102,27.0,4,45.12,0.2555
565,W2C,15,5.0033,25.0,4,47.89,0.2586
566,N2C,8,9.9506,1.0,1,24.08,0.1114
566,S2C,9,9.1061,4.0,1,26.31,0.1315
566,E2C,15,5.3926,9.0,3,44.43,0.2364
566,W2C,15,5.086,10.0,3,47.11,0.2414
567,N2C,8,9.4326,2.0,1,25.4,0.1195
567,S2C,9,8.4068,5.0,1,28.5,0.1423
567,E2C,14,5.6084,2.0,1,42.72,0.2106
567,W2C,15,5.5067,3.0,1,43.51,0.2187
568,N2C,9,9.2459,3.0,1,25.91,0.1289
568,S2C,10,8.9039,8.0,3,26.91,0.1551
568,E2C,14,6.6577,0.0,0,35.99,0.1881
568,W2C,14,6.6693,0.0,0,35.93,0.188
569,N2C,9,8.8193,5.0,2,27.17,0.1423
569,S2C,10,8.1345,11.0,3,29.45,0.1682
569,E2C,14,7.1479,0.0,0,33.52,0.1811
569,W2C,14,7.1973,0.0,0,33.29,0.1804
570,N2C,9,8.4089,7.0,2,28.49,0.1496
570,S2C,10,7.4572,14.0,3,32.13,0.18
570,E2C,12,7.7738,0.0,0,30.82,0.1601
570,W2C,12,7.5377,0.0,0,31.79,0.1635
571,N2C,10,8.3914,10.0,3,28.55,0.1638
571,S2C,11,7.6009,17.0,3,31.52,0.1859
571,E2C,13,8.455,0.0,0,28.34,0.1563
571,W2C,13,8.6756,0.0,0,27.62,0.1531
572,N2C,10,7.8206,13.0,3,30.64,0.1741
572,S2C,11,7.0223,21.0,4,34.12,0.2029
572,E2C,11,9.0712,0.0,0,26.41,0.1354
572,W2C,11,8.9602,0.0,0,26.74,0.137
573,N2C,10,7.0485,16.0,3,33.99,0.1872
573,S2C,11,6.4788,26.0,5,36.98,0.22
573,E2C,11,9.8981,0.0,0,24.21,0.1235
573,W2C,11,9.6204,0.0,0,24.91,0.1275
574,N2C,11,7.4088,20.0,4,32.34,0.1967
574,S2C,12,6.7185,31.0,5,35.66,0.2259
574,E2C,10,10.6988,0.0,0,22.4,0.1059
574,W2C,10,10.7271,0.0,0,22.34,0.1055
575,N2C,11,7.0481,24.0,4,34.0,0.2045
575,S2C,12,6.0942,36.0,5,39.32,0.2382
575,E2C,9,11.5373,0.0,0,20.77,0.0879
575,W2C,10,11.4877,0.0,0,20.86,0.0946
576,N2C,11,6.8892,28.0,4,34.78,0.2095
576,S2C,12,5.7183,42.0,6,41.9,0.2537
576,E2C,8,11.8982,0.0,0,20.14,0.0767
576,W2C,8,11.8815,0.0,0,20.17,0.0769
577,N2C,12,7.166,33.0,5,33.44,0.2208
577,S2C,13,6.1251,48.0,6,39.12,0.2578
577,E2C,8,12.6463,0.0,0,18.95,0.0659
577,W2C,7,12.4454,0.0,0,19.25,0.0628
578,N2C,12,6.6316,38.0,5,36.13,0.2318
578,S2C,13,5.8946,55.0,7,40.65,0.2718
578,E2C,7,13.0501,0.0,0,18.36,0.0541
578,W2C,7,12.6126,0.0,0,19.0,0.0604
579,N2C,12,6.1006,43.0,5,39.27,0.2428
579,S2C,13,5.7079,62.0,7,41.98,0.2791
579,E2C,6,13.5486,0.0,0,17.68,0.0409
579,W2C,6,12.8208,0.0,0,18.69,0.0514
580,N2C,13,6.2313,48.0,5,38.45,0.2503
580,S2C,14,5.7456,69.0,7,41.7,0.2893
580,E2C,6,12.8101,0.0,0,18.7,0.0515
580,W2C,6,13.0262,0.0,0,18.39,0.0484
581,N2C,13,5.8869,54.0,6,40.7,0.2652
581,S2C,14,5.2309,77.0,8,45.8,0.308
581,E2C,6,12.6324,0.0,0,18.97,0.0541
581,W2C,6,13.054,0.0,0,18.35,0.048
582,N2C,13,5.8154,60.0,6,41.2,0.2703
582,S2C,14,4.7334,85.0,8,50.62,0.3205
582,E2C,6,12.4559,0.0,0,19.24,0.0566
582,W2C,6,12.5985,0.0,0,19.02,0.0546
583,N2C,14,6.2366,67.0,7,38.42,0.2809
583,S2C,15,5.0949,94.0,9,47.03,0.3333
583,E2C,7,12.5858,0.0,0,19.04,0.0608
583,W2C,7,12.6282,0.0,0,18.97,0.0602
584,N2C,14,5.9442,74.0,7,40.31,0.2897
584,S2C,15,4.8346,103.0,9,49.56,0.3431
584,E2C,6,12.1588,0.0,0,19.71,0.0609
584,W2C,7,12.8109,0.0,0,18.7,0.0575
585,N2C,14,5.2395,81.0,7,45.73,0.3046
585,S2C,15,4.4132,112.0,9,54.29,0.3551
585,E2C,6,12.1145,0.0,0,19.78,0.0616
585,W2C,6,13.0703,0.0,0,18.33,0.0478
586,N2C,15,5.2345,88.0,7,45.77,0.3153
586,S2C,16,4.6106,121.0,9,51.97,0.3643
586,E2C,6,11.6779,0.0,0,20.52,0.0679
586,W2C,7,12.8883,0.0,0,18.59,0.0564
587,N2C,15,4.6782,96.0,8,51.22,0.3346
587,S2C,16,4.2242,130.0,9,56.72,0.3758
587,E2C,6,11.6144,0.0,0,20.63,0.0688
587,W2C,6,12.6108,0.0,0,19.0,0.0544
588,N2C,15,4.4236,105.0,9,54.16,0.3503
588,S2C,16,4.052,141.0,11,59.13,0.3977
588,E2C,6,11.5338,0.0,0,20.77,0.0699
588,W2C,6,12.7635,0.0,0,18.77,0.0522
589,N2C,16,4.6158,114.0,9,51.91,0.3595
589,S2C,17,4.4011,152.0,11,54.44,0.406
589,E2C,7,11.8163,0.0,0,20.28,0.0719
589,W2C,6,12.691,0.0,0,18.88,0.0533
590,N2C,16,4.3185,123.0,9,55.48,0.3698
590,S2C,17,4.142,163.0,11,57.85,0.417
590,E2C,6,11.6408,0.0,0,20.58,0.0684
590,W2C,6,12.9704,0.0,0,18.47,0.0492
591,N2C,16,4.1222,134.0,11,58.12,0.392
591,S2C,17,3.8495,174.0,11,62.24,0.4286
591,E2C,6,11.5019,0.0,0,20.83,0.0704
591,W2C,6,12.677,0.0,0,18.9,0.0535
592,N2C,17,4.3923,145.0,11,54.55,0.4014
592,S2C,18,3.9765,185.0,11,60.25,0.4401
592,E2C,6,11.6231,0.0,0,20.61,0.0686
592,W2C,5,12.3308,0.0,0,19.43,0.0525
593,N2C,17,4.0928,156.0,11,58.54,0.4131
593,S2C,18,3.7444,197.0,12,63.99,0.4574
593,E2C,6,11.562,0.0,0,20.72,0.0695
593,W2C,6,12.9459,0.0,0,18.51,0.0496
594,N2C,17,3.8345,167.0,11,62.49,0.4241
594,S2C,18,3.3408,209.0,12,71.72,0.4712
594,E2C,6,11.8047,0.0,0,20.3,0.066
594,W2C,6,12.5539,0.0,0,19.09,0.0552
595,N2C,16,4.9348,121.0,9,48.55,0.3596
595,S2C,17,4.1427,160.0,10,57.84,0.409
595,E2C,7,11.6617,0.0,0,20.55,0.0741
595,W2C,7,12.4176,0.0,0,19.3,0.0632
596,N2C,16,4.7505,82.0,8,50.44,0.3303
596,S2C,17,4.0633,117.0,9,58.97,0.3755
596,E2C,7,11.1803,0.0,0,21.43,0.081
596,W2C,7,11.738,0.0,0,20.41,0.073
597,N2C,16,4.7173,52.0,6,50.79,0.2987
597,S2C,17,3.909,80.0,8,61.29,0.347
597,E2C,7,10.6239,0.0,0,22.55,0.089
597,W2C,7,11.0228,0.0,0,21.74,0.0833
598,N2C,15,5.2876,30.0,4,45.31,0.2579
598,S2C,17,4.6279,49.0,6,51.77,0.304
598,E2C,8,10.3297,0.0,0,23.2,0.0993
598,W2C,8,10.6834,0.0,0,22.43,0.0942
599,N2C,15,5.6127,14.0,3,42.69,0.2365
599,S2C,16,4.718,26.0,4,50.78,0.2694
599,E2C,8,10.5908,1.0,1,22.62,0.1022
599,W2C,8,9.92,0.0,0,24.15,0.1052
600,N2C,14,5.8582,2.0,1,40.9,0.207
600,S2C,15,4.9954,10.0,3,47.96,0.2427
600,E2C,8,9.9912,2.0,1,23.98,0.1115
600,W2C,8,8.83,1.0,1,27.13,0.1275
601,N2C,14,6.8186,0.0,0,35.14,0.1858
601,S2C,15,5.9594,2.0,1,40.21,0.2115
601,E2C,9,10.2171,3.0,1,23.45,0.1149
601,W2C,9,8.7515,3.0,2,27.38,0.142
602,N2C,13,6.7359,0.0,0,35.57,0.181
602,S2C,15,6.2786,0.0,0,38.16,0.1996
602,E2C,9,9.6512,4.0,1,24.83,0.1237
602,W2C,9,8.346,5.0,2,28.71,0.1492
603,N2C,12,7.6271,0.0,0,31.41,0.1622
603,S2C,13,6.8914,0.0,0,34.77,0.1788
603,E2C,9,8.8599,5.0,1,27.04,0.1358
603,W2C,9,8.3039,7.0,2,28.85,0.1511
604,N2C,12,8.4095,0.0,0,28.49,0.1509
604,S2C,14,8.2713,0.0,0,28.97,0.1649
604,E2C,10,9.589,6.0,1,24.99,0.1319
604,W2C,10,8.6521,10.0,3,27.69,0.1601
605,N2C,11,9.2651,0.0,0,25.86,0.1326
605,S2C,12,8.7672,0.0,0,27.33,0.1458
605,E2C,10,9.6015,8.0,2,24.95,0.1391
605,W2C,10,8.5086,13.0,3,28.16,0.1642
606,N2C,11,9.8869,0.0,0,24.23,0.1236
606,S2C,11,9.2118,0.0,0,26.01,0.1334
606,E2C,10,8.8181,10.0,2,27.17,0.1517
606,W2C,10,7.8948,16.0,3,30.35,0.175
607,N2C,10,10.7179,0.0,0,22.36,0.1057
607,S2C,12,10.4178,0.0,0,23.0,0.122
607,E2C,11,8.5697,12.0,2,27.96,0.1626
607,W2C,11,7.5988,19.0,3,31.53,0.1873
608,N2C,9,11.6137,0.0,0,20.63,0.0868
608,S2C,10,10.6357,0.0,0,22.53,0.1069
608,E2C,11,7.9092,15.0,3,30.29,0.1801
608,W2C,11,7.0578,22.0,3,33.95,0.197
609,N2C,8,11.7648,0.0,0,20.37,0.0786
609,S2C,9,11.3834,0.0,0,21.05,0.0901
609,E2C,11,7.1159,18.0,3,33.67,0.1935
609,W2C,11,6.5286,26.0,4,36.7,0.2133
610,N2C,7,12.5379,0.0,0,19.11,0.0615
610,S2C,9,11.6686,0.0,0,20.53,0.086
610,E2C,12,7.0663,21.0,3,33.91,0.2023
610,W2C,12,6.8681,31.0,5,34.89,0.2238
611,N2C,7,12.4861,0.0,0,19.19,0.0622
611,S2C,8,12.3515,0.0,0,19.4,0.0702
611,E2C,12,6.411,25.0,4,37.37,0.2204
611,W2C,12,6.3157,36.0,5,37.94,0.2351
612,N2C,6,13.1217,0.0,0,18.26,0.0471
612,S2C,8,12.2701,0.0,0,19.53,0.0713
612,E2C,12,5.8732,30.0,5,40.8,0.2374
612,W2C,12,5.9314,41.0,5,40.4,0.2439
613,N2C,6,12.8402,0.0,0,18.66,0.0511
613,S2C,8,12.6114,0.0,0,19.0,0.0664
613,E2C,13,6.1332,35.0,5,39.07,0.243
613,W2C,13,6.1442,47.0,6,39.0,0.2569
614,N2C,6,12.7585,0.0,0,18.78,0.0523
614,S2C,7,12.8398,0.0,0,18.66,0.0571
614,E2C,13,5.8749,40.0,5,40.78,0.2501
614,W2C,13,5.6665,53.0,6,42.28,0.2677
615,N2C,6,12.8458,0.0,0,18.65,0.051
615,S2C,6,13.0899,0.0,0,18.3,0.0475
615,E2C,13,5.4636,46.0,6,43.85,0.266
615,W2C,13,5.562,60.0,7,43.08,0.2799
616,N2C,7,12.9072,0.0,0,18.56,0.0562
616,S2C,6,13.0134,0.0,0,18.41,0.0486
616,E2C,14,5.9314,53.0,7,40.39,0.2759
616,W2C,14,5.7707,67.0,7,41.52,0.2876
617,N2C,7,13.0591,0.0,0,18.35,0.054
617,S2C,6,12.5577,0.0,0,19.08,0.0552
617,E2C,14,5.3477,60.0,7,44.8,0.289
617,W2C,14,5.5376,74.0,7,43.27,0.2956
618,N2C,6,13.0279,0.0,0,18.39,0.0484
618,S2C,6,12.7902,0.0,0,18.73,0.0518
618,E2C,14,5.0853,67.0,7,47.12,0.2974
618,W2C,14,5.2562,82.0,8,45.58,0.311
619,N2C,7,13.0715,0.0,0,18.33,0.0538
619,S2C,6,13.2063,0.0,0,18.14,0.0458
619,E2C,15,5.2834,75.0,8,45.35,0.3119
619,W2C,15,5.406,90.0,8,44.32,0.3202
620,N2C,6,13.2775,0.0,0,18.05,0.0448
620,S2C,6,12.5179,0.0,0,19.14,0.0558
620,E2C,15,4.6539,84.0,9,51.48,0.333
620,W2C,15,4.8842,98.0,8,49.06,0.333
621,N2C,6,13.1838,0.0,0,18.17,0.0462
621,S2C,6,12.8123,0.0,0,18.7,0.0515
621,E2C,15,4.4937,93.0,9,53.32,0.3413
621,W2C,15,4.3477,106.0,8,55.11,0.3461
622,N2C,6,12.5771,0.0,0,19.05,0.0549
622,S2C,6,12.6052,0.0,0,19.01,0.0545
622,E2C,16,4.8847,103.0,10,49.05,0.3543
622,W2C,16,4.6965,114.0,8,51.02,0.3524
623,N2C,6,12.9784,0.0,0,18.46,0.0491
623,S2C,6,12.8242,0.0,0,18.68,0.0513
623,E2C,16,4.7838,113.0,10,50.09,0.3625
623,W2C,16,4.6313,124.0,10,51.74,0.372
624,N2C,6,12.6261,0.0,0,18.98,0.0542
624,S2C,6,12.9643,0.0,0,18.48,0.0493
624,E2C,16,4.4692,123.0,10,53.61,0.3736
624,W2C,16,4.6002,134.0,10,52.08,0.3791
625,N2C,7,12.145,0.0,0,19.73,0.0671
625,S2C,6,12.8303,0.0,0,18.67,0.0513
625,E2C,17,4.5966,133.0,10,52.13,0.3845
625,W2C,17,4.4997,144.0,10,53.25,0.3932
626,N2C,7,11.2086,0.0,0,21.38,0.0806
626,S2C,6,12.6726,0.0,0,18.91,0.0535
626,E2C,17,4.1617,143.0,10,57.57,0.3974
626,W2C,17,4.1929,154.0,10,57.14,0.4043
627,N2C,7,10.4933,0.0,0,22.83,0.0909
627,S2C,6,12.6242,0.0,0,18.98,0.0542
627,E2C,17,3.7898,153.0,10,63.22,0.4094
627,W2C,17,3.3933,164.0,10,70.61,0.4225
628,N2C,8,10.4405,1.0,1,22.95,0.1043
628,S2C,7,12.7829,0.0,0,18.74,0.0579
628,E2C,16,4.6916,111.0,10,51.07,0.3624
628,W2C,16,4.2574,119.0,10,56.28,0.374
629,N2C,8,9.8909,2.0,1,24.22,0.1129
629,S2C,7,12.6777,0.0,0,18.9,0.0595
629,E2C,16,4.5178,81.0,8,53.03,0.3329
629,W2C,16,4.1583,82.0,8,57.62,0.3388
630,N2C,8,9.105,3.0,1,26.32,0.1249
630,S2C,7,12.3065,0.0,0,19.47,0.0648
630,E2C,16,4.5725,53.0,6,52.4,0.3015
630,W2C,16,4.4417,51.0,6,53.94,0.302
631,N2C,9,8.9273,5.0,2,26.84,0.1408
631,S2C,8,11.3625,0.0,0,21.09,0.0844
631,E2C,15,5.2785,31.0,5,45.39,0.2647
631,W2C,16,5.124,26.0,4,46.76,0.2636
632,N2C,9,8.5222,7.0,2,28.11,0.148
632,S2C,8,10.3904,0.0,0,23.06,0.0984
632,E2C,15,5.538,12.0,3,43.26,0.2363
632,W2C,15,5.3188,10.0,2,45.05,0.2321
633,N2C,9,8.2229,9.0,2,29.14,0.1536
633,S2C,8,9.8553,1.0,1,24.31,0.1128
633,E2C,13,5.8636,3.0,1,40.86,0.2016
633,W2C,14,5.5369,1.0,1,43.27,0.2109
634,N2C,10,8.3251,12.0,3,28.78,0.1661
634,S2C,9,10.2903,2.0,1,23.28,0.1132
634,E2C,14,6.4391,0.0,0,37.21,0.1913
634,W2C,14,6.7137,0.0,0,35.69,0.1873
635,N2C,10,7.9653,15.0,3,30.08,0.1733
635,S2C,9,9.5569,4.0,2,25.07,0.1311
635,E2C,13,6.9534,0.0,0,34.46,0.1779
635,W2C,14,7.0108,0.0,0,34.18,0.1831
636,N2C,10,7.3946,18.0,3,32.4,0.1835
636,S2C,9,8.4912,6.0,2,28.22,0.1477
636,E2C,12,7.4689,0.0,0,32.08,0.1645
636,W2C,12,7.3964,0.0,0,32.39,0.1655
637,N2C,11,7.4556,21.0,3,32.14,0.1906
637,S2C,10,8.5784,8.0,2,27.93,0.1538
637,E2C,11,8.5436,0.0,0,28.04,0.143
637,W2C,13,8.2124,0.0,0,29.18,0.1598
638,N2C,11,6.9366,25.0,4,34.54,0.2068
638,S2C,10,7.6254,10.0,2,31.42,0.1689
638,E2C,11,8.9325,0.0,0,26.82,0.1374
638,W2C,11,8.6457,0.0,0,27.71,0.1415
639,N2C,11,6.8392,29.0,4,35.03,0.2109
639,S2C,10,7.1099,13.0,3,33.7,0.1843
639,E2C,9,8.9858,0.0,0,26.66,0.1246
639,W2C,11,9.5078,0.0,0,25.2,0.1291
640,N2C,12,7.5123,34.0,5,31.89,0.2165
640,S2C,11,7.2713,17.0,4,32.95,0.1966
640,E2C,10,10.3899,0.0,0,23.06,0.1104
640,W2C,10,10.4048,0.0,0,23.03,0.1102
641,N2C,12,6.9275,39.0,5,34.59,0.2283
641,S2C,11,6.8664,21.0,4,34.89,0.2051
641,E2C,8,10.6657,0.0,0,22.46,0.0944
641,W2C,10,10.8713,0.0,0,22.04,0.1035
642,N2C,12,6.5312,44.0,5,36.69,0.2373
642,S2C,11,6.3158,25.0,4,37.94,0.2157
642,E2C,8,10.9534,0.0,0,21.87,0.0903
642,W2C,8,11.6146,0.0,0,20.63,0.0808
643,N2C,13,6.5384,49.0,5,36.65,0.2465
643,S2C,12,6.6355,30.0,5,36.11,0.2265
643,E2C,7,11.5294,0.0,0,20.78,0.076
643,W2C,8,12.0994,0.0,0,19.8,0.0738
644,N2C,13,5.8284,54.0,5,41.11,0.2601
644,S2C,12,5.9666,36.0,6,40.16,0.2461
644,E2C,7,11.7954,0.0,0,20.31,0.0722
644,W2C,7,12.1991,0.0,0,19.64,0.0663
645,N2C,13,5.4645,60.0,6,43.85,0.2753
645,S2C,12,5.696,42.0,6,42.06,0.254
645,E2C,6,11.7769,0.0,0,20.34,0.0664
645,W2C,7,12.0424,0.0,0,19.9,0.0686
646,N2C,14,5.3216,67.0,7,45.02,0.294
646,S2C,13,5.9071,48.0,6,40.56,0.2609
646,E2C,7,11.4543,0.0,0,20.92,0.0771
646,W2C,7,12.2629,0.0,0,19.54,0.0654
647,N2C,14,4.9531,74.0,7,48.37,0.304
647,S2C,13,5.4589,55.0,7,43.89,0.2781
647,E2C,6,11.854,0.0,0,20.21,0.0653
647,W2C,7,12.2054,0.0,0,19.63,0.0663
648,N2C,14,4.8241,82.0,8,49.67,0.3172
648,S2C,13,5.2127,62.0,7,45.96,0.2863
648,E2C,6,11.4969,0.0,0,20.84,0.0705
648,W2C,7,11.9841,0.0,0,19.99,0.0694
649,N2C,15,5.2046,91.0,9,46.04,0.3297
649,S2C,14,5.3013,69.0,7,45.2,0.2957
649,E2C,7,12.0048,0.0,0,19.96,0.0691
649,W2C,6,11.8339,0.0,0,20.25,0.0656
650,N2C,15,4.9554,100.0,9,48.35,0.3393
650,S2C,14,5.0144,76.0,7,47.78,0.3045
650,E2C,7,11.7844,0.0,0,20.33,0.0723
650,W2C,6,11.9526,0.0,0,20.05,0.0639
651,N2C,15,4.597,109.0,9,52.12,0.3505
651,S2C,14,4.5898,84.0,8,52.2,0.3219
651,E2C,7,11.9321,0.0,0,20.08,0.0702
651,W2C,6,11.7787,0.0,0,20.34,0.0664
652,N2C,16,4.6445,118.0,9,51.59,0.3618
652,S2C,15,5.0492,92.0,8,47.45,0.3266
652,E2C,8,12.1621,0.0,0,19.7,0.0729
652,W2C,7,11.9813,0.0,0,20.0,0.0695
653,N2C,16,4.4015,127.0,9,54.44,0.3713
653,S2C,15,5.0125,101.0,9,47.8,0.3392
653,E2C,8,12.1597,0.0,0,19.7,0.0729
653,W2C,7,11.94,0.0,0,20.07,0.0701
654,N2C,16,4.0889,137.0,10,58.6,0.3885
654,S2C,15,4.9551,110.0,9,48.35,0.346
654,E2C,7,12.4058,0.0,0,19.31,0.0634
654,W2C,6,12.0887,0.0,0,19.82,0.0619
655,N2C,17,4.307,148.0,11,55.63,0.4047
655,S2C,16,5.305,119.0,9,45.16,0.3529
655,E2C,7,12.4048,0.0,0,19.32,0.0634
655,W2C,7,12.0803,0.0,0,19.83,0.0681
656,N2C,17,4.0357,159.0,11,59.37,0.4159
656,S2C,16,5.0842,128.0,9,47.13,0.3621
656,E2C,7,12.3663,0.0,0,19.38,0.0639
656,W2C,6,11.9398,0.0,0,20.07,0.0641
657,N2C,17,3.7219,170.0,11,64.38,0.4277
657,S2C,16,4.6002,137.0,9,52.08,0.3751
657,E2C,7,12.1234,0.0,0,19.76,0.0674
657,W2C,6,12.2233,0.0,0,19.6,0.06
658,N2C,18,3.7929,182.0,12,63.17,0.4467
658,S2C,17,4.4471,146.0,9,53.88,0.3893
658,E2C,8,11.5159,0.0,0,20.81,0.0822
658,W2C,6,12.0982,0.0,0,19.8,0.0618
659,N2C,18,3.5502,194.0,12,67.49,0.4582
659,S2C,17,3.9775,156.0,10,60.24,0.4087
659,E2C,8,10.4783,0.0,0,22.87,0.0971
659,W2C,6,11.8801,0.0,0,20.17,0.0649
660,N2C,18,3.4472,206.0,12,69.51,0.4677
660,S2C,17,3.7083,167.0,11,64.61,0.4259
660,E2C,8,9.416,1.0,1,25.45,0.1191
660,W2C,6,11.8728,0.0,0,20.18,0.065
661,N2C,17,4.4024,154.0,11,54.42,0.4073
661,S2C,16,4.6813,123.0,10,51.18,0.3706
661,E2C,9,9.8937,3.0,2,24.22,0.1255
661,W2C,7,12.2356,0.0,0,19.58,0.0658
662,N2C,17,4.2364,111.0,9,56.56,0.369
662,S2C,16,4.5428,86.0,8,52.74,0.3359
662,E2C,9,9.645,5.0,2,24.84,0.1305
662,W2C,7,12.1474,0.0,0,19.72,0.0671
663,N2C,17,4.1322,78.0,7,57.98,0.3365
663,S2C,16,4.6634,53.0,6,51.38,0.3002
663,E2C,9,9.1833,7.0,2,26.09,0.1384
663,W2C,7,12.0374,0.0,0,19.9,0.0687
664,N2C,16,4.7796,48.0,5,50.13,0.2892
664,S2C,15,5.4933,28.0,5,43.62,0.2596
664,E2C,9,8.3275,9.0,2,28.77,0.1521
664,W2C,8,11.7935,0.0,0,20.32,0.0782
665,N2C,16,5.0968,24.0,3,47.01,0.2566
665,S2C,15,5.7531,13.0,3,41.65,0.2338
665,E2C,9,7.4492,11.0,2,32.16,0.1661
665,W2C,8,11.42,0.0,0,20.98,0.0836
666,N2C,15,5.5561,8.0,3,43.12,0.2333
666,S2C,14,5.7987,4.0,2,41.32,0.2152
666,E2C,10,7.4015,13.0,2,32.37,0.1741
666,W2C,8,10.2407,0.0,0,23.4,0.1005
667,N2C,15,6.361,2.0,1,37.67,0.2057
667,S2C,14,6.6794,0.0,0,35.87,0.1878
667,E2C,11,7.5537,17.0,4,31.72,0.1926
667,W2C,9,10.2304,1.0,1,23.42,0.1134
668,N2C,14,6.8443,0.0,0,35.01,0.1854
668,S2C,13,6.9587,0.0,0,34.43,0.1778
668,E2C,11,6.9927,21.0,4,34.26,0.2033
668,W2C,9,9.8773,2.0,1,24.26,0.1191
669,N2C,13,7.5518,0.0,0,31.73,0.1693
669,S2C,12,7.3673,0.0,0,32.52,0.1659
669,E2C,11,6.9124,25.0,4,34.66,0.2071
669,W2C,9,9.1867,4.0,2,26.08,0.1364
670,N2C,13,8.601,0.0,0,27.86,0.1542
670,S2C,13,8.6008,0.0,0,27.86,0.1542
670,E2C,12,7.1619,30.0,5,33.45,0.2189
670,W2C,10,9.4616,6.0,2,25.32,0.1398
671,N2C,12,8.8326,0.0,0,27.13,0.1448
671,S2C,11,9.2983,0.0,0,25.77,0.1321
671,E2C,12,6.468,35.0,5,37.04,0.2322
671,W2C,10,8.8062,8.0,2,27.21,0.1505
672,N2C,11,9.3736,0.0,0,25.56,0.131
672,S2C,10,10.3742,0.0,0,23.1,0.1106
672,E2C,12,5.8353,40.0,5,41.06,0.2446
672,W2C,10,8.1213,10.0,2,29.5,0.1617
673,N2C,11,10.2622,0.0,0,23.35,0.1182
673,S2C,10,11.2049,0.0,0,21.38,0.0987
673,E2C,13,5.9313,45.0,5,40.4,0.2526
673,W2C,11,7.8014,13.0,3,30.71,0.1803
674,N2C,10,10.7678,0.0,0,22.25,0.105
674,S2C,9,11.669,0.0,0,20.53,0.086
674,E2C,13,5.6161,51.0,6,42.66,0.2671
674,W2C,11,6.8304,16.0,3,35.08,0.1963
675,N2C,9,11.4566,0.0,0,20.91,0.089
675,S2C,8,11.976,0.0,0,20.01,0.0756
675,E2C,13,5.2456,57.0,6,45.68,0.2765
675,W2C,11,6.4983,19.0,3,36.87,0.2031
676,N2C,8,11.9591,0.0,0,20.03,0.0758
676,S2C,7,12.7191,0.0,0,18.84,0.0589
676,E2C,13,4.7431,64.0,7,50.52,0.2944
676,W2C,12,6.7501,24.0,5,35.5,0.2208
677,N2C,8,12.2569,0.0,0,19.55,0.0715
677,S2C,7,12.472,0.0,0,19.21,0.0624
677,E2C,14,5.221,71.0,7,45.89,0.2982
677,W2C,12,6.4502,29.0,5,37.15,0.2285
678,N2C,6,12.4006,0.0,0,19.32,0.0574
678,S2C,6,12.344,0.0,0,19.41,0.0583
678,E2C,14,4.6649,79.0,8,51.36,0.3175
678,W2C,12,6.3079,35.0,6,37.98,0.2405
679,N2C,7,12.5502,0.0,0,19.09,0.0613
679,S2C,7,12.7182,0.0,0,18.84,0.0589
679,E2C,15,5.122,87.0,8,46.78,0.3222
679,W2C,13,6.2971,41.0,6,38.05,0.2507
680,N2C,6,11.9372,0.0,0,20.07,0.0641
680,S2C,6,12.7345,0.0,0,18.82,0.0526
680,E2C,15,4.9783,96.0,9,48.13,0.3363
680,W2C,13,5.5763,47.0,6,42.97,0.265
681,N2C,6,12.2975,0.0,0,19.48,0.0589
681,S2C,6,12.9005,0.0,0,18.57,0.0502
681,E2C,15,5.1292,105.0,9,46.71,0.3401
681,W2C,13,5.3525,54.0,7,44.76,0.2789
682,N2C,6,11.9269,0.0,0,20.09,0.0643
682,S2C,5,12.7423,0.0,0,18.8,0.0465
682,E2C,16,5.2485,114.0,9,45.65,0.3504
682,W2C,14,5.5861,61.0,7,42.89,0.2862
683,N2C,6,11.688,0.0,0,20.5,0.0677
683,S2C,6,12.6412,0.0,0,18.95,0.054
683,E2C,16,4.5713,123.0,9,52.41,0.3662
683,W2C,14,5.2838,68.0,7,45.35,0.2953
684,N2C,6,11.6865,0.0,0,20.5,0.0677
684,S2C,6,12.3659,0.0,0,19.38,0.0579
684,E2C,16,4.1395,133.0,10,57.88,0.3851
684,W2C,14,4.9601,75.0,7,48.31,0.3046
685,N2C,7,11.8614,0.0,0,20.2,0.0712
685,S2C,6,12.4451,0.0,0,19.25,0.0568
685,E2C,17,4.2918,143.0,10,55.83,0.3955
685,W2C,15,4.8305,83.0,8,49.6,0.3238
686,N2C,7,12.0277,0.0,0,19.92,0.0688
686,S2C,6,12.3714,0.0,0,19.37,0.0579
686,E2C,17,3.969,154.0,11,60.37,0.4135
686,W2C,15,4.3953,91.0,8,54.51,0.3354
687,N2C,7,12.1612,0.0,0,19.7,0.0669
687,S2C,6,12.3338,0.0,0,19.43,0.0584
687,E2C,17,3.7394,165.0,11,64.07,0.4242
687,W2C,15,4.1901,100.0,9,57.18,0.3503
688,N2C,6,11.5672,0.0,0,20.71,0.0694
688,S2C,7,12.4249,0.0,0,19.28,0.0631
688,E2C,18,4.221,176.0,11,56.76,0.4306
688,W2C,16,4.7165,110.0,10,50.8,0.3614
689,N2C,7,11.702,0.0,0,20.48,0.0735
689,S2C,6,12.3226,0.0,0,19.44,0.0586
689,E2C,18,4.1384,188.0,12,57.9,0.4457
689,W2C,16,4.4194,120.0,10,54.22,0.3724
690,N2C,7,11.9832,0.0,0,19.99,0.0695
690,S2C,6,12.4071,0.0,0,19.31,0.0574
690,E2C,18,4.1486,200.0,12,57.75,0.4536
690,W2C,16,4.1833,130.0,10,57.28,0.3824
691,N2C,7,12.0208,0.0,0,19.93,0.0689
691,S2C,7,12.295,0.0,0,19.49,0.065
691,E2C,19,4.3315,212.0,12,55.32,0.465
691,W2C,17,4.2115,140.0,10,56.89,0.3947
692,N2C,7,11.6084,0.0,0,20.64,0.0749
692,S2C,7,12.2313,0.0,0,19.59,0.0659
692,E2C,19,3.8022,224.0,12,63.02,0.4806
692,W2C,17,3.8177,151.0,11,62.76,0.4137
693,N2C,7,10.7281,0.0,0,22.33,0.0875
693,S2C,7,12.0084,0.0,0,19.95,0.0691
693,E2C,19,3.2937,236.0,12,72.74,0.4959
693,W2C,17,3.593,162.0,11,66.69,0.4243
694,N2C,7,10.0822,0.0,0,23.76,0.0968
694,S2C,8,11.3923,0.0,0,21.03,0.084
694,E2C,18,3.8633,180.0,11,62.02,0.4384
694,W2C,16,4.3265,120.0,10,55.38,0.3737
695,N2C,8,9.706,0.0,0,24.69,0.1082
695,S2C,8,10.3931,0.0,0,23.05,0.0984
695,E2C,18,3.6531,133.0,9,65.59,0.3981
695,W2C,16,4.4053,87.0,8,54.39,0.3386
696,N2C,8,9.1916,1.0,1,26.07,0.1223
696,S2C,8,9.2668,0.0,0,25.86,0.1146
696,E2C,18,3.6442,94.0,9,65.75,0.3722
696,W2C,16,4.5004,58.0,6,53.24,0.3059
697,N2C,9,9.5651,2.0,1,25.05,0.1236
697,S2C,9,9.6475,1.0,1,24.84,0.1218
697,E2C,18,4.2076,61.0,7,56.95,0.3301
697,W2C,15,5.4147,33.0,4,44.25,0.258
698,N2C,9,9.4931,4.0,2,25.24,0.132
698,S2C,9,8.8642,3.0,2,27.03,0.1404
698,E2C,17,4.3714,36.0,5,54.81,0.2931
698,W2C,15,5.736,17.0,3,41.77,0.2367
699,N2C,9,9.3656,6.0,2,25.58,0.1351
699,S2C,9,8.748,5.0,2,27.39,0.1434
699,E2C,17,4.8144,15.0,4,49.77,0.2667
699,W2C,13,6.1197,6.0,1,39.15,0.1999
700,N2C,10,9.5105,8.0,2,25.19,0.1404
700,S2C,10,8.7799,7.0,2,27.29,0.1502
700,E2C,16,5.5806,7.0,2,42.93,0.2323
700,W2C,14,7.2013,0.0,0,33.27,0.1803
701,N2C,10,9.0895,10.0,2,26.36,0.1478
701,S2C,10,8.4956,10.0,3,28.2,0.1623
701,E2C,16,5.9954,0.0,0,39.96,0.2097
701,W2C,13,7.7479,0.0,0,30.92,0.1664
702,N2C,10,7.9637,12.0,2,30.09,0.1653
702,S2C,10,8.0206,13.0,3,29.87,0.1712
702,E2C,14,6.0749,0.0,0,39.44,0.1965
702,W2C,12,7.9802,0.0,0,30.02,0.1571
703,N2C,11,7.389,14.0,2,32.43,0.1809
703,S2C,11,7.4522,16.0,3,32.15,0.1874
703,E2C,15,7.2912,0.0,0,32.86,0.185
703,W2C,12,9.0653,0.0,0,26.43,0.1415
704,N2C,11,6.9429,17.0,3,34.51,0.1954
704,S2C,11,6.9894,19.0,3,34.28,0.196
704,E2C,13,7.8534,0.0,0,30.51,0.1649
704,W2C,11,9.3374,0.0,0,25.66,0.1316
705,N2C,11,6.8803,22.0,5,34.82,0.2116
705,S2C,11,6.3749,23.0,4,37.58,0.2135
705,E2C,13,8.8024,0.0,0,27.22,0.1513
705,W2C,9,9.8363,0.0,0,24.36,0.1124
706,N2C,12,7.3175,27.0,5,32.74,0.2146
706,S2C,12,7.0631,28.0,5,33.92,0.219
706,E2C,12,9.6192,0.0,0,24.91,0.1335
706,W2C,10,10.744,0.0,0,22.3,0.1053
707,N2C,12,6.9169,32.0,5,34.64,0.2237
707,S2C,12,6.7486,33.0,5,35.5,0.2268
707,E2C,11,9.9105,0.0,0,24.18,0.1233
707,W2C,10,11.1568,0.0,0,21.48,0.0994
708,N2C,12,6.0577,37.0,5,39.55,0.2394
708,S2C,12,6.3405,38.0,5,37.79,0.236
708,E2C,10,10.2118,0.0,0,23.46,0.113
708,W2C,8,11.8088,0.0,0,20.29,0.078
709,N2C,13,6.0832,42.0,5,39.39,0.2484
709,S2C,13,6.5419,43.0,5,36.63,0.2425
709,E2C,10,11.1247,0.0,0,21.54,0.0998
709,W2C,8,12.1764,0.0,0,19.68,0.0727
710,N2C,13,5.8635,47.0,5,40.86,0.2549
710,S2C,13,6.0154,49.0,6,39.83,0.2601
710,E2C,9,11.661,0.0,0,20.55,0.0861
710,W2C,7,12.4109,0.0,0,19.31,0.0633
711,N2C,13,5.7074,54.0,7,41.98,0.2738
711,S2C,13,5.5152,55.0,6,43.44,0.2713
711,E2C,8,12.3625,0.0,0,19.38,0.07
711,W2C,6,12.9056,0.0,0,18.57,0.0502
712,N2C,14,5.846,61.0,7,40.99,0.2825
712,S2C,14,5.7446,61.0,6,41.71,0.278
712,E2C,8,12.1279,0.0,0,19.76,0.0734
712,W2C,7,12.9652,0.0,0,18.48,0.0553
713,N2C,14,5.2057,68.0,7,46.03,0.2964
713,S2C,14,5.2876,68.0,7,45.31,0.2952
713,E2C,6,12.3331,0.0,0,19.43,0.0584
713,W2C,7,12.6009,0.0,0,19.01,0.0606
714,N2C,14,4.8254,75.0,7,49.65,0.3065
714,S2C,14,4.9241,75.0,7,48.66,0.3051
714,E2C,6,12.3205,0.0,0,19.45,0.0586
714,W2C,6,12.6871,0.0,0,18.89,0.0533
715,N2C,15,5.0852,83.0,8,47.12,0.3201
715,S2C,15,5.2126,83.0,8,45.97,0.3183
715,E2C,7,12.619,0.0,0,18.99,0.0603
715,W2C,6,12.5885,0.0,0,19.03,0.0547
716,N2C,15,4.8578,92.0,9,49.32,0.3354
716,S2C,15,5.1031,92.0,9,46.95,0.3319
716,E2C,7,12.511,0.0,0,19.15,0.0619
716,W2C,6,12.781,0.0,0,18.75,0.052
717,N2C,15,4.5706,101.0,9,52.42,0.3455
717,S2C,15,4.8274,101.0,9,49.63,0.3418
717,E2C,7,12.7027,0.0,0,18.86,0.0591
717,W2C,6,12.6233,0.0,0,18.98,0.0542
718,N2C,16,4.7194,110.0,9,50.77,0.3554
718,S2C,16,5.0616,110.0,9,47.34,0.3505
718,E2C,6,12.8441,0.0,0,18.65,0.0511
718,W2C,6,12.4139,0.0,0,19.3,0.0573
719,N2C,16,4.231,119.0,9,56.63,0.3684
719,S2C,16,4.7221,119.0,9,50.74,0.3613
719,E2C,6,12.8147,0.0,0,18.7,0.0515
719,W2C,7,12.6822,0.0,0,18.89,0.0594
720,N2C,16,4.0254,129.0,10,59.52,0.384
720,S2C,16,4.2069,129.0,10,56.95,0.3814
720,E2C,6,12.7279,0.0,0,18.82,0.0527
720,W2C,6,13.0217,0.0,0,18.4,0.0485
721,N2C,17,4.4261,139.0,10,54.13,0.3909
721,S2C,17,4.5183,140.0,11,53.03,0.3963
721,E2C,6,12.24,0.0,0,19.58,0.0598
721,W2C,6,12.8948,0.0,0,18.58,0.0503
722,N2C,17,4.3923,149.0,10,54.55,0.3981
722,S2C,17,4.1546,151.0,11,57.67,0.4088
722,E2C,6,12.1433,0.0,0,19.73,0.0612
722,W2C,6,12.9061,0.0,0,18.56,0.0502
723,N2C,17,3.9576,160.0,11,60.54,0.4177
723,S2C,17,3.7874,162.0,11,63.26,0.4215
723,E2C,6,12.3299,0.0,0,19.43,0.0585
723,W2C,6,12.8103,0.0,0,18.7,0.0515
724,N2C,18,4.0384,171.0,11,59.33,0.4299
724,S2C,18,4.0492,173.0,11,59.17,0.431
724,E2C,7,12.3845,0.0,0,19.35,0.0637
724,W2C,7,13.0492,0.0,0,18.36,0.0541
725,N2C,18,3.5635,182.0,11,67.24,0.444
725,S2C,18,3.7418,185.0,12,64.03,0.4495
725,E2C,7,12.3774,0.0,0,19.36,0.0638
725,W2C,7,12.3876,0.0,0,19.34,0.0636
726,N2C,18,3.4516,194.0,12,69.42,0.4596
726,S2C,18,3.6189,197.0,12,66.21,0.4592
726,E2C,7,12.2688,0.0,0,19.53,0.0653
726,W2C,7,11.4634,0.0,0,20.9,0.0769
727,N2C,17,4.5495,144.0,10,52.67,0.3925
727,S2C,17,4.2391,148.0,10,56.52,0.3996
727,E2C,8,11.5739,0.0,0,20.7,0.0813
727,W2C,8,10.4969,0.0,0,22.83,0.0969
728,N2C,17,4.7542,106.0,9,50.4,0.3582
728,S2C,17,4.2005,108.0,9,57.04,0.3675
728,E2C,8,10.4639,0.0,0,22.9,0.0973
728,W2C,8,9.6886,0.0,0,24.73,0.1085
729,N2C,17,4.7804,71.0,7,50.12,0.3225
729,S2C,17,4.0898,72.0,7,58.59,0.3331
729,E2C,8,9.8372,0.0,0,24.36,0.1064
729,W2C,8,9.2026,0.0,0,26.04,0.1155
730,N2C,16,5.3868,42.0,5,44.48,0.2764
730,S2C,17,4.7685,45.0,5,50.25,0.2933
730,E2C,8,9.478,1.0,1,25.28,0.1182
730,W2C,8,8.4638,1.0,1,28.31,0.1328
731,N2C,16,5.4387,22.0,3,44.06,0.2504
731,S2C,16,5.0269,23.0,3,47.66,0.257
731,E2C,9,9.3125,3.0,2,25.73,0.1339
731,W2C,9,8.7352,3.0,2,27.43,0.1422
732,N2C,15,5.5257,5.0,1,43.36,0.2198
732,S2C,15,5.288,6.0,2,45.31,0.2299
732,E2C,9,8.3671,5.0,2,28.64,0.1489
732,W2C,9,8.5866,5.0,2,27.9,0.1457
733,N2C,15,6.1647,1.0,1,38.87,0.2079
733,S2C,15,5.9824,1.0,1,40.05,0.2105
733,E2C,10,8.4241,7.0,2,28.44,0.1554
733,W2C,10,8.9162,8.0,3,26.87,0.155
734,N2C,15,6.5281,0.0,0,36.7,0.196
734,S2C,15,6.2431,0.0,0,38.38,0.2001
734,E2C,10,7.7202,10.0,3,31.04,0.1735
734,W2C,10,8.4687,11.0,3,28.29,0.1634
735,N2C,13,6.6947,0.0,0,35.79,0.1816
735,S2C,13,6.7637,0.0,0,35.42,0.1806
735,E2C,10,7.3391,14.0,4,32.65,0.1877
735,W2C,10,7.8053,14.0,3,30.7,0.1749
736,N2C,14,7.8296,0.0,0,30.6,0.1713
736,S2C,14,7.9546,0.0,0,30.12,0.1695
736,E2C,11,7.4746,18.0,4,32.06,0.1944
736,W2C,10,6.9042,17.0,3,34.7,0.1899
737,N2C,12,8.3029,0.0,0,28.86,0.1524
737,S2C,12,8.3372,0.0,0,28.74,0.152
737,E2C,11,7.1761,22.0,4,33.39,0.2013
737,W2C,11,6.8497,21.0,4,34.98,0.2054
738,N2C,12,8.8849,0.0,0,26.97,0.1441
738,S2C,12,8.9379,0.0,0,26.81,0.1433
738,E2C,11,7.1192,27.0,5,33.66,0.2115
738,W2C,11,6.2829,25.0,4,38.14,0.2162
739,N2C,11,9.6414,0.0,0,24.85,0.1272
739,S2C,11,9.9178,0.0,0,24.16,0.1232
739,E2C,12,7.625,32.0,5,31.42,0.2135
739,W2C,12,6.4477,29.0,4,37.16,0.2225
740,N2C,10,10.3332,0.0,0,23.19,0.1112
740,S2C,10,10.365,0.0,0,23.12,0.1108
740,E2C,12,7.2124,37.0,5,33.22,0.2228
740,W2C,12,5.8513,34.0,5,40.95,0.2404
741,N2C,9,10.8537,0.0,0,22.08,0.0977
741,S2C,9,11.0966,0.0,0,21.59,0.0942
741,E2C,12,6.3213,42.0,5,37.9,0.239
741,W2C,12,5.6168,39.0,5,42.66,0.2471
742,N2C,9,11.8953,0.0,0,20.14,0.0827
742,S2C,9,12.1628,0.0,0,19.7,0.0789
742,E2C,13,6.0449,47.0,5,39.64,0.2523
742,W2C,13,5.9577,45.0,6,40.22,0.2582
743,N2C,8,12.2179,0.0,0,19.61,0.0721
743,S2C,8,12.9085,0.0,0,18.56,0.0621
743,E2C,13,5.82,54.0,7,41.17,0.2722
743,W2C,13,5.7563,51.0,6,41.62,0.2651
744,N2C,7,12.4164,0.0,0,19.3,0.0632
744,S2C,7,13.1447,0.0,0,18.23,0.0527
744,E2C,13,5.4221,61.0,7,44.19,0.2826
744,W2C,13,5.7818,58.0,7,41.44,0.2754
745,N2C,7,12.5572,0.0,0,19.08,0.0612
745,S2C,7,12.6611,0.0,0,18.92,0.0597
745,E2C,14,5.7866,68.0,7,41.41,0.288
745,W2C,14,6.056,65.0,7,39.56,0.2821
746,N2C,6,12.6289,0.0,0,18.97,0.0542
746,S2C,6,12.8978,0.0,0,18.58,0.0503
746,E2C,14,5.3907,75.0,7,44.45,0.2984
746,W2C,14,5.8255,72.0,7,41.13,0.2901
747,N2C,6,12.3165,0.0,0,19.45,0.0587
747,S2C,6,12.9228,0.0,0,18.54,0.0499
747,E2C,14,5.073,82.0,7,47.23,0.3076
747,W2C,14,5.265,79.0,7,45.51,0.3029
748,N2C,7,12.5846,0.0,0,19.04,0.0608
748,S2C,6,12.8689,0.0,0,18.62,0.0507
748,E2C,15,5.1562,90.0,8,46.47,0.3238
748,W2C,15,5.3007,86.0,7,45.2,0.313
749,N2C,6,12.597,0.0,0,19.02,0.0546
749,S2C,6,12.9675,0.0,0,18.48,0.0493
749,E2C,15,4.6256,98.0,8,51.8,0.3367
749,W2C,15,4.7276,94.0,8,50.68,0.3326
750,N2C,6,12.6764,0.0,0,18.9,0.0535
750,S2C,6,13.0585,0.0,0,18.35,0.048
750,E2C,15,4.4919,107.0,9,53.34,0.3507
750,W2C,15,4.2349,102.0,8,56.58,0.345
751,N2C,7,12.6226,0.0,0,18.98,0.0602
751,S2C,6,12.8327,0.0,0,18.67,0.0512
751,E2C,16,4.4773,117.0,10,53.51,0.3695
751,W2C,16,4.8068,110.0,8,49.85,0.3481
752,N2C,7,12.6279,0.0,0,18.97,0.0602
752,S2C,6,12.8949,0.0,0,18.58,0.0503
752,E2C,16,4.1139,127.0,10,58.24,0.3814
752,W2C,16,4.7016,119.0,9,50.96,0.3616
753,N2C,7,12.416,0.0,0,19.3,0.0632
753,S2C,6,12.4268,0.0,0,19.28,0.0571
753,E2C,16,3.8181,137.0,10,62.75,0.3924
753,W2C,16,4.5112,128.0,9,53.11,0.3704
754,N2C,6,12.8494,0.0,0,18.65,0.051
754,S2C,7,12.7465,0.0,0,18.8,0.0585
754,E2C,17,4.2616,148.0,11,56.22,0.4053
754,W2C,17,4.4135,138.0,10,54.29,0.3905
755,N2C,6,13.013,0.0,0,18.41,0.0486
755,S2C,7,12.6901,0.0,0,18.88,0.0593
755,E2C,17,3.853,159.0,11,62.19,0.4185
755,W2C,17,3.9634,148.0,10,60.45,0.4036
756,N2C,6,12.9397,0.0,0,18.52,0.0497
756,S2C,6,12.6473,0.0,0,18.94,0.0539
756,E2C,17,3.4484,170.0,11,69.48,0.4317
756,W2C,17,3.3058,158.0,10,72.48,0.4197
757,N2C,6,13.0437,0.0,0,18.37,0.0482
757,S2C,6,12.745,0.0,0,18.8,0.0525
757,E2C,18,3.859,181.0,11,62.09,0.4391
757,W2C,18,3.681,169.0,11,65.09,0.4337
758,N2C,6,12.7003,0.0,0,18.87,0.0531
758,S2C,6,12.6465,0.0,0,18.95,0.0539
758,E2C,18,3.6058,193.0,12,66.45,0.4567
758,W2C,18,3.4025,180.0,11,70.42,0.445
759,N2C,6,13.0256,0.0,0,18.39,0.0484
759,S2C,6,12.0447,0.0,0,19.89,0.0626
759,E2C,18,3.2603,206.0,13,73.49,0.4764
759,W2C,18,3.2781,192.0,12,73.09,0.4608
760,N2C,7,12.4232,0.0,0,19.29,0.0631
760,S2C,6,11.5401,0.0,0,20.76,0.0698
760,E2C,17,3.983,158.0,11,60.16,0.416
760,W2C,17,4.2739,144.0,11,56.06,0.4025
761,N2C,7,11.5608,0.0,0,20.73,0.0755
761,S2C,7,10.8999,0.0,0,21.98,0.0851
761,E2C,17,4.0122,117.0,9,59.72,0.3762
761,W2C,17,4.5082,101.0,9,53.15,0.3584
762,N2C,7,11.1096,0.0,0,21.57,0.082
762,S2C,7,10.6371,0.0,0,22.53,0.0888
762,E2C,17,4.202,78.0,7,57.02,0.3355
762,W2C,17,4.6968,66.0,7,51.01,0.3204
763,N2C,8,11.5211,1.0,1,20.8,0.0888
763,S2C,8,10.9708,0.0,0,21.84,0.09
763,E2C,16,5.252,49.0,6,45.62,0.289
763,W2C,16,5.4163,38.0,5,44.24,0.2733
764,N2C,8,10.7856,2.0,1,22.21,0.1
764,S2C,8,10.4219,0.0,0,22.99,0.0979
764,E2C,16,5.7822,26.0,4,41.44,0.2541
764,W2C,16,5.4816,19.0,3,43.71,0.2477
765,N2C,8,10.1333,3.0,1,23.64,0.1101
765,S2C,8,9.4916,1.0,1,25.24,0.118
765,E2C,14,6.1033,10.0,2,39.26,0.2148
765,W2C,15,5.5357,6.0,1,43.28,0.2203
766,N2C,9,9.8182,4.0,1,24.4,0.1213
766,S2C,9,9.2405,2.0,1,25.93,0.1283
766,E2C,15,6.8779,0.0,0,34.84,0.191
766,W2C,15,6.1151,0.0,0,39.18,0.2019
767,N2C,9,8.7692,5.0,1,27.32,0.1371
767,S2C,9,8.9845,3.0,1,26.67,0.1326
767,E2C,14,7.41,0.0,0,32.33,0.1773
767,W2C,14,6.579,0.0,0,36.42,0.1893
768,N2C,9,8.0545,7.0,2,29.75,0.1547
768,S2C,9,8.4626,5.0,2,28.31,0.1475
768,E2C,13,7.9696,0.0,0,30.06,0.1632
768,W2C,13,6.9273,0.0,0,34.59,0.1783
769,N2C,10,8.5085,10.0,3,28.16,0.1622
769,S2C,10,8.5412,8.0,3,28.05,0.1603
769,E2C,12,8.8963,0.0,0,26.93,0.1439
769,W2C,13,8.514,0.0,0,28.14,0.1554
770,N2C,10,8.1768,13.0,3,29.3,0.1689
770,S2C,10,8.4503,11.0,3,28.35,0.1637
770,E2C,12,9.11,0.0,0,26.3,0.1408
770,W2C,12,9.1296,0.0,0,26.24,0.1405
771,N2C,10,7.8817,16.0,3,30.4,0.1752
771,S2C,10,7.8103,14.0,3,30.68,0.1749
771,E2C,11,9.6951,0.0,0,24.71,0.1264
771,W2C,11,9.3969,0.0,0,25.5,0.1307
772,N2C,11,8.0672,20.0,4,29.7,0.1872
772,S2C,11,8.1212,18.0,4,29.5,0.1851
772,E2C,11,10.6222,0.0,0,22.56,0.1131
772,W2C,11,10.3046,0.0,0,23.25,0.1176
773,N2C,11,7.3819,24.0,4,32.46,0.1997
773,S2C,11,7.4291,22.0,4,32.25,0.1977
773,E2C,9,11.0256,0.0,0,21.73,0.0952
773,W2C,10,10.645,0.0,0,22.51,0.1067
774,N2C,11,6.8378,28.0,4,35.04,0.2102
774,S2C,11,6.7457,26.0,4,35.52,0.2102
774,E2C,9,11.3568,0.0,0,21.1,0.0905
774,W2C,9,11.0871,0.0,0,21.61,0.0944
775,N2C,12,6.7015,33.0,5,35.75,0.2275
775,S2C,12,6.9488,31.0,5,34.48,0.2226
775,E2C,9,11.9972,0.0,0,19.97,0.0813
775,W2C,9,11.3452,0.0,0,21.12,0.0906
776,N2C,12,6.1504,39.0,6,38.96,0.2454
776,S2C,12,6.5605,36.0,5,36.52,0.2315
776,E2C,8,12.2713,0.0,0,19.53,0.0713
776,W2C,8,11.4145,0.0,0,20.99,0.0836
777,N2C,12,5.7626,45.0,6,41.58,0.255
777,S2C,12,6.5231,42.0,6,36.73,0.2421
777,E2C,6,12.5144,0.0,0,19.15,0.0558
777,W2C,7,11.5686,0.0,0,20.71,0.0754
778,N2C,13,5.899,51.0,6,40.62,0.2631
778,S2C,13,6.9108,48.0,6,34.67,0.2465
778,E2C,7,12.6227,0.0,0,18.98,0.0602
778,W2C,7,12.0773,0.0,0,19.84,0.0681
779,N2C,13,5.5204,57.0,6,43.4,0.2725
779,S2C,13,6.3737,54.0,6,37.59,0.2582
779,E2C,6,12.9067,0.0,0,18.56,0.0502
779,W2C,7,11.93,0.0,0,20.08,0.0702
780,N2C,13,5.1593,64.0,7,46.44,0.2884
780,S2C,13,5.6478,60.0,6,42.42,0.2727
780,E2C,6,12.9748,0.0,0,18.47,0.0492
780,W2C,6,12.1211,0.0,0,19.77,0.0615
781,N2C,14,5.5908,71.0,7,42.86,0.2928
781,S2C,14,5.4799,66.0,6,43.72,0.2851
781,E2C,6,13.3004,0.0,0,18.01,0.0445
781,W2C,6,11.8696,0.0,0,20.19,0.0651
782,N2C,14,5.3211,79.0,8,45.03,0.308
782,S2C,14,4.8995,73.0,7,48.9,0.3041
782,E2C,6,13.0785,0.0,0,18.32,0.0477
782,W2C,6,12.1,0.0,0,19.8,0.0618
783,N2C,14,4.9721,87.0,8,48.19,0.3184
783,S2C,14,4.7931,81.0,8,49.99,0.317
783,E2C,6,13.1973,0.0,0,18.16,0.046
783,W2C,6,11.9726,0.0,0,20.01,0.0636
784,N2C,15,4.9611,95.0,8,48.3,0.3299
784,S2C,15,4.9178,89.0,8,48.72,0.3265
784,E2C,6,13.205,0.0,0,18.14,0.0459
784,W2C,7,12.1146,0.0,0,19.78,0.0676
785,N2C,15,4.7454,103.0,8,50.49,0.3383
785,S2C,15,4.6635,97.0,8,51.38,0.3355
785,E2C,6,13.1141,0.0,0,18.27,0.0472
785,W2C,7,11.7561,0.0,0,20.38,0.0727
786,N2C,15,4.5483,112.0,9,52.68,0.3532
786,S2C,15,4.4605,105.0,8,53.72,0.3438
786,E2C,6,12.9543,0.0,0,18.5,0.0495
786,W2C,6,12.1733,0.0,0,19.68,0.0607
787,N2C,16,4.489,121.0,9,53.37,0.366
787,S2C,16,4.5936,114.0,9,52.16,0.3599
787,E2C,6,12.8717,0.0,0,18.61,0.0507
787,W2C,7,12.0416,0.0,0,19.9,0.0686
788,N2C,16,4.2664,130.0,9,56.16,0.3752
788,S2C,16,4.2495,124.0,10,56.38,0.3775
788,E2C,6,12.8292,0.0,0,18.68,0.0513
788,W2C,7,11.8041,0.0,0,20.3,0.072
789,N2C,16,3.9485,140.0,10,60.68,0.3925
789,S2C,16,3.9719,134.0,10,60.32,0.3881
789,E2C,6,12.6809,0.0,0,18.89,0.0534
789,W2C,6,11.994,0.0,0,19.98,0.0633
790,N2C,17,4.0468,150.0,10,59.21,0.4037
790,S2C,17,4.2714,145.0,11,56.09,0.4032
790,E2C,5,13.0277,0.0,0,18.39,0.0424
790,W2C,5,11.8874,0.0,0,20.16,0.0588
791,N2C,17,3.788,161.0,11,63.25,0.4208
791,S2C,17,3.9186,156.0,11,61.14,0.4156
791,E2C,6,13.0659,0.0,0,18.34,0.0479
791,W2C,6,12.0391,0.0,0,19.9,0.0627
792,N2C,17,3.5643,172.0,11,67.22,0.4313
792,S2C,17,3.8228,167.0,11,62.68,0.4243
792,E2C,6,12.7295,0.0,0,18.82,0.0527
792,W2C,6,11.986,0.0,0,19.99,0.0634
793,N2C,16,4.6351,127.0,9,51.69,0.3679
793,S2C,16,4.8081,124.0,9,49.83,0.3634
793,E2C,7,12.8083,0.0,0,18.71,0.0576
793,W2C,7,11.9072,0.0,0,20.12,0.0705
794,N2C,16,4.7179,87.0,8,50.78,0.3341
794,S2C,16,4.7748,84.0,8,50.18,0.3312
794,E2C,7,11.8777,0.0,0,20.17,0.071
794,W2C,7,11.8945,0.0,0,20.14,0.0707
795,N2C,16,4.9116,54.0,6,48.78,0.2973
795,S2C,16,4.9815,52.0,6,48.1,0.2949
795,E2C,7,11.6179,0.0,0,20.62,0.0747
795,W2C,7,11.8427,0.0,0,20.23,0.0715
796,N2C,15,5.6369,28.0,4,42.51,0.2515
796,S2C,15,5.7067,29.0,4,41.99,0.2512
796,E2C,8,10.6299,1.0,1,22.54,0.1016
796,W2C,8,12.0497,0.0,0,19.88,0.0745
797,N2C,15,5.5537,12.0,3,43.14,0.236
797,S2C,15,5.7204,12.0,2,41.89,0.2276
797,E2C,8,10.4936,2.0,1,22.83,0.1042
797,W2C,8,11.5952,0.0,0,20.66,0.081
798,N2C,13,5.6038,2.0,1,42.76,0.2046
798,S2C,14,5.801,0.0,0,41.3,0.2005
798,E2C,8,9.2185,3.0,1,25.99,0.1233
798,W2C,8,10.7476,0.0,0,22.29,0.0932
799,N2C,14,6.4795,0.0,0,36.98,0.1907
799,S2C,14,6.4231,0.0,0,37.3,0.1915
799,E2C,9,9.2106,5.0,2,26.01,0.1367
799,W2C,9,10.1686,1.0,1,23.56,0.1143
800,N2C,13,7.0234,0.0,0,34.11,0.1769
800,S2C,14,7.0707,0.0,0,33.89,0.1822
800,E2C,9,8.7542,7.0,2,27.37,0.1446
800,W2C,9,9.3041,2.0,1,25.75,0.1274
801,N2C,12,7.8699,0.0,0,30.45,0.1587
801,S2C,12,7.7806,0.0,0,30.79,0.16
801,E2C,9,8.2922,9.0,2,28.89,0.1526
801,W2C,9,8.7366,3.0,1,27.42,0.1362
802,N2C,12,8.9233,0.0,0,26.85,0.1435
802,S2C,12,8.7492,0.0,0,27.39,0.146
802,E2C,10,8.4766,12.0,3,28.27,0.1639
802,W2C,10,8.9351,5.0,2,26.82,0.1467
803,N2C,11,9.502,0.0,0,25.22,0.1292
803,S2C,11,9.1659,0.0,0,26.14,0.134
803,E2C,10,7.8579,15.0,3,30.49,0.1749
803,W2C,10,8.7626,8.0,3,27.34,0.1572
804,N2C,10,10.2205,0.0,0,23.44,0.1128
804,S2C,10,9.4417,0.0,0,25.38,0.1241
804,E2C,10,7.8077,18.0,3,30.69,0.1776
804,W2C,10,8.011,11.0,3,29.91,0.17
805,N2C,10,11.0071,0.0,0,21.77,0.1015
805,S2C,10,10.5123,0.0,0,22.79,0.1086
805,E2C,11,8.1428,21.0,3,29.42,0.1808
805,W2C,11,7.7319,14.0,3,30.99,0.182
806,N2C,9,10.9996,0.0,0,21.78,0.0956
806,S2C,9,11.0176,0.0,0,21.75,0.0954
806,E2C,11,7.6204,25.0,4,31.44,0.1969
806,W2C,11,7.0832,17.0,3,33.83,0.1933
807,N2C,8,11.1517,0.0,0,21.49,0.0874
807,S2C,8,11.4489,0.0,0,20.93,0.0831
807,E2C,11,6.9647,29.0,4,34.4,0.209
807,W2C,11,6.9349,21.0,4,34.55,0.2041
808,N2C,9,11.6159,0.0,0,20.63,0.0867
808,S2C,8,12.2426,0.0,0,19.57,0.0717
808,E2C,12,7.1801,33.0,4,33.37,0.2146
808,W2C,12,7.3973,25.0,4,32.39,0.2062
809,N2C,8,11.7315,0.0,0,20.42,0.0791
809,S2C,7,12.7961,0.0,0,18.72,0.0578
809,E2C,12,6.5047,38.0,5,36.83,0.2337
809,W2C,12,7.0381,30.0,5,34.04,0.2207
810,N2C,7,12.3889,0.0,0,19.34,0.0636
810,S2C,7,12.7714,0.0,0,18.76,0.0581
810,E2C,12,5.945,43.0,5,40.3,0.2451
810,W2C,12,6.627,35.0,5,36.16,0.2299
811,N2C,7,12.4948,0.0,0,19.18,0.0621
811,S2C,6,12.803,0.0,0,18.71,0.0517
811,E2C,13,6.161,49.0,6,38.89,0.258
811,W2C,13,6.3645,40.0,5,37.65,0.243
812,N2C,6,12.3481,0.0,0,19.4,0.0582
812,S2C,6,13.0426,0.0,0,18.37,0.0482
812,E2C,13,5.6872,55.0,6,42.13,0.2688
812,W2C,13,5.8293,46.0,6,41.1,0.2607
813,N2C,6,12.6129,0.0,0,19.0,0.0544
813,S2C,6,12.7266,0.0,0,18.83,0.0528
813,E2C,13,5.2341,62.0,7,45.78,0.286
813,W2C,13,5.3836,52.0,6,44.51,0.2711
814,N2C,6,12.6164,0.0,0,18.99,0.0543
814,S2C,5,12.464,0.0,0,19.22,0.0505
814,E2C,14,5.2525,69.0,7,45.62,0.2964
814,W2C,14,5.2252,58.0,6,45.85,0.2834
815,N2C,6,12.9162,0.0,0,18.55,0.05
815,S2C,6,13.1347,0.0,0,18.24,0.0469
815,E2C,14,4.9667,76.0,7,48.24,0.3052
815,W2C,14,4.892,66.0,8,48.98,0.3056
816,N2C,6,12.9077,0.0,0,18.56,0.0501
816,S2C,6,13.1404,0.0,0,18.23,0.0468
816,E2C,14,4.6882,84.0,8,51.11,0.3205
816,W2C,14,4.6896,74.0,8,51.09,0.3138
817,N2C,6,12.7852,0.0,0,18.74,0.0519
817,S2C,7,13.1868,0.0,0,18.17,0.0521
817,E2C,15,4.7093,92.0,8,50.88,0.3315
817,W2C,15,4.8655,82.0,8,49.25,0.3226
818,N2C,6,12.6236,0.0,0,18.98,0.0542
818,S2C,7,12.8351,0.0,0,18.67,0.0572
818,E2C,15,4.3894,101.0,9,54.59,0.3481
818,W2C,15,4.4788,91.0,9,53.5,0.3402
819,N2C,6,12.589,0.0,0,19.03,0.0547
819,S2C,6,12.7732,0.0,0,18.76,0.0521
819,E2C,15,4.2235,110.0,9,56.73,0.3565
819,W2C,15,4.3077,100.0,9,55.62,0.3486
820,N2C,7,12.6771,0.0,0,18.9,0.0595
820,S2C,6,12.9381,0.0,0,18.52,0.0497
820,E2C,16,4.244,119.0,9,56.46,0.3682
820,W2C,16,4.7481,109.0,9,50.46,0.3543
821,N2C,7,12.3588,0.0,0,19.39,0.064
821,S2C,7,13.0918,0.0,0,18.3,0.0535
821,E2C,16,3.9495,129.0,10,60.67,0.3851
821,W2C,16,4.6521,119.0,10,51.5,0.3683
822,N2C,7,12.5907,0.0,0,19.03,0.0607
822,S2C,6,12.9672,0.0,0,18.48,0.0493
822,E2C,16,3.62,139.0,10,66.19,0.3965
822,W2C,16,4.534,129.0,10,52.85,0.3767
823,N2C,7,12.2596,0.0,0,19.54,0.0655
823,S2C,6,12.5387,0.0,0,19.11,0.0555
823,E2C,17,3.922,149.0,10,61.09,0.4049
823,W2C,17,4.5492,139.0,10,52.67,0.3892
824,N2C,7,11.8626,0.0,0,20.2,0.0712
824,S2C,6,12.4759,0.0,0,19.21,0.0564
824,E2C,17,3.5682,159.0,10,67.15,0.4166
824,W2C,17,4.1274,149.0,10,58.05,0.4019
825,N2C,7,10.8647,0.0,0,22.05,0.0856
825,S2C,6,12.4022,0.0,0,19.32,0.0574
825,E2C,17,3.4511,170.0,11,69.43,0.4316
825,W2C,17,3.4642,159.0,10,69.16,0.4181
826,N2C,7,10.0969,0.0,0,23.73,0.0966
826,S2C,7,12.447,0.0,0,19.25,0.0628
826,E2C,16,4.3407,122.0,9,55.2,0.3688
826,W2C,16,4.2058,117.0,9,56.97,0.3674
827,N2C,8,9.7996,1.0,1,24.45,0.1136
827,S2C,7,11.6793,0.0,0,20.51,0.0738
827,E2C,16,4.2463,84.0,8,56.43,0.3389
827,W2C,16,4.0833,83.0,8,58.68,0.3405
828,N2C,8,9.3475,2.0,1,25.63,0.1207
828,S2C,7,10.9844,0.0,0,21.81,0.0838
828,E2C,16,4.3508,54.0,6,55.07,0.3054
828,W2C,16,4.2791,52.0,6,55.99,0.3051
829,N2C,9,9.5326,4.0,2,25.13,0.1314
829,S2C,8,10.2862,0.0,0,23.29,0.0999
829,E2C,15,5.2941,29.0,4,45.26,0.2571
829,W2C,15,5.361,29.0,5,44.69,0.2621
830,N2C,9,8.8379,6.0,2,27.11,0.1427
830,S2C,8,9.6021,1.0,1,24.95,0.1164
830,E2C,15,5.863,10.0,2,40.87,0.2242
830,W2C,15,5.8865,11.0,3,40.7,0.2306
831,N2C,9,8.3597,8.0,2,28.66,0.151
831,S2C,8,9.2076,2.0,1,26.02,0.1228
831,E2C,13,6.5247,1.0,1,36.72,0.1907
831,W2C,14,6.2429,3.0,1,38.38,0.2021
832,N2C,10,8.51,10.0,2,28.16,0.1561
832,S2C,8,8.8456,4.0,2,27.09,0.1353
832,E2C,14,7.3959,0.0,0,32.4,0.1775
832,W2C,14,6.7278,0.0,0,35.61,0.1871
833,N2C,10,7.9393,12.0,2,30.18,0.1657
833,S2C,9,8.7105,6.0,2,27.51,0.1446
833,E2C,14,7.8896,0.0,0,30.37,0.1704
833,W2C,14,7.2086,0.0,0,33.24,0.1802
834,N2C,10,6.9086,15.0,3,34.68,0.1885
834,S2C,9,7.6166,8.0,2,31.46,0.1617
834,E2C,12,8.7643,0.0,0,27.34,0.1458
834,W2C,12,7.2383,0.0,0,33.1,0.1678
835,N2C,11,7.2491,18.0,3,33.05,0.1916
835,S2C,10,7.8775,11.0,3,30.42,0.1719
835,E2C,13,9.4953,0.0,0,25.23,0.1413
835,W2C,12,8.4687,0.0,0,28.29,0.1501
836,N2C,11,6.8743,23.0,5,34.85,0.2124
836,S2C,10,7.6722,14.0,3,31.23,0.1769
836,E2C,11,9.9263,0.0,0,24.14,0.1231
836,W2C,11,9.0037,0.0,0,26.61,0.1364
837,N2C,11,6.7552,28.0,5,35.47,0.2174
837,S2C,10,7.1485,17.0,3,33.52,0.1864
837,E2C,10,10.29,0.0,0,23.28,0.1118
837,W2C,10,9.8499,0.0,0,24.33,0.1182
838,N2C,12,7.0746,33.0,5,33.87,0.2221
838,S2C,11,7.1862,21.0,4,33.34,0.2005
838,E2C,10,10.6463,0.0,0,22.51,0.1067
838,W2C,10,10.6651,0.0,0,22.47,0.1064
839,N2C,12,6.904,38.0,5,34.7,0.2279
839,S2C,11,6.966,25.0,4,34.4,0.2064
839,E2C,9,10.8982,0.0,0,21.99,0.0971
839,W2C,9,11.2648,0.0,0,21.27,0.0918
840,N2C,12,6.8164,43.0,5,35.15,0.2325
840,S2C,11,6.5368,30.0,5,36.65,0.2219
840,E2C,8,11.6598,0.0,0,20.55,0.0801
840,W2C,8,12.1017,0.0,0,19.8,0.0737
841,N2C,13,6.7284,48.0,5,35.61,0.2431
841,S2C,12,7.0257,35.0,5,34.1,0.2242
841,E2C,8,12.0195,0.0,0,19.93,0.0749
841,W2C,8,12.6967,0.0,0,18.87,0.0652
842,N2C,13,6.1117,53.0,5,39.2,0.2553
842,S2C,12,6.6766,40.0,5,35.89,0.2325
842,E2C,8,12.1399,0.0,0,19.74,0.0732
842,W2C,7,12.5196,0.0,0,19.14,0.0617
843,N2C,13,5.821,58.0,5,41.16,0.2629
843,S2C,12,6.2628,45.0,5,38.26,0.2418
843,E2C,6,12.9043,0.0,0,18.57,0.0502
843,W2C,6,12.703,0.0,0,18.86,0.0531
844,N2C,14,5.876,65.0,7,40.78,0.2847
844,S2C,13,6.5238,50.0,5,36.73,0.2474
844,E2C,7,12.9772,0.0,0,18.46,0.0551
844,W2C,7,12.8662,0.0,0,18.62,0.0567
845,N2C,14,5.0759,72.0,7,47.2,0.3009
845,S2C,13,6.275,55.0,5,38.18,0.2543
845,E2C,7,12.9061,0.0,0,18.56,0.0562
845,W2C,7,12.847,0.0,0,18.65,0.057
846,N2C,14,4.7286,79.0,7,50.67,0.3106
846,S2C,13,5.9356,61.0,6,40.37,0.2692
846,E2C,6,13.0759,0.0,0,18.32,0.0477
846,W2C,7,12.7605,0.0,0,18.78,0.0583
847,N2C,15,5.0885,87.0,8,47.09,0.3227
847,S2C,14,6.3224,67.0,6,37.9,0.2736
847,E2C,6,13.2601,0.0,0,18.07,0.0451
847,W2C,6,13.2313,0.0,0,18.11,0.0455
848,N2C,15,4.8624,96.0,9,49.28,0.338
848,S2C,14,5.7057,74.0,7,41.99,0.2932
848,E2C,6,13.0719,0.0,0,18.33,0.0478
848,W2C,6,12.8417,0.0,0,18.66,0.0511
849,N2C,15,4.6425,105.0,9,51.61,0.3472
849,S2C,14,5.226,81.0,7,45.85,0.3048
849,E2C,6,12.8858,0.0,0,18.59,0.0505
849,W2C,6,12.8165,0.0,0,18.69,0.0515
850,N2C,16,4.6837,114.0,9,51.16,0.3586
850,S2C,15,5.1136,88.0,7,46.86,0.317
850,E2C,6,12.9938,0.0,0,18.44,0.0489
850,W2C,7,12.85,0.0,0,18.65,0.057
851,N2C,16,4.4512,123.0,9,53.83,0.3679
851,S2C,15,4.6096,95.0,7,51.98,0.329
851,E2C,6,12.8155,0.0,0,18.7,0.0515
851,W2C,6,12.9114,0.0,0,18.56,0.0501
852,N2C,16,4.1647,133.0,10,57.53,0.3847
852,S2C,15,4.2059,103.0,8,56.97,0.3461
852,E2C,6,12.7443,0.0,0,18.8,0.0525
852,W2C,6,12.9215,0.0,0,18.54,0.0499
853,N2C,17,4.3556,143.0,10,55.01,0.3946
853,S2C,16,4.6155,112.0,9,51.91,0.3582
853,E2C,7,13.0212,0.0,0,18.4,0.0545
853,W2C,6,12.8212,0.0,0,18.69,0.0514
854,N2C,17,4.2942,153.0,10,55.8,0.4022
854,S2C,16,4.3349,121.0,9,55.27,0.3682
854,E2C,6,13.2909,0.0,0,18.03,0.0446
854,W2C,6,12.8642,0.0,0,18.63,0.0508
855,N2C,17,3.8797,164.0,11,61.76,0.4215
855,S2C,16,3.9221,131.0,10,61.09,0.3869
855,E2C,6,12.8389,0.0,0,18.66,0.0511
855,W2C,6,12.9317,0.0,0,18.53,0.0498
856,N2C,18,3.959,175.0,11,60.52,0.4337
856,S2C,17,4.4352,141.0,10,54.02,0.3921
856,E2C,6,12.7735,0.0,0,18.76,0.0521
856,W2C,6,12.5264,0.0,0,19.13,0.0556
857,N2C,18,3.5163,187.0,12,68.14,0.454
857,S2C,17,4.3432,152.0,11,55.17,0.4068
857,E2C,7,12.835,0.0,0,18.67,0.0572
857,W2C,7,11.8844,0.0,0,20.16,0.0709
858,N2C,18,3.4121,199.0,12,70.22,0.4635
858,S2C,17,4.114,163.0,11,58.24,0.4174
858,E2C,7,11.6583,0.0,0,20.55,0.0741
858,W2C,7,11.3187,0.0,0,21.17,0.079
859,N2C,17,4.1821,147.0,10,57.29,0.3998
859,S2C,16,4.9905,116.0,9,48.01,0.3555
859,E2C,8,11.0032,0.0,0,21.78,0.0896
859,W2C,8,10.3224,0.0,0,23.21,0.0994
860,N2C,17,4.0336,106.0,9,59.4,0.3686
860,S2C,16,4.8727,76.0,7,49.17,0.3185
860,E2C,8,10.5238,0.0,0,22.77,0.0965
860,W2C,8,9.6245,1.0,1,24.89,0.1161
861,N2C,17,4.1382,71.0,7,57.9,0.3317
861,S2C,16,5.0131,47.0,5,47.79,0.2852
861,E2C,8,9.3365,0.0,0,25.66,0.1136
861,W2C,8,8.8923,2.0,1,26.94,0.1273
862,N2C,16,4.9184,43.0,5,48.71,0.2838
862,S2C,15,5.8587,26.0,4,40.9,0.247
862,E2C,9,9.2577,2.0,2,25.88,0.134
862,W2C,9,9.0948,3.0,1,26.34,0.131
863,N2C,16,5.1027,24.0,4,46.96,0.2625
863,S2C,15,5.8661,9.0,2,40.84,0.2235
863,E2C,9,8.7163,4.0,2,27.49,0.1432
863,W2C,9,8.492,5.0,2,28.21,0.1471
864,N2C,15,5.1271,7.0,2,46.73,0.2328
864,S2C,15,5.8688,0.0,0,40.83,0.2055
864,E2C,9,8.2642,6.0,2,28.99,0.151
864,W2C,9,8.3906,7.0,2,28.56,0.1499
865,N2C,15,5.9171,0.0,0,40.49,0.2048
865,S2C,14,6.6948,0.0,0,35.79,0.1876
865,E2C,10,8.1952,9.0,3,29.24,0.166
865,W2C,10,8.4743,9.0,2,28.27,0.156
866,N2C,14,6.1969,0.0,0,38.66,0.1948
866,S2C,14,6.7265,0.0,0,35.62,0.1871
866,E2C,10,7.6934,12.0,3,31.14,0.1752
866,W2C,10,8.1111,12.0,3,29.54,0.1692
867,N2C,13,7.0552,0.0,0,33.96,0.1764
867,S2C,12,7.2663,0.0,0,32.97,0.1674
867,E2C,10,7.205,15.0,3,33.25,0.1843
867,W2C,10,7.6055,15.0,3,31.5,0.1785
868,N2C,13,8.4833,0.0,0,28.24,0.1558
868,S2C,13,8.1898,0.0,0,29.26,0.1601
868,E2C,11,7.3665,18.0,3,32.53,0.1899
868,W2C,11,7.6683,18.0,3,31.25,0.1856
869,N2C,12,9.0374,0.0,0,26.51,0.1419
869,S2C,11,8.8639,0.0,0,27.03,0.1384
869,E2C,11,6.8604,22.0,4,34.92,0.2059
869,W2C,11,6.9455,22.0,4,34.5,0.2047
870,N2C,11,9.6292,0.0,0,24.88,0.1274
870,S2C,11,9.3579,0.0,0,25.6,0.1313
870,E2C,11,6.5257,27.0,5,36.72,0.22
870,W2C,11,6.4552,26.0,4,37.12,0.2144
871,N2C,11,10.1719,0.0,0,23.56,0.1195
871,S2C,10,10.4991,0.0,0,22.82,0.1088
871,E2C,12,6.6972,32.0,5,35.78,0.2269
871,W2C,12,7.1208,30.0,4,33.65,0.2135
872,N2C,10,10.4026,0.0,0,23.03,0.1102
872,S2C,10,10.9829,0.0,0,21.82,0.1019
872,E2C,12,6.4905,37.0,5,36.92,0.2332
872,W2C,12,6.6906,35.0,5,35.81,0.229
873,N2C,9,10.9655,0.0,0,21.85,0.0961
873,S2C,8,11.8877,0.0,0,20.16,0.0768
873,E2C,12,6.6133,42.0,5,36.23,0.2348
873,W2C,12,6.3365,40.0,5,37.81,0.2374
874,N2C,9,11.5584,0.0,0,20.73,0.0876
874,S2C,9,12.4516,0.0,0,19.24,0.0747
874,E2C,13,6.7521,48.0,6,35.49,0.2488
874,W2C,13,6.8582,45.0,5,34.94,0.2392
875,N2C,8,12.05,0.0,0,19.88,0.0745
875,S2C,7,12.8456,0.0,0,18.65,0.057
875,E2C,13,6.2107,54.0,6,38.58,0.2606
875,W2C,13,6.3001,51.0,6,38.03,0.2573
876,N2C,7,12.4225,0.0,0,19.29,0.0631
876,S2C,6,12.8985,0.0,0,18.58,0.0503
876,E2C,13,5.4388,60.0,6,44.05,0.2757
876,W2C,13,5.7277,57.0,6,41.83,0.2695
877,N2C,7,12.5482,0.0,0,19.09,0.0613
877,S2C,7,12.8847,0.0,0,18.6,0.0565
877,E2C,14,5.6449,66.0,6,42.45,0.2827
877,W2C,14,5.6286,63.0,6,42.57,0.281
878,N2C,7,12.4196,0.0,0,19.29,0.0632
878,S2C,6,12.7119,0.0,0,18.85,0.053
878,E2C,14,5.3454,74.0,8,44.82,0.3044
878,W2C,14,5.0423,70.0,7,47.52,0.3001
879,N2C,7,12.6504,0.0,0,18.94,0.0598
879,S2C,6,12.9783,0.0,0,18.46,0.0491
879,E2C,14,4.9487,82.0,8,48.42,0.3154
879,W2C,14,4.7394,77.0,7,50.56,0.3091
880,N2C,6,12.5907,0.0,0,19.03,0.0547
880,S2C,7,12.9023,0.0,0,18.57,0.0562
880,E2C,15,5.1818,90.0,8,46.24,0.3234
880,W2C,15,4.9722,85.0,8,48.19,0.3231
881,N2C,6,12.8393,0.0,0,18.66,0.0511
881,S2C,6,12.7843,0.0,0,18.74,0.0519
881,E2C,15,4.8824,98.0,8,49.07,0.333
881,W2C,15,4.6293,94.0,9,51.76,0.34
882,N2C,6,12.5376,0.0,0,19.11,0.0555
882,S2C,6,12.8123,0.0,0,18.7,0.0515
882,E2C,15,4.6226,107.0,9,51.83,0.3488
882,W2C,15,4.4053,103.0,9,54.39,0.3492
883,N2C,7,12.8118,0.0,0,18.7,0.0575
883,S2C,7,12.8648,0.0,0,18.62,0.0568
883,E2C,16,4.6858,116.0,9,51.13,0.3599
883,W2C,16,4.627,112.0,9,51.78,0.358
884,N2C,7,12.5951,0.0,0,19.02,0.0606
884,S2C,6,12.5425,0.0,0,19.1,0.0554
884,E2C,16,4.364,126.0,10,54.9,0.3772
884,W2C,16,4.3327,122.0,10,55.3,0.3749
885,N2C,7,12.4901,0.0,0,19.18,0.0622
885,S2C,6,12.6308,0.0,0,18.97,0.0541
885,E2C,16,4.1009,136.0,10,58.43,0.3876
885,W2C,16,4.0952,132.0,10,58.51,0.385
886,N2C,6,12.8026,0.0,0,18.72,0.0517
886,S2C,6,12.7877,0.0,0,18.74,0.0519
886,E2C,17,4.3265,146.0,10,55.38,0.397
886,W2C,17,4.2772,142.0,10,56.02,0.3951
887,N2C,6,12.7494,0.0,0,18.79,0.0524
887,S2C,6,12.893,0.0,0,18.58,0.0504
887,E2C,17,4.1742,156.0,10,57.4,0.4059
887,W2C,17,3.9691,153.0,11,60.37,0.4128
888,N2C,6,12.8516,0.0,0,18.64,0.051
888,S2C,6,12.5973,0.0,0,19.02,0.0546
888,E2C,17,3.8887,167.0,11,61.61,0.4233
888,W2C,17,3.7975,164.0,11,63.09,0.4227
889,N2C,6,12.8256,0.0,0,18.68,0.0513
889,S2C,6,12.4894,0.0,0,19.18,0.0562
889,E2C,18,4.1825,179.0,12,57.29,0.4391
889,W2C,18,4.142,176.0,12,57.85,0.4377
890,N2C,6,12.7632,0.0,0,18.77,0.0522
890,S2C,6,12.6253,0.0,0,18.98,0.0542
890,E2C,18,3.8591,191.0,12,62.09,0.4518
890,W2C,18,3.8912,188.0,12,61.58,0.4493
891,N2C,6,12.7997,0.0,0,18.72,0.0517
891,S2C,6,12.5064,0.0,0,19.16,0.0559
891,E2C,18,3.5245,203.0,12,67.98,0.4646
891,W2C,18,3.6638,200.0,12,65.4,0.4606
892,N2C,6,12.6417,0.0,0,18.95,0.054
892,S2C,7,11.7201,0.0,0,20.44,0.0732
892,E2C,17,4.1472,153.0,10,57.77,0.4043
892,W2C,17,4.233,150.0,11,56.6,0.407
893,N2C,7,12.5346,0.0,0,19.12,0.0615
893,S2C,7,11.2129,0.0,0,21.37,0.0805
893,E2C,17,4.0037,109.0,8,59.84,0.365
893,W2C,17,4.0681,108.0,9,58.9,0.3694
894,N2C,7,11.8345,0.0,0,20.25,0.0716
894,S2C,7,11.2325,0.0,0,21.33,0.0803
894,E2C,17,3.7725,72.0,7,63.51,0.3377
894,W2C,17,4.0061,74.0,7,59.81,0.3357
895,N2C,8,11.2026,0.0,0,21.39,0.0867
895,S2C,8,11.1945,1.0,1,21.4,0.0935
895,E2C,16,4.5956,43.0,5,52.14,0.2885
895,W2C,16,4.6906,48.0,6,51.08,0.2965
896,N2C,8,10.148,1.0,1,23.61,0.1085
896,S2C,8,11.0271,2.0,1,21.73,0.0966
896,E2C,16,4.6392,20.0,3,51.65,0.2605
896,W2C,16,4.937,25.0,4,48.53,0.2656
897,N2C,8,9.0,2.0,1,26.62,0.1257
897,S2C,8,10.4056,3.0,1,23.03,0.1062
897,E2C,16,4.8418,6.0,3,49.49,0.2483
897,W2C,16,5.4208,9.0,2,44.2,0.2359
898,N2C,9,9.1244,4.0,2,26.26,0.1373
898,S2C,8,9.5892,4.0,1,24.99,0.1186
898,E2C,15,5.5545,7.0,2,43.14,0.2267
898,W2C,15,6.4249,4.0,1,37.29,0.2062
899,N2C,9,8.4756,6.0,2,28.27,0.148
899,S2C,9,9.2515,5.0,1,25.9,0.1301
899,E2C,15,5.8187,3.0,1,41.18,0.2142
899,W2C,15,7.0722,0.0,0,33.88,0.1882
900,N2C,9,8.4413,8.0,2,28.38,0.1498
900,S2C,9,8.5813,6.0,1,27.92,0.1404
900,E2C,13,6.2351,0.0,0,38.43,0.1882
900,W2C,13,7.535,0.0,0,31.8,0.1695
901,N2C,10,9.1493,11.0,3,26.19,0.1536
901,S2C,10,8.9768,8.0,2,26.69,0.1481
901,E2C,14,7.4511,0.0,0,32.16,0.1767
901,W2C,14,8.3802,0.0,0,28.59,0.1633
902,N2C,10,8.5119,14.0,3,28.15,0.1648
902,S2C,10,8.1665,11.0,3,29.34,0.1677
902,E2C,12,7.9364,0.0,0,30.19,0.1577
902,W2C,12,8.8199,0.0,0,27.17,0.145
903,N2C,10,7.822,17.0,3,30.63,0.1767
903,S2C,10,7.6289,14.0,3,31.41,0.1775
903,E2C,12,9.0436,0.0,0,26.49,0.1418
903,W2C,11,9.6713,0.0,0,24.77,0.1267
904,N2C,11,7.5341,20.0,3,31.8,0.1889
904,S2C,11,7.3521,17.0,3,32.59,0.1895
904,E2C,11,10.2089,0.0,0,23.47,0.119
904,W2C,11,10.7164,0.0,0,22.36,0.1117
905,N2C,11,7.2269,24.0,4,33.15,0.2019
905,S2C,11,6.5874,20.0,3,36.37,0.2025
905,E2C,11,10.6821,0.0,0,22.43,0.1122
905,W2C,10,11.3186,0.0,0,21.17,0.097
906,N2C,11,7.1323,28.0,4,33.59,0.206
906,S2C,11,6.5363,25.0,5,36.66,0.2186
906,E2C,9,11.1956,0.0,0,21.4,0.0928
906,W2C,9,12.0056,0.0,0,19.96,0.0811
907,N2C,12,7.4083,32.0,4,32.34,0.2107
907,S2C,12,6.8756,30.0,5,34.85,0.223
907,E2C,9,12.0946,0.0,0,19.81,0.0799
907,W2C,8,12.7246,0.0,0,18.83,0.0648
908,N2C,12,6.9721,37.0,5,34.37,0.2263
908,S2C,12,6.2392,35.0,5,38.4,0.2355
908,E2C,8,12.1096,0.0,0,19.79,0.0736
908,W2C,8,12.6131,0.0,0,19.0,0.0664
909,N2C,12,6.2109,42.0,5,38.58,0.2406
909,S2C,12,5.743,40.0,5,41.72,0.246
909,E2C,7,12.2652,0.0,0,19.53,0.0654
909,W2C,6,12.7327,0.0,0,18.82,0.0527
910,N2C,13,6.4754,47.0,5,37.0,0.2461
910,S2C,13,5.9134,46.0,6,40.52,0.2595
910,E2C,7,12.2382,0.0,0,19.58,0.0658
910,W2C,7,12.8998,0.0,0,18.57,0.0563
911,N2C,13,5.7724,53.0,6,41.51,0.2662
911,S2C,13,5.8894,52.0,6,40.68,0.2639
911,E2C,7,12.1994,0.0,0,19.64,0.0663
911,W2C,6,12.7545,0.0,0,18.79,0.0523
912,N2C,13,5.6033,59.0,6,42.76,0.2727
912,S2C,13,5.5403,59.0,7,43.25,0.2796
912,E2C,7,12.268,0.0,0,19.53,0.0654
912,W2C,6,12.6878,0.0,0,18.88,0.0533
913,N2C,14,5.6389,66.0,7,42.49,0.2888
913,S2C,14,5.8928,66.0,7,40.66,0.2852
913,E2C,7,12.7119,0.0,0,18.85,0.059
913,W2C,7,13.3355,0.0,0,17.97,0.05
914,N2C,14,5.3082,74.0,8,45.14,0.3049
914,S2C,14,5.3556,73.0,7,44.74,0.2976
914,E2C,7,12.6402,0.0,0,18.96,0.06
914,W2C,7,13.1472,0.0,0,18.22,0.0527
915,N2C,14,4.914,82.0,8,48.76,0.3159
915,S2C,14,5.0641,81.0,8,47.31,0.3131
915,E2C,6,12.5174,0.0,0,19.14,0.0558
915,W2C,6,13.1216,0.0,0,18.26,0.0471
916,N2C,15,4.885,90.0,8,49.05,0.3277
916,S2C,15,5.1116,89.0,8,46.87,0.3237
916,E2C,6,12.8108,0.0,0,18.7,0.0515
916,W2C,6,13.3374,0.0,0,17.96,0.044
917,N2C,15,4.6956,98.0,8,51.03,0.3357
917,S2C,15,4.6697,97.0,8,51.31,0.3354
917,E2C,7,13.0018,0.0,0,18.43,0.0548
917,W2C,6,12.8735,0.0,0,18.61,0.0506
918,N2C,15,4.3107,107.0,9,55.58,0.3533
918,S2C,15,4.3675,106.0,9,54.86,0.3518
918,E2C,6,12.8163,0.0,0,18.69,0.0515
918,W2C,6,13.2234,0.0,0,18.12,0.0456
919,N2C,16,4.6522,116.0,9,51.5,0.3603
919,S2C,16,4.7421,115.0,9,50.53,0.3584
919,E2C,7,12.7063,0.0,0,18.86,0.059
919,W2C,6,12.9872,0.0,0,18.45,0.049
920,N2C,16,4.3314,125.0,9,55.32,0.371
920,S2C,16,4.7607,125.0,10,50.33,0.3708
920,E2C,6,12.7678,0.0,0,18.77,0.0522
920,W2C,6,13.1588,0.0,0,18.21,0.0465
921,N2C,16,4.0778,135.0,10,58.76,0.3873
921,S2C,16,4.6424,135.0,10,51.61,0.3792
921,E2C,6,12.8109,0.0,0,18.7,0.0515
921,W2C,6,12.8657,0.0,0,18.62,0.0507
922,N2C,17,4.1202,145.0,10,58.15,0.3993
922,S2C,17,4.7522,145.0,10,50.42,0.3902
922,E2C,5,12.1287,0.0,0,19.75,0.0554
922,W2C,7,12.5518,0.0,0,19.09,0.0613
923,N2C,17,3.7988,156.0,11,63.07,0.4173
923,S2C,17,4.2146,155.0,10,56.85,0.4046
923,E2C,6,12.5024,0.0,0,19.16,0.056
923,W2C,7,12.0685,0.0,0,19.85,0.0682
924,N2C,17,3.6127,167.0,11,66.32,0.4273
924,S2C,17,3.7517,166.0,11,63.86,0.4246
924,E2C,6,12.0559,0.0,0,19.87,0.0624
924,W2C,7,10.9722,0.0,0,21.84,0.084
925,N2C,16,4.2859,121.0,10,55.9,0.375
925,S2C,16,4.5643,122.0,10,52.49,0.3716
925,E2C,7,11.8145,0.0,0,20.28,0.0719
925,W2C,8,11.2224,0.0,0,21.35,0.0864
926,N2C,16,4.2123,83.0,8,56.88,0.3387
926,S2C,16,4.3332,86.0,8,55.29,0.3389
926,E2C,7,10.9211,0.0,0,21.94,0.0847
926,W2C,8,10.2664,0.0,0,23.34,0.1002
927,N2C,16,4.3812,54.0,6,54.69,0.3049
927,S2C,16,4.5549,54.0,6,52.6,0.3024
927,E2C,7,10.804,0.0,0,22.18,0.0864
927,W2C,8,9.2638,1.0,1,25.86,0.1213
928,N2C,16,5.3542,29.0,4,44.75,0.2622
928,S2C,15,5.6069,30.0,5,42.73,0.2593
928,E2C,7,10.6761,1.0,1,22.44,0.0949
928,W2C,8,8.7938,2.0,1,27.25,0.1287
929,N2C,15,5.6022,12.0,2,42.77,0.2293
929,S2C,15,5.9472,13.0,3,40.29,0.231
929,E2C,8,10.8689,2.0,1,22.04,0.0988
929,W2C,9,8.5488,3.0,1,28.03,0.1389
930,N2C,15,6.0362,1.0,1,39.69,0.2098
930,S2C,13,6.0818,3.0,1,39.4,0.1984
930,E2C,8,9.711,3.0,1,24.67,0.1162
930,W2C,9,8.0259,5.0,2,29.85,0.1538
931,N2C,14,6.7881,0.0,0,35.3,0.1863
931,S2C,14,6.9458,0.0,0,34.5,0.184
931,E2C,9,9.2049,4.0,1,26.03,0.1301
931,W2C,10,7.9641,7.0,2,30.09,0.162
932,N2C,14,7.3103,0.0,0,32.78,0.1787
932,S2C,12,7.2916,0.0,0,32.86,0.167
932,E2C,9,8.4821,5.0,1,28.25,0.1412
932,W2C,10,7.5407,10.0,3,31.77,0.1761
933,N2C,12,7.4656,0.0,0,32.09,0.1645
933,S2C,12,7.7897,0.0,0,30.76,0.1598
933,E2C,9,8.0414,7.0,2,29.8,0.1549
933,W2C,10,7.2209,14.0,4,33.18,0.1894
934,N2C,13,8.2585,0.0,0,29.01,0.1591
934,S2C,11,9.155,0.0,0,26.17,0.1342
934,E2C,10,8.0859,10.0,3,29.63,0.1682
934,W2C,11,7.5551,18.0,4,31.71,0.1932
935,N2C,11,9.0419,0.0,0,26.5,0.1358
935,S2C,11,9.7055,0.0,0,24.69,0.1263
935,E2C,10,7.8534,13.0,3,30.51,0.1736
935,W2C,11,7.1104,22.0,4,33.7,0.2023
936,N2C,11,9.8121,0.0,0,24.42,0.1247
936,S2C,9,10.3847,0.0,0,23.07,0.1045
936,E2C,10,7.4664,16.0,3,32.09,0.1812
936,W2C,11,6.6174,26.0,4,36.21,0.2121
937,N2C,10,10.9956,0.0,0,21.79,0.1017
937,S2C,10,11.1273,0.0,0,21.53,0.0998
937,E2C,11,7.7257,19.0,3,31.01,0.1854
937,W2C,12,6.6712,30.0,4,35.92,0.2199
938,N2C,10,11.2981,0.0,0,21.21,0.0973
938,S2C,8,11.4943,0.0,0,20.85,0.0825
938,E2C,11,7.5424,22.0,3,31.77,0.1901
938,W2C,12,5.8656,35.0,5,40.85,0.2409
939,N2C,8,11.8704,0.0,0,20.18,0.0771
939,S2C,8,11.7622,0.0,0,20.37,0.0786
939,E2C,11,7.3395,26.0,4,32.65,0.2017
939,W2C,12,5.5769,40.0,5,42.96,0.2484
940,N2C,8,12.4864,0.0,0,19.19,0.0682
940,S2C,7,12.2075,0.0,0,19.63,0.0662
940,E2C,12,7.3971,30.0,4,32.39,0.2095
940,W2C,13,5.6399,46.0,6,42.48,0.2635
941,N2C,7,12.5657,0.0,0,19.07,0.0611
941,S2C,7,12.1078,0.0,0,19.79,0.0677
941,E2C,12,6.7308,35.0,5,35.6,0.2284
941,W2C,13,5.2991,53.0,7,45.22,0.279
942,N2C,6,13.0651,0.0,0,18.34,0.0479
942,S2C,6,12.2201,0.0,0,19.61,0.06
942,E2C,12,5.8704,40.0,5,40.81,0.2441
942,W2C,13,4.9749,60.0,7,48.16,0.2884
943,N2C,6,12.9556,0.0,0,18.49,0.0495
943,S2C,6,12.0722,0.0,0,19.85,0.0622
943,E2C,13,5.9337,45.0,5,40.38,0.2526
943,W2C,14,5.3448,67.0,7,44.83,0.2937
944,N2C,6,12.684,0.0,0,18.89,0.0534
944,S2C,6,11.8052,0.0,0,20.3,0.066
944,E2C,13,5.6584,52.0,7,42.34,0.2732
944,W2C,14,5.2896,74.0,7,45.3,0.2992
945,N2C,6,12.5168,0.0,0,19.14,0.0558
945,S2C,6,11.8382,0.0,0,20.24,0.0655
945,E2C,13,5.438,59.0,7,44.06,0.281
945,W2C,14,5.2791,82.0,8,45.39,0.3107
946,N2C,6,12.8296,0.0,0,18.68,0.0513
946,S2C,7,12.1814,0.0,0,19.67,0.0666
946,E2C,14,5.7589,66.0,7,41.61,0.2871
946,W2C,15,5.8168,90.0,8,41.19,0.3142
947,N2C,6,12.7327,0.0,0,18.82,0.0527
947,S2C,7,11.8726,0.0,0,20.18,0.071
947,E2C,14,5.5338,73.0,7,43.3,0.295
947,W2C,15,5.6963,98.0,8,42.06,0.3213
948,N2C,6,12.8643,0.0,0,18.63,0.0508
948,S2C,7,11.7425,0.0,0,20.4,0.0729
948,E2C,14,5.3497,80.0,7,44.79,0.3023
948,W2C,15,5.2324,106.0,8,45.79,0.3333
949,N2C,6,12.9055,0.0,0,18.57,0.0502
949,S2C,7,11.9779,0.0,0,20.0,0.0695
949,E2C,15,5.8918,87.0,7,40.67,0.3052
949,W2C,16,4.9408,114.0,8,48.49,0.3489
950,N2C,6,12.6777,0.0,0,18.9,0.0535
950,S2C,6,12.1052,0.0,0,19.79,0.0617
950,E2C,15,5.8307,94.0,7,41.09,0.3107
950,W2C,16,4.1804,122.0,8,57.32,0.3651
951,N2C,6,12.602,0.0,0,19.01,0.0545
951,S2C,6,11.9451,0.0,0,20.06,0.064
951,E2C,15,5.3842,102.0,8,44.5,0.3285
951,W2C,16,3.9698,132.0,10,60.36,0.3868
952,N2C,6,12.7149,0.0,0,18.84,0.0529
952,S2C,5,11.3865,0.0,0,21.04,0.066
952,E2C,16,5.4056,110.0,8,44.32,0.3395
952,W2C,17,4.4517,142.0,10,53.82,0.3926
953,N2C,7,12.7186,0.0,0,18.84,0.0589
953,S2C,6,11.7177,0.0,0,20.45,0.0673
953,E2C,16,4.7357,118.0,8,50.59,0.3545
953,W2C,17,4.4705,152.0,10,53.6,0.399
954,N2C,7,12.6908,0.0,0,18.88,0.0593
954,S2C,6,11.7357,0.0,0,20.42,0.067
954,E2C,16,4.3636,126.0,8,54.91,0.3652
954,W2C,17,4.1212,163.0,11,58.14,0.4173
955,N2C,7,12.4863,0.0,0,19.19,0.0622
955,S2C,7,11.9531,0.0,0,20.04,0.0699
955,E2C,17,4.4663,135.0,9,53.65,0.3817
955,W2C,18,4.1063,174.0,11,58.35,0.4309
956,N2C,7,11.6518,0.0,0,20.56,0.0742
956,S2C,7,11.5855,0.0,0,20.68,0.0752
956,E2C,17,4.1061,145.0,10,58.35,0.3995
956,W2C,18,3.4937,185.0,11,68.58,0.447
957,N2C,7,10.9757,0.0,0,21.83,0.084
957,S2C,7,11.8155,0.0,0,20.28,0.0719
957,E2C,17,3.642,156.0,11,65.79,0.4196
957,W2C,18,3.2409,197.0,12,73.93,0.4647
958,N2C,8,10.5087,0.0,0,22.8,0.0967
958,S2C,8,11.9458,0.0,0,20.06,0.076
958,E2C,16,4.4445,110.0,9,53.91,0.3593
958,W2C,17,4.0165,148.0,10,59.65,0.4028
959,N2C,8,10.2016,0.0,0,23.49,0.1011
959,S2C,8,11.3218,0.0,0,21.16,0.085
959,E2C,16,4.3255,73.0,8,55.39,0.3304
959,W2C,17,3.743,104.0,9,64.01,0.3714
960,N2C,8,9.5854,1.0,1,25.0,0.1166
960,S2C,8,10.5226,0.0,0,22.77,0.0965
960,E2C,16,4.4321,44.0,6,54.06,0.2975
960,W2C,17,3.8986,69.0,7,61.46,0.3339
961,N2C,9,9.5908,3.0,2,24.98,0.1299
961,S2C,9,9.6663,0.0,0,24.79,0.1148
961,E2C,16,5.1731,22.0,5,46.32,0.2662
961,W2C,16,4.5494,38.0,5,52.67,0.2858
962,N2C,9,8.8842,5.0,2,26.97,0.1414
962,S2C,9,9.15,1.0,1,26.19,0.1289
962,E2C,15,5.3724,12.0,3,44.6,0.2386
962,W2C,16,4.7896,20.0,4,50.03,0.2644
963,N2C,9,8.2986,7.0,2,28.87,0.1512
963,S2C,9,8.8047,2.0,1,27.21,0.1346
963,E2C,14,5.4199,3.0,1,44.21,0.214
963,W2C,16,5.1999,8.0,3,46.08,0.2445
964,N2C,9,8.3277,10.0,3,28.77,0.1588
964,S2C,10,8.6318,3.0,1,27.76,0.1437
964,E2C,14,6.3451,0.0,0,37.76,0.1926
964,W2C,15,6.2066,5.0,2,38.6,0.216
965,N2C,10,8.2245,13.0,3,29.13,0.1682
965,S2C,10,7.9734,5.0,2,30.05,0.1605
965,E2C,14,6.8011,0.0,0,35.23,0.1861
965,W2C,15,6.6272,0.0,0,36.15,0.1946
966,N2C,10,7.5986,16.0,3,31.53,0.1793
966,S2C,10,7.3595,8.0,3,32.56,0.1774
966,E2C,12,7.4012,0.0,0,32.37,0.1654
966,W2C,13,6.9537,0.0,0,34.46,0.1779
967,N2C,11,7.6672,19.0,3,31.25,0.1863
967,S2C,11,7.381,12.0,4,32.46,0.1917
967,E2C,13,8.6146,0.0,0,27.81,0.154
967,W2C,14,7.8198,0.0,0,30.64,0.1714
968,N2C,11,7.1147,22.0,3,33.68,0.1962
968,S2C,11,6.9086,16.0,4,34.68,0.2012
968,E2C,11,9.1154,0.0,0,26.29,0.1347
968,W2C,12,8.386,0.0,0,28.57,0.1513
969,N2C,11,6.8816,26.0,4,34.82,0.2082
969,S2C,11,6.4975,20.0,4,36.88,0.2098
969,E2C,11,10.1651,0.0,0,23.57,0.1196
969,W2C,12,9.0225,0.0,0,26.56,0.1421
970,N2C,12,6.805,30.0,4,35.21,0.218
970,S2C,12,7.0812,25.0,5,33.84,0.2167
970,E2C,10,11.3396,0.0,0,21.13,0.0967
970,W2C,11,9.9449,0.0,0,24.09,0.1228
971,N2C,12,5.9115,35.0,5,40.53,0.2402
971,S2C,12,7.1507,30.0,5,33.51,0.219
971,E2C,9,11.5243,0.0,0,20.79,0.0881
971,W2C,11,10.6213,0.0,0,22.56,0.1131
972,N2C,12,5.4674,40.0,5,43.82,0.2499
972,S2C,12,6.3387,35.0,5,37.8,0.2341
972,E2C,8,12.1184,0.0,0,19.77,0.0735
972,W2C,9,11.0433,0.0,0,21.7,0.095
973,N2C,13,5.8562,46.0,6,40.91,0.2603
973,S2C,13,6.2754,40.0,5,38.18,0.2443
973,E2C,8,12.5748,0.0,0,19.05,0.0669
973,W2C,10,11.3972,0.0,0,21.02,0.0959
974,N2C,13,5.6428,52.0,6,42.46,0.2674
974,S2C,13,5.9115,45.0,5,40.53,0.2529
974,E2C,7,12.7147,0.0,0,18.84,0.0589
974,W2C,8,11.8102,0.0,0,20.29,0.0779
975,N2C,13,5.4835,59.0,7,43.69,0.2804
975,S2C,13,5.4889,50.0,5,43.65,0.2623
975,E2C,7,13.0061,0.0,0,18.42,0.0547
975,W2C,8,12.0573,0.0,0,19.87,0.0744
976,N2C,14,5.4956,66.0,7,43.6,0.2909
976,S2C,14,5.4675,57.0,7,43.82,0.2853
976,E2C,6,13.2851,0.0,0,18.04,0.0447
976,W2C,8,12.5065,0.0,0,19.16,0.0679
977,N2C,14,5.074,74.0,8,47.22,0.3083
977,S2C,14,5.1389,64.0,7,46.62,0.2947
977,E2C,6,13.04,0.0,0,18.37,0.0482
977,W2C,7,12.8114,0.0,0,18.7,0.0575
978,N2C,14,4.9213,82.0,8,48.69,0.3158
978,S2C,14,5.1016,71.0,7,46.97,0.2999
978,E2C,6,13.0213,0.0,0,18.4,0.0485
978,W2C,6,13.0605,0.0,0,18.35,0.0479
979,N2C,15,5.0718,90.0,8,47.24,0.325
979,S2C,15,5.4187,79.0,8,44.22,0.3126
979,E2C,6,13.1749,0.0,0,18.19,0.0463
979,W2C,7,12.8332,0.0,0,18.67,0.0572
980,N2C,15,4.8565,98.0,8,49.34,0.3334
980,S2C,15,5.1307,87.0,8,46.7,0.3221
980,E2C,6,13.1853,0.0,0,18.17,0.0461
980,W2C,6,12.9876,0.0,0,18.45,0.049
981,N2C,15,4.865,107.0,9,49.25,0.3453
981,S2C,15,4.6749,95.0,8,51.25,0.334
981,E2C,6,13.0638,0.0,0,18.34,0.0479
981,W2C,6,12.7481,0.0,0,18.79,0.0524
982,N2C,16,5.0517,116.0,9,47.43,0.3546
982,S2C,16,4.8101,103.0,8,49.81,0.3434
982,E2C,6,13.1522,0.0,0,18.22,0.0466
982,W2C,6,12.6141,0.0,0,18.99,0.0544
983,N2C,16,4.3344,125.0,9,55.28,0.3709
983,S2C,16,4.7885,111.0,8,50.04,0.3491
983,E2C,6,13.0157,0.0,0,18.41,0.0486
983,W2C,6,12.8496,0.0,0,18.65,0.051
984,N2C,16,3.9373,134.0,9,60.85,0.3826
984,S2C,16,4.4587,121.0,10,53.74,0.3725
984,E2C,6,13.0814,0.0,0,18.32,0.0476
984,W2C,6,12.5976,0.0,0,19.02,0.0546
985,N2C,17,4.3984,143.0,9,54.47,0.388
985,S2C,17,4.4831,131.0,10,53.45,0.3848
985,E2C,6,12.9856,0.0,0,18.45,0.049
985,W2C,6,12.8843,0.0,0,18.6,0.0505
986,N2C,17,3.9532,154.0,11,60.61,0.4137
986,S2C,17,4.021,141.0,10,59.59,0.3981
986,E2C,6,12.8124,0.0,0,18.7,0.0515
986,W2C,6,12.6286,0.0,0,18.97,0.0542
987,N2C,17,3.7221,165.0,11,64.37,0.4244
987,S2C,17,3.5574,151.0,10,67.35,0.4114
987,E2C,6,13.0739,0.0,0,18.33,0.0478
987,W2C,6,12.7437,0.0,0,18.8,0.0525
988,N2C,18,4.0253,176.0,11,59.52,0.4334
988,S2C,18,3.8376,162.0,11,62.44,0.4267
988,E2C,7,13.087,0.0,0,18.31,0.0536
988,W2C,6,12.4686,0.0,0,19.22,0.0565
989,N2C,18,3.6242,188.0,12,66.11,0.4531
989,S2C,18,3.5248,174.0,12,67.98,0.4452
989,E2C,7,12.4575,0.0,0,19.23,0.0626
989,W2C,6,12.4411,0.0,0,19.26,0.0569
990,N2C,18,3.4268,200.0,12,69.92,0.464
990,S2C,18,3.4381,186.0,12,69.69,0.4545
990,E2C,7,11.4215,0.0,0,20.98,0.0775
990,W2C,6,12.1816,0.0,0,19.67,0.0606
991,N2C,17,4.2666,149.0,10,56.16,0.3999
991,S2C,17,4.4839,141.0,10,53.44,0.3914
991,E2C,8,11.0282,1.0,1,21.73,0.0959
991,W2C,7,11.5497,0.0,0,20.75,0.0757
992,N2C,17,4.3771,106.0,8,54.74,0.3576
992,S2C,17,4.5308,98.0,8,52.88,0.3501
992,E2C,8,10.1359,2.0,1,23.64,0.1094
992,W2C,7,10.9147,0.0,0,21.95,0.0848
993,N2C,17,4.531,71.0,7,52.88,0.3261
993,S2C,17,4.6673,65.0,7,51.34,0.3201
993,E2C,8,9.2635,3.0,1,25.86,0.1226
993,W2C,7,10.4643,0.0,0,22.9,0.0913
994,N2C,16,5.2625,40.0,5,45.53,0.2769
994,S2C,16,5.4902,37.0,5,43.64,0.2716
994,E2C,9,9.6075,5.0,2,24.94,0.131
994,W2C,7,10.496,0.0,0,22.83,0.0909
995,N2C,16,5.2676,20.0,3,45.49,0.2515
995,S2C,16,5.3555,18.0,3,44.74,0.2489
995,E2C,9,8.8411,7.0,2,27.1,0.1434
995,W2C,8,10.88,1.0,1,22.02,0.098
996,N2C,16,5.3901,8.0,1,44.45,0.2297
996,S2C,16,5.2619,4.0,1,45.53,0.2289
996,E2C,9,8.2439,9.0,2,29.06,0.1533
996,W2C,8,10.6932,2.0,1,22.41,0.1014
997,N2C,15,6.2523,1.0,1,38.32,0.2066
997,S2C,15,6.0365,0.0,0,39.69,0.2031
997,E2C,10,8.3749,12.0,3,28.61,0.1654
997,W2C,9,10.4288,3.0,1,22.97,0.1118
998,N2C,15,6.8514,0.0,0,34.97,0.1913
998,S2C,15,6.4084,0.0,0,37.39,0.1977
998,E2C,10,7.7473,15.0,3,30.93,0.1764
998,W2C,9,9.5678,4.0,1,25.04,0.1249
999,N2C,13,7.5085,0.0,0,31.91,0.1699
999,S2C,13,6.7442,0.0,0,35.53,0.1809
999,E2C,10,7.1882,19.0,4,33.33,0.1932
999,W2C,9,8.7511,5.0,1,27.38,0.1373
1000,N2C,13,8.5178,0.0,0,28.13,0.1554
1000,S2C,14,8.0297,0.0,0,29.84,0.1684
1000,E2C,11,7.164,23.0,4,33.44,0.2022
1000,W2C,10,8.1597,6.0,1,29.36,0.1525
1001,N2C,12,9.0432,0.0,0,26.49,0.1418
1001,S2C,12,8.7022,0.0,0,27.53,0.1467
1001,E2C,11,6.7995,27.0,4,35.24,0.2101
1001,W2C,10,7.5782,9.0,3,31.62,0.1749
1002,N2C,11,9.4978,0.0,0,25.23,0.1292
1002,S2C,12,9.4284,0.0,0,25.41,0.1362
1002,E2C,11,6.2592,31.0,4,38.28,0.2205
1002,W2C,10,7.1326,12.0,3,33.59,0.1833
1003,N2C,11,10.4541,0.0,0,22.92,0.1155
1003,S2C,11,10.2362,0.0,0,23.41,0.1186
1003,E2C,12,6.4131,36.0,5,37.36,0.2337
1003,W2C,11,7.1998,16.0,4,33.28,0.197
1004,N2C,10,11.1179,0.0,0,21.55,0.0999
1004,S2C,11,10.8506,0.0,0,22.08,0.1098
1004,E2C,12,5.9221,41.0,5,40.46,0.2441
1004,W2C,11,7.0646,20.0,4,33.92,0.2016
1005,N2C,9,11.3224,0.0,0,21.16,0.091
1005,S2C,9,11.3421,0.0,0,21.12,0.0907
1005,E2C,12,5.6828,47.0,6,42.16,0.2575
1005,W2C,11,6.9552,25.0,5,34.45,0.2125
1006,N2C,9,12.1924,0.0,0,19.65,0.0784
1006,S2C,9,11.9586,0.0,0,20.04,0.0818
1006,E2C,13,5.9886,53.0,6,40.01,0.2631
1006,W2C,12,7.0072,30.0,5,34.19,0.2211
1007,N2C,8,12.2375,0.0,0,19.58,0.0718
1007,S2C,8,11.9892,0.0,0,19.98,0.0754
1007,E2C,13,5.677,59.0,6,42.21,0.2716
1007,W2C,12,6.9609,35.0,5,34.42,0.2251
1008,N2C,6,12.6562,0.0,0,18.93,0.0538
1008,S2C,6,12.7425,0.0,0,18.8,0.0525
1008,E2C,13,5.8349,66.0,7,41.06,0.28
1008,W2C,12,6.3326,40.0,5,37.84,0.2375
1009,N2C,7,12.9902,0.0,0,18.44,0.055
1009,S2C,7,12.9651,0.0,0,18.48,0.0553
1009,E2C,14,5.7775,73.0,7,41.47,0.2915
1009,W2C,13,6.2736,45.0,5,38.19,0.2477
1010,N2C,7,12.7771,0.0,0,18.75,0.058
1010,S2C,6,12.5832,0.0,0,19.04,0.0548
1010,E2C,14,5.1853,80.0,7,46.21,0.3047
1010,W2C,13,6.0986,51.0,6,39.29,0.2602
1011,N2C,6,13.1764,0.0,0,18.18,0.0463
1011,S2C,6,12.9224,0.0,0,18.54,0.0499
1011,E2C,14,4.6912,87.0,7,51.07,0.3165
1011,W2C,13,5.926,58.0,7,40.43,0.2733
1012,N2C,6,12.8119,0.0,0,18.7,0.0515
1012,S2C,7,12.6186,0.0,0,18.99,0.0603
1012,E2C,15,5.0523,94.0,7,47.42,0.3219
1012,W2C,14,6.2969,65.0,7,38.05,0.2787
1013,N2C,6,12.8729,0.0,0,18.61,0.0506
1013,S2C,7,12.8802,0.0,0,18.6,0.0565
1013,E2C,15,4.6644,103.0,9,51.37,0.3455
1013,W2C,14,5.8799,72.0,7,40.75,0.2893
1014,N2C,6,12.9433,0.0,0,18.51,0.0496
1014,S2C,6,12.618,0.0,0,18.99,0.0543
1014,E2C,15,4.3043,112.0,9,55.66,0.3567
1014,W2C,14,5.3146,79.0,7,45.08,0.3021
1015,N2C,6,12.7905,0.0,0,18.73,0.0518
1015,S2C,6,12.6813,0.0,0,18.89,0.0534
1015,E2C,16,4.6169,121.0,9,51.9,0.3642
1015,W2C,15,5.2168,86.0,7,45.93,0.3142
1016,N2C,6,12.7878,0.0,0,18.74,0.0519
1016,S2C,6,12.4217,0.0,0,19.29,0.0571
1016,E2C,16,4.6713,131.0,10,51.29,0.3761
1016,W2C,15,4.9399,94.0,8,48.5,0.3295
1017,N2C,6,12.88,0.0,0,18.6,0.0505
1017,S2C,6,12.1308,0.0,0,19.75,0.0613
1017,E2C,16,4.4778,141.0,10,53.51,0.3855
1017,W2C,15,4.3978,103.0,9,54.48,0.3493
1018,N2C,6,12.6585,0.0,0,18.93,0.0537
1018,S2C,6,12.4224,0.0,0,19.29,0.0571
1018,E2C,17,4.8321,151.0,10,49.58,0.3931
1018,W2C,16,4.5955,112.0,9,52.14,0.3585
1019,N2C,7,12.9055,0.0,0,18.57,0.0562
1019,S2C,6,12.2462,0.0,0,19.57,0.0597
1019,E2C,17,4.268,161.0,10,56.14,0.4079
1019,W2C,16,4.1076,121.0,9,58.33,0.3715
1020,N2C,6,12.9945,0.0,0,18.44,0.0489
1020,S2C,6,12.3013,0.0,0,19.48,0.0589
1020,E2C,17,3.7621,171.0,10,63.69,0.4218
1020,W2C,16,4.0233,131.0,10,59.55,0.3854
1021,N2C,7,12.4192,0.0,0,19.29,0.0632
1021,S2C,7,12.5521,0.0,0,19.09,0.0613
1021,E2C,18,4.1221,181.0,10,58.13,0.4293
1021,W2C,17,4.3026,141.0,10,55.69,0.394
1022,N2C,7,11.5539,0.0,0,20.74,0.0756
1022,S2C,7,12.3496,0.0,0,19.4,0.0642
1022,E2C,18,3.6529,192.0,11,65.59,0.4494
1022,W2C,17,4.0067,152.0,11,59.8,0.4116
1023,N2C,7,10.9517,0.0,0,21.88,0.0843
1023,S2C,7,11.5409,0.0,0,20.76,0.0758
1023,E2C,18,3.1973,203.0,11,74.94,0.4633
1023,W2C,17,3.5595,163.0,11,67.31,0.4254
1024,N2C,8,10.7499,1.0,1,22.29,0.0999
1024,S2C,7,10.879,0.0,0,22.02,0.0854
1024,E2C,17,4.1318,150.0,10,57.99,0.4025
1024,W2C,16,4.2908,120.0,9,55.84,0.3682
1025,N2C,8,10.3425,2.0,1,23.17,0.1064
1025,S2C,8,10.0963,0.0,0,23.73,0.1026
1025,E2C,17,4.1421,105.0,9,57.84,0.3664
1025,W2C,16,4.1909,82.0,8,57.17,0.3383
1026,N2C,8,9.3575,3.0,1,25.61,0.1213
1026,S2C,8,8.9533,1.0,1,26.76,0.1257
1026,E2C,17,4.2706,68.0,7,56.1,0.3278
1026,W2C,16,4.3161,51.0,6,55.51,0.3039
1027,N2C,9,9.2805,4.0,1,25.82,0.129
1027,S2C,9,9.0088,2.0,1,26.6,0.1316
1027,E2C,16,4.9285,40.0,5,48.62,0.2817
1027,W2C,15,5.1064,30.0,5,46.92,0.2665
1028,N2C,9,8.6535,5.0,1,27.69,0.1387
1028,S2C,9,8.3503,3.0,1,28.69,0.1418
1028,E2C,16,5.1366,17.0,4,46.65,0.2574
1028,W2C,15,5.2283,13.0,3,45.83,0.2414
1029,N2C,9,8.2116,8.0,3,29.18,0.1591
1029,S2C,9,8.2645,6.0,3,28.99,0.157
1029,E2C,15,5.2706,8.0,2,45.46,0.2314
1029,W2C,15,5.4086,3.0,1,44.3,0.2201
1030,N2C,10,8.4084,11.0,3,28.5,0.1643
1030,S2C,9,7.6833,9.0,3,31.18,0.1674
1030,E2C,15,6.5469,0.0,0,36.6,0.1957
1030,W2C,14,6.1965,0.0,0,38.67,0.1948
1031,N2C,10,7.7841,14.0,3,30.78,0.1753
1031,S2C,9,7.3066,12.0,3,32.79,0.1748
1031,E2C,15,7.1069,0.0,0,33.71,0.1877
1031,W2C,14,6.6639,0.0,0,35.95,0.188
1032,N2C,10,6.949,18.0,4,34.48,0.1959
1032,S2C,10,7.5518,15.0,3,31.73,0.1793
1032,E2C,13,7.3356,0.0,0,32.66,0.1724
1032,W2C,12,7.4609,0.0,0,32.11,0.1646
1033,N2C,11,7.2387,22.0,4,33.1,0.2004
1033,S2C,11,8.0498,19.0,4,29.76,0.1868
1033,E2C,14,8.3094,0.0,0,28.83,0.1644
1033,W2C,13,8.6138,0.0,0,27.82,0.154
1034,N2C,11,7.0186,26.0,4,34.14,0.2063
1034,S2C,11,7.7756,23.0,4,30.81,0.1934
1034,E2C,12,8.6281,0.0,0,27.77,0.1478
1034,W2C,11,9.3524,0.0,0,25.62,0.1313
1035,N2C,11,7.0853,30.0,4,33.82,0.208
1035,S2C,11,7.2409,27.0,4,33.09,0.2037
1035,E2C,12,9.3866,0.0,0,25.53,0.1368
1035,W2C,11,9.8092,0.0,0,24.43,0.1248
1036,N2C,12,7.4351,35.0,5,32.23,0.2183
1036,S2C,12,7.1434,31.0,4,33.54,0.2138
1036,E2C,11,10.1776,0.0,0,23.54,0.1195
1036,W2C,10,10.4241,0.0,0,22.99,0.1099
1037,N2C,12,6.8632,40.0,5,34.91,0.2298
1037,S2C,12,6.4135,35.0,4,37.36,0.227
1037,E2C,10,10.8443,0.0,0,22.09,0.1039
1037,W2C,10,10.8347,0.0,0,22.11,0.104
1038,N2C,12,6.1168,45.0,5,39.17,0.2439
1038,S2C,12,6.0618,39.0,4,39.53,0.2347
1038,E2C,9,11.4395,0.0,0,20.94,0.0893
1038,W2C,8,11.2822,0.0,0,21.24,0.0855
1039,N2C,13,6.2813,50.0,5,38.15,0.2509
1039,S2C,13,6.241,45.0,6,38.39,0.2541
1039,E2C,9,11.9543,0.0,0,20.04,0.0819
1039,W2C,9,12.0463,0.0,0,19.89,0.0805
1040,N2C,13,6.0458,56.0,6,39.63,0.2643
1040,S2C,13,6.0165,51.0,6,39.82,0.2614
1040,E2C,8,12.151,0.0,0,19.72,0.073
1040,W2C,8,12.092,0.0,0,19.81,0.0739
1041,N2C,13,5.5162,62.0,6,43.44,0.2759
1041,S2C,13,5.9162,57.0,6,40.5,0.2668
1041,E2C,6,12.9668,0.0,0,18.48,0.0493
1041,W2C,7,12.0005,0.0,0,19.97,0.0692
1042,N2C,14,5.8522,69.0,7,40.94,0.2877
1042,S2C,14,6.2588,63.0,6,38.28,0.2719
1042,E2C,7,13.4221,0.0,0,17.85,0.0487
1042,W2C,7,12.6693,0.0,0,18.91,0.0596
1043,N2C,14,5.3302,76.0,7,44.95,0.2999
1043,S2C,14,5.5686,70.0,7,43.03,0.2925
1043,E2C,6,13.1918,0.0,0,18.16,0.0461
1043,W2C,7,13.1332,0.0,0,18.24,0.0529
1044,N2C,14,4.9124,83.0,7,48.77,0.3106
1044,S2C,14,4.9425,77.0,7,48.48,0.3062
1044,E2C,6,13.2797,0.0,0,18.04,0.0448
1044,W2C,6,12.8833,0.0,0,18.6,0.0505
1045,N2C,15,5.0013,91.0,8,47.91,0.3267
1045,S2C,15,5.2021,84.0,7,46.06,0.3131
1045,E2C,6,12.993,0.0,0,18.44,0.0489
1045,W2C,7,12.7164,0.0,0,18.84,0.0589
1046,N2C,15,4.7139,100.0,9,50.83,0.3428
1046,S2C,15,5.1917,93.0,9,46.15,0.3312
1046,E2C,6,12.7696,0.0,0,18.76,0.0521
1046,W2C,6,12.8136,0.0,0,18.7,0.0515
1047,N2C,15,4.346,109.0,9,55.13,0.3541
1047,S2C,15,4.9994,102.0,9,47.93,0.34
1047,E2C,6,12.7826,0.0,0,18.74,0.0519
1047,W2C,6,12.741,0.0,0,18.81,0.0525
1048,N2C,16,4.5844,118.0,9,52.26,0.3627
1048,S2C,16,5.34,111.0,9,44.87,0.3471
1048,E2C,5,12.8644,0.0,0,18.63,0.0448
1048,W2C,7,12.6539,0.0,0,18.93,0.0598
1049,N2C,16,4.2472,128.0,10,56.41,0.3802
1049,S2C,16,5.0544,120.0,9,47.4,0.3572
1049,E2C,6,12.883,0.0,0,18.6,0.0505
1049,W2C,7,12.8063,0.0,0,18.71,0.0576
1050,N2C,16,4.0626,138.0,10,58.98,0.3895
1050,S2C,16,4.467,129.0,9,53.64,0.3717
1050,E2C,6,12.4843,0.0,0,19.19,0.0562
1050,W2C,6,12.945,0.0,0,18.51,0.0496
1051,N2C,17,4.6385,148.0,10,51.65,0.3939
1051,S2C,17,4.3262,138.0,9,55.38,0.3857
1051,E2C,6,12.33,0.0,0,19.43,0.0585
1051,W2C,6,12.972,0.0,0,18.47,0.0492
1052,N2C,17,4.4656,159.0,11,53.66,0.4097
1052,S2C,17,3.9883,148.0,10,60.08,0.4032
1052,E2C,6,12.1855,0.0,0,19.66,0.0605
1052,W2C,6,12.61,0.0,0,19.0,0.0544
1053,N2C,17,4.3453,170.0,11,55.14,0.4188
1053,S2C,17,3.5484,158.0,10,67.52,0.4162
1053,E2C,6,12.1881,0.0,0,19.66,0.0605
1053,W2C,6,12.6303,0.0,0,18.97,0.0541
1054,N2C,18,4.2704,181.0,11,56.11,0.4332
1054,S2C,18,3.7389,169.0,11,64.08,0.4328
1054,E2C,7,12.774,0.0,0,18.76,0.0581
1054,W2C,7,12.4586,0.0,0,19.23,0.0626
1055,N2C,18,3.8779,192.0,11,61.79,0.4462
1055,S2C,18,3.5264,181.0,12,67.94,0.4499
1055,E2C,7,12.1462,0.0,0,19.73,0.0671
1055,W2C,7,11.7188,0.0,0,20.45,0.0733
1056,N2C,18,3.5423,203.0,11,67.64,0.4583
1056,S2C,18,3.1456,193.0,12,76.17,0.4634
1056,E2C,7,10.9125,0.0,0,21.96,0.0849
1056,W2C,7,10.7744,0.0,0,22.24,0.0869
1057,N2C,17,4.1793,152.0,10,57.33,0.4032
1057,S2C,17,3.8578,144.0,10,62.11,0.4025
1057,E2C,8,10.3165,0.0,0,23.23,0.0995
1057,W2C,8,10.5265,1.0,1,22.76,0.1031
1058,N2C,17,4.125,106.0,9,58.08,0.3673
1058,S2C,17,3.9935,99.0,9,60.0,0.3645
1058,E2C,8,9.7253,1.0,1,24.64,0.1146
1058,W2C,8,9.9985,2.0,1,23.96,0.1114
1059,N2C,17,4.3499,73.0,7,55.08,0.33
1059,S2C,17,3.8507,66.0,7,62.22,0.3326
1059,E2C,8,8.89,2.0,1,26.95,0.1273
1059,W2C,8,9.2065,3.0,1,26.03,0.1234
1060,N2C,16,5.0389,45.0,6,47.55,0.2894
1060,S2C,16,4.5687,41.0,6,52.44,0.2935
1060,E2C,8,8.2512,4.0,2,29.04,0.1439
1060,W2C,9,8.8216,4.0,1,27.16,0.1356
1061,N2C,16,5.2256,21.0,4,45.85,0.2588
1061,S2C,16,4.7779,23.0,4,50.15,0.2665
1061,E2C,9,8.2995,6.0,2,28.87,0.1505
1061,W2C,9,8.3622,6.0,2,28.65,0.1496
1062,N2C,15,5.2757,10.0,3,45.42,0.2387
1062,S2C,15,5.0254,8.0,2,47.68,0.235
1062,E2C,9,8.0343,9.0,3,29.82,0.1623
1062,W2C,9,8.0008,8.0,2,29.95,0.1561
1063,N2C,15,6.1906,2.0,1,38.7,0.2082
1063,S2C,15,6.1297,1.0,1,39.09,0.2084
1063,E2C,10,8.8392,12.0,3,27.11,0.1587
1063,W2C,10,8.8551,10.0,2,27.06,0.1512
1064,N2C,14,6.498,0.0,0,36.87,0.1904
1064,S2C,14,6.2443,0.0,0,38.37,0.1941
1064,E2C,10,8.7083,15.0,3,27.51,0.1626
1064,W2C,10,8.2595,12.0,2,29.01,0.1611
1065,N2C,13,6.965,0.0,0,34.4,0.1777
1065,S2C,13,6.9875,0.0,0,34.29,0.1774
1065,E2C,10,8.3693,18.0,3,28.63,0.1695
1065,W2C,10,7.8503,15.0,3,30.52,0.175
1066,N2C,13,8.2522,0.0,0,29.03,0.1592
1066,S2C,13,8.2216,0.0,0,29.14,0.1596
1066,E2C,10,7.5089,21.0,3,31.91,0.1839
1066,W2C,11,7.8209,18.0,3,30.64,0.1834
1067,N2C,12,8.6212,0.0,0,27.79,0.1479
1067,S2C,12,8.8443,0.0,0,27.09,0.1447
1067,E2C,11,7.2864,24.0,3,32.88,0.1951
1067,W2C,11,6.7967,21.0,3,35.25,0.2001
1068,N2C,11,9.2809,0.0,0,25.82,0.1324
1068,S2C,11,9.6549,0.0,0,24.82,0.127
1068,E2C,11,7.0152,27.0,3,34.15,0.201
1068,W2C,11,6.388,24.0,3,37.51,0.208
1069,N2C,11,10.3311,0.0,0,23.19,0.1172
1069,S2C,11,10.8181,0.0,0,22.15,0.1102
1069,E2C,12,7.3951,31.0,4,32.4,0.2102
1069,W2C,12,6.5009,28.0,4,36.86,0.2211
1070,N2C,10,10.9077,0.0,0,21.97,0.1029
1070,S2C,10,11.2266,0.0,0,21.34,0.0983
1070,E2C,12,6.9631,36.0,5,34.41,0.2257
1070,W2C,12,5.7979,33.0,5,41.33,0.2405
1071,N2C,9,11.6255,0.0,0,20.61,0.0866
1071,S2C,9,11.8508,0.0,0,20.22,0.0834
1071,E2C,12,6.4441,41.0,5,37.18,0.2365
1071,W2C,12,5.5018,38.0,5,43.55,0.2481
1072,N2C,8,12.4858,0.0,0,19.19,0.0682
1072,S2C,9,12.1552,0.0,0,19.71,0.079
1072,E2C,13,6.1204,46.0,5,39.15,0.2505
1072,W2C,13,5.7538,45.0,7,41.64,0.2672
1073,N2C,8,12.7534,0.0,0,18.79,0.0644
1073,S2C,8,11.7636,0.0,0,20.37,0.0786
1073,E2C,13,5.6218,52.0,6,42.62,0.2677
1073,W2C,13,5.3403,52.0,7,44.87,0.2778
1074,N2C,6,12.6054,0.0,0,19.01,0.0545
1074,S2C,8,11.6387,0.0,0,20.59,0.0804
1074,E2C,13,5.361,59.0,7,44.69,0.2821
1074,W2C,13,4.9846,59.0,7,48.07,0.2876
1075,N2C,7,12.8686,0.0,0,18.62,0.0567
1075,S2C,8,11.7389,0.0,0,20.41,0.079
1075,E2C,14,5.5813,66.0,7,42.93,0.2896
1075,W2C,14,5.4686,66.0,7,43.81,0.2913
1076,N2C,6,12.7977,0.0,0,18.72,0.0517
1076,S2C,8,11.4618,0.0,0,20.9,0.083
1076,E2C,14,5.5194,74.0,8,43.41,0.3019
1076,W2C,14,5.3027,73.0,7,45.18,0.2983
1077,N2C,6,12.6226,0.0,0,18.98,0.0542
1077,S2C,6,12.7314,0.0,0,18.82,0.0527
1077,E2C,14,5.5242,82.0,8,43.37,0.3071
1077,W2C,14,5.2072,81.0,8,46.01,0.311
1078,N2C,7,12.9479,0.0,0,18.5,0.0556
1078,S2C,7,12.5801,0.0,0,19.05,0.0609
1078,E2C,15,5.8058,90.0,8,41.27,0.3144
1078,W2C,15,5.584,89.0,8,42.91,0.3169
1079,N2C,7,12.6928,0.0,0,18.88,0.0592
1079,S2C,6,12.5948,0.0,0,19.02,0.0546
1079,E2C,15,5.2273,98.0,8,45.84,0.3281
1079,W2C,15,5.1644,97.0,8,46.39,0.3283
1080,N2C,6,12.6747,0.0,0,18.9,0.0535
1080,S2C,6,12.6183,0.0,0,18.99,0.0543
1080,E2C,15,4.6907,106.0,8,51.08,0.3411
1080,W2C,15,5.0402,105.0,8,47.54,0.3354
1081,N2C,7,13.3153,0.0,0,17.99,0.0503
1081,S2C,6,12.6726,0.0,0,18.91,0.0535
1081,E2C,16,4.8438,115.0,9,49.47,0.3569
1081,W2C,16,5.1161,113.0,8,46.83,0.3457
1082,N2C,6,12.9913,0.0,0,18.44,0.0489
1082,S2C,6,12.8024,0.0,0,18.72,0.0517
1082,E2C,16,4.4684,124.0,9,53.62,0.3683
1082,W2C,16,4.5468,122.0,9,52.7,0.3659
1083,N2C,6,13.2736,0.0,0,18.05,0.0449
1083,S2C,6,12.6274,0.0,0,18.97,0.0542
1083,E2C,16,4.1987,134.0,10,57.06,0.3849
1083,W2C,16,4.0408,131.0,9,59.29,0.3791
1084,N2C,7,12.9653,0.0,0,18.48,0.0553
1084,S2C,7,12.7667,0.0,0,18.77,0.0582
1084,E2C,17,4.2312,144.0,10,56.63,0.3971
1084,W2C,17,4.4781,141.0,10,53.5,0.3915
1085,N2C,6,12.8561,0.0,0,18.64,0.0509
1085,S2C,6,12.9392,0.0,0,18.52,0.0497
1085,E2C,17,3.907,154.0,10,61.33,0.4084
1085,W2C,17,4.3075,152.0,11,55.62,0.4073
1086,N2C,6,12.9386,0.0,0,18.52,0.0497
1086,S2C,6,12.919,0.0,0,18.55,0.05
1086,E2C,17,3.4599,165.0,11,69.25,0.4282
1086,W2C,17,4.0075,163.0,11,59.79,0.419
1087,N2C,6,12.8931,0.0,0,18.58,0.0504
1087,S2C,7,12.8042,0.0,0,18.71,0.0576
1087,E2C,18,3.7837,176.0,11,63.32,0.4369
1087,W2C,18,4.1611,174.0,11,57.58,0.4301
1088,N2C,6,13.1477,0.0,0,18.22,0.0467
1088,S2C,7,11.9168,0.0,0,20.11,0.0704
1088,E2C,18,3.4809,188.0,12,68.83,0.4552
1088,W2C,18,3.7859,185.0,11,63.29,0.4428
1089,N2C,6,12.7102,0.0,0,18.85,0.053
1089,S2C,7,11.5286,0.0,0,20.78,0.076
1089,E2C,18,3.1913,200.0,12,75.08,0.4674
1089,W2C,18,3.3059,197.0,12,72.48,0.4637
1090,N2C,7,12.2929,0.0,0,19.49,0.065
1090,S2C,8,11.3427,0.0,0,21.12,0.0847
1090,E2C,17,3.9756,148.0,10,60.27,0.4034
1090,W2C,17,4.2616,145.0,10,56.22,0.3973
1091,N2C,7,11.5871,0.0,0,20.68,0.0752
1091,S2C,8,11.0248,0.0,0,21.73,0.0893
1091,E2C,17,3.9263,106.0,9,61.02,0.3701
1091,W2C,17,4.1149,107.0,9,58.23,0.3681
1092,N2C,7,11.5885,0.0,0,20.68,0.0751
1092,S2C,8,10.5681,1.0,1,22.67,0.1025
1092,E2C,17,4.0487,73.0,7,59.18,0.3344
1092,W2C,17,4.2748,71.0,7,56.05,0.3298
1093,N2C,8,11.2442,1.0,1,21.31,0.0928
1093,S2C,9,10.2769,2.0,1,23.31,0.1134
1093,E2C,16,5.1198,41.0,5,46.8,0.2796
1093,W2C,16,5.2871,39.0,5,45.32,0.2759
1094,N2C,8,10.7163,2.0,1,22.36,0.101
1094,S2C,9,9.4601,3.0,1,25.33,0.1258
1094,E2C,16,5.5562,21.0,4,43.12,0.254
1094,W2C,16,5.4259,22.0,4,44.16,0.2565
1095,N2C,8,10.353,3.0,1,23.14,0.1069
1095,S2C,9,8.306,4.0,1,28.85,0.1431
1095,E2C,16,5.9766,7.0,2,40.09,0.2266
1095,W2C,14,5.9345,9.0,2,40.37,0.2165
1096,N2C,9,9.6567,4.0,1,24.81,0.1236
1096,S2C,10,8.4659,7.0,3,28.3,0.1608
1096,E2C,15,6.7456,0.0,0,35.52,0.1929
1096,W2C,15,6.4428,0.0,0,37.19,0.1972
1097,N2C,9,8.8628,5.0,1,27.03,0.1357
1097,S2C,10,8.0337,10.0,3,29.82,0.169
1097,E2C,15,6.8428,0.0,0,35.02,0.1915
1097,W2C,14,6.6356,0.0,0,36.11,0.1885
1098,N2C,9,7.8506,7.0,2,30.52,0.1576
1098,S2C,10,7.3856,14.0,4,32.44,0.187
1098,E2C,13,7.217,0.0,0,33.2,0.1741
1098,W2C,13,7.0834,0.0,0,33.83,0.176
1099,N2C,10,8.0672,9.0,2,29.7,0.1618
1099,S2C,11,7.6465,18.0,4,31.33,0.1919
1099,E2C,14,8.3723,0.0,0,28.62,0.1634
1099,W2C,13,8.3516,0.0,0,28.69,0.1577
1100,N2C,10,7.5605,12.0,3,31.69,0.1771
1100,S2C,11,7.1009,22.0,4,33.74,0.2024
1100,E2C,12,8.9178,0.0,0,26.87,0.1436
1100,W2C,12,8.8428,0.0,0,27.1,0.1447
1101,N2C,10,7.3108,15.0,3,32.77,0.1827
1101,S2C,11,6.6641,27.0,5,35.95,0.218
1101,E2C,12,9.3354,0.0,0,25.67,0.1376
1101,W2C,11,9.6282,0.0,0,24.89,0.1274
1102,N2C,11,7.2468,19.0,4,33.06,0.1983
1102,S2C,12,7.0397,32.0,5,34.04,0.222
1102,E2C,11,10.1717,0.0,0,23.56,0.1195
1102,W2C,11,10.3149,0.0,0,23.23,0.1175
1103,N2C,11,6.4866,23.0,4,36.94,0.2119
1103,S2C,12,6.3266,37.0,5,37.87,0.2356
1103,E2C,10,11.3362,0.0,0,21.14,0.0968
1103,W2C,10,11.24,0.0,0,21.32,0.0982
1104,N2C,11,6.4706,27.0,4,37.03,0.2148
1104,S2C,12,5.9322,43.0,6,40.39,0.2512
1104,E2C,9,11.4007,0.0,0,21.02,0.0898
1104,W2C,9,11.8326,0.0,0,20.25,0.0836
1105,N2C,12,6.6639,32.0,5,35.95,0.2274
1105,S2C,13,6.1783,49.0,6,38.78,0.2577
1105,E2C,8,12.26,0.0,0,19.54,0.0715
1105,W2C,9,12.007,0.0,0,19.96,0.0811
1106,N2C,12,5.8177,37.0,5,41.18,0.2429
1106,S2C,13,5.7267,55.0,6,41.84,0.2682
1106,E2C,8,12.236,0.0,0,19.58,0.0718
1106,W2C,8,12.5742,0.0,0,19.05,0.0669
1107,N2C,12,5.5422,42.0,5,43.23,0.2502
1107,S2C,13,5.4007,62.0,7,44.36,0.2836
1107,E2C,6,12.5279,0.0,0,19.13,0.0556
1107,W2C,7,12.5523,0.0,0,19.09,0.0613
1108,N2C,13,5.9992,48.0,6,39.94,0.2596
1108,S2C,14,5.5599,69.0,7,43.09,0.2919
1108,E2C,7,12.8297,0.0,0,18.68,0.0573
1108,W2C,6,13.2958,0.0,0,18.02,0.0446
1109,N2C,13,5.5959,54.0,6,42.82,0.2694
1109,S2C,14,5.1845,77.0,8,46.21,0.3087
1109,E2C,6,12.8191,0.0,0,18.69,0.0514
1109,W2C,6,12.7957,0.0,0,18.73,0.0518
1110,N2C,13,5.257,61.0,7,45.58,0.285
1110,S2C,14,4.8395,85.0,8,49.51,0.319
1110,E2C,6,12.9716,0.0,0,18.47,0.0492
1110,W2C,6,13.0372,0.0,0,18.38,0.0483
1111,N2C,14,5.5577,68.0,7,43.11,0.2913
1111,S2C,15,5.2605,93.0,8,45.55,0.3243
1111,E2C,6,12.4946,0.0,0,19.18,0.0561
1111,W2C,7,13.0508,0.0,0,18.36,0.0541
1112,N2C,14,5.4388,75.0,7,44.05,0.2977
1112,S2C,15,4.7477,102.0,9,50.47,0.3436
1112,E2C,6,12.2877,0.0,0,19.5,0.0591
1112,W2C,7,12.8481,0.0,0,18.65,0.057
1113,N2C,14,5.5216,83.0,8,43.39,0.3078
1113,S2C,15,4.3818,111.0,9,54.68,0.3549
1113,E2C,6,12.6615,0.0,0,18.92,0.0537
1113,W2C,6,12.9747,0.0,0,18.47,0.0492
1114,N2C,15,5.8315,91.0,8,41.09,0.3147
1114,S2C,16,4.5226,120.0,9,52.98,0.3649
1114,E2C,6,12.871,0.0,0,18.62,0.0507
1114,W2C,6,13.0038,0.0,0,18.43,0.0488
1115,N2C,15,5.2905,99.0,8,45.29,0.3278
1115,S2C,16,4.3501,130.0,10,55.08,0.38
1115,E2C,6,12.7931,0.0,0,18.73,0.0518
1115,W2C,6,12.8297,0.0,0,18.68,0.0513
1116,N2C,15,4.8074,107.0,8,49.84,0.3401
1116,S2C,16,4.1224,140.0,10,58.12,0.39
1116,E2C,6,12.3817,0.0,0,19.35,0.0577
1116,W2C,6,13.1543,0.0,0,18.21,0.0466
1117,N2C,16,4.8871,116.0,9,49.03,0.357
1117,S2C,17,4.4372,150.0,10,54.0,0.3981
1117,E2C,6,12.7843,0.0,0,18.74,0.0519
1117,W2C,6,13.1737,0.0,0,18.19,0.0463
1118,N2C,16,4.6649,125.0,9,51.36,0.3662
1118,S2C,17,4.1937,161.0,11,57.13,0.4149
1118,E2C,6,12.4707,0.0,0,19.21,0.0564
1118,W2C,6,13.0743,0.0,0,18.33,0.0477
1119,N2C,16,4.2625,135.0,10,56.21,0.3846
1119,S2C,17,3.7704,172.0,11,63.55,0.4284
1119,E2C,6,12.7346,0.0,0,18.81,0.0526
1119,W2C,6,12.8945,0.0,0,18.58,0.0503
1120,N2C,17,4.4139,145.0,10,54.28,0.3951
1120,S2C,18,4.0398,183.0,11,59.31,0.4378
1120,E2C,6,12.2262,0.0,0,19.6,0.06
1120,W2C,6,12.9503,0.0,0,18.5,0.0495
1121,N2C,17,4.1053,155.0,10,58.36,0.4062
1121,S2C,18,3.8437,194.0,11,62.34,0.448
1121,E2C,7,12.4766,0.0,0,19.2,0.0624
1121,W2C,6,12.7322,0.0,0,18.82,0.0527
1122,N2C,17,3.7734,166.0,11,63.5,0.4243
1122,S2C,18,3.6097,206.0,12,66.38,0.4654
1122,E2C,7,11.6873,0.0,0,20.5,0.0737
1122,W2C,6,12.1165,0.0,0,19.77,0.0615
1123,N2C,16,4.5676,123.0,10,52.46,0.3722
1123,S2C,17,4.2994,158.0,10,55.73,0.4054
1123,E2C,8,11.0346,0.0,0,21.71,0.0891
1123,W2C,7,11.7679,0.0,0,20.36,0.0726
1124,N2C,16,4.2115,86.0,8,56.89,0.3407
1124,S2C,17,4.2061,113.0,9,56.96,0.3708
1124,E2C,8,9.773,1.0,1,24.52,0.1139
1124,W2C,7,11.5665,0.0,0,20.71,0.0755
1125,N2C,16,4.3681,53.0,7,54.85,0.3104
1125,S2C,17,4.2785,75.0,7,56.0,0.3324
1125,E2C,8,9.0012,2.0,1,26.62,0.1257
1125,W2C,7,11.1233,1.0,1,21.54,0.0885
1126,N2C,15,5.1449,29.0,5,46.57,0.2653
1126,S2C,16,5.2199,44.0,5,45.9,0.2802
1126,E2C,9,8.8956,4.0,2,26.93,0.1406
1126,W2C,8,11.2464,2.0,1,21.3,0.0934
1127,N2C,15,5.0466,14.0,3,47.48,0.2447
1127,S2C,16,5.2428,21.0,4,45.7,0.2585
1127,E2C,9,8.5638,6.0,2,27.98,0.1467
1127,W2C,8,10.8789,3.0,1,22.02,0.0994
1128,N2C,15,5.6155,4.0,1,42.67,0.2178
1128,S2C,14,5.1389,8.0,3,46.62,0.2333
1128,E2C,9,8.2161,9.0,3,29.16,0.1597
1128,W2C,8,10.058,4.0,1,23.82,0.1118
1129,N2C,14,6.5108,0.0,0,36.8,0.1903
1129,S2C,15,6.206,2.0,1,38.61,0.208
1129,E2C,10,8.9235,12.0,3,26.85,0.1575
1129,W2C,9,9.4103,5.0,1,25.46,0.1278
1130,N2C,14,6.9748,0.0,0,34.35,0.1836
1130,S2C,15,6.5703,0.0,0,36.47,0.1954
1130,E2C,10,8.5541,15.0,3,28.01,0.1648
1130,W2C,9,8.8694,6.0,1,27.01,0.1363
1131,N2C,12,7.3625,0.0,0,32.54,0.166
1131,S2C,13,7.091,0.0,0,33.79,0.1759
1131,E2C,10,8.2442,18.0,3,29.06,0.1713
1131,W2C,9,8.1079,8.0,2,29.55,0.1546
1132,N2C,13,8.2306,0.0,0,29.11,0.1595
1132,S2C,13,8.2566,0.0,0,29.02,0.1591
1132,E2C,11,8.1396,21.0,3,29.44,0.1808
1132,W2C,10,8.2369,11.0,3,29.09,0.1667
1133,N2C,11,8.8037,0.0,0,27.22,0.1392
1133,S2C,12,8.712,0.0,0,27.5,0.1466
1133,E2C,11,6.9461,25.0,4,34.49,0.2067
1133,W2C,10,7.6193,14.0,3,31.45,0.1776
1134,N2C,11,9.8898,0.0,0,24.23,0.1236
1134,S2C,10,9.2766,0.0,0,25.83,0.1264
1134,E2C,11,6.3989,29.0,4,37.44,0.2172
1134,W2C,10,7.1769,18.0,4,33.39,0.1927
1135,N2C,10,10.8137,0.0,0,22.16,0.1043
1135,S2C,11,10.3231,0.0,0,23.21,0.1174
1135,E2C,12,6.6597,33.0,4,35.98,0.2221
1135,W2C,11,7.2409,22.0,4,33.09,0.2004
1136,N2C,10,11.3598,0.0,0,21.09,0.0964
1136,S2C,9,11.0761,0.0,0,21.63,0.0945
1136,E2C,12,6.2421,38.0,5,38.38,0.2375
1136,W2C,11,6.7468,26.0,4,35.51,0.2102
1137,N2C,8,11.9448,0.0,0,20.06,0.076
1137,S2C,9,11.5977,0.0,0,20.66,0.087
1137,E2C,12,6.2422,43.0,5,38.38,0.2408
1137,W2C,11,6.6101,30.0,4,36.25,0.2148
1138,N2C,8,12.6935,0.0,0,18.88,0.0652
1138,S2C,8,12.4531,0.0,0,19.24,0.0687
1138,E2C,13,6.6765,49.0,6,35.89,0.2505
1138,W2C,12,6.9487,35.0,5,34.48,0.2253
1139,N2C,7,12.656,0.0,0,18.93,0.0598
1139,S2C,8,12.767,0.0,0,18.77,0.0642
1139,E2C,13,5.9402,55.0,6,40.34,0.2651
1139,W2C,12,6.4815,40.0,5,36.97,0.2353
1140,N2C,7,12.8769,0.0,0,18.61,0.0566
1140,S2C,6,12.9056,0.0,0,18.57,0.0502
1140,E2C,13,5.3025,61.0,6,45.19,0.2783
1140,W2C,12,5.8565,45.0,5,40.91,0.2477
1141,N2C,6,13.1512,0.0,0,18.22,0.0466
1141,S2C,7,13.0143,0.0,0,18.41,0.0546
1141,E2C,14,5.5982,67.0,6,42.8,0.2841
1141,W2C,13,6.1494,51.0,6,38.96,0.2595
1142,N2C,6,12.5889,0.0,0,19.03,0.0547
1142,S2C,6,13.027,0.0,0,18.39,0.0484
1142,E2C,14,5.4741,73.0,6,43.77,0.2898
1142,W2C,13,5.7713,57.0,6,41.52,0.2689
1143,N2C,6,12.8315,0.0,0,18.67,0.0512
1143,S2C,6,12.7941,0.0,0,18.73,0.0518
1143,E2C,14,5.0011,80.0,7,47.91,0.3073
1143,W2C,13,5.329,63.0,6,44.96,0.2793
1144,N2C,7,12.9911,0.0,0,18.44,0.0549
1144,S2C,6,13.1118,0.0,0,18.27,0.0472
1144,E2C,15,5.061,88.0,8,47.34,0.3238
1144,W2C,14,5.4784,69.0,6,43.74,0.2871
1145,N2C,6,12.7804,0.0,0,18.75,0.052
1145,S2C,6,12.7035,0.0,0,18.86,0.0531
1145,E2C,15,4.8328,97.0,9,49.58,0.3391
1145,W2C,14,4.8558,76.0,7,49.34,0.3067
1146,N2C,6,13.1029,0.0,0,18.29,0.0473
1146,S2C,6,12.9908,0.0,0,18.44,0.0489
1146,E2C,15,4.4721,106.0,9,53.58,0.3503
1146,W2C,14,4.5265,84.0,8,52.93,0.3228
1147,N2C,6,12.8923,0.0,0,18.58,0.0504
1147,S2C,6,12.9329,0.0,0,18.53,0.0498
1147,E2C,16,4.6427,115.0,9,51.61,0.3598
1147,W2C,15,4.8992,93.0,9,48.91,0.3355
1148,N2C,6,12.7095,0.0,0,18.85,0.053
1148,S2C,6,13.1058,0.0,0,18.28,0.0473
1148,E2C,16,4.3684,125.0,10,54.85,0.3764
1148,W2C,15,4.9536,102.0,9,48.37,0.3407
1149,N2C,6,12.6705,0.0,0,18.91,0.0536
1149,S2C,6,12.9794,0.0,0,18.46,0.0491
1149,E2C,16,4.083,135.0,10,58.68,0.3872
1149,W2C,15,4.9773,111.0,9,48.14,0.3463
1150,N2C,6,12.8251,0.0,0,18.68,0.0513
1150,S2C,5,12.9341,0.0,0,18.52,0.0438
1150,E2C,17,4.5162,145.0,10,53.05,0.3936
1150,W2C,16,5.0057,120.0,9,47.87,0.3579
1151,N2C,6,12.4951,0.0,0,19.18,0.0561
1151,S2C,6,12.8684,0.0,0,18.62,0.0507
1151,E2C,17,4.5353,155.0,10,52.83,0.4
1151,W2C,16,4.5467,129.0,9,52.7,0.3705
1152,N2C,6,12.7022,0.0,0,18.86,0.0531
1152,S2C,6,12.4394,0.0,0,19.26,0.0569
1152,E2C,17,4.3863,166.0,11,54.62,0.4155
1152,W2C,16,3.8595,138.0,9,62.08,0.3864
1153,N2C,7,12.6797,0.0,0,18.9,0.0594
1153,S2C,7,12.4041,0.0,0,19.32,0.0634
1153,E2C,18,4.5487,177.0,11,52.67,0.4265
1153,W2C,17,4.1222,147.0,9,58.12,0.3946
1154,N2C,7,11.6937,0.0,0,20.49,0.0736
1154,S2C,7,11.8141,0.0,0,20.28,0.0719
1154,E2C,18,4.0606,188.0,11,59.01,0.4409
1154,W2C,17,3.8134,157.0,10,62.83,0.4118
1155,N2C,7,11.0675,0.0,0,21.65,0.0826
1155,S2C,7,11.2132,0.0,0,21.37,0.0805
1155,E2C,18,3.5871,199.0,11,66.79,0.455
1155,W2C,17,3.781,168.0,11,63.37,0.4256
1156,N2C,7,10.331,0.0,0,23.19,0.0932
1156,S2C,8,11.1588,1.0,1,21.47,0.094
1156,E2C,17,4.2168,146.0,9,56.82,0.3926
1156,W2C,16,4.6214,121.0,9,51.85,0.3641
1157,N2C,8,10.328,0.0,0,23.2,0.0993
1157,S2C,8,11.1164,2.0,1,21.55,0.0953
1157,E2C,17,4.2007,104.0,8,57.04,0.3588
1157,W2C,16,4.7593,80.0,7,50.34,0.3228
1158,N2C,8,9.3855,1.0,1,25.53,0.1195
1158,S2C,8,10.1341,3.0,1,23.64,0.1101
1158,E2C,17,4.0939,66.0,7,58.53,0.3291
1158,W2C,16,4.9614,53.0,6,48.29,0.2959
1159,N2C,9,9.1855,3.0,2,26.08,0.1357
1159,S2C,9,9.4764,4.0,1,25.28,0.1262
1159,E2C,16,4.8818,40.0,5,49.08,0.2824
1159,W2C,15,5.7674,26.0,4,41.54,0.2483
1160,N2C,9,8.6595,5.0,2,27.67,0.1446
1160,S2C,9,8.9679,5.0,1,26.72,0.1342
1160,E2C,16,4.926,17.0,4,48.64,0.2604
1160,W2C,15,5.8558,10.0,2,40.92,0.2243
1161,N2C,9,7.9729,8.0,3,30.05,0.1625
1161,S2C,9,8.1421,6.0,1,29.43,0.1468
1161,E2C,15,5.1879,8.0,3,46.18,0.2386
1161,W2C,14,6.229,0.0,0,38.46,0.1943
1162,N2C,10,8.1002,11.0,3,29.58,0.1687
1162,S2C,10,8.3703,9.0,3,28.63,0.1635
1162,E2C,15,6.1402,2.0,1,39.02,0.2089
1162,W2C,14,6.9232,0.0,0,34.61,0.1843
1163,N2C,10,7.6933,14.0,3,31.14,0.1766
1163,S2C,10,7.5282,12.0,3,31.83,0.1776
1163,E2C,14,6.1524,0.0,0,38.94,0.1954
1163,W2C,13,7.4371,0.0,0,32.22,0.1709
1164,N2C,10,7.6583,17.0,3,31.29,0.1791
1164,S2C,10,7.0787,15.0,3,33.85,0.1861
1164,E2C,13,6.8034,0.0,0,35.22,0.18
1164,W2C,12,8.0795,0.0,0,29.66,0.1557
1165,N2C,11,8.3412,21.0,4,28.72,0.1839
1165,S2C,11,7.3086,19.0,4,32.78,0.1974
1165,E2C,13,7.8917,0.0,0,30.36,0.1644
1165,W2C,12,8.937,0.0,0,26.81,0.1433
1166,N2C,11,8.0167,25.0,4,29.89,0.1912
1166,S2C,11,7.0136,23.0,4,34.16,0.2043
1166,E2C,12,8.1883,0.0,0,29.26,0.1541
1166,W2C,11,9.7062,0.0,0,24.69,0.1262
1167,N2C,11,7.5239,29.0,4,31.85,0.201
1167,S2C,11,7.1094,28.0,5,33.7,0.2123
1167,E2C,11,8.7907,0.0,0,27.26,0.1394
1167,W2C,10,10.3676,0.0,0,23.11,0.1107
1168,N2C,12,7.3563,33.0,4,32.57,0.2121
1168,S2C,12,7.4708,33.0,5,32.07,0.2164
1168,E2C,12,9.968,0.0,0,24.04,0.1285
1168,W2C,10,10.9971,0.0,0,21.79,0.1017
1169,N2C,12,6.6269,37.0,4,36.16,0.2252
1169,S2C,12,6.8183,38.0,5,35.14,0.2292
1169,E2C,10,10.3312,0.0,0,23.19,0.1112
1169,W2C,9,11.4443,0.0,0,20.94,0.0892
1170,N2C,12,6.0439,42.0,5,39.64,0.243
1170,S2C,12,6.2032,43.0,5,38.63,0.2413
1170,E2C,10,10.6547,0.0,0,22.49,0.1066
1170,W2C,8,11.755,0.0,0,20.38,0.0787
1171,N2C,13,6.1808,48.0,6,38.77,0.257
1171,S2C,13,5.9922,48.0,5,39.99,0.2537
1171,E2C,9,11.7361,0.0,0,20.42,0.085
1171,W2C,7,12.3596,0.0,0,19.39,0.064
1172,N2C,13,6.0669,54.0,6,39.49,0.2626
1172,S2C,13,5.4618,54.0,6,43.87,0.2714
1172,E2C,8,12.0035,0.0,0,19.96,0.0752
1172,W2C,7,12.1905,0.0,0,19.65,0.0665
1173,N2C,13,5.7735,61.0,7,41.5,0.2775
1173,S2C,13,5.1708,61.0,7,46.34,0.2862
1173,E2C,7,12.4069,0.0,0,19.31,0.0634
1173,W2C,6,12.3912,0.0,0,19.34,0.0576
1174,N2C,14,5.8796,68.0,7,40.75,0.2867
1174,S2C,14,5.3841,68.0,7,44.5,0.2938
1174,E2C,7,13.0359,0.0,0,18.38,0.0543
1174,W2C,7,12.7134,0.0,0,18.85,0.0589
1175,N2C,14,5.2061,75.0,7,46.02,0.301
1175,S2C,14,5.3623,76.0,8,44.68,0.3055
1175,E2C,7,13.0152,0.0,0,18.41,0.0546
1175,W2C,6,12.6676,0.0,0,18.91,0.0536
1176,N2C,14,4.7947,82.0,7,49.97,0.3116
1176,S2C,14,5.2384,84.0,8,45.74,0.3126
1176,E2C,6,13.027,0.0,0,18.39,0.0484
1176,W2C,6,12.5213,0.0,0,19.14,0.0557
1177,N2C,15,5.2771,90.0,8,45.4,0.322
1177,S2C,15,5.2811,92.0,8,45.37,0.3233
1177,E2C,6,13.0837,0.0,0,18.31,0.0476
1177,W2C,7,12.5597,0.0,0,19.08,0.0612
1178,N2C,15,4.9104,98.0,8,48.79,0.3326
1178,S2C,15,4.7388,100.0,8,50.56,0.3364
1178,E2C,6,13.2138,0.0,0,18.13,0.0457
1178,W2C,6,12.4655,0.0,0,19.22,0.0565
1179,N2C,15,4.5578,107.0,9,52.57,0.3497
1179,S2C,15,4.2809,108.0,8,55.97,0.3484
1179,E2C,6,13.1795,0.0,0,18.18,0.0462
1179,W2C,6,12.4573,0.0,0,19.23,0.0566
1180,N2C,16,4.6045,117.0,10,52.04,0.3677
1180,S2C,16,4.6863,117.0,9,51.13,0.3605
1180,E2C,6,13.2359,0.0,0,18.1,0.0454
1180,W2C,5,12.3387,0.0,0,19.42,0.0523
1181,N2C,16,4.3475,127.0,10,55.11,0.3781
1181,S2C,16,4.4476,126.0,9,53.87,0.37
1181,E2C,6,13.108,0.0,0,18.28,0.0473
1181,W2C,6,12.5931,0.0,0,19.03,0.0547
1182,N2C,16,4.0371,137.0,10,59.35,0.3892
1182,S2C,16,4.0068,136.0,10,59.8,0.389
1182,E2C,6,12.9861,0.0,0,18.45,0.049
1182,W2C,6,12.4342,0.0,0,19.27,0.057
1183,N2C,17,4.4521,148.0,11,53.82,0.4026
1183,S2C,17,4.2126,146.0,10,56.88,0.3987
1183,E2C,6,13.0725,0.0,0,18.33,0.0478
1183,W2C,7,13.0149,0.0,0,18.41,0.0546
1184,N2C,17,4.1667,159.0,11,57.5,0.414
1184,S2C,17,3.969,157.0,11,60.37,0.4155
1184,E2C,6,13.1062,0.0,0,18.28,0.0473
1184,W2C,7,12.6437,0.0,0,18.95,0.0599
1185,N2C,17,3.8719,170.0,11,61.88,0.4256
1185,S2C,17,3.6237,168.0,11,66.12,0.4278
1185,E2C,6,13.0685,0.0,0,18.33,0.0478
1185,W2C,6,12.7052,0.0,0,18.86,0.0531
1186,N2C,18,4.3068,181.0,11,55.63,0.4327
1186,S2C,18,4.109,179.0,11,58.31,0.4342
1186,E2C,7,12.6553,0.0,0,18.93,0.0598
1186,W2C,7,12.4003,0.0,0,19.32,0.0634
1187,N2C,18,3.9783,193.0,12,60.23,0.4514
1187,S2C,18,3.8804,191.0,12,61.75,0.4515
1187,E2C,7,12.0911,0.0,0,19.82,0.0679
1187,W2C,7,11.9352,0.0,0,20.08,0.0701
1188,N2C,18,3.4978,205.0,12,68.5,0.4663
1188,S2C,18,3.6639,203.0,12,65.39,0.4626
1188,E2C,7,11.2923,0.0,0,21.22,0.0794
1188,W2C,7,11.5582,0.0,0,20.73,0.0756
1189,N2C,17,4.319,155.0,11,55.48,0.4091
1189,S2C,17,4.491,153.0,10,53.35,0.3993
1189,E2C,8,10.6603,1.0,1,22.48,0.1012
1189,W2C,8,11.307,0.0,0,21.19,0.0852
1190,N2C,17,4.138,110.0,9,57.9,0.3698
1190,S2C,17,4.4527,109.0,9,53.81,0.3646
1190,E2C,8,10.0604,2.0,1,23.82,0.1105
1190,W2C,8,10.7536,1.0,1,22.28,0.0998
1191,N2C,17,4.0379,76.0,7,59.34,0.3365
1191,S2C,17,4.5334,73.0,7,52.85,0.3274
1191,E2C,8,8.8474,3.0,1,27.08,0.1286
1191,W2C,8,9.813,2.0,1,24.42,0.114
1192,N2C,17,4.5911,47.0,5,52.19,0.2972
1192,S2C,16,5.1635,42.0,5,46.4,0.2797
1192,E2C,9,9.0696,5.0,2,26.42,0.1387
1192,W2C,8,8.9222,3.0,1,26.85,0.1275
1193,N2C,16,4.8475,24.0,4,49.43,0.2662
1193,S2C,16,5.3306,21.0,3,44.95,0.2512
1193,E2C,9,8.5568,7.0,2,28.0,0.1475
1193,W2C,9,9.0668,4.0,1,26.43,0.1321
1194,N2C,16,5.0977,9.0,3,47.0,0.2466
1194,S2C,15,5.4466,6.0,2,43.99,0.2276
1194,E2C,9,7.8746,9.0,2,30.43,0.1586
1194,W2C,9,8.2307,6.0,2,29.11,0.1515
1195,N2C,15,5.9591,2.0,1,40.21,0.2115
1195,S2C,15,6.1367,0.0,0,39.04,0.2016
1195,E2C,10,7.9649,12.0,3,30.08,0.1713
1195,W2C,10,8.4416,9.0,3,28.38,0.1625
1196,N2C,15,6.3176,0.0,0,37.93,0.199
1196,S2C,15,6.3995,0.0,0,37.44,0.1979
1196,E2C,10,7.0716,15.0,3,33.88,0.1862
1196,W2C,10,8.0788,12.0,3,29.66,0.1697
1197,N2C,13,6.674,0.0,0,35.9,0.1819
1197,S2C,13,6.4642,0.0,0,37.07,0.1849
1197,E2C,10,6.7775,18.0,3,35.35,0.1924
1197,W2C,10,7.6954,15.0,3,31.14,0.1772
1198,N2C,14,7.5759,0.0,0,31.63,0.1749
1198,S2C,14,7.7491,0.0,0,30.92,0.1724
1198,E2C,11,7.0638,21.0,3,33.92,0.1963
1198,W2C,11,7.9883,19.0,4,29.99,0.1876
1199,N2C,12,7.9342,0.0,0,30.2,0.1578
1199,S2C,12,7.7882,0.0,0,30.76,0.1599
1199,E2C,11,6.6248,24.0,3,36.17,0.2046
1199,W2C,11,7.4142,23.0,4,32.32,0.1986
1200,N2C,12,9.0635,0.0,0,26.44,0.1415
1200,S2C,12,8.5339,0.0,0,28.08,0.1491
1200,E2C,11,6.2539,28.0,4,38.31,0.2186
1200,W2C,11,6.7016,27.0,4,35.75,0.2115
1201,N2C,11,9.5914,0.0,0,24.98,0.1279
1201,S2C,11,9.3467,0.0,0,25.63,0.1314
1201,E2C,12,6.4548,33.0,5,37.12,0.2311
1201,W2C,12,6.7591,31.0,4,35.45,0.2193
1202,N2C,11,10.0413,0.0,0,23.86,0.1214
1202,S2C,11,10.204,0.0,0,23.48,0.1191
1202,E2C,12,6.2768,38.0,5,38.17,0.237
1202,W2C,12,6.4533,35.0,4,37.13,0.2264
1203,N2C,9,10.7315,0.0,0,22.33,0.0995
1203,S2C,9,10.7176,0.0,0,22.36,0.0997
1203,E2C,12,6.0291,44.0,6,39.74,0.2505
1203,W2C,12,6.6227,41.0,6,36.18,0.24
1204,N2C,9,11.4451,0.0,0,20.93,0.0892
1204,S2C,9,11.765,0.0,0,20.37,0.0846
1204,E2C,13,6.2935,50.0,6,38.07,0.2567
1204,W2C,13,6.7788,47.0,6,35.35,0.2477
1205,N2C,8,12.1348,0.0,0,19.74,0.0733
1205,S2C,8,12.2284,0.0,0,19.59,0.0719
1205,E2C,13,6.1664,56.0,6,38.86,0.2625
1205,W2C,13,6.0976,53.0,6,39.29,0.2615
1206,N2C,7,12.3651,0.0,0,19.38,0.064
1206,S2C,7,12.4813,0.0,0,19.2,0.0623
1206,E2C,13,5.4992,62.0,6,43.57,0.2762
1206,W2C,13,5.5063,59.0,6,43.51,0.274
1207,N2C,7,12.3067,0.0,0,19.47,0.0648
1207,S2C,7,12.8384,0.0,0,18.66,0.0571
1207,E2C,14,5.9636,69.0,7,40.18,0.2861
1207,W2C,14,5.5431,65.0,6,43.23,0.2835
1208,N2C,6,12.4098,0.0,0,19.31,0.0573
1208,S2C,6,12.6989,0.0,0,18.87,0.0532
1208,E2C,14,5.4977,76.0,7,43.58,0.2975
1208,W2C,14,5.2405,72.0,7,45.72,0.2985
1209,N2C,6,12.3006,0.0,0,19.48,0.0589
1209,S2C,6,12.7021,0.0,0,18.86,0.0531
1209,E2C,14,5.3121,83.0,7,45.1,0.3048
1209,W2C,14,5.0259,80.0,8,47.67,0.313
1210,N2C,7,12.6346,0.0,0,18.96,0.0601
1210,S2C,6,12.7799,0.0,0,18.75,0.052
1210,E2C,15,5.62,90.0,7,42.63,0.3111
1210,W2C,15,5.2879,88.0,8,45.31,0.3205
1211,N2C,6,12.1913,0.0,0,19.65,0.0605
1211,S2C,6,12.5485,0.0,0,19.09,0.0553
1211,E2C,15,4.8735,98.0,8,49.16,0.3332
1211,W2C,15,4.7836,96.0,8,50.09,0.3331
1212,N2C,6,12.129,0.0,0,19.75,0.0614
1212,S2C,6,12.7173,0.0,0,18.84,0.0529
1212,E2C,15,4.4313,106.0,8,54.07,0.3449
1212,W2C,15,4.448,104.0,8,53.87,0.3433
1213,N2C,6,12.1243,0.0,0,19.76,0.0614
1213,S2C,7,13.0264,0.0,0,18.39,0.0544
1213,E2C,16,4.4033,114.0,8,54.41,0.3566
1213,W2C,16,4.5771,114.0,10,52.35,0.3661
1214,N2C,6,12.2484,0.0,0,19.56,0.0596
1214,S2C,6,13.113,0.0,0,18.27,0.0472
1214,E2C,16,4.1159,123.0,9,58.21,0.3727
1214,W2C,16,4.2484,124.0,10,56.4,0.3775
1215,N2C,6,12.2426,0.0,0,19.57,0.0597
1215,S2C,6,12.7861,0.0,0,18.74,0.0519
1215,E2C,16,3.8377,133.0,10,62.43,0.3894
1215,W2C,16,3.889,134.0,10,61.61,0.3893
1216,N2C,5,12.1258,0.0,0,19.76,0.0554
1216,S2C,6,12.7601,0.0,0,18.78,0.0523
1216,E2C,17,4.0757,143.0,10,58.79,0.3986
1216,W2C,17,4.2776,144.0,10,56.01,0.3964
1217,N2C,6,12.4077,0.0,0,19.31,0.0573
1217,S2C,7,12.9792,0.0,0,18.46,0.0551
1217,E2C,17,3.9062,154.0,11,61.34,0.4144
1217,W2C,17,3.9484,155.0,11,60.68,0.4145
1218,N2C,6,12.1049,0.0,0,19.79,0.0617
1218,S2C,6,13.0579,0.0,0,18.35,0.048
1218,E2C,17,3.4928,165.0,11,68.6,0.4277
1218,W2C,17,3.6972,166.0,11,64.81,0.4254
1219,N2C,7,12.1776,0.0,0,19.68,0.0667
1219,S2C,7,13.1558,0.0,0,18.21,0.0526
1219,E2C,18,3.983,176.0,11,60.16,0.434
1219,W2C,18,4.0483,178.0,12,59.19,0.4404
1220,N2C,7,12.2983,0.0,0,19.48,0.0649
1220,S2C,7,12.5484,0.0,0,19.09,0.0613
1220,E2C,18,3.8216,188.0,12,62.7,0.4503
1220,W2C,18,3.7228,190.0,12,64.36,0.4531
1221,N2C,7,12.2767,0.0,0,19.52,0.0652
1221,S2C,7,11.9226,0.0,0,20.1,0.0703
1221,E2C,18,3.5856,200.0,12,66.82,0.4617
1221,W2C,18,3.6482,202.0,12,65.68,0.4621
1222,N2C,8,11.7262,0.0,0,20.43,0.0792
1222,S2C,8,10.8455,0.0,0,22.09,0.0918
1222,E2C,17,4.5053,147.0,10,53.18,0.3951
1222,W2C,17,4.4215,154.0,11,54.19,0.407
1223,N2C,8,11.2833,0.0,0,21.23,0.0855
1223,S2C,8,10.3097,0.0,0,23.24,0.0996
1223,E2C,17,4.3992,104.0,8,54.46,0.356
1223,W2C,17,4.6535,109.0,9,51.49,0.3617
1224,N2C,8,10.6977,0.0,0,22.4,0.094
1224,S2C,8,9.5103,1.0,1,25.19,0.1177
1224,E2C,17,4.5213,66.0,6,52.99,0.3169
1224,W2C,17,4.6177,74.0,7,51.89,0.3268
1225,N2C,9,10.0032,0.0,0,23.95,0.11
1225,S2C,9,9.5458,3.0,2,25.1,0.1306
1225,E2C,16,5.3386,39.0,5,44.88,0.2751
1225,W2C,16,5.2858,46.0,5,45.33,0.2806
1226,N2C,9,9.0554,1.0,1,26.46,0.1303
1226,S2C,9,9.0022,5.0,2,26.62,0.1397
1226,E2C,16,5.4757,19.0,3,43.76,0.2478
1226,W2C,16,5.1059,23.0,3,46.93,0.2558
1227,N2C,9,8.5658,3.0,2,27.97,0.1447
1227,S2C,9,8.1992,7.0,2,29.22,0.1526
1227,E2C,16,5.6114,4.0,2,42.7,0.2299
1227,W2C,16,5.3429,7.0,2,44.84,0.2357
1228,N2C,9,8.2811,5.0,2,28.93,0.1501
1228,S2C,9,7.5992,10.0,3,31.53,0.1692
1228,E2C,15,6.266,2.0,1,38.24,0.2071
1228,W2C,15,6.0372,1.0,1,39.69,0.2097
1229,N2C,10,8.5406,8.0,3,28.05,0.1604
1229,S2C,10,7.8983,13.0,3,30.34,0.1729
1229,E2C,15,6.5721,1.0,1,36.46,0.202
1229,W2C,15,6.3551,0.0,0,37.7,0.1985
1230,N2C,10,7.8939,11.0,3,30.35,0.1717
1230,S2C,10,7.1874,16.0,3,33.34,0.1852
1230,E2C,13,7.0377,0.0,0,34.05,0.1767
1230,W2C,13,6.7558,0.0,0,35.47,0.1807
1231,N2C,11,7.7333,14.0,3,30.98,0.182
1231,S2C,11,7.3741,19.0,3,32.49,0.1905
1231,E2C,13,8.0098,0.0,0,29.91,0.1627
1231,W2C,14,7.8552,0.0,0,30.5,0.1709
1232,N2C,11,7.0969,17.0,3,33.76,0.1931
1232,S2C,11,7.1987,24.0,5,33.28,0.2083
1232,E2C,12,8.6439,0.0,0,27.72,0.1475
1232,W2C,12,8.0847,0.0,0,29.64,0.1556
1233,N2C,11,6.8654,21.0,4,34.9,0.2051
1233,S2C,11,6.9977,29.0,5,34.24,0.2146
1233,E2C,10,9.6937,0.0,0,24.72,0.1204
1233,W2C,12,8.8549,0.0,0,27.06,0.1445
1234,N2C,12,6.9499,24.0,4,34.48,0.2119
1234,S2C,12,7.062,34.0,5,33.93,0.223
1234,E2C,11,10.8038,0.0,0,22.18,0.1104
1234,W2C,11,9.476,0.0,0,25.29,0.1296
1235,N2C,12,6.1241,29.0,5,39.12,0.2332
1235,S2C,12,6.4467,39.0,5,37.17,0.2352
1235,E2C,9,11.276,0.0,0,21.25,0.0916
1235,W2C,11,10.1769,0.0,0,23.54,0.1195
1236,N2C,12,5.4754,34.0,5,43.76,0.2458
1236,S2C,12,6.0741,44.0,5,39.45,0.2439
1236,E2C,9,11.5684,0.0,0,20.71,0.0874
1236,W2C,9,10.5536,0.0,0,22.7,0.102
1237,N2C,13,6.0022,40.0,6,39.92,0.2542
1237,S2C,13,6.345,50.0,6,37.76,0.256
1237,E2C,8,12.2641,0.0,0,19.54,0.0714
1237,W2C,10,11.6151,0.0,0,20.63,0.0928
1238,N2C,13,5.7025,46.0,6,42.02,0.2626
1238,S2C,13,6.08,56.0,6,39.41,0.2638
1238,E2C,8,12.3326,0.0,0,19.43,0.0704
1238,W2C,8,12.1851,0.0,0,19.66,0.0725
1239,N2C,13,5.4688,52.0,6,43.81,0.2699
1239,S2C,13,5.7104,62.0,6,41.96,0.2731
1239,E2C,7,12.2284,0.0,0,19.59,0.0659
1239,W2C,8,12.3512,0.0,0,19.4,0.0702
1240,N2C,14,5.8502,59.0,7,40.96,0.2811
1240,S2C,14,5.7054,69.0,7,42.0,0.2898
1240,E2C,8,12.3965,0.0,0,19.33,0.0695
1240,W2C,7,13.0541,0.0,0,18.35,0.054
1241,N2C,14,5.4237,66.0,7,44.18,0.2919
1241,S2C,14,5.1902,76.0,7,46.16,0.3019
1241,E2C,6,13.0403,0.0,0,18.37,0.0482
1241,W2C,6,12.9344,0.0,0,18.52,0.0498
1242,N2C,14,5.1292,73.0,7,46.71,0.3008
1242,S2C,14,4.8611,83.0,7,49.29,0.3113
1242,E2C,6,12.607,0.0,0,19.01,0.0545
1242,W2C,6,13.022,0.0,0,18.4,0.0485
1243,N2C,15,5.285,81.0,8,45.34,0.3159
1243,S2C,15,5.2191,91.0,8,45.91,0.3235
1243,E2C,6,13.0982,0.0,0,18.29,0.0474
1243,W2C,6,12.7122,0.0,0,18.85,0.053
1244,N2C,15,4.7141,89.0,8,50.83,0.3295
1244,S2C,15,4.9817,99.0,8,48.1,0.3323
1244,E2C,6,13.1322,0.0,0,18.25,0.0469
1244,W2C,6,12.7728,0.0,0,18.76,0.0521
1245,N2C,15,4.4346,98.0,9,54.03,0.3455
1245,S2C,15,4.6802,108.0,9,51.19,0.3486
1245,E2C,6,12.8784,0.0,0,18.6,0.0506
1245,W2C,6,12.8911,0.0,0,18.59,0.0504
1246,N2C,16,4.4213,107.0,9,54.19,0.3577
1246,S2C,16,4.7572,117.0,9,50.37,0.3595
1246,E2C,5,12.8649,0.0,0,18.62,0.0448
1246,W2C,6,12.7104,0.0,0,18.85,0.053
1247,N2C,16,3.8766,116.0,9,61.81,0.3715
1247,S2C,16,4.2824,126.0,9,55.95,0.3723
1247,E2C,6,12.3507,0.0,0,19.4,0.0582
1247,W2C,6,12.6251,0.0,0,18.98,0.0542
1248,N2C,16,3.6066,126.0,10,66.43,0.3881
1248,S2C,16,4.0139,136.0,10,59.69,0.3889
1248,E2C,6,12.4348,0.0,0,19.27,0.057
1248,W2C,6,12.4167,0.0,0,19.3,0.0572
1249,N2C,17,4.3332,136.0,10,55.29,0.3903
1249,S2C,17,4.258,147.0,11,56.27,0.4047
1249,E2C,7,12.4924,0.0,0,19.18,0.0621
1249,W2C,6,12.6602,0.0,0,18.93,0.0537
1250,N2C,17,4.1512,147.0,11,57.72,0.4062
1250,S2C,17,4.0206,158.0,11,59.59,0.4154
1250,E2C,7,12.6873,0.0,0,18.89,0.0593
1250,W2C,6,12.8253,0.0,0,18.68,0.0513
1251,N2C,17,4.1574,158.0,11,57.63,0.4135
1251,S2C,17,3.649,170.0,12,65.66,0.4348
1251,E2C,6,12.4833,0.0,0,19.19,0.0563
1251,W2C,6,12.7168,0.0,0,18.84,0.0529
1252,N2C,18,4.193,169.0,11,57.14,0.4263
1252,S2C,18,3.9207,182.0,12,61.11,0.4449
1252,E2C,7,12.1166,0.0,0,19.77,0.0675
1252,W2C,7,12.6825,0.0,0,18.89,0.0594
1253,N2C,18,3.7369,180.0,11,64.12,0.4402
1253,S2C,18,3.702,194.0,12,64.72,0.456
1253,E2C,7,11.399,0.0,0,21.02,0.0779
1253,W2C,7,12.7603,0.0,0,18.78,0.0583
1254,N2C,18,3.4306,191.0,11,69.84,0.4519
1254,S2C,18,3.514,206.0,12,68.18,0.4667
1254,E2C,7,10.8363,0.0,0,22.11,0.086
1254,W2C,7,11.9319,0.0,0,20.08,0.0702
1255,N2C,17,4.3032,143.0,9,55.68,0.3894
1255,S2C,17,4.4528,156.0,11,53.81,0.4079
1255,E2C,8,10.2335,0.0,0,23.41,0.1006
1255,W2C,8,10.803,0.0,0,22.18,0.0924
1256,N2C,17,4.3468,102.0,8,55.12,0.3554
1256,S2C,17,4.3038,113.0,9,55.67,0.3694
1256,E2C,8,9.6369,1.0,1,24.86,0.1159
1256,W2C,8,9.8702,0.0,0,24.28,0.1059
1257,N2C,17,4.5875,66.0,6,52.23,0.3159
1257,S2C,17,4.5086,75.0,7,53.14,0.3291
1257,E2C,8,8.552,2.0,1,28.02,0.1322
1257,W2C,8,9.176,1.0,1,26.11,0.1225
1258,N2C,16,5.1547,38.0,5,46.48,0.2771
1258,S2C,16,5.0174,47.0,5,47.75,0.2851
1258,E2C,8,8.088,4.0,2,29.62,0.1462
1258,W2C,9,9.0549,2.0,1,26.46,0.131
1259,N2C,16,5.291,16.0,3,45.28,0.2485
1259,S2C,16,5.3122,25.0,3,45.1,0.2542
1259,E2C,9,8.1593,6.0,2,29.37,0.1525
1259,W2C,9,8.4033,3.0,1,28.51,0.141
1260,N2C,15,5.3929,6.0,2,44.43,0.2283
1260,S2C,14,5.6564,7.0,2,42.36,0.2192
1260,E2C,9,7.8719,9.0,3,30.44,0.1647
1260,W2C,9,8.576,5.0,2,27.94,0.1458
1261,N2C,15,6.3826,0.0,0,37.54,0.1981
1261,S2C,15,6.7371,1.0,1,35.56,0.1997
1261,E2C,10,7.8865,12.0,3,30.38,0.1724
1261,W2C,10,8.6211,7.0,2,27.79,0.1525
1262,N2C,14,6.8224,0.0,0,35.12,0.1858
1262,S2C,13,6.8346,0.0,0,35.06,0.1796
1262,E2C,10,7.5499,15.0,3,31.74,0.1793
1262,W2C,10,7.8977,10.0,3,30.34,0.1709
1263,N2C,13,7.2434,0.0,0,33.08,0.1737
1263,S2C,13,7.0895,0.0,0,33.8,0.1759
1263,E2C,10,7.2146,19.0,4,33.21,0.1928
1263,W2C,10,7.1208,13.0,3,33.65,0.1841
1264,N2C,14,7.7688,0.0,0,30.84,0.1721
1264,S2C,12,8.1086,0.0,0,29.55,0.1552
1264,E2C,11,8.0936,23.0,4,29.6,0.1888
1264,W2C,11,7.1027,16.0,3,33.73,0.1924
1265,N2C,12,8.0031,0.0,0,29.94,0.1568
1265,S2C,12,8.8117,0.0,0,27.19,0.1451
1265,E2C,11,7.8297,27.0,4,30.6,0.1953
1265,W2C,11,6.6087,19.0,3,36.26,0.2015
1266,N2C,12,8.3839,0.0,0,28.58,0.1513
1266,S2C,10,9.232,0.0,0,25.95,0.1271
1266,E2C,11,7.3366,31.0,4,32.66,0.205
1266,W2C,11,6.2801,22.0,3,38.15,0.2082
1267,N2C,11,9.369,0.0,0,25.57,0.1311
1267,S2C,11,10.1621,0.0,0,23.58,0.1197
1267,E2C,12,7.5753,35.0,4,31.63,0.2103
1267,W2C,12,6.5048,27.0,5,36.83,0.2263
1268,N2C,11,9.921,0.0,0,24.15,0.1231
1268,S2C,10,10.5847,0.0,0,22.64,0.1076
1268,E2C,12,7.2652,39.0,4,32.98,0.2174
1268,W2C,12,6.1488,32.0,5,38.97,0.2348
1269,N2C,9,10.5753,0.0,0,22.66,0.1017
1269,S2C,9,11.4746,0.0,0,20.88,0.0888
1269,E2C,12,7.1011,43.0,4,33.74,0.2224
1269,W2C,12,6.112,38.0,6,39.2,0.2453
1270,N2C,10,11.621,0.0,0,20.62,0.0927
1270,S2C,9,12.2514,0.0,0,19.56,0.0776
1270,E2C,13,7.0831,48.0,5,33.83,0.238
1270,W2C,13,6.8351,44.0,6,35.05,0.2449
1271,N2C,8,11.8467,0.0,0,20.22,0.0774
1271,S2C,8,12.586,0.0,0,19.04,0.0668
1271,E2C,13,6.3938,53.0,5,37.47,0.2513
1271,W2C,13,6.3878,50.0,6,37.51,0.2554
1272,N2C,8,12.0221,0.0,0,19.93,0.0749
1272,S2C,6,12.7575,0.0,0,18.78,0.0523
1272,E2C,13,5.9948,59.0,6,39.97,0.267
1272,W2C,13,5.9635,56.0,6,40.18,0.2655
1273,N2C,7,12.5035,0.0,0,19.16,0.062
1273,S2C,7,13.0248,0.0,0,18.4,0.0545
1273,E2C,14,6.0127,65.0,6,39.85,0.2768
1273,W2C,14,5.8516,62.0,6,40.95,0.2771
1274,N2C,7,12.0913,0.0,0,19.82,0.0679
1274,S2C,6,12.7338,0.0,0,18.82,0.0526
1274,E2C,14,5.4535,71.0,6,43.93,0.2888
1274,W2C,14,5.3242,69.0,7,45.0,0.2953
1275,N2C,6,12.6165,0.0,0,18.99,0.0543
1275,S2C,6,13.1161,0.0,0,18.27,0.0471
1275,E2C,14,5.1939,78.0,7,46.13,0.3032
1275,W2C,14,4.7982,76.0,7,49.94,0.3076
1276,N2C,7,12.6597,0.0,0,18.93,0.0597
1276,S2C,7,12.6241,0.0,0,18.98,0.0602
1276,E2C,15,5.2354,86.0,8,45.77,0.3199
1276,W2C,15,5.3257,84.0,8,44.99,0.3173
1277,N2C,7,12.4651,0.0,0,19.22,0.0625
1277,S2C,6,12.4934,0.0,0,19.18,0.0561
1277,E2C,15,4.7275,94.0,8,50.68,0.3326
1277,W2C,15,4.7966,93.0,9,49.95,0.3369
1278,N2C,7,12.3518,0.0,0,19.4,0.0641
1278,S2C,6,12.558,0.0,0,19.08,0.0552
1278,E2C,15,4.4533,103.0,9,53.8,0.3485
1278,W2C,15,4.6621,102.0,9,51.39,0.3449
1279,N2C,7,12.1923,0.0,0,19.65,0.0664
1279,S2C,6,12.3533,0.0,0,19.4,0.0581
1279,E2C,16,4.577,112.0,9,52.35,0.3588
1279,W2C,16,5.0314,111.0,9,47.62,0.3516
1280,N2C,7,12.2458,0.0,0,19.57,0.0657
1280,S2C,6,12.6717,0.0,0,18.91,0.0535
1280,E2C,16,4.2969,122.0,10,55.76,0.3755
1280,W2C,16,4.7774,120.0,9,50.15,0.3612
1281,N2C,6,12.6129,0.0,0,19.0,0.0544
1281,S2C,6,12.7565,0.0,0,18.78,0.0523
1281,E2C,16,4.0016,132.0,10,59.88,0.3864
1281,W2C,16,4.4029,129.0,9,54.42,0.3726
1282,N2C,7,12.6488,0.0,0,18.94,0.0599
1282,S2C,6,12.3599,0.0,0,19.39,0.058
1282,E2C,17,4.3722,143.0,11,54.8,0.4004
1282,W2C,17,4.4853,139.0,10,53.42,0.3901
1283,N2C,6,12.4987,0.0,0,19.17,0.056
1283,S2C,6,12.3125,0.0,0,19.46,0.0587
1283,E2C,17,4.0874,154.0,11,58.62,0.4118
1283,W2C,17,4.1256,149.0,10,58.08,0.4019
1284,N2C,6,12.4817,0.0,0,19.2,0.0563
1284,S2C,6,12.7259,0.0,0,18.83,0.0528
1284,E2C,17,3.6564,165.0,11,65.53,0.4254
1284,W2C,17,3.9693,159.0,10,60.36,0.4108
1285,N2C,6,12.8779,0.0,0,18.61,0.0506
1285,S2C,7,12.7366,0.0,0,18.81,0.0586
1285,E2C,18,3.986,176.0,11,60.11,0.4339
1285,W2C,18,4.1634,170.0,11,57.55,0.4274
1286,N2C,6,12.4421,0.0,0,19.26,0.0568
1286,S2C,7,12.7595,0.0,0,18.78,0.0583
1286,E2C,18,3.6776,187.0,11,65.15,0.4457
1286,W2C,18,3.8732,182.0,12,61.86,0.4456
1287,N2C,6,12.2634,0.0,0,19.54,0.0594
1287,S2C,7,11.8781,0.0,0,20.17,0.071
1287,E2C,18,3.348,200.0,13,71.57,0.4711
1287,W2C,18,3.4481,194.0,12,69.49,0.4597
1288,N2C,6,11.5326,0.0,0,20.78,0.0699
1288,S2C,8,11.154,0.0,0,21.48,0.0874
1288,E2C,17,4.1676,149.0,11,57.49,0.4073
1288,W2C,17,4.2522,145.0,10,56.35,0.3974
1289,N2C,7,11.2879,0.0,0,21.23,0.0795
1289,S2C,8,9.8943,0.0,0,24.22,0.1055
1289,E2C,17,4.1275,103.0,9,58.05,0.3652
1289,W2C,17,4.2267,105.0,9,56.69,0.3651
1290,N2C,7,10.6488,1.0,1,22.5,0.0953
1290,S2C,8,9.2985,1.0,1,25.77,0.1208
1290,E2C,17,4.4598,75.0,7,53.72,0.3298
1290,W2C,17,4.1782,68.0,7,57.34,0.3292
1291,N2C,8,10.9117,2.0,1,21.96,0.0982
1291,S2C,9,9.4333,2.0,1,25.4,0.1255
1291,E2C,16,5.3653,47.0,6,44.66,0.2861
1291,W2C,16,4.9404,42.0,6,48.5,0.2889
1292,N2C,8,10.4851,3.0,1,22.85,0.105
1292,S2C,9,8.8254,4.0,2,27.15,0.1416
1292,E2C,16,5.5294,25.0,4,43.33,0.2571
1292,W2C,16,4.9961,21.0,4,47.96,0.2621
1293,N2C,8,10.6335,4.0,1,22.53,0.1036
1293,S2C,9,8.4493,6.0,2,28.36,0.1483
1293,E2C,14,5.5952,10.0,2,42.82,0.2221
1293,W2C,15,5.2603,11.0,2,45.55,0.2336
1294,N2C,8,9.8776,5.0,1,24.26,0.1151
1294,S2C,10,9.0355,8.0,2,26.52,0.1472
1294,E2C,15,6.318,0.0,0,37.92,0.199
1294,W2C,15,6.154,0.0,0,38.93,0.2014
1295,N2C,9,9.4504,6.0,1,25.35,0.1279
1295,S2C,10,9.0302,11.0,3,26.53,0.1553
1295,E2C,14,6.5372,0.0,0,36.65,0.1899
1295,W2C,15,6.5489,0.0,0,36.59,0.1957
1296,N2C,9,8.8785,8.0,2,26.99,0.1435
1296,S2C,10,8.1199,14.0,3,29.51,0.1704
1296,E2C,13,7.0128,0.0,0,34.17,0.177
1296,W2C,13,7.0391,0.0,0,34.04,0.1766
1297,N2C,10,8.6589,11.0,3,27.67,0.1607
1297,S2C,11,7.7694,17.0,3,30.84,0.1835
1297,E2C,13,8.0342,0.0,0,29.82,0.1623
1297,W2C,13,8.0315,0.0,0,29.83,0.1624
1298,N2C,10,7.9297,14.0,3,30.22,0.1732
1298,S2C,11,6.9922,20.0,3,34.27,0.1967
1298,E2C,12,8.7508,0.0,0,27.38,0.146
1298,W2C,12,8.827,0.0,0,27.14,0.1449
1299,N2C,10,7.0371,17.0,3,34.05,0.188
1299,S2C,11,6.5589,23.0,3,36.53,0.2049
1299,E2C,11,9.5311,0.0,0,25.14,0.1288
1299,W2C,11,9.3662,0.0,0,25.58,0.1311
1300,N2C,11,7.2325,20.0,3,33.13,0.1932
1300,S2C,12,6.9958,28.0,5,34.25,0.2199
1300,E2C,11,10.6278,0.0,0,22.54,0.113
1300,W2C,11,10.3241,0.0,0,23.21,0.1173
1301,N2C,11,6.6466,23.0,3,36.05,0.2036
1301,S2C,12,6.3988,33.0,5,37.44,0.2319
1301,E2C,10,10.9424,0.0,0,21.9,0.1024
1301,W2C,10,10.8465,0.0,0,22.09,0.1038
1302,N2C,11,6.3733,27.0,4,37.59,0.2162
1302,S2C,12,5.8203,38.0,5,41.17,0.2435
1302,E2C,9,11.4307,0.0,0,20.96,0.0894
1302,W2C,9,11.3055,0.0,0,21.19,0.0912
1303,N2C,12,6.6933,32.0,5,35.8,0.227
1303,S2C,13,6.2089,44.0,6,38.59,0.2539
1303,E2C,8,12.3406,0.0,0,19.42,0.0703
1303,W2C,9,12.2827,0.0,0,19.51,0.0771
1304,N2C,12,6.2986,37.0,5,38.04,0.236
1304,S2C,13,5.6307,50.0,6,42.55,0.2663
1304,E2C,8,12.2869,0.0,0,19.5,0.0711
1304,W2C,8,12.5567,0.0,0,19.08,0.0672
1305,N2C,12,6.1231,42.0,5,39.13,0.2418
1305,S2C,13,5.441,56.0,6,44.04,0.273
1305,E2C,6,12.5956,0.0,0,19.02,0.0546
1305,W2C,6,12.7946,0.0,0,18.73,0.0518
1306,N2C,13,6.3483,48.0,6,37.74,0.2546
1306,S2C,14,5.5136,63.0,7,43.46,0.2886
1306,E2C,7,12.4132,0.0,0,19.3,0.0633
1306,W2C,7,12.7106,0.0,0,18.85,0.059
1307,N2C,13,5.905,54.0,6,40.58,0.265
1307,S2C,14,5.209,70.0,7,46.0,0.2977
1307,E2C,6,12.4378,0.0,0,19.26,0.0569
1307,W2C,6,12.9135,0.0,0,18.55,0.0501
1308,N2C,13,5.8259,61.0,7,41.13,0.2768
1308,S2C,14,4.7685,78.0,8,50.25,0.3153
1308,E2C,6,12.5092,0.0,0,19.15,0.0559
1308,W2C,6,12.8292,0.0,0,18.68,0.0513
1309,N2C,14,6.4656,68.0,7,37.06,0.2782
1309,S2C,15,4.9845,86.0,8,48.07,0.3236
1309,E2C,6,12.5881,0.0,0,19.03,0.0547
1309,W2C,7,12.8601,0.0,0,18.63,0.0568
1310,N2C,14,6.1756,75.0,7,38.8,0.2871
1310,S2C,15,4.745,94.0,8,50.5,0.3323
1310,E2C,6,12.5186,0.0,0,19.14,0.0557
1310,W2C,6,12.9737,0.0,0,18.47,0.0492
1311,N2C,14,5.6623,82.0,7,42.32,0.2991
1311,S2C,15,4.4525,102.0,8,53.81,0.3419
1311,E2C,6,12.5882,0.0,0,19.03,0.0547
1311,W2C,6,12.6563,0.0,0,18.93,0.0538
1312,N2C,15,5.6097,89.0,7,42.71,0.3106
1312,S2C,16,4.6418,111.0,9,51.62,0.3572
1312,E2C,6,12.4796,0.0,0,19.2,0.0563
1312,W2C,6,12.9967,0.0,0,18.44,0.0489
1313,N2C,15,5.1837,97.0,8,46.22,0.328
1313,S2C,16,4.4712,121.0,10,53.59,0.3723
1313,E2C,6,12.644,0.0,0,18.95,0.0539
1313,W2C,6,12.6025,0.0,0,19.01,0.0545
1314,N2C,15,4.9023,105.0,8,48.88,0.3374
1314,S2C,16,4.1055,131.0,10,58.36,0.3842
1314,E2C,6,12.4033,0.0,0,19.32,0.0574
1314,W2C,6,12.6276,0.0,0,18.97,0.0542
1315,N2C,16,4.9431,114.0,9,48.47,0.3548
1315,S2C,17,4.3736,141.0,10,54.78,0.393
1315,E2C,7,12.5666,0.0,0,19.07,0.0611
1315,W2C,7,12.9723,0.0,0,18.47,0.0552
1316,N2C,16,4.4898,123.0,9,53.37,0.3674
1316,S2C,17,4.0937,151.0,10,58.53,0.4037
1316,E2C,7,12.5068,0.0,0,19.16,0.0619
1316,W2C,7,12.7951,0.0,0,18.73,0.0578
1317,N2C,16,4.1419,132.0,9,57.85,0.3784
1317,S2C,17,3.7282,162.0,11,64.27,0.4223
1317,E2C,7,12.4892,0.0,0,19.18,0.0622
1317,W2C,6,12.9809,0.0,0,18.46,0.0491
1318,N2C,17,4.5601,143.0,11,52.54,0.3977
1318,S2C,18,3.8925,173.0,11,61.55,0.4333
1318,E2C,7,12.036,0.0,0,19.91,0.0687
1318,W2C,6,12.8879,0.0,0,18.59,0.0504
1319,N2C,17,4.066,154.0,11,58.93,0.4121
1319,S2C,18,3.5345,185.0,12,67.79,0.4524
1319,E2C,8,11.2965,0.0,0,21.21,0.0853
1319,W2C,6,12.6696,0.0,0,18.91,0.0536
1320,N2C,17,3.7383,165.0,11,64.09,0.4242
1320,S2C,18,3.4523,197.0,12,69.4,0.4616
1320,E2C,8,10.0834,0.0,0,23.76,0.1028
1320,W2C,6,12.4462,0.0,0,19.25,0.0568
1321,N2C,16,4.4947,118.0,9,53.31,0.3639
1321,S2C,17,4.2216,147.0,10,56.76,0.3992
1321,E2C,9,9.2343,1.0,1,25.95,0.1277
1321,W2C,7,12.1036,0.0,0,19.8,0.0677
1322,N2C,16,4.2644,81.0,8,56.19,0.3366
1322,S2C,17,4.136,107.0,9,57.93,0.3678
1322,E2C,9,8.8375,2.0,1,27.11,0.1341
1322,W2C,7,11.5886,0.0,0,20.68,0.0751
1323,N2C,16,4.3702,50.0,6,54.83,0.3024
1323,S2C,17,4.2442,71.0,7,56.45,0.3302
1323,E2C,9,8.6876,5.0,3,27.58,0.1502
1323,W2C,7,10.9438,0.0,0,21.89,0.0844
1324,N2C,15,5.1344,28.0,5,46.67,0.2647
1324,S2C,16,5.0378,42.0,5,47.56,0.2815
1324,E2C,10,8.8458,8.0,3,27.09,0.156
1324,W2C,8,11.4159,1.0,1,20.99,0.0903
1325,N2C,15,5.1992,14.0,3,46.08,0.2425
1325,S2C,16,5.2772,20.0,3,45.4,0.2513
1325,E2C,10,8.5861,11.0,3,27.91,0.1617
1325,W2C,8,10.5857,2.0,1,22.63,0.1029
1326,N2C,15,5.3146,4.0,2,45.08,0.2281
1326,S2C,14,5.6333,6.0,2,42.53,0.2189
1326,E2C,10,7.6531,14.0,3,31.31,0.1771
1326,W2C,8,9.6441,3.0,1,24.84,0.1171
1327,N2C,14,6.0508,0.0,0,39.6,0.1969
1327,S2C,15,6.6212,1.0,1,36.19,0.2013
1327,E2C,11,7.6425,17.0,3,31.35,0.1853
1327,W2C,9,9.5023,4.0,1,25.21,0.1258
1328,N2C,14,6.6838,0.0,0,35.85,0.1878
1328,S2C,13,7.1096,0.0,0,33.7,0.1756
1328,E2C,11,7.072,21.0,4,33.88,0.2022
1328,W2C,9,9.162,6.0,2,26.15,0.1381
1329,N2C,12,7.2801,0.0,0,32.91,0.1672
1329,S2C,13,7.6598,0.0,0,31.28,0.1677
1329,E2C,11,6.8284,26.0,5,35.09,0.215
1329,W2C,9,8.1511,8.0,2,29.39,0.154
1330,N2C,13,8.2281,0.0,0,29.12,0.1595
1330,S2C,13,8.1126,0.0,0,29.53,0.1612
1330,E2C,12,6.7272,31.0,5,35.62,0.2258
1330,W2C,9,7.6475,10.0,2,31.33,0.1626
1331,N2C,11,8.6102,0.0,0,27.83,0.142
1331,S2C,12,8.603,0.0,0,27.85,0.1481
1331,E2C,12,6.2879,37.0,6,38.11,0.2421
1331,W2C,10,7.9325,12.0,2,30.2,0.1658
1332,N2C,11,9.3619,0.0,0,25.59,0.1312
1332,S2C,11,9.1905,0.0,0,26.07,0.1337
1332,E2C,12,5.8409,43.0,6,41.02,0.2526
1332,W2C,10,7.4596,15.0,3,32.12,0.1806
1333,N2C,10,9.571,0.0,0,25.03,0.1222
1333,S2C,11,9.9637,0.0,0,24.05,0.1225
1333,E2C,13,6.1907,49.0,6,38.7,0.2575
1333,W2C,11,7.6248,19.0,4,31.42,0.1929
1334,N2C,10,10.4019,0.0,0,23.03,0.1102
1334,S2C,10,10.4933,0.0,0,22.83,0.1089
1334,E2C,13,5.9351,55.0,6,40.37,0.2652
1334,W2C,11,7.1966,23.0,4,33.29,0.2017
1335,N2C,8,11.0625,0.0,0,21.66,0.0887
1335,S2C,9,11.1491,0.0,0,21.49,0.0935
1335,E2C,13,5.5149,62.0,7,43.45,0.2819
1335,W2C,11,6.4239,27.0,4,37.3,0.2155
1336,N2C,8,11.921,0.0,0,20.1,0.0764
1336,S2C,8,11.9449,0.0,0,20.06,0.076
1336,E2C,14,5.5446,69.0,7,43.21,0.2922
1336,W2C,12,6.8677,32.0,5,34.89,0.2244
1337,N2C,7,11.819,0.0,0,20.27,0.0718
1337,S2C,8,12.1354,0.0,0,19.74,0.0733
1337,E2C,14,5.0896,76.0,7,47.08,0.3034
1337,W2C,12,6.4991,37.0,5,36.87,0.2331
1338,N2C,6,11.6992,0.0,0,20.48,0.0675
1338,S2C,6,12.2211,0.0,0,19.61,0.06
1338,E2C,14,4.6404,83.0,7,51.63,0.3145
1338,W2C,12,6.3122,43.0,6,37.96,0.2458
1339,N2C,7,12.0656,0.0,0,19.86,0.0683
1339,S2C,7,12.4985,0.0,0,19.17,0.062
1339,E2C,15,5.0161,91.0,8,47.77,0.3264
1339,W2C,13,6.4717,49.0,6,37.02,0.2535
1340,N2C,7,11.8691,0.0,0,20.19,0.0711
1340,S2C,6,12.4092,0.0,0,19.31,0.0573
1340,E2C,15,4.6162,100.0,9,51.9,0.3442
1340,W2C,13,5.8811,55.0,6,40.74,0.266
1341,N2C,7,12.0065,0.0,0,19.96,0.0691
1341,S2C,6,12.4166,0.0,0,19.3,0.0572
1341,E2C,15,4.3078,109.0,9,55.62,0.3546
1341,W2C,13,5.5916,61.0,6,42.85,0.2742
1342,N2C,7,11.8692,0.0,0,20.19,0.0711
1342,S2C,7,12.6923,0.0,0,18.88,0.0592
1342,E2C,16,4.622,118.0,9,51.84,0.3621
1342,W2C,14,5.6373,67.0,6,42.5,0.2835
1343,N2C,7,12.082,0.0,0,19.83,0.068
1343,S2C,6,12.7154,0.0,0,18.84,0.0529
1343,E2C,16,4.3651,128.0,10,54.89,0.3785
1343,W2C,14,5.2188,75.0,8,45.91,0.3069
1344,N2C,7,11.9671,0.0,0,20.02,0.0697
1344,S2C,6,12.3232,0.0,0,19.44,0.0586
1344,E2C,16,3.9305,138.0,10,60.96,0.3914
1344,W2C,14,4.898,83.0,8,48.92,0.3168
1345,N2C,7,12.1705,0.0,0,19.69,0.0668
1345,S2C,7,12.6768,0.0,0,18.9,0.0595
1345,E2C,17,4.1692,148.0,10,57.47,0.4006
1345,W2C,15,5.25,91.0,8,45.64,0.3231
1346,N2C,6,12.0602,0.0,0,19.87,0.0623
1346,S2C,7,12.3005,0.0,0,19.48,0.0649
1346,E2C,17,3.8506,158.0,10,62.22,0.4119
1346,W2C,15,5.3594,100.0,9,44.71,0.3335
1347,N2C,6,12.0957,0.0,0,19.81,0.0618
1347,S2C,7,12.1379,0.0,0,19.74,0.0672
1347,E2C,17,3.7421,168.0,10,64.03,0.4201
1347,W2C,15,5.1734,109.0,9,46.31,0.3422
1348,N2C,6,12.2093,0.0,0,19.62,0.0602
1348,S2C,7,12.2743,0.0,0,19.52,0.0653
1348,E2C,18,4.2617,179.0,11,56.22,0.432
1348,W2C,16,5.0873,118.0,9,47.1,0.3554
1349,N2C,6,11.9031,0.0,0,20.13,0.0646
1349,S2C,6,12.7755,0.0,0,18.75,0.052
1349,E2C,18,4.04,191.0,12,59.31,0.4492
1349,W2C,16,4.6344,127.0,9,51.7,0.3679
1350,N2C,6,12.4669,0.0,0,19.22,0.0565
1350,S2C,6,12.904,0.0,0,18.57,0.0502
1350,E2C,18,3.5746,203.0,12,67.03,0.4639
1350,W2C,16,4.0599,137.0,10,59.02,0.3889
1351,N2C,7,11.8963,0.0,0,20.14,0.0707
1351,S2C,7,12.8115,0.0,0,18.7,0.0575
1351,E2C,19,4.1605,215.0,12,57.59,0.4694
1351,W2C,17,4.4516,148.0,11,53.82,0.4026
1352,N2C,7,11.8365,0.0,0,20.24,0.0716
1352,S2C,7,12.2485,0.0,0,19.56,0.0656
1352,E2C,19,3.9963,228.0,13,59.96,0.4865
1352,W2C,17,4.1677,159.0,11,57.49,0.414
1353,N2C,7,11.832,0.0,0,20.25,0.0716
1353,S2C,7,11.5961,0.0,0,20.66,0.075
1353,E2C,19,3.8706,241.0,13,61.9,0.4969
1353,W2C,17,3.7144,170.0,11,64.51,0.4278
1354,N2C,8,11.9875,0.0,0,19.99,0.0754
1354,S2C,8,10.5097,0.0,0,22.8,0.0967
1354,E2C,18,4.333,188.0,11,55.3,0.4369
1354,W2C,16,4.581,124.0,10,52.3,0.3727
1355,N2C,8,11.2939,0.0,0,21.22,0.0854
1355,S2C,8,9.9656,1.0,1,24.04,0.1112
1355,E2C,18,3.9557,138.0,9,60.57,0.397
1355,W2C,16,4.3979,87.0,8,54.48,0.3387
1356,N2C,8,10.0832,0.0,0,23.76,0.1028
1356,S2C,8,8.9199,2.0,1,26.86,0.1269
1356,E2C,18,3.848,93.0,7,62.27,0.3566
1356,W2C,16,4.4437,55.0,6,53.92,0.3047
1357,N2C,9,9.2184,1.0,1,25.99,0.1279
1357,S2C,9,9.1216,4.0,2,26.27,0.1373
1357,E2C,17,4.5637,60.0,6,52.5,0.3123
1357,W2C,16,5.1928,32.0,5,46.14,0.2726
1358,N2C,9,8.6357,2.0,1,27.75,0.137
1358,S2C,9,8.4743,6.0,2,28.27,0.148
1358,E2C,17,4.5197,31.0,5,53.01,0.2876
1358,W2C,15,5.3222,15.0,3,45.02,0.2414
1359,N2C,9,7.9266,3.0,1,30.23,0.1479
1359,S2C,9,7.9671,8.0,2,30.07,0.1566
1359,E2C,17,4.8361,13.0,3,49.54,0.259
1359,W2C,15,5.467,3.0,1,43.83,0.2193
1360,N2C,10,8.4864,4.0,1,28.23,0.1465
1360,S2C,10,7.9781,11.0,3,30.03,0.1705
1360,E2C,16,5.6407,4.0,1,42.48,0.2234
1360,W2C,14,6.3237,0.0,0,37.89,0.1929
1361,N2C,10,8.3099,7.0,3,28.83,0.163
1361,S2C,10,7.5443,14.0,3,31.76,0.1787
1361,E2C,16,5.9341,0.0,0,40.38,0.2106
1361,W2C,14,6.6686,0.0,0,35.93,0.188
1362,N2C,10,7.9543,10.0,3,30.12,0.1701
1362,S2C,10,7.3715,17.0,3,32.5,0.1832
1362,E2C,14,6.5405,0.0,0,36.63,0.1898
1362,W2C,13,7.1334,0.0,0,33.59,0.1753
1363,N2C,11,8.0054,13.0,3,29.93,0.1774
1363,S2C,11,7.7826,21.0,4,30.79,0.1919
1363,E2C,15,7.522,0.0,0,31.85,0.1817
1363,W2C,13,8.3079,0.0,0,28.84,0.1584
1364,N2C,11,6.9415,16.0,3,34.52,0.1947
1364,S2C,11,7.4592,25.0,4,32.12,0.1993
1364,E2C,13,7.9285,0.0,0,30.22,0.1638
1364,W2C,12,8.7167,0.0,0,27.49,0.1465
1365,N2C,11,6.3167,20.0,4,37.93,0.2124
1365,S2C,11,6.9232,29.0,4,34.61,0.2096
1365,E2C,12,8.5398,0.0,0,28.06,0.149
1365,W2C,11,9.6397,0.0,0,24.86,0.1272
1366,N2C,12,6.4649,24.0,4,37.06,0.2189
1366,S2C,12,6.8434,33.0,4,35.01,0.2195
1366,E2C,12,9.8111,0.0,0,24.42,0.1307
1366,W2C,10,10.7114,0.0,0,22.37,0.1058
1367,N2C,12,6.4078,28.0,4,37.39,0.2224
1367,S2C,12,6.3872,37.0,4,37.51,0.2287
1367,E2C,11,10.3298,0.0,0,23.2,0.1173
1367,W2C,9,11.068,0.0,0,21.65,0.0946
1368,N2C,12,6.2107,33.0,5,38.58,0.2346
1368,S2C,12,6.1105,43.0,6,39.21,0.2487
1368,E2C,10,11.0628,0.0,0,21.66,0.1007
1368,W2C,8,11.6372,0.0,0,20.59,0.0804
1369,N2C,13,6.7692,39.0,6,35.4,0.2425
1369,S2C,13,6.3253,49.0,6,37.88,0.2556
1369,E2C,9,11.7707,0.0,0,20.36,0.0845
1369,W2C,8,12.0992,0.0,0,19.8,0.0738
1370,N2C,13,6.7609,45.0,6,35.44,0.2467
1370,S2C,13,5.9922,55.0,6,39.99,0.2644
1370,E2C,9,11.7322,0.0,0,20.42,0.0851
1370,W2C,7,12.5811,0.0,0,19.04,0.0608
1371,N2C,13,6.2927,51.0,6,38.08,0.2574
1371,S2C,13,5.7923,61.0,6,41.37,0.2713
1371,E2C,7,12.4032,0.0,0,19.32,0.0634
1371,W2C,6,12.807,0.0,0,18.71,0.0516
1372,N2C,14,6.2438,57.0,6,38.37,0.2681
1372,S2C,14,6.0624,68.0,7,39.52,0.284
1372,E2C,8,12.7809,0.0,0,18.75,0.064
1372,W2C,7,12.6452,0.0,0,18.95,0.0599
1373,N2C,14,5.5779,63.0,6,42.96,0.2817
1373,S2C,14,5.4979,75.0,7,43.58,0.2968
1373,E2C,7,12.9408,0.0,0,18.52,0.0557
1373,W2C,6,12.4982,0.0,0,19.17,0.056
1374,N2C,14,5.2465,69.0,6,45.67,0.2905
1374,S2C,14,4.7766,82.0,7,50.16,0.3119
1374,E2C,7,12.578,0.0,0,19.05,0.0609
1374,W2C,6,12.5238,0.0,0,19.13,0.0557
1375,N2C,15,5.6211,77.0,8,42.63,0.3084
1375,S2C,15,5.1593,90.0,8,46.44,0.3237
1375,E2C,6,13.0179,0.0,0,18.41,0.0486
1375,W2C,7,12.6392,0.0,0,18.96,0.06
1376,N2C,15,4.879,85.0,8,49.11,0.3244
1376,S2C,15,5.1018,99.0,9,46.96,0.3365
1376,E2C,6,12.7021,0.0,0,18.86,0.0531
1376,W2C,7,12.7526,0.0,0,18.79,0.0584
1377,N2C,15,4.6036,94.0,9,52.05,0.3404
1377,S2C,15,4.8434,108.0,9,49.47,0.3463
1377,E2C,6,13.0176,0.0,0,18.41,0.0486
1377,W2C,6,12.8051,0.0,0,18.71,0.0516
1378,N2C,16,4.6245,104.0,10,51.81,0.3587
1378,S2C,16,4.9919,117.0,9,48.0,0.3561
1378,E2C,6,12.9303,0.0,0,18.53,0.0498
1378,W2C,6,12.7934,0.0,0,18.73,0.0518
1379,N2C,16,4.2932,114.0,10,55.81,0.3702
1379,S2C,16,4.6165,126.0,9,51.9,0.3675
1379,E2C,6,13.1406,0.0,0,18.23,0.0468
1379,W2C,6,12.7526,0.0,0,18.79,0.0524
1380,N2C,16,4.0607,124.0,10,59.0,0.3802
1380,S2C,16,4.1857,136.0,10,57.24,0.3864
1380,E2C,6,12.9675,0.0,0,18.48,0.0493
1380,W2C,6,13.0614,0.0,0,18.34,0.0479
1381,N2C,17,4.3564,135.0,11,55.0,0.3953
1381,S2C,17,4.4933,147.0,11,53.32,0.4013
1381,E2C,6,12.9541,0.0,0,18.5,0.0495
1381,W2C,6,12.6097,0.0,0,19.0,0.0544
1382,N2C,17,4.0143,146.0,11,59.69,0.4075
1382,S2C,17,4.2402,158.0,11,56.51,0.4123
1382,E2C,6,13.0143,0.0,0,18.41,0.0486
1382,W2C,6,12.6599,0.0,0,18.93,0.0537
1383,N2C,17,3.7633,158.0,12,63.67,0.4251
1383,S2C,17,3.8464,169.0,11,62.29,0.4253
1383,E2C,6,13.0487,0.0,0,18.36,0.0481
1383,W2C,6,12.5473,0.0,0,19.1,0.0553
1384,N2C,18,4.1321,170.0,12,57.98,0.4338
1384,S2C,18,3.9598,181.0,12,60.51,0.4436
1384,E2C,5,12.7622,0.0,0,18.77,0.0462
1384,W2C,5,12.364,0.0,0,19.38,0.052
1385,N2C,18,3.9388,182.0,12,60.83,0.4446
1385,S2C,18,3.7214,193.0,12,64.38,0.4551
1385,E2C,5,13.1312,0.0,0,18.25,0.0409
1385,W2C,5,12.3607,0.0,0,19.38,0.052
1386,N2C,18,3.5631,194.0,12,67.24,0.458
1386,S2C,18,3.5158,205.0,12,68.15,0.466
1386,E2C,6,12.7288,0.0,0,18.82,0.0527
1386,W2C,5,12.5592,0.0,0,19.08,0.0492
1387,N2C,17,4.1858,148.0,10,57.24,0.4004
1387,S2C,17,4.1863,153.0,10,57.23,0.4037
1387,E2C,7,12.9031,0.0,0,18.57,0.0562
1387,W2C,7,12.6137,0.0,0,19.0,0.0604
1388,N2C,17,4.0014,110.0,9,59.88,0.3717
1388,S2C,17,4.0642,108.0,8,58.95,0.3635
1388,E2C,7,12.2196,0.0,0,19.61,0.0661
1388,W2C,7,12.5187,0.0,0,19.14,0.0617
1389,N2C,17,4.0587,74.0,8,59.03,0.3409
1389,S2C,17,4.4705,73.0,7,53.6,0.3283
1389,E2C,7,11.4133,0.0,0,20.99,0.0777
1389,W2C,7,12.0607,0.0,0,19.87,0.0683
1390,N2C,16,4.7532,50.0,6,50.41,0.2969
1390,S2C,16,5.19,46.0,6,46.17,0.2879
1390,E2C,7,10.3116,0.0,0,23.24,0.0935
1390,W2C,8,11.7278,0.0,0,20.43,0.0791
1391,N2C,16,4.9115,28.0,5,48.78,0.2739
1391,S2C,16,5.4893,25.0,4,43.65,0.2576
1391,E2C,8,9.7578,1.0,1,24.55,0.1142
1391,W2C,8,11.0176,0.0,0,21.75,0.0894
1392,N2C,15,5.5894,11.0,3,42.87,0.2349
1392,S2C,14,5.382,7.0,2,44.52,0.2232
1392,E2C,8,9.1958,2.0,1,26.06,0.1229
1392,W2C,8,9.5286,0.0,0,25.15,0.1108
1393,N2C,15,6.3107,3.0,1,37.97,0.2071
1393,S2C,15,6.5456,0.0,0,36.6,0.1958
1393,E2C,9,9.4139,4.0,2,25.45,0.1331
1393,W2C,9,9.2617,1.0,1,25.87,0.1273
1394,N2C,14,6.8159,0.0,0,35.15,0.1859
1394,S2C,13,6.5131,0.0,0,36.79,0.1842
1394,E2C,9,8.5837,6.0,2,27.91,0.1464
1394,W2C,9,8.5324,3.0,2,28.08,0.1451
1395,N2C,13,6.9797,0.0,0,34.33,0.1775
1395,S2C,13,7.0564,0.0,0,33.95,0.1764
1395,E2C,9,7.9741,8.0,2,30.05,0.1565
1395,W2C,9,8.0629,5.0,2,29.72,0.1532
1396,N2C,13,7.8971,0.0,0,30.34,0.1643
1396,S2C,12,7.9717,0.0,0,30.06,0.1572
1396,E2C,10,7.9267,11.0,3,30.23,0.1712
1396,W2C,10,8.0349,7.0,2,29.82,0.161
1397,N2C,12,8.3486,0.0,0,28.7,0.1518
1397,S2C,12,8.8041,0.0,0,27.21,0.1452
1397,E2C,10,7.2539,14.0,3,33.03,0.1829
1397,W2C,10,7.6426,10.0,3,31.35,0.1746
1398,N2C,11,9.0268,0.0,0,26.54,0.136
1398,S2C,10,9.322,0.0,0,25.7,0.1258
1398,E2C,10,6.7407,18.0,4,35.55,0.1989
1398,W2C,10,7.369,13.0,3,32.51,0.1806
1399,N2C,11,10.0401,0.0,0,23.86,0.1214
1399,S2C,11,10.3278,0.0,0,23.2,0.1173
1399,E2C,11,7.0932,22.0,4,33.78,0.2025
1399,W2C,11,7.8013,17.0,4,30.71,0.189
1400,N2C,10,10.7936,0.0,0,22.2,0.1046
1400,S2C,9,10.8415,0.0,0,22.1,0.0979
1400,E2C,11,6.7315,26.0,4,35.59,0.2104
1400,W2C,11,7.2535,21.0,4,33.03,0.1996
1401,N2C,9,11.3848,0.0,0,21.05,0.0901
1401,S2C,9,11.6636,0.0,0,20.54,0.0861
1401,E2C,11,6.9112,31.0,5,34.67,0.2172
1401,W2C,11,6.9492,25.0,4,34.48,0.2066
1402,N2C,9,12.3144,0.0,0,19.46,0.0767
1402,S2C,8,12.1544,0.0,0,19.71,0.073
1402,E2C,12,7.1586,36.0,5,33.47,0.2229
1402,W2C,12,7.5261,29.0,4,31.84,0.207
1403,N2C,8,12.3099,0.0,0,19.46,0.0708
1403,S2C,8,12.732,0.0,0,18.82,0.0647
1403,E2C,12,6.6686,41.0,5,35.93,0.2333
1403,W2C,12,7.2573,34.0,5,33.01,0.2202
1404,N2C,7,12.6144,0.0,0,18.99,0.0604
1404,S2C,6,12.7994,0.0,0,18.72,0.0517
1404,E2C,12,6.6742,46.0,5,35.9,0.2366
1404,W2C,12,6.9268,39.0,5,34.59,0.2283
1405,N2C,7,12.7357,0.0,0,18.81,0.0586
1405,S2C,7,12.678,0.0,0,18.9,0.0595
1405,E2C,13,6.6811,51.0,5,35.86,0.2458
1405,W2C,13,6.8795,44.0,5,34.83,0.2383
1406,N2C,7,12.7602,0.0,0,18.78,0.0583
1406,S2C,6,12.997,0.0,0,18.44,0.0489
1406,E2C,13,5.8447,57.0,6,40.99,0.2678
1406,W2C,13,6.3224,49.0,5,37.9,0.2496
1407,N2C,7,12.6631,0.0,0,18.92,0.0597
1407,S2C,6,12.9449,0.0,0,18.51,0.0496
1407,E2C,13,5.698,63.0,6,42.05,0.274
1407,W2C,13,5.6996,54.0,5,42.04,0.2619
1408,N2C,6,12.8291,0.0,0,18.68,0.0513
1408,S2C,7,12.7803,0.0,0,18.75,0.058
1408,E2C,14,6.0725,69.0,6,39.46,0.2786
1408,W2C,14,5.6939,60.0,6,42.08,0.278
1409,N2C,7,12.6515,0.0,0,18.94,0.0598
1409,S2C,7,12.7444,0.0,0,18.8,0.0585
1409,E2C,14,5.887,76.0,7,40.7,0.2919
1409,W2C,14,5.1395,66.0,6,46.62,0.29
1410,N2C,6,12.7177,0.0,0,18.84,0.0529
1410,S2C,7,12.8274,0.0,0,18.68,0.0573
1410,E2C,14,5.4083,83.0,7,44.3,0.3035
1410,W2C,14,4.9453,74.0,8,48.45,0.3101
1411,N2C,7,12.6552,0.0,0,18.93,0.0598
1411,S2C,7,13.1789,0.0,0,18.18,0.0522
1411,E2C,15,5.3574,90.0,7,44.72,0.3149
1411,W2C,15,5.1022,82.0,8,46.96,0.3192
1412,N2C,6,12.6138,0.0,0,19.0,0.0544
1412,S2C,6,13.1037,0.0,0,18.28,0.0473
1412,E2C,15,4.7168,97.0,7,50.8,0.3287
1412,W2C,15,4.973,90.0,8,48.18,0.3264
1413,N2C,6,12.9963,0.0,0,18.44,0.0489
1413,S2C,6,12.9224,0.0,0,18.54,0.0499
1413,E2C,15,4.3077,106.0,9,55.62,0.3526
1413,W2C,15,4.6436,98.0,8,51.6,0.3365
1414,N2C,6,12.951,0.0,0,18.5,0.0495
1414,S2C,5,13.0623,0.0,0,18.34,0.0419
1414,E2C,16,4.5504,115.0,9,52.65,0.3611
1414,W2C,16,4.7048,106.0,8,50.93,0.3469
1415,N2C,6,12.6151,0.0,0,18.99,0.0544
1415,S2C,6,13.0752,0.0,0,18.32,0.0477
1415,E2C,16,4.1714,124.0,9,57.44,0.3726
1415,W2C,16,4.4103,115.0,9,54.33,0.3632
1416,N2C,6,13.0809,0.0,0,18.32,0.0476
1416,S2C,6,12.9331,0.0,0,18.53,0.0498
1416,E2C,16,4.0088,134.0,10,59.77,0.3876
1416,W2C,16,3.9325,124.0,9,60.93,0.376
1417,N2C,6,12.7622,0.0,0,18.77,0.0522
1417,S2C,6,12.87,0.0,0,18.62,0.0507
1417,E2C,17,4.4883,144.0,10,53.38,0.3934
1417,W2C,17,4.2404,134.0,10,56.5,0.3903
1418,N2C,6,12.5902,0.0,0,19.03,0.0547
1418,S2C,6,12.9589,0.0,0,18.49,0.0494
1418,E2C,17,4.2954,155.0,11,55.78,0.4095
1418,W2C,17,4.0698,145.0,11,58.87,0.4061
1419,N2C,6,12.3891,0.0,0,19.34,0.0576
1419,S2C,6,12.6595,0.0,0,18.93,0.0537
1419,E2C,17,4.3544,166.0,11,55.02,0.416
1419,W2C,17,3.5934,156.0,11,66.68,0.4203
1420,N2C,7,11.7319,0.0,0,20.42,0.0731
1420,S2C,7,12.0805,0.0,0,19.83,0.0681
1420,E2C,16,5.2108,119.0,9,45.98,0.3543
1420,W2C,16,4.4308,112.0,9,54.08,0.3609
1421,N2C,7,11.4153,0.0,0,20.99,0.0776
1421,S2C,7,11.4222,0.0,0,20.98,0.0775
1421,E2C,16,4.8807,78.0,7,49.09,0.3197
1421,W2C,16,4.2682,74.0,8,56.14,0.3319
1422,N2C,7,10.8126,1.0,1,22.16,0.093
1422,S2C,7,11.0573,0.0,0,21.67,0.0828
1422,E2C,16,4.3447,46.0,5,55.15,0.2941
1422,W2C,16,4.5349,49.0,6,52.83,0.2994
1423,N2C,8,10.9219,2.0,1,21.94,0.0981
1423,S2C,8,10.9852,0.0,0,21.81,0.0898
1423,E2C,17,4.7877,25.0,3,50.05,0.2677
1423,W2C,15,5.6957,30.0,4,42.07,0.252
1424,N2C,8,10.7714,3.0,1,22.24,0.1009
1424,S2C,8,10.2668,1.0,1,23.34,0.1068
1424,E2C,15,4.8918,8.0,2,48.98,0.2369
1424,W2C,15,6.0983,13.0,3,39.29,0.2289
1425,N2C,8,10.1729,4.0,1,23.55,0.1102
1425,S2C,8,9.0162,2.0,1,26.57,0.1255
1425,E2C,15,5.4559,2.0,1,43.92,0.2188
1425,W2C,14,6.3198,2.0,1,37.91,0.2003
1426,N2C,9,10.474,5.0,1,22.88,0.1125
1426,S2C,8,8.6291,4.0,2,27.77,0.1384
1426,E2C,14,6.4217,0.0,0,37.31,0.1915
1426,W2C,14,7.1233,0.0,0,33.64,0.1814
1427,N2C,9,9.9533,6.0,1,24.07,0.1207
1427,S2C,9,8.5889,6.0,2,27.9,0.1463
1427,E2C,14,6.9068,0.0,0,34.69,0.1846
1427,W2C,13,7.47,0.0,0,32.07,0.1704
1428,N2C,9,9.0508,8.0,2,26.47,0.141
1428,S2C,9,8.7439,9.0,3,27.4,0.1521
1428,E2C,13,7.3008,0.0,0,32.82,0.1729
1428,W2C,12,8.3867,0.0,0,28.57,0.1512
1429,N2C,10,8.4278,10.0,2,28.43,0.1573
1429,S2C,10,8.862,12.0,3,27.04,0.1584
1429,E2C,13,8.1277,0.0,0,29.48,0.161
1429,W2C,12,9.2547,0.0,0,25.89,0.1387
1430,N2C,10,7.618,12.0,2,31.45,0.1703
1430,S2C,10,8.208,15.0,3,29.19,0.1698
1430,E2C,11,8.5384,0.0,0,28.06,0.1431
1430,W2C,11,9.7029,0.0,0,24.69,0.1263
1431,N2C,10,7.0549,15.0,3,33.96,0.1864
1431,S2C,10,7.636,18.0,3,31.38,0.1801
1431,E2C,11,9.478,0.0,0,25.28,0.1295
1431,W2C,10,9.9708,0.0,0,24.03,0.1164
1432,N2C,10,6.8406,19.0,4,35.03,0.1982
1432,S2C,11,8.0248,22.0,4,29.86,0.1891
1432,E2C,10,10.476,0.0,0,22.87,0.1092
1432,W2C,10,10.9135,0.0,0,21.95,0.1029
1433,N2C,11,6.9043,24.0,5,34.7,0.2126
1433,S2C,11,7.5243,26.0,4,31.84,0.199
1433,E2C,10,10.9158,0.0,0,21.95,0.1028
1433,W2C,8,11.5549,0.0,0,20.74,0.0816
1434,N2C,11,6.9328,29.0,5,34.56,0.2155
1434,S2C,11,6.6056,30.0,4,36.27,0.2149
1434,E2C,8,11.6524,0.0,0,20.56,0.0802
1434,W2C,8,12.5674,0.0,0,19.07,0.067
1435,N2C,12,7.3225,34.0,5,32.72,0.2192
1435,S2C,12,6.7025,34.0,4,35.75,0.2222
1435,E2C,9,12.1094,0.0,0,19.79,0.0796
1435,W2C,7,13.1371,0.0,0,18.24,0.0528
1436,N2C,12,6.6105,39.0,5,36.25,0.2328
1436,S2C,12,5.9875,38.0,4,40.02,0.2351
1436,E2C,7,12.4504,0.0,0,19.24,0.0627
1436,W2C,7,12.6082,0.0,0,19.0,0.0605
1437,N2C,12,5.7014,44.0,5,42.02,0.2492
1437,S2C,12,5.6775,43.0,5,42.2,0.2489
1437,E2C,7,12.0995,0.0,0,19.8,0.0678
1437,W2C,6,12.7648,0.0,0,18.77,0.0522
1438,N2C,13,5.9379,50.0,6,40.35,0.2618
1438,S2C,13,5.7731,49.0,6,41.5,0.2635
1438,E2C,6,12.6054,0.0,0,19.01,0.0545
1438,W2C,7,12.694,0.0,0,18.88,0.0592
1439,N2C,13,5.5946,56.0,6,42.83,0.2708
1439,S2C,13,5.5787,56.0,7,42.95,0.277
1439,E2C,6,12.6098,0.0,0,19.0,0.0544
1439,W2C,6,12.6352,0.0,0,18.96,0.0541
1440,N2C,13,5.3242,63.0,7,45.0,0.2853
1440,S2C,13,5.4187,63.0,7,44.22,0.284
1440,E2C,6,12.6437,0.0,0,18.95,0.0539
1440,W2C,6,12.9773,0.0,0,18.46,0.0491
1441,N2C,14,5.1376,70.0,7,46.64,0.2987
1441,S2C,14,5.6113,70.0,7,42.7,0.2919
1441,E2C,7,12.7147,0.0,0,18.84,0.0589
1441,W2C,6,12.9335,0.0,0,18.53,0.0498
1442,N2C,14,4.834,77.0,7,49.57,0.3077
1442,S2C,14,5.2825,77.0,7,45.36,0.3013
1442,E2C,7,12.2302,0.0,0,19.59,0.0659
1442,W2C,6,12.7145,0.0,0,18.84,0.0529
1443,N2C,14,4.4419,85.0,8,53.94,0.3247
1443,S2C,14,5.0804,84.0,7,47.16,0.3088
1443,E2C,7,12.3347,0.0,0,19.42,0.0644
1443,W2C,6,12.6406,0.0,0,18.95,0.054
1444,N2C,15,5.0052,93.0,8,47.87,0.3279
1444,S2C,15,5.3536,92.0,8,44.75,0.3222
1444,E2C,8,12.6899,0.0,0,18.88,0.0653
1444,W2C,6,12.6885,0.0,0,18.88,0.0533
1445,N2C,15,4.8983,101.0,8,48.91,0.3348
1445,S2C,15,5.0214,100.0,8,47.72,0.3324
1445,E2C,7,12.4285,0.0,0,19.28,0.063
1445,W2C,6,12.7884,0.0,0,18.74,0.0519
1446,N2C,15,4.9902,109.0,8,48.01,0.3388
1446,S2C,15,4.7435,108.0,8,50.51,0.3417
1446,E2C,6,12.8699,0.0,0,18.62,0.0507
1446,W2C,6,13.0052,0.0,0,18.42,0.0487
1447,N2C,16,5.4416,118.0,9,44.03,0.3503
1447,S2C,16,4.9026,116.0,8,48.87,0.3507
1447,E2C,6,12.8907,0.0,0,18.59,0.0504
1447,W2C,7,12.8819,0.0,0,18.6,0.0565
1448,N2C,16,4.7744,127.0,9,50.18,0.3659
1448,S2C,16,4.4186,125.0,9,54.23,0.3697
1448,E2C,6,12.7787,0.0,0,18.75,0.052
1448,W2C,7,12.6453,0.0,0,18.95,0.0599
1449,N2C,16,4.3908,136.0,9,54.57,0.3774
1449,S2C,16,3.8627,135.0,10,62.03,0.3904
1449,E2C,6,12.9519,0.0,0,18.5,0.0495
1449,W2C,6,12.8029,0.0,0,18.71,0.0517
1450,N2C,17,4.4129,145.0,9,54.3,0.3891
1450,S2C,17,4.1795,145.0,10,57.33,0.3985
1450,E2C,6,12.9167,0.0,0,18.55,0.05
1450,W2C,7,12.5901,0.0,0,19.03,0.0607
1451,N2C,17,3.9968,155.0,10,59.95,0.4078
1451,S2C,17,3.9348,156.0,11,60.89,0.4153
1451,E2C,6,12.7659,0.0,0,18.77,0.0522
1451,W2C,7,12.0287,0.0,0,19.92,0.0688
1452,N2C,17,3.5129,166.0,11,68.21,0.4281
1452,S2C,17,3.6919,167.0,11,64.9,0.4262
1452,E2C,6,12.1724,0.0,0,19.68,0.0607
1452,W2C,7,11.032,0.0,0,21.72,0.0832
1453,N2C,16,4.4203,119.0,9,54.2,0.3657
1453,S2C,16,4.7101,120.0,9,50.87,0.3622
1453,E2C,7,11.7426,0.0,0,20.4,0.0729
1453,W2C,8,10.6112,0.0,0,22.58,0.0952
1454,N2C,16,4.1409,82.0,8,57.86,0.339
1454,S2C,16,4.7654,80.0,8,50.28,0.3287
1454,E2C,7,11.1685,0.0,0,21.45,0.0812
1454,W2C,8,9.9123,0.0,0,24.17,0.1053
1455,N2C,16,4.4119,50.0,7,54.31,0.3078
1455,S2C,16,5.1988,51.0,6,46.09,0.2911
1455,E2C,7,10.9201,0.0,0,21.94,0.0848
1455,W2C,8,9.4767,1.0,1,25.28,0.1182
1456,N2C,16,5.4284,26.0,5,44.14,0.2652
1456,S2C,15,5.8666,26.0,4,40.84,0.2469
1456,E2C,7,10.5611,1.0,1,22.69,0.0966
1456,W2C,9,9.8234,3.0,2,24.39,0.1266
1457,N2C,15,5.9104,13.0,3,40.54,0.2316
1457,S2C,15,5.8043,11.0,2,41.28,0.2258
1457,E2C,8,10.3484,2.0,1,23.15,0.1063
1457,W2C,9,9.0562,5.0,2,26.46,0.1389
1458,N2C,15,6.336,4.0,1,37.82,0.2074
1458,S2C,14,5.8327,0.0,0,41.08,0.2
1458,E2C,8,9.6457,3.0,1,24.84,0.1171
1458,W2C,9,8.393,7.0,2,28.55,0.1498
1459,N2C,14,7.0921,0.0,0,33.78,0.1819
1459,S2C,14,6.7899,0.0,0,35.29,0.1862
1459,E2C,9,9.2001,4.0,1,26.04,0.1302
1459,W2C,9,7.8821,9.0,2,30.4,0.1585
1460,N2C,14,7.3132,0.0,0,32.76,0.1787
1460,S2C,13,7.2436,0.0,0,33.08,0.1737
1460,E2C,9,8.5089,6.0,2,28.16,0.1475
1460,W2C,10,7.6186,11.0,2,31.45,0.1696
1461,N2C,12,7.4162,0.0,0,32.31,0.1652
1461,S2C,12,8.0283,0.0,0,29.84,0.1564
1461,E2C,9,8.1617,8.0,2,29.36,0.1538
1461,W2C,10,7.0963,13.0,2,33.76,0.1785
1462,N2C,13,8.6294,0.0,0,27.77,0.1537
1462,S2C,12,9.0664,0.0,0,26.43,0.1415
1462,E2C,10,8.2181,10.0,2,29.16,0.1603
1462,W2C,11,7.3116,17.0,4,32.77,0.1961
1463,N2C,11,9.1953,0.0,0,26.06,0.1336
1463,S2C,11,9.3191,0.0,0,25.71,0.1318
1463,E2C,10,7.7204,12.0,2,31.03,0.1688
1463,W2C,11,6.6974,21.0,4,35.78,0.2076
1464,N2C,11,9.6716,0.0,0,24.77,0.1267
1464,S2C,10,10.0447,0.0,0,23.85,0.1154
1464,E2C,10,7.125,15.0,3,33.63,0.1854
1464,W2C,11,6.4223,25.0,4,37.31,0.2142
1465,N2C,10,10.5033,0.0,0,22.81,0.1088
1465,S2C,10,10.9227,0.0,0,21.94,0.1027
1465,E2C,11,7.3358,18.0,3,32.66,0.1904
1465,W2C,12,6.8798,30.0,5,34.83,0.2229
1466,N2C,10,10.862,0.0,0,22.06,0.1036
1466,S2C,9,11.4697,0.0,0,20.89,0.0888
1466,E2C,11,6.8554,22.0,4,34.95,0.206
1466,W2C,12,6.445,35.0,5,37.18,0.2325
1467,N2C,8,11.7639,0.0,0,20.37,0.0786
1467,S2C,8,12.0223,0.0,0,19.93,0.0749
1467,E2C,11,6.0251,26.0,4,39.77,0.2206
1467,W2C,12,6.2597,41.0,6,38.28,0.2452
1468,N2C,8,11.6593,0.0,0,20.55,0.0801
1468,S2C,7,12.817,0.0,0,18.69,0.0574
1468,E2C,12,6.1047,30.0,4,39.25,0.2281
1468,W2C,13,6.8813,47.0,6,34.82,0.2463
1469,N2C,7,11.9165,0.0,0,20.11,0.0704
1469,S2C,7,13.1182,0.0,0,18.26,0.0531
1469,E2C,12,5.4781,35.0,5,43.74,0.2465
1469,W2C,13,6.4953,53.0,6,36.89,0.2558
1470,N2C,7,12.0762,0.0,0,19.84,0.0681
1470,S2C,6,13.3095,0.0,0,18.0,0.0444
1470,E2C,12,5.012,41.0,6,47.8,0.2632
1470,W2C,13,5.9164,59.0,6,40.5,0.2681
1471,N2C,6,12.1495,0.0,0,19.72,0.0611
1471,S2C,7,13.0666,0.0,0,18.34,0.0539
1471,E2C,13,5.5147,47.0,6,43.45,0.2659
1471,W2C,14,5.464,65.0,6,43.85,0.2847
1472,N2C,6,12.3176,0.0,0,19.45,0.0586
1472,S2C,6,12.949,0.0,0,18.5,0.0495
1472,E2C,13,5.3581,53.0,6,44.72,0.2722
1472,W2C,14,5.0305,72.0,7,47.63,0.3016
1473,N2C,6,12.2021,0.0,0,19.64,0.0603
1473,S2C,6,13.143,0.0,0,18.23,0.0468
1473,E2C,13,5.294,60.0,7,45.26,0.2838
1473,W2C,14,4.7371,80.0,8,50.58,0.3171
1474,N2C,6,12.1596,0.0,0,19.7,0.0609
1474,S2C,6,13.2046,0.0,0,18.15,0.0459
1474,E2C,14,5.7744,67.0,7,41.49,0.2875
1474,W2C,15,5.0909,88.0,8,47.06,0.3234
1475,N2C,6,12.1378,0.0,0,19.74,0.0612
1475,S2C,6,13.2427,0.0,0,18.09,0.0453
1475,E2C,14,5.8273,74.0,7,41.12,0.2914
1475,W2C,15,4.8473,96.0,8,49.43,0.3322
1476,N2C,6,12.0444,0.0,0,19.89,0.0626
1476,S2C,6,12.9676,0.0,0,18.48,0.0493
1476,E2C,14,5.6059,81.0,7,42.74,0.2993
1476,W2C,15,4.6802,105.0,9,51.19,0.3466
1477,N2C,6,11.8563,0.0,0,20.21,0.0653
1477,S2C,7,13.0899,0.0,0,18.3,0.0535
1477,E2C,15,5.7939,88.0,7,41.35,0.3072
1477,W2C,16,4.5993,114.0,9,52.1,0.3598
1478,N2C,6,12.0003,0.0,0,19.97,0.0632
1478,S2C,6,12.8822,0.0,0,18.6,0.0505
1478,E2C,15,5.2355,96.0,8,45.76,0.3266
1478,W2C,16,4.1893,123.0,9,57.19,0.3717
1479,N2C,6,11.7299,0.0,0,20.43,0.0671
1479,S2C,6,12.9593,0.0,0,18.49,0.0494
1479,E2C,15,4.8546,104.0,8,49.36,0.3374
1479,W2C,16,4.0042,132.0,9,59.84,0.3803
1480,N2C,6,11.9657,0.0,0,20.02,0.0637
1480,S2C,5,12.929,0.0,0,18.53,0.0438
1480,E2C,16,4.8761,112.0,8,49.14,0.3485
1480,W2C,17,4.0547,143.0,11,59.09,0.4049
1481,N2C,6,11.8019,0.0,0,20.3,0.0661
1481,S2C,5,13.023,0.0,0,18.4,0.0425
1481,E2C,16,4.8303,121.0,9,49.6,0.3611
1481,W2C,17,3.8578,154.0,11,62.11,0.4151
1482,N2C,6,11.6011,0.0,0,20.65,0.069
1482,S2C,6,12.6806,0.0,0,18.9,0.0534
1482,E2C,16,4.5078,130.0,9,53.15,0.3718
1482,W2C,17,3.6033,165.0,11,66.49,0.4261
1483,N2C,7,12.1461,0.0,0,19.73,0.0671
1483,S2C,7,11.7863,0.0,0,20.33,0.0723
1483,E2C,17,4.4106,140.0,10,54.32,0.3918
1483,W2C,18,3.9405,176.0,11,60.8,0.4346
1484,N2C,7,12.1544,0.0,0,19.71,0.067
1484,S2C,7,11.1207,0.0,0,21.55,0.0819
1484,E2C,17,4.1715,150.0,10,57.44,0.4019
1484,W2C,18,3.6728,187.0,11,65.24,0.4458
1485,N2C,7,11.5694,0.0,0,20.71,0.0754
1485,S2C,7,10.2247,1.0,1,23.43,0.1014
1485,E2C,17,3.9268,160.0,10,61.02,0.4121
1485,W2C,18,3.5006,199.0,12,68.44,0.4623
1486,N2C,8,11.2794,0.0,0,21.24,0.0856
1486,S2C,8,10.4733,2.0,1,22.88,0.1045
1486,E2C,16,4.9449,113.0,9,48.45,0.3541
1486,W2C,17,4.2357,148.0,10,56.57,0.3997
1487,N2C,8,10.9222,0.0,0,21.94,0.0907
1487,S2C,8,9.6738,3.0,1,24.77,0.1167
1487,E2C,16,4.8414,76.0,7,49.49,0.319
1487,W2C,17,4.2438,107.0,9,56.46,0.3662
1488,N2C,8,10.6697,0.0,0,22.46,0.0944
1488,S2C,8,9.0815,4.0,1,26.38,0.1259
1488,E2C,16,4.5128,44.0,5,53.09,0.2904
1488,W2C,17,4.3759,70.0,7,54.75,0.3277
1489,N2C,9,10.5192,0.0,0,22.78,0.1025
1489,S2C,9,8.9584,6.0,2,26.75,0.141
1489,E2C,15,5.0395,24.0,4,47.54,0.2574
1489,W2C,16,4.7697,42.0,5,50.23,0.2853
1490,N2C,9,9.8555,1.0,1,24.31,0.1188
1490,S2C,9,8.4172,8.0,2,28.47,0.1501
1490,E2C,15,5.1744,7.0,2,46.3,0.2322
1490,W2C,16,4.6806,21.0,3,51.19,0.2606
1491,N2C,9,9.5186,2.0,1,25.17,0.1243
1491,S2C,9,8.0433,11.0,3,29.79,0.1635
1491,E2C,15,5.5081,0.0,0,43.5,0.2107
1491,W2C,15,5.1818,6.0,2,46.24,0.2314
1492,N2C,10,9.4164,3.0,1,25.44,0.1324
1492,S2C,10,7.9413,14.0,3,30.17,0.173
1492,E2C,14,6.3774,0.0,0,37.57,0.1922
1492,W2C,15,6.0629,2.0,1,39.52,0.21
1493,N2C,10,8.9695,4.0,1,26.71,0.1395
1493,S2C,10,7.3483,17.0,3,32.61,0.1835
1493,E2C,14,6.8929,0.0,0,34.76,0.1848
1493,W2C,15,6.8239,0.0,0,35.11,0.1917
1494,N2C,10,8.14,6.0,2,29.43,0.1588
1494,S2C,10,6.8697,20.0,3,34.88,0.1924
1494,E2C,12,7.4569,0.0,0,32.13,0.1646
1494,W2C,13,7.1601,0.0,0,33.46,0.1749
1495,N2C,11,7.9995,8.0,2,29.95,0.1682
1495,S2C,11,7.0799,24.0,4,33.84,0.2041
1495,E2C,13,8.3854,0.0,0,28.57,0.1573
1495,W2C,14,8.1242,0.0,0,29.49,0.167
1496,N2C,11,7.3459,12.0,4,32.62,0.1922
1496,S2C,11,6.74,28.0,4,35.55,0.2116
1496,E2C,11,9.0018,0.0,0,26.62,0.1364
1496,W2C,12,8.3488,0.0,0,28.7,0.1518
1497,N2C,11,6.4129,16.0,4,37.36,0.2083
1497,S2C,11,6.4385,32.0,4,37.21,0.2186
1497,E2C,11,9.6303,0.0,0,24.88,0.1273
1497,W2C,12,8.7415,0.0,0,27.41,0.1461
1498,N2C,12,6.6139,20.0,4,36.23,0.2141
1498,S2C,12,7.3309,36.0,4,32.68,0.2144
1498,E2C,10,10.8039,0.0,0,22.18,0.1044
1498,W2C,11,9.3654,0.0,0,25.58,0.1311
1499,N2C,12,5.8996,24.0,4,40.61,0.2271
1499,S2C,12,7.2435,40.0,4,33.08,0.2184
1499,E2C,10,11.4751,0.0,0,20.88,0.0948
1499,W2C,10,9.9271,0.0,0,24.14,0.1171
1500,N2C,12,5.4112,29.0,5,44.28,0.2434
1500,S2C,12,6.9626,45.0,5,34.41,0.2317
1500,E2C,8,12.012,0.0,0,19.95,0.075
1500,W2C,9,10.6961,0.0,0,22.4,0.1
1501,N2C,13,5.7579,35.0,6,41.61,0.2544
1501,S2C,13,7.4043,50.0,5,32.36,0.2347
1501,E2C,9,12.1486,0.0,0,19.72,0.0791
1501,W2C,9,11.5897,0.0,0,20.67,0.0871
1502,N2C,13,5.4427,41.0,6,44.02,0.263
1502,S2C,13,6.5684,55.0,5,36.48,0.2501
1502,E2C,7,12.301,0.0,0,19.48,0.0649
1502,W2C,8,12.0244,0.0,0,19.93,0.0749
1503,N2C,13,4.9446,47.0,6,48.46,0.2741
1503,S2C,13,5.8043,60.0,5,41.28,0.2644
1503,E2C,7,11.9109,0.0,0,20.12,0.0705
1503,W2C,7,11.8477,0.0,0,20.22,0.0714
1504,N2C,14,5.2222,54.0,7,45.88,0.2868
1504,S2C,14,5.7924,65.0,5,41.36,0.2739
1504,E2C,6,12.5254,0.0,0,19.13,0.0556
1504,W2C,7,12.1827,0.0,0,19.67,0.0666
1505,N2C,14,4.814,61.0,7,49.77,0.2974
1505,S2C,14,5.479,71.0,6,43.73,0.2884
1505,E2C,6,12.1381,0.0,0,19.74,0.0612
1505,W2C,7,11.9124,0.0,0,20.11,0.0705
1506,N2C,14,4.5073,69.0,8,53.16,0.3131
1506,S2C,14,5.1523,78.0,7,46.5,0.3038
1506,E2C,6,12.7485,0.0,0,18.79,0.0524
1506,W2C,7,12.0213,0.0,0,19.93,0.0689
1507,N2C,15,4.8801,77.0,8,49.1,0.3191
1507,S2C,15,5.2639,86.0,8,45.52,0.3195
1507,E2C,7,12.6565,0.0,0,18.93,0.0598
1507,W2C,8,12.1283,0.0,0,19.76,0.0734
1508,N2C,15,4.7749,85.0,8,50.18,0.3259
1508,S2C,15,5.1502,94.0,8,46.52,0.3265
1508,E2C,7,12.4788,0.0,0,19.2,0.0623
1508,W2C,7,11.6025,0.0,0,20.65,0.0749
1509,N2C,15,4.7458,94.0,9,50.49,0.3383
1509,S2C,15,4.984,102.0,8,48.07,0.3342
1509,E2C,7,12.5733,0.0,0,19.06,0.061
1509,W2C,7,11.8818,0.0,0,20.17,0.0709
1510,N2C,16,4.9895,103.0,9,48.02,0.3468
1510,S2C,16,5.1411,110.0,8,46.6,0.3433
1510,E2C,6,12.7803,0.0,0,18.75,0.052
1510,W2C,8,12.2746,0.0,0,19.52,0.0713
1511,N2C,16,4.9793,112.0,9,48.12,0.353
1511,S2C,16,4.4969,119.0,9,53.28,0.3646
1511,E2C,6,12.77,0.0,0,18.76,0.0521
1511,W2C,7,12.4547,0.0,0,19.24,0.0627
1512,N2C,16,4.9028,121.0,9,48.87,0.3601
1512,S2C,16,4.0078,128.0,9,59.78,0.3776
1512,E2C,6,12.6073,0.0,0,19.0,0.0545
1512,W2C,7,12.4297,0.0,0,19.28,0.063
1513,N2C,17,4.8909,131.0,10,48.99,0.3789
1513,S2C,17,4.2038,138.0,10,57.0,0.3935
1513,E2C,7,13.027,0.0,0,18.39,0.0544
1513,W2C,7,12.7093,0.0,0,18.85,0.059
1514,N2C,17,4.5732,141.0,10,52.39,0.3902
1514,S2C,17,3.9529,149.0,11,60.61,0.4104
1514,E2C,6,12.8471,0.0,0,18.65,0.051
1514,W2C,6,12.7456,0.0,0,18.8,0.0525
1515,N2C,17,4.1805,151.0,10,57.31,0.4025
1515,S2C,17,3.6376,160.0,11,65.87,0.4223
1515,E2C,6,12.839,0.0,0,18.66,0.0511
1515,W2C,6,12.7447,0.0,0,18.8,0.0525
1516,N2C,18,4.1446,161.0,10,57.81,0.4157
1516,S2C,18,3.9906,171.0,11,60.04,0.4305
1516,E2C,7,11.8854,0.0,0,20.16,0.0709
1516,W2C,7,12.9017,0.0,0,18.57,0.0562
1517,N2C,18,3.7191,172.0,11,64.42,0.4351
1517,S2C,18,3.6897,182.0,11,64.94,0.4422
1517,E2C,7,11.3074,0.0,0,21.19,0.0792
1517,W2C,7,12.599,0.0,0,19.02,0.0606
1518,N2C,18,3.3654,184.0,12,71.2,0.4542
1518,S2C,18,3.3549,194.0,12,71.42,0.461
1518,E2C,7,10.645,1.0,1,22.51,0.0954
1518,W2C,7,11.9664,0.0,0,20.02,0.0697
1519,N2C,17,3.9772,140.0,10,60.24,0.3981
1519,S2C,17,4.2396,141.0,11,56.52,0.401
1519,E2C,8,10.9848,2.0,1,21.81,0.0972
1519,W2C,8,10.9951,0.0,0,21.79,0.0897
1520,N2C,17,3.933,101.0,9,60.92,0.3667
1520,S2C,17,3.8854,96.0,9,61.67,0.3641
1520,E2C,8,10.5795,3.0,1,22.65,0.1037
1520,W2C,8,10.2752,0.0,0,23.32,0.1
1521,N2C,17,4.1225,67.0,7,58.12,0.3293
1521,S2C,17,4.1659,66.0,7,57.51,0.328
1521,E2C,8,9.9412,4.0,1,24.1,0.1135
1521,W2C,8,9.4977,0.0,0,25.23,0.1112
1522,N2C,16,4.8594,39.0,6,49.31,0.288
1522,S2C,17,5.0762,41.0,6,47.2,0.2922
1522,E2C,9,9.6153,5.0,1,24.92,0.1249
1522,W2C,9,9.2901,0.0,0,25.79,0.1202
1523,N2C,16,5.0391,19.0,4,47.55,0.2601
1523,S2C,16,5.3177,24.0,4,45.06,0.2594
1523,E2C,9,8.5775,6.0,1,27.93,0.1405
1523,W2C,9,8.9381,2.0,2,26.81,0.1386
1524,N2C,15,4.9586,8.0,2,48.32,0.2359
1524,S2C,16,5.527,9.0,2,43.35,0.2344
1524,E2C,9,7.6452,8.0,2,31.34,0.1613
1524,W2C,9,8.6152,4.0,2,27.81,0.1446
1525,N2C,15,5.8772,0.0,0,40.77,0.2054
1525,S2C,15,6.1652,0.0,0,38.86,0.2012
1525,E2C,10,8.1266,11.0,3,29.48,0.1683
1525,W2C,10,8.9329,6.0,2,26.82,0.1474
1526,N2C,15,6.2412,0.0,0,38.39,0.2001
1526,S2C,15,6.0669,0.0,0,39.49,0.2026
1526,E2C,10,7.4513,14.0,3,32.16,0.18
1526,W2C,10,8.3817,9.0,3,28.59,0.1633
1527,N2C,13,6.4744,0.0,0,37.01,0.1848
1527,S2C,14,6.3584,0.0,0,37.68,0.1924
1527,E2C,10,6.898,17.0,3,34.73,0.19
1527,W2C,10,7.6345,12.0,3,31.38,0.1761
1528,N2C,14,7.6154,0.0,0,31.46,0.1743
1528,S2C,14,7.1167,0.0,0,33.67,0.1815
1528,E2C,10,6.4484,20.0,3,37.16,0.1985
1528,W2C,11,7.4805,15.0,3,32.03,0.1863
1529,N2C,12,7.9549,0.0,0,30.12,0.1575
1529,S2C,14,7.8652,0.0,0,30.46,0.1708
1529,E2C,11,6.8334,24.0,4,35.06,0.2076
1529,W2C,11,6.9976,18.0,3,34.24,0.1952
1530,N2C,12,8.8622,0.0,0,27.04,0.1444
1530,S2C,12,8.5326,0.0,0,28.08,0.1491
1530,E2C,11,6.5693,28.0,4,36.47,0.2141
1530,W2C,11,6.3709,23.0,5,37.61,0.2196
1531,N2C,11,9.8423,0.0,0,24.34,0.1243
1531,S2C,12,9.2748,0.0,0,25.83,0.1385
1531,E2C,12,6.8477,33.0,5,34.99,0.2254
1531,W2C,11,6.0677,28.0,5,39.49,0.2273
1532,N2C,11,10.3462,0.0,0,23.16,0.117
1532,S2C,11,9.9159,0.0,0,24.16,0.1232
1532,E2C,12,6.4467,38.0,5,37.17,0.2345
1532,W2C,12,6.2532,33.0,5,38.32,0.234
1533,N2C,9,11.3958,0.0,0,21.03,0.0899
1533,S2C,9,10.5379,0.0,0,22.74,0.1023
1533,E2C,12,6.38,43.0,5,37.55,0.2388
1533,W2C,12,5.6773,39.0,6,42.2,0.2523
1534,N2C,10,12.2256,0.0,0,19.6,0.084
1534,S2C,10,11.7273,0.0,0,20.43,0.0911
1534,E2C,13,6.7544,48.0,5,35.47,0.2427
1534,W2C,13,5.9756,45.0,6,40.1,0.258
1535,N2C,8,12.5848,0.0,0,19.04,0.0668
1535,S2C,8,12.0107,0.0,0,19.95,0.0751
1535,E2C,13,6.5536,54.0,6,36.56,0.2556
1535,W2C,13,5.6099,51.0,6,42.71,0.2672
1536,N2C,8,12.3378,0.0,0,19.42,0.0703
1536,S2C,8,12.2318,0.0,0,19.59,0.0719
1536,E2C,13,6.2277,60.0,6,38.47,0.2643
1536,W2C,13,5.2435,58.0,7,45.69,0.2832
1537,N2C,8,12.3916,0.0,0,19.34,0.0696
1537,S2C,7,12.9351,0.0,0,18.52,0.0557
1537,E2C,14,6.2585,66.0,6,38.28,0.2739
1537,W2C,14,5.5935,65.0,7,42.84,0.2888
1538,N2C,7,12.7182,0.0,0,18.84,0.0589
1538,S2C,7,12.503,0.0,0,19.16,0.062
1538,E2C,14,5.5824,72.0,6,42.92,0.2876
1538,W2C,14,5.1693,72.0,7,46.35,0.2996
1539,N2C,7,12.6455,0.0,0,18.95,0.0599
1539,S2C,6,12.8764,0.0,0,18.61,0.0506
1539,E2C,14,5.0693,79.0,7,47.26,0.3057
1539,W2C,14,4.9497,80.0,8,48.41,0.3141
1540,N2C,5,12.8655,0.0,0,18.62,0.0448
1540,S2C,7,12.8145,0.0,0,18.7,0.0575
1540,E2C,15,5.3466,87.0,8,44.81,0.319
1540,W2C,15,5.1724,88.0,8,46.32,0.3222
1541,N2C,6,13.1115,0.0,0,18.27,0.0472
1541,S2C,6,12.9182,0.0,0,18.55,0.05
1541,E2C,15,4.9375,95.0,8,48.53,0.3302
1541,W2C,15,5.1128,96.0,8,46.86,0.3284
1542,N2C,6,12.702,0.0,0,18.86,0.0531
1542,S2C,6,13.106,0.0,0,18.28,0.0473
1542,E2C,15,4.5901,104.0,9,52.2,0.3472
1542,W2C,15,4.8416,105.0,9,49.49,0.3443
1543,N2C,6,12.9184,0.0,0,18.55,0.05
1543,S2C,6,13.1079,0.0,0,18.28,0.0473
1543,E2C,16,4.8658,113.0,9,49.24,0.3553
1543,W2C,16,5.186,114.0,9,46.2,0.3513
1544,N2C,6,12.7165,0.0,0,18.84,0.0529
1544,S2C,6,12.6315,0.0,0,18.97,0.0541
1544,E2C,16,4.3905,123.0,10,54.57,0.3748
1544,W2C,16,4.8498,123.0,9,49.4,0.3622
1545,N2C,6,12.9236,0.0,0,18.54,0.0499
1545,S2C,6,13.1196,0.0,0,18.26,0.0471
1545,E2C,16,4.2299,133.0,10,56.64,0.3838
1545,W2C,16,4.2509,133.0,10,56.36,0.3835
1546,N2C,5,12.4294,0.0,0,19.28,0.051
1546,S2C,7,13.0239,0.0,0,18.4,0.0545
1546,E2C,17,4.0884,143.0,10,58.6,0.3985
1546,W2C,17,4.6346,143.0,10,51.7,0.3906
1547,N2C,6,12.9136,0.0,0,18.55,0.0501
1547,S2C,6,12.9259,0.0,0,18.54,0.0499
1547,E2C,17,3.8918,154.0,11,61.57,0.4146
1547,W2C,17,4.4309,154.0,11,54.07,0.4069
1548,N2C,6,12.5994,0.0,0,19.02,0.0546
1548,S2C,6,13.1065,0.0,0,18.28,0.0473
1548,E2C,17,3.59,165.0,11,66.74,0.4263
1548,W2C,17,4.1384,165.0,11,57.9,0.4184
1549,N2C,6,12.9248,0.0,0,18.54,0.0499
1549,S2C,6,12.567,0.0,0,19.07,0.0551
1549,E2C,18,3.8551,177.0,12,62.15,0.4425
1549,W2C,18,4.2584,176.0,11,56.26,0.43
1550,N2C,6,12.503,0.0,0,19.16,0.056
1550,S2C,6,12.8556,0.0,0,18.64,0.0509
1550,E2C,18,3.6101,189.0,12,66.37,0.454
1550,W2C,18,3.9621,187.0,11,60.47,0.4416
1551,N2C,6,12.5359,0.0,0,19.11,0.0555
1551,S2C,6,12.2492,0.0,0,19.56,0.0596
1551,E2C,18,3.4182,201.0,12,70.1,0.4648
1551,W2C,18,3.5098,198.0,11,68.27,0.4555
1552,N2C,6,12.6587,0.0,0,18.93,0.0537
1552,S2C,7,12.0692,0.0,0,19.85,0.0682
1552,E2C,17,4.3738,150.0,11,54.78,0.405
1552,W2C,17,4.337,151.0,11,55.25,0.4062
1553,N2C,7,12.0542,0.0,0,19.88,0.0684
1553,S2C,7,11.3779,0.0,0,21.06,0.0782
1553,E2C,17,4.3234,107.0,9,55.42,0.3651
1553,W2C,17,4.272,110.0,9,56.09,0.3678
1554,N2C,7,11.3689,0.0,0,21.08,0.0783
1554,S2C,7,10.9084,0.0,0,21.96,0.0849
1554,E2C,17,4.2075,72.0,7,56.95,0.3314
1554,W2C,17,4.3031,72.0,7,55.68,0.33
1555,N2C,8,11.1381,1.0,1,21.51,0.0943
1555,S2C,8,10.7599,0.0,0,22.27,0.0931
1555,E2C,16,4.7585,46.0,5,50.35,0.2881
1555,W2C,16,4.9692,42.0,5,48.22,0.2824
1556,N2C,8,11.1221,2.0,1,21.54,0.0952
1556,S2C,8,10.2914,1.0,1,23.28,0.1065
1556,E2C,16,4.8491,23.0,3,49.41,0.2595
1556,W2C,16,4.93,21.0,4,48.6,0.263
1557,N2C,8,10.3388,3.0,1,23.17,0.1071
1557,S2C,8,9.4752,2.0,1,25.29,0.1189
1557,E2C,16,5.3705,7.0,2,44.61,0.2353
1557,W2C,14,5.1529,9.0,3,46.5,0.2338
1558,N2C,9,10.3569,4.0,1,23.13,0.1135
1558,S2C,9,9.4246,3.0,1,25.42,0.1263
1558,E2C,15,6.1559,1.0,1,38.92,0.208
1558,W2C,15,6.0126,2.0,1,39.85,0.2108
1559,N2C,9,9.7817,5.0,1,24.49,0.1225
1559,S2C,9,8.834,4.0,1,27.12,0.1355
1559,E2C,15,6.7427,0.0,0,35.53,0.1929
1559,W2C,15,6.5387,0.0,0,36.64,0.1959
1560,N2C,9,8.5249,7.0,2,28.11,0.1479
1560,S2C,9,8.0422,6.0,2,29.79,0.1542
1560,E2C,13,7.288,0.0,0,32.88,0.1731
1560,W2C,13,6.6198,0.0,0,36.19,0.1827
1561,N2C,10,8.3206,9.0,2,28.8,0.1582
1561,S2C,10,8.2908,8.0,2,28.9,0.158
1561,E2C,13,8.695,0.0,0,27.56,0.1528
1561,W2C,14,7.746,0.0,0,30.93,0.1725
1562,N2C,10,7.8,12.0,3,30.72,0.1737
1562,S2C,10,7.9219,11.0,3,30.25,0.1713
1562,E2C,12,9.1914,0.0,0,26.07,0.1397
1562,W2C,12,8.1314,0.0,0,29.47,0.1549
1563,N2C,10,7.5307,15.0,3,31.82,0.1796
1563,S2C,10,7.5277,14.0,3,31.83,0.1789
1563,E2C,11,9.2641,0.0,0,25.86,0.1326
1563,W2C,12,8.6908,0.0,0,27.57,0.1469
1564,N2C,11,7.679,19.0,4,31.2,0.1921
1564,S2C,11,7.8052,18.0,4,30.7,0.1896
1564,E2C,11,10.3214,0.0,0,23.21,0.1174
1564,W2C,11,9.3337,0.0,0,25.67,0.1316
1565,N2C,11,7.2837,23.0,4,32.9,0.2005
1565,S2C,11,7.2075,22.0,4,33.24,0.2009
1565,E2C,11,10.5273,0.0,0,22.76,0.1144
1565,W2C,11,10.1861,0.0,0,23.52,0.1193
1566,N2C,11,6.805,27.0,4,35.21,0.21
1566,S2C,11,6.8428,26.0,4,35.02,0.2088
1566,E2C,9,11.2197,0.0,0,21.36,0.0924
1566,W2C,9,10.793,0.0,0,22.2,0.0986
1567,N2C,12,6.985,32.0,5,34.3,0.2228
1567,S2C,12,7.0302,31.0,5,34.08,0.2214
1567,E2C,10,11.6098,0.0,0,20.64,0.0928
1567,W2C,9,11.6974,0.0,0,20.48,0.0856
1568,N2C,12,6.738,37.0,5,35.56,0.2296
1568,S2C,12,6.7034,36.0,5,35.74,0.2295
1568,E2C,8,12.0366,0.0,0,19.91,0.0747
1568,W2C,8,11.7484,0.0,0,20.39,0.0788
1569,N2C,12,6.4363,42.0,5,37.23,0.2373
1569,S2C,12,6.2062,42.0,6,38.61,0.2466
1569,E2C,6,12.5457,0.0,0,19.1,0.0554
1569,W2C,7,11.8947,0.0,0,20.14,0.0707
1570,N2C,13,7.0536,48.0,6,33.97,0.2444
1570,S2C,13,6.1986,48.0,6,38.65,0.2567
1570,E2C,7,13.0127,0.0,0,18.41,0.0546
1570,W2C,7,12.3516,0.0,0,19.4,0.0642
1571,N2C,13,6.4725,54.0,6,37.02,0.2568
1571,S2C,13,5.8484,54.0,6,40.97,0.2658
1571,E2C,7,12.8181,0.0,0,18.69,0.0574
1571,W2C,6,11.9747,0.0,0,20.01,0.0636
1572,N2C,13,5.6809,60.0,6,42.18,0.2722
1572,S2C,13,5.5284,60.0,6,43.34,0.2744
1572,E2C,6,12.8221,0.0,0,18.69,0.0514
1572,W2C,6,12.0875,0.0,0,19.82,0.062
1573,N2C,14,5.5533,66.0,6,43.15,0.284
1573,S2C,14,5.8218,67.0,7,41.16,0.2868
1573,E2C,6,12.9446,0.0,0,18.51,0.0496
1573,W2C,6,12.0877,0.0,0,19.82,0.062
1574,N2C,14,5.2125,72.0,6,45.97,0.2929
1574,S2C,14,5.1873,74.0,7,46.19,0.3006
1574,E2C,6,12.7531,0.0,0,18.79,0.0524
1574,W2C,7,12.0915,0.0,0,19.82,0.0679
1575,N2C,14,4.9567,80.0,8,48.34,0.314
1575,S2C,14,4.8464,81.0,7,49.44,0.3102
1575,E2C,6,12.8984,0.0,0,18.58,0.0503
1575,W2C,6,12.2829,0.0,0,19.51,0.0591
1576,N2C,15,5.237,88.0,8,45.75,0.3213
1576,S2C,15,5.0335,89.0,8,47.6,0.3249
1576,E2C,6,12.805,0.0,0,18.71,0.0516
1576,W2C,7,12.2767,0.0,0,19.52,0.0652
1577,N2C,15,4.7722,97.0,9,50.21,0.34
1577,S2C,15,4.7736,98.0,9,50.19,0.3406
1577,E2C,6,12.8973,0.0,0,18.58,0.0503
1577,W2C,7,12.374,0.0,0,19.36,0.0638
1578,N2C,15,4.6074,106.0,9,52.0,0.3483
1578,S2C,15,4.4965,107.0,9,53.29,0.3506
1578,E2C,6,12.5724,0.0,0,19.06,0.055
1578,W2C,6,12.3411,0.0,0,19.41,0.0583
1579,N2C,16,4.5529,116.0,10,52.63,0.3678
1579,S2C,16,4.5828,116.0,9,52.28,0.3613
1579,E2C,7,12.8362,0.0,0,18.67,0.0572
1579,W2C,7,12.62,0.0,0,18.99,0.0603
1580,N2C,16,4.2094,126.0,10,56.92,0.3794
1580,S2C,16,4.2321,126.0,10,56.62,0.3791
1580,E2C,6,12.5695,0.0,0,19.06,0.055
1580,W2C,7,12.54,0.0,0,19.11,0.0614
1581,N2C,16,3.8431,136.0,10,62.35,0.3913
1581,S2C,16,3.9768,136.0,10,60.25,0.3894
1581,E2C,6,12.9719,0.0,0,18.47,0.0492
1581,W2C,6,12.5359,0.0,0,19.11,0.0555
1582,N2C,17,4.2419,147.0,11,56.48,0.4049
1582,S2C,17,4.2561,147.0,11,56.3,0.4047
1582,E2C,6,12.7581,0.0,0,18.78,0.0523
1582,W2C,7,12.7972,0.0,0,18.72,0.0577
1583,N2C,17,3.9983,158.0,11,59.92,0.4158
1583,S2C,17,4.06,158.0,11,59.02,0.4149
1583,E2C,6,13.1294,0.0,0,18.25,0.047
1583,W2C,7,12.6433,0.0,0,18.95,0.06
1584,N2C,17,3.6314,169.0,11,65.98,0.4284
1584,S2C,17,3.8875,169.0,11,61.63,0.4247
1584,E2C,6,12.5061,0.0,0,19.16,0.0559
1584,W2C,7,12.5014,0.0,0,19.17,0.062
1585,N2C,16,4.4291,123.0,9,54.1,0.3682
1585,S2C,16,4.8226,124.0,9,49.68,0.3632
1585,E2C,7,12.5028,0.0,0,19.16,0.062
1585,W2C,8,12.1038,0.0,0,19.8,0.0737
1586,N2C,16,4.3619,85.0,8,54.93,0.3379
1586,S2C,16,4.9185,86.0,8,48.71,0.3305
1586,E2C,7,12.3279,0.0,0,19.44,0.0645
1586,W2C,8,11.5225,0.0,0,20.79,0.0821
1587,N2C,16,4.56,54.0,6,52.54,0.3023
1587,S2C,16,4.938,58.0,6,48.52,0.2996
1587,E2C,7,11.453,0.0,0,20.92,0.0771
1587,W2C,8,10.0409,0.0,0,23.86,0.1034
1588,N2C,15,5.2451,33.0,5,45.68,0.2665
1588,S2C,16,5.7643,32.0,4,41.57,0.2583
1588,E2C,7,10.2912,0.0,0,23.28,0.0938
1588,W2C,9,9.5443,0.0,0,25.1,0.1166
1589,N2C,15,5.5322,14.0,3,43.31,0.2377
1589,S2C,15,5.5666,12.0,2,43.04,0.2298
1589,E2C,8,10.335,1.0,1,23.18,0.1059
1589,W2C,9,8.8634,1.0,1,27.03,0.133
1590,N2C,13,5.6627,3.0,1,42.31,0.2045
1590,S2C,15,5.5539,0.0,0,43.14,0.21
1590,E2C,8,9.6774,2.0,1,24.76,0.116
1590,W2C,9,8.6691,2.0,1,27.64,0.1365
1591,N2C,14,6.71,0.0,0,35.71,0.1874
1591,S2C,14,6.514,0.0,0,36.78,0.1902
1591,E2C,9,9.6369,4.0,2,24.86,0.1299
1591,W2C,10,8.8514,4.0,2,27.07,0.1472
1592,N2C,12,7.0093,0.0,0,34.18,0.1711
1592,S2C,14,7.0821,0.0,0,33.83,0.182
1592,E2C,9,9.0966,6.0,2,26.34,0.139
1592,W2C,10,8.3661,7.0,3,28.64,0.1622
1593,N2C,12,7.9119,0.0,0,30.28,0.1581
1593,S2C,12,7.2524,0.0,0,33.04,0.1676
1593,E2C,9,8.6397,8.0,2,27.73,0.1469
1593,W2C,10,7.4861,10.0,3,32.01,0.1769
1594,N2C,11,9.1904,0.0,0,26.07,0.1337
1594,S2C,13,8.4067,0.0,0,28.5,0.157
1594,E2C,10,8.6504,11.0,3,27.7,0.1608
1594,W2C,11,7.7475,13.0,3,30.93,0.1811
1595,N2C,11,9.8061,0.0,0,24.43,0.1248
1595,S2C,11,8.845,0.0,0,27.09,0.1386
1595,E2C,10,7.8636,14.0,3,30.47,0.1741
1595,W2C,11,7.2833,16.0,3,32.9,0.1898
1596,N2C,9,10.461,0.0,0,22.9,0.1034
1596,S2C,11,9.3054,0.0,0,25.75,0.132
1596,E2C,10,7.0824,17.0,3,33.83,0.1874
1596,W2C,11,6.771,20.0,4,35.39,0.2058
1597,N2C,10,11.265,0.0,0,21.27,0.0978
1597,S2C,10,10.1033,0.0,0,23.72,0.1145
1597,E2C,11,7.3448,20.0,3,32.62,0.1916
1597,W2C,12,6.7882,25.0,5,35.3,0.2209
1598,N2C,8,11.6283,0.0,0,20.6,0.0806
1598,S2C,10,10.7655,0.0,0,22.26,0.105
1598,E2C,11,7.0503,24.0,4,33.98,0.2045
1598,W2C,12,6.2441,30.0,5,38.37,0.2321
1599,N2C,8,11.8748,0.0,0,20.18,0.077
1599,S2C,8,11.2887,0.0,0,21.22,0.0855
1599,E2C,11,6.3731,28.0,4,37.6,0.2169
1599,W2C,12,5.7485,35.0,5,41.68,0.2426
1600,N2C,8,11.8716,0.0,0,20.18,0.0771
1600,S2C,8,12.3187,0.0,0,19.45,0.0706
1600,E2C,12,6.539,33.0,5,36.64,0.2298
1600,W2C,13,5.879,41.0,6,40.76,0.2567
1601,N2C,8,12.0313,0.0,0,19.91,0.0748
1601,S2C,7,12.9211,0.0,0,18.54,0.056
1601,E2C,12,6.475,38.0,5,37.0,0.2341
1601,W2C,13,5.5191,47.0,6,43.41,0.2659
1602,N2C,6,12.5786,0.0,0,19.05,0.0549
1602,S2C,7,12.5323,0.0,0,19.12,0.0615
1602,E2C,12,6.1789,43.0,5,38.78,0.2417
1602,W2C,13,5.1669,54.0,7,46.37,0.2816
1603,N2C,6,12.5828,0.0,0,19.04,0.0548
1603,S2C,6,12.965,0.0,0,18.48,0.0493
1603,E2C,13,6.3059,49.0,6,38.0,0.2559
1603,W2C,14,5.2118,61.0,7,45.97,0.2916
1604,N2C,6,12.3104,0.0,0,19.46,0.0587
1604,S2C,6,13.0156,0.0,0,18.41,0.0486
1604,E2C,13,6.0053,55.0,6,39.9,0.2642
1604,W2C,14,4.9525,69.0,8,48.38,0.3067
1605,N2C,6,12.3568,0.0,0,19.39,0.0581
1605,S2C,6,12.8042,0.0,0,18.71,0.0516
1605,E2C,13,5.5706,61.0,6,43.01,0.2745
1605,W2C,14,4.7621,77.0,8,50.31,0.3148
1606,N2C,7,12.35,0.0,0,19.4,0.0642
1606,S2C,6,12.9979,0.0,0,18.43,0.0488
1606,E2C,14,5.9284,68.0,7,40.42,0.286
1606,W2C,15,4.8606,85.0,8,49.29,0.3247
1607,N2C,7,12.1686,0.0,0,19.69,0.0668
1607,S2C,6,12.9289,0.0,0,18.53,0.0498
1607,E2C,14,5.3525,75.0,7,44.76,0.2989
1607,W2C,15,4.5326,93.0,8,52.86,0.3347
1608,N2C,6,12.3614,0.0,0,19.38,0.058
1608,S2C,6,12.4371,0.0,0,19.26,0.0569
1608,E2C,14,5.4642,82.0,7,43.85,0.302
1608,W2C,15,4.0979,101.0,8,58.47,0.3463
1609,N2C,7,12.6413,0.0,0,18.95,0.06
1609,S2C,6,12.4758,0.0,0,19.21,0.0564
1609,E2C,15,5.6067,90.0,8,42.73,0.3173
1609,W2C,16,4.4393,109.0,8,53.97,0.3527
1610,N2C,6,12.5518,0.0,0,19.09,0.0553
1610,S2C,6,12.4791,0.0,0,19.2,0.0563
1610,E2C,15,5.0381,98.0,8,47.56,0.3308
1610,W2C,16,4.0104,118.0,9,59.74,0.3709
1611,N2C,6,12.6108,0.0,0,19.0,0.0544
1611,S2C,6,12.5259,0.0,0,19.13,0.0556
1611,E2C,15,4.5716,106.0,8,52.41,0.3428
1611,W2C,16,3.7594,128.0,10,63.73,0.3872
1612,N2C,7,12.6634,0.0,0,18.92,0.0597
1612,S2C,7,12.9773,0.0,0,18.46,0.0551
1612,E2C,16,4.7291,114.0,8,50.67,0.3519
1612,W2C,17,4.2679,138.0,10,56.14,0.3925
1613,N2C,6,12.4755,0.0,0,19.21,0.0564
1613,S2C,7,12.7729,0.0,0,18.76,0.0581
1613,E2C,16,4.3794,123.0,9,54.71,0.3689
1613,W2C,17,3.9262,149.0,11,61.03,0.4108
1614,N2C,6,12.5699,0.0,0,19.06,0.055
1614,S2C,7,12.5682,0.0,0,19.06,0.061
1614,E2C,16,4.0835,133.0,10,58.67,0.3859
1614,W2C,17,3.6295,160.0,11,66.01,0.4224
1615,N2C,6,12.4776,0.0,0,19.2,0.0563
1615,S2C,7,12.9215,0.0,0,18.54,0.0559
1615,E2C,17,4.3703,143.0,10,54.82,0.3944
1615,W2C,18,4.1044,171.0,11,58.38,0.4289
1616,N2C,6,11.9894,0.0,0,19.98,0.0634
1616,S2C,7,11.9736,0.0,0,20.01,0.0696
1616,E2C,17,4.133,154.0,11,57.97,0.4112
1616,W2C,18,4.0098,183.0,12,59.75,0.4443
1617,N2C,6,12.1685,0.0,0,19.69,0.0608
1617,S2C,7,10.9252,0.0,0,21.93,0.0847
1617,E2C,17,3.9002,165.0,11,61.43,0.4218
1617,W2C,18,3.9323,195.0,12,60.93,0.4534
1618,N2C,6,12.3323,0.0,0,19.43,0.0584
1618,S2C,7,10.1377,0.0,0,23.63,0.096
1618,E2C,16,4.7234,118.0,9,50.73,0.3607
1618,W2C,17,4.7374,149.0,10,50.58,0.3931
1619,N2C,7,12.469,0.0,0,19.22,0.0625
1619,S2C,8,9.8705,1.0,1,24.27,0.1125
1619,E2C,16,4.6399,79.0,7,51.64,0.3239
1619,W2C,17,4.6666,107.0,8,51.34,0.3541
1620,N2C,7,11.8591,0.0,0,20.2,0.0712
1620,S2C,8,9.395,2.0,1,25.5,0.1201
1620,E2C,16,4.5027,48.0,6,53.21,0.2992
1620,W2C,17,5.0098,70.0,6,47.83,0.3125
1621,N2C,8,11.5371,0.0,0,20.77,0.0819
1621,S2C,9,9.4436,4.0,2,25.37,0.1327
1621,E2C,15,5.1863,25.0,4,46.2,0.256
1621,W2C,16,5.6495,39.0,5,42.41,0.2707
1622,N2C,8,10.7633,0.0,0,22.26,0.093
1622,S2C,9,9.0364,6.0,2,26.51,0.1399
1622,E2C,15,5.3326,11.0,3,44.93,0.2386
1622,W2C,16,5.7382,19.0,3,41.75,0.244
1623,N2C,8,9.49,0.0,0,25.25,0.1114
1623,S2C,9,8.3859,8.0,2,28.57,0.1506
1623,E2C,15,5.6012,2.0,1,42.78,0.2167
1623,W2C,15,5.477,3.0,1,43.75,0.2191
1624,N2C,8,9.0502,2.0,2,26.47,0.131
1624,S2C,10,8.3392,11.0,3,28.73,0.1653
1624,E2C,14,6.362,3.0,1,37.66,0.2004
1624,W2C,15,6.4711,0.0,0,37.03,0.1968
1625,N2C,9,9.1621,4.0,2,26.15,0.1367
1625,S2C,10,8.0188,14.0,3,29.88,0.1719
1625,E2C,14,6.847,0.0,0,34.99,0.1854
1625,W2C,14,6.3982,0.0,0,37.45,0.1919
1626,N2C,9,8.0337,6.0,2,29.82,0.1543
1626,S2C,10,7.8153,17.0,3,30.66,0.1768
1626,E2C,12,7.0879,0.0,0,33.8,0.1699
1626,W2C,13,6.8166,0.0,0,35.15,0.1798
1627,N2C,10,8.0774,8.0,2,29.66,0.161
1627,S2C,11,8.3309,20.0,3,28.76,0.1774
1627,E2C,12,8.1661,0.0,0,29.34,0.1544
1627,W2C,13,7.8341,0.0,0,30.58,0.1652
1628,N2C,10,7.671,10.0,2,31.23,0.1682
1628,S2C,11,7.6487,24.0,4,31.33,0.1959
1628,E2C,11,8.7743,0.0,0,27.31,0.1397
1628,W2C,12,8.3435,0.0,0,28.72,0.1519
1629,N2C,10,7.1396,13.0,3,33.56,0.1839
1629,S2C,11,6.6657,28.0,4,35.95,0.2127
1629,E2C,10,9.7792,0.0,0,24.5,0.1192
1629,W2C,12,9.3723,0.0,0,25.56,0.137
1630,N2C,11,7.1143,16.0,3,33.68,0.1922
1630,S2C,12,6.8182,32.0,4,35.14,0.2192
1630,E2C,10,10.6595,0.0,0,22.48,0.1065
1630,W2C,11,10.5148,0.0,0,22.79,0.1146
1631,N2C,11,6.789,20.0,4,35.29,0.2056
1631,S2C,12,6.2889,36.0,4,38.1,0.2294
1631,E2C,9,11.067,0.0,0,21.65,0.0946
1631,W2C,11,10.6729,0.0,0,22.45,0.1123
1632,N2C,11,6.7709,24.0,4,35.39,0.2085
1632,S2C,12,6.0226,42.0,6,39.78,0.2493
1632,E2C,8,11.7603,0.0,0,20.37,0.0787
1632,W2C,9,11.5599,0.0,0,20.73,0.0876
1633,N2C,12,7.2016,29.0,5,33.27,0.2176
1633,S2C,13,6.372,48.0,6,37.6,0.2543
1633,E2C,8,12.1755,0.0,0,19.68,0.0727
1633,W2C,8,11.9666,0.0,0,20.02,0.0757
1634,N2C,12,7.2635,34.0,5,32.99,0.2201
1634,S2C,13,5.9148,54.0,6,40.51,0.2648
1634,E2C,7,12.9633,0.0,0,18.48,0.0553
1634,W2C,8,11.892,0.0,0,20.15,0.0768
1635,N2C,12,6.912,39.0,5,34.66,0.2285
1635,S2C,13,5.6043,60.0,6,42.75,0.2733
1635,E2C,6,12.5235,0.0,0,19.13,0.0557
1635,W2C,6,11.7677,0.0,0,20.36,0.0666
1636,N2C,13,6.7458,44.0,5,35.52,0.2402
1636,S2C,14,6.0187,67.0,7,39.81,0.284
1636,E2C,7,12.8924,0.0,0,18.58,0.0564
1636,W2C,7,12.1589,0.0,0,19.71,0.0669
1637,N2C,13,5.832,49.0,5,41.08,0.2567
1637,S2C,14,5.3138,74.0,7,45.09,0.2988
1637,E2C,7,12.8545,0.0,0,18.64,0.0569
1637,W2C,6,12.4167,0.0,0,19.3,0.0572
1638,N2C,13,5.4208,55.0,6,44.2,0.2726
1638,S2C,14,4.9976,82.0,8,47.94,0.3147
1638,E2C,6,12.8013,0.0,0,18.72,0.0517
1638,W2C,6,12.3925,0.0,0,19.33,0.0576
1639,N2C,14,5.4399,61.0,6,44.05,0.2823
1639,S2C,15,4.9878,91.0,9,48.04,0.3328
1639,E2C,7,12.7995,0.0,0,18.72,0.0577
1639,W2C,7,12.5516,0.0,0,19.09,0.0613
1640,N2C,14,5.5995,68.0,7,42.79,0.2907
1640,S2C,15,4.6953,100.0,9,51.03,0.3431
1640,E2C,7,12.4728,0.0,0,19.21,0.0624
1640,W2C,6,12.5716,0.0,0,19.06,0.055
1641,N2C,14,5.4153,75.0,7,44.25,0.298
1641,S2C,15,4.488,109.0,9,53.39,0.352
1641,E2C,6,12.7005,0.0,0,18.87,0.0531
1641,W2C,6,12.4619,0.0,0,19.23,0.0566
1642,N2C,15,5.727,83.0,8,41.84,0.3109
1642,S2C,16,4.7847,118.0,9,50.08,0.3598
1642,E2C,7,13.0411,0.0,0,18.37,0.0542
1642,W2C,7,12.6288,0.0,0,18.97,0.0602
1643,N2C,15,5.0166,91.0,8,47.76,0.3264
1643,S2C,16,4.4585,127.0,9,53.74,0.3705
1643,E2C,6,12.7064,0.0,0,18.86,0.053
1643,W2C,6,12.5608,0.0,0,19.08,0.0551
1644,N2C,15,4.4778,99.0,8,53.51,0.3395
1644,S2C,16,4.1834,137.0,10,57.27,0.3871
1644,E2C,6,12.6511,0.0,0,18.94,0.0538
1644,W2C,6,12.2755,0.0,0,19.52,0.0592
1645,N2C,16,4.7496,107.0,8,50.45,0.3469
1645,S2C,17,4.3303,148.0,11,55.33,0.4043
1645,E2C,6,13.0718,0.0,0,18.33,0.0478
1645,W2C,7,12.5455,0.0,0,19.1,0.0614
1646,N2C,16,4.4046,116.0,9,54.4,0.3639
1646,S2C,17,4.0468,159.0,11,59.21,0.4157
1646,E2C,6,12.9546,0.0,0,18.5,0.0495
1646,W2C,7,12.5786,0.0,0,19.05,0.0609
1647,N2C,16,4.1809,126.0,10,57.31,0.3798
1647,S2C,17,3.9243,170.0,11,61.05,0.4248
1647,E2C,6,12.9421,0.0,0,18.51,0.0496
1647,W2C,6,12.5688,0.0,0,19.06,0.055
1648,N2C,17,4.2937,136.0,10,55.8,0.3908
1648,S2C,18,4.1736,181.0,11,57.41,0.4346
1648,E2C,5,12.7713,0.0,0,18.76,0.0461
1648,W2C,7,12.513,0.0,0,19.15,0.0618
1649,N2C,17,4.0608,146.0,10,59.0,0.4009
1649,S2C,18,3.8533,193.0,12,62.18,0.4532
1649,E2C,6,12.5153,0.0,0,19.14,0.0558
1649,W2C,7,11.6249,0.0,0,20.61,0.0746
1650,N2C,17,3.6255,157.0,11,66.09,0.4205
1650,S2C,18,3.4096,205.0,12,70.27,0.4676
1650,E2C,6,12.7002,0.0,0,18.87,0.0531
1650,W2C,7,11.198,0.0,0,21.4,0.0808
1651,N2C,16,4.5037,113.0,10,53.2,0.3665
1651,S2C,17,4.1722,157.0,11,57.43,0.4126
1651,E2C,7,12.2281,0.0,0,19.59,0.0659
1651,W2C,7,10.7375,0.0,0,22.31,0.0874
1652,N2C,16,4.4847,77.0,8,53.43,0.3308
1652,S2C,17,4.0473,115.0,9,59.2,0.3744
1652,E2C,7,11.4816,0.0,0,20.87,0.0767
1652,W2C,8,11.4317,1.0,1,20.96,0.0901
1653,N2C,16,4.5929,48.0,6,52.17,0.2979
1653,S2C,17,4.1573,81.0,8,57.63,0.3441
1653,E2C,7,10.5885,0.0,0,22.63,0.0895
1653,W2C,8,10.9257,2.0,1,21.93,0.098
1654,N2C,15,5.5946,27.0,5,42.83,0.2574
1654,S2C,18,4.7958,50.0,6,49.96,0.3083
1654,E2C,8,10.6723,1.0,1,22.45,0.101
1654,W2C,9,10.9178,3.0,1,21.95,0.1048
1655,N2C,15,5.973,13.0,3,40.11,0.2307
1655,S2C,16,4.7019,27.0,4,50.96,0.2703
1655,E2C,8,9.9202,2.0,1,24.15,0.1125
1655,W2C,9,9.957,4.0,1,24.06,0.1193
1656,N2C,14,6.2331,3.0,1,38.44,0.2023
1656,S2C,16,4.8206,12.0,2,49.7,0.2466
1656,E2C,8,9.684,3.0,1,24.74,0.1166
1656,W2C,9,8.7119,6.0,2,27.5,0.1446
1657,N2C,14,6.6811,0.0,0,35.86,0.1878
1657,S2C,15,5.7074,5.0,1,41.98,0.2172
1657,E2C,9,10.0827,5.0,2,23.76,0.1242
1657,W2C,10,8.3333,9.0,3,28.75,0.164
1658,N2C,13,7.3905,0.0,0,32.42,0.1716
1658,S2C,15,6.0765,6.0,1,39.43,0.2125
1658,E2C,9,9.898,7.0,2,24.21,0.1281
1658,W2C,10,7.9368,12.0,3,30.19,0.1717
1659,N2C,12,8.3467,0.0,0,28.71,0.1518
1659,S2C,13,6.5416,1.0,1,36.63,0.1905
1659,E2C,9,9.2623,9.0,2,25.87,0.1386
1659,W2C,10,7.4539,15.0,3,32.14,0.1807
1660,N2C,12,9.317,0.0,0,25.72,0.1378
1660,S2C,14,7.3126,0.0,0,32.77,0.1787
1660,E2C,10,8.8501,11.0,2,27.07,0.1519
1660,W2C,11,7.6809,19.0,4,31.19,0.1921
1661,N2C,11,10.1659,0.0,0,23.57,0.1196
1661,S2C,12,7.3545,0.0,0,32.58,0.1661
1661,E2C,10,7.4262,13.0,2,32.26,0.1737
1661,W2C,11,7.1149,23.0,4,33.68,0.2029
1662,N2C,10,10.467,0.0,0,22.89,0.1093
1662,S2C,12,7.7711,0.0,0,30.83,0.1601
1662,E2C,10,7.0061,16.0,3,34.2,0.1878
1662,W2C,11,6.5618,27.0,4,36.51,0.2135
1663,N2C,10,10.9818,0.0,0,21.82,0.1019
1663,S2C,11,8.7414,0.0,0,27.41,0.1401
1663,E2C,11,6.9294,19.0,3,34.58,0.1969
1663,W2C,12,6.7422,31.0,4,35.54,0.2196
1664,N2C,8,11.5876,0.0,0,20.68,0.0812
1664,S2C,11,9.4838,0.0,0,25.26,0.1294
1664,E2C,11,6.7497,23.0,4,35.5,0.2081
1664,W2C,12,6.0442,37.0,6,39.64,0.2456
1665,N2C,8,12.1191,0.0,0,19.77,0.0735
1665,S2C,9,10.0533,0.0,0,23.83,0.1092
1665,E2C,11,6.909,28.0,5,34.68,0.2152
1665,W2C,12,5.6285,43.0,6,42.57,0.2556
1666,N2C,7,12.1383,0.0,0,19.74,0.0672
1666,S2C,10,11.1058,0.0,0,21.57,0.1001
1666,E2C,12,7.3359,33.0,5,32.66,0.2184
1666,W2C,13,6.0944,49.0,6,39.31,0.2589
1667,N2C,6,12.0303,0.0,0,19.92,0.0628
1667,S2C,9,11.36,0.0,0,21.09,0.0904
1667,E2C,12,6.5469,38.0,5,36.6,0.2331
1667,W2C,13,5.8351,56.0,7,41.06,0.2733
1668,N2C,6,12.284,0.0,0,19.5,0.0591
1668,S2C,8,11.7607,0.0,0,20.37,0.0787
1668,E2C,12,5.697,43.0,5,42.06,0.2486
1668,W2C,13,5.6641,63.0,7,42.3,0.2804
1669,N2C,6,12.3725,0.0,0,19.37,0.0579
1669,S2C,7,12.0313,0.0,0,19.91,0.0688
1669,E2C,13,5.9257,48.0,5,40.43,0.2547
1669,W2C,14,5.8254,70.0,7,41.13,0.2888
1670,N2C,6,12.3881,0.0,0,19.34,0.0576
1670,S2C,7,12.3616,0.0,0,19.38,0.064
1670,E2C,13,5.5435,54.0,6,43.22,0.2702
1670,W2C,14,5.2373,77.0,7,45.75,0.3019
1671,N2C,6,12.3952,0.0,0,19.33,0.0575
1671,S2C,6,12.5892,0.0,0,19.03,0.0547
1671,E2C,13,5.0143,61.0,7,47.78,0.2885
1671,W2C,14,4.6606,85.0,8,51.41,0.3216
1672,N2C,6,12.0913,0.0,0,19.82,0.0619
1672,S2C,7,12.7693,0.0,0,18.76,0.0581
1672,E2C,14,5.3852,68.0,7,44.49,0.2938
1672,W2C,15,4.9834,93.0,8,48.08,0.3282
1673,N2C,6,12.2117,0.0,0,19.62,0.0602
1673,S2C,6,12.8761,0.0,0,18.61,0.0506
1673,E2C,14,5.1525,75.0,7,46.5,0.3018
1673,W2C,15,4.7614,102.0,9,50.32,0.3434
1674,N2C,6,11.936,0.0,0,20.07,0.0641
1674,S2C,6,12.703,0.0,0,18.86,0.0531
1674,E2C,14,4.5839,83.0,8,52.27,0.3213
1674,W2C,15,4.4652,111.0,9,53.66,0.3537
1675,N2C,6,12.0618,0.0,0,19.86,0.0623
1675,S2C,7,12.6012,0.0,0,19.01,0.0606
1675,E2C,15,4.9642,91.0,8,48.27,0.3272
1675,W2C,16,4.4553,121.0,10,53.78,0.3725
1676,N2C,6,11.8576,0.0,0,20.21,0.0653
1676,S2C,6,12.4564,0.0,0,19.24,0.0566
1676,E2C,15,4.944,99.0,8,48.46,0.3328
1676,W2C,16,4.1574,131.0,10,57.63,0.3835
1677,N2C,6,11.8918,0.0,0,20.15,0.0648
1677,S2C,6,12.7637,0.0,0,18.77,0.0522
1677,E2C,15,4.7058,108.0,9,50.92,0.3482
1677,W2C,16,3.8527,141.0,10,62.19,0.3945
1678,N2C,6,11.7836,0.0,0,20.33,0.0663
1678,S2C,7,12.7874,0.0,0,18.74,0.0579
1678,E2C,16,5.1528,117.0,9,46.5,0.3538
1678,W2C,17,4.4092,151.0,10,54.34,0.3992
1679,N2C,6,11.7879,0.0,0,20.33,0.0663
1679,S2C,7,12.7858,0.0,0,18.74,0.0579
1679,E2C,16,5.1864,126.0,9,46.2,0.3593
1679,W2C,17,4.2873,162.0,11,55.89,0.4143
1680,N2C,6,11.1623,0.0,0,21.47,0.0753
1680,S2C,7,12.4364,0.0,0,19.27,0.0629
1680,E2C,16,4.8727,135.0,9,49.17,0.3698
1680,W2C,17,3.9563,173.0,11,60.56,0.4264
1681,N2C,7,11.4711,0.0,0,20.89,0.0768
1681,S2C,8,11.6754,0.0,0,20.52,0.0799
1681,E2C,17,4.9702,144.0,9,48.21,0.3804
1681,W2C,18,4.0389,184.0,11,59.32,0.4385
1682,N2C,7,11.6365,0.0,0,20.59,0.0744
1682,S2C,8,10.1998,0.0,0,23.49,0.1011
1682,E2C,17,4.474,153.0,9,53.55,0.3936
1682,W2C,18,3.8067,196.0,12,62.94,0.4559
1683,N2C,7,11.9398,0.0,0,20.07,0.0701
1683,S2C,8,9.0462,1.0,1,26.49,0.1244
1683,E2C,17,3.9444,163.0,10,60.74,0.4139
1683,W2C,18,3.5137,208.0,12,68.19,0.4681
1684,N2C,7,11.949,0.0,0,20.05,0.0699
1684,S2C,8,8.311,2.0,1,28.83,0.1357
1684,E2C,16,4.5934,114.0,8,52.16,0.3539
1684,W2C,17,4.5555,158.0,10,52.6,0.4017
1685,N2C,8,12.1875,0.0,0,19.66,0.0725
1685,S2C,9,8.6045,4.0,2,27.85,0.1448
1685,E2C,16,4.545,78.0,8,52.72,0.3306
1685,W2C,17,4.3575,114.0,9,54.99,0.3693
1686,N2C,8,11.8608,0.0,0,20.2,0.0772
1686,S2C,9,7.9858,6.0,2,30.0,0.155
1686,E2C,16,4.6381,47.0,6,51.66,0.2965
1686,W2C,17,4.6504,77.0,7,51.52,0.3284
1687,N2C,9,11.3738,0.0,0,21.07,0.0902
1687,S2C,10,8.0514,9.0,3,29.76,0.1681
1687,E2C,15,5.3724,22.0,4,44.6,0.2513
1687,W2C,16,5.1953,46.0,5,46.12,0.2819
1688,N2C,9,10.1182,0.0,0,23.68,0.1083
1688,S2C,10,7.5595,12.0,3,31.7,0.1772
1688,E2C,15,5.5932,9.0,3,42.84,0.2335
1688,W2C,16,4.9822,22.0,4,48.09,0.2629
1689,N2C,9,9.1108,0.0,0,26.3,0.1228
1689,S2C,10,6.8938,16.0,4,34.76,0.1954
1689,E2C,13,5.7898,2.0,1,41.38,0.202
1689,W2C,15,5.1032,10.0,2,46.95,0.2352
1690,N2C,10,9.277,1.0,1,25.83,0.1331
1690,S2C,11,6.9301,20.0,4,34.57,0.2035
1690,E2C,14,6.6827,0.0,0,35.85,0.1878
1690,W2C,15,5.8485,0.0,0,40.97,0.2058
1691,N2C,10,9.0354,3.0,2,26.52,0.1439
1691,S2C,11,6.8192,24.0,4,35.14,0.2078
1691,E2C,12,7.0326,0.0,0,34.07,0.1707
1691,W2C,14,5.8965,0.0,0,40.63,0.1991
1692,N2C,10,8.2744,6.0,3,28.96,0.1629
1692,S2C,11,6.7985,29.0,5,35.24,0.2174
1692,E2C,12,7.5107,0.0,0,31.9,0.1639
1692,W2C,13,6.436,0.0,0,37.23,0.1853
1693,N2C,11,7.9675,9.0,3,30.07,0.1753
1693,S2C,12,7.1372,34.0,5,33.57,0.2219
1693,E2C,13,8.6463,0.0,0,27.71,0.1535
1693,W2C,14,7.4477,0.0,0,32.17,0.1768
1694,N2C,11,6.9309,13.0,4,34.57,0.1989
1694,S2C,12,6.5408,39.0,5,36.63,0.2338
1694,E2C,11,9.0414,0.0,0,26.5,0.1358
1694,W2C,12,8.03,0.0,0,29.84,0.1564
1695,N2C,11,6.6055,17.0,4,36.27,0.2062
1695,S2C,12,5.8804,44.0,5,40.75,0.2467
1695,E2C,11,9.7042,0.0,0,24.69,0.1263
1695,W2C,11,8.6818,0.0,0,27.6,0.141
1696,N2C,12,6.7396,21.0,4,35.55,0.213
1696,S2C,13,6.014,49.0,5,39.84,0.2541
1696,E2C,10,10.4212,0.0,0,22.99,0.1099
1696,W2C,11,9.8731,0.0,0,24.27,0.1238
1697,N2C,12,6.2843,27.0,6,38.13,0.2355
1697,S2C,13,5.8092,54.0,5,41.25,0.2604
1697,E2C,9,10.5983,0.0,0,22.61,0.1014
1697,W2C,10,10.456,0.0,0,22.92,0.1094
1698,N2C,12,5.9428,33.0,6,40.32,0.2444
1698,S2C,13,5.6632,61.0,7,42.31,0.2791
1698,E2C,8,11.0658,0.0,0,21.65,0.0887
1698,W2C,9,10.4647,0.0,0,22.9,0.1033
1699,N2C,13,6.3671,39.0,6,37.63,0.2483
1699,S2C,14,6.026,68.0,7,39.76,0.2846
1699,E2C,8,12.0375,0.0,0,19.9,0.0747
1699,W2C,9,11.4131,0.0,0,20.99,0.0897
1700,N2C,13,5.898,46.0,7,40.62,0.2657
1700,S2C,14,5.762,75.0,7,41.58,0.293
1700,E2C,7,12.1095,0.0,0,19.79,0.0676
1700,W2C,8,11.739,0.0,0,20.41,0.079
1701,N2C,13,5.6531,53.0,7,42.38,0.2739
1701,S2C,14,5.3766,82.0,7,44.56,0.3033
1701,E2C,7,12.4367,0.0,0,19.27,0.0629
1701,W2C,8,12.1608,0.0,0,19.7,0.0729
1702,N2C,14,5.6618,60.0,7,42.32,0.2845
1702,S2C,15,5.319,89.0,7,45.05,0.3147
1702,E2C,6,12.7991,0.0,0,18.72,0.0517
1702,W2C,7,12.0561,0.0,0,19.87,0.0684
1703,N2C,14,5.1575,67.0,7,46.46,0.2964
1703,S2C,15,4.7562,96.0,7,50.38,0.3275
1703,E2C,6,12.343,0.0,0,19.41,0.0583
1703,W2C,7,12.1786,0.0,0,19.67,0.0666
1704,N2C,14,4.776,74.0,7,50.17,0.3066
1704,S2C,15,4.2995,104.0,8,55.73,0.3454
1704,E2C,6,12.5322,0.0,0,19.12,0.0556
1704,W2C,6,12.3767,0.0,0,19.36,0.0578
1705,N2C,15,4.774,82.0,8,50.19,0.3239
1705,S2C,16,4.5935,113.0,9,52.16,0.3592
1705,E2C,7,12.4101,0.0,0,19.31,0.0633
1705,W2C,6,12.3652,0.0,0,19.38,0.058
1706,N2C,15,4.496,91.0,9,53.29,0.3399
1706,S2C,16,4.239,122.0,9,56.52,0.3703
1706,E2C,7,12.3846,0.0,0,19.35,0.0637
1706,W2C,7,12.6575,0.0,0,18.93,0.0597
1707,N2C,15,4.2729,100.0,9,56.07,0.3491
1707,S2C,16,3.8446,132.0,10,62.32,0.3886
1707,E2C,6,12.1945,0.0,0,19.65,0.0604
1707,W2C,7,12.284,0.0,0,19.51,0.0651
1708,N2C,16,4.5856,109.0,9,52.25,0.3566
1708,S2C,17,4.1222,142.0,10,58.12,0.3973
1708,E2C,7,12.5446,0.0,0,19.1,0.0614
1708,W2C,8,12.6472,0.0,0,18.94,0.0659
1709,N2C,16,4.3266,119.0,10,55.38,0.373
1709,S2C,17,3.8381,152.0,10,62.43,0.4081
1709,E2C,7,12.3664,0.0,0,19.38,0.0639
1709,W2C,7,12.718,0.0,0,18.84,0.0589
1710,N2C,16,4.1163,129.0,10,58.21,0.3827
1710,S2C,17,3.5442,163.0,11,67.6,0.4256
1710,E2C,6,12.3087,0.0,0,19.47,0.0588
1710,W2C,7,13.0443,0.0,0,18.37,0.0542
1711,N2C,17,4.3149,139.0,10,55.53,0.3925
1711,S2C,18,3.7584,174.0,11,63.75,0.4359
1711,E2C,6,12.3622,0.0,0,19.38,0.058
1711,W2C,8,13.0639,0.0,0,18.34,0.0599
1712,N2C,17,3.9616,150.0,11,60.48,0.411
1712,S2C,18,3.5156,186.0,12,68.15,0.4534
1712,E2C,6,12.4088,0.0,0,19.31,0.0573
1712,W2C,6,13.1098,0.0,0,18.28,0.0472
1713,N2C,17,3.6654,161.0,11,65.37,0.4226
1713,S2C,18,3.2551,198.0,12,73.61,0.4651
1713,E2C,6,12.6286,0.0,0,18.97,0.0542
1713,W2C,6,13.2204,0.0,0,18.12,0.0456
1714,N2C,18,3.9789,173.0,12,60.22,0.438
1714,S2C,19,3.8041,211.0,13,62.98,0.4779
1714,E2C,6,12.4962,0.0,0,19.17,0.0561
1714,W2C,6,13.1219,0.0,0,18.26,0.0471
1715,N2C,18,3.7115,185.0,12,64.56,0.4499
1715,S2C,19,3.8272,224.0,13,62.6,0.4862
1715,E2C,7,12.4284,0.0,0,19.28,0.063
1715,W2C,6,13.5517,0.0,0,17.68,0.0409
1716,N2C,18,3.5987,197.0,12,66.58,0.4595
1716,S2C,19,3.6669,237.0,13,65.34,0.4972
1716,E2C,7,12.1125,0.0,0,19.78,0.0676
1716,W2C,6,13.1817,0.0,0,18.18,0.0462
1717,N2C,17,4.498,154.0,10,53.27,0.3999
1717,S2C,18,4.233,182.0,11,56.6,0.4344
1717,E2C,8,11.3379,0.0,0,21.13,0.0847
1717,W2C,6,12.345,0.0,0,19.41,0.0582
1718,N2C,17,4.578,116.0,9,52.34,0.3674
1718,S2C,18,4.1131,131.0,9,58.25,0.3901
1718,E2C,8,10.1417,0.0,0,23.63,0.102
1718,W2C,6,11.6582,0.0,0,20.55,0.0681
1719,N2C,17,4.6111,79.0,7,51.96,0.3303
1719,S2C,18,4.1622,90.0,7,57.57,0.3501
1719,E2C,8,8.9455,0.0,0,26.78,0.1192
1719,W2C,6,10.3628,0.0,0,23.12,0.0868
1720,N2C,16,5.4572,47.0,5,43.91,0.2788
1720,S2C,17,4.7533,58.0,6,50.41,0.3082
1720,E2C,9,9.1881,1.0,1,26.08,0.1284
1720,W2C,6,9.9319,1.0,1,24.12,0.0997
1721,N2C,16,5.3251,25.0,3,44.99,0.254
1721,S2C,17,5.0885,32.0,4,47.09,0.2741
1721,E2C,9,8.6075,3.0,2,27.84,0.1441
1721,W2C,8,9.7147,2.0,1,24.66,0.1155
1722,N2C,16,5.5245,10.0,2,43.37,0.2351
1722,S2C,17,5.4528,13.0,3,43.94,0.2502
1722,E2C,9,8.3488,5.0,2,28.7,0.1491
1722,W2C,8,9.1131,3.0,1,26.29,0.1248
1723,N2C,15,6.4545,0.0,0,37.12,0.1971
1723,S2C,16,6.1673,2.0,1,38.85,0.2145
1723,E2C,10,8.8195,7.0,2,27.17,0.1497
1723,W2C,9,8.9274,5.0,2,26.84,0.1408
1724,N2C,15,6.855,0.0,0,34.95,0.1913
1724,S2C,16,6.6153,0.0,0,36.22,0.2007
1724,E2C,10,8.8103,10.0,3,27.2,0.1578
1724,W2C,9,8.2579,7.0,2,29.01,0.1518
1725,N2C,13,6.9979,0.0,0,34.24,0.1772
1725,S2C,14,6.5787,0.0,0,36.42,0.1893
1725,E2C,10,8.1155,13.0,3,29.52,0.1698
1725,W2C,9,7.794,9.0,2,30.74,0.1598
1726,N2C,14,7.9912,0.0,0,29.98,0.1689
1726,S2C,14,7.6198,0.0,0,31.44,0.1743
1726,E2C,11,8.1858,16.0,3,29.27,0.1768
1726,W2C,10,7.8893,12.0,3,30.37,0.1724
1727,N2C,12,8.5401,0.0,0,28.06,0.149
1727,S2C,13,8.0566,0.0,0,29.74,0.162
1727,E2C,11,7.2808,19.0,3,32.91,0.1918
1727,W2C,10,7.1694,15.0,3,33.42,0.1848
1728,N2C,12,8.9709,0.0,0,26.71,0.1428
1728,S2C,11,8.6907,0.0,0,27.57,0.1409
1728,E2C,11,6.5661,23.0,4,36.49,0.2108
1728,W2C,10,6.4335,18.0,3,37.24,0.1974
1729,N2C,11,9.9883,0.0,0,23.99,0.1222
1729,S2C,12,9.8814,0.0,0,24.25,0.1297
1729,E2C,12,6.6626,28.0,5,35.96,0.2247
1729,W2C,11,6.6288,21.0,3,36.15,0.2026
1730,N2C,11,10.8645,0.0,0,22.05,0.1096
1730,S2C,10,10.4388,0.0,0,22.95,0.1097
1730,E2C,12,6.3897,33.0,5,37.5,0.232
1730,W2C,11,6.4367,24.0,3,37.22,0.2073
1731,N2C,9,11.0468,0.0,0,21.69,0.0949
1731,S2C,10,11.3257,0.0,0,21.16,0.0969
1731,E2C,12,6.3753,39.0,6,37.58,0.2422
1731,W2C,11,5.7203,29.0,5,41.89,0.233
1732,N2C,9,11.8684,0.0,0,20.19,0.0831
1732,S2C,9,11.7082,0.0,0,20.46,0.0854
1732,E2C,12,6.0443,45.0,6,39.64,0.251
1732,W2C,12,6.0332,34.0,5,39.71,0.2378
1733,N2C,8,12.4172,0.0,0,19.3,0.0692
1733,S2C,9,11.7072,0.0,0,20.47,0.0854
1733,E2C,13,6.1348,51.0,6,39.06,0.2597
1733,W2C,12,5.8237,39.0,5,41.14,0.2441
1734,N2C,7,12.8847,0.0,0,18.6,0.0565
1734,S2C,7,12.2948,0.0,0,19.49,0.065
1734,E2C,13,5.3977,57.0,6,44.39,0.2743
1734,W2C,12,5.7661,45.0,6,41.55,0.255
1735,N2C,7,13.2569,0.0,0,18.07,0.0511
1735,S2C,7,12.3654,0.0,0,19.38,0.064
1735,E2C,14,5.5527,64.0,7,43.15,0.2887
1735,W2C,13,6.4326,51.0,6,37.25,0.2554
1736,N2C,6,12.9733,0.0,0,18.47,0.0492
1736,S2C,7,12.2118,0.0,0,19.62,0.0662
1736,E2C,14,5.2009,71.0,7,46.07,0.2984
1736,W2C,13,6.3748,57.0,6,37.59,0.2602
1737,N2C,6,13.144,0.0,0,18.23,0.0467
1737,S2C,6,12.0652,0.0,0,19.86,0.0623
1737,E2C,14,4.9563,79.0,8,48.34,0.3133
1737,W2C,13,6.2048,63.0,6,38.61,0.2667
1738,N2C,6,13.4603,0.0,0,17.8,0.0422
1738,S2C,7,12.6229,0.0,0,18.98,0.0602
1738,E2C,15,5.1635,87.0,8,46.4,0.3217
1738,W2C,14,6.8344,69.0,6,35.06,0.2676
1739,N2C,6,13.2186,0.0,0,18.13,0.0457
1739,S2C,6,12.2128,0.0,0,19.62,0.0602
1739,E2C,15,5.2694,96.0,9,45.47,0.3321
1739,W2C,14,6.6775,75.0,6,35.88,0.2739
1740,N2C,6,13.0066,0.0,0,18.42,0.0487
1740,S2C,6,12.0032,0.0,0,19.96,0.0632
1740,E2C,15,4.8981,105.0,9,48.92,0.3435
1740,W2C,14,6.5939,81.0,6,36.34,0.2791
1741,N2C,6,13.1145,0.0,0,18.27,0.0472
1741,S2C,6,12.4326,0.0,0,19.27,0.057
1741,E2C,16,5.0564,114.0,9,47.39,0.3532
1741,W2C,15,6.5021,87.0,6,36.85,0.2904
1742,N2C,6,13.0365,0.0,0,18.38,0.0483
1742,S2C,6,11.8001,0.0,0,20.3,0.0661
1742,E2C,16,4.4195,123.0,9,54.21,0.3684
1742,W2C,15,5.6982,93.0,6,42.05,0.306
1743,N2C,6,12.7381,0.0,0,18.81,0.0526
1743,S2C,6,12.0658,0.0,0,19.86,0.0623
1743,E2C,16,4.1434,133.0,10,57.83,0.385
1743,W2C,15,4.9471,99.0,6,48.43,0.3208
1744,N2C,6,12.6582,0.0,0,18.93,0.0537
1744,S2C,6,12.1958,0.0,0,19.65,0.0604
1744,E2C,17,4.478,143.0,10,53.51,0.3929
1744,W2C,16,4.9944,106.0,7,47.97,0.3368
1745,N2C,6,12.8501,0.0,0,18.65,0.051
1745,S2C,6,11.669,0.0,0,20.53,0.068
1745,E2C,17,4.1116,154.0,11,58.27,0.4115
1745,W2C,16,4.4106,114.0,8,54.32,0.3565
1746,N2C,6,12.596,0.0,0,19.02,0.0546
1746,S2C,6,11.8314,0.0,0,20.25,0.0656
1746,E2C,17,3.8296,165.0,11,62.57,0.4229
1746,W2C,16,4.179,123.0,9,57.33,0.3718
1747,N2C,6,12.8667,0.0,0,18.62,0.0507
1747,S2C,7,12.0969,0.0,0,19.81,0.0678
1747,E2C,18,4.2517,176.0,11,56.35,0.4301
1747,W2C,17,4.5292,133.0,10,52.9,0.3855
1748,N2C,6,12.443,0.0,0,19.26,0.0568
1748,S2C,7,11.994,0.0,0,19.98,0.0693
1748,E2C,18,3.9709,188.0,12,60.34,0.4482
1748,W2C,17,4.3332,144.0,11,55.29,0.4016
1749,N2C,6,11.7641,0.0,0,20.37,0.0666
1749,S2C,7,11.6776,0.0,0,20.52,0.0739
1749,E2C,18,3.445,200.0,12,69.55,0.4637
1749,W2C,17,4.0488,155.0,11,59.18,0.413
1750,N2C,6,11.2574,0.0,0,21.28,0.0739
1750,S2C,8,11.3748,0.0,0,21.06,0.0842
1750,E2C,17,4.2143,151.0,10,56.85,0.402
1750,W2C,16,4.8076,107.0,9,49.84,0.3521
1751,N2C,7,10.9666,0.0,0,21.85,0.0841
1751,S2C,8,10.935,0.0,0,21.91,0.0905
1751,E2C,17,4.0483,109.0,8,59.18,0.3644
1751,W2C,16,4.5827,69.0,7,52.28,0.318
1752,N2C,7,10.8014,0.0,0,22.18,0.0865
1752,S2C,8,10.0928,1.0,1,23.74,0.1093
1752,E2C,17,4.0168,73.0,8,59.65,0.3408
1752,W2C,16,4.8164,36.0,6,49.75,0.2866
1753,N2C,8,10.7708,0.0,0,22.25,0.0929
1753,S2C,9,9.9076,2.0,1,24.18,0.1187
1753,E2C,16,4.8811,45.0,6,49.09,0.2917
1753,W2C,15,5.4654,23.0,4,43.84,0.2506
1754,N2C,8,10.0605,1.0,1,23.82,0.1098
1754,S2C,9,9.5953,3.0,1,24.97,0.1238
1754,E2C,16,5.1686,23.0,4,46.36,0.2609
1754,W2C,15,5.6223,10.0,2,42.62,0.2277
1755,N2C,8,9.069,2.0,1,26.42,0.1248
1755,S2C,9,9.0828,4.0,1,26.38,0.1319
1755,E2C,14,5.3336,9.0,3,44.92,0.2312
1755,W2C,15,5.8701,0.0,0,40.82,0.2055
1756,N2C,9,8.6334,3.0,1,27.75,0.1377
1756,S2C,9,8.1184,6.0,2,29.51,0.1531
1756,E2C,15,6.2808,2.0,1,38.15,0.2069
1756,W2C,14,6.5203,0.0,0,36.75,0.1901
1757,N2C,9,8.2535,4.0,1,29.03,0.1438
1757,S2C,10,8.036,9.0,3,29.82,0.1683
1757,E2C,14,6.634,0.0,0,36.12,0.1885
1757,W2C,14,6.7386,0.0,0,35.56,0.187
1758,N2C,9,8.3592,5.0,1,28.66,0.143
1758,S2C,10,7.6675,12.0,3,31.25,0.1756
1758,E2C,13,7.1759,0.0,0,33.39,0.1747
1758,W2C,12,7.2939,0.0,0,32.85,0.167
1759,N2C,10,8.782,7.0,2,27.28,0.1502
1759,S2C,11,7.5844,15.0,3,31.59,0.1848
1759,E2C,14,8.4362,0.0,0,28.4,0.1625
1759,W2C,13,8.6776,0.0,0,27.61,0.1531
1760,N2C,10,8.2913,10.0,3,28.9,0.1653
1760,S2C,11,7.2783,19.0,4,32.92,0.1979
1760,E2C,12,8.7142,0.0,0,27.5,0.1465
1760,W2C,11,9.0213,0.0,0,26.56,0.1361
1761,N2C,10,7.9232,13.0,3,30.24,0.1726
1761,S2C,11,6.8626,23.0,4,34.91,0.2065
1761,E2C,11,9.4812,0.0,0,25.27,0.1295
1761,W2C,11,9.5043,0.0,0,25.21,0.1291
1762,N2C,11,8.1964,16.0,3,29.23,0.1766
1762,S2C,12,6.9926,27.0,4,34.26,0.2133
1762,E2C,11,10.358,0.0,0,23.13,0.1169
1762,W2C,10,10.4093,0.0,0,23.02,0.1101
1763,N2C,11,7.7562,20.0,4,30.89,0.1917
1763,S2C,12,6.5943,31.0,4,36.33,0.2217
1763,E2C,10,10.8643,0.0,0,22.05,0.1036
1763,W2C,10,10.9126,0.0,0,21.96,0.1029
1764,N2C,11,7.1313,24.0,4,33.6,0.2033
1764,S2C,12,6.36,36.0,5,37.67,0.2344
1764,E2C,9,11.3951,0.0,0,21.03,0.0899
1764,W2C,8,11.6716,0.0,0,20.53,0.0799
1765,N2C,12,7.0648,28.0,4,33.91,0.2129
1765,S2C,13,6.9155,42.0,6,34.65,0.2424
1765,E2C,9,11.9777,0.0,0,20.0,0.0815
1765,W2C,8,12.317,0.0,0,19.45,0.0706
1766,N2C,12,6.5608,32.0,4,36.52,0.2229
1766,S2C,13,6.2594,48.0,6,38.28,0.2559
1766,E2C,8,12.2954,0.0,0,19.49,0.071
1766,W2C,7,12.3328,0.0,0,19.43,0.0644
1767,N2C,12,6.381,37.0,5,37.55,0.2348
1767,S2C,13,5.5916,54.0,6,42.85,0.2695
1767,E2C,6,12.9363,0.0,0,18.52,0.0497
1767,W2C,6,12.2496,0.0,0,19.56,0.0596
1768,N2C,13,6.7281,42.0,5,35.61,0.2391
1768,S2C,14,5.865,61.0,7,40.85,0.2822
1768,E2C,7,12.6246,0.0,0,18.98,0.0602
1768,W2C,7,12.741,0.0,0,18.81,0.0585
1769,N2C,13,6.3935,48.0,6,37.48,0.2539
1769,S2C,14,5.4576,68.0,7,43.9,0.2927
1769,E2C,6,12.6261,0.0,0,18.98,0.0542
1769,W2C,6,12.5387,0.0,0,19.11,0.0555
1770,N2C,13,5.8176,54.0,6,41.19,0.2662
1770,S2C,14,5.1295,76.0,8,46.71,0.3088
1770,E2C,6,12.7494,0.0,0,18.79,0.0524
1770,W2C,6,12.5764,0.0,0,19.05,0.0549
1771,N2C,14,5.5477,60.0,6,43.19,0.2801
1771,S2C,15,5.4279,84.0,8,44.14,0.3158
1771,E2C,6,12.5841,0.0,0,19.04,0.0548
1771,W2C,7,12.7133,0.0,0,18.85,0.0589
1772,N2C,14,4.9631,66.0,6,48.28,0.2925
1772,S2C,15,5.3398,93.0,9,44.87,0.3291
1772,E2C,6,12.7645,0.0,0,18.77,0.0522
1772,W2C,6,12.6751,0.0,0,18.9,0.0535
1773,N2C,14,4.6782,73.0,7,51.22,0.3073
1773,S2C,15,4.7626,102.0,9,50.31,0.3434
1773,E2C,6,12.9763,0.0,0,18.46,0.0492
1773,W2C,6,12.6535,0.0,0,18.94,0.0538
1774,N2C,15,5.1414,81.0,8,46.6,0.318
1774,S2C,16,4.8006,111.0,9,49.91,0.3549
1774,E2C,6,12.8859,0.0,0,18.59,0.0505
1774,W2C,7,12.6069,0.0,0,19.01,0.0605
1775,N2C,15,4.7059,90.0,9,50.91,0.3362
1775,S2C,16,4.4272,120.0,9,54.12,0.3663
1775,E2C,6,12.9068,0.0,0,18.56,0.0502
1775,W2C,7,12.9416,0.0,0,18.51,0.0557
1776,N2C,15,4.3021,99.0,9,55.69,0.3481
1776,S2C,16,4.0009,130.0,10,59.89,0.3851
1776,E2C,6,12.7282,0.0,0,18.82,0.0527
1776,W2C,7,12.7519,0.0,0,18.79,0.0584
1777,N2C,16,4.4473,108.0,9,53.88,0.358
1777,S2C,17,4.2665,141.0,11,56.16,0.4006
1777,E2C,7,12.9458,0.0,0,18.51,0.0556
1777,W2C,5,13.0599,0.0,0,18.35,0.042
1778,N2C,16,4.1955,118.0,10,57.11,0.3743
1778,S2C,17,4.0832,152.0,11,58.68,0.4105
1778,E2C,6,12.6389,0.0,0,18.96,0.054
1778,W2C,6,12.8578,0.0,0,18.63,0.0509
1779,N2C,16,3.9463,128.0,10,60.72,0.3845
1779,S2C,17,3.6064,163.0,11,66.44,0.4247
1779,E2C,6,12.5868,0.0,0,19.04,0.0548
1779,W2C,6,12.6401,0.0,0,18.96,0.054
1780,N2C,17,4.2261,139.0,11,56.7,0.3998
1780,S2C,18,3.9457,174.0,11,60.72,0.4332
1780,E2C,7,12.648,0.0,0,18.94,0.0599
1780,W2C,6,12.9937,0.0,0,18.44,0.0489
1781,N2C,17,3.9138,150.0,11,61.22,0.4116
1781,S2C,18,3.6754,186.0,12,65.19,0.4511
1781,E2C,7,12.403,0.0,0,19.32,0.0634
1781,W2C,6,12.8543,0.0,0,18.64,0.0509
1782,N2C,17,3.7912,161.0,11,63.2,0.4207
1782,S2C,18,3.3521,198.0,12,71.48,0.4637
1782,E2C,7,12.0151,0.0,0,19.94,0.069
1782,W2C,6,12.7272,0.0,0,18.83,0.0527
1783,N2C,16,4.7813,117.0,9,50.11,0.3592
1783,S2C,17,4.1954,150.0,10,57.11,0.4016
1783,E2C,8,11.0563,0.0,0,21.67,0.0888
1783,W2C,7,13.004,0.0,0,18.43,0.0548
1784,N2C,16,4.8825,79.0,7,49.07,0.3204
1784,S2C,17,4.0304,107.0,8,59.45,0.3633
1784,E2C,8,10.4225,1.0,1,22.99,0.1046
1784,W2C,7,12.8515,0.0,0,18.64,0.057
1785,N2C,16,5.1209,51.0,6,46.79,0.2923
1785,S2C,17,4.0392,73.0,7,59.32,0.3345
1785,E2C,8,9.7385,2.0,1,24.6,0.1151
1785,W2C,7,12.3042,0.0,0,19.47,0.0648
1786,N2C,15,5.8322,30.0,4,41.08,0.25
1786,S2C,16,4.8039,45.0,6,49.88,0.2928
1786,E2C,9,10.1267,3.0,1,23.66,0.1162
1786,W2C,8,11.441,0.0,0,20.94,0.0833
1787,N2C,15,5.6777,11.0,2,42.2,0.2276
1787,S2C,16,4.9528,23.0,4,48.38,0.264
1787,E2C,9,9.7531,5.0,2,24.57,0.1289
1787,W2C,8,10.2732,0.0,0,23.32,0.1001
1788,N2C,13,5.9211,0.0,0,40.47,0.1927
1788,S2C,15,5.4262,7.0,2,44.16,0.2285
1788,E2C,9,8.786,7.0,2,27.27,0.1442
1788,W2C,8,8.9973,1.0,1,26.63,0.1251
1789,N2C,14,6.8258,0.0,0,35.1,0.1857
1789,S2C,15,6.3317,0.0,0,37.84,0.1988
1789,E2C,10,8.6397,9.0,2,27.73,0.1536
1789,W2C,9,9.1959,3.0,2,26.06,0.1356
1790,N2C,12,7.4472,0.0,0,32.17,0.1648
1790,S2C,15,6.9257,0.0,0,34.6,0.1903
1790,E2C,10,7.7214,12.0,3,31.03,0.1748
1790,W2C,9,8.5698,5.0,2,27.96,0.1459
1791,N2C,12,8.3259,0.0,0,28.78,0.1521
1791,S2C,13,7.385,0.0,0,32.44,0.1717
1791,E2C,10,7.4048,15.0,3,32.36,0.1814
1791,W2C,9,7.9535,7.0,2,30.13,0.1561
1792,N2C,11,9.5866,0.0,0,24.99,0.128
1792,S2C,14,8.3789,0.0,0,28.6,0.1634
1792,E2C,11,7.4087,18.0,3,32.34,0.1893
1792,W2C,10,8.3265,9.0,2,28.78,0.1581
1793,N2C,11,10.052,0.0,0,23.84,0.1213
1793,S2C,12,8.6354,0.0,0,27.75,0.1477
1793,E2C,11,6.791,22.0,4,35.28,0.2069
1793,W2C,10,7.6075,12.0,3,31.5,0.1765
1794,N2C,9,10.6595,0.0,0,22.48,0.1005
1794,S2C,12,9.2485,0.0,0,25.91,0.1388
1794,E2C,11,6.5622,27.0,5,36.51,0.2195
1794,W2C,10,7.5508,16.0,4,31.73,0.1859
1795,N2C,10,11.3643,0.0,0,21.08,0.0964
1795,S2C,11,10.295,0.0,0,23.27,0.1178
1795,E2C,12,6.7973,32.0,5,35.25,0.2255
1795,W2C,11,8.2714,20.0,4,28.97,0.1842
1796,N2C,8,12.0072,0.0,0,19.95,0.0751
1796,S2C,11,10.9172,0.0,0,21.95,0.1088
1796,E2C,12,6.1354,37.0,5,39.05,0.2383
1796,W2C,11,7.5598,24.0,4,31.69,0.1971
1797,N2C,8,12.4575,0.0,0,19.23,0.0686
1797,S2C,9,11.4778,0.0,0,20.88,0.0887
1797,E2C,12,5.8323,43.0,6,41.08,0.2527
1797,W2C,11,6.6216,28.0,4,36.18,0.2133
1798,N2C,7,12.9378,0.0,0,18.52,0.0557
1798,S2C,9,12.1241,0.0,0,19.76,0.0794
1798,E2C,13,6.2248,49.0,6,38.49,0.257
1798,W2C,12,6.8113,32.0,4,35.18,0.2193
1799,N2C,7,12.6764,0.0,0,18.9,0.0595
1799,S2C,8,12.5781,0.0,0,19.05,0.0669
1799,E2C,13,5.7591,56.0,7,41.6,0.2744
1799,W2C,12,6.0897,36.0,4,39.35,0.2323
1800,N2C,6,13.1352,0.0,0,18.24,0.0469
1800,S2C,6,12.9722,0.0,0,18.47,0.0492
1800,E2C,13,5.431,63.0,7,44.12,0.2838
1800,W2C,12,5.6877,42.0,6,42.13,0.2541
1801,N2C,6,13.3539,0.0,0,17.94,0.0437
1801,S2C,7,12.791,0.0,0,18.73,0.0578
1801,E2C,14,5.5774,70.0,7,42.96,0.2924
1801,W2C,13,5.8299,48.0,6,41.1,0.2621
1802,N2C,6,13.3167,0.0,0,17.99,0.0443
1802,S2C,6,12.6959,0.0,0,18.87,0.0532
1802,E2C,14,5.073,78.0,8,47.23,0.311
1802,W2C,13,5.8853,54.0,6,40.71,0.2653
1803,N2C,6,13.0185,0.0,0,18.4,0.0485
1803,S2C,6,12.6758,0.0,0,18.9,0.0535
1803,E2C,14,4.6842,86.0,8,51.15,0.3219
1803,W2C,13,5.6708,61.0,7,42.25,0.279
1804,N2C,6,13.2246,0.0,0,18.12,0.0456
1804,S2C,6,13.1844,0.0,0,18.17,0.0462
1804,E2C,15,4.9319,95.0,9,48.58,0.3363
1804,W2C,14,5.8735,68.0,7,40.79,0.2868
1805,N2C,6,13.1334,0.0,0,18.24,0.0469
1805,S2C,6,12.7835,0.0,0,18.74,0.0519
1805,E2C,15,4.6706,104.0,9,51.3,0.3461
1805,W2C,14,5.1254,75.0,7,46.75,0.3022
1806,N2C,6,13.1946,0.0,0,18.16,0.046
1806,S2C,6,12.871,0.0,0,18.62,0.0507
1806,E2C,15,4.4432,113.0,9,53.92,0.3554
1806,W2C,14,4.7273,82.0,7,50.68,0.3126
1807,N2C,7,13.1289,0.0,0,18.25,0.053
1807,S2C,6,12.797,0.0,0,18.72,0.0517
1807,E2C,16,4.8569,122.0,9,49.33,0.3614
1807,W2C,15,5.1267,89.0,7,46.74,0.3175
1808,N2C,6,12.8772,0.0,0,18.61,0.0506
1808,S2C,6,12.774,0.0,0,18.76,0.0521
1808,E2C,16,4.8163,132.0,10,49.75,0.3747
1808,W2C,15,4.8308,98.0,9,49.6,0.3398
1809,N2C,6,12.7969,0.0,0,18.72,0.0517
1809,S2C,6,12.8809,0.0,0,18.6,0.0505
1809,E2C,16,4.4163,142.0,10,54.25,0.3871
1809,W2C,15,4.6992,107.0,9,50.99,0.3477
1810,N2C,5,12.8665,0.0,0,18.62,0.0447
1810,S2C,7,12.9116,0.0,0,18.56,0.0561
1810,E2C,17,4.4943,152.0,10,53.31,0.3986
1810,W2C,16,4.958,116.0,9,48.33,0.3559
1811,N2C,6,13.1197,0.0,0,18.26,0.0471
1811,S2C,7,12.8068,0.0,0,18.71,0.0576
1811,E2C,17,4.0253,163.0,11,59.52,0.4187
1811,W2C,16,4.65,125.0,9,51.53,0.3664
1812,N2C,6,12.9879,0.0,0,18.45,0.049
1812,S2C,6,12.6131,0.0,0,19.0,0.0544
1812,E2C,17,3.612,174.0,11,66.34,0.432
1812,W2C,16,4.477,135.0,10,53.52,0.3815
1813,N2C,6,13.0572,0.0,0,18.35,0.048
1813,S2C,7,12.2571,0.0,0,19.55,0.0655
1813,E2C,18,3.9079,185.0,11,61.31,0.4411
1813,W2C,17,4.5232,145.0,10,52.97,0.3935
1814,N2C,6,12.9083,0.0,0,18.56,0.0501
1814,S2C,7,11.36,0.0,0,21.09,0.0784
1814,E2C,18,3.7012,197.0,12,64.74,0.458
1814,W2C,17,4.1455,155.0,10,57.8,0.4056
1815,N2C,6,13.0093,0.0,0,18.42,0.0487
1815,S2C,7,10.9523,0.0,0,21.88,0.0843
1815,E2C,18,3.611,209.0,12,66.35,0.4673
1815,W2C,17,3.8191,165.0,10,62.74,0.417
1816,N2C,7,12.2342,0.0,0,19.58,0.0658
1816,S2C,7,10.3965,1.0,1,23.05,0.099
1816,E2C,17,4.5897,159.0,11,52.2,0.4079
1816,W2C,16,4.8645,119.0,9,49.26,0.3593
1817,N2C,7,11.6185,0.0,0,20.62,0.0747
1817,S2C,8,10.1777,2.0,1,23.54,0.1088
1817,E2C,17,4.5598,117.0,9,52.55,0.3683
1817,W2C,16,4.6544,80.0,8,51.48,0.3303
1818,N2C,7,10.9318,0.0,0,21.92,0.0846
1818,S2C,8,9.7346,3.0,1,24.61,0.1158
1818,E2C,17,4.4587,79.0,7,53.74,0.3325
1818,W2C,16,4.5997,50.0,6,52.09,0.2991
1819,N2C,8,10.5247,1.0,1,22.77,0.1031
1819,S2C,9,9.8843,5.0,2,24.24,0.127
1819,E2C,16,5.028,47.0,5,47.65,0.2849
1819,W2C,15,5.2733,27.0,4,45.44,0.2561
1820,N2C,8,10.1598,2.0,1,23.58,0.109
1820,S2C,9,9.3417,7.0,2,25.65,0.1362
1820,E2C,16,4.9131,22.0,3,48.77,0.2579
1820,W2C,15,5.4238,9.0,2,44.18,0.2299
1821,N2C,8,9.2086,4.0,2,26.02,0.1301
1821,S2C,9,8.4046,9.0,2,28.51,0.151
1821,E2C,16,5.2311,7.0,2,45.8,0.2373
1821,W2C,15,5.7723,1.0,1,41.51,0.2136
1822,N2C,8,8.5671,6.0,2,27.97,0.1406
1822,S2C,10,8.2298,11.0,2,29.11,0.1608
1822,E2C,15,6.1052,1.0,1,39.25,0.2088
1822,W2C,14,6.494,0.0,0,36.9,0.1905
1823,N2C,9,8.5763,8.0,2,27.94,0.1478
1823,S2C,10,7.3517,14.0,3,32.59,0.1815
1823,E2C,15,6.4331,0.0,0,37.24,0.1974
1823,W2C,14,7.3124,0.0,0,32.77,0.1787
1824,N2C,9,8.5336,11.0,3,28.08,0.1565
1824,S2C,10,6.8323,18.0,4,35.07,0.1976
1824,E2C,13,6.9925,0.0,0,34.27,0.1773
1824,W2C,12,7.7027,0.0,0,31.11,0.1611
1825,N2C,10,8.753,14.0,3,27.37,0.1613
1825,S2C,11,7.1135,22.0,4,33.68,0.2022
1825,E2C,14,8.011,0.0,0,29.91,0.1687
1825,W2C,12,8.8964,0.0,0,26.93,0.1439
1826,N2C,10,8.0621,17.0,3,29.72,0.1732
1826,S2C,11,6.9386,26.0,4,34.53,0.2074
1826,E2C,12,8.315,0.0,0,28.82,0.1523
1826,W2C,11,9.2637,0.0,0,25.86,0.1326
1827,N2C,10,7.5834,20.0,3,31.6,0.1821
1827,S2C,11,6.9551,31.0,5,34.45,0.2165
1827,E2C,11,8.9074,0.0,0,26.9,0.1377
1827,W2C,10,9.6382,0.0,0,24.86,0.1212
1828,N2C,11,7.7571,23.0,3,30.89,0.1876
1828,S2C,12,7.4564,36.0,5,32.13,0.2186
1828,E2C,11,9.9132,0.0,0,24.17,0.1233
1828,W2C,10,10.6128,0.0,0,22.58,0.1072
1829,N2C,11,6.9921,27.0,4,34.27,0.2073
1829,S2C,12,7.0066,41.0,5,34.2,0.2284
1829,E2C,10,10.4314,0.0,0,22.97,0.1098
1829,W2C,10,11.3023,0.0,0,21.2,0.0973
1830,N2C,11,6.6605,31.0,4,35.97,0.2148
1830,S2C,12,6.1897,46.0,5,38.71,0.2435
1830,E2C,9,11.0333,0.0,0,21.72,0.0951
1830,W2C,8,11.7084,0.0,0,20.46,0.0794
1831,N2C,12,6.5727,36.0,5,36.45,0.2314
1831,S2C,13,6.2628,51.0,5,38.26,0.2518
1831,E2C,9,11.6543,0.0,0,20.56,0.0862
1831,W2C,9,12.4428,0.0,0,19.26,0.0748
1832,N2C,12,6.3677,41.0,5,37.63,0.2376
1832,S2C,13,6.104,57.0,6,39.25,0.2641
1832,E2C,8,12.1363,0.0,0,19.74,0.0733
1832,W2C,7,12.6469,0.0,0,18.95,0.0599
1833,N2C,12,5.8749,46.0,5,40.78,0.2481
1833,S2C,13,5.678,64.0,7,42.2,0.2809
1833,E2C,6,12.2286,0.0,0,19.59,0.0599
1833,W2C,6,13.1551,0.0,0,18.21,0.0466
1834,N2C,13,6.3462,52.0,6,37.75,0.2573
1834,S2C,14,5.6061,71.0,7,42.74,0.2926
1834,E2C,7,12.3076,0.0,0,19.47,0.0648
1834,W2C,6,12.9375,0.0,0,18.52,0.0497
1835,N2C,13,5.704,58.0,6,42.01,0.2705
1835,S2C,14,5.1774,78.0,7,46.28,0.3035
1835,E2C,6,12.4821,0.0,0,19.2,0.0563
1835,W2C,6,13.0672,0.0,0,18.34,0.0478
1836,N2C,13,5.1393,64.0,6,46.62,0.2827
1836,S2C,14,4.7695,86.0,8,50.24,0.3207
1836,E2C,6,12.2508,0.0,0,19.56,0.0596
1836,W2C,6,12.9513,0.0,0,18.5,0.0495
1837,N2C,14,5.5606,70.0,6,43.09,0.2866
1837,S2C,15,5.1643,94.0,8,46.4,0.3263
1837,E2C,6,11.9491,0.0,0,20.05,0.0639
1837,W2C,5,12.8592,0.0,0,18.63,0.0448
1838,N2C,14,5.364,77.0,7,44.67,0.3001
1838,S2C,15,5.0897,103.0,9,47.08,0.3394
1838,E2C,6,11.8621,0.0,0,20.2,0.0652
1838,W2C,6,12.6135,0.0,0,19.0,0.0544
1839,N2C,14,5.5324,85.0,8,43.31,0.309
1839,S2C,15,4.8892,112.0,9,49.01,0.3483
1839,E2C,6,12.0361,0.0,0,19.91,0.0627
1839,W2C,6,12.5066,0.0,0,19.16,0.0559
1840,N2C,15,5.5907,93.0,8,42.86,0.3195
1840,S2C,16,5.0805,121.0,9,47.16,0.3575
1840,E2C,6,11.8811,0.0,0,20.17,0.0649
1840,W2C,7,12.6665,0.0,0,18.92,0.0596
1841,N2C,15,5.1117,101.0,8,46.87,0.3317
1841,S2C,16,4.4629,130.0,9,53.69,0.3724
1841,E2C,7,11.8686,0.0,0,20.19,0.0711
1841,W2C,6,12.5989,0.0,0,19.02,0.0546
1842,N2C,15,4.5435,109.0,8,52.73,0.3452
1842,S2C,16,4.2803,139.0,9,55.98,0.381
1842,E2C,7,11.9843,0.0,0,19.99,0.0694
1842,W2C,6,12.3489,0.0,0,19.4,0.0582
1843,N2C,16,4.6952,117.0,8,51.03,0.3544
1843,S2C,17,4.3114,149.0,10,55.57,0.3993
1843,E2C,7,12.1307,0.0,0,19.75,0.0673
1843,W2C,6,12.648,0.0,0,18.94,0.0539
1844,N2C,16,4.2022,126.0,9,57.02,0.3735
1844,S2C,17,4.0038,159.0,10,59.84,0.4103
1844,E2C,6,12.3457,0.0,0,19.41,0.0582
1844,W2C,6,12.1247,0.0,0,19.76,0.0614
1845,N2C,16,3.9723,135.0,9,60.32,0.3828
1845,S2C,17,3.6063,170.0,11,66.44,0.4294
1845,E2C,6,12.2991,0.0,0,19.48,0.0589
1845,W2C,6,12.5289,0.0,0,19.12,0.0556
1846,N2C,17,4.5322,145.0,10,52.87,0.3934
1846,S2C,18,3.9549,182.0,12,60.58,0.4444
1846,E2C,6,11.8833,0.0,0,20.16,0.0649
1846,W2C,7,12.0139,0.0,0,19.94,0.069
1847,N2C,17,4.5136,156.0,11,53.08,0.407
1847,S2C,18,3.6425,194.0,12,65.78,0.4569
1847,E2C,7,11.7548,0.0,0,20.38,0.0727
1847,W2C,7,11.2025,0.0,0,21.39,0.0807
1848,N2C,17,4.1899,167.0,11,57.18,0.419
1848,S2C,18,3.4124,206.0,12,70.21,0.4682
1848,E2C,7,10.6733,0.0,0,22.45,0.0883
1848,W2C,7,10.5642,1.0,1,22.68,0.0966
1849,N2C,16,4.7181,118.0,9,50.78,0.3607
1849,S2C,17,4.0922,153.0,10,58.55,0.4051
1849,E2C,8,10.9891,0.0,0,21.8,0.0898
1849,W2C,8,10.718,2.0,1,22.36,0.101
1850,N2C,16,4.3835,78.0,7,54.66,0.3269
1850,S2C,17,3.9325,109.0,9,60.93,0.372
1850,E2C,8,10.7523,0.0,0,22.28,0.0932
1850,W2C,8,10.0381,3.0,1,23.87,0.1115
1851,N2C,16,4.4813,46.0,5,53.47,0.2921
1851,S2C,17,4.2898,73.0,7,55.85,0.3309
1851,E2C,8,10.1805,1.0,1,23.54,0.1081
1851,W2C,8,9.4584,4.0,1,25.33,0.1205
1852,N2C,15,5.1173,23.0,4,46.82,0.2557
1852,S2C,16,5.0078,43.0,5,47.85,0.2826
1852,E2C,8,9.4813,2.0,1,25.27,0.1188
1852,W2C,9,8.7772,5.0,1,27.3,0.137
1853,N2C,15,5.4432,10.0,3,44.02,0.2363
1853,S2C,16,5.2693,24.0,4,45.47,0.2601
1853,E2C,9,9.5792,3.0,1,25.01,0.1241
1853,W2C,9,8.6853,6.0,1,27.59,0.1389
1854,N2C,15,6.2525,2.0,1,38.32,0.2073
1854,S2C,15,5.2505,7.0,2,45.63,0.2311
1854,E2C,9,9.0367,5.0,2,26.51,0.1392
1854,W2C,9,8.0547,9.0,3,29.75,0.162
1855,N2C,14,7.0139,0.0,0,34.16,0.183
1855,S2C,15,6.0609,1.0,1,39.53,0.2094
1855,E2C,10,9.0862,7.0,2,26.37,0.1458
1855,W2C,10,8.7871,12.0,3,27.27,0.1595
1856,N2C,14,7.547,0.0,0,31.75,0.1753
1856,S2C,14,6.4647,0.0,0,37.06,0.1909
1856,E2C,10,8.6078,9.0,2,27.84,0.1541
1856,W2C,10,8.5957,15.0,3,27.87,0.1642
1857,N2C,12,7.8,0.0,0,30.72,0.1597
1857,S2C,13,7.2611,0.0,0,33.0,0.1734
1857,E2C,10,8.1183,12.0,3,29.51,0.1691
1857,W2C,10,8.1319,18.0,3,29.46,0.1729
1858,N2C,13,8.619,0.0,0,27.8,0.1539
1858,S2C,13,8.228,0.0,0,29.12,0.1595
1858,E2C,11,8.4418,15.0,3,28.38,0.1724
1858,W2C,11,8.4432,21.0,3,28.38,0.1764
1859,N2C,11,9.0187,0.0,0,26.57,0.1361
1859,S2C,12,8.5428,0.0,0,28.05,0.149
1859,E2C,11,7.8101,18.0,3,30.68,0.1835
1859,W2C,11,7.8638,24.0,3,30.47,0.1868
1860,N2C,11,9.6171,0.0,0,24.91,0.1275
1860,S2C,11,9.0607,0.0,0,26.44,0.1355
1860,E2C,11,7.011,21.0,3,34.17,0.197
1860,W2C,11,7.1822,27.0,3,33.36,0.1986
1861,N2C,10,10.621,0.0,0,22.56,0.1071
1861,S2C,11,10.2914,0.0,0,23.28,0.1178
1861,E2C,12,6.8683,25.0,4,34.88,0.2138
1861,W2C,12,6.9228,31.0,4,34.61,0.217
1862,N2C,10,11.2731,0.0,0,21.25,0.0977
1862,S2C,10,11.0188,0.0,0,21.74,0.1013
1862,E2C,12,6.5498,29.0,4,36.58,0.221
1862,W2C,12,6.2668,35.0,4,38.23,0.2291
1863,N2C,8,11.7048,0.0,0,20.47,0.0795
1863,S2C,9,11.4359,0.0,0,20.95,0.0893
1863,E2C,12,6.4751,35.0,6,37.0,0.2381
1863,W2C,12,5.6823,40.0,5,42.17,0.2468
1864,N2C,7,12.612,0.0,0,19.0,0.0604
1864,S2C,8,12.0672,0.0,0,19.86,0.0742
1864,E2C,13,6.819,41.0,6,35.14,0.2431
1864,W2C,13,5.8542,46.0,6,40.93,0.2604
1865,N2C,7,12.7998,0.0,0,18.72,0.0577
1865,S2C,8,12.0051,0.0,0,19.96,0.0751
1865,E2C,13,6.1867,47.0,6,38.73,0.2563
1865,W2C,13,5.3484,53.0,7,44.8,0.2783
1866,N2C,6,12.7776,0.0,0,18.75,0.052
1866,S2C,6,12.1227,0.0,0,19.76,0.0614
1866,E2C,13,5.5995,53.0,6,42.79,0.2687
1866,W2C,13,5.009,60.0,7,47.83,0.2879
1867,N2C,6,13.0926,0.0,0,18.3,0.0475
1867,S2C,7,12.8266,0.0,0,18.68,0.0573
1867,E2C,14,5.6335,59.0,6,42.53,0.2782
1867,W2C,14,5.552,67.0,7,43.16,0.2907
1868,N2C,6,12.5558,0.0,0,19.08,0.0552
1868,S2C,7,12.8027,0.0,0,18.71,0.0577
1868,E2C,14,5.502,65.0,6,43.55,0.2841
1868,W2C,14,5.3597,75.0,8,44.7,0.3048
1869,N2C,6,12.7852,0.0,0,18.74,0.0519
1869,S2C,7,12.5562,0.0,0,19.08,0.0612
1869,E2C,14,5.0359,73.0,8,47.58,0.3082
1869,W2C,14,5.3739,83.0,8,44.59,0.31
1870,N2C,5,12.8134,0.0,0,18.7,0.0455
1870,S2C,8,12.6785,0.0,0,18.9,0.0654
1870,E2C,15,5.2597,81.0,8,45.55,0.3163
1870,W2C,15,5.7425,91.0,8,41.72,0.316
1871,N2C,6,12.8416,0.0,0,18.66,0.0511
1871,S2C,7,12.5313,0.0,0,19.12,0.0616
1871,E2C,15,4.7623,90.0,9,50.31,0.3354
1871,W2C,15,5.3098,99.0,8,45.12,0.3275
1872,N2C,6,12.7353,0.0,0,18.81,0.0526
1872,S2C,7,12.9439,0.0,0,18.51,0.0556
1872,E2C,15,4.4868,99.0,9,53.4,0.3454
1872,W2C,15,4.759,107.0,8,50.35,0.3408
1873,N2C,7,12.8593,0.0,0,18.63,0.0568
1873,S2C,6,13.2848,0.0,0,18.04,0.0447
1873,E2C,16,4.6,109.0,10,52.09,0.3624
1873,W2C,16,4.9503,115.0,8,48.4,0.3494
1874,N2C,7,12.6733,0.0,0,18.91,0.0595
1874,S2C,6,12.9089,0.0,0,18.56,0.0501
1874,E2C,16,4.3425,119.0,10,55.18,0.3728
1874,W2C,16,4.7082,123.0,8,50.89,0.3582
1875,N2C,7,12.7573,0.0,0,18.78,0.0583
1875,S2C,6,13.1949,0.0,0,18.16,0.046
1875,E2C,16,3.998,129.0,10,59.93,0.3844
1875,W2C,16,4.5356,133.0,10,52.83,0.3794
1876,N2C,6,13.0104,0.0,0,18.42,0.0487
1876,S2C,5,12.7379,0.0,0,18.81,0.0466
1876,E2C,17,4.3675,139.0,10,54.86,0.3918
1876,W2C,17,4.6429,143.0,10,51.61,0.3905
1877,N2C,6,13.0871,0.0,0,18.31,0.0476
1877,S2C,6,13.2951,0.0,0,18.02,0.0446
1877,E2C,17,4.0119,149.0,10,59.72,0.4036
1877,W2C,17,4.2164,153.0,10,56.83,0.4033
1878,N2C,6,13.0537,0.0,0,18.35,0.048
1878,S2C,6,12.9811,0.0,0,18.46,0.0491
1878,E2C,17,3.7592,160.0,11,63.74,0.4205
1878,W2C,17,3.9957,164.0,11,59.96,0.4198
1879,N2C,7,12.5805,0.0,0,19.05,0.0609
1879,S2C,7,13.0871,0.0,0,18.31,0.0536
1879,E2C,18,4.206,172.0,12,56.97,0.4341
1879,W2C,18,4.248,175.0,11,56.4,0.4295
1880,N2C,7,11.6157,0.0,0,20.63,0.0747
1880,S2C,7,12.8234,0.0,0,18.68,0.0574
1880,E2C,18,3.8931,184.0,12,61.55,0.4466
1880,W2C,18,3.9231,187.0,12,61.07,0.4482
1881,N2C,7,10.8663,0.0,0,22.05,0.0855
1881,S2C,7,11.9155,0.0,0,20.11,0.0704
1881,E2C,18,3.7552,196.0,12,63.8,0.4566
1881,W2C,18,3.5725,199.0,12,67.07,0.4612
1882,N2C,7,10.3753,1.0,1,23.09,0.0993
1882,S2C,8,11.275,0.0,0,21.25,0.0857
1882,E2C,17,4.4187,147.0,10,54.22,0.3964
1882,W2C,17,4.1075,148.0,11,58.33,0.4075
1883,N2C,8,10.183,2.0,1,23.53,0.1087
1883,S2C,8,10.2087,0.0,0,23.47,0.101
1883,E2C,17,4.3734,108.0,9,54.79,0.365
1883,W2C,17,3.9539,106.0,9,60.6,0.3697
1884,N2C,8,9.304,3.0,1,25.75,0.122
1884,S2C,8,9.3771,2.0,2,25.55,0.1263
1884,E2C,17,4.1431,73.0,7,57.83,0.333
1884,W2C,17,3.8472,73.0,8,62.28,0.3433
1885,N2C,9,9.1385,5.0,2,26.22,0.1377
1885,S2C,9,9.3003,4.0,2,25.76,0.1348
1885,E2C,16,4.9262,46.0,5,48.64,0.2857
1885,W2C,16,4.7325,42.0,6,50.63,0.2919
1886,N2C,9,8.8628,7.0,2,27.03,0.1431
1886,S2C,9,8.9055,6.0,2,26.9,0.1418
1886,E2C,16,5.0005,22.0,4,47.91,0.2627
1886,W2C,16,5.0258,24.0,4,47.67,0.2636
1887,N2C,9,8.6043,9.0,2,27.85,0.1481
1887,S2C,9,8.2746,9.0,3,28.96,0.1589
1887,E2C,16,5.2108,7.0,2,45.98,0.2376
1887,W2C,14,5.2379,11.0,3,45.74,0.2339
1888,N2C,10,9.2884,12.0,3,25.8,0.1523
1888,S2C,10,8.2608,12.0,3,29.0,0.1671
1888,E2C,15,6.0493,0.0,0,39.61,0.2029
1888,W2C,15,6.1044,2.0,1,39.25,0.2094
1889,N2C,10,8.8317,15.0,3,27.13,0.1608
1889,S2C,10,7.3682,15.0,3,32.52,0.1819
1889,E2C,15,6.5387,0.0,0,36.64,0.1958
1889,W2C,14,6.0746,0.0,0,39.44,0.1965
1890,N2C,10,7.9522,18.0,3,30.13,0.1755
1890,S2C,10,7.0745,19.0,4,33.87,0.1948
1890,E2C,13,6.9468,0.0,0,34.49,0.178
1890,W2C,13,6.4636,0.0,0,37.07,0.1849
1891,N2C,11,7.8079,21.0,3,30.69,0.1856
1891,S2C,11,7.2486,23.0,4,33.05,0.201
1891,E2C,14,8.0724,0.0,0,29.68,0.1678
1891,W2C,14,7.8988,0.0,0,30.33,0.1703
1892,N2C,11,6.8016,24.0,3,35.23,0.2021
1892,S2C,11,6.8948,27.0,4,34.75,0.2087
1892,E2C,12,8.5832,0.0,0,27.91,0.1484
1892,W2C,12,8.2927,0.0,0,28.89,0.1526
1893,N2C,11,6.5605,28.0,4,36.52,0.2142
1893,S2C,11,6.7999,32.0,5,35.24,0.2194
1893,E2C,11,9.2102,0.0,0,26.01,0.1334
1893,W2C,11,8.9907,0.0,0,26.65,0.1365
1894,N2C,11,6.2627,33.0,5,38.26,0.2278
1894,S2C,12,6.9019,37.0,5,34.72,0.2273
1894,E2C,11,10.1248,0.0,0,23.66,0.1202
1894,W2C,11,10.0437,0.0,0,23.86,0.1214
1895,N2C,12,6.169,38.0,5,38.84,0.2385
1895,S2C,12,6.2841,42.0,5,38.13,0.2395
1895,E2C,10,10.5976,0.0,0,22.61,0.1074
1895,W2C,10,10.7905,0.0,0,22.2,0.1046
1896,N2C,12,5.7207,44.0,6,41.88,0.255
1896,S2C,12,5.9229,47.0,5,40.45,0.2481
1896,E2C,9,11.2882,0.0,0,21.23,0.0915
1896,W2C,9,11.4942,0.0,0,20.85,0.0885
1897,N2C,13,6.0495,50.0,6,39.61,0.2602
1897,S2C,13,5.9543,53.0,6,40.24,0.2636
1897,E2C,8,11.9954,0.0,0,19.97,0.0753
1897,W2C,8,12.2334,0.0,0,19.59,0.0719
1898,N2C,13,6.0175,56.0,6,39.82,0.2647
1898,S2C,13,5.5952,60.0,7,42.82,0.2794
1898,E2C,8,12.177,0.0,0,19.68,0.0727
1898,W2C,8,12.4394,0.0,0,19.26,0.0689
1899,N2C,13,5.4638,63.0,7,43.85,0.2833
1899,S2C,13,5.3685,67.0,7,44.63,0.2874
1899,E2C,6,12.7537,0.0,0,18.79,0.0524
1899,W2C,6,12.5726,0.0,0,19.06,0.055
1900,N2C,14,5.9719,70.0,7,40.12,0.2867
1900,S2C,14,5.3459,74.0,7,44.82,0.2984
1900,E2C,7,12.6672,0.0,0,18.92,0.0596
1900,W2C,7,12.8942,0.0,0,18.58,0.0563
1901,N2C,14,5.3389,77.0,7,44.88,0.3005
1901,S2C,14,5.0335,81.0,7,47.6,0.3075
1901,E2C,7,12.6971,0.0,0,18.87,0.0592
1901,W2C,7,12.8358,0.0,0,18.67,0.0572
1902,N2C,14,4.9593,84.0,7,48.31,0.3106
1902,S2C,14,4.6882,89.0,8,51.11,0.3238
1902,E2C,7,12.5049,0.0,0,19.16,0.0619
1902,W2C,7,12.557,0.0,0,19.08,0.0612
1903,N2C,15,4.9503,92.0,8,48.4,0.3281
1903,S2C,15,5.0946,97.0,8,47.03,0.3293
1903,E2C,6,12.7821,0.0,0,18.75,0.052
1903,W2C,7,12.9557,0.0,0,18.49,0.0555
1904,N2C,15,4.6758,101.0,9,51.24,0.344
1904,S2C,15,4.7739,105.0,8,50.19,0.3393
1904,E2C,6,12.5613,0.0,0,19.07,0.0551
1904,W2C,7,12.7943,0.0,0,18.73,0.0578
1905,N2C,15,4.4216,110.0,9,54.19,0.3537
1905,S2C,15,4.6431,114.0,9,51.6,0.3531
1905,E2C,6,12.5667,0.0,0,19.07,0.0551
1905,W2C,6,12.7715,0.0,0,18.76,0.0521
1906,N2C,16,4.7786,119.0,9,50.14,0.3605
1906,S2C,16,4.8054,123.0,9,49.86,0.3628
1906,E2C,5,12.3961,0.0,0,19.33,0.0515
1906,W2C,7,13.2548,0.0,0,18.08,0.0511
1907,N2C,16,4.6699,129.0,10,51.31,0.3748
1907,S2C,16,4.6255,132.0,9,51.8,0.3714
1907,E2C,6,12.9021,0.0,0,18.57,0.0502
1907,W2C,6,13.2735,0.0,0,18.05,0.0449
1908,N2C,16,4.4334,139.0,10,54.04,0.3848
1908,S2C,16,4.4377,141.0,9,53.99,0.3801
1908,E2C,6,12.5292,0.0,0,19.12,0.0556
1908,W2C,6,13.4309,0.0,0,17.84,0.0426
1909,N2C,17,4.6708,149.0,10,51.3,0.3941
1909,S2C,17,4.6956,151.0,10,51.03,0.3951
1909,E2C,6,12.5631,0.0,0,19.07,0.0551
1909,W2C,6,13.2118,0.0,0,18.14,0.0458
1910,N2C,17,4.3302,159.0,10,55.33,0.4056
1910,S2C,17,4.212,161.0,10,56.88,0.4087
1910,E2C,6,12.2773,0.0,0,19.52,0.0592
1910,W2C,6,12.9285,0.0,0,18.53,0.0498
1911,N2C,17,3.7158,169.0,10,64.48,0.4212
1911,S2C,17,3.8698,172.0,11,61.92,0.4269
1911,E2C,6,12.5227,0.0,0,19.13,0.0557
1911,W2C,6,13.2688,0.0,0,18.06,0.0449
1912,N2C,18,3.8419,180.0,11,62.36,0.4387
1912,S2C,18,4.1592,183.0,11,57.61,0.4361
1912,E2C,7,12.5296,0.0,0,19.12,0.0616
1912,W2C,6,13.0699,0.0,0,18.33,0.0478
1913,N2C,18,3.6081,192.0,12,66.41,0.456
1913,S2C,18,3.8506,195.0,12,62.22,0.4546
1913,E2C,7,12.4718,0.0,0,19.21,0.0624
1913,W2C,6,13.0834,0.0,0,18.31,0.0476
1914,N2C,18,3.3155,204.0,12,72.27,0.4683
1914,S2C,18,3.5029,207.0,12,68.4,0.4676
1914,E2C,7,12.5988,0.0,0,19.02,0.0606
1914,W2C,6,12.8387,0.0,0,18.66,0.0511
1915,N2C,17,4.0768,152.0,11,58.77,0.4106
1915,S2C,17,4.4325,155.0,10,54.06,0.4015
1915,E2C,8,11.7597,0.0,0,20.37,0.0787
1915,W2C,7,12.171,0.0,0,19.69,0.0668
1916,N2C,17,3.9962,111.0,9,59.96,0.3725
1916,S2C,17,4.3652,108.0,8,54.89,0.3591
1916,E2C,8,10.9263,0.0,0,21.93,0.0907
1916,W2C,7,11.2075,0.0,0,21.38,0.0806
1917,N2C,17,4.2125,73.0,7,56.88,0.332
1917,S2C,17,4.3094,71.0,7,55.6,0.3293
1917,E2C,8,9.4284,0.0,0,25.41,0.1122
1917,W2C,7,10.596,0.0,0,22.61,0.0894
1918,N2C,16,5.2973,46.0,6,45.23,0.2864
1918,S2C,16,4.9228,40.0,5,48.67,0.2818
1918,E2C,8,8.8951,0.0,0,26.94,0.1199
1918,W2C,8,10.2873,1.0,1,23.29,0.1065
1919,N2C,16,5.5112,22.0,4,43.48,0.2553
1919,S2C,16,5.0845,20.0,4,47.12,0.2601
1919,E2C,9,9.1109,2.0,2,26.3,0.1361
1919,W2C,8,9.491,2.0,1,25.25,0.1187
1920,N2C,15,5.7196,9.0,2,41.89,0.2256
1920,S2C,15,5.4258,6.0,2,44.16,0.2279
1920,E2C,9,8.6544,4.0,2,27.69,0.1441
1920,W2C,8,9.2033,3.0,1,26.03,0.1235
1921,N2C,15,6.3038,0.0,0,38.01,0.1992
1921,S2C,15,6.2009,3.0,1,38.64,0.2087
1921,E2C,10,8.8579,6.0,2,27.05,0.1485
1921,W2C,9,9.0345,4.0,1,26.52,0.1326
1922,N2C,14,6.5804,0.0,0,36.41,0.1892
1922,S2C,14,6.5464,0.0,0,36.6,0.1897
1922,E2C,10,8.3539,9.0,3,28.68,0.1637
1922,W2C,9,8.8451,6.0,2,27.09,0.1426
1923,N2C,13,7.4456,0.0,0,32.18,0.1708
1923,S2C,13,7.204,0.0,0,33.26,0.1743
1923,E2C,10,7.6362,12.0,3,31.38,0.176
1923,W2C,9,7.9647,8.0,2,30.08,0.1567
1924,N2C,14,8.5852,0.0,0,27.91,0.1604
1924,S2C,13,8.0525,0.0,0,29.75,0.1621
1924,E2C,11,7.724,15.0,3,31.02,0.1828
1924,W2C,10,8.2908,10.0,2,28.9,0.1593
1925,N2C,12,9.0202,0.0,0,26.56,0.1421
1925,S2C,12,8.6712,0.0,0,27.63,0.1471
1925,E2C,11,7.1839,19.0,4,33.35,0.1992
1925,W2C,10,7.5929,13.0,3,31.56,0.1773
1926,N2C,11,9.388,0.0,0,25.52,0.1308
1926,S2C,11,9.0621,0.0,0,26.44,0.1355
1926,E2C,11,6.8472,23.0,4,34.99,0.2067
1926,W2C,10,7.3954,16.0,3,32.4,0.1822
1927,N2C,11,10.3751,0.0,0,23.09,0.1166
1927,S2C,11,10.249,0.0,0,23.38,0.1184
1927,E2C,12,6.8431,27.0,4,35.01,0.2155
1927,W2C,11,7.4128,20.0,4,32.32,0.1966
1928,N2C,10,11.1259,0.0,0,21.54,0.0998
1928,S2C,10,10.6753,0.0,0,22.44,0.1063
1928,E2C,12,6.4867,32.0,5,36.94,0.2299
1928,W2C,11,6.7684,24.0,4,35.4,0.2085
1929,N2C,9,11.5603,0.0,0,20.73,0.0875
1929,S2C,9,11.6213,0.0,0,20.62,0.0867
1929,E2C,12,6.1108,37.0,5,39.21,0.2387
1929,W2C,11,6.4896,28.0,4,36.92,0.2152
1930,N2C,8,12.3774,0.0,0,19.36,0.0698
1930,S2C,9,12.2092,0.0,0,19.62,0.0782
1930,E2C,13,6.6905,42.0,5,35.81,0.2397
1930,W2C,12,6.746,33.0,5,35.52,0.2269
1931,N2C,8,12.7136,0.0,0,18.85,0.0649
1931,S2C,8,12.4605,0.0,0,19.23,0.0686
1931,E2C,13,5.8436,48.0,6,41.0,0.2619
1931,W2C,12,6.3496,38.0,5,37.73,0.2359
1932,N2C,6,13.1233,0.0,0,18.26,0.047
1932,S2C,6,12.9901,0.0,0,18.44,0.049
1932,E2C,13,5.4634,54.0,6,43.86,0.2713
1932,W2C,12,6.3191,43.0,5,37.92,0.2397
1933,N2C,7,13.195,0.0,0,18.16,0.052
1933,S2C,7,12.9418,0.0,0,18.51,0.0557
1933,E2C,14,5.847,61.0,7,40.98,0.2825
1933,W2C,13,6.938,49.0,6,34.53,0.2468
1934,N2C,6,13.2105,0.0,0,18.14,0.0458
1934,S2C,6,12.7315,0.0,0,18.82,0.0527
1934,E2C,14,5.3631,68.0,7,44.68,0.2941
1934,W2C,13,6.5199,55.0,6,36.75,0.2568
1935,N2C,6,13.2885,0.0,0,18.03,0.0447
1935,S2C,6,12.7878,0.0,0,18.74,0.0519
1935,E2C,14,5.1276,76.0,8,46.73,0.3088
1935,W2C,13,5.8045,61.0,6,41.28,0.2711
1936,N2C,6,12.9256,0.0,0,18.54,0.0499
1936,S2C,5,12.9467,0.0,0,18.51,0.0436
1936,E2C,15,5.3988,84.0,8,44.38,0.3163
1936,W2C,14,5.8225,67.0,6,41.15,0.2808
1937,N2C,6,13.0795,0.0,0,18.32,0.0477
1937,S2C,6,12.7362,0.0,0,18.81,0.0526
1937,E2C,15,4.8558,92.0,8,49.34,0.3294
1937,W2C,14,5.0881,74.0,7,47.09,0.3021
1938,N2C,6,12.7407,0.0,0,18.81,0.0525
1938,S2C,6,12.6629,0.0,0,18.92,0.0537
1938,E2C,15,4.4724,101.0,9,53.57,0.3469
1938,W2C,14,4.9116,81.0,7,48.78,0.3093
1939,N2C,6,13.0167,0.0,0,18.41,0.0486
1939,S2C,6,12.7284,0.0,0,18.82,0.0527
1939,E2C,16,4.7172,110.0,9,50.79,0.3554
1939,W2C,15,5.2218,88.0,7,45.88,0.3155
1940,N2C,6,13.2065,0.0,0,18.14,0.0458
1940,S2C,6,12.5226,0.0,0,19.13,0.0557
1940,E2C,16,4.4294,119.0,9,54.09,0.3656
1940,W2C,15,4.6447,96.0,8,51.59,0.3351
1941,N2C,6,12.9673,0.0,0,18.48,0.0493
1941,S2C,6,12.7175,0.0,0,18.84,0.0529
1941,E2C,16,4.2951,129.0,10,55.79,0.3802
1941,W2C,15,4.4253,105.0,9,54.14,0.3503
1942,N2C,6,12.9228,0.0,0,18.54,0.0499
1942,S2C,6,12.5661,0.0,0,19.07,0.0551
1942,E2C,17,4.5418,139.0,10,52.75,0.3893
1942,W2C,16,5.0197,114.0,9,47.73,0.3537
1943,N2C,6,12.4939,0.0,0,19.18,0.0561
1943,S2C,5,12.5997,0.0,0,19.02,0.0486
1943,E2C,17,4.3117,150.0,11,55.57,0.4059
1943,W2C,16,4.6673,123.0,9,51.34,0.3648
1944,N2C,6,12.5788,0.0,0,19.05,0.0549
1944,S2C,6,12.2376,0.0,0,19.58,0.0598
1944,E2C,17,3.9362,161.0,11,60.87,0.4187
1944,W2C,16,4.5031,133.0,10,53.21,0.3798
1945,N2C,7,12.2298,0.0,0,19.59,0.0659
1945,S2C,7,11.7362,0.0,0,20.42,0.073
1945,E2C,18,4.0542,173.0,12,59.1,0.437
1945,W2C,17,4.4259,143.0,10,54.14,0.3936
1946,N2C,7,11.3685,0.0,0,21.08,0.0783
1946,S2C,7,11.3017,0.0,0,21.2,0.0793
1946,E2C,18,3.7792,185.0,12,63.4,0.4489
1946,W2C,17,3.9606,153.0,10,60.5,0.407
1947,N2C,7,10.6853,1.0,1,22.42,0.0948
1947,S2C,7,10.7577,0.0,0,22.27,0.0871
1947,E2C,18,3.4255,197.0,12,69.95,0.462
1947,W2C,17,3.6455,164.0,11,65.72,0.4248
1948,N2C,8,10.3337,2.0,1,23.19,0.1065
1948,S2C,8,11.3315,0.0,0,21.14,0.0848
1948,E2C,17,4.2485,150.0,11,56.4,0.4068
1948,W2C,16,4.3881,118.0,10,54.6,0.3715
1949,N2C,8,9.5896,3.0,1,24.99,0.1179
1949,S2C,8,10.7475,1.0,1,22.29,0.0999
1949,E2C,17,3.999,108.0,9,59.92,0.3704
1949,W2C,16,4.1914,80.0,8,57.16,0.337
1950,N2C,8,9.1841,5.0,2,26.09,0.1311
1950,S2C,8,10.3373,2.0,1,23.18,0.1065
1950,E2C,17,4.0355,74.0,7,59.37,0.3352
1950,W2C,16,4.2965,49.0,6,55.77,0.3028
1951,N2C,9,9.2743,7.0,2,25.83,0.1371
1951,S2C,9,9.819,3.0,1,24.4,0.1206
1951,E2C,16,4.7478,46.0,6,50.47,0.2943
1951,W2C,16,5.1322,28.0,4,46.69,0.2648
1952,N2C,9,8.8837,9.0,2,26.97,0.1441
1952,S2C,9,9.2653,4.0,1,25.86,0.1293
1952,E2C,16,4.8782,25.0,4,49.12,0.2664
1952,W2C,15,5.3301,12.0,3,44.95,0.2393
1953,N2C,9,8.3896,12.0,3,28.56,0.1592
1953,S2C,9,8.6298,6.0,2,27.76,0.1457
1953,E2C,16,5.2529,10.0,3,45.61,0.245
1953,W2C,15,5.4805,2.0,1,43.72,0.2184
1954,N2C,10,8.7856,15.0,3,27.27,0.1615
1954,S2C,9,8.6398,8.0,2,27.73,0.1469
1954,E2C,15,5.9581,2.0,1,40.21,0.2115
1954,W2C,14,6.325,0.0,0,37.88,0.1929
1955,N2C,10,8.3718,18.0,3,28.62,0.1695
1955,S2C,10,8.6982,11.0,3,27.55,0.1601
1955,E2C,15,6.4092,3.0,1,37.38,0.2057
1955,W2C,14,6.8606,0.0,0,34.92,0.1852
1956,N2C,10,7.6567,21.0,3,31.29,0.1818
1956,S2C,10,8.0583,14.0,3,29.73,0.1713
1956,E2C,13,7.0024,0.0,0,34.22,0.1772
1956,W2C,12,7.3033,0.0,0,32.81,0.1668
1957,N2C,11,7.8118,24.0,3,30.67,0.1875
1957,S2C,11,7.8116,17.0,3,30.67,0.1829
1957,E2C,14,8.1549,0.0,0,29.38,0.1666
1957,W2C,13,8.5793,0.0,0,27.93,0.1545
1958,N2C,11,7.1621,27.0,3,33.45,0.1989
1958,S2C,11,7.2088,21.0,4,33.24,0.2002
1958,E2C,12,8.5496,0.0,0,28.02,0.1489
1958,W2C,11,8.9398,0.0,0,26.8,0.1373
1959,N2C,11,6.9619,30.0,3,34.42,0.2038
1959,S2C,11,7.2665,25.0,4,32.97,0.202
1959,E2C,12,8.9783,0.0,0,26.69,0.1427
1959,W2C,10,9.7994,0.0,0,24.45,0.1189
1960,N2C,12,7.2052,35.0,5,33.25,0.2216
1960,S2C,12,7.7526,29.0,4,30.91,0.2037
1960,E2C,11,10.0609,0.0,0,23.82,0.1211
1960,W2C,10,10.4405,0.0,0,22.95,0.1097
1961,N2C,12,6.6559,40.0,5,36.0,0.2328
1961,S2C,12,7.2628,34.0,5,32.99,0.2201
1961,E2C,10,10.589,0.0,0,22.63,0.1075
1961,W2C,9,11.219,0.0,0,21.36,0.0925
1962,N2C,12,6.1102,45.0,5,39.21,0.244
1962,S2C,12,6.5027,39.0,5,36.85,0.2344
1962,E2C,9,11.2264,0.0,0,21.34,0.0924
1962,W2C,8,11.491,0.0,0,20.85,0.0825
1963,N2C,13,6.3895,51.0,6,37.5,0.256
1963,S2C,13,6.4659,44.0,5,37.06,0.2442
1963,E2C,9,12.1994,0.0,0,19.64,0.0783
1963,W2C,7,12.2271,0.0,0,19.6,0.0659
1964,N2C,13,5.844,57.0,6,41.0,0.2679
1964,S2C,13,5.8647,49.0,5,40.85,0.2562
1964,E2C,8,12.5012,0.0,0,19.17,0.068
1964,W2C,7,12.3116,0.0,0,19.46,0.0647
1965,N2C,13,5.3994,64.0,7,44.38,0.2849
1965,S2C,13,5.4399,55.0,6,44.04,0.2723
1965,E2C,7,12.7124,0.0,0,18.85,0.059
1965,W2C,7,11.7915,0.0,0,20.32,0.0722
1966,N2C,14,5.6666,71.0,7,42.28,0.2917
1966,S2C,14,5.6861,62.0,7,42.14,0.2855
1966,E2C,7,13.0391,0.0,0,18.38,0.0543
1966,W2C,7,12.2368,0.0,0,19.58,0.0658
1967,N2C,14,5.1488,78.0,7,46.54,0.3039
1967,S2C,14,5.2947,69.0,7,45.25,0.2958
1967,E2C,6,12.9935,0.0,0,18.44,0.0489
1967,W2C,7,12.1575,0.0,0,19.71,0.0669
1968,N2C,14,4.8735,86.0,8,49.16,0.3192
1968,S2C,14,4.9404,77.0,8,48.5,0.3122
1968,E2C,6,12.8584,0.0,0,18.63,0.0509
1968,W2C,6,12.5338,0.0,0,19.12,0.0555
1969,N2C,15,5.1067,94.0,8,46.92,0.3271
1969,S2C,15,5.3026,85.0,8,45.19,0.3183
1969,E2C,6,12.8255,0.0,0,18.68,0.0513
1969,W2C,6,11.9505,0.0,0,20.05,0.0639
1970,N2C,15,4.7472,102.0,8,50.47,0.3376
1970,S2C,15,5.2028,93.0,8,46.05,0.3251
1970,E2C,6,12.9501,0.0,0,18.5,0.0495
1970,W2C,6,12.0402,0.0,0,19.9,0.0626
1971,N2C,15,4.5607,111.0,9,52.54,0.3523
1971,S2C,15,4.7894,102.0,9,50.03,0.343
1971,E2C,6,12.6874,0.0,0,18.88,0.0533
1971,W2C,6,11.9202,0.0,0,20.1,0.0644
1972,N2C,16,4.9013,120.0,9,48.88,0.3594
1972,S2C,16,4.7642,111.0,9,50.29,0.3554
1972,E2C,5,12.51,0.0,0,19.15,0.0499
1972,W2C,7,12.2214,0.0,0,19.6,0.066
1973,N2C,16,4.5604,130.0,10,52.54,0.377
1973,S2C,16,4.3681,120.0,9,54.85,0.3671
1973,E2C,5,13.0468,0.0,0,18.36,0.0421
1973,W2C,7,12.0634,0.0,0,19.86,0.0683
1974,N2C,16,4.4242,140.0,10,54.16,0.3856
1974,S2C,16,4.2428,129.0,9,56.47,0.3749
1974,E2C,6,12.6297,0.0,0,18.97,0.0541
1974,W2C,6,12.2984,0.0,0,19.48,0.0589
1975,N2C,17,4.3538,150.0,10,55.03,0.3993
1975,S2C,17,4.4874,140.0,11,53.39,0.3967
1975,E2C,6,12.7672,0.0,0,18.77,0.0522
1975,W2C,7,12.2683,0.0,0,19.53,0.0654
1976,N2C,17,4.1256,161.0,11,58.08,0.4159
1976,S2C,17,4.1616,151.0,11,57.57,0.4087
1976,E2C,6,12.7811,0.0,0,18.75,0.052
1976,W2C,7,12.4071,0.0,0,19.31,0.0634
1977,N2C,17,3.7463,172.0,11,63.96,0.4287
1977,S2C,17,3.7579,162.0,11,63.76,0.4219
1977,E2C,6,12.3961,0.0,0,19.33,0.0575
1977,W2C,6,12.3641,0.0,0,19.38,0.058
1978,N2C,18,4.0529,183.0,11,59.12,0.4376
1978,S2C,18,3.9923,173.0,11,60.02,0.4318
1978,E2C,7,12.68,0.0,0,18.9,0.0594
1978,W2C,7,12.4803,0.0,0,19.2,0.0623
1979,N2C,18,3.8833,195.0,12,61.7,0.4541
1979,S2C,18,3.834,185.0,12,62.49,0.4481
1979,E2C,7,11.9229,0.0,0,20.1,0.0703
1979,W2C,7,12.3259,0.0,0,19.44,0.0645
1980,N2C,18,3.5716,207.0,12,67.08,0.4666
1980,S2C,18,3.585,197.0,12,66.83,0.4597
1980,E2C,7,11.1032,0.0,0,21.58,0.0821
1980,W2C,7,12.383,0.0,0,19.35,0.0637
1981,N2C,17,4.1879,153.0,11,57.21,0.4097
1981,S2C,17,4.3274,150.0,11,55.37,0.4057
1981,E2C,8,10.668,0.0,0,22.46,0.0944
1981,W2C,7,11.6284,0.0,0,20.6,0.0746
1982,N2C,17,4.111,111.0,9,58.28,0.3708
1982,S2C,17,4.2634,109.0,9,56.2,0.3673
1982,E2C,8,10.0929,0.0,0,23.74,0.1027
1982,W2C,8,10.9594,0.0,0,21.86,0.0902
1983,N2C,17,4.2527,77.0,7,56.34,0.3341
1983,S2C,17,4.2423,74.0,8,56.48,0.3382
1983,E2C,8,9.4854,0.0,0,25.26,0.1114
1983,W2C,8,9.1505,0.0,0,26.18,0.1162
1984,N2C,16,4.9314,45.0,5,48.59,0.285
1984,S2C,16,5.0486,46.0,6,47.46,0.29
1984,E2C,9,9.2615,2.0,2,25.87,0.134
1984,W2C,9,9.2461,1.0,1,25.91,0.1275
1985,N2C,16,5.2076,23.0,4,46.01,0.2603
1985,S2C,16,5.0694,26.0,4,47.26,0.2643
1985,E2C,9,9.0251,4.0,2,26.55,0.1387
1985,W2C,9,8.7369,3.0,2,27.42,0.1422
1986,N2C,14,5.2054,8.0,2,46.03,0.2264
1986,S2C,14,5.4881,10.0,2,43.66,0.2236
1986,E2C,9,7.649,6.0,2,31.32,0.1599
1986,W2C,9,8.3736,5.0,2,28.61,0.1488
1987,N2C,15,6.1737,1.0,1,38.81,0.2078
1987,S2C,15,6.3897,1.0,1,37.5,0.2047
1987,E2C,10,7.7739,8.0,2,30.82,0.1654
1987,W2C,9,8.5691,8.0,3,27.96,0.1539
1988,N2C,14,6.5612,0.0,0,36.52,0.1895
1988,S2C,14,6.8551,0.0,0,34.95,0.1853
1988,E2C,10,7.4472,11.0,3,32.17,0.1781
1988,W2C,10,8.8936,11.0,3,26.94,0.1573
1989,N2C,13,6.5048,0.0,0,36.83,0.1843
1989,S2C,13,7.1934,0.0,0,33.31,0.1744
1989,E2C,10,7.4926,14.0,3,31.98,0.1794
1989,W2C,10,8.3814,14.0,3,28.59,0.1667
1990,N2C,14,7.7997,0.0,0,30.72,0.1717
1990,S2C,12,8.1736,0.0,0,29.31,0.1543
1990,E2C,11,8.1495,17.0,3,29.4,0.178
1990,W2C,11,8.3528,17.0,3,28.69,0.1751
1991,N2C,12,8.1811,0.0,0,29.29,0.1542
1991,S2C,12,8.8671,0.0,0,27.02,0.1443
1991,E2C,11,7.7264,21.0,4,31.01,0.1927
1991,W2C,11,7.2071,20.0,3,33.25,0.1936
1992,N2C,12,9.1211,0.0,0,26.27,0.1407
1992,S2C,10,9.4258,0.0,0,25.42,0.1243
1992,E2C,11,7.0693,25.0,4,33.89,0.2049
1992,W2C,11,6.8099,23.0,3,35.18,0.2013
1993,N2C,11,9.8578,0.0,0,24.31,0.1241
1993,S2C,11,10.5279,0.0,0,22.76,0.1144
1993,E2C,12,7.39,29.0,4,32.42,0.2089
1993,W2C,12,7.0039,28.0,5,34.21,0.2198
1994,N2C,11,10.9094,0.0,0,21.96,0.1089
1994,S2C,9,11.1503,0.0,0,21.49,0.0934
1994,E2C,12,6.7098,34.0,5,35.71,0.2281
1994,W2C,12,6.0672,33.0,5,39.49,0.2366
1995,N2C,9,11.6065,0.0,0,20.64,0.0869
1995,S2C,9,11.8087,0.0,0,20.29,0.084
1995,E2C,12,6.1831,39.0,5,38.75,0.239
1995,W2C,12,5.9128,38.0,5,40.52,0.2422
1996,N2C,8,12.6561,0.0,0,18.93,0.0658
1996,S2C,8,12.5835,0.0,0,19.04,0.0668
1996,E2C,13,6.0036,44.0,5,39.91,0.2509
1996,W2C,13,6.0536,44.0,6,39.58,0.2562
1997,N2C,8,12.7252,0.0,0,18.83,0.0648
1997,S2C,8,12.5298,0.0,0,19.12,0.0676
1997,E2C,13,5.4913,50.0,6,43.63,0.2683
1997,W2C,13,6.0385,51.0,7,39.68,0.2671
1998,N2C,6,13.1526,0.0,0,18.22,0.0466
1998,S2C,6,12.8079,0.0,0,18.71,0.0516
1998,E2C,13,5.2126,57.0,7,45.97,0.2829
1998,W2C,13,5.7099,58.0,7,41.96,0.2765
1999,N2C,7,12.8062,0.0,0,18.71,0.0576
1999,S2C,6,12.7869,0.0,0,18.74,0.0519
1999,E2C,14,5.5349,64.0,7,43.29,0.289
1999,W2C,14,5.8837,65.0,7,40.72,0.2846
2000,N2C,7,12.4604,0.0,0,19.23,0.0626
2000,S2C,6,12.647,0.0,0,18.95,0.0539
2000,E2C,14,5.4324,71.0,7,44.11,0.2951
2000,W2C,14,5.1034,72.0,7,46.95,0.3005
2001,N2C,6,13.0979,0.0,0,18.29,0.0474
2001,S2C,6,12.8432,0.0,0,18.66,0.0511
2001,E2C,14,5.4271,78.0,7,44.15,0.2999
2001,W2C,14,4.8219,79.0,7,49.69,0.3092
2002,N2C,5,12.8776,0.0,0,18.61,0.0446
2002,S2C,5,12.1858,0.0,0,19.66,0.0545
2002,E2C,15,6.0983,86.0,8,39.29,0.3075
2002,W2C,15,5.1248,87.0,8,46.75,0.3222
2003,N2C,5,12.6113,0.0,0,19.0,0.0484
2003,S2C,6,12.7232,0.0,0,18.83,0.0528
2003,E2C,15,5.7102,94.0,8,41.96,0.3184
2003,W2C,15,5.0024,95.0,8,47.9,0.3293
2004,N2C,6,12.6747,0.0,0,18.9,0.0535
2004,S2C,6,12.367,0.0,0,19.37,0.0579
2004,E2C,15,5.0901,102.0,8,47.07,0.3327
2004,W2C,15,4.6746,104.0,9,51.26,0.346
2005,N2C,6,12.2034,0.0,0,19.63,0.0603
2005,S2C,7,12.776,0.0,0,18.75,0.058
2005,E2C,16,4.8377,110.0,8,49.53,0.3477
2005,W2C,16,4.6918,113.0,9,51.07,0.3578
2006,N2C,6,12.3973,0.0,0,19.33,0.0575
2006,S2C,7,12.8677,0.0,0,18.62,0.0567
2006,E2C,16,4.3851,119.0,9,54.64,0.3662
2006,W2C,16,4.1219,122.0,9,58.13,0.372
2007,N2C,6,12.2292,0.0,0,19.59,0.0599
2007,S2C,6,12.7415,0.0,0,18.8,0.0525
2007,E2C,16,4.1424,129.0,10,57.84,0.3824
2007,W2C,16,4.0116,132.0,10,59.73,0.3862
2008,N2C,6,12.2715,0.0,0,19.52,0.0593
2008,S2C,6,12.7057,0.0,0,18.86,0.0531
2008,E2C,17,4.3881,139.0,10,54.6,0.3915
2008,W2C,17,4.5388,142.0,10,52.79,0.3913
2009,N2C,6,12.1785,0.0,0,19.67,0.0606
2009,S2C,7,12.7316,0.0,0,18.82,0.0587
2009,E2C,17,4.079,150.0,11,58.74,0.4093
2009,W2C,17,4.3976,152.0,10,54.48,0.4
2010,N2C,6,12.3452,0.0,0,19.41,0.0582
2010,S2C,6,12.7984,0.0,0,18.72,0.0517
2010,E2C,17,3.8996,161.0,11,61.44,0.4192
2010,W2C,17,3.878,163.0,11,61.78,0.4208
2011,N2C,5,12.2132,0.0,0,19.62,0.0541
2011,S2C,7,12.0538,0.0,0,19.88,0.0684
2011,E2C,18,4.2337,173.0,12,56.59,0.4344
2011,W2C,18,4.0329,174.0,11,59.41,0.4319
2012,N2C,6,12.1823,0.0,0,19.67,0.0606
2012,S2C,7,11.2003,0.0,0,21.39,0.0807
2012,E2C,18,3.9861,185.0,12,60.11,0.4459
2012,W2C,18,3.6998,185.0,11,64.76,0.4441
2013,N2C,6,11.7531,0.0,0,20.39,0.0668
2013,S2C,7,10.5016,1.0,1,22.82,0.0975
2013,E2C,18,3.5104,197.0,12,68.25,0.4608
2013,W2C,18,3.5746,197.0,12,67.03,0.4599
2014,N2C,7,11.4526,0.0,0,20.92,0.0771
2014,S2C,7,9.9052,2.0,1,24.19,0.1067
2014,E2C,17,4.3637,148.0,11,54.91,0.4038
2014,W2C,17,4.497,149.0,11,53.28,0.4026
2015,N2C,7,10.86,0.0,0,22.06,0.0856
2015,S2C,8,10.3629,3.0,1,23.12,0.1068
2015,E2C,17,4.1795,106.0,9,57.33,0.3665
2015,W2C,17,4.2698,108.0,9,56.12,0.3665
2016,N2C,7,10.3729,0.0,0,23.1,0.0926
2016,S2C,8,10.0097,4.0,1,23.94,0.1125
2016,E2C,17,4.1027,73.0,7,58.4,0.3336
2016,W2C,17,4.4219,72.0,7,54.18,0.3283
2017,N2C,8,10.6878,0.0,0,22.42,0.0941
2017,S2C,9,9.8199,5.0,1,24.4,0.1219
2017,E2C,17,4.8216,44.0,6,49.69,0.2979
2017,W2C,17,5.0743,43.0,6,47.22,0.2936
2018,N2C,8,10.6762,1.0,1,22.44,0.1009
2018,S2C,9,9.9132,6.0,1,24.17,0.1213
2018,E2C,16,5.0309,25.0,4,47.63,0.2642
2018,W2C,16,5.0853,22.0,4,47.12,0.2614
2019,N2C,8,10.7428,2.0,1,22.3,0.1006
2019,S2C,9,9.6863,8.0,2,24.74,0.1319
2019,E2C,16,5.3378,9.0,2,44.89,0.2371
2019,W2C,16,5.155,10.0,2,46.48,0.2404
2020,N2C,9,10.6016,3.0,1,22.6,0.1093
2020,S2C,10,9.2613,10.0,2,25.87,0.1453
2020,E2C,15,6.019,1.0,1,39.81,0.21
2020,W2C,15,5.6405,1.0,1,42.48,0.2154
2021,N2C,9,9.9096,4.0,1,24.18,0.12
2021,S2C,10,8.1706,12.0,2,29.32,0.1624
2021,E2C,15,6.3429,0.0,0,37.77,0.1987
2021,W2C,15,6.0008,0.0,0,39.93,0.2036
2022,N2C,9,9.3704,5.0,1,25.57,0.1284
2022,S2C,10,7.4574,14.0,2,32.13,0.174
2022,E2C,13,6.6129,0.0,0,36.23,0.1828
2022,W2C,14,6.2797,0.0,0,38.15,0.1936
2023,N2C,10,8.9597,7.0,2,26.74,0.1477
2023,S2C,11,7.582,17.0,3,31.6,0.1862
2023,E2C,14,7.5689,0.0,0,31.66,0.175
2023,W2C,14,7.3865,0.0,0,32.44,0.1776
2024,N2C,10,8.8432,9.0,2,27.09,0.1507
2024,S2C,11,7.2751,20.0,3,32.93,0.1926
2024,E2C,12,8.084,0.0,0,29.64,0.1556
2024,W2C,13,7.7729,0.0,0,30.82,0.1661
2025,N2C,10,8.1611,11.0,2,29.36,0.1618
2025,S2C,11,6.7458,25.0,5,35.52,0.2155
2025,E2C,12,8.848,0.0,0,27.08,0.1446
2025,W2C,12,8.5656,0.0,0,27.97,0.1487
2026,N2C,11,8.2632,13.0,2,29.0,0.1677
2026,S2C,12,7.0627,30.0,5,33.92,0.2203
2026,E2C,11,9.8313,0.0,0,24.37,0.1244
2026,W2C,11,9.6773,0.0,0,24.76,0.1267
2027,N2C,11,7.5142,16.0,3,31.89,0.1865
2027,S2C,12,6.2187,35.0,5,38.53,0.2358
2027,E2C,11,10.2162,0.0,0,23.45,0.1189
2027,W2C,11,10.1307,0.0,0,23.65,0.1201
2028,N2C,11,7.1718,19.0,3,33.41,0.1934
2028,S2C,12,5.7122,40.0,5,41.95,0.2464
2028,E2C,9,10.5563,0.0,0,22.7,0.102
2028,W2C,9,10.4385,0.0,0,22.95,0.1037
2029,N2C,12,7.3777,23.0,4,32.48,0.2051
2029,S2C,13,6.2638,45.0,5,38.25,0.2478
2029,E2C,10,11.5023,0.0,0,20.83,0.0944
2029,W2C,10,11.4897,0.0,0,20.85,0.0946
2030,N2C,12,6.6087,28.0,5,36.26,0.2255
2030,S2C,13,5.8754,51.0,6,40.78,0.2634
2030,E2C,8,12.0882,0.0,0,19.82,0.0739
2030,W2C,8,12.08,0.0,0,19.83,0.0741
2031,N2C,12,6.0149,33.0,5,39.83,0.2374
2031,S2C,13,5.7708,58.0,7,41.52,0.2756
2031,E2C,7,12.5699,0.0,0,19.06,0.061
2031,W2C,8,12.273,0.0,0,19.52,0.0713
2032,N2C,13,5.8466,38.0,5,40.98,0.2491
2032,S2C,14,5.9863,65.0,7,40.02,0.2831
2032,E2C,7,12.8888,0.0,0,18.59,0.0564
2032,W2C,7,12.5418,0.0,0,19.1,0.0614
2033,N2C,13,5.6073,43.0,5,42.73,0.2559
2033,S2C,14,5.4017,72.0,7,44.36,0.2962
2033,E2C,6,12.6459,0.0,0,18.95,0.0539
2033,W2C,6,12.583,0.0,0,19.04,0.0548
2034,N2C,13,5.1783,50.0,7,46.27,0.2788
2034,S2C,14,5.0498,79.0,7,47.45,0.306
2034,E2C,6,13.0815,0.0,0,18.32,0.0476
2034,W2C,6,12.8307,0.0,0,18.67,0.0513
2035,N2C,14,5.4141,57.0,7,44.25,0.286
2035,S2C,15,4.9333,87.0,8,48.57,0.325
2035,E2C,6,12.9992,0.0,0,18.43,0.0488
2035,W2C,6,12.9022,0.0,0,18.57,0.0502
2036,N2C,14,5.3051,64.0,7,45.16,0.2923
2036,S2C,15,4.5518,95.0,8,52.64,0.3358
2036,E2C,6,12.7308,0.0,0,18.82,0.0527
2036,W2C,6,12.5816,0.0,0,19.04,0.0548
2037,N2C,14,5.0549,72.0,8,47.4,0.3072
2037,S2C,15,4.3501,103.0,8,55.08,0.344
2037,E2C,6,12.5923,0.0,0,19.03,0.0547
2037,W2C,6,12.6607,0.0,0,18.92,0.0537
2038,N2C,15,5.3756,80.0,8,44.57,0.3139
2038,S2C,16,4.5589,112.0,9,52.56,0.359
2038,E2C,6,12.6622,0.0,0,18.92,0.0537
2038,W2C,7,12.7135,0.0,0,18.85,0.0589
2039,N2C,15,5.231,88.0,8,45.8,0.3213
2039,S2C,16,4.1884,122.0,10,57.21,0.377
2039,E2C,6,12.8163,0.0,0,18.69,0.0515
2039,W2C,7,12.5652,0.0,0,19.07,0.0611
2040,N2C,15,4.9505,96.0,8,48.4,0.3307
2040,S2C,16,3.9278,132.0,10,61.0,0.3874
2040,E2C,6,12.5599,0.0,0,19.08,0.0552
2040,W2C,7,12.5779,0.0,0,19.05,0.0609
2041,N2C,16,5.2637,105.0,9,45.52,0.3442
2041,S2C,17,4.5218,142.0,10,52.99,0.3916
2041,E2C,6,12.5145,0.0,0,19.15,0.0558
2041,W2C,7,12.6202,0.0,0,18.99,0.0603
2042,N2C,16,4.7272,114.0,9,50.69,0.3579
2042,S2C,17,4.4028,153.0,11,54.42,0.4066
2042,E2C,6,12.4005,0.0,0,19.32,0.0574
2042,W2C,6,12.5672,0.0,0,19.07,0.055
2043,N2C,16,4.2154,123.0,9,56.84,0.3713
2043,S2C,17,4.2141,164.0,11,56.86,0.4167
2043,E2C,6,12.6089,0.0,0,19.0,0.0544
2043,W2C,6,13.063,0.0,0,18.34,0.0479
2044,N2C,17,4.4621,133.0,10,53.7,0.3864
2044,S2C,18,4.2654,175.0,11,56.17,0.4292
2044,E2C,7,12.7188,0.0,0,18.84,0.0589
2044,W2C,7,12.087,0.0,0,19.82,0.068
2045,N2C,17,4.1519,143.0,10,57.71,0.3976
2045,S2C,18,3.7011,186.0,11,64.74,0.4447
2045,E2C,7,12.0058,0.0,0,19.96,0.0691
2045,W2C,7,11.3975,0.0,0,21.02,0.0779
2046,N2C,17,3.9717,153.0,10,60.33,0.4068
2046,S2C,18,3.3341,197.0,11,71.86,0.4573
2046,E2C,7,12.3433,0.0,0,19.41,0.0643
2046,W2C,7,10.6626,1.0,1,22.47,0.0951
2047,N2C,16,4.8063,109.0,9,49.85,0.3535
2047,S2C,17,4.1043,146.0,11,58.38,0.4062
2047,E2C,8,12.1085,0.0,0,19.79,0.0737
2047,W2C,8,10.2508,2.0,1,23.37,0.1077
2048,N2C,16,4.6762,77.0,8,51.24,0.328
2048,S2C,17,4.0142,107.0,9,59.69,0.3695
2048,E2C,8,10.9299,0.0,0,21.92,0.0906
2048,W2C,8,9.6556,3.0,1,24.81,0.117
2049,N2C,16,4.663,49.0,6,51.38,0.2975
2049,S2C,17,4.1292,71.0,7,58.03,0.3319
2049,E2C,8,9.3791,0.0,0,25.55,0.113
2049,W2C,8,9.1415,5.0,2,26.21,0.1317
2050,N2C,15,5.4812,24.0,4,43.71,0.2511
2050,S2C,16,5.0627,43.0,6,47.33,0.2878
2050,E2C,8,8.7426,0.0,0,27.41,0.1221
2050,W2C,9,9.3483,7.0,2,25.63,0.1361
2051,N2C,15,5.7842,13.0,3,41.42,0.2334
2051,S2C,16,5.4638,22.0,4,43.85,0.256
2051,E2C,9,8.7102,0.0,0,27.51,0.1286
2051,W2C,9,8.8532,9.0,2,27.06,0.1445
2052,N2C,13,5.9709,2.0,1,40.13,0.1994
2052,S2C,16,5.6077,9.0,2,42.73,0.2333
2052,E2C,9,7.9329,2.0,2,30.2,0.1531
2052,W2C,9,8.1848,11.0,2,29.27,0.1555
2053,N2C,14,6.8463,0.0,0,35.0,0.1854
2053,S2C,15,6.3155,0.0,0,37.94,0.1991
2053,E2C,10,8.0748,4.0,2,29.67,0.1584
2053,W2C,9,7.9149,13.0,2,30.27,0.1607
2054,N2C,12,7.0629,0.0,0,33.92,0.1703
2054,S2C,15,6.415,0.0,0,37.35,0.1976
2054,E2C,10,7.4636,7.0,3,32.1,0.1752
2054,W2C,10,8.1516,16.0,3,29.39,0.1713
2055,N2C,12,7.8018,0.0,0,30.71,0.1597
2055,S2C,13,6.6787,0.0,0,35.88,0.1818
2055,E2C,10,6.8637,10.0,3,34.91,0.1858
2055,W2C,10,7.2229,19.0,3,33.17,0.1867
2056,N2C,12,8.9311,0.0,0,26.83,0.1434
2056,S2C,14,7.8064,0.0,0,30.69,0.1716
2056,E2C,11,7.0235,13.0,3,34.11,0.1915
2056,W2C,11,7.4811,22.0,3,32.03,0.1909
2057,N2C,11,9.3919,0.0,0,25.51,0.1308
2057,S2C,12,8.4369,0.0,0,28.4,0.1505
2057,E2C,11,6.7007,17.0,4,35.76,0.2049
2057,W2C,11,6.8502,26.0,4,34.98,0.2087
2058,N2C,9,10.0486,0.0,0,23.84,0.1093
2058,S2C,12,9.377,0.0,0,25.55,0.137
2058,E2C,11,6.4256,21.0,4,37.29,0.2115
2058,W2C,11,6.6421,30.0,4,36.07,0.2144
2059,N2C,10,10.892,0.0,0,22.0,0.1032
2059,S2C,11,10.3688,0.0,0,23.11,0.1167
2059,E2C,12,6.6517,26.0,5,36.02,0.2236
2059,W2C,12,7.0093,34.0,4,34.18,0.2177
2060,N2C,8,11.3723,0.0,0,21.07,0.0843
2060,S2C,10,10.5892,0.0,0,22.63,0.1075
2060,E2C,12,6.2963,31.0,5,38.05,0.232
2060,W2C,12,6.0924,39.0,5,39.33,0.2403
2061,N2C,8,12.1281,0.0,0,19.76,0.0734
2061,S2C,9,11.0657,0.0,0,21.65,0.0947
2061,E2C,12,6.1744,37.0,6,38.81,0.2438
2061,W2C,12,5.5148,44.0,5,43.45,0.2519
2062,N2C,8,12.4235,0.0,0,19.29,0.0691
2062,S2C,9,12.1311,0.0,0,19.75,0.0793
2062,E2C,13,6.7188,43.0,6,35.66,0.2459
2062,W2C,13,5.9852,50.0,6,40.03,0.2612
2063,N2C,7,13.0247,0.0,0,18.4,0.0545
2063,S2C,8,12.3682,0.0,0,19.37,0.0699
2063,E2C,13,6.6169,49.0,6,36.21,0.2514
2063,W2C,13,5.7266,57.0,7,41.84,0.2755
2064,N2C,6,12.8634,0.0,0,18.63,0.0508
2064,S2C,8,12.6736,0.0,0,18.91,0.0655
2064,E2C,13,6.2301,55.0,6,38.46,0.261
2064,W2C,13,5.6776,64.0,7,42.2,0.2809
2065,N2C,6,12.8152,0.0,0,18.7,0.0515
2065,S2C,7,12.8737,0.0,0,18.61,0.0566
2065,E2C,14,6.0743,61.0,6,39.44,0.2732
2065,W2C,14,6.0364,71.0,7,39.69,0.2864
2066,N2C,6,12.7656,0.0,0,18.77,0.0522
2066,S2C,6,13.3852,0.0,0,17.9,0.0433
2066,E2C,14,5.438,67.0,6,44.06,0.2864
2066,W2C,14,5.9402,78.0,7,40.34,0.2925
2067,N2C,6,12.5894,0.0,0,19.03,0.0547
2067,S2C,6,13.0552,0.0,0,18.35,0.048
2067,E2C,14,5.1139,73.0,6,46.85,0.295
2067,W2C,14,5.5076,85.0,7,43.5,0.3034
2068,N2C,7,12.9553,0.0,0,18.49,0.0555
2068,S2C,6,12.8999,0.0,0,18.57,0.0503
2068,E2C,15,5.3395,80.0,7,44.87,0.3085
2068,W2C,15,5.6233,92.0,7,42.61,0.3124
2069,N2C,6,12.8248,0.0,0,18.68,0.0513
2069,S2C,6,12.9545,0.0,0,18.5,0.0495
2069,E2C,15,4.9076,88.0,8,48.82,0.326
2069,W2C,15,5.0452,99.0,7,47.49,0.3254
2070,N2C,6,12.5368,0.0,0,19.11,0.0555
2070,S2C,6,12.8682,0.0,0,18.62,0.0507
2070,E2C,15,4.5196,97.0,9,53.01,0.3436
2070,W2C,15,4.7989,107.0,8,49.93,0.3402
2071,N2C,7,13.1294,0.0,0,18.25,0.053
2071,S2C,6,13.2323,0.0,0,18.11,0.0455
2071,E2C,16,4.796,106.0,9,49.96,0.3516
2071,W2C,16,4.7433,116.0,9,50.51,0.359
2072,N2C,6,12.9206,0.0,0,18.54,0.05
2072,S2C,6,12.8156,0.0,0,18.7,0.0515
2072,E2C,16,4.8001,115.0,9,49.92,0.3576
2072,W2C,16,4.2422,126.0,10,56.48,0.3789
2073,N2C,6,13.0219,0.0,0,18.4,0.0485
2073,S2C,6,12.4811,0.0,0,19.2,0.0563
2073,E2C,16,4.5797,125.0,10,52.32,0.3734
2073,W2C,16,4.101,136.0,10,58.42,0.3876
2074,N2C,6,12.6731,0.0,0,18.91,0.0535
2074,S2C,7,12.8859,0.0,0,18.59,0.0565
2074,E2C,17,4.6522,135.0,10,51.5,0.385
2074,W2C,17,4.3331,147.0,11,55.3,0.4036
2075,N2C,6,12.9672,0.0,0,18.48,0.0493
2075,S2C,6,12.95,0.0,0,18.5,0.0495
2075,E2C,17,4.0897,145.0,10,58.59,0.3998
2075,W2C,17,4.1739,158.0,11,57.4,0.4132
2076,N2C,6,12.8526,0.0,0,18.64,0.0509
2076,S2C,6,13.0816,0.0,0,18.32,0.0476
2076,E2C,17,3.6078,157.0,12,66.41,0.4267
2076,W2C,17,3.9568,169.0,11,60.55,0.4237
2077,N2C,6,12.8288,0.0,0,18.68,0.0513
2077,S2C,6,12.5056,0.0,0,19.16,0.0559
2077,E2C,18,3.9265,169.0,12,61.02,0.4361
2077,W2C,18,4.0483,180.0,11,59.19,0.4357
2078,N2C,6,12.6453,0.0,0,18.95,0.0539
2078,S2C,6,12.7517,0.0,0,18.79,0.0524
2078,E2C,18,3.7849,181.0,12,63.3,0.4462
2078,W2C,18,3.665,192.0,12,65.38,0.4552
2079,N2C,6,12.6651,0.0,0,18.92,0.0536
2079,S2C,6,12.004,0.0,0,19.96,0.0632
2079,E2C,18,3.4861,194.0,13,68.73,0.4651
2079,W2C,18,3.3321,204.0,12,71.91,0.468
2080,N2C,7,12.4587,0.0,0,19.23,0.0626
2080,S2C,6,11.5113,0.0,0,20.81,0.0703
2080,E2C,17,4.1834,149.0,11,57.27,0.4071
2080,W2C,17,4.0502,149.0,10,59.16,0.403
2081,N2C,7,11.631,0.0,0,20.6,0.0745
2081,S2C,7,11.3159,0.0,0,21.17,0.0791
2081,E2C,17,4.1335,107.0,9,57.97,0.3678
2081,W2C,17,3.939,106.0,8,60.83,0.3639
2082,N2C,7,11.4705,0.0,0,20.89,0.0768
2082,S2C,7,10.9072,0.0,0,21.97,0.0849
2082,E2C,17,4.1522,70.0,7,57.7,0.3309
2082,W2C,17,3.9479,71.0,7,60.69,0.3345
2083,N2C,8,10.9635,0.0,0,21.85,0.0901
2083,S2C,8,11.2176,1.0,1,21.36,0.0931
2083,E2C,16,4.8848,46.0,5,49.05,0.2863
2083,W2C,16,4.5653,44.0,6,52.48,0.2956
2084,N2C,8,10.6067,0.0,0,22.59,0.0953
2084,S2C,8,11.0347,2.0,1,21.71,0.0964
2084,E2C,16,4.9978,25.0,4,47.94,0.2647
2084,W2C,16,4.9437,23.0,4,48.47,0.2641
2085,N2C,8,9.8283,0.0,0,24.38,0.1065
2085,S2C,8,10.2031,3.0,1,23.48,0.1091
2085,E2C,16,5.4529,9.0,2,43.94,0.2355
2085,W2C,15,5.2755,11.0,2,45.42,0.2334
2086,N2C,9,9.3909,1.0,1,25.51,0.1254
2086,S2C,8,9.7252,4.0,1,24.64,0.1166
2086,E2C,15,6.2014,0.0,0,38.64,0.2007
2086,W2C,15,6.5619,1.0,1,36.51,0.2022
2087,N2C,9,8.9494,2.0,1,26.77,0.1325
2087,S2C,9,9.4481,5.0,1,25.36,0.1273
2087,E2C,15,6.1664,0.0,0,38.86,0.2012
2087,W2C,14,7.0435,0.0,0,34.02,0.1826
2088,N2C,9,7.9157,4.0,2,30.27,0.1547
2088,S2C,9,8.4183,7.0,2,28.46,0.1495
2088,E2C,13,6.5362,0.0,0,36.66,0.1839
2088,W2C,13,7.7738,0.0,0,30.82,0.1661
2089,N2C,9,7.7028,7.0,3,31.11,0.1658
2089,S2C,10,8.4137,9.0,2,28.48,0.1569
2089,E2C,14,7.7166,0.0,0,31.05,0.1729
2089,W2C,14,8.808,0.0,0,27.2,0.1572
2090,N2C,10,7.5253,10.0,3,31.84,0.1763
2090,S2C,10,7.6828,12.0,3,31.19,0.1754
2090,E2C,12,7.971,0.0,0,30.06,0.1572
2090,W2C,12,8.8951,0.0,0,26.94,0.1439
2091,N2C,10,6.9853,13.0,3,34.3,0.1861
2091,S2C,10,7.4011,15.0,3,32.37,0.1814
2091,E2C,12,8.8978,0.0,0,26.93,0.1439
2091,W2C,12,9.5588,0.0,0,25.07,0.1344
2092,N2C,11,7.3322,17.0,4,32.68,0.1958
2092,S2C,11,7.3737,18.0,3,32.49,0.1898
2092,E2C,11,9.7917,0.0,0,24.47,0.125
2092,W2C,11,10.2363,0.0,0,23.41,0.1186
2093,N2C,11,7.1029,21.0,4,33.73,0.2017
2093,S2C,11,6.9115,23.0,5,34.67,0.2118
2093,E2C,10,10.3932,0.0,0,23.05,0.1104
2093,W2C,10,10.8749,0.0,0,22.03,0.1034
2094,N2C,11,6.762,25.0,4,35.43,0.2093
2094,S2C,11,6.9694,28.0,5,34.38,0.2143
2094,E2C,9,10.8879,0.0,0,22.01,0.0972
2094,W2C,9,11.3564,0.0,0,21.1,0.0905
2095,N2C,12,6.9878,30.0,5,34.29,0.2214
2095,S2C,12,7.0168,33.0,5,34.15,0.223
2095,E2C,9,11.3587,0.0,0,21.09,0.0904
2095,W2C,9,12.4324,0.0,0,19.27,0.075
2096,N2C,12,6.5422,35.0,5,36.62,0.2311
2096,S2C,12,6.723,38.0,5,35.64,0.2305
2096,E2C,8,11.946,0.0,0,20.06,0.076
2096,W2C,8,12.6149,0.0,0,18.99,0.0664
2097,N2C,12,6.4257,40.0,5,37.29,0.2361
2097,S2C,12,6.2599,43.0,5,38.28,0.2405
2097,E2C,7,12.5457,0.0,0,19.1,0.0614
2097,W2C,7,12.391,0.0,0,19.34,0.0636
2098,N2C,13,6.9359,45.0,5,34.55,0.2381
2098,S2C,13,6.4722,48.0,5,37.02,0.2468
2098,E2C,7,12.6679,0.0,0,18.91,0.0596
2098,W2C,7,12.9833,0.0,0,18.45,0.0551
2099,N2C,13,6.5499,51.0,6,36.58,0.2537
2099,S2C,13,5.7271,54.0,6,41.84,0.2675
2099,E2C,7,12.5861,0.0,0,19.04,0.0608
2099,W2C,6,12.8093,0.0,0,18.71,0.0516
2100,N2C,13,5.717,57.0,6,41.91,0.2697
2100,S2C,13,5.2999,60.0,6,45.21,0.2777
2100,E2C,6,12.3928,0.0,0,19.33,0.0576
2100,W2C,6,12.9569,0.0,0,18.49,0.0494
2101,N2C,14,5.5103,63.0,6,43.48,0.2827
2101,S2C,14,5.4551,67.0,7,43.92,0.2921
2101,E2C,6,12.4314,0.0,0,19.27,0.057
2101,W2C,7,13.0206,0.0,0,18.4,0.0545
2102,N2C,14,5.0712,69.0,6,47.25,0.293
2102,S2C,14,5.4419,74.0,7,44.03,0.297
2102,E2C,6,12.497,0.0,0,19.17,0.0561
2102,W2C,6,13.0507,0.0,0,18.36,0.0481
2103,N2C,14,4.9196,75.0,6,48.7,0.2992
2103,S2C,14,5.3101,82.0,8,45.12,0.3102
2103,E2C,6,12.5207,0.0,0,19.14,0.0557
2103,W2C,6,12.885,0.0,0,18.6,0.0505
2104,N2C,15,5.1313,83.0,8,46.69,0.3194
2104,S2C,15,5.4102,90.0,8,44.29,0.3201
2104,E2C,6,12.6236,0.0,0,18.98,0.0542
2104,W2C,6,12.6004,0.0,0,19.02,0.0546
2105,N2C,15,4.9856,92.0,9,48.06,0.3335
2105,S2C,15,4.8566,98.0,8,49.33,0.3334
2105,E2C,7,12.5887,0.0,0,19.03,0.0607
2105,W2C,6,12.5292,0.0,0,19.12,0.0556
2106,N2C,15,4.6323,101.0,9,51.72,0.3446
2106,S2C,15,4.2529,106.0,8,56.34,0.3474
2106,E2C,7,12.8153,0.0,0,18.7,0.0575
2106,W2C,6,12.4925,0.0,0,19.18,0.0561
2107,N2C,16,4.7455,110.0,9,50.49,0.355
2107,S2C,16,4.5903,114.0,8,52.2,0.3539
2107,E2C,8,12.744,0.0,0,18.8,0.0645
2107,W2C,6,12.331,0.0,0,19.43,0.0584
2108,N2C,16,4.246,119.0,9,56.43,0.3682
2108,S2C,16,4.2311,124.0,10,56.63,0.3777
2108,E2C,7,12.5474,0.0,0,19.1,0.0613
2108,W2C,6,12.1446,0.0,0,19.73,0.0611
2109,N2C,16,3.9907,128.0,9,60.04,0.3779
2109,S2C,16,3.9276,134.0,10,61.0,0.3888
2109,E2C,6,12.7857,0.0,0,18.74,0.0519
2109,W2C,6,12.5429,0.0,0,19.1,0.0554
2110,N2C,17,4.1382,139.0,11,57.9,0.4011
2110,S2C,17,3.9648,144.0,10,60.43,0.4009
2110,E2C,6,13.2175,0.0,0,18.13,0.0457
2110,W2C,6,12.2101,0.0,0,19.62,0.0602
2111,N2C,17,3.889,150.0,11,61.61,0.412
2111,S2C,17,3.7649,154.0,10,63.64,0.4105
2111,E2C,6,13.1512,0.0,0,18.22,0.0466
2111,W2C,6,12.0221,0.0,0,19.93,0.0629
2112,N2C,17,3.6133,161.0,11,66.31,0.4233
2112,S2C,17,3.4076,165.0,11,70.31,0.4289
2112,E2C,6,13.2531,0.0,0,18.08,0.0452
2112,W2C,6,11.8025,0.0,0,20.3,0.0661
2113,N2C,16,4.6221,119.0,9,51.84,0.3628
2113,S2C,16,4.17,119.0,9,57.46,0.3693
2113,E2C,7,12.3911,0.0,0,19.34,0.0636
2113,W2C,7,11.7012,0.0,0,20.48,0.0735
2114,N2C,16,4.719,79.0,8,50.77,0.3287
2114,S2C,16,4.0497,82.0,8,59.17,0.3404
2114,E2C,7,11.6161,0.0,0,20.63,0.0747
2114,W2C,7,10.7929,0.0,0,22.2,0.0866
2115,N2C,16,4.7137,49.0,6,50.83,0.2968
2115,S2C,16,4.1417,50.0,6,57.85,0.3057
2115,E2C,7,10.7837,0.0,0,22.22,0.0867
2115,W2C,7,10.5938,0.0,0,22.62,0.0895
2116,N2C,16,5.5044,29.0,4,43.53,0.2601
2116,S2C,15,5.3083,27.0,5,45.14,0.2616
2116,E2C,7,10.1622,1.0,1,23.58,0.1023
2116,W2C,8,10.6274,0.0,0,22.55,0.095
2117,N2C,15,5.5565,12.0,2,43.12,0.23
2117,S2C,15,5.8121,12.0,3,41.22,0.2323
2117,E2C,8,10.0877,2.0,1,23.75,0.1101
2117,W2C,8,10.2821,1.0,1,23.3,0.1066
2118,N2C,14,5.5004,1.0,1,43.56,0.2115
2118,S2C,15,6.2132,3.0,1,38.56,0.2085
2118,E2C,8,9.7841,4.0,2,24.49,0.1218
2118,W2C,8,9.4926,2.0,1,25.24,0.1187
2119,N2C,14,6.2784,0.0,0,38.16,0.1936
2119,S2C,14,6.9258,0.0,0,34.6,0.1843
2119,E2C,9,9.6798,6.0,2,24.75,0.1306
2119,W2C,8,8.8202,3.0,1,27.17,0.129
2120,N2C,14,6.8082,0.0,0,35.19,0.186
2120,S2C,14,7.1698,0.0,0,33.42,0.1808
2120,E2C,9,9.0369,8.0,2,26.51,0.1412
2120,W2C,9,8.7774,4.0,1,27.3,0.1363
2121,N2C,12,7.397,0.0,0,32.39,0.1655
2121,S2C,12,7.7933,0.0,0,30.74,0.1598
2121,E2C,9,8.5188,10.0,2,28.13,0.15
2121,W2C,9,8.3403,5.0,1,28.73,0.1432
2122,N2C,12,8.3192,0.0,0,28.8,0.1522
2122,S2C,13,8.5679,0.0,0,27.96,0.1546
2122,E2C,10,8.7356,12.0,2,27.43,0.1542
2122,W2C,10,8.8346,7.0,2,27.12,0.1495
2123,N2C,11,8.9039,0.0,0,26.91,0.1378
2123,S2C,11,9.0444,0.0,0,26.49,0.1358
2123,E2C,10,8.057,14.0,2,29.74,0.1653
2123,W2C,10,8.6998,9.0,2,27.54,0.1527
2124,N2C,11,9.5354,0.0,0,25.13,0.1287
2124,S2C,11,9.6,0.0,0,24.96,0.1278
2124,E2C,10,7.4132,17.0,3,32.32,0.1826
2124,W2C,10,8.7776,12.0,3,27.3,0.1596
2125,N2C,10,10.4145,0.0,0,23.01,0.11
2125,S2C,10,10.4903,0.0,0,22.84,0.109
2125,E2C,11,7.2924,20.0,3,32.86,0.1923
2125,W2C,11,8.7691,15.0,3,27.32,0.1677
2126,N2C,10,11.0083,0.0,0,21.77,0.1015
2126,S2C,10,10.8987,0.0,0,21.98,0.1031
2126,E2C,11,7.014,24.0,4,34.16,0.205
2126,W2C,11,8.2257,18.0,3,29.13,0.1776
2127,N2C,8,11.9075,0.0,0,20.12,0.0765
2127,S2C,8,11.7257,0.0,0,20.43,0.0792
2127,E2C,11,6.5031,29.0,5,36.84,0.2217
2127,W2C,11,7.7488,21.0,3,30.92,0.1864
2128,N2C,9,12.4142,0.0,0,19.3,0.0752
2128,S2C,9,12.2654,0.0,0,19.53,0.0774
2128,E2C,12,6.8603,34.0,5,34.93,0.2259
2128,W2C,12,7.3179,24.0,3,32.74,0.2006
2129,N2C,7,12.4208,0.0,0,19.29,0.0632
2129,S2C,7,12.3856,0.0,0,19.34,0.0637
2129,E2C,12,6.3865,40.0,6,37.52,0.2427
2129,W2C,12,6.4126,28.0,4,37.36,0.2223
2130,N2C,7,12.5304,0.0,0,19.12,0.0616
2130,S2C,7,12.1733,0.0,0,19.68,0.0667
2130,E2C,12,6.4565,46.0,6,37.11,0.2457
2130,W2C,12,5.9346,32.0,4,40.37,0.2319
2131,N2C,7,12.5242,0.0,0,19.13,0.0617
2131,S2C,6,12.7444,0.0,0,18.8,0.0525
2131,E2C,13,6.8512,52.0,6,34.97,0.25
2131,W2C,13,6.2264,37.0,5,38.48,0.243
2132,N2C,6,12.3201,0.0,0,19.45,0.0586
2132,S2C,6,12.8614,0.0,0,18.63,0.0508
2132,E2C,13,6.5504,58.0,6,36.58,0.2583
2132,W2C,13,5.7603,43.0,6,41.59,0.2597
2133,N2C,6,12.3305,0.0,0,19.43,0.0585
2133,S2C,6,12.7517,0.0,0,18.79,0.0524
2133,E2C,13,5.9029,64.0,6,40.59,0.2717
2133,W2C,13,5.5443,49.0,6,43.22,0.2668
2134,N2C,7,12.4284,0.0,0,19.28,0.063
2134,S2C,6,12.7979,0.0,0,18.72,0.0517
2134,E2C,14,5.9735,70.0,6,40.11,0.2807
2134,W2C,14,5.6136,56.0,7,42.68,0.2825
2135,N2C,7,12.6813,0.0,0,18.89,0.0594
2135,S2C,6,12.9251,0.0,0,18.54,0.0499
2135,E2C,14,5.3968,76.0,6,44.4,0.293
2135,W2C,14,5.365,63.0,7,44.66,0.2908
2136,N2C,6,12.7978,0.0,0,18.72,0.0517
2136,S2C,6,12.6759,0.0,0,18.9,0.0535
2136,E2C,14,4.9156,83.0,7,48.74,0.3106
2136,W2C,14,5.0612,71.0,8,47.34,0.3065
2137,N2C,6,12.5663,0.0,0,19.07,0.0551
2137,S2C,7,12.4398,0.0,0,19.26,0.0629
2137,E2C,15,4.9933,91.0,8,47.98,0.3268
2137,W2C,15,5.1898,79.0,8,46.17,0.3159
2138,N2C,6,12.3809,0.0,0,19.35,0.0577
2138,S2C,7,12.176,0.0,0,19.68,0.0667
2138,E2C,15,4.7045,99.0,8,50.93,0.3363
2138,W2C,15,4.8563,87.0,8,49.34,0.3261
2139,N2C,6,12.6087,0.0,0,19.0,0.0544
2139,S2C,7,12.5007,0.0,0,19.17,0.062
2139,E2C,15,4.4925,108.0,9,53.33,0.3513
2139,W2C,15,4.5604,96.0,9,52.54,0.3423
2140,N2C,7,12.1633,0.0,0,19.7,0.0669
2140,S2C,6,12.5691,0.0,0,19.06,0.055
2140,E2C,16,4.4788,117.0,9,53.5,0.3635
2140,W2C,16,4.6881,105.0,9,51.11,0.3525
2141,N2C,6,11.9889,0.0,0,19.99,0.0634
2141,S2C,6,12.3329,0.0,0,19.43,0.0584
2141,E2C,16,4.3051,127.0,10,55.65,0.3787
2141,W2C,16,4.3803,115.0,10,54.7,0.3696
2142,N2C,6,12.1616,0.0,0,19.7,0.0609
2142,S2C,6,12.4501,0.0,0,19.24,0.0567
2142,E2C,16,4.012,137.0,10,59.72,0.3896
2142,W2C,16,3.9738,125.0,10,60.3,0.3821
2143,N2C,7,11.9125,0.0,0,20.11,0.0705
2143,S2C,7,12.1599,0.0,0,19.7,0.0669
2143,E2C,17,4.1451,148.0,11,57.8,0.407
2143,W2C,17,4.3986,136.0,11,54.47,0.3953
2144,N2C,7,11.5366,0.0,0,20.77,0.0759
2144,S2C,7,11.6167,0.0,0,20.63,0.0747
2144,E2C,17,3.9517,159.0,11,60.63,0.4171
2144,W2C,17,4.1138,147.0,11,58.24,0.4068
2145,N2C,7,10.8872,0.0,0,22.01,0.0852
2145,S2C,7,10.9568,0.0,0,21.87,0.0842
2145,E2C,17,3.5026,170.0,11,68.41,0.4309
2145,W2C,17,3.6906,158.0,11,64.92,0.4202
2146,N2C,8,10.2609,0.0,0,23.35,0.1003
2146,S2C,8,10.3898,0.0,0,23.06,0.0984
2146,E2C,16,4.4238,121.0,9,54.16,0.367
2146,W2C,16,4.6365,114.0,9,51.68,0.3592
2147,N2C,8,9.4634,1.0,1,25.32,0.1184
2147,S2C,8,9.5334,1.0,1,25.13,0.1174
2147,E2C,16,4.0858,85.0,8,58.64,0.3418
2147,W2C,16,4.5689,82.0,7,52.44,0.3269
2148,N2C,8,8.8973,2.0,1,26.93,0.1272
2148,S2C,8,8.8915,2.0,1,26.95,0.1273
2148,E2C,16,4.5296,51.0,6,52.9,0.3008
2148,W2C,16,4.6712,53.0,6,51.29,0.3001
2149,N2C,9,9.3942,3.0,1,25.51,0.1267
2149,S2C,9,8.9283,4.0,2,26.84,0.1401
2149,E2C,15,5.461,31.0,5,43.88,0.262
2149,W2C,15,5.7336,30.0,5,41.79,0.2574
2150,N2C,9,9.3226,5.0,2,25.7,0.1351
2150,S2C,9,8.4867,6.0,2,28.23,0.1478
2150,E2C,15,5.9355,14.0,3,40.37,0.2319
2150,W2C,15,6.0249,13.0,3,39.77,0.2299
2151,N2C,9,9.0553,7.0,2,26.46,0.1403
2151,S2C,9,7.7327,8.0,2,30.99,0.16
2151,E2C,13,5.9825,3.0,1,40.05,0.1999
2151,W2C,14,5.988,3.0,1,40.01,0.2058
2152,N2C,10,8.562,9.0,2,27.98,0.1547
2152,S2C,9,7.1747,11.0,3,33.4,0.176
2152,E2C,14,6.8267,0.0,0,35.1,0.1857
2152,W2C,14,6.9112,0.0,0,34.67,0.1845
2153,N2C,10,7.7813,11.0,2,30.79,0.1673
2153,S2C,10,7.5344,14.0,3,31.8,0.1788
2153,E2C,13,7.3712,0.0,0,32.5,0.1719
2153,W2C,13,7.1375,0.0,0,33.57,0.1752
2154,N2C,10,6.942,14.0,3,34.51,0.1874
2154,S2C,10,7.4931,18.0,4,31.98,0.1881
2154,E2C,12,7.887,0.0,0,30.38,0.1584
2154,W2C,12,7.5347,0.0,0,31.8,0.1635
2155,N2C,11,7.0837,18.0,4,33.82,0.2
2155,S2C,11,7.7995,22.0,4,30.72,0.1924
2155,E2C,12,8.8871,0.0,0,26.96,0.144
2155,W2C,12,8.4772,0.0,0,28.26,0.1499
2156,N2C,11,6.6243,22.0,4,36.17,0.2093
2156,S2C,11,7.8198,26.0,4,30.64,0.1947
2156,E2C,11,9.4952,0.0,0,25.23,0.1293
2156,W2C,11,8.8989,0.0,0,26.92,0.1379
2157,N2C,11,6.4678,26.0,4,37.04,0.2142
2157,S2C,11,7.6898,30.0,4,31.16,0.1993
2157,E2C,9,10.3468,0.0,0,23.16,0.105
2157,W2C,10,9.1927,0.0,0,26.06,0.1276
2158,N2C,12,7.0262,31.0,5,34.1,0.2215
2158,S2C,12,7.9762,34.0,4,30.04,0.2038
2158,E2C,10,11.2901,0.0,0,21.22,0.0974
2158,W2C,10,10.4183,0.0,0,23.0,0.11
2159,N2C,12,6.5521,36.0,5,36.57,0.2317
2159,S2C,12,7.4214,38.0,4,32.28,0.2145
2159,E2C,8,11.6734,0.0,0,20.53,0.0799
2159,W2C,10,10.9566,0.0,0,21.87,0.1022
2160,N2C,12,6.4011,41.0,5,37.43,0.2372
2160,S2C,12,7.016,42.0,4,34.15,0.223
2160,E2C,8,11.763,0.0,0,20.37,0.0786
2160,W2C,8,11.5627,0.0,0,20.72,0.0815
2161,N2C,13,6.555,47.0,6,36.55,0.2509
2161,S2C,13,6.8855,46.0,4,34.8,0.2335
2161,E2C,7,12.5267,0.0,0,19.13,0.0616
2161,W2C,8,11.9593,0.0,0,20.03,0.0758
2162,N2C,13,6.1104,53.0,6,39.21,0.2614
2162,S2C,13,6.0558,50.0,4,39.57,0.2481
2162,E2C,7,12.482,0.0,0,19.2,0.0623
2162,W2C,7,12.1925,0.0,0,19.65,0.0664
2163,N2C,13,5.9233,59.0,6,40.45,0.268
2163,S2C,13,5.3663,55.0,5,44.65,0.2674
2163,E2C,7,12.4003,0.0,0,19.32,0.0634
2163,W2C,6,12.1297,0.0,0,19.75,0.0613
2164,N2C,14,5.9912,65.0,6,39.99,0.2771
2164,S2C,14,5.378,60.0,5,44.55,0.2766
2164,E2C,7,12.5296,0.0,0,19.12,0.0616
2164,W2C,6,12.5994,0.0,0,19.02,0.0546
2165,N2C,14,5.2437,72.0,7,45.69,0.2985
2165,S2C,14,5.0722,67.0,7,47.24,0.2976
2165,E2C,6,12.7759,0.0,0,18.75,0.052
2165,W2C,6,12.1813,0.0,0,19.67,0.0606
2166,N2C,14,4.8934,79.0,7,48.96,0.3082
2166,S2C,14,4.7855,75.0,8,50.07,0.3131
2166,E2C,6,12.5783,0.0,0,19.05,0.0549
2166,W2C,6,12.3804,0.0,0,19.35,0.0577
2167,N2C,15,4.901,86.0,7,48.89,0.3188
2167,S2C,15,4.9419,84.0,9,48.48,0.3288
2167,E2C,6,12.4344,0.0,0,19.27,0.057
2167,W2C,5,12.0033,0.0,0,19.96,0.0572
2168,N2C,15,4.4225,94.0,8,54.18,0.337
2168,S2C,15,4.7863,93.0,9,50.06,0.3371
2168,E2C,6,12.3367,0.0,0,19.42,0.0584
2168,W2C,6,12.3462,0.0,0,19.41,0.0582
2169,N2C,15,4.3294,103.0,9,55.34,0.3503
2169,S2C,15,4.5005,102.0,9,53.24,0.3472
2169,E2C,6,12.3546,0.0,0,19.39,0.0581
2169,W2C,6,12.325,0.0,0,19.44,0.0585
2170,N2C,16,4.4875,112.0,9,53.39,0.3601
2170,S2C,16,4.4662,111.0,9,53.65,0.3597
2170,E2C,6,12.7742,0.0,0,18.76,0.0521
2170,W2C,7,12.7572,0.0,0,18.78,0.0583
2171,N2C,16,4.2615,121.0,9,56.22,0.3693
2171,S2C,16,3.9772,120.0,9,60.24,0.3727
2171,E2C,6,12.2109,0.0,0,19.62,0.0602
2171,W2C,7,12.4994,0.0,0,19.17,0.062
2172,N2C,16,4.2545,131.0,10,56.32,0.3821
2172,S2C,16,3.782,129.0,9,63.35,0.3815
2172,E2C,6,12.2221,0.0,0,19.6,0.06
2172,W2C,6,12.5304,0.0,0,19.12,0.0556
2173,N2C,17,4.2241,141.0,10,56.72,0.3952
2173,S2C,17,4.3078,139.0,10,55.62,0.3926
2173,E2C,6,12.0209,0.0,0,19.93,0.0629
2173,W2C,6,12.6268,0.0,0,18.98,0.0542
2174,N2C,17,3.7789,151.0,10,63.41,0.4083
2174,S2C,17,4.1749,150.0,11,57.39,0.4079
2174,E2C,6,12.0481,0.0,0,19.89,0.0625
2174,W2C,7,12.8206,0.0,0,18.69,0.0574
2175,N2C,17,3.3681,161.0,10,71.14,0.4208
2175,S2C,17,3.8714,161.0,11,61.89,0.4196
2175,E2C,6,11.8766,0.0,0,20.17,0.065
2175,W2C,7,12.573,0.0,0,19.06,0.061
2176,N2C,18,3.7528,173.0,12,63.84,0.4413
2176,S2C,18,3.9808,172.0,11,60.19,0.4313
2176,E2C,7,12.2933,0.0,0,19.49,0.065
2176,W2C,7,12.9741,0.0,0,18.47,0.0552
2177,N2C,18,3.5087,185.0,12,68.29,0.4528
2177,S2C,18,3.583,183.0,11,66.87,0.4444
2177,E2C,7,12.0675,0.0,0,19.86,0.0682
2177,W2C,7,12.2148,0.0,0,19.62,0.0661
2178,N2C,18,3.2609,197.0,12,73.48,0.4644
2178,S2C,18,3.3487,194.0,11,71.55,0.4551
2178,E2C,7,11.9145,0.0,0,20.11,0.0704
2178,W2C,7,11.5293,0.0,0,20.78,0.076
2179,N2C,17,4.0344,146.0,10,59.39,0.4012
2179,S2C,17,4.1232,141.0,9,58.11,0.3906
2179,E2C,8,11.7542,0.0,0,20.38,0.0788
2179,W2C,8,10.9204,0.0,0,21.94,0.0908
2180,N2C,17,4.25,104.0,9,56.38,0.3641
2180,S2C,17,4.089,96.0,9,58.6,0.3611
2180,E2C,8,11.075,0.0,0,21.63,0.0885
2180,W2C,8,10.8562,1.0,1,22.07,0.0983
2181,N2C,17,4.2728,68.0,7,56.08,0.3278
2181,S2C,17,4.346,69.0,7,55.13,0.3274
2181,E2C,8,10.3623,0.0,0,23.12,0.0988
2181,W2C,8,9.8208,2.0,1,24.4,0.1139
2182,N2C,16,5.2998,43.0,5,45.21,0.2784
2182,S2C,16,5.2236,41.0,5,45.87,0.2781
2182,E2C,8,9.2546,1.0,1,25.89,0.1214
2182,W2C,9,9.2848,3.0,1,25.81,0.1283
2183,N2C,16,5.2387,20.0,3,45.74,0.2519
2183,S2C,16,5.4477,18.0,3,43.98,0.2476
2183,E2C,9,8.6598,2.0,1,27.67,0.1366
2183,W2C,9,8.6314,4.0,1,27.76,0.1384
2184,N2C,16,5.5037,5.0,1,43.53,0.2261
2184,S2C,15,5.6551,6.0,2,42.37,0.2246
2184,E2C,9,8.5238,3.0,1,28.11,0.1393
2184,W2C,9,8.1885,6.0,2,29.26,0.1521
2185,N2C,15,6.5211,0.0,0,36.74,0.1961
2185,S2C,15,6.7502,0.0,0,35.49,0.1928
2185,E2C,10,8.9602,4.0,1,26.74,0.1396
2185,W2C,10,8.2305,8.0,2,29.11,0.1588
2186,N2C,15,6.9625,0.0,0,34.41,0.1897
2186,S2C,14,7.1857,0.0,0,33.34,0.1805
2186,E2C,10,8.1907,7.0,3,29.25,0.1647
2186,W2C,10,7.8607,11.0,3,30.48,0.1721
2187,N2C,13,7.5199,0.0,0,31.86,0.1697
2187,S2C,13,7.6392,0.0,0,31.36,0.168
2187,E2C,10,7.4175,10.0,3,32.3,0.1779
2187,W2C,10,7.1471,14.0,3,33.52,0.1844
2188,N2C,14,8.4263,0.0,0,28.43,0.1627
2188,S2C,13,8.339,0.0,0,28.73,0.1579
2188,E2C,11,7.375,13.0,3,32.49,0.1865
2188,W2C,11,7.3345,17.0,3,32.67,0.1897
2189,N2C,12,8.8498,0.0,0,27.07,0.1446
2189,S2C,12,8.6172,0.0,0,27.8,0.1479
2189,E2C,11,6.9711,16.0,3,34.37,0.1943
2189,W2C,11,6.8406,21.0,4,35.03,0.2055
2190,N2C,12,9.5626,0.0,0,25.06,0.1343
2190,S2C,11,8.9866,0.0,0,26.66,0.1366
2190,E2C,11,6.9339,20.0,4,34.56,0.2035
2190,W2C,11,6.8587,25.0,4,34.93,0.2079
2191,N2C,11,10.5798,0.0,0,22.65,0.1137
2191,S2C,11,9.6058,0.0,0,24.94,0.1277
2191,E2C,12,7.4908,25.0,5,31.99,0.2108
2191,W2C,12,7.1118,29.0,4,33.69,0.2129
2192,N2C,10,10.9602,0.0,0,21.86,0.1022
2192,S2C,10,10.3618,0.0,0,23.12,0.1108
2192,E2C,12,6.9642,30.0,5,34.4,0.2217
2192,W2C,12,6.562,34.0,5,36.51,0.2302
2193,N2C,9,11.1743,0.0,0,21.44,0.0931
2193,S2C,9,11.1089,0.0,0,21.57,0.094
2193,E2C,12,6.2906,35.0,5,38.09,0.2348
2193,W2C,12,5.8892,39.0,5,40.68,0.2432
2194,N2C,10,11.2037,0.0,0,21.39,0.0987
2194,S2C,9,11.5883,0.0,0,20.68,0.0871
2194,E2C,13,6.3326,41.0,6,37.84,0.2502
2194,W2C,13,6.0875,45.0,6,39.36,0.2563
2195,N2C,8,11.8417,0.0,0,20.23,0.0775
2195,S2C,8,11.9575,0.0,0,20.04,0.0758
2195,E2C,13,5.741,47.0,6,41.74,0.2627
2195,W2C,13,5.8867,51.0,6,40.7,0.2632
2196,N2C,8,11.9361,0.0,0,20.07,0.0761
2196,S2C,7,11.7156,0.0,0,20.45,0.0733
2196,E2C,13,5.5265,54.0,7,43.35,0.2764
2196,W2C,13,5.8573,58.0,7,40.91,0.2743
2197,N2C,8,12.4785,0.0,0,19.2,0.0683
2197,S2C,7,12.4244,0.0,0,19.28,0.0631
2197,E2C,14,5.5054,61.0,7,43.52,0.2874
2197,W2C,14,6.1894,65.0,7,38.71,0.2802
2198,N2C,7,12.4641,0.0,0,19.22,0.0625
2198,S2C,7,12.1504,0.0,0,19.72,0.067
2198,E2C,14,5.3642,68.0,7,44.67,0.2941
2198,W2C,14,5.6992,72.0,7,42.04,0.2919
2199,N2C,6,12.4823,0.0,0,19.2,0.0563
2199,S2C,7,12.5811,0.0,0,19.04,0.0608
2199,E2C,14,5.132,75.0,7,46.69,0.3021
2199,W2C,14,5.0541,79.0,7,47.41,0.3059
2200,N2C,6,12.7862,0.0,0,18.74,0.0519
2200,S2C,8,12.3765,0.0,0,19.36,0.0698
2200,E2C,15,5.2446,83.0,8,45.68,0.3178
2200,W2C,15,4.7257,86.0,7,50.7,0.3213
2201,N2C,6,12.8851,0.0,0,18.6,0.0505
2201,S2C,6,12.6175,0.0,0,18.99,0.0543
2201,E2C,15,4.7594,91.0,8,50.34,0.3301
2201,W2C,15,4.6143,95.0,9,51.93,0.3409
2202,N2C,6,12.3445,0.0,0,19.41,0.0583
2202,S2C,6,12.6534,0.0,0,18.94,0.0538
2202,E2C,15,4.4829,99.0,8,53.45,0.3395
2202,W2C,15,4.5185,104.0,9,53.03,0.3483
2203,N2C,6,12.5062,0.0,0,19.16,0.0559
2203,S2C,7,12.8866,0.0,0,18.59,0.0564
2203,E2C,16,4.7514,107.0,8,50.43,0.3469
2203,W2C,16,4.728,113.0,9,50.68,0.3573
2204,N2C,6,12.5913,0.0,0,19.03,0.0547
2204,S2C,6,12.8204,0.0,0,18.69,0.0514
2204,E2C,16,4.3042,116.0,9,55.67,0.3654
2204,W2C,16,4.5468,123.0,10,52.7,0.3725
2205,N2C,6,12.5748,0.0,0,19.05,0.0549
2205,S2C,6,12.9512,0.0,0,18.5,0.0495
2205,E2C,16,4.1473,125.0,9,57.77,0.3736
2205,W2C,16,4.0987,133.0,10,58.46,0.3857
2206,N2C,7,12.6768,0.0,0,18.9,0.0595
2206,S2C,7,12.7683,0.0,0,18.77,0.0582
2206,E2C,17,4.2102,134.0,9,56.91,0.3847
2206,W2C,17,4.3644,143.0,10,54.9,0.3945
2207,N2C,6,12.6941,0.0,0,18.87,0.0532
2207,S2C,6,12.6871,0.0,0,18.89,0.0533
2207,E2C,17,3.9045,144.0,10,61.36,0.4018
2207,W2C,17,3.9209,154.0,11,61.11,0.4142
2208,N2C,6,12.3888,0.0,0,19.34,0.0576
2208,S2C,6,12.7925,0.0,0,18.73,0.0518
2208,E2C,17,3.4826,155.0,11,68.8,0.4212
2208,W2C,17,3.6538,165.0,11,65.58,0.4254
2209,N2C,5,12.5276,0.0,0,19.13,0.0496
2209,S2C,7,12.8713,0.0,0,18.62,0.0567
2209,E2C,18,3.7226,166.0,11,64.36,0.4311
2209,W2C,18,3.9764,176.0,11,60.26,0.4341
2210,N2C,6,12.6701,0.0,0,18.91,0.0536
2210,S2C,7,12.5274,0.0,0,19.13,0.0616
2210,E2C,18,3.4541,177.0,11,69.37,0.4423
2210,W2C,18,3.6784,187.0,11,65.14,0.4457
2211,N2C,6,12.5243,0.0,0,19.13,0.0557
2211,S2C,7,12.6553,0.0,0,18.93,0.0598
2211,E2C,18,3.2612,190.0,13,73.47,0.4657
2211,W2C,18,3.5319,199.0,12,67.84,0.4618
2212,N2C,7,12.7106,0.0,0,18.85,0.059
2212,S2C,8,12.2534,0.0,0,19.55,0.0716
2212,E2C,17,4.3067,145.0,11,55.63,0.4027
2212,W2C,17,4.4274,149.0,10,54.12,0.3976
2213,N2C,7,12.6098,0.0,0,19.0,0.0604
2213,S2C,8,11.3,0.0,0,21.2,0.0853
2213,E2C,17,4.2674,105.0,9,56.15,0.3646
2213,W2C,17,4.5672,110.0,9,52.46,0.3636
2214,N2C,7,12.083,0.0,0,19.83,0.068
2214,S2C,8,9.5493,0.0,0,25.09,0.1105
2214,E2C,17,4.3192,70.0,7,55.47,0.3285
2214,W2C,17,4.6247,74.0,7,51.81,0.3267
2215,N2C,8,12.0803,0.0,0,19.83,0.0741
2215,S2C,9,9.0399,0.0,0,26.5,0.1238
2215,E2C,16,5.1212,43.0,5,46.79,0.2809
2215,W2C,16,5.4645,44.0,5,43.85,0.2767
2216,N2C,8,10.7704,0.0,0,22.25,0.0929
2216,S2C,9,8.5951,1.0,1,27.88,0.1369
2216,E2C,16,5.1295,21.0,3,46.71,0.2541
2216,W2C,16,5.4106,20.0,3,44.28,0.2494
2217,N2C,8,9.615,1.0,1,24.92,0.1162
2217,S2C,9,7.9347,3.0,2,30.2,0.1537
2217,E2C,16,5.1733,7.0,1,46.32,0.2322
2217,W2C,15,5.501,5.0,1,43.56,0.2201
2218,N2C,9,9.552,2.0,1,25.08,0.1238
2218,S2C,9,7.5181,5.0,2,31.87,0.1611
2218,E2C,15,5.5121,1.0,1,43.47,0.2173
2218,W2C,15,6.3844,1.0,1,37.53,0.2047
2219,N2C,9,8.9599,3.0,1,26.74,0.133
2219,S2C,10,7.5826,7.0,2,31.6,0.1675
2219,E2C,15,6.2576,0.0,0,38.29,0.1999
2219,W2C,14,6.6318,0.0,0,36.13,0.1885
2220,N2C,9,8.5077,5.0,2,28.16,0.1468
2220,S2C,10,6.8645,10.0,3,34.9,0.1858
2220,E2C,13,6.6485,0.0,0,36.04,0.1823
2220,W2C,13,6.9674,0.0,0,34.39,0.1777
2221,N2C,10,8.7717,7.0,2,27.32,0.1504
2221,S2C,11,7.2404,14.0,4,33.09,0.1951
2221,E2C,14,7.6589,0.0,0,31.28,0.1737
2221,W2C,13,8.2299,0.0,0,29.11,0.1595
2222,N2C,10,8.5098,10.0,3,28.16,0.1621
2222,S2C,11,6.4316,19.0,5,37.25,0.2161
2222,E2C,12,8.207,0.0,0,29.19,0.1538
2222,W2C,12,8.759,0.0,0,27.35,0.1459
2223,N2C,10,7.751,13.0,3,30.91,0.1751
2223,S2C,11,6.1967,24.0,5,38.67,0.2228
2223,E2C,12,8.7906,0.0,0,27.26,0.1454
2223,W2C,11,9.8503,0.0,0,24.32,0.1242
2224,N2C,11,7.8018,17.0,4,30.71,0.189
2224,S2C,12,6.4388,29.0,5,37.21,0.2286
2224,E2C,11,9.5705,0.0,0,25.04,0.1282
2224,W2C,11,10.8219,0.0,0,22.14,0.1102
2225,N2C,11,7.3866,21.0,4,32.44,0.1976
2225,S2C,12,6.5111,34.0,5,36.8,0.2309
2225,E2C,11,10.2559,0.0,0,23.36,0.1183
2225,W2C,10,11.0965,0.0,0,21.59,0.1002
2226,N2C,11,7.0691,25.0,4,33.89,0.2049
2226,S2C,12,5.9198,39.0,5,40.47,0.2428
2226,E2C,9,10.7272,0.0,0,22.34,0.0995
2226,W2C,9,11.8048,0.0,0,20.3,0.084
2227,N2C,12,7.3668,29.0,4,32.52,0.2093
2227,S2C,13,6.3172,45.0,6,37.93,0.253
2227,E2C,9,11.3543,0.0,0,21.1,0.0905
2227,W2C,8,12.6085,0.0,0,19.0,0.0665
2228,N2C,12,6.6417,34.0,5,36.08,0.229
2228,S2C,13,5.9315,51.0,6,40.39,0.2626
2228,E2C,9,11.8556,0.0,0,20.21,0.0833
2228,W2C,8,12.9247,0.0,0,18.54,0.0619
2229,N2C,12,5.9149,39.0,5,40.51,0.2428
2229,S2C,13,5.6895,58.0,7,42.11,0.2767
2229,E2C,8,12.1423,0.0,0,19.73,0.0732
2229,W2C,6,13.3324,0.0,0,17.97,0.044
2230,N2C,13,6.0289,44.0,5,39.74,0.2505
2230,S2C,14,5.9722,65.0,7,40.12,0.2833
2230,E2C,8,12.4432,0.0,0,19.26,0.0688
2230,W2C,7,13.0907,0.0,0,18.3,0.0535
2231,N2C,13,5.4992,51.0,7,43.57,0.2748
2231,S2C,14,5.9509,72.0,7,40.26,0.2883
2231,E2C,7,12.457,0.0,0,19.23,0.0626
2231,W2C,6,13.1466,0.0,0,18.23,0.0467
2232,N2C,13,5.1287,58.0,7,46.72,0.2848
2232,S2C,14,5.6024,79.0,7,42.77,0.298
2232,E2C,7,12.3778,0.0,0,19.36,0.0638
2232,W2C,6,12.7898,0.0,0,18.73,0.0518
2233,N2C,14,5.1573,65.0,7,46.46,0.2951
2233,S2C,15,5.9007,86.0,7,40.61,0.3044
2233,E2C,7,12.4717,0.0,0,19.21,0.0624
2233,W2C,6,13.1312,0.0,0,18.25,0.0469
2234,N2C,14,4.9921,73.0,8,48.0,0.3088
2234,S2C,15,5.3799,93.0,7,44.54,0.3165
2234,E2C,7,12.4319,0.0,0,19.27,0.063
2234,W2C,6,12.9793,0.0,0,18.46,0.0491
2235,N2C,14,4.7028,81.0,8,50.95,0.3183
2235,S2C,15,4.8863,101.0,8,49.03,0.335
2235,E2C,6,12.3807,0.0,0,19.35,0.0577
2235,W2C,6,12.5066,0.0,0,19.16,0.0559
2236,N2C,15,5.0065,89.0,8,47.86,0.3252
2236,S2C,16,4.7382,110.0,9,50.57,0.3551
2236,E2C,6,12.7267,0.0,0,18.83,0.0527
2236,W2C,6,12.7325,0.0,0,18.82,0.0527
2237,N2C,15,4.6447,97.0,8,51.59,0.3358
2237,S2C,16,4.4199,120.0,10,54.21,0.3724
2237,E2C,7,12.8211,0.0,0,18.69,0.0574
2237,W2C,6,12.5543,0.0,0,19.09,0.0552
2238,N2C,15,4.3763,106.0,9,54.75,0.3517
2238,S2C,16,4.1829,131.0,11,57.28,0.3891
2238,E2C,7,12.49,0.0,0,19.18,0.0622
2238,W2C,6,12.7822,0.0,0,18.74,0.052
2239,N2C,16,4.7735,115.0,9,50.19,0.3579
2239,S2C,17,4.3856,142.0,11,54.63,0.3995
2239,E2C,7,12.7933,0.0,0,18.73,0.0578
2239,W2C,6,12.9759,0.0,0,18.47,0.0492
2240,N2C,16,4.4393,125.0,10,53.97,0.3754
2240,S2C,17,4.0511,153.0,11,59.14,0.4117
2240,E2C,7,12.695,0.0,0,18.87,0.0592
2240,W2C,6,12.4615,0.0,0,19.23,0.0566
2241,N2C,16,4.3054,135.0,10,55.65,0.384
2241,S2C,17,3.6159,164.0,11,66.26,0.4253
2241,E2C,6,13.0623,0.0,0,18.34,0.0479
2241,W2C,6,12.6842,0.0,0,18.89,0.0534
2242,N2C,17,4.4484,145.0,10,53.86,0.3946
2242,S2C,18,3.9091,176.0,12,61.29,0.441
2242,E2C,7,12.9022,0.0,0,18.57,0.0562
2242,W2C,6,12.8145,0.0,0,18.7,0.0515
2243,N2C,17,4.0405,155.0,10,59.3,0.4072
2243,S2C,18,3.5682,188.0,12,67.15,0.454
2243,E2C,7,12.524,0.0,0,19.13,0.0617
2243,W2C,6,12.7024,0.0,0,18.86,0.0531
2244,N2C,17,3.7402,165.0,10,64.06,0.4181
2244,S2C,18,3.379,201.0,13,70.91,0.4713
2244,E2C,7,11.4363,0.0,0,20.95,0.0773
2244,W2C,6,12.0222,0.0,0,19.93,0.0629
2245,N2C,16,4.7443,121.0,9,50.5,0.3624
2245,S2C,17,4.0498,155.0,11,59.16,0.413
2245,E2C,8,10.7086,1.0,1,22.37,0.1005
2245,W2C,6,11.4812,0.0,0,20.87,0.0707
2246,N2C,16,5.0026,83.0,8,47.89,0.3273
2246,S2C,17,4.0361,113.0,9,59.36,0.3732
2246,E2C,8,10.2866,2.0,1,23.29,0.1072
2246,W2C,7,11.3023,0.0,0,21.2,0.0793
2247,N2C,16,5.0281,54.0,6,47.65,0.2956
2247,S2C,17,4.1606,76.0,8,57.59,0.3408
2247,E2C,8,9.3558,4.0,2,25.61,0.128
2247,W2C,7,11.034,0.0,0,21.71,0.0831
2248,N2C,15,5.533,27.0,4,43.3,0.2523
2248,S2C,16,4.8381,50.0,6,49.52,0.2957
2248,E2C,9,9.4248,6.0,2,25.42,0.1343
2248,W2C,8,11.217,0.0,0,21.36,0.0865
2249,N2C,15,5.4072,9.0,2,44.31,0.2301
2249,S2C,16,5.0575,29.0,4,47.38,0.2665
2249,E2C,9,8.7065,8.0,2,27.52,0.146
2249,W2C,8,10.8598,1.0,1,22.06,0.0983
2250,N2C,15,5.7181,1.0,1,41.9,0.2143
2250,S2C,15,5.3121,11.0,2,45.1,0.2328
2250,E2C,9,8.1412,11.0,3,29.43,0.1621
2250,W2C,8,10.2903,2.0,1,23.28,0.1072
2251,N2C,14,6.4798,0.0,0,36.98,0.1907
2251,S2C,15,6.13,1.0,1,39.09,0.2084
2251,E2C,10,8.1001,14.0,3,29.58,0.1707
2251,W2C,9,9.8038,3.0,1,24.44,0.1208
2252,N2C,14,7.1507,0.0,0,33.51,0.181
2252,S2C,13,6.3908,0.0,0,37.49,0.186
2252,E2C,10,7.747,17.0,3,30.93,0.1778
2252,W2C,9,9.1827,4.0,1,26.09,0.1304
2253,N2C,12,7.9751,0.0,0,30.04,0.1572
2253,S2C,13,7.4163,0.0,0,32.31,0.1712
2253,E2C,10,7.638,21.0,4,31.37,0.188
2253,W2C,9,8.6513,6.0,2,27.7,0.1454
2254,N2C,13,9.0896,0.0,0,26.36,0.1471
2254,S2C,13,8.3221,0.0,0,28.79,0.1582
2254,E2C,11,7.9005,25.0,4,30.33,0.1929
2254,W2C,10,8.8501,8.0,2,27.07,0.1499
2255,N2C,11,9.4959,0.0,0,25.23,0.1293
2255,S2C,12,8.7501,0.0,0,27.38,0.146
2255,E2C,11,7.3482,29.0,4,32.61,0.2035
2255,W2C,10,8.0492,10.0,2,29.77,0.1628
2256,N2C,10,9.9885,0.0,0,23.99,0.1162
2256,S2C,12,9.5394,0.0,0,25.12,0.1346
2256,E2C,11,6.7732,33.0,4,35.37,0.2145
2256,W2C,10,7.4072,13.0,3,32.35,0.18
2257,N2C,10,10.7335,0.0,0,22.32,0.1054
2257,S2C,11,10.4968,0.0,0,22.83,0.1149
2257,E2C,12,6.8063,37.0,4,35.2,0.2227
2257,W2C,11,7.3523,17.0,4,32.59,0.1955
2258,N2C,8,11.2375,0.0,0,21.32,0.0862
2258,S2C,10,11.1567,0.0,0,21.48,0.0994
2258,E2C,12,6.1409,41.0,4,39.02,0.2349
2258,W2C,11,6.844,21.0,4,35.01,0.2055
2259,N2C,8,12.3871,0.0,0,19.34,0.0696
2259,S2C,9,11.3666,0.0,0,21.08,0.0903
2259,E2C,12,5.7223,47.0,6,41.87,0.2569
2259,W2C,11,6.3354,26.0,5,37.82,0.2221
2260,N2C,7,12.8645,0.0,0,18.62,0.0568
2260,S2C,8,12.0673,0.0,0,19.86,0.0742
2260,E2C,13,6.0928,53.0,6,39.33,0.2616
2260,W2C,12,6.7267,31.0,5,35.62,0.2258
2261,N2C,7,12.8569,0.0,0,18.64,0.0569
2261,S2C,8,12.3881,0.0,0,19.34,0.0696
2261,E2C,13,5.5973,59.0,6,42.81,0.2727
2261,W2C,12,6.3573,37.0,6,37.69,0.2411
2262,N2C,6,12.9205,0.0,0,18.54,0.05
2262,S2C,7,12.524,0.0,0,19.13,0.0617
2262,E2C,13,5.4297,65.0,6,44.13,0.2792
2262,W2C,12,5.9092,43.0,6,40.55,0.2516
2263,N2C,7,13.2059,0.0,0,18.14,0.0519
2263,S2C,7,12.5407,0.0,0,19.11,0.0614
2263,E2C,14,5.4088,72.0,7,44.3,0.2961
2263,W2C,13,6.2591,49.0,6,38.28,0.2565
2264,N2C,6,12.8716,0.0,0,18.61,0.0507
2264,S2C,6,12.8735,0.0,0,18.61,0.0506
2264,E2C,14,5.1017,79.0,7,46.96,0.3052
2264,W2C,13,5.893,55.0,6,40.66,0.2658
2265,N2C,6,12.9748,0.0,0,18.47,0.0492
2265,S2C,6,12.5083,0.0,0,19.16,0.0559
2265,E2C,14,4.9143,86.0,7,48.76,0.3126
2265,W2C,13,5.6349,62.0,7,42.52,0.2802
2266,N2C,6,12.8569,0.0,0,18.64,0.0509
2266,S2C,7,12.5209,0.0,0,19.14,0.0617
2266,E2C,15,5.22,95.0,9,45.9,0.3322
2266,W2C,14,5.7757,69.0,7,41.48,0.2888
2267,N2C,6,13.012,0.0,0,18.41,0.0486
2267,S2C,6,12.6002,0.0,0,19.02,0.0546
2267,E2C,15,5.0538,104.0,9,47.41,0.3406
2267,W2C,14,5.3565,76.0,7,44.73,0.2995
2268,N2C,6,12.9454,0.0,0,18.51,0.0496
2268,S2C,6,12.617,0.0,0,18.99,0.0543
2268,E2C,15,5.1937,113.0,9,46.13,0.3445
2268,W2C,14,4.9618,83.0,7,48.29,0.3099
2269,N2C,7,12.831,0.0,0,18.67,0.0572
2269,S2C,6,12.6302,0.0,0,18.97,0.0541
2269,E2C,16,5.2816,122.0,9,45.36,0.3553
2269,W2C,15,5.2173,90.0,7,45.92,0.3169
2270,N2C,7,13.0196,0.0,0,18.4,0.0545
2270,S2C,6,12.5802,0.0,0,19.05,0.0549
2270,E2C,16,4.5493,131.0,9,52.67,0.3718
2270,W2C,15,4.9716,98.0,8,48.19,0.3317
2271,N2C,6,13.1791,0.0,0,18.18,0.0462
2271,S2C,6,12.6694,0.0,0,18.91,0.0536
2271,E2C,16,4.1977,140.0,9,57.08,0.3829
2271,W2C,15,4.7108,107.0,9,50.86,0.3475
2272,N2C,6,13.2814,0.0,0,18.04,0.0448
2272,S2C,7,12.4202,0.0,0,19.29,0.0632
2272,E2C,17,4.4166,150.0,10,54.25,0.3984
2272,W2C,16,4.5757,116.0,9,52.36,0.3614
2273,N2C,6,13.0871,0.0,0,18.31,0.0476
2273,S2C,7,12.8289,0.0,0,18.68,0.0573
2273,E2C,17,4.1066,160.0,10,58.35,0.4095
2273,W2C,16,4.1086,125.0,9,58.32,0.3742
2274,N2C,6,12.8973,0.0,0,18.58,0.0503
2274,S2C,6,12.8666,0.0,0,18.62,0.0507
2274,E2C,17,3.706,171.0,11,64.65,0.4286
2274,W2C,16,3.9774,134.0,9,60.24,0.3821
2275,N2C,5,13.1173,0.0,0,18.27,0.0411
2275,S2C,7,12.2084,0.0,0,19.63,0.0662
2275,E2C,18,4.0072,182.0,11,59.79,0.4376
2275,W2C,17,4.2275,143.0,9,56.68,0.3905
2276,N2C,6,12.8972,0.0,0,18.58,0.0503
2276,S2C,7,11.7287,0.0,0,20.43,0.0731
2276,E2C,18,3.6446,194.0,12,65.74,0.4569
2276,W2C,17,3.862,153.0,10,62.04,0.4084
2277,N2C,6,12.2936,0.0,0,19.49,0.059
2277,S2C,7,10.9135,0.0,0,21.95,0.0849
2277,E2C,18,3.5638,206.0,12,67.23,0.466
2277,W2C,17,3.6811,164.0,11,65.09,0.4243
2278,N2C,7,11.7023,0.0,0,20.47,0.0735
2278,S2C,7,10.0755,0.0,0,23.78,0.0969
2278,E2C,17,4.2038,152.0,10,57.0,0.4028
2278,W2C,16,4.6831,120.0,10,51.16,0.3686
2279,N2C,7,11.5577,0.0,0,20.73,0.0756
2279,S2C,8,9.7755,1.0,1,24.51,0.1139
2279,E2C,17,4.152,106.0,9,57.71,0.3669
2279,W2C,16,4.5828,83.0,8,52.28,0.3333
2280,N2C,7,10.4405,0.0,0,22.95,0.0917
2280,S2C,8,9.5282,2.0,1,25.15,0.1181
2280,E2C,17,4.264,71.0,7,56.19,0.3299
2280,W2C,16,4.5923,49.0,6,52.17,0.2985
2281,N2C,8,10.4236,1.0,1,22.99,0.1046
2281,S2C,9,9.7256,3.0,1,24.64,0.122
2281,E2C,16,5.0435,43.0,5,47.51,0.282
2281,W2C,15,5.4864,26.0,4,43.67,0.2523
2282,N2C,8,9.7804,2.0,1,24.5,0.1145
2282,S2C,9,9.0751,5.0,2,26.4,0.1387
2282,E2C,16,5.175,21.0,4,46.3,0.2595
2282,W2C,15,5.6173,11.0,2,42.65,0.2285
2283,N2C,8,9.3061,3.0,1,25.75,0.122
2283,S2C,9,8.4207,7.0,2,28.45,0.1494
2283,E2C,16,5.4958,7.0,2,43.6,0.2335
2283,W2C,15,5.9336,1.0,1,40.38,0.2112
2284,N2C,9,9.5106,4.0,1,25.19,0.1257
2284,S2C,10,8.9399,9.0,2,26.8,0.1493
2284,E2C,15,6.2681,0.0,0,38.23,0.1997
2284,W2C,14,6.6116,0.0,0,36.24,0.1888
2285,N2C,9,8.9078,5.0,1,26.9,0.1351
2285,S2C,10,8.2067,12.0,3,29.2,0.1678
2285,E2C,15,6.4032,0.0,0,37.42,0.1978
2285,W2C,14,7.14,0.0,0,33.56,0.1812
2286,N2C,9,7.9971,7.0,2,29.96,0.1555
2286,S2C,10,7.44,15.0,3,32.2,0.1809
2286,E2C,13,6.6915,0.0,0,35.81,0.1816
2286,W2C,12,7.7416,0.0,0,30.95,0.1605
2287,N2C,10,8.0346,9.0,2,29.82,0.1623
2287,S2C,11,7.7058,18.0,3,31.09,0.185
2287,E2C,14,7.8214,0.0,0,30.63,0.1714
2287,W2C,13,8.9167,0.0,0,26.87,0.1496
2288,N2C,10,7.4508,12.0,3,32.16,0.1787
2288,S2C,11,7.2818,22.0,4,32.9,0.1998
2288,E2C,12,8.4502,0.0,0,28.35,0.1503
2288,W2C,11,9.5327,0.0,0,25.13,0.1287
2289,N2C,10,6.8363,15.0,3,35.05,0.1896
2289,S2C,11,6.6859,26.0,4,35.84,0.2111
2289,E2C,12,9.2853,0.0,0,25.8,0.1383
2289,W2C,10,9.9606,0.0,0,24.05,0.1166
2290,N2C,11,6.9141,18.0,3,34.65,0.1964
2290,S2C,12,6.8628,31.0,5,34.91,0.2239
2290,E2C,11,10.4125,0.0,0,23.01,0.1161
2290,W2C,10,10.6757,0.0,0,22.44,0.1063
2291,N2C,11,6.8168,22.0,4,35.15,0.2065
2291,S2C,12,6.5426,36.0,5,36.62,0.2318
2291,E2C,10,10.7698,0.0,0,22.25,0.1049
2291,W2C,10,11.21,0.0,0,21.37,0.0986
2292,N2C,11,6.7294,26.0,4,35.6,0.2104
2292,S2C,12,6.1118,41.0,5,39.2,0.2413
2292,E2C,9,11.1609,0.0,0,21.47,0.0933
2292,W2C,8,11.7005,0.0,0,20.48,0.0795
2293,N2C,12,7.2797,31.0,5,32.91,0.2178
2293,S2C,13,6.2807,46.0,5,38.15,0.2482
2293,E2C,9,11.8866,0.0,0,20.16,0.0828
2293,W2C,8,12.1786,0.0,0,19.67,0.0726
2294,N2C,12,7.1515,36.0,5,33.5,0.223
2294,S2C,13,6.1004,52.0,6,39.28,0.2608
2294,E2C,8,11.9636,0.0,0,20.03,0.0757
2294,W2C,7,12.6809,0.0,0,18.89,0.0594
2295,N2C,12,6.8772,41.0,5,34.84,0.2303
2295,S2C,13,5.6552,59.0,7,42.37,0.2779
2295,E2C,7,12.5603,0.0,0,19.08,0.0611
2295,W2C,6,12.5944,0.0,0,19.02,0.0547
2296,N2C,13,6.926,46.0,5,34.59,0.2389
2296,S2C,14,5.7854,66.0,7,41.41,0.2867
2296,E2C,7,12.958,0.0,0,18.49,0.0554
2296,W2C,6,12.8996,0.0,0,18.57,0.0503
2297,N2C,13,6.1192,51.0,5,39.16,0.2539
2297,S2C,14,5.1937,73.0,7,46.13,0.2999
2297,E2C,6,12.7752,0.0,0,18.76,0.0521
2297,W2C,6,12.5581,0.0,0,19.08,0.0552
2298,N2C,13,5.9326,56.0,5,40.39,0.2599
2298,S2C,14,4.9003,80.0,7,48.89,0.3088
2298,E2C,6,12.8116,0.0,0,18.7,0.0515
2298,W2C,6,12.4967,0.0,0,19.17,0.0561
2299,N2C,14,5.9218,62.0,6,40.46,0.2761
2299,S2C,15,5.0166,88.0,8,47.76,0.3244
2299,E2C,6,12.8695,0.0,0,18.62,0.0507
2299,W2C,7,12.779,0.0,0,18.75,0.058
2300,N2C,14,5.3328,69.0,7,44.93,0.2952
2300,S2C,15,4.6224,97.0,9,51.83,0.3421
2300,E2C,6,13.0553,0.0,0,18.35,0.048
2300,W2C,6,12.9001,0.0,0,18.57,0.0503
2301,N2C,14,4.8256,76.0,7,49.65,0.3072
2301,S2C,15,4.3981,106.0,9,54.48,0.3513
2301,E2C,6,12.8013,0.0,0,18.72,0.0517
2301,W2C,6,12.4944,0.0,0,19.18,0.0561
2302,N2C,15,5.0982,84.0,8,47.0,0.3206
2302,S2C,16,4.6013,115.0,9,52.07,0.3604
2302,E2C,6,12.9228,0.0,0,18.54,0.0499
2302,W2C,7,12.6823,0.0,0,18.89,0.0594
2303,N2C,15,4.6362,92.0,8,51.68,0.3326
2303,S2C,16,4.2917,125.0,10,55.83,0.3775
2303,E2C,6,12.6625,0.0,0,18.92,0.0537
2303,W2C,6,12.7476,0.0,0,18.8,0.0524
2304,N2C,15,4.3344,101.0,9,55.28,0.3489
2304,S2C,16,4.1009,135.0,10,58.43,0.387
2304,E2C,6,12.5359,0.0,0,19.11,0.0555
2304,W2C,6,12.8796,0.0,0,18.6,0.0505
2305,N2C,16,4.4425,110.0,9,53.93,0.3594
2305,S2C,17,4.1379,145.0,10,57.9,0.3991
2305,E2C,7,12.786,0.0,0,18.74,0.0579
2305,W2C,7,13.041,0.0,0,18.37,0.0542
2306,N2C,16,4.1764,119.0,9,57.37,0.3692
2306,S2C,17,3.807,156.0,11,62.94,0.4172
2306,E2C,6,12.6439,0.0,0,18.95,0.0539
2306,W2C,6,13.1314,0.0,0,18.25,0.0469
2307,N2C,16,3.946,129.0,10,60.72,0.3852
2307,S2C,17,3.6304,167.0,11,66.0,0.4271
2307,E2C,6,12.5792,0.0,0,19.05,0.0549
2307,W2C,6,12.8611,0.0,0,18.63,0.0508
2308,N2C,17,4.5349,140.0,11,52.83,0.396
2308,S2C,18,4.2446,179.0,12,56.45,0.4382
2308,E2C,5,12.339,0.0,0,19.42,0.0523
2308,W2C,6,13.0702,0.0,0,18.33,0.0478
2309,N2C,17,4.2714,151.0,11,56.09,0.4072
2309,S2C,18,3.9474,191.0,12,60.7,0.4505
2309,E2C,6,12.5765,0.0,0,19.05,0.0549
2309,W2C,6,12.6884,0.0,0,18.88,0.0533
2310,N2C,17,3.975,162.0,11,60.28,0.4188
2310,S2C,18,3.7137,203.0,12,64.52,0.4619
2310,E2C,6,12.6977,0.0,0,18.87,0.0532
2310,W2C,6,12.8001,0.0,0,18.72,0.0517
2311,N2C,16,4.5253,116.0,9,52.95,0.3622
2311,S2C,17,4.5873,152.0,10,52.23,0.3973
2311,E2C,7,12.3725,0.0,0,19.37,0.0639
2311,W2C,7,13.2001,0.0,0,18.15,0.0519
2312,N2C,16,4.5264,79.0,8,52.93,0.3315
2312,S2C,17,4.4815,111.0,8,53.46,0.3595
2312,E2C,7,12.2526,0.0,0,19.56,0.0656
2312,W2C,7,12.3594,0.0,0,19.39,0.064
2313,N2C,16,4.5972,51.0,6,52.12,0.2998
2313,S2C,17,4.3415,74.0,7,55.19,0.3308
2313,E2C,7,11.9339,0.0,0,20.08,0.0702
2313,W2C,7,11.8676,0.0,0,20.19,0.0711
2314,N2C,15,5.7978,30.0,5,41.33,0.2565
2314,S2C,16,4.8359,45.0,5,49.55,0.2864
2314,E2C,8,10.9283,0.0,0,21.92,0.0906
2314,W2C,8,11.2056,0.0,0,21.38,0.0867
2315,N2C,15,6.0407,14.0,3,39.66,0.2304
2315,S2C,16,4.8827,22.0,4,49.07,0.2644
2315,E2C,8,10.0246,0.0,0,23.9,0.1037
2315,W2C,8,10.6706,0.0,0,22.45,0.0944
2316,N2C,14,6.2215,3.0,1,38.51,0.2024
2316,S2C,15,5.3227,6.0,2,45.01,0.2294
2316,E2C,8,9.059,0.0,0,26.45,0.1176
2316,W2C,8,9.5346,0.0,0,25.13,0.1107
2317,N2C,14,6.983,0.0,0,34.31,0.1835
2317,S2C,15,6.2247,3.0,1,38.49,0.2084
2317,E2C,9,9.1283,1.0,1,26.25,0.1292
2317,W2C,8,9.2106,1.0,1,26.01,0.122
2318,N2C,13,6.9793,0.0,0,34.33,0.1775
2318,S2C,14,6.5793,0.0,0,36.42,0.1893
2318,E2C,9,8.712,3.0,2,27.5,0.1426
2318,W2C,9,8.777,2.0,1,27.3,0.135
2319,N2C,12,7.6133,0.0,0,31.47,0.1624
2319,S2C,13,7.4814,0.0,0,32.03,0.1703
2319,E2C,9,8.6595,5.0,2,27.67,0.1446
2319,W2C,9,8.109,4.0,2,29.55,0.1519
2320,N2C,12,8.5187,0.0,0,28.13,0.1493
2320,S2C,13,9.0057,0.0,0,26.61,0.1483
2320,E2C,10,8.727,8.0,3,27.45,0.1577
2320,W2C,10,8.1142,6.0,2,29.53,0.1592
2321,N2C,11,9.2318,0.0,0,25.95,0.1331
2321,S2C,12,9.4509,0.0,0,25.35,0.1359
2321,E2C,10,8.1937,11.0,3,29.24,0.1674
2321,W2C,10,7.7439,9.0,3,30.94,0.1725
2322,N2C,10,9.5554,0.0,0,25.07,0.1224
2322,S2C,11,9.9686,0.0,0,24.04,0.1225
2322,E2C,10,7.25,14.0,3,33.05,0.1829
2322,W2C,10,7.5021,13.0,4,31.94,0.1846
2323,N2C,10,10.7355,0.0,0,22.32,0.1054
2323,S2C,11,10.7481,0.0,0,22.29,0.1112
2323,E2C,11,7.5811,17.0,3,31.61,0.1862
2323,W2C,11,7.5056,17.0,4,31.92,0.1933
2324,N2C,9,10.9629,0.0,0,21.86,0.0961
2324,S2C,9,11.1663,0.0,0,21.46,0.0932
2324,E2C,11,7.1408,21.0,4,33.55,0.2012
2324,W2C,11,6.9825,21.0,4,34.31,0.2035
2325,N2C,8,11.5044,0.0,0,20.83,0.0824
2325,S2C,9,11.885,0.0,0,20.16,0.0829
2325,E2C,11,6.8815,25.0,4,34.82,0.2076
2325,W2C,11,6.7171,25.0,4,35.67,0.2099
2326,N2C,8,12.1961,0.0,0,19.65,0.0724
2326,S2C,9,12.6695,0.0,0,18.91,0.0716
2326,E2C,12,7.3458,30.0,5,32.62,0.2162
2326,W2C,12,6.9087,30.0,5,34.68,0.2225
2327,N2C,7,12.529,0.0,0,19.12,0.0616
2327,S2C,8,12.9416,0.0,0,18.51,0.0617
2327,E2C,12,7.2186,35.0,5,33.19,0.2214
2327,W2C,12,6.3159,35.0,5,37.94,0.2344
2328,N2C,7,12.9659,0.0,0,18.48,0.0553
2328,S2C,6,13.0313,0.0,0,18.39,0.0484
2328,E2C,12,6.6673,40.0,5,35.94,0.2327
2328,W2C,12,6.1039,40.0,5,39.25,0.2408
2329,N2C,6,12.9192,0.0,0,18.55,0.05
2329,S2C,6,13.2523,0.0,0,18.08,0.0452
2329,E2C,13,6.5316,45.0,5,36.68,0.244
2329,W2C,13,6.1865,46.0,6,38.73,0.2556
2330,N2C,6,13.0104,0.0,0,18.42,0.0487
2330,S2C,6,13.0444,0.0,0,18.37,0.0482
2330,E2C,13,5.6844,51.0,6,42.15,0.2662
2330,W2C,13,5.5495,52.0,6,43.17,0.2688
2331,N2C,6,12.815,0.0,0,18.7,0.0515
2331,S2C,6,13.1569,0.0,0,18.21,0.0466
2331,E2C,13,5.3568,57.0,6,44.73,0.2749
2331,W2C,13,5.6811,58.0,6,42.18,0.2709
2332,N2C,6,13.0801,0.0,0,18.32,0.0477
2332,S2C,5,12.8524,0.0,0,18.64,0.0449
2332,E2C,14,5.4164,64.0,7,44.24,0.2907
2332,W2C,14,5.845,65.0,7,40.99,0.2852
2333,N2C,6,12.9242,0.0,0,18.54,0.0499
2333,S2C,6,13.3115,0.0,0,18.0,0.0443
2333,E2C,14,5.0141,71.0,7,47.78,0.3011
2333,W2C,14,5.6654,72.0,7,42.29,0.2924
2334,N2C,6,12.895,0.0,0,18.58,0.0503
2334,S2C,6,13.0169,0.0,0,18.41,0.0486
2334,E2C,14,4.7522,79.0,8,50.42,0.3162
2334,W2C,14,5.4344,80.0,8,44.09,0.3071
2335,N2C,7,13.0321,0.0,0,18.39,0.0544
2335,S2C,7,12.9979,0.0,0,18.43,0.0548
2335,E2C,15,4.9949,87.0,8,47.97,0.3241
2335,W2C,15,5.5509,88.0,8,43.16,0.3167
2336,N2C,7,12.6557,0.0,0,18.93,0.0598
2336,S2C,6,13.3136,0.0,0,18.0,0.0443
2336,E2C,15,4.7463,95.0,8,50.48,0.333
2336,W2C,15,5.0098,96.0,8,47.83,0.3299
2337,N2C,7,13.1852,0.0,0,18.17,0.0521
2337,S2C,6,13.1881,0.0,0,18.17,0.0461
2337,E2C,15,4.481,104.0,9,53.47,0.3488
2337,W2C,15,4.4485,104.0,8,53.86,0.3433
2338,N2C,6,13.0895,0.0,0,18.3,0.0475
2338,S2C,6,13.337,0.0,0,17.97,0.044
2338,E2C,16,4.5174,113.0,9,53.04,0.3603
2338,W2C,16,4.6032,113.0,9,52.05,0.3591
2339,N2C,6,13.0318,0.0,0,18.39,0.0484
2339,S2C,6,13.0695,0.0,0,18.33,0.0478
2339,E2C,16,4.224,122.0,9,56.72,0.3705
2339,W2C,16,4.393,123.0,10,54.54,0.3747
2340,N2C,6,13.0948,0.0,0,18.3,0.0474
2340,S2C,6,13.4631,0.0,0,17.8,0.0421
2340,E2C,16,4.0835,132.0,10,58.68,0.3852
2340,W2C,16,4.2305,133.0,10,56.64,0.3838
2341,N2C,7,12.6894,0.0,0,18.88,0.0593
2341,S2C,6,12.6023,0.0,0,19.01,0.0545
2341,E2C,17,4.3854,142.0,10,54.64,0.3935
2341,W2C,17,4.39,143.0,10,54.58,0.3941
2342,N2C,7,11.7129,0.0,0,20.46,0.0733
2342,S2C,6,12.7811,0.0,0,18.75,0.052
2342,E2C,17,4.3973,152.0,10,54.49,0.4
2342,W2C,17,4.0929,154.0,11,58.54,0.4117
2343,N2C,7,10.9923,1.0,1,21.8,0.0904
2343,S2C,6,12.6637,0.0,0,18.92,0.0537
2343,E2C,17,4.2483,163.0,11,56.4,0.4155
2343,W2C,17,3.8462,165.0,11,62.29,0.4226
2344,N2C,8,10.5552,2.0,1,22.7,0.1034
2344,S2C,7,12.1756,0.0,0,19.68,0.0667
2344,E2C,16,4.8741,119.0,9,49.16,0.3592
2344,W2C,16,4.5106,125.0,10,53.12,0.3744
2345,N2C,8,9.9764,3.0,1,24.02,0.1124
2345,S2C,7,11.3644,0.0,0,21.08,0.0784
2345,E2C,16,4.4368,82.0,7,54.0,0.3288
2345,W2C,16,4.218,88.0,8,56.8,0.3419
2346,N2C,8,9.1344,4.0,1,26.23,0.1251
2346,S2C,7,10.9313,0.0,0,21.92,0.0846
2346,E2C,16,4.1763,51.0,5,57.37,0.2999
2346,W2C,16,4.2795,56.0,6,55.99,0.3077
2347,N2C,9,8.8572,6.0,2,27.05,0.1425
2347,S2C,8,10.7773,0.0,0,22.23,0.0928
2347,E2C,16,5.0213,26.0,5,47.72,0.271
2347,W2C,15,5.1669,30.0,5,46.37,0.2656
2348,N2C,9,8.5703,8.0,2,27.96,0.1479
2348,S2C,8,10.0237,1.0,1,23.9,0.1103
2348,E2C,15,5.1822,10.0,3,46.24,0.24
2348,W2C,15,5.2638,14.0,3,45.52,0.2415
2349,N2C,9,7.8178,11.0,3,30.65,0.1668
2349,S2C,8,9.5648,3.0,2,25.05,0.1243
2349,E2C,15,5.6325,4.0,2,42.54,0.2236
2349,W2C,14,5.7565,3.0,1,41.62,0.2091
2350,N2C,10,8.0675,14.0,3,29.7,0.1712
2350,S2C,8,8.9752,5.0,2,26.7,0.1341
2350,E2C,14,6.7849,0.0,0,35.31,0.1863
2350,W2C,14,6.6369,0.0,0,36.1,0.1884
2351,N2C,10,7.349,17.0,3,32.6,0.1835
2351,S2C,9,8.8633,7.0,2,27.03,0.143
2351,E2C,14,7.2061,0.0,0,33.25,0.1802
2351,W2C,14,7.1744,0.0,0,33.4,0.1807
2352,N2C,10,6.9021,20.0,3,34.71,0.192
2352,S2C,9,7.9459,9.0,2,30.15,0.1576
2352,E2C,12,7.2382,0.0,0,33.1,0.1678
2352,W2C,12,7.7095,0.0,0,31.08,0.161
2353,N2C,11,7.166,23.0,3,33.44,0.1962
2353,S2C,10,8.2252,12.0,3,29.13,0.1676
2353,E2C,13,8.2913,0.0,0,28.9,0.1586
2353,W2C,13,8.8807,0.0,0,26.98,0.1501
2354,N2C,11,6.6865,28.0,5,35.83,0.2184
2354,S2C,10,7.3725,15.0,3,32.5,0.1818
2354,E2C,11,8.8114,0.0,0,27.19,0.1391
2354,W2C,11,9.3734,0.0,0,25.56,0.131
2355,N2C,11,6.6351,33.0,5,36.11,0.2225
2355,S2C,10,6.9267,18.0,3,34.59,0.1903
2355,E2C,11,9.902,0.0,0,24.2,0.1234
2355,W2C,10,10.1365,0.0,0,23.64,0.114
2356,N2C,12,6.9158,38.0,5,34.65,0.2278
2356,S2C,11,6.94,22.0,4,34.52,0.2047
2356,E2C,10,10.94,0.0,0,21.9,0.1025
2356,W2C,10,11.1819,0.0,0,21.43,0.099
2357,N2C,12,6.1967,43.0,5,38.67,0.2414
2357,S2C,11,6.7792,26.0,4,35.34,0.2097
2357,E2C,10,11.3265,0.0,0,21.15,0.0969
2357,W2C,8,11.94,0.0,0,20.07,0.0761
2358,N2C,12,5.3327,48.0,5,44.93,0.2572
2358,S2C,11,6.7311,31.0,5,35.6,0.2197
2358,E2C,8,11.9015,0.0,0,20.13,0.0766
2358,W2C,8,11.8342,0.0,0,20.25,0.0776
2359,N2C,13,5.9484,53.0,5,40.28,0.2577
2359,S2C,12,7.1859,36.0,5,33.34,0.2225
2359,E2C,9,12.8652,0.0,0,18.62,0.0688
2359,W2C,7,12.7727,0.0,0,18.76,0.0581
2360,N2C,13,5.7472,59.0,6,41.69,0.2706
2360,S2C,12,7.0952,41.0,5,33.77,0.2272
2360,E2C,7,13.1373,0.0,0,18.24,0.0528
2360,W2C,7,12.4965,0.0,0,19.17,0.0621
2361,N2C,13,5.8226,65.0,6,41.15,0.2735
2361,S2C,12,6.8568,46.0,5,34.94,0.2339
2361,E2C,7,12.9979,0.0,0,18.43,0.0548
2361,W2C,6,12.6138,0.0,0,19.0,0.0544
2362,N2C,14,6.3207,72.0,7,37.91,0.283
2362,S2C,13,6.6595,51.0,5,35.98,0.2461
2362,E2C,6,13.1875,0.0,0,18.17,0.0461
2362,W2C,7,12.4552,0.0,0,19.24,0.0627
2363,N2C,14,6.0814,79.0,7,39.4,0.2911
2363,S2C,13,5.6997,56.0,5,42.04,0.2633
2363,E2C,6,13.0121,0.0,0,18.41,0.0486
2363,W2C,7,12.3391,0.0,0,19.42,0.0643
2364,N2C,14,5.5676,86.0,7,43.03,0.3032
2364,S2C,13,5.0968,63.0,7,47.01,0.2886
2364,E2C,6,13.1975,0.0,0,18.15,0.046
2364,W2C,7,12.2753,0.0,0,19.52,0.0652
2365,N2C,15,5.9567,93.0,7,40.22,0.3082
2365,S2C,14,5.4112,70.0,7,44.28,0.2948
2365,E2C,6,13.3554,0.0,0,17.94,0.0437
2365,W2C,7,12.6,0.0,0,19.02,0.0606
2366,N2C,15,5.3388,101.0,8,44.88,0.3285
2366,S2C,14,5.0772,77.0,7,47.19,0.3042
2366,E2C,6,13.474,0.0,0,17.78,0.042
2366,W2C,7,12.3841,0.0,0,19.35,0.0637
2367,N2C,15,4.7693,109.0,8,50.24,0.342
2367,S2C,14,4.8464,84.0,7,49.44,0.3122
2367,E2C,6,13.3522,0.0,0,17.94,0.0437
2367,W2C,6,12.5891,0.0,0,19.03,0.0547
2368,N2C,16,4.7343,118.0,9,50.61,0.3605
2368,S2C,15,5.1903,92.0,8,46.16,0.3246
2368,E2C,6,12.9338,0.0,0,18.53,0.0498
2368,W2C,6,12.7264,0.0,0,18.83,0.0528
2369,N2C,16,4.3572,127.0,9,54.99,0.3719
2369,S2C,15,4.859,100.0,8,49.31,0.3347
2369,E2C,6,12.8731,0.0,0,18.61,0.0506
2369,W2C,6,13.032,0.0,0,18.39,0.0484
2370,N2C,16,4.1059,136.0,9,58.35,0.3815
2370,S2C,15,4.808,109.0,9,49.83,0.3474
2370,E2C,6,12.8171,0.0,0,18.69,0.0514
2370,W2C,6,12.8362,0.0,0,18.67,0.0512
2371,N2C,17,4.4325,146.0,10,54.05,0.3955
2371,S2C,16,4.8948,118.0,9,48.95,0.3582
2371,E2C,6,12.9846,0.0,0,18.45,0.049
2371,W2C,6,12.998,0.0,0,18.43,0.0488
2372,N2C,17,4.2291,156.0,10,56.65,0.4051
2372,S2C,16,4.6929,127.0,9,51.06,0.3671
2372,E2C,6,12.7883,0.0,0,18.74,0.0519
2372,W2C,6,12.5353,0.0,0,19.11,0.0555
2373,N2C,17,3.8944,167.0,11,61.52,0.4233
2373,S2C,16,4.4966,137.0,10,53.28,0.3826
2373,E2C,6,12.7417,0.0,0,18.8,0.0525
2373,W2C,6,12.8478,0.0,0,18.65,0.051
2374,N2C,18,4.0878,178.0,11,58.61,0.4338
2374,S2C,17,4.7613,147.0,10,50.32,0.3914
2374,E2C,6,13.2268,0.0,0,18.11,0.0455
2374,W2C,6,13.0109,0.0,0,18.42,0.0487
2375,N2C,18,3.7008,190.0,12,64.74,0.4534
2375,S2C,17,4.2882,157.0,10,55.87,0.4049
2375,E2C,6,12.5526,0.0,0,19.09,0.0553
2375,W2C,6,12.6078,0.0,0,19.0,0.0545
2376,N2C,18,3.5824,202.0,12,66.88,0.4631
2376,S2C,17,4.1172,167.0,10,58.19,0.414
2376,E2C,6,12.583,0.0,0,19.04,0.0548
2376,W2C,6,12.4333,0.0,0,19.27,0.057
2377,N2C,17,4.2213,149.0,11,56.76,0.4066
2377,S2C,16,4.5931,119.0,9,52.17,0.3632
2377,E2C,7,11.6535,0.0,0,20.56,0.0742
2377,W2C,7,11.7589,0.0,0,20.38,0.0727
2378,N2C,17,4.2001,105.0,9,57.05,0.3655
2378,S2C,16,4.3892,79.0,7,54.59,0.3275
2378,E2C,7,11.1681,0.0,0,21.45,0.0812
2378,W2C,7,11.3662,0.0,0,21.08,0.0783
2379,N2C,17,4.0949,68.0,7,58.51,0.3304
2379,S2C,16,4.4654,50.0,7,53.66,0.307
2379,E2C,7,10.647,0.0,0,22.5,0.0887
2379,W2C,7,10.9312,0.0,0,21.92,0.0846
2380,N2C,16,4.7464,42.0,6,50.48,0.2917
2380,S2C,15,5.3473,27.0,5,44.81,0.261
2380,E2C,8,10.6576,1.0,1,22.48,0.1012
2380,W2C,8,11.252,0.0,0,21.29,0.086
2381,N2C,16,4.9614,23.0,4,48.29,0.2639
2381,S2C,15,5.5685,11.0,3,43.03,0.2352
2381,E2C,8,9.7462,2.0,1,24.58,0.115
2381,W2C,8,11.0418,1.0,1,21.7,0.0957
2382,N2C,14,5.0322,10.0,3,47.61,0.2362
2382,S2C,14,5.6212,4.0,1,42.62,0.2117
2382,E2C,8,8.9297,3.0,1,26.83,0.1274
2382,W2C,8,10.7488,2.0,1,22.29,0.1006
2383,N2C,15,6.1896,2.0,1,38.71,0.2082
2383,S2C,14,6.2149,0.0,0,38.55,0.1945
2383,E2C,9,9.0406,4.0,1,26.5,0.1325
2383,W2C,9,10.4671,3.0,1,22.89,0.1113
2384,N2C,14,6.266,0.0,0,38.24,0.1938
2384,S2C,14,6.6439,0.0,0,36.06,0.1883
2384,E2C,9,8.5641,6.0,2,27.98,0.1467
2384,W2C,9,8.9124,4.0,1,26.88,0.1343
2385,N2C,13,6.8655,0.0,0,34.9,0.1791
2385,S2C,12,7.0604,0.0,0,33.94,0.1703
2385,E2C,9,8.19,8.0,2,29.26,0.1534
2385,W2C,9,8.3187,5.0,1,28.8,0.1436
2386,N2C,13,7.615,0.0,0,31.46,0.1684
2386,S2C,13,8.136,0.0,0,29.45,0.1609
2386,E2C,10,8.7347,10.0,2,27.43,0.1529
2386,W2C,10,8.2659,7.0,2,28.99,0.1576
2387,N2C,12,8.5625,0.0,0,27.98,0.1487
2387,S2C,11,8.261,0.0,0,29.0,0.1471
2387,E2C,10,8.2617,13.0,3,29.0,0.1677
2387,W2C,10,7.5784,10.0,3,31.62,0.1755
2388,N2C,11,9.4965,0.0,0,25.23,0.1293
2388,S2C,11,8.9103,0.0,0,26.89,0.1377
2388,E2C,10,7.5143,16.0,3,31.89,0.1805
2388,W2C,10,7.0177,13.0,3,34.14,0.1856
2389,N2C,11,10.4052,0.0,0,23.03,0.1162
2389,S2C,10,9.4888,0.0,0,25.25,0.1234
2389,E2C,11,7.572,20.0,4,31.64,0.1943
2389,W2C,11,7.1971,16.0,3,33.29,0.191
2390,N2C,10,10.7782,0.0,0,22.23,0.1048
2390,S2C,10,10.1493,0.0,0,23.61,0.1139
2390,E2C,11,6.9478,24.0,4,34.49,0.206
2390,W2C,11,7.0858,20.0,4,33.81,0.2013
2391,N2C,9,11.1738,0.0,0,21.44,0.0931
2391,S2C,8,10.4987,0.0,0,22.82,0.0968
2391,E2C,11,6.2856,28.0,4,38.12,0.2182
2391,W2C,11,6.8884,24.0,4,34.78,0.2068
2392,N2C,9,11.9349,0.0,0,20.08,0.0822
2392,S2C,8,11.5195,0.0,0,20.8,0.0821
2392,E2C,12,6.5583,32.0,4,36.53,0.2229
2392,W2C,12,7.2868,29.0,5,32.88,0.2164
2393,N2C,8,12.2425,0.0,0,19.57,0.0717
2393,S2C,7,11.359,0.0,0,21.09,0.0784
2393,E2C,12,6.2496,37.0,5,38.34,0.2367
2393,W2C,12,6.7067,34.0,5,35.73,0.2281
2394,N2C,7,11.927,0.0,0,20.09,0.0703
2394,S2C,6,11.0779,0.0,0,21.63,0.0765
2394,E2C,12,6.1071,43.0,6,39.23,0.2487
2394,W2C,12,5.8277,39.0,5,41.11,0.2441
2395,N2C,7,12.6736,0.0,0,18.91,0.0595
2395,S2C,7,11.2621,0.0,0,21.27,0.0798
2395,E2C,13,6.7738,49.0,6,35.37,0.2491
2395,W2C,13,6.0009,45.0,6,39.93,0.2576
2396,N2C,6,12.1645,0.0,0,19.7,0.0608
2396,S2C,7,11.792,0.0,0,20.32,0.0722
2396,E2C,13,6.4425,55.0,6,37.19,0.2579
2396,W2C,13,5.5139,51.0,6,43.45,0.2686
2397,N2C,6,12.3438,0.0,0,19.41,0.0583
2397,S2C,7,11.1768,0.0,0,21.44,0.0811
2397,E2C,13,6.0066,61.0,6,39.89,0.2682
2397,W2C,13,5.3209,58.0,7,45.03,0.2821
2398,N2C,7,12.4506,0.0,0,19.24,0.0627
2398,S2C,6,11.3009,0.0,0,21.2,0.0733
2398,E2C,14,5.6037,67.0,6,42.76,0.284
2398,W2C,14,5.4677,65.0,7,43.82,0.2906
2399,N2C,7,12.6362,0.0,0,18.96,0.0601
2399,S2C,7,11.5604,0.0,0,20.73,0.0755
2399,E2C,14,5.0518,73.0,6,47.43,0.2959
2399,W2C,14,5.0809,72.0,7,47.16,0.3008
2400,N2C,7,12.6641,0.0,0,18.92,0.0597
2400,S2C,7,11.4347,0.0,0,20.95,0.0774
2400,E2C,14,4.7139,80.0,7,50.83,0.3115
2400,W2C,14,4.7152,80.0,8,50.81,0.3174
2401,N2C,6,12.6123,0.0,0,19.0,0.0544
2401,S2C,8,11.7243,0.0,0,20.44,0.0792
2401,E2C,15,5.2127,88.0,8,45.96,0.3216
2401,W2C,15,5.2278,89.0,9,45.83,0.3281
2402,N2C,6,12.6012,0.0,0,19.01,0.0546
2402,S2C,8,11.7247,0.0,0,20.44,0.0792
2402,E2C,15,4.9819,96.0,8,48.09,0.3303
2402,W2C,15,5.2244,98.0,9,45.86,0.3341
2403,N2C,6,12.3819,0.0,0,19.35,0.0577
2403,S2C,7,11.6452,0.0,0,20.58,0.0743
2403,E2C,15,4.6803,105.0,9,51.19,0.3466
2403,W2C,15,5.1569,107.0,9,46.46,0.3411
2404,N2C,7,12.4781,0.0,0,19.2,0.0623
2404,S2C,6,11.3227,0.0,0,21.16,0.073
2404,E2C,16,5.0321,114.0,9,47.61,0.3535
2404,W2C,16,5.2505,116.0,9,45.63,0.3517
2405,N2C,7,12.3208,0.0,0,19.45,0.0646
2405,S2C,7,11.6399,0.0,0,20.58,0.0744
2405,E2C,16,4.6827,123.0,9,51.17,0.3646
2405,W2C,16,4.6228,125.0,9,51.83,0.3668
2406,N2C,6,12.2318,0.0,0,19.59,0.0599
2406,S2C,7,12.0986,0.0,0,19.8,0.0678
2406,E2C,16,4.3148,133.0,10,55.53,0.3825
2406,W2C,16,4.092,134.0,9,58.55,0.3804
2407,N2C,6,12.327,0.0,0,19.44,0.0585
2407,S2C,7,12.0686,0.0,0,19.85,0.0682
2407,E2C,17,4.2925,143.0,10,55.82,0.3955
2407,W2C,17,4.331,143.0,9,55.32,0.389
2408,N2C,7,11.78,0.0,0,20.34,0.0724
2408,S2C,7,11.9239,0.0,0,20.09,0.0703
2408,E2C,17,4.0037,154.0,11,59.85,0.413
2408,W2C,17,4.0222,154.0,11,59.57,0.4128
2409,N2C,7,10.9097,0.0,0,21.96,0.0849
2409,S2C,7,11.9409,0.0,0,20.07,0.0701
2409,E2C,17,3.6737,165.0,11,65.22,0.4251
2409,W2C,17,3.7499,165.0,11,63.9,0.424
2410,N2C,8,10.9818,0.0,0,21.82,0.0899
2410,S2C,8,11.6325,0.0,0,20.6,0.0805
2410,E2C,16,4.4823,118.0,9,53.46,0.3641
2410,W2C,16,4.4528,122.0,9,53.81,0.3672
2411,N2C,8,10.9591,1.0,1,21.86,0.0969
2411,S2C,8,10.9103,0.0,0,21.96,0.0909
2411,E2C,16,4.3017,80.0,8,55.7,0.3354
2411,W2C,16,4.2154,84.0,8,56.84,0.3393
2412,N2C,8,10.182,2.0,1,23.53,0.1087
2412,S2C,8,10.4904,0.0,0,22.84,0.0969
2412,E2C,16,4.4478,49.0,6,53.87,0.3006
2412,W2C,16,4.2654,53.0,6,56.17,0.3059
2413,N2C,9,9.7921,3.0,1,24.47,0.121
2413,S2C,9,10.0592,0.0,0,23.82,0.1092
2413,E2C,16,5.0647,28.0,4,47.31,0.2657
2413,W2C,15,5.0259,28.0,4,47.67,0.2603
2414,N2C,9,8.5134,4.0,1,28.14,0.1401
2414,S2C,9,9.2841,0.0,0,25.81,0.1203
2414,E2C,15,5.2306,11.0,2,45.81,0.234
2414,W2C,15,5.3735,12.0,3,44.59,0.2386
2415,N2C,9,8.1635,6.0,2,29.35,0.1525
2415,S2C,9,8.5361,1.0,1,28.07,0.1378
2415,E2C,14,5.3291,1.0,1,44.96,0.2139
2415,W2C,14,5.3511,3.0,2,44.78,0.221
2416,N2C,10,8.1135,9.0,3,29.53,0.1672
2416,S2C,10,8.5138,3.0,2,28.14,0.1514
2416,E2C,14,6.2708,0.0,0,38.21,0.1937
2416,W2C,14,6.1262,0.0,0,39.11,0.1958
2417,N2C,10,7.7145,12.0,3,31.06,0.1749
2417,S2C,10,8.2877,6.0,3,28.91,0.1627
2417,E2C,14,7.0734,0.0,0,33.87,0.1822
2417,W2C,13,6.6971,0.0,0,35.78,0.1816
2418,N2C,10,7.6047,15.0,3,31.51,0.1785
2418,S2C,10,7.7044,9.0,3,31.1,0.1731
2418,E2C,12,7.6283,0.0,0,31.41,0.1622
2418,W2C,12,7.2755,0.0,0,32.93,0.1672
2419,N2C,11,8.2528,19.0,4,29.03,0.1838
2419,S2C,11,8.0652,12.0,3,29.71,0.1759
2419,E2C,13,8.4912,0.0,0,28.22,0.1557
2419,W2C,12,8.4886,0.0,0,28.23,0.1498
2420,N2C,11,7.6788,23.0,4,31.2,0.1948
2420,S2C,11,7.4672,15.0,3,32.09,0.1865
2420,E2C,11,8.8725,0.0,0,27.0,0.1382
2420,W2C,11,8.9949,0.0,0,26.64,0.1365
2421,N2C,11,7.2535,27.0,4,33.03,0.2036
2421,S2C,11,7.0752,19.0,4,33.86,0.2008
2421,E2C,11,9.9914,0.0,0,23.98,0.1221
2421,W2C,10,9.508,0.0,0,25.2,0.1231
2422,N2C,12,7.152,31.0,4,33.5,0.2137
2422,S2C,12,6.9981,23.0,4,34.24,0.2106
2422,E2C,10,10.9274,0.0,0,21.93,0.1027
2422,W2C,10,10.3647,0.0,0,23.12,0.1108
2423,N2C,12,6.3205,35.0,4,37.91,0.2283
2423,S2C,12,6.3764,27.0,4,37.58,0.2222
2423,E2C,9,11.7522,0.0,0,20.39,0.0848
2423,W2C,10,10.8374,0.0,0,22.11,0.104
2424,N2C,12,6.1332,39.0,4,39.07,0.2337
2424,S2C,12,6.2427,32.0,5,38.38,0.2334
2424,E2C,8,12.0963,0.0,0,19.81,0.0738
2424,W2C,8,11.4132,0.0,0,20.99,0.0837
2425,N2C,13,6.4898,45.0,6,36.92,0.2506
2425,S2C,13,6.6008,38.0,6,36.3,0.2443
2425,E2C,8,12.635,0.0,0,18.96,0.0661
2425,W2C,9,12.1506,0.0,0,19.72,0.079
2426,N2C,13,5.9818,51.0,6,40.05,0.2619
2426,S2C,13,6.0358,44.0,6,39.7,0.2564
2426,E2C,7,12.9669,0.0,0,18.48,0.0553
2426,W2C,7,12.0011,0.0,0,19.96,0.0692
2427,N2C,13,5.907,57.0,6,40.56,0.2669
2427,S2C,13,5.3341,50.0,6,44.92,0.2705
2427,E2C,7,12.6776,0.0,0,18.9,0.0595
2427,W2C,7,11.8377,0.0,0,20.24,0.0716
2428,N2C,14,6.0367,63.0,6,39.69,0.2751
2428,S2C,14,5.5544,56.0,6,43.14,0.2774
2428,E2C,8,12.7088,0.0,0,18.85,0.065
2428,W2C,6,12.1557,0.0,0,19.71,0.061
2429,N2C,14,5.2488,70.0,7,45.65,0.2971
2429,S2C,14,5.3415,64.0,8,44.86,0.2978
2429,E2C,6,12.9664,0.0,0,18.48,0.0493
2429,W2C,6,12.1698,0.0,0,19.69,0.0608
2430,N2C,14,4.847,78.0,8,49.43,0.3142
2430,S2C,14,5.4593,72.0,8,43.89,0.3014
2430,E2C,6,12.8698,0.0,0,18.62,0.0507
2430,W2C,6,11.9249,0.0,0,20.09,0.0643
2431,N2C,15,5.3201,86.0,8,45.04,0.3187
2431,S2C,15,5.7835,80.0,8,41.43,0.3081
2431,E2C,6,12.9393,0.0,0,18.52,0.0497
2431,W2C,7,12.0609,0.0,0,19.87,0.0683
2432,N2C,15,4.9722,95.0,9,48.19,0.3357
2432,S2C,15,5.3401,88.0,8,44.87,0.3198
2432,E2C,6,13.0048,0.0,0,18.42,0.0487
2432,W2C,7,12.0476,0.0,0,19.89,0.0685
2433,N2C,15,4.6565,104.0,9,51.45,0.3463
2433,S2C,15,4.7617,96.0,8,50.32,0.3334
2433,E2C,6,12.7322,0.0,0,18.82,0.0527
2433,W2C,7,11.8433,0.0,0,20.23,0.0715
2434,N2C,16,4.6344,113.0,9,51.7,0.3586
2434,S2C,16,4.9617,105.0,9,48.29,0.3486
2434,E2C,6,12.5078,0.0,0,19.16,0.0559
2434,W2C,7,12.1753,0.0,0,19.68,0.0667
2435,N2C,16,4.2595,122.0,9,56.25,0.37
2435,S2C,16,4.6379,114.0,9,51.66,0.3592
2435,E2C,6,12.6543,0.0,0,18.93,0.0538
2435,W2C,7,12.1304,0.0,0,19.75,0.0673
2436,N2C,16,4.0308,132.0,10,59.44,0.386
2436,S2C,16,4.2907,124.0,10,55.84,0.3769
2436,E2C,6,12.7411,0.0,0,18.81,0.0525
2436,W2C,7,12.2009,0.0,0,19.64,0.0663
2437,N2C,17,4.1177,143.0,11,58.19,0.404
2437,S2C,17,4.4727,134.0,10,53.57,0.3869
2437,E2C,6,12.9681,0.0,0,18.48,0.0493
2437,W2C,7,11.8159,0.0,0,20.28,0.0719
2438,N2C,17,3.8515,154.0,11,62.21,0.4152
2438,S2C,17,4.1445,144.0,10,57.81,0.3983
2438,E2C,6,12.6204,0.0,0,18.99,0.0543
2438,W2C,7,11.8706,0.0,0,20.18,0.0711
2439,N2C,17,3.5617,165.0,11,67.27,0.4267
2439,S2C,17,3.7528,155.0,11,63.85,0.4173
2439,E2C,6,12.6236,0.0,0,18.98,0.0542
2439,W2C,6,11.8132,0.0,0,20.28,0.0659
2440,N2C,18,3.7667,176.0,11,63.61,0.4371
2440,S2C,18,4.1088,166.0,11,58.31,0.4255
2440,E2C,7,12.1801,0.0,0,19.67,0.0666
2440,W2C,7,12.3687,0.0,0,19.37,0.0639
2441,N2C,18,3.6102,188.0,12,66.37,0.4534
2441,S2C,18,3.9044,178.0,12,61.37,0.4424
2441,E2C,7,11.6072,0.0,0,20.64,0.0749
2441,W2C,7,12.0296,0.0,0,19.92,0.0688
2442,N2C,18,3.2149,200.0,12,74.53,0.467
2442,S2C,18,3.4034,190.0,12,70.4,0.4577
2442,E2C,7,10.7744,1.0,1,22.24,0.0935
2442,W2C,7,11.7058,0.0,0,20.47,0.0735
2443,N2C,17,4.0521,152.0,11,59.13,0.411
2443,S2C,17,4.1212,147.0,11,58.14,0.4067
2443,E2C,8,11.0771,2.0,1,21.63,0.0958
2443,W2C,7,10.9682,0.0,0,21.84,0.0841
2444,N2C,17,3.8957,107.0,9,61.5,0.3712
2444,S2C,17,4.0792,108.0,9,58.74,0.3693
2444,E2C,8,10.4182,3.0,1,23.0,0.106
2444,W2C,8,10.5377,0.0,0,22.74,0.0963
2445,N2C,17,3.8757,74.0,7,61.82,0.3375
2445,S2C,17,4.1062,75.0,7,58.35,0.3349
2445,E2C,8,9.9313,4.0,1,24.13,0.1137
2445,W2C,8,8.9851,0.0,0,26.67,0.1186
2446,N2C,16,4.713,46.0,5,50.84,0.2888
2446,S2C,16,4.7338,48.0,6,50.61,0.2958
2446,E2C,9,9.5523,5.0,1,25.08,0.1258
2446,W2C,9,8.9548,0.0,0,26.76,0.1251
2447,N2C,16,4.8872,24.0,4,49.03,0.2656
2447,S2C,16,4.7633,26.0,4,50.3,0.2687
2447,E2C,9,9.0297,7.0,2,26.53,0.1406
2447,W2C,9,8.5295,1.0,1,28.09,0.1379
2448,N2C,15,5.4115,8.0,2,44.28,0.2294
2448,S2C,16,5.0132,11.0,2,47.79,0.2431
2448,E2C,9,8.3779,9.0,2,28.6,0.1514
2448,W2C,9,8.1519,3.0,2,29.39,0.1506
2449,N2C,15,6.4603,0.0,0,37.09,0.197
2449,S2C,15,5.8481,4.0,1,40.97,0.2145
2449,E2C,10,8.8818,12.0,3,26.98,0.1581
2449,W2C,9,8.0332,6.0,3,29.83,0.1603
2450,N2C,14,7.3318,0.0,0,32.68,0.1784
2450,S2C,15,6.0885,0.0,0,39.35,0.2023
2450,E2C,10,8.7033,15.0,3,27.53,0.1627
2450,W2C,10,8.3261,9.0,3,28.78,0.1641
2451,N2C,13,7.8305,0.0,0,30.6,0.1652
2451,S2C,13,6.4018,0.0,0,37.43,0.1858
2451,E2C,10,7.8478,18.0,3,30.53,0.177
2451,W2C,10,7.736,12.0,3,30.97,0.1746
2452,N2C,13,8.8649,0.0,0,27.03,0.1504
2452,S2C,14,7.5537,0.0,0,31.72,0.1752
2452,E2C,11,7.5269,21.0,3,31.83,0.1896
2452,W2C,11,7.482,15.0,3,32.02,0.1863
2453,N2C,12,9.1446,0.0,0,26.2,0.1403
2453,S2C,12,7.8101,0.0,0,30.68,0.1595
2453,E2C,11,6.9311,25.0,4,34.57,0.2069
2453,W2C,11,6.7715,19.0,4,35.38,0.2052
2454,N2C,11,9.8967,0.0,0,24.21,0.1235
2454,S2C,12,8.2803,0.0,0,28.94,0.1528
2454,E2C,11,6.5805,29.0,4,36.41,0.2146
2454,W2C,11,6.5446,23.0,4,36.61,0.2111
2455,N2C,11,10.9298,0.0,0,21.92,0.1086
2455,S2C,11,9.3284,0.0,0,25.69,0.1317
2455,E2C,12,6.8816,34.0,5,34.82,0.2256
2455,W2C,12,7.126,28.0,5,33.62,0.2181
2456,N2C,10,11.1508,0.0,0,21.49,0.0994
2456,S2C,11,9.8496,0.0,0,24.33,0.1242
2456,E2C,12,6.1189,39.0,5,39.16,0.2399
2456,W2C,12,6.8098,33.0,5,35.18,0.2259
2457,N2C,9,11.3259,0.0,0,21.16,0.0909
2457,S2C,9,10.4181,0.0,0,23.0,0.104
2457,E2C,12,5.7883,44.0,5,41.39,0.248
2457,W2C,12,6.4381,38.0,5,37.22,0.2346
2458,N2C,8,12.3737,0.0,0,19.36,0.0698
2458,S2C,9,11.4915,0.0,0,20.85,0.0885
2458,E2C,13,6.0172,50.0,6,39.82,0.2607
2458,W2C,13,6.3669,43.0,5,37.63,0.245
2459,N2C,8,12.2592,0.0,0,19.54,0.0715
2459,S2C,8,11.9911,0.0,0,19.98,0.0753
2459,E2C,13,5.6139,56.0,6,42.68,0.2705
2459,W2C,13,5.9705,48.0,5,40.13,0.254
2460,N2C,6,12.321,0.0,0,19.45,0.0586
2460,S2C,8,12.2558,0.0,0,19.55,0.0715
2460,E2C,13,5.2566,62.0,6,45.58,0.2796
2460,W2C,13,5.6356,53.0,5,42.52,0.2622
2461,N2C,7,12.433,0.0,0,19.27,0.063
2461,S2C,8,12.8721,0.0,0,18.61,0.0627
2461,E2C,14,5.5224,68.0,6,43.39,0.2858
2461,W2C,14,5.7607,59.0,6,41.59,0.2764
2462,N2C,6,12.2596,0.0,0,19.54,0.0595
2462,S2C,6,12.6361,0.0,0,18.96,0.0541
2462,E2C,14,5.3177,75.0,7,45.06,0.2994
2462,W2C,14,5.0896,65.0,6,47.08,0.29
2463,N2C,6,12.383,0.0,0,19.35,0.0577
2463,S2C,6,12.8316,0.0,0,18.67,0.0512
2463,E2C,14,5.04,83.0,8,47.54,0.3148
2463,W2C,14,4.5535,72.0,7,52.62,0.3084
2464,N2C,7,11.9473,0.0,0,20.05,0.07
2464,S2C,7,12.2541,0.0,0,19.55,0.0656
2464,E2C,15,5.2163,91.0,8,45.93,0.3236
2464,W2C,15,4.8304,80.0,8,49.6,0.3218
2465,N2C,6,11.5945,0.0,0,20.66,0.0691
2465,S2C,7,12.4953,0.0,0,19.18,0.0621
2465,E2C,15,4.8396,99.0,8,49.51,0.3343
2465,W2C,15,4.659,88.0,8,51.43,0.3296
2466,N2C,6,11.6357,0.0,0,20.59,0.0685
2466,S2C,7,12.1794,0.0,0,19.67,0.0666
2466,E2C,15,4.5539,108.0,9,52.61,0.3504
2466,W2C,15,4.7442,97.0,9,50.5,0.3404
2467,N2C,5,11.619,0.0,0,20.62,0.0627
2467,S2C,8,12.2521,0.0,0,19.56,0.0716
2467,E2C,16,4.6595,117.0,9,51.42,0.3609
2467,W2C,16,5.0476,106.0,9,47.47,0.348
2468,N2C,6,11.6946,0.0,0,20.49,0.0676
2468,S2C,6,12.5921,0.0,0,19.03,0.0547
2468,E2C,16,4.515,126.0,9,53.07,0.369
2468,W2C,16,4.934,115.0,9,48.56,0.3556
2469,N2C,6,11.5227,0.0,0,20.79,0.0701
2469,S2C,6,12.4971,0.0,0,19.17,0.0561
2469,E2C,16,3.8821,135.0,9,61.72,0.3841
2469,W2C,16,4.7594,124.0,9,50.34,0.3641
2470,N2C,7,12.1577,0.0,0,19.71,0.0669
2470,S2C,6,12.3308,0.0,0,19.43,0.0585
2470,E2C,17,4.3012,145.0,10,55.71,0.3967
2470,W2C,17,4.8169,133.0,9,49.74,0.3753
2471,N2C,7,11.7641,0.0,0,20.37,0.0726
2471,S2C,6,12.351,0.0,0,19.4,0.0582
2471,E2C,17,3.9306,156.0,11,60.96,0.4154
2471,W2C,17,4.2018,142.0,9,57.02,0.3902
2472,N2C,7,11.8767,0.0,0,20.17,0.071
2472,S2C,6,12.0886,0.0,0,19.82,0.0619
2472,E2C,17,3.682,167.0,11,65.07,0.4263
2472,W2C,17,3.9045,152.0,10,61.37,0.4071
2473,N2C,6,11.7828,0.0,0,20.33,0.0663
2473,S2C,6,12.2673,0.0,0,19.53,0.0594
2473,E2C,18,4.0892,178.0,11,58.59,0.4338
2473,W2C,18,4.2623,163.0,11,56.21,0.4213
2474,N2C,6,11.9161,0.0,0,20.11,0.0644
2474,S2C,6,12.0731,0.0,0,19.85,0.0622
2474,E2C,18,3.7863,190.0,12,63.28,0.4521
2474,W2C,18,3.9974,174.0,11,59.94,0.4324
2475,N2C,6,11.7673,0.0,0,20.36,0.0666
2475,S2C,6,12.029,0.0,0,19.92,0.0628
2475,E2C,18,3.5963,202.0,12,66.62,0.4629
2475,W2C,18,3.5602,185.0,11,67.3,0.4461
2476,N2C,7,11.9108,0.0,0,20.12,0.0705
2476,S2C,6,11.7175,0.0,0,20.45,0.0673
2476,E2C,17,4.3566,149.0,10,55.0,0.3986
2476,W2C,17,4.2566,138.0,10,56.29,0.3927
2477,N2C,7,11.2956,0.0,0,21.21,0.0794
2477,S2C,7,11.3655,0.0,0,21.08,0.0784
2477,E2C,17,4.2068,105.0,8,56.96,0.3594
2477,W2C,17,3.9215,96.0,8,61.1,0.3575
2478,N2C,7,10.7075,0.0,0,22.38,0.0878
2478,S2C,7,9.994,0.0,0,23.97,0.0981
2478,E2C,17,4.1594,69.0,7,57.6,0.3301
2478,W2C,17,4.2428,61.0,7,56.47,0.3236
2479,N2C,8,10.3147,0.0,0,23.23,0.0995
2479,S2C,8,9.6924,1.0,1,24.72,0.1151
2479,E2C,17,4.5939,42.0,6,52.16,0.2999
2479,W2C,17,5.0531,35.0,5,47.42,0.2826
2480,N2C,8,10.0309,0.0,0,23.89,0.1036
2480,S2C,8,9.1789,2.0,1,26.1,0.1232
2480,E2C,16,4.7524,23.0,4,50.42,0.2669
2480,W2C,16,5.4361,17.0,4,44.08,0.2531
2481,N2C,8,10.2316,1.0,1,23.42,0.1073
2481,S2C,8,9.2567,3.0,1,25.88,0.1227
2481,E2C,15,5.1326,7.0,2,46.68,0.2328
2481,W2C,16,5.9083,6.0,2,40.55,0.2269
2482,N2C,9,10.5289,2.0,1,22.76,0.1097
2482,S2C,9,9.3086,5.0,2,25.74,0.1353
2482,E2C,15,6.1402,0.0,0,39.02,0.2016
2482,W2C,15,6.2394,0.0,0,38.4,0.2002
2483,N2C,9,10.1263,3.0,1,23.66,0.1162
2483,S2C,9,9.3224,7.0,2,25.7,0.1364
2483,E2C,15,6.3187,0.0,0,37.92,0.199
2483,W2C,15,6.3961,0.0,0,37.46,0.1979
2484,N2C,9,9.7228,4.0,1,24.64,0.1227
2484,S2C,9,9.4508,9.0,2,25.35,0.1359
2484,E2C,13,6.4944,0.0,0,36.89,0.1845
2484,W2C,13,6.8169,0.0,0,35.15,0.1798
2485,N2C,9,9.3952,5.0,1,25.5,0.1281
2485,S2C,10,9.5517,11.0,2,25.08,0.1418
2485,E2C,14,7.3608,0.0,0,32.55,0.178
2485,W2C,14,7.7248,0.0,0,31.02,0.1728
2486,N2C,10,9.7597,7.0,2,24.55,0.1361
2486,S2C,10,8.8334,13.0,2,27.12,0.1535
2486,E2C,12,8.025,0.0,0,29.86,0.1564
2486,W2C,12,8.0213,0.0,0,29.87,0.1565
2487,N2C,10,8.9386,9.0,2,26.81,0.1493
2487,S2C,10,8.0699,15.0,2,29.69,0.1658
2487,E2C,11,8.5596,0.0,0,27.99,0.1428
2487,W2C,12,8.5179,0.0,0,28.13,0.1494
2488,N2C,11,8.7326,11.0,2,27.44,0.1596
2488,S2C,11,7.7847,18.0,3,30.78,0.1839
2488,E2C,11,9.775,0.0,0,24.51,0.1253
2488,W2C,11,9.4171,0.0,0,25.44,0.1304
2489,N2C,11,7.5993,13.0,2,31.53,0.1772
2489,S2C,11,7.0936,21.0,3,33.78,0.1959
2489,E2C,10,10.362,0.0,0,23.12,0.1108
2489,W2C,11,9.8829,0.0,0,24.24,0.1237
2490,N2C,11,6.787,16.0,3,35.3,0.1969
2490,S2C,11,6.9268,25.0,4,34.59,0.2069
2490,E2C,9,10.4892,0.0,0,22.84,0.103
2490,W2C,9,10.4216,0.0,0,22.99,0.1039
2491,N2C,11,6.4266,19.0,3,37.28,0.2041
2491,S2C,12,7.4469,30.0,5,32.17,0.2148
2491,E2C,9,11.3316,0.0,0,21.14,0.0908
2491,W2C,9,11.396,0.0,0,21.02,0.0899
2492,N2C,12,6.6262,24.0,5,36.16,0.2226
2492,S2C,12,7.0836,35.0,5,33.82,0.2233
2492,E2C,8,11.659,0.0,0,20.55,0.0801
2492,W2C,8,11.5476,0.0,0,20.75,0.0817
2493,N2C,12,6.4273,29.0,5,37.28,0.2288
2493,S2C,12,6.4884,40.0,5,36.93,0.2352
2493,E2C,8,12.0455,0.0,0,19.89,0.0746
2493,W2C,7,12.2352,0.0,0,19.58,0.0658
2494,N2C,13,6.2712,35.0,6,38.21,0.247
2494,S2C,13,6.9162,46.0,6,34.64,0.2451
2494,E2C,8,12.2718,0.0,0,19.52,0.0713
2494,W2C,7,12.2139,0.0,0,19.62,0.0661
2495,N2C,13,5.5893,41.0,6,42.87,0.2609
2495,S2C,13,6.2451,52.0,6,38.37,0.2587
2495,E2C,8,12.286,0.0,0,19.5,0.0711
2495,W2C,6,12.1464,0.0,0,19.73,0.0611
2496,N2C,13,5.313,47.0,6,45.1,0.2688
2496,S2C,13,5.6241,58.0,6,42.6,0.2717
2496,E2C,6,12.5082,0.0,0,19.16,0.0559
2496,W2C,6,12.3748,0.0,0,19.36,0.0578
2497,N2C,14,5.6292,54.0,7,42.56,0.2809
2497,S2C,14,5.6426,64.0,6,42.46,0.2814
2497,E2C,7,12.9329,0.0,0,18.53,0.0558
2497,W2C,7,12.4598,0.0,0,19.23,0.0626
2498,N2C,14,5.303,62.0,8,45.18,0.297
2498,S2C,14,5.282,70.0,6,45.36,0.2906
2498,E2C,7,12.7161,0.0,0,18.84,0.0589
2498,W2C,7,12.1675,0.0,0,19.69,0.0668
2499,N2C,14,5.0774,70.0,8,47.19,0.3056
2499,S2C,14,4.9994,78.0,8,47.93,0.312
2499,E2C,7,12.619,0.0,0,18.99,0.0603
2499,W2C,6,12.3815,0.0,0,19.35,0.0577
2500,N2C,15,5.1983,78.0,8,46.09,0.3152
2500,S2C,15,5.1597,86.0,8,46.44,0.321
2500,E2C,7,12.9132,0.0,0,18.55,0.0561
2500,W2C,7,12.65,0.0,0,18.94,0.0599
2501,N2C,15,4.8288,86.0,8,49.62,0.3258
2501,S2C,15,4.7802,94.0,8,50.12,0.3318
2501,E2C,6,12.9158,0.0,0,18.55,0.05
2501,W2C,6,12.509,0.0,0,19.15,0.0559
2502,N2C,15,4.5909,95.0,9,52.19,0.3412
2502,S2C,15,4.3886,103.0,9,54.6,0.3495
2502,E2C,6,12.7836,0.0,0,18.74,0.0519
2502,W2C,6,12.7697,0.0,0,18.76,0.0521
2503,N2C,16,4.678,104.0,9,51.22,0.352
2503,S2C,16,4.6285,112.0,9,51.77,0.358
2503,E2C,7,13.2333,0.0,0,18.11,0.0515
2503,W2C,7,12.7065,0.0,0,18.86,0.059
2504,N2C,16,4.3295,114.0,10,55.34,0.3697
2504,S2C,16,4.2498,122.0,10,56.38,0.3761
2504,E2C,7,12.8345,0.0,0,18.67,0.0572
2504,W2C,7,12.4492,0.0,0,19.25,0.0627
2505,N2C,16,4.0545,124.0,10,59.1,0.3803
2505,S2C,16,4.0832,132.0,10,58.68,0.3852
2505,E2C,7,12.7786,0.0,0,18.75,0.058
2505,W2C,7,12.3892,0.0,0,19.34,0.0636
2506,N2C,17,4.1045,134.0,10,58.38,0.3922
2506,S2C,17,4.4623,142.0,10,53.69,0.3924
2506,E2C,7,12.5545,0.0,0,19.08,0.0612
2506,W2C,6,12.6281,0.0,0,18.97,0.0542
2507,N2C,17,3.8564,145.0,11,62.13,0.4091
2507,S2C,17,3.9704,152.0,10,60.35,0.4062
2507,E2C,7,11.5904,0.0,0,20.67,0.0751
2507,W2C,6,12.8115,0.0,0,18.7,0.0515
2508,N2C,17,3.6701,156.0,11,65.28,0.4192
2508,S2C,17,3.5711,163.0,11,67.09,0.4252
2508,E2C,7,10.9987,1.0,1,21.78,0.0903
2508,W2C,6,12.2415,0.0,0,19.57,0.0597
2509,N2C,16,4.5261,114.0,9,52.94,0.3608
2509,S2C,16,4.4719,115.0,9,53.58,0.3623
2509,E2C,8,10.8356,2.0,1,22.11,0.0993
2509,W2C,7,12.6047,0.0,0,19.01,0.0605
2510,N2C,16,4.2335,83.0,7,56.6,0.3324
2510,S2C,16,4.419,81.0,8,54.22,0.3344
2510,E2C,8,10.0809,3.0,1,23.77,0.1108
2510,W2C,7,11.6599,0.0,0,20.55,0.0741
2511,N2C,16,4.074,56.0,6,58.81,0.3107
2511,S2C,16,4.6648,50.0,6,51.36,0.2982
2511,E2C,8,9.3254,5.0,2,25.69,0.1291
2511,W2C,7,11.2013,0.0,0,21.39,0.0807
2512,N2C,16,4.7557,32.0,4,50.38,0.2729
2512,S2C,15,5.7517,29.0,5,41.66,0.2565
2512,E2C,9,9.1868,7.0,2,26.08,0.1384
2512,W2C,8,11.1073,0.0,0,21.57,0.0881
2513,N2C,15,4.8533,13.0,2,49.37,0.2408
2513,S2C,15,6.2998,12.0,3,38.03,0.2253
2513,E2C,9,8.7205,9.0,2,27.48,0.1464
2513,W2C,8,10.5716,1.0,1,22.66,0.1024
2514,N2C,15,5.5877,15.0,2,42.88,0.2315
2514,S2C,13,6.751,3.0,1,35.49,0.1888
2514,E2C,9,8.1799,11.0,2,29.29,0.1556
2514,W2C,8,9.6887,2.0,1,24.73,0.1158
2515,N2C,14,6.7458,5.0,1,35.52,0.1962
2515,S2C,14,7.4129,0.0,0,32.32,0.1773
2515,E2C,10,8.2282,14.0,3,29.12,0.1689
2515,W2C,9,9.4081,3.0,1,25.47,0.1265
2516,N2C,14,7.5971,0.0,0,31.54,0.1746
2516,S2C,12,7.5332,0.0,0,31.81,0.1635
2516,E2C,10,7.7835,17.0,3,30.78,0.1773
2516,W2C,9,8.7831,4.0,1,27.28,0.1362
2517,N2C,12,8.3134,0.0,0,28.82,0.1523
2517,S2C,12,7.9645,0.0,0,30.08,0.1573
2517,E2C,10,7.188,20.0,3,33.33,0.1878
2517,W2C,9,8.1499,6.0,2,29.4,0.1527
2518,N2C,13,9.0068,0.0,0,26.6,0.1483
2518,S2C,11,9.1263,0.0,0,26.25,0.1346
2518,E2C,11,7.5633,23.0,3,31.68,0.1904
2518,W2C,10,7.7241,8.0,2,31.02,0.1661
2519,N2C,11,9.485,0.0,0,25.26,0.1294
2519,S2C,11,9.6849,0.0,0,24.74,0.1265
2519,E2C,11,6.9835,27.0,4,34.31,0.2074
2519,W2C,10,7.4572,10.0,2,32.13,0.1713
2520,N2C,11,10.0527,0.0,0,23.83,0.1213
2520,S2C,9,10.0465,0.0,0,23.85,0.1093
2520,E2C,11,6.7559,32.0,5,35.47,0.2201
2520,W2C,10,7.2422,14.0,4,33.08,0.1891
2521,N2C,10,10.8351,0.0,0,22.11,0.104
2521,S2C,10,11.1069,0.0,0,21.57,0.1001
2521,E2C,12,6.805,37.0,5,35.21,0.2287
2521,W2C,11,7.7901,18.0,4,30.76,0.1898
2522,N2C,10,10.9612,0.0,0,21.86,0.1022
2522,S2C,8,11.508,0.0,0,20.82,0.0823
2522,E2C,12,6.0738,42.0,5,39.45,0.2425
2522,W2C,11,7.3879,22.0,4,32.43,0.1983
2523,N2C,8,11.6504,0.0,0,20.57,0.0802
2523,S2C,8,12.2281,0.0,0,19.59,0.0719
2523,E2C,12,5.6804,47.0,5,42.18,0.2515
2523,W2C,11,6.4536,26.0,4,37.13,0.2144
2524,N2C,9,11.9938,0.0,0,19.98,0.0813
2524,S2C,7,12.9749,0.0,0,18.47,0.0552
2524,E2C,13,6.0327,53.0,6,39.72,0.2625
2524,W2C,12,6.442,30.0,4,37.19,0.2232
2525,N2C,7,12.3445,0.0,0,19.41,0.0643
2525,S2C,7,12.9081,0.0,0,18.56,0.0561
2525,E2C,13,5.914,59.0,6,40.51,0.2682
2525,W2C,12,6.2025,35.0,5,38.63,0.236
2526,N2C,7,12.2889,0.0,0,19.5,0.0651
2526,S2C,6,12.8444,0.0,0,18.65,0.0511
2526,E2C,13,5.5075,65.0,6,43.5,0.278
2526,W2C,12,6.1671,40.0,5,38.85,0.2399
2527,N2C,7,12.2443,0.0,0,19.57,0.0657
2527,S2C,6,12.9895,0.0,0,18.45,0.049
2527,E2C,14,5.6603,72.0,7,42.33,0.2925
2527,W2C,13,6.3397,46.0,6,37.79,0.2534
2528,N2C,6,12.6708,0.0,0,18.91,0.0536
2528,S2C,6,12.807,0.0,0,18.71,0.0516
2528,E2C,14,5.3211,79.0,7,45.03,0.302
2528,W2C,13,5.6878,52.0,6,42.13,0.2668
2529,N2C,6,12.7674,0.0,0,18.77,0.0522
2529,S2C,6,12.806,0.0,0,18.71,0.0516
2529,E2C,14,4.9444,86.0,7,48.46,0.3121
2529,W2C,13,5.0941,58.0,6,47.04,0.2793
2530,N2C,6,12.5914,0.0,0,19.03,0.0547
2530,S2C,7,12.8905,0.0,0,18.59,0.0564
2530,E2C,15,4.8978,94.0,8,48.92,0.3301
2530,W2C,14,5.2919,65.0,7,45.28,0.2931
2531,N2C,6,12.1555,0.0,0,19.71,0.061
2531,S2C,7,12.8377,0.0,0,18.66,0.0572
2531,E2C,15,4.5078,102.0,8,53.15,0.3411
2531,W2C,14,4.9012,72.0,7,48.89,0.3034
2532,N2C,6,12.626,0.0,0,18.98,0.0542
2532,S2C,6,12.914,0.0,0,18.55,0.0501
2532,E2C,15,4.115,111.0,9,58.23,0.3587
2532,W2C,14,4.4458,80.0,8,53.89,0.3213
2533,N2C,6,12.2317,0.0,0,19.59,0.0599
2533,S2C,6,13.0281,0.0,0,18.39,0.0484
2533,E2C,16,4.3735,120.0,9,54.78,0.367
2533,W2C,15,5.1402,88.0,8,46.61,0.3227
2534,N2C,6,12.1504,0.0,0,19.72,0.061
2534,S2C,6,12.7413,0.0,0,18.81,0.0525
2534,E2C,16,3.9293,130.0,10,60.98,0.3861
2534,W2C,15,4.9946,96.0,8,47.97,0.3301
2535,N2C,6,11.9401,0.0,0,20.07,0.0641
2535,S2C,6,12.8622,0.0,0,18.63,0.0508
2535,E2C,16,3.7588,140.0,10,63.74,0.3952
2535,W2C,15,4.8691,105.0,9,49.21,0.3439
2536,N2C,6,11.6846,0.0,0,20.51,0.0678
2536,S2C,6,12.7797,0.0,0,18.75,0.052
2536,E2C,17,4.2607,150.0,10,56.24,0.4007
2536,W2C,16,5.2085,114.0,9,46.0,0.351
2537,N2C,6,11.6086,0.0,0,20.64,0.0688
2537,S2C,6,12.5568,0.0,0,19.08,0.0552
2537,E2C,17,4.0452,161.0,11,59.23,0.4171
2537,W2C,16,4.904,123.0,9,48.86,0.3614
2538,N2C,6,11.6528,0.0,0,20.56,0.0682
2538,S2C,6,12.5607,0.0,0,19.08,0.0551
2538,E2C,17,3.8751,172.0,11,61.83,0.4269
2538,W2C,16,4.6462,132.0,9,51.57,0.3711
2539,N2C,6,11.854,0.0,0,20.21,0.0653
2539,S2C,6,12.948,0.0,0,18.5,0.0496
2539,E2C,18,3.9508,183.0,11,60.65,0.4391
2539,W2C,17,4.7547,141.0,9,50.39,0.3815
2540,N2C,7,11.8488,0.0,0,20.22,0.0714
2540,S2C,6,12.7741,0.0,0,18.76,0.0521
2540,E2C,18,3.6478,194.0,11,65.68,0.4508
2540,W2C,17,4.1173,151.0,10,58.19,0.4034
2541,N2C,7,11.7554,0.0,0,20.38,0.0727
2541,S2C,6,12.8789,0.0,0,18.6,0.0506
2541,E2C,18,3.4648,205.0,11,69.15,0.4608
2541,W2C,17,3.8693,161.0,10,61.92,0.4136
2542,N2C,8,11.7368,0.0,0,20.41,0.079
2542,S2C,7,12.6839,0.0,0,18.89,0.0594
2542,E2C,17,4.311,151.0,11,55.58,0.4066
2542,W2C,16,4.7961,117.0,10,49.96,0.3649
2543,N2C,8,10.7033,0.0,0,22.39,0.0939
2543,S2C,7,12.2188,0.0,0,19.61,0.0661
2543,E2C,17,4.4122,108.0,9,54.3,0.3645
2543,W2C,16,4.6467,79.0,8,51.56,0.3298
2544,N2C,8,9.4425,0.0,0,25.37,0.112
2544,S2C,7,11.3319,0.0,0,21.14,0.0788
2544,E2C,17,4.849,71.0,7,49.41,0.3215
2544,W2C,16,4.7134,49.0,6,50.83,0.2968
2545,N2C,9,8.6287,1.0,1,27.77,0.1364
2545,S2C,8,10.6883,0.0,0,22.42,0.0941
2545,E2C,16,5.57,43.0,5,43.02,0.2745
2545,W2C,15,5.3298,25.0,4,44.95,0.2539
2546,N2C,9,8.233,2.0,1,29.1,0.1428
2546,S2C,8,10.1966,0.0,0,23.5,0.1012
2546,E2C,16,6.0075,20.0,3,39.88,0.2408
2546,W2C,15,5.6593,12.0,2,42.34,0.2285
2547,N2C,9,7.7266,4.0,2,31.01,0.1574
2547,S2C,8,9.7207,1.0,1,24.65,0.1147
2547,E2C,14,6.1378,6.0,1,39.04,0.2056
2547,W2C,15,5.6124,6.0,1,42.69,0.2192
2548,N2C,10,8.2004,6.0,2,29.22,0.1579
2548,S2C,9,9.5216,3.0,2,25.16,0.1309
2548,E2C,15,6.9577,0.0,0,34.44,0.1898
2548,W2C,14,6.5264,0.0,0,36.71,0.19
2549,N2C,10,7.9185,9.0,3,30.26,0.17
2549,S2C,9,9.2192,5.0,2,25.99,0.1366
2549,E2C,13,6.7068,0.0,0,35.72,0.1814
2549,W2C,14,7.0206,0.0,0,34.13,0.1829
2550,N2C,10,7.848,12.0,3,30.53,0.173
2550,S2C,9,8.0579,7.0,2,29.73,0.1546
2550,E2C,13,7.0299,0.0,0,34.08,0.1768
2550,W2C,12,7.2039,0.0,0,33.26,0.1683
2551,N2C,11,7.6666,15.0,3,31.25,0.1836
2551,S2C,10,8.1331,10.0,3,29.46,0.1676
2551,E2C,13,7.9312,0.0,0,30.21,0.1638
2551,W2C,13,8.3616,0.0,0,28.65,0.1576
2552,N2C,11,6.9687,19.0,4,34.38,0.2023
2552,S2C,10,7.7032,13.0,3,31.1,0.1757
2552,E2C,12,8.6252,0.0,0,27.78,0.1478
2552,W2C,11,8.8493,0.0,0,27.08,0.1386
2553,N2C,11,6.5772,23.0,4,36.43,0.2106
2553,S2C,10,7.6796,16.0,3,31.2,0.1781
2553,E2C,10,8.9321,0.0,0,26.82,0.1314
2553,W2C,11,9.534,0.0,0,25.13,0.1287
2554,N2C,12,7.1221,28.0,5,33.64,0.2181
2554,S2C,11,7.9235,19.0,3,30.24,0.1826
2554,E2C,11,10.0889,0.0,0,23.75,0.1207
2554,W2C,10,10.5119,0.0,0,22.79,0.1086
2555,N2C,12,7.1467,33.0,5,33.53,0.2211
2555,S2C,11,7.1365,23.0,4,33.57,0.2026
2555,E2C,9,10.6513,0.0,0,22.49,0.1006
2555,W2C,10,11.038,0.0,0,21.71,0.1011
2556,N2C,12,6.7387,38.0,5,35.56,0.2303
2556,S2C,11,6.9656,27.0,4,34.4,0.2077
2556,E2C,9,11.4962,0.0,0,20.84,0.0885
2556,W2C,8,11.7443,0.0,0,20.4,0.0789
2557,N2C,13,6.7731,43.0,5,35.38,0.2391
2557,S2C,12,7.0386,31.0,4,34.04,0.2153
2557,E2C,8,12.103,0.0,0,19.8,0.0737
2557,W2C,9,12.5962,0.0,0,19.02,0.0726
2558,N2C,13,5.8533,48.0,5,40.93,0.2557
2558,S2C,12,6.372,35.0,4,37.6,0.2276
2558,E2C,8,11.8525,0.0,0,20.22,0.0773
2558,W2C,7,12.8579,0.0,0,18.63,0.0569
2559,N2C,13,5.3241,53.0,5,45.0,0.2667
2559,S2C,12,5.6479,40.0,5,42.42,0.2473
2559,E2C,6,12.2056,0.0,0,19.63,0.0603
2559,W2C,7,13.0795,0.0,0,18.32,0.0537
2560,N2C,14,5.7845,59.0,6,41.42,0.276
2560,S2C,13,6.041,46.0,6,39.66,0.2577
2560,E2C,7,12.5307,0.0,0,19.12,0.0616
2560,W2C,6,13.6813,0.0,0,17.51,0.039
2561,N2C,14,5.4346,65.0,6,44.09,0.2851
2561,S2C,13,5.602,52.0,6,42.77,0.268
2561,E2C,7,12.409,0.0,0,19.31,0.0633
2561,W2C,6,13.295,0.0,0,18.02,0.0446
2562,N2C,14,5.2325,72.0,7,45.79,0.2987
2562,S2C,13,5.1733,58.0,6,46.31,0.2782
2562,E2C,7,12.2193,0.0,0,19.61,0.0661
2562,W2C,6,13.1397,0.0,0,18.23,0.0468
2563,N2C,15,5.9393,79.0,7,40.34,0.2991
2563,S2C,14,5.4519,65.0,7,43.95,0.2908
2563,E2C,7,11.9376,0.0,0,20.07,0.0701
2563,W2C,6,13.1904,0.0,0,18.16,0.0461
2564,N2C,15,5.5472,87.0,8,43.19,0.3161
2564,S2C,14,5.0922,73.0,8,47.05,0.3073
2564,E2C,6,12.3278,0.0,0,19.44,0.0585
2564,W2C,6,12.9287,0.0,0,18.53,0.0498
2565,N2C,15,5.4361,95.0,8,44.08,0.3231
2565,S2C,14,4.8219,81.0,8,49.69,0.3166
2565,E2C,6,12.1135,0.0,0,19.78,0.0616
2565,W2C,6,13.4643,0.0,0,17.8,0.0421
2566,N2C,16,5.3365,103.0,8,44.9,0.3358
2566,S2C,15,5.2322,90.0,9,45.79,0.3287
2566,E2C,6,12.1323,0.0,0,19.75,0.0613
2566,W2C,6,13.1842,0.0,0,18.17,0.0462
2567,N2C,16,4.7407,111.0,8,50.54,0.3497
2567,S2C,15,5.0008,99.0,9,47.91,0.338
2567,E2C,7,12.4839,0.0,0,19.19,0.0622
2567,W2C,6,13.1816,0.0,0,18.18,0.0462
2568,N2C,16,4.101,120.0,9,58.42,0.371
2568,S2C,15,4.7448,108.0,9,50.5,0.3477
2568,E2C,6,12.5081,0.0,0,19.16,0.0559
2568,W2C,6,13.2942,0.0,0,18.02,0.0446
2569,N2C,17,4.5112,129.0,9,53.11,0.377
2569,S2C,16,5.0196,117.0,9,47.73,0.3557
2569,E2C,7,12.7588,0.0,0,18.78,0.0583
2569,W2C,6,12.7026,0.0,0,18.86,0.0531
2570,N2C,17,4.1759,140.0,11,57.38,0.4012
2570,S2C,16,4.6875,126.0,9,51.11,0.3665
2570,E2C,7,12.4162,0.0,0,19.3,0.0632
2570,W2C,6,12.5569,0.0,0,19.08,0.0552
2571,N2C,17,3.7808,151.0,11,63.37,0.4142
2571,S2C,16,4.5193,136.0,10,53.02,0.3816
2571,E2C,7,12.4236,0.0,0,19.29,0.0631
2571,W2C,6,12.6768,0.0,0,18.9,0.0535
2572,N2C,18,4.1123,162.0,11,58.26,0.4228
2572,S2C,17,4.5359,146.0,10,52.82,0.394
2572,E2C,7,11.915,0.0,0,20.11,0.0704
2572,W2C,6,12.4105,0.0,0,19.31,0.0573
2573,N2C,18,3.8165,174.0,12,62.78,0.441
2573,S2C,17,4.0353,156.0,10,59.38,0.4079
2573,E2C,7,11.3586,0.0,0,21.09,0.0784
2573,W2C,6,12.6865,0.0,0,18.89,0.0533
2574,N2C,18,3.6498,186.0,12,65.65,0.4514
2574,S2C,17,3.6898,167.0,11,64.94,0.4262
2574,E2C,7,10.9644,1.0,1,21.85,0.0908
2574,W2C,6,12.1657,0.0,0,19.69,0.0608
2575,N2C,17,4.3623,141.0,11,54.93,0.3992
2575,S2C,16,4.4503,122.0,10,53.84,0.3733
2575,E2C,8,10.9874,2.0,1,21.81,0.0971
2575,W2C,6,11.4251,0.0,0,20.97,0.0715
2576,N2C,17,4.1055,99.0,9,58.36,0.3629
2576,S2C,16,4.4632,84.0,8,53.68,0.3357
2576,E2C,8,10.2594,3.0,1,23.35,0.1083
2576,W2C,7,11.3318,0.0,0,21.14,0.0788
2577,N2C,17,3.9251,66.0,7,61.04,0.3315
2577,S2C,16,4.4016,55.0,6,54.43,0.3053
2577,E2C,8,9.8266,4.0,1,24.38,0.1152
2577,W2C,7,10.2816,0.0,0,23.3,0.094
2578,N2C,17,4.4933,39.0,5,53.32,0.2933
2578,S2C,16,5.1295,31.0,5,46.71,0.2728
2578,E2C,8,8.9408,5.0,1,26.8,0.1286
2578,W2C,8,9.9943,1.0,1,23.97,0.1108
2579,N2C,16,4.637,22.0,3,51.67,0.2619
2579,S2C,15,5.3643,13.0,3,44.67,0.2394
2579,E2C,9,8.9024,6.0,1,26.91,0.1358
2579,W2C,8,9.4025,2.0,1,25.48,0.1199
2580,N2C,15,4.8758,8.0,3,49.14,0.2431
2580,S2C,14,5.4289,3.0,1,44.13,0.2138
2580,E2C,9,8.2859,8.0,2,28.92,0.152
2580,W2C,8,8.4553,3.0,1,28.34,0.1343
2581,N2C,15,5.7834,2.0,1,41.43,0.2141
2581,S2C,14,6.4289,0.0,0,37.27,0.1914
2581,E2C,10,8.4812,11.0,3,28.25,0.1632
2581,W2C,9,8.6024,5.0,2,27.85,0.1455
2582,N2C,15,6.0109,3.0,1,39.86,0.2114
2582,S2C,13,6.9414,0.0,0,34.52,0.1781
2582,E2C,10,8.4523,14.0,3,28.35,0.1656
2582,W2C,9,7.9285,7.0,2,30.22,0.1565
2583,N2C,13,6.2871,0.0,0,38.11,0.1875
2583,S2C,12,7.6798,0.0,0,31.2,0.1614
2583,E2C,10,8.055,17.0,3,29.75,0.1734
2583,W2C,9,7.5565,9.0,2,31.71,0.1632
2584,N2C,14,7.3875,0.0,0,32.43,0.1776
2584,S2C,12,9.0777,0.0,0,26.39,0.1413
2584,E2C,10,7.1994,20.0,3,33.28,0.1877
2584,W2C,10,7.8772,12.0,3,30.42,0.1726
2585,N2C,12,7.9336,0.0,0,30.2,0.1578
2585,S2C,11,9.8491,0.0,0,24.33,0.1242
2585,E2C,11,7.134,23.0,3,33.59,0.1966
2585,W2C,10,7.3792,15.0,3,32.47,0.1817
2586,N2C,12,8.5285,0.0,0,28.09,0.1492
2586,S2C,10,10.1631,0.0,0,23.58,0.1137
2586,E2C,11,6.4264,27.0,4,37.28,0.2155
2586,W2C,10,7.2652,18.0,3,32.98,0.1854
2587,N2C,11,9.4468,0.0,0,25.36,0.13
2587,S2C,10,11.146,0.0,0,21.5,0.0995
2587,E2C,12,6.5452,31.0,4,36.61,0.2224
2587,W2C,11,7.8054,21.0,3,30.7,0.1856
2588,N2C,11,10.2846,0.0,0,23.3,0.1179
2588,S2C,9,11.4939,0.0,0,20.85,0.0885
2588,E2C,12,5.9727,35.0,4,40.12,0.2333
2588,W2C,11,7.4102,25.0,4,32.33,0.2
2589,N2C,9,10.939,0.0,0,21.9,0.0965
2589,S2C,8,11.9995,0.0,0,19.97,0.0752
2589,E2C,12,5.554,41.0,6,43.14,0.2554
2589,W2C,11,7.028,29.0,4,34.09,0.2081
2590,N2C,9,11.3856,0.0,0,21.04,0.0901
2590,S2C,8,12.4308,0.0,0,19.27,0.069
2590,E2C,13,5.6876,47.0,6,42.13,0.2634
2590,W2C,12,7.2417,33.0,4,33.09,0.2137
2591,N2C,8,12.0521,0.0,0,19.88,0.0745
2591,S2C,7,12.8467,0.0,0,18.65,0.057
2591,E2C,13,5.6103,54.0,7,42.71,0.2752
2591,W2C,12,7.134,37.0,4,33.59,0.2179
2592,N2C,8,12.4319,0.0,0,19.27,0.069
2592,S2C,6,13.2732,0.0,0,18.05,0.0449
2592,E2C,13,5.5864,61.0,7,42.89,0.2802
2592,W2C,12,6.5616,42.0,5,36.52,0.2355
2593,N2C,7,12.2072,0.0,0,19.63,0.0662
2593,S2C,6,12.9714,0.0,0,18.47,0.0492
2593,E2C,14,6.2566,68.0,7,38.3,0.2812
2593,W2C,13,7.2912,47.0,5,32.86,0.2343
2594,N2C,7,12.0217,0.0,0,19.93,0.0689
2594,S2C,6,13.0834,0.0,0,18.31,0.0476
2594,E2C,14,6.0423,75.0,7,39.65,0.289
2594,W2C,13,6.8944,52.0,5,34.75,0.2434
2595,N2C,7,12.1642,0.0,0,19.7,0.0668
2595,S2C,6,13.0694,0.0,0,18.33,0.0478
2595,E2C,14,5.5549,82.0,7,43.13,0.3007
2595,W2C,13,6.6446,57.0,5,36.06,0.2503
2596,N2C,8,12.224,0.0,0,19.6,0.072
2596,S2C,7,13.2728,0.0,0,18.05,0.0509
2596,E2C,15,5.4327,89.0,7,44.1,0.3131
2596,W2C,14,6.5126,63.0,6,36.79,0.2682
2597,N2C,7,12.4297,0.0,0,19.28,0.063
2597,S2C,6,13.004,0.0,0,18.43,0.0488
2597,E2C,15,5.0031,97.0,8,47.89,0.3306
2597,W2C,14,5.6574,69.0,6,42.35,0.2845
2598,N2C,7,12.4006,0.0,0,19.32,0.0634
2598,S2C,6,13.1911,0.0,0,18.16,0.0461
2598,E2C,15,4.6252,105.0,8,51.8,0.3414
2598,W2C,14,5.1415,75.0,6,46.6,0.296
2599,N2C,6,12.4647,0.0,0,19.22,0.0565
2599,S2C,6,13.4198,0.0,0,17.85,0.0428
2599,E2C,16,5.0522,113.0,8,47.42,0.3466
2599,W2C,15,5.2054,82.0,7,46.03,0.3117
2600,N2C,6,12.2441,0.0,0,19.57,0.0597
2600,S2C,6,13.07,0.0,0,18.33,0.0478
2600,E2C,16,4.4413,123.0,10,53.95,0.374
2600,W2C,15,4.8535,90.0,8,49.37,0.3281
2601,N2C,6,12.2464,0.0,0,19.56,0.0597
2601,S2C,6,12.9156,0.0,0,18.55,0.05
2601,E2C,16,4.1885,133.0,10,57.2,0.3844
2601,W2C,15,4.6288,98.0,8,51.76,0.3367
2602,N2C,7,12.5028,0.0,0,19.16,0.062
2602,S2C,6,13.0935,0.0,0,18.3,0.0475
2602,E2C,17,4.3267,143.0,10,55.38,0.395
2602,W2C,16,4.6451,107.0,9,51.58,0.3544
2603,N2C,7,12.621,0.0,0,18.98,0.0603
2603,S2C,6,13.3531,0.0,0,17.94,0.0437
2603,E2C,17,3.9409,153.0,10,60.8,0.4073
2603,W2C,16,4.2978,117.0,10,55.75,0.3721
2604,N2C,7,12.6833,0.0,0,18.89,0.0594
2604,S2C,6,13.0093,0.0,0,18.42,0.0487
2604,E2C,17,3.6493,164.0,11,65.66,0.4248
2604,W2C,16,3.9577,127.0,10,60.54,0.3837
2605,N2C,6,12.6513,0.0,0,18.94,0.0538
2605,S2C,6,12.6623,0.0,0,18.92,0.0537
2605,E2C,18,4.1856,176.0,12,57.24,0.4371
2605,W2C,17,4.2602,138.0,11,56.24,0.3987
2606,N2C,6,12.5567,0.0,0,19.08,0.0552
2606,S2C,6,12.4555,0.0,0,19.24,0.0567
2606,E2C,18,4.0765,188.0,12,58.78,0.4466
2606,W2C,17,4.0591,149.0,11,59.03,0.4089
2607,N2C,6,12.3777,0.0,0,19.36,0.0578
2607,S2C,6,12.1576,0.0,0,19.71,0.0609
2607,E2C,18,3.7814,200.0,12,63.36,0.4589
2607,W2C,17,3.5782,160.0,11,66.96,0.4231
2608,N2C,7,11.7317,0.0,0,20.42,0.0731
2608,S2C,6,11.3874,0.0,0,21.04,0.072
2608,E2C,17,4.5958,149.0,10,52.13,0.3952
2608,W2C,16,4.4581,112.0,9,53.75,0.3605
2609,N2C,7,10.9861,0.0,0,21.81,0.0838
2609,S2C,7,11.2549,0.0,0,21.29,0.0799
2609,E2C,17,4.5627,105.0,8,52.51,0.3543
2609,W2C,16,4.4748,74.0,8,53.54,0.3289
2610,N2C,7,10.9283,0.0,0,21.92,0.0846
2610,S2C,7,10.3128,0.0,0,23.23,0.0935
2610,E2C,17,4.6028,70.0,7,52.06,0.3244
2610,W2C,16,4.5598,48.0,6,52.55,0.2983
2611,N2C,8,11.0672,1.0,1,21.65,0.0953
2611,S2C,8,10.6027,1.0,1,22.6,0.102
2611,E2C,16,5.0991,41.0,5,46.99,0.2799
2611,W2C,15,5.302,29.0,4,45.19,0.257
2612,N2C,8,10.876,2.0,1,22.03,0.0987
2612,S2C,8,9.8003,2.0,1,24.45,0.1142
2612,E2C,16,5.0678,20.0,3,47.28,0.2544
2612,W2C,15,5.4008,13.0,3,44.36,0.2389
2613,N2C,8,10.8463,3.0,1,22.09,0.0998
2613,S2C,8,8.8404,3.0,1,27.1,0.1287
2613,E2C,16,5.0838,5.0,2,47.13,0.2381
2613,W2C,14,5.6797,2.0,1,42.19,0.2096
2614,N2C,9,10.3906,4.0,1,23.06,0.1131
2614,S2C,9,9.1161,5.0,2,26.28,0.1381
2614,E2C,15,5.7451,5.0,1,41.71,0.2166
2614,W2C,14,6.5991,0.0,0,36.31,0.189
2615,N2C,9,9.591,5.0,1,24.98,0.1252
2615,S2C,9,8.6393,7.0,2,27.73,0.1463
2615,E2C,15,6.2154,0.0,0,38.55,0.2005
2615,W2C,13,6.9958,0.0,0,34.25,0.1773
2616,N2C,9,8.9037,7.0,2,26.91,0.1425
2616,S2C,9,8.5065,9.0,2,28.17,0.1495
2616,E2C,13,6.4914,0.0,0,36.91,0.1845
2616,W2C,12,7.6771,0.0,0,31.21,0.1615
2617,N2C,10,8.9976,9.0,2,26.63,0.1484
2617,S2C,10,8.6817,11.0,2,27.6,0.1543
2617,E2C,14,7.8171,0.0,0,30.65,0.1714
2617,W2C,12,9.0442,0.0,0,26.49,0.1418
2618,N2C,10,8.3926,12.0,3,28.55,0.1652
2618,S2C,10,7.8548,13.0,2,30.5,0.1676
2618,E2C,12,8.1179,0.0,0,29.51,0.1551
2618,W2C,11,9.7474,0.0,0,24.58,0.1256
2619,N2C,10,7.6171,15.0,3,31.46,0.1783
2619,S2C,10,7.2958,16.0,3,32.84,0.1836
2619,E2C,12,8.8046,0.0,0,27.21,0.1452
2619,W2C,10,10.171,0.0,0,23.56,0.1135
2620,N2C,11,7.5382,18.0,3,31.78,0.1875
2620,S2C,11,7.3026,20.0,4,32.81,0.1982
2620,E2C,11,9.853,0.0,0,24.32,0.1241
2620,W2C,10,11.1196,0.0,0,21.55,0.0999
2621,N2C,11,7.2185,22.0,4,33.19,0.2007
2621,S2C,11,6.9651,24.0,4,34.4,0.2057
2621,E2C,11,10.4341,0.0,0,22.96,0.1158
2621,W2C,9,11.1119,0.0,0,21.56,0.094
2622,N2C,11,6.7182,27.0,5,35.66,0.2173
2622,S2C,11,6.9447,28.0,4,34.5,0.2087
2622,E2C,9,10.7886,0.0,0,22.21,0.0987
2622,W2C,8,11.4024,0.0,0,21.01,0.0838
2623,N2C,12,7.0568,32.0,5,33.95,0.2217
2623,S2C,12,7.4036,33.0,5,32.36,0.2174
2623,E2C,9,11.5621,0.0,0,20.72,0.0875
2623,W2C,9,11.7433,0.0,0,20.4,0.0849
2624,N2C,12,6.2964,37.0,5,38.05,0.236
2624,S2C,12,7.1438,38.0,5,33.54,0.2245
2624,E2C,8,11.5283,0.0,0,20.78,0.082
2624,W2C,7,12.1767,0.0,0,19.68,0.0667
2625,N2C,12,5.9533,43.0,6,40.25,0.2509
2625,S2C,12,7.0321,43.0,5,34.07,0.2294
2625,E2C,6,12.1033,0.0,0,19.8,0.0617
2625,W2C,7,12.1632,0.0,0,19.7,0.0669
2626,N2C,13,6.2271,49.0,6,38.48,0.257
2626,S2C,13,7.2309,48.0,5,33.14,0.2359
2626,E2C,7,12.3405,0.0,0,19.42,0.0643
2626,W2C,6,12.6499,0.0,0,18.94,0.0539
2627,N2C,13,5.7112,56.0,7,41.95,0.2751
2627,S2C,13,6.2616,53.0,5,38.26,0.2532
2627,E2C,6,12.2274,0.0,0,19.6,0.0599
2627,W2C,6,12.7515,0.0,0,18.79,0.0524
2628,N2C,13,5.4348,63.0,7,44.09,0.2837
2628,S2C,13,5.3805,59.0,6,44.53,0.2759
2628,E2C,6,11.9598,0.0,0,20.03,0.0638
2628,W2C,6,12.6808,0.0,0,18.89,0.0534
2629,N2C,14,5.4603,70.0,7,43.88,0.294
2629,S2C,14,5.1845,66.0,7,46.21,0.2953
2629,E2C,7,12.5603,0.0,0,19.08,0.0611
2629,W2C,7,12.9449,0.0,0,18.51,0.0556
2630,N2C,14,5.132,77.0,7,46.69,0.3034
2630,S2C,14,4.8972,73.0,7,48.93,0.3042
2630,E2C,7,12.4397,0.0,0,19.26,0.0629
2630,W2C,7,12.828,0.0,0,18.68,0.0573
2631,N2C,14,4.7326,84.0,7,50.63,0.3139
2631,S2C,14,5.219,80.0,7,45.91,0.3042
2631,E2C,7,12.331,0.0,0,19.43,0.0644
2631,W2C,7,12.7026,0.0,0,18.86,0.0591
2632,N2C,15,4.9885,92.0,8,48.03,0.3275
2632,S2C,15,5.2358,87.0,7,45.76,0.3146
2632,E2C,8,12.6091,0.0,0,19.0,0.0664
2632,W2C,6,12.8231,0.0,0,18.68,0.0514
2633,N2C,15,4.7242,101.0,9,50.72,0.3433
2633,S2C,15,4.6414,94.0,7,51.62,0.3278
2633,E2C,7,12.4992,0.0,0,19.17,0.062
2633,W2C,6,12.6714,0.0,0,18.91,0.0535
2634,N2C,15,4.4508,110.0,9,53.83,0.3532
2634,S2C,15,4.2859,103.0,9,55.9,0.351
2634,E2C,7,12.613,0.0,0,19.0,0.0604
2634,W2C,6,12.4842,0.0,0,19.19,0.0562
2635,N2C,16,4.5691,120.0,10,52.44,0.3702
2635,S2C,16,4.4248,112.0,9,54.15,0.361
2635,E2C,7,12.5487,0.0,0,19.09,0.0613
2635,W2C,5,12.1966,0.0,0,19.64,0.0544
2636,N2C,16,4.1141,130.0,10,58.24,0.3834
2636,S2C,16,4.1419,122.0,10,57.85,0.3777
2636,E2C,7,12.6596,0.0,0,18.93,0.0597
2636,W2C,5,12.2227,0.0,0,19.6,0.054
2637,N2C,16,3.892,140.0,10,61.56,0.3933
2637,S2C,16,3.846,132.0,10,62.3,0.3886
2637,E2C,7,12.4646,0.0,0,19.22,0.0625
2637,W2C,5,12.0446,0.0,0,19.89,0.0566
2638,N2C,17,4.2543,151.0,11,56.32,0.4074
2638,S2C,17,4.2439,142.0,10,56.46,0.3956
2638,E2C,7,11.9672,0.0,0,20.02,0.0697
2638,W2C,6,12.4276,0.0,0,19.28,0.0571
2639,N2C,17,3.9626,162.0,11,60.47,0.4189
2639,S2C,17,3.9633,153.0,11,60.45,0.4129
2639,E2C,7,11.0382,0.0,0,21.71,0.0831
2639,W2C,6,12.0575,0.0,0,19.87,0.0624
2640,N2C,17,3.5239,173.0,11,67.99,0.4326
2640,S2C,17,3.7353,164.0,11,64.14,0.4235
2640,E2C,7,11.105,0.0,0,21.58,0.0821
2640,W2C,6,12.3145,0.0,0,19.46,0.0587
2641,N2C,16,4.3231,128.0,10,55.42,0.3791
2641,S2C,16,4.4596,116.0,9,53.73,0.3631
2641,E2C,8,10.5426,1.0,1,22.73,0.1029
2641,W2C,7,12.6395,0.0,0,18.96,0.06
2642,N2C,16,4.2095,91.0,8,56.92,0.3441
2642,S2C,16,4.3475,78.0,7,55.11,0.3274
2642,E2C,8,10.0624,2.0,1,23.81,0.1104
2642,W2C,7,12.2266,0.0,0,19.6,0.066
2643,N2C,16,4.4081,58.0,6,54.35,0.3072
2643,S2C,16,4.5265,50.0,6,52.93,0.3002
2643,E2C,8,9.1446,4.0,2,26.2,0.131
2643,W2C,7,12.103,0.0,0,19.8,0.0677
2644,N2C,16,5.2009,34.0,5,46.07,0.2738
2644,S2C,15,5.4493,28.0,4,43.97,0.2542
2644,E2C,8,8.5549,6.0,2,28.01,0.1408
2644,W2C,7,10.8361,0.0,0,22.11,0.086
2645,N2C,15,5.7685,15.0,3,41.54,0.2349
2645,S2C,15,5.9819,10.0,2,40.05,0.2225
2645,E2C,8,8.2526,8.0,2,29.03,0.1465
2645,W2C,8,10.4174,0.0,0,23.0,0.098
2646,N2C,15,5.9695,3.0,1,40.14,0.212
2646,S2C,14,6.4642,1.0,1,37.07,0.1976
2646,E2C,9,7.8974,10.0,2,30.34,0.159
2646,W2C,8,8.9755,2.0,2,26.69,0.1321
2647,N2C,14,7.0006,0.0,0,34.23,0.1832
2647,S2C,14,7.5553,0.0,0,31.71,0.1752
2647,E2C,10,7.7372,13.0,3,30.97,0.1753
2647,W2C,9,8.9713,4.0,2,26.71,0.1395
2648,N2C,14,7.1583,0.0,0,33.47,0.1809
2648,S2C,13,8.124,0.0,0,29.49,0.161
2648,E2C,10,7.4205,16.0,3,32.29,0.1818
2648,W2C,9,8.7405,6.0,2,27.41,0.1441
2649,N2C,12,7.3871,0.0,0,32.43,0.1656
2649,S2C,12,8.4767,0.0,0,28.27,0.1499
2649,E2C,10,7.5378,19.0,3,31.79,0.1821
2649,W2C,9,8.4572,8.0,2,28.33,0.1496
2650,N2C,13,8.2877,0.0,0,28.91,0.1587
2650,S2C,12,9.0196,0.0,0,26.56,0.1421
2650,E2C,11,7.8067,23.0,4,30.69,0.1929
2650,W2C,10,8.8926,11.0,3,26.94,0.1573
2651,N2C,11,8.8279,0.0,0,27.14,0.1389
2651,S2C,11,9.6397,0.0,0,24.86,0.1272
2651,E2C,11,7.5548,27.0,4,31.72,0.1992
2651,W2C,10,8.4899,14.0,3,28.22,0.1651
2652,N2C,11,9.3883,0.0,0,25.52,0.1308
2652,S2C,10,10.3284,0.0,0,23.2,0.1113
2652,E2C,11,6.7369,31.0,4,35.57,0.2137
2652,W2C,10,8.0975,17.0,3,29.59,0.1727
2653,N2C,11,10.2837,0.0,0,23.3,0.1179
2653,S2C,10,11.1321,0.0,0,21.52,0.0997
2653,E2C,12,6.8469,36.0,5,34.99,0.2274
2653,W2C,11,8.4552,20.0,3,28.34,0.1756
2654,N2C,9,11.0287,0.0,0,21.73,0.0952
2654,S2C,8,11.4221,0.0,0,20.98,0.0835
2654,E2C,12,6.2206,41.0,5,38.52,0.2398
2654,W2C,11,7.9544,23.0,3,30.12,0.1848
2655,N2C,8,11.7246,0.0,0,20.44,0.0792
2655,S2C,8,11.7159,0.0,0,20.45,0.0793
2655,E2C,12,5.814,47.0,6,41.21,0.2556
2655,W2C,11,7.5285,27.0,4,31.83,0.1996
2656,N2C,8,12.2935,0.0,0,19.49,0.071
2656,S2C,7,12.8343,0.0,0,18.67,0.0572
2656,E2C,13,5.9722,53.0,6,40.12,0.2633
2656,W2C,12,7.7182,31.0,4,31.04,0.2055
2657,N2C,7,12.6359,0.0,0,18.96,0.0601
2657,S2C,7,12.9212,0.0,0,18.54,0.0559
2657,E2C,13,5.4398,59.0,6,44.05,0.275
2657,W2C,12,6.5934,35.0,4,36.34,0.2244
2658,N2C,7,12.575,0.0,0,19.05,0.0609
2658,S2C,6,13.0138,0.0,0,18.41,0.0486
2658,E2C,13,4.9894,65.0,6,48.02,0.2855
2658,W2C,12,6.0745,40.0,5,39.44,0.2412
2659,N2C,6,12.8638,0.0,0,18.63,0.0508
2659,S2C,6,13.0096,0.0,0,18.42,0.0487
2659,E2C,14,5.5727,72.0,7,43.0,0.2938
2659,W2C,13,6.0819,45.0,5,39.4,0.2504
2660,N2C,6,12.6239,0.0,0,18.98,0.0542
2660,S2C,6,13.0938,0.0,0,18.3,0.0475
2660,E2C,14,5.4376,80.0,8,44.06,0.307
2660,W2C,13,5.8423,51.0,6,41.01,0.2639
2661,N2C,6,12.5744,0.0,0,19.05,0.0549
2661,S2C,6,13.2508,0.0,0,18.08,0.0452
2661,E2C,14,5.4027,88.0,8,44.35,0.3129
2661,W2C,13,5.7731,58.0,7,41.5,0.2755
2662,N2C,7,12.8447,0.0,0,18.65,0.0571
2662,S2C,7,13.2771,0.0,0,18.05,0.0508
2662,E2C,15,5.6221,96.0,8,42.62,0.321
2662,W2C,14,5.9326,65.0,7,40.39,0.2839
2663,N2C,7,12.7045,0.0,0,18.86,0.0591
2663,S2C,6,12.9272,0.0,0,18.53,0.0499
2663,E2C,15,5.3733,104.0,8,44.59,0.33
2663,W2C,14,5.2486,72.0,7,45.65,0.2984
2664,N2C,7,12.5166,0.0,0,19.14,0.0618
2664,S2C,6,13.1173,0.0,0,18.27,0.0471
2664,E2C,15,4.9742,112.0,8,48.17,0.341
2664,W2C,14,4.8008,79.0,7,49.91,0.3095
2665,N2C,6,13.1502,0.0,0,18.22,0.0467
2665,S2C,6,13.401,0.0,0,17.88,0.043
2665,E2C,16,5.2584,121.0,9,45.56,0.355
2665,W2C,15,5.0812,87.0,8,47.15,0.3228
2666,N2C,6,13.0954,0.0,0,18.3,0.0474
2666,S2C,6,12.9779,0.0,0,18.46,0.0491
2666,E2C,16,4.7222,130.0,9,50.74,0.3687
2666,W2C,15,5.1286,96.0,9,46.72,0.3342
2667,N2C,6,12.8609,0.0,0,18.63,0.0508
2667,S2C,6,13.0319,0.0,0,18.39,0.0484
2667,E2C,16,3.9599,139.0,9,60.51,0.3856
2667,W2C,15,4.9052,105.0,9,48.85,0.3434
2668,N2C,7,12.8464,0.0,0,18.65,0.057
2668,S2C,6,12.9813,0.0,0,18.46,0.0491
2668,E2C,17,4.274,148.0,9,56.06,0.3931
2668,W2C,16,5.0898,114.0,9,47.07,0.3527
2669,N2C,6,12.693,0.0,0,18.88,0.0532
2669,S2C,6,13.1279,0.0,0,18.25,0.047
2669,E2C,17,4.0337,158.0,10,59.4,0.4093
2669,W2C,16,4.4416,123.0,9,53.94,0.368
2670,N2C,6,12.8023,0.0,0,18.72,0.0517
2670,S2C,6,13.1372,0.0,0,18.24,0.0468
2670,E2C,17,3.7882,168.0,10,63.25,0.4195
2670,W2C,16,4.377,133.0,10,54.74,0.3816
2671,N2C,6,12.7553,0.0,0,18.78,0.0523
2671,S2C,6,13.1434,0.0,0,18.23,0.0467
2671,E2C,18,4.1164,179.0,11,58.21,0.4341
2671,W2C,17,4.2446,143.0,10,56.45,0.3962
2672,N2C,6,12.9314,0.0,0,18.53,0.0498
2672,S2C,6,13.0243,0.0,0,18.4,0.0485
2672,E2C,18,3.7483,190.0,11,63.92,0.4467
2672,W2C,17,3.9868,153.0,10,60.1,0.4066
2673,N2C,6,13.0377,0.0,0,18.38,0.0483
2673,S2C,6,12.8744,0.0,0,18.61,0.0506
2673,E2C,18,3.5927,201.0,11,66.69,0.4563
2673,W2C,17,3.8455,164.0,11,62.31,0.422
2674,N2C,7,13.1324,0.0,0,18.24,0.0529
2674,S2C,7,12.2965,0.0,0,19.49,0.0649
2674,E2C,17,4.2035,147.0,10,57.0,0.3995
2674,W2C,16,4.6613,117.0,9,51.4,0.3609
2675,N2C,7,12.0487,0.0,0,19.89,0.0685
2675,S2C,7,11.5616,0.0,0,20.72,0.0755
2675,E2C,17,4.0426,103.0,9,59.27,0.3665
2675,W2C,16,4.6451,79.0,7,51.58,0.3238
2676,N2C,7,11.2286,0.0,0,21.34,0.0803
2676,S2C,7,11.2588,0.0,0,21.28,0.0799
2676,E2C,17,4.2442,66.0,7,56.45,0.3269
2676,W2C,16,4.5058,51.0,6,53.18,0.3011
2677,N2C,8,10.7369,0.0,0,22.32,0.0934
2677,S2C,8,11.2167,0.0,0,21.36,0.0865
2677,E2C,16,5.2453,36.0,5,45.68,0.2745
2677,W2C,15,5.3048,27.0,4,45.17,0.2556
2678,N2C,8,9.9327,1.0,1,24.12,0.1116
2678,S2C,8,10.436,1.0,1,22.96,0.1044
2678,E2C,16,5.6378,20.0,4,42.5,0.2522
2678,W2C,15,5.5021,12.0,2,43.55,0.2308
2679,N2C,8,9.4617,2.0,1,25.32,0.1191
2679,S2C,8,9.6722,2.0,1,24.77,0.1161
2679,E2C,15,5.9168,7.0,2,40.49,0.2215
2679,W2C,13,5.671,1.0,1,42.25,0.203
2680,N2C,9,9.5532,3.0,1,25.08,0.1244
2680,S2C,9,9.4555,3.0,1,25.34,0.1259
2680,E2C,15,6.3264,0.0,0,37.87,0.1989
2680,W2C,14,6.7318,0.0,0,35.59,0.1871
2681,N2C,9,9.1413,5.0,2,26.21,0.1377
2681,S2C,9,8.8203,4.0,1,27.16,0.1357
2681,E2C,15,6.4077,0.0,0,37.39,0.1977
2681,W2C,13,7.1979,0.0,0,33.29,0.1744
2682,N2C,9,8.4099,7.0,2,28.49,0.1496
2682,S2C,9,8.2099,6.0,2,29.18,0.1518
2682,E2C,13,6.5583,0.0,0,36.53,0.1836
2682,W2C,12,7.5904,0.0,0,31.57,0.1627
2683,N2C,10,8.4289,9.0,2,28.43,0.1566
2683,S2C,10,8.3249,8.0,2,28.78,0.1575
2683,E2C,14,7.8871,0.0,0,30.38,0.1704
2683,W2C,12,8.7629,0.0,0,27.34,0.1458
2684,N2C,10,7.8989,12.0,3,30.33,0.1723
2684,S2C,10,7.6856,11.0,3,31.18,0.1747
2684,E2C,12,8.1807,0.0,0,29.29,0.1542
2684,W2C,11,9.4222,0.0,0,25.43,0.1303
2685,N2C,10,7.8745,16.0,4,30.43,0.1813
2685,S2C,10,7.2676,14.0,3,32.97,0.1827
2685,E2C,12,9.0461,0.0,0,26.49,0.1417
2685,W2C,9,10.135,0.0,0,23.64,0.1081
2686,N2C,11,7.868,20.0,4,30.45,0.19
2686,S2C,11,7.1514,18.0,4,33.5,0.199
2686,E2C,11,9.8202,0.0,0,24.4,0.1246
2686,W2C,10,11.0653,0.0,0,21.65,0.1007
2687,N2C,11,7.365,24.0,4,32.53,0.2
2687,S2C,11,6.4738,22.0,4,37.01,0.2115
2687,E2C,11,10.6946,0.0,0,22.4,0.112
2687,W2C,8,12.0217,0.0,0,19.93,0.0749
2688,N2C,11,6.6767,28.0,4,35.89,0.2125
2688,S2C,11,6.2503,26.0,4,38.33,0.2173
2688,E2C,9,11.1559,0.0,0,21.48,0.0934
2688,W2C,8,12.2382,0.0,0,19.58,0.0718
2689,N2C,12,6.7167,33.0,5,35.67,0.2273
2689,S2C,12,6.2935,31.0,5,38.07,0.232
2689,E2C,9,11.7234,0.0,0,20.44,0.0852
2689,W2C,7,12.3464,0.0,0,19.41,0.0642
2690,N2C,12,6.2734,38.0,5,38.19,0.237
2690,S2C,12,5.7677,36.0,5,41.54,0.243
2690,E2C,8,11.8427,0.0,0,20.23,0.0775
2690,W2C,7,12.1302,0.0,0,19.75,0.0673
2691,N2C,12,5.801,44.0,6,41.3,0.2538
2691,S2C,12,5.5413,42.0,6,43.24,0.2562
2691,E2C,6,12.0766,0.0,0,19.84,0.0621
2691,W2C,7,12.2417,0.0,0,19.57,0.0657
2692,N2C,13,6.053,50.0,6,39.58,0.2602
2692,S2C,13,5.7786,48.0,6,41.46,0.2628
2692,E2C,7,12.3651,0.0,0,19.38,0.064
2692,W2C,8,11.8796,0.0,0,20.17,0.0769
2693,N2C,13,5.6608,56.0,6,42.33,0.2698
2693,S2C,13,5.8424,54.0,6,41.01,0.2659
2693,E2C,6,12.58,0.0,0,19.05,0.0549
2693,W2C,6,11.8042,0.0,0,20.3,0.066
2694,N2C,13,5.3811,63.0,7,44.53,0.2845
2694,S2C,13,5.4965,61.0,7,43.59,0.2815
2694,E2C,6,12.3581,0.0,0,19.39,0.0581
2694,W2C,6,12.0355,0.0,0,19.91,0.0627
2695,N2C,14,5.5894,70.0,7,42.87,0.2922
2695,S2C,14,5.7682,68.0,7,41.54,0.2883
2695,E2C,7,12.742,0.0,0,18.8,0.0585
2695,W2C,6,12.1419,0.0,0,19.73,0.0612
2696,N2C,14,5.2003,77.0,7,46.07,0.3025
2696,S2C,14,5.4064,75.0,7,44.32,0.2982
2696,E2C,6,12.3621,0.0,0,19.38,0.058
2696,W2C,6,12.1534,0.0,0,19.71,0.061
2697,N2C,14,4.809,84.0,7,49.82,0.3128
2697,S2C,14,5.0441,82.0,7,47.5,0.308
2697,E2C,6,12.5207,0.0,0,19.14,0.0557
2697,W2C,6,12.1095,0.0,0,19.79,0.0616
2698,N2C,15,5.1117,92.0,8,46.87,0.3257
2698,S2C,15,5.1888,90.0,8,46.18,0.3233
2698,E2C,6,12.5236,0.0,0,19.13,0.0557
2698,W2C,6,11.6163,0.0,0,20.63,0.0687
2699,N2C,15,4.8168,100.0,8,49.74,0.3353
2699,S2C,15,4.5406,99.0,9,52.77,0.3446
2699,E2C,7,12.7366,0.0,0,18.81,0.0586
2699,W2C,6,11.6067,0.0,0,20.64,0.0689
2700,N2C,15,4.5276,109.0,9,52.92,0.3515
2700,S2C,15,4.3208,108.0,9,55.45,0.3538
2700,E2C,7,12.8442,0.0,0,18.65,0.0571
2700,W2C,6,11.6739,0.0,0,20.52,0.0679
2701,N2C,16,4.6206,118.0,9,51.86,0.3621
2701,S2C,16,4.7413,118.0,10,50.53,0.3664
2701,E2C,6,12.5872,0.0,0,19.04,0.0548
2701,W2C,7,11.8072,0.0,0,20.29,0.072
2702,N2C,16,4.2457,128.0,10,56.43,0.3802
2702,S2C,16,4.7647,128.0,10,50.29,0.3727
2702,E2C,6,12.8253,0.0,0,18.68,0.0513
2702,W2C,7,11.762,0.0,0,20.37,0.0726
2703,N2C,16,3.9674,138.0,10,60.39,0.3909
2703,S2C,16,4.6896,138.0,10,51.09,0.3805
2703,E2C,6,12.8769,0.0,0,18.61,0.0506
2703,W2C,6,11.8016,0.0,0,20.3,0.0661
2704,N2C,17,4.4114,148.0,10,54.31,0.3971
2704,S2C,17,4.7959,148.0,10,49.96,0.3916
2704,E2C,7,12.7175,0.0,0,18.84,0.0589
2704,W2C,7,12.057,0.0,0,19.87,0.0684
2705,N2C,17,4.0813,158.0,10,58.71,0.4086
2705,S2C,17,4.409,158.0,10,54.34,0.4038
2705,E2C,7,12.0019,0.0,0,19.96,0.0692
2705,W2C,7,11.5446,0.0,0,20.75,0.0758
2706,N2C,17,4.1814,169.0,11,57.3,0.4205
2706,S2C,17,3.9304,168.0,10,60.96,0.4174
2706,E2C,7,11.6649,0.0,0,20.54,0.074
2706,W2C,7,11.2851,0.0,0,21.23,0.0795
2707,N2C,16,4.778,123.0,9,50.15,0.3632
2707,S2C,16,4.376,123.0,9,54.75,0.369
2707,E2C,8,11.503,0.0,0,20.83,0.0824
2707,W2C,8,10.9364,0.0,0,21.91,0.0905
2708,N2C,16,4.5902,83.0,7,52.2,0.3272
2708,S2C,16,4.3005,84.0,7,55.71,0.3321
2708,E2C,8,10.9175,1.0,1,21.95,0.0975
2708,W2C,8,10.5517,0.0,0,22.71,0.0961
2709,N2C,16,4.5159,51.0,6,53.06,0.301
2709,S2C,16,4.3839,51.0,5,54.65,0.2969
2709,E2C,8,10.2876,2.0,1,23.29,0.1072
2709,W2C,8,10.6381,0.0,0,22.52,0.0948
2710,N2C,15,5.3294,28.0,5,44.96,0.2619
2710,S2C,15,5.5419,27.0,4,43.23,0.2522
2710,E2C,8,9.2252,3.0,1,25.97,0.1232
2710,W2C,9,10.7389,1.0,1,22.31,0.106
2711,N2C,15,5.426,11.0,3,44.16,0.2372
2711,S2C,15,5.7922,8.0,3,41.37,0.2299
2711,E2C,9,9.2185,5.0,2,25.99,0.1366
2711,W2C,9,10.422,2.0,1,22.99,0.1113
2712,N2C,14,5.9444,3.0,1,40.31,0.2064
2712,S2C,13,5.6491,2.0,1,42.41,0.204
2712,E2C,9,8.2275,7.0,2,29.12,0.1522
2712,W2C,9,9.1897,3.0,1,26.07,0.1297
2713,N2C,14,6.8341,0.0,0,35.06,0.1856
2713,S2C,14,6.5135,0.0,0,36.79,0.1902
2713,E2C,10,8.7652,10.0,3,27.34,0.1585
2713,W2C,10,8.4561,5.0,2,28.33,0.1536
2714,N2C,13,7.3385,0.0,0,32.65,0.1723
2714,S2C,14,7.1094,0.0,0,33.7,0.1816
2714,E2C,10,8.3478,13.0,3,28.7,0.1665
2714,W2C,10,7.6516,7.0,2,31.31,0.1665
2715,N2C,12,8.11,0.0,0,29.54,0.1552
2715,S2C,12,7.3866,0.0,0,32.44,0.1656
2715,E2C,10,7.7261,17.0,4,31.01,0.1841
2715,W2C,10,7.6661,9.0,2,31.25,0.1676
2716,N2C,12,9.4376,0.0,0,25.39,0.1361
2716,S2C,13,8.5992,0.0,0,27.86,0.1542
2716,E2C,11,7.861,21.0,4,30.48,0.1908
2716,W2C,11,8.0378,12.0,3,29.81,0.1763
2717,N2C,11,9.9537,0.0,0,24.07,0.1227
2717,S2C,11,8.8393,0.0,0,27.11,0.1387
2717,E2C,11,7.3468,25.0,4,32.61,0.2009
2717,W2C,11,7.9402,16.0,4,30.18,0.1863
2718,N2C,10,10.1875,0.0,0,23.52,0.1133
2718,S2C,11,9.9289,0.0,0,24.13,0.123
2718,E2C,11,6.8342,29.0,4,35.06,0.2109
2718,W2C,11,7.5,20.0,4,31.95,0.1953
2719,N2C,10,10.925,0.0,0,21.93,0.1027
2719,S2C,10,10.9828,0.0,0,21.82,0.1019
2719,E2C,12,6.7965,34.0,5,35.25,0.2268
2719,W2C,12,7.642,24.0,4,31.35,0.202
2720,N2C,9,11.5292,0.0,0,20.78,0.088
2720,S2C,9,11.278,0.0,0,21.24,0.0916
2720,E2C,12,6.2825,39.0,5,38.14,0.2375
2720,W2C,12,7.1882,28.0,4,33.33,0.2112
2721,N2C,8,12.1005,0.0,0,19.8,0.0738
2721,S2C,8,12.0413,0.0,0,19.9,0.0746
2721,E2C,12,5.8131,44.0,5,41.22,0.2476
2721,W2C,12,6.273,33.0,5,38.2,0.2337
2722,N2C,8,12.9214,0.0,0,18.54,0.0619
2722,S2C,7,12.4639,0.0,0,19.22,0.0625
2722,E2C,13,5.8704,50.0,6,40.82,0.2628
2722,W2C,13,6.1513,38.0,5,38.95,0.2448
2723,N2C,7,12.9169,0.0,0,18.55,0.056
2723,S2C,7,12.4813,0.0,0,19.2,0.0623
2723,E2C,13,5.5504,56.0,6,43.17,0.2714
2723,W2C,13,5.5297,44.0,6,43.33,0.2637
2724,N2C,6,13.0864,0.0,0,18.31,0.0476
2724,S2C,6,12.5194,0.0,0,19.14,0.0557
2724,E2C,13,5.0594,63.0,7,47.36,0.2892
2724,W2C,13,5.4998,50.0,6,43.57,0.2681
2725,N2C,6,13.0178,0.0,0,18.41,0.0486
2725,S2C,7,12.9815,0.0,0,18.46,0.0551
2725,E2C,14,5.5596,70.0,7,43.1,0.2926
2725,W2C,14,5.6445,57.0,7,42.45,0.2827
2726,N2C,6,13.0793,0.0,0,18.32,0.0477
2726,S2C,7,12.5054,0.0,0,19.16,0.0619
2726,E2C,14,5.2512,77.0,7,45.63,0.3017
2726,W2C,14,5.233,64.0,7,45.79,0.2933
2727,N2C,6,13.2272,0.0,0,18.11,0.0455
2727,S2C,7,12.7036,0.0,0,18.86,0.0591
2727,E2C,14,4.864,85.0,8,49.26,0.3186
2727,W2C,14,4.8031,72.0,8,49.88,0.3108
2728,N2C,6,12.9993,0.0,0,18.43,0.0488
2728,S2C,6,12.7073,0.0,0,18.86,0.053
2728,E2C,15,5.0094,93.0,8,47.83,0.3279
2728,W2C,15,5.1386,80.0,8,46.63,0.3173
2729,N2C,6,13.1012,0.0,0,18.29,0.0474
2729,S2C,6,12.975,0.0,0,18.47,0.0492
2729,E2C,15,4.7153,101.0,8,50.81,0.3374
2729,W2C,15,4.76,88.0,8,50.34,0.3281
2730,N2C,6,12.6941,0.0,0,18.87,0.0532
2730,S2C,6,13.2429,0.0,0,18.09,0.0453
2730,E2C,15,4.3544,109.0,8,55.02,0.348
2730,W2C,15,4.5929,96.0,8,52.17,0.3359
2731,N2C,7,12.8672,0.0,0,18.62,0.0567
2731,S2C,6,12.9096,0.0,0,18.56,0.0501
2731,E2C,16,4.7487,118.0,9,50.46,0.3603
2731,W2C,16,4.7342,105.0,9,50.61,0.3518
2732,N2C,6,12.5879,0.0,0,19.03,0.0547
2732,S2C,6,13.2812,0.0,0,18.04,0.0448
2732,E2C,16,4.7012,128.0,10,50.97,0.3736
2732,W2C,16,4.3306,115.0,10,55.33,0.3703
2733,N2C,6,12.8409,0.0,0,18.66,0.0511
2733,S2C,6,12.9981,0.0,0,18.43,0.0488
2733,E2C,16,4.4003,138.0,10,54.45,0.3846
2733,W2C,16,4.1959,125.0,10,57.1,0.3789
2734,N2C,6,12.9444,0.0,0,18.51,0.0496
2734,S2C,6,12.996,0.0,0,18.44,0.0489
2734,E2C,17,4.5126,148.0,10,53.1,0.3957
2734,W2C,17,4.4448,136.0,11,53.91,0.3947
2735,N2C,6,12.8087,0.0,0,18.71,0.0516
2735,S2C,6,12.7951,0.0,0,18.73,0.0518
2735,E2C,17,4.1508,158.0,10,57.72,0.4076
2735,W2C,17,4.042,147.0,11,59.28,0.4078
2736,N2C,6,12.7582,0.0,0,18.78,0.0523
2736,S2C,6,12.9039,0.0,0,18.57,0.0502
2736,E2C,17,3.8345,169.0,11,62.49,0.4255
2736,W2C,17,3.8677,158.0,11,61.95,0.4176
2737,N2C,7,12.3116,0.0,0,19.46,0.0647
2737,S2C,6,12.6964,0.0,0,18.87,0.0532
2737,E2C,18,4.0682,180.0,11,58.9,0.4354
2737,W2C,18,4.1867,170.0,12,57.23,0.433
2738,N2C,7,11.619,0.0,0,20.62,0.0747
2738,S2C,6,12.3837,0.0,0,19.35,0.0577
2738,E2C,18,3.6327,191.0,11,65.96,0.449
2738,W2C,18,3.9289,182.0,12,60.98,0.4448
2739,N2C,7,10.666,0.0,0,22.46,0.0884
2739,S2C,6,12.8835,0.0,0,18.6,0.0505
2739,E2C,18,3.2144,202.0,11,74.54,0.4624
2739,W2C,18,3.6364,194.0,12,65.89,0.457
2740,N2C,8,10.205,0.0,0,23.48,0.1011
2740,S2C,7,12.4206,0.0,0,19.29,0.0632
2740,E2C,17,4.049,153.0,10,59.18,0.4057
2740,W2C,17,4.3147,147.0,10,55.53,0.3979
2741,N2C,8,9.6384,1.0,1,24.86,0.1159
2741,S2C,7,11.3559,0.0,0,21.1,0.0785
2741,E2C,17,3.8601,105.0,8,62.07,0.3644
2741,W2C,17,4.1344,106.0,8,57.95,0.3611
2742,N2C,8,8.9098,2.0,1,26.89,0.127
2742,S2C,7,10.5858,0.0,0,22.63,0.0896
2742,E2C,17,4.0976,69.0,7,58.47,0.331
2742,W2C,17,4.2596,75.0,7,56.25,0.3327
2743,N2C,9,8.9031,4.0,2,26.91,0.1405
2743,S2C,8,10.7688,0.0,0,22.25,0.0929
2743,E2C,16,5.0421,39.0,5,47.52,0.2794
2743,W2C,16,4.9969,44.0,5,47.95,0.2834
2744,N2C,9,8.3862,6.0,2,28.57,0.1492
2744,S2C,8,10.1443,0.0,0,23.62,0.1019
2744,E2C,16,5.3323,18.0,4,44.93,0.2552
2744,W2C,16,5.1788,23.0,4,46.27,0.2608
2745,N2C,9,8.078,9.0,3,29.66,0.1617
2745,S2C,8,9.9708,1.0,1,24.03,0.1111
2745,E2C,14,5.3928,8.0,2,44.43,0.2237
2745,W2C,14,5.5095,6.0,2,43.49,0.2207
2746,N2C,10,8.1544,12.0,3,29.38,0.1686
2746,S2C,9,9.6973,2.0,1,24.71,0.1217
2746,E2C,15,6.1163,0.0,0,39.17,0.2019
2746,W2C,15,6.4066,1.0,1,37.4,0.2044
2747,N2C,10,7.6197,15.0,3,31.44,0.1783
2747,S2C,9,9.0258,4.0,2,26.55,0.1387
2747,E2C,13,6.6168,0.0,0,36.21,0.1827
2747,W2C,13,6.6417,0.0,0,36.08,0.1824
2748,N2C,10,7.4997,18.0,3,31.95,0.182
2748,S2C,9,8.1744,6.0,2,29.31,0.1523
2748,E2C,13,7.3533,0.0,0,32.58,0.1721
2748,W2C,13,7.1376,0.0,0,33.57,0.1752
2749,N2C,11,7.9629,21.0,3,30.09,0.1833
2749,S2C,10,8.1237,8.0,2,29.49,0.1604
2749,E2C,12,8.7003,0.0,0,27.54,0.1467
2749,W2C,12,8.2289,0.0,0,29.12,0.1535
2750,N2C,11,7.813,25.0,4,30.67,0.1942
2750,S2C,10,7.7131,11.0,3,31.06,0.1743
2750,E2C,12,9.3286,0.0,0,25.68,0.1377
2750,W2C,12,8.9576,0.0,0,26.75,0.143
2751,N2C,11,7.1308,29.0,4,33.6,0.2067
2751,S2C,10,7.608,15.0,4,31.49,0.1845
2751,E2C,10,9.6001,0.0,0,24.96,0.1218
2751,W2C,10,9.646,0.0,0,24.84,0.1211
2752,N2C,12,7.0298,33.0,4,34.08,0.2168
2752,S2C,11,8.2841,19.0,4,28.92,0.1834
2752,E2C,11,10.6839,0.0,0,22.43,0.1122
2752,W2C,11,10.4362,0.0,0,22.96,0.1157
2753,N2C,12,6.3465,37.0,4,37.75,0.2293
2753,S2C,11,7.9424,23.0,4,30.17,0.191
2753,E2C,9,10.8186,0.0,0,22.15,0.0982
2753,W2C,9,11.0335,0.0,0,21.72,0.0951
2754,N2C,12,6.0713,42.0,5,39.46,0.2426
2754,S2C,11,7.4669,27.0,4,32.09,0.2005
2754,E2C,9,11.5956,0.0,0,20.66,0.087
2754,W2C,9,11.4509,0.0,0,20.92,0.0891
2755,N2C,13,6.3075,47.0,5,37.99,0.2485
2755,S2C,12,7.6087,31.0,4,31.49,0.2071
2755,E2C,8,12.0545,0.0,0,19.88,0.0744
2755,W2C,8,11.8506,0.0,0,20.22,0.0774
2756,N2C,13,6.0747,53.0,6,39.44,0.2619
2756,S2C,12,6.8616,35.0,4,34.92,0.2205
2756,E2C,8,12.1895,0.0,0,19.66,0.0725
2756,W2C,8,12.3794,0.0,0,19.35,0.0698
2757,N2C,13,5.6556,60.0,7,42.37,0.2786
2757,S2C,12,6.2376,39.0,4,38.41,0.2322
2757,E2C,6,12.4215,0.0,0,19.29,0.0571
2757,W2C,6,12.6694,0.0,0,18.91,0.0536
2758,N2C,14,6.0351,67.0,7,39.7,0.2838
2758,S2C,13,6.0017,44.0,5,39.92,0.2509
2758,E2C,7,12.1005,0.0,0,19.8,0.0678
2758,W2C,7,12.4132,0.0,0,19.3,0.0633
2759,N2C,14,5.3467,74.0,7,44.81,0.2983
2759,S2C,13,5.4848,50.0,6,43.68,0.2684
2759,E2C,7,11.8492,0.0,0,20.22,0.0714
2759,W2C,6,12.3554,0.0,0,19.39,0.0581
2760,N2C,14,5.0684,81.0,7,47.27,0.307
2760,S2C,13,5.3548,57.0,7,44.75,0.2809
2760,E2C,7,12.2011,0.0,0,19.64,0.0663
2760,W2C,6,12.5287,0.0,0,19.12,0.0556
2761,N2C,15,5.0093,89.0,8,47.83,0.3252
2761,S2C,14,5.6946,64.0,7,42.07,0.2867
2761,E2C,8,12.1254,0.0,0,19.76,0.0734
2761,W2C,6,12.5243,0.0,0,19.13,0.0557
2762,N2C,15,4.7572,98.0,9,50.37,0.3408
2762,S2C,14,5.2917,71.0,7,45.28,0.2971
2762,E2C,8,12.0178,0.0,0,19.94,0.075
2762,W2C,6,12.3288,0.0,0,19.43,0.0585
2763,N2C,15,4.5632,107.0,9,52.51,0.3496
2763,S2C,14,4.8347,78.0,7,49.56,0.3084
2763,E2C,6,12.3904,0.0,0,19.34,0.0576
2763,W2C,6,12.4303,0.0,0,19.28,0.057
2764,N2C,16,4.8088,116.0,9,49.83,0.3581
2764,S2C,15,5.134,86.0,8,46.67,0.3214
2764,E2C,7,12.8312,0.0,0,18.67,0.0572
2764,W2C,7,12.7665,0.0,0,18.77,0.0582
2765,N2C,16,4.3511,125.0,9,55.07,0.3707
2765,S2C,15,4.6751,94.0,8,51.25,0.3334
2765,E2C,6,12.561,0.0,0,19.07,0.0551
2765,W2C,7,12.6554,0.0,0,18.93,0.0598
2766,N2C,16,4.1148,135.0,10,58.23,0.3868
2766,S2C,15,4.4844,103.0,9,53.43,0.3481
2766,E2C,6,12.4489,0.0,0,19.25,0.0568
2766,W2C,7,12.762,0.0,0,18.77,0.0582
2767,N2C,17,4.1118,145.0,10,58.27,0.3995
2767,S2C,16,4.6392,112.0,9,51.65,0.3579
2767,E2C,6,12.6066,0.0,0,19.01,0.0545
2767,W2C,6,12.8772,0.0,0,18.61,0.0506
2768,N2C,17,3.9184,156.0,11,61.15,0.4156
2768,S2C,16,4.3272,122.0,10,55.37,0.375
2768,E2C,6,12.3159,0.0,0,19.45,0.0587
2768,W2C,6,12.8632,0.0,0,18.63,0.0508
2769,N2C,17,3.5553,167.0,11,67.39,0.4281
2769,S2C,16,4.0598,132.0,10,59.02,0.3855
2769,E2C,6,12.4976,0.0,0,19.17,0.056
2769,W2C,6,12.7844,0.0,0,18.74,0.0519
2770,N2C,18,3.7578,178.0,11,63.76,0.4386
2770,S2C,17,4.2589,143.0,11,56.26,0.402
2770,E2C,6,12.28,0.0,0,19.51,0.0592
2770,W2C,6,12.8406,0.0,0,18.66,0.0511
2771,N2C,18,3.3635,190.0,12,71.23,0.4582
2771,S2C,17,4.0458,154.0,11,59.22,0.4124
2771,E2C,7,12.4479,0.0,0,19.25,0.0628
2771,W2C,7,13.0625,0.0,0,18.34,0.0539
2772,N2C,18,3.3209,202.0,12,72.15,0.4668
2772,S2C,17,3.739,165.0,11,64.08,0.4242
2772,E2C,7,11.2461,0.0,0,21.31,0.0801
2772,W2C,7,12.3675,0.0,0,19.37,0.0639
2773,N2C,17,4.2974,151.0,11,55.75,0.4068
2773,S2C,16,4.8447,121.0,10,49.46,0.3669
2773,E2C,8,10.6289,0.0,0,22.54,0.095
2773,W2C,8,12.0105,0.0,0,19.95,0.0751
2774,N2C,17,4.1742,107.0,9,57.4,0.3672
2774,S2C,16,5.0053,82.0,8,47.87,0.3266
2774,E2C,8,9.7762,0.0,0,24.51,0.1072
2774,W2C,8,10.9376,0.0,0,21.91,0.0905
2775,N2C,17,4.0966,74.0,7,58.49,0.3343
2775,S2C,16,4.943,56.0,6,48.47,0.2982
2775,E2C,8,9.0348,0.0,0,26.52,0.1179
2775,W2C,8,9.7577,0.0,0,24.56,0.1075
2776,N2C,16,4.6524,46.0,5,51.5,0.2897
2776,S2C,15,5.5344,31.0,4,43.29,0.255
2776,E2C,8,9.0914,0.0,0,26.35,0.1171
2776,W2C,9,9.5677,1.0,1,25.04,0.1229
2777,N2C,16,4.5514,22.0,3,52.64,0.2631
2777,S2C,15,5.321,13.0,2,45.03,0.2341
2777,E2C,9,9.5615,2.0,2,25.06,0.1297
2777,W2C,9,8.8873,2.0,1,26.96,0.1334
2778,N2C,16,5.0959,8.0,3,47.02,0.246
2778,S2C,14,5.4456,0.0,0,44.0,0.2056
2778,E2C,9,8.6209,4.0,2,27.79,0.1445
2778,W2C,9,8.0891,3.0,1,29.62,0.1455
2779,N2C,15,6.1976,2.0,1,38.66,0.2081
2779,S2C,14,6.3388,0.0,0,37.8,0.1927
2779,E2C,10,8.2851,6.0,2,28.92,0.1567
2779,W2C,10,8.2971,5.0,2,28.88,0.1559
2780,N2C,15,6.5559,0.0,0,36.55,0.1956
2780,S2C,14,6.8069,0.0,0,35.2,0.186
2780,E2C,10,7.1748,8.0,2,33.39,0.174
2780,W2C,10,7.6647,9.0,4,31.26,0.1796
2781,N2C,13,6.9291,0.0,0,34.58,0.1782
2781,S2C,12,7.1873,0.0,0,33.34,0.1685
2781,E2C,10,6.685,11.0,3,35.84,0.1891
2781,W2C,10,7.4918,13.0,4,31.98,0.1848
2782,N2C,14,7.8343,0.0,0,30.58,0.1712
2782,S2C,13,8.3465,0.0,0,28.71,0.1578
2782,E2C,11,6.7941,15.0,4,35.27,0.2022
2782,W2C,11,7.4482,17.0,4,32.17,0.1941
2783,N2C,12,8.0449,0.0,0,29.78,0.1562
2783,S2C,11,8.9044,0.0,0,26.91,0.1378
2783,E2C,11,6.4188,19.0,4,37.33,0.2102
2783,W2C,11,6.797,21.0,4,35.25,0.2061
2784,N2C,12,8.7606,0.0,0,27.35,0.1459
2784,S2C,11,9.4485,0.0,0,25.36,0.13
2784,E2C,11,6.6065,23.0,4,36.27,0.2102
2784,W2C,11,6.6497,25.0,4,36.03,0.2109
2785,N2C,11,9.782,0.0,0,24.49,0.1252
2785,S2C,10,10.2975,0.0,0,23.27,0.1117
2785,E2C,12,6.756,28.0,5,35.47,0.2234
2785,W2C,12,7.0293,30.0,5,34.09,0.2208
2786,N2C,11,10.5127,0.0,0,22.79,0.1146
2786,S2C,10,11.0919,0.0,0,21.6,0.1003
2786,E2C,12,6.5474,33.0,5,36.59,0.2297
2786,W2C,12,6.6154,35.0,5,36.22,0.2301
2787,N2C,9,11.2484,0.0,0,21.3,0.092
2787,S2C,8,11.5128,0.0,0,20.81,0.0822
2787,E2C,12,6.1811,38.0,5,38.76,0.2383
2787,W2C,12,6.1844,41.0,6,38.74,0.2463
2788,N2C,10,11.9643,0.0,0,20.03,0.0877
2788,S2C,9,12.588,0.0,0,19.03,0.0727
2788,E2C,13,6.6743,43.0,5,35.9,0.2406
2788,W2C,12,5.804,47.0,6,41.28,0.2558
2789,N2C,8,12.1558,0.0,0,19.71,0.073
2789,S2C,7,13.0334,0.0,0,18.38,0.0543
2789,E2C,13,6.5643,49.0,6,36.5,0.2521
2789,W2C,13,5.8356,53.0,6,41.06,0.2653
2790,N2C,7,12.6287,0.0,0,18.97,0.0602
2790,S2C,7,12.4764,0.0,0,19.2,0.0624
2790,E2C,13,6.2837,55.0,6,38.13,0.2602
2790,W2C,13,5.5068,59.0,6,43.51,0.274
2791,N2C,8,12.7212,0.0,0,18.83,0.0648
2791,S2C,6,13.0162,0.0,0,18.41,0.0486
2791,E2C,14,6.2952,61.0,6,38.06,0.27
2791,W2C,14,5.7031,66.0,7,42.01,0.2879
2792,N2C,6,13.0879,0.0,0,18.31,0.0475
2792,S2C,6,12.7614,0.0,0,18.78,0.0523
2792,E2C,14,5.7777,67.0,6,41.47,0.2815
2792,W2C,14,5.3059,74.0,8,45.16,0.3049
2793,N2C,6,13.0926,0.0,0,18.3,0.0475
2793,S2C,6,13.0134,0.0,0,18.41,0.0486
2793,E2C,14,5.3166,73.0,6,45.07,0.2921
2793,W2C,14,5.0927,82.0,8,47.05,0.3133
2794,N2C,6,12.971,0.0,0,18.47,0.0492
2794,S2C,6,12.9605,0.0,0,18.49,0.0494
2794,E2C,15,5.4184,79.0,6,44.22,0.3006
2794,W2C,15,4.9377,90.0,8,48.52,0.3269
2795,N2C,6,12.7064,0.0,0,18.86,0.053
2795,S2C,6,12.8428,0.0,0,18.66,0.0511
2795,E2C,15,5.08,88.0,9,47.17,0.3295
2795,W2C,15,4.834,98.0,8,49.57,0.3337
2796,N2C,6,13.0166,0.0,0,18.41,0.0486
2796,S2C,6,12.8405,0.0,0,18.66,0.0511
2796,E2C,15,5.1214,97.0,9,46.78,0.3349
2796,W2C,15,4.2846,106.0,8,55.92,0.347
2797,N2C,7,12.8799,0.0,0,18.6,0.0565
2797,S2C,7,13.0171,0.0,0,18.41,0.0546
2797,E2C,16,5.3964,106.0,9,44.4,0.343
2797,W2C,16,4.4039,115.0,9,54.41,0.3633
2798,N2C,7,12.704,0.0,0,18.86,0.0591
2798,S2C,7,13.2475,0.0,0,18.09,0.0513
2798,E2C,16,4.8727,115.0,9,49.17,0.3565
2798,W2C,16,4.2246,125.0,10,56.72,0.3785
2799,N2C,6,12.6319,0.0,0,18.97,0.0541
2799,S2C,7,12.7938,0.0,0,18.73,0.0578
2799,E2C,16,4.1915,124.0,9,57.16,0.3723
2799,W2C,16,3.9071,135.0,10,61.33,0.3897
2800,N2C,6,12.803,0.0,0,18.71,0.0517
2800,S2C,6,12.9231,0.0,0,18.54,0.0499
2800,E2C,17,4.3828,133.0,9,54.67,0.3816
2800,W2C,17,4.1953,145.0,10,57.11,0.3983
2801,N2C,6,12.483,0.0,0,19.19,0.0563
2801,S2C,6,13.3052,0.0,0,18.01,0.0444
2801,E2C,17,4.1661,144.0,11,57.51,0.404
2801,W2C,17,3.8633,156.0,11,62.02,0.4164
2802,N2C,6,12.9363,0.0,0,18.52,0.0497
2802,S2C,6,13.0342,0.0,0,18.38,0.0483
2802,E2C,17,3.8543,155.0,11,62.17,0.4158
2802,W2C,17,3.563,168.0,12,67.25,0.4347
2803,N2C,7,12.6013,0.0,0,19.01,0.0606
2803,S2C,6,13.2569,0.0,0,18.07,0.0451
2803,E2C,18,4.165,167.0,12,57.53,0.4314
2803,W2C,18,4.2136,180.0,12,56.86,0.4393
2804,N2C,7,11.9724,0.0,0,20.01,0.0696
2804,S2C,6,12.908,0.0,0,18.56,0.0501
2804,E2C,18,3.7571,179.0,12,63.77,0.4452
2804,W2C,18,3.9689,192.0,12,60.37,0.4509
2805,N2C,7,11.0898,0.0,0,21.61,0.0823
2805,S2C,6,12.7445,0.0,0,18.8,0.0525
2805,E2C,18,3.5456,191.0,12,67.58,0.4563
2805,W2C,18,3.7547,204.0,12,63.81,0.4619
2806,N2C,8,10.6642,0.0,0,22.47,0.0944
2806,S2C,7,12.4318,0.0,0,19.27,0.063
2806,E2C,17,4.1931,144.0,11,57.14,0.4036
2806,W2C,17,4.2353,158.0,10,56.57,0.4063
2807,N2C,8,9.8634,0.0,0,24.29,0.106
2807,S2C,7,11.784,0.0,0,20.33,0.0723
2807,E2C,17,4.0389,102.0,9,59.32,0.3658
2807,W2C,17,4.0645,117.0,9,58.95,0.3755
2808,N2C,8,9.0368,1.0,1,26.51,0.1245
2808,S2C,7,11.1423,0.0,0,21.5,0.0816
2808,E2C,17,4.2889,68.0,8,55.87,0.3336
2808,W2C,17,4.0956,75.0,7,58.5,0.335
2809,N2C,9,9.0042,3.0,2,26.61,0.1383
2809,S2C,8,10.8139,0.0,0,22.16,0.0923
2809,E2C,16,5.0867,46.0,6,47.1,0.2894
2809,W2C,17,5.0561,45.0,5,47.39,0.2892
2810,N2C,9,8.4798,5.0,2,28.26,0.1472
2810,S2C,8,10.3269,1.0,1,23.2,0.106
2810,E2C,16,5.1345,26.0,4,46.66,0.2634
2810,W2C,16,5.4745,24.0,4,43.77,0.2572
2811,N2C,9,8.1159,7.0,2,29.52,0.1538
2811,S2C,8,9.0138,2.0,1,26.58,0.1255
2811,E2C,15,5.3775,13.0,2,44.56,0.2332
2811,W2C,15,5.7834,7.0,2,41.43,0.2234
2812,N2C,10,8.1999,10.0,3,29.22,0.1666
2812,S2C,9,8.9918,4.0,2,26.65,0.1392
2812,E2C,15,6.249,1.0,1,38.34,0.2067
2812,W2C,15,6.4453,0.0,0,37.17,0.1972
2813,N2C,10,7.8523,13.0,3,30.51,0.1736
2813,S2C,9,8.5242,6.0,2,28.11,0.1473
2813,E2C,14,6.4333,0.0,0,37.24,0.1914
2813,W2C,14,6.6365,0.0,0,36.1,0.1884
2814,N2C,10,7.6365,16.0,3,31.38,0.1787
2814,S2C,9,8.2878,9.0,3,28.91,0.1587
2814,E2C,13,6.7818,0.0,0,35.33,0.1804
2814,W2C,13,6.8365,0.0,0,35.05,0.1796
2815,N2C,11,8.1449,20.0,4,29.42,0.1861
2815,S2C,10,8.1518,12.0,3,29.39,0.1686
2815,E2C,14,8.0246,0.0,0,29.86,0.1685
2815,W2C,13,7.5524,0.0,0,31.73,0.1693
2816,N2C,11,7.7725,24.0,4,30.83,0.1941
2816,S2C,10,7.779,15.0,3,30.8,0.176
2816,E2C,12,8.3808,0.0,0,28.59,0.1513
2816,W2C,13,8.1267,0.0,0,29.48,0.161
2817,N2C,11,7.0288,28.0,4,34.09,0.2075
2817,S2C,10,7.7347,18.0,3,30.98,0.1786
2817,E2C,11,9.1975,0.0,0,26.05,0.1336
2817,W2C,11,8.5156,0.0,0,28.14,0.1434
2818,N2C,12,6.9061,32.0,4,34.69,0.2179
2818,S2C,11,8.0691,21.0,3,29.69,0.1818
2818,E2C,11,10.2692,0.0,0,23.33,0.1181
2818,W2C,12,9.6296,0.0,0,24.88,0.1333
2819,N2C,12,6.4464,37.0,5,37.17,0.2338
2819,S2C,11,7.1746,25.0,4,33.4,0.2034
2819,E2C,10,10.9267,0.0,0,21.93,0.1027
2819,W2C,10,10.1891,0.0,0,23.52,0.1133
2820,N2C,12,6.0849,42.0,5,39.38,0.2424
2820,S2C,11,6.5201,29.0,4,36.75,0.2155
2820,E2C,9,11.8273,0.0,0,20.26,0.0837
2820,W2C,10,10.5547,0.0,0,22.7,0.108
2821,N2C,13,6.3397,47.0,5,37.79,0.248
2821,S2C,12,6.6713,33.0,4,35.91,0.2219
2821,E2C,8,12.7458,0.0,0,18.8,0.0645
2821,W2C,9,11.2587,0.0,0,21.28,0.0919
2822,N2C,13,5.9707,53.0,6,40.13,0.2634
2822,S2C,12,6.0729,38.0,5,39.45,0.2399
2822,E2C,8,12.7243,0.0,0,18.83,0.0648
2822,W2C,8,11.6987,0.0,0,20.48,0.0796
2823,N2C,13,5.5814,60.0,7,42.93,0.2796
2823,S2C,12,5.5452,44.0,6,43.21,0.2575
2823,E2C,6,12.855,0.0,0,18.64,0.0509
2823,W2C,7,12.3091,0.0,0,19.47,0.0648
2824,N2C,14,5.8101,67.0,7,41.24,0.287
2824,S2C,13,5.8507,50.0,6,40.95,0.2631
2824,E2C,7,12.9936,0.0,0,18.44,0.0549
2824,W2C,7,12.5965,0.0,0,19.02,0.0606
2825,N2C,14,5.326,74.0,7,44.99,0.2986
2825,S2C,13,5.5234,56.0,6,43.38,0.2718
2825,E2C,7,13.0104,0.0,0,18.42,0.0547
2825,W2C,7,12.5001,0.0,0,19.17,0.062
2826,N2C,14,5.0377,81.0,7,47.56,0.3075
2826,S2C,13,5.3734,63.0,7,44.59,0.2846
2826,E2C,7,13.2402,0.0,0,18.1,0.0514
2826,W2C,7,12.2861,0.0,0,19.5,0.0651
2827,N2C,15,5.0918,89.0,8,47.06,0.324
2827,S2C,14,5.4602,70.0,7,43.88,0.294
2827,E2C,6,13.0649,0.0,0,18.34,0.0479
2827,W2C,6,12.7909,0.0,0,18.73,0.0518
2828,N2C,15,4.806,98.0,9,49.85,0.3401
2828,S2C,14,4.835,77.0,7,49.56,0.3077
2828,E2C,6,13.0133,0.0,0,18.41,0.0486
2828,W2C,6,12.2971,0.0,0,19.48,0.0589
2829,N2C,15,4.4879,107.0,9,53.39,0.3507
2829,S2C,14,4.5685,85.0,8,52.45,0.3229
2829,E2C,6,13.0254,0.0,0,18.39,0.0484
2829,W2C,6,12.6851,0.0,0,18.89,0.0533
2830,N2C,16,4.5568,116.0,9,52.58,0.3617
2830,S2C,15,4.6202,93.0,8,51.86,0.3335
2830,E2C,5,13.0455,0.0,0,18.37,0.0422
2830,W2C,5,12.6562,0.0,0,18.93,0.0478
2831,N2C,16,4.3033,126.0,10,55.68,0.378
2831,S2C,15,4.348,102.0,9,55.11,0.3494
2831,E2C,5,12.8354,0.0,0,18.67,0.0452
2831,W2C,6,11.8691,0.0,0,20.19,0.0651
2832,N2C,16,3.9849,136.0,10,60.13,0.3893
2832,S2C,15,3.955,111.0,9,60.58,0.3611
2832,E2C,5,12.6125,0.0,0,19.0,0.0484
2832,W2C,6,11.7838,0.0,0,20.33,0.0663
2833,N2C,17,4.3525,146.0,10,55.05,0.3967
2833,S2C,16,4.5057,120.0,9,53.18,0.3651
2833,E2C,6,13.064,0.0,0,18.34,0.0479
2833,W2C,7,12.0989,0.0,0,19.8,0.0678
2834,N2C,17,3.9764,157.0,11,60.26,0.4154
2834,S2C,16,4.6137,129.0,9,51.93,0.3696
2834,E2C,6,12.746,0.0,0,18.8,0.0525
2834,W2C,7,12.3543,0.0,0,19.39,0.0641
2835,N2C,17,3.667,168.0,11,65.34,0.4272
2835,S2C,16,4.4741,138.0,9,53.55,0.3776
2835,E2C,6,12.8503,0.0,0,18.65,0.051
2835,W2C,7,12.1168,0.0,0,19.77,0.0675
2836,N2C,18,3.9406,179.0,11,60.8,0.4366
2836,S2C,17,4.7029,148.0,10,50.95,0.393
2836,E2C,6,12.6135,0.0,0,19.0,0.0544
2836,W2C,6,11.6938,0.0,0,20.49,0.0676
2837,N2C,18,3.6171,191.0,12,66.24,0.4553
2837,S2C,17,4.3279,158.0,10,55.36,0.405
2837,E2C,6,12.814,0.0,0,18.7,0.0515
2837,W2C,6,10.8394,0.0,0,22.1,0.0799
2838,N2C,18,3.459,203.0,12,69.27,0.4655
2838,S2C,17,3.7508,168.0,10,63.88,0.42
2838,E2C,6,12.1405,0.0,0,19.74,0.0612
2838,W2C,7,10.5149,0.0,0,22.79,0.0906
2839,N2C,17,4.0536,152.0,10,59.11,0.405
2839,S2C,16,4.6375,121.0,9,51.67,0.3639
2839,E2C,7,11.9852,0.0,0,19.99,0.0694
2839,W2C,8,11.0295,1.0,1,21.72,0.0959
2840,N2C,17,3.9581,108.0,9,60.53,0.371
2840,S2C,16,4.7675,82.0,8,50.26,0.33
2840,E2C,7,11.1677,0.0,0,21.45,0.0812
2840,W2C,8,10.9556,2.0,1,21.87,0.0976
2841,N2C,17,4.1118,75.0,7,58.27,0.3348
2841,S2C,16,4.9267,51.0,6,48.63,0.2951
2841,E2C,7,10.6585,0.0,0,22.48,0.0885
2841,W2C,8,10.2057,3.0,1,23.48,0.109
2842,N2C,18,4.946,46.0,5,48.44,0.2974
2842,S2C,15,5.6028,26.0,4,42.76,0.2507
2842,E2C,8,10.4983,1.0,1,22.82,0.1035
2842,W2C,9,9.7142,4.0,1,24.66,0.1228
2843,N2C,16,4.9004,22.0,4,48.89,0.2641
2843,S2C,15,5.618,9.0,2,42.65,0.2271
2843,E2C,8,9.6748,2.0,1,24.77,0.116
2843,W2C,9,8.5102,5.0,1,28.15,0.1408
2844,N2C,16,5.3172,7.0,2,45.06,0.2361
2844,S2C,14,5.9285,1.0,1,40.41,0.2053
2844,E2C,8,9.3457,4.0,2,25.64,0.1281
2844,W2C,9,7.9914,7.0,2,29.98,0.1556
2845,N2C,15,6.1995,0.0,0,38.65,0.2007
2845,S2C,14,7.1402,0.0,0,33.56,0.1812
2845,E2C,8,8.9557,6.0,2,26.75,0.135
2845,W2C,10,7.8881,9.0,2,30.37,0.1644
2846,N2C,15,6.3595,0.0,0,37.68,0.1984
2846,S2C,13,7.7356,0.0,0,30.97,0.1666
2846,E2C,9,8.9656,8.0,2,26.72,0.1422
2846,W2C,10,7.7255,12.0,3,31.01,0.1748
2847,N2C,13,6.7019,0.0,0,35.75,0.1815
2847,S2C,12,8.5504,0.0,0,28.02,0.1489
2847,E2C,9,8.4082,10.0,2,28.5,0.1516
2847,W2C,10,7.366,15.0,3,32.53,0.1819
2848,N2C,14,7.7685,0.0,0,30.84,0.1721
2848,S2C,12,9.4745,0.0,0,25.29,0.1356
2848,E2C,10,8.9118,13.0,3,26.89,0.1583
2848,W2C,11,7.988,19.0,4,29.99,0.1876
2849,N2C,12,8.221,0.0,0,29.14,0.1536
2849,S2C,11,9.8145,0.0,0,24.41,0.1247
2849,E2C,10,8.6657,16.0,3,27.65,0.1639
2849,W2C,11,7.7417,23.0,4,30.95,0.1939
2850,N2C,12,8.8256,0.0,0,27.15,0.1449
2850,S2C,9,10.1301,0.0,0,23.65,0.1081
2850,E2C,10,8.297,19.0,3,28.88,0.1712
2850,W2C,11,7.319,27.0,4,32.74,0.2026
2851,N2C,11,9.8623,0.0,0,24.29,0.124
2851,S2C,10,10.6847,0.0,0,22.42,0.1062
2851,E2C,11,8.9409,22.0,3,26.8,0.1699
2851,W2C,12,7.449,31.0,4,32.17,0.2094
2852,N2C,11,10.7548,0.0,0,22.28,0.1111
2852,S2C,8,11.4557,0.0,0,20.92,0.0831
2852,E2C,11,7.9423,25.0,3,30.17,0.1863
2852,W2C,12,7.2308,35.0,4,33.14,0.2152
2853,N2C,9,11.3184,0.0,0,21.17,0.091
2853,S2C,8,11.8698,0.0,0,20.19,0.0771
2853,E2C,11,7.4688,29.0,4,32.08,0.2018
2853,W2C,12,6.8947,39.0,4,34.75,0.2227
2854,N2C,8,11.963,0.0,0,20.03,0.0757
2854,S2C,7,12.2811,0.0,0,19.51,0.0652
2854,E2C,12,7.4525,33.0,4,32.15,0.2107
2854,W2C,13,6.92,44.0,5,34.62,0.2377
2855,N2C,8,12.3497,0.0,0,19.4,0.0702
2855,S2C,7,12.4319,0.0,0,19.27,0.063
2855,E2C,12,7.0129,37.0,4,34.17,0.2197
2855,W2C,13,6.3423,49.0,5,37.78,0.2493
2856,N2C,6,12.3491,0.0,0,19.4,0.0582
2856,S2C,6,12.5626,0.0,0,19.07,0.0551
2856,E2C,12,6.446,41.0,4,37.17,0.2305
2856,W2C,13,5.4215,55.0,6,44.19,0.2726
2857,N2C,7,12.5224,0.0,0,19.13,0.0617
2857,S2C,7,12.6885,0.0,0,18.88,0.0593
2857,E2C,13,6.0721,46.0,5,39.46,0.2512
2857,W2C,14,5.5719,61.0,6,43.0,0.2804
2858,N2C,7,12.8206,0.0,0,18.69,0.0574
2858,S2C,7,12.4083,0.0,0,19.31,0.0633
2858,E2C,13,5.5431,52.0,6,43.22,0.2689
2858,W2C,14,5.4337,67.0,6,44.1,0.2864
2859,N2C,7,12.5001,0.0,0,19.17,0.062
2859,S2C,6,12.761,0.0,0,18.78,0.0523
2859,E2C,13,5.6148,58.0,6,42.67,0.2718
2859,W2C,14,5.1136,75.0,8,46.86,0.3084
2860,N2C,6,12.8574,0.0,0,18.64,0.0509
2860,S2C,6,12.8292,0.0,0,18.68,0.0513
2860,E2C,14,5.8333,65.0,7,41.07,0.2853
2860,W2C,15,5.3306,83.0,8,44.95,0.3166
2861,N2C,6,12.4248,0.0,0,19.28,0.0571
2861,S2C,6,12.6581,0.0,0,18.93,0.0537
2861,E2C,14,5.311,72.0,7,45.11,0.2975
2861,W2C,15,5.0988,91.0,8,46.99,0.3253
2862,N2C,6,12.9596,0.0,0,18.49,0.0494
2862,S2C,6,12.4719,0.0,0,19.21,0.0564
2862,E2C,14,5.1696,79.0,7,46.35,0.3042
2862,W2C,15,4.7741,100.0,9,50.19,0.3419
2863,N2C,6,12.6537,0.0,0,18.94,0.0538
2863,S2C,7,12.8526,0.0,0,18.64,0.0569
2863,E2C,15,5.2416,87.0,8,45.71,0.3205
2863,W2C,16,4.986,109.0,9,48.05,0.3509
2864,N2C,6,12.7136,0.0,0,18.85,0.0529
2864,S2C,6,12.7834,0.0,0,18.74,0.0519
2864,E2C,15,4.6905,95.0,8,51.08,0.3338
2864,W2C,16,4.528,118.0,9,52.92,0.3635
2865,N2C,6,12.4056,0.0,0,19.31,0.0574
2865,S2C,6,12.3911,0.0,0,19.34,0.0576
2865,E2C,15,4.462,104.0,9,53.7,0.3491
2865,W2C,16,4.068,127.0,9,58.9,0.3761
2866,N2C,7,12.69,0.0,0,18.88,0.0593
2866,S2C,5,12.3059,0.0,0,19.47,0.0528
2866,E2C,16,4.5239,113.0,9,52.96,0.3602
2866,W2C,17,4.4357,137.0,10,54.02,0.3895
2867,N2C,7,12.7685,0.0,0,18.76,0.0581
2867,S2C,6,12.8305,0.0,0,18.67,0.0513
2867,E2C,16,4.2133,123.0,10,56.87,0.3773
2867,W2C,17,4.1872,147.0,10,57.22,0.3997
2868,N2C,7,12.8438,0.0,0,18.65,0.0571
2868,S2C,6,12.464,0.0,0,19.22,0.0565
2868,E2C,16,3.9593,133.0,10,60.52,0.3877
2868,W2C,17,3.8087,158.0,11,62.91,0.4185
2869,N2C,7,12.7983,0.0,0,18.72,0.0577
2869,S2C,7,12.5612,0.0,0,19.07,0.0611
2869,E2C,17,4.1078,144.0,11,58.33,0.4049
2869,W2C,18,4.0823,169.0,11,58.69,0.4279
2870,N2C,7,12.9272,0.0,0,18.53,0.0559
2870,S2C,7,11.9768,0.0,0,20.01,0.0695
2870,E2C,17,3.8827,155.0,11,61.71,0.4154
2870,W2C,18,3.7205,180.0,11,64.4,0.4404
2871,N2C,7,12.134,0.0,0,19.75,0.0673
2871,S2C,7,11.2231,0.0,0,21.35,0.0804
2871,E2C,17,3.595,166.0,11,66.65,0.4269
2871,W2C,18,3.6333,192.0,12,65.95,0.4557
2872,N2C,8,11.4924,0.0,0,20.85,0.0825
2872,S2C,8,11.1972,0.0,0,21.4,0.0868
2872,E2C,16,4.7498,118.0,10,50.44,0.3663
2872,W2C,17,4.4727,143.0,10,53.57,0.3929
2873,N2C,8,10.4434,0.0,0,22.94,0.0976
2873,S2C,8,10.8122,1.0,1,22.16,0.099
2873,E2C,16,4.8187,81.0,8,49.72,0.3286
2873,W2C,17,4.3609,98.0,9,54.94,0.3585
2874,N2C,8,9.5854,0.0,0,25.0,0.11
2874,S2C,8,10.8908,2.0,1,22.0,0.0985
2874,E2C,16,4.7759,56.0,6,50.17,0.3006
2874,W2C,17,4.2955,67.0,7,55.78,0.3268
2875,N2C,9,9.2768,0.0,0,25.83,0.1204
2875,S2C,9,10.6156,3.0,1,22.57,0.1091
2875,E2C,15,5.353,31.0,4,44.76,0.2576
2875,W2C,16,4.8156,40.0,5,49.75,0.2833
2876,N2C,9,8.8908,2.0,2,26.95,0.1393
2876,S2C,9,9.5081,4.0,1,25.2,0.1258
2876,E2C,15,5.3853,13.0,2,44.49,0.2331
2876,W2C,16,4.6633,22.0,4,51.38,0.2675
2877,N2C,9,8.1888,5.0,3,29.26,0.1574
2877,S2C,9,8.4784,5.0,1,28.26,0.1413
2877,E2C,14,5.4706,0.0,0,43.8,0.2052
2877,W2C,16,5.1111,7.0,2,46.88,0.2391
2878,N2C,10,8.3289,8.0,3,28.77,0.1634
2878,S2C,10,8.3688,6.0,1,28.63,0.1495
2878,E2C,14,6.4919,0.0,0,36.91,0.1905
2878,W2C,15,5.9639,0.0,0,40.17,0.2041
2879,N2C,10,7.6609,11.0,3,31.28,0.175
2879,S2C,10,7.9278,9.0,3,30.22,0.1698
2879,E2C,13,7.003,0.0,0,34.21,0.1772
2879,W2C,15,6.1375,0.0,0,39.04,0.2016
2880,N2C,10,7.2412,14.0,3,33.09,0.1831
2880,S2C,10,7.2312,13.0,4,33.13,0.1885
2880,E2C,12,7.7279,0.0,0,31.0,0.1607
2880,W2C,13,6.4914,0.0,0,36.91,0.1845
2881,N2C,11,7.3903,18.0,4,32.42,0.1956
2881,S2C,11,7.4768,17.0,4,32.05,0.1937
2881,E2C,12,8.9086,0.0,0,26.9,0.1437
2881,W2C,14,7.8458,0.0,0,30.54,0.171
2882,N2C,11,6.7378,22.0,4,35.56,0.2077
2882,S2C,11,7.1574,21.0,4,33.48,0.2009
2882,E2C,11,9.66,0.0,0,24.8,0.1269
2882,W2C,12,7.9717,0.0,0,30.06,0.1572
2883,N2C,11,6.3263,27.0,5,37.87,0.2229
2883,S2C,11,7.0892,25.0,4,33.8,0.2046
2883,E2C,10,10.4708,0.0,0,22.88,0.1092
2883,W2C,12,8.8414,0.0,0,27.1,0.1447
2884,N2C,12,6.62,32.0,5,36.19,0.228
2884,S2C,12,7.2309,29.0,4,33.14,0.2112
2884,E2C,10,10.7516,0.0,0,22.29,0.1052
2884,W2C,11,9.7484,0.0,0,24.58,0.1256
2885,N2C,12,6.1129,37.0,5,39.2,0.2386
2885,S2C,12,6.8006,34.0,5,35.23,0.2267
2885,E2C,9,11.1894,0.0,0,21.41,0.0929
2885,W2C,11,10.4564,0.0,0,22.91,0.1154
2886,N2C,12,5.7654,42.0,5,41.56,0.247
2886,S2C,12,6.288,39.0,5,38.1,0.2375
2886,E2C,8,11.7087,0.0,0,20.46,0.0794
2886,W2C,9,10.3413,0.0,0,23.17,0.1051
2887,N2C,13,6.0916,48.0,6,39.33,0.2583
2887,S2C,13,6.2534,45.0,6,38.32,0.254
2887,E2C,8,11.8931,0.0,0,20.15,0.0768
2887,W2C,10,11.5951,0.0,0,20.66,0.093
2888,N2C,13,5.4183,55.0,7,44.22,0.2786
2888,S2C,13,5.4908,51.0,6,43.64,0.2689
2888,E2C,7,12.1075,0.0,0,19.79,0.0677
2888,W2C,8,12.1626,0.0,0,19.7,0.0729
2889,N2C,13,5.2369,62.0,7,45.75,0.2859
2889,S2C,13,5.2368,58.0,7,45.75,0.2833
2889,E2C,6,12.0132,0.0,0,19.94,0.063
2889,W2C,6,12.6071,0.0,0,19.01,0.0545
2890,N2C,14,5.4032,69.0,7,44.34,0.2942
2890,S2C,14,5.6781,65.0,7,42.2,0.2876
2890,E2C,7,12.2587,0.0,0,19.55,0.0655
2890,W2C,7,12.2644,0.0,0,19.54,0.0654
2891,N2C,14,5.3016,76.0,7,45.19,0.3003
2891,S2C,14,5.3427,72.0,7,44.85,0.2971
2891,E2C,6,12.0416,0.0,0,19.9,0.0626
2891,W2C,7,12.1986,0.0,0,19.64,0.0664
2892,N2C,14,4.8741,84.0,8,49.16,0.3178
2892,S2C,14,4.9949,79.0,7,47.97,0.3067
2892,E2C,6,12.2504,0.0,0,19.56,0.0596
2892,W2C,6,12.6475,0.0,0,18.94,0.0539
2893,N2C,15,5.3507,92.0,8,44.78,0.3223
2893,S2C,15,5.1687,87.0,8,46.36,0.3216
2893,E2C,7,12.4227,0.0,0,19.29,0.0631
2893,W2C,7,12.773,0.0,0,18.76,0.0581
2894,N2C,15,4.7666,100.0,8,50.27,0.336
2894,S2C,15,4.8753,95.0,8,49.15,0.3311
2894,E2C,6,12.3883,0.0,0,19.34,0.0576
2894,W2C,7,12.5832,0.0,0,19.04,0.0608
2895,N2C,15,4.4398,108.0,8,53.97,0.3461
2895,S2C,15,4.4901,104.0,9,53.36,0.3487
2895,E2C,6,12.2622,0.0,0,19.54,0.0594
2895,W2C,7,12.6958,0.0,0,18.87,0.0592
2896,N2C,16,4.5687,117.0,9,52.44,0.3622
2896,S2C,16,4.6609,113.0,9,51.41,0.3582
2896,E2C,7,12.4967,0.0,0,19.17,0.0621
2896,W2C,6,12.4878,0.0,0,19.19,0.0562
2897,N2C,16,4.249,126.0,9,56.39,0.3728
2897,S2C,16,4.4217,123.0,10,54.19,0.3743
2897,E2C,7,12.561,0.0,0,19.07,0.0611
2897,W2C,6,12.4742,0.0,0,19.21,0.0564
2898,N2C,16,4.0951,136.0,10,58.51,0.3877
2898,S2C,16,3.9809,133.0,10,60.19,0.3873
2898,E2C,6,12.5353,0.0,0,19.11,0.0555
2898,W2C,6,12.3497,0.0,0,19.4,0.0582
2899,N2C,17,4.4722,147.0,11,53.58,0.4016
2899,S2C,17,4.25,144.0,11,56.38,0.4028
2899,E2C,6,12.3581,0.0,0,19.39,0.0581
2899,W2C,6,12.5661,0.0,0,19.07,0.0551
2900,N2C,17,4.5054,158.0,11,53.18,0.4085
2900,S2C,17,4.0175,155.0,11,59.64,0.4135
2900,E2C,6,12.7217,0.0,0,18.83,0.0528
2900,W2C,6,12.5857,0.0,0,19.04,0.0548
2901,N2C,17,4.2774,169.0,11,56.01,0.4191
2901,S2C,17,3.8397,166.0,11,62.4,0.4234
2901,E2C,6,12.7647,0.0,0,18.77,0.0522
2901,W2C,6,12.6931,0.0,0,18.88,0.0532
2902,N2C,18,4.3444,180.0,11,55.15,0.4314
2902,S2C,18,4.3924,178.0,12,54.55,0.4354
2902,E2C,7,12.719,0.0,0,18.84,0.0589
2902,W2C,6,12.6637,0.0,0,18.92,0.0537
2903,N2C,18,3.8039,191.0,11,62.99,0.4466
2903,S2C,18,4.0062,190.0,12,59.81,0.449
2903,E2C,7,12.4085,0.0,0,19.31,0.0633
2903,W2C,7,12.199,0.0,0,19.64,0.0663
2904,N2C,18,3.748,202.0,11,63.93,0.4547
2904,S2C,18,3.7105,202.0,12,64.57,0.4612
2904,E2C,7,12.6223,0.0,0,18.98,0.0603
2904,W2C,7,11.0619,0.0,0,21.66,0.0827
2905,N2C,17,4.463,155.0,11,53.69,0.4071
2905,S2C,17,4.2152,154.0,10,56.84,0.404
2905,E2C,8,12.5808,0.0,0,19.04,0.0669
2905,W2C,8,10.4829,0.0,0,22.86,0.0971
2906,N2C,17,4.2718,110.0,9,56.09,0.3678
2906,S2C,17,3.9965,109.0,8,59.95,0.3651
2906,E2C,8,11.8699,0.0,0,20.19,0.0771
2906,W2C,8,9.8565,0.0,0,24.31,0.1061
2907,N2C,17,4.3191,73.0,7,55.47,0.3305
2907,S2C,17,3.9785,74.0,7,60.22,0.336
2907,E2C,8,10.6016,0.0,0,22.6,0.0953
2907,W2C,8,9.1842,2.0,2,26.09,0.1291
2908,N2C,16,4.8854,42.0,5,49.04,0.2837
2908,S2C,16,4.6785,45.0,5,51.21,0.2886
2908,E2C,9,9.6017,0.0,0,24.95,0.1157
2908,W2C,9,9.4607,4.0,2,25.33,0.1324
2909,N2C,16,5.1572,23.0,4,46.46,0.2611
2909,S2C,16,4.7322,23.0,4,50.63,0.2672
2909,E2C,9,8.883,2.0,2,26.97,0.1394
2909,W2C,9,9.0984,6.0,2,26.33,0.139
2910,N2C,16,5.4104,9.0,3,44.28,0.2421
2910,S2C,15,5.1221,7.0,3,46.78,0.2389
2910,E2C,9,8.0971,4.0,2,29.59,0.1521
2910,W2C,9,8.4188,8.0,2,28.46,0.1501
2911,N2C,15,6.2995,3.0,1,38.03,0.2073
2911,S2C,15,5.8054,2.0,1,41.27,0.2137
2911,E2C,9,7.5886,6.0,2,31.57,0.1607
2911,W2C,10,8.0559,10.0,2,29.74,0.1627
2912,N2C,15,6.5256,0.0,0,36.72,0.196
2912,S2C,15,6.2407,0.0,0,38.39,0.2001
2912,E2C,10,7.7574,9.0,3,30.89,0.1723
2912,W2C,10,7.7519,13.0,3,30.91,0.175
2913,N2C,13,6.7409,0.0,0,35.54,0.1809
2913,S2C,13,6.5749,0.0,0,36.44,0.1833
2913,E2C,10,7.2684,12.0,3,32.96,0.1813
2913,W2C,10,7.5746,16.0,3,31.63,0.1796
2914,N2C,14,7.9201,0.0,0,30.25,0.17
2914,S2C,14,7.7447,0.0,0,30.94,0.1725
2914,E2C,11,7.5242,16.0,4,31.84,0.1923
2914,W2C,10,7.2732,19.0,3,32.94,0.1859
2915,N2C,12,8.3431,0.0,0,28.72,0.1519
2915,S2C,12,7.7147,0.0,0,31.06,0.1609
2915,E2C,11,6.9164,20.0,4,34.64,0.2037
2915,W2C,11,7.5477,23.0,4,31.74,0.1967
2916,N2C,12,9.1977,0.0,0,26.05,0.1396
2916,S2C,12,8.6267,0.0,0,27.77,0.1478
2916,E2C,11,6.5474,24.0,4,36.59,0.2117
2916,W2C,11,6.5695,27.0,4,36.47,0.2134
2917,N2C,11,10.1567,0.0,0,23.59,0.1198
2917,S2C,11,9.6546,0.0,0,24.82,0.127
2917,E2C,12,6.937,28.0,4,34.54,0.2148
2917,W2C,12,6.7003,31.0,4,35.76,0.2202
2918,N2C,10,10.4276,0.0,0,22.98,0.1099
2918,S2C,11,10.118,0.0,0,23.68,0.1203
2918,E2C,12,6.4448,33.0,5,37.18,0.2312
2918,W2C,12,6.2099,36.0,5,38.58,0.2366
2919,N2C,9,11.0119,0.0,0,21.76,0.0954
2919,S2C,9,10.7504,0.0,0,22.29,0.0992
2919,E2C,12,5.917,39.0,6,40.49,0.2488
2919,W2C,12,6.374,42.0,6,37.59,0.2442
2920,N2C,9,11.9309,0.0,0,20.08,0.0822
2920,S2C,10,11.5612,0.0,0,20.72,0.0935
2920,E2C,13,6.0758,45.0,6,39.43,0.2565
2920,W2C,13,6.8432,48.0,6,35.01,0.2475
2921,N2C,8,12.3816,0.0,0,19.35,0.0697
2921,S2C,8,12.0415,0.0,0,19.9,0.0746
2921,E2C,13,5.8388,51.0,6,41.04,0.2639
2921,W2C,13,6.7712,54.0,6,35.39,0.2525
2922,N2C,6,12.8088,0.0,0,18.71,0.0516
2922,S2C,7,12.5747,0.0,0,19.05,0.0609
2922,E2C,13,5.6179,58.0,7,42.65,0.2778
2922,W2C,13,6.4597,60.0,6,37.09,0.261
2923,N2C,7,12.6872,0.0,0,18.89,0.0593
2923,S2C,7,12.3735,0.0,0,19.36,0.0638
2923,E2C,14,5.7194,65.0,7,41.89,0.287
2923,W2C,14,6.296,66.0,6,38.06,0.2733
2924,N2C,6,12.3541,0.0,0,19.39,0.0581
2924,S2C,7,12.4417,0.0,0,19.26,0.0629
2924,E2C,14,5.1556,72.0,7,46.47,0.2998
2924,W2C,14,5.5558,73.0,7,43.13,0.2947
2925,N2C,6,12.8545,0.0,0,18.64,0.0509
2925,S2C,6,12.2773,0.0,0,19.52,0.0592
2925,E2C,14,4.7875,79.0,7,50.05,0.3097
2925,W2C,14,5.1755,80.0,7,46.29,0.3048
2926,N2C,6,12.8019,0.0,0,18.72,0.0517
2926,S2C,6,12.2057,0.0,0,19.63,0.0603
2926,E2C,15,5.1603,87.0,8,46.43,0.3217
2926,W2C,15,5.2752,88.0,8,45.42,0.3207
2927,N2C,6,12.5287,0.0,0,19.12,0.0556
2927,S2C,6,11.8954,0.0,0,20.14,0.0647
2927,E2C,15,5.1109,95.0,8,46.88,0.3277
2927,W2C,15,4.9963,96.0,8,47.96,0.3301
2928,N2C,6,12.939,0.0,0,18.52,0.0497
2928,S2C,6,12.2118,0.0,0,19.62,0.0602
2928,E2C,15,5.0848,104.0,9,47.12,0.3401
2928,W2C,15,4.5038,105.0,9,53.2,0.3491
2929,N2C,6,12.7428,0.0,0,18.8,0.0525
2929,S2C,7,11.9407,0.0,0,20.07,0.0701
2929,E2C,16,4.972,113.0,9,48.19,0.3537
2929,W2C,16,4.8977,114.0,9,48.92,0.3555
2930,N2C,6,12.5534,0.0,0,19.09,0.0552
2930,S2C,7,12.0079,0.0,0,19.95,0.0691
2930,E2C,16,4.406,122.0,9,54.38,0.3679
2930,W2C,16,4.6617,124.0,10,51.4,0.3715
2931,N2C,6,12.6913,0.0,0,18.88,0.0533
2931,S2C,7,12.0448,0.0,0,19.89,0.0686
2931,E2C,16,3.9636,131.0,9,60.45,0.3803
2931,W2C,16,4.3076,134.0,10,55.62,0.3833
2932,N2C,7,12.785,0.0,0,18.74,0.0579
2932,S2C,5,12.0683,0.0,0,19.85,0.0562
2932,E2C,17,4.0249,140.0,9,59.53,0.3914
2932,W2C,17,4.3662,144.0,10,54.88,0.3951
2933,N2C,6,12.6994,0.0,0,18.87,0.0531
2933,S2C,6,12.0479,0.0,0,19.89,0.0625
2933,E2C,17,3.7306,149.0,9,64.22,0.4016
2933,W2C,17,4.0122,154.0,10,59.72,0.4069
2934,N2C,6,12.592,0.0,0,19.03,0.0547
2934,S2C,6,11.8436,0.0,0,20.23,0.0655
2934,E2C,17,3.7074,160.0,11,64.63,0.4213
2934,W2C,17,3.7151,165.0,11,64.49,0.4245
2935,N2C,7,12.4756,0.0,0,19.21,0.0624
2935,S2C,7,11.7331,0.0,0,20.42,0.0731
2935,E2C,18,4.0933,171.0,11,58.53,0.4291
2935,W2C,18,3.844,176.0,11,62.33,0.436
2936,N2C,7,12.5139,0.0,0,19.15,0.0618
2936,S2C,7,11.2331,0.0,0,21.33,0.0803
2936,E2C,18,3.7809,183.0,12,63.37,0.4476
2936,W2C,18,3.5284,188.0,12,67.91,0.4545
2937,N2C,7,12.284,0.0,0,19.51,0.0651
2937,S2C,7,10.4379,0.0,0,22.95,0.0917
2937,E2C,18,3.6155,195.0,12,66.27,0.4579
2937,W2C,18,3.4593,200.0,12,69.26,0.4635
2938,N2C,8,11.9599,0.0,0,20.03,0.0758
2938,S2C,8,9.7774,0.0,0,24.51,0.1072
2938,E2C,17,4.0795,147.0,10,58.73,0.4013
2938,W2C,17,4.3031,149.0,11,55.68,0.4054
2939,N2C,8,10.7239,0.0,0,22.34,0.0936
2939,S2C,8,9.4098,1.0,1,25.46,0.1192
2939,E2C,17,3.9702,108.0,9,60.35,0.3708
2939,W2C,17,4.1066,107.0,9,58.34,0.3682
2940,N2C,8,9.9608,1.0,1,24.05,0.1112
2940,S2C,8,8.9414,2.0,1,26.8,0.1266
2940,E2C,17,3.8702,71.0,7,61.91,0.3356
2940,W2C,17,3.9685,72.0,8,60.38,0.3409
2941,N2C,8,8.8072,2.0,1,27.21,0.1285
2941,S2C,9,9.5773,3.0,1,25.02,0.1241
2941,E2C,16,4.5177,40.0,6,53.04,0.2936
2941,W2C,16,4.5774,46.0,6,52.34,0.2968
2942,N2C,9,9.12,3.0,1,26.27,0.1307
2942,S2C,9,9.38,5.0,2,25.54,0.1343
2942,E2C,16,4.8503,22.0,4,49.4,0.2648
2942,W2C,16,4.6644,24.0,4,51.37,0.2688
2943,N2C,9,8.4476,5.0,2,28.36,0.1477
2943,S2C,9,8.7588,7.0,2,27.36,0.1446
2943,E2C,15,5.2428,8.0,2,45.7,0.2318
2943,W2C,16,4.9638,10.0,2,48.27,0.2432
2944,N2C,10,8.3908,7.0,2,28.56,0.1558
2944,S2C,9,8.2844,9.0,2,28.92,0.1527
2944,E2C,15,6.5297,0.0,0,36.69,0.196
2944,W2C,15,5.664,1.0,1,42.3,0.2151
2945,N2C,10,7.8032,10.0,3,30.71,0.1723
2945,S2C,10,8.6916,11.0,2,27.57,0.1542
2945,E2C,14,6.9868,0.0,0,34.29,0.1834
2945,W2C,15,6.2216,0.0,0,38.51,0.2004
2946,N2C,10,7.2695,13.0,3,32.96,0.182
2946,S2C,10,8.5976,14.0,3,27.87,0.1635
2946,E2C,13,7.7573,0.0,0,30.89,0.1663
2946,W2C,13,6.687,0.0,0,35.83,0.1817
2947,N2C,11,7.3216,17.0,4,32.73,0.1959
2947,S2C,11,8.9289,17.0,3,26.83,0.1668
2947,E2C,14,8.8241,0.0,0,27.15,0.1569
2947,W2C,14,7.5988,0.0,0,31.53,0.1746
2948,N2C,11,6.7573,21.0,4,35.46,0.2067
2948,S2C,11,8.172,20.0,3,29.32,0.1797
2948,E2C,12,9.0706,0.0,0,26.42,0.1414
2948,W2C,12,7.9109,0.0,0,30.29,0.1581
2949,N2C,11,6.4089,25.0,4,37.39,0.2144
2949,S2C,11,7.1579,23.0,3,33.47,0.1963
2949,E2C,11,9.3237,0.0,0,25.7,0.1317
2949,W2C,12,8.9052,0.0,0,26.91,0.1438
2950,N2C,12,6.6666,30.0,5,35.94,0.226
2950,S2C,12,7.5256,26.0,3,31.84,0.199
2950,E2C,11,10.4065,0.0,0,23.02,0.1162
2950,W2C,11,10.0101,0.0,0,23.94,0.1219
2951,N2C,12,6.3532,35.0,5,37.71,0.2339
2951,S2C,12,7.1377,30.0,4,33.57,0.2132
2951,E2C,10,10.865,0.0,0,22.05,0.1036
2951,W2C,11,10.1661,0.0,0,23.57,0.1196
2952,N2C,12,6.4166,41.0,6,37.34,0.2429
2952,S2C,12,6.6697,35.0,5,35.92,0.2293
2952,E2C,9,11.4886,0.0,0,20.86,0.0886
2952,W2C,9,10.6599,0.0,0,22.48,0.1005
2953,N2C,13,6.9021,47.0,6,34.71,0.246
2953,S2C,13,6.7608,40.0,5,35.44,0.2373
2953,E2C,9,12.3231,0.0,0,19.44,0.0766
2953,W2C,10,11.4464,0.0,0,20.93,0.0952
2954,N2C,13,6.0772,53.0,6,39.43,0.2618
2954,S2C,13,6.0486,45.0,5,39.61,0.2509
2954,E2C,8,12.4578,0.0,0,19.23,0.0686
2954,W2C,8,11.4399,0.0,0,20.94,0.0833
2955,N2C,13,5.5792,59.0,6,42.95,0.273
2955,S2C,13,5.4925,51.0,6,43.62,0.2689
2955,E2C,7,12.41,0.0,0,19.31,0.0633
2955,W2C,8,11.7425,0.0,0,20.4,0.0789
2956,N2C,14,5.6508,65.0,6,42.4,0.282
2956,S2C,14,5.4273,57.0,6,44.15,0.2799
2956,E2C,7,12.8492,0.0,0,18.65,0.057
2956,W2C,7,12.3535,0.0,0,19.4,0.0641
2957,N2C,14,5.3415,72.0,7,44.86,0.2971
2957,S2C,14,5.1354,64.0,7,46.66,0.2947
2957,E2C,7,12.6589,0.0,0,18.93,0.0597
2957,W2C,7,12.4025,0.0,0,19.32,0.0634
2958,N2C,14,5.0497,80.0,8,47.45,0.3126
2958,S2C,14,4.6295,71.0,7,51.76,0.3067
2958,E2C,7,12.7151,0.0,0,18.84,0.0589
2958,W2C,6,12.889,0.0,0,18.59,0.0504
2959,N2C,15,5.176,88.0,8,46.29,0.3221
2959,S2C,15,5.2077,79.0,8,46.01,0.3157
2959,E2C,7,13.031,0.0,0,18.39,0.0544
2959,W2C,7,12.7307,0.0,0,18.82,0.0587
2960,N2C,15,4.7301,96.0,8,50.65,0.3339
2960,S2C,15,5.0367,88.0,9,47.57,0.3301
2960,E2C,6,13.0318,0.0,0,18.39,0.0484
2960,W2C,7,12.7832,0.0,0,18.74,0.0579
2961,N2C,15,4.4987,105.0,9,53.26,0.3492
2961,S2C,15,4.5867,97.0,9,52.24,0.3426
2961,E2C,6,13.0382,0.0,0,18.38,0.0483
2961,W2C,7,12.9081,0.0,0,18.56,0.0561
2962,N2C,16,4.7144,114.0,9,50.82,0.3581
2962,S2C,16,4.8333,106.0,9,49.57,0.3511
2962,E2C,6,13.4695,0.0,0,17.79,0.0421
2962,W2C,6,12.5545,0.0,0,19.08,0.0552
2963,N2C,16,4.3519,123.0,9,55.06,0.3693
2963,S2C,16,4.3014,115.0,9,55.7,0.3647
2963,E2C,6,12.9085,0.0,0,18.56,0.0501
2963,W2C,6,12.4989,0.0,0,19.17,0.056
2964,N2C,16,4.1286,133.0,10,58.03,0.3852
2964,S2C,16,4.143,124.0,9,57.83,0.373
2964,E2C,6,13.1877,0.0,0,18.17,0.0461
2964,W2C,6,12.6724,0.0,0,18.91,0.0535
2965,N2C,17,4.2382,144.0,11,56.53,0.403
2965,S2C,17,4.2721,134.0,10,56.09,0.3898
2965,E2C,6,13.2554,0.0,0,18.08,0.0451
2965,W2C,7,12.8532,0.0,0,18.64,0.0569
2966,N2C,17,3.9107,155.0,11,61.27,0.415
2966,S2C,17,4.0664,144.0,10,58.92,0.3994
2966,E2C,6,13.1441,0.0,0,18.23,0.0467
2966,W2C,7,12.7433,0.0,0,18.8,0.0585
2967,N2C,17,3.7617,166.0,11,63.69,0.4245
2967,S2C,17,3.6253,155.0,11,66.09,0.4191
2967,E2C,6,13.3391,0.0,0,17.96,0.0439
2967,W2C,7,12.9145,0.0,0,18.55,0.056
2968,N2C,18,4.0475,177.0,11,59.2,0.4337
2968,S2C,18,3.8742,166.0,11,61.85,0.4289
2968,E2C,7,12.6663,0.0,0,18.92,0.0596
2968,W2C,6,12.6582,0.0,0,18.93,0.0537
2969,N2C,18,3.866,189.0,12,61.98,0.4503
2969,S2C,18,3.6017,177.0,11,66.52,0.4401
2969,E2C,7,11.8114,0.0,0,20.29,0.0719
2969,W2C,6,12.4199,0.0,0,19.29,0.0572
2970,N2C,18,3.4453,201.0,12,69.54,0.4644
2970,S2C,18,3.5119,189.0,12,68.23,0.4554
2970,E2C,7,11.4496,0.0,0,20.93,0.0771
2970,W2C,6,12.2071,0.0,0,19.63,0.0602
2971,N2C,17,4.1179,152.0,10,58.18,0.404
2971,S2C,17,4.3994,139.0,11,54.46,0.3973
2971,E2C,7,10.5662,0.0,0,22.68,0.0899
2971,W2C,7,11.8602,0.0,0,20.2,0.0712
2972,N2C,17,3.894,109.0,9,61.53,0.3726
2972,S2C,17,4.4868,102.0,9,53.4,0.3594
2972,E2C,8,10.491,1.0,1,22.84,0.1036
2972,W2C,7,10.9957,0.0,0,21.79,0.0837
2973,N2C,17,4.0641,73.0,8,58.96,0.3401
2973,S2C,17,4.475,71.0,7,53.54,0.3269
2973,E2C,8,9.629,2.0,1,24.88,0.1167
2973,W2C,7,10.3753,0.0,0,23.09,0.0926
2974,N2C,16,4.8729,46.0,6,49.17,0.2925
2974,S2C,16,5.1833,42.0,5,46.23,0.2794
2974,E2C,9,9.2904,3.0,1,25.79,0.1282
2974,W2C,8,10.3055,0.0,0,23.25,0.0996
2975,N2C,16,5.0938,25.0,4,47.04,0.2633
2975,S2C,16,5.1207,21.0,4,46.79,0.2603
2975,E2C,9,8.7641,5.0,2,27.34,0.1431
2975,W2C,8,9.7148,1.0,1,24.66,0.1148
2976,N2C,16,5.3036,9.0,2,45.18,0.2376
2976,S2C,15,5.4405,8.0,2,44.04,0.229
2976,E2C,9,8.2668,7.0,2,28.98,0.1516
2976,W2C,8,8.723,2.0,1,27.47,0.1297
2977,N2C,15,6.1667,1.0,1,38.85,0.2079
2977,S2C,15,6.319,3.0,1,37.92,0.207
2977,E2C,10,8.5572,10.0,3,28.0,0.1615
2977,W2C,9,8.56,4.0,2,27.99,0.1454
2978,N2C,15,6.3798,0.0,0,37.56,0.1981
2978,S2C,15,6.4439,0.0,0,37.18,0.1972
2978,E2C,10,7.7644,13.0,3,30.86,0.1749
2978,W2C,9,8.1582,6.0,2,29.37,0.1525
2979,N2C,13,6.5743,0.0,0,36.45,0.1833
2979,S2C,13,6.6207,0.0,0,36.19,0.1827
2979,E2C,10,7.1546,17.0,4,33.49,0.1923
2979,W2C,9,7.9787,8.0,2,30.03,0.1564
2980,N2C,14,7.4918,0.0,0,31.98,0.1761
2980,S2C,14,7.8102,0.0,0,30.68,0.1715
2980,E2C,11,7.2646,21.0,4,32.98,0.1994
2980,W2C,10,8.66,11.0,3,27.67,0.1606
2981,N2C,12,8.3332,0.0,0,28.75,0.152
2981,S2C,12,8.4593,0.0,0,28.32,0.1502
2981,E2C,11,6.8565,25.0,4,34.94,0.2079
2981,W2C,10,8.2754,14.0,3,28.95,0.1682
2982,N2C,12,8.7373,0.0,0,27.42,0.1462
2982,S2C,11,9.1756,0.0,0,26.11,0.1339
2982,E2C,11,6.5537,30.0,5,36.56,0.2216
2982,W2C,10,7.7691,17.0,3,30.84,0.1775
2983,N2C,11,9.4077,0.0,0,25.47,0.1305
2983,S2C,11,10.4189,0.0,0,23.0,0.116
2983,E2C,12,6.7436,35.0,5,35.53,0.2282
2983,W2C,11,7.4902,20.0,3,31.99,0.1895
2984,N2C,11,9.9809,0.0,0,24.01,0.1223
2984,S2C,9,10.5823,0.0,0,22.64,0.1016
2984,E2C,12,6.1452,40.0,5,38.99,0.2402
2984,W2C,11,6.8664,24.0,4,34.89,0.2071
2985,N2C,9,10.5516,0.0,0,22.71,0.1021
2985,S2C,9,11.2715,0.0,0,21.26,0.0917
2985,E2C,12,5.8026,45.0,5,41.29,0.2484
2985,W2C,11,6.7255,28.0,4,35.63,0.2118
2986,N2C,10,11.7954,0.0,0,20.31,0.0902
2986,S2C,10,12.0079,0.0,0,19.95,0.0871
2986,E2C,13,6.0545,51.0,6,39.57,0.2608
2986,W2C,12,6.8845,33.0,5,34.8,0.2249
2987,N2C,8,12.1045,0.0,0,19.79,0.0737
2987,S2C,8,12.4714,0.0,0,19.21,0.0684
2987,E2C,13,5.9303,57.0,6,40.4,0.2666
2987,W2C,12,6.9989,38.0,5,34.23,0.2266
2988,N2C,7,12.0401,0.0,0,19.9,0.0686
2988,S2C,7,12.6587,0.0,0,18.93,0.0597
2988,E2C,13,5.7787,64.0,7,41.46,0.2795
2988,W2C,12,6.3014,43.0,5,38.02,0.2399
2989,N2C,7,12.5529,0.0,0,19.09,0.0613
2989,S2C,7,12.7272,0.0,0,18.83,0.0587
2989,E2C,14,6.0938,71.0,7,39.32,0.2856
2989,W2C,13,6.1491,48.0,5,38.97,0.2515
2990,N2C,7,12.392,0.0,0,19.34,0.0636
2990,S2C,7,12.6866,0.0,0,18.89,0.0593
2990,E2C,14,5.5428,78.0,7,43.23,0.2982
2990,W2C,13,5.6872,54.0,6,42.13,0.2681
2991,N2C,6,12.0691,0.0,0,19.85,0.0622
2991,S2C,6,12.3636,0.0,0,19.38,0.058
2991,E2C,14,4.9618,85.0,7,48.29,0.3112
2991,W2C,13,5.3822,61.0,7,44.52,0.2832
2992,N2C,7,12.3934,0.0,0,19.33,0.0635
2992,S2C,6,12.7287,0.0,0,18.82,0.0527
2992,E2C,15,5.1296,93.0,8,46.71,0.3261
2992,W2C,14,5.7515,68.0,7,41.66,0.2885
2993,N2C,6,12.2273,0.0,0,19.6,0.0599
2993,S2C,6,12.3293,0.0,0,19.43,0.0585
2993,E2C,15,4.844,101.0,8,49.46,0.3356
2993,W2C,14,5.4537,75.0,7,43.93,0.2975
2994,N2C,6,12.2279,0.0,0,19.59,0.0599
2994,S2C,6,12.625,0.0,0,18.98,0.0542
2994,E2C,15,4.3616,110.0,9,54.93,0.3545
2994,W2C,14,4.8673,82.0,7,49.23,0.3106
2995,N2C,7,12.5517,0.0,0,19.09,0.0613
2995,S2C,7,12.6552,0.0,0,18.93,0.0598
2995,E2C,16,4.5422,119.0,9,52.75,0.3639
2995,W2C,15,5.1712,89.0,7,46.33,0.3169
2996,N2C,6,12.9097,0.0,0,18.56,0.0501
2996,S2C,6,12.6337,0.0,0,18.97,0.0541
2996,E2C,16,4.218,129.0,10,56.8,0.3813
2996,W2C,15,4.5474,96.0,7,52.69,0.3305
2997,N2C,6,12.6821,0.0,0,18.89,0.0534
2997,S2C,6,12.389,0.0,0,19.34,0.0576
2997,E2C,16,3.9343,139.0,10,60.9,0.392
2997,W2C,15,4.3155,104.0,8,55.52,0.3452
2998,N2C,7,12.3879,0.0,0,19.34,0.0636
2998,S2C,7,12.9933,0.0,0,18.44,0.0549
2998,E2C,17,4.1803,150.0,11,57.32,0.4078
2998,W2C,16,4.6115,113.0,9,51.96,0.3589
2999,N2C,6,12.2596,0.0,0,19.54,0.0595
2999,S2C,7,12.5106,0.0,0,19.15,0.0619
2999,E2C,17,4.0285,161.0,11,59.48,0.4173
2999,W2C,16,4.2259,123.0,10,56.7,0.3772
3000,N2C,6,12.3714,0.0,0,19.37,0.0579
3000,S2C,6,13.1226,0.0,0,18.26,0.047
3000,E2C,17,3.7115,172.0,11,64.56,0.4292
3000,W2C,16,4.0769,133.0,10,58.77,0.386
3001,N2C,6,11.8359,0.0,0,20.24,0.0656
3001,S2C,6,12.7329,0.0,0,18.82,0.0527
3001,E2C,18,4.3638,184.0,12,54.91,0.4398
3001,W2C,17,4.4365,144.0,11,54.01,0.4001
3002,N2C,7,12.4875,0.0,0,19.19,0.0622
3002,S2C,6,12.6242,0.0,0,18.98,0.0542
3002,E2C,18,4.0971,196.0,12,58.48,0.4517
3002,W2C,17,4.4307,155.0,11,54.08,0.4075
3003,N2C,7,12.3043,0.0,0,19.47,0.0648
3003,S2C,6,12.2211,0.0,0,19.61,0.06
3003,E2C,18,3.8118,208.0,12,62.86,0.4638
3003,W2C,17,4.3718,166.0,11,54.81,0.4157
3004,N2C,8,12.438,0.0,0,19.26,0.0689
3004,S2C,7,11.7512,0.0,0,20.39,0.0728
3004,E2C,17,4.8447,157.0,10,49.46,0.3969
3004,W2C,16,5.2467,119.0,9,45.67,0.3538
3005,N2C,8,11.8276,0.0,0,20.26,0.0777
3005,S2C,7,11.3871,0.0,0,21.04,0.078
3005,E2C,17,4.5341,112.0,9,52.84,0.3654
3005,W2C,16,4.9675,82.0,7,48.23,0.3211
3006,N2C,8,10.531,0.0,0,22.75,0.0964
3006,S2C,7,10.9352,0.0,0,21.91,0.0845
3006,E2C,17,4.3986,75.0,7,54.47,0.3307
3006,W2C,16,4.8499,49.0,5,49.4,0.2888
3007,N2C,9,9.395,0.0,0,25.5,0.1187
3007,S2C,8,11.3102,1.0,1,21.18,0.0918
3007,E2C,16,4.9671,46.0,5,48.24,0.2851
3007,W2C,15,5.6972,27.0,4,42.06,0.25
3008,N2C,9,8.7773,1.0,1,27.3,0.1343
3008,S2C,8,11.2657,2.0,1,21.27,0.0931
3008,E2C,16,5.3323,24.0,4,44.93,0.2592
3008,W2C,15,5.7751,11.0,3,41.49,0.2322
3009,N2C,9,8.6529,2.0,1,27.69,0.1367
3009,S2C,8,10.705,3.0,1,22.38,0.1019
3009,E2C,14,5.4439,7.0,2,44.01,0.2223
3009,W2C,14,5.8602,2.0,1,40.89,0.207
3010,N2C,10,8.6326,4.0,2,27.76,0.1504
3010,S2C,8,9.6799,4.0,1,24.75,0.1173
3010,E2C,15,6.3092,1.0,1,37.98,0.2058
3010,W2C,14,6.7662,0.0,0,35.41,0.1866
3011,N2C,10,7.8314,6.0,2,30.59,0.1632
3011,S2C,9,9.1415,5.0,1,26.21,0.1317
3011,E2C,14,6.7904,0.0,0,35.29,0.1862
3011,W2C,14,7.0541,0.0,0,33.97,0.1824
3012,N2C,10,7.1719,9.0,3,33.41,0.1807
3012,S2C,9,8.3543,7.0,2,28.68,0.1504
3012,E2C,13,7.5351,0.0,0,31.8,0.1695
3012,W2C,12,7.3666,0.0,0,32.53,0.1659
3013,N2C,10,6.8535,12.0,3,34.96,0.1873
3013,S2C,10,8.6718,10.0,3,27.63,0.1598
3013,E2C,13,8.3576,0.0,0,28.67,0.1577
3013,W2C,13,8.6096,0.0,0,27.83,0.154
3014,N2C,11,7.1588,16.0,4,33.47,0.1976
3014,S2C,10,8.1346,13.0,3,29.45,0.1695
3014,E2C,12,8.6974,0.0,0,27.55,0.1468
3014,W2C,11,8.9602,0.0,0,26.74,0.137
3015,N2C,11,6.9158,21.0,5,34.65,0.2104
3015,S2C,10,7.1739,16.0,3,33.4,0.1854
3015,E2C,10,9.3942,0.0,0,25.51,0.1247
3015,W2C,10,9.5307,0.0,0,25.14,0.1228
3016,N2C,12,7.0648,26.0,5,33.91,0.2176
3016,S2C,11,7.388,19.0,3,32.43,0.1903
3016,E2C,11,10.2487,0.0,0,23.38,0.1184
3016,W2C,10,10.3966,0.0,0,23.05,0.1103
3017,N2C,12,6.5872,31.0,5,36.37,0.2278
3017,S2C,11,7.1784,23.0,4,33.38,0.202
3017,E2C,9,10.7205,0.0,0,22.35,0.0996
3017,W2C,10,10.9775,0.0,0,21.83,0.1019
3018,N2C,12,6.2324,36.0,5,38.44,0.2363
3018,S2C,11,7.1457,28.0,5,33.53,0.2118
3018,E2C,9,11.2536,0.0,0,21.29,0.092
3018,W2C,8,11.9683,0.0,0,20.02,0.0757
3019,N2C,13,6.3679,42.0,6,37.63,0.2503
3019,S2C,12,7.1885,33.0,5,33.33,0.2205
3019,E2C,8,11.8772,0.0,0,20.17,0.077
3019,W2C,8,12.5798,0.0,0,19.05,0.0669
3020,N2C,13,5.5366,48.0,6,43.28,0.2663
3020,S2C,12,6.2725,38.0,5,38.2,0.237
3020,E2C,8,12.4072,0.0,0,19.31,0.0694
3020,W2C,7,12.9731,0.0,0,18.47,0.0552
3021,N2C,13,5.2403,55.0,7,45.72,0.2812
3021,S2C,12,5.7325,44.0,6,41.8,0.2548
3021,E2C,6,12.6186,0.0,0,18.99,0.0543
3021,W2C,7,12.5691,0.0,0,19.06,0.061
3022,N2C,14,5.5292,63.0,8,43.33,0.2944
3022,S2C,13,6.0836,50.0,6,39.38,0.2597
3022,E2C,7,12.5668,0.0,0,19.07,0.0611
3022,W2C,7,12.9553,0.0,0,18.49,0.0555
3023,N2C,14,5.4537,71.0,8,43.93,0.3008
3023,S2C,13,5.5237,57.0,7,43.38,0.2785
3023,E2C,6,12.2712,0.0,0,19.53,0.0593
3023,W2C,7,12.8909,0.0,0,18.59,0.0564
3024,N2C,14,5.1343,79.0,8,46.67,0.3107
3024,S2C,13,5.2686,64.0,7,45.48,0.2868
3024,E2C,6,12.2766,0.0,0,19.52,0.0592
3024,W2C,6,12.6925,0.0,0,18.88,0.0532
3025,N2C,15,5.1842,87.0,8,46.22,0.3214
3025,S2C,14,5.3088,71.0,7,45.13,0.2969
3025,E2C,5,12.2147,0.0,0,19.62,0.0541
3025,W2C,6,12.905,0.0,0,18.57,0.0502
3026,N2C,15,4.7801,95.0,8,50.12,0.3325
3026,S2C,14,5.2428,79.0,8,45.7,0.3092
3026,E2C,6,12.2821,0.0,0,19.51,0.0592
3026,W2C,6,13.0095,0.0,0,18.42,0.0487
3027,N2C,15,4.6201,103.0,8,51.86,0.3401
3027,S2C,14,4.8877,87.0,8,49.02,0.3196
3027,E2C,6,12.2006,0.0,0,19.64,0.0603
3027,W2C,6,12.9244,0.0,0,18.54,0.0499
3028,N2C,16,4.7479,112.0,9,50.46,0.3563
3028,S2C,15,4.7946,95.0,8,49.97,0.3323
3028,E2C,6,12.577,0.0,0,19.05,0.0549
3028,W2C,6,12.9871,0.0,0,18.45,0.049
3029,N2C,16,4.5613,122.0,10,52.53,0.3717
3029,S2C,15,4.5094,103.0,8,53.13,0.3417
3029,E2C,6,12.4173,0.0,0,19.3,0.0572
3029,W2C,6,13.2514,0.0,0,18.08,0.0452
3030,N2C,16,4.2761,132.0,10,56.03,0.3824
3030,S2C,15,4.0367,112.0,9,59.36,0.3605
3030,E2C,6,12.3058,0.0,0,19.47,0.0588
3030,W2C,6,13.1579,0.0,0,18.21,0.0465
3031,N2C,17,4.5298,142.0,10,52.89,0.3914
3031,S2C,16,4.3221,121.0,9,55.44,0.3684
3031,E2C,7,12.6604,0.0,0,18.93,0.0597
3031,W2C,6,12.9381,0.0,0,18.52,0.0497
3032,N2C,17,4.3836,152.0,10,54.66,0.4002
3032,S2C,16,4.0435,130.0,9,59.26,0.3784
3032,E2C,7,12.5028,0.0,0,19.16,0.062
3032,W2C,6,13.0118,0.0,0,18.41,0.0486
3033,N2C,17,4.1543,162.0,10,57.67,0.4102
3033,S2C,16,3.7592,140.0,10,63.74,0.3952
3033,E2C,6,12.5225,0.0,0,19.13,0.0557
3033,W2C,6,12.7947,0.0,0,18.73,0.0518
3034,N2C,18,4.1596,173.0,11,57.6,0.4294
3034,S2C,17,4.4222,150.0,10,54.18,0.3983
3034,E2C,7,12.7938,0.0,0,18.73,0.0578
3034,W2C,6,13.1071,0.0,0,18.28,0.0473
3035,N2C,18,3.8051,184.0,11,62.97,0.4419
3035,S2C,17,4.322,160.0,10,55.44,0.4064
3035,E2C,7,12.58,0.0,0,19.05,0.0609
3035,W2C,6,12.7427,0.0,0,18.8,0.0525
3036,N2C,18,3.5768,196.0,12,66.99,0.4592
3036,S2C,17,4.219,171.0,11,56.79,0.4213
3036,E2C,7,12.5707,0.0,0,19.06,0.061
3036,W2C,6,12.4421,0.0,0,19.26,0.0568
3037,N2C,17,4.4613,150.0,10,53.71,0.3978
3037,S2C,16,4.9917,126.0,9,48.0,0.3621
3037,E2C,8,11.915,0.0,0,20.11,0.0764
3037,W2C,7,12.4996,0.0,0,19.17,0.062
3038,N2C,17,4.1871,108.0,8,57.22,0.3617
3038,S2C,16,4.7075,86.0,7,50.9,0.3276
3038,E2C,8,10.6386,0.0,0,22.52,0.0948
3038,W2C,7,11.84,0.0,0,20.24,0.0715
3039,N2C,17,3.9847,71.0,7,60.13,0.334
3039,S2C,16,4.6703,52.0,5,51.3,0.2934
3039,E2C,8,9.7459,0.0,0,24.58,0.1077
3039,W2C,7,10.8142,0.0,0,22.16,0.0863
3040,N2C,17,4.6139,39.0,5,51.93,0.2916
3040,S2C,15,5.4808,26.0,5,43.72,0.2584
3040,E2C,9,9.9968,1.0,1,23.97,0.1167
3040,W2C,8,10.5529,0.0,0,22.7,0.0961
3041,N2C,16,4.8789,18.0,4,49.11,0.2617
3041,S2C,15,6.1901,10.0,3,38.71,0.2255
3041,E2C,9,9.761,3.0,2,24.55,0.1275
3041,W2C,8,9.62,0.0,0,24.91,0.1095
3042,N2C,16,5.4809,6.0,2,43.72,0.2331
3042,S2C,13,6.8324,3.0,1,35.07,0.1876
3042,E2C,9,9.2267,5.0,2,25.97,0.1365
3042,W2C,8,9.5422,1.0,1,25.11,0.1173
3043,N2C,15,6.3891,1.0,1,37.5,0.2047
3043,S2C,14,7.6058,0.0,0,31.5,0.1745
3043,E2C,10,8.8866,7.0,2,26.96,0.1487
3043,W2C,9,10.1502,3.0,2,23.61,0.1218
3044,N2C,15,6.5336,0.0,0,36.67,0.1959
3044,S2C,12,7.6654,0.0,0,31.26,0.1616
3044,E2C,10,8.1689,9.0,2,29.33,0.1604
3044,W2C,9,9.4205,5.0,2,25.43,0.1337
3045,N2C,13,6.7168,0.0,0,35.67,0.1813
3045,S2C,12,7.5,0.0,0,31.95,0.164
3045,E2C,10,7.3174,11.0,2,32.74,0.174
3045,W2C,9,8.3826,7.0,2,28.58,0.15
3046,N2C,14,7.8651,0.0,0,30.46,0.1708
3046,S2C,11,8.2242,0.0,0,29.13,0.1476
3046,E2C,11,7.5565,14.0,3,31.71,0.1845
3046,W2C,10,8.0983,9.0,2,29.59,0.1614
3047,N2C,12,8.2048,0.0,0,29.2,0.1539
3047,S2C,11,8.9062,0.0,0,26.9,0.1378
3047,E2C,11,7.23,17.0,3,33.14,0.1912
3047,W2C,10,7.4651,12.0,3,32.1,0.1785
3048,N2C,12,8.9077,0.0,0,26.9,0.1437
3048,S2C,10,9.5664,0.0,0,25.05,0.1223
3048,E2C,11,6.8546,22.0,5,34.95,0.212
3048,W2C,10,6.8807,16.0,4,34.82,0.1956
3049,N2C,11,9.5801,0.0,0,25.01,0.1281
3049,S2C,10,10.4489,0.0,0,22.93,0.1095
3049,E2C,12,7.0252,27.0,5,34.11,0.2188
3049,W2C,11,7.3174,20.0,4,32.74,0.198
3050,N2C,11,10.2148,0.0,0,23.46,0.1189
3050,S2C,9,11.1336,0.0,0,21.52,0.0937
3050,E2C,12,6.3268,32.0,5,37.87,0.2322
3050,W2C,11,6.9526,24.0,4,34.46,0.2059
3051,N2C,9,10.9702,0.0,0,21.84,0.096
3051,S2C,8,11.6955,0.0,0,20.49,0.0796
3051,E2C,12,5.8307,37.0,5,41.09,0.2427
3051,W2C,11,6.611,28.0,4,36.24,0.2135
3052,N2C,10,11.6965,0.0,0,20.48,0.0916
3052,S2C,8,12.0917,0.0,0,19.82,0.0739
3052,E2C,13,6.1227,43.0,6,39.13,0.2545
3052,W2C,12,6.8854,33.0,5,34.8,0.2249
3053,N2C,8,12.2503,0.0,0,19.56,0.0716
3053,S2C,7,12.1096,0.0,0,19.79,0.0676
3053,E2C,13,5.7425,49.0,6,41.72,0.264
3053,W2C,12,6.5785,38.0,5,36.42,0.2326
3054,N2C,6,12.5115,0.0,0,19.15,0.0558
3054,S2C,6,12.305,0.0,0,19.47,0.0588
3054,E2C,13,5.3596,56.0,7,44.7,0.2802
3054,W2C,12,6.4352,43.0,5,37.23,0.238
3055,N2C,7,12.7366,0.0,0,18.81,0.0586
3055,S2C,7,12.5326,0.0,0,19.12,0.0615
3055,E2C,14,5.5551,63.0,7,43.13,0.288
3055,W2C,13,6.7022,49.0,6,35.75,0.2502
3056,N2C,6,12.8305,0.0,0,18.67,0.0513
3056,S2C,6,12.5993,0.0,0,19.02,0.0546
3056,E2C,14,5.2048,70.0,7,46.03,0.2977
3056,W2C,13,5.9796,55.0,6,40.07,0.2646
3057,N2C,6,12.3807,0.0,0,19.35,0.0577
3057,S2C,6,12.2912,0.0,0,19.49,0.059
3057,E2C,14,4.8773,78.0,8,49.13,0.3138
3057,W2C,13,5.4736,61.0,6,43.77,0.2759
3058,N2C,6,12.688,0.0,0,18.88,0.0533
3058,S2C,6,12.4493,0.0,0,19.25,0.0567
3058,E2C,15,4.9462,86.0,8,48.44,0.3241
3058,W2C,14,5.1321,67.0,6,46.69,0.2908
3059,N2C,6,12.4652,0.0,0,19.22,0.0565
3059,S2C,6,12.2583,0.0,0,19.55,0.0595
3059,E2C,15,4.7343,94.0,8,50.61,0.3325
3059,W2C,14,4.9549,74.0,7,48.36,0.304
3060,N2C,6,12.2208,0.0,0,19.61,0.06
3060,S2C,6,12.2328,0.0,0,19.59,0.0599
3060,E2C,15,4.2762,102.0,8,56.03,0.3444
3060,W2C,14,4.6968,81.0,7,51.01,0.3124
3061,N2C,7,12.6475,0.0,0,18.94,0.0599
3061,S2C,7,12.4495,0.0,0,19.25,0.0627
3061,E2C,16,4.3346,111.0,9,55.28,0.3616
3061,W2C,15,4.8993,90.0,9,48.91,0.3335
3062,N2C,6,12.7085,0.0,0,18.85,0.053
3062,S2C,7,12.5077,0.0,0,19.16,0.0619
3062,E2C,16,4.0605,121.0,10,59.01,0.3782
3062,W2C,15,4.8179,99.0,9,49.73,0.3406
3063,N2C,6,12.208,0.0,0,19.63,0.0602
3063,S2C,7,12.4034,0.0,0,19.32,0.0634
3063,E2C,16,3.9303,131.0,10,60.96,0.3867
3063,W2C,15,4.553,108.0,9,52.62,0.3504
3064,N2C,7,12.2195,0.0,0,19.61,0.0661
3064,S2C,8,12.3114,0.0,0,19.46,0.0707
3064,E2C,17,4.1967,141.0,10,57.09,0.3956
3064,W2C,16,4.8366,117.0,9,49.54,0.3584
3065,N2C,7,11.7708,0.0,0,20.36,0.0725
3065,S2C,7,12.453,0.0,0,19.24,0.0627
3065,E2C,17,3.8436,151.0,10,62.34,0.4073
3065,W2C,16,4.372,127.0,10,54.8,0.3777
3066,N2C,6,12.0378,0.0,0,19.9,0.0627
3066,S2C,6,12.5802,0.0,0,19.05,0.0549
3066,E2C,17,3.5,162.0,11,68.46,0.4256
3066,W2C,16,4.057,137.0,10,59.06,0.3889
3067,N2C,7,11.7843,0.0,0,20.33,0.0723
3067,S2C,7,12.5339,0.0,0,19.12,0.0615
3067,E2C,18,3.6866,173.0,11,64.99,0.4363
3067,W2C,17,4.1935,147.0,10,57.14,0.3996
3068,N2C,7,11.7263,0.0,0,20.43,0.0732
3068,S2C,7,11.9438,0.0,0,20.06,0.07
3068,E2C,18,3.4374,185.0,12,69.7,0.4538
3068,W2C,17,3.8101,158.0,11,62.89,0.4185
3069,N2C,7,11.2048,0.0,0,21.38,0.0807
3069,S2C,7,11.3226,0.0,0,21.16,0.079
3069,E2C,18,3.2851,197.0,12,72.93,0.464
3069,W2C,17,3.6277,169.0,11,66.05,0.4284
3070,N2C,8,10.5473,0.0,0,22.72,0.0961
3070,S2C,7,10.442,1.0,1,22.95,0.0983
3070,E2C,17,4.1823,149.0,11,57.29,0.4071
3070,W2C,16,4.6843,124.0,10,51.15,0.3712
3071,N2C,8,9.6804,0.0,0,24.75,0.1086
3071,S2C,8,10.3264,2.0,1,23.2,0.1066
3071,E2C,17,4.4678,110.0,9,53.63,0.365
3071,W2C,16,4.5435,85.0,8,52.73,0.3352
3072,N2C,8,8.6996,0.0,0,27.54,0.1227
3072,S2C,8,9.2604,3.0,1,25.87,0.1227
3072,E2C,17,4.7885,73.0,7,50.04,0.3237
3072,W2C,16,4.6763,54.0,6,51.24,0.3007
3073,N2C,8,7.8212,1.0,1,30.63,0.1421
3073,S2C,9,9.1444,4.0,1,26.2,0.131
3073,E2C,16,5.3581,43.0,5,44.72,0.2775
3073,W2C,15,5.606,32.0,4,42.74,0.2546
3074,N2C,9,8.2918,2.0,1,28.9,0.1419
3074,S2C,9,8.7167,6.0,2,27.49,0.1445
3074,E2C,16,5.3852,21.0,3,44.49,0.2505
3074,W2C,15,5.5483,13.0,3,43.18,0.2368
3075,N2C,9,7.8851,3.0,1,30.39,0.1485
3075,S2C,9,8.5667,8.0,2,27.97,0.148
3075,E2C,14,5.2896,6.0,1,45.3,0.2178
3075,W2C,15,5.6773,2.0,1,42.2,0.2156
3076,N2C,10,8.3851,5.0,2,28.57,0.1546
3076,S2C,10,8.7037,11.0,3,27.53,0.16
3076,E2C,15,6.4271,0.0,0,37.28,0.1975
3076,W2C,14,6.1095,0.0,0,39.22,0.196
3077,N2C,10,8.1723,8.0,3,29.32,0.1657
3077,S2C,10,8.7294,14.0,3,27.45,0.1616
3077,E2C,14,6.8093,0.0,0,35.19,0.186
3077,W2C,14,6.6781,0.0,0,35.88,0.1878
3078,N2C,10,7.2992,11.0,3,32.83,0.1802
3078,S2C,10,8.2123,17.0,3,29.18,0.1711
3078,E2C,13,7.288,0.0,0,32.88,0.1731
3078,W2C,12,7.1162,0.0,0,33.67,0.1695
3079,N2C,11,7.1551,14.0,3,33.49,0.1903
3079,S2C,11,7.8045,20.0,3,30.7,0.185
3079,E2C,12,8.0793,0.0,0,29.66,0.1557
3079,W2C,13,7.9691,0.0,0,30.07,0.1633
3080,N2C,11,6.6044,18.0,4,36.28,0.2069
3080,S2C,11,7.1292,23.0,3,33.61,0.1967
3080,E2C,12,8.5336,0.0,0,28.08,0.1491
3080,W2C,11,8.6923,0.0,0,27.56,0.1408
3081,N2C,11,6.485,22.0,4,36.95,0.2113
3081,S2C,11,6.3321,27.0,4,37.84,0.2168
3081,E2C,11,9.1663,0.0,0,26.14,0.134
3081,W2C,11,9.4489,0.0,0,25.36,0.1299
3082,N2C,12,7.0086,27.0,5,34.19,0.2191
3082,S2C,12,6.3986,31.0,4,37.45,0.2245
3082,E2C,11,10.1336,0.0,0,23.64,0.1201
3082,W2C,10,10.3223,0.0,0,23.21,0.1114
3083,N2C,12,7.2474,32.0,5,33.06,0.219
3083,S2C,12,5.8167,36.0,5,41.19,0.2422
3083,E2C,10,10.67,0.0,0,22.46,0.1064
3083,W2C,10,11.0844,0.0,0,21.62,0.1004
3084,N2C,12,6.9836,37.0,5,34.31,0.2261
3084,S2C,12,5.4337,42.0,6,44.09,0.2578
3084,E2C,9,10.9576,0.0,0,21.87,0.0962
3084,W2C,8,11.8651,0.0,0,20.19,0.0772
3085,N2C,13,7.3596,42.0,5,32.56,0.23
3085,S2C,13,5.8085,48.0,6,41.25,0.2624
3085,E2C,8,12.1215,0.0,0,19.77,0.0735
3085,W2C,8,12.2834,0.0,0,19.51,0.0711
3086,N2C,13,6.7226,47.0,5,35.64,0.2425
3086,S2C,13,5.6361,54.0,6,42.51,0.2688
3086,E2C,8,12.1452,0.0,0,19.73,0.0731
3086,W2C,8,12.4157,0.0,0,19.3,0.0692
3087,N2C,13,6.2147,52.0,5,38.55,0.2532
3087,S2C,13,5.3255,61.0,7,44.99,0.284
3087,E2C,7,12.0319,0.0,0,19.91,0.0688
3087,W2C,6,12.6498,0.0,0,18.94,0.0539
3088,N2C,14,6.2561,57.0,5,38.3,0.2619
3088,S2C,14,5.7011,68.0,7,42.03,0.2892
3088,E2C,8,12.4916,0.0,0,19.18,0.0681
3088,W2C,7,12.4146,0.0,0,19.3,0.0632
3089,N2C,14,5.8594,63.0,6,40.89,0.2776
3089,S2C,14,5.1235,75.0,7,46.77,0.3022
3089,E2C,6,12.4535,0.0,0,19.24,0.0567
3089,W2C,7,12.4563,0.0,0,19.24,0.0626
3090,N2C,14,5.2387,69.0,6,45.74,0.2906
3090,S2C,14,4.828,82.0,7,49.63,0.3111
3090,E2C,6,12.6106,0.0,0,19.0,0.0544
3090,W2C,6,12.4443,0.0,0,19.25,0.0568
3091,N2C,15,5.2786,76.0,7,45.39,0.3067
3091,S2C,15,4.838,90.0,8,49.52,0.3283
3091,E2C,6,12.5613,0.0,0,19.07,0.0551
3091,W2C,6,12.0874,0.0,0,19.82,0.062
3092,N2C,15,4.861,83.0,7,49.29,0.3173
3092,S2C,15,4.7017,98.0,8,50.96,0.3356
3092,E2C,7,12.4183,0.0,0,19.29,0.0632
3092,W2C,6,12.2556,0.0,0,19.55,0.0595
3093,N2C,15,4.6784,91.0,8,51.21,0.3313
3093,S2C,15,4.2211,107.0,9,56.76,0.3546
3093,E2C,7,12.5152,0.0,0,19.14,0.0618
3093,W2C,6,12.3229,0.0,0,19.44,0.0586
3094,N2C,16,4.8346,100.0,9,49.56,0.3471
3094,S2C,16,4.7464,116.0,9,50.48,0.359
3094,E2C,7,12.6444,0.0,0,18.95,0.0599
3094,W2C,7,12.4794,0.0,0,19.2,0.0623
3095,N2C,16,4.754,110.0,10,50.4,0.3609
3095,S2C,16,4.5328,126.0,10,52.86,0.3747
3095,E2C,7,12.3428,0.0,0,19.41,0.0643
3095,W2C,7,12.4977,0.0,0,19.17,0.062
3096,N2C,16,4.5396,120.0,10,52.78,0.3706
3096,S2C,16,4.4526,136.0,10,53.81,0.3826
3096,E2C,6,12.5503,0.0,0,19.09,0.0553
3096,W2C,6,12.2108,0.0,0,19.62,0.0602
3097,N2C,17,4.6695,130.0,10,51.31,0.3814
3097,S2C,17,4.8774,146.0,10,49.12,0.3891
3097,E2C,7,12.9895,0.0,0,18.45,0.055
3097,W2C,7,12.1558,0.0,0,19.71,0.067
3098,N2C,17,4.1252,141.0,11,58.08,0.4026
3098,S2C,17,4.5214,156.0,10,52.99,0.4009
3098,E2C,6,12.5601,0.0,0,19.08,0.0551
3098,W2C,7,11.7657,0.0,0,20.36,0.0726
3099,N2C,17,3.8002,152.0,11,63.05,0.4146
3099,S2C,17,4.0653,166.0,10,58.94,0.4141
3099,E2C,6,12.889,0.0,0,18.59,0.0504
3099,W2C,7,11.9286,0.0,0,20.09,0.0702
3100,N2C,18,4.0579,164.0,12,59.05,0.4309
3100,S2C,18,4.2666,177.0,11,56.16,0.4306
3100,E2C,6,13.145,0.0,0,18.23,0.0467
3100,W2C,6,11.4518,0.0,0,20.92,0.0711
3101,N2C,18,3.7285,176.0,12,64.26,0.4436
3101,S2C,18,3.7543,188.0,11,63.82,0.4453
3101,E2C,6,13.0348,0.0,0,18.38,0.0483
3101,W2C,7,10.8021,0.0,0,22.18,0.0865
3102,N2C,18,3.4874,188.0,12,68.71,0.4551
3102,S2C,18,3.3571,200.0,12,71.37,0.465
3102,E2C,6,12.9549,0.0,0,18.49,0.0495
3102,W2C,7,10.1595,0.0,0,23.58,0.0957
3103,N2C,17,4.286,141.0,10,55.9,0.3943
3103,S2C,17,4.1297,149.0,11,58.02,0.4079
3103,E2C,7,12.2447,0.0,0,19.57,0.0657
3103,W2C,8,10.1372,0.0,0,23.64,0.102
3104,N2C,17,4.0656,99.0,9,58.93,0.3635
3104,S2C,17,3.9569,107.0,9,60.55,0.3704
3104,E2C,7,11.5413,0.0,0,20.76,0.0758
3104,W2C,8,9.2367,1.0,1,25.94,0.1217
3105,N2C,17,3.9991,67.0,7,59.91,0.3311
3105,S2C,17,4.1727,71.0,7,57.42,0.3313
3105,E2C,7,10.8254,1.0,1,22.13,0.0928
3105,W2C,8,9.0353,2.0,1,26.52,0.1252
3106,N2C,16,4.8283,46.0,6,49.62,0.2931
3106,S2C,17,4.8716,43.0,6,49.18,0.2965
3106,E2C,8,11.2878,2.0,1,21.23,0.0928
3106,W2C,9,9.6186,4.0,2,24.91,0.1302
3107,N2C,16,4.9419,24.0,4,48.48,0.2648
3107,S2C,16,5.305,21.0,4,45.16,0.2576
3107,E2C,8,10.9024,3.0,1,21.98,0.099
3107,W2C,9,9.3293,6.0,2,25.68,0.1357
3108,N2C,16,5.306,9.0,3,45.16,0.2436
3108,S2C,16,5.602,9.0,2,42.77,0.2333
3108,E2C,8,10.3869,4.0,1,23.07,0.1071
3108,W2C,9,9.0039,8.0,2,26.61,0.1417
3109,N2C,15,5.9591,2.0,1,40.21,0.2115
3109,S2C,15,6.204,0.0,0,38.62,0.2007
3109,E2C,9,10.47,5.0,1,22.88,0.1126
3109,W2C,10,8.9965,10.0,2,26.63,0.1491
3110,N2C,15,6.2862,0.0,0,38.12,0.1995
3110,S2C,15,6.139,0.0,0,39.03,0.2016
3110,E2C,9,9.8642,6.0,1,24.29,0.122
3110,W2C,10,8.3794,12.0,2,28.59,0.1593
3111,N2C,13,7.221,0.0,0,33.18,0.174
3111,S2C,13,6.3693,0.0,0,37.62,0.1863
3111,E2C,9,8.7349,8.0,2,27.43,0.1456
3111,W2C,10,7.8572,14.0,2,30.49,0.1682
3112,N2C,14,8.1008,0.0,0,29.58,0.1674
3112,S2C,14,7.6166,0.0,0,31.46,0.1743
3112,E2C,10,8.1956,10.0,2,29.24,0.1607
3112,W2C,11,7.4391,17.0,3,32.21,0.1882
3113,N2C,12,8.7362,0.0,0,27.43,0.1462
3113,S2C,12,7.9376,0.0,0,30.19,0.1577
3113,E2C,10,7.3019,13.0,3,32.81,0.1815
3113,W2C,11,7.0381,20.0,3,34.04,0.196
3114,N2C,12,9.2226,0.0,0,25.98,0.1392
3114,S2C,12,9.0527,0.0,0,26.47,0.1417
3114,E2C,10,6.8897,17.0,4,34.78,0.1961
3114,W2C,11,6.8286,23.0,3,35.09,0.201
3115,N2C,11,10.0842,0.0,0,23.76,0.1208
3115,S2C,11,9.9911,0.0,0,23.98,0.1221
3115,E2C,11,7.1088,21.0,4,33.7,0.2016
3115,W2C,12,7.2922,27.0,4,32.86,0.209
3116,N2C,11,10.5713,0.0,0,22.67,0.1138
3116,S2C,10,10.489,0.0,0,22.84,0.109
3116,E2C,11,6.7624,25.0,4,35.43,0.2093
3116,W2C,12,7.2052,32.0,5,33.25,0.2196
3117,N2C,9,11.0787,0.0,0,21.63,0.0945
3117,S2C,9,10.9875,0.0,0,21.81,0.0958
3117,E2C,11,6.4882,30.0,5,36.93,0.2226
3117,W2C,12,6.8791,37.0,5,34.83,0.2276
3118,N2C,9,11.4912,0.0,0,20.85,0.0885
3118,S2C,9,11.3558,0.0,0,21.1,0.0905
3118,E2C,12,6.6789,35.0,5,35.87,0.2292
3118,W2C,12,6.2838,42.0,5,38.13,0.2395
3119,N2C,8,12.0701,0.0,0,19.85,0.0742
3119,S2C,8,12.0766,0.0,0,19.84,0.0741
3119,E2C,12,5.9436,40.0,5,40.31,0.2431
3119,W2C,13,6.0311,47.0,5,39.73,0.2525
3120,N2C,7,12.0475,0.0,0,19.89,0.0685
3120,S2C,6,12.013,0.0,0,19.95,0.063
3120,E2C,12,5.5497,45.0,5,43.17,0.2521
3120,W2C,13,5.4769,52.0,5,43.75,0.2638
3121,N2C,7,13.195,0.0,0,18.16,0.052
3121,S2C,7,12.5201,0.0,0,19.14,0.0617
3121,E2C,13,5.9399,50.0,5,40.34,0.2558
3121,W2C,14,5.7492,58.0,6,41.68,0.2759
3122,N2C,6,12.956,0.0,0,18.49,0.0494
3122,S2C,6,12.0731,0.0,0,19.85,0.0622
3122,E2C,13,5.8716,56.0,6,40.81,0.2668
3122,W2C,14,5.032,65.0,7,47.62,0.2969
3123,N2C,6,12.9437,0.0,0,18.51,0.0496
3123,S2C,6,12.4134,0.0,0,19.3,0.0573
3123,E2C,13,5.7896,63.0,7,41.38,0.2786
3123,W2C,14,4.7594,73.0,8,50.34,0.3121
3124,N2C,6,12.9554,0.0,0,18.49,0.0495
3124,S2C,7,12.5833,0.0,0,19.04,0.0608
3124,E2C,14,6.1765,70.0,7,38.79,0.2837
3124,W2C,15,4.9659,81.0,8,48.25,0.3205
3125,N2C,6,13.2059,0.0,0,18.14,0.0458
3125,S2C,7,12.5452,0.0,0,19.1,0.0614
3125,E2C,14,5.6138,77.0,7,42.68,0.2965
3125,W2C,15,4.722,89.0,8,50.74,0.3293
3126,N2C,6,12.9299,0.0,0,18.53,0.0498
3126,S2C,7,12.5276,0.0,0,19.13,0.0616
3126,E2C,14,4.9761,84.0,7,48.15,0.3103
3126,W2C,15,4.4466,97.0,8,53.88,0.3386
3127,N2C,7,13.0996,0.0,0,18.29,0.0534
3127,S2C,7,12.4277,0.0,0,19.28,0.0631
3127,E2C,15,5.0669,91.0,7,47.29,0.3197
3127,W2C,16,4.8153,106.0,9,49.76,0.3513
3128,N2C,6,12.7325,0.0,0,18.82,0.0527
3128,S2C,7,12.1469,0.0,0,19.73,0.0671
3128,E2C,15,5.0295,100.0,9,47.64,0.3382
3128,W2C,16,4.8001,116.0,10,49.92,0.3642
3129,N2C,6,12.8058,0.0,0,18.71,0.0516
3129,S2C,7,12.33,0.0,0,19.43,0.0645
3129,E2C,15,4.7577,109.0,9,50.36,0.3482
3129,W2C,16,4.5031,126.0,10,53.21,0.3752
3130,N2C,6,13.5217,0.0,0,17.72,0.0413
3130,S2C,6,12.5514,0.0,0,19.09,0.0553
3130,E2C,16,4.7963,118.0,9,49.96,0.3596
3130,W2C,17,4.4896,136.0,10,53.37,0.388
3131,N2C,6,13.2637,0.0,0,18.06,0.045
3131,S2C,6,12.2014,0.0,0,19.64,0.0603
3131,E2C,16,4.1843,127.0,9,57.26,0.3744
3131,W2C,17,3.8098,146.0,10,62.89,0.4045
3132,N2C,6,12.769,0.0,0,18.76,0.0521
3132,S2C,6,12.0682,0.0,0,19.85,0.0622
3132,E2C,16,3.7987,137.0,10,63.07,0.3926
3132,W2C,17,3.6279,157.0,11,66.04,0.4204
3133,N2C,7,12.3577,0.0,0,19.39,0.0641
3133,S2C,7,11.8495,0.0,0,20.22,0.0714
3133,E2C,17,4.3057,147.0,10,55.65,0.398
3133,W2C,18,4.2054,169.0,12,56.97,0.4321
3134,N2C,7,11.8827,0.0,0,20.16,0.0709
3134,S2C,7,11.2255,0.0,0,21.34,0.0804
3134,E2C,17,3.9356,158.0,11,60.88,0.4167
3134,W2C,18,3.8416,181.0,12,62.37,0.4454
3135,N2C,7,11.3502,0.0,0,21.11,0.0786
3135,S2C,7,10.5474,0.0,0,22.72,0.0901
3135,E2C,17,3.4989,169.0,11,68.48,0.4303
3135,W2C,18,3.6507,193.0,12,65.63,0.4561
3136,N2C,8,11.2646,0.0,0,21.27,0.0858
3136,S2C,7,10.6378,0.0,0,22.52,0.0888
3136,E2C,16,4.344,122.0,9,55.16,0.3688
3136,W2C,17,4.2591,141.0,10,56.26,0.3947
3137,N2C,8,10.6548,1.0,1,22.49,0.1013
3137,S2C,8,10.1349,1.0,1,23.64,0.1087
3137,E2C,16,4.2446,83.0,8,56.45,0.3382
3137,W2C,17,4.1019,104.0,9,58.41,0.3663
3138,N2C,8,9.5194,2.0,1,25.17,0.1183
3138,S2C,8,9.2717,2.0,1,25.84,0.1218
3138,E2C,16,4.4036,53.0,7,54.41,0.3099
3138,W2C,17,4.1491,72.0,7,57.75,0.3323
3139,N2C,8,8.5346,3.0,1,28.07,0.1331
3139,S2C,9,9.0398,4.0,2,26.5,0.1385
3139,E2C,15,5.3134,31.0,5,45.09,0.2642
3139,W2C,16,4.7178,48.0,6,50.79,0.2961
3140,N2C,9,8.6303,5.0,2,27.76,0.1451
3140,S2C,9,8.4313,6.0,2,28.42,0.1486
3140,E2C,15,5.628,14.0,3,42.57,0.2363
3140,W2C,16,5.0863,23.0,4,47.11,0.2621
3141,N2C,9,8.0533,7.0,2,29.75,0.1547
3141,S2C,9,7.6698,8.0,2,31.24,0.1609
3141,E2C,14,5.9868,4.0,1,40.02,0.2065
3141,W2C,15,5.2741,8.0,2,45.43,0.2314
3142,N2C,10,8.3644,10.0,3,28.65,0.1642
3142,S2C,10,7.8363,10.0,2,30.58,0.1658
3142,E2C,14,6.6187,0.0,0,36.2,0.1887
3142,W2C,15,6.3226,0.0,0,37.9,0.199
3143,N2C,10,7.574,13.0,3,31.63,0.1776
3143,S2C,10,7.4829,13.0,3,32.02,0.1789
3143,E2C,13,7.2989,0.0,0,32.83,0.1729
3143,W2C,15,6.7697,0.0,0,35.39,0.1925
3144,N2C,10,7.0071,17.0,4,34.19,0.1944
3144,S2C,10,7.4978,16.0,3,31.96,0.1807
3144,E2C,12,7.9431,0.0,0,30.16,0.1576
3144,W2C,13,7.1882,0.0,0,33.33,0.1745
3145,N2C,11,7.2962,21.0,4,32.84,0.1989
3145,S2C,11,7.7874,20.0,4,30.77,0.1912
3145,E2C,13,9.3405,0.0,0,25.65,0.1435
3145,W2C,14,8.4536,0.0,0,28.34,0.1623
3146,N2C,11,6.858,25.0,4,34.94,0.2079
3146,S2C,11,7.881,24.0,4,30.4,0.1925
3146,E2C,11,10.0569,0.0,0,23.82,0.1212
3146,W2C,12,8.647,0.0,0,27.71,0.1475
3147,N2C,11,6.3128,30.0,5,37.95,0.2251
3147,S2C,11,7.6619,28.0,4,31.27,0.1983
3147,E2C,11,10.4636,0.0,0,22.9,0.1153
3147,W2C,12,9.2128,0.0,0,26.01,0.1393
3148,N2C,12,6.6107,35.0,5,36.24,0.2301
3148,S2C,12,7.6429,32.0,4,31.35,0.2073
3148,E2C,10,11.1855,0.0,0,21.42,0.0989
3148,W2C,11,9.8459,0.0,0,24.33,0.1242
3149,N2C,12,6.1397,40.0,5,39.03,0.2403
3149,S2C,12,7.0781,36.0,4,33.85,0.2181
3149,E2C,8,11.7654,0.0,0,20.36,0.0786
3149,W2C,10,10.4034,0.0,0,23.03,0.1102
3150,N2C,12,5.6257,46.0,6,42.59,0.2577
3150,S2C,12,6.5881,40.0,4,36.37,0.2278
3150,E2C,8,11.9942,0.0,0,19.98,0.0753
3150,W2C,9,11.2051,0.0,0,21.38,0.0927
3151,N2C,13,6.0061,52.0,6,39.89,0.2622
3151,S2C,13,6.6859,44.0,4,35.84,0.2351
3151,E2C,7,12.5945,0.0,0,19.02,0.0607
3151,W2C,10,11.5705,0.0,0,20.71,0.0934
3152,N2C,13,5.8262,58.0,6,41.12,0.2688
3152,S2C,13,6.2813,49.0,5,38.14,0.2502
3152,E2C,7,12.6362,0.0,0,18.96,0.0601
3152,W2C,8,11.8712,0.0,0,20.18,0.0771
3153,N2C,13,5.9548,65.0,7,40.24,0.2776
3153,S2C,13,5.8313,54.0,5,41.09,0.26
3153,E2C,6,13.1197,0.0,0,18.26,0.0471
3153,W2C,7,12.0146,0.0,0,19.94,0.069
3154,N2C,14,6.1269,72.0,7,39.11,0.2858
3154,S2C,14,6.1607,60.0,6,38.89,0.2713
3154,E2C,6,12.927,0.0,0,18.53,0.0499
3154,W2C,7,12.4523,0.0,0,19.24,0.0627
3155,N2C,14,5.9467,79.0,7,40.29,0.293
3155,S2C,14,5.4107,67.0,7,44.28,0.2928
3155,E2C,6,12.6733,0.0,0,18.91,0.0535
3155,W2C,6,12.5818,0.0,0,19.04,0.0548
3156,N2C,14,5.622,86.0,7,42.62,0.3024
3156,S2C,14,5.0444,74.0,7,47.5,0.3027
3156,E2C,6,12.6494,0.0,0,18.94,0.0539
3156,W2C,6,12.1796,0.0,0,19.67,0.0606
3157,N2C,15,5.9164,93.0,7,40.5,0.3088
3157,S2C,15,5.0823,82.0,8,47.14,0.3195
3157,E2C,6,12.6163,0.0,0,18.99,0.0543
3157,W2C,6,12.509,0.0,0,19.15,0.0559
3158,N2C,15,5.2001,101.0,8,46.08,0.3305
3158,S2C,15,4.7648,90.0,8,50.29,0.3294
3158,E2C,6,12.7315,0.0,0,18.82,0.0527
3158,W2C,6,12.172,0.0,0,19.68,0.0607
3159,N2C,15,4.6998,109.0,8,50.98,0.343
3159,S2C,15,4.3142,98.0,8,55.54,0.3412
3159,E2C,6,12.4586,0.0,0,19.23,0.0566
3159,W2C,6,12.273,0.0,0,19.52,0.0593
3160,N2C,16,4.6405,117.0,8,51.63,0.3552
3160,S2C,16,4.4633,108.0,10,53.68,0.3637
3160,E2C,7,12.8255,0.0,0,18.68,0.0573
3160,W2C,5,12.0648,0.0,0,19.86,0.0563
3161,N2C,16,4.3552,126.0,9,55.01,0.3713
3161,S2C,16,4.1625,118.0,10,57.56,0.3747
3161,E2C,7,12.7121,0.0,0,18.85,0.059
3161,W2C,6,12.3245,0.0,0,19.44,0.0585
3162,N2C,16,4.2235,136.0,10,56.73,0.3859
3162,S2C,16,3.9621,128.0,10,60.47,0.3843
3162,E2C,7,12.5598,0.0,0,19.08,0.0612
3162,W2C,6,12.3846,0.0,0,19.35,0.0577
3163,N2C,17,4.3649,146.0,10,54.89,0.3965
3163,S2C,17,4.4301,139.0,11,54.09,0.3969
3163,E2C,7,12.5593,0.0,0,19.08,0.0612
3163,W2C,7,12.5202,0.0,0,19.14,0.0617
3164,N2C,17,4.0873,157.0,11,58.62,0.4138
3164,S2C,17,4.2508,150.0,11,56.37,0.4068
3164,E2C,6,12.636,0.0,0,18.96,0.0541
3164,W2C,7,12.6812,0.0,0,18.89,0.0594
3165,N2C,17,3.729,168.0,11,64.25,0.4263
3165,S2C,17,4.2016,161.0,11,57.03,0.4148
3165,E2C,6,12.7964,0.0,0,18.72,0.0517
3165,W2C,7,12.3759,0.0,0,19.36,0.0638
3166,N2C,18,3.9988,180.0,12,59.92,0.4424
3166,S2C,18,4.2336,172.0,11,56.59,0.4277
3166,E2C,6,12.9539,0.0,0,18.5,0.0495
3166,W2C,5,12.6618,0.0,0,18.92,0.0477
3167,N2C,18,3.6331,192.0,12,65.95,0.4557
3167,S2C,18,3.8626,183.0,11,62.03,0.4404
3167,E2C,6,12.8148,0.0,0,18.7,0.0515
3167,W2C,6,12.6036,0.0,0,19.01,0.0545
3168,N2C,18,3.4991,204.0,12,68.47,0.4656
3168,S2C,18,3.3862,195.0,12,70.76,0.4612
3168,E2C,6,13.0589,0.0,0,18.35,0.048
3168,W2C,6,12.5336,0.0,0,19.12,0.0555
3169,N2C,17,4.1693,153.0,10,57.47,0.404
3169,S2C,17,3.9258,143.0,10,61.03,0.4008
3169,E2C,6,12.1576,0.0,0,19.71,0.0609
3169,W2C,7,12.962,0.0,0,18.48,0.0554
3170,N2C,17,4.0468,108.0,9,59.21,0.3697
3170,S2C,17,3.8879,100.0,9,61.63,0.3667
3170,E2C,7,11.7402,0.0,0,20.41,0.073
3170,W2C,7,12.5202,0.0,0,19.14,0.0617
3171,N2C,17,4.021,71.0,8,59.59,0.3394
3171,S2C,17,3.7978,72.0,7,63.09,0.3373
3171,E2C,7,11.0125,0.0,0,21.76,0.0834
3171,W2C,7,12.5928,0.0,0,19.03,0.0607
3172,N2C,16,4.7019,44.0,6,50.96,0.2936
3172,S2C,17,4.5844,45.0,6,52.26,0.302
3172,E2C,8,10.5134,0.0,0,22.79,0.0966
3172,W2C,8,12.2963,0.0,0,19.49,0.0709
3173,N2C,16,4.9365,25.0,4,48.54,0.2656
3173,S2C,16,4.8771,23.0,4,49.13,0.2651
3173,E2C,8,10.1942,0.0,0,23.5,0.1012
3173,W2C,8,11.493,0.0,0,20.85,0.0825
3174,N2C,15,5.5693,9.0,2,43.02,0.2278
3174,S2C,16,5.2043,8.0,2,46.04,0.2384
3174,E2C,8,9.4999,2.0,2,25.22,0.1245
3174,W2C,8,10.4335,0.0,0,22.96,0.0978
3175,N2C,15,6.5247,0.0,0,36.72,0.1961
3175,S2C,15,6.1045,1.0,1,39.25,0.2088
3175,E2C,9,9.7749,4.0,2,24.51,0.1279
3175,W2C,9,10.1358,1.0,1,23.64,0.1147
3176,N2C,14,6.7802,0.0,0,35.34,0.1864
3176,S2C,15,6.5604,0.0,0,36.52,0.1955
3176,E2C,9,9.5395,6.0,2,25.12,0.1326
3176,W2C,9,9.3128,2.0,1,25.73,0.1272
3177,N2C,13,7.2946,0.0,0,32.85,0.173
3177,S2C,13,7.2311,0.0,0,33.13,0.1739
3177,E2C,9,8.751,8.0,2,27.38,0.1453
3177,W2C,9,9.0689,4.0,2,26.42,0.1381
3178,N2C,13,8.1754,0.0,0,29.31,0.1603
3178,S2C,14,8.1101,0.0,0,29.54,0.1672
3178,E2C,10,8.5239,10.0,2,28.11,0.1559
3178,W2C,10,8.8569,6.0,2,27.05,0.1485
3179,N2C,12,8.7031,0.0,0,27.53,0.1467
3179,S2C,12,8.6429,0.0,0,27.72,0.1476
3179,E2C,10,7.7522,13.0,3,30.91,0.175
3179,W2C,10,8.2033,9.0,3,29.21,0.1659
3180,N2C,11,9.2475,0.0,0,25.91,0.1328
3180,S2C,12,8.955,0.0,0,26.76,0.1431
3180,E2C,10,7.1087,16.0,3,33.71,0.1863
3180,W2C,10,7.4286,12.0,3,32.25,0.179
3181,N2C,11,10.338,0.0,0,23.18,0.1171
3181,S2C,11,9.933,0.0,0,24.12,0.123
3181,E2C,11,7.3617,20.0,4,32.55,0.1973
3181,W2C,11,7.5454,15.0,3,31.75,0.1854
3182,N2C,10,10.7626,0.0,0,22.26,0.105
3182,S2C,11,10.9478,0.0,0,21.89,0.1084
3182,E2C,11,6.8344,24.0,4,35.06,0.2076
3182,W2C,11,7.221,19.0,4,33.18,0.1987
3183,N2C,9,11.3497,0.0,0,21.11,0.0906
3183,S2C,9,11.2715,0.0,0,21.26,0.0917
3183,E2C,11,6.5275,29.0,5,36.71,0.2213
3183,W2C,11,6.8901,23.0,4,34.77,0.2061
3184,N2C,8,12.1992,0.0,0,19.64,0.0723
3184,S2C,10,12.0162,0.0,0,19.94,0.087
3184,E2C,12,6.5412,34.0,5,36.63,0.2305
3184,W2C,12,7.1373,28.0,5,33.57,0.2179
3185,N2C,7,12.5405,0.0,0,19.11,0.0614
3185,S2C,8,12.3818,0.0,0,19.35,0.0697
3185,E2C,12,6.3907,39.0,5,37.49,0.236
3185,W2C,12,6.5663,33.0,5,36.49,0.2295
3186,N2C,6,12.6502,0.0,0,18.94,0.0539
3186,S2C,6,12.9827,0.0,0,18.46,0.0491
3186,E2C,12,6.0955,44.0,5,39.31,0.2436
3186,W2C,12,5.7672,39.0,6,41.55,0.251
3187,N2C,7,12.8717,0.0,0,18.61,0.0567
3187,S2C,7,12.6112,0.0,0,19.0,0.0604
3187,E2C,13,6.2907,50.0,6,38.09,0.2568
3187,W2C,13,6.1143,45.0,6,39.19,0.256
3188,N2C,7,12.7583,0.0,0,18.78,0.0583
3188,S2C,7,12.5176,0.0,0,19.14,0.0618
3188,E2C,13,5.9188,56.0,6,40.48,0.2661
3188,W2C,13,5.737,51.0,6,41.76,0.2654
3189,N2C,7,13.0535,0.0,0,18.36,0.054
3189,S2C,7,12.4705,0.0,0,19.21,0.0624
3189,E2C,13,5.8487,62.0,6,40.97,0.2711
3189,W2C,13,5.4528,57.0,6,43.94,0.2735
3190,N2C,7,12.9117,0.0,0,18.56,0.0561
3190,S2C,7,12.3609,0.0,0,19.38,0.064
3190,E2C,14,6.2453,69.0,7,38.36,0.2821
3190,W2C,14,5.4584,64.0,7,43.9,0.2901
3191,N2C,7,12.528,0.0,0,19.13,0.0616
3191,S2C,6,13.058,0.0,0,18.35,0.048
3191,E2C,14,5.7384,76.0,7,41.75,0.294
3191,W2C,14,5.2457,71.0,7,45.68,0.2978
3192,N2C,6,12.8372,0.0,0,18.66,0.0512
3192,S2C,6,12.934,0.0,0,18.52,0.0498
3192,E2C,14,5.0491,83.0,7,47.45,0.3086
3192,W2C,14,4.9018,78.0,7,48.88,0.3074
3193,N2C,5,12.582,0.0,0,19.04,0.0488
3193,S2C,6,12.7029,0.0,0,18.86,0.0531
3193,E2C,15,5.0068,91.0,8,47.85,0.3266
3193,W2C,15,4.9599,87.0,9,48.31,0.3306
3194,N2C,6,12.7771,0.0,0,18.75,0.052
3194,S2C,6,12.6116,0.0,0,19.0,0.0544
3194,E2C,15,4.7023,99.0,8,50.95,0.3363
3194,W2C,15,4.7681,96.0,9,50.25,0.3393
3195,N2C,6,12.7879,0.0,0,18.74,0.0519
3195,S2C,6,13.0497,0.0,0,18.36,0.0481
3195,E2C,15,4.4535,108.0,9,53.8,0.3519
3195,W2C,15,4.4579,105.0,9,53.75,0.3498
3196,N2C,7,12.7061,0.0,0,18.86,0.059
3196,S2C,5,12.9407,0.0,0,18.52,0.0437
3196,E2C,16,4.6189,117.0,9,51.87,0.3615
3196,W2C,16,4.5742,114.0,9,52.38,0.3601
3197,N2C,7,12.7215,0.0,0,18.83,0.0588
3197,S2C,6,12.8563,0.0,0,18.64,0.0509
3197,E2C,16,4.2808,127.0,10,55.97,0.379
3197,W2C,16,4.2921,123.0,9,55.82,0.3702
3198,N2C,6,13.2282,0.0,0,18.11,0.0455
3198,S2C,6,12.5126,0.0,0,19.15,0.0558
3198,E2C,16,4.0364,137.0,10,59.36,0.3892
3198,W2C,16,4.0249,133.0,10,59.53,0.3867
3199,N2C,6,13.0481,0.0,0,18.36,0.0481
3199,S2C,6,12.7622,0.0,0,18.77,0.0522
3199,E2C,17,4.6081,148.0,11,52.0,0.4003
3199,W2C,17,4.5642,144.0,11,52.5,0.3983
3200,N2C,6,12.8642,0.0,0,18.63,0.0508
3200,S2C,6,12.7179,0.0,0,18.84,0.0529
3200,E2C,17,4.2856,159.0,11,55.91,0.4123
3200,W2C,17,4.2317,155.0,11,56.62,0.4104
3201,N2C,6,12.1001,0.0,0,19.8,0.0618
3201,S2C,6,12.6646,0.0,0,18.92,0.0536
3201,E2C,17,4.0179,170.0,11,59.63,0.4235
3201,W2C,17,3.9218,166.0,11,61.09,0.4222
3202,N2C,7,12.2586,0.0,0,19.55,0.0655
3202,S2C,7,11.8746,0.0,0,20.18,0.071
3202,E2C,16,4.5667,123.0,9,52.47,0.3662
3202,W2C,16,4.3167,123.0,9,55.5,0.3698
3203,N2C,7,11.78,0.0,0,20.34,0.0724
3203,S2C,7,11.3133,0.0,0,21.18,0.0791
3203,E2C,16,4.253,84.0,7,56.34,0.3328
3203,W2C,16,4.3109,86.0,8,55.58,0.3393
3204,N2C,7,10.7131,0.0,0,22.37,0.0877
3204,S2C,7,10.5248,0.0,0,22.77,0.0905
3204,E2C,16,4.3015,52.0,6,55.7,0.3047
3204,W2C,16,4.454,54.0,6,53.79,0.3039
3205,N2C,8,10.6036,1.0,1,22.6,0.102
3205,S2C,8,10.5642,0.0,0,22.68,0.0959
3205,E2C,16,5.0424,31.0,4,47.52,0.2681
3205,W2C,15,5.5189,32.0,5,43.41,0.2619
3206,N2C,8,10.2007,2.0,1,23.49,0.1085
3206,S2C,8,10.6912,1.0,1,22.41,0.1007
3206,E2C,15,5.2781,12.0,3,45.4,0.24
3206,W2C,15,5.8017,14.0,3,41.3,0.2338
3207,N2C,8,9.5383,4.0,2,25.12,0.1253
3207,S2C,8,10.4438,2.0,1,22.94,0.105
3207,E2C,14,5.6929,2.0,1,42.09,0.2094
3207,W2C,14,6.0257,3.0,1,39.76,0.2052
3208,N2C,9,10.0542,6.0,2,23.83,0.1252
3208,S2C,9,9.9176,3.0,1,24.16,0.1192
3208,E2C,14,6.7511,0.0,0,35.49,0.1868
3208,W2C,14,6.9475,0.0,0,34.49,0.184
3209,N2C,9,10.0706,8.0,2,23.79,0.1263
3209,S2C,9,8.7263,4.0,1,27.46,0.137
3209,E2C,14,6.8961,0.0,0,34.74,0.1847
3209,W2C,14,7.4527,0.0,0,32.15,0.1767
3210,N2C,9,9.5689,10.0,2,25.04,0.1349
3210,S2C,9,7.8889,5.0,1,30.37,0.1497
3210,E2C,13,7.2967,0.0,0,32.84,0.1729
3210,W2C,12,7.6186,0.0,0,31.45,0.1623
3211,N2C,10,9.1145,12.0,2,26.29,0.1488
3211,S2C,10,8.2829,7.0,2,28.93,0.1574
3211,E2C,13,8.1653,0.0,0,29.34,0.1604
3211,W2C,13,8.643,0.0,0,27.72,0.1536
3212,N2C,10,8.1597,14.0,2,29.36,0.1638
3212,S2C,10,7.6234,9.0,2,31.43,0.1682
3212,E2C,12,8.8154,0.0,0,27.18,0.1451
3212,W2C,11,9.03,0.0,0,26.53,0.136
3213,N2C,10,7.454,16.0,2,32.14,0.1753
3213,S2C,10,7.2382,12.0,3,33.1,0.1818
3213,E2C,11,9.4394,0.0,0,25.38,0.1301
3213,W2C,10,9.4434,0.0,0,25.37,0.124
3214,N2C,11,7.5315,19.0,3,31.81,0.1882
3214,S2C,11,7.5252,15.0,3,31.84,0.1856
3214,E2C,10,10.2443,0.0,0,23.39,0.1125
3214,W2C,10,10.5735,0.0,0,22.66,0.1078
3215,N2C,11,6.8799,23.0,4,34.83,0.2063
3215,S2C,11,6.791,19.0,4,35.28,0.2049
3215,E2C,9,10.9222,0.0,0,21.94,0.0967
3215,W2C,9,11.1417,0.0,0,21.5,0.0936
3216,N2C,11,6.6367,27.0,4,36.1,0.2124
3216,S2C,11,5.9837,23.0,4,40.04,0.2192
3216,E2C,8,11.6008,0.0,0,20.65,0.081
3216,W2C,8,11.6282,0.0,0,20.61,0.0806
3217,N2C,12,6.7409,32.0,5,35.54,0.2263
3217,S2C,12,6.3387,27.0,4,37.8,0.2227
3217,E2C,8,12.1911,0.0,0,19.65,0.0725
3217,W2C,8,12.4579,0.0,0,19.23,0.0686
3218,N2C,12,6.119,37.0,5,39.16,0.2386
3218,S2C,12,6.3061,32.0,5,37.99,0.2325
3218,E2C,7,12.6093,0.0,0,19.0,0.0604
3218,W2C,7,12.6387,0.0,0,18.96,0.06
3219,N2C,12,5.6927,42.0,5,42.09,0.248
3219,S2C,12,6.0121,38.0,6,39.85,0.2468
3219,E2C,6,12.7046,0.0,0,18.86,0.0531
3219,W2C,6,12.5153,0.0,0,19.14,0.0558
3220,N2C,13,6.0043,48.0,6,39.9,0.2595
3220,S2C,13,6.5812,44.0,6,36.41,0.2486
3220,E2C,7,12.8625,0.0,0,18.63,0.0568
3220,W2C,7,12.4704,0.0,0,19.21,0.0624
3221,N2C,13,5.7747,55.0,7,41.49,0.2735
3221,S2C,13,6.4937,50.0,6,36.9,0.2538
3221,E2C,6,12.8091,0.0,0,18.71,0.0516
3221,W2C,7,12.3324,0.0,0,19.43,0.0644
3222,N2C,13,5.2671,62.0,7,45.49,0.2855
3222,S2C,13,6.103,56.0,6,39.26,0.2635
3222,E2C,6,12.9502,0.0,0,18.5,0.0495
3222,W2C,7,12.1678,0.0,0,19.69,0.0668
3223,N2C,14,5.5636,69.0,7,43.07,0.2919
3223,S2C,14,6.4172,62.0,6,37.34,0.2689
3223,E2C,6,13.1118,0.0,0,18.27,0.0472
3223,W2C,6,12.2924,0.0,0,19.49,0.059
3224,N2C,14,5.0857,77.0,8,47.11,0.3101
3224,S2C,14,5.9053,68.0,6,40.57,0.2803
3224,E2C,6,12.8794,0.0,0,18.6,0.0506
3224,W2C,6,12.5066,0.0,0,19.16,0.0559
3225,N2C,14,4.7187,85.0,8,50.78,0.3207
3225,S2C,14,5.3682,75.0,7,44.63,0.2987
3225,E2C,6,12.8388,0.0,0,18.66,0.0511
3225,W2C,6,12.2951,0.0,0,19.49,0.059
3226,N2C,15,5.2425,93.0,8,45.7,0.3245
3226,S2C,15,5.1739,82.0,7,46.31,0.3122
3226,E2C,6,12.9796,0.0,0,18.46,0.0491
3226,W2C,6,12.0654,0.0,0,19.86,0.0623
3227,N2C,15,5.2025,101.0,8,46.05,0.3304
3227,S2C,15,4.8443,90.0,8,49.46,0.3282
3227,E2C,6,12.813,0.0,0,18.7,0.0515
3227,W2C,6,12.1545,0.0,0,19.71,0.061
3228,N2C,15,5.0518,110.0,9,47.43,0.3446
3228,S2C,15,4.5387,99.0,9,52.79,0.3446
3228,E2C,6,13.2115,0.0,0,18.14,0.0458
3228,W2C,6,11.6336,0.0,0,20.6,0.0685
3229,N2C,16,4.998,119.0,9,47.94,0.3574
3229,S2C,16,4.953,108.0,9,48.37,0.3507
3229,E2C,6,12.9622,0.0,0,18.48,0.0494
3229,W2C,7,12.0453,0.0,0,19.89,0.0686
3230,N2C,16,4.6092,128.0,9,51.98,0.369
3230,S2C,16,4.8381,117.0,9,49.52,0.3583
3230,E2C,7,13.1953,0.0,0,18.16,0.052
3230,W2C,6,11.9614,0.0,0,20.03,0.0638
3231,N2C,16,4.1535,138.0,10,57.69,0.3882
3231,S2C,16,4.5534,127.0,10,52.62,0.3751
3231,E2C,7,12.8234,0.0,0,18.68,0.0574
3231,W2C,6,11.9195,0.0,0,20.1,0.0644
3232,N2C,17,4.2705,148.0,10,56.11,0.3992
3232,S2C,17,4.5119,137.0,10,53.1,0.3884
3232,E2C,7,13.1519,0.0,0,18.22,0.0526
3232,W2C,7,11.4894,0.0,0,20.85,0.0766
3233,N2C,17,3.8832,158.0,10,61.7,0.4114
3233,S2C,17,4.0161,147.0,10,59.66,0.4022
3233,E2C,7,12.6627,0.0,0,18.92,0.0597
3233,W2C,7,11.8106,0.0,0,20.29,0.0719
3234,N2C,17,3.603,169.0,11,66.5,0.4288
3234,S2C,17,3.7889,158.0,11,63.24,0.4188
3234,E2C,7,11.2665,0.0,0,21.27,0.0798
3234,W2C,7,11.7413,0.0,0,20.41,0.0729
3235,N2C,16,4.4285,120.0,9,54.1,0.3662
3235,S2C,16,4.4751,117.0,10,53.54,0.3696
3235,E2C,8,10.859,1.0,1,22.06,0.0983
3235,W2C,8,11.2678,0.0,0,21.26,0.0858
3236,N2C,16,4.2845,84.0,7,55.92,0.3323
3236,S2C,16,4.5152,79.0,8,53.07,0.3317
3236,E2C,8,10.1134,2.0,1,23.69,0.1097
3236,W2C,8,10.2001,0.0,0,23.49,0.1011
3237,N2C,16,4.129,54.0,7,58.03,0.3145
3237,S2C,16,4.454,49.0,7,53.79,0.3065
3237,E2C,8,9.2914,3.0,1,25.79,0.1222
3237,W2C,8,9.1983,0.0,0,26.05,0.1156
3238,N2C,16,4.9281,28.0,5,48.62,0.2737
3238,S2C,15,5.4469,30.0,5,43.99,0.2616
3238,E2C,9,9.3061,4.0,1,25.75,0.1287
3238,W2C,8,8.6047,1.0,1,27.85,0.1308
3239,N2C,15,4.8725,15.0,3,49.17,0.2478
3239,S2C,15,5.601,14.0,3,42.78,0.2367
3239,E2C,9,8.8344,6.0,2,27.12,0.1428
3239,W2C,9,9.1797,3.0,2,26.1,0.1358
3240,N2C,15,5.142,4.0,1,46.6,0.2246
3240,S2C,13,5.8771,5.0,2,40.77,0.2087
3240,E2C,9,8.3987,9.0,3,28.53,0.1571
3240,W2C,9,8.2932,5.0,2,28.89,0.1499
3241,N2C,14,6.0698,0.0,0,39.47,0.1966
3241,S2C,14,6.8228,0.0,0,35.12,0.1858
3241,E2C,10,8.3998,12.0,3,28.52,0.1651
3241,W2C,10,8.0854,7.0,2,29.63,0.1602
3242,N2C,14,6.458,0.0,0,37.1,0.191
3242,S2C,13,7.3326,0.0,0,32.68,0.1724
3242,E2C,10,7.794,15.0,3,30.74,0.1758
3242,W2C,10,7.2077,9.0,2,33.24,0.1742
3243,N2C,12,7.1483,0.0,0,33.52,0.1691
3243,S2C,12,7.7027,0.0,0,31.11,0.1611
3243,E2C,10,7.3143,18.0,3,32.76,0.1847
3243,W2C,10,7.1283,12.0,3,33.61,0.1834
3244,N2C,13,8.5762,0.0,0,27.94,0.1545
3244,S2C,12,8.7393,0.0,0,27.42,0.1462
3244,E2C,11,7.3724,21.0,3,32.5,0.1918
3244,W2C,11,7.7386,16.0,4,30.96,0.1892
3245,N2C,11,9.0205,0.0,0,26.56,0.1361
3245,S2C,11,9.2585,0.0,0,25.88,0.1327
3245,E2C,11,7.0958,25.0,4,33.77,0.2045
3245,W2C,11,7.4304,20.0,4,32.25,0.1963
3246,N2C,11,9.8861,0.0,0,24.24,0.1237
3246,S2C,9,9.7517,0.0,0,24.57,0.1136
3246,E2C,11,6.8562,30.0,5,34.95,0.2173
3246,W2C,11,6.9452,24.0,4,34.5,0.206
3247,N2C,10,10.9312,0.0,0,21.92,0.1026
3247,S2C,10,10.8231,0.0,0,22.14,0.1042
3247,E2C,12,6.9806,35.0,5,34.32,0.2248
3247,W2C,12,6.8511,28.0,4,34.97,0.216
3248,N2C,10,11.5721,0.0,0,20.7,0.0934
3248,S2C,8,11.3858,0.0,0,21.04,0.0841
3248,E2C,12,6.3348,40.0,5,37.82,0.2375
3248,W2C,12,6.1174,32.0,4,39.17,0.2293
3249,N2C,8,11.9964,0.0,0,19.97,0.0753
3249,S2C,8,12.0308,0.0,0,19.92,0.0748
3249,E2C,12,5.6953,46.0,6,42.07,0.2567
3249,W2C,12,6.0978,37.0,5,39.29,0.2389
3250,N2C,8,12.5831,0.0,0,19.04,0.0668
3250,S2C,7,12.648,0.0,0,18.94,0.0599
3250,E2C,13,5.9914,52.0,6,39.99,0.2624
3250,W2C,13,6.7175,43.0,6,35.67,0.2459
3251,N2C,7,12.6614,0.0,0,18.92,0.0597
3251,S2C,7,12.6335,0.0,0,18.97,0.0601
3251,E2C,13,5.5963,58.0,6,42.81,0.2721
3251,W2C,13,6.6705,49.0,6,35.92,0.2506
3252,N2C,7,12.5523,0.0,0,19.09,0.0613
3252,S2C,6,13.1151,0.0,0,18.27,0.0472
3252,E2C,13,5.1893,64.0,6,46.17,0.2819
3252,W2C,13,6.5864,55.0,6,36.38,0.2558
3253,N2C,6,12.4687,0.0,0,19.22,0.0565
3253,S2C,7,12.8107,0.0,0,18.7,0.0575
3253,E2C,14,5.3309,71.0,7,44.95,0.2966
3253,W2C,14,6.7977,61.0,6,35.25,0.2628
3254,N2C,6,12.4224,0.0,0,19.29,0.0571
3254,S2C,6,12.9439,0.0,0,18.51,0.0496
3254,E2C,14,4.8408,78.0,7,49.5,0.3083
3254,W2C,14,6.4481,67.0,6,37.16,0.2718
3255,N2C,6,12.6106,0.0,0,19.0,0.0544
3255,S2C,6,12.6176,0.0,0,18.99,0.0543
3255,E2C,14,4.6536,86.0,8,51.49,0.3223
3255,W2C,14,5.8415,73.0,6,41.02,0.2846
3256,N2C,7,12.6593,0.0,0,18.93,0.0597
3256,S2C,7,13.0003,0.0,0,18.43,0.0548
3256,E2C,15,5.0735,94.0,8,47.23,0.3276
3256,W2C,15,5.7214,79.0,6,41.88,0.2963
3257,N2C,6,12.6502,0.0,0,18.94,0.0539
3257,S2C,6,12.883,0.0,0,18.6,0.0505
3257,E2C,15,4.7677,102.0,8,50.25,0.3373
3257,W2C,15,4.992,86.0,7,48.0,0.3175
3258,N2C,6,12.3291,0.0,0,19.43,0.0585
3258,S2C,6,12.8256,0.0,0,18.68,0.0513
3258,E2C,15,4.4914,111.0,9,53.35,0.3533
3258,W2C,15,4.6646,93.0,7,51.37,0.3268
3259,N2C,7,12.6184,0.0,0,18.99,0.0603
3259,S2C,7,12.7073,0.0,0,18.86,0.059
3259,E2C,16,4.5871,120.0,9,52.23,0.364
3259,W2C,16,4.7599,102.0,9,50.34,0.3495
3260,N2C,6,12.8272,0.0,0,18.68,0.0513
3260,S2C,7,12.8469,0.0,0,18.65,0.057
3260,E2C,16,4.292,130.0,10,55.82,0.3809
3260,W2C,16,4.4742,111.0,9,53.55,0.3596
3261,N2C,6,12.399,0.0,0,19.32,0.0575
3261,S2C,6,12.9965,0.0,0,18.44,0.0489
3261,E2C,16,4.0936,140.0,10,58.53,0.3904
3261,W2C,16,4.2045,121.0,10,56.99,0.3761
3262,N2C,7,12.6999,0.0,0,18.87,0.0591
3262,S2C,7,12.9007,0.0,0,18.57,0.0562
3262,E2C,17,4.1439,150.0,10,57.82,0.4023
3262,W2C,17,4.3216,131.0,10,55.44,0.3871
3263,N2C,6,12.2914,0.0,0,19.49,0.059
3263,S2C,6,12.6418,0.0,0,18.95,0.054
3263,E2C,17,3.6913,160.0,10,64.91,0.4155
3263,W2C,17,4.1593,142.0,11,57.61,0.4028
3264,N2C,6,12.5877,0.0,0,19.03,0.0548
3264,S2C,6,12.8509,0.0,0,18.64,0.051
3264,E2C,17,3.5093,171.0,11,68.28,0.4315
3264,W2C,17,3.8334,153.0,11,62.5,0.4148
3265,N2C,7,12.1326,0.0,0,19.75,0.0673
3265,S2C,6,12.5518,0.0,0,19.09,0.0553
3265,E2C,18,4.1204,183.0,12,58.15,0.4427
3265,W2C,18,4.053,164.0,11,59.12,0.425
3266,N2C,7,11.5239,0.0,0,20.79,0.0761
3266,S2C,6,12.8306,0.0,0,18.67,0.0513
3266,E2C,18,4.0537,195.0,12,59.11,0.4516
3266,W2C,18,3.791,176.0,12,63.2,0.4427
3267,N2C,7,10.3456,0.0,0,23.16,0.093
3267,S2C,6,12.1216,0.0,0,19.77,0.0615
3267,E2C,18,4.0123,207.0,12,59.72,0.4602
3267,W2C,18,3.5648,189.0,13,67.21,0.4607
3268,N2C,8,10.3295,0.0,0,23.2,0.0993
3268,S2C,6,11.7613,0.0,0,20.37,0.0667
3268,E2C,17,4.6107,155.0,10,51.97,0.3989
3268,W2C,17,4.2544,141.0,11,56.32,0.4007
3269,N2C,8,9.6473,1.0,1,24.84,0.1158
3269,S2C,7,11.619,0.0,0,20.62,0.0747
3269,E2C,17,4.308,110.0,8,55.62,0.3613
3269,W2C,17,4.173,99.0,9,57.42,0.3619
3270,N2C,8,9.4173,2.0,1,25.44,0.1197
3270,S2C,7,10.8152,1.0,1,22.15,0.0929
3270,E2C,17,4.0488,72.0,7,59.18,0.3337
3270,W2C,17,4.321,66.0,8,55.45,0.3318
3271,N2C,8,9.3207,4.0,2,25.71,0.1285
3271,S2C,8,11.0926,2.0,1,21.6,0.0956
3271,E2C,16,4.7781,43.0,5,50.15,0.2859
3271,W2C,16,4.9419,46.0,6,48.48,0.2915
3272,N2C,9,9.4884,6.0,2,25.25,0.1334
3272,S2C,8,10.8134,3.0,1,22.16,0.1003
3272,E2C,16,4.8203,21.0,4,49.71,0.2646
3272,W2C,16,5.1456,26.0,4,46.56,0.2632
3273,N2C,9,9.3816,8.0,2,25.54,0.1362
3273,S2C,8,9.9046,4.0,1,24.19,0.1141
3273,E2C,15,5.4515,6.0,2,43.95,0.2275
3273,W2C,15,5.4027,11.0,2,44.35,0.2315
3274,N2C,10,8.9645,10.0,2,26.73,0.1496
3274,S2C,9,9.5559,5.0,1,25.07,0.1257
3274,E2C,15,6.5337,1.0,1,36.67,0.2026
3274,W2C,15,6.1774,1.0,1,38.79,0.2077
3275,N2C,10,8.2145,12.0,2,29.17,0.1617
3275,S2C,9,8.8689,6.0,1,27.02,0.1363
3275,E2C,14,7.2489,0.0,0,33.05,0.1796
3275,W2C,14,6.4446,0.0,0,37.18,0.1912
3276,N2C,10,7.2749,14.0,2,32.94,0.1766
3276,S2C,9,8.1842,7.0,1,29.28,0.1468
3276,E2C,13,7.6738,0.0,0,31.22,0.1675
3276,W2C,13,6.8674,0.0,0,34.89,0.1791
3277,N2C,11,7.5787,17.0,3,31.62,0.1862
3277,S2C,10,8.2587,9.0,2,29.01,0.1591
3277,E2C,13,8.4205,0.0,0,28.45,0.1568
3277,W2C,13,7.9935,0.0,0,29.97,0.1629
3278,N2C,11,6.9179,20.0,3,34.63,0.1977
3278,S2C,10,7.4161,11.0,2,32.31,0.1725
3278,E2C,12,8.8769,0.0,0,26.99,0.1442
3278,W2C,12,8.9221,0.0,0,26.85,0.1435
3279,N2C,11,6.4805,24.0,4,36.97,0.2127
3279,S2C,10,7.0864,14.0,3,33.81,0.1853
3279,E2C,10,9.0312,0.0,0,26.53,0.13
3279,W2C,11,9.636,0.0,0,24.87,0.1273
3280,N2C,12,6.7641,28.0,4,35.42,0.2173
3280,S2C,11,7.1895,17.0,3,33.33,0.1918
3280,E2C,11,10.0052,0.0,0,23.95,0.1219
3280,W2C,11,10.9241,0.0,0,21.93,0.1087
3281,N2C,12,6.177,33.0,5,38.79,0.2351
3281,S2C,11,6.9474,21.0,4,34.49,0.204
3281,E2C,9,10.4373,0.0,0,22.96,0.1037
3281,W2C,9,11.0767,0.0,0,21.63,0.0945
3282,N2C,12,5.7393,38.0,5,41.75,0.2447
3282,S2C,11,6.7373,25.0,4,35.56,0.2097
3282,E2C,9,11.1508,0.0,0,21.49,0.0934
3282,W2C,9,11.6018,0.0,0,20.65,0.0869
3283,N2C,13,5.9619,43.0,5,40.19,0.2508
3283,S2C,12,7.3915,30.0,5,32.42,0.2156
3283,E2C,8,11.7765,0.0,0,20.35,0.0784
3283,W2C,8,11.8784,0.0,0,20.17,0.077
3284,N2C,13,5.8449,49.0,6,40.99,0.2625
3284,S2C,12,6.9628,35.0,5,34.41,0.2251
3284,E2C,8,12.2229,0.0,0,19.6,0.072
3284,W2C,8,12.4562,0.0,0,19.24,0.0686
3285,N2C,13,5.587,56.0,7,42.89,0.2769
3285,S2C,12,6.2735,40.0,5,38.19,0.2383
3285,E2C,6,12.5459,0.0,0,19.1,0.0554
3285,W2C,6,13.0135,0.0,0,18.41,0.0486
3286,N2C,14,5.8511,63.0,7,40.95,0.2838
3286,S2C,13,6.3967,45.0,5,37.46,0.2459
3286,E2C,7,12.641,0.0,0,18.95,0.06
3286,W2C,7,13.1207,0.0,0,18.26,0.0531
3287,N2C,14,5.4126,70.0,7,44.27,0.2947
3287,S2C,13,5.5986,51.0,6,42.8,0.2674
3287,E2C,7,12.3262,0.0,0,19.44,0.0645
3287,W2C,6,12.7823,0.0,0,18.74,0.052
3288,N2C,14,5.3987,78.0,8,44.38,0.3063
3288,S2C,13,5.3484,58.0,7,44.8,0.2817
3288,E2C,7,12.3897,0.0,0,19.34,0.0636
3288,W2C,6,12.9747,0.0,0,18.47,0.0492
3289,N2C,15,5.7157,86.0,8,41.92,0.313
3289,S2C,14,5.6525,65.0,7,42.39,0.2879
3289,E2C,7,12.5466,0.0,0,19.1,0.0613
3289,W2C,7,13.1527,0.0,0,18.22,0.0526
3290,N2C,15,5.4616,94.0,8,43.87,0.322
3290,S2C,14,5.5737,72.0,7,42.99,0.2937
3290,E2C,7,12.7223,0.0,0,18.83,0.0588
3290,W2C,6,13.1513,0.0,0,18.22,0.0466
3291,N2C,15,4.9524,102.0,8,48.38,0.3347
3291,S2C,14,5.4162,80.0,8,44.24,0.3073
3291,E2C,6,12.8739,0.0,0,18.61,0.0506
3291,W2C,6,13.2222,0.0,0,18.12,0.0456
3292,N2C,16,4.7829,110.0,8,50.09,0.3485
3292,S2C,15,5.7834,88.0,8,41.43,0.3134
3292,E2C,6,13.1028,0.0,0,18.29,0.0473
3292,W2C,6,13.1572,0.0,0,18.21,0.0466
3293,N2C,16,4.3825,119.0,9,54.67,0.3662
3293,S2C,15,5.1807,96.0,8,46.25,0.3274
3293,E2C,6,12.765,0.0,0,18.77,0.0522
3293,W2C,6,12.9668,0.0,0,18.48,0.0493
3294,N2C,16,4.0787,129.0,10,58.74,0.3833
3294,S2C,15,4.6157,104.0,8,51.91,0.3409
3294,E2C,6,12.9786,0.0,0,18.46,0.0491
3294,W2C,6,12.9965,0.0,0,18.44,0.0489
3295,N2C,17,4.1834,139.0,10,57.27,0.3944
3295,S2C,16,4.7604,112.0,8,50.33,0.3501
3295,E2C,6,12.8359,0.0,0,18.67,0.0512
3295,W2C,6,12.9131,0.0,0,18.55,0.0501
3296,N2C,17,3.8704,149.0,10,61.91,0.4056
3296,S2C,16,4.402,122.0,10,54.43,0.3739
3296,E2C,6,13.0762,0.0,0,18.32,0.0477
3296,W2C,6,12.7555,0.0,0,18.78,0.0523
3297,N2C,17,3.4177,160.0,11,70.11,0.4255
3297,S2C,16,4.2187,132.0,10,56.79,0.3833
3297,E2C,6,13.0094,0.0,0,18.42,0.0487
3297,W2C,6,13.0523,0.0,0,18.36,0.0481
3298,N2C,18,3.745,171.0,11,63.98,0.4341
3298,S2C,17,4.2675,142.0,10,56.15,0.3952
3298,E2C,7,12.976,0.0,0,18.46,0.0552
3298,W2C,5,12.8585,0.0,0,18.63,0.0449
3299,N2C,18,3.5424,182.0,11,67.64,0.4443
3299,S2C,17,4.0107,153.0,11,59.74,0.4123
3299,E2C,7,12.8473,0.0,0,18.65,0.057
3299,W2C,5,13.0761,0.0,0,18.32,0.0417
3300,N2C,18,3.4386,194.0,12,69.68,0.4598
3300,S2C,17,3.7166,164.0,11,64.47,0.4238
3300,E2C,7,12.5536,0.0,0,19.09,0.0612
3300,W2C,6,12.6658,0.0,0,18.92,0.0536
3301,N2C,17,4.0703,143.0,11,58.87,0.4047
3301,S2C,16,4.4779,118.0,9,53.51,0.3642
3301,E2C,8,11.8519,0.0,0,20.22,0.0773
3301,W2C,7,12.6236,0.0,0,18.98,0.0602
3302,N2C,17,3.9055,104.0,9,61.35,0.3691
3302,S2C,16,4.3156,81.0,7,55.52,0.3299
3302,E2C,8,10.7893,0.0,0,22.21,0.0926
3302,W2C,7,12.3434,0.0,0,19.41,0.0643
3303,N2C,17,3.9413,70.0,7,60.79,0.3339
3303,S2C,16,4.4578,51.0,6,53.75,0.3018
3303,E2C,8,9.525,0.0,0,25.15,0.1109
3303,W2C,7,11.4008,0.0,0,21.02,0.0778
3304,N2C,16,4.9381,40.0,5,48.52,0.2816
3304,S2C,16,5.3094,27.0,5,45.13,0.2676
3304,E2C,9,9.2785,0.0,0,25.82,0.1204
3304,W2C,8,10.7547,0.0,0,22.28,0.0931
3305,N2C,16,5.3245,21.0,4,45.0,0.2573
3305,S2C,15,5.4617,12.0,3,43.87,0.2374
3305,E2C,9,8.7425,2.0,2,27.41,0.1415
3305,W2C,8,9.9225,1.0,1,24.15,0.1118
3306,N2C,16,5.5063,8.0,2,43.51,0.234
3306,S2C,14,5.682,3.0,1,42.17,0.2102
3306,E2C,9,8.1809,4.0,2,29.29,0.1509
3306,W2C,8,8.9367,3.0,2,26.81,0.1333
3307,N2C,15,6.1606,0.0,0,38.89,0.2013
3307,S2C,14,6.5804,0.0,0,36.41,0.1892
3307,E2C,9,7.7835,7.0,3,30.78,0.1646
3307,W2C,9,8.8093,5.0,2,27.2,0.1425
3308,N2C,15,6.3871,0.0,0,37.51,0.198
3308,S2C,13,6.8769,0.0,0,34.84,0.179
3308,E2C,9,7.0219,10.0,3,34.12,0.1776
3308,W2C,9,8.2911,7.0,2,28.9,0.1513
3309,N2C,13,7.2594,0.0,0,33.01,0.1735
3309,S2C,12,7.3936,0.0,0,32.41,0.1655
3309,E2C,10,6.9173,13.0,3,34.64,0.1871
3309,W2C,9,7.7856,9.0,2,30.77,0.1599
3310,N2C,14,8.2615,0.0,0,29.0,0.165
3310,S2C,12,8.5023,0.0,0,28.18,0.1496
3310,E2C,11,7.1137,17.0,4,33.68,0.1989
3310,W2C,10,8.0382,12.0,3,29.81,0.1703
3311,N2C,12,8.391,0.0,0,28.55,0.1512
3311,S2C,11,9.1952,0.0,0,26.06,0.1336
3311,E2C,11,6.5746,21.0,4,36.44,0.2093
3311,W2C,10,7.581,15.0,3,31.61,0.1788
3312,N2C,12,8.875,0.0,0,27.0,0.1442
3312,S2C,10,9.8648,0.0,0,24.29,0.118
3312,E2C,11,6.1727,25.0,4,38.82,0.2178
3312,W2C,10,7.0109,18.0,3,34.18,0.1891
3313,N2C,11,9.7492,0.0,0,24.58,0.1256
3313,S2C,10,11.1181,0.0,0,21.55,0.0999
3313,E2C,12,6.4322,30.0,5,37.25,0.2294
3313,W2C,11,7.4058,22.0,4,32.35,0.198
3314,N2C,10,10.3203,0.0,0,23.22,0.1114
3314,S2C,9,11.6582,0.0,0,20.55,0.0861
3314,E2C,12,5.848,35.0,5,40.97,0.2411
3314,W2C,11,7.1719,26.0,4,33.41,0.2041
3315,N2C,9,10.8588,0.0,0,22.07,0.0976
3315,S2C,8,12.2863,0.0,0,19.5,0.0711
3315,E2C,12,5.4887,41.0,6,43.65,0.2563
3315,W2C,11,6.779,30.0,4,35.34,0.2124
3316,N2C,10,11.8202,0.0,0,20.27,0.0898
3316,S2C,8,12.6,0.0,0,19.02,0.0666
3316,E2C,13,5.9577,47.0,6,40.22,0.2595
3316,W2C,12,7.3947,34.0,4,32.4,0.2122
3317,N2C,8,11.9191,0.0,0,20.1,0.0764
3317,S2C,7,12.9236,0.0,0,18.54,0.0559
3317,E2C,13,5.3602,53.0,6,44.7,0.2722
3317,W2C,12,7.1098,39.0,5,33.7,0.2256
3318,N2C,7,12.0008,0.0,0,19.97,0.0692
3318,S2C,7,12.5901,0.0,0,19.03,0.0607
3318,E2C,13,5.1301,60.0,7,46.7,0.2861
3318,W2C,12,6.779,44.0,5,35.34,0.2337
3319,N2C,7,12.6535,0.0,0,18.94,0.0598
3319,S2C,7,12.6942,0.0,0,18.87,0.0592
3319,E2C,14,5.2337,67.0,7,45.78,0.2953
3319,W2C,13,6.8377,49.0,5,35.04,0.2422
3320,N2C,7,12.6119,0.0,0,19.0,0.0604
3320,S2C,6,13.4007,0.0,0,17.88,0.043
3320,E2C,14,5.1818,74.0,7,46.24,0.3007
3320,W2C,13,6.2661,54.0,5,38.24,0.2538
3321,N2C,7,12.6822,0.0,0,18.89,0.0594
3321,S2C,6,12.8576,0.0,0,18.63,0.0509
3321,E2C,14,5.2545,82.0,8,45.6,0.311
3321,W2C,13,5.3963,59.0,5,44.4,0.2696
3322,N2C,7,12.4287,0.0,0,19.28,0.063
3322,S2C,6,13.4241,0.0,0,17.85,0.0427
3322,E2C,15,5.6533,90.0,8,42.38,0.3166
3322,W2C,14,5.4855,64.0,5,43.68,0.2777
3323,N2C,7,12.2729,0.0,0,19.52,0.0653
3323,S2C,6,13.2526,0.0,0,18.08,0.0452
3323,E2C,15,5.3513,98.0,8,44.77,0.3263
3323,W2C,14,5.3252,71.0,7,44.99,0.2967
3324,N2C,7,12.5754,0.0,0,19.05,0.0609
3324,S2C,6,13.1025,0.0,0,18.29,0.0473
3324,E2C,15,5.1714,106.0,8,46.33,0.3342
3324,W2C,14,5.2864,79.0,8,45.32,0.3085
3325,N2C,6,13.014,0.0,0,18.41,0.0486
3325,S2C,6,13.1469,0.0,0,18.22,0.0467
3325,E2C,16,5.2489,114.0,8,45.65,0.3444
3325,W2C,15,5.7075,87.0,8,41.98,0.3138
3326,N2C,6,12.9766,0.0,0,18.46,0.0492
3326,S2C,6,13.0781,0.0,0,18.32,0.0477
3326,E2C,16,4.7381,123.0,9,50.57,0.3638
3326,W2C,15,5.2323,95.0,8,45.79,0.326
3327,N2C,6,13.1058,0.0,0,18.28,0.0473
3327,S2C,6,13.115,0.0,0,18.27,0.0472
3327,E2C,16,4.4084,132.0,9,54.35,0.3745
3327,W2C,15,4.5907,103.0,8,52.19,0.3406
3328,N2C,6,13.036,0.0,0,18.38,0.0483
3328,S2C,5,13.0572,0.0,0,18.35,0.042
3328,E2C,17,4.6319,141.0,9,51.73,0.3833
3328,W2C,16,4.7009,111.0,8,50.97,0.3503
3329,N2C,6,12.8603,0.0,0,18.63,0.0508
3329,S2C,6,12.9825,0.0,0,18.46,0.0491
3329,E2C,17,4.11,150.0,9,58.3,0.3968
3329,W2C,16,4.4147,120.0,9,54.27,0.3664
3330,N2C,6,12.8813,0.0,0,18.6,0.0505
3330,S2C,6,13.2542,0.0,0,18.08,0.0452
3330,E2C,17,3.6732,160.0,10,65.23,0.4158
3330,W2C,16,3.966,130.0,10,60.41,0.3856
3331,N2C,7,12.2591,0.0,0,19.54,0.0655
3331,S2C,7,12.4071,0.0,0,19.31,0.0634
3331,E2C,18,3.7367,171.0,11,64.12,0.4342
3331,W2C,17,4.378,140.0,10,54.73,0.3923
3332,N2C,7,11.8244,0.0,0,20.26,0.0717
3332,S2C,7,12.1185,0.0,0,19.77,0.0675
3332,E2C,18,3.5145,182.0,11,68.17,0.4447
3332,W2C,17,4.0309,151.0,11,59.44,0.4106
3333,N2C,7,11.2231,0.0,0,21.35,0.0804
3333,S2C,7,11.2828,1.0,1,21.24,0.0862
3333,E2C,18,3.4777,194.0,12,68.9,0.4593
3333,W2C,17,3.7351,162.0,11,64.15,0.4222
3334,N2C,8,11.5904,1.0,1,20.67,0.0878
3334,S2C,8,11.1616,2.0,1,21.47,0.0946
3334,E2C,17,4.4384,147.0,11,53.98,0.4021
3334,W2C,16,4.5694,114.0,9,52.44,0.3602
3335,N2C,8,10.962,2.0,1,21.86,0.0975
3335,S2C,8,10.5372,3.0,1,22.74,0.1043
3335,E2C,17,4.6494,103.0,9,51.53,0.3577
3335,W2C,16,4.3912,75.0,8,54.56,0.3308
3336,N2C,8,10.4063,3.0,1,23.02,0.1062
3336,S2C,8,9.5641,4.0,1,25.05,0.119
3336,E2C,17,4.6406,66.0,7,51.63,0.3212
3336,W2C,16,4.5027,49.0,6,53.21,0.2998
3337,N2C,9,9.8014,4.0,1,24.45,0.1215
3337,S2C,9,9.2989,5.0,1,25.77,0.1294
3337,E2C,16,5.1298,36.0,5,46.71,0.2761
3337,W2C,15,5.5311,27.0,5,43.32,0.2584
3338,N2C,9,8.9306,5.0,1,26.83,0.1347
3338,S2C,9,8.6768,6.0,1,27.61,0.1391
3338,E2C,16,5.3091,20.0,3,45.13,0.2509
3338,W2C,15,5.6614,13.0,3,42.32,0.2351
3339,N2C,9,8.459,7.0,2,28.32,0.1489
3339,S2C,9,8.2648,9.0,3,28.99,0.159
3339,E2C,15,5.3282,6.0,1,44.97,0.2233
3339,W2C,15,6.1938,3.0,1,38.68,0.2088
3340,N2C,10,8.3046,10.0,3,28.85,0.1651
3340,S2C,10,8.4246,12.0,3,28.44,0.1647
3340,E2C,15,6.4665,1.0,1,37.05,0.2036
3340,W2C,14,6.9492,0.0,0,34.48,0.1839
3341,N2C,10,7.6071,13.0,3,31.5,0.1771
3341,S2C,10,7.7743,15.0,3,30.82,0.1761
3341,E2C,14,6.7055,0.0,0,35.73,0.1874
3341,W2C,14,7.2855,0.0,0,32.89,0.1791
3342,N2C,10,7.358,16.0,3,32.56,0.1827
3342,S2C,10,7.1908,18.0,3,33.32,0.1865
3342,E2C,13,6.9168,0.0,0,34.64,0.1784
3342,W2C,12,7.779,0.0,0,30.8,0.16
3343,N2C,11,7.3872,19.0,3,32.43,0.1903
3343,S2C,11,7.3481,22.0,4,32.61,0.1989
3343,E2C,13,7.9695,0.0,0,30.06,0.1632
3343,W2C,13,8.7805,0.0,0,27.29,0.1516
3344,N2C,11,6.7326,23.0,4,35.59,0.2084
3344,S2C,11,7.0596,27.0,5,33.94,0.2124
3344,E2C,12,8.8657,0.0,0,27.03,0.1443
3344,W2C,11,9.3404,0.0,0,25.65,0.1315
3345,N2C,11,6.3931,27.0,4,37.48,0.2159
3345,S2C,11,6.8251,32.0,5,35.11,0.2191
3345,E2C,11,9.5729,0.0,0,25.03,0.1282
3345,W2C,10,9.8093,0.0,0,24.43,0.1188
3346,N2C,12,6.5399,31.0,4,36.64,0.2225
3346,S2C,12,7.0864,37.0,5,33.81,0.2246
3346,E2C,11,10.659,0.0,0,22.48,0.1125
3346,W2C,10,10.8066,0.0,0,22.17,0.1044
3347,N2C,12,5.9794,36.0,5,40.07,0.2399
3347,S2C,12,6.4172,42.0,5,37.34,0.2376
3347,E2C,10,11.1092,0.0,0,21.57,0.1
3347,W2C,9,11.2086,0.0,0,21.38,0.0926
3348,N2C,12,5.6339,42.0,6,42.53,0.2549
3348,S2C,12,5.8358,47.0,5,41.06,0.2493
3348,E2C,9,11.6666,0.0,0,20.54,0.086
3348,W2C,8,11.831,0.0,0,20.25,0.0776
3349,N2C,13,5.8643,48.0,6,40.86,0.2616
3349,S2C,13,5.983,53.0,6,40.05,0.2632
3349,E2C,9,12.2565,0.0,0,19.55,0.0775
3349,W2C,8,12.5887,0.0,0,19.03,0.0667
3350,N2C,13,5.2783,55.0,7,45.39,0.2807
3350,S2C,13,5.8396,59.0,6,41.03,0.2692
3350,E2C,8,12.3379,0.0,0,19.42,0.0703
3350,W2C,7,12.7735,0.0,0,18.76,0.0581
3351,N2C,13,5.2723,62.0,7,45.44,0.2854
3351,S2C,13,5.6394,66.0,7,42.49,0.2828
3351,E2C,7,12.6263,0.0,0,18.98,0.0602
3351,W2C,6,13.2961,0.0,0,18.02,0.0446
3352,N2C,14,5.3415,69.0,7,44.86,0.2951
3352,S2C,14,5.7922,73.0,7,41.37,0.2913
3352,E2C,7,12.5924,0.0,0,19.03,0.0607
3352,W2C,6,12.9959,0.0,0,18.44,0.0489
3353,N2C,14,4.9605,76.0,7,48.3,0.3052
3353,S2C,14,5.273,80.0,7,45.44,0.3034
3353,E2C,6,12.9431,0.0,0,18.51,0.0496
3353,W2C,6,12.7441,0.0,0,18.8,0.0525
3354,N2C,14,4.6044,84.0,8,52.04,0.3217
3354,S2C,14,4.8379,88.0,8,49.53,0.321
3354,E2C,6,13.0491,0.0,0,18.36,0.0481
3354,W2C,6,12.896,0.0,0,18.58,0.0503
3355,N2C,15,4.9924,92.0,8,47.99,0.3274
3355,S2C,15,5.0684,96.0,8,47.27,0.329
3355,E2C,7,12.9961,0.0,0,18.44,0.0549
3355,W2C,7,12.8498,0.0,0,18.65,0.057
3356,N2C,15,4.9642,100.0,8,48.27,0.3332
3356,S2C,15,4.7421,105.0,9,50.53,0.3457
3356,E2C,6,13.2947,0.0,0,18.02,0.0446
3356,W2C,6,12.3712,0.0,0,19.37,0.0579
3357,N2C,15,4.9835,108.0,8,48.08,0.3382
3357,S2C,15,4.4434,114.0,9,53.92,0.356
3357,E2C,6,13.2269,0.0,0,18.11,0.0455
3357,W2C,6,12.6764,0.0,0,18.9,0.0535
3358,N2C,16,5.2178,117.0,9,45.92,0.3529
3358,S2C,16,4.6924,124.0,10,51.06,0.3711
3358,E2C,6,13.1556,0.0,0,18.21,0.0466
3358,W2C,6,12.2513,0.0,0,19.56,0.0596
3359,N2C,16,4.6342,126.0,9,51.7,0.3673
3359,S2C,16,4.4722,134.0,10,53.57,0.3809
3359,E2C,6,13.0949,0.0,0,18.3,0.0474
3359,W2C,6,12.5958,0.0,0,19.02,0.0546
3360,N2C,16,4.1307,135.0,9,58.01,0.3805
3360,S2C,16,4.2593,144.0,10,56.25,0.3907
3360,E2C,6,13.1472,0.0,0,18.22,0.0467
3360,W2C,6,12.3862,0.0,0,19.34,0.0577
3361,N2C,17,4.5823,145.0,10,52.29,0.3927
3361,S2C,17,4.4798,154.0,10,53.48,0.4002
3361,E2C,6,13.005,0.0,0,18.42,0.0487
3361,W2C,6,12.5002,0.0,0,19.17,0.056
3362,N2C,17,4.2645,155.0,10,56.19,0.4039
3362,S2C,17,4.0069,165.0,11,59.8,0.4203
3362,E2C,6,12.9267,0.0,0,18.54,0.0499
3362,W2C,6,12.1271,0.0,0,19.76,0.0614
3363,N2C,17,3.8946,165.0,10,61.52,0.4159
3363,S2C,17,3.6702,176.0,11,65.28,0.4325
3363,E2C,6,12.9103,0.0,0,18.56,0.0501
3363,W2C,6,12.3023,0.0,0,19.48,0.0589
3364,N2C,18,4.4879,176.0,11,53.39,0.4267
3364,S2C,18,4.0328,187.0,11,59.41,0.4406
3364,E2C,6,12.3615,0.0,0,19.38,0.058
3364,W2C,6,11.961,0.0,0,20.03,0.0638
3365,N2C,18,4.2533,188.0,12,56.33,0.4441
3365,S2C,18,3.7381,198.0,11,64.1,0.4522
3365,E2C,6,12.3764,0.0,0,19.36,0.0578
3365,W2C,6,12.1037,0.0,0,19.8,0.0617
3366,N2C,18,3.852,200.0,12,62.2,0.4579
3366,S2C,18,3.3083,210.0,12,72.42,0.4724
3366,E2C,6,11.9622,0.0,0,20.03,0.0638
3366,W2C,6,11.4639,0.0,0,20.9,0.0709
3367,N2C,17,4.4766,149.0,10,53.52,0.3969
3367,S2C,17,4.1003,159.0,11,58.43,0.415
3367,E2C,6,11.485,0.0,0,20.86,0.0706
3367,W2C,7,11.3007,0.0,0,21.2,0.0793
3368,N2C,17,4.2689,105.0,8,56.13,0.3585
3368,S2C,17,3.9691,114.0,9,60.37,0.3749
3368,E2C,7,10.9642,0.0,0,21.85,0.0841
3368,W2C,7,10.7528,0.0,0,22.28,0.0872
3369,N2C,17,4.147,68.0,6,57.78,0.3236
3369,S2C,17,3.9561,76.0,7,60.56,0.3377
3369,E2C,7,10.7216,0.0,0,22.35,0.0876
3369,W2C,7,10.3621,0.0,0,23.12,0.0928
3370,N2C,16,4.9828,38.0,6,48.09,0.2856
3370,S2C,18,4.5757,46.0,5,52.36,0.3028
3370,E2C,8,10.6111,0.0,0,22.58,0.0952
3370,W2C,8,10.7331,0.0,0,22.32,0.0935
3371,N2C,16,5.0346,19.0,4,47.59,0.2602
3371,S2C,16,4.8073,22.0,4,49.84,0.2654
3371,E2C,8,9.8589,1.0,1,24.3,0.1127
3371,W2C,8,10.6692,1.0,1,22.46,0.101
3372,N2C,16,5.2549,6.0,2,45.6,0.2363
3372,S2C,16,5.1869,8.0,2,46.19,0.2386
3372,E2C,8,9.0047,2.0,1,26.61,0.1257
3372,W2C,8,10.5632,2.0,1,22.68,0.1032
3373,N2C,15,6.0715,1.0,1,39.46,0.2092
3373,S2C,15,5.9331,1.0,1,40.38,0.2112
3373,E2C,8,8.2609,3.0,1,29.0,0.1371
3373,W2C,9,10.8005,3.0,1,22.18,0.1065
3374,N2C,15,6.6004,0.0,0,36.3,0.195
3374,S2C,15,6.1508,0.0,0,38.95,0.2014
3374,E2C,9,8.4634,4.0,1,28.31,0.1408
3374,W2C,9,10.29,4.0,1,23.28,0.1145
3375,N2C,13,6.9925,0.0,0,34.27,0.1773
3375,S2C,13,6.6655,0.0,0,35.95,0.182
3375,E2C,9,7.7922,6.0,2,30.75,0.1578
3375,W2C,9,9.2283,5.0,1,25.96,0.1305
3376,N2C,14,7.8921,0.0,0,30.36,0.1704
3376,S2C,14,7.5084,0.0,0,31.91,0.1759
3376,E2C,10,7.4633,8.0,2,32.1,0.1699
3376,W2C,10,9.1479,7.0,2,26.19,0.1449
3377,N2C,12,8.6066,0.0,0,27.84,0.1481
3377,S2C,12,8.0154,0.0,0,29.89,0.1566
3377,E2C,10,6.953,11.0,3,34.46,0.1852
3377,W2C,10,8.4253,9.0,2,28.44,0.1567
3378,N2C,12,9.069,0.0,0,26.42,0.1414
3378,S2C,12,8.5053,0.0,0,28.17,0.1495
3378,E2C,10,6.8817,15.0,4,34.82,0.1949
3378,W2C,10,7.9791,11.0,2,30.03,0.1644
3379,N2C,11,10.2651,0.0,0,23.34,0.1182
3379,S2C,11,9.3972,0.0,0,25.5,0.1307
3379,E2C,11,6.9893,19.0,4,34.28,0.202
3379,W2C,11,8.0242,14.0,3,29.86,0.1778
3380,N2C,10,10.6682,0.0,0,22.46,0.1064
3380,S2C,11,9.7629,0.0,0,24.54,0.1254
3380,E2C,11,6.4174,23.0,4,37.34,0.2129
3380,W2C,11,7.0568,17.0,3,33.95,0.1937
3381,N2C,9,11.3745,0.0,0,21.06,0.0902
3381,S2C,9,10.3909,0.0,0,23.06,0.1044
3381,E2C,11,6.2737,27.0,4,38.19,0.2177
3381,W2C,11,6.6074,21.0,4,36.26,0.2089
3382,N2C,9,11.8617,0.0,0,20.2,0.0832
3382,S2C,10,11.1675,0.0,0,21.46,0.0992
3382,E2C,12,6.7681,31.0,4,35.4,0.2192
3382,W2C,12,6.6227,25.0,4,36.18,0.2173
3383,N2C,8,12.3415,0.0,0,19.41,0.0703
3383,S2C,8,11.4485,0.0,0,20.93,0.0832
3383,E2C,12,6.6086,36.0,5,36.26,0.2308
3383,W2C,12,6.4217,31.0,6,37.31,0.2362
3384,N2C,7,12.7852,0.0,0,18.74,0.0579
3384,S2C,8,11.8573,0.0,0,20.21,0.0773
3384,E2C,12,6.843,41.0,5,35.01,0.2308
3384,W2C,12,5.9741,37.0,6,40.11,0.2466
3385,N2C,7,13.0174,0.0,0,18.41,0.0546
3385,S2C,7,12.1201,0.0,0,19.77,0.0675
3385,E2C,13,6.9171,46.0,5,34.64,0.2391
3385,W2C,13,6.0568,43.0,6,39.56,0.2555
3386,N2C,6,13.168,0.0,0,18.2,0.0464
3386,S2C,7,12.5267,0.0,0,19.13,0.0616
3386,E2C,13,6.5214,51.0,5,36.74,0.2481
3386,W2C,13,5.9193,49.0,6,40.48,0.2614
3387,N2C,6,13.0064,0.0,0,18.42,0.0487
3387,S2C,6,12.2244,0.0,0,19.6,0.06
3387,E2C,13,5.6887,56.0,5,42.12,0.2634
3387,W2C,13,5.594,55.0,6,42.83,0.2701
3388,N2C,6,13.3417,0.0,0,17.96,0.0439
3388,S2C,7,12.1552,0.0,0,19.71,0.067
3388,E2C,14,5.5972,61.0,5,42.81,0.2741
3388,W2C,14,5.3507,61.0,6,44.78,0.2836
3389,N2C,6,13.2984,0.0,0,18.02,0.0445
3389,S2C,6,12.4209,0.0,0,19.29,0.0572
3389,E2C,14,5.1982,67.0,6,46.09,0.2898
3389,W2C,14,4.7636,68.0,7,50.3,0.3027
3390,N2C,6,13.3424,0.0,0,17.96,0.0439
3390,S2C,6,12.213,0.0,0,19.62,0.0601
3390,E2C,14,4.8151,74.0,7,49.76,0.306
3390,W2C,14,4.5174,75.0,7,53.04,0.311
3391,N2C,6,13.0559,0.0,0,18.35,0.048
3391,S2C,7,12.6708,0.0,0,18.91,0.0596
3391,E2C,15,5.0354,82.0,8,47.58,0.3202
3391,W2C,15,4.814,83.0,8,49.77,0.324
3392,N2C,6,13.4192,0.0,0,17.85,0.0428
3392,S2C,7,12.1832,0.0,0,19.67,0.0666
3392,E2C,15,4.8769,90.0,8,49.13,0.3278
3392,W2C,15,4.4988,92.0,9,53.26,0.3406
3393,N2C,6,13.2644,0.0,0,18.06,0.045
3393,S2C,7,12.4188,0.0,0,19.29,0.0632
3393,E2C,15,4.67,98.0,8,51.31,0.3361
3393,W2C,15,4.1765,101.0,9,57.37,0.3512
3394,N2C,6,13.3638,0.0,0,17.93,0.0436
3394,S2C,7,12.4326,0.0,0,19.27,0.063
3394,E2C,16,5.2146,107.0,9,45.95,0.3462
3394,W2C,16,4.6296,110.0,9,51.75,0.3567
3395,N2C,6,13.1607,0.0,0,18.21,0.0465
3395,S2C,6,13.0996,0.0,0,18.29,0.0474
3395,E2C,16,5.2966,116.0,9,45.24,0.3511
3395,W2C,16,4.3768,119.0,9,54.74,0.3663
3396,N2C,6,13.2798,0.0,0,18.04,0.0448
3396,S2C,6,12.7141,0.0,0,18.85,0.0529
3396,E2C,16,4.9885,125.0,9,48.03,0.3615
3396,W2C,16,4.2086,129.0,10,56.93,0.3814
3397,N2C,5,13.2086,0.0,0,18.14,0.0398
3397,S2C,7,12.7862,0.0,0,18.74,0.0579
3397,E2C,17,5.1178,134.0,9,46.82,0.3716
3397,W2C,17,4.4245,139.0,10,54.15,0.391
3398,N2C,6,13.461,0.0,0,17.8,0.0422
3398,S2C,7,12.1015,0.0,0,19.8,0.0678
3398,E2C,17,4.3657,143.0,9,54.88,0.3885
3398,W2C,17,4.4577,149.0,10,53.75,0.3971
3399,N2C,6,12.6494,0.0,0,18.94,0.0539
3399,S2C,7,11.561,0.0,0,20.72,0.0755
3399,E2C,17,4.0076,153.0,10,59.79,0.4063
3399,W2C,17,4.1146,159.0,10,58.23,0.4088
3400,N2C,7,12.0241,0.0,0,19.93,0.0689
3400,S2C,8,11.7015,0.0,0,20.48,0.0795
3400,E2C,16,4.7061,107.0,8,50.91,0.3476
3400,W2C,16,4.8958,118.0,9,48.94,0.3582
3401,N2C,7,11.4203,0.0,0,20.98,0.0776
3401,S2C,8,10.9728,1.0,1,21.84,0.0967
3401,E2C,16,4.638,68.0,8,51.66,0.3226
3401,W2C,16,4.5501,80.0,7,52.66,0.3258
3402,N2C,7,10.9554,0.0,0,21.87,0.0843
3402,S2C,8,10.2806,2.0,1,23.31,0.1073
3402,E2C,16,5.0933,40.0,5,47.04,0.2793
3402,W2C,16,4.8542,47.0,5,49.36,0.2874
3403,N2C,8,10.6849,0.0,0,22.42,0.0942
3403,S2C,9,9.9794,3.0,1,24.01,0.1183
3403,E2C,15,5.7979,18.0,3,41.33,0.2365
3403,W2C,15,5.7392,25.0,4,41.75,0.248
3404,N2C,8,10.0624,1.0,1,23.81,0.1098
3404,S2C,9,9.3031,4.0,1,25.75,0.1287
3404,E2C,15,5.9008,6.0,1,40.6,0.215
3404,W2C,15,6.1367,8.0,3,39.04,0.225
3405,N2C,8,9.127,2.0,1,26.25,0.1239
3405,S2C,9,8.4038,5.0,1,28.51,0.1423
3405,E2C,13,6.3421,0.0,0,37.78,0.1867
3405,W2C,13,6.5355,3.0,1,36.66,0.1919
3406,N2C,9,9.1863,3.0,1,26.08,0.1297
3406,S2C,10,8.716,8.0,3,27.49,0.1578
3406,E2C,14,7.1945,0.0,0,33.3,0.1804
3406,W2C,14,6.9696,0.0,0,34.38,0.1836
3407,N2C,9,8.7975,5.0,2,27.24,0.1427
3407,S2C,10,7.8955,11.0,3,30.35,0.1716
3407,E2C,13,7.5026,0.0,0,31.94,0.17
3407,W2C,12,7.4294,0.0,0,32.25,0.165
3408,N2C,9,8.7177,8.0,3,27.48,0.1518
3408,S2C,10,7.2978,14.0,3,32.83,0.1823
3408,E2C,12,7.7756,0.0,0,30.81,0.16
3408,W2C,12,8.0168,0.0,0,29.89,0.1566
3409,N2C,10,9.2911,11.0,3,25.79,0.1516
3409,S2C,11,7.4765,17.0,3,32.05,0.1877
3409,E2C,13,8.9459,0.0,0,26.78,0.1492
3409,W2C,11,9.1041,0.0,0,26.32,0.1349
3410,N2C,10,8.5215,14.0,3,28.12,0.1646
3410,S2C,11,7.228,21.0,4,33.15,0.1999
3410,E2C,11,9.6333,0.0,0,24.87,0.1273
3410,W2C,11,9.4968,0.0,0,25.23,0.1293
3411,N2C,10,7.8504,17.0,3,30.52,0.1763
3411,S2C,11,7.1323,26.0,5,33.59,0.2106
3411,E2C,10,10.0841,0.0,0,23.76,0.1148
3411,W2C,9,10.142,0.0,0,23.62,0.108
3412,N2C,11,7.6729,20.0,3,31.23,0.1869
3412,S2C,12,7.1184,31.0,5,33.66,0.2202
3412,E2C,10,11.1357,0.0,0,21.52,0.0997
3412,W2C,10,11.0326,0.0,0,21.72,0.1011
3413,N2C,11,7.2374,23.0,3,33.11,0.1951
3413,S2C,12,6.2586,36.0,5,38.28,0.2359
3413,E2C,8,11.628,0.0,0,20.61,0.0806
3413,W2C,8,11.5096,0.0,0,20.82,0.0823
3414,N2C,11,7.1524,26.0,3,33.5,0.1983
3414,S2C,12,5.8933,41.0,5,40.66,0.2445
3414,E2C,8,12.0737,0.0,0,19.84,0.0742
3414,W2C,8,12.0237,0.0,0,19.93,0.0749
3415,N2C,12,7.3314,30.0,4,32.68,0.2104
3415,S2C,13,5.8991,47.0,6,40.62,0.2604
3415,E2C,7,13.1427,0.0,0,18.23,0.0528
3415,W2C,7,12.7413,0.0,0,18.81,0.0585
3416,N2C,12,6.5244,35.0,5,36.72,0.2314
3416,S2C,13,5.5414,54.0,7,43.24,0.2762
3416,E2C,7,12.9097,0.0,0,18.56,0.0561
3416,W2C,7,12.6562,0.0,0,18.93,0.0598
3417,N2C,12,5.8339,40.0,5,41.07,0.2447
3417,S2C,13,5.2588,61.0,7,45.56,0.2849
3417,E2C,6,12.9316,0.0,0,18.53,0.0498
3417,W2C,6,12.4188,0.0,0,19.29,0.0572
3418,N2C,13,6.2248,46.0,6,38.49,0.255
3418,S2C,14,5.5935,68.0,7,42.84,0.2908
3418,E2C,6,13.0888,0.0,0,18.31,0.0475
3418,W2C,7,12.8574,0.0,0,18.64,0.0569
3419,N2C,13,5.6952,53.0,7,42.07,0.2733
3419,S2C,14,5.2046,76.0,8,46.04,0.3077
3419,E2C,6,12.8215,0.0,0,18.69,0.0514
3419,W2C,7,12.5076,0.0,0,19.16,0.0619
3420,N2C,13,5.3447,60.0,7,44.83,0.283
3420,S2C,14,4.887,84.0,8,49.03,0.3176
3420,E2C,6,12.8034,0.0,0,18.71,0.0516
3420,W2C,6,12.557,0.0,0,19.08,0.0552
3421,N2C,14,5.7918,67.0,7,41.37,0.2873
3421,S2C,15,5.0649,92.0,8,47.31,0.3264
3421,E2C,7,13.0488,0.0,0,18.36,0.0541
3421,W2C,7,12.7841,0.0,0,18.74,0.0579
3422,N2C,14,5.363,74.0,7,44.68,0.2981
3422,S2C,15,4.8048,100.0,8,49.87,0.3355
3422,E2C,6,12.9436,0.0,0,18.51,0.0496
3422,W2C,6,12.6989,0.0,0,18.87,0.0532
3423,N2C,14,5.061,81.0,7,47.34,0.3071
3423,S2C,15,4.3487,109.0,9,55.1,0.354
3423,E2C,6,12.8768,0.0,0,18.61,0.0506
3423,W2C,6,12.7552,0.0,0,18.78,0.0523
3424,N2C,15,5.1807,89.0,8,46.25,0.3227
3424,S2C,16,4.5471,118.0,9,52.69,0.3632
3424,E2C,6,12.5649,0.0,0,19.07,0.0551
3424,W2C,6,12.8555,0.0,0,18.64,0.0509
3425,N2C,15,4.8424,97.0,8,49.48,0.3329
3425,S2C,16,4.3072,128.0,10,55.63,0.3793
3425,E2C,6,12.3545,0.0,0,19.39,0.0581
3425,W2C,6,12.3833,0.0,0,19.35,0.0577
3426,N2C,15,4.4365,106.0,9,54.01,0.3508
3426,S2C,16,4.1887,138.0,10,57.2,0.3877
3426,E2C,6,12.3957,0.0,0,19.33,0.0575
3426,W2C,6,12.5702,0.0,0,19.06,0.055
3427,N2C,16,4.7727,115.0,9,50.2,0.3579
3427,S2C,17,4.5676,148.0,10,52.46,0.3949
3427,E2C,6,12.3826,0.0,0,19.35,0.0577
3427,W2C,7,12.6075,0.0,0,19.0,0.0605
3428,N2C,16,4.4419,124.0,9,53.94,0.3687
3428,S2C,17,4.3925,159.0,11,54.55,0.4108
3428,E2C,6,12.1773,0.0,0,19.68,0.0607
3428,W2C,7,12.5026,0.0,0,19.16,0.062
3429,N2C,16,4.1349,134.0,10,57.95,0.3858
3429,S2C,17,4.1564,170.0,11,57.65,0.4215
3429,E2C,6,12.2374,0.0,0,19.58,0.0598
3429,W2C,7,12.7017,0.0,0,18.86,0.0591
3430,N2C,17,4.411,145.0,11,54.32,0.4012
3430,S2C,18,4.248,181.0,11,56.4,0.4335
3430,E2C,6,12.3853,0.0,0,19.35,0.0577
3430,W2C,7,12.6753,0.0,0,18.9,0.0595
3431,N2C,17,4.253,156.0,11,56.34,0.4108
3431,S2C,18,3.8665,192.0,11,61.97,0.4463
3431,E2C,6,12.1257,0.0,0,19.76,0.0614
3431,W2C,7,11.7672,0.0,0,20.36,0.0726
3432,N2C,17,3.8313,167.0,11,62.54,0.4242
3432,S2C,18,3.4448,203.0,11,69.55,0.4597
3432,E2C,6,12.127,0.0,0,19.76,0.0614
3432,W2C,7,11.0427,0.0,0,21.7,0.083
3433,N2C,16,4.5249,122.0,10,52.95,0.3722
3433,S2C,17,4.1132,154.0,10,58.25,0.4054
3433,E2C,7,11.5338,0.0,0,20.77,0.0759
3433,W2C,8,10.8482,1.0,1,22.09,0.0985
3434,N2C,16,4.3287,86.0,8,55.35,0.339
3434,S2C,17,4.063,112.0,9,58.97,0.3722
3434,E2C,7,11.1853,0.0,0,21.42,0.0809
3434,W2C,8,10.1295,2.0,1,23.65,0.1095
3435,N2C,16,4.4604,55.0,6,53.72,0.3044
3435,S2C,17,4.0375,74.0,7,59.34,0.3352
3435,E2C,7,10.4395,1.0,1,22.95,0.0983
3435,W2C,8,9.779,3.0,1,24.5,0.1152
3436,N2C,15,5.3641,30.0,4,44.67,0.2568
3436,S2C,17,4.6846,43.0,6,51.15,0.2992
3436,E2C,8,10.6463,2.0,1,22.51,0.102
3436,W2C,8,9.34,5.0,2,25.65,0.1288
3437,N2C,15,5.4766,14.0,3,43.75,0.2385
3437,S2C,16,4.8402,21.0,4,49.5,0.2643
3437,E2C,8,10.1508,3.0,1,23.6,0.1098
3437,W2C,9,9.0946,7.0,2,26.35,0.1397
3438,N2C,14,5.6462,2.0,1,42.44,0.21
3438,S2C,16,5.2199,9.0,2,45.9,0.2388
3438,E2C,8,9.3343,4.0,1,25.67,0.1223
3438,W2C,9,8.2907,9.0,2,28.9,0.1526
3439,N2C,14,6.5674,0.0,0,36.48,0.1894
3439,S2C,15,5.9364,1.0,1,40.36,0.2112
3439,E2C,9,9.145,6.0,2,26.2,0.1383
3439,W2C,10,8.4873,11.0,2,28.23,0.1571
3440,N2C,13,6.8831,0.0,0,34.81,0.1789
3440,S2C,15,6.3918,2.0,1,37.49,0.2053
3440,E2C,9,8.7619,8.0,2,27.35,0.1452
3440,W2C,10,8.0634,14.0,3,29.71,0.1712
3441,N2C,12,7.5915,0.0,0,31.56,0.1627
3441,S2C,13,6.9857,0.0,0,34.3,0.1774
3441,E2C,9,8.4693,10.0,2,28.29,0.1507
3441,W2C,10,7.5612,17.0,3,31.69,0.1805
3442,N2C,12,8.7379,0.0,0,27.42,0.1462
3442,S2C,14,8.2097,0.0,0,29.18,0.1658
3442,E2C,10,8.6779,12.0,2,27.61,0.155
3442,W2C,10,7.2512,20.0,3,33.04,0.1869
3443,N2C,11,9.2698,0.0,0,25.85,0.1325
3443,S2C,12,8.7654,0.0,0,27.33,0.1458
3443,E2C,10,8.543,15.0,3,28.05,0.165
3443,W2C,11,7.1886,24.0,4,33.33,0.2025
3444,N2C,10,9.583,0.0,0,25.0,0.122
3444,S2C,12,9.488,0.0,0,25.25,0.1354
3444,E2C,10,8.166,18.0,3,29.34,0.1724
3444,W2C,11,6.6761,28.0,4,35.89,0.2125
3445,N2C,10,10.6615,0.0,0,22.47,0.1065
3445,S2C,11,10.1463,0.0,0,23.61,0.1199
3445,E2C,11,8.4463,21.0,3,28.37,0.1764
3445,W2C,12,6.8994,32.0,4,34.73,0.218
3446,N2C,9,11.2878,0.0,0,21.23,0.0915
3446,S2C,11,10.8868,0.0,0,22.01,0.1092
3446,E2C,11,8.0228,24.0,3,29.86,0.1845
3446,W2C,12,6.1181,37.0,5,39.16,0.2386
3447,N2C,8,12.0524,0.0,0,19.88,0.0745
3447,S2C,9,11.2225,0.0,0,21.35,0.0924
3447,E2C,11,7.4365,27.0,3,32.22,0.1949
3447,W2C,12,5.6064,43.0,6,42.74,0.2559
3448,N2C,8,12.6336,0.0,0,18.97,0.0661
3448,S2C,9,12.123,0.0,0,19.76,0.0794
3448,E2C,12,7.2949,30.0,3,32.84,0.205
3448,W2C,13,6.039,49.0,6,39.68,0.2597
3449,N2C,7,13.0072,0.0,0,18.42,0.0547
3449,S2C,8,12.8626,0.0,0,18.63,0.0628
3449,E2C,12,6.3466,34.0,4,37.75,0.2273
3449,W2C,13,5.6771,55.0,6,42.2,0.2689
3450,N2C,6,13.0017,0.0,0,18.43,0.0488
3450,S2C,7,12.876,0.0,0,18.61,0.0566
3450,E2C,12,5.8462,38.0,4,40.98,0.2372
3450,W2C,13,5.3789,61.0,6,44.54,0.2772
3451,N2C,7,12.6932,0.0,0,18.88,0.0592
3451,S2C,7,13.3721,0.0,0,17.92,0.0495
3451,E2C,13,6.1141,43.0,5,39.19,0.2486
3451,W2C,14,5.7001,68.0,7,42.03,0.2893
3452,N2C,6,12.7202,0.0,0,18.84,0.0528
3452,S2C,6,13.4378,0.0,0,17.83,0.0425
3452,E2C,13,5.7917,49.0,6,41.37,0.2633
3452,W2C,14,5.5481,75.0,7,43.19,0.2961
3453,N2C,6,12.9314,0.0,0,18.53,0.0498
3453,S2C,6,13.2787,0.0,0,18.04,0.0448
3453,E2C,13,5.6688,55.0,6,42.27,0.269
3453,W2C,14,5.511,83.0,8,43.48,0.308
3454,N2C,7,12.7987,0.0,0,18.72,0.0577
3454,S2C,5,13.05,0.0,0,18.36,0.0421
3454,E2C,14,5.8105,61.0,6,41.24,0.277
3454,W2C,15,5.6586,91.0,8,42.34,0.3172
3455,N2C,6,13.0718,0.0,0,18.33,0.0478
3455,S2C,6,13.4393,0.0,0,17.83,0.0425
3455,E2C,14,5.3882,68.0,7,44.47,0.2937
3455,W2C,15,4.9388,99.0,8,48.51,0.3329
3456,N2C,6,12.9142,0.0,0,18.55,0.0501
3456,S2C,6,13.2621,0.0,0,18.07,0.045
3456,E2C,14,5.0405,76.0,8,47.53,0.3101
3456,W2C,15,4.5055,107.0,8,53.18,0.3445
3457,N2C,6,12.869,0.0,0,18.62,0.0507
3457,S2C,6,13.324,0.0,0,17.98,0.0441
3457,E2C,15,5.2196,84.0,8,45.9,0.3188
3457,W2C,16,4.7332,115.0,8,50.62,0.3525
3458,N2C,6,13.0045,0.0,0,18.42,0.0487
3458,S2C,6,13.0525,0.0,0,18.36,0.0481
3458,E2C,15,4.7525,92.0,8,50.42,0.3309
3458,W2C,16,4.4857,124.0,9,53.41,0.3681
3459,N2C,6,12.7933,0.0,0,18.73,0.0518
3459,S2C,6,13.1985,0.0,0,18.15,0.046
3459,E2C,15,4.3864,100.0,8,54.62,0.3415
3459,W2C,16,4.2498,134.0,10,56.38,0.3841
3460,N2C,7,12.6577,0.0,0,18.93,0.0597
3460,S2C,5,13.3693,0.0,0,17.92,0.0375
3460,E2C,16,4.7643,109.0,9,50.29,0.3541
3460,W2C,17,4.4271,144.0,10,54.12,0.3943
3461,N2C,7,12.71,0.0,0,18.85,0.059
3461,S2C,6,13.0448,0.0,0,18.37,0.0482
3461,E2C,16,4.4754,118.0,9,53.54,0.3642
3461,W2C,17,4.2429,154.0,10,56.47,0.4036
3462,N2C,6,12.7903,0.0,0,18.73,0.0518
3462,S2C,6,12.9881,0.0,0,18.45,0.049
3462,E2C,16,3.965,128.0,10,60.43,0.3842
3462,W2C,17,3.7527,165.0,11,63.85,0.424
3463,N2C,5,12.7284,0.0,0,18.82,0.0467
3463,S2C,6,13.0189,0.0,0,18.4,0.0485
3463,E2C,17,4.2494,138.0,10,56.38,0.3928
3463,W2C,18,3.9386,176.0,11,60.83,0.4346
3464,N2C,5,12.6625,0.0,0,18.92,0.0477
3464,S2C,6,12.9557,0.0,0,18.49,0.0495
3464,E2C,17,4.0186,149.0,11,59.62,0.4095
3464,W2C,18,3.6732,187.0,11,65.23,0.4458
3465,N2C,5,11.8051,0.0,0,20.3,0.06
3465,S2C,6,12.7912,0.0,0,18.73,0.0518
3465,E2C,17,3.6292,160.0,11,66.02,0.4224
3465,W2C,18,3.2642,199.0,12,73.4,0.4657
3466,N2C,7,11.5324,0.0,0,20.78,0.0759
3466,S2C,6,11.8357,0.0,0,20.24,0.0656
3466,E2C,16,4.4085,112.0,10,54.35,0.3672
3466,W2C,17,4.0533,146.0,10,59.11,0.401
3467,N2C,7,10.7536,0.0,0,22.28,0.0872
3467,S2C,7,11.5054,0.0,0,20.82,0.0763
3467,E2C,16,4.1667,80.0,8,57.5,0.3373
3467,W2C,17,4.0544,104.0,9,59.1,0.367
3468,N2C,7,10.5821,0.0,0,22.64,0.0896
3468,S2C,7,11.1947,0.0,0,21.4,0.0808
3468,E2C,16,4.6041,55.0,6,52.04,0.3024
3468,W2C,17,4.2924,68.0,7,55.82,0.3275
3469,N2C,8,10.3826,1.0,1,23.08,0.1052
3469,S2C,8,10.8758,0.0,0,22.03,0.0914
3469,E2C,15,5.7439,34.0,5,41.71,0.26
3469,W2C,16,5.196,40.0,6,46.11,0.2839
3470,N2C,8,10.7535,2.0,1,22.28,0.1005
3470,S2C,8,9.9752,1.0,1,24.02,0.111
3470,E2C,15,6.2328,14.0,3,38.44,0.2276
3470,W2C,16,5.4617,21.0,4,43.87,0.2554
3471,N2C,8,9.8137,3.0,1,24.41,0.1147
3471,S2C,8,9.9187,2.0,1,24.16,0.1125
3471,E2C,13,6.4019,3.0,1,37.43,0.1938
3471,W2C,14,5.6347,8.0,2,42.52,0.2202
3472,N2C,9,9.3655,4.0,1,25.58,0.1278
3472,S2C,9,9.943,4.0,2,24.1,0.1255
3472,E2C,14,7.0547,0.0,0,33.96,0.1824
3472,W2C,15,6.49,0.0,0,36.92,0.1966
3473,N2C,9,8.5478,5.0,1,28.03,0.1403
3473,S2C,9,9.5292,6.0,2,25.14,0.1328
3473,E2C,13,7.4995,0.0,0,31.95,0.17
3473,W2C,14,6.882,0.0,0,34.82,0.1849
3474,N2C,9,7.7769,7.0,2,30.81,0.1587
3474,S2C,9,8.5409,8.0,2,28.05,0.1484
3474,E2C,12,8.2675,0.0,0,28.98,0.153
3474,W2C,13,7.3164,0.0,0,32.75,0.1727
3475,N2C,10,8.0899,9.0,2,29.62,0.1615
3475,S2C,10,8.212,10.0,2,29.18,0.1604
3475,E2C,11,9.0472,0.0,0,26.48,0.1357
3475,W2C,14,8.6198,0.0,0,27.8,0.1599
3476,N2C,10,7.3142,12.0,3,32.76,0.1807
3476,S2C,10,7.8153,12.0,2,30.66,0.1675
3476,E2C,11,9.7326,0.0,0,24.62,0.1259
3476,W2C,12,9.082,0.0,0,26.38,0.1412
3477,N2C,10,7.2496,16.0,4,33.05,0.1903
3477,S2C,10,7.6942,16.0,4,31.14,0.1839
3477,E2C,9,10.3295,0.0,0,23.2,0.1053
3477,W2C,11,9.2621,0.0,0,25.87,0.1326
3478,N2C,11,7.6441,20.0,4,31.34,0.1933
3478,S2C,11,7.8109,20.0,4,30.68,0.1909
3478,E2C,10,11.0215,0.0,0,21.74,0.1013
3478,W2C,11,10.314,0.0,0,23.23,0.1175
3479,N2C,11,7.2809,24.0,4,32.91,0.2012
3479,S2C,11,7.2969,24.0,4,32.84,0.2009
3479,E2C,8,11.8582,0.0,0,20.21,0.0773
3479,W2C,10,10.8006,0.0,0,22.18,0.1045
3480,N2C,11,6.7863,28.0,4,35.31,0.211
3480,S2C,11,6.6967,28.0,4,35.78,0.2122
3480,E2C,8,11.8696,0.0,0,20.19,0.0771
3480,W2C,9,11.3346,0.0,0,21.14,0.0908
3481,N2C,12,7.0535,33.0,5,33.97,0.2224
3481,S2C,12,6.33,32.0,4,37.85,0.2262
3481,E2C,7,12.578,0.0,0,19.05,0.0609
3481,W2C,9,12.0707,0.0,0,19.85,0.0802
3482,N2C,12,6.8481,38.0,5,34.99,0.2287
3482,S2C,12,5.9747,37.0,5,40.1,0.2406
3482,E2C,7,12.7599,0.0,0,18.78,0.0583
3482,W2C,8,12.5831,0.0,0,19.04,0.0668
3483,N2C,12,6.7059,43.0,5,35.73,0.2341
3483,S2C,12,5.4998,43.0,6,43.57,0.2575
3483,E2C,6,12.6436,0.0,0,18.95,0.0539
3483,W2C,6,12.8924,0.0,0,18.58,0.0504
3484,N2C,13,6.9119,48.0,5,34.66,0.2405
3484,S2C,13,5.753,49.0,6,41.65,0.2638
3484,E2C,7,12.6998,0.0,0,18.87,0.0591
3484,W2C,7,12.6811,0.0,0,18.89,0.0594
3485,N2C,13,6.5604,53.0,5,36.52,0.2489
3485,S2C,13,5.1502,55.0,6,46.52,0.2765
3485,E2C,7,12.9751,0.0,0,18.47,0.0552
3485,W2C,6,12.7768,0.0,0,18.75,0.052
3486,N2C,13,6.479,59.0,6,36.98,0.26
3486,S2C,13,4.9042,61.0,6,48.86,0.2841
3486,E2C,6,12.5479,0.0,0,19.09,0.0553
3486,W2C,6,13.0778,0.0,0,18.32,0.0477
3487,N2C,14,6.3074,65.0,6,37.99,0.2725
3487,S2C,14,5.0451,68.0,7,47.49,0.2987
3487,E2C,6,12.5987,0.0,0,19.02,0.0546
3487,W2C,6,12.957,0.0,0,18.49,0.0494
3488,N2C,14,5.6395,71.0,6,42.49,0.2861
3488,S2C,14,4.7433,75.0,7,50.51,0.3077
3488,E2C,6,12.4419,0.0,0,19.26,0.0569
3488,W2C,6,12.9253,0.0,0,18.54,0.0499
3489,N2C,14,5.0629,78.0,7,47.32,0.3051
3489,S2C,14,4.3551,83.0,8,55.02,0.3246
3489,E2C,6,12.6394,0.0,0,18.96,0.054
3489,W2C,6,12.8488,0.0,0,18.65,0.051
3490,N2C,15,4.9211,85.0,7,48.69,0.3178
3490,S2C,15,4.6891,91.0,8,51.1,0.3311
3490,E2C,6,12.7068,0.0,0,18.86,0.053
3490,W2C,6,13.1204,0.0,0,18.26,0.0471
3491,N2C,15,4.8575,93.0,8,49.33,0.3301
3491,S2C,15,4.7181,99.0,8,50.78,0.3361
3491,E2C,6,12.6688,0.0,0,18.91,0.0536
3491,W2C,6,12.716,0.0,0,18.84,0.0529
3492,N2C,15,4.6144,102.0,9,51.92,0.3456
3492,S2C,15,4.6135,108.0,9,51.94,0.3496
3492,E2C,6,12.5865,0.0,0,19.04,0.0548
3492,W2C,6,12.8596,0.0,0,18.63,0.0508
3493,N2C,16,4.7693,111.0,9,50.24,0.3553
3493,S2C,16,5.1666,117.0,9,46.37,0.3536
3493,E2C,6,12.4981,0.0,0,19.17,0.056
3493,W2C,7,13.1655,0.0,0,18.2,0.0524
3494,N2C,16,4.6096,121.0,10,51.98,0.3703
3494,S2C,16,4.7557,126.0,9,50.38,0.3655
3494,E2C,6,12.593,0.0,0,19.03,0.0547
3494,W2C,7,12.9675,0.0,0,18.48,0.0553
3495,N2C,16,4.277,131.0,10,56.02,0.3817
3495,S2C,16,4.6247,135.0,9,51.81,0.3734
3495,E2C,6,12.5414,0.0,0,19.1,0.0554
3495,W2C,6,12.6775,0.0,0,18.9,0.0535
3496,N2C,17,4.532,141.0,10,52.87,0.3907
3496,S2C,17,4.9661,144.0,9,48.25,0.3805
3496,E2C,6,12.4909,0.0,0,19.18,0.0561
3496,W2C,6,12.9949,0.0,0,18.44,0.0489
3497,N2C,17,4.304,151.0,10,55.67,0.4007
3497,S2C,17,4.8957,154.0,10,48.94,0.3942
3497,E2C,6,12.4318,0.0,0,19.27,0.057
3497,W2C,6,13.1323,0.0,0,18.25,0.0469
3498,N2C,17,3.9525,162.0,11,60.62,0.4191
3498,S2C,17,4.6325,164.0,10,51.72,0.4046
3498,E2C,6,12.4264,0.0,0,19.28,0.0571
3498,W2C,6,12.9033,0.0,0,18.57,0.0502
3499,N2C,16,4.5453,116.0,9,52.71,0.3619
3499,S2C,16,4.8489,117.0,9,49.41,0.3582
3499,E2C,7,12.6269,0.0,0,18.98,0.0602
3499,W2C,7,12.5207,0.0,0,19.14,0.0617
3500,N2C,16,4.3482,77.0,8,55.1,0.3327
3500,S2C,16,4.4049,78.0,7,54.39,0.3266
3500,E2C,7,12.4121,0.0,0,19.3,0.0633
3500,W2C,7,11.7127,0.0,0,20.46,0.0734
3501,N2C,16,4.8013,48.0,6,49.9,0.2949
3501,S2C,16,4.186,46.0,5,57.24,0.2964
3501,E2C,7,12.5226,0.0,0,19.13,0.0617
3501,W2C,7,11.2081,0.0,0,21.38,0.0806
3502,N2C,15,5.4851,30.0,5,43.68,0.261
3502,S2C,15,5.0984,22.0,4,46.99,0.2553
3502,E2C,8,11.4539,0.0,0,20.92,0.0831
3502,W2C,7,11.2863,0.0,0,21.23,0.0795
3503,N2C,15,5.6067,12.0,3,42.73,0.2353
3503,S2C,15,5.2799,8.0,3,45.38,0.2373
3503,E2C,8,10.354,0.0,0,23.14,0.0989
3503,W2C,8,10.8949,0.0,0,21.99,0.0911
3504,N2C,13,5.6894,3.0,1,42.11,0.2041
3504,S2C,15,5.7696,2.0,1,41.53,0.2143
3504,E2C,8,9.4512,1.0,1,25.35,0.1186
3504,W2C,8,9.7825,1.0,1,24.49,0.1138
3505,N2C,14,6.8693,0.0,0,34.88,0.1851
3505,S2C,14,6.7265,0.0,0,35.62,0.1871
3505,E2C,9,9.6859,3.0,2,24.74,0.1285
3505,W2C,9,9.4656,2.0,1,25.31,0.125
3506,N2C,12,7.2234,0.0,0,33.17,0.168
3506,S2C,14,7.3658,0.0,0,32.53,0.1779
3506,E2C,9,8.9375,5.0,2,26.81,0.1406
3506,W2C,9,8.9106,4.0,2,26.89,0.1404
3507,N2C,12,8.3349,0.0,0,28.75,0.152
3507,S2C,12,7.5398,0.0,0,31.78,0.1634
3507,E2C,9,8.435,7.0,2,28.41,0.1492
3507,W2C,9,8.296,7.0,3,28.88,0.1572
3508,N2C,12,9.6246,0.0,0,24.89,0.1334
3508,S2C,13,8.4582,0.0,0,28.33,0.1562
3508,E2C,10,8.8473,9.0,2,27.08,0.1506
3508,W2C,10,8.2534,10.0,3,29.03,0.1658
3509,N2C,11,10.0962,0.0,0,23.73,0.1206
3509,S2C,11,8.778,0.0,0,27.3,0.1396
3509,E2C,10,8.2508,12.0,3,29.04,0.1672
3509,W2C,10,7.6256,13.0,3,31.42,0.1769
3510,N2C,9,10.9571,0.0,0,21.87,0.0962
3510,S2C,11,9.3417,0.0,0,25.65,0.1315
3510,E2C,10,8.0038,15.0,3,29.94,0.1728
3510,W2C,10,7.024,16.0,3,34.11,0.1875
3511,N2C,10,11.6187,0.0,0,20.62,0.0927
3511,S2C,10,10.0597,0.0,0,23.82,0.1152
3511,E2C,11,8.0986,18.0,3,29.59,0.1794
3511,W2C,11,7.2359,20.0,4,33.11,0.1991
3512,N2C,8,12.014,0.0,0,19.94,0.075
3512,S2C,10,10.6855,0.0,0,22.42,0.1061
3512,E2C,11,7.9503,21.0,3,30.14,0.1835
3512,W2C,11,6.9059,24.0,4,34.7,0.2066
3513,N2C,8,11.8418,0.0,0,20.23,0.0775
3513,S2C,8,11.2697,0.0,0,21.26,0.0857
3513,E2C,11,7.0753,25.0,4,33.86,0.2048
3513,W2C,11,6.7681,28.0,4,35.4,0.2112
3514,N2C,7,13.0932,0.0,0,18.3,0.0535
3514,S2C,8,12.0564,0.0,0,19.87,0.0744
3514,E2C,12,6.7284,30.0,5,35.61,0.2251
3514,W2C,12,6.9935,33.0,5,34.26,0.2233
3515,N2C,7,13.2628,0.0,0,18.07,0.051
3515,S2C,7,12.3846,0.0,0,19.35,0.0637
3515,E2C,12,6.0501,35.0,5,39.6,0.2382
3515,W2C,12,6.2701,38.0,5,38.21,0.2371
3516,N2C,6,13.0084,0.0,0,18.42,0.0487
3516,S2C,7,12.471,0.0,0,19.21,0.0624
3516,E2C,12,5.8287,40.0,5,41.11,0.2447
3516,W2C,12,5.6703,43.0,5,42.26,0.249
3517,N2C,6,13.2682,0.0,0,18.06,0.045
3517,S2C,7,12.6639,0.0,0,18.92,0.0597
3517,E2C,13,6.142,46.0,6,39.01,0.2562
3517,W2C,13,5.9151,49.0,6,40.51,0.2615
3518,N2C,6,13.1159,0.0,0,18.27,0.0471
3518,S2C,6,12.1511,0.0,0,19.72,0.061
3518,E2C,13,5.9008,52.0,6,40.6,0.2637
3518,W2C,13,5.9709,55.0,6,40.13,0.2647
3519,N2C,6,13.1668,0.0,0,18.2,0.0464
3519,S2C,6,12.4445,0.0,0,19.25,0.0568
3519,E2C,13,5.5449,59.0,7,43.21,0.2795
3519,W2C,13,5.4715,62.0,7,43.79,0.2826
3520,N2C,7,13.4289,0.0,0,17.84,0.0486
3520,S2C,7,12.4472,0.0,0,19.25,0.0628
3520,E2C,14,5.4971,66.0,7,43.59,0.2908
3520,W2C,14,5.6836,69.0,7,42.16,0.2902
3521,N2C,6,13.4399,0.0,0,17.83,0.0425
3521,S2C,6,12.5629,0.0,0,19.07,0.0551
3521,E2C,14,5.1191,73.0,7,46.8,0.301
3521,W2C,14,5.1486,76.0,7,46.54,0.3025
3522,N2C,6,13.3359,0.0,0,17.97,0.044
3522,S2C,6,12.721,0.0,0,18.84,0.0528
3522,E2C,14,4.9061,80.0,7,48.84,0.3087
3522,W2C,14,4.6943,83.0,7,51.04,0.3137
3523,N2C,6,13.2057,0.0,0,18.14,0.0459
3523,S2C,7,12.3146,0.0,0,19.46,0.0647
3523,E2C,15,5.1305,88.0,8,46.7,0.3228
3523,W2C,15,5.1565,91.0,8,46.47,0.3244
3524,N2C,6,13.1955,0.0,0,18.16,0.046
3524,S2C,7,12.4101,0.0,0,19.31,0.0633
3524,E2C,15,4.7515,97.0,9,50.43,0.3402
3524,W2C,15,4.9475,100.0,9,48.43,0.3394
3525,N2C,6,13.3129,0.0,0,18.0,0.0443
3525,S2C,6,12.3289,0.0,0,19.43,0.0585
3525,E2C,15,4.4538,106.0,9,53.8,0.3505
3525,W2C,15,4.5816,109.0,9,52.3,0.3507
3526,N2C,6,13.2068,0.0,0,18.14,0.0458
3526,S2C,6,12.7522,0.0,0,18.79,0.0524
3526,E2C,16,4.568,115.0,9,52.45,0.3609
3526,W2C,16,4.8356,118.0,9,49.55,0.359
3527,N2C,6,13.1732,0.0,0,18.19,0.0463
3527,S2C,6,12.3018,0.0,0,19.48,0.0589
3527,E2C,16,4.2912,124.0,9,55.84,0.3709
3527,W2C,16,4.3371,127.0,9,55.24,0.3722
3528,N2C,6,13.116,0.0,0,18.27,0.0471
3528,S2C,6,12.1835,0.0,0,19.67,0.0606
3528,E2C,16,4.0154,134.0,10,59.67,0.3875
3528,W2C,16,4.0509,136.0,9,59.15,0.3823
3529,N2C,6,13.5312,0.0,0,17.71,0.0412
3529,S2C,7,12.5443,0.0,0,19.1,0.0614
3529,E2C,17,4.5843,145.0,11,52.27,0.3987
3529,W2C,17,4.466,146.0,10,53.65,0.395
3530,N2C,6,13.4349,0.0,0,17.83,0.0426
3530,S2C,7,12.4136,0.0,0,19.3,0.0633
3530,E2C,17,4.4362,156.0,11,54.01,0.4081
3530,W2C,17,4.3851,156.0,10,54.64,0.4029
3531,N2C,6,12.7729,0.0,0,18.76,0.0521
3531,S2C,7,11.4676,0.0,0,20.89,0.0769
3531,E2C,17,4.1346,167.0,11,57.95,0.4198
3531,W2C,17,4.2827,167.0,11,55.95,0.4177
3532,N2C,6,12.2183,0.0,0,19.61,0.0601
3532,S2C,7,10.5307,0.0,0,22.75,0.0904
3532,E2C,16,4.7896,121.0,9,50.02,0.3617
3532,W2C,16,5.006,122.0,9,47.86,0.3593
3533,N2C,7,11.1505,0.0,0,21.49,0.0814
3533,S2C,8,9.8024,1.0,1,24.44,0.1135
3533,E2C,16,4.4079,85.0,8,54.36,0.3372
3533,W2C,16,4.8006,81.0,7,49.91,0.3229
3534,N2C,7,10.7365,0.0,0,22.32,0.0874
3534,S2C,8,9.5735,2.0,1,25.03,0.1175
3534,E2C,16,4.4306,55.0,7,54.08,0.3109
3534,W2C,16,4.56,49.0,5,52.54,0.293
3535,N2C,8,10.2455,1.0,1,23.39,0.1071
3535,S2C,9,9.888,4.0,2,24.23,0.1263
3535,E2C,15,5.2566,32.0,5,45.58,0.2656
3535,W2C,15,5.3016,25.0,4,45.19,0.2543
3536,N2C,8,9.8497,2.0,1,24.33,0.1135
3536,S2C,9,9.5093,6.0,2,25.2,0.1331
3536,E2C,15,5.4431,15.0,3,44.02,0.2396
3536,W2C,15,5.4679,9.0,3,43.82,0.2353
3537,N2C,8,8.9916,3.0,1,26.65,0.1265
3537,S2C,9,8.6482,8.0,2,27.71,0.1468
3537,E2C,14,5.4417,4.0,1,44.03,0.2143
3537,W2C,14,5.7632,3.0,1,41.57,0.209
3538,N2C,9,8.8945,4.0,1,26.94,0.1346
3538,S2C,9,8.1966,10.0,2,29.23,0.1546
3538,E2C,14,6.4174,0.0,0,37.34,0.1916
3538,W2C,14,6.3467,0.0,0,37.75,0.1926
3539,N2C,9,8.5109,6.0,2,28.15,0.1475
3539,S2C,10,8.0339,12.0,2,29.82,0.1643
3539,E2C,14,6.9986,0.0,0,34.24,0.1832
3539,W2C,13,6.7453,0.0,0,35.52,0.1809
3540,N2C,9,8.0336,8.0,2,29.82,0.1557
3540,S2C,10,7.7805,15.0,3,30.8,0.176
3540,E2C,12,7.6665,0.0,0,31.25,0.1616
3540,W2C,12,7.3368,0.0,0,32.66,0.1664
3541,N2C,10,7.7876,10.0,2,30.77,0.1665
3541,S2C,11,8.1802,19.0,4,29.29,0.1849
3541,E2C,13,8.9329,0.0,0,26.82,0.1494
3541,W2C,13,8.4086,0.0,0,28.49,0.1569
3542,N2C,10,7.0971,13.0,3,33.76,0.1845
3542,S2C,11,7.7658,23.0,4,30.85,0.1935
3542,E2C,11,9.2709,0.0,0,25.84,0.1325
3542,W2C,11,9.2214,0.0,0,25.98,0.1332
3543,N2C,10,6.674,16.0,3,35.9,0.1926
3543,S2C,11,7.0613,27.0,4,33.93,0.2063
3543,E2C,10,9.8105,0.0,0,24.42,0.1187
3543,W2C,10,9.8309,0.0,0,24.37,0.1184
3544,N2C,11,6.8572,20.0,4,34.94,0.2046
3544,S2C,12,6.8807,31.0,4,34.82,0.2176
3544,E2C,10,10.3123,0.0,0,23.23,0.1115
3544,W2C,10,10.6691,0.0,0,22.46,0.1064
3545,N2C,11,6.2735,24.0,4,38.19,0.2157
3545,S2C,12,6.1762,35.0,4,38.79,0.2304
3545,E2C,9,10.6963,0.0,0,22.4,0.1
3545,W2C,9,11.1409,0.0,0,21.51,0.0936
3546,N2C,11,6.1278,28.0,4,39.1,0.2204
3546,S2C,12,5.6597,40.0,5,42.33,0.2472
3546,E2C,8,11.1045,0.0,0,21.58,0.0881
3546,W2C,8,11.9554,0.0,0,20.04,0.0759
3547,N2C,12,6.4081,33.0,5,37.39,0.2317
3547,S2C,13,5.8972,45.0,5,40.63,0.2531
3547,E2C,8,11.9685,0.0,0,20.02,0.0757
3547,W2C,8,12.4807,0.0,0,19.2,0.0683
3548,N2C,12,6.1298,38.0,5,39.09,0.2391
3548,S2C,13,5.7881,51.0,6,41.4,0.2647
3548,E2C,7,12.0213,0.0,0,19.93,0.0689
3548,W2C,7,12.4952,0.0,0,19.18,0.0621
3549,N2C,12,6.0914,43.0,5,39.33,0.243
3549,S2C,13,5.3908,57.0,6,44.45,0.2744
3549,E2C,6,12.3758,0.0,0,19.36,0.0578
3549,W2C,6,12.443,0.0,0,19.26,0.0568
3550,N2C,13,6.6839,49.0,6,35.85,0.2504
3550,S2C,14,5.371,64.0,7,44.61,0.2913
3550,E2C,6,12.0087,0.0,0,19.95,0.0631
3550,W2C,6,12.1916,0.0,0,19.65,0.0605
3551,N2C,13,6.6029,55.0,6,36.29,0.2556
3551,S2C,14,5.0818,72.0,8,47.15,0.3068
3551,E2C,6,11.9793,0.0,0,20.0,0.0635
3551,W2C,6,12.0353,0.0,0,19.91,0.0627
3552,N2C,13,6.5156,61.0,6,36.77,0.2608
3552,S2C,14,4.6518,80.0,8,51.51,0.3184
3552,E2C,6,12.0529,0.0,0,19.88,0.0625
3552,W2C,6,12.0146,0.0,0,19.94,0.063
3553,N2C,14,6.5393,67.0,6,36.64,0.2705
3553,S2C,15,5.1354,88.0,8,46.66,0.3227
3553,E2C,7,12.148,0.0,0,19.72,0.0671
3553,W2C,6,12.196,0.0,0,19.65,0.0604
3554,N2C,14,5.9885,73.0,6,40.01,0.2824
3554,S2C,15,4.8651,97.0,9,49.25,0.3386
3554,E2C,7,12.3113,0.0,0,19.46,0.0647
3554,W2C,6,12.1136,0.0,0,19.78,0.0616
3555,N2C,14,5.3927,80.0,7,44.43,0.3017
3555,S2C,15,4.6235,106.0,9,51.82,0.3481
3555,E2C,6,12.4107,0.0,0,19.31,0.0573
3555,W2C,6,12.1895,0.0,0,19.66,0.0605
3556,N2C,15,5.3445,87.0,7,44.83,0.313
3556,S2C,16,4.8756,115.0,9,49.14,0.3565
3556,E2C,6,12.4895,0.0,0,19.18,0.0562
3556,W2C,7,12.1696,0.0,0,19.69,0.0668
3557,N2C,15,5.0181,94.0,7,47.75,0.3224
3557,S2C,16,4.5749,124.0,9,52.37,0.3668
3557,E2C,6,12.2612,0.0,0,19.54,0.0595
3557,W2C,6,12.1784,0.0,0,19.67,0.0606
3558,N2C,15,4.7746,102.0,8,50.18,0.3373
3558,S2C,16,4.3034,133.0,9,55.68,0.3767
3558,E2C,6,12.1091,0.0,0,19.79,0.0616
3558,W2C,6,12.5055,0.0,0,19.16,0.0559
3559,N2C,16,4.9199,111.0,9,48.7,0.3532
3559,S2C,17,4.6352,143.0,10,51.69,0.3906
3559,E2C,6,12.6077,0.0,0,19.0,0.0545
3559,W2C,6,11.8878,0.0,0,20.16,0.0648
3560,N2C,16,4.4365,120.0,9,54.01,0.3661
3560,S2C,17,4.4913,153.0,10,53.35,0.3993
3560,E2C,6,12.3976,0.0,0,19.33,0.0575
3560,W2C,6,12.0486,0.0,0,19.89,0.0625
3561,N2C,16,4.1163,130.0,10,58.21,0.3834
3561,S2C,17,4.0975,164.0,11,58.47,0.4183
3561,E2C,6,12.0354,0.0,0,19.91,0.0627
3561,W2C,6,11.8928,0.0,0,20.15,0.0648
3562,N2C,17,4.1293,140.0,10,58.02,0.3959
3562,S2C,18,4.6205,175.0,11,51.86,0.4241
3562,E2C,7,12.3812,0.0,0,19.35,0.0637
3562,W2C,7,12.3648,0.0,0,19.38,0.064
3563,N2C,17,3.8986,150.0,10,61.46,0.4059
3563,S2C,18,4.2371,186.0,11,56.55,0.437
3563,E2C,7,12.3159,0.0,0,19.45,0.0647
3563,W2C,7,12.2464,0.0,0,19.57,0.0657
3564,N2C,17,3.7144,161.0,11,64.51,0.4219
3564,S2C,18,3.7694,198.0,12,63.56,0.4577
3564,E2C,7,12.5017,0.0,0,19.17,0.062
3564,W2C,7,12.1585,0.0,0,19.71,0.0669
3565,N2C,16,4.5027,114.0,9,53.21,0.3612
3565,S2C,17,4.249,146.0,10,56.39,0.3982
3565,E2C,8,12.489,0.0,0,19.18,0.0682
3565,W2C,8,11.9385,0.0,0,20.07,0.0761
3566,N2C,16,4.3458,76.0,8,55.13,0.3321
3566,S2C,17,4.0344,103.0,8,59.39,0.3606
3566,E2C,8,11.9495,0.0,0,20.05,0.0759
3566,W2C,8,11.2518,0.0,0,21.29,0.086
3567,N2C,16,4.6049,45.0,6,52.03,0.2957
3567,S2C,17,4.0167,70.0,7,59.65,0.3328
3567,E2C,8,11.0245,0.0,0,21.73,0.0893
3567,W2C,8,10.3939,0.0,0,23.05,0.0983
3568,N2C,15,5.3491,27.0,5,44.79,0.261
3568,S2C,16,4.6482,41.0,6,51.55,0.2924
3568,E2C,9,10.5525,0.0,0,22.71,0.1021
3568,W2C,9,10.2965,0.0,0,23.27,0.1057
3569,N2C,15,5.5801,15.0,3,42.94,0.2377
3569,S2C,16,4.9461,20.0,4,48.44,0.2621
3569,E2C,9,9.9537,1.0,1,24.07,0.1173
3569,W2C,9,9.8277,1.0,1,24.38,0.1192
3570,N2C,14,6.0911,5.0,1,39.34,0.2056
3570,S2C,15,5.3283,7.0,2,44.97,0.2299
3570,E2C,9,8.9964,2.0,1,26.63,0.1318
3570,W2C,9,9.1648,3.0,2,26.14,0.136
3571,N2C,14,6.9011,0.0,0,34.72,0.1846
3571,S2C,15,6.2342,1.0,1,38.43,0.2069
3571,E2C,10,8.6386,4.0,2,27.74,0.1503
3571,W2C,10,8.6046,5.0,2,27.85,0.1514
3572,N2C,14,7.2229,0.0,0,33.17,0.18
3572,S2C,13,6.7247,0.0,0,35.63,0.1812
3572,E2C,10,7.5877,6.0,2,31.58,0.1667
3572,W2C,10,7.8319,7.0,2,30.59,0.1639
3573,N2C,12,7.5016,0.0,0,31.94,0.164
3573,S2C,13,7.2083,0.0,0,33.24,0.1742
3573,E2C,10,7.3182,9.0,3,32.74,0.1786
3573,W2C,10,7.0747,9.0,2,33.87,0.1761
3574,N2C,13,8.5091,0.0,0,28.16,0.1555
3574,S2C,12,8.1264,0.0,0,29.48,0.155
3574,E2C,11,7.118,13.0,4,33.66,0.1962
3574,W2C,11,7.4734,12.0,3,32.06,0.1844
3575,N2C,11,9.1931,0.0,0,26.06,0.1336
3575,S2C,12,8.6433,0.0,0,27.72,0.1475
3575,E2C,11,6.8191,18.0,5,35.14,0.2098
3575,W2C,11,6.948,16.0,4,34.48,0.2006
3576,N2C,11,9.8909,0.0,0,24.22,0.1236
3576,S2C,10,8.753,0.0,0,27.37,0.134
3576,E2C,11,6.4441,23.0,5,37.18,0.2185
3576,W2C,11,6.8853,20.0,4,34.8,0.2042
3577,N2C,10,10.6969,0.0,0,22.4,0.106
3577,S2C,11,10.0166,0.0,0,23.92,0.1218
3577,E2C,12,6.7499,28.0,5,35.5,0.2235
3577,W2C,12,6.9138,24.0,4,34.66,0.2124
3578,N2C,9,10.9188,0.0,0,21.94,0.0968
3578,S2C,10,10.5766,0.0,0,22.65,0.1077
3578,E2C,12,5.9415,33.0,5,40.33,0.2384
3578,W2C,12,6.4329,29.0,5,37.25,0.2287
3579,N2C,8,11.4516,0.0,0,20.92,0.0831
3579,S2C,9,11.1378,0.0,0,21.51,0.0936
3579,E2C,12,5.6881,38.0,5,42.12,0.2454
3579,W2C,12,5.7311,34.0,5,41.81,0.2421
3580,N2C,7,11.9352,0.0,0,20.08,0.0701
3580,S2C,8,11.9036,0.0,0,20.13,0.0766
3580,E2C,13,5.8065,44.0,6,41.26,0.2597
3580,W2C,13,5.9229,40.0,6,40.45,0.2554
3581,N2C,7,12.2979,0.0,0,19.48,0.0649
3581,S2C,8,12.1896,0.0,0,19.66,0.0725
3581,E2C,13,5.5787,50.0,6,42.95,0.267
3581,W2C,13,5.3401,47.0,7,44.87,0.2744
3582,N2C,6,12.2361,0.0,0,19.58,0.0598
3582,S2C,6,12.4157,0.0,0,19.3,0.0572
3582,E2C,13,5.0986,57.0,7,46.99,0.2846
3582,W2C,13,5.1203,54.0,7,46.79,0.2823
3583,N2C,6,12.2078,0.0,0,19.63,0.0602
3583,S2C,7,12.483,0.0,0,19.19,0.0623
3583,E2C,14,5.5526,64.0,7,43.15,0.2887
3583,W2C,14,5.3984,62.0,8,44.38,0.2956
3584,N2C,6,12.2116,0.0,0,19.62,0.0602
3584,S2C,7,12.5981,0.0,0,19.02,0.0606
3584,E2C,14,5.0691,71.0,7,47.27,0.3003
3584,W2C,14,4.986,70.0,8,48.05,0.3069
3585,N2C,6,12.0485,0.0,0,19.89,0.0625
3585,S2C,7,12.2329,0.0,0,19.59,0.0659
3585,E2C,14,4.5855,78.0,7,52.25,0.312
3585,W2C,14,4.7951,78.0,8,49.97,0.315
3586,N2C,7,12.1594,0.0,0,19.7,0.0669
3586,S2C,7,12.5355,0.0,0,19.11,0.0615
3586,E2C,15,4.8609,86.0,8,49.29,0.3253
3586,W2C,15,5.2291,86.0,8,45.82,0.32
3587,N2C,7,12.016,0.0,0,19.94,0.069
3587,S2C,7,12.7639,0.0,0,18.77,0.0582
3587,E2C,15,4.5643,95.0,9,52.49,0.3416
3587,W2C,15,5.0485,95.0,9,47.46,0.3346
3588,N2C,7,12.1781,0.0,0,19.67,0.0667
3588,S2C,7,12.8512,0.0,0,18.64,0.057
3588,E2C,15,4.2306,104.0,9,56.64,0.3524
3588,W2C,15,5.0103,104.0,9,47.82,0.3412
3589,N2C,8,12.1586,0.0,0,19.71,0.0729
3589,S2C,7,12.9948,0.0,0,18.44,0.0549
3589,E2C,16,4.6306,113.0,9,51.74,0.3587
3589,W2C,16,5.2478,113.0,9,45.66,0.3498
3590,N2C,7,12.5129,0.0,0,19.15,0.0618
3590,S2C,6,13.0105,0.0,0,18.42,0.0487
3590,E2C,16,4.6232,122.0,9,51.83,0.3648
3590,W2C,16,4.766,122.0,9,50.27,0.3627
3591,N2C,6,12.2721,0.0,0,19.52,0.0593
3591,S2C,6,12.9159,0.0,0,18.55,0.05
3591,E2C,16,4.4541,132.0,10,53.79,0.3799
3591,W2C,16,4.2074,131.0,9,56.95,0.3768
3592,N2C,6,12.4282,0.0,0,19.28,0.057
3592,S2C,5,12.9015,0.0,0,18.57,0.0442
3592,E2C,17,4.3701,142.0,10,54.83,0.3937
3592,W2C,17,4.5117,141.0,10,53.11,0.391
3593,N2C,7,12.878,0.0,0,18.61,0.0566
3593,S2C,6,13.2249,0.0,0,18.12,0.0456
3593,E2C,17,4.0214,152.0,10,59.58,0.4054
3593,W2C,17,4.1158,151.0,10,58.21,0.4034
3594,N2C,6,12.7541,0.0,0,18.79,0.0524
3594,S2C,6,12.8395,0.0,0,18.66,0.0511
3594,E2C,17,3.6605,162.0,10,65.45,0.4173
3594,W2C,17,3.8896,162.0,11,61.6,0.42
3595,N2C,6,12.7436,0.0,0,18.8,0.0525
3595,S2C,7,13.0574,0.0,0,18.35,0.054
3595,E2C,18,3.9594,174.0,12,60.51,0.439
3595,W2C,18,4.1251,173.0,11,58.08,0.4299
3596,N2C,6,12.7925,0.0,0,18.73,0.0518
3596,S2C,7,12.4249,0.0,0,19.28,0.0631
3596,E2C,18,3.9537,186.0,12,60.6,0.4471
3596,W2C,18,3.8613,185.0,12,62.05,0.4477
3597,N2C,6,12.6648,0.0,0,18.92,0.0536
3597,S2C,7,11.4672,0.0,0,20.89,0.0769
3597,E2C,18,4.0882,198.0,12,58.61,0.4531
3597,W2C,18,3.3785,197.0,12,70.92,0.4627
3598,N2C,7,12.6501,0.0,0,18.94,0.0599
3598,S2C,8,10.5234,0.0,0,22.77,0.0965
3598,E2C,17,4.7242,152.0,10,50.72,0.3953
3598,W2C,17,4.0971,150.0,10,58.48,0.403
3599,N2C,7,12.0593,0.0,0,19.87,0.0684
3599,S2C,8,10.0947,1.0,1,23.74,0.1093
3599,E2C,17,4.2562,109.0,8,56.29,0.3614
3599,W2C,17,4.0906,110.0,9,58.57,0.3704
3600,N2C,7,11.3425,0.0,0,21.12,0.0787
3600,S2C,8,9.1112,2.0,1,26.3,0.1241
3600,E2C,17,4.0386,70.0,6,59.33,0.3265
3600,W2C,17,4.0791,76.0,7,58.74,0.3359
