time,edge,vehicles,speed,waiting,halting,traveltime,congestion
1,N2C,1,13.89,0.0,0,17.25,0.006
1,S2C,1,13.4615,0.0,0,17.8,0.0122
1,E2C,1,13.89,0.0,0,17.25,0.006
1,W2C,1,13.89,0.0,0,17.25,0.006
2,N2C,1,13.2784,0.0,0,18.04,0.0148
2,S2C,1,13.0561,0.0,0,18.35,0.018
2,E2C,1,13.5495,0.0,0,17.68,0.0109
2,W2C,1,13.4471,0.0,0,17.82,0.0124
3,N2C,1,13.2541,0.0,0,18.08,0.0152
3,S2C,1,13.2147,0.0,0,18.13,0.0157
3,E2C,1,13.4511,0.0,0,17.81,0.0123
3,W2C,1,13.8511,0.0,0,17.3,0.0066
4,N2C,1,13.3091,0.0,0,18.0,0.0144
4,S2C,1,12.8743,0.0,0,18.61,0.0206
4,E2C,1,13.5912,0.0,0,17.63,0.0103
4,W2C,1,13.602,0.0,0,17.61,0.0101
5,N2C,1,13.8625,0.0,0,17.28,0.0064
5,S2C,1,13.3115,0.0,0,18.0,0.0143
5,E2C,1,13.8108,0.0,0,17.35,0.0071
5,W2C,1,13.2412,0.0,0,18.09,0.0153
6,N2C,1,13.8031,0.0,0,17.36,0.0073
6,S2C,1,12.8839,0.0,0,18.6,0.0205
6,E2C,1,13.6898,0.0,0,17.5,0.0089
6,W2C,1,13.3881,0.0,0,17.9,0.0132
7,N2C,2,13.4333,0.0,0,17.84,0.0186
7,S2C,2,11.9939,0.0,0,19.98,0.0393
7,E2C,2,13.5311,0.0,0,17.71,0.0172
7,W2C,2,12.4648,0.0,0,19.22,0.0325
8,N2C,2,13.3167,0.0,0,17.99,0.0203
8,S2C,2,11.5903,0.0,0,20.67,0.0451
8,E2C,2,13.4141,0.0,0,17.86,0.0189
8,W2C,2,11.9828,0.0,0,20.0,0.0395
9,N2C,2,13.5799,0.0,0,17.64,0.0165
9,S2C,2,11.6703,0.0,0,20.53,0.044
9,E2C,2,13.3367,0.0,0,17.97,0.02
9,W2C,2,12.0873,0.0,0,19.82,0.038
10,N2C,2,13.197,0.0,0,18.16,0.022
10,S2C,2,11.4698,0.0,0,20.89,0.0468
10,E2C,2,13.2185,0.0,0,18.13,0.0217
10,W2C,2,12.0295,0.0,0,19.92,0.0388
11,N2C,2,13.1782,0.0,0,18.18,0.0222
11,S2C,2,11.8208,0.0,0,20.27,0.0418
11,E2C,2,13.0628,0.0,0,18.34,0.0239
11,W2C,2,12.6816,0.0,0,18.89,0.0294
12,N2C,2,13.2545,0.0,0,18.08,0.0211
12,S2C,2,11.8168,0.0,0,20.28,0.0419
12,E2C,2,12.8905,0.0,0,18.59,0.0264
12,W2C,2,12.3525,0.0,0,19.4,0.0341
13,N2C,3,13.1981,0.0,0,18.15,0.028
13,S2C,3,11.8099,0.0,0,20.29,0.048
13,E2C,3,13.5755,0.0,0,17.65,0.0225
13,W2C,3,12.8127,0.0,0,18.7,0.0335
14,N2C,3,13.1721,0.0,0,18.19,0.0283
14,S2C,3,11.8436,0.0,0,20.23,0.0475
14,E2C,3,13.2434,0.0,0,18.09,0.0273
14,W2C,3,13.1046,0.0,0,18.28,0.0293
15,N2C,3,13.0999,0.0,0,18.29,0.0294
15,S2C,3,11.9816,0.0,0,20.0,0.0455
15,E2C,3,12.97,0.0,0,18.47,0.0312
15,W2C,3,12.6323,0.0,0,18.97,0.0361
16,N2C,3,13.1829,0.0,0,18.18,0.0282
16,S2C,3,12.0093,0.0,0,19.95,0.0451
16,E2C,3,12.9492,0.0,0,18.5,0.0315
16,W2C,3,12.3232,0.0,0,19.44,0.0406
17,N2C,3,12.8622,0.0,0,18.63,0.0328
17,S2C,3,12.404,0.0,0,19.32,0.0394
17,E2C,3,13.0574,0.0,0,18.35,0.03
17,W2C,3,13.0248,0.0,0,18.4,0.0305
18,N2C,3,13.3597,0.0,0,17.93,0.0256
18,S2C,3,12.0615,0.0,0,19.86,0.0443
18,E2C,3,12.5404,0.0,0,19.11,0.0374
18,W2C,3,12.7327,0.0,0,18.82,0.0347
19,N2C,3,13.4566,0.0,0,17.81,0.0242
19,S2C,4,12.0555,0.0,0,19.87,0.0504
19,E2C,4,11.7903,0.0,0,20.32,0.0542
19,W2C,4,11.5653,0.0,0,20.72,0.0575
20,N2C,3,13.0629,0.0,0,18.34,0.0299
20,S2C,3,12.0199,0.0,0,19.93,0.0449
20,E2C,4,10.8034,0.0,0,22.18,0.0684
20,W2C,4,10.3127,0.0,0,23.23,0.0755
21,N2C,3,12.5029,0.0,0,19.16,0.038
21,S2C,3,11.5982,0.0,0,20.66,0.051
21,E2C,4,10.3476,0.0,0,23.16,0.075
21,W2C,4,9.2502,1.0,1,25.9,0.0975
22,N2C,3,12.6749,0.0,0,18.9,0.0355
22,S2C,3,11.8233,0.0,0,20.27,0.0478
22,E2C,4,10.0934,1.0,1,23.74,0.0853
22,W2C,4,9.4287,2.0,1,25.41,0.0956
23,N2C,3,13.0228,0.0,0,18.4,0.0305
23,S2C,3,11.9421,0.0,0,20.06,0.046
23,E2C,4,9.8997,2.0,1,24.2,0.0888
23,W2C,4,9.1531,3.0,1,26.18,0.1002
24,N2C,3,13.2306,0.0,0,18.11,0.0275
24,S2C,3,11.6125,0.0,0,20.63,0.0508
24,E2C,4,9.3489,3.0,1,25.63,0.0974
24,W2C,4,9.2824,4.0,1,25.81,0.099
25,N2C,3,12.3883,0.0,0,19.34,0.0396
25,S2C,4,11.943,0.0,0,20.06,0.052
25,E2C,5,9.1721,4.0,1,26.12,0.1066
25,W2C,5,10.1008,5.0,1,23.72,0.0939
26,N2C,3,12.3176,0.0,0,19.45,0.0406
26,S2C,4,11.9483,0.0,0,20.05,0.052
26,E2C,5,8.3922,5.0,1,28.55,0.1185
26,W2C,5,9.9118,6.0,1,24.17,0.0973
27,N2C,3,12.4941,0.0,0,19.18,0.0381
27,S2C,4,11.6563,0.0,0,20.56,0.0562
27,E2C,5,7.8868,6.0,1,30.38,0.1264
27,W2C,5,9.5091,7.0,1,25.2,0.1037
28,N2C,3,12.6084,0.0,0,19.0,0.0365
28,S2C,4,12.0997,0.0,0,19.8,0.0498
28,E2C,5,7.8563,7.0,1,30.5,0.1275
28,W2C,5,8.7801,8.0,1,27.29,0.1149
29,N2C,3,12.3904,0.0,0,19.34,0.0396
29,S2C,3,12.056,0.0,0,19.87,0.0444
29,E2C,5,7.6199,9.0,2,31.44,0.1383
29,W2C,5,7.7665,9.0,1,30.85,0.1302
30,N2C,3,12.3025,0.0,0,19.48,0.0409
30,S2C,3,12.4055,0.0,0,19.31,0.0394
30,E2C,5,6.9451,11.0,2,34.5,0.1493
30,W2C,5,6.9466,10.0,1,34.49,0.1426
31,N2C,4,12.7335,0.0,0,18.82,0.0407
31,S2C,4,12.6289,0.0,0,18.97,0.0422
31,E2C,6,7.2157,13.0,2,33.21,0.1528
31,W2C,6,7.3063,12.0,2,32.79,0.1508
32,N2C,4,11.2115,0.0,0,21.37,0.0626
32,S2C,4,12.6612,0.0,0,18.92,0.0417
32,E2C,6,6.5014,15.0,2,36.85,0.1644
32,W2C,6,6.1982,14.0,2,38.66,0.1681
33,N2C,4,10.1851,0.0,0,23.52,0.0773
33,S2C,4,12.2415,0.0,0,19.57,0.0477
33,E2C,6,6.4592,18.0,3,37.09,0.173
33,W2C,6,6.2015,16.0,2,38.64,0.1694
34,N2C,4,9.7249,1.0,1,24.64,0.0906
34,S2C,4,11.3074,0.0,0,21.19,0.0612
34,E2C,4,9.438,2.0,1,25.39,0.0954
34,W2C,4,8.9861,1.0,1,26.66,0.1013
35,N2C,4,9.4968,2.0,1,25.23,0.0946
35,S2C,4,10.6058,0.0,0,22.59,0.0713
35,E2C,4,10.1299,0.0,0,23.65,0.0781
35,W2C,4,9.6454,0.0,0,24.84,0.0851
36,N2C,4,8.9944,3.0,1,26.64,0.1025
36,S2C,4,9.4392,1.0,1,25.38,0.0948
36,E2C,4,10.366,0.0,0,23.11,0.0747
36,W2C,4,10.2643,0.0,0,23.34,0.0762
37,N2C,5,8.4155,4.0,1,28.47,0.1175
37,S2C,5,8.9388,2.0,1,26.8,0.1086
37,E2C,4,11.9226,0.0,0,20.1,0.0523
37,W2C,4,12.5731,0.0,0,19.06,0.043
38,N2C,5,7.5705,5.0,1,31.65,0.1303
38,S2C,5,8.2588,3.0,1,29.01,0.1191
38,E2C,3,12.3811,0.0,0,19.35,0.0397
38,W2C,4,12.0708,0.0,0,19.85,0.0502
39,N2C,5,7.3522,6.0,1,32.59,0.1341
39,S2C,5,7.151,5.0,2,33.51,0.1424
39,E2C,3,12.6691,0.0,0,18.91,0.0356
39,W2C,3,12.4682,0.0,0,19.22,0.0385
40,N2C,5,7.363,8.0,2,32.54,0.1413
40,S2C,5,7.397,7.0,2,32.39,0.1402
40,E2C,3,12.4948,0.0,0,19.18,0.0381
40,W2C,3,11.9706,0.0,0,20.02,0.0456
41,N2C,5,7.243,10.0,2,33.08,0.1444
41,S2C,5,7.4306,9.0,2,32.24,0.141
41,E2C,3,12.3543,0.0,0,19.39,0.0401
41,W2C,3,12.7624,0.0,0,18.77,0.0342
42,N2C,5,6.895,12.0,2,34.75,0.1507
42,S2C,5,7.6462,11.0,2,31.34,0.1392
42,E2C,3,12.7303,0.0,0,18.82,0.0347
42,W2C,3,13.0866,0.0,0,18.31,0.0296
43,N2C,6,8.2036,14.0,2,29.21,0.1392
43,S2C,6,7.6832,13.0,2,31.18,0.146
43,E2C,4,12.6654,0.0,0,18.92,0.0416
43,W2C,3,12.6844,0.0,0,18.89,0.0354
44,N2C,6,8.0099,16.0,2,29.91,0.1433
44,S2C,6,7.0089,15.0,2,34.19,0.1571
44,E2C,4,12.4399,0.0,0,19.26,0.0449
44,W2C,3,12.6612,0.0,0,18.92,0.0357
45,N2C,6,7.2659,18.0,2,32.98,0.1554
45,S2C,6,6.297,17.0,2,38.05,0.1687
45,E2C,3,12.611,0.0,0,19.0,0.0364
45,W2C,3,12.499,0.0,0,19.17,0.038
46,N2C,6,6.6553,20.0,2,36.0,0.1655
46,S2C,6,6.1906,19.0,2,38.7,0.1715
46,E2C,3,12.2922,0.0,0,19.49,0.041
46,W2C,3,12.5376,0.0,0,19.11,0.0375
47,N2C,6,6.2784,22.0,2,38.16,0.1723
47,S2C,6,6.0824,22.0,3,39.39,0.1811
47,E2C,3,12.5097,0.0,0,19.15,0.0379
47,W2C,3,12.4224,0.0,0,19.29,0.0391
48,N2C,6,5.5491,25.0,3,43.18,0.1908
48,S2C,6,5.4557,25.0,3,43.92,0.1921
48,E2C,3,12.9284,0.0,0,18.53,0.0318
48,W2C,3,12.5124,0.0,0,19.15,0.0378
49,N2C,7,6.1963,28.0,3,38.67,0.1894
49,S2C,7,6.0922,28.0,3,39.33,0.1909
49,E2C,4,13.0737,0.0,0,18.33,0.0358
49,W2C,4,12.7147,0.0,0,18.84,0.0409
50,N2C,7,5.6168,31.0,3,42.66,0.1998
50,S2C,7,5.3967,31.0,3,44.4,0.203
50,E2C,3,12.7856,0.0,0,18.74,0.0339
50,W2C,4,12.6232,0.0,0,18.98,0.0422
51,N2C,7,5.4542,34.0,3,43.93,0.2041
51,S2C,7,5.1236,34.0,3,46.76,0.2089
51,E2C,3,12.6029,0.0,0,19.01,0.0365
51,W2C,3,13.2088,0.0,0,18.14,0.0278
52,N2C,7,5.4367,38.0,4,44.07,0.2131
52,S2C,7,5.3567,37.0,3,44.73,0.2075
52,E2C,3,12.9161,0.0,0,18.55,0.032
52,W2C,3,12.8743,0.0,0,18.61,0.0326
53,N2C,7,5.3221,42.0,4,45.02,0.2174
53,S2C,7,5.1866,40.0,3,46.2,0.212
53,E2C,3,12.7004,0.0,0,18.87,0.0351
53,W2C,3,12.9055,0.0,0,18.57,0.0322
54,N2C,7,5.2216,46.0,4,45.89,0.2215
54,S2C,7,5.2154,44.0,4,45.94,0.2202
54,E2C,3,12.6195,0.0,0,18.99,0.0363
54,W2C,3,12.8194,0.0,0,18.69,0.0334
55,N2C,8,6.3369,50.0,4,37.81,0.2141
55,S2C,8,6.2877,48.0,4,38.11,0.2135
55,E2C,4,13.3214,0.0,0,17.99,0.0322
55,W2C,4,12.7273,0.0,0,18.83,0.0407
56,N2C,8,6.284,54.0,4,38.13,0.2175
56,S2C,8,5.7772,52.0,4,41.47,0.2235
56,E2C,4,12.9711,0.0,0,18.47,0.0372
56,W2C,3,12.7432,0.0,0,18.8,0.0345
57,N2C,8,5.8334,58.0,4,41.07,0.2267
57,S2C,8,5.2836,56.0,4,45.35,0.2333
57,E2C,3,13.1718,0.0,0,18.19,0.0283
57,W2C,3,13.0579,0.0,0,18.35,0.03
58,N2C,8,5.2303,62.0,4,45.81,0.238
58,S2C,8,4.8088,60.0,4,49.82,0.2428
58,E2C,3,12.8957,0.0,0,18.58,0.0323
58,W2C,3,13.1831,0.0,0,18.17,0.0282
59,N2C,8,4.7769,66.0,4,50.16,0.2472
59,S2C,8,4.8581,65.0,5,49.32,0.2514
59,E2C,3,12.9352,0.0,0,18.52,0.0317
59,W2C,3,12.833,0.0,0,18.67,0.0332
60,N2C,8,4.1666,70.0,4,57.5,0.2587
60,S2C,8,4.6974,70.0,5,51.01,0.257
60,E2C,3,13.0991,0.0,0,18.29,0.0294
60,W2C,3,12.7525,0.0,0,18.79,0.0344
61,N2C,9,4.6043,75.0,5,52.04,0.2677
61,S2C,9,5.4365,75.0,5,44.07,0.2557
61,E2C,3,13.3946,0.0,0,17.89,0.0251
61,W2C,3,12.9356,0.0,0,18.52,0.0317
62,N2C,9,4.5029,80.0,5,53.21,0.2725
62,S2C,9,4.7718,80.0,5,50.21,0.2686
62,E2C,3,13.3123,0.0,0,18.0,0.0263
62,W2C,3,12.4342,0.0,0,19.27,0.039
63,N2C,9,4.3825,86.0,6,54.67,0.2842
63,S2C,9,4.541,85.0,5,52.76,0.2753
63,E2C,3,13.3986,0.0,0,17.88,0.0251
63,W2C,3,12.7852,0.0,0,18.74,0.0339
64,N2C,9,4.4837,92.0,6,53.44,0.2868
64,S2C,9,4.4095,90.0,5,54.34,0.2805
64,E2C,3,13.2286,0.0,0,18.11,0.0275
64,W2C,3,12.7454,0.0,0,18.8,0.0345
65,N2C,9,3.7808,98.0,6,63.37,0.3009
65,S2C,9,4.0239,96.0,6,59.54,0.2961
65,E2C,3,13.4051,0.0,0,17.87,0.025
65,W2C,3,12.8239,0.0,0,18.68,0.0334
66,N2C,9,3.4337,104.0,6,69.78,0.3099
66,S2C,9,3.4982,102.0,6,68.49,0.3076
66,E2C,3,12.8305,0.0,0,18.67,0.0333
66,W2C,3,12.5922,0.0,0,19.03,0.0367
67,N2C,8,5.0346,48.0,4,47.59,0.2315
67,S2C,8,5.2061,47.0,4,46.02,0.2284
67,E2C,4,11.7144,0.0,0,20.45,0.0553
67,W2C,4,11.015,0.0,0,21.75,0.0654
68,N2C,8,5.3199,14.0,2,45.04,0.1927
68,S2C,8,5.4372,14.0,2,44.07,0.191
68,E2C,4,11.0011,0.0,0,21.78,0.0656
68,W2C,4,9.9119,0.0,0,24.17,0.0813
69,N2C,8,6.1015,1.0,1,39.27,0.1668
69,S2C,8,6.1874,0.0,0,38.72,0.1589
69,E2C,4,9.9186,0.0,0,24.16,0.0812
69,W2C,4,9.5178,0.0,0,25.17,0.087
70,N2C,6,7.8232,0.0,0,30.63,0.1234
70,S2C,6,7.4826,0.0,0,32.02,0.1283
70,E2C,4,10.1483,0.0,0,23.61,0.0779
70,W2C,4,9.1353,0.0,0,26.23,0.0925
71,N2C,6,8.3026,0.0,0,28.86,0.1165
71,S2C,6,7.9209,0.0,0,30.25,0.1219
71,E2C,4,9.965,1.0,1,24.04,0.0872
71,W2C,4,9.3556,1.0,1,25.61,0.096
72,N2C,5,9.087,0.0,0,26.37,0.0992
72,S2C,5,9.0047,0.0,0,26.61,0.1003
72,E2C,4,9.4927,2.0,1,25.24,0.0946
72,W2C,4,9.5847,2.0,1,25.0,0.0933
73,N2C,5,10.4023,0.0,0,23.03,0.0802
73,S2C,5,10.3692,0.0,0,23.11,0.0807
73,E2C,5,9.3888,3.0,1,25.52,0.1028
73,W2C,5,10.1685,3.0,1,23.56,0.0916
74,N2C,5,10.7104,0.0,0,22.37,0.0758
74,S2C,4,11.1951,0.0,0,21.4,0.0628
74,E2C,5,8.2609,4.0,1,29.0,0.1197
74,W2C,5,9.8608,4.0,1,24.3,0.0967
75,N2C,3,12.3709,0.0,0,19.37,0.0399
75,S2C,3,12.2806,0.0,0,19.51,0.0412
75,E2C,5,7.5375,5.0,1,31.79,0.1308
75,W2C,5,8.654,5.0,1,27.69,0.1147
76,N2C,3,12.7182,0.0,0,18.84,0.0349
76,S2C,3,12.8108,0.0,0,18.7,0.0335
76,E2C,5,7.5592,6.0,1,31.7,0.1312
76,W2C,5,8.4457,6.0,1,28.37,0.1184
77,N2C,3,12.4849,0.0,0,19.19,0.0382
77,S2C,3,12.2988,0.0,0,19.48,0.0409
77,E2C,5,7.4706,8.0,2,32.07,0.1398
77,W2C,5,7.9671,7.0,1,30.07,0.1259
78,N2C,3,12.6058,0.0,0,19.01,0.0365
78,S2C,3,12.3755,0.0,0,19.36,0.0398
78,E2C,5,6.7348,10.0,2,35.58,0.1517
78,W2C,5,6.7511,9.0,2,35.49,0.1508
79,N2C,3,12.831,0.0,0,18.67,0.0332
79,S2C,4,12.7994,0.0,0,18.72,0.0397
79,E2C,6,7.1491,12.0,2,33.51,0.1531
79,W2C,6,7.3256,11.0,2,32.71,0.1499
80,N2C,3,12.8466,0.0,0,18.65,0.033
80,S2C,3,12.4453,0.0,0,19.25,0.0388
80,E2C,6,6.4448,14.0,2,37.18,0.1645
80,W2C,6,6.6475,13.0,2,36.04,0.1609
81,N2C,3,12.82,0.0,0,18.69,0.0334
81,S2C,3,12.609,0.0,0,19.0,0.0364
81,E2C,6,6.1744,16.0,2,38.81,0.1698
81,W2C,6,6.6765,15.0,2,35.89,0.1619
82,N2C,3,12.4859,0.0,0,19.19,0.0382
82,S2C,3,12.4383,0.0,0,19.26,0.0389
82,E2C,6,6.3223,19.0,3,37.9,0.1756
82,W2C,6,6.4767,18.0,3,36.99,0.1727
83,N2C,3,12.7526,0.0,0,18.79,0.0344
83,S2C,3,12.8461,0.0,0,18.65,0.033
83,E2C,6,6.1591,22.0,3,38.9,0.18
83,W2C,6,6.5069,21.0,3,36.82,0.1743
84,N2C,3,12.4657,0.0,0,19.22,0.0385
84,S2C,3,12.4992,0.0,0,19.17,0.038
84,E2C,6,5.6181,25.0,3,42.65,0.1898
84,W2C,6,6.2555,24.0,3,38.3,0.1799
85,N2C,3,12.4112,0.0,0,19.31,0.0393
85,S2C,3,12.9565,0.0,0,18.49,0.0314
85,E2C,7,6.1426,28.0,3,39.01,0.1902
85,W2C,7,6.9257,27.0,3,34.6,0.1783
86,N2C,3,12.0869,0.0,0,19.82,0.044
86,S2C,3,12.4728,0.0,0,19.21,0.0384
86,E2C,7,5.509,31.0,3,43.49,0.2013
86,W2C,7,6.7763,30.0,3,35.36,0.1824
87,N2C,3,12.1274,0.0,0,19.76,0.0434
87,S2C,3,12.322,0.0,0,19.44,0.0406
87,E2C,7,5.2787,34.0,3,45.39,0.2067
87,W2C,7,6.2672,33.0,3,38.23,0.1918
88,N2C,3,12.0686,0.0,0,19.85,0.0442
88,S2C,3,12.74,0.0,0,18.81,0.0346
88,E2C,7,5.4948,38.0,4,43.6,0.2122
88,W2C,7,5.9392,36.0,3,40.34,0.1985
89,N2C,3,12.5661,0.0,0,19.07,0.0371
89,S2C,3,12.2774,0.0,0,19.52,0.0412
89,E2C,7,5.3399,42.0,4,44.87,0.2171
89,W2C,7,5.2699,39.0,3,45.47,0.2101
90,N2C,3,12.4265,0.0,0,19.28,0.0391
90,S2C,3,12.4709,0.0,0,19.21,0.0384
90,E2C,7,5.5104,46.0,4,43.48,0.2173
90,W2C,7,4.5384,43.0,4,52.79,0.2293
91,N2C,4,12.8071,0.0,0,18.71,0.0396
91,S2C,4,12.7145,0.0,0,18.84,0.0409
91,E2C,8,6.3823,50.0,4,37.54,0.2134
91,W2C,8,5.2653,47.0,4,45.51,0.2275
92,N2C,4,11.8703,0.0,0,20.18,0.0531
92,S2C,4,12.7218,0.0,0,18.83,0.0408
92,E2C,8,6.3743,54.0,4,37.59,0.2162
92,W2C,8,4.9537,51.0,4,48.37,0.2347
93,N2C,4,12.6547,0.0,0,18.93,0.0418
93,S2C,4,12.7546,0.0,0,18.79,0.0403
93,E2C,8,5.5106,58.0,4,43.48,0.2313
93,W2C,8,4.9393,56.0,5,48.51,0.2442
94,N2C,3,12.5182,0.0,0,19.14,0.0378
94,S2C,4,12.5279,0.0,0,19.13,0.0436
94,E2C,8,5.2909,62.0,4,45.29,0.2372
94,W2C,8,4.9177,61.0,5,48.72,0.2479
95,N2C,3,12.7351,0.0,0,18.81,0.0346
95,S2C,3,13.1053,0.0,0,18.28,0.0293
95,E2C,8,4.7641,67.0,5,50.29,0.2541
95,W2C,8,4.6591,66.0,5,51.43,0.2549
96,N2C,3,12.7854,0.0,0,18.74,0.0339
96,S2C,3,13.4045,0.0,0,17.87,0.025
96,E2C,8,4.2113,72.0,5,56.89,0.2654
96,W2C,8,3.9586,71.0,5,60.53,0.2683
97,N2C,3,12.7976,0.0,0,18.72,0.0337
97,S2C,3,13.2225,0.0,0,18.12,0.0276
97,E2C,9,4.6839,77.0,5,51.15,0.2679
97,W2C,9,4.6791,76.0,5,51.21,0.2673
98,N2C,3,12.404,0.0,0,19.32,0.0394
98,S2C,3,12.6366,0.0,0,18.96,0.036
98,E2C,9,4.27,82.0,5,56.11,0.2772
98,W2C,9,4.2698,81.0,5,56.12,0.2765
99,N2C,3,12.4483,0.0,0,19.25,0.0388
99,S2C,3,12.9049,0.0,0,18.57,0.0322
99,E2C,9,4.21,88.0,6,56.91,0.288
99,W2C,9,4.2072,87.0,6,56.95,0.2874
100,N2C,3,12.6775,0.0,0,18.9,0.0355
100,S2C,3,12.7699,0.0,0,18.76,0.0341
100,E2C,7,5.4112,40.0,4,44.28,0.2148
100,W2C,7,5.4169,40.0,4,44.23,0.2147
101,N2C,3,12.5935,0.0,0,19.03,0.0367
101,S2C,3,12.4419,0.0,0,19.26,0.0389
101,E2C,7,5.334,10.0,2,44.92,0.1839
101,W2C,7,5.4356,12.0,2,44.08,0.1837
102,N2C,3,12.6717,0.0,0,18.91,0.0355
102,S2C,3,12.1495,0.0,0,19.72,0.0431
102,E2C,7,5.5729,0.0,0,42.99,0.1618
102,W2C,7,5.5523,0.0,0,43.15,0.1621
103,N2C,4,12.7858,0.0,0,18.74,0.0399
103,S2C,4,11.4804,0.0,0,20.87,0.0587
103,E2C,6,7.7215,0.0,0,31.03,0.1248
103,W2C,6,7.929,0.0,0,30.22,0.1218
104,N2C,4,12.7172,0.0,0,18.84,0.0409
104,S2C,4,10.4923,0.0,0,22.84,0.0729
104,E2C,6,8.4928,0.0,0,28.21,0.1137
104,W2C,6,8.0866,0.0,0,29.63,0.1196
105,N2C,4,11.4449,0.0,0,20.94,0.0592
105,S2C,4,9.6047,1.0,1,24.95,0.0924
105,E2C,6,9.229,0.0,0,25.96,0.1031
105,W2C,6,9.1351,0.0,0,26.23,0.1045
106,N2C,4,10.3259,0.0,0,23.2,0.0753
106,S2C,4,9.4698,2.0,1,25.3,0.095
106,E2C,4,11.0094,0.0,0,21.76,0.0655
106,W2C,4,10.9056,0.0,0,21.97,0.067
107,N2C,4,9.7847,0.0,0,24.49,0.0831
107,S2C,4,9.5953,3.0,1,24.97,0.0938
107,E2C,4,11.2988,0.0,0,21.21,0.0613
107,W2C,4,11.3895,0.0,0,21.04,0.06
108,N2C,4,9.1569,1.0,1,26.17,0.0988
108,S2C,4,8.7252,4.0,1,27.46,0.107
108,E2C,3,12.8889,0.0,0,18.59,0.0324
108,W2C,3,12.551,0.0,0,19.09,0.0373
109,N2C,5,9.3725,2.0,1,25.56,0.1024
109,S2C,5,8.9066,5.0,1,26.9,0.1111
109,E2C,3,13.0224,0.0,0,18.4,0.0305
109,W2C,4,13.0341,0.0,0,18.38,0.0363
110,N2C,5,8.2492,3.0,1,29.05,0.1192
110,S2C,5,8.1781,6.0,1,29.3,0.1222
110,E2C,3,12.6502,0.0,0,18.94,0.0359
110,W2C,3,12.4316,0.0,0,19.27,0.039
111,N2C,5,7.7003,4.0,1,31.12,0.1278
111,S2C,5,7.5612,7.0,1,31.69,0.1318
111,E2C,3,12.1115,0.0,0,19.78,0.0436
111,W2C,3,12.81,0.0,0,18.7,0.0336
112,N2C,5,7.711,5.0,1,31.07,0.1283
112,S2C,5,7.4383,9.0,2,32.21,0.1409
112,E2C,3,12.6095,0.0,0,19.0,0.0364
112,W2C,3,12.2317,0.0,0,19.59,0.0419
113,N2C,5,7.4938,7.0,2,31.97,0.1388
113,S2C,5,7.77,11.0,2,30.84,0.1375
113,E2C,3,12.2965,0.0,0,19.49,0.0409
113,W2C,3,12.7395,0.0,0,18.81,0.0346
114,N2C,5,7.6068,9.0,2,31.5,0.1385
114,S2C,5,7.5825,13.0,2,31.6,0.1415
114,E2C,3,12.6492,0.0,0,18.94,0.0359
114,W2C,3,12.7897,0.0,0,18.73,0.0338
115,N2C,6,8.027,11.0,2,29.85,0.1398
115,S2C,6,8.6426,15.0,2,27.72,0.1336
115,E2C,4,13.1545,0.0,0,18.21,0.0346
115,W2C,4,12.8856,0.0,0,18.59,0.0385
116,N2C,6,7.1925,13.0,2,33.31,0.1531
116,S2C,6,8.2072,17.0,2,29.19,0.1412
116,E2C,4,12.2658,0.0,0,19.53,0.0474
116,W2C,4,12.5291,0.0,0,19.12,0.0436
117,N2C,6,6.913,15.0,2,34.66,0.1585
117,S2C,6,7.5778,19.0,2,31.62,0.1516
117,E2C,3,12.9743,0.0,0,18.47,0.0312
117,W2C,3,12.6727,0.0,0,18.91,0.0355
118,N2C,6,6.5525,17.0,2,36.57,0.165
118,S2C,6,6.7477,21.0,2,35.51,0.1648
118,E2C,3,12.927,0.0,0,18.53,0.0319
118,W2C,3,13.0246,0.0,0,18.4,0.0305
119,N2C,6,6.3469,20.0,3,37.75,0.1759
119,S2C,6,6.6416,23.0,2,36.08,0.1677
119,E2C,3,13.2491,0.0,0,18.08,0.0272
119,W2C,3,12.945,0.0,0,18.51,0.0316
120,N2C,6,5.7387,23.0,3,41.75,0.1867
120,S2C,6,5.8799,25.0,2,40.75,0.18
120,E2C,3,12.6487,0.0,0,18.94,0.0359
120,W2C,3,12.9943,0.0,0,18.44,0.0309
121,N2C,7,6.1531,26.0,3,38.94,0.1887
121,S2C,7,6.6026,28.0,3,36.29,0.1836
121,E2C,3,13.3515,0.0,0,17.95,0.0258
121,W2C,4,13.2315,0.0,0,18.11,0.0335
122,N2C,7,5.6677,29.0,3,42.27,0.1977
122,S2C,7,5.8143,31.0,3,41.21,0.1969
122,E2C,3,13.4553,0.0,0,17.81,0.0243
122,W2C,3,13.3118,0.0,0,18.0,0.0263
123,N2C,7,5.515,33.0,4,43.45,0.2086
123,S2C,7,5.5601,34.0,3,43.09,0.2026
123,E2C,3,12.856,0.0,0,18.64,0.0329
123,W2C,3,13.1478,0.0,0,18.22,0.0287
124,N2C,7,5.4807,37.0,4,43.72,0.2118
124,S2C,7,5.4672,37.0,3,43.82,0.2059
124,E2C,3,12.7835,0.0,0,18.74,0.0339
124,W2C,3,12.8363,0.0,0,18.67,0.0332
125,N2C,7,5.6485,41.0,4,42.42,0.212
125,S2C,7,5.3028,41.0,4,45.18,0.217
125,E2C,3,13.0972,0.0,0,18.29,0.0294
125,W2C,3,13.34,0.0,0,17.96,0.0259
126,N2C,7,5.3604,45.0,4,44.7,0.2188
126,S2C,7,4.7049,45.0,4,50.93,0.2283
126,E2C,3,13.0661,0.0,0,18.34,0.0299
126,W2C,3,12.6122,0.0,0,19.0,0.0364
127,N2C,8,6.0471,49.0,4,39.62,0.2176
127,S2C,8,5.4037,49.0,4,44.34,0.2269
127,E2C,4,13.1948,0.0,0,18.16,0.034
127,W2C,4,13.5077,0.0,0,17.74,0.0295
128,N2C,8,5.4682,53.0,4,43.82,0.2286
128,S2C,8,4.9327,53.0,4,48.57,0.2363
128,E2C,3,13.1188,0.0,0,18.26,0.0291
128,W2C,3,12.8597,0.0,0,18.63,0.0328
129,N2C,8,5.0738,57.0,4,47.22,0.2369
129,S2C,8,4.7275,58.0,5,50.68,0.2486
129,E2C,3,13.2069,0.0,0,18.14,0.0278
129,W2C,3,12.6702,0.0,0,18.91,0.0356
130,N2C,8,4.9271,62.0,5,48.63,0.2484
130,S2C,8,4.9088,63.0,5,48.81,0.2493
130,E2C,3,13.2548,0.0,0,18.08,0.0271
130,W2C,3,13.0949,0.0,0,18.3,0.0294
131,N2C,8,4.6273,67.0,5,51.78,0.256
131,S2C,8,4.9538,68.0,5,48.37,0.252
131,E2C,3,13.449,0.0,0,17.82,0.0243
131,W2C,3,13.3448,0.0,0,17.95,0.0259
132,N2C,8,4.2117,72.0,5,56.89,0.2654
132,S2C,8,4.3719,73.0,5,54.8,0.2637
132,E2C,3,12.5321,0.0,0,19.12,0.0376
132,W2C,3,11.8291,0.0,0,20.26,0.0477
133,N2C,7,6.1149,30.0,3,39.18,0.192
133,S2C,7,6.352,27.0,3,37.72,0.1865
133,E2C,4,11.8512,0.0,0,20.22,0.0534
133,W2C,4,10.9853,0.0,0,21.81,0.0658
134,N2C,7,6.0249,6.0,2,39.77,0.1712
134,S2C,7,6.1174,6.0,1,39.17,0.1639
134,E2C,4,10.6477,0.0,0,22.5,0.0707
134,W2C,4,10.1806,0.0,0,23.54,0.0774
135,N2C,7,6.9385,0.0,0,34.53,0.1421
135,S2C,7,6.5772,0.0,0,36.43,0.1473
135,E2C,4,9.7316,0.0,0,24.62,0.0839
135,W2C,4,9.528,0.0,0,25.15,0.0868
136,N2C,5,8.7198,0.0,0,27.48,0.1044
136,S2C,6,7.8943,0.0,0,30.35,0.1223
136,E2C,4,10.0227,1.0,1,23.91,0.0864
136,W2C,4,9.5285,1.0,1,25.15,0.0935
137,N2C,5,8.7296,0.0,0,27.45,0.1043
137,S2C,5,9.0005,0.0,0,26.62,0.1004
137,E2C,4,9.9463,2.0,1,24.09,0.0881
137,W2C,4,9.4503,2.0,1,25.35,0.0953
138,N2C,5,8.7507,0.0,0,27.38,0.104
138,S2C,5,8.936,0.0,0,26.81,0.1013
138,E2C,4,9.6919,3.0,1,24.72,0.0924
138,W2C,4,9.0985,3.0,1,26.33,0.101
139,N2C,4,12.0255,0.0,0,19.92,0.0508
139,S2C,4,11.7702,0.0,0,20.36,0.0545
139,E2C,5,9.4849,4.0,1,25.26,0.1021
139,W2C,5,9.7597,4.0,1,24.55,0.0981
140,N2C,4,11.029,0.0,0,21.72,0.0652
140,S2C,4,11.7528,0.0,0,20.39,0.0548
140,E2C,5,8.3024,5.0,1,28.86,0.1198
140,W2C,5,8.6034,5.0,1,27.85,0.1155
141,N2C,3,12.3247,0.0,0,19.44,0.0405
141,S2C,3,12.9696,0.0,0,18.47,0.0313
141,E2C,5,8.1797,6.0,1,29.29,0.1222
141,W2C,5,7.6848,6.0,1,31.18,0.1293
142,N2C,3,12.2713,0.0,0,19.53,0.0413
142,S2C,3,12.6202,0.0,0,18.99,0.0363
142,E2C,5,7.8111,8.0,2,30.67,0.1349
142,W2C,5,7.4765,7.0,1,32.05,0.133
143,N2C,3,12.3565,0.0,0,19.39,0.0401
143,S2C,3,12.9229,0.0,0,18.54,0.0319
143,E2C,5,7.8529,10.0,2,30.51,0.1356
143,W2C,5,7.6483,9.0,2,31.33,0.1379
144,N2C,3,12.17,0.0,0,19.69,0.0428
144,S2C,3,13.0365,0.0,0,18.38,0.0303
144,E2C,5,7.0085,12.0,2,34.19,0.1491
144,W2C,5,7.0573,11.0,2,33.95,0.1477
145,N2C,3,12.5638,0.0,0,19.07,0.0371
145,S2C,4,12.8348,0.0,0,18.67,0.0392
145,E2C,6,7.6083,14.0,2,31.49,0.1478
145,W2C,6,7.5936,13.0,2,31.55,0.1473
146,N2C,3,12.761,0.0,0,18.78,0.0343
146,S2C,3,12.0805,0.0,0,19.83,0.0441
146,E2C,6,6.8383,16.0,2,35.04,0.1602
146,W2C,6,6.7101,15.0,2,35.71,0.1614
147,N2C,3,12.9898,0.0,0,18.45,0.031
147,S2C,3,12.2876,0.0,0,19.5,0.0411
147,E2C,6,6.6275,19.0,3,36.15,0.1712
147,W2C,6,6.5492,18.0,3,36.58,0.1717
148,N2C,3,12.6135,0.0,0,19.0,0.0364
148,S2C,3,12.7386,0.0,0,18.81,0.0346
148,E2C,6,6.69,22.0,3,35.81,0.1723
148,W2C,6,6.4473,21.0,3,37.16,0.1752
149,N2C,3,12.6934,0.0,0,18.88,0.0352
149,S2C,3,12.0557,0.0,0,19.87,0.0444
149,E2C,6,6.5431,25.0,3,36.62,0.1765
149,W2C,6,6.3665,24.0,3,37.63,0.1783
150,N2C,3,12.934,0.0,0,18.52,0.0318
150,S2C,3,12.3377,0.0,0,19.42,0.0404
150,E2C,6,6.007,28.0,3,39.89,0.1862
150,W2C,6,6.2736,27.0,3,38.19,0.1817
151,N2C,3,12.3418,0.0,0,19.41,0.0403
151,S2C,3,12.3214,0.0,0,19.45,0.0406
151,E2C,7,6.212,31.0,3,38.57,0.1912
151,W2C,7,7.5062,30.0,3,31.92,0.1719
152,N2C,3,12.6887,0.0,0,18.88,0.0353
152,S2C,3,12.6592,0.0,0,18.93,0.0357
152,E2C,7,5.5687,34.0,3,43.03,0.2025
152,W2C,7,6.9945,33.0,3,34.26,0.1813
153,N2C,3,12.5284,0.0,0,19.12,0.0376
153,S2C,3,11.9769,0.0,0,20.01,0.0455
153,E2C,7,5.8797,37.0,3,40.75,0.2
153,W2C,7,6.2397,36.0,3,38.4,0.1942
154,N2C,3,12.7058,0.0,0,18.86,0.0351
154,S2C,3,11.8906,0.0,0,20.15,0.0468
154,E2C,7,5.5863,41.0,4,42.89,0.2129
154,W2C,7,5.6125,39.0,3,42.69,0.2052
155,N2C,3,12.3259,0.0,0,19.44,0.0405
155,S2C,3,11.893,0.0,0,20.15,0.0468
155,E2C,7,5.4041,45.0,4,44.34,0.2182
155,W2C,7,5.4242,42.0,3,44.17,0.2099
156,N2C,3,12.5249,0.0,0,19.13,0.0377
156,S2C,3,12.3016,0.0,0,19.48,0.0409
156,E2C,7,4.8525,49.0,4,49.38,0.2288
156,W2C,7,4.8747,45.0,3,49.15,0.2198
157,N2C,4,12.3942,0.0,0,19.33,0.0455
157,S2C,4,12.889,0.0,0,18.59,0.0384
157,E2C,8,5.346,53.0,4,44.82,0.2304
157,W2C,8,5.4132,48.0,3,44.26,0.2201
158,N2C,4,12.4209,0.0,0,19.29,0.0452
158,S2C,4,12.4306,0.0,0,19.28,0.045
158,E2C,8,4.9462,57.0,4,48.44,0.2388
158,W2C,8,4.8248,53.0,5,49.66,0.2439
159,N2C,4,12.4749,0.0,0,19.21,0.0444
159,S2C,3,12.3497,0.0,0,19.4,0.0402
159,E2C,8,4.8051,62.0,5,49.86,0.2501
159,W2C,8,4.9459,58.0,5,48.44,0.2455
160,N2C,4,12.3448,0.0,0,19.41,0.0462
160,S2C,3,13.0032,0.0,0,18.43,0.0308
160,E2C,8,4.8263,67.0,5,49.64,0.2532
160,W2C,8,4.9178,63.0,5,48.72,0.2492
161,N2C,3,12.47,0.0,0,19.21,0.0384
161,S2C,3,12.6238,0.0,0,18.98,0.0362
161,E2C,8,4.6711,72.0,5,51.29,0.2587
161,W2C,8,4.4076,68.0,5,54.36,0.2599
162,N2C,3,12.4573,0.0,0,19.23,0.0386
162,S2C,3,12.492,0.0,0,19.18,0.0381
162,E2C,8,4.1123,77.0,5,58.26,0.2701
162,W2C,8,4.0703,73.0,5,58.86,0.2681
163,N2C,3,13.0129,0.0,0,18.41,0.0306
163,S2C,4,12.8371,0.0,0,18.66,0.0392
163,E2C,9,4.7686,82.0,5,50.25,0.27
163,W2C,9,4.5749,78.0,5,52.37,0.2701
164,N2C,3,12.7788,0.0,0,18.75,0.034
164,S2C,4,12.4953,0.0,0,19.18,0.0441
164,E2C,9,4.2068,87.0,5,56.96,0.2814
164,W2C,9,4.1763,83.0,5,57.37,0.2792
165,N2C,3,12.6235,0.0,0,18.98,0.0362
165,S2C,4,11.4585,0.0,0,20.91,0.059
165,E2C,9,4.3042,93.0,6,55.67,0.29
165,W2C,9,4.1647,88.0,5,57.53,0.2827
166,N2C,3,12.5573,0.0,0,19.08,0.0372
166,S2C,4,10.4148,0.0,0,23.01,0.074
166,E2C,7,5.5419,43.0,4,43.23,0.2149
166,W2C,7,5.2768,39.0,4,45.41,0.216
167,N2C,3,12.8442,0.0,0,18.65,0.0331
167,S2C,4,9.7534,0.0,0,24.57,0.0836
167,E2C,7,5.714,12.0,2,41.93,0.1797
167,W2C,7,5.5466,12.0,2,43.2,0.1821
168,N2C,3,11.6795,0.0,0,20.51,0.0498
168,S2C,4,9.5359,0.0,0,25.13,0.0867
168,E2C,7,6.1512,0.0,0,38.95,0.1534
168,W2C,7,5.8065,0.0,0,41.26,0.1584
169,N2C,4,11.0474,0.0,0,21.69,0.0649
169,S2C,5,9.8855,1.0,1,24.24,0.0943
169,E2C,6,8.1806,0.0,0,29.29,0.1182
169,W2C,6,8.0252,0.0,0,29.86,0.1204
170,N2C,4,10.3957,0.0,0,23.05,0.0743
170,S2C,5,8.951,2.0,1,26.77,0.1084
170,E2C,6,8.567,0.0,0,27.97,0.1126
170,W2C,6,7.9845,0.0,0,30.01,0.121
171,N2C,4,9.6843,0.0,0,24.74,0.0846
171,S2C,5,8.0599,3.0,1,29.73,0.1219
171,E2C,5,9.8664,0.0,0,24.28,0.0879
171,W2C,5,9.611,0.0,0,24.93,0.0916
172,N2C,4,9.4379,0.0,0,25.39,0.0881
172,S2C,5,8.1143,4.0,1,29.53,0.1218
172,E2C,4,11.2544,0.0,0,21.29,0.0619
172,W2C,4,10.7434,0.0,0,22.3,0.0693
173,N2C,4,9.6604,1.0,1,24.8,0.0916
173,S2C,5,7.7439,6.0,2,30.94,0.1345
173,E2C,4,11.4114,0.0,0,21.0,0.0597
173,W2C,4,10.9274,0.0,0,21.93,0.0667
174,N2C,4,9.7667,2.0,1,24.53,0.0907
174,S2C,5,6.8241,8.0,2,35.11,0.1491
174,E2C,3,12.6811,0.0,0,18.89,0.0354
174,W2C,3,12.7339,0.0,0,18.82,0.0346
175,N2C,5,10.3293,3.0,1,23.2,0.0893
175,S2C,6,7.3583,10.0,2,32.56,0.1487
175,E2C,3,13.0625,0.0,0,18.34,0.0299
175,W2C,3,12.3821,0.0,0,19.35,0.0397
176,N2C,5,10.3633,4.0,1,23.12,0.0894
176,S2C,6,6.5009,12.0,2,36.86,0.1624
176,E2C,3,12.7252,0.0,0,18.83,0.0348
176,W2C,3,11.9864,0.0,0,19.99,0.0454
177,N2C,5,9.1738,5.0,1,26.12,0.1072
177,S2C,6,6.5795,15.0,3,36.42,0.1693
177,E2C,3,12.9461,0.0,0,18.51,0.0316
177,W2C,3,12.3681,0.0,0,19.37,0.0399
178,N2C,5,8.7334,6.0,1,27.43,0.1142
178,S2C,6,6.419,18.0,3,37.33,0.1736
178,E2C,3,13.1001,0.0,0,18.29,0.0294
178,W2C,3,12.3136,0.0,0,19.46,0.0407
179,N2C,5,8.2885,7.0,1,28.91,0.1213
179,S2C,6,6.5354,21.0,3,36.66,0.1739
179,E2C,3,12.734,0.0,0,18.82,0.0346
179,W2C,3,11.9353,0.0,0,20.07,0.0461
180,N2C,5,7.325,8.0,1,32.71,0.1359
180,S2C,6,6.4833,24.0,3,36.96,0.1766
180,E2C,3,13.1644,0.0,0,18.2,0.0284
180,W2C,3,12.6329,0.0,0,18.97,0.0361
181,N2C,6,7.3128,10.0,2,32.76,0.1494
181,S2C,7,7.1376,27.0,3,33.57,0.1752
181,E2C,4,13.0927,0.0,0,18.3,0.0355
181,W2C,4,12.6329,0.0,0,18.97,0.0421
182,N2C,6,6.7796,12.0,2,35.34,0.1584
182,S2C,7,6.3455,30.0,3,37.76,0.1886
182,E2C,4,12.7724,0.0,0,18.76,0.0401
182,W2C,4,12.6056,0.0,0,19.01,0.0425
183,N2C,6,6.5515,14.0,2,36.57,0.163
183,S2C,7,5.5969,33.0,3,42.81,0.2014
183,E2C,3,13.3913,0.0,0,17.89,0.0252
183,W2C,4,12.5924,0.0,0,19.03,0.0427
184,N2C,6,6.5511,17.0,3,36.57,0.171
184,S2C,7,5.8225,36.0,3,41.15,0.2002
184,E2C,3,13.4596,0.0,0,17.8,0.0242
184,W2C,3,13.1667,0.0,0,18.2,0.0284
185,N2C,6,6.4384,20.0,3,37.21,0.1746
185,S2C,7,5.4636,40.0,4,43.85,0.214
185,E2C,3,13.2515,0.0,0,18.08,0.0272
185,W2C,3,12.7943,0.0,0,18.73,0.0338
186,N2C,6,5.6946,23.0,3,42.08,0.1873
186,S2C,7,4.8144,44.0,4,49.77,0.226
186,E2C,3,13.1751,0.0,0,18.19,0.0283
186,W2C,3,13.0251,0.0,0,18.4,0.0305
187,N2C,7,6.2747,26.0,3,38.19,0.187
187,S2C,8,5.4235,48.0,4,44.18,0.2259
187,E2C,3,13.3823,0.0,0,17.9,0.0253
187,W2C,4,12.7709,0.0,0,18.76,0.0401
188,N2C,7,5.7908,29.0,3,41.38,0.196
188,S2C,8,4.9995,52.0,4,47.92,0.2347
188,E2C,3,13.1774,0.0,0,18.18,0.0283
188,W2C,4,12.0866,0.0,0,19.82,0.05
189,N2C,7,5.4148,32.0,3,44.25,0.2034
189,S2C,8,4.9008,57.0,5,48.89,0.2454
189,E2C,3,13.1216,0.0,0,18.26,0.0291
189,W2C,3,12.2064,0.0,0,19.63,0.0422
190,N2C,7,5.6318,36.0,4,42.54,0.2089
190,S2C,8,5.0916,62.0,5,47.06,0.246
190,E2C,3,12.9317,0.0,0,18.53,0.0318
190,W2C,3,12.0815,0.0,0,19.83,0.044
191,N2C,7,5.27,40.0,4,45.46,0.2168
191,S2C,8,4.6413,67.0,5,51.62,0.2558
191,E2C,3,13.1582,0.0,0,18.21,0.0285
191,W2C,3,12.2931,0.0,0,19.49,0.041
192,N2C,7,4.7954,44.0,4,49.96,0.2263
192,S2C,8,4.172,72.0,5,57.43,0.2659
192,E2C,3,13.2566,0.0,0,18.07,0.0271
192,W2C,3,12.7651,0.0,0,18.77,0.0342
193,N2C,8,5.3478,48.0,4,44.8,0.227
193,S2C,9,4.7769,77.0,5,50.16,0.2666
193,E2C,3,13.588,0.0,0,17.63,0.0223
193,W2C,3,12.892,0.0,0,18.59,0.0324
194,N2C,8,4.8514,53.0,5,49.39,0.2435
194,S2C,9,4.3102,82.0,5,55.59,0.2766
194,E2C,3,13.4963,0.0,0,17.75,0.0237
194,W2C,3,12.2867,0.0,0,19.5,0.0411
195,N2C,8,4.8144,58.0,5,49.77,0.2473
195,S2C,9,4.4435,87.0,5,53.92,0.278
195,E2C,3,13.4527,0.0,0,17.81,0.0243
195,W2C,3,12.7851,0.0,0,18.74,0.0339
196,N2C,8,4.9011,63.0,5,48.89,0.2494
196,S2C,9,4.3166,93.0,6,55.51,0.2898
196,E2C,3,13.4157,0.0,0,17.86,0.0248
196,W2C,3,12.7733,0.0,0,18.76,0.0341
197,N2C,8,4.8122,68.0,5,49.79,0.254
197,S2C,9,3.9316,99.0,6,60.94,0.2994
197,E2C,3,13.2976,0.0,0,18.02,0.0265
197,W2C,3,12.6761,0.0,0,18.9,0.0355
198,N2C,8,4.4511,73.0,5,53.83,0.2626
198,S2C,9,3.3899,105.0,6,70.68,0.3112
198,E2C,3,12.2674,0.0,0,19.53,0.0414
198,W2C,3,12.2197,0.0,0,19.61,0.0421
199,N2C,7,6.7196,32.0,3,35.66,0.1846
199,S2C,8,5.2213,53.0,4,45.89,0.2322
199,E2C,4,11.7373,0.0,0,20.41,0.055
199,W2C,4,11.0471,0.0,0,21.69,0.0649
200,N2C,7,6.2455,7.0,1,38.36,0.1627
200,S2C,8,5.1621,18.0,3,46.42,0.2037
200,E2C,4,11.0947,0.0,0,21.6,0.0642
200,W2C,4,10.0945,0.0,0,23.74,0.0787
201,N2C,7,6.7024,0.0,0,35.75,0.1455
201,S2C,8,5.9545,2.0,1,40.24,0.1696
201,E2C,4,9.6194,1.0,1,24.91,0.0922
201,W2C,4,9.3065,0.0,0,25.75,0.09
202,N2C,5,9.0531,0.0,0,26.47,0.0996
202,S2C,6,7.781,0.0,0,30.79,0.124
202,E2C,4,9.7011,2.0,1,24.7,0.0916
202,W2C,4,9.6593,0.0,0,24.81,0.0849
203,N2C,5,9.3977,0.0,0,25.5,0.0947
203,S2C,6,8.0712,0.0,0,29.69,0.1198
203,E2C,4,10.1208,3.0,1,23.67,0.0863
203,W2C,4,9.5817,1.0,1,25.01,0.0927
204,N2C,4,10.1728,0.0,0,23.55,0.0775
204,S2C,5,8.9424,0.0,0,26.79,0.1012
204,E2C,4,9.2814,4.0,1,25.82,0.099
204,W2C,4,9.4746,2.0,1,25.29,0.0949
205,N2C,4,12.4469,0.0,0,19.25,0.0448
205,S2C,5,10.622,0.0,0,22.56,0.0771
205,E2C,5,9.6438,5.0,1,24.84,0.1005
205,W2C,5,10.1101,3.0,1,23.7,0.0924
206,N2C,4,12.167,0.0,0,19.69,0.0488
206,S2C,5,10.727,0.0,0,22.34,0.0755
206,E2C,5,8.9941,6.0,1,26.64,0.1105
206,W2C,5,10.262,4.0,1,23.35,0.0909
207,N2C,3,13.244,0.0,0,18.09,0.0273
207,S2C,3,13.1358,0.0,0,18.24,0.0289
207,E2C,5,7.8487,7.0,1,30.53,0.1277
207,W2C,5,9.959,5.0,1,24.06,0.0959
208,N2C,3,12.8535,0.0,0,18.64,0.0329
208,S2C,3,13.4947,0.0,0,17.76,0.0237
208,E2C,5,8.1099,9.0,2,29.54,0.1312
208,W2C,5,10.0,6.0,1,23.96,0.096
209,N2C,3,12.97,0.0,0,18.47,0.0312
209,S2C,3,13.4024,0.0,0,17.88,0.025
209,E2C,5,7.9381,11.0,2,30.18,0.135
209,W2C,5,8.9359,7.0,1,26.81,0.112
210,N2C,3,12.7356,0.0,0,18.81,0.0346
210,S2C,3,13.1835,0.0,0,18.17,0.0282
210,E2C,5,7.1181,13.0,2,33.66,0.1482
210,W2C,5,7.2377,8.0,1,33.1,0.1371
211,N2C,3,12.9652,0.0,0,18.48,0.0313
211,S2C,3,13.5425,0.0,0,17.69,0.023
211,E2C,6,7.3172,15.0,2,32.74,0.1526
211,W2C,6,7.3761,9.0,1,32.48,0.1418
212,N2C,3,13.0403,0.0,0,18.37,0.0302
212,S2C,3,13.1718,0.0,0,18.19,0.0283
212,E2C,6,6.7381,17.0,2,35.56,0.1623
212,W2C,6,6.7314,11.0,2,35.59,0.1584
213,N2C,3,13.1841,0.0,0,18.17,0.0282
213,S2C,3,13.3236,0.0,0,17.98,0.0262
213,E2C,6,6.3518,19.0,2,37.72,0.1692
213,W2C,6,6.6246,13.0,2,36.17,0.1613
214,N2C,3,12.7273,0.0,0,18.83,0.0347
214,S2C,3,13.1441,0.0,0,18.23,0.0287
214,E2C,6,6.6385,22.0,3,36.09,0.1731
214,W2C,6,6.5416,16.0,3,36.63,0.1705
215,N2C,3,13.079,0.0,0,18.32,0.0297
215,S2C,3,13.4357,0.0,0,17.83,0.0245
215,E2C,6,6.4111,25.0,3,37.37,0.1784
215,W2C,6,6.2541,19.0,3,38.31,0.1766
216,N2C,3,13.3977,0.0,0,17.88,0.0251
216,S2C,3,13.3253,0.0,0,17.98,0.0261
216,E2C,6,5.6202,28.0,3,42.63,0.1917
216,W2C,6,5.7609,22.0,3,41.59,0.1857
217,N2C,4,12.3224,0.0,0,19.44,0.0466
217,S2C,3,13.4849,0.0,0,17.77,0.0238
217,E2C,7,6.2002,31.0,3,38.64,0.1914
217,W2C,7,6.3438,25.0,3,37.77,0.1853
218,N2C,3,12.2063,0.0,0,19.63,0.0422
218,S2C,3,13.3006,0.0,0,18.01,0.0265
218,E2C,7,5.3774,34.0,3,44.56,0.2052
218,W2C,7,5.4697,28.0,3,43.81,0.1999
219,N2C,3,11.7789,0.0,0,20.34,0.0484
219,S2C,3,13.0354,0.0,0,18.38,0.0303
219,E2C,7,5.2237,37.0,3,45.87,0.2095
219,W2C,7,5.7544,31.0,3,41.64,0.1978
220,N2C,3,11.7458,0.0,0,20.4,0.0489
220,S2C,3,13.087,0.0,0,18.31,0.0296
220,E2C,7,5.3601,41.0,4,44.7,0.2162
220,W2C,7,5.4485,35.0,4,43.98,0.2109
221,N2C,3,12.0775,0.0,0,19.84,0.0441
221,S2C,3,13.4425,0.0,0,17.82,0.0244
221,E2C,7,4.8909,45.0,4,48.99,0.2256
221,W2C,7,5.5609,39.0,4,43.09,0.2119
222,N2C,3,11.5049,0.0,0,20.83,0.0523
222,S2C,3,13.0404,0.0,0,18.37,0.0302
222,E2C,7,4.4363,49.0,4,54.01,0.2348
222,W2C,7,5.3796,43.0,4,44.54,0.2172
223,N2C,3,12.1723,0.0,0,19.68,0.0427
223,S2C,3,13.4464,0.0,0,17.82,0.0244
223,E2C,8,5.1293,53.0,4,46.71,0.2335
223,W2C,8,5.9103,47.0,4,40.54,0.2182
224,N2C,3,11.6385,0.0,0,20.59,0.0504
224,S2C,3,13.1349,0.0,0,18.24,0.0289
224,E2C,8,4.5,57.0,4,53.24,0.2452
224,W2C,8,5.2072,51.0,4,46.01,0.231
225,N2C,3,11.8981,0.0,0,20.14,0.0467
225,S2C,3,12.9451,0.0,0,18.51,0.0316
225,E2C,8,4.5724,61.0,4,52.4,0.2468
225,W2C,8,5.044,56.0,5,47.5,0.2427
226,N2C,3,11.959,0.0,0,20.04,0.0458
226,S2C,3,13.3425,0.0,0,17.96,0.0259
226,E2C,8,4.7462,66.0,5,50.48,0.2537
226,W2C,8,5.1426,61.0,5,46.59,0.2446
227,N2C,3,11.7609,0.0,0,20.37,0.0487
227,S2C,3,13.0142,0.0,0,18.41,0.0306
227,E2C,8,4.7512,71.0,5,50.43,0.2569
227,W2C,8,4.7195,66.0,5,50.77,0.254
228,N2C,3,11.937,0.0,0,20.07,0.0461
228,S2C,3,13.4995,0.0,0,17.75,0.0236
228,E2C,8,4.4276,76.0,5,54.12,0.2649
228,W2C,8,4.1446,71.0,5,57.81,0.2657
229,N2C,3,12.0942,0.0,0,19.81,0.0439
229,S2C,3,13.2331,0.0,0,18.11,0.0275
229,E2C,9,4.9509,81.0,5,48.4,0.2667
229,W2C,9,4.8423,76.0,5,49.48,0.2649
230,N2C,3,12.3403,0.0,0,19.42,0.0403
230,S2C,3,13.0049,0.0,0,18.42,0.0307
230,E2C,9,4.4666,86.0,5,53.64,0.277
230,W2C,9,4.4646,82.0,6,53.67,0.2804
231,N2C,3,12.1201,0.0,0,19.77,0.0435
231,S2C,3,12.9488,0.0,0,18.5,0.0316
231,E2C,9,4.1617,92.0,6,57.57,0.2914
231,W2C,9,4.4781,88.0,6,53.5,0.2842
232,N2C,3,11.7011,0.0,0,20.48,0.0495
232,S2C,3,12.931,0.0,0,18.53,0.0318
232,E2C,7,5.4053,41.0,4,44.33,0.2155
232,W2C,7,5.416,43.0,4,44.24,0.2167
233,N2C,3,11.9933,0.0,0,19.98,0.0453
233,S2C,3,12.9356,0.0,0,18.52,0.0317
233,E2C,7,5.8273,11.0,2,41.12,0.1774
233,W2C,7,5.5846,13.0,2,42.9,0.1823
234,N2C,3,11.5233,0.0,0,20.79,0.0521
234,S2C,3,12.0135,0.0,0,19.94,0.045
234,E2C,7,6.8698,0.0,0,34.88,0.1431
234,W2C,7,6.0226,0.0,0,39.78,0.1553
235,N2C,4,12.3086,0.0,0,19.47,0.0468
235,S2C,4,11.2742,0.0,0,21.25,0.0617
235,E2C,6,9.2974,0.0,0,25.77,0.1021
235,W2C,6,8.141,0.0,0,29.43,0.1188
236,N2C,4,11.9116,0.0,0,20.11,0.0525
236,S2C,4,10.0269,0.0,0,23.9,0.0796
236,E2C,6,9.2708,0.0,0,25.84,0.1025
236,W2C,6,8.8631,0.0,0,27.03,0.1084
237,N2C,4,12.0459,0.0,0,19.89,0.0506
237,S2C,4,9.4829,0.0,0,25.27,0.0875
237,E2C,4,11.2357,0.0,0,21.32,0.0622
237,W2C,5,10.2032,0.0,0,23.48,0.0831
238,N2C,4,12.1759,0.0,0,19.68,0.0487
238,S2C,4,9.8674,1.0,1,24.28,0.0886
238,E2C,4,11.3912,0.0,0,21.03,0.06
238,W2C,4,11.7698,0.0,0,20.36,0.0545
239,N2C,4,12.3952,0.0,0,19.33,0.0455
239,S2C,4,9.607,2.0,1,24.94,0.093
239,E2C,3,13.0685,0.0,0,18.33,0.0298
239,W2C,3,12.9609,0.0,0,18.49,0.0314
240,N2C,4,12.2028,0.0,0,19.63,0.0483
240,S2C,4,8.96,3.0,1,26.74,0.103
240,E2C,3,12.5286,0.0,0,19.12,0.0376
240,W2C,3,13.3218,0.0,0,17.99,0.0262
241,N2C,5,11.4616,0.0,0,20.9,0.065
241,S2C,5,9.6552,4.0,1,24.82,0.0996
241,E2C,4,12.858,0.0,0,18.63,0.0389
241,W2C,3,13.2569,0.0,0,18.07,0.0271
242,N2C,5,9.7989,0.0,0,24.45,0.0889
242,S2C,5,8.4079,5.0,1,28.5,0.1183
242,E2C,3,12.6683,0.0,0,18.91,0.0356
242,W2C,3,13.0382,0.0,0,18.38,0.0303
243,N2C,5,8.1897,0.0,0,29.26,0.1121
243,S2C,5,7.6337,6.0,1,31.39,0.1301
243,E2C,3,12.8426,0.0,0,18.66,0.0331
243,W2C,3,13.0135,0.0,0,18.41,0.0306
244,N2C,5,7.719,0.0,0,31.04,0.1189
244,S2C,5,7.9084,8.0,2,30.3,0.1335
244,E2C,3,12.7259,0.0,0,18.83,0.0348
244,W2C,3,13.3554,0.0,0,17.94,0.0257
245,N2C,5,7.3828,1.0,1,32.45,0.1304
245,S2C,5,7.5743,10.0,2,31.63,0.1396
245,E2C,3,12.6093,0.0,0,19.0,0.0364
245,W2C,3,13.0162,0.0,0,18.41,0.0306
246,N2C,5,6.7241,3.0,2,35.63,0.1472
246,S2C,5,7.8119,12.0,2,30.67,0.1375
246,E2C,3,13.0058,0.0,0,18.42,0.0307
246,W2C,3,13.2763,0.0,0,18.05,0.0268
247,N2C,6,7.1372,5.0,2,33.57,0.1486
247,S2C,6,8.3815,14.0,2,28.59,0.1366
247,E2C,3,12.9569,0.0,0,18.49,0.0314
247,W2C,3,13.126,0.0,0,18.25,0.029
248,N2C,6,6.4325,7.0,2,37.25,0.16
248,S2C,6,7.4558,16.0,2,32.14,0.1513
248,E2C,3,12.9354,0.0,0,18.52,0.0317
248,W2C,3,13.4878,0.0,0,17.76,0.0238
249,N2C,6,6.3998,9.0,2,37.44,0.1619
249,S2C,6,6.6712,18.0,2,35.92,0.1639
249,E2C,3,12.6338,0.0,0,18.96,0.0361
249,W2C,3,13.0917,0.0,0,18.3,0.0295
250,N2C,6,6.4463,12.0,3,37.17,0.1692
250,S2C,6,6.3718,20.0,2,37.6,0.1696
250,E2C,3,12.8922,0.0,0,18.58,0.0324
250,W2C,3,13.4721,0.0,0,17.78,0.024
251,N2C,6,6.3349,15.0,3,37.82,0.1728
251,S2C,6,6.3845,23.0,3,37.53,0.1774
251,E2C,3,12.5768,0.0,0,19.05,0.0369
251,W2C,3,13.6553,0.0,0,17.55,0.0214
252,N2C,6,5.7266,18.0,3,41.84,0.1835
252,S2C,6,5.8261,26.0,3,41.13,0.1874
252,E2C,3,12.8834,0.0,0,18.6,0.0325
252,W2C,3,13.3979,0.0,0,17.88,0.0251
253,N2C,7,6.1937,21.0,3,38.68,0.1848
253,S2C,7,6.1636,29.0,3,38.87,0.1906
253,E2C,4,13.0386,0.0,0,18.38,0.0363
253,W2C,3,13.0539,0.0,0,18.35,0.03
254,N2C,7,5.4244,24.0,3,44.17,0.1979
254,S2C,7,5.6534,32.0,3,42.38,0.1999
254,E2C,4,12.7587,0.0,0,18.78,0.0403
254,W2C,3,12.8976,0.0,0,18.58,0.0323
255,N2C,7,5.2575,27.0,3,45.57,0.2023
255,S2C,7,5.4087,36.0,4,44.3,0.2121
255,E2C,3,12.9186,0.0,0,18.55,0.032
255,W2C,3,12.799,0.0,0,18.72,0.0337
256,N2C,7,5.3677,31.0,4,44.64,0.2094
256,S2C,7,5.3979,40.0,4,44.39,0.2149
256,E2C,3,13.5173,0.0,0,17.73,0.0234
256,W2C,3,13.0491,0.0,0,18.36,0.0301
257,N2C,7,5.4579,35.0,4,43.9,0.2107
257,S2C,7,4.9814,44.0,4,48.1,0.2236
257,E2C,3,13.1053,0.0,0,18.28,0.0293
257,W2C,3,12.9006,0.0,0,18.57,0.0322
258,N2C,7,5.356,39.0,4,44.73,0.2149
258,S2C,7,4.562,48.0,4,52.52,0.2323
258,E2C,3,13.3068,0.0,0,18.01,0.0264
258,W2C,3,13.2492,0.0,0,18.08,0.0272
259,N2C,8,6.1739,43.0,4,38.81,0.2118
259,S2C,8,5.1741,52.0,4,46.31,0.2322
259,E2C,3,12.9288,0.0,0,18.53,0.0318
259,W2C,3,12.6186,0.0,0,18.99,0.0363
260,N2C,8,5.8463,47.0,4,40.98,0.2192
260,S2C,8,4.8688,56.0,4,49.21,0.2392
260,E2C,3,12.6646,0.0,0,18.92,0.0356
260,W2C,3,12.4661,0.0,0,19.22,0.0385
261,N2C,8,5.4771,51.0,4,43.75,0.2271
261,S2C,8,4.6723,60.0,4,51.28,0.2447
261,E2C,3,12.777,0.0,0,18.75,0.034
261,W2C,3,12.2615,0.0,0,19.54,0.0414
262,N2C,8,4.845,55.0,4,49.45,0.2389
262,S2C,8,4.5704,65.0,5,52.42,0.2555
262,E2C,3,13.4526,0.0,0,17.81,0.0243
262,W2C,3,12.1917,0.0,0,19.65,0.0425
263,N2C,8,4.5082,60.0,5,53.15,0.2531
263,S2C,8,4.7028,70.0,5,50.95,0.257
263,E2C,3,12.8926,0.0,0,18.58,0.0324
263,W2C,3,12.1885,0.0,0,19.66,0.0425
264,N2C,8,4.1491,65.0,5,57.75,0.2616
264,S2C,8,4.6369,75.0,5,51.67,0.2612
264,E2C,3,12.6701,0.0,0,18.91,0.0356
264,W2C,3,11.6626,0.0,0,20.54,0.0501
265,N2C,7,6.089,29.0,3,39.35,0.1917
265,S2C,7,7.1362,30.0,3,33.58,0.1772
265,E2C,4,11.8726,0.0,0,20.18,0.053
265,W2C,4,11.0425,0.0,0,21.7,0.065
266,N2C,7,6.0614,4.0,1,39.53,0.1634
266,S2C,7,6.5974,5.0,1,36.32,0.1563
266,E2C,4,10.765,0.0,0,22.26,0.069
266,W2C,4,9.9223,0.0,0,24.15,0.0811
267,N2C,7,6.5053,0.0,0,36.83,0.1483
267,S2C,7,6.7443,0.0,0,35.53,0.1449
267,E2C,4,10.0149,0.0,0,23.92,0.0798
267,W2C,4,9.4909,0.0,0,25.25,0.0873
268,N2C,5,8.7518,0.0,0,27.38,0.104
268,S2C,5,8.7632,0.0,0,27.34,0.1038
268,E2C,4,9.7981,1.0,1,24.45,0.0896
268,W2C,4,9.0456,0.0,0,26.49,0.0938
269,N2C,5,8.7761,0.0,0,27.3,0.1036
269,S2C,5,9.5381,0.0,0,25.12,0.0927
269,E2C,4,9.4244,2.0,1,25.42,0.0956
269,W2C,4,9.3274,1.0,1,25.69,0.0964
270,N2C,4,9.5024,0.0,0,25.21,0.0872
270,S2C,5,10.0804,0.0,0,23.77,0.0849
270,E2C,4,9.2099,3.0,1,26.02,0.0994
270,W2C,4,9.5799,2.0,1,25.01,0.0934
271,N2C,4,12.0592,0.0,0,19.87,0.0504
271,S2C,4,12.647,0.0,0,18.95,0.0419
271,E2C,5,9.4274,4.0,1,25.42,0.1029
271,W2C,5,10.3178,3.0,1,23.22,0.0894
272,N2C,3,12.3343,0.0,0,19.43,0.0404
272,S2C,4,12.9063,0.0,0,18.56,0.0382
272,E2C,5,8.6439,5.0,1,27.72,0.1149
272,W2C,5,9.9638,4.0,1,24.05,0.0952
273,N2C,3,12.6982,0.0,0,18.87,0.0352
273,S2C,3,13.0607,0.0,0,18.35,0.0299
273,E2C,5,7.8167,6.0,1,30.65,0.1274
273,W2C,5,9.146,5.0,1,26.2,0.1076
274,N2C,3,12.9256,0.0,0,18.54,0.0319
274,S2C,3,13.4154,0.0,0,17.86,0.0248
274,E2C,5,7.9355,7.0,1,30.19,0.1264
274,W2C,5,8.4017,6.0,1,28.52,0.119
275,N2C,3,12.985,0.0,0,18.45,0.031
275,S2C,3,12.9956,0.0,0,18.44,0.0309
275,E2C,5,7.7859,9.0,2,30.77,0.1359
275,W2C,5,8.0962,7.0,1,29.59,0.1241
276,N2C,3,12.8695,0.0,0,18.62,0.0327
276,S2C,3,12.9689,0.0,0,18.47,0.0313
276,E2C,5,7.7735,11.0,2,30.82,0.1374
276,W2C,5,7.507,9.0,2,31.92,0.1399
277,N2C,4,13.101,0.0,0,18.29,0.0354
277,S2C,3,12.7929,0.0,0,18.73,0.0338
277,E2C,6,8.1959,13.0,2,29.23,0.1387
277,W2C,6,8.2527,11.0,2,29.03,0.1365
278,N2C,4,12.249,0.0,0,19.56,0.0476
278,S2C,3,12.9759,0.0,0,18.47,0.0312
278,E2C,6,7.1644,15.0,2,33.44,0.1548
278,W2C,6,7.5133,13.0,2,31.89,0.1485
279,N2C,3,13.1988,0.0,0,18.15,0.028
279,S2C,3,13.0588,0.0,0,18.35,0.03
279,E2C,6,6.7791,17.0,2,35.34,0.1617
279,W2C,6,6.7197,15.0,2,35.66,0.1612
280,N2C,3,12.7973,0.0,0,18.72,0.0337
280,S2C,3,12.9175,0.0,0,18.55,0.032
280,E2C,6,6.6884,20.0,3,35.82,0.171
280,W2C,6,6.4617,18.0,3,37.08,0.173
281,N2C,3,12.923,0.0,0,18.54,0.0319
281,S2C,3,12.8912,0.0,0,18.59,0.0324
281,E2C,6,6.4562,23.0,3,37.11,0.1764
281,W2C,6,6.455,21.0,3,37.12,0.1751
282,N2C,3,13.2224,0.0,0,18.12,0.0276
282,S2C,3,12.7561,0.0,0,18.78,0.0343
282,E2C,6,6.0144,26.0,3,39.84,0.1847
282,W2C,6,5.7698,24.0,3,41.53,0.1869
283,N2C,3,13.4105,0.0,0,17.87,0.0249
283,S2C,3,13.0838,0.0,0,18.31,0.0296
283,E2C,7,6.1764,29.0,3,38.79,0.1904
283,W2C,7,6.1162,27.0,3,39.17,0.1899
284,N2C,3,13.2024,0.0,0,18.15,0.0279
284,S2C,3,12.6506,0.0,0,18.94,0.0358
284,E2C,7,5.7333,32.0,3,41.79,0.1988
284,W2C,7,5.3122,30.0,3,45.1,0.2035
285,N2C,3,13.1056,0.0,0,18.28,0.0293
285,S2C,3,13.0414,0.0,0,18.37,0.0302
285,E2C,7,5.6526,35.0,3,42.39,0.2019
285,W2C,7,5.3391,33.0,3,44.88,0.2051
286,N2C,3,12.6749,0.0,0,18.9,0.0355
286,S2C,3,12.7614,0.0,0,18.78,0.0343
286,E2C,7,5.5279,39.0,4,43.34,0.2124
286,W2C,7,5.471,37.0,4,43.79,0.2119
287,N2C,3,12.8438,0.0,0,18.65,0.0331
287,S2C,3,12.8783,0.0,0,18.61,0.0326
287,E2C,7,5.1014,43.0,4,46.97,0.2212
287,W2C,7,4.8815,41.0,4,49.08,0.223
288,N2C,3,12.5514,0.0,0,19.09,0.0373
288,S2C,3,12.6554,0.0,0,18.93,0.0358
288,E2C,7,4.498,47.0,4,53.27,0.2326
288,W2C,7,4.2034,45.0,4,57.0,0.2355
289,N2C,3,13.2961,0.0,0,18.02,0.0266
289,S2C,3,12.73,0.0,0,18.82,0.0347
289,E2C,8,5.1583,51.0,4,46.45,0.2317
289,W2C,8,4.8027,49.0,4,49.89,0.2355
290,N2C,3,13.1832,0.0,0,18.17,0.0282
290,S2C,3,12.8683,0.0,0,18.62,0.0327
290,E2C,8,4.9459,56.0,5,48.44,0.2441
290,W2C,8,4.4894,53.0,4,53.37,0.2427
291,N2C,3,13.1218,0.0,0,18.26,0.0291
291,S2C,3,12.4,0.0,0,19.32,0.0395
291,E2C,8,4.8156,61.0,5,49.75,0.2493
291,W2C,8,4.4078,57.0,4,54.36,0.2465
292,N2C,3,12.6966,0.0,0,18.87,0.0352
292,S2C,3,12.7905,0.0,0,18.73,0.0338
292,E2C,8,4.7813,66.0,5,50.11,0.2532
292,W2C,8,4.3387,62.0,5,55.22,0.2569
293,N2C,3,12.7496,0.0,0,18.79,0.0344
293,S2C,3,12.347,0.0,0,19.41,0.0402
293,E2C,8,4.5905,71.0,5,52.19,0.2592
293,W2C,8,4.3193,67.0,5,55.47,0.2605
294,N2C,3,12.5128,0.0,0,19.15,0.0378
294,S2C,3,12.5725,0.0,0,19.06,0.037
294,E2C,8,4.1192,76.0,5,58.17,0.2694
294,W2C,8,4.5,72.0,5,53.24,0.2612
295,N2C,4,12.7502,0.0,0,18.79,0.0404
295,S2C,4,12.4374,0.0,0,19.26,0.0449
295,E2C,9,4.6245,81.0,5,51.81,0.2714
295,W2C,9,5.0187,77.0,5,47.74,0.2631
296,N2C,4,11.5416,0.0,0,20.76,0.0578
296,S2C,4,11.5362,0.0,0,20.77,0.0579
296,E2C,9,4.3351,86.0,5,55.27,0.2789
296,W2C,9,4.612,82.0,5,51.95,0.2723
297,N2C,4,10.3701,0.0,0,23.1,0.0747
297,S2C,4,11.1525,0.0,0,21.48,0.0634
297,E2C,9,4.3022,92.0,6,55.69,0.2894
297,W2C,9,4.1498,87.0,5,57.74,0.2822
298,N2C,4,9.94,0.0,0,24.1,0.0809
298,S2C,4,9.7244,0.0,0,24.64,0.084
298,E2C,7,5.3913,43.0,4,44.44,0.217
298,W2C,7,5.0369,40.0,4,47.57,0.2201
299,N2C,4,9.7604,0.0,0,24.55,0.0835
299,S2C,4,9.1074,1.0,1,26.31,0.0995
299,E2C,7,5.8836,13.0,2,40.72,0.178
299,W2C,7,5.0996,10.0,2,46.98,0.1872
300,N2C,4,9.479,1.0,1,25.28,0.0942
300,S2C,4,9.5793,2.0,1,25.01,0.0934
300,E2C,7,6.7293,0.0,0,35.61,0.1451
300,W2C,7,5.2663,0.0,0,45.5,0.1662
301,N2C,5,9.8704,2.0,1,24.27,0.0952
301,S2C,5,9.4579,3.0,1,25.33,0.1018
301,E2C,6,8.7804,0.0,0,27.29,0.1096
301,W2C,6,7.7522,0.0,0,30.91,0.1244
302,N2C,5,8.9115,3.0,1,26.89,0.1097
302,S2C,5,8.634,4.0,1,27.75,0.1143
302,E2C,6,9.313,0.0,0,25.73,0.1019
302,W2C,6,8.0454,0.0,0,29.78,0.1202
303,N2C,5,7.9797,4.0,1,30.03,0.1238
303,S2C,5,7.6996,5.0,1,31.12,0.1285
303,E2C,5,10.2335,0.0,0,23.41,0.0826
303,W2C,5,9.2369,0.0,0,25.94,0.097
304,N2C,5,7.6369,5.0,1,31.37,0.1294
304,S2C,5,7.1773,7.0,2,33.38,0.1433
304,E2C,4,11.8229,0.0,0,20.27,0.0538
304,W2C,4,11.0066,0.0,0,21.77,0.0655
305,N2C,5,7.7508,7.0,2,30.91,0.1351
305,S2C,5,7.3087,9.0,2,32.78,0.1428
305,E2C,3,12.9853,0.0,0,18.45,0.031
305,W2C,4,10.978,0.0,0,21.83,0.0659
306,N2C,5,6.8897,9.0,2,34.78,0.1488
306,S2C,5,6.345,11.0,2,37.76,0.158
306,E2C,3,12.6651,0.0,0,18.92,0.0356
306,W2C,3,12.3434,0.0,0,19.41,0.0403
307,N2C,6,7.6847,11.0,2,31.18,0.1447
307,S2C,6,6.8983,13.0,2,34.73,0.1573
307,E2C,3,13.3388,0.0,0,17.96,0.0259
307,W2C,4,11.7699,0.0,0,20.36,0.0545
308,N2C,6,7.0382,13.0,2,34.04,0.1553
308,S2C,6,6.0827,15.0,2,39.39,0.1704
308,E2C,3,13.2923,0.0,0,18.03,0.0266
308,W2C,4,11.6825,0.0,0,20.51,0.0558
309,N2C,6,6.3192,16.0,3,37.92,0.1737
309,S2C,6,6.1028,18.0,3,39.26,0.1781
309,E2C,3,13.3238,0.0,0,17.98,0.0262
309,W2C,4,11.8572,0.0,0,20.21,0.0533
310,N2C,6,6.5161,19.0,3,36.77,0.1728
310,S2C,6,6.0531,21.0,3,39.58,0.1808
310,E2C,3,13.0906,0.0,0,18.3,0.0295
310,W2C,4,11.9586,0.0,0,20.04,0.0518
311,N2C,6,6.4232,22.0,3,37.3,0.1762
311,S2C,6,6.1951,24.0,3,38.68,0.1808
311,E2C,3,13.2987,0.0,0,18.02,0.0265
311,W2C,3,12.3472,0.0,0,19.41,0.0402
312,N2C,6,5.837,25.0,3,41.05,0.1866
312,S2C,6,5.834,27.0,3,41.07,0.188
312,E2C,3,13.0136,0.0,0,18.41,0.0306
312,W2C,3,12.3984,0.0,0,19.33,0.0395
313,N2C,7,6.3501,28.0,3,37.73,0.1872
313,S2C,7,7.1934,30.0,3,33.31,0.1764
313,E2C,4,13.2472,0.0,0,18.09,0.0333
313,W2C,4,12.6962,0.0,0,18.87,0.0412
314,N2C,7,5.5449,31.0,3,43.21,0.2008
314,S2C,7,6.5324,33.0,3,36.68,0.1879
314,E2C,3,13.3598,0.0,0,17.93,0.0256
314,W2C,4,12.605,0.0,0,19.01,0.0425
315,N2C,7,5.563,35.0,4,43.07,0.2092
315,S2C,7,6.4182,36.0,3,37.33,0.1916
315,E2C,3,13.2085,0.0,0,18.14,0.0278
315,W2C,4,12.4194,0.0,0,19.29,0.0452
316,N2C,7,5.494,39.0,4,43.61,0.2129
316,S2C,7,6.025,39.0,3,39.77,0.1992
316,E2C,3,13.1867,0.0,0,18.17,0.0281
316,W2C,4,12.7156,0.0,0,18.84,0.0409
317,N2C,7,5.5361,43.0,4,43.28,0.215
317,S2C,7,5.2812,42.0,3,45.37,0.212
317,E2C,3,12.8343,0.0,0,18.67,0.0332
317,W2C,3,13.2195,0.0,0,18.12,0.0277
318,N2C,7,5.2204,47.0,4,45.9,0.2222
318,S2C,7,5.4502,45.0,3,43.96,0.2115
318,E2C,3,13.1256,0.0,0,18.25,0.029
318,W2C,3,12.7599,0.0,0,18.78,0.0343
319,N2C,8,5.7851,51.0,4,41.42,0.2227
319,S2C,8,6.5963,49.0,4,36.32,0.2097
319,E2C,3,12.6434,0.0,0,18.95,0.0359
319,W2C,3,13.1656,0.0,0,18.2,0.0284
320,N2C,8,5.2989,55.0,4,45.22,0.2324
320,S2C,8,5.9151,53.0,4,40.51,0.2222
320,E2C,3,12.9586,0.0,0,18.49,0.0314
320,W2C,3,13.5647,0.0,0,17.66,0.0227
321,N2C,8,4.9494,59.0,4,48.41,0.2401
321,S2C,8,5.364,57.0,4,44.67,0.2328
321,E2C,3,12.0269,0.0,0,19.92,0.0448
321,W2C,3,13.413,0.0,0,17.86,0.0249
322,N2C,8,4.824,64.0,5,49.67,0.2512
322,S2C,8,5.0645,62.0,5,47.31,0.2464
322,E2C,3,12.7793,0.0,0,18.75,0.034
322,W2C,3,13.4021,0.0,0,17.88,0.025
323,N2C,8,4.6992,69.0,5,50.99,0.2563
323,S2C,8,4.7227,67.0,5,50.73,0.2547
323,E2C,3,12.2652,0.0,0,19.53,0.0414
323,W2C,3,13.3165,0.0,0,17.99,0.0263
324,N2C,8,4.1674,74.0,5,57.49,0.2673
324,S2C,8,4.2076,72.0,5,56.94,0.2654
324,E2C,3,12.6189,0.0,0,18.99,0.0363
324,W2C,3,13.1554,0.0,0,18.21,0.0286
325,N2C,9,4.7616,79.0,5,50.32,0.2681
325,S2C,9,4.7564,77.0,5,50.37,0.2668
325,E2C,3,12.5664,0.0,0,19.07,0.0371
325,W2C,4,13.0948,0.0,0,18.3,0.0354
326,N2C,9,4.2577,85.0,6,56.28,0.2854
326,S2C,9,4.4808,82.0,5,53.47,0.2741
326,E2C,3,12.441,0.0,0,19.26,0.0389
326,W2C,3,12.8888,0.0,0,18.59,0.0324
327,N2C,9,4.243,91.0,6,56.47,0.2896
327,S2C,9,4.4267,88.0,6,54.13,0.2849
327,E2C,3,12.5643,0.0,0,19.07,0.0371
327,W2C,3,12.8768,0.0,0,18.61,0.0326
328,N2C,9,4.3295,97.0,6,55.34,0.2923
328,S2C,9,4.3693,94.0,6,54.84,0.2898
328,E2C,3,13.0647,0.0,0,18.34,0.0299
328,W2C,3,12.7428,0.0,0,18.8,0.0345
329,N2C,9,4.2786,103.0,6,56.0,0.2971
329,S2C,9,3.9678,100.0,6,60.39,0.2995
329,E2C,3,12.7382,0.0,0,18.81,0.0346
329,W2C,3,12.7949,0.0,0,18.73,0.0338
330,N2C,9,3.7631,109.0,6,63.67,0.3085
330,S2C,9,3.4431,106.0,6,69.59,0.3111
330,E2C,3,12.477,0.0,0,19.2,0.0383
330,W2C,3,11.9218,0.0,0,20.1,0.0463
331,N2C,8,5.3877,56.0,4,44.47,0.2318
331,S2C,8,5.291,51.0,4,45.28,0.2298
331,E2C,4,10.6225,0.0,0,22.56,0.071
331,W2C,4,11.4228,0.0,0,20.98,0.0595
332,N2C,8,5.1093,18.0,2,46.9,0.1984
332,S2C,8,5.273,18.0,3,45.44,0.2021
332,E2C,4,9.335,0.0,0,25.67,0.0896
332,W2C,4,10.2773,0.0,0,23.31,0.076
333,N2C,8,6.0644,0.0,0,39.51,0.1607
333,S2C,8,6.1301,2.0,1,39.09,0.1671
333,E2C,4,8.8609,0.0,0,27.04,0.0964
333,W2C,4,9.7605,0.0,0,24.55,0.0835
334,N2C,6,7.5171,0.0,0,31.87,0.1278
334,S2C,6,7.7824,0.0,0,30.79,0.1239
334,E2C,4,8.9631,1.0,1,26.73,0.1016
334,W2C,4,9.6602,1.0,1,24.8,0.0916
335,N2C,6,8.0115,0.0,0,29.91,0.1206
335,S2C,6,8.0737,0.0,0,29.68,0.1197
335,E2C,4,8.5686,2.0,1,27.96,0.108
335,W2C,4,9.3584,2.0,1,25.6,0.0966
336,N2C,5,8.6461,0.0,0,27.71,0.1055
336,S2C,4,9.7957,0.0,0,24.46,0.083
336,E2C,4,9.0669,3.0,1,26.43,0.1014
336,W2C,4,8.9548,3.0,1,26.76,0.1031
337,N2C,5,10.5871,0.0,0,22.63,0.0776
337,S2C,5,10.8839,0.0,0,22.01,0.0733
337,E2C,5,9.6862,4.0,1,24.74,0.0992
337,W2C,5,8.9891,4.0,1,26.65,0.1092
338,N2C,5,11.2413,0.0,0,21.31,0.0681
338,S2C,4,11.9937,0.0,0,19.98,0.0513
338,E2C,5,9.7209,5.0,1,24.65,0.0994
338,W2C,5,8.3692,5.0,1,28.63,0.1188
339,N2C,3,13.3454,0.0,0,17.95,0.0258
339,S2C,3,13.1483,0.0,0,18.22,0.0287
339,E2C,5,9.3161,6.0,1,25.72,0.1059
339,W2C,5,7.6997,6.0,1,31.12,0.1291
340,N2C,3,12.8447,0.0,0,18.65,0.0331
340,S2C,3,12.7281,0.0,0,18.82,0.0347
340,E2C,5,9.3876,7.0,1,25.52,0.1055
340,W2C,5,7.6266,7.0,1,31.42,0.1309
341,N2C,3,12.8214,0.0,0,18.69,0.0334
341,S2C,3,13.3842,0.0,0,17.9,0.0253
341,E2C,5,8.4918,8.0,1,28.22,0.1191
341,W2C,5,7.5617,9.0,2,31.69,0.1391
342,N2C,3,13.1523,0.0,0,18.22,0.0286
342,S2C,3,13.22,0.0,0,18.12,0.0276
342,E2C,5,6.7863,9.0,1,35.31,0.1443
342,W2C,5,7.7663,11.0,2,30.85,0.1375
343,N2C,4,13.1623,0.0,0,18.2,0.0345
343,S2C,3,13.1705,0.0,0,18.19,0.0284
343,E2C,6,7.2708,10.0,1,32.95,0.144
343,W2C,6,8.7294,13.0,2,27.45,0.131
344,N2C,3,13.4012,0.0,0,17.88,0.025
344,S2C,3,13.0798,0.0,0,18.32,0.0297
344,E2C,6,6.5959,12.0,2,36.33,0.161
344,W2C,6,7.8404,15.0,2,30.56,0.1451
345,N2C,3,12.9003,0.0,0,18.57,0.0323
345,S2C,3,13.5068,0.0,0,17.74,0.0235
345,E2C,6,6.1067,15.0,3,39.24,0.1761
345,W2C,6,7.1794,17.0,2,33.37,0.156
346,N2C,3,13.2077,0.0,0,18.14,0.0278
346,S2C,3,12.8813,0.0,0,18.6,0.0325
346,E2C,6,6.1617,18.0,3,38.89,0.1773
346,W2C,6,6.7639,19.0,2,35.42,0.1633
347,N2C,3,13.1167,0.0,0,18.27,0.0291
347,S2C,3,12.9788,0.0,0,18.46,0.0311
347,E2C,6,6.3662,21.0,3,37.64,0.1763
347,W2C,6,6.5611,21.0,2,36.52,0.1675
348,N2C,3,12.9599,0.0,0,18.49,0.0314
348,S2C,3,13.0093,0.0,0,18.42,0.0307
348,E2C,6,6.1927,24.0,3,38.69,0.1808
348,W2C,6,5.8448,24.0,3,40.99,0.1858
349,N2C,4,12.9615,0.0,0,18.49,0.0374
349,S2C,3,13.2551,0.0,0,18.08,0.0271
349,E2C,7,7.016,27.0,3,34.15,0.177
349,W2C,7,6.508,27.0,3,36.82,0.1843
350,N2C,3,13.0759,0.0,0,18.32,0.0297
350,S2C,3,13.0752,0.0,0,18.32,0.0297
350,E2C,7,6.9222,30.0,3,34.61,0.1803
350,W2C,7,5.7059,30.0,3,41.99,0.1978
351,N2C,3,13.0773,0.0,0,18.32,0.0297
351,S2C,3,12.817,0.0,0,18.69,0.0335
351,E2C,7,6.598,33.0,3,36.31,0.187
351,W2C,7,5.4567,34.0,4,43.91,0.2101
352,N2C,3,13.3837,0.0,0,17.9,0.0253
352,S2C,3,13.2368,0.0,0,18.1,0.0274
352,E2C,7,6.6092,36.0,3,36.25,0.1888
352,W2C,7,5.5333,38.0,4,43.3,0.2117
353,N2C,3,12.8809,0.0,0,18.6,0.0325
353,S2C,3,13.0546,0.0,0,18.35,0.03
353,E2C,7,5.6874,39.0,3,42.13,0.2041
353,W2C,7,5.322,42.0,4,45.02,0.2174
354,N2C,3,13.0147,0.0,0,18.41,0.0306
354,S2C,3,13.1641,0.0,0,18.2,0.0285
354,E2C,7,4.6287,43.0,4,51.76,0.228
354,W2C,7,4.7729,46.0,4,50.2,0.2279
355,N2C,4,13.1931,0.0,0,18.16,0.034
355,S2C,4,12.6758,0.0,0,18.9,0.0415
355,E2C,8,5.2987,47.0,4,45.22,0.227
355,W2C,8,5.5511,50.0,4,43.16,0.2254
356,N2C,3,13.3068,0.0,0,18.01,0.0264
356,S2C,3,12.8086,0.0,0,18.71,0.0336
356,E2C,8,4.9357,51.0,4,48.54,0.2349
356,W2C,8,4.9274,54.0,4,48.63,0.2371
357,N2C,3,13.0838,0.0,0,18.31,0.0296
357,S2C,3,12.6295,0.0,0,18.97,0.0361
357,E2C,8,5.0325,56.0,5,47.61,0.2429
357,W2C,8,4.8073,58.0,4,49.84,0.2414
358,N2C,3,12.9624,0.0,0,18.48,0.0314
358,S2C,3,12.9642,0.0,0,18.48,0.0313
358,E2C,8,4.7103,61.0,5,50.87,0.2508
358,W2C,8,4.8116,63.0,5,49.8,0.2507
359,N2C,3,13.1653,0.0,0,18.2,0.0284
359,S2C,3,12.5529,0.0,0,19.09,0.0373
359,E2C,8,4.5759,66.0,5,52.36,0.2561
359,W2C,8,4.6427,68.0,5,51.61,0.2565
360,N2C,3,13.2251,0.0,0,18.12,0.0276
360,S2C,3,12.4802,0.0,0,19.2,0.0383
360,E2C,8,3.887,71.0,5,61.64,0.2694
360,W2C,8,4.1125,73.0,5,58.26,0.2675
361,N2C,3,13.3122,0.0,0,18.0,0.0263
361,S2C,3,13.043,0.0,0,18.37,0.0302
361,E2C,9,4.7153,76.0,5,50.81,0.2668
361,W2C,9,4.8828,78.0,5,49.07,0.2657
362,N2C,3,13.0121,0.0,0,18.41,0.0306
362,S2C,3,12.7516,0.0,0,18.79,0.0344
362,E2C,9,4.1554,81.0,5,57.66,0.2782
362,W2C,9,4.3907,83.0,5,54.57,0.2761
363,N2C,3,13.1901,0.0,0,18.17,0.0281
363,S2C,3,12.6073,0.0,0,19.0,0.0365
363,E2C,9,4.2555,87.0,6,56.3,0.2867
363,W2C,9,4.4226,89.0,6,54.18,0.2857
364,N2C,3,12.7345,0.0,0,18.82,0.0346
364,S2C,3,12.5912,0.0,0,19.03,0.0367
364,E2C,7,5.4699,41.0,4,43.8,0.2146
364,W2C,7,5.4571,40.0,4,43.91,0.2141
365,N2C,3,12.5329,0.0,0,19.12,0.0375
365,S2C,3,12.6721,0.0,0,18.91,0.0355
365,E2C,7,5.5959,12.0,2,42.82,0.1814
365,W2C,7,5.856,11.0,2,40.92,0.177
366,N2C,3,12.8244,0.0,0,18.68,0.0333
366,S2C,3,12.4425,0.0,0,19.26,0.0388
366,E2C,7,6.206,0.0,0,38.61,0.1526
366,W2C,7,6.1689,0.0,0,38.84,0.1532
367,N2C,4,12.0928,0.0,0,19.81,0.0499
367,S2C,4,11.2793,0.0,0,21.24,0.0616
367,E2C,6,8.4112,0.0,0,28.49,0.1149
367,W2C,6,8.3793,0.0,0,28.59,0.1153
368,N2C,4,11.2643,0.0,0,21.27,0.0618
368,S2C,4,10.654,0.0,0,22.49,0.0706
368,E2C,6,8.2228,0.0,0,29.14,0.1176
368,W2C,6,8.4643,0.0,0,28.31,0.1141
369,N2C,4,10.0709,0.0,0,23.79,0.079
369,S2C,4,9.51,0.0,0,25.19,0.0871
369,E2C,6,9.2727,0.0,0,25.84,0.1025
369,W2C,6,9.3222,0.0,0,25.7,0.1018
370,N2C,4,9.8855,0.0,0,24.24,0.0817
370,S2C,4,9.4394,1.0,1,25.38,0.0948
370,E2C,4,11.069,0.0,0,21.65,0.0646
370,W2C,4,11.2964,0.0,0,21.21,0.0613
371,N2C,4,9.7512,1.0,1,24.57,0.0903
371,S2C,4,9.667,2.0,1,24.79,0.0921
371,E2C,4,11.4811,0.0,0,20.87,0.0587
371,W2C,4,11.7981,0.0,0,20.31,0.0541
372,N2C,4,9.5011,2.0,1,25.22,0.0945
372,S2C,4,9.3492,3.0,1,25.63,0.0974
372,E2C,3,12.9585,0.0,0,18.49,0.0314
372,W2C,3,13.3213,0.0,0,17.99,0.0262
373,N2C,5,9.4281,3.0,1,25.41,0.1022
373,S2C,5,10.5843,4.0,1,22.64,0.0863
373,E2C,3,12.8569,0.0,0,18.64,0.0329
373,W2C,3,12.7471,0.0,0,18.8,0.0345
374,N2C,5,8.5158,4.0,1,28.14,0.116
374,S2C,5,10.1326,5.0,1,23.65,0.0934
374,E2C,3,12.5695,0.0,0,19.06,0.037
374,W2C,3,12.6267,0.0,0,18.98,0.0362
375,N2C,5,7.9221,5.0,1,30.24,0.1253
375,S2C,5,9.7822,6.0,1,24.49,0.0991
375,E2C,3,12.456,0.0,0,19.24,0.0386
375,W2C,3,12.7732,0.0,0,18.76,0.0341
376,N2C,5,8.0583,6.0,1,29.73,0.124
376,S2C,5,8.9101,7.0,1,26.89,0.1124
376,E2C,3,12.3264,0.0,0,19.44,0.0405
376,W2C,3,12.4252,0.0,0,19.28,0.0391
377,N2C,5,7.648,8.0,2,31.33,0.1372
377,S2C,5,8.1152,8.0,1,29.52,0.1245
377,E2C,3,12.3226,0.0,0,19.44,0.0406
377,W2C,3,12.6629,0.0,0,18.92,0.0357
378,N2C,5,7.8407,10.0,2,30.56,0.1358
378,S2C,5,7.2485,9.0,1,33.06,0.1376
378,E2C,3,12.7444,0.0,0,18.8,0.0345
378,W2C,3,12.6964,0.0,0,18.87,0.0352
379,N2C,6,8.2617,12.0,2,29.0,0.137
379,S2C,6,7.573,11.0,2,31.64,0.1463
379,E2C,4,12.5219,0.0,0,19.13,0.0437
379,W2C,3,11.5616,0.0,0,20.72,0.0515
380,N2C,6,7.1222,14.0,2,33.64,0.1548
380,S2C,6,6.727,13.0,2,35.62,0.1598
380,E2C,3,12.4992,0.0,0,19.17,0.038
380,W2C,3,11.6409,0.0,0,20.58,0.0504
381,N2C,6,6.6906,16.0,2,35.81,0.1623
381,S2C,6,6.4817,16.0,3,36.97,0.1713
381,E2C,3,12.2184,0.0,0,19.61,0.0421
381,W2C,3,11.1047,0.0,0,21.58,0.0581
382,N2C,6,6.5076,19.0,3,36.82,0.173
382,S2C,6,6.519,19.0,3,36.75,0.1728
382,E2C,3,12.1466,0.0,0,19.73,0.0431
382,W2C,3,11.4775,0.0,0,20.88,0.0527
383,N2C,6,6.3751,22.0,3,37.58,0.1769
383,S2C,6,6.5853,22.0,3,36.38,0.1738
383,E2C,3,11.9427,0.0,0,20.06,0.046
383,W2C,3,11.6551,0.0,0,20.56,0.0502
384,N2C,6,5.5845,25.0,3,42.9,0.1903
384,S2C,6,5.937,25.0,3,40.36,0.1852
384,E2C,3,12.6156,0.0,0,18.99,0.0363
384,W2C,3,11.2521,0.0,0,21.29,0.056
385,N2C,7,6.4427,28.0,3,37.19,0.1859
385,S2C,7,6.5095,28.0,3,36.81,0.1849
385,E2C,4,12.8489,0.0,0,18.65,0.039
385,W2C,3,10.9577,0.0,0,21.87,0.0602
386,N2C,7,5.8383,31.0,3,41.04,0.1966
386,S2C,7,5.6621,31.0,3,42.32,0.1991
386,E2C,3,12.6343,0.0,0,18.96,0.0361
386,W2C,3,10.2324,0.0,0,23.42,0.0707
387,N2C,7,5.6674,34.0,3,42.28,0.2011
387,S2C,7,5.6684,35.0,4,42.27,0.2077
387,E2C,3,12.4209,0.0,0,19.29,0.0392
387,W2C,3,10.7374,0.0,0,22.31,0.0634
388,N2C,7,5.7347,37.0,3,41.78,0.2021
388,S2C,7,5.486,39.0,4,43.68,0.213
388,E2C,3,12.3341,0.0,0,19.43,0.0404
388,W2C,3,10.5011,0.0,0,22.82,0.0668
389,N2C,7,5.0844,41.0,4,47.12,0.2201
389,S2C,7,5.2789,43.0,4,45.39,0.2187
389,E2C,3,12.8084,0.0,0,18.71,0.0336
389,W2C,3,10.7235,0.0,0,22.34,0.0636
390,N2C,7,4.7151,45.0,4,50.82,0.2281
390,S2C,7,4.8509,47.0,4,49.39,0.2275
390,E2C,3,12.7595,0.0,0,18.78,0.0343
390,W2C,3,10.4364,0.0,0,22.96,0.0677
391,N2C,8,4.8379,49.0,4,49.53,0.235
391,S2C,8,5.437,51.0,4,44.07,0.2277
391,E2C,4,12.9287,0.0,0,18.53,0.0378
391,W2C,4,10.9959,0.0,0,21.79,0.0657
392,N2C,8,4.4993,53.0,4,53.25,0.2425
392,S2C,8,4.8885,55.0,4,49.01,0.2383
392,E2C,3,13.0002,0.0,0,18.43,0.0308
392,W2C,4,11.0541,0.0,0,21.68,0.0648
393,N2C,8,4.4997,58.0,5,53.25,0.2519
393,S2C,8,5.0053,60.0,5,47.87,0.2459
393,E2C,3,12.9585,0.0,0,18.49,0.0314
393,W2C,4,11.4403,0.0,0,20.94,0.0593
394,N2C,8,4.3839,63.0,5,54.65,0.2569
394,S2C,8,5.0276,65.0,5,47.66,0.2489
394,E2C,3,12.3455,0.0,0,19.41,0.0402
394,W2C,3,11.1142,0.0,0,21.56,0.058
395,N2C,8,4.3221,68.0,5,55.44,0.2611
395,S2C,8,4.8655,70.0,5,49.24,0.2546
395,E2C,3,12.3354,0.0,0,19.42,0.0404
395,W2C,3,10.7643,0.0,0,22.26,0.063
396,N2C,8,3.729,73.0,5,64.25,0.273
396,S2C,8,4.1993,75.0,5,57.06,0.2675
396,E2C,3,12.983,0.0,0,18.45,0.0311
396,W2C,3,10.476,0.0,0,22.87,0.0672
397,N2C,7,5.9176,30.0,3,40.49,0.1948
397,S2C,7,6.202,33.0,3,38.63,0.1927
397,E2C,4,12.8713,0.0,0,18.62,0.0387
397,W2C,4,11.4164,0.0,0,20.99,0.0596
398,N2C,7,5.5974,6.0,1,42.81,0.1714
398,S2C,7,6.1599,6.0,1,38.9,0.1633
398,E2C,4,12.6389,0.0,0,18.96,0.042
398,W2C,4,10.993,0.0,0,21.8,0.0657
399,N2C,7,6.3163,0.0,0,37.93,0.1511
399,S2C,7,7.0303,0.0,0,34.08,0.1408
399,E2C,4,11.8261,0.0,0,20.26,0.0537
399,W2C,4,11.342,0.0,0,21.12,0.0607
400,N2C,6,7.6473,0.0,0,31.33,0.1259
400,S2C,5,8.9933,0.0,0,26.64,0.1005
400,E2C,4,11.0511,0.0,0,21.68,0.0649
400,W2C,4,11.2036,0.0,0,21.39,0.0627
401,N2C,5,8.7025,0.0,0,27.53,0.1047
401,S2C,5,9.4941,0.0,0,25.24,0.0933
401,E2C,4,10.1739,0.0,0,23.55,0.0775
401,W2C,4,11.2353,0.0,0,21.33,0.0622
402,N2C,4,9.5815,0.0,0,25.01,0.086
402,S2C,4,9.9714,0.0,0,24.03,0.0804
402,E2C,4,9.7086,1.0,1,24.68,0.0909
402,W2C,4,11.0345,0.0,0,21.71,0.0651
403,N2C,4,11.6613,0.0,0,20.55,0.0561
403,S2C,4,12.5234,0.0,0,19.13,0.0437
403,E2C,5,9.3598,2.0,1,25.6,0.1026
403,W2C,5,11.4532,0.0,0,20.92,0.0651
404,N2C,4,11.6966,0.0,0,20.48,0.0556
404,S2C,3,13.2975,0.0,0,18.02,0.0265
404,E2C,5,8.4862,3.0,1,28.23,0.1158
404,W2C,5,10.785,0.0,0,22.22,0.0747
405,N2C,3,12.1716,0.0,0,19.69,0.0427
405,S2C,3,12.9332,0.0,0,18.53,0.0318
405,E2C,5,7.8922,4.0,1,30.36,0.125
405,W2C,5,9.9977,0.0,0,23.97,0.086
406,N2C,3,11.8075,0.0,0,20.29,0.048
406,S2C,3,12.8412,0.0,0,18.66,0.0331
406,E2C,5,7.6883,6.0,2,31.16,0.1353
406,W2C,5,9.2929,0.0,0,25.78,0.0962
407,N2C,3,11.7163,0.0,0,20.45,0.0493
407,S2C,3,12.7806,0.0,0,18.75,0.034
407,E2C,5,7.6998,8.0,2,31.12,0.1365
407,W2C,5,8.2371,0.0,0,29.09,0.1114
408,N2C,3,11.73,0.0,0,20.43,0.0491
408,S2C,3,13.0858,0.0,0,18.31,0.0296
408,E2C,5,6.9008,10.0,2,34.72,0.1493
408,W2C,5,7.5549,1.0,1,31.71,0.1279
409,N2C,4,12.3001,0.0,0,19.48,0.0469
409,S2C,3,13.0869,0.0,0,18.31,0.0296
409,E2C,6,7.0433,12.0,2,34.02,0.1546
409,W2C,6,7.4129,2.0,1,32.32,0.1366
410,N2C,4,12.1065,0.0,0,19.79,0.0497
410,S2C,3,13.2027,0.0,0,18.15,0.0279
410,E2C,6,6.1814,14.0,2,38.76,0.1683
410,W2C,6,6.5432,4.0,2,36.62,0.1565
411,N2C,4,12.1237,0.0,0,19.76,0.0494
411,S2C,3,12.9658,0.0,0,18.48,0.0313
411,E2C,6,6.2236,17.0,3,38.5,0.1757
411,W2C,6,6.0857,6.0,2,39.37,0.1644
412,N2C,4,12.2945,0.0,0,19.49,0.047
412,S2C,3,13.4247,0.0,0,17.85,0.0247
412,E2C,6,6.1496,20.0,3,38.96,0.1788
412,W2C,6,6.1102,9.0,3,39.21,0.172
413,N2C,4,12.0623,0.0,0,19.86,0.0503
413,S2C,3,13.2789,0.0,0,18.04,0.0268
413,E2C,6,6.2769,23.0,3,38.17,0.179
413,W2C,6,5.8496,12.0,3,40.96,0.1778
414,N2C,4,12.2722,0.0,0,19.52,0.0473
414,S2C,3,13.1163,0.0,0,18.27,0.0291
414,E2C,6,5.636,26.0,3,42.51,0.1902
414,W2C,6,6.0982,15.0,3,39.29,0.1762
415,N2C,3,12.595,0.0,0,19.02,0.0366
415,S2C,4,13.2174,0.0,0,18.13,0.0337
415,E2C,7,6.1046,29.0,3,39.25,0.1914
415,W2C,7,6.7891,18.0,3,35.29,0.1742
416,N2C,3,12.4272,0.0,0,19.28,0.0391
416,S2C,3,13.2682,0.0,0,18.06,0.027
416,E2C,7,5.7355,32.0,3,41.78,0.1987
416,W2C,7,5.9123,21.0,3,40.53,0.1889
417,N2C,3,12.0384,0.0,0,19.9,0.0447
417,S2C,3,13.1313,0.0,0,18.25,0.0289
417,E2C,7,5.5386,35.0,3,43.26,0.2036
417,W2C,7,6.2027,24.0,3,38.63,0.1867
418,N2C,3,12.8171,0.0,0,18.69,0.0334
418,S2C,3,12.7659,0.0,0,18.77,0.0342
418,E2C,7,5.4145,38.0,3,44.25,0.2074
418,W2C,7,5.5548,27.0,3,43.13,0.198
419,N2C,3,12.4916,0.0,0,19.18,0.0381
419,S2C,3,13.2043,0.0,0,18.15,0.0279
419,E2C,7,5.3511,42.0,4,44.78,0.2169
419,W2C,7,5.4205,30.0,3,44.2,0.202
420,N2C,3,12.4116,0.0,0,19.3,0.0393
420,S2C,3,13.4907,0.0,0,17.76,0.0237
420,E2C,7,4.6168,46.0,4,51.9,0.2302
420,W2C,7,5.5458,33.0,3,43.2,0.2021
421,N2C,4,12.6699,0.0,0,18.91,0.0416
421,S2C,3,13.2266,0.0,0,18.11,0.0276
421,E2C,8,5.2384,50.0,4,45.74,0.2299
421,W2C,8,6.4499,37.0,4,37.15,0.2038
422,N2C,3,12.2815,0.0,0,19.51,0.0412
422,S2C,3,13.0923,0.0,0,18.3,0.0295
422,E2C,8,4.7567,54.0,4,50.37,0.2395
422,W2C,8,6.0599,41.0,4,39.54,0.2121
423,N2C,3,12.7687,0.0,0,18.76,0.0341
423,S2C,3,13.4623,0.0,0,17.8,0.0242
423,E2C,8,4.5825,59.0,5,52.29,0.2514
423,W2C,8,5.5266,45.0,4,43.35,0.2224
424,N2C,3,12.6667,0.0,0,18.92,0.0356
424,S2C,3,13.191,0.0,0,18.16,0.0281
424,E2C,8,4.5374,64.0,5,52.81,0.2553
424,W2C,8,4.9973,49.0,4,47.95,0.2327
425,N2C,3,12.7582,0.0,0,18.78,0.0343
425,S2C,3,13.3296,0.0,0,17.98,0.0261
425,E2C,8,4.6767,69.0,5,51.23,0.2567
425,W2C,8,4.735,54.0,5,50.6,0.2458
426,N2C,3,12.6252,0.0,0,18.98,0.0362
426,S2C,3,13.5134,0.0,0,17.73,0.0234
426,E2C,8,4.4588,74.0,5,53.74,0.2631
426,W2C,8,4.3579,59.0,5,54.98,0.2546
427,N2C,3,11.5843,0.0,0,20.68,0.0512
427,S2C,3,13.4868,0.0,0,17.77,0.0238
427,E2C,9,5.617,79.0,5,42.66,0.2558
427,W2C,9,4.8227,64.0,5,49.68,0.2572
428,N2C,3,11.2757,0.0,0,21.25,0.0556
428,S2C,3,13.4147,0.0,0,17.86,0.0248
428,E2C,9,5.4037,84.0,5,44.34,0.2622
428,W2C,9,4.3307,69.0,5,55.33,0.2676
429,N2C,3,11.4934,0.0,0,20.85,0.0525
429,S2C,3,13.2419,0.0,0,18.09,0.0273
429,E2C,9,4.9478,89.0,5,48.43,0.2721
429,W2C,9,4.1506,74.0,5,57.73,0.2736
430,N2C,3,11.7698,0.0,0,20.36,0.0485
430,S2C,3,12.8998,0.0,0,18.57,0.0323
430,E2C,7,5.6361,40.0,3,42.51,0.2055
430,W2C,7,5.4679,36.0,4,43.82,0.2113
431,N2C,3,11.6856,0.0,0,20.5,0.0497
431,S2C,3,12.8838,0.0,0,18.6,0.0325
431,E2C,7,5.4092,9.0,1,44.3,0.1761
431,W2C,7,5.6017,9.0,2,42.77,0.1793
432,N2C,3,11.5061,0.0,0,20.82,0.0523
432,S2C,3,12.5961,0.0,0,19.02,0.0366
432,E2C,7,5.412,0.0,0,44.27,0.1641
432,W2C,7,5.9411,0.0,0,40.33,0.1565
433,N2C,4,11.8478,0.0,0,20.22,0.0534
433,S2C,4,11.9123,0.0,0,20.11,0.0525
433,E2C,6,7.5955,0.0,0,31.55,0.1266
433,W2C,6,7.9641,0.0,0,30.08,0.1213
434,N2C,4,11.9802,0.0,0,20.0,0.0515
434,S2C,4,10.8008,0.0,0,22.18,0.0685
434,E2C,6,8.1621,0.0,0,29.36,0.1185
434,W2C,6,8.2653,0.0,0,28.99,0.117
435,N2C,4,11.2662,0.0,0,21.27,0.0618
435,S2C,4,10.3602,0.0,0,23.13,0.0748
435,E2C,6,8.9692,0.0,0,26.71,0.1069
435,W2C,6,9.0972,0.0,0,26.34,0.105
436,N2C,4,10.467,0.0,0,22.89,0.0733
436,S2C,4,10.1137,0.0,0,23.69,0.0784
436,E2C,4,10.9458,0.0,0,21.89,0.0664
436,W2C,4,10.7548,0.0,0,22.28,0.0691
437,N2C,4,9.5963,0.0,0,24.97,0.0858
437,S2C,4,9.5813,1.0,1,25.01,0.0927
437,E2C,4,11.433,0.0,0,20.96,0.0594
437,W2C,4,11.2928,0.0,0,21.22,0.0614
438,N2C,4,8.6808,0.0,0,27.6,0.099
438,S2C,4,9.2743,2.0,1,25.83,0.0978
438,E2C,3,12.5697,0.0,0,19.06,0.037
438,W2C,3,12.6842,0.0,0,18.89,0.0354
439,N2C,5,9.0807,1.0,1,26.39,0.1059
439,S2C,5,9.3847,3.0,1,25.53,0.1029
439,E2C,4,13.228,0.0,0,18.11,0.0335
439,W2C,3,12.7268,0.0,0,18.83,0.0347
440,N2C,5,7.8819,2.0,1,30.4,0.1238
440,S2C,5,8.3949,4.0,1,28.54,0.1178
440,E2C,4,12.9635,0.0,0,18.48,0.0373
440,W2C,3,12.5639,0.0,0,19.07,0.0371
441,N2C,5,7.2599,3.0,1,33.0,0.1335
441,S2C,5,7.8869,5.0,1,30.38,0.1258
441,E2C,3,12.8379,0.0,0,18.66,0.0331
441,W2C,3,12.1626,0.0,0,19.7,0.0429
442,N2C,5,7.3658,5.0,2,32.53,0.1393
442,S2C,5,8.1633,6.0,1,29.35,0.1225
442,E2C,3,13.4708,0.0,0,17.79,0.024
442,W2C,3,12.3382,0.0,0,19.42,0.0403
443,N2C,5,7.0819,7.0,2,33.83,0.1447
443,S2C,5,7.9427,8.0,2,30.17,0.133
443,E2C,3,12.6142,0.0,0,18.99,0.0364
443,W2C,3,12.6701,0.0,0,18.91,0.0356
444,N2C,5,7.2847,9.0,2,32.89,0.1431
444,S2C,5,7.0746,10.0,2,33.87,0.1468
444,E2C,3,12.9303,0.0,0,18.53,0.0318
444,W2C,3,12.4883,0.0,0,19.19,0.0382
445,N2C,6,8.315,11.0,2,28.82,0.1356
445,S2C,6,7.4713,12.0,2,32.07,0.1484
445,E2C,4,13.3016,0.0,0,18.01,0.0325
445,W2C,4,12.5877,0.0,0,19.03,0.0428
446,N2C,6,8.2487,13.0,2,29.05,0.1379
446,S2C,6,6.8014,14.0,2,35.23,0.1594
446,E2C,3,12.8582,0.0,0,18.63,0.0329
446,W2C,4,12.5937,0.0,0,19.03,0.0427
447,N2C,6,8.1581,15.0,2,29.37,0.1405
447,S2C,6,6.6199,17.0,3,36.19,0.17
447,E2C,3,13.2424,0.0,0,18.09,0.0273
447,W2C,4,13.0594,0.0,0,18.35,0.036
448,N2C,6,8.0218,17.0,2,29.87,0.1438
448,S2C,6,6.4316,20.0,3,37.25,0.1747
448,E2C,3,13.1055,0.0,0,18.28,0.0293
448,W2C,3,13.0575,0.0,0,18.35,0.03
449,N2C,6,8.4053,19.0,2,28.51,0.1396
449,S2C,6,6.5606,23.0,3,36.52,0.1749
449,E2C,3,12.9756,0.0,0,18.47,0.0312
449,W2C,3,13.27,0.0,0,18.06,0.0269
450,N2C,6,7.1647,21.0,2,33.44,0.1588
450,S2C,6,5.8134,26.0,3,41.22,0.1876
450,E2C,3,12.7989,0.0,0,18.72,0.0337
450,W2C,3,13.1333,0.0,0,18.24,0.0289
451,N2C,7,6.9895,23.0,2,34.28,0.1687
451,S2C,7,6.365,29.0,3,37.64,0.1877
451,E2C,4,13.1306,0.0,0,18.25,0.0349
451,W2C,3,13.1009,0.0,0,18.29,0.0294
452,N2C,7,5.7763,26.0,3,41.48,0.1942
452,S2C,7,5.7818,32.0,3,41.44,0.1981
452,E2C,3,13.0872,0.0,0,18.31,0.0296
452,W2C,3,12.7561,0.0,0,18.78,0.0343
453,N2C,7,5.7723,29.0,3,41.51,0.1962
453,S2C,7,5.4693,35.0,3,43.81,0.2046
453,E2C,3,13.2096,0.0,0,18.14,0.0278
453,W2C,3,12.9957,0.0,0,18.44,0.0309
454,N2C,7,5.7161,33.0,4,41.92,0.2057
454,S2C,7,5.7222,38.0,3,41.87,0.2029
454,E2C,3,13.2205,0.0,0,18.12,0.0276
454,W2C,3,13.0311,0.0,0,18.39,0.0304
455,N2C,7,5.4422,37.0,4,44.03,0.2123
455,S2C,7,5.434,42.0,4,44.09,0.2158
455,E2C,3,12.9646,0.0,0,18.48,0.0313
455,W2C,3,13.0823,0.0,0,18.31,0.0296
456,N2C,7,4.6884,41.0,4,51.1,0.2258
456,S2C,7,4.6731,46.0,4,51.27,0.2294
456,E2C,3,12.9006,0.0,0,18.57,0.0322
456,W2C,3,13.0968,0.0,0,18.29,0.0294
457,N2C,8,5.5563,45.0,4,43.12,0.222
457,S2C,8,5.329,50.0,4,44.96,0.2286
457,E2C,3,13.298,0.0,0,18.02,0.0265
457,W2C,4,13.2354,0.0,0,18.1,0.0334
458,N2C,8,4.8245,50.0,5,49.66,0.2419
458,S2C,8,4.8834,54.0,4,49.06,0.2377
458,E2C,3,13.1266,0.0,0,18.25,0.029
458,W2C,3,13.2321,0.0,0,18.11,0.0275
459,N2C,8,5.0316,55.0,5,47.62,0.2422
459,S2C,8,4.8172,59.0,5,49.74,0.248
459,E2C,3,12.912,0.0,0,18.56,0.0321
459,W2C,3,13.5932,0.0,0,17.63,0.0223
460,N2C,8,4.9442,60.0,5,48.46,0.2468
460,S2C,8,4.6333,64.0,5,51.71,0.254
460,E2C,3,13.1321,0.0,0,18.25,0.0289
460,W2C,3,13.4666,0.0,0,17.79,0.0241
461,N2C,8,4.5404,65.0,5,52.77,0.256
461,S2C,8,4.5718,69.0,5,52.41,0.2582
461,E2C,3,13.2272,0.0,0,18.11,0.0275
461,W2C,3,12.6988,0.0,0,18.87,0.0352
462,N2C,8,3.9779,70.0,5,60.23,0.2674
462,S2C,8,4.0952,74.0,5,58.51,0.2684
462,E2C,3,13.1307,0.0,0,18.25,0.0289
462,W2C,3,12.5198,0.0,0,19.14,0.0377
463,N2C,7,6.0336,28.0,3,39.71,0.1918
463,S2C,7,6.1323,31.0,3,39.07,0.1924
463,E2C,4,11.9534,0.0,0,20.04,0.0519
463,W2C,4,11.8043,0.0,0,20.3,0.054
464,N2C,7,6.0793,7.0,1,39.41,0.1651
464,S2C,7,6.1579,6.0,1,38.91,0.1633
464,E2C,4,10.4176,0.0,0,23.0,0.074
464,W2C,4,10.6205,0.0,0,22.56,0.0711
465,N2C,7,6.6089,0.0,0,36.25,0.1468
465,S2C,7,7.1953,0.0,0,33.3,0.1384
465,E2C,4,9.7887,0.0,0,24.48,0.0831
465,W2C,4,10.3903,0.0,0,23.06,0.0744
466,N2C,6,8.076,0.0,0,29.67,0.1197
466,S2C,5,9.1414,0.0,0,26.21,0.0984
466,E2C,4,9.6968,1.0,1,24.71,0.091
466,W2C,4,9.6757,0.0,0,24.76,0.0847
467,N2C,5,9.119,0.0,0,26.27,0.0987
467,S2C,5,9.6649,0.0,0,24.79,0.0908
467,E2C,4,9.6151,2.0,1,24.92,0.0929
467,W2C,4,10.0569,1.0,1,23.82,0.0859
468,N2C,5,9.1421,0.0,0,26.21,0.0984
468,S2C,3,12.5804,0.0,0,19.05,0.0369
468,E2C,4,9.3135,3.0,1,25.73,0.0979
468,W2C,4,9.5876,2.0,1,24.99,0.0933
469,N2C,4,12.2855,0.0,0,19.5,0.0471
469,S2C,4,12.2891,0.0,0,19.5,0.0471
469,E2C,5,9.5305,4.0,1,25.14,0.1014
469,W2C,5,9.5042,3.0,1,25.21,0.1012
470,N2C,4,11.6585,0.0,0,20.55,0.0561
470,S2C,4,12.1166,0.0,0,19.77,0.0495
470,E2C,5,8.5513,5.0,1,28.02,0.1162
470,W2C,5,8.5631,4.0,1,27.98,0.1154
471,N2C,3,12.6145,0.0,0,18.99,0.0364
471,S2C,3,13.0863,0.0,0,18.31,0.0296
471,E2C,5,7.5028,6.0,1,31.93,0.132
471,W2C,5,8.0113,5.0,1,29.91,0.124
472,N2C,3,13.0283,0.0,0,18.39,0.0304
472,S2C,3,13.4326,0.0,0,17.84,0.0246
472,E2C,5,7.5615,8.0,2,31.69,0.1385
472,W2C,5,8.0039,7.0,2,29.94,0.1314
473,N2C,3,13.1478,0.0,0,18.22,0.0287
473,S2C,3,12.8895,0.0,0,18.59,0.0324
473,E2C,5,7.5844,10.0,2,31.59,0.1395
473,W2C,5,8.1155,9.0,2,29.52,0.1311
474,N2C,3,12.82,0.0,0,18.69,0.0334
474,S2C,3,13.1039,0.0,0,18.28,0.0293
474,E2C,5,6.7717,12.0,2,35.38,0.1525
474,W2C,5,7.1941,11.0,2,33.31,0.1457
475,N2C,4,13.1714,0.0,0,18.19,0.0343
475,S2C,4,13.1847,0.0,0,18.17,0.0342
475,E2C,6,7.423,14.0,2,32.28,0.1505
475,W2C,6,7.6466,13.0,2,31.33,0.1466
476,N2C,3,13.5347,0.0,0,17.7,0.0231
476,S2C,3,13.4272,0.0,0,17.84,0.0247
476,E2C,6,6.5741,16.0,2,36.45,0.164
476,W2C,6,6.9887,15.0,2,34.28,0.1574
477,N2C,3,13.4407,0.0,0,17.83,0.0245
477,S2C,3,13.0657,0.0,0,18.34,0.0299
477,E2C,6,6.4157,18.0,2,37.35,0.1676
477,W2C,6,6.853,17.0,2,34.96,0.1607
478,N2C,3,13.5967,0.0,0,17.62,0.0222
478,S2C,3,12.9892,0.0,0,18.45,0.031
478,E2C,6,6.6868,20.0,2,35.83,0.1651
478,W2C,6,6.5795,19.0,2,36.42,0.1659
479,N2C,3,12.8164,0.0,0,18.69,0.0335
479,S2C,3,13.0626,0.0,0,18.34,0.0299
479,E2C,6,6.3971,23.0,3,37.45,0.1772
479,W2C,6,6.5242,21.0,2,36.73,0.1681
480,N2C,3,13.3617,0.0,0,17.93,0.0256
480,S2C,3,12.9883,0.0,0,18.45,0.031
480,E2C,6,6.4004,26.0,3,37.44,0.1792
480,W2C,6,5.7423,24.0,3,41.73,0.1873
481,N2C,3,13.7871,0.0,0,17.38,0.0195
481,S2C,3,12.5983,0.0,0,19.02,0.0366
481,E2C,7,6.7164,29.0,3,35.67,0.1826
481,W2C,7,6.1808,27.0,3,38.77,0.189
482,N2C,3,13.0784,0.0,0,18.32,0.0297
482,S2C,3,12.7635,0.0,0,18.77,0.0342
482,E2C,7,6.5592,32.0,3,36.53,0.1869
482,W2C,7,5.5615,30.0,3,43.08,0.1999
483,N2C,3,13.5168,0.0,0,17.73,0.0234
483,S2C,3,12.5037,0.0,0,19.16,0.038
483,E2C,7,6.0702,35.0,3,39.47,0.1959
483,W2C,7,5.4221,33.0,3,44.19,0.2039
484,N2C,3,13.2289,0.0,0,18.11,0.0275
484,S2C,3,12.6021,0.0,0,19.01,0.0365
484,E2C,7,5.3419,38.0,3,44.85,0.2084
484,W2C,7,5.4225,37.0,4,44.19,0.2126
485,N2C,3,13.5547,0.0,0,17.68,0.0228
485,S2C,3,12.4413,0.0,0,19.26,0.0389
485,E2C,7,5.0954,42.0,4,47.02,0.2206
485,W2C,7,4.8174,41.0,4,49.74,0.224
486,N2C,3,13.5678,0.0,0,17.66,0.0226
486,S2C,3,12.4128,0.0,0,19.3,0.0393
486,E2C,7,4.4565,46.0,4,53.76,0.2325
486,W2C,7,4.355,45.0,4,55.02,0.2333
487,N2C,3,13.0131,0.0,0,18.41,0.0306
487,S2C,2,12.2581,0.0,0,19.55,0.0355
487,E2C,8,5.1384,50.0,4,46.63,0.2313
487,W2C,8,4.8645,49.0,4,49.25,0.2346
488,N2C,3,12.6711,0.0,0,18.91,0.0356
488,S2C,3,12.7096,0.0,0,18.85,0.035
488,E2C,8,4.8184,54.0,4,49.73,0.2386
488,W2C,8,4.5499,54.0,5,52.66,0.2485
489,N2C,3,12.8426,0.0,0,18.66,0.0331
489,S2C,3,12.8313,0.0,0,18.67,0.0332
489,E2C,8,4.7143,58.0,4,50.82,0.2428
489,W2C,8,4.5255,59.0,5,52.94,0.2522
490,N2C,3,13.1793,0.0,0,18.18,0.0282
490,S2C,3,12.3852,0.0,0,19.35,0.0397
490,E2C,8,4.6192,62.0,4,51.87,0.2468
490,W2C,8,4.5629,64.0,5,52.51,0.255
491,N2C,3,12.8615,0.0,0,18.63,0.0328
491,S2C,3,12.5561,0.0,0,19.08,0.0372
491,E2C,8,4.4819,67.0,5,53.46,0.2581
491,W2C,8,4.2437,69.0,5,56.46,0.2629
492,N2C,3,12.7005,0.0,0,18.87,0.0351
492,S2C,3,12.1502,0.0,0,19.72,0.0431
492,E2C,8,3.9706,72.0,5,60.34,0.2688
492,W2C,8,3.7123,74.0,5,64.54,0.2739
493,N2C,3,13.0677,0.0,0,18.34,0.0298
493,S2C,4,11.4378,0.0,0,20.95,0.0593
493,E2C,9,4.4289,77.0,5,54.1,0.2716
493,W2C,9,4.6458,79.0,5,51.57,0.2698
494,N2C,3,13.3617,0.0,0,17.93,0.0256
494,S2C,4,10.4612,0.0,0,22.9,0.0734
494,E2C,9,4.1336,83.0,6,57.96,0.2858
494,W2C,9,4.1174,84.0,5,58.19,0.2807
495,N2C,3,13.1427,0.0,0,18.23,0.0288
495,S2C,4,9.4198,0.0,0,25.44,0.0884
495,E2C,9,3.9624,89.0,6,60.47,0.2923
495,W2C,9,4.0098,90.0,6,59.75,0.2923
496,N2C,3,13.2995,0.0,0,18.02,0.0265
496,S2C,4,9.0719,1.0,1,26.41,0.1
496,E2C,7,5.2488,39.0,4,45.65,0.2164
496,W2C,7,5.2044,41.0,4,46.04,0.2184
497,N2C,3,12.7702,0.0,0,18.76,0.0341
497,S2C,4,9.1994,2.0,1,26.05,0.0989
497,E2C,7,5.6268,11.0,2,42.58,0.1803
497,W2C,7,5.6463,13.0,2,42.44,0.1814
498,N2C,3,12.4645,0.0,0,19.22,0.0385
498,S2C,4,9.2968,3.0,1,25.77,0.0981
498,E2C,7,6.4822,0.0,0,36.96,0.1487
498,W2C,7,6.4426,0.0,0,37.19,0.1492
499,N2C,4,11.8021,0.0,0,20.3,0.0541
499,S2C,5,9.7973,4.0,1,24.46,0.0976
499,E2C,7,8.3315,0.0,0,28.76,0.122
499,W2C,6,8.9644,0.0,0,26.73,0.1069
500,N2C,4,10.4457,0.0,0,22.94,0.0736
500,S2C,5,9.7246,5.0,1,24.64,0.0993
500,E2C,6,8.8894,0.0,0,26.95,0.108
500,W2C,6,9.4505,0.0,0,25.35,0.0999
501,N2C,4,9.7969,1.0,1,24.46,0.0896
501,S2C,5,9.4781,6.0,1,25.28,0.1035
501,E2C,6,8.9863,0.0,0,26.66,0.1066
501,W2C,6,9.7262,0.0,0,24.63,0.096
502,N2C,4,9.893,2.0,1,24.22,0.0889
502,S2C,5,8.6494,7.0,1,27.7,0.1161
502,E2C,4,11.277,0.0,0,21.25,0.0616
502,W2C,4,11.3844,0.0,0,21.05,0.0601
503,N2C,4,9.4658,3.0,1,25.31,0.0957
503,S2C,5,7.6986,8.0,1,31.12,0.1305
503,E2C,4,12.0554,0.0,0,19.87,0.0504
503,W2C,4,11.5606,0.0,0,20.73,0.0575
504,N2C,4,9.6157,4.0,1,24.92,0.0942
504,S2C,5,7.5538,10.0,2,31.72,0.1399
504,E2C,3,12.3302,0.0,0,19.43,0.0405
504,W2C,3,12.8795,0.0,0,18.6,0.0326
505,N2C,5,10.2728,5.0,1,23.32,0.0914
505,S2C,6,8.0029,12.0,2,29.94,0.1408
505,E2C,4,12.6705,0.0,0,18.91,0.0416
505,W2C,4,12.7548,0.0,0,18.79,0.0403
506,N2C,5,9.399,6.0,1,25.49,0.1047
506,S2C,6,6.9647,14.0,2,34.4,0.157
506,E2C,4,12.2244,0.0,0,19.6,0.048
506,W2C,3,12.4918,0.0,0,19.18,0.0381
507,N2C,5,8.7781,7.0,1,27.3,0.1143
507,S2C,6,6.395,16.0,2,37.47,0.1666
507,E2C,3,12.7804,0.0,0,18.75,0.034
507,W2C,3,12.9048,0.0,0,18.57,0.0322
508,N2C,5,7.7756,8.0,1,30.81,0.1294
508,S2C,6,6.377,18.0,2,37.57,0.1682
508,E2C,3,13.2222,0.0,0,18.12,0.0276
508,W2C,3,12.6117,0.0,0,19.0,0.0364
509,N2C,5,7.8201,9.0,1,30.64,0.1294
509,S2C,6,6.4219,21.0,3,37.31,0.1755
509,E2C,3,13.0591,0.0,0,18.35,0.03
509,W2C,3,12.8839,0.0,0,18.6,0.0325
510,N2C,5,7.1682,11.0,2,33.43,0.1461
510,S2C,6,6.2496,24.0,3,38.34,0.18
510,E2C,3,12.8597,0.0,0,18.63,0.0328
510,W2C,3,12.5536,0.0,0,19.09,0.0372
511,N2C,6,7.6151,13.0,2,31.46,0.147
511,S2C,7,6.9353,27.0,3,34.55,0.1781
511,E2C,4,13.3018,0.0,0,18.01,0.0325
511,W2C,3,12.9985,0.0,0,18.43,0.0308
512,N2C,6,6.7366,15.0,2,35.57,0.161
512,S2C,7,6.193,30.0,3,38.69,0.1908
512,E2C,3,12.9291,0.0,0,18.53,0.0318
512,W2C,3,12.3733,0.0,0,19.36,0.0398
513,N2C,6,6.7581,17.0,2,35.45,0.162
513,S2C,7,5.8221,33.0,3,41.15,0.1982
513,E2C,3,12.9125,0.0,0,18.56,0.0321
513,W2C,3,12.2362,0.0,0,19.58,0.0418
514,N2C,6,6.6012,19.0,2,36.3,0.1656
514,S2C,7,5.2568,36.0,3,45.58,0.2083
514,E2C,3,13.0909,0.0,0,18.3,0.0295
514,W2C,3,12.5346,0.0,0,19.12,0.0375
515,N2C,6,6.6825,21.0,2,35.85,0.1658
515,S2C,7,5.31,39.0,3,45.12,0.2095
515,E2C,3,13.0929,0.0,0,18.3,0.0295
515,W2C,3,12.4846,0.0,0,19.19,0.0382
516,N2C,6,6.0311,24.0,3,39.73,0.1832
516,S2C,7,5.206,43.0,4,46.02,0.2197
516,E2C,3,13.0938,0.0,0,18.3,0.0295
516,W2C,3,12.3052,0.0,0,19.47,0.0408
517,N2C,7,6.4765,27.0,3,37.0,0.1847
517,S2C,8,5.658,47.0,4,42.35,0.2219
517,E2C,3,13.6652,0.0,0,17.53,0.0212
517,W2C,3,12.5376,0.0,0,19.11,0.0375
518,N2C,7,5.8256,30.0,3,41.13,0.1961
518,S2C,8,4.8949,51.0,4,48.95,0.2355
518,E2C,3,12.7135,0.0,0,18.85,0.0349
518,W2C,4,12.3097,0.0,0,19.46,0.0468
519,N2C,7,5.5977,34.0,4,42.8,0.2081
519,S2C,8,4.5569,55.0,4,52.58,0.2431
519,E2C,3,13.1122,0.0,0,18.27,0.0292
519,W2C,4,11.9214,0.0,0,20.1,0.0523
520,N2C,7,5.4879,38.0,4,43.66,0.2123
520,S2C,8,4.5241,59.0,4,52.96,0.2462
520,E2C,3,13.1776,0.0,0,18.18,0.0283
520,W2C,3,12.2549,0.0,0,19.55,0.0415
521,N2C,7,5.3075,42.0,4,45.14,0.2176
521,S2C,8,4.2373,63.0,4,56.54,0.253
521,E2C,3,13.0879,0.0,0,18.31,0.0295
521,W2C,3,12.1607,0.0,0,19.7,0.0429
522,N2C,7,4.6832,46.0,4,51.16,0.2292
522,S2C,8,4.019,68.0,5,59.62,0.2655
522,E2C,3,13.2296,0.0,0,18.11,0.0275
522,W2C,3,12.274,0.0,0,19.52,0.0413
523,N2C,8,5.2795,50.0,4,45.38,0.2293
523,S2C,9,4.4965,73.0,5,53.29,0.2679
523,E2C,4,13.4,0.0,0,17.88,0.0311
523,W2C,3,11.4288,0.0,0,20.96,0.0534
524,N2C,8,4.9612,54.0,4,48.3,0.2366
524,S2C,9,4.069,78.0,5,58.88,0.2774
524,E2C,3,13.4188,0.0,0,17.86,0.0248
524,W2C,3,11.319,0.0,0,21.17,0.055
525,N2C,8,5.0281,59.0,5,47.65,0.2449
525,S2C,9,3.9163,83.0,5,61.18,0.2829
525,E2C,3,13.2759,0.0,0,18.05,0.0268
525,W2C,3,11.3914,0.0,0,21.03,0.054
526,N2C,8,5.0301,64.0,5,47.63,0.2482
526,S2C,9,3.955,89.0,6,60.58,0.2924
526,E2C,3,12.9616,0.0,0,18.49,0.0314
526,W2C,3,12.002,0.0,0,19.96,0.0452
527,N2C,8,4.5827,69.0,5,52.28,0.258
527,S2C,9,4.0385,95.0,6,59.33,0.2952
527,E2C,3,13.5041,0.0,0,17.74,0.0236
527,W2C,3,12.0908,0.0,0,19.82,0.0439
528,N2C,8,4.1476,74.0,5,57.77,0.2676
528,S2C,9,3.8767,101.0,6,61.81,0.3015
528,E2C,3,12.4232,0.0,0,19.29,0.0391
528,W2C,3,11.9076,0.0,0,20.12,0.0465
529,N2C,7,6.2863,30.0,3,38.11,0.1895
529,S2C,8,6.1842,47.0,4,38.74,0.2143
529,E2C,4,11.8789,0.0,0,20.17,0.053
529,W2C,4,11.4497,0.0,0,20.93,0.0591
530,N2C,7,6.3252,6.0,1,37.88,0.1609
530,S2C,8,5.9724,14.0,2,40.12,0.1833
530,E2C,4,10.5938,0.0,0,22.62,0.0715
530,W2C,4,10.5279,0.0,0,22.76,0.0724
531,N2C,7,7.0824,0.0,0,33.83,0.14
531,S2C,8,6.6414,0.0,0,36.08,0.1524
531,E2C,4,9.821,0.0,0,24.4,0.0826
531,W2C,4,9.6358,0.0,0,24.87,0.0853
532,N2C,5,8.808,0.0,0,27.2,0.1032
532,S2C,6,7.4616,0.0,0,32.11,0.1286
532,E2C,4,9.7595,1.0,1,24.55,0.0901
532,W2C,4,8.5861,0.0,0,27.91,0.1004
533,N2C,5,9.4469,0.0,0,25.36,0.094
533,S2C,6,8.6026,0.0,0,27.85,0.1121
533,E2C,4,9.6713,2.0,1,24.77,0.0921
533,W2C,4,8.7025,1.0,1,27.53,0.1054
534,N2C,4,10.0895,0.0,0,23.75,0.0787
534,S2C,4,10.713,0.0,0,22.37,0.0697
534,E2C,4,9.0655,3.0,1,26.43,0.1015
534,W2C,4,8.6675,2.0,1,27.64,0.1065
535,N2C,4,12.0893,0.0,0,19.82,0.0499
535,S2C,5,11.3325,0.0,0,21.14,0.0668
535,E2C,5,9.4349,4.0,1,25.39,0.1028
535,W2C,5,9.2291,3.0,1,25.96,0.1051
536,N2C,4,12.4342,0.0,0,19.27,0.045
536,S2C,4,11.7497,0.0,0,20.39,0.0548
536,E2C,5,8.4152,5.0,1,28.47,0.1182
536,W2C,5,9.3084,4.0,1,25.74,0.1046
537,N2C,3,12.9446,0.0,0,18.51,0.0316
537,S2C,3,12.5702,0.0,0,19.06,0.037
537,E2C,5,7.9358,6.0,1,30.19,0.1257
537,W2C,5,9.1607,5.0,1,26.16,0.1074
538,N2C,3,12.7675,0.0,0,18.77,0.0342
538,S2C,3,12.6993,0.0,0,18.87,0.0351
538,E2C,5,7.8494,8.0,2,30.52,0.1343
538,W2C,5,9.1556,6.0,1,26.17,0.1082
539,N2C,3,12.9738,0.0,0,18.47,0.0312
539,S2C,3,12.7673,0.0,0,18.77,0.0342
539,E2C,5,7.895,10.0,2,30.35,0.135
539,W2C,5,9.0584,7.0,1,26.45,0.1102
540,N2C,3,12.8081,0.0,0,18.71,0.0336
540,S2C,3,12.4674,0.0,0,19.22,0.0385
540,E2C,5,7.5043,12.0,2,31.93,0.1419
540,W2C,5,7.981,8.0,1,30.02,0.1264
541,N2C,3,12.9989,0.0,0,18.43,0.0308
541,S2C,4,12.9476,0.0,0,18.51,0.0376
541,E2C,6,7.6909,14.0,2,31.15,0.1466
541,W2C,6,8.3833,9.0,1,28.58,0.1273
542,N2C,3,12.8046,0.0,0,18.71,0.0336
542,S2C,4,12.5943,0.0,0,19.02,0.0427
542,E2C,6,6.8964,16.0,2,34.74,0.1594
542,W2C,6,8.1397,10.0,1,29.44,0.1315
543,N2C,3,12.6795,0.0,0,18.9,0.0354
543,S2C,3,12.7605,0.0,0,18.78,0.0343
543,E2C,6,6.6918,18.0,2,35.8,0.1636
543,W2C,6,7.9047,12.0,2,30.31,0.1422
544,N2C,3,13.0712,0.0,0,18.33,0.0298
544,S2C,3,13.3191,0.0,0,17.99,0.0262
544,E2C,6,6.5517,21.0,3,36.57,0.1737
544,W2C,6,7.2497,14.0,2,33.05,0.1529
545,N2C,3,12.686,0.0,0,18.89,0.0353
545,S2C,3,12.7967,0.0,0,18.72,0.0337
545,E2C,6,6.5429,24.0,3,36.62,0.1758
545,W2C,6,6.8507,16.0,2,34.97,0.16
546,N2C,3,12.9603,0.0,0,18.49,0.0314
546,S2C,3,13.0612,0.0,0,18.34,0.0299
546,E2C,6,6.1776,27.0,3,38.79,0.1831
546,W2C,6,5.3487,18.0,2,44.8,0.183
547,N2C,4,12.931,0.0,0,18.53,0.0378
547,S2C,3,12.8307,0.0,0,18.67,0.0333
547,E2C,7,6.5526,30.0,3,36.57,0.1857
547,W2C,7,6.0159,20.0,2,39.83,0.1807
548,N2C,3,12.9177,0.0,0,18.55,0.032
548,S2C,3,12.4986,0.0,0,19.17,0.038
548,E2C,7,6.025,33.0,3,39.77,0.1952
548,W2C,7,5.3686,22.0,2,44.63,0.1914
549,N2C,3,13.1056,0.0,0,18.28,0.0293
549,S2C,3,12.7524,0.0,0,18.79,0.0344
549,E2C,7,5.6608,36.0,3,42.33,0.2025
549,W2C,7,5.2947,25.0,3,45.25,0.2004
550,N2C,3,13.2306,0.0,0,18.11,0.0275
550,S2C,3,12.5899,0.0,0,19.03,0.0367
550,E2C,7,5.5266,40.0,4,43.35,0.2131
550,W2C,7,5.1952,29.0,4,46.12,0.2105
551,N2C,3,13.212,0.0,0,18.14,0.0278
551,S2C,3,12.6338,0.0,0,18.97,0.0361
551,E2C,7,5.2697,44.0,4,45.47,0.2195
551,W2C,7,5.1713,33.0,4,46.33,0.2135
552,N2C,3,13.0906,0.0,0,18.3,0.0295
552,S2C,3,12.9563,0.0,0,18.49,0.0314
552,E2C,7,4.7097,48.0,4,50.87,0.2302
552,W2C,7,5.2464,37.0,4,45.67,0.2151
553,N2C,4,13.2161,0.0,0,18.13,0.0337
553,S2C,4,12.9796,0.0,0,18.46,0.0371
553,E2C,8,5.3441,52.0,4,44.83,0.2297
553,W2C,8,6.1182,41.0,4,39.16,0.2112
554,N2C,3,13.0133,0.0,0,18.41,0.0306
554,S2C,3,12.6834,0.0,0,18.89,0.0354
554,E2C,8,5.0842,56.0,4,47.13,0.2361
554,W2C,8,5.8826,45.0,4,40.73,0.2173
555,N2C,3,13.5361,0.0,0,17.7,0.0231
555,S2C,3,13.1088,0.0,0,18.28,0.0292
555,E2C,8,4.9374,60.0,4,48.53,0.2409
555,W2C,8,5.2723,49.0,4,45.45,0.2288
556,N2C,3,13.1691,0.0,0,18.19,0.0284
556,S2C,3,13.2236,0.0,0,18.12,0.0276
556,E2C,8,4.8937,65.0,5,48.96,0.2509
556,W2C,8,4.8671,53.0,4,49.23,0.2373
557,N2C,3,13.4971,0.0,0,17.75,0.0237
557,S2C,3,13.0684,0.0,0,18.33,0.0298
557,E2C,8,4.851,70.0,5,49.39,0.2548
557,W2C,8,4.7994,57.0,4,49.92,0.2409
558,N2C,3,13.7176,0.0,0,17.47,0.0205
558,S2C,3,13.157,0.0,0,18.21,0.0286
558,E2C,8,4.2865,75.0,5,55.9,0.2663
558,W2C,8,4.4112,62.0,5,54.32,0.2558
559,N2C,3,13.4466,0.0,0,17.82,0.0244
559,S2C,4,12.0401,0.0,0,19.9,0.0506
559,E2C,9,4.8385,80.0,5,49.52,0.2677
559,W2C,9,5.095,67.0,5,47.03,0.2553
560,N2C,3,13.684,0.0,0,17.51,0.021
560,S2C,4,11.1898,0.0,0,21.41,0.0629
560,E2C,9,4.3515,85.0,5,55.06,0.278
560,W2C,9,4.7889,72.0,5,50.03,0.263
561,N2C,3,12.9837,0.0,0,18.45,0.031
561,S2C,4,10.1167,0.0,0,23.68,0.0783
561,E2C,9,4.3348,90.0,5,55.27,0.2816
561,W2C,9,4.1799,77.0,5,57.32,0.2751
562,N2C,3,13.082,0.0,0,18.32,0.0296
562,S2C,4,9.5646,0.0,0,25.05,0.0863
562,E2C,7,5.6177,39.0,3,42.65,0.2051
562,W2C,7,5.2263,32.0,3,45.85,0.2061
563,N2C,3,13.0241,0.0,0,18.4,0.0305
563,S2C,4,9.5245,0.0,0,25.16,0.0869
563,E2C,7,5.3982,9.0,2,44.39,0.1823
563,W2C,7,5.3057,6.0,1,45.16,0.1756
564,N2C,3,12.5859,0.0,0,19.04,0.0368
564,S2C,4,9.2625,1.0,1,25.87,0.0973
564,E2C,7,5.5642,0.0,0,43.06,0.1619
564,W2C,7,5.486,0.0,0,43.67,0.163
565,N2C,4,12.2027,0.0,0,19.64,0.0483
565,S2C,5,9.1872,2.0,1,26.08,0.105
565,E2C,7,6.9118,0.0,0,34.67,0.1425
565,W2C,6,7.3152,0.0,0,32.75,0.1307
566,N2C,4,10.7965,0.0,0,22.19,0.0685
566,S2C,5,8.6396,3.0,1,27.73,0.1136
566,E2C,6,8.1797,0.0,0,29.29,0.1182
566,W2C,6,7.7209,0.0,0,31.03,0.1248
567,N2C,4,9.8024,1.0,1,24.44,0.0895
567,S2C,5,7.5781,4.0,1,31.62,0.1296
567,E2C,5,9.2939,0.0,0,25.78,0.0962
567,W2C,5,9.0541,0.0,0,26.46,0.0996
568,N2C,4,9.833,2.0,1,24.37,0.0897
568,S2C,5,7.702,6.0,2,31.11,0.1351
568,E2C,4,10.3152,0.0,0,23.23,0.0755
568,W2C,4,10.0251,0.0,0,23.9,0.0797
569,N2C,4,10.162,3.0,1,23.58,0.0857
569,S2C,5,7.6983,8.0,2,31.12,0.1365
569,E2C,4,11.0213,0.0,0,21.74,0.0653
569,W2C,3,11.4316,0.0,0,20.96,0.0534
570,N2C,4,9.3045,4.0,1,25.75,0.0987
570,S2C,5,6.6331,10.0,2,36.12,0.1532
570,E2C,3,12.6765,0.0,0,18.9,0.0355
570,W2C,3,11.3879,0.0,0,21.04,0.054
571,N2C,5,8.9043,5.0,1,26.91,0.1111
571,S2C,6,7.3062,12.0,2,32.79,0.1508
571,E2C,4,12.3752,0.0,0,19.36,0.0458
571,W2C,4,12.0589,0.0,0,19.87,0.0504
572,N2C,5,8.0983,6.0,1,29.59,0.1234
572,S2C,6,6.4055,14.0,2,37.41,0.1651
572,E2C,3,11.7722,0.0,0,20.35,0.0485
572,W2C,4,11.9151,0.0,0,20.11,0.0524
573,N2C,5,7.4888,7.0,1,31.99,0.1328
573,S2C,6,6.3911,16.0,2,37.49,0.1666
573,E2C,3,11.7131,0.0,0,20.46,0.0493
573,W2C,3,11.7999,0.0,0,20.31,0.0481
574,N2C,5,7.5034,8.0,1,31.93,0.1333
574,S2C,6,6.2503,19.0,3,38.33,0.1767
574,E2C,3,11.8105,0.0,0,20.29,0.0479
574,W2C,3,11.2453,0.0,0,21.31,0.0561
575,N2C,5,7.5119,10.0,2,31.9,0.1405
575,S2C,6,6.3854,22.0,3,37.52,0.1767
575,E2C,3,11.7539,0.0,0,20.38,0.0488
575,W2C,3,11.5322,0.0,0,20.78,0.052
576,N2C,5,6.8995,12.0,2,34.73,0.1507
576,S2C,6,6.3469,25.0,3,37.75,0.1793
576,E2C,3,11.5691,0.0,0,20.71,0.0514
576,W2C,3,12.1008,0.0,0,19.8,0.0438
577,N2C,6,7.0785,14.0,2,33.85,0.1554
577,S2C,7,6.96,28.0,3,34.43,0.1785
577,E2C,4,12.2502,0.0,0,19.56,0.0476
577,W2C,4,11.937,0.0,0,20.07,0.0521
578,N2C,6,6.4806,16.0,2,36.97,0.1654
578,S2C,7,6.7294,31.0,3,35.61,0.1838
578,E2C,4,12.1775,0.0,0,19.68,0.0487
578,W2C,4,11.6891,0.0,0,20.5,0.0557
579,N2C,6,6.3573,18.0,2,37.69,0.1685
579,S2C,7,6.2415,34.0,3,38.39,0.1928
579,E2C,3,12.3061,0.0,0,19.47,0.0408
579,W2C,4,11.6641,0.0,0,20.54,0.0561
580,N2C,6,6.3635,20.0,2,37.65,0.1697
580,S2C,7,5.8389,37.0,3,41.04,0.2006
580,E2C,3,12.7988,0.0,0,18.72,0.0337
580,W2C,4,11.8591,0.0,0,20.2,0.0532
581,N2C,6,6.1419,23.0,3,39.01,0.1809
581,S2C,7,5.126,40.0,3,46.74,0.2129
581,E2C,3,12.2894,0.0,0,19.5,0.041
581,W2C,4,11.3636,0.0,0,21.08,0.0604
582,N2C,6,5.7297,26.0,3,41.82,0.1888
582,S2C,7,4.632,44.0,4,51.73,0.2286
582,E2C,3,12.8372,0.0,0,18.66,0.0332
582,W2C,3,11.9044,0.0,0,20.13,0.0466
583,N2C,7,6.0568,29.0,3,39.56,0.1921
583,S2C,8,5.2637,48.0,4,45.52,0.2282
583,E2C,4,12.6961,0.0,0,18.87,0.0412
583,W2C,4,12.8652,0.0,0,18.62,0.0388
584,N2C,7,5.6396,32.0,3,42.49,0.2001
584,S2C,8,4.7365,52.0,4,50.59,0.2385
584,E2C,4,12.4247,0.0,0,19.28,0.0451
584,W2C,4,11.8423,0.0,0,20.23,0.0535
585,N2C,7,5.5203,35.0,3,43.4,0.2038
585,S2C,8,4.7916,57.0,5,50.0,0.247
585,E2C,3,12.0699,0.0,0,19.85,0.0442
585,W2C,4,11.9988,0.0,0,19.97,0.0512
586,N2C,7,5.4828,39.0,4,43.7,0.2131
586,S2C,8,4.7175,62.0,5,50.79,0.2514
586,E2C,3,12.6752,0.0,0,18.9,0.0355
586,W2C,4,12.0786,0.0,0,19.84,0.0501
587,N2C,7,5.3416,43.0,4,44.86,0.2178
587,S2C,8,4.7273,67.0,5,50.68,0.2546
587,E2C,3,12.3517,0.0,0,19.4,0.0401
587,W2C,3,12.9934,0.0,0,18.44,0.0309
588,N2C,7,5.3948,47.0,4,44.41,0.2197
588,S2C,8,4.4609,72.0,5,53.71,0.2618
588,E2C,3,12.4971,0.0,0,19.17,0.0381
588,W2C,3,12.9832,0.0,0,18.45,0.0311
589,N2C,8,6.5873,51.0,4,36.37,0.2112
589,S2C,9,5.1515,77.0,5,46.51,0.2612
589,E2C,4,12.8078,0.0,0,18.71,0.0396
589,W2C,3,13.3453,0.0,0,17.95,0.0258
590,N2C,8,6.2939,55.0,4,38.07,0.218
590,S2C,9,4.5367,82.0,5,52.81,0.2733
590,E2C,4,12.6843,0.0,0,18.89,0.0414
590,W2C,3,12.7302,0.0,0,18.82,0.0347
591,N2C,8,5.8727,59.0,4,40.8,0.2268
591,S2C,9,4.2796,87.0,5,55.99,0.2804
591,E2C,4,12.6523,0.0,0,18.94,0.0418
591,W2C,3,12.9167,0.0,0,18.55,0.032
592,N2C,8,5.2447,63.0,4,45.68,0.2385
592,S2C,9,4.2417,92.0,5,56.49,0.2843
592,E2C,4,11.909,0.0,0,20.12,0.0525
592,W2C,3,12.574,0.0,0,19.06,0.0369
593,N2C,8,4.5906,68.0,5,52.19,0.2572
593,S2C,9,3.7937,98.0,6,63.16,0.3007
593,E2C,4,10.6878,0.0,0,22.42,0.0701
593,W2C,3,12.4998,0.0,0,19.17,0.038
594,N2C,8,3.9964,73.0,5,59.95,0.2691
594,S2C,9,3.2528,104.0,6,73.66,0.3125
594,E2C,4,9.5946,0.0,0,24.97,0.0858
594,W2C,3,12.8064,0.0,0,18.71,0.0336
595,N2C,7,5.8813,28.0,3,40.74,0.194
595,S2C,8,5.0359,50.0,4,47.58,0.2328
595,E2C,5,9.8524,1.0,1,24.32,0.0948
595,W2C,4,12.8231,0.0,0,18.68,0.0394
596,N2C,7,6.4048,4.0,1,37.41,0.1584
596,S2C,8,5.0816,17.0,3,47.15,0.2042
596,E2C,5,8.6452,2.0,1,27.71,0.1129
596,W2C,4,12.8282,0.0,0,18.68,0.0393
597,N2C,7,7.2096,0.0,0,33.23,0.1382
597,S2C,8,5.6645,2.0,1,42.3,0.1738
597,E2C,5,8.1756,3.0,1,29.31,0.1203
597,W2C,4,11.8231,0.0,0,20.27,0.0538
598,N2C,5,9.0262,0.0,0,26.55,0.1
598,S2C,6,7.3377,0.0,0,32.65,0.1303
598,E2C,5,8.0423,5.0,2,29.79,0.1295
598,W2C,4,10.763,0.0,0,22.26,0.069
599,N2C,5,9.2559,0.0,0,25.89,0.0967
599,S2C,6,8.3921,0.0,0,28.55,0.1152
599,E2C,5,7.8249,7.0,2,30.62,0.134
599,W2C,4,10.0406,0.0,0,23.86,0.0794
600,N2C,3,11.6196,0.0,0,20.62,0.0507
600,S2C,6,8.8119,0.0,0,27.19,0.1091
600,E2C,5,7.1055,9.0,2,33.72,0.1457
600,W2C,4,9.5949,1.0,1,24.97,0.0925
601,N2C,4,12.1571,0.0,0,19.71,0.049
601,S2C,5,11.1591,0.0,0,21.47,0.0693
601,E2C,6,7.4531,11.0,2,32.15,0.148
601,W2C,5,10.0225,2.0,1,23.91,0.093
602,N2C,3,13.3053,0.0,0,18.01,0.0264
602,S2C,5,11.2747,0.0,0,21.25,0.0677
602,E2C,6,6.6621,13.0,2,35.96,0.1607
602,W2C,5,8.8742,3.0,1,27.0,0.1102
603,N2C,3,13.3459,0.0,0,17.95,0.0258
603,S2C,3,13.1853,0.0,0,18.17,0.0281
603,E2C,6,6.6216,16.0,3,36.18,0.1693
603,W2C,5,8.0929,5.0,2,29.61,0.1288
604,N2C,3,12.7988,0.0,0,18.72,0.0337
604,S2C,3,13.3368,0.0,0,17.97,0.026
604,E2C,6,6.6053,19.0,3,36.27,0.1716
604,W2C,5,7.8733,7.0,2,30.43,0.1333
605,N2C,3,12.6277,0.0,0,18.97,0.0362
605,S2C,3,13.1751,0.0,0,18.19,0.0283
605,E2C,6,6.5407,22.0,3,36.63,0.1745
605,W2C,5,7.8644,9.0,2,30.47,0.1348
606,N2C,3,13.1725,0.0,0,18.19,0.0283
606,S2C,3,13.2383,0.0,0,18.1,0.0274
606,E2C,6,5.7479,25.0,3,41.68,0.1879
606,W2C,5,6.9069,11.0,2,34.69,0.1499
607,N2C,3,13.1002,0.0,0,18.29,0.0294
607,S2C,3,13.07,0.0,0,18.33,0.0298
607,E2C,7,6.4208,28.0,3,37.32,0.1862
607,W2C,6,7.0441,13.0,2,34.01,0.1552
608,N2C,3,13.0664,0.0,0,18.34,0.0299
608,S2C,3,12.9955,0.0,0,18.44,0.0309
608,E2C,7,5.9628,31.0,3,40.18,0.1948
608,W2C,6,6.2486,15.0,2,38.34,0.168
609,N2C,3,12.7708,0.0,0,18.76,0.0341
609,S2C,3,12.9957,0.0,0,18.44,0.0309
609,E2C,7,5.5305,34.0,3,43.32,0.203
609,W2C,6,6.201,17.0,2,38.64,0.17
610,N2C,3,12.7306,0.0,0,18.82,0.0347
610,S2C,3,12.7607,0.0,0,18.78,0.0343
610,E2C,7,5.5706,37.0,3,43.01,0.2045
610,W2C,6,6.1804,20.0,3,38.77,0.1783
611,N2C,3,12.8445,0.0,0,18.65,0.0331
611,S2C,3,12.9023,0.0,0,18.57,0.0322
611,E2C,7,5.4461,41.0,4,43.99,0.2149
611,W2C,6,6.3374,23.0,3,37.81,0.1781
612,N2C,3,12.7859,0.0,0,18.74,0.0339
612,S2C,3,12.7209,0.0,0,18.84,0.0348
612,E2C,7,4.8105,45.0,4,49.81,0.2267
612,W2C,6,5.5208,26.0,3,43.4,0.1918
613,N2C,4,13.128,0.0,0,18.25,0.035
613,S2C,3,13.2267,0.0,0,18.11,0.0276
613,E2C,8,5.3255,49.0,4,44.99,0.228
613,W2C,7,6.2014,29.0,3,38.64,0.19
614,N2C,3,13.3608,0.0,0,17.93,0.0256
614,S2C,3,13.2561,0.0,0,18.07,0.0271
614,E2C,8,5.04,53.0,4,47.54,0.2348
614,W2C,7,5.6419,32.0,3,42.47,0.2001
615,N2C,3,13.4766,0.0,0,17.78,0.024
615,S2C,3,13.2852,0.0,0,18.04,0.0267
615,E2C,8,4.7016,58.0,5,50.96,0.249
615,W2C,7,5.4675,35.0,3,43.82,0.2046
616,N2C,3,13.2856,0.0,0,18.03,0.0267
616,S2C,3,12.9903,0.0,0,18.44,0.031
616,E2C,8,4.8478,63.0,5,49.42,0.2502
616,W2C,7,5.4095,38.0,3,44.29,0.2074
617,N2C,3,13.0374,0.0,0,18.38,0.0303
617,S2C,3,12.8113,0.0,0,18.7,0.0335
617,E2C,8,4.5925,68.0,5,52.17,0.2572
617,W2C,7,5.094,42.0,4,47.04,0.2207
618,N2C,3,13.6163,0.0,0,17.6,0.0219
618,S2C,3,12.9086,0.0,0,18.56,0.0321
618,E2C,8,4.0935,73.0,5,58.53,0.2677
618,W2C,7,4.5552,46.0,4,52.6,0.2311
619,N2C,4,13.3727,0.0,0,17.92,0.0314
619,S2C,3,12.0729,0.0,0,19.85,0.0442
619,E2C,9,4.9101,78.0,5,48.8,0.2653
619,W2C,8,5.245,50.0,4,45.68,0.2298
620,N2C,3,13.0832,0.0,0,18.31,0.0296
620,S2C,3,11.994,0.0,0,19.98,0.0453
620,E2C,9,4.4317,83.0,5,54.06,0.2755
620,W2C,8,4.6781,54.0,4,51.22,0.2406
621,N2C,3,13.2929,0.0,0,18.02,0.0266
621,S2C,3,12.2608,0.0,0,19.54,0.0415
621,E2C,9,4.4127,89.0,6,54.3,0.2858
621,W2C,8,4.5912,58.0,4,52.19,0.2446
622,N2C,3,12.9077,0.0,0,18.56,0.0321
622,S2C,3,12.166,0.0,0,19.69,0.0428
622,E2C,9,4.3494,95.0,6,55.09,0.2907
622,W2C,8,4.5373,63.0,5,52.81,0.2547
623,N2C,3,12.9977,0.0,0,18.43,0.0308
623,S2C,3,12.1562,0.0,0,19.71,0.043
623,E2C,9,4.1187,101.0,6,58.17,0.298
623,W2C,8,4.5967,68.0,5,52.12,0.2571
624,N2C,3,12.9208,0.0,0,18.54,0.032
624,S2C,3,11.9864,0.0,0,19.99,0.0454
624,E2C,9,3.7493,107.0,6,63.91,0.3073
624,W2C,8,4.6935,73.0,5,51.05,0.2591
625,N2C,3,13.4039,0.0,0,17.88,0.025
625,S2C,4,12.2457,0.0,0,19.57,0.0477
625,E2C,10,4.2755,113.0,6,56.04,0.3098
625,W2C,9,5.6124,78.0,5,42.69,0.2552
626,N2C,3,13.0111,0.0,0,18.42,0.0307
626,S2C,4,10.7474,0.0,0,22.29,0.0692
626,E2C,10,4.0206,119.0,6,59.59,0.3174
626,W2C,9,5.6041,83.0,5,42.75,0.2586
627,N2C,3,13.2234,0.0,0,18.12,0.0276
627,S2C,4,10.9145,0.0,0,21.95,0.0668
627,E2C,10,3.9673,125.0,6,60.39,0.3222
627,W2C,9,4.9763,88.0,5,48.15,0.271
628,N2C,3,12.9583,0.0,0,18.49,0.0314
628,S2C,4,10.2818,0.0,0,23.3,0.076
628,E2C,8,4.8397,67.0,5,49.51,0.253
628,W2C,7,6.006,38.0,3,39.89,0.1989
629,N2C,3,13.3172,0.0,0,17.99,0.0262
629,S2C,4,9.3801,1.0,1,25.54,0.0956
629,E2C,8,4.5419,26.0,3,52.75,0.2179
629,W2C,7,5.8904,9.0,2,40.68,0.1752
630,N2C,3,12.3509,0.0,0,19.4,0.0402
630,S2C,4,8.654,2.0,1,27.69,0.1067
630,E2C,8,4.7195,3.0,1,50.77,0.188
630,W2C,7,5.9983,0.0,0,39.94,0.1556
631,N2C,4,11.2003,0.0,0,21.39,0.0627
631,S2C,5,9.0144,3.0,1,26.58,0.1082
631,E2C,7,6.7807,0.0,0,35.34,0.1444
631,W2C,6,8.2955,0.0,0,28.88,0.1166
632,N2C,4,10.2584,0.0,0,23.36,0.0763
632,S2C,5,7.9916,4.0,1,29.98,0.1236
632,E2C,7,7.6575,0.0,0,31.29,0.1317
632,W2C,6,8.5856,0.0,0,27.91,0.1124
633,N2C,4,9.7482,0.0,0,24.58,0.0836
633,S2C,5,7.6237,5.0,1,31.43,0.1296
633,E2C,7,7.8909,0.0,0,30.36,0.1284
633,W2C,5,9.9169,0.0,0,24.16,0.0872
634,N2C,4,9.595,0.0,0,24.97,0.0858
634,S2C,5,7.6161,6.0,1,31.46,0.1303
634,E2C,5,9.6294,0.0,0,24.88,0.0913
634,W2C,4,11.1718,0.0,0,21.45,0.0631
635,N2C,4,9.6089,1.0,1,24.94,0.0923
635,S2C,5,7.3619,8.0,2,32.55,0.1413
635,E2C,5,9.46,0.0,0,25.33,0.0938
635,W2C,4,11.9419,0.0,0,20.06,0.0521
636,N2C,4,9.2008,2.0,1,26.04,0.0989
636,S2C,5,7.4048,10.0,2,32.36,0.142
636,E2C,3,11.6812,0.0,0,20.51,0.0498
636,W2C,3,12.9616,0.0,0,18.49,0.0314
637,N2C,5,9.8418,3.0,1,24.35,0.0963
637,S2C,6,8.2877,12.0,2,28.91,0.1367
637,E2C,4,12.1692,0.0,0,19.69,0.0488
637,W2C,3,13.5081,0.0,0,17.74,0.0235
638,N2C,5,8.9562,4.0,1,26.75,0.1097
638,S2C,6,7.7486,14.0,2,30.92,0.1458
638,E2C,3,12.8982,0.0,0,18.58,0.0323
638,W2C,3,13.4912,0.0,0,17.76,0.0237
639,N2C,5,8.3467,5.0,1,28.71,0.1192
639,S2C,6,8.1156,16.0,2,29.52,0.1418
639,E2C,3,12.7791,0.0,0,18.75,0.034
639,W2C,3,12.6789,0.0,0,18.9,0.0354
640,N2C,5,7.953,6.0,1,30.13,0.1255
640,S2C,6,7.9198,18.0,2,30.25,0.146
640,E2C,3,12.42,0.0,0,19.29,0.0392
640,W2C,3,13.289,0.0,0,18.03,0.0267
641,N2C,5,7.8436,8.0,2,30.55,0.1344
641,S2C,6,7.3011,20.0,2,32.82,0.1562
641,E2C,3,12.9472,0.0,0,18.51,0.0316
641,W2C,3,13.1857,0.0,0,18.17,0.0281
642,N2C,5,7.1758,10.0,2,33.39,0.1453
642,S2C,6,5.8235,22.0,2,41.14,0.1788
642,E2C,3,12.2404,0.0,0,19.57,0.0418
642,W2C,3,13.5179,0.0,0,17.72,0.0234
643,N2C,6,7.2577,12.0,2,33.01,0.1515
643,S2C,7,6.2753,24.0,2,38.18,0.1796
643,E2C,4,13.0159,0.0,0,18.41,0.0366
643,W2C,3,12.9938,0.0,0,18.44,0.0309
644,N2C,6,6.5389,14.0,2,36.64,0.1632
644,S2C,7,5.6129,27.0,3,42.69,0.1972
644,E2C,4,12.9483,0.0,0,18.5,0.0376
644,W2C,3,12.6166,0.0,0,18.99,0.0363
645,N2C,6,6.4229,16.0,2,37.3,0.1662
645,S2C,7,5.44,31.0,4,44.04,0.2083
645,E2C,3,13.0378,0.0,0,18.38,0.0303
645,W2C,3,12.6746,0.0,0,18.9,0.0355
646,N2C,6,6.4602,18.0,2,37.09,0.167
646,S2C,7,5.4931,35.0,4,43.62,0.2102
646,E2C,3,12.8398,0.0,0,18.66,0.0331
646,W2C,3,12.1568,0.0,0,19.71,0.043
647,N2C,6,6.462,21.0,3,37.08,0.175
647,S2C,7,5.013,39.0,4,47.8,0.2198
647,E2C,3,13.1813,0.0,0,18.18,0.0282
647,W2C,3,12.3591,0.0,0,19.39,0.04
648,N2C,6,6.4418,24.0,3,37.19,0.1772
648,S2C,7,4.4641,43.0,4,53.67,0.2304
648,E2C,3,12.9322,0.0,0,18.53,0.0318
648,W2C,3,12.7131,0.0,0,18.85,0.0349
649,N2C,7,7.0224,27.0,3,34.12,0.1769
649,S2C,8,5.2431,47.0,4,45.7,0.2278
649,E2C,4,12.5372,0.0,0,19.11,0.0435
649,W2C,3,12.809,0.0,0,18.71,0.0336
650,N2C,7,6.3474,30.0,3,37.75,0.1886
650,S2C,8,4.9288,51.0,4,48.61,0.235
650,E2C,3,12.0604,0.0,0,19.87,0.0443
650,W2C,3,12.3007,0.0,0,19.48,0.0409
651,N2C,7,5.7386,33.0,3,41.75,0.1994
651,S2C,8,4.6682,55.0,4,51.33,0.2414
651,E2C,3,12.152,0.0,0,19.72,0.043
651,W2C,3,12.0553,0.0,0,19.88,0.0444
652,N2C,7,5.7368,37.0,4,41.77,0.2081
652,S2C,8,4.7674,59.0,4,50.26,0.2427
652,E2C,3,12.3423,0.0,0,19.41,0.0403
652,W2C,3,12.4171,0.0,0,19.3,0.0392
653,N2C,7,5.2129,41.0,4,45.96,0.2183
653,S2C,8,4.8141,64.0,5,49.77,0.2513
653,E2C,3,12.0454,0.0,0,19.89,0.0446
653,W2C,3,12.4243,0.0,0,19.28,0.0391
654,N2C,7,4.7516,45.0,4,50.42,0.2276
654,S2C,8,4.7189,69.0,5,50.77,0.2561
654,E2C,3,12.1183,0.0,0,19.77,0.0435
654,W2C,3,12.3721,0.0,0,19.37,0.0399
655,N2C,8,5.2824,49.0,4,45.36,0.2286
655,S2C,9,5.9421,74.0,5,40.32,0.2478
655,E2C,3,12.2959,0.0,0,19.49,0.041
655,W2C,3,12.2442,0.0,0,19.57,0.0417
656,N2C,8,4.6021,54.0,5,52.06,0.2477
656,S2C,9,5.4442,79.0,5,44.01,0.2583
656,E2C,3,12.0163,0.0,0,19.94,0.045
656,W2C,3,12.2361,0.0,0,19.58,0.0418
657,N2C,8,4.8045,59.0,5,49.87,0.2482
657,S2C,9,4.8823,84.0,5,49.08,0.2697
657,E2C,3,12.3562,0.0,0,19.39,0.0401
657,W2C,3,12.1823,0.0,0,19.67,0.0426
658,N2C,8,4.6334,64.0,5,51.71,0.254
658,S2C,9,4.3525,89.0,5,55.05,0.2807
658,E2C,3,11.932,0.0,0,20.08,0.0462
658,W2C,3,12.604,0.0,0,19.01,0.0365
659,N2C,8,4.7768,69.0,5,50.16,0.2552
659,S2C,9,3.9591,94.0,5,60.52,0.2897
659,E2C,3,12.1716,0.0,0,19.69,0.0427
659,W2C,3,12.1465,0.0,0,19.73,0.0431
660,N2C,8,4.3259,74.0,5,55.39,0.265
660,S2C,9,3.4919,100.0,6,68.62,0.3064
660,E2C,3,11.4836,0.0,0,20.86,0.0526
660,W2C,3,12.4894,0.0,0,19.18,0.0382
661,N2C,7,6.1313,31.0,3,39.08,0.1924
661,S2C,8,4.9342,47.0,5,48.56,0.2383
661,E2C,4,11.0768,0.0,0,21.63,0.0645
661,W2C,4,12.3993,0.0,0,19.32,0.0455
662,N2C,7,5.7913,7.0,1,41.37,0.1693
662,S2C,8,5.1978,15.0,3,46.1,0.2012
662,E2C,4,9.7161,0.0,0,24.66,0.0841
662,W2C,4,12.3233,0.0,0,19.44,0.0466
663,N2C,7,6.2296,0.0,0,38.46,0.1523
663,S2C,8,5.9858,3.0,1,40.03,0.1698
663,E2C,4,8.8893,0.0,0,26.95,0.096
663,W2C,4,12.3393,0.0,0,19.42,0.0463
664,N2C,5,8.3809,0.0,0,28.59,0.1093
664,S2C,6,7.741,0.0,0,30.95,0.1245
664,E2C,4,8.8775,1.0,1,26.99,0.1028
664,W2C,4,11.6353,0.0,0,20.59,0.0565
665,N2C,5,8.2049,0.0,0,29.2,0.1119
665,S2C,6,7.9292,0.0,0,30.22,0.1218
665,E2C,4,8.8997,2.0,1,26.92,0.1032
665,W2C,4,10.891,0.0,0,22.0,0.0672
666,N2C,4,8.9954,0.0,0,26.64,0.0945
666,S2C,4,9.4103,0.0,0,25.46,0.0885
666,E2C,4,9.2647,3.0,1,25.86,0.0986
666,W2C,4,9.3515,0.0,0,25.62,0.0893
667,N2C,4,10.8481,0.0,0,22.09,0.0678
667,S2C,5,10.5461,0.0,0,22.72,0.0781
667,E2C,5,10.0109,4.0,1,23.93,0.0945
667,W2C,5,9.5326,0.0,0,25.13,0.0927
668,N2C,4,10.9415,0.0,0,21.9,0.0665
668,S2C,4,11.5177,0.0,0,20.8,0.0582
668,E2C,5,10.0422,5.0,1,23.86,0.0947
668,W2C,5,8.4594,0.0,0,28.32,0.1082
669,N2C,3,12.079,0.0,0,19.84,0.0441
669,S2C,3,12.933,0.0,0,18.53,0.0318
669,E2C,5,9.9891,6.0,1,23.99,0.0962
669,W2C,5,7.9325,1.0,1,30.2,0.1224
670,N2C,3,12.0764,0.0,0,19.84,0.0441
670,S2C,3,12.5154,0.0,0,19.14,0.0378
670,E2C,5,10.0075,7.0,1,23.94,0.0966
670,W2C,5,7.6914,3.0,2,31.15,0.1333
671,N2C,3,11.7599,0.0,0,20.37,0.0487
671,S2C,3,12.5553,0.0,0,19.08,0.0372
671,E2C,5,9.7398,8.0,1,24.6,0.1011
671,W2C,5,7.7365,5.0,2,30.97,0.1339
672,N2C,3,12.4685,0.0,0,19.22,0.0385
672,S2C,3,12.7841,0.0,0,18.74,0.0339
672,E2C,5,8.7272,9.0,1,27.45,0.1163
672,W2C,5,7.8203,7.0,2,30.64,0.1341
673,N2C,4,12.3377,0.0,0,19.42,0.0464
673,S2C,3,12.9754,0.0,0,18.47,0.0312
673,E2C,6,8.19,10.0,1,29.26,0.1307
673,W2C,6,8.3323,9.0,2,28.76,0.134
674,N2C,4,12.0773,0.0,0,19.84,0.0501
674,S2C,3,12.6706,0.0,0,18.91,0.0356
674,E2C,6,7.2873,11.0,1,32.88,0.1444
674,W2C,6,7.3496,11.0,2,32.6,0.1495
675,N2C,4,12.2874,0.0,0,19.5,0.0471
675,S2C,3,12.627,0.0,0,18.98,0.0362
675,E2C,6,6.5962,14.0,3,36.32,0.1684
675,W2C,6,6.7383,13.0,2,35.56,0.1596
676,N2C,3,12.0925,0.0,0,19.81,0.0439
676,S2C,3,12.1972,0.0,0,19.64,0.0424
676,E2C,6,6.4029,17.0,3,37.42,0.1731
676,W2C,6,6.5373,15.0,2,36.65,0.1639
677,N2C,3,12.147,0.0,0,19.72,0.0431
677,S2C,3,12.4118,0.0,0,19.3,0.0393
677,E2C,6,6.3997,20.0,3,37.44,0.1752
677,W2C,6,6.4994,18.0,3,36.86,0.1724
678,N2C,3,12.0043,0.0,0,19.96,0.0452
678,S2C,3,12.7733,0.0,0,18.76,0.0341
678,E2C,6,5.7508,23.0,3,41.66,0.1865
678,W2C,6,5.518,21.0,3,43.42,0.1885
679,N2C,4,12.4467,0.0,0,19.25,0.0448
679,S2C,4,12.9821,0.0,0,18.46,0.0371
679,E2C,7,6.3569,26.0,3,37.69,0.1858
679,W2C,7,6.0391,24.0,3,39.67,0.189
680,N2C,4,12.1108,0.0,0,19.78,0.0496
680,S2C,4,12.9266,0.0,0,18.54,0.0379
680,E2C,7,5.7205,29.0,3,41.88,0.197
680,W2C,7,5.4509,27.0,3,43.96,0.1995
681,N2C,3,12.1408,0.0,0,19.74,0.0432
681,S2C,3,12.8519,0.0,0,18.64,0.0329
681,E2C,7,5.4889,32.0,3,43.65,0.2023
681,W2C,7,5.2772,31.0,4,45.4,0.2107
682,N2C,3,12.3318,0.0,0,19.43,0.0404
682,S2C,3,12.8913,0.0,0,18.59,0.0324
682,E2C,7,5.4397,35.0,3,44.05,0.205
682,W2C,7,5.1208,35.0,4,46.79,0.2156
683,N2C,3,12.8479,0.0,0,18.65,0.033
683,S2C,3,13.1548,0.0,0,18.21,0.0286
683,E2C,7,5.1845,39.0,4,46.21,0.2173
683,W2C,7,4.706,39.0,4,50.91,0.2242
684,N2C,3,12.8759,0.0,0,18.61,0.0326
684,S2C,3,12.6674,0.0,0,18.91,0.0356
684,E2C,7,4.5369,43.0,4,52.81,0.2293
684,W2C,7,4.2567,43.0,4,56.29,0.2334
685,N2C,4,12.8161,0.0,0,18.7,0.0395
685,S2C,4,13.1143,0.0,0,18.27,0.0352
685,E2C,8,4.8936,47.0,4,48.96,0.2329
685,W2C,8,4.4486,47.0,4,53.86,0.2393
686,N2C,3,12.4932,0.0,0,19.18,0.0381
686,S2C,3,13.0,0.0,0,18.43,0.0308
686,E2C,8,4.4424,52.0,5,53.93,0.2487
686,W2C,8,4.2831,51.0,4,55.94,0.2443
687,N2C,3,12.7113,0.0,0,18.85,0.035
687,S2C,3,12.952,0.0,0,18.5,0.0315
687,E2C,8,4.3137,57.0,5,55.54,0.2539
687,W2C,8,4.1585,55.0,4,57.62,0.2488
688,N2C,3,12.4347,0.0,0,19.27,0.039
688,S2C,3,13.2794,0.0,0,18.04,0.0268
688,E2C,8,4.3943,62.0,5,54.52,0.2561
688,W2C,8,4.1673,60.0,5,57.49,0.258
689,N2C,3,12.3223,0.0,0,19.44,0.0406
689,S2C,3,12.9387,0.0,0,18.52,0.0317
689,E2C,8,4.2774,67.0,5,56.02,0.2611
689,W2C,8,4.0702,65.0,5,58.87,0.2627
690,N2C,3,12.0791,0.0,0,19.84,0.0441
690,S2C,3,13.2156,0.0,0,18.13,0.0277
690,E2C,8,3.7182,72.0,5,64.44,0.2725
690,W2C,8,3.9962,70.0,5,59.96,0.2671
691,N2C,4,12.856,0.0,0,18.64,0.0389
691,S2C,3,13.3952,0.0,0,17.89,0.0251
691,E2C,9,4.341,77.0,5,55.19,0.2728
691,W2C,9,5.0911,75.0,5,47.06,0.2607
692,N2C,4,13.03,0.0,0,18.39,0.0364
692,S2C,3,12.5209,0.0,0,19.14,0.0377
692,E2C,9,3.8929,83.0,6,61.55,0.2893
692,W2C,9,4.499,80.0,5,53.26,0.2726
693,N2C,4,12.1678,0.0,0,19.69,0.0488
693,S2C,3,12.7075,0.0,0,18.85,0.035
693,E2C,9,3.9353,89.0,6,60.89,0.2927
693,W2C,9,4.5354,85.0,5,52.83,0.2754
694,N2C,4,10.601,0.0,0,22.6,0.0714
694,S2C,3,12.307,0.0,0,19.47,0.0408
694,E2C,7,5.1904,44.0,4,46.16,0.2206
694,W2C,7,5.1546,39.0,3,46.48,0.2118
695,N2C,4,9.9134,0.0,0,24.17,0.0813
695,S2C,3,13.0797,0.0,0,18.32,0.0297
695,E2C,7,5.4654,14.0,2,43.84,0.1846
695,W2C,7,5.3896,9.0,2,44.46,0.1824
696,N2C,4,9.0575,0.0,0,26.45,0.0936
696,S2C,3,12.74,0.0,0,18.81,0.0346
696,E2C,7,6.1531,0.0,0,38.94,0.1534
696,W2C,7,5.9848,0.0,0,40.03,0.1558
697,N2C,5,9.8697,1.0,1,24.28,0.0946
697,S2C,4,11.8212,0.0,0,20.27,0.0538
697,E2C,7,8.2444,0.0,0,29.06,0.1233
697,W2C,7,7.4879,0.0,0,32.0,0.1342
698,N2C,5,9.4164,2.0,1,25.44,0.1017
698,S2C,4,11.0873,0.0,0,21.61,0.0644
698,E2C,6,8.9773,0.0,0,26.69,0.1067
698,W2C,6,8.5712,0.0,0,27.95,0.1126
699,N2C,5,8.3954,3.0,1,28.54,0.1171
699,S2C,4,9.6376,0.0,0,24.86,0.0852
699,E2C,6,8.9406,0.0,0,26.8,0.1073
699,W2C,5,9.6095,0.0,0,24.93,0.0916
700,N2C,5,7.9344,5.0,2,30.2,0.1311
700,S2C,4,9.7012,1.0,1,24.7,0.091
700,E2C,4,11.1809,0.0,0,21.43,0.063
700,W2C,4,10.6914,0.0,0,22.41,0.0701
701,N2C,5,7.9363,7.0,2,30.19,0.1324
701,S2C,4,9.4125,2.0,1,25.46,0.0958
701,E2C,4,11.1706,0.0,0,21.45,0.0632
701,W2C,4,11.0692,0.0,0,21.65,0.0646
702,N2C,5,7.2588,9.0,2,33.01,0.1435
702,S2C,4,9.5007,3.0,1,25.22,0.0952
702,E2C,3,12.3705,0.0,0,19.37,0.0399
702,W2C,3,12.4156,0.0,0,19.3,0.0392
703,N2C,6,7.7246,11.0,2,31.02,0.1441
703,S2C,5,9.1624,4.0,1,26.15,0.1067
703,E2C,4,12.6071,0.0,0,19.01,0.0425
703,W2C,4,11.9061,0.0,0,20.12,0.0526
704,N2C,6,6.8291,13.0,2,35.09,0.1583
704,S2C,5,8.1205,5.0,1,29.51,0.1224
704,E2C,4,12.5571,0.0,0,19.08,0.0432
704,W2C,4,11.4527,0.0,0,20.92,0.0591
705,N2C,6,6.6021,15.0,2,36.29,0.1629
705,S2C,5,7.6579,6.0,1,31.29,0.1297
705,E2C,4,12.7316,0.0,0,18.82,0.0407
705,W2C,4,12.1078,0.0,0,19.79,0.0497
706,N2C,6,6.623,18.0,3,36.18,0.1706
706,S2C,5,7.3675,8.0,2,32.52,0.1412
706,E2C,4,12.3241,0.0,0,19.44,0.0465
706,W2C,4,12.3464,0.0,0,19.41,0.0462
707,N2C,6,6.7845,21.0,3,35.32,0.1703
707,S2C,5,7.2876,10.0,2,32.88,0.1437
707,E2C,3,13.3807,0.0,0,17.91,0.0253
707,W2C,4,12.004,0.0,0,19.96,0.0512
708,N2C,6,5.9002,24.0,3,40.61,0.185
708,S2C,5,7.3787,12.0,2,32.47,0.1438
708,E2C,3,13.1229,0.0,0,18.26,0.029
708,W2C,4,12.0033,0.0,0,19.96,0.0512
709,N2C,7,6.4389,27.0,3,37.21,0.1853
709,S2C,6,8.2234,14.0,2,29.14,0.1389
709,E2C,3,13.1505,0.0,0,18.22,0.0286
709,W2C,4,12.6853,0.0,0,18.89,0.0413
710,N2C,7,5.8261,30.0,3,41.13,0.1961
710,S2C,6,7.4492,16.0,2,32.16,0.1514
710,E2C,3,13.0873,0.0,0,18.31,0.0296
710,W2C,3,12.4934,0.0,0,19.18,0.0381
711,N2C,7,5.6959,34.0,4,42.07,0.2067
711,S2C,6,6.6699,18.0,2,35.92,0.164
711,E2C,3,13.5558,0.0,0,17.68,0.0228
711,W2C,3,12.7478,0.0,0,18.8,0.0344
712,N2C,7,5.7943,38.0,4,41.35,0.2079
712,S2C,6,6.2465,20.0,2,38.36,0.1714
712,E2C,3,13.304,0.0,0,18.01,0.0264
712,W2C,3,13.1751,0.0,0,18.19,0.0283
713,N2C,7,5.1786,42.0,4,46.27,0.2194
713,S2C,6,6.2808,22.0,2,38.15,0.1722
713,E2C,3,13.035,0.0,0,18.38,0.0303
713,W2C,3,12.8477,0.0,0,18.65,0.033
714,N2C,7,4.8143,46.0,4,49.77,0.2273
714,S2C,6,5.5064,25.0,3,43.51,0.1914
714,E2C,3,12.9457,0.0,0,18.51,0.0316
714,W2C,3,12.7375,0.0,0,18.81,0.0346
715,N2C,8,5.1917,50.0,4,46.15,0.2306
715,S2C,7,6.1784,28.0,3,38.78,0.1897
715,E2C,3,13.322,0.0,0,17.99,0.0262
715,W2C,4,12.9063,0.0,0,18.56,0.0382
716,N2C,8,5.2196,54.0,4,45.9,0.2328
716,S2C,7,5.3854,31.0,3,44.49,0.2031
716,E2C,3,12.6634,0.0,0,18.92,0.0357
716,W2C,3,12.7314,0.0,0,18.82,0.0347
717,N2C,8,5.0263,59.0,5,47.67,0.245
717,S2C,7,5.5063,34.0,3,43.51,0.2034
717,E2C,3,12.5833,0.0,0,19.04,0.0368
717,W2C,3,12.4994,0.0,0,19.17,0.038
718,N2C,8,4.9917,64.0,5,48.0,0.2488
718,S2C,7,5.4669,38.0,4,43.83,0.2126
718,E2C,3,12.6308,0.0,0,18.97,0.0361
718,W2C,3,12.2174,0.0,0,19.61,0.0421
719,N2C,8,4.5429,69.0,5,52.74,0.2586
719,S2C,7,5.5993,42.0,4,42.79,0.2134
719,E2C,3,12.5651,0.0,0,19.07,0.0371
719,W2C,3,12.2721,0.0,0,19.52,0.0413
720,N2C,8,4.1757,74.0,5,57.38,0.2672
720,S2C,7,5.5069,46.0,4,43.51,0.2174
720,E2C,3,13.0274,0.0,0,18.39,0.0304
720,W2C,3,12.1199,0.0,0,19.77,0.0435
721,N2C,9,4.6881,79.0,5,51.11,0.2692
721,S2C,8,6.4859,50.0,4,36.94,0.2119
721,E2C,3,13.0197,0.0,0,18.4,0.0305
721,W2C,4,12.9655,0.0,0,18.48,0.0373
722,N2C,9,4.375,84.0,5,54.77,0.277
722,S2C,8,5.9633,54.0,4,40.18,0.2221
722,E2C,3,12.3305,0.0,0,19.43,0.0405
722,W2C,3,13.2842,0.0,0,18.04,0.0267
723,N2C,9,4.4451,90.0,6,53.9,0.286
723,S2C,8,5.4357,58.0,4,44.08,0.2324
723,E2C,3,12.1853,0.0,0,19.66,0.0425
723,W2C,3,12.6313,0.0,0,18.97,0.0361
724,N2C,9,4.2802,96.0,6,55.98,0.2924
724,S2C,8,5.0274,62.0,4,47.66,0.2409
724,E2C,3,12.3189,0.0,0,19.45,0.0406
724,W2C,3,12.6099,0.0,0,19.0,0.0364
725,N2C,9,3.8246,102.0,6,62.65,0.3029
725,S2C,8,4.5258,67.0,5,52.94,0.2575
725,E2C,3,12.7357,0.0,0,18.81,0.0346
725,W2C,3,12.5784,0.0,0,19.05,0.0369
726,N2C,9,3.5098,108.0,6,68.27,0.3115
726,S2C,8,4.2725,72.0,5,56.08,0.2645
726,E2C,3,12.8187,0.0,0,18.69,0.0334
726,W2C,3,12.9451,0.0,0,18.51,0.0316
727,N2C,8,5.1669,55.0,4,46.37,0.2343
727,S2C,7,6.2154,27.0,3,38.55,0.1885
727,E2C,4,11.5312,0.0,0,20.78,0.058
727,W2C,4,12.4227,0.0,0,19.29,0.0451
728,N2C,8,5.3538,19.0,3,44.75,0.2016
728,S2C,7,6.0629,4.0,1,39.52,0.1634
728,E2C,4,10.3555,0.0,0,23.14,0.0749
728,W2C,4,11.3251,0.0,0,21.16,0.0609
729,N2C,8,5.8287,2.0,1,41.11,0.1714
729,S2C,7,6.7062,0.0,0,35.73,0.1454
729,E2C,4,9.4482,0.0,0,25.36,0.088
729,W2C,4,10.3696,0.0,0,23.11,0.0747
730,N2C,7,6.857,0.0,0,34.94,0.1433
730,S2C,5,8.6377,0.0,0,27.74,0.1056
730,E2C,4,9.6482,1.0,1,24.83,0.0917
730,W2C,4,9.5347,1.0,1,25.13,0.0934
731,N2C,6,7.9084,0.0,0,30.3,0.1221
731,S2C,5,8.8526,0.0,0,27.07,0.1025
731,E2C,4,9.2049,2.0,1,26.03,0.0988
731,W2C,4,9.4234,2.0,1,25.43,0.0956
732,N2C,5,8.8328,0.0,0,27.13,0.1028
732,S2C,5,9.3091,0.0,0,25.74,0.096
732,E2C,4,9.6245,3.0,1,24.89,0.0934
732,W2C,4,9.7857,3.0,1,24.48,0.0911
733,N2C,5,10.9195,0.0,0,21.94,0.0728
733,S2C,4,11.8804,0.0,0,20.17,0.0529
733,E2C,5,10.5793,4.0,1,22.65,0.0863
733,W2C,5,10.116,4.0,1,23.69,0.093
734,N2C,5,10.8657,0.0,0,22.05,0.0735
734,S2C,4,11.8984,0.0,0,20.14,0.0527
734,E2C,5,10.1848,5.0,1,23.53,0.0927
734,W2C,5,9.3152,5.0,1,25.72,0.1052
735,N2C,3,12.7428,0.0,0,18.8,0.0345
735,S2C,3,12.7375,0.0,0,18.81,0.0346
735,E2C,5,9.903,6.0,1,24.19,0.0974
735,W2C,5,8.744,6.0,1,27.4,0.1141
736,N2C,3,13.504,0.0,0,17.74,0.0236
736,S2C,3,12.845,0.0,0,18.65,0.033
736,E2C,5,10.1316,7.0,1,23.65,0.0948
736,W2C,5,7.653,7.0,1,31.31,0.1305
737,N2C,3,12.6549,0.0,0,18.93,0.0358
737,S2C,3,12.9287,0.0,0,18.53,0.0318
737,E2C,5,9.1286,8.0,1,26.25,0.1099
737,W2C,5,7.8562,8.0,1,30.5,0.1282
738,N2C,3,12.8787,0.0,0,18.6,0.0326
738,S2C,3,13.1229,0.0,0,18.26,0.029
738,E2C,5,7.3863,9.0,1,32.44,0.1356
738,W2C,5,7.372,10.0,2,32.5,0.1425
739,N2C,3,13.2003,0.0,0,18.15,0.0279
739,S2C,3,13.0311,0.0,0,18.39,0.0304
739,E2C,6,7.4806,11.0,2,32.03,0.1476
739,W2C,6,7.4336,12.0,2,32.23,0.149
740,N2C,3,13.2882,0.0,0,18.03,0.0267
740,S2C,3,13.0364,0.0,0,18.38,0.0303
740,E2C,6,6.8324,13.0,2,35.07,0.1583
740,W2C,6,6.8443,14.0,2,35.01,0.1588
741,N2C,3,13.349,0.0,0,17.95,0.0258
741,S2C,3,13.3643,0.0,0,17.93,0.0256
741,E2C,6,6.7823,15.0,2,35.33,0.1603
741,W2C,6,6.4645,16.0,2,37.06,0.1656
742,N2C,3,13.0947,0.0,0,18.3,0.0295
742,S2C,3,12.5167,0.0,0,19.14,0.0378
742,E2C,6,6.7393,18.0,3,35.55,0.169
742,W2C,6,6.3844,19.0,3,37.53,0.1747
743,N2C,3,13.5568,0.0,0,17.67,0.0228
743,S2C,3,12.7576,0.0,0,18.78,0.0343
743,E2C,6,6.4931,21.0,3,36.9,0.1745
743,W2C,6,6.1525,22.0,3,38.94,0.1801
744,N2C,3,13.3462,0.0,0,17.95,0.0258
744,S2C,3,12.9971,0.0,0,18.43,0.0309
744,E2C,6,6.0916,24.0,3,39.33,0.1823
744,W2C,6,5.6534,25.0,3,42.38,0.1893
745,N2C,4,13.2489,0.0,0,18.08,0.0332
745,S2C,3,12.896,0.0,0,18.58,0.0323
745,E2C,7,6.4783,27.0,3,36.98,0.1847
745,W2C,7,6.2034,28.0,3,38.62,0.1893
746,N2C,3,13.321,0.0,0,17.99,0.0262
746,S2C,3,12.8413,0.0,0,18.66,0.0331
746,E2C,7,5.8526,30.0,3,40.94,0.1957
746,W2C,7,5.5298,31.0,3,43.33,0.201
747,N2C,3,13.0772,0.0,0,18.32,0.0297
747,S2C,3,12.6367,0.0,0,18.96,0.036
747,E2C,7,5.6828,33.0,3,42.16,0.2002
747,W2C,7,5.4279,35.0,4,44.14,0.2112
748,N2C,3,13.1976,0.0,0,18.15,0.028
748,S2C,3,12.3079,0.0,0,19.47,0.0408
748,E2C,7,5.6638,37.0,4,42.3,0.2091
748,W2C,7,5.2996,39.0,4,45.21,0.2157
749,N2C,3,12.9492,0.0,0,18.5,0.0315
749,S2C,3,12.4451,0.0,0,19.25,0.0388
749,E2C,7,5.4253,41.0,4,44.16,0.2152
749,W2C,7,5.1238,43.0,4,46.76,0.2209
750,N2C,3,13.0145,0.0,0,18.41,0.0306
750,S2C,3,12.9321,0.0,0,18.53,0.0318
750,E2C,7,4.8157,45.0,4,49.75,0.2267
750,W2C,7,4.3374,47.0,4,55.24,0.2349
751,N2C,3,13.1192,0.0,0,18.26,0.0291
751,S2C,3,12.9892,0.0,0,18.45,0.031
751,E2C,8,5.1736,49.0,4,46.31,0.2302
751,W2C,8,5.088,51.0,4,47.09,0.2327
752,N2C,3,13.3443,0.0,0,17.96,0.0259
752,S2C,2,12.5047,0.0,0,19.16,0.0319
752,E2C,8,4.9687,53.0,4,48.22,0.2358
752,W2C,8,4.7014,55.0,4,50.96,0.241
753,N2C,3,13.0069,0.0,0,18.42,0.0307
753,S2C,3,12.5602,0.0,0,19.08,0.0371
753,E2C,8,4.7938,58.0,5,49.98,0.2476
753,W2C,8,4.6458,59.0,4,51.57,0.2444
754,N2C,3,12.9191,0.0,0,18.55,0.032
754,S2C,3,12.7304,0.0,0,18.82,0.0347
754,E2C,8,4.8706,63.0,5,49.19,0.2499
754,W2C,8,4.8294,64.0,5,49.61,0.2511
755,N2C,3,13.6684,0.0,0,17.53,0.0212
755,S2C,3,12.6833,0.0,0,18.89,0.0354
755,E2C,8,4.4644,68.0,5,53.67,0.2591
755,W2C,8,4.53,69.0,5,52.89,0.2588
756,N2C,3,13.1453,0.0,0,18.23,0.0287
756,S2C,3,12.2672,0.0,0,19.53,0.0414
756,E2C,8,4.137,73.0,5,57.92,0.2671
756,W2C,8,4.696,74.0,5,51.02,0.2597
757,N2C,3,13.6423,0.0,0,17.56,0.0216
757,S2C,3,12.572,0.0,0,19.06,0.037
757,E2C,9,4.5208,78.0,5,53.0,0.2709
757,W2C,9,5.1485,79.0,5,46.54,0.2625
758,N2C,3,12.7961,0.0,0,18.72,0.0338
758,S2C,3,12.1977,0.0,0,19.64,0.0424
758,E2C,9,4.2911,83.0,5,55.84,0.2775
758,W2C,9,5.1141,84.0,5,46.85,0.2664
759,N2C,3,13.2367,0.0,0,18.1,0.0274
759,S2C,3,12.4189,0.0,0,19.29,0.0392
759,E2C,9,4.3307,89.0,6,55.33,0.287
759,W2C,9,4.6153,89.0,5,51.91,0.2769
760,N2C,3,13.2469,0.0,0,18.09,0.0273
760,S2C,3,12.8165,0.0,0,18.69,0.0335
760,E2C,7,5.5444,42.0,4,43.21,0.2142
760,W2C,7,5.3159,40.0,3,45.07,0.2101
761,N2C,3,13.0163,0.0,0,18.41,0.0306
761,S2C,3,12.7246,0.0,0,18.83,0.0348
761,E2C,7,5.4709,12.0,2,43.8,0.1832
761,W2C,7,4.7744,8.0,1,50.18,0.1846
762,N2C,3,12.5646,0.0,0,19.07,0.0371
762,S2C,3,12.3709,0.0,0,19.37,0.0399
762,E2C,7,5.6105,0.0,0,42.71,0.1612
762,W2C,7,4.9436,0.0,0,48.47,0.1708
763,N2C,4,12.2034,0.0,0,19.63,0.0483
763,S2C,4,12.7092,0.0,0,18.85,0.041
763,E2C,6,7.6326,0.0,0,31.39,0.1261
763,W2C,6,7.0718,0.0,0,33.88,0.1342
764,N2C,4,10.8419,0.0,0,22.1,0.0679
764,S2C,4,11.7518,0.0,0,20.39,0.0548
764,E2C,6,8.2611,0.0,0,29.0,0.1171
764,W2C,6,7.5964,0.0,0,31.54,0.1266
765,N2C,4,9.8181,0.0,0,24.4,0.0826
765,S2C,4,10.8669,0.0,0,22.05,0.0675
765,E2C,6,9.3718,0.0,0,25.57,0.1011
765,W2C,5,9.0048,0.0,0,26.61,0.1003
766,N2C,4,9.8076,1.0,1,24.43,0.0894
766,S2C,4,10.2058,0.0,0,23.48,0.077
766,E2C,4,11.4355,0.0,0,20.95,0.0593
766,W2C,4,10.4411,0.0,0,22.95,0.0737
767,N2C,4,9.5986,2.0,1,24.96,0.0931
767,S2C,4,9.928,0.0,0,24.13,0.081
767,E2C,4,11.7525,0.0,0,20.39,0.0548
767,W2C,3,11.415,0.0,0,20.99,0.0536
768,N2C,4,9.6223,3.0,1,24.9,0.0934
768,S2C,4,9.4049,1.0,1,25.48,0.0952
768,E2C,3,12.7785,0.0,0,18.75,0.034
768,W2C,3,11.7082,0.0,0,20.46,0.0494
769,N2C,5,9.6338,4.0,1,24.87,0.1
769,S2C,5,10.2474,2.0,1,23.38,0.0898
769,E2C,4,13.0614,0.0,0,18.34,0.0359
769,W2C,4,11.9225,0.0,0,20.1,0.0523
770,N2C,5,8.7238,5.0,1,27.47,0.1137
770,S2C,5,10.3637,3.0,1,23.12,0.0888
770,E2C,4,13.0494,0.0,0,18.36,0.0361
770,W2C,3,11.3114,0.0,0,21.18,0.0551
771,N2C,5,7.816,6.0,1,30.65,0.1275
771,S2C,5,10.3363,4.0,1,23.18,0.0898
771,E2C,3,13.7773,0.0,0,17.39,0.0196
771,W2C,3,11.1846,0.0,0,21.42,0.057
772,N2C,5,8.044,8.0,2,29.79,0.1315
772,S2C,5,9.632,5.0,1,24.88,0.1006
772,E2C,3,13.1108,0.0,0,18.27,0.0292
772,W2C,3,11.2393,0.0,0,21.32,0.0562
773,N2C,5,8.0065,10.0,2,29.93,0.1334
773,S2C,5,8.7698,6.0,1,27.32,0.1137
773,E2C,3,12.8082,0.0,0,18.71,0.0336
773,W2C,3,11.4336,0.0,0,20.96,0.0534
774,N2C,5,7.079,12.0,2,33.85,0.1481
774,S2C,5,7.4223,7.0,1,32.28,0.1338
774,E2C,3,13.0623,0.0,0,18.34,0.0299
774,W2C,3,11.5147,0.0,0,20.81,0.0522
775,N2C,6,7.3631,14.0,2,32.54,0.1513
775,S2C,6,7.4993,8.0,1,31.95,0.1394
775,E2C,3,13.5485,0.0,0,17.68,0.0229
775,W2C,4,12.0906,0.0,0,19.82,0.0499
776,N2C,6,6.4531,16.0,2,37.13,0.1657
776,S2C,6,6.6976,10.0,2,35.77,0.1582
776,E2C,3,13.1177,0.0,0,18.27,0.0291
776,W2C,4,11.6203,0.0,0,20.62,0.0567
777,N2C,6,6.542,18.0,2,36.62,0.1658
777,S2C,6,6.4837,12.0,2,36.95,0.1626
777,E2C,3,13.1782,0.0,0,18.18,0.0282
777,W2C,4,11.9691,0.0,0,20.02,0.0517
778,N2C,6,6.5029,21.0,3,36.84,0.1744
778,S2C,6,6.4099,15.0,3,37.38,0.1717
778,E2C,3,13.3632,0.0,0,17.93,0.0256
778,W2C,4,11.7544,0.0,0,20.38,0.0548
779,N2C,6,6.3396,24.0,3,37.79,0.1787
779,S2C,6,6.5057,18.0,3,36.83,0.1723
779,E2C,3,13.2603,0.0,0,18.07,0.0271
779,W2C,4,11.7279,0.0,0,20.43,0.0551
780,N2C,6,5.8994,27.0,3,40.61,0.1871
780,S2C,6,5.7923,21.0,3,41.37,0.1846
780,E2C,3,13.3043,0.0,0,18.01,0.0264
780,W2C,4,12.111,0.0,0,19.78,0.0496
781,N2C,7,6.3315,30.0,3,37.84,0.1888
781,S2C,7,6.2176,24.0,3,38.54,0.1865
781,E2C,3,12.8122,0.0,0,18.7,0.0335
781,W2C,4,11.7925,0.0,0,20.32,0.0542
782,N2C,7,6.015,33.0,3,39.83,0.1954
782,S2C,7,5.5319,27.0,3,43.31,0.1983
782,E2C,3,12.5718,0.0,0,19.06,0.037
782,W2C,4,11.9068,0.0,0,20.12,0.0526
783,N2C,7,5.486,36.0,3,43.67,0.205
783,S2C,7,5.5364,31.0,4,43.28,0.2069
783,E2C,3,12.9573,0.0,0,18.49,0.0314
783,W2C,4,11.9941,0.0,0,19.98,0.0513
784,N2C,7,5.4222,40.0,4,44.19,0.2146
784,S2C,7,5.6765,35.0,4,42.21,0.2076
784,E2C,3,12.4058,0.0,0,19.31,0.0394
784,W2C,3,12.5419,0.0,0,19.1,0.0374
785,N2C,7,5.1483,44.0,4,46.54,0.2212
785,S2C,7,5.2262,39.0,4,45.85,0.2167
785,E2C,3,12.8273,0.0,0,18.68,0.0333
785,W2C,3,12.689,0.0,0,18.88,0.0353
786,N2C,7,4.6126,48.0,4,51.95,0.2316
786,S2C,7,4.5595,43.0,4,52.55,0.229
786,E2C,3,12.6278,0.0,0,18.97,0.0362
786,W2C,3,12.8168,0.0,0,18.69,0.0335
787,N2C,8,5.243,52.0,4,45.7,0.2312
787,S2C,8,5.3636,47.0,4,44.67,0.2261
787,E2C,3,12.6186,0.0,0,18.99,0.0363
787,W2C,3,12.6132,0.0,0,19.0,0.0364
788,N2C,8,4.8507,56.0,4,49.39,0.2395
788,S2C,8,4.876,51.0,4,49.14,0.2358
788,E2C,3,12.5053,0.0,0,19.16,0.0379
788,W2C,4,12.7369,0.0,0,18.81,0.0406
789,N2C,8,4.6832,61.0,5,51.16,0.2512
789,S2C,8,4.919,56.0,5,48.71,0.2445
789,E2C,3,12.703,0.0,0,18.86,0.0351
789,W2C,3,13.1529,0.0,0,18.22,0.0286
790,N2C,8,4.9231,66.0,5,48.67,0.2511
790,S2C,8,4.7754,61.0,5,50.17,0.2499
790,E2C,3,12.5098,0.0,0,19.15,0.0379
790,W2C,3,12.9085,0.0,0,18.56,0.0321
791,N2C,8,4.7931,71.0,5,49.99,0.2563
791,S2C,8,4.8664,66.0,5,49.24,0.2519
791,E2C,3,12.9553,0.0,0,18.49,0.0315
791,W2C,3,13.3515,0.0,0,17.95,0.0258
792,N2C,8,4.629,76.0,5,51.76,0.262
792,S2C,8,4.8547,71.0,5,49.35,0.2554
792,E2C,3,12.1567,0.0,0,19.71,0.043
792,W2C,3,12.8114,0.0,0,18.7,0.0335
793,N2C,7,7.1818,31.0,3,33.36,0.1773
793,S2C,7,6.8927,32.0,3,34.76,0.1821
793,E2C,4,11.3378,0.0,0,21.13,0.0607
793,W2C,4,11.9615,0.0,0,20.03,0.0518
794,N2C,7,7.019,6.0,1,34.14,0.1509
794,S2C,7,6.5927,6.0,1,36.34,0.1571
794,E2C,4,9.8157,0.0,0,24.41,0.0827
794,W2C,4,10.5374,0.0,0,22.74,0.0723
795,N2C,7,7.2573,0.0,0,33.01,0.1375
795,S2C,7,7.4733,0.0,0,32.06,0.1344
795,E2C,4,9.802,0.0,0,24.44,0.0829
795,W2C,4,9.7948,1.0,1,24.46,0.0896
796,N2C,5,9.5593,0.0,0,25.06,0.0924
796,S2C,5,9.3248,0.0,0,25.69,0.0957
796,E2C,4,9.4938,1.0,1,25.24,0.094
796,W2C,4,9.8853,2.0,1,24.24,0.089
797,N2C,5,9.0955,0.0,0,26.34,0.099
797,S2C,5,9.3647,0.0,0,25.59,0.0952
797,E2C,4,9.0727,2.0,1,26.41,0.1007
797,W2C,4,9.7266,3.0,1,24.63,0.0919
798,N2C,3,11.6015,0.0,0,20.65,0.051
798,S2C,4,10.1588,0.0,0,23.59,0.0777
798,E2C,4,9.3979,3.0,1,25.5,0.0967
798,W2C,4,9.6234,4.0,1,24.9,0.0941
799,N2C,4,12.028,0.0,0,19.92,0.0508
799,S2C,4,12.192,0.0,0,19.65,0.0484
799,E2C,5,10.4049,4.0,1,23.03,0.0888
799,W2C,5,9.198,5.0,1,26.05,0.1069
800,N2C,3,13.1659,0.0,0,18.2,0.0284
800,S2C,3,13.5919,0.0,0,17.63,0.0223
800,E2C,5,10.2631,5.0,1,23.35,0.0916
800,W2C,5,8.5462,6.0,1,28.04,0.1169
801,N2C,3,12.8701,0.0,0,18.62,0.0327
801,S2C,3,13.2681,0.0,0,18.06,0.027
801,E2C,5,9.7672,6.0,1,24.53,0.0994
801,W2C,5,7.5809,7.0,1,31.61,0.1315
802,N2C,3,12.7834,0.0,0,18.74,0.0339
802,S2C,3,13.5716,0.0,0,17.65,0.0226
802,E2C,5,9.0559,7.0,1,26.46,0.1103
802,W2C,5,7.2613,9.0,2,33.0,0.1434
803,N2C,3,12.6554,0.0,0,18.93,0.0358
803,S2C,3,13.4109,0.0,0,17.87,0.0249
803,E2C,5,8.1218,8.0,1,29.5,0.1244
803,W2C,5,7.5267,11.0,2,31.83,0.141
804,N2C,3,12.9658,0.0,0,18.48,0.0313
804,S2C,3,13.1302,0.0,0,18.25,0.0289
804,E2C,5,7.3373,9.0,1,32.66,0.1364
804,W2C,5,7.6879,13.0,2,31.17,0.14
805,N2C,4,13.2881,0.0,0,18.03,0.0327
805,S2C,3,12.3441,0.0,0,19.41,0.0403
805,E2C,6,7.2754,11.0,2,32.93,0.1506
805,W2C,6,7.8581,15.0,2,30.49,0.1449
806,N2C,3,12.9518,0.0,0,18.5,0.0315
806,S2C,3,12.7284,0.0,0,18.82,0.0347
806,E2C,6,7.0082,13.0,2,34.19,0.1558
806,W2C,6,7.1194,17.0,2,33.65,0.1568
807,N2C,3,12.7805,0.0,0,18.75,0.034
807,S2C,3,12.3678,0.0,0,19.37,0.0399
807,E2C,6,6.3858,16.0,3,37.52,0.1727
807,W2C,6,6.5028,19.0,2,36.85,0.167
808,N2C,3,13.2395,0.0,0,18.1,0.0274
808,S2C,3,12.1696,0.0,0,19.69,0.0428
808,E2C,6,6.3934,19.0,3,37.48,0.1746
808,W2C,6,6.439,21.0,2,37.21,0.1693
809,N2C,3,12.8717,0.0,0,18.61,0.0327
809,S2C,3,12.4421,0.0,0,19.26,0.0388
809,E2C,6,6.559,22.0,3,36.53,0.1742
809,W2C,6,6.2526,24.0,3,38.32,0.18
810,N2C,3,13.1112,0.0,0,18.27,0.0292
810,S2C,3,12.4061,0.0,0,19.31,0.0394
810,E2C,6,5.9013,25.0,3,40.6,0.1857
810,W2C,6,5.8208,27.0,3,41.16,0.1882
811,N2C,3,13.1574,0.0,0,18.21,0.0285
811,S2C,3,12.9291,0.0,0,18.53,0.0318
811,E2C,7,6.4495,28.0,3,37.15,0.1858
811,W2C,7,5.9815,30.0,3,40.06,0.1939
812,N2C,3,12.5718,0.0,0,19.06,0.037
812,S2C,3,12.511,0.0,0,19.15,0.0379
812,E2C,7,5.885,31.0,3,40.71,0.1959
812,W2C,7,5.4926,33.0,3,43.62,0.2029
813,N2C,3,12.5771,0.0,0,19.05,0.0369
813,S2C,3,12.4667,0.0,0,19.22,0.0385
813,E2C,7,5.8151,34.0,3,41.2,0.1989
813,W2C,7,5.3016,36.0,3,45.19,0.2077
814,N2C,3,12.8909,0.0,0,18.59,0.0324
814,S2C,3,12.6398,0.0,0,18.96,0.036
814,E2C,7,5.55,37.0,3,43.17,0.2048
814,W2C,7,5.2391,40.0,4,45.73,0.2172
815,N2C,3,13.118,0.0,0,18.27,0.0291
815,S2C,3,12.328,0.0,0,19.44,0.0405
815,E2C,7,5.156,41.0,4,46.47,0.2191
815,W2C,7,5.2995,44.0,4,45.21,0.219
816,N2C,3,12.8217,0.0,0,18.69,0.0334
816,S2C,3,12.2459,0.0,0,19.57,0.0417
816,E2C,7,4.6848,45.0,4,51.14,0.2285
816,W2C,7,5.0758,48.0,4,47.2,0.2249
817,N2C,3,12.5997,0.0,0,19.02,0.0366
817,S2C,3,12.7957,0.0,0,18.73,0.0338
817,E2C,8,5.1552,49.0,4,46.48,0.2304
817,W2C,8,6.2221,52.0,4,38.51,0.2171
818,N2C,3,13.174,0.0,0,18.19,0.0283
818,S2C,3,12.7202,0.0,0,18.84,0.0348
818,E2C,8,4.9925,53.0,4,47.99,0.2354
818,W2C,8,6.0443,56.0,4,39.64,0.2223
819,N2C,3,12.6737,0.0,0,18.91,0.0355
819,S2C,3,12.8616,0.0,0,18.63,0.0328
819,E2C,8,4.8235,57.0,4,49.67,0.2405
819,W2C,8,5.4904,60.0,4,43.64,0.2329
820,N2C,3,12.88,0.0,0,18.6,0.0325
820,S2C,3,12.6347,0.0,0,18.96,0.0361
820,E2C,8,4.6777,62.0,5,51.22,0.252
820,W2C,8,4.9811,64.0,4,48.1,0.2429
821,N2C,3,12.9888,0.0,0,18.45,0.031
821,S2C,3,12.7489,0.0,0,18.79,0.0344
821,E2C,8,4.6802,67.0,5,51.19,0.2553
821,W2C,8,4.3352,68.0,4,55.27,0.2549
822,N2C,3,13.1508,0.0,0,18.22,0.0286
822,S2C,3,12.6268,0.0,0,18.98,0.0362
822,E2C,8,4.6507,72.0,5,51.52,0.259
822,W2C,8,4.1491,73.0,5,57.75,0.2669
823,N2C,4,12.9403,0.0,0,18.52,0.0377
823,S2C,4,12.8506,0.0,0,18.65,0.039
823,E2C,9,5.2685,77.0,5,45.48,0.2595
823,W2C,9,4.6915,78.0,5,51.07,0.2684
824,N2C,4,11.7111,0.0,0,20.46,0.0554
824,S2C,4,12.9431,0.0,0,18.51,0.0376
824,E2C,9,4.7358,82.0,5,50.59,0.2705
824,W2C,9,4.0299,83.0,5,59.46,0.2813
825,N2C,4,10.705,0.0,0,22.38,0.0699
825,S2C,4,12.6374,0.0,0,18.96,0.042
825,E2C,9,4.3291,88.0,6,55.35,0.2863
825,W2C,9,4.1607,89.0,6,57.59,0.2894
826,N2C,4,10.0681,0.0,0,23.8,0.079
826,S2C,4,11.6841,0.0,0,20.51,0.0558
826,E2C,7,5.6246,41.0,4,42.6,0.2123
826,W2C,7,5.1914,38.0,4,46.15,0.2166
827,N2C,4,9.7004,1.0,1,24.7,0.091
827,S2C,4,10.5119,0.0,0,22.79,0.0726
827,E2C,7,5.5177,11.0,2,43.42,0.1819
827,W2C,7,5.9862,9.0,2,40.03,0.1738
828,N2C,4,9.2926,2.0,1,25.78,0.0975
828,S2C,4,9.3419,0.0,0,25.65,0.0895
828,E2C,7,5.5977,0.0,0,42.8,0.1614
828,W2C,7,6.7908,0.0,0,35.28,0.1442
829,N2C,5,9.3115,3.0,1,25.73,0.1039
829,S2C,5,8.8637,0.0,0,27.03,0.1024
829,E2C,6,7.7804,0.0,0,30.8,0.124
829,W2C,6,8.7567,0.0,0,27.36,0.1099
830,N2C,5,8.9228,4.0,1,26.85,0.1102
830,S2C,5,8.1121,0.0,0,29.54,0.1132
830,E2C,6,7.8357,0.0,0,30.58,0.1232
830,W2C,6,9.1712,0.0,0,26.13,0.1039
831,N2C,5,8.0276,5.0,1,29.85,0.1237
831,S2C,5,7.3753,1.0,1,32.49,0.1305
831,E2C,6,8.484,0.0,0,28.24,0.1138
831,W2C,4,10.9492,0.0,0,21.88,0.0663
832,N2C,5,8.0424,6.0,1,29.79,0.1242
832,S2C,5,7.3159,2.0,1,32.75,0.132
832,E2C,4,10.9347,0.0,0,21.91,0.0666
832,W2C,4,11.4172,0.0,0,20.99,0.0596
833,N2C,5,7.6948,8.0,2,31.14,0.1365
833,S2C,5,7.15,4.0,2,33.51,0.1417
833,E2C,4,11.0858,0.0,0,21.61,0.0644
833,W2C,3,13.0277,0.0,0,18.39,0.0304
834,N2C,5,8.0349,10.0,2,29.82,0.133
834,S2C,5,6.5636,6.0,2,36.5,0.1515
834,E2C,3,12.607,0.0,0,19.01,0.0365
834,W2C,3,13.1238,0.0,0,18.26,0.029
835,N2C,6,8.2668,12.0,2,28.98,0.137
835,S2C,6,6.9823,8.0,2,34.32,0.1528
835,E2C,4,13.1829,0.0,0,18.18,0.0342
835,W2C,3,12.5774,0.0,0,19.05,0.0369
836,N2C,6,7.1152,14.0,2,33.67,0.1549
836,S2C,6,6.0561,10.0,2,39.56,0.1675
836,E2C,3,12.3761,0.0,0,19.36,0.0398
836,W2C,3,12.1545,0.0,0,19.71,0.043
837,N2C,6,6.7871,16.0,2,35.3,0.1609
837,S2C,6,5.9739,12.0,2,40.11,0.17
837,E2C,3,12.6922,0.0,0,18.88,0.0352
837,W2C,3,12.055,0.0,0,19.88,0.0444
838,N2C,6,6.5895,18.0,2,36.36,0.1651
838,S2C,6,6.1017,15.0,3,39.27,0.1761
838,E2C,3,12.5902,0.0,0,19.03,0.0367
838,W2C,3,12.4682,0.0,0,19.22,0.0385
839,N2C,6,6.6821,20.0,2,35.86,0.1651
839,S2C,6,5.9716,18.0,3,40.12,0.18
839,E2C,3,12.705,0.0,0,18.86,0.0351
839,W2C,3,12.2238,0.0,0,19.6,0.042
840,N2C,6,6.018,23.0,3,39.81,0.1827
840,S2C,6,5.8778,21.0,3,40.76,0.1834
840,E2C,3,13.0546,0.0,0,18.35,0.03
840,W2C,3,12.3277,0.0,0,19.44,0.0405
841,N2C,7,6.5682,26.0,3,36.48,0.1828
841,S2C,7,6.4503,24.0,3,37.15,0.1831
841,E2C,4,13.1447,0.0,0,18.23,0.0347
841,W2C,4,12.861,0.0,0,18.63,0.0388
842,N2C,7,5.6357,29.0,3,42.51,0.1982
842,S2C,7,5.7236,27.0,3,41.86,0.1956
842,E2C,3,12.7592,0.0,0,18.78,0.0343
842,W2C,4,12.6585,0.0,0,18.93,0.0417
843,N2C,7,5.6448,33.0,4,42.45,0.2067
843,S2C,7,5.284,30.0,3,45.34,0.2039
843,E2C,3,13.0132,0.0,0,18.41,0.0306
843,W2C,4,12.2094,0.0,0,19.62,0.0482
844,N2C,7,5.7626,37.0,4,41.58,0.2077
844,S2C,7,5.1109,34.0,4,46.88,0.2151
844,E2C,3,12.6164,0.0,0,18.99,0.0363
844,W2C,3,13.0947,0.0,0,18.3,0.0295
845,N2C,7,5.4821,41.0,4,43.71,0.2144
845,S2C,7,5.1977,38.0,4,46.1,0.2165
845,E2C,3,12.4183,0.0,0,19.29,0.0392
845,W2C,3,12.5438,0.0,0,19.1,0.0374
846,N2C,7,4.9308,45.0,4,48.59,0.225
846,S2C,7,5.1863,42.0,4,46.2,0.2193
846,E2C,3,12.6443,0.0,0,18.95,0.0359
846,W2C,3,12.7216,0.0,0,18.83,0.0348
847,N2C,8,5.2264,49.0,4,45.84,0.2294
847,S2C,8,6.1857,46.0,4,38.73,0.2136
847,E2C,3,12.3553,0.0,0,19.39,0.0401
847,W2C,3,13.1798,0.0,0,18.18,0.0282
848,N2C,8,4.6586,54.0,5,51.43,0.2469
848,S2C,8,6.2563,50.0,4,38.3,0.2153
848,E2C,4,12.6854,0.0,0,18.89,0.0413
848,W2C,3,12.7115,0.0,0,18.85,0.035
849,N2C,8,4.6902,59.0,5,51.09,0.2498
849,S2C,8,5.6899,54.0,4,42.11,0.2261
849,E2C,3,12.6433,0.0,0,18.95,0.036
849,W2C,3,12.6252,0.0,0,18.98,0.0362
850,N2C,8,4.5517,64.0,5,52.64,0.2551
850,S2C,8,5.4517,58.0,4,43.95,0.2322
850,E2C,3,12.8291,0.0,0,18.68,0.0333
850,W2C,3,12.7619,0.0,0,18.77,0.0342
851,N2C,8,4.3126,69.0,5,55.56,0.2619
851,S2C,8,4.8625,62.0,4,49.27,0.2433
851,E2C,3,12.9546,0.0,0,18.5,0.0315
851,W2C,3,13.1828,0.0,0,18.18,0.0282
852,N2C,8,3.902,74.0,5,61.4,0.2711
852,S2C,8,4.3016,67.0,5,55.7,0.2607
852,E2C,3,13.0952,0.0,0,18.3,0.0294
852,W2C,3,13.0235,0.0,0,18.4,0.0305
853,N2C,9,4.3727,79.0,5,54.79,0.2737
853,S2C,9,4.868,72.0,5,49.22,0.2619
853,E2C,4,13.1463,0.0,0,18.23,0.0347
853,W2C,4,13.1711,0.0,0,18.19,0.0344
854,N2C,9,4.1077,84.0,5,58.33,0.2809
854,S2C,9,4.2612,77.0,5,56.23,0.274
854,E2C,3,13.1211,0.0,0,18.26,0.0291
854,W2C,4,12.8206,0.0,0,18.69,0.0394
855,N2C,9,3.8908,90.0,6,61.58,0.294
855,S2C,9,3.9643,83.0,6,60.44,0.2883
855,E2C,3,12.9321,0.0,0,18.53,0.0318
855,W2C,3,13.4074,0.0,0,17.87,0.0249
856,N2C,9,4.0339,96.0,6,59.4,0.2959
856,S2C,9,4.1222,89.0,6,58.12,0.29
856,E2C,3,12.5666,0.0,0,19.07,0.0371
856,W2C,3,13.2285,0.0,0,18.11,0.0275
857,N2C,9,3.5818,102.0,6,66.89,0.3064
857,S2C,9,4.0109,95.0,6,59.74,0.2956
857,E2C,3,12.9457,0.0,0,18.51,0.0316
857,W2C,3,13.0517,0.0,0,18.36,0.0301
858,N2C,9,2.9606,108.0,6,80.93,0.3194
858,S2C,9,3.6158,101.0,6,66.26,0.3053
858,E2C,3,11.9805,0.0,0,20.0,0.0455
858,W2C,3,12.4855,0.0,0,19.19,0.0382
859,N2C,8,4.5815,54.0,4,52.3,0.242
859,S2C,8,5.0986,51.0,4,46.99,0.2326
859,E2C,4,10.9323,0.0,0,21.92,0.0666
859,W2C,4,11.6289,0.0,0,20.6,0.0566
860,N2C,8,4.8168,19.0,2,49.74,0.2033
860,S2C,8,4.9862,15.0,2,48.05,0.1982
860,E2C,4,10.071,0.0,0,23.79,0.079
860,W2C,4,10.3015,0.0,0,23.26,0.0757
861,N2C,8,5.6084,1.0,1,42.72,0.1739
861,S2C,8,5.571,0.0,0,43.01,0.1678
861,E2C,4,9.5391,0.0,0,25.12,0.0866
861,W2C,4,10.0056,0.0,0,23.95,0.0799
862,N2C,6,6.8987,0.0,0,34.73,0.1367
862,S2C,6,7.1985,0.0,0,33.28,0.1324
862,E2C,4,9.2025,0.0,0,26.04,0.0915
862,W2C,4,9.8865,1.0,1,24.24,0.0883
863,N2C,6,7.6119,0.0,0,31.48,0.1264
863,S2C,6,7.1264,0.0,0,33.62,0.1334
863,E2C,4,9.0624,1.0,1,26.44,0.1002
863,W2C,4,10.0381,2.0,1,23.87,0.0868
864,N2C,5,8.9283,0.0,0,26.84,0.1014
864,S2C,6,7.7644,0.0,0,30.86,0.1242
864,E2C,4,9.4259,2.0,1,25.42,0.0956
864,W2C,4,9.5,3.0,1,25.22,0.0952
865,N2C,5,10.8055,0.0,0,22.17,0.0744
865,S2C,5,10.1038,0.0,0,23.71,0.0845
865,E2C,5,10.0083,3.0,1,23.94,0.0939
865,W2C,5,9.4462,4.0,1,25.36,0.1027
866,N2C,5,11.2568,0.0,0,21.29,0.0679
866,S2C,5,10.1041,0.0,0,23.71,0.0845
866,E2C,5,10.1136,4.0,1,23.69,0.093
866,W2C,5,8.1993,5.0,1,29.22,0.1213
867,N2C,4,12.0214,0.0,0,19.93,0.0509
867,S2C,3,11.9738,0.0,0,20.01,0.0456
867,E2C,5,9.2275,5.0,1,25.97,0.1065
867,W2C,5,8.0125,6.0,1,29.9,0.1246
868,N2C,4,12.3825,0.0,0,19.35,0.0457
868,S2C,3,12.0805,0.0,0,19.83,0.0441
868,E2C,5,8.7563,6.0,1,27.36,0.1139
868,W2C,5,7.7745,7.0,1,30.82,0.1287
869,N2C,3,12.2458,0.0,0,19.57,0.0417
869,S2C,3,11.7155,0.0,0,20.45,0.0493
869,E2C,5,8.1058,7.0,1,29.56,0.124
869,W2C,5,7.8161,8.0,1,30.65,0.1288
870,N2C,3,12.5145,0.0,0,19.15,0.0378
870,S2C,3,12.1198,0.0,0,19.77,0.0435
870,E2C,5,6.866,8.0,1,34.9,0.1425
870,W2C,5,6.9398,10.0,2,34.53,0.1487
871,N2C,4,12.9263,0.0,0,18.54,0.0379
871,S2C,4,12.4724,0.0,0,19.21,0.0444
871,E2C,6,6.8245,10.0,2,35.11,0.1564
871,W2C,6,7.2793,12.0,2,32.92,0.1512
872,N2C,4,12.692,0.0,0,18.88,0.0412
872,S2C,4,12.4045,0.0,0,19.32,0.0454
872,E2C,6,6.4009,12.0,2,37.43,0.1638
872,W2C,6,6.6155,14.0,2,36.22,0.1621
873,N2C,4,12.5935,0.0,0,19.03,0.0427
873,S2C,4,12.6139,0.0,0,18.99,0.0424
873,E2C,6,6.1496,14.0,2,38.96,0.1688
873,W2C,6,6.3926,16.0,2,37.48,0.1666
874,N2C,3,13.1837,0.0,0,18.17,0.0282
874,S2C,3,12.7861,0.0,0,18.74,0.0339
874,E2C,6,6.4027,17.0,3,37.42,0.1731
874,W2C,6,6.5075,19.0,3,36.82,0.173
875,N2C,3,13.1651,0.0,0,18.2,0.0284
875,S2C,3,12.5132,0.0,0,19.15,0.0378
875,E2C,6,6.3089,20.0,3,37.98,0.1765
875,W2C,6,6.4284,22.0,3,37.27,0.1761
876,N2C,3,13.1725,0.0,0,18.19,0.0283
876,S2C,3,12.9247,0.0,0,18.54,0.0319
876,E2C,6,6.0275,23.0,3,39.75,0.1825
876,W2C,6,6.1775,25.0,3,38.79,0.1817
877,N2C,3,12.961,0.0,0,18.49,0.0314
877,S2C,4,12.8088,0.0,0,18.71,0.0396
877,E2C,7,6.9377,26.0,3,34.54,0.1774
877,W2C,7,6.7467,28.0,3,35.51,0.1815
878,N2C,3,13.2102,0.0,0,18.14,0.0278
878,S2C,4,12.9822,0.0,0,18.46,0.0371
878,E2C,7,6.6604,29.0,3,35.97,0.1834
878,W2C,7,6.05,31.0,3,39.6,0.1936
879,N2C,3,12.7133,0.0,0,18.85,0.0349
879,S2C,3,12.6163,0.0,0,18.99,0.0363
879,E2C,7,6.371,32.0,3,37.61,0.1896
879,W2C,7,5.5381,34.0,3,43.26,0.2029
880,N2C,3,12.9726,0.0,0,18.47,0.0312
880,S2C,3,12.7155,0.0,0,18.84,0.0349
880,E2C,7,5.8926,35.0,3,40.66,0.1985
880,W2C,7,5.4986,38.0,4,43.57,0.2122
881,N2C,3,12.8782,0.0,0,18.61,0.0326
881,S2C,3,13.0188,0.0,0,18.4,0.0305
881,E2C,7,5.4446,39.0,4,44.01,0.2136
881,W2C,7,5.6397,42.0,4,42.48,0.2128
882,N2C,3,12.8268,0.0,0,18.68,0.0333
882,S2C,3,12.7578,0.0,0,18.78,0.0343
882,E2C,7,4.6131,43.0,4,51.94,0.2282
882,W2C,7,5.2379,46.0,4,45.74,0.2212
883,N2C,3,13.2034,0.0,0,18.15,0.0279
883,S2C,4,12.8174,0.0,0,18.69,0.0394
883,E2C,8,5.3335,47.0,4,44.92,0.2265
883,W2C,8,6.0019,50.0,4,39.92,0.2189
884,N2C,3,12.676,0.0,0,18.9,0.0355
884,S2C,3,12.99,0.0,0,18.44,0.031
884,E2C,8,4.9205,51.0,4,48.69,0.2352
884,W2C,8,5.4978,54.0,4,43.58,0.2288
885,N2C,3,12.9461,0.0,0,18.51,0.0316
885,S2C,3,12.4659,0.0,0,19.22,0.0385
885,E2C,8,4.8337,55.0,4,49.57,0.2391
885,W2C,8,4.961,58.0,4,48.3,0.2392
886,N2C,3,12.5778,0.0,0,19.05,0.0369
886,S2C,3,12.6006,0.0,0,19.01,0.0366
886,E2C,8,4.9092,60.0,5,48.81,0.2473
886,W2C,8,5.0597,63.0,5,47.35,0.2471
887,N2C,3,12.6274,0.0,0,18.97,0.0362
887,S2C,3,12.8819,0.0,0,18.6,0.0325
887,E2C,8,4.7573,65.0,5,50.36,0.2528
887,W2C,8,4.7005,68.0,5,50.97,0.2557
888,N2C,3,12.7781,0.0,0,18.75,0.034
888,S2C,3,13.1396,0.0,0,18.24,0.0288
888,E2C,8,4.9119,70.0,5,48.78,0.2539
888,W2C,8,4.068,73.0,5,58.9,0.2681
889,N2C,4,12.4628,0.0,0,19.23,0.0446
889,S2C,4,12.2555,0.0,0,19.55,0.0475
889,E2C,9,5.579,75.0,5,42.95,0.2537
889,W2C,9,4.6956,78.0,5,51.03,0.2684
890,N2C,4,11.4487,0.0,0,20.93,0.0592
890,S2C,4,10.7376,0.0,0,22.31,0.0694
890,E2C,9,4.8738,80.0,5,49.16,0.2672
890,W2C,9,4.4006,84.0,6,54.45,0.2826
891,N2C,4,10.7033,0.0,0,22.39,0.0699
891,S2C,4,9.867,0.0,0,24.28,0.0819
891,E2C,9,4.4908,86.0,6,53.35,0.2827
891,W2C,9,4.3595,90.0,6,54.96,0.2872
892,N2C,4,9.8988,0.0,0,24.2,0.0815
892,S2C,4,9.5515,1.0,1,25.09,0.0931
892,E2C,7,5.6113,40.0,4,42.7,0.2119
892,W2C,7,5.3983,42.0,4,44.38,0.2163
893,N2C,4,9.9268,0.0,0,24.14,0.0811
893,S2C,4,9.698,2.0,1,24.71,0.0917
893,E2C,7,5.4866,11.0,2,43.67,0.1823
893,W2C,7,5.5547,12.0,2,43.13,0.182
894,N2C,4,9.1756,1.0,1,26.11,0.0985
894,S2C,4,9.1021,3.0,1,26.32,0.1009
894,E2C,7,5.7733,0.0,0,41.5,0.1589
894,W2C,7,5.6473,0.0,0,42.43,0.1607
895,N2C,5,9.1778,2.0,1,26.11,0.1052
895,S2C,5,9.0564,4.0,1,26.46,0.1083
895,E2C,6,8.1332,0.0,0,29.46,0.1189
895,W2C,6,7.5982,0.0,0,31.53,0.1266
896,N2C,5,8.2511,3.0,1,29.04,0.1192
896,S2C,5,8.3808,5.0,1,28.59,0.1187
896,E2C,6,8.3414,0.0,0,28.72,0.1159
896,W2C,6,8.3851,0.0,0,28.57,0.1153
897,N2C,5,7.9011,4.0,1,30.32,0.1249
897,S2C,5,7.3963,7.0,2,32.39,0.1402
897,E2C,6,9.2148,0.0,0,26.0,0.1033
897,W2C,5,9.7258,0.0,0,24.64,0.09
898,N2C,5,7.7783,5.0,1,30.8,0.1273
898,S2C,5,7.667,9.0,2,31.25,0.1376
898,E2C,4,11.3096,0.0,0,21.19,0.0612
898,W2C,4,10.9779,0.0,0,21.83,0.0659
899,N2C,5,7.7983,7.0,2,30.72,0.1344
899,S2C,5,7.3942,11.0,2,32.4,0.1429
899,E2C,4,11.8275,0.0,0,20.26,0.0537
899,W2C,4,11.4189,0.0,0,20.98,0.0596
900,N2C,5,7.7209,9.0,2,31.03,0.1368
900,S2C,5,7.2126,13.0,2,33.22,0.1468
900,E2C,3,13.5156,0.0,0,17.73,0.0234
900,W2C,3,12.6476,0.0,0,18.94,0.0359
901,N2C,6,7.9552,11.0,2,30.12,0.1408
901,S2C,6,8.5054,15.0,2,28.17,0.1355
901,E2C,3,13.4211,0.0,0,17.85,0.0248
901,W2C,3,12.8945,0.0,0,18.58,0.0323
902,N2C,6,7.0379,13.0,2,34.04,0.1553
902,S2C,6,7.3278,17.0,2,32.7,0.1538
902,E2C,3,13.0911,0.0,0,18.3,0.0295
902,W2C,3,12.3537,0.0,0,19.39,0.0401
903,N2C,6,6.5739,15.0,2,36.45,0.1633
903,S2C,6,6.7641,19.0,2,35.42,0.1633
903,E2C,3,13.2273,0.0,0,18.11,0.0275
903,W2C,3,12.6721,0.0,0,18.91,0.0355
904,N2C,6,6.7618,17.0,2,35.43,0.162
904,S2C,6,6.2828,21.0,2,38.14,0.1715
904,E2C,3,13.2219,0.0,0,18.12,0.0276
904,W2C,3,12.6227,0.0,0,18.98,0.0362
905,N2C,6,6.4456,20.0,3,37.17,0.1745
905,S2C,6,6.6497,24.0,3,36.03,0.1743
905,E2C,3,13.3633,0.0,0,17.93,0.0256
905,W2C,3,12.7288,0.0,0,18.82,0.0347
906,N2C,6,5.9291,23.0,3,40.41,0.184
906,S2C,6,5.943,27.0,3,40.32,0.1864
906,E2C,3,13.2201,0.0,0,18.12,0.0276
906,W2C,3,13.2158,0.0,0,18.13,0.0277
907,N2C,7,6.2347,26.0,3,38.43,0.1876
907,S2C,7,6.3304,30.0,3,37.85,0.1888
907,E2C,3,13.3659,0.0,0,17.93,0.0255
907,W2C,3,12.8511,0.0,0,18.64,0.033
908,N2C,7,5.6541,29.0,3,42.38,0.1979
908,S2C,7,5.4383,33.0,3,44.06,0.2037
908,E2C,3,12.726,0.0,0,18.83,0.0348
908,W2C,3,12.4164,0.0,0,19.3,0.0392
909,N2C,7,5.6432,32.0,3,42.46,0.2001
909,S2C,7,5.3778,36.0,3,44.55,0.2066
909,E2C,3,13.0195,0.0,0,18.4,0.0305
909,W2C,3,12.6011,0.0,0,19.01,0.0366
910,N2C,7,5.5017,35.0,3,43.55,0.2041
910,S2C,7,5.3648,39.0,3,44.66,0.2088
910,E2C,3,13.0499,0.0,0,18.36,0.0301
910,W2C,3,12.3761,0.0,0,19.36,0.0398
911,N2C,7,5.2314,39.0,4,45.8,0.2167
911,S2C,7,5.4774,43.0,4,43.74,0.2158
911,E2C,3,13.357,0.0,0,17.94,0.0257
911,W2C,3,12.6169,0.0,0,18.99,0.0363
912,N2C,7,4.8807,43.0,4,49.09,0.2244
912,S2C,7,5.414,47.0,4,44.26,0.2194
912,E2C,3,12.9394,0.0,0,18.52,0.0317
912,W2C,3,12.301,0.0,0,19.48,0.0409
913,N2C,8,5.2816,47.0,4,45.37,0.2273
913,S2C,8,5.9403,51.0,4,40.33,0.2205
913,E2C,3,13.1797,0.0,0,18.18,0.0282
913,W2C,4,12.9576,0.0,0,18.49,0.0374
914,N2C,8,4.8765,51.0,4,49.13,0.2358
914,S2C,8,5.4295,55.0,4,44.13,0.2305
914,E2C,3,13.239,0.0,0,18.1,0.0274
914,W2C,4,12.1762,0.0,0,19.68,0.0487
915,N2C,8,4.766,56.0,5,50.27,0.2467
915,S2C,8,4.8452,59.0,4,49.45,0.2416
915,E2C,3,12.4625,0.0,0,19.23,0.0386
915,W2C,4,12.4288,0.0,0,19.28,0.045
916,N2C,8,4.557,61.0,5,52.58,0.2531
916,S2C,8,4.7739,64.0,5,50.19,0.2519
916,E2C,3,13.1454,0.0,0,18.23,0.0287
916,W2C,3,13.2321,0.0,0,18.11,0.0275
917,N2C,8,4.3809,66.0,5,54.69,0.2589
917,S2C,8,4.6625,69.0,5,51.39,0.2569
917,E2C,3,12.7859,0.0,0,18.74,0.0339
917,W2C,3,13.1052,0.0,0,18.28,0.0293
918,N2C,8,3.7771,71.0,5,63.43,0.2709
918,S2C,8,3.9692,74.0,5,60.37,0.2702
918,E2C,3,13.1183,0.0,0,18.26,0.0291
918,W2C,3,13.1633,0.0,0,18.2,0.0285
919,N2C,9,4.5476,76.0,5,52.69,0.2692
919,S2C,9,4.6257,79.0,5,51.8,0.2701
919,E2C,3,13.5126,0.0,0,17.73,0.0234
919,W2C,3,13.1042,0.0,0,18.28,0.0293
920,N2C,9,4.3079,81.0,5,55.62,0.276
920,S2C,9,4.2153,84.0,5,56.84,0.2793
920,E2C,3,13.162,0.0,0,18.2,0.0285
920,W2C,3,12.8838,0.0,0,18.6,0.0325
921,N2C,9,4.2055,87.0,6,56.97,0.2874
921,S2C,9,4.1976,90.0,6,57.08,0.2896
921,E2C,3,13.1962,0.0,0,18.16,0.028
921,W2C,3,12.7002,0.0,0,18.87,0.0351
922,N2C,9,4.2698,93.0,6,56.12,0.2905
922,S2C,9,4.2327,96.0,6,56.61,0.2931
922,E2C,3,12.6768,0.0,0,18.9,0.0355
922,W2C,3,12.7549,0.0,0,18.78,0.0343
923,N2C,9,4.124,99.0,6,58.1,0.2966
923,S2C,9,4.1858,102.0,6,57.24,0.2977
923,E2C,3,13.2239,0.0,0,18.12,0.0276
923,W2C,3,12.8656,0.0,0,18.62,0.0328
924,N2C,9,4.1344,105.0,6,57.95,0.3005
924,S2C,9,3.9717,108.0,6,60.33,0.3048
924,E2C,3,13.3983,0.0,0,17.88,0.0251
924,W2C,3,13.0622,0.0,0,18.34,0.0299
925,N2C,8,6.003,52.0,4,39.91,0.2202
925,S2C,8,5.76,51.0,4,41.6,0.2231
925,E2C,4,12.5401,0.0,0,19.11,0.0434
925,W2C,4,12.2123,0.0,0,19.62,0.0482
926,N2C,8,5.7795,18.0,2,41.46,0.1888
926,S2C,8,5.7006,17.0,2,42.03,0.1893
926,E2C,4,11.5243,0.0,0,20.79,0.0581
926,W2C,4,11.6256,0.0,0,20.61,0.0566
927,N2C,8,5.8925,1.0,1,40.66,0.1698
927,S2C,8,6.0476,1.0,1,39.62,0.1676
927,E2C,4,10.3289,0.0,0,23.2,0.0753
927,W2C,4,10.6969,0.0,0,22.4,0.07
928,N2C,7,7.3064,0.0,0,32.79,0.1368
928,S2C,6,7.5485,0.0,0,31.74,0.1273
928,E2C,4,10.1163,0.0,0,23.68,0.0783
928,W2C,4,9.7948,0.0,0,24.46,0.083
929,N2C,6,8.1915,0.0,0,29.25,0.1181
929,S2C,6,8.1479,0.0,0,29.41,0.1187
929,E2C,4,9.907,0.0,0,24.19,0.0814
929,W2C,4,9.2848,1.0,1,25.81,0.097
930,N2C,5,9.284,0.0,0,25.81,0.0963
930,S2C,4,9.6528,0.0,0,24.82,0.085
930,E2C,4,9.4205,1.0,1,25.43,0.095
930,W2C,4,8.8592,2.0,1,27.05,0.1038
931,N2C,5,11.419,0.0,0,20.98,0.0656
931,S2C,5,11.0296,0.0,0,21.72,0.0712
931,E2C,5,9.4775,2.0,1,25.28,0.1009
931,W2C,5,9.2821,3.0,1,25.81,0.1043
932,N2C,5,11.6298,0.0,0,20.6,0.0625
932,S2C,4,11.6747,0.0,0,20.52,0.0559
932,E2C,5,8.5063,3.0,1,28.17,0.1155
932,W2C,5,8.3038,4.0,1,28.85,0.1191
933,N2C,3,13.1623,0.0,0,18.2,0.0285
933,S2C,3,13.231,0.0,0,18.11,0.0275
933,E2C,5,8.0293,4.0,1,29.84,0.1231
933,W2C,5,7.5672,5.0,1,31.66,0.1304
934,N2C,3,13.4309,0.0,0,17.84,0.0246
934,S2C,3,13.5611,0.0,0,17.67,0.0227
934,E2C,5,7.9686,6.0,2,30.07,0.1313
934,W2C,5,7.7524,7.0,2,30.91,0.135
935,N2C,3,13.1846,0.0,0,18.17,0.0282
935,S2C,3,13.3456,0.0,0,17.95,0.0258
935,E2C,5,7.9582,8.0,2,30.11,0.1327
935,W2C,5,7.7341,9.0,2,30.98,0.1366
936,N2C,3,12.9758,0.0,0,18.47,0.0312
936,S2C,3,13.4659,0.0,0,17.79,0.0241
936,E2C,5,7.228,10.0,2,33.15,0.1446
936,W2C,5,6.8761,11.0,2,34.85,0.1503
937,N2C,3,13.6418,0.0,0,17.56,0.0216
937,S2C,4,12.9518,0.0,0,18.5,0.0375
937,E2C,6,7.4016,12.0,2,32.37,0.1494
937,W2C,6,7.1431,13.0,2,33.54,0.1538
938,N2C,3,13.3332,0.0,0,17.97,0.026
938,S2C,3,12.9607,0.0,0,18.49,0.0314
938,E2C,6,6.6733,14.0,2,35.9,0.1612
938,W2C,6,6.3612,15.0,2,37.67,0.1664
939,N2C,3,12.9315,0.0,0,18.53,0.0318
939,S2C,3,13.2731,0.0,0,18.05,0.0269
939,E2C,6,6.6752,16.0,2,35.89,0.1626
939,W2C,6,6.2268,17.0,2,38.48,0.1697
940,N2C,3,13.4753,0.0,0,17.78,0.024
940,S2C,3,13.3127,0.0,0,18.0,0.0263
940,E2C,6,6.6065,19.0,3,36.27,0.1715
940,W2C,6,6.1178,20.0,3,39.16,0.1792
941,N2C,3,12.9417,0.0,0,18.51,0.0317
941,S2C,3,13.516,0.0,0,17.73,0.0234
941,E2C,6,6.3882,22.0,3,37.51,0.1767
941,W2C,6,6.2146,23.0,3,38.55,0.1799
942,N2C,3,13.5246,0.0,0,17.72,0.0233
942,S2C,3,13.225,0.0,0,18.12,0.0276
942,E2C,6,6.1644,25.0,3,38.87,0.1819
942,W2C,6,6.3158,26.0,3,37.94,0.1804
943,N2C,3,13.211,0.0,0,18.14,0.0278
943,S2C,3,13.2117,0.0,0,18.14,0.0278
943,E2C,7,6.4757,28.0,3,37.0,0.1854
943,W2C,7,7.295,29.0,3,32.84,0.1743
944,N2C,3,12.9197,0.0,0,18.55,0.032
944,S2C,3,12.7754,0.0,0,18.75,0.034
944,E2C,7,5.7862,31.0,3,41.41,0.1974
944,W2C,7,6.5627,32.0,3,36.51,0.1868
945,N2C,3,13.2427,0.0,0,18.09,0.0273
945,S2C,3,12.4947,0.0,0,19.18,0.0381
945,E2C,7,5.7105,34.0,3,41.96,0.2004
945,W2C,7,6.0528,35.0,3,39.59,0.1962
946,N2C,3,12.6919,0.0,0,18.88,0.0353
946,S2C,3,12.7738,0.0,0,18.76,0.0341
946,E2C,7,5.8978,37.0,3,40.63,0.1997
946,W2C,7,5.7442,38.0,3,41.71,0.2026
947,N2C,3,12.7421,0.0,0,18.8,0.0345
947,S2C,3,13.0106,0.0,0,18.42,0.0307
947,E2C,7,5.1911,41.0,4,46.16,0.2186
947,W2C,7,5.0521,41.0,3,47.43,0.2146
948,N2C,3,12.7984,0.0,0,18.72,0.0337
948,S2C,3,12.5434,0.0,0,19.1,0.0374
948,E2C,7,4.8303,45.0,4,49.6,0.2264
948,W2C,7,4.5177,44.0,3,53.04,0.2243
949,N2C,3,13.2658,0.0,0,18.06,0.027
949,S2C,3,12.9413,0.0,0,18.51,0.0317
949,E2C,8,5.3226,49.0,4,45.02,0.228
949,W2C,8,5.2409,48.0,4,45.72,0.2285
950,N2C,3,12.3064,0.0,0,19.47,0.0408
950,S2C,3,13.0125,0.0,0,18.41,0.0306
950,E2C,8,5.0413,53.0,4,47.53,0.2347
950,W2C,8,4.6317,52.0,4,51.73,0.24
951,N2C,3,13.1344,0.0,0,18.24,0.0289
951,S2C,3,12.4259,0.0,0,19.28,0.0391
951,E2C,8,4.9848,57.0,4,48.07,0.2382
951,W2C,8,4.8338,56.0,4,49.57,0.2397
952,N2C,3,12.893,0.0,0,18.58,0.0324
952,S2C,3,12.7783,0.0,0,18.75,0.034
952,E2C,8,4.9581,62.0,5,48.32,0.2479
952,W2C,8,4.8811,61.0,5,49.09,0.2484
953,N2C,3,13.1428,0.0,0,18.23,0.0288
953,S2C,3,13.2846,0.0,0,18.04,0.0267
953,E2C,8,4.7266,67.0,5,50.69,0.2546
953,W2C,8,4.6937,66.0,5,51.05,0.2544
954,N2C,3,12.9394,0.0,0,18.52,0.0317
954,S2C,3,13.0091,0.0,0,18.42,0.0307
954,E2C,8,4.1547,72.0,5,57.67,0.2662
954,W2C,8,4.913,71.0,5,48.77,0.2546
955,N2C,3,12.9837,0.0,0,18.45,0.031
955,S2C,3,13.1034,0.0,0,18.29,0.0293
955,E2C,9,4.7128,77.0,5,50.84,0.2675
955,W2C,9,5.6036,76.0,5,42.76,0.254
956,N2C,3,12.8952,0.0,0,18.58,0.0323
956,S2C,3,12.272,0.0,0,19.52,0.0413
956,E2C,9,4.5092,82.0,5,53.14,0.2737
956,W2C,9,5.1634,81.0,5,46.4,0.2637
957,N2C,3,12.883,0.0,0,18.6,0.0325
957,S2C,3,12.8775,0.0,0,18.61,0.0326
957,E2C,9,4.4365,87.0,5,54.01,0.2781
957,W2C,9,4.5714,86.0,5,52.41,0.2755
958,N2C,3,13.0132,0.0,0,18.41,0.0306
958,S2C,3,12.445,0.0,0,19.25,0.0388
958,E2C,7,5.6171,39.0,4,42.66,0.2111
958,W2C,7,5.6807,36.0,3,42.18,0.2022
959,N2C,3,12.5861,0.0,0,19.04,0.0368
959,S2C,3,12.9257,0.0,0,18.54,0.0319
959,E2C,7,5.6832,10.0,2,42.16,0.1788
959,W2C,7,5.5886,9.0,2,42.87,0.1795
960,N2C,3,13.0494,0.0,0,18.36,0.0301
960,S2C,3,12.5057,0.0,0,19.16,0.0379
960,E2C,7,5.9958,0.0,0,39.96,0.1557
960,W2C,7,5.7593,0.0,0,41.6,0.1591
961,N2C,4,13.105,0.0,0,18.28,0.0353
961,S2C,4,13.1624,0.0,0,18.2,0.0345
961,E2C,6,8.1973,0.0,0,29.23,0.118
961,W2C,6,8.1203,0.0,0,29.51,0.1191
962,N2C,4,11.9019,0.0,0,20.13,0.0526
962,S2C,4,12.5352,0.0,0,19.11,0.0435
962,E2C,6,8.5603,0.0,0,27.99,0.1127
962,W2C,6,8.6472,0.0,0,27.71,0.1115
963,N2C,4,10.7309,0.0,0,22.33,0.0695
963,S2C,4,11.551,0.0,0,20.74,0.0577
963,E2C,5,10.1814,0.0,0,23.53,0.0834
963,W2C,5,10.0761,0.0,0,23.78,0.0849
964,N2C,4,9.8877,0.0,0,24.23,0.0816
964,S2C,4,10.9165,0.0,0,21.95,0.0668
964,E2C,4,11.3972,0.0,0,21.02,0.0599
964,W2C,4,11.2048,0.0,0,21.38,0.0627
965,N2C,4,9.7738,0.0,0,24.51,0.0833
965,S2C,4,9.7733,0.0,0,24.52,0.0833
965,E2C,3,13.4405,0.0,0,17.83,0.0245
965,W2C,4,11.79,0.0,0,20.32,0.0542
966,N2C,4,9.369,0.0,0,25.57,0.0891
966,S2C,4,9.5487,0.0,0,25.09,0.0865
966,E2C,3,13.2411,0.0,0,18.1,0.0273
966,W2C,3,13.138,0.0,0,18.24,0.0288
967,N2C,5,9.0578,1.0,1,26.45,0.1062
967,S2C,5,9.1453,1.0,1,26.2,0.105
967,E2C,3,13.5923,0.0,0,17.63,0.0223
967,W2C,3,13.0141,0.0,0,18.41,0.0306
968,N2C,5,7.9367,2.0,1,30.19,0.1231
968,S2C,5,8.2715,2.0,1,28.97,0.1182
968,E2C,3,12.8605,0.0,0,18.63,0.0328
968,W2C,3,12.619,0.0,0,18.99,0.0363
969,N2C,5,7.7799,3.0,1,30.8,0.126
969,S2C,5,7.4835,3.0,1,32.02,0.1302
969,E2C,3,13.3016,0.0,0,18.01,0.0265
969,W2C,3,13.0055,0.0,0,18.42,0.0307
970,N2C,5,7.5862,5.0,2,31.58,0.1361
970,S2C,5,7.358,4.0,1,32.56,0.1327
970,E2C,3,12.9824,0.0,0,18.46,0.0311
970,W2C,3,12.7911,0.0,0,18.73,0.0338
971,N2C,5,7.563,7.0,2,31.68,0.1378
971,S2C,5,7.3171,6.0,2,32.75,0.1406
971,E2C,3,13.0413,0.0,0,18.37,0.0302
971,W2C,3,12.7435,0.0,0,18.8,0.0345
972,N2C,5,6.6039,9.0,2,36.28,0.1529
972,S2C,5,6.7374,8.0,2,35.56,0.1503
972,E2C,3,13.4513,0.0,0,17.81,0.0243
972,W2C,3,12.9284,0.0,0,18.53,0.0318
973,N2C,6,7.0146,11.0,2,34.16,0.1543
973,S2C,6,6.7283,10.0,2,35.61,0.1578
973,E2C,3,13.5004,0.0,0,17.75,0.0236
973,W2C,4,13.2005,0.0,0,18.15,0.0339
974,N2C,6,6.5899,13.0,2,36.36,0.1618
974,S2C,6,6.0994,12.0,2,39.28,0.1682
974,E2C,3,13.5954,0.0,0,17.62,0.0222
974,W2C,3,12.7275,0.0,0,18.83,0.0347
975,N2C,6,6.2271,15.0,2,38.48,0.1683
975,S2C,6,5.9393,14.0,2,40.34,0.1718
975,E2C,3,13.3336,0.0,0,17.97,0.026
975,W2C,3,13.0414,0.0,0,18.37,0.0302
976,N2C,6,6.1483,17.0,2,38.97,0.1708
976,S2C,6,5.8155,17.0,3,41.2,0.1816
976,E2C,3,13.3495,0.0,0,17.95,0.0258
976,W2C,3,13.0439,0.0,0,18.37,0.0302
977,N2C,6,6.2112,19.0,2,38.58,0.1712
977,S2C,6,5.8192,20.0,3,41.17,0.1835
977,E2C,3,13.2788,0.0,0,18.04,0.0268
977,W2C,3,12.8019,0.0,0,18.72,0.0337
978,N2C,6,6.2042,22.0,3,38.62,0.1793
978,S2C,6,5.0938,23.0,3,47.04,0.196
978,E2C,3,13.3586,0.0,0,17.94,0.0257
978,W2C,3,12.8776,0.0,0,18.61,0.0326
979,N2C,7,6.9224,25.0,3,34.61,0.177
979,S2C,7,5.574,26.0,3,42.99,0.1971
979,E2C,3,13.3503,0.0,0,17.95,0.0258
979,W2C,4,13.0889,0.0,0,18.31,0.0355
980,N2C,7,6.2318,28.0,3,38.45,0.1889
980,S2C,7,4.9288,29.0,3,48.61,0.2084
980,E2C,3,12.9825,0.0,0,18.46,0.0311
980,W2C,3,13.0877,0.0,0,18.31,0.0296
981,N2C,7,5.8437,31.0,3,41.0,0.1965
981,S2C,7,4.7119,33.0,4,50.85,0.2202
981,E2C,3,13.2485,0.0,0,18.09,0.0272
981,W2C,3,13.1147,0.0,0,18.27,0.0292
982,N2C,7,5.3595,34.0,3,44.71,0.2055
982,S2C,7,4.8234,37.0,4,49.67,0.2212
982,E2C,3,12.8773,0.0,0,18.61,0.0326
982,W2C,3,12.9242,0.0,0,18.54,0.0319
983,N2C,7,5.4293,38.0,4,44.13,0.2132
983,S2C,7,4.7097,41.0,4,50.87,0.2255
983,E2C,3,13.2801,0.0,0,18.04,0.0268
983,W2C,3,13.0303,0.0,0,18.39,0.0304
984,N2C,7,5.2507,42.0,4,45.63,0.2184
984,S2C,7,4.5301,45.0,4,52.89,0.2308
984,E2C,3,13.6754,0.0,0,17.52,0.0211
984,W2C,3,12.8367,0.0,0,18.67,0.0332
985,N2C,8,6.0421,46.0,4,39.65,0.2157
985,S2C,8,5.847,49.0,4,40.98,0.2205
985,E2C,3,12.6007,0.0,0,19.01,0.0366
985,W2C,4,12.6873,0.0,0,18.89,0.0413
986,N2C,8,5.5875,50.0,4,42.88,0.2249
986,S2C,8,5.7199,53.0,4,41.89,0.225
986,E2C,3,12.695,0.0,0,18.87,0.0352
986,W2C,3,12.6353,0.0,0,18.96,0.0361
987,N2C,8,4.9571,54.0,4,48.33,0.2366
987,S2C,8,5.3975,57.0,4,44.39,0.2323
987,E2C,3,12.6948,0.0,0,18.87,0.0352
987,W2C,3,12.8038,0.0,0,18.71,0.0336
988,N2C,8,4.9485,59.0,5,48.42,0.2461
988,S2C,8,4.8741,61.0,4,49.16,0.2425
988,E2C,3,12.6844,0.0,0,18.89,0.0354
988,W2C,3,12.5683,0.0,0,19.06,0.037
989,N2C,8,4.8031,64.0,5,49.88,0.2515
989,S2C,8,4.413,65.0,4,54.29,0.2518
989,E2C,3,12.9698,0.0,0,18.47,0.0312
989,W2C,3,12.8688,0.0,0,18.62,0.0327
990,N2C,8,4.4416,69.0,5,53.94,0.26
990,S2C,8,4.3805,70.0,5,54.7,0.2616
990,E2C,3,11.7829,0.0,0,20.33,0.0483
990,W2C,3,12.0627,0.0,0,19.86,0.0443
991,N2C,7,6.4732,27.0,3,37.01,0.1848
991,S2C,7,7.0947,29.0,3,33.77,0.1772
991,E2C,4,10.7203,0.0,0,22.35,0.0696
991,W2C,4,11.1972,0.0,0,21.4,0.0628
992,N2C,7,6.4165,5.0,1,37.34,0.1589
992,S2C,7,7.3615,3.0,1,32.55,0.144
992,E2C,4,9.6152,0.0,0,24.92,0.0856
992,W2C,4,10.1587,0.0,0,23.59,0.0777
993,N2C,7,7.083,0.0,0,33.83,0.14
993,S2C,7,7.8371,0.0,0,30.57,0.1292
993,E2C,4,9.1993,0.0,0,26.05,0.0915
993,W2C,4,9.5567,0.0,0,25.07,0.0864
994,N2C,5,9.1487,0.0,0,26.19,0.0983
994,S2C,5,10.0435,0.0,0,23.86,0.0854
994,E2C,4,9.0196,1.0,1,26.56,0.1008
994,W2C,4,9.2374,1.0,1,25.94,0.0977
995,N2C,5,9.7022,0.0,0,24.7,0.0903
995,S2C,5,9.5749,0.0,0,25.02,0.0921
995,E2C,4,9.0359,2.0,1,26.52,0.1012
995,W2C,4,8.928,2.0,1,26.84,0.1028
996,N2C,3,12.2118,0.0,0,19.62,0.0422
996,S2C,5,10.2939,0.0,0,23.28,0.0818
996,E2C,4,8.7159,3.0,1,27.49,0.1065
996,W2C,4,8.9793,3.0,1,26.68,0.1027
997,N2C,4,12.0259,0.0,0,19.92,0.0508
997,S2C,4,13.1129,0.0,0,18.27,0.0352
997,E2C,5,9.1322,4.0,1,26.24,0.1072
997,W2C,5,9.0533,4.0,1,26.47,0.1083
998,N2C,4,12.2363,0.0,0,19.58,0.0478
998,S2C,4,12.6077,0.0,0,19.0,0.0425
998,E2C,5,7.9943,5.0,1,29.97,0.1242
998,W2C,5,8.1034,5.0,1,29.57,0.1227
999,N2C,3,12.7905,0.0,0,18.73,0.0338
999,S2C,4,13.0452,0.0,0,18.37,0.0362
999,E2C,5,7.1301,6.0,1,33.6,0.1373
999,W2C,5,7.6212,6.0,1,31.44,0.1303
1000,N2C,3,13.3415,0.0,0,17.96,0.0259
1000,S2C,3,13.0135,0.0,0,18.41,0.0306
1000,E2C,5,7.1576,8.0,2,33.48,0.1443
1000,W2C,5,7.3423,8.0,2,32.63,0.1416
1001,N2C,3,13.2648,0.0,0,18.06,0.027
1001,S2C,3,13.464,0.0,0,17.8,0.0241
1001,E2C,5,7.1406,10.0,2,33.55,0.1459
1001,W2C,5,7.4764,10.0,2,32.05,0.141
1002,N2C,3,13.4213,0.0,0,17.85,0.0247
1002,S2C,3,13.1886,0.0,0,18.17,0.0281
1002,E2C,5,7.1915,12.0,2,33.32,0.1465
1002,W2C,5,7.2505,12.0,2,33.05,0.1456
1003,N2C,3,12.8522,0.0,0,18.64,0.0329
1003,S2C,3,13.4676,0.0,0,17.79,0.0241
1003,E2C,6,8.4192,14.0,2,28.46,0.1361
1003,W2C,6,8.4003,14.0,2,28.52,0.1364
1004,N2C,3,12.7585,0.0,0,18.78,0.0343
1004,S2C,3,13.4798,0.0,0,17.77,0.0239
1004,E2C,6,8.286,16.0,2,28.92,0.1394
1004,W2C,6,8.3448,16.0,2,28.71,0.1385
1005,N2C,3,12.9101,0.0,0,18.56,0.0321
1005,S2C,3,13.7353,0.0,0,17.44,0.0202
1005,E2C,6,7.546,18.0,2,31.75,0.1513
1005,W2C,6,8.2191,18.0,2,29.15,0.1417
1006,N2C,3,12.5869,0.0,0,19.04,0.0368
1006,S2C,3,13.0081,0.0,0,18.42,0.0307
1006,E2C,6,6.6297,20.0,2,36.14,0.1659
1006,W2C,6,7.87,20.0,2,30.44,0.148
1007,N2C,3,13.3069,0.0,0,18.01,0.0264
1007,S2C,3,13.1041,0.0,0,18.28,0.0293
1007,E2C,6,6.4196,22.0,2,37.32,0.1702
1007,W2C,6,7.4219,22.0,2,32.28,0.1558
1008,N2C,3,13.0517,0.0,0,18.36,0.0301
1008,S2C,3,13.4534,0.0,0,17.81,0.0243
1008,E2C,6,6.2574,24.0,2,38.29,0.1739
1008,W2C,6,5.8335,24.0,2,41.07,0.18
1009,N2C,4,12.5644,0.0,0,19.07,0.0431
1009,S2C,3,13.5511,0.0,0,17.68,0.0229
1009,E2C,7,7.0859,27.0,3,33.81,0.176
1009,W2C,7,6.4406,27.0,3,37.2,0.1853
1010,N2C,3,12.6421,0.0,0,18.95,0.036
1010,S2C,3,13.0525,0.0,0,18.36,0.0301
1010,E2C,7,6.578,30.0,3,36.42,0.1853
1010,W2C,7,5.8711,30.0,3,40.81,0.1955
1011,N2C,3,12.4457,0.0,0,19.25,0.0388
1011,S2C,3,13.2189,0.0,0,18.13,0.0277
1011,E2C,7,6.6376,33.0,3,36.1,0.1864
1011,W2C,7,5.7386,33.0,3,41.75,0.1994
1012,N2C,3,12.7472,0.0,0,18.8,0.0345
1012,S2C,3,13.1888,0.0,0,18.17,0.0281
1012,E2C,7,5.9666,36.0,3,40.16,0.1981
1012,W2C,7,5.6663,36.0,3,42.28,0.2024
1013,N2C,3,12.5408,0.0,0,19.11,0.0374
1013,S2C,3,12.8807,0.0,0,18.6,0.0325
1013,E2C,7,5.334,39.0,3,44.92,0.2092
1013,W2C,7,5.2554,40.0,4,45.59,0.217
1014,N2C,3,12.6821,0.0,0,18.89,0.0354
1014,S2C,3,13.0137,0.0,0,18.41,0.0306
1014,E2C,7,4.5568,42.0,3,52.58,0.2224
1014,W2C,7,4.6558,44.0,4,51.46,0.2283
1015,N2C,3,12.6413,0.0,0,18.95,0.036
1015,S2C,2,12.8169,0.0,0,18.69,0.0275
1015,E2C,8,5.1073,46.0,4,46.91,0.2291
1015,W2C,8,5.2013,48.0,4,46.07,0.2291
1016,N2C,3,12.5792,0.0,0,19.05,0.0369
1016,S2C,3,13.443,0.0,0,17.82,0.0244
1016,E2C,8,4.9133,50.0,4,48.77,0.2346
1016,W2C,8,4.9603,52.0,4,48.3,0.2352
1017,N2C,3,12.2945,0.0,0,19.49,0.041
1017,S2C,3,13.3282,0.0,0,17.98,0.0261
1017,E2C,8,4.6739,54.0,4,51.26,0.2407
1017,W2C,8,5.0218,56.0,4,47.71,0.237
1018,N2C,3,12.2495,0.0,0,19.56,0.0416
1018,S2C,3,13.2673,0.0,0,18.06,0.027
1018,E2C,8,4.8438,59.0,5,49.47,0.2476
1018,W2C,8,4.8866,61.0,5,49.03,0.2483
1019,N2C,3,12.795,0.0,0,18.73,0.0338
1019,S2C,3,13.4239,0.0,0,17.85,0.0247
1019,E2C,8,4.5922,64.0,5,52.18,0.2545
1019,W2C,8,4.9521,66.0,5,48.38,0.2507
1020,N2C,3,12.7559,0.0,0,18.78,0.0343
1020,S2C,3,13.0396,0.0,0,18.37,0.0302
1020,E2C,8,4.0317,69.0,5,59.43,0.2659
1020,W2C,8,4.258,71.0,5,56.27,0.264
1021,N2C,4,12.3176,0.0,0,19.45,0.0466
1021,S2C,3,13.3498,0.0,0,17.95,0.0258
1021,E2C,9,4.5779,74.0,5,52.34,0.2674
1021,W2C,9,4.7703,76.0,5,50.23,0.266
1022,N2C,4,11.5585,0.0,0,20.73,0.0576
1022,S2C,3,13.2894,0.0,0,18.03,0.0266
1022,E2C,9,4.2656,79.0,5,56.17,0.2752
1022,W2C,9,4.408,82.0,6,54.36,0.2812
1023,N2C,4,10.151,0.0,0,23.6,0.0778
1023,S2C,3,13.2012,0.0,0,18.15,0.0279
1023,E2C,9,4.3571,85.0,6,54.99,0.2839
1023,W2C,9,4.3845,88.0,6,54.65,0.2855
1024,N2C,4,9.933,0.0,0,24.12,0.081
1024,S2C,3,13.2882,0.0,0,18.03,0.0267
1024,E2C,7,5.4622,35.0,4,43.87,0.2107
1024,W2C,7,5.4389,38.0,4,44.05,0.213
1025,N2C,4,9.8748,0.0,0,24.26,0.0818
1025,S2C,3,12.8224,0.0,0,18.69,0.0334
1025,E2C,7,5.8011,11.0,2,41.3,0.1778
1025,W2C,7,5.5163,12.0,2,43.44,0.1826
1026,N2C,4,9.303,1.0,1,25.76,0.0967
1026,S2C,3,12.6523,0.0,0,18.94,0.0358
1026,E2C,7,6.8836,0.0,0,34.81,0.1429
1026,W2C,7,5.6268,0.0,0,42.58,0.161
1027,N2C,5,10.2138,2.0,1,23.46,0.0903
1027,S2C,4,11.6824,0.0,0,20.51,0.0558
1027,E2C,6,8.6139,0.0,0,27.82,0.112
1027,W2C,6,7.7106,0.0,0,31.07,0.125
1028,N2C,5,9.4873,3.0,1,25.25,0.1014
1028,S2C,4,10.413,0.0,0,23.01,0.0741
1028,E2C,6,8.7031,0.0,0,27.53,0.1107
1028,W2C,6,8.4904,0.0,0,28.22,0.1137
1029,N2C,5,9.5733,4.0,1,25.03,0.1008
1029,S2C,4,10.0786,1.0,1,23.77,0.0855
1029,E2C,5,9.7009,0.0,0,24.7,0.0903
1029,W2C,6,9.2069,0.0,0,26.02,0.1034
1030,N2C,5,8.9178,5.0,1,26.87,0.1109
1030,S2C,4,9.8497,2.0,1,24.33,0.0895
1030,E2C,4,11.089,0.0,0,21.61,0.0643
1030,W2C,4,11.1536,0.0,0,21.48,0.0634
1031,N2C,5,7.9903,6.0,1,29.99,0.1249
1031,S2C,4,9.9939,3.0,1,23.97,0.0881
1031,E2C,3,12.6133,0.0,0,19.0,0.0364
1031,W2C,4,11.3951,0.0,0,21.03,0.0599
1032,N2C,5,6.9339,7.0,1,34.56,0.1408
1032,S2C,4,9.8477,4.0,1,24.33,0.0909
1032,E2C,3,12.8007,0.0,0,18.72,0.0337
1032,W2C,3,13.0834,0.0,0,18.31,0.0296
1033,N2C,6,6.894,8.0,1,34.75,0.1481
1033,S2C,5,10.369,5.0,1,23.11,0.09
1033,E2C,3,12.4461,0.0,0,19.25,0.0388
1033,W2C,3,13.6153,0.0,0,17.6,0.022
1034,N2C,6,6.1819,10.0,2,38.76,0.1657
1034,S2C,5,9.3429,6.0,1,25.65,0.1055
1034,E2C,3,11.9484,0.0,0,20.05,0.046
1034,W2C,3,12.925,0.0,0,18.54,0.0319
1035,N2C,6,6.117,12.0,2,39.17,0.1679
1035,S2C,5,8.8159,7.0,1,27.18,0.1137
1035,E2C,3,12.1028,0.0,0,19.8,0.0437
1035,W2C,3,12.7827,0.0,0,18.74,0.0339
1036,N2C,6,6.2332,15.0,3,38.44,0.1742
1036,S2C,5,8.2209,9.0,2,29.15,0.1296
1036,E2C,3,12.0261,0.0,0,19.92,0.0448
1036,W2C,3,12.8361,0.0,0,18.67,0.0332
1037,N2C,6,5.7878,18.0,3,41.4,0.1827
1037,S2C,5,7.8635,11.0,2,30.47,0.1361
1037,E2C,3,12.3286,0.0,0,19.43,0.0405
1037,W2C,3,13.1274,0.0,0,18.25,0.029
1038,N2C,6,5.0152,21.0,3,47.78,0.1958
1038,S2C,5,7.1525,13.0,2,33.5,0.1477
1038,E2C,3,12.9353,0.0,0,18.52,0.0317
1038,W2C,3,13.1982,0.0,0,18.15,0.028
1039,N2C,7,5.6278,24.0,3,42.57,0.195
1039,S2C,6,7.4608,15.0,2,32.11,0.1506
1039,E2C,4,12.5156,0.0,0,19.14,0.0438
1039,W2C,4,13.1749,0.0,0,18.19,0.0343
1040,N2C,7,4.9776,27.0,3,48.14,0.2063
1040,S2C,6,6.6143,17.0,2,36.22,0.1641
1040,E2C,3,11.9508,0.0,0,20.05,0.0459
1040,W2C,3,12.8842,0.0,0,18.6,0.0325
1041,N2C,7,5.1582,31.0,4,46.45,0.2124
1041,S2C,6,6.5208,19.0,2,36.74,0.1668
1041,E2C,3,12.4566,0.0,0,19.23,0.0386
1041,W2C,3,13.4113,0.0,0,17.87,0.0249
1042,N2C,7,5.2125,35.0,4,45.97,0.2143
1042,S2C,6,6.4225,22.0,3,37.31,0.1762
1042,E2C,3,12.109,0.0,0,19.79,0.0436
1042,W2C,3,13.075,0.0,0,18.33,0.0297
1043,N2C,7,5.1759,39.0,4,46.29,0.2175
1043,S2C,6,6.4311,25.0,3,37.26,0.1781
1043,E2C,3,12.3871,0.0,0,19.34,0.0396
1043,W2C,3,13.4793,0.0,0,17.78,0.0239
1044,N2C,7,5.0545,43.0,4,47.4,0.2219
1044,S2C,6,5.8087,28.0,3,41.25,0.189
1044,E2C,3,11.9458,0.0,0,20.06,0.046
1044,W2C,3,13.3896,0.0,0,17.89,0.0252
1045,N2C,8,5.6814,47.0,4,42.17,0.2215
1045,S2C,7,6.3269,31.0,3,37.87,0.1896
1045,E2C,4,12.3882,0.0,0,19.34,0.0456
1045,W2C,3,13.4422,0.0,0,17.82,0.0244
1046,N2C,8,5.0972,51.0,4,47.01,0.2326
1046,S2C,7,5.6214,34.0,3,42.62,0.2017
1046,E2C,4,12.4102,0.0,0,19.31,0.0453
1046,W2C,3,13.3089,0.0,0,18.0,0.0264
1047,N2C,8,4.6086,55.0,4,51.99,0.2423
1047,S2C,7,5.5681,38.0,4,43.03,0.2112
1047,E2C,3,12.9338,0.0,0,18.53,0.0318
1047,W2C,3,12.7836,0.0,0,18.74,0.0339
1048,N2C,8,4.752,59.0,4,50.42,0.2429
1048,S2C,7,5.5139,42.0,4,43.45,0.2146
1048,E2C,3,12.8014,0.0,0,18.72,0.0337
1048,W2C,3,12.8804,0.0,0,18.6,0.0325
1049,N2C,8,4.5732,64.0,5,52.39,0.2548
1049,S2C,7,5.1245,46.0,4,46.76,0.2229
1049,E2C,3,12.2486,0.0,0,19.56,0.0416
1049,W2C,3,13.1852,0.0,0,18.17,0.0281
1050,N2C,8,4.5872,69.0,5,52.23,0.2579
1050,S2C,7,4.4374,50.0,4,54.0,0.2354
1050,E2C,3,12.4294,0.0,0,19.28,0.039
1050,W2C,3,13.4825,0.0,0,17.77,0.0239
1051,N2C,9,5.5646,74.0,5,43.06,0.2532
1051,S2C,8,5.2968,54.0,4,45.24,0.2317
1051,E2C,4,12.7387,0.0,0,18.81,0.0406
1051,W2C,2,12.9476,0.0,0,18.51,0.0256
1052,N2C,9,5.5037,79.0,5,43.53,0.2574
1052,S2C,8,4.7372,58.0,4,50.58,0.2425
1052,E2C,4,12.6776,0.0,0,18.9,0.0415
1052,W2C,3,13.4884,0.0,0,17.76,0.0238
1053,N2C,9,5.229,84.0,5,45.82,0.2647
1053,S2C,8,4.9179,62.0,4,48.72,0.2425
1053,E2C,3,12.8947,0.0,0,18.58,0.0323
1053,W2C,3,12.7067,0.0,0,18.86,0.035
1054,N2C,9,5.3773,89.0,5,44.56,0.2659
1054,S2C,8,4.7917,67.0,5,50.0,0.2537
1054,E2C,3,12.5972,0.0,0,19.02,0.0366
1054,W2C,3,13.0175,0.0,0,18.41,0.0306
1055,N2C,9,4.466,94.0,5,53.65,0.2824
1055,S2C,8,4.6014,72.0,5,52.07,0.2597
1055,E2C,3,13.0473,0.0,0,18.36,0.0301
1055,W2C,3,12.995,0.0,0,18.44,0.0309
1056,N2C,9,3.8099,99.0,5,62.89,0.2951
1056,S2C,8,4.5891,77.0,5,52.21,0.2633
1056,E2C,3,12.4136,0.0,0,19.3,0.0393
1056,W2C,3,12.9593,0.0,0,18.49,0.0314
1057,N2C,8,5.2199,48.0,3,45.9,0.2228
1057,S2C,7,6.7265,31.0,3,35.62,0.1838
1057,E2C,4,12.4153,0.0,0,19.3,0.0452
1057,W2C,4,11.7399,0.0,0,20.41,0.055
1058,N2C,8,5.3826,10.0,1,44.51,0.1832
1058,S2C,7,6.241,5.0,1,38.39,0.1615
1058,E2C,4,11.1242,0.0,0,21.54,0.0638
1058,W2C,4,11.046,0.0,0,21.69,0.065
1059,N2C,8,5.9363,1.0,1,40.36,0.1692
1059,S2C,7,6.6064,0.0,0,36.27,0.1469
1059,E2C,4,10.1195,0.0,0,23.68,0.0783
1059,W2C,4,9.7066,0.0,0,24.68,0.0842
1060,N2C,6,7.5939,0.0,0,31.55,0.1267
1060,S2C,6,7.9559,0.0,0,30.12,0.1214
1060,E2C,4,10.0652,0.0,0,23.8,0.0791
1060,W2C,4,9.6384,0.0,0,24.86,0.0852
1061,N2C,6,7.9491,0.0,0,30.14,0.1215
1061,S2C,5,8.7447,0.0,0,27.4,0.1041
1061,E2C,4,10.1233,0.0,0,23.67,0.0782
1061,W2C,4,10.0106,1.0,1,23.93,0.0865
1062,N2C,5,9.0582,0.0,0,26.45,0.0996
1062,S2C,5,9.1604,0.0,0,26.16,0.0981
1062,E2C,4,9.0551,1.0,1,26.46,0.1003
1062,W2C,4,9.403,2.0,1,25.48,0.0959
1063,N2C,5,10.8663,0.0,0,22.05,0.0735
1063,S2C,4,10.975,0.0,0,21.83,0.066
1063,E2C,5,9.3065,2.0,1,25.75,0.1033
1063,W2C,5,9.5694,3.0,1,25.04,0.1002
1064,N2C,5,10.8884,0.0,0,22.01,0.0732
1064,S2C,4,10.7941,0.0,0,22.2,0.0686
1064,E2C,5,8.3605,3.0,1,28.66,0.1176
1064,W2C,5,8.5466,4.0,1,28.03,0.1156
1065,N2C,3,12.6953,0.0,0,18.87,0.0352
1065,S2C,3,11.9653,0.0,0,20.02,0.0457
1065,E2C,5,7.8472,4.0,1,30.53,0.1257
1065,W2C,5,7.7916,5.0,1,30.75,0.1271
1066,N2C,3,13.1403,0.0,0,18.23,0.0288
1066,S2C,3,12.2329,0.0,0,19.59,0.0419
1066,E2C,5,7.9436,5.0,1,30.16,0.125
1066,W2C,5,8.0768,7.0,2,29.67,0.1304
1067,N2C,3,13.1243,0.0,0,18.26,0.029
1067,S2C,3,12.0486,0.0,0,19.89,0.0445
1067,E2C,5,7.7299,7.0,2,31.0,0.1354
1067,W2C,5,7.8902,9.0,2,30.37,0.1344
1068,N2C,3,13.1138,0.0,0,18.27,0.0292
1068,S2C,3,11.7123,0.0,0,20.46,0.0494
1068,E2C,5,7.8055,9.0,2,30.7,0.1356
1068,W2C,5,7.9332,11.0,2,30.2,0.1351
1069,N2C,3,13.3575,0.0,0,17.94,0.0257
1069,S2C,4,12.5739,0.0,0,19.06,0.0429
1069,E2C,6,8.2703,11.0,2,28.97,0.1363
1069,W2C,6,8.4138,13.0,2,28.48,0.1355
1070,N2C,3,13.042,0.0,0,18.37,0.0302
1070,S2C,4,12.2518,0.0,0,19.56,0.0476
1070,E2C,6,7.2431,13.0,2,33.08,0.1524
1070,W2C,6,7.7826,15.0,2,30.79,0.1459
1071,N2C,3,13.1368,0.0,0,18.24,0.0288
1071,S2C,3,12.5599,0.0,0,19.08,0.0372
1071,E2C,6,6.7518,15.0,2,35.49,0.1608
1071,W2C,6,6.8381,17.0,2,35.04,0.1609
1072,N2C,3,12.8686,0.0,0,18.62,0.0327
1072,S2C,3,12.7366,0.0,0,18.81,0.0346
1072,E2C,6,6.5343,17.0,2,36.67,0.1652
1072,W2C,6,6.922,19.0,2,34.61,0.161
1073,N2C,3,12.9434,0.0,0,18.51,0.0316
1073,S2C,3,12.8071,0.0,0,18.71,0.0336
1073,E2C,6,6.6035,20.0,3,36.28,0.1722
1073,W2C,6,6.7278,22.0,3,35.61,0.1718
1074,N2C,3,13.2651,0.0,0,18.06,0.027
1074,S2C,3,12.9565,0.0,0,18.49,0.0314
1074,E2C,6,5.6762,23.0,3,42.21,0.1876
1074,W2C,6,5.9019,25.0,3,40.6,0.1857
1075,N2C,4,13.333,0.0,0,17.97,0.032
1075,S2C,3,12.5443,0.0,0,19.1,0.0374
1075,E2C,7,6.4211,26.0,3,37.31,0.1849
1075,W2C,7,6.3574,28.0,3,37.69,0.1871
1076,N2C,3,13.6603,0.0,0,17.54,0.0213
1076,S2C,3,12.5151,0.0,0,19.14,0.0378
1076,E2C,7,5.825,29.0,3,41.13,0.1955
1076,W2C,7,5.6301,31.0,3,42.56,0.1996
1077,N2C,3,13.0867,0.0,0,18.31,0.0296
1077,S2C,3,12.257,0.0,0,19.55,0.0415
1077,E2C,7,5.7645,32.0,3,41.56,0.1983
1077,W2C,7,5.6312,34.0,3,42.55,0.2016
1078,N2C,3,13.2468,0.0,0,18.09,0.0273
1078,S2C,3,12.0765,0.0,0,19.84,0.0441
1078,E2C,7,5.5318,36.0,4,43.31,0.2103
1078,W2C,7,5.4844,37.0,3,43.69,0.2057
1079,N2C,3,13.2254,0.0,0,18.12,0.0276
1079,S2C,3,12.5385,0.0,0,19.11,0.0375
1079,E2C,7,5.455,40.0,4,43.92,0.2141
1079,W2C,7,5.3502,41.0,4,44.78,0.2163
1080,N2C,3,12.8471,0.0,0,18.65,0.033
1080,S2C,3,12.5303,0.0,0,19.12,0.0376
1080,E2C,7,4.7694,44.0,4,50.24,0.2267
1080,W2C,7,4.6635,45.0,4,51.38,0.2289
1081,N2C,2,13.0236,0.0,0,18.4,0.0245
1081,S2C,4,12.2503,0.0,0,19.56,0.0476
1081,E2C,8,5.2019,48.0,4,46.06,0.2291
1081,W2C,8,5.1359,49.0,4,46.65,0.2307
1082,N2C,3,13.5872,0.0,0,17.63,0.0224
1082,S2C,4,12.1053,0.0,0,19.79,0.0497
1082,E2C,8,4.7978,52.0,4,49.94,0.2376
1082,W2C,8,4.7742,53.0,4,50.19,0.2386
1083,N2C,3,13.4,0.0,0,17.88,0.0251
1083,S2C,4,12.2238,0.0,0,19.6,0.048
1083,E2C,8,4.6914,57.0,5,51.07,0.2484
1083,W2C,8,4.8643,57.0,4,49.26,0.24
1084,N2C,3,13.0093,0.0,0,18.42,0.0307
1084,S2C,4,12.1578,0.0,0,19.71,0.0489
1084,E2C,8,4.7911,62.0,5,50.01,0.2503
1084,W2C,8,4.8041,62.0,5,49.87,0.2502
1085,N2C,3,13.2983,0.0,0,18.02,0.0265
1085,S2C,4,12.4799,0.0,0,19.2,0.0443
1085,E2C,8,4.6879,67.0,5,51.11,0.2552
1085,W2C,8,4.3351,67.0,5,55.27,0.2602
1086,N2C,3,13.34,0.0,0,17.96,0.0259
1086,S2C,3,12.9116,0.0,0,18.56,0.0321
1086,E2C,8,4.0802,72.0,5,58.72,0.2672
1086,W2C,8,4.139,72.0,5,57.89,0.2664
1087,N2C,3,13.6398,0.0,0,17.57,0.0216
1087,S2C,3,12.5592,0.0,0,19.08,0.0372
1087,E2C,9,4.5683,77.0,5,52.45,0.2696
1087,W2C,9,4.3685,77.0,5,54.85,0.2724
1088,N2C,3,13.2583,0.0,0,18.07,0.0271
1088,S2C,3,12.1891,0.0,0,19.66,0.0425
1088,E2C,9,4.262,82.0,5,56.22,0.2773
1088,W2C,9,4.1343,82.0,5,57.95,0.2791
1089,N2C,3,13.4151,0.0,0,17.86,0.0248
1089,S2C,3,12.3156,0.0,0,19.46,0.0407
1089,E2C,9,4.3916,88.0,6,54.56,0.2854
1089,W2C,9,4.1214,87.0,5,58.14,0.2827
1090,N2C,3,13.2385,0.0,0,18.1,0.0274
1090,S2C,3,12.7507,0.0,0,18.79,0.0344
1090,E2C,7,5.3172,41.0,4,45.06,0.2168
1090,W2C,7,5.2113,38.0,4,45.98,0.2163
1091,N2C,3,13.0671,0.0,0,18.34,0.0298
1091,S2C,3,12.2383,0.0,0,19.58,0.0418
1091,E2C,7,5.0838,12.0,2,47.13,0.1888
1091,W2C,7,5.4238,10.0,2,44.18,0.1826
1092,N2C,3,12.9412,0.0,0,18.51,0.0317
1092,S2C,3,11.6966,0.0,0,20.48,0.0496
1092,E2C,7,5.3007,0.0,0,45.2,0.1657
1092,W2C,7,5.7894,0.0,0,41.39,0.1586
1093,N2C,4,11.7065,0.0,0,20.47,0.0554
1093,S2C,4,11.0742,0.0,0,21.64,0.0645
1093,E2C,7,6.9381,0.0,0,34.53,0.1421
1093,W2C,7,7.5766,0.0,0,31.62,0.1329
1094,N2C,4,11.214,0.0,0,21.37,0.0625
1094,S2C,4,10.0867,0.0,0,23.75,0.0788
1094,E2C,6,8.0519,0.0,0,29.76,0.1201
1094,W2C,6,7.9142,0.0,0,30.27,0.122
1095,N2C,4,10.0377,0.0,0,23.87,0.0795
1095,S2C,4,9.2687,1.0,1,25.85,0.0972
1095,E2C,5,9.3924,0.0,0,25.51,0.0948
1095,W2C,6,8.5654,0.0,0,27.97,0.1127
1096,N2C,4,9.9512,0.0,0,24.08,0.0807
1096,S2C,4,9.1507,2.0,1,26.18,0.0996
1096,E2C,4,10.8335,0.0,0,22.12,0.068
1096,W2C,4,10.5565,0.0,0,22.7,0.072
1097,N2C,4,10.0556,1.0,1,23.83,0.0859
1097,S2C,4,10.0721,3.0,1,23.79,0.087
1097,E2C,4,11.1845,0.0,0,21.42,0.063
1097,W2C,4,10.8269,0.0,0,22.13,0.0681
1098,N2C,4,9.8058,2.0,1,24.43,0.0901
1098,S2C,4,10.1332,4.0,1,23.65,0.0868
1098,E2C,3,12.4026,0.0,0,19.32,0.0394
1098,W2C,3,12.8745,0.0,0,18.61,0.0326
1099,N2C,5,10.2603,3.0,1,23.35,0.0903
1099,S2C,5,9.7882,5.0,1,24.48,0.0984
1099,E2C,4,12.9504,0.0,0,18.5,0.0375
1099,W2C,3,12.2154,0.0,0,19.61,0.0421
1100,N2C,5,9.2278,4.0,1,25.96,0.1058
1100,S2C,5,9.5084,6.0,1,25.2,0.1031
1100,E2C,4,12.9079,0.0,0,18.56,0.0381
1100,W2C,3,12.2789,0.0,0,19.51,0.0412
1101,N2C,5,8.2752,5.0,1,28.95,0.1202
1101,S2C,5,8.4924,7.0,1,28.21,0.1184
1101,E2C,4,12.6489,0.0,0,18.94,0.0419
1101,W2C,3,12.6544,0.0,0,18.93,0.0358
1102,N2C,5,7.9385,6.0,1,30.18,0.1257
1102,S2C,5,7.7237,8.0,1,31.02,0.1301
1102,E2C,3,13.0998,0.0,0,18.29,0.0294
1102,W2C,3,11.8374,0.0,0,20.24,0.0476
1103,N2C,5,7.778,7.0,1,30.8,0.1287
1103,S2C,5,7.6371,9.0,1,31.37,0.132
1103,E2C,3,13.2359,0.0,0,18.1,0.0274
1103,W2C,3,12.1147,0.0,0,19.78,0.0436
1104,N2C,5,7.0383,9.0,2,34.04,0.1467
1104,S2C,5,7.3248,11.0,2,32.71,0.1439
1104,E2C,3,13.5798,0.0,0,17.64,0.0225
1104,W2C,3,12.0724,0.0,0,19.85,0.0442
1105,N2C,6,7.4927,11.0,2,31.98,0.1474
1105,S2C,6,8.5582,13.0,2,28.0,0.1334
1105,E2C,3,13.1007,0.0,0,18.29,0.0294
1105,W2C,4,12.1956,0.0,0,19.65,0.0484
1106,N2C,6,6.5325,13.0,2,36.68,0.1626
1106,S2C,6,8.3545,15.0,2,28.68,0.1377
1106,E2C,3,13.0698,0.0,0,18.33,0.0298
1106,W2C,4,12.2413,0.0,0,19.57,0.0477
1107,N2C,6,6.2977,16.0,3,38.05,0.174
1107,S2C,6,7.592,17.0,2,31.56,0.15
1107,E2C,3,13.3216,0.0,0,17.99,0.0262
1107,W2C,4,12.3092,0.0,0,19.47,0.0468
1108,N2C,6,6.4647,19.0,3,37.06,0.1736
1108,S2C,6,6.9399,19.0,2,34.52,0.1607
1108,E2C,3,13.1927,0.0,0,18.16,0.028
1108,W2C,4,12.3688,0.0,0,19.37,0.0459
1109,N2C,6,6.544,22.0,3,36.61,0.1744
1109,S2C,6,6.053,22.0,3,39.58,0.1815
1109,E2C,3,13.3434,0.0,0,17.96,0.0259
1109,W2C,4,12.2756,0.0,0,19.52,0.0472
1110,N2C,6,6.009,25.0,3,39.87,0.1841
1110,S2C,6,5.5532,25.0,3,43.15,0.1907
1110,E2C,3,13.0927,0.0,0,18.3,0.0295
1110,W2C,3,11.9671,0.0,0,20.02,0.0457
1111,N2C,7,6.443,28.0,3,37.19,0.1859
1111,S2C,7,6.7496,28.0,3,35.5,0.1815
1111,E2C,3,13.5164,0.0,0,17.73,0.0234
1111,W2C,4,12.8068,0.0,0,18.71,0.0396
1112,N2C,7,5.7854,31.0,3,41.41,0.1974
1112,S2C,7,5.9893,31.0,3,40.0,0.1944
1112,E2C,3,13.2309,0.0,0,18.11,0.0275
1112,W2C,3,12.5632,0.0,0,19.07,0.0371
1113,N2C,7,5.6161,34.0,3,42.66,0.2018
1113,S2C,7,5.5413,34.0,3,43.24,0.2029
1113,E2C,3,13.1738,0.0,0,18.19,0.0283
1113,W2C,3,13.0024,0.0,0,18.43,0.0308
1114,N2C,7,5.5782,38.0,4,42.95,0.211
1114,S2C,7,5.6095,38.0,4,42.71,0.2106
1114,E2C,3,12.7526,0.0,0,18.79,0.0344
1114,W2C,3,12.7109,0.0,0,18.85,0.035
1115,N2C,7,5.118,42.0,4,46.82,0.2203
1115,S2C,7,5.6024,42.0,4,42.77,0.2133
1115,E2C,3,13.3583,0.0,0,17.94,0.0257
1115,W2C,3,12.69,0.0,0,18.88,0.0353
1116,N2C,7,4.567,46.0,4,52.46,0.2309
1116,S2C,7,5.0652,46.0,4,47.3,0.2237
1116,E2C,3,13.0558,0.0,0,18.35,0.03
1116,W2C,3,12.4768,0.0,0,19.2,0.0383
1117,N2C,8,5.1926,50.0,4,46.14,0.2306
1117,S2C,8,5.7376,50.0,4,41.76,0.2227
1117,E2C,3,13.0346,0.0,0,18.38,0.0303
1117,W2C,3,12.7029,0.0,0,18.86,0.0351
1118,N2C,8,4.6741,54.0,4,51.26,0.2407
1118,S2C,8,5.2395,54.0,4,45.73,0.2326
1118,E2C,3,13.3843,0.0,0,17.9,0.0253
1118,W2C,3,12.6261,0.0,0,18.98,0.0362
1119,N2C,8,4.6628,59.0,5,51.39,0.2502
1119,S2C,8,5.1154,58.0,4,46.84,0.237
1119,E2C,3,13.1335,0.0,0,18.24,0.0289
1119,W2C,3,12.5371,0.0,0,19.11,0.0375
1120,N2C,8,4.7701,64.0,5,50.23,0.252
1120,S2C,8,5.0773,62.0,4,47.19,0.2402
1120,E2C,3,12.9374,0.0,0,18.52,0.0317
1120,W2C,3,12.3686,0.0,0,19.37,0.0399
1121,N2C,8,4.6414,69.0,5,51.62,0.2572
1121,S2C,8,4.5533,67.0,5,52.62,0.2571
1121,E2C,3,12.9721,0.0,0,18.47,0.0312
1121,W2C,3,12.5647,0.0,0,19.07,0.0371
1122,N2C,8,4.5349,74.0,5,52.83,0.262
1122,S2C,8,4.0515,72.0,5,59.14,0.2677
1122,E2C,3,12.2128,0.0,0,19.62,0.0421
1122,W2C,3,12.4791,0.0,0,19.2,0.0383
1123,N2C,7,6.8017,32.0,3,35.23,0.1834
1123,S2C,7,6.0596,28.0,3,39.54,0.1914
1123,E2C,4,11.7084,0.0,0,20.46,0.0554
1123,W2C,4,12.5272,0.0,0,19.13,0.0436
1124,N2C,7,6.3963,6.0,1,37.46,0.1599
1124,S2C,7,6.1186,5.0,2,39.16,0.1692
1124,E2C,4,10.7987,0.0,0,22.19,0.0685
1124,W2C,4,12.6161,0.0,0,18.99,0.0423
1125,N2C,7,6.7218,0.0,0,35.65,0.1452
1125,S2C,7,7.1238,0.0,0,33.63,0.1394
1125,E2C,4,9.9181,1.0,1,24.16,0.0879
1125,W2C,4,12.224,0.0,0,19.6,0.048
1126,N2C,5,8.821,0.0,0,27.16,0.103
1126,S2C,5,9.2735,0.0,0,25.84,0.0965
1126,E2C,4,9.519,2.0,1,25.17,0.0943
1126,W2C,4,10.9571,0.0,0,21.87,0.0662
1127,N2C,5,9.3564,0.0,0,25.61,0.0953
1127,S2C,5,8.8896,0.0,0,26.95,0.102
1127,E2C,4,9.8731,3.0,1,24.27,0.0898
1127,W2C,4,9.9497,0.0,0,24.08,0.0807
1128,N2C,3,11.6574,0.0,0,20.55,0.0501
1128,S2C,4,9.927,0.0,0,24.14,0.0811
1128,E2C,4,9.3159,4.0,1,25.72,0.0985
1128,W2C,4,9.6179,0.0,0,24.91,0.0855
1129,N2C,4,11.6102,0.0,0,20.64,0.0568
1129,S2C,4,11.8213,0.0,0,20.27,0.0538
1129,E2C,5,9.4637,5.0,1,25.32,0.1031
1129,W2C,5,9.2915,1.0,1,25.79,0.1029
1130,N2C,3,12.0698,0.0,0,19.85,0.0442
1130,S2C,4,11.8666,0.0,0,20.19,0.0531
1130,E2C,5,8.4186,6.0,1,28.46,0.1188
1130,W2C,5,8.1753,2.0,1,29.31,0.1196
1131,N2C,3,12.1728,0.0,0,19.68,0.0427
1131,S2C,3,12.6602,0.0,0,18.93,0.0357
1131,E2C,5,7.7204,7.0,1,31.03,0.1295
1131,W2C,5,7.624,3.0,1,31.43,0.1282
1132,N2C,3,12.2173,0.0,0,19.61,0.0421
1132,S2C,3,13.2894,0.0,0,18.03,0.0266
1132,E2C,5,7.5969,8.0,1,31.54,0.1319
1132,W2C,5,7.5241,5.0,2,31.84,0.137
1133,N2C,3,12.3628,0.0,0,19.38,0.04
1133,S2C,3,13.1059,0.0,0,18.28,0.0293
1133,E2C,5,7.6768,10.0,2,31.21,0.1381
1133,W2C,5,7.3874,7.0,2,32.43,0.1403
1134,N2C,3,12.4676,0.0,0,19.22,0.0385
1134,S2C,3,13.1732,0.0,0,18.19,0.0283
1134,E2C,5,7.3791,12.0,2,32.47,0.1437
1134,W2C,5,7.1852,9.0,2,33.35,0.1445
1135,N2C,4,12.1699,0.0,0,19.69,0.0488
1135,S2C,3,13.3597,0.0,0,17.93,0.0256
1135,E2C,6,7.9695,14.0,2,30.06,0.1426
1135,W2C,6,7.6327,11.0,2,31.39,0.1454
1136,N2C,4,12.221,0.0,0,19.61,0.048
1136,S2C,3,12.9903,0.0,0,18.44,0.031
1136,E2C,6,7.1449,16.0,2,33.53,0.1558
1136,W2C,6,6.8054,13.0,2,35.21,0.1587
1137,N2C,3,12.252,0.0,0,19.56,0.0416
1137,S2C,3,12.8712,0.0,0,18.62,0.0327
1137,E2C,6,6.6249,18.0,2,36.17,0.1646
1137,W2C,6,6.3725,16.0,3,37.6,0.1729
1138,N2C,3,12.6149,0.0,0,18.99,0.0364
1138,S2C,3,12.9317,0.0,0,18.53,0.0318
1138,E2C,6,6.4574,20.0,2,37.1,0.1684
1138,W2C,6,6.2602,19.0,3,38.27,0.1765
1139,N2C,3,12.8518,0.0,0,18.64,0.0329
1139,S2C,3,13.0349,0.0,0,18.38,0.0303
1139,E2C,6,6.6142,23.0,3,36.23,0.1741
1139,W2C,6,6.3589,22.0,3,37.68,0.1771
1140,N2C,3,13.0361,0.0,0,18.38,0.0303
1140,S2C,3,13.0866,0.0,0,18.31,0.0296
1140,E2C,6,5.9828,26.0,3,40.05,0.1852
1140,W2C,6,5.7272,25.0,3,41.84,0.1882
1141,N2C,3,12.5338,0.0,0,19.12,0.0375
1141,S2C,4,13.1876,0.0,0,18.17,0.0341
1141,E2C,7,6.33,29.0,3,37.85,0.1882
1141,W2C,7,6.1814,28.0,3,38.76,0.1897
1142,N2C,3,12.6378,0.0,0,18.96,0.036
1142,S2C,3,13.1757,0.0,0,18.18,0.0283
1142,E2C,7,6.0393,32.0,3,39.67,0.1944
1142,W2C,7,5.4787,31.0,3,43.73,0.2018
1143,N2C,3,12.7826,0.0,0,18.74,0.0339
1143,S2C,3,13.3328,0.0,0,17.97,0.026
1143,E2C,7,5.5119,35.0,3,43.47,0.204
1143,W2C,7,5.4055,35.0,4,44.33,0.2115
1144,N2C,3,12.5125,0.0,0,19.15,0.0378
1144,S2C,3,13.3549,0.0,0,17.94,0.0257
1144,E2C,7,5.7673,38.0,3,41.54,0.2023
1144,W2C,7,5.3383,39.0,4,44.88,0.2151
1145,N2C,3,12.4868,0.0,0,19.19,0.0382
1145,S2C,3,13.1836,0.0,0,18.17,0.0282
1145,E2C,7,5.4826,42.0,4,43.7,0.2151
1145,W2C,7,5.4715,43.0,4,43.79,0.2159
1146,N2C,3,12.6485,0.0,0,18.94,0.0359
1146,S2C,3,13.3327,0.0,0,17.97,0.026
1146,E2C,7,5.2013,46.0,4,46.07,0.2218
1146,W2C,7,5.4704,47.0,4,43.8,0.2186
1147,N2C,4,12.5727,0.0,0,19.06,0.043
1147,S2C,3,13.4419,0.0,0,17.82,0.0245
1147,E2C,8,5.8144,50.0,4,41.21,0.2216
1147,W2C,8,6.1374,51.0,4,39.04,0.2176
1148,N2C,4,12.5021,0.0,0,19.16,0.044
1148,S2C,3,12.7697,0.0,0,18.76,0.0341
1148,E2C,8,5.2254,54.0,4,45.85,0.2328
1148,W2C,8,5.6706,55.0,4,42.25,0.227
1149,N2C,4,12.5974,0.0,0,19.02,0.0426
1149,S2C,3,13.0208,0.0,0,18.4,0.0305
1149,E2C,8,5.098,58.0,4,47.0,0.2373
1149,W2C,8,5.1451,59.0,4,46.57,0.2372
1150,N2C,3,13.098,0.0,0,18.29,0.0294
1150,S2C,3,13.2265,0.0,0,18.12,0.0276
1150,E2C,8,5.0532,62.0,4,47.42,0.2406
1150,W2C,8,4.9849,63.0,4,48.06,0.2422
1151,N2C,3,13.1261,0.0,0,18.25,0.029
1151,S2C,3,12.9331,0.0,0,18.53,0.0318
1151,E2C,8,4.7254,67.0,5,50.7,0.2546
1151,W2C,8,4.9679,67.0,4,48.23,0.2451
1152,N2C,3,12.9476,0.0,0,18.51,0.0316
1152,S2C,3,12.961,0.0,0,18.49,0.0314
1152,E2C,8,4.0847,72.0,5,58.66,0.2672
1152,W2C,8,4.4435,72.0,5,53.92,0.262
1153,N2C,4,13.027,0.0,0,18.39,0.0364
1153,S2C,3,12.9703,0.0,0,18.47,0.0312
1153,E2C,9,4.5813,77.0,5,52.3,0.2694
1153,W2C,9,5.132,77.0,5,46.69,0.2614
1154,N2C,4,11.7585,0.0,0,20.38,0.0547
1154,S2C,3,12.4894,0.0,0,19.18,0.0382
1154,E2C,9,4.3356,82.0,5,55.26,0.2762
1154,W2C,9,4.6222,82.0,5,51.84,0.2721
1155,N2C,4,10.9096,0.0,0,21.96,0.0669
1155,S2C,3,12.9834,0.0,0,18.45,0.0311
1155,E2C,9,4.3274,87.0,5,55.37,0.2797
1155,W2C,9,4.4819,87.0,5,53.46,0.2775
1156,N2C,4,9.7553,1.0,1,24.56,0.0902
1156,S2C,3,12.7445,0.0,0,18.8,0.0345
1156,E2C,7,5.6428,37.0,4,42.46,0.2094
1156,W2C,7,5.4627,40.0,4,43.86,0.214
1157,N2C,4,9.635,2.0,1,24.87,0.0926
1157,S2C,3,13.0711,0.0,0,18.33,0.0298
1157,E2C,7,5.3279,9.0,2,44.97,0.1833
1157,W2C,7,5.2874,8.0,2,45.31,0.1832
1158,N2C,4,9.1799,3.0,1,26.1,0.0998
1158,S2C,3,12.151,0.0,0,19.72,0.043
1158,E2C,7,5.4756,0.0,0,43.76,0.1632
1158,W2C,7,5.2811,0.0,0,45.37,0.166
1159,N2C,5,9.0205,4.0,1,26.56,0.1088
1159,S2C,4,11.6155,0.0,0,20.63,0.0567
1159,E2C,6,7.3906,0.0,0,32.42,0.1296
1159,W2C,7,7.2392,0.0,0,33.1,0.1378
1160,N2C,5,8.3054,5.0,1,28.85,0.1197
1160,S2C,4,10.6213,0.0,0,22.56,0.0711
1160,E2C,6,8.2926,0.0,0,28.89,0.1166
1160,W2C,6,8.3586,0.0,0,28.66,0.1156
1161,N2C,5,7.7882,6.0,1,30.76,0.1279
1161,S2C,4,9.6395,0.0,0,24.86,0.0852
1161,E2C,5,9.5893,0.0,0,24.99,0.0919
1161,W2C,6,8.9229,0.0,0,26.85,0.1075
1162,N2C,5,7.7713,8.0,2,30.83,0.1354
1162,S2C,4,9.5777,1.0,1,25.02,0.0928
1162,E2C,4,10.8031,0.0,0,22.18,0.0684
1162,W2C,4,10.915,0.0,0,21.95,0.0668
1163,N2C,5,7.5206,10.0,2,31.86,0.1404
1163,S2C,4,9.7199,2.0,1,24.65,0.0914
1163,E2C,4,11.0843,0.0,0,21.62,0.0644
1163,W2C,4,11.0598,0.0,0,21.66,0.0648
1164,N2C,5,7.1531,12.0,2,33.5,0.147
1164,S2C,4,9.748,3.0,1,24.58,0.0916
1164,E2C,3,12.3381,0.0,0,19.42,0.0403
1164,W2C,3,13.1662,0.0,0,18.2,0.0284
1165,N2C,6,7.307,14.0,2,32.79,0.1521
1165,S2C,5,10.1244,4.0,1,23.67,0.0929
1165,E2C,3,11.8072,0.0,0,20.29,0.048
1165,W2C,3,13.0729,0.0,0,18.33,0.0298
1166,N2C,6,6.649,16.0,2,36.04,0.1629
1166,S2C,5,9.3076,5.0,1,25.74,0.1053
1166,E2C,3,11.3134,0.0,0,21.18,0.0551
1166,W2C,3,13.27,0.0,0,18.06,0.0269
1167,N2C,6,6.5769,18.0,2,36.43,0.1653
1167,S2C,5,8.3703,6.0,1,28.62,0.1195
1167,E2C,3,10.7707,0.0,0,22.25,0.0629
1167,W2C,3,13.1061,0.0,0,18.28,0.0293
1168,N2C,6,6.4488,20.0,2,37.15,0.1685
1168,S2C,5,7.7894,7.0,1,30.76,0.1285
1168,E2C,3,11.886,0.0,0,20.16,0.0469
1168,W2C,3,12.7544,0.0,0,18.79,0.0344
1169,N2C,6,6.3015,23.0,3,38.02,0.1786
1169,S2C,5,7.623,8.0,1,31.43,0.1316
1169,E2C,3,11.7706,0.0,0,20.36,0.0485
1169,W2C,3,13.0211,0.0,0,18.4,0.0305
1170,N2C,6,5.6154,26.0,3,42.67,0.1905
1170,S2C,5,7.7894,10.0,2,30.76,0.1365
1170,E2C,3,11.7417,0.0,0,20.41,0.0489
1170,W2C,3,12.8472,0.0,0,18.65,0.033
1171,N2C,7,6.271,29.0,3,38.21,0.189
1171,S2C,6,7.8357,12.0,2,30.58,0.1432
1171,E2C,4,10.8899,0.0,0,22.0,0.0672
1171,W2C,4,12.5864,0.0,0,19.04,0.0428
1172,N2C,7,5.566,32.0,3,43.05,0.2012
1172,S2C,6,7.0324,14.0,2,34.07,0.1561
1172,E2C,3,10.7197,0.0,0,22.35,0.0636
1172,W2C,3,12.8213,0.0,0,18.69,0.0334
1173,N2C,7,5.4544,35.0,3,43.93,0.2048
1173,S2C,6,6.5905,16.0,2,36.36,0.1638
1173,E2C,3,10.0869,0.0,0,23.75,0.0728
1173,W2C,3,12.8298,0.0,0,18.68,0.0333
1174,N2C,7,5.3928,39.0,4,44.43,0.2143
1174,S2C,6,6.8136,19.0,3,35.17,0.1686
1174,E2C,3,10.1933,0.0,0,23.51,0.0712
1174,W2C,3,12.8501,0.0,0,18.65,0.033
1175,N2C,7,5.4279,43.0,4,44.14,0.2165
1175,S2C,6,6.5637,22.0,3,36.5,0.1742
1175,E2C,3,10.7037,0.0,0,22.38,0.0639
1175,W2C,3,12.0663,0.0,0,19.86,0.0443
1176,N2C,7,5.4137,47.0,4,44.26,0.2194
1176,S2C,6,5.9042,25.0,3,40.58,0.1857
1176,E2C,3,10.4484,0.0,0,22.93,0.0676
1176,W2C,3,12.967,0.0,0,18.48,0.0313
1177,N2C,8,6.438,51.0,4,37.22,0.2133
1177,S2C,7,5.982,28.0,3,40.05,0.1925
1177,E2C,4,11.0118,0.0,0,21.76,0.0654
1177,W2C,3,12.6647,0.0,0,18.92,0.0356
1178,N2C,8,5.94,55.0,4,40.34,0.2231
1178,S2C,7,5.3429,31.0,3,44.84,0.2037
1178,E2C,4,11.2731,0.0,0,21.25,0.0617
1178,W2C,3,12.3221,0.0,0,19.44,0.0406
1179,N2C,8,5.4985,59.0,4,43.58,0.2322
1179,S2C,7,5.1745,35.0,4,46.3,0.2148
1179,E2C,4,11.4192,0.0,0,20.98,0.0596
1179,W2C,3,12.4037,0.0,0,19.32,0.0394
1180,N2C,8,4.9183,64.0,5,48.72,0.2498
1180,S2C,7,5.1907,39.0,4,46.16,0.2173
1180,E2C,3,12.1321,0.0,0,19.75,0.0433
1180,W2C,3,12.4861,0.0,0,19.19,0.0382
1181,N2C,8,4.6897,69.0,5,51.09,0.2565
1181,S2C,7,4.7124,43.0,4,50.84,0.2268
1181,E2C,3,11.7942,0.0,0,20.32,0.0482
1181,W2C,3,12.4704,0.0,0,19.21,0.0384
1182,N2C,8,4.033,74.0,5,59.41,0.2693
1182,S2C,7,4.3249,47.0,4,55.4,0.2351
1182,E2C,3,11.7678,0.0,0,20.36,0.0486
1182,W2C,3,12.9028,0.0,0,18.57,0.0322
1183,N2C,9,4.6243,79.0,5,51.81,0.2701
1183,S2C,8,4.954,51.0,4,48.36,0.2347
1183,E2C,4,11.9411,0.0,0,20.07,0.0521
1183,W2C,4,12.749,0.0,0,18.79,0.0404
1184,N2C,9,4.3447,85.0,6,55.15,0.2841
1184,S2C,8,4.7515,55.0,4,50.43,0.2403
1184,E2C,4,11.8362,0.0,0,20.24,0.0536
1184,W2C,3,12.7426,0.0,0,18.8,0.0345
1185,N2C,9,4.3975,91.0,6,54.49,0.2873
1185,S2C,8,4.4328,59.0,4,54.05,0.2475
1185,E2C,4,11.4371,0.0,0,20.95,0.0593
1185,W2C,3,12.3947,0.0,0,19.33,0.0395
1186,N2C,9,4.3557,97.0,6,55.01,0.2919
1186,S2C,8,4.4728,64.0,5,53.57,0.2563
1186,E2C,4,11.6576,0.0,0,20.55,0.0561
1186,W2C,3,12.2837,0.0,0,19.51,0.0411
1187,N2C,9,4.0919,103.0,6,58.56,0.2997
1187,S2C,8,4.3055,69.0,5,55.65,0.262
1187,E2C,4,11.3942,0.0,0,21.03,0.0599
1187,W2C,3,12.6089,0.0,0,19.0,0.0364
1188,N2C,9,3.453,109.0,6,69.39,0.3129
1188,S2C,8,3.7395,74.0,5,64.07,0.2735
1188,E2C,4,11.2915,0.0,0,21.22,0.0614
1188,W2C,3,12.7259,0.0,0,18.83,0.0348
1189,N2C,8,5.2238,53.0,4,45.87,0.2321
1189,S2C,7,5.5279,31.0,3,43.34,0.2011
1189,E2C,5,10.6291,0.0,0,22.54,0.077
1189,W2C,4,12.6258,0.0,0,18.98,0.0422
1190,N2C,8,5.3851,18.0,2,44.49,0.1945
1190,S2C,7,5.7557,5.0,1,41.63,0.1685
1190,E2C,5,9.8063,0.0,0,24.43,0.0888
1190,W2C,4,12.4194,0.0,0,19.29,0.0452
1191,N2C,8,6.0286,1.0,1,39.74,0.1679
1191,S2C,7,6.3602,0.0,0,37.67,0.1504
1191,E2C,5,9.6757,0.0,0,24.76,0.0907
1191,W2C,4,11.7963,0.0,0,20.31,0.0541
1192,N2C,6,7.9937,0.0,0,29.97,0.1209
1192,S2C,5,8.3464,0.0,0,28.71,0.1098
1192,E2C,5,9.91,1.0,1,24.18,0.094
1192,W2C,4,10.8655,0.0,0,22.05,0.0675
1193,N2C,6,8.1791,0.0,0,29.29,0.1182
1193,S2C,5,9.0418,0.0,0,26.5,0.0998
1193,E2C,5,9.7966,2.0,1,24.46,0.0963
1193,W2C,4,10.0306,0.0,0,23.89,0.0796
1194,N2C,5,9.0125,0.0,0,26.59,0.1002
1194,S2C,5,9.386,0.0,0,25.53,0.0949
1194,E2C,5,8.6443,3.0,1,27.72,0.1135
1194,W2C,4,9.4108,0.0,0,25.46,0.0885
1195,N2C,5,10.5837,0.0,0,22.64,0.0776
1195,S2C,4,12.3199,0.0,0,19.45,0.0466
1195,E2C,6,8.273,4.0,1,28.96,0.1255
1195,W2C,5,9.9128,1.0,1,24.17,0.0939
1196,N2C,4,11.5531,0.0,0,20.74,0.0576
1196,S2C,4,11.9221,0.0,0,20.1,0.0523
1196,E2C,6,7.0594,6.0,2,33.94,0.1504
1196,W2C,5,8.9601,2.0,1,26.74,0.1083
1197,N2C,3,12.5525,0.0,0,19.09,0.0373
1197,S2C,4,12.3362,0.0,0,19.42,0.0464
1197,E2C,6,6.5561,8.0,2,36.55,0.1589
1197,W2C,5,8.0307,3.0,1,29.84,0.1224
1198,N2C,3,12.7618,0.0,0,18.77,0.0342
1198,S2C,4,12.6862,0.0,0,18.89,0.0413
1198,E2C,6,6.4247,10.0,2,37.29,0.1622
1198,W2C,5,7.5891,4.0,1,31.57,0.1294
1199,N2C,3,12.3124,0.0,0,19.46,0.0407
1199,S2C,4,12.2104,0.0,0,19.62,0.0482
1199,E2C,6,6.2741,13.0,3,38.19,0.1723
1199,W2C,5,7.3539,6.0,2,32.58,0.1401
1200,N2C,3,12.4623,0.0,0,19.23,0.0386
1200,S2C,4,12.163,0.0,0,19.7,0.0489
1200,E2C,6,6.2743,16.0,3,38.19,0.1743
1200,W2C,5,6.5129,8.0,2,36.79,0.1536
1201,N2C,3,12.5842,0.0,0,19.04,0.0368
1201,S2C,4,12.539,0.0,0,19.11,0.0435
1201,E2C,7,6.4871,19.0,3,36.94,0.1793
1201,W2C,6,6.9387,10.0,2,34.53,0.1548
1202,N2C,3,12.8676,0.0,0,18.62,0.0327
1202,S2C,3,13.4622,0.0,0,17.8,0.0242
1202,E2C,7,5.9603,22.0,3,40.2,0.1888
1202,W2C,6,6.4961,12.0,2,36.88,0.1625
1203,N2C,3,12.5943,0.0,0,19.02,0.0367
1203,S2C,3,13.357,0.0,0,17.94,0.0257
1203,E2C,7,5.6028,25.0,3,42.76,0.196
1203,W2C,6,6.0292,14.0,2,39.74,0.1705
1204,N2C,3,12.7356,0.0,0,18.81,0.0346
1204,S2C,3,13.2122,0.0,0,18.13,0.0278
1204,E2C,7,5.331,29.0,4,44.95,0.2086
1204,W2C,6,6.0028,16.0,2,39.91,0.1722
1205,N2C,3,12.6357,0.0,0,18.96,0.0361
1205,S2C,3,13.003,0.0,0,18.43,0.0308
1205,E2C,7,5.1339,33.0,4,46.67,0.2141
1205,W2C,6,5.8789,19.0,3,40.76,0.182
1206,N2C,3,12.6569,0.0,0,18.93,0.0358
1206,S2C,3,13.3644,0.0,0,17.93,0.0256
1206,E2C,7,4.3985,37.0,4,54.47,0.2273
1206,W2C,6,5.9987,22.0,3,39.94,0.1823
1207,N2C,3,12.6396,0.0,0,18.96,0.036
1207,S2C,4,13.482,0.0,0,17.77,0.0299
1207,E2C,8,5.2653,41.0,4,45.51,0.2235
1207,W2C,7,6.7496,25.0,3,35.5,0.1795
1208,N2C,3,12.3711,0.0,0,19.37,0.0399
1208,S2C,3,13.1967,0.0,0,18.16,0.028
1208,E2C,8,4.9482,45.0,4,48.42,0.2308
1208,W2C,7,5.9369,28.0,3,40.36,0.1932
1209,N2C,3,12.2269,0.0,0,19.6,0.0419
1209,S2C,3,13.2464,0.0,0,18.09,0.0273
1209,E2C,8,4.7058,49.0,4,50.92,0.2369
1209,W2C,7,5.4075,31.0,3,44.31,0.2028
1210,N2C,3,12.5394,0.0,0,19.11,0.0374
1210,S2C,3,13.0415,0.0,0,18.37,0.0302
1210,E2C,8,4.8079,54.0,5,49.83,0.2448
1210,W2C,7,5.2186,35.0,4,45.91,0.2142
1211,N2C,3,12.1784,0.0,0,19.67,0.0426
1211,S2C,3,13.3226,0.0,0,17.98,0.0262
1211,E2C,8,4.7935,59.0,5,49.98,0.2483
1211,W2C,7,5.2425,39.0,4,45.7,0.2165
1212,N2C,3,12.5871,0.0,0,19.04,0.0368
1212,S2C,3,12.9834,0.0,0,18.45,0.0311
1212,E2C,8,4.5149,64.0,5,53.07,0.2557
1212,W2C,7,5.1758,43.0,4,46.29,0.2201
1213,N2C,3,13.0227,0.0,0,18.4,0.0305
1213,S2C,3,13.4033,0.0,0,17.88,0.025
1213,E2C,9,4.9176,69.0,5,48.72,0.2592
1213,W2C,8,5.459,47.0,4,43.89,0.2247
1214,N2C,4,12.7982,0.0,0,18.72,0.0397
1214,S2C,3,13.3059,0.0,0,18.01,0.0264
1214,E2C,9,4.5563,74.0,5,52.59,0.2677
1214,W2C,8,4.8009,51.0,4,49.91,0.2369
1215,N2C,4,12.6153,0.0,0,18.99,0.0424
1215,S2C,3,13.4201,0.0,0,17.85,0.0248
1215,E2C,9,4.3029,79.0,5,55.68,0.2747
1215,W2C,8,4.5996,55.0,4,52.09,0.2424
1216,N2C,3,12.9348,0.0,0,18.52,0.0318
1216,S2C,3,12.9569,0.0,0,18.49,0.0314
1216,E2C,9,4.3171,84.0,5,55.5,0.2778
1216,W2C,8,4.6105,59.0,4,51.97,0.2449
1217,N2C,3,13.0898,0.0,0,18.3,0.0295
1217,S2C,3,12.7909,0.0,0,18.73,0.0338
1217,E2C,9,4.1255,90.0,6,58.08,0.2906
1217,W2C,8,4.4536,64.0,5,53.8,0.2565
1218,N2C,3,13.0566,0.0,0,18.35,0.03
1218,S2C,3,13.4286,0.0,0,17.84,0.0246
1218,E2C,9,3.5677,96.0,6,67.16,0.3026
1218,W2C,8,4.4499,69.0,5,53.84,0.2599
1219,N2C,4,12.0479,0.0,0,19.89,0.0505
1219,S2C,3,12.992,0.0,0,18.44,0.0309
1219,E2C,10,4.2887,102.0,6,55.87,0.3022
1219,W2C,9,5.3672,74.0,5,44.64,0.2561
1220,N2C,4,11.5425,0.0,0,20.76,0.0578
1220,S2C,3,12.6521,0.0,0,18.94,0.0358
1220,E2C,10,3.9226,108.0,6,61.08,0.3115
1220,W2C,9,4.8523,79.0,5,49.38,0.2668
1221,N2C,4,10.0619,0.0,0,23.81,0.0791
1221,S2C,3,12.7512,0.0,0,18.79,0.0344
1221,E2C,10,3.8091,114.0,6,62.9,0.3172
1221,W2C,9,4.7216,84.0,5,50.75,0.272
1222,N2C,4,10.3057,0.0,0,23.25,0.0756
1222,S2C,3,12.6246,0.0,0,18.98,0.0362
1222,E2C,8,4.8885,65.0,4,49.01,0.2449
1222,W2C,7,5.77,37.0,3,41.53,0.2016
1223,N2C,4,9.6726,1.0,1,24.77,0.0914
1223,S2C,3,12.8148,0.0,0,18.7,0.0335
1223,E2C,8,4.783,22.0,3,50.09,0.2118
1223,W2C,7,5.31,7.0,1,45.12,0.1762
1224,N2C,4,9.5826,2.0,1,25.0,0.0934
1224,S2C,3,12.3322,0.0,0,19.43,0.0404
1224,E2C,8,4.8386,2.0,1,49.52,0.1857
1224,W2C,7,5.2778,0.0,0,45.4,0.166
1225,N2C,5,9.6069,3.0,1,24.94,0.0997
1225,S2C,4,11.4933,0.0,0,20.85,0.0585
1225,E2C,7,6.4827,0.0,0,36.96,0.1487
1225,W2C,7,6.8508,0.0,0,34.97,0.1434
1226,N2C,5,8.679,4.0,1,27.61,0.1137
1226,S2C,4,10.4349,0.0,0,22.96,0.0737
1226,E2C,7,7.5877,0.0,0,31.58,0.1327
1226,W2C,6,7.9083,0.0,0,30.3,0.1221
1227,N2C,5,7.7285,6.0,2,31.0,0.1347
1227,S2C,4,9.4525,0.0,0,25.35,0.0879
1227,E2C,6,8.7244,0.0,0,27.46,0.1104
1227,W2C,6,8.6227,0.0,0,27.79,0.1118
1228,N2C,5,7.9862,8.0,2,30.0,0.1323
1228,S2C,4,9.3614,0.0,0,25.59,0.0892
1228,E2C,5,10.1204,0.0,0,23.68,0.0843
1228,W2C,4,10.3831,0.0,0,23.08,0.0745
1229,N2C,5,7.9438,10.0,2,30.16,0.1343
1229,S2C,4,9.8501,1.0,1,24.32,0.0888
1229,E2C,4,11.2783,0.0,0,21.24,0.0616
1229,W2C,4,11.0787,0.0,0,21.63,0.0645
1230,N2C,5,7.8646,12.0,2,30.47,0.1368
1230,S2C,4,9.1507,2.0,1,26.18,0.0996
1230,E2C,3,12.7966,0.0,0,18.72,0.0337
1230,W2C,3,12.1742,0.0,0,19.68,0.0427
1231,N2C,6,8.3242,14.0,2,28.78,0.1375
1231,S2C,5,8.9363,3.0,1,26.81,0.1093
1231,E2C,4,12.9567,0.0,0,18.49,0.0374
1231,W2C,4,12.5782,0.0,0,19.05,0.0429
1232,N2C,6,7.4711,16.0,2,32.07,0.1511
1232,S2C,5,7.8097,4.0,1,30.68,0.1262
1232,E2C,4,12.8384,0.0,0,18.66,0.0391
1232,W2C,4,12.708,0.0,0,18.85,0.041
1233,N2C,6,6.8052,18.0,2,35.21,0.162
1233,S2C,5,7.2246,6.0,2,33.16,0.142
1233,E2C,3,13.4877,0.0,0,17.76,0.0238
1233,W2C,4,12.3374,0.0,0,19.42,0.0464
1234,N2C,6,6.5445,20.0,2,36.61,0.1671
1234,S2C,5,7.4137,8.0,2,32.32,0.1406
1234,E2C,3,13.5728,0.0,0,17.65,0.0226
1234,W2C,4,12.6018,0.0,0,19.01,0.0425
1235,N2C,6,6.5242,22.0,2,36.72,0.1687
1235,S2C,5,7.3323,10.0,2,32.68,0.1431
1235,E2C,3,13.4744,0.0,0,17.78,0.024
1235,W2C,3,12.9558,0.0,0,18.49,0.0315
1236,N2C,6,5.8735,25.0,3,40.79,0.1861
1236,S2C,5,7.3772,12.0,2,32.48,0.1438
1236,E2C,3,13.2639,0.0,0,18.06,0.027
1236,W2C,3,12.9828,0.0,0,18.46,0.0311
1237,N2C,7,6.4365,28.0,3,37.23,0.186
1237,S2C,6,8.298,14.0,2,28.87,0.1379
1237,E2C,3,13.5206,0.0,0,17.72,0.0233
1237,W2C,3,13.0294,0.0,0,18.39,0.0304
1238,N2C,7,5.5673,31.0,3,43.04,0.2005
1238,S2C,6,8.2724,16.0,2,28.96,0.1396
1238,E2C,3,13.2415,0.0,0,18.09,0.0273
1238,W2C,3,12.0466,0.0,0,19.89,0.0445
1239,N2C,7,5.6895,35.0,4,42.11,0.2074
1239,S2C,6,7.8965,18.0,2,30.34,0.1463
1239,E2C,3,13.1552,0.0,0,18.21,0.0286
1239,W2C,3,11.9848,0.0,0,19.99,0.0454
1240,N2C,7,5.5068,39.0,4,43.51,0.2127
1240,S2C,6,6.923,20.0,2,34.61,0.1617
1240,E2C,3,13.3533,0.0,0,17.94,0.0257
1240,W2C,3,12.328,0.0,0,19.44,0.0405
1241,N2C,7,5.1468,43.0,4,46.55,0.2206
1241,S2C,6,6.1949,22.0,2,38.68,0.1735
1241,E2C,3,13.6064,0.0,0,17.61,0.0221
1241,W2C,3,12.3882,0.0,0,19.34,0.0396
1242,N2C,7,4.6221,47.0,4,51.84,0.2308
1242,S2C,6,5.2083,24.0,2,46.0,0.189
1242,E2C,3,13.2736,0.0,0,18.05,0.0269
1242,W2C,3,12.4384,0.0,0,19.26,0.0389
1243,N2C,8,5.0337,51.0,4,47.6,0.2335
1243,S2C,7,6.4594,27.0,3,37.09,0.185
1243,E2C,3,13.5572,0.0,0,17.67,0.0228
1243,W2C,3,12.6812,0.0,0,18.89,0.0354
1244,N2C,8,4.5223,56.0,5,52.98,0.2502
1244,S2C,7,5.9962,30.0,3,39.96,0.1937
1244,E2C,3,12.9366,0.0,0,18.52,0.0317
1244,W2C,3,12.636,0.0,0,18.96,0.0361
1245,N2C,8,4.655,61.0,5,51.47,0.2516
1245,S2C,7,5.5816,33.0,3,42.93,0.2016
1245,E2C,3,13.047,0.0,0,18.36,0.0301
1245,W2C,3,12.3817,0.0,0,19.35,0.0397
1246,N2C,8,4.5806,66.0,5,52.31,0.256
1246,S2C,7,5.4658,37.0,4,43.84,0.212
1246,E2C,3,13.0394,0.0,0,18.38,0.0302
1246,W2C,3,12.5737,0.0,0,19.06,0.037
1247,N2C,8,4.5938,71.0,5,52.16,0.2592
1247,S2C,7,5.5558,41.0,4,43.13,0.2133
1247,E2C,3,13.1423,0.0,0,18.23,0.0288
1247,W2C,3,12.7866,0.0,0,18.74,0.0339
1248,N2C,8,4.2997,76.0,5,55.72,0.2668
1248,S2C,7,5.6359,45.0,4,42.51,0.2149
1248,E2C,3,13.1044,0.0,0,18.28,0.0293
1248,W2C,3,12.9076,0.0,0,18.56,0.0321
1249,N2C,9,4.8905,81.0,5,48.99,0.2676
1249,S2C,8,6.1142,49.0,4,39.19,0.2166
1249,E2C,3,13.4315,0.0,0,17.84,0.0246
1249,W2C,4,12.1036,0.0,0,19.8,0.0497
1250,N2C,9,4.238,86.0,5,56.54,0.2803
1250,S2C,8,5.5308,53.0,4,43.32,0.2277
1250,E2C,3,13.2396,0.0,0,18.1,0.0274
1250,W2C,3,11.5979,0.0,0,20.66,0.051
1251,N2C,9,4.0379,91.0,5,59.34,0.2865
1251,S2C,8,5.0875,57.0,4,47.1,0.2367
1251,E2C,3,13.3983,0.0,0,17.88,0.0251
1251,W2C,3,11.4529,0.0,0,20.92,0.0531
1252,N2C,9,3.9812,97.0,6,60.18,0.2973
1252,S2C,8,4.9605,61.0,4,48.3,0.2412
1252,E2C,3,13.4975,0.0,0,17.75,0.0237
1252,W2C,3,11.4593,0.0,0,20.91,0.053
1253,N2C,9,3.4832,103.0,6,68.79,0.3085
1253,S2C,8,4.6252,66.0,5,51.8,0.2554
1253,E2C,3,13.6475,0.0,0,17.56,0.0215
1253,W2C,3,11.536,0.0,0,20.77,0.0519
1254,N2C,9,3.2308,109.0,6,74.16,0.3161
1254,S2C,8,4.0458,71.0,5,59.22,0.2671
1254,E2C,3,12.8959,0.0,0,18.58,0.0323
1254,W2C,3,11.6162,0.0,0,20.63,0.0507
1255,N2C,8,4.7992,53.0,4,49.93,0.2382
1255,S2C,7,6.2772,26.0,3,38.17,0.1869
1255,E2C,4,12.0464,0.0,0,19.89,0.0505
1255,W2C,4,12.1759,0.0,0,19.68,0.0487
1256,N2C,8,4.8759,18.0,2,49.14,0.2018
1256,S2C,7,6.1894,4.0,1,38.71,0.1615
1256,E2C,4,10.7326,0.0,0,22.32,0.0695
1256,W2C,4,11.6939,0.0,0,20.49,0.0556
1257,N2C,8,5.7868,0.0,0,41.4,0.1647
1257,S2C,7,7.1631,0.0,0,33.45,0.1389
1257,E2C,4,10.1164,0.0,0,23.68,0.0783
1257,W2C,4,11.5117,0.0,0,20.81,0.0582
1258,N2C,7,6.7226,0.0,0,35.64,0.1452
1258,S2C,5,8.9792,0.0,0,26.68,0.1007
1258,E2C,4,10.0412,1.0,1,23.86,0.0861
1258,W2C,4,10.4664,0.0,0,22.89,0.0733
1259,N2C,6,7.7294,0.0,0,31.0,0.1247
1259,S2C,5,9.4085,0.0,0,25.47,0.0945
1259,E2C,4,9.6672,2.0,1,24.78,0.0921
1259,W2C,4,9.2104,0.0,0,26.01,0.0914
1260,N2C,5,9.0991,0.0,0,26.33,0.099
1260,S2C,3,11.6884,0.0,0,20.5,0.0497
1260,E2C,4,9.4094,3.0,1,25.46,0.0965
1260,W2C,4,8.0986,1.0,1,29.59,0.1141
1261,N2C,5,11.278,0.0,0,21.24,0.0676
1261,S2C,4,12.3216,0.0,0,19.45,0.0466
1261,E2C,5,8.836,4.0,1,27.12,0.1114
1261,W2C,5,8.583,2.0,1,27.92,0.1137
1262,N2C,5,11.4494,0.0,0,20.93,0.0651
1262,S2C,4,12.361,0.0,0,19.38,0.046
1262,E2C,5,8.351,5.0,1,28.69,0.1191
1262,W2C,5,7.9363,3.0,1,30.19,0.1237
1263,N2C,4,12.9666,0.0,0,18.48,0.0373
1263,S2C,3,12.9232,0.0,0,18.54,0.0319
1263,E2C,5,7.1019,7.0,2,33.74,0.1444
1263,W2C,5,7.1462,4.0,1,33.53,0.1358
1264,N2C,4,12.7869,0.0,0,18.74,0.0399
1264,S2C,3,13.5382,0.0,0,17.7,0.0231
1264,E2C,5,7.3832,9.0,2,32.45,0.1417
1264,W2C,5,7.3242,5.0,1,32.71,0.1339
1265,N2C,4,12.3939,0.0,0,19.33,0.0455
1265,S2C,3,13.3307,0.0,0,17.97,0.0261
1265,E2C,5,7.1641,11.0,2,33.44,0.1462
1265,W2C,5,7.4232,6.0,1,32.28,0.1331
1266,N2C,3,13.6151,0.0,0,17.6,0.022
1266,S2C,3,13.2288,0.0,0,18.11,0.0275
1266,E2C,5,6.4111,13.0,2,37.37,0.1584
1266,W2C,5,7.0614,8.0,2,33.93,0.1457
1267,N2C,3,13.1424,0.0,0,18.23,0.0288
1267,S2C,3,13.3302,0.0,0,17.97,0.0261
1267,E2C,6,6.2739,15.0,2,38.19,0.1677
1267,W2C,6,7.882,10.0,2,30.4,0.1412
1268,N2C,3,12.765,0.0,0,18.77,0.0342
1268,S2C,3,13.2671,0.0,0,18.06,0.027
1268,E2C,6,5.7417,17.0,2,41.73,0.1767
1268,W2C,6,7.9935,12.0,2,29.97,0.1409
1269,N2C,3,13.1047,0.0,0,18.28,0.0293
1269,S2C,3,13.315,0.0,0,17.99,0.0263
1269,E2C,6,5.5692,20.0,3,43.02,0.1871
1269,W2C,6,7.9953,14.0,2,29.97,0.1422
1270,N2C,3,12.9419,0.0,0,18.51,0.0317
1270,S2C,3,13.068,0.0,0,18.33,0.0298
1270,E2C,6,5.4477,23.0,3,43.98,0.1909
1270,W2C,6,7.9575,16.0,2,30.11,0.1441
1271,N2C,3,13.0864,0.0,0,18.31,0.0296
1271,S2C,3,13.0455,0.0,0,18.37,0.0302
1271,E2C,6,5.4016,26.0,3,44.36,0.1936
1271,W2C,6,7.966,18.0,2,30.08,0.1453
1272,N2C,3,13.1001,0.0,0,18.29,0.0294
1272,S2C,3,13.0636,0.0,0,18.34,0.0299
1272,E2C,6,5.0709,29.0,3,47.25,0.2003
1272,W2C,6,7.061,20.0,2,33.93,0.1597
1273,N2C,3,13.1177,0.0,0,18.27,0.0291
1273,S2C,3,12.9597,0.0,0,18.49,0.0314
1273,E2C,7,5.62,32.0,3,42.63,0.2004
1273,W2C,7,6.7471,22.0,2,35.51,0.1715
1274,N2C,3,12.7818,0.0,0,18.75,0.034
1274,S2C,3,12.2284,0.0,0,19.59,0.0419
1274,E2C,7,4.9003,35.0,3,48.89,0.2128
1274,W2C,7,5.797,24.0,2,41.33,0.1865
1275,N2C,3,12.5091,0.0,0,19.15,0.0379
1275,S2C,3,12.5381,0.0,0,19.11,0.0375
1275,E2C,7,4.7691,38.0,3,50.24,0.2167
1275,W2C,7,5.6045,26.0,2,42.75,0.1906
1276,N2C,3,13.3334,0.0,0,17.97,0.026
1276,S2C,3,12.7051,0.0,0,18.86,0.0351
1276,E2C,7,4.8365,41.0,3,49.54,0.2177
1276,W2C,7,5.3397,29.0,3,44.87,0.2024
1277,N2C,3,13.1342,0.0,0,18.24,0.0289
1277,S2C,3,12.566,0.0,0,19.07,0.0371
1277,E2C,7,4.7081,45.0,4,50.89,0.2282
1277,W2C,7,5.159,33.0,4,46.44,0.2137
1278,N2C,3,12.7768,0.0,0,18.75,0.034
1278,S2C,3,12.6812,0.0,0,18.89,0.0354
1278,E2C,7,4.6306,49.0,4,51.74,0.232
1278,W2C,7,4.456,37.0,4,53.77,0.2265
1279,N2C,3,13.125,0.0,0,18.26,0.029
1279,S2C,2,11.776,0.0,0,20.35,0.0424
1279,E2C,8,5.9258,53.0,4,40.43,0.222
1279,W2C,8,5.2593,41.0,4,45.56,0.2236
1280,N2C,3,12.8878,0.0,0,18.59,0.0324
1280,S2C,2,12.7122,0.0,0,18.85,0.029
1280,E2C,8,5.7494,57.0,4,41.67,0.2272
1280,W2C,8,4.6841,46.0,5,51.15,0.2412
1281,N2C,3,12.5093,0.0,0,19.15,0.0379
1281,S2C,3,12.1934,0.0,0,19.65,0.0424
1281,E2C,8,5.7268,61.0,4,41.84,0.2302
1281,W2C,8,4.6777,51.0,5,51.22,0.2446
1282,N2C,3,12.79,0.0,0,18.73,0.0338
1282,S2C,3,12.1348,0.0,0,19.74,0.0433
1282,E2C,8,5.7002,65.0,4,42.03,0.2333
1282,W2C,8,4.6305,56.0,5,51.74,0.2487
1283,N2C,3,12.5011,0.0,0,19.17,0.038
1283,S2C,3,11.9741,0.0,0,20.01,0.0456
1283,E2C,8,5.0259,69.0,4,47.67,0.2456
1283,W2C,8,4.6187,61.0,5,51.88,0.2522
1284,N2C,3,12.4262,0.0,0,19.28,0.0391
1284,S2C,3,12.282,0.0,0,19.51,0.0412
1284,E2C,8,4.6601,73.0,4,51.42,0.2536
1284,W2C,8,4.6394,66.0,5,51.64,0.2552
1285,N2C,4,12.4005,0.0,0,19.32,0.0454
1285,S2C,4,11.4094,0.0,0,21.0,0.0597
1285,E2C,9,5.3237,77.0,4,45.01,0.2527
1285,W2C,9,5.0452,71.0,5,47.49,0.2587
1286,N2C,4,11.2485,0.0,0,21.3,0.062
1286,S2C,4,10.03,0.0,0,23.89,0.0796
1286,E2C,9,5.3193,82.0,5,45.04,0.2621
1286,W2C,9,4.9516,76.0,5,48.39,0.2634
1287,N2C,4,9.913,0.0,0,24.17,0.0813
1287,S2C,4,9.0597,1.0,1,26.45,0.1002
1287,E2C,9,5.4205,87.0,5,44.2,0.264
1287,W2C,9,4.549,81.0,5,52.67,0.2725
1288,N2C,4,9.6131,1.0,1,24.92,0.0922
1288,S2C,4,9.1522,2.0,1,26.18,0.0996
1288,E2C,7,6.6254,35.0,3,36.16,0.1879
1288,W2C,7,5.2147,34.0,3,45.95,0.2076
1289,N2C,4,9.8429,2.0,1,24.34,0.0896
1289,S2C,4,9.2645,3.0,1,25.86,0.0986
1289,E2C,7,6.0762,4.0,1,39.43,0.1632
1289,W2C,7,5.3788,11.0,2,44.55,0.1839
1290,N2C,4,9.5075,3.0,1,25.2,0.0951
1290,S2C,4,9.4848,4.0,1,25.26,0.0961
1290,E2C,7,5.7178,0.0,0,41.9,0.1597
1290,W2C,7,5.3852,0.0,0,44.49,0.1645
1291,N2C,5,9.8707,4.0,1,24.27,0.0965
1291,S2C,5,10.1111,5.0,1,23.7,0.0937
1291,E2C,6,7.7071,0.0,0,31.09,0.125
1291,W2C,6,7.7097,0.0,0,31.08,0.125
1292,N2C,5,8.5518,5.0,1,28.02,0.1162
1292,S2C,5,9.7517,6.0,1,24.57,0.0996
1292,E2C,6,7.9797,0.0,0,30.03,0.1211
1292,W2C,6,8.2225,0.0,0,29.14,0.1176
1293,N2C,5,7.7808,6.0,1,30.79,0.128
1293,S2C,5,9.4789,7.0,1,25.28,0.1042
1293,E2C,6,8.8075,0.0,0,27.2,0.1092
1293,W2C,5,9.4461,0.0,0,25.37,0.094
1294,N2C,5,7.5473,7.0,1,31.75,0.132
1294,S2C,5,9.0058,8.0,1,26.61,0.1117
1294,E2C,4,10.3712,0.0,0,23.1,0.0747
1294,W2C,4,10.9514,0.0,0,21.88,0.0663
1295,N2C,5,7.7146,9.0,2,31.06,0.1369
1295,S2C,5,7.8752,9.0,1,30.42,0.1286
1295,E2C,4,11.1544,0.0,0,21.48,0.0634
1295,W2C,3,12.485,0.0,0,19.19,0.0382
1296,N2C,5,7.2589,11.0,2,33.01,0.1448
1296,S2C,5,7.5576,11.0,2,31.7,0.1405
1296,E2C,3,12.7804,0.0,0,18.75,0.034
1296,W2C,3,12.304,0.0,0,19.47,0.0408
1297,N2C,6,7.8,13.0,2,30.72,0.1444
1297,S2C,6,8.6359,13.0,2,27.74,0.1323
1297,E2C,4,12.5742,0.0,0,19.05,0.0429
1297,W2C,3,11.4384,0.0,0,20.95,0.0533
1298,N2C,6,7.1587,15.0,2,33.47,0.1549
1298,S2C,6,8.4814,15.0,2,28.25,0.1359
1298,E2C,3,12.3033,0.0,0,19.47,0.0408
1298,W2C,3,11.0654,0.0,0,21.65,0.0587
1299,N2C,6,6.5714,17.0,2,36.46,0.1647
1299,S2C,6,8.1793,17.0,2,29.29,0.1416
1299,E2C,3,12.2748,0.0,0,19.52,0.0413
1299,W2C,3,11.2811,0.0,0,21.24,0.0556
1300,N2C,6,6.6459,20.0,3,36.05,0.1716
1300,S2C,6,7.8408,19.0,2,30.56,0.1478
1300,E2C,3,12.4998,0.0,0,19.17,0.038
1300,W2C,3,10.7892,0.0,0,22.21,0.0626
1301,N2C,6,6.4648,23.0,3,37.06,0.1762
1301,S2C,6,7.0181,21.0,2,34.14,0.1609
1301,E2C,3,12.6503,0.0,0,18.94,0.0359
1301,W2C,3,11.0224,0.0,0,21.74,0.0593
1302,N2C,6,5.7827,26.0,3,41.43,0.1881
1302,S2C,6,5.9158,23.0,2,40.5,0.1782
1302,E2C,3,12.2861,0.0,0,19.5,0.0411
1302,W2C,3,10.9684,0.0,0,21.84,0.0601
1303,N2C,7,6.1498,29.0,3,38.96,0.1908
1303,S2C,7,6.5974,25.0,2,36.32,0.1757
1303,E2C,4,12.7882,0.0,0,18.74,0.0399
1303,W2C,4,11.8152,0.0,0,20.28,0.0539
1304,N2C,7,5.2306,32.0,3,45.81,0.206
1304,S2C,7,5.7733,27.0,2,41.5,0.1889
1304,E2C,4,12.4073,0.0,0,19.31,0.0453
1304,W2C,4,11.979,0.0,0,20.0,0.0515
1305,N2C,7,5.2855,36.0,4,45.33,0.2139
1305,S2C,7,5.5827,31.0,4,42.92,0.2063
1305,E2C,4,12.3556,0.0,0,19.39,0.0461
1305,W2C,4,11.4201,0.0,0,20.98,0.0596
1306,N2C,7,5.3317,40.0,4,44.94,0.2159
1306,S2C,7,5.5444,35.0,4,43.21,0.2095
1306,E2C,4,12.428,0.0,0,19.28,0.0451
1306,W2C,4,11.5872,0.0,0,20.68,0.0572
1307,N2C,7,5.3268,44.0,4,44.98,0.2186
1307,S2C,7,5.6982,39.0,4,42.05,0.21
1307,E2C,3,12.4341,0.0,0,19.27,0.039
1307,W2C,4,11.4452,0.0,0,20.93,0.0592
1308,N2C,7,5.4019,48.0,4,44.36,0.2202
1308,S2C,7,5.3099,43.0,4,45.12,0.2182
1308,E2C,3,12.4882,0.0,0,19.19,0.0382
1308,W2C,4,11.3651,0.0,0,21.08,0.0604
1309,N2C,8,5.8334,52.0,4,41.07,0.2227
1309,S2C,8,5.7711,47.0,4,41.52,0.2202
1309,E2C,3,12.8557,0.0,0,18.64,0.0329
1309,W2C,3,12.3813,0.0,0,19.35,0.0397
1310,N2C,8,5.1581,56.0,4,46.45,0.2351
1310,S2C,8,5.2545,51.0,4,45.6,0.2303
1310,E2C,3,12.8806,0.0,0,18.6,0.0325
1310,W2C,3,12.0544,0.0,0,19.88,0.0444
1311,N2C,8,4.6152,60.0,4,51.91,0.2455
1311,S2C,8,5.0942,55.0,4,47.03,0.2353
1311,E2C,3,13.0038,0.0,0,18.43,0.0308
1311,W2C,3,12.0847,0.0,0,19.83,0.044
1312,N2C,8,4.4604,64.0,4,53.72,0.2504
1312,S2C,8,4.9013,60.0,5,48.89,0.2474
1312,E2C,3,12.7273,0.0,0,18.83,0.0347
1312,W2C,3,12.0461,0.0,0,19.89,0.0446
1313,N2C,8,4.1099,69.0,5,58.3,0.2648
1313,S2C,8,4.9288,65.0,5,48.61,0.2504
1313,E2C,3,12.7488,0.0,0,18.79,0.0344
1313,W2C,3,11.9918,0.0,0,19.98,0.0453
1314,N2C,8,3.7466,74.0,5,63.95,0.2734
1314,S2C,8,4.3346,70.0,5,55.28,0.2623
1314,E2C,3,12.8909,0.0,0,18.59,0.0324
1314,W2C,3,12.2564,0.0,0,19.55,0.0415
1315,N2C,9,4.1986,79.0,5,57.07,0.2762
1315,S2C,9,4.7904,75.0,5,50.02,0.265
1315,E2C,4,12.8405,0.0,0,18.66,0.0391
1315,W2C,4,12.6404,0.0,0,18.96,0.042
1316,N2C,9,3.98,85.0,6,60.2,0.2894
1316,S2C,9,4.1796,80.0,5,57.33,0.2772
1316,E2C,3,13.016,0.0,0,18.41,0.0306
1316,W2C,4,12.669,0.0,0,18.91,0.0416
1317,N2C,9,4.0797,91.0,6,58.73,0.2919
1317,S2C,9,4.205,86.0,6,56.98,0.2868
1317,E2C,3,12.8361,0.0,0,18.67,0.0332
1317,W2C,4,11.9791,0.0,0,20.0,0.0515
1318,N2C,9,4.1043,97.0,6,58.38,0.2956
1318,S2C,9,4.2228,92.0,6,56.74,0.2905
1318,E2C,3,13.1224,0.0,0,18.26,0.0291
1318,W2C,4,12.6677,0.0,0,18.91,0.0416
1319,N2C,9,3.9444,103.0,6,60.74,0.3019
1319,S2C,9,3.798,98.0,6,63.09,0.3006
1319,E2C,3,12.874,0.0,0,18.61,0.0326
1319,W2C,4,12.4847,0.0,0,19.19,0.0442
1320,N2C,9,3.9027,109.0,6,61.39,0.3065
1320,S2C,9,3.2355,104.0,6,74.05,0.3127
1320,E2C,3,13.0134,0.0,0,18.41,0.0306
1320,W2C,4,11.6974,0.0,0,20.48,0.0556
1321,N2C,8,5.9017,54.0,4,40.6,0.223
1321,S2C,8,4.9642,49.0,4,48.27,0.2332
1321,E2C,4,13.0641,0.0,0,18.34,0.0359
1321,W2C,5,10.5317,0.0,0,22.75,0.0784
1322,N2C,8,5.7256,17.0,2,41.85,0.1889
1322,S2C,8,4.9636,17.0,2,48.27,0.1999
1322,E2C,4,12.1342,0.0,0,19.75,0.0493
1322,W2C,5,8.5663,0.0,0,27.97,0.1067
1323,N2C,8,6.0041,0.0,0,39.91,0.1615
1323,S2C,8,5.7882,1.0,1,41.39,0.1713
1323,E2C,4,10.5319,0.0,0,22.75,0.0724
1323,W2C,5,7.9678,0.0,0,30.07,0.1153
1324,N2C,6,7.3486,0.0,0,32.61,0.1302
1324,S2C,6,7.2618,0.0,0,32.99,0.1314
1324,E2C,4,10.2645,0.0,0,23.34,0.0762
1324,W2C,5,7.8435,2.0,2,30.55,0.1304
1325,N2C,6,7.6603,0.0,0,31.28,0.1257
1325,S2C,6,7.7221,0.0,0,31.03,0.1248
1325,E2C,4,10.2826,1.0,1,23.3,0.0826
1325,W2C,5,7.8138,4.0,2,30.66,0.1322
1326,N2C,6,8.532,0.0,0,28.08,0.1131
1326,S2C,5,8.8148,0.0,0,27.18,0.1031
1326,E2C,4,9.3549,2.0,1,25.61,0.0966
1326,W2C,5,7.0372,6.0,2,34.05,0.1447
1327,N2C,5,11.5348,0.0,0,20.77,0.0639
1327,S2C,5,10.5776,0.0,0,22.65,0.0777
1327,E2C,5,9.0763,3.0,1,26.4,0.1073
1327,W2C,6,7.3383,8.0,2,32.65,0.1477
1328,N2C,5,11.4976,0.0,0,20.84,0.0644
1328,S2C,4,11.5613,0.0,0,20.72,0.0575
1328,E2C,5,8.1582,4.0,1,29.37,0.1212
1328,W2C,6,7.0192,10.0,2,34.13,0.1536
1329,N2C,4,12.6827,0.0,0,18.89,0.0414
1329,S2C,3,12.4102,0.0,0,19.31,0.0393
1329,E2C,5,7.9844,5.0,1,30.01,0.1244
1329,W2C,6,6.6253,13.0,3,36.16,0.1673
1330,N2C,4,12.8586,0.0,0,18.63,0.0389
1330,S2C,3,12.5121,0.0,0,19.15,0.0378
1330,E2C,5,7.8277,6.0,1,30.61,0.1273
1330,W2C,6,6.5871,16.0,3,36.37,0.1698
1331,N2C,3,13.0841,0.0,0,18.31,0.0296
1331,S2C,3,12.5667,0.0,0,19.07,0.0371
1331,E2C,5,7.8047,8.0,2,30.7,0.135
1331,W2C,6,6.3238,19.0,3,37.89,0.1756
1332,N2C,3,13.1845,0.0,0,18.17,0.0282
1332,S2C,3,12.3628,0.0,0,19.38,0.04
1332,E2C,5,6.9347,10.0,2,34.55,0.1488
1332,W2C,6,5.8776,22.0,3,40.77,0.184
1333,N2C,3,12.2965,0.0,0,19.49,0.0409
1333,S2C,4,13.0205,0.0,0,18.4,0.0365
1333,E2C,6,7.1612,12.0,2,33.46,0.1529
1333,W2C,7,6.3525,25.0,3,37.72,0.1852
1334,N2C,3,12.5251,0.0,0,19.13,0.0377
1334,S2C,4,13.027,0.0,0,18.39,0.0364
1334,E2C,6,6.6284,14.0,2,36.15,0.1619
1334,W2C,7,5.8871,28.0,3,40.7,0.1939
1335,N2C,3,12.434,0.0,0,19.27,0.039
1335,S2C,3,12.9985,0.0,0,18.43,0.0308
1335,E2C,6,6.5039,16.0,2,36.84,0.165
1335,W2C,7,5.6679,32.0,4,42.27,0.2057
1336,N2C,3,11.9853,0.0,0,19.99,0.0454
1336,S2C,3,13.2031,0.0,0,18.15,0.0279
1336,E2C,6,6.4261,19.0,3,37.29,0.1741
1336,W2C,7,5.6015,36.0,4,42.77,0.2093
1337,N2C,3,12.3583,0.0,0,19.39,0.0401
1337,S2C,3,13.2577,0.0,0,18.07,0.0271
1337,E2C,6,6.4397,22.0,3,37.21,0.1759
1337,W2C,7,5.5497,40.0,4,43.17,0.2128
1338,N2C,3,12.1682,0.0,0,19.69,0.0428
1338,S2C,3,12.9641,0.0,0,18.48,0.0313
1338,E2C,6,5.6765,25.0,3,42.21,0.1889
1338,W2C,7,5.2409,44.0,4,45.72,0.2199
1339,N2C,4,12.5983,0.0,0,19.02,0.0426
1339,S2C,4,13.5205,0.0,0,17.72,0.0293
1339,E2C,7,6.2486,28.0,3,38.34,0.1887
1339,W2C,8,5.8035,48.0,4,41.29,0.2204
1340,N2C,3,12.6701,0.0,0,18.91,0.0356
1340,S2C,3,13.2757,0.0,0,18.05,0.0268
1340,E2C,7,5.5222,31.0,3,43.39,0.2012
1340,W2C,8,5.3312,52.0,4,44.94,0.2299
1341,N2C,3,12.4437,0.0,0,19.25,0.0388
1341,S2C,3,13.0705,0.0,0,18.33,0.0298
1341,E2C,7,5.5805,34.0,3,42.94,0.2023
1341,W2C,8,4.841,56.0,4,49.49,0.2396
1342,N2C,3,12.7604,0.0,0,18.78,0.0343
1342,S2C,3,12.7735,0.0,0,18.76,0.0341
1342,E2C,7,5.4088,38.0,4,44.3,0.2135
1342,W2C,8,5.0089,61.0,5,47.83,0.2465
1343,N2C,3,12.5657,0.0,0,19.07,0.0371
1343,S2C,3,12.7405,0.0,0,18.81,0.0346
1343,E2C,7,5.5813,42.0,4,42.93,0.2136
1343,W2C,8,4.799,66.0,5,49.93,0.2529
1344,N2C,3,12.5392,0.0,0,19.11,0.0374
1344,S2C,3,12.9186,0.0,0,18.55,0.032
1344,E2C,7,5.5754,46.0,4,42.97,0.2164
1344,W2C,8,4.2513,71.0,5,56.36,0.2641
1345,N2C,3,11.962,0.0,0,20.03,0.0458
1345,S2C,3,13.0948,0.0,0,18.3,0.0295
1345,E2C,8,5.797,50.0,4,41.33,0.2219
1345,W2C,9,4.695,76.0,5,51.03,0.2671
1346,N2C,3,12.0202,0.0,0,19.93,0.0449
1346,S2C,3,12.139,0.0,0,19.74,0.0432
1346,E2C,8,5.106,54.0,4,46.93,0.2345
1346,W2C,9,4.2944,81.0,5,55.79,0.2762
1347,N2C,3,11.8529,0.0,0,20.21,0.0473
1347,S2C,3,12.4115,0.0,0,19.3,0.0393
1347,E2C,8,4.7717,58.0,4,50.21,0.242
1347,W2C,9,4.3035,86.0,5,55.68,0.2794
1348,N2C,3,11.8494,0.0,0,20.22,0.0474
1348,S2C,3,12.3532,0.0,0,19.4,0.0401
1348,E2C,8,4.7214,62.0,4,50.75,0.2454
1348,W2C,9,4.1915,91.0,5,57.16,0.2843
1349,N2C,3,11.7463,0.0,0,20.4,0.0489
1349,S2C,3,12.1258,0.0,0,19.76,0.0434
1349,E2C,8,4.4606,67.0,5,53.72,0.2584
1349,W2C,9,3.8004,97.0,6,63.05,0.2999
1350,N2C,3,11.4796,0.0,0,20.87,0.0527
1350,S2C,3,12.4928,0.0,0,19.18,0.0381
1350,E2C,8,4.0582,72.0,5,59.04,0.2676
1350,W2C,9,3.3439,103.0,6,71.65,0.3105
1351,N2C,4,12.0635,0.0,0,19.86,0.0503
1351,S2C,3,12.6289,0.0,0,18.97,0.0362
1351,E2C,9,4.5136,77.0,5,53.08,0.2703
1351,W2C,10,3.9148,109.0,6,61.2,0.3123
1352,N2C,4,12.0152,0.0,0,19.94,0.051
1352,S2C,3,12.4151,0.0,0,19.3,0.0392
1352,E2C,9,4.2471,82.0,5,56.41,0.2775
1352,W2C,10,3.7613,116.0,7,63.7,0.3252
1353,N2C,4,11.9504,0.0,0,20.05,0.0519
1353,S2C,3,12.6636,0.0,0,18.92,0.0357
1353,E2C,9,4.0749,88.0,6,58.8,0.29
1353,W2C,10,3.9306,123.0,7,60.96,0.3274
1354,N2C,4,12.2344,0.0,0,19.58,0.0478
1354,S2C,3,12.3977,0.0,0,19.33,0.0395
1354,E2C,7,5.0098,40.0,4,47.83,0.2205
1354,W2C,8,4.8452,68.0,5,49.45,0.2536
1355,N2C,4,12.302,0.0,0,19.48,0.0469
1355,S2C,3,12.3433,0.0,0,19.41,0.0403
1355,E2C,7,5.1518,10.0,2,46.51,0.1865
1355,W2C,8,4.8647,25.0,3,49.25,0.2126
1356,N2C,4,11.5153,0.0,0,20.81,0.0582
1356,S2C,3,12.9294,0.0,0,18.53,0.0318
1356,E2C,7,5.2774,0.0,0,45.4,0.166
1356,W2C,8,4.7956,5.0,1,49.96,0.1883
1357,N2C,5,9.901,0.0,0,24.2,0.0874
1357,S2C,4,11.7922,0.0,0,20.32,0.0542
1357,E2C,6,7.4905,0.0,0,31.99,0.1281
1357,W2C,8,6.5057,0.0,0,36.83,0.1543
1358,N2C,5,7.9895,0.0,0,29.99,0.115
1358,S2C,4,10.7119,0.0,0,22.37,0.0698
1358,E2C,6,8.2013,0.0,0,29.22,0.1179
1358,W2C,7,7.4,0.0,0,32.38,0.1354
1359,N2C,5,7.2995,1.0,1,32.82,0.1316
1359,S2C,4,9.4297,0.0,0,25.41,0.0882
1359,E2C,4,10.2609,0.0,0,23.35,0.0763
1359,W2C,6,8.4989,0.0,0,28.19,0.1136
1360,N2C,5,7.3713,3.0,2,32.5,0.1379
1360,S2C,4,9.4088,0.0,0,25.47,0.0885
1360,E2C,4,10.7857,0.0,0,22.21,0.0687
1360,W2C,5,9.7497,0.0,0,24.58,0.0896
1361,N2C,5,7.0979,5.0,2,33.76,0.1431
1361,S2C,4,9.0753,0.0,0,26.4,0.0933
1361,E2C,3,12.7682,0.0,0,18.77,0.0342
1361,W2C,5,10.3714,0.0,0,23.1,0.0807
1362,N2C,5,6.9865,7.0,2,34.29,0.1461
1362,S2C,4,9.3102,1.0,1,25.74,0.0966
1362,E2C,3,12.1322,0.0,0,19.75,0.0433
1362,W2C,3,12.8749,0.0,0,18.61,0.0326
1363,N2C,6,7.604,9.0,2,31.51,0.1445
1363,S2C,5,9.7946,2.0,1,24.46,0.0963
1363,E2C,4,12.6978,0.0,0,18.87,0.0412
1363,W2C,4,12.6831,0.0,0,18.89,0.0414
1364,N2C,6,6.6476,11.0,2,36.04,0.1596
1364,S2C,5,9.4095,3.0,1,25.46,0.1025
1364,E2C,4,12.4094,0.0,0,19.31,0.0453
1364,W2C,3,12.681,0.0,0,18.89,0.0354
1365,N2C,6,6.3876,13.0,2,37.51,0.1647
1365,S2C,5,9.3481,4.0,1,25.63,0.1041
1365,E2C,4,12.4411,0.0,0,19.26,0.0449
1365,W2C,3,12.8851,0.0,0,18.6,0.0325
1366,N2C,6,5.9145,15.0,2,40.51,0.1728
1366,S2C,5,8.4738,5.0,1,28.28,0.1173
1366,E2C,4,12.6121,0.0,0,19.0,0.0424
1366,W2C,3,12.9725,0.0,0,18.47,0.0312
1367,N2C,6,5.7971,17.0,2,41.33,0.1759
1367,S2C,5,7.7528,6.0,1,30.9,0.1284
1367,E2C,4,12.3568,0.0,0,19.39,0.0461
1367,W2C,3,13.1164,0.0,0,18.27,0.0291
1368,N2C,6,5.2186,20.0,3,45.91,0.1922
1368,S2C,5,6.655,8.0,2,36.0,0.1515
1368,E2C,3,13.3543,0.0,0,17.94,0.0257
1368,W2C,3,12.9053,0.0,0,18.57,0.0322
1369,N2C,7,5.9555,23.0,3,40.23,0.1896
1369,S2C,6,7.2613,10.0,2,33.0,0.1501
1369,E2C,3,13.0366,0.0,0,18.38,0.0303
1369,W2C,3,12.4756,0.0,0,19.21,0.0384
1370,N2C,7,5.4202,26.0,3,44.2,0.1993
1370,S2C,6,6.9253,12.0,2,34.6,0.1563
1370,E2C,3,12.7653,0.0,0,18.77,0.0342
1370,W2C,3,11.9676,0.0,0,20.02,0.0457
1371,N2C,7,5.1447,29.0,3,46.57,0.2053
1371,S2C,6,6.0099,15.0,3,39.87,0.1775
1371,E2C,3,13.0616,0.0,0,18.34,0.0299
1371,W2C,3,12.1101,0.0,0,19.79,0.0436
1372,N2C,7,5.0989,33.0,4,46.99,0.2146
1372,S2C,6,6.1009,18.0,3,39.27,0.1782
1372,E2C,3,12.7592,0.0,0,18.78,0.0343
1372,W2C,3,12.1538,0.0,0,19.71,0.043
1373,N2C,7,5.2423,37.0,4,45.7,0.2152
1373,S2C,6,6.2276,21.0,3,38.47,0.1783
1373,E2C,3,12.7449,0.0,0,18.8,0.0345
1373,W2C,3,12.4431,0.0,0,19.26,0.0388
1374,N2C,7,5.1128,41.0,4,46.86,0.2197
1374,S2C,6,6.3159,24.0,3,37.94,0.1791
1374,E2C,3,12.7904,0.0,0,18.73,0.0338
1374,W2C,3,11.9504,0.0,0,20.05,0.0459
1375,N2C,8,6.0027,45.0,4,39.92,0.2156
1375,S2C,7,6.7739,27.0,3,35.37,0.1805
1375,E2C,3,13.1248,0.0,0,18.26,0.029
1375,W2C,2,12.5019,0.0,0,19.17,0.032
1376,N2C,8,5.9264,49.0,4,40.43,0.2193
1376,S2C,7,6.1914,30.0,3,38.7,0.1909
1376,E2C,3,12.9465,0.0,0,18.51,0.0316
1376,W2C,3,12.2596,0.0,0,19.54,0.0415
1377,N2C,8,5.9393,53.0,4,40.34,0.2218
1377,S2C,7,5.5418,33.0,3,43.24,0.2022
1377,E2C,3,12.8735,0.0,0,18.61,0.0326
1377,W2C,3,11.6277,0.0,0,20.61,0.0506
1378,N2C,8,5.7142,57.0,4,41.93,0.2277
1378,S2C,7,5.4279,36.0,3,44.14,0.2058
1378,E2C,3,13.0269,0.0,0,18.39,0.0304
1378,W2C,3,11.8572,0.0,0,20.21,0.0473
1379,N2C,8,5.4875,61.0,4,43.66,0.2337
1379,S2C,7,5.3983,40.0,4,44.38,0.2149
1379,E2C,3,12.8039,0.0,0,18.71,0.0336
1379,W2C,3,12.1614,0.0,0,19.7,0.0429
1380,N2C,8,4.4896,65.0,4,53.37,0.2507
1380,S2C,7,5.5194,44.0,4,43.41,0.2159
1380,E2C,3,13.2566,0.0,0,18.07,0.0271
1380,W2C,3,12.0371,0.0,0,19.91,0.0447
1381,N2C,9,5.5384,69.0,4,43.26,0.2443
1381,S2C,8,6.1867,48.0,4,38.73,0.2149
1381,E2C,2,12.9804,0.0,0,18.46,0.0251
1381,W2C,4,12.4573,0.0,0,19.23,0.0446
1382,N2C,9,4.8906,73.0,4,48.99,0.2562
1382,S2C,8,5.5908,52.0,4,42.86,0.2262
1382,E2C,3,12.6154,0.0,0,18.99,0.0364
1382,W2C,3,12.2731,0.0,0,19.52,0.0413
1383,N2C,9,4.4163,78.0,5,54.25,0.2724
1383,S2C,8,4.8874,56.0,4,49.02,0.239
1383,E2C,3,12.1683,0.0,0,19.69,0.0428
1383,W2C,3,11.8947,0.0,0,20.14,0.0467
1384,N2C,9,4.0032,83.0,5,59.85,0.2817
1384,S2C,8,4.829,60.0,4,49.62,0.2425
1384,E2C,3,12.251,0.0,0,19.56,0.0416
1384,W2C,3,12.2342,0.0,0,19.58,0.0418
1385,N2C,9,3.6601,88.0,5,65.46,0.29
1385,S2C,8,4.1004,64.0,4,58.43,0.2556
1385,E2C,3,12.4946,0.0,0,19.18,0.0381
1385,W2C,3,12.8249,0.0,0,18.68,0.0333
1386,N2C,9,3.2212,94.0,6,74.38,0.3063
1386,S2C,8,4.213,69.0,5,56.87,0.2633
1386,E2C,3,12.2709,0.0,0,19.53,0.0413
1386,W2C,3,12.4329,0.0,0,19.27,0.039
1387,N2C,8,4.972,43.0,4,48.19,0.2291
1387,S2C,7,6.0407,28.0,3,39.66,0.1917
1387,E2C,4,12.6797,0.0,0,18.9,0.0414
1387,W2C,4,12.3955,0.0,0,19.33,0.0455
1388,N2C,8,5.3316,9.0,2,44.94,0.1892
1388,S2C,7,5.755,3.0,1,41.63,0.1671
1388,E2C,4,12.1891,0.0,0,19.66,0.0485
1388,W2C,4,12.0074,0.0,0,19.95,0.0511
1389,N2C,8,6.0484,1.0,1,39.61,0.1676
1389,S2C,7,6.5006,0.0,0,36.86,0.1484
1389,E2C,4,10.5555,0.0,0,22.7,0.072
1389,W2C,4,12.2016,0.0,0,19.64,0.0483
1390,N2C,6,7.6467,0.0,0,31.33,0.1259
1390,S2C,5,8.6096,0.0,0,27.83,0.106
1390,E2C,4,10.2455,0.0,0,23.39,0.0765
1390,W2C,4,11.9396,0.0,0,20.07,0.0521
1391,N2C,6,8.4889,0.0,0,28.23,0.1138
1391,S2C,5,9.3808,0.0,0,25.54,0.0949
1391,E2C,4,9.7298,1.0,1,24.63,0.0906
1391,W2C,4,11.1818,0.0,0,21.43,0.063
1392,N2C,4,10.4392,0.0,0,22.95,0.0737
1392,S2C,4,10.6615,0.0,0,22.47,0.0705
1392,E2C,4,8.9366,2.0,1,26.81,0.1027
1392,W2C,4,10.083,0.0,0,23.76,0.0788
1393,N2C,5,11.3903,0.0,0,21.04,0.066
1393,S2C,4,12.2288,0.0,0,19.59,0.0479
1393,E2C,5,8.7075,3.0,1,27.52,0.1126
1393,W2C,5,10.4642,0.0,0,22.9,0.0793
1394,N2C,5,11.7602,0.0,0,20.37,0.0607
1394,S2C,4,11.91,0.0,0,20.12,0.0525
1394,E2C,5,7.8659,4.0,1,30.46,0.1254
1394,W2C,5,9.8197,1.0,1,24.4,0.0953
1395,N2C,3,12.7314,0.0,0,18.82,0.0347
1395,S2C,3,12.659,0.0,0,18.93,0.0357
1395,E2C,5,7.4026,5.0,1,32.37,0.1327
1395,W2C,5,8.819,2.0,1,27.17,0.1104
1396,N2C,3,12.8599,0.0,0,18.63,0.0328
1396,S2C,3,12.3957,0.0,0,19.33,0.0395
1396,E2C,5,7.4376,7.0,2,32.21,0.1396
1396,W2C,5,8.0056,3.0,1,29.93,0.1227
1397,N2C,3,12.5409,0.0,0,19.11,0.0374
1397,S2C,3,12.8132,0.0,0,18.7,0.0335
1397,E2C,5,7.2939,9.0,2,32.85,0.143
1397,W2C,5,7.7898,4.0,1,30.76,0.1265
1398,N2C,3,13.0957,0.0,0,18.3,0.0294
1398,S2C,3,12.2041,0.0,0,19.63,0.0423
1398,E2C,5,7.4987,11.0,2,31.95,0.1414
1398,W2C,5,6.6802,6.0,2,35.87,0.1498
1399,N2C,4,12.8549,0.0,0,18.64,0.0389
1399,S2C,4,12.4275,0.0,0,19.28,0.0451
1399,E2C,6,8.3097,13.0,2,28.83,0.137
1399,W2C,6,6.9971,8.0,2,34.24,0.1526
1400,N2C,3,12.8304,0.0,0,18.67,0.0333
1400,S2C,4,12.3681,0.0,0,19.37,0.0459
1400,E2C,6,8.4328,15.0,2,28.41,0.1366
1400,W2C,6,6.3057,10.0,2,38.0,0.1639
1401,N2C,3,12.333,0.0,0,19.43,0.0404
1401,S2C,3,12.6935,0.0,0,18.88,0.0352
1401,E2C,6,7.8096,17.0,2,30.68,0.1469
1401,W2C,6,6.3379,12.0,2,37.8,0.1647
1402,N2C,3,12.3252,0.0,0,19.44,0.0405
1402,S2C,3,12.5781,0.0,0,19.05,0.0369
1402,E2C,6,7.3446,19.0,2,32.62,0.1549
1402,W2C,6,6.2528,15.0,3,38.32,0.174
1403,N2C,3,12.6538,0.0,0,18.94,0.0358
1403,S2C,3,12.7286,0.0,0,18.82,0.0347
1403,E2C,6,6.6662,21.0,2,35.94,0.166
1403,W2C,6,6.1812,18.0,3,38.76,0.177
1404,N2C,3,12.2986,0.0,0,19.48,0.0409
1404,S2C,3,12.3866,0.0,0,19.34,0.0396
1404,E2C,6,5.7673,23.0,2,41.54,0.1803
1404,W2C,6,5.926,21.0,3,40.43,0.1827
1405,N2C,4,13.0328,0.0,0,18.38,0.0363
1405,S2C,4,12.8286,0.0,0,18.68,0.0393
1405,E2C,7,6.1971,26.0,3,38.66,0.1881
1405,W2C,7,7.0352,24.0,3,34.06,0.1747
1406,N2C,3,12.5174,0.0,0,19.14,0.0378
1406,S2C,3,12.5715,0.0,0,19.06,0.037
1406,E2C,7,5.4377,29.0,3,44.06,0.201
1406,W2C,7,6.3827,27.0,3,37.54,0.1861
1407,N2C,3,13.0294,0.0,0,18.39,0.0304
1407,S2C,3,13.0575,0.0,0,18.35,0.03
1407,E2C,7,5.3819,33.0,4,44.52,0.2105
1407,W2C,7,6.4052,30.0,3,37.41,0.1878
1408,N2C,3,12.6779,0.0,0,18.9,0.0355
1408,S2C,3,12.8366,0.0,0,18.67,0.0332
1408,E2C,7,5.6063,37.0,4,42.74,0.2099
1408,W2C,7,5.7501,33.0,3,41.67,0.1992
1409,N2C,3,12.9871,0.0,0,18.45,0.031
1409,S2C,3,12.5007,0.0,0,19.17,0.038
1409,E2C,7,5.6023,41.0,4,42.77,0.2127
1409,W2C,7,5.1413,37.0,4,46.6,0.2166
1410,N2C,3,12.5287,0.0,0,19.12,0.0376
1410,S2C,3,12.9115,0.0,0,18.56,0.0321
1410,E2C,7,5.4472,45.0,4,43.99,0.2176
1410,W2C,7,4.5184,41.0,4,53.03,0.2283
1411,N2C,4,12.4548,0.0,0,19.24,0.0447
1411,S2C,4,13.0763,0.0,0,18.32,0.0357
1411,E2C,8,6.2067,49.0,4,38.6,0.2153
1411,W2C,8,5.1051,45.0,4,46.93,0.2285
1412,N2C,3,12.3637,0.0,0,19.38,0.04
1412,S2C,3,12.7892,0.0,0,18.73,0.0339
1412,E2C,8,5.6244,53.0,4,42.6,0.2263
1412,W2C,8,4.5505,49.0,4,52.65,0.2391
1413,N2C,3,12.6653,0.0,0,18.92,0.0356
1413,S2C,3,12.6471,0.0,0,18.95,0.0359
1413,E2C,8,5.0308,57.0,4,47.63,0.2376
1413,W2C,8,4.7653,53.0,4,50.28,0.2387
1414,N2C,3,12.393,0.0,0,19.33,0.0396
1414,S2C,3,12.8249,0.0,0,18.68,0.0333
1414,E2C,8,4.5096,61.0,4,53.13,0.2477
1414,W2C,8,4.5282,58.0,5,52.91,0.2515
1415,N2C,3,12.5271,0.0,0,19.13,0.0376
1415,S2C,3,12.7946,0.0,0,18.73,0.0338
1415,E2C,8,4.0355,66.0,5,59.37,0.2639
1415,W2C,8,4.5939,63.0,5,52.16,0.2539
1416,N2C,3,12.5673,0.0,0,19.07,0.037
1416,S2C,3,13.1331,0.0,0,18.24,0.0289
1416,E2C,8,3.9954,71.0,5,59.97,0.2678
1416,W2C,8,4.7729,68.0,5,50.2,0.2546
1417,N2C,4,12.7897,0.0,0,18.73,0.0398
1417,S2C,4,12.8896,0.0,0,18.59,0.0384
1417,E2C,9,4.658,76.0,5,51.44,0.2676
1417,W2C,9,5.171,73.0,5,46.34,0.2582
1418,N2C,4,11.6229,0.0,0,20.61,0.0566
1418,S2C,4,12.4845,0.0,0,19.19,0.0442
1418,E2C,9,4.0796,82.0,6,58.73,0.2859
1418,W2C,9,4.9753,78.0,5,48.16,0.2644
1419,N2C,4,10.4661,0.0,0,22.89,0.0733
1419,S2C,4,11.6581,0.0,0,20.55,0.0561
1419,E2C,9,4.2436,88.0,6,56.46,0.2876
1419,W2C,9,4.5036,83.0,5,53.2,0.2745
1420,N2C,4,10.2965,0.0,0,23.27,0.0757
1420,S2C,4,10.459,0.0,0,22.91,0.0734
1420,E2C,7,5.2791,39.0,4,45.39,0.216
1420,W2C,7,5.8263,38.0,3,41.12,0.2014
1421,N2C,4,9.4069,1.0,1,25.47,0.0952
1421,S2C,4,9.8815,1.0,1,24.25,0.0884
1421,E2C,7,5.0585,11.0,2,47.37,0.1885
1421,W2C,7,5.6319,9.0,2,42.54,0.1789
1422,N2C,4,8.9358,2.0,1,26.81,0.1027
1422,S2C,4,9.638,2.0,1,24.86,0.0926
1422,E2C,7,5.3516,0.0,0,44.77,0.1649
1422,W2C,7,5.7536,0.0,0,41.64,0.1592
1423,N2C,5,8.7065,3.0,1,27.52,0.1126
1423,S2C,5,9.513,3.0,1,25.19,0.101
1423,E2C,6,7.244,0.0,0,33.08,0.1317
1423,W2C,6,7.5111,0.0,0,31.9,0.1278
1424,N2C,5,7.8788,4.0,1,30.41,0.1252
1424,S2C,5,8.6576,4.0,1,27.68,0.114
1424,E2C,6,7.6285,0.0,0,31.41,0.1262
1424,W2C,6,8.0838,0.0,0,29.64,0.1196
1425,N2C,5,7.0923,5.0,1,33.78,0.1372
1425,S2C,5,8.2276,6.0,2,29.12,0.1275
1425,E2C,5,9.2241,0.0,0,25.98,0.0972
1425,W2C,6,8.7352,0.0,0,27.43,0.1102
1426,N2C,5,6.977,6.0,1,34.34,0.1395
1426,S2C,5,7.8417,8.0,2,30.55,0.1344
1426,E2C,4,10.2355,0.0,0,23.41,0.0766
1426,W2C,4,10.4027,0.0,0,23.03,0.0742
1427,N2C,5,7.0248,8.0,2,34.11,0.1462
1427,S2C,5,8.0749,10.0,2,29.67,0.1324
1427,E2C,4,11.0475,0.0,0,21.69,0.0649
1427,W2C,4,10.9745,0.0,0,21.83,0.066
1428,N2C,5,6.8977,10.0,2,34.74,0.1493
1428,S2C,5,7.1193,12.0,2,33.66,0.1475
1428,E2C,3,12.3498,0.0,0,19.4,0.0402
1428,W2C,4,11.112,0.0,0,21.56,0.064
1429,N2C,6,8.2456,12.0,2,29.06,0.1373
1429,S2C,6,7.5589,14.0,2,31.7,0.1485
1429,E2C,4,12.3937,0.0,0,19.33,0.0455
1429,W2C,4,13.0406,0.0,0,18.37,0.0362
1430,N2C,6,7.6146,14.0,2,31.47,0.1477
1430,S2C,6,6.536,16.0,2,36.66,0.1646
1430,E2C,4,12.3507,0.0,0,19.4,0.0462
1430,W2C,4,12.5829,0.0,0,19.04,0.0428
1431,N2C,6,7.0026,16.0,2,34.22,0.1578
1431,S2C,6,6.665,18.0,2,35.95,0.164
1431,E2C,4,12.2381,0.0,0,19.58,0.0478
1431,W2C,3,13.0108,0.0,0,18.42,0.0307
1432,N2C,6,6.2602,18.0,2,38.27,0.1699
1432,S2C,6,6.5677,20.0,2,36.48,0.1668
1432,E2C,4,12.2041,0.0,0,19.63,0.0483
1432,W2C,3,12.9351,0.0,0,18.52,0.0318
1433,N2C,6,6.1458,21.0,3,38.99,0.1795
1433,S2C,6,6.5936,23.0,3,36.34,0.1744
1433,E2C,3,12.6279,0.0,0,18.97,0.0362
1433,W2C,3,12.6225,0.0,0,18.98,0.0363
1434,N2C,6,5.4615,24.0,3,43.87,0.1914
1434,S2C,6,6.0083,26.0,3,39.88,0.1848
1434,E2C,3,13.2015,0.0,0,18.15,0.0279
1434,W2C,3,12.8232,0.0,0,18.68,0.0334
1435,N2C,7,6.0634,27.0,3,39.52,0.1907
1435,S2C,7,6.4092,29.0,3,37.38,0.187
1435,E2C,3,13.1122,0.0,0,18.27,0.0292
1435,W2C,3,13.1135,0.0,0,18.27,0.0292
1436,N2C,7,5.4211,30.0,3,44.2,0.2019
1436,S2C,7,5.8784,32.0,3,40.76,0.1967
1436,E2C,3,12.6819,0.0,0,18.89,0.0354
1436,W2C,3,12.5839,0.0,0,19.04,0.0368
1437,N2C,7,5.2929,33.0,3,45.27,0.2058
1437,S2C,7,5.7126,35.0,3,41.94,0.2011
1437,E2C,3,12.9888,0.0,0,18.45,0.031
1437,W2C,3,12.6872,0.0,0,18.89,0.0353
1438,N2C,7,5.1453,37.0,4,46.57,0.2166
1438,S2C,7,5.6503,39.0,4,42.41,0.2106
1438,E2C,3,12.2571,0.0,0,19.55,0.0415
1438,W2C,3,12.8152,0.0,0,18.7,0.0335
1439,N2C,7,5.3617,41.0,4,44.69,0.2161
1439,S2C,7,5.2704,43.0,4,45.46,0.2188
1439,E2C,3,12.5504,0.0,0,19.09,0.0373
1439,W2C,3,12.8586,0.0,0,18.63,0.0329
1440,N2C,7,5.1759,45.0,4,46.29,0.2215
1440,S2C,7,4.7949,47.0,4,49.97,0.2283
1440,E2C,3,12.8517,0.0,0,18.64,0.033
1440,W2C,3,12.6759,0.0,0,18.9,0.0355
1441,N2C,8,6.2929,49.0,4,38.07,0.2141
1441,S2C,8,5.3887,51.0,4,44.46,0.2284
1441,E2C,4,12.2617,0.0,0,19.54,0.0474
1441,W2C,3,12.8641,0.0,0,18.63,0.0328
1442,N2C,8,6.072,53.0,4,39.46,0.2199
1442,S2C,8,5.083,55.0,4,47.14,0.2355
1442,E2C,4,12.2317,0.0,0,19.59,0.0479
1442,W2C,3,12.6529,0.0,0,18.94,0.0358
1443,N2C,8,6.2961,57.0,4,38.06,0.2193
1443,S2C,8,4.9873,60.0,5,48.04,0.2462
1443,E2C,3,12.714,0.0,0,18.85,0.0349
1443,W2C,3,12.7216,0.0,0,18.83,0.0348
1444,N2C,8,5.9997,61.0,4,39.94,0.2263
1444,S2C,8,4.8873,65.0,5,49.03,0.251
1444,E2C,3,12.591,0.0,0,19.03,0.0367
1444,W2C,3,13.0023,0.0,0,18.43,0.0308
1445,N2C,8,5.0979,65.0,4,47.0,0.2419
1445,S2C,8,4.5193,70.0,5,53.02,0.2596
1445,E2C,3,12.2837,0.0,0,19.51,0.0411
1445,W2C,3,12.7939,0.0,0,18.73,0.0338
1446,N2C,8,4.2203,69.0,4,56.77,0.2572
1446,S2C,8,4.2421,75.0,5,56.48,0.2669
1446,E2C,3,12.3895,0.0,0,19.34,0.0396
1446,W2C,3,12.8308,0.0,0,18.67,0.0333
1447,N2C,9,4.6888,74.0,5,51.1,0.2658
1447,S2C,9,4.732,80.0,5,50.63,0.2692
1447,E2C,4,12.8986,0.0,0,18.58,0.0383
1447,W2C,3,12.898,0.0,0,18.58,0.0323
1448,N2C,9,4.6008,79.0,5,52.08,0.2704
1448,S2C,9,4.5184,85.0,5,53.03,0.2756
1448,E2C,3,12.8011,0.0,0,18.72,0.0337
1448,W2C,4,13.2801,0.0,0,18.04,0.0328
1449,N2C,9,4.4879,85.0,6,53.39,0.282
1449,S2C,9,4.4775,90.0,5,53.51,0.2795
1449,E2C,3,12.4463,0.0,0,19.25,0.0388
1449,W2C,3,12.9462,0.0,0,18.51,0.0316
1450,N2C,9,4.4244,91.0,6,54.15,0.287
1450,S2C,9,4.3957,96.0,6,54.51,0.2907
1450,E2C,3,12.7404,0.0,0,18.81,0.0346
1450,W2C,3,12.9842,0.0,0,18.45,0.031
1451,N2C,9,4.1682,97.0,6,57.48,0.2946
1451,S2C,9,3.932,102.0,6,60.94,0.3014
1451,E2C,3,12.6803,0.0,0,18.9,0.0354
1451,W2C,3,13.2109,0.0,0,18.14,0.0278
1452,N2C,9,3.531,103.0,6,67.86,0.3078
1452,S2C,9,3.4741,108.0,6,68.97,0.312
1452,E2C,3,12.6927,0.0,0,18.88,0.0352
1452,W2C,3,12.7137,0.0,0,18.85,0.0349
1453,N2C,8,5.2285,49.0,4,45.83,0.2294
1453,S2C,8,5.113,52.0,4,46.86,0.233
1453,E2C,4,11.3198,0.0,0,21.17,0.061
1453,W2C,4,11.5564,0.0,0,20.73,0.0576
1454,N2C,8,5.3868,14.0,2,44.48,0.1918
1454,S2C,8,5.4831,17.0,2,43.7,0.1924
1454,E2C,4,10.4786,0.0,0,22.87,0.0731
1454,W2C,4,10.3752,0.0,0,23.09,0.0746
1455,N2C,8,5.928,1.0,1,40.42,0.1693
1455,S2C,8,5.9788,1.0,1,40.08,0.1686
1455,E2C,4,9.2942,1.0,1,25.78,0.0968
1455,W2C,4,9.3215,1.0,1,25.7,0.0964
1456,N2C,6,7.4162,0.0,0,32.31,0.1292
1456,S2C,6,7.7605,0.0,0,30.87,0.1243
1456,E2C,4,9.6485,2.0,1,24.83,0.0924
1456,W2C,4,9.5805,2.0,1,25.01,0.0934
1457,N2C,6,7.763,0.0,0,30.86,0.1242
1457,S2C,6,7.9831,0.0,0,30.01,0.1211
1457,E2C,4,9.2425,3.0,1,25.92,0.0989
1457,W2C,4,9.2699,3.0,1,25.85,0.0985
1458,N2C,6,8.2873,0.0,0,28.91,0.1167
1458,S2C,5,8.764,0.0,0,27.34,0.1038
1458,E2C,4,9.5264,4.0,1,25.15,0.0955
1458,W2C,4,9.2395,4.0,1,25.93,0.0996
1459,N2C,5,10.4809,0.0,0,22.86,0.0791
1459,S2C,5,10.7467,0.0,0,22.3,0.0753
1459,E2C,5,10.3239,5.0,1,23.21,0.0907
1459,W2C,5,9.0476,5.0,1,26.48,0.1091
1460,N2C,5,10.9839,0.0,0,21.81,0.0718
1460,S2C,4,11.2022,0.0,0,21.39,0.0627
1460,E2C,5,10.253,6.0,1,23.37,0.0924
1460,W2C,5,7.8971,6.0,1,30.34,0.1263
1461,N2C,3,13.1482,0.0,0,18.22,0.0287
1461,S2C,3,13.0646,0.0,0,18.34,0.0299
1461,E2C,5,9.8983,7.0,1,24.21,0.0981
1461,W2C,5,7.3785,7.0,1,32.47,0.1344
1462,N2C,3,13.026,0.0,0,18.39,0.0304
1462,S2C,3,13.6223,0.0,0,17.59,0.0219
1462,E2C,5,9.1387,8.0,1,26.22,0.1097
1462,W2C,5,7.5908,9.0,2,31.56,0.1387
1463,N2C,3,12.8461,0.0,0,18.65,0.033
1463,S2C,3,12.995,0.0,0,18.44,0.0309
1463,E2C,5,8.3237,9.0,1,28.79,0.1221
1463,W2C,5,7.4484,11.0,2,32.17,0.1421
1464,N2C,3,12.7212,0.0,0,18.83,0.0348
1464,S2C,3,12.9594,0.0,0,18.49,0.0314
1464,E2C,5,6.9236,11.0,2,34.61,0.1496
1464,W2C,5,7.4246,13.0,2,32.27,0.1438
1465,N2C,3,12.8147,0.0,0,18.7,0.0335
1465,S2C,3,13.5499,0.0,0,17.68,0.0229
1465,E2C,6,7.3299,13.0,2,32.69,0.1511
1465,W2C,6,7.6359,15.0,2,31.38,0.1481
1466,N2C,3,12.8628,0.0,0,18.63,0.0328
1466,S2C,3,13.3004,0.0,0,18.01,0.0265
1466,E2C,6,6.6819,15.0,2,35.86,0.1618
1466,W2C,6,6.677,17.0,2,35.88,0.1632
1467,N2C,3,12.6683,0.0,0,18.91,0.0356
1467,S2C,3,13.0582,0.0,0,18.35,0.03
1467,E2C,6,6.6292,17.0,2,36.14,0.1639
1467,W2C,6,6.2297,19.0,2,38.46,0.171
1468,N2C,3,12.5311,0.0,0,19.12,0.0376
1468,S2C,3,13.5543,0.0,0,17.68,0.0228
1468,E2C,6,6.6595,20.0,3,35.98,0.1714
1468,W2C,6,6.1909,21.0,2,38.7,0.1729
1469,N2C,3,12.4203,0.0,0,19.29,0.0392
1469,S2C,3,13.0269,0.0,0,18.39,0.0304
1469,E2C,6,6.5691,23.0,3,36.47,0.1747
1469,W2C,6,6.1659,24.0,3,38.86,0.1812
1470,N2C,3,12.6324,0.0,0,18.97,0.0361
1470,S2C,3,13.5387,0.0,0,17.7,0.0231
1470,E2C,6,6.1361,26.0,3,39.05,0.183
1470,W2C,6,6.0653,27.0,3,39.5,0.1847
1471,N2C,4,12.2989,0.0,0,19.48,0.0469
1471,S2C,3,13.1379,0.0,0,18.24,0.0288
1471,E2C,7,6.7618,29.0,3,35.43,0.182
1471,W2C,7,6.9693,30.0,3,34.38,0.1796
1472,N2C,3,12.3217,0.0,0,19.45,0.0406
1472,S2C,3,12.9701,0.0,0,18.47,0.0312
1472,E2C,7,5.9815,32.0,3,40.06,0.1952
1472,W2C,7,6.8503,33.0,3,34.98,0.1834
1473,N2C,3,12.0962,0.0,0,19.81,0.0438
1473,S2C,3,13.148,0.0,0,18.22,0.0287
1473,E2C,7,5.8701,35.0,3,40.82,0.1988
1473,W2C,7,6.5236,36.0,3,36.73,0.1901
1474,N2C,3,12.5453,0.0,0,19.1,0.0374
1474,S2C,3,13.0265,0.0,0,18.39,0.0304
1474,E2C,7,5.5672,39.0,4,43.04,0.2118
1474,W2C,7,5.8693,39.0,3,40.82,0.2015
1475,N2C,3,12.6654,0.0,0,18.92,0.0356
1475,S2C,3,12.9797,0.0,0,18.46,0.0311
1475,E2C,7,5.3942,43.0,4,44.42,0.217
1475,W2C,7,5.3656,42.0,3,44.66,0.2107
1476,N2C,3,12.7618,0.0,0,18.77,0.0342
1476,S2C,3,12.9904,0.0,0,18.44,0.031
1476,E2C,7,4.7465,47.0,4,50.48,0.229
1476,W2C,7,5.0322,45.0,3,47.61,0.2175
1477,N2C,4,12.6381,0.0,0,18.96,0.042
1477,S2C,3,13.418,0.0,0,17.86,0.0248
1477,E2C,8,5.4243,51.0,4,44.17,0.2279
1477,W2C,8,5.5014,48.0,3,43.55,0.2188
1478,N2C,3,12.3723,0.0,0,19.37,0.0399
1478,S2C,3,12.6712,0.0,0,18.91,0.0355
1478,E2C,8,5.0374,55.0,4,47.56,0.2361
1478,W2C,8,5.0441,52.0,4,47.5,0.234
1479,N2C,3,11.8141,0.0,0,20.28,0.0479
1479,S2C,3,12.6529,0.0,0,18.94,0.0358
1479,E2C,8,5.0155,59.0,4,47.77,0.2391
1479,W2C,8,4.811,56.0,4,49.8,0.2401
1480,N2C,3,12.2523,0.0,0,19.56,0.0416
1480,S2C,3,13.1619,0.0,0,18.2,0.0285
1480,E2C,8,5.0321,64.0,5,47.61,0.2482
1480,W2C,8,4.737,60.0,4,50.58,0.2438
1481,N2C,3,11.9075,0.0,0,20.12,0.0465
1481,S2C,3,12.9118,0.0,0,18.56,0.0321
1481,E2C,8,4.6814,69.0,5,51.18,0.2566
1481,W2C,8,4.68,65.0,5,51.2,0.2539
1482,N2C,3,12.375,0.0,0,19.36,0.0398
1482,S2C,3,12.9216,0.0,0,18.54,0.0319
1482,E2C,8,4.0675,74.0,5,58.91,0.2688
1482,W2C,8,4.2532,70.0,5,56.33,0.2634
1483,N2C,4,12.4869,0.0,0,19.19,0.0442
1483,S2C,3,13.1071,0.0,0,18.28,0.0293
1483,E2C,9,4.8215,79.0,5,49.69,0.2672
1483,W2C,9,5.0164,75.0,5,47.76,0.2618
1484,N2C,4,12.4125,0.0,0,19.3,0.0453
1484,S2C,3,13.0318,0.0,0,18.39,0.0304
1484,E2C,9,4.3407,84.0,5,55.2,0.2775
1484,W2C,9,4.5613,80.0,5,52.53,0.2717
1485,N2C,4,12.2244,0.0,0,19.6,0.048
1485,S2C,3,12.9649,0.0,0,18.48,0.0313
1485,E2C,9,4.342,90.0,6,55.18,0.2875
1485,W2C,9,4.2446,85.0,5,56.45,0.2795
1486,N2C,4,10.9697,0.0,0,21.84,0.066
1486,S2C,3,12.9178,0.0,0,18.55,0.032
1486,E2C,7,5.6096,41.0,4,42.71,0.2126
1486,W2C,7,5.5493,33.0,3,43.18,0.2021
1487,N2C,4,9.9197,0.0,0,24.15,0.0812
1487,S2C,3,13.1098,0.0,0,18.28,0.0292
1487,E2C,7,5.6286,11.0,2,42.57,0.1803
1487,W2C,7,5.7411,7.0,1,41.73,0.17
1488,N2C,4,9.35,0.0,0,25.63,0.0894
1488,S2C,3,12.7741,0.0,0,18.76,0.0341
1488,E2C,7,5.6587,0.0,0,42.34,0.1605
1488,W2C,7,6.6057,0.0,0,36.27,0.1469
1489,N2C,5,9.9341,0.0,0,24.12,0.087
1489,S2C,4,12.7741,0.0,0,18.76,0.0401
1489,E2C,6,8.0493,0.0,0,29.77,0.1201
1489,W2C,6,8.6485,0.0,0,27.7,0.1115
1490,N2C,5,9.3053,1.0,1,25.75,0.1027
1490,S2C,4,10.9383,0.0,0,21.9,0.0665
1490,E2C,6,8.6536,0.0,0,27.69,0.1114
1490,W2C,6,8.6997,0.0,0,27.54,0.1107
1491,N2C,5,8.4289,2.0,1,28.43,0.116
1491,S2C,4,10.7149,0.0,0,22.36,0.0697
1491,E2C,5,10.2085,0.0,0,23.47,0.083
1491,W2C,5,9.763,0.0,0,24.54,0.0894
1492,N2C,5,7.8322,3.0,1,30.59,0.1252
1492,S2C,4,9.6252,0.0,0,24.89,0.0854
1492,E2C,4,11.3765,0.0,0,21.06,0.0602
1492,W2C,4,10.9929,0.0,0,21.8,0.0657
1493,N2C,5,7.6154,4.0,1,31.46,0.129
1493,S2C,4,9.7072,1.0,1,24.68,0.0909
1493,E2C,3,13.1316,0.0,0,18.25,0.0289
1493,W2C,3,11.8841,0.0,0,20.16,0.0469
1494,N2C,5,7.0543,5.0,1,33.97,0.1378
1494,S2C,4,8.8741,2.0,1,27.0,0.1036
1494,E2C,3,12.8535,0.0,0,18.64,0.0329
1494,W2C,3,12.2534,0.0,0,19.55,0.0416
1495,N2C,6,7.4266,7.0,2,32.26,0.1457
1495,S2C,5,9.0333,3.0,1,26.52,0.1079
1495,E2C,4,11.7583,0.0,0,20.38,0.0547
1495,W2C,3,12.1497,0.0,0,19.72,0.0431
1496,N2C,6,6.6045,9.0,2,36.28,0.1589
1496,S2C,5,8.2654,4.0,1,28.99,0.1197
1496,E2C,3,11.9928,0.0,0,19.98,0.0453
1496,W2C,3,11.7574,0.0,0,20.38,0.0487
1497,N2C,6,6.2668,11.0,2,38.23,0.1651
1497,S2C,5,7.7206,5.0,1,31.03,0.1282
1497,E2C,3,11.5707,0.0,0,20.71,0.0514
1497,W2C,3,11.7498,0.0,0,20.39,0.0488
1498,N2C,6,6.4803,14.0,3,36.97,0.17
1498,S2C,5,7.5961,6.0,1,31.54,0.1306
1498,E2C,3,11.9468,0.0,0,20.06,0.046
1498,W2C,3,11.4647,0.0,0,20.9,0.0529
1499,N2C,6,6.241,17.0,3,38.39,0.1755
1499,S2C,5,7.5863,8.0,2,31.58,0.1381
1499,E2C,3,12.1369,0.0,0,19.74,0.0432
1499,W2C,3,11.7596,0.0,0,20.37,0.0487
1500,N2C,6,6.3074,20.0,3,37.99,0.1765
1500,S2C,5,6.807,10.0,2,35.2,0.1507
1500,E2C,3,11.8129,0.0,0,20.28,0.0479
1500,W2C,3,11.7136,0.0,0,20.45,0.0493
1501,N2C,7,6.6141,23.0,3,36.23,0.1801
1501,S2C,6,7.1034,12.0,2,33.73,0.1537
1501,E2C,3,12.0193,0.0,0,19.93,0.0449
1501,W2C,3,12.1176,0.0,0,19.77,0.0435
1502,N2C,7,6.0476,26.0,3,39.62,0.1903
1502,S2C,6,6.6226,14.0,2,36.18,0.162
1502,E2C,3,11.8172,0.0,0,20.28,0.0478
1502,W2C,3,11.6417,0.0,0,20.58,0.0504
1503,N2C,7,5.41,29.0,3,44.29,0.2014
1503,S2C,6,6.2773,16.0,2,38.17,0.1683
1503,E2C,3,11.9036,0.0,0,20.13,0.0466
1503,W2C,3,11.8755,0.0,0,20.18,0.047
1504,N2C,7,5.596,33.0,4,42.82,0.2074
1504,S2C,6,6.3951,19.0,3,37.47,0.1746
1504,E2C,3,11.9673,0.0,0,20.02,0.0457
1504,W2C,3,11.7295,0.0,0,20.43,0.0491
1505,N2C,7,5.5707,37.0,4,43.01,0.2105
1505,S2C,6,6.3641,22.0,3,37.65,0.177
1505,E2C,3,11.9551,0.0,0,20.04,0.0459
1505,W2C,3,11.5078,0.0,0,20.82,0.0523
1506,N2C,7,5.4534,41.0,4,43.94,0.2148
1506,S2C,6,6.1519,25.0,3,38.95,0.1821
1506,E2C,3,12.3278,0.0,0,19.44,0.0405
1506,W2C,3,11.8434,0.0,0,20.23,0.0475
1507,N2C,8,6.3167,45.0,4,37.93,0.211
1507,S2C,7,7.1632,28.0,3,33.45,0.1755
1507,E2C,3,12.0843,0.0,0,19.83,0.044
1507,W2C,4,11.3074,0.0,0,21.19,0.0612
1508,N2C,8,5.7176,49.0,4,41.91,0.2223
1508,S2C,7,6.626,31.0,3,36.16,0.1853
1508,E2C,3,11.071,0.0,0,21.64,0.0586
1508,W2C,4,11.3573,0.0,0,21.1,0.0605
1509,N2C,8,5.0427,53.0,4,47.51,0.2347
1509,S2C,7,6.2571,34.0,3,38.29,0.1926
1509,E2C,3,11.5095,0.0,0,20.82,0.0523
1509,W2C,4,11.5616,0.0,0,20.72,0.0575
1510,N2C,8,4.6447,57.0,4,51.59,0.2431
1510,S2C,7,5.6125,37.0,3,42.69,0.2039
1510,E2C,3,11.3892,0.0,0,21.04,0.054
1510,W2C,4,11.6776,0.0,0,20.52,0.0559
1511,N2C,8,4.2166,62.0,5,56.82,0.2586
1511,S2C,7,5.1316,41.0,4,46.69,0.2194
1511,E2C,3,11.6098,0.0,0,20.64,0.0508
1511,W2C,4,11.5121,0.0,0,20.81,0.0582
1512,N2C,8,4.1921,67.0,5,57.16,0.2623
1512,S2C,7,4.4528,45.0,4,53.81,0.2319
1512,E2C,3,11.7112,0.0,0,20.46,0.0494
1512,W2C,4,11.5296,0.0,0,20.78,0.058
1513,N2C,9,4.9182,72.0,5,48.72,0.2612
1513,S2C,8,5.2204,49.0,4,45.9,0.2295
1513,E2C,4,12.3141,0.0,0,19.46,0.0467
1513,W2C,4,12.5449,0.0,0,19.1,0.0434
1514,N2C,9,4.3701,77.0,5,54.83,0.2724
1514,S2C,8,4.5705,54.0,5,52.42,0.2482
1514,E2C,4,11.6658,0.0,0,20.54,0.056
1514,W2C,4,12.2436,0.0,0,19.57,0.0477
1515,N2C,9,4.4191,82.0,5,54.22,0.275
1515,S2C,8,4.7805,59.0,5,50.12,0.2485
1515,E2C,4,11.7895,0.0,0,20.32,0.0542
1515,W2C,3,12.426,0.0,0,19.28,0.0391
1516,N2C,9,4.4157,88.0,6,54.26,0.2851
1516,S2C,8,4.6129,64.0,5,51.94,0.2542
1516,E2C,4,11.8357,0.0,0,20.24,0.0536
1516,W2C,3,12.4785,0.0,0,19.2,0.0383
1517,N2C,9,3.8557,94.0,6,62.14,0.2971
1517,S2C,8,4.7555,69.0,5,50.38,0.2555
1517,E2C,4,12.232,0.0,0,19.59,0.0479
1517,W2C,3,12.8515,0.0,0,18.64,0.033
1518,N2C,9,3.4763,100.0,6,68.92,0.3066
1518,S2C,8,4.336,74.0,5,55.26,0.2649
1518,E2C,4,11.3673,0.0,0,21.08,0.0603
1518,W2C,3,12.1203,0.0,0,19.77,0.0435
1519,N2C,8,4.9932,51.0,4,47.98,0.2341
1519,S2C,7,6.1809,31.0,3,38.76,0.1917
1519,E2C,5,11.0799,0.0,0,21.62,0.0705
1519,W2C,4,10.8835,0.0,0,22.02,0.0673
1520,N2C,8,5.3771,15.0,2,44.56,0.1926
1520,S2C,7,6.0021,7.0,1,39.92,0.1662
1520,E2C,5,9.3833,0.0,0,25.53,0.0949
1520,W2C,4,10.3631,0.0,0,23.12,0.0748
1521,N2C,8,6.4853,0.0,0,36.95,0.1546
1521,S2C,7,6.2437,0.0,0,38.37,0.1521
1521,E2C,5,8.1632,0.0,0,29.35,0.1125
1521,W2C,4,9.143,0.0,0,26.21,0.0924
1522,N2C,6,8.032,0.0,0,29.83,0.1203
1522,S2C,5,8.5244,0.0,0,28.11,0.1073
1522,E2C,5,7.7444,1.0,1,30.94,0.1252
1522,W2C,4,9.2437,1.0,1,25.92,0.0976
1523,N2C,6,9.1179,0.0,0,26.28,0.1047
1523,S2C,5,9.0703,0.0,0,26.42,0.0994
1523,E2C,5,7.6046,3.0,2,31.51,0.1345
1523,W2C,4,9.4887,2.0,1,25.25,0.0947
1524,N2C,4,10.7779,0.0,0,22.23,0.0688
1524,S2C,5,9.8651,0.0,0,24.29,0.088
1524,E2C,5,7.96,5.0,2,30.1,0.1307
1524,W2C,4,8.9866,3.0,1,26.66,0.1026
1525,N2C,5,11.5601,0.0,0,20.73,0.0635
1525,S2C,4,12.7897,0.0,0,18.73,0.0398
1525,E2C,6,8.6288,7.0,2,27.77,0.1284
1525,W2C,5,10.3185,4.0,1,23.22,0.0901
1526,N2C,4,12.4173,0.0,0,19.3,0.0452
1526,S2C,4,12.2382,0.0,0,19.58,0.0478
1526,E2C,6,8.0345,9.0,2,29.82,0.1383
1526,W2C,5,9.8661,5.0,1,24.29,0.0973
1527,N2C,3,13.0167,0.0,0,18.41,0.0306
1527,S2C,3,12.6134,0.0,0,19.0,0.0364
1527,E2C,6,7.3688,11.0,2,32.52,0.1492
1527,W2C,5,9.5796,6.0,1,25.01,0.1021
1528,N2C,3,13.4837,0.0,0,17.77,0.0239
1528,S2C,3,12.3937,0.0,0,19.33,0.0395
1528,E2C,6,6.7948,13.0,2,35.26,0.1588
1528,W2C,5,9.9997,7.0,1,23.96,0.0967
1529,N2C,3,13.1066,0.0,0,18.28,0.0293
1529,S2C,3,13.1707,0.0,0,18.19,0.0284
1529,E2C,6,6.5354,16.0,3,36.66,0.1706
1529,W2C,5,9.509,8.0,1,25.2,0.1044
1530,N2C,3,13.3089,0.0,0,18.0,0.0264
1530,S2C,3,12.9796,0.0,0,18.46,0.0311
1530,E2C,6,5.9149,19.0,3,40.51,0.1815
1530,W2C,5,8.8599,9.0,1,27.04,0.1144
1531,N2C,3,12.9673,0.0,0,18.48,0.0313
1531,S2C,3,13.0566,0.0,0,18.35,0.03
1531,E2C,7,6.3301,22.0,3,37.85,0.1835
1531,W2C,6,7.8027,10.0,1,30.71,0.1363
1532,N2C,3,12.7635,0.0,0,18.77,0.0342
1532,S2C,3,12.734,0.0,0,18.82,0.0346
1532,E2C,7,5.8043,25.0,3,41.28,0.1931
1532,W2C,6,7.0795,11.0,1,33.84,0.1474
1533,N2C,3,12.8564,0.0,0,18.64,0.0329
1533,S2C,3,12.7958,0.0,0,18.72,0.0338
1533,E2C,7,5.5032,29.0,4,43.54,0.2061
1533,W2C,6,6.5032,13.0,2,36.84,0.163
1534,N2C,3,12.8711,0.0,0,18.62,0.0327
1534,S2C,3,12.6705,0.0,0,18.91,0.0356
1534,E2C,7,5.6058,33.0,4,42.74,0.2073
1534,W2C,6,6.3755,16.0,3,37.58,0.1729
1535,N2C,3,12.6594,0.0,0,18.93,0.0357
1535,S2C,3,12.9412,0.0,0,18.51,0.0317
1535,E2C,7,5.3323,37.0,4,44.93,0.2139
1535,W2C,6,6.3731,19.0,3,37.6,0.1749
1536,N2C,3,12.8773,0.0,0,18.61,0.0326
1536,S2C,3,12.5321,0.0,0,19.12,0.0376
1536,E2C,7,4.8598,41.0,4,49.3,0.2234
1536,W2C,6,5.5517,22.0,3,43.16,0.1887
1537,N2C,3,12.9895,0.0,0,18.45,0.031
1537,S2C,4,13.042,0.0,0,18.37,0.0362
1537,E2C,8,5.3711,45.0,4,44.61,0.2247
1537,W2C,7,6.0127,25.0,3,39.85,0.1901
1538,N2C,3,12.808,0.0,0,18.71,0.0336
1538,S2C,4,12.6964,0.0,0,18.87,0.0412
1538,E2C,8,5.0375,49.0,4,47.56,0.2321
1538,W2C,7,5.3798,28.0,3,44.54,0.2012
1539,N2C,3,12.6984,0.0,0,18.87,0.0352
1539,S2C,4,12.843,0.0,0,18.66,0.0391
1539,E2C,8,4.8839,54.0,5,49.06,0.2437
1539,W2C,7,5.3461,32.0,4,44.82,0.2104
1540,N2C,3,13.0782,0.0,0,18.32,0.0297
1540,S2C,3,12.7326,0.0,0,18.82,0.0347
1540,E2C,8,5.0005,59.0,5,47.92,0.2453
1540,W2C,7,5.4125,36.0,4,44.27,0.2121
1541,N2C,3,13.1394,0.0,0,18.24,0.0288
1541,S2C,3,13.0292,0.0,0,18.39,0.0304
1541,E2C,8,4.6653,64.0,5,51.36,0.2535
1541,W2C,7,5.0265,40.0,4,47.67,0.2203
1542,N2C,3,12.9371,0.0,0,18.52,0.0317
1542,S2C,3,13.5608,0.0,0,17.67,0.0227
1542,E2C,8,4.1464,69.0,5,57.79,0.2643
1542,W2C,7,4.3768,44.0,4,54.74,0.2323
1543,N2C,3,13.0634,0.0,0,18.34,0.0299
1543,S2C,2,13.3932,0.0,0,17.89,0.0192
1543,E2C,9,4.8443,74.0,5,49.46,0.2636
1543,W2C,8,5.0399,48.0,4,47.54,0.2314
1544,N2C,3,12.7767,0.0,0,18.75,0.034
1544,S2C,2,13.7461,0.0,0,17.43,0.0141
1544,E2C,9,4.5403,79.0,5,52.77,0.2713
1544,W2C,8,4.8063,52.0,4,49.85,0.2375
1545,N2C,3,13.0484,0.0,0,18.36,0.0301
1545,S2C,3,13.2879,0.0,0,18.03,0.0267
1545,E2C,9,4.3193,85.0,6,55.47,0.2845
1545,W2C,8,4.7539,56.0,4,50.4,0.2409
1546,N2C,3,12.7931,0.0,0,18.73,0.0338
1546,S2C,3,13.2876,0.0,0,18.03,0.0267
1546,E2C,9,4.4756,91.0,6,53.54,0.2862
1546,W2C,8,4.5539,61.0,5,52.61,0.2531
1547,N2C,3,12.3944,0.0,0,19.33,0.0395
1547,S2C,3,13.3208,0.0,0,17.99,0.0262
1547,E2C,9,4.2227,97.0,6,56.74,0.2939
1547,W2C,8,4.5476,66.0,5,52.69,0.2565
1548,N2C,3,13.0501,0.0,0,18.36,0.0301
1548,S2C,3,13.6474,0.0,0,17.56,0.0215
1548,E2C,9,3.6437,103.0,6,65.76,0.3062
1548,W2C,8,4.7663,71.0,5,50.27,0.2567
1549,N2C,4,12.8426,0.0,0,18.66,0.0391
1549,S2C,3,13.7552,0.0,0,17.42,0.0199
1549,E2C,10,4.0979,109.0,6,58.47,0.3097
1549,W2C,9,4.9106,76.0,5,48.79,0.264
1550,N2C,4,11.9575,0.0,0,20.04,0.0518
1550,S2C,3,13.4067,0.0,0,17.87,0.025
1550,E2C,10,3.8753,115.0,6,61.83,0.3169
1550,W2C,9,4.398,81.0,5,54.48,0.2747
1551,N2C,4,10.9325,0.0,0,21.92,0.0666
1551,S2C,3,12.9858,0.0,0,18.45,0.031
1551,E2C,10,3.9082,121.0,6,61.31,0.3204
1551,W2C,9,3.977,86.0,5,60.25,0.2841
1552,N2C,4,9.7643,0.0,0,24.54,0.0834
1552,S2C,3,12.8873,0.0,0,18.59,0.0324
1552,E2C,8,4.8927,67.0,5,48.97,0.2522
1552,W2C,7,5.108,41.0,3,46.91,0.2138
1553,N2C,4,9.8946,1.0,1,24.22,0.0882
1553,S2C,3,13.5779,0.0,0,17.65,0.0225
1553,E2C,8,4.6134,26.0,3,51.94,0.2169
1553,W2C,7,5.3848,9.0,2,44.5,0.1825
1554,N2C,4,9.2968,2.0,1,25.77,0.0975
1554,S2C,3,12.5102,0.0,0,19.15,0.0379
1554,E2C,8,4.8197,3.0,1,49.71,0.1866
1554,W2C,7,6.0669,0.0,0,39.49,0.1546
1555,N2C,5,9.2921,3.0,1,25.79,0.1042
1555,S2C,4,11.2585,0.0,0,21.28,0.0619
1555,E2C,7,6.5861,0.0,0,36.38,0.1472
1555,W2C,6,8.4675,0.0,0,28.3,0.1141
1556,N2C,5,8.1606,4.0,1,29.36,0.1212
1556,S2C,4,10.1581,0.0,0,23.59,0.0777
1556,E2C,7,7.3939,0.0,0,32.4,0.1355
1556,W2C,6,8.2636,0.0,0,28.99,0.117
1557,N2C,5,7.8128,5.0,1,30.67,0.1268
1557,S2C,4,9.2837,0.0,0,25.81,0.0903
1557,E2C,7,8.5972,0.0,0,27.87,0.1182
1557,W2C,4,10.2241,0.0,0,23.43,0.0768
1558,N2C,5,7.3186,7.0,2,32.74,0.1413
1558,S2C,4,9.4793,1.0,1,25.28,0.0942
1558,E2C,5,10.0138,0.0,0,23.93,0.0858
1558,W2C,4,10.237,0.0,0,23.41,0.0766
1559,N2C,5,7.5945,9.0,2,31.55,0.1386
1559,S2C,4,9.5161,2.0,1,25.18,0.0943
1559,E2C,5,10.192,0.0,0,23.51,0.0832
1559,W2C,4,10.6544,0.0,0,22.49,0.0706
1560,N2C,5,7.0123,11.0,2,34.17,0.1484
1560,S2C,4,9.2014,3.0,1,26.04,0.0995
1560,E2C,3,12.0589,0.0,0,19.87,0.0444
1560,W2C,3,11.7543,0.0,0,20.38,0.0488
1561,N2C,6,7.399,13.0,2,32.38,0.1501
1561,S2C,5,10.5822,4.0,1,22.64,0.0863
1561,E2C,4,12.5579,0.0,0,19.08,0.0432
1561,W2C,3,11.8368,0.0,0,20.24,0.0476
1562,N2C,6,6.7699,15.0,2,35.39,0.1605
1562,S2C,5,9.4772,5.0,1,25.28,0.1029
1562,E2C,3,12.9532,0.0,0,18.5,0.0315
1562,W2C,3,11.4114,0.0,0,21.0,0.0537
1563,N2C,6,6.1301,18.0,3,39.09,0.1777
1563,S2C,5,8.817,6.0,1,27.17,0.113
1563,E2C,3,13.024,0.0,0,18.4,0.0305
1563,W2C,3,11.4323,0.0,0,20.96,0.0534
1564,N2C,6,6.1984,21.0,3,38.66,0.1788
1564,S2C,5,8.1188,7.0,1,29.51,0.1238
1564,E2C,3,12.956,0.0,0,18.49,0.0314
1564,W2C,3,11.6035,0.0,0,20.65,0.0509
1565,N2C,6,6.0826,24.0,3,39.39,0.1824
1565,S2C,5,7.2648,8.0,1,32.98,0.1367
1565,E2C,3,12.8783,0.0,0,18.6,0.0326
1565,W2C,3,11.3793,0.0,0,21.06,0.0542
1566,N2C,6,5.4154,27.0,3,44.24,0.194
1566,S2C,5,6.7671,9.0,1,35.41,0.1446
1566,E2C,3,12.8667,0.0,0,18.62,0.0327
1566,W2C,3,11.0985,0.0,0,21.59,0.0582
1567,N2C,7,6.0802,30.0,3,39.41,0.1925
1567,S2C,6,7.0104,11.0,2,34.18,0.1544
1567,E2C,4,13.2029,0.0,0,18.15,0.0339
1567,W2C,4,11.5086,0.0,0,20.82,0.0583
1568,N2C,7,5.4699,33.0,3,43.8,0.2032
1568,S2C,6,6.5872,13.0,2,36.37,0.1618
1568,E2C,3,13.2145,0.0,0,18.13,0.0277
1568,W2C,4,11.6801,0.0,0,20.51,0.0558
1569,N2C,7,5.3197,36.0,3,45.04,0.2074
1569,S2C,6,6.0039,15.0,2,39.91,0.1716
1569,E2C,3,13.5441,0.0,0,17.69,0.023
1569,W2C,4,11.657,0.0,0,20.55,0.0562
1570,N2C,7,5.3372,40.0,4,44.89,0.2158
1570,S2C,6,6.0928,18.0,3,39.33,0.1783
1570,E2C,3,13.0618,0.0,0,18.34,0.0299
1570,W2C,4,11.5958,0.0,0,20.66,0.057
1571,N2C,7,5.1642,44.0,4,46.4,0.221
1571,S2C,6,6.4278,21.0,3,37.28,0.1754
1571,E2C,3,13.0378,0.0,0,18.38,0.0303
1571,W2C,4,11.2096,0.0,0,21.37,0.0626
1572,N2C,7,5.3082,48.0,4,45.14,0.2216
1572,S2C,6,6.2087,24.0,3,38.59,0.1806
1572,E2C,3,12.8555,0.0,0,18.64,0.0329
1572,W2C,4,11.5473,0.0,0,20.75,0.0577
1573,N2C,8,5.9438,52.0,4,40.31,0.2211
1573,S2C,7,7.3518,27.0,3,32.59,0.1721
1573,E2C,3,12.7727,0.0,0,18.76,0.0341
1573,W2C,5,11.8808,0.0,0,20.17,0.0589
1574,N2C,8,5.763,56.0,4,41.58,0.2264
1574,S2C,7,6.6862,30.0,3,35.84,0.1837
1574,E2C,3,12.6433,0.0,0,18.95,0.036
1574,W2C,4,12.5132,0.0,0,19.15,0.0438
1575,N2C,8,5.2602,60.0,4,45.55,0.2363
1575,S2C,7,6.4443,33.0,3,37.18,0.1892
1575,E2C,3,12.8036,0.0,0,18.71,0.0336
1575,W2C,3,12.3858,0.0,0,19.34,0.0397
1576,N2C,8,4.9418,64.0,4,48.48,0.2435
1576,S2C,7,6.2282,36.0,3,38.47,0.1943
1576,E2C,3,12.7188,0.0,0,18.84,0.0349
1576,W2C,3,12.6993,0.0,0,18.87,0.0351
1577,N2C,8,4.3589,68.0,4,54.97,0.2546
1577,S2C,7,5.6098,39.0,3,42.71,0.2052
1577,E2C,3,12.952,0.0,0,18.5,0.0315
1577,W2C,3,12.7706,0.0,0,18.76,0.0341
1578,N2C,8,4.095,73.0,5,58.51,0.2677
1578,S2C,7,5.0208,42.0,3,47.72,0.2157
1578,E2C,3,12.749,0.0,0,18.79,0.0344
1578,W2C,3,12.6221,0.0,0,18.98,0.0363
1579,N2C,9,4.8332,78.0,5,49.57,0.2664
1579,S2C,8,5.7619,45.0,3,41.58,0.213
1579,E2C,3,12.6793,0.0,0,18.9,0.0354
1579,W2C,3,12.5869,0.0,0,19.04,0.0368
1580,N2C,9,4.2629,83.0,5,56.21,0.278
1580,S2C,8,5.1688,49.0,4,46.36,0.2302
1580,E2C,3,12.614,0.0,0,18.99,0.0364
1580,W2C,3,12.6561,0.0,0,18.93,0.0358
1581,N2C,9,3.9931,89.0,6,60.0,0.2918
1581,S2C,8,5.0621,53.0,4,47.33,0.2344
1581,E2C,3,12.6928,0.0,0,18.88,0.0352
1581,W2C,3,12.369,0.0,0,19.37,0.0399
1582,N2C,9,3.9555,95.0,6,60.57,0.2964
1582,S2C,8,5.0709,57.0,4,47.25,0.237
1582,E2C,3,12.9254,0.0,0,18.54,0.0319
1582,W2C,3,12.2935,0.0,0,19.49,0.041
1583,N2C,9,3.5367,101.0,6,67.75,0.3064
1583,S2C,8,4.5409,62.0,5,52.76,0.2539
1583,E2C,3,12.5003,0.0,0,19.17,0.038
1583,W2C,3,12.2068,0.0,0,19.63,0.0422
1584,N2C,9,3.141,107.0,6,76.28,0.3161
1584,S2C,8,4.0138,67.0,5,59.69,0.2649
1584,E2C,3,13.0832,0.0,0,18.31,0.0296
1584,W2C,3,12.3529,0.0,0,19.4,0.0401
1585,N2C,8,4.7636,52.0,4,50.3,0.2381
1585,S2C,7,5.9571,25.0,3,40.22,0.1909
1585,E2C,4,12.044,0.0,0,19.89,0.0506
1585,W2C,4,12.6909,0.0,0,18.88,0.0413
1586,N2C,8,5.0823,15.0,2,47.14,0.1968
1586,S2C,7,6.1373,4.0,1,39.04,0.1623
1586,E2C,4,10.8333,0.0,0,22.12,0.068
1586,W2C,4,12.0897,0.0,0,19.82,0.0499
1587,N2C,8,5.749,1.0,1,41.68,0.1719
1587,S2C,7,6.7756,0.0,0,35.36,0.1444
1587,E2C,4,9.8387,0.0,0,24.35,0.0823
1587,W2C,4,12.1453,0.0,0,19.73,0.0491
1588,N2C,6,7.0377,0.0,0,34.05,0.1347
1588,S2C,5,8.8624,0.0,0,27.04,0.1024
1588,E2C,4,9.6497,0.0,0,24.83,0.0851
1588,W2C,4,10.9522,0.0,0,21.88,0.0663
1589,N2C,6,7.9853,0.0,0,30.01,0.121
1589,S2C,5,9.9335,0.0,0,24.12,0.087
1589,E2C,4,9.3559,0.0,0,25.61,0.0893
1589,W2C,4,10.1798,0.0,0,23.54,0.0774
1590,N2C,5,9.2437,0.0,0,25.92,0.0969
1590,S2C,4,11.0846,0.0,0,21.62,0.0644
1590,E2C,4,9.3687,1.0,1,25.57,0.0958
1590,W2C,4,9.0393,0.0,0,26.51,0.0938
1591,N2C,5,11.0052,0.0,0,21.77,0.0715
1591,S2C,4,12.6214,0.0,0,18.98,0.0423
1591,E2C,5,10.2744,2.0,1,23.32,0.0894
1591,W2C,5,9.0829,0.0,0,26.38,0.0992
1592,N2C,5,11.5273,0.0,0,20.79,0.064
1592,S2C,4,12.6289,0.0,0,18.97,0.0422
1592,E2C,5,9.9895,3.0,1,23.99,0.0942
1592,W2C,5,8.3276,1.0,1,28.77,0.1168
1593,N2C,4,12.4031,0.0,0,19.32,0.0454
1593,S2C,3,13.4933,0.0,0,17.76,0.0237
1593,E2C,5,9.2274,4.0,1,25.97,0.1058
1593,W2C,5,7.7685,2.0,1,30.84,0.1255
1594,N2C,4,12.1809,0.0,0,19.67,0.0486
1594,S2C,3,13.2395,0.0,0,18.1,0.0274
1594,E2C,5,8.6361,5.0,1,27.74,0.115
1594,W2C,5,7.8334,3.0,1,30.59,0.1252
1595,N2C,4,12.0624,0.0,0,19.86,0.0503
1595,S2C,3,13.1318,0.0,0,18.25,0.0289
1595,E2C,5,7.9848,6.0,1,30.01,0.125
1595,W2C,5,7.6743,4.0,1,31.22,0.1282
1596,N2C,4,12.2406,0.0,0,19.57,0.0477
1596,S2C,3,13.0995,0.0,0,18.29,0.0294
1596,E2C,5,7.1356,7.0,1,33.58,0.1379
1596,W2C,5,7.6776,6.0,2,31.21,0.1355
1597,N2C,3,13.3727,0.0,0,17.92,0.0254
1597,S2C,3,13.0411,0.0,0,18.37,0.0302
1597,E2C,6,7.5015,8.0,1,31.94,0.1393
1597,W2C,6,8.5026,8.0,2,28.18,0.1309
1598,N2C,3,13.0793,0.0,0,18.32,0.0297
1598,S2C,3,12.5191,0.0,0,19.14,0.0377
1598,E2C,6,6.5147,10.0,2,36.78,0.1609
1598,W2C,6,7.8767,10.0,2,30.42,0.1413
1599,N2C,3,13.2837,0.0,0,18.04,0.0267
1599,S2C,3,12.9534,0.0,0,18.5,0.0315
1599,E2C,6,6.5394,12.0,2,36.64,0.1618
1599,W2C,6,7.4476,12.0,2,32.17,0.1488
1600,N2C,3,12.8562,0.0,0,18.64,0.0329
1600,S2C,3,12.81,0.0,0,18.7,0.0336
1600,E2C,6,6.403,15.0,3,37.42,0.1718
1600,W2C,6,6.6843,14.0,2,35.85,0.1611
1601,N2C,3,13.0309,0.0,0,18.39,0.0304
1601,S2C,3,12.8228,0.0,0,18.69,0.0334
1601,E2C,6,6.4454,18.0,3,37.17,0.1732
1601,W2C,6,6.4644,16.0,2,37.06,0.1656
1602,N2C,3,12.8764,0.0,0,18.61,0.0326
1602,S2C,3,12.7611,0.0,0,18.78,0.0343
1602,E2C,6,5.7973,21.0,3,41.33,0.1845
1602,W2C,6,6.4511,18.0,2,37.14,0.1671
1603,N2C,3,12.5287,0.0,0,19.12,0.0376
1603,S2C,3,12.5074,0.0,0,19.16,0.0379
1603,E2C,7,6.379,24.0,3,37.56,0.1841
1603,W2C,7,7.4314,21.0,3,32.24,0.167
1604,N2C,3,12.3593,0.0,0,19.39,0.04
1604,S2C,3,12.1485,0.0,0,19.72,0.0431
1604,E2C,7,5.7851,27.0,3,41.42,0.1947
1604,W2C,7,6.5287,24.0,3,36.7,0.182
1605,N2C,3,12.429,0.0,0,19.28,0.039
1605,S2C,3,12.6436,0.0,0,18.95,0.0359
1605,E2C,7,5.6808,30.0,3,42.18,0.1982
1605,W2C,7,5.9662,27.0,3,40.16,0.1921
1606,N2C,3,12.1302,0.0,0,19.75,0.0433
1606,S2C,3,12.6578,0.0,0,18.93,0.0357
1606,E2C,7,5.5539,34.0,4,43.14,0.2087
1606,W2C,7,5.8069,30.0,3,41.26,0.1964
1607,N2C,3,12.0558,0.0,0,19.87,0.0444
1607,S2C,3,12.5376,0.0,0,19.11,0.0375
1607,E2C,7,5.2659,38.0,4,45.5,0.2155
1607,W2C,7,5.1816,33.0,3,46.24,0.2074
1608,N2C,3,11.8,0.0,0,20.31,0.0481
1608,S2C,3,12.2331,0.0,0,19.59,0.0419
1608,E2C,7,4.7479,42.0,4,50.46,0.2256
1608,W2C,7,4.6095,37.0,4,51.98,0.2243
1609,N2C,4,12.3922,0.0,0,19.33,0.0456
1609,S2C,3,12.804,0.0,0,18.71,0.0336
1609,E2C,8,5.3503,46.0,4,44.78,0.2256
1609,W2C,8,5.0924,41.0,4,47.05,0.226
1610,N2C,3,12.13,0.0,0,19.75,0.0433
1610,S2C,3,12.5041,0.0,0,19.16,0.038
1610,E2C,8,4.8515,50.0,4,49.39,0.2355
1610,W2C,8,4.7615,45.0,4,50.32,0.2334
1611,N2C,3,11.9346,0.0,0,20.08,0.0462
1611,S2C,3,12.6301,0.0,0,18.97,0.0361
1611,E2C,8,4.9684,54.0,4,48.23,0.2365
1611,W2C,8,4.7762,49.0,4,50.17,0.2359
1612,N2C,3,12.3838,0.0,0,19.35,0.0397
1612,S2C,3,12.8571,0.0,0,18.64,0.0329
1612,E2C,8,4.8598,58.0,4,49.3,0.2407
1612,W2C,8,4.7367,54.0,5,50.58,0.2458
1613,N2C,3,12.4059,0.0,0,19.31,0.0394
1613,S2C,3,12.4163,0.0,0,19.3,0.0392
1613,E2C,8,4.8382,63.0,5,49.52,0.2503
1613,W2C,8,4.377,59.0,5,54.74,0.2543
1614,N2C,3,12.3579,0.0,0,19.39,0.0401
1614,S2C,3,12.1845,0.0,0,19.66,0.0426
1614,E2C,8,4.5637,68.0,5,52.5,0.2576
1614,W2C,8,3.9725,64.0,5,60.31,0.2635
1615,N2C,3,12.6539,0.0,0,18.93,0.0358
1615,S2C,4,12.7922,0.0,0,18.73,0.0398
1615,E2C,9,5.1618,73.0,5,46.42,0.2583
1615,W2C,9,4.6205,69.0,5,51.86,0.2635
1616,N2C,3,12.49,0.0,0,19.18,0.0382
1616,S2C,4,11.9983,0.0,0,19.97,0.0512
1616,E2C,9,4.659,78.0,5,51.43,0.2689
1616,W2C,9,4.2528,74.0,5,56.34,0.2721
1617,N2C,3,12.4326,0.0,0,19.27,0.039
1617,S2C,4,11.0345,0.0,0,21.71,0.0651
1617,E2C,9,4.4965,83.0,5,53.29,0.2746
1617,W2C,9,4.2069,79.0,5,56.95,0.2761
1618,N2C,3,12.3067,0.0,0,19.47,0.0408
1618,S2C,4,9.9,0.0,0,24.2,0.0815
1618,E2C,7,5.6196,38.0,3,42.64,0.2044
1618,W2C,7,5.5303,35.0,4,43.32,0.2097
1619,N2C,3,12.4732,0.0,0,19.21,0.0384
1619,S2C,4,9.4195,1.0,1,25.44,0.095
1619,E2C,7,5.6253,8.0,2,42.59,0.1783
1619,W2C,7,5.3852,10.0,2,44.49,0.1831
1620,N2C,3,12.5524,0.0,0,19.09,0.0373
1620,S2C,4,9.6411,2.0,1,24.85,0.0925
1620,E2C,7,6.1641,0.0,0,38.87,0.1532
1620,W2C,7,5.74,0.0,0,41.74,0.1594
1621,N2C,4,12.6544,0.0,0,18.93,0.0418
1621,S2C,5,10.2959,3.0,1,23.27,0.0898
1621,E2C,6,8.0684,0.0,0,29.7,0.1198
1621,W2C,6,7.6463,0.0,0,31.34,0.1259
1622,N2C,4,12.3438,0.0,0,19.41,0.0463
1622,S2C,5,9.3676,4.0,1,25.58,0.1038
1622,E2C,6,8.5725,0.0,0,27.95,0.1126
1622,W2C,6,8.5573,0.0,0,28.0,0.1128
1623,N2C,4,12.4814,0.0,0,19.2,0.0443
1623,S2C,5,8.3274,5.0,1,28.77,0.1194
1623,E2C,5,10.0652,0.0,0,23.8,0.0851
1623,W2C,4,11.09,0.0,0,21.61,0.0643
1624,N2C,4,12.2529,0.0,0,19.55,0.0476
1624,S2C,5,7.8549,6.0,1,30.5,0.1269
1624,E2C,4,11.5104,0.0,0,20.82,0.0583
1624,W2C,4,11.0187,0.0,0,21.74,0.0653
1625,N2C,4,11.4734,0.0,0,20.88,0.0588
1625,S2C,5,8.0029,8.0,2,29.94,0.1321
1625,E2C,3,12.8961,0.0,0,18.58,0.0323
1625,W2C,3,12.457,0.0,0,19.23,0.0386
1626,N2C,4,10.5514,0.0,0,22.71,0.0721
1626,S2C,5,6.8989,10.0,2,34.73,0.1493
1626,E2C,3,12.7988,0.0,0,18.72,0.0337
1626,W2C,3,12.6038,0.0,0,19.01,0.0365
1627,N2C,5,9.6438,0.0,0,24.84,0.0911
1627,S2C,6,7.3774,12.0,2,32.48,0.1498
1627,E2C,3,11.6947,0.0,0,20.49,0.0496
1627,W2C,4,12.5635,0.0,0,19.07,0.0431
1628,N2C,5,8.6205,0.0,0,27.79,0.1059
1628,S2C,6,6.6728,14.0,2,35.91,0.1613
1628,E2C,3,10.8648,0.0,0,22.05,0.0616
1628,W2C,4,12.1617,0.0,0,19.7,0.0489
1629,N2C,5,7.6613,2.0,2,31.27,0.133
1629,S2C,6,6.4856,16.0,2,36.94,0.1653
1629,E2C,3,11.4503,0.0,0,20.93,0.0531
1629,W2C,4,12.4117,0.0,0,19.3,0.0453
1630,N2C,5,7.659,4.0,2,31.28,0.1344
1630,S2C,6,6.5553,19.0,3,36.55,0.1723
1630,E2C,3,11.6195,0.0,0,20.62,0.0507
1630,W2C,3,12.6958,0.0,0,18.87,0.0352
1631,N2C,5,7.5453,6.0,2,31.75,0.1374
1631,S2C,6,6.583,22.0,3,36.4,0.1739
1631,E2C,3,11.4851,0.0,0,20.86,0.0526
1631,W2C,3,12.6345,0.0,0,18.96,0.0361
1632,N2C,5,6.7008,8.0,2,35.76,0.1508
1632,S2C,6,6.5301,25.0,3,36.69,0.1766
1632,E2C,3,12.0493,0.0,0,19.88,0.0445
1632,W2C,3,12.4877,0.0,0,19.19,0.0382
1633,N2C,6,7.4774,10.0,2,32.04,0.147
1633,S2C,7,7.0315,28.0,3,34.08,0.1774
1633,E2C,3,11.1475,0.0,0,21.49,0.0575
1633,W2C,3,12.5925,0.0,0,19.03,0.0367
1634,N2C,6,6.7016,12.0,2,35.75,0.1595
1634,S2C,7,6.5015,31.0,3,36.85,0.1871
1634,E2C,3,10.5594,0.0,0,22.69,0.066
1634,W2C,3,12.4531,0.0,0,19.24,0.0387
1635,N2C,6,6.5749,15.0,3,36.44,0.1693
1635,S2C,7,5.8275,34.0,3,41.12,0.1988
1635,E2C,3,11.1604,0.0,0,21.47,0.0573
1635,W2C,3,12.2478,0.0,0,19.56,0.0416
1636,N2C,6,6.476,18.0,3,37.0,0.1728
1636,S2C,7,5.7086,37.0,3,41.97,0.2025
1636,E2C,3,10.6928,0.0,0,22.41,0.064
1636,W2C,3,12.9524,0.0,0,18.5,0.0315
1637,N2C,6,6.4733,21.0,3,37.01,0.1748
1637,S2C,7,5.4883,41.0,4,43.66,0.2143
1637,E2C,3,11.018,0.0,0,21.75,0.0594
1637,W2C,3,12.4902,0.0,0,19.18,0.0382
1638,N2C,6,6.6952,24.0,3,35.79,0.1736
1638,S2C,7,4.8795,45.0,4,49.1,0.2257
1638,E2C,3,10.9184,0.0,0,21.94,0.0608
1638,W2C,3,12.7209,0.0,0,18.84,0.0348
1639,N2C,7,7.0012,27.0,3,34.22,0.1772
1639,S2C,8,5.4757,49.0,4,43.76,0.2258
1639,E2C,4,11.0972,0.0,0,21.59,0.0642
1639,W2C,3,12.9616,0.0,0,18.49,0.0314
1640,N2C,7,6.5564,30.0,3,36.54,0.1856
1640,S2C,8,4.8816,54.0,5,49.08,0.2437
1640,E2C,4,11.0887,0.0,0,21.61,0.0643
1640,W2C,3,12.1432,0.0,0,19.73,0.0432
1641,N2C,7,5.7495,33.0,3,41.67,0.1992
1641,S2C,8,5.0155,59.0,5,47.77,0.2451
1641,E2C,3,10.6085,0.0,0,22.59,0.0653
1641,W2C,3,12.4583,0.0,0,19.23,0.0386
1642,N2C,7,5.5643,36.0,3,43.06,0.2039
1642,S2C,8,4.9221,64.0,5,48.68,0.2498
1642,E2C,3,10.7433,0.0,0,22.3,0.0633
1642,W2C,3,12.1564,0.0,0,19.71,0.043
1643,N2C,7,5.1095,40.0,4,46.89,0.2191
1643,S2C,8,4.5968,69.0,5,52.12,0.2578
1643,E2C,3,10.8383,0.0,0,22.11,0.0619
1643,W2C,3,12.5255,0.0,0,19.13,0.0376
1644,N2C,7,4.226,44.0,4,56.7,0.2345
1644,S2C,8,4.0872,74.0,5,58.62,0.2685
1644,E2C,3,11.1514,0.0,0,21.49,0.0574
1644,W2C,3,12.397,0.0,0,19.33,0.0395
1645,N2C,8,4.8954,48.0,4,48.94,0.2335
1645,S2C,9,4.4318,79.0,5,54.06,0.2729
1645,E2C,4,11.3931,0.0,0,21.03,0.06
1645,W2C,4,12.5838,0.0,0,19.04,0.0428
1646,N2C,8,4.619,52.0,4,51.87,0.2402
1646,S2C,9,4.0408,85.0,6,59.29,0.2885
1646,E2C,4,11.305,0.0,0,21.19,0.0612
1646,W2C,4,12.2552,0.0,0,19.55,0.0475
1647,N2C,8,4.5293,57.0,5,52.9,0.2508
1647,S2C,9,3.8885,91.0,6,61.62,0.2947
1647,E2C,4,11.0339,0.0,0,21.71,0.0651
1647,W2C,4,12.4003,0.0,0,19.32,0.0454
1648,N2C,8,4.5497,62.0,5,52.66,0.2538
1648,S2C,9,4.0172,97.0,6,59.64,0.2968
1648,E2C,4,11.4188,0.0,0,20.98,0.0596
1648,W2C,4,11.5668,0.0,0,20.71,0.0575
1649,N2C,8,4.2051,67.0,5,56.98,0.2621
1649,S2C,9,3.4079,103.0,6,70.31,0.3096
1649,E2C,4,11.3995,0.0,0,21.02,0.0599
1649,W2C,4,10.7732,0.0,0,22.24,0.0689
1650,N2C,8,3.6573,72.0,5,65.51,0.2733
1650,S2C,9,3.0889,109.0,6,77.57,0.3182
1650,E2C,4,11.4255,0.0,0,20.97,0.0595
1650,W2C,4,9.0344,0.0,0,26.52,0.0939
1651,N2C,7,5.5571,31.0,3,43.12,0.2007
1651,S2C,8,4.8251,55.0,4,49.66,0.2392
1651,E2C,5,11.5213,0.0,0,20.8,0.0641
1651,W2C,5,9.6887,0.0,0,24.73,0.0905
1652,N2C,7,5.7056,6.0,1,41.99,0.1698
1652,S2C,8,4.826,20.0,2,49.65,0.2038
1652,E2C,5,10.9575,0.0,0,21.87,0.0722
1652,W2C,5,8.3178,1.0,1,28.81,0.1169
1653,N2C,7,6.4653,0.0,0,37.06,0.1489
1653,S2C,8,5.6531,0.0,0,42.38,0.1666
1653,E2C,5,10.1698,0.0,0,23.56,0.0836
1653,W2C,5,7.4077,2.0,1,32.34,0.1307
1654,N2C,6,7.7878,0.0,0,30.77,0.1239
1654,S2C,6,7.0364,0.0,0,34.05,0.1347
1654,E2C,5,8.7769,0.0,0,27.3,0.1036
1654,W2C,5,7.2065,4.0,2,33.25,0.1409
1655,N2C,5,9.0003,0.0,0,26.62,0.1004
1655,S2C,6,7.3829,0.0,0,32.45,0.1297
1655,E2C,5,7.9226,1.0,1,30.24,0.1226
1655,W2C,5,7.196,6.0,2,33.3,0.1424
1656,N2C,4,10.3841,0.0,0,23.07,0.0745
1656,S2C,6,7.6961,0.0,0,31.13,0.1252
1656,E2C,5,7.2176,3.0,2,33.2,0.1401
1656,W2C,5,6.4259,8.0,2,37.29,0.1548
1657,N2C,4,12.1525,0.0,0,19.72,0.049
1657,S2C,5,9.5349,0.0,0,25.13,0.0927
1657,E2C,6,8.5312,5.0,2,28.09,0.1285
1657,W2C,6,7.1267,10.0,2,33.62,0.152
1658,N2C,4,12.8629,0.0,0,18.63,0.0388
1658,S2C,5,9.9815,0.0,0,24.0,0.0863
1658,E2C,6,8.3379,7.0,2,28.74,0.1326
1658,W2C,6,6.5032,12.0,2,36.84,0.1624
1659,N2C,4,12.612,0.0,0,19.0,0.0424
1659,S2C,3,11.2125,0.0,0,21.37,0.0566
1659,E2C,6,7.8178,9.0,2,30.65,0.1414
1659,W2C,6,6.2291,14.0,2,38.46,0.1676
1660,N2C,3,13.1173,0.0,0,18.27,0.0291
1660,S2C,3,10.8953,0.0,0,21.99,0.0611
1660,E2C,6,7.1059,11.0,2,33.72,0.153
1660,W2C,6,6.1155,17.0,3,39.18,0.1773
1661,N2C,3,12.8397,0.0,0,18.66,0.0331
1661,S2C,3,11.1442,0.0,0,21.5,0.0575
1661,E2C,6,6.4245,14.0,3,37.29,0.1708
1661,W2C,6,6.2476,20.0,3,38.35,0.1774
1662,N2C,3,13.0752,0.0,0,18.32,0.0297
1662,S2C,3,11.3689,0.0,0,21.07,0.0543
1662,E2C,6,5.7928,17.0,3,41.36,0.1819
1662,W2C,6,6.0475,23.0,3,39.62,0.1823
1663,N2C,4,12.4072,0.0,0,19.31,0.0454
1663,S2C,4,11.5609,0.0,0,20.73,0.0575
1663,E2C,7,6.341,20.0,3,37.79,0.182
1663,W2C,7,7.0896,26.0,3,33.8,0.1753
1664,N2C,4,12.6854,0.0,0,18.89,0.0413
1664,S2C,4,11.8328,0.0,0,20.25,0.0536
1664,E2C,7,5.6323,23.0,3,42.54,0.1942
1664,W2C,7,6.3567,29.0,3,37.69,0.1878
1665,N2C,3,12.4424,0.0,0,19.26,0.0388
1665,S2C,4,11.646,0.0,0,20.57,0.0563
1665,E2C,7,5.6733,26.0,3,42.23,0.1956
1665,W2C,7,5.6425,32.0,3,42.46,0.2001
1666,N2C,3,12.7343,0.0,0,18.82,0.0346
1666,S2C,4,11.7316,0.0,0,20.42,0.0551
1666,E2C,7,5.6793,30.0,4,42.19,0.2042
1666,W2C,7,5.43,35.0,3,44.12,0.2051
1667,N2C,3,12.5695,0.0,0,19.06,0.037
1667,S2C,4,12.0129,0.0,0,19.95,0.051
1667,E2C,7,5.4939,34.0,4,43.61,0.2096
1667,W2C,7,5.2653,39.0,4,45.51,0.2162
1668,N2C,3,12.7597,0.0,0,18.78,0.0343
1668,S2C,4,11.5351,0.0,0,20.77,0.0579
1668,E2C,7,5.4571,38.0,4,43.91,0.2128
1668,W2C,7,5.2917,43.0,4,45.28,0.2185
1669,N2C,3,13.1429,0.0,0,18.23,0.0288
1669,S2C,3,12.2873,0.0,0,19.5,0.0411
1669,E2C,8,6.0791,42.0,4,39.41,0.2125
1669,W2C,8,6.4146,47.0,4,37.35,0.211
1670,N2C,3,12.9599,0.0,0,18.49,0.0314
1670,S2C,3,12.4137,0.0,0,19.3,0.0393
1670,E2C,8,5.4338,46.0,4,44.09,0.2244
1670,W2C,8,6.0659,51.0,4,39.5,0.2187
1671,N2C,3,12.7401,0.0,0,18.81,0.0346
1671,S2C,3,12.5478,0.0,0,19.09,0.0373
1671,E2C,8,5.2065,50.0,4,46.02,0.2304
1671,W2C,8,5.5659,55.0,4,43.05,0.2285
1672,N2C,3,13.075,0.0,0,18.33,0.0297
1672,S2C,3,12.2634,0.0,0,19.54,0.0414
1672,E2C,8,5.0476,54.0,4,47.47,0.2353
1672,W2C,8,4.9312,59.0,4,48.59,0.2403
1673,N2C,3,13.247,0.0,0,18.09,0.0273
1673,S2C,3,12.4288,0.0,0,19.28,0.039
1673,E2C,8,4.5497,58.0,4,52.66,0.2452
1673,W2C,8,4.3431,63.0,4,55.17,0.2515
1674,N2C,3,13.0852,0.0,0,18.31,0.0296
1674,S2C,3,12.2079,0.0,0,19.63,0.0422
1674,E2C,8,4.0328,63.0,5,59.41,0.2619
1674,W2C,8,4.0979,68.0,5,58.47,0.2643
1675,N2C,3,12.3689,0.0,0,19.37,0.0399
1675,S2C,4,12.4698,0.0,0,19.21,0.0444
1675,E2C,9,4.685,68.0,5,51.14,0.2619
1675,W2C,9,4.7971,73.0,5,49.95,0.2636
1676,N2C,3,12.8598,0.0,0,18.63,0.0328
1676,S2C,4,12.356,0.0,0,19.39,0.0461
1676,E2C,9,4.296,73.0,5,55.77,0.2708
1676,W2C,9,4.1521,78.0,5,57.71,0.2762
1677,N2C,3,12.2619,0.0,0,19.54,0.0414
1677,S2C,4,12.1335,0.0,0,19.75,0.0493
1677,E2C,9,4.2467,79.0,6,56.42,0.2815
1677,W2C,9,4.3692,84.0,6,54.84,0.2831
1678,N2C,3,12.1374,0.0,0,19.74,0.0432
1678,S2C,4,12.4119,0.0,0,19.3,0.0453
1678,E2C,9,4.0657,85.0,6,58.93,0.2881
1678,W2C,9,4.2982,90.0,6,55.74,0.2881
1679,N2C,3,12.3759,0.0,0,19.36,0.0398
1679,S2C,4,12.1222,0.0,0,19.77,0.0495
1679,E2C,9,3.6342,91.0,6,65.93,0.2983
1679,W2C,9,4.1283,96.0,6,58.04,0.2946
1680,N2C,3,12.0984,0.0,0,19.8,0.0438
1680,S2C,3,12.9104,0.0,0,18.56,0.0321
1680,E2C,9,3.1721,97.0,6,75.53,0.309
1680,W2C,9,3.628,102.0,6,66.04,0.3058
1681,N2C,4,12.8821,0.0,0,18.6,0.0385
1681,S2C,3,12.4722,0.0,0,19.21,0.0384
1681,E2C,10,3.8362,103.0,6,62.46,0.3094
1681,W2C,10,4.175,108.0,6,57.39,0.3079
1682,N2C,4,11.4344,0.0,0,20.95,0.0594
1682,S2C,3,12.498,0.0,0,19.17,0.038
1682,E2C,10,3.8415,109.0,6,62.37,0.3134
1682,W2C,10,3.9729,115.0,7,60.31,0.3215
1683,N2C,4,10.7993,0.0,0,22.19,0.0685
1683,S2C,3,12.5866,0.0,0,19.04,0.0368
1683,E2C,10,3.7496,116.0,7,63.9,0.3253
1683,W2C,10,3.9831,122.0,7,60.15,0.326
1684,N2C,4,9.7262,0.0,0,24.63,0.084
1684,S2C,3,12.392,0.0,0,19.34,0.0396
1684,E2C,8,4.7913,64.0,5,50.01,0.2517
1684,W2C,8,4.7917,65.0,5,50.0,0.2523
1685,N2C,4,9.5745,0.0,0,25.02,0.0861
1685,S2C,3,12.553,0.0,0,19.09,0.0373
1685,E2C,8,4.6406,24.0,3,51.63,0.2152
1685,W2C,8,4.597,25.0,3,52.12,0.2165
1686,N2C,4,9.0008,1.0,1,26.62,0.1011
1686,S2C,3,11.9351,0.0,0,20.08,0.0461
1686,E2C,8,5.0871,4.0,1,47.1,0.1834
1686,W2C,8,4.7513,5.0,1,50.43,0.1889
1687,N2C,5,9.5285,2.0,1,25.15,0.1001
1687,S2C,4,10.807,0.0,0,22.17,0.0684
1687,E2C,7,6.8452,0.0,0,35.0,0.1434
1687,W2C,7,6.6024,0.0,0,36.29,0.1469
1688,N2C,5,8.4021,3.0,1,28.52,0.117
1688,S2C,4,10.1539,0.0,0,23.6,0.0778
1688,E2C,7,7.6105,0.0,0,31.48,0.1324
1688,W2C,7,7.4525,0.0,0,32.15,0.1347
1689,N2C,5,7.6488,4.0,1,31.33,0.1285
1689,S2C,4,9.1676,0.0,0,26.14,0.092
1689,E2C,7,8.5151,0.0,0,28.14,0.1194
1689,W2C,6,8.8329,0.0,0,27.13,0.1088
1690,N2C,5,7.4799,6.0,2,32.03,0.1383
1690,S2C,4,8.8586,1.0,1,27.05,0.1031
1690,E2C,5,9.6778,0.0,0,24.76,0.0907
1690,W2C,5,10.3615,0.0,0,23.12,0.0808
1691,N2C,5,7.3948,8.0,2,32.4,0.1409
1691,S2C,4,8.7303,2.0,1,27.44,0.1056
1691,E2C,5,10.3057,0.0,0,23.25,0.0816
1691,W2C,4,11.6718,0.0,0,20.53,0.0559
1692,N2C,5,7.4248,10.0,2,32.27,0.1418
1692,S2C,4,8.963,3.0,1,26.73,0.1029
1692,E2C,3,12.4785,0.0,0,19.2,0.0383
1692,W2C,3,12.8066,0.0,0,18.71,0.0336
1693,N2C,6,8.5983,12.0,2,27.87,0.1322
1693,S2C,5,8.9931,4.0,1,26.64,0.1092
1693,E2C,4,12.9578,0.0,0,18.49,0.0374
1693,W2C,4,12.9668,0.0,0,18.48,0.0373
1694,N2C,6,7.9067,14.0,2,30.3,0.1435
1694,S2C,5,7.9422,5.0,1,30.17,0.125
1694,E2C,4,13.1853,0.0,0,18.17,0.0341
1694,W2C,4,13.1446,0.0,0,18.23,0.0347
1695,N2C,6,7.2699,16.0,2,32.96,0.154
1695,S2C,5,7.4312,6.0,1,32.24,0.133
1695,E2C,3,12.9943,0.0,0,18.44,0.0309
1695,W2C,3,12.6722,0.0,0,18.91,0.0355
1696,N2C,6,6.5388,18.0,2,36.64,0.1658
1696,S2C,5,7.0264,7.0,1,34.1,0.1395
1696,E2C,3,13.368,0.0,0,17.92,0.0255
1696,W2C,3,12.8465,0.0,0,18.65,0.033
1697,N2C,6,6.3284,21.0,3,37.86,0.1769
1697,S2C,5,6.7694,8.0,1,35.39,0.1439
1697,E2C,3,13.2427,0.0,0,18.09,0.0273
1697,W2C,3,13.0926,0.0,0,18.3,0.0295
1698,N2C,6,5.6425,24.0,3,42.46,0.1888
1698,S2C,5,6.783,10.0,2,35.32,0.151
1698,E2C,3,12.9527,0.0,0,18.5,0.0315
1698,W2C,3,12.9236,0.0,0,18.54,0.0319
1699,N2C,7,6.1311,27.0,3,39.08,0.1897
1699,S2C,6,8.1406,12.0,2,29.43,0.1388
1699,E2C,3,13.4586,0.0,0,17.8,0.0242
1699,W2C,3,12.8764,0.0,0,18.61,0.0326
1700,N2C,7,5.7445,30.0,3,41.71,0.1973
1700,S2C,6,7.7672,14.0,2,30.85,0.1455
1700,E2C,3,12.8584,0.0,0,18.63,0.0329
1700,W2C,3,12.4114,0.0,0,19.3,0.0393
1701,N2C,7,5.4835,33.0,3,43.69,0.203
1701,S2C,6,6.8924,16.0,2,34.76,0.1594
1701,E2C,3,13.0752,0.0,0,18.32,0.0297
1701,W2C,3,12.8474,0.0,0,18.65,0.033
1702,N2C,7,5.396,37.0,4,44.4,0.213
1702,S2C,6,6.036,18.0,2,39.7,0.1731
1702,E2C,3,13.2726,0.0,0,18.05,0.0269
1702,W2C,3,12.9523,0.0,0,18.5,0.0315
1703,N2C,7,5.3382,41.0,4,44.88,0.2165
1703,S2C,6,6.1149,20.0,2,39.18,0.1733
1703,E2C,3,13.0679,0.0,0,18.33,0.0298
1703,W2C,3,12.5557,0.0,0,19.08,0.0372
1704,N2C,7,4.9377,45.0,4,48.52,0.2249
1704,S2C,6,6.0933,23.0,3,39.32,0.1816
1704,E2C,3,13.2758,0.0,0,18.05,0.0268
1704,W2C,3,12.8195,0.0,0,18.69,0.0334
1705,N2C,8,5.3535,49.0,4,44.76,0.2276
1705,S2C,7,6.973,26.0,3,34.36,0.1769
1705,E2C,3,13.2874,0.0,0,18.03,0.0267
1705,W2C,3,12.9142,0.0,0,18.55,0.032
1706,N2C,8,4.6841,53.0,4,51.15,0.2399
1706,S2C,7,6.9486,29.0,3,34.48,0.1793
1706,E2C,3,13.2613,0.0,0,18.07,0.0271
1706,W2C,3,12.3155,0.0,0,19.46,0.0407
1707,N2C,8,4.8857,57.0,4,49.04,0.2397
1707,S2C,7,6.8418,32.0,3,35.02,0.1828
1707,E2C,3,13.1349,0.0,0,18.24,0.0289
1707,W2C,3,12.5959,0.0,0,19.02,0.0366
1708,N2C,8,4.5185,62.0,5,53.03,0.2543
1708,S2C,7,6.0416,35.0,3,39.66,0.1963
1708,E2C,3,13.2862,0.0,0,18.03,0.0267
1708,W2C,3,12.4574,0.0,0,19.23,0.0386
1709,N2C,8,4.5071,67.0,5,53.16,0.2578
1709,S2C,7,5.752,38.0,3,41.66,0.2025
1709,E2C,3,13.1481,0.0,0,18.22,0.0287
1709,W2C,3,12.4544,0.0,0,19.24,0.0387
1710,N2C,8,4.5352,72.0,5,52.83,0.2607
1710,S2C,7,5.5219,41.0,3,43.39,0.2078
1710,E2C,3,13.1776,0.0,0,18.18,0.0283
1710,W2C,3,12.3544,0.0,0,19.39,0.0401
1711,N2C,9,4.9696,77.0,5,48.21,0.2638
1711,S2C,8,6.5704,45.0,4,36.47,0.2074
1711,E2C,3,12.8854,0.0,0,18.59,0.0325
1711,W2C,4,12.586,0.0,0,19.04,0.0428
1712,N2C,9,4.5499,82.0,5,52.66,0.2732
1712,S2C,8,5.9318,49.0,4,40.39,0.2193
1712,E2C,3,12.9563,0.0,0,18.49,0.0314
1712,W2C,3,12.4116,0.0,0,19.3,0.0393
1713,N2C,9,4.2262,87.0,5,56.69,0.2811
1713,S2C,8,5.4142,53.0,4,44.25,0.2294
1713,E2C,3,12.7903,0.0,0,18.73,0.0338
1713,W2C,3,12.8285,0.0,0,18.68,0.0333
1714,N2C,9,4.0057,93.0,6,59.81,0.2943
1714,S2C,8,5.1001,57.0,4,46.98,0.2366
1714,E2C,3,12.8266,0.0,0,18.68,0.0333
1714,W2C,3,12.7335,0.0,0,18.82,0.0347
1715,N2C,9,3.4408,99.0,6,69.63,0.3065
1715,S2C,8,4.6457,61.0,4,51.57,0.2458
1715,E2C,3,12.6111,0.0,0,19.0,0.0364
1715,W2C,3,12.2144,0.0,0,19.62,0.0421
1716,N2C,9,3.0611,105.0,6,78.27,0.3159
1716,S2C,8,4.2126,66.0,5,56.88,0.2613
1716,E2C,3,12.2311,0.0,0,19.59,0.0419
1716,W2C,3,12.6243,0.0,0,18.98,0.0362
1717,N2C,8,4.6835,51.0,4,51.16,0.2386
1717,S2C,7,6.1455,23.0,3,38.99,0.1868
1717,E2C,4,11.7214,0.0,0,20.44,0.0552
1717,W2C,4,12.7815,0.0,0,18.75,0.04
1718,N2C,8,4.9058,16.0,2,48.84,0.2
1718,S2C,7,6.1539,3.0,1,38.93,0.1614
1718,E2C,4,10.6497,0.0,0,22.5,0.0707
1718,W2C,4,11.548,0.0,0,20.75,0.0577
1719,N2C,8,5.34,0.0,0,44.87,0.1711
1719,S2C,7,7.2729,0.0,0,32.94,0.1373
1719,E2C,4,9.8888,0.0,0,24.23,0.0816
1719,W2C,4,10.4918,0.0,0,22.84,0.0729
1720,N2C,6,6.6733,0.0,0,35.9,0.1399
1720,S2C,5,9.0085,0.0,0,26.6,0.1003
1720,E2C,4,9.795,0.0,0,24.46,0.083
1720,W2C,4,9.3943,0.0,0,25.5,0.0887
1721,N2C,6,7.489,0.0,0,31.99,0.1282
1721,S2C,5,9.33,0.0,0,25.68,0.0957
1721,E2C,4,9.5366,0.0,0,25.12,0.0867
1721,W2C,4,9.5755,1.0,1,25.02,0.0928
1722,N2C,6,8.4363,0.0,0,28.4,0.1145
1722,S2C,3,11.6197,0.0,0,20.62,0.0507
1722,E2C,4,9.0081,1.0,1,26.6,0.101
1722,W2C,4,8.8926,2.0,1,26.94,0.1033
1723,N2C,5,10.7677,0.0,0,22.25,0.075
1723,S2C,4,12.2847,0.0,0,19.5,0.0471
1723,E2C,5,9.4048,2.0,1,25.48,0.1019
1723,W2C,5,9.7508,3.0,1,24.57,0.0976
1724,N2C,4,12.0091,0.0,0,19.95,0.0511
1724,S2C,3,12.7635,0.0,0,18.77,0.0342
1724,E2C,5,8.138,3.0,1,29.44,0.1208
1724,W2C,5,8.7272,4.0,1,27.45,0.113
1725,N2C,4,12.1443,0.0,0,19.73,0.0491
1725,S2C,3,12.6177,0.0,0,18.99,0.0363
1725,E2C,5,7.9793,4.0,1,30.03,0.1238
1725,W2C,5,7.7744,5.0,1,30.82,0.1274
1726,N2C,4,11.699,0.0,0,20.48,0.0555
1726,S2C,3,12.7668,0.0,0,18.77,0.0342
1726,E2C,5,7.4619,5.0,1,32.11,0.1319
1726,W2C,5,7.5613,6.0,1,31.69,0.1311
1727,N2C,3,12.5783,0.0,0,19.05,0.0369
1727,S2C,3,12.9239,0.0,0,18.54,0.0319
1727,E2C,5,7.3759,7.0,2,32.48,0.1405
1727,W2C,5,7.6401,8.0,2,31.36,0.1373
1728,N2C,3,12.5948,0.0,0,19.02,0.0366
1728,S2C,3,13.0361,0.0,0,18.38,0.0303
1728,E2C,5,7.6207,9.0,2,31.44,0.1383
1728,W2C,5,7.4944,10.0,2,31.97,0.1408
1729,N2C,4,12.3407,0.0,0,19.42,0.0463
1729,S2C,3,13.3275,0.0,0,17.98,0.0261
1729,E2C,6,8.6123,11.0,2,27.82,0.1313
1729,W2C,6,8.3254,12.0,2,28.78,0.1361
1730,N2C,4,11.6129,0.0,0,20.63,0.0568
1730,S2C,3,13.0218,0.0,0,18.4,0.0305
1730,E2C,6,7.8537,13.0,2,30.51,0.1436
1730,W2C,6,7.417,14.0,2,32.3,0.1505
1731,N2C,3,12.3867,0.0,0,19.34,0.0396
1731,S2C,3,12.651,0.0,0,18.94,0.0358
1731,E2C,6,6.9261,15.0,2,34.59,0.1583
1731,W2C,6,6.8327,16.0,2,35.07,0.1603
1732,N2C,3,12.2043,0.0,0,19.63,0.0423
1732,S2C,3,12.8255,0.0,0,18.68,0.0333
1732,E2C,6,6.7421,17.0,2,35.54,0.1623
1732,W2C,6,6.654,18.0,2,36.01,0.1642
1733,N2C,3,11.6468,0.0,0,20.57,0.0503
1733,S2C,3,13.0937,0.0,0,18.3,0.0295
1733,E2C,6,6.3689,19.0,2,37.62,0.169
1733,W2C,6,6.5164,20.0,2,36.77,0.1675
1734,N2C,3,12.2293,0.0,0,19.59,0.0419
1734,S2C,3,12.5631,0.0,0,19.07,0.0371
1734,E2C,6,5.7936,22.0,3,41.36,0.1852
1734,W2C,6,6.5695,23.0,3,36.47,0.1747
1735,N2C,4,12.2276,0.0,0,19.6,0.0479
1735,S2C,4,13.3481,0.0,0,17.95,0.0318
1735,E2C,7,6.4181,25.0,3,37.33,0.1843
1735,W2C,7,6.8119,26.0,3,35.17,0.1792
1736,N2C,4,12.2953,0.0,0,19.49,0.047
1736,S2C,3,12.7749,0.0,0,18.76,0.0341
1736,E2C,7,5.7691,28.0,3,41.53,0.1956
1736,W2C,7,6.1404,29.0,3,39.02,0.1909
1737,N2C,4,12.1921,0.0,0,19.65,0.0484
1737,S2C,3,13.3107,0.0,0,18.0,0.0263
1737,E2C,7,5.5872,31.0,3,42.88,0.2002
1737,W2C,7,5.618,32.0,3,42.65,0.2004
1738,N2C,3,12.661,0.0,0,18.92,0.0357
1738,S2C,3,13.1578,0.0,0,18.21,0.0285
1738,E2C,7,5.5432,35.0,4,43.22,0.2095
1738,W2C,7,5.5806,36.0,4,42.93,0.2096
1739,N2C,3,12.4314,0.0,0,19.27,0.039
1739,S2C,3,12.9366,0.0,0,18.52,0.0317
1739,E2C,7,5.5355,39.0,4,43.28,0.2123
1739,W2C,7,5.1802,40.0,4,46.25,0.2181
1740,N2C,3,12.547,0.0,0,19.1,0.0373
1740,S2C,3,12.849,0.0,0,18.65,0.033
1740,E2C,7,5.1528,43.0,4,46.5,0.2205
1740,W2C,7,4.7569,44.0,4,50.37,0.2268
1741,N2C,3,12.907,0.0,0,18.56,0.0322
1741,S2C,4,13.0562,0.0,0,18.35,0.036
1741,E2C,8,5.7437,47.0,4,41.72,0.2206
1741,W2C,8,5.1542,48.0,4,46.49,0.2298
1742,N2C,3,12.9048,0.0,0,18.57,0.0322
1742,S2C,3,12.9015,0.0,0,18.57,0.0322
1742,E2C,8,5.1734,51.0,4,46.31,0.2315
1742,W2C,8,4.984,52.0,4,48.07,0.2349
1743,N2C,3,12.8353,0.0,0,18.67,0.0332
1743,S2C,3,12.9706,0.0,0,18.47,0.0312
1743,E2C,8,4.9906,55.0,4,48.01,0.2368
1743,W2C,8,4.6668,57.0,5,51.34,0.2488
1744,N2C,3,12.628,0.0,0,18.97,0.0362
1744,S2C,3,13.2093,0.0,0,18.14,0.0278
1744,E2C,8,4.8103,60.0,5,49.81,0.2487
1744,W2C,8,4.8133,62.0,5,49.78,0.25
1745,N2C,3,12.4363,0.0,0,19.27,0.0389
1745,S2C,3,13.0473,0.0,0,18.36,0.0301
1745,E2C,8,4.6891,65.0,5,51.1,0.2538
1745,W2C,8,4.3428,67.0,5,55.17,0.2601
1746,N2C,3,12.4787,0.0,0,19.2,0.0383
1746,S2C,3,13.1424,0.0,0,18.23,0.0288
1746,E2C,8,4.2126,70.0,5,56.88,0.264
1746,W2C,8,3.9907,72.0,5,60.04,0.2685
1747,N2C,4,12.264,0.0,0,19.54,0.0474
1747,S2C,3,13.4819,0.0,0,17.77,0.0239
1747,E2C,9,4.7736,75.0,5,50.19,0.2653
1747,W2C,9,4.5173,77.0,5,53.04,0.2703
1748,N2C,4,12.2175,0.0,0,19.61,0.0481
1748,S2C,3,12.795,0.0,0,18.73,0.0338
1748,E2C,9,4.3258,80.0,5,55.39,0.275
1748,W2C,9,4.1259,82.0,5,58.07,0.2793
1749,N2C,4,12.3646,0.0,0,19.38,0.046
1749,S2C,3,13.0691,0.0,0,18.33,0.0298
1749,E2C,9,4.3136,85.0,5,55.55,0.2786
1749,W2C,9,4.0737,87.0,5,58.82,0.2833
1750,N2C,4,11.0867,0.0,0,21.61,0.0644
1750,S2C,3,13.2693,0.0,0,18.06,0.0269
1750,E2C,7,5.4755,38.0,4,43.76,0.2125
1750,W2C,7,5.3932,39.0,4,44.43,0.2143
1751,N2C,4,10.1615,0.0,0,23.58,0.0777
1751,S2C,3,13.177,0.0,0,18.18,0.0283
1751,E2C,7,5.3096,10.0,2,45.13,0.1842
1751,W2C,7,5.6624,11.0,2,42.31,0.1798
1752,N2C,4,9.1402,0.0,0,26.21,0.0924
1752,S2C,3,12.6105,0.0,0,19.0,0.0364
1752,E2C,7,5.6643,0.0,0,42.3,0.1604
1752,W2C,7,6.1115,0.0,0,39.2,0.154
1753,N2C,5,9.598,0.0,0,24.96,0.0918
1753,S2C,4,11.4309,0.0,0,20.96,0.0594
1753,E2C,7,7.3646,0.0,0,32.53,0.136
1753,W2C,6,7.8186,0.0,0,30.64,0.1234
1754,N2C,5,8.9027,1.0,1,26.91,0.1085
1754,S2C,4,10.4053,0.0,0,23.03,0.0742
1754,E2C,6,8.0897,0.0,0,29.62,0.1195
1754,W2C,6,8.1777,0.0,0,29.3,0.1183
1755,N2C,5,8.0959,2.0,1,29.6,0.1208
1755,S2C,4,9.6268,0.0,0,24.89,0.0854
1755,E2C,5,9.263,0.0,0,25.87,0.0966
1755,W2C,6,9.0474,0.0,0,26.48,0.1057
1756,N2C,5,7.6707,3.0,1,31.24,0.1276
1756,S2C,4,9.4637,0.0,0,25.32,0.0877
1756,E2C,4,10.7,0.0,0,22.39,0.0699
1756,W2C,4,10.765,0.0,0,22.26,0.069
1757,N2C,5,7.3817,5.0,2,32.46,0.139
1757,S2C,4,9.3157,1.0,1,25.72,0.0965
1757,E2C,4,11.3779,0.0,0,21.06,0.0602
1757,W2C,4,11.0137,0.0,0,21.75,0.0654
1758,N2C,5,6.6938,7.0,2,35.79,0.1503
1758,S2C,4,8.9766,2.0,1,26.69,0.1021
1758,E2C,3,13.2734,0.0,0,18.05,0.0269
1758,W2C,3,12.931,0.0,0,18.53,0.0318
1759,N2C,6,7.3751,9.0,2,32.49,0.1478
1759,S2C,5,9.4306,3.0,1,25.41,0.1022
1759,E2C,3,13.1201,0.0,0,18.26,0.0291
1759,W2C,4,12.7895,0.0,0,18.73,0.0398
1760,N2C,6,6.495,11.0,2,36.89,0.1618
1760,S2C,5,8.2235,4.0,1,29.14,0.1203
1760,E2C,3,12.749,0.0,0,18.79,0.0344
1760,W2C,3,12.6625,0.0,0,18.92,0.0357
1761,N2C,6,6.4901,14.0,3,36.92,0.1699
1761,S2C,5,7.3549,5.0,1,32.58,0.1334
1761,E2C,3,12.9163,0.0,0,18.55,0.032
1761,W2C,3,12.7754,0.0,0,18.75,0.034
1762,N2C,6,6.3359,17.0,3,37.82,0.1741
1762,S2C,5,7.4215,7.0,2,32.28,0.1398
1762,E2C,3,12.98,0.0,0,18.46,0.0311
1762,W2C,3,12.1934,0.0,0,19.65,0.0424
1763,N2C,6,6.4608,20.0,3,37.09,0.1743
1763,S2C,5,7.6308,9.0,2,31.4,0.1381
1763,E2C,3,13.43,0.0,0,17.84,0.0246
1763,W2C,3,12.6163,0.0,0,18.99,0.0363
1764,N2C,6,6.2977,23.0,3,38.05,0.1787
1764,S2C,5,6.8471,11.0,2,34.99,0.1507
1764,E2C,3,13.0652,0.0,0,18.34,0.0299
1764,W2C,3,12.9606,0.0,0,18.49,0.0314
1765,N2C,7,7.2939,26.0,3,32.85,0.1723
1765,S2C,6,6.8621,13.0,2,34.92,0.1579
1765,E2C,4,13.3248,0.0,0,17.98,0.0321
1765,W2C,4,12.2918,0.0,0,19.49,0.047
1766,N2C,7,6.8453,29.0,3,35.0,0.1808
1766,S2C,6,6.1711,15.0,2,38.83,0.1691
1766,E2C,4,12.8783,0.0,0,18.6,0.0386
1766,W2C,4,11.8944,0.0,0,20.14,0.0527
1767,N2C,7,6.4297,32.0,3,37.26,0.1888
1767,S2C,6,6.0707,18.0,3,39.47,0.1786
1767,E2C,3,13.1108,0.0,0,18.28,0.0292
1767,W2C,3,12.2131,0.0,0,19.62,0.0421
1768,N2C,7,5.5268,35.0,3,43.35,0.2038
1768,S2C,6,5.9223,21.0,3,40.46,0.1827
1768,E2C,3,13.104,0.0,0,18.28,0.0293
1768,W2C,3,11.9327,0.0,0,20.08,0.0462
1769,N2C,7,5.3469,38.0,3,44.81,0.2083
1769,S2C,6,5.9302,24.0,3,40.4,0.1846
1769,E2C,3,13.2167,0.0,0,18.13,0.0277
1769,W2C,3,12.3439,0.0,0,19.41,0.0403
1770,N2C,7,4.7249,42.0,4,50.71,0.226
1770,S2C,6,6.1351,27.0,3,39.05,0.1837
1770,E2C,3,13.2098,0.0,0,18.14,0.0278
1770,W2C,3,12.4294,0.0,0,19.28,0.039
1771,N2C,8,5.351,46.0,4,44.78,0.2256
1771,S2C,7,7.1459,30.0,3,33.53,0.1771
1771,E2C,3,13.1288,0.0,0,18.25,0.029
1771,W2C,4,12.3399,0.0,0,19.42,0.0463
1772,N2C,8,4.8021,51.0,5,49.89,0.2429
1772,S2C,7,7.0691,33.0,3,33.89,0.1802
1772,E2C,3,13.544,0.0,0,17.69,0.023
1772,W2C,4,12.3231,0.0,0,19.44,0.0466
1773,N2C,8,4.7941,56.0,5,49.98,0.2463
1773,S2C,7,6.901,36.0,3,34.72,0.1846
1773,E2C,3,13.1319,0.0,0,18.25,0.0289
1773,W2C,3,12.5516,0.0,0,19.09,0.0373
1774,N2C,8,4.6337,61.0,5,51.71,0.2519
1774,S2C,7,6.399,39.0,3,37.44,0.1939
1774,E2C,3,13.1151,0.0,0,18.27,0.0292
1774,W2C,3,12.3933,0.0,0,19.33,0.0396
1775,N2C,8,4.452,66.0,5,53.82,0.2579
1775,S2C,7,5.7403,42.0,3,41.74,0.2053
1775,E2C,3,13.1302,0.0,0,18.25,0.0289
1775,W2C,3,12.0732,0.0,0,19.85,0.0442
1776,N2C,8,4.042,71.0,5,59.28,0.2671
1776,S2C,7,4.5485,46.0,4,52.68,0.2312
1776,E2C,3,13.1755,0.0,0,18.19,0.0283
1776,W2C,3,12.5178,0.0,0,19.14,0.0378
1777,N2C,9,4.4673,76.0,5,53.63,0.2703
1777,S2C,8,5.1677,50.0,4,46.36,0.2309
1777,E2C,2,13.2623,0.0,0,18.07,0.021
1777,W2C,3,12.2313,0.0,0,19.59,0.0419
1778,N2C,9,4.2704,81.0,5,56.11,0.2765
1778,S2C,8,4.872,54.0,4,49.18,0.2378
1778,E2C,3,12.9189,0.0,0,18.55,0.032
1778,W2C,3,12.2203,0.0,0,19.61,0.042
1779,N2C,9,4.1233,87.0,6,58.11,0.2886
1779,S2C,8,4.83,59.0,5,49.61,0.2478
1779,E2C,3,12.2289,0.0,0,19.59,0.0419
1779,W2C,3,12.4152,0.0,0,19.3,0.0392
1780,N2C,9,4.1706,93.0,6,57.45,0.2919
1780,S2C,8,4.6776,64.0,5,51.22,0.2533
1780,E2C,3,12.7821,0.0,0,18.75,0.034
1780,W2C,3,11.9704,0.0,0,20.02,0.0456
1781,N2C,9,4.1629,99.0,6,57.56,0.2961
1781,S2C,8,4.7025,69.0,5,50.95,0.2563
1781,E2C,3,12.1305,0.0,0,19.75,0.0433
1781,W2C,3,12.1648,0.0,0,19.7,0.0428
1782,N2C,9,4.0322,105.0,6,59.42,0.3019
1782,S2C,8,4.7992,74.0,5,49.93,0.2582
1782,E2C,3,12.127,0.0,0,19.76,0.0434
1782,W2C,3,12.4765,0.0,0,19.2,0.0384
1783,N2C,8,5.8439,54.0,4,41.0,0.2239
1783,S2C,7,6.9651,30.0,3,34.4,0.1797
1783,E2C,4,11.0758,0.0,0,21.63,0.0645
1783,W2C,4,12.4669,0.0,0,19.22,0.0445
1784,N2C,8,5.6076,19.0,2,42.73,0.1919
1784,S2C,7,6.8045,6.0,1,35.21,0.154
1784,E2C,4,10.1274,0.0,0,23.66,0.0782
1784,W2C,4,12.3961,0.0,0,19.33,0.0455
1785,N2C,8,6.288,0.0,0,38.1,0.1575
1785,S2C,7,7.4173,0.0,0,32.3,0.1352
1785,E2C,4,9.0504,0.0,0,26.47,0.0937
1785,W2C,4,12.4975,0.0,0,19.17,0.0441
1786,N2C,6,7.2681,0.0,0,32.97,0.1313
1786,S2C,5,9.2103,0.0,0,26.01,0.0974
1786,E2C,4,9.3326,1.0,1,25.67,0.0963
1786,W2C,4,11.3901,0.0,0,21.04,0.06
1787,N2C,6,7.8793,0.0,0,30.41,0.1225
1787,S2C,5,9.32,0.0,0,25.71,0.0958
1787,E2C,4,8.9779,2.0,1,26.69,0.1021
1787,W2C,4,10.438,0.0,0,22.95,0.0737
1788,N2C,4,9.7372,0.0,0,24.61,0.0838
1788,S2C,3,11.3896,0.0,0,21.04,0.054
1788,E2C,4,8.5437,3.0,1,28.04,0.109
1788,W2C,4,9.6403,0.0,0,24.85,0.0852
1789,N2C,5,10.9876,0.0,0,21.81,0.0718
1789,S2C,4,11.7939,0.0,0,20.32,0.0542
1789,E2C,5,9.351,4.0,1,25.62,0.104
1789,W2C,5,9.2486,1.0,1,25.91,0.1035
1790,N2C,4,11.891,0.0,0,20.15,0.0528
1790,S2C,3,12.8478,0.0,0,18.65,0.033
1790,E2C,5,8.0907,5.0,1,29.61,0.1228
1790,W2C,5,8.4312,2.0,1,28.42,0.1159
1791,N2C,3,12.9614,0.0,0,18.49,0.0314
1791,S2C,3,12.8187,0.0,0,18.69,0.0334
1791,E2C,5,7.3879,6.0,1,32.43,0.1336
1791,W2C,5,7.578,3.0,1,31.62,0.1289
1792,N2C,3,12.641,0.0,0,18.95,0.036
1792,S2C,3,12.9269,0.0,0,18.53,0.0319
1792,E2C,5,7.1311,7.0,1,33.6,0.138
1792,W2C,5,7.4493,5.0,2,32.16,0.1381
1793,N2C,3,12.763,0.0,0,18.77,0.0342
1793,S2C,3,12.9852,0.0,0,18.45,0.031
1793,E2C,5,7.0354,9.0,2,34.06,0.1467
1793,W2C,5,7.6935,7.0,2,31.14,0.1359
1794,N2C,3,12.8628,0.0,0,18.63,0.0328
1794,S2C,3,12.3515,0.0,0,19.4,0.0402
1794,E2C,5,7.0287,11.0,2,34.09,0.1481
1794,W2C,5,7.6372,9.0,2,31.37,0.138
1795,N2C,4,13.0529,0.0,0,18.36,0.0361
1795,S2C,4,13.0458,0.0,0,18.37,0.0362
1795,E2C,6,8.0218,13.0,2,29.87,0.1412
1795,W2C,6,8.1459,11.0,2,29.41,0.138
1796,N2C,4,12.8216,0.0,0,18.69,0.0394
1796,S2C,3,12.6552,0.0,0,18.93,0.0358
1796,E2C,6,7.6962,15.0,2,31.13,0.1472
1796,W2C,6,7.5935,13.0,2,31.55,0.1473
1797,N2C,3,13.2512,0.0,0,18.08,0.0272
1797,S2C,3,13.1735,0.0,0,18.19,0.0283
1797,E2C,6,7.6605,17.0,2,31.28,0.149
1797,W2C,6,6.9408,15.0,2,34.52,0.1581
1798,N2C,3,13.0722,0.0,0,18.33,0.0298
1798,S2C,3,12.6222,0.0,0,18.98,0.0363
1798,E2C,6,6.7839,19.0,2,35.32,0.163
1798,W2C,6,6.686,17.0,2,35.84,0.1631
1799,N2C,3,12.6887,0.0,0,18.88,0.0353
1799,S2C,3,12.624,0.0,0,18.98,0.0362
1799,E2C,6,6.1452,21.0,2,38.99,0.1735
1799,W2C,6,6.5933,19.0,2,36.34,0.1657
1800,N2C,3,12.8226,0.0,0,18.69,0.0334
1800,S2C,3,12.9211,0.0,0,18.54,0.032
1800,E2C,6,6.1224,23.0,2,39.13,0.1752
1800,W2C,6,5.7221,22.0,3,41.87,0.1863
1801,N2C,3,13.3732,0.0,0,17.92,0.0254
1801,S2C,4,13.1479,0.0,0,18.22,0.0347
1801,E2C,7,7.0858,26.0,3,33.81,0.1753
1801,W2C,7,6.3611,25.0,3,37.67,0.1851
1802,N2C,3,13.2337,0.0,0,18.11,0.0275
1802,S2C,3,12.9201,0.0,0,18.54,0.032
1802,E2C,7,6.3718,29.0,3,37.6,0.1876
1802,W2C,7,5.7604,28.0,3,41.59,0.1957
1803,N2C,3,12.8388,0.0,0,18.66,0.0331
1803,S2C,3,13.0262,0.0,0,18.39,0.0304
1803,E2C,7,6.4473,32.0,3,37.16,0.1885
1803,W2C,7,5.4248,31.0,3,44.17,0.2026
1804,N2C,3,12.6754,0.0,0,18.9,0.0355
1804,S2C,3,12.6635,0.0,0,18.92,0.0357
1804,E2C,7,5.8705,35.0,3,40.81,0.1988
1804,W2C,7,5.5043,35.0,4,43.53,0.2101
1805,N2C,3,13.1289,0.0,0,18.25,0.029
1805,S2C,3,12.763,0.0,0,18.77,0.0342
1805,E2C,7,5.5711,38.0,3,43.01,0.2051
1805,W2C,7,5.6258,39.0,4,42.59,0.211
1806,N2C,3,12.8882,0.0,0,18.59,0.0324
1806,S2C,3,13.0285,0.0,0,18.39,0.0304
1806,E2C,7,5.1567,41.0,3,46.46,0.2131
1806,W2C,7,5.5084,43.0,4,43.5,0.2154
1807,N2C,3,13.0284,0.0,0,18.39,0.0304
1807,S2C,4,12.6373,0.0,0,18.96,0.042
1807,E2C,8,5.8348,44.0,3,41.06,0.2113
1807,W2C,8,5.9106,47.0,4,40.54,0.2182
1808,N2C,3,13.0326,0.0,0,18.38,0.0303
1808,S2C,3,12.5792,0.0,0,19.05,0.0369
1808,E2C,8,5.1978,48.0,4,46.1,0.2292
1808,W2C,8,5.4767,51.0,4,43.75,0.2271
1809,N2C,3,12.7798,0.0,0,18.75,0.034
1809,S2C,3,12.3453,0.0,0,19.41,0.0402
1809,E2C,8,4.8624,52.0,4,49.28,0.2367
1809,W2C,8,4.9684,55.0,4,48.23,0.2371
1810,N2C,3,12.7292,0.0,0,18.82,0.0347
1810,S2C,3,12.3281,0.0,0,19.44,0.0405
1810,E2C,8,4.6877,56.0,4,51.11,0.2418
1810,W2C,8,4.9851,60.0,5,48.06,0.2462
1811,N2C,3,12.9994,0.0,0,18.43,0.0308
1811,S2C,3,12.2579,0.0,0,19.55,0.0415
1811,E2C,8,4.7686,61.0,5,50.25,0.25
1811,W2C,8,4.5484,65.0,5,52.68,0.2558
1812,N2C,3,13.0036,0.0,0,18.43,0.0308
1812,S2C,3,12.7487,0.0,0,18.79,0.0344
1812,E2C,8,4.8069,66.0,5,49.85,0.2528
1812,W2C,8,3.8991,70.0,5,61.45,0.2685
1813,N2C,4,12.6675,0.0,0,18.91,0.0416
1813,S2C,3,12.4662,0.0,0,19.22,0.0385
1813,E2C,9,5.3867,71.0,5,44.48,0.2538
1813,W2C,9,4.6126,75.0,5,51.94,0.2676
1814,N2C,4,11.5914,0.0,0,20.67,0.0571
1814,S2C,3,12.56,0.0,0,19.08,0.0372
1814,E2C,9,5.0236,76.0,5,47.7,0.2623
1814,W2C,9,4.4355,80.0,5,54.02,0.2735
1815,N2C,4,10.5348,0.0,0,22.74,0.0723
1815,S2C,3,12.761,0.0,0,18.78,0.0343
1815,E2C,9,4.6141,81.0,5,51.93,0.2716
1815,W2C,9,4.4168,85.0,5,54.25,0.2771
1816,N2C,4,9.5726,1.0,1,25.03,0.0928
1816,S2C,3,12.7778,0.0,0,18.75,0.034
1816,E2C,7,5.696,31.0,3,42.06,0.1987
1816,W2C,7,5.5101,38.0,4,43.48,0.212
1817,N2C,4,10.2232,2.0,1,23.44,0.0841
1817,S2C,3,12.7688,0.0,0,18.76,0.0341
1817,E2C,7,5.6986,7.0,1,42.05,0.1706
1817,W2C,7,5.3685,10.0,2,44.63,0.1834
1818,N2C,4,9.7777,3.0,1,24.5,0.0912
1818,S2C,3,12.4095,0.0,0,19.31,0.0393
1818,E2C,7,5.7678,0.0,0,41.54,0.1589
1818,W2C,7,5.4479,0.0,0,43.98,0.1636
1819,N2C,5,9.8285,4.0,1,24.38,0.0971
1819,S2C,4,11.2802,0.0,0,21.24,0.0616
1819,E2C,7,7.2679,0.0,0,32.97,0.1374
1819,W2C,6,7.795,0.0,0,30.74,0.1238
1820,N2C,5,8.6841,5.0,1,27.59,0.1143
1820,S2C,4,10.2695,0.0,0,23.33,0.0761
1820,E2C,6,8.278,0.0,0,28.94,0.1168
1820,W2C,6,8.6265,0.0,0,27.78,0.1118
1821,N2C,5,7.9147,6.0,1,30.27,0.126
1821,S2C,4,9.4547,0.0,0,25.34,0.0879
1821,E2C,5,9.5937,0.0,0,24.97,0.0919
1821,W2C,5,10.1167,0.0,0,23.68,0.0843
1822,N2C,5,7.8206,8.0,2,30.64,0.1347
1822,S2C,4,9.4148,0.0,0,25.45,0.0884
1822,E2C,4,11.198,0.0,0,21.4,0.0628
1822,W2C,4,10.8988,0.0,0,21.98,0.0671
1823,N2C,5,8.0976,10.0,2,29.59,0.1321
1823,S2C,4,9.2669,1.0,1,25.86,0.0972
1823,E2C,4,11.2847,0.0,0,21.23,0.0615
1823,W2C,4,11.394,0.0,0,21.03,0.0599
1824,N2C,5,7.5826,12.0,2,31.6,0.1408
1824,S2C,4,9.1399,2.0,1,26.21,0.0997
1824,E2C,3,12.6349,0.0,0,18.96,0.0361
1824,W2C,3,12.7329,0.0,0,18.82,0.0347
1825,N2C,6,7.4787,14.0,2,32.04,0.1496
1825,S2C,5,10.1093,3.0,1,23.7,0.0924
1825,E2C,3,12.958,0.0,0,18.49,0.0314
1825,W2C,4,13.1975,0.0,0,18.15,0.034
1826,N2C,6,6.7821,16.0,2,35.33,0.161
1826,S2C,5,9.8808,4.0,1,24.25,0.0964
1826,E2C,3,12.8284,0.0,0,18.68,0.0333
1826,W2C,3,13.0183,0.0,0,18.4,0.0306
1827,N2C,6,6.5683,18.0,2,36.48,0.1654
1827,S2C,5,10.0525,5.0,1,23.83,0.0946
1827,E2C,3,12.3571,0.0,0,19.39,0.0401
1827,W2C,3,13.5239,0.0,0,17.72,0.0233
1828,N2C,6,6.3172,20.0,2,37.93,0.1704
1828,S2C,5,9.5348,6.0,1,25.13,0.1027
1828,E2C,3,12.9216,0.0,0,18.54,0.0319
1828,W2C,3,13.1902,0.0,0,18.17,0.0281
1829,N2C,6,6.2138,23.0,3,38.56,0.1799
1829,S2C,5,8.8851,7.0,1,26.97,0.1127
1829,E2C,3,12.9934,0.0,0,18.44,0.0309
1829,W2C,3,13.4394,0.0,0,17.83,0.0245
1830,N2C,6,5.4646,26.0,3,43.85,0.1926
1830,S2C,5,7.3341,8.0,1,32.67,0.1357
1830,E2C,3,12.7762,0.0,0,18.75,0.034
1830,W2C,3,13.0231,0.0,0,18.4,0.0305
1831,N2C,7,5.8832,29.0,3,40.73,0.1946
1831,S2C,6,7.5033,10.0,2,31.93,0.1466
1831,E2C,3,12.7502,0.0,0,18.79,0.0344
1831,W2C,3,13.1781,0.0,0,18.18,0.0283
1832,N2C,7,5.4359,32.0,3,44.08,0.2031
1832,S2C,6,6.5642,12.0,2,36.5,0.1615
1832,E2C,3,12.8859,0.0,0,18.59,0.0325
1832,W2C,3,13.0129,0.0,0,18.41,0.0306
1833,N2C,7,5.2518,35.0,3,45.62,0.2077
1833,S2C,6,6.5639,15.0,3,36.5,0.1695
1833,E2C,3,12.4722,0.0,0,19.21,0.0384
1833,W2C,3,12.8597,0.0,0,18.63,0.0328
1834,N2C,7,5.3048,39.0,4,45.17,0.2156
1834,S2C,6,6.2127,18.0,3,38.57,0.1765
1834,E2C,3,12.7412,0.0,0,18.81,0.0345
1834,W2C,3,12.5959,0.0,0,19.02,0.0366
1835,N2C,7,5.0364,43.0,4,47.57,0.2221
1835,S2C,6,6.3161,21.0,3,37.93,0.1771
1835,E2C,3,12.6608,0.0,0,18.92,0.0357
1835,W2C,3,12.8549,0.0,0,18.64,0.0329
1836,N2C,7,4.3034,47.0,4,55.68,0.2354
1836,S2C,6,5.5807,24.0,3,42.93,0.1896
1836,E2C,3,13.1764,0.0,0,18.18,0.0283
1836,W2C,3,12.8593,0.0,0,18.63,0.0328
1837,N2C,8,5.2095,51.0,4,45.99,0.231
1837,S2C,7,6.1821,27.0,3,38.76,0.189
1837,E2C,4,12.5477,0.0,0,19.1,0.0433
1837,W2C,3,13.1184,0.0,0,18.26,0.0291
1838,N2C,8,4.6554,55.0,4,51.47,0.2416
1838,S2C,7,5.5226,30.0,3,43.39,0.2005
1838,E2C,4,11.8135,0.0,0,20.28,0.0539
1838,W2C,3,12.6973,0.0,0,18.87,0.0352
1839,N2C,8,4.6503,60.0,5,51.52,0.251
1839,S2C,7,5.4433,33.0,3,44.02,0.2036
1839,E2C,4,12.4028,0.0,0,19.32,0.0454
1839,W2C,3,12.5507,0.0,0,19.09,0.0373
1840,N2C,8,4.4797,65.0,5,53.49,0.2568
1840,S2C,7,5.4221,36.0,3,44.19,0.2059
1840,E2C,3,12.2752,0.0,0,19.52,0.0413
1840,W2C,3,12.9277,0.0,0,18.53,0.0319
1841,N2C,8,4.5321,70.0,5,52.87,0.2594
1841,S2C,7,5.4203,40.0,4,44.2,0.2146
1841,E2C,3,12.6028,0.0,0,19.01,0.0365
1841,W2C,3,12.9346,0.0,0,18.52,0.0318
1842,N2C,8,4.4968,75.0,5,53.28,0.2633
1842,S2C,7,5.338,44.0,4,44.89,0.2185
1842,E2C,3,12.5187,0.0,0,19.14,0.0377
1842,W2C,3,12.8261,0.0,0,18.68,0.0333
1843,N2C,9,5.3717,80.0,5,44.6,0.26
1843,S2C,8,6.0858,48.0,4,39.37,0.2164
1843,E2C,3,12.5066,0.0,0,19.16,0.0379
1843,W2C,3,13.3152,0.0,0,17.99,0.0263
1844,N2C,9,5.045,85.0,5,47.49,0.268
1844,S2C,8,5.5188,52.0,4,43.42,0.2272
1844,E2C,3,12.3794,0.0,0,19.35,0.0398
1844,W2C,3,13.0176,0.0,0,18.41,0.0306
1845,N2C,9,4.5472,90.0,5,52.69,0.2785
1845,S2C,8,4.9732,56.0,4,48.18,0.2377
1845,E2C,3,12.0665,0.0,0,19.86,0.0443
1845,W2C,3,12.5033,0.0,0,19.16,0.038
1846,N2C,9,4.2045,95.0,5,56.99,0.2868
1846,S2C,8,4.966,60.0,4,48.25,0.2405
1846,E2C,3,12.8924,0.0,0,18.58,0.0324
1846,W2C,3,12.7561,0.0,0,18.78,0.0343
1847,N2C,9,4.1827,101.0,6,57.28,0.2971
1847,S2C,8,4.6828,65.0,5,51.17,0.2539
1847,E2C,3,12.2706,0.0,0,19.53,0.0413
1847,W2C,3,12.3613,0.0,0,19.38,0.04
1848,N2C,9,4.1084,107.0,6,58.32,0.3022
1848,S2C,8,4.2689,70.0,5,56.13,0.2632
1848,E2C,3,12.191,0.0,0,19.65,0.0425
1848,W2C,3,12.6076,0.0,0,19.0,0.0365
1849,N2C,8,5.916,51.0,4,40.5,0.2208
1849,S2C,7,6.2527,29.0,3,38.32,0.1893
1849,E2C,4,11.1633,0.0,0,21.46,0.0633
1849,W2C,4,13.2202,0.0,0,18.12,0.0336
1850,N2C,8,5.6253,16.0,2,42.59,0.1897
1850,S2C,7,6.1779,4.0,1,38.78,0.1617
1850,E2C,4,9.9462,0.0,0,24.09,0.0808
1850,W2C,4,11.6709,0.0,0,20.53,0.056
1851,N2C,8,5.9207,0.0,0,40.47,0.1627
1851,S2C,7,6.8436,0.0,0,35.01,0.1435
1851,E2C,4,8.964,1.0,1,26.73,0.1016
1851,W2C,4,10.5526,0.0,0,22.71,0.0721
1852,N2C,6,7.4211,0.0,0,32.29,0.1291
1852,S2C,5,8.9196,0.0,0,26.86,0.1016
1852,E2C,4,9.0571,2.0,1,26.45,0.1009
1852,W2C,4,9.935,0.0,0,24.12,0.0809
1853,N2C,6,7.9414,0.0,0,30.17,0.1217
1853,S2C,5,9.2972,0.0,0,25.77,0.0961
1853,E2C,4,8.8056,3.0,1,27.21,0.1052
1853,W2C,4,9.537,0.0,0,25.12,0.0867
1854,N2C,5,8.6322,0.0,0,27.76,0.1057
1854,S2C,5,9.3302,0.0,0,25.68,0.0957
1854,E2C,4,8.9482,4.0,1,26.78,0.1038
1854,W2C,4,9.7698,1.0,1,24.52,0.09
1855,N2C,5,10.4287,0.0,0,22.98,0.0798
1855,S2C,4,11.6813,0.0,0,20.51,0.0558
1855,E2C,5,10.0699,5.0,1,23.79,0.0943
1855,W2C,5,9.5464,2.0,1,25.1,0.0999
1856,N2C,5,10.8639,0.0,0,22.05,0.0736
1856,S2C,4,11.6168,0.0,0,20.63,0.0567
1856,E2C,5,9.6674,6.0,1,24.78,0.1008
1856,W2C,5,8.6489,3.0,1,27.7,0.1135
1857,N2C,3,12.8868,0.0,0,18.59,0.0324
1857,S2C,3,12.3095,0.0,0,19.46,0.0408
1857,E2C,5,9.1754,7.0,1,26.11,0.1086
1857,W2C,5,7.7047,4.0,1,31.1,0.1277
1858,N2C,3,13.11,0.0,0,18.28,0.0292
1858,S2C,3,12.4023,0.0,0,19.32,0.0394
1858,E2C,5,9.2122,8.0,1,26.01,0.1087
1858,W2C,5,7.5178,5.0,1,31.87,0.1311
1859,N2C,3,12.8507,0.0,0,18.64,0.033
1859,S2C,3,12.058,0.0,0,19.87,0.0444
1859,E2C,5,8.3319,9.0,1,28.76,0.122
1859,W2C,5,7.4579,6.0,1,32.13,0.1326
1860,N2C,3,12.9426,0.0,0,18.51,0.0316
1860,S2C,3,12.2775,0.0,0,19.52,0.0412
1860,E2C,5,8.119,10.0,1,29.51,0.1258
1860,W2C,5,6.6439,8.0,2,36.06,0.1517
1861,N2C,4,13.0576,0.0,0,18.35,0.036
1861,S2C,3,12.8234,0.0,0,18.68,0.0334
1861,E2C,6,7.931,12.0,2,30.21,0.1418
1861,W2C,6,6.8424,10.0,2,35.02,0.1561
1862,N2C,4,13.1118,0.0,0,18.27,0.0352
1862,S2C,3,12.2309,0.0,0,19.59,0.0419
1862,E2C,6,7.262,14.0,2,32.99,0.1528
1862,W2C,6,5.9861,12.0,2,40.03,0.1698
1863,N2C,3,12.7196,0.0,0,18.84,0.0349
1863,S2C,3,12.8679,0.0,0,18.62,0.0327
1863,E2C,6,6.3984,16.0,2,37.45,0.1665
1863,W2C,6,6.1904,15.0,3,38.7,0.1749
1864,N2C,3,13.3963,0.0,0,17.89,0.0251
1864,S2C,3,12.4321,0.0,0,19.27,0.039
1864,E2C,6,6.1758,19.0,3,38.8,0.1777
1864,W2C,6,5.997,18.0,3,39.95,0.1797
1865,N2C,3,13.2646,0.0,0,18.06,0.027
1865,S2C,3,13.0276,0.0,0,18.39,0.0304
1865,E2C,6,6.1175,22.0,3,39.17,0.1806
1865,W2C,6,6.039,21.0,3,39.68,0.181
1866,N2C,3,13.6693,0.0,0,17.53,0.0212
1866,S2C,3,13.0865,0.0,0,18.31,0.0296
1866,E2C,6,5.7377,25.0,3,41.76,0.1881
1866,W2C,6,5.3878,24.0,3,44.47,0.1924
1867,N2C,3,12.5843,0.0,0,19.04,0.0368
1867,S2C,3,12.7644,0.0,0,18.77,0.0342
1867,E2C,7,6.0217,28.0,3,39.79,0.192
1867,W2C,7,5.8888,27.0,3,40.69,0.1932
1868,N2C,3,12.2025,0.0,0,19.64,0.0423
1868,S2C,3,12.6383,0.0,0,18.96,0.036
1868,E2C,7,5.6014,31.0,3,42.77,0.2
1868,W2C,7,5.2816,30.0,3,45.36,0.204
1869,N2C,3,12.2594,0.0,0,19.54,0.0415
1869,S2C,3,12.6573,0.0,0,18.93,0.0357
1869,E2C,7,4.97,34.0,3,48.21,0.2111
1869,W2C,7,5.2099,33.0,3,45.99,0.207
1870,N2C,3,12.3262,0.0,0,19.44,0.0405
1870,S2C,3,12.192,0.0,0,19.65,0.0424
1870,E2C,7,4.8887,37.0,3,49.01,0.2143
1870,W2C,7,5.1079,37.0,4,46.91,0.2171
1871,N2C,3,12.5725,0.0,0,19.06,0.037
1871,S2C,3,12.1328,0.0,0,19.75,0.0433
1871,E2C,7,4.9186,41.0,4,48.71,0.2225
1871,W2C,7,5.1205,41.0,4,46.79,0.2196
1872,N2C,3,12.599,0.0,0,19.02,0.0366
1872,S2C,3,12.0598,0.0,0,19.87,0.0444
1872,E2C,7,4.3841,45.0,4,54.65,0.2329
1872,W2C,7,5.319,45.0,4,45.05,0.2194
1873,N2C,3,12.9772,0.0,0,18.46,0.0311
1873,S2C,4,12.2799,0.0,0,19.51,0.0472
1873,E2C,8,4.9458,49.0,4,48.44,0.2335
1873,W2C,8,5.9748,49.0,4,40.1,0.2186
1874,N2C,3,12.3573,0.0,0,19.39,0.0401
1874,S2C,4,12.2511,0.0,0,19.56,0.0476
1874,E2C,8,4.5329,53.0,4,52.86,0.2421
1874,W2C,8,5.8802,53.0,4,40.75,0.2227
1875,N2C,3,12.6973,0.0,0,18.87,0.0352
1875,S2C,4,12.2486,0.0,0,19.56,0.0476
1875,E2C,8,4.4665,57.0,4,53.64,0.2457
1875,W2C,8,5.6242,57.0,4,42.6,0.229
1876,N2C,3,12.5912,0.0,0,19.03,0.0367
1876,S2C,4,12.0561,0.0,0,19.87,0.0504
1876,E2C,8,4.3747,62.0,5,54.77,0.2563
1876,W2C,8,5.3405,61.0,4,44.86,0.2358
1877,N2C,3,12.314,0.0,0,19.46,0.0407
1877,S2C,3,12.1451,0.0,0,19.73,0.0431
1877,E2C,8,4.5437,67.0,5,52.73,0.2572
1877,W2C,8,4.8689,65.0,4,49.21,0.2452
1878,N2C,3,12.4859,0.0,0,19.19,0.0382
1878,S2C,3,11.8818,0.0,0,20.17,0.0469
1878,E2C,8,4.4521,72.0,5,53.82,0.2619
1878,W2C,8,4.4335,69.0,4,54.04,0.2542
1879,N2C,4,11.7124,0.0,0,20.46,0.0554
1879,S2C,3,12.0853,0.0,0,19.83,0.044
1879,E2C,9,5.4371,77.0,5,44.07,0.257
1879,W2C,9,5.4879,74.0,5,43.66,0.2543
1880,N2C,4,10.3306,0.0,0,23.19,0.0753
1880,S2C,3,11.532,0.0,0,20.78,0.052
1880,E2C,9,5.2978,82.0,5,45.23,0.2624
1880,W2C,9,4.9921,79.0,5,48.0,0.2648
1881,N2C,4,9.5312,0.0,0,25.14,0.0868
1881,S2C,3,11.7243,0.0,0,20.44,0.0492
1881,E2C,9,5.2937,87.0,5,45.26,0.2658
1881,W2C,9,4.4065,84.0,5,54.37,0.2766
1882,N2C,4,9.5441,1.0,1,25.1,0.0932
1882,S2C,3,12.1292,0.0,0,19.75,0.0434
1882,E2C,7,6.0516,38.0,3,39.59,0.1982
1882,W2C,7,5.7551,37.0,3,41.63,0.2018
1883,N2C,4,9.3597,2.0,1,25.6,0.0966
1883,S2C,3,11.7595,0.0,0,20.37,0.0487
1883,E2C,7,6.3499,8.0,1,37.73,0.1619
1883,W2C,7,5.1768,6.0,2,46.28,0.1835
1884,N2C,4,9.4926,3.0,1,25.24,0.0953
1884,S2C,3,11.4099,0.0,0,21.0,0.0537
1884,E2C,7,6.7581,0.0,0,35.45,0.1447
1884,W2C,7,5.3114,0.0,0,45.11,0.1655
1885,N2C,5,10.0134,4.0,1,23.93,0.0945
1885,S2C,4,10.6954,0.0,0,22.4,0.07
1885,E2C,6,8.9739,0.0,0,26.7,0.1068
1885,W2C,6,8.0647,0.0,0,29.71,0.1199
1886,N2C,5,9.9386,5.0,1,24.11,0.0962
1886,S2C,4,9.1814,0.0,0,26.1,0.0918
1886,E2C,6,8.7861,0.0,0,27.27,0.1095
1886,W2C,6,8.3108,0.0,0,28.83,0.1163
1887,N2C,5,9.4219,6.0,1,25.43,0.1043
1887,S2C,4,8.5128,0.0,0,28.15,0.1014
1887,E2C,5,10.1975,0.0,0,23.5,0.0832
1887,W2C,5,9.8699,0.0,0,24.28,0.0879
1888,N2C,5,9.1242,7.0,1,26.26,0.1093
1888,S2C,4,8.6962,0.0,0,27.55,0.0988
1888,E2C,4,11.1374,0.0,0,21.51,0.0636
1888,W2C,4,10.6108,0.0,0,22.58,0.0712
1889,N2C,5,8.7047,8.0,1,27.53,0.116
1889,S2C,4,8.5643,1.0,1,27.98,0.1074
1889,E2C,3,13.323,0.0,0,17.98,0.0262
1889,W2C,4,11.6989,0.0,0,20.48,0.0555
1890,N2C,5,7.1402,9.0,1,33.56,0.1392
1890,S2C,4,8.6492,2.0,1,27.7,0.1068
1890,E2C,3,13.1105,0.0,0,18.28,0.0292
1890,W2C,3,12.6947,0.0,0,18.87,0.0352
1891,N2C,6,7.6238,10.0,1,31.43,0.1389
1891,S2C,5,9.2964,3.0,1,25.77,0.1041
1891,E2C,4,13.1816,0.0,0,18.18,0.0342
1891,W2C,4,12.6632,0.0,0,18.92,0.0417
1892,N2C,6,6.7996,12.0,2,35.24,0.1581
1892,S2C,5,9.3036,4.0,1,25.75,0.1047
1892,E2C,3,13.4282,0.0,0,17.84,0.0246
1892,W2C,4,12.7163,0.0,0,18.84,0.0409
1893,N2C,6,6.726,14.0,2,35.62,0.1605
1893,S2C,5,9.1775,5.0,1,26.11,0.1072
1893,E2C,3,13.6278,0.0,0,17.58,0.0218
1893,W2C,3,12.8366,0.0,0,18.67,0.0332
1894,N2C,6,6.6039,17.0,3,36.28,0.1702
1894,S2C,5,8.8636,6.0,1,27.03,0.1124
1894,E2C,3,13.2422,0.0,0,18.09,0.0273
1894,W2C,3,13.1214,0.0,0,18.26,0.0291
1895,N2C,6,6.5033,20.0,3,36.84,0.1737
1895,S2C,5,8.6037,7.0,1,27.85,0.1168
1895,E2C,3,12.9829,0.0,0,18.46,0.0311
1895,W2C,3,12.9581,0.0,0,18.49,0.0314
1896,N2C,6,5.5923,23.0,3,42.84,0.1888
1896,S2C,5,7.9218,8.0,1,30.25,0.1273
1896,E2C,3,13.4728,0.0,0,17.78,0.024
1896,W2C,3,13.0835,0.0,0,18.31,0.0296
1897,N2C,7,6.1948,26.0,3,38.68,0.1881
1897,S2C,6,8.1909,9.0,1,29.25,0.1301
1897,E2C,3,13.7263,0.0,0,17.46,0.0204
1897,W2C,3,12.4782,0.0,0,19.2,0.0383
1898,N2C,7,5.726,29.0,3,41.84,0.1969
1898,S2C,6,7.5361,10.0,1,31.79,0.1402
1898,E2C,3,12.9517,0.0,0,18.5,0.0315
1898,W2C,3,12.1106,0.0,0,19.78,0.0436
1899,N2C,7,5.4167,32.0,3,44.23,0.2033
1899,S2C,6,6.551,12.0,2,36.57,0.1617
1899,E2C,3,13.2336,0.0,0,18.11,0.0275
1899,W2C,3,12.0994,0.0,0,19.8,0.0438
1900,N2C,7,5.605,35.0,3,42.75,0.2026
1900,S2C,6,6.3145,14.0,2,37.94,0.1664
1900,E2C,3,13.2392,0.0,0,18.1,0.0274
1900,W2C,3,12.3163,0.0,0,19.45,0.0407
1901,N2C,7,5.3538,38.0,3,44.75,0.2082
1901,S2C,6,6.2302,16.0,2,38.46,0.169
1901,E2C,3,13.155,0.0,0,18.21,0.0286
1901,W2C,3,12.5172,0.0,0,19.14,0.0378
1902,N2C,7,5.2124,42.0,4,45.97,0.2189
1902,S2C,6,5.9905,19.0,3,40.0,0.1804
1902,E2C,3,13.318,0.0,0,17.99,0.0262
1902,W2C,3,12.6604,0.0,0,18.93,0.0357
1903,N2C,8,5.6215,46.0,4,42.62,0.2217
1903,S2C,7,6.8114,22.0,3,35.18,0.1766
1903,E2C,3,13.5012,0.0,0,17.75,0.0236
1903,W2C,3,12.5677,0.0,0,19.06,0.037
1904,N2C,8,5.181,50.0,4,46.25,0.2307
1904,S2C,7,6.7375,25.0,3,35.56,0.1797
1904,E2C,3,12.9193,0.0,0,18.55,0.032
1904,W2C,3,11.9306,0.0,0,20.08,0.0462
1905,N2C,8,5.0586,54.0,4,47.36,0.2352
1905,S2C,7,6.0964,28.0,3,39.3,0.1909
1905,E2C,3,13.4438,0.0,0,17.82,0.0244
1905,W2C,3,12.1525,0.0,0,19.72,0.043
1906,N2C,8,4.7512,59.0,5,50.43,0.2489
1906,S2C,7,5.6688,31.0,3,42.27,0.199
1906,E2C,3,12.9958,0.0,0,18.44,0.0309
1906,W2C,3,12.3356,0.0,0,19.42,0.0404
1907,N2C,8,4.372,64.0,5,54.8,0.2577
1907,S2C,7,5.1568,34.0,3,46.46,0.2084
1907,E2C,3,12.9684,0.0,0,18.48,0.0313
1907,W2C,3,12.1641,0.0,0,19.7,0.0429
1908,N2C,8,4.0734,69.0,5,58.82,0.2653
1908,S2C,7,5.0693,37.0,3,47.27,0.2117
1908,E2C,3,12.9532,0.0,0,18.5,0.0315
1908,W2C,3,12.2461,0.0,0,19.57,0.0417
1909,N2C,9,4.7346,74.0,5,50.61,0.2652
1909,S2C,8,5.6251,41.0,4,42.59,0.2183
1909,E2C,3,12.9086,0.0,0,18.56,0.0321
1909,W2C,4,11.9137,0.0,0,20.11,0.0525
1910,N2C,9,4.3759,79.0,5,54.75,0.2737
1910,S2C,8,4.8753,45.0,4,49.15,0.2318
1910,E2C,3,12.6279,0.0,0,18.97,0.0362
1910,W2C,3,11.8739,0.0,0,20.18,0.047
1911,N2C,9,4.3575,85.0,6,54.99,0.2839
1911,S2C,8,4.621,49.0,4,51.85,0.2381
1911,E2C,3,12.5437,0.0,0,19.1,0.0374
1911,W2C,3,11.5729,0.0,0,20.7,0.0514
1912,N2C,9,4.418,91.0,6,54.23,0.2871
1912,S2C,8,4.4549,54.0,5,53.78,0.2499
1912,E2C,3,12.459,0.0,0,19.23,0.0386
1912,W2C,3,11.5023,0.0,0,20.83,0.0524
1913,N2C,9,4.2184,97.0,6,56.8,0.2939
1913,S2C,8,4.5315,59.0,5,52.87,0.2521
1913,E2C,3,12.5527,0.0,0,19.09,0.0373
1913,W2C,3,11.2691,0.0,0,21.26,0.0557
1914,N2C,9,3.8365,103.0,6,62.45,0.3034
1914,S2C,8,4.3919,64.0,5,54.55,0.2574
1914,E2C,3,12.466,0.0,0,19.22,0.0385
1914,W2C,3,11.8648,0.0,0,20.19,0.0472
1915,N2C,8,5.4191,51.0,4,44.21,0.228
1915,S2C,7,6.3624,25.0,3,37.66,0.1851
1915,E2C,4,11.5757,0.0,0,20.7,0.0573
1915,W2C,4,12.2246,0.0,0,19.6,0.048
1916,N2C,8,5.2688,17.0,2,45.48,0.1955
1916,S2C,7,6.2028,5.0,1,38.63,0.162
1916,E2C,4,10.1631,0.0,0,23.58,0.0777
1916,W2C,4,12.1454,0.0,0,19.73,0.0491
1917,N2C,8,6.0873,0.0,0,39.36,0.1604
1917,S2C,7,6.1197,0.0,0,39.15,0.1539
1917,E2C,4,9.5179,1.0,1,25.17,0.0936
1917,W2C,4,11.9733,0.0,0,20.01,0.0516
1918,N2C,6,7.4796,0.0,0,32.03,0.1283
1918,S2C,6,7.7295,0.0,0,31.0,0.1247
1918,E2C,4,9.9517,2.0,1,24.08,0.088
1918,W2C,4,11.9022,0.0,0,20.13,0.0526
1919,N2C,6,7.5915,0.0,0,31.56,0.1267
1919,S2C,5,8.9282,0.0,0,26.84,0.1014
1919,E2C,4,9.1736,3.0,1,26.12,0.0999
1919,W2C,4,11.0805,0.0,0,21.62,0.0645
1920,N2C,6,8.0255,0.0,0,29.85,0.1204
1920,S2C,5,9.431,0.0,0,25.41,0.0942
1920,E2C,4,9.3152,4.0,1,25.72,0.0985
1920,W2C,4,9.1221,0.0,0,26.27,0.0927
1921,N2C,5,10.0467,0.0,0,23.85,0.0853
1921,S2C,4,11.7087,0.0,0,20.46,0.0554
1921,E2C,5,9.5595,5.0,1,25.06,0.1017
1921,W2C,5,8.8072,0.0,0,27.21,0.1032
1922,N2C,5,10.5338,0.0,0,22.75,0.0783
1922,S2C,4,11.7908,0.0,0,20.32,0.0542
1922,E2C,5,8.4286,6.0,1,28.43,0.1186
1922,W2C,5,7.5322,0.0,0,31.81,0.1215
1923,N2C,3,12.4392,0.0,0,19.26,0.0389
1923,S2C,4,11.5343,0.0,0,20.77,0.0579
1923,E2C,5,7.6081,7.0,1,31.49,0.1311
1923,W2C,5,7.5475,1.0,1,31.75,0.128
1924,N2C,3,12.7391,0.0,0,18.81,0.0346
1924,S2C,3,12.0255,0.0,0,19.92,0.0448
1924,E2C,5,7.6986,8.0,1,31.12,0.1305
1924,W2C,5,7.4171,2.0,1,32.3,0.1305
1925,N2C,3,12.4409,0.0,0,19.26,0.0389
1925,S2C,3,12.1227,0.0,0,19.76,0.0434
1925,E2C,5,7.5219,10.0,2,31.85,0.1404
1925,W2C,5,7.3101,4.0,2,32.78,0.1394
1926,N2C,3,13.0391,0.0,0,18.38,0.0303
1926,S2C,3,11.6849,0.0,0,20.51,0.0498
1926,E2C,5,7.7039,12.0,2,31.1,0.1391
1926,W2C,5,7.2343,6.0,2,33.12,0.1418
1927,N2C,3,12.279,0.0,0,19.51,0.0412
1927,S2C,4,12.2793,0.0,0,19.51,0.0472
1927,E2C,6,8.5967,14.0,2,27.87,0.1336
1927,W2C,6,8.4244,8.0,2,28.44,0.132
1928,N2C,3,12.12,0.0,0,19.77,0.0435
1928,S2C,3,12.1273,0.0,0,19.76,0.0434
1928,E2C,6,8.3165,16.0,2,28.81,0.1389
1928,W2C,6,8.5001,10.0,2,28.19,0.1323
1929,N2C,3,11.8171,0.0,0,20.28,0.0478
1929,S2C,3,12.2547,0.0,0,19.55,0.0415
1929,E2C,6,7.3927,18.0,2,32.41,0.1536
1929,W2C,6,8.1972,12.0,2,29.23,0.138
1930,N2C,3,11.8718,0.0,0,20.18,0.0471
1930,S2C,3,11.9171,0.0,0,20.11,0.0464
1930,E2C,6,6.8451,20.0,2,35.0,0.1628
1930,W2C,6,7.9665,14.0,2,30.08,0.1426
1931,N2C,3,11.9742,0.0,0,20.01,0.0456
1931,S2C,3,12.2449,0.0,0,19.57,0.0417
1931,E2C,6,6.8189,22.0,2,35.14,0.1645
1931,W2C,6,6.9382,16.0,2,34.53,0.1588
1932,N2C,3,12.6395,0.0,0,18.96,0.036
1932,S2C,3,12.2228,0.0,0,19.6,0.042
1932,E2C,6,6.0294,25.0,3,39.74,0.1839
1932,W2C,6,5.9377,18.0,2,40.35,0.1745
1933,N2C,4,12.558,0.0,0,19.08,0.0432
1933,S2C,4,11.9119,0.0,0,20.11,0.0525
1933,E2C,7,6.5003,28.0,3,36.86,0.1851
1933,W2C,7,6.3257,20.0,2,37.88,0.1763
1934,N2C,3,12.4807,0.0,0,19.2,0.0383
1934,S2C,3,11.6263,0.0,0,20.61,0.0506
1934,E2C,7,5.7941,31.0,3,41.35,0.1972
1934,W2C,7,5.6984,23.0,3,42.05,0.1933
1935,N2C,3,12.4458,0.0,0,19.25,0.0388
1935,S2C,3,11.9243,0.0,0,20.09,0.0463
1935,E2C,7,5.56,35.0,4,43.09,0.2093
1935,W2C,7,5.5974,27.0,4,42.81,0.2034
1936,N2C,3,12.4763,0.0,0,19.2,0.0384
1936,S2C,3,12.0218,0.0,0,19.93,0.0449
1936,E2C,7,5.5602,39.0,4,43.09,0.2119
1936,W2C,7,5.6645,31.0,4,42.3,0.2051
1937,N2C,3,12.1428,0.0,0,19.73,0.0432
1937,S2C,3,11.7256,0.0,0,20.43,0.0492
1937,E2C,7,5.3672,43.0,4,44.64,0.2174
1937,W2C,7,5.6036,35.0,4,42.76,0.2086
1938,N2C,3,12.1653,0.0,0,19.7,0.0428
1938,S2C,3,11.6937,0.0,0,20.49,0.0496
1938,E2C,7,4.8642,47.0,4,49.26,0.2273
1938,W2C,7,5.2932,39.0,4,45.27,0.2158
1939,N2C,4,12.6233,0.0,0,18.98,0.0422
1939,S2C,4,12.1312,0.0,0,19.75,0.0493
1939,E2C,8,5.5378,51.0,4,43.27,0.2263
1939,W2C,8,5.8292,43.0,4,41.1,0.2167
1940,N2C,4,12.2894,0.0,0,19.5,0.047
1940,S2C,4,11.8476,0.0,0,20.22,0.0534
1940,E2C,8,5.0194,55.0,4,47.73,0.2364
1940,W2C,8,5.3746,47.0,4,44.58,0.2259
1941,N2C,3,12.4373,0.0,0,19.26,0.0389
1941,S2C,4,12.0541,0.0,0,19.88,0.0504
1941,E2C,8,4.9488,59.0,4,48.42,0.2401
1941,W2C,8,4.9904,51.0,4,48.01,0.2341
1942,N2C,3,12.6154,0.0,0,18.99,0.0364
1942,S2C,4,11.9781,0.0,0,20.0,0.0515
1942,E2C,8,5.0034,64.0,5,47.89,0.2486
1942,W2C,8,4.9875,56.0,5,48.04,0.2435
1943,N2C,3,12.1536,0.0,0,19.71,0.043
1943,S2C,4,11.9981,0.0,0,19.97,0.0512
1943,E2C,8,4.4777,69.0,5,53.51,0.2595
1943,W2C,8,4.6448,61.0,5,51.58,0.2518
1944,N2C,3,12.0009,0.0,0,19.97,0.0452
1944,S2C,3,12.7508,0.0,0,18.79,0.0344
1944,E2C,8,3.9559,74.0,5,60.57,0.2704
1944,W2C,8,4.1889,66.0,5,57.2,0.2617
1945,N2C,3,11.8695,0.0,0,20.19,0.0471
1945,S2C,3,13.0231,0.0,0,18.4,0.0305
1945,E2C,9,4.5369,79.0,5,52.81,0.2713
1945,W2C,9,4.8104,71.0,5,49.81,0.2621
1946,N2C,4,12.8459,0.0,0,18.65,0.039
1946,S2C,3,12.6975,0.0,0,18.87,0.0352
1946,E2C,9,4.3117,84.0,5,55.57,0.2779
1946,W2C,9,4.3834,76.0,5,54.66,0.2716
1947,N2C,4,11.6744,0.0,0,20.52,0.0559
1947,S2C,3,12.3071,0.0,0,19.47,0.0408
1947,E2C,9,4.4415,90.0,6,53.95,0.286
1947,W2C,9,4.4721,81.0,5,53.58,0.2736
1948,N2C,4,10.3996,0.0,0,23.04,0.0743
1948,S2C,3,12.2754,0.0,0,19.52,0.0412
1948,E2C,7,5.3452,40.0,4,44.83,0.2157
1948,W2C,7,5.6946,37.0,4,42.08,0.2087
1949,N2C,4,9.9719,0.0,0,24.03,0.0804
1949,S2C,3,12.8654,0.0,0,18.62,0.0328
1949,E2C,7,5.2642,11.0,2,45.51,0.1855
1949,W2C,7,5.5036,10.0,2,43.54,0.1814
1950,N2C,4,9.5096,1.0,1,25.2,0.0937
1950,S2C,3,12.9388,0.0,0,18.52,0.0317
1950,E2C,7,5.5599,0.0,0,43.09,0.1619
1950,W2C,7,5.7818,0.0,0,41.44,0.1587
1951,N2C,5,8.7634,2.0,1,27.34,0.1112
1951,S2C,4,11.9944,0.0,0,19.98,0.0513
1951,E2C,6,7.8545,0.0,0,30.5,0.1229
1951,W2C,6,7.3594,0.0,0,32.56,0.13
1952,N2C,5,7.9287,3.0,1,30.22,0.1238
1952,S2C,4,11.689,0.0,0,20.5,0.0557
1952,E2C,6,8.5879,0.0,0,27.9,0.1123
1952,W2C,6,8.0759,0.0,0,29.67,0.1197
1953,N2C,5,7.1874,4.0,1,33.34,0.1352
1953,S2C,4,11.2326,0.0,0,21.33,0.0623
1953,E2C,5,10.0128,0.0,0,23.93,0.0858
1953,W2C,6,8.5325,0.0,0,28.08,0.1131
1954,N2C,5,7.1378,6.0,2,33.57,0.1432
1954,S2C,4,10.2598,0.0,0,23.35,0.0763
1954,E2C,4,11.038,0.0,0,21.71,0.0651
1954,W2C,4,10.3143,0.0,0,23.23,0.0755
1955,N2C,5,7.0687,8.0,2,33.9,0.1456
1955,S2C,4,9.0577,0.0,0,26.45,0.0936
1955,E2C,4,11.4621,0.0,0,20.9,0.059
1955,W2C,4,10.219,0.0,0,23.45,0.0769
1956,N2C,5,7.403,10.0,2,32.37,0.1421
1956,S2C,4,9.2417,0.0,0,25.93,0.0909
1956,E2C,3,12.9982,0.0,0,18.43,0.0308
1956,W2C,3,11.1329,0.0,0,21.52,0.0577
1957,N2C,6,8.0324,12.0,2,29.83,0.1403
1957,S2C,5,9.267,1.0,1,25.86,0.1032
1957,E2C,4,13.1249,0.0,0,18.26,0.035
1957,W2C,4,11.5808,0.0,0,20.69,0.0572
1958,N2C,6,7.0699,14.0,2,33.89,0.1555
1958,S2C,5,8.0614,2.0,1,29.72,0.1213
1958,E2C,3,13.1295,0.0,0,18.25,0.029
1958,W2C,3,11.9485,0.0,0,20.05,0.046
1959,N2C,6,6.5393,16.0,2,36.64,0.1645
1959,S2C,5,7.4384,3.0,1,32.21,0.1309
1959,E2C,3,13.2439,0.0,0,18.09,0.0273
1959,W2C,3,11.9599,0.0,0,20.03,0.0458
1960,N2C,6,6.0252,18.0,2,39.77,0.1732
1960,S2C,5,7.5342,4.0,1,31.8,0.1302
1960,E2C,3,13.1519,0.0,0,18.22,0.0286
1960,W2C,3,12.3132,0.0,0,19.46,0.0407
1961,N2C,6,6.0224,21.0,3,39.78,0.1813
1961,S2C,5,7.1825,6.0,2,33.36,0.1426
1961,E2C,3,13.5739,0.0,0,17.65,0.0226
1961,W2C,3,12.2573,0.0,0,19.55,0.0415
1962,N2C,6,5.6665,24.0,3,42.28,0.1884
1962,S2C,5,6.5455,8.0,2,36.61,0.1531
1962,E2C,3,12.9127,0.0,0,18.56,0.0321
1962,W2C,3,12.3978,0.0,0,19.33,0.0395
1963,N2C,7,6.3669,27.0,3,37.63,0.1863
1963,S2C,6,7.116,10.0,2,33.67,0.1522
1963,E2C,3,13.4764,0.0,0,17.78,0.024
1963,W2C,3,12.3691,0.0,0,19.37,0.0399
1964,N2C,7,5.8136,30.0,3,41.21,0.1963
1964,S2C,6,6.3879,12.0,2,37.51,0.164
1964,E2C,3,12.9611,0.0,0,18.49,0.0314
1964,W2C,3,11.8711,0.0,0,20.18,0.0471
1965,N2C,7,5.3407,33.0,3,44.86,0.2051
1965,S2C,6,6.0443,15.0,3,39.64,0.177
1965,E2C,3,13.5783,0.0,0,17.65,0.0225
1965,W2C,3,11.9901,0.0,0,19.98,0.0454
1966,N2C,7,4.9982,37.0,4,47.94,0.2187
1966,S2C,6,5.963,18.0,3,40.18,0.1801
1966,E2C,3,13.3138,0.0,0,18.0,0.0263
1966,W2C,3,12.0451,0.0,0,19.89,0.0446
1967,N2C,7,5.1188,41.0,4,46.81,0.2196
1967,S2C,6,6.0831,21.0,3,39.39,0.1804
1967,E2C,3,13.3378,0.0,0,17.96,0.026
1967,W2C,3,11.9347,0.0,0,20.08,0.0462
1968,N2C,7,5.0604,45.0,4,47.35,0.2231
1968,S2C,6,6.0791,24.0,3,39.41,0.1825
1968,E2C,3,13.6693,0.0,0,17.53,0.0212
1968,W2C,3,12.0331,0.0,0,19.91,0.0447
1969,N2C,8,5.8346,49.0,4,41.07,0.2207
1969,S2C,7,7.106,27.0,3,33.72,0.1757
1969,E2C,3,13.5795,0.0,0,17.64,0.0225
1969,W2C,4,12.2457,0.0,0,19.57,0.0477
1970,N2C,8,5.6861,53.0,4,42.14,0.2255
1970,S2C,7,6.825,30.0,3,35.11,0.1817
1970,E2C,3,13.5072,0.0,0,17.74,0.0235
1970,W2C,4,12.4262,0.0,0,19.28,0.0451
1971,N2C,8,5.795,57.0,4,41.35,0.2266
1971,S2C,7,7.0625,33.0,3,33.93,0.1803
1971,E2C,3,13.1016,0.0,0,18.29,0.0294
1971,W2C,4,12.4485,0.0,0,19.25,0.0448
1972,N2C,8,5.3341,61.0,4,44.92,0.2359
1972,S2C,7,6.9742,36.0,3,34.36,0.1836
1972,E2C,3,13.0042,0.0,0,18.42,0.0308
1972,W2C,3,12.4103,0.0,0,19.31,0.0393
1973,N2C,8,4.6014,65.0,4,52.07,0.2491
1973,S2C,7,6.4286,39.0,3,37.27,0.1934
1973,E2C,3,13.1514,0.0,0,18.22,0.0286
1973,W2C,3,12.449,0.0,0,19.25,0.0387
1974,N2C,8,4.7088,69.0,4,50.88,0.2502
1974,S2C,7,5.3142,42.0,3,45.09,0.2115
1974,E2C,3,12.9317,0.0,0,18.53,0.0318
1974,W2C,3,12.4835,0.0,0,19.19,0.0383
1975,N2C,9,5.5921,74.0,5,42.85,0.2528
1975,S2C,8,5.862,45.0,3,40.87,0.2116
1975,E2C,3,13.4699,0.0,0,17.79,0.024
1975,W2C,3,12.4842,0.0,0,19.19,0.0382
1976,N2C,9,5.1113,79.0,5,46.88,0.2631
1976,S2C,8,5.0702,49.0,4,47.26,0.2317
1976,E2C,3,12.8131,0.0,0,18.7,0.0335
1976,W2C,4,12.8855,0.0,0,18.59,0.0385
1977,N2C,9,4.5556,84.0,5,52.59,0.2744
1977,S2C,8,4.7338,53.0,4,50.61,0.2392
1977,E2C,3,12.7556,0.0,0,18.78,0.0343
1977,W2C,4,12.559,0.0,0,19.08,0.0432
1978,N2C,9,4.3133,89.0,5,55.55,0.2812
1978,S2C,8,4.9072,58.0,5,48.83,0.246
1978,E2C,3,12.9497,0.0,0,18.5,0.0315
1978,W2C,3,12.9197,0.0,0,18.55,0.032
1979,N2C,9,3.7236,94.0,5,64.35,0.2931
1979,S2C,8,4.7201,63.0,5,50.76,0.252
1979,E2C,3,13.3537,0.0,0,17.94,0.0257
1979,W2C,3,13.1739,0.0,0,18.19,0.0283
1980,N2C,9,3.2409,100.0,6,73.93,0.31
1980,S2C,8,4.06,68.0,5,59.01,0.2649
1980,E2C,3,12.9148,0.0,0,18.55,0.032
1980,W2C,3,12.5541,0.0,0,19.09,0.0372
1981,N2C,8,4.7019,46.0,4,50.96,0.235
1981,S2C,7,5.9004,27.0,3,40.61,0.193
1981,E2C,4,11.7744,0.0,0,20.35,0.0545
1981,W2C,4,11.5428,0.0,0,20.76,0.0578
1982,N2C,8,5.1428,11.0,2,46.59,0.1933
1982,S2C,7,6.034,7.0,1,39.71,0.1658
1982,E2C,4,10.3693,0.0,0,23.11,0.0747
1982,W2C,4,9.7798,0.0,0,24.5,0.0832
1983,N2C,8,5.8028,0.0,0,41.29,0.1644
1983,S2C,7,6.9727,0.0,0,34.36,0.1416
1983,E2C,4,9.6937,0.0,0,24.72,0.0844
1983,W2C,4,9.4297,0.0,0,25.41,0.0882
1984,N2C,6,7.2429,0.0,0,33.08,0.1317
1984,S2C,5,8.6657,0.0,0,27.65,0.1052
1984,E2C,4,9.8337,1.0,1,24.37,0.0891
1984,W2C,4,9.3644,0.0,0,25.59,0.0892
1985,N2C,6,8.2321,0.0,0,29.11,0.1175
1985,S2C,5,8.8847,0.0,0,26.97,0.1021
1985,E2C,4,9.6879,2.0,1,24.73,0.0918
1985,W2C,4,9.7735,1.0,1,24.52,0.0899
1986,N2C,4,10.1079,0.0,0,23.7,0.0785
1986,S2C,4,9.7496,0.0,0,24.58,0.0836
1986,E2C,4,9.3663,3.0,1,25.58,0.0971
1986,W2C,4,9.0169,2.0,1,26.57,0.1015
1987,N2C,5,11.2097,0.0,0,21.37,0.0686
1987,S2C,4,11.7906,0.0,0,20.32,0.0542
1987,E2C,5,9.4817,4.0,1,25.27,0.1021
1987,W2C,5,8.9215,3.0,1,26.86,0.1095
1988,N2C,4,12.1675,0.0,0,19.69,0.0488
1988,S2C,4,11.5818,0.0,0,20.69,0.0572
1988,E2C,5,8.2283,5.0,1,29.12,0.1209
1988,W2C,5,7.867,4.0,1,30.46,0.1254
1989,N2C,4,12.4588,0.0,0,19.23,0.0446
1989,S2C,3,12.3097,0.0,0,19.46,0.0408
1989,E2C,5,7.9117,6.0,1,30.28,0.1261
1989,W2C,5,7.6976,5.0,1,31.13,0.1285
1990,N2C,3,12.8736,0.0,0,18.61,0.0326
1990,S2C,3,12.5143,0.0,0,19.15,0.0378
1990,E2C,5,7.8871,8.0,2,30.38,0.1338
1990,W2C,5,7.3268,6.0,1,32.7,0.1345
1991,N2C,3,13.0883,0.0,0,18.31,0.0295
1991,S2C,3,12.7829,0.0,0,18.74,0.0339
1991,E2C,5,7.6948,10.0,2,31.14,0.1379
1991,W2C,5,7.0097,8.0,2,34.18,0.1464
1992,N2C,3,13.2447,0.0,0,18.09,0.0273
1992,S2C,3,12.7824,0.0,0,18.74,0.0339
1992,E2C,5,6.8392,12.0,2,35.03,0.1515
1992,W2C,5,7.0774,10.0,2,33.85,0.1468
1993,N2C,3,13.2298,0.0,0,18.11,0.0275
1993,S2C,4,12.9271,0.0,0,18.53,0.0379
1993,E2C,6,7.3396,14.0,2,32.64,0.1517
1993,W2C,6,8.2079,12.0,2,29.19,0.1378
1994,N2C,3,12.6159,0.0,0,18.99,0.0363
1994,S2C,4,12.5033,0.0,0,19.16,0.044
1994,E2C,6,6.7271,16.0,2,35.62,0.1618
1994,W2C,6,8.0924,14.0,2,29.61,0.1408
1995,N2C,3,12.9469,0.0,0,18.51,0.0316
1995,S2C,3,12.8018,0.0,0,18.72,0.0337
1995,E2C,6,6.5145,18.0,2,36.78,0.1662
1995,W2C,6,7.5849,16.0,2,31.59,0.1495
1996,N2C,3,13.0561,0.0,0,18.35,0.03
1996,S2C,3,13.3047,0.0,0,18.01,0.0264
1996,E2C,6,6.2564,21.0,3,38.3,0.1779
1996,W2C,6,7.0523,18.0,2,33.97,0.1585
1997,N2C,3,12.6192,0.0,0,18.99,0.0363
1997,S2C,3,12.8477,0.0,0,18.65,0.033
1997,E2C,6,6.5453,24.0,3,36.61,0.1758
1997,W2C,6,6.5258,20.0,2,36.72,0.1674
1998,N2C,3,12.8772,0.0,0,18.61,0.0326
1998,S2C,3,13.1813,0.0,0,18.18,0.0282
1998,E2C,6,6.3557,27.0,3,37.7,0.1805
1998,W2C,6,6.2481,22.0,2,38.35,0.1727
1999,N2C,4,13.0047,0.0,0,18.42,0.0367
1999,S2C,3,13.4389,0.0,0,17.83,0.0245
1999,E2C,7,6.9061,30.0,3,34.69,0.1806
1999,W2C,7,6.8461,24.0,2,35.0,0.1714
2000,N2C,4,12.7258,0.0,0,18.83,0.0408
2000,S2C,3,12.6813,0.0,0,18.89,0.0354
2000,E2C,7,5.9145,33.0,3,40.51,0.1968
2000,W2C,7,6.1991,27.0,3,38.65,0.1887
2001,N2C,3,13.132,0.0,0,18.25,0.0289
2001,S2C,3,12.5705,0.0,0,19.06,0.037
2001,E2C,7,5.6077,36.0,3,42.73,0.2033
2001,W2C,7,5.4976,31.0,4,43.58,0.2075
2002,N2C,3,12.9112,0.0,0,18.56,0.0321
2002,S2C,3,12.8457,0.0,0,18.65,0.033
2002,E2C,7,5.2708,39.0,3,45.46,0.2101
2002,W2C,7,5.4532,35.0,4,43.94,0.2108
2003,N2C,3,12.6207,0.0,0,18.98,0.0363
2003,S2C,3,12.7706,0.0,0,18.76,0.0341
2003,E2C,7,4.8439,43.0,4,49.46,0.2249
2003,W2C,7,5.4387,39.0,4,44.06,0.2137
2004,N2C,3,12.5293,0.0,0,19.12,0.0376
2004,S2C,3,12.4834,0.0,0,19.19,0.0383
2004,E2C,7,4.2906,47.0,4,55.84,0.2356
2004,W2C,7,5.3053,43.0,4,45.16,0.2183
2005,N2C,3,13.4894,0.0,0,17.76,0.0238
2005,S2C,4,12.716,0.0,0,18.84,0.0409
2005,E2C,8,4.9792,51.0,4,48.12,0.2343
2005,W2C,8,6.3409,47.0,4,37.79,0.212
2006,N2C,3,12.7709,0.0,0,18.76,0.0341
2006,S2C,4,12.7177,0.0,0,18.84,0.0409
2006,E2C,8,4.5304,55.0,4,52.89,0.2434
2006,W2C,8,5.8212,51.0,4,41.16,0.2222
2007,N2C,3,12.9541,0.0,0,18.5,0.0315
2007,S2C,3,12.8006,0.0,0,18.72,0.0337
2007,E2C,8,4.5468,59.0,4,52.7,0.2459
2007,W2C,8,5.3899,55.0,4,44.45,0.2311
2008,N2C,3,13.0885,0.0,0,18.31,0.0295
2008,S2C,3,13.0315,0.0,0,18.39,0.0304
2008,E2C,8,4.5691,64.0,5,52.44,0.2549
2008,W2C,8,4.9831,60.0,5,48.08,0.2462
2009,N2C,3,12.7799,0.0,0,18.75,0.034
2009,S2C,3,13.1831,0.0,0,18.17,0.0282
2009,E2C,8,4.4099,69.0,5,54.33,0.2605
2009,W2C,8,4.4983,65.0,5,53.26,0.2566
2010,N2C,3,13.0393,0.0,0,18.38,0.0302
2010,S2C,3,12.5335,0.0,0,19.12,0.0375
2010,E2C,8,3.9526,74.0,5,60.62,0.2704
2010,W2C,8,4.2005,70.0,5,57.04,0.2642
2011,N2C,3,13.0755,0.0,0,18.32,0.0297
2011,S2C,3,12.7608,0.0,0,18.78,0.0343
2011,E2C,9,4.5856,79.0,5,52.25,0.2706
2011,W2C,9,4.8173,75.0,5,49.74,0.2646
2012,N2C,3,13.0177,0.0,0,18.41,0.0306
2012,S2C,3,12.2377,0.0,0,19.58,0.0418
2012,E2C,9,4.0168,85.0,6,59.65,0.2888
2012,W2C,9,4.4301,80.0,5,54.08,0.2735
2013,N2C,3,12.4645,0.0,0,19.22,0.0385
2013,S2C,3,12.3007,0.0,0,19.48,0.0409
2013,E2C,9,4.0361,91.0,6,59.36,0.2926
2013,W2C,9,4.5409,85.0,5,52.76,0.2753
2014,N2C,3,12.5411,0.0,0,19.11,0.0374
2014,S2C,3,12.6686,0.0,0,18.91,0.0356
2014,E2C,7,5.3045,41.0,4,45.17,0.217
2014,W2C,7,5.8812,36.0,3,40.74,0.1993
2015,N2C,3,13.1972,0.0,0,18.16,0.028
2015,S2C,3,12.1574,0.0,0,19.71,0.0429
2015,E2C,7,5.4832,12.0,2,43.7,0.183
2015,W2C,7,5.4872,9.0,2,43.66,0.181
2016,N2C,3,12.5988,0.0,0,19.02,0.0366
2016,S2C,3,12.015,0.0,0,19.94,0.045
2016,E2C,7,6.4213,0.0,0,37.31,0.1495
2016,W2C,7,5.7598,0.0,0,41.6,0.1591
2017,N2C,4,12.8661,0.0,0,18.62,0.0387
2017,S2C,4,11.2711,0.0,0,21.26,0.0617
2017,E2C,6,9.2826,0.0,0,25.81,0.1023
2017,W2C,6,7.6106,0.0,0,31.48,0.1264
2018,N2C,4,11.9688,0.0,0,20.02,0.0517
2018,S2C,4,10.6276,0.0,0,22.54,0.071
2018,E2C,6,10.0296,0.0,0,23.89,0.0916
2018,W2C,6,8.6827,0.0,0,27.6,0.111
2019,N2C,4,11.1148,0.0,0,21.56,0.064
2019,S2C,4,9.4262,0.0,0,25.42,0.0883
2019,E2C,6,10.3015,0.0,0,23.26,0.0877
2019,W2C,5,9.9872,0.0,0,23.99,0.0862
2020,N2C,4,10.1291,0.0,0,23.65,0.0782
2020,S2C,4,9.3312,0.0,0,25.68,0.0896
2020,E2C,4,12.5755,0.0,0,19.05,0.0429
2020,W2C,4,11.4911,0.0,0,20.85,0.0585
2021,N2C,4,9.831,0.0,0,24.37,0.0824
2021,S2C,4,9.4332,1.0,1,25.4,0.0948
2021,E2C,4,12.397,0.0,0,19.33,0.0455
2021,W2C,4,11.4626,0.0,0,20.9,0.059
2022,N2C,4,9.2518,0.0,0,25.9,0.0908
2022,S2C,4,9.7133,2.0,1,24.67,0.0915
2022,E2C,4,12.6631,0.0,0,18.92,0.0417
2022,W2C,3,13.4165,0.0,0,17.86,0.0248
2023,N2C,5,9.3419,1.0,1,25.65,0.1022
2023,S2C,5,10.3682,3.0,1,23.11,0.0887
2023,E2C,3,13.3411,0.0,0,17.96,0.0259
2023,W2C,3,13.3859,0.0,0,17.9,0.0253
2024,N2C,5,8.3271,2.0,1,28.77,0.1174
2024,S2C,5,10.0156,4.0,1,23.92,0.0945
2024,E2C,3,12.5407,0.0,0,19.11,0.0374
2024,W2C,3,13.4668,0.0,0,17.79,0.0241
2025,N2C,5,7.6355,3.0,1,31.38,0.1281
2025,S2C,5,9.1896,5.0,1,26.07,0.107
2025,E2C,3,13.0752,0.0,0,18.32,0.0297
2025,W2C,3,13.0984,0.0,0,18.29,0.0294
2026,N2C,5,7.9407,4.0,1,30.17,0.1243
2026,S2C,5,8.3081,6.0,1,28.84,0.1204
2026,E2C,3,12.8247,0.0,0,18.68,0.0333
2026,W2C,3,13.301,0.0,0,18.01,0.0265
2027,N2C,5,7.889,6.0,2,30.37,0.1324
2027,S2C,5,7.6719,7.0,1,31.23,0.1302
2027,E2C,3,12.7597,0.0,0,18.78,0.0343
2027,W2C,3,13.2707,0.0,0,18.05,0.0269
2028,N2C,5,7.6993,8.0,2,31.12,0.1365
2028,S2C,5,7.8417,9.0,2,30.55,0.1351
2028,E2C,3,12.9982,0.0,0,18.43,0.0308
2028,W2C,3,13.1557,0.0,0,18.21,0.0286
2029,N2C,6,7.9057,10.0,2,30.31,0.1408
2029,S2C,6,7.7925,11.0,2,30.75,0.1431
2029,E2C,3,12.1367,0.0,0,19.74,0.0432
2029,W2C,3,13.6105,0.0,0,17.6,0.022
2030,N2C,6,7.1303,12.0,2,33.6,0.1533
2030,S2C,6,6.7969,13.0,2,35.25,0.1588
2030,E2C,3,12.0681,0.0,0,19.85,0.0442
2030,W2C,3,13.3878,0.0,0,17.9,0.0252
2031,N2C,6,6.8154,14.0,2,35.16,0.1592
2031,S2C,6,6.4149,16.0,3,37.35,0.1723
2031,E2C,3,12.4394,0.0,0,19.26,0.0389
2031,W2C,3,13.1891,0.0,0,18.17,0.0281
2032,N2C,6,6.6019,16.0,2,36.29,0.1636
2032,S2C,6,6.3698,19.0,3,37.62,0.1749
2032,E2C,3,12.6129,0.0,0,19.0,0.0364
2032,W2C,3,12.8998,0.0,0,18.57,0.0323
2033,N2C,6,6.5819,19.0,3,36.4,0.1719
2033,S2C,6,6.2364,22.0,3,38.42,0.1789
2033,E2C,3,12.4826,0.0,0,19.19,0.0383
2033,W2C,3,12.9964,0.0,0,18.44,0.0309
2034,N2C,6,5.978,22.0,3,40.08,0.1826
2034,S2C,6,5.5475,25.0,3,43.19,0.1908
2034,E2C,3,11.7404,0.0,0,20.41,0.049
2034,W2C,3,13.1208,0.0,0,18.26,0.0291
2035,N2C,7,6.346,25.0,3,37.76,0.1853
2035,S2C,7,5.942,28.0,3,40.32,0.1931
2035,E2C,3,12.1961,0.0,0,19.65,0.0424
2035,W2C,2,13.3268,0.0,0,17.98,0.0201
2036,N2C,7,5.6992,28.0,3,42.04,0.1966
2036,S2C,7,5.3089,31.0,3,45.13,0.2042
2036,E2C,3,11.8398,0.0,0,20.24,0.0475
2036,W2C,3,12.5019,0.0,0,19.17,0.038
2037,N2C,7,5.4655,32.0,4,43.84,0.2086
2037,S2C,7,5.1788,34.0,3,46.27,0.2081
2037,E2C,3,11.7591,0.0,0,20.38,0.0487
2037,W2C,3,12.0927,0.0,0,19.81,0.0439
2038,N2C,7,5.5113,36.0,4,43.47,0.2106
2038,S2C,7,5.2134,38.0,4,45.96,0.2163
2038,E2C,3,12.3848,0.0,0,19.35,0.0397
2038,W2C,3,12.2155,0.0,0,19.61,0.0421
2039,N2C,7,5.0521,40.0,4,47.43,0.2199
2039,S2C,7,5.2518,42.0,4,45.62,0.2184
2039,E2C,3,12.3297,0.0,0,19.43,0.0405
2039,W2C,3,12.2804,0.0,0,19.51,0.0412
2040,N2C,7,4.4927,44.0,4,53.33,0.2306
2040,S2C,7,4.6092,46.0,4,51.98,0.2303
2040,E2C,3,12.7314,0.0,0,18.82,0.0347
2040,W2C,3,11.8216,0.0,0,20.27,0.0478
2041,N2C,8,5.1014,48.0,4,46.97,0.2305
2041,S2C,8,5.3095,50.0,4,45.13,0.2289
2041,E2C,3,12.7742,0.0,0,18.76,0.0341
2041,W2C,3,12.4552,0.0,0,19.24,0.0387
2042,N2C,8,4.8179,52.0,4,49.73,0.2373
2042,S2C,8,4.8233,54.0,4,49.68,0.2385
2042,E2C,4,12.2582,0.0,0,19.55,0.0475
2042,W2C,3,12.5794,0.0,0,19.05,0.0369
2043,N2C,8,4.8115,56.0,4,49.8,0.2401
2043,S2C,8,4.6155,58.0,4,51.91,0.2442
2043,E2C,3,12.1882,0.0,0,19.66,0.0425
2043,W2C,3,12.7854,0.0,0,18.74,0.0339
2044,N2C,8,4.7973,61.0,5,49.95,0.2496
2044,S2C,8,4.4024,63.0,5,54.42,0.2566
2044,E2C,3,12.4015,0.0,0,19.32,0.0394
2044,W2C,3,12.5945,0.0,0,19.02,0.0367
2045,N2C,8,4.4874,66.0,5,53.39,0.2574
2045,S2C,8,4.5446,68.0,5,52.72,0.2579
2045,E2C,3,12.5303,0.0,0,19.12,0.0376
2045,W2C,3,12.4005,0.0,0,19.32,0.0394
2046,N2C,8,4.0227,71.0,5,59.56,0.2674
2046,S2C,8,4.442,73.0,5,53.94,0.2627
2046,E2C,3,12.3782,0.0,0,19.36,0.0398
2046,W2C,3,12.2207,0.0,0,19.61,0.042
2047,N2C,7,5.7145,30.0,3,41.93,0.1977
2047,S2C,7,7.13,31.0,3,33.6,0.178
2047,E2C,4,12.756,0.0,0,18.78,0.0403
2047,W2C,4,10.7663,0.0,0,22.25,0.069
2048,N2C,7,5.844,6.0,2,41.0,0.1739
2048,S2C,7,6.9005,5.0,1,34.72,0.152
2048,E2C,4,12.6176,0.0,0,18.99,0.0423
2048,W2C,4,9.6032,0.0,0,24.95,0.0857
2049,N2C,7,6.8115,0.0,0,35.18,0.1439
2049,S2C,7,7.1431,0.0,0,33.54,0.1391
2049,E2C,4,12.5057,0.0,0,19.16,0.0439
2049,W2C,4,8.8485,0.0,0,27.08,0.0966
2050,N2C,5,8.6903,0.0,0,27.57,0.1049
2050,S2C,5,8.5514,0.0,0,28.02,0.1069
2050,E2C,4,11.6958,0.0,0,20.49,0.0556
2050,W2C,4,8.9259,1.0,1,26.84,0.1021
2051,N2C,5,9.3835,0.0,0,25.53,0.0949
2051,S2C,5,9.7344,0.0,0,24.61,0.0898
2051,E2C,4,10.3466,0.0,0,23.16,0.075
2051,W2C,4,9.0029,2.0,1,26.61,0.1017
2052,N2C,4,10.996,0.0,0,21.79,0.0657
2052,S2C,4,10.5569,0.0,0,22.7,0.072
2052,E2C,4,9.624,0.0,0,24.9,0.0854
2052,W2C,4,9.3428,3.0,1,25.65,0.0975
2053,N2C,4,12.7786,0.0,0,18.75,0.04
2053,S2C,4,11.9684,0.0,0,20.02,0.0517
2053,E2C,5,10.383,1.0,1,23.08,0.0872
2053,W2C,5,9.9078,4.0,1,24.18,0.096
2054,N2C,4,12.796,0.0,0,18.72,0.0398
2054,S2C,4,12.1955,0.0,0,19.65,0.0484
2054,E2C,5,9.205,2.0,1,26.03,0.1048
2054,W2C,5,9.8063,5.0,1,24.43,0.0981
2055,N2C,4,12.4127,0.0,0,19.3,0.0453
2055,S2C,3,12.7547,0.0,0,18.79,0.0343
2055,E2C,5,8.5265,3.0,1,28.1,0.1152
2055,W2C,5,9.6526,6.0,1,24.82,0.101
2056,N2C,3,13.1101,0.0,0,18.28,0.0292
2056,S2C,3,12.412,0.0,0,19.3,0.0393
2056,E2C,5,7.8055,5.0,2,30.7,0.1329
2056,W2C,5,9.6348,7.0,1,24.87,0.1019
2057,N2C,3,12.8731,0.0,0,18.61,0.0326
2057,S2C,3,12.3963,0.0,0,19.33,0.0395
2057,E2C,5,8.135,7.0,2,29.45,0.1295
2057,W2C,5,9.594,8.0,1,24.97,0.1032
2058,N2C,3,13.1777,0.0,0,18.18,0.0283
2058,S2C,3,13.0743,0.0,0,18.33,0.0297
2058,E2C,5,7.7847,9.0,2,30.78,0.1359
2058,W2C,5,9.3955,9.0,1,25.5,0.1067
2059,N2C,3,13.15,0.0,0,18.22,0.0287
2059,S2C,4,12.4542,0.0,0,19.24,0.0447
2059,E2C,6,8.2626,11.0,2,29.0,0.1364
2059,W2C,6,9.044,10.0,1,26.49,0.1184
2060,N2C,3,12.8695,0.0,0,18.62,0.0327
2060,S2C,3,12.5596,0.0,0,19.08,0.0372
2060,E2C,6,7.4233,13.0,2,32.28,0.1498
2060,W2C,6,7.4045,11.0,1,32.36,0.1427
2061,N2C,3,12.6594,0.0,0,18.93,0.0357
2061,S2C,3,12.7684,0.0,0,18.77,0.0341
2061,E2C,6,6.7322,15.0,2,35.59,0.1611
2061,W2C,6,6.559,12.0,1,36.53,0.1556
2062,N2C,3,12.843,0.0,0,18.66,0.0331
2062,S2C,3,11.9037,0.0,0,20.13,0.0466
2062,E2C,6,6.5243,17.0,2,36.72,0.1654
2062,W2C,6,6.3269,14.0,2,37.87,0.1662
2063,N2C,3,13.4632,0.0,0,17.8,0.0241
2063,S2C,3,12.3264,0.0,0,19.44,0.0405
2063,E2C,6,6.6473,20.0,3,36.04,0.1716
2063,W2C,6,6.2698,17.0,3,38.21,0.1751
2064,N2C,3,13.122,0.0,0,18.26,0.0291
2064,S2C,3,12.2365,0.0,0,19.58,0.0418
2064,E2C,6,5.9923,23.0,3,39.98,0.1831
2064,W2C,6,5.8072,20.0,3,41.26,0.1837
2065,N2C,4,13.2311,0.0,0,18.11,0.0335
2065,S2C,4,12.4546,0.0,0,19.24,0.0447
2065,E2C,7,6.2512,26.0,3,38.33,0.1873
2065,W2C,7,6.3073,23.0,3,37.99,0.1845
2066,N2C,4,13.0005,0.0,0,18.43,0.0368
2066,S2C,4,12.6029,0.0,0,19.01,0.0425
2066,E2C,7,5.7571,29.0,3,41.62,0.1964
2066,W2C,7,5.6816,26.0,3,42.17,0.1955
2067,N2C,3,13.2712,0.0,0,18.05,0.0269
2067,S2C,3,12.8647,0.0,0,18.62,0.0328
2067,E2C,7,5.6659,32.0,3,42.29,0.1998
2067,W2C,7,5.5719,29.0,3,43.0,0.1991
2068,N2C,3,13.47,0.0,0,17.79,0.024
2068,S2C,3,12.8849,0.0,0,18.6,0.0325
2068,E2C,7,5.6087,36.0,4,42.72,0.2092
2068,W2C,7,5.4866,33.0,4,43.67,0.209
2069,N2C,3,13.5058,0.0,0,17.74,0.0235
2069,S2C,3,13.1742,0.0,0,18.19,0.0283
2069,E2C,7,5.4097,40.0,4,44.29,0.2148
2069,W2C,7,5.464,37.0,4,43.85,0.212
2070,N2C,3,13.088,0.0,0,18.31,0.0295
2070,S2C,3,13.0687,0.0,0,18.33,0.0298
2070,E2C,7,4.6106,44.0,4,51.97,0.2289
2070,W2C,7,5.1327,41.0,4,46.68,0.2194
2071,N2C,3,12.6277,0.0,0,18.97,0.0362
2071,S2C,3,13.2616,0.0,0,18.07,0.027
2071,E2C,8,5.2834,48.0,4,45.35,0.2279
2071,W2C,8,5.7251,45.0,4,41.85,0.2196
2072,N2C,3,12.8105,0.0,0,18.7,0.0335
2072,S2C,3,13.04,0.0,0,18.37,0.0302
2072,E2C,8,5.0152,52.0,4,47.78,0.2345
2072,W2C,8,5.0204,49.0,4,47.72,0.2324
2073,N2C,3,12.5818,0.0,0,19.04,0.0368
2073,S2C,3,12.6767,0.0,0,18.9,0.0355
2073,E2C,8,4.9225,56.0,4,48.67,0.2385
2073,W2C,8,4.8885,53.0,4,49.01,0.2369
2074,N2C,3,12.7264,0.0,0,18.83,0.0348
2074,S2C,3,12.5496,0.0,0,19.09,0.0373
2074,E2C,8,4.8271,61.0,5,49.64,0.2492
2074,W2C,8,4.8406,58.0,5,49.5,0.247
2075,N2C,3,12.6083,0.0,0,19.0,0.0365
2075,S2C,3,12.8071,0.0,0,18.71,0.0336
2075,E2C,8,4.7365,66.0,5,50.59,0.2538
2075,W2C,8,4.85,63.0,5,49.4,0.2502
2076,N2C,3,12.4267,0.0,0,19.28,0.0391
2076,S2C,3,13.2423,0.0,0,18.09,0.0273
2076,E2C,8,4.1557,71.0,5,57.66,0.2655
2076,W2C,8,4.7037,68.0,5,50.94,0.2556
2077,N2C,3,13.245,0.0,0,18.09,0.0273
2077,S2C,4,12.9863,0.0,0,18.45,0.037
2077,E2C,9,4.6607,76.0,5,51.41,0.2676
2077,W2C,9,5.1608,73.0,5,46.43,0.2584
2078,N2C,3,12.9578,0.0,0,18.49,0.0314
2078,S2C,4,13.0442,0.0,0,18.37,0.0362
2078,E2C,9,4.3727,81.0,5,54.79,0.275
2078,W2C,9,4.6342,78.0,5,51.7,0.2693
2079,N2C,3,12.7813,0.0,0,18.75,0.034
2079,S2C,4,11.7188,0.0,0,20.45,0.0553
2079,E2C,9,4.2692,87.0,6,56.12,0.2865
2079,W2C,9,4.5816,83.0,5,52.3,0.2734
2080,N2C,3,12.7911,0.0,0,18.73,0.0338
2080,S2C,4,10.6921,0.0,0,22.41,0.07
2080,E2C,7,5.6405,40.0,4,42.48,0.2114
2080,W2C,7,5.5274,38.0,3,43.35,0.2057
2081,N2C,3,12.6929,0.0,0,18.88,0.0352
2081,S2C,4,9.6276,0.0,0,24.89,0.0854
2081,E2C,7,5.3833,11.0,2,44.51,0.1838
2081,W2C,7,5.4698,8.0,1,43.8,0.1746
2082,N2C,3,12.1171,0.0,0,19.77,0.0435
2082,S2C,4,9.2941,1.0,1,25.78,0.0968
2082,E2C,7,5.596,0.0,0,42.82,0.1614
2082,W2C,7,5.8697,0.0,0,40.82,0.1575
2083,N2C,4,11.7065,0.0,0,20.47,0.0554
2083,S2C,5,9.3841,2.0,1,25.53,0.1022
2083,E2C,7,7.3945,0.0,0,32.4,0.1355
2083,W2C,7,7.3301,0.0,0,32.69,0.1365
2084,N2C,4,10.3684,0.0,0,23.11,0.0747
2084,S2C,5,8.3878,3.0,1,28.57,0.1172
2084,E2C,6,8.5228,0.0,0,28.11,0.1133
2084,W2C,6,8.809,0.0,0,27.2,0.1092
2085,N2C,4,9.4493,1.0,1,25.36,0.0946
2085,S2C,5,7.9463,4.0,1,30.15,0.1242
2085,E2C,5,9.6734,0.0,0,24.77,0.0907
2085,W2C,5,10.2408,0.0,0,23.4,0.0825
2086,N2C,4,9.3641,2.0,1,25.59,0.0965
2086,S2C,5,7.9744,6.0,2,30.05,0.1312
2086,E2C,4,11.673,0.0,0,20.53,0.0559
2086,W2C,4,11.4953,0.0,0,20.84,0.0585
2087,N2C,4,9.4483,3.0,1,25.36,0.096
2087,S2C,5,7.7286,8.0,2,31.0,0.1361
2087,E2C,3,13.0442,0.0,0,18.37,0.0302
2087,W2C,3,13.0642,0.0,0,18.34,0.0299
2088,N2C,4,9.6146,4.0,1,24.92,0.0942
2088,S2C,5,6.9215,10.0,2,34.62,0.149
2088,E2C,3,13.1777,0.0,0,18.18,0.0283
2088,W2C,3,12.7979,0.0,0,18.72,0.0337
2089,N2C,5,10.3862,5.0,1,23.07,0.0898
2089,S2C,6,7.4191,12.0,2,32.3,0.1492
2089,E2C,4,12.5491,0.0,0,19.09,0.0433
2089,W2C,4,12.4772,0.0,0,19.2,0.0443
2090,N2C,5,9.8247,6.0,1,24.39,0.0985
2090,S2C,6,6.7441,14.0,2,35.53,0.1602
2090,E2C,3,12.2145,0.0,0,19.62,0.0421
2090,W2C,3,12.6553,0.0,0,18.93,0.0358
2091,N2C,5,9.4528,7.0,1,25.35,0.1046
2091,S2C,6,6.6337,17.0,3,36.12,0.1698
2091,E2C,3,12.9249,0.0,0,18.54,0.0319
2091,W2C,3,12.3516,0.0,0,19.4,0.0402
2092,N2C,5,8.9403,8.0,1,26.8,0.1126
2092,S2C,6,6.7895,20.0,3,35.29,0.1696
2092,E2C,3,12.6548,0.0,0,18.93,0.0358
2092,W2C,3,12.3209,0.0,0,19.45,0.0406
2093,N2C,5,7.7327,9.0,1,30.99,0.1307
2093,S2C,6,6.5216,23.0,3,36.74,0.1754
2093,E2C,3,12.5297,0.0,0,19.12,0.0376
2093,W2C,3,12.1284,0.0,0,19.76,0.0434
2094,N2C,5,7.0757,10.0,1,33.86,0.1408
2094,S2C,6,6.0369,26.0,3,39.69,0.1844
2094,E2C,3,12.694,0.0,0,18.88,0.0352
2094,W2C,3,12.4411,0.0,0,19.26,0.0389
2095,N2C,6,7.4499,12.0,2,32.16,0.1487
2095,S2C,7,6.5485,29.0,3,36.59,0.185
2095,E2C,3,12.8123,0.0,0,18.7,0.0335
2095,W2C,3,12.8899,0.0,0,18.59,0.0324
2096,N2C,6,6.494,14.0,2,36.9,0.1638
2096,S2C,7,6.0899,32.0,3,39.34,0.1936
2096,E2C,3,12.629,0.0,0,18.97,0.0362
2096,W2C,3,12.6649,0.0,0,18.92,0.0356
2097,N2C,6,6.3823,17.0,3,37.54,0.1734
2097,S2C,7,5.6936,36.0,4,42.08,0.208
2097,E2C,3,12.626,0.0,0,18.98,0.0362
2097,W2C,3,12.5116,0.0,0,19.15,0.0378
2098,N2C,6,6.5365,20.0,3,36.66,0.1732
2098,S2C,7,5.6386,40.0,4,42.49,0.2115
2098,E2C,3,13.2803,0.0,0,18.04,0.0268
2098,W2C,3,12.8277,0.0,0,18.68,0.0333
2099,N2C,6,6.4827,23.0,3,36.96,0.176
2099,S2C,7,5.4065,44.0,4,44.32,0.2175
2099,E2C,3,12.9238,0.0,0,18.54,0.0319
2099,W2C,3,12.4652,0.0,0,19.22,0.0385
2100,N2C,6,5.8064,26.0,3,41.26,0.1877
2100,S2C,7,4.8317,48.0,4,49.59,0.2284
2100,E2C,3,13.067,0.0,0,18.34,0.0298
2100,W2C,3,12.3411,0.0,0,19.41,0.0403
2101,N2C,7,6.2753,29.0,3,38.18,0.189
2101,S2C,8,4.9569,52.0,4,48.34,0.2353
2101,E2C,2,12.6905,0.0,0,18.88,0.0293
2101,W2C,4,12.9813,0.0,0,18.46,0.0371
2102,N2C,7,5.5853,32.0,3,42.9,0.2009
2102,S2C,8,4.4976,56.0,4,53.27,0.2446
2102,E2C,3,12.039,0.0,0,19.9,0.0447
2102,W2C,3,12.4691,0.0,0,19.22,0.0385
2103,N2C,7,5.6133,35.0,3,42.68,0.2025
2103,S2C,8,4.5581,61.0,5,52.57,0.253
2103,E2C,3,11.6919,0.0,0,20.49,0.0496
2103,W2C,3,12.6157,0.0,0,18.99,0.0363
2104,N2C,7,5.4765,39.0,4,43.75,0.2131
2104,S2C,8,4.5372,66.0,5,52.81,0.2567
2104,E2C,3,11.7363,0.0,0,20.42,0.049
2104,W2C,3,12.7049,0.0,0,18.86,0.0351
2105,N2C,7,5.5035,43.0,4,43.54,0.2154
2105,S2C,8,4.0342,71.0,5,59.39,0.2672
2105,E2C,3,11.5602,0.0,0,20.73,0.0515
2105,W2C,3,12.4846,0.0,0,19.19,0.0382
2106,N2C,7,5.5009,47.0,4,43.56,0.2181
2106,S2C,8,3.6116,76.0,5,66.34,0.2767
2106,E2C,3,11.8025,0.0,0,20.3,0.0481
2106,W2C,3,12.6466,0.0,0,18.95,0.0359
2107,N2C,8,5.8038,51.0,4,41.28,0.2224
2107,S2C,9,4.128,81.0,5,58.04,0.2786
2107,E2C,4,12.2765,0.0,0,19.52,0.0472
2107,W2C,4,12.7981,0.0,0,18.72,0.0397
2108,N2C,8,5.1668,55.0,4,46.37,0.2343
2108,S2C,9,3.7936,86.0,5,63.16,0.2867
2108,E2C,4,12.3522,0.0,0,19.4,0.0461
2108,W2C,4,12.4804,0.0,0,19.2,0.0443
2109,N2C,8,4.9949,59.0,4,47.97,0.2394
2109,S2C,9,3.7512,91.0,5,63.87,0.2907
2109,E2C,4,12.2064,0.0,0,19.63,0.0482
2109,W2C,4,12.9633,0.0,0,18.48,0.0373
2110,N2C,8,4.8264,64.0,5,49.64,0.2512
2110,S2C,9,3.864,97.0,6,62.01,0.299
2110,E2C,4,11.0605,0.0,0,21.66,0.0647
2110,W2C,4,11.6966,0.0,0,20.48,0.0556
2111,N2C,8,4.5274,69.0,5,52.92,0.2588
2111,S2C,9,3.321,103.0,6,72.15,0.3108
2111,E2C,4,10.0902,0.0,0,23.75,0.0787
2111,W2C,4,10.3753,0.0,0,23.09,0.0746
2112,N2C,8,4.1781,74.0,5,57.35,0.2672
2112,S2C,9,2.7651,109.0,6,86.65,0.3229
2112,E2C,4,9.1295,0.0,0,26.24,0.0925
2112,W2C,4,9.4387,1.0,1,25.38,0.0948
2113,N2C,7,6.0977,31.0,3,39.29,0.1929
2113,S2C,8,4.4557,55.0,4,53.77,0.2445
2113,E2C,5,9.2048,0.0,0,26.03,0.0975
2113,W2C,5,9.4904,2.0,1,25.25,0.1007
2114,N2C,7,5.801,6.0,2,41.3,0.1745
2114,S2C,8,4.6617,17.0,2,51.4,0.2042
2114,E2C,5,8.1365,1.0,1,29.45,0.1195
2114,W2C,5,8.2703,3.0,1,28.97,0.1189
2115,N2C,7,6.7561,0.0,0,35.46,0.1447
2115,S2C,8,5.2974,1.0,1,45.23,0.1784
2115,E2C,5,7.4515,3.0,2,32.15,0.1367
2115,W2C,5,8.022,5.0,2,29.87,0.1298
2116,N2C,6,7.8894,0.0,0,30.37,0.1224
2116,S2C,7,6.3547,0.0,0,37.7,0.1505
2116,E2C,5,7.7946,5.0,2,30.74,0.1331
2116,W2C,5,7.9682,7.0,2,30.07,0.1319
2117,N2C,5,8.591,0.0,0,27.89,0.1063
2117,S2C,6,7.4494,0.0,0,32.16,0.1287
2117,E2C,5,7.4095,7.0,2,32.34,0.14
2117,W2C,5,8.1398,9.0,2,29.44,0.1308
2118,N2C,5,8.9186,0.0,0,26.87,0.1016
2118,S2C,5,8.4504,0.0,0,28.35,0.1083
2118,E2C,5,7.5775,9.0,2,31.62,0.1389
2118,W2C,5,7.0765,11.0,2,33.86,0.1474
2119,N2C,4,11.5717,0.0,0,20.71,0.0574
2119,S2C,5,10.6395,0.0,0,22.52,0.0768
2119,E2C,6,8.5068,11.0,2,28.17,0.1328
2119,W2C,6,6.7312,13.0,2,35.6,0.1597
2120,N2C,4,11.5318,0.0,0,20.78,0.058
2120,S2C,5,11.0219,0.0,0,21.74,0.0713
2120,E2C,6,8.0607,13.0,2,29.72,0.1406
2120,W2C,6,5.817,15.0,2,41.19,0.1742
2121,N2C,3,12.7582,0.0,0,18.78,0.0343
2121,S2C,4,11.8427,0.0,0,20.23,0.0535
2121,E2C,6,8.1428,15.0,2,29.42,0.1408
2121,W2C,6,5.9116,18.0,3,40.53,0.1809
2122,N2C,3,12.7457,0.0,0,18.8,0.0345
2122,S2C,4,11.7075,0.0,0,20.47,0.0554
2122,E2C,6,7.7157,17.0,2,31.05,0.1482
2122,W2C,6,6.0636,21.0,3,39.51,0.1807
2123,N2C,3,12.7696,0.0,0,18.76,0.0341
2123,S2C,4,11.9016,0.0,0,20.13,0.0526
2123,E2C,6,7.0638,19.0,2,33.92,0.159
2123,W2C,6,6.0321,24.0,3,39.72,0.1831
2124,N2C,3,12.461,0.0,0,19.23,0.0386
2124,S2C,4,11.885,0.0,0,20.16,0.0529
2124,E2C,6,5.6451,21.0,2,42.44,0.1807
2124,W2C,6,5.5228,27.0,3,43.38,0.1925
2125,N2C,4,12.9856,0.0,0,18.45,0.037
2125,S2C,5,12.1118,0.0,0,19.78,0.0556
2125,E2C,7,6.1722,23.0,2,38.82,0.1805
2125,W2C,7,5.9678,30.0,3,40.15,0.1941
2126,N2C,3,12.3902,0.0,0,19.34,0.0396
2126,S2C,5,12.1881,0.0,0,19.66,0.0545
2126,E2C,7,5.6365,25.0,2,42.51,0.1895
2126,W2C,7,5.2818,33.0,3,45.36,0.2059
2127,N2C,3,12.6414,0.0,0,18.95,0.036
2127,S2C,4,12.5209,0.0,0,19.14,0.0437
2127,E2C,7,5.4194,28.0,3,44.21,0.2006
2127,W2C,7,4.9962,36.0,3,47.96,0.2121
2128,N2C,3,12.5388,0.0,0,19.11,0.0375
2128,S2C,3,13.3586,0.0,0,17.94,0.0257
2128,E2C,7,5.3469,31.0,3,44.81,0.2037
2128,W2C,7,5.1809,40.0,4,46.25,0.2181
2129,N2C,3,12.3239,0.0,0,19.44,0.0406
2129,S2C,3,13.0045,0.0,0,18.42,0.0308
2129,E2C,7,5.1538,35.0,4,46.49,0.2151
2129,W2C,7,4.6848,44.0,4,51.14,0.2279
2130,N2C,3,12.7696,0.0,0,18.76,0.0341
2130,S2C,3,12.6838,0.0,0,18.89,0.0354
2130,E2C,7,4.5465,39.0,4,52.7,0.2265
2130,W2C,7,4.1721,48.0,4,57.43,0.2379
2131,N2C,3,12.6741,0.0,0,18.9,0.0355
2131,S2C,3,13.4159,0.0,0,17.86,0.0248
2131,E2C,8,5.3391,43.0,4,44.88,0.2238
2131,W2C,8,4.789,52.0,4,50.03,0.2377
2132,N2C,3,12.4548,0.0,0,19.24,0.0387
2132,S2C,3,13.0333,0.0,0,18.38,0.0303
2132,E2C,8,4.919,48.0,5,48.71,0.2392
2132,W2C,8,4.5311,56.0,4,52.88,0.2441
2133,N2C,3,12.5842,0.0,0,19.04,0.0368
2133,S2C,3,13.3658,0.0,0,17.93,0.0255
2133,E2C,8,4.7589,53.0,5,50.35,0.2448
2133,W2C,8,4.383,61.0,5,54.67,0.2556
2134,N2C,3,12.5326,0.0,0,19.12,0.0375
2134,S2C,3,12.9672,0.0,0,18.48,0.0313
2134,E2C,8,4.7269,58.0,5,50.69,0.2486
2134,W2C,8,4.4292,66.0,5,54.1,0.2582
2135,N2C,3,12.8184,0.0,0,18.69,0.0334
2135,S2C,3,13.2169,0.0,0,18.13,0.0277
2135,E2C,8,4.6374,63.0,5,51.67,0.2532
2135,W2C,8,4.5837,71.0,5,52.27,0.2593
2136,N2C,3,12.3674,0.0,0,19.37,0.0399
2136,S2C,3,12.8344,0.0,0,18.67,0.0332
2136,E2C,8,4.7833,68.0,5,50.09,0.2545
2136,W2C,8,4.4051,76.0,5,54.39,0.2652
2137,N2C,3,12.4737,0.0,0,19.21,0.0384
2137,S2C,3,12.9661,0.0,0,18.48,0.0313
2137,E2C,9,5.8884,73.0,5,40.69,0.2479
2137,W2C,9,5.3774,81.0,5,44.56,0.2606
2138,N2C,4,13.0427,0.0,0,18.37,0.0362
2138,S2C,3,12.8635,0.0,0,18.63,0.0328
2138,E2C,9,5.3608,78.0,5,44.69,0.2588
2138,W2C,9,5.3644,86.0,5,44.66,0.2641
2139,N2C,3,13.1856,0.0,0,18.17,0.0281
2139,S2C,3,12.7338,0.0,0,18.82,0.0346
2139,E2C,9,4.8407,83.0,5,49.5,0.2696
2139,W2C,9,5.2636,91.0,5,45.52,0.2689
2140,N2C,3,12.8435,0.0,0,18.66,0.0331
2140,S2C,3,12.7273,0.0,0,18.83,0.0347
2140,E2C,9,4.4455,88.0,5,53.9,0.2787
2140,W2C,9,5.2529,96.0,5,45.61,0.2724
2141,N2C,3,12.9688,0.0,0,18.48,0.0313
2141,S2C,3,12.995,0.0,0,18.44,0.0309
2141,E2C,9,3.9016,93.0,5,61.41,0.2898
2141,W2C,9,4.948,101.0,5,48.42,0.2801
2142,N2C,3,12.9678,0.0,0,18.48,0.0313
2142,S2C,3,12.6006,0.0,0,19.01,0.0366
2142,E2C,9,3.537,99.0,6,67.74,0.3051
2142,W2C,9,4.4298,106.0,5,54.09,0.2909
2143,N2C,4,12.6708,0.0,0,18.91,0.0416
2143,S2C,3,12.1699,0.0,0,19.69,0.0428
2143,E2C,10,4.1146,105.0,6,58.23,0.3068
2143,W2C,10,4.5734,111.0,5,52.39,0.2981
2144,N2C,4,11.6026,0.0,0,20.65,0.0569
2144,S2C,3,12.1924,0.0,0,19.65,0.0424
2144,E2C,10,3.8835,112.0,7,61.7,0.3207
2144,W2C,10,3.9596,116.0,5,60.51,0.3103
2145,N2C,4,10.6565,0.0,0,22.48,0.0706
2145,S2C,3,12.5021,0.0,0,19.16,0.038
2145,E2C,10,4.0727,119.0,7,58.83,0.3227
2145,W2C,10,3.8866,121.0,5,61.65,0.3147
2146,N2C,4,9.6946,0.0,0,24.71,0.0844
2146,S2C,3,12.2248,0.0,0,19.6,0.042
2146,E2C,8,4.9197,61.0,5,48.7,0.2478
2146,W2C,8,4.4678,61.0,5,53.63,0.2543
2147,N2C,4,9.9173,1.0,1,24.16,0.0879
2147,S2C,3,11.8779,0.0,0,20.17,0.047
2147,E2C,8,4.8651,26.0,3,49.25,0.2133
2147,W2C,8,4.3461,19.0,3,55.13,0.2161
2148,N2C,4,9.1101,2.0,1,26.3,0.1002
2148,S2C,3,12.3307,0.0,0,19.43,0.0405
2148,E2C,8,5.1195,5.0,1,46.8,0.1836
2148,W2C,8,4.7653,3.0,1,50.28,0.1874
2149,N2C,5,9.7695,3.0,1,24.53,0.0973
2149,S2C,4,11.7299,0.0,0,20.43,0.0551
2149,E2C,8,6.6115,0.0,0,36.24,0.1528
2149,W2C,8,6.3759,0.0,0,37.58,0.1562
2150,N2C,5,8.9979,4.0,1,26.63,0.1091
2150,S2C,4,10.8625,0.0,0,22.06,0.0676
2150,E2C,7,7.4099,0.0,0,32.34,0.1353
2150,W2C,7,7.3894,0.0,0,32.42,0.1356
2151,N2C,5,8.0414,5.0,1,29.8,0.1235
2151,S2C,4,9.5319,0.0,0,25.14,0.0868
2151,E2C,6,8.867,0.0,0,27.02,0.1083
2151,W2C,7,8.2335,0.0,0,29.1,0.1234
2152,N2C,5,7.7424,6.0,1,30.95,0.1285
2152,S2C,4,9.1256,0.0,0,26.26,0.0926
2152,E2C,5,9.8244,0.0,0,24.39,0.0885
2152,W2C,5,9.7019,0.0,0,24.7,0.0903
2153,N2C,5,7.602,7.0,1,31.52,0.1312
2153,S2C,4,9.4816,1.0,1,25.27,0.0941
2153,E2C,5,9.8029,0.0,0,24.44,0.0888
2153,W2C,5,10.7067,0.0,0,22.38,0.0758
2154,N2C,5,7.4873,9.0,2,32.0,0.1402
2154,S2C,4,9.3014,2.0,1,25.76,0.0974
2154,E2C,3,11.8396,0.0,0,20.24,0.0475
2154,W2C,3,12.3207,0.0,0,19.45,0.0406
2155,N2C,6,8.0961,11.0,2,29.59,0.1388
2155,S2C,5,9.9442,3.0,1,24.09,0.0948
2155,E2C,4,11.697,0.0,0,20.48,0.0556
2155,W2C,4,12.3104,0.0,0,19.46,0.0467
2156,N2C,6,7.2508,13.0,2,33.04,0.1523
2156,S2C,5,9.1189,4.0,1,26.28,0.1074
2156,E2C,3,12.4918,0.0,0,19.18,0.0381
2156,W2C,4,12.2075,0.0,0,19.63,0.0482
2157,N2C,6,6.5071,15.0,2,36.82,0.1643
2157,S2C,5,8.4223,5.0,1,28.45,0.1181
2157,E2C,3,12.1694,0.0,0,19.69,0.0428
2157,W2C,4,12.2491,0.0,0,19.56,0.0476
2158,N2C,6,6.4338,17.0,2,37.24,0.1667
2158,S2C,5,7.65,6.0,1,31.32,0.1298
2158,E2C,3,12.5021,0.0,0,19.16,0.038
2158,W2C,3,12.567,0.0,0,19.07,0.0371
2159,N2C,6,6.3456,20.0,3,37.76,0.176
2159,S2C,5,7.6266,7.0,1,31.42,0.1309
2159,E2C,3,12.0741,0.0,0,19.84,0.0441
2159,W2C,3,12.6747,0.0,0,18.9,0.0355
2160,N2C,6,5.5849,23.0,3,42.9,0.1889
2160,S2C,5,7.6767,9.0,2,31.21,0.1375
2160,E2C,3,12.1578,0.0,0,19.71,0.0429
2160,W2C,3,12.501,0.0,0,19.17,0.038
2161,N2C,7,6.1538,26.0,3,38.94,0.1887
2161,S2C,6,8.5638,11.0,2,27.98,0.132
2161,E2C,3,12.3171,0.0,0,19.45,0.0406
2161,W2C,3,12.5535,0.0,0,19.09,0.0372
2162,N2C,7,5.6356,29.0,3,42.52,0.1982
2162,S2C,6,7.7724,13.0,2,30.83,0.1448
2162,E2C,3,12.0907,0.0,0,19.82,0.0439
2162,W2C,3,12.1524,0.0,0,19.72,0.043
2163,N2C,7,5.2767,33.0,4,45.41,0.212
2163,S2C,6,6.788,15.0,2,35.3,0.1603
2163,E2C,3,12.0003,0.0,0,19.97,0.0452
2163,W2C,3,12.2756,0.0,0,19.52,0.0412
2164,N2C,7,5.5543,37.0,4,43.14,0.2107
2164,S2C,6,6.4744,17.0,2,37.01,0.1661
2164,E2C,3,12.1511,0.0,0,19.72,0.043
2164,W2C,3,11.9778,0.0,0,20.0,0.0455
2165,N2C,7,5.5411,41.0,4,43.24,0.2135
2165,S2C,6,6.3522,19.0,2,37.72,0.1692
2165,E2C,3,11.9596,0.0,0,20.03,0.0458
2165,W2C,3,12.0974,0.0,0,19.81,0.0438
2166,N2C,7,5.4349,45.0,4,44.09,0.2177
2166,S2C,6,6.2595,22.0,3,38.28,0.1785
2166,E2C,3,11.9864,0.0,0,19.99,0.0454
2166,W2C,3,12.5816,0.0,0,19.04,0.0368
2167,N2C,8,6.0987,49.0,4,39.29,0.2169
2167,S2C,7,6.8426,25.0,3,35.02,0.1781
2167,E2C,3,11.9643,0.0,0,20.03,0.0457
2167,W2C,4,12.8286,0.0,0,18.68,0.0393
2168,N2C,8,5.4396,53.0,4,44.05,0.229
2168,S2C,7,6.6482,28.0,3,36.04,0.1829
2168,E2C,3,11.7058,0.0,0,20.47,0.0495
2168,W2C,3,12.7438,0.0,0,18.8,0.0345
2169,N2C,8,5.0949,57.0,4,47.03,0.2366
2169,S2C,7,6.0989,31.0,3,39.29,0.1928
2169,E2C,3,12.0422,0.0,0,19.9,0.0446
2169,W2C,3,12.6868,0.0,0,18.89,0.0353
2170,N2C,8,5.0439,61.0,4,47.5,0.24
2170,S2C,7,5.7919,34.0,3,41.37,0.1993
2170,E2C,3,11.9247,0.0,0,20.09,0.0463
2170,W2C,3,12.3104,0.0,0,19.46,0.0407
2171,N2C,8,4.8437,66.0,5,49.47,0.2523
2171,S2C,7,5.5057,37.0,3,43.52,0.2054
2171,E2C,3,11.7728,0.0,0,20.35,0.0485
2171,W2C,3,12.4274,0.0,0,19.28,0.0391
2172,N2C,8,4.2692,71.0,5,56.12,0.2639
2172,S2C,7,4.8936,41.0,4,48.96,0.2229
2172,E2C,3,12.212,0.0,0,19.62,0.0422
2172,W2C,3,12.3709,0.0,0,19.37,0.0399
2173,N2C,9,4.7975,76.0,5,49.94,0.2656
2173,S2C,8,5.5244,45.0,4,43.37,0.2225
2173,E2C,4,12.2195,0.0,0,19.61,0.0481
2173,W2C,4,12.5795,0.0,0,19.05,0.0429
2174,N2C,9,4.59,81.0,5,52.2,0.2719
2174,S2C,8,4.965,49.0,4,48.26,0.2332
2174,E2C,4,11.9764,0.0,0,20.01,0.0516
2174,W2C,4,12.1214,0.0,0,19.77,0.0495
2175,N2C,9,4.3874,87.0,6,54.61,0.2848
2175,S2C,8,5.0932,53.0,4,47.04,0.234
2175,E2C,4,12.3678,0.0,0,19.37,0.0459
2175,W2C,4,12.5355,0.0,0,19.11,0.0435
2176,N2C,9,4.337,93.0,6,55.25,0.2896
2176,S2C,8,5.0915,58.0,5,47.06,0.2434
2176,E2C,4,12.2527,0.0,0,19.55,0.0476
2176,W2C,4,11.489,0.0,0,20.85,0.0586
2177,N2C,9,3.9643,99.0,6,60.44,0.2989
2177,S2C,8,4.5869,63.0,5,52.24,0.254
2177,E2C,4,12.0323,0.0,0,19.91,0.0507
2177,W2C,4,10.1632,0.0,0,23.58,0.0777
2178,N2C,9,3.5473,105.0,6,67.54,0.3089
2178,S2C,8,4.0481,68.0,5,59.19,0.265
2178,E2C,4,10.8982,0.0,0,21.99,0.0671
2178,W2C,4,9.8626,1.0,1,24.29,0.0887
2179,N2C,8,5.1305,52.0,4,46.7,0.2328
2179,S2C,7,6.1544,26.0,3,38.93,0.1887
2179,E2C,5,9.9737,0.0,0,24.02,0.0864
2179,W2C,5,9.9112,2.0,1,24.17,0.0946
2180,N2C,8,5.3305,16.0,2,44.95,0.1939
2180,S2C,7,5.9153,5.0,1,40.51,0.1662
2180,E2C,5,8.6764,1.0,1,27.62,0.1117
2180,W2C,5,8.9039,3.0,1,26.91,0.1098
2181,N2C,8,6.3243,0.0,0,37.89,0.1569
2181,S2C,7,7.2656,0.0,0,32.98,0.1374
2181,E2C,5,7.8982,2.0,1,30.34,0.1236
2181,W2C,5,8.3249,4.0,1,28.78,0.1188
2182,N2C,6,7.4496,0.0,0,32.16,0.1287
2182,S2C,5,9.0393,0.0,0,26.51,0.0998
2182,E2C,5,7.6714,3.0,1,31.23,0.1275
2182,W2C,5,7.9293,5.0,1,30.22,0.1252
2183,N2C,6,8.0691,0.0,0,29.69,0.1198
2183,S2C,5,9.1473,0.0,0,26.19,0.0983
2183,E2C,5,7.6752,5.0,2,31.22,0.1348
2183,W2C,5,7.6056,6.0,1,31.5,0.1305
2184,N2C,5,9.3714,0.0,0,25.57,0.0951
2184,S2C,4,10.0353,0.0,0,23.88,0.0795
2184,E2C,5,7.7233,7.0,2,31.02,0.1355
2184,W2C,5,7.1914,8.0,2,33.32,0.1438
2185,N2C,5,10.9624,0.0,0,21.86,0.0722
2185,S2C,4,12.2263,0.0,0,19.6,0.048
2185,E2C,6,8.405,9.0,2,28.51,0.133
2185,W2C,6,7.3896,10.0,2,32.42,0.1483
2186,N2C,4,11.6105,0.0,0,20.64,0.0568
2186,S2C,3,13.4925,0.0,0,17.76,0.0237
2186,E2C,6,7.7094,11.0,2,31.08,0.1443
2186,W2C,6,6.6241,12.0,2,36.17,0.1606
2187,N2C,3,13.3299,0.0,0,17.97,0.0261
2187,S2C,3,13.0831,0.0,0,18.31,0.0296
2187,E2C,6,7.0362,13.0,2,34.05,0.1554
2187,W2C,6,6.3397,15.0,3,37.79,0.1727
2188,N2C,3,12.8031,0.0,0,18.71,0.0337
2188,S2C,3,13.1087,0.0,0,18.28,0.0292
2188,E2C,6,6.6444,15.0,2,36.06,0.1623
2188,W2C,6,6.2609,18.0,3,38.27,0.1759
2189,N2C,3,13.3396,0.0,0,17.96,0.0259
2189,S2C,3,13.4845,0.0,0,17.77,0.0238
2189,E2C,6,6.5245,18.0,3,36.72,0.1721
2189,W2C,6,6.3184,21.0,3,37.92,0.177
2190,N2C,3,13.4848,0.0,0,17.77,0.0238
2190,S2C,3,13.4443,0.0,0,17.82,0.0244
2190,E2C,6,5.8934,21.0,3,40.66,0.1831
2190,W2C,6,6.1449,24.0,3,38.99,0.1815
2191,N2C,3,12.7164,0.0,0,18.84,0.0349
2191,S2C,3,13.5595,0.0,0,17.67,0.0228
2191,E2C,7,6.4905,24.0,3,36.92,0.1825
2191,W2C,7,6.6623,27.0,3,35.96,0.1821
2192,N2C,3,12.3123,0.0,0,19.46,0.0407
2192,S2C,3,13.3316,0.0,0,17.97,0.026
2192,E2C,7,5.8165,27.0,3,41.19,0.1942
2192,W2C,7,5.9597,30.0,3,40.2,0.1942
2193,N2C,3,12.4825,0.0,0,19.19,0.0383
2193,S2C,3,13.003,0.0,0,18.43,0.0308
2193,E2C,7,5.5836,31.0,4,42.91,0.2063
2193,W2C,7,5.7455,33.0,3,41.7,0.1993
2194,N2C,3,12.3327,0.0,0,19.43,0.0404
2194,S2C,3,12.9141,0.0,0,18.55,0.0321
2194,E2C,7,5.6647,35.0,4,42.3,0.2078
2194,W2C,7,5.6332,36.0,3,42.53,0.2029
2195,N2C,3,12.6277,0.0,0,18.97,0.0362
2195,S2C,3,13.3252,0.0,0,17.98,0.0261
2195,E2C,7,5.3828,39.0,4,44.51,0.2145
2195,W2C,7,5.2332,40.0,4,45.78,0.2173
2196,N2C,3,12.35,0.0,0,19.4,0.0402
2196,S2C,3,13.4081,0.0,0,17.87,0.0249
2196,E2C,7,4.8214,43.0,4,49.7,0.2252
2196,W2C,7,4.5304,44.0,4,52.89,0.2301
2197,N2C,3,12.658,0.0,0,18.93,0.0357
2197,S2C,3,13.5808,0.0,0,17.64,0.0225
2197,E2C,8,5.534,47.0,4,43.3,0.2236
2197,W2C,8,5.3693,48.0,4,44.62,0.2267
2198,N2C,3,12.8677,0.0,0,18.62,0.0327
2198,S2C,3,13.1146,0.0,0,18.27,0.0292
2198,E2C,8,5.0221,51.0,4,47.71,0.2337
2198,W2C,8,4.8104,52.0,4,49.81,0.2374
2199,N2C,3,12.0376,0.0,0,19.9,0.0447
2199,S2C,3,13.3656,0.0,0,17.93,0.0256
2199,E2C,8,5.0045,56.0,5,47.88,0.2433
2199,W2C,8,4.87,57.0,5,49.2,0.2459
2200,N2C,3,12.4123,0.0,0,19.3,0.0393
2200,S2C,3,13.3394,0.0,0,17.96,0.0259
2200,E2C,8,5.0138,61.0,5,47.79,0.2465
2200,W2C,8,4.8167,62.0,5,49.74,0.25
2201,N2C,3,12.2042,0.0,0,19.63,0.0423
2201,S2C,3,13.3756,0.0,0,17.91,0.0254
2201,E2C,8,4.5255,66.0,5,52.94,0.2568
2201,W2C,8,4.7038,67.0,5,50.94,0.2549
2202,N2C,3,12.384,0.0,0,19.35,0.0397
2202,S2C,3,13.2504,0.0,0,18.08,0.0272
2202,E2C,8,4.0472,71.0,5,59.2,0.2671
2202,W2C,8,4.7893,72.0,5,50.03,0.257
2203,N2C,3,12.5508,0.0,0,19.09,0.0373
2203,S2C,3,13.2813,0.0,0,18.04,0.0268
2203,E2C,9,4.5698,76.0,5,52.43,0.2689
2203,W2C,9,5.3576,77.0,5,44.72,0.2582
2204,N2C,3,11.948,0.0,0,20.05,0.046
2204,S2C,3,12.8476,0.0,0,18.65,0.033
2204,E2C,9,4.3401,81.0,5,55.21,0.2755
2204,W2C,9,5.0347,82.0,5,47.59,0.2662
2205,N2C,3,12.1915,0.0,0,19.65,0.0425
2205,S2C,3,13.0698,0.0,0,18.33,0.0298
2205,E2C,9,4.1413,87.0,6,57.86,0.2884
2205,W2C,9,4.5149,87.0,5,53.07,0.277
2206,N2C,3,12.6239,0.0,0,18.98,0.0362
2206,S2C,3,12.7058,0.0,0,18.86,0.0351
2206,E2C,9,4.1862,93.0,6,57.24,0.2917
2206,W2C,9,4.4533,92.0,5,53.8,0.2812
2207,N2C,3,11.5498,0.0,0,20.74,0.0517
2207,S2C,3,12.7314,0.0,0,18.82,0.0347
2207,E2C,9,3.8689,99.0,6,61.93,0.3003
2207,W2C,9,3.8465,98.0,6,62.29,0.2999
2208,N2C,3,11.7774,0.0,0,20.34,0.0484
2208,S2C,3,13.0772,0.0,0,18.32,0.0297
2208,E2C,9,3.4262,105.0,6,69.93,0.3107
2208,W2C,9,3.4235,104.0,6,69.99,0.31
2209,N2C,4,12.5821,0.0,0,19.04,0.0428
2209,S2C,3,13.2761,0.0,0,18.05,0.0268
2209,E2C,10,3.9417,111.0,6,60.79,0.3132
2209,W2C,10,4.0324,110.0,6,59.42,0.3113
2210,N2C,4,12.0486,0.0,0,19.89,0.0505
2210,S2C,3,12.9496,0.0,0,18.5,0.0315
2210,E2C,10,3.794,117.0,6,63.15,0.3194
2210,W2C,10,3.889,116.0,6,61.61,0.3173
2211,N2C,4,12.5393,0.0,0,19.11,0.0434
2211,S2C,3,12.9349,0.0,0,18.52,0.0318
2211,E2C,10,3.7773,124.0,7,63.43,0.3303
2211,W2C,10,3.9389,123.0,7,60.83,0.3273
2212,N2C,4,11.5995,0.0,0,20.66,0.057
2212,S2C,3,13.4015,0.0,0,17.88,0.025
2212,E2C,8,4.5874,68.0,5,52.23,0.2573
2212,W2C,8,4.9273,66.0,5,48.63,0.2511
2213,N2C,4,10.3127,0.0,0,23.23,0.0755
2213,S2C,3,13.0518,0.0,0,18.36,0.0301
2213,E2C,8,4.805,27.0,3,49.86,0.2148
2213,W2C,8,4.9016,25.0,3,48.88,0.2121
2214,N2C,4,9.6298,0.0,0,24.88,0.0853
2214,S2C,3,13.0267,0.0,0,18.39,0.0304
2214,E2C,8,4.859,4.0,1,49.31,0.1867
2214,W2C,8,5.2418,4.0,1,45.71,0.1812
2215,N2C,5,9.711,1.0,1,24.67,0.0968
2215,S2C,4,11.9963,0.0,0,19.97,0.0513
2215,E2C,7,6.7822,0.0,0,35.33,0.1443
2215,W2C,7,6.9999,0.0,0,34.23,0.1412
2216,N2C,5,8.8613,2.0,1,27.04,0.1097
2216,S2C,4,10.9872,0.0,0,21.81,0.0658
2216,E2C,7,7.3352,0.0,0,32.66,0.1364
2216,W2C,7,7.5682,0.0,0,31.66,0.133
2217,N2C,5,7.8348,3.0,1,30.58,0.1252
2217,S2C,4,9.8033,1.0,1,24.44,0.0895
2217,E2C,7,8.2138,0.0,0,29.17,0.1237
2217,W2C,6,8.7715,0.0,0,27.32,0.1097
2218,N2C,5,7.866,4.0,1,30.46,0.1254
2218,S2C,4,10.1469,2.0,1,23.61,0.0852
2218,E2C,5,9.7652,0.0,0,24.54,0.0894
2218,W2C,5,9.8201,0.0,0,24.4,0.0886
2219,N2C,5,7.7135,6.0,2,31.06,0.1349
2219,S2C,4,9.9285,3.0,1,24.13,0.089
2219,E2C,5,10.3042,0.0,0,23.25,0.0816
2219,W2C,5,10.4789,0.0,0,22.86,0.0791
2220,N2C,5,7.8461,8.0,2,30.54,0.1344
2220,S2C,4,10.0774,4.0,1,23.78,0.0876
2220,E2C,3,12.7899,0.0,0,18.73,0.0338
2220,W2C,3,12.0195,0.0,0,19.93,0.0449
2221,N2C,6,8.4252,10.0,2,28.44,0.1334
2221,S2C,5,9.827,5.0,1,24.38,0.0978
2221,E2C,4,12.3831,0.0,0,19.35,0.0457
2221,W2C,4,12.2818,0.0,0,19.51,0.0472
2222,N2C,6,7.7255,12.0,2,31.01,0.1448
2222,S2C,5,8.8109,6.0,1,27.19,0.1131
2222,E2C,4,12.3902,0.0,0,19.34,0.0456
2222,W2C,3,13.1246,0.0,0,18.26,0.029
2223,N2C,6,7.2298,14.0,2,33.14,0.1532
2223,S2C,5,8.1877,7.0,1,29.26,0.1228
2223,E2C,4,11.7326,0.0,0,20.42,0.0551
2223,W2C,3,12.6919,0.0,0,18.88,0.0353
2224,N2C,6,6.5072,17.0,3,36.82,0.1716
2224,S2C,5,7.9338,9.0,2,30.2,0.1338
2224,E2C,3,12.673,0.0,0,18.91,0.0355
2224,W2C,3,13.0713,0.0,0,18.33,0.0298
2225,N2C,6,6.6231,20.0,3,36.18,0.172
2225,S2C,5,7.8312,11.0,2,30.6,0.1366
2225,E2C,3,12.3028,0.0,0,19.48,0.0409
2225,W2C,3,12.8225,0.0,0,18.69,0.0334
2226,N2C,6,5.8211,23.0,3,41.16,0.1855
2226,S2C,5,6.8876,13.0,2,34.79,0.1515
2226,E2C,3,12.7687,0.0,0,18.76,0.0341
2226,W2C,3,12.7036,0.0,0,18.86,0.0351
2227,N2C,7,6.2848,26.0,3,38.12,0.1868
2227,S2C,6,7.3126,15.0,2,32.77,0.1527
2227,E2C,3,12.3971,0.0,0,19.33,0.0395
2227,W2C,3,12.8496,0.0,0,18.65,0.033
2228,N2C,7,5.4604,29.0,3,43.88,0.2007
2228,S2C,6,6.5561,17.0,2,36.55,0.1649
2228,E2C,3,12.3321,0.0,0,19.43,0.0404
2228,W2C,3,12.7429,0.0,0,18.8,0.0345
2229,N2C,7,5.6021,33.0,4,42.77,0.2073
2229,S2C,6,6.4682,20.0,3,37.04,0.1742
2229,E2C,3,12.6426,0.0,0,18.95,0.036
2229,W2C,3,12.7299,0.0,0,18.82,0.0347
2230,N2C,7,5.52,37.0,4,43.41,0.2112
2230,S2C,6,6.6415,23.0,3,36.08,0.1737
2230,E2C,3,13.0498,0.0,0,18.36,0.0301
2230,W2C,3,12.5931,0.0,0,19.03,0.0367
2231,N2C,7,5.1735,41.0,4,46.31,0.2188
2231,S2C,6,6.3481,26.0,3,37.74,0.1799
2231,E2C,3,12.6514,0.0,0,18.94,0.0358
2231,W2C,3,12.7443,0.0,0,18.8,0.0345
2232,N2C,7,4.6366,45.0,4,51.68,0.2292
2232,S2C,6,5.639,29.0,3,42.49,0.1921
2232,E2C,3,12.7095,0.0,0,18.85,0.035
2232,W2C,3,12.5361,0.0,0,19.11,0.0375
2233,N2C,8,5.4235,49.0,4,44.18,0.2266
2233,S2C,7,6.4124,32.0,3,37.37,0.189
2233,E2C,3,12.7159,0.0,0,18.84,0.0349
2233,W2C,4,12.8762,0.0,0,18.61,0.0386
2234,N2C,8,4.8322,54.0,5,49.58,0.2444
2234,S2C,7,5.8405,35.0,3,41.02,0.1992
2234,E2C,3,12.5046,0.0,0,19.16,0.0379
2234,W2C,4,13.1584,0.0,0,18.21,0.0345
2235,N2C,8,4.9987,59.0,5,47.93,0.2454
2235,S2C,7,5.5138,39.0,4,43.45,0.2126
2235,E2C,3,12.2734,0.0,0,19.52,0.0413
2235,W2C,3,13.3021,0.0,0,18.01,0.0265
2236,N2C,8,4.9254,64.0,5,48.65,0.2497
2236,S2C,7,5.4763,43.0,4,43.75,0.2158
2236,E2C,3,12.6233,0.0,0,18.98,0.0362
2236,W2C,3,13.0068,0.0,0,18.42,0.0307
2237,N2C,8,4.4125,69.0,5,54.3,0.2605
2237,S2C,7,5.5281,47.0,4,43.34,0.2177
2237,E2C,3,12.5538,0.0,0,19.09,0.0372
2237,W2C,3,12.7582,0.0,0,18.78,0.0343
2238,N2C,8,4.1023,74.0,5,58.41,0.2683
2238,S2C,7,5.3405,51.0,4,44.86,0.2231
2238,E2C,3,11.9742,0.0,0,20.01,0.0456
2238,W2C,3,13.0429,0.0,0,18.37,0.0302
2239,N2C,9,4.5594,79.0,5,52.55,0.271
2239,S2C,8,6.0601,55.0,4,39.54,0.2214
2239,E2C,4,12.5525,0.0,0,19.09,0.0433
2239,W2C,3,12.9198,0.0,0,18.55,0.032
2240,N2C,9,4.2708,84.0,5,56.1,0.2785
2240,S2C,8,5.3913,59.0,4,44.44,0.2337
2240,E2C,4,12.3617,0.0,0,19.38,0.046
2240,W2C,3,12.6707,0.0,0,18.91,0.0356
2241,N2C,9,4.1533,89.0,5,57.69,0.2835
2241,S2C,8,5.0161,63.0,4,47.77,0.2418
2241,E2C,4,12.4677,0.0,0,19.22,0.0445
2241,W2C,3,12.9897,0.0,0,18.45,0.031
2242,N2C,9,4.2244,95.0,6,56.72,0.2925
2242,S2C,8,5.1627,68.0,5,46.41,0.249
2242,E2C,4,12.1624,0.0,0,19.7,0.0489
2242,W2C,3,12.7134,0.0,0,18.85,0.0349
2243,N2C,9,4.2056,101.0,6,56.97,0.2968
2243,S2C,8,4.6019,73.0,5,52.07,0.2604
2243,E2C,4,10.9255,0.0,0,21.93,0.0667
2243,W2C,3,12.7846,0.0,0,18.74,0.0339
2244,N2C,9,3.8866,107.0,6,61.65,0.3054
2244,S2C,8,4.0017,78.0,5,59.87,0.2724
2244,E2C,4,9.4209,0.0,0,25.43,0.0883
2244,W2C,3,11.7481,0.0,0,20.39,0.0488
2245,N2C,8,5.6966,55.0,4,42.06,0.2266
2245,S2C,7,5.9401,32.0,3,40.34,0.1958
2245,E2C,5,9.2849,0.0,0,25.81,0.0963
2245,W2C,4,11.1674,0.0,0,21.46,0.0632
2246,N2C,8,5.4142,18.0,2,44.25,0.194
2246,S2C,7,6.0895,5.0,1,39.35,0.1637
2246,E2C,5,8.5722,1.0,1,27.95,0.1132
2246,W2C,4,10.2554,0.0,0,23.36,0.0763
2247,N2C,8,5.9988,0.0,0,39.94,0.1616
2247,S2C,7,7.0283,0.0,0,34.09,0.1408
2247,E2C,5,7.5595,2.0,1,31.7,0.1285
2247,W2C,4,9.5139,0.0,0,25.18,0.087
2248,N2C,6,7.4026,0.0,0,32.37,0.1294
2248,S2C,6,7.955,0.0,0,30.12,0.1215
2248,E2C,5,7.6623,3.0,1,31.27,0.1277
2248,W2C,4,9.5634,1.0,1,25.05,0.093
2249,N2C,6,7.9174,0.0,0,30.26,0.122
2249,S2C,5,9.2273,0.0,0,25.97,0.0971
2249,E2C,5,7.8533,4.0,1,30.51,0.1256
2249,W2C,4,9.5335,2.0,1,25.13,0.0941
2250,N2C,5,8.3878,0.0,0,28.57,0.1092
2250,S2C,4,9.6225,0.0,0,24.9,0.0854
2250,E2C,5,7.1306,6.0,2,33.6,0.1433
2250,W2C,4,9.5479,3.0,1,25.09,0.0945
2251,N2C,5,10.3315,0.0,0,23.19,0.0812
2251,S2C,4,12.1411,0.0,0,19.73,0.0492
2251,E2C,6,7.2342,8.0,2,33.12,0.1492
2251,W2C,5,9.6965,4.0,1,24.71,0.099
2252,N2C,4,11.6261,0.0,0,20.61,0.0566
2252,S2C,4,12.4327,0.0,0,19.27,0.045
2252,E2C,6,6.4051,10.0,2,37.41,0.1624
2252,W2C,5,8.9385,5.0,1,26.81,0.1106
2253,N2C,3,12.483,0.0,0,19.19,0.0383
2253,S2C,3,13.2615,0.0,0,18.07,0.0271
2253,E2C,6,6.2441,13.0,3,38.37,0.1728
2253,W2C,5,7.7725,6.0,1,30.83,0.1281
2254,N2C,3,13.0156,0.0,0,18.41,0.0306
2254,S2C,3,13.4675,0.0,0,17.79,0.0241
2254,E2C,6,6.2889,16.0,3,38.1,0.1741
2254,W2C,5,7.7962,7.0,1,30.73,0.1284
2255,N2C,3,12.7838,0.0,0,18.74,0.0339
2255,S2C,3,12.8866,0.0,0,18.59,0.0324
2255,E2C,6,6.0553,19.0,3,39.57,0.1795
2255,W2C,5,7.6885,9.0,2,31.16,0.1373
2256,N2C,3,12.0927,0.0,0,19.81,0.0439
2256,S2C,3,13.117,0.0,0,18.27,0.0291
2256,E2C,6,6.2872,22.0,3,38.11,0.1781
2256,W2C,5,7.8099,11.0,2,30.68,0.1369
2257,N2C,4,12.9561,0.0,0,18.49,0.0374
2257,S2C,3,13.5091,0.0,0,17.74,0.0235
2257,E2C,7,7.4471,25.0,3,32.17,0.1694
2257,W2C,6,8.6322,13.0,2,27.76,0.1324
2258,N2C,4,12.8389,0.0,0,18.66,0.0391
2258,S2C,3,13.0885,0.0,0,18.31,0.0295
2258,E2C,7,6.6385,28.0,3,36.09,0.1831
2258,W2C,6,7.9877,15.0,2,30.0,0.143
2259,N2C,3,12.8802,0.0,0,18.6,0.0325
2259,S2C,3,13.5555,0.0,0,17.68,0.0228
2259,E2C,7,6.1116,31.0,3,39.2,0.1927
2259,W2C,6,7.21,17.0,2,33.23,0.1555
2260,N2C,3,12.8834,0.0,0,18.6,0.0325
2260,S2C,3,12.8405,0.0,0,18.66,0.0331
2260,E2C,7,5.5551,35.0,4,43.13,0.2093
2260,W2C,6,6.815,19.0,2,35.16,0.1625
2261,N2C,3,12.8224,0.0,0,18.69,0.0334
2261,S2C,3,13.7477,0.0,0,17.43,0.02
2261,E2C,7,5.3299,39.0,4,44.95,0.2153
2261,W2C,6,6.6521,21.0,2,36.02,0.1662
2262,N2C,3,13.328,0.0,0,17.98,0.0261
2262,S2C,3,13.0585,0.0,0,18.35,0.03
2262,E2C,7,4.684,43.0,4,51.15,0.2272
2262,W2C,6,5.8609,24.0,3,40.88,0.1856
2263,N2C,3,13.317,0.0,0,17.99,0.0263
2263,S2C,3,13.6184,0.0,0,17.59,0.0219
2263,E2C,8,5.2756,47.0,4,45.42,0.2274
2263,W2C,7,6.097,27.0,3,39.3,0.1902
2264,N2C,3,12.9954,0.0,0,18.44,0.0309
2264,S2C,3,13.2786,0.0,0,18.04,0.0268
2264,E2C,8,4.8136,51.0,4,49.78,0.2367
2264,W2C,7,5.3406,31.0,4,44.86,0.2098
2265,N2C,3,12.8693,0.0,0,18.62,0.0327
2265,S2C,3,12.8728,0.0,0,18.61,0.0326
2265,E2C,8,4.9271,55.0,4,48.63,0.2377
2265,W2C,7,5.2926,35.0,4,45.27,0.2131
2266,N2C,3,13.3189,0.0,0,17.99,0.0262
2266,S2C,3,13.2331,0.0,0,18.11,0.0275
2266,E2C,8,4.9018,60.0,5,48.88,0.2474
2266,W2C,7,5.4874,39.0,4,43.66,0.213
2267,N2C,3,12.8703,0.0,0,18.62,0.0327
2267,S2C,3,13.3271,0.0,0,17.98,0.0261
2267,E2C,8,4.8472,65.0,5,49.43,0.2515
2267,W2C,7,5.1635,43.0,4,46.4,0.2203
2268,N2C,3,12.9954,0.0,0,18.44,0.0309
2268,S2C,3,13.3103,0.0,0,18.0,0.0263
2268,E2C,8,4.7481,70.0,5,50.46,0.2563
2268,W2C,7,4.638,47.0,4,51.66,0.2306
2269,N2C,4,12.9179,0.0,0,18.55,0.038
2269,S2C,3,13.4912,0.0,0,17.76,0.0237
2269,E2C,9,5.0291,75.0,5,47.64,0.2616
2269,W2C,8,5.1883,51.0,4,46.18,0.2313
2270,N2C,3,13.3256,0.0,0,17.98,0.0261
2270,S2C,3,13.2371,0.0,0,18.1,0.0274
2270,E2C,9,4.4196,80.0,5,54.21,0.2737
2270,W2C,8,4.7269,55.0,4,50.69,0.2406
2271,N2C,3,13.307,0.0,0,18.01,0.0264
2271,S2C,3,13.0653,0.0,0,18.34,0.0299
2271,E2C,9,4.2429,85.0,5,56.47,0.2796
2271,W2C,8,4.7264,59.0,4,50.69,0.2433
2272,N2C,3,12.7378,0.0,0,18.81,0.0346
2272,S2C,3,13.3042,0.0,0,18.01,0.0264
2272,E2C,9,4.0848,91.0,6,58.66,0.2918
2272,W2C,8,4.6866,63.0,4,51.12,0.2465
2273,N2C,3,13.0915,0.0,0,18.3,0.0295
2273,S2C,3,12.9106,0.0,0,18.56,0.0321
2273,E2C,9,3.6894,97.0,6,64.94,0.3015
2273,W2C,8,4.4468,68.0,5,53.88,0.2593
2274,N2C,3,12.9273,0.0,0,18.53,0.0319
2274,S2C,3,13.3931,0.0,0,17.89,0.0252
2274,E2C,9,3.173,103.0,6,75.51,0.313
2274,W2C,8,3.7636,73.0,5,63.66,0.2725
2275,N2C,3,13.2978,0.0,0,18.02,0.0265
2275,S2C,3,12.6825,0.0,0,18.89,0.0354
2275,E2C,10,3.8188,109.0,6,62.74,0.3137
2275,W2C,9,4.59,78.0,5,52.2,0.2699
2276,N2C,3,12.927,0.0,0,18.53,0.0319
2276,S2C,3,12.7349,0.0,0,18.81,0.0346
2276,E2C,10,3.7919,115.0,6,63.19,0.3181
2276,W2C,9,4.2849,84.0,6,55.92,0.2843
2277,N2C,3,13.1648,0.0,0,18.2,0.0284
2277,S2C,3,12.7665,0.0,0,18.77,0.0342
2277,E2C,10,3.733,122.0,7,64.19,0.3296
2277,W2C,9,4.2257,90.0,6,56.7,0.2892
2278,N2C,3,12.7003,0.0,0,18.87,0.0351
2278,S2C,3,12.4652,0.0,0,19.22,0.0385
2278,E2C,8,4.5139,67.0,5,53.08,0.2577
2278,W2C,7,5.3907,41.0,4,44.45,0.2157
2279,N2C,3,12.5706,0.0,0,19.06,0.037
2279,S2C,3,13.052,0.0,0,18.36,0.0301
2279,E2C,8,4.3287,25.0,3,55.35,0.2203
2279,W2C,7,5.8634,11.0,2,40.86,0.1769
2280,N2C,3,12.7826,0.0,0,18.74,0.0339
2280,S2C,3,12.3911,0.0,0,19.34,0.0396
2280,E2C,8,4.6483,4.0,1,51.55,0.1897
2280,W2C,7,6.8076,0.0,0,35.2,0.144
2281,N2C,4,11.668,0.0,0,20.53,0.056
2281,S2C,4,11.7215,0.0,0,20.44,0.0552
2281,E2C,7,6.7363,0.0,0,35.57,0.145
2281,W2C,6,9.0638,0.0,0,26.43,0.1055
2282,N2C,4,10.805,0.0,0,22.17,0.0684
2282,S2C,4,10.4999,0.0,0,22.82,0.0728
2282,E2C,7,7.4608,0.0,0,32.11,0.1346
2282,W2C,6,9.3965,0.0,0,25.5,0.1007
2283,N2C,4,9.7332,0.0,0,24.62,0.0839
2283,S2C,4,9.6546,1.0,1,24.82,0.0917
2283,E2C,5,9.0083,0.0,0,26.6,0.1003
2283,W2C,5,9.9882,0.0,0,23.99,0.0862
2284,N2C,4,9.7937,0.0,0,24.46,0.083
2284,S2C,4,9.4127,2.0,1,25.45,0.0958
2284,E2C,5,9.7949,0.0,0,24.46,0.089
2284,W2C,4,11.6533,0.0,0,20.56,0.0562
2285,N2C,4,9.4654,1.0,1,25.31,0.0944
2285,S2C,4,9.4802,3.0,1,25.27,0.0955
2285,E2C,4,11.0843,0.0,0,21.62,0.0644
2285,W2C,3,12.4608,0.0,0,19.23,0.0386
2286,N2C,4,9.9254,2.0,1,24.14,0.0884
2286,S2C,4,8.8786,4.0,1,26.99,0.1048
2286,E2C,3,12.1528,0.0,0,19.72,0.043
2286,W2C,3,12.868,0.0,0,18.62,0.0327
2287,N2C,5,9.9518,3.0,1,24.08,0.0947
2287,S2C,5,9.714,5.0,1,24.67,0.0995
2287,E2C,4,12.8264,0.0,0,18.68,0.0393
2287,W2C,3,12.2677,0.0,0,19.53,0.0414
2288,N2C,5,8.6126,4.0,1,27.82,0.1147
2288,S2C,5,8.5562,6.0,1,28.0,0.1168
2288,E2C,4,12.1765,0.0,0,19.68,0.0487
2288,W2C,3,11.8552,0.0,0,20.21,0.0473
2289,N2C,5,7.9608,5.0,1,30.1,0.1247
2289,S2C,5,7.8731,7.0,1,30.43,0.1273
2289,E2C,4,12.0012,0.0,0,19.96,0.0512
2289,W2C,3,12.1529,0.0,0,19.72,0.043
2290,N2C,5,7.8996,6.0,1,30.33,0.1263
2290,S2C,5,7.6435,8.0,1,31.35,0.1313
2290,E2C,4,12.4439,0.0,0,19.25,0.0448
2290,W2C,3,12.0498,0.0,0,19.88,0.0445
2291,N2C,5,8.0196,8.0,2,29.88,0.1319
2291,S2C,5,7.6542,9.0,1,31.3,0.1318
2291,E2C,4,12.1663,0.0,0,19.69,0.0488
2291,W2C,3,12.7513,0.0,0,18.79,0.0344
2292,N2C,5,7.6788,10.0,2,31.2,0.1381
2292,S2C,5,7.7356,11.0,2,30.97,0.138
2292,E2C,3,13.183,0.0,0,18.17,0.0282
2292,W2C,3,12.6338,0.0,0,18.97,0.0361
2293,N2C,6,7.8064,12.0,2,30.69,0.1436
2293,S2C,6,8.6487,13.0,2,27.7,0.1321
2293,E2C,3,13.4657,0.0,0,17.79,0.0241
2293,W2C,3,12.5955,0.0,0,19.02,0.0366
2294,N2C,6,6.9144,14.0,2,34.65,0.1578
2294,S2C,6,7.8554,15.0,2,30.5,0.1449
2294,E2C,3,13.7053,0.0,0,17.48,0.0207
2294,W2C,3,12.0245,0.0,0,19.93,0.0449
2295,N2C,6,6.1145,16.0,2,39.19,0.1706
2295,S2C,6,7.3467,17.0,2,32.61,0.1535
2295,E2C,3,13.1098,0.0,0,18.28,0.0292
2295,W2C,3,12.1008,0.0,0,19.8,0.0438
2296,N2C,6,6.321,18.0,2,37.91,0.169
2296,S2C,6,6.7871,19.0,2,35.3,0.1629
2296,E2C,3,13.0647,0.0,0,18.34,0.0299
2296,W2C,3,12.2202,0.0,0,19.61,0.042
2297,N2C,6,6.2136,20.0,2,38.56,0.1719
2297,S2C,6,6.7883,21.0,2,35.3,0.1643
2297,E2C,3,13.6105,0.0,0,17.6,0.022
2297,W2C,3,11.5893,0.0,0,20.67,0.0511
2298,N2C,6,5.6192,23.0,3,42.64,0.1884
2298,S2C,6,5.8419,24.0,3,41.01,0.1859
2298,E2C,3,13.0657,0.0,0,18.34,0.0299
2298,W2C,3,11.8309,0.0,0,20.25,0.0476
2299,N2C,7,6.1546,26.0,3,38.93,0.1887
2299,S2C,7,6.2786,27.0,3,38.16,0.1876
2299,E2C,3,13.1699,0.0,0,18.19,0.0284
2299,W2C,4,12.0889,0.0,0,19.82,0.0499
2300,N2C,7,5.3306,29.0,3,44.95,0.2026
2300,S2C,7,5.6029,30.0,3,42.76,0.1993
2300,E2C,3,13.2244,0.0,0,18.12,0.0276
2300,W2C,4,11.8628,0.0,0,20.2,0.0532
2301,N2C,7,5.2853,32.0,3,45.33,0.2052
2301,S2C,7,5.5637,33.0,3,43.07,0.2019
2301,E2C,3,13.3794,0.0,0,17.91,0.0254
2301,W2C,4,11.7151,0.0,0,20.45,0.0553
2302,N2C,7,5.1096,35.0,3,46.89,0.2098
2302,S2C,7,5.6485,36.0,3,42.42,0.2027
2302,E2C,3,12.8874,0.0,0,18.59,0.0324
2302,W2C,3,12.0891,0.0,0,19.82,0.0439
2303,N2C,7,4.8667,39.0,4,49.23,0.2219
2303,S2C,7,5.2722,40.0,4,45.45,0.2168
2303,E2C,3,13.2525,0.0,0,18.08,0.0272
2303,W2C,3,12.2543,0.0,0,19.55,0.0416
2304,N2C,7,4.3131,43.0,4,55.55,0.2326
2304,S2C,7,4.6539,44.0,4,51.48,0.2283
2304,E2C,3,13.3454,0.0,0,17.95,0.0258
2304,W2C,3,12.229,0.0,0,19.59,0.0419
2305,N2C,8,5.0143,47.0,4,47.78,0.2311
2305,S2C,8,5.5795,48.0,4,42.94,0.2237
2305,E2C,3,13.2419,0.0,0,18.09,0.0273
2305,W2C,3,12.4383,0.0,0,19.26,0.0389
2306,N2C,8,4.6105,52.0,5,51.97,0.2463
2306,S2C,8,4.7801,53.0,5,50.12,0.2445
2306,E2C,3,13.0301,0.0,0,18.39,0.0304
2306,W2C,4,12.5882,0.0,0,19.03,0.0427
2307,N2C,8,4.4622,57.0,5,53.7,0.2517
2307,S2C,8,4.8732,58.0,5,49.17,0.2465
2307,E2C,3,13.0747,0.0,0,18.33,0.0297
2307,W2C,3,12.7395,0.0,0,18.81,0.0346
2308,N2C,8,4.6354,62.0,5,51.69,0.2526
2308,S2C,8,4.8055,63.0,5,49.86,0.2508
2308,E2C,3,12.617,0.0,0,18.99,0.0363
2308,W2C,3,12.2882,0.0,0,19.5,0.0411
2309,N2C,8,4.6429,67.0,5,51.61,0.2558
2309,S2C,8,4.626,68.0,5,51.79,0.2567
2309,E2C,3,13.1957,0.0,0,18.16,0.028
2309,W2C,3,12.4983,0.0,0,19.17,0.038
2310,N2C,8,4.5891,72.0,5,52.21,0.2599
2310,S2C,8,3.9116,73.0,5,61.25,0.2703
2310,E2C,3,12.4596,0.0,0,19.23,0.0386
2310,W2C,3,12.7331,0.0,0,18.82,0.0347
2311,N2C,7,7.2967,29.0,3,32.84,0.1743
2311,S2C,7,5.7327,29.0,3,41.8,0.1968
2311,E2C,4,12.0926,0.0,0,19.81,0.0499
2311,W2C,4,12.8159,0.0,0,18.7,0.0395
2312,N2C,7,7.0283,7.0,1,34.09,0.1515
2312,S2C,7,5.9633,7.0,1,40.18,0.1668
2312,E2C,4,10.6762,0.0,0,22.44,0.0703
2312,W2C,4,11.9898,0.0,0,19.98,0.0514
2313,N2C,7,7.6926,0.0,0,31.15,0.1312
2313,S2C,7,6.9214,0.0,0,34.62,0.1423
2313,E2C,4,10.217,0.0,0,23.45,0.0769
2313,W2C,4,10.7784,0.0,0,22.23,0.0688
2314,N2C,6,8.46,0.0,0,28.32,0.1142
2314,S2C,5,8.8479,0.0,0,27.08,0.1026
2314,E2C,4,9.9554,0.0,0,24.07,0.0807
2314,W2C,4,9.5347,0.0,0,25.13,0.0867
2315,N2C,5,9.6587,0.0,0,24.81,0.0909
2315,S2C,5,9.7203,0.0,0,24.65,0.09
2315,E2C,4,9.8995,1.0,1,24.2,0.0881
2315,W2C,4,9.5201,1.0,1,25.17,0.0936
2316,N2C,4,10.747,0.0,0,22.29,0.0693
2316,S2C,4,11.0582,0.0,0,21.67,0.0648
2316,E2C,4,9.4666,2.0,1,25.31,0.095
2316,W2C,4,9.7976,2.0,1,24.45,0.0903
2317,N2C,4,12.5102,0.0,0,19.15,0.0439
2317,S2C,4,12.4499,0.0,0,19.25,0.0447
2317,E2C,5,9.6048,3.0,1,24.95,0.0997
2317,W2C,5,9.9956,3.0,1,23.97,0.0941
2318,N2C,4,12.4336,0.0,0,19.27,0.045
2318,S2C,4,12.1925,0.0,0,19.65,0.0484
2318,E2C,5,8.5385,4.0,1,28.06,0.1157
2318,W2C,5,9.6575,4.0,1,24.81,0.0996
2319,N2C,3,13.0874,0.0,0,18.31,0.0296
2319,S2C,3,12.9347,0.0,0,18.52,0.0318
2319,E2C,5,7.9159,6.0,2,30.27,0.132
2319,W2C,5,8.7378,5.0,1,27.42,0.1135
2320,N2C,3,13.0246,0.0,0,18.4,0.0305
2320,S2C,3,12.5653,0.0,0,19.07,0.0371
2320,E2C,5,7.9286,8.0,2,30.22,0.1332
2320,W2C,5,8.1188,6.0,1,29.51,0.1231
2321,N2C,3,13.4635,0.0,0,17.8,0.0241
2321,S2C,3,12.4293,0.0,0,19.28,0.039
2321,E2C,5,8.2238,10.0,2,29.14,0.1303
2321,W2C,5,7.9837,7.0,1,30.01,0.1257
2322,N2C,3,13.4617,0.0,0,17.8,0.0242
2322,S2C,3,12.8147,0.0,0,18.7,0.0335
2322,E2C,5,7.3296,12.0,2,32.69,0.1445
2322,W2C,5,7.9091,8.0,1,30.29,0.1275
2323,N2C,3,13.4242,0.0,0,17.85,0.0247
2323,S2C,3,13.1042,0.0,0,18.28,0.0293
2323,E2C,6,7.6579,14.0,2,31.29,0.1471
2323,W2C,6,8.2286,10.0,2,29.12,0.1362
2324,N2C,3,13.0535,0.0,0,18.36,0.03
2324,S2C,3,12.71,0.0,0,18.85,0.035
2324,E2C,6,6.9127,16.0,2,34.66,0.1591
2324,W2C,6,7.2818,12.0,2,32.9,0.1511
2325,N2C,3,13.6832,0.0,0,17.51,0.021
2325,S2C,3,12.7828,0.0,0,18.74,0.0339
2325,E2C,6,6.6036,18.0,2,36.28,0.1649
2325,W2C,6,6.5216,14.0,2,36.74,0.1634
2326,N2C,3,13.1594,0.0,0,18.21,0.0285
2326,S2C,3,13.0141,0.0,0,18.41,0.0306
2326,E2C,6,6.75,21.0,3,35.5,0.1708
2326,W2C,6,6.5274,16.0,2,36.71,0.1647
2327,N2C,3,13.2194,0.0,0,18.12,0.0277
2327,S2C,3,13.0423,0.0,0,18.37,0.0302
2327,E2C,6,6.6464,24.0,3,36.05,0.1743
2327,W2C,6,6.4157,18.0,2,37.35,0.1676
2328,N2C,3,13.2699,0.0,0,18.06,0.0269
2328,S2C,3,12.4669,0.0,0,19.22,0.0385
2328,E2C,6,5.8094,27.0,3,41.24,0.1884
2328,W2C,6,6.15,21.0,3,38.96,0.1794
2329,N2C,3,13.4042,0.0,0,17.87,0.025
2329,S2C,3,12.7067,0.0,0,18.86,0.035
2329,E2C,7,6.4711,30.0,3,37.03,0.1868
2329,W2C,7,6.5689,24.0,3,36.47,0.1814
2330,N2C,3,13.2238,0.0,0,18.12,0.0276
2330,S2C,3,12.9346,0.0,0,18.52,0.0318
2330,E2C,7,5.8689,33.0,3,40.83,0.1975
2330,W2C,7,5.6728,27.0,3,42.24,0.1963
2331,N2C,3,13.0419,0.0,0,18.37,0.0302
2331,S2C,3,12.9855,0.0,0,18.45,0.031
2331,E2C,7,5.7203,36.0,3,41.89,0.2016
2331,W2C,7,5.3853,30.0,3,44.49,0.2025
2332,N2C,3,13.3834,0.0,0,17.9,0.0253
2332,S2C,3,12.788,0.0,0,18.74,0.0339
2332,E2C,7,5.6395,39.0,3,42.49,0.2048
2332,W2C,7,5.4509,34.0,4,43.96,0.2102
2333,N2C,3,13.1938,0.0,0,18.16,0.028
2333,S2C,3,12.5256,0.0,0,19.13,0.0376
2333,E2C,7,5.2578,43.0,4,45.57,0.219
2333,W2C,7,5.5394,38.0,4,43.25,0.2116
2334,N2C,3,13.281,0.0,0,18.04,0.0268
2334,S2C,3,12.5967,0.0,0,19.02,0.0366
2334,E2C,7,4.5302,47.0,4,52.89,0.2321
2334,W2C,7,5.0789,42.0,4,47.18,0.2209
2335,N2C,3,13.2806,0.0,0,18.04,0.0268
2335,S2C,4,12.7315,0.0,0,18.82,0.0407
2335,E2C,8,5.3452,51.0,4,44.83,0.229
2335,W2C,8,5.4072,46.0,4,44.31,0.2248
2336,N2C,3,13.2443,0.0,0,18.09,0.0273
2336,S2C,4,12.429,0.0,0,19.28,0.045
2336,E2C,8,4.8403,55.0,4,49.5,0.239
2336,W2C,8,4.6077,50.0,4,52.0,0.239
2337,N2C,3,13.3037,0.0,0,18.01,0.0264
2337,S2C,4,12.7682,0.0,0,18.77,0.0402
2337,E2C,8,4.8852,59.0,4,49.05,0.241
2337,W2C,8,4.7341,55.0,5,50.61,0.2465
2338,N2C,3,13.4595,0.0,0,17.8,0.0242
2338,S2C,3,13.3443,0.0,0,17.96,0.0259
2338,E2C,8,4.997,63.0,4,47.95,0.242
2338,W2C,8,4.7417,60.0,5,50.53,0.2497
2339,N2C,3,13.224,0.0,0,18.12,0.0276
2339,S2C,3,13.2,0.0,0,18.15,0.0279
2339,E2C,8,4.5552,68.0,5,52.6,0.2577
2339,W2C,8,4.4173,65.0,5,54.24,0.2577
2340,N2C,3,13.5275,0.0,0,17.71,0.0232
2340,S2C,3,13.4681,0.0,0,17.79,0.0241
2340,E2C,8,4.2268,73.0,5,56.69,0.2658
2340,W2C,8,3.8224,70.0,5,62.68,0.2696
2341,N2C,3,13.3357,0.0,0,17.97,0.026
2341,S2C,3,12.7277,0.0,0,18.83,0.0347
2341,E2C,9,4.766,78.0,5,50.27,0.2674
2341,W2C,9,4.5829,75.0,5,52.28,0.268
2342,N2C,3,12.8481,0.0,0,18.65,0.033
2342,S2C,3,12.6191,0.0,0,18.99,0.0363
2342,E2C,9,4.5255,83.0,5,52.94,0.2742
2342,W2C,9,4.0779,80.0,5,58.76,0.2786
2343,N2C,3,13.1336,0.0,0,18.24,0.0289
2343,S2C,3,12.4677,0.0,0,19.22,0.0385
2343,E2C,9,4.4454,88.0,5,53.9,0.2787
2343,W2C,9,4.1182,86.0,6,58.18,0.288
2344,N2C,3,13.0995,0.0,0,18.29,0.0294
2344,S2C,3,12.7552,0.0,0,18.78,0.0343
2344,E2C,7,5.5261,37.0,3,43.36,0.2051
2344,W2C,7,5.2953,40.0,4,45.25,0.2164
2345,N2C,3,13.1331,0.0,0,18.24,0.0289
2345,S2C,3,12.6995,0.0,0,18.87,0.0351
2345,E2C,7,5.3729,8.0,2,44.59,0.182
2345,W2C,7,5.7522,12.0,2,41.65,0.1792
2346,N2C,3,12.2136,0.0,0,19.62,0.0421
2346,S2C,3,12.7316,0.0,0,18.82,0.0347
2346,E2C,7,5.68,0.0,0,42.18,0.1602
2346,W2C,7,6.0864,0.0,0,39.37,0.1544
2347,N2C,4,11.5252,0.0,0,20.79,0.058
2347,S2C,4,11.7319,0.0,0,20.42,0.0551
2347,E2C,6,7.9446,0.0,0,30.16,0.1216
2347,W2C,6,7.9117,0.0,0,30.28,0.1221
2348,N2C,4,11.1548,0.0,0,21.48,0.0634
2348,S2C,4,11.0445,0.0,0,21.69,0.065
2348,E2C,6,8.5279,0.0,0,28.1,0.1132
2348,W2C,6,8.0264,0.0,0,29.85,0.1204
2349,N2C,4,9.5831,1.0,1,25.0,0.0927
2349,S2C,4,9.5848,0.0,0,25.0,0.086
2349,E2C,5,10.3163,0.0,0,23.23,0.0815
2349,W2C,6,9.0382,0.0,0,26.51,0.1059
2350,N2C,4,9.4539,2.0,1,25.34,0.0952
2350,S2C,4,9.0388,0.0,0,26.51,0.0939
2350,E2C,4,11.4565,0.0,0,20.91,0.059
2350,W2C,4,10.7637,0.0,0,22.26,0.069
2351,N2C,4,9.9074,3.0,1,24.18,0.0893
2351,S2C,4,9.6654,1.0,1,24.79,0.0915
2351,E2C,3,13.2083,0.0,0,18.14,0.0278
2351,W2C,4,11.3027,0.0,0,21.2,0.0613
2352,N2C,4,9.2458,4.0,1,25.91,0.0995
2352,S2C,4,9.0447,2.0,1,26.49,0.1011
2352,E2C,3,12.9334,0.0,0,18.53,0.0318
2352,W2C,3,12.8223,0.0,0,18.69,0.0334
2353,N2C,5,9.2998,5.0,1,25.76,0.1054
2353,S2C,5,8.891,3.0,1,26.95,0.11
2353,E2C,4,13.2937,0.0,0,18.02,0.0326
2353,W2C,4,12.6157,0.0,0,18.99,0.0423
2354,N2C,5,8.2065,6.0,1,29.2,0.1218
2354,S2C,5,8.0592,4.0,1,29.73,0.1226
2354,E2C,3,13.3734,0.0,0,17.92,0.0254
2354,W2C,4,12.3154,0.0,0,19.46,0.0467
2355,N2C,5,7.8341,8.0,2,30.58,0.1345
2355,S2C,5,7.3497,5.0,1,32.6,0.1335
2355,E2C,3,13.3694,0.0,0,17.92,0.0255
2355,W2C,3,12.9179,0.0,0,18.55,0.032
2356,N2C,5,7.8544,10.0,2,30.51,0.1356
2356,S2C,5,7.1935,6.0,1,33.31,0.1364
2356,E2C,3,12.8365,0.0,0,18.67,0.0332
2356,W2C,3,12.4558,0.0,0,19.24,0.0387
2357,N2C,5,7.7181,12.0,2,31.04,0.1389
2357,S2C,5,7.3303,8.0,2,32.69,0.1418
2357,E2C,3,13.453,0.0,0,17.81,0.0243
2357,W2C,3,12.856,0.0,0,18.64,0.0329
2358,N2C,5,7.745,14.0,2,30.94,0.1398
2358,S2C,5,7.3309,10.0,2,32.68,0.1431
2358,E2C,3,13.7567,0.0,0,17.42,0.0199
2358,W2C,3,12.549,0.0,0,19.09,0.0373
2359,N2C,6,7.9299,16.0,2,30.21,0.1445
2359,S2C,6,8.2455,12.0,2,29.06,0.1373
2359,E2C,3,13.488,0.0,0,17.76,0.0238
2359,W2C,4,12.5306,0.0,0,19.12,0.0436
2360,N2C,6,7.1945,18.0,2,33.3,0.1564
2360,S2C,6,7.2013,14.0,2,33.27,0.1536
2360,E2C,3,13.2193,0.0,0,18.12,0.0277
2360,W2C,4,12.6143,0.0,0,18.99,0.0424
2361,N2C,6,6.7024,20.0,2,35.75,0.1648
2361,S2C,6,6.6276,16.0,2,36.15,0.1632
2361,E2C,3,13.5824,0.0,0,17.64,0.0224
2361,W2C,3,13.2545,0.0,0,18.08,0.0272
2362,N2C,6,6.7175,22.0,2,35.67,0.1659
2362,S2C,6,6.2132,19.0,3,38.56,0.1772
2362,E2C,3,12.9147,0.0,0,18.55,0.032
2362,W2C,3,12.7571,0.0,0,18.78,0.0343
2363,N2C,6,6.6466,25.0,3,36.05,0.175
2363,S2C,6,6.2975,22.0,3,38.05,0.178
2363,E2C,3,13.039,0.0,0,18.38,0.0303
2363,W2C,3,13.076,0.0,0,18.32,0.0297
2364,N2C,6,5.9307,28.0,3,40.4,0.1873
2364,S2C,6,6.1343,25.0,3,39.06,0.1823
2364,E2C,3,13.546,0.0,0,17.69,0.023
2364,W2C,3,13.3139,0.0,0,18.0,0.0263
2365,N2C,7,6.7514,31.0,3,35.49,0.1835
2365,S2C,7,6.5823,28.0,3,36.4,0.1839
2365,E2C,3,13.3146,0.0,0,18.0,0.0263
2365,W2C,2,12.5398,0.0,0,19.11,0.0314
2366,N2C,7,5.9751,34.0,3,40.1,0.1966
2366,S2C,7,6.4113,31.0,3,37.37,0.1884
2366,E2C,3,13.1168,0.0,0,18.27,0.0291
2366,W2C,3,13.2302,0.0,0,18.11,0.0275
2367,N2C,7,5.741,37.0,3,41.73,0.202
2367,S2C,7,5.8214,34.0,3,41.16,0.1988
2367,E2C,3,13.2847,0.0,0,18.04,0.0267
2367,W2C,3,12.6975,0.0,0,18.87,0.0352
2368,N2C,7,5.6148,40.0,3,42.67,0.2058
2368,S2C,7,5.4635,37.0,3,43.85,0.206
2368,E2C,3,13.0403,0.0,0,18.37,0.0302
2368,W2C,3,12.7603,0.0,0,18.78,0.0343
2369,N2C,7,5.2831,44.0,4,45.35,0.2193
2369,S2C,7,5.4696,41.0,4,43.81,0.2146
2369,E2C,3,13.6503,0.0,0,17.55,0.0215
2369,W2C,3,13.0331,0.0,0,18.38,0.0303
2370,N2C,7,4.86,48.0,4,49.3,0.228
2370,S2C,7,5.5683,45.0,4,43.03,0.2158
2370,E2C,3,13.2289,0.0,0,18.11,0.0275
2370,W2C,3,12.7704,0.0,0,18.76,0.0341
2371,N2C,8,5.5013,52.0,4,43.55,0.2275
2371,S2C,8,5.9459,49.0,4,40.3,0.2191
2371,E2C,3,12.815,0.0,0,18.7,0.0335
2371,W2C,4,12.6229,0.0,0,18.98,0.0422
2372,N2C,8,4.9672,57.0,5,48.24,0.2445
2372,S2C,8,5.5488,53.0,4,43.18,0.2274
2372,E2C,3,12.2997,0.0,0,19.48,0.0409
2372,W2C,3,12.4176,0.0,0,19.3,0.0392
2373,N2C,8,4.9866,62.0,5,48.05,0.2475
2373,S2C,8,5.197,57.0,4,46.1,0.2352
2373,E2C,3,12.4864,0.0,0,19.19,0.0382
2373,W2C,3,12.4584,0.0,0,19.23,0.0386
2374,N2C,8,4.9229,67.0,5,48.67,0.2518
2374,S2C,8,4.9604,61.0,4,48.3,0.2412
2374,E2C,3,12.2734,0.0,0,19.52,0.0413
2374,W2C,3,12.1786,0.0,0,19.67,0.0426
2375,N2C,8,4.6513,72.0,5,51.51,0.259
2375,S2C,8,4.8463,66.0,5,49.44,0.2522
2375,E2C,3,12.5792,0.0,0,19.05,0.0369
2375,W2C,3,12.3396,0.0,0,19.42,0.0403
2376,N2C,8,4.1605,77.0,5,57.59,0.2694
2376,S2C,8,4.4054,71.0,5,54.39,0.2619
2376,E2C,3,11.8222,0.0,0,20.27,0.0478
2376,W2C,3,12.4114,0.0,0,19.3,0.0393
2377,N2C,7,6.2958,30.0,3,38.06,0.1893
2377,S2C,7,6.3912,28.0,3,37.49,0.1866
2377,E2C,4,11.0577,0.0,0,21.67,0.0648
2377,W2C,4,12.7259,0.0,0,18.83,0.0408
2378,N2C,7,6.2592,7.0,1,38.28,0.1625
2378,S2C,7,5.9662,4.0,1,40.16,0.1648
2378,E2C,4,10.145,0.0,0,23.62,0.0779
2378,W2C,4,11.2662,0.0,0,21.27,0.0618
2379,N2C,7,6.9543,0.0,0,34.45,0.1419
2379,S2C,7,7.0028,0.0,0,34.21,0.1412
2379,E2C,4,9.5639,0.0,0,25.05,0.0863
2379,W2C,4,10.353,0.0,0,23.14,0.0749
2380,N2C,5,9.1722,0.0,0,26.12,0.0979
2380,S2C,5,9.2805,0.0,0,25.82,0.0964
2380,E2C,4,9.1253,0.0,0,26.26,0.0926
2380,W2C,4,9.3259,1.0,1,25.69,0.0964
2381,N2C,5,9.4346,0.0,0,25.4,0.0942
2381,S2C,5,9.4824,0.0,0,25.27,0.0935
2381,E2C,4,9.4248,1.0,1,25.42,0.095
2381,W2C,4,9.7681,2.0,1,24.53,0.0907
2382,N2C,3,11.8101,0.0,0,20.29,0.0479
2382,S2C,3,11.5131,0.0,0,20.81,0.0522
2382,E2C,4,8.6396,2.0,1,27.73,0.1069
2382,W2C,4,9.5483,3.0,1,25.09,0.0945
2383,N2C,4,11.988,0.0,0,19.99,0.0514
2383,S2C,4,12.2852,0.0,0,19.5,0.0471
2383,E2C,5,8.5459,3.0,1,28.04,0.1149
2383,W2C,5,9.7027,4.0,1,24.69,0.099
2384,N2C,3,13.0096,0.0,0,18.42,0.0307
2384,S2C,4,12.0436,0.0,0,19.89,0.0506
2384,E2C,5,7.4503,4.0,1,32.16,0.1314
2384,W2C,5,9.1162,5.0,1,26.28,0.1081
2385,N2C,3,13.3841,0.0,0,17.9,0.0253
2385,S2C,3,13.3799,0.0,0,17.91,0.0253
2385,E2C,5,7.04,5.0,1,34.03,0.138
2385,W2C,5,8.4715,6.0,1,28.28,0.118
2386,N2C,3,13.1415,0.0,0,18.23,0.0288
2386,S2C,3,13.414,0.0,0,17.86,0.0249
2386,E2C,5,7.0465,7.0,2,34.0,0.1452
2386,W2C,5,7.5197,7.0,1,31.86,0.1324
2387,N2C,3,12.754,0.0,0,18.79,0.0344
2387,S2C,3,13.1072,0.0,0,18.28,0.0293
2387,E2C,5,6.9808,9.0,2,34.32,0.1475
2387,W2C,5,7.7252,9.0,2,31.02,0.1368
2388,N2C,3,13.4049,0.0,0,17.87,0.025
2388,S2C,3,13.2764,0.0,0,18.05,0.0268
2388,E2C,5,6.8975,11.0,2,34.74,0.15
2388,W2C,5,7.7593,11.0,2,30.88,0.1376
2389,N2C,3,13.3847,0.0,0,17.9,0.0253
2389,S2C,3,12.9664,0.0,0,18.48,0.0313
2389,E2C,6,7.8863,13.0,2,30.38,0.1431
2389,W2C,6,8.4846,13.0,2,28.24,0.1345
2390,N2C,3,13.3527,0.0,0,17.94,0.0257
2390,S2C,3,13.2313,0.0,0,18.11,0.0275
2390,E2C,6,8.1496,15.0,2,29.4,0.1407
2390,W2C,6,8.1224,15.0,2,29.5,0.141
2391,N2C,3,13.3771,0.0,0,17.91,0.0254
2391,S2C,3,13.3292,0.0,0,17.98,0.0261
2391,E2C,6,7.3507,17.0,2,32.6,0.1535
2391,W2C,6,7.6026,17.0,2,31.52,0.1499
2392,N2C,3,12.769,0.0,0,18.76,0.0341
2392,S2C,3,13.3009,0.0,0,18.01,0.0265
2392,E2C,6,6.3436,19.0,2,37.77,0.1693
2392,W2C,6,6.8466,19.0,2,35.0,0.1621
2393,N2C,3,13.126,0.0,0,18.25,0.029
2393,S2C,3,12.8454,0.0,0,18.65,0.033
2393,E2C,6,5.9821,21.0,2,40.05,0.1759
2393,W2C,6,6.616,21.0,2,36.21,0.1667
2394,N2C,3,13.0608,0.0,0,18.34,0.0299
2394,S2C,3,13.0955,0.0,0,18.3,0.0294
2394,E2C,6,5.9742,24.0,3,40.11,0.184
2394,W2C,6,5.8194,23.0,2,41.17,0.1795
2395,N2C,3,13.038,0.0,0,18.38,0.0303
2395,S2C,3,12.9537,0.0,0,18.5,0.0315
2395,E2C,7,6.648,27.0,3,36.04,0.1823
2395,W2C,7,6.4192,26.0,3,37.33,0.1849
2396,N2C,3,12.9993,0.0,0,18.43,0.0308
2396,S2C,3,12.6816,0.0,0,18.89,0.0354
2396,E2C,7,6.1479,30.0,3,38.97,0.1915
2396,W2C,7,5.7741,29.0,3,41.5,0.1962
2397,N2C,3,12.7518,0.0,0,18.79,0.0344
2397,S2C,3,12.5902,0.0,0,19.03,0.0367
2397,E2C,7,6.2271,33.0,3,38.48,0.1923
2397,W2C,7,5.6805,33.0,4,42.18,0.2062
2398,N2C,3,12.9069,0.0,0,18.56,0.0322
2398,S2C,3,13.2582,0.0,0,18.07,0.0271
2398,E2C,7,5.5729,36.0,3,42.99,0.2038
2398,W2C,7,5.5671,37.0,4,43.04,0.2105
2399,N2C,3,13.2408,0.0,0,18.1,0.0273
2399,S2C,3,12.4457,0.0,0,19.25,0.0388
2399,E2C,7,5.2749,39.0,3,45.42,0.21
2399,W2C,7,5.2852,41.0,4,45.33,0.2172
2400,N2C,3,13.1029,0.0,0,18.29,0.0293
2400,S2C,3,12.9432,0.0,0,18.51,0.0316
2400,E2C,7,5.2166,43.0,4,45.93,0.2196
2400,W2C,7,4.7176,45.0,4,50.79,0.2281
2401,N2C,3,13.0671,0.0,0,18.34,0.0298
2401,S2C,3,12.6646,0.0,0,18.92,0.0356
2401,E2C,8,6.5102,47.0,4,36.8,0.2096
2401,W2C,8,5.4202,49.0,4,44.21,0.2266
2402,N2C,3,12.2755,0.0,0,19.52,0.0412
2402,S2C,3,12.3921,0.0,0,19.33,0.0396
2402,E2C,8,6.3726,51.0,4,37.6,0.2142
2402,W2C,8,4.9645,53.0,4,48.26,0.2359
2403,N2C,3,12.4291,0.0,0,19.28,0.039
2403,S2C,3,12.5963,0.0,0,19.02,0.0366
2403,E2C,8,5.9052,55.0,4,40.57,0.2236
2403,W2C,8,4.7333,57.0,4,50.62,0.2418
2404,N2C,3,12.3152,0.0,0,19.46,0.0407
2404,S2C,3,12.0957,0.0,0,19.81,0.0438
2404,E2C,8,5.1987,59.0,4,46.09,0.2365
2404,W2C,8,5.0308,62.0,5,47.63,0.2469
2405,N2C,3,12.2223,0.0,0,19.6,0.042
2405,S2C,3,12.7429,0.0,0,18.8,0.0345
2405,E2C,8,4.934,63.0,4,48.56,0.243
2405,W2C,8,4.8358,67.0,5,49.55,0.253
2406,N2C,3,11.6176,0.0,0,20.62,0.0507
2406,S2C,3,12.0764,0.0,0,19.84,0.0441
2406,E2C,8,4.2699,67.0,4,56.11,0.2552
2406,W2C,8,4.4481,72.0,5,53.87,0.262
2407,N2C,4,11.1626,0.0,0,21.46,0.0633
2407,S2C,4,12.2795,0.0,0,19.51,0.0472
2407,E2C,9,4.7051,72.0,5,50.92,0.2643
2407,W2C,9,4.8843,77.0,5,49.06,0.265
2408,N2C,4,10.7873,0.0,0,22.21,0.0687
2408,S2C,4,11.2181,0.0,0,21.36,0.0625
2408,E2C,9,4.1989,78.0,6,57.06,0.2815
2408,W2C,9,4.3119,82.0,5,55.57,0.2766
2409,N2C,4,9.9688,0.0,0,24.03,0.0805
2409,S2C,4,10.0829,0.0,0,23.76,0.0788
2409,E2C,9,4.3277,84.0,6,55.36,0.2837
2409,W2C,9,4.381,87.0,5,54.69,0.2789
2410,N2C,4,10.0192,1.0,1,23.91,0.0864
2410,S2C,4,9.3228,0.0,0,25.7,0.0898
2410,E2C,7,5.3523,35.0,4,44.77,0.2123
2410,W2C,7,5.6107,37.0,3,42.7,0.2039
2411,N2C,4,8.8542,2.0,1,27.06,0.1038
2411,S2C,4,9.4064,1.0,1,25.47,0.0952
2411,E2C,7,5.1561,9.0,2,46.47,0.1858
2411,W2C,7,5.564,9.0,2,43.06,0.1799
2412,N2C,4,8.6387,3.0,1,27.74,0.1076
2412,S2C,4,9.6403,2.0,1,24.85,0.0925
2412,E2C,7,5.3004,0.0,0,45.2,0.1657
2412,W2C,7,5.8584,0.0,0,40.9,0.1576
2413,N2C,5,8.729,4.0,1,27.45,0.113
2413,S2C,5,9.8311,3.0,1,24.37,0.0964
2413,E2C,6,7.277,0.0,0,32.93,0.1312
2413,W2C,6,7.7393,0.0,0,30.96,0.1246
2414,N2C,5,7.3572,5.0,1,32.57,0.1334
2414,S2C,5,9.4165,4.0,1,25.44,0.1031
2414,E2C,6,8.278,0.0,0,28.94,0.1168
2414,W2C,6,8.4525,0.0,0,28.35,0.1143
2415,N2C,5,7.2028,6.0,1,33.26,0.1363
2415,S2C,5,8.0791,5.0,1,29.66,0.123
2415,E2C,4,10.3136,0.0,0,23.23,0.0755
2415,W2C,5,9.8139,0.0,0,24.41,0.0887
2416,N2C,5,7.111,7.0,1,33.69,0.1383
2416,S2C,5,7.9437,6.0,1,30.16,0.1256
2416,E2C,4,10.9235,0.0,0,21.93,0.0667
2416,W2C,4,11.1647,0.0,0,21.46,0.0632
2417,N2C,5,6.8032,9.0,2,35.22,0.15
2417,S2C,5,7.8271,8.0,2,30.61,0.1346
2417,E2C,3,12.2142,0.0,0,19.62,0.0421
2417,W2C,3,12.0699,0.0,0,19.85,0.0442
2418,N2C,5,7.0324,11.0,2,34.07,0.1481
2418,S2C,5,7.6449,10.0,2,31.34,0.1386
2418,E2C,3,11.8224,0.0,0,20.27,0.0478
2418,W2C,3,12.2001,0.0,0,19.64,0.0423
2419,N2C,6,7.7025,13.0,2,31.11,0.1458
2419,S2C,6,8.3627,12.0,2,28.65,0.1356
2419,E2C,4,12.0584,0.0,0,19.87,0.0504
2419,W2C,3,12.284,0.0,0,19.51,0.0411
2420,N2C,6,7.7838,15.0,2,30.78,0.1459
2420,S2C,6,7.7368,14.0,2,30.97,0.1459
2420,E2C,3,11.5779,0.0,0,20.69,0.0513
2420,W2C,3,12.1361,0.0,0,19.74,0.0433
2421,N2C,6,7.9124,17.0,2,30.28,0.1454
2421,S2C,6,7.0053,16.0,2,34.2,0.1578
2421,E2C,3,11.2501,0.0,0,21.3,0.056
2421,W2C,3,12.4757,0.0,0,19.21,0.0384
2422,N2C,6,7.8663,19.0,2,30.46,0.1474
2422,S2C,6,6.5652,18.0,2,36.5,0.1655
2422,E2C,3,12.1497,0.0,0,19.72,0.0431
2422,W2C,3,12.6213,0.0,0,18.98,0.0363
2423,N2C,6,7.5824,21.0,2,31.6,0.1528
2423,S2C,6,6.5417,21.0,3,36.63,0.1738
2423,E2C,3,12.272,0.0,0,19.52,0.0413
2423,W2C,3,12.204,0.0,0,19.63,0.0423
2424,N2C,6,7.4644,23.0,2,32.1,0.1559
2424,S2C,6,6.1022,24.0,3,39.26,0.1821
2424,E2C,3,12.0699,0.0,0,19.85,0.0442
2424,W2C,3,12.5174,0.0,0,19.14,0.0378
2425,N2C,7,7.412,25.0,2,32.33,0.1639
2425,S2C,7,6.5543,27.0,3,36.56,0.1836
2425,E2C,4,11.7435,0.0,0,20.4,0.0549
2425,W2C,4,12.6846,0.0,0,18.89,0.0414
2426,N2C,7,6.2335,27.0,2,38.44,0.1822
2426,S2C,7,6.0535,30.0,3,39.58,0.1928
2426,E2C,4,11.8868,0.0,0,20.16,0.0528
2426,W2C,3,12.4927,0.0,0,19.18,0.0381
2427,N2C,7,5.2752,29.0,2,45.42,0.1974
2427,S2C,7,5.5454,33.0,3,43.21,0.2022
2427,E2C,4,11.4755,0.0,0,20.88,0.0588
2427,W2C,3,12.2587,0.0,0,19.55,0.0415
2428,N2C,7,5.3105,31.0,2,45.12,0.1982
2428,S2C,7,5.6956,37.0,4,42.07,0.2087
2428,E2C,3,11.7361,0.0,0,20.42,0.049
2428,W2C,3,12.2876,0.0,0,19.5,0.0411
2429,N2C,7,5.394,35.0,4,44.42,0.2117
2429,S2C,7,5.5444,41.0,4,43.21,0.2135
2429,E2C,3,12.0921,0.0,0,19.81,0.0439
2429,W2C,3,12.1145,0.0,0,19.78,0.0436
2430,N2C,7,4.9857,39.0,4,48.06,0.2202
2430,S2C,7,4.66,45.0,4,51.42,0.2289
2430,E2C,3,11.6712,0.0,0,20.53,0.0499
2430,W2C,3,11.9123,0.0,0,20.11,0.0465
2431,N2C,8,5.4903,43.0,4,43.64,0.2216
2431,S2C,8,5.491,49.0,4,43.63,0.2256
2431,E2C,4,12.3624,0.0,0,19.38,0.046
2431,W2C,4,12.5941,0.0,0,19.02,0.0427
2432,N2C,8,4.9495,47.0,4,48.41,0.2321
2432,S2C,8,4.9541,53.0,4,48.36,0.236
2432,E2C,4,12.2129,0.0,0,19.62,0.0481
2432,W2C,4,12.3483,0.0,0,19.4,0.0462
2433,N2C,8,4.8895,51.0,4,49.0,0.2356
2433,S2C,8,4.9131,58.0,5,48.77,0.2459
2433,E2C,4,12.4133,0.0,0,19.3,0.0453
2433,W2C,4,12.47,0.0,0,19.21,0.0444
2434,N2C,8,4.7774,55.0,4,50.15,0.2399
2434,S2C,8,4.9567,63.0,5,48.34,0.2486
2434,E2C,3,12.6742,0.0,0,18.9,0.0355
2434,W2C,3,13.2863,0.0,0,18.03,0.0267
2435,N2C,8,4.825,60.0,5,49.66,0.2485
2435,S2C,8,4.5019,68.0,5,53.22,0.2585
2435,E2C,3,12.5875,0.0,0,19.03,0.0368
2435,W2C,3,13.2595,0.0,0,18.07,0.0271
2436,N2C,8,4.7535,65.0,5,50.4,0.2529
2436,S2C,8,4.1735,73.0,5,57.41,0.2666
2436,E2C,3,12.1553,0.0,0,19.71,0.043
2436,W2C,3,13.0897,0.0,0,18.3,0.0295
2437,N2C,9,5.7388,70.0,5,41.75,0.248
2437,S2C,9,4.7857,78.0,5,50.07,0.2671
2437,E2C,4,12.104,0.0,0,19.8,0.0497
2437,W2C,4,13.3983,0.0,0,17.88,0.0311
2438,N2C,9,5.6656,75.0,5,42.29,0.2524
2438,S2C,9,4.6461,83.0,5,51.57,0.2724
2438,E2C,4,12.3389,0.0,0,19.42,0.0463
2438,W2C,3,13.0626,0.0,0,18.34,0.0299
2439,N2C,9,5.1316,80.0,5,46.69,0.2634
2439,S2C,9,4.4418,88.0,5,53.94,0.2787
2439,E2C,4,12.0218,0.0,0,19.93,0.0509
2439,W2C,3,13.5596,0.0,0,17.67,0.0228
2440,N2C,9,4.4586,85.0,5,53.74,0.2765
2440,S2C,9,4.3103,93.0,5,55.59,0.2839
2440,E2C,4,11.2566,0.0,0,21.29,0.0619
2440,W2C,3,13.344,0.0,0,17.96,0.0259
2441,N2C,9,3.7627,91.0,6,63.68,0.2965
2441,S2C,9,4.0536,99.0,6,59.11,0.2976
2441,E2C,4,10.5127,0.0,0,22.79,0.0726
2441,W2C,3,13.24,0.0,0,18.1,0.0274
2442,N2C,9,3.4091,97.0,6,70.28,0.3056
2442,S2C,9,3.4695,105.0,6,69.06,0.31
2442,E2C,4,9.538,0.0,0,25.12,0.0867
2442,W2C,3,12.6996,0.0,0,18.87,0.0351
2443,N2C,8,5.0916,42.0,4,47.06,0.2267
2443,S2C,8,4.9132,51.0,4,48.77,0.2353
2443,E2C,5,9.2679,0.0,0,25.85,0.0966
2443,W2C,4,11.6434,0.0,0,20.58,0.0563
2444,N2C,8,5.0536,14.0,2,47.41,0.1966
2444,S2C,8,5.2733,16.0,2,45.44,0.1947
2444,E2C,5,8.0593,1.0,1,29.73,0.1206
2444,W2C,4,10.6374,0.0,0,22.52,0.0708
2445,N2C,8,5.8246,1.0,1,41.14,0.1708
2445,S2C,8,5.7423,1.0,1,41.73,0.172
2445,E2C,5,7.5799,3.0,2,31.61,0.1349
2445,W2C,4,10.223,0.0,0,23.44,0.0768
2446,N2C,6,7.4508,0.0,0,32.16,0.1287
2446,S2C,7,6.7898,0.0,0,35.29,0.1442
2446,E2C,5,7.3963,5.0,2,32.39,0.1388
2446,W2C,4,9.8695,1.0,1,24.28,0.0886
2447,N2C,6,7.5332,0.0,0,31.81,0.1275
2447,S2C,6,7.711,0.0,0,31.07,0.125
2447,E2C,5,7.3589,7.0,2,32.56,0.1407
2447,W2C,4,9.8542,2.0,1,24.31,0.0894
2448,N2C,6,7.9336,0.0,0,30.2,0.1218
2448,S2C,6,8.0811,0.0,0,29.65,0.1196
2448,E2C,5,6.7136,9.0,2,35.69,0.1513
2448,W2C,4,9.1129,3.0,1,26.29,0.1008
2449,N2C,5,10.3241,0.0,0,23.21,0.0813
2449,S2C,5,10.4838,0.0,0,22.85,0.079
2449,E2C,6,7.1078,11.0,2,33.71,0.153
2449,W2C,5,9.3572,4.0,1,25.61,0.1039
2450,N2C,5,10.7364,0.0,0,22.32,0.0754
2450,S2C,5,10.8684,0.0,0,22.05,0.0735
2450,E2C,6,6.5111,13.0,2,36.8,0.1629
2450,W2C,5,8.6513,5.0,1,27.7,0.1148
2451,N2C,3,12.6718,0.0,0,18.91,0.0355
2451,S2C,3,13.1438,0.0,0,18.23,0.0287
2451,E2C,6,6.127,15.0,2,39.11,0.1698
2451,W2C,5,8.1811,6.0,1,29.29,0.1222
2452,N2C,3,12.8156,0.0,0,18.7,0.0335
2452,S2C,3,12.8409,0.0,0,18.66,0.0331
2452,E2C,6,6.2377,18.0,3,38.41,0.1762
2452,W2C,5,7.7576,8.0,2,30.89,0.1356
2453,N2C,3,12.0883,0.0,0,19.82,0.0439
2453,S2C,3,13.1025,0.0,0,18.29,0.0293
2453,E2C,6,6.1798,21.0,3,38.77,0.179
2453,W2C,5,7.8782,10.0,2,30.41,0.1352
2454,N2C,3,12.5356,0.0,0,19.11,0.0375
2454,S2C,3,12.3706,0.0,0,19.37,0.0399
2454,E2C,6,6.1345,24.0,3,39.06,0.1817
2454,W2C,5,7.1128,12.0,2,33.69,0.1476
2455,N2C,3,12.8538,0.0,0,18.64,0.0329
2455,S2C,4,13.3452,0.0,0,17.95,0.0318
2455,E2C,7,7.3422,27.0,3,32.63,0.1723
2455,W2C,6,7.463,14.0,2,32.11,0.1499
2456,N2C,3,12.8032,0.0,0,18.71,0.0336
2456,S2C,3,12.8977,0.0,0,18.58,0.0323
2456,E2C,7,7.3924,30.0,3,32.41,0.1736
2456,W2C,6,6.9289,16.0,2,34.58,0.1589
2457,N2C,3,12.4293,0.0,0,19.28,0.039
2457,S2C,3,12.513,0.0,0,19.15,0.0378
2457,E2C,7,7.1753,33.0,3,33.39,0.1787
2457,W2C,6,6.7413,18.0,2,35.54,0.1629
2458,N2C,3,12.126,0.0,0,19.76,0.0434
2458,S2C,3,13.2398,0.0,0,18.1,0.0274
2458,E2C,7,6.5902,36.0,3,36.36,0.1891
2458,W2C,6,6.5,21.0,3,36.86,0.1744
2459,N2C,3,13.0177,0.0,0,18.41,0.0306
2459,S2C,3,12.9131,0.0,0,18.55,0.0321
2459,E2C,7,5.7972,39.0,3,41.33,0.2025
2459,W2C,6,6.6319,24.0,3,36.13,0.1745
2460,N2C,3,12.782,0.0,0,18.75,0.034
2460,S2C,3,12.9612,0.0,0,18.49,0.0314
2460,E2C,7,4.6821,43.0,4,51.17,0.2272
2460,W2C,6,5.9275,27.0,3,40.42,0.1867
2461,N2C,4,13.1657,0.0,0,18.2,0.0344
2461,S2C,4,12.87,0.0,0,18.62,0.0387
2461,E2C,8,5.1794,47.0,4,46.26,0.2288
2461,W2C,7,6.4937,30.0,3,36.9,0.1865
2462,N2C,4,12.66,0.0,0,18.93,0.0417
2462,S2C,3,13.1601,0.0,0,18.21,0.0285
2462,E2C,8,4.8078,52.0,5,49.84,0.2434
2462,W2C,7,6.1313,33.0,3,39.08,0.1937
2463,N2C,3,13.1137,0.0,0,18.27,0.0292
2463,S2C,3,13.1049,0.0,0,18.28,0.0293
2463,E2C,8,4.8654,57.0,5,49.25,0.2459
2463,W2C,7,5.8379,37.0,4,41.04,0.2066
2464,N2C,3,12.5296,0.0,0,19.12,0.0376
2464,S2C,3,13.0666,0.0,0,18.34,0.0299
2464,E2C,8,4.7698,62.0,5,50.23,0.2507
2464,W2C,7,5.5975,41.0,4,42.8,0.2127
2465,N2C,3,13.2006,0.0,0,18.15,0.0279
2465,S2C,3,13.1203,0.0,0,18.26,0.0291
2465,E2C,8,4.6354,67.0,5,51.69,0.2559
2465,W2C,7,5.4063,45.0,4,44.32,0.2182
2466,N2C,3,12.9994,0.0,0,18.43,0.0308
2466,S2C,3,13.6421,0.0,0,17.56,0.0216
2466,E2C,8,4.1434,72.0,5,57.83,0.2663
2466,W2C,7,4.8037,49.0,4,49.88,0.2295
2467,N2C,4,12.4164,0.0,0,19.3,0.0452
2467,S2C,2,13.1263,0.0,0,18.25,0.023
2467,E2C,9,4.7032,77.0,5,50.94,0.2676
2467,W2C,8,5.2034,53.0,4,46.05,0.2324
2468,N2C,4,12.2958,0.0,0,19.49,0.047
2468,S2C,3,13.2506,0.0,0,18.08,0.0272
2468,E2C,9,4.2024,82.0,5,57.01,0.2782
2468,W2C,8,4.9097,57.0,4,48.8,0.2393
2469,N2C,3,12.2413,0.0,0,19.57,0.0417
2469,S2C,3,13.5017,0.0,0,17.75,0.0236
2469,E2C,9,4.1357,87.0,5,57.93,0.2825
2469,W2C,8,4.8009,62.0,5,49.91,0.2502
2470,N2C,3,12.0195,0.0,0,19.93,0.0449
2470,S2C,3,12.7786,0.0,0,18.75,0.034
2470,E2C,9,4.2225,93.0,6,56.74,0.2912
2470,W2C,8,4.6774,67.0,5,51.22,0.2553
2471,N2C,3,12.5122,0.0,0,19.15,0.0378
2471,S2C,3,13.5894,0.0,0,17.63,0.0223
2471,E2C,9,3.6728,99.0,6,65.24,0.3031
2471,W2C,8,4.3048,72.0,5,55.66,0.264
2472,N2C,3,12.6761,0.0,0,18.9,0.0355
2472,S2C,3,13.5602,0.0,0,17.67,0.0227
2472,E2C,9,3.2042,105.0,6,74.78,0.3139
2472,W2C,8,3.9835,77.0,5,60.15,0.272
2473,N2C,3,12.5997,0.0,0,19.02,0.0366
2473,S2C,3,13.5628,0.0,0,17.67,0.0227
2473,E2C,10,3.8663,111.0,6,61.97,0.3143
2473,W2C,9,4.6777,82.0,5,51.22,0.2713
2474,N2C,3,12.3765,0.0,0,19.36,0.0398
2474,S2C,3,12.86,0.0,0,18.63,0.0328
2474,E2C,10,3.8446,118.0,7,62.32,0.3253
2474,W2C,9,4.2838,87.0,5,55.93,0.2803
2475,N2C,3,12.2958,0.0,0,19.49,0.041
2475,S2C,3,13.1491,0.0,0,18.22,0.0287
2475,E2C,10,3.6747,125.0,7,65.2,0.3324
2475,W2C,9,4.2969,93.0,6,55.76,0.2901
2476,N2C,3,12.6699,0.0,0,18.91,0.0356
2476,S2C,3,12.952,0.0,0,18.5,0.0315
2476,E2C,8,4.7305,67.0,5,50.65,0.2546
2476,W2C,7,5.3446,43.0,4,44.83,0.2177
2477,N2C,3,12.722,0.0,0,18.83,0.0348
2477,S2C,3,13.5483,0.0,0,17.68,0.0229
2477,E2C,8,5.1082,28.0,3,46.91,0.2111
2477,W2C,7,5.3155,12.0,2,45.08,0.1855
2478,N2C,3,12.0578,0.0,0,19.87,0.0444
2478,S2C,3,12.8174,0.0,0,18.69,0.0334
2478,E2C,8,5.747,5.0,1,41.69,0.1746
2478,W2C,7,5.0623,0.0,0,47.33,0.1691
2479,N2C,4,10.8969,0.0,0,21.99,0.0671
2479,S2C,4,11.5995,0.0,0,20.66,0.057
2479,E2C,7,7.8294,0.0,0,30.6,0.1293
2479,W2C,7,6.7692,0.0,0,35.4,0.1445
2480,N2C,4,9.4248,0.0,0,25.42,0.0883
2480,S2C,4,11.0367,0.0,0,21.71,0.0651
2480,E2C,7,8.0356,0.0,0,29.82,0.1263
2480,W2C,6,8.0765,0.0,0,29.67,0.1197
2481,N2C,4,8.8623,0.0,0,27.04,0.0964
2481,S2C,4,9.6595,0.0,0,24.8,0.0849
2481,E2C,6,9.0645,0.0,0,26.43,0.1055
2481,W2C,6,8.8004,0.0,0,27.23,0.1093
2482,N2C,4,8.8405,0.0,0,27.1,0.0967
2482,S2C,4,9.8886,1.0,1,24.23,0.0883
2482,E2C,5,10.6005,0.0,0,22.6,0.0774
2482,W2C,4,10.5036,0.0,0,22.81,0.0728
2483,N2C,4,9.0097,1.0,1,26.59,0.1009
2483,S2C,4,9.6876,2.0,1,24.73,0.0918
2483,E2C,4,11.3817,0.0,0,21.05,0.0601
2483,W2C,4,11.4445,0.0,0,20.94,0.0592
2484,N2C,4,8.8655,2.0,1,27.03,0.1037
2484,S2C,4,9.8337,3.0,1,24.37,0.0904
2484,E2C,3,12.9731,0.0,0,18.47,0.0312
2484,W2C,3,12.4088,0.0,0,19.31,0.0393
2485,N2C,5,9.5756,3.0,1,25.02,0.1001
2485,S2C,5,9.8289,4.0,1,24.38,0.0971
2485,E2C,4,13.3434,0.0,0,17.96,0.0319
2485,W2C,4,12.5953,0.0,0,19.02,0.0426
2486,N2C,5,9.3253,4.0,1,25.69,0.1044
2486,S2C,5,8.7859,5.0,1,27.27,0.1128
2486,E2C,3,12.9309,0.0,0,18.53,0.0318
2486,W2C,4,12.7961,0.0,0,18.72,0.0398
2487,N2C,5,9.5458,5.0,1,25.1,0.1019
2487,S2C,5,8.3638,6.0,1,28.65,0.1196
2487,E2C,3,12.8807,0.0,0,18.6,0.0325
2487,W2C,4,12.4352,0.0,0,19.27,0.0449
2488,N2C,5,9.457,6.0,1,25.34,0.1038
2488,S2C,5,7.5143,7.0,1,31.89,0.1325
2488,E2C,3,13.1086,0.0,0,18.28,0.0293
2488,W2C,3,12.83,0.0,0,18.68,0.0333
2489,N2C,5,8.5608,7.0,1,27.99,0.1174
2489,S2C,5,7.5307,8.0,1,31.82,0.1329
2489,E2C,3,13.0231,0.0,0,18.4,0.0305
2489,W2C,3,12.8834,0.0,0,18.6,0.0325
2490,N2C,5,6.649,8.0,1,36.04,0.1456
2490,S2C,5,6.7056,10.0,2,35.73,0.1521
2490,E2C,3,13.0205,0.0,0,18.4,0.0305
2490,W2C,3,12.8799,0.0,0,18.6,0.0325
2491,N2C,6,6.6468,9.0,1,36.05,0.1523
2491,S2C,6,7.0661,12.0,2,33.91,0.1543
2491,E2C,3,12.0647,0.0,0,19.86,0.0443
2491,W2C,3,12.9839,0.0,0,18.45,0.031
2492,N2C,6,5.9915,11.0,2,39.99,0.1691
2492,S2C,6,6.5248,14.0,2,36.72,0.1634
2492,E2C,3,12.0538,0.0,0,19.88,0.0444
2492,W2C,3,13.1066,0.0,0,18.28,0.0293
2493,N2C,6,5.8547,13.0,2,40.92,0.1724
2493,S2C,6,6.2738,16.0,2,38.19,0.1683
2493,E2C,3,11.5136,0.0,0,20.81,0.0522
2493,W2C,3,12.6266,0.0,0,18.98,0.0362
2494,N2C,6,5.5498,16.0,3,43.17,0.1848
2494,S2C,6,6.1312,18.0,2,39.08,0.1717
2494,E2C,3,11.9758,0.0,0,20.01,0.0456
2494,W2C,3,12.8826,0.0,0,18.6,0.0325
2495,N2C,6,5.6687,19.0,3,42.27,0.185
2495,S2C,6,6.093,21.0,3,39.32,0.1803
2495,E2C,3,12.2952,0.0,0,19.49,0.041
2495,W2C,3,12.9762,0.0,0,18.46,0.0312
2496,N2C,6,5.6736,22.0,3,42.23,0.187
2496,S2C,6,6.439,24.0,3,37.21,0.1773
2496,E2C,3,11.8389,0.0,0,20.24,0.0475
2496,W2C,3,13.0608,0.0,0,18.34,0.0299
2497,N2C,7,6.8806,25.0,3,34.82,0.1776
2497,S2C,7,6.8189,27.0,3,35.14,0.1798
2497,E2C,2,11.472,0.0,0,20.89,0.0468
2497,W2C,3,13.1733,0.0,0,18.19,0.0283
2498,N2C,7,6.6287,28.0,3,36.15,0.1832
2498,S2C,7,6.2048,30.0,3,38.62,0.1907
2498,E2C,3,11.9177,0.0,0,20.1,0.0464
2498,W2C,3,12.2442,0.0,0,19.57,0.0417
2499,N2C,7,6.1544,31.0,3,38.93,0.1921
2499,S2C,7,5.4944,33.0,3,43.61,0.2029
2499,E2C,3,12.1235,0.0,0,19.76,0.0434
2499,W2C,3,12.9977,0.0,0,18.43,0.0308
2500,N2C,7,5.5456,34.0,3,43.21,0.2028
2500,S2C,7,5.5145,36.0,3,43.45,0.2046
2500,E2C,3,12.3096,0.0,0,19.46,0.0408
2500,W2C,3,12.8141,0.0,0,18.7,0.0335
2501,N2C,7,5.1415,37.0,3,46.6,0.2106
2501,S2C,7,5.3383,40.0,4,44.88,0.2158
2501,E2C,3,12.1675,0.0,0,19.69,0.0428
2501,W2C,3,12.7649,0.0,0,18.77,0.0342
2502,N2C,7,5.2887,40.0,3,45.3,0.2105
2502,S2C,7,5.4492,44.0,4,43.97,0.2169
2502,E2C,3,11.7383,0.0,0,20.41,0.049
2502,W2C,3,12.6555,0.0,0,18.93,0.0358
2503,N2C,8,5.8852,44.0,4,40.71,0.2166
2503,S2C,8,5.8982,48.0,4,40.62,0.2191
2503,E2C,3,11.7124,0.0,0,20.46,0.0494
2503,W2C,4,12.8945,0.0,0,18.58,0.0383
2504,N2C,8,5.3541,48.0,4,44.75,0.2269
2504,S2C,8,5.396,52.0,4,44.4,0.229
2504,E2C,3,11.3345,0.0,0,21.14,0.0548
2504,W2C,4,12.3215,0.0,0,19.45,0.0466
2505,N2C,8,4.8095,52.0,4,49.82,0.2374
2505,S2C,8,4.895,56.0,4,48.95,0.2389
2505,E2C,3,11.1444,0.0,0,21.5,0.0575
2505,W2C,3,12.8689,0.0,0,18.62,0.0327
2506,N2C,8,4.7205,56.0,4,50.76,0.2414
2506,S2C,8,4.8104,60.0,4,49.81,0.2427
2506,E2C,3,11.3376,0.0,0,21.13,0.0548
2506,W2C,3,12.5277,0.0,0,19.13,0.0376
2507,N2C,8,4.8343,61.0,5,49.56,0.2491
2507,S2C,8,4.8013,64.0,4,49.9,0.2455
2507,E2C,3,11.3113,0.0,0,21.18,0.0551
2507,W2C,3,12.2424,0.0,0,19.57,0.0417
2508,N2C,8,4.5097,66.0,5,53.13,0.2571
2508,S2C,8,4.5878,69.0,5,52.23,0.2579
2508,E2C,3,11.6502,0.0,0,20.57,0.0503
2508,W2C,3,11.7409,0.0,0,20.41,0.0489
2509,N2C,7,7.4067,26.0,3,32.35,0.1707
2509,S2C,7,6.6067,26.0,3,36.27,0.1822
2509,E2C,4,12.2921,0.0,0,19.49,0.047
2509,W2C,4,10.9498,0.0,0,21.88,0.0663
2510,N2C,7,7.5385,4.0,1,31.78,0.1421
2510,S2C,7,6.7121,3.0,1,35.7,0.1534
2510,E2C,4,11.7992,0.0,0,20.31,0.0541
2510,W2C,4,9.4824,0.0,0,25.27,0.0875
2511,N2C,7,7.7786,0.0,0,30.8,0.13
2511,S2C,7,7.3015,0.0,0,32.82,0.1369
2511,E2C,4,11.9537,0.0,0,20.04,0.0519
2511,W2C,4,9.0514,1.0,1,26.47,0.1003
2512,N2C,5,8.7833,0.0,0,27.28,0.1035
2512,S2C,5,9.2727,0.0,0,25.84,0.0965
2512,E2C,4,11.9432,0.0,0,20.06,0.052
2512,W2C,4,8.8705,2.0,1,27.01,0.1036
2513,N2C,5,9.1897,0.0,0,26.07,0.0977
2513,S2C,5,8.8534,0.0,0,27.06,0.1025
2513,E2C,4,11.8275,0.0,0,20.26,0.0537
2513,W2C,4,9.0956,3.0,1,26.34,0.101
2514,N2C,5,9.4736,0.0,0,25.29,0.0936
2514,S2C,3,11.6068,0.0,0,20.64,0.0509
2514,E2C,4,11.8017,0.0,0,20.3,0.0541
2514,W2C,4,9.0388,4.0,1,26.51,0.1025
2515,N2C,4,10.8096,0.0,0,22.17,0.0684
2515,S2C,4,11.9115,0.0,0,20.11,0.0525
2515,E2C,5,11.7275,0.0,0,20.43,0.0611
2515,W2C,5,9.353,5.0,1,25.62,0.1047
2516,N2C,4,10.9713,0.0,0,21.84,0.066
2516,S2C,4,11.32,0.0,0,21.17,0.061
2516,E2C,5,9.6546,0.0,0,24.82,0.091
2516,W2C,5,8.1634,6.0,1,29.35,0.1225
2517,N2C,3,12.1879,0.0,0,19.66,0.0425
2517,S2C,3,12.9306,0.0,0,18.53,0.0318
2517,E2C,5,8.3721,0.0,0,28.62,0.1095
2517,W2C,5,7.6056,7.0,1,31.5,0.1312
2518,N2C,3,12.5301,0.0,0,19.12,0.0376
2518,S2C,3,12.8758,0.0,0,18.61,0.0326
2518,E2C,5,7.451,0.0,0,32.16,0.1227
2518,W2C,5,7.1621,9.0,2,33.45,0.1449
2519,N2C,3,11.9705,0.0,0,20.02,0.0456
2519,S2C,3,13.0755,0.0,0,18.32,0.0297
2519,E2C,5,7.6142,2.0,2,31.47,0.1337
2519,W2C,5,7.2803,11.0,2,32.91,0.1445
2520,N2C,3,11.9925,0.0,0,19.98,0.0453
2520,S2C,3,12.7702,0.0,0,18.76,0.0341
2520,E2C,5,7.5109,4.0,2,31.9,0.1365
2520,W2C,5,7.2616,13.0,2,33.0,0.1461
2521,N2C,3,12.0674,0.0,0,19.86,0.0442
2521,S2C,3,13.087,0.0,0,18.31,0.0296
2521,E2C,6,8.7612,6.0,2,27.35,0.1258
2521,W2C,6,8.5098,15.0,2,28.16,0.1355
2522,N2C,3,11.8369,0.0,0,20.24,0.0476
2522,S2C,3,12.9142,0.0,0,18.55,0.032
2522,E2C,6,8.3145,8.0,2,28.82,0.1336
2522,W2C,6,8.192,17.0,2,29.25,0.1414
2523,N2C,3,11.8522,0.0,0,20.22,0.0473
2523,S2C,3,13.1744,0.0,0,18.19,0.0283
2523,E2C,6,7.6727,10.0,2,31.23,0.1442
2523,W2C,6,7.8595,19.0,2,30.49,0.1475
2524,N2C,3,12.0064,0.0,0,19.96,0.0451
2524,S2C,3,12.8388,0.0,0,18.66,0.0331
2524,E2C,6,7.1668,12.0,2,33.43,0.1528
2524,W2C,6,7.1343,21.0,2,33.58,0.1593
2525,N2C,3,11.8098,0.0,0,20.29,0.048
2525,S2C,3,13.1776,0.0,0,18.18,0.0283
2525,E2C,6,6.6535,15.0,3,36.01,0.1682
2525,W2C,6,6.6139,23.0,2,36.23,0.1681
2526,N2C,3,12.1267,0.0,0,19.76,0.0434
2526,S2C,3,12.7898,0.0,0,18.73,0.0338
2526,E2C,6,6.1377,18.0,3,39.04,0.1776
2526,W2C,6,6.5512,25.0,2,36.57,0.1703
2527,N2C,4,12.648,0.0,0,18.94,0.0419
2527,S2C,4,13.268,0.0,0,18.06,0.033
2527,E2C,7,6.4364,21.0,3,37.23,0.1813
2527,W2C,7,7.0969,27.0,2,33.76,0.1698
2528,N2C,3,12.0477,0.0,0,19.89,0.0445
2528,S2C,3,12.9837,0.0,0,18.45,0.031
2528,E2C,7,5.8359,24.0,3,41.06,0.192
2528,W2C,7,6.1773,29.0,2,38.79,0.1844
2529,N2C,3,11.9551,0.0,0,20.04,0.0459
2529,S2C,3,13.0136,0.0,0,18.41,0.0306
2529,E2C,7,5.7211,27.0,3,41.88,0.1956
2529,W2C,7,5.7319,32.0,3,41.8,0.1988
2530,N2C,3,12.2283,0.0,0,19.59,0.0419
2530,S2C,3,12.9877,0.0,0,18.45,0.031
2530,E2C,7,5.6694,31.0,4,42.26,0.205
2530,W2C,7,5.4719,35.0,3,43.79,0.2045
2531,N2C,3,11.9836,0.0,0,19.99,0.0455
2531,S2C,3,12.8426,0.0,0,18.66,0.0331
2531,E2C,7,5.3105,35.0,4,45.12,0.2129
2531,W2C,7,5.1567,38.0,3,46.46,0.2111
2532,N2C,3,12.2568,0.0,0,19.55,0.0415
2532,S2C,3,13.0342,0.0,0,18.38,0.0303
2532,E2C,7,4.8106,39.0,4,49.81,0.2227
2532,W2C,7,4.584,41.0,3,52.27,0.2213
2533,N2C,4,12.5851,0.0,0,19.04,0.0428
2533,S2C,4,12.9293,0.0,0,18.53,0.0378
2533,E2C,8,5.4483,43.0,4,43.98,0.2222
2533,W2C,8,5.1681,45.0,4,46.36,0.2276
2534,N2C,4,12.5997,0.0,0,19.02,0.0426
2534,S2C,3,12.8032,0.0,0,18.71,0.0336
2534,E2C,8,5.1098,47.0,4,46.89,0.2298
2534,W2C,8,4.6825,49.0,4,51.17,0.2372
2535,N2C,4,12.5596,0.0,0,19.08,0.0432
2535,S2C,3,12.8342,0.0,0,18.67,0.0332
2535,E2C,8,5.1418,52.0,5,46.6,0.2386
2535,W2C,8,4.8109,53.0,4,49.8,0.2381
2536,N2C,4,12.4021,0.0,0,19.32,0.0454
2536,S2C,3,12.2375,0.0,0,19.58,0.0418
2536,E2C,8,4.9574,57.0,5,48.33,0.2446
2536,W2C,8,4.8318,58.0,5,49.59,0.2471
2537,N2C,4,12.2668,0.0,0,19.53,0.0474
2537,S2C,3,12.8213,0.0,0,18.69,0.0334
2537,E2C,8,4.6527,62.0,5,51.5,0.2523
2537,W2C,8,4.8758,63.0,5,49.14,0.2498
2538,N2C,3,12.814,0.0,0,18.7,0.0335
2538,S2C,3,12.3479,0.0,0,19.4,0.0402
2538,E2C,8,4.0819,67.0,5,58.7,0.2639
2538,W2C,8,4.1258,68.0,5,58.07,0.2639
2539,N2C,3,13.2131,0.0,0,18.13,0.0277
2539,S2C,3,12.8127,0.0,0,18.7,0.0335
2539,E2C,9,4.8321,72.0,5,49.59,0.2624
2539,W2C,9,4.9122,73.0,5,48.78,0.2619
2540,N2C,3,13.1947,0.0,0,18.16,0.028
2540,S2C,3,12.6093,0.0,0,19.0,0.0364
2540,E2C,9,4.4377,77.0,5,53.99,0.2714
2540,W2C,9,4.4586,78.0,5,53.74,0.2718
2541,N2C,3,12.9061,0.0,0,18.56,0.0322
2541,S2C,3,12.7189,0.0,0,18.84,0.0349
2541,E2C,9,4.3545,82.0,5,55.02,0.276
2541,W2C,9,4.2432,83.0,5,56.47,0.2782
2542,N2C,3,13.2086,0.0,0,18.14,0.0278
2542,S2C,3,12.8856,0.0,0,18.59,0.0325
2542,E2C,7,5.5127,39.0,3,43.46,0.2066
2542,W2C,7,5.4054,32.0,4,44.33,0.2095
2543,N2C,3,13.0439,0.0,0,18.37,0.0302
2543,S2C,3,12.9469,0.0,0,18.51,0.0316
2543,E2C,7,5.3807,10.0,2,44.53,0.1832
2543,W2C,7,5.765,10.0,2,41.56,0.1777
2544,N2C,3,13.1535,0.0,0,18.22,0.0286
2544,S2C,3,12.0258,0.0,0,19.92,0.0448
2544,E2C,7,5.8574,0.0,0,40.91,0.1577
2544,W2C,7,6.6776,0.0,0,35.88,0.1458
2545,N2C,4,11.6491,0.0,0,20.57,0.0563
2545,S2C,4,11.6869,0.0,0,20.5,0.0557
2545,E2C,6,8.1829,0.0,0,29.28,0.1182
2545,W2C,6,8.95,0.0,0,26.77,0.1071
2546,N2C,4,10.6438,0.0,0,22.51,0.0707
2546,S2C,4,10.6325,0.0,0,22.53,0.0709
2546,E2C,6,8.8214,0.0,0,27.16,0.109
2546,W2C,6,9.0528,0.0,0,26.47,0.1056
2547,N2C,4,9.596,0.0,0,24.97,0.0858
2547,S2C,4,9.3624,0.0,0,25.59,0.0892
2547,E2C,5,9.9662,0.0,0,24.04,0.0865
2547,W2C,5,9.913,0.0,0,24.17,0.0873
2548,N2C,4,9.6233,0.0,0,24.9,0.0854
2548,S2C,4,9.3675,1.0,1,25.58,0.0958
2548,E2C,4,11.528,0.0,0,20.78,0.058
2548,W2C,4,11.5646,0.0,0,20.72,0.0575
2549,N2C,4,9.4755,0.0,0,25.29,0.0876
2549,S2C,4,9.4403,2.0,1,25.38,0.0954
2549,E2C,3,13.0036,0.0,0,18.43,0.0308
2549,W2C,3,12.5755,0.0,0,19.05,0.0369
2550,N2C,4,8.9537,1.0,1,26.76,0.1017
2550,S2C,4,9.3396,3.0,1,25.65,0.0975
2550,E2C,3,13.2354,0.0,0,18.1,0.0274
2550,W2C,3,12.8088,0.0,0,18.71,0.0336
2551,N2C,5,9.0044,2.0,1,26.61,0.1077
2551,S2C,5,9.764,4.0,1,24.54,0.0981
2551,E2C,3,12.8659,0.0,0,18.62,0.0327
2551,W2C,4,13.2712,0.0,0,18.05,0.0329
2552,N2C,5,8.099,3.0,1,29.58,0.1214
2552,S2C,5,9.3738,5.0,1,25.56,0.1044
2552,E2C,3,12.8595,0.0,0,18.63,0.0328
2552,W2C,3,13.0882,0.0,0,18.31,0.0295
2553,N2C,5,7.6407,4.0,1,31.36,0.1286
2553,S2C,5,9.3394,6.0,1,25.65,0.1055
2553,E2C,3,12.8809,0.0,0,18.6,0.0325
2553,W2C,3,13.3379,0.0,0,17.96,0.0259
2554,N2C,5,7.4002,5.0,1,32.38,0.1328
2554,S2C,5,8.2694,7.0,1,28.97,0.1216
2554,E2C,3,12.7612,0.0,0,18.78,0.0343
2554,W2C,3,13.4349,0.0,0,17.83,0.0246
2555,N2C,5,7.2805,6.0,1,32.91,0.1352
2555,S2C,5,7.3303,8.0,1,32.69,0.1358
2555,E2C,3,13.0853,0.0,0,18.31,0.0296
2555,W2C,3,13.4827,0.0,0,17.77,0.0239
2556,N2C,5,6.398,8.0,2,37.45,0.1552
2556,S2C,5,6.6885,9.0,1,35.82,0.1457
2556,E2C,3,12.5755,0.0,0,19.05,0.0369
2556,W2C,3,13.4537,0.0,0,17.81,0.0243
2557,N2C,6,7.0671,10.0,2,33.9,0.1529
2557,S2C,6,7.1261,11.0,2,33.62,0.1527
2557,E2C,3,12.7335,0.0,0,18.82,0.0347
2557,W2C,3,13.3168,0.0,0,17.99,0.0263
2558,N2C,6,6.1964,12.0,2,38.67,0.1668
2558,S2C,6,6.199,13.0,2,38.65,0.1674
2558,E2C,3,12.5457,0.0,0,19.1,0.0374
2558,W2C,3,13.1666,0.0,0,18.2,0.0284
2559,N2C,6,6.0777,14.0,2,39.42,0.1698
2559,S2C,6,6.1278,16.0,3,39.1,0.1764
2559,E2C,3,12.7659,0.0,0,18.77,0.0342
2559,W2C,3,13.0284,0.0,0,18.39,0.0304
2560,N2C,6,5.8967,16.0,2,40.63,0.1738
2560,S2C,6,6.0114,19.0,3,39.86,0.1801
2560,E2C,3,12.3925,0.0,0,19.33,0.0396
2560,W2C,3,13.102,0.0,0,18.29,0.0293
2561,N2C,6,5.9543,19.0,3,40.24,0.1809
2561,S2C,6,6.2948,22.0,3,38.06,0.178
2561,E2C,3,12.4949,0.0,0,19.18,0.0381
2561,W2C,3,13.4444,0.0,0,17.82,0.0244
2562,N2C,6,5.9349,22.0,3,40.37,0.1832
2562,S2C,6,6.1604,25.0,3,38.89,0.182
2562,E2C,3,12.5348,0.0,0,19.11,0.0375
2562,W2C,3,13.5542,0.0,0,17.68,0.0228
2563,N2C,7,6.9988,25.0,3,34.23,0.1759
2563,S2C,7,6.6726,28.0,3,35.91,0.1826
2563,E2C,3,12.8228,0.0,0,18.69,0.0334
2563,W2C,3,13.7214,0.0,0,17.46,0.0204
2564,N2C,7,6.3439,28.0,3,37.77,0.1873
2564,S2C,7,5.9006,31.0,3,40.61,0.1957
2564,E2C,3,12.7753,0.0,0,18.75,0.0341
2564,W2C,3,13.6829,0.0,0,17.51,0.021
2565,N2C,7,6.4868,31.0,3,36.94,0.1873
2565,S2C,7,5.3451,34.0,3,44.83,0.2057
2565,E2C,3,12.5831,0.0,0,19.04,0.0368
2565,W2C,3,13.3809,0.0,0,17.91,0.0253
2566,N2C,7,5.6494,34.0,3,42.41,0.2013
2566,S2C,7,5.1776,38.0,4,46.28,0.2168
2566,E2C,3,12.653,0.0,0,18.94,0.0358
2566,W2C,3,13.2372,0.0,0,18.1,0.0274
2567,N2C,7,5.2643,37.0,3,45.51,0.2089
2567,S2C,7,5.345,42.0,4,44.83,0.217
2567,E2C,3,12.3138,0.0,0,19.46,0.0407
2567,W2C,3,13.3498,0.0,0,17.95,0.0258
2568,N2C,7,5.2768,40.0,3,45.41,0.2107
2568,S2C,7,5.4162,46.0,4,44.24,0.2187
2568,E2C,3,13.1083,0.0,0,18.28,0.0293
2568,W2C,3,12.9621,0.0,0,18.48,0.0314
2569,N2C,8,6.2652,43.0,3,38.24,0.2045
2569,S2C,8,6.4004,50.0,4,37.44,0.2132
2569,E2C,4,12.9049,0.0,0,18.57,0.0382
2569,W2C,3,13.4194,0.0,0,17.85,0.0248
2570,N2C,8,5.5195,47.0,4,43.41,0.2239
2570,S2C,8,5.9769,54.0,4,40.09,0.2219
2570,E2C,4,12.5019,0.0,0,19.17,0.044
2570,W2C,3,13.2502,0.0,0,18.08,0.0272
2571,N2C,8,5.0687,51.0,4,47.27,0.233
2571,S2C,8,5.6848,58.0,4,42.15,0.2288
2571,E2C,4,12.5864,0.0,0,19.04,0.0428
2571,W2C,3,13.3054,0.0,0,18.01,0.0264
2572,N2C,8,4.8968,55.0,4,48.93,0.2382
2572,S2C,8,5.1495,62.0,4,46.53,0.2392
2572,E2C,3,13.0676,0.0,0,18.34,0.0298
2572,W2C,3,13.15,0.0,0,18.22,0.0287
2573,N2C,8,4.8643,59.0,4,49.26,0.2413
2573,S2C,8,4.657,66.0,4,51.45,0.2489
2573,E2C,3,12.7148,0.0,0,18.84,0.0349
2573,W2C,3,13.0933,0.0,0,18.3,0.0295
2574,N2C,8,4.4933,64.0,5,53.32,0.256
2574,S2C,8,4.5563,71.0,5,52.59,0.2597
2574,E2C,3,11.9052,0.0,0,20.13,0.0466
2574,W2C,3,12.6366,0.0,0,18.96,0.036
2575,N2C,7,7.0962,23.0,3,33.76,0.1732
2575,S2C,7,6.528,29.0,3,36.7,0.1853
2575,E2C,4,11.5304,0.0,0,20.78,0.058
2575,W2C,4,11.6116,0.0,0,20.63,0.0568
2576,N2C,7,6.9896,3.0,1,34.28,0.1494
2576,S2C,7,6.488,3.0,1,36.93,0.1566
2576,E2C,4,10.2695,0.0,0,23.33,0.0761
2576,W2C,4,10.3554,0.0,0,23.14,0.0749
2577,N2C,7,7.4357,0.0,0,32.22,0.1349
2577,S2C,7,6.6394,0.0,0,36.09,0.1464
2577,E2C,4,9.7778,0.0,0,24.5,0.0832
2577,W2C,4,9.7944,0.0,0,24.46,0.083
2578,N2C,5,9.8289,0.0,0,24.38,0.0885
2578,S2C,5,8.7359,0.0,0,27.43,0.1042
2578,E2C,4,9.566,1.0,1,25.05,0.0929
2578,W2C,4,9.7568,1.0,1,24.56,0.0902
2579,N2C,5,9.4675,0.0,0,25.31,0.0937
2579,S2C,5,9.1726,0.0,0,26.12,0.0979
2579,E2C,4,9.4911,2.0,1,25.24,0.0947
2579,W2C,4,9.4586,2.0,1,25.33,0.0951
2580,N2C,3,11.6378,0.0,0,20.59,0.0504
2580,S2C,5,9.426,0.0,0,25.42,0.0943
2580,E2C,4,8.8777,3.0,1,26.99,0.1042
2580,W2C,4,9.0786,3.0,1,26.39,0.1013
2581,N2C,4,11.7508,0.0,0,20.39,0.0548
2581,S2C,4,12.2034,0.0,0,19.63,0.0483
2581,E2C,5,9.1867,4.0,1,26.08,0.1064
2581,W2C,5,9.1732,4.0,1,26.12,0.1066
2582,N2C,3,12.7939,0.0,0,18.73,0.0338
2582,S2C,4,12.1658,0.0,0,19.69,0.0488
2582,E2C,5,8.4011,5.0,1,28.52,0.1184
2582,W2C,5,8.5312,5.0,1,28.08,0.1165
2583,N2C,3,12.87,0.0,0,18.62,0.0327
2583,S2C,3,13.1834,0.0,0,18.17,0.0282
2583,E2C,5,7.7209,6.0,1,31.03,0.1288
2583,W2C,5,7.6992,7.0,2,31.12,0.1358
2584,N2C,3,12.2481,0.0,0,19.56,0.0416
2584,S2C,3,13.4607,0.0,0,17.8,0.0242
2584,E2C,5,7.6267,8.0,2,31.42,0.1375
2584,W2C,5,7.6987,9.0,2,31.12,0.1371
2585,N2C,3,12.3785,0.0,0,19.36,0.0398
2585,S2C,3,12.9579,0.0,0,18.49,0.0314
2585,E2C,5,7.6015,10.0,2,31.52,0.1392
2585,W2C,5,7.734,11.0,2,30.98,0.138
2586,N2C,3,12.2917,0.0,0,19.49,0.041
2586,S2C,3,13.5096,0.0,0,17.74,0.0235
2586,E2C,5,7.7382,12.0,2,30.96,0.1386
2586,W2C,5,7.4737,13.0,2,32.06,0.1431
2587,N2C,3,12.6473,0.0,0,18.94,0.0359
2587,S2C,3,13.4367,0.0,0,17.83,0.0245
2587,E2C,6,8.5816,14.0,2,27.92,0.1338
2587,W2C,6,7.7173,15.0,2,31.05,0.1469
2588,N2C,3,12.4679,0.0,0,19.22,0.0385
2588,S2C,3,12.901,0.0,0,18.57,0.0322
2588,E2C,6,7.7694,16.0,2,30.84,0.1468
2588,W2C,6,7.0511,17.0,2,33.98,0.1578
2589,N2C,3,12.5435,0.0,0,19.1,0.0374
2589,S2C,3,13.3855,0.0,0,17.9,0.0253
2589,E2C,6,7.1991,18.0,2,33.28,0.1563
2589,W2C,6,6.5669,19.0,2,36.49,0.1661
2590,N2C,3,12.937,0.0,0,18.52,0.0317
2590,S2C,3,13.0913,0.0,0,18.3,0.0295
2590,E2C,6,6.7751,20.0,2,35.36,0.1638
2590,W2C,6,6.7128,21.0,2,35.69,0.1653
2591,N2C,3,12.9845,0.0,0,18.45,0.031
2591,S2C,3,13.4888,0.0,0,17.76,0.0238
2591,E2C,6,6.6592,22.0,2,35.98,0.1668
2591,W2C,6,6.5978,24.0,3,36.31,0.175
2592,N2C,3,12.9213,0.0,0,18.54,0.0319
2592,S2C,3,13.2964,0.0,0,18.02,0.0265
2592,E2C,6,6.1602,25.0,3,38.89,0.182
2592,W2C,6,6.4993,27.0,3,36.87,0.1784
2593,N2C,3,12.1777,0.0,0,19.68,0.0427
2593,S2C,3,13.0036,0.0,0,18.43,0.0308
2593,E2C,7,6.4251,28.0,3,37.29,0.1862
2593,W2C,7,6.8348,30.0,3,35.06,0.1816
2594,N2C,3,12.0897,0.0,0,19.82,0.0439
2594,S2C,3,13.072,0.0,0,18.33,0.0298
2594,E2C,7,5.7388,31.0,3,41.75,0.198
2594,W2C,7,5.845,33.0,3,40.99,0.1978
2595,N2C,3,11.9306,0.0,0,20.08,0.0462
2595,S2C,3,12.8056,0.0,0,18.71,0.0336
2595,E2C,7,5.5266,34.0,3,43.35,0.2031
2595,W2C,7,5.5376,36.0,3,43.27,0.2043
2596,N2C,3,12.1315,0.0,0,19.75,0.0433
2596,S2C,3,12.9182,0.0,0,18.55,0.032
2596,E2C,7,5.4549,38.0,4,43.92,0.2128
2596,W2C,7,5.5526,39.0,3,43.15,0.206
2597,N2C,3,11.7634,0.0,0,20.37,0.0486
2597,S2C,3,12.773,0.0,0,18.76,0.0341
2597,E2C,7,5.0521,42.0,4,47.43,0.2213
2597,W2C,7,5.0968,43.0,4,47.01,0.2213
2598,N2C,3,12.1207,0.0,0,19.77,0.0435
2598,S2C,3,13.2407,0.0,0,18.1,0.0273
2598,E2C,7,4.4859,46.0,4,53.41,0.2321
2598,W2C,7,4.621,47.0,4,51.85,0.2308
2599,N2C,4,12.9726,0.0,0,18.47,0.0372
2599,S2C,3,13.1046,0.0,0,18.28,0.0293
2599,E2C,8,5.0074,50.0,4,47.85,0.2332
2599,W2C,8,5.3702,51.0,4,44.62,0.2287
2600,N2C,4,11.886,0.0,0,20.16,0.0529
2600,S2C,3,12.8731,0.0,0,18.61,0.0326
2600,E2C,8,4.6532,54.0,4,51.49,0.241
2600,W2C,8,4.897,55.0,4,48.93,0.2382
2601,N2C,4,12.2622,0.0,0,19.54,0.0474
2601,S2C,3,12.8636,0.0,0,18.63,0.0328
2601,E2C,8,4.5787,58.0,4,52.33,0.2447
2601,W2C,8,4.7842,60.0,5,50.08,0.2491
2602,N2C,4,12.2742,0.0,0,19.52,0.0473
2602,S2C,3,12.7186,0.0,0,18.84,0.0349
2602,E2C,8,4.7253,62.0,4,50.71,0.2453
2602,W2C,8,4.8672,65.0,5,49.23,0.2513
2603,N2C,3,12.9446,0.0,0,18.51,0.0316
2603,S2C,3,12.6186,0.0,0,18.99,0.0363
2603,E2C,8,4.331,67.0,5,55.32,0.2603
2603,W2C,8,4.6834,70.0,5,51.16,0.2572
2604,N2C,3,12.7673,0.0,0,18.77,0.0342
2604,S2C,3,12.4449,0.0,0,19.25,0.0388
2604,E2C,8,3.5277,72.0,5,67.92,0.2752
2604,W2C,8,4.1347,75.0,5,57.95,0.2685
2605,N2C,3,12.7587,0.0,0,18.78,0.0343
2605,S2C,3,12.6564,0.0,0,18.93,0.0358
2605,E2C,9,4.2753,77.0,5,56.04,0.2738
2605,W2C,9,4.6537,80.0,5,51.49,0.2703
2606,N2C,3,12.8496,0.0,0,18.65,0.033
2606,S2C,3,12.6042,0.0,0,19.01,0.0365
2606,E2C,9,4.1024,83.0,6,58.41,0.2863
2606,W2C,9,4.4489,85.0,5,53.86,0.2766
2607,N2C,3,12.9391,0.0,0,18.52,0.0317
2607,S2C,3,12.6704,0.0,0,18.91,0.0356
2607,E2C,9,4.2143,89.0,6,56.85,0.2887
2607,W2C,9,4.275,91.0,6,56.05,0.2891
2608,N2C,3,13.365,0.0,0,17.93,0.0256
2608,S2C,3,12.793,0.0,0,18.73,0.0338
2608,E2C,7,5.2745,39.0,4,45.43,0.2161
2608,W2C,7,5.6774,40.0,4,42.2,0.2109
2609,N2C,3,13.1322,0.0,0,18.25,0.0289
2609,S2C,3,12.6882,0.0,0,18.88,0.0353
2609,E2C,7,5.6843,11.0,2,42.15,0.1795
2609,W2C,7,5.774,12.0,2,41.5,0.1789
2610,N2C,3,13.0391,0.0,0,18.38,0.0303
2610,S2C,3,12.6196,0.0,0,18.99,0.0363
2610,E2C,7,6.5104,0.0,0,36.8,0.1483
2610,W2C,7,5.972,0.0,0,40.12,0.156
2611,N2C,4,13.4124,0.0,0,17.86,0.0309
2611,S2C,4,12.8098,0.0,0,18.7,0.0396
2611,E2C,6,9.2078,0.0,0,26.02,0.1034
2611,W2C,6,8.2805,0.0,0,28.94,0.1168
2612,N2C,4,12.1499,0.0,0,19.72,0.0491
2612,S2C,4,11.7992,0.0,0,20.31,0.0541
2612,E2C,6,8.92,0.0,0,26.86,0.1076
2612,W2C,6,8.1159,0.0,0,29.52,0.1191
2613,N2C,4,11.204,0.0,0,21.39,0.0627
2613,S2C,4,10.5981,0.0,0,22.61,0.0714
2613,E2C,5,9.6329,0.0,0,24.87,0.0913
2613,W2C,6,9.1557,0.0,0,26.17,0.1042
2614,N2C,4,9.8538,0.0,0,24.32,0.0821
2614,S2C,4,9.783,0.0,0,24.49,0.0831
2614,E2C,4,11.1564,0.0,0,21.48,0.0634
2614,W2C,4,11.0242,0.0,0,21.73,0.0653
2615,N2C,4,10.2551,0.0,0,23.36,0.0763
2615,S2C,4,9.7922,0.0,0,24.47,0.083
2615,E2C,4,11.8029,0.0,0,20.3,0.0541
2615,W2C,4,11.5635,0.0,0,20.72,0.0575
2616,N2C,4,9.7666,1.0,1,24.53,0.09
2616,S2C,4,9.8127,1.0,1,24.42,0.0894
2616,E2C,3,12.3287,0.0,0,19.43,0.0405
2616,W2C,3,12.8649,0.0,0,18.62,0.0328
2617,N2C,5,9.6217,2.0,1,24.9,0.0988
2617,S2C,5,9.8478,2.0,1,24.33,0.0955
2617,E2C,4,12.6872,0.0,0,18.89,0.0413
2617,W2C,4,12.8262,0.0,0,18.68,0.0393
2618,N2C,5,8.8088,3.0,1,27.2,0.1112
2618,S2C,5,8.9022,3.0,1,26.91,0.1098
2618,E2C,4,12.5587,0.0,0,19.08,0.0432
2618,W2C,3,12.6158,0.0,0,18.99,0.0363
2619,N2C,5,8.1066,4.0,1,29.56,0.1219
2619,S2C,5,8.1994,4.0,1,29.22,0.1206
2619,E2C,3,12.6606,0.0,0,18.92,0.0357
2619,W2C,3,12.2179,0.0,0,19.61,0.0421
2620,N2C,5,7.8517,5.0,1,30.52,0.1263
2620,S2C,5,7.959,5.0,1,30.1,0.1247
2620,E2C,3,12.7114,0.0,0,18.85,0.035
2620,W2C,3,12.7339,0.0,0,18.82,0.0346
2621,N2C,5,7.755,7.0,2,30.9,0.135
2621,S2C,5,7.694,6.0,1,31.14,0.1292
2621,E2C,3,13.0852,0.0,0,18.31,0.0296
2621,W2C,3,12.5811,0.0,0,19.04,0.0368
2622,N2C,5,7.055,9.0,2,33.96,0.1464
2622,S2C,5,6.9593,8.0,2,34.43,0.1471
2622,E2C,3,12.6044,0.0,0,19.01,0.0365
2622,W2C,3,12.4724,0.0,0,19.21,0.0384
2623,N2C,6,7.3212,11.0,2,32.73,0.1499
2623,S2C,6,6.9881,10.0,2,34.29,0.154
2623,E2C,4,13.1225,0.0,0,18.26,0.0351
2623,W2C,3,12.9948,0.0,0,18.44,0.0309
2624,N2C,6,6.6832,13.0,2,35.85,0.1604
2624,S2C,6,5.8263,12.0,2,41.12,0.1721
2624,E2C,3,13.2652,0.0,0,18.06,0.027
2624,W2C,3,12.6784,0.0,0,18.9,0.0354
2625,N2C,6,6.3845,16.0,3,37.53,0.1727
2625,S2C,6,6.0753,14.0,2,39.44,0.1699
2625,E2C,3,12.7792,0.0,0,18.75,0.034
2625,W2C,3,12.8413,0.0,0,18.66,0.0331
2626,N2C,6,6.6597,19.0,3,35.98,0.1708
2626,S2C,6,5.8477,17.0,3,40.97,0.1811
2626,E2C,3,12.772,0.0,0,18.76,0.0341
2626,W2C,3,12.4232,0.0,0,19.29,0.0391
2627,N2C,6,6.6648,22.0,3,35.95,0.1727
2627,S2C,6,5.696,20.0,3,42.06,0.1853
2627,E2C,3,12.9481,0.0,0,18.5,0.0316
2627,W2C,3,12.5955,0.0,0,19.02,0.0366
2628,N2C,6,5.7728,25.0,3,41.5,0.1875
2628,S2C,6,6.139,23.0,3,39.03,0.1809
2628,E2C,3,12.9278,0.0,0,18.53,0.0319
2628,W2C,3,12.7681,0.0,0,18.77,0.0342
2629,N2C,7,6.3923,28.0,3,37.48,0.1866
2629,S2C,7,6.4819,26.0,3,36.96,0.184
2629,E2C,3,13.0563,0.0,0,18.35,0.03
2629,W2C,3,12.5395,0.0,0,19.11,0.0374
2630,N2C,7,5.892,31.0,3,40.66,0.1958
2630,S2C,7,5.6009,29.0,3,42.78,0.1987
2630,E2C,4,12.9035,0.0,0,18.57,0.0382
2630,W2C,4,12.4707,0.0,0,19.21,0.0444
2631,N2C,7,5.6294,34.0,3,42.56,0.2016
2631,S2C,7,5.0538,32.0,3,47.41,0.2086
2631,E2C,3,13.1697,0.0,0,18.19,0.0284
2631,W2C,3,12.7576,0.0,0,18.78,0.0343
2632,N2C,7,5.6091,38.0,4,42.72,0.2106
2632,S2C,7,5.1354,36.0,4,46.66,0.2161
2632,E2C,3,12.77,0.0,0,18.76,0.0341
2632,W2C,3,12.8643,0.0,0,18.63,0.0328
2633,N2C,7,5.4396,42.0,4,44.05,0.2157
2633,S2C,7,5.312,40.0,4,45.11,0.2162
2633,E2C,3,13.1611,0.0,0,18.21,0.0285
2633,W2C,3,12.5851,0.0,0,19.04,0.0368
2634,N2C,7,4.6884,46.0,4,51.11,0.2292
2634,S2C,7,4.8145,44.0,4,49.77,0.226
2634,E2C,3,13.395,0.0,0,17.89,0.0251
2634,W2C,3,12.412,0.0,0,19.3,0.0393
2635,N2C,8,5.4767,50.0,4,43.75,0.2265
2635,S2C,8,5.2824,48.0,4,45.36,0.2279
2635,E2C,3,13.606,0.0,0,17.61,0.0221
2635,W2C,4,13.0849,0.0,0,18.31,0.0356
2636,N2C,8,4.9665,54.0,4,48.24,0.2365
2636,S2C,8,4.8163,52.0,4,49.75,0.2373
2636,E2C,3,13.5364,0.0,0,17.7,0.0231
2636,W2C,3,13.0905,0.0,0,18.3,0.0295
2637,N2C,8,4.8552,59.0,5,49.35,0.2474
2637,S2C,8,4.5409,56.0,4,52.77,0.2439
2637,E2C,3,12.8964,0.0,0,18.58,0.0323
2637,W2C,3,13.0391,0.0,0,18.38,0.0303
2638,N2C,8,5.1439,64.0,5,46.58,0.2466
2638,S2C,8,4.6087,61.0,5,51.99,0.2523
2638,E2C,3,13.297,0.0,0,18.02,0.0265
2638,W2C,3,12.8679,0.0,0,18.62,0.0327
2639,N2C,8,4.6357,69.0,5,51.69,0.2573
2639,S2C,8,4.4188,66.0,5,54.22,0.2584
2639,E2C,3,13.0581,0.0,0,18.35,0.03
2639,W2C,3,12.824,0.0,0,18.68,0.0333
2640,N2C,8,4.1736,74.0,5,57.41,0.2672
2640,S2C,8,4.6087,71.0,5,51.99,0.259
2640,E2C,3,12.8656,0.0,0,18.62,0.0327
2640,W2C,3,12.2136,0.0,0,19.62,0.0421
2641,N2C,7,5.998,32.0,3,39.95,0.195
2641,S2C,7,7.1708,30.0,3,33.41,0.1767
2641,E2C,4,12.1084,0.0,0,19.79,0.0497
2641,W2C,4,11.7353,0.0,0,20.42,0.055
2642,N2C,7,5.8264,7.0,2,41.12,0.1748
2642,S2C,7,7.6411,5.0,1,31.36,0.1413
2642,E2C,4,10.5966,0.0,0,22.61,0.0714
2642,W2C,4,10.2258,0.0,0,23.43,0.0768
2643,N2C,7,6.5407,0.0,0,36.63,0.1478
2643,S2C,7,7.592,0.0,0,31.56,0.1327
2643,E2C,4,10.1759,0.0,0,23.55,0.0775
2643,W2C,4,9.442,0.0,0,25.38,0.088
2644,N2C,5,8.3124,0.0,0,28.82,0.1103
2644,S2C,5,10.2471,0.0,0,23.38,0.0825
2644,E2C,4,10.2132,1.0,1,23.46,0.0836
2644,W2C,4,9.5182,1.0,1,25.17,0.0936
2645,N2C,5,8.7095,0.0,0,27.51,0.1046
2645,S2C,5,10.2129,0.0,0,23.46,0.0829
2645,E2C,4,10.1343,2.0,1,23.64,0.0854
2645,W2C,4,9.6502,2.0,1,24.83,0.0924
2646,N2C,4,9.8975,0.0,0,24.21,0.0815
2646,S2C,3,11.9454,0.0,0,20.06,0.046
2646,E2C,4,9.652,3.0,1,24.82,0.093
2646,W2C,4,9.2072,3.0,1,26.02,0.0994
2647,N2C,4,11.5479,0.0,0,20.75,0.0577
2647,S2C,4,12.5031,0.0,0,19.16,0.044
2647,E2C,5,10.1015,4.0,1,23.72,0.0932
2647,W2C,5,10.2925,4.0,1,23.28,0.0905
2648,N2C,3,11.8264,0.0,0,20.26,0.0477
2648,S2C,4,12.31,0.0,0,19.46,0.0468
2648,E2C,5,9.0036,5.0,1,26.61,0.1097
2648,W2C,5,10.0257,5.0,1,23.9,0.095
2649,N2C,3,11.8516,0.0,0,20.22,0.0473
2649,S2C,3,12.989,0.0,0,18.45,0.031
2649,E2C,5,8.459,6.0,1,28.32,0.1182
2649,W2C,5,9.6635,6.0,1,24.79,0.1009
2650,N2C,3,12.5814,0.0,0,19.04,0.0368
2650,S2C,3,12.7223,0.0,0,18.83,0.0348
2650,E2C,5,7.9868,7.0,1,30.0,0.1257
2650,W2C,5,8.583,7.0,1,27.92,0.1171
2651,N2C,3,12.5165,0.0,0,19.14,0.0378
2651,S2C,3,13.0936,0.0,0,18.3,0.0295
2651,E2C,5,7.7115,9.0,2,31.07,0.137
2651,W2C,5,7.5003,9.0,2,31.95,0.14
2652,N2C,3,12.6251,0.0,0,18.98,0.0362
2652,S2C,3,12.6421,0.0,0,18.95,0.036
2652,E2C,5,7.2978,11.0,2,32.83,0.1443
2652,W2C,5,6.9511,11.0,2,34.47,0.1492
2653,N2C,3,11.8243,0.0,0,20.26,0.0477
2653,S2C,4,12.3477,0.0,0,19.4,0.0462
2653,E2C,6,7.5847,13.0,2,31.59,0.1475
2653,W2C,6,7.5072,13.0,2,31.92,0.1486
2654,N2C,3,11.6467,0.0,0,20.57,0.0503
2654,S2C,3,12.5292,0.0,0,19.12,0.0376
2654,E2C,6,6.6628,15.0,2,35.96,0.1621
2654,W2C,6,6.4974,15.0,2,36.88,0.1644
2655,N2C,3,11.7797,0.0,0,20.34,0.0484
2655,S2C,3,12.3477,0.0,0,19.4,0.0402
2655,E2C,6,6.4568,18.0,3,37.11,0.173
2655,W2C,6,6.6854,17.0,2,35.84,0.1631
2656,N2C,3,11.4744,0.0,0,20.88,0.0528
2656,S2C,3,12.2163,0.0,0,19.61,0.0421
2656,E2C,6,6.7255,21.0,3,35.63,0.1712
2656,W2C,6,6.57,20.0,3,36.47,0.1727
2657,N2C,3,11.6022,0.0,0,20.65,0.0509
2657,S2C,3,12.1101,0.0,0,19.79,0.0436
2657,E2C,6,6.4504,24.0,3,37.14,0.1771
2657,W2C,6,6.4282,23.0,3,37.27,0.1768
2658,N2C,3,11.8163,0.0,0,20.28,0.0479
2658,S2C,3,12.4379,0.0,0,19.26,0.0389
2658,E2C,6,6.047,27.0,3,39.62,0.1849
2658,W2C,6,6.4012,26.0,3,37.43,0.1792
2659,N2C,4,12.268,0.0,0,19.53,0.0474
2659,S2C,3,12.3713,0.0,0,19.37,0.0399
2659,E2C,7,6.391,30.0,3,37.49,0.188
2659,W2C,7,6.9668,29.0,3,34.39,0.179
2660,N2C,4,12.164,0.0,0,19.7,0.0489
2660,S2C,3,11.7499,0.0,0,20.39,0.0488
2660,E2C,7,5.7955,33.0,3,41.34,0.1986
2660,W2C,7,6.3269,32.0,3,37.87,0.1902
2661,N2C,4,12.3324,0.0,0,19.43,0.0464
2661,S2C,3,12.3622,0.0,0,19.38,0.04
2661,E2C,7,5.7948,36.0,3,41.35,0.2006
2661,W2C,7,5.9147,35.0,3,40.51,0.1982
2662,N2C,3,12.4702,0.0,0,19.21,0.0384
2662,S2C,3,12.3035,0.0,0,19.47,0.0408
2662,E2C,7,5.596,40.0,4,42.82,0.2121
2662,W2C,7,5.4605,38.0,3,43.88,0.2067
2663,N2C,3,12.2295,0.0,0,19.59,0.0419
2663,S2C,3,12.0405,0.0,0,19.9,0.0446
2663,E2C,7,5.4139,44.0,4,44.26,0.2174
2663,W2C,7,5.3205,42.0,4,45.03,0.2174
2664,N2C,3,12.5319,0.0,0,19.12,0.0376
2664,S2C,3,12.2143,0.0,0,19.62,0.0421
2664,E2C,7,4.7951,48.0,4,49.97,0.229
2664,W2C,7,4.5619,46.0,4,52.52,0.231
2665,N2C,3,12.3503,0.0,0,19.4,0.0402
2665,S2C,4,12.0294,0.0,0,19.92,0.0508
2665,E2C,8,5.2432,52.0,4,45.7,0.2312
2665,W2C,8,5.2576,50.0,4,45.57,0.2296
2666,N2C,4,12.3833,0.0,0,19.35,0.0457
2666,S2C,3,11.6871,0.0,0,20.5,0.0497
2666,E2C,8,4.7934,56.0,4,49.99,0.2403
2666,W2C,8,4.8517,54.0,4,49.38,0.2381
2667,N2C,4,11.985,0.0,0,19.99,0.0514
2667,S2C,3,11.3869,0.0,0,21.04,0.054
2667,E2C,8,4.7713,60.0,4,50.22,0.2433
2667,W2C,8,4.8541,58.0,4,49.36,0.2408
2668,N2C,3,12.1032,0.0,0,19.8,0.0437
2668,S2C,3,11.4582,0.0,0,20.91,0.053
2668,E2C,8,4.6733,64.0,4,51.27,0.2474
2668,W2C,8,4.8768,63.0,5,49.13,0.2498
2669,N2C,3,12.0445,0.0,0,19.89,0.0446
2669,S2C,3,11.7682,0.0,0,20.36,0.0486
2669,E2C,8,4.6992,69.0,5,50.99,0.2563
2669,W2C,8,4.7568,68.0,5,50.37,0.2548
2670,N2C,3,12.1491,0.0,0,19.72,0.0431
2670,S2C,3,11.5423,0.0,0,20.76,0.0518
2670,E2C,8,4.0968,74.0,5,58.48,0.2683
2670,W2C,8,4.2128,73.0,5,56.87,0.266
2671,N2C,4,12.1132,0.0,0,19.78,0.0496
2671,S2C,4,12.4697,0.0,0,19.21,0.0445
2671,E2C,9,4.4101,79.0,5,54.33,0.2732
2671,W2C,9,4.8701,78.0,5,49.2,0.2659
2672,N2C,4,11.0495,0.0,0,21.68,0.0649
2672,S2C,4,12.3093,0.0,0,19.47,0.0468
2672,E2C,9,4.0803,84.0,5,58.72,0.2812
2672,W2C,9,4.3715,83.0,5,54.81,0.2764
2673,N2C,4,10.0636,0.0,0,23.81,0.0791
2673,S2C,4,11.92,0.0,0,20.1,0.0524
2673,E2C,9,4.018,89.0,5,59.63,0.2855
2673,W2C,9,4.4194,88.0,5,54.22,0.279
2674,N2C,4,9.9599,0.0,0,24.06,0.0806
2674,S2C,4,12.2445,0.0,0,19.57,0.0477
2674,E2C,7,5.0057,39.0,3,47.86,0.2139
2674,W2C,7,5.6256,39.0,4,42.59,0.211
2675,N2C,4,8.8291,1.0,1,27.14,0.1035
2675,S2C,4,11.1627,0.0,0,21.46,0.0633
2675,E2C,7,5.1798,8.0,2,46.26,0.1848
2675,W2C,7,5.8727,10.0,2,40.8,0.1761
2676,N2C,4,8.444,2.0,1,28.38,0.1097
2676,S2C,4,10.0094,0.0,0,23.94,0.0799
2676,E2C,7,5.4226,0.0,0,44.19,0.1639
2676,W2C,7,6.2232,0.0,0,38.5,0.1524
2677,N2C,5,8.6451,3.0,1,27.72,0.1135
2677,S2C,5,9.8068,0.0,0,24.43,0.0888
2677,E2C,6,7.3443,0.0,0,32.62,0.1302
2677,W2C,6,8.3669,0.0,0,28.64,0.1155
2678,N2C,5,7.4178,4.0,1,32.3,0.1319
2678,S2C,5,9.0808,0.0,0,26.39,0.0992
2678,E2C,6,8.0771,0.0,0,29.66,0.1197
2678,W2C,6,8.6366,0.0,0,27.74,0.1116
2679,N2C,5,7.2416,5.0,1,33.09,0.1351
2679,S2C,5,8.1121,1.0,1,29.54,0.1199
2679,E2C,5,9.0133,0.0,0,26.58,0.1002
2679,W2C,5,10.1756,0.0,0,23.55,0.0835
2680,N2C,5,6.9613,7.0,2,34.42,0.1464
2680,S2C,5,7.7617,3.0,2,30.87,0.1322
2680,E2C,4,10.5248,0.0,0,22.77,0.0725
2680,W2C,4,11.321,0.0,0,21.16,0.061
2681,N2C,5,6.8655,9.0,2,34.9,0.1491
2681,S2C,5,7.7099,5.0,2,31.08,0.1343
2681,E2C,3,12.3263,0.0,0,19.44,0.0405
2681,W2C,4,11.8299,0.0,0,20.25,0.0537
2682,N2C,5,7.2266,11.0,2,33.16,0.1453
2682,S2C,5,7.5724,7.0,2,31.64,0.1376
2682,E2C,3,11.81,0.0,0,20.29,0.0479
2682,W2C,3,13.3656,0.0,0,17.93,0.0256
2683,N2C,6,8.0533,13.0,2,29.75,0.1407
2683,S2C,6,8.3882,9.0,2,28.56,0.1332
2683,E2C,4,12.6007,0.0,0,19.01,0.0426
2683,W2C,3,13.4804,0.0,0,17.77,0.0239
2684,N2C,6,7.8628,15.0,2,30.47,0.1448
2684,S2C,6,7.8068,11.0,2,30.69,0.1429
2684,E2C,4,11.9611,0.0,0,20.03,0.0518
2684,W2C,3,12.9115,0.0,0,18.56,0.0321
2685,N2C,6,7.753,17.0,2,30.9,0.1477
2685,S2C,6,7.1218,13.0,2,33.64,0.1541
2685,E2C,3,12.3381,0.0,0,19.42,0.0403
2685,W2C,3,13.3154,0.0,0,17.99,0.0263
2686,N2C,6,7.8323,19.0,2,30.59,0.1479
2686,S2C,6,6.7809,15.0,2,35.33,0.1604
2686,E2C,3,12.4589,0.0,0,19.23,0.0386
2686,W2C,3,13.3637,0.0,0,17.93,0.0256
2687,N2C,6,7.0202,21.0,2,34.13,0.1609
2687,S2C,6,6.3432,17.0,2,37.77,0.168
2687,E2C,3,12.0724,0.0,0,19.85,0.0442
2687,W2C,3,13.6991,0.0,0,17.49,0.0207
2688,N2C,6,6.2717,23.0,2,38.2,0.173
2688,S2C,6,6.0112,20.0,3,39.86,0.1808
2688,E2C,3,12.6398,0.0,0,18.96,0.036
2688,W2C,3,13.2385,0.0,0,18.1,0.0274
2689,N2C,7,6.8704,25.0,2,34.87,0.1717
2689,S2C,7,6.3586,23.0,3,37.68,0.1838
2689,E2C,4,12.6021,0.0,0,19.01,0.0425
2689,W2C,3,13.1547,0.0,0,18.21,0.0286
2690,N2C,7,5.9314,27.0,2,40.39,0.1866
2690,S2C,7,5.5863,26.0,3,42.89,0.1969
2690,E2C,4,12.5894,0.0,0,19.03,0.0427
2690,W2C,3,13.147,0.0,0,18.22,0.0287
2691,N2C,7,6.0906,29.0,2,39.34,0.1856
2691,S2C,7,5.4118,29.0,3,44.27,0.2014
2691,E2C,4,12.4722,0.0,0,19.21,0.0444
2691,W2C,3,13.5316,0.0,0,17.71,0.0232
2692,N2C,7,5.667,32.0,3,42.28,0.1997
2692,S2C,7,5.3374,33.0,4,44.89,0.2111
2692,E2C,4,12.5645,0.0,0,19.07,0.0431
2692,W2C,3,13.0391,0.0,0,18.38,0.0303
2693,N2C,7,5.0976,35.0,3,47.0,0.2099
2693,S2C,7,5.11,37.0,4,46.89,0.2171
2693,E2C,4,12.6208,0.0,0,18.98,0.0423
2693,W2C,3,13.6482,0.0,0,17.56,0.0215
2694,N2C,7,4.9508,39.0,4,48.4,0.2207
2694,S2C,7,4.6127,41.0,4,51.94,0.2269
2694,E2C,3,13.7171,0.0,0,17.47,0.0205
2694,W2C,3,13.4283,0.0,0,17.84,0.0246
2695,N2C,8,5.5496,43.0,4,43.17,0.2208
2695,S2C,8,5.3472,45.0,4,44.81,0.225
2695,E2C,3,13.399,0.0,0,17.88,0.0251
2695,W2C,3,13.5309,0.0,0,17.71,0.0232
2696,N2C,8,4.8434,47.0,4,49.47,0.2336
2696,S2C,8,4.6236,49.0,4,51.82,0.2381
2696,E2C,3,12.7303,0.0,0,18.82,0.0347
2696,W2C,3,13.5369,0.0,0,17.7,0.0231
2697,N2C,8,4.5765,51.0,4,52.35,0.2401
2697,S2C,8,4.6483,53.0,4,51.55,0.2404
2697,E2C,3,13.1437,0.0,0,18.23,0.0287
2697,W2C,3,13.2128,0.0,0,18.13,0.0278
2698,N2C,8,4.5142,56.0,5,53.08,0.2503
2698,S2C,8,4.6246,57.0,4,51.81,0.2434
2698,E2C,3,13.4047,0.0,0,17.87,0.025
2698,W2C,3,13.3197,0.0,0,17.99,0.0262
2699,N2C,8,4.5322,61.0,5,52.87,0.2534
2699,S2C,8,4.6359,62.0,5,51.68,0.2526
2699,E2C,3,13.322,0.0,0,17.99,0.0262
2699,W2C,3,13.4119,0.0,0,17.86,0.0249
2700,N2C,8,4.6929,66.0,5,51.06,0.2544
2700,S2C,8,4.2274,67.0,5,56.68,0.2618
2700,E2C,3,13.3527,0.0,0,17.94,0.0257
2700,W2C,3,13.2622,0.0,0,18.07,0.027
2701,N2C,9,5.2627,71.0,5,45.53,0.2556
2701,S2C,9,4.7604,72.0,5,50.33,0.2635
2701,E2C,3,13.5367,0.0,0,17.7,0.0231
2701,W2C,3,13.4574,0.0,0,17.8,0.0242
2702,N2C,9,5.2141,76.0,5,45.95,0.2596
2702,S2C,9,4.2286,77.0,5,56.66,0.2744
2702,E2C,3,13.2774,0.0,0,18.05,0.0268
2702,W2C,3,13.2205,0.0,0,18.12,0.0276
2703,N2C,9,4.7561,81.0,5,50.38,0.2695
2703,S2C,9,4.1439,82.0,5,57.82,0.279
2703,E2C,3,13.5214,0.0,0,17.72,0.0233
2703,W2C,3,13.4068,0.0,0,17.87,0.025
2704,N2C,9,4.2903,86.0,5,55.85,0.2796
2704,S2C,9,4.2051,88.0,6,56.98,0.2881
2704,E2C,3,13.1979,0.0,0,18.15,0.028
2704,W2C,3,13.401,0.0,0,17.88,0.025
2705,N2C,9,4.1142,91.0,5,58.24,0.2854
2705,S2C,9,4.0942,94.0,6,58.52,0.2937
2705,E2C,3,13.172,0.0,0,18.19,0.0283
2705,W2C,3,13.3504,0.0,0,17.95,0.0258
2706,N2C,9,3.6053,97.0,6,66.46,0.3028
2706,S2C,9,4.174,100.0,6,57.4,0.2966
2706,E2C,3,12.8787,0.0,0,18.6,0.0326
2706,W2C,3,12.4129,0.0,0,19.3,0.0393
2707,N2C,8,5.0963,42.0,4,47.01,0.2266
2707,S2C,8,5.683,49.0,4,42.16,0.2228
2707,E2C,4,11.8455,0.0,0,20.23,0.0534
2707,W2C,4,11.6051,0.0,0,20.65,0.0569
2708,N2C,8,4.7932,14.0,2,49.99,0.2003
2708,S2C,8,5.7346,15.0,2,41.78,0.1874
2708,E2C,4,10.3934,0.0,0,23.05,0.0743
2708,W2C,4,10.6737,0.0,0,22.45,0.0703
2709,N2C,8,5.251,1.0,1,45.63,0.1791
2709,S2C,8,6.0655,0.0,0,39.5,0.1607
2709,E2C,4,9.5575,1.0,1,25.07,0.0931
2709,W2C,4,9.7113,0.0,0,24.67,0.0842
2710,N2C,6,6.846,0.0,0,35.0,0.1374
2710,S2C,6,7.5749,0.0,0,31.63,0.1269
2710,E2C,4,9.65,2.0,1,24.83,0.0924
2710,W2C,4,10.0137,0.0,0,23.93,0.0798
2711,N2C,6,7.0742,0.0,0,33.87,0.1341
2711,S2C,6,7.7213,0.0,0,31.03,0.1248
2711,E2C,4,9.7878,3.0,1,24.48,0.0911
2711,W2C,4,10.2288,1.0,1,23.42,0.0834
2712,N2C,6,7.9547,0.0,0,30.12,0.1215
2712,S2C,4,9.3243,0.0,0,25.7,0.0897
2712,E2C,4,9.1037,4.0,1,26.32,0.1016
2712,W2C,4,9.5453,2.0,1,25.1,0.0939
2713,N2C,5,9.491,0.0,0,25.25,0.0933
2713,S2C,5,10.7713,0.0,0,22.24,0.0749
2713,E2C,5,9.5243,5.0,1,25.16,0.1022
2713,W2C,5,9.4831,3.0,1,25.27,0.1015
2714,N2C,5,10.1114,0.0,0,23.7,0.0844
2714,S2C,3,11.9739,0.0,0,20.01,0.0456
2714,E2C,5,8.3146,6.0,1,28.82,0.1203
2714,W2C,5,8.3324,4.0,1,28.76,0.1187
2715,N2C,3,11.5057,0.0,0,20.82,0.0523
2715,S2C,3,12.604,0.0,0,19.01,0.0365
2715,E2C,5,7.7363,7.0,1,30.97,0.1293
2715,W2C,5,7.8909,5.0,1,30.36,0.1257
2716,N2C,3,11.8023,0.0,0,20.3,0.0481
2716,S2C,3,12.1009,0.0,0,19.8,0.0438
2716,E2C,5,7.7059,8.0,1,31.09,0.1304
2716,W2C,5,7.691,7.0,2,31.15,0.1359
2717,N2C,3,11.5989,0.0,0,20.66,0.051
2717,S2C,3,12.8002,0.0,0,18.72,0.0337
2717,E2C,5,7.6713,10.0,2,31.23,0.1382
2717,W2C,5,7.7337,9.0,2,30.98,0.1366
2718,N2C,3,11.8993,0.0,0,20.14,0.0467
2718,S2C,3,12.8466,0.0,0,18.65,0.033
2718,E2C,5,6.7358,12.0,2,35.57,0.153
2718,W2C,5,6.8447,11.0,2,35.01,0.1508
2719,N2C,4,12.2275,0.0,0,19.6,0.0479
2719,S2C,4,12.1589,0.0,0,19.71,0.0489
2719,E2C,6,7.1755,14.0,2,33.39,0.154
2719,W2C,6,7.3729,13.0,2,32.5,0.1505
2720,N2C,4,12.3531,0.0,0,19.4,0.0461
2720,S2C,4,11.9252,0.0,0,20.09,0.0523
2720,E2C,6,6.587,16.0,2,36.37,0.1638
2720,W2C,6,6.4616,15.0,2,37.08,0.165
2721,N2C,4,11.8381,0.0,0,20.24,0.0535
2721,S2C,3,12.4047,0.0,0,19.32,0.0394
2721,E2C,6,6.56,19.0,3,36.52,0.1722
2721,W2C,6,6.3924,17.0,2,37.48,0.1673
2722,N2C,4,11.8439,0.0,0,20.23,0.0535
2722,S2C,3,11.9073,0.0,0,20.12,0.0465
2722,E2C,6,6.6009,22.0,3,36.3,0.1736
2722,W2C,6,6.5545,20.0,3,36.56,0.173
2723,N2C,4,11.994,0.0,0,19.98,0.0513
2723,S2C,3,12.3353,0.0,0,19.42,0.0404
2723,E2C,6,6.5256,25.0,3,36.72,0.1767
2723,W2C,6,6.3977,23.0,3,37.45,0.1772
2724,N2C,3,12.8118,0.0,0,18.7,0.0335
2724,S2C,3,11.9432,0.0,0,20.06,0.046
2724,E2C,6,6.5435,28.0,3,36.62,0.1784
2724,W2C,6,5.6227,26.0,3,42.61,0.1904
2725,N2C,4,12.7777,0.0,0,18.75,0.04
2725,S2C,4,12.4582,0.0,0,19.23,0.0446
2725,E2C,7,7.3398,31.0,3,32.64,0.175
2725,W2C,7,6.2785,29.0,3,38.16,0.1889
2726,N2C,4,12.2069,0.0,0,19.63,0.0482
2726,S2C,4,12.4294,0.0,0,19.28,0.045
2726,E2C,7,6.5201,34.0,3,36.75,0.1888
2726,W2C,7,5.7258,32.0,3,41.85,0.1989
2727,N2C,3,13.0145,0.0,0,18.41,0.0306
2727,S2C,4,12.5713,0.0,0,19.06,0.043
2727,E2C,7,5.9573,37.0,3,40.22,0.1989
2727,W2C,7,5.6116,36.0,4,42.7,0.2092
2728,N2C,3,13.0306,0.0,0,18.39,0.0304
2728,S2C,3,12.7405,0.0,0,18.81,0.0346
2728,E2C,7,5.7349,40.0,3,41.78,0.2041
2728,W2C,7,5.3985,40.0,4,44.38,0.2149
2729,N2C,3,12.514,0.0,0,19.15,0.0378
2729,S2C,3,12.7375,0.0,0,18.81,0.0346
2729,E2C,7,5.592,43.0,3,42.85,0.2081
2729,W2C,7,5.583,44.0,4,42.92,0.2149
2730,N2C,3,12.9302,0.0,0,18.53,0.0318
2730,S2C,3,13.1334,0.0,0,18.24,0.0289
2730,E2C,7,4.9241,47.0,4,48.66,0.2264
2730,W2C,7,5.4174,48.0,4,44.23,0.22
2731,N2C,4,13.1451,0.0,0,18.23,0.0347
2731,S2C,3,12.9983,0.0,0,18.43,0.0308
2731,E2C,8,5.5375,51.0,4,43.27,0.2263
2731,W2C,8,6.0074,52.0,4,39.88,0.2202
2732,N2C,4,13.034,0.0,0,18.38,0.0363
2732,S2C,3,12.5304,0.0,0,19.12,0.0376
2732,E2C,8,5.0154,55.0,4,47.77,0.2365
2732,W2C,8,5.3954,56.0,4,44.41,0.2316
2733,N2C,3,13.367,0.0,0,17.92,0.0255
2733,S2C,3,12.468,0.0,0,19.22,0.0385
2733,E2C,8,4.992,60.0,5,48.0,0.2461
2733,W2C,8,5.1272,61.0,5,46.73,0.2448
2734,N2C,3,13.2539,0.0,0,18.08,0.0272
2734,S2C,3,12.6215,0.0,0,18.98,0.0363
2734,E2C,8,4.9002,65.0,5,48.9,0.2508
2734,W2C,8,4.9696,66.0,5,48.21,0.2504
2735,N2C,3,13.5119,0.0,0,17.73,0.0234
2735,S2C,3,12.5727,0.0,0,19.06,0.037
2735,E2C,8,4.4975,70.0,5,53.27,0.2599
2735,W2C,8,4.7313,71.0,5,50.64,0.2572
2736,N2C,3,13.0815,0.0,0,18.32,0.0296
2736,S2C,3,12.6927,0.0,0,18.88,0.0352
2736,E2C,8,3.9388,75.0,5,60.83,0.2713
2736,W2C,8,4.2537,76.0,5,56.33,0.2674
2737,N2C,3,13.2726,0.0,0,18.05,0.0269
2737,S2C,4,13.2202,0.0,0,18.12,0.0336
2737,E2C,9,4.6839,80.0,5,51.15,0.2699
2737,W2C,9,4.6524,81.0,5,51.5,0.271
2738,N2C,3,12.9849,0.0,0,18.45,0.031
2738,S2C,4,12.6573,0.0,0,18.93,0.0417
2738,E2C,9,4.3461,85.0,5,55.13,0.2781
2738,W2C,9,4.0266,86.0,5,59.51,0.2834
2739,N2C,3,13.3143,0.0,0,18.0,0.0263
2739,S2C,4,11.7849,0.0,0,20.33,0.0543
2739,E2C,9,4.2251,90.0,5,56.71,0.2832
2739,W2C,9,4.1656,92.0,6,57.52,0.2914
2740,N2C,3,12.9891,0.0,0,18.45,0.031
2740,S2C,4,10.3887,0.0,0,23.06,0.0744
2740,E2C,7,5.4499,40.0,4,43.96,0.2142
2740,W2C,7,5.1462,43.0,4,46.56,0.2206
2741,N2C,3,12.8232,0.0,0,18.68,0.0334
2741,S2C,4,10.1132,0.0,0,23.69,0.0784
2741,E2C,7,5.2365,11.0,2,45.76,0.1859
2741,W2C,7,5.0498,12.0,2,47.45,0.1893
2742,N2C,3,12.3458,0.0,0,19.41,0.0402
2742,S2C,4,9.4048,1.0,1,25.48,0.0952
2742,E2C,7,5.6381,0.0,0,42.5,0.1608
2742,W2C,7,5.1236,0.0,0,46.76,0.1682
2743,N2C,4,11.8713,0.0,0,20.18,0.0531
2743,S2C,5,9.718,2.0,1,24.66,0.0974
2743,E2C,6,8.0611,0.0,0,29.72,0.1199
2743,W2C,6,7.3014,0.0,0,32.82,0.1309
2744,N2C,4,10.8326,0.0,0,22.12,0.068
2744,S2C,5,8.6551,3.0,1,27.68,0.1134
2744,E2C,6,8.6628,0.0,0,27.66,0.1113
2744,W2C,6,7.6651,0.0,0,31.26,0.1256
2745,N2C,4,9.8511,0.0,0,24.32,0.0822
2745,S2C,5,7.9592,4.0,1,30.1,0.1241
2745,E2C,4,10.9477,0.0,0,21.89,0.0664
2745,W2C,6,8.7617,0.0,0,27.35,0.1098
2746,N2C,4,9.739,1.0,1,24.6,0.0904
2746,S2C,5,7.9969,6.0,2,29.96,0.1309
2746,E2C,4,11.1936,0.0,0,21.41,0.0628
2746,W2C,4,10.828,0.0,0,22.13,0.0681
2747,N2C,4,9.9183,2.0,1,24.16,0.0885
2747,S2C,5,7.6391,8.0,2,31.37,0.1373
2747,E2C,4,11.591,0.0,0,20.67,0.0571
2747,W2C,4,11.033,0.0,0,21.72,0.0651
2748,N2C,4,9.6049,3.0,1,24.95,0.0937
2748,S2C,5,7.4189,10.0,2,32.3,0.1418
2748,E2C,3,13.1074,0.0,0,18.28,0.0293
2748,W2C,3,12.7317,0.0,0,18.82,0.0347
2749,N2C,5,9.5047,4.0,1,25.21,0.1018
2749,S2C,6,7.7677,12.0,2,30.85,0.1442
2749,E2C,3,12.6854,0.0,0,18.89,0.0353
2749,W2C,3,12.601,0.0,0,19.01,0.0366
2750,N2C,5,8.3256,5.0,1,28.78,0.1195
2750,S2C,6,6.981,14.0,2,34.32,0.1568
2750,E2C,3,12.9378,0.0,0,18.52,0.0317
2750,W2C,3,12.4065,0.0,0,19.31,0.0394
2751,N2C,5,7.8498,7.0,2,30.52,0.1336
2751,S2C,6,6.6462,16.0,2,36.05,0.163
2751,E2C,3,12.9042,0.0,0,18.57,0.0322
2751,W2C,3,12.2736,0.0,0,19.52,0.0413
2752,N2C,5,7.8886,9.0,2,30.37,0.1344
2752,S2C,6,6.5386,19.0,3,36.64,0.1725
2752,E2C,3,12.5659,0.0,0,19.07,0.0371
2752,W2C,3,12.2929,0.0,0,19.49,0.041
2753,N2C,5,8.0244,11.0,2,29.86,0.1338
2753,S2C,6,6.4804,22.0,3,36.97,0.1754
2753,E2C,3,12.9831,0.0,0,18.45,0.0311
2753,W2C,3,12.3157,0.0,0,19.45,0.0407
2754,N2C,5,7.7173,13.0,2,31.05,0.1395
2754,S2C,6,5.8602,25.0,3,40.89,0.1863
2754,E2C,3,13.1229,0.0,0,18.26,0.029
2754,W2C,3,12.3507,0.0,0,19.4,0.0402
2755,N2C,6,7.9228,15.0,2,30.24,0.1439
2755,S2C,7,6.336,28.0,3,37.82,0.1874
2755,E2C,4,13.1104,0.0,0,18.28,0.0352
2755,W2C,4,13.1105,0.0,0,18.28,0.0352
2756,N2C,6,7.2103,17.0,2,33.23,0.1555
2756,S2C,7,5.5596,31.0,3,43.1,0.2006
2756,E2C,4,12.8018,0.0,0,18.72,0.0397
2756,W2C,4,12.5971,0.0,0,19.02,0.0426
2757,N2C,6,6.5078,19.0,2,36.82,0.167
2757,S2C,7,5.5685,35.0,4,43.03,0.2092
2757,E2C,3,13.4401,0.0,0,17.83,0.0245
2757,W2C,4,12.4429,0.0,0,19.26,0.0448
2758,N2C,6,6.5198,22.0,3,36.75,0.1748
2758,S2C,7,5.6429,39.0,4,42.46,0.2107
2758,E2C,3,13.1757,0.0,0,18.19,0.0283
2758,W2C,4,12.2972,0.0,0,19.48,0.0469
2759,N2C,6,6.2131,25.0,3,38.56,0.1812
2759,S2C,7,4.8495,43.0,4,49.41,0.2248
2759,E2C,3,12.8774,0.0,0,18.61,0.0326
2759,W2C,4,12.4979,0.0,0,19.17,0.044
2760,N2C,6,5.5992,28.0,3,42.79,0.192
2760,S2C,7,4.4539,47.0,4,53.8,0.2332
2760,E2C,3,13.2084,0.0,0,18.14,0.0278
2760,W2C,3,12.7506,0.0,0,18.79,0.0344
2761,N2C,7,6.0984,31.0,3,39.29,0.1929
2761,S2C,8,5.1457,51.0,4,46.56,0.2319
2761,E2C,3,13.2626,0.0,0,18.07,0.027
2761,W2C,3,13.2909,0.0,0,18.03,0.0266
2762,N2C,7,5.7932,34.0,3,41.36,0.1993
2762,S2C,8,4.9937,55.0,4,47.98,0.2368
2762,E2C,3,13.3266,0.0,0,17.98,0.0261
2762,W2C,3,12.9926,0.0,0,18.44,0.0309
2763,N2C,7,5.7761,37.0,3,41.48,0.2015
2763,S2C,8,4.8766,60.0,5,49.13,0.2478
2763,E2C,3,12.9685,0.0,0,18.48,0.0313
2763,W2C,3,13.0061,0.0,0,18.42,0.0307
2764,N2C,7,5.6301,41.0,4,42.56,0.2123
2764,S2C,8,4.805,65.0,5,49.86,0.2521
2764,E2C,3,13.2349,0.0,0,18.1,0.0274
2764,W2C,3,12.6726,0.0,0,18.91,0.0355
2765,N2C,7,5.2028,45.0,4,46.05,0.2211
2765,S2C,8,4.8727,70.0,5,49.17,0.2545
2765,E2C,3,12.98,0.0,0,18.46,0.0311
2765,W2C,3,13.0635,0.0,0,18.34,0.0299
2766,N2C,7,4.4484,49.0,4,53.86,0.2346
2766,S2C,8,4.6104,75.0,5,51.97,0.2616
2766,E2C,3,12.8345,0.0,0,18.67,0.0332
2766,W2C,3,12.9326,0.0,0,18.53,0.0318
2767,N2C,8,5.4227,53.0,4,44.18,0.2293
2767,S2C,9,5.3644,80.0,5,44.66,0.2601
2767,E2C,4,12.6923,0.0,0,18.88,0.0412
2767,W2C,3,12.5691,0.0,0,19.06,0.037
2768,N2C,8,4.9484,57.0,4,48.42,0.2387
2768,S2C,9,4.7718,85.0,5,50.21,0.272
2768,E2C,3,12.4719,0.0,0,19.21,0.0384
2768,W2C,3,12.2702,0.0,0,19.53,0.0413
2769,N2C,8,4.8657,61.0,4,49.24,0.2426
2769,S2C,9,4.3595,91.0,6,54.96,0.2879
2769,E2C,3,12.7932,0.0,0,18.73,0.0338
2769,W2C,3,12.3873,0.0,0,19.34,0.0396
2770,N2C,8,4.9294,66.0,5,48.61,0.251
2770,S2C,9,4.352,97.0,6,55.06,0.292
2770,E2C,3,12.2865,0.0,0,19.5,0.0411
2770,W2C,3,12.5567,0.0,0,19.08,0.0372
2771,N2C,8,4.8416,71.0,5,49.49,0.2556
2771,S2C,9,3.969,103.0,6,60.37,0.3015
2771,E2C,3,12.6246,0.0,0,18.98,0.0362
2771,W2C,3,12.0587,0.0,0,19.87,0.0444
2772,N2C,8,4.6375,76.0,5,51.67,0.2619
2772,S2C,9,3.5034,109.0,6,68.39,0.3122
2772,E2C,3,12.3437,0.0,0,19.41,0.0403
2772,W2C,3,11.946,0.0,0,20.06,0.046
2773,N2C,7,6.5439,30.0,3,36.61,0.1858
2773,S2C,8,5.249,55.0,4,45.65,0.2331
2773,E2C,4,11.4907,0.0,0,20.85,0.0585
2773,W2C,4,11.2097,0.0,0,21.37,0.0626
2774,N2C,7,6.4867,5.0,1,36.94,0.1579
2774,S2C,8,5.1438,18.0,2,46.58,0.1979
2774,E2C,4,9.9133,0.0,0,24.17,0.0813
2774,W2C,4,9.7619,0.0,0,24.54,0.0834
2775,N2C,7,7.1614,0.0,0,33.46,0.1389
2775,S2C,8,5.7016,1.0,1,42.02,0.1726
2775,E2C,4,9.4041,1.0,1,25.48,0.0953
2775,W2C,4,9.0276,1.0,1,26.54,0.1007
2776,N2C,5,8.8789,0.0,0,26.99,0.1022
2776,S2C,7,6.9659,0.0,0,34.4,0.1417
2776,E2C,4,9.4642,2.0,1,25.32,0.0951
2776,W2C,4,9.1297,2.0,1,26.24,0.0999
2777,N2C,5,9.114,0.0,0,26.29,0.0988
2777,S2C,6,7.8784,0.0,0,30.41,0.1226
2777,E2C,4,9.1891,3.0,1,26.07,0.0997
2777,W2C,4,9.1011,3.0,1,26.33,0.101
2778,N2C,4,9.4868,0.0,0,25.26,0.0874
2778,S2C,6,8.1284,0.0,0,29.48,0.119
2778,E2C,4,9.1136,4.0,1,26.29,0.1014
2778,W2C,4,9.1893,4.0,1,26.07,0.1004
2779,N2C,4,11.1829,0.0,0,21.43,0.063
2779,S2C,5,10.1825,0.0,0,23.53,0.0834
2779,E2C,5,8.5289,5.0,1,28.09,0.1165
2779,W2C,5,9.9647,5.0,1,24.04,0.0959
2780,N2C,4,11.2916,0.0,0,21.22,0.0614
2780,S2C,5,10.8887,0.0,0,22.0,0.0732
2780,E2C,5,7.7288,6.0,1,31.0,0.1287
2780,W2C,5,9.8356,6.0,1,24.36,0.0984
2781,N2C,3,12.2838,0.0,0,19.51,0.0411
2781,S2C,3,12.6054,0.0,0,19.01,0.0365
2781,E2C,5,7.1525,7.0,1,33.5,0.1377
2781,W2C,5,9.125,7.0,1,26.26,0.1093
2782,N2C,3,12.2018,0.0,0,19.64,0.0423
2782,S2C,3,12.1672,0.0,0,19.69,0.0428
2782,E2C,5,7.1389,9.0,2,33.56,0.1452
2782,W2C,5,8.0002,8.0,1,29.95,0.1261
2783,N2C,3,12.722,0.0,0,18.83,0.0348
2783,S2C,3,12.803,0.0,0,18.71,0.0337
2783,E2C,5,7.004,11.0,2,34.21,0.1485
2783,W2C,5,7.5185,9.0,1,31.87,0.1337
2784,N2C,3,12.6394,0.0,0,18.96,0.036
2784,S2C,3,12.8147,0.0,0,18.7,0.0335
2784,E2C,5,6.9927,13.0,2,34.26,0.15
2784,W2C,5,7.4463,10.0,1,32.18,0.1354
2785,N2C,3,12.5862,0.0,0,19.04,0.0368
2785,S2C,4,12.825,0.0,0,18.68,0.0393
2785,E2C,6,8.1959,15.0,2,29.23,0.14
2785,W2C,6,8.5662,11.0,1,27.97,0.126
2786,N2C,3,11.9626,0.0,0,20.03,0.0458
2786,S2C,3,12.3895,0.0,0,19.34,0.0396
2786,E2C,6,7.8574,17.0,2,30.49,0.1462
2786,W2C,6,8.1792,13.0,2,29.29,0.1389
2787,N2C,3,12.2752,0.0,0,19.52,0.0413
2787,S2C,3,12.1889,0.0,0,19.66,0.0425
2787,E2C,6,7.825,19.0,2,30.62,0.148
2787,W2C,6,7.828,15.0,2,30.61,0.1453
2788,N2C,3,12.57,0.0,0,19.06,0.037
2788,S2C,3,12.6265,0.0,0,18.98,0.0362
2788,E2C,6,7.1923,21.0,2,33.31,0.1584
2788,W2C,6,7.4328,17.0,2,32.24,0.1523
2789,N2C,3,12.2326,0.0,0,19.59,0.0419
2789,S2C,3,12.9946,0.0,0,18.44,0.0309
2789,E2C,6,6.4219,23.0,2,37.31,0.1709
2789,W2C,6,6.5781,19.0,2,36.42,0.166
2790,N2C,3,11.8285,0.0,0,20.26,0.0477
2790,S2C,3,12.6412,0.0,0,18.95,0.036
2790,E2C,6,5.5508,26.0,3,43.16,0.1914
2790,W2C,6,6.0835,22.0,3,39.39,0.1811
2791,N2C,4,12.5762,0.0,0,19.05,0.0429
2791,S2C,4,12.8661,0.0,0,18.62,0.0387
2791,E2C,7,6.097,29.0,3,39.3,0.1915
2791,W2C,7,6.679,25.0,3,35.87,0.1805
2792,N2C,4,12.7405,0.0,0,18.81,0.0406
2792,S2C,3,12.5588,0.0,0,19.08,0.0372
2792,E2C,7,5.63,32.0,3,42.56,0.2003
2792,W2C,7,6.1748,28.0,3,38.8,0.1898
2793,N2C,4,12.6814,0.0,0,18.89,0.0414
2793,S2C,3,12.3887,0.0,0,19.34,0.0396
2793,E2C,7,5.2068,36.0,4,46.02,0.215
2793,W2C,7,5.5871,31.0,3,42.88,0.2002
2794,N2C,3,12.7118,0.0,0,18.85,0.035
2794,S2C,3,12.5812,0.0,0,19.04,0.0368
2794,E2C,7,5.2149,40.0,4,45.95,0.2176
2794,W2C,7,5.5655,35.0,4,43.05,0.2092
2795,N2C,3,12.5993,0.0,0,19.02,0.0366
2795,S2C,3,12.2111,0.0,0,19.62,0.0422
2795,E2C,7,5.3532,44.0,4,44.76,0.2183
2795,W2C,7,5.2975,39.0,4,45.23,0.2157
2796,N2C,3,13.2228,0.0,0,18.12,0.0276
2796,S2C,3,12.1459,0.0,0,19.73,0.0431
2796,E2C,7,5.2007,48.0,4,46.07,0.2231
2796,W2C,7,4.5981,43.0,4,52.11,0.2285
2797,N2C,3,12.4519,0.0,0,19.24,0.0387
2797,S2C,4,12.7549,0.0,0,18.78,0.0403
2797,E2C,8,6.4388,52.0,4,37.21,0.214
2797,W2C,8,5.3463,47.0,4,44.82,0.2264
2798,N2C,4,13.1701,0.0,0,18.19,0.0344
2798,S2C,4,12.7751,0.0,0,18.76,0.0401
2798,E2C,8,6.2782,56.0,4,38.16,0.2189
2798,W2C,8,4.9367,51.0,4,48.53,0.2349
2799,N2C,3,13.3883,0.0,0,17.9,0.0252
2799,S2C,4,12.6637,0.0,0,18.92,0.0417
2799,E2C,8,5.9762,60.0,4,40.09,0.2259
2799,W2C,8,4.7721,56.0,5,50.21,0.2466
2800,N2C,3,13.2789,0.0,0,18.04,0.0268
2800,S2C,3,12.8598,0.0,0,18.63,0.0328
2800,E2C,8,5.5051,64.0,4,43.52,0.2354
2800,W2C,8,4.798,61.0,5,49.94,0.2496
2801,N2C,3,12.9254,0.0,0,18.54,0.0319
2801,S2C,3,12.9291,0.0,0,18.53,0.0318
2801,E2C,8,4.7969,68.0,4,49.95,0.2483
2801,W2C,8,4.5781,66.0,5,52.34,0.2561
2802,N2C,3,13.6268,0.0,0,17.58,0.0218
2802,S2C,3,13.234,0.0,0,18.1,0.0274
2802,E2C,8,4.1589,72.0,4,57.61,0.2601
2802,W2C,8,4.1577,71.0,5,57.63,0.2655
2803,N2C,4,12.3797,0.0,0,19.35,0.0457
2803,S2C,4,12.6298,0.0,0,18.97,0.0421
2803,E2C,9,4.5717,77.0,5,52.41,0.2695
2803,W2C,9,4.6749,76.0,5,51.25,0.2674
2804,N2C,4,11.0683,0.0,0,21.65,0.0646
2804,S2C,4,11.1918,0.0,0,21.41,0.0629
2804,E2C,9,4.1366,82.0,5,57.92,0.2791
2804,W2C,9,4.3113,81.0,5,55.57,0.2759
2805,N2C,4,10.0163,0.0,0,23.92,0.0798
2805,S2C,4,10.4717,0.0,0,22.88,0.0732
2805,E2C,9,4.0229,87.0,5,59.56,0.2841
2805,W2C,9,4.2872,87.0,6,55.89,0.2863
2806,N2C,4,9.8302,1.0,1,24.37,0.0891
2806,S2C,4,10.3078,0.0,0,23.24,0.0756
2806,E2C,7,5.5323,35.0,3,43.31,0.2037
2806,W2C,7,5.5878,40.0,4,42.88,0.2122
2807,N2C,4,9.6822,2.0,1,24.75,0.0919
2807,S2C,4,9.9077,0.0,0,24.18,0.0813
2807,E2C,7,5.2047,6.0,2,46.04,0.1831
2807,W2C,7,5.8258,12.0,2,41.13,0.1781
2808,N2C,4,9.2835,3.0,1,25.81,0.0983
2808,S2C,4,9.5539,1.0,1,25.08,0.0931
2808,E2C,7,5.3362,0.0,0,44.9,0.1652
2808,W2C,7,5.9796,0.0,0,40.07,0.1559
2809,N2C,5,9.0455,4.0,1,26.49,0.1084
2809,S2C,5,9.574,2.0,1,25.03,0.0995
2809,E2C,6,7.3904,0.0,0,32.42,0.1296
2809,W2C,7,7.6632,0.0,0,31.27,0.1317
2810,N2C,5,8.1855,5.0,1,29.27,0.1215
2810,S2C,5,8.5292,3.0,1,28.09,0.1152
2810,E2C,6,8.5102,0.0,0,28.15,0.1135
2810,W2C,6,8.7522,0.0,0,27.38,0.11
2811,N2C,5,7.6863,6.0,1,31.17,0.1293
2811,S2C,5,8.1501,4.0,1,29.4,0.1213
2811,E2C,4,10.2641,0.0,0,23.34,0.0762
2811,W2C,5,10.2905,0.0,0,23.28,0.0818
2812,N2C,5,7.6637,7.0,1,31.26,0.1303
2812,S2C,5,8.022,5.0,1,29.87,0.1238
2812,E2C,4,10.5551,0.0,0,22.7,0.072
2812,W2C,4,11.4133,0.0,0,20.99,0.0597
2813,N2C,5,7.9132,9.0,2,30.28,0.1341
2813,S2C,5,7.8301,7.0,2,30.6,0.1339
2813,E2C,3,11.8925,0.0,0,20.15,0.0468
2813,W2C,3,13.0964,0.0,0,18.3,0.0294
2814,N2C,5,7.8577,11.0,2,30.49,0.1362
2814,S2C,5,7.0343,9.0,2,34.06,0.1467
2814,E2C,3,12.4217,0.0,0,19.29,0.0391
2814,W2C,3,13.2431,0.0,0,18.09,0.0273
2815,N2C,6,7.9188,13.0,2,30.26,0.1426
2815,S2C,6,7.4412,11.0,2,32.2,0.1482
2815,E2C,3,12.4408,0.0,0,19.26,0.0389
2815,W2C,3,12.8319,0.0,0,18.67,0.0332
2816,N2C,6,6.9068,15.0,2,34.69,0.1585
2816,S2C,6,6.9165,13.0,2,34.64,0.1571
2816,E2C,3,12.1578,0.0,0,19.71,0.0429
2816,W2C,3,12.5299,0.0,0,19.12,0.0376
2817,N2C,6,6.3331,17.0,2,37.83,0.1681
2817,S2C,6,6.485,15.0,2,36.95,0.1646
2817,E2C,3,12.2465,0.0,0,19.56,0.0417
2817,W2C,3,12.2704,0.0,0,19.53,0.0413
2818,N2C,6,6.1193,20.0,3,39.15,0.1792
2818,S2C,6,6.4218,18.0,3,37.31,0.1735
2818,E2C,3,12.099,0.0,0,19.8,0.0438
2818,W2C,3,12.7213,0.0,0,18.83,0.0348
2819,N2C,6,6.2141,23.0,3,38.56,0.1799
2819,S2C,6,6.7224,21.0,3,35.64,0.1712
2819,E2C,3,12.1792,0.0,0,19.67,0.0426
2819,W2C,3,12.4176,0.0,0,19.3,0.0392
2820,N2C,6,5.3984,26.0,3,44.38,0.1936
2820,S2C,6,5.928,24.0,3,40.42,0.1846
2820,E2C,3,11.9978,0.0,0,19.97,0.0452
2820,W2C,3,12.3915,0.0,0,19.34,0.0396
2821,N2C,7,5.9996,29.0,3,39.94,0.1929
2821,S2C,7,6.1748,27.0,3,38.8,0.1891
2821,E2C,4,12.0363,0.0,0,19.91,0.0507
2821,W2C,3,12.5125,0.0,0,19.15,0.0378
2822,N2C,7,5.2315,32.0,3,45.8,0.206
2822,S2C,7,5.7899,30.0,3,41.38,0.1966
2822,E2C,4,11.7783,0.0,0,20.34,0.0544
2822,W2C,3,12.5272,0.0,0,19.13,0.0376
2823,N2C,7,5.2491,35.0,3,45.65,0.2078
2823,S2C,7,5.7098,33.0,3,41.96,0.1998
2823,E2C,4,11.8817,0.0,0,20.17,0.0529
2823,W2C,3,12.9362,0.0,0,18.52,0.0317
2824,N2C,7,5.4326,39.0,4,44.1,0.2138
2824,S2C,7,5.5315,37.0,4,43.32,0.211
2824,E2C,4,11.8137,0.0,0,20.28,0.0539
2824,W2C,3,12.7355,0.0,0,18.81,0.0346
2825,N2C,7,5.2451,43.0,4,45.68,0.2191
2825,S2C,7,5.3271,41.0,4,44.98,0.2166
2825,E2C,4,12.1424,0.0,0,19.73,0.0492
2825,W2C,3,12.3561,0.0,0,19.39,0.0401
2826,N2C,7,5.5156,47.0,4,43.44,0.2179
2826,S2C,7,4.7054,45.0,4,50.92,0.2282
2826,E2C,3,12.278,0.0,0,19.51,0.0412
2826,W2C,3,12.3948,0.0,0,19.33,0.0395
2827,N2C,8,6.1251,51.0,4,39.12,0.2178
2827,S2C,8,5.1361,49.0,4,46.65,0.2307
2827,E2C,4,12.8692,0.0,0,18.62,0.0387
2827,W2C,3,12.735,0.0,0,18.81,0.0346
2828,N2C,8,5.703,55.0,4,42.01,0.2266
2828,S2C,8,4.9,53.0,4,48.9,0.2368
2828,E2C,3,13.2611,0.0,0,18.07,0.0271
2828,W2C,3,11.8445,0.0,0,20.23,0.0475
2829,N2C,8,4.9091,59.0,4,48.81,0.2406
2829,S2C,8,4.587,58.0,5,52.23,0.2506
2829,E2C,3,13.037,0.0,0,18.38,0.0303
2829,W2C,3,12.1375,0.0,0,19.74,0.0432
2830,N2C,8,4.8581,64.0,5,49.32,0.2507
2830,S2C,8,4.5838,63.0,5,52.27,0.254
2830,E2C,3,12.8027,0.0,0,18.71,0.0337
2830,W2C,3,12.111,0.0,0,19.78,0.0436
2831,N2C,8,4.7129,69.0,5,50.84,0.2561
2831,S2C,8,4.4705,68.0,5,53.6,0.259
2831,E2C,3,12.771,0.0,0,18.76,0.0341
2831,W2C,3,12.5716,0.0,0,19.06,0.037
2832,N2C,8,4.5994,74.0,5,52.09,0.2611
2832,S2C,8,4.053,73.0,5,59.12,0.2683
2832,E2C,3,13.1145,0.0,0,18.27,0.0292
2832,W2C,3,12.5597,0.0,0,19.08,0.0372
2833,N2C,9,5.0837,79.0,5,47.13,0.2635
2833,S2C,9,4.7355,78.0,5,50.6,0.2678
2833,E2C,3,12.5551,0.0,0,19.08,0.0372
2833,W2C,4,13.0341,0.0,0,18.38,0.0363
2834,N2C,9,4.9872,84.0,5,48.04,0.2682
2834,S2C,9,4.2447,83.0,5,56.45,0.2782
2834,E2C,3,12.351,0.0,0,19.4,0.0402
2834,W2C,4,12.4674,0.0,0,19.22,0.0445
2835,N2C,9,4.5615,89.0,5,52.53,0.2777
2835,S2C,9,4.3703,89.0,6,54.82,0.2864
2835,E2C,3,12.2294,0.0,0,19.59,0.0419
2835,W2C,4,12.5872,0.0,0,19.04,0.0428
2836,N2C,9,4.3127,94.0,5,55.56,0.2846
2836,S2C,9,4.1906,95.0,6,57.18,0.293
2836,E2C,3,12.8255,0.0,0,18.68,0.0333
2836,W2C,4,11.9556,0.0,0,20.04,0.0519
2837,N2C,9,3.7949,100.0,6,63.14,0.302
2837,S2C,9,4.2948,101.0,6,55.79,0.2955
2837,E2C,3,12.5309,0.0,0,19.12,0.0376
2837,W2C,4,10.4383,0.0,0,22.95,0.0737
2838,N2C,9,3.4299,106.0,6,69.86,0.3113
2838,S2C,9,3.7666,107.0,6,63.61,0.3071
2838,E2C,3,12.4947,0.0,0,19.18,0.0381
2838,W2C,4,9.1362,0.0,0,26.23,0.0924
2839,N2C,8,5.0141,51.0,4,47.78,0.2338
2839,S2C,8,5.4438,54.0,4,44.01,0.2296
2839,E2C,4,13.1036,0.0,0,18.29,0.0353
2839,W2C,5,9.218,0.0,0,25.99,0.0973
2840,N2C,8,5.1584,15.0,2,46.45,0.1957
2840,S2C,8,5.4908,18.0,2,43.64,0.1929
2840,E2C,4,12.6434,0.0,0,18.95,0.042
2840,W2C,5,8.1869,1.0,1,29.27,0.1188
2841,N2C,8,5.7155,1.0,1,41.92,0.1724
2841,S2C,8,6.0474,0.0,0,39.62,0.1609
2841,E2C,4,11.4263,0.0,0,20.97,0.0595
2841,W2C,5,7.9208,2.0,1,30.25,0.1233
2842,N2C,6,7.2987,0.0,0,32.83,0.1309
2842,S2C,6,7.4141,0.0,0,32.32,0.1292
2842,E2C,4,10.4451,0.0,0,22.94,0.0736
2842,W2C,5,7.703,3.0,1,31.1,0.1271
2843,N2C,6,7.7798,0.0,0,30.8,0.124
2843,S2C,6,8.5105,0.0,0,28.15,0.1135
2843,E2C,4,10.0216,0.0,0,23.91,0.0797
2843,W2C,5,7.9047,5.0,2,30.31,0.1315
2844,N2C,6,8.3885,0.0,0,28.56,0.1152
2844,S2C,5,9.8277,0.0,0,24.38,0.0885
2844,E2C,4,9.4692,1.0,1,25.3,0.0943
2844,W2C,5,7.6075,7.0,2,31.5,0.1371
2845,N2C,5,10.6061,0.0,0,22.59,0.0773
2845,S2C,5,11.436,0.0,0,20.95,0.0653
2845,E2C,5,8.8973,2.0,1,26.93,0.1092
2845,W2C,6,8.2941,9.0,2,28.89,0.1346
2846,N2C,5,10.9073,0.0,0,21.97,0.0729
2846,S2C,5,11.667,0.0,0,20.54,0.062
2846,E2C,5,7.8434,3.0,1,30.55,0.1251
2846,W2C,6,7.4216,11.0,2,32.28,0.1485
2847,N2C,3,12.902,0.0,0,18.57,0.0322
2847,S2C,3,12.8581,0.0,0,18.63,0.0329
2847,E2C,5,7.3101,4.0,1,32.78,0.1334
2847,W2C,6,6.5928,13.0,2,36.34,0.1617
2848,N2C,3,12.9078,0.0,0,18.56,0.0321
2848,S2C,3,13.4708,0.0,0,17.79,0.024
2848,E2C,5,7.4274,5.0,1,32.26,0.1324
2848,W2C,6,6.502,16.0,3,36.85,0.171
2849,N2C,3,13.3321,0.0,0,17.97,0.026
2849,S2C,3,12.935,0.0,0,18.52,0.0318
2849,E2C,5,7.1448,7.0,2,33.53,0.1438
2849,W2C,6,6.5853,19.0,3,36.38,0.1718
2850,N2C,3,12.6472,0.0,0,18.94,0.0359
2850,S2C,3,12.8881,0.0,0,18.59,0.0324
2850,E2C,5,7.202,9.0,2,33.27,0.1443
2850,W2C,6,5.9854,22.0,3,40.03,0.1825
2851,N2C,4,13.1208,0.0,0,18.26,0.0351
2851,S2C,3,12.9061,0.0,0,18.56,0.0322
2851,E2C,6,7.3505,11.0,2,32.6,0.1495
2851,W2C,7,6.489,25.0,3,36.92,0.1832
2852,N2C,4,12.984,0.0,0,18.45,0.037
2852,S2C,3,13.3601,0.0,0,17.93,0.0256
2852,E2C,6,6.5016,13.0,2,36.85,0.1631
2852,W2C,7,5.5371,28.0,3,43.27,0.1989
2853,N2C,3,13.4448,0.0,0,17.82,0.0244
2853,S2C,3,13.0973,0.0,0,18.29,0.0294
2853,E2C,6,6.0414,15.0,2,39.66,0.171
2853,W2C,7,5.6049,32.0,4,42.75,0.2066
2854,N2C,3,13.6541,0.0,0,17.55,0.0214
2854,S2C,3,13.0402,0.0,0,18.37,0.0302
2854,E2C,6,5.8218,17.0,2,41.16,0.1755
2854,W2C,7,5.6085,36.0,4,42.72,0.2092
2855,N2C,3,12.9989,0.0,0,18.43,0.0308
2855,S2C,3,12.6992,0.0,0,18.87,0.0351
2855,E2C,6,6.1929,20.0,3,38.69,0.1782
2855,W2C,7,5.6026,40.0,4,42.77,0.212
2856,N2C,3,13.2223,0.0,0,18.12,0.0276
2856,S2C,3,13.2169,0.0,0,18.13,0.0277
2856,E2C,6,5.3037,23.0,3,45.18,0.193
2856,W2C,7,5.0799,44.0,4,47.17,0.2222
2857,N2C,3,12.6102,0.0,0,19.0,0.0364
2857,S2C,3,12.901,0.0,0,18.57,0.0322
2857,E2C,7,5.8755,26.0,3,40.78,0.1927
2857,W2C,8,5.6086,48.0,4,42.72,0.2232
2858,N2C,3,12.7603,0.0,0,18.78,0.0343
2858,S2C,3,12.6865,0.0,0,18.89,0.0353
2858,E2C,7,5.1449,29.0,3,46.57,0.2053
2858,W2C,8,4.9143,52.0,4,48.76,0.2359
2859,N2C,3,12.5484,0.0,0,19.09,0.0373
2859,S2C,3,12.3628,0.0,0,19.38,0.04
2859,E2C,7,5.1783,32.0,3,46.27,0.2068
2859,W2C,8,4.828,57.0,5,49.63,0.2465
2860,N2C,3,12.768,0.0,0,18.77,0.0342
2860,S2C,3,12.2546,0.0,0,19.55,0.0415
2860,E2C,7,5.231,35.0,3,45.8,0.208
2860,W2C,8,4.8542,62.0,5,49.36,0.2494
2861,N2C,3,12.5178,0.0,0,19.14,0.0378
2861,S2C,3,12.3046,0.0,0,19.47,0.0408
2861,E2C,7,5.1031,39.0,4,46.95,0.2185
2861,W2C,8,4.5529,67.0,5,52.63,0.2571
2862,N2C,3,12.3538,0.0,0,19.39,0.0401
2862,S2C,3,12.5422,0.0,0,19.1,0.0374
2862,E2C,7,5.0892,43.0,4,47.08,0.2214
2862,W2C,8,3.9181,72.0,5,61.15,0.2696
2863,N2C,3,12.6322,0.0,0,18.97,0.0361
2863,S2C,4,12.4975,0.0,0,19.17,0.0441
2863,E2C,8,6.2007,47.0,4,38.64,0.2141
2863,W2C,9,4.5557,77.0,5,52.59,0.2697
2864,N2C,3,12.1172,0.0,0,19.77,0.0435
2864,S2C,3,12.0183,0.0,0,19.94,0.045
2864,E2C,8,6.1882,51.0,4,38.72,0.2169
2864,W2C,9,4.2696,82.0,5,56.12,0.2772
2865,N2C,3,12.6927,0.0,0,18.88,0.0352
2865,S2C,3,12.3985,0.0,0,19.32,0.0395
2865,E2C,8,6.1612,55.0,4,38.89,0.22
2865,W2C,9,4.3667,87.0,5,54.87,0.2791
2866,N2C,3,12.6769,0.0,0,18.9,0.0355
2866,S2C,3,12.239,0.0,0,19.58,0.0418
2866,E2C,8,5.8248,59.0,4,41.13,0.2275
2866,W2C,9,4.125,92.0,5,58.09,0.2859
2867,N2C,3,12.4712,0.0,0,19.21,0.0384
2867,S2C,3,12.632,0.0,0,18.97,0.0361
2867,E2C,8,5.4677,63.0,4,43.82,0.2353
2867,W2C,9,3.7847,98.0,6,63.31,0.3008
2868,N2C,3,12.6851,0.0,0,18.89,0.0353
2868,S2C,3,12.1842,0.0,0,19.66,0.0426
2868,E2C,8,4.4199,67.0,4,54.21,0.253
2868,W2C,9,3.286,104.0,6,72.92,0.312
2869,N2C,3,12.9899,0.0,0,18.45,0.031
2869,S2C,4,12.3565,0.0,0,19.39,0.0461
2869,E2C,9,5.3536,72.0,5,44.76,0.2549
2869,W2C,10,3.9393,110.0,6,60.82,0.3126
2870,N2C,3,12.1524,0.0,0,19.72,0.043
2870,S2C,4,11.1535,0.0,0,21.48,0.0634
2870,E2C,9,4.8475,77.0,5,49.43,0.2655
2870,W2C,10,3.7544,116.0,6,63.82,0.3193
2871,N2C,3,12.397,0.0,0,19.33,0.0395
2871,S2C,4,10.1501,0.0,0,23.61,0.0779
2871,E2C,9,4.4866,82.0,5,53.4,0.2741
2871,W2C,10,3.7817,123.0,7,63.36,0.3295
2872,N2C,3,12.7307,0.0,0,18.82,0.0347
2872,S2C,4,9.6764,0.0,0,24.76,0.0847
2872,E2C,7,5.5162,34.0,3,43.44,0.2032
2872,W2C,8,4.7593,67.0,5,50.34,0.2541
2873,N2C,3,12.1245,0.0,0,19.76,0.0434
2873,S2C,4,9.5603,1.0,1,25.06,0.093
2873,E2C,7,5.476,6.0,2,43.75,0.1792
2873,W2C,8,5.0705,25.0,3,47.25,0.2097
2874,N2C,3,12.2142,0.0,0,19.62,0.0421
2874,S2C,4,9.842,2.0,1,24.34,0.0896
2874,E2C,7,5.8403,0.0,0,41.03,0.1579
2874,W2C,8,5.3489,4.0,1,44.79,0.1796
2875,N2C,4,12.5706,0.0,0,19.06,0.043
2875,S2C,5,10.016,3.0,1,23.92,0.0938
2875,E2C,6,8.0758,0.0,0,29.67,0.1197
2875,W2C,7,7.0575,0.0,0,33.95,0.1404
2876,N2C,4,12.7183,0.0,0,18.84,0.0409
2876,S2C,5,9.7994,4.0,1,24.45,0.0976
2876,E2C,6,8.2416,0.0,0,29.07,0.1173
2876,W2C,7,7.816,0.0,0,30.66,0.1295
2877,N2C,4,12.5138,0.0,0,19.15,0.0438
2877,S2C,5,8.5259,5.0,1,28.1,0.1166
2877,E2C,5,9.8707,0.0,0,24.27,0.0879
2877,W2C,6,8.9875,0.0,0,26.66,0.1066
2878,N2C,4,11.6829,0.0,0,20.51,0.0558
2878,S2C,5,7.7111,6.0,1,31.07,0.129
2878,E2C,4,11.5428,0.0,0,20.76,0.0578
2878,W2C,5,9.8171,0.0,0,24.41,0.0886
2879,N2C,4,10.6249,0.0,0,22.55,0.071
2879,S2C,5,7.3876,7.0,1,32.43,0.1343
2879,E2C,4,11.7189,0.0,0,20.45,0.0553
2879,W2C,4,11.2313,0.0,0,21.33,0.0623
2880,N2C,4,9.3984,0.0,0,25.49,0.0887
2880,S2C,5,7.0944,9.0,2,33.77,0.1458
2880,E2C,3,13.2214,0.0,0,18.12,0.0276
2880,W2C,3,12.513,0.0,0,19.15,0.0378
2881,N2C,5,9.5788,0.0,0,25.01,0.0921
2881,S2C,6,7.6869,11.0,2,31.17,0.1447
2881,E2C,3,12.8616,0.0,0,18.63,0.0328
2881,W2C,4,12.801,0.0,0,18.72,0.0397
2882,N2C,5,8.5107,1.0,1,28.15,0.1141
2882,S2C,6,6.602,13.0,2,36.29,0.1616
2882,E2C,3,13.1223,0.0,0,18.26,0.0291
2882,W2C,4,12.8033,0.0,0,18.71,0.0396
2883,N2C,5,7.905,2.0,1,30.31,0.1235
2883,S2C,6,6.2546,15.0,2,38.31,0.1679
2883,E2C,3,12.7121,0.0,0,18.85,0.035
2883,W2C,3,13.0589,0.0,0,18.35,0.03
2884,N2C,5,7.2867,4.0,2,32.88,0.1397
2884,S2C,6,6.2319,18.0,3,38.45,0.1763
2884,E2C,3,12.8139,0.0,0,18.7,0.0335
2884,W2C,3,12.9746,0.0,0,18.47,0.0312
2885,N2C,5,7.2873,6.0,2,32.88,0.1411
2885,S2C,6,5.7502,21.0,3,41.67,0.1852
2885,E2C,3,12.7034,0.0,0,18.86,0.0351
2885,W2C,3,12.8245,0.0,0,18.68,0.0333
2886,N2C,5,6.6003,8.0,2,36.3,0.1523
2886,S2C,6,5.2931,24.0,3,45.27,0.1938
2886,E2C,3,12.82,0.0,0,18.69,0.0334
2886,W2C,3,13.0782,0.0,0,18.32,0.0297
2887,N2C,6,6.8524,10.0,2,34.97,0.156
2887,S2C,7,5.9304,27.0,3,40.4,0.1926
2887,E2C,3,12.6232,0.0,0,18.98,0.0362
2887,W2C,3,12.8544,0.0,0,18.64,0.0329
2888,N2C,6,6.0278,12.0,2,39.75,0.1692
2888,S2C,7,5.2218,30.0,3,45.88,0.2048
2888,E2C,3,12.3854,0.0,0,19.35,0.0397
2888,W2C,3,13.0802,0.0,0,18.32,0.0297
2889,N2C,6,6.0169,15.0,3,39.82,0.1774
2889,S2C,7,5.4109,33.0,3,44.28,0.2041
2889,E2C,3,12.981,0.0,0,18.46,0.0311
2889,W2C,3,12.7656,0.0,0,18.77,0.0342
2890,N2C,6,5.9091,18.0,3,40.55,0.1809
2890,S2C,7,5.2411,37.0,4,45.72,0.2152
2890,E2C,3,12.5892,0.0,0,19.03,0.0367
2890,W2C,3,13.0063,0.0,0,18.42,0.0307
2891,N2C,6,5.9751,21.0,3,40.1,0.182
2891,S2C,7,5.1627,41.0,4,46.41,0.219
2891,E2C,3,12.3831,0.0,0,19.35,0.0397
2891,W2C,3,12.8871,0.0,0,18.59,0.0324
2892,N2C,6,5.4315,24.0,3,44.11,0.1918
2892,S2C,7,5.2414,45.0,4,45.71,0.2205
2892,E2C,3,12.5579,0.0,0,19.08,0.0372
2892,W2C,3,12.6536,0.0,0,18.94,0.0358
2893,N2C,7,6.0048,27.0,3,39.9,0.1915
2893,S2C,8,6.3188,49.0,4,37.92,0.2137
2893,E2C,4,12.9086,0.0,0,18.56,0.0381
2893,W2C,4,13.4963,0.0,0,17.75,0.0297
2894,N2C,7,5.5829,30.0,3,42.92,0.1996
2894,S2C,8,6.0503,53.0,4,39.6,0.2202
2894,E2C,3,12.6456,0.0,0,18.95,0.0359
2894,W2C,4,13.0855,0.0,0,18.31,0.0356
2895,N2C,7,5.3805,33.0,3,44.53,0.2045
2895,S2C,8,5.6231,57.0,4,42.61,0.229
2895,E2C,3,12.3167,0.0,0,19.45,0.0407
2895,W2C,3,13.3254,0.0,0,17.98,0.0261
2896,N2C,7,5.2907,37.0,4,45.29,0.2145
2896,S2C,8,5.2174,61.0,4,45.92,0.2375
2896,E2C,3,12.4282,0.0,0,19.28,0.039
2896,W2C,3,13.3611,0.0,0,17.93,0.0256
2897,N2C,7,5.1168,41.0,4,46.83,0.2197
2897,S2C,8,4.8072,65.0,4,49.84,0.2461
2897,E2C,3,12.4746,0.0,0,19.21,0.0384
2897,W2C,3,12.9679,0.0,0,18.48,0.0313
2898,N2C,7,5.153,45.0,4,46.5,0.2218
2898,S2C,8,4.2818,69.0,4,55.96,0.2563
2898,E2C,3,12.3666,0.0,0,19.37,0.0399
2898,W2C,3,13.0301,0.0,0,18.39,0.0304
2899,N2C,8,6.3068,49.0,4,37.99,0.2139
2899,S2C,9,5.244,74.0,5,45.69,0.2578
2899,E2C,4,12.5055,0.0,0,19.16,0.0439
2899,W2C,3,12.7385,0.0,0,18.81,0.0346
2900,N2C,8,6.1518,53.0,4,38.95,0.2188
2900,S2C,9,4.6843,79.0,5,51.15,0.2692
2900,E2C,3,12.8101,0.0,0,18.7,0.0335
2900,W2C,3,12.4505,0.0,0,19.24,0.0387
2901,N2C,8,5.9651,57.0,4,40.17,0.2241
2901,S2C,9,4.3024,84.0,5,55.69,0.278
2901,E2C,3,12.7713,0.0,0,18.76,0.0341
2901,W2C,3,12.4456,0.0,0,19.25,0.0388
2902,N2C,8,5.9015,61.0,4,40.6,0.2277
2902,S2C,9,4.2462,89.0,5,56.43,0.2822
2902,E2C,3,12.7233,0.0,0,18.83,0.0348
2902,W2C,3,12.4564,0.0,0,19.24,0.0386
2903,N2C,8,5.0827,65.0,4,47.14,0.2421
2903,S2C,9,3.7189,95.0,6,64.43,0.2998
2903,E2C,3,12.4808,0.0,0,19.2,0.0383
2903,W2C,3,12.2389,0.0,0,19.58,0.0418
2904,N2C,8,4.2904,70.0,5,55.85,0.2629
2904,S2C,9,3.2958,101.0,6,72.7,0.3099
2904,E2C,3,12.6518,0.0,0,18.94,0.0358
2904,W2C,3,11.4502,0.0,0,20.93,0.0531
2905,N2C,7,6.6381,29.0,3,36.09,0.1838
2905,S2C,8,4.9057,48.0,4,48.84,0.2334
2905,E2C,4,12.0805,0.0,0,19.83,0.0501
2905,W2C,4,11.0051,0.0,0,21.77,0.0655
2906,N2C,7,6.454,3.0,1,37.12,0.1571
2906,S2C,8,4.8859,13.0,3,49.04,0.2043
2906,E2C,4,10.7378,0.0,0,22.31,0.0694
2906,W2C,4,10.1106,0.0,0,23.7,0.0784
2907,N2C,7,6.6458,0.0,0,36.05,0.1463
2907,S2C,8,5.6558,2.0,1,42.36,0.1739
2907,E2C,4,10.407,0.0,0,23.02,0.0742
2907,W2C,4,9.1869,0.0,0,26.08,0.0917
2908,N2C,5,9.0348,0.0,0,26.52,0.0999
2908,S2C,7,6.5563,0.0,0,36.54,0.1476
2908,E2C,4,9.7678,0.0,0,24.53,0.0834
2908,W2C,4,9.4105,0.0,0,25.46,0.0885
2909,N2C,5,9.3902,0.0,0,25.52,0.0948
2909,S2C,6,7.7446,0.0,0,30.94,0.1245
2909,E2C,4,9.7499,1.0,1,24.57,0.0903
2909,W2C,4,9.3939,1.0,1,25.51,0.0954
2910,N2C,5,9.5473,0.0,0,25.1,0.0925
2910,S2C,6,8.0548,0.0,0,29.75,0.12
2910,E2C,4,9.64,2.0,1,24.85,0.0925
2910,W2C,4,8.8298,2.0,1,27.14,0.1042
2911,N2C,4,12.595,0.0,0,19.02,0.0426
2911,S2C,5,10.6537,0.0,0,22.49,0.0766
2911,E2C,5,9.6779,3.0,1,24.76,0.0986
2911,W2C,5,9.1401,3.0,1,26.21,0.1064
2912,N2C,4,12.052,0.0,0,19.88,0.0505
2912,S2C,5,10.7497,0.0,0,22.29,0.0752
2912,E2C,5,9.4938,4.0,1,25.24,0.102
2912,W2C,5,8.03,4.0,1,29.84,0.123
2913,N2C,3,13.5264,0.0,0,17.71,0.0232
2913,S2C,3,12.5669,0.0,0,19.07,0.0371
2913,E2C,5,8.6312,5.0,1,27.76,0.1151
2913,W2C,5,7.3374,5.0,1,32.65,0.1337
2914,N2C,3,12.8638,0.0,0,18.63,0.0328
2914,S2C,3,12.6851,0.0,0,18.89,0.0353
2914,E2C,5,7.678,6.0,1,31.21,0.1294
2914,W2C,5,7.5236,7.0,2,31.85,0.1383
2915,N2C,3,12.866,0.0,0,18.62,0.0327
2915,S2C,3,12.7683,0.0,0,18.77,0.0342
2915,E2C,5,7.8222,7.0,1,30.63,0.128
2915,W2C,5,7.4923,9.0,2,31.98,0.1401
2916,N2C,3,13.4836,0.0,0,17.77,0.0239
2916,S2C,3,12.6905,0.0,0,18.88,0.0353
2916,E2C,5,6.5873,9.0,2,36.37,0.1531
2916,W2C,5,7.4185,11.0,2,32.3,0.1425
2917,N2C,3,13.7275,0.0,0,17.45,0.0203
2917,S2C,4,12.8143,0.0,0,18.7,0.0395
2917,E2C,6,6.5569,11.0,2,36.54,0.1609
2917,W2C,6,8.4239,13.0,2,28.44,0.1354
2918,N2C,3,13.031,0.0,0,18.39,0.0304
2918,S2C,4,12.593,0.0,0,19.03,0.0427
2918,E2C,6,5.9136,13.0,2,40.52,0.1715
2918,W2C,6,8.3145,15.0,2,28.82,0.1383
2919,N2C,3,12.601,0.0,0,19.01,0.0366
2919,S2C,3,12.7201,0.0,0,18.84,0.0348
2919,E2C,6,5.6966,15.0,2,42.06,0.176
2919,W2C,6,8.2758,17.0,2,28.95,0.1402
2920,N2C,3,13.4209,0.0,0,17.85,0.0248
2920,S2C,3,12.7414,0.0,0,18.8,0.0345
2920,E2C,6,5.6107,17.0,2,42.7,0.1785
2920,W2C,6,8.2005,19.0,2,29.22,0.1426
2921,N2C,3,13.4712,0.0,0,17.79,0.024
2921,S2C,3,12.673,0.0,0,18.91,0.0355
2921,E2C,6,5.5888,20.0,3,42.87,0.1869
2921,W2C,6,7.1586,21.0,2,33.47,0.1589
2922,N2C,3,13.0117,0.0,0,18.41,0.0306
2922,S2C,3,12.7506,0.0,0,18.79,0.0344
2922,E2C,6,5.123,23.0,3,46.77,0.1956
2922,W2C,6,6.1263,23.0,2,39.11,0.1751
2923,N2C,4,12.9712,0.0,0,18.47,0.0372
2923,S2C,4,13.0382,0.0,0,18.38,0.0363
2923,E2C,7,5.5872,26.0,3,42.88,0.1969
2923,W2C,7,6.5023,25.0,2,36.85,0.177
2924,N2C,3,13.218,0.0,0,18.13,0.0277
2924,S2C,3,12.679,0.0,0,18.9,0.0354
2924,E2C,7,5.0992,29.0,3,46.99,0.2059
2924,W2C,7,5.7754,27.0,2,41.49,0.1888
2925,N2C,3,13.2422,0.0,0,18.09,0.0273
2925,S2C,3,13.1567,0.0,0,18.21,0.0286
2925,E2C,7,5.0245,32.0,3,47.69,0.209
2925,W2C,7,5.6601,30.0,3,42.33,0.1985
2926,N2C,3,13.4609,0.0,0,17.8,0.0242
2926,S2C,3,12.9405,0.0,0,18.52,0.0317
2926,E2C,7,5.0321,36.0,4,47.61,0.2175
2926,W2C,7,5.562,34.0,4,43.08,0.2086
2927,N2C,3,13.1059,0.0,0,18.28,0.0293
2927,S2C,3,13.1422,0.0,0,18.23,0.0288
2927,E2C,7,4.9218,40.0,4,48.68,0.2218
2927,W2C,7,5.394,38.0,4,44.42,0.2137
2928,N2C,3,13.0193,0.0,0,18.4,0.0305
2928,S2C,3,13.2732,0.0,0,18.05,0.0269
2928,E2C,7,4.7868,44.0,4,50.05,0.2264
2928,W2C,7,4.9473,42.0,4,48.43,0.2228
2929,N2C,3,12.852,0.0,0,18.64,0.0329
2929,S2C,3,13.552,0.0,0,17.68,0.0229
2929,E2C,8,5.8411,48.0,4,41.02,0.2199
2929,W2C,8,5.4429,46.0,4,44.02,0.2243
2930,N2C,3,12.9127,0.0,0,18.56,0.0321
2930,S2C,3,13.2412,0.0,0,18.1,0.0273
2930,E2C,8,5.519,52.0,4,43.41,0.2272
2930,W2C,8,5.1027,50.0,4,46.96,0.2319
2931,N2C,3,12.8083,0.0,0,18.71,0.0336
2931,S2C,3,13.0557,0.0,0,18.35,0.03
2931,E2C,8,4.9796,56.0,4,48.12,0.2376
2931,W2C,8,4.8668,54.0,4,49.23,0.2379
2932,N2C,3,12.9496,0.0,0,18.5,0.0315
2932,S2C,3,12.9,0.0,0,18.57,0.0323
2932,E2C,8,4.7126,60.0,4,50.84,0.2441
2932,W2C,8,4.8656,59.0,5,49.24,0.2473
2933,N2C,3,12.735,0.0,0,18.81,0.0346
2933,S2C,3,12.9883,0.0,0,18.45,0.031
2933,E2C,8,4.2667,64.0,4,56.16,0.2532
2933,W2C,8,4.5565,64.0,5,52.58,0.2551
2934,N2C,3,12.6849,0.0,0,18.89,0.0354
2934,S2C,3,13.3735,0.0,0,17.92,0.0254
2934,E2C,8,4.4384,69.0,5,53.98,0.2601
2934,W2C,8,4.0966,69.0,5,58.49,0.265
2935,N2C,3,11.3835,0.0,0,21.05,0.0541
2935,S2C,4,12.5817,0.0,0,19.04,0.0428
2935,E2C,9,5.1172,74.0,5,46.82,0.2597
2935,W2C,9,4.6742,74.0,5,51.26,0.266
2936,N2C,3,11.2943,0.0,0,21.21,0.0554
2936,S2C,4,11.94,0.0,0,20.07,0.0521
2936,E2C,9,5.3246,79.0,5,45.0,0.26
2936,W2C,9,4.3394,79.0,5,55.22,0.2742
2937,N2C,3,10.8325,0.0,0,22.12,0.062
2937,S2C,4,10.6439,0.0,0,22.51,0.0707
2937,E2C,9,5.123,84.0,5,46.77,0.2662
2937,W2C,9,4.3325,84.0,5,55.3,0.2776
2938,N2C,3,10.7865,0.0,0,22.21,0.0627
2938,S2C,4,10.2588,0.0,0,23.36,0.0763
2938,E2C,7,6.5664,36.0,3,36.49,0.1895
2938,W2C,7,5.5087,35.0,4,43.49,0.21
2939,N2C,3,11.8409,0.0,0,20.23,0.0475
2939,S2C,4,10.1031,1.0,1,23.72,0.0852
2939,E2C,7,5.9339,6.0,1,40.38,0.1666
2939,W2C,7,5.3213,10.0,2,45.03,0.184
2940,N2C,3,11.6498,0.0,0,20.57,0.0503
2940,S2C,4,9.4611,2.0,1,25.32,0.0951
2940,E2C,7,5.8779,0.0,0,40.76,0.1574
2940,W2C,7,5.9881,0.0,0,40.01,0.1558
2941,N2C,4,10.4068,0.0,0,23.02,0.0742
2941,S2C,5,9.3029,3.0,1,25.76,0.104
2941,E2C,6,7.4503,0.0,0,32.16,0.1287
2941,W2C,6,7.7464,0.0,0,30.93,0.1245
2942,N2C,4,9.4527,0.0,0,25.35,0.0879
2942,S2C,5,8.1838,4.0,1,29.28,0.1208
2942,E2C,6,7.7207,0.0,0,31.03,0.1248
2942,W2C,6,8.0988,0.0,0,29.58,0.1194
2943,N2C,4,8.3137,0.0,0,28.82,0.1043
2943,S2C,5,7.9163,5.0,1,30.27,0.1253
2943,E2C,5,8.9157,0.0,0,26.87,0.1016
2943,W2C,4,10.2501,0.0,0,23.38,0.0764
2944,N2C,4,8.6444,0.0,0,27.72,0.0995
2944,S2C,5,7.9752,6.0,1,30.04,0.1252
2944,E2C,4,10.0452,0.0,0,23.85,0.0794
2944,W2C,4,10.3315,0.0,0,23.19,0.0752
2945,N2C,4,8.5474,1.0,1,28.03,0.1076
2945,S2C,5,7.9823,8.0,2,30.02,0.1324
2945,E2C,4,11.2858,0.0,0,21.23,0.0615
2945,W2C,4,11.2425,0.0,0,21.31,0.0621
2946,N2C,4,8.6824,2.0,1,27.6,0.1063
2946,S2C,5,7.0982,10.0,2,33.75,0.1465
2946,E2C,3,12.255,0.0,0,19.55,0.0415
2946,W2C,3,12.3169,0.0,0,19.45,0.0407
2947,N2C,5,9.2172,3.0,1,25.99,0.1053
2947,S2C,6,7.4305,12.0,2,32.25,0.149
2947,E2C,4,12.1795,0.0,0,19.67,0.0486
2947,W2C,3,12.6185,0.0,0,18.99,0.0363
2948,N2C,5,8.5746,4.0,1,27.94,0.1152
2948,S2C,6,6.5948,14.0,2,36.33,0.1624
2948,E2C,4,11.8487,0.0,0,20.22,0.0534
2948,W2C,3,12.2639,0.0,0,19.54,0.0414
2949,N2C,5,8.746,5.0,1,27.4,0.1134
2949,S2C,6,6.3881,16.0,2,37.51,0.1667
2949,E2C,4,11.8465,0.0,0,20.23,0.0534
2949,W2C,3,12.3074,0.0,0,19.47,0.0408
2950,N2C,5,8.0409,6.0,1,29.8,0.1242
2950,S2C,6,6.3869,18.0,2,37.51,0.168
2950,E2C,3,11.9388,0.0,0,20.07,0.0461
2950,W2C,3,12.4368,0.0,0,19.27,0.0389
2951,N2C,5,6.905,7.0,1,34.7,0.1412
2951,S2C,6,6.471,21.0,3,37.03,0.1748
2951,E2C,3,11.7055,0.0,0,20.47,0.0495
2951,W2C,3,12.775,0.0,0,18.76,0.0341
2952,N2C,5,7.0086,8.0,1,34.19,0.1404
2952,S2C,6,5.8476,24.0,3,40.97,0.1858
2952,E2C,3,11.8295,0.0,0,20.25,0.0477
2952,W2C,3,12.7698,0.0,0,18.76,0.0341
2953,N2C,6,7.8031,10.0,2,30.71,0.1423
2953,S2C,7,6.1881,27.0,3,38.72,0.1889
2953,E2C,4,11.9577,0.0,0,20.04,0.0518
2953,W2C,4,12.055,0.0,0,19.88,0.0504
2954,N2C,6,7.9219,12.0,2,30.25,0.1419
2954,S2C,7,5.556,30.0,3,43.12,0.2
2954,E2C,4,12.0904,0.0,0,19.82,0.0499
2954,W2C,3,12.0276,0.0,0,19.92,0.0448
2955,N2C,6,7.4486,14.0,2,32.17,0.1501
2955,S2C,7,5.5363,34.0,4,43.28,0.209
2955,E2C,4,12.1939,0.0,0,19.65,0.0484
2955,W2C,3,12.0362,0.0,0,19.91,0.0447
2956,N2C,6,7.7228,16.0,2,31.02,0.1475
2956,S2C,7,5.5327,38.0,4,43.31,0.2117
2956,E2C,3,12.4726,0.0,0,19.21,0.0384
2956,W2C,3,12.1933,0.0,0,19.65,0.0424
2957,N2C,6,7.3203,18.0,2,32.73,0.1546
2957,S2C,7,5.2588,42.0,4,45.56,0.2183
2957,E2C,3,12.2925,0.0,0,19.49,0.041
2957,W2C,3,12.0519,0.0,0,19.88,0.0445
2958,N2C,6,6.9721,20.0,2,34.37,0.1609
2958,S2C,7,4.7848,46.0,4,50.07,0.2278
2958,E2C,3,12.7444,0.0,0,18.8,0.0345
2958,W2C,3,11.9789,0.0,0,20.0,0.0455
2959,N2C,7,7.3432,22.0,2,32.63,0.1629
2959,S2C,8,5.1216,50.0,4,46.78,0.2316
2959,E2C,4,12.2484,0.0,0,19.56,0.0476
2959,W2C,4,12.004,0.0,0,19.96,0.0512
2960,N2C,7,6.5498,24.0,2,36.58,0.1757
2960,S2C,8,4.6234,54.0,4,51.82,0.2414
2960,E2C,4,12.4615,0.0,0,19.23,0.0446
2960,W2C,4,11.6769,0.0,0,20.52,0.0559
2961,N2C,7,6.104,27.0,3,39.25,0.1901
2961,S2C,8,4.4792,58.0,4,53.49,0.2462
2961,E2C,4,12.052,0.0,0,19.88,0.0505
2961,W2C,4,12.1481,0.0,0,19.72,0.0491
2962,N2C,7,5.4149,30.0,3,44.25,0.202
2962,S2C,8,4.4593,63.0,5,53.73,0.2558
2962,E2C,3,12.8814,0.0,0,18.6,0.0325
2962,W2C,4,11.8393,0.0,0,20.24,0.0535
2963,N2C,7,5.2672,33.0,3,45.49,0.2062
2963,S2C,8,4.5134,68.0,5,53.09,0.2583
2963,E2C,3,12.2529,0.0,0,19.55,0.0416
2963,W2C,3,12.5556,0.0,0,19.08,0.0372
2964,N2C,7,5.1388,37.0,4,46.63,0.2167
2964,S2C,8,3.9201,73.0,5,61.12,0.2702
2964,E2C,3,12.5087,0.0,0,19.15,0.0379
2964,W2C,3,12.6878,0.0,0,18.88,0.0353
2965,N2C,8,5.8536,41.0,4,40.93,0.215
2965,S2C,9,4.4734,78.0,5,53.56,0.2716
2965,E2C,3,12.0462,0.0,0,19.89,0.0445
2965,W2C,3,11.9954,0.0,0,19.97,0.0453
2966,N2C,8,5.2164,45.0,4,45.93,0.2269
2966,S2C,9,4.037,83.0,5,59.35,0.2812
2966,E2C,3,12.0675,0.0,0,19.86,0.0442
2966,W2C,3,12.1334,0.0,0,19.75,0.0433
2967,N2C,8,4.818,49.0,4,49.73,0.2353
2967,S2C,9,4.0291,88.0,5,59.47,0.2847
2967,E2C,3,11.475,0.0,0,20.88,0.0528
2967,W2C,3,11.6247,0.0,0,20.61,0.0506
2968,N2C,8,4.7324,54.0,5,50.63,0.2459
2968,S2C,9,3.8952,94.0,6,61.51,0.2966
2968,E2C,3,11.9635,0.0,0,20.03,0.0457
2968,W2C,3,12.0554,0.0,0,19.87,0.0444
2969,N2C,8,4.7675,59.0,5,50.26,0.2487
2969,S2C,9,4.0126,100.0,6,59.71,0.2989
2969,E2C,3,11.5579,0.0,0,20.73,0.0516
2969,W2C,3,12.1719,0.0,0,19.68,0.0427
2970,N2C,8,4.6569,64.0,5,51.45,0.2536
2970,S2C,9,3.5298,106.0,6,67.88,0.3098
2970,E2C,3,11.9133,0.0,0,20.11,0.0465
2970,W2C,3,12.0347,0.0,0,19.91,0.0447
2971,N2C,7,7.1876,23.0,3,33.34,0.1718
2971,S2C,8,5.3252,52.0,4,44.99,0.23
2971,E2C,4,12.8183,0.0,0,18.69,0.0394
2971,W2C,4,11.7635,0.0,0,20.37,0.0546
2972,N2C,7,7.3342,5.0,1,32.67,0.1457
2972,S2C,8,4.848,16.0,2,49.42,0.2009
2972,E2C,4,11.5492,0.0,0,20.75,0.0577
2972,W2C,4,11.8124,0.0,0,20.28,0.0539
2973,N2C,7,7.9098,0.0,0,30.29,0.1281
2973,S2C,8,5.6331,0.0,0,42.53,0.1669
2973,E2C,4,10.3136,0.0,0,23.23,0.0755
2973,W2C,4,10.7855,0.0,0,22.22,0.0687
2974,N2C,5,9.7434,0.0,0,24.59,0.0897
2974,S2C,6,7.2774,0.0,0,32.92,0.1312
2974,E2C,4,9.3741,0.0,0,25.56,0.089
2974,W2C,4,9.7029,0.0,0,24.69,0.0843
2975,N2C,5,9.2478,0.0,0,25.91,0.0968
2975,S2C,6,7.8369,0.0,0,30.57,0.1232
2975,E2C,4,9.4276,1.0,1,25.41,0.0949
2975,W2C,4,8.5411,0.0,0,28.05,0.101
2976,N2C,3,11.5893,0.0,0,20.67,0.0511
2976,S2C,5,9.0166,0.0,0,26.57,0.1002
2976,E2C,4,9.3938,2.0,1,25.51,0.0961
2976,W2C,4,8.8319,0.0,0,27.13,0.0968
2977,N2C,4,12.2072,0.0,0,19.63,0.0482
2977,S2C,5,10.8866,0.0,0,22.01,0.0732
2977,E2C,5,9.4816,3.0,1,25.27,0.1015
2977,W2C,5,9.9913,1.0,1,23.98,0.0928
2978,N2C,3,13.1041,0.0,0,18.28,0.0293
2978,S2C,5,11.2868,0.0,0,21.23,0.0675
2978,E2C,5,8.8947,4.0,1,26.94,0.1106
2978,W2C,5,9.1227,2.0,1,26.26,0.106
2979,N2C,3,13.2617,0.0,0,18.07,0.027
2979,S2C,4,12.2157,0.0,0,19.61,0.0481
2979,E2C,5,8.1398,5.0,1,29.44,0.1221
2979,W2C,5,8.9131,3.0,1,26.88,0.1097
2980,N2C,3,13.2123,0.0,0,18.13,0.0278
2980,S2C,4,12.0616,0.0,0,19.86,0.0503
2980,E2C,5,7.564,6.0,1,31.68,0.1311
2980,W2C,5,8.1394,4.0,1,29.44,0.1215
2981,N2C,3,13.5498,0.0,0,17.68,0.0229
2981,S2C,4,12.1553,0.0,0,19.71,0.049
2981,E2C,5,7.4867,7.0,1,32.0,0.1329
2981,W2C,5,7.3261,5.0,1,32.7,0.1338
2982,N2C,3,13.5192,0.0,0,17.72,0.0233
2982,S2C,3,12.3395,0.0,0,19.42,0.0403
2982,E2C,5,7.3943,9.0,2,32.4,0.1415
2982,W2C,5,6.2808,6.0,1,38.15,0.1496
2983,N2C,3,12.8087,0.0,0,18.71,0.0336
2983,S2C,4,12.4465,0.0,0,19.25,0.0448
2983,E2C,6,8.2635,11.0,2,28.99,0.1363
2983,W2C,6,6.5811,7.0,1,36.41,0.1519
2984,N2C,3,12.4292,0.0,0,19.28,0.039
2984,S2C,3,12.6992,0.0,0,18.87,0.0351
2984,E2C,6,7.957,13.0,2,30.11,0.1421
2984,W2C,6,6.0596,9.0,2,39.54,0.1667
2985,N2C,3,12.7086,0.0,0,18.85,0.035
2985,S2C,3,11.9064,0.0,0,20.12,0.0466
2985,E2C,6,7.38,15.0,2,32.47,0.1517
2985,W2C,6,5.7928,11.0,2,41.36,0.1719
2986,N2C,3,12.8373,0.0,0,18.66,0.0332
2986,S2C,3,12.491,0.0,0,19.18,0.0381
2986,E2C,6,6.8149,17.0,2,35.16,0.1612
2986,W2C,6,5.5639,14.0,3,43.06,0.1832
2987,N2C,3,12.6557,0.0,0,18.93,0.0358
2987,S2C,3,12.4296,0.0,0,19.28,0.039
2987,E2C,6,6.1112,19.0,2,39.21,0.1727
2987,W2C,6,5.6446,17.0,3,42.45,0.1841
2988,N2C,3,12.839,0.0,0,18.66,0.0331
2988,S2C,3,12.244,0.0,0,19.57,0.0417
2988,E2C,6,5.4475,21.0,2,43.98,0.1836
2988,W2C,6,5.5441,20.0,3,43.22,0.1875
2989,N2C,3,12.3034,0.0,0,19.47,0.0408
2989,S2C,3,12.3833,0.0,0,19.35,0.0397
2989,E2C,7,6.0138,23.0,2,39.84,0.1827
2989,W2C,7,6.9542,23.0,3,34.45,0.1752
2990,N2C,3,11.7314,0.0,0,20.42,0.0491
2990,S2C,3,12.0508,0.0,0,19.88,0.0445
2990,E2C,7,5.5171,26.0,3,43.43,0.1979
2990,W2C,7,6.6584,26.0,3,35.98,0.1815
2991,N2C,3,12.4332,0.0,0,19.27,0.039
2991,S2C,3,12.0898,0.0,0,19.82,0.0439
2991,E2C,7,5.3605,29.0,3,44.7,0.2021
2991,W2C,7,6.5811,29.0,3,36.41,0.1846
2992,N2C,3,12.0459,0.0,0,19.89,0.0446
2992,S2C,3,12.7326,0.0,0,18.82,0.0347
2992,E2C,7,5.4218,32.0,3,44.19,0.2033
2992,W2C,7,6.5639,32.0,3,36.5,0.1868
2993,N2C,3,11.5895,0.0,0,20.67,0.0511
2993,S2C,3,12.7079,0.0,0,18.85,0.035
2993,E2C,7,5.2714,36.0,4,45.45,0.2141
2993,W2C,7,6.6109,35.0,3,36.24,0.1881
2994,N2C,3,12.1674,0.0,0,19.69,0.0428
2994,S2C,3,12.5059,0.0,0,19.16,0.0379
2994,E2C,7,5.1784,40.0,4,46.27,0.2181
2994,W2C,7,5.6752,38.0,3,42.22,0.2036
2995,N2C,3,11.5781,0.0,0,20.69,0.0513
2995,S2C,4,12.6526,0.0,0,18.94,0.0418
2995,E2C,8,6.3098,44.0,4,37.97,0.2105
2995,W2C,8,5.5755,41.0,3,42.97,0.2131
2996,N2C,3,11.2793,0.0,0,21.24,0.0556
2996,S2C,4,12.2616,0.0,0,19.54,0.0474
2996,E2C,8,6.2221,48.0,4,38.51,0.2144
2996,W2C,8,4.5816,44.0,3,52.3,0.2294
2997,N2C,3,11.3507,0.0,0,21.11,0.0546
2997,S2C,3,12.7109,0.0,0,18.85,0.035
2997,E2C,8,5.6475,52.0,4,42.43,0.2253
2997,W2C,8,4.5619,47.0,3,52.52,0.2316
2998,N2C,3,11.787,0.0,0,20.33,0.0483
2998,S2C,3,12.8468,0.0,0,18.65,0.033
2998,E2C,8,5.3951,56.0,4,44.41,0.2316
2998,W2C,8,4.3959,52.0,5,54.51,0.2494
2999,N2C,3,12.0339,0.0,0,19.91,0.0447
2999,S2C,3,12.2762,0.0,0,19.52,0.0412
2999,E2C,8,4.5128,61.0,5,53.09,0.2537
2999,W2C,8,4.5664,57.0,5,52.47,0.2502
3000,N2C,3,12.0611,0.0,0,19.87,0.0443
3000,S2C,3,12.5385,0.0,0,19.11,0.0375
3000,E2C,8,3.9931,66.0,5,60.0,0.2645
3000,W2C,8,4.2759,62.0,5,56.04,0.2578
3001,N2C,4,12.1213,0.0,0,19.77,0.0495
3001,S2C,4,12.9056,0.0,0,18.57,0.0382
3001,E2C,9,4.5647,71.0,5,52.49,0.2656
3001,W2C,9,5.4992,67.0,5,43.57,0.2495
3002,N2C,4,11.8764,0.0,0,20.17,0.053
3002,S2C,4,12.4172,0.0,0,19.3,0.0452
3002,E2C,9,4.1408,76.0,5,57.86,0.275
3002,W2C,9,5.2747,72.0,5,45.42,0.256
3003,N2C,4,11.5059,0.0,0,20.82,0.0583
3003,S2C,4,12.5609,0.0,0,19.08,0.0431
3003,E2C,9,4.1201,81.0,5,58.15,0.2787
3003,W2C,9,5.1502,77.0,5,46.52,0.2612
3004,N2C,4,10.3174,0.0,0,23.22,0.0754
3004,S2C,4,11.2622,0.0,0,21.27,0.0618
3004,E2C,7,5.2429,34.0,4,45.7,0.2132
3004,W2C,7,6.1363,33.0,3,39.05,0.1936
3005,N2C,4,9.263,0.0,0,25.87,0.0906
3005,S2C,4,10.3053,0.0,0,23.25,0.0756
3005,E2C,7,5.3106,9.0,2,45.12,0.1835
3005,W2C,7,5.2972,8.0,1,45.23,0.1771
3006,N2C,4,8.8457,1.0,1,27.09,0.1033
3006,S2C,4,9.4898,1.0,1,25.25,0.094
3006,E2C,7,5.4202,0.0,0,44.21,0.164
3006,W2C,7,5.9426,0.0,0,40.32,0.1564
3007,N2C,5,9.902,2.0,1,24.2,0.0948
3007,S2C,5,9.6983,2.0,1,24.71,0.0977
3007,E2C,7,6.9716,0.0,0,34.37,0.1416
3007,W2C,6,8.004,0.0,0,29.94,0.1208
3008,N2C,5,9.8419,3.0,1,24.34,0.0963
3008,S2C,5,8.8314,3.0,1,27.13,0.1108
3008,E2C,6,7.675,0.0,0,31.22,0.1255
3008,W2C,6,8.6058,0.0,0,27.84,0.1121
3009,N2C,5,9.3692,4.0,1,25.57,0.1038
3009,S2C,5,8.1587,4.0,1,29.37,0.1212
3009,E2C,6,8.2818,0.0,0,28.93,0.1168
3009,W2C,4,10.1849,0.0,0,23.53,0.0773
3010,N2C,5,9.1345,5.0,1,26.23,0.1078
3010,S2C,5,8.0518,6.0,2,29.76,0.1301
3010,E2C,4,10.6425,0.0,0,22.51,0.0708
3010,W2C,4,10.3828,0.0,0,23.08,0.0745
3011,N2C,5,8.4729,6.0,1,28.28,0.118
3011,S2C,5,7.8691,8.0,2,30.45,0.134
3011,E2C,4,10.9609,0.0,0,21.86,0.0662
3011,W2C,4,11.1083,0.0,0,21.57,0.0641
3012,N2C,5,7.7912,7.0,1,30.75,0.1285
3012,S2C,5,7.1692,10.0,2,33.42,0.1454
3012,E2C,3,12.6299,0.0,0,18.97,0.0361
3012,W2C,3,12.6347,0.0,0,18.96,0.0361
3013,N2C,6,8.7139,8.0,1,27.5,0.1219
3013,S2C,6,7.2521,12.0,2,33.04,0.1516
3013,E2C,4,12.7737,0.0,0,18.76,0.0401
3013,W2C,4,12.4351,0.0,0,19.27,0.0449
3014,N2C,6,8.0905,9.0,1,29.62,0.1315
3014,S2C,6,6.4582,14.0,2,37.1,0.1643
3014,E2C,3,12.5605,0.0,0,19.08,0.0371
3014,W2C,4,12.6109,0.0,0,19.0,0.0424
3015,N2C,6,7.3374,11.0,2,32.65,0.1497
3015,S2C,6,6.4229,16.0,2,37.3,0.1662
3015,E2C,3,12.4025,0.0,0,19.32,0.0394
3015,W2C,4,12.1273,0.0,0,19.76,0.0494
3016,N2C,6,7.0572,13.0,2,33.95,0.1551
3016,S2C,6,6.2654,19.0,3,38.24,0.1765
3016,E2C,3,12.6104,0.0,0,19.0,0.0364
3016,W2C,3,12.4759,0.0,0,19.21,0.0384
3017,N2C,6,6.3148,15.0,2,37.94,0.1671
3017,S2C,6,6.1858,22.0,3,38.73,0.1796
3017,E2C,3,12.6328,0.0,0,18.97,0.0361
3017,W2C,3,12.3537,0.0,0,19.39,0.0401
3018,N2C,6,5.6929,18.0,3,42.09,0.184
3018,S2C,6,5.6322,25.0,3,42.54,0.1896
3018,E2C,3,12.563,0.0,0,19.07,0.0371
3018,W2C,3,12.3233,0.0,0,19.44,0.0406
3019,N2C,7,6.4366,21.0,3,37.22,0.1813
3019,S2C,7,6.0276,28.0,3,39.75,0.1919
3019,E2C,4,13.254,0.0,0,18.08,0.0332
3019,W2C,3,12.72,0.0,0,18.84,0.0348
3020,N2C,7,5.8409,24.0,3,41.02,0.1919
3020,S2C,7,5.4782,31.0,3,43.74,0.2018
3020,E2C,4,12.6949,0.0,0,18.87,0.0412
3020,W2C,3,12.2783,0.0,0,19.51,0.0412
3021,N2C,7,5.6939,27.0,3,42.08,0.196
3021,S2C,7,5.2813,34.0,3,45.37,0.2066
3021,E2C,4,12.9352,0.0,0,18.52,0.0377
3021,W2C,3,12.175,0.0,0,19.68,0.0427
3022,N2C,7,5.507,30.0,3,43.51,0.2007
3022,S2C,7,5.1933,37.0,3,46.14,0.2099
3022,E2C,3,13.2292,0.0,0,18.11,0.0275
3022,W2C,3,12.6869,0.0,0,18.89,0.0353
3023,N2C,7,5.1761,34.0,4,46.29,0.2141
3023,S2C,7,4.9371,41.0,4,48.53,0.2222
3023,E2C,3,13.4396,0.0,0,17.83,0.0245
3023,W2C,3,12.8166,0.0,0,18.69,0.0335
3024,N2C,7,4.5065,38.0,4,53.17,0.2264
3024,S2C,7,4.4001,45.0,4,54.45,0.2326
3024,E2C,3,13.0971,0.0,0,18.29,0.0294
3024,W2C,3,12.5772,0.0,0,19.05,0.0369
3025,N2C,8,5.0855,42.0,4,47.11,0.2268
3025,S2C,8,5.2671,49.0,4,45.49,0.2288
3025,E2C,3,13.0289,0.0,0,18.39,0.0304
3025,W2C,4,12.9435,0.0,0,18.51,0.0376
3026,N2C,8,4.8172,46.0,4,49.74,0.2333
3026,S2C,8,4.5693,53.0,4,52.44,0.2415
3026,E2C,3,12.8462,0.0,0,18.65,0.033
3026,W2C,3,12.8051,0.0,0,18.71,0.0336
3027,N2C,8,4.7871,51.0,5,50.05,0.2431
3027,S2C,8,4.6492,58.0,5,51.54,0.2497
3027,E2C,3,13.0811,0.0,0,18.32,0.0296
3027,W2C,3,12.73,0.0,0,18.82,0.0347
3028,N2C,8,4.7047,56.0,5,50.93,0.2476
3028,S2C,8,4.5157,63.0,5,53.06,0.255
3028,E2C,3,12.9463,0.0,0,18.51,0.0316
3028,W2C,3,12.5337,0.0,0,19.12,0.0375
3029,N2C,8,4.7993,61.0,5,49.92,0.2496
3029,S2C,8,4.7298,68.0,5,50.66,0.2552
3029,E2C,3,12.9391,0.0,0,18.52,0.0317
3029,W2C,3,12.6367,0.0,0,18.96,0.036
3030,N2C,8,4.6185,66.0,5,51.88,0.2555
3030,S2C,8,4.7122,73.0,5,50.85,0.2588
3030,E2C,3,12.7561,0.0,0,18.78,0.0343
3030,W2C,3,12.9347,0.0,0,18.52,0.0318
3031,N2C,9,5.2737,71.0,5,45.43,0.2554
3031,S2C,9,5.6487,78.0,5,42.42,0.2547
3031,E2C,3,12.9901,0.0,0,18.44,0.031
3031,W2C,4,13.1311,0.0,0,18.25,0.0349
3032,N2C,9,4.8046,76.0,5,49.87,0.2655
3032,S2C,9,5.2064,83.0,5,46.02,0.2644
3032,E2C,3,11.8276,0.0,0,20.26,0.0477
3032,W2C,4,12.8312,0.0,0,18.67,0.0392
3033,N2C,9,4.2782,81.0,5,56.0,0.2764
3033,S2C,9,4.7486,88.0,5,50.46,0.2743
3033,E2C,3,12.0461,0.0,0,19.89,0.0445
3033,W2C,4,12.5783,0.0,0,19.05,0.0429
3034,N2C,9,4.099,86.0,5,58.45,0.2823
3034,S2C,9,4.4028,93.0,5,54.42,0.2826
3034,E2C,3,11.6221,0.0,0,20.62,0.0507
3034,W2C,3,13.2272,0.0,0,18.11,0.0275
3035,N2C,9,3.619,92.0,6,66.21,0.2992
3035,S2C,9,4.3957,98.0,5,54.51,0.286
3035,E2C,3,12.3535,0.0,0,19.4,0.0401
3035,W2C,3,12.8764,0.0,0,18.61,0.0326
3036,N2C,9,3.1608,98.0,6,75.8,0.3098
3036,S2C,9,3.8751,104.0,6,61.83,0.3035
3036,E2C,3,10.6702,0.0,0,22.45,0.0644
3036,W2C,3,12.8816,0.0,0,18.6,0.0325
3037,N2C,8,4.5608,49.0,4,52.53,0.239
3037,S2C,8,5.7665,50.0,4,41.55,0.2223
3037,E2C,4,10.3246,0.0,0,23.21,0.0753
3037,W2C,4,11.9972,0.0,0,19.97,0.0513
3038,N2C,8,4.7052,17.0,3,50.92,0.2096
3038,S2C,8,5.5819,15.0,2,42.92,0.1896
3038,E2C,4,9.7117,0.0,0,24.67,0.0842
3038,W2C,4,10.5012,0.0,0,22.82,0.0728
3039,N2C,8,5.3564,2.0,1,44.73,0.1782
3039,S2C,8,6.1972,0.0,0,38.66,0.1588
3039,E2C,4,9.9538,0.0,0,24.07,0.0807
3039,W2C,4,10.1457,0.0,0,23.62,0.0779
3040,N2C,7,6.4473,0.0,0,37.16,0.1492
3040,S2C,6,7.6098,0.0,0,31.49,0.1264
3040,E2C,4,9.8656,1.0,1,24.29,0.0886
3040,W2C,4,9.7316,0.0,0,24.62,0.0839
3041,N2C,6,7.1985,0.0,0,33.28,0.1324
3041,S2C,6,7.7328,0.0,0,30.98,0.1247
3041,E2C,4,9.798,2.0,1,24.45,0.0903
3041,W2C,4,9.9505,1.0,1,24.08,0.0874
3042,N2C,6,7.8563,0.0,0,30.5,0.1229
3042,S2C,6,8.4291,0.0,0,28.43,0.1146
3042,E2C,4,9.7664,3.0,1,24.53,0.0914
3042,W2C,4,9.3778,2.0,1,25.55,0.0963
3043,N2C,5,10.0993,0.0,0,23.72,0.0846
3043,S2C,5,11.0225,0.0,0,21.74,0.0713
3043,E2C,5,9.0247,4.0,1,26.55,0.1087
3043,W2C,5,9.1229,3.0,1,26.26,0.1066
3044,N2C,5,10.503,0.0,0,22.81,0.0788
3044,S2C,5,11.2712,0.0,0,21.26,0.0677
3044,E2C,5,9.0083,5.0,1,26.6,0.1096
3044,W2C,5,8.6946,4.0,1,27.56,0.1135
3045,N2C,3,11.8996,0.0,0,20.14,0.0467
3045,S2C,3,12.8908,0.0,0,18.59,0.0324
3045,E2C,5,8.2519,6.0,1,29.04,0.1212
3045,W2C,5,7.8311,6.0,2,30.6,0.1332
3046,N2C,3,12.1352,0.0,0,19.74,0.0433
3046,S2C,3,13.4833,0.0,0,17.77,0.0239
3046,E2C,5,7.3468,7.0,1,32.61,0.1349
3046,W2C,5,8.1103,8.0,2,29.54,0.1306
3047,N2C,3,12.3804,0.0,0,19.35,0.0397
3047,S2C,3,13.1441,0.0,0,18.23,0.0287
3047,E2C,5,7.4937,8.0,1,31.97,0.1334
3047,W2C,5,7.7282,10.0,2,31.0,0.1374
3048,N2C,3,12.2503,0.0,0,19.56,0.0416
3048,S2C,3,13.4102,0.0,0,17.87,0.0249
3048,E2C,5,7.1304,10.0,2,33.6,0.146
3048,W2C,5,7.0467,12.0,2,34.0,0.1485
3049,N2C,4,12.4512,0.0,0,19.24,0.0447
3049,S2C,3,13.4812,0.0,0,17.77,0.0239
3049,E2C,6,8.2501,12.0,2,29.04,0.1372
3049,W2C,6,7.1813,14.0,2,33.36,0.1539
3050,N2C,4,12.0221,0.0,0,19.93,0.0509
3050,S2C,3,13.2086,0.0,0,18.14,0.0278
3050,E2C,6,7.925,14.0,2,30.23,0.1432
3050,W2C,6,6.4774,16.0,2,36.99,0.1654
3051,N2C,4,11.8893,0.0,0,20.15,0.0528
3051,S2C,3,13.73,0.0,0,17.45,0.0203
3051,E2C,6,7.9513,16.0,2,30.13,0.1442
3051,W2C,6,6.3314,18.0,2,37.84,0.1688
3052,N2C,4,12.4311,0.0,0,19.27,0.045
3052,S2C,3,13.4454,0.0,0,17.82,0.0244
3052,E2C,6,7.9914,18.0,2,29.98,0.1449
3052,W2C,6,6.2461,20.0,2,38.36,0.1714
3053,N2C,3,12.534,0.0,0,19.12,0.0375
3053,S2C,3,13.7233,0.0,0,17.46,0.0204
3053,E2C,6,8.0446,20.0,2,29.78,0.1455
3053,W2C,6,6.1471,22.0,2,38.98,0.1742
3054,N2C,3,12.8944,0.0,0,18.58,0.0323
3054,S2C,3,13.3164,0.0,0,17.99,0.0263
3054,E2C,6,7.7016,22.0,2,31.11,0.1518
3054,W2C,6,5.6699,25.0,3,42.26,0.189
3055,N2C,4,12.6323,0.0,0,18.97,0.0421
3055,S2C,3,13.1874,0.0,0,18.17,0.0281
3055,E2C,7,7.7364,24.0,2,30.97,0.1586
3055,W2C,7,6.188,28.0,3,38.72,0.1896
3056,N2C,4,12.6656,0.0,0,18.92,0.0416
3056,S2C,3,12.9356,0.0,0,18.52,0.0317
3056,E2C,7,6.4801,27.0,3,36.97,0.1847
3056,W2C,7,5.527,31.0,3,43.35,0.2011
3057,N2C,4,12.8669,0.0,0,18.62,0.0387
3057,S2C,3,13.2377,0.0,0,18.1,0.0274
3057,E2C,7,5.8199,30.0,3,41.17,0.1962
3057,W2C,7,5.3729,35.0,4,44.59,0.212
3058,N2C,3,13.0134,0.0,0,18.41,0.0306
3058,S2C,3,13.1136,0.0,0,18.27,0.0292
3058,E2C,7,5.6181,33.0,3,42.65,0.2011
3058,W2C,7,5.3605,39.0,4,44.7,0.2148
3059,N2C,3,13.1923,0.0,0,18.16,0.028
3059,S2C,3,12.9888,0.0,0,18.45,0.031
3059,E2C,7,5.3594,37.0,4,44.71,0.2135
3059,W2C,7,5.3768,43.0,4,44.56,0.2172
3060,N2C,3,12.8591,0.0,0,18.63,0.0328
3060,S2C,3,13.2243,0.0,0,18.12,0.0276
3060,E2C,7,4.5649,41.0,4,52.49,0.2276
3060,W2C,7,4.937,47.0,4,48.53,0.2262
3061,N2C,3,13.1853,0.0,0,18.17,0.0281
3061,S2C,3,13.3701,0.0,0,17.92,0.0255
3061,E2C,8,5.1842,45.0,4,46.22,0.2274
3061,W2C,8,5.4817,51.0,4,43.71,0.2271
3062,N2C,3,12.9604,0.0,0,18.49,0.0314
3062,S2C,3,13.3945,0.0,0,17.89,0.0251
3062,E2C,8,4.9926,49.0,4,47.99,0.2328
3062,W2C,8,4.9243,55.0,4,48.66,0.2378
3063,N2C,3,13.0557,0.0,0,18.35,0.03
3063,S2C,3,13.2048,0.0,0,18.14,0.0279
3063,E2C,8,4.9838,54.0,5,48.08,0.2422
3063,W2C,8,4.8791,59.0,4,49.11,0.2411
3064,N2C,3,13.0224,0.0,0,18.4,0.0305
3064,S2C,3,13.3536,0.0,0,17.94,0.0257
3064,E2C,8,4.8523,59.0,5,49.38,0.2475
3064,W2C,8,4.8183,63.0,4,49.73,0.2446
3065,N2C,3,13.2814,0.0,0,18.04,0.0268
3065,S2C,3,12.8806,0.0,0,18.6,0.0325
3065,E2C,8,4.9172,64.0,5,48.73,0.2499
3065,W2C,8,4.7127,68.0,5,50.84,0.2555
3066,N2C,3,13.2099,0.0,0,18.14,0.0278
3066,S2C,3,13.3171,0.0,0,17.99,0.0262
3066,E2C,8,4.5242,69.0,5,52.96,0.2589
3066,W2C,8,4.6696,73.0,5,51.31,0.2594
3067,N2C,3,13.3732,0.0,0,17.92,0.0254
3067,S2C,2,12.9469,0.0,0,18.51,0.0256
3067,E2C,9,4.9874,74.0,5,48.04,0.2615
3067,W2C,9,5.2042,78.0,5,46.04,0.2611
3068,N2C,3,13.1423,0.0,0,18.23,0.0288
3068,S2C,3,13.1959,0.0,0,18.16,0.028
3068,E2C,9,4.5479,79.0,5,52.68,0.2712
3068,W2C,9,5.1372,83.0,5,46.64,0.2654
3069,N2C,3,12.9839,0.0,0,18.45,0.031
3069,S2C,3,13.2217,0.0,0,18.12,0.0276
3069,E2C,9,4.3907,84.0,5,54.57,0.2768
3069,W2C,9,4.7103,88.0,5,50.87,0.2748
3070,N2C,3,12.968,0.0,0,18.48,0.0313
3070,S2C,3,12.9616,0.0,0,18.49,0.0314
3070,E2C,7,5.5495,35.0,3,43.18,0.2034
3070,W2C,7,5.6504,37.0,3,42.4,0.2033
3071,N2C,3,13.0914,0.0,0,18.3,0.0295
3071,S2C,3,13.1033,0.0,0,18.29,0.0293
3071,E2C,7,5.4933,10.0,2,43.62,0.1816
3071,W2C,7,5.5603,7.0,1,43.09,0.1726
3072,N2C,3,12.4716,0.0,0,19.21,0.0384
3072,S2C,3,13.0929,0.0,0,18.3,0.0295
3072,E2C,7,5.6334,0.0,0,42.53,0.1609
3072,W2C,7,6.176,0.0,0,38.8,0.1531
3073,N2C,4,11.4787,0.0,0,20.87,0.0587
3073,S2C,4,12.0787,0.0,0,19.84,0.0501
3073,E2C,7,7.187,0.0,0,33.34,0.1385
3073,W2C,6,8.0956,0.0,0,29.6,0.1194
3074,N2C,4,10.2573,0.0,0,23.36,0.0763
3074,S2C,4,11.1002,0.0,0,21.59,0.0642
3074,E2C,6,7.8993,0.0,0,30.33,0.1223
3074,W2C,6,8.6073,0.0,0,27.84,0.1121
3075,N2C,4,9.3975,0.0,0,25.5,0.0887
3075,S2C,4,9.9407,0.0,0,24.1,0.0809
3075,E2C,6,8.9773,0.0,0,26.69,0.1067
3075,W2C,6,9.1719,0.0,0,26.12,0.1039
3076,N2C,4,9.6058,0.0,0,24.94,0.0857
3076,S2C,4,9.7873,0.0,0,24.48,0.0831
3076,E2C,4,10.6556,0.0,0,22.49,0.0706
3076,W2C,4,10.8535,0.0,0,22.08,0.0677
3077,N2C,4,9.2935,1.0,1,25.78,0.0969
3077,S2C,4,9.6797,1.0,1,24.75,0.0913
3077,E2C,4,11.1571,0.0,0,21.48,0.0634
3077,W2C,4,11.2267,0.0,0,21.34,0.0623
3078,N2C,4,8.9762,2.0,1,26.69,0.1021
3078,S2C,4,9.45,2.0,1,25.35,0.0953
3078,E2C,3,12.5554,0.0,0,19.08,0.0372
3078,W2C,3,12.9325,0.0,0,18.53,0.0318
3079,N2C,5,8.7323,3.0,1,27.44,0.1123
3079,S2C,5,9.1296,3.0,1,26.24,0.1065
3079,E2C,3,13.1577,0.0,0,18.21,0.0285
3079,W2C,4,13.3552,0.0,0,17.94,0.0317
3080,N2C,5,8.0278,4.0,1,29.85,0.1231
3080,S2C,5,8.4665,4.0,1,28.3,0.1168
3080,E2C,3,12.7598,0.0,0,18.78,0.0343
3080,W2C,3,13.3277,0.0,0,17.98,0.0261
3081,N2C,5,7.2971,5.0,1,32.83,0.1343
3081,S2C,5,7.6418,5.0,1,31.35,0.1293
3081,E2C,3,12.4265,0.0,0,19.28,0.0391
3081,W2C,3,13.2601,0.0,0,18.07,0.0271
3082,N2C,5,7.4113,7.0,2,32.33,0.14
3082,S2C,5,7.5601,7.0,2,31.69,0.1378
3082,E2C,3,12.6594,0.0,0,18.93,0.0357
3082,W2C,3,13.229,0.0,0,18.11,0.0275
3083,N2C,5,7.535,9.0,2,31.8,0.1395
3083,S2C,5,7.8208,9.0,2,30.64,0.1354
3083,E2C,3,12.9737,0.0,0,18.47,0.0312
3083,W2C,3,13.462,0.0,0,17.8,0.0242
3084,N2C,5,7.4077,11.0,2,32.34,0.1427
3084,S2C,5,7.687,11.0,2,31.17,0.1387
3084,E2C,3,12.8955,0.0,0,18.58,0.0323
3084,W2C,3,13.0161,0.0,0,18.41,0.0306
3085,N2C,6,7.8837,13.0,2,30.39,0.1432
3085,S2C,6,8.2537,13.0,2,29.03,0.1378
3085,E2C,3,12.7226,0.0,0,18.83,0.0348
3085,W2C,3,13.4217,0.0,0,17.85,0.0247
3086,N2C,6,7.1887,15.0,2,33.33,0.1545
3086,S2C,6,7.3138,15.0,2,32.76,0.1527
3086,E2C,3,12.5691,0.0,0,19.06,0.037
3086,W2C,3,12.856,0.0,0,18.64,0.0329
3087,N2C,6,6.5848,17.0,2,36.39,0.1645
3087,S2C,6,6.6428,17.0,2,36.07,0.1637
3087,E2C,3,12.1705,0.0,0,19.69,0.0428
3087,W2C,3,13.0262,0.0,0,18.39,0.0304
3088,N2C,6,6.255,19.0,2,38.31,0.1706
3088,S2C,6,6.2915,20.0,3,38.08,0.1767
3088,E2C,3,12.4181,0.0,0,19.29,0.0392
3088,W2C,3,13.2873,0.0,0,18.03,0.0267
3089,N2C,6,6.217,22.0,3,38.54,0.1791
3089,S2C,6,6.5734,23.0,3,36.45,0.1747
3089,E2C,3,12.4732,0.0,0,19.21,0.0384
3089,W2C,3,13.0951,0.0,0,18.3,0.0294
3090,N2C,6,6.2028,25.0,3,38.63,0.1814
3090,S2C,6,6.5027,26.0,3,36.85,0.1777
3090,E2C,3,12.3719,0.0,0,19.37,0.0399
3090,W2C,3,13.1718,0.0,0,18.19,0.0283
3091,N2C,7,7.2111,28.0,3,33.23,0.1748
3091,S2C,7,7.0611,29.0,3,33.93,0.1777
3091,E2C,3,12.6058,0.0,0,19.01,0.0365
3091,W2C,3,13.5001,0.0,0,17.75,0.0236
3092,N2C,7,7.0971,31.0,3,33.76,0.1785
3092,S2C,7,6.1609,32.0,3,38.89,0.1926
3092,E2C,4,12.2472,0.0,0,19.56,0.0477
3092,W2C,3,13.111,0.0,0,18.27,0.0292
3093,N2C,7,6.4057,34.0,3,37.4,0.1904
3093,S2C,7,5.6214,35.0,3,42.62,0.2024
3093,E2C,4,12.0492,0.0,0,19.89,0.0505
3093,W2C,3,13.1268,0.0,0,18.25,0.029
3094,N2C,7,5.8792,37.0,3,40.75,0.2
3094,S2C,7,5.6295,38.0,3,42.56,0.2043
3094,E2C,3,12.3593,0.0,0,19.39,0.04
3094,W2C,3,13.3721,0.0,0,17.92,0.0255
3095,N2C,7,5.6386,40.0,3,42.49,0.2055
3095,S2C,7,5.598,42.0,4,42.8,0.2134
3095,E2C,3,12.5106,0.0,0,19.15,0.0379
3095,W2C,3,13.2953,0.0,0,18.02,0.0266
3096,N2C,7,5.2598,44.0,4,45.55,0.2196
3096,S2C,7,4.8681,46.0,4,49.22,0.2266
3096,E2C,3,12.1357,0.0,0,19.74,0.0433
3096,W2C,3,13.3789,0.0,0,17.91,0.0254
3097,N2C,8,5.6631,48.0,4,42.31,0.2225
3097,S2C,8,5.2491,50.0,4,45.65,0.2298
3097,E2C,3,12.5882,0.0,0,19.03,0.0367
3097,W2C,3,13.4026,0.0,0,17.88,0.025
3098,N2C,8,4.8904,52.0,4,48.99,0.2363
3098,S2C,8,4.7115,54.0,4,50.85,0.2402
3098,E2C,3,12.018,0.0,0,19.94,0.045
3098,W2C,3,13.5435,0.0,0,17.69,0.023
3099,N2C,8,4.9511,56.0,4,48.39,0.238
3099,S2C,8,4.7518,58.0,4,50.42,0.2422
3099,E2C,3,12.2533,0.0,0,19.55,0.0416
3099,W2C,3,12.8734,0.0,0,18.61,0.0326
3100,N2C,8,5.0064,61.0,5,47.86,0.2466
3100,S2C,8,4.5577,63.0,5,52.57,0.2544
3100,E2C,3,12.6127,0.0,0,19.0,0.0364
3100,W2C,3,13.1627,0.0,0,18.2,0.0285
3101,N2C,8,4.4371,66.0,5,54.0,0.2581
3101,S2C,8,4.5307,68.0,5,52.88,0.2581
3101,E2C,3,12.8383,0.0,0,18.66,0.0331
3101,W2C,3,13.3964,0.0,0,17.89,0.0251
3102,N2C,8,4.1158,71.0,5,58.21,0.2661
3102,S2C,8,3.9422,73.0,5,60.78,0.2699
3102,E2C,3,12.7284,0.0,0,18.82,0.0347
3102,W2C,3,12.1074,0.0,0,19.79,0.0437
3103,N2C,7,5.9846,27.0,3,40.04,0.1918
3103,S2C,7,5.8394,29.0,3,41.03,0.1953
3103,E2C,4,11.6885,0.0,0,20.5,0.0557
3103,W2C,4,11.6584,0.0,0,20.55,0.0561
3104,N2C,7,5.793,5.0,1,41.36,0.1679
3104,S2C,7,5.8583,5.0,1,40.9,0.167
3104,E2C,4,10.4169,0.0,0,23.0,0.074
3104,W2C,4,10.9734,0.0,0,21.83,0.066
3105,N2C,7,6.721,0.0,0,35.65,0.1452
3105,S2C,7,6.6264,0.0,0,36.16,0.1466
3105,E2C,4,9.0322,0.0,0,26.53,0.0939
3105,W2C,4,10.3092,0.0,0,23.24,0.0756
3106,N2C,5,8.6412,0.0,0,27.73,0.1056
3106,S2C,5,8.7807,0.0,0,27.29,0.1036
3106,E2C,4,8.8423,0.0,0,27.1,0.0967
3106,W2C,4,9.941,1.0,1,24.1,0.0875
3107,N2C,5,9.0539,0.0,0,26.46,0.0996
3107,S2C,5,9.2425,0.0,0,25.92,0.0969
3107,E2C,4,9.1672,1.0,1,26.14,0.0987
3107,W2C,4,9.6534,2.0,1,24.82,0.0923
3108,N2C,4,10.0304,0.0,0,23.89,0.0796
3108,S2C,3,12.1355,0.0,0,19.74,0.0433
3108,E2C,4,8.8267,2.0,1,27.14,0.1042
3108,W2C,4,9.3275,3.0,1,25.69,0.0977
3109,N2C,4,11.7727,0.0,0,20.35,0.0545
3109,S2C,4,12.0623,0.0,0,19.86,0.0503
3109,E2C,5,10.0977,3.0,1,23.73,0.0926
3109,W2C,5,9.3066,4.0,1,25.75,0.1047
3110,N2C,3,12.7033,0.0,0,18.86,0.0351
3110,S2C,4,12.0722,0.0,0,19.85,0.0502
3110,E2C,5,9.7313,4.0,1,24.62,0.0985
3110,W2C,5,8.2245,5.0,1,29.13,0.1209
3111,N2C,3,12.6574,0.0,0,18.93,0.0357
3111,S2C,3,12.3351,0.0,0,19.42,0.0404
3111,E2C,5,9.5503,5.0,1,25.09,0.1018
3111,W2C,5,8.0578,6.0,1,29.74,0.124
3112,N2C,3,12.6218,0.0,0,18.98,0.0363
3112,S2C,3,12.2111,0.0,0,19.62,0.0422
3112,E2C,5,9.4153,6.0,1,25.45,0.1044
3112,W2C,5,7.9351,8.0,2,30.2,0.1331
3113,N2C,3,12.6555,0.0,0,18.93,0.0358
3113,S2C,3,12.4235,0.0,0,19.29,0.0391
3113,E2C,5,9.543,7.0,1,25.11,0.1033
3113,W2C,5,7.8929,10.0,2,30.36,0.135
3114,N2C,3,12.8685,0.0,0,18.62,0.0327
3114,S2C,3,12.5949,0.0,0,19.02,0.0366
3114,E2C,5,8.3178,8.0,1,28.81,0.1216
3114,W2C,5,6.708,12.0,2,35.72,0.1534
3115,N2C,4,12.6909,0.0,0,18.88,0.0413
3115,S2C,4,12.7287,0.0,0,18.82,0.0407
3115,E2C,6,7.9652,9.0,1,30.08,0.1333
3115,W2C,6,7.2412,14.0,2,33.09,0.1531
3116,N2C,3,12.8717,0.0,0,18.61,0.0327
3116,S2C,4,12.2505,0.0,0,19.56,0.0476
3116,E2C,6,6.8009,11.0,2,35.23,0.1574
3116,W2C,6,6.3864,16.0,2,37.52,0.1667
3117,N2C,3,13.2524,0.0,0,18.08,0.0272
3117,S2C,3,12.838,0.0,0,18.66,0.0331
3117,E2C,6,6.4261,13.0,2,37.29,0.1641
3117,W2C,6,6.3595,18.0,2,37.68,0.1684
3118,N2C,3,12.9196,0.0,0,18.55,0.032
3118,S2C,3,12.7091,0.0,0,18.85,0.035
3118,E2C,6,6.4452,16.0,3,37.18,0.1719
3118,W2C,6,6.1394,21.0,3,39.03,0.1796
3119,N2C,3,12.7937,0.0,0,18.73,0.0338
3119,S2C,3,12.6182,0.0,0,18.99,0.0363
3119,E2C,6,6.3205,19.0,3,37.91,0.1757
3119,W2C,6,6.4148,24.0,3,37.35,0.1776
3120,N2C,3,12.8831,0.0,0,18.6,0.0325
3120,S2C,3,12.8966,0.0,0,18.58,0.0323
3120,E2C,6,6.3002,22.0,3,38.03,0.178
3120,W2C,6,5.3423,27.0,3,44.85,0.1951
3121,N2C,4,13.1937,0.0,0,18.16,0.034
3121,S2C,4,13.0315,0.0,0,18.39,0.0364
3121,E2C,7,7.186,25.0,3,33.34,0.1732
3121,W2C,7,5.8974,30.0,3,40.63,0.1951
3122,N2C,4,12.8609,0.0,0,18.63,0.0388
3122,S2C,3,13.1787,0.0,0,18.18,0.0282
3122,E2C,7,6.6435,28.0,3,36.07,0.183
3122,W2C,7,5.2899,33.0,3,45.29,0.2058
3123,N2C,3,13.2694,0.0,0,18.06,0.0269
3123,S2C,3,12.9187,0.0,0,18.55,0.032
3123,E2C,7,6.2813,31.0,3,38.15,0.1902
3123,W2C,7,5.3402,36.0,3,44.87,0.2071
3124,N2C,3,12.7477,0.0,0,18.8,0.0344
3124,S2C,3,12.5264,0.0,0,19.13,0.0376
3124,E2C,7,6.1496,34.0,3,38.96,0.1941
3124,W2C,7,5.1045,40.0,4,46.94,0.2192
3125,N2C,3,13.5872,0.0,0,17.63,0.0224
3125,S2C,3,13.1782,0.0,0,18.18,0.0282
3125,E2C,7,5.4127,37.0,3,44.27,0.2067
3125,W2C,7,5.1389,44.0,4,46.62,0.2213
3126,N2C,3,13.651,0.0,0,17.55,0.0214
3126,S2C,3,12.9445,0.0,0,18.51,0.0316
3126,E2C,7,4.9428,41.0,4,48.47,0.2222
3126,W2C,7,5.1977,48.0,4,46.1,0.2232
3127,N2C,3,13.369,0.0,0,17.92,0.0255
3127,S2C,4,13.2879,0.0,0,18.03,0.0327
3127,E2C,8,5.3077,45.0,4,45.14,0.2256
3127,W2C,8,5.4757,52.0,4,43.76,0.2278
3128,N2C,3,13.263,0.0,0,18.07,0.027
3128,S2C,4,12.8215,0.0,0,18.69,0.0394
3128,E2C,8,4.9543,49.0,4,48.36,0.2333
3128,W2C,8,4.8399,56.0,4,49.51,0.2396
3129,N2C,3,13.3399,0.0,0,17.96,0.0259
3129,S2C,3,13.2784,0.0,0,18.04,0.0268
3129,E2C,8,4.9502,54.0,5,48.4,0.2427
3129,W2C,8,4.6564,60.0,4,51.46,0.245
3130,N2C,3,13.0845,0.0,0,18.31,0.0296
3130,S2C,3,12.8815,0.0,0,18.6,0.0325
3130,E2C,8,4.8365,59.0,5,49.54,0.2477
3130,W2C,8,4.4552,64.0,4,53.78,0.2505
3131,N2C,3,13.2941,0.0,0,18.02,0.0266
3131,S2C,3,13.3407,0.0,0,17.96,0.0259
3131,E2C,8,4.4403,64.0,5,53.96,0.2567
3131,W2C,8,4.5817,69.0,5,52.3,0.258
3132,N2C,3,13.0858,0.0,0,18.31,0.0296
3132,S2C,3,13.4156,0.0,0,17.86,0.0248
3132,E2C,8,4.0571,69.0,5,59.06,0.2656
3132,W2C,8,4.5385,74.0,5,52.79,0.262
3133,N2C,3,13.4856,0.0,0,17.77,0.0238
3133,S2C,3,13.7195,0.0,0,17.46,0.0205
3133,E2C,9,4.6501,74.0,5,51.53,0.2664
3133,W2C,9,5.0838,79.0,5,47.13,0.2635
3134,N2C,3,13.0229,0.0,0,18.4,0.0305
3134,S2C,3,13.0004,0.0,0,18.43,0.0308
3134,E2C,9,4.1971,79.0,5,57.09,0.2762
3134,W2C,9,4.7614,84.0,5,50.32,0.2714
3135,N2C,3,13.6393,0.0,0,17.57,0.0216
3135,S2C,3,13.0176,0.0,0,18.41,0.0306
3135,E2C,9,4.3106,85.0,6,55.58,0.2846
3135,W2C,9,4.2974,89.0,5,55.75,0.2815
3136,N2C,3,13.6562,0.0,0,17.55,0.0214
3136,S2C,3,13.3481,0.0,0,17.95,0.0258
3136,E2C,7,5.5042,40.0,4,43.53,0.2134
3136,W2C,7,5.135,38.0,3,46.66,0.2114
3137,N2C,3,13.4147,0.0,0,17.86,0.0248
3137,S2C,3,13.2124,0.0,0,18.13,0.0278
3137,E2C,7,5.7407,12.0,2,41.74,0.1793
3137,W2C,7,5.2463,8.0,2,45.67,0.1838
3138,N2C,3,12.3939,0.0,0,19.33,0.0395
3138,S2C,3,12.0586,0.0,0,19.87,0.0444
3138,E2C,7,5.9448,0.0,0,40.3,0.1564
3138,W2C,7,5.74,0.0,0,41.74,0.1594
3139,N2C,4,11.8372,0.0,0,20.24,0.0536
3139,S2C,4,11.3748,0.0,0,21.06,0.0602
3139,E2C,6,8.3627,0.0,0,28.65,0.1156
3139,W2C,6,8.0091,0.0,0,29.92,0.1207
3140,N2C,4,10.9417,0.0,0,21.9,0.0665
3140,S2C,4,10.1965,0.0,0,23.5,0.0772
3140,E2C,6,8.3791,0.0,0,28.6,0.1154
3140,W2C,6,8.2444,0.0,0,29.06,0.1173
3141,N2C,4,9.8549,0.0,0,24.31,0.0821
3141,S2C,4,9.4503,0.0,0,25.35,0.0879
3141,E2C,5,9.7751,0.0,0,24.51,0.0892
3141,W2C,5,9.1471,0.0,0,26.19,0.0983
3142,N2C,4,10.1945,1.0,1,23.5,0.0839
3142,S2C,4,9.2989,1.0,1,25.77,0.0968
3142,E2C,4,11.0681,0.0,0,21.65,0.0646
3142,W2C,4,10.4608,0.0,0,22.9,0.0734
3143,N2C,4,9.9552,2.0,1,24.07,0.088
3143,S2C,4,9.3409,2.0,1,25.65,0.0968
3143,E2C,4,11.3373,0.0,0,21.13,0.0608
3143,W2C,4,10.6918,0.0,0,22.41,0.0701
3144,N2C,4,9.4563,3.0,1,25.34,0.0958
3144,S2C,4,8.6063,3.0,1,27.84,0.1081
3144,E2C,3,12.7451,0.0,0,18.8,0.0345
3144,W2C,3,12.2823,0.0,0,19.51,0.0411
3145,N2C,5,9.6595,4.0,1,24.8,0.0996
3145,S2C,5,8.5826,4.0,1,27.92,0.1151
3145,E2C,3,12.6788,0.0,0,18.9,0.0354
3145,W2C,4,12.5554,0.0,0,19.08,0.0432
3146,N2C,5,8.6164,5.0,1,27.81,0.1153
3146,S2C,5,7.9259,5.0,1,30.23,0.1252
3146,E2C,3,12.4203,0.0,0,19.29,0.0392
3146,W2C,4,12.2493,0.0,0,19.56,0.0476
3147,N2C,5,7.8689,6.0,1,30.45,0.1267
3147,S2C,5,7.4236,6.0,1,32.28,0.1331
3147,E2C,3,12.6703,0.0,0,18.91,0.0356
3147,W2C,4,12.5448,0.0,0,19.1,0.0434
3148,N2C,5,8.0723,8.0,2,29.68,0.1311
3148,S2C,5,7.3079,7.0,1,32.79,0.1354
3148,E2C,3,12.7399,0.0,0,18.81,0.0346
3148,W2C,3,12.723,0.0,0,18.83,0.0348
3149,N2C,5,7.9541,10.0,2,30.12,0.1341
3149,S2C,5,7.2928,9.0,2,32.85,0.143
3149,E2C,3,12.6056,0.0,0,19.01,0.0365
3149,W2C,3,13.0496,0.0,0,18.36,0.0301
3150,N2C,5,7.0515,12.0,2,33.98,0.1485
3150,S2C,5,6.9146,11.0,2,34.65,0.1498
3150,E2C,3,12.5242,0.0,0,19.13,0.0377
3150,W2C,3,12.8036,0.0,0,18.71,0.0336
3151,N2C,6,7.3963,14.0,2,32.39,0.1508
3151,S2C,6,7.3631,13.0,2,32.54,0.1506
3151,E2C,4,12.4913,0.0,0,19.18,0.0441
3151,W2C,4,12.6597,0.0,0,18.93,0.0417
3152,N2C,6,6.5902,16.0,2,36.36,0.1638
3152,S2C,6,6.575,15.0,2,36.44,0.1633
3152,E2C,4,12.4318,0.0,0,19.27,0.045
3152,W2C,4,12.4975,0.0,0,19.17,0.044
3153,N2C,6,6.5646,18.0,2,36.5,0.1655
3153,S2C,6,6.2032,17.0,2,38.63,0.17
3153,E2C,3,12.3423,0.0,0,19.41,0.0403
3153,W2C,3,12.9154,0.0,0,18.55,0.032
3154,N2C,6,6.7233,21.0,3,35.64,0.1712
3154,S2C,6,6.2124,20.0,3,38.57,0.1779
3154,E2C,3,12.6393,0.0,0,18.96,0.036
3154,W2C,3,13.2737,0.0,0,18.05,0.0269
3155,N2C,6,6.4195,24.0,3,37.32,0.1776
3155,S2C,6,6.1671,23.0,3,38.85,0.1805
3155,E2C,3,12.6736,0.0,0,18.91,0.0355
3155,W2C,3,12.9932,0.0,0,18.44,0.0309
3156,N2C,6,5.9712,27.0,3,40.13,0.186
3156,S2C,6,6.2747,26.0,3,38.18,0.181
3156,E2C,3,12.8217,0.0,0,18.69,0.0334
3156,W2C,3,12.941,0.0,0,18.51,0.0317
3157,N2C,7,5.947,30.0,3,40.29,0.1944
3157,S2C,7,7.1125,29.0,3,33.69,0.1769
3157,E2C,3,12.6119,0.0,0,19.0,0.0364
3157,W2C,3,13.5568,0.0,0,17.67,0.0228
3158,N2C,7,5.3828,33.0,3,44.51,0.2045
3158,S2C,7,7.3308,32.0,3,32.68,0.1758
3158,E2C,3,12.6588,0.0,0,18.93,0.0357
3158,W2C,3,13.0488,0.0,0,18.36,0.0301
3159,N2C,7,5.4826,37.0,4,43.7,0.2117
3159,S2C,7,7.0737,35.0,3,33.87,0.1815
3159,E2C,3,12.9574,0.0,0,18.49,0.0314
3159,W2C,3,13.0395,0.0,0,18.37,0.0302
3160,N2C,7,5.3621,41.0,4,44.68,0.2161
3160,S2C,7,6.3159,38.0,3,37.94,0.1944
3160,E2C,3,12.4244,0.0,0,19.28,0.0391
3160,W2C,3,12.4924,0.0,0,19.18,0.0381
3161,N2C,7,4.9824,45.0,4,48.09,0.2243
3161,S2C,7,6.2697,41.0,3,38.22,0.1971
3161,E2C,3,12.5547,0.0,0,19.08,0.0372
3161,W2C,3,13.1536,0.0,0,18.22,0.0286
3162,N2C,7,4.3112,49.0,4,55.58,0.2366
3162,S2C,7,5.3302,44.0,3,44.95,0.2126
3162,E2C,3,12.6999,0.0,0,18.87,0.0351
3162,W2C,3,13.0191,0.0,0,18.4,0.0305
3163,N2C,8,4.9646,53.0,4,48.26,0.2358
3163,S2C,8,5.3839,47.0,3,44.5,0.2198
3163,E2C,4,12.6234,0.0,0,18.98,0.0422
3163,W2C,3,13.1038,0.0,0,18.28,0.0293
3164,N2C,8,4.611,57.0,4,51.96,0.2436
3164,S2C,8,5.0289,50.0,3,47.64,0.2269
3164,E2C,4,12.9341,0.0,0,18.52,0.0378
3164,W2C,3,13.1652,0.0,0,18.2,0.0284
3165,N2C,8,4.5164,62.0,5,53.05,0.2543
3165,S2C,8,4.9686,54.0,4,48.22,0.2365
3165,E2C,3,13.0635,0.0,0,18.34,0.0299
3165,W2C,3,12.5182,0.0,0,19.14,0.0378
3166,N2C,8,4.5491,67.0,5,52.67,0.2572
3166,S2C,8,5.0045,59.0,5,47.88,0.2453
3166,E2C,3,13.0019,0.0,0,18.43,0.0308
3166,W2C,3,12.9889,0.0,0,18.45,0.031
3167,N2C,8,4.6441,72.0,5,51.59,0.2591
3167,S2C,8,4.9399,64.0,5,48.5,0.2495
3167,E2C,3,12.7509,0.0,0,18.79,0.0344
3167,W2C,3,13.1261,0.0,0,18.25,0.029
3168,N2C,8,4.1255,77.0,5,58.08,0.2699
3168,S2C,8,4.1381,69.0,5,57.9,0.2644
3168,E2C,3,12.8068,0.0,0,18.71,0.0336
3168,W2C,3,12.8177,0.0,0,18.69,0.0334
3169,N2C,7,6.0144,32.0,3,39.84,0.1947
3169,S2C,7,6.2176,25.0,3,38.54,0.1871
3169,E2C,4,12.7564,0.0,0,18.78,0.0403
3169,W2C,4,12.6387,0.0,0,18.96,0.042
3170,N2C,7,5.8211,6.0,1,41.16,0.1682
3170,S2C,7,6.285,5.0,1,38.12,0.1608
3170,E2C,4,11.5464,0.0,0,20.75,0.0577
3170,W2C,4,11.3852,0.0,0,21.04,0.0601
3171,N2C,7,6.6326,0.0,0,36.12,0.1465
3171,S2C,7,6.995,0.0,0,34.25,0.1413
3171,E2C,4,10.4739,0.0,0,22.88,0.0732
3171,W2C,4,10.4843,0.0,0,22.85,0.073
3172,N2C,5,8.279,0.0,0,28.94,0.1108
3172,S2C,5,9.1969,0.0,0,26.05,0.0976
3172,E2C,4,10.0078,0.0,0,23.94,0.0799
3172,W2C,4,9.9119,0.0,0,24.17,0.0813
3173,N2C,5,9.214,0.0,0,26.0,0.0973
3173,S2C,5,9.0895,0.0,0,26.36,0.0991
3173,E2C,4,9.4344,1.0,1,25.4,0.0948
3173,W2C,4,9.8338,0.0,0,24.37,0.0824
3174,N2C,5,9.7567,0.0,0,24.56,0.0895
3174,S2C,3,11.8219,0.0,0,20.27,0.0478
3174,E2C,4,9.1245,2.0,1,26.26,0.1
3174,W2C,4,9.715,1.0,1,24.66,0.0908
3175,N2C,4,12.2125,0.0,0,19.62,0.0482
3175,S2C,4,12.087,0.0,0,19.82,0.05
3175,E2C,5,9.3586,3.0,1,25.6,0.1032
3175,W2C,5,9.8647,2.0,1,24.29,0.0953
3176,N2C,4,12.224,0.0,0,19.6,0.048
3176,S2C,3,13.3188,0.0,0,17.99,0.0262
3176,E2C,5,8.3463,4.0,1,28.71,0.1185
3176,W2C,5,8.9474,3.0,1,26.78,0.1092
3177,N2C,4,12.0972,0.0,0,19.81,0.0498
3177,S2C,3,13.1296,0.0,0,18.25,0.0289
3177,E2C,5,7.7952,6.0,2,30.74,0.1338
3177,W2C,5,8.0007,4.0,1,29.95,0.1235
3178,N2C,4,11.932,0.0,0,20.08,0.0522
3178,S2C,3,13.262,0.0,0,18.07,0.027
3178,E2C,5,7.6465,8.0,2,31.33,0.1372
3178,W2C,5,7.9528,5.0,1,30.13,0.1248
3179,N2C,4,12.0227,0.0,0,19.93,0.0509
3179,S2C,3,12.9799,0.0,0,18.46,0.0311
3179,E2C,5,7.6491,10.0,2,31.32,0.1385
3179,W2C,5,7.6366,7.0,2,31.38,0.1367
3180,N2C,3,12.5396,0.0,0,19.11,0.0374
3180,S2C,3,13.138,0.0,0,18.24,0.0288
3180,E2C,5,7.0586,12.0,2,33.94,0.1484
3180,W2C,5,6.8916,9.0,2,34.77,0.1488
3181,N2C,3,12.571,0.0,0,19.06,0.037
3181,S2C,3,13.7488,0.0,0,17.43,0.02
3181,E2C,6,7.0943,14.0,2,33.77,0.1552
3181,W2C,6,7.1792,11.0,2,33.37,0.152
3182,N2C,3,12.573,0.0,0,19.06,0.037
3182,S2C,3,13.4116,0.0,0,17.87,0.0249
3182,E2C,6,6.3002,16.0,2,38.03,0.168
3182,W2C,6,6.4398,13.0,2,37.21,0.1639
3183,N2C,3,12.7349,0.0,0,18.81,0.0346
3183,S2C,3,12.9792,0.0,0,18.46,0.0311
3183,E2C,6,6.0642,18.0,2,39.51,0.1727
3183,W2C,6,6.6004,15.0,2,36.3,0.163
3184,N2C,3,12.6266,0.0,0,18.98,0.0362
3184,S2C,3,13.2601,0.0,0,18.07,0.0271
3184,E2C,6,6.2657,21.0,3,38.24,0.1778
3184,W2C,6,6.3675,18.0,3,37.63,0.1743
3185,N2C,3,12.738,0.0,0,18.81,0.0346
3185,S2C,3,12.8632,0.0,0,18.63,0.0328
3185,E2C,6,6.0967,24.0,3,39.3,0.1822
3185,W2C,6,6.375,21.0,3,37.58,0.1762
3186,N2C,3,12.5088,0.0,0,19.15,0.0379
3186,S2C,3,13.5859,0.0,0,17.64,0.0224
3186,E2C,6,6.1422,27.0,3,39.01,0.1836
3186,W2C,6,5.7221,24.0,3,41.87,0.1876
3187,N2C,3,12.7128,0.0,0,18.85,0.035
3187,S2C,3,12.583,0.0,0,19.04,0.0368
3187,E2C,7,7.1163,30.0,3,33.67,0.1775
3187,W2C,7,6.2368,27.0,3,38.42,0.1882
3188,N2C,3,12.4152,0.0,0,19.3,0.0392
3188,S2C,3,12.9689,0.0,0,18.48,0.0313
3188,E2C,7,6.3365,33.0,3,37.81,0.1908
3188,W2C,7,5.5048,30.0,3,43.53,0.2007
3189,N2C,3,12.4627,0.0,0,19.23,0.0386
3189,S2C,3,12.4651,0.0,0,19.22,0.0385
3189,E2C,7,5.6159,36.0,3,42.66,0.2031
3189,W2C,7,5.6317,33.0,3,42.54,0.2009
3190,N2C,3,12.2868,0.0,0,19.5,0.0411
3190,S2C,3,12.6675,0.0,0,18.91,0.0356
3190,E2C,7,5.5806,39.0,3,42.93,0.2056
3190,W2C,7,5.5563,36.0,3,43.12,0.204
3191,N2C,3,12.3762,0.0,0,19.36,0.0398
3191,S2C,3,12.8797,0.0,0,18.6,0.0325
3191,E2C,7,5.0935,43.0,4,47.04,0.2213
3191,W2C,7,5.3715,40.0,4,44.61,0.2153
3192,N2C,3,12.4635,0.0,0,19.22,0.0385
3192,S2C,3,12.3791,0.0,0,19.36,0.0398
3192,E2C,7,4.7296,47.0,4,50.66,0.2292
3192,W2C,7,5.346,44.0,4,44.82,0.2184
3193,N2C,4,12.8371,0.0,0,18.66,0.0392
3193,S2C,3,12.3673,0.0,0,19.37,0.0399
3193,E2C,8,5.2756,51.0,4,45.42,0.23
3193,W2C,8,5.7769,48.0,4,41.48,0.2208
3194,N2C,4,12.6994,0.0,0,18.87,0.0411
3194,S2C,3,12.6064,0.0,0,19.01,0.0365
3194,E2C,8,4.6993,55.0,4,50.99,0.241
3194,W2C,8,5.2933,52.0,4,45.26,0.2304
3195,N2C,3,13.1407,0.0,0,18.23,0.0288
3195,S2C,3,12.038,0.0,0,19.9,0.0447
3195,E2C,8,4.7109,60.0,5,50.86,0.2502
3195,W2C,8,4.7773,56.0,4,50.15,0.2405
3196,N2C,3,12.6994,0.0,0,18.87,0.0351
3196,S2C,3,12.5726,0.0,0,19.06,0.037
3196,E2C,8,4.7505,65.0,5,50.44,0.2529
3196,W2C,8,4.848,61.0,5,49.42,0.2489
3197,N2C,3,12.8311,0.0,0,18.67,0.0332
3197,S2C,3,12.8176,0.0,0,18.69,0.0334
3197,E2C,8,4.6946,70.0,5,51.04,0.2571
3197,W2C,8,4.4973,66.0,5,53.28,0.2572
3198,N2C,3,12.7163,0.0,0,18.84,0.0349
3198,S2C,3,12.7648,0.0,0,18.77,0.0342
3198,E2C,8,4.6515,75.0,5,51.51,0.261
3198,W2C,8,4.1756,71.0,5,57.38,0.2652
3199,N2C,4,11.795,0.0,0,20.31,0.0542
3199,S2C,3,12.4538,0.0,0,19.24,0.0387
3199,E2C,9,5.7508,80.0,5,41.66,0.2545
3199,W2C,9,4.5611,76.0,5,52.53,0.269
3200,N2C,4,10.7349,0.0,0,22.32,0.0694
3200,S2C,3,12.2949,0.0,0,19.49,0.041
3200,E2C,9,5.4652,85.0,5,43.84,0.262
3200,W2C,9,3.9644,81.0,5,60.44,0.2809
3201,N2C,4,9.579,0.0,0,25.01,0.0861
3201,S2C,3,12.383,0.0,0,19.35,0.0397
3201,E2C,9,4.8805,90.0,5,49.09,0.2737
3201,W2C,9,3.9619,86.0,5,60.48,0.2843
3202,N2C,4,9.1493,1.0,1,26.19,0.0989
3202,S2C,3,12.541,0.0,0,19.11,0.0374
3202,E2C,7,5.8174,39.0,3,41.19,0.2022
3202,W2C,7,5.1831,39.0,4,46.23,0.2174
3203,N2C,4,9.0584,2.0,1,26.45,0.1009
3203,S2C,3,12.4565,0.0,0,19.23,0.0386
3203,E2C,7,5.4891,9.0,1,43.65,0.175
3203,W2C,7,5.4297,10.0,2,44.13,0.1825
3204,N2C,4,9.0723,3.0,1,26.41,0.1014
3204,S2C,3,12.4288,0.0,0,19.28,0.039
3204,E2C,7,5.4926,0.0,0,43.62,0.1629
3204,W2C,7,5.3974,0.0,0,44.39,0.1643
3205,N2C,5,9.7426,4.0,1,24.59,0.0984
3205,S2C,4,13.0708,0.0,0,18.33,0.0358
3205,E2C,6,7.4849,0.0,0,32.01,0.1282
3205,W2C,6,7.0369,0.0,0,34.05,0.1347
3206,N2C,5,8.7084,5.0,1,27.51,0.1139
3206,S2C,4,12.7535,0.0,0,18.79,0.0404
3206,E2C,6,8.3452,0.0,0,28.71,0.1158
3206,W2C,6,7.3933,0.0,0,32.41,0.1295
3207,N2C,5,8.2225,6.0,1,29.14,0.1216
3207,S2C,4,12.1215,0.0,0,19.77,0.0495
3207,E2C,6,9.1649,0.0,0,26.14,0.104
3207,W2C,6,8.3307,0.0,0,28.76,0.116
3208,N2C,5,7.5826,7.0,1,31.6,0.1315
3208,S2C,4,11.5598,0.0,0,20.73,0.0576
3208,E2C,4,11.1328,0.0,0,21.52,0.0637
3208,W2C,4,9.9858,0.0,0,23.99,0.0802
3209,N2C,5,7.4287,9.0,2,32.25,0.141
3209,S2C,4,10.5123,0.0,0,22.79,0.0726
3209,E2C,4,11.6342,0.0,0,20.59,0.0565
3209,W2C,4,10.6328,0.0,0,22.53,0.0709
3210,N2C,5,6.8231,11.0,2,35.12,0.1511
3210,S2C,4,9.6674,1.0,1,24.78,0.0915
3210,E2C,3,12.7469,0.0,0,18.8,0.0345
3210,W2C,3,11.2133,0.0,0,21.37,0.0565
3211,N2C,6,7.058,13.0,2,33.95,0.155
3211,S2C,5,10.0143,2.0,1,23.93,0.0931
3211,E2C,3,13.2951,0.0,0,18.02,0.0266
3211,W2C,4,11.4523,0.0,0,20.92,0.0591
3212,N2C,6,6.0591,15.0,2,39.54,0.1708
3212,S2C,5,9.0037,3.0,1,26.61,0.1084
3212,E2C,3,12.6637,0.0,0,18.92,0.0357
3212,W2C,3,11.7469,0.0,0,20.4,0.0489
3213,N2C,6,6.264,17.0,2,38.25,0.1691
3213,S2C,5,8.5231,4.0,1,28.11,0.1159
3213,E2C,3,12.9051,0.0,0,18.57,0.0322
3213,W2C,3,11.8942,0.0,0,20.14,0.0467
3214,N2C,6,6.1916,20.0,3,38.7,0.1782
3214,S2C,5,7.8753,5.0,1,30.42,0.1259
3214,E2C,3,13.0117,0.0,0,18.41,0.0306
3214,W2C,3,12.0823,0.0,0,19.83,0.044
3215,N2C,6,5.9268,23.0,3,40.43,0.184
3215,S2C,5,7.722,7.0,2,31.03,0.1355
3215,E2C,3,13.0908,0.0,0,18.3,0.0295
3215,W2C,3,11.6823,0.0,0,20.51,0.0498
3216,N2C,6,6.1402,26.0,3,39.02,0.1829
3216,S2C,5,7.0434,9.0,2,34.02,0.1466
3216,E2C,3,12.6533,0.0,0,18.94,0.0358
3216,W2C,3,11.5776,0.0,0,20.7,0.0513
3217,N2C,7,7.1257,29.0,3,33.62,0.1767
3217,S2C,6,7.2885,11.0,2,32.87,0.1504
3217,E2C,4,13.0584,0.0,0,18.35,0.036
3217,W2C,4,11.775,0.0,0,20.35,0.0545
3218,N2C,7,6.9712,32.0,3,34.37,0.181
3218,S2C,6,6.532,13.0,2,36.68,0.1626
3218,E2C,3,13.2627,0.0,0,18.07,0.027
3218,W2C,4,11.5118,0.0,0,20.81,0.0582
3219,N2C,7,7.0947,35.0,3,33.77,0.1812
3219,S2C,6,6.4336,16.0,3,37.24,0.172
3219,E2C,3,12.9635,0.0,0,18.48,0.0313
3219,W2C,4,11.5494,0.0,0,20.75,0.0577
3220,N2C,7,6.6152,38.0,3,36.22,0.1901
3220,S2C,6,6.2885,19.0,3,38.1,0.1761
3220,E2C,3,13.0512,0.0,0,18.36,0.0301
3220,W2C,4,11.5699,0.0,0,20.71,0.0574
3221,N2C,7,5.7768,41.0,3,41.48,0.2042
3221,S2C,6,6.3103,22.0,3,37.97,0.1778
3221,E2C,3,12.9397,0.0,0,18.52,0.0317
3221,W2C,4,11.6738,0.0,0,20.52,0.0559
3222,N2C,7,4.6934,44.0,3,51.05,0.2218
3222,S2C,6,5.6207,25.0,3,42.63,0.1897
3222,E2C,3,13.163,0.0,0,18.2,0.0285
3222,W2C,3,11.8849,0.0,0,20.16,0.0469
3223,N2C,8,5.2463,47.0,3,45.67,0.2218
3223,S2C,7,6.1236,28.0,3,39.13,0.1905
3223,E2C,4,13.041,0.0,0,18.37,0.0362
3223,W2C,4,12.3476,0.0,0,19.4,0.0462
3224,N2C,8,4.8854,50.0,3,49.04,0.229
3224,S2C,7,5.5221,32.0,4,43.39,0.2078
3224,E2C,3,13.182,0.0,0,18.18,0.0282
3224,W2C,4,12.4698,0.0,0,19.21,0.0444
3225,N2C,8,4.6924,54.0,4,51.06,0.2404
3225,S2C,7,5.55,36.0,4,43.17,0.2101
3225,E2C,3,13.3291,0.0,0,17.98,0.0261
3225,W2C,4,12.2475,0.0,0,19.56,0.0476
3226,N2C,8,4.8126,58.0,4,49.79,0.2414
3226,S2C,7,5.4902,40.0,4,43.64,0.2136
3226,E2C,3,13.1198,0.0,0,18.26,0.0291
3226,W2C,4,12.4882,0.0,0,19.19,0.0442
3227,N2C,8,4.6951,63.0,5,51.03,0.2524
3227,S2C,7,5.5263,44.0,4,43.36,0.2158
3227,E2C,3,13.0795,0.0,0,18.32,0.0297
3227,W2C,4,12.159,0.0,0,19.71,0.0489
3228,N2C,8,4.6925,68.0,5,51.06,0.2558
3228,S2C,7,5.0937,48.0,4,47.04,0.2247
3228,E2C,3,13.2539,0.0,0,18.08,0.0272
3228,W2C,3,13.1417,0.0,0,18.23,0.0288
3229,N2C,9,4.9842,73.0,5,48.07,0.2609
3229,S2C,8,5.627,52.0,4,42.58,0.2256
3229,E2C,3,13.2239,0.0,0,18.12,0.0276
3229,W2C,3,12.6162,0.0,0,18.99,0.0363
3230,N2C,9,4.664,78.0,5,51.37,0.2688
3230,S2C,8,5.0813,56.0,4,47.15,0.2362
3230,E2C,3,13.3524,0.0,0,17.94,0.0257
3230,W2C,4,12.7377,0.0,0,18.81,0.0406
3231,N2C,9,4.145,84.0,6,57.81,0.2863
3231,S2C,8,4.8367,60.0,4,49.54,0.2424
3231,E2C,3,13.1896,0.0,0,18.17,0.0281
3231,W2C,3,12.9453,0.0,0,18.51,0.0316
3232,N2C,9,4.1592,90.0,6,57.61,0.2901
3232,S2C,8,4.8908,65.0,5,48.99,0.2509
3232,E2C,3,13.2341,0.0,0,18.1,0.0274
3232,W2C,3,13.224,0.0,0,18.12,0.0276
3233,N2C,9,3.6117,96.0,6,66.34,0.302
3233,S2C,8,4.8305,70.0,5,49.6,0.2551
3233,E2C,3,13.378,0.0,0,17.91,0.0254
3233,W2C,3,12.9895,0.0,0,18.45,0.031
3234,N2C,9,3.1397,102.0,6,76.31,0.3128
3234,S2C,8,4.7875,75.0,5,50.05,0.2591
3234,E2C,3,12.4136,0.0,0,19.3,0.0393
3234,W2C,3,11.6732,0.0,0,20.53,0.0499
3235,N2C,8,4.5992,47.0,4,52.1,0.2371
3235,S2C,7,6.898,33.0,3,34.73,0.1827
3235,E2C,4,11.3337,0.0,0,21.14,0.0608
3235,W2C,4,11.4031,0.0,0,21.01,0.0598
3236,N2C,8,4.8567,17.0,3,49.33,0.2074
3236,S2C,7,6.9382,5.0,1,34.53,0.1514
3236,E2C,4,9.9457,0.0,0,24.09,0.0808
3236,W2C,4,10.4105,0.0,0,23.02,0.0741
3237,N2C,8,5.7276,2.0,1,41.83,0.1729
3237,S2C,7,7.268,0.0,0,32.97,0.1373
3237,E2C,4,9.9693,0.0,0,24.03,0.0805
3237,W2C,4,10.1171,0.0,0,23.68,0.0783
3238,N2C,6,7.195,0.0,0,33.3,0.1324
3238,S2C,5,9.069,0.0,0,26.42,0.0994
3238,E2C,4,9.8096,0.0,0,24.43,0.0828
3238,W2C,4,9.7052,0.0,0,24.69,0.0843
3239,N2C,6,7.7716,0.0,0,30.83,0.1241
3239,S2C,5,9.2219,0.0,0,25.98,0.0972
3239,E2C,4,9.5331,1.0,1,25.13,0.0934
3239,W2C,4,9.7953,1.0,1,24.46,0.0896
3240,N2C,5,8.7212,0.0,0,27.47,0.1044
3240,S2C,3,11.6654,0.0,0,20.54,0.05
3240,E2C,4,9.3022,2.0,1,25.76,0.0974
3240,W2C,4,9.1342,2.0,1,26.23,0.0998
3241,N2C,5,10.4779,0.0,0,22.87,0.0791
3241,S2C,4,11.8443,0.0,0,20.23,0.0535
3241,E2C,5,8.9451,3.0,1,26.79,0.1092
3241,W2C,5,9.2156,3.0,1,26.0,0.1053
3242,N2C,5,10.8898,0.0,0,22.0,0.0732
3242,S2C,4,12.2656,0.0,0,19.53,0.0474
3242,E2C,5,8.3386,4.0,1,28.73,0.1186
3242,W2C,5,8.0625,4.0,1,29.72,0.1226
3243,N2C,3,11.9222,0.0,0,20.1,0.0463
3243,S2C,3,13.3843,0.0,0,17.9,0.0253
3243,E2C,5,7.6533,5.0,1,31.31,0.1291
3243,W2C,5,7.6312,5.0,1,31.4,0.1295
3244,N2C,3,11.864,0.0,0,20.2,0.0472
3244,S2C,3,13.3877,0.0,0,17.9,0.0252
3244,E2C,5,7.4286,6.0,1,32.25,0.133
3244,W2C,5,7.4872,7.0,2,32.0,0.1389
3245,N2C,3,12.1085,0.0,0,19.79,0.0437
3245,S2C,3,13.0054,0.0,0,18.42,0.0307
3245,E2C,5,7.6004,8.0,2,31.52,0.1379
3245,W2C,5,7.4333,9.0,2,32.23,0.141
3246,N2C,3,12.136,0.0,0,19.74,0.0433
3246,S2C,3,13.4029,0.0,0,17.88,0.025
3246,E2C,5,6.7655,10.0,2,35.41,0.1513
3246,W2C,5,7.5478,11.0,2,31.74,0.1407
3247,N2C,4,12.3,0.0,0,19.48,0.0469
3247,S2C,3,13.85,0.0,0,17.3,0.0186
3247,E2C,6,7.1691,12.0,2,33.42,0.1528
3247,W2C,6,8.4046,13.0,2,28.51,0.1357
3248,N2C,4,12.0018,0.0,0,19.96,0.0512
3248,S2C,3,13.0233,0.0,0,18.4,0.0305
3248,E2C,6,6.3331,14.0,2,37.83,0.1661
3248,W2C,6,8.3236,15.0,2,28.79,0.1382
3249,N2C,4,12.2866,0.0,0,19.5,0.0471
3249,S2C,3,13.1677,0.0,0,18.2,0.0284
3249,E2C,6,6.2077,16.0,2,38.6,0.1693
3249,W2C,6,7.6724,17.0,2,31.23,0.1489
3250,N2C,4,11.9704,0.0,0,20.02,0.0516
3250,S2C,3,13.1273,0.0,0,18.25,0.029
3250,E2C,6,6.1226,19.0,3,39.13,0.1785
3250,W2C,6,6.8382,19.0,2,35.04,0.1622
3251,N2C,3,12.6764,0.0,0,18.9,0.0355
3251,S2C,3,13.3962,0.0,0,17.89,0.0251
3251,E2C,6,6.1251,22.0,3,39.12,0.1805
3251,W2C,6,6.5568,21.0,2,36.54,0.1676
3252,N2C,3,12.4814,0.0,0,19.2,0.0383
3252,S2C,3,13.4217,0.0,0,17.85,0.0247
3252,E2C,6,6.1286,25.0,3,39.1,0.1824
3252,W2C,6,5.7425,24.0,3,41.72,0.1873
3253,N2C,4,13.1,0.0,0,18.29,0.0354
3253,S2C,3,13.4942,0.0,0,17.76,0.0237
3253,E2C,7,6.8583,28.0,3,34.94,0.1799
3253,W2C,7,6.1748,27.0,3,38.8,0.1891
3254,N2C,3,12.7591,0.0,0,18.78,0.0343
3254,S2C,3,12.9782,0.0,0,18.46,0.0311
3254,E2C,7,6.274,31.0,3,38.19,0.1903
3254,W2C,7,5.6419,30.0,3,42.47,0.1988
3255,N2C,3,12.7748,0.0,0,18.76,0.0341
3255,S2C,3,13.3717,0.0,0,17.92,0.0255
3255,E2C,7,5.6706,34.0,3,42.25,0.201
3255,W2C,7,5.2226,34.0,4,45.88,0.2135
3256,N2C,3,12.698,0.0,0,18.87,0.0352
3256,S2C,3,13.2404,0.0,0,18.1,0.0274
3256,E2C,7,5.4455,37.0,3,44.0,0.2063
3256,W2C,7,5.3213,38.0,4,45.03,0.2147
3257,N2C,3,12.9202,0.0,0,18.54,0.032
3257,S2C,3,13.3551,0.0,0,17.94,0.0257
3257,E2C,7,5.3965,40.0,3,44.4,0.209
3257,W2C,7,5.4594,42.0,4,43.89,0.2154
3258,N2C,3,13.0503,0.0,0,18.36,0.0301
3258,S2C,3,13.1545,0.0,0,18.21,0.0286
3258,E2C,7,5.2353,44.0,4,45.77,0.22
3258,W2C,7,5.1229,46.0,4,46.77,0.2229
3259,N2C,3,12.765,0.0,0,18.77,0.0342
3259,S2C,3,13.5226,0.0,0,17.72,0.0233
3259,E2C,8,6.3634,48.0,4,37.65,0.2124
3259,W2C,8,5.5869,50.0,4,42.89,0.2249
3260,N2C,3,12.6099,0.0,0,19.0,0.0364
3260,S2C,3,13.4653,0.0,0,17.79,0.0241
3260,E2C,8,5.7554,52.0,4,41.63,0.2238
3260,W2C,8,4.8821,54.0,4,49.08,0.2377
3261,N2C,3,12.653,0.0,0,18.94,0.0358
3261,S2C,3,12.8426,0.0,0,18.66,0.0331
3261,E2C,8,5.1539,56.0,4,46.49,0.2351
3261,W2C,8,4.9722,58.0,4,48.19,0.2391
3262,N2C,3,12.2352,0.0,0,19.58,0.0418
3262,S2C,3,13.1219,0.0,0,18.26,0.0291
3262,E2C,8,4.8836,60.0,4,49.06,0.2417
3262,W2C,8,4.7158,62.0,4,50.81,0.2454
3263,N2C,3,12.4026,0.0,0,19.32,0.0394
3263,S2C,3,13.1829,0.0,0,18.18,0.0282
3263,E2C,8,4.8186,65.0,5,49.72,0.252
3263,W2C,8,4.5878,67.0,5,52.23,0.2566
3264,N2C,3,12.1373,0.0,0,19.74,0.0432
3264,S2C,3,13.3457,0.0,0,17.95,0.0258
3264,E2C,8,4.4523,70.0,5,53.81,0.2606
3264,W2C,8,4.2361,72.0,5,56.56,0.265
3265,N2C,4,12.9489,0.0,0,18.5,0.0376
3265,S2C,3,13.2862,0.0,0,18.03,0.0267
3265,E2C,9,5.0523,75.0,5,47.42,0.2613
3265,W2C,9,4.5208,77.0,5,53.0,0.2702
3266,N2C,4,12.2363,0.0,0,19.58,0.0478
3266,S2C,3,13.2106,0.0,0,18.14,0.0278
3266,E2C,9,4.6092,80.0,5,51.98,0.271
3266,W2C,9,3.9434,82.0,5,60.76,0.2819
3267,N2C,4,11.1389,0.0,0,21.51,0.0636
3267,S2C,3,13.5018,0.0,0,17.75,0.0236
3267,E2C,9,4.3433,85.0,5,55.17,0.2781
3267,W2C,9,3.82,88.0,6,62.72,0.2937
3268,N2C,4,10.2841,0.0,0,23.3,0.0759
3268,S2C,3,12.7663,0.0,0,18.77,0.0342
3268,E2C,7,5.6061,37.0,4,42.74,0.2099
3268,W2C,7,5.0788,39.0,4,47.18,0.2189
3269,N2C,4,9.9318,0.0,0,24.12,0.081
3269,S2C,3,13.0817,0.0,0,18.32,0.0296
3269,E2C,7,5.531,9.0,2,43.32,0.1804
3269,W2C,7,5.5864,10.0,2,42.89,0.1802
3270,N2C,4,9.3196,0.0,0,25.71,0.0898
3270,S2C,3,12.3753,0.0,0,19.36,0.0398
3270,E2C,7,5.7589,0.0,0,41.61,0.1591
3270,W2C,7,5.9371,0.0,0,40.36,0.1565
3271,N2C,5,8.9825,1.0,1,26.67,0.1073
3271,S2C,4,11.9277,0.0,0,20.09,0.0523
3271,E2C,6,7.7239,0.0,0,31.02,0.1248
3271,W2C,6,8.2684,0.0,0,28.98,0.1169
3272,N2C,5,8.1105,2.0,1,29.54,0.1206
3272,S2C,4,10.8877,0.0,0,22.01,0.0672
3272,E2C,6,8.8123,0.0,0,27.19,0.1091
3272,W2C,6,8.0875,0.0,0,29.63,0.1195
3273,N2C,5,7.7004,3.0,1,31.12,0.1271
3273,S2C,4,10.2519,0.0,0,23.37,0.0764
3273,E2C,5,9.6616,0.0,0,24.8,0.0909
3273,W2C,5,9.2481,0.0,0,25.91,0.0968
3274,N2C,5,7.6926,4.0,1,31.15,0.1279
3274,S2C,4,10.0429,0.0,0,23.86,0.0794
3274,E2C,4,11.7471,0.0,0,20.4,0.0549
3274,W2C,4,10.5809,0.0,0,22.64,0.0716
3275,N2C,5,7.7129,6.0,2,31.06,0.1349
3275,S2C,4,9.8634,1.0,1,24.29,0.0886
3275,E2C,3,13.2365,0.0,0,18.1,0.0274
3275,W2C,4,11.4242,0.0,0,20.97,0.0595
3276,N2C,5,7.8593,8.0,2,30.49,0.1342
3276,S2C,4,9.7988,2.0,1,24.45,0.0902
3276,E2C,3,12.8012,0.0,0,18.72,0.0337
3276,W2C,3,12.4122,0.0,0,19.3,0.0393
3277,N2C,6,8.0416,10.0,2,29.79,0.1389
3277,S2C,5,9.6391,3.0,1,24.86,0.0992
3277,E2C,4,12.4222,0.0,0,19.29,0.0451
3277,W2C,4,12.6426,0.0,0,18.95,0.042
3278,N2C,6,7.2277,12.0,2,33.15,0.1519
3278,S2C,5,8.6972,4.0,1,27.55,0.1134
3278,E2C,3,12.6854,0.0,0,18.89,0.0353
3278,W2C,3,12.5865,0.0,0,19.04,0.0368
3279,N2C,6,6.7058,14.0,2,35.73,0.1608
3279,S2C,5,7.9699,5.0,1,30.06,0.1246
3279,E2C,3,12.7096,0.0,0,18.85,0.035
3279,W2C,3,12.7146,0.0,0,18.84,0.0349
3280,N2C,6,6.366,17.0,3,37.64,0.1737
3280,S2C,5,7.8609,7.0,2,30.48,0.1335
3280,E2C,3,12.2462,0.0,0,19.57,0.0417
3280,W2C,3,12.3794,0.0,0,19.35,0.0398
3281,N2C,6,6.2888,20.0,3,38.1,0.1768
3281,S2C,5,8.0216,9.0,2,29.87,0.1325
3281,E2C,3,12.3804,0.0,0,19.35,0.0397
3281,W2C,3,12.3364,0.0,0,19.42,0.0404
3282,N2C,6,5.5444,23.0,3,43.21,0.1895
3282,S2C,5,7.213,11.0,2,33.22,0.1455
3282,E2C,3,12.0339,0.0,0,19.91,0.0447
3282,W2C,3,12.7237,0.0,0,18.83,0.0348
3283,N2C,7,6.3319,26.0,3,37.84,0.1862
3283,S2C,6,7.6819,13.0,2,31.19,0.1461
3283,E2C,3,12.9381,0.0,0,18.52,0.0317
3283,W2C,4,12.6661,0.0,0,18.92,0.0416
3284,N2C,7,5.579,29.0,3,42.95,0.199
3284,S2C,6,6.8055,15.0,2,35.21,0.16
3284,E2C,3,12.7965,0.0,0,18.72,0.0337
3284,W2C,4,12.0113,0.0,0,19.95,0.0511
3285,N2C,7,5.47,32.0,3,43.8,0.2026
3285,S2C,6,6.6414,18.0,3,36.08,0.1704
3285,E2C,3,12.4252,0.0,0,19.28,0.0391
3285,W2C,4,12.3572,0.0,0,19.39,0.0461
3286,N2C,7,5.4911,36.0,4,43.63,0.2109
3286,S2C,6,6.5226,21.0,3,36.73,0.1741
3286,E2C,3,12.2612,0.0,0,19.54,0.0415
3286,W2C,4,12.4616,0.0,0,19.23,0.0446
3287,N2C,7,5.4389,40.0,4,44.05,0.2144
3287,S2C,6,6.6345,24.0,3,36.11,0.1745
3287,E2C,3,12.3338,0.0,0,19.43,0.0404
3287,W2C,4,12.7287,0.0,0,18.82,0.0407
3288,N2C,7,4.8327,44.0,4,49.58,0.2257
3288,S2C,6,5.9636,27.0,3,40.18,0.1861
3288,E2C,3,12.5211,0.0,0,19.14,0.0377
3288,W2C,3,12.8047,0.0,0,18.71,0.0336
3289,N2C,8,5.3531,48.0,4,44.76,0.2269
3289,S2C,7,6.3487,30.0,3,37.74,0.1886
3289,E2C,3,13.0243,0.0,0,18.4,0.0305
3289,W2C,2,12.5732,0.0,0,19.06,0.031
3290,N2C,8,4.7864,52.0,4,50.06,0.2377
3290,S2C,7,6.0489,33.0,3,39.61,0.1949
3290,E2C,3,12.6369,0.0,0,18.96,0.036
3290,W2C,3,13.3147,0.0,0,18.0,0.0263
3291,N2C,8,4.7323,56.0,4,50.63,0.2412
3291,S2C,7,5.7094,36.0,3,41.97,0.2018
3291,E2C,3,12.2966,0.0,0,19.48,0.0409
3291,W2C,3,13.2586,0.0,0,18.07,0.0271
3292,N2C,8,4.5916,61.0,5,52.18,0.2526
3292,S2C,7,5.5523,39.0,3,43.15,0.2061
3292,E2C,3,12.3062,0.0,0,19.47,0.0408
3292,W2C,3,13.4258,0.0,0,17.85,0.0247
3293,N2C,8,4.6533,66.0,5,51.49,0.255
3293,S2C,7,5.3239,43.0,4,45.0,0.218
3293,E2C,3,12.4613,0.0,0,19.23,0.0386
3293,W2C,3,13.4563,0.0,0,17.81,0.0242
3294,N2C,8,4.4942,71.0,5,53.31,0.2606
3294,S2C,7,4.7247,47.0,4,50.71,0.2293
3294,E2C,3,12.442,0.0,0,19.26,0.0388
3294,W2C,3,13.3527,0.0,0,17.94,0.0257
3295,N2C,9,5.3361,76.0,5,44.9,0.2578
3295,S2C,8,5.504,51.0,4,43.53,0.2267
3295,E2C,4,12.5518,0.0,0,19.09,0.0433
3295,W2C,3,13.0715,0.0,0,18.33,0.0298
3296,N2C,9,5.1347,81.0,5,46.66,0.2641
3296,S2C,8,4.9937,55.0,4,47.98,0.2368
3296,E2C,4,12.3566,0.0,0,19.39,0.0461
3296,W2C,3,13.4238,0.0,0,17.85,0.0247
3297,N2C,9,4.5835,86.0,5,52.27,0.2753
3297,S2C,8,4.9774,60.0,5,48.14,0.2463
3297,E2C,4,12.1529,0.0,0,19.72,0.049
3297,W2C,3,13.0166,0.0,0,18.41,0.0306
3298,N2C,9,4.2346,91.0,5,56.58,0.2837
3298,S2C,8,4.9435,65.0,5,48.47,0.2502
3298,E2C,4,11.8695,0.0,0,20.19,0.0531
3298,W2C,3,13.143,0.0,0,18.23,0.0288
3299,N2C,9,3.7463,97.0,6,63.96,0.3007
3299,S2C,8,4.6958,70.0,5,51.02,0.2571
3299,E2C,4,10.6422,0.0,0,22.51,0.0708
3299,W2C,3,13.1835,0.0,0,18.17,0.0282
3300,N2C,9,3.2936,103.0,6,72.75,0.3112
3300,S2C,8,4.2676,75.0,5,56.14,0.2666
3300,E2C,4,9.5763,0.0,0,25.02,0.0861
3300,W2C,3,12.5134,0.0,0,19.15,0.0378
3301,N2C,8,5.0519,51.0,4,47.43,0.2333
3301,S2C,7,6.1466,31.0,3,38.98,0.1922
3301,E2C,5,9.087,1.0,1,26.37,0.1058
3301,W2C,4,12.0847,0.0,0,19.83,0.05
3302,N2C,8,5.2093,16.0,3,45.99,0.2017
3302,S2C,7,6.1411,6.0,1,39.02,0.1636
3302,E2C,5,8.2923,2.0,1,28.89,0.1179
3302,W2C,4,10.8421,0.0,0,22.1,0.0679
3303,N2C,8,6.0868,2.0,1,39.36,0.1677
3303,S2C,7,6.9797,0.0,0,34.33,0.1415
3303,E2C,5,7.9735,3.0,1,30.05,0.1232
3303,W2C,4,9.9305,0.0,0,24.13,0.081
3304,N2C,6,7.555,0.0,0,31.71,0.1272
3304,S2C,5,8.7697,0.0,0,27.32,0.1037
3304,E2C,5,7.6875,4.0,1,31.17,0.128
3304,W2C,4,9.9884,1.0,1,23.99,0.0868
3305,N2C,6,8.2421,0.0,0,29.07,0.1173
3305,S2C,5,8.9112,0.0,0,26.89,0.1017
3305,E2C,5,7.5223,6.0,2,31.85,0.1377
3305,W2C,4,9.8393,2.0,1,24.35,0.0897
3306,N2C,5,8.9625,0.0,0,26.73,0.1009
3306,S2C,5,9.4943,0.0,0,25.24,0.0933
3306,E2C,5,7.1892,8.0,2,33.33,0.1438
3306,W2C,4,9.7928,3.0,1,24.47,0.091
3307,N2C,5,10.5266,0.0,0,22.76,0.0784
3307,S2C,4,11.8369,0.0,0,20.24,0.0536
3307,E2C,6,7.5236,10.0,2,31.85,0.1463
3307,W2C,5,10.2297,4.0,1,23.42,0.0914
3308,N2C,5,11.0918,0.0,0,21.6,0.0703
3308,S2C,4,12.0066,0.0,0,19.96,0.0511
3308,E2C,6,6.9374,12.0,2,34.54,0.1561
3308,W2C,5,9.5067,5.0,1,25.2,0.1024
3309,N2C,4,12.7651,0.0,0,18.77,0.0402
3309,S2C,3,13.415,0.0,0,17.86,0.0248
3309,E2C,6,6.3628,14.0,2,37.66,0.1657
3309,W2C,5,8.3736,6.0,1,28.61,0.1194
3310,N2C,3,13.1059,0.0,0,18.28,0.0293
3310,S2C,3,13.3782,0.0,0,17.91,0.0254
3310,E2C,6,6.4095,16.0,2,37.38,0.1664
3310,W2C,5,7.9072,7.0,1,30.3,0.1268
3311,N2C,3,13.1333,0.0,0,18.24,0.0289
3311,S2C,3,13.2234,0.0,0,18.12,0.0276
3311,E2C,6,6.5457,19.0,3,36.6,0.1724
3311,W2C,5,7.7392,9.0,2,30.96,0.1366
3312,N2C,3,12.9293,0.0,0,18.53,0.0318
3312,S2C,3,13.3228,0.0,0,17.98,0.0262
3312,E2C,6,6.3079,22.0,3,37.98,0.1778
3312,W2C,5,6.8261,11.0,2,35.1,0.151
3313,N2C,3,13.3477,0.0,0,17.95,0.0258
3313,S2C,3,13.422,0.0,0,17.85,0.0247
3313,E2C,7,7.3943,25.0,3,32.4,0.1702
3313,W2C,6,7.2393,13.0,2,33.1,0.1524
3314,N2C,3,13.0407,0.0,0,18.37,0.0302
3314,S2C,3,13.0466,0.0,0,18.36,0.0301
3314,E2C,7,6.7482,28.0,3,35.51,0.1815
3314,W2C,6,6.439,15.0,2,37.21,0.1653
3315,N2C,3,13.4325,0.0,0,17.84,0.0246
3315,S2C,3,12.8688,0.0,0,18.62,0.0327
3315,E2C,7,5.9767,31.0,3,40.09,0.1946
3315,W2C,6,6.4719,17.0,2,37.02,0.1661
3316,N2C,3,12.996,0.0,0,18.44,0.0309
3316,S2C,3,12.7741,0.0,0,18.76,0.0341
3316,E2C,7,5.6162,34.0,3,42.66,0.2018
3316,W2C,6,6.4542,20.0,3,37.12,0.1744
3317,N2C,3,13.6635,0.0,0,17.54,0.0213
3317,S2C,3,13.0291,0.0,0,18.39,0.0304
3317,E2C,7,5.5058,38.0,4,43.52,0.2121
3317,W2C,6,6.4909,23.0,3,36.91,0.1759
3318,N2C,3,13.4302,0.0,0,17.84,0.0246
3318,S2C,3,12.7234,0.0,0,18.83,0.0348
3318,E2C,7,4.6363,42.0,4,51.68,0.2272
3318,W2C,6,6.0148,26.0,3,39.83,0.1847
3319,N2C,3,13.4815,0.0,0,17.77,0.0239
3319,S2C,3,12.2317,0.0,0,19.59,0.0419
3319,E2C,8,5.1421,46.0,4,46.6,0.2286
3319,W2C,7,6.6459,29.0,3,36.05,0.1836
3320,N2C,3,13.2335,0.0,0,18.11,0.0275
3320,S2C,3,12.1199,0.0,0,19.77,0.0435
3320,E2C,8,4.7469,50.0,4,50.47,0.237
3320,W2C,7,6.1116,32.0,3,39.2,0.1933
3321,N2C,3,13.4167,0.0,0,17.86,0.0248
3321,S2C,3,12.2239,0.0,0,19.6,0.042
3321,E2C,8,4.7223,54.0,4,50.74,0.24
3321,W2C,7,5.6448,35.0,3,42.45,0.2021
3322,N2C,3,13.5205,0.0,0,17.72,0.0233
3322,S2C,3,12.4279,0.0,0,19.28,0.0391
3322,E2C,8,4.7989,58.0,4,49.93,0.2416
3322,W2C,7,5.657,39.0,4,42.35,0.2105
3323,N2C,3,13.3553,0.0,0,17.94,0.0257
3323,S2C,3,12.5151,0.0,0,19.14,0.0378
3323,E2C,8,4.6071,63.0,5,52.01,0.2537
3323,W2C,7,5.6297,43.0,4,42.56,0.2136
3324,N2C,3,13.2147,0.0,0,18.13,0.0277
3324,S2C,3,12.3107,0.0,0,19.46,0.0407
3324,E2C,8,3.9267,68.0,5,61.02,0.2668
3324,W2C,7,5.2645,47.0,4,45.51,0.2215
3325,N2C,3,12.3737,0.0,0,19.36,0.0398
3325,S2C,3,12.41,0.0,0,19.31,0.0393
3325,E2C,9,4.2323,73.0,5,56.61,0.2717
3325,W2C,8,5.5289,51.0,4,43.34,0.2264
3326,N2C,3,12.0042,0.0,0,19.96,0.0452
3326,S2C,3,12.1623,0.0,0,19.7,0.0429
3326,E2C,9,4.0452,78.0,5,59.23,0.2778
3326,W2C,8,4.8691,55.0,4,49.21,0.2386
3327,N2C,3,12.0114,0.0,0,19.95,0.0451
3327,S2C,3,12.0963,0.0,0,19.81,0.0438
3327,E2C,9,4.0322,84.0,6,59.42,0.2879
3327,W2C,8,4.762,60.0,5,50.31,0.2494
3328,N2C,3,12.4037,0.0,0,19.32,0.0394
3328,S2C,3,12.8336,0.0,0,18.67,0.0332
3328,E2C,9,3.8379,90.0,6,62.43,0.2947
3328,W2C,8,4.8107,65.0,5,49.81,0.2521
3329,N2C,3,11.5961,0.0,0,20.66,0.051
3329,S2C,3,12.8042,0.0,0,18.71,0.0336
3329,E2C,9,3.402,96.0,6,70.43,0.305
3329,W2C,8,4.5048,70.0,5,53.19,0.2598
3330,N2C,3,11.493,0.0,0,20.85,0.0525
3330,S2C,3,12.5776,0.0,0,19.05,0.0369
3330,E2C,9,2.9249,102.0,6,81.92,0.3159
3330,W2C,8,4.0265,75.0,5,59.51,0.27
3331,N2C,3,11.2939,0.0,0,21.21,0.0554
3331,S2C,4,12.4165,0.0,0,19.3,0.0452
3331,E2C,10,3.7887,108.0,6,63.24,0.3134
3331,W2C,9,4.6689,80.0,5,51.32,0.2701
3332,N2C,3,11.1324,0.0,0,21.52,0.0577
3332,S2C,4,10.9713,0.0,0,21.84,0.066
3332,E2C,10,3.5995,114.0,6,66.56,0.3202
3332,W2C,9,4.3645,85.0,5,54.9,0.2778
3333,N2C,3,11.6259,0.0,0,20.61,0.0506
3333,S2C,4,9.9632,0.0,0,24.05,0.0805
3333,E2C,10,3.5891,121.0,7,66.76,0.331
3333,W2C,9,4.1395,90.0,5,57.88,0.2844
3334,N2C,3,11.1635,0.0,0,21.46,0.0573
3334,S2C,4,9.5465,0.0,0,25.1,0.0865
3334,E2C,8,4.2842,64.0,5,55.93,0.259
3334,W2C,7,5.5962,41.0,4,42.82,0.2128
3335,N2C,3,11.1748,0.0,0,21.44,0.0571
3335,S2C,4,9.2322,1.0,1,25.95,0.0977
3335,E2C,8,4.716,25.0,3,50.81,0.2148
3335,W2C,7,5.2989,11.0,2,45.22,0.185
3336,N2C,3,10.6177,0.0,0,22.57,0.0651
3336,S2C,4,9.4367,2.0,1,25.39,0.0955
3336,E2C,8,5.5682,4.0,1,43.03,0.1765
3336,W2C,7,5.1621,0.0,0,46.42,0.1677
3337,N2C,4,10.2422,0.0,0,23.39,0.0765
3337,S2C,5,10.389,3.0,1,23.06,0.0884
3337,E2C,7,7.8604,0.0,0,30.48,0.1288
3337,W2C,7,6.8254,0.0,0,35.1,0.1437
3338,N2C,4,9.2501,0.0,0,25.9,0.0908
3338,S2C,5,10.1167,4.0,1,23.68,0.093
3338,E2C,7,8.309,0.0,0,28.84,0.1224
3338,W2C,6,7.9315,0.0,0,30.21,0.1218
3339,N2C,4,8.3184,1.0,1,28.8,0.1109
3339,S2C,5,10.1205,5.0,1,23.67,0.0936
3339,E2C,6,9.5021,0.0,0,25.22,0.0992
3339,W2C,6,8.4247,0.0,0,28.44,0.1147
3340,N2C,4,8.2318,2.0,1,29.11,0.1128
3340,S2C,5,9.4321,6.0,1,25.4,0.1042
3340,E2C,5,9.9959,0.0,0,23.97,0.0861
3340,W2C,4,10.7586,0.0,0,22.27,0.0691
3341,N2C,4,8.5239,3.0,1,28.11,0.1093
3341,S2C,5,8.1232,7.0,1,29.5,0.1237
3341,E2C,4,11.3128,0.0,0,21.18,0.0611
3341,W2C,4,11.0192,0.0,0,21.74,0.0653
3342,N2C,4,8.423,4.0,1,28.45,0.1114
3342,S2C,5,7.5052,8.0,1,31.92,0.1333
3342,E2C,3,12.5642,0.0,0,19.07,0.0371
3342,W2C,3,12.3216,0.0,0,19.45,0.0406
3343,N2C,5,8.9759,5.0,1,26.69,0.1101
3343,S2C,6,7.8301,9.0,1,30.6,0.1353
3343,E2C,4,12.6622,0.0,0,18.92,0.0417
3343,W2C,4,12.8091,0.0,0,18.71,0.0396
3344,N2C,5,9.0747,6.0,1,26.4,0.1093
3344,S2C,6,6.8618,11.0,2,34.92,0.1565
3344,E2C,4,13.0215,0.0,0,18.4,0.0365
3344,W2C,4,12.2176,0.0,0,19.61,0.0481
3345,N2C,5,9.1472,7.0,1,26.19,0.109
3345,S2C,6,6.5528,13.0,2,36.56,0.1623
3345,E2C,4,12.4406,0.0,0,19.26,0.0449
3345,W2C,3,12.1959,0.0,0,19.65,0.0424
3346,N2C,5,8.9918,8.0,1,26.65,0.1119
3346,S2C,6,6.8504,16.0,3,34.98,0.166
3346,E2C,4,12.6596,0.0,0,18.93,0.0417
3346,W2C,3,12.35,0.0,0,19.4,0.0402
3347,N2C,5,8.9578,9.0,1,26.75,0.113
3347,S2C,6,6.5027,19.0,3,36.85,0.173
3347,E2C,3,12.991,0.0,0,18.44,0.0309
3347,W2C,3,12.767,0.0,0,18.77,0.0342
3348,N2C,5,8.7948,10.0,1,27.24,0.116
3348,S2C,6,5.8638,22.0,3,40.86,0.1842
3348,E2C,3,13.3039,0.0,0,18.01,0.0264
3348,W2C,3,12.5199,0.0,0,19.14,0.0377
3349,N2C,6,9.7542,11.0,1,24.56,0.1089
3349,S2C,7,6.187,25.0,3,38.73,0.1876
3349,E2C,3,13.5251,0.0,0,17.72,0.0233
3349,W2C,3,12.6213,0.0,0,18.98,0.0363
3350,N2C,6,8.9307,12.0,1,26.83,0.1214
3350,S2C,7,5.6808,28.0,3,42.18,0.1969
3350,E2C,3,12.8765,0.0,0,18.61,0.0326
3350,W2C,3,12.6603,0.0,0,18.93,0.0357
3351,N2C,6,8.1087,13.0,1,29.55,0.1339
3351,S2C,7,5.5599,31.0,3,43.09,0.2006
3351,E2C,3,13.5606,0.0,0,17.67,0.0227
3351,W2C,3,12.3564,0.0,0,19.39,0.0401
3352,N2C,6,7.3008,14.0,1,32.82,0.1462
3352,S2C,7,5.5368,35.0,4,43.27,0.2096
3352,E2C,3,13.2681,0.0,0,18.06,0.027
3352,W2C,3,12.4084,0.0,0,19.31,0.0393
3353,N2C,6,6.2947,15.0,1,38.06,0.1614
3353,S2C,7,5.2018,39.0,4,46.06,0.2171
3353,E2C,3,13.2091,0.0,0,18.14,0.0278
3353,W2C,3,12.6349,0.0,0,18.96,0.0361
3354,N2C,6,5.4822,17.0,2,43.71,0.1804
3354,S2C,7,4.6945,43.0,4,51.04,0.2271
3354,E2C,3,13.3253,0.0,0,17.98,0.0261
3354,W2C,3,12.4384,0.0,0,19.26,0.0389
3355,N2C,7,6.4124,19.0,2,37.37,0.1743
3355,S2C,8,5.3054,47.0,4,45.16,0.2269
3355,E2C,2,13.0118,0.0,0,18.41,0.0246
3355,W2C,4,12.969,0.0,0,18.47,0.0373
3356,N2C,7,5.7021,22.0,3,42.02,0.1926
3356,S2C,8,4.8941,51.0,4,48.96,0.2355
3356,E2C,3,13.2184,0.0,0,18.13,0.0277
3356,W2C,4,12.6187,0.0,0,18.99,0.0423
3357,N2C,7,5.4405,25.0,3,44.04,0.1983
3357,S2C,8,4.7518,56.0,5,50.42,0.2469
3357,E2C,3,13.2006,0.0,0,18.15,0.0279
3357,W2C,4,12.6147,0.0,0,18.99,0.0424
3358,N2C,7,5.4075,28.0,3,44.31,0.2008
3358,S2C,8,4.9132,61.0,5,48.77,0.2479
3358,E2C,3,13.6232,0.0,0,17.59,0.0218
3358,W2C,3,12.6794,0.0,0,18.9,0.0354
3359,N2C,7,5.2617,32.0,4,45.54,0.2116
3359,S2C,8,4.3112,66.0,5,55.58,0.2599
3359,E2C,3,12.9513,0.0,0,18.5,0.0315
3359,W2C,3,12.6707,0.0,0,18.91,0.0356
3360,N2C,7,5.4402,36.0,4,44.04,0.2117
3360,S2C,8,4.018,71.0,5,59.63,0.2675
3360,E2C,3,13.0779,0.0,0,18.32,0.0297
3360,W2C,3,12.6531,0.0,0,18.94,0.0358
3361,N2C,8,6.5448,40.0,4,36.61,0.2044
3361,S2C,9,4.5793,76.0,5,52.32,0.2687
3361,E2C,3,13.3285,0.0,0,17.98,0.0261
3361,W2C,4,12.7223,0.0,0,18.83,0.0408
3362,N2C,8,6.2184,44.0,4,38.53,0.2118
3362,S2C,9,4.0491,81.0,5,59.17,0.2797
3362,E2C,3,13.1786,0.0,0,18.18,0.0282
3362,W2C,3,12.6739,0.0,0,18.91,0.0355
3363,N2C,8,5.7444,48.0,4,41.71,0.2213
3363,S2C,9,3.9372,87.0,6,60.85,0.2913
3363,E2C,3,12.7008,0.0,0,18.87,0.0351
3363,W2C,3,12.6203,0.0,0,18.99,0.0363
3364,N2C,8,5.3287,52.0,4,44.96,0.2299
3364,S2C,9,4.1124,93.0,6,58.26,0.2928
3364,E2C,3,13.4067,0.0,0,17.87,0.025
3364,W2C,3,12.3947,0.0,0,19.33,0.0395
3365,N2C,8,4.4751,57.0,5,53.54,0.2516
3365,S2C,9,3.9946,99.0,6,59.98,0.2985
3365,E2C,3,13.2178,0.0,0,18.13,0.0277
3365,W2C,3,12.2647,0.0,0,19.54,0.0414
3366,N2C,8,4.1872,62.0,5,57.22,0.259
3366,S2C,9,4.0758,105.0,6,58.79,0.3013
3366,E2C,3,12.6175,0.0,0,18.99,0.0363
3366,W2C,3,11.6063,0.0,0,20.64,0.0509
3367,N2C,7,6.2291,26.0,3,38.46,0.1876
3367,S2C,8,5.719,54.0,4,41.9,0.2257
3367,E2C,4,11.6856,0.0,0,20.5,0.0557
3367,W2C,4,11.4912,0.0,0,20.85,0.0585
3368,N2C,7,6.3687,4.0,1,37.62,0.159
3368,S2C,8,5.4785,18.0,2,43.73,0.1931
3368,E2C,4,10.9504,0.0,0,21.88,0.0663
3368,W2C,4,10.8736,0.0,0,22.04,0.0674
3369,N2C,7,6.966,0.0,0,34.4,0.1417
3369,S2C,8,5.6635,0.0,0,42.31,0.1665
3369,E2C,4,10.1589,0.0,0,23.59,0.0777
3369,W2C,4,9.4471,0.0,0,25.36,0.088
3370,N2C,5,9.0223,0.0,0,26.56,0.1001
3370,S2C,7,6.6791,0.0,0,35.87,0.1458
3370,E2C,4,9.9548,0.0,0,24.07,0.0807
3370,W2C,4,9.3761,1.0,1,25.55,0.0957
3371,N2C,5,9.1791,0.0,0,26.1,0.0978
3371,S2C,6,7.4247,0.0,0,32.27,0.1291
3371,E2C,4,9.9028,1.0,1,24.2,0.0881
3371,W2C,4,9.6868,2.0,1,24.73,0.0919
3372,N2C,4,10.1639,0.0,0,23.57,0.0777
3372,S2C,5,8.1486,0.0,0,29.4,0.1127
3372,E2C,4,9.8171,2.0,1,24.41,0.09
3372,W2C,4,9.1496,3.0,1,26.19,0.1003
3373,N2C,4,12.1442,0.0,0,19.73,0.0491
3373,S2C,5,9.7453,0.0,0,24.59,0.0897
3373,E2C,5,10.2853,3.0,1,23.3,0.0899
3373,W2C,5,8.9133,4.0,1,26.88,0.1103
3374,N2C,4,12.0238,0.0,0,19.93,0.0509
3374,S2C,5,10.7074,0.0,0,22.38,0.0758
3374,E2C,5,9.1324,4.0,1,26.24,0.1072
3374,W2C,5,7.9991,5.0,1,29.95,0.1242
3375,N2C,3,13.1084,0.0,0,18.28,0.0293
3375,S2C,3,12.6386,0.0,0,18.96,0.036
3375,E2C,5,8.5631,5.0,1,27.98,0.116
3375,W2C,5,7.3302,6.0,1,32.69,0.1345
3376,N2C,3,13.0546,0.0,0,18.35,0.03
3376,S2C,3,12.1769,0.0,0,19.68,0.0427
3376,E2C,5,7.4851,6.0,1,32.01,0.1322
3376,W2C,5,7.1326,8.0,2,33.59,0.1446
3377,N2C,3,13.5061,0.0,0,17.74,0.0235
3377,S2C,3,12.5617,0.0,0,19.07,0.0371
3377,E2C,5,7.8085,8.0,2,30.68,0.1349
3377,W2C,5,7.3513,10.0,2,32.59,0.1428
3378,N2C,3,13.4735,0.0,0,17.78,0.024
3378,S2C,3,12.2171,0.0,0,19.61,0.0421
3378,E2C,5,6.8393,10.0,2,35.03,0.1502
3378,W2C,5,7.2042,12.0,2,33.26,0.1463
3379,N2C,3,13.554,0.0,0,17.68,0.0228
3379,S2C,4,12.1303,0.0,0,19.75,0.0493
3379,E2C,6,7.3381,12.0,2,32.65,0.1503
3379,W2C,6,7.8493,14.0,2,30.52,0.1443
3380,N2C,3,13.1498,0.0,0,18.22,0.0287
3380,S2C,4,12.2363,0.0,0,19.58,0.0478
3380,E2C,6,6.4937,14.0,2,36.9,0.1638
3380,W2C,6,7.5466,16.0,2,31.75,0.15
3381,N2C,3,12.879,0.0,0,18.6,0.0326
3381,S2C,4,12.0409,0.0,0,19.9,0.0506
3381,E2C,6,6.3716,17.0,3,37.6,0.1736
3381,W2C,6,7.2062,18.0,2,33.25,0.1562
3382,N2C,3,13.2284,0.0,0,18.11,0.0275
3382,S2C,3,12.7843,0.0,0,18.74,0.0339
3382,E2C,6,6.408,20.0,3,37.39,0.1751
3382,W2C,6,6.0494,20.0,2,39.61,0.1742
3383,N2C,3,13.4056,0.0,0,17.87,0.025
3383,S2C,3,12.3801,0.0,0,19.35,0.0397
3383,E2C,6,6.1557,23.0,3,38.92,0.1807
3383,W2C,6,5.4878,22.0,2,43.66,0.1836
3384,N2C,3,13.3389,0.0,0,17.96,0.0259
3384,S2C,3,12.3254,0.0,0,19.44,0.0405
3384,E2C,6,5.4539,26.0,3,43.93,0.1928
3384,W2C,6,5.3345,24.0,2,44.92,0.1872
3385,N2C,3,13.4092,0.0,0,17.87,0.0249
3385,S2C,4,12.6023,0.0,0,19.01,0.0425
3385,E2C,7,6.0883,29.0,3,39.35,0.1917
3385,W2C,7,5.9852,27.0,3,40.03,0.1918
3386,N2C,3,13.1656,0.0,0,18.2,0.0284
3386,S2C,4,12.7119,0.0,0,18.85,0.041
3386,E2C,7,5.5267,32.0,3,43.35,0.2018
3386,W2C,7,5.4601,30.0,3,43.88,0.2014
3387,N2C,3,13.048,0.0,0,18.36,0.0301
3387,S2C,3,12.3876,0.0,0,19.34,0.0396
3387,E2C,7,5.5579,35.0,3,43.11,0.2033
3387,W2C,7,5.0186,33.0,3,47.74,0.2097
3388,N2C,3,13.4004,0.0,0,17.88,0.0251
3388,S2C,3,12.5895,0.0,0,19.03,0.0367
3388,E2C,7,5.4178,38.0,3,44.22,0.2073
3388,W2C,7,5.1852,37.0,4,46.21,0.216
3389,N2C,3,13.7553,0.0,0,17.42,0.0199
3389,S2C,3,12.7927,0.0,0,18.73,0.0338
3389,E2C,7,5.4795,42.0,4,43.73,0.2151
3389,W2C,7,5.0501,41.0,4,47.44,0.2206
3390,N2C,3,13.1049,0.0,0,18.28,0.0293
3390,S2C,3,12.4534,0.0,0,19.24,0.0387
3390,E2C,7,5.4106,46.0,4,44.28,0.2188
3390,W2C,7,4.8978,45.0,4,48.92,0.2255
3391,N2C,3,13.7204,0.0,0,17.46,0.0204
3391,S2C,4,12.9813,0.0,0,18.46,0.0371
3391,E2C,8,5.7408,50.0,4,41.74,0.2227
3391,W2C,8,6.1327,49.0,4,39.07,0.2164
3392,N2C,3,12.9261,0.0,0,18.54,0.0319
3392,S2C,3,12.4703,0.0,0,19.21,0.0384
3392,E2C,8,5.2129,54.0,4,45.96,0.2329
3392,W2C,8,5.9001,53.0,4,40.61,0.2224
3393,N2C,3,13.3035,0.0,0,18.01,0.0264
3393,S2C,3,12.5385,0.0,0,19.11,0.0375
3393,E2C,8,4.7693,58.0,4,50.24,0.242
3393,W2C,8,5.3838,57.0,4,44.5,0.2325
3394,N2C,3,13.429,0.0,0,17.84,0.0246
3394,S2C,3,12.6233,0.0,0,18.98,0.0362
3394,E2C,8,4.7074,62.0,4,50.9,0.2456
3394,W2C,8,4.7695,61.0,4,50.24,0.244
3395,N2C,3,13.2055,0.0,0,18.14,0.0279
3395,S2C,3,12.8425,0.0,0,18.66,0.0331
3395,E2C,8,4.5891,67.0,5,52.21,0.2566
3395,W2C,8,4.6221,65.0,4,51.84,0.2488
3396,N2C,3,13.5721,0.0,0,17.65,0.0226
3396,S2C,3,12.5733,0.0,0,19.06,0.037
3396,E2C,8,4.4108,72.0,5,54.32,0.2625
3396,W2C,8,4.6501,69.0,4,51.53,0.251
3397,N2C,3,13.652,0.0,0,17.55,0.0214
3397,S2C,4,12.532,0.0,0,19.12,0.0436
3397,E2C,9,5.1597,77.0,5,46.44,0.261
3397,W2C,9,5.5228,74.0,5,43.38,0.2538
3398,N2C,3,13.3268,0.0,0,17.98,0.0261
3398,S2C,4,11.5856,0.0,0,20.68,0.0572
3398,E2C,9,4.376,82.0,5,54.75,0.2757
3398,W2C,9,5.5482,79.0,5,43.18,0.2568
3399,N2C,3,13.1235,0.0,0,18.26,0.029
3399,S2C,4,10.3514,0.0,0,23.15,0.075
3399,E2C,9,4.3414,87.0,5,55.19,0.2795
3399,W2C,9,5.0953,84.0,5,47.02,0.2666
3400,N2C,3,12.7827,0.0,0,18.74,0.0339
3400,S2C,4,9.5053,0.0,0,25.21,0.0871
3400,E2C,7,5.2792,39.0,4,45.39,0.216
3400,W2C,7,5.8127,33.0,3,41.22,0.1983
3401,N2C,3,13.2463,0.0,0,18.09,0.0273
3401,S2C,4,9.1609,1.0,1,26.15,0.0988
3401,E2C,7,5.1629,9.0,2,46.41,0.1857
3401,W2C,7,5.8718,5.0,1,40.8,0.1668
3402,N2C,3,12.4191,0.0,0,19.29,0.0392
3402,S2C,4,8.5994,2.0,1,27.86,0.1075
3402,E2C,7,5.6573,0.0,0,42.35,0.1605
3402,W2C,7,5.9803,0.0,0,40.07,0.1559
3403,N2C,4,11.094,0.0,0,21.6,0.0643
3403,S2C,5,9.0574,3.0,1,26.45,0.1076
3403,E2C,6,7.5961,0.0,0,31.54,0.1266
3403,W2C,6,8.5383,0.0,0,28.06,0.1131
3404,N2C,4,9.6956,0.0,0,24.71,0.0844
3404,S2C,5,8.2534,4.0,1,29.03,0.1198
3404,E2C,6,8.462,0.0,0,28.31,0.1142
3404,W2C,6,8.8943,0.0,0,26.94,0.1079
3405,N2C,4,8.942,0.0,0,26.79,0.0952
3405,S2C,5,7.5233,5.0,1,31.85,0.131
3405,E2C,5,9.5679,0.0,0,25.04,0.0922
3405,W2C,4,11.0379,0.0,0,21.71,0.0651
3406,N2C,4,9.2329,1.0,1,25.95,0.0977
3406,S2C,5,7.1564,6.0,1,33.48,0.137
3406,E2C,4,11.4288,0.0,0,20.96,0.0594
3406,W2C,4,11.2257,0.0,0,21.34,0.0624
3407,N2C,4,9.1064,2.0,1,26.31,0.1002
3407,S2C,5,7.4089,8.0,2,32.34,0.1407
3407,E2C,3,12.339,0.0,0,19.42,0.0403
3407,W2C,4,11.9082,0.0,0,20.12,0.0525
3408,N2C,4,8.7677,3.0,1,27.33,0.1058
3408,S2C,5,6.9032,10.0,2,34.71,0.1493
3408,E2C,3,12.5628,0.0,0,19.07,0.0371
3408,W2C,3,13.2341,0.0,0,18.1,0.0274
3409,N2C,5,8.9064,4.0,1,26.9,0.1104
3409,S2C,6,7.1575,12.0,2,33.48,0.1529
3409,E2C,4,12.178,0.0,0,19.67,0.0487
3409,W2C,3,13.2778,0.0,0,18.05,0.0268
3410,N2C,5,8.2508,5.0,1,29.04,0.1205
3410,S2C,6,6.223,14.0,2,38.5,0.1677
3410,E2C,4,12.394,0.0,0,19.33,0.0455
3410,W2C,3,13.3292,0.0,0,17.98,0.0261
3411,N2C,5,7.4929,6.0,1,31.98,0.1321
3411,S2C,6,5.5547,16.0,2,43.13,0.1787
3411,E2C,4,12.3669,0.0,0,19.37,0.0459
3411,W2C,3,13.2943,0.0,0,18.02,0.0266
3412,N2C,5,7.4629,8.0,2,32.11,0.1399
3412,S2C,6,5.7016,19.0,3,42.02,0.1846
3412,E2C,3,12.6768,0.0,0,18.9,0.0355
3412,W2C,3,13.1999,0.0,0,18.15,0.0279
3413,N2C,5,7.4299,10.0,2,32.25,0.1417
3413,S2C,6,5.7831,22.0,3,41.43,0.1854
3413,E2C,3,12.4848,0.0,0,19.19,0.0382
3413,W2C,3,13.1496,0.0,0,18.22,0.0287
3414,N2C,5,6.6027,12.0,2,36.29,0.1549
3414,S2C,6,5.6718,25.0,3,42.24,0.189
3414,E2C,3,12.1969,0.0,0,19.64,0.0424
3414,W2C,3,13.0342,0.0,0,18.38,0.0303
3415,N2C,6,6.9797,14.0,2,34.33,0.1568
3415,S2C,7,6.5859,28.0,3,36.38,0.1838
3415,E2C,3,12.6664,0.0,0,18.92,0.0356
3415,W2C,4,13.3676,0.0,0,17.92,0.0315
3416,N2C,6,6.3941,16.0,2,37.47,0.1666
3416,S2C,7,6.2359,31.0,3,38.42,0.1909
3416,E2C,3,11.925,0.0,0,20.09,0.0463
3416,W2C,3,12.9479,0.0,0,18.5,0.0316
3417,N2C,6,6.2593,18.0,2,38.28,0.1699
3417,S2C,7,5.8367,34.0,3,41.05,0.1986
3417,E2C,3,12.365,0.0,0,19.38,0.04
3417,W2C,3,13.1864,0.0,0,18.17,0.0281
3418,N2C,6,5.8907,21.0,3,40.67,0.1832
3418,S2C,7,5.0118,37.0,3,47.81,0.2125
3418,E2C,3,12.4928,0.0,0,19.18,0.0381
3418,W2C,3,13.4104,0.0,0,17.87,0.0249
3419,N2C,6,6.0367,24.0,3,39.69,0.1831
3419,S2C,7,5.0601,40.0,3,47.35,0.2138
3419,E2C,3,11.8112,0.0,0,20.29,0.0479
3419,W2C,3,13.2275,0.0,0,18.11,0.0275
3420,N2C,6,5.9303,27.0,3,40.4,0.1866
3420,S2C,7,4.8672,44.0,4,49.23,0.2253
3420,E2C,3,12.2301,0.0,0,19.59,0.0419
3420,W2C,3,12.8244,0.0,0,18.68,0.0333
3421,N2C,7,7.193,30.0,3,33.31,0.1764
3421,S2C,8,6.1213,48.0,4,39.14,0.2159
3421,E2C,3,12.2099,0.0,0,19.62,0.0422
3421,W2C,3,13.6754,0.0,0,17.52,0.0211
3422,N2C,7,7.1198,33.0,3,33.65,0.1795
3422,S2C,8,5.6475,52.0,4,42.43,0.2253
3422,E2C,3,12.3508,0.0,0,19.4,0.0402
3422,W2C,3,12.82,0.0,0,18.69,0.0334
3423,N2C,7,6.7465,36.0,3,35.51,0.1869
3423,S2C,8,4.9597,56.0,4,48.31,0.2379
3423,E2C,3,12.2333,0.0,0,19.59,0.0419
3423,W2C,3,13.3155,0.0,0,17.99,0.0263
3424,N2C,7,6.9566,39.0,3,34.44,0.1858
3424,S2C,8,4.5113,60.0,4,53.11,0.247
3424,E2C,3,12.3089,0.0,0,19.47,0.0408
3424,W2C,3,12.9727,0.0,0,18.47,0.0312
3425,N2C,7,6.4266,42.0,3,37.28,0.1955
3425,S2C,8,4.4346,64.0,4,54.03,0.2508
3425,E2C,3,12.3139,0.0,0,19.46,0.0407
3425,W2C,3,13.127,0.0,0,18.25,0.029
3426,N2C,7,5.1341,45.0,3,46.67,0.2161
3426,S2C,8,4.4851,69.0,5,53.42,0.2594
3426,E2C,3,12.1881,0.0,0,19.66,0.0425
3426,W2C,3,12.8107,0.0,0,18.7,0.0335
3427,N2C,8,5.7358,48.0,3,41.77,0.2154
3427,S2C,9,5.4444,74.0,5,44.01,0.2549
3427,E2C,4,12.5942,0.0,0,19.02,0.0427
3427,W2C,3,13.0868,0.0,0,18.31,0.0296
3428,N2C,8,5.2228,52.0,4,45.88,0.2315
3428,S2C,9,5.112,79.0,5,46.87,0.2631
3428,E2C,4,12.1975,0.0,0,19.64,0.0484
3428,W2C,3,13.3045,0.0,0,18.01,0.0264
3429,N2C,8,4.9828,56.0,4,48.09,0.2376
3429,S2C,9,5.0377,84.0,5,47.56,0.2675
3429,E2C,4,12.1839,0.0,0,19.67,0.0486
3429,W2C,3,13.3754,0.0,0,17.91,0.0254
3430,N2C,8,4.8837,60.0,4,49.06,0.2417
3430,S2C,9,4.411,89.0,5,54.32,0.2798
3430,E2C,3,12.592,0.0,0,19.03,0.0367
3430,W2C,3,12.9547,0.0,0,18.5,0.0315
3431,N2C,8,4.9196,65.0,5,48.7,0.2505
3431,S2C,9,4.1604,94.0,5,57.59,0.2868
3431,E2C,3,12.3126,0.0,0,19.46,0.0407
3431,W2C,3,13.432,0.0,0,17.84,0.0246
3432,N2C,8,4.3149,70.0,5,55.53,0.2625
3432,S2C,9,4.1343,100.0,6,57.95,0.2971
3432,E2C,3,12.1892,0.0,0,19.66,0.0425
3432,W2C,3,13.0636,0.0,0,18.34,0.0299
3433,N2C,7,6.5334,25.0,3,36.67,0.1826
3433,S2C,8,6.3792,46.0,4,37.56,0.2108
3433,E2C,4,12.8633,0.0,0,18.63,0.0388
3433,W2C,4,11.7319,0.0,0,20.42,0.0551
3434,N2C,7,6.3052,7.0,1,38.0,0.1619
3434,S2C,8,6.2156,12.0,2,38.55,0.1785
3434,E2C,4,11.8561,0.0,0,20.21,0.0533
3434,W2C,4,10.8382,0.0,0,22.11,0.0679
3435,N2C,7,6.9617,0.0,0,34.42,0.1418
3435,S2C,8,6.5778,0.0,0,36.43,0.1533
3435,E2C,4,10.9781,0.0,0,21.83,0.0659
3435,W2C,4,9.8628,0.0,0,24.29,0.082
3436,N2C,5,8.9813,0.0,0,26.68,0.1007
3436,S2C,6,7.803,0.0,0,30.71,0.1236
3436,E2C,4,10.6613,0.0,0,22.47,0.0705
3436,W2C,4,9.477,0.0,0,25.28,0.0875
3437,N2C,5,8.9819,0.0,0,26.68,0.1007
3437,S2C,6,8.1783,0.0,0,29.3,0.1182
3437,E2C,4,9.9002,0.0,0,24.2,0.0814
3437,W2C,4,9.4149,0.0,0,25.45,0.0884
3438,N2C,5,9.3911,0.0,0,25.51,0.0948
3438,S2C,5,8.7656,0.0,0,27.33,0.1038
3438,E2C,4,9.1773,1.0,1,26.11,0.0985
3438,W2C,4,8.7227,1.0,1,27.47,0.1051
3439,N2C,4,12.3854,0.0,0,19.35,0.0457
3439,S2C,5,10.7994,0.0,0,22.19,0.0745
3439,E2C,5,9.3241,2.0,1,25.7,0.1031
3439,W2C,5,8.1279,2.0,1,29.48,0.1203
3440,N2C,4,12.0518,0.0,0,19.88,0.0505
3440,S2C,4,11.8203,0.0,0,20.27,0.0538
3440,E2C,5,8.2878,3.0,1,28.91,0.1187
3440,W2C,5,7.7836,3.0,1,30.78,0.1259
3441,N2C,3,12.9632,0.0,0,18.48,0.0313
3441,S2C,3,12.3364,0.0,0,19.42,0.0404
3441,E2C,5,7.7493,4.0,1,30.92,0.1271
3441,W2C,5,7.1393,4.0,1,33.56,0.1359
3442,N2C,3,13.3904,0.0,0,17.89,0.0252
3442,S2C,3,13.1469,0.0,0,18.22,0.0287
3442,E2C,5,7.8185,5.0,1,30.65,0.1268
3442,W2C,5,6.6728,5.0,1,35.91,0.1433
3443,N2C,3,13.1776,0.0,0,18.18,0.0283
3443,S2C,3,13.0275,0.0,0,18.39,0.0304
3443,E2C,5,7.7017,6.0,1,31.11,0.1291
3443,W2C,5,6.6191,7.0,2,36.2,0.1514
3444,N2C,3,13.3332,0.0,0,17.97,0.026
3444,S2C,3,13.0113,0.0,0,18.41,0.0307
3444,E2C,5,7.8373,8.0,2,30.57,0.1345
3444,W2C,5,5.9372,9.0,2,40.36,0.1625
3445,N2C,3,13.4227,0.0,0,17.85,0.0247
3445,S2C,3,12.9636,0.0,0,18.48,0.0313
3445,E2C,6,8.0428,10.0,2,29.79,0.1389
3445,W2C,6,6.4964,11.0,2,36.88,0.1618
3446,N2C,3,13.0937,0.0,0,18.3,0.0295
3446,S2C,3,12.2144,0.0,0,19.62,0.0421
3446,E2C,6,7.4821,12.0,2,32.02,0.1483
3446,W2C,6,5.839,13.0,2,41.03,0.1726
3447,N2C,3,13.0851,0.0,0,18.31,0.0296
3447,S2C,3,12.4901,0.0,0,19.18,0.0382
3447,E2C,6,6.8101,14.0,2,35.18,0.1593
3447,W2C,6,5.7247,15.0,2,41.85,0.1756
3448,N2C,3,13.4114,0.0,0,17.87,0.0249
3448,S2C,3,12.6412,0.0,0,18.95,0.036
3448,E2C,6,6.4997,16.0,2,36.86,0.1651
3448,W2C,6,5.5156,18.0,3,43.44,0.1866
3449,N2C,3,13.7518,0.0,0,17.42,0.02
3449,S2C,3,12.3993,0.0,0,19.32,0.0395
3449,E2C,6,6.5374,19.0,3,36.65,0.1725
3449,W2C,6,5.7895,21.0,3,41.39,0.1846
3450,N2C,3,13.2309,0.0,0,18.11,0.0275
3450,S2C,3,12.5561,0.0,0,19.08,0.0372
3450,E2C,6,5.7349,22.0,3,41.78,0.1861
3450,W2C,6,5.6472,24.0,3,42.43,0.1887
3451,N2C,3,13.5587,0.0,0,17.67,0.0228
3451,S2C,4,13.1632,0.0,0,18.2,0.0345
3451,E2C,7,6.2944,25.0,3,38.07,0.186
3451,W2C,7,6.6328,27.0,3,36.12,0.1825
3452,N2C,3,13.1126,0.0,0,18.27,0.0292
3452,S2C,4,12.6958,0.0,0,18.87,0.0412
3452,E2C,7,5.5489,28.0,3,43.18,0.1988
3452,W2C,7,6.4346,30.0,3,37.24,0.1873
3453,N2C,3,13.1936,0.0,0,18.16,0.028
3453,S2C,3,12.8941,0.0,0,18.58,0.0323
3453,E2C,7,5.4525,32.0,4,43.94,0.2088
3453,W2C,7,6.1444,33.0,3,39.0,0.1935
3454,N2C,3,13.5454,0.0,0,17.69,0.023
3454,S2C,3,13.4307,0.0,0,17.84,0.0246
3454,E2C,7,5.5135,36.0,4,43.46,0.2106
3454,W2C,7,6.1005,36.0,3,39.28,0.1962
3455,N2C,3,13.0237,0.0,0,18.4,0.0305
3455,S2C,3,12.9129,0.0,0,18.56,0.0321
3455,E2C,7,5.2076,40.0,4,46.01,0.2177
3455,W2C,7,5.5785,39.0,3,42.95,0.2057
3456,N2C,3,13.4614,0.0,0,17.8,0.0242
3456,S2C,3,12.7704,0.0,0,18.76,0.0341
3456,E2C,7,4.6614,44.0,4,51.4,0.2282
3456,W2C,7,4.9787,42.0,3,48.12,0.2163
3457,N2C,3,13.5754,0.0,0,17.65,0.0225
3457,S2C,4,12.8054,0.0,0,18.71,0.0396
3457,E2C,8,5.3574,48.0,4,44.72,0.2269
3457,W2C,8,5.9703,46.0,4,40.13,0.2167
3458,N2C,3,13.198,0.0,0,18.15,0.028
3458,S2C,3,12.7474,0.0,0,18.8,0.0345
3458,E2C,8,5.0058,52.0,4,47.86,0.2346
3458,W2C,8,6.1394,50.0,4,39.03,0.2169
3459,N2C,3,13.0007,0.0,0,18.43,0.0308
3459,S2C,3,12.7178,0.0,0,18.84,0.0349
3459,E2C,8,4.8079,57.0,5,49.83,0.2468
3459,W2C,8,6.0314,54.0,4,39.73,0.2212
3460,N2C,3,13.1131,0.0,0,18.27,0.0292
3460,S2C,3,12.8071,0.0,0,18.71,0.0336
3460,E2C,8,4.891,62.0,5,48.99,0.2489
3460,W2C,8,6.0911,58.0,4,39.34,0.223
3461,N2C,3,13.6346,0.0,0,17.57,0.0217
3461,S2C,3,12.4835,0.0,0,19.19,0.0383
3461,E2C,8,4.8656,67.0,5,49.24,0.2526
3461,W2C,8,5.6329,62.0,4,42.54,0.2322
3462,N2C,3,13.2706,0.0,0,18.05,0.0269
3462,S2C,3,13.1749,0.0,0,18.19,0.0283
3462,E2C,8,4.8976,72.0,5,48.92,0.2555
3462,W2C,8,4.5606,66.0,4,52.54,0.2503
3463,N2C,2,13.4133,0.0,0,17.86,0.0189
3463,S2C,3,12.5036,0.0,0,19.16,0.038
3463,E2C,9,5.2484,77.0,5,45.65,0.2598
3463,W2C,9,4.6966,70.0,4,51.02,0.257
3464,N2C,3,13.4352,0.0,0,17.83,0.0245
3464,S2C,3,12.0914,0.0,0,19.82,0.0439
3464,E2C,9,4.7745,82.0,5,50.18,0.2699
3464,W2C,9,4.3054,74.0,4,55.65,0.2653
3465,N2C,3,12.7129,0.0,0,18.85,0.0349
3465,S2C,3,12.0776,0.0,0,19.84,0.0441
3465,E2C,9,4.4918,87.0,5,53.34,0.2773
3465,W2C,9,4.143,80.0,6,57.83,0.2837
3466,N2C,3,13.1708,0.0,0,18.19,0.0284
3466,S2C,3,11.9872,0.0,0,19.99,0.0454
3466,E2C,7,5.6226,41.0,4,42.61,0.2124
3466,W2C,7,5.218,33.0,4,45.92,0.2129
3467,N2C,3,13.3057,0.0,0,18.01,0.0264
3467,S2C,3,11.9353,0.0,0,20.07,0.0461
3467,E2C,7,5.2868,11.0,2,45.32,0.1852
3467,W2C,7,5.7791,6.0,2,41.46,0.1748
3468,N2C,3,12.7457,0.0,0,18.8,0.0345
3468,S2C,3,11.5874,0.0,0,20.68,0.0512
3468,E2C,7,5.5908,0.0,0,42.86,0.1615
3468,W2C,7,6.5471,0.0,0,36.6,0.1477
3469,N2C,4,11.5388,0.0,0,20.76,0.0579
3469,S2C,4,10.6575,0.0,0,22.48,0.0705
3469,E2C,6,7.8277,0.0,0,30.61,0.1233
3469,W2C,6,8.8393,0.0,0,27.11,0.1087
3470,N2C,4,10.7843,0.0,0,22.22,0.0687
3470,S2C,4,9.1003,0.0,0,26.33,0.093
3470,E2C,6,8.655,0.0,0,27.68,0.1114
3470,W2C,6,9.0792,0.0,0,26.39,0.1053
3471,N2C,4,9.9113,0.0,0,24.17,0.0813
3471,S2C,4,8.7716,1.0,1,27.32,0.1044
3471,E2C,5,10.0798,0.0,0,23.77,0.0849
3471,W2C,4,10.7783,0.0,0,22.23,0.0688
3472,N2C,4,9.8804,0.0,0,24.25,0.0817
3472,S2C,4,8.5004,2.0,1,28.19,0.1089
3472,E2C,4,11.5139,0.0,0,20.81,0.0582
3472,W2C,4,10.8678,0.0,0,22.05,0.0675
3473,N2C,4,9.7049,1.0,1,24.69,0.0909
3473,S2C,4,9.7208,3.0,1,24.65,0.092
3473,E2C,3,13.2776,0.0,0,18.05,0.0268
3473,W2C,3,12.6481,0.0,0,18.94,0.0359
3474,N2C,4,9.2567,2.0,1,25.88,0.098
3474,S2C,4,9.6589,4.0,1,24.81,0.0936
3474,E2C,3,13.1225,0.0,0,18.26,0.0291
3474,W2C,3,12.4467,0.0,0,19.25,0.0388
3475,N2C,5,9.4561,3.0,1,25.34,0.1018
3475,S2C,5,9.6045,5.0,1,24.95,0.101
3475,E2C,3,13.4171,0.0,0,17.86,0.0248
3475,W2C,3,12.2336,0.0,0,19.59,0.0419
3476,N2C,5,8.0619,4.0,1,29.72,0.1226
3476,S2C,5,8.994,6.0,1,26.64,0.1105
3476,E2C,3,12.8677,0.0,0,18.62,0.0327
3476,W2C,3,12.0943,0.0,0,19.81,0.0439
3477,N2C,5,7.9357,5.0,1,30.19,0.1251
3477,S2C,5,8.8208,7.0,1,27.16,0.1137
3477,E2C,3,13.5123,0.0,0,17.73,0.0234
3477,W2C,3,12.2624,0.0,0,19.54,0.0414
3478,N2C,5,7.7421,6.0,1,30.95,0.1285
3478,S2C,5,8.3494,8.0,1,28.7,0.1211
3478,E2C,3,13.2624,0.0,0,18.07,0.027
3478,W2C,3,12.0155,0.0,0,19.94,0.045
3479,N2C,5,7.7703,8.0,2,30.84,0.1354
3479,S2C,5,7.5839,9.0,1,31.59,0.1328
3479,E2C,3,13.2613,0.0,0,18.07,0.0271
3479,W2C,3,12.3466,0.0,0,19.41,0.0402
3480,N2C,5,7.8682,10.0,2,30.45,0.1354
3480,S2C,5,7.3086,10.0,1,32.78,0.1374
3480,E2C,3,13.3178,0.0,0,17.99,0.0262
3480,W2C,3,12.5799,0.0,0,19.05,0.0369
3481,N2C,6,8.1801,12.0,2,29.29,0.1382
3481,S2C,6,8.2996,12.0,2,28.87,0.1365
3481,E2C,3,13.0028,0.0,0,18.43,0.0308
3481,W2C,4,12.5591,0.0,0,19.08,0.0432
3482,N2C,6,7.3485,14.0,2,32.61,0.1515
3482,S2C,6,7.7484,14.0,2,30.92,0.1458
3482,E2C,3,13.2036,0.0,0,18.15,0.0279
3482,W2C,4,12.115,0.0,0,19.78,0.0496
3483,N2C,6,6.7302,16.0,2,35.6,0.1618
3483,S2C,6,6.9784,16.0,2,34.33,0.1582
3483,E2C,3,12.7574,0.0,0,18.78,0.0343
3483,W2C,3,12.3963,0.0,0,19.33,0.0395
3484,N2C,6,6.3041,19.0,3,38.01,0.1759
3484,S2C,6,6.2823,18.0,2,38.14,0.1695
3484,E2C,3,13.2625,0.0,0,18.07,0.027
3484,W2C,3,12.4788,0.0,0,19.2,0.0383
3485,N2C,6,6.5717,22.0,3,36.46,0.174
3485,S2C,6,5.9291,20.0,2,40.41,0.176
3485,E2C,3,13.1093,0.0,0,18.28,0.0292
3485,W2C,3,12.02,0.0,0,19.93,0.0449
3486,N2C,6,6.0251,25.0,3,39.77,0.1839
3486,S2C,6,6.0401,23.0,3,39.67,0.1824
3486,E2C,3,12.8942,0.0,0,18.58,0.0323
3486,W2C,3,12.5088,0.0,0,19.15,0.0379
3487,N2C,7,6.346,28.0,3,37.76,0.1873
3487,S2C,7,7.1313,26.0,3,33.6,0.1747
3487,E2C,2,13.2325,0.0,0,18.11,0.0215
3487,W2C,4,12.8711,0.0,0,18.62,0.0387
3488,N2C,7,5.9236,31.0,3,40.45,0.1954
3488,S2C,7,6.9494,29.0,3,34.48,0.1793
3488,E2C,3,12.8048,0.0,0,18.71,0.0336
3488,W2C,4,12.568,0.0,0,19.06,0.043
3489,N2C,7,5.5438,34.0,3,43.22,0.2028
3489,S2C,7,6.3593,32.0,3,37.68,0.1898
3489,E2C,3,13.0263,0.0,0,18.39,0.0304
3489,W2C,3,12.3647,0.0,0,19.38,0.04
3490,N2C,7,5.2214,37.0,3,45.89,0.2095
3490,S2C,7,5.7599,35.0,3,41.6,0.2004
3490,E2C,3,12.7877,0.0,0,18.74,0.0339
3490,W2C,3,12.6948,0.0,0,18.87,0.0352
3491,N2C,7,4.9307,41.0,4,48.59,0.2223
3491,S2C,7,5.3744,39.0,4,44.58,0.2146
3491,E2C,3,12.436,0.0,0,19.27,0.0389
3491,W2C,3,13.0441,0.0,0,18.37,0.0302
3492,N2C,7,4.3404,45.0,4,55.2,0.2335
3492,S2C,7,4.9442,43.0,4,48.46,0.2235
3492,E2C,3,12.5519,0.0,0,19.09,0.0373
3492,W2C,3,12.8737,0.0,0,18.61,0.0326
3493,N2C,8,5.0566,49.0,4,47.38,0.2319
3493,S2C,8,5.2993,47.0,4,45.21,0.227
3493,E2C,3,12.6949,0.0,0,18.87,0.0352
3493,W2C,4,12.9338,0.0,0,18.53,0.0378
3494,N2C,8,4.6237,53.0,4,51.82,0.2408
3494,S2C,8,4.6692,51.0,4,51.32,0.2388
3494,E2C,3,12.5055,0.0,0,19.16,0.0379
3494,W2C,4,12.8076,0.0,0,18.71,0.0396
3495,N2C,8,4.7151,58.0,5,50.82,0.2488
3495,S2C,8,4.5735,55.0,4,52.39,0.2428
3495,E2C,3,12.629,0.0,0,18.97,0.0362
3495,W2C,3,13.1132,0.0,0,18.27,0.0292
3496,N2C,8,4.6307,63.0,5,51.74,0.2533
3496,S2C,8,4.5015,59.0,4,53.23,0.2465
3496,E2C,3,12.7171,0.0,0,18.84,0.0349
3496,W2C,3,13.2601,0.0,0,18.07,0.0271
3497,N2C,8,4.4079,68.0,5,54.36,0.2599
3497,S2C,8,4.4669,64.0,5,53.64,0.2563
3497,E2C,3,12.4697,0.0,0,19.21,0.0385
3497,W2C,3,13.2112,0.0,0,18.14,0.0278
3498,N2C,8,4.5671,73.0,5,52.46,0.2609
3498,S2C,8,4.5259,69.0,5,52.94,0.2588
3498,E2C,3,12.6593,0.0,0,18.93,0.0357
3498,W2C,3,12.4297,0.0,0,19.28,0.039
3499,N2C,7,6.4244,30.0,3,37.3,0.1875
3499,S2C,7,6.7009,26.0,3,35.76,0.1808
3499,E2C,4,12.5562,0.0,0,19.08,0.0432
3499,W2C,4,11.6479,0.0,0,20.57,0.0563
3500,N2C,7,6.0308,6.0,1,39.73,0.1652
3500,S2C,7,6.2387,4.0,1,38.41,0.1608
3500,E2C,4,11.2032,0.0,0,21.39,0.0627
3500,W2C,4,10.8744,0.0,0,22.03,0.0674
3501,N2C,7,6.34,0.0,0,37.79,0.1507
3501,S2C,7,6.599,0.0,0,36.31,0.147
3501,E2C,4,10.2064,0.0,0,23.48,0.077
3501,W2C,4,9.6631,0.0,0,24.8,0.0849
3502,N2C,6,7.6895,0.0,0,31.16,0.1253
3502,S2C,5,8.5242,0.0,0,28.11,0.1073
3502,E2C,4,9.6313,0.0,0,24.88,0.0853
3502,W2C,4,9.797,1.0,1,24.46,0.0896
3503,N2C,5,9.0528,0.0,0,26.47,0.0997
3503,S2C,5,9.089,0.0,0,26.36,0.0991
3503,E2C,4,9.6792,1.0,1,24.75,0.0913
3503,W2C,4,9.692,2.0,1,24.72,0.0918
3504,N2C,4,10.1633,0.0,0,23.57,0.0777
3504,S2C,5,9.2409,0.0,0,25.93,0.0969
3504,E2C,4,9.7623,2.0,1,24.54,0.0908
3504,W2C,4,9.0775,3.0,1,26.39,0.1013
3505,N2C,4,12.1805,0.0,0,19.67,0.0486
3505,S2C,4,11.8316,0.0,0,20.25,0.0536
3505,E2C,5,10.4247,3.0,1,22.98,0.0879
3505,W2C,5,9.0855,4.0,1,26.37,0.1078
3506,N2C,4,12.1259,0.0,0,19.76,0.0494
3506,S2C,4,11.7985,0.0,0,20.31,0.0541
3506,E2C,5,10.0835,4.0,1,23.76,0.0935
3506,W2C,5,8.1709,5.0,1,29.32,0.1217
3507,N2C,4,11.9701,0.0,0,20.02,0.0516
3507,S2C,3,12.505,0.0,0,19.16,0.0379
3507,E2C,5,9.9166,5.0,1,24.16,0.0965
3507,W2C,5,7.8549,7.0,2,30.5,0.1336
3508,N2C,3,12.995,0.0,0,18.44,0.0309
3508,S2C,3,12.3615,0.0,0,19.38,0.04
3508,E2C,5,8.9744,6.0,1,26.7,0.1108
3508,W2C,5,7.6015,9.0,2,31.52,0.1385
3509,N2C,3,12.7148,0.0,0,18.84,0.0349
3509,S2C,3,12.6967,0.0,0,18.87,0.0352
3509,E2C,5,8.0813,7.0,1,29.65,0.1243
3509,W2C,5,7.7329,11.0,2,30.98,0.138
3510,N2C,3,12.6292,0.0,0,18.97,0.0362
3510,S2C,3,12.6018,0.0,0,19.01,0.0365
3510,E2C,5,6.9328,8.0,1,34.56,0.1415
3510,W2C,5,7.5014,13.0,2,31.94,0.1427
3511,N2C,4,12.5338,0.0,0,19.12,0.0435
3511,S2C,4,12.82,0.0,0,18.69,0.0394
3511,E2C,6,7.4956,10.0,2,31.97,0.1467
3511,W2C,6,7.511,15.0,2,31.9,0.1499
3512,N2C,3,12.7256,0.0,0,18.83,0.0348
3512,S2C,4,12.4524,0.0,0,19.24,0.0447
3512,E2C,6,6.7631,12.0,2,35.43,0.1586
3512,W2C,6,6.7461,17.0,2,35.52,0.1622
3513,N2C,3,12.7014,0.0,0,18.86,0.0351
3513,S2C,4,12.4456,0.0,0,19.25,0.0448
3513,E2C,6,6.4316,14.0,2,37.25,0.1647
3513,W2C,6,6.2016,19.0,2,38.63,0.1714
3514,N2C,3,12.6603,0.0,0,18.93,0.0357
3514,S2C,3,13.0667,0.0,0,18.34,0.0299
3514,E2C,6,6.6201,17.0,3,36.19,0.17
3514,W2C,6,6.2078,22.0,3,38.6,0.1793
3515,N2C,3,12.2375,0.0,0,19.58,0.0418
3515,S2C,3,13.1469,0.0,0,18.22,0.0287
3515,E2C,6,6.5684,20.0,3,36.48,0.1728
3515,W2C,6,6.079,25.0,3,39.41,0.1831
3516,N2C,3,12.4297,0.0,0,19.28,0.039
3516,S2C,3,13.2049,0.0,0,18.14,0.0279
3516,E2C,6,6.2003,23.0,3,38.64,0.1801
3516,W2C,6,6.0981,28.0,3,39.29,0.1849
3517,N2C,4,12.8081,0.0,0,18.71,0.0396
3517,S2C,3,13.492,0.0,0,17.76,0.0237
3517,E2C,7,6.459,26.0,3,37.1,0.1843
3517,W2C,7,6.6408,31.0,3,36.08,0.185
3518,N2C,4,12.9285,0.0,0,18.53,0.0378
3518,S2C,3,13.1474,0.0,0,18.22,0.0287
3518,E2C,7,5.7661,29.0,3,41.55,0.1963
3518,W2C,7,6.0453,34.0,3,39.63,0.1956
3519,N2C,4,12.6129,0.0,0,19.0,0.0424
3519,S2C,3,13.2226,0.0,0,18.12,0.0276
3519,E2C,7,5.6663,32.0,3,42.29,0.1997
3519,W2C,7,5.369,38.0,4,44.63,0.214
3520,N2C,3,13.0801,0.0,0,18.32,0.0297
3520,S2C,3,12.93,0.0,0,18.53,0.0318
3520,E2C,7,5.61,35.0,3,42.71,0.2026
3520,W2C,7,5.3204,42.0,4,45.03,0.2174
3521,N2C,3,12.9178,0.0,0,18.55,0.032
3521,S2C,3,12.9057,0.0,0,18.57,0.0322
3521,E2C,7,5.3543,39.0,4,44.75,0.2149
3521,W2C,7,5.3042,46.0,4,45.17,0.2203
3522,N2C,3,13.5037,0.0,0,17.74,0.0236
3522,S2C,3,12.761,0.0,0,18.78,0.0343
3522,E2C,7,4.9787,43.0,4,48.13,0.223
3522,W2C,7,4.8306,50.0,4,49.6,0.2298
3523,N2C,3,13.6766,0.0,0,17.52,0.0211
3523,S2C,4,13.2464,0.0,0,18.09,0.0333
3523,E2C,8,5.3972,47.0,4,44.39,0.2256
3523,W2C,8,5.5084,54.0,4,43.5,0.2287
3524,N2C,3,12.832,0.0,0,18.67,0.0332
3524,S2C,3,12.766,0.0,0,18.77,0.0342
3524,E2C,8,4.8791,51.0,4,49.11,0.2357
3524,W2C,8,4.9471,58.0,4,48.43,0.2394
3525,N2C,3,13.1649,0.0,0,18.2,0.0284
3525,S2C,3,13.2895,0.0,0,18.03,0.0266
3525,E2C,8,4.7704,55.0,4,50.23,0.24
3525,W2C,8,4.7602,62.0,4,50.33,0.2448
3526,N2C,3,13.2619,0.0,0,18.07,0.027
3526,S2C,3,13.1695,0.0,0,18.19,0.0284
3526,E2C,8,4.7821,60.0,5,50.1,0.2491
3526,W2C,8,4.8438,67.0,5,49.47,0.2529
3527,N2C,3,13.163,0.0,0,18.2,0.0285
3527,S2C,3,13.4114,0.0,0,17.87,0.0249
3527,E2C,8,4.5116,65.0,5,53.11,0.2564
3527,W2C,8,4.7648,72.0,5,50.29,0.2574
3528,N2C,3,12.9273,0.0,0,18.53,0.0319
3528,S2C,3,12.8833,0.0,0,18.6,0.0325
3528,E2C,8,4.0577,70.0,5,59.05,0.2662
3528,W2C,8,4.8457,77.0,5,49.45,0.2596
3529,N2C,3,13.0325,0.0,0,18.38,0.0303
3529,S2C,3,13.4388,0.0,0,17.83,0.0245
3529,E2C,9,4.6405,75.0,5,51.63,0.2672
3529,W2C,9,5.5499,82.0,5,43.17,0.2588
3530,N2C,3,13.417,0.0,0,17.86,0.0248
3530,S2C,3,13.5518,0.0,0,17.68,0.0229
3530,E2C,9,4.2123,80.0,5,56.88,0.2767
3530,W2C,9,4.8802,87.0,5,49.1,0.2717
3531,N2C,3,12.9885,0.0,0,18.45,0.031
3531,S2C,3,13.0919,0.0,0,18.3,0.0295
3531,E2C,9,4.3438,85.0,5,55.16,0.2781
3531,W2C,9,4.2832,92.0,5,55.94,0.2837
3532,N2C,3,13.1845,0.0,0,18.17,0.0282
3532,S2C,3,12.9162,0.0,0,18.55,0.032
3532,E2C,7,5.4311,39.0,4,44.12,0.2138
3532,W2C,7,5.5496,40.0,3,43.17,0.2068
3533,N2C,3,13.279,0.0,0,18.04,0.0268
3533,S2C,3,13.2437,0.0,0,18.09,0.0273
3533,E2C,7,5.4807,10.0,2,43.72,0.1818
3533,W2C,7,5.1606,9.0,2,46.43,0.1857
3534,N2C,3,12.9109,0.0,0,18.56,0.0321
3534,S2C,3,12.6685,0.0,0,18.91,0.0356
3534,E2C,7,5.6876,0.0,0,42.13,0.1601
3534,W2C,7,5.4993,0.0,0,43.57,0.1628
3535,N2C,4,11.1505,0.0,0,21.49,0.0634
3535,S2C,4,12.3292,0.0,0,19.43,0.0465
3535,E2C,7,7.5103,0.0,0,31.9,0.1339
3535,W2C,6,7.6869,0.0,0,31.17,0.1253
3536,N2C,4,10.3671,0.0,0,23.11,0.0747
3536,S2C,4,11.0291,0.0,0,21.72,0.0652
3536,E2C,6,8.4435,0.0,0,28.38,0.1144
3536,W2C,6,8.1393,0.0,0,29.44,0.1188
3537,N2C,4,9.5705,0.0,0,25.04,0.0862
3537,S2C,4,10.1399,0.0,0,23.63,0.078
3537,E2C,5,9.6186,0.0,0,24.91,0.0915
3537,W2C,5,9.8134,0.0,0,24.42,0.0887
3538,N2C,4,9.1978,1.0,1,26.05,0.0982
3538,S2C,4,9.9927,0.0,0,23.98,0.0801
3538,E2C,4,10.8178,0.0,0,22.15,0.0682
3538,W2C,4,10.877,0.0,0,22.03,0.0674
3539,N2C,4,9.1518,2.0,1,26.18,0.0996
3539,S2C,4,10.1715,1.0,1,23.56,0.0842
3539,E2C,3,12.4297,0.0,0,19.28,0.039
3539,W2C,4,11.4427,0.0,0,20.94,0.0592
3540,N2C,4,8.9824,3.0,1,26.67,0.1027
3540,S2C,4,9.5948,2.0,1,24.97,0.0932
3540,E2C,3,12.2049,0.0,0,19.63,0.0423
3540,W2C,3,12.9345,0.0,0,18.52,0.0318
3541,N2C,5,9.2532,4.0,1,25.89,0.1054
3541,S2C,5,9.7523,3.0,1,24.57,0.0976
3541,E2C,4,13.1086,0.0,0,18.28,0.0353
3541,W2C,3,12.8268,0.0,0,18.68,0.0333
3542,N2C,5,7.9512,5.0,1,30.13,0.1248
3542,S2C,5,8.4445,4.0,1,28.37,0.1171
3542,E2C,4,12.7518,0.0,0,18.79,0.0404
3542,W2C,3,12.9963,0.0,0,18.44,0.0309
3543,N2C,5,7.3518,7.0,2,32.59,0.1408
3543,S2C,5,8.1257,5.0,1,29.49,0.1223
3543,E2C,3,12.612,0.0,0,19.0,0.0364
3543,W2C,3,12.4181,0.0,0,19.29,0.0392
3544,N2C,5,7.6081,9.0,2,31.49,0.1385
3544,S2C,5,7.9094,7.0,2,30.29,0.1328
3544,E2C,3,12.7309,0.0,0,18.82,0.0347
3544,W2C,3,12.5793,0.0,0,19.05,0.0369
3545,N2C,5,7.3129,11.0,2,32.76,0.144
3545,S2C,5,7.7663,9.0,2,30.85,0.1362
3545,E2C,3,12.668,0.0,0,18.91,0.0356
3545,W2C,3,12.5699,0.0,0,19.06,0.037
3546,N2C,5,6.5699,13.0,2,36.47,0.1561
3546,S2C,5,7.1653,11.0,2,33.44,0.1462
3546,E2C,3,13.1032,0.0,0,18.29,0.0293
3546,W2C,3,12.4049,0.0,0,19.31,0.0394
3547,N2C,6,7.1038,15.0,2,33.73,0.1557
3547,S2C,6,7.3087,13.0,2,32.78,0.1514
3547,E2C,3,12.6819,0.0,0,18.89,0.0354
3547,W2C,4,13.1003,0.0,0,18.29,0.0354
3548,N2C,6,6.1964,17.0,2,38.67,0.1701
3548,S2C,6,6.6521,15.0,2,36.02,0.1622
3548,E2C,3,12.9695,0.0,0,18.47,0.0313
3548,W2C,4,12.5448,0.0,0,19.1,0.0434
3549,N2C,6,6.4616,19.0,2,37.08,0.1676
3549,S2C,6,6.6929,18.0,3,35.8,0.1696
3549,E2C,3,12.9579,0.0,0,18.49,0.0314
3549,W2C,4,12.9383,0.0,0,18.52,0.0377
3550,N2C,6,6.2246,21.0,2,38.49,0.1724
3550,S2C,6,6.3227,21.0,3,37.9,0.177
3550,E2C,3,12.5169,0.0,0,19.14,0.0378
3550,W2C,3,13.2124,0.0,0,18.13,0.0278
3551,N2C,6,6.1551,24.0,3,38.93,0.1814
3551,S2C,6,6.3923,24.0,3,37.48,0.178
3551,E2C,3,12.746,0.0,0,18.8,0.0345
3551,W2C,3,13.4228,0.0,0,17.85,0.0247
3552,N2C,6,6.2541,27.0,3,38.31,0.1819
3552,S2C,6,5.6565,27.0,3,42.36,0.1906
3552,E2C,3,12.6719,0.0,0,18.91,0.0355
3552,W2C,3,13.6937,0.0,0,17.5,0.0208
3553,N2C,7,7.1772,30.0,3,33.38,0.1767
3553,S2C,7,5.9561,30.0,3,40.23,0.1942
3553,E2C,4,13.2673,0.0,0,18.06,0.033
3553,W2C,3,12.9828,0.0,0,18.46,0.0311
3554,N2C,7,7.1166,33.0,3,33.67,0.1795
3554,S2C,7,5.5297,33.0,3,43.33,0.2024
3554,E2C,4,12.9472,0.0,0,18.51,0.0376
3554,W2C,3,13.3211,0.0,0,17.99,0.0262
3555,N2C,7,6.8536,36.0,3,34.96,0.1853
3555,S2C,7,5.4192,36.0,3,44.21,0.206
3555,E2C,3,13.3225,0.0,0,17.98,0.0262
3555,W2C,3,12.5356,0.0,0,19.11,0.0375
3556,N2C,7,6.1822,39.0,3,38.76,0.197
3556,S2C,7,5.3494,40.0,4,44.79,0.2156
3556,E2C,3,13.1401,0.0,0,18.23,0.0288
3556,W2C,3,13.1455,0.0,0,18.23,0.0287
3557,N2C,7,6.0514,42.0,3,39.59,0.2009
3557,S2C,7,5.0186,44.0,4,47.74,0.2231
3557,E2C,3,12.9275,0.0,0,18.53,0.0319
3557,W2C,3,13.0043,0.0,0,18.42,0.0308
3558,N2C,7,4.9582,45.0,3,48.32,0.2186
3558,S2C,7,4.551,48.0,4,52.65,0.2325
3558,E2C,3,13.1681,0.0,0,18.2,0.0284
3558,W2C,3,12.6342,0.0,0,18.96,0.0361
3559,N2C,8,5.49,48.0,3,43.64,0.219
3559,S2C,8,4.9322,52.0,4,48.58,0.2356
3559,E2C,3,13.1242,0.0,0,18.26,0.029
3559,W2C,3,13.2668,0.0,0,18.06,0.027
3560,N2C,8,4.8249,51.0,3,49.66,0.2305
3560,S2C,8,4.7264,57.0,5,50.69,0.2479
3560,E2C,3,13.2531,0.0,0,18.08,0.0272
3560,W2C,3,12.622,0.0,0,18.98,0.0363
3561,N2C,8,4.7311,55.0,4,50.64,0.2405
3561,S2C,8,4.5783,62.0,5,52.33,0.2534
3561,E2C,3,13.1635,0.0,0,18.2,0.0285
3561,W2C,3,12.9685,0.0,0,18.48,0.0313
3562,N2C,8,4.7847,60.0,5,50.08,0.2491
3562,S2C,8,4.6413,67.0,5,51.62,0.2558
3562,E2C,3,12.8523,0.0,0,18.64,0.0329
3562,W2C,3,12.6922,0.0,0,18.88,0.0352
3563,N2C,8,4.4546,65.0,5,53.79,0.2572
3563,S2C,8,4.6872,72.0,5,51.12,0.2585
3563,E2C,3,13.433,0.0,0,17.84,0.0246
3563,W2C,3,12.6823,0.0,0,18.89,0.0354
3564,N2C,8,3.9831,70.0,5,60.15,0.2673
3564,S2C,8,4.4236,77.0,5,54.16,0.2656
3564,E2C,3,12.6121,0.0,0,19.0,0.0364
3564,W2C,3,12.6022,0.0,0,19.01,0.0365
3565,N2C,7,5.9269,24.0,3,40.43,0.1907
3565,S2C,7,6.41,33.0,3,37.38,0.1897
3565,E2C,4,11.8682,0.0,0,20.19,0.0531
3565,W2C,4,11.5453,0.0,0,20.75,0.0578
3566,N2C,7,5.7755,5.0,1,41.49,0.1682
3566,S2C,7,6.1026,7.0,1,39.26,0.1648
3566,E2C,4,10.556,0.0,0,22.7,0.072
3566,W2C,4,10.3146,0.0,0,23.23,0.0755
3567,N2C,7,6.7147,0.0,0,35.68,0.1453
3567,S2C,7,6.9562,0.0,0,34.44,0.1418
3567,E2C,4,10.212,0.0,0,23.46,0.077
3567,W2C,4,9.9785,0.0,0,24.01,0.0803
3568,N2C,6,8.01,0.0,0,29.91,0.1207
3568,S2C,5,8.8915,0.0,0,26.95,0.102
3568,E2C,4,9.9733,1.0,1,24.02,0.0871
3568,W2C,4,9.5879,0.0,0,24.99,0.0859
3569,N2C,5,8.978,0.0,0,26.69,0.1007
3569,S2C,5,9.8695,0.0,0,24.28,0.0879
3569,E2C,4,9.9192,2.0,1,24.16,0.0885
3569,W2C,4,9.7819,1.0,1,24.49,0.0898
3570,N2C,5,9.8726,0.0,0,24.27,0.0878
3570,S2C,3,12.4424,0.0,0,19.26,0.0388
3570,E2C,4,9.5393,3.0,1,25.12,0.0946
3570,W2C,4,9.5089,2.0,1,25.2,0.0944
3571,N2C,4,12.3087,0.0,0,19.47,0.0468
3571,S2C,4,12.7196,0.0,0,18.84,0.0409
3571,E2C,5,9.4795,4.0,1,25.28,0.1022
3571,W2C,5,9.9374,3.0,1,24.11,0.0949
3572,N2C,4,12.7704,0.0,0,18.76,0.0401
3572,S2C,4,12.9251,0.0,0,18.54,0.0379
3572,E2C,5,8.4884,5.0,1,28.23,0.1171
3572,W2C,5,9.5707,4.0,1,25.03,0.1009
3573,N2C,3,13.28,0.0,0,18.04,0.0268
3573,S2C,4,12.8836,0.0,0,18.6,0.0385
3573,E2C,5,8.1525,6.0,1,29.39,0.1226
3573,W2C,5,9.1186,5.0,1,26.28,0.108
3574,N2C,3,12.9271,0.0,0,18.53,0.0319
3574,S2C,3,13.0077,0.0,0,18.42,0.0307
3574,E2C,5,8.0661,7.0,1,29.7,0.1245
3574,W2C,5,7.8934,6.0,1,30.35,0.1263
3575,N2C,3,13.464,0.0,0,17.8,0.0241
3575,S2C,3,13.1548,0.0,0,18.21,0.0286
3575,E2C,5,7.9308,9.0,2,30.21,0.1338
3575,W2C,5,7.7425,7.0,1,30.95,0.1292
3576,N2C,3,12.6864,0.0,0,18.89,0.0353
3576,S2C,3,13.1391,0.0,0,18.24,0.0288
3576,E2C,5,7.2573,11.0,2,33.02,0.1448
3576,W2C,5,6.9874,8.0,1,34.29,0.1407
3577,N2C,4,13.1754,0.0,0,18.19,0.0343
3577,S2C,3,13.6758,0.0,0,17.52,0.0211
3577,E2C,6,7.6981,13.0,2,31.12,0.1458
3577,W2C,6,7.4963,10.0,2,31.96,0.1467
3578,N2C,3,13.075,0.0,0,18.33,0.0297
3578,S2C,3,12.925,0.0,0,18.54,0.0319
3578,E2C,6,6.9159,15.0,2,34.64,0.1584
3578,W2C,6,6.9148,12.0,2,34.65,0.1564
3579,N2C,3,12.9896,0.0,0,18.45,0.031
3579,S2C,3,13.1753,0.0,0,18.19,0.0283
3579,E2C,6,6.842,18.0,3,35.02,0.1675
3579,W2C,6,6.4105,14.0,2,37.38,0.165
3580,N2C,3,12.7859,0.0,0,18.74,0.0339
3580,S2C,3,13.4403,0.0,0,17.83,0.0245
3580,E2C,6,6.7417,21.0,3,35.54,0.1709
3580,W2C,6,6.5069,16.0,2,36.82,0.165
3581,N2C,3,12.9711,0.0,0,18.47,0.0312
3581,S2C,3,13.2478,0.0,0,18.09,0.0272
3581,E2C,6,6.3706,24.0,3,37.61,0.1783
3581,W2C,6,6.2797,18.0,2,38.15,0.1696
3582,N2C,3,12.7348,0.0,0,18.81,0.0346
3582,S2C,3,13.4366,0.0,0,17.83,0.0245
3582,E2C,6,5.8314,27.0,3,41.09,0.188
3582,W2C,6,5.705,21.0,3,42.0,0.1859
3583,N2C,3,13.3408,0.0,0,17.96,0.0259
3583,S2C,3,13.2411,0.0,0,18.1,0.0273
3583,E2C,7,6.1595,30.0,3,38.9,0.1913
3583,W2C,7,6.0563,24.0,3,39.56,0.1888
3584,N2C,3,13.2054,0.0,0,18.14,0.0279
3584,S2C,3,13.3527,0.0,0,17.94,0.0257
3584,E2C,7,5.5015,33.0,3,43.55,0.2028
3584,W2C,7,5.5304,27.0,3,43.32,0.1984
3585,N2C,3,12.8364,0.0,0,18.67,0.0332
3585,S2C,3,13.0606,0.0,0,18.35,0.0299
3585,E2C,7,5.5897,37.0,4,42.86,0.2102
3585,W2C,7,5.4213,30.0,3,44.2,0.2019
3586,N2C,3,12.9934,0.0,0,18.44,0.0309
3586,S2C,3,13.0662,0.0,0,18.34,0.0299
3586,E2C,7,5.41,41.0,4,44.29,0.2154
3586,W2C,7,5.3457,34.0,4,44.82,0.2117
3587,N2C,3,12.992,0.0,0,18.44,0.0309
3587,S2C,3,13.0153,0.0,0,18.41,0.0306
3587,E2C,7,5.1107,45.0,4,46.88,0.2224
3587,W2C,7,5.3465,38.0,4,44.81,0.2143
3588,N2C,3,13.1336,0.0,0,18.24,0.0289
3588,S2C,3,13.3053,0.0,0,18.01,0.0264
3588,E2C,7,4.5093,49.0,4,53.13,0.2337
3588,W2C,7,5.3284,42.0,4,44.97,0.2173
3589,N2C,3,13.1537,0.0,0,18.22,0.0286
3589,S2C,3,13.075,0.0,0,18.33,0.0297
3589,E2C,8,5.0877,53.0,4,47.09,0.2341
3589,W2C,8,5.7803,46.0,4,41.45,0.2194
3590,N2C,3,12.9483,0.0,0,18.5,0.0316
3590,S2C,3,12.8968,0.0,0,18.58,0.0323
3590,E2C,8,4.9154,57.0,4,48.74,0.2392
3590,W2C,8,5.1712,50.0,4,46.33,0.2309
3591,N2C,3,13.3386,0.0,0,17.96,0.0259
3591,S2C,3,12.9307,0.0,0,18.53,0.0318
3591,E2C,8,4.7304,61.0,4,50.65,0.2446
3591,W2C,8,4.924,54.0,4,48.66,0.2371
3592,N2C,3,13.2198,0.0,0,18.12,0.0276
3592,S2C,3,13.29,0.0,0,18.03,0.0266
3592,E2C,8,4.664,66.0,5,51.37,0.2548
3592,W2C,8,4.823,59.0,5,49.68,0.2479
3593,N2C,3,12.9494,0.0,0,18.5,0.0315
3593,S2C,3,13.0187,0.0,0,18.4,0.0305
3593,E2C,8,4.5438,71.0,5,52.73,0.2599
3593,W2C,8,4.6875,64.0,5,51.11,0.2532
3594,N2C,3,12.9591,0.0,0,18.49,0.0314
3594,S2C,3,12.9174,0.0,0,18.55,0.032
3594,E2C,8,3.9827,76.0,5,60.16,0.2713
3594,W2C,8,4.131,69.0,5,58.0,0.2645
3595,N2C,4,13.1039,0.0,0,18.28,0.0353
3595,S2C,3,13.051,0.0,0,18.36,0.0301
3595,E2C,9,4.6534,81.0,5,51.49,0.271
3595,W2C,9,4.751,74.0,5,50.43,0.2649
3596,N2C,4,11.7651,0.0,0,20.37,0.0546
3596,S2C,3,13.0206,0.0,0,18.4,0.0305
3596,E2C,9,4.2284,86.0,5,56.66,0.2804
3596,W2C,9,4.2189,79.0,5,56.79,0.2759
3597,N2C,4,10.4251,0.0,0,22.98,0.0739
3597,S2C,3,13.1655,0.0,0,18.2,0.0284
3597,E2C,9,4.1645,92.0,6,57.53,0.2914
3597,W2C,9,4.3212,85.0,6,55.45,0.2844
3598,N2C,4,9.4965,1.0,1,25.23,0.0939
3598,S2C,3,13.1508,0.0,0,18.22,0.0286
3598,E2C,7,5.4522,43.0,4,43.95,0.2162
3598,W2C,7,5.2492,39.0,4,45.64,0.2164
3599,N2C,4,9.9102,2.0,1,24.18,0.0886
3599,S2C,3,12.8196,0.0,0,18.69,0.0334
3599,E2C,7,5.9216,11.0,2,40.46,0.1761
3599,W2C,7,5.916,11.0,2,40.5,0.1761
3600,N2C,4,9.1318,3.0,1,26.24,0.1005
3600,S2C,3,12.8621,0.0,0,18.63,0.0328
3600,E2C,7,7.1601,0.0,0,33.46,0.1389
3600,W2C,7,6.0437,0.0,0,39.64,0.155
